seconds,x,y,z,state
8.576,-7.300,0.100,-10.500,idle|wait=2.05|panic=0.00|target=1|speed=0.00|near=False|yaw=280.0|peeing=False|peeCooldown=135.3|aerial=False|glide=False|legs=0|activity=Investigate|site=1|visits=1
8.583,-7.300,0.100,-10.500,idle|wait=2.05|panic=0.00|target=1|speed=0.00|near=False|yaw=279.5|peeing=False|peeCooldown=135.3|aerial=False|glide=False|legs=0|activity=Investigate|site=1|visits=1
8.617,-7.300,0.100,-10.500,idle|wait=2.05|panic=0.00|target=1|speed=0.00|near=False|yaw=277.3|peeing=False|peeCooldown=135.2|aerial=False|glide=False|legs=0|activity=Investigate|site=1|visits=1
8.623,-7.300,0.100,-10.500,idle|wait=2.05|panic=0.00|target=1|speed=0.00|near=False|yaw=276.9|peeing=False|peeCooldown=135.2|aerial=False|glide=False|legs=0|activity=Investigate|site=1|visits=1
8.627,-7.300,0.100,-10.500,idle|wait=2.05|panic=0.00|target=1|speed=0.00|near=False|yaw=276.7|peeing=False|peeCooldown=135.2|aerial=False|glide=False|legs=0|activity=Investigate|site=1|visits=1
8.629,-7.300,0.100,-10.500,idle|wait=2.05|panic=0.00|target=1|speed=0.00|near=False|yaw=276.5|peeing=False|peeCooldown=135.2|aerial=False|glide=False|legs=0|activity=Investigate|site=1|visits=1
8.631,-7.300,0.100,-10.500,idle|wait=2.05|panic=0.00|target=1|speed=0.00|near=False|yaw=276.4|peeing=False|peeCooldown=135.2|aerial=False|glide=False|legs=0|activity=Investigate|site=1|visits=1
8.634,-7.300,0.100,-10.500,idle|wait=2.05|panic=0.00|target=1|speed=0.00|near=False|yaw=276.2|peeing=False|peeCooldown=135.2|aerial=False|glide=False|legs=0|activity=Investigate|site=1|visits=1
8.659,-7.300,0.100,-10.500,idle|wait=2.05|panic=0.00|target=1|speed=0.00|near=False|yaw=274.6|peeing=False|peeCooldown=135.2|aerial=False|glide=False|legs=0|activity=Investigate|site=1|visits=1
8.663,-7.300,0.100,-10.500,idle|wait=2.05|panic=0.00|target=1|speed=0.00|near=False|yaw=274.3|peeing=False|peeCooldown=135.2|aerial=False|glide=False|legs=0|activity=Investigate|site=1|visits=1
8.666,-7.300,0.100,-10.500,idle|wait=2.05|panic=0.00|target=1|speed=0.00|near=False|yaw=274.1|peeing=False|peeCooldown=135.2|aerial=False|glide=False|legs=0|activity=Investigate|site=1|visits=1
8.669,-7.300,0.100,-10.500,idle|wait=2.05|panic=0.00|target=1|speed=0.00|near=False|yaw=274.0|peeing=False|peeCooldown=135.2|aerial=False|glide=False|legs=0|activity=Investigate|site=1|visits=1
8.673,-7.300,0.100,-10.500,idle|wait=2.05|panic=0.00|target=1|speed=0.00|near=False|yaw=273.7|peeing=False|peeCooldown=135.2|aerial=False|glide=False|legs=0|activity=Investigate|site=1|visits=1
8.679,-7.300,0.100,-10.500,idle|wait=2.05|panic=0.00|target=1|speed=0.00|near=False|yaw=273.3|peeing=False|peeCooldown=135.2|aerial=False|glide=False|legs=0|activity=Investigate|site=1|visits=1
8.682,-7.300,0.100,-10.500,idle|wait=2.05|panic=0.00|target=1|speed=0.00|near=False|yaw=273.1|peeing=False|peeCooldown=135.2|aerial=False|glide=False|legs=0|activity=Investigate|site=1|visits=1
8.686,-7.300,0.100,-10.500,idle|wait=2.05|panic=0.00|target=1|speed=0.00|near=False|yaw=272.9|peeing=False|peeCooldown=135.2|aerial=False|glide=False|legs=0|activity=Investigate|site=1|visits=1
8.716,-7.300,0.100,-10.500,idle|wait=2.05|panic=0.00|target=1|speed=0.00|near=False|yaw=270.9|peeing=False|peeCooldown=135.1|aerial=False|glide=False|legs=0|activity=Investigate|site=1|visits=1
8.720,-7.300,0.100,-10.500,idle|wait=2.05|panic=0.00|target=1|speed=0.00|near=False|yaw=270.6|peeing=False|peeCooldown=135.1|aerial=False|glide=False|legs=0|activity=Investigate|site=1|visits=1
8.725,-7.300,0.100,-10.500,idle|wait=2.05|panic=0.00|target=1|speed=0.00|near=False|yaw=270.3|peeing=False|peeCooldown=135.1|aerial=False|glide=False|legs=0|activity=Investigate|site=1|visits=1
8.728,-7.300,0.100,-10.500,idle|wait=2.05|panic=0.00|target=1|speed=0.00|near=False|yaw=270.1|peeing=False|peeCooldown=135.1|aerial=False|glide=False|legs=0|activity=Investigate|site=1|visits=1
8.730,-7.300,0.100,-10.500,idle|wait=2.05|panic=0.00|target=1|speed=0.00|near=False|yaw=270.0|peeing=False|peeCooldown=135.1|aerial=False|glide=False|legs=0|activity=Investigate|site=1|visits=1
8.733,-7.300,0.100,-10.500,idle|wait=2.05|panic=0.00|target=1|speed=0.00|near=False|yaw=269.8|peeing=False|peeCooldown=135.1|aerial=False|glide=False|legs=0|activity=Investigate|site=1|visits=1
8.735,-7.300,0.100,-10.500,idle|wait=2.05|panic=0.00|target=1|speed=0.00|near=False|yaw=269.7|peeing=False|peeCooldown=135.1|aerial=False|glide=False|legs=0|activity=Investigate|site=1|visits=1
8.737,-7.300,0.100,-10.500,idle|wait=2.05|panic=0.00|target=1|speed=0.00|near=False|yaw=269.5|peeing=False|peeCooldown=135.1|aerial=False|glide=False|legs=0|activity=Investigate|site=1|visits=1
8.768,-7.300,0.100,-10.500,idle|wait=2.05|panic=0.00|target=1|speed=0.00|near=False|yaw=267.5|peeing=False|peeCooldown=135.1|aerial=False|glide=False|legs=0|activity=Investigate|site=1|visits=1
8.773,-7.300,0.100,-10.500,idle|wait=2.05|panic=0.00|target=1|speed=0.00|near=False|yaw=267.2|peeing=False|peeCooldown=135.1|aerial=False|glide=False|legs=0|activity=Investigate|site=1|visits=1
8.777,-7.300,0.100,-10.500,idle|wait=2.05|panic=0.00|target=1|speed=0.00|near=False|yaw=266.9|peeing=False|peeCooldown=135.1|aerial=False|glide=False|legs=0|activity=Investigate|site=1|visits=1
8.779,-7.300,0.100,-10.500,idle|wait=2.05|panic=0.00|target=1|speed=0.00|near=False|yaw=266.8|peeing=False|peeCooldown=135.1|aerial=False|glide=False|legs=0|activity=Investigate|site=1|visits=1
8.786,-7.300,0.100,-10.500,idle|wait=2.05|panic=0.00|target=1|speed=0.00|near=False|yaw=266.3|peeing=False|peeCooldown=135.0|aerial=False|glide=False|legs=0|activity=Investigate|site=1|visits=1
8.791,-7.300,0.100,-10.500,idle|wait=2.05|panic=0.00|target=1|speed=0.00|near=False|yaw=266.0|peeing=False|peeCooldown=135.0|aerial=False|glide=False|legs=0|activity=Investigate|site=1|visits=1
8.815,-7.300,0.100,-10.500,idle|wait=2.05|panic=0.00|target=1|speed=0.00|near=False|yaw=264.4|peeing=False|peeCooldown=135.0|aerial=False|glide=False|legs=0|activity=Investigate|site=1|visits=1
8.819,-7.300,0.100,-10.500,idle|wait=2.05|panic=0.00|target=1|speed=0.00|near=False|yaw=264.2|peeing=False|peeCooldown=135.0|aerial=False|glide=False|legs=0|activity=Investigate|site=1|visits=1
8.821,-7.300,0.100,-10.500,idle|wait=2.05|panic=0.00|target=1|speed=0.00|near=False|yaw=264.0|peeing=False|peeCooldown=135.0|aerial=False|glide=False|legs=0|activity=Investigate|site=1|visits=1
8.824,-7.300,0.100,-10.500,idle|wait=2.05|panic=0.00|target=1|speed=0.00|near=False|yaw=263.8|peeing=False|peeCooldown=135.0|aerial=False|glide=False|legs=0|activity=Investigate|site=1|visits=1
8.828,-7.300,0.100,-10.500,idle|wait=2.05|panic=0.00|target=1|speed=0.00|near=False|yaw=263.6|peeing=False|peeCooldown=135.0|aerial=False|glide=False|legs=0|activity=Investigate|site=1|visits=1
8.831,-7.300,0.100,-10.500,idle|wait=2.05|panic=0.00|target=1|speed=0.00|near=False|yaw=263.4|peeing=False|peeCooldown=135.0|aerial=False|glide=False|legs=0|activity=Investigate|site=1|visits=1
8.833,-7.300,0.100,-10.500,idle|wait=2.05|panic=0.00|target=1|speed=0.00|near=False|yaw=263.3|peeing=False|peeCooldown=135.0|aerial=False|glide=False|legs=0|activity=Investigate|site=1|visits=1
8.835,-7.300,0.100,-10.500,idle|wait=2.05|panic=0.00|target=1|speed=0.00|near=False|yaw=263.1|peeing=False|peeCooldown=135.0|aerial=False|glide=False|legs=0|activity=Investigate|site=1|visits=1
8.839,-7.300,0.100,-10.500,idle|wait=2.05|panic=0.00|target=1|speed=0.00|near=False|yaw=262.9|peeing=False|peeCooldown=135.0|aerial=False|glide=False|legs=0|activity=Investigate|site=1|visits=1
8.841,-7.300,0.100,-10.500,idle|wait=2.05|panic=0.00|target=1|speed=0.00|near=False|yaw=262.7|peeing=False|peeCooldown=135.0|aerial=False|glide=False|legs=0|activity=Investigate|site=1|visits=1
8.872,-7.300,0.100,-10.500,idle|wait=2.05|panic=0.00|target=1|speed=0.00|near=False|yaw=260.8|peeing=False|peeCooldown=135.0|aerial=False|glide=False|legs=0|activity=Investigate|site=1|visits=1
8.875,-7.300,0.100,-10.500,idle|wait=2.05|panic=0.00|target=1|speed=0.00|near=False|yaw=260.6|peeing=False|peeCooldown=135.0|aerial=False|glide=False|legs=0|activity=Investigate|site=1|visits=1
8.879,-7.300,0.100,-10.500,idle|wait=2.05|panic=0.00|target=1|speed=0.00|near=False|yaw=260.3|peeing=False|peeCooldown=135.0|aerial=False|glide=False|legs=0|activity=Investigate|site=1|visits=1
8.882,-7.300,0.100,-10.500,idle|wait=2.05|panic=0.00|target=1|speed=0.00|near=False|yaw=260.1|peeing=False|peeCooldown=135.0|aerial=False|glide=False|legs=0|activity=Investigate|site=1|visits=1
8.885,-7.300,0.100,-10.500,idle|wait=2.05|panic=0.00|target=1|speed=0.00|near=False|yaw=259.9|peeing=False|peeCooldown=135.0|aerial=False|glide=False|legs=0|activity=Investigate|site=1|visits=1
8.887,-7.300,0.100,-10.500,idle|wait=2.05|panic=0.00|target=1|speed=0.00|near=False|yaw=259.8|peeing=False|peeCooldown=134.9|aerial=False|glide=False|legs=0|activity=Investigate|site=1|visits=1
8.889,-7.300,0.100,-10.500,idle|wait=2.05|panic=0.00|target=1|speed=0.00|near=False|yaw=259.6|peeing=False|peeCooldown=134.9|aerial=False|glide=False|legs=0|activity=Investigate|site=1|visits=1
8.895,-7.300,0.100,-10.500,idle|wait=2.05|panic=0.00|target=1|speed=0.00|near=False|yaw=259.2|peeing=False|peeCooldown=134.9|aerial=False|glide=False|legs=0|activity=Investigate|site=1|visits=1
8.927,-7.300,0.100,-10.500,idle|wait=2.05|panic=0.00|target=1|speed=0.00|near=False|yaw=257.1|peeing=False|peeCooldown=134.9|aerial=False|glide=False|legs=0|activity=Investigate|site=1|visits=1
8.933,-7.300,0.100,-10.500,idle|wait=2.05|panic=0.00|target=1|speed=0.00|near=False|yaw=256.8|peeing=False|peeCooldown=134.9|aerial=False|glide=False|legs=0|activity=Investigate|site=1|visits=1
8.935,-7.300,0.100,-10.500,idle|wait=2.05|panic=0.00|target=1|speed=0.00|near=False|yaw=256.6|peeing=False|peeCooldown=134.9|aerial=False|glide=False|legs=0|activity=Investigate|site=1|visits=1
8.937,-7.300,0.100,-10.500,idle|wait=2.05|panic=0.00|target=1|speed=0.00|near=False|yaw=256.5|peeing=False|peeCooldown=134.9|aerial=False|glide=False|legs=0|activity=Investigate|site=1|visits=1
8.940,-7.300,0.100,-10.500,idle|wait=2.05|panic=0.00|target=1|speed=0.00|near=False|yaw=256.4|peeing=False|peeCooldown=134.9|aerial=False|glide=False|legs=0|activity=Investigate|site=1|visits=1
8.942,-7.300,0.100,-10.500,idle|wait=2.05|panic=0.00|target=1|speed=0.00|near=False|yaw=256.2|peeing=False|peeCooldown=134.9|aerial=False|glide=False|legs=0|activity=Investigate|site=1|visits=1
8.967,-7.300,0.100,-10.500,idle|wait=2.05|panic=0.00|target=1|speed=0.00|near=False|yaw=254.6|peeing=False|peeCooldown=134.9|aerial=False|glide=False|legs=0|activity=Investigate|site=1|visits=1
8.970,-7.300,0.100,-10.500,idle|wait=2.05|panic=0.00|target=1|speed=0.00|near=False|yaw=254.4|peeing=False|peeCooldown=134.9|aerial=False|glide=False|legs=0|activity=Investigate|site=1|visits=1
8.973,-7.300,0.100,-10.500,idle|wait=2.05|panic=0.00|target=1|speed=0.00|near=False|yaw=254.2|peeing=False|peeCooldown=134.9|aerial=False|glide=False|legs=0|activity=Investigate|site=1|visits=1
8.975,-7.300,0.100,-10.500,idle|wait=2.05|panic=0.00|target=1|speed=0.00|near=False|yaw=254.0|peeing=False|peeCooldown=134.9|aerial=False|glide=False|legs=0|activity=Investigate|site=1|visits=1
8.978,-7.300,0.100,-10.500,idle|wait=2.05|panic=0.00|target=1|speed=0.00|near=False|yaw=253.9|peeing=False|peeCooldown=134.9|aerial=False|glide=False|legs=0|activity=Investigate|site=1|visits=1
8.982,-7.300,0.100,-10.500,idle|wait=2.05|panic=0.00|target=1|speed=0.00|near=False|yaw=253.6|peeing=False|peeCooldown=134.9|aerial=False|glide=False|legs=0|activity=Investigate|site=1|visits=1
8.985,-7.300,0.100,-10.500,idle|wait=2.05|panic=0.00|target=1|speed=0.00|near=False|yaw=253.4|peeing=False|peeCooldown=134.9|aerial=False|glide=False|legs=0|activity=Investigate|site=1|visits=1
8.987,-7.300,0.100,-10.500,idle|wait=2.05|panic=0.00|target=1|speed=0.00|near=False|yaw=253.3|peeing=False|peeCooldown=134.8|aerial=False|glide=False|legs=0|activity=Investigate|site=1|visits=1
8.991,-7.300,0.100,-10.500,idle|wait=2.05|panic=0.00|target=1|speed=0.00|near=False|yaw=253.0|peeing=False|peeCooldown=134.8|aerial=False|glide=False|legs=0|activity=Investigate|site=1|visits=1
8.993,-7.300,0.100,-10.500,idle|wait=2.05|panic=0.00|target=1|speed=0.00|near=False|yaw=252.9|peeing=False|peeCooldown=134.8|aerial=False|glide=False|legs=0|activity=Investigate|site=1|visits=1
9.023,-7.300,0.100,-10.500,idle|wait=2.05|panic=0.00|target=1|speed=0.00|near=False|yaw=250.9|peeing=False|peeCooldown=134.8|aerial=False|glide=False|legs=0|activity=Investigate|site=1|visits=1
9.027,-7.300,0.100,-10.500,idle|wait=2.05|panic=0.00|target=1|speed=0.00|near=False|yaw=250.6|peeing=False|peeCooldown=134.8|aerial=False|glide=False|legs=0|activity=Investigate|site=1|visits=1
9.030,-7.300,0.100,-10.500,idle|wait=2.05|panic=0.00|target=1|speed=0.00|near=False|yaw=250.5|peeing=False|peeCooldown=134.8|aerial=False|glide=False|legs=0|activity=Investigate|site=1|visits=1
9.034,-7.300,0.100,-10.500,idle|wait=2.05|panic=0.00|target=1|speed=0.00|near=False|yaw=250.2|peeing=False|peeCooldown=134.8|aerial=False|glide=False|legs=0|activity=Investigate|site=1|visits=1
9.036,-7.300,0.100,-10.500,idle|wait=2.05|panic=0.00|target=1|speed=0.00|near=False|yaw=250.1|peeing=False|peeCooldown=134.8|aerial=False|glide=False|legs=0|activity=Investigate|site=1|visits=1
9.039,-7.300,0.100,-10.500,idle|wait=2.05|panic=0.00|target=1|speed=0.00|near=False|yaw=249.9|peeing=False|peeCooldown=134.8|aerial=False|glide=False|legs=0|activity=Investigate|site=1|visits=1
9.041,-7.300,0.100,-10.500,idle|wait=2.05|panic=0.00|target=1|speed=0.00|near=False|yaw=249.7|peeing=False|peeCooldown=134.8|aerial=False|glide=False|legs=0|activity=Investigate|site=1|visits=1
9.044,-7.300,0.100,-10.500,idle|wait=2.05|panic=0.00|target=1|speed=0.00|near=False|yaw=249.5|peeing=False|peeCooldown=134.8|aerial=False|glide=False|legs=0|activity=Investigate|site=1|visits=1
9.075,-7.300,0.100,-10.500,idle|wait=2.05|panic=0.00|target=1|speed=0.00|near=False|yaw=247.6|peeing=False|peeCooldown=134.8|aerial=False|glide=False|legs=0|activity=Investigate|site=1|visits=1
9.078,-7.300,0.100,-10.500,idle|wait=2.05|panic=0.00|target=1|speed=0.00|near=False|yaw=247.3|peeing=False|peeCooldown=134.8|aerial=False|glide=False|legs=0|activity=Investigate|site=1|visits=1
9.081,-7.300,0.100,-10.500,idle|wait=2.05|panic=0.00|target=1|speed=0.00|near=False|yaw=247.2|peeing=False|peeCooldown=134.8|aerial=False|glide=False|legs=0|activity=Investigate|site=1|visits=1
9.085,-7.300,0.100,-10.500,idle|wait=2.05|panic=0.00|target=1|speed=0.00|near=False|yaw=246.9|peeing=False|peeCooldown=134.8|aerial=False|glide=False|legs=0|activity=Investigate|site=1|visits=1
9.088,-7.300,0.100,-10.500,idle|wait=2.05|panic=0.00|target=1|speed=0.00|near=False|yaw=246.7|peeing=False|peeCooldown=134.7|aerial=False|glide=False|legs=0|activity=Investigate|site=1|visits=1
9.091,-7.300,0.100,-10.500,idle|wait=2.05|panic=0.00|target=1|speed=0.00|near=False|yaw=246.5|peeing=False|peeCooldown=134.7|aerial=False|glide=False|legs=0|activity=Investigate|site=1|visits=1
9.093,-7.300,0.100,-10.500,idle|wait=2.05|panic=0.00|target=1|speed=0.00|near=False|yaw=246.4|peeing=False|peeCooldown=134.7|aerial=False|glide=False|legs=0|activity=Investigate|site=1|visits=1
9.095,-7.300,0.100,-10.500,idle|wait=2.05|panic=0.00|target=1|speed=0.00|near=False|yaw=246.2|peeing=False|peeCooldown=134.7|aerial=False|glide=False|legs=0|activity=Investigate|site=1|visits=1
9.126,-7.300,0.100,-10.500,idle|wait=2.05|panic=0.00|target=1|speed=0.00|near=False|yaw=244.2|peeing=False|peeCooldown=134.7|aerial=False|glide=False|legs=0|activity=Investigate|site=1|visits=1
9.130,-7.300,0.100,-10.500,idle|wait=2.05|panic=0.00|target=1|speed=0.00|near=False|yaw=244.0|peeing=False|peeCooldown=134.7|aerial=False|glide=False|legs=0|activity=Investigate|site=1|visits=1
9.133,-7.300,0.100,-10.500,idle|wait=2.05|panic=0.00|target=1|speed=0.00|near=False|yaw=243.8|peeing=False|peeCooldown=134.7|aerial=False|glide=False|legs=0|activity=Investigate|site=1|visits=1
9.137,-7.300,0.100,-10.500,idle|wait=2.05|panic=0.00|target=1|speed=0.00|near=False|yaw=243.5|peeing=False|peeCooldown=134.7|aerial=False|glide=False|legs=0|activity=Investigate|site=1|visits=1
9.139,-7.300,0.100,-10.500,idle|wait=2.05|panic=0.00|target=1|speed=0.00|near=False|yaw=243.4|peeing=False|peeCooldown=134.7|aerial=False|glide=False|legs=0|activity=Investigate|site=1|visits=1
9.142,-7.300,0.100,-10.500,idle|wait=2.05|panic=0.00|target=1|speed=0.00|near=False|yaw=243.2|peeing=False|peeCooldown=134.7|aerial=False|glide=False|legs=0|activity=Investigate|site=1|visits=1
9.145,-7.300,0.100,-10.500,idle|wait=2.05|panic=0.00|target=1|speed=0.00|near=False|yaw=243.0|peeing=False|peeCooldown=134.7|aerial=False|glide=False|legs=0|activity=Investigate|site=1|visits=1
9.147,-7.300,0.100,-10.500,idle|wait=2.05|panic=0.00|target=1|speed=0.00|near=False|yaw=242.9|peeing=False|peeCooldown=134.7|aerial=False|glide=False|legs=0|activity=Investigate|site=1|visits=1
9.178,-7.300,0.100,-10.500,idle|wait=2.05|panic=0.00|target=1|speed=0.00|near=False|yaw=240.9|peeing=False|peeCooldown=134.7|aerial=False|glide=False|legs=0|activity=Investigate|site=1|visits=1
9.181,-7.300,0.100,-10.500,idle|wait=2.05|panic=0.00|target=1|speed=0.00|near=False|yaw=240.7|peeing=False|peeCooldown=134.7|aerial=False|glide=False|legs=0|activity=Investigate|site=1|visits=1
9.184,-7.300,0.100,-10.500,idle|wait=2.05|panic=0.00|target=1|speed=0.00|near=False|yaw=240.4|peeing=False|peeCooldown=134.7|aerial=False|glide=False|legs=0|activity=Investigate|site=1|visits=1
9.188,-7.300,0.100,-10.500,idle|wait=2.05|panic=0.00|target=1|speed=0.00|near=False|yaw=240.2|peeing=False|peeCooldown=134.6|aerial=False|glide=False|legs=0|activity=Investigate|site=1|visits=1
9.190,-7.300,0.100,-10.500,idle|wait=2.05|panic=0.00|target=1|speed=0.00|near=False|yaw=240.0|peeing=False|peeCooldown=134.6|aerial=False|glide=False|legs=0|activity=Investigate|site=1|visits=1
9.193,-7.300,0.100,-10.500,idle|wait=2.05|panic=0.00|target=1|speed=0.00|near=False|yaw=239.9|peeing=False|peeCooldown=134.6|aerial=False|glide=False|legs=0|activity=Investigate|site=1|visits=1
9.195,-7.300,0.100,-10.500,idle|wait=2.05|panic=0.00|target=1|speed=0.00|near=False|yaw=239.8|peeing=False|peeCooldown=134.6|aerial=False|glide=False|legs=0|activity=Investigate|site=1|visits=1
9.197,-7.300,0.100,-10.500,idle|wait=2.05|panic=0.00|target=1|speed=0.00|near=False|yaw=239.6|peeing=False|peeCooldown=134.6|aerial=False|glide=False|legs=0|activity=Investigate|site=1|visits=1
9.231,-7.300,0.100,-10.500,idle|wait=2.05|panic=0.00|target=1|speed=0.00|near=False|yaw=237.4|peeing=False|peeCooldown=134.6|aerial=False|glide=False|legs=0|activity=Investigate|site=1|visits=1
9.235,-7.300,0.100,-10.500,idle|wait=2.05|panic=0.00|target=1|speed=0.00|near=False|yaw=237.1|peeing=False|peeCooldown=134.6|aerial=False|glide=False|legs=0|activity=Investigate|site=1|visits=1
9.240,-7.300,0.100,-10.500,idle|wait=2.05|panic=0.00|target=1|speed=0.00|near=False|yaw=236.8|peeing=False|peeCooldown=134.6|aerial=False|glide=False|legs=0|activity=Investigate|site=1|visits=1
9.242,-7.300,0.100,-10.500,idle|wait=2.05|panic=0.00|target=1|speed=0.00|near=False|yaw=236.7|peeing=False|peeCooldown=134.6|aerial=False|glide=False|legs=0|activity=Investigate|site=1|visits=1
9.245,-7.300,0.100,-10.500,idle|wait=2.05|panic=0.00|target=1|speed=0.00|near=False|yaw=236.5|peeing=False|peeCooldown=134.6|aerial=False|glide=False|legs=0|activity=Investigate|site=1|visits=1
9.248,-7.300,0.100,-10.500,idle|wait=2.05|panic=0.00|target=1|speed=0.00|near=False|yaw=236.3|peeing=False|peeCooldown=134.6|aerial=False|glide=False|legs=0|activity=Investigate|site=1|visits=1
9.272,-7.300,0.100,-10.500,idle|wait=2.05|panic=0.00|target=1|speed=0.00|near=False|yaw=234.7|peeing=False|peeCooldown=134.6|aerial=False|glide=False|legs=0|activity=Investigate|site=1|visits=1
9.276,-7.300,0.100,-10.500,idle|wait=2.05|panic=0.00|target=1|speed=0.00|near=False|yaw=234.5|peeing=False|peeCooldown=134.6|aerial=False|glide=False|legs=0|activity=Investigate|site=1|visits=1
9.278,-7.300,0.100,-10.500,idle|wait=2.05|panic=0.00|target=1|speed=0.00|near=False|yaw=234.3|peeing=False|peeCooldown=134.6|aerial=False|glide=False|legs=0|activity=Investigate|site=1|visits=1
9.281,-7.300,0.100,-10.500,idle|wait=2.05|panic=0.00|target=1|speed=0.00|near=False|yaw=234.2|peeing=False|peeCooldown=134.6|aerial=False|glide=False|legs=0|activity=Investigate|site=1|visits=1
9.283,-7.300,0.100,-10.500,idle|wait=2.05|panic=0.00|target=1|speed=0.00|near=False|yaw=234.0|peeing=False|peeCooldown=134.6|aerial=False|glide=False|legs=0|activity=Investigate|site=1|visits=1
9.286,-7.300,0.100,-10.500,idle|wait=2.05|panic=0.00|target=1|speed=0.00|near=False|yaw=233.8|peeing=False|peeCooldown=134.5|aerial=False|glide=False|legs=0|activity=Investigate|site=1|visits=1
9.290,-7.300,0.100,-10.500,idle|wait=2.05|panic=0.00|target=1|speed=0.00|near=False|yaw=233.6|peeing=False|peeCooldown=134.5|aerial=False|glide=False|legs=0|activity=Investigate|site=1|visits=1
9.293,-7.300,0.100,-10.500,idle|wait=2.05|panic=0.00|target=1|speed=0.00|near=False|yaw=233.4|peeing=False|peeCooldown=134.5|aerial=False|glide=False|legs=0|activity=Investigate|site=1|visits=1
9.297,-7.300,0.100,-10.500,idle|wait=2.05|panic=0.00|target=1|speed=0.00|near=False|yaw=233.1|peeing=False|peeCooldown=134.5|aerial=False|glide=False|legs=0|activity=Investigate|site=1|visits=1
9.300,-7.300,0.100,-10.500,idle|wait=2.05|panic=0.00|target=1|speed=0.00|near=False|yaw=232.9|peeing=False|peeCooldown=134.5|aerial=False|glide=False|legs=0|activity=Investigate|site=1|visits=1
9.331,-7.300,0.100,-10.500,idle|wait=2.05|panic=0.00|target=1|speed=0.00|near=False|yaw=230.9|peeing=False|peeCooldown=134.5|aerial=False|glide=False|legs=0|activity=Investigate|site=1|visits=1
9.340,-7.300,0.100,-10.500,idle|wait=2.05|panic=0.00|target=1|speed=0.00|near=False|yaw=230.3|peeing=False|peeCooldown=134.5|aerial=False|glide=False|legs=0|activity=Investigate|site=1|visits=1
9.346,-7.300,0.100,-10.500,idle|wait=2.05|panic=0.00|target=1|speed=0.00|near=False|yaw=230.0|peeing=False|peeCooldown=134.5|aerial=False|glide=False|legs=0|activity=Investigate|site=1|visits=1
9.348,-7.300,0.100,-10.500,idle|wait=2.05|panic=0.00|target=1|speed=0.00|near=False|yaw=229.8|peeing=False|peeCooldown=134.5|aerial=False|glide=False|legs=0|activity=Investigate|site=1|visits=1
9.351,-7.300,0.100,-10.500,idle|wait=2.05|panic=0.00|target=1|speed=0.00|near=False|yaw=229.6|peeing=False|peeCooldown=134.5|aerial=False|glide=False|legs=0|activity=Investigate|site=1|visits=1
9.376,-7.300,0.100,-10.500,idle|wait=2.05|panic=0.00|target=1|speed=0.00|near=False|yaw=228.0|peeing=False|peeCooldown=134.5|aerial=False|glide=False|legs=0|activity=Investigate|site=1|visits=1
9.379,-7.300,0.100,-10.500,idle|wait=2.05|panic=0.00|target=1|speed=0.00|near=False|yaw=227.8|peeing=False|peeCooldown=134.5|aerial=False|glide=False|legs=0|activity=Investigate|site=1|visits=1
9.382,-7.300,0.100,-10.500,idle|wait=2.05|panic=0.00|target=1|speed=0.00|near=False|yaw=227.6|peeing=False|peeCooldown=134.5|aerial=False|glide=False|legs=0|activity=Investigate|site=1|visits=1
9.385,-7.300,0.100,-10.500,idle|wait=2.05|panic=0.00|target=1|speed=0.00|near=False|yaw=227.4|peeing=False|peeCooldown=134.5|aerial=False|glide=False|legs=0|activity=Investigate|site=1|visits=1
9.388,-7.300,0.100,-10.500,idle|wait=2.05|panic=0.00|target=1|speed=0.00|near=False|yaw=227.2|peeing=False|peeCooldown=134.4|aerial=False|glide=False|legs=0|activity=Investigate|site=1|visits=1
9.390,-7.300,0.100,-10.500,idle|wait=2.05|panic=0.00|target=1|speed=0.00|near=False|yaw=227.1|peeing=False|peeCooldown=134.4|aerial=False|glide=False|legs=0|activity=Investigate|site=1|visits=1
9.392,-7.300,0.100,-10.500,idle|wait=2.05|panic=0.00|target=1|speed=0.00|near=False|yaw=226.9|peeing=False|peeCooldown=134.4|aerial=False|glide=False|legs=0|activity=Investigate|site=1|visits=1
9.397,-7.300,0.100,-10.500,idle|wait=2.05|panic=0.00|target=1|speed=0.00|near=False|yaw=226.6|peeing=False|peeCooldown=134.4|aerial=False|glide=False|legs=0|activity=Investigate|site=1|visits=1
9.402,-7.300,0.100,-10.500,idle|wait=2.05|panic=0.00|target=1|speed=0.00|near=False|yaw=226.3|peeing=False|peeCooldown=134.4|aerial=False|glide=False|legs=0|activity=Investigate|site=1|visits=1
9.405,-7.300,0.100,-10.500,idle|wait=2.05|panic=0.00|target=1|speed=0.00|near=False|yaw=226.1|peeing=False|peeCooldown=134.4|aerial=False|glide=False|legs=0|activity=Investigate|site=1|visits=1
9.436,-7.300,0.100,-10.500,idle|wait=2.05|panic=0.00|target=1|speed=0.00|near=False|yaw=224.1|peeing=False|peeCooldown=134.4|aerial=False|glide=False|legs=0|activity=Investigate|site=1|visits=1
9.440,-7.300,0.100,-10.500,idle|wait=2.05|panic=0.00|target=1|speed=0.00|near=False|yaw=223.8|peeing=False|peeCooldown=134.4|aerial=False|glide=False|legs=0|activity=Investigate|site=1|visits=1
9.447,-7.300,0.100,-10.500,idle|wait=2.05|panic=0.00|target=1|speed=0.00|near=False|yaw=223.4|peeing=False|peeCooldown=134.4|aerial=False|glide=False|legs=0|activity=Investigate|site=1|visits=1
9.452,-7.300,0.100,-10.500,idle|wait=2.05|panic=0.00|target=1|speed=0.00|near=False|yaw=223.0|peeing=False|peeCooldown=134.4|aerial=False|glide=False|legs=0|activity=Investigate|site=1|visits=1
9.455,-7.300,0.100,-10.500,idle|wait=2.05|panic=0.00|target=1|speed=0.00|near=False|yaw=222.9|peeing=False|peeCooldown=134.4|aerial=False|glide=False|legs=0|activity=Investigate|site=1|visits=1
9.457,-7.300,0.100,-10.500,idle|wait=2.05|panic=0.00|target=1|speed=0.00|near=False|yaw=222.7|peeing=False|peeCooldown=134.4|aerial=False|glide=False|legs=0|activity=Investigate|site=1|visits=1
9.481,-7.300,0.100,-10.500,idle|wait=2.05|panic=0.00|target=1|speed=0.00|near=False|yaw=221.1|peeing=False|peeCooldown=134.4|aerial=False|glide=False|legs=0|activity=Investigate|site=1|visits=1
9.485,-7.300,0.100,-10.500,idle|wait=2.05|panic=0.00|target=1|speed=0.00|near=False|yaw=220.9|peeing=False|peeCooldown=134.4|aerial=False|glide=False|legs=0|activity=Investigate|site=1|visits=1
9.488,-7.300,0.100,-10.500,idle|wait=2.05|panic=0.00|target=1|speed=0.00|near=False|yaw=220.7|peeing=False|peeCooldown=134.3|aerial=False|glide=False|legs=0|activity=Investigate|site=1|visits=1
9.490,-7.300,0.100,-10.500,idle|wait=2.05|panic=0.00|target=1|speed=0.00|near=False|yaw=220.6|peeing=False|peeCooldown=134.3|aerial=False|glide=False|legs=0|activity=Investigate|site=1|visits=1
9.492,-7.300,0.100,-10.500,idle|wait=2.05|panic=0.00|target=1|speed=0.00|near=False|yaw=220.4|peeing=False|peeCooldown=134.3|aerial=False|glide=False|legs=0|activity=Investigate|site=1|visits=1
9.495,-7.300,0.100,-10.500,idle|wait=2.05|panic=0.00|target=1|speed=0.00|near=False|yaw=220.3|peeing=False|peeCooldown=134.3|aerial=False|glide=False|legs=0|activity=Investigate|site=1|visits=1
9.497,-7.300,0.100,-10.500,idle|wait=2.05|panic=0.00|target=1|speed=0.00|near=False|yaw=220.1|peeing=False|peeCooldown=134.3|aerial=False|glide=False|legs=0|activity=Investigate|site=1|visits=1
9.501,-7.300,0.100,-10.500,idle|wait=2.05|panic=0.00|target=1|speed=0.00|near=False|yaw=219.9|peeing=False|peeCooldown=134.3|aerial=False|glide=False|legs=0|activity=Investigate|site=1|visits=1
9.505,-7.300,0.100,-10.500,idle|wait=2.05|panic=0.00|target=1|speed=0.00|near=False|yaw=219.6|peeing=False|peeCooldown=134.3|aerial=False|glide=False|legs=0|activity=Investigate|site=1|visits=1
9.508,-7.300,0.100,-10.500,idle|wait=2.05|panic=0.00|target=1|speed=0.00|near=False|yaw=219.4|peeing=False|peeCooldown=134.3|aerial=False|glide=False|legs=0|activity=Investigate|site=1|visits=1
9.538,-7.300,0.100,-10.500,idle|wait=2.05|panic=0.00|target=1|speed=0.00|near=False|yaw=217.5|peeing=False|peeCooldown=134.3|aerial=False|glide=False|legs=0|activity=Investigate|site=1|visits=1
9.541,-7.300,0.100,-10.500,idle|wait=2.05|panic=0.00|target=1|speed=0.00|near=False|yaw=217.3|peeing=False|peeCooldown=134.3|aerial=False|glide=False|legs=0|activity=Investigate|site=1|visits=1
9.545,-7.300,0.100,-10.500,idle|wait=2.05|panic=0.00|target=1|speed=0.00|near=False|yaw=217.1|peeing=False|peeCooldown=134.3|aerial=False|glide=False|legs=0|activity=Investigate|site=1|visits=1
9.547,-7.300,0.100,-10.500,idle|wait=2.05|panic=0.00|target=1|speed=0.00|near=False|yaw=216.9|peeing=False|peeCooldown=134.3|aerial=False|glide=False|legs=0|activity=Investigate|site=1|visits=1
9.555,-7.300,0.100,-10.500,idle|wait=2.05|panic=0.00|target=1|speed=0.00|near=False|yaw=216.4|peeing=False|peeCooldown=134.3|aerial=False|glide=False|legs=0|activity=Investigate|site=1|visits=1
9.559,-7.300,0.100,-10.500,idle|wait=2.05|panic=0.00|target=1|speed=0.00|near=False|yaw=216.2|peeing=False|peeCooldown=134.3|aerial=False|glide=False|legs=0|activity=Investigate|site=1|visits=1
9.583,-7.300,0.100,-10.500,idle|wait=2.05|panic=0.00|target=1|speed=0.00|near=False|yaw=214.6|peeing=False|peeCooldown=134.3|aerial=False|glide=False|legs=0|activity=Investigate|site=1|visits=1
9.587,-7.300,0.100,-10.500,idle|wait=2.05|panic=0.00|target=1|speed=0.00|near=False|yaw=214.4|peeing=False|peeCooldown=134.2|aerial=False|glide=False|legs=0|activity=Investigate|site=1|visits=1
9.590,-7.300,0.100,-10.500,idle|wait=2.05|panic=0.00|target=1|speed=0.00|near=False|yaw=214.2|peeing=False|peeCooldown=134.2|aerial=False|glide=False|legs=0|activity=Investigate|site=1|visits=1
9.592,-7.300,0.100,-10.500,idle|wait=2.05|panic=0.00|target=1|speed=0.00|near=False|yaw=214.0|peeing=False|peeCooldown=134.2|aerial=False|glide=False|legs=0|activity=Investigate|site=1|visits=1
9.594,-7.300,0.100,-10.500,idle|wait=2.05|panic=0.00|target=1|speed=0.00|near=False|yaw=213.9|peeing=False|peeCooldown=134.2|aerial=False|glide=False|legs=0|activity=Investigate|site=1|visits=1
9.597,-7.300,0.100,-10.500,idle|wait=2.05|panic=0.00|target=1|speed=0.00|near=False|yaw=213.7|peeing=False|peeCooldown=134.2|aerial=False|glide=False|legs=0|activity=Investigate|site=1|visits=1
9.599,-7.300,0.100,-10.500,idle|wait=2.05|panic=0.00|target=1|speed=0.00|near=False|yaw=213.6|peeing=False|peeCooldown=134.2|aerial=False|glide=False|legs=0|activity=Investigate|site=1|visits=1
9.603,-7.300,0.100,-10.500,idle|wait=2.05|panic=0.00|target=1|speed=0.00|near=False|yaw=213.3|peeing=False|peeCooldown=134.2|aerial=False|glide=False|legs=0|activity=Investigate|site=1|visits=1
9.608,-7.300,0.100,-10.500,idle|wait=2.05|panic=0.00|target=1|speed=0.00|near=False|yaw=213.0|peeing=False|peeCooldown=134.2|aerial=False|glide=False|legs=0|activity=Investigate|site=1|visits=1
9.610,-7.300,0.100,-10.500,idle|wait=2.05|panic=0.00|target=1|speed=0.00|near=False|yaw=212.9|peeing=False|peeCooldown=134.2|aerial=False|glide=False|legs=0|activity=Investigate|site=1|visits=1
9.640,-7.300,0.100,-10.500,idle|wait=2.05|panic=0.00|target=1|speed=0.00|near=False|yaw=210.9|peeing=False|peeCooldown=134.2|aerial=False|glide=False|legs=0|activity=Investigate|site=1|visits=1
9.644,-7.300,0.100,-10.500,idle|wait=2.05|panic=0.00|target=1|speed=0.00|near=False|yaw=210.7|peeing=False|peeCooldown=134.2|aerial=False|glide=False|legs=0|activity=Investigate|site=1|visits=1
9.647,-7.300,0.100,-10.500,idle|wait=2.05|panic=0.00|target=1|speed=0.00|near=False|yaw=210.5|peeing=False|peeCooldown=134.2|aerial=False|glide=False|legs=0|activity=Investigate|site=1|visits=1
9.649,-7.300,0.100,-10.500,idle|wait=2.05|panic=0.00|target=1|speed=0.00|near=False|yaw=210.3|peeing=False|peeCooldown=134.2|aerial=False|glide=False|legs=0|activity=Investigate|site=1|visits=1
9.652,-7.300,0.100,-10.500,idle|wait=2.05|panic=0.00|target=1|speed=0.00|near=False|yaw=210.2|peeing=False|peeCooldown=134.2|aerial=False|glide=False|legs=0|activity=Investigate|site=1|visits=1
9.655,-7.300,0.100,-10.500,idle|wait=2.05|panic=0.00|target=1|speed=0.00|near=False|yaw=209.9|peeing=False|peeCooldown=134.2|aerial=False|glide=False|legs=0|activity=Investigate|site=1|visits=1
9.662,-7.300,0.100,-10.500,idle|wait=2.05|panic=0.00|target=1|speed=0.00|near=False|yaw=209.5|peeing=False|peeCooldown=134.2|aerial=False|glide=False|legs=0|activity=Investigate|site=1|visits=1
9.666,-7.300,0.100,-10.500,idle|wait=2.05|panic=0.00|target=1|speed=0.00|near=False|yaw=209.3|peeing=False|peeCooldown=134.2|aerial=False|glide=False|legs=0|activity=Investigate|site=1|visits=1
9.698,-7.300,0.100,-10.500,idle|wait=2.05|panic=0.00|target=1|speed=0.00|near=False|yaw=207.2|peeing=False|peeCooldown=134.1|aerial=False|glide=False|legs=0|activity=Investigate|site=1|visits=1
9.701,-7.300,0.100,-10.500,idle|wait=2.05|panic=0.00|target=1|speed=0.00|near=False|yaw=207.0|peeing=False|peeCooldown=134.1|aerial=False|glide=False|legs=0|activity=Investigate|site=1|visits=1
9.705,-7.300,0.100,-10.500,idle|wait=2.05|panic=0.00|target=1|speed=0.00|near=False|yaw=206.8|peeing=False|peeCooldown=134.1|aerial=False|glide=False|legs=0|activity=Investigate|site=1|visits=1
9.709,-7.300,0.100,-10.500,idle|wait=2.05|panic=0.00|target=1|speed=0.00|near=False|yaw=206.5|peeing=False|peeCooldown=134.1|aerial=False|glide=False|legs=0|activity=Investigate|site=1|visits=1
9.711,-7.300,0.100,-10.500,idle|wait=2.05|panic=0.00|target=1|speed=0.00|near=False|yaw=206.3|peeing=False|peeCooldown=134.1|aerial=False|glide=False|legs=0|activity=Investigate|site=1|visits=1
9.714,-7.300,0.100,-10.500,idle|wait=2.05|panic=0.00|target=1|speed=0.00|near=False|yaw=206.2|peeing=False|peeCooldown=134.1|aerial=False|glide=False|legs=0|activity=Investigate|site=1|visits=1
9.716,-7.300,0.100,-10.500,idle|wait=2.05|panic=0.00|target=1|speed=0.00|near=False|yaw=206.0|peeing=False|peeCooldown=134.1|aerial=False|glide=False|legs=0|activity=Investigate|site=1|visits=1
9.742,-7.300,0.100,-10.500,idle|wait=2.05|panic=0.00|target=1|speed=0.00|near=False|yaw=204.3|peeing=False|peeCooldown=134.1|aerial=False|glide=False|legs=0|activity=Investigate|site=1|visits=1
9.746,-7.300,0.100,-10.500,idle|wait=2.05|panic=0.00|target=1|speed=0.00|near=False|yaw=204.1|peeing=False|peeCooldown=134.1|aerial=False|glide=False|legs=0|activity=Investigate|site=1|visits=1
9.748,-7.300,0.100,-10.500,idle|wait=2.05|panic=0.00|target=1|speed=0.00|near=False|yaw=203.9|peeing=False|peeCooldown=134.1|aerial=False|glide=False|legs=0|activity=Investigate|site=1|visits=1
9.751,-7.300,0.100,-10.500,idle|wait=2.05|panic=0.00|target=1|speed=0.00|near=False|yaw=203.8|peeing=False|peeCooldown=134.1|aerial=False|glide=False|legs=0|activity=Investigate|site=1|visits=1
9.753,-7.300,0.100,-10.500,idle|wait=2.05|panic=0.00|target=1|speed=0.00|near=False|yaw=203.6|peeing=False|peeCooldown=134.1|aerial=False|glide=False|legs=0|activity=Investigate|site=1|visits=1
9.756,-7.300,0.100,-10.500,idle|wait=2.05|panic=0.00|target=1|speed=0.00|near=False|yaw=203.5|peeing=False|peeCooldown=134.1|aerial=False|glide=False|legs=0|activity=Investigate|site=1|visits=1
9.760,-7.300,0.100,-10.500,idle|wait=2.05|panic=0.00|target=1|speed=0.00|near=False|yaw=203.2|peeing=False|peeCooldown=134.1|aerial=False|glide=False|legs=0|activity=Investigate|site=1|visits=1
9.763,-7.300,0.100,-10.500,idle|wait=2.05|panic=0.00|target=1|speed=0.00|near=False|yaw=203.0|peeing=False|peeCooldown=134.1|aerial=False|glide=False|legs=0|activity=Investigate|site=1|visits=1
9.770,-7.300,0.100,-10.500,idle|wait=2.05|panic=0.00|target=1|speed=0.00|near=False|yaw=202.5|peeing=False|peeCooldown=134.1|aerial=False|glide=False|legs=0|activity=Investigate|site=1|visits=1
9.774,-7.300,0.100,-10.500,idle|wait=2.05|panic=0.00|target=1|speed=0.00|near=False|yaw=202.3|peeing=False|peeCooldown=134.1|aerial=False|glide=False|legs=0|activity=Investigate|site=1|visits=1
9.804,-7.300,0.100,-10.500,idle|wait=2.05|panic=0.00|target=1|speed=0.00|near=False|yaw=200.4|peeing=False|peeCooldown=134.0|aerial=False|glide=False|legs=0|activity=Investigate|site=1|visits=1
9.808,-7.300,0.100,-10.500,idle|wait=2.05|panic=0.00|target=1|speed=0.00|near=False|yaw=200.1|peeing=False|peeCooldown=134.0|aerial=False|glide=False|legs=0|activity=Investigate|site=1|visits=1
9.812,-7.300,0.100,-10.500,idle|wait=2.05|panic=0.00|target=1|speed=0.00|near=False|yaw=199.8|peeing=False|peeCooldown=134.0|aerial=False|glide=False|legs=0|activity=Investigate|site=1|visits=1
9.815,-7.300,0.100,-10.500,idle|wait=2.05|panic=0.00|target=1|speed=0.00|near=False|yaw=199.6|peeing=False|peeCooldown=134.0|aerial=False|glide=False|legs=0|activity=Investigate|site=1|visits=1
9.817,-7.300,0.100,-10.500,idle|wait=2.05|panic=0.00|target=1|speed=0.00|near=False|yaw=199.5|peeing=False|peeCooldown=134.0|aerial=False|glide=False|legs=0|activity=Investigate|site=1|visits=1
9.819,-7.300,0.100,-10.500,idle|wait=2.05|panic=0.00|target=1|speed=0.00|near=False|yaw=199.3|peeing=False|peeCooldown=134.0|aerial=False|glide=False|legs=0|activity=Investigate|site=1|visits=1
9.822,-7.300,0.100,-10.500,idle|wait=2.05|panic=0.00|target=1|speed=0.00|near=False|yaw=199.2|peeing=False|peeCooldown=134.0|aerial=False|glide=False|legs=0|activity=Investigate|site=1|visits=1
9.825,-7.300,0.100,-10.500,idle|wait=2.05|panic=0.00|target=1|speed=0.00|near=False|yaw=199.0|peeing=False|peeCooldown=134.0|aerial=False|glide=False|legs=0|activity=Investigate|site=1|visits=1
9.856,-7.300,0.100,-10.500,idle|wait=2.05|panic=0.00|target=1|speed=0.00|near=False|yaw=197.0|peeing=False|peeCooldown=134.0|aerial=False|glide=False|legs=0|activity=Investigate|site=1|visits=1
9.859,-7.300,0.100,-10.500,idle|wait=2.05|panic=0.00|target=1|speed=0.00|near=False|yaw=196.8|peeing=False|peeCooldown=134.0|aerial=False|glide=False|legs=0|activity=Investigate|site=1|visits=1
9.863,-7.300,0.100,-10.500,idle|wait=2.05|panic=0.00|target=1|speed=0.00|near=False|yaw=196.5|peeing=False|peeCooldown=134.0|aerial=False|glide=False|legs=0|activity=Investigate|site=1|visits=1
9.867,-7.300,0.100,-10.500,idle|wait=2.05|panic=0.00|target=1|speed=0.00|near=False|yaw=196.3|peeing=False|peeCooldown=134.0|aerial=False|glide=False|legs=0|activity=Investigate|site=1|visits=1
9.869,-7.300,0.100,-10.500,idle|wait=2.05|panic=0.00|target=1|speed=0.00|near=False|yaw=196.1|peeing=False|peeCooldown=134.0|aerial=False|glide=False|legs=0|activity=Investigate|site=1|visits=1
9.872,-7.300,0.100,-10.500,idle|wait=2.05|panic=0.00|target=1|speed=0.00|near=False|yaw=196.0|peeing=False|peeCooldown=134.0|aerial=False|glide=False|legs=0|activity=Investigate|site=1|visits=1
9.876,-7.300,0.100,-10.500,idle|wait=2.05|panic=0.00|target=1|speed=0.00|near=False|yaw=195.7|peeing=False|peeCooldown=134.0|aerial=False|glide=False|legs=0|activity=Investigate|site=1|visits=1
9.883,-7.300,0.100,-10.500,idle|wait=2.05|panic=0.00|target=1|speed=0.00|near=False|yaw=195.2|peeing=False|peeCooldown=134.0|aerial=False|glide=False|legs=0|activity=Investigate|site=1|visits=1
9.915,-7.300,0.100,-10.500,idle|wait=2.05|panic=0.00|target=1|speed=0.00|near=False|yaw=193.1|peeing=False|peeCooldown=133.9|aerial=False|glide=False|legs=0|activity=Investigate|site=1|visits=1
9.921,-7.300,0.100,-10.500,idle|wait=2.05|panic=0.00|target=1|speed=0.00|near=False|yaw=192.8|peeing=False|peeCooldown=133.9|aerial=False|glide=False|legs=0|activity=Investigate|site=1|visits=1
9.924,-7.300,0.100,-10.500,idle|wait=2.05|panic=0.00|target=1|speed=0.00|near=False|yaw=192.5|peeing=False|peeCooldown=133.9|aerial=False|glide=False|legs=0|activity=Investigate|site=1|visits=1
9.927,-7.300,0.100,-10.500,idle|wait=2.05|panic=0.00|target=1|speed=0.00|near=False|yaw=192.4|peeing=False|peeCooldown=133.9|aerial=False|glide=False|legs=0|activity=Investigate|site=1|visits=1
9.929,-7.300,0.100,-10.500,idle|wait=2.05|panic=0.00|target=1|speed=0.00|near=False|yaw=192.2|peeing=False|peeCooldown=133.9|aerial=False|glide=False|legs=0|activity=Investigate|site=1|visits=1
9.954,-7.300,0.100,-10.500,idle|wait=2.05|panic=0.00|target=1|speed=0.00|near=False|yaw=190.6|peeing=False|peeCooldown=133.9|aerial=False|glide=False|legs=0|activity=Investigate|site=1|visits=1
9.957,-7.300,0.100,-10.500,idle|wait=2.05|panic=0.00|target=1|speed=0.00|near=False|yaw=190.4|peeing=False|peeCooldown=133.9|aerial=False|glide=False|legs=0|activity=Investigate|site=1|visits=1
9.960,-7.300,0.100,-10.500,idle|wait=2.05|panic=0.00|target=1|speed=0.00|near=False|yaw=190.2|peeing=False|peeCooldown=133.9|aerial=False|glide=False|legs=0|activity=Investigate|site=1|visits=1
9.963,-7.300,0.100,-10.500,idle|wait=2.05|panic=0.00|target=1|speed=0.00|near=False|yaw=190.0|peeing=False|peeCooldown=133.9|aerial=False|glide=False|legs=0|activity=Investigate|site=1|visits=1
9.966,-7.300,0.100,-10.500,idle|wait=2.05|panic=0.00|target=1|speed=0.00|near=False|yaw=189.8|peeing=False|peeCooldown=133.9|aerial=False|glide=False|legs=0|activity=Investigate|site=1|visits=1
9.970,-7.300,0.100,-10.500,idle|wait=2.05|panic=0.00|target=1|speed=0.00|near=False|yaw=189.5|peeing=False|peeCooldown=133.9|aerial=False|glide=False|legs=0|activity=Investigate|site=1|visits=1
9.973,-7.300,0.100,-10.500,idle|wait=2.05|panic=0.00|target=1|speed=0.00|near=False|yaw=189.4|peeing=False|peeCooldown=133.9|aerial=False|glide=False|legs=0|activity=Investigate|site=1|visits=1
9.975,-7.300,0.100,-10.500,idle|wait=2.05|panic=0.00|target=1|speed=0.00|near=False|yaw=189.2|peeing=False|peeCooldown=133.9|aerial=False|glide=False|legs=0|activity=Investigate|site=1|visits=1
9.979,-7.300,0.100,-10.500,idle|wait=2.05|panic=0.00|target=1|speed=0.00|near=False|yaw=189.0|peeing=False|peeCooldown=133.9|aerial=False|glide=False|legs=0|activity=Investigate|site=1|visits=1
9.986,-7.300,0.100,-10.500,idle|wait=2.05|panic=0.00|target=1|speed=0.00|near=False|yaw=188.5|peeing=False|peeCooldown=133.8|aerial=False|glide=False|legs=0|activity=Investigate|site=1|visits=1
10.017,-7.300,0.100,-10.500,idle|wait=2.05|panic=0.00|target=1|speed=0.00|near=False|yaw=186.5|peeing=False|peeCooldown=133.8|aerial=False|glide=False|legs=0|activity=Investigate|site=1|visits=1
10.022,-7.300,0.100,-10.500,idle|wait=2.05|panic=0.00|target=1|speed=0.00|near=False|yaw=186.2|peeing=False|peeCooldown=133.8|aerial=False|glide=False|legs=0|activity=Investigate|site=1|visits=1
10.026,-7.300,0.100,-10.500,idle|wait=2.05|panic=0.00|target=1|speed=0.00|near=False|yaw=185.9|peeing=False|peeCooldown=133.8|aerial=False|glide=False|legs=0|activity=Investigate|site=1|visits=1
10.029,-7.300,0.100,-10.500,idle|wait=2.05|panic=0.00|target=1|speed=0.00|near=False|yaw=185.8|peeing=False|peeCooldown=133.8|aerial=False|glide=False|legs=0|activity=Investigate|site=1|visits=1
10.031,-7.300,0.100,-10.500,idle|wait=2.05|panic=0.00|target=1|speed=0.00|near=False|yaw=185.6|peeing=False|peeCooldown=133.8|aerial=False|glide=False|legs=0|activity=Investigate|site=1|visits=1
10.033,-7.300,0.100,-10.500,idle|wait=2.05|panic=0.00|target=1|speed=0.00|near=False|yaw=185.4|peeing=False|peeCooldown=133.8|aerial=False|glide=False|legs=0|activity=Investigate|site=1|visits=1
10.058,-7.300,0.100,-10.500,idle|wait=2.05|panic=0.00|target=1|speed=0.00|near=False|yaw=185.2|peeing=False|peeCooldown=133.8|aerial=False|glide=False|legs=0|activity=Investigate|site=1|visits=1
10.061,-7.300,0.100,-10.500,idle|wait=2.05|panic=0.00|target=1|speed=0.00|near=False|yaw=185.2|peeing=False|peeCooldown=133.8|aerial=False|glide=False|legs=0|activity=Investigate|site=1|visits=1
10.064,-7.300,0.100,-10.500,idle|wait=2.05|panic=0.00|target=1|speed=0.00|near=False|yaw=185.2|peeing=False|peeCooldown=133.8|aerial=False|glide=False|legs=0|activity=Investigate|site=1|visits=1
10.066,-7.300,0.100,-10.500,idle|wait=2.05|panic=0.00|target=1|speed=0.00|near=False|yaw=185.2|peeing=False|peeCooldown=133.8|aerial=False|glide=False|legs=0|activity=Investigate|site=1|visits=1
10.069,-7.300,0.100,-10.500,idle|wait=2.05|panic=0.00|target=1|speed=0.00|near=False|yaw=185.2|peeing=False|peeCooldown=133.8|aerial=False|glide=False|legs=0|activity=Investigate|site=1|visits=1
10.073,-7.300,0.100,-10.500,idle|wait=2.05|panic=0.00|target=1|speed=0.00|near=False|yaw=185.2|peeing=False|peeCooldown=133.8|aerial=False|glide=False|legs=0|activity=Investigate|site=1|visits=1
10.075,-7.300,0.100,-10.500,idle|wait=2.05|panic=0.00|target=1|speed=0.00|near=False|yaw=185.2|peeing=False|peeCooldown=133.8|aerial=False|glide=False|legs=0|activity=Investigate|site=1|visits=1
10.078,-7.300,0.100,-10.500,idle|wait=2.05|panic=0.00|target=1|speed=0.00|near=False|yaw=185.2|peeing=False|peeCooldown=133.8|aerial=False|glide=False|legs=0|activity=Investigate|site=1|visits=1
10.082,-7.300,0.100,-10.500,idle|wait=2.05|panic=0.00|target=1|speed=0.00|near=False|yaw=185.2|peeing=False|peeCooldown=133.8|aerial=False|glide=False|legs=0|activity=Investigate|site=1|visits=1
10.085,-7.300,0.100,-10.500,idle|wait=2.05|panic=0.00|target=1|speed=0.00|near=False|yaw=185.2|peeing=False|peeCooldown=133.8|aerial=False|glide=False|legs=0|activity=Investigate|site=1|visits=1
10.114,-7.300,0.100,-10.500,idle|wait=2.05|panic=0.00|target=1|speed=0.00|near=False|yaw=185.2|peeing=False|peeCooldown=133.7|aerial=False|glide=False|legs=0|activity=Investigate|site=1|visits=1
10.117,-7.300,0.100,-10.500,idle|wait=2.05|panic=0.00|target=1|speed=0.00|near=False|yaw=185.2|peeing=False|peeCooldown=133.7|aerial=False|glide=False|legs=0|activity=Investigate|site=1|visits=1
10.120,-7.300,0.100,-10.500,idle|wait=2.05|panic=0.00|target=1|speed=0.00|near=False|yaw=185.2|peeing=False|peeCooldown=133.7|aerial=False|glide=False|legs=0|activity=Investigate|site=1|visits=1
10.125,-7.300,0.100,-10.500,idle|wait=2.05|panic=0.00|target=1|speed=0.00|near=False|yaw=185.2|peeing=False|peeCooldown=133.7|aerial=False|glide=False|legs=0|activity=Investigate|site=1|visits=1
10.127,-7.300,0.100,-10.500,idle|wait=2.05|panic=0.00|target=1|speed=0.00|near=False|yaw=185.2|peeing=False|peeCooldown=133.7|aerial=False|glide=False|legs=0|activity=Investigate|site=1|visits=1
10.129,-7.300,0.100,-10.500,idle|wait=2.05|panic=0.00|target=1|speed=0.00|near=False|yaw=185.2|peeing=False|peeCooldown=133.7|aerial=False|glide=False|legs=0|activity=Investigate|site=1|visits=1
10.132,-7.300,0.100,-10.500,idle|wait=2.05|panic=0.00|target=1|speed=0.00|near=False|yaw=185.2|peeing=False|peeCooldown=133.7|aerial=False|glide=False|legs=0|activity=Investigate|site=1|visits=1
10.134,-7.300,0.100,-10.500,idle|wait=2.05|panic=0.00|target=1|speed=0.00|near=False|yaw=185.2|peeing=False|peeCooldown=133.7|aerial=False|glide=False|legs=0|activity=Investigate|site=1|visits=1
10.138,-7.300,0.100,-10.500,idle|wait=2.05|panic=0.00|target=1|speed=0.00|near=False|yaw=185.2|peeing=False|peeCooldown=133.7|aerial=False|glide=False|legs=0|activity=Investigate|site=1|visits=1
10.170,-7.300,0.100,-10.500,idle|wait=2.05|panic=0.00|target=1|speed=0.00|near=False|yaw=185.2|peeing=False|peeCooldown=133.7|aerial=False|glide=False|legs=0|activity=Investigate|site=1|visits=1
10.174,-7.300,0.100,-10.500,idle|wait=2.05|panic=0.00|target=1|speed=0.00|near=False|yaw=185.2|peeing=False|peeCooldown=133.7|aerial=False|glide=False|legs=0|activity=Investigate|site=1|visits=1
10.179,-7.300,0.100,-10.500,idle|wait=2.05|panic=0.00|target=1|speed=0.00|near=False|yaw=185.2|peeing=False|peeCooldown=133.7|aerial=False|glide=False|legs=0|activity=Investigate|site=1|visits=1
10.182,-7.300,0.100,-10.500,idle|wait=2.05|panic=0.00|target=1|speed=0.00|near=False|yaw=185.2|peeing=False|peeCooldown=133.7|aerial=False|glide=False|legs=0|activity=Investigate|site=1|visits=1
10.185,-7.300,0.100,-10.500,idle|wait=2.05|panic=0.00|target=1|speed=0.00|near=False|yaw=185.2|peeing=False|peeCooldown=133.7|aerial=False|glide=False|legs=0|activity=Investigate|site=1|visits=1
10.188,-7.300,0.100,-10.500,idle|wait=2.05|panic=0.00|target=1|speed=0.00|near=False|yaw=185.2|peeing=False|peeCooldown=133.6|aerial=False|glide=False|legs=0|activity=Investigate|site=1|visits=1
10.213,-7.300,0.100,-10.500,idle|wait=2.05|panic=0.00|target=1|speed=0.00|near=False|yaw=185.2|peeing=False|peeCooldown=133.6|aerial=False|glide=False|legs=0|activity=Investigate|site=1|visits=1
10.217,-7.300,0.100,-10.500,idle|wait=2.05|panic=0.00|target=1|speed=0.00|near=False|yaw=185.2|peeing=False|peeCooldown=133.6|aerial=False|glide=False|legs=0|activity=Investigate|site=1|visits=1
10.219,-7.300,0.100,-10.500,idle|wait=2.05|panic=0.00|target=1|speed=0.00|near=False|yaw=185.2|peeing=False|peeCooldown=133.6|aerial=False|glide=False|legs=0|activity=Investigate|site=1|visits=1
10.222,-7.300,0.100,-10.500,idle|wait=2.05|panic=0.00|target=1|speed=0.00|near=False|yaw=185.2|peeing=False|peeCooldown=133.6|aerial=False|glide=False|legs=0|activity=Investigate|site=1|visits=1
10.225,-7.300,0.100,-10.500,idle|wait=2.05|panic=0.00|target=1|speed=0.00|near=False|yaw=185.2|peeing=False|peeCooldown=133.6|aerial=False|glide=False|legs=0|activity=Investigate|site=1|visits=1
10.229,-7.300,0.100,-10.500,idle|wait=2.05|panic=0.00|target=1|speed=0.00|near=False|yaw=185.2|peeing=False|peeCooldown=133.6|aerial=False|glide=False|legs=0|activity=Investigate|site=1|visits=1
10.232,-7.300,0.100,-10.500,idle|wait=2.05|panic=0.00|target=1|speed=0.00|near=False|yaw=185.2|peeing=False|peeCooldown=133.6|aerial=False|glide=False|legs=0|activity=Investigate|site=1|visits=1
10.234,-7.300,0.100,-10.500,idle|wait=2.05|panic=0.00|target=1|speed=0.00|near=False|yaw=185.2|peeing=False|peeCooldown=133.6|aerial=False|glide=False|legs=0|activity=Investigate|site=1|visits=1
10.238,-7.300,0.100,-10.500,idle|wait=2.05|panic=0.00|target=1|speed=0.00|near=False|yaw=185.2|peeing=False|peeCooldown=133.6|aerial=False|glide=False|legs=0|activity=Investigate|site=1|visits=1
10.241,-7.300,0.100,-10.500,idle|wait=2.05|panic=0.00|target=1|speed=0.00|near=False|yaw=185.2|peeing=False|peeCooldown=133.6|aerial=False|glide=False|legs=0|activity=Investigate|site=1|visits=1
10.274,-7.300,0.100,-10.500,idle|wait=2.05|panic=0.00|target=1|speed=0.00|near=False|yaw=185.2|peeing=False|peeCooldown=133.6|aerial=False|glide=False|legs=0|activity=Investigate|site=1|visits=1
10.278,-7.300,0.100,-10.500,idle|wait=2.05|panic=0.00|target=1|speed=0.00|near=False|yaw=185.2|peeing=False|peeCooldown=133.6|aerial=False|glide=False|legs=0|activity=Investigate|site=1|visits=1
10.283,-7.300,0.100,-10.500,idle|wait=2.05|panic=0.00|target=1|speed=0.00|near=False|yaw=185.2|peeing=False|peeCooldown=133.6|aerial=False|glide=False|legs=0|activity=Investigate|site=1|visits=1
10.286,-7.300,0.100,-10.500,idle|wait=2.05|panic=0.00|target=1|speed=0.00|near=False|yaw=185.2|peeing=False|peeCooldown=133.5|aerial=False|glide=False|legs=0|activity=Investigate|site=1|visits=1
10.289,-7.300,0.100,-10.500,idle|wait=2.05|panic=0.00|target=1|speed=0.00|near=False|yaw=185.2|peeing=False|peeCooldown=133.5|aerial=False|glide=False|legs=0|activity=Investigate|site=1|visits=1
10.292,-7.300,0.100,-10.500,idle|wait=2.05|panic=0.00|target=1|speed=0.00|near=False|yaw=185.2|peeing=False|peeCooldown=133.5|aerial=False|glide=False|legs=0|activity=Investigate|site=1|visits=1
10.317,-7.300,0.100,-10.500,idle|wait=2.05|panic=0.00|target=1|speed=0.00|near=False|yaw=185.2|peeing=False|peeCooldown=133.5|aerial=False|glide=False|legs=0|activity=Investigate|site=1|visits=1
10.322,-7.300,0.100,-10.500,idle|wait=2.05|panic=0.00|target=1|speed=0.00|near=False|yaw=185.2|peeing=False|peeCooldown=133.5|aerial=False|glide=False|legs=0|activity=Investigate|site=1|visits=1
10.330,-7.300,0.100,-10.500,idle|wait=2.05|panic=0.00|target=1|speed=0.00|near=False|yaw=185.2|peeing=False|peeCooldown=133.5|aerial=False|glide=False|legs=0|activity=Investigate|site=1|visits=1
10.334,-7.300,0.100,-10.500,idle|wait=2.05|panic=0.00|target=1|speed=0.00|near=False|yaw=185.2|peeing=False|peeCooldown=133.5|aerial=False|glide=False|legs=0|activity=Investigate|site=1|visits=1
10.337,-7.300,0.100,-10.500,idle|wait=2.05|panic=0.00|target=1|speed=0.00|near=False|yaw=185.2|peeing=False|peeCooldown=133.5|aerial=False|glide=False|legs=0|activity=Investigate|site=1|visits=1
10.339,-7.300,0.100,-10.500,idle|wait=2.05|panic=0.00|target=1|speed=0.00|near=False|yaw=185.2|peeing=False|peeCooldown=133.5|aerial=False|glide=False|legs=0|activity=Investigate|site=1|visits=1
10.342,-7.300,0.100,-10.500,idle|wait=2.05|panic=0.00|target=1|speed=0.00|near=False|yaw=185.2|peeing=False|peeCooldown=133.5|aerial=False|glide=False|legs=0|activity=Investigate|site=1|visits=1
10.372,-7.300,0.100,-10.500,idle|wait=2.05|panic=0.00|target=1|speed=0.00|near=False|yaw=185.2|peeing=False|peeCooldown=133.5|aerial=False|glide=False|legs=0|activity=Investigate|site=1|visits=1
10.376,-7.300,0.100,-10.500,idle|wait=2.05|panic=0.00|target=1|speed=0.00|near=False|yaw=185.2|peeing=False|peeCooldown=133.5|aerial=False|glide=False|legs=0|activity=Investigate|site=1|visits=1
10.379,-7.300,0.100,-10.500,idle|wait=2.05|panic=0.00|target=1|speed=0.00|near=False|yaw=185.2|peeing=False|peeCooldown=133.5|aerial=False|glide=False|legs=0|activity=Investigate|site=1|visits=1
10.381,-7.300,0.100,-10.500,idle|wait=2.05|panic=0.00|target=1|speed=0.00|near=False|yaw=185.2|peeing=False|peeCooldown=133.5|aerial=False|glide=False|legs=0|activity=Investigate|site=1|visits=1
10.386,-7.300,0.100,-10.500,idle|wait=2.05|panic=0.00|target=1|speed=0.00|near=False|yaw=185.2|peeing=False|peeCooldown=133.4|aerial=False|glide=False|legs=0|activity=Investigate|site=1|visits=1
10.389,-7.300,0.100,-10.500,idle|wait=2.05|panic=0.00|target=1|speed=0.00|near=False|yaw=185.2|peeing=False|peeCooldown=133.4|aerial=False|glide=False|legs=0|activity=Investigate|site=1|visits=1
10.391,-7.300,0.100,-10.500,idle|wait=2.05|panic=0.00|target=1|speed=0.00|near=False|yaw=185.2|peeing=False|peeCooldown=133.4|aerial=False|glide=False|legs=0|activity=Investigate|site=1|visits=1
10.393,-7.300,0.100,-10.500,idle|wait=2.05|panic=0.00|target=1|speed=0.00|near=False|yaw=185.2|peeing=False|peeCooldown=133.4|aerial=False|glide=False|legs=0|activity=Investigate|site=1|visits=1
10.425,-7.300,0.100,-10.500,idle|wait=2.05|panic=0.00|target=1|speed=0.00|near=False|yaw=185.2|peeing=False|peeCooldown=133.4|aerial=False|glide=False|legs=0|activity=Investigate|site=1|visits=1
10.432,-7.300,0.100,-10.500,idle|wait=2.05|panic=0.00|target=1|speed=0.00|near=False|yaw=185.2|peeing=False|peeCooldown=133.4|aerial=False|glide=False|legs=0|activity=Investigate|site=1|visits=1
10.437,-7.300,0.100,-10.500,idle|wait=2.05|panic=0.00|target=1|speed=0.00|near=False|yaw=185.2|peeing=False|peeCooldown=133.4|aerial=False|glide=False|legs=0|activity=Investigate|site=1|visits=1
10.440,-7.300,0.100,-10.500,idle|wait=2.05|panic=0.00|target=1|speed=0.00|near=False|yaw=185.2|peeing=False|peeCooldown=133.4|aerial=False|glide=False|legs=0|activity=Investigate|site=1|visits=1
10.442,-7.300,0.100,-10.500,idle|wait=2.05|panic=0.00|target=1|speed=0.00|near=False|yaw=185.2|peeing=False|peeCooldown=133.4|aerial=False|glide=False|legs=0|activity=Investigate|site=1|visits=1
10.445,-7.300,0.100,-10.500,idle|wait=2.05|panic=0.00|target=1|speed=0.00|near=False|yaw=185.2|peeing=False|peeCooldown=133.4|aerial=False|glide=False|legs=0|activity=Investigate|site=1|visits=1
10.469,-7.300,0.100,-10.500,idle|wait=2.05|panic=0.00|target=1|speed=0.00|near=False|yaw=185.2|peeing=False|peeCooldown=133.4|aerial=False|glide=False|legs=0|activity=Investigate|site=1|visits=1
10.473,-7.300,0.100,-10.500,idle|wait=2.05|panic=0.00|target=1|speed=0.00|near=False|yaw=185.2|peeing=False|peeCooldown=133.4|aerial=False|glide=False|legs=0|activity=Investigate|site=1|visits=1
10.476,-7.300,0.100,-10.500,idle|wait=2.05|panic=0.00|target=1|speed=0.00|near=False|yaw=185.2|peeing=False|peeCooldown=133.4|aerial=False|glide=False|legs=0|activity=Investigate|site=1|visits=1
10.479,-7.300,0.100,-10.500,idle|wait=2.05|panic=0.00|target=1|speed=0.00|near=False|yaw=185.2|peeing=False|peeCooldown=133.4|aerial=False|glide=False|legs=0|activity=Investigate|site=1|visits=1
10.481,-7.300,0.100,-10.500,idle|wait=2.05|panic=0.00|target=1|speed=0.00|near=False|yaw=185.2|peeing=False|peeCooldown=133.4|aerial=False|glide=False|legs=0|activity=Investigate|site=1|visits=1
10.484,-7.300,0.100,-10.500,idle|wait=2.05|panic=0.00|target=1|speed=0.00|near=False|yaw=185.2|peeing=False|peeCooldown=133.4|aerial=False|glide=False|legs=0|activity=Investigate|site=1|visits=1
10.488,-7.300,0.100,-10.500,idle|wait=2.05|panic=0.00|target=1|speed=0.00|near=False|yaw=185.2|peeing=False|peeCooldown=133.3|aerial=False|glide=False|legs=0|activity=Investigate|site=1|visits=1
10.491,-7.300,0.100,-10.500,idle|wait=2.05|panic=0.00|target=1|speed=0.00|near=False|yaw=185.2|peeing=False|peeCooldown=133.3|aerial=False|glide=False|legs=0|activity=Investigate|site=1|visits=1
10.495,-7.300,0.100,-10.500,idle|wait=2.05|panic=0.00|target=1|speed=0.00|near=False|yaw=185.2|peeing=False|peeCooldown=133.3|aerial=False|glide=False|legs=0|activity=Investigate|site=1|visits=1
10.497,-7.300,0.100,-10.500,idle|wait=2.05|panic=0.00|target=1|speed=0.00|near=False|yaw=185.2|peeing=False|peeCooldown=133.3|aerial=False|glide=False|legs=0|activity=Investigate|site=1|visits=1
10.528,-7.300,0.100,-10.500,idle|wait=2.05|panic=0.00|target=1|speed=0.00|near=False|yaw=185.2|peeing=False|peeCooldown=133.3|aerial=False|glide=False|legs=0|activity=Investigate|site=1|visits=1
10.532,-7.300,0.100,-10.500,idle|wait=2.05|panic=0.00|target=1|speed=0.00|near=False|yaw=185.2|peeing=False|peeCooldown=133.3|aerial=False|glide=False|legs=0|activity=Investigate|site=1|visits=1
10.534,-7.300,0.100,-10.500,idle|wait=2.05|panic=0.00|target=1|speed=0.00|near=False|yaw=185.2|peeing=False|peeCooldown=133.3|aerial=False|glide=False|legs=0|activity=Investigate|site=1|visits=1
10.543,-7.300,0.100,-10.500,idle|wait=2.05|panic=0.00|target=1|speed=0.00|near=False|yaw=185.2|peeing=False|peeCooldown=133.3|aerial=False|glide=False|legs=0|activity=Investigate|site=1|visits=1
10.548,-7.300,0.100,-10.500,idle|wait=2.05|panic=0.00|target=1|speed=0.00|near=False|yaw=185.2|peeing=False|peeCooldown=133.3|aerial=False|glide=False|legs=0|activity=Investigate|site=1|visits=1
10.573,-7.300,0.100,-10.500,idle|wait=2.05|panic=0.00|target=1|speed=0.00|near=False|yaw=185.2|peeing=False|peeCooldown=133.3|aerial=False|glide=False|legs=0|activity=Investigate|site=1|visits=1
10.577,-7.300,0.100,-10.500,idle|wait=2.05|panic=0.00|target=1|speed=0.00|near=False|yaw=185.2|peeing=False|peeCooldown=133.3|aerial=False|glide=False|legs=0|activity=Investigate|site=1|visits=1
10.579,-7.300,0.100,-10.500,idle|wait=2.05|panic=0.00|target=1|speed=0.00|near=False|yaw=185.2|peeing=False|peeCooldown=133.3|aerial=False|glide=False|legs=0|activity=Investigate|site=1|visits=1
10.582,-7.300,0.100,-10.500,idle|wait=2.05|panic=0.00|target=1|speed=0.00|near=False|yaw=185.2|peeing=False|peeCooldown=133.3|aerial=False|glide=False|legs=0|activity=Investigate|site=1|visits=1
10.585,-7.300,0.100,-10.500,idle|wait=2.05|panic=0.00|target=1|speed=0.00|near=False|yaw=185.2|peeing=False|peeCooldown=133.3|aerial=False|glide=False|legs=0|activity=Investigate|site=1|visits=1
10.590,-7.300,0.100,-10.500,idle|wait=2.05|panic=0.00|target=1|speed=0.00|near=False|yaw=185.2|peeing=False|peeCooldown=133.2|aerial=False|glide=False|legs=0|activity=Investigate|site=1|visits=1
10.592,-7.300,0.100,-10.500,idle|wait=2.05|panic=0.00|target=1|speed=0.00|near=False|yaw=185.2|peeing=False|peeCooldown=133.2|aerial=False|glide=False|legs=0|activity=Investigate|site=1|visits=1
10.595,-7.300,0.100,-10.500,idle|wait=2.05|panic=0.00|target=1|speed=0.00|near=False|yaw=185.2|peeing=False|peeCooldown=133.2|aerial=False|glide=False|legs=0|activity=Investigate|site=1|visits=1
10.599,-7.300,0.100,-10.500,idle|wait=2.05|panic=0.00|target=1|speed=0.00|near=False|yaw=185.2|peeing=False|peeCooldown=133.2|aerial=False|glide=False|legs=0|activity=Investigate|site=1|visits=1
10.601,-7.300,0.100,-10.500,idle|wait=2.05|panic=0.00|target=1|speed=0.00|near=False|yaw=185.2|peeing=False|peeCooldown=133.2|aerial=False|glide=False|legs=0|activity=Investigate|site=1|visits=1
10.633,-7.300,0.100,-10.500,idle|wait=2.05|panic=0.00|target=1|speed=0.00|near=False|yaw=185.2|peeing=False|peeCooldown=133.2|aerial=False|glide=False|legs=0|activity=Investigate|site=1|visits=1
10.636,-7.300,0.100,-10.500,idle|wait=2.05|panic=0.00|target=1|speed=0.00|near=False|yaw=185.2|peeing=False|peeCooldown=133.2|aerial=False|glide=False|legs=0|activity=Investigate|site=1|visits=1
10.640,-7.300,0.100,-10.500,idle|wait=2.05|panic=0.00|target=1|speed=0.00|near=False|yaw=185.2|peeing=False|peeCooldown=133.2|aerial=False|glide=False|legs=0|activity=Investigate|site=1|visits=1
10.643,-7.300,0.100,-10.500,idle|wait=2.05|panic=0.00|target=1|speed=0.00|near=False|yaw=185.2|peeing=False|peeCooldown=133.2|aerial=False|glide=False|legs=0|activity=Investigate|site=1|visits=1
10.650,-7.300,0.100,-10.500,idle|wait=2.05|panic=0.00|target=1|speed=0.00|near=False|yaw=185.2|peeing=False|peeCooldown=133.2|aerial=False|glide=False|legs=0|activity=Investigate|site=1|visits=1
10.653,-7.300,0.100,-10.500,idle|wait=2.05|panic=0.00|target=1|speed=0.00|near=False|yaw=185.2|peeing=False|peeCooldown=133.2|aerial=False|glide=False|legs=0|activity=Investigate|site=1|visits=1
10.681,-7.300,0.100,-10.500,idle|wait=2.05|panic=0.00|target=1|speed=0.00|near=False|yaw=185.2|peeing=False|peeCooldown=133.2|aerial=False|glide=False|legs=0|activity=Investigate|site=1|visits=1
10.686,-7.300,0.100,-10.500,idle|wait=2.05|panic=0.00|target=1|speed=0.00|near=False|yaw=185.2|peeing=False|peeCooldown=133.2|aerial=False|glide=False|legs=0|activity=Investigate|site=1|visits=1
10.688,-7.300,0.100,-10.500,idle|wait=2.05|panic=0.00|target=1|speed=0.00|near=False|yaw=185.2|peeing=False|peeCooldown=133.1|aerial=False|glide=False|legs=0|activity=Investigate|site=1|visits=1
10.692,-7.300,0.100,-10.500,idle|wait=2.05|panic=0.00|target=1|speed=0.00|near=False|yaw=185.2|peeing=False|peeCooldown=133.1|aerial=False|glide=False|legs=0|activity=Investigate|site=1|visits=1
10.695,-7.300,0.100,-10.500,idle|wait=2.05|panic=0.00|target=1|speed=0.00|near=False|yaw=185.2|peeing=False|peeCooldown=133.1|aerial=False|glide=False|legs=0|activity=Investigate|site=1|visits=1
10.697,-7.300,0.100,-10.500,idle|wait=2.05|panic=0.00|target=1|speed=0.00|near=False|yaw=185.2|peeing=False|peeCooldown=133.1|aerial=False|glide=False|legs=0|activity=Investigate|site=1|visits=1
10.700,-7.300,0.100,-10.500,idle|wait=2.05|panic=0.00|target=1|speed=0.00|near=False|yaw=185.2|peeing=False|peeCooldown=133.1|aerial=False|glide=False|legs=0|activity=Investigate|site=1|visits=1
10.702,-7.300,0.100,-10.500,idle|wait=2.05|panic=0.00|target=1|speed=0.00|near=False|yaw=185.2|peeing=False|peeCooldown=133.1|aerial=False|glide=False|legs=0|activity=Investigate|site=1|visits=1
10.707,-7.300,0.100,-10.500,idle|wait=2.05|panic=0.00|target=1|speed=0.00|near=False|yaw=185.2|peeing=False|peeCooldown=133.1|aerial=False|glide=False|legs=0|activity=Investigate|site=1|visits=1
10.738,-7.300,0.100,-10.500,idle|wait=2.05|panic=0.00|target=1|speed=0.00|near=False|yaw=185.2|peeing=False|peeCooldown=133.1|aerial=False|glide=False|legs=0|activity=Investigate|site=1|visits=1
10.742,-7.300,0.100,-10.500,idle|wait=2.05|panic=0.00|target=1|speed=0.00|near=False|yaw=185.2|peeing=False|peeCooldown=133.1|aerial=False|glide=False|legs=0|activity=Investigate|site=1|visits=1
10.747,-7.300,0.100,-10.500,idle|wait=2.05|panic=0.00|target=1|speed=0.00|near=False|yaw=185.2|peeing=False|peeCooldown=133.1|aerial=False|glide=False|legs=0|activity=Investigate|site=1|visits=1
10.750,-7.300,0.100,-10.500,idle|wait=2.05|panic=0.00|target=1|speed=0.00|near=False|yaw=185.2|peeing=False|peeCooldown=133.1|aerial=False|glide=False|legs=0|activity=Investigate|site=1|visits=1
10.752,-7.300,0.100,-10.500,idle|wait=2.05|panic=0.00|target=1|speed=0.00|near=False|yaw=185.2|peeing=False|peeCooldown=133.1|aerial=False|glide=False|legs=0|activity=Investigate|site=1|visits=1
10.758,-7.300,0.100,-10.500,idle|wait=2.05|panic=0.00|target=1|speed=0.00|near=False|yaw=185.2|peeing=False|peeCooldown=133.1|aerial=False|glide=False|legs=0|activity=Investigate|site=1|visits=1
10.762,-7.300,0.100,-10.500,idle|wait=2.05|panic=0.00|target=1|speed=0.00|near=False|yaw=185.2|peeing=False|peeCooldown=133.1|aerial=False|glide=False|legs=0|activity=Investigate|site=1|visits=1
10.786,-7.300,0.100,-10.500,idle|wait=2.05|panic=0.00|target=1|speed=0.00|near=False|yaw=185.2|peeing=False|peeCooldown=133.0|aerial=False|glide=False|legs=0|activity=Investigate|site=1|visits=1
10.790,-7.300,0.100,-10.500,idle|wait=2.05|panic=0.00|target=1|speed=0.00|near=False|yaw=185.2|peeing=False|peeCooldown=133.0|aerial=False|glide=False|legs=0|activity=Investigate|site=1|visits=1
10.793,-7.300,0.100,-10.500,idle|wait=2.05|panic=0.00|target=1|speed=0.00|near=False|yaw=185.2|peeing=False|peeCooldown=133.0|aerial=False|glide=False|legs=0|activity=Investigate|site=1|visits=1
10.798,-7.300,0.100,-10.500,idle|wait=2.05|panic=0.00|target=1|speed=0.00|near=False|yaw=185.2|peeing=False|peeCooldown=133.0|aerial=False|glide=False|legs=0|activity=Investigate|site=1|visits=1
10.800,-7.300,0.100,-10.500,idle|wait=2.05|panic=0.00|target=1|speed=0.00|near=False|yaw=185.2|peeing=False|peeCooldown=133.0|aerial=False|glide=False|legs=0|activity=Investigate|site=1|visits=1
10.803,-7.300,0.100,-10.500,idle|wait=2.05|panic=0.00|target=1|speed=0.00|near=False|yaw=185.2|peeing=False|peeCooldown=133.0|aerial=False|glide=False|legs=0|activity=Investigate|site=1|visits=1
10.806,-7.300,0.100,-10.500,idle|wait=2.05|panic=0.00|target=1|speed=0.00|near=False|yaw=185.2|peeing=False|peeCooldown=133.0|aerial=False|glide=False|legs=0|activity=Investigate|site=1|visits=1
10.808,-7.300,0.100,-10.500,idle|wait=2.05|panic=0.00|target=1|speed=0.00|near=False|yaw=185.2|peeing=False|peeCooldown=133.0|aerial=False|glide=False|legs=0|activity=Investigate|site=1|visits=1
10.812,-7.300,0.100,-10.500,idle|wait=2.05|panic=0.00|target=1|speed=0.00|near=False|yaw=185.2|peeing=False|peeCooldown=133.0|aerial=False|glide=False|legs=0|activity=Investigate|site=1|visits=1
10.815,-7.300,0.100,-10.500,idle|wait=2.05|panic=0.00|target=1|speed=0.00|near=False|yaw=185.2|peeing=False|peeCooldown=133.0|aerial=False|glide=False|legs=0|activity=Investigate|site=1|visits=1
10.844,-7.300,0.100,-10.500,idle|wait=2.05|panic=0.00|target=1|speed=0.00|near=False|yaw=185.2|peeing=False|peeCooldown=133.0|aerial=False|glide=False|legs=0|activity=Investigate|site=1|visits=1
10.849,-7.300,0.100,-10.500,idle|wait=2.05|panic=0.00|target=1|speed=0.00|near=False|yaw=185.2|peeing=False|peeCooldown=133.0|aerial=False|glide=False|legs=0|activity=Investigate|site=1|visits=1
10.852,-7.300,0.100,-10.500,idle|wait=2.05|panic=0.00|target=1|speed=0.00|near=False|yaw=185.2|peeing=False|peeCooldown=133.0|aerial=False|glide=False|legs=0|activity=Investigate|site=1|visits=1
10.854,-7.300,0.100,-10.500,idle|wait=2.05|panic=0.00|target=1|speed=0.00|near=False|yaw=185.2|peeing=False|peeCooldown=133.0|aerial=False|glide=False|legs=0|activity=Investigate|site=1|visits=1
10.856,-7.300,0.100,-10.500,idle|wait=2.05|panic=0.00|target=1|speed=0.00|near=False|yaw=185.2|peeing=False|peeCooldown=133.0|aerial=False|glide=False|legs=0|activity=Investigate|site=1|visits=1
10.859,-7.300,0.100,-10.500,idle|wait=2.05|panic=0.00|target=1|speed=0.00|near=False|yaw=185.2|peeing=False|peeCooldown=133.0|aerial=False|glide=False|legs=0|activity=Investigate|site=1|visits=1
10.866,-7.300,0.100,-10.500,idle|wait=2.05|panic=0.00|target=1|speed=0.00|near=False|yaw=185.2|peeing=False|peeCooldown=133.0|aerial=False|glide=False|legs=0|activity=Investigate|site=1|visits=1
10.870,-7.300,0.100,-10.500,idle|wait=2.05|panic=0.00|target=1|speed=0.00|near=False|yaw=185.2|peeing=False|peeCooldown=133.0|aerial=False|glide=False|legs=0|activity=Investigate|site=1|visits=1
10.901,-7.300,0.100,-10.500,idle|wait=2.05|panic=0.00|target=1|speed=0.00|near=False|yaw=185.2|peeing=False|peeCooldown=132.9|aerial=False|glide=False|legs=0|activity=Investigate|site=1|visits=1
10.907,-7.300,0.100,-10.500,idle|wait=2.05|panic=0.00|target=1|speed=0.00|near=False|yaw=185.2|peeing=False|peeCooldown=132.9|aerial=False|glide=False|legs=0|activity=Investigate|site=1|visits=1
10.909,-7.300,0.100,-10.500,idle|wait=2.05|panic=0.00|target=1|speed=0.00|near=False|yaw=185.2|peeing=False|peeCooldown=132.9|aerial=False|glide=False|legs=0|activity=Investigate|site=1|visits=1
10.912,-7.300,0.100,-10.500,idle|wait=2.05|panic=0.00|target=1|speed=0.00|near=False|yaw=185.2|peeing=False|peeCooldown=132.9|aerial=False|glide=False|legs=0|activity=Investigate|site=1|visits=1
10.914,-7.300,0.100,-10.500,idle|wait=2.05|panic=0.00|target=1|speed=0.00|near=False|yaw=185.2|peeing=False|peeCooldown=132.9|aerial=False|glide=False|legs=0|activity=Investigate|site=1|visits=1
10.916,-7.300,0.100,-10.500,idle|wait=2.05|panic=0.00|target=1|speed=0.00|near=False|yaw=185.2|peeing=False|peeCooldown=132.9|aerial=False|glide=False|legs=0|activity=Investigate|site=1|visits=1
10.919,-7.300,0.100,-10.500,idle|wait=2.05|panic=0.00|target=1|speed=0.00|near=False|yaw=185.2|peeing=False|peeCooldown=132.9|aerial=False|glide=False|legs=0|activity=Investigate|site=1|visits=1
10.921,-7.300,0.100,-10.500,idle|wait=2.05|panic=0.00|target=1|speed=0.00|near=False|yaw=185.2|peeing=False|peeCooldown=132.9|aerial=False|glide=False|legs=0|activity=Investigate|site=1|visits=1
10.952,-7.300,0.100,-10.500,idle|wait=2.05|panic=0.00|target=1|speed=0.00|near=False|yaw=185.2|peeing=False|peeCooldown=132.9|aerial=False|glide=False|legs=0|activity=Investigate|site=1|visits=1
10.957,-7.300,0.100,-10.500,idle|wait=2.05|panic=0.00|target=1|speed=0.00|near=False|yaw=185.2|peeing=False|peeCooldown=132.9|aerial=False|glide=False|legs=0|activity=Investigate|site=1|visits=1
10.959,-7.300,0.100,-10.500,idle|wait=2.05|panic=0.00|target=1|speed=0.00|near=False|yaw=185.2|peeing=False|peeCooldown=132.9|aerial=False|glide=False|legs=0|activity=Investigate|site=1|visits=1
10.962,-7.300,0.100,-10.500,idle|wait=2.05|panic=0.00|target=1|speed=0.00|near=False|yaw=185.2|peeing=False|peeCooldown=132.9|aerial=False|glide=False|legs=0|activity=Investigate|site=1|visits=1
10.965,-7.300,0.100,-10.500,idle|wait=2.05|panic=0.00|target=1|speed=0.00|near=False|yaw=185.2|peeing=False|peeCooldown=132.9|aerial=False|glide=False|legs=0|activity=Investigate|site=1|visits=1
10.967,-7.300,0.100,-10.500,idle|wait=2.05|panic=0.00|target=1|speed=0.00|near=False|yaw=185.2|peeing=False|peeCooldown=132.9|aerial=False|glide=False|legs=0|activity=Investigate|site=1|visits=1
10.973,-7.300,0.100,-10.500,idle|wait=2.05|panic=0.00|target=1|speed=0.00|near=False|yaw=185.2|peeing=False|peeCooldown=132.9|aerial=False|glide=False|legs=0|activity=Investigate|site=1|visits=1
10.978,-7.300,0.100,-10.500,idle|wait=2.05|panic=0.00|target=1|speed=0.00|near=False|yaw=185.2|peeing=False|peeCooldown=132.9|aerial=False|glide=False|legs=0|activity=Investigate|site=1|visits=1
11.009,-7.300,0.100,-10.500,idle|wait=2.05|panic=0.00|target=1|speed=0.00|near=False|yaw=185.2|peeing=False|peeCooldown=132.8|aerial=False|glide=False|legs=0|activity=Investigate|site=1|visits=1
11.015,-7.300,0.100,-10.500,idle|wait=2.05|panic=0.00|target=1|speed=0.00|near=False|yaw=185.2|peeing=False|peeCooldown=132.8|aerial=False|glide=False|legs=0|activity=Investigate|site=1|visits=1
11.017,-7.300,0.100,-10.500,idle|wait=2.05|panic=0.00|target=1|speed=0.00|near=False|yaw=185.2|peeing=False|peeCooldown=132.8|aerial=False|glide=False|legs=0|activity=Investigate|site=1|visits=1
11.020,-7.300,0.100,-10.500,idle|wait=2.05|panic=0.00|target=1|speed=0.00|near=False|yaw=185.2|peeing=False|peeCooldown=132.8|aerial=False|glide=False|legs=0|activity=Investigate|site=1|visits=1
11.022,-7.300,0.100,-10.500,idle|wait=2.05|panic=0.00|target=1|speed=0.00|near=False|yaw=185.2|peeing=False|peeCooldown=132.8|aerial=False|glide=False|legs=0|activity=Investigate|site=1|visits=1
11.026,-7.300,0.100,-10.500,idle|wait=2.05|panic=0.00|target=1|speed=0.00|near=False|yaw=185.2|peeing=False|peeCooldown=132.8|aerial=False|glide=False|legs=0|activity=Investigate|site=1|visits=1
11.028,-7.300,0.100,-10.500,idle|wait=2.05|panic=0.00|target=1|speed=0.00|near=False|yaw=185.2|peeing=False|peeCooldown=132.8|aerial=False|glide=False|legs=0|activity=Investigate|site=1|visits=1
11.053,-7.300,0.100,-10.500,idle|wait=2.05|panic=0.00|target=1|speed=0.00|near=False|yaw=185.2|peeing=False|peeCooldown=132.8|aerial=False|glide=False|legs=0|activity=Investigate|site=1|visits=1
11.057,-7.300,0.100,-10.500,idle|wait=2.05|panic=0.00|target=1|speed=0.00|near=False|yaw=185.2|peeing=False|peeCooldown=132.8|aerial=False|glide=False|legs=0|activity=Investigate|site=1|visits=1
11.060,-7.300,0.100,-10.500,idle|wait=2.05|panic=0.00|target=1|speed=0.00|near=False|yaw=185.2|peeing=False|peeCooldown=132.8|aerial=False|glide=False|legs=0|activity=Investigate|site=1|visits=1
11.064,-7.300,0.100,-10.500,idle|wait=2.05|panic=0.00|target=1|speed=0.00|near=False|yaw=185.2|peeing=False|peeCooldown=132.8|aerial=False|glide=False|legs=0|activity=Investigate|site=1|visits=1
11.067,-7.300,0.100,-10.500,idle|wait=2.05|panic=0.00|target=1|speed=0.00|near=False|yaw=185.2|peeing=False|peeCooldown=132.8|aerial=False|glide=False|legs=0|activity=Investigate|site=1|visits=1
11.070,-7.300,0.100,-10.500,idle|wait=2.05|panic=0.00|target=1|speed=0.00|near=False|yaw=185.2|peeing=False|peeCooldown=132.8|aerial=False|glide=False|legs=0|activity=Investigate|site=1|visits=1
11.072,-7.300,0.100,-10.500,idle|wait=2.05|panic=0.00|target=1|speed=0.00|near=False|yaw=185.2|peeing=False|peeCooldown=132.8|aerial=False|glide=False|legs=0|activity=Investigate|site=1|visits=1
11.075,-7.300,0.100,-10.500,idle|wait=2.05|panic=0.00|target=1|speed=0.00|near=False|yaw=185.2|peeing=False|peeCooldown=132.8|aerial=False|glide=False|legs=0|activity=Investigate|site=1|visits=1
11.083,-7.300,0.100,-10.500,idle|wait=2.05|panic=0.00|target=1|speed=0.00|near=False|yaw=185.2|peeing=False|peeCooldown=132.8|aerial=False|glide=False|legs=0|activity=Investigate|site=1|visits=1
11.087,-7.300,0.100,-10.500,idle|wait=2.05|panic=0.00|target=1|speed=0.00|near=False|yaw=185.2|peeing=False|peeCooldown=132.7|aerial=False|glide=False|legs=0|activity=Investigate|site=1|visits=1
11.118,-7.300,0.100,-10.500,idle|wait=2.05|panic=0.00|target=1|speed=0.00|near=False|yaw=185.2|peeing=False|peeCooldown=132.7|aerial=False|glide=False|legs=0|activity=Investigate|site=1|visits=1
11.124,-7.300,0.100,-10.500,idle|wait=2.05|panic=0.00|target=1|speed=0.00|near=False|yaw=185.2|peeing=False|peeCooldown=132.7|aerial=False|glide=False|legs=0|activity=Investigate|site=1|visits=1
11.127,-7.300,0.100,-10.500,idle|wait=2.05|panic=0.00|target=1|speed=0.00|near=False|yaw=185.2|peeing=False|peeCooldown=132.7|aerial=False|glide=False|legs=0|activity=Investigate|site=1|visits=1
11.129,-7.300,0.100,-10.500,idle|wait=2.05|panic=0.00|target=1|speed=0.00|near=False|yaw=185.2|peeing=False|peeCooldown=132.7|aerial=False|glide=False|legs=0|activity=Investigate|site=1|visits=1
11.132,-7.300,0.100,-10.500,idle|wait=2.05|panic=0.00|target=1|speed=0.00|near=False|yaw=185.2|peeing=False|peeCooldown=132.7|aerial=False|glide=False|legs=0|activity=Investigate|site=1|visits=1
11.135,-7.300,0.100,-10.500,idle|wait=2.05|panic=0.00|target=1|speed=0.00|near=False|yaw=185.2|peeing=False|peeCooldown=132.7|aerial=False|glide=False|legs=0|activity=Investigate|site=1|visits=1
11.138,-7.300,0.100,-10.500,idle|wait=2.05|panic=0.00|target=1|speed=0.00|near=False|yaw=185.2|peeing=False|peeCooldown=132.7|aerial=False|glide=False|legs=0|activity=Investigate|site=1|visits=1
11.163,-7.300,0.100,-10.500,idle|wait=2.05|panic=0.00|target=1|speed=0.00|near=False|yaw=185.2|peeing=False|peeCooldown=132.7|aerial=False|glide=False|legs=0|activity=Transit|site=3|visits=1
11.168,-7.300,0.100,-10.500,alert|wait=2.05|panic=0.00|target=1|speed=0.00|near=False|yaw=184.4|peeing=False|peeCooldown=132.7|aerial=False|glide=False|legs=0|activity=Transit|site=3|visits=1
11.173,-7.300,0.100,-10.500,alert|wait=2.05|panic=0.00|target=1|speed=0.00|near=False|yaw=183.8|peeing=False|peeCooldown=132.7|aerial=False|glide=False|legs=0|activity=Transit|site=3|visits=1
11.176,-7.300,0.100,-10.500,alert|wait=2.05|panic=0.00|target=1|speed=0.00|near=False|yaw=183.4|peeing=False|peeCooldown=132.7|aerial=False|glide=False|legs=0|activity=Transit|site=3|visits=1
11.178,-7.300,0.100,-10.500,alert|wait=2.05|panic=0.00|target=1|speed=0.00|near=False|yaw=183.1|peeing=False|peeCooldown=132.7|aerial=False|glide=False|legs=0|activity=Transit|site=3|visits=1
11.180,-7.300,0.100,-10.500,alert|wait=2.05|panic=0.00|target=1|speed=0.00|near=False|yaw=182.8|peeing=False|peeCooldown=132.7|aerial=False|glide=False|legs=0|activity=Transit|site=3|visits=1
11.183,-7.300,0.100,-10.500,alert|wait=2.05|panic=0.00|target=1|speed=0.00|near=False|yaw=182.4|peeing=False|peeCooldown=132.7|aerial=False|glide=False|legs=0|activity=Transit|site=3|visits=1
11.189,-7.300,0.100,-10.500,alert|wait=2.05|panic=0.00|target=1|speed=0.00|near=False|yaw=181.6|peeing=False|peeCooldown=132.6|aerial=False|glide=False|legs=0|activity=Transit|site=3|visits=1
11.195,-7.300,0.100,-10.500,alert|wait=2.05|panic=0.00|target=1|speed=0.00|near=False|yaw=180.9|peeing=False|peeCooldown=132.6|aerial=False|glide=False|legs=0|activity=Transit|site=3|visits=1
11.224,-7.300,0.100,-10.500,alert|wait=2.05|panic=0.00|target=1|speed=0.00|near=False|yaw=176.9|peeing=False|peeCooldown=132.6|aerial=False|glide=False|legs=0|activity=Transit|site=3|visits=1
11.230,-7.300,0.100,-10.500,alert|wait=2.05|panic=0.00|target=1|speed=0.00|near=False|yaw=176.1|peeing=False|peeCooldown=132.6|aerial=False|glide=False|legs=0|activity=Transit|site=3|visits=1
11.233,-7.300,0.100,-10.500,alert|wait=2.05|panic=0.00|target=1|speed=0.00|near=False|yaw=175.7|peeing=False|peeCooldown=132.6|aerial=False|glide=False|legs=0|activity=Transit|site=3|visits=1
11.235,-7.300,0.100,-10.500,alert|wait=2.05|panic=0.00|target=1|speed=0.00|near=False|yaw=175.4|peeing=False|peeCooldown=132.6|aerial=False|glide=False|legs=0|activity=Transit|site=3|visits=1
11.238,-7.300,0.100,-10.500,alert|wait=2.05|panic=0.00|target=1|speed=0.00|near=False|yaw=175.1|peeing=False|peeCooldown=132.6|aerial=False|glide=False|legs=0|activity=Transit|site=3|visits=1
11.240,-7.300,0.100,-10.500,alert|wait=2.05|panic=0.00|target=1|speed=0.00|near=False|yaw=174.7|peeing=False|peeCooldown=132.6|aerial=False|glide=False|legs=0|activity=Transit|site=3|visits=1
11.243,-7.300,0.100,-10.500,alert|wait=2.05|panic=0.00|target=1|speed=0.00|near=False|yaw=174.4|peeing=False|peeCooldown=132.6|aerial=False|glide=False|legs=0|activity=Transit|site=3|visits=1
11.246,-7.300,0.100,-10.500,alert|wait=2.05|panic=0.00|target=1|speed=0.00|near=False|yaw=173.9|peeing=False|peeCooldown=132.6|aerial=False|glide=False|legs=0|activity=Transit|site=3|visits=1
11.277,-7.300,0.100,-10.500,alert|wait=2.05|panic=0.00|target=1|speed=0.00|near=False|yaw=169.7|peeing=False|peeCooldown=132.6|aerial=False|glide=False|legs=0|activity=Transit|site=3|visits=1
11.282,-7.300,0.100,-10.500,alert|wait=2.05|panic=0.00|target=1|speed=0.00|near=False|yaw=169.0|peeing=False|peeCooldown=132.6|aerial=False|glide=False|legs=0|activity=Transit|site=3|visits=1
11.285,-7.300,0.100,-10.500,alert|wait=2.05|panic=0.00|target=1|speed=0.00|near=False|yaw=168.6|peeing=False|peeCooldown=132.6|aerial=False|glide=False|legs=0|activity=Transit|site=3|visits=1
11.288,-7.300,0.100,-10.500,alert|wait=2.05|panic=0.00|target=1|speed=0.00|near=False|yaw=168.3|peeing=False|peeCooldown=132.5|aerial=False|glide=False|legs=0|activity=Transit|site=3|visits=1
11.290,-7.300,0.100,-10.500,alert|wait=2.05|panic=0.00|target=1|speed=0.00|near=False|yaw=167.9|peeing=False|peeCooldown=132.5|aerial=False|glide=False|legs=0|activity=Transit|site=3|visits=1
11.293,-7.300,0.100,-10.500,alert|wait=2.05|panic=0.00|target=1|speed=0.00|near=False|yaw=167.6|peeing=False|peeCooldown=132.5|aerial=False|glide=False|legs=0|activity=Transit|site=3|visits=1
11.300,-7.300,0.100,-10.500,alert|wait=2.05|panic=0.00|target=1|speed=0.00|near=False|yaw=166.7|peeing=False|peeCooldown=132.5|aerial=False|glide=False|legs=0|activity=Transit|site=3|visits=1
11.325,-7.300,0.100,-10.500,alert|wait=2.05|panic=0.00|target=1|speed=0.00|near=False|yaw=163.3|peeing=False|peeCooldown=132.5|aerial=False|glide=False|legs=0|activity=Transit|site=3|visits=1
11.328,-7.300,0.100,-10.500,alert|wait=2.05|panic=0.00|target=1|speed=0.00|near=False|yaw=162.8|peeing=False|peeCooldown=132.5|aerial=False|glide=False|legs=0|activity=Transit|site=3|visits=1
11.333,-7.300,0.100,-10.500,alert|wait=2.05|panic=0.00|target=1|speed=0.00|near=False|yaw=162.2|peeing=False|peeCooldown=132.5|aerial=False|glide=False|legs=0|activity=Transit|site=3|visits=1
11.335,-7.300,0.100,-10.500,alert|wait=2.05|panic=0.00|target=1|speed=0.00|near=False|yaw=161.9|peeing=False|peeCooldown=132.5|aerial=False|glide=False|legs=0|activity=Transit|site=3|visits=1
11.338,-7.300,0.100,-10.500,alert|wait=2.05|panic=0.00|target=1|speed=0.00|near=False|yaw=161.6|peeing=False|peeCooldown=132.5|aerial=False|glide=False|legs=0|activity=Transit|site=3|visits=1
11.340,-7.300,0.100,-10.500,alert|wait=2.05|panic=0.00|target=1|speed=0.00|near=False|yaw=161.3|peeing=False|peeCooldown=132.5|aerial=False|glide=False|legs=0|activity=Transit|site=3|visits=1
11.342,-7.300,0.100,-10.500,alert|wait=2.05|panic=0.00|target=1|speed=0.00|near=False|yaw=160.9|peeing=False|peeCooldown=132.5|aerial=False|glide=False|legs=0|activity=Transit|site=3|visits=1
11.346,-7.300,0.100,-10.500,alert|wait=2.05|panic=0.00|target=1|speed=0.00|near=False|yaw=160.5|peeing=False|peeCooldown=132.5|aerial=False|glide=False|legs=0|activity=Transit|site=3|visits=1
11.350,-7.300,0.100,-10.500,alert|wait=2.05|panic=0.00|target=1|speed=0.00|near=False|yaw=159.9|peeing=False|peeCooldown=132.5|aerial=False|glide=False|legs=0|activity=Transit|site=3|visits=1
11.380,-7.300,0.100,-10.500,alert|wait=2.05|panic=0.00|target=1|speed=0.00|near=False|yaw=155.9|peeing=False|peeCooldown=132.5|aerial=False|glide=False|legs=0|activity=Transit|site=3|visits=1
11.385,-7.300,0.100,-10.500,alert|wait=2.05|panic=0.00|target=1|speed=0.00|near=False|yaw=155.2|peeing=False|peeCooldown=132.5|aerial=False|glide=False|legs=0|activity=Transit|site=3|visits=1
11.388,-7.300,0.100,-10.500,alert|wait=2.05|panic=0.00|target=1|speed=0.00|near=False|yaw=154.7|peeing=False|peeCooldown=132.4|aerial=False|glide=False|legs=0|activity=Transit|site=3|visits=1
11.391,-7.300,0.100,-10.500,alert|wait=2.05|panic=0.00|target=1|speed=0.00|near=False|yaw=154.4|peeing=False|peeCooldown=132.4|aerial=False|glide=False|legs=0|activity=Transit|site=3|visits=1
11.393,-7.300,0.100,-10.500,alert|wait=2.05|panic=0.00|target=1|speed=0.00|near=False|yaw=154.1|peeing=False|peeCooldown=132.4|aerial=False|glide=False|legs=0|activity=Transit|site=3|visits=1
11.395,-7.300,0.100,-10.500,alert|wait=2.05|panic=0.00|target=1|speed=0.00|near=False|yaw=153.8|peeing=False|peeCooldown=132.4|aerial=False|glide=False|legs=0|activity=Transit|site=3|visits=1
11.398,-7.300,0.100,-10.500,alert|wait=2.05|panic=0.00|target=1|speed=0.00|near=False|yaw=153.5|peeing=False|peeCooldown=132.4|aerial=False|glide=False|legs=0|activity=Transit|site=3|visits=1
11.405,-7.300,0.100,-10.500,alert|wait=2.05|panic=0.00|target=1|speed=0.00|near=False|yaw=152.5|peeing=False|peeCooldown=132.4|aerial=False|glide=False|legs=0|activity=Transit|site=3|visits=1
11.437,-7.300,0.100,-10.500,alert|wait=2.05|panic=0.00|target=1|speed=0.00|near=False|yaw=148.1|peeing=False|peeCooldown=132.4|aerial=False|glide=False|legs=0|activity=Transit|site=3|visits=1
11.442,-7.300,0.100,-10.500,alert|wait=2.05|panic=0.00|target=1|speed=0.00|near=False|yaw=147.4|peeing=False|peeCooldown=132.4|aerial=False|glide=False|legs=0|activity=Transit|site=3|visits=1
11.445,-7.300,0.100,-10.500,alert|wait=2.05|panic=0.00|target=1|speed=0.00|near=False|yaw=147.0|peeing=False|peeCooldown=132.4|aerial=False|glide=False|legs=0|activity=Transit|site=3|visits=1
11.448,-7.300,0.100,-10.500,alert|wait=2.05|panic=0.00|target=1|speed=0.00|near=False|yaw=146.7|peeing=False|peeCooldown=132.4|aerial=False|glide=False|legs=0|activity=Transit|site=3|visits=1
11.450,-7.300,0.100,-10.500,alert|wait=2.05|panic=0.00|target=1|speed=0.00|near=False|yaw=146.3|peeing=False|peeCooldown=132.4|aerial=False|glide=False|legs=0|activity=Transit|site=3|visits=1
11.475,-7.300,0.100,-10.500,alert|wait=2.05|panic=0.00|target=1|speed=0.00|near=False|yaw=143.0|peeing=False|peeCooldown=132.4|aerial=False|glide=False|legs=0|activity=Transit|site=3|visits=1
11.478,-7.300,0.100,-10.500,alert|wait=2.05|panic=0.00|target=1|speed=0.00|near=False|yaw=142.6|peeing=False|peeCooldown=132.4|aerial=False|glide=False|legs=0|activity=Transit|site=3|visits=1
11.481,-7.300,0.100,-10.500,alert|wait=2.05|panic=0.00|target=1|speed=0.00|near=False|yaw=142.2|peeing=False|peeCooldown=132.4|aerial=False|glide=False|legs=0|activity=Transit|site=3|visits=1
11.484,-7.300,0.100,-10.500,alert|wait=2.05|panic=0.00|target=1|speed=0.00|near=False|yaw=141.8|peeing=False|peeCooldown=132.4|aerial=False|glide=False|legs=0|activity=Transit|site=3|visits=1
11.486,-7.300,0.100,-10.500,alert|wait=2.05|panic=0.00|target=1|speed=0.00|near=False|yaw=141.5|peeing=False|peeCooldown=132.3|aerial=False|glide=False|legs=0|activity=Transit|site=3|visits=1
11.488,-7.300,0.100,-10.500,alert|wait=2.05|panic=0.00|target=1|speed=0.00|near=False|yaw=141.2|peeing=False|peeCooldown=132.3|aerial=False|glide=False|legs=0|activity=Transit|site=3|visits=1
11.492,-7.300,0.100,-10.500,alert|wait=2.05|panic=0.00|target=1|speed=0.00|near=False|yaw=140.7|peeing=False|peeCooldown=132.3|aerial=False|glide=False|legs=0|activity=Transit|site=3|visits=1
11.495,-7.300,0.100,-10.500,alert|wait=2.05|panic=0.00|target=1|speed=0.00|near=False|yaw=140.3|peeing=False|peeCooldown=132.3|aerial=False|glide=False|legs=0|activity=Transit|site=3|visits=1
11.499,-7.300,0.100,-10.500,alert|wait=2.05|panic=0.00|target=1|speed=0.00|near=False|yaw=139.8|peeing=False|peeCooldown=132.3|aerial=False|glide=False|legs=0|activity=Transit|site=3|visits=1
11.501,-7.300,0.100,-10.500,alert|wait=2.05|panic=0.00|target=1|speed=0.00|near=False|yaw=139.5|peeing=False|peeCooldown=132.3|aerial=False|glide=False|legs=0|activity=Transit|site=3|visits=1
11.531,-7.300,0.100,-10.500,alert|wait=2.05|panic=0.00|target=1|speed=0.00|near=False|yaw=135.4|peeing=False|peeCooldown=132.3|aerial=False|glide=False|legs=0|activity=Transit|site=3|visits=1
11.535,-7.300,0.100,-10.500,alert|wait=2.05|panic=0.00|target=1|speed=0.00|near=False|yaw=134.9|peeing=False|peeCooldown=132.3|aerial=False|glide=False|legs=0|activity=Transit|site=3|visits=1
11.538,-7.300,0.100,-10.500,alert|wait=2.05|panic=0.00|target=1|speed=0.00|near=False|yaw=134.5|peeing=False|peeCooldown=132.3|aerial=False|glide=False|legs=0|activity=Transit|site=3|visits=1
11.540,-7.300,0.100,-10.500,alert|wait=2.05|panic=0.00|target=1|speed=0.00|near=False|yaw=134.2|peeing=False|peeCooldown=132.3|aerial=False|glide=False|legs=0|activity=Transit|site=3|visits=1
11.545,-7.300,0.100,-10.500,alert|wait=2.05|panic=0.00|target=1|speed=0.00|near=False|yaw=133.5|peeing=False|peeCooldown=132.3|aerial=False|glide=False|legs=0|activity=Transit|site=3|visits=1
11.548,-7.300,0.100,-10.500,alert|wait=2.05|panic=0.00|target=1|speed=0.00|near=False|yaw=133.2|peeing=False|peeCooldown=132.3|aerial=False|glide=False|legs=0|activity=Transit|site=3|visits=1
11.550,-7.300,0.100,-10.500,alert|wait=2.05|panic=0.00|target=1|speed=0.00|near=False|yaw=132.9|peeing=False|peeCooldown=132.3|aerial=False|glide=False|legs=0|activity=Transit|site=3|visits=1
11.553,-7.300,0.100,-10.500,alert|wait=2.05|panic=0.00|target=1|speed=0.00|near=False|yaw=132.5|peeing=False|peeCooldown=132.3|aerial=False|glide=False|legs=0|activity=Transit|site=3|visits=1
11.584,-7.300,0.100,-10.500,alert|wait=2.05|panic=0.00|target=1|speed=0.00|near=False|yaw=128.3|peeing=False|peeCooldown=132.3|aerial=False|glide=False|legs=0|activity=Transit|site=3|visits=1
11.588,-7.300,0.100,-10.500,alert|wait=2.05|panic=0.00|target=1|speed=0.00|near=False|yaw=127.8|peeing=False|peeCooldown=132.2|aerial=False|glide=False|legs=0|activity=Transit|site=3|visits=1
11.590,-7.300,0.100,-10.500,alert|wait=2.05|panic=0.00|target=1|speed=0.00|near=False|yaw=127.5|peeing=False|peeCooldown=132.2|aerial=False|glide=False|legs=0|activity=Transit|site=3|visits=1
11.592,-7.300,0.100,-10.500,alert|wait=2.05|panic=0.00|target=1|speed=0.00|near=False|yaw=127.2|peeing=False|peeCooldown=132.2|aerial=False|glide=False|legs=0|activity=Transit|site=3|visits=1
11.597,-7.300,0.100,-10.500,alert|wait=2.05|panic=0.00|target=1|speed=0.00|near=False|yaw=126.6|peeing=False|peeCooldown=132.2|aerial=False|glide=False|legs=0|activity=Transit|site=3|visits=1
11.599,-7.300,0.100,-10.500,alert|wait=2.05|panic=0.00|target=1|speed=0.00|near=False|yaw=126.3|peeing=False|peeCooldown=132.2|aerial=False|glide=False|legs=0|activity=Transit|site=3|visits=1
11.601,-7.300,0.100,-10.500,alert|wait=2.05|panic=0.00|target=1|speed=0.00|near=False|yaw=126.0|peeing=False|peeCooldown=132.2|aerial=False|glide=False|legs=0|activity=Transit|site=3|visits=1
11.604,-7.300,0.100,-10.500,alert|wait=2.05|panic=0.00|target=1|speed=0.00|near=False|yaw=125.5|peeing=False|peeCooldown=132.2|aerial=False|glide=False|legs=0|activity=Transit|site=3|visits=1
11.639,-7.300,0.100,-10.500,alert|wait=2.05|panic=0.00|target=1|speed=0.00|near=False|yaw=120.9|peeing=False|peeCooldown=132.2|aerial=False|glide=False|legs=0|activity=Transit|site=3|visits=1
11.642,-7.300,0.100,-10.500,alert|wait=2.05|panic=0.00|target=1|speed=0.00|near=False|yaw=120.5|peeing=False|peeCooldown=132.2|aerial=False|glide=False|legs=0|activity=Transit|site=3|visits=1
11.645,-7.300,0.100,-10.500,alert|wait=2.05|panic=0.00|target=1|speed=0.00|near=False|yaw=120.0|peeing=False|peeCooldown=132.2|aerial=False|glide=False|legs=0|activity=Transit|site=3|visits=1
11.650,-7.300,0.100,-10.500,alert|wait=2.05|panic=0.00|target=1|speed=0.00|near=False|yaw=119.5|peeing=False|peeCooldown=132.2|aerial=False|glide=False|legs=0|activity=Transit|site=3|visits=1
11.652,-7.300,0.100,-10.500,alert|wait=2.05|panic=0.00|target=1|speed=0.00|near=False|yaw=119.1|peeing=False|peeCooldown=132.2|aerial=False|glide=False|legs=0|activity=Transit|site=3|visits=1
11.655,-7.300,0.100,-10.500,alert|wait=2.05|panic=0.00|target=1|speed=0.00|near=False|yaw=118.8|peeing=False|peeCooldown=132.2|aerial=False|glide=False|legs=0|activity=Transit|site=3|visits=1
11.657,-7.300,0.100,-10.500,alert|wait=2.05|panic=0.00|target=1|speed=0.00|near=False|yaw=118.4|peeing=False|peeCooldown=132.2|aerial=False|glide=False|legs=0|activity=Transit|site=3|visits=1
11.682,-7.300,0.100,-10.500,alert|wait=2.05|panic=0.00|target=1|speed=0.00|near=False|yaw=115.0|peeing=False|peeCooldown=132.2|aerial=False|glide=False|legs=0|activity=Transit|site=3|visits=1
11.686,-7.300,0.100,-10.500,alert|wait=2.05|panic=0.00|target=1|speed=0.00|near=False|yaw=114.6|peeing=False|peeCooldown=132.1|aerial=False|glide=False|legs=0|activity=Transit|site=3|visits=1
11.688,-7.300,0.100,-10.500,alert|wait=2.05|panic=0.00|target=1|speed=0.00|near=False|yaw=114.2|peeing=False|peeCooldown=132.1|aerial=False|glide=False|legs=0|activity=Transit|site=3|visits=1
11.691,-7.300,0.100,-10.500,alert|wait=2.05|panic=0.00|target=1|speed=0.00|near=False|yaw=113.9|peeing=False|peeCooldown=132.1|aerial=False|glide=False|legs=0|activity=Transit|site=3|visits=1
11.693,-7.300,0.100,-10.500,alert|wait=2.05|panic=0.00|target=1|speed=0.00|near=False|yaw=113.6|peeing=False|peeCooldown=132.1|aerial=False|glide=False|legs=0|activity=Transit|site=3|visits=1
11.696,-7.300,0.100,-10.500,alert|wait=2.05|panic=0.00|target=1|speed=0.00|near=False|yaw=113.2|peeing=False|peeCooldown=132.1|aerial=False|glide=False|legs=0|activity=Transit|site=3|visits=1
11.700,-7.300,0.100,-10.500,alert|wait=2.05|panic=0.00|target=1|speed=0.00|near=False|yaw=112.7|peeing=False|peeCooldown=132.1|aerial=False|glide=False|legs=0|activity=Transit|site=3|visits=1
11.702,-7.300,0.100,-10.500,alert|wait=2.05|panic=0.00|target=1|speed=0.00|near=False|yaw=112.4|peeing=False|peeCooldown=132.1|aerial=False|glide=False|legs=0|activity=Transit|site=3|visits=1
11.707,-7.300,0.100,-10.500,alert|wait=2.05|panic=0.00|target=1|speed=0.00|near=False|yaw=111.7|peeing=False|peeCooldown=132.1|aerial=False|glide=False|legs=0|activity=Transit|site=3|visits=1
11.709,-7.300,0.100,-10.500,alert|wait=2.05|panic=0.00|target=1|speed=0.00|near=False|yaw=111.4|peeing=False|peeCooldown=132.1|aerial=False|glide=False|legs=0|activity=Transit|site=3|visits=1
11.743,-7.300,0.100,-10.500,alert|wait=2.05|panic=0.00|target=1|speed=0.00|near=False|yaw=106.8|peeing=False|peeCooldown=132.1|aerial=False|glide=False|legs=0|activity=Transit|site=3|visits=1
11.748,-7.300,0.100,-10.500,alert|wait=2.05|panic=0.00|target=1|speed=0.01|near=False|yaw=106.2|peeing=False|peeCooldown=132.1|aerial=False|glide=False|legs=0|activity=Transit|site=3|visits=1
11.752,-7.300,0.100,-10.500,alert|wait=2.05|panic=0.00|target=1|speed=0.01|near=False|yaw=105.6|peeing=False|peeCooldown=132.1|aerial=False|glide=False|legs=0|activity=Transit|site=3|visits=1
11.754,-7.300,0.100,-10.500,alert|wait=2.05|panic=0.00|target=1|speed=0.01|near=False|yaw=105.3|peeing=False|peeCooldown=132.1|aerial=False|glide=False|legs=0|activity=Transit|site=3|visits=1
11.757,-7.300,0.100,-10.500,alert|wait=2.05|panic=0.00|target=1|speed=0.02|near=False|yaw=105.0|peeing=False|peeCooldown=132.1|aerial=False|glide=False|legs=0|activity=Transit|site=3|visits=1
11.759,-7.300,0.100,-10.500,alert|wait=2.05|panic=0.00|target=1|speed=0.02|near=False|yaw=104.6|peeing=False|peeCooldown=132.1|aerial=False|glide=False|legs=0|activity=Transit|site=3|visits=1
11.762,-7.300,0.100,-10.500,alert|wait=2.05|panic=0.00|target=1|speed=0.02|near=False|yaw=104.3|peeing=False|peeCooldown=132.1|aerial=False|glide=False|legs=0|activity=Transit|site=3|visits=1
11.786,-7.299,0.100,-10.499,walk|wait=2.05|panic=0.00|target=1|speed=0.05|near=False|yaw=101.0|peeing=False|peeCooldown=132.0|aerial=False|glide=False|legs=0|activity=Transit|site=3|visits=1
11.789,-7.299,0.100,-10.499,walk|wait=2.05|panic=0.00|target=1|speed=0.05|near=False|yaw=100.6|peeing=False|peeCooldown=132.0|aerial=False|glide=False|legs=0|activity=Transit|site=3|visits=1
11.792,-7.299,0.100,-10.498,walk|wait=2.05|panic=0.00|target=1|speed=0.05|near=False|yaw=100.2|peeing=False|peeCooldown=132.0|aerial=False|glide=False|legs=0|activity=Transit|site=3|visits=1
11.794,-7.299,0.100,-10.498,walk|wait=2.05|panic=0.00|target=1|speed=0.06|near=False|yaw=99.9|peeing=False|peeCooldown=132.0|aerial=False|glide=False|legs=0|activity=Transit|site=3|visits=1
11.797,-7.299,0.100,-10.498,walk|wait=2.05|panic=0.00|target=1|speed=0.06|near=False|yaw=99.6|peeing=False|peeCooldown=132.0|aerial=False|glide=False|legs=0|activity=Transit|site=3|visits=1
11.799,-7.299,0.100,-10.498,walk|wait=2.05|panic=0.00|target=1|speed=0.06|near=False|yaw=99.2|peeing=False|peeCooldown=132.0|aerial=False|glide=False|legs=0|activity=Transit|site=3|visits=1
11.803,-7.299,0.100,-10.498,walk|wait=2.05|panic=0.00|target=1|speed=0.07|near=False|yaw=98.7|peeing=False|peeCooldown=132.0|aerial=False|glide=False|legs=0|activity=Transit|site=3|visits=1
11.806,-7.299,0.100,-10.498,walk|wait=2.05|panic=0.00|target=1|speed=0.07|near=False|yaw=98.3|peeing=False|peeCooldown=132.0|aerial=False|glide=False|legs=0|activity=Transit|site=3|visits=1
11.810,-7.299,0.100,-10.497,walk|wait=2.05|panic=0.00|target=1|speed=0.07|near=False|yaw=97.7|peeing=False|peeCooldown=132.0|aerial=False|glide=False|legs=0|activity=Transit|site=3|visits=1
11.813,-7.299,0.100,-10.497,walk|wait=2.05|panic=0.00|target=1|speed=0.08|near=False|yaw=97.4|peeing=False|peeCooldown=132.0|aerial=False|glide=False|legs=0|activity=Transit|site=3|visits=1
11.842,-7.297,0.100,-10.495,walk|wait=2.05|panic=0.00|target=1|speed=0.09|near=False|yaw=93.5|peeing=False|peeCooldown=132.0|aerial=False|glide=False|legs=0|activity=Transit|site=3|visits=1
11.846,-7.297,0.100,-10.495,walk|wait=2.05|panic=0.00|target=1|speed=0.10|near=False|yaw=92.9|peeing=False|peeCooldown=132.0|aerial=False|glide=False|legs=0|activity=Transit|site=3|visits=1
11.852,-7.297,0.100,-10.494,walk|wait=2.05|panic=0.00|target=1|speed=0.10|near=False|yaw=92.1|peeing=False|peeCooldown=132.0|aerial=False|glide=False|legs=0|activity=Transit|site=3|visits=1
11.857,-7.297,0.100,-10.493,walk|wait=2.05|panic=0.00|target=1|speed=0.11|near=False|yaw=91.4|peeing=False|peeCooldown=132.0|aerial=False|glide=False|legs=0|activity=Transit|site=3|visits=1
11.860,-7.297,0.100,-10.493,walk|wait=2.05|panic=0.00|target=1|speed=0.11|near=False|yaw=91.1|peeing=False|peeCooldown=132.0|aerial=False|glide=False|legs=0|activity=Transit|site=3|visits=1
11.862,-7.296,0.100,-10.493,walk|wait=2.05|panic=0.00|target=1|speed=0.11|near=False|yaw=90.7|peeing=False|peeCooldown=132.0|aerial=False|glide=False|legs=0|activity=Transit|site=3|visits=1
11.865,-7.296,0.100,-10.493,walk|wait=2.05|panic=0.00|target=1|speed=0.12|near=False|yaw=90.3|peeing=False|peeCooldown=132.0|aerial=False|glide=False|legs=0|activity=Transit|site=3|visits=1
11.890,-7.295,0.100,-10.490,walk|wait=2.05|panic=0.00|target=1|speed=0.14|near=False|yaw=87.0|peeing=False|peeCooldown=131.9|aerial=False|glide=False|legs=0|activity=Transit|site=3|visits=1
11.894,-7.295,0.100,-10.489,walk|wait=2.05|panic=0.00|target=1|speed=0.14|near=False|yaw=86.5|peeing=False|peeCooldown=131.9|aerial=False|glide=False|legs=0|activity=Transit|site=3|visits=1
11.897,-7.294,0.100,-10.489,walk|wait=2.05|panic=0.00|target=1|speed=0.14|near=False|yaw=86.1|peeing=False|peeCooldown=131.9|aerial=False|glide=False|legs=0|activity=Transit|site=3|visits=1
11.899,-7.294,0.100,-10.488,walk|wait=2.05|panic=0.00|target=1|speed=0.15|near=False|yaw=85.7|peeing=False|peeCooldown=131.9|aerial=False|glide=False|legs=0|activity=Transit|site=3|visits=1
11.902,-7.294,0.100,-10.488,walk|wait=2.05|panic=0.00|target=1|speed=0.15|near=False|yaw=85.3|peeing=False|peeCooldown=131.9|aerial=False|glide=False|legs=0|activity=Transit|site=3|visits=1
11.907,-7.294,0.100,-10.487,walk|wait=2.05|panic=0.00|target=1|speed=0.16|near=False|yaw=84.6|peeing=False|peeCooldown=131.9|aerial=False|glide=False|legs=0|activity=Transit|site=3|visits=1
11.910,-7.293,0.100,-10.487,walk|wait=2.05|panic=0.00|target=1|speed=0.16|near=False|yaw=84.2|peeing=False|peeCooldown=131.9|aerial=False|glide=False|legs=0|activity=Transit|site=3|visits=1
11.913,-7.293,0.100,-10.487,walk|wait=2.05|panic=0.00|target=1|speed=0.16|near=False|yaw=83.9|peeing=False|peeCooldown=131.9|aerial=False|glide=False|legs=0|activity=Transit|site=3|visits=1
11.917,-7.293,0.100,-10.486,walk|wait=2.05|panic=0.00|target=1|speed=0.17|near=False|yaw=83.3|peeing=False|peeCooldown=131.9|aerial=False|glide=False|legs=0|activity=Transit|site=3|visits=1
11.948,-7.290,0.100,-10.481,walk|wait=2.05|panic=0.00|target=1|speed=0.18|near=False|yaw=79.2|peeing=False|peeCooldown=131.9|aerial=False|glide=False|legs=0|activity=Transit|site=3|visits=1
11.952,-7.290,0.100,-10.480,walk|wait=2.05|panic=0.00|target=1|speed=0.19|near=False|yaw=78.7|peeing=False|peeCooldown=131.9|aerial=False|glide=False|legs=0|activity=Transit|site=3|visits=1
11.954,-7.290,0.100,-10.480,walk|wait=2.05|panic=0.00|target=1|speed=0.19|near=False|yaw=78.3|peeing=False|peeCooldown=131.9|aerial=False|glide=False|legs=0|activity=Transit|site=3|visits=1
11.961,-7.289,0.100,-10.479,walk|wait=2.05|panic=0.00|target=1|speed=0.20|near=False|yaw=77.4|peeing=False|peeCooldown=131.9|aerial=False|glide=False|legs=0|activity=Transit|site=3|visits=1
11.965,-7.289,0.100,-10.478,walk|wait=2.05|panic=0.00|target=1|speed=0.20|near=False|yaw=76.9|peeing=False|peeCooldown=131.9|aerial=False|glide=False|legs=0|activity=Transit|site=3|visits=1
11.967,-7.289,0.100,-10.477,walk|wait=2.05|panic=0.00|target=1|speed=0.20|near=False|yaw=76.5|peeing=False|peeCooldown=131.9|aerial=False|glide=False|legs=0|activity=Transit|site=3|visits=1
11.993,-7.286,0.100,-10.472,walk|wait=2.05|panic=0.00|target=1|speed=0.23|near=False|yaw=73.1|peeing=False|peeCooldown=131.8|aerial=False|glide=False|legs=0|activity=Transit|site=3|visits=1
11.997,-7.286,0.100,-10.472,walk|wait=2.05|panic=0.00|target=1|speed=0.23|near=False|yaw=72.6|peeing=False|peeCooldown=131.8|aerial=False|glide=False|legs=0|activity=Transit|site=3|visits=1
11.999,-7.286,0.100,-10.471,walk|wait=2.05|panic=0.00|target=1|speed=0.23|near=False|yaw=72.2|peeing=False|peeCooldown=131.8|aerial=False|glide=False|legs=0|activity=Transit|site=3|visits=1
12.002,-7.285,0.100,-10.470,walk|wait=2.05|panic=0.00|target=1|speed=0.24|near=False|yaw=71.8|peeing=False|peeCooldown=131.8|aerial=False|glide=False|legs=0|activity=Transit|site=3|visits=1
12.006,-7.285,0.100,-10.470,walk|wait=2.05|panic=0.00|target=1|speed=0.24|near=False|yaw=71.4|peeing=False|peeCooldown=131.8|aerial=False|glide=False|legs=0|activity=Transit|site=3|visits=1
12.011,-7.284,0.100,-10.469,walk|wait=2.05|panic=0.00|target=1|speed=0.24|near=False|yaw=70.7|peeing=False|peeCooldown=131.8|aerial=False|glide=False|legs=0|activity=Transit|site=3|visits=1
12.013,-7.284,0.100,-10.468,walk|wait=2.05|panic=0.00|target=1|speed=0.25|near=False|yaw=70.4|peeing=False|peeCooldown=131.8|aerial=False|glide=False|legs=0|activity=Transit|site=3|visits=1
12.016,-7.284,0.100,-10.467,walk|wait=2.05|panic=0.00|target=1|speed=0.25|near=False|yaw=70.0|peeing=False|peeCooldown=131.8|aerial=False|glide=False|legs=0|activity=Transit|site=3|visits=1
12.020,-7.283,0.100,-10.467,walk|wait=2.05|panic=0.00|target=1|speed=0.25|near=False|yaw=69.5|peeing=False|peeCooldown=131.8|aerial=False|glide=False|legs=0|activity=Transit|site=3|visits=1
12.049,-7.280,0.100,-10.459,walk|wait=2.05|panic=0.00|target=1|speed=0.27|near=False|yaw=65.5|peeing=False|peeCooldown=131.8|aerial=False|glide=False|legs=0|activity=Transit|site=3|visits=1
12.054,-7.279,0.100,-10.458,walk|wait=2.05|panic=0.00|target=1|speed=0.28|near=False|yaw=64.8|peeing=False|peeCooldown=131.8|aerial=False|glide=False|legs=0|activity=Transit|site=3|visits=1
12.058,-7.279,0.100,-10.457,walk|wait=2.05|panic=0.00|target=1|speed=0.28|near=False|yaw=64.4|peeing=False|peeCooldown=131.8|aerial=False|glide=False|legs=0|activity=Transit|site=3|visits=1
12.062,-7.278,0.100,-10.456,walk|wait=2.05|panic=0.00|target=1|speed=0.28|near=False|yaw=63.8|peeing=False|peeCooldown=131.8|aerial=False|glide=False|legs=0|activity=Transit|site=3|visits=1
12.068,-7.277,0.100,-10.455,walk|wait=2.05|panic=0.00|target=1|speed=0.29|near=False|yaw=62.9|peeing=False|peeCooldown=131.8|aerial=False|glide=False|legs=0|activity=Transit|site=3|visits=1
12.072,-7.277,0.100,-10.454,walk|wait=2.05|panic=0.00|target=1|speed=0.30|near=False|yaw=62.4|peeing=False|peeCooldown=131.8|aerial=False|glide=False|legs=0|activity=Transit|site=3|visits=1
12.097,-7.273,0.100,-10.447,walk|wait=2.05|panic=0.00|target=1|speed=0.32|near=False|yaw=59.1|peeing=False|peeCooldown=131.7|aerial=False|glide=False|legs=0|activity=Transit|site=3|visits=1
12.100,-7.273,0.100,-10.446,walk|wait=2.05|panic=0.00|target=1|speed=0.32|near=False|yaw=58.7|peeing=False|peeCooldown=131.7|aerial=False|glide=False|legs=0|activity=Transit|site=3|visits=1
12.103,-7.272,0.100,-10.445,walk|wait=2.05|panic=0.00|target=1|speed=0.32|near=False|yaw=58.2|peeing=False|peeCooldown=131.7|aerial=False|glide=False|legs=0|activity=Transit|site=3|visits=1
12.106,-7.272,0.100,-10.444,walk|wait=2.05|panic=0.00|target=1|speed=0.33|near=False|yaw=57.9|peeing=False|peeCooldown=131.7|aerial=False|glide=False|legs=0|activity=Transit|site=3|visits=1
12.109,-7.272,0.100,-10.443,walk|wait=2.05|panic=0.00|target=1|speed=0.33|near=False|yaw=57.5|peeing=False|peeCooldown=131.7|aerial=False|glide=False|legs=0|activity=Transit|site=3|visits=1
12.113,-7.271,0.100,-10.442,walk|wait=2.05|panic=0.00|target=1|speed=0.33|near=False|yaw=56.9|peeing=False|peeCooldown=131.7|aerial=False|glide=False|legs=0|activity=Transit|site=3|visits=1
12.116,-7.271,0.100,-10.441,walk|wait=2.05|panic=0.00|target=1|speed=0.34|near=False|yaw=56.6|peeing=False|peeCooldown=131.7|aerial=False|glide=False|legs=0|activity=Transit|site=3|visits=1
12.118,-7.270,0.100,-10.440,walk|wait=2.05|panic=0.00|target=1|speed=0.34|near=False|yaw=56.3|peeing=False|peeCooldown=131.7|aerial=False|glide=False|legs=0|activity=Transit|site=3|visits=1
12.122,-7.270,0.100,-10.439,walk|wait=2.05|panic=0.00|target=1|speed=0.34|near=False|yaw=55.7|peeing=False|peeCooldown=131.7|aerial=False|glide=False|legs=0|activity=Transit|site=3|visits=1
12.126,-7.269,0.100,-10.438,walk|wait=2.05|panic=0.00|target=1|speed=0.35|near=False|yaw=55.3|peeing=False|peeCooldown=131.7|aerial=False|glide=False|legs=0|activity=Transit|site=3|visits=1
12.156,-7.264,0.100,-10.428,walk|wait=2.05|panic=0.00|target=1|speed=0.36|near=False|yaw=51.2|peeing=False|peeCooldown=131.7|aerial=False|glide=False|legs=0|activity=Transit|site=3|visits=1
12.159,-7.264,0.100,-10.427,walk|wait=2.05|panic=0.00|target=1|speed=0.37|near=False|yaw=50.8|peeing=False|peeCooldown=131.7|aerial=False|glide=False|legs=0|activity=Transit|site=3|visits=1
12.164,-7.263,0.100,-10.426,walk|wait=2.05|panic=0.00|target=1|speed=0.37|near=False|yaw=50.2|peeing=False|peeCooldown=131.7|aerial=False|glide=False|legs=0|activity=Transit|site=3|visits=1
12.167,-7.262,0.100,-10.425,walk|wait=2.05|panic=0.00|target=1|speed=0.37|near=False|yaw=49.8|peeing=False|peeCooldown=131.7|aerial=False|glide=False|legs=0|activity=Transit|site=3|visits=1
12.174,-7.261,0.100,-10.422,walk|wait=2.05|panic=0.00|target=1|speed=0.38|near=False|yaw=48.7|peeing=False|peeCooldown=131.7|aerial=False|glide=False|legs=0|activity=Transit|site=3|visits=1
12.179,-7.260,0.100,-10.420,walk|wait=2.05|panic=0.00|target=1|speed=0.39|near=False|yaw=48.2|peeing=False|peeCooldown=131.7|aerial=False|glide=False|legs=0|activity=Transit|site=3|visits=1
12.203,-7.256,0.100,-10.412,walk|wait=2.05|panic=0.00|target=1|speed=0.41|near=False|yaw=44.9|peeing=False|peeCooldown=131.6|aerial=False|glide=False|legs=0|activity=Transit|site=3|visits=1
12.206,-7.255,0.100,-10.410,walk|wait=2.05|panic=0.00|target=1|speed=0.41|near=False|yaw=44.4|peeing=False|peeCooldown=131.6|aerial=False|glide=False|legs=0|activity=Transit|site=3|visits=1
12.209,-7.255,0.100,-10.409,walk|wait=2.05|panic=0.00|target=1|speed=0.41|near=False|yaw=44.1|peeing=False|peeCooldown=131.6|aerial=False|glide=False|legs=0|activity=Transit|site=3|visits=1
12.212,-7.254,0.100,-10.408,walk|wait=2.05|panic=0.00|target=1|speed=0.42|near=False|yaw=43.7|peeing=False|peeCooldown=131.6|aerial=False|glide=False|legs=0|activity=Transit|site=3|visits=1
12.216,-7.253,0.100,-10.407,walk|wait=2.05|panic=0.00|target=1|speed=0.42|near=False|yaw=43.2|peeing=False|peeCooldown=131.6|aerial=False|glide=False|legs=0|activity=Transit|site=3|visits=1
12.218,-7.253,0.100,-10.406,walk|wait=2.05|panic=0.00|target=1|speed=0.42|near=False|yaw=42.9|peeing=False|peeCooldown=131.6|aerial=False|glide=False|legs=0|activity=Transit|site=3|visits=1
12.220,-7.253,0.100,-10.405,walk|wait=2.05|panic=0.00|target=1|speed=0.43|near=False|yaw=42.6|peeing=False|peeCooldown=131.6|aerial=False|glide=False|legs=0|activity=Transit|site=3|visits=1
12.223,-7.252,0.100,-10.404,walk|wait=2.05|panic=0.00|target=1|speed=0.43|near=False|yaw=42.2|peeing=False|peeCooldown=131.6|aerial=False|glide=False|legs=0|activity=Transit|site=3|visits=1
12.227,-7.251,0.100,-10.402,walk|wait=2.05|panic=0.00|target=1|speed=0.43|near=False|yaw=41.6|peeing=False|peeCooldown=131.6|aerial=False|glide=False|legs=0|activity=Transit|site=3|visits=1
12.229,-7.251,0.100,-10.402,walk|wait=2.05|panic=0.00|target=1|speed=0.44|near=False|yaw=41.3|peeing=False|peeCooldown=131.6|aerial=False|glide=False|legs=0|activity=Transit|site=3|visits=1
12.260,-7.245,0.100,-10.389,walk|wait=2.05|panic=0.00|target=1|speed=0.45|near=False|yaw=37.2|peeing=False|peeCooldown=131.6|aerial=False|glide=False|legs=0|activity=Transit|site=3|visits=1
12.265,-7.244,0.100,-10.387,walk|wait=2.05|panic=0.00|target=1|speed=0.45|near=False|yaw=36.5|peeing=False|peeCooldown=131.6|aerial=False|glide=False|legs=0|activity=Transit|site=3|visits=1
12.271,-7.242,0.100,-10.385,walk|wait=2.05|panic=0.00|target=1|speed=0.45|near=False|yaw=35.7|peeing=False|peeCooldown=131.6|aerial=False|glide=False|legs=0|activity=Transit|site=3|visits=1
12.273,-7.242,0.100,-10.384,walk|wait=2.05|panic=0.00|target=1|speed=0.45|near=False|yaw=35.4|peeing=False|peeCooldown=131.6|aerial=False|glide=False|legs=0|activity=Transit|site=3|visits=1
12.276,-7.241,0.100,-10.383,walk|wait=2.05|panic=0.00|target=1|speed=0.45|near=False|yaw=35.0|peeing=False|peeCooldown=131.6|aerial=False|glide=False|legs=0|activity=Transit|site=3|visits=1
12.283,-7.240,0.100,-10.380,walk|wait=2.05|panic=0.00|target=1|speed=0.45|near=False|yaw=34.1|peeing=False|peeCooldown=131.6|aerial=False|glide=False|legs=0|activity=Transit|site=3|visits=1
12.288,-7.239,0.100,-10.378,walk|wait=2.05|panic=0.00|target=1|speed=0.45|near=False|yaw=33.5|peeing=False|peeCooldown=131.5|aerial=False|glide=False|legs=0|activity=Transit|site=3|visits=1
12.318,-7.233,0.100,-10.366,walk|wait=2.05|panic=0.00|target=1|speed=0.45|near=False|yaw=29.3|peeing=False|peeCooldown=131.5|aerial=False|glide=False|legs=0|activity=Transit|site=3|visits=1
12.324,-7.232,0.100,-10.363,walk|wait=2.05|panic=0.00|target=1|speed=0.45|near=False|yaw=28.5|peeing=False|peeCooldown=131.5|aerial=False|glide=False|legs=0|activity=Transit|site=3|visits=1
12.329,-7.231,0.100,-10.362,walk|wait=2.05|panic=0.00|target=1|speed=0.45|near=False|yaw=27.9|peeing=False|peeCooldown=131.5|aerial=False|glide=False|legs=0|activity=Transit|site=3|visits=1
12.332,-7.230,0.100,-10.360,walk|wait=2.05|panic=0.00|target=1|speed=0.45|near=False|yaw=27.5|peeing=False|peeCooldown=131.5|aerial=False|glide=False|legs=0|activity=Transit|site=3|visits=1
12.335,-7.229,0.100,-10.359,walk|wait=2.05|panic=0.00|target=1|speed=0.45|near=False|yaw=27.0|peeing=False|peeCooldown=131.5|aerial=False|glide=False|legs=0|activity=Transit|site=3|visits=1
12.338,-7.229,0.100,-10.358,walk|wait=2.05|panic=0.00|target=1|speed=0.45|near=False|yaw=26.7|peeing=False|peeCooldown=131.5|aerial=False|glide=False|legs=0|activity=Transit|site=3|visits=1
12.364,-7.224,0.100,-10.347,walk|wait=2.05|panic=0.00|target=1|speed=0.45|near=False|yaw=26.6|peeing=False|peeCooldown=131.5|aerial=False|glide=False|legs=0|activity=Transit|site=3|visits=1
12.368,-7.223,0.100,-10.346,walk|wait=2.05|panic=0.00|target=1|speed=0.45|near=False|yaw=26.6|peeing=False|peeCooldown=131.5|aerial=False|glide=False|legs=0|activity=Transit|site=3|visits=1
12.371,-7.222,0.100,-10.345,walk|wait=2.05|panic=0.00|target=1|speed=0.45|near=False|yaw=26.6|peeing=False|peeCooldown=131.5|aerial=False|glide=False|legs=0|activity=Transit|site=3|visits=1
12.376,-7.221,0.100,-10.343,walk|wait=2.05|panic=0.00|target=1|speed=0.45|near=False|yaw=26.6|peeing=False|peeCooldown=131.5|aerial=False|glide=False|legs=0|activity=Transit|site=3|visits=1
12.378,-7.221,0.100,-10.342,walk|wait=2.05|panic=0.00|target=1|speed=0.45|near=False|yaw=26.6|peeing=False|peeCooldown=131.5|aerial=False|glide=False|legs=0|activity=Transit|site=3|visits=1
12.381,-7.220,0.100,-10.341,walk|wait=2.05|panic=0.00|target=1|speed=0.45|near=False|yaw=26.6|peeing=False|peeCooldown=131.5|aerial=False|glide=False|legs=0|activity=Transit|site=3|visits=1
12.384,-7.220,0.100,-10.339,walk|wait=2.05|panic=0.00|target=1|speed=0.45|near=False|yaw=26.6|peeing=False|peeCooldown=131.5|aerial=False|glide=False|legs=0|activity=Transit|site=3|visits=1
12.391,-7.218,0.100,-10.336,walk|wait=2.05|panic=0.00|target=1|speed=0.45|near=False|yaw=26.6|peeing=False|peeCooldown=131.4|aerial=False|glide=False|legs=0|activity=Transit|site=3|visits=1
12.397,-7.217,0.100,-10.334,walk|wait=2.05|panic=0.00|target=1|speed=0.45|near=False|yaw=26.6|peeing=False|peeCooldown=131.4|aerial=False|glide=False|legs=0|activity=Transit|site=3|visits=1
12.429,-7.211,0.100,-10.321,walk|wait=2.05|panic=0.00|target=1|speed=0.45|near=False|yaw=26.6|peeing=False|peeCooldown=131.4|aerial=False|glide=False|legs=0|activity=Transit|site=3|visits=1
12.436,-7.209,0.100,-10.319,walk|wait=2.05|panic=0.00|target=1|speed=0.45|near=False|yaw=26.6|peeing=False|peeCooldown=131.4|aerial=False|glide=False|legs=0|activity=Transit|site=3|visits=1
12.438,-7.209,0.100,-10.318,walk|wait=2.05|panic=0.00|target=1|speed=0.45|near=False|yaw=26.6|peeing=False|peeCooldown=131.4|aerial=False|glide=False|legs=0|activity=Transit|site=3|visits=1
12.442,-7.208,0.100,-10.316,walk|wait=2.05|panic=0.00|target=1|speed=0.45|near=False|yaw=26.6|peeing=False|peeCooldown=131.4|aerial=False|glide=False|legs=0|activity=Transit|site=3|visits=1
12.445,-7.207,0.100,-10.315,walk|wait=2.05|panic=0.00|target=1|speed=0.45|near=False|yaw=26.6|peeing=False|peeCooldown=131.4|aerial=False|glide=False|legs=0|activity=Transit|site=3|visits=1
12.474,-7.202,0.100,-10.303,walk|wait=2.05|panic=0.00|target=1|speed=0.45|near=False|yaw=26.6|peeing=False|peeCooldown=131.4|aerial=False|glide=False|legs=0|activity=Transit|site=3|visits=1
12.478,-7.201,0.100,-10.302,walk|wait=2.05|panic=0.00|target=1|speed=0.45|near=False|yaw=26.6|peeing=False|peeCooldown=131.4|aerial=False|glide=False|legs=0|activity=Transit|site=3|visits=1
12.481,-7.200,0.100,-10.300,walk|wait=2.05|panic=0.00|target=1|speed=0.45|near=False|yaw=26.6|peeing=False|peeCooldown=131.4|aerial=False|glide=False|legs=0|activity=Transit|site=3|visits=1
12.486,-7.199,0.100,-10.298,walk|wait=2.05|panic=0.00|target=1|speed=0.45|near=False|yaw=26.6|peeing=False|peeCooldown=131.3|aerial=False|glide=False|legs=0|activity=Transit|site=3|visits=1
12.489,-7.199,0.100,-10.297,walk|wait=2.05|panic=0.00|target=1|speed=0.45|near=False|yaw=26.6|peeing=False|peeCooldown=131.3|aerial=False|glide=False|legs=0|activity=Transit|site=3|visits=1
12.492,-7.198,0.100,-10.296,walk|wait=2.05|panic=0.00|target=1|speed=0.45|near=False|yaw=26.6|peeing=False|peeCooldown=131.3|aerial=False|glide=False|legs=0|activity=Transit|site=3|visits=1
12.501,-7.196,0.100,-10.292,walk|wait=2.05|panic=0.00|target=1|speed=0.45|near=False|yaw=26.6|peeing=False|peeCooldown=131.3|aerial=False|glide=False|legs=0|activity=Transit|site=3|visits=1
12.506,-7.195,0.100,-10.290,walk|wait=2.05|panic=0.00|target=1|speed=0.45|near=False|yaw=26.6|peeing=False|peeCooldown=131.3|aerial=False|glide=False|legs=0|activity=Transit|site=3|visits=1
12.539,-7.188,0.100,-10.277,walk|wait=2.05|panic=0.00|target=1|speed=0.45|near=False|yaw=26.6|peeing=False|peeCooldown=131.3|aerial=False|glide=False|legs=0|activity=Transit|site=3|visits=1
12.547,-7.187,0.100,-10.274,walk|wait=2.05|panic=0.00|target=1|speed=0.45|near=False|yaw=26.6|peeing=False|peeCooldown=131.3|aerial=False|glide=False|legs=0|activity=Transit|site=3|visits=1
12.550,-7.186,0.100,-10.273,walk|wait=2.05|panic=0.00|target=1|speed=0.45|near=False|yaw=26.6|peeing=False|peeCooldown=131.3|aerial=False|glide=False|legs=0|activity=Transit|site=3|visits=1
12.553,-7.186,0.100,-10.271,walk|wait=2.05|panic=0.00|target=1|speed=0.45|near=False|yaw=26.6|peeing=False|peeCooldown=131.3|aerial=False|glide=False|legs=0|activity=Transit|site=3|visits=1
12.560,-7.184,0.100,-10.269,walk|wait=2.05|panic=0.00|target=1|speed=0.45|near=False|yaw=26.6|peeing=False|peeCooldown=131.3|aerial=False|glide=False|legs=0|activity=Transit|site=3|visits=1
12.588,-7.179,0.100,-10.257,walk|wait=2.05|panic=0.00|target=1|speed=0.45|near=False|yaw=26.6|peeing=False|peeCooldown=131.2|aerial=False|glide=False|legs=0|activity=Transit|site=3|visits=1
12.591,-7.178,0.100,-10.256,walk|wait=2.05|panic=0.00|target=1|speed=0.45|near=False|yaw=26.6|peeing=False|peeCooldown=131.2|aerial=False|glide=False|legs=0|activity=Transit|site=3|visits=1
12.595,-7.177,0.100,-10.254,walk|wait=2.05|panic=0.00|target=1|speed=0.45|near=False|yaw=26.6|peeing=False|peeCooldown=131.2|aerial=False|glide=False|legs=0|activity=Transit|site=3|visits=1
12.598,-7.177,0.100,-10.253,walk|wait=2.05|panic=0.00|target=1|speed=0.45|near=False|yaw=26.6|peeing=False|peeCooldown=131.2|aerial=False|glide=False|legs=0|activity=Transit|site=3|visits=1
12.601,-7.176,0.100,-10.252,walk|wait=2.05|panic=0.00|target=1|speed=0.45|near=False|yaw=26.6|peeing=False|peeCooldown=131.2|aerial=False|glide=False|legs=0|activity=Transit|site=3|visits=1
12.604,-7.175,0.100,-10.251,walk|wait=2.05|panic=0.00|target=1|speed=0.45|near=False|yaw=26.6|peeing=False|peeCooldown=131.2|aerial=False|glide=False|legs=0|activity=Transit|site=3|visits=1
12.607,-7.175,0.100,-10.250,walk|wait=2.05|panic=0.00|target=1|speed=0.45|near=False|yaw=26.6|peeing=False|peeCooldown=131.2|aerial=False|glide=False|legs=0|activity=Transit|site=3|visits=1
12.633,-7.170,0.100,-10.239,walk|wait=2.05|panic=0.00|target=1|speed=0.45|near=False|yaw=26.6|peeing=False|peeCooldown=131.2|aerial=False|glide=False|legs=0|activity=Transit|site=3|visits=1
12.637,-7.169,0.100,-10.238,walk|wait=2.05|panic=0.00|target=1|speed=0.45|near=False|yaw=26.6|peeing=False|peeCooldown=131.2|aerial=False|glide=False|legs=0|activity=Transit|site=3|visits=1
12.640,-7.168,0.100,-10.236,walk|wait=2.05|panic=0.00|target=1|speed=0.45|near=False|yaw=26.6|peeing=False|peeCooldown=131.2|aerial=False|glide=False|legs=0|activity=Transit|site=3|visits=1
12.643,-7.168,0.100,-10.235,walk|wait=2.05|panic=0.00|target=1|speed=0.45|near=False|yaw=26.6|peeing=False|peeCooldown=131.2|aerial=False|glide=False|legs=0|activity=Transit|site=3|visits=1
12.648,-7.167,0.100,-10.233,walk|wait=2.05|panic=0.00|target=1|speed=0.45|near=False|yaw=26.6|peeing=False|peeCooldown=131.2|aerial=False|glide=False|legs=0|activity=Transit|site=3|visits=1
12.652,-7.166,0.100,-10.232,walk|wait=2.05|panic=0.00|target=1|speed=0.45|near=False|yaw=26.6|peeing=False|peeCooldown=131.2|aerial=False|glide=False|legs=0|activity=Transit|site=3|visits=1
12.655,-7.165,0.100,-10.230,walk|wait=2.05|panic=0.00|target=1|speed=0.45|near=False|yaw=26.6|peeing=False|peeCooldown=131.2|aerial=False|glide=False|legs=0|activity=Transit|site=3|visits=1
12.657,-7.165,0.100,-10.229,walk|wait=2.05|panic=0.00|target=1|speed=0.45|near=False|yaw=26.6|peeing=False|peeCooldown=131.2|aerial=False|glide=False|legs=0|activity=Transit|site=3|visits=1
12.694,-7.157,0.100,-10.215,walk|wait=2.05|panic=0.00|target=1|speed=0.45|near=False|yaw=26.6|peeing=False|peeCooldown=131.1|aerial=False|glide=False|legs=0|activity=Transit|site=3|visits=1
12.700,-7.156,0.100,-10.212,walk|wait=2.05|panic=0.00|target=1|speed=0.45|near=False|yaw=26.6|peeing=False|peeCooldown=131.1|aerial=False|glide=False|legs=0|activity=Transit|site=3|visits=1
12.703,-7.156,0.100,-10.211,walk|wait=2.05|panic=0.00|target=1|speed=0.45|near=False|yaw=26.6|peeing=False|peeCooldown=131.1|aerial=False|glide=False|legs=0|activity=Transit|site=3|visits=1
12.706,-7.155,0.100,-10.210,walk|wait=2.05|panic=0.00|target=1|speed=0.45|near=False|yaw=26.6|peeing=False|peeCooldown=131.1|aerial=False|glide=False|legs=0|activity=Transit|site=3|visits=1
12.709,-7.154,0.100,-10.208,walk|wait=2.05|panic=0.00|target=1|speed=0.45|near=False|yaw=26.6|peeing=False|peeCooldown=131.1|aerial=False|glide=False|legs=0|activity=Transit|site=3|visits=1
12.738,-7.148,0.100,-10.197,walk|wait=2.05|panic=0.00|target=1|speed=0.45|near=False|yaw=26.6|peeing=False|peeCooldown=131.1|aerial=False|glide=False|legs=0|activity=Transit|site=3|visits=1
12.743,-7.147,0.100,-10.195,walk|wait=2.05|panic=0.00|target=1|speed=0.45|near=False|yaw=26.6|peeing=False|peeCooldown=131.1|aerial=False|glide=False|legs=0|activity=Transit|site=3|visits=1
12.748,-7.147,0.100,-10.193,walk|wait=2.05|panic=0.00|target=1|speed=0.45|near=False|yaw=26.6|peeing=False|peeCooldown=131.1|aerial=False|glide=False|legs=0|activity=Transit|site=3|visits=1
12.752,-7.146,0.100,-10.191,walk|wait=2.05|panic=0.00|target=1|speed=0.45|near=False|yaw=26.6|peeing=False|peeCooldown=131.1|aerial=False|glide=False|legs=0|activity=Transit|site=3|visits=1
12.757,-7.145,0.100,-10.189,walk|wait=2.05|panic=0.00|target=1|speed=0.45|near=False|yaw=26.6|peeing=False|peeCooldown=131.1|aerial=False|glide=False|legs=0|activity=Transit|site=3|visits=1
12.760,-7.144,0.100,-10.188,walk|wait=2.05|panic=0.00|target=1|speed=0.45|near=False|yaw=26.6|peeing=False|peeCooldown=131.1|aerial=False|glide=False|legs=0|activity=Transit|site=3|visits=1
12.792,-7.138,0.100,-10.175,walk|wait=2.05|panic=0.00|target=1|speed=0.45|near=False|yaw=26.6|peeing=False|peeCooldown=131.0|aerial=False|glide=False|legs=0|activity=Transit|site=3|visits=1
12.796,-7.137,0.100,-10.173,walk|wait=2.05|panic=0.00|target=1|speed=0.45|near=False|yaw=26.6|peeing=False|peeCooldown=131.0|aerial=False|glide=False|legs=0|activity=Transit|site=3|visits=1
12.800,-7.136,0.100,-10.172,walk|wait=2.05|panic=0.00|target=1|speed=0.45|near=False|yaw=26.6|peeing=False|peeCooldown=131.0|aerial=False|glide=False|legs=0|activity=Transit|site=3|visits=1
12.805,-7.135,0.100,-10.170,walk|wait=2.05|panic=0.00|target=1|speed=0.45|near=False|yaw=26.6|peeing=False|peeCooldown=131.0|aerial=False|glide=False|legs=0|activity=Transit|site=3|visits=1
12.809,-7.134,0.100,-10.168,walk|wait=2.05|panic=0.00|target=1|speed=0.45|near=False|yaw=26.6|peeing=False|peeCooldown=131.0|aerial=False|glide=False|legs=0|activity=Transit|site=3|visits=1
12.812,-7.134,0.100,-10.167,walk|wait=2.05|panic=0.00|target=1|speed=0.45|near=False|yaw=26.6|peeing=False|peeCooldown=131.0|aerial=False|glide=False|legs=0|activity=Transit|site=3|visits=1
12.845,-7.127,0.100,-10.154,walk|wait=2.05|panic=0.00|target=1|speed=0.45|near=False|yaw=26.6|peeing=False|peeCooldown=131.0|aerial=False|glide=False|legs=0|activity=Transit|site=3|visits=1
12.849,-7.126,0.100,-10.152,walk|wait=2.05|panic=0.00|target=1|speed=0.45|near=False|yaw=26.6|peeing=False|peeCooldown=131.0|aerial=False|glide=False|legs=0|activity=Transit|site=3|visits=1
12.852,-7.125,0.100,-10.151,walk|wait=2.05|panic=0.00|target=1|speed=0.45|near=False|yaw=26.6|peeing=False|peeCooldown=131.0|aerial=False|glide=False|legs=0|activity=Transit|site=3|visits=1
12.858,-7.124,0.100,-10.149,walk|wait=2.05|panic=0.00|target=1|speed=0.45|near=False|yaw=26.6|peeing=False|peeCooldown=131.0|aerial=False|glide=False|legs=0|activity=Transit|site=3|visits=1
12.861,-7.124,0.100,-10.148,walk|wait=2.05|panic=0.00|target=1|speed=0.45|near=False|yaw=26.6|peeing=False|peeCooldown=131.0|aerial=False|glide=False|legs=0|activity=Transit|site=3|visits=1
12.870,-7.122,0.100,-10.144,walk|wait=2.05|panic=0.00|target=1|speed=0.45|near=False|yaw=26.6|peeing=False|peeCooldown=131.0|aerial=False|glide=False|legs=0|activity=Transit|site=3|visits=1
12.900,-7.116,0.100,-10.132,walk|wait=2.05|panic=0.00|target=1|speed=0.45|near=False|yaw=26.6|peeing=False|peeCooldown=130.9|aerial=False|glide=False|legs=0|activity=Transit|site=3|visits=1
12.905,-7.115,0.100,-10.130,walk|wait=2.05|panic=0.00|target=1|speed=0.45|near=False|yaw=26.6|peeing=False|peeCooldown=130.9|aerial=False|glide=False|legs=0|activity=Transit|site=3|visits=1
12.912,-7.114,0.100,-10.127,walk|wait=2.05|panic=0.00|target=1|speed=0.45|near=False|yaw=26.6|peeing=False|peeCooldown=130.9|aerial=False|glide=False|legs=0|activity=Transit|site=3|visits=1
12.915,-7.113,0.100,-10.126,walk|wait=2.05|panic=0.00|target=1|speed=0.45|near=False|yaw=26.6|peeing=False|peeCooldown=130.9|aerial=False|glide=False|legs=0|activity=Transit|site=3|visits=1
12.948,-7.106,0.100,-10.112,walk|wait=2.05|panic=0.00|target=1|speed=0.45|near=False|yaw=26.6|peeing=False|peeCooldown=130.9|aerial=False|glide=False|legs=0|activity=Transit|site=3|visits=1
12.953,-7.105,0.100,-10.110,walk|wait=2.05|panic=0.00|target=1|speed=0.45|near=False|yaw=26.6|peeing=False|peeCooldown=130.9|aerial=False|glide=False|legs=0|activity=Transit|site=3|visits=1
12.956,-7.105,0.100,-10.109,walk|wait=2.05|panic=0.00|target=1|speed=0.45|near=False|yaw=26.6|peeing=False|peeCooldown=130.9|aerial=False|glide=False|legs=0|activity=Transit|site=3|visits=1
12.961,-7.104,0.100,-10.107,walk|wait=2.05|panic=0.00|target=1|speed=0.45|near=False|yaw=26.6|peeing=False|peeCooldown=130.9|aerial=False|glide=False|legs=0|activity=Transit|site=3|visits=1
12.965,-7.103,0.100,-10.106,walk|wait=2.05|panic=0.00|target=1|speed=0.45|near=False|yaw=26.6|peeing=False|peeCooldown=130.9|aerial=False|glide=False|legs=0|activity=Transit|site=3|visits=1
12.992,-7.097,0.100,-10.095,walk|wait=2.05|panic=0.00|target=1|speed=0.45|near=False|yaw=26.6|peeing=False|peeCooldown=130.8|aerial=False|glide=False|legs=0|activity=Transit|site=3|visits=1
12.995,-7.097,0.100,-10.093,walk|wait=2.05|panic=0.00|target=1|speed=0.45|near=False|yaw=26.6|peeing=False|peeCooldown=130.8|aerial=False|glide=False|legs=0|activity=Transit|site=3|visits=1
12.999,-7.096,0.100,-10.092,walk|wait=2.05|panic=0.00|target=1|speed=0.45|near=False|yaw=26.6|peeing=False|peeCooldown=130.8|aerial=False|glide=False|legs=0|activity=Transit|site=3|visits=1
13.001,-7.095,0.100,-10.091,walk|wait=2.05|panic=0.00|target=1|speed=0.45|near=False|yaw=26.6|peeing=False|peeCooldown=130.8|aerial=False|glide=False|legs=0|activity=Transit|site=3|visits=1
13.006,-7.095,0.100,-10.089,walk|wait=2.05|panic=0.00|target=1|speed=0.45|near=False|yaw=26.6|peeing=False|peeCooldown=130.8|aerial=False|glide=False|legs=0|activity=Transit|site=3|visits=1
13.009,-7.094,0.100,-10.088,walk|wait=2.05|panic=0.00|target=1|speed=0.45|near=False|yaw=26.6|peeing=False|peeCooldown=130.8|aerial=False|glide=False|legs=0|activity=Transit|site=3|visits=1
13.013,-7.093,0.100,-10.086,walk|wait=2.05|panic=0.00|target=1|speed=0.45|near=False|yaw=26.6|peeing=False|peeCooldown=130.8|aerial=False|glide=False|legs=0|activity=Transit|site=3|visits=1
13.016,-7.092,0.100,-10.085,walk|wait=2.05|panic=0.00|target=1|speed=0.45|near=False|yaw=26.6|peeing=False|peeCooldown=130.8|aerial=False|glide=False|legs=0|activity=Transit|site=3|visits=1
13.055,-7.085,0.100,-10.069,walk|wait=2.05|panic=0.00|target=1|speed=0.45|near=False|yaw=26.6|peeing=False|peeCooldown=130.8|aerial=False|glide=False|legs=0|activity=Transit|site=3|visits=1
13.061,-7.083,0.100,-10.067,walk|wait=2.05|panic=0.00|target=1|speed=0.45|near=False|yaw=26.6|peeing=False|peeCooldown=130.8|aerial=False|glide=False|legs=0|activity=Transit|site=3|visits=1
13.069,-7.082,0.100,-10.064,walk|wait=2.05|panic=0.00|target=1|speed=0.45|near=False|yaw=26.6|peeing=False|peeCooldown=130.8|aerial=False|glide=False|legs=0|activity=Transit|site=3|visits=1
13.073,-7.081,0.100,-10.062,walk|wait=2.05|panic=0.00|target=1|speed=0.45|near=False|yaw=26.6|peeing=False|peeCooldown=130.8|aerial=False|glide=False|legs=0|activity=Transit|site=3|visits=1
13.100,-7.076,0.100,-10.051,walk|wait=2.05|panic=0.00|target=1|speed=0.45|near=False|yaw=26.6|peeing=False|peeCooldown=130.7|aerial=False|glide=False|legs=0|activity=Transit|site=3|visits=1
13.103,-7.075,0.100,-10.050,walk|wait=2.05|panic=0.00|target=1|speed=0.45|near=False|yaw=26.6|peeing=False|peeCooldown=130.7|aerial=False|glide=False|legs=0|activity=Transit|site=3|visits=1
13.107,-7.074,0.100,-10.049,walk|wait=2.05|panic=0.00|target=1|speed=0.45|near=False|yaw=26.6|peeing=False|peeCooldown=130.7|aerial=False|glide=False|legs=0|activity=Transit|site=3|visits=1
13.109,-7.074,0.100,-10.047,walk|wait=2.05|panic=0.00|target=1|speed=0.45|near=False|yaw=26.6|peeing=False|peeCooldown=130.7|aerial=False|glide=False|legs=0|activity=Transit|site=3|visits=1
13.112,-7.073,0.100,-10.046,walk|wait=2.05|panic=0.00|target=1|speed=0.45|near=False|yaw=26.6|peeing=False|peeCooldown=130.7|aerial=False|glide=False|legs=0|activity=Transit|site=3|visits=1
13.116,-7.072,0.100,-10.045,walk|wait=2.05|panic=0.00|target=1|speed=0.45|near=False|yaw=26.6|peeing=False|peeCooldown=130.7|aerial=False|glide=False|legs=0|activity=Transit|site=3|visits=1
13.119,-7.072,0.100,-10.044,walk|wait=2.05|panic=0.00|target=1|speed=0.45|near=False|yaw=26.6|peeing=False|peeCooldown=130.7|aerial=False|glide=False|legs=0|activity=Transit|site=3|visits=1
13.121,-7.071,0.100,-10.043,walk|wait=2.05|panic=0.00|target=1|speed=0.45|near=False|yaw=26.6|peeing=False|peeCooldown=130.7|aerial=False|glide=False|legs=0|activity=Transit|site=3|visits=1
13.126,-7.070,0.100,-10.041,walk|wait=2.05|panic=0.00|target=1|speed=0.45|near=False|yaw=26.6|peeing=False|peeCooldown=130.7|aerial=False|glide=False|legs=0|activity=Transit|site=3|visits=1
13.162,-7.063,0.100,-10.026,walk|wait=2.05|panic=0.00|target=1|speed=0.45|near=False|yaw=26.6|peeing=False|peeCooldown=130.7|aerial=False|glide=False|legs=0|activity=Transit|site=3|visits=1
13.170,-7.062,0.100,-10.023,walk|wait=2.05|panic=0.00|target=1|speed=0.45|near=False|yaw=26.6|peeing=False|peeCooldown=130.7|aerial=False|glide=False|legs=0|activity=Transit|site=3|visits=1
13.176,-7.060,0.100,-10.021,walk|wait=2.05|panic=0.00|target=1|speed=0.45|near=False|yaw=26.6|peeing=False|peeCooldown=130.7|aerial=False|glide=False|legs=0|activity=Transit|site=3|visits=1
13.183,-7.059,0.100,-10.018,walk|wait=2.05|panic=0.00|target=1|speed=0.45|near=False|yaw=26.6|peeing=False|peeCooldown=130.7|aerial=False|glide=False|legs=0|activity=Transit|site=3|visits=1
13.208,-7.054,0.100,-10.008,walk|wait=2.05|panic=0.00|target=1|speed=0.45|near=False|yaw=26.6|peeing=False|peeCooldown=130.6|aerial=False|glide=False|legs=0|activity=Transit|site=3|visits=1
13.211,-7.053,0.100,-10.006,walk|wait=2.05|panic=0.00|target=1|speed=0.45|near=False|yaw=26.6|peeing=False|peeCooldown=130.6|aerial=False|glide=False|legs=0|activity=Transit|site=3|visits=1
13.214,-7.053,0.100,-10.005,walk|wait=2.05|panic=0.00|target=1|speed=0.45|near=False|yaw=26.6|peeing=False|peeCooldown=130.6|aerial=False|glide=False|legs=0|activity=Transit|site=3|visits=1
13.218,-7.052,0.100,-10.004,walk|wait=2.05|panic=0.00|target=1|speed=0.45|near=False|yaw=26.6|peeing=False|peeCooldown=130.6|aerial=False|glide=False|legs=0|activity=Transit|site=3|visits=1
13.222,-7.051,0.100,-10.002,walk|wait=2.05|panic=0.00|target=1|speed=0.45|near=False|yaw=26.6|peeing=False|peeCooldown=130.6|aerial=False|glide=False|legs=0|activity=Transit|site=3|visits=1
13.225,-7.050,0.100,-10.001,walk|wait=2.05|panic=0.00|target=1|speed=0.45|near=False|yaw=26.6|peeing=False|peeCooldown=130.6|aerial=False|glide=False|legs=0|activity=Transit|site=3|visits=1
13.228,-7.050,0.100,-10.000,walk|wait=2.05|panic=0.00|target=1|speed=0.45|near=False|yaw=26.6|peeing=False|peeCooldown=130.6|aerial=False|glide=False|legs=0|activity=Transit|site=3|visits=1
13.231,-7.049,0.100,-9.999,walk|wait=2.05|panic=0.00|target=1|speed=0.45|near=False|yaw=26.6|peeing=False|peeCooldown=130.6|aerial=False|glide=False|legs=0|activity=Transit|site=3|visits=1
13.265,-7.042,0.100,-9.985,walk|wait=2.05|panic=0.00|target=1|speed=0.45|near=False|yaw=26.6|peeing=False|peeCooldown=130.6|aerial=False|glide=False|legs=0|activity=Transit|site=3|visits=1
13.277,-7.040,0.100,-9.980,walk|wait=2.05|panic=0.00|target=1|speed=0.45|near=False|yaw=26.6|peeing=False|peeCooldown=130.6|aerial=False|glide=False|legs=0|activity=Transit|site=3|visits=1
13.280,-7.039,0.100,-9.979,walk|wait=2.05|panic=0.00|target=1|speed=0.45|near=False|yaw=26.6|peeing=False|peeCooldown=130.6|aerial=False|glide=False|legs=0|activity=Transit|site=3|visits=1
13.282,-7.039,0.100,-9.978,walk|wait=2.05|panic=0.00|target=1|speed=0.45|near=False|yaw=26.6|peeing=False|peeCooldown=130.6|aerial=False|glide=False|legs=0|activity=Transit|site=3|visits=1
13.310,-7.033,0.100,-9.967,walk|wait=2.05|panic=0.00|target=1|speed=0.45|near=False|yaw=26.6|peeing=False|peeCooldown=130.5|aerial=False|glide=False|legs=0|activity=Transit|site=3|visits=1
13.315,-7.032,0.100,-9.965,walk|wait=2.05|panic=0.00|target=1|speed=0.45|near=False|yaw=26.6|peeing=False|peeCooldown=130.5|aerial=False|glide=False|legs=0|activity=Transit|site=3|visits=1
13.320,-7.031,0.100,-9.962,walk|wait=2.05|panic=0.00|target=1|speed=0.45|near=False|yaw=26.6|peeing=False|peeCooldown=130.5|aerial=False|glide=False|legs=0|activity=Transit|site=3|visits=1
13.324,-7.031,0.100,-9.961,walk|wait=2.05|panic=0.00|target=1|speed=0.45|near=False|yaw=26.6|peeing=False|peeCooldown=130.5|aerial=False|glide=False|legs=0|activity=Transit|site=3|visits=1
13.327,-7.030,0.100,-9.960,walk|wait=2.05|panic=0.00|target=1|speed=0.45|near=False|yaw=26.6|peeing=False|peeCooldown=130.5|aerial=False|glide=False|legs=0|activity=Transit|site=3|visits=1
13.330,-7.029,0.100,-9.959,walk|wait=2.05|panic=0.00|target=1|speed=0.45|near=False|yaw=26.6|peeing=False|peeCooldown=130.5|aerial=False|glide=False|legs=0|activity=Transit|site=3|visits=1
13.333,-7.029,0.100,-9.958,walk|wait=2.05|panic=0.00|target=1|speed=0.45|near=False|yaw=26.6|peeing=False|peeCooldown=130.5|aerial=False|glide=False|legs=0|activity=Transit|site=3|visits=1
13.366,-7.022,0.100,-9.944,walk|wait=2.05|panic=0.00|target=1|speed=0.45|near=False|yaw=26.6|peeing=False|peeCooldown=130.5|aerial=False|glide=False|legs=0|activity=Transit|site=3|visits=1
13.374,-7.020,0.100,-9.941,walk|wait=2.05|panic=0.00|target=1|speed=0.45|near=False|yaw=26.6|peeing=False|peeCooldown=130.5|aerial=False|glide=False|legs=0|activity=Transit|site=3|visits=1
13.383,-7.019,0.100,-9.937,walk|wait=2.05|panic=0.00|target=1|speed=0.45|near=False|yaw=26.6|peeing=False|peeCooldown=130.5|aerial=False|glide=False|legs=0|activity=Transit|site=3|visits=1
13.387,-7.018,0.100,-9.936,walk|wait=2.05|panic=0.00|target=1|speed=0.45|near=False|yaw=26.6|peeing=False|peeCooldown=130.4|aerial=False|glide=False|legs=0|activity=Transit|site=3|visits=1
13.416,-7.012,0.100,-9.924,walk|wait=2.05|panic=0.00|target=1|speed=0.45|near=False|yaw=26.6|peeing=False|peeCooldown=130.4|aerial=False|glide=False|legs=0|activity=Transit|site=3|visits=1
13.422,-7.011,0.100,-9.921,walk|wait=2.05|panic=0.00|target=1|speed=0.45|near=False|yaw=26.6|peeing=False|peeCooldown=130.4|aerial=False|glide=False|legs=0|activity=Transit|site=3|visits=1
13.427,-7.010,0.100,-9.920,walk|wait=2.05|panic=0.00|target=1|speed=0.45|near=False|yaw=26.6|peeing=False|peeCooldown=130.4|aerial=False|glide=False|legs=0|activity=Transit|site=3|visits=1
13.430,-7.009,0.100,-9.918,walk|wait=2.05|panic=0.00|target=1|speed=0.45|near=False|yaw=26.6|peeing=False|peeCooldown=130.4|aerial=False|glide=False|legs=0|activity=Transit|site=3|visits=1
13.433,-7.009,0.100,-9.917,walk|wait=2.05|panic=0.00|target=1|speed=0.45|near=False|yaw=26.6|peeing=False|peeCooldown=130.4|aerial=False|glide=False|legs=0|activity=Transit|site=3|visits=1
13.436,-7.008,0.100,-9.916,walk|wait=2.05|panic=0.00|target=1|speed=0.45|near=False|yaw=26.6|peeing=False|peeCooldown=130.4|aerial=False|glide=False|legs=0|activity=Transit|site=3|visits=1
13.439,-7.007,0.100,-9.915,walk|wait=2.05|panic=0.00|target=1|speed=0.45|near=False|yaw=26.6|peeing=False|peeCooldown=130.4|aerial=False|glide=False|legs=0|activity=Transit|site=3|visits=1
13.470,-7.001,0.100,-9.902,walk|wait=2.05|panic=0.00|target=1|speed=0.45|near=False|yaw=26.6|peeing=False|peeCooldown=130.4|aerial=False|glide=False|legs=0|activity=Transit|site=3|visits=1
13.477,-7.000,0.100,-9.900,walk|wait=2.05|panic=0.00|target=1|speed=0.45|near=False|yaw=26.6|peeing=False|peeCooldown=130.4|aerial=False|glide=False|legs=0|activity=Transit|site=3|visits=1
13.482,-6.999,0.100,-9.898,walk|wait=2.05|panic=0.00|target=1|speed=0.45|near=False|yaw=26.6|peeing=False|peeCooldown=130.4|aerial=False|glide=False|legs=0|activity=Transit|site=3|visits=1
13.491,-6.997,0.100,-9.894,walk|wait=2.05|panic=0.00|target=1|speed=0.45|near=False|yaw=26.6|peeing=False|peeCooldown=130.3|aerial=False|glide=False|legs=0|activity=Transit|site=3|visits=1
13.494,-6.996,0.100,-9.893,walk|wait=2.05|panic=0.00|target=1|speed=0.45|near=False|yaw=26.6|peeing=False|peeCooldown=130.3|aerial=False|glide=False|legs=0|activity=Transit|site=3|visits=1
13.521,-6.991,0.100,-9.882,walk|wait=2.05|panic=0.00|target=1|speed=0.45|near=False|yaw=26.6|peeing=False|peeCooldown=130.3|aerial=False|glide=False|legs=0|activity=Transit|site=3|visits=1
13.528,-6.989,0.100,-9.879,walk|wait=2.05|panic=0.00|target=1|speed=0.45|near=False|yaw=26.6|peeing=False|peeCooldown=130.3|aerial=False|glide=False|legs=0|activity=Transit|site=3|visits=1
13.531,-6.989,0.100,-9.878,walk|wait=2.05|panic=0.00|target=1|speed=0.45|near=False|yaw=26.6|peeing=False|peeCooldown=130.3|aerial=False|glide=False|legs=0|activity=Transit|site=3|visits=1
13.533,-6.988,0.100,-9.877,walk|wait=2.05|panic=0.00|target=1|speed=0.45|near=False|yaw=26.6|peeing=False|peeCooldown=130.3|aerial=False|glide=False|legs=0|activity=Transit|site=3|visits=1
13.536,-6.988,0.100,-9.876,walk|wait=2.05|panic=0.00|target=1|speed=0.45|near=False|yaw=26.6|peeing=False|peeCooldown=130.3|aerial=False|glide=False|legs=0|activity=Transit|site=3|visits=1
13.539,-6.987,0.100,-9.875,walk|wait=2.05|panic=0.00|target=1|speed=0.45|near=False|yaw=26.6|peeing=False|peeCooldown=130.3|aerial=False|glide=False|legs=0|activity=Transit|site=3|visits=1
13.542,-6.987,0.100,-9.873,walk|wait=2.05|panic=0.00|target=1|speed=0.45|near=False|yaw=26.6|peeing=False|peeCooldown=130.3|aerial=False|glide=False|legs=0|activity=Transit|site=3|visits=1
13.545,-6.986,0.100,-9.872,walk|wait=2.05|panic=0.00|target=1|speed=0.45|near=False|yaw=26.6|peeing=False|peeCooldown=130.3|aerial=False|glide=False|legs=0|activity=Transit|site=3|visits=1
13.577,-6.980,0.100,-9.859,walk|wait=2.05|panic=0.00|target=1|speed=0.45|near=False|yaw=26.6|peeing=False|peeCooldown=130.3|aerial=False|glide=False|legs=0|activity=Transit|site=3|visits=1
13.582,-6.979,0.100,-9.857,walk|wait=2.05|panic=0.00|target=1|speed=0.45|near=False|yaw=26.6|peeing=False|peeCooldown=130.3|aerial=False|glide=False|legs=0|activity=Transit|site=3|visits=1
13.585,-6.978,0.100,-9.856,walk|wait=2.05|panic=0.00|target=1|speed=0.45|near=False|yaw=26.6|peeing=False|peeCooldown=130.3|aerial=False|glide=False|legs=0|activity=Transit|site=3|visits=1
13.589,-6.977,0.100,-9.854,walk|wait=2.05|panic=0.00|target=1|speed=0.45|near=False|yaw=26.6|peeing=False|peeCooldown=130.2|aerial=False|glide=False|legs=0|activity=Transit|site=3|visits=1
13.592,-6.977,0.100,-9.853,walk|wait=2.05|panic=0.00|target=1|speed=0.45|near=False|yaw=26.6|peeing=False|peeCooldown=130.2|aerial=False|glide=False|legs=0|activity=Transit|site=3|visits=1
13.595,-6.976,0.100,-9.852,walk|wait=2.05|panic=0.00|target=1|speed=0.45|near=False|yaw=26.6|peeing=False|peeCooldown=130.2|aerial=False|glide=False|legs=0|activity=Transit|site=3|visits=1
13.598,-6.975,0.100,-9.851,walk|wait=2.05|panic=0.00|target=1|speed=0.45|near=False|yaw=26.6|peeing=False|peeCooldown=130.2|aerial=False|glide=False|legs=0|activity=Transit|site=3|visits=1
13.625,-6.970,0.100,-9.840,walk|wait=2.05|panic=0.00|target=1|speed=0.45|near=False|yaw=26.6|peeing=False|peeCooldown=130.2|aerial=False|glide=False|legs=0|activity=Transit|site=3|visits=1
13.629,-6.969,0.100,-9.838,walk|wait=2.05|panic=0.00|target=1|speed=0.45|near=False|yaw=26.6|peeing=False|peeCooldown=130.2|aerial=False|glide=False|legs=0|activity=Transit|site=3|visits=1
13.633,-6.968,0.100,-9.836,walk|wait=2.05|panic=0.00|target=1|speed=0.45|near=False|yaw=26.6|peeing=False|peeCooldown=130.2|aerial=False|glide=False|legs=0|activity=Transit|site=3|visits=1
13.636,-6.968,0.100,-9.835,walk|wait=2.05|panic=0.00|target=1|speed=0.45|near=False|yaw=26.6|peeing=False|peeCooldown=130.2|aerial=False|glide=False|legs=0|activity=Transit|site=3|visits=1
13.639,-6.967,0.100,-9.834,walk|wait=2.05|panic=0.00|target=1|speed=0.45|near=False|yaw=26.6|peeing=False|peeCooldown=130.2|aerial=False|glide=False|legs=0|activity=Transit|site=3|visits=1
13.643,-6.966,0.100,-9.833,walk|wait=2.05|panic=0.00|target=1|speed=0.45|near=False|yaw=26.6|peeing=False|peeCooldown=130.2|aerial=False|glide=False|legs=0|activity=Transit|site=3|visits=1
13.646,-6.966,0.100,-9.831,walk|wait=2.05|panic=0.00|target=1|speed=0.45|near=False|yaw=26.6|peeing=False|peeCooldown=130.2|aerial=False|glide=False|legs=0|activity=Transit|site=3|visits=1
13.648,-6.965,0.100,-9.830,walk|wait=2.05|panic=0.00|target=1|speed=0.45|near=False|yaw=26.6|peeing=False|peeCooldown=130.2|aerial=False|glide=False|legs=0|activity=Transit|site=3|visits=1
13.682,-6.959,0.100,-9.817,walk|wait=2.05|panic=0.00|target=1|speed=0.45|near=False|yaw=26.6|peeing=False|peeCooldown=130.2|aerial=False|glide=False|legs=0|activity=Transit|site=3|visits=1
13.687,-6.957,0.100,-9.815,walk|wait=2.05|panic=0.00|target=1|speed=0.45|near=False|yaw=26.6|peeing=False|peeCooldown=130.1|aerial=False|glide=False|legs=0|activity=Transit|site=3|visits=1
13.690,-6.957,0.100,-9.814,walk|wait=2.05|panic=0.00|target=1|speed=0.45|near=False|yaw=26.6|peeing=False|peeCooldown=130.1|aerial=False|glide=False|legs=0|activity=Transit|site=3|visits=1
13.692,-6.956,0.100,-9.813,walk|wait=2.05|panic=0.00|target=1|speed=0.45|near=False|yaw=26.6|peeing=False|peeCooldown=130.1|aerial=False|glide=False|legs=0|activity=Transit|site=3|visits=1
13.695,-6.956,0.100,-9.812,walk|wait=2.05|panic=0.00|target=1|speed=0.45|near=False|yaw=26.6|peeing=False|peeCooldown=130.1|aerial=False|glide=False|legs=0|activity=Transit|site=3|visits=1
13.698,-6.955,0.100,-9.811,walk|wait=2.05|panic=0.00|target=1|speed=0.45|near=False|yaw=26.6|peeing=False|peeCooldown=130.1|aerial=False|glide=False|legs=0|activity=Transit|site=3|visits=1
13.700,-6.955,0.100,-9.810,walk|wait=2.05|panic=0.00|target=1|speed=0.45|near=False|yaw=26.6|peeing=False|peeCooldown=130.1|aerial=False|glide=False|legs=0|activity=Transit|site=3|visits=1
13.726,-6.950,0.100,-9.799,walk|wait=2.05|panic=0.00|target=1|speed=0.45|near=False|yaw=26.6|peeing=False|peeCooldown=130.1|aerial=False|glide=False|legs=0|activity=Transit|site=3|visits=1
13.730,-6.949,0.100,-9.798,walk|wait=2.05|panic=0.00|target=1|speed=0.45|near=False|yaw=26.6|peeing=False|peeCooldown=130.1|aerial=False|glide=False|legs=0|activity=Transit|site=3|visits=1
13.733,-6.948,0.100,-9.796,walk|wait=2.05|panic=0.00|target=1|speed=0.45|near=False|yaw=26.6|peeing=False|peeCooldown=130.1|aerial=False|glide=False|legs=0|activity=Transit|site=3|visits=1
13.738,-6.947,0.100,-9.794,walk|wait=2.05|panic=0.00|target=1|speed=0.45|near=False|yaw=26.6|peeing=False|peeCooldown=130.1|aerial=False|glide=False|legs=0|activity=Transit|site=3|visits=1
13.741,-6.947,0.100,-9.793,walk|wait=2.05|panic=0.00|target=1|speed=0.45|near=False|yaw=26.6|peeing=False|peeCooldown=130.1|aerial=False|glide=False|legs=0|activity=Transit|site=3|visits=1
13.744,-6.946,0.100,-9.792,walk|wait=2.05|panic=0.00|target=1|speed=0.45|near=False|yaw=26.6|peeing=False|peeCooldown=130.1|aerial=False|glide=False|legs=0|activity=Transit|site=3|visits=1
13.747,-6.945,0.100,-9.791,walk|wait=2.05|panic=0.00|target=1|speed=0.45|near=False|yaw=26.6|peeing=False|peeCooldown=130.1|aerial=False|glide=False|legs=0|activity=Transit|site=3|visits=1
13.749,-6.945,0.100,-9.790,walk|wait=2.05|panic=0.00|target=1|speed=0.45|near=False|yaw=26.6|peeing=False|peeCooldown=130.1|aerial=False|glide=False|legs=0|activity=Transit|site=3|visits=1
13.753,-6.944,0.100,-9.788,walk|wait=2.05|panic=0.00|target=1|speed=0.45|near=False|yaw=26.6|peeing=False|peeCooldown=130.1|aerial=False|glide=False|legs=0|activity=Transit|site=3|visits=1
13.785,-6.938,0.100,-9.776,walk|wait=2.05|panic=0.00|target=1|speed=0.45|near=False|yaw=26.6|peeing=False|peeCooldown=130.1|aerial=False|glide=False|legs=0|activity=Transit|site=3|visits=1
13.791,-6.937,0.100,-9.773,walk|wait=2.05|panic=0.00|target=1|speed=0.45|near=False|yaw=26.6|peeing=False|peeCooldown=130.0|aerial=False|glide=False|legs=0|activity=Transit|site=3|visits=1
13.793,-6.936,0.100,-9.772,walk|wait=2.05|panic=0.00|target=1|speed=0.45|near=False|yaw=26.6|peeing=False|peeCooldown=130.0|aerial=False|glide=False|legs=0|activity=Transit|site=3|visits=1
13.796,-6.936,0.100,-9.771,walk|wait=2.05|panic=0.00|target=1|speed=0.45|near=False|yaw=26.6|peeing=False|peeCooldown=130.0|aerial=False|glide=False|legs=0|activity=Transit|site=3|visits=1
13.798,-6.935,0.100,-9.770,walk|wait=2.05|panic=0.00|target=1|speed=0.45|near=False|yaw=26.6|peeing=False|peeCooldown=130.0|aerial=False|glide=False|legs=0|activity=Transit|site=3|visits=1
13.801,-6.935,0.100,-9.769,walk|wait=2.05|panic=0.00|target=1|speed=0.45|near=False|yaw=26.6|peeing=False|peeCooldown=130.0|aerial=False|glide=False|legs=0|activity=Transit|site=3|visits=1
13.804,-6.934,0.100,-9.768,walk|wait=2.05|panic=0.00|target=1|speed=0.45|near=False|yaw=26.6|peeing=False|peeCooldown=130.0|aerial=False|glide=False|legs=0|activity=Transit|site=3|visits=1
13.832,-6.928,0.100,-9.757,walk|wait=2.05|panic=0.00|target=1|speed=0.45|near=False|yaw=26.6|peeing=False|peeCooldown=130.0|aerial=False|glide=False|legs=0|activity=Transit|site=3|visits=1
13.835,-6.928,0.100,-9.755,walk|wait=2.05|panic=0.00|target=1|speed=0.45|near=False|yaw=26.6|peeing=False|peeCooldown=130.0|aerial=False|glide=False|legs=0|activity=Transit|site=3|visits=1
13.839,-6.927,0.100,-9.754,walk|wait=2.05|panic=0.00|target=1|speed=0.45|near=False|yaw=26.6|peeing=False|peeCooldown=130.0|aerial=False|glide=False|legs=0|activity=Transit|site=3|visits=1
13.843,-6.926,0.100,-9.752,walk|wait=2.05|panic=0.00|target=1|speed=0.45|near=False|yaw=26.6|peeing=False|peeCooldown=130.0|aerial=False|glide=False|legs=0|activity=Transit|site=3|visits=1
13.847,-6.925,0.100,-9.751,walk|wait=2.05|panic=0.00|target=1|speed=0.45|near=False|yaw=26.6|peeing=False|peeCooldown=130.0|aerial=False|glide=False|legs=0|activity=Transit|site=3|visits=1
13.849,-6.925,0.100,-9.750,walk|wait=2.05|panic=0.00|target=1|speed=0.45|near=False|yaw=26.6|peeing=False|peeCooldown=130.0|aerial=False|glide=False|legs=0|activity=Transit|site=3|visits=1
13.852,-6.924,0.100,-9.749,walk|wait=2.05|panic=0.00|target=1|speed=0.45|near=False|yaw=26.6|peeing=False|peeCooldown=130.0|aerial=False|glide=False|legs=0|activity=Transit|site=3|visits=1
13.854,-6.924,0.100,-9.748,walk|wait=2.05|panic=0.00|target=1|speed=0.45|near=False|yaw=26.6|peeing=False|peeCooldown=130.0|aerial=False|glide=False|legs=0|activity=Transit|site=3|visits=1
13.888,-6.917,0.100,-9.734,walk|wait=2.05|panic=0.00|target=1|speed=0.45|near=False|yaw=26.6|peeing=False|peeCooldown=129.9|aerial=False|glide=False|legs=0|activity=Transit|site=3|visits=1
13.895,-6.916,0.100,-9.731,walk|wait=2.05|panic=0.00|target=1|speed=0.45|near=False|yaw=26.6|peeing=False|peeCooldown=129.9|aerial=False|glide=False|legs=0|activity=Transit|site=3|visits=1
13.898,-6.915,0.100,-9.730,walk|wait=2.05|panic=0.00|target=1|speed=0.45|near=False|yaw=26.6|peeing=False|peeCooldown=129.9|aerial=False|glide=False|legs=0|activity=Transit|site=3|visits=1
13.900,-6.915,0.100,-9.729,walk|wait=2.05|panic=0.00|target=1|speed=0.45|near=False|yaw=26.6|peeing=False|peeCooldown=129.9|aerial=False|glide=False|legs=0|activity=Transit|site=3|visits=1
13.904,-6.914,0.100,-9.728,walk|wait=2.05|panic=0.00|target=1|speed=0.45|near=False|yaw=26.6|peeing=False|peeCooldown=129.9|aerial=False|glide=False|legs=0|activity=Transit|site=3|visits=1
13.906,-6.913,0.100,-9.727,walk|wait=2.05|panic=0.00|target=1|speed=0.45|near=False|yaw=26.6|peeing=False|peeCooldown=129.9|aerial=False|glide=False|legs=0|activity=Transit|site=3|visits=1
13.931,-6.908,0.100,-9.717,walk|wait=2.05|panic=0.00|target=1|speed=0.45|near=False|yaw=26.6|peeing=False|peeCooldown=129.9|aerial=False|glide=False|legs=0|activity=Transit|site=3|visits=1
13.935,-6.908,0.100,-9.715,walk|wait=2.05|panic=0.00|target=1|speed=0.45|near=False|yaw=26.6|peeing=False|peeCooldown=129.9|aerial=False|glide=False|legs=0|activity=Transit|site=3|visits=1
13.938,-6.907,0.100,-9.714,walk|wait=2.05|panic=0.00|target=1|speed=0.45|near=False|yaw=26.6|peeing=False|peeCooldown=129.9|aerial=False|glide=False|legs=0|activity=Transit|site=3|visits=1
13.941,-6.906,0.100,-9.713,walk|wait=2.05|panic=0.00|target=1|speed=0.45|near=False|yaw=26.6|peeing=False|peeCooldown=129.9|aerial=False|glide=False|legs=0|activity=Transit|site=3|visits=1
13.946,-6.905,0.100,-9.711,walk|wait=2.05|panic=0.00|target=1|speed=0.45|near=False|yaw=26.6|peeing=False|peeCooldown=129.9|aerial=False|glide=False|legs=0|activity=Transit|site=3|visits=1
13.948,-6.905,0.100,-9.710,walk|wait=2.05|panic=0.00|target=1|speed=0.45|near=False|yaw=26.6|peeing=False|peeCooldown=129.9|aerial=False|glide=False|legs=0|activity=Transit|site=3|visits=1
13.952,-6.904,0.100,-9.708,walk|wait=2.05|panic=0.00|target=1|speed=0.45|near=False|yaw=26.6|peeing=False|peeCooldown=129.9|aerial=False|glide=False|legs=0|activity=Transit|site=3|visits=1
13.954,-6.904,0.100,-9.707,walk|wait=2.05|panic=0.00|target=1|speed=0.45|near=False|yaw=26.6|peeing=False|peeCooldown=129.9|aerial=False|glide=False|legs=0|activity=Transit|site=3|visits=1
13.958,-6.903,0.100,-9.706,walk|wait=2.05|panic=0.00|target=1|speed=0.45|near=False|yaw=26.6|peeing=False|peeCooldown=129.9|aerial=False|glide=False|legs=0|activity=Transit|site=3|visits=1
13.990,-6.897,0.100,-9.693,walk|wait=2.05|panic=0.00|target=1|speed=0.45|near=False|yaw=26.6|peeing=False|peeCooldown=129.8|aerial=False|glide=False|legs=0|activity=Transit|site=3|visits=1
13.994,-6.896,0.100,-9.692,walk|wait=2.05|panic=0.00|target=1|speed=0.45|near=False|yaw=26.6|peeing=False|peeCooldown=129.8|aerial=False|glide=False|legs=0|activity=Transit|site=3|visits=1
13.998,-6.895,0.100,-9.690,walk|wait=2.05|panic=0.00|target=1|speed=0.45|near=False|yaw=26.6|peeing=False|peeCooldown=129.8|aerial=False|glide=False|legs=0|activity=Transit|site=3|visits=1
14.001,-6.894,0.100,-9.689,walk|wait=2.05|panic=0.00|target=1|speed=0.45|near=False|yaw=26.6|peeing=False|peeCooldown=129.8|aerial=False|glide=False|legs=0|activity=Transit|site=3|visits=1
14.004,-6.894,0.100,-9.687,walk|wait=2.05|panic=0.00|target=1|speed=0.45|near=False|yaw=26.6|peeing=False|peeCooldown=129.8|aerial=False|glide=False|legs=0|activity=Transit|site=3|visits=1
14.008,-6.893,0.100,-9.686,walk|wait=2.05|panic=0.00|target=1|speed=0.45|near=False|yaw=26.6|peeing=False|peeCooldown=129.8|aerial=False|glide=False|legs=0|activity=Transit|site=3|visits=1
14.011,-6.892,0.100,-9.684,walk|wait=2.05|panic=0.00|target=1|speed=0.45|near=False|yaw=26.6|peeing=False|peeCooldown=129.8|aerial=False|glide=False|legs=0|activity=Transit|site=3|visits=1
14.037,-6.887,0.100,-9.674,walk|wait=2.05|panic=0.00|target=1|speed=0.45|near=False|yaw=26.6|peeing=False|peeCooldown=129.8|aerial=False|glide=False|legs=0|activity=Transit|site=3|visits=1
14.041,-6.886,0.100,-9.673,walk|wait=2.05|panic=0.00|target=1|speed=0.45|near=False|yaw=26.6|peeing=False|peeCooldown=129.8|aerial=False|glide=False|legs=0|activity=Transit|site=3|visits=1
14.044,-6.886,0.100,-9.671,walk|wait=2.05|panic=0.00|target=1|speed=0.45|near=False|yaw=26.6|peeing=False|peeCooldown=129.8|aerial=False|glide=False|legs=0|activity=Transit|site=3|visits=1
14.049,-6.885,0.100,-9.669,walk|wait=2.05|panic=0.00|target=1|speed=0.45|near=False|yaw=26.6|peeing=False|peeCooldown=129.8|aerial=False|glide=False|legs=0|activity=Transit|site=3|visits=1
14.052,-6.884,0.100,-9.668,walk|wait=2.05|panic=0.00|target=1|speed=0.45|near=False|yaw=26.6|peeing=False|peeCooldown=129.8|aerial=False|glide=False|legs=0|activity=Transit|site=3|visits=1
14.054,-6.884,0.100,-9.667,walk|wait=2.05|panic=0.00|target=1|speed=0.45|near=False|yaw=26.6|peeing=False|peeCooldown=129.8|aerial=False|glide=False|legs=0|activity=Transit|site=3|visits=1
14.057,-6.883,0.100,-9.666,walk|wait=2.05|panic=0.00|target=1|speed=0.45|near=False|yaw=26.6|peeing=False|peeCooldown=129.8|aerial=False|glide=False|legs=0|activity=Transit|site=3|visits=1
14.060,-6.882,0.100,-9.665,walk|wait=2.05|panic=0.00|target=1|speed=0.45|near=False|yaw=26.6|peeing=False|peeCooldown=129.8|aerial=False|glide=False|legs=0|activity=Transit|site=3|visits=1
14.064,-6.882,0.100,-9.663,walk|wait=2.05|panic=0.00|target=1|speed=0.45|near=False|yaw=26.6|peeing=False|peeCooldown=129.8|aerial=False|glide=False|legs=0|activity=Transit|site=3|visits=1
14.096,-6.875,0.100,-9.650,walk|wait=2.05|panic=0.00|target=1|speed=0.45|near=False|yaw=26.6|peeing=False|peeCooldown=129.7|aerial=False|glide=False|legs=0|activity=Transit|site=3|visits=1
14.102,-6.874,0.100,-9.648,walk|wait=2.05|panic=0.00|target=1|speed=0.45|near=False|yaw=26.6|peeing=False|peeCooldown=129.7|aerial=False|glide=False|legs=0|activity=Transit|site=3|visits=1
14.105,-6.873,0.100,-9.647,walk|wait=2.05|panic=0.00|target=1|speed=0.45|near=False|yaw=26.6|peeing=False|peeCooldown=129.7|aerial=False|glide=False|legs=0|activity=Transit|site=3|visits=1
14.107,-6.873,0.100,-9.646,walk|wait=2.05|panic=0.00|target=1|speed=0.45|near=False|yaw=26.6|peeing=False|peeCooldown=129.7|aerial=False|glide=False|legs=0|activity=Transit|site=3|visits=1
14.110,-6.872,0.100,-9.645,walk|wait=2.05|panic=0.00|target=1|speed=0.45|near=False|yaw=26.6|peeing=False|peeCooldown=129.7|aerial=False|glide=False|legs=0|activity=Transit|site=3|visits=1
14.112,-6.872,0.100,-9.644,walk|wait=2.05|panic=0.00|target=1|speed=0.45|near=False|yaw=26.6|peeing=False|peeCooldown=129.7|aerial=False|glide=False|legs=0|activity=Transit|site=3|visits=1
14.138,-6.867,0.100,-9.633,walk|wait=2.05|panic=0.00|target=1|speed=0.45|near=False|yaw=26.6|peeing=False|peeCooldown=129.7|aerial=False|glide=False|legs=0|activity=Transit|site=3|visits=1
14.142,-6.866,0.100,-9.632,walk|wait=2.05|panic=0.00|target=1|speed=0.45|near=False|yaw=26.6|peeing=False|peeCooldown=129.7|aerial=False|glide=False|legs=0|activity=Transit|site=3|visits=1
14.145,-6.865,0.100,-9.630,walk|wait=2.05|panic=0.00|target=1|speed=0.45|near=False|yaw=26.6|peeing=False|peeCooldown=129.7|aerial=False|glide=False|legs=0|activity=Transit|site=3|visits=1
14.148,-6.865,0.100,-9.629,walk|wait=2.05|panic=0.00|target=1|speed=0.45|near=False|yaw=26.6|peeing=False|peeCooldown=129.7|aerial=False|glide=False|legs=0|activity=Transit|site=3|visits=1
14.158,-6.863,0.100,-9.625,walk|wait=2.05|panic=0.00|target=1|speed=0.45|near=False|yaw=26.6|peeing=False|peeCooldown=129.7|aerial=False|glide=False|legs=0|activity=Transit|site=3|visits=1
14.162,-6.862,0.100,-9.624,walk|wait=2.05|panic=0.00|target=1|speed=0.45|near=False|yaw=26.6|peeing=False|peeCooldown=129.7|aerial=False|glide=False|legs=0|activity=Transit|site=3|visits=1
14.165,-6.861,0.100,-9.623,walk|wait=2.05|panic=0.00|target=1|speed=0.45|near=False|yaw=26.6|peeing=False|peeCooldown=129.7|aerial=False|glide=False|legs=0|activity=Transit|site=3|visits=1
14.189,-6.856,0.100,-9.613,walk|wait=2.05|panic=0.00|target=1|speed=0.45|near=False|yaw=26.6|peeing=False|peeCooldown=129.6|aerial=False|glide=False|legs=0|activity=Transit|site=3|visits=1
14.193,-6.856,0.100,-9.611,walk|wait=2.05|panic=0.00|target=1|speed=0.45|near=False|yaw=26.6|peeing=False|peeCooldown=129.6|aerial=False|glide=False|legs=0|activity=Transit|site=3|visits=1
14.195,-6.855,0.100,-9.610,walk|wait=2.05|panic=0.00|target=1|speed=0.45|near=False|yaw=26.6|peeing=False|peeCooldown=129.6|aerial=False|glide=False|legs=0|activity=Transit|site=3|visits=1
14.198,-6.855,0.100,-9.609,walk|wait=2.05|panic=0.00|target=1|speed=0.45|near=False|yaw=26.6|peeing=False|peeCooldown=129.6|aerial=False|glide=False|legs=0|activity=Transit|site=3|visits=1
14.202,-6.854,0.100,-9.608,walk|wait=2.05|panic=0.00|target=1|speed=0.45|near=False|yaw=26.6|peeing=False|peeCooldown=129.6|aerial=False|glide=False|legs=0|activity=Transit|site=3|visits=1
14.206,-6.853,0.100,-9.606,walk|wait=2.05|panic=0.00|target=1|speed=0.45|near=False|yaw=26.6|peeing=False|peeCooldown=129.6|aerial=False|glide=False|legs=0|activity=Transit|site=3|visits=1
14.208,-6.853,0.100,-9.605,walk|wait=2.05|panic=0.00|target=1|speed=0.45|near=False|yaw=26.6|peeing=False|peeCooldown=129.6|aerial=False|glide=False|legs=0|activity=Transit|site=3|visits=1
14.211,-6.852,0.100,-9.604,walk|wait=2.05|panic=0.00|target=1|speed=0.45|near=False|yaw=26.6|peeing=False|peeCooldown=129.6|aerial=False|glide=False|legs=0|activity=Transit|site=3|visits=1
14.215,-6.851,0.100,-9.602,walk|wait=2.05|panic=0.00|target=1|speed=0.45|near=False|yaw=26.6|peeing=False|peeCooldown=129.6|aerial=False|glide=False|legs=0|activity=Transit|site=3|visits=1
14.218,-6.851,0.100,-9.601,walk|wait=2.05|panic=0.00|target=1|speed=0.45|near=False|yaw=26.6|peeing=False|peeCooldown=129.6|aerial=False|glide=False|legs=0|activity=Transit|site=3|visits=1
14.249,-6.844,0.100,-9.589,walk|wait=2.05|panic=0.00|target=1|speed=0.45|near=False|yaw=26.6|peeing=False|peeCooldown=129.6|aerial=False|glide=False|legs=0|activity=Transit|site=3|visits=1
14.254,-6.843,0.100,-9.587,walk|wait=2.05|panic=0.00|target=1|speed=0.45|near=False|yaw=26.6|peeing=False|peeCooldown=129.6|aerial=False|glide=False|legs=0|activity=Transit|site=3|visits=1
14.257,-6.843,0.100,-9.585,walk|wait=2.05|panic=0.00|target=1|speed=0.45|near=False|yaw=26.6|peeing=False|peeCooldown=129.6|aerial=False|glide=False|legs=0|activity=Transit|site=3|visits=1
14.264,-6.841,0.100,-9.583,walk|wait=2.05|panic=0.00|target=1|speed=0.45|near=False|yaw=26.6|peeing=False|peeCooldown=129.6|aerial=False|glide=False|legs=0|activity=Transit|site=3|visits=1
14.268,-6.841,0.100,-9.581,walk|wait=2.05|panic=0.00|target=1|speed=0.45|near=False|yaw=26.6|peeing=False|peeCooldown=129.6|aerial=False|glide=False|legs=0|activity=Transit|site=3|visits=1
14.270,-6.840,0.100,-9.580,walk|wait=2.05|panic=0.00|target=1|speed=0.45|near=False|yaw=26.6|peeing=False|peeCooldown=129.6|aerial=False|glide=False|legs=0|activity=Transit|site=3|visits=1
14.295,-6.835,0.100,-9.570,walk|wait=2.05|panic=0.00|target=1|speed=0.45|near=False|yaw=26.6|peeing=False|peeCooldown=129.5|aerial=False|glide=False|legs=0|activity=Transit|site=3|visits=1
14.298,-6.834,0.100,-9.569,walk|wait=2.05|panic=0.00|target=1|speed=0.45|near=False|yaw=26.6|peeing=False|peeCooldown=129.5|aerial=False|glide=False|legs=0|activity=Transit|site=3|visits=1
14.301,-6.834,0.100,-9.568,walk|wait=2.05|panic=0.00|target=1|speed=0.45|near=False|yaw=26.6|peeing=False|peeCooldown=129.5|aerial=False|glide=False|legs=0|activity=Transit|site=3|visits=1
14.305,-6.833,0.100,-9.566,walk|wait=2.05|panic=0.00|target=1|speed=0.45|near=False|yaw=26.6|peeing=False|peeCooldown=129.5|aerial=False|glide=False|legs=0|activity=Transit|site=3|visits=1
14.308,-6.832,0.100,-9.565,walk|wait=2.05|panic=0.00|target=1|speed=0.45|near=False|yaw=26.6|peeing=False|peeCooldown=129.5|aerial=False|glide=False|legs=0|activity=Transit|site=3|visits=1
14.311,-6.832,0.100,-9.564,walk|wait=2.05|panic=0.00|target=1|speed=0.45|near=False|yaw=26.6|peeing=False|peeCooldown=129.5|aerial=False|glide=False|legs=0|activity=Transit|site=3|visits=1
14.313,-6.832,0.100,-9.563,walk|wait=2.05|panic=0.00|target=1|speed=0.45|near=False|yaw=26.6|peeing=False|peeCooldown=129.5|aerial=False|glide=False|legs=0|activity=Transit|site=3|visits=1
14.315,-6.831,0.100,-9.562,walk|wait=2.05|panic=0.00|target=1|speed=0.45|near=False|yaw=26.6|peeing=False|peeCooldown=129.5|aerial=False|glide=False|legs=0|activity=Transit|site=3|visits=1
14.319,-6.830,0.100,-9.560,walk|wait=2.05|panic=0.00|target=1|speed=0.45|near=False|yaw=26.6|peeing=False|peeCooldown=129.5|aerial=False|glide=False|legs=0|activity=Transit|site=3|visits=1
14.322,-6.830,0.100,-9.559,walk|wait=2.05|panic=0.00|target=1|speed=0.45|near=False|yaw=26.6|peeing=False|peeCooldown=129.5|aerial=False|glide=False|legs=0|activity=Transit|site=3|visits=1
14.353,-6.824,0.100,-9.547,walk|wait=2.05|panic=0.00|target=1|speed=0.45|near=False|yaw=26.6|peeing=False|peeCooldown=129.5|aerial=False|glide=False|legs=0|activity=Transit|site=3|visits=1
14.358,-6.822,0.100,-9.545,walk|wait=2.05|panic=0.00|target=1|speed=0.45|near=False|yaw=26.6|peeing=False|peeCooldown=129.5|aerial=False|glide=False|legs=0|activity=Transit|site=3|visits=1
14.360,-6.822,0.100,-9.544,walk|wait=2.05|panic=0.00|target=1|speed=0.45|near=False|yaw=26.6|peeing=False|peeCooldown=129.5|aerial=False|glide=False|legs=0|activity=Transit|site=3|visits=1
14.363,-6.821,0.100,-9.543,walk|wait=2.05|panic=0.00|target=1|speed=0.45|near=False|yaw=26.6|peeing=False|peeCooldown=129.5|aerial=False|glide=False|legs=0|activity=Transit|site=3|visits=1
14.370,-6.820,0.100,-9.540,walk|wait=2.05|panic=0.00|target=1|speed=0.45|near=False|yaw=26.6|peeing=False|peeCooldown=129.5|aerial=False|glide=False|legs=0|activity=Transit|site=3|visits=1
14.376,-6.819,0.100,-9.538,walk|wait=2.05|panic=0.00|target=1|speed=0.45|near=False|yaw=26.6|peeing=False|peeCooldown=129.5|aerial=False|glide=False|legs=0|activity=Transit|site=3|visits=1
14.402,-6.814,0.100,-9.527,walk|wait=2.05|panic=0.00|target=1|speed=0.45|near=False|yaw=26.6|peeing=False|peeCooldown=129.4|aerial=False|glide=False|legs=0|activity=Transit|site=3|visits=1
14.405,-6.813,0.100,-9.526,walk|wait=2.05|panic=0.00|target=1|speed=0.45|near=False|yaw=26.6|peeing=False|peeCooldown=129.4|aerial=False|glide=False|legs=0|activity=Transit|site=3|visits=1
14.410,-6.812,0.100,-9.524,walk|wait=2.05|panic=0.00|target=1|speed=0.45|near=False|yaw=26.6|peeing=False|peeCooldown=129.4|aerial=False|glide=False|legs=0|activity=Transit|site=3|visits=1
14.413,-6.811,0.100,-9.523,walk|wait=2.05|panic=0.00|target=1|speed=0.45|near=False|yaw=26.6|peeing=False|peeCooldown=129.4|aerial=False|glide=False|legs=0|activity=Transit|site=3|visits=1
14.415,-6.811,0.100,-9.522,walk|wait=2.05|panic=0.00|target=1|speed=0.45|near=False|yaw=26.6|peeing=False|peeCooldown=129.4|aerial=False|glide=False|legs=0|activity=Transit|site=3|visits=1
14.418,-6.810,0.100,-9.521,walk|wait=2.05|panic=0.00|target=1|speed=0.45|near=False|yaw=26.6|peeing=False|peeCooldown=129.4|aerial=False|glide=False|legs=0|activity=Transit|site=3|visits=1
14.421,-6.810,0.100,-9.520,walk|wait=2.05|panic=0.00|target=1|speed=0.45|near=False|yaw=26.6|peeing=False|peeCooldown=129.4|aerial=False|glide=False|legs=0|activity=Transit|site=3|visits=1
14.424,-6.809,0.100,-9.518,walk|wait=2.05|panic=0.00|target=1|speed=0.45|near=False|yaw=26.6|peeing=False|peeCooldown=129.4|aerial=False|glide=False|legs=0|activity=Transit|site=3|visits=1
14.458,-6.802,0.100,-9.504,walk|wait=2.05|panic=0.00|target=1|speed=0.45|near=False|yaw=26.6|peeing=False|peeCooldown=129.4|aerial=False|glide=False|legs=0|activity=Transit|site=3|visits=1
14.464,-6.801,0.100,-9.502,walk|wait=2.05|panic=0.00|target=1|speed=0.45|near=False|yaw=26.6|peeing=False|peeCooldown=129.4|aerial=False|glide=False|legs=0|activity=Transit|site=3|visits=1
14.468,-6.800,0.100,-9.501,walk|wait=2.05|panic=0.00|target=1|speed=0.45|near=False|yaw=26.6|peeing=False|peeCooldown=129.4|aerial=False|glide=False|legs=0|activity=Transit|site=3|visits=1
14.470,-6.800,0.100,-9.501,walk|wait=2.05|panic=0.00|target=1|speed=0.45|near=False|yaw=26.6|peeing=False|peeCooldown=129.4|aerial=False|glide=False|legs=0|activity=Transit|site=3|visits=1
14.476,-6.800,0.100,-9.498,walk|wait=2.05|panic=0.00|target=1|speed=0.44|near=False|yaw=25.8|peeing=False|peeCooldown=129.4|aerial=False|glide=False|legs=0|activity=Transit|site=3|visits=1
14.483,-6.800,0.100,-9.495,walk|wait=2.05|panic=0.00|target=1|speed=0.44|near=False|yaw=24.8|peeing=False|peeCooldown=129.4|aerial=False|glide=False|legs=0|activity=Transit|site=3|visits=1
14.509,-6.800,0.100,-9.484,walk|wait=2.05|panic=0.00|target=1|speed=0.41|near=False|yaw=21.3|peeing=False|peeCooldown=129.3|aerial=False|glide=False|legs=0|activity=Transit|site=3|visits=1
14.515,-6.800,0.100,-9.482,walk|wait=2.05|panic=0.00|target=1|speed=0.41|near=False|yaw=20.6|peeing=False|peeCooldown=129.3|aerial=False|glide=False|legs=0|activity=Transit|site=3|visits=1
14.517,-6.800,0.100,-9.481,walk|wait=2.05|panic=0.00|target=1|speed=0.41|near=False|yaw=20.3|peeing=False|peeCooldown=129.3|aerial=False|glide=False|legs=0|activity=Transit|site=3|visits=1
14.520,-6.800,0.100,-9.480,walk|wait=2.05|panic=0.00|target=1|speed=0.42|near=False|yaw=19.9|peeing=False|peeCooldown=129.3|aerial=False|glide=False|legs=0|activity=Transit|site=3|visits=1
14.522,-6.800,0.100,-9.479,walk|wait=2.05|panic=0.00|target=1|speed=0.42|near=False|yaw=19.6|peeing=False|peeCooldown=129.3|aerial=False|glide=False|legs=0|activity=Transit|site=3|visits=1
14.526,-6.800,0.100,-9.478,walk|wait=2.05|panic=0.00|target=1|speed=0.42|near=False|yaw=19.1|peeing=False|peeCooldown=129.3|aerial=False|glide=False|legs=0|activity=Transit|site=3|visits=1
14.528,-6.800,0.100,-9.477,walk|wait=2.05|panic=0.00|target=1|speed=0.42|near=False|yaw=18.8|peeing=False|peeCooldown=129.3|aerial=False|glide=False|legs=0|activity=Transit|site=3|visits=1
14.530,-6.800,0.100,-9.476,walk|wait=2.05|panic=0.00|target=1|speed=0.43|near=False|yaw=18.5|peeing=False|peeCooldown=129.3|aerial=False|glide=False|legs=0|activity=Transit|site=3|visits=1
14.562,-6.800,0.100,-9.462,walk|wait=2.05|panic=0.00|target=1|speed=0.43|near=False|yaw=14.2|peeing=False|peeCooldown=129.3|aerial=False|glide=False|legs=0|activity=Transit|site=3|visits=1
14.569,-6.800,0.100,-9.459,walk|wait=2.05|panic=0.00|target=1|speed=0.43|near=False|yaw=13.3|peeing=False|peeCooldown=129.3|aerial=False|glide=False|legs=0|activity=Transit|site=3|visits=1
14.571,-6.800,0.100,-9.458,walk|wait=2.05|panic=0.00|target=1|speed=0.44|near=False|yaw=13.0|peeing=False|peeCooldown=129.3|aerial=False|glide=False|legs=0|activity=Transit|site=3|visits=1
14.574,-6.800,0.100,-9.457,walk|wait=2.05|panic=0.00|target=1|speed=0.44|near=False|yaw=12.6|peeing=False|peeCooldown=129.3|aerial=False|glide=False|legs=0|activity=Transit|site=3|visits=1
14.577,-6.800,0.100,-9.456,walk|wait=2.05|panic=0.00|target=1|speed=0.44|near=False|yaw=12.3|peeing=False|peeCooldown=129.3|aerial=False|glide=False|legs=0|activity=Transit|site=3|visits=1
14.579,-6.800,0.100,-9.455,walk|wait=2.05|panic=0.00|target=1|speed=0.45|near=False|yaw=11.9|peeing=False|peeCooldown=129.3|aerial=False|glide=False|legs=0|activity=Transit|site=3|visits=1
14.582,-6.800,0.100,-9.453,walk|wait=2.05|panic=0.00|target=1|speed=0.45|near=False|yaw=11.5|peeing=False|peeCooldown=129.3|aerial=False|glide=False|legs=0|activity=Transit|site=3|visits=1
14.608,-6.800,0.100,-9.442,walk|wait=2.05|panic=0.00|target=1|speed=0.45|near=False|yaw=8.0|peeing=False|peeCooldown=129.2|aerial=False|glide=False|legs=0|activity=Transit|site=3|visits=1
14.611,-6.800,0.100,-9.440,walk|wait=2.05|panic=0.00|target=1|speed=0.45|near=False|yaw=7.6|peeing=False|peeCooldown=129.2|aerial=False|glide=False|legs=0|activity=Transit|site=3|visits=1
14.614,-6.800,0.100,-9.439,walk|wait=2.05|panic=0.00|target=1|speed=0.45|near=False|yaw=7.2|peeing=False|peeCooldown=129.2|aerial=False|glide=False|legs=0|activity=Transit|site=3|visits=1
14.619,-6.800,0.100,-9.437,walk|wait=2.05|panic=0.00|target=1|speed=0.45|near=False|yaw=6.6|peeing=False|peeCooldown=129.2|aerial=False|glide=False|legs=0|activity=Transit|site=3|visits=1
14.621,-6.800,0.100,-9.436,walk|wait=2.05|panic=0.00|target=1|speed=0.45|near=False|yaw=6.3|peeing=False|peeCooldown=129.2|aerial=False|glide=False|legs=0|activity=Transit|site=3|visits=1
14.624,-6.800,0.100,-9.434,walk|wait=2.05|panic=0.00|target=1|speed=0.45|near=False|yaw=5.8|peeing=False|peeCooldown=129.2|aerial=False|glide=False|legs=0|activity=Transit|site=3|visits=1
14.627,-6.800,0.100,-9.433,walk|wait=2.05|panic=0.00|target=1|speed=0.45|near=False|yaw=5.5|peeing=False|peeCooldown=129.2|aerial=False|glide=False|legs=0|activity=Transit|site=3|visits=1
14.629,-6.800,0.100,-9.432,walk|wait=2.05|panic=0.00|target=1|speed=0.45|near=False|yaw=5.2|peeing=False|peeCooldown=129.2|aerial=False|glide=False|legs=0|activity=Transit|site=3|visits=1
14.634,-6.800,0.100,-9.430,walk|wait=2.05|panic=0.00|target=1|speed=0.45|near=False|yaw=4.5|peeing=False|peeCooldown=129.2|aerial=False|glide=False|legs=0|activity=Transit|site=3|visits=1
14.667,-6.800,0.100,-9.415,walk|wait=2.05|panic=0.00|target=1|speed=0.45|near=False|yaw=0.1|peeing=False|peeCooldown=129.2|aerial=False|glide=False|legs=0|activity=Transit|site=3|visits=1
14.673,-6.800,0.100,-9.412,walk|wait=2.05|panic=0.00|target=1|speed=0.45|near=False|yaw=0.0|peeing=False|peeCooldown=129.2|aerial=False|glide=False|legs=0|activity=Transit|site=3|visits=1
14.676,-6.800,0.100,-9.411,walk|wait=2.05|panic=0.00|target=1|speed=0.45|near=False|yaw=0.0|peeing=False|peeCooldown=129.2|aerial=False|glide=False|legs=0|activity=Transit|site=3|visits=1
14.679,-6.800,0.100,-9.410,walk|wait=2.05|panic=0.00|target=1|speed=0.45|near=False|yaw=0.0|peeing=False|peeCooldown=129.2|aerial=False|glide=False|legs=0|activity=Transit|site=3|visits=1
14.681,-6.800,0.100,-9.409,walk|wait=2.05|panic=0.00|target=1|speed=0.45|near=False|yaw=0.0|peeing=False|peeCooldown=129.2|aerial=False|glide=False|legs=0|activity=Transit|site=3|visits=1
14.685,-6.800,0.100,-9.407,walk|wait=2.05|panic=0.00|target=1|speed=0.45|near=False|yaw=0.0|peeing=False|peeCooldown=129.2|aerial=False|glide=False|legs=0|activity=Transit|site=3|visits=1
14.710,-6.800,0.100,-9.396,walk|wait=2.05|panic=0.00|target=1|speed=0.45|near=False|yaw=0.0|peeing=False|peeCooldown=129.1|aerial=False|glide=False|legs=0|activity=Transit|site=3|visits=1
14.714,-6.800,0.100,-9.394,walk|wait=2.05|panic=0.00|target=1|speed=0.45|near=False|yaw=0.0|peeing=False|peeCooldown=129.1|aerial=False|glide=False|legs=0|activity=Transit|site=3|visits=1
14.717,-6.800,0.100,-9.393,walk|wait=2.05|panic=0.00|target=1|speed=0.45|near=False|yaw=0.0|peeing=False|peeCooldown=129.1|aerial=False|glide=False|legs=0|activity=Transit|site=3|visits=1
14.721,-6.800,0.100,-9.391,walk|wait=2.05|panic=0.00|target=1|speed=0.45|near=False|yaw=0.0|peeing=False|peeCooldown=129.1|aerial=False|glide=False|legs=0|activity=Transit|site=3|visits=1
14.724,-6.800,0.100,-9.389,walk|wait=2.05|panic=0.00|target=1|speed=0.45|near=False|yaw=0.0|peeing=False|peeCooldown=129.1|aerial=False|glide=False|legs=0|activity=Transit|site=3|visits=1
14.727,-6.800,0.100,-9.388,walk|wait=2.05|panic=0.00|target=1|speed=0.45|near=False|yaw=0.0|peeing=False|peeCooldown=129.1|aerial=False|glide=False|legs=0|activity=Transit|site=3|visits=1
14.729,-6.800,0.100,-9.387,walk|wait=2.05|panic=0.00|target=1|speed=0.45|near=False|yaw=0.0|peeing=False|peeCooldown=129.1|aerial=False|glide=False|legs=0|activity=Transit|site=3|visits=1
14.732,-6.800,0.100,-9.386,walk|wait=2.05|panic=0.00|target=1|speed=0.45|near=False|yaw=0.0|peeing=False|peeCooldown=129.1|aerial=False|glide=False|legs=0|activity=Transit|site=3|visits=1
14.740,-6.800,0.100,-9.382,walk|wait=2.05|panic=0.00|target=1|speed=0.45|near=False|yaw=0.0|peeing=False|peeCooldown=129.1|aerial=False|glide=False|legs=0|activity=Transit|site=3|visits=1
14.773,-6.800,0.100,-9.368,walk|wait=2.05|panic=0.00|target=1|speed=0.45|near=False|yaw=0.0|peeing=False|peeCooldown=129.1|aerial=False|glide=False|legs=0|activity=Transit|site=3|visits=1
14.779,-6.800,0.100,-9.365,walk|wait=2.05|panic=0.00|target=1|speed=0.45|near=False|yaw=0.0|peeing=False|peeCooldown=129.1|aerial=False|glide=False|legs=0|activity=Transit|site=3|visits=1
14.782,-6.800,0.100,-9.363,walk|wait=2.05|panic=0.00|target=1|speed=0.45|near=False|yaw=0.0|peeing=False|peeCooldown=129.1|aerial=False|glide=False|legs=0|activity=Transit|site=3|visits=1
14.785,-6.800,0.100,-9.362,walk|wait=2.05|panic=0.00|target=1|speed=0.45|near=False|yaw=0.0|peeing=False|peeCooldown=129.1|aerial=False|glide=False|legs=0|activity=Transit|site=3|visits=1
14.811,-6.800,0.100,-9.350,walk|wait=2.05|panic=0.00|target=1|speed=0.45|near=False|yaw=0.0|peeing=False|peeCooldown=129.0|aerial=False|glide=False|legs=0|activity=Transit|site=3|visits=1
14.815,-6.800,0.100,-9.349,walk|wait=2.05|panic=0.00|target=1|speed=0.45|near=False|yaw=0.0|peeing=False|peeCooldown=129.0|aerial=False|glide=False|legs=0|activity=Transit|site=3|visits=1
14.818,-6.800,0.100,-9.347,walk|wait=2.05|panic=0.00|target=1|speed=0.45|near=False|yaw=0.0|peeing=False|peeCooldown=129.0|aerial=False|glide=False|legs=0|activity=Transit|site=3|visits=1
14.820,-6.800,0.100,-9.346,walk|wait=2.05|panic=0.00|target=1|speed=0.45|near=False|yaw=0.0|peeing=False|peeCooldown=129.0|aerial=False|glide=False|legs=0|activity=Transit|site=3|visits=1
14.824,-6.800,0.100,-9.345,walk|wait=2.05|panic=0.00|target=1|speed=0.45|near=False|yaw=0.0|peeing=False|peeCooldown=129.0|aerial=False|glide=False|legs=0|activity=Transit|site=3|visits=1
14.828,-6.800,0.100,-9.343,walk|wait=2.05|panic=0.00|target=1|speed=0.45|near=False|yaw=0.0|peeing=False|peeCooldown=129.0|aerial=False|glide=False|legs=0|activity=Transit|site=3|visits=1
14.830,-6.800,0.100,-9.342,walk|wait=2.05|panic=0.00|target=1|speed=0.45|near=False|yaw=0.0|peeing=False|peeCooldown=129.0|aerial=False|glide=False|legs=0|activity=Transit|site=3|visits=1
14.833,-6.800,0.100,-9.340,walk|wait=2.05|panic=0.00|target=1|speed=0.45|near=False|yaw=0.0|peeing=False|peeCooldown=129.0|aerial=False|glide=False|legs=0|activity=Transit|site=3|visits=1
14.837,-6.800,0.100,-9.339,walk|wait=2.05|panic=0.00|target=1|speed=0.45|near=False|yaw=0.0|peeing=False|peeCooldown=129.0|aerial=False|glide=False|legs=0|activity=Transit|site=3|visits=1
14.867,-6.800,0.100,-9.325,walk|wait=2.05|panic=0.00|target=1|speed=0.45|near=False|yaw=0.0|peeing=False|peeCooldown=129.0|aerial=False|glide=False|legs=0|activity=Transit|site=3|visits=1
14.871,-6.800,0.100,-9.323,walk|wait=2.05|panic=0.00|target=1|speed=0.45|near=False|yaw=0.0|peeing=False|peeCooldown=129.0|aerial=False|glide=False|legs=0|activity=Transit|site=3|visits=1
14.874,-6.800,0.100,-9.322,walk|wait=2.05|panic=0.00|target=1|speed=0.45|near=False|yaw=0.0|peeing=False|peeCooldown=129.0|aerial=False|glide=False|legs=0|activity=Transit|site=3|visits=1
14.878,-6.800,0.100,-9.320,walk|wait=2.05|panic=0.00|target=1|speed=0.45|near=False|yaw=0.0|peeing=False|peeCooldown=129.0|aerial=False|glide=False|legs=0|activity=Transit|site=3|visits=1
14.881,-6.800,0.100,-9.319,walk|wait=2.05|panic=0.00|target=1|speed=0.45|near=False|yaw=0.0|peeing=False|peeCooldown=129.0|aerial=False|glide=False|legs=0|activity=Transit|site=3|visits=1
14.884,-6.800,0.100,-9.317,walk|wait=2.05|panic=0.00|target=1|speed=0.45|near=False|yaw=0.0|peeing=False|peeCooldown=129.0|aerial=False|glide=False|legs=0|activity=Transit|site=3|visits=1
14.887,-6.800,0.100,-9.316,walk|wait=2.05|panic=0.00|target=1|speed=0.45|near=False|yaw=0.0|peeing=False|peeCooldown=128.9|aerial=False|glide=False|legs=0|activity=Transit|site=3|visits=1
14.914,-6.800,0.100,-9.304,walk|wait=2.05|panic=0.00|target=1|speed=0.45|near=False|yaw=0.0|peeing=False|peeCooldown=128.9|aerial=False|glide=False|legs=0|activity=Transit|site=3|visits=1
14.918,-6.800,0.100,-9.302,walk|wait=2.05|panic=0.00|target=1|speed=0.45|near=False|yaw=0.0|peeing=False|peeCooldown=128.9|aerial=False|glide=False|legs=0|activity=Transit|site=3|visits=1
14.920,-6.800,0.100,-9.301,walk|wait=2.05|panic=0.00|target=1|speed=0.45|near=False|yaw=0.0|peeing=False|peeCooldown=128.9|aerial=False|glide=False|legs=0|activity=Transit|site=3|visits=1
14.924,-6.800,0.100,-9.300,walk|wait=2.05|panic=0.00|target=1|speed=0.45|near=False|yaw=0.0|peeing=False|peeCooldown=128.9|aerial=False|glide=False|legs=0|activity=Transit|site=3|visits=1
14.926,-6.800,0.100,-9.298,walk|wait=2.05|panic=0.00|target=1|speed=0.45|near=False|yaw=0.0|peeing=False|peeCooldown=128.9|aerial=False|glide=False|legs=0|activity=Transit|site=3|visits=1
14.931,-6.800,0.100,-9.296,walk|wait=2.05|panic=0.00|target=1|speed=0.45|near=False|yaw=0.0|peeing=False|peeCooldown=128.9|aerial=False|glide=False|legs=0|activity=Transit|site=3|visits=1
14.933,-6.800,0.100,-9.295,walk|wait=2.05|panic=0.00|target=1|speed=0.45|near=False|yaw=0.0|peeing=False|peeCooldown=128.9|aerial=False|glide=False|legs=0|activity=Transit|site=3|visits=1
14.936,-6.800,0.100,-9.294,walk|wait=2.05|panic=0.00|target=1|speed=0.45|near=False|yaw=0.0|peeing=False|peeCooldown=128.9|aerial=False|glide=False|legs=0|activity=Transit|site=3|visits=1
14.940,-6.800,0.100,-9.292,walk|wait=2.05|panic=0.00|target=1|speed=0.45|near=False|yaw=0.0|peeing=False|peeCooldown=128.9|aerial=False|glide=False|legs=0|activity=Transit|site=3|visits=1
14.980,-6.800,0.100,-9.274,walk|wait=2.05|panic=0.00|target=1|speed=0.45|near=False|yaw=0.0|peeing=False|peeCooldown=128.9|aerial=False|glide=False|legs=0|activity=Transit|site=3|visits=1
14.990,-6.800,0.100,-9.270,walk|wait=2.05|panic=0.00|target=1|speed=0.45|near=False|yaw=0.0|peeing=False|peeCooldown=128.8|aerial=False|glide=False|legs=0|activity=Transit|site=3|visits=1
14.994,-6.800,0.100,-9.268,walk|wait=2.05|panic=0.00|target=1|speed=0.45|near=False|yaw=0.0|peeing=False|peeCooldown=128.8|aerial=False|glide=False|legs=0|activity=Transit|site=3|visits=1
15.032,-6.800,0.100,-9.251,walk|wait=2.05|panic=0.00|target=1|speed=0.45|near=False|yaw=0.0|peeing=False|peeCooldown=128.8|aerial=False|glide=False|legs=0|activity=Transit|site=3|visits=1
15.042,-6.800,0.100,-9.246,walk|wait=2.05|panic=0.00|target=1|speed=0.45|near=False|yaw=0.0|peeing=False|peeCooldown=128.8|aerial=False|glide=False|legs=0|activity=Transit|site=3|visits=1
15.054,-6.800,0.100,-9.241,walk|wait=2.05|panic=0.00|target=1|speed=0.45|near=False|yaw=0.0|peeing=False|peeCooldown=128.8|aerial=False|glide=False|legs=0|activity=Transit|site=3|visits=1
15.091,-6.800,0.100,-9.224,walk|wait=2.05|panic=0.00|target=1|speed=0.45|near=False|yaw=0.0|peeing=False|peeCooldown=128.7|aerial=False|glide=False|legs=0|activity=Transit|site=3|visits=1
15.100,-6.800,0.100,-9.220,walk|wait=2.05|panic=0.00|target=1|speed=0.45|near=False|yaw=0.0|peeing=False|peeCooldown=128.7|aerial=False|glide=False|legs=0|activity=Transit|site=3|visits=1
15.104,-6.800,0.100,-9.218,walk|wait=2.05|panic=0.00|target=1|speed=0.45|near=False|yaw=0.0|peeing=False|peeCooldown=128.7|aerial=False|glide=False|legs=0|activity=Transit|site=3|visits=1
15.145,-6.800,0.100,-9.200,walk|wait=2.05|panic=0.00|target=1|speed=0.45|near=False|yaw=0.0|peeing=False|peeCooldown=128.7|aerial=False|glide=False|legs=0|activity=Transit|site=3|visits=1
15.152,-6.800,0.100,-9.197,walk|wait=2.05|panic=0.00|target=1|speed=0.45|near=False|yaw=0.0|peeing=False|peeCooldown=128.7|aerial=False|glide=False|legs=0|activity=Transit|site=3|visits=1
15.158,-6.800,0.100,-9.194,walk|wait=2.05|panic=0.00|target=1|speed=0.45|near=False|yaw=0.0|peeing=False|peeCooldown=128.7|aerial=False|glide=False|legs=0|activity=Transit|site=3|visits=1
15.194,-6.800,0.100,-9.178,walk|wait=2.05|panic=0.00|target=1|speed=0.45|near=False|yaw=0.0|peeing=False|peeCooldown=128.6|aerial=False|glide=False|legs=0|activity=Transit|site=3|visits=1
15.201,-6.800,0.100,-9.175,walk|wait=2.05|panic=0.00|target=1|speed=0.45|near=False|yaw=0.0|peeing=False|peeCooldown=128.6|aerial=False|glide=False|legs=0|activity=Transit|site=3|visits=1
15.211,-6.800,0.100,-9.170,walk|wait=2.05|panic=0.00|target=1|speed=0.45|near=False|yaw=0.0|peeing=False|peeCooldown=128.6|aerial=False|glide=False|legs=0|activity=Transit|site=3|visits=1
15.241,-6.800,0.100,-9.157,walk|wait=2.05|panic=0.00|target=1|speed=0.45|near=False|yaw=0.0|peeing=False|peeCooldown=128.6|aerial=False|glide=False|legs=0|activity=Transit|site=3|visits=1
15.247,-6.800,0.100,-9.154,walk|wait=2.05|panic=0.00|target=1|speed=0.45|near=False|yaw=0.0|peeing=False|peeCooldown=128.6|aerial=False|glide=False|legs=0|activity=Transit|site=3|visits=1
15.250,-6.800,0.100,-9.152,walk|wait=2.05|panic=0.00|target=1|speed=0.45|near=False|yaw=0.0|peeing=False|peeCooldown=128.6|aerial=False|glide=False|legs=0|activity=Transit|site=3|visits=1
15.254,-6.800,0.100,-9.151,walk|wait=2.05|panic=0.00|target=1|speed=0.45|near=False|yaw=0.0|peeing=False|peeCooldown=128.6|aerial=False|glide=False|legs=0|activity=Transit|site=3|visits=1
15.259,-6.800,0.100,-9.149,walk|wait=2.05|panic=0.00|target=1|speed=0.45|near=False|yaw=0.0|peeing=False|peeCooldown=128.6|aerial=False|glide=False|legs=0|activity=Transit|site=3|visits=1
15.286,-6.800,0.100,-9.136,walk|wait=2.05|panic=0.00|target=1|speed=0.45|near=False|yaw=0.0|peeing=False|peeCooldown=128.5|aerial=False|glide=False|legs=0|activity=Transit|site=3|visits=1
15.291,-6.800,0.100,-9.134,walk|wait=2.05|panic=0.00|target=1|speed=0.45|near=False|yaw=0.0|peeing=False|peeCooldown=128.5|aerial=False|glide=False|legs=0|activity=Transit|site=3|visits=1
15.294,-6.800,0.100,-9.133,walk|wait=2.05|panic=0.00|target=1|speed=0.45|near=False|yaw=0.0|peeing=False|peeCooldown=128.5|aerial=False|glide=False|legs=0|activity=Transit|site=3|visits=1
15.296,-6.800,0.100,-9.132,walk|wait=2.05|panic=0.00|target=1|speed=0.45|near=False|yaw=0.0|peeing=False|peeCooldown=128.5|aerial=False|glide=False|legs=0|activity=Transit|site=3|visits=1
15.299,-6.800,0.100,-9.131,walk|wait=2.05|panic=0.00|target=1|speed=0.45|near=False|yaw=0.0|peeing=False|peeCooldown=128.5|aerial=False|glide=False|legs=0|activity=Transit|site=3|visits=1
15.302,-6.800,0.100,-9.129,walk|wait=2.05|panic=0.00|target=1|speed=0.45|near=False|yaw=0.0|peeing=False|peeCooldown=128.5|aerial=False|glide=False|legs=0|activity=Transit|site=3|visits=1
15.306,-6.800,0.100,-9.128,walk|wait=2.05|panic=0.00|target=1|speed=0.45|near=False|yaw=0.0|peeing=False|peeCooldown=128.5|aerial=False|glide=False|legs=0|activity=Transit|site=3|visits=1
15.310,-6.800,0.100,-9.126,walk|wait=2.05|panic=0.00|target=1|speed=0.45|near=False|yaw=0.0|peeing=False|peeCooldown=128.5|aerial=False|glide=False|legs=0|activity=Transit|site=3|visits=1
15.348,-6.800,0.100,-9.109,walk|wait=2.05|panic=0.00|target=1|speed=0.45|near=False|yaw=0.0|peeing=False|peeCooldown=128.5|aerial=False|glide=False|legs=0|activity=Transit|site=3|visits=1
15.352,-6.800,0.100,-9.107,walk|wait=2.05|panic=0.00|target=1|speed=0.45|near=False|yaw=0.0|peeing=False|peeCooldown=128.5|aerial=False|glide=False|legs=0|activity=Transit|site=3|visits=1
15.355,-6.800,0.100,-9.105,walk|wait=2.05|panic=0.00|target=1|speed=0.45|near=False|yaw=0.0|peeing=False|peeCooldown=128.5|aerial=False|glide=False|legs=0|activity=Transit|site=3|visits=1
15.361,-6.800,0.100,-9.103,walk|wait=2.05|panic=0.00|target=1|speed=0.45|near=False|yaw=0.0|peeing=False|peeCooldown=128.5|aerial=False|glide=False|legs=0|activity=Transit|site=3|visits=1
15.389,-6.800,0.100,-9.090,walk|wait=2.05|panic=0.00|target=1|speed=0.45|near=False|yaw=0.0|peeing=False|peeCooldown=128.4|aerial=False|glide=False|legs=0|activity=Transit|site=3|visits=1
15.392,-6.800,0.100,-9.089,walk|wait=2.05|panic=0.00|target=1|speed=0.45|near=False|yaw=0.0|peeing=False|peeCooldown=128.4|aerial=False|glide=False|legs=0|activity=Transit|site=3|visits=1
15.395,-6.800,0.100,-9.088,walk|wait=2.05|panic=0.00|target=1|speed=0.45|near=False|yaw=0.0|peeing=False|peeCooldown=128.4|aerial=False|glide=False|legs=0|activity=Transit|site=3|visits=1
15.397,-6.800,0.100,-9.086,walk|wait=2.05|panic=0.00|target=1|speed=0.45|near=False|yaw=0.0|peeing=False|peeCooldown=128.4|aerial=False|glide=False|legs=0|activity=Transit|site=3|visits=1
15.399,-6.800,0.100,-9.085,walk|wait=2.05|panic=0.00|target=1|speed=0.45|near=False|yaw=0.0|peeing=False|peeCooldown=128.4|aerial=False|glide=False|legs=0|activity=Transit|site=3|visits=1
15.402,-6.800,0.100,-9.084,walk|wait=2.05|panic=0.00|target=1|speed=0.45|near=False|yaw=0.0|peeing=False|peeCooldown=128.4|aerial=False|glide=False|legs=0|activity=Transit|site=3|visits=1
15.405,-6.800,0.100,-9.083,walk|wait=2.05|panic=0.00|target=1|speed=0.45|near=False|yaw=0.0|peeing=False|peeCooldown=128.4|aerial=False|glide=False|legs=0|activity=Transit|site=3|visits=1
15.408,-6.800,0.100,-9.082,walk|wait=2.05|panic=0.00|target=1|speed=0.45|near=False|yaw=0.0|peeing=False|peeCooldown=128.4|aerial=False|glide=False|legs=0|activity=Transit|site=3|visits=1
15.412,-6.800,0.100,-9.080,walk|wait=2.05|panic=0.00|target=1|speed=0.45|near=False|yaw=0.0|peeing=False|peeCooldown=128.4|aerial=False|glide=False|legs=0|activity=Transit|site=3|visits=1
15.443,-6.800,0.100,-9.066,walk|wait=2.05|panic=0.00|target=1|speed=0.45|near=False|yaw=0.0|peeing=False|peeCooldown=128.4|aerial=False|glide=False|legs=0|activity=Transit|site=3|visits=1
15.447,-6.800,0.100,-9.064,walk|wait=2.05|panic=0.00|target=1|speed=0.45|near=False|yaw=0.0|peeing=False|peeCooldown=128.4|aerial=False|glide=False|legs=0|activity=Transit|site=3|visits=1
15.454,-6.800,0.100,-9.061,walk|wait=2.05|panic=0.00|target=1|speed=0.45|near=False|yaw=0.0|peeing=False|peeCooldown=128.4|aerial=False|glide=False|legs=0|activity=Transit|site=3|visits=1
15.458,-6.800,0.100,-9.059,walk|wait=2.05|panic=0.00|target=1|speed=0.45|near=False|yaw=0.0|peeing=False|peeCooldown=128.4|aerial=False|glide=False|legs=0|activity=Transit|site=3|visits=1
15.461,-6.800,0.100,-9.058,walk|wait=2.05|panic=0.00|target=1|speed=0.45|near=False|yaw=0.0|peeing=False|peeCooldown=128.4|aerial=False|glide=False|legs=0|activity=Transit|site=3|visits=1
15.486,-6.800,0.100,-9.046,walk|wait=2.05|panic=0.00|target=1|speed=0.45|near=False|yaw=0.0|peeing=False|peeCooldown=128.3|aerial=False|glide=False|legs=0|activity=Transit|site=3|visits=1
15.491,-6.800,0.100,-9.044,walk|wait=2.05|panic=0.00|target=1|speed=0.45|near=False|yaw=0.0|peeing=False|peeCooldown=128.3|aerial=False|glide=False|legs=0|activity=Transit|site=3|visits=1
15.494,-6.800,0.100,-9.043,walk|wait=2.05|panic=0.00|target=1|speed=0.45|near=False|yaw=0.0|peeing=False|peeCooldown=128.3|aerial=False|glide=False|legs=0|activity=Transit|site=3|visits=1
15.496,-6.800,0.100,-9.042,walk|wait=2.05|panic=0.00|target=1|speed=0.45|near=False|yaw=0.0|peeing=False|peeCooldown=128.3|aerial=False|glide=False|legs=0|activity=Transit|site=3|visits=1
15.499,-6.800,0.100,-9.041,walk|wait=2.05|panic=0.00|target=1|speed=0.45|near=False|yaw=0.0|peeing=False|peeCooldown=128.3|aerial=False|glide=False|legs=0|activity=Transit|site=3|visits=1
15.501,-6.800,0.100,-9.040,walk|wait=2.05|panic=0.00|target=1|speed=0.45|near=False|yaw=0.0|peeing=False|peeCooldown=128.3|aerial=False|glide=False|legs=0|activity=Transit|site=3|visits=1
15.504,-6.800,0.100,-9.038,walk|wait=2.05|panic=0.00|target=1|speed=0.45|near=False|yaw=0.0|peeing=False|peeCooldown=128.3|aerial=False|glide=False|legs=0|activity=Transit|site=3|visits=1
15.507,-6.800,0.100,-9.037,walk|wait=2.05|panic=0.00|target=1|speed=0.45|near=False|yaw=0.0|peeing=False|peeCooldown=128.3|aerial=False|glide=False|legs=0|activity=Transit|site=3|visits=1
15.511,-6.800,0.100,-9.035,walk|wait=2.05|panic=0.00|target=1|speed=0.45|near=False|yaw=0.0|peeing=False|peeCooldown=128.3|aerial=False|glide=False|legs=0|activity=Transit|site=3|visits=1
15.514,-6.800,0.100,-9.034,walk|wait=2.05|panic=0.00|target=1|speed=0.45|near=False|yaw=0.0|peeing=False|peeCooldown=128.3|aerial=False|glide=False|legs=0|activity=Transit|site=3|visits=1
15.544,-6.800,0.100,-9.020,walk|wait=2.05|panic=0.00|target=1|speed=0.45|near=False|yaw=0.0|peeing=False|peeCooldown=128.3|aerial=False|glide=False|legs=0|activity=Transit|site=3|visits=1
15.551,-6.800,0.100,-9.017,walk|wait=2.05|panic=0.00|target=1|speed=0.45|near=False|yaw=0.0|peeing=False|peeCooldown=128.3|aerial=False|glide=False|legs=0|activity=Transit|site=3|visits=1
15.553,-6.800,0.100,-9.016,walk|wait=2.05|panic=0.00|target=1|speed=0.45|near=False|yaw=0.0|peeing=False|peeCooldown=128.3|aerial=False|glide=False|legs=0|activity=Transit|site=3|visits=1
15.556,-6.800,0.100,-9.015,walk|wait=2.05|panic=0.00|target=1|speed=0.45|near=False|yaw=0.0|peeing=False|peeCooldown=128.3|aerial=False|glide=False|legs=0|activity=Transit|site=3|visits=1
15.562,-6.800,0.100,-9.012,walk|wait=2.05|panic=0.00|target=1|speed=0.45|near=False|yaw=0.0|peeing=False|peeCooldown=128.3|aerial=False|glide=False|legs=0|activity=Transit|site=3|visits=1
15.567,-6.800,0.100,-9.010,walk|wait=2.05|panic=0.00|target=1|speed=0.45|near=False|yaw=0.0|peeing=False|peeCooldown=128.3|aerial=False|glide=False|legs=0|activity=Transit|site=3|visits=1
15.592,-6.800,0.100,-8.999,walk|wait=2.05|panic=0.00|target=1|speed=0.45|near=False|yaw=0.0|peeing=False|peeCooldown=128.2|aerial=False|glide=False|legs=0|activity=Transit|site=3|visits=1
15.595,-6.800,0.100,-8.997,walk|wait=2.05|panic=0.00|target=1|speed=0.45|near=False|yaw=0.0|peeing=False|peeCooldown=128.2|aerial=False|glide=False|legs=0|activity=Transit|site=3|visits=1
15.599,-6.800,0.100,-8.996,walk|wait=2.05|panic=0.00|target=1|speed=0.45|near=False|yaw=0.0|peeing=False|peeCooldown=128.2|aerial=False|glide=False|legs=0|activity=Transit|site=3|visits=1
15.602,-6.800,0.100,-8.994,walk|wait=2.05|panic=0.00|target=1|speed=0.45|near=False|yaw=0.0|peeing=False|peeCooldown=128.2|aerial=False|glide=False|legs=0|activity=Transit|site=3|visits=1
15.605,-6.800,0.100,-8.993,walk|wait=2.05|panic=0.00|target=1|speed=0.45|near=False|yaw=0.0|peeing=False|peeCooldown=128.2|aerial=False|glide=False|legs=0|activity=Transit|site=3|visits=1
15.608,-6.800,0.100,-8.992,walk|wait=2.05|panic=0.00|target=1|speed=0.45|near=False|yaw=0.0|peeing=False|peeCooldown=128.2|aerial=False|glide=False|legs=0|activity=Transit|site=3|visits=1
15.610,-6.800,0.100,-8.991,walk|wait=2.05|panic=0.00|target=1|speed=0.45|near=False|yaw=0.0|peeing=False|peeCooldown=128.2|aerial=False|glide=False|legs=0|activity=Transit|site=3|visits=1
15.612,-6.800,0.100,-8.990,walk|wait=2.05|panic=0.00|target=1|speed=0.45|near=False|yaw=0.0|peeing=False|peeCooldown=128.2|aerial=False|glide=False|legs=0|activity=Transit|site=3|visits=1
15.616,-6.800,0.100,-8.988,walk|wait=2.05|panic=0.00|target=1|speed=0.45|near=False|yaw=0.0|peeing=False|peeCooldown=128.2|aerial=False|glide=False|legs=0|activity=Transit|site=3|visits=1
15.619,-6.800,0.100,-8.987,walk|wait=2.05|panic=0.00|target=1|speed=0.45|near=False|yaw=0.0|peeing=False|peeCooldown=128.2|aerial=False|glide=False|legs=0|activity=Transit|site=3|visits=1
15.650,-6.800,0.100,-8.973,walk|wait=2.05|panic=0.00|target=1|speed=0.45|near=False|yaw=0.0|peeing=False|peeCooldown=128.2|aerial=False|glide=False|legs=0|activity=Transit|site=3|visits=1
15.656,-6.800,0.100,-8.970,walk|wait=2.05|panic=0.00|target=1|speed=0.45|near=False|yaw=0.0|peeing=False|peeCooldown=128.2|aerial=False|glide=False|legs=0|activity=Transit|site=3|visits=1
15.659,-6.800,0.100,-8.969,walk|wait=2.05|panic=0.00|target=1|speed=0.45|near=False|yaw=0.0|peeing=False|peeCooldown=128.2|aerial=False|glide=False|legs=0|activity=Transit|site=3|visits=1
15.662,-6.800,0.100,-8.967,walk|wait=2.05|panic=0.00|target=1|speed=0.45|near=False|yaw=0.0|peeing=False|peeCooldown=128.2|aerial=False|glide=False|legs=0|activity=Transit|site=3|visits=1
15.665,-6.800,0.100,-8.966,walk|wait=2.05|panic=0.00|target=1|speed=0.45|near=False|yaw=0.0|peeing=False|peeCooldown=128.2|aerial=False|glide=False|legs=0|activity=Transit|site=3|visits=1
15.669,-6.800,0.100,-8.964,walk|wait=2.05|panic=0.00|target=1|speed=0.45|near=False|yaw=0.0|peeing=False|peeCooldown=128.2|aerial=False|glide=False|legs=0|activity=Transit|site=3|visits=1
15.672,-6.800,0.100,-8.963,walk|wait=2.05|panic=0.00|target=1|speed=0.45|near=False|yaw=0.0|peeing=False|peeCooldown=128.2|aerial=False|glide=False|legs=0|activity=Transit|site=3|visits=1
15.699,-6.800,0.100,-8.951,walk|wait=2.05|panic=0.00|target=1|speed=0.45|near=False|yaw=0.0|peeing=False|peeCooldown=128.1|aerial=False|glide=False|legs=0|activity=Transit|site=3|visits=1
15.703,-6.800,0.100,-8.949,walk|wait=2.05|panic=0.00|target=1|speed=0.45|near=False|yaw=0.0|peeing=False|peeCooldown=128.1|aerial=False|glide=False|legs=0|activity=Transit|site=3|visits=1
15.708,-6.800,0.100,-8.946,walk|wait=2.05|panic=0.00|target=1|speed=0.45|near=False|yaw=0.0|peeing=False|peeCooldown=128.1|aerial=False|glide=False|legs=0|activity=Transit|site=3|visits=1
15.711,-6.800,0.100,-8.945,walk|wait=2.05|panic=0.00|target=1|speed=0.45|near=False|yaw=0.0|peeing=False|peeCooldown=128.1|aerial=False|glide=False|legs=0|activity=Transit|site=3|visits=1
15.714,-6.800,0.100,-8.944,walk|wait=2.05|panic=0.00|target=1|speed=0.45|near=False|yaw=0.0|peeing=False|peeCooldown=128.1|aerial=False|glide=False|legs=0|activity=Transit|site=3|visits=1
15.716,-6.800,0.100,-8.943,walk|wait=2.05|panic=0.00|target=1|speed=0.45|near=False|yaw=0.0|peeing=False|peeCooldown=128.1|aerial=False|glide=False|legs=0|activity=Transit|site=3|visits=1
15.719,-6.800,0.100,-8.942,walk|wait=2.05|panic=0.00|target=1|speed=0.45|near=False|yaw=0.0|peeing=False|peeCooldown=128.1|aerial=False|glide=False|legs=0|activity=Transit|site=3|visits=1
15.722,-6.800,0.100,-8.940,walk|wait=2.05|panic=0.00|target=1|speed=0.45|near=False|yaw=0.0|peeing=False|peeCooldown=128.1|aerial=False|glide=False|legs=0|activity=Transit|site=3|visits=1
15.759,-6.800,0.100,-8.924,walk|wait=2.05|panic=0.00|target=1|speed=0.45|near=False|yaw=0.0|peeing=False|peeCooldown=128.1|aerial=False|glide=False|legs=0|activity=Transit|site=3|visits=1
15.764,-6.800,0.100,-8.921,walk|wait=2.05|panic=0.00|target=1|speed=0.45|near=False|yaw=0.0|peeing=False|peeCooldown=128.1|aerial=False|glide=False|legs=0|activity=Transit|site=3|visits=1
15.767,-6.800,0.100,-8.920,walk|wait=2.05|panic=0.00|target=1|speed=0.45|near=False|yaw=0.0|peeing=False|peeCooldown=128.1|aerial=False|glide=False|legs=0|activity=Transit|site=3|visits=1
15.770,-6.800,0.100,-8.919,walk|wait=2.05|panic=0.00|target=1|speed=0.45|near=False|yaw=0.0|peeing=False|peeCooldown=128.1|aerial=False|glide=False|legs=0|activity=Transit|site=3|visits=1
15.773,-6.800,0.100,-8.917,walk|wait=2.05|panic=0.00|target=1|speed=0.45|near=False|yaw=0.0|peeing=False|peeCooldown=128.1|aerial=False|glide=False|legs=0|activity=Transit|site=3|visits=1
15.798,-6.800,0.100,-8.906,walk|wait=2.05|panic=0.00|target=1|speed=0.45|near=False|yaw=0.0|peeing=False|peeCooldown=128.0|aerial=False|glide=False|legs=0|activity=Transit|site=3|visits=1
15.802,-6.800,0.100,-8.904,walk|wait=2.05|panic=0.00|target=1|speed=0.45|near=False|yaw=0.0|peeing=False|peeCooldown=128.0|aerial=False|glide=False|legs=0|activity=Transit|site=3|visits=1
15.806,-6.800,0.100,-8.903,walk|wait=2.05|panic=0.00|target=1|speed=0.45|near=False|yaw=0.0|peeing=False|peeCooldown=128.0|aerial=False|glide=False|legs=0|activity=Transit|site=3|visits=1
15.808,-6.800,0.100,-8.901,walk|wait=2.05|panic=0.00|target=1|speed=0.45|near=False|yaw=0.0|peeing=False|peeCooldown=128.0|aerial=False|glide=False|legs=0|activity=Transit|site=3|visits=1
15.811,-6.800,0.100,-8.900,walk|wait=2.05|panic=0.00|target=1|speed=0.45|near=False|yaw=0.0|peeing=False|peeCooldown=128.0|aerial=False|glide=False|legs=0|activity=Transit|site=3|visits=1
15.815,-6.800,0.100,-8.898,walk|wait=2.05|panic=0.00|target=1|speed=0.45|near=False|yaw=0.0|peeing=False|peeCooldown=128.0|aerial=False|glide=False|legs=0|activity=Transit|site=3|visits=1
15.818,-6.800,0.100,-8.897,walk|wait=2.05|panic=0.00|target=1|speed=0.45|near=False|yaw=0.0|peeing=False|peeCooldown=128.0|aerial=False|glide=False|legs=0|activity=Transit|site=3|visits=1
15.820,-6.800,0.100,-8.896,walk|wait=2.05|panic=0.00|target=1|speed=0.45|near=False|yaw=0.0|peeing=False|peeCooldown=128.0|aerial=False|glide=False|legs=0|activity=Transit|site=3|visits=1
15.825,-6.800,0.100,-8.894,walk|wait=2.05|panic=0.00|target=1|speed=0.45|near=False|yaw=0.0|peeing=False|peeCooldown=128.0|aerial=False|glide=False|legs=0|activity=Transit|site=3|visits=1
15.856,-6.800,0.100,-8.880,walk|wait=2.05|panic=0.00|target=1|speed=0.45|near=False|yaw=0.0|peeing=False|peeCooldown=128.0|aerial=False|glide=False|legs=0|activity=Transit|site=3|visits=1
15.859,-6.800,0.100,-8.879,walk|wait=2.05|panic=0.00|target=1|speed=0.45|near=False|yaw=0.0|peeing=False|peeCooldown=128.0|aerial=False|glide=False|legs=0|activity=Transit|site=3|visits=1
15.862,-6.800,0.100,-8.877,walk|wait=2.05|panic=0.00|target=1|speed=0.45|near=False|yaw=0.0|peeing=False|peeCooldown=128.0|aerial=False|glide=False|legs=0|activity=Transit|site=3|visits=1
15.867,-6.800,0.100,-8.875,walk|wait=2.05|panic=0.00|target=1|speed=0.45|near=False|yaw=0.0|peeing=False|peeCooldown=128.0|aerial=False|glide=False|legs=0|activity=Transit|site=3|visits=1
15.869,-6.800,0.100,-8.874,walk|wait=2.05|panic=0.00|target=1|speed=0.45|near=False|yaw=0.0|peeing=False|peeCooldown=128.0|aerial=False|glide=False|legs=0|activity=Transit|site=3|visits=1
15.872,-6.800,0.100,-8.873,walk|wait=2.05|panic=0.00|target=1|speed=0.45|near=False|yaw=0.0|peeing=False|peeCooldown=128.0|aerial=False|glide=False|legs=0|activity=Transit|site=3|visits=1
15.874,-6.800,0.100,-8.872,walk|wait=2.05|panic=0.00|target=1|speed=0.45|near=False|yaw=0.0|peeing=False|peeCooldown=128.0|aerial=False|glide=False|legs=0|activity=Transit|site=3|visits=1
15.902,-6.800,0.100,-8.859,walk|wait=2.05|panic=0.00|target=1|speed=0.45|near=False|yaw=0.0|peeing=False|peeCooldown=127.9|aerial=False|glide=False|legs=0|activity=Transit|site=3|visits=1
15.906,-6.800,0.100,-8.857,walk|wait=2.05|panic=0.00|target=1|speed=0.45|near=False|yaw=0.0|peeing=False|peeCooldown=127.9|aerial=False|glide=False|legs=0|activity=Transit|site=3|visits=1
15.909,-6.800,0.100,-8.856,walk|wait=2.05|panic=0.00|target=1|speed=0.45|near=False|yaw=0.0|peeing=False|peeCooldown=127.9|aerial=False|glide=False|legs=0|activity=Transit|site=3|visits=1
15.912,-6.800,0.100,-8.855,walk|wait=2.05|panic=0.00|target=1|speed=0.45|near=False|yaw=0.0|peeing=False|peeCooldown=127.9|aerial=False|glide=False|legs=0|activity=Transit|site=3|visits=1
15.914,-6.800,0.100,-8.854,walk|wait=2.05|panic=0.00|target=1|speed=0.45|near=False|yaw=0.0|peeing=False|peeCooldown=127.9|aerial=False|glide=False|legs=0|activity=Transit|site=3|visits=1
15.918,-6.800,0.100,-8.852,walk|wait=2.05|panic=0.00|target=1|speed=0.45|near=False|yaw=0.0|peeing=False|peeCooldown=127.9|aerial=False|glide=False|legs=0|activity=Transit|site=3|visits=1
15.921,-6.800,0.100,-8.851,walk|wait=2.05|panic=0.00|target=1|speed=0.45|near=False|yaw=0.0|peeing=False|peeCooldown=127.9|aerial=False|glide=False|legs=0|activity=Transit|site=3|visits=1
15.924,-6.800,0.100,-8.850,walk|wait=2.05|panic=0.00|target=1|speed=0.45|near=False|yaw=0.0|peeing=False|peeCooldown=127.9|aerial=False|glide=False|legs=0|activity=Transit|site=3|visits=1
15.928,-6.800,0.100,-8.848,walk|wait=2.05|panic=0.00|target=1|speed=0.45|near=False|yaw=0.0|peeing=False|peeCooldown=127.9|aerial=False|glide=False|legs=0|activity=Transit|site=3|visits=1
15.958,-6.800,0.100,-8.834,walk|wait=2.05|panic=0.00|target=1|speed=0.45|near=False|yaw=0.0|peeing=False|peeCooldown=127.9|aerial=False|glide=False|legs=0|activity=Transit|site=3|visits=1
15.961,-6.800,0.100,-8.833,walk|wait=2.05|panic=0.00|target=1|speed=0.45|near=False|yaw=0.0|peeing=False|peeCooldown=127.9|aerial=False|glide=False|legs=0|activity=Transit|site=3|visits=1
15.965,-6.800,0.100,-8.831,walk|wait=2.05|panic=0.00|target=1|speed=0.45|near=False|yaw=0.0|peeing=False|peeCooldown=127.9|aerial=False|glide=False|legs=0|activity=Transit|site=3|visits=1
15.969,-6.800,0.100,-8.829,walk|wait=2.05|panic=0.00|target=1|speed=0.45|near=False|yaw=0.0|peeing=False|peeCooldown=127.9|aerial=False|glide=False|legs=0|activity=Transit|site=3|visits=1
15.971,-6.800,0.100,-8.828,walk|wait=2.05|panic=0.00|target=1|speed=0.45|near=False|yaw=0.0|peeing=False|peeCooldown=127.9|aerial=False|glide=False|legs=0|activity=Transit|site=3|visits=1
15.974,-6.800,0.100,-8.827,walk|wait=2.05|panic=0.00|target=1|speed=0.45|near=False|yaw=0.0|peeing=False|peeCooldown=127.9|aerial=False|glide=False|legs=0|activity=Transit|site=3|visits=1
15.976,-6.800,0.100,-8.826,walk|wait=2.05|panic=0.00|target=1|speed=0.45|near=False|yaw=0.0|peeing=False|peeCooldown=127.9|aerial=False|glide=False|legs=0|activity=Transit|site=3|visits=1
15.979,-6.800,0.100,-8.825,walk|wait=2.05|panic=0.00|target=1|speed=0.45|near=False|yaw=0.0|peeing=False|peeCooldown=127.9|aerial=False|glide=False|legs=0|activity=Transit|site=3|visits=1
16.015,-6.800,0.100,-8.809,walk|wait=2.05|panic=0.00|target=1|speed=0.45|near=False|yaw=0.0|peeing=False|peeCooldown=127.8|aerial=False|glide=False|legs=0|activity=Transit|site=3|visits=1
16.020,-6.800,0.100,-8.806,walk|wait=2.05|panic=0.00|target=1|speed=0.45|near=False|yaw=0.0|peeing=False|peeCooldown=127.8|aerial=False|glide=False|legs=0|activity=Transit|site=3|visits=1
16.023,-6.800,0.100,-8.805,walk|wait=2.05|panic=0.00|target=1|speed=0.45|near=False|yaw=0.0|peeing=False|peeCooldown=127.8|aerial=False|glide=False|legs=0|activity=Transit|site=3|visits=1
16.026,-6.800,0.100,-8.804,walk|wait=2.05|panic=0.00|target=1|speed=0.45|near=False|yaw=0.0|peeing=False|peeCooldown=127.8|aerial=False|glide=False|legs=0|activity=Transit|site=3|visits=1
16.029,-6.800,0.100,-8.802,walk|wait=2.05|panic=0.00|target=1|speed=0.45|near=False|yaw=0.0|peeing=False|peeCooldown=127.8|aerial=False|glide=False|legs=0|activity=Transit|site=3|visits=1
16.031,-6.800,0.100,-8.801,walk|wait=2.05|panic=0.00|target=1|speed=0.45|near=False|yaw=0.0|peeing=False|peeCooldown=127.8|aerial=False|glide=False|legs=0|activity=Transit|site=3|visits=1
16.056,-6.800,0.100,-8.790,walk|wait=2.05|panic=0.00|target=1|speed=0.45|near=False|yaw=0.0|peeing=False|peeCooldown=127.8|aerial=False|glide=False|legs=0|activity=Transit|site=3|visits=1
16.059,-6.800,0.100,-8.789,walk|wait=2.05|panic=0.00|target=1|speed=0.45|near=False|yaw=0.0|peeing=False|peeCooldown=127.8|aerial=False|glide=False|legs=0|activity=Transit|site=3|visits=1
16.062,-6.800,0.100,-8.787,walk|wait=2.05|panic=0.00|target=1|speed=0.45|near=False|yaw=0.0|peeing=False|peeCooldown=127.8|aerial=False|glide=False|legs=0|activity=Transit|site=3|visits=1
16.065,-6.800,0.100,-8.786,walk|wait=2.05|panic=0.00|target=1|speed=0.45|near=False|yaw=0.0|peeing=False|peeCooldown=127.8|aerial=False|glide=False|legs=0|activity=Transit|site=3|visits=1
16.069,-6.800,0.100,-8.784,walk|wait=2.05|panic=0.00|target=1|speed=0.45|near=False|yaw=0.0|peeing=False|peeCooldown=127.8|aerial=False|glide=False|legs=0|activity=Transit|site=3|visits=1
16.072,-6.800,0.100,-8.783,walk|wait=2.05|panic=0.00|target=1|speed=0.45|near=False|yaw=0.0|peeing=False|peeCooldown=127.8|aerial=False|glide=False|legs=0|activity=Transit|site=3|visits=1
16.074,-6.800,0.100,-8.782,walk|wait=2.05|panic=0.00|target=1|speed=0.45|near=False|yaw=0.0|peeing=False|peeCooldown=127.8|aerial=False|glide=False|legs=0|activity=Transit|site=3|visits=1
16.077,-6.800,0.100,-8.781,walk|wait=2.05|panic=0.00|target=1|speed=0.45|near=False|yaw=0.0|peeing=False|peeCooldown=127.8|aerial=False|glide=False|legs=0|activity=Transit|site=3|visits=1
16.081,-6.800,0.100,-8.779,walk|wait=2.05|panic=0.00|target=1|speed=0.45|near=False|yaw=0.0|peeing=False|peeCooldown=127.8|aerial=False|glide=False|legs=0|activity=Transit|site=3|visits=1
16.084,-6.800,0.100,-8.777,walk|wait=2.05|panic=0.00|target=1|speed=0.45|near=False|yaw=0.0|peeing=False|peeCooldown=127.8|aerial=False|glide=False|legs=0|activity=Transit|site=3|visits=1
16.121,-6.800,0.100,-8.761,walk|wait=2.05|panic=0.00|target=1|speed=0.45|near=False|yaw=0.0|peeing=False|peeCooldown=127.7|aerial=False|glide=False|legs=0|activity=Transit|site=3|visits=1
16.128,-6.800,0.100,-8.757,walk|wait=2.05|panic=0.00|target=1|speed=0.45|near=False|yaw=0.0|peeing=False|peeCooldown=127.7|aerial=False|glide=False|legs=0|activity=Transit|site=3|visits=1
16.131,-6.800,0.100,-8.756,walk|wait=2.05|panic=0.00|target=1|speed=0.45|near=False|yaw=0.0|peeing=False|peeCooldown=127.7|aerial=False|glide=False|legs=0|activity=Transit|site=3|visits=1
16.134,-6.800,0.100,-8.755,walk|wait=2.05|panic=0.00|target=1|speed=0.45|near=False|yaw=0.0|peeing=False|peeCooldown=127.7|aerial=False|glide=False|legs=0|activity=Transit|site=3|visits=1
16.137,-6.800,0.100,-8.754,walk|wait=2.05|panic=0.00|target=1|speed=0.45|near=False|yaw=0.0|peeing=False|peeCooldown=127.7|aerial=False|glide=False|legs=0|activity=Transit|site=3|visits=1
16.163,-6.800,0.100,-8.742,walk|wait=2.05|panic=0.00|target=1|speed=0.45|near=False|yaw=0.0|peeing=False|peeCooldown=127.7|aerial=False|glide=False|legs=0|activity=Transit|site=3|visits=1
16.167,-6.800,0.100,-8.740,walk|wait=2.05|panic=0.00|target=1|speed=0.45|near=False|yaw=0.0|peeing=False|peeCooldown=127.7|aerial=False|glide=False|legs=0|activity=Transit|site=3|visits=1
16.170,-6.800,0.100,-8.739,walk|wait=2.05|panic=0.00|target=1|speed=0.45|near=False|yaw=0.0|peeing=False|peeCooldown=127.7|aerial=False|glide=False|legs=0|activity=Transit|site=3|visits=1
16.173,-6.800,0.100,-8.737,walk|wait=2.05|panic=0.00|target=1|speed=0.45|near=False|yaw=0.0|peeing=False|peeCooldown=127.7|aerial=False|glide=False|legs=0|activity=Transit|site=3|visits=1
16.178,-6.800,0.100,-8.735,walk|wait=2.05|panic=0.00|target=1|speed=0.45|near=False|yaw=0.0|peeing=False|peeCooldown=127.7|aerial=False|glide=False|legs=0|activity=Transit|site=3|visits=1
16.181,-6.800,0.100,-8.734,walk|wait=2.05|panic=0.00|target=1|speed=0.45|near=False|yaw=0.0|peeing=False|peeCooldown=127.7|aerial=False|glide=False|legs=0|activity=Transit|site=3|visits=1
16.184,-6.800,0.100,-8.732,walk|wait=2.05|panic=0.00|target=1|speed=0.45|near=False|yaw=0.0|peeing=False|peeCooldown=127.7|aerial=False|glide=False|legs=0|activity=Transit|site=3|visits=1
16.186,-6.800,0.100,-8.731,walk|wait=2.05|panic=0.00|target=1|speed=0.45|near=False|yaw=0.0|peeing=False|peeCooldown=127.6|aerial=False|glide=False|legs=0|activity=Transit|site=3|visits=1
16.191,-6.800,0.100,-8.729,walk|wait=2.05|panic=0.00|target=1|speed=0.45|near=False|yaw=0.0|peeing=False|peeCooldown=127.6|aerial=False|glide=False|legs=0|activity=Transit|site=3|visits=1
16.226,-6.800,0.100,-8.714,walk|wait=2.05|panic=0.00|target=1|speed=0.45|near=False|yaw=0.0|peeing=False|peeCooldown=127.6|aerial=False|glide=False|legs=0|activity=Transit|site=3|visits=1
16.233,-6.800,0.100,-8.710,walk|wait=2.05|panic=0.00|target=1|speed=0.45|near=False|yaw=0.0|peeing=False|peeCooldown=127.6|aerial=False|glide=False|legs=0|activity=Transit|site=3|visits=1
16.236,-6.800,0.100,-8.709,walk|wait=2.05|panic=0.00|target=1|speed=0.45|near=False|yaw=0.0|peeing=False|peeCooldown=127.6|aerial=False|glide=False|legs=0|activity=Transit|site=3|visits=1
16.239,-6.800,0.100,-8.708,walk|wait=2.05|panic=0.00|target=1|speed=0.45|near=False|yaw=0.0|peeing=False|peeCooldown=127.6|aerial=False|glide=False|legs=0|activity=Transit|site=3|visits=1
16.241,-6.800,0.100,-8.707,walk|wait=2.05|panic=0.00|target=1|speed=0.45|near=False|yaw=0.0|peeing=False|peeCooldown=127.6|aerial=False|glide=False|legs=0|activity=Transit|site=3|visits=1
16.267,-6.800,0.100,-8.695,walk|wait=2.05|panic=0.00|target=1|speed=0.45|near=False|yaw=0.0|peeing=False|peeCooldown=127.6|aerial=False|glide=False|legs=0|activity=Transit|site=3|visits=1
16.271,-6.800,0.100,-8.693,walk|wait=2.05|panic=0.00|target=1|speed=0.45|near=False|yaw=0.0|peeing=False|peeCooldown=127.6|aerial=False|glide=False|legs=0|activity=Transit|site=3|visits=1
16.273,-6.800,0.100,-8.692,walk|wait=2.05|panic=0.00|target=1|speed=0.45|near=False|yaw=0.0|peeing=False|peeCooldown=127.6|aerial=False|glide=False|legs=0|activity=Transit|site=3|visits=1
16.276,-6.800,0.100,-8.691,walk|wait=2.05|panic=0.00|target=1|speed=0.45|near=False|yaw=0.0|peeing=False|peeCooldown=127.6|aerial=False|glide=False|legs=0|activity=Transit|site=3|visits=1
16.281,-6.800,0.100,-8.689,walk|wait=2.05|panic=0.00|target=1|speed=0.45|near=False|yaw=0.0|peeing=False|peeCooldown=127.6|aerial=False|glide=False|legs=0|activity=Transit|site=3|visits=1
16.284,-6.800,0.100,-8.687,walk|wait=2.05|panic=0.00|target=1|speed=0.45|near=False|yaw=0.0|peeing=False|peeCooldown=127.6|aerial=False|glide=False|legs=0|activity=Transit|site=3|visits=1
16.287,-6.800,0.100,-8.686,walk|wait=2.05|panic=0.00|target=1|speed=0.45|near=False|yaw=0.0|peeing=False|peeCooldown=127.5|aerial=False|glide=False|legs=0|activity=Transit|site=3|visits=1
16.289,-6.800,0.100,-8.685,walk|wait=2.05|panic=0.00|target=1|speed=0.45|near=False|yaw=0.0|peeing=False|peeCooldown=127.5|aerial=False|glide=False|legs=0|activity=Transit|site=3|visits=1
16.293,-6.800,0.100,-8.683,walk|wait=2.05|panic=0.00|target=1|speed=0.45|near=False|yaw=0.0|peeing=False|peeCooldown=127.5|aerial=False|glide=False|legs=0|activity=Transit|site=3|visits=1
16.323,-6.800,0.100,-8.670,walk|wait=2.05|panic=0.00|target=1|speed=0.45|near=False|yaw=0.0|peeing=False|peeCooldown=127.5|aerial=False|glide=False|legs=0|activity=Transit|site=3|visits=1
16.327,-6.800,0.100,-8.668,walk|wait=2.05|panic=0.00|target=1|speed=0.45|near=False|yaw=0.0|peeing=False|peeCooldown=127.5|aerial=False|glide=False|legs=0|activity=Transit|site=3|visits=1
16.334,-6.800,0.100,-8.665,walk|wait=2.05|panic=0.00|target=1|speed=0.45|near=False|yaw=0.0|peeing=False|peeCooldown=127.5|aerial=False|glide=False|legs=0|activity=Transit|site=3|visits=1
16.338,-6.800,0.100,-8.663,walk|wait=2.05|panic=0.00|target=1|speed=0.45|near=False|yaw=0.0|peeing=False|peeCooldown=127.5|aerial=False|glide=False|legs=0|activity=Transit|site=3|visits=1
16.341,-6.800,0.100,-8.662,walk|wait=2.05|panic=0.00|target=1|speed=0.45|near=False|yaw=0.0|peeing=False|peeCooldown=127.5|aerial=False|glide=False|legs=0|activity=Transit|site=3|visits=1
16.344,-6.800,0.100,-8.660,walk|wait=2.05|panic=0.00|target=1|speed=0.45|near=False|yaw=0.0|peeing=False|peeCooldown=127.5|aerial=False|glide=False|legs=0|activity=Transit|site=3|visits=1
16.369,-6.800,0.100,-8.649,walk|wait=2.05|panic=0.00|target=1|speed=0.45|near=False|yaw=0.0|peeing=False|peeCooldown=127.5|aerial=False|glide=False|legs=0|activity=Transit|site=3|visits=1
16.372,-6.800,0.100,-8.648,walk|wait=2.05|panic=0.00|target=1|speed=0.45|near=False|yaw=0.0|peeing=False|peeCooldown=127.5|aerial=False|glide=False|legs=0|activity=Transit|site=3|visits=1
16.375,-6.800,0.100,-8.646,walk|wait=2.05|panic=0.00|target=1|speed=0.45|near=False|yaw=0.0|peeing=False|peeCooldown=127.5|aerial=False|glide=False|legs=0|activity=Transit|site=3|visits=1
16.378,-6.800,0.100,-8.645,walk|wait=2.05|panic=0.00|target=1|speed=0.45|near=False|yaw=0.0|peeing=False|peeCooldown=127.5|aerial=False|glide=False|legs=0|activity=Transit|site=3|visits=1
16.382,-6.800,0.100,-8.643,walk|wait=2.05|panic=0.00|target=1|speed=0.45|near=False|yaw=0.0|peeing=False|peeCooldown=127.5|aerial=False|glide=False|legs=0|activity=Transit|site=3|visits=1
16.385,-6.800,0.100,-8.642,walk|wait=2.05|panic=0.00|target=1|speed=0.45|near=False|yaw=0.0|peeing=False|peeCooldown=127.5|aerial=False|glide=False|legs=0|activity=Transit|site=3|visits=1
16.387,-6.800,0.100,-8.641,walk|wait=2.05|panic=0.00|target=1|speed=0.45|near=False|yaw=0.0|peeing=False|peeCooldown=127.4|aerial=False|glide=False|legs=0|activity=Transit|site=3|visits=1
16.390,-6.800,0.100,-8.640,walk|wait=2.05|panic=0.00|target=1|speed=0.45|near=False|yaw=0.0|peeing=False|peeCooldown=127.4|aerial=False|glide=False|legs=0|activity=Transit|site=3|visits=1
16.394,-6.800,0.100,-8.638,walk|wait=2.05|panic=0.00|target=1|speed=0.45|near=False|yaw=0.0|peeing=False|peeCooldown=127.4|aerial=False|glide=False|legs=0|activity=Transit|site=3|visits=1
16.396,-6.800,0.100,-8.637,walk|wait=2.05|panic=0.00|target=1|speed=0.45|near=False|yaw=0.0|peeing=False|peeCooldown=127.4|aerial=False|glide=False|legs=0|activity=Transit|site=3|visits=1
16.426,-6.800,0.100,-8.623,walk|wait=2.05|panic=0.00|target=1|speed=0.45|near=False|yaw=0.0|peeing=False|peeCooldown=127.4|aerial=False|glide=False|legs=0|activity=Transit|site=3|visits=1
16.430,-6.800,0.100,-8.622,walk|wait=2.05|panic=0.00|target=1|speed=0.45|near=False|yaw=0.0|peeing=False|peeCooldown=127.4|aerial=False|glide=False|legs=0|activity=Transit|site=3|visits=1
16.439,-6.800,0.100,-8.618,walk|wait=2.05|panic=0.00|target=1|speed=0.45|near=False|yaw=0.0|peeing=False|peeCooldown=127.4|aerial=False|glide=False|legs=0|activity=Transit|site=3|visits=1
16.444,-6.800,0.100,-8.615,walk|wait=2.05|panic=0.00|target=1|speed=0.45|near=False|yaw=0.0|peeing=False|peeCooldown=127.4|aerial=False|glide=False|legs=0|activity=Transit|site=3|visits=1
16.447,-6.800,0.100,-8.614,walk|wait=2.05|panic=0.00|target=1|speed=0.45|near=False|yaw=0.0|peeing=False|peeCooldown=127.4|aerial=False|glide=False|legs=0|activity=Transit|site=3|visits=1
16.473,-6.800,0.100,-8.603,walk|wait=2.05|panic=0.00|target=1|speed=0.45|near=False|yaw=0.0|peeing=False|peeCooldown=127.4|aerial=False|glide=False|legs=0|activity=Transit|site=3|visits=1
16.476,-6.800,0.100,-8.601,walk|wait=2.05|panic=0.00|target=1|speed=0.45|near=False|yaw=0.0|peeing=False|peeCooldown=127.4|aerial=False|glide=False|legs=0|activity=Transit|site=3|visits=1
16.479,-6.800,0.100,-8.600,walk|wait=2.05|panic=0.00|target=1|speed=0.45|near=False|yaw=0.0|peeing=False|peeCooldown=127.4|aerial=False|glide=False|legs=0|activity=Transit|site=3|visits=1
16.481,-6.800,0.100,-8.599,walk|wait=2.05|panic=0.00|target=1|speed=0.45|near=False|yaw=0.0|peeing=False|peeCooldown=127.4|aerial=False|glide=False|legs=0|activity=Transit|site=3|visits=1
16.486,-6.800,0.100,-8.596,walk|wait=2.05|panic=0.00|target=1|speed=0.45|near=False|yaw=0.0|peeing=False|peeCooldown=127.3|aerial=False|glide=False|legs=0|activity=Transit|site=3|visits=1
16.489,-6.800,0.100,-8.595,walk|wait=2.05|panic=0.00|target=1|speed=0.45|near=False|yaw=0.0|peeing=False|peeCooldown=127.3|aerial=False|glide=False|legs=0|activity=Transit|site=3|visits=1
16.491,-6.800,0.100,-8.594,walk|wait=2.05|panic=0.00|target=1|speed=0.45|near=False|yaw=0.0|peeing=False|peeCooldown=127.3|aerial=False|glide=False|legs=0|activity=Transit|site=3|visits=1
16.494,-6.800,0.100,-8.593,walk|wait=2.05|panic=0.00|target=1|speed=0.45|near=False|yaw=0.0|peeing=False|peeCooldown=127.3|aerial=False|glide=False|legs=0|activity=Transit|site=3|visits=1
16.498,-6.800,0.100,-8.591,walk|wait=2.05|panic=0.00|target=1|speed=0.45|near=False|yaw=0.0|peeing=False|peeCooldown=127.3|aerial=False|glide=False|legs=0|activity=Transit|site=3|visits=1
16.500,-6.800,0.100,-8.590,walk|wait=2.05|panic=0.00|target=1|speed=0.45|near=False|yaw=0.0|peeing=False|peeCooldown=127.3|aerial=False|glide=False|legs=0|activity=Transit|site=3|visits=1
16.532,-6.800,0.100,-8.576,walk|wait=2.05|panic=0.00|target=1|speed=0.45|near=False|yaw=0.0|peeing=False|peeCooldown=127.3|aerial=False|glide=False|legs=0|activity=Transit|site=3|visits=1
16.537,-6.800,0.100,-8.573,walk|wait=2.05|panic=0.00|target=1|speed=0.45|near=False|yaw=0.0|peeing=False|peeCooldown=127.3|aerial=False|glide=False|legs=0|activity=Transit|site=3|visits=1
16.540,-6.800,0.100,-8.572,walk|wait=2.05|panic=0.00|target=1|speed=0.45|near=False|yaw=0.0|peeing=False|peeCooldown=127.3|aerial=False|glide=False|legs=0|activity=Transit|site=3|visits=1
16.543,-6.800,0.100,-8.571,walk|wait=2.05|panic=0.00|target=1|speed=0.45|near=False|yaw=0.0|peeing=False|peeCooldown=127.3|aerial=False|glide=False|legs=0|activity=Transit|site=3|visits=1
16.549,-6.800,0.100,-8.568,walk|wait=2.05|panic=0.00|target=1|speed=0.45|near=False|yaw=0.0|peeing=False|peeCooldown=127.3|aerial=False|glide=False|legs=0|activity=Transit|site=3|visits=1
16.554,-6.800,0.100,-8.566,walk|wait=2.05|panic=0.00|target=1|speed=0.45|near=False|yaw=0.0|peeing=False|peeCooldown=127.3|aerial=False|glide=False|legs=0|activity=Transit|site=3|visits=1
16.578,-6.800,0.100,-8.555,walk|wait=2.05|panic=0.00|target=1|speed=0.45|near=False|yaw=0.0|peeing=False|peeCooldown=127.3|aerial=False|glide=False|legs=0|activity=Transit|site=3|visits=1
16.582,-6.800,0.100,-8.553,walk|wait=2.05|panic=0.00|target=1|speed=0.45|near=False|yaw=0.0|peeing=False|peeCooldown=127.3|aerial=False|glide=False|legs=0|activity=Transit|site=3|visits=1
16.585,-6.800,0.100,-8.552,walk|wait=2.05|panic=0.00|target=1|speed=0.45|near=False|yaw=0.0|peeing=False|peeCooldown=127.3|aerial=False|glide=False|legs=0|activity=Transit|site=3|visits=1
16.589,-6.800,0.100,-8.550,walk|wait=2.05|panic=0.00|target=1|speed=0.45|near=False|yaw=0.0|peeing=False|peeCooldown=127.2|aerial=False|glide=False|legs=0|activity=Transit|site=3|visits=1
16.592,-6.800,0.100,-8.549,walk|wait=2.05|panic=0.00|target=1|speed=0.45|near=False|yaw=0.0|peeing=False|peeCooldown=127.2|aerial=False|glide=False|legs=0|activity=Transit|site=3|visits=1
16.594,-6.800,0.100,-8.548,walk|wait=2.05|panic=0.00|target=1|speed=0.45|near=False|yaw=0.0|peeing=False|peeCooldown=127.2|aerial=False|glide=False|legs=0|activity=Transit|site=3|visits=1
16.597,-6.800,0.100,-8.547,walk|wait=2.05|panic=0.00|target=1|speed=0.45|near=False|yaw=0.0|peeing=False|peeCooldown=127.2|aerial=False|glide=False|legs=0|activity=Transit|site=3|visits=1
16.599,-6.800,0.100,-8.546,walk|wait=2.05|panic=0.00|target=1|speed=0.45|near=False|yaw=0.0|peeing=False|peeCooldown=127.2|aerial=False|glide=False|legs=0|activity=Transit|site=3|visits=1
16.603,-6.800,0.100,-8.544,walk|wait=2.05|panic=0.00|target=1|speed=0.45|near=False|yaw=0.0|peeing=False|peeCooldown=127.2|aerial=False|glide=False|legs=0|activity=Transit|site=3|visits=1
16.611,-6.800,0.100,-8.540,walk|wait=2.05|panic=0.00|target=1|speed=0.45|near=False|yaw=0.0|peeing=False|peeCooldown=127.2|aerial=False|glide=False|legs=0|activity=Transit|site=3|visits=1
16.643,-6.800,0.100,-8.526,walk|wait=2.05|panic=0.00|target=1|speed=0.45|near=False|yaw=0.0|peeing=False|peeCooldown=127.2|aerial=False|glide=False|legs=0|activity=Transit|site=3|visits=1
16.649,-6.800,0.100,-8.523,walk|wait=2.05|panic=0.00|target=1|speed=0.45|near=False|yaw=0.0|peeing=False|peeCooldown=127.2|aerial=False|glide=False|legs=0|activity=Transit|site=3|visits=1
16.651,-6.800,0.100,-8.522,walk|wait=2.05|panic=0.00|target=1|speed=0.45|near=False|yaw=0.0|peeing=False|peeCooldown=127.2|aerial=False|glide=False|legs=0|activity=Transit|site=3|visits=1
16.657,-6.800,0.100,-8.519,walk|wait=2.05|panic=0.00|target=1|speed=0.45|near=False|yaw=0.0|peeing=False|peeCooldown=127.2|aerial=False|glide=False|legs=0|activity=Transit|site=3|visits=1
16.662,-6.800,0.100,-8.517,walk|wait=2.05|panic=0.00|target=1|speed=0.45|near=False|yaw=0.0|peeing=False|peeCooldown=127.2|aerial=False|glide=False|legs=0|activity=Transit|site=3|visits=1
16.688,-6.800,0.100,-8.506,walk|wait=2.05|panic=0.00|target=1|speed=0.45|near=False|yaw=0.0|peeing=False|peeCooldown=127.1|aerial=False|glide=False|legs=0|activity=Transit|site=3|visits=1
16.692,-6.800,0.100,-8.504,walk|wait=2.05|panic=0.00|target=1|speed=0.45|near=False|yaw=0.0|peeing=False|peeCooldown=127.1|aerial=False|glide=False|legs=0|activity=Transit|site=3|visits=1
16.695,-6.800,0.100,-8.503,walk|wait=2.05|panic=0.00|target=1|speed=0.45|near=False|yaw=0.0|peeing=False|peeCooldown=127.1|aerial=False|glide=False|legs=0|activity=Transit|site=3|visits=1
16.699,-6.800,0.100,-8.501,walk|wait=2.05|panic=0.00|target=1|speed=0.45|near=False|yaw=0.0|peeing=False|peeCooldown=127.1|aerial=False|glide=False|legs=0|activity=Transit|site=3|visits=1
16.702,-6.800,0.100,-8.501,walk|wait=2.05|panic=0.00|target=1|speed=0.45|near=False|yaw=0.0|peeing=False|peeCooldown=127.1|aerial=False|glide=False|legs=0|activity=Transit|site=3|visits=1
16.705,-6.800,0.100,-8.499,walk|wait=2.05|panic=0.00|target=1|speed=0.45|near=False|yaw=0.0|peeing=False|peeCooldown=127.1|aerial=False|glide=False|legs=0|activity=Transit|site=3|visits=1
16.707,-6.800,0.100,-8.498,walk|wait=2.05|panic=0.00|target=1|speed=0.45|near=False|yaw=0.0|peeing=False|peeCooldown=127.1|aerial=False|glide=False|legs=0|activity=Transit|site=3|visits=1
16.710,-6.800,0.100,-8.497,walk|wait=2.05|panic=0.00|target=1|speed=0.45|near=False|yaw=0.0|peeing=False|peeCooldown=127.1|aerial=False|glide=False|legs=0|activity=Transit|site=3|visits=1
16.714,-6.800,0.100,-8.495,walk|wait=2.05|panic=0.00|target=1|speed=0.45|near=False|yaw=0.0|peeing=False|peeCooldown=127.1|aerial=False|glide=False|legs=0|activity=Transit|site=3|visits=1
16.745,-6.800,0.100,-8.481,walk|wait=2.05|panic=0.00|target=1|speed=0.45|near=False|yaw=0.0|peeing=False|peeCooldown=127.1|aerial=False|glide=False|legs=0|activity=Transit|site=3|visits=1
16.752,-6.800,0.100,-8.478,walk|wait=2.05|panic=0.00|target=1|speed=0.45|near=False|yaw=0.0|peeing=False|peeCooldown=127.1|aerial=False|glide=False|legs=0|activity=Transit|site=3|visits=1
16.755,-6.800,0.100,-8.477,walk|wait=2.05|panic=0.00|target=1|speed=0.45|near=False|yaw=0.0|peeing=False|peeCooldown=127.1|aerial=False|glide=False|legs=0|activity=Transit|site=3|visits=1
16.757,-6.800,0.100,-8.476,walk|wait=2.05|panic=0.00|target=1|speed=0.45|near=False|yaw=0.0|peeing=False|peeCooldown=127.1|aerial=False|glide=False|legs=0|activity=Transit|site=3|visits=1
16.760,-6.800,0.100,-8.475,walk|wait=2.05|panic=0.00|target=1|speed=0.45|near=False|yaw=0.0|peeing=False|peeCooldown=127.1|aerial=False|glide=False|legs=0|activity=Transit|site=3|visits=1
16.766,-6.800,0.100,-8.472,walk|wait=2.05|panic=0.00|target=1|speed=0.45|near=False|yaw=0.0|peeing=False|peeCooldown=127.1|aerial=False|glide=False|legs=0|activity=Transit|site=3|visits=1
16.792,-6.800,0.100,-8.460,walk|wait=2.05|panic=0.00|target=1|speed=0.45|near=False|yaw=0.0|peeing=False|peeCooldown=127.0|aerial=False|glide=False|legs=0|activity=Transit|site=3|visits=1
16.795,-6.800,0.100,-8.458,walk|wait=2.05|panic=0.00|target=1|speed=0.45|near=False|yaw=0.0|peeing=False|peeCooldown=127.0|aerial=False|glide=False|legs=0|activity=Transit|site=3|visits=1
16.798,-6.800,0.100,-8.457,walk|wait=2.05|panic=0.00|target=1|speed=0.45|near=False|yaw=0.0|peeing=False|peeCooldown=127.0|aerial=False|glide=False|legs=0|activity=Transit|site=3|visits=1
16.803,-6.800,0.100,-8.455,walk|wait=2.05|panic=0.00|target=1|speed=0.45|near=False|yaw=0.0|peeing=False|peeCooldown=127.0|aerial=False|glide=False|legs=0|activity=Transit|site=3|visits=1
16.806,-6.800,0.100,-8.454,walk|wait=2.05|panic=0.00|target=1|speed=0.45|near=False|yaw=0.0|peeing=False|peeCooldown=127.0|aerial=False|glide=False|legs=0|activity=Transit|site=3|visits=1
16.809,-6.800,0.100,-8.452,walk|wait=2.05|panic=0.00|target=1|speed=0.45|near=False|yaw=0.0|peeing=False|peeCooldown=127.0|aerial=False|glide=False|legs=0|activity=Transit|site=3|visits=1
16.811,-6.800,0.100,-8.451,walk|wait=2.05|panic=0.00|target=1|speed=0.45|near=False|yaw=0.0|peeing=False|peeCooldown=127.0|aerial=False|glide=False|legs=0|activity=Transit|site=3|visits=1
16.814,-6.800,0.100,-8.450,walk|wait=2.05|panic=0.00|target=1|speed=0.45|near=False|yaw=0.0|peeing=False|peeCooldown=127.0|aerial=False|glide=False|legs=0|activity=Transit|site=3|visits=1
16.845,-6.800,0.100,-8.436,walk|wait=2.05|panic=0.00|target=1|speed=0.45|near=False|yaw=0.0|peeing=False|peeCooldown=127.0|aerial=False|glide=False|legs=0|activity=Transit|site=3|visits=1
16.850,-6.800,0.100,-8.434,walk|wait=2.05|panic=0.00|target=1|speed=0.45|near=False|yaw=0.0|peeing=False|peeCooldown=127.0|aerial=False|glide=False|legs=0|activity=Transit|site=3|visits=1
16.855,-6.800,0.100,-8.432,walk|wait=2.05|panic=0.00|target=1|speed=0.45|near=False|yaw=0.0|peeing=False|peeCooldown=127.0|aerial=False|glide=False|legs=0|activity=Transit|site=3|visits=1
16.857,-6.800,0.100,-8.431,walk|wait=2.05|panic=0.00|target=1|speed=0.45|near=False|yaw=0.0|peeing=False|peeCooldown=127.0|aerial=False|glide=False|legs=0|activity=Transit|site=3|visits=1
16.860,-6.800,0.100,-8.429,walk|wait=2.05|panic=0.00|target=1|speed=0.45|near=False|yaw=0.0|peeing=False|peeCooldown=127.0|aerial=False|glide=False|legs=0|activity=Transit|site=3|visits=1
16.863,-6.800,0.100,-8.428,walk|wait=2.05|panic=0.00|target=1|speed=0.45|near=False|yaw=0.0|peeing=False|peeCooldown=127.0|aerial=False|glide=False|legs=0|activity=Transit|site=3|visits=1
16.866,-6.800,0.100,-8.427,walk|wait=2.05|panic=0.00|target=1|speed=0.45|near=False|yaw=0.0|peeing=False|peeCooldown=127.0|aerial=False|glide=False|legs=0|activity=Transit|site=3|visits=1
16.891,-6.800,0.100,-8.415,walk|wait=2.05|panic=0.00|target=1|speed=0.45|near=False|yaw=0.0|peeing=False|peeCooldown=126.9|aerial=False|glide=False|legs=0|activity=Transit|site=3|visits=1
16.895,-6.800,0.100,-8.413,walk|wait=2.05|panic=0.00|target=1|speed=0.45|near=False|yaw=0.0|peeing=False|peeCooldown=126.9|aerial=False|glide=False|legs=0|activity=Transit|site=3|visits=1
16.899,-6.800,0.100,-8.412,walk|wait=2.05|panic=0.00|target=1|speed=0.45|near=False|yaw=0.0|peeing=False|peeCooldown=126.9|aerial=False|glide=False|legs=0|activity=Transit|site=3|visits=1
16.901,-6.800,0.100,-8.411,walk|wait=2.05|panic=0.00|target=1|speed=0.45|near=False|yaw=0.0|peeing=False|peeCooldown=126.9|aerial=False|glide=False|legs=0|activity=Transit|site=3|visits=1
16.907,-6.800,0.100,-8.408,walk|wait=2.05|panic=0.00|target=1|speed=0.45|near=False|yaw=0.0|peeing=False|peeCooldown=126.9|aerial=False|glide=False|legs=0|activity=Transit|site=3|visits=1
16.909,-6.800,0.100,-8.407,walk|wait=2.05|panic=0.00|target=1|speed=0.45|near=False|yaw=0.0|peeing=False|peeCooldown=126.9|aerial=False|glide=False|legs=0|activity=Transit|site=3|visits=1
16.912,-6.800,0.100,-8.406,walk|wait=2.05|panic=0.00|target=1|speed=0.45|near=False|yaw=0.0|peeing=False|peeCooldown=126.9|aerial=False|glide=False|legs=0|activity=Transit|site=3|visits=1
16.915,-6.800,0.100,-8.405,walk|wait=2.05|panic=0.00|target=1|speed=0.45|near=False|yaw=0.0|peeing=False|peeCooldown=126.9|aerial=False|glide=False|legs=0|activity=Transit|site=3|visits=1
16.923,-6.800,0.100,-8.401,walk|wait=2.05|panic=0.00|target=1|speed=0.45|near=False|yaw=0.0|peeing=False|peeCooldown=126.9|aerial=False|glide=False|legs=0|activity=Transit|site=3|visits=1
16.958,-6.800,0.100,-8.385,walk|wait=2.05|panic=0.00|target=1|speed=0.45|near=False|yaw=0.0|peeing=False|peeCooldown=126.9|aerial=False|glide=False|legs=0|activity=Transit|site=3|visits=1
16.963,-6.800,0.100,-8.383,walk|wait=2.05|panic=0.00|target=1|speed=0.45|near=False|yaw=0.0|peeing=False|peeCooldown=126.9|aerial=False|glide=False|legs=0|activity=Transit|site=3|visits=1
16.967,-6.800,0.100,-8.381,walk|wait=2.05|panic=0.00|target=1|speed=0.45|near=False|yaw=0.0|peeing=False|peeCooldown=126.9|aerial=False|glide=False|legs=0|activity=Transit|site=3|visits=1
16.969,-6.800,0.100,-8.380,walk|wait=2.05|panic=0.00|target=1|speed=0.45|near=False|yaw=0.0|peeing=False|peeCooldown=126.9|aerial=False|glide=False|legs=0|activity=Transit|site=3|visits=1
16.999,-6.800,0.100,-8.367,walk|wait=2.05|panic=0.00|target=1|speed=0.45|near=False|yaw=0.0|peeing=False|peeCooldown=126.8|aerial=False|glide=False|legs=0|activity=Transit|site=3|visits=1
17.004,-6.800,0.100,-8.364,walk|wait=2.05|panic=0.00|target=1|speed=0.45|near=False|yaw=0.0|peeing=False|peeCooldown=126.8|aerial=False|glide=False|legs=0|activity=Transit|site=3|visits=1
17.008,-6.800,0.100,-8.363,walk|wait=2.05|panic=0.00|target=1|speed=0.45|near=False|yaw=0.0|peeing=False|peeCooldown=126.8|aerial=False|glide=False|legs=0|activity=Transit|site=3|visits=1
17.010,-6.800,0.100,-8.362,walk|wait=2.05|panic=0.00|target=1|speed=0.45|near=False|yaw=0.0|peeing=False|peeCooldown=126.8|aerial=False|glide=False|legs=0|activity=Transit|site=3|visits=1
17.014,-6.800,0.100,-8.360,walk|wait=2.05|panic=0.00|target=1|speed=0.45|near=False|yaw=0.0|peeing=False|peeCooldown=126.8|aerial=False|glide=False|legs=0|activity=Transit|site=3|visits=1
17.017,-6.800,0.100,-8.359,walk|wait=2.05|panic=0.00|target=1|speed=0.45|near=False|yaw=0.0|peeing=False|peeCooldown=126.8|aerial=False|glide=False|legs=0|activity=Transit|site=3|visits=1
17.019,-6.800,0.100,-8.358,walk|wait=2.05|panic=0.00|target=1|speed=0.45|near=False|yaw=0.0|peeing=False|peeCooldown=126.8|aerial=False|glide=False|legs=0|activity=Transit|site=3|visits=1
17.046,-6.800,0.100,-8.346,walk|wait=2.05|panic=0.00|target=1|speed=0.45|near=False|yaw=0.0|peeing=False|peeCooldown=126.8|aerial=False|glide=False|legs=0|activity=Transit|site=3|visits=1
17.050,-6.800,0.100,-8.344,walk|wait=2.05|panic=0.00|target=1|speed=0.45|near=False|yaw=0.0|peeing=False|peeCooldown=126.8|aerial=False|glide=False|legs=0|activity=Transit|site=3|visits=1
17.052,-6.800,0.100,-8.343,walk|wait=2.05|panic=0.00|target=1|speed=0.45|near=False|yaw=0.0|peeing=False|peeCooldown=126.8|aerial=False|glide=False|legs=0|activity=Transit|site=3|visits=1
17.055,-6.800,0.100,-8.342,walk|wait=2.05|panic=0.00|target=1|speed=0.45|near=False|yaw=0.0|peeing=False|peeCooldown=126.8|aerial=False|glide=False|legs=0|activity=Transit|site=3|visits=1
17.057,-6.800,0.100,-8.341,walk|wait=2.05|panic=0.00|target=1|speed=0.45|near=False|yaw=0.0|peeing=False|peeCooldown=126.8|aerial=False|glide=False|legs=0|activity=Transit|site=3|visits=1
17.060,-6.800,0.100,-8.339,walk|wait=2.05|panic=0.00|target=1|speed=0.45|near=False|yaw=0.0|peeing=False|peeCooldown=126.8|aerial=False|glide=False|legs=0|activity=Transit|site=3|visits=1
17.062,-6.800,0.100,-8.338,walk|wait=2.05|panic=0.00|target=1|speed=0.45|near=False|yaw=0.0|peeing=False|peeCooldown=126.8|aerial=False|glide=False|legs=0|activity=Transit|site=3|visits=1
17.068,-6.800,0.100,-8.336,walk|wait=2.05|panic=0.00|target=1|speed=0.45|near=False|yaw=0.0|peeing=False|peeCooldown=126.8|aerial=False|glide=False|legs=0|activity=Transit|site=3|visits=1
17.072,-6.800,0.100,-8.334,walk|wait=2.05|panic=0.00|target=1|speed=0.45|near=False|yaw=0.0|peeing=False|peeCooldown=126.8|aerial=False|glide=False|legs=0|activity=Transit|site=3|visits=1
17.107,-6.800,0.100,-8.318,walk|wait=2.05|panic=0.00|target=1|speed=0.45|near=False|yaw=0.0|peeing=False|peeCooldown=126.7|aerial=False|glide=False|legs=0|activity=Transit|site=3|visits=1
17.111,-6.800,0.100,-8.316,walk|wait=2.05|panic=0.00|target=1|speed=0.45|near=False|yaw=0.0|peeing=False|peeCooldown=126.7|aerial=False|glide=False|legs=0|activity=Transit|site=3|visits=1
17.114,-6.800,0.100,-8.315,walk|wait=2.05|panic=0.00|target=1|speed=0.45|near=False|yaw=0.0|peeing=False|peeCooldown=126.7|aerial=False|glide=False|legs=0|activity=Transit|site=3|visits=1
17.118,-6.800,0.100,-8.313,walk|wait=2.05|panic=0.00|target=1|speed=0.45|near=False|yaw=0.0|peeing=False|peeCooldown=126.7|aerial=False|glide=False|legs=0|activity=Transit|site=3|visits=1
17.121,-6.800,0.100,-8.312,walk|wait=2.05|panic=0.00|target=1|speed=0.45|near=False|yaw=0.0|peeing=False|peeCooldown=126.7|aerial=False|glide=False|legs=0|activity=Transit|site=3|visits=1
17.146,-6.800,0.100,-8.301,walk|wait=2.05|panic=0.00|target=1|speed=0.45|near=False|yaw=0.0|peeing=False|peeCooldown=126.7|aerial=False|glide=False|legs=0|activity=Transit|site=3|visits=1
17.150,-6.800,0.100,-8.299,walk|wait=2.05|panic=0.00|target=1|speed=0.45|near=False|yaw=0.0|peeing=False|peeCooldown=126.7|aerial=False|glide=False|legs=0|activity=Transit|site=3|visits=1
17.153,-6.800,0.100,-8.298,walk|wait=2.05|panic=0.00|target=1|speed=0.45|near=False|yaw=0.0|peeing=False|peeCooldown=126.7|aerial=False|glide=False|legs=0|activity=Transit|site=3|visits=1
17.155,-6.800,0.100,-8.296,walk|wait=2.05|panic=0.00|target=1|speed=0.45|near=False|yaw=0.0|peeing=False|peeCooldown=126.7|aerial=False|glide=False|legs=0|activity=Transit|site=3|visits=1
17.158,-6.800,0.100,-8.295,walk|wait=2.05|panic=0.00|target=1|speed=0.45|near=False|yaw=0.0|peeing=False|peeCooldown=126.7|aerial=False|glide=False|legs=0|activity=Transit|site=3|visits=1
17.161,-6.800,0.100,-8.294,walk|wait=2.05|panic=0.00|target=1|speed=0.45|near=False|yaw=0.0|peeing=False|peeCooldown=126.7|aerial=False|glide=False|legs=0|activity=Transit|site=3|visits=1
17.164,-6.800,0.100,-8.293,walk|wait=2.05|panic=0.00|target=1|speed=0.45|near=False|yaw=0.0|peeing=False|peeCooldown=126.7|aerial=False|glide=False|legs=0|activity=Transit|site=3|visits=1
17.168,-6.800,0.100,-8.291,walk|wait=2.05|panic=0.00|target=1|speed=0.45|near=False|yaw=0.0|peeing=False|peeCooldown=126.7|aerial=False|glide=False|legs=0|activity=Transit|site=3|visits=1
17.172,-6.800,0.100,-8.289,walk|wait=2.05|panic=0.00|target=1|speed=0.45|near=False|yaw=0.0|peeing=False|peeCooldown=126.7|aerial=False|glide=False|legs=0|activity=Transit|site=3|visits=1
17.175,-6.800,0.100,-8.288,walk|wait=2.05|panic=0.00|target=1|speed=0.45|near=False|yaw=0.0|peeing=False|peeCooldown=126.7|aerial=False|glide=False|legs=0|activity=Transit|site=3|visits=1
17.204,-6.800,0.100,-8.274,walk|wait=2.05|panic=0.00|target=1|speed=0.45|near=False|yaw=0.0|peeing=False|peeCooldown=126.6|aerial=False|glide=False|legs=0|activity=Transit|site=3|visits=1
17.208,-6.800,0.100,-8.273,walk|wait=2.05|panic=0.00|target=1|speed=0.45|near=False|yaw=0.0|peeing=False|peeCooldown=126.6|aerial=False|glide=False|legs=0|activity=Transit|site=3|visits=1
17.215,-6.800,0.100,-8.269,walk|wait=2.05|panic=0.00|target=1|speed=0.45|near=False|yaw=0.0|peeing=False|peeCooldown=126.6|aerial=False|glide=False|legs=0|activity=Transit|site=3|visits=1
17.220,-6.800,0.100,-8.267,walk|wait=2.05|panic=0.00|target=1|speed=0.45|near=False|yaw=0.0|peeing=False|peeCooldown=126.6|aerial=False|glide=False|legs=0|activity=Transit|site=3|visits=1
17.223,-6.800,0.100,-8.266,walk|wait=2.05|panic=0.00|target=1|speed=0.45|near=False|yaw=0.0|peeing=False|peeCooldown=126.6|aerial=False|glide=False|legs=0|activity=Transit|site=3|visits=1
17.226,-6.800,0.100,-8.265,walk|wait=2.05|panic=0.00|target=1|speed=0.45|near=False|yaw=0.0|peeing=False|peeCooldown=126.6|aerial=False|glide=False|legs=0|activity=Transit|site=3|visits=1
17.251,-6.800,0.100,-8.253,walk|wait=2.05|panic=0.00|target=1|speed=0.45|near=False|yaw=0.0|peeing=False|peeCooldown=126.6|aerial=False|glide=False|legs=0|activity=Transit|site=3|visits=1
17.255,-6.800,0.100,-8.252,walk|wait=2.05|panic=0.00|target=1|speed=0.45|near=False|yaw=0.0|peeing=False|peeCooldown=126.6|aerial=False|glide=False|legs=0|activity=Transit|site=3|visits=1
17.257,-6.800,0.100,-8.251,walk|wait=2.05|panic=0.00|target=1|speed=0.45|near=False|yaw=0.0|peeing=False|peeCooldown=126.6|aerial=False|glide=False|legs=0|activity=Transit|site=3|visits=1
17.260,-6.800,0.100,-8.250,walk|wait=2.05|panic=0.00|target=1|speed=0.45|near=False|yaw=0.0|peeing=False|peeCooldown=126.6|aerial=False|glide=False|legs=0|activity=Transit|site=3|visits=1
17.262,-6.800,0.100,-8.248,walk|wait=2.05|panic=0.00|target=1|speed=0.45|near=False|yaw=0.0|peeing=False|peeCooldown=126.6|aerial=False|glide=False|legs=0|activity=Transit|site=3|visits=1
17.266,-6.800,0.100,-8.247,walk|wait=2.05|panic=0.00|target=1|speed=0.45|near=False|yaw=0.0|peeing=False|peeCooldown=126.6|aerial=False|glide=False|legs=0|activity=Transit|site=3|visits=1
17.270,-6.800,0.100,-8.245,walk|wait=2.05|panic=0.00|target=1|speed=0.45|near=False|yaw=0.0|peeing=False|peeCooldown=126.6|aerial=False|glide=False|legs=0|activity=Transit|site=3|visits=1
17.273,-6.800,0.100,-8.244,walk|wait=2.05|panic=0.00|target=1|speed=0.45|near=False|yaw=0.0|peeing=False|peeCooldown=126.6|aerial=False|glide=False|legs=0|activity=Transit|site=3|visits=1
17.277,-6.800,0.100,-8.242,walk|wait=2.05|panic=0.00|target=1|speed=0.45|near=False|yaw=0.0|peeing=False|peeCooldown=126.6|aerial=False|glide=False|legs=0|activity=Transit|site=3|visits=1
17.279,-6.800,0.100,-8.241,walk|wait=2.05|panic=0.00|target=1|speed=0.45|near=False|yaw=0.0|peeing=False|peeCooldown=126.6|aerial=False|glide=False|legs=0|activity=Transit|site=3|visits=1
17.310,-6.800,0.100,-8.227,walk|wait=2.05|panic=0.00|target=1|speed=0.45|near=False|yaw=0.0|peeing=False|peeCooldown=126.5|aerial=False|glide=False|legs=0|activity=Transit|site=3|visits=1
17.314,-6.800,0.100,-8.225,walk|wait=2.05|panic=0.00|target=1|speed=0.45|near=False|yaw=0.0|peeing=False|peeCooldown=126.5|aerial=False|glide=False|legs=0|activity=Transit|site=3|visits=1
17.317,-6.800,0.100,-8.224,walk|wait=2.05|panic=0.00|target=1|speed=0.45|near=False|yaw=0.0|peeing=False|peeCooldown=126.5|aerial=False|glide=False|legs=0|activity=Transit|site=3|visits=1
17.325,-6.800,0.100,-8.220,walk|wait=2.05|panic=0.00|target=1|speed=0.45|near=False|yaw=0.0|peeing=False|peeCooldown=126.5|aerial=False|glide=False|legs=0|activity=Transit|site=3|visits=1
17.328,-6.800,0.100,-8.219,walk|wait=2.05|panic=0.00|target=1|speed=0.45|near=False|yaw=0.0|peeing=False|peeCooldown=126.5|aerial=False|glide=False|legs=0|activity=Transit|site=3|visits=1
17.331,-6.800,0.100,-8.217,walk|wait=2.05|panic=0.00|target=1|speed=0.45|near=False|yaw=0.0|peeing=False|peeCooldown=126.5|aerial=False|glide=False|legs=0|activity=Transit|site=3|visits=1
17.355,-6.800,0.100,-8.206,walk|wait=2.05|panic=0.00|target=1|speed=0.45|near=False|yaw=0.0|peeing=False|peeCooldown=126.5|aerial=False|glide=False|legs=0|activity=Transit|site=3|visits=1
17.359,-6.800,0.100,-8.205,walk|wait=2.05|panic=0.00|target=1|speed=0.45|near=False|yaw=0.0|peeing=False|peeCooldown=126.5|aerial=False|glide=False|legs=0|activity=Transit|site=3|visits=1
17.362,-6.800,0.100,-8.204,walk|wait=2.05|panic=0.00|target=1|speed=0.45|near=False|yaw=0.0|peeing=False|peeCooldown=126.5|aerial=False|glide=False|legs=0|activity=Transit|site=3|visits=1
17.365,-6.800,0.100,-8.202,walk|wait=2.05|panic=0.00|target=1|speed=0.45|near=False|yaw=0.0|peeing=False|peeCooldown=126.5|aerial=False|glide=False|legs=0|activity=Transit|site=3|visits=1
17.367,-6.800,0.100,-8.201,walk|wait=2.05|panic=0.00|target=1|speed=0.45|near=False|yaw=0.0|peeing=False|peeCooldown=126.5|aerial=False|glide=False|legs=0|activity=Transit|site=3|visits=1
17.372,-6.800,0.100,-8.199,walk|wait=2.05|panic=0.00|target=1|speed=0.45|near=False|yaw=0.0|peeing=False|peeCooldown=126.5|aerial=False|glide=False|legs=0|activity=Transit|site=3|visits=1
17.374,-6.800,0.100,-8.198,walk|wait=2.05|panic=0.00|target=1|speed=0.45|near=False|yaw=0.0|peeing=False|peeCooldown=126.5|aerial=False|glide=False|legs=0|activity=Transit|site=3|visits=1
17.377,-6.800,0.100,-8.197,walk|wait=2.05|panic=0.00|target=1|speed=0.45|near=False|yaw=0.0|peeing=False|peeCooldown=126.5|aerial=False|glide=False|legs=0|activity=Transit|site=3|visits=1
17.381,-6.800,0.100,-8.195,walk|wait=2.05|panic=0.00|target=1|speed=0.45|near=False|yaw=0.0|peeing=False|peeCooldown=126.5|aerial=False|glide=False|legs=0|activity=Transit|site=3|visits=1
17.384,-6.800,0.100,-8.194,walk|wait=2.05|panic=0.00|target=1|speed=0.45|near=False|yaw=0.0|peeing=False|peeCooldown=126.5|aerial=False|glide=False|legs=0|activity=Transit|site=3|visits=1
17.414,-6.800,0.100,-8.180,walk|wait=2.05|panic=0.00|target=1|speed=0.45|near=False|yaw=0.0|peeing=False|peeCooldown=126.4|aerial=False|glide=False|legs=0|activity=Transit|site=3|visits=1
17.418,-6.800,0.100,-8.178,walk|wait=2.05|panic=0.00|target=1|speed=0.45|near=False|yaw=0.0|peeing=False|peeCooldown=126.4|aerial=False|glide=False|legs=0|activity=Transit|site=3|visits=1
17.422,-6.800,0.100,-8.177,walk|wait=2.05|panic=0.00|target=1|speed=0.45|near=False|yaw=0.0|peeing=False|peeCooldown=126.4|aerial=False|glide=False|legs=0|activity=Transit|site=3|visits=1
17.429,-6.800,0.100,-8.173,walk|wait=2.05|panic=0.00|target=1|speed=0.45|near=False|yaw=0.0|peeing=False|peeCooldown=126.4|aerial=False|glide=False|legs=0|activity=Transit|site=3|visits=1
17.433,-6.800,0.100,-8.171,walk|wait=2.05|panic=0.00|target=1|speed=0.45|near=False|yaw=0.0|peeing=False|peeCooldown=126.4|aerial=False|glide=False|legs=0|activity=Transit|site=3|visits=1
17.436,-6.800,0.100,-8.170,walk|wait=2.05|panic=0.00|target=1|speed=0.45|near=False|yaw=0.0|peeing=False|peeCooldown=126.4|aerial=False|glide=False|legs=0|activity=Transit|site=3|visits=1
17.461,-6.800,0.100,-8.159,walk|wait=2.05|panic=0.00|target=1|speed=0.45|near=False|yaw=0.0|peeing=False|peeCooldown=126.4|aerial=False|glide=False|legs=0|activity=Transit|site=3|visits=1
17.465,-6.800,0.100,-8.157,walk|wait=2.05|panic=0.00|target=1|speed=0.45|near=False|yaw=0.0|peeing=False|peeCooldown=126.4|aerial=False|glide=False|legs=0|activity=Transit|site=3|visits=1
17.468,-6.800,0.100,-8.156,walk|wait=2.05|panic=0.00|target=1|speed=0.45|near=False|yaw=0.0|peeing=False|peeCooldown=126.4|aerial=False|glide=False|legs=0|activity=Transit|site=3|visits=1
17.470,-6.800,0.100,-8.155,walk|wait=2.05|panic=0.00|target=1|speed=0.45|near=False|yaw=0.0|peeing=False|peeCooldown=126.4|aerial=False|glide=False|legs=0|activity=Transit|site=3|visits=1
17.474,-6.800,0.100,-8.153,walk|wait=2.05|panic=0.00|target=1|speed=0.45|near=False|yaw=0.0|peeing=False|peeCooldown=126.4|aerial=False|glide=False|legs=0|activity=Transit|site=3|visits=1
17.477,-6.800,0.100,-8.152,walk|wait=2.05|panic=0.00|target=1|speed=0.45|near=False|yaw=0.0|peeing=False|peeCooldown=126.4|aerial=False|glide=False|legs=0|activity=Transit|site=3|visits=1
17.479,-6.800,0.100,-8.151,walk|wait=2.05|panic=0.00|target=1|speed=0.45|near=False|yaw=0.0|peeing=False|peeCooldown=126.4|aerial=False|glide=False|legs=0|activity=Transit|site=3|visits=1
17.482,-6.800,0.100,-8.150,walk|wait=2.05|panic=0.00|target=1|speed=0.45|near=False|yaw=0.0|peeing=False|peeCooldown=126.4|aerial=False|glide=False|legs=0|activity=Transit|site=3|visits=1
17.487,-6.800,0.100,-8.147,walk|wait=2.05|panic=0.00|target=1|speed=0.45|near=False|yaw=0.0|peeing=False|peeCooldown=126.3|aerial=False|glide=False|legs=0|activity=Transit|site=3|visits=1
17.489,-6.800,0.100,-8.146,walk|wait=2.05|panic=0.00|target=1|speed=0.45|near=False|yaw=0.0|peeing=False|peeCooldown=126.3|aerial=False|glide=False|legs=0|activity=Transit|site=3|visits=1
17.520,-6.800,0.100,-8.132,walk|wait=2.05|panic=0.00|target=1|speed=0.45|near=False|yaw=0.0|peeing=False|peeCooldown=126.3|aerial=False|glide=False|legs=0|activity=Transit|site=3|visits=1
17.524,-6.800,0.100,-8.131,walk|wait=2.05|panic=0.00|target=1|speed=0.45|near=False|yaw=0.0|peeing=False|peeCooldown=126.3|aerial=False|glide=False|legs=0|activity=Transit|site=3|visits=1
17.529,-6.800,0.100,-8.128,walk|wait=2.05|panic=0.00|target=1|speed=0.45|near=False|yaw=0.0|peeing=False|peeCooldown=126.3|aerial=False|glide=False|legs=0|activity=Transit|site=3|visits=1
17.535,-6.800,0.100,-8.125,walk|wait=2.05|panic=0.00|target=1|speed=0.45|near=False|yaw=0.0|peeing=False|peeCooldown=126.3|aerial=False|glide=False|legs=0|activity=Transit|site=3|visits=1
17.541,-6.800,0.100,-8.123,walk|wait=2.05|panic=0.00|target=1|speed=0.45|near=False|yaw=0.0|peeing=False|peeCooldown=126.3|aerial=False|glide=False|legs=0|activity=Transit|site=3|visits=1
17.544,-6.800,0.100,-8.122,walk|wait=2.05|panic=0.00|target=1|speed=0.45|near=False|yaw=0.0|peeing=False|peeCooldown=126.3|aerial=False|glide=False|legs=0|activity=Transit|site=3|visits=1
17.569,-6.800,0.100,-8.111,walk|wait=2.05|panic=0.00|target=1|speed=0.45|near=False|yaw=0.0|peeing=False|peeCooldown=126.3|aerial=False|glide=False|legs=0|activity=Transit|site=3|visits=1
17.572,-6.800,0.100,-8.109,walk|wait=2.05|panic=0.00|target=1|speed=0.45|near=False|yaw=0.0|peeing=False|peeCooldown=126.3|aerial=False|glide=False|legs=0|activity=Transit|site=3|visits=1
17.575,-6.800,0.100,-8.108,walk|wait=2.05|panic=0.00|target=1|speed=0.45|near=False|yaw=0.0|peeing=False|peeCooldown=126.3|aerial=False|glide=False|legs=0|activity=Transit|site=3|visits=1
17.579,-6.800,0.100,-8.106,walk|wait=2.05|panic=0.00|target=1|speed=0.45|near=False|yaw=0.0|peeing=False|peeCooldown=126.3|aerial=False|glide=False|legs=0|activity=Transit|site=3|visits=1
17.581,-6.800,0.100,-8.105,walk|wait=2.05|panic=0.00|target=1|speed=0.45|near=False|yaw=0.0|peeing=False|peeCooldown=126.3|aerial=False|glide=False|legs=0|activity=Transit|site=3|visits=1
17.584,-6.800,0.100,-8.103,walk|wait=2.05|panic=0.00|target=1|speed=0.45|near=False|yaw=0.0|peeing=False|peeCooldown=126.3|aerial=False|glide=False|legs=0|activity=Transit|site=3|visits=1
17.587,-6.800,0.100,-8.102,walk|wait=2.05|panic=0.00|target=1|speed=0.45|near=False|yaw=0.0|peeing=False|peeCooldown=126.2|aerial=False|glide=False|legs=0|activity=Transit|site=3|visits=1
17.589,-6.800,0.100,-8.101,walk|wait=2.05|panic=0.00|target=1|speed=0.45|near=False|yaw=0.0|peeing=False|peeCooldown=126.2|aerial=False|glide=False|legs=0|activity=Transit|site=3|visits=1
17.593,-6.800,0.100,-8.099,walk|wait=2.05|panic=0.00|target=1|speed=0.45|near=False|yaw=0.0|peeing=False|peeCooldown=126.2|aerial=False|glide=False|legs=0|activity=Transit|site=3|visits=1
17.596,-6.800,0.100,-8.098,walk|wait=2.05|panic=0.00|target=1|speed=0.45|near=False|yaw=0.0|peeing=False|peeCooldown=126.2|aerial=False|glide=False|legs=0|activity=Transit|site=3|visits=1
17.626,-6.800,0.100,-8.085,walk|wait=2.05|panic=0.00|target=1|speed=0.45|near=False|yaw=0.0|peeing=False|peeCooldown=126.2|aerial=False|glide=False|legs=0|activity=Transit|site=3|visits=1
17.632,-6.800,0.100,-8.082,walk|wait=2.05|panic=0.00|target=1|speed=0.45|near=False|yaw=0.0|peeing=False|peeCooldown=126.2|aerial=False|glide=False|legs=0|activity=Transit|site=3|visits=1
17.634,-6.800,0.100,-8.081,walk|wait=2.05|panic=0.00|target=1|speed=0.45|near=False|yaw=0.0|peeing=False|peeCooldown=126.2|aerial=False|glide=False|legs=0|activity=Transit|site=3|visits=1
17.637,-6.800,0.100,-8.080,walk|wait=2.05|panic=0.00|target=1|speed=0.45|near=False|yaw=0.0|peeing=False|peeCooldown=126.2|aerial=False|glide=False|legs=0|activity=Transit|site=3|visits=1
17.639,-6.800,0.100,-8.079,walk|wait=2.05|panic=0.00|target=1|speed=0.45|near=False|yaw=0.0|peeing=False|peeCooldown=126.2|aerial=False|glide=False|legs=0|activity=Transit|site=3|visits=1
17.646,-6.800,0.100,-8.076,walk|wait=2.05|panic=0.00|target=1|speed=0.45|near=False|yaw=0.0|peeing=False|peeCooldown=126.2|aerial=False|glide=False|legs=0|activity=Transit|site=3|visits=1
17.650,-6.800,0.100,-8.074,walk|wait=2.05|panic=0.00|target=1|speed=0.45|near=False|yaw=0.0|peeing=False|peeCooldown=126.2|aerial=False|glide=False|legs=0|activity=Transit|site=3|visits=1
17.676,-6.800,0.100,-8.062,walk|wait=2.05|panic=0.00|target=1|speed=0.45|near=False|yaw=0.0|peeing=False|peeCooldown=126.2|aerial=False|glide=False|legs=0|activity=Transit|site=3|visits=1
17.679,-6.800,0.100,-8.061,walk|wait=2.05|panic=0.00|target=1|speed=0.45|near=False|yaw=0.0|peeing=False|peeCooldown=126.2|aerial=False|glide=False|legs=0|activity=Transit|site=3|visits=1
17.684,-6.800,0.100,-8.059,walk|wait=2.05|panic=0.00|target=1|speed=0.45|near=False|yaw=0.0|peeing=False|peeCooldown=126.2|aerial=False|glide=False|legs=0|activity=Transit|site=3|visits=1
17.687,-6.800,0.100,-8.057,walk|wait=2.05|panic=0.00|target=1|speed=0.45|near=False|yaw=0.0|peeing=False|peeCooldown=126.1|aerial=False|glide=False|legs=0|activity=Transit|site=3|visits=1
17.689,-6.800,0.100,-8.056,walk|wait=2.05|panic=0.00|target=1|speed=0.45|near=False|yaw=0.0|peeing=False|peeCooldown=126.1|aerial=False|glide=False|legs=0|activity=Transit|site=3|visits=1
17.692,-6.800,0.100,-8.055,walk|wait=2.05|panic=0.00|target=1|speed=0.45|near=False|yaw=0.0|peeing=False|peeCooldown=126.1|aerial=False|glide=False|legs=0|activity=Transit|site=3|visits=1
17.695,-6.800,0.100,-8.054,walk|wait=2.05|panic=0.00|target=1|speed=0.45|near=False|yaw=0.0|peeing=False|peeCooldown=126.1|aerial=False|glide=False|legs=0|activity=Transit|site=3|visits=1
17.697,-6.800,0.100,-8.053,walk|wait=2.05|panic=0.00|target=1|speed=0.45|near=False|yaw=0.0|peeing=False|peeCooldown=126.1|aerial=False|glide=False|legs=0|activity=Transit|site=3|visits=1
17.701,-6.800,0.100,-8.051,walk|wait=2.05|panic=0.00|target=1|speed=0.45|near=False|yaw=0.0|peeing=False|peeCooldown=126.1|aerial=False|glide=False|legs=0|activity=Transit|site=3|visits=1
17.704,-6.800,0.100,-8.049,walk|wait=2.05|panic=0.00|target=1|speed=0.45|near=False|yaw=0.0|peeing=False|peeCooldown=126.1|aerial=False|glide=False|legs=0|activity=Transit|site=3|visits=1
17.734,-6.800,0.100,-8.036,walk|wait=2.05|panic=0.00|target=1|speed=0.45|near=False|yaw=0.0|peeing=False|peeCooldown=126.1|aerial=False|glide=False|legs=0|activity=Transit|site=3|visits=1
17.739,-6.800,0.100,-8.034,walk|wait=2.05|panic=0.00|target=1|speed=0.45|near=False|yaw=0.0|peeing=False|peeCooldown=126.1|aerial=False|glide=False|legs=0|activity=Transit|site=3|visits=1
17.742,-6.800,0.100,-8.032,walk|wait=2.05|panic=0.00|target=1|speed=0.45|near=False|yaw=0.0|peeing=False|peeCooldown=126.1|aerial=False|glide=False|legs=0|activity=Transit|site=3|visits=1
17.745,-6.800,0.100,-8.031,walk|wait=2.05|panic=0.00|target=1|speed=0.45|near=False|yaw=0.0|peeing=False|peeCooldown=126.1|aerial=False|glide=False|legs=0|activity=Transit|site=3|visits=1
17.751,-6.800,0.100,-8.028,walk|wait=2.05|panic=0.00|target=1|speed=0.45|near=False|yaw=0.0|peeing=False|peeCooldown=126.1|aerial=False|glide=False|legs=0|activity=Transit|site=3|visits=1
17.756,-6.800,0.100,-8.026,walk|wait=2.05|panic=0.00|target=1|speed=0.45|near=False|yaw=0.0|peeing=False|peeCooldown=126.1|aerial=False|glide=False|legs=0|activity=Transit|site=3|visits=1
17.758,-6.800,0.100,-8.025,walk|wait=2.05|panic=0.00|target=1|speed=0.45|near=False|yaw=0.0|peeing=False|peeCooldown=126.1|aerial=False|glide=False|legs=0|activity=Transit|site=3|visits=1
17.787,-6.800,0.100,-8.012,walk|wait=2.05|panic=0.00|target=1|speed=0.45|near=False|yaw=0.0|peeing=False|peeCooldown=126.0|aerial=False|glide=False|legs=0|activity=Transit|site=3|visits=1
17.795,-6.800,0.100,-8.008,walk|wait=2.05|panic=0.00|target=1|speed=0.45|near=False|yaw=0.0|peeing=False|peeCooldown=126.0|aerial=False|glide=False|legs=0|activity=Transit|site=3|visits=1
17.800,-6.800,0.100,-8.006,walk|wait=2.05|panic=0.00|target=1|speed=0.45|near=False|yaw=0.0|peeing=False|peeCooldown=126.0|aerial=False|glide=False|legs=0|activity=Transit|site=3|visits=1
17.804,-6.800,0.100,-8.005,walk|wait=2.05|panic=0.00|target=1|speed=0.45|near=False|yaw=0.0|peeing=False|peeCooldown=126.0|aerial=False|glide=False|legs=0|activity=Transit|site=3|visits=1
17.810,-6.800,0.100,-8.002,walk|wait=2.05|panic=0.00|target=1|speed=0.45|near=False|yaw=0.0|peeing=False|peeCooldown=126.0|aerial=False|glide=False|legs=0|activity=Transit|site=3|visits=1
17.814,-6.800,0.100,-8.000,walk|wait=2.05|panic=0.00|target=1|speed=0.45|near=False|yaw=0.0|peeing=False|peeCooldown=126.0|aerial=False|glide=False|legs=0|activity=Transit|site=3|visits=1
17.844,-6.800,0.100,-7.986,walk|wait=2.05|panic=0.00|target=1|speed=0.45|near=False|yaw=0.0|peeing=False|peeCooldown=126.0|aerial=False|glide=False|legs=0|activity=Transit|site=3|visits=1
17.851,-6.800,0.100,-7.983,walk|wait=2.05|panic=0.00|target=1|speed=0.45|near=False|yaw=0.0|peeing=False|peeCooldown=126.0|aerial=False|glide=False|legs=0|activity=Transit|site=3|visits=1
17.854,-6.800,0.100,-7.982,walk|wait=2.05|panic=0.00|target=1|speed=0.45|near=False|yaw=0.0|peeing=False|peeCooldown=126.0|aerial=False|glide=False|legs=0|activity=Transit|site=3|visits=1
17.863,-6.800,0.100,-7.978,walk|wait=2.05|panic=0.00|target=1|speed=0.45|near=False|yaw=0.0|peeing=False|peeCooldown=126.0|aerial=False|glide=False|legs=0|activity=Transit|site=3|visits=1
17.868,-6.800,0.100,-7.976,walk|wait=2.05|panic=0.00|target=1|speed=0.45|near=False|yaw=0.0|peeing=False|peeCooldown=126.0|aerial=False|glide=False|legs=0|activity=Transit|site=3|visits=1
17.896,-6.800,0.100,-7.963,walk|wait=2.05|panic=0.00|target=1|speed=0.45|near=False|yaw=0.0|peeing=False|peeCooldown=125.9|aerial=False|glide=False|legs=0|activity=Transit|site=3|visits=1
17.903,-6.800,0.100,-7.960,walk|wait=2.05|panic=0.00|target=1|speed=0.45|near=False|yaw=0.0|peeing=False|peeCooldown=125.9|aerial=False|glide=False|legs=0|activity=Transit|site=3|visits=1
17.907,-6.800,0.100,-7.958,walk|wait=2.05|panic=0.00|target=1|speed=0.45|near=False|yaw=0.0|peeing=False|peeCooldown=125.9|aerial=False|glide=False|legs=0|activity=Transit|site=3|visits=1
17.909,-6.800,0.100,-7.957,walk|wait=2.05|panic=0.00|target=1|speed=0.45|near=False|yaw=0.0|peeing=False|peeCooldown=125.9|aerial=False|glide=False|legs=0|activity=Transit|site=3|visits=1
17.912,-6.800,0.100,-7.956,walk|wait=2.05|panic=0.00|target=1|speed=0.45|near=False|yaw=0.0|peeing=False|peeCooldown=125.9|aerial=False|glide=False|legs=0|activity=Transit|site=3|visits=1
17.915,-6.800,0.100,-7.955,walk|wait=2.05|panic=0.00|target=1|speed=0.45|near=False|yaw=0.0|peeing=False|peeCooldown=125.9|aerial=False|glide=False|legs=0|activity=Transit|site=3|visits=1
17.917,-6.800,0.100,-7.954,walk|wait=2.05|panic=0.00|target=1|speed=0.45|near=False|yaw=0.0|peeing=False|peeCooldown=125.9|aerial=False|glide=False|legs=0|activity=Transit|site=3|visits=1
17.944,-6.800,0.100,-7.942,walk|wait=2.05|panic=0.00|target=1|speed=0.45|near=False|yaw=0.0|peeing=False|peeCooldown=125.9|aerial=False|glide=False|legs=0|activity=Transit|site=3|visits=1
17.948,-6.800,0.100,-7.940,walk|wait=2.05|panic=0.00|target=1|speed=0.45|near=False|yaw=0.0|peeing=False|peeCooldown=125.9|aerial=False|glide=False|legs=0|activity=Transit|site=3|visits=1
17.953,-6.800,0.100,-7.937,walk|wait=2.05|panic=0.00|target=1|speed=0.45|near=False|yaw=0.0|peeing=False|peeCooldown=125.9|aerial=False|glide=False|legs=0|activity=Transit|site=3|visits=1
17.956,-6.800,0.100,-7.936,walk|wait=2.05|panic=0.00|target=1|speed=0.45|near=False|yaw=0.0|peeing=False|peeCooldown=125.9|aerial=False|glide=False|legs=0|activity=Transit|site=3|visits=1
17.959,-6.800,0.100,-7.935,walk|wait=2.05|panic=0.00|target=1|speed=0.45|near=False|yaw=0.0|peeing=False|peeCooldown=125.9|aerial=False|glide=False|legs=0|activity=Transit|site=3|visits=1
17.961,-6.800,0.100,-7.934,walk|wait=2.05|panic=0.00|target=1|speed=0.45|near=False|yaw=0.0|peeing=False|peeCooldown=125.9|aerial=False|glide=False|legs=0|activity=Transit|site=3|visits=1
17.964,-6.800,0.100,-7.932,walk|wait=2.05|panic=0.00|target=1|speed=0.45|near=False|yaw=0.0|peeing=False|peeCooldown=125.9|aerial=False|glide=False|legs=0|activity=Transit|site=3|visits=1
17.970,-6.800,0.100,-7.930,walk|wait=2.05|panic=0.00|target=1|speed=0.45|near=False|yaw=0.0|peeing=False|peeCooldown=125.9|aerial=False|glide=False|legs=0|activity=Transit|site=3|visits=1
17.975,-6.800,0.100,-7.928,walk|wait=2.05|panic=0.00|target=1|speed=0.45|near=False|yaw=0.0|peeing=False|peeCooldown=125.9|aerial=False|glide=False|legs=0|activity=Transit|site=3|visits=1
18.007,-6.800,0.100,-7.913,walk|wait=2.05|panic=0.00|target=1|speed=0.45|near=False|yaw=0.0|peeing=False|peeCooldown=125.8|aerial=False|glide=False|legs=0|activity=Transit|site=3|visits=1
18.013,-6.800,0.100,-7.910,walk|wait=2.05|panic=0.00|target=1|speed=0.45|near=False|yaw=0.0|peeing=False|peeCooldown=125.8|aerial=False|glide=False|legs=0|activity=Transit|site=3|visits=1
18.016,-6.800,0.100,-7.909,walk|wait=2.05|panic=0.00|target=1|speed=0.45|near=False|yaw=0.0|peeing=False|peeCooldown=125.8|aerial=False|glide=False|legs=0|activity=Transit|site=3|visits=1
18.019,-6.800,0.100,-7.908,walk|wait=2.05|panic=0.00|target=1|speed=0.45|near=False|yaw=0.0|peeing=False|peeCooldown=125.8|aerial=False|glide=False|legs=0|activity=Transit|site=3|visits=1
18.021,-6.800,0.100,-7.907,walk|wait=2.05|panic=0.00|target=1|speed=0.45|near=False|yaw=0.0|peeing=False|peeCooldown=125.8|aerial=False|glide=False|legs=0|activity=Transit|site=3|visits=1
18.025,-6.800,0.100,-7.905,walk|wait=2.05|panic=0.00|target=1|speed=0.45|near=False|yaw=0.0|peeing=False|peeCooldown=125.8|aerial=False|glide=False|legs=0|activity=Transit|site=3|visits=1
18.053,-6.800,0.100,-7.893,walk|wait=2.05|panic=0.00|target=1|speed=0.45|near=False|yaw=0.0|peeing=False|peeCooldown=125.8|aerial=False|glide=False|legs=0|activity=Transit|site=3|visits=1
18.056,-6.800,0.100,-7.891,walk|wait=2.05|panic=0.00|target=1|speed=0.45|near=False|yaw=0.0|peeing=False|peeCooldown=125.8|aerial=False|glide=False|legs=0|activity=Transit|site=3|visits=1
18.059,-6.800,0.100,-7.890,walk|wait=2.05|panic=0.00|target=1|speed=0.45|near=False|yaw=0.0|peeing=False|peeCooldown=125.8|aerial=False|glide=False|legs=0|activity=Transit|site=3|visits=1
18.064,-6.800,0.100,-7.888,walk|wait=2.05|panic=0.00|target=1|speed=0.45|near=False|yaw=0.0|peeing=False|peeCooldown=125.8|aerial=False|glide=False|legs=0|activity=Transit|site=3|visits=1
18.067,-6.800,0.100,-7.886,walk|wait=2.05|panic=0.00|target=1|speed=0.45|near=False|yaw=0.0|peeing=False|peeCooldown=125.8|aerial=False|glide=False|legs=0|activity=Transit|site=3|visits=1
18.069,-6.800,0.100,-7.885,walk|wait=2.05|panic=0.00|target=1|speed=0.45|near=False|yaw=0.0|peeing=False|peeCooldown=125.8|aerial=False|glide=False|legs=0|activity=Transit|site=3|visits=1
18.072,-6.800,0.100,-7.884,walk|wait=2.05|panic=0.00|target=1|speed=0.45|near=False|yaw=0.0|peeing=False|peeCooldown=125.8|aerial=False|glide=False|legs=0|activity=Transit|site=3|visits=1
18.078,-6.800,0.100,-7.881,walk|wait=2.05|panic=0.00|target=1|speed=0.45|near=False|yaw=0.0|peeing=False|peeCooldown=125.8|aerial=False|glide=False|legs=0|activity=Transit|site=3|visits=1
18.083,-6.800,0.100,-7.879,walk|wait=2.05|panic=0.00|target=1|speed=0.45|near=False|yaw=0.0|peeing=False|peeCooldown=125.8|aerial=False|glide=False|legs=0|activity=Transit|site=3|visits=1
18.116,-6.800,0.100,-7.864,walk|wait=2.05|panic=0.00|target=1|speed=0.45|near=False|yaw=0.0|peeing=False|peeCooldown=125.7|aerial=False|glide=False|legs=0|activity=Transit|site=3|visits=1
18.122,-6.800,0.100,-7.861,walk|wait=2.05|panic=0.00|target=1|speed=0.45|near=False|yaw=0.0|peeing=False|peeCooldown=125.7|aerial=False|glide=False|legs=0|activity=Transit|site=3|visits=1
18.126,-6.800,0.100,-7.860,walk|wait=2.05|panic=0.00|target=1|speed=0.45|near=False|yaw=0.0|peeing=False|peeCooldown=125.7|aerial=False|glide=False|legs=0|activity=Transit|site=3|visits=1
18.128,-6.800,0.100,-7.859,walk|wait=2.05|panic=0.00|target=1|speed=0.45|near=False|yaw=0.0|peeing=False|peeCooldown=125.7|aerial=False|glide=False|legs=0|activity=Transit|site=3|visits=1
18.131,-6.800,0.100,-7.858,walk|wait=2.05|panic=0.00|target=1|speed=0.45|near=False|yaw=0.0|peeing=False|peeCooldown=125.7|aerial=False|glide=False|legs=0|activity=Transit|site=3|visits=1
18.133,-6.800,0.100,-7.856,walk|wait=2.05|panic=0.00|target=1|speed=0.45|near=False|yaw=0.0|peeing=False|peeCooldown=125.7|aerial=False|glide=False|legs=0|activity=Transit|site=3|visits=1
18.158,-6.800,0.100,-7.845,walk|wait=2.05|panic=0.00|target=1|speed=0.45|near=False|yaw=0.0|peeing=False|peeCooldown=125.7|aerial=False|glide=False|legs=0|activity=Transit|site=3|visits=1
18.162,-6.800,0.100,-7.844,walk|wait=2.05|panic=0.00|target=1|speed=0.45|near=False|yaw=0.0|peeing=False|peeCooldown=125.7|aerial=False|glide=False|legs=0|activity=Transit|site=3|visits=1
18.165,-6.800,0.100,-7.842,walk|wait=2.05|panic=0.00|target=1|speed=0.45|near=False|yaw=0.0|peeing=False|peeCooldown=125.7|aerial=False|glide=False|legs=0|activity=Transit|site=3|visits=1
18.168,-6.800,0.100,-7.841,walk|wait=2.05|panic=0.00|target=1|speed=0.45|near=False|yaw=0.0|peeing=False|peeCooldown=125.7|aerial=False|glide=False|legs=0|activity=Transit|site=3|visits=1
18.172,-6.800,0.100,-7.839,walk|wait=2.05|panic=0.00|target=1|speed=0.45|near=False|yaw=0.0|peeing=False|peeCooldown=125.7|aerial=False|glide=False|legs=0|activity=Transit|site=3|visits=1
18.175,-6.800,0.100,-7.838,walk|wait=2.05|panic=0.00|target=1|speed=0.45|near=False|yaw=0.0|peeing=False|peeCooldown=125.7|aerial=False|glide=False|legs=0|activity=Transit|site=3|visits=1
18.178,-6.800,0.100,-7.836,walk|wait=2.05|panic=0.00|target=1|speed=0.45|near=False|yaw=0.0|peeing=False|peeCooldown=125.7|aerial=False|glide=False|legs=0|activity=Transit|site=3|visits=1
18.185,-6.800,0.100,-7.833,walk|wait=2.05|panic=0.00|target=1|speed=0.45|near=False|yaw=0.0|peeing=False|peeCooldown=125.7|aerial=False|glide=False|legs=0|activity=Transit|site=3|visits=1
18.191,-6.800,0.100,-7.830,walk|wait=2.05|panic=0.00|target=1|speed=0.45|near=False|yaw=0.0|peeing=False|peeCooldown=125.6|aerial=False|glide=False|legs=0|activity=Transit|site=3|visits=1
18.221,-6.800,0.100,-7.817,walk|wait=2.05|panic=0.00|target=1|speed=0.45|near=False|yaw=0.0|peeing=False|peeCooldown=125.6|aerial=False|glide=False|legs=0|activity=Transit|site=3|visits=1
18.227,-6.800,0.100,-7.814,walk|wait=2.05|panic=0.00|target=1|speed=0.45|near=False|yaw=0.0|peeing=False|peeCooldown=125.6|aerial=False|glide=False|legs=0|activity=Transit|site=3|visits=1
18.230,-6.800,0.100,-7.813,walk|wait=2.05|panic=0.00|target=1|speed=0.45|near=False|yaw=0.0|peeing=False|peeCooldown=125.6|aerial=False|glide=False|legs=0|activity=Transit|site=3|visits=1
18.232,-6.800,0.100,-7.812,walk|wait=2.05|panic=0.00|target=1|speed=0.45|near=False|yaw=0.0|peeing=False|peeCooldown=125.6|aerial=False|glide=False|legs=0|activity=Transit|site=3|visits=1
18.235,-6.800,0.100,-7.811,walk|wait=2.05|panic=0.00|target=1|speed=0.45|near=False|yaw=0.0|peeing=False|peeCooldown=125.6|aerial=False|glide=False|legs=0|activity=Transit|site=3|visits=1
18.238,-6.800,0.100,-7.809,walk|wait=2.05|panic=0.00|target=1|speed=0.45|near=False|yaw=0.0|peeing=False|peeCooldown=125.6|aerial=False|glide=False|legs=0|activity=Transit|site=3|visits=1
18.240,-6.800,0.100,-7.808,walk|wait=2.05|panic=0.00|target=1|speed=0.45|near=False|yaw=0.0|peeing=False|peeCooldown=125.6|aerial=False|glide=False|legs=0|activity=Transit|site=3|visits=1
18.267,-6.800,0.100,-7.796,walk|wait=2.05|panic=0.00|target=1|speed=0.45|near=False|yaw=0.0|peeing=False|peeCooldown=125.6|aerial=False|glide=False|legs=0|activity=Transit|site=3|visits=1
18.270,-6.800,0.100,-7.795,walk|wait=2.05|panic=0.00|target=1|speed=0.45|near=False|yaw=0.0|peeing=False|peeCooldown=125.6|aerial=False|glide=False|legs=0|activity=Transit|site=3|visits=1
18.273,-6.800,0.100,-7.793,walk|wait=2.05|panic=0.00|target=1|speed=0.45|near=False|yaw=0.0|peeing=False|peeCooldown=125.6|aerial=False|glide=False|legs=0|activity=Transit|site=3|visits=1
18.278,-6.800,0.100,-7.791,walk|wait=2.05|panic=0.00|target=1|speed=0.45|near=False|yaw=0.0|peeing=False|peeCooldown=125.6|aerial=False|glide=False|legs=0|activity=Transit|site=3|visits=1
18.281,-6.800,0.100,-7.790,walk|wait=2.05|panic=0.00|target=1|speed=0.45|near=False|yaw=0.0|peeing=False|peeCooldown=125.6|aerial=False|glide=False|legs=0|activity=Transit|site=3|visits=1
18.284,-6.800,0.100,-7.789,walk|wait=2.05|panic=0.00|target=1|speed=0.45|near=False|yaw=0.0|peeing=False|peeCooldown=125.6|aerial=False|glide=False|legs=0|activity=Transit|site=3|visits=1
18.287,-6.800,0.100,-7.787,walk|wait=2.05|panic=0.00|target=1|speed=0.45|near=False|yaw=0.0|peeing=False|peeCooldown=125.5|aerial=False|glide=False|legs=0|activity=Transit|site=3|visits=1
18.289,-6.800,0.100,-7.786,walk|wait=2.05|panic=0.00|target=1|speed=0.45|near=False|yaw=0.0|peeing=False|peeCooldown=125.5|aerial=False|glide=False|legs=0|activity=Transit|site=3|visits=1
18.293,-6.800,0.100,-7.784,walk|wait=2.05|panic=0.00|target=1|speed=0.45|near=False|yaw=0.0|peeing=False|peeCooldown=125.5|aerial=False|glide=False|legs=0|activity=Transit|site=3|visits=1
18.326,-6.800,0.100,-7.770,walk|wait=2.05|panic=0.00|target=1|speed=0.45|near=False|yaw=0.0|peeing=False|peeCooldown=125.5|aerial=False|glide=False|legs=0|activity=Transit|site=3|visits=1
18.332,-6.800,0.100,-7.767,walk|wait=2.05|panic=0.00|target=1|speed=0.45|near=False|yaw=0.0|peeing=False|peeCooldown=125.5|aerial=False|glide=False|legs=0|activity=Transit|site=3|visits=1
18.336,-6.800,0.100,-7.765,walk|wait=2.05|panic=0.00|target=1|speed=0.45|near=False|yaw=0.0|peeing=False|peeCooldown=125.5|aerial=False|glide=False|legs=0|activity=Transit|site=3|visits=1
18.339,-6.800,0.100,-7.764,walk|wait=2.05|panic=0.00|target=1|speed=0.45|near=False|yaw=0.0|peeing=False|peeCooldown=125.5|aerial=False|glide=False|legs=0|activity=Transit|site=3|visits=1
18.341,-6.800,0.100,-7.763,walk|wait=2.05|panic=0.00|target=1|speed=0.45|near=False|yaw=0.0|peeing=False|peeCooldown=125.5|aerial=False|glide=False|legs=0|activity=Transit|site=3|visits=1
18.345,-6.800,0.100,-7.761,walk|wait=2.05|panic=0.00|target=1|speed=0.45|near=False|yaw=0.0|peeing=False|peeCooldown=125.5|aerial=False|glide=False|legs=0|activity=Transit|site=3|visits=1
18.370,-6.800,0.100,-7.750,walk|wait=2.05|panic=0.00|target=1|speed=0.45|near=False|yaw=0.0|peeing=False|peeCooldown=125.5|aerial=False|glide=False|legs=0|activity=Transit|site=3|visits=1
18.373,-6.800,0.100,-7.748,walk|wait=2.05|panic=0.00|target=1|speed=0.45|near=False|yaw=0.0|peeing=False|peeCooldown=125.5|aerial=False|glide=False|legs=0|activity=Transit|site=3|visits=1
18.376,-6.800,0.100,-7.747,walk|wait=2.05|panic=0.00|target=1|speed=0.45|near=False|yaw=0.0|peeing=False|peeCooldown=125.5|aerial=False|glide=False|legs=0|activity=Transit|site=3|visits=1
18.381,-6.800,0.100,-7.745,walk|wait=2.05|panic=0.00|target=1|speed=0.45|near=False|yaw=0.0|peeing=False|peeCooldown=125.5|aerial=False|glide=False|legs=0|activity=Transit|site=3|visits=1
18.384,-6.800,0.100,-7.744,walk|wait=2.05|panic=0.00|target=1|speed=0.45|near=False|yaw=0.0|peeing=False|peeCooldown=125.5|aerial=False|glide=False|legs=0|activity=Transit|site=3|visits=1
18.387,-6.800,0.100,-7.742,walk|wait=2.05|panic=0.00|target=1|speed=0.45|near=False|yaw=0.0|peeing=False|peeCooldown=125.4|aerial=False|glide=False|legs=0|activity=Transit|site=3|visits=1
18.389,-6.800,0.100,-7.741,walk|wait=2.05|panic=0.00|target=1|speed=0.45|near=False|yaw=0.0|peeing=False|peeCooldown=125.4|aerial=False|glide=False|legs=0|activity=Transit|site=3|visits=1
18.392,-6.800,0.100,-7.740,walk|wait=2.05|panic=0.00|target=1|speed=0.45|near=False|yaw=0.0|peeing=False|peeCooldown=125.4|aerial=False|glide=False|legs=0|activity=Transit|site=3|visits=1
18.397,-6.800,0.100,-7.738,walk|wait=2.05|panic=0.00|target=1|speed=0.45|near=False|yaw=0.0|peeing=False|peeCooldown=125.4|aerial=False|glide=False|legs=0|activity=Transit|site=3|visits=1
18.430,-6.800,0.100,-7.723,walk|wait=2.05|panic=0.00|target=1|speed=0.45|near=False|yaw=0.0|peeing=False|peeCooldown=125.4|aerial=False|glide=False|legs=0|activity=Transit|site=3|visits=1
18.436,-6.800,0.100,-7.720,walk|wait=2.05|panic=0.00|target=1|speed=0.45|near=False|yaw=0.0|peeing=False|peeCooldown=125.4|aerial=False|glide=False|legs=0|activity=Transit|site=3|visits=1
18.438,-6.800,0.100,-7.719,walk|wait=2.05|panic=0.00|target=1|speed=0.45|near=False|yaw=0.0|peeing=False|peeCooldown=125.4|aerial=False|glide=False|legs=0|activity=Transit|site=3|visits=1
18.441,-6.800,0.100,-7.718,walk|wait=2.05|panic=0.00|target=1|speed=0.45|near=False|yaw=0.0|peeing=False|peeCooldown=125.4|aerial=False|glide=False|legs=0|activity=Transit|site=3|visits=1
18.444,-6.800,0.100,-7.716,walk|wait=2.05|panic=0.00|target=1|speed=0.45|near=False|yaw=0.0|peeing=False|peeCooldown=125.4|aerial=False|glide=False|legs=0|activity=Transit|site=3|visits=1
18.447,-6.800,0.100,-7.715,walk|wait=2.05|panic=0.00|target=1|speed=0.45|near=False|yaw=0.0|peeing=False|peeCooldown=125.4|aerial=False|glide=False|legs=0|activity=Transit|site=3|visits=1
18.472,-6.800,0.100,-7.704,walk|wait=2.05|panic=0.00|target=1|speed=0.45|near=False|yaw=0.0|peeing=False|peeCooldown=125.4|aerial=False|glide=False|legs=0|activity=Transit|site=3|visits=1
18.476,-6.800,0.100,-7.702,walk|wait=2.05|panic=0.00|target=1|speed=0.45|near=False|yaw=0.0|peeing=False|peeCooldown=125.4|aerial=False|glide=False|legs=0|activity=Transit|site=3|visits=1
18.479,-6.800,0.100,-7.701,walk|wait=2.05|panic=0.00|target=1|speed=0.45|near=False|yaw=0.0|peeing=False|peeCooldown=125.4|aerial=False|glide=False|legs=0|activity=Transit|site=3|visits=1
18.481,-6.800,0.100,-7.700,walk|wait=2.05|panic=0.00|target=1|speed=0.45|near=False|yaw=0.0|peeing=False|peeCooldown=125.4|aerial=False|glide=False|legs=0|activity=Transit|site=3|visits=1
18.487,-6.800,0.100,-7.697,walk|wait=2.05|panic=0.00|target=1|speed=0.45|near=False|yaw=0.0|peeing=False|peeCooldown=125.3|aerial=False|glide=False|legs=0|activity=Transit|site=3|visits=1
18.489,-6.800,0.100,-7.696,walk|wait=2.05|panic=0.00|target=1|speed=0.45|near=False|yaw=0.0|peeing=False|peeCooldown=125.3|aerial=False|glide=False|legs=0|activity=Transit|site=3|visits=1
18.495,-6.800,0.100,-7.694,walk|wait=2.05|panic=0.00|target=1|speed=0.45|near=False|yaw=0.0|peeing=False|peeCooldown=125.3|aerial=False|glide=False|legs=0|activity=Transit|site=3|visits=1
18.501,-6.800,0.100,-7.691,walk|wait=2.05|panic=0.00|target=1|speed=0.45|near=False|yaw=0.0|peeing=False|peeCooldown=125.3|aerial=False|glide=False|legs=0|activity=Transit|site=3|visits=1
18.537,-6.800,0.100,-7.674,walk|wait=2.05|panic=0.00|target=1|speed=0.45|near=False|yaw=0.0|peeing=False|peeCooldown=125.3|aerial=False|glide=False|legs=0|activity=Transit|site=3|visits=1
18.543,-6.800,0.100,-7.672,walk|wait=2.05|panic=0.00|target=1|speed=0.45|near=False|yaw=0.0|peeing=False|peeCooldown=125.3|aerial=False|glide=False|legs=0|activity=Transit|site=3|visits=1
18.547,-6.800,0.100,-7.670,walk|wait=2.05|panic=0.00|target=1|speed=0.45|near=False|yaw=0.0|peeing=False|peeCooldown=125.3|aerial=False|glide=False|legs=0|activity=Transit|site=3|visits=1
18.549,-6.800,0.100,-7.669,walk|wait=2.05|panic=0.00|target=1|speed=0.45|near=False|yaw=0.0|peeing=False|peeCooldown=125.3|aerial=False|glide=False|legs=0|activity=Transit|site=3|visits=1
18.575,-6.800,0.100,-7.658,walk|wait=2.05|panic=0.00|target=1|speed=0.45|near=False|yaw=0.0|peeing=False|peeCooldown=125.3|aerial=False|glide=False|legs=0|activity=Transit|site=3|visits=1
18.578,-6.800,0.100,-7.656,walk|wait=2.05|panic=0.00|target=1|speed=0.45|near=False|yaw=0.0|peeing=False|peeCooldown=125.3|aerial=False|glide=False|legs=0|activity=Transit|site=3|visits=1
18.580,-6.800,0.100,-7.655,walk|wait=2.05|panic=0.00|target=1|speed=0.45|near=False|yaw=0.0|peeing=False|peeCooldown=125.3|aerial=False|glide=False|legs=0|activity=Transit|site=3|visits=1
18.584,-6.800,0.100,-7.654,walk|wait=2.05|panic=0.00|target=1|speed=0.45|near=False|yaw=0.0|peeing=False|peeCooldown=125.3|aerial=False|glide=False|legs=0|activity=Transit|site=3|visits=1
18.586,-6.800,0.100,-7.653,walk|wait=2.05|panic=0.00|target=1|speed=0.45|near=False|yaw=0.0|peeing=False|peeCooldown=125.2|aerial=False|glide=False|legs=0|activity=Transit|site=3|visits=1
18.589,-6.800,0.100,-7.652,walk|wait=2.05|panic=0.00|target=1|speed=0.45|near=False|yaw=0.0|peeing=False|peeCooldown=125.2|aerial=False|glide=False|legs=0|activity=Transit|site=3|visits=1
18.593,-6.800,0.100,-7.650,walk|wait=2.05|panic=0.00|target=1|speed=0.45|near=False|yaw=0.0|peeing=False|peeCooldown=125.2|aerial=False|glide=False|legs=0|activity=Transit|site=3|visits=1
18.595,-6.800,0.100,-7.649,walk|wait=2.05|panic=0.00|target=1|speed=0.45|near=False|yaw=0.0|peeing=False|peeCooldown=125.2|aerial=False|glide=False|legs=0|activity=Transit|site=3|visits=1
18.599,-6.800,0.100,-7.647,walk|wait=2.05|panic=0.00|target=1|speed=0.45|near=False|yaw=0.0|peeing=False|peeCooldown=125.2|aerial=False|glide=False|legs=0|activity=Transit|site=3|visits=1
18.602,-6.800,0.100,-7.646,walk|wait=2.05|panic=0.00|target=1|speed=0.45|near=False|yaw=0.0|peeing=False|peeCooldown=125.2|aerial=False|glide=False|legs=0|activity=Transit|site=3|visits=1
18.636,-6.800,0.100,-7.630,walk|wait=2.05|panic=0.00|target=1|speed=0.45|near=False|yaw=0.0|peeing=False|peeCooldown=125.2|aerial=False|glide=False|legs=0|activity=Transit|site=3|visits=1
18.640,-6.800,0.100,-7.628,walk|wait=2.05|panic=0.00|target=1|speed=0.45|near=False|yaw=0.0|peeing=False|peeCooldown=125.2|aerial=False|glide=False|legs=0|activity=Transit|site=3|visits=1
18.644,-6.800,0.100,-7.626,walk|wait=2.05|panic=0.00|target=1|speed=0.45|near=False|yaw=0.0|peeing=False|peeCooldown=125.2|aerial=False|glide=False|legs=0|activity=Transit|site=3|visits=1
18.648,-6.800,0.100,-7.625,walk|wait=2.05|panic=0.00|target=1|speed=0.45|near=False|yaw=0.0|peeing=False|peeCooldown=125.2|aerial=False|glide=False|legs=0|activity=Transit|site=3|visits=1
18.651,-6.800,0.100,-7.623,walk|wait=2.05|panic=0.00|target=1|speed=0.45|near=False|yaw=0.0|peeing=False|peeCooldown=125.2|aerial=False|glide=False|legs=0|activity=Transit|site=3|visits=1
18.654,-6.800,0.100,-7.622,walk|wait=2.05|panic=0.00|target=1|speed=0.45|near=False|yaw=0.0|peeing=False|peeCooldown=125.2|aerial=False|glide=False|legs=0|activity=Transit|site=3|visits=1
18.681,-6.800,0.100,-7.610,walk|wait=2.05|panic=0.00|target=1|speed=0.45|near=False|yaw=0.0|peeing=False|peeCooldown=125.2|aerial=False|glide=False|legs=0|activity=Transit|site=3|visits=1
18.686,-6.800,0.100,-7.608,walk|wait=2.05|panic=0.00|target=1|speed=0.45|near=False|yaw=0.0|peeing=False|peeCooldown=125.2|aerial=False|glide=False|legs=0|activity=Transit|site=3|visits=1
18.689,-6.800,0.100,-7.606,walk|wait=2.05|panic=0.00|target=1|speed=0.45|near=False|yaw=0.0|peeing=False|peeCooldown=125.1|aerial=False|glide=False|legs=0|activity=Transit|site=3|visits=1
18.692,-6.800,0.100,-7.605,walk|wait=2.05|panic=0.00|target=1|speed=0.45|near=False|yaw=0.0|peeing=False|peeCooldown=125.1|aerial=False|glide=False|legs=0|activity=Transit|site=3|visits=1
18.698,-6.800,0.100,-7.602,walk|wait=2.05|panic=0.00|target=1|speed=0.45|near=False|yaw=0.0|peeing=False|peeCooldown=125.1|aerial=False|glide=False|legs=0|activity=Transit|site=3|visits=1
18.701,-6.800,0.100,-7.601,walk|wait=2.05|panic=0.00|target=1|speed=0.45|near=False|yaw=0.0|peeing=False|peeCooldown=125.1|aerial=False|glide=False|legs=0|activity=Transit|site=3|visits=1
18.704,-6.800,0.100,-7.600,walk|wait=2.05|panic=0.00|target=1|speed=0.45|near=False|yaw=0.0|peeing=False|peeCooldown=125.1|aerial=False|glide=False|legs=0|activity=Transit|site=3|visits=1
18.730,-6.800,0.100,-7.588,walk|wait=2.05|panic=0.00|target=1|speed=0.45|near=False|yaw=0.0|peeing=False|peeCooldown=125.1|aerial=False|glide=False|legs=0|activity=Transit|site=3|visits=1
18.734,-6.800,0.100,-7.586,walk|wait=2.05|panic=0.00|target=1|speed=0.45|near=False|yaw=0.0|peeing=False|peeCooldown=125.1|aerial=False|glide=False|legs=0|activity=Transit|site=3|visits=1
18.742,-6.800,0.100,-7.583,walk|wait=2.05|panic=0.00|target=1|speed=0.45|near=False|yaw=0.0|peeing=False|peeCooldown=125.1|aerial=False|glide=False|legs=0|activity=Transit|site=3|visits=1
18.747,-6.800,0.100,-7.580,walk|wait=2.05|panic=0.00|target=1|speed=0.45|near=False|yaw=0.0|peeing=False|peeCooldown=125.1|aerial=False|glide=False|legs=0|activity=Transit|site=3|visits=1
18.752,-6.800,0.100,-7.578,walk|wait=2.05|panic=0.00|target=1|speed=0.45|near=False|yaw=0.0|peeing=False|peeCooldown=125.1|aerial=False|glide=False|legs=0|activity=Transit|site=3|visits=1
18.754,-6.800,0.100,-7.577,walk|wait=2.05|panic=0.00|target=1|speed=0.45|near=False|yaw=0.0|peeing=False|peeCooldown=125.1|aerial=False|glide=False|legs=0|activity=Transit|site=3|visits=1
18.781,-6.800,0.100,-7.565,walk|wait=2.05|panic=0.00|target=1|speed=0.45|near=False|yaw=0.0|peeing=False|peeCooldown=125.1|aerial=False|glide=False|legs=0|activity=Transit|site=3|visits=1
18.786,-6.800,0.100,-7.563,walk|wait=2.05|panic=0.00|target=1|speed=0.45|near=False|yaw=0.0|peeing=False|peeCooldown=125.1|aerial=False|glide=False|legs=0|activity=Transit|site=3|visits=1
18.789,-6.800,0.100,-7.561,walk|wait=2.05|panic=0.00|target=1|speed=0.45|near=False|yaw=0.0|peeing=False|peeCooldown=125.0|aerial=False|glide=False|legs=0|activity=Transit|site=3|visits=1
18.791,-6.800,0.100,-7.560,walk|wait=2.05|panic=0.00|target=1|speed=0.45|near=False|yaw=0.0|peeing=False|peeCooldown=125.0|aerial=False|glide=False|legs=0|activity=Transit|site=3|visits=1
18.794,-6.800,0.100,-7.559,walk|wait=2.05|panic=0.00|target=1|speed=0.45|near=False|yaw=0.0|peeing=False|peeCooldown=125.0|aerial=False|glide=False|legs=0|activity=Transit|site=3|visits=1
18.797,-6.800,0.100,-7.558,walk|wait=2.05|panic=0.00|target=1|speed=0.45|near=False|yaw=0.0|peeing=False|peeCooldown=125.0|aerial=False|glide=False|legs=0|activity=Transit|site=3|visits=1
18.805,-6.800,0.100,-7.554,walk|wait=2.05|panic=0.00|target=1|speed=0.45|near=False|yaw=0.0|peeing=False|peeCooldown=125.0|aerial=False|glide=False|legs=0|activity=Transit|site=3|visits=1
18.811,-6.800,0.100,-7.551,walk|wait=2.05|panic=0.00|target=1|speed=0.45|near=False|yaw=0.0|peeing=False|peeCooldown=125.0|aerial=False|glide=False|legs=0|activity=Transit|site=3|visits=1
18.844,-6.800,0.100,-7.537,walk|wait=2.05|panic=0.00|target=1|speed=0.45|near=False|yaw=0.0|peeing=False|peeCooldown=125.0|aerial=False|glide=False|legs=0|activity=Transit|site=3|visits=1
18.853,-6.800,0.100,-7.532,walk|wait=2.05|panic=0.00|target=1|speed=0.45|near=False|yaw=0.0|peeing=False|peeCooldown=125.0|aerial=False|glide=False|legs=0|activity=Transit|site=3|visits=1
18.857,-6.800,0.100,-7.531,walk|wait=2.05|panic=0.00|target=1|speed=0.45|near=False|yaw=0.0|peeing=False|peeCooldown=125.0|aerial=False|glide=False|legs=0|activity=Transit|site=3|visits=1
18.862,-6.800,0.100,-7.529,walk|wait=2.05|panic=0.00|target=1|speed=0.45|near=False|yaw=0.0|peeing=False|peeCooldown=125.0|aerial=False|glide=False|legs=0|activity=Transit|site=3|visits=1
18.887,-6.800,0.100,-7.517,walk|wait=2.05|panic=0.00|target=1|speed=0.45|near=False|yaw=0.0|peeing=False|peeCooldown=124.9|aerial=False|glide=False|legs=0|activity=Transit|site=3|visits=1
18.891,-6.800,0.100,-7.515,walk|wait=2.05|panic=0.00|target=1|speed=0.45|near=False|yaw=0.0|peeing=False|peeCooldown=124.9|aerial=False|glide=False|legs=0|activity=Transit|site=3|visits=1
18.895,-6.800,0.100,-7.514,walk|wait=2.05|panic=0.00|target=1|speed=0.45|near=False|yaw=0.0|peeing=False|peeCooldown=124.9|aerial=False|glide=False|legs=0|activity=Transit|site=3|visits=1
18.897,-6.800,0.100,-7.513,walk|wait=2.05|panic=0.00|target=1|speed=0.45|near=False|yaw=0.0|peeing=False|peeCooldown=124.9|aerial=False|glide=False|legs=0|activity=Transit|site=3|visits=1
18.900,-6.800,0.100,-7.511,walk|wait=2.05|panic=0.00|target=1|speed=0.45|near=False|yaw=0.0|peeing=False|peeCooldown=124.9|aerial=False|glide=False|legs=0|activity=Transit|site=3|visits=1
18.903,-6.800,0.100,-7.510,walk|wait=2.05|panic=0.00|target=1|speed=0.45|near=False|yaw=0.0|peeing=False|peeCooldown=124.9|aerial=False|glide=False|legs=0|activity=Transit|site=3|visits=1
18.906,-6.800,0.100,-7.509,walk|wait=2.05|panic=0.00|target=1|speed=0.45|near=False|yaw=0.0|peeing=False|peeCooldown=124.9|aerial=False|glide=False|legs=0|activity=Transit|site=3|visits=1
18.909,-6.800,0.100,-7.507,walk|wait=2.05|panic=0.00|target=1|speed=0.45|near=False|yaw=0.0|peeing=False|peeCooldown=124.9|aerial=False|glide=False|legs=0|activity=Transit|site=3|visits=1
18.915,-6.800,0.100,-7.505,walk|wait=2.05|panic=0.00|target=1|speed=0.45|near=False|yaw=0.0|peeing=False|peeCooldown=124.9|aerial=False|glide=False|legs=0|activity=Transit|site=3|visits=1
18.946,-6.800,0.100,-7.500,walk|wait=2.05|panic=0.00|target=1|speed=0.45|near=False|yaw=0.0|peeing=False|peeCooldown=124.9|aerial=False|glide=False|legs=0|activity=Transit|site=3|visits=1
18.950,-6.800,0.100,-7.500,walk|wait=2.05|panic=0.00|target=1|speed=0.45|near=False|yaw=0.0|peeing=False|peeCooldown=124.9|aerial=False|glide=False|legs=0|activity=Transit|site=3|visits=1
18.952,-6.800,0.100,-7.499,walk|wait=2.05|panic=0.00|target=1|speed=0.45|near=False|yaw=0.0|peeing=False|peeCooldown=124.9|aerial=False|glide=False|legs=0|activity=Transit|site=3|visits=1
18.959,-6.800,0.100,-7.496,walk|wait=2.05|panic=0.00|target=1|speed=0.45|near=False|yaw=0.0|peeing=False|peeCooldown=124.9|aerial=False|glide=False|legs=0|activity=Transit|site=3|visits=1
18.964,-6.800,0.100,-7.494,walk|wait=2.05|panic=0.00|target=1|speed=0.45|near=False|yaw=0.0|peeing=False|peeCooldown=124.9|aerial=False|glide=False|legs=0|activity=Transit|site=3|visits=1
18.989,-6.800,0.100,-7.482,walk|wait=2.05|panic=0.00|target=1|speed=0.45|near=False|yaw=0.0|peeing=False|peeCooldown=124.8|aerial=False|glide=False|legs=0|activity=Transit|site=3|visits=1
18.993,-6.800,0.100,-7.481,walk|wait=2.05|panic=0.00|target=1|speed=0.45|near=False|yaw=0.0|peeing=False|peeCooldown=124.8|aerial=False|glide=False|legs=0|activity=Transit|site=3|visits=1
18.995,-6.800,0.100,-7.479,walk|wait=2.05|panic=0.00|target=1|speed=0.45|near=False|yaw=0.0|peeing=False|peeCooldown=124.8|aerial=False|glide=False|legs=0|activity=Transit|site=3|visits=1
18.998,-6.800,0.100,-7.478,walk|wait=2.05|panic=0.00|target=1|speed=0.45|near=False|yaw=0.0|peeing=False|peeCooldown=124.8|aerial=False|glide=False|legs=0|activity=Transit|site=3|visits=1
19.000,-6.800,0.100,-7.477,walk|wait=2.05|panic=0.00|target=1|speed=0.45|near=False|yaw=0.0|peeing=False|peeCooldown=124.8|aerial=False|glide=False|legs=0|activity=Transit|site=3|visits=1
19.004,-6.800,0.100,-7.476,walk|wait=2.05|panic=0.00|target=1|speed=0.45|near=False|yaw=0.0|peeing=False|peeCooldown=124.8|aerial=False|glide=False|legs=0|activity=Transit|site=3|visits=1
19.007,-6.800,0.100,-7.474,walk|wait=2.05|panic=0.00|target=1|speed=0.45|near=False|yaw=0.0|peeing=False|peeCooldown=124.8|aerial=False|glide=False|legs=0|activity=Transit|site=3|visits=1
19.009,-6.800,0.100,-7.473,walk|wait=2.05|panic=0.00|target=1|speed=0.45|near=False|yaw=0.0|peeing=False|peeCooldown=124.8|aerial=False|glide=False|legs=0|activity=Transit|site=3|visits=1
19.015,-6.800,0.100,-7.470,walk|wait=2.05|panic=0.00|target=1|speed=0.45|near=False|yaw=0.0|peeing=False|peeCooldown=124.8|aerial=False|glide=False|legs=0|activity=Transit|site=3|visits=1
19.018,-6.800,0.100,-7.469,walk|wait=2.05|panic=0.00|target=1|speed=0.45|near=False|yaw=0.0|peeing=False|peeCooldown=124.8|aerial=False|glide=False|legs=0|activity=Transit|site=3|visits=1
19.049,-6.800,0.100,-7.455,walk|wait=2.05|panic=0.00|target=1|speed=0.45|near=False|yaw=0.0|peeing=False|peeCooldown=124.8|aerial=False|glide=False|legs=0|activity=Transit|site=3|visits=1
19.053,-6.800,0.100,-7.454,walk|wait=2.05|panic=0.00|target=1|speed=0.45|near=False|yaw=0.0|peeing=False|peeCooldown=124.8|aerial=False|glide=False|legs=0|activity=Transit|site=3|visits=1
19.055,-6.800,0.100,-7.452,walk|wait=2.05|panic=0.00|target=1|speed=0.45|near=False|yaw=0.0|peeing=False|peeCooldown=124.8|aerial=False|glide=False|legs=0|activity=Transit|site=3|visits=1
19.058,-6.800,0.100,-7.451,walk|wait=2.05|panic=0.00|target=1|speed=0.45|near=False|yaw=0.0|peeing=False|peeCooldown=124.8|aerial=False|glide=False|legs=0|activity=Transit|site=3|visits=1
19.060,-6.800,0.100,-7.450,walk|wait=2.05|panic=0.00|target=1|speed=0.45|near=False|yaw=0.0|peeing=False|peeCooldown=124.8|aerial=False|glide=False|legs=0|activity=Transit|site=3|visits=1
19.068,-6.800,0.100,-7.447,walk|wait=2.05|panic=0.00|target=1|speed=0.45|near=False|yaw=0.0|peeing=False|peeCooldown=124.8|aerial=False|glide=False|legs=0|activity=Transit|site=3|visits=1
19.073,-6.800,0.100,-7.444,walk|wait=2.05|panic=0.00|target=1|speed=0.45|near=False|yaw=0.0|peeing=False|peeCooldown=124.8|aerial=False|glide=False|legs=0|activity=Transit|site=3|visits=1
19.099,-6.800,0.100,-7.433,walk|wait=2.05|panic=0.00|target=1|speed=0.45|near=False|yaw=0.0|peeing=False|peeCooldown=124.7|aerial=False|glide=False|legs=0|activity=Transit|site=3|visits=1
19.102,-6.800,0.100,-7.431,walk|wait=2.05|panic=0.00|target=1|speed=0.45|near=False|yaw=0.0|peeing=False|peeCooldown=124.7|aerial=False|glide=False|legs=0|activity=Transit|site=3|visits=1
19.105,-6.800,0.100,-7.430,walk|wait=2.05|panic=0.00|target=1|speed=0.45|near=False|yaw=0.0|peeing=False|peeCooldown=124.7|aerial=False|glide=False|legs=0|activity=Transit|site=3|visits=1
19.108,-6.800,0.100,-7.429,walk|wait=2.05|panic=0.00|target=1|speed=0.45|near=False|yaw=0.0|peeing=False|peeCooldown=124.7|aerial=False|glide=False|legs=0|activity=Transit|site=3|visits=1
19.114,-6.800,0.100,-7.426,walk|wait=2.05|panic=0.00|target=1|speed=0.45|near=False|yaw=0.0|peeing=False|peeCooldown=124.7|aerial=False|glide=False|legs=0|activity=Transit|site=3|visits=1
19.119,-6.800,0.100,-7.424,walk|wait=2.05|panic=0.00|target=1|speed=0.45|near=False|yaw=0.0|peeing=False|peeCooldown=124.7|aerial=False|glide=False|legs=0|activity=Transit|site=3|visits=1
19.121,-6.800,0.100,-7.423,walk|wait=2.05|panic=0.00|target=1|speed=0.45|near=False|yaw=0.0|peeing=False|peeCooldown=124.7|aerial=False|glide=False|legs=0|activity=Transit|site=3|visits=1
19.124,-6.800,0.100,-7.421,walk|wait=2.05|panic=0.00|target=1|speed=0.45|near=False|yaw=0.0|peeing=False|peeCooldown=124.7|aerial=False|glide=False|legs=0|activity=Transit|site=3|visits=1
19.156,-6.800,0.100,-7.407,walk|wait=2.05|panic=0.00|target=1|speed=0.45|near=False|yaw=0.0|peeing=False|peeCooldown=124.7|aerial=False|glide=False|legs=0|activity=Transit|site=3|visits=1
19.159,-6.800,0.100,-7.406,walk|wait=2.05|panic=0.00|target=1|speed=0.45|near=False|yaw=0.0|peeing=False|peeCooldown=124.7|aerial=False|glide=False|legs=0|activity=Transit|site=3|visits=1
19.161,-6.800,0.100,-7.405,walk|wait=2.05|panic=0.00|target=1|speed=0.45|near=False|yaw=0.0|peeing=False|peeCooldown=124.7|aerial=False|glide=False|legs=0|activity=Transit|site=3|visits=1
19.165,-6.800,0.100,-7.403,walk|wait=2.05|panic=0.00|target=1|speed=0.45|near=False|yaw=0.0|peeing=False|peeCooldown=124.7|aerial=False|glide=False|legs=0|activity=Transit|site=3|visits=1
19.169,-6.800,0.100,-7.401,walk|wait=2.05|panic=0.00|target=1|speed=0.45|near=False|yaw=0.0|peeing=False|peeCooldown=124.7|aerial=False|glide=False|legs=0|activity=Transit|site=3|visits=1
19.175,-6.800,0.100,-7.399,walk|wait=2.05|panic=0.00|target=1|speed=0.45|near=False|yaw=0.0|peeing=False|peeCooldown=124.7|aerial=False|glide=False|legs=0|activity=Transit|site=3|visits=1
19.179,-6.800,0.100,-7.397,walk|wait=2.05|panic=0.00|target=1|speed=0.45|near=False|yaw=0.0|peeing=False|peeCooldown=124.7|aerial=False|glide=False|legs=0|activity=Transit|site=3|visits=1
19.204,-6.800,0.100,-7.385,walk|wait=2.05|panic=0.00|target=1|speed=0.45|near=False|yaw=0.0|peeing=False|peeCooldown=124.6|aerial=False|glide=False|legs=0|activity=Transit|site=3|visits=1
19.208,-6.800,0.100,-7.384,walk|wait=2.05|panic=0.00|target=1|speed=0.45|near=False|yaw=0.0|peeing=False|peeCooldown=124.6|aerial=False|glide=False|legs=0|activity=Transit|site=3|visits=1
19.211,-6.800,0.100,-7.382,walk|wait=2.05|panic=0.00|target=1|speed=0.45|near=False|yaw=0.0|peeing=False|peeCooldown=124.6|aerial=False|glide=False|legs=0|activity=Transit|site=3|visits=1
19.213,-6.800,0.100,-7.381,walk|wait=2.05|panic=0.00|target=1|speed=0.45|near=False|yaw=0.0|peeing=False|peeCooldown=124.6|aerial=False|glide=False|legs=0|activity=Transit|site=3|visits=1
19.216,-6.800,0.100,-7.380,walk|wait=2.05|panic=0.00|target=1|speed=0.45|near=False|yaw=0.0|peeing=False|peeCooldown=124.6|aerial=False|glide=False|legs=0|activity=Transit|site=3|visits=1
19.221,-6.800,0.100,-7.378,walk|wait=2.05|panic=0.00|target=1|speed=0.45|near=False|yaw=0.0|peeing=False|peeCooldown=124.6|aerial=False|glide=False|legs=0|activity=Transit|site=3|visits=1
19.224,-6.800,0.100,-7.377,walk|wait=2.05|panic=0.00|target=1|speed=0.45|near=False|yaw=0.0|peeing=False|peeCooldown=124.6|aerial=False|glide=False|legs=0|activity=Transit|site=3|visits=1
19.226,-6.800,0.100,-7.375,walk|wait=2.05|panic=0.00|target=1|speed=0.45|near=False|yaw=0.0|peeing=False|peeCooldown=124.6|aerial=False|glide=False|legs=0|activity=Transit|site=3|visits=1
19.230,-6.800,0.100,-7.374,walk|wait=2.05|panic=0.00|target=1|speed=0.45|near=False|yaw=0.0|peeing=False|peeCooldown=124.6|aerial=False|glide=False|legs=0|activity=Transit|site=3|visits=1
19.261,-6.800,0.100,-7.360,walk|wait=2.05|panic=0.00|target=1|speed=0.45|near=False|yaw=0.0|peeing=False|peeCooldown=124.6|aerial=False|glide=False|legs=0|activity=Transit|site=3|visits=1
19.265,-6.800,0.100,-7.358,walk|wait=2.05|panic=0.00|target=1|speed=0.45|near=False|yaw=0.0|peeing=False|peeCooldown=124.6|aerial=False|glide=False|legs=0|activity=Transit|site=3|visits=1
19.268,-6.800,0.100,-7.357,walk|wait=2.05|panic=0.00|target=1|speed=0.45|near=False|yaw=0.0|peeing=False|peeCooldown=124.6|aerial=False|glide=False|legs=0|activity=Transit|site=3|visits=1
19.272,-6.800,0.100,-7.355,walk|wait=2.05|panic=0.00|target=1|speed=0.45|near=False|yaw=0.0|peeing=False|peeCooldown=124.6|aerial=False|glide=False|legs=0|activity=Transit|site=3|visits=1
19.274,-6.800,0.100,-7.354,walk|wait=2.05|panic=0.00|target=1|speed=0.45|near=False|yaw=0.0|peeing=False|peeCooldown=124.6|aerial=False|glide=False|legs=0|activity=Transit|site=3|visits=1
19.280,-6.800,0.100,-7.351,walk|wait=2.05|panic=0.00|target=1|speed=0.45|near=False|yaw=0.0|peeing=False|peeCooldown=124.6|aerial=False|glide=False|legs=0|activity=Transit|site=3|visits=1
19.285,-6.800,0.100,-7.349,walk|wait=2.05|panic=0.00|target=1|speed=0.45|near=False|yaw=0.0|peeing=False|peeCooldown=124.6|aerial=False|glide=False|legs=0|activity=Transit|site=3|visits=1
19.310,-6.800,0.100,-7.338,walk|wait=2.05|panic=0.00|target=1|speed=0.45|near=False|yaw=0.0|peeing=False|peeCooldown=124.5|aerial=False|glide=False|legs=0|activity=Transit|site=3|visits=1
19.313,-6.800,0.100,-7.336,walk|wait=2.05|panic=0.00|target=1|speed=0.45|near=False|yaw=0.0|peeing=False|peeCooldown=124.5|aerial=False|glide=False|legs=0|activity=Transit|site=3|visits=1
19.316,-6.800,0.100,-7.335,walk|wait=2.05|panic=0.00|target=1|speed=0.45|near=False|yaw=0.0|peeing=False|peeCooldown=124.5|aerial=False|glide=False|legs=0|activity=Transit|site=3|visits=1
19.319,-6.800,0.100,-7.334,walk|wait=2.05|panic=0.00|target=1|speed=0.45|near=False|yaw=0.0|peeing=False|peeCooldown=124.5|aerial=False|glide=False|legs=0|activity=Transit|site=3|visits=1
19.323,-6.800,0.100,-7.332,walk|wait=2.05|panic=0.00|target=1|speed=0.45|near=False|yaw=0.0|peeing=False|peeCooldown=124.5|aerial=False|glide=False|legs=0|activity=Transit|site=3|visits=1
19.326,-6.800,0.100,-7.331,walk|wait=2.05|panic=0.00|target=1|speed=0.45|near=False|yaw=0.0|peeing=False|peeCooldown=124.5|aerial=False|glide=False|legs=0|activity=Transit|site=3|visits=1
19.329,-6.800,0.100,-7.329,walk|wait=2.05|panic=0.00|target=1|speed=0.45|near=False|yaw=0.0|peeing=False|peeCooldown=124.5|aerial=False|glide=False|legs=0|activity=Transit|site=3|visits=1
19.331,-6.800,0.100,-7.328,walk|wait=2.05|panic=0.00|target=1|speed=0.45|near=False|yaw=0.0|peeing=False|peeCooldown=124.5|aerial=False|glide=False|legs=0|activity=Transit|site=3|visits=1
19.335,-6.800,0.100,-7.326,walk|wait=2.05|panic=0.00|target=1|speed=0.45|near=False|yaw=0.0|peeing=False|peeCooldown=124.5|aerial=False|glide=False|legs=0|activity=Transit|site=3|visits=1
19.338,-6.800,0.100,-7.325,walk|wait=2.05|panic=0.00|target=1|speed=0.45|near=False|yaw=0.0|peeing=False|peeCooldown=124.5|aerial=False|glide=False|legs=0|activity=Transit|site=3|visits=1
19.368,-6.800,0.100,-7.312,walk|wait=2.05|panic=0.00|target=1|speed=0.45|near=False|yaw=0.0|peeing=False|peeCooldown=124.5|aerial=False|glide=False|legs=0|activity=Transit|site=3|visits=1
19.371,-6.800,0.100,-7.310,walk|wait=2.05|panic=0.00|target=1|speed=0.45|near=False|yaw=0.0|peeing=False|peeCooldown=124.5|aerial=False|glide=False|legs=0|activity=Transit|site=3|visits=1
19.376,-6.800,0.100,-7.308,walk|wait=2.05|panic=0.00|target=1|speed=0.45|near=False|yaw=0.0|peeing=False|peeCooldown=124.5|aerial=False|glide=False|legs=0|activity=Transit|site=3|visits=1
19.378,-6.800,0.100,-7.307,walk|wait=2.05|panic=0.00|target=1|speed=0.45|near=False|yaw=0.0|peeing=False|peeCooldown=124.5|aerial=False|glide=False|legs=0|activity=Transit|site=3|visits=1
19.381,-6.800,0.100,-7.306,walk|wait=2.05|panic=0.00|target=1|speed=0.45|near=False|yaw=0.0|peeing=False|peeCooldown=124.5|aerial=False|glide=False|legs=0|activity=Transit|site=3|visits=1
19.385,-6.800,0.100,-7.304,walk|wait=2.05|panic=0.00|target=1|speed=0.45|near=False|yaw=0.0|peeing=False|peeCooldown=124.5|aerial=False|glide=False|legs=0|activity=Transit|site=3|visits=1
19.387,-6.800,0.100,-7.303,walk|wait=2.05|panic=0.00|target=1|speed=0.45|near=False|yaw=0.0|peeing=False|peeCooldown=124.4|aerial=False|glide=False|legs=0|activity=Transit|site=3|visits=1
19.389,-6.800,0.100,-7.302,walk|wait=2.05|panic=0.00|target=1|speed=0.45|near=False|yaw=0.0|peeing=False|peeCooldown=124.4|aerial=False|glide=False|legs=0|activity=Transit|site=3|visits=1
19.421,-6.800,0.100,-7.288,walk|wait=2.05|panic=0.00|target=1|speed=0.45|near=False|yaw=0.0|peeing=False|peeCooldown=124.4|aerial=False|glide=False|legs=0|activity=Transit|site=3|visits=1
19.425,-6.800,0.100,-7.286,walk|wait=2.05|panic=0.00|target=1|speed=0.45|near=False|yaw=0.0|peeing=False|peeCooldown=124.4|aerial=False|glide=False|legs=0|activity=Transit|site=3|visits=1
19.429,-6.800,0.100,-7.284,walk|wait=2.05|panic=0.00|target=1|speed=0.45|near=False|yaw=0.0|peeing=False|peeCooldown=124.4|aerial=False|glide=False|legs=0|activity=Transit|site=3|visits=1
19.436,-6.800,0.100,-7.281,walk|wait=2.05|panic=0.00|target=1|speed=0.45|near=False|yaw=0.0|peeing=False|peeCooldown=124.4|aerial=False|glide=False|legs=0|activity=Transit|site=3|visits=1
19.441,-6.800,0.100,-7.279,walk|wait=2.05|panic=0.00|target=1|speed=0.45|near=False|yaw=0.0|peeing=False|peeCooldown=124.4|aerial=False|glide=False|legs=0|activity=Transit|site=3|visits=1
19.445,-6.800,0.100,-7.277,walk|wait=2.05|panic=0.00|target=1|speed=0.45|near=False|yaw=0.0|peeing=False|peeCooldown=124.4|aerial=False|glide=False|legs=0|activity=Transit|site=3|visits=1
19.470,-6.800,0.100,-7.266,walk|wait=2.05|panic=0.00|target=1|speed=0.45|near=False|yaw=0.0|peeing=False|peeCooldown=124.4|aerial=False|glide=False|legs=0|activity=Transit|site=3|visits=1
19.474,-6.800,0.100,-7.264,walk|wait=2.05|panic=0.00|target=1|speed=0.45|near=False|yaw=0.0|peeing=False|peeCooldown=124.4|aerial=False|glide=False|legs=0|activity=Transit|site=3|visits=1
19.477,-6.800,0.100,-7.263,walk|wait=2.05|panic=0.00|target=1|speed=0.45|near=False|yaw=0.0|peeing=False|peeCooldown=124.4|aerial=False|glide=False|legs=0|activity=Transit|site=3|visits=1
19.482,-6.800,0.100,-7.261,walk|wait=2.05|panic=0.00|target=1|speed=0.45|near=False|yaw=0.0|peeing=False|peeCooldown=124.4|aerial=False|glide=False|legs=0|activity=Transit|site=3|visits=1
19.485,-6.800,0.100,-7.259,walk|wait=2.05|panic=0.00|target=1|speed=0.45|near=False|yaw=0.0|peeing=False|peeCooldown=124.4|aerial=False|glide=False|legs=0|activity=Transit|site=3|visits=1
19.487,-6.800,0.100,-7.258,walk|wait=2.05|panic=0.00|target=1|speed=0.45|near=False|yaw=0.0|peeing=False|peeCooldown=124.3|aerial=False|glide=False|legs=0|activity=Transit|site=3|visits=1
19.490,-6.800,0.100,-7.257,walk|wait=2.05|panic=0.00|target=1|speed=0.45|near=False|yaw=0.0|peeing=False|peeCooldown=124.3|aerial=False|glide=False|legs=0|activity=Transit|site=3|visits=1
19.492,-6.800,0.100,-7.256,walk|wait=2.05|panic=0.00|target=1|speed=0.45|near=False|yaw=0.0|peeing=False|peeCooldown=124.3|aerial=False|glide=False|legs=0|activity=Transit|site=3|visits=1
19.497,-6.800,0.100,-7.254,walk|wait=2.05|panic=0.00|target=1|speed=0.45|near=False|yaw=0.0|peeing=False|peeCooldown=124.3|aerial=False|glide=False|legs=0|activity=Transit|site=3|visits=1
19.529,-6.800,0.100,-7.239,walk|wait=2.05|panic=0.00|target=1|speed=0.45|near=False|yaw=0.0|peeing=False|peeCooldown=124.3|aerial=False|glide=False|legs=0|activity=Transit|site=3|visits=1
19.535,-6.800,0.100,-7.236,walk|wait=2.05|panic=0.00|target=1|speed=0.45|near=False|yaw=0.0|peeing=False|peeCooldown=124.3|aerial=False|glide=False|legs=0|activity=Transit|site=3|visits=1
19.538,-6.800,0.100,-7.235,walk|wait=2.05|panic=0.00|target=1|speed=0.45|near=False|yaw=0.0|peeing=False|peeCooldown=124.3|aerial=False|glide=False|legs=0|activity=Transit|site=3|visits=1
19.541,-6.800,0.100,-7.234,walk|wait=2.05|panic=0.00|target=1|speed=0.45|near=False|yaw=0.0|peeing=False|peeCooldown=124.3|aerial=False|glide=False|legs=0|activity=Transit|site=3|visits=1
19.545,-6.800,0.100,-7.232,walk|wait=2.05|panic=0.00|target=1|speed=0.45|near=False|yaw=0.0|peeing=False|peeCooldown=124.3|aerial=False|glide=False|legs=0|activity=Transit|site=3|visits=1
19.548,-6.800,0.100,-7.231,walk|wait=2.05|panic=0.00|target=1|speed=0.45|near=False|yaw=0.0|peeing=False|peeCooldown=124.3|aerial=False|glide=False|legs=0|activity=Transit|site=3|visits=1
19.574,-6.800,0.100,-7.219,walk|wait=2.05|panic=0.00|target=1|speed=0.45|near=False|yaw=0.0|peeing=False|peeCooldown=124.3|aerial=False|glide=False|legs=0|activity=Transit|site=3|visits=1
19.578,-6.800,0.100,-7.217,walk|wait=2.05|panic=0.00|target=1|speed=0.45|near=False|yaw=0.0|peeing=False|peeCooldown=124.3|aerial=False|glide=False|legs=0|activity=Transit|site=3|visits=1
19.581,-6.800,0.100,-7.216,walk|wait=2.05|panic=0.00|target=1|speed=0.45|near=False|yaw=0.0|peeing=False|peeCooldown=124.3|aerial=False|glide=False|legs=0|activity=Transit|site=3|visits=1
19.586,-6.800,0.100,-7.214,walk|wait=2.05|panic=0.00|target=1|speed=0.45|near=False|yaw=0.0|peeing=False|peeCooldown=124.2|aerial=False|glide=False|legs=0|activity=Transit|site=3|visits=1
19.589,-6.800,0.100,-7.212,walk|wait=2.05|panic=0.00|target=1|speed=0.45|near=False|yaw=0.0|peeing=False|peeCooldown=124.2|aerial=False|glide=False|legs=0|activity=Transit|site=3|visits=1
19.591,-6.800,0.100,-7.211,walk|wait=2.05|panic=0.00|target=1|speed=0.45|near=False|yaw=0.0|peeing=False|peeCooldown=124.2|aerial=False|glide=False|legs=0|activity=Transit|site=3|visits=1
19.593,-6.800,0.100,-7.210,walk|wait=2.05|panic=0.00|target=1|speed=0.45|near=False|yaw=0.0|peeing=False|peeCooldown=124.2|aerial=False|glide=False|legs=0|activity=Transit|site=3|visits=1
19.596,-6.800,0.100,-7.209,walk|wait=2.05|panic=0.00|target=1|speed=0.45|near=False|yaw=0.0|peeing=False|peeCooldown=124.2|aerial=False|glide=False|legs=0|activity=Transit|site=3|visits=1
19.600,-6.800,0.100,-7.207,walk|wait=2.05|panic=0.00|target=1|speed=0.45|near=False|yaw=0.0|peeing=False|peeCooldown=124.2|aerial=False|glide=False|legs=0|activity=Transit|site=3|visits=1
19.631,-6.800,0.100,-7.193,walk|wait=2.05|panic=0.00|target=1|speed=0.45|near=False|yaw=0.0|peeing=False|peeCooldown=124.2|aerial=False|glide=False|legs=0|activity=Transit|site=3|visits=1
19.635,-6.800,0.100,-7.192,walk|wait=2.05|panic=0.00|target=1|speed=0.45|near=False|yaw=0.0|peeing=False|peeCooldown=124.2|aerial=False|glide=False|legs=0|activity=Transit|site=3|visits=1
19.639,-6.800,0.100,-7.190,walk|wait=2.05|panic=0.00|target=1|speed=0.45|near=False|yaw=0.0|peeing=False|peeCooldown=124.2|aerial=False|glide=False|legs=0|activity=Transit|site=3|visits=1
19.642,-6.800,0.100,-7.189,walk|wait=2.05|panic=0.00|target=1|speed=0.45|near=False|yaw=0.0|peeing=False|peeCooldown=124.2|aerial=False|glide=False|legs=0|activity=Transit|site=3|visits=1
19.645,-6.800,0.100,-7.187,walk|wait=2.05|panic=0.00|target=1|speed=0.45|near=False|yaw=0.0|peeing=False|peeCooldown=124.2|aerial=False|glide=False|legs=0|activity=Transit|site=3|visits=1
19.647,-6.800,0.100,-7.186,walk|wait=2.05|panic=0.00|target=1|speed=0.45|near=False|yaw=0.0|peeing=False|peeCooldown=124.2|aerial=False|glide=False|legs=0|activity=Transit|site=3|visits=1
19.650,-6.800,0.100,-7.185,walk|wait=2.05|panic=0.00|target=1|speed=0.45|near=False|yaw=0.0|peeing=False|peeCooldown=124.2|aerial=False|glide=False|legs=0|activity=Transit|site=3|visits=1
19.676,-6.800,0.100,-7.173,walk|wait=2.05|panic=0.00|target=1|speed=0.45|near=False|yaw=0.0|peeing=False|peeCooldown=124.2|aerial=False|glide=False|legs=0|activity=Transit|site=3|visits=1
19.680,-6.800,0.100,-7.171,walk|wait=2.05|panic=0.00|target=1|speed=0.45|near=False|yaw=0.0|peeing=False|peeCooldown=124.2|aerial=False|glide=False|legs=0|activity=Transit|site=3|visits=1
19.683,-6.800,0.100,-7.170,walk|wait=2.05|panic=0.00|target=1|speed=0.45|near=False|yaw=0.0|peeing=False|peeCooldown=124.2|aerial=False|glide=False|legs=0|activity=Transit|site=3|visits=1
19.687,-6.800,0.100,-7.168,walk|wait=2.05|panic=0.00|target=1|speed=0.45|near=False|yaw=0.0|peeing=False|peeCooldown=124.1|aerial=False|glide=False|legs=0|activity=Transit|site=3|visits=1
19.691,-6.800,0.100,-7.166,walk|wait=2.05|panic=0.00|target=1|speed=0.45|near=False|yaw=0.0|peeing=False|peeCooldown=124.1|aerial=False|glide=False|legs=0|activity=Transit|site=3|visits=1
19.694,-6.800,0.100,-7.165,walk|wait=2.05|panic=0.00|target=1|speed=0.45|near=False|yaw=0.0|peeing=False|peeCooldown=124.1|aerial=False|glide=False|legs=0|activity=Transit|site=3|visits=1
19.698,-6.800,0.100,-7.163,walk|wait=2.05|panic=0.00|target=1|speed=0.45|near=False|yaw=0.0|peeing=False|peeCooldown=124.1|aerial=False|glide=False|legs=0|activity=Transit|site=3|visits=1
19.702,-6.800,0.100,-7.161,walk|wait=2.05|panic=0.00|target=1|speed=0.45|near=False|yaw=0.0|peeing=False|peeCooldown=124.1|aerial=False|glide=False|legs=0|activity=Transit|site=3|visits=1
19.736,-6.800,0.100,-7.146,walk|wait=2.05|panic=0.00|target=1|speed=0.45|near=False|yaw=0.0|peeing=False|peeCooldown=124.1|aerial=False|glide=False|legs=0|activity=Transit|site=3|visits=1
19.739,-6.800,0.100,-7.145,walk|wait=2.05|panic=0.00|target=1|speed=0.45|near=False|yaw=0.0|peeing=False|peeCooldown=124.1|aerial=False|glide=False|legs=0|activity=Transit|site=3|visits=1
19.747,-6.800,0.100,-7.141,walk|wait=2.05|panic=0.00|target=1|speed=0.45|near=False|yaw=0.0|peeing=False|peeCooldown=124.1|aerial=False|glide=False|legs=0|activity=Transit|site=3|visits=1
19.752,-6.800,0.100,-7.139,walk|wait=2.05|panic=0.00|target=1|speed=0.45|near=False|yaw=0.0|peeing=False|peeCooldown=124.1|aerial=False|glide=False|legs=0|activity=Transit|site=3|visits=1
19.754,-6.800,0.100,-7.138,walk|wait=2.05|panic=0.00|target=1|speed=0.45|near=False|yaw=0.0|peeing=False|peeCooldown=124.1|aerial=False|glide=False|legs=0|activity=Transit|site=3|visits=1
19.779,-6.800,0.100,-7.127,walk|wait=2.05|panic=0.00|target=1|speed=0.45|near=False|yaw=0.0|peeing=False|peeCooldown=124.1|aerial=False|glide=False|legs=0|activity=Transit|site=3|visits=1
19.782,-6.800,0.100,-7.125,walk|wait=2.05|panic=0.00|target=1|speed=0.45|near=False|yaw=0.0|peeing=False|peeCooldown=124.1|aerial=False|glide=False|legs=0|activity=Transit|site=3|visits=1
19.785,-6.800,0.100,-7.124,walk|wait=2.05|panic=0.00|target=1|speed=0.45|near=False|yaw=0.0|peeing=False|peeCooldown=124.1|aerial=False|glide=False|legs=0|activity=Transit|site=3|visits=1
19.788,-6.800,0.100,-7.123,walk|wait=2.05|panic=0.00|target=1|speed=0.45|near=False|yaw=0.0|peeing=False|peeCooldown=124.0|aerial=False|glide=False|legs=0|activity=Transit|site=3|visits=1
19.790,-6.800,0.100,-7.122,walk|wait=2.05|panic=0.00|target=1|speed=0.45|near=False|yaw=0.0|peeing=False|peeCooldown=124.0|aerial=False|glide=False|legs=0|activity=Transit|site=3|visits=1
19.794,-6.800,0.100,-7.120,walk|wait=2.05|panic=0.00|target=1|speed=0.45|near=False|yaw=0.0|peeing=False|peeCooldown=124.0|aerial=False|glide=False|legs=0|activity=Transit|site=3|visits=1
19.797,-6.800,0.100,-7.119,walk|wait=2.05|panic=0.00|target=1|speed=0.45|near=False|yaw=0.0|peeing=False|peeCooldown=124.0|aerial=False|glide=False|legs=0|activity=Transit|site=3|visits=1
19.799,-6.800,0.100,-7.118,walk|wait=2.05|panic=0.00|target=1|speed=0.45|near=False|yaw=0.0|peeing=False|peeCooldown=124.0|aerial=False|glide=False|legs=0|activity=Transit|site=3|visits=1
19.803,-6.800,0.100,-7.116,walk|wait=2.05|panic=0.00|target=1|speed=0.45|near=False|yaw=0.0|peeing=False|peeCooldown=124.0|aerial=False|glide=False|legs=0|activity=Transit|site=3|visits=1
19.807,-6.800,0.100,-7.114,walk|wait=2.05|panic=0.00|target=1|speed=0.45|near=False|yaw=0.0|peeing=False|peeCooldown=124.0|aerial=False|glide=False|legs=0|activity=Transit|site=3|visits=1
19.841,-6.800,0.100,-7.099,walk|wait=2.05|panic=0.00|target=1|speed=0.45|near=False|yaw=0.0|peeing=False|peeCooldown=124.0|aerial=False|glide=False|legs=0|activity=Transit|site=3|visits=1
19.848,-6.800,0.100,-7.096,walk|wait=2.05|panic=0.00|target=1|speed=0.45|near=False|yaw=0.0|peeing=False|peeCooldown=124.0|aerial=False|glide=False|legs=0|activity=Transit|site=3|visits=1
19.850,-6.800,0.100,-7.095,walk|wait=2.05|panic=0.00|target=1|speed=0.45|near=False|yaw=0.0|peeing=False|peeCooldown=124.0|aerial=False|glide=False|legs=0|activity=Transit|site=3|visits=1
19.853,-6.800,0.100,-7.093,walk|wait=2.05|panic=0.00|target=1|speed=0.45|near=False|yaw=0.0|peeing=False|peeCooldown=124.0|aerial=False|glide=False|legs=0|activity=Transit|site=3|visits=1
19.856,-6.800,0.100,-7.092,walk|wait=2.05|panic=0.00|target=1|speed=0.45|near=False|yaw=0.0|peeing=False|peeCooldown=124.0|aerial=False|glide=False|legs=0|activity=Transit|site=3|visits=1
19.859,-6.800,0.100,-7.091,walk|wait=2.05|panic=0.00|target=1|speed=0.45|near=False|yaw=0.0|peeing=False|peeCooldown=124.0|aerial=False|glide=False|legs=0|activity=Transit|site=3|visits=1
19.884,-6.800,0.100,-7.080,walk|wait=2.05|panic=0.00|target=1|speed=0.45|near=False|yaw=0.0|peeing=False|peeCooldown=124.0|aerial=False|glide=False|legs=0|activity=Transit|site=3|visits=1
19.888,-6.800,0.100,-7.078,walk|wait=2.05|panic=0.00|target=1|speed=0.45|near=False|yaw=0.0|peeing=False|peeCooldown=123.9|aerial=False|glide=False|legs=0|activity=Transit|site=3|visits=1
19.890,-6.800,0.100,-7.077,walk|wait=2.05|panic=0.00|target=1|speed=0.45|near=False|yaw=0.0|peeing=False|peeCooldown=123.9|aerial=False|glide=False|legs=0|activity=Transit|site=3|visits=1
19.893,-6.800,0.100,-7.076,walk|wait=2.05|panic=0.00|target=1|speed=0.45|near=False|yaw=0.0|peeing=False|peeCooldown=123.9|aerial=False|glide=False|legs=0|activity=Transit|site=3|visits=1
19.897,-6.800,0.100,-7.074,walk|wait=2.05|panic=0.00|target=1|speed=0.45|near=False|yaw=0.0|peeing=False|peeCooldown=123.9|aerial=False|glide=False|legs=0|activity=Transit|site=3|visits=1
19.899,-6.800,0.100,-7.073,walk|wait=2.05|panic=0.00|target=1|speed=0.45|near=False|yaw=0.0|peeing=False|peeCooldown=123.9|aerial=False|glide=False|legs=0|activity=Transit|site=3|visits=1
19.902,-6.800,0.100,-7.071,walk|wait=2.05|panic=0.00|target=1|speed=0.45|near=False|yaw=0.0|peeing=False|peeCooldown=123.9|aerial=False|glide=False|legs=0|activity=Transit|site=3|visits=1
19.905,-6.800,0.100,-7.070,walk|wait=2.05|panic=0.00|target=1|speed=0.45|near=False|yaw=0.0|peeing=False|peeCooldown=123.9|aerial=False|glide=False|legs=0|activity=Transit|site=3|visits=1
19.909,-6.800,0.100,-7.068,walk|wait=2.05|panic=0.00|target=1|speed=0.45|near=False|yaw=0.0|peeing=False|peeCooldown=123.9|aerial=False|glide=False|legs=0|activity=Transit|site=3|visits=1
19.911,-6.800,0.100,-7.067,walk|wait=2.05|panic=0.00|target=1|speed=0.45|near=False|yaw=0.0|peeing=False|peeCooldown=123.9|aerial=False|glide=False|legs=0|activity=Transit|site=3|visits=1
19.945,-6.800,0.100,-7.052,walk|wait=2.05|panic=0.00|target=1|speed=0.45|near=False|yaw=0.0|peeing=False|peeCooldown=123.9|aerial=False|glide=False|legs=0|activity=Transit|site=3|visits=1
19.952,-6.800,0.100,-7.049,walk|wait=2.05|panic=0.00|target=1|speed=0.45|near=False|yaw=0.0|peeing=False|peeCooldown=123.9|aerial=False|glide=False|legs=0|activity=Transit|site=3|visits=1
19.954,-6.800,0.100,-7.048,walk|wait=2.05|panic=0.00|target=1|speed=0.45|near=False|yaw=0.0|peeing=False|peeCooldown=123.9|aerial=False|glide=False|legs=0|activity=Transit|site=3|visits=1
19.956,-6.800,0.100,-7.047,walk|wait=2.05|panic=0.00|target=1|speed=0.45|near=False|yaw=0.0|peeing=False|peeCooldown=123.9|aerial=False|glide=False|legs=0|activity=Transit|site=3|visits=1
19.959,-6.800,0.100,-7.046,walk|wait=2.05|panic=0.00|target=1|speed=0.45|near=False|yaw=0.0|peeing=False|peeCooldown=123.9|aerial=False|glide=False|legs=0|activity=Transit|site=3|visits=1
19.962,-6.800,0.100,-7.044,walk|wait=2.05|panic=0.00|target=1|speed=0.45|near=False|yaw=0.0|peeing=False|peeCooldown=123.9|aerial=False|glide=False|legs=0|activity=Transit|site=3|visits=1
19.987,-6.800,0.100,-7.033,walk|wait=2.05|panic=0.00|target=1|speed=0.45|near=False|yaw=0.0|peeing=False|peeCooldown=123.8|aerial=False|glide=False|legs=0|activity=Transit|site=3|visits=1
19.991,-6.800,0.100,-7.031,walk|wait=2.05|panic=0.00|target=1|speed=0.45|near=False|yaw=0.0|peeing=False|peeCooldown=123.8|aerial=False|glide=False|legs=0|activity=Transit|site=3|visits=1
19.994,-6.800,0.100,-7.030,walk|wait=2.05|panic=0.00|target=1|speed=0.45|near=False|yaw=0.0|peeing=False|peeCooldown=123.8|aerial=False|glide=False|legs=0|activity=Transit|site=3|visits=1
19.997,-6.800,0.100,-7.029,walk|wait=2.05|panic=0.00|target=1|speed=0.45|near=False|yaw=0.0|peeing=False|peeCooldown=123.8|aerial=False|glide=False|legs=0|activity=Transit|site=3|visits=1
20.001,-6.800,0.100,-7.027,walk|wait=2.05|panic=0.00|target=1|speed=0.45|near=False|yaw=0.0|peeing=False|peeCooldown=123.8|aerial=False|glide=False|legs=0|activity=Transit|site=3|visits=1
20.004,-6.800,0.100,-7.025,walk|wait=2.05|panic=0.00|target=1|speed=0.45|near=False|yaw=0.0|peeing=False|peeCooldown=123.8|aerial=False|glide=False|legs=0|activity=Transit|site=3|visits=1
20.007,-6.800,0.100,-7.024,walk|wait=2.05|panic=0.00|target=1|speed=0.45|near=False|yaw=0.0|peeing=False|peeCooldown=123.8|aerial=False|glide=False|legs=0|activity=Transit|site=3|visits=1
20.009,-6.800,0.100,-7.023,walk|wait=2.05|panic=0.00|target=1|speed=0.45|near=False|yaw=0.0|peeing=False|peeCooldown=123.8|aerial=False|glide=False|legs=0|activity=Transit|site=3|visits=1
20.013,-6.800,0.100,-7.021,walk|wait=2.05|panic=0.00|target=1|speed=0.45|near=False|yaw=0.0|peeing=False|peeCooldown=123.8|aerial=False|glide=False|legs=0|activity=Transit|site=3|visits=1
20.016,-6.800,0.100,-7.020,walk|wait=2.05|panic=0.00|target=1|speed=0.45|near=False|yaw=0.0|peeing=False|peeCooldown=123.8|aerial=False|glide=False|legs=0|activity=Transit|site=3|visits=1
20.046,-6.800,0.100,-7.007,walk|wait=2.05|panic=0.00|target=1|speed=0.45|near=False|yaw=0.0|peeing=False|peeCooldown=123.8|aerial=False|glide=False|legs=0|activity=Transit|site=3|visits=1
20.052,-6.800,0.100,-7.004,walk|wait=2.05|panic=0.00|target=1|speed=0.45|near=False|yaw=0.0|peeing=False|peeCooldown=123.8|aerial=False|glide=False|legs=0|activity=Transit|site=3|visits=1
20.059,-6.800,0.100,-7.001,walk|wait=2.05|panic=0.00|target=1|speed=0.45|near=False|yaw=0.0|peeing=False|peeCooldown=123.8|aerial=False|glide=False|legs=0|activity=Transit|site=3|visits=1
20.062,-6.800,0.100,-6.999,walk|wait=2.05|panic=0.00|target=1|speed=0.45|near=False|yaw=0.0|peeing=False|peeCooldown=123.8|aerial=False|glide=False|legs=0|activity=Transit|site=3|visits=1
20.065,-6.800,0.100,-6.998,walk|wait=2.05|panic=0.00|target=1|speed=0.45|near=False|yaw=0.0|peeing=False|peeCooldown=123.8|aerial=False|glide=False|legs=0|activity=Transit|site=3|visits=1
20.068,-6.800,0.100,-6.997,walk|wait=2.05|panic=0.00|target=1|speed=0.45|near=False|yaw=0.0|peeing=False|peeCooldown=123.8|aerial=False|glide=False|legs=0|activity=Transit|site=3|visits=1
20.092,-6.800,0.100,-6.986,walk|wait=2.05|panic=0.00|target=1|speed=0.45|near=False|yaw=0.0|peeing=False|peeCooldown=123.7|aerial=False|glide=False|legs=0|activity=Transit|site=3|visits=1
20.096,-6.800,0.100,-6.984,walk|wait=2.05|panic=0.00|target=1|speed=0.45|near=False|yaw=0.0|peeing=False|peeCooldown=123.7|aerial=False|glide=False|legs=0|activity=Transit|site=3|visits=1
20.099,-6.800,0.100,-6.983,walk|wait=2.05|panic=0.00|target=1|speed=0.45|near=False|yaw=0.0|peeing=False|peeCooldown=123.7|aerial=False|glide=False|legs=0|activity=Transit|site=3|visits=1
20.102,-6.800,0.100,-6.982,walk|wait=2.05|panic=0.00|target=1|speed=0.45|near=False|yaw=0.0|peeing=False|peeCooldown=123.7|aerial=False|glide=False|legs=0|activity=Transit|site=3|visits=1
20.105,-6.800,0.100,-6.980,walk|wait=2.05|panic=0.00|target=1|speed=0.45|near=False|yaw=0.0|peeing=False|peeCooldown=123.7|aerial=False|glide=False|legs=0|activity=Transit|site=3|visits=1
20.109,-6.800,0.100,-6.978,walk|wait=2.05|panic=0.00|target=1|speed=0.45|near=False|yaw=0.0|peeing=False|peeCooldown=123.7|aerial=False|glide=False|legs=0|activity=Transit|site=3|visits=1
20.111,-6.800,0.100,-6.977,walk|wait=2.05|panic=0.00|target=1|speed=0.45|near=False|yaw=0.0|peeing=False|peeCooldown=123.7|aerial=False|glide=False|legs=0|activity=Transit|site=3|visits=1
20.114,-6.800,0.100,-6.976,walk|wait=2.05|panic=0.00|target=1|speed=0.45|near=False|yaw=0.0|peeing=False|peeCooldown=123.7|aerial=False|glide=False|legs=0|activity=Transit|site=3|visits=1
20.118,-6.800,0.100,-6.974,walk|wait=2.05|panic=0.00|target=1|speed=0.45|near=False|yaw=0.0|peeing=False|peeCooldown=123.7|aerial=False|glide=False|legs=0|activity=Transit|site=3|visits=1
20.120,-6.800,0.100,-6.973,walk|wait=2.05|panic=0.00|target=1|speed=0.45|near=False|yaw=0.0|peeing=False|peeCooldown=123.7|aerial=False|glide=False|legs=0|activity=Transit|site=3|visits=1
20.151,-6.800,0.100,-6.959,walk|wait=2.05|panic=0.00|target=1|speed=0.45|near=False|yaw=0.0|peeing=False|peeCooldown=123.7|aerial=False|glide=False|legs=0|activity=Transit|site=3|visits=1
20.155,-6.800,0.100,-6.958,walk|wait=2.05|panic=0.00|target=1|speed=0.45|near=False|yaw=0.0|peeing=False|peeCooldown=123.7|aerial=False|glide=False|legs=0|activity=Transit|site=3|visits=1
20.164,-6.800,0.100,-6.954,walk|wait=2.05|panic=0.00|target=1|speed=0.45|near=False|yaw=0.0|peeing=False|peeCooldown=123.7|aerial=False|glide=False|legs=0|activity=Transit|site=3|visits=1
20.168,-6.800,0.100,-6.952,walk|wait=2.05|panic=0.00|target=1|speed=0.45|near=False|yaw=0.0|peeing=False|peeCooldown=123.7|aerial=False|glide=False|legs=0|activity=Transit|site=3|visits=1
20.170,-6.800,0.100,-6.951,walk|wait=2.05|panic=0.00|target=1|speed=0.45|near=False|yaw=0.0|peeing=False|peeCooldown=123.7|aerial=False|glide=False|legs=0|activity=Transit|site=3|visits=1
20.172,-6.800,0.100,-6.950,walk|wait=2.05|panic=0.00|target=1|speed=0.45|near=False|yaw=0.0|peeing=False|peeCooldown=123.7|aerial=False|glide=False|legs=0|activity=Transit|site=3|visits=1
20.197,-6.800,0.100,-6.938,walk|wait=2.05|panic=0.00|target=1|speed=0.45|near=False|yaw=0.0|peeing=False|peeCooldown=123.6|aerial=False|glide=False|legs=0|activity=Transit|site=3|visits=1
20.201,-6.800,0.100,-6.937,walk|wait=2.05|panic=0.00|target=1|speed=0.45|near=False|yaw=0.0|peeing=False|peeCooldown=123.6|aerial=False|glide=False|legs=0|activity=Transit|site=3|visits=1
20.204,-6.800,0.100,-6.936,walk|wait=2.05|panic=0.00|target=1|speed=0.45|near=False|yaw=0.0|peeing=False|peeCooldown=123.6|aerial=False|glide=False|legs=0|activity=Transit|site=3|visits=1
20.206,-6.800,0.100,-6.934,walk|wait=2.05|panic=0.00|target=1|speed=0.45|near=False|yaw=0.0|peeing=False|peeCooldown=123.6|aerial=False|glide=False|legs=0|activity=Transit|site=3|visits=1
20.210,-6.800,0.100,-6.933,walk|wait=2.05|panic=0.00|target=1|speed=0.45|near=False|yaw=0.0|peeing=False|peeCooldown=123.6|aerial=False|glide=False|legs=0|activity=Transit|site=3|visits=1
20.213,-6.800,0.100,-6.931,walk|wait=2.05|panic=0.00|target=1|speed=0.45|near=False|yaw=0.0|peeing=False|peeCooldown=123.6|aerial=False|glide=False|legs=0|activity=Transit|site=3|visits=1
20.216,-6.800,0.100,-6.930,walk|wait=2.05|panic=0.00|target=1|speed=0.45|near=False|yaw=0.0|peeing=False|peeCooldown=123.6|aerial=False|glide=False|legs=0|activity=Transit|site=3|visits=1
20.218,-6.800,0.100,-6.929,walk|wait=2.05|panic=0.00|target=1|speed=0.45|near=False|yaw=0.0|peeing=False|peeCooldown=123.6|aerial=False|glide=False|legs=0|activity=Transit|site=3|visits=1
20.222,-6.800,0.100,-6.927,walk|wait=2.05|panic=0.00|target=1|speed=0.45|near=False|yaw=0.0|peeing=False|peeCooldown=123.6|aerial=False|glide=False|legs=0|activity=Transit|site=3|visits=1
20.225,-6.800,0.100,-6.926,walk|wait=2.05|panic=0.00|target=1|speed=0.45|near=False|yaw=0.0|peeing=False|peeCooldown=123.6|aerial=False|glide=False|legs=0|activity=Transit|site=3|visits=1
20.257,-6.800,0.100,-6.912,walk|wait=2.05|panic=0.00|target=1|speed=0.45|near=False|yaw=0.0|peeing=False|peeCooldown=123.6|aerial=False|glide=False|legs=0|activity=Transit|site=3|visits=1
20.262,-6.800,0.100,-6.909,walk|wait=2.05|panic=0.00|target=1|speed=0.45|near=False|yaw=0.0|peeing=False|peeCooldown=123.6|aerial=False|glide=False|legs=0|activity=Transit|site=3|visits=1
20.265,-6.800,0.100,-6.908,walk|wait=2.05|panic=0.00|target=1|speed=0.45|near=False|yaw=0.0|peeing=False|peeCooldown=123.6|aerial=False|glide=False|legs=0|activity=Transit|site=3|visits=1
20.272,-6.800,0.100,-6.905,walk|wait=2.05|panic=0.00|target=1|speed=0.45|near=False|yaw=0.0|peeing=False|peeCooldown=123.6|aerial=False|glide=False|legs=0|activity=Transit|site=3|visits=1
20.275,-6.800,0.100,-6.904,walk|wait=2.05|panic=0.00|target=1|speed=0.45|near=False|yaw=0.0|peeing=False|peeCooldown=123.6|aerial=False|glide=False|legs=0|activity=Transit|site=3|visits=1
20.277,-6.800,0.100,-6.902,walk|wait=2.05|panic=0.00|target=1|speed=0.45|near=False|yaw=0.0|peeing=False|peeCooldown=123.6|aerial=False|glide=False|legs=0|activity=Transit|site=3|visits=1
20.303,-6.800,0.100,-6.891,walk|wait=2.05|panic=0.00|target=1|speed=0.45|near=False|yaw=0.0|peeing=False|peeCooldown=123.5|aerial=False|glide=False|legs=0|activity=Transit|site=3|visits=1
20.307,-6.800,0.100,-6.889,walk|wait=2.05|panic=0.00|target=1|speed=0.45|near=False|yaw=0.0|peeing=False|peeCooldown=123.5|aerial=False|glide=False|legs=0|activity=Transit|site=3|visits=1
20.310,-6.800,0.100,-6.888,walk|wait=2.05|panic=0.00|target=1|speed=0.45|near=False|yaw=0.0|peeing=False|peeCooldown=123.5|aerial=False|glide=False|legs=0|activity=Transit|site=3|visits=1
20.315,-6.800,0.100,-6.886,walk|wait=2.05|panic=0.00|target=1|speed=0.45|near=False|yaw=0.0|peeing=False|peeCooldown=123.5|aerial=False|glide=False|legs=0|activity=Transit|site=3|visits=1
20.318,-6.800,0.100,-6.884,walk|wait=2.05|panic=0.00|target=1|speed=0.45|near=False|yaw=0.0|peeing=False|peeCooldown=123.5|aerial=False|glide=False|legs=0|activity=Transit|site=3|visits=1
20.320,-6.800,0.100,-6.883,walk|wait=2.05|panic=0.00|target=1|speed=0.45|near=False|yaw=0.0|peeing=False|peeCooldown=123.5|aerial=False|glide=False|legs=0|activity=Transit|site=3|visits=1
20.323,-6.800,0.100,-6.882,walk|wait=2.05|panic=0.00|target=1|speed=0.45|near=False|yaw=0.0|peeing=False|peeCooldown=123.5|aerial=False|glide=False|legs=0|activity=Transit|site=3|visits=1
20.326,-6.800,0.100,-6.881,walk|wait=2.05|panic=0.00|target=1|speed=0.45|near=False|yaw=0.0|peeing=False|peeCooldown=123.5|aerial=False|glide=False|legs=0|activity=Transit|site=3|visits=1
20.330,-6.800,0.100,-6.879,walk|wait=2.05|panic=0.00|target=1|speed=0.45|near=False|yaw=0.0|peeing=False|peeCooldown=123.5|aerial=False|glide=False|legs=0|activity=Transit|site=3|visits=1
20.366,-6.800,0.100,-6.863,walk|wait=2.05|panic=0.00|target=1|speed=0.45|near=False|yaw=0.0|peeing=False|peeCooldown=123.5|aerial=False|glide=False|legs=0|activity=Transit|site=3|visits=1
20.372,-6.800,0.100,-6.860,walk|wait=2.05|panic=0.00|target=1|speed=0.45|near=False|yaw=0.0|peeing=False|peeCooldown=123.5|aerial=False|glide=False|legs=0|activity=Transit|site=3|visits=1
20.379,-6.800,0.100,-6.857,walk|wait=2.05|panic=0.00|target=1|speed=0.45|near=False|yaw=0.0|peeing=False|peeCooldown=123.5|aerial=False|glide=False|legs=0|activity=Transit|site=3|visits=1
20.383,-6.800,0.100,-6.855,walk|wait=2.05|panic=0.00|target=1|speed=0.45|near=False|yaw=0.0|peeing=False|peeCooldown=123.5|aerial=False|glide=False|legs=0|activity=Transit|site=3|visits=1
20.409,-6.800,0.100,-6.843,walk|wait=2.05|panic=0.00|target=1|speed=0.45|near=False|yaw=0.0|peeing=False|peeCooldown=123.4|aerial=False|glide=False|legs=0|activity=Transit|site=3|visits=1
20.413,-6.800,0.100,-6.841,walk|wait=2.05|panic=0.00|target=1|speed=0.45|near=False|yaw=0.0|peeing=False|peeCooldown=123.4|aerial=False|glide=False|legs=0|activity=Transit|site=3|visits=1
20.416,-6.800,0.100,-6.840,walk|wait=2.05|panic=0.00|target=1|speed=0.45|near=False|yaw=0.0|peeing=False|peeCooldown=123.4|aerial=False|glide=False|legs=0|activity=Transit|site=3|visits=1
20.421,-6.800,0.100,-6.838,walk|wait=2.05|panic=0.00|target=1|speed=0.45|near=False|yaw=0.0|peeing=False|peeCooldown=123.4|aerial=False|glide=False|legs=0|activity=Transit|site=3|visits=1
20.424,-6.800,0.100,-6.837,walk|wait=2.05|panic=0.00|target=1|speed=0.45|near=False|yaw=0.0|peeing=False|peeCooldown=123.4|aerial=False|glide=False|legs=0|activity=Transit|site=3|visits=1
20.427,-6.800,0.100,-6.835,walk|wait=2.05|panic=0.00|target=1|speed=0.45|near=False|yaw=0.0|peeing=False|peeCooldown=123.4|aerial=False|glide=False|legs=0|activity=Transit|site=3|visits=1
20.429,-6.800,0.100,-6.834,walk|wait=2.05|panic=0.00|target=1|speed=0.45|near=False|yaw=0.0|peeing=False|peeCooldown=123.4|aerial=False|glide=False|legs=0|activity=Transit|site=3|visits=1
20.432,-6.800,0.100,-6.833,walk|wait=2.05|panic=0.00|target=1|speed=0.45|near=False|yaw=0.0|peeing=False|peeCooldown=123.4|aerial=False|glide=False|legs=0|activity=Transit|site=3|visits=1
20.436,-6.800,0.100,-6.831,walk|wait=2.05|panic=0.00|target=1|speed=0.45|near=False|yaw=0.0|peeing=False|peeCooldown=123.4|aerial=False|glide=False|legs=0|activity=Transit|site=3|visits=1
20.474,-6.800,0.100,-6.814,walk|wait=2.05|panic=0.00|target=1|speed=0.45|near=False|yaw=0.0|peeing=False|peeCooldown=123.4|aerial=False|glide=False|legs=0|activity=Transit|site=3|visits=1
20.490,-6.800,0.100,-6.807,walk|wait=2.05|panic=0.00|target=1|speed=0.45|near=False|yaw=0.0|peeing=False|peeCooldown=123.3|aerial=False|glide=False|legs=0|activity=Transit|site=3|visits=1
20.495,-6.800,0.100,-6.805,walk|wait=2.05|panic=0.00|target=1|speed=0.45|near=False|yaw=0.0|peeing=False|peeCooldown=123.3|aerial=False|glide=False|legs=0|activity=Transit|site=3|visits=1
20.521,-6.800,0.100,-6.793,walk|wait=2.05|panic=0.00|target=1|speed=0.45|near=False|yaw=0.0|peeing=False|peeCooldown=123.3|aerial=False|glide=False|legs=0|activity=Transit|site=3|visits=1
20.525,-6.800,0.100,-6.791,walk|wait=2.05|panic=0.00|target=1|speed=0.45|near=False|yaw=0.0|peeing=False|peeCooldown=123.3|aerial=False|glide=False|legs=0|activity=Transit|site=3|visits=1
20.529,-6.800,0.100,-6.789,walk|wait=2.05|panic=0.00|target=1|speed=0.45|near=False|yaw=0.0|peeing=False|peeCooldown=123.3|aerial=False|glide=False|legs=0|activity=Transit|site=3|visits=1
20.532,-6.800,0.100,-6.788,walk|wait=2.05|panic=0.00|target=1|speed=0.45|near=False|yaw=0.0|peeing=False|peeCooldown=123.3|aerial=False|glide=False|legs=0|activity=Transit|site=3|visits=1
20.535,-6.800,0.100,-6.787,walk|wait=2.05|panic=0.00|target=1|speed=0.45|near=False|yaw=0.0|peeing=False|peeCooldown=123.3|aerial=False|glide=False|legs=0|activity=Transit|site=3|visits=1
20.537,-6.800,0.100,-6.786,walk|wait=2.05|panic=0.00|target=1|speed=0.45|near=False|yaw=0.0|peeing=False|peeCooldown=123.3|aerial=False|glide=False|legs=0|activity=Transit|site=3|visits=1
20.540,-6.800,0.100,-6.784,walk|wait=2.05|panic=0.00|target=1|speed=0.45|near=False|yaw=0.0|peeing=False|peeCooldown=123.3|aerial=False|glide=False|legs=0|activity=Transit|site=3|visits=1
20.542,-6.800,0.100,-6.783,walk|wait=2.05|panic=0.00|target=1|speed=0.45|near=False|yaw=0.0|peeing=False|peeCooldown=123.3|aerial=False|glide=False|legs=0|activity=Transit|site=3|visits=1
20.547,-6.800,0.100,-6.781,walk|wait=2.05|panic=0.00|target=1|speed=0.45|near=False|yaw=0.0|peeing=False|peeCooldown=123.3|aerial=False|glide=False|legs=0|activity=Transit|site=3|visits=1
20.578,-6.800,0.100,-6.767,walk|wait=2.05|panic=0.00|target=1|speed=0.45|near=False|yaw=0.0|peeing=False|peeCooldown=123.3|aerial=False|glide=False|legs=0|activity=Transit|site=3|visits=1
20.583,-6.800,0.100,-6.765,run|wait=2.05|panic=2.40|target=1|speed=0.47|near=True|yaw=0.0|peeing=False|peeCooldown=123.3|aerial=False|glide=False|legs=0|activity=Retreat|site=3|visits=1
20.596,-6.800,0.100,-6.758,run|wait=2.05|panic=2.39|target=1|speed=0.52|near=True|yaw=0.0|peeing=False|peeCooldown=123.2|aerial=False|glide=False|legs=0|activity=Retreat|site=3|visits=1
20.601,-6.800,0.100,-6.756,run|wait=2.05|panic=2.38|target=1|speed=0.54|near=True|yaw=0.0|peeing=False|peeCooldown=123.2|aerial=False|glide=False|legs=0|activity=Retreat|site=3|visits=1
20.604,-6.800,0.100,-6.754,run|wait=2.05|panic=2.38|target=1|speed=0.55|near=True|yaw=0.0|peeing=False|peeCooldown=123.2|aerial=False|glide=False|legs=0|activity=Retreat|site=3|visits=1
20.606,-6.800,0.100,-6.752,run|wait=2.05|panic=2.38|target=1|speed=0.57|near=True|yaw=0.0|peeing=False|peeCooldown=123.2|aerial=False|glide=False|legs=0|activity=Retreat|site=3|visits=1
20.609,-6.800,0.100,-6.751,run|wait=2.05|panic=2.37|target=1|speed=0.58|near=True|yaw=0.0|peeing=False|peeCooldown=123.2|aerial=False|glide=False|legs=0|activity=Retreat|site=3|visits=1
20.612,-6.800,0.100,-6.749,run|wait=2.05|panic=2.37|target=1|speed=0.59|near=True|yaw=0.0|peeing=False|peeCooldown=123.2|aerial=False|glide=False|legs=0|activity=Retreat|site=3|visits=1
20.616,-6.800,0.100,-6.747,run|wait=2.05|panic=2.37|target=1|speed=0.60|near=True|yaw=0.0|peeing=False|peeCooldown=123.2|aerial=False|glide=False|legs=0|activity=Retreat|site=3|visits=1
20.618,-6.800,0.100,-6.745,run|wait=2.05|panic=2.36|target=1|speed=0.61|near=True|yaw=0.0|peeing=False|peeCooldown=123.2|aerial=False|glide=False|legs=0|activity=Retreat|site=3|visits=1
20.621,-6.800,0.100,-6.744,run|wait=2.05|panic=2.36|target=1|speed=0.62|near=True|yaw=0.0|peeing=False|peeCooldown=123.2|aerial=False|glide=False|legs=0|activity=Retreat|site=3|visits=1
20.624,-6.800,0.100,-6.742,run|wait=2.05|panic=2.36|target=1|speed=0.64|near=True|yaw=0.0|peeing=False|peeCooldown=123.2|aerial=False|glide=False|legs=0|activity=Retreat|site=3|visits=1
20.627,-6.800,0.100,-6.740,run|wait=2.05|panic=2.36|target=1|speed=0.65|near=True|yaw=0.0|peeing=False|peeCooldown=123.2|aerial=False|glide=False|legs=0|activity=Retreat|site=3|visits=1
20.629,-6.800,0.100,-6.738,run|wait=2.05|panic=2.35|target=1|speed=0.66|near=True|yaw=0.0|peeing=False|peeCooldown=123.2|aerial=False|glide=False|legs=0|activity=Retreat|site=3|visits=1
20.634,-6.800,0.100,-6.735,run|wait=2.05|panic=2.35|target=1|speed=0.67|near=True|yaw=0.0|peeing=False|peeCooldown=123.2|aerial=False|glide=False|legs=0|activity=Retreat|site=3|visits=1
20.636,-6.800,0.100,-6.733,run|wait=2.05|panic=2.35|target=1|speed=0.68|near=True|yaw=0.0|peeing=False|peeCooldown=123.2|aerial=False|glide=False|legs=0|activity=Retreat|site=3|visits=1
20.639,-6.800,0.100,-6.731,run|wait=2.05|panic=2.34|target=1|speed=0.70|near=True|yaw=0.0|peeing=False|peeCooldown=123.2|aerial=False|glide=False|legs=0|activity=Retreat|site=3|visits=1
20.642,-6.800,0.100,-6.729,run|wait=2.05|panic=2.34|target=1|speed=0.71|near=True|yaw=0.0|peeing=False|peeCooldown=123.2|aerial=False|glide=False|legs=0|activity=Retreat|site=3|visits=1
20.645,-6.800,0.100,-6.727,run|wait=2.05|panic=2.34|target=1|speed=0.72|near=True|yaw=0.0|peeing=False|peeCooldown=123.2|aerial=False|glide=False|legs=0|activity=Retreat|site=3|visits=1
20.648,-6.800,0.100,-6.725,run|wait=2.05|panic=2.33|target=1|speed=0.73|near=True|yaw=0.0|peeing=False|peeCooldown=123.2|aerial=False|glide=False|legs=0|activity=Retreat|site=3|visits=1
20.650,-6.800,0.100,-6.723,run|wait=2.05|panic=2.33|target=1|speed=0.74|near=True|yaw=0.0|peeing=False|peeCooldown=123.2|aerial=False|glide=False|legs=0|activity=Retreat|site=3|visits=1
20.653,-6.800,0.100,-6.721,run|wait=2.05|panic=2.33|target=1|speed=0.75|near=True|yaw=0.0|peeing=False|peeCooldown=123.2|aerial=False|glide=False|legs=0|activity=Retreat|site=3|visits=1
20.656,-6.800,0.100,-6.719,run|wait=2.05|panic=2.33|target=1|speed=0.76|near=True|yaw=0.0|peeing=False|peeCooldown=123.2|aerial=False|glide=False|legs=0|activity=Retreat|site=3|visits=1
20.658,-6.800,0.100,-6.717,run|wait=2.05|panic=2.32|target=1|speed=0.77|near=True|yaw=0.0|peeing=False|peeCooldown=123.2|aerial=False|glide=False|legs=0|activity=Retreat|site=3|visits=1
20.661,-6.800,0.100,-6.715,run|wait=2.05|panic=2.32|target=1|speed=0.78|near=True|yaw=0.0|peeing=False|peeCooldown=123.2|aerial=False|glide=False|legs=0|activity=Retreat|site=3|visits=1
20.664,-6.800,0.100,-6.713,run|wait=2.05|panic=2.32|target=1|speed=0.80|near=True|yaw=0.0|peeing=False|peeCooldown=123.2|aerial=False|glide=False|legs=0|activity=Retreat|site=3|visits=1
20.666,-6.800,0.100,-6.711,run|wait=2.05|panic=2.32|target=1|speed=0.81|near=True|yaw=0.0|peeing=False|peeCooldown=123.2|aerial=False|glide=False|legs=0|activity=Retreat|site=3|visits=1
20.673,-6.800,0.100,-6.705,run|wait=2.05|panic=2.31|target=1|speed=0.83|near=True|yaw=0.0|peeing=False|peeCooldown=123.2|aerial=False|glide=False|legs=0|activity=Retreat|site=3|visits=1
20.677,-6.800,0.100,-6.702,run|wait=2.05|panic=2.31|target=1|speed=0.85|near=True|yaw=0.0|peeing=False|peeCooldown=123.2|aerial=False|glide=False|legs=0|activity=Retreat|site=3|visits=1
20.679,-6.800,0.100,-6.700,run|wait=2.05|panic=2.30|target=1|speed=0.86|near=True|yaw=0.0|peeing=False|peeCooldown=123.2|aerial=False|glide=False|legs=0|activity=Retreat|site=3|visits=1
20.682,-6.800,0.100,-6.698,run|wait=2.05|panic=2.30|target=1|speed=0.87|near=True|yaw=0.0|peeing=False|peeCooldown=123.2|aerial=False|glide=False|legs=0|activity=Retreat|site=3|visits=1
20.687,-6.800,0.100,-6.693,run|wait=2.05|panic=2.30|target=1|speed=0.89|near=True|yaw=0.0|peeing=False|peeCooldown=123.1|aerial=False|glide=False|legs=0|activity=Retreat|site=3|visits=1
20.690,-6.800,0.100,-6.691,run|wait=2.05|panic=2.29|target=1|speed=0.90|near=True|yaw=0.0|peeing=False|peeCooldown=123.1|aerial=False|glide=False|legs=0|activity=Retreat|site=3|visits=1
20.692,-6.800,0.100,-6.688,run|wait=2.05|panic=2.29|target=1|speed=0.91|near=True|yaw=0.0|peeing=False|peeCooldown=123.1|aerial=False|glide=False|legs=0|activity=Retreat|site=3|visits=1
20.695,-6.800,0.100,-6.686,run|wait=2.05|panic=2.29|target=1|speed=0.92|near=True|yaw=0.0|peeing=False|peeCooldown=123.1|aerial=False|glide=False|legs=0|activity=Retreat|site=3|visits=1
20.698,-6.800,0.100,-6.683,run|wait=2.05|panic=2.28|target=1|speed=0.93|near=True|yaw=0.0|peeing=False|peeCooldown=123.1|aerial=False|glide=False|legs=0|activity=Retreat|site=3|visits=1
20.705,-6.800,0.100,-6.677,run|wait=2.05|panic=2.28|target=1|speed=0.96|near=True|yaw=0.0|peeing=False|peeCooldown=123.1|aerial=False|glide=False|legs=0|activity=Retreat|site=3|visits=1
20.709,-6.800,0.100,-6.672,run|wait=2.05|panic=2.27|target=1|speed=0.98|near=True|yaw=0.0|peeing=False|peeCooldown=123.1|aerial=False|glide=False|legs=0|activity=Retreat|site=3|visits=1
20.712,-6.800,0.100,-6.670,run|wait=2.05|panic=2.27|target=1|speed=0.99|near=True|yaw=0.0|peeing=False|peeCooldown=123.1|aerial=False|glide=False|legs=0|activity=Retreat|site=3|visits=1
20.714,-6.800,0.100,-6.667,run|wait=2.05|panic=2.27|target=1|speed=1.00|near=True|yaw=0.0|peeing=False|peeCooldown=123.1|aerial=False|glide=False|legs=0|activity=Retreat|site=3|visits=1
20.717,-6.800,0.100,-6.665,run|wait=2.05|panic=2.27|target=1|speed=1.01|near=True|yaw=0.0|peeing=False|peeCooldown=123.1|aerial=False|glide=False|legs=0|activity=Retreat|site=3|visits=1
20.720,-6.800,0.100,-6.662,run|wait=2.05|panic=2.26|target=1|speed=1.02|near=True|yaw=0.0|peeing=False|peeCooldown=123.1|aerial=False|glide=False|legs=0|activity=Retreat|site=3|visits=1
20.722,-6.800,0.100,-6.659,run|wait=2.05|panic=2.26|target=1|speed=1.03|near=True|yaw=0.0|peeing=False|peeCooldown=123.1|aerial=False|glide=False|legs=0|activity=Retreat|site=3|visits=1
20.726,-6.800,0.100,-6.656,run|wait=2.05|panic=2.26|target=1|speed=1.04|near=True|yaw=0.0|peeing=False|peeCooldown=123.1|aerial=False|glide=False|legs=0|activity=Retreat|site=3|visits=1
20.728,-6.800,0.100,-6.653,run|wait=2.05|panic=2.25|target=1|speed=1.05|near=True|yaw=0.0|peeing=False|peeCooldown=123.1|aerial=False|glide=False|legs=0|activity=Retreat|site=3|visits=1
20.731,-6.800,0.100,-6.650,run|wait=2.05|panic=2.25|target=1|speed=1.06|near=True|yaw=0.0|peeing=False|peeCooldown=123.1|aerial=False|glide=False|legs=0|activity=Retreat|site=3|visits=1
20.733,-6.800,0.100,-6.647,run|wait=2.05|panic=2.25|target=1|speed=1.07|near=True|yaw=0.0|peeing=False|peeCooldown=123.1|aerial=False|glide=False|legs=0|activity=Retreat|site=3|visits=1
20.738,-6.800,0.100,-6.643,run|wait=2.05|panic=2.24|target=1|speed=1.09|near=True|yaw=0.0|peeing=False|peeCooldown=123.1|aerial=False|glide=False|legs=0|activity=Retreat|site=3|visits=1
20.740,-6.800,0.100,-6.640,run|wait=2.05|panic=2.24|target=1|speed=1.10|near=True|yaw=0.0|peeing=False|peeCooldown=123.1|aerial=False|glide=False|legs=0|activity=Retreat|site=3|visits=1
20.743,-6.800,0.100,-6.636,run|wait=2.05|panic=2.24|target=1|speed=1.11|near=True|yaw=0.0|peeing=False|peeCooldown=123.1|aerial=False|glide=False|legs=0|activity=Retreat|site=3|visits=1
20.746,-6.800,0.100,-6.633,run|wait=2.05|panic=2.24|target=1|speed=1.12|near=True|yaw=0.0|peeing=False|peeCooldown=123.1|aerial=False|glide=False|legs=0|activity=Retreat|site=3|visits=1
20.749,-6.800,0.100,-6.630,run|wait=2.05|panic=2.23|target=1|speed=1.13|near=True|yaw=0.0|peeing=False|peeCooldown=123.1|aerial=False|glide=False|legs=0|activity=Retreat|site=3|visits=1
20.751,-6.800,0.100,-6.628,run|wait=2.05|panic=2.23|target=1|speed=1.14|near=True|yaw=0.0|peeing=False|peeCooldown=123.1|aerial=False|glide=False|legs=0|activity=Retreat|site=3|visits=1
20.754,-6.800,0.100,-6.625,run|wait=2.05|panic=2.23|target=1|speed=1.15|near=True|yaw=0.0|peeing=False|peeCooldown=123.1|aerial=False|glide=False|legs=0|activity=Retreat|site=3|visits=1
20.756,-6.800,0.100,-6.622,run|wait=2.05|panic=2.23|target=1|speed=1.16|near=True|yaw=0.0|peeing=False|peeCooldown=123.1|aerial=False|glide=False|legs=0|activity=Retreat|site=3|visits=1
20.759,-6.800,0.100,-6.619,run|wait=2.05|panic=2.22|target=1|speed=1.17|near=True|yaw=0.0|peeing=False|peeCooldown=123.1|aerial=False|glide=False|legs=0|activity=Retreat|site=3|visits=1
20.761,-6.800,0.100,-6.616,run|wait=2.05|panic=2.22|target=1|speed=1.18|near=True|yaw=0.0|peeing=False|peeCooldown=123.1|aerial=False|glide=False|legs=0|activity=Retreat|site=3|visits=1
20.764,-6.800,0.100,-6.612,run|wait=2.05|panic=2.22|target=1|speed=1.20|near=True|yaw=0.0|peeing=False|peeCooldown=123.1|aerial=False|glide=False|legs=0|activity=Retreat|site=3|visits=1
20.767,-6.800,0.100,-6.609,run|wait=2.05|panic=2.22|target=1|speed=1.21|near=True|yaw=0.0|peeing=False|peeCooldown=123.1|aerial=False|glide=False|legs=0|activity=Retreat|site=3|visits=1
20.769,-6.800,0.100,-6.606,run|wait=2.05|panic=2.21|target=1|speed=1.22|near=True|yaw=0.0|peeing=False|peeCooldown=123.1|aerial=False|glide=False|legs=0|activity=Retreat|site=3|visits=1
20.772,-6.800,0.100,-6.603,run|wait=2.05|panic=2.21|target=1|speed=1.23|near=True|yaw=0.0|peeing=False|peeCooldown=123.1|aerial=False|glide=False|legs=0|activity=Retreat|site=3|visits=1
20.775,-6.800,0.100,-6.599,run|wait=2.05|panic=2.21|target=1|speed=1.24|near=True|yaw=0.0|peeing=False|peeCooldown=123.1|aerial=False|glide=False|legs=0|activity=Retreat|site=3|visits=1
20.778,-6.800,0.100,-6.596,run|wait=2.05|panic=2.20|target=1|speed=1.25|near=True|yaw=0.0|peeing=False|peeCooldown=123.1|aerial=False|glide=False|legs=0|activity=Retreat|site=3|visits=1
20.780,-6.800,0.100,-6.592,run|wait=2.05|panic=2.20|target=1|speed=1.26|near=True|yaw=0.0|peeing=False|peeCooldown=123.1|aerial=False|glide=False|legs=0|activity=Retreat|site=3|visits=1
20.783,-6.800,0.100,-6.588,run|wait=2.05|panic=2.20|target=1|speed=1.27|near=True|yaw=0.0|peeing=False|peeCooldown=123.1|aerial=False|glide=False|legs=0|activity=Retreat|site=3|visits=1
20.788,-6.800,0.100,-6.583,run|wait=2.05|panic=2.20|target=1|speed=1.29|near=True|yaw=0.0|peeing=False|peeCooldown=123.0|aerial=False|glide=False|legs=0|activity=Retreat|site=3|visits=1
20.790,-6.800,0.100,-6.580,run|wait=2.05|panic=2.19|target=1|speed=1.30|near=True|yaw=0.0|peeing=False|peeCooldown=123.0|aerial=False|glide=False|legs=0|activity=Retreat|site=3|visits=1
20.792,-6.800,0.100,-6.577,run|wait=2.05|panic=2.19|target=1|speed=1.31|near=True|yaw=0.0|peeing=False|peeCooldown=123.0|aerial=False|glide=False|legs=0|activity=Retreat|site=3|visits=1
20.795,-6.800,0.100,-6.573,run|wait=2.05|panic=2.19|target=1|speed=1.32|near=True|yaw=0.0|peeing=False|peeCooldown=123.0|aerial=False|glide=False|legs=0|activity=Retreat|site=3|visits=1
20.798,-6.800,0.100,-6.570,run|wait=2.05|panic=2.18|target=1|speed=1.33|near=True|yaw=0.0|peeing=False|peeCooldown=123.0|aerial=False|glide=False|legs=0|activity=Retreat|site=3|visits=1
20.800,-6.800,0.100,-6.566,run|wait=2.05|panic=2.18|target=1|speed=1.34|near=True|yaw=0.0|peeing=False|peeCooldown=123.0|aerial=False|glide=False|legs=0|activity=Retreat|site=3|visits=1
20.803,-6.800,0.100,-6.562,run|wait=2.05|panic=2.18|target=1|speed=1.35|near=True|yaw=0.0|peeing=False|peeCooldown=123.0|aerial=False|glide=False|legs=0|activity=Retreat|site=3|visits=1
20.806,-6.800,0.100,-6.559,run|wait=2.05|panic=2.18|target=1|speed=1.36|near=True|yaw=0.0|peeing=False|peeCooldown=123.0|aerial=False|glide=False|legs=0|activity=Retreat|site=3|visits=1
20.812,-6.800,0.100,-6.550,run|wait=2.05|panic=2.17|target=1|speed=1.39|near=True|yaw=0.0|peeing=False|peeCooldown=123.0|aerial=False|glide=False|legs=0|activity=Retreat|site=3|visits=1
20.816,-6.800,0.100,-6.545,run|wait=2.05|panic=2.17|target=1|speed=1.40|near=True|yaw=0.0|peeing=False|peeCooldown=123.0|aerial=False|glide=False|legs=0|activity=Retreat|site=3|visits=1
20.818,-6.800,0.100,-6.541,run|wait=2.05|panic=2.16|target=1|speed=1.41|near=True|yaw=0.0|peeing=False|peeCooldown=123.0|aerial=False|glide=False|legs=0|activity=Retreat|site=3|visits=1
20.821,-6.800,0.100,-6.538,run|wait=2.05|panic=2.16|target=1|speed=1.42|near=True|yaw=0.0|peeing=False|peeCooldown=123.0|aerial=False|glide=False|legs=0|activity=Retreat|site=3|visits=1
20.824,-6.800,0.100,-6.533,run|wait=2.05|panic=2.16|target=1|speed=1.43|near=True|yaw=0.0|peeing=False|peeCooldown=123.0|aerial=False|glide=False|legs=0|activity=Retreat|site=3|visits=1
20.826,-6.800,0.100,-6.530,run|wait=2.05|panic=2.16|target=1|speed=1.44|near=True|yaw=0.0|peeing=False|peeCooldown=123.0|aerial=False|glide=False|legs=0|activity=Retreat|site=3|visits=1
20.829,-6.800,0.100,-6.527,run|wait=2.05|panic=2.15|target=1|speed=1.45|near=True|yaw=0.0|peeing=False|peeCooldown=123.0|aerial=False|glide=False|legs=0|activity=Retreat|site=3|visits=1
20.832,-6.800,0.100,-6.522,run|wait=2.05|panic=2.15|target=1|speed=1.47|near=True|yaw=0.0|peeing=False|peeCooldown=123.0|aerial=False|glide=False|legs=0|activity=Retreat|site=3|visits=1
20.834,-6.800,0.100,-6.518,run|wait=2.05|panic=2.15|target=1|speed=1.48|near=True|yaw=0.0|peeing=False|peeCooldown=123.0|aerial=False|glide=False|legs=0|activity=Retreat|site=3|visits=1
20.839,-6.800,0.100,-6.512,run|wait=2.05|panic=2.14|target=1|speed=1.49|near=True|yaw=0.0|peeing=False|peeCooldown=123.0|aerial=False|glide=False|legs=0|activity=Retreat|site=3|visits=1
20.841,-6.800,0.100,-6.508,run|wait=2.05|panic=2.14|target=1|speed=1.50|near=True|yaw=0.0|peeing=False|peeCooldown=123.0|aerial=False|glide=False|legs=0|activity=Retreat|site=3|visits=1
20.844,-6.800,0.100,-6.503,run|wait=2.05|panic=2.14|target=1|speed=1.52|near=True|yaw=0.0|peeing=False|peeCooldown=123.0|aerial=False|glide=False|legs=0|activity=Retreat|site=3|visits=1
20.847,-6.800,0.100,-6.500,run|wait=2.05|panic=2.14|target=1|speed=1.53|near=True|yaw=0.0|peeing=False|peeCooldown=123.0|aerial=False|glide=False|legs=0|activity=Retreat|site=3|visits=1
20.849,-6.800,0.100,-6.500,run|wait=2.05|panic=2.13|target=1|speed=1.53|near=True|yaw=0.0|peeing=False|peeCooldown=123.0|aerial=False|glide=False|legs=0|activity=Retreat|site=3|visits=1
20.852,-6.800,0.100,-6.496,run|wait=2.05|panic=2.13|target=1|speed=1.54|near=True|yaw=0.0|peeing=False|peeCooldown=123.0|aerial=False|glide=False|legs=0|activity=Retreat|site=3|visits=1
20.854,-6.800,0.100,-6.492,run|wait=2.05|panic=2.13|target=1|speed=1.55|near=True|yaw=0.0|peeing=False|peeCooldown=123.0|aerial=False|glide=False|legs=0|activity=Retreat|site=3|visits=1
20.856,-6.800,0.100,-6.489,run|wait=2.05|panic=2.13|target=1|speed=1.56|near=True|yaw=0.0|peeing=False|peeCooldown=123.0|aerial=False|glide=False|legs=0|activity=Retreat|site=3|visits=1
20.859,-6.800,0.100,-6.485,run|wait=2.05|panic=2.12|target=1|speed=1.57|near=True|yaw=0.0|peeing=False|peeCooldown=123.0|aerial=False|glide=False|legs=0|activity=Retreat|site=3|visits=1
20.861,-6.800,0.100,-6.481,run|wait=2.05|panic=2.12|target=1|speed=1.58|near=True|yaw=0.0|peeing=False|peeCooldown=123.0|aerial=False|glide=False|legs=0|activity=Retreat|site=3|visits=1
20.864,-6.800,0.100,-6.476,run|wait=2.05|panic=2.12|target=1|speed=1.59|near=True|yaw=0.0|peeing=False|peeCooldown=123.0|aerial=False|glide=False|legs=0|activity=Retreat|site=3|visits=1
20.867,-6.800,0.100,-6.472,run|wait=2.05|panic=2.12|target=1|speed=1.60|near=True|yaw=0.0|peeing=False|peeCooldown=123.0|aerial=False|glide=False|legs=0|activity=Retreat|site=3|visits=1
20.870,-6.800,0.100,-6.468,run|wait=2.05|panic=2.11|target=1|speed=1.61|near=True|yaw=0.0|peeing=False|peeCooldown=123.0|aerial=False|glide=False|legs=0|activity=Retreat|site=3|visits=1
20.872,-6.800,0.100,-6.463,run|wait=2.05|panic=2.11|target=1|speed=1.62|near=True|yaw=0.0|peeing=False|peeCooldown=123.0|aerial=False|glide=False|legs=0|activity=Retreat|site=3|visits=1
20.875,-6.800,0.100,-6.459,run|wait=2.05|panic=2.11|target=1|speed=1.63|near=True|yaw=0.0|peeing=False|peeCooldown=123.0|aerial=False|glide=False|legs=0|activity=Retreat|site=3|visits=1
20.878,-6.800,0.100,-6.454,run|wait=2.05|panic=2.10|target=1|speed=1.64|near=True|yaw=0.0|peeing=False|peeCooldown=123.0|aerial=False|glide=False|legs=0|activity=Retreat|site=3|visits=1
20.880,-6.800,0.100,-6.450,run|wait=2.05|panic=2.10|target=1|speed=1.65|near=True|yaw=0.0|peeing=False|peeCooldown=123.0|aerial=False|glide=False|legs=0|activity=Retreat|site=3|visits=1
20.883,-6.800,0.100,-6.445,run|wait=2.05|panic=2.10|target=1|speed=1.66|near=True|yaw=0.0|peeing=False|peeCooldown=123.0|aerial=False|glide=False|legs=0|activity=Retreat|site=3|visits=1
20.886,-6.800,0.100,-6.441,run|wait=2.05|panic=2.10|target=1|speed=1.67|near=True|yaw=0.0|peeing=False|peeCooldown=122.9|aerial=False|glide=False|legs=0|activity=Retreat|site=3|visits=1
20.890,-6.800,0.100,-6.433,run|wait=2.05|panic=2.09|target=1|speed=1.69|near=True|yaw=0.0|peeing=False|peeCooldown=122.9|aerial=False|glide=False|legs=0|activity=Retreat|site=3|visits=1
20.893,-6.800,0.100,-6.429,run|wait=2.05|panic=2.09|target=1|speed=1.70|near=True|yaw=0.0|peeing=False|peeCooldown=122.9|aerial=False|glide=False|legs=0|activity=Retreat|site=3|visits=1
20.895,-6.800,0.100,-6.425,run|wait=2.05|panic=2.09|target=1|speed=1.71|near=True|yaw=0.0|peeing=False|peeCooldown=122.9|aerial=False|glide=False|legs=0|activity=Retreat|site=3|visits=1
20.898,-6.800,0.100,-6.421,run|wait=2.05|panic=2.08|target=1|speed=1.72|near=True|yaw=0.0|peeing=False|peeCooldown=122.9|aerial=False|glide=False|legs=0|activity=Retreat|site=3|visits=1
20.900,-6.800,0.100,-6.416,run|wait=2.05|panic=2.08|target=1|speed=1.73|near=True|yaw=0.0|peeing=False|peeCooldown=122.9|aerial=False|glide=False|legs=0|activity=Retreat|site=3|visits=1
20.904,-6.800,0.100,-6.411,run|wait=2.05|panic=2.08|target=1|speed=1.74|near=True|yaw=0.0|peeing=False|peeCooldown=122.9|aerial=False|glide=False|legs=0|activity=Retreat|site=3|visits=1
20.906,-6.800,0.100,-6.406,run|wait=2.05|panic=2.08|target=1|speed=1.75|near=True|yaw=0.0|peeing=False|peeCooldown=122.9|aerial=False|glide=False|legs=0|activity=Retreat|site=3|visits=1
20.909,-6.800,0.100,-6.402,run|wait=2.05|panic=2.07|target=1|speed=1.76|near=True|yaw=0.0|peeing=False|peeCooldown=122.9|aerial=False|glide=False|legs=0|activity=Retreat|site=3|visits=1
20.911,-6.800,0.100,-6.397,run|wait=2.05|panic=2.07|target=1|speed=1.77|near=True|yaw=0.0|peeing=False|peeCooldown=122.9|aerial=False|glide=False|legs=0|activity=Retreat|site=3|visits=1
20.913,-6.800,0.100,-6.393,run|wait=2.05|panic=2.07|target=1|speed=1.78|near=True|yaw=0.0|peeing=False|peeCooldown=122.9|aerial=False|glide=False|legs=0|activity=Retreat|site=3|visits=1
20.916,-6.800,0.100,-6.389,run|wait=2.05|panic=2.07|target=1|speed=1.79|near=True|yaw=0.0|peeing=False|peeCooldown=122.9|aerial=False|glide=False|legs=0|activity=Retreat|site=3|visits=1
20.918,-6.800,0.100,-6.384,run|wait=2.05|panic=2.06|target=1|speed=1.80|near=True|yaw=0.0|peeing=False|peeCooldown=122.9|aerial=False|glide=False|legs=0|activity=Retreat|site=3|visits=1
20.921,-6.800,0.100,-6.380,run|wait=2.05|panic=2.06|target=1|speed=1.81|near=True|yaw=0.0|peeing=False|peeCooldown=122.9|aerial=False|glide=False|legs=0|activity=Retreat|site=3|visits=1
20.924,-6.800,0.100,-6.374,run|wait=2.05|panic=2.06|target=1|speed=1.83|near=True|yaw=0.0|peeing=False|peeCooldown=122.9|aerial=False|glide=False|legs=0|activity=Retreat|site=3|visits=1
20.926,-6.800,0.100,-6.370,run|wait=2.05|panic=2.06|target=1|speed=1.84|near=True|yaw=0.0|peeing=False|peeCooldown=122.9|aerial=False|glide=False|legs=0|activity=Retreat|site=3|visits=1
20.929,-6.800,0.100,-6.365,run|wait=2.05|panic=2.05|target=1|speed=1.85|near=True|yaw=0.0|peeing=False|peeCooldown=122.9|aerial=False|glide=False|legs=0|activity=Retreat|site=3|visits=1
20.934,-6.800,0.100,-6.355,run|wait=2.05|panic=2.05|target=1|speed=1.87|near=True|yaw=0.0|peeing=False|peeCooldown=122.9|aerial=False|glide=False|legs=0|activity=Retreat|site=3|visits=1
20.940,-6.800,0.100,-6.344,run|wait=2.05|panic=2.04|target=1|speed=1.89|near=True|yaw=0.0|peeing=False|peeCooldown=122.9|aerial=False|glide=False|legs=0|activity=Retreat|site=3|visits=1
20.946,-6.800,0.100,-6.333,run|wait=2.05|panic=2.04|target=1|speed=1.91|near=True|yaw=0.0|peeing=False|peeCooldown=122.9|aerial=False|glide=False|legs=0|activity=Retreat|site=3|visits=1
20.949,-6.800,0.100,-6.327,run|wait=2.05|panic=2.03|target=1|speed=1.93|near=True|yaw=0.0|peeing=False|peeCooldown=122.9|aerial=False|glide=False|legs=0|activity=Retreat|site=3|visits=1
20.951,-6.800,0.100,-6.322,run|wait=2.05|panic=2.03|target=1|speed=1.94|near=True|yaw=0.0|peeing=False|peeCooldown=122.9|aerial=False|glide=False|legs=0|activity=Retreat|site=3|visits=1
20.954,-6.800,0.100,-6.317,run|wait=2.05|panic=2.03|target=1|speed=1.95|near=True|yaw=0.0|peeing=False|peeCooldown=122.9|aerial=False|glide=False|legs=0|activity=Retreat|site=3|visits=1
20.956,-6.800,0.100,-6.312,run|wait=2.05|panic=2.03|target=1|speed=1.96|near=True|yaw=0.0|peeing=False|peeCooldown=122.9|aerial=False|glide=False|legs=0|activity=Retreat|site=3|visits=1
20.959,-6.800,0.100,-6.308,run|wait=2.05|panic=2.02|target=1|speed=1.97|near=True|yaw=0.0|peeing=False|peeCooldown=122.9|aerial=False|glide=False|legs=0|activity=Retreat|site=3|visits=1
20.961,-6.800,0.100,-6.303,run|wait=2.05|panic=2.02|target=1|speed=1.98|near=True|yaw=0.0|peeing=False|peeCooldown=122.9|aerial=False|glide=False|legs=0|activity=Retreat|site=3|visits=1
20.964,-6.800,0.100,-6.297,run|wait=2.05|panic=2.02|target=1|speed=1.99|near=True|yaw=0.0|peeing=False|peeCooldown=122.9|aerial=False|glide=False|legs=0|activity=Retreat|site=3|visits=1
20.967,-6.800,0.100,-6.292,run|wait=2.05|panic=2.02|target=1|speed=2.00|near=True|yaw=0.0|peeing=False|peeCooldown=122.9|aerial=False|glide=False|legs=0|activity=Retreat|site=3|visits=1
20.969,-6.800,0.100,-6.287,run|wait=2.05|panic=2.01|target=1|speed=2.01|near=True|yaw=0.0|peeing=False|peeCooldown=122.9|aerial=False|glide=False|legs=0|activity=Retreat|site=3|visits=1
20.972,-6.800,0.100,-6.282,run|wait=2.05|panic=2.01|target=1|speed=2.02|near=True|yaw=0.0|peeing=False|peeCooldown=122.9|aerial=False|glide=False|legs=0|activity=Retreat|site=3|visits=1
20.975,-6.800,0.100,-6.276,run|wait=2.05|panic=2.01|target=1|speed=2.03|near=True|yaw=0.0|peeing=False|peeCooldown=122.9|aerial=False|glide=False|legs=0|activity=Retreat|site=3|visits=1
20.977,-6.800,0.100,-6.271,run|wait=2.05|panic=2.01|target=1|speed=2.04|near=True|yaw=0.0|peeing=False|peeCooldown=122.9|aerial=False|glide=False|legs=0|activity=Retreat|site=3|visits=1
20.980,-6.800,0.100,-6.265,run|wait=2.05|panic=2.00|target=1|speed=2.05|near=True|yaw=0.0|peeing=False|peeCooldown=122.9|aerial=False|glide=False|legs=0|activity=Retreat|site=3|visits=1
20.982,-6.800,0.100,-6.260,run|wait=2.05|panic=2.00|target=1|speed=2.06|near=True|yaw=0.0|peeing=False|peeCooldown=122.9|aerial=False|glide=False|legs=0|activity=Retreat|site=3|visits=1
20.986,-6.800,0.100,-6.254,run|wait=2.05|panic=2.00|target=1|speed=2.07|near=True|yaw=0.0|peeing=False|peeCooldown=122.9|aerial=False|glide=False|legs=0|activity=Retreat|site=3|visits=1
20.988,-6.800,0.100,-6.248,run|wait=2.05|panic=1.99|target=1|speed=2.08|near=True|yaw=0.0|peeing=False|peeCooldown=122.8|aerial=False|glide=False|legs=0|activity=Retreat|site=3|visits=1
20.991,-6.800,0.100,-6.243,run|wait=2.05|panic=1.99|target=1|speed=2.09|near=True|yaw=0.0|peeing=False|peeCooldown=122.8|aerial=False|glide=False|legs=0|activity=Retreat|site=3|visits=1
20.999,-6.800,0.100,-6.226,run|wait=2.05|panic=1.98|target=1|speed=2.12|near=True|yaw=0.0|peeing=False|peeCooldown=122.8|aerial=False|glide=False|legs=0|activity=Retreat|site=3|visits=1
21.002,-6.800,0.100,-6.219,run|wait=2.05|panic=1.98|target=1|speed=2.14|near=True|yaw=0.0|peeing=False|peeCooldown=122.8|aerial=False|glide=False|legs=0|activity=Retreat|site=3|visits=1
21.005,-6.800,0.100,-6.213,run|wait=2.05|panic=1.98|target=1|speed=2.15|near=True|yaw=0.0|peeing=False|peeCooldown=122.8|aerial=False|glide=False|legs=0|activity=Retreat|site=3|visits=1
21.007,-6.800,0.100,-6.207,run|wait=2.05|panic=1.98|target=1|speed=2.16|near=True|yaw=0.0|peeing=False|peeCooldown=122.8|aerial=False|glide=False|legs=0|activity=Retreat|site=3|visits=1
21.010,-6.800,0.100,-6.202,run|wait=2.05|panic=1.97|target=1|speed=2.17|near=True|yaw=0.0|peeing=False|peeCooldown=122.8|aerial=False|glide=False|legs=0|activity=Retreat|site=3|visits=1
21.012,-6.800,0.100,-6.197,run|wait=2.05|panic=1.97|target=1|speed=2.18|near=True|yaw=0.0|peeing=False|peeCooldown=122.8|aerial=False|glide=False|legs=0|activity=Retreat|site=3|visits=1
21.015,-6.800,0.100,-6.191,run|wait=2.05|panic=1.97|target=1|speed=2.19|near=True|yaw=0.0|peeing=False|peeCooldown=122.8|aerial=False|glide=False|legs=0|activity=Retreat|site=3|visits=1
21.018,-6.800,0.100,-6.185,run|wait=2.05|panic=1.96|target=1|speed=2.20|near=True|yaw=0.0|peeing=False|peeCooldown=122.8|aerial=False|glide=False|legs=0|activity=Retreat|site=3|visits=1
21.020,-6.800,0.100,-6.179,run|wait=2.05|panic=1.96|target=1|speed=2.20|near=True|yaw=0.0|peeing=False|peeCooldown=122.8|aerial=False|glide=False|legs=0|activity=Retreat|site=3|visits=1
21.024,-6.800,0.100,-6.172,run|wait=2.05|panic=1.96|target=1|speed=2.20|near=True|yaw=0.0|peeing=False|peeCooldown=122.8|aerial=False|glide=False|legs=0|activity=Retreat|site=3|visits=1
21.026,-6.800,0.100,-6.166,run|wait=2.05|panic=1.96|target=1|speed=2.20|near=True|yaw=0.0|peeing=False|peeCooldown=122.8|aerial=False|glide=False|legs=0|activity=Retreat|site=3|visits=1
21.029,-6.800,0.100,-6.160,run|wait=2.05|panic=1.95|target=1|speed=2.20|near=True|yaw=0.0|peeing=False|peeCooldown=122.8|aerial=False|glide=False|legs=0|activity=Retreat|site=3|visits=1
21.032,-6.800,0.100,-6.154,run|wait=2.05|panic=1.95|target=1|speed=2.20|near=True|yaw=0.0|peeing=False|peeCooldown=122.8|aerial=False|glide=False|legs=0|activity=Retreat|site=3|visits=1
21.034,-6.800,0.100,-6.149,run|wait=2.05|panic=1.95|target=1|speed=2.20|near=True|yaw=0.0|peeing=False|peeCooldown=122.8|aerial=False|glide=False|legs=0|activity=Retreat|site=3|visits=1
21.036,-6.800,0.100,-6.144,run|wait=2.05|panic=1.95|target=1|speed=2.20|near=True|yaw=0.0|peeing=False|peeCooldown=122.8|aerial=False|glide=False|legs=0|activity=Retreat|site=3|visits=1
21.042,-6.800,0.100,-6.131,run|wait=2.05|panic=1.94|target=1|speed=2.20|near=True|yaw=0.0|peeing=False|peeCooldown=122.8|aerial=False|glide=False|legs=0|activity=Retreat|site=3|visits=1
21.048,-6.800,0.100,-6.119,run|wait=2.05|panic=1.93|target=1|speed=2.20|near=True|yaw=0.0|peeing=False|peeCooldown=122.8|aerial=False|glide=False|legs=0|activity=Retreat|site=3|visits=1
21.050,-6.800,0.100,-6.113,run|wait=2.05|panic=1.93|target=1|speed=2.20|near=True|yaw=0.0|peeing=False|peeCooldown=122.8|aerial=False|glide=False|legs=0|activity=Retreat|site=3|visits=1
21.053,-6.800,0.100,-6.108,run|wait=2.05|panic=1.93|target=1|speed=2.20|near=True|yaw=0.0|peeing=False|peeCooldown=122.8|aerial=False|glide=False|legs=0|activity=Retreat|site=3|visits=1
21.055,-6.800,0.100,-6.102,run|wait=2.05|panic=1.93|target=1|speed=2.20|near=True|yaw=0.0|peeing=False|peeCooldown=122.8|aerial=False|glide=False|legs=0|activity=Retreat|site=3|visits=1
21.058,-6.800,0.100,-6.097,run|wait=2.05|panic=1.92|target=1|speed=2.20|near=True|yaw=0.0|peeing=False|peeCooldown=122.8|aerial=False|glide=False|legs=0|activity=Retreat|site=3|visits=1
21.060,-6.800,0.100,-6.091,run|wait=2.05|panic=1.92|target=1|speed=2.20|near=True|yaw=0.0|peeing=False|peeCooldown=122.8|aerial=False|glide=False|legs=0|activity=Retreat|site=3|visits=1
21.063,-6.800,0.100,-6.084,run|wait=2.05|panic=1.92|target=1|speed=2.20|near=True|yaw=0.0|peeing=False|peeCooldown=122.8|aerial=False|glide=False|legs=0|activity=Retreat|site=3|visits=1
21.066,-6.800,0.100,-6.079,run|wait=2.05|panic=1.92|target=1|speed=2.20|near=True|yaw=0.0|peeing=False|peeCooldown=122.8|aerial=False|glide=False|legs=0|activity=Retreat|site=3|visits=1
21.068,-6.800,0.100,-6.074,run|wait=2.05|panic=1.91|target=1|speed=2.20|near=True|yaw=0.0|peeing=False|peeCooldown=122.8|aerial=False|glide=False|legs=0|activity=Retreat|site=3|visits=1
21.071,-6.800,0.100,-6.068,run|wait=2.05|panic=1.91|target=1|speed=2.20|near=True|yaw=0.0|peeing=False|peeCooldown=122.8|aerial=False|glide=False|legs=0|activity=Retreat|site=3|visits=1
21.073,-6.800,0.100,-6.063,run|wait=2.05|panic=1.91|target=1|speed=2.20|near=True|yaw=0.0|peeing=False|peeCooldown=122.8|aerial=False|glide=False|legs=0|activity=Retreat|site=3|visits=1
21.076,-6.800,0.100,-6.057,run|wait=2.05|panic=1.91|target=1|speed=2.20|near=True|yaw=0.0|peeing=False|peeCooldown=122.8|aerial=False|glide=False|legs=0|activity=Retreat|site=3|visits=1
21.078,-6.800,0.100,-6.052,run|wait=2.05|panic=1.90|target=1|speed=2.20|near=True|yaw=0.0|peeing=False|peeCooldown=122.8|aerial=False|glide=False|legs=0|activity=Retreat|site=3|visits=1
21.080,-6.800,0.100,-6.047,run|wait=2.05|panic=1.90|target=1|speed=2.20|near=True|yaw=0.0|peeing=False|peeCooldown=122.8|aerial=False|glide=False|legs=0|activity=Retreat|site=3|visits=1
21.083,-6.800,0.100,-6.040,run|wait=2.05|panic=1.90|target=1|speed=2.20|near=True|yaw=0.0|peeing=False|peeCooldown=122.8|aerial=False|glide=False|legs=0|activity=Retreat|site=3|visits=1
21.086,-6.800,0.100,-6.035,run|wait=2.05|panic=1.90|target=1|speed=2.20|near=True|yaw=0.0|peeing=False|peeCooldown=122.7|aerial=False|glide=False|legs=0|activity=Retreat|site=3|visits=1
21.089,-6.800,0.100,-6.029,run|wait=2.05|panic=1.89|target=1|speed=2.20|near=True|yaw=0.0|peeing=False|peeCooldown=122.7|aerial=False|glide=False|legs=0|activity=Retreat|site=3|visits=1
21.091,-6.800,0.100,-6.023,run|wait=2.05|panic=1.89|target=1|speed=2.20|near=True|yaw=0.0|peeing=False|peeCooldown=122.7|aerial=False|glide=False|legs=0|activity=Retreat|site=3|visits=1
21.094,-6.800,0.100,-6.016,run|wait=2.05|panic=1.89|target=1|speed=2.20|near=True|yaw=0.0|peeing=False|peeCooldown=122.7|aerial=False|glide=False|legs=0|activity=Retreat|site=3|visits=1
21.099,-6.800,0.100,-6.005,run|wait=2.05|panic=1.88|target=1|speed=2.20|near=True|yaw=0.0|peeing=False|peeCooldown=122.7|aerial=False|glide=False|legs=0|activity=Retreat|site=3|visits=1
21.102,-6.800,0.100,-6.000,run|wait=2.05|panic=1.88|target=1|speed=2.20|near=True|yaw=0.0|peeing=False|peeCooldown=122.7|aerial=False|glide=False|legs=0|activity=Retreat|site=3|visits=1
21.105,-6.800,0.100,-5.993,run|wait=2.05|panic=1.88|target=1|speed=2.20|near=True|yaw=0.0|peeing=False|peeCooldown=122.7|aerial=False|glide=False|legs=0|activity=Retreat|site=3|visits=1
21.107,-6.800,0.100,-5.987,run|wait=2.05|panic=1.88|target=1|speed=2.20|near=True|yaw=0.0|peeing=False|peeCooldown=122.7|aerial=False|glide=False|legs=0|activity=Retreat|site=3|visits=1
21.110,-6.800,0.100,-5.982,run|wait=2.05|panic=1.87|target=1|speed=2.20|near=True|yaw=0.0|peeing=False|peeCooldown=122.7|aerial=False|glide=False|legs=0|activity=Retreat|site=3|visits=1
21.112,-6.800,0.100,-5.977,run|wait=2.05|panic=1.87|target=1|speed=2.20|near=True|yaw=0.0|peeing=False|peeCooldown=122.7|aerial=False|glide=False|legs=0|activity=Retreat|site=3|visits=1
21.115,-6.800,0.100,-5.971,run|wait=2.05|panic=1.87|target=1|speed=2.20|near=True|yaw=0.0|peeing=False|peeCooldown=122.7|aerial=False|glide=False|legs=0|activity=Retreat|site=3|visits=1
21.117,-6.800,0.100,-5.966,run|wait=2.05|panic=1.87|target=1|speed=2.20|near=True|yaw=0.0|peeing=False|peeCooldown=122.7|aerial=False|glide=False|legs=0|activity=Retreat|site=3|visits=1
21.120,-6.800,0.100,-5.960,run|wait=2.05|panic=1.86|target=1|speed=2.20|near=True|yaw=0.0|peeing=False|peeCooldown=122.7|aerial=False|glide=False|legs=0|activity=Retreat|site=3|visits=1
21.122,-6.800,0.100,-5.955,run|wait=2.05|panic=1.86|target=1|speed=2.20|near=True|yaw=0.0|peeing=False|peeCooldown=122.7|aerial=False|glide=False|legs=0|activity=Retreat|site=3|visits=1
21.125,-6.800,0.100,-5.948,run|wait=2.05|panic=1.86|target=1|speed=2.20|near=True|yaw=0.0|peeing=False|peeCooldown=122.7|aerial=False|glide=False|legs=0|activity=Retreat|site=3|visits=1
21.128,-6.800,0.100,-5.942,run|wait=2.05|panic=1.85|target=1|speed=2.20|near=True|yaw=0.0|peeing=False|peeCooldown=122.7|aerial=False|glide=False|legs=0|activity=Retreat|site=3|visits=1
21.130,-6.800,0.100,-5.937,run|wait=2.05|panic=1.85|target=1|speed=2.20|near=True|yaw=0.0|peeing=False|peeCooldown=122.7|aerial=False|glide=False|legs=0|activity=Retreat|site=3|visits=1
21.133,-6.800,0.100,-5.931,run|wait=2.05|panic=1.85|target=1|speed=2.20|near=True|yaw=0.0|peeing=False|peeCooldown=122.7|aerial=False|glide=False|legs=0|activity=Retreat|site=3|visits=1
21.136,-6.800,0.100,-5.925,run|wait=2.05|panic=1.85|target=1|speed=2.20|near=True|yaw=0.0|peeing=False|peeCooldown=122.7|aerial=False|glide=False|legs=0|activity=Retreat|site=3|visits=1
21.138,-6.800,0.100,-5.920,run|wait=2.05|panic=1.84|target=1|speed=2.20|near=True|yaw=0.0|peeing=False|peeCooldown=122.7|aerial=False|glide=False|legs=0|activity=Retreat|site=3|visits=1
21.141,-6.800,0.100,-5.914,run|wait=2.05|panic=1.84|target=1|speed=2.20|near=True|yaw=0.0|peeing=False|peeCooldown=122.7|aerial=False|glide=False|legs=0|activity=Retreat|site=3|visits=1
21.144,-6.800,0.100,-5.907,run|wait=2.05|panic=1.84|target=1|speed=2.20|near=True|yaw=0.0|peeing=False|peeCooldown=122.7|aerial=False|glide=False|legs=0|activity=Retreat|site=3|visits=1
21.151,-6.800,0.100,-5.891,run|wait=2.05|panic=1.83|target=1|speed=2.20|near=True|yaw=0.0|peeing=False|peeCooldown=122.7|aerial=False|glide=False|legs=0|activity=Retreat|site=3|visits=1
21.156,-6.800,0.100,-5.879,run|wait=2.05|panic=1.83|target=1|speed=2.20|near=True|yaw=0.0|peeing=False|peeCooldown=122.7|aerial=False|glide=False|legs=0|activity=Retreat|site=3|visits=1
21.159,-6.800,0.100,-5.873,run|wait=2.05|panic=1.82|target=1|speed=2.20|near=True|yaw=0.0|peeing=False|peeCooldown=122.7|aerial=False|glide=False|legs=0|activity=Retreat|site=3|visits=1
21.162,-6.800,0.100,-5.867,run|wait=2.05|panic=1.82|target=1|speed=2.20|near=True|yaw=0.0|peeing=False|peeCooldown=122.7|aerial=False|glide=False|legs=0|activity=Retreat|site=3|visits=1
21.166,-6.800,0.100,-5.859,run|wait=2.05|panic=1.82|target=1|speed=2.20|near=True|yaw=0.0|peeing=False|peeCooldown=122.7|aerial=False|glide=False|legs=0|activity=Retreat|site=3|visits=1
21.169,-6.800,0.100,-5.853,run|wait=2.05|panic=1.81|target=1|speed=2.20|near=True|yaw=0.0|peeing=False|peeCooldown=122.7|aerial=False|glide=False|legs=0|activity=Retreat|site=3|visits=1
21.171,-6.800,0.100,-5.847,run|wait=2.05|panic=1.81|target=1|speed=2.20|near=True|yaw=0.0|peeing=False|peeCooldown=122.7|aerial=False|glide=False|legs=0|activity=Retreat|site=3|visits=1
21.174,-6.800,0.100,-5.841,run|wait=2.05|panic=1.81|target=1|speed=2.20|near=True|yaw=0.0|peeing=False|peeCooldown=122.7|aerial=False|glide=False|legs=0|activity=Retreat|site=3|visits=1
21.177,-6.800,0.100,-5.835,run|wait=2.05|panic=1.81|target=1|speed=2.20|near=True|yaw=0.0|peeing=False|peeCooldown=122.7|aerial=False|glide=False|legs=0|activity=Retreat|site=3|visits=1
21.180,-6.800,0.100,-5.828,run|wait=2.05|panic=1.80|target=1|speed=2.20|near=True|yaw=0.0|peeing=False|peeCooldown=122.7|aerial=False|glide=False|legs=0|activity=Retreat|site=3|visits=1
21.183,-6.800,0.100,-5.822,run|wait=2.05|panic=1.80|target=1|speed=2.20|near=True|yaw=0.0|peeing=False|peeCooldown=122.7|aerial=False|glide=False|legs=0|activity=Retreat|site=3|visits=1
21.186,-6.800,0.100,-5.815,run|wait=2.05|panic=1.80|target=1|speed=2.20|near=True|yaw=0.0|peeing=False|peeCooldown=122.6|aerial=False|glide=False|legs=0|activity=Retreat|site=3|visits=1
21.189,-6.800,0.100,-5.809,run|wait=2.05|panic=1.79|target=1|speed=2.20|near=True|yaw=0.0|peeing=False|peeCooldown=122.6|aerial=False|glide=False|legs=0|activity=Retreat|site=3|visits=1
21.191,-6.800,0.100,-5.803,run|wait=2.05|panic=1.79|target=1|speed=2.20|near=True|yaw=0.0|peeing=False|peeCooldown=122.6|aerial=False|glide=False|legs=0|activity=Retreat|site=3|visits=1
21.194,-6.800,0.100,-5.797,run|wait=2.05|panic=1.79|target=1|speed=2.20|near=True|yaw=0.0|peeing=False|peeCooldown=122.6|aerial=False|glide=False|legs=0|activity=Retreat|site=3|visits=1
21.197,-6.800,0.100,-5.790,run|wait=2.05|panic=1.79|target=1|speed=2.20|near=True|yaw=0.0|peeing=False|peeCooldown=122.6|aerial=False|glide=False|legs=0|activity=Retreat|site=3|visits=1
21.200,-6.800,0.100,-5.785,run|wait=2.05|panic=1.78|target=1|speed=2.20|near=True|yaw=0.0|peeing=False|peeCooldown=122.6|aerial=False|glide=False|legs=0|activity=Retreat|site=3|visits=1
21.202,-6.800,0.100,-5.779,run|wait=2.05|panic=1.78|target=1|speed=2.20|near=True|yaw=0.0|peeing=False|peeCooldown=122.6|aerial=False|glide=False|legs=0|activity=Retreat|site=3|visits=1
21.207,-6.800,0.100,-5.768,run|wait=2.05|panic=1.78|target=1|speed=2.20|near=True|yaw=0.0|peeing=False|peeCooldown=122.6|aerial=False|glide=False|legs=0|activity=Retreat|site=3|visits=1
21.210,-6.800,0.100,-5.762,run|wait=2.05|panic=1.77|target=1|speed=2.20|near=True|yaw=0.0|peeing=False|peeCooldown=122.6|aerial=False|glide=False|legs=0|activity=Retreat|site=3|visits=1
21.213,-6.800,0.100,-5.756,run|wait=2.05|panic=1.77|target=1|speed=2.20|near=True|yaw=0.0|peeing=False|peeCooldown=122.6|aerial=False|glide=False|legs=0|activity=Retreat|site=3|visits=1
21.215,-6.800,0.100,-5.750,run|wait=2.05|panic=1.77|target=1|speed=2.20|near=True|yaw=0.0|peeing=False|peeCooldown=122.6|aerial=False|glide=False|legs=0|activity=Retreat|site=3|visits=1
21.218,-6.800,0.100,-5.744,run|wait=2.05|panic=1.76|target=1|speed=2.20|near=True|yaw=0.0|peeing=False|peeCooldown=122.6|aerial=False|glide=False|legs=0|activity=Retreat|site=3|visits=1
21.221,-6.800,0.100,-5.738,run|wait=2.05|panic=1.76|target=1|speed=2.20|near=True|yaw=0.0|peeing=False|peeCooldown=122.6|aerial=False|glide=False|legs=0|activity=Retreat|site=3|visits=1
21.224,-6.800,0.100,-5.730,run|wait=2.05|panic=1.76|target=1|speed=2.20|near=True|yaw=0.0|peeing=False|peeCooldown=122.6|aerial=False|glide=False|legs=0|activity=Retreat|site=3|visits=1
21.227,-6.800,0.100,-5.725,run|wait=2.05|panic=1.76|target=1|speed=2.20|near=True|yaw=0.0|peeing=False|peeCooldown=122.6|aerial=False|glide=False|legs=0|activity=Retreat|site=3|visits=1
21.229,-6.800,0.100,-5.719,run|wait=2.05|panic=1.75|target=1|speed=2.20|near=True|yaw=0.0|peeing=False|peeCooldown=122.6|aerial=False|glide=False|legs=0|activity=Retreat|site=3|visits=1
21.232,-6.800,0.100,-5.714,run|wait=2.05|panic=1.75|target=1|speed=2.20|near=True|yaw=0.0|peeing=False|peeCooldown=122.6|aerial=False|glide=False|legs=0|activity=Retreat|site=3|visits=1
21.234,-6.800,0.100,-5.708,run|wait=2.05|panic=1.75|target=1|speed=2.20|near=True|yaw=0.0|peeing=False|peeCooldown=122.6|aerial=False|glide=False|legs=0|activity=Retreat|site=3|visits=1
21.237,-6.800,0.100,-5.702,run|wait=2.05|panic=1.75|target=1|speed=2.20|near=True|yaw=0.0|peeing=False|peeCooldown=122.6|aerial=False|glide=False|legs=0|activity=Retreat|site=3|visits=1
21.239,-6.800,0.100,-5.697,run|wait=2.05|panic=1.74|target=1|speed=2.20|near=True|yaw=0.0|peeing=False|peeCooldown=122.6|aerial=False|glide=False|legs=0|activity=Retreat|site=3|visits=1
21.242,-6.800,0.100,-5.691,run|wait=2.05|panic=1.74|target=1|speed=2.20|near=True|yaw=0.0|peeing=False|peeCooldown=122.6|aerial=False|glide=False|legs=0|activity=Retreat|site=3|visits=1
21.246,-6.800,0.100,-5.683,run|wait=2.05|panic=1.74|target=1|speed=2.20|near=True|yaw=0.0|peeing=False|peeCooldown=122.6|aerial=False|glide=False|legs=0|activity=Retreat|site=3|visits=1
21.248,-6.800,0.100,-5.678,run|wait=2.05|panic=1.73|target=1|speed=2.20|near=True|yaw=0.0|peeing=False|peeCooldown=122.6|aerial=False|glide=False|legs=0|activity=Retreat|site=3|visits=1
21.251,-6.800,0.100,-5.671,run|wait=2.05|panic=1.73|target=1|speed=2.20|near=True|yaw=0.0|peeing=False|peeCooldown=122.6|aerial=False|glide=False|legs=0|activity=Retreat|site=3|visits=1
21.258,-6.800,0.100,-5.657,run|wait=2.05|panic=1.72|target=1|speed=2.20|near=True|yaw=0.0|peeing=False|peeCooldown=122.6|aerial=False|glide=False|legs=0|activity=Retreat|site=3|visits=1
21.263,-6.800,0.100,-5.644,run|wait=2.05|panic=1.72|target=1|speed=2.20|near=True|yaw=0.0|peeing=False|peeCooldown=122.6|aerial=False|glide=False|legs=0|activity=Retreat|site=3|visits=1
21.267,-6.800,0.100,-5.637,run|wait=2.05|panic=1.72|target=1|speed=2.20|near=True|yaw=0.0|peeing=False|peeCooldown=122.6|aerial=False|glide=False|legs=0|activity=Retreat|site=3|visits=1
21.269,-6.800,0.100,-5.631,run|wait=2.05|panic=1.71|target=1|speed=2.20|near=True|yaw=0.0|peeing=False|peeCooldown=122.6|aerial=False|glide=False|legs=0|activity=Retreat|site=3|visits=1
21.273,-6.800,0.100,-5.624,run|wait=2.05|panic=1.71|target=1|speed=2.20|near=True|yaw=0.0|peeing=False|peeCooldown=122.6|aerial=False|glide=False|legs=0|activity=Retreat|site=3|visits=1
21.276,-6.800,0.100,-5.617,run|wait=2.05|panic=1.71|target=1|speed=2.20|near=True|yaw=0.0|peeing=False|peeCooldown=122.6|aerial=False|glide=False|legs=0|activity=Retreat|site=3|visits=1
21.278,-6.800,0.100,-5.611,run|wait=2.05|panic=1.70|target=1|speed=2.20|near=True|yaw=0.0|peeing=False|peeCooldown=122.6|aerial=False|glide=False|legs=0|activity=Retreat|site=3|visits=1
21.281,-6.800,0.100,-5.605,run|wait=2.05|panic=1.70|target=1|speed=2.20|near=True|yaw=0.0|peeing=False|peeCooldown=122.6|aerial=False|glide=False|legs=0|activity=Retreat|site=3|visits=1
21.285,-6.800,0.100,-5.597,run|wait=2.05|panic=1.70|target=1|speed=2.20|near=True|yaw=0.0|peeing=False|peeCooldown=122.6|aerial=False|glide=False|legs=0|activity=Retreat|site=3|visits=1
21.288,-6.800,0.100,-5.591,run|wait=2.05|panic=1.69|target=1|speed=2.20|near=True|yaw=0.0|peeing=False|peeCooldown=122.5|aerial=False|glide=False|legs=0|activity=Retreat|site=3|visits=1
21.290,-6.800,0.100,-5.585,run|wait=2.05|panic=1.69|target=1|speed=2.20|near=True|yaw=0.0|peeing=False|peeCooldown=122.5|aerial=False|glide=False|legs=0|activity=Retreat|site=3|visits=1
21.293,-6.800,0.100,-5.578,run|wait=2.05|panic=1.69|target=1|speed=2.20|near=True|yaw=0.0|peeing=False|peeCooldown=122.5|aerial=False|glide=False|legs=0|activity=Retreat|site=3|visits=1
21.296,-6.800,0.100,-5.573,run|wait=2.05|panic=1.69|target=1|speed=2.20|near=True|yaw=0.0|peeing=False|peeCooldown=122.5|aerial=False|glide=False|legs=0|activity=Retreat|site=3|visits=1
21.298,-6.800,0.100,-5.567,run|wait=2.05|panic=1.68|target=1|speed=2.20|near=True|yaw=0.0|peeing=False|peeCooldown=122.5|aerial=False|glide=False|legs=0|activity=Retreat|site=3|visits=1
21.305,-6.800,0.100,-5.553,run|wait=2.05|panic=1.68|target=1|speed=2.20|near=True|yaw=0.0|peeing=False|peeCooldown=122.5|aerial=False|glide=False|legs=0|activity=Retreat|site=3|visits=1
21.309,-6.800,0.100,-5.544,run|wait=2.05|panic=1.67|target=1|speed=2.20|near=True|yaw=0.0|peeing=False|peeCooldown=122.5|aerial=False|glide=False|legs=0|activity=Retreat|site=3|visits=1
21.313,-6.800,0.100,-5.534,run|wait=2.05|panic=1.67|target=1|speed=2.20|near=True|yaw=0.0|peeing=False|peeCooldown=122.5|aerial=False|glide=False|legs=0|activity=Retreat|site=3|visits=1
21.316,-6.800,0.100,-5.529,run|wait=2.05|panic=1.67|target=1|speed=2.20|near=True|yaw=0.0|peeing=False|peeCooldown=122.5|aerial=False|glide=False|legs=0|activity=Retreat|site=3|visits=1
21.319,-6.800,0.100,-5.523,run|wait=2.05|panic=1.66|target=1|speed=2.20|near=True|yaw=0.0|peeing=False|peeCooldown=122.5|aerial=False|glide=False|legs=0|activity=Retreat|site=3|visits=1
21.321,-6.800,0.100,-5.517,run|wait=2.05|panic=1.66|target=1|speed=2.20|near=True|yaw=0.0|peeing=False|peeCooldown=122.5|aerial=False|glide=False|legs=0|activity=Retreat|site=3|visits=1
21.324,-6.800,0.100,-5.511,run|wait=2.05|panic=1.66|target=1|speed=2.20|near=True|yaw=0.0|peeing=False|peeCooldown=122.5|aerial=False|glide=False|legs=0|activity=Retreat|site=3|visits=1
21.327,-6.800,0.100,-5.505,run|wait=2.05|panic=1.66|target=1|speed=2.20|near=True|yaw=0.0|peeing=False|peeCooldown=122.5|aerial=False|glide=False|legs=0|activity=Retreat|site=3|visits=1
21.329,-6.800,0.100,-5.500,run|wait=2.05|panic=1.65|target=1|speed=2.20|near=True|yaw=0.0|peeing=False|peeCooldown=122.5|aerial=False|glide=False|legs=0|activity=Retreat|site=3|visits=1
21.331,-6.800,0.100,-5.500,run|wait=2.05|panic=1.65|target=1|speed=2.20|near=True|yaw=0.0|peeing=False|peeCooldown=122.5|aerial=False|glide=False|legs=0|activity=Retreat|site=3|visits=1
21.334,-6.800,0.100,-5.495,run|wait=2.05|panic=1.65|target=1|speed=2.20|near=True|yaw=0.0|peeing=False|peeCooldown=122.5|aerial=False|glide=False|legs=0|activity=Retreat|site=3|visits=1
21.336,-6.800,0.100,-5.489,run|wait=2.05|panic=1.65|target=1|speed=2.20|near=True|yaw=0.0|peeing=False|peeCooldown=122.5|aerial=False|glide=False|legs=0|activity=Retreat|site=3|visits=1
21.339,-6.800,0.100,-5.484,run|wait=2.05|panic=1.64|target=1|speed=2.20|near=True|yaw=0.0|peeing=False|peeCooldown=122.5|aerial=False|glide=False|legs=0|activity=Retreat|site=3|visits=1
21.341,-6.800,0.100,-5.478,run|wait=2.05|panic=1.64|target=1|speed=2.20|near=True|yaw=0.0|peeing=False|peeCooldown=122.5|aerial=False|glide=False|legs=0|activity=Retreat|site=3|visits=1
21.344,-6.800,0.100,-5.471,run|wait=2.05|panic=1.64|target=1|speed=2.20|near=True|yaw=0.0|peeing=False|peeCooldown=122.5|aerial=False|glide=False|legs=0|activity=Retreat|site=3|visits=1
21.347,-6.800,0.100,-5.466,run|wait=2.05|panic=1.64|target=1|speed=2.20|near=True|yaw=0.0|peeing=False|peeCooldown=122.5|aerial=False|glide=False|legs=0|activity=Retreat|site=3|visits=1
21.350,-6.800,0.100,-5.460,run|wait=2.05|panic=1.63|target=1|speed=2.20|near=True|yaw=0.0|peeing=False|peeCooldown=122.5|aerial=False|glide=False|legs=0|activity=Retreat|site=3|visits=1
21.352,-6.800,0.100,-5.455,run|wait=2.05|panic=1.63|target=1|speed=2.20|near=True|yaw=0.0|peeing=False|peeCooldown=122.5|aerial=False|glide=False|legs=0|activity=Retreat|site=3|visits=1
21.354,-6.800,0.100,-5.449,run|wait=2.05|panic=1.63|target=1|speed=2.20|near=True|yaw=0.0|peeing=False|peeCooldown=122.5|aerial=False|glide=False|legs=0|activity=Retreat|site=3|visits=1
21.357,-6.800,0.100,-5.444,run|wait=2.05|panic=1.63|target=1|speed=2.20|near=True|yaw=0.0|peeing=False|peeCooldown=122.5|aerial=False|glide=False|legs=0|activity=Retreat|site=3|visits=1
21.359,-6.800,0.100,-5.438,run|wait=2.05|panic=1.62|target=1|speed=2.20|near=True|yaw=0.0|peeing=False|peeCooldown=122.5|aerial=False|glide=False|legs=0|activity=Retreat|site=3|visits=1
21.366,-6.800,0.100,-5.423,run|wait=2.05|panic=1.62|target=1|speed=2.20|near=True|yaw=0.0|peeing=False|peeCooldown=122.5|aerial=False|glide=False|legs=0|activity=Retreat|site=3|visits=1
21.371,-6.800,0.100,-5.413,run|wait=2.05|panic=1.61|target=1|speed=2.20|near=True|yaw=0.0|peeing=False|peeCooldown=122.5|aerial=False|glide=False|legs=0|activity=Retreat|site=3|visits=1
21.373,-6.800,0.100,-5.408,run|wait=2.05|panic=1.61|target=1|speed=2.20|near=True|yaw=0.0|peeing=False|peeCooldown=122.5|aerial=False|glide=False|legs=0|activity=Retreat|site=3|visits=1
21.376,-6.800,0.100,-5.402,run|wait=2.05|panic=1.61|target=1|speed=2.20|near=True|yaw=0.0|peeing=False|peeCooldown=122.5|aerial=False|glide=False|legs=0|activity=Retreat|site=3|visits=1
21.378,-6.800,0.100,-5.397,run|wait=2.05|panic=1.60|target=1|speed=2.20|near=True|yaw=0.0|peeing=False|peeCooldown=122.5|aerial=False|glide=False|legs=0|activity=Retreat|site=3|visits=1
21.381,-6.800,0.100,-5.391,run|wait=2.05|panic=1.60|target=1|speed=2.20|near=True|yaw=0.0|peeing=False|peeCooldown=122.5|aerial=False|glide=False|legs=0|activity=Retreat|site=3|visits=1
21.384,-6.800,0.100,-5.384,run|wait=2.05|panic=1.60|target=1|speed=2.20|near=True|yaw=0.0|peeing=False|peeCooldown=122.5|aerial=False|glide=False|legs=0|activity=Retreat|site=3|visits=1
21.387,-6.800,0.100,-5.379,run|wait=2.05|panic=1.60|target=1|speed=2.20|near=True|yaw=0.0|peeing=False|peeCooldown=122.4|aerial=False|glide=False|legs=0|activity=Retreat|site=3|visits=1
21.389,-6.800,0.100,-5.373,run|wait=2.05|panic=1.59|target=1|speed=2.20|near=True|yaw=0.0|peeing=False|peeCooldown=122.4|aerial=False|glide=False|legs=0|activity=Retreat|site=3|visits=1
21.392,-6.800,0.100,-5.367,run|wait=2.05|panic=1.59|target=1|speed=2.20|near=True|yaw=0.0|peeing=False|peeCooldown=122.4|aerial=False|glide=False|legs=0|activity=Retreat|site=3|visits=1
21.394,-6.800,0.100,-5.362,run|wait=2.05|panic=1.59|target=1|speed=2.20|near=True|yaw=0.0|peeing=False|peeCooldown=122.4|aerial=False|glide=False|legs=0|activity=Retreat|site=3|visits=1
21.397,-6.800,0.100,-5.356,run|wait=2.05|panic=1.59|target=1|speed=2.20|near=True|yaw=0.0|peeing=False|peeCooldown=122.4|aerial=False|glide=False|legs=0|activity=Retreat|site=3|visits=1
21.399,-6.800,0.100,-5.351,run|wait=2.05|panic=1.58|target=1|speed=2.20|near=True|yaw=0.0|peeing=False|peeCooldown=122.4|aerial=False|glide=False|legs=0|activity=Retreat|site=3|visits=1
21.402,-6.800,0.100,-5.345,run|wait=2.05|panic=1.58|target=1|speed=2.20|near=True|yaw=0.0|peeing=False|peeCooldown=122.4|aerial=False|glide=False|legs=0|activity=Retreat|site=3|visits=1
21.405,-6.800,0.100,-5.337,run|wait=2.05|panic=1.58|target=1|speed=2.20|near=True|yaw=0.0|peeing=False|peeCooldown=122.4|aerial=False|glide=False|legs=0|activity=Retreat|site=3|visits=1
21.408,-6.800,0.100,-5.332,run|wait=2.05|panic=1.57|target=1|speed=2.20|near=True|yaw=0.0|peeing=False|peeCooldown=122.4|aerial=False|glide=False|legs=0|activity=Retreat|site=3|visits=1
21.411,-6.800,0.100,-5.326,run|wait=2.05|panic=1.57|target=1|speed=2.20|near=True|yaw=0.0|peeing=False|peeCooldown=122.4|aerial=False|glide=False|legs=0|activity=Retreat|site=3|visits=1
21.415,-6.800,0.100,-5.317,run|wait=2.05|panic=1.57|target=1|speed=2.20|near=True|yaw=0.0|peeing=False|peeCooldown=122.4|aerial=False|glide=False|legs=0|activity=Retreat|site=3|visits=1
21.417,-6.800,0.100,-5.311,run|wait=2.05|panic=1.57|target=1|speed=2.20|near=True|yaw=0.0|peeing=False|peeCooldown=122.4|aerial=False|glide=False|legs=0|activity=Retreat|site=3|visits=1
21.420,-6.800,0.100,-5.306,run|wait=2.05|panic=1.56|target=1|speed=2.20|near=True|yaw=0.0|peeing=False|peeCooldown=122.4|aerial=False|glide=False|legs=0|activity=Retreat|site=3|visits=1
21.422,-6.800,0.100,-5.300,run|wait=2.05|panic=1.56|target=1|speed=2.20|near=True|yaw=0.0|peeing=False|peeCooldown=122.4|aerial=False|glide=False|legs=0|activity=Retreat|site=3|visits=1
21.425,-6.800,0.100,-5.293,run|wait=2.05|panic=1.56|target=1|speed=2.20|near=True|yaw=0.0|peeing=False|peeCooldown=122.4|aerial=False|glide=False|legs=0|activity=Retreat|site=3|visits=1
21.428,-6.800,0.100,-5.287,run|wait=2.05|panic=1.55|target=1|speed=2.20|near=True|yaw=0.0|peeing=False|peeCooldown=122.4|aerial=False|glide=False|legs=0|activity=Retreat|site=3|visits=1
21.431,-6.800,0.100,-5.281,run|wait=2.05|panic=1.55|target=1|speed=2.20|near=True|yaw=0.0|peeing=False|peeCooldown=122.4|aerial=False|glide=False|legs=0|activity=Retreat|site=3|visits=1
21.433,-6.800,0.100,-5.276,run|wait=2.05|panic=1.55|target=1|speed=2.20|near=True|yaw=0.0|peeing=False|peeCooldown=122.4|aerial=False|glide=False|legs=0|activity=Retreat|site=3|visits=1
21.436,-6.800,0.100,-5.270,run|wait=2.05|panic=1.55|target=1|speed=2.20|near=True|yaw=0.0|peeing=False|peeCooldown=122.4|aerial=False|glide=False|legs=0|activity=Retreat|site=3|visits=1
21.438,-6.800,0.100,-5.265,run|wait=2.05|panic=1.54|target=1|speed=2.20|near=True|yaw=0.0|peeing=False|peeCooldown=122.4|aerial=False|glide=False|legs=0|activity=Retreat|site=3|visits=1
21.441,-6.800,0.100,-5.259,run|wait=2.05|panic=1.54|target=1|speed=2.20|near=True|yaw=0.0|peeing=False|peeCooldown=122.4|aerial=False|glide=False|legs=0|activity=Retreat|site=3|visits=1
21.444,-6.800,0.100,-5.253,run|wait=2.05|panic=1.54|target=1|speed=2.20|near=True|yaw=0.0|peeing=False|peeCooldown=122.4|aerial=False|glide=False|legs=0|activity=Retreat|site=3|visits=1
21.446,-6.800,0.100,-5.247,run|wait=2.05|panic=1.54|target=1|speed=2.20|near=True|yaw=0.0|peeing=False|peeCooldown=122.4|aerial=False|glide=False|legs=0|activity=Retreat|site=3|visits=1
21.449,-6.800,0.100,-5.242,run|wait=2.05|panic=1.53|target=1|speed=2.20|near=True|yaw=0.0|peeing=False|peeCooldown=122.4|aerial=False|glide=False|legs=0|activity=Retreat|site=3|visits=1
21.451,-6.800,0.100,-5.237,run|wait=2.05|panic=1.53|target=1|speed=2.20|near=True|yaw=0.0|peeing=False|peeCooldown=122.4|aerial=False|glide=False|legs=0|activity=Retreat|site=3|visits=1
21.454,-6.800,0.100,-5.231,run|wait=2.05|panic=1.53|target=1|speed=2.20|near=True|yaw=0.0|peeing=False|peeCooldown=122.4|aerial=False|glide=False|legs=0|activity=Retreat|site=3|visits=1
21.456,-6.800,0.100,-5.226,run|wait=2.05|panic=1.53|target=1|speed=2.20|near=True|yaw=0.0|peeing=False|peeCooldown=122.4|aerial=False|glide=False|legs=0|activity=Retreat|site=3|visits=1
21.459,-6.800,0.100,-5.219,run|wait=2.05|panic=1.52|target=1|speed=2.20|near=True|yaw=0.0|peeing=False|peeCooldown=122.4|aerial=False|glide=False|legs=0|activity=Retreat|site=3|visits=1
21.462,-6.800,0.100,-5.213,run|wait=2.05|panic=1.52|target=1|speed=2.20|near=True|yaw=0.0|peeing=False|peeCooldown=122.4|aerial=False|glide=False|legs=0|activity=Retreat|site=3|visits=1
21.467,-6.800,0.100,-5.202,run|wait=2.05|panic=1.52|target=1|speed=2.20|near=True|yaw=0.0|peeing=False|peeCooldown=122.4|aerial=False|glide=False|legs=0|activity=Retreat|site=3|visits=1
21.469,-6.800,0.100,-5.197,run|wait=2.05|panic=1.51|target=1|speed=2.20|near=True|yaw=0.0|peeing=False|peeCooldown=122.4|aerial=False|glide=False|legs=0|activity=Retreat|site=3|visits=1
21.477,-6.800,0.100,-5.181,run|wait=2.05|panic=1.51|target=1|speed=2.20|near=True|yaw=0.0|peeing=False|peeCooldown=122.4|aerial=False|glide=False|legs=0|activity=Retreat|site=3|visits=1
21.480,-6.800,0.100,-5.174,run|wait=2.05|panic=1.50|target=1|speed=2.20|near=True|yaw=0.0|peeing=False|peeCooldown=122.4|aerial=False|glide=False|legs=0|activity=Retreat|site=3|visits=1
21.482,-6.800,0.100,-5.168,run|wait=2.05|panic=1.50|target=1|speed=2.20|near=True|yaw=0.0|peeing=False|peeCooldown=122.4|aerial=False|glide=False|legs=0|activity=Retreat|site=3|visits=1
21.486,-6.800,0.100,-5.161,run|wait=2.05|panic=1.50|target=1|speed=2.20|near=True|yaw=0.0|peeing=False|peeCooldown=122.4|aerial=False|glide=False|legs=0|activity=Retreat|site=3|visits=1
21.488,-6.800,0.100,-5.155,run|wait=2.05|panic=1.49|target=1|speed=2.20|near=True|yaw=0.0|peeing=False|peeCooldown=122.3|aerial=False|glide=False|legs=0|activity=Retreat|site=3|visits=1
21.491,-6.800,0.100,-5.150,run|wait=2.05|panic=1.49|target=1|speed=2.20|near=True|yaw=0.0|peeing=False|peeCooldown=122.3|aerial=False|glide=False|legs=0|activity=Retreat|site=3|visits=1
21.494,-6.800,0.100,-5.144,run|wait=2.05|panic=1.49|target=1|speed=2.20|near=True|yaw=0.0|peeing=False|peeCooldown=122.3|aerial=False|glide=False|legs=0|activity=Retreat|site=3|visits=1
21.496,-6.800,0.100,-5.137,run|wait=2.05|panic=1.49|target=1|speed=2.20|near=True|yaw=0.0|peeing=False|peeCooldown=122.3|aerial=False|glide=False|legs=0|activity=Retreat|site=3|visits=1
21.499,-6.800,0.100,-5.132,run|wait=2.05|panic=1.48|target=1|speed=2.20|near=True|yaw=0.0|peeing=False|peeCooldown=122.3|aerial=False|glide=False|legs=0|activity=Retreat|site=3|visits=1
21.502,-6.800,0.100,-5.125,run|wait=2.05|panic=1.48|target=1|speed=2.20|near=True|yaw=0.0|peeing=False|peeCooldown=122.3|aerial=False|glide=False|legs=0|activity=Retreat|site=3|visits=1
21.505,-6.800,0.100,-5.118,run|wait=2.05|panic=1.48|target=1|speed=2.20|near=True|yaw=0.0|peeing=False|peeCooldown=122.3|aerial=False|glide=False|legs=0|activity=Retreat|site=3|visits=1
21.507,-6.800,0.100,-5.113,run|wait=2.05|panic=1.48|target=1|speed=2.20|near=True|yaw=0.0|peeing=False|peeCooldown=122.3|aerial=False|glide=False|legs=0|activity=Retreat|site=3|visits=1
21.510,-6.800,0.100,-5.108,run|wait=2.05|panic=1.47|target=1|speed=2.20|near=True|yaw=0.0|peeing=False|peeCooldown=122.3|aerial=False|glide=False|legs=0|activity=Retreat|site=3|visits=1
21.512,-6.800,0.100,-5.102,run|wait=2.05|panic=1.47|target=1|speed=2.20|near=True|yaw=0.0|peeing=False|peeCooldown=122.3|aerial=False|glide=False|legs=0|activity=Retreat|site=3|visits=1
21.517,-6.800,0.100,-5.092,run|wait=2.05|panic=1.47|target=1|speed=2.20|near=True|yaw=0.0|peeing=False|peeCooldown=122.3|aerial=False|glide=False|legs=0|activity=Retreat|site=3|visits=1
21.519,-6.800,0.100,-5.086,run|wait=2.05|panic=1.46|target=1|speed=2.20|near=True|yaw=0.0|peeing=False|peeCooldown=122.3|aerial=False|glide=False|legs=0|activity=Retreat|site=3|visits=1
21.522,-6.800,0.100,-5.081,run|wait=2.05|panic=1.46|target=1|speed=2.20|near=True|yaw=0.0|peeing=False|peeCooldown=122.3|aerial=False|glide=False|legs=0|activity=Retreat|site=3|visits=1
21.526,-6.800,0.100,-5.073,run|wait=2.05|panic=1.46|target=1|speed=2.20|near=True|yaw=0.0|peeing=False|peeCooldown=122.3|aerial=False|glide=False|legs=0|activity=Retreat|site=3|visits=1
21.528,-6.800,0.100,-5.067,run|wait=2.05|panic=1.45|target=1|speed=2.20|near=True|yaw=0.0|peeing=False|peeCooldown=122.3|aerial=False|glide=False|legs=0|activity=Retreat|site=3|visits=1
21.532,-6.800,0.100,-5.060,run|wait=2.05|panic=1.45|target=1|speed=2.20|near=True|yaw=0.0|peeing=False|peeCooldown=122.3|aerial=False|glide=False|legs=0|activity=Retreat|site=3|visits=1
21.534,-6.800,0.100,-5.054,run|wait=2.05|panic=1.45|target=1|speed=2.20|near=True|yaw=0.0|peeing=False|peeCooldown=122.3|aerial=False|glide=False|legs=0|activity=Retreat|site=3|visits=1
21.537,-6.800,0.100,-5.048,run|wait=2.05|panic=1.45|target=1|speed=2.20|near=True|yaw=0.0|peeing=False|peeCooldown=122.3|aerial=False|glide=False|legs=0|activity=Retreat|site=3|visits=1
21.539,-6.800,0.100,-5.042,run|wait=2.05|panic=1.44|target=1|speed=2.20|near=True|yaw=0.0|peeing=False|peeCooldown=122.3|aerial=False|glide=False|legs=0|activity=Retreat|site=3|visits=1
21.542,-6.800,0.100,-5.036,run|wait=2.05|panic=1.44|target=1|speed=2.20|near=True|yaw=0.0|peeing=False|peeCooldown=122.3|aerial=False|glide=False|legs=0|activity=Retreat|site=3|visits=1
21.546,-6.800,0.100,-5.028,run|wait=2.05|panic=1.44|target=1|speed=2.20|near=True|yaw=0.0|peeing=False|peeCooldown=122.3|aerial=False|glide=False|legs=0|activity=Retreat|site=3|visits=1
21.549,-6.800,0.100,-5.022,run|wait=2.05|panic=1.43|target=1|speed=2.20|near=True|yaw=0.0|peeing=False|peeCooldown=122.3|aerial=False|glide=False|legs=0|activity=Retreat|site=3|visits=1
21.552,-6.800,0.100,-5.015,run|wait=2.05|panic=1.43|target=1|speed=2.20|near=True|yaw=0.0|peeing=False|peeCooldown=122.3|aerial=False|glide=False|legs=0|activity=Retreat|site=3|visits=1
21.555,-6.800,0.100,-5.009,run|wait=2.05|panic=1.43|target=1|speed=2.20|near=True|yaw=0.0|peeing=False|peeCooldown=122.3|aerial=False|glide=False|legs=0|activity=Retreat|site=3|visits=1
21.557,-6.800,0.100,-5.003,run|wait=2.05|panic=1.43|target=1|speed=2.20|near=True|yaw=0.0|peeing=False|peeCooldown=122.3|aerial=False|glide=False|legs=0|activity=Retreat|site=3|visits=1
21.560,-6.800,0.100,-4.997,run|wait=2.05|panic=1.42|target=1|speed=2.20|near=True|yaw=0.0|peeing=False|peeCooldown=122.3|aerial=False|glide=False|legs=0|activity=Retreat|site=3|visits=1
21.564,-6.800,0.100,-4.990,run|wait=2.05|panic=1.42|target=1|speed=2.20|near=True|yaw=0.0|peeing=False|peeCooldown=122.3|aerial=False|glide=False|legs=0|activity=Retreat|site=3|visits=1
21.568,-6.800,0.100,-4.981,run|wait=2.05|panic=1.41|target=1|speed=2.20|near=True|yaw=0.0|peeing=False|peeCooldown=122.3|aerial=False|glide=False|legs=0|activity=Retreat|site=3|visits=1
21.570,-6.800,0.100,-4.974,run|wait=2.05|panic=1.41|target=1|speed=2.20|near=True|yaw=0.0|peeing=False|peeCooldown=122.3|aerial=False|glide=False|legs=0|activity=Retreat|site=3|visits=1
21.573,-6.800,0.100,-4.969,run|wait=2.05|panic=1.41|target=1|speed=2.20|near=True|yaw=0.0|peeing=False|peeCooldown=122.3|aerial=False|glide=False|legs=0|activity=Retreat|site=3|visits=1
21.576,-6.800,0.100,-4.963,run|wait=2.05|panic=1.41|target=1|speed=2.20|near=True|yaw=0.0|peeing=False|peeCooldown=122.3|aerial=False|glide=False|legs=0|activity=Retreat|site=3|visits=1
21.582,-6.800,0.100,-4.948,run|wait=2.05|panic=1.40|target=1|speed=2.20|near=True|yaw=0.0|peeing=False|peeCooldown=122.3|aerial=False|glide=False|legs=0|activity=Retreat|site=3|visits=1
21.587,-6.800,0.100,-4.938,run|wait=2.05|panic=1.40|target=1|speed=2.20|near=True|yaw=0.0|peeing=False|peeCooldown=122.2|aerial=False|glide=False|legs=0|activity=Retreat|site=3|visits=1
21.589,-6.800,0.100,-4.933,run|wait=2.05|panic=1.39|target=1|speed=2.20|near=True|yaw=0.0|peeing=False|peeCooldown=122.2|aerial=False|glide=False|legs=0|activity=Retreat|site=3|visits=1
21.592,-6.800,0.100,-4.928,run|wait=2.05|panic=1.39|target=1|speed=2.20|near=True|yaw=0.0|peeing=False|peeCooldown=122.2|aerial=False|glide=False|legs=0|activity=Retreat|site=3|visits=1
21.594,-6.800,0.100,-4.922,run|wait=2.05|panic=1.39|target=1|speed=2.20|near=True|yaw=0.0|peeing=False|peeCooldown=122.2|aerial=False|glide=False|legs=0|activity=Retreat|site=3|visits=1
21.597,-6.800,0.100,-4.917,run|wait=2.05|panic=1.39|target=1|speed=2.20|near=True|yaw=0.0|peeing=False|peeCooldown=122.2|aerial=False|glide=False|legs=0|activity=Retreat|site=3|visits=1
21.599,-6.800,0.100,-4.911,run|wait=2.05|panic=1.38|target=1|speed=2.20|near=True|yaw=0.0|peeing=False|peeCooldown=122.2|aerial=False|glide=False|legs=0|activity=Retreat|site=3|visits=1
21.602,-6.800,0.100,-4.906,run|wait=2.05|panic=1.38|target=1|speed=2.20|near=True|yaw=0.0|peeing=False|peeCooldown=122.2|aerial=False|glide=False|legs=0|activity=Retreat|site=3|visits=1
21.605,-6.800,0.100,-4.899,run|wait=2.05|panic=1.38|target=1|speed=2.20|near=True|yaw=0.0|peeing=False|peeCooldown=122.2|aerial=False|glide=False|legs=0|activity=Retreat|site=3|visits=1
21.612,-6.800,0.100,-4.883,run|wait=2.05|panic=1.37|target=1|speed=2.20|near=True|yaw=0.0|peeing=False|peeCooldown=122.2|aerial=False|glide=False|legs=0|activity=Retreat|site=3|visits=1
21.615,-6.800,0.100,-4.875,run|wait=2.05|panic=1.37|target=1|speed=2.20|near=True|yaw=0.0|peeing=False|peeCooldown=122.2|aerial=False|glide=False|legs=0|activity=Retreat|site=3|visits=1
21.620,-6.800,0.100,-4.865,run|wait=2.05|panic=1.36|target=1|speed=2.20|near=True|yaw=0.0|peeing=False|peeCooldown=122.2|aerial=False|glide=False|legs=0|activity=Retreat|site=3|visits=1
21.624,-6.800,0.100,-4.857,run|wait=2.05|panic=1.36|target=1|speed=2.20|near=True|yaw=0.0|peeing=False|peeCooldown=122.2|aerial=False|glide=False|legs=0|activity=Retreat|site=3|visits=1
21.626,-6.800,0.100,-4.851,run|wait=2.05|panic=1.36|target=1|speed=2.20|near=True|yaw=0.0|peeing=False|peeCooldown=122.2|aerial=False|glide=False|legs=0|activity=Retreat|site=3|visits=1
21.629,-6.800,0.100,-4.845,run|wait=2.05|panic=1.35|target=1|speed=2.20|near=True|yaw=0.0|peeing=False|peeCooldown=122.2|aerial=False|glide=False|legs=0|activity=Retreat|site=3|visits=1
21.632,-6.800,0.100,-4.839,run|wait=2.05|panic=1.35|target=1|speed=2.20|near=True|yaw=0.0|peeing=False|peeCooldown=122.2|aerial=False|glide=False|legs=0|activity=Retreat|site=3|visits=1
21.635,-6.800,0.100,-4.833,run|wait=2.05|panic=1.35|target=1|speed=2.20|near=True|yaw=0.0|peeing=False|peeCooldown=122.2|aerial=False|glide=False|legs=0|activity=Retreat|site=3|visits=1
21.637,-6.800,0.100,-4.827,run|wait=2.05|panic=1.35|target=1|speed=2.20|near=True|yaw=0.0|peeing=False|peeCooldown=122.2|aerial=False|glide=False|legs=0|activity=Retreat|site=3|visits=1
21.640,-6.800,0.100,-4.821,run|wait=2.05|panic=1.34|target=1|speed=2.20|near=True|yaw=0.0|peeing=False|peeCooldown=122.2|aerial=False|glide=False|legs=0|activity=Retreat|site=3|visits=1
21.643,-6.800,0.100,-4.814,run|wait=2.05|panic=1.34|target=1|speed=2.20|near=True|yaw=0.0|peeing=False|peeCooldown=122.2|aerial=False|glide=False|legs=0|activity=Retreat|site=3|visits=1
21.646,-6.800,0.100,-4.809,run|wait=2.05|panic=1.34|target=1|speed=2.20|near=True|yaw=0.0|peeing=False|peeCooldown=122.2|aerial=False|glide=False|legs=0|activity=Retreat|site=3|visits=1
21.648,-6.800,0.100,-4.803,run|wait=2.05|panic=1.33|target=1|speed=2.20|near=True|yaw=0.0|peeing=False|peeCooldown=122.2|aerial=False|glide=False|legs=0|activity=Retreat|site=3|visits=1
21.651,-6.800,0.100,-4.798,run|wait=2.05|panic=1.33|target=1|speed=2.20|near=True|yaw=0.0|peeing=False|peeCooldown=122.2|aerial=False|glide=False|legs=0|activity=Retreat|site=3|visits=1
21.653,-6.800,0.100,-4.793,run|wait=2.05|panic=1.33|target=1|speed=2.20|near=True|yaw=0.0|peeing=False|peeCooldown=122.2|aerial=False|glide=False|legs=0|activity=Retreat|site=3|visits=1
21.656,-6.800,0.100,-4.787,run|wait=2.05|panic=1.33|target=1|speed=2.20|near=True|yaw=0.0|peeing=False|peeCooldown=122.2|aerial=False|glide=False|legs=0|activity=Retreat|site=3|visits=1
21.658,-6.800,0.100,-4.781,run|wait=2.05|panic=1.32|target=1|speed=2.20|near=True|yaw=0.0|peeing=False|peeCooldown=122.2|aerial=False|glide=False|legs=0|activity=Retreat|site=3|visits=1
21.661,-6.800,0.100,-4.775,run|wait=2.05|panic=1.32|target=1|speed=2.20|near=True|yaw=0.0|peeing=False|peeCooldown=122.2|aerial=False|glide=False|legs=0|activity=Retreat|site=3|visits=1
21.664,-6.800,0.100,-4.768,run|wait=2.05|panic=1.32|target=1|speed=2.20|near=True|yaw=0.0|peeing=False|peeCooldown=122.2|aerial=False|glide=False|legs=0|activity=Retreat|site=3|visits=1
21.666,-6.800,0.100,-4.763,run|wait=2.05|panic=1.32|target=1|speed=2.20|near=True|yaw=0.0|peeing=False|peeCooldown=122.2|aerial=False|glide=False|legs=0|activity=Retreat|site=3|visits=1
21.671,-6.800,0.100,-4.754,run|wait=2.05|panic=1.31|target=1|speed=2.20|near=True|yaw=0.0|peeing=False|peeCooldown=122.2|aerial=False|glide=False|legs=0|activity=Retreat|site=3|visits=1
21.673,-6.800,0.100,-4.748,run|wait=2.05|panic=1.31|target=1|speed=2.20|near=True|yaw=0.0|peeing=False|peeCooldown=122.2|aerial=False|glide=False|legs=0|activity=Retreat|site=3|visits=1
21.676,-6.800,0.100,-4.742,run|wait=2.05|panic=1.31|target=1|speed=2.20|near=True|yaw=0.0|peeing=False|peeCooldown=122.2|aerial=False|glide=False|legs=0|activity=Retreat|site=3|visits=1
21.678,-6.800,0.100,-4.737,run|wait=2.05|panic=1.30|target=1|speed=2.20|near=True|yaw=0.0|peeing=False|peeCooldown=122.2|aerial=False|glide=False|legs=0|activity=Retreat|site=3|visits=1
21.681,-6.800,0.100,-4.731,run|wait=2.05|panic=1.30|target=1|speed=2.20|near=True|yaw=0.0|peeing=False|peeCooldown=122.2|aerial=False|glide=False|legs=0|activity=Retreat|site=3|visits=1
21.688,-6.800,0.100,-4.716,run|wait=2.05|panic=1.29|target=1|speed=2.20|near=True|yaw=0.0|peeing=False|peeCooldown=122.1|aerial=False|glide=False|legs=0|activity=Retreat|site=3|visits=1
21.693,-6.800,0.100,-4.705,run|wait=2.05|panic=1.29|target=1|speed=2.20|near=True|yaw=0.0|peeing=False|peeCooldown=122.1|aerial=False|glide=False|legs=0|activity=Retreat|site=3|visits=1
21.695,-6.800,0.100,-4.700,run|wait=2.05|panic=1.29|target=1|speed=2.20|near=True|yaw=0.0|peeing=False|peeCooldown=122.1|aerial=False|glide=False|legs=0|activity=Retreat|site=3|visits=1
21.698,-6.800,0.100,-4.694,run|wait=2.05|panic=1.28|target=1|speed=2.20|near=True|yaw=0.0|peeing=False|peeCooldown=122.1|aerial=False|glide=False|legs=0|activity=Retreat|site=3|visits=1
21.701,-6.800,0.100,-4.688,run|wait=2.05|panic=1.28|target=1|speed=2.20|near=True|yaw=0.0|peeing=False|peeCooldown=122.1|aerial=False|glide=False|legs=0|activity=Retreat|site=3|visits=1
21.704,-6.800,0.100,-4.681,run|wait=2.05|panic=1.28|target=1|speed=2.20|near=True|yaw=0.0|peeing=False|peeCooldown=122.1|aerial=False|glide=False|legs=0|activity=Retreat|site=3|visits=1
21.706,-6.800,0.100,-4.676,run|wait=2.05|panic=1.28|target=1|speed=2.20|near=True|yaw=0.0|peeing=False|peeCooldown=122.1|aerial=False|glide=False|legs=0|activity=Retreat|site=3|visits=1
21.709,-6.800,0.100,-4.670,run|wait=2.05|panic=1.27|target=1|speed=2.20|near=True|yaw=0.0|peeing=False|peeCooldown=122.1|aerial=False|glide=False|legs=0|activity=Retreat|site=3|visits=1
21.711,-6.800,0.100,-4.665,run|wait=2.05|panic=1.27|target=1|speed=2.20|near=True|yaw=0.0|peeing=False|peeCooldown=122.1|aerial=False|glide=False|legs=0|activity=Retreat|site=3|visits=1
21.714,-6.800,0.100,-4.659,run|wait=2.05|panic=1.27|target=1|speed=2.20|near=True|yaw=0.0|peeing=False|peeCooldown=122.1|aerial=False|glide=False|legs=0|activity=Retreat|site=3|visits=1
21.716,-6.800,0.100,-4.654,run|wait=2.05|panic=1.27|target=1|speed=2.20|near=True|yaw=0.0|peeing=False|peeCooldown=122.1|aerial=False|glide=False|legs=0|activity=Retreat|site=3|visits=1
21.719,-6.800,0.100,-4.648,run|wait=2.05|panic=1.26|target=1|speed=2.20|near=True|yaw=0.0|peeing=False|peeCooldown=122.1|aerial=False|glide=False|legs=0|activity=Retreat|site=3|visits=1
21.723,-6.800,0.100,-4.639,run|wait=2.05|panic=1.26|target=1|speed=2.20|near=True|yaw=0.0|peeing=False|peeCooldown=122.1|aerial=False|glide=False|legs=0|activity=Retreat|site=3|visits=1
21.726,-6.800,0.100,-4.632,run|wait=2.05|panic=1.26|target=1|speed=2.20|near=True|yaw=0.0|peeing=False|peeCooldown=122.1|aerial=False|glide=False|legs=0|activity=Retreat|site=3|visits=1
21.729,-6.800,0.100,-4.626,run|wait=2.05|panic=1.25|target=1|speed=2.20|near=True|yaw=0.0|peeing=False|peeCooldown=122.1|aerial=False|glide=False|legs=0|activity=Retreat|site=3|visits=1
21.732,-6.800,0.100,-4.620,run|wait=2.05|panic=1.25|target=1|speed=2.20|near=True|yaw=0.0|peeing=False|peeCooldown=122.1|aerial=False|glide=False|legs=0|activity=Retreat|site=3|visits=1
21.734,-6.800,0.100,-4.615,run|wait=2.05|panic=1.25|target=1|speed=2.20|near=True|yaw=0.0|peeing=False|peeCooldown=122.1|aerial=False|glide=False|legs=0|activity=Retreat|site=3|visits=1
21.736,-6.800,0.100,-4.609,run|wait=2.05|panic=1.25|target=1|speed=2.20|near=True|yaw=0.0|peeing=False|peeCooldown=122.1|aerial=False|glide=False|legs=0|activity=Retreat|site=3|visits=1
21.739,-6.800,0.100,-4.604,run|wait=2.05|panic=1.24|target=1|speed=2.20|near=True|yaw=0.0|peeing=False|peeCooldown=122.1|aerial=False|glide=False|legs=0|activity=Retreat|site=3|visits=1
21.741,-6.800,0.100,-4.599,run|wait=2.05|panic=1.24|target=1|speed=2.20|near=True|yaw=0.0|peeing=False|peeCooldown=122.1|aerial=False|glide=False|legs=0|activity=Retreat|site=3|visits=1
21.744,-6.800,0.100,-4.592,run|wait=2.05|panic=1.24|target=1|speed=2.20|near=True|yaw=0.0|peeing=False|peeCooldown=122.1|aerial=False|glide=False|legs=0|activity=Retreat|site=3|visits=1
21.747,-6.800,0.100,-4.587,run|wait=2.05|panic=1.24|target=1|speed=2.20|near=True|yaw=0.0|peeing=False|peeCooldown=122.1|aerial=False|glide=False|legs=0|activity=Retreat|site=3|visits=1
21.749,-6.800,0.100,-4.581,run|wait=2.05|panic=1.23|target=1|speed=2.20|near=True|yaw=0.0|peeing=False|peeCooldown=122.1|aerial=False|glide=False|legs=0|activity=Retreat|site=3|visits=1
21.751,-6.800,0.100,-4.576,run|wait=2.05|panic=1.23|target=1|speed=2.20|near=True|yaw=0.0|peeing=False|peeCooldown=122.1|aerial=False|glide=False|legs=0|activity=Retreat|site=3|visits=1
21.754,-6.800,0.100,-4.571,run|wait=2.05|panic=1.23|target=1|speed=2.20|near=True|yaw=0.0|peeing=False|peeCooldown=122.1|aerial=False|glide=False|legs=0|activity=Retreat|site=3|visits=1
21.756,-6.800,0.100,-4.565,run|wait=2.05|panic=1.23|target=1|speed=2.20|near=True|yaw=0.0|peeing=False|peeCooldown=122.1|aerial=False|glide=False|legs=0|activity=Retreat|site=3|visits=1
21.759,-6.800,0.100,-4.560,run|wait=2.05|panic=1.22|target=1|speed=2.20|near=True|yaw=0.0|peeing=False|peeCooldown=122.1|aerial=False|glide=False|legs=0|activity=Retreat|site=3|visits=1
21.761,-6.800,0.100,-4.555,run|wait=2.05|panic=1.22|target=1|speed=2.20|near=True|yaw=0.0|peeing=False|peeCooldown=122.1|aerial=False|glide=False|legs=0|activity=Retreat|site=3|visits=1
21.764,-6.800,0.100,-4.548,run|wait=2.05|panic=1.22|target=1|speed=2.20|near=True|yaw=0.0|peeing=False|peeCooldown=122.1|aerial=False|glide=False|legs=0|activity=Retreat|site=3|visits=1
21.767,-6.800,0.100,-4.543,run|wait=2.05|panic=1.22|target=1|speed=2.20|near=True|yaw=0.0|peeing=False|peeCooldown=122.1|aerial=False|glide=False|legs=0|activity=Retreat|site=3|visits=1
21.769,-6.800,0.100,-4.538,run|wait=2.05|panic=1.21|target=1|speed=2.20|near=True|yaw=0.0|peeing=False|peeCooldown=122.1|aerial=False|glide=False|legs=0|activity=Retreat|site=3|visits=1
21.773,-6.800,0.100,-4.528,run|wait=2.05|panic=1.21|target=1|speed=2.20|near=True|yaw=0.0|peeing=False|peeCooldown=122.1|aerial=False|glide=False|legs=0|activity=Retreat|site=3|visits=1
21.776,-6.800,0.100,-4.523,run|wait=2.05|panic=1.21|target=1|speed=2.20|near=True|yaw=0.0|peeing=False|peeCooldown=122.1|aerial=False|glide=False|legs=0|activity=Retreat|site=3|visits=1
21.778,-6.800,0.100,-4.517,run|wait=2.05|panic=1.20|target=1|speed=2.20|near=True|yaw=0.0|peeing=False|peeCooldown=122.1|aerial=False|glide=False|legs=0|activity=Retreat|site=3|visits=1
21.781,-6.800,0.100,-4.511,run|wait=2.05|panic=1.20|target=1|speed=2.20|near=True|yaw=0.0|peeing=False|peeCooldown=122.1|aerial=False|glide=False|legs=0|activity=Retreat|site=3|visits=1
21.784,-6.800,0.100,-4.504,run|wait=2.05|panic=1.20|target=1|speed=2.20|near=True|yaw=0.0|peeing=False|peeCooldown=122.1|aerial=False|glide=False|legs=0|activity=Retreat|site=3|visits=1
21.787,-6.800,0.100,-4.500,run|wait=2.05|panic=1.20|target=1|speed=2.20|near=True|yaw=0.0|peeing=False|peeCooldown=122.0|aerial=False|glide=False|legs=0|activity=Retreat|site=3|visits=1
21.789,-6.800,0.100,-4.500,run|wait=2.05|panic=1.19|target=1|speed=2.20|near=True|yaw=0.0|peeing=False|peeCooldown=122.0|aerial=False|glide=False|legs=0|activity=Retreat|site=3|visits=1
21.792,-6.800,0.100,-4.494,run|wait=2.05|panic=1.19|target=1|speed=2.20|near=True|yaw=0.0|peeing=False|peeCooldown=122.0|aerial=False|glide=False|legs=0|activity=Retreat|site=3|visits=1
21.798,-6.800,0.100,-4.481,run|wait=2.05|panic=1.18|target=1|speed=2.20|near=True|yaw=0.0|peeing=False|peeCooldown=122.0|aerial=False|glide=False|legs=0|activity=Retreat|site=3|visits=1
21.804,-6.800,0.100,-4.467,run|wait=2.05|panic=1.18|target=1|speed=2.20|near=True|yaw=0.0|peeing=False|peeCooldown=122.0|aerial=False|glide=False|legs=0|activity=Retreat|site=3|visits=1
21.807,-6.800,0.100,-4.460,run|wait=2.05|panic=1.18|target=1|speed=2.20|near=True|yaw=0.0|peeing=False|peeCooldown=122.0|aerial=False|glide=False|legs=0|activity=Retreat|site=3|visits=1
21.809,-6.800,0.100,-4.455,run|wait=2.05|panic=1.17|target=1|speed=2.20|near=True|yaw=0.0|peeing=False|peeCooldown=122.0|aerial=False|glide=False|legs=0|activity=Retreat|site=3|visits=1
21.812,-6.800,0.100,-4.450,run|wait=2.05|panic=1.17|target=1|speed=2.20|near=True|yaw=0.0|peeing=False|peeCooldown=122.0|aerial=False|glide=False|legs=0|activity=Retreat|site=3|visits=1
21.814,-6.800,0.100,-4.444,run|wait=2.05|panic=1.17|target=1|speed=2.20|near=True|yaw=0.0|peeing=False|peeCooldown=122.0|aerial=False|glide=False|legs=0|activity=Retreat|site=3|visits=1
21.817,-6.800,0.100,-4.439,run|wait=2.05|panic=1.17|target=1|speed=2.20|near=True|yaw=0.0|peeing=False|peeCooldown=122.0|aerial=False|glide=False|legs=0|activity=Retreat|site=3|visits=1
21.819,-6.800,0.100,-4.434,run|wait=2.05|panic=1.16|target=1|speed=2.20|near=True|yaw=0.0|peeing=False|peeCooldown=122.0|aerial=False|glide=False|legs=0|activity=Retreat|site=3|visits=1
21.823,-6.800,0.100,-4.424,run|wait=2.05|panic=1.16|target=1|speed=2.20|near=True|yaw=0.0|peeing=False|peeCooldown=122.0|aerial=False|glide=False|legs=0|activity=Retreat|site=3|visits=1
21.827,-6.800,0.100,-4.417,run|wait=2.05|panic=1.16|target=1|speed=2.20|near=True|yaw=0.0|peeing=False|peeCooldown=122.0|aerial=False|glide=False|legs=0|activity=Retreat|site=3|visits=1
21.829,-6.800,0.100,-4.412,run|wait=2.05|panic=1.15|target=1|speed=2.20|near=True|yaw=0.0|peeing=False|peeCooldown=122.0|aerial=False|glide=False|legs=0|activity=Retreat|site=3|visits=1
21.831,-6.800,0.100,-4.407,run|wait=2.05|panic=1.15|target=1|speed=2.20|near=True|yaw=0.0|peeing=False|peeCooldown=122.0|aerial=False|glide=False|legs=0|activity=Retreat|site=3|visits=1
21.834,-6.800,0.100,-4.401,run|wait=2.05|panic=1.15|target=1|speed=2.20|near=True|yaw=0.0|peeing=False|peeCooldown=122.0|aerial=False|glide=False|legs=0|activity=Retreat|site=3|visits=1
21.836,-6.800,0.100,-4.396,run|wait=2.05|panic=1.15|target=1|speed=2.20|near=True|yaw=0.0|peeing=False|peeCooldown=122.0|aerial=False|glide=False|legs=0|activity=Retreat|site=3|visits=1
21.839,-6.800,0.100,-4.391,run|wait=2.05|panic=1.14|target=1|speed=2.20|near=True|yaw=0.0|peeing=False|peeCooldown=122.0|aerial=False|glide=False|legs=0|activity=Retreat|site=3|visits=1
21.841,-6.800,0.100,-4.385,run|wait=2.05|panic=1.14|target=1|speed=2.20|near=True|yaw=0.0|peeing=False|peeCooldown=122.0|aerial=False|glide=False|legs=0|activity=Retreat|site=3|visits=1
21.844,-6.800,0.100,-4.378,run|wait=2.05|panic=1.14|target=1|speed=2.20|near=True|yaw=0.0|peeing=False|peeCooldown=122.0|aerial=False|glide=False|legs=0|activity=Retreat|site=3|visits=1
21.847,-6.800,0.100,-4.373,run|wait=2.05|panic=1.14|target=1|speed=2.20|near=True|yaw=0.0|peeing=False|peeCooldown=122.0|aerial=False|glide=False|legs=0|activity=Retreat|site=3|visits=1
21.849,-6.800,0.100,-4.367,run|wait=2.05|panic=1.13|target=1|speed=2.20|near=True|yaw=0.0|peeing=False|peeCooldown=122.0|aerial=False|glide=False|legs=0|activity=Retreat|site=3|visits=1
21.852,-6.800,0.100,-4.362,run|wait=2.05|panic=1.13|target=1|speed=2.20|near=True|yaw=0.0|peeing=False|peeCooldown=122.0|aerial=False|glide=False|legs=0|activity=Retreat|site=3|visits=1
21.855,-6.800,0.100,-4.356,run|wait=2.05|panic=1.13|target=1|speed=2.20|near=True|yaw=0.0|peeing=False|peeCooldown=122.0|aerial=False|glide=False|legs=0|activity=Retreat|site=3|visits=1
21.857,-6.800,0.100,-4.350,run|wait=2.05|panic=1.13|target=1|speed=2.20|near=True|yaw=0.0|peeing=False|peeCooldown=122.0|aerial=False|glide=False|legs=0|activity=Retreat|site=3|visits=1
21.860,-6.800,0.100,-4.345,run|wait=2.05|panic=1.12|target=1|speed=2.20|near=True|yaw=0.0|peeing=False|peeCooldown=122.0|aerial=False|glide=False|legs=0|activity=Retreat|site=3|visits=1
21.862,-6.800,0.100,-4.339,run|wait=2.05|panic=1.12|target=1|speed=2.20|near=True|yaw=0.0|peeing=False|peeCooldown=122.0|aerial=False|glide=False|legs=0|activity=Retreat|site=3|visits=1
21.866,-6.800,0.100,-4.332,run|wait=2.05|panic=1.12|target=1|speed=2.20|near=True|yaw=0.0|peeing=False|peeCooldown=122.0|aerial=False|glide=False|legs=0|activity=Retreat|site=3|visits=1
21.868,-6.800,0.100,-4.326,run|wait=2.05|panic=1.11|target=1|speed=2.20|near=True|yaw=0.0|peeing=False|peeCooldown=122.0|aerial=False|glide=False|legs=0|activity=Retreat|site=3|visits=1
21.871,-6.800,0.100,-4.321,run|wait=2.05|panic=1.11|target=1|speed=2.20|near=True|yaw=0.0|peeing=False|peeCooldown=122.0|aerial=False|glide=False|legs=0|activity=Retreat|site=3|visits=1
21.875,-6.800,0.100,-4.312,run|wait=2.05|panic=1.11|target=1|speed=2.20|near=True|yaw=0.0|peeing=False|peeCooldown=122.0|aerial=False|glide=False|legs=0|activity=Retreat|site=3|visits=1
21.877,-6.800,0.100,-4.306,run|wait=2.05|panic=1.11|target=1|speed=2.20|near=True|yaw=0.0|peeing=False|peeCooldown=122.0|aerial=False|glide=False|legs=0|activity=Retreat|site=3|visits=1
21.880,-6.800,0.100,-4.301,run|wait=2.05|panic=1.10|target=1|speed=2.20|near=True|yaw=0.0|peeing=False|peeCooldown=122.0|aerial=False|glide=False|legs=0|activity=Retreat|site=3|visits=1
21.882,-6.800,0.100,-4.295,run|wait=2.05|panic=1.10|target=1|speed=2.20|near=True|yaw=0.0|peeing=False|peeCooldown=122.0|aerial=False|glide=False|legs=0|activity=Retreat|site=3|visits=1
21.885,-6.800,0.100,-4.288,run|wait=2.05|panic=1.10|target=1|speed=2.20|near=True|yaw=0.0|peeing=False|peeCooldown=122.0|aerial=False|glide=False|legs=0|activity=Retreat|site=3|visits=1
21.888,-6.800,0.100,-4.282,run|wait=2.05|panic=1.09|target=1|speed=2.20|near=True|yaw=0.0|peeing=False|peeCooldown=121.9|aerial=False|glide=False|legs=0|activity=Retreat|site=3|visits=1
21.890,-6.800,0.100,-4.277,run|wait=2.05|panic=1.09|target=1|speed=2.20|near=True|yaw=0.0|peeing=False|peeCooldown=121.9|aerial=False|glide=False|legs=0|activity=Retreat|site=3|visits=1
21.893,-6.800,0.100,-4.272,run|wait=2.05|panic=1.09|target=1|speed=2.20|near=True|yaw=0.0|peeing=False|peeCooldown=121.9|aerial=False|glide=False|legs=0|activity=Retreat|site=3|visits=1
21.895,-6.800,0.100,-4.266,run|wait=2.05|panic=1.09|target=1|speed=2.20|near=True|yaw=0.0|peeing=False|peeCooldown=121.9|aerial=False|glide=False|legs=0|activity=Retreat|site=3|visits=1
21.898,-6.800,0.100,-4.261,run|wait=2.05|panic=1.08|target=1|speed=2.20|near=True|yaw=0.0|peeing=False|peeCooldown=121.9|aerial=False|glide=False|legs=0|activity=Retreat|site=3|visits=1
21.900,-6.800,0.100,-4.255,run|wait=2.05|panic=1.08|target=1|speed=2.20|near=True|yaw=0.0|peeing=False|peeCooldown=121.9|aerial=False|glide=False|legs=0|activity=Retreat|site=3|visits=1
21.907,-6.800,0.100,-4.241,run|wait=2.05|panic=1.08|target=1|speed=2.20|near=True|yaw=0.0|peeing=False|peeCooldown=121.9|aerial=False|glide=False|legs=0|activity=Retreat|site=3|visits=1
21.910,-6.800,0.100,-4.233,run|wait=2.05|panic=1.07|target=1|speed=2.20|near=True|yaw=0.0|peeing=False|peeCooldown=121.9|aerial=False|glide=False|legs=0|activity=Retreat|site=3|visits=1
21.913,-6.800,0.100,-4.228,run|wait=2.05|panic=1.07|target=1|speed=2.20|near=True|yaw=0.0|peeing=False|peeCooldown=121.9|aerial=False|glide=False|legs=0|activity=Retreat|site=3|visits=1
21.915,-6.800,0.100,-4.222,run|wait=2.05|panic=1.07|target=1|speed=2.20|near=True|yaw=0.0|peeing=False|peeCooldown=121.9|aerial=False|glide=False|legs=0|activity=Retreat|site=3|visits=1
21.920,-6.800,0.100,-4.211,run|wait=2.05|panic=1.06|target=1|speed=2.20|near=True|yaw=0.0|peeing=False|peeCooldown=121.9|aerial=False|glide=False|legs=0|activity=Retreat|site=3|visits=1
21.926,-6.800,0.100,-4.200,run|wait=2.05|panic=1.06|target=1|speed=2.20|near=True|yaw=0.0|peeing=False|peeCooldown=121.9|aerial=False|glide=False|legs=0|activity=Retreat|site=3|visits=1
21.930,-6.800,0.100,-4.190,run|wait=2.05|panic=1.05|target=1|speed=2.20|near=True|yaw=0.0|peeing=False|peeCooldown=121.9|aerial=False|glide=False|legs=0|activity=Retreat|site=3|visits=1
21.933,-6.800,0.100,-4.184,run|wait=2.05|panic=1.05|target=1|speed=2.20|near=True|yaw=0.0|peeing=False|peeCooldown=121.9|aerial=False|glide=False|legs=0|activity=Retreat|site=3|visits=1
21.935,-6.800,0.100,-4.179,run|wait=2.05|panic=1.05|target=1|speed=2.20|near=True|yaw=0.0|peeing=False|peeCooldown=121.9|aerial=False|glide=False|legs=0|activity=Retreat|site=3|visits=1
21.938,-6.800,0.100,-4.173,run|wait=2.05|panic=1.04|target=1|speed=2.20|near=True|yaw=0.0|peeing=False|peeCooldown=121.9|aerial=False|glide=False|legs=0|activity=Retreat|site=3|visits=1
21.940,-6.800,0.100,-4.168,run|wait=2.05|panic=1.04|target=1|speed=2.20|near=True|yaw=0.0|peeing=False|peeCooldown=121.9|aerial=False|glide=False|legs=0|activity=Retreat|site=3|visits=1
21.943,-6.800,0.100,-4.161,run|wait=2.05|panic=1.04|target=1|speed=2.20|near=True|yaw=0.0|peeing=False|peeCooldown=121.9|aerial=False|glide=False|legs=0|activity=Retreat|site=3|visits=1
21.946,-6.800,0.100,-4.156,run|wait=2.05|panic=1.04|target=1|speed=2.20|near=True|yaw=0.0|peeing=False|peeCooldown=121.9|aerial=False|glide=False|legs=0|activity=Retreat|site=3|visits=1
21.948,-6.800,0.100,-4.150,run|wait=2.05|panic=1.03|target=1|speed=2.20|near=True|yaw=0.0|peeing=False|peeCooldown=121.9|aerial=False|glide=False|legs=0|activity=Retreat|site=3|visits=1
21.951,-6.800,0.100,-4.144,run|wait=2.05|panic=1.03|target=1|speed=2.20|near=True|yaw=0.0|peeing=False|peeCooldown=121.9|aerial=False|glide=False|legs=0|activity=Retreat|site=3|visits=1
21.953,-6.800,0.100,-4.139,run|wait=2.05|panic=1.03|target=1|speed=2.20|near=True|yaw=0.0|peeing=False|peeCooldown=121.9|aerial=False|glide=False|legs=0|activity=Retreat|site=3|visits=1
21.956,-6.800,0.100,-4.133,run|wait=2.05|panic=1.03|target=1|speed=2.20|near=True|yaw=0.0|peeing=False|peeCooldown=121.9|aerial=False|glide=False|legs=0|activity=Retreat|site=3|visits=1
21.958,-6.800,0.100,-4.128,run|wait=2.05|panic=1.02|target=1|speed=2.20|near=True|yaw=0.0|peeing=False|peeCooldown=121.9|aerial=False|glide=False|legs=0|activity=Retreat|site=3|visits=1
21.961,-6.800,0.100,-4.122,run|wait=2.05|panic=1.02|target=1|speed=2.20|near=True|yaw=0.0|peeing=False|peeCooldown=121.9|aerial=False|glide=False|legs=0|activity=Retreat|site=3|visits=1
21.964,-6.800,0.100,-4.115,run|wait=2.05|panic=1.02|target=1|speed=2.20|near=True|yaw=0.0|peeing=False|peeCooldown=121.9|aerial=False|glide=False|legs=0|activity=Retreat|site=3|visits=1
21.966,-6.800,0.100,-4.110,run|wait=2.05|panic=1.02|target=1|speed=2.20|near=True|yaw=0.0|peeing=False|peeCooldown=121.9|aerial=False|glide=False|legs=0|activity=Retreat|site=3|visits=1
21.969,-6.800,0.100,-4.105,run|wait=2.05|panic=1.01|target=1|speed=2.20|near=True|yaw=0.0|peeing=False|peeCooldown=121.9|aerial=False|glide=False|legs=0|activity=Retreat|site=3|visits=1
21.971,-6.800,0.100,-4.099,run|wait=2.05|panic=1.01|target=1|speed=2.20|near=True|yaw=0.0|peeing=False|peeCooldown=121.9|aerial=False|glide=False|legs=0|activity=Retreat|site=3|visits=1
21.974,-6.800,0.100,-4.093,run|wait=2.05|panic=1.01|target=1|speed=2.20|near=True|yaw=0.0|peeing=False|peeCooldown=121.9|aerial=False|glide=False|legs=0|activity=Retreat|site=3|visits=1
21.976,-6.800,0.100,-4.088,run|wait=2.05|panic=1.01|target=1|speed=2.20|near=True|yaw=0.0|peeing=False|peeCooldown=121.9|aerial=False|glide=False|legs=0|activity=Retreat|site=3|visits=1
21.981,-6.800,0.100,-4.078,run|wait=2.05|panic=1.00|target=1|speed=2.20|near=True|yaw=0.0|peeing=False|peeCooldown=121.9|aerial=False|glide=False|legs=0|activity=Retreat|site=3|visits=1
21.984,-6.800,0.100,-4.071,run|wait=2.05|panic=1.00|target=1|speed=2.20|near=False|yaw=0.0|peeing=False|peeCooldown=121.9|aerial=False|glide=False|legs=0|activity=Retreat|site=3|visits=1
21.986,-6.800,0.100,-4.065,run|wait=2.05|panic=1.00|target=1|speed=2.20|near=False|yaw=0.0|peeing=False|peeCooldown=121.8|aerial=False|glide=False|legs=0|activity=Retreat|site=3|visits=1
21.989,-6.800,0.100,-4.060,run|wait=2.05|panic=0.99|target=1|speed=2.20|near=False|yaw=0.0|peeing=False|peeCooldown=121.8|aerial=False|glide=False|legs=0|activity=Retreat|site=3|visits=1
21.991,-6.800,0.100,-4.055,run|wait=2.05|panic=0.99|target=1|speed=2.20|near=False|yaw=0.0|peeing=False|peeCooldown=121.8|aerial=False|glide=False|legs=0|activity=Retreat|site=3|visits=1
21.994,-6.800,0.100,-4.049,run|wait=2.05|panic=0.99|target=1|speed=2.20|near=False|yaw=0.0|peeing=False|peeCooldown=121.8|aerial=False|glide=False|legs=0|activity=Retreat|site=3|visits=1
21.996,-6.800,0.100,-4.044,run|wait=2.05|panic=0.99|target=1|speed=2.20|near=False|yaw=0.0|peeing=False|peeCooldown=121.8|aerial=False|glide=False|legs=0|activity=Retreat|site=3|visits=1
22.002,-6.800,0.100,-4.032,run|wait=2.05|panic=0.98|target=1|speed=2.20|near=False|yaw=0.0|peeing=False|peeCooldown=121.8|aerial=False|glide=False|legs=0|activity=Retreat|site=3|visits=1
22.005,-6.800,0.100,-4.024,run|wait=2.05|panic=0.98|target=1|speed=2.20|near=False|yaw=0.0|peeing=False|peeCooldown=121.8|aerial=False|glide=False|legs=0|activity=Retreat|site=3|visits=1
22.008,-6.800,0.100,-4.018,run|wait=2.05|panic=0.97|target=1|speed=2.20|near=False|yaw=0.0|peeing=False|peeCooldown=121.8|aerial=False|glide=False|legs=0|activity=Retreat|site=3|visits=1
22.011,-6.800,0.100,-4.012,run|wait=2.05|panic=0.97|target=1|speed=2.20|near=False|yaw=0.0|peeing=False|peeCooldown=121.8|aerial=False|glide=False|legs=0|activity=Retreat|site=3|visits=1
22.014,-6.800,0.100,-4.006,run|wait=2.05|panic=0.97|target=1|speed=2.20|near=False|yaw=0.0|peeing=False|peeCooldown=121.8|aerial=False|glide=False|legs=0|activity=Retreat|site=3|visits=1
22.016,-6.800,0.100,-4.001,run|wait=2.05|panic=0.97|target=1|speed=2.20|near=False|yaw=0.0|peeing=False|peeCooldown=121.8|aerial=False|glide=False|legs=0|activity=Retreat|site=3|visits=1
22.019,-6.800,0.100,-3.995,run|wait=2.05|panic=0.96|target=1|speed=2.20|near=False|yaw=0.0|peeing=False|peeCooldown=121.8|aerial=False|glide=False|legs=0|activity=Retreat|site=3|visits=1
22.021,-6.800,0.100,-3.989,run|wait=2.05|panic=0.96|target=1|speed=2.20|near=False|yaw=0.0|peeing=False|peeCooldown=121.8|aerial=False|glide=False|legs=0|activity=Retreat|site=3|visits=1
22.029,-6.800,0.100,-3.972,run|wait=2.05|panic=0.95|target=1|speed=2.20|near=False|yaw=0.0|peeing=False|peeCooldown=121.8|aerial=False|glide=False|legs=0|activity=Retreat|site=3|visits=1
22.034,-6.800,0.100,-3.961,run|wait=2.05|panic=0.95|target=1|speed=2.20|near=False|yaw=0.0|peeing=False|peeCooldown=121.8|aerial=False|glide=False|legs=0|activity=Retreat|site=3|visits=1
22.037,-6.800,0.100,-3.955,run|wait=2.05|panic=0.95|target=1|speed=2.20|near=False|yaw=0.0|peeing=False|peeCooldown=121.8|aerial=False|glide=False|legs=0|activity=Retreat|site=3|visits=1
22.039,-6.800,0.100,-3.950,run|wait=2.05|panic=0.94|target=1|speed=2.20|near=False|yaw=0.0|peeing=False|peeCooldown=121.8|aerial=False|glide=False|legs=0|activity=Retreat|site=3|visits=1
22.042,-6.800,0.100,-3.944,run|wait=2.05|panic=0.94|target=1|speed=2.20|near=False|yaw=0.0|peeing=False|peeCooldown=121.8|aerial=False|glide=False|legs=0|activity=Retreat|site=3|visits=1
22.045,-6.800,0.100,-3.937,run|wait=2.05|panic=0.94|target=1|speed=2.20|near=False|yaw=0.0|peeing=False|peeCooldown=121.8|aerial=False|glide=False|legs=0|activity=Retreat|site=3|visits=1
22.047,-6.800,0.100,-3.932,run|wait=2.05|panic=0.94|target=1|speed=2.20|near=False|yaw=0.0|peeing=False|peeCooldown=121.8|aerial=False|glide=False|legs=0|activity=Retreat|site=3|visits=1
22.050,-6.800,0.100,-3.926,run|wait=2.05|panic=0.93|target=1|speed=2.20|near=False|yaw=0.0|peeing=False|peeCooldown=121.8|aerial=False|glide=False|legs=0|activity=Retreat|site=3|visits=1
22.052,-6.800,0.100,-3.921,run|wait=2.05|panic=0.93|target=1|speed=2.20|near=False|yaw=0.0|peeing=False|peeCooldown=121.8|aerial=False|glide=False|legs=0|activity=Retreat|site=3|visits=1
22.055,-6.800,0.100,-3.915,run|wait=2.05|panic=0.93|target=1|speed=2.20|near=False|yaw=0.0|peeing=False|peeCooldown=121.8|aerial=False|glide=False|legs=0|activity=Retreat|site=3|visits=1
22.058,-6.800,0.100,-3.909,run|wait=2.05|panic=0.92|target=1|speed=2.20|near=False|yaw=0.0|peeing=False|peeCooldown=121.8|aerial=False|glide=False|legs=0|activity=Retreat|site=3|visits=1
22.060,-6.800,0.100,-3.903,run|wait=2.05|panic=0.92|target=1|speed=2.20|near=False|yaw=0.0|peeing=False|peeCooldown=121.8|aerial=False|glide=False|legs=0|activity=Retreat|site=3|visits=1
22.063,-6.800,0.100,-3.896,run|wait=2.05|panic=0.92|target=1|speed=2.20|near=False|yaw=0.0|peeing=False|peeCooldown=121.8|aerial=False|glide=False|legs=0|activity=Retreat|site=3|visits=1
22.066,-6.800,0.100,-3.891,run|wait=2.05|panic=0.92|target=1|speed=2.20|near=False|yaw=0.0|peeing=False|peeCooldown=121.8|aerial=False|glide=False|legs=0|activity=Retreat|site=3|visits=1
22.068,-6.800,0.100,-3.885,run|wait=2.05|panic=0.91|target=1|speed=2.20|near=False|yaw=0.0|peeing=False|peeCooldown=121.8|aerial=False|glide=False|legs=0|activity=Retreat|site=3|visits=1
22.071,-6.800,0.100,-3.880,run|wait=2.05|panic=0.91|target=1|speed=2.20|near=False|yaw=0.0|peeing=False|peeCooldown=121.8|aerial=False|glide=False|legs=0|activity=Retreat|site=3|visits=1
22.073,-6.800,0.100,-3.874,run|wait=2.05|panic=0.91|target=1|speed=2.20|near=False|yaw=0.0|peeing=False|peeCooldown=121.8|aerial=False|glide=False|legs=0|activity=Retreat|site=3|visits=1
22.076,-6.800,0.100,-3.869,run|wait=2.05|panic=0.91|target=1|speed=2.20|near=False|yaw=0.0|peeing=False|peeCooldown=121.8|aerial=False|glide=False|legs=0|activity=Retreat|site=3|visits=1
22.078,-6.800,0.100,-3.863,run|wait=2.05|panic=0.90|target=1|speed=2.20|near=False|yaw=0.0|peeing=False|peeCooldown=121.8|aerial=False|glide=False|legs=0|activity=Retreat|site=3|visits=1
22.081,-6.800,0.100,-3.858,run|wait=2.05|panic=0.90|target=1|speed=2.20|near=False|yaw=0.0|peeing=False|peeCooldown=121.8|aerial=False|glide=False|legs=0|activity=Retreat|site=3|visits=1
22.086,-6.800,0.100,-3.847,run|wait=2.05|panic=0.90|target=1|speed=2.20|near=False|yaw=0.0|peeing=False|peeCooldown=121.7|aerial=False|glide=False|legs=0|activity=Retreat|site=3|visits=1
22.104,-6.800,0.100,-3.807,run|wait=2.05|panic=0.88|target=1|speed=2.20|near=False|yaw=0.0|peeing=False|peeCooldown=121.7|aerial=False|glide=False|legs=0|activity=Retreat|site=3|visits=1
22.140,-6.800,0.100,-3.728,run|wait=2.05|panic=0.84|target=1|speed=2.20|near=False|yaw=0.0|peeing=False|peeCooldown=121.7|aerial=False|glide=False|legs=0|activity=Retreat|site=3|visits=1
22.146,-6.800,0.100,-3.714,run|wait=2.05|panic=0.84|target=1|speed=2.20|near=False|yaw=0.0|peeing=False|peeCooldown=121.7|aerial=False|glide=False|legs=0|activity=Retreat|site=3|visits=1
22.173,-6.800,0.100,-3.656,run|wait=2.05|panic=0.81|target=1|speed=2.20|near=False|yaw=0.0|peeing=False|peeCooldown=121.7|aerial=False|glide=False|legs=0|activity=Retreat|site=3|visits=1
22.176,-6.800,0.100,-3.648,run|wait=2.05|panic=0.81|target=1|speed=2.20|near=False|yaw=0.0|peeing=False|peeCooldown=121.7|aerial=False|glide=False|legs=0|activity=Retreat|site=3|visits=1
22.179,-6.800,0.100,-3.641,run|wait=2.05|panic=0.80|target=1|speed=2.20|near=False|yaw=0.0|peeing=False|peeCooldown=121.7|aerial=False|glide=False|legs=0|activity=Retreat|site=3|visits=1
22.182,-6.800,0.100,-3.635,run|wait=2.05|panic=0.80|target=1|speed=2.20|near=False|yaw=0.0|peeing=False|peeCooldown=121.7|aerial=False|glide=False|legs=0|activity=Retreat|site=3|visits=1
22.186,-6.800,0.100,-3.628,run|wait=2.05|panic=0.80|target=1|speed=2.20|near=False|yaw=0.0|peeing=False|peeCooldown=121.7|aerial=False|glide=False|legs=0|activity=Retreat|site=3|visits=1
22.188,-6.800,0.100,-3.622,run|wait=2.05|panic=0.79|target=1|speed=2.20|near=False|yaw=0.0|peeing=False|peeCooldown=121.6|aerial=False|glide=False|legs=0|activity=Retreat|site=3|visits=1
22.191,-6.800,0.100,-3.616,run|wait=2.05|panic=0.79|target=1|speed=2.20|near=False|yaw=0.0|peeing=False|peeCooldown=121.6|aerial=False|glide=False|legs=0|activity=Retreat|site=3|visits=1
22.195,-6.800,0.100,-3.607,run|wait=2.05|panic=0.79|target=1|speed=2.20|near=False|yaw=0.0|peeing=False|peeCooldown=121.6|aerial=False|glide=False|legs=0|activity=Retreat|site=3|visits=1
22.199,-6.800,0.100,-3.597,run|wait=2.05|panic=0.78|target=1|speed=2.20|near=False|yaw=0.0|peeing=False|peeCooldown=121.6|aerial=False|glide=False|legs=0|activity=Retreat|site=3|visits=1
22.231,-6.800,0.100,-3.528,run|wait=2.05|panic=0.75|target=1|speed=2.20|near=False|yaw=0.0|peeing=False|peeCooldown=121.6|aerial=False|glide=False|legs=0|activity=Retreat|site=3|visits=1
22.235,-6.800,0.100,-3.519,run|wait=2.05|panic=0.75|target=1|speed=2.20|near=False|yaw=0.0|peeing=False|peeCooldown=121.6|aerial=False|glide=False|legs=0|activity=Retreat|site=3|visits=1
22.243,-6.800,0.100,-3.502,run|wait=2.05|panic=0.74|target=1|speed=2.20|near=False|yaw=0.0|peeing=False|peeCooldown=121.6|aerial=False|glide=False|legs=0|activity=Retreat|site=3|visits=1
22.249,-6.800,0.100,-3.500,run|wait=2.05|panic=0.73|target=1|speed=2.20|near=False|yaw=0.0|peeing=False|peeCooldown=121.6|aerial=False|glide=False|legs=0|activity=Retreat|site=3|visits=1
22.251,-6.800,0.100,-3.500,run|wait=2.05|panic=0.73|target=1|speed=2.20|near=False|yaw=0.0|peeing=False|peeCooldown=121.6|aerial=False|glide=False|legs=0|activity=Retreat|site=3|visits=1
22.276,-6.800,0.100,-3.444,run|wait=2.05|panic=0.71|target=1|speed=2.20|near=False|yaw=0.0|peeing=False|peeCooldown=121.6|aerial=False|glide=False|legs=0|activity=Retreat|site=3|visits=1
22.280,-6.800,0.100,-3.436,run|wait=2.05|panic=0.70|target=1|speed=2.20|near=False|yaw=0.0|peeing=False|peeCooldown=121.6|aerial=False|glide=False|legs=0|activity=Retreat|site=3|visits=1
22.283,-6.800,0.100,-3.429,run|wait=2.05|panic=0.70|target=1|speed=2.20|near=False|yaw=0.0|peeing=False|peeCooldown=121.6|aerial=False|glide=False|legs=0|activity=Retreat|site=3|visits=1
22.286,-6.800,0.100,-3.423,run|wait=2.05|panic=0.70|target=1|speed=2.20|near=False|yaw=0.0|peeing=False|peeCooldown=121.5|aerial=False|glide=False|legs=0|activity=Retreat|site=3|visits=1
22.288,-6.800,0.100,-3.418,run|wait=2.05|panic=0.69|target=1|speed=2.20|near=False|yaw=0.0|peeing=False|peeCooldown=121.5|aerial=False|glide=False|legs=0|activity=Retreat|site=3|visits=1
22.291,-6.800,0.100,-3.412,run|wait=2.05|panic=0.69|target=1|speed=2.20|near=False|yaw=0.0|peeing=False|peeCooldown=121.5|aerial=False|glide=False|legs=0|activity=Retreat|site=3|visits=1
22.293,-6.800,0.100,-3.407,run|wait=2.05|panic=0.69|target=1|speed=2.20|near=False|yaw=0.0|peeing=False|peeCooldown=121.5|aerial=False|glide=False|legs=0|activity=Retreat|site=3|visits=1
22.297,-6.800,0.100,-3.398,run|wait=2.05|panic=0.69|target=1|speed=2.20|near=False|yaw=0.0|peeing=False|peeCooldown=121.5|aerial=False|glide=False|legs=0|activity=Retreat|site=3|visits=1
22.301,-6.800,0.100,-3.389,run|wait=2.05|panic=0.68|target=1|speed=2.20|near=False|yaw=0.0|peeing=False|peeCooldown=121.5|aerial=False|glide=False|legs=0|activity=Retreat|site=3|visits=1
22.305,-6.800,0.100,-3.382,run|wait=2.05|panic=0.68|target=1|speed=2.20|near=False|yaw=0.0|peeing=False|peeCooldown=121.5|aerial=False|glide=False|legs=0|activity=Retreat|site=3|visits=1
22.336,-6.800,0.100,-3.314,run|wait=2.05|panic=0.65|target=1|speed=2.20|near=False|yaw=0.0|peeing=False|peeCooldown=121.5|aerial=False|glide=False|legs=0|activity=Retreat|site=3|visits=1
22.340,-6.800,0.100,-3.306,run|wait=2.05|panic=0.64|target=1|speed=2.20|near=False|yaw=0.0|peeing=False|peeCooldown=121.5|aerial=False|glide=False|legs=0|activity=Retreat|site=3|visits=1
22.342,-6.800,0.100,-3.300,run|wait=2.05|panic=0.64|target=1|speed=2.20|near=False|yaw=0.0|peeing=False|peeCooldown=121.5|aerial=False|glide=False|legs=0|activity=Retreat|site=3|visits=1
22.350,-6.800,0.100,-3.282,run|wait=2.05|panic=0.63|target=1|speed=2.20|near=False|yaw=0.0|peeing=False|peeCooldown=121.5|aerial=False|glide=False|legs=0|activity=Retreat|site=3|visits=1
22.355,-6.800,0.100,-3.272,run|wait=2.05|panic=0.63|target=1|speed=2.20|near=False|yaw=0.0|peeing=False|peeCooldown=121.5|aerial=False|glide=False|legs=0|activity=Retreat|site=3|visits=1
22.357,-6.800,0.100,-3.266,run|wait=2.05|panic=0.63|target=1|speed=2.20|near=False|yaw=0.0|peeing=False|peeCooldown=121.5|aerial=False|glide=False|legs=0|activity=Retreat|site=3|visits=1
22.383,-6.800,0.100,-3.210,run|wait=2.05|panic=0.60|target=1|speed=2.20|near=False|yaw=0.0|peeing=False|peeCooldown=121.5|aerial=False|glide=False|legs=0|activity=Retreat|site=3|visits=1
22.387,-6.800,0.100,-3.201,run|wait=2.05|panic=0.60|target=1|speed=2.20|near=False|yaw=0.0|peeing=False|peeCooldown=121.4|aerial=False|glide=False|legs=0|activity=Retreat|site=3|visits=1
22.389,-6.800,0.100,-3.196,run|wait=2.05|panic=0.59|target=1|speed=2.20|near=False|yaw=0.0|peeing=False|peeCooldown=121.4|aerial=False|glide=False|legs=0|activity=Retreat|site=3|visits=1
22.392,-6.800,0.100,-3.190,run|wait=2.05|panic=0.59|target=1|speed=2.20|near=False|yaw=0.0|peeing=False|peeCooldown=121.4|aerial=False|glide=False|legs=0|activity=Retreat|site=3|visits=1
22.394,-6.800,0.100,-3.185,run|wait=2.05|panic=0.59|target=1|speed=2.20|near=False|yaw=0.0|peeing=False|peeCooldown=121.4|aerial=False|glide=False|legs=0|activity=Retreat|site=3|visits=1
22.397,-6.800,0.100,-3.179,run|wait=2.05|panic=0.59|target=1|speed=2.20|near=False|yaw=0.0|peeing=False|peeCooldown=121.4|aerial=False|glide=False|legs=0|activity=Retreat|site=3|visits=1
22.399,-6.800,0.100,-3.174,run|wait=2.05|panic=0.58|target=1|speed=2.20|near=False|yaw=0.0|peeing=False|peeCooldown=121.4|aerial=False|glide=False|legs=0|activity=Retreat|site=3|visits=1
22.402,-6.800,0.100,-3.169,run|wait=2.05|panic=0.58|target=1|speed=2.20|near=False|yaw=0.0|peeing=False|peeCooldown=121.4|aerial=False|glide=False|legs=0|activity=Retreat|site=3|visits=1
22.408,-6.800,0.100,-3.154,run|wait=2.05|panic=0.57|target=1|speed=2.20|near=False|yaw=0.0|peeing=False|peeCooldown=121.4|aerial=False|glide=False|legs=0|activity=Retreat|site=3|visits=1
22.411,-6.800,0.100,-3.148,run|wait=2.05|panic=0.57|target=1|speed=2.20|near=False|yaw=0.0|peeing=False|peeCooldown=121.4|aerial=False|glide=False|legs=0|activity=Retreat|site=3|visits=1
22.442,-6.800,0.100,-3.080,run|wait=2.05|panic=0.54|target=1|speed=2.20|near=False|yaw=0.0|peeing=False|peeCooldown=121.4|aerial=False|glide=False|legs=0|activity=Retreat|site=3|visits=1
22.446,-6.800,0.100,-3.071,run|wait=2.05|panic=0.54|target=1|speed=2.20|near=False|yaw=0.0|peeing=False|peeCooldown=121.4|aerial=False|glide=False|legs=0|activity=Retreat|site=3|visits=1
22.449,-6.800,0.100,-3.065,run|wait=2.05|panic=0.53|target=1|speed=2.20|near=False|yaw=0.0|peeing=False|peeCooldown=121.4|aerial=False|glide=False|legs=0|activity=Retreat|site=3|visits=1
22.451,-6.800,0.100,-3.060,run|wait=2.05|panic=0.53|target=1|speed=2.20|near=False|yaw=0.0|peeing=False|peeCooldown=121.4|aerial=False|glide=False|legs=0|activity=Retreat|site=3|visits=1
22.458,-6.800,0.100,-3.044,run|wait=2.05|panic=0.52|target=1|speed=2.20|near=False|yaw=0.0|peeing=False|peeCooldown=121.4|aerial=False|glide=False|legs=0|activity=Retreat|site=3|visits=1
22.463,-6.800,0.100,-3.033,run|wait=2.05|panic=0.52|target=1|speed=2.20|near=False|yaw=0.0|peeing=False|peeCooldown=121.4|aerial=False|glide=False|legs=0|activity=Retreat|site=3|visits=1
22.489,-6.800,0.100,-2.977,run|wait=2.05|panic=0.49|target=1|speed=2.20|near=False|yaw=0.0|peeing=False|peeCooldown=121.3|aerial=False|glide=False|legs=0|activity=Retreat|site=3|visits=1
22.492,-6.800,0.100,-2.970,run|wait=2.05|panic=0.49|target=1|speed=2.20|near=False|yaw=0.0|peeing=False|peeCooldown=121.3|aerial=False|glide=False|legs=0|activity=Retreat|site=3|visits=1
22.495,-6.800,0.100,-2.964,run|wait=2.05|panic=0.49|target=1|speed=2.20|near=False|yaw=0.0|peeing=False|peeCooldown=121.3|aerial=False|glide=False|legs=0|activity=Retreat|site=3|visits=1
22.497,-6.800,0.100,-2.959,run|wait=2.05|panic=0.49|target=1|speed=2.20|near=False|yaw=0.0|peeing=False|peeCooldown=121.3|aerial=False|glide=False|legs=0|activity=Retreat|site=3|visits=1
22.500,-6.800,0.100,-2.953,run|wait=2.05|panic=0.48|target=1|speed=2.20|near=False|yaw=0.0|peeing=False|peeCooldown=121.3|aerial=False|glide=False|legs=0|activity=Retreat|site=3|visits=1
22.502,-6.800,0.100,-2.948,run|wait=2.05|panic=0.48|target=1|speed=2.20|near=False|yaw=0.0|peeing=False|peeCooldown=121.3|aerial=False|glide=False|legs=0|activity=Retreat|site=3|visits=1
22.505,-6.800,0.100,-2.941,run|wait=2.05|panic=0.48|target=1|speed=2.20|near=False|yaw=0.0|peeing=False|peeCooldown=121.3|aerial=False|glide=False|legs=0|activity=Retreat|site=3|visits=1
22.508,-6.800,0.100,-2.935,run|wait=2.05|panic=0.47|target=1|speed=2.20|near=False|yaw=0.0|peeing=False|peeCooldown=121.3|aerial=False|glide=False|legs=0|activity=Retreat|site=3|visits=1
22.512,-6.800,0.100,-2.926,run|wait=2.05|panic=0.47|target=1|speed=2.20|near=False|yaw=0.0|peeing=False|peeCooldown=121.3|aerial=False|glide=False|legs=0|activity=Retreat|site=3|visits=1
22.516,-6.800,0.100,-2.917,run|wait=2.05|panic=0.47|target=1|speed=2.20|near=False|yaw=0.0|peeing=False|peeCooldown=121.3|aerial=False|glide=False|legs=0|activity=Retreat|site=3|visits=1
22.551,-6.800,0.100,-2.839,run|wait=2.05|panic=0.43|target=1|speed=2.20|near=False|yaw=0.0|peeing=False|peeCooldown=121.3|aerial=False|glide=False|legs=0|activity=Retreat|site=3|visits=1
22.556,-6.800,0.100,-2.828,run|wait=2.05|panic=0.43|target=1|speed=2.20|near=False|yaw=0.0|peeing=False|peeCooldown=121.3|aerial=False|glide=False|legs=0|activity=Retreat|site=3|visits=1
22.559,-6.800,0.100,-2.823,run|wait=2.05|panic=0.42|target=1|speed=2.20|near=False|yaw=0.0|peeing=False|peeCooldown=121.3|aerial=False|glide=False|legs=0|activity=Retreat|site=3|visits=1
22.566,-6.800,0.100,-2.808,run|wait=2.05|panic=0.42|target=1|speed=2.20|near=False|yaw=0.0|peeing=False|peeCooldown=121.3|aerial=False|glide=False|legs=0|activity=Retreat|site=3|visits=1
22.572,-6.800,0.100,-2.795,run|wait=2.05|panic=0.41|target=1|speed=2.20|near=False|yaw=0.0|peeing=False|peeCooldown=121.3|aerial=False|glide=False|legs=0|activity=Retreat|site=3|visits=1
22.597,-6.800,0.100,-2.739,run|wait=2.05|panic=0.39|target=1|speed=2.20|near=False|yaw=0.0|peeing=False|peeCooldown=121.2|aerial=False|glide=False|legs=0|activity=Retreat|site=3|visits=1
22.601,-6.800,0.100,-2.731,run|wait=2.05|panic=0.38|target=1|speed=2.20|near=False|yaw=0.0|peeing=False|peeCooldown=121.2|aerial=False|glide=False|legs=0|activity=Retreat|site=3|visits=1
22.604,-6.800,0.100,-2.724,run|wait=2.05|panic=0.38|target=1|speed=2.20|near=False|yaw=0.0|peeing=False|peeCooldown=121.2|aerial=False|glide=False|legs=0|activity=Retreat|site=3|visits=1
22.606,-6.800,0.100,-2.718,run|wait=2.05|panic=0.38|target=1|speed=2.20|near=False|yaw=0.0|peeing=False|peeCooldown=121.2|aerial=False|glide=False|legs=0|activity=Retreat|site=3|visits=1
22.609,-6.800,0.100,-2.713,run|wait=2.05|panic=0.37|target=1|speed=2.20|near=False|yaw=0.0|peeing=False|peeCooldown=121.2|aerial=False|glide=False|legs=0|activity=Retreat|site=3|visits=1
22.611,-6.800,0.100,-2.708,run|wait=2.05|panic=0.37|target=1|speed=2.20|near=False|yaw=0.0|peeing=False|peeCooldown=121.2|aerial=False|glide=False|legs=0|activity=Retreat|site=3|visits=1
22.614,-6.800,0.100,-2.702,run|wait=2.05|panic=0.37|target=1|speed=2.20|near=False|yaw=0.0|peeing=False|peeCooldown=121.2|aerial=False|glide=False|legs=0|activity=Retreat|site=3|visits=1
22.616,-6.800,0.100,-2.697,run|wait=2.05|panic=0.37|target=1|speed=2.20|near=False|yaw=0.0|peeing=False|peeCooldown=121.2|aerial=False|glide=False|legs=0|activity=Retreat|site=3|visits=1
22.622,-6.800,0.100,-2.684,run|wait=2.05|panic=0.36|target=1|speed=2.20|near=False|yaw=0.0|peeing=False|peeCooldown=121.2|aerial=False|glide=False|legs=0|activity=Retreat|site=3|visits=1
22.625,-6.800,0.100,-2.677,run|wait=2.05|panic=0.36|target=1|speed=2.20|near=False|yaw=0.0|peeing=False|peeCooldown=121.2|aerial=False|glide=False|legs=0|activity=Retreat|site=3|visits=1
22.656,-6.800,0.100,-2.608,run|wait=2.05|panic=0.33|target=1|speed=2.20|near=False|yaw=0.0|peeing=False|peeCooldown=121.2|aerial=False|glide=False|legs=0|activity=Retreat|site=3|visits=1
22.660,-6.800,0.100,-2.601,run|wait=2.05|panic=0.32|target=1|speed=2.20|near=False|yaw=0.0|peeing=False|peeCooldown=121.2|aerial=False|glide=False|legs=0|activity=Retreat|site=3|visits=1
22.663,-6.800,0.100,-2.594,run|wait=2.05|panic=0.32|target=1|speed=2.20|near=False|yaw=0.0|peeing=False|peeCooldown=121.2|aerial=False|glide=False|legs=0|activity=Retreat|site=3|visits=1
22.671,-6.800,0.100,-2.577,run|wait=2.05|panic=0.31|target=1|speed=2.20|near=False|yaw=0.0|peeing=False|peeCooldown=121.2|aerial=False|glide=False|legs=0|activity=Retreat|site=3|visits=1
22.676,-6.800,0.100,-2.566,run|wait=2.05|panic=0.31|target=1|speed=2.20|near=False|yaw=0.0|peeing=False|peeCooldown=121.2|aerial=False|glide=False|legs=0|activity=Retreat|site=3|visits=1
22.678,-6.800,0.100,-2.561,run|wait=2.05|panic=0.30|target=1|speed=2.20|near=False|yaw=0.0|peeing=False|peeCooldown=121.2|aerial=False|glide=False|legs=0|activity=Retreat|site=3|visits=1
22.703,-6.800,0.100,-2.505,run|wait=2.05|panic=0.28|target=1|speed=2.20|near=False|yaw=0.0|peeing=False|peeCooldown=121.1|aerial=False|glide=False|legs=0|activity=Retreat|site=3|visits=1
22.708,-6.800,0.100,-2.500,run|wait=2.05|panic=0.27|target=1|speed=2.20|near=False|yaw=0.0|peeing=False|peeCooldown=121.1|aerial=False|glide=False|legs=0|activity=Retreat|site=3|visits=1
22.711,-6.800,0.100,-2.500,run|wait=2.05|panic=0.27|target=1|speed=2.20|near=False|yaw=0.0|peeing=False|peeCooldown=121.1|aerial=False|glide=False|legs=0|activity=Retreat|site=3|visits=1
22.714,-6.802,0.100,-2.495,run|wait=2.05|panic=0.27|target=1|speed=2.19|near=False|yaw=359.4|peeing=False|peeCooldown=121.1|aerial=False|glide=False|legs=0|activity=Retreat|site=3|visits=1
22.716,-6.805,0.100,-2.490,run|wait=2.05|panic=0.27|target=1|speed=2.18|near=False|yaw=358.7|peeing=False|peeCooldown=121.1|aerial=False|glide=False|legs=0|activity=Retreat|site=3|visits=1
22.719,-6.807,0.100,-2.486,run|wait=2.05|panic=0.26|target=1|speed=2.17|near=False|yaw=358.1|peeing=False|peeCooldown=121.1|aerial=False|glide=False|legs=0|activity=Retreat|site=3|visits=1
22.721,-6.810,0.100,-2.481,run|wait=2.05|panic=0.26|target=1|speed=2.16|near=False|yaw=357.5|peeing=False|peeCooldown=121.1|aerial=False|glide=False|legs=0|activity=Retreat|site=3|visits=1
22.726,-6.814,0.100,-2.471,run|wait=2.05|panic=0.26|target=1|speed=2.14|near=False|yaw=356.1|peeing=False|peeCooldown=121.1|aerial=False|glide=False|legs=0|activity=Retreat|site=3|visits=1
22.730,-6.819,0.100,-2.463,run|wait=2.05|panic=0.25|target=1|speed=2.12|near=False|yaw=355.0|peeing=False|peeCooldown=121.1|aerial=False|glide=False|legs=0|activity=Retreat|site=3|visits=1
22.761,-6.846,0.100,-2.408,run|wait=2.05|panic=0.22|target=1|speed=2.00|near=False|yaw=347.0|peeing=False|peeCooldown=121.1|aerial=False|glide=False|legs=0|activity=Retreat|site=3|visits=1
22.765,-6.850,0.100,-2.400,run|wait=2.05|panic=0.22|target=1|speed=1.98|near=False|yaw=345.9|peeing=False|peeCooldown=121.1|aerial=False|glide=False|legs=0|activity=Retreat|site=3|visits=1
22.768,-6.852,0.100,-2.395,run|wait=2.05|panic=0.21|target=1|speed=1.97|near=False|yaw=345.2|peeing=False|peeCooldown=121.1|aerial=False|glide=False|legs=0|activity=Retreat|site=3|visits=1
22.771,-6.855,0.100,-2.391,run|wait=2.05|panic=0.21|target=1|speed=1.96|near=False|yaw=344.5|peeing=False|peeCooldown=121.1|aerial=False|glide=False|legs=0|activity=Retreat|site=3|visits=1
22.773,-6.857,0.100,-2.386,run|wait=2.05|panic=0.21|target=1|speed=1.95|near=False|yaw=343.8|peeing=False|peeCooldown=121.1|aerial=False|glide=False|legs=0|activity=Retreat|site=3|visits=1
22.778,-6.861,0.100,-2.379,run|wait=2.05|panic=0.20|target=1|speed=1.93|near=False|yaw=342.7|peeing=False|peeCooldown=121.1|aerial=False|glide=False|legs=0|activity=Retreat|site=3|visits=1
22.780,-6.863,0.100,-2.374,run|wait=2.05|panic=0.20|target=1|speed=1.92|near=False|yaw=342.0|peeing=False|peeCooldown=121.1|aerial=False|glide=False|legs=0|activity=Retreat|site=3|visits=1
22.807,-6.885,0.100,-2.331,run|wait=2.05|panic=0.18|target=1|speed=1.82|near=False|yaw=335.1|peeing=False|peeCooldown=121.0|aerial=False|glide=False|legs=0|activity=Retreat|site=3|visits=1
22.810,-6.887,0.100,-2.325,run|wait=2.05|panic=0.17|target=1|speed=1.80|near=False|yaw=334.2|peeing=False|peeCooldown=121.0|aerial=False|glide=False|legs=0|activity=Retreat|site=3|visits=1
22.813,-6.890,0.100,-2.321,run|wait=2.05|panic=0.17|target=1|speed=1.79|near=False|yaw=333.5|peeing=False|peeCooldown=121.0|aerial=False|glide=False|legs=0|activity=Retreat|site=3|visits=1
22.816,-6.892,0.100,-2.316,run|wait=2.05|panic=0.17|target=1|speed=1.78|near=False|yaw=333.4|peeing=False|peeCooldown=121.0|aerial=False|glide=False|legs=0|activity=Retreat|site=3|visits=1
22.819,-6.894,0.100,-2.312,run|wait=2.05|panic=0.16|target=1|speed=1.77|near=False|yaw=333.4|peeing=False|peeCooldown=121.0|aerial=False|glide=False|legs=0|activity=Retreat|site=3|visits=1
22.821,-6.896,0.100,-2.308,run|wait=2.05|panic=0.16|target=1|speed=1.76|near=False|yaw=333.4|peeing=False|peeCooldown=121.0|aerial=False|glide=False|legs=0|activity=Retreat|site=3|visits=1
22.825,-6.899,0.100,-2.302,run|wait=2.05|panic=0.16|target=1|speed=1.74|near=False|yaw=333.4|peeing=False|peeCooldown=121.0|aerial=False|glide=False|legs=0|activity=Retreat|site=3|visits=1
22.830,-6.902,0.100,-2.295,run|wait=2.05|panic=0.15|target=1|speed=1.73|near=False|yaw=333.4|peeing=False|peeCooldown=121.0|aerial=False|glide=False|legs=0|activity=Retreat|site=3|visits=1
22.834,-6.906,0.100,-2.288,run|wait=2.05|panic=0.15|target=1|speed=1.71|near=False|yaw=333.4|peeing=False|peeCooldown=121.0|aerial=False|glide=False|legs=0|activity=Retreat|site=3|visits=1
22.866,-6.929,0.100,-2.243,run|wait=2.05|panic=0.12|target=1|speed=1.58|near=False|yaw=333.4|peeing=False|peeCooldown=121.0|aerial=False|glide=False|legs=0|activity=Retreat|site=3|visits=1
22.875,-6.935,0.100,-2.231,run|wait=2.05|panic=0.11|target=1|speed=1.54|near=False|yaw=333.4|peeing=False|peeCooldown=121.0|aerial=False|glide=False|legs=0|activity=Retreat|site=3|visits=1
22.879,-6.937,0.100,-2.226,run|wait=2.05|panic=0.10|target=1|speed=1.53|near=False|yaw=333.4|peeing=False|peeCooldown=121.0|aerial=False|glide=False|legs=0|activity=Retreat|site=3|visits=1
22.883,-6.940,0.100,-2.219,run|wait=2.05|panic=0.10|target=1|speed=1.51|near=False|yaw=333.4|peeing=False|peeCooldown=121.0|aerial=False|glide=False|legs=0|activity=Retreat|site=3|visits=1
22.887,-6.943,0.100,-2.215,run|wait=2.05|panic=0.10|target=1|speed=1.50|near=False|yaw=333.4|peeing=False|peeCooldown=120.9|aerial=False|glide=False|legs=0|activity=Retreat|site=3|visits=1
22.913,-6.959,0.100,-2.181,run|wait=2.05|panic=0.07|target=1|speed=1.44|near=False|yaw=333.4|peeing=False|peeCooldown=120.9|aerial=False|glide=False|legs=0|activity=Retreat|site=3|visits=1
22.917,-6.962,0.100,-2.176,run|wait=2.05|panic=0.07|target=1|speed=1.43|near=False|yaw=333.4|peeing=False|peeCooldown=120.9|aerial=False|glide=False|legs=0|activity=Retreat|site=3|visits=1
22.919,-6.963,0.100,-2.173,run|wait=2.05|panic=0.06|target=1|speed=1.42|near=False|yaw=333.4|peeing=False|peeCooldown=120.9|aerial=False|glide=False|legs=0|activity=Retreat|site=3|visits=1
22.922,-6.965,0.100,-2.170,run|wait=2.05|panic=0.06|target=1|speed=1.41|near=False|yaw=333.4|peeing=False|peeCooldown=120.9|aerial=False|glide=False|legs=0|activity=Retreat|site=3|visits=1
22.925,-6.967,0.100,-2.166,run|wait=2.05|panic=0.06|target=1|speed=1.40|near=False|yaw=333.4|peeing=False|peeCooldown=120.9|aerial=False|glide=False|legs=0|activity=Retreat|site=3|visits=1
22.928,-6.969,0.100,-2.162,run|wait=2.05|panic=0.05|target=1|speed=1.39|near=False|yaw=333.4|peeing=False|peeCooldown=120.9|aerial=False|glide=False|legs=0|activity=Retreat|site=3|visits=1
22.930,-6.970,0.100,-2.159,run|wait=2.05|panic=0.05|target=1|speed=1.39|near=False|yaw=333.4|peeing=False|peeCooldown=120.9|aerial=False|glide=False|legs=0|activity=Retreat|site=3|visits=1
22.934,-6.973,0.100,-2.154,run|wait=2.05|panic=0.05|target=1|speed=1.38|near=False|yaw=333.4|peeing=False|peeCooldown=120.9|aerial=False|glide=False|legs=0|activity=Retreat|site=3|visits=1
22.938,-6.975,0.100,-2.150,run|wait=2.05|panic=0.04|target=1|speed=1.38|near=False|yaw=333.4|peeing=False|peeCooldown=120.9|aerial=False|glide=False|legs=0|activity=Retreat|site=3|visits=1
22.970,-6.995,0.100,-2.111,run|wait=2.05|panic=0.01|target=1|speed=1.37|near=False|yaw=333.4|peeing=False|peeCooldown=120.9|aerial=False|glide=False|legs=0|activity=Retreat|site=3|visits=1
22.974,-6.997,0.100,-2.106,run|wait=2.05|panic=0.01|target=1|speed=1.36|near=False|yaw=333.4|peeing=False|peeCooldown=120.9|aerial=False|glide=False|legs=0|activity=Retreat|site=3|visits=1
22.976,-6.999,0.100,-2.103,run|wait=2.05|panic=0.01|target=1|speed=1.35|near=False|yaw=333.4|peeing=False|peeCooldown=120.9|aerial=False|glide=False|legs=0|activity=Retreat|site=3|visits=1
22.979,-7.000,0.100,-2.100,run|wait=2.05|panic=0.00|target=1|speed=1.34|near=False|yaw=333.4|peeing=False|peeCooldown=120.9|aerial=False|glide=False|legs=0|activity=Retreat|site=3|visits=1
22.982,-7.002,0.100,-2.096,run|wait=2.05|panic=0.00|target=1|speed=1.32|near=False|yaw=333.4|peeing=False|peeCooldown=120.9|aerial=False|glide=False|legs=0|activity=Retreat|site=3|visits=1
22.987,-7.005,0.100,-2.090,walk|wait=2.05|panic=0.00|target=1|speed=1.32|near=False|yaw=333.4|peeing=False|peeCooldown=120.8|aerial=False|glide=False|legs=0|activity=Retreat|site=3|visits=1
22.990,-7.007,0.100,-2.087,walk|wait=2.05|panic=0.00|target=1|speed=1.32|near=False|yaw=333.4|peeing=False|peeCooldown=120.8|aerial=False|glide=False|legs=0|activity=Retreat|site=3|visits=1
23.017,-7.022,0.100,-2.056,walk|wait=2.05|panic=0.00|target=1|speed=1.29|near=False|yaw=333.4|peeing=False|peeCooldown=120.8|aerial=False|glide=False|legs=0|activity=Retreat|site=3|visits=1
23.020,-7.024,0.100,-2.052,walk|wait=2.05|panic=0.00|target=1|speed=1.28|near=False|yaw=333.4|peeing=False|peeCooldown=120.8|aerial=False|glide=False|legs=0|activity=Retreat|site=3|visits=1
23.024,-7.026,0.100,-2.047,walk|wait=2.05|panic=0.00|target=1|speed=1.28|near=False|yaw=333.4|peeing=False|peeCooldown=120.8|aerial=False|glide=False|legs=0|activity=Retreat|site=3|visits=1
23.027,-7.028,0.100,-2.044,walk|wait=2.05|panic=0.00|target=1|speed=1.27|near=False|yaw=333.4|peeing=False|peeCooldown=120.8|aerial=False|glide=False|legs=0|activity=Retreat|site=3|visits=1
23.030,-7.030,0.100,-2.041,walk|wait=2.05|panic=0.00|target=1|speed=1.27|near=False|yaw=333.4|peeing=False|peeCooldown=120.8|aerial=False|glide=False|legs=0|activity=Retreat|site=3|visits=1
23.032,-7.031,0.100,-2.038,walk|wait=2.05|panic=0.00|target=1|speed=1.27|near=False|yaw=333.4|peeing=False|peeCooldown=120.8|aerial=False|glide=False|legs=0|activity=Retreat|site=3|visits=1
23.037,-7.033,0.100,-2.033,walk|wait=2.05|panic=0.00|target=1|speed=1.26|near=False|yaw=333.4|peeing=False|peeCooldown=120.8|aerial=False|glide=False|legs=0|activity=Retreat|site=3|visits=1
23.039,-7.035,0.100,-2.030,walk|wait=2.05|panic=0.00|target=1|speed=1.26|near=False|yaw=333.4|peeing=False|peeCooldown=120.8|aerial=False|glide=False|legs=0|activity=Retreat|site=3|visits=1
23.044,-7.037,0.100,-2.025,walk|wait=2.05|panic=0.00|target=1|speed=1.26|near=False|yaw=333.4|peeing=False|peeCooldown=120.8|aerial=False|glide=False|legs=0|activity=Retreat|site=3|visits=1
23.075,-7.055,0.100,-1.991,walk|wait=2.05|panic=0.00|target=1|speed=1.22|near=False|yaw=333.4|peeing=False|peeCooldown=120.8|aerial=False|glide=False|legs=0|activity=Retreat|site=3|visits=1
23.078,-7.056,0.100,-1.987,walk|wait=2.05|panic=0.00|target=1|speed=1.22|near=False|yaw=333.4|peeing=False|peeCooldown=120.8|aerial=False|glide=False|legs=0|activity=Retreat|site=3|visits=1
23.081,-7.058,0.100,-1.984,walk|wait=2.05|panic=0.00|target=1|speed=1.22|near=False|yaw=333.4|peeing=False|peeCooldown=120.8|aerial=False|glide=False|legs=0|activity=Retreat|site=3|visits=1
23.085,-7.060,0.100,-1.981,walk|wait=2.05|panic=0.00|target=1|speed=1.21|near=False|yaw=333.4|peeing=False|peeCooldown=120.8|aerial=False|glide=False|legs=0|activity=Retreat|site=3|visits=1
23.089,-7.062,0.100,-1.976,walk|wait=2.05|panic=0.00|target=1|speed=1.21|near=False|yaw=333.4|peeing=False|peeCooldown=120.7|aerial=False|glide=False|legs=0|activity=Retreat|site=3|visits=1
23.092,-7.063,0.100,-1.973,walk|wait=2.05|panic=0.00|target=1|speed=1.20|near=False|yaw=333.4|peeing=False|peeCooldown=120.7|aerial=False|glide=False|legs=0|activity=Retreat|site=3|visits=1
23.094,-7.065,0.100,-1.970,walk|wait=2.05|panic=0.00|target=1|speed=1.20|near=False|yaw=333.4|peeing=False|peeCooldown=120.7|aerial=False|glide=False|legs=0|activity=Retreat|site=3|visits=1
23.123,-7.080,0.100,-1.940,walk|wait=2.05|panic=0.00|target=1|speed=1.17|near=False|yaw=333.4|peeing=False|peeCooldown=120.7|aerial=False|glide=False|legs=0|activity=Retreat|site=3|visits=1
23.127,-7.082,0.100,-1.936,walk|wait=2.05|panic=0.00|target=1|speed=1.17|near=False|yaw=333.4|peeing=False|peeCooldown=120.7|aerial=False|glide=False|legs=0|activity=Retreat|site=3|visits=1
23.130,-7.083,0.100,-1.933,walk|wait=2.05|panic=0.00|target=1|speed=1.16|near=False|yaw=333.4|peeing=False|peeCooldown=120.7|aerial=False|glide=False|legs=0|activity=Retreat|site=3|visits=1
23.132,-7.085,0.100,-1.931,walk|wait=2.05|panic=0.00|target=1|speed=1.16|near=False|yaw=333.4|peeing=False|peeCooldown=120.7|aerial=False|glide=False|legs=0|activity=Retreat|site=3|visits=1
23.135,-7.086,0.100,-1.928,walk|wait=2.05|panic=0.00|target=1|speed=1.16|near=False|yaw=333.4|peeing=False|peeCooldown=120.7|aerial=False|glide=False|legs=0|activity=Retreat|site=3|visits=1
23.139,-7.088,0.100,-1.923,walk|wait=2.05|panic=0.00|target=1|speed=1.15|near=False|yaw=333.4|peeing=False|peeCooldown=120.7|aerial=False|glide=False|legs=0|activity=Retreat|site=3|visits=1
23.142,-7.090,0.100,-1.921,walk|wait=2.05|panic=0.00|target=1|speed=1.15|near=False|yaw=333.4|peeing=False|peeCooldown=120.7|aerial=False|glide=False|legs=0|activity=Retreat|site=3|visits=1
23.145,-7.091,0.100,-1.917,walk|wait=2.05|panic=0.00|target=1|speed=1.15|near=False|yaw=333.4|peeing=False|peeCooldown=120.7|aerial=False|glide=False|legs=0|activity=Retreat|site=3|visits=1
23.187,-7.112,0.100,-1.876,walk|wait=2.05|panic=0.00|target=1|speed=1.10|near=False|yaw=333.4|peeing=False|peeCooldown=120.6|aerial=False|glide=False|legs=0|activity=Retreat|site=3|visits=1
23.196,-7.116,0.100,-1.867,walk|wait=2.05|panic=0.00|target=1|speed=1.09|near=False|yaw=333.4|peeing=False|peeCooldown=120.6|aerial=False|glide=False|legs=0|activity=Retreat|site=3|visits=1
23.211,-7.124,0.100,-1.853,walk|wait=2.05|panic=0.00|target=1|speed=1.07|near=False|yaw=333.4|peeing=False|peeCooldown=120.6|aerial=False|glide=False|legs=0|activity=Retreat|site=3|visits=1
23.238,-7.136,0.100,-1.827,walk|wait=2.05|panic=0.00|target=1|speed=1.04|near=False|yaw=333.4|peeing=False|peeCooldown=120.6|aerial=False|glide=False|legs=0|activity=Retreat|site=3|visits=1
23.245,-7.139,0.100,-1.821,walk|wait=2.05|panic=0.00|target=1|speed=1.04|near=False|yaw=333.4|peeing=False|peeCooldown=120.6|aerial=False|glide=False|legs=0|activity=Retreat|site=3|visits=1
23.248,-7.141,0.100,-1.818,walk|wait=2.05|panic=0.00|target=1|speed=1.03|near=False|yaw=333.4|peeing=False|peeCooldown=120.6|aerial=False|glide=False|legs=0|activity=Retreat|site=3|visits=1
23.251,-7.142,0.100,-1.816,walk|wait=2.05|panic=0.00|target=1|speed=1.03|near=False|yaw=333.4|peeing=False|peeCooldown=120.6|aerial=False|glide=False|legs=0|activity=Retreat|site=3|visits=1
23.276,-7.154,0.100,-1.793,walk|wait=2.05|panic=0.00|target=1|speed=1.00|near=False|yaw=333.4|peeing=False|peeCooldown=120.6|aerial=False|glide=False|legs=0|activity=Retreat|site=3|visits=1
23.280,-7.155,0.100,-1.790,walk|wait=2.05|panic=0.00|target=1|speed=1.00|near=False|yaw=333.4|peeing=False|peeCooldown=120.6|aerial=False|glide=False|legs=0|activity=Retreat|site=3|visits=1
23.283,-7.156,0.100,-1.787,walk|wait=2.05|panic=0.00|target=1|speed=0.99|near=False|yaw=333.4|peeing=False|peeCooldown=120.6|aerial=False|glide=False|legs=0|activity=Retreat|site=3|visits=1
23.286,-7.158,0.100,-1.784,walk|wait=2.05|panic=0.00|target=1|speed=0.99|near=False|yaw=333.4|peeing=False|peeCooldown=120.5|aerial=False|glide=False|legs=0|activity=Retreat|site=3|visits=1
23.289,-7.159,0.100,-1.782,walk|wait=2.05|panic=0.00|target=1|speed=0.99|near=False|yaw=333.4|peeing=False|peeCooldown=120.5|aerial=False|glide=False|legs=0|activity=Retreat|site=3|visits=1
23.294,-7.161,0.100,-1.778,walk|wait=2.05|panic=0.00|target=1|speed=0.98|near=False|yaw=333.4|peeing=False|peeCooldown=120.5|aerial=False|glide=False|legs=0|activity=Retreat|site=3|visits=1
23.296,-7.162,0.100,-1.776,walk|wait=2.05|panic=0.00|target=1|speed=0.98|near=False|yaw=333.4|peeing=False|peeCooldown=120.5|aerial=False|glide=False|legs=0|activity=Retreat|site=3|visits=1
23.299,-7.163,0.100,-1.773,walk|wait=2.05|panic=0.00|target=1|speed=0.98|near=False|yaw=333.4|peeing=False|peeCooldown=120.5|aerial=False|glide=False|legs=0|activity=Retreat|site=3|visits=1
23.303,-7.165,0.100,-1.770,walk|wait=2.05|panic=0.00|target=1|speed=0.97|near=False|yaw=333.4|peeing=False|peeCooldown=120.5|aerial=False|glide=False|legs=0|activity=Retreat|site=3|visits=1
23.338,-7.180,0.100,-1.740,walk|wait=2.05|panic=0.00|target=1|speed=0.93|near=False|yaw=333.4|peeing=False|peeCooldown=120.5|aerial=False|glide=False|legs=0|activity=Retreat|site=3|visits=1
23.342,-7.181,0.100,-1.737,walk|wait=2.05|panic=0.00|target=1|speed=0.93|near=False|yaw=333.4|peeing=False|peeCooldown=120.5|aerial=False|glide=False|legs=0|activity=Retreat|site=3|visits=1
23.347,-7.184,0.100,-1.733,walk|wait=2.05|panic=0.00|target=1|speed=0.92|near=False|yaw=333.4|peeing=False|peeCooldown=120.5|aerial=False|glide=False|legs=0|activity=Retreat|site=3|visits=1
23.349,-7.184,0.100,-1.731,walk|wait=2.05|panic=0.00|target=1|speed=0.92|near=False|yaw=333.4|peeing=False|peeCooldown=120.5|aerial=False|glide=False|legs=0|activity=Retreat|site=3|visits=1
23.352,-7.185,0.100,-1.729,walk|wait=2.05|panic=0.00|target=1|speed=0.92|near=False|yaw=333.4|peeing=False|peeCooldown=120.5|aerial=False|glide=False|legs=0|activity=Retreat|site=3|visits=1
23.378,-7.196,0.100,-1.708,walk|wait=2.05|panic=0.00|target=1|speed=0.89|near=False|yaw=333.4|peeing=False|peeCooldown=120.5|aerial=False|glide=False|legs=0|activity=Retreat|site=3|visits=1
23.381,-7.197,0.100,-1.706,walk|wait=2.05|panic=0.00|target=1|speed=0.89|near=False|yaw=333.4|peeing=False|peeCooldown=120.5|aerial=False|glide=False|legs=0|activity=Retreat|site=3|visits=1
23.384,-7.198,0.100,-1.703,walk|wait=2.05|panic=0.00|target=1|speed=0.88|near=False|yaw=333.4|peeing=False|peeCooldown=120.5|aerial=False|glide=False|legs=0|activity=Retreat|site=3|visits=1
23.387,-7.199,0.100,-1.701,walk|wait=2.05|panic=0.00|target=1|speed=0.88|near=False|yaw=333.4|peeing=False|peeCooldown=120.4|aerial=False|glide=False|legs=0|activity=Retreat|site=3|visits=1
23.389,-7.200,0.100,-1.699,walk|wait=2.05|panic=0.00|target=1|speed=0.88|near=False|yaw=333.4|peeing=False|peeCooldown=120.4|aerial=False|glide=False|legs=0|activity=Retreat|site=3|visits=1
23.392,-7.201,0.100,-1.697,walk|wait=2.05|panic=0.00|target=1|speed=0.87|near=False|yaw=333.4|peeing=False|peeCooldown=120.4|aerial=False|glide=False|legs=0|activity=Retreat|site=3|visits=1
23.394,-7.202,0.100,-1.695,walk|wait=2.05|panic=0.00|target=1|speed=0.87|near=False|yaw=333.4|peeing=False|peeCooldown=120.4|aerial=False|glide=False|legs=0|activity=Retreat|site=3|visits=1
23.398,-7.204,0.100,-1.692,walk|wait=2.05|panic=0.00|target=1|speed=0.87|near=False|yaw=333.4|peeing=False|peeCooldown=120.4|aerial=False|glide=False|legs=0|activity=Retreat|site=3|visits=1
23.402,-7.205,0.100,-1.689,walk|wait=2.05|panic=0.00|target=1|speed=0.86|near=False|yaw=333.4|peeing=False|peeCooldown=120.4|aerial=False|glide=False|legs=0|activity=Retreat|site=3|visits=1
23.406,-7.207,0.100,-1.687,walk|wait=2.05|panic=0.00|target=1|speed=0.86|near=False|yaw=333.4|peeing=False|peeCooldown=120.4|aerial=False|glide=False|legs=0|activity=Retreat|site=3|visits=1
23.436,-7.218,0.100,-1.664,walk|wait=2.05|panic=0.00|target=1|speed=0.83|near=False|yaw=333.4|peeing=False|peeCooldown=120.4|aerial=False|glide=False|legs=0|activity=Retreat|site=3|visits=1
23.443,-7.220,0.100,-1.659,walk|wait=2.05|panic=0.00|target=1|speed=0.82|near=False|yaw=333.4|peeing=False|peeCooldown=120.4|aerial=False|glide=False|legs=0|activity=Retreat|site=3|visits=1
23.447,-7.222,0.100,-1.656,walk|wait=2.05|panic=0.00|target=1|speed=0.81|near=False|yaw=333.4|peeing=False|peeCooldown=120.4|aerial=False|glide=False|legs=0|activity=Retreat|site=3|visits=1
23.451,-7.223,0.100,-1.653,walk|wait=2.05|panic=0.00|target=1|speed=0.81|near=False|yaw=333.4|peeing=False|peeCooldown=120.4|aerial=False|glide=False|legs=0|activity=Retreat|site=3|visits=1
23.453,-7.224,0.100,-1.652,walk|wait=2.05|panic=0.00|target=1|speed=0.81|near=False|yaw=333.4|peeing=False|peeCooldown=120.4|aerial=False|glide=False|legs=0|activity=Retreat|site=3|visits=1
23.456,-7.225,0.100,-1.650,walk|wait=2.05|panic=0.00|target=1|speed=0.80|near=False|yaw=333.4|peeing=False|peeCooldown=120.4|aerial=False|glide=False|legs=0|activity=Retreat|site=3|visits=1
23.481,-7.234,0.100,-1.632,walk|wait=2.05|panic=0.00|target=1|speed=0.78|near=False|yaw=333.4|peeing=False|peeCooldown=120.4|aerial=False|glide=False|legs=0|activity=Retreat|site=3|visits=1
23.488,-7.236,0.100,-1.627,walk|wait=2.05|panic=0.00|target=1|speed=0.77|near=False|yaw=333.4|peeing=False|peeCooldown=120.3|aerial=False|glide=False|legs=0|activity=Retreat|site=3|visits=1
23.493,-7.238,0.100,-1.624,walk|wait=2.05|panic=0.00|target=1|speed=0.76|near=False|yaw=333.4|peeing=False|peeCooldown=120.3|aerial=False|glide=False|legs=0|activity=Retreat|site=3|visits=1
23.496,-7.239,0.100,-1.622,walk|wait=2.05|panic=0.00|target=1|speed=0.76|near=False|yaw=333.4|peeing=False|peeCooldown=120.3|aerial=False|glide=False|legs=0|activity=Retreat|site=3|visits=1
23.498,-7.240,0.100,-1.620,walk|wait=2.05|panic=0.00|target=1|speed=0.76|near=False|yaw=333.4|peeing=False|peeCooldown=120.3|aerial=False|glide=False|legs=0|activity=Retreat|site=3|visits=1
23.503,-7.241,0.100,-1.617,walk|wait=2.05|panic=0.00|target=1|speed=0.75|near=False|yaw=333.4|peeing=False|peeCooldown=120.3|aerial=False|glide=False|legs=0|activity=Retreat|site=3|visits=1
23.506,-7.242,0.100,-1.615,walk|wait=2.05|panic=0.00|target=1|speed=0.75|near=False|yaw=333.4|peeing=False|peeCooldown=120.3|aerial=False|glide=False|legs=0|activity=Retreat|site=3|visits=1
23.532,-7.251,0.100,-1.599,walk|wait=2.05|panic=0.00|target=1|speed=0.72|near=False|yaw=333.4|peeing=False|peeCooldown=120.3|aerial=False|glide=False|legs=0|activity=Retreat|site=3|visits=1
23.536,-7.252,0.100,-1.596,walk|wait=2.05|panic=0.00|target=1|speed=0.72|near=False|yaw=333.4|peeing=False|peeCooldown=120.3|aerial=False|glide=False|legs=0|activity=Retreat|site=3|visits=1
23.539,-7.253,0.100,-1.594,walk|wait=2.05|panic=0.00|target=1|speed=0.71|near=False|yaw=333.4|peeing=False|peeCooldown=120.3|aerial=False|glide=False|legs=0|activity=Retreat|site=3|visits=1
23.541,-7.254,0.100,-1.593,walk|wait=2.05|panic=0.00|target=1|speed=0.71|near=False|yaw=333.4|peeing=False|peeCooldown=120.3|aerial=False|glide=False|legs=0|activity=Retreat|site=3|visits=1
23.548,-7.256,0.100,-1.588,walk|wait=2.05|panic=0.00|target=1|speed=0.70|near=False|yaw=333.4|peeing=False|peeCooldown=120.3|aerial=False|glide=False|legs=0|activity=Retreat|site=3|visits=1
23.553,-7.257,0.100,-1.585,walk|wait=2.05|panic=0.00|target=1|speed=0.70|near=False|yaw=333.4|peeing=False|peeCooldown=120.3|aerial=False|glide=False|legs=0|activity=Retreat|site=3|visits=1
23.557,-7.259,0.100,-1.583,walk|wait=2.05|panic=0.00|target=1|speed=0.69|near=False|yaw=333.4|peeing=False|peeCooldown=120.3|aerial=False|glide=False|legs=0|activity=Retreat|site=3|visits=1
23.560,-7.259,0.100,-1.581,walk|wait=2.05|panic=0.00|target=1|speed=0.69|near=False|yaw=333.4|peeing=False|peeCooldown=120.3|aerial=False|glide=False|legs=0|activity=Retreat|site=3|visits=1
23.592,-7.269,0.100,-1.562,walk|wait=2.05|panic=0.00|target=1|speed=0.65|near=False|yaw=333.4|peeing=False|peeCooldown=120.2|aerial=False|glide=False|legs=0|activity=Retreat|site=3|visits=1
23.596,-7.270,0.100,-1.560,walk|wait=2.05|panic=0.00|target=1|speed=0.65|near=False|yaw=333.4|peeing=False|peeCooldown=120.2|aerial=False|glide=False|legs=0|activity=Retreat|site=3|visits=1
23.599,-7.271,0.100,-1.558,walk|wait=2.05|panic=0.00|target=1|speed=0.65|near=False|yaw=333.4|peeing=False|peeCooldown=120.2|aerial=False|glide=False|legs=0|activity=Retreat|site=3|visits=1
23.601,-7.272,0.100,-1.557,walk|wait=2.05|panic=0.00|target=1|speed=0.64|near=False|yaw=333.4|peeing=False|peeCooldown=120.2|aerial=False|glide=False|legs=0|activity=Retreat|site=3|visits=1
23.604,-7.272,0.100,-1.555,walk|wait=2.05|panic=0.00|target=1|speed=0.64|near=False|yaw=333.4|peeing=False|peeCooldown=120.2|aerial=False|glide=False|legs=0|activity=Retreat|site=3|visits=1
23.609,-7.274,0.100,-1.553,walk|wait=2.05|panic=0.00|target=1|speed=0.64|near=False|yaw=333.4|peeing=False|peeCooldown=120.2|aerial=False|glide=False|legs=0|activity=Retreat|site=3|visits=1
23.611,-7.274,0.100,-1.551,walk|wait=2.05|panic=0.00|target=1|speed=0.63|near=False|yaw=333.4|peeing=False|peeCooldown=120.2|aerial=False|glide=False|legs=0|activity=Retreat|site=3|visits=1
23.637,-7.281,0.100,-1.537,walk|wait=2.05|panic=0.00|target=1|speed=0.60|near=False|yaw=333.4|peeing=False|peeCooldown=120.2|aerial=False|glide=False|legs=0|activity=Retreat|site=3|visits=1
23.640,-7.282,0.100,-1.536,walk|wait=2.05|panic=0.00|target=1|speed=0.60|near=False|yaw=333.4|peeing=False|peeCooldown=120.2|aerial=False|glide=False|legs=0|activity=Retreat|site=3|visits=1
23.643,-7.283,0.100,-1.534,walk|wait=2.05|panic=0.00|target=1|speed=0.60|near=False|yaw=333.4|peeing=False|peeCooldown=120.2|aerial=False|glide=False|legs=0|activity=Retreat|site=3|visits=1
23.646,-7.284,0.100,-1.533,walk|wait=2.05|panic=0.00|target=1|speed=0.59|near=False|yaw=333.4|peeing=False|peeCooldown=120.2|aerial=False|glide=False|legs=0|activity=Retreat|site=3|visits=1
23.648,-7.284,0.100,-1.531,walk|wait=2.05|panic=0.00|target=1|speed=0.59|near=False|yaw=333.4|peeing=False|peeCooldown=120.2|aerial=False|glide=False|legs=0|activity=Retreat|site=3|visits=1
23.656,-7.286,0.100,-1.527,walk|wait=2.05|panic=0.00|target=1|speed=0.58|near=False|yaw=333.4|peeing=False|peeCooldown=120.2|aerial=False|glide=False|legs=0|activity=Retreat|site=3|visits=1
23.661,-7.288,0.100,-1.525,walk|wait=2.05|panic=0.00|target=1|speed=0.58|near=False|yaw=333.4|peeing=False|peeCooldown=120.2|aerial=False|glide=False|legs=0|activity=Retreat|site=3|visits=1
23.664,-7.289,0.100,-1.523,walk|wait=2.05|panic=0.00|target=1|speed=0.57|near=False|yaw=333.4|peeing=False|peeCooldown=120.2|aerial=False|glide=False|legs=0|activity=Retreat|site=3|visits=1
23.698,-7.297,0.100,-1.507,walk|wait=2.05|panic=0.00|target=1|speed=0.54|near=False|yaw=333.4|peeing=False|peeCooldown=120.1|aerial=False|glide=False|legs=0|activity=Retreat|site=3|visits=1
23.702,-7.298,0.100,-1.505,walk|wait=2.05|panic=0.00|target=1|speed=0.53|near=False|yaw=333.4|peeing=False|peeCooldown=120.1|aerial=False|glide=False|legs=0|activity=Retreat|site=3|visits=1
23.705,-7.298,0.100,-1.503,walk|wait=2.05|panic=0.00|target=1|speed=0.53|near=False|yaw=333.4|peeing=False|peeCooldown=120.1|aerial=False|glide=False|legs=0|activity=Retreat|site=3|visits=1
23.708,-7.299,0.100,-1.502,walk|wait=2.05|panic=0.00|target=1|speed=0.53|near=False|yaw=333.4|peeing=False|peeCooldown=120.1|aerial=False|glide=False|legs=0|activity=Retreat|site=3|visits=1
23.713,-7.300,0.100,-1.500,walk|wait=2.05|panic=0.00|target=1|speed=0.52|near=False|yaw=333.4|peeing=False|peeCooldown=120.1|aerial=False|glide=False|legs=0|activity=Retreat|site=3|visits=1
23.716,-7.300,0.100,-1.500,walk|wait=2.05|panic=0.00|target=1|speed=0.52|near=False|yaw=333.4|peeing=False|peeCooldown=120.1|aerial=False|glide=False|legs=0|activity=Retreat|site=3|visits=1
23.743,-7.300,0.100,-1.500,idle|wait=2.05|panic=0.00|target=1|speed=0.00|near=False|yaw=335.2|peeing=False|peeCooldown=120.1|aerial=False|glide=False|legs=0|activity=Watch|site=3|visits=1
23.748,-7.300,0.100,-1.500,idle|wait=2.05|panic=0.00|target=1|speed=0.00|near=False|yaw=335.5|peeing=False|peeCooldown=120.1|aerial=False|glide=False|legs=0|activity=Watch|site=3|visits=1
23.751,-7.300,0.100,-1.500,idle|wait=2.05|panic=0.00|target=1|speed=0.00|near=False|yaw=335.7|peeing=False|peeCooldown=120.1|aerial=False|glide=False|legs=0|activity=Watch|site=3|visits=1
23.754,-7.300,0.100,-1.500,idle|wait=2.05|panic=0.00|target=1|speed=0.00|near=False|yaw=335.9|peeing=False|peeCooldown=120.1|aerial=False|glide=False|legs=0|activity=Watch|site=3|visits=1
23.757,-7.300,0.100,-1.500,idle|wait=2.05|panic=0.00|target=1|speed=0.00|near=False|yaw=336.1|peeing=False|peeCooldown=120.1|aerial=False|glide=False|legs=0|activity=Watch|site=3|visits=1
23.760,-7.300,0.100,-1.500,idle|wait=2.05|panic=0.00|target=1|speed=0.00|near=False|yaw=336.3|peeing=False|peeCooldown=120.1|aerial=False|glide=False|legs=0|activity=Watch|site=3|visits=1
23.764,-7.300,0.100,-1.500,idle|wait=2.05|panic=0.00|target=1|speed=0.00|near=False|yaw=336.6|peeing=False|peeCooldown=120.1|aerial=False|glide=False|legs=0|activity=Watch|site=3|visits=1
23.768,-7.300,0.100,-1.500,idle|wait=2.05|panic=0.00|target=1|speed=0.00|near=False|yaw=336.8|peeing=False|peeCooldown=120.1|aerial=False|glide=False|legs=0|activity=Watch|site=3|visits=1
23.801,-7.300,0.100,-1.500,idle|wait=2.05|panic=0.00|target=1|speed=0.00|near=False|yaw=339.0|peeing=False|peeCooldown=120.0|aerial=False|glide=False|legs=0|activity=Watch|site=3|visits=1
23.810,-7.300,0.100,-1.500,idle|wait=2.05|panic=0.00|target=1|speed=0.00|near=False|yaw=339.5|peeing=False|peeCooldown=120.0|aerial=False|glide=False|legs=0|activity=Watch|site=3|visits=1
23.815,-7.300,0.100,-1.500,idle|wait=2.05|panic=0.00|target=1|speed=0.00|near=False|yaw=339.9|peeing=False|peeCooldown=120.0|aerial=False|glide=False|legs=0|activity=Watch|site=3|visits=1
23.818,-7.300,0.100,-1.500,idle|wait=2.05|panic=0.00|target=1|speed=0.00|near=False|yaw=340.0|peeing=False|peeCooldown=120.0|aerial=False|glide=False|legs=0|activity=Watch|site=3|visits=1
23.843,-7.300,0.100,-1.500,idle|wait=2.05|panic=0.00|target=1|speed=0.00|near=False|yaw=341.7|peeing=False|peeCooldown=120.0|aerial=False|glide=False|legs=0|activity=Watch|site=3|visits=1
23.847,-7.300,0.100,-1.500,idle|wait=2.05|panic=0.00|target=1|speed=0.00|near=False|yaw=342.0|peeing=False|peeCooldown=120.0|aerial=False|glide=False|legs=0|activity=Watch|site=3|visits=1
23.850,-7.300,0.100,-1.500,idle|wait=2.05|panic=0.00|target=1|speed=0.00|near=False|yaw=342.1|peeing=False|peeCooldown=120.0|aerial=False|glide=False|legs=0|activity=Watch|site=3|visits=1
23.852,-7.300,0.100,-1.500,idle|wait=2.05|panic=0.00|target=1|speed=0.00|near=False|yaw=342.3|peeing=False|peeCooldown=120.0|aerial=False|glide=False|legs=0|activity=Watch|site=3|visits=1
23.855,-7.300,0.100,-1.500,idle|wait=2.05|panic=0.00|target=1|speed=0.00|near=False|yaw=342.5|peeing=False|peeCooldown=120.0|aerial=False|glide=False|legs=0|activity=Watch|site=3|visits=1
23.857,-7.300,0.100,-1.500,idle|wait=2.05|panic=0.00|target=1|speed=0.00|near=False|yaw=342.6|peeing=False|peeCooldown=120.0|aerial=False|glide=False|legs=0|activity=Watch|site=3|visits=1
23.860,-7.300,0.100,-1.500,idle|wait=2.05|panic=0.00|target=1|speed=0.00|near=False|yaw=342.8|peeing=False|peeCooldown=120.0|aerial=False|glide=False|legs=0|activity=Watch|site=3|visits=1
23.862,-7.300,0.100,-1.500,idle|wait=2.05|panic=0.00|target=1|speed=0.00|near=False|yaw=342.9|peeing=False|peeCooldown=120.0|aerial=False|glide=False|legs=0|activity=Watch|site=3|visits=1
23.868,-7.300,0.100,-1.500,idle|wait=2.05|panic=0.00|target=1|speed=0.00|near=False|yaw=343.3|peeing=False|peeCooldown=120.0|aerial=False|glide=False|legs=0|activity=Watch|site=3|visits=1
23.871,-7.300,0.100,-1.500,idle|wait=2.05|panic=0.00|target=1|speed=0.00|near=False|yaw=343.5|peeing=False|peeCooldown=120.0|aerial=False|glide=False|legs=0|activity=Watch|site=3|visits=1
23.902,-7.300,0.100,-1.500,idle|wait=2.05|panic=0.00|target=1|speed=0.00|near=False|yaw=345.5|peeing=False|peeCooldown=119.9|aerial=False|glide=False|legs=0|activity=Watch|site=3|visits=1
23.906,-7.300,0.100,-1.500,idle|wait=2.05|panic=0.00|target=1|speed=0.00|near=False|yaw=345.8|peeing=False|peeCooldown=119.9|aerial=False|glide=False|legs=0|activity=Watch|site=3|visits=1
23.909,-7.300,0.100,-1.500,idle|wait=2.05|panic=0.00|target=1|speed=0.00|near=False|yaw=346.0|peeing=False|peeCooldown=119.9|aerial=False|glide=False|legs=0|activity=Watch|site=3|visits=1
23.912,-7.300,0.100,-1.500,idle|wait=2.05|panic=0.00|target=1|speed=0.00|near=False|yaw=346.2|peeing=False|peeCooldown=119.9|aerial=False|glide=False|legs=0|activity=Watch|site=3|visits=1
23.914,-7.300,0.100,-1.500,idle|wait=2.05|panic=0.00|target=1|speed=0.00|near=False|yaw=346.3|peeing=False|peeCooldown=119.9|aerial=False|glide=False|legs=0|activity=Watch|site=3|visits=1
23.919,-7.300,0.100,-1.500,idle|wait=2.05|panic=0.00|target=1|speed=0.00|near=False|yaw=346.6|peeing=False|peeCooldown=119.9|aerial=False|glide=False|legs=0|activity=Watch|site=3|visits=1
23.921,-7.300,0.100,-1.500,idle|wait=2.05|panic=0.00|target=1|speed=0.00|near=False|yaw=346.8|peeing=False|peeCooldown=119.9|aerial=False|glide=False|legs=0|activity=Watch|site=3|visits=1
23.947,-7.300,0.100,-1.500,idle|wait=2.05|panic=0.00|target=1|speed=0.00|near=False|yaw=348.5|peeing=False|peeCooldown=119.9|aerial=False|glide=False|legs=0|activity=Watch|site=3|visits=1
23.951,-7.300,0.100,-1.500,idle|wait=2.05|panic=0.00|target=1|speed=0.00|near=False|yaw=348.7|peeing=False|peeCooldown=119.9|aerial=False|glide=False|legs=0|activity=Watch|site=3|visits=1
23.953,-7.300,0.100,-1.500,idle|wait=2.05|panic=0.00|target=1|speed=0.00|near=False|yaw=348.9|peeing=False|peeCooldown=119.9|aerial=False|glide=False|legs=0|activity=Watch|site=3|visits=1
23.956,-7.300,0.100,-1.500,idle|wait=2.05|panic=0.00|target=1|speed=0.00|near=False|yaw=349.0|peeing=False|peeCooldown=119.9|aerial=False|glide=False|legs=0|activity=Watch|site=3|visits=1
23.958,-7.300,0.100,-1.500,idle|wait=2.05|panic=0.00|target=1|speed=0.00|near=False|yaw=349.2|peeing=False|peeCooldown=119.9|aerial=False|glide=False|legs=0|activity=Watch|site=3|visits=1
23.961,-7.300,0.100,-1.500,idle|wait=2.05|panic=0.00|target=1|speed=0.00|near=False|yaw=349.4|peeing=False|peeCooldown=119.9|aerial=False|glide=False|legs=0|activity=Watch|site=3|visits=1
23.964,-7.300,0.100,-1.500,idle|wait=2.05|panic=0.00|target=1|speed=0.00|near=False|yaw=349.6|peeing=False|peeCooldown=119.9|aerial=False|glide=False|legs=0|activity=Watch|site=3|visits=1
23.968,-7.300,0.100,-1.500,idle|wait=2.05|panic=0.00|target=1|speed=0.00|near=False|yaw=349.8|peeing=False|peeCooldown=119.9|aerial=False|glide=False|legs=0|activity=Watch|site=3|visits=1
23.972,-7.300,0.100,-1.500,idle|wait=2.05|panic=0.00|target=1|speed=0.00|near=False|yaw=350.1|peeing=False|peeCooldown=119.9|aerial=False|glide=False|legs=0|activity=Watch|site=3|visits=1
23.975,-7.300,0.100,-1.500,idle|wait=2.05|panic=0.00|target=1|speed=0.00|near=False|yaw=350.3|peeing=False|peeCooldown=119.9|aerial=False|glide=False|legs=0|activity=Watch|site=3|visits=1
24.006,-7.300,0.100,-1.500,idle|wait=2.05|panic=0.00|target=1|speed=0.00|near=False|yaw=352.3|peeing=False|peeCooldown=119.8|aerial=False|glide=False|legs=0|activity=Watch|site=3|visits=1
24.010,-7.300,0.100,-1.500,idle|wait=2.05|panic=0.00|target=1|speed=0.00|near=False|yaw=352.6|peeing=False|peeCooldown=119.8|aerial=False|glide=False|legs=0|activity=Watch|site=3|visits=1
24.013,-7.300,0.100,-1.500,idle|wait=2.05|panic=0.00|target=1|speed=0.00|near=False|yaw=352.7|peeing=False|peeCooldown=119.8|aerial=False|glide=False|legs=0|activity=Watch|site=3|visits=1
24.015,-7.300,0.100,-1.500,idle|wait=2.05|panic=0.00|target=1|speed=0.00|near=False|yaw=352.9|peeing=False|peeCooldown=119.8|aerial=False|glide=False|legs=0|activity=Watch|site=3|visits=1
24.020,-7.300,0.100,-1.500,idle|wait=2.05|panic=0.00|target=1|speed=0.00|near=False|yaw=352.9|peeing=False|peeCooldown=119.8|aerial=False|glide=False|legs=0|activity=Watch|site=3|visits=1
24.023,-7.300,0.100,-1.500,idle|wait=2.05|panic=0.00|target=1|speed=0.00|near=False|yaw=352.9|peeing=False|peeCooldown=119.8|aerial=False|glide=False|legs=0|activity=Watch|site=3|visits=1
24.026,-7.300,0.100,-1.500,idle|wait=2.05|panic=0.00|target=1|speed=0.00|near=False|yaw=352.9|peeing=False|peeCooldown=119.8|aerial=False|glide=False|legs=0|activity=Watch|site=3|visits=1
24.052,-7.300,0.100,-1.500,idle|wait=2.05|panic=0.00|target=1|speed=0.00|near=False|yaw=352.9|peeing=False|peeCooldown=119.8|aerial=False|glide=False|legs=0|activity=Watch|site=3|visits=1
24.056,-7.300,0.100,-1.500,idle|wait=2.05|panic=0.00|target=1|speed=0.00|near=False|yaw=352.9|peeing=False|peeCooldown=119.8|aerial=False|glide=False|legs=0|activity=Watch|site=3|visits=1
24.059,-7.300,0.100,-1.500,idle|wait=2.05|panic=0.00|target=1|speed=0.00|near=False|yaw=352.9|peeing=False|peeCooldown=119.8|aerial=False|glide=False|legs=0|activity=Watch|site=3|visits=1
24.062,-7.300,0.100,-1.500,idle|wait=2.05|panic=0.00|target=1|speed=0.00|near=False|yaw=352.9|peeing=False|peeCooldown=119.8|aerial=False|glide=False|legs=0|activity=Watch|site=3|visits=1
24.065,-7.300,0.100,-1.500,idle|wait=2.05|panic=0.00|target=1|speed=0.00|near=False|yaw=352.9|peeing=False|peeCooldown=119.8|aerial=False|glide=False|legs=0|activity=Watch|site=3|visits=1
24.067,-7.300,0.100,-1.500,idle|wait=2.05|panic=0.00|target=1|speed=0.00|near=False|yaw=352.9|peeing=False|peeCooldown=119.8|aerial=False|glide=False|legs=0|activity=Watch|site=3|visits=1
24.071,-7.300,0.100,-1.500,idle|wait=2.05|panic=0.00|target=1|speed=0.00|near=False|yaw=352.9|peeing=False|peeCooldown=119.8|aerial=False|glide=False|legs=0|activity=Watch|site=3|visits=1
24.074,-7.300,0.100,-1.500,idle|wait=2.05|panic=0.00|target=1|speed=0.00|near=False|yaw=352.9|peeing=False|peeCooldown=119.8|aerial=False|glide=False|legs=0|activity=Watch|site=3|visits=1
24.078,-7.300,0.100,-1.500,idle|wait=2.05|panic=0.00|target=1|speed=0.00|near=False|yaw=352.9|peeing=False|peeCooldown=119.8|aerial=False|glide=False|legs=0|activity=Watch|site=3|visits=1
24.109,-7.300,0.100,-1.500,idle|wait=2.05|panic=0.00|target=1|speed=0.00|near=False|yaw=352.9|peeing=False|peeCooldown=119.7|aerial=False|glide=False|legs=0|activity=Watch|site=3|visits=1
24.114,-7.300,0.100,-1.500,idle|wait=2.05|panic=0.00|target=1|speed=0.00|near=False|yaw=352.9|peeing=False|peeCooldown=119.7|aerial=False|glide=False|legs=0|activity=Watch|site=3|visits=1
24.119,-7.300,0.100,-1.500,idle|wait=2.05|panic=0.00|target=1|speed=0.00|near=False|yaw=352.9|peeing=False|peeCooldown=119.7|aerial=False|glide=False|legs=0|activity=Watch|site=3|visits=1
24.124,-7.300,0.100,-1.500,idle|wait=2.05|panic=0.00|target=1|speed=0.00|near=False|yaw=352.9|peeing=False|peeCooldown=119.7|aerial=False|glide=False|legs=0|activity=Watch|site=3|visits=1
24.127,-7.300,0.100,-1.500,idle|wait=2.05|panic=0.00|target=1|speed=0.00|near=False|yaw=352.9|peeing=False|peeCooldown=119.7|aerial=False|glide=False|legs=0|activity=Watch|site=3|visits=1
24.152,-7.300,0.100,-1.500,idle|wait=2.05|panic=0.00|target=1|speed=0.00|near=False|yaw=352.9|peeing=False|peeCooldown=119.7|aerial=False|glide=False|legs=0|activity=Watch|site=3|visits=1
24.156,-7.300,0.100,-1.500,idle|wait=2.05|panic=0.00|target=1|speed=0.00|near=False|yaw=352.9|peeing=False|peeCooldown=119.7|aerial=False|glide=False|legs=0|activity=Watch|site=3|visits=1
24.158,-7.300,0.100,-1.500,idle|wait=2.05|panic=0.00|target=1|speed=0.00|near=False|yaw=352.9|peeing=False|peeCooldown=119.7|aerial=False|glide=False|legs=0|activity=Watch|site=3|visits=1
24.161,-7.300,0.100,-1.500,idle|wait=2.05|panic=0.00|target=1|speed=0.00|near=False|yaw=352.9|peeing=False|peeCooldown=119.7|aerial=False|glide=False|legs=0|activity=Watch|site=3|visits=1
24.164,-7.300,0.100,-1.500,idle|wait=2.05|panic=0.00|target=1|speed=0.00|near=False|yaw=352.9|peeing=False|peeCooldown=119.7|aerial=False|glide=False|legs=0|activity=Watch|site=3|visits=1
24.166,-7.300,0.100,-1.500,idle|wait=2.05|panic=0.00|target=1|speed=0.00|near=False|yaw=352.9|peeing=False|peeCooldown=119.7|aerial=False|glide=False|legs=0|activity=Watch|site=3|visits=1
24.168,-7.300,0.100,-1.500,idle|wait=2.05|panic=0.00|target=1|speed=0.00|near=False|yaw=352.9|peeing=False|peeCooldown=119.7|aerial=False|glide=False|legs=0|activity=Watch|site=3|visits=1
24.171,-7.300,0.100,-1.500,idle|wait=2.05|panic=0.00|target=1|speed=0.00|near=False|yaw=352.9|peeing=False|peeCooldown=119.7|aerial=False|glide=False|legs=0|activity=Watch|site=3|visits=1
24.176,-7.300,0.100,-1.500,idle|wait=2.05|panic=0.00|target=1|speed=0.00|near=False|yaw=352.9|peeing=False|peeCooldown=119.7|aerial=False|glide=False|legs=0|activity=Watch|site=3|visits=1
24.179,-7.300,0.100,-1.500,idle|wait=2.05|panic=0.00|target=1|speed=0.00|near=False|yaw=352.9|peeing=False|peeCooldown=119.7|aerial=False|glide=False|legs=0|activity=Watch|site=3|visits=1
24.214,-7.300,0.100,-1.500,idle|wait=2.05|panic=0.00|target=1|speed=0.00|near=False|yaw=352.9|peeing=False|peeCooldown=119.6|aerial=False|glide=False|legs=0|activity=Watch|site=3|visits=1
24.217,-7.300,0.100,-1.500,idle|wait=2.05|panic=0.00|target=1|speed=0.00|near=False|yaw=352.9|peeing=False|peeCooldown=119.6|aerial=False|glide=False|legs=0|activity=Watch|site=3|visits=1
24.220,-7.300,0.100,-1.500,idle|wait=2.05|panic=0.00|target=1|speed=0.00|near=False|yaw=352.9|peeing=False|peeCooldown=119.6|aerial=False|glide=False|legs=0|activity=Watch|site=3|visits=1
24.222,-7.300,0.100,-1.500,idle|wait=2.05|panic=0.00|target=1|speed=0.00|near=False|yaw=352.9|peeing=False|peeCooldown=119.6|aerial=False|glide=False|legs=0|activity=Watch|site=3|visits=1
24.227,-7.300,0.100,-1.500,idle|wait=2.05|panic=0.00|target=1|speed=0.00|near=False|yaw=352.9|peeing=False|peeCooldown=119.6|aerial=False|glide=False|legs=0|activity=Watch|site=3|visits=1
24.230,-7.300,0.100,-1.500,idle|wait=2.05|panic=0.00|target=1|speed=0.00|near=False|yaw=352.9|peeing=False|peeCooldown=119.6|aerial=False|glide=False|legs=0|activity=Watch|site=3|visits=1
24.256,-7.300,0.100,-1.500,idle|wait=2.05|panic=0.00|target=1|speed=0.00|near=False|yaw=352.9|peeing=False|peeCooldown=119.6|aerial=False|glide=False|legs=0|activity=Watch|site=3|visits=1
24.259,-7.300,0.100,-1.500,idle|wait=2.05|panic=0.00|target=1|speed=0.00|near=False|yaw=352.9|peeing=False|peeCooldown=119.6|aerial=False|glide=False|legs=0|activity=Watch|site=3|visits=1
24.262,-7.300,0.100,-1.500,idle|wait=2.05|panic=0.00|target=1|speed=0.00|near=False|yaw=352.9|peeing=False|peeCooldown=119.6|aerial=False|glide=False|legs=0|activity=Watch|site=3|visits=1
24.265,-7.300,0.100,-1.500,idle|wait=2.05|panic=0.00|target=1|speed=0.00|near=False|yaw=352.9|peeing=False|peeCooldown=119.6|aerial=False|glide=False|legs=0|activity=Watch|site=3|visits=1
24.267,-7.300,0.100,-1.500,idle|wait=2.05|panic=0.00|target=1|speed=0.00|near=False|yaw=352.9|peeing=False|peeCooldown=119.6|aerial=False|glide=False|legs=0|activity=Watch|site=3|visits=1
24.270,-7.300,0.100,-1.500,idle|wait=2.05|panic=0.00|target=1|speed=0.00|near=False|yaw=352.9|peeing=False|peeCooldown=119.6|aerial=False|glide=False|legs=0|activity=Watch|site=3|visits=1
24.273,-7.300,0.100,-1.500,idle|wait=2.05|panic=0.00|target=1|speed=0.00|near=False|yaw=352.9|peeing=False|peeCooldown=119.6|aerial=False|glide=False|legs=0|activity=Watch|site=3|visits=1
24.277,-7.300,0.100,-1.500,idle|wait=2.05|panic=0.00|target=1|speed=0.00|near=False|yaw=352.9|peeing=False|peeCooldown=119.6|aerial=False|glide=False|legs=0|activity=Watch|site=3|visits=1
24.281,-7.300,0.100,-1.500,idle|wait=2.05|panic=0.00|target=1|speed=0.00|near=False|yaw=352.9|peeing=False|peeCooldown=119.6|aerial=False|glide=False|legs=0|activity=Watch|site=3|visits=1
24.284,-7.300,0.100,-1.500,idle|wait=2.05|panic=0.00|target=1|speed=0.00|near=False|yaw=352.9|peeing=False|peeCooldown=119.6|aerial=False|glide=False|legs=0|activity=Watch|site=3|visits=1
24.315,-7.300,0.100,-1.500,idle|wait=2.05|panic=0.00|target=1|speed=0.00|near=False|yaw=352.9|peeing=False|peeCooldown=119.5|aerial=False|glide=False|legs=0|activity=Watch|site=3|visits=1
24.323,-7.300,0.100,-1.500,idle|wait=2.05|panic=0.00|target=1|speed=0.00|near=False|yaw=352.9|peeing=False|peeCooldown=119.5|aerial=False|glide=False|legs=0|activity=Watch|site=3|visits=1
24.328,-7.300,0.100,-1.500,idle|wait=2.05|panic=0.00|target=1|speed=0.00|near=False|yaw=352.9|peeing=False|peeCooldown=119.5|aerial=False|glide=False|legs=0|activity=Watch|site=3|visits=1
24.331,-7.300,0.100,-1.500,idle|wait=2.05|panic=0.00|target=1|speed=0.00|near=False|yaw=352.9|peeing=False|peeCooldown=119.5|aerial=False|glide=False|legs=0|activity=Watch|site=3|visits=1
24.333,-7.300,0.100,-1.500,idle|wait=2.05|panic=0.00|target=1|speed=0.00|near=False|yaw=352.9|peeing=False|peeCooldown=119.5|aerial=False|glide=False|legs=0|activity=Watch|site=3|visits=1
24.335,-7.300,0.100,-1.500,idle|wait=2.05|panic=0.00|target=1|speed=0.00|near=False|yaw=352.9|peeing=False|peeCooldown=119.5|aerial=False|glide=False|legs=0|activity=Watch|site=3|visits=1
24.362,-7.300,0.100,-1.500,idle|wait=2.05|panic=0.00|target=1|speed=0.00|near=False|yaw=352.9|peeing=False|peeCooldown=119.5|aerial=False|glide=False|legs=0|activity=Watch|site=3|visits=1
24.366,-7.300,0.100,-1.500,idle|wait=2.05|panic=0.00|target=1|speed=0.00|near=False|yaw=352.9|peeing=False|peeCooldown=119.5|aerial=False|glide=False|legs=0|activity=Watch|site=3|visits=1
24.369,-7.300,0.100,-1.500,idle|wait=2.05|panic=0.00|target=1|speed=0.00|near=False|yaw=352.9|peeing=False|peeCooldown=119.5|aerial=False|glide=False|legs=0|activity=Watch|site=3|visits=1
24.371,-7.300,0.100,-1.500,idle|wait=2.05|panic=0.00|target=1|speed=0.00|near=False|yaw=352.9|peeing=False|peeCooldown=119.5|aerial=False|glide=False|legs=0|activity=Watch|site=3|visits=1
24.374,-7.300,0.100,-1.500,idle|wait=2.05|panic=0.00|target=1|speed=0.00|near=False|yaw=352.9|peeing=False|peeCooldown=119.5|aerial=False|glide=False|legs=0|activity=Watch|site=3|visits=1
24.378,-7.300,0.100,-1.500,idle|wait=2.05|panic=0.00|target=1|speed=0.00|near=False|yaw=352.9|peeing=False|peeCooldown=119.5|aerial=False|glide=False|legs=0|activity=Watch|site=3|visits=1
24.381,-7.300,0.100,-1.500,idle|wait=2.05|panic=0.00|target=1|speed=0.00|near=False|yaw=352.9|peeing=False|peeCooldown=119.5|aerial=False|glide=False|legs=0|activity=Watch|site=3|visits=1
24.384,-7.300,0.100,-1.500,idle|wait=2.05|panic=0.00|target=1|speed=0.00|near=False|yaw=352.9|peeing=False|peeCooldown=119.5|aerial=False|glide=False|legs=0|activity=Watch|site=3|visits=1
24.388,-7.300,0.100,-1.500,idle|wait=2.05|panic=0.00|target=1|speed=0.00|near=False|yaw=352.9|peeing=False|peeCooldown=119.4|aerial=False|glide=False|legs=0|activity=Watch|site=3|visits=1
24.419,-7.300,0.100,-1.500,idle|wait=2.05|panic=0.00|target=1|speed=0.00|near=False|yaw=352.9|peeing=False|peeCooldown=119.4|aerial=False|glide=False|legs=0|activity=Watch|site=3|visits=1
24.428,-7.300,0.100,-1.500,idle|wait=2.05|panic=0.00|target=1|speed=0.00|near=False|yaw=352.9|peeing=False|peeCooldown=119.4|aerial=False|glide=False|legs=0|activity=Watch|site=3|visits=1
24.434,-7.300,0.100,-1.500,idle|wait=2.05|panic=0.00|target=1|speed=0.00|near=False|yaw=352.9|peeing=False|peeCooldown=119.4|aerial=False|glide=False|legs=0|activity=Watch|site=3|visits=1
24.436,-7.300,0.100,-1.500,idle|wait=2.05|panic=0.00|target=1|speed=0.00|near=False|yaw=352.9|peeing=False|peeCooldown=119.4|aerial=False|glide=False|legs=0|activity=Watch|site=3|visits=1
24.438,-7.300,0.100,-1.500,idle|wait=2.05|panic=0.00|target=1|speed=0.00|near=False|yaw=352.9|peeing=False|peeCooldown=119.4|aerial=False|glide=False|legs=0|activity=Watch|site=3|visits=1
24.464,-7.300,0.100,-1.500,idle|wait=2.05|panic=0.00|target=1|speed=0.00|near=False|yaw=352.9|peeing=False|peeCooldown=119.4|aerial=False|glide=False|legs=0|activity=Watch|site=3|visits=1
24.467,-7.300,0.100,-1.500,idle|wait=2.05|panic=0.00|target=1|speed=0.00|near=False|yaw=352.9|peeing=False|peeCooldown=119.4|aerial=False|glide=False|legs=0|activity=Watch|site=3|visits=1
24.470,-7.300,0.100,-1.500,idle|wait=2.05|panic=0.00|target=1|speed=0.00|near=False|yaw=352.9|peeing=False|peeCooldown=119.4|aerial=False|glide=False|legs=0|activity=Watch|site=3|visits=1
24.472,-7.300,0.100,-1.500,idle|wait=2.05|panic=0.00|target=1|speed=0.00|near=False|yaw=352.9|peeing=False|peeCooldown=119.4|aerial=False|glide=False|legs=0|activity=Watch|site=3|visits=1
24.475,-7.300,0.100,-1.500,idle|wait=2.05|panic=0.00|target=1|speed=0.00|near=False|yaw=352.9|peeing=False|peeCooldown=119.4|aerial=False|glide=False|legs=0|activity=Watch|site=3|visits=1
24.477,-7.300,0.100,-1.500,idle|wait=2.05|panic=0.00|target=1|speed=0.00|near=False|yaw=352.9|peeing=False|peeCooldown=119.4|aerial=False|glide=False|legs=0|activity=Watch|site=3|visits=1
24.479,-7.300,0.100,-1.500,idle|wait=2.05|panic=0.00|target=1|speed=0.00|near=False|yaw=352.9|peeing=False|peeCooldown=119.4|aerial=False|glide=False|legs=0|activity=Watch|site=3|visits=1
24.484,-7.300,0.100,-1.500,idle|wait=2.05|panic=0.00|target=1|speed=0.00|near=False|yaw=352.9|peeing=False|peeCooldown=119.4|aerial=False|glide=False|legs=0|activity=Watch|site=3|visits=1
24.488,-7.300,0.100,-1.500,idle|wait=2.05|panic=0.00|target=1|speed=0.00|near=False|yaw=352.9|peeing=False|peeCooldown=119.3|aerial=False|glide=False|legs=0|activity=Watch|site=3|visits=1
24.491,-7.300,0.100,-1.500,idle|wait=2.05|panic=0.00|target=1|speed=0.00|near=False|yaw=352.9|peeing=False|peeCooldown=119.3|aerial=False|glide=False|legs=0|activity=Watch|site=3|visits=1
24.523,-7.300,0.100,-1.500,idle|wait=2.05|panic=0.00|target=1|speed=0.00|near=False|yaw=352.9|peeing=False|peeCooldown=119.3|aerial=False|glide=False|legs=0|activity=Watch|site=3|visits=1
24.528,-7.300,0.100,-1.500,idle|wait=2.05|panic=0.00|target=1|speed=0.00|near=False|yaw=352.9|peeing=False|peeCooldown=119.3|aerial=False|glide=False|legs=0|activity=Watch|site=3|visits=1
24.534,-7.300,0.100,-1.500,idle|wait=2.05|panic=0.00|target=1|speed=0.00|near=False|yaw=352.9|peeing=False|peeCooldown=119.3|aerial=False|glide=False|legs=0|activity=Watch|site=3|visits=1
24.541,-7.300,0.100,-1.500,idle|wait=2.05|panic=0.00|target=1|speed=0.00|near=False|yaw=352.9|peeing=False|peeCooldown=119.3|aerial=False|glide=False|legs=0|activity=Watch|site=3|visits=1
24.544,-7.300,0.100,-1.500,idle|wait=2.05|panic=0.00|target=1|speed=0.00|near=False|yaw=352.9|peeing=False|peeCooldown=119.3|aerial=False|glide=False|legs=0|activity=Watch|site=3|visits=1
24.571,-7.300,0.100,-1.500,idle|wait=2.05|panic=0.00|target=1|speed=0.00|near=False|yaw=352.9|peeing=False|peeCooldown=119.3|aerial=False|glide=False|legs=0|activity=Watch|site=3|visits=1
24.576,-7.300,0.100,-1.500,idle|wait=2.05|panic=0.00|target=1|speed=0.00|near=False|yaw=352.9|peeing=False|peeCooldown=119.3|aerial=False|glide=False|legs=0|activity=Watch|site=3|visits=1
24.579,-7.300,0.100,-1.500,idle|wait=2.05|panic=0.00|target=1|speed=0.00|near=False|yaw=352.9|peeing=False|peeCooldown=119.3|aerial=False|glide=False|legs=0|activity=Watch|site=3|visits=1
24.582,-7.300,0.100,-1.500,idle|wait=2.05|panic=0.00|target=1|speed=0.00|near=False|yaw=352.9|peeing=False|peeCooldown=119.3|aerial=False|glide=False|legs=0|activity=Watch|site=3|visits=1
24.585,-7.300,0.100,-1.500,idle|wait=2.05|panic=0.00|target=1|speed=0.00|near=False|yaw=352.9|peeing=False|peeCooldown=119.3|aerial=False|glide=False|legs=0|activity=Watch|site=3|visits=1
24.590,-7.300,0.100,-1.500,idle|wait=2.05|panic=0.00|target=1|speed=0.00|near=False|yaw=352.9|peeing=False|peeCooldown=119.2|aerial=False|glide=False|legs=0|activity=Watch|site=3|visits=1
24.592,-7.300,0.100,-1.500,idle|wait=2.05|panic=0.00|target=1|speed=0.00|near=False|yaw=352.9|peeing=False|peeCooldown=119.2|aerial=False|glide=False|legs=0|activity=Watch|site=3|visits=1
24.595,-7.300,0.100,-1.500,idle|wait=2.05|panic=0.00|target=1|speed=0.00|near=False|yaw=352.9|peeing=False|peeCooldown=119.2|aerial=False|glide=False|legs=0|activity=Watch|site=3|visits=1
24.628,-7.300,0.100,-1.500,idle|wait=2.05|panic=0.00|target=1|speed=0.00|near=False|yaw=352.9|peeing=False|peeCooldown=119.2|aerial=False|glide=False|legs=0|activity=Watch|site=3|visits=1
24.633,-7.300,0.100,-1.500,idle|wait=2.05|panic=0.00|target=1|speed=0.00|near=False|yaw=352.9|peeing=False|peeCooldown=119.2|aerial=False|glide=False|legs=0|activity=Watch|site=3|visits=1
24.636,-7.300,0.100,-1.500,idle|wait=2.05|panic=0.00|target=1|speed=0.00|near=False|yaw=352.9|peeing=False|peeCooldown=119.2|aerial=False|glide=False|legs=0|activity=Watch|site=3|visits=1
24.644,-7.300,0.100,-1.500,idle|wait=2.05|panic=0.00|target=1|speed=0.00|near=False|yaw=352.9|peeing=False|peeCooldown=119.2|aerial=False|glide=False|legs=0|activity=Watch|site=3|visits=1
24.649,-7.300,0.100,-1.500,idle|wait=2.05|panic=0.00|target=1|speed=0.00|near=False|yaw=352.9|peeing=False|peeCooldown=119.2|aerial=False|glide=False|legs=0|activity=Watch|site=3|visits=1
24.676,-7.300,0.100,-1.500,idle|wait=2.05|panic=0.00|target=1|speed=0.00|near=False|yaw=352.9|peeing=False|peeCooldown=119.2|aerial=False|glide=False|legs=0|activity=Watch|site=3|visits=1
24.679,-7.300,0.100,-1.500,idle|wait=2.05|panic=0.00|target=1|speed=0.00|near=False|yaw=352.9|peeing=False|peeCooldown=119.2|aerial=False|glide=False|legs=0|activity=Watch|site=3|visits=1
24.682,-7.300,0.100,-1.500,idle|wait=2.05|panic=0.00|target=1|speed=0.00|near=False|yaw=352.9|peeing=False|peeCooldown=119.2|aerial=False|glide=False|legs=0|activity=Watch|site=3|visits=1
24.685,-7.300,0.100,-1.500,idle|wait=2.05|panic=0.00|target=1|speed=0.00|near=False|yaw=352.9|peeing=False|peeCooldown=119.2|aerial=False|glide=False|legs=0|activity=Watch|site=3|visits=1
24.688,-7.300,0.100,-1.500,idle|wait=2.05|panic=0.00|target=1|speed=0.00|near=False|yaw=352.9|peeing=False|peeCooldown=119.1|aerial=False|glide=False|legs=0|activity=Watch|site=3|visits=1
24.692,-7.300,0.100,-1.500,idle|wait=2.05|panic=0.00|target=1|speed=0.00|near=False|yaw=352.9|peeing=False|peeCooldown=119.1|aerial=False|glide=False|legs=0|activity=Watch|site=3|visits=1
24.694,-7.300,0.100,-1.500,idle|wait=2.05|panic=0.00|target=1|speed=0.00|near=False|yaw=352.9|peeing=False|peeCooldown=119.1|aerial=False|glide=False|legs=0|activity=Watch|site=3|visits=1
24.696,-7.300,0.100,-1.500,idle|wait=2.05|panic=0.00|target=1|speed=0.00|near=False|yaw=352.9|peeing=False|peeCooldown=119.1|aerial=False|glide=False|legs=0|activity=Watch|site=3|visits=1
24.700,-7.300,0.100,-1.500,idle|wait=2.05|panic=0.00|target=1|speed=0.00|near=False|yaw=352.9|peeing=False|peeCooldown=119.1|aerial=False|glide=False|legs=0|activity=Watch|site=3|visits=1
24.737,-7.300,0.100,-1.500,idle|wait=2.05|panic=0.00|target=1|speed=0.00|near=False|yaw=352.9|peeing=False|peeCooldown=119.1|aerial=False|glide=False|legs=0|activity=Watch|site=3|visits=1
24.742,-7.300,0.100,-1.500,idle|wait=2.05|panic=0.00|target=1|speed=0.00|near=False|yaw=352.9|peeing=False|peeCooldown=119.1|aerial=False|glide=False|legs=0|activity=Watch|site=3|visits=1
24.751,-7.300,0.100,-1.500,idle|wait=2.05|panic=0.00|target=1|speed=0.00|near=False|yaw=352.9|peeing=False|peeCooldown=119.1|aerial=False|glide=False|legs=0|activity=Watch|site=3|visits=1
24.756,-7.300,0.100,-1.500,idle|wait=2.05|panic=0.00|target=1|speed=0.00|near=False|yaw=352.9|peeing=False|peeCooldown=119.1|aerial=False|glide=False|legs=0|activity=Watch|site=3|visits=1
24.781,-7.300,0.100,-1.500,idle|wait=2.05|panic=0.00|target=1|speed=0.00|near=False|yaw=352.9|peeing=False|peeCooldown=119.1|aerial=False|glide=False|legs=0|activity=Watch|site=3|visits=1
24.785,-7.300,0.100,-1.500,idle|wait=2.05|panic=0.00|target=1|speed=0.00|near=False|yaw=352.9|peeing=False|peeCooldown=119.1|aerial=False|glide=False|legs=0|activity=Watch|site=3|visits=1
24.788,-7.300,0.100,-1.500,idle|wait=2.05|panic=0.00|target=1|speed=0.00|near=False|yaw=352.9|peeing=False|peeCooldown=119.0|aerial=False|glide=False|legs=0|activity=Watch|site=3|visits=1
24.790,-7.300,0.100,-1.500,idle|wait=2.05|panic=0.00|target=1|speed=0.00|near=False|yaw=352.9|peeing=False|peeCooldown=119.0|aerial=False|glide=False|legs=0|activity=Watch|site=3|visits=1
24.793,-7.300,0.100,-1.500,idle|wait=2.05|panic=0.00|target=1|speed=0.00|near=False|yaw=352.9|peeing=False|peeCooldown=119.0|aerial=False|glide=False|legs=0|activity=Watch|site=3|visits=1
24.797,-7.300,0.100,-1.500,idle|wait=2.05|panic=0.00|target=1|speed=0.00|near=False|yaw=352.9|peeing=False|peeCooldown=119.0|aerial=False|glide=False|legs=0|activity=Watch|site=3|visits=1
24.799,-7.300,0.100,-1.500,idle|wait=2.05|panic=0.00|target=1|speed=0.00|near=False|yaw=352.9|peeing=False|peeCooldown=119.0|aerial=False|glide=False|legs=0|activity=Watch|site=3|visits=1
24.802,-7.300,0.100,-1.500,idle|wait=2.05|panic=0.00|target=1|speed=0.00|near=False|yaw=352.9|peeing=False|peeCooldown=119.0|aerial=False|glide=False|legs=0|activity=Watch|site=3|visits=1
24.806,-7.300,0.100,-1.500,idle|wait=2.05|panic=0.00|target=1|speed=0.00|near=False|yaw=352.9|peeing=False|peeCooldown=119.0|aerial=False|glide=False|legs=0|activity=Watch|site=3|visits=1
24.837,-7.300,0.100,-1.500,idle|wait=2.05|panic=0.00|target=1|speed=0.00|near=False|yaw=352.9|peeing=False|peeCooldown=119.0|aerial=False|glide=False|legs=0|activity=Watch|site=3|visits=1
24.841,-7.300,0.100,-1.500,idle|wait=2.05|panic=0.00|target=1|speed=0.00|near=False|yaw=352.9|peeing=False|peeCooldown=119.0|aerial=False|glide=False|legs=0|activity=Watch|site=3|visits=1
24.844,-7.300,0.100,-1.500,idle|wait=2.05|panic=0.00|target=1|speed=0.00|near=False|yaw=352.9|peeing=False|peeCooldown=119.0|aerial=False|glide=False|legs=0|activity=Watch|site=3|visits=1
24.848,-7.300,0.100,-1.500,idle|wait=2.05|panic=0.00|target=1|speed=0.00|near=False|yaw=352.9|peeing=False|peeCooldown=119.0|aerial=False|glide=False|legs=0|activity=Watch|site=3|visits=1
24.851,-7.300,0.100,-1.500,idle|wait=2.05|panic=0.00|target=1|speed=0.00|near=False|yaw=352.9|peeing=False|peeCooldown=119.0|aerial=False|glide=False|legs=0|activity=Watch|site=3|visits=1
24.853,-7.300,0.100,-1.500,idle|wait=2.05|panic=0.00|target=1|speed=0.00|near=False|yaw=352.9|peeing=False|peeCooldown=119.0|aerial=False|glide=False|legs=0|activity=Watch|site=3|visits=1
24.860,-7.300,0.100,-1.500,idle|wait=2.05|panic=0.00|target=1|speed=0.00|near=False|yaw=352.9|peeing=False|peeCooldown=119.0|aerial=False|glide=False|legs=0|activity=Watch|site=3|visits=1
24.887,-7.300,0.100,-1.500,idle|wait=2.05|panic=0.00|target=1|speed=0.00|near=False|yaw=352.9|peeing=False|peeCooldown=118.9|aerial=False|glide=False|legs=0|activity=Watch|site=3|visits=1
24.890,-7.300,0.100,-1.500,idle|wait=2.05|panic=0.00|target=1|speed=0.00|near=False|yaw=352.9|peeing=False|peeCooldown=118.9|aerial=False|glide=False|legs=0|activity=Watch|site=3|visits=1
24.893,-7.300,0.100,-1.500,idle|wait=2.05|panic=0.00|target=1|speed=0.00|near=False|yaw=352.9|peeing=False|peeCooldown=118.9|aerial=False|glide=False|legs=0|activity=Watch|site=3|visits=1
24.895,-7.300,0.100,-1.500,idle|wait=2.05|panic=0.00|target=1|speed=0.00|near=False|yaw=352.9|peeing=False|peeCooldown=118.9|aerial=False|glide=False|legs=0|activity=Watch|site=3|visits=1
24.900,-7.300,0.100,-1.500,idle|wait=2.05|panic=0.00|target=1|speed=0.00|near=False|yaw=352.9|peeing=False|peeCooldown=118.9|aerial=False|glide=False|legs=0|activity=Watch|site=3|visits=1
24.903,-7.300,0.100,-1.500,idle|wait=2.05|panic=0.00|target=1|speed=0.00|near=False|yaw=352.9|peeing=False|peeCooldown=118.9|aerial=False|glide=False|legs=0|activity=Watch|site=3|visits=1
24.905,-7.300,0.100,-1.500,idle|wait=2.05|panic=0.00|target=1|speed=0.00|near=False|yaw=352.9|peeing=False|peeCooldown=118.9|aerial=False|glide=False|legs=0|activity=Watch|site=3|visits=1
24.931,-7.300,0.100,-1.500,idle|wait=2.05|panic=0.00|target=1|speed=0.00|near=False|yaw=352.9|peeing=False|peeCooldown=118.9|aerial=False|glide=False|legs=0|activity=Watch|site=3|visits=1
24.934,-7.300,0.100,-1.500,idle|wait=2.05|panic=0.00|target=1|speed=0.00|near=False|yaw=352.9|peeing=False|peeCooldown=118.9|aerial=False|glide=False|legs=0|activity=Watch|site=3|visits=1
24.937,-7.300,0.100,-1.500,idle|wait=2.05|panic=0.00|target=1|speed=0.00|near=False|yaw=352.9|peeing=False|peeCooldown=118.9|aerial=False|glide=False|legs=0|activity=Watch|site=3|visits=1
24.939,-7.300,0.100,-1.500,idle|wait=2.05|panic=0.00|target=1|speed=0.00|near=False|yaw=352.9|peeing=False|peeCooldown=118.9|aerial=False|glide=False|legs=0|activity=Watch|site=3|visits=1
24.941,-7.300,0.100,-1.500,idle|wait=2.05|panic=0.00|target=1|speed=0.00|near=False|yaw=352.9|peeing=False|peeCooldown=118.9|aerial=False|glide=False|legs=0|activity=Watch|site=3|visits=1
24.944,-7.300,0.100,-1.500,idle|wait=2.05|panic=0.00|target=1|speed=0.00|near=False|yaw=352.9|peeing=False|peeCooldown=118.9|aerial=False|glide=False|legs=0|activity=Watch|site=3|visits=1
24.947,-7.300,0.100,-1.500,idle|wait=2.05|panic=0.00|target=1|speed=0.00|near=False|yaw=352.9|peeing=False|peeCooldown=118.9|aerial=False|glide=False|legs=0|activity=Watch|site=3|visits=1
24.951,-7.300,0.100,-1.500,idle|wait=2.05|panic=0.00|target=1|speed=0.00|near=False|yaw=352.9|peeing=False|peeCooldown=118.9|aerial=False|glide=False|legs=0|activity=Watch|site=3|visits=1
24.955,-7.300,0.100,-1.500,idle|wait=2.05|panic=0.00|target=1|speed=0.00|near=False|yaw=352.9|peeing=False|peeCooldown=118.9|aerial=False|glide=False|legs=0|activity=Watch|site=3|visits=1
24.957,-7.300,0.100,-1.500,idle|wait=2.05|panic=0.00|target=1|speed=0.00|near=False|yaw=352.9|peeing=False|peeCooldown=118.9|aerial=False|glide=False|legs=0|activity=Watch|site=3|visits=1
24.988,-7.300,0.100,-1.500,idle|wait=2.05|panic=0.00|target=1|speed=0.00|near=False|yaw=352.9|peeing=False|peeCooldown=118.8|aerial=False|glide=False|legs=0|activity=Watch|site=3|visits=1
24.992,-7.300,0.100,-1.500,idle|wait=2.05|panic=0.00|target=1|speed=0.00|near=False|yaw=352.9|peeing=False|peeCooldown=118.8|aerial=False|glide=False|legs=0|activity=Watch|site=3|visits=1
24.995,-7.300,0.100,-1.500,idle|wait=2.05|panic=0.00|target=1|speed=0.00|near=False|yaw=352.9|peeing=False|peeCooldown=118.8|aerial=False|glide=False|legs=0|activity=Watch|site=3|visits=1
24.998,-7.300,0.100,-1.500,idle|wait=2.05|panic=0.00|target=1|speed=0.00|near=False|yaw=352.9|peeing=False|peeCooldown=118.8|aerial=False|glide=False|legs=0|activity=Watch|site=3|visits=1
25.002,-7.300,0.100,-1.500,idle|wait=2.05|panic=0.00|target=1|speed=0.00|near=False|yaw=352.9|peeing=False|peeCooldown=118.8|aerial=False|glide=False|legs=0|activity=Watch|site=3|visits=1
25.005,-7.300,0.100,-1.500,idle|wait=2.05|panic=0.00|target=1|speed=0.00|near=False|yaw=352.9|peeing=False|peeCooldown=118.8|aerial=False|glide=False|legs=0|activity=Watch|site=3|visits=1
25.007,-7.300,0.100,-1.500,idle|wait=2.05|panic=0.00|target=1|speed=0.00|near=False|yaw=352.9|peeing=False|peeCooldown=118.8|aerial=False|glide=False|legs=0|activity=Watch|site=3|visits=1
25.033,-7.300,0.100,-1.500,idle|wait=2.05|panic=0.00|target=1|speed=0.00|near=False|yaw=352.9|peeing=False|peeCooldown=118.8|aerial=False|glide=False|legs=0|activity=Watch|site=3|visits=1
25.037,-7.300,0.100,-1.500,idle|wait=2.05|panic=0.00|target=1|speed=0.00|near=False|yaw=352.9|peeing=False|peeCooldown=118.8|aerial=False|glide=False|legs=0|activity=Watch|site=3|visits=1
25.040,-7.300,0.100,-1.500,idle|wait=2.05|panic=0.00|target=1|speed=0.00|near=False|yaw=352.9|peeing=False|peeCooldown=118.8|aerial=False|glide=False|legs=0|activity=Watch|site=3|visits=1
25.042,-7.300,0.100,-1.500,idle|wait=2.05|panic=0.00|target=1|speed=0.00|near=False|yaw=352.9|peeing=False|peeCooldown=118.8|aerial=False|glide=False|legs=0|activity=Watch|site=3|visits=1
25.045,-7.300,0.100,-1.500,idle|wait=2.05|panic=0.00|target=1|speed=0.00|near=False|yaw=352.9|peeing=False|peeCooldown=118.8|aerial=False|glide=False|legs=0|activity=Watch|site=3|visits=1
25.047,-7.300,0.100,-1.500,idle|wait=2.05|panic=0.00|target=1|speed=0.00|near=False|yaw=352.9|peeing=False|peeCooldown=118.8|aerial=False|glide=False|legs=0|activity=Watch|site=3|visits=1
25.050,-7.300,0.100,-1.500,idle|wait=2.05|panic=0.00|target=1|speed=0.00|near=False|yaw=352.9|peeing=False|peeCooldown=118.8|aerial=False|glide=False|legs=0|activity=Watch|site=3|visits=1
25.054,-7.300,0.100,-1.500,idle|wait=2.05|panic=0.00|target=1|speed=0.00|near=False|yaw=352.9|peeing=False|peeCooldown=118.8|aerial=False|glide=False|legs=0|activity=Watch|site=3|visits=1
25.061,-7.300,0.100,-1.500,idle|wait=2.05|panic=0.00|target=1|speed=0.00|near=False|yaw=352.9|peeing=False|peeCooldown=118.8|aerial=False|glide=False|legs=0|activity=Watch|site=3|visits=1
25.065,-7.300,0.100,-1.500,idle|wait=2.05|panic=0.00|target=1|speed=0.00|near=False|yaw=352.9|peeing=False|peeCooldown=118.8|aerial=False|glide=False|legs=0|activity=Watch|site=3|visits=1
25.096,-7.300,0.100,-1.500,idle|wait=2.05|panic=0.00|target=1|speed=0.00|near=False|yaw=352.9|peeing=False|peeCooldown=118.7|aerial=False|glide=False|legs=0|activity=Watch|site=3|visits=1
25.099,-7.300,0.100,-1.500,idle|wait=2.05|panic=0.00|target=1|speed=0.00|near=False|yaw=352.9|peeing=False|peeCooldown=118.7|aerial=False|glide=False|legs=0|activity=Watch|site=3|visits=1
25.102,-7.300,0.100,-1.500,idle|wait=2.05|panic=0.00|target=1|speed=0.00|near=False|yaw=352.9|peeing=False|peeCooldown=118.7|aerial=False|glide=False|legs=0|activity=Watch|site=3|visits=1
25.107,-7.300,0.100,-1.500,idle|wait=2.05|panic=0.00|target=1|speed=0.00|near=False|yaw=352.9|peeing=False|peeCooldown=118.7|aerial=False|glide=False|legs=0|activity=Watch|site=3|visits=1
25.110,-7.300,0.100,-1.500,idle|wait=2.05|panic=0.00|target=1|speed=0.00|near=False|yaw=352.9|peeing=False|peeCooldown=118.7|aerial=False|glide=False|legs=0|activity=Watch|site=3|visits=1
25.112,-7.300,0.100,-1.500,idle|wait=2.05|panic=0.00|target=1|speed=0.00|near=False|yaw=352.9|peeing=False|peeCooldown=118.7|aerial=False|glide=False|legs=0|activity=Watch|site=3|visits=1
25.115,-7.300,0.100,-1.500,idle|wait=2.05|panic=0.00|target=1|speed=0.00|near=False|yaw=352.9|peeing=False|peeCooldown=118.7|aerial=False|glide=False|legs=0|activity=Watch|site=3|visits=1
25.118,-7.300,0.100,-1.500,idle|wait=2.05|panic=0.00|target=1|speed=0.00|near=False|yaw=352.9|peeing=False|peeCooldown=118.7|aerial=False|glide=False|legs=0|activity=Watch|site=3|visits=1
25.151,-7.300,0.100,-1.500,idle|wait=2.05|panic=0.00|target=1|speed=0.00|near=False|yaw=352.9|peeing=False|peeCooldown=118.7|aerial=False|glide=False|legs=0|activity=Watch|site=3|visits=1
25.155,-7.300,0.100,-1.500,idle|wait=2.05|panic=0.00|target=1|speed=0.00|near=False|yaw=352.9|peeing=False|peeCooldown=118.7|aerial=False|glide=False|legs=0|activity=Watch|site=3|visits=1
25.159,-7.300,0.100,-1.500,idle|wait=2.05|panic=0.00|target=1|speed=0.00|near=False|yaw=352.9|peeing=False|peeCooldown=118.7|aerial=False|glide=False|legs=0|activity=Watch|site=3|visits=1
25.161,-7.300,0.100,-1.500,idle|wait=2.05|panic=0.00|target=1|speed=0.00|near=False|yaw=352.9|peeing=False|peeCooldown=118.7|aerial=False|glide=False|legs=0|activity=Watch|site=3|visits=1
25.164,-7.300,0.100,-1.500,idle|wait=2.05|panic=0.00|target=1|speed=0.00|near=False|yaw=352.9|peeing=False|peeCooldown=118.7|aerial=False|glide=False|legs=0|activity=Watch|site=3|visits=1
25.167,-7.300,0.100,-1.500,idle|wait=2.05|panic=0.00|target=1|speed=0.00|near=False|yaw=352.9|peeing=False|peeCooldown=118.7|aerial=False|glide=False|legs=0|activity=Watch|site=3|visits=1
25.169,-7.300,0.100,-1.500,idle|wait=2.05|panic=0.00|target=1|speed=0.00|near=False|yaw=352.9|peeing=False|peeCooldown=118.7|aerial=False|glide=False|legs=0|activity=Watch|site=3|visits=1
25.199,-7.300,0.100,-1.500,idle|wait=2.05|panic=0.00|target=1|speed=0.00|near=False|yaw=352.9|peeing=False|peeCooldown=118.6|aerial=False|glide=False|legs=0|activity=Watch|site=3|visits=1
25.203,-7.300,0.100,-1.500,idle|wait=2.05|panic=0.00|target=1|speed=0.00|near=False|yaw=352.9|peeing=False|peeCooldown=118.6|aerial=False|glide=False|legs=0|activity=Watch|site=3|visits=1
25.206,-7.300,0.100,-1.500,idle|wait=2.05|panic=0.00|target=1|speed=0.00|near=False|yaw=352.9|peeing=False|peeCooldown=118.6|aerial=False|glide=False|legs=0|activity=Watch|site=3|visits=1
25.211,-7.300,0.100,-1.500,idle|wait=2.05|panic=0.00|target=1|speed=0.00|near=False|yaw=352.9|peeing=False|peeCooldown=118.6|aerial=False|glide=False|legs=0|activity=Watch|site=3|visits=1
25.213,-7.300,0.100,-1.500,idle|wait=2.05|panic=0.00|target=1|speed=0.00|near=False|yaw=352.9|peeing=False|peeCooldown=118.6|aerial=False|glide=False|legs=0|activity=Watch|site=3|visits=1
25.216,-7.300,0.100,-1.500,idle|wait=2.05|panic=0.00|target=1|speed=0.00|near=False|yaw=352.9|peeing=False|peeCooldown=118.6|aerial=False|glide=False|legs=0|activity=Watch|site=3|visits=1
25.218,-7.300,0.100,-1.500,idle|wait=2.05|panic=0.00|target=1|speed=0.00|near=False|yaw=352.9|peeing=False|peeCooldown=118.6|aerial=False|glide=False|legs=0|activity=Watch|site=3|visits=1
25.220,-7.300,0.100,-1.500,idle|wait=2.05|panic=0.00|target=1|speed=0.00|near=False|yaw=352.9|peeing=False|peeCooldown=118.6|aerial=False|glide=False|legs=0|activity=Watch|site=3|visits=1
25.255,-7.300,0.100,-1.500,idle|wait=2.05|panic=0.00|target=1|speed=0.00|near=False|yaw=352.9|peeing=False|peeCooldown=118.6|aerial=False|glide=False|legs=0|activity=Watch|site=3|visits=1
25.259,-7.300,0.100,-1.500,idle|wait=2.05|panic=0.00|target=1|speed=0.00|near=False|yaw=352.9|peeing=False|peeCooldown=118.6|aerial=False|glide=False|legs=0|activity=Watch|site=3|visits=1
25.264,-7.300,0.100,-1.500,idle|wait=2.05|panic=0.00|target=1|speed=0.00|near=False|yaw=352.9|peeing=False|peeCooldown=118.6|aerial=False|glide=False|legs=0|activity=Watch|site=3|visits=1
25.267,-7.300,0.100,-1.500,idle|wait=2.05|panic=0.00|target=1|speed=0.00|near=False|yaw=352.9|peeing=False|peeCooldown=118.6|aerial=False|glide=False|legs=0|activity=Watch|site=3|visits=1
25.269,-7.300,0.100,-1.500,idle|wait=2.05|panic=0.00|target=1|speed=0.00|near=False|yaw=352.9|peeing=False|peeCooldown=118.6|aerial=False|glide=False|legs=0|activity=Watch|site=3|visits=1
25.271,-7.300,0.100,-1.500,idle|wait=2.05|panic=0.00|target=1|speed=0.00|near=False|yaw=352.9|peeing=False|peeCooldown=118.6|aerial=False|glide=False|legs=0|activity=Watch|site=3|visits=1
25.297,-7.300,0.100,-1.500,idle|wait=2.05|panic=0.00|target=1|speed=0.00|near=False|yaw=352.9|peeing=False|peeCooldown=118.5|aerial=False|glide=False|legs=0|activity=Watch|site=3|visits=1
25.300,-7.300,0.100,-1.500,idle|wait=2.05|panic=0.00|target=1|speed=0.00|near=False|yaw=352.9|peeing=False|peeCooldown=118.5|aerial=False|glide=False|legs=0|activity=Watch|site=3|visits=1
25.303,-7.300,0.100,-1.500,idle|wait=2.05|panic=0.00|target=1|speed=0.00|near=False|yaw=352.9|peeing=False|peeCooldown=118.5|aerial=False|glide=False|legs=0|activity=Watch|site=3|visits=1
25.309,-7.300,0.100,-1.500,idle|wait=2.05|panic=0.00|target=1|speed=0.00|near=False|yaw=352.9|peeing=False|peeCooldown=118.5|aerial=False|glide=False|legs=0|activity=Watch|site=3|visits=1
25.314,-7.300,0.100,-1.500,idle|wait=2.05|panic=0.00|target=1|speed=0.00|near=False|yaw=352.9|peeing=False|peeCooldown=118.5|aerial=False|glide=False|legs=0|activity=Watch|site=3|visits=1
25.317,-7.300,0.100,-1.500,idle|wait=2.05|panic=0.00|target=1|speed=0.00|near=False|yaw=352.9|peeing=False|peeCooldown=118.5|aerial=False|glide=False|legs=0|activity=Watch|site=3|visits=1
25.319,-7.300,0.100,-1.500,idle|wait=2.05|panic=0.00|target=1|speed=0.00|near=False|yaw=352.9|peeing=False|peeCooldown=118.5|aerial=False|glide=False|legs=0|activity=Watch|site=3|visits=1
25.322,-7.300,0.100,-1.500,idle|wait=2.05|panic=0.00|target=1|speed=0.00|near=False|yaw=352.9|peeing=False|peeCooldown=118.5|aerial=False|glide=False|legs=0|activity=Watch|site=3|visits=1
25.326,-7.300,0.100,-1.500,idle|wait=2.05|panic=0.00|target=1|speed=0.00|near=False|yaw=352.9|peeing=False|peeCooldown=118.5|aerial=False|glide=False|legs=0|activity=Watch|site=3|visits=1
25.357,-7.300,0.100,-1.500,idle|wait=2.05|panic=0.00|target=1|speed=0.00|near=False|yaw=352.9|peeing=False|peeCooldown=118.5|aerial=False|glide=False|legs=0|activity=Watch|site=3|visits=1
25.360,-7.300,0.100,-1.500,idle|wait=2.05|panic=0.00|target=1|speed=0.00|near=False|yaw=352.9|peeing=False|peeCooldown=118.5|aerial=False|glide=False|legs=0|activity=Watch|site=3|visits=1
25.365,-7.300,0.100,-1.500,idle|wait=2.05|panic=0.00|target=1|speed=0.00|near=False|yaw=352.9|peeing=False|peeCooldown=118.5|aerial=False|glide=False|legs=0|activity=Watch|site=3|visits=1
25.372,-7.300,0.100,-1.500,idle|wait=2.05|panic=0.00|target=1|speed=0.00|near=False|yaw=352.9|peeing=False|peeCooldown=118.5|aerial=False|glide=False|legs=0|activity=Watch|site=3|visits=1
25.375,-7.300,0.100,-1.500,idle|wait=2.05|panic=0.00|target=1|speed=0.00|near=False|yaw=352.9|peeing=False|peeCooldown=118.5|aerial=False|glide=False|legs=0|activity=Watch|site=3|visits=1
25.377,-7.300,0.100,-1.500,idle|wait=2.05|panic=0.00|target=1|speed=0.00|near=False|yaw=352.9|peeing=False|peeCooldown=118.5|aerial=False|glide=False|legs=0|activity=Watch|site=3|visits=1
25.403,-7.300,0.100,-1.500,idle|wait=2.05|panic=0.00|target=1|speed=0.00|near=False|yaw=352.9|peeing=False|peeCooldown=118.4|aerial=False|glide=False|legs=0|activity=Watch|site=3|visits=1
25.407,-7.300,0.100,-1.500,idle|wait=2.05|panic=0.00|target=1|speed=0.00|near=False|yaw=352.9|peeing=False|peeCooldown=118.4|aerial=False|glide=False|legs=0|activity=Watch|site=3|visits=1
25.410,-7.300,0.100,-1.500,idle|wait=2.05|panic=0.00|target=1|speed=0.00|near=False|yaw=352.9|peeing=False|peeCooldown=118.4|aerial=False|glide=False|legs=0|activity=Watch|site=3|visits=1
25.417,-7.300,0.100,-1.500,idle|wait=2.05|panic=0.00|target=1|speed=0.00|near=False|yaw=352.9|peeing=False|peeCooldown=118.4|aerial=False|glide=False|legs=0|activity=Watch|site=3|visits=1
25.422,-7.300,0.100,-1.500,idle|wait=2.05|panic=0.00|target=1|speed=0.00|near=False|yaw=352.9|peeing=False|peeCooldown=118.4|aerial=False|glide=False|legs=0|activity=Watch|site=3|visits=1
25.426,-7.300,0.100,-1.500,idle|wait=2.05|panic=0.00|target=1|speed=0.00|near=False|yaw=352.9|peeing=False|peeCooldown=118.4|aerial=False|glide=False|legs=0|activity=Watch|site=3|visits=1
25.428,-7.300,0.100,-1.500,idle|wait=2.05|panic=0.00|target=1|speed=0.00|near=False|yaw=352.9|peeing=False|peeCooldown=118.4|aerial=False|glide=False|legs=0|activity=Watch|site=3|visits=1
25.454,-7.300,0.100,-1.500,idle|wait=2.05|panic=0.00|target=1|speed=0.00|near=False|yaw=352.9|peeing=False|peeCooldown=118.4|aerial=False|glide=False|legs=0|activity=Watch|site=3|visits=1
25.458,-7.300,0.100,-1.500,idle|wait=2.05|panic=0.00|target=1|speed=0.00|near=False|yaw=352.9|peeing=False|peeCooldown=118.4|aerial=False|glide=False|legs=0|activity=Watch|site=3|visits=1
25.460,-7.300,0.100,-1.500,idle|wait=2.05|panic=0.00|target=1|speed=0.00|near=False|yaw=352.9|peeing=False|peeCooldown=118.4|aerial=False|glide=False|legs=0|activity=Watch|site=3|visits=1
25.463,-7.300,0.100,-1.500,idle|wait=2.05|panic=0.00|target=1|speed=0.00|near=False|yaw=352.9|peeing=False|peeCooldown=118.4|aerial=False|glide=False|legs=0|activity=Watch|site=3|visits=1
25.466,-7.300,0.100,-1.500,idle|wait=2.05|panic=0.00|target=1|speed=0.00|near=False|yaw=352.9|peeing=False|peeCooldown=118.4|aerial=False|glide=False|legs=0|activity=Watch|site=3|visits=1
25.468,-7.300,0.100,-1.500,idle|wait=2.05|panic=0.00|target=1|speed=0.00|near=False|yaw=352.9|peeing=False|peeCooldown=118.4|aerial=False|glide=False|legs=0|activity=Watch|site=3|visits=1
25.473,-7.300,0.100,-1.500,idle|wait=2.05|panic=0.00|target=1|speed=0.00|near=False|yaw=352.9|peeing=False|peeCooldown=118.4|aerial=False|glide=False|legs=0|activity=Watch|site=3|visits=1
25.475,-7.300,0.100,-1.500,idle|wait=2.05|panic=0.00|target=1|speed=0.00|near=False|yaw=352.9|peeing=False|peeCooldown=118.4|aerial=False|glide=False|legs=0|activity=Watch|site=3|visits=1
25.479,-7.300,0.100,-1.500,idle|wait=2.05|panic=0.00|target=1|speed=0.00|near=False|yaw=352.9|peeing=False|peeCooldown=118.4|aerial=False|glide=False|legs=0|activity=Watch|site=3|visits=1
25.482,-7.300,0.100,-1.500,idle|wait=2.05|panic=0.00|target=1|speed=0.00|near=False|yaw=352.9|peeing=False|peeCooldown=118.4|aerial=False|glide=False|legs=0|activity=Watch|site=3|visits=1
25.515,-7.300,0.100,-1.500,idle|wait=2.05|panic=0.00|target=1|speed=0.00|near=False|yaw=352.9|peeing=False|peeCooldown=118.3|aerial=False|glide=False|legs=0|activity=Watch|site=3|visits=1
25.518,-7.300,0.100,-1.500,idle|wait=2.05|panic=0.00|target=1|speed=0.00|near=False|yaw=352.9|peeing=False|peeCooldown=118.3|aerial=False|glide=False|legs=0|activity=Watch|site=3|visits=1
25.528,-7.300,0.100,-1.500,idle|wait=2.05|panic=0.00|target=1|speed=0.00|near=False|yaw=352.9|peeing=False|peeCooldown=118.3|aerial=False|glide=False|legs=0|activity=Watch|site=3|visits=1
25.532,-7.300,0.100,-1.500,idle|wait=2.05|panic=0.00|target=1|speed=0.00|near=False|yaw=352.9|peeing=False|peeCooldown=118.3|aerial=False|glide=False|legs=0|activity=Watch|site=3|visits=1
25.560,-7.300,0.100,-1.500,idle|wait=2.05|panic=0.00|target=1|speed=0.00|near=False|yaw=352.9|peeing=False|peeCooldown=118.3|aerial=False|glide=False|legs=0|activity=Watch|site=3|visits=1
25.563,-7.300,0.100,-1.500,idle|wait=2.05|panic=0.00|target=1|speed=0.00|near=False|yaw=352.9|peeing=False|peeCooldown=118.3|aerial=False|glide=False|legs=0|activity=Watch|site=3|visits=1
25.567,-7.300,0.100,-1.500,idle|wait=2.05|panic=0.00|target=1|speed=0.00|near=False|yaw=352.9|peeing=False|peeCooldown=118.3|aerial=False|glide=False|legs=0|activity=Watch|site=3|visits=1
25.569,-7.300,0.100,-1.500,idle|wait=2.05|panic=0.00|target=1|speed=0.00|near=False|yaw=352.9|peeing=False|peeCooldown=118.3|aerial=False|glide=False|legs=0|activity=Watch|site=3|visits=1
25.573,-7.300,0.100,-1.500,idle|wait=2.05|panic=0.00|target=1|speed=0.00|near=False|yaw=352.9|peeing=False|peeCooldown=118.3|aerial=False|glide=False|legs=0|activity=Watch|site=3|visits=1
25.576,-7.300,0.100,-1.500,idle|wait=2.05|panic=0.00|target=1|speed=0.00|near=False|yaw=352.9|peeing=False|peeCooldown=118.3|aerial=False|glide=False|legs=0|activity=Watch|site=3|visits=1
25.578,-7.300,0.100,-1.500,idle|wait=2.05|panic=0.00|target=1|speed=0.00|near=False|yaw=352.9|peeing=False|peeCooldown=118.3|aerial=False|glide=False|legs=0|activity=Watch|site=3|visits=1
25.580,-7.300,0.100,-1.500,idle|wait=2.05|panic=0.00|target=1|speed=0.00|near=False|yaw=352.9|peeing=False|peeCooldown=118.3|aerial=False|glide=False|legs=0|activity=Watch|site=3|visits=1
25.585,-7.300,0.100,-1.500,idle|wait=2.05|panic=0.00|target=1|speed=0.00|near=False|yaw=352.9|peeing=False|peeCooldown=118.3|aerial=False|glide=False|legs=0|activity=Watch|site=3|visits=1
25.615,-7.300,0.100,-1.500,idle|wait=2.05|panic=0.00|target=1|speed=0.00|near=False|yaw=352.9|peeing=False|peeCooldown=118.2|aerial=False|glide=False|legs=0|activity=Watch|site=3|visits=1
25.619,-7.300,0.100,-1.500,idle|wait=2.05|panic=0.00|target=1|speed=0.00|near=False|yaw=352.9|peeing=False|peeCooldown=118.2|aerial=False|glide=False|legs=0|activity=Watch|site=3|visits=1
25.622,-7.300,0.100,-1.500,idle|wait=2.05|panic=0.00|target=1|speed=0.00|near=False|yaw=352.9|peeing=False|peeCooldown=118.2|aerial=False|glide=False|legs=0|activity=Watch|site=3|visits=1
25.627,-7.300,0.100,-1.500,idle|wait=2.05|panic=0.00|target=1|speed=0.00|near=False|yaw=352.9|peeing=False|peeCooldown=118.2|aerial=False|glide=False|legs=0|activity=Watch|site=3|visits=1
25.631,-7.300,0.100,-1.500,idle|wait=2.05|panic=0.00|target=1|speed=0.00|near=False|yaw=352.9|peeing=False|peeCooldown=118.2|aerial=False|glide=False|legs=0|activity=Watch|site=3|visits=1
25.638,-7.300,0.100,-1.500,idle|wait=2.05|panic=0.00|target=1|speed=0.00|near=False|yaw=352.9|peeing=False|peeCooldown=118.2|aerial=False|glide=False|legs=0|activity=Watch|site=3|visits=1
25.664,-7.300,0.100,-1.500,idle|wait=2.05|panic=0.00|target=1|speed=0.00|near=False|yaw=352.9|peeing=False|peeCooldown=118.2|aerial=False|glide=False|legs=0|activity=Watch|site=3|visits=1
25.668,-7.300,0.100,-1.500,idle|wait=2.05|panic=0.00|target=1|speed=0.00|near=False|yaw=352.9|peeing=False|peeCooldown=118.2|aerial=False|glide=False|legs=0|activity=Watch|site=3|visits=1
25.671,-7.300,0.100,-1.500,idle|wait=2.05|panic=0.00|target=1|speed=0.00|near=False|yaw=352.9|peeing=False|peeCooldown=118.2|aerial=False|glide=False|legs=0|activity=Watch|site=3|visits=1
25.673,-7.300,0.100,-1.500,idle|wait=2.05|panic=0.00|target=1|speed=0.00|near=False|yaw=352.9|peeing=False|peeCooldown=118.2|aerial=False|glide=False|legs=0|activity=Watch|site=3|visits=1
25.681,-7.300,0.100,-1.500,idle|wait=2.05|panic=0.00|target=1|speed=0.00|near=False|yaw=352.9|peeing=False|peeCooldown=118.2|aerial=False|glide=False|legs=0|activity=Watch|site=3|visits=1
25.685,-7.300,0.100,-1.500,idle|wait=2.05|panic=0.00|target=1|speed=0.00|near=False|yaw=352.9|peeing=False|peeCooldown=118.2|aerial=False|glide=False|legs=0|activity=Watch|site=3|visits=1
25.711,-7.300,0.100,-1.500,idle|wait=2.05|panic=0.00|target=1|speed=0.00|near=False|yaw=352.9|peeing=False|peeCooldown=118.1|aerial=False|glide=False|legs=0|activity=Watch|site=3|visits=1
25.714,-7.300,0.100,-1.500,idle|wait=2.05|panic=0.00|target=1|speed=0.00|near=False|yaw=352.9|peeing=False|peeCooldown=118.1|aerial=False|glide=False|legs=0|activity=Watch|site=3|visits=1
25.716,-7.300,0.100,-1.500,idle|wait=2.05|panic=0.00|target=1|speed=0.00|near=False|yaw=352.9|peeing=False|peeCooldown=118.1|aerial=False|glide=False|legs=0|activity=Watch|site=3|visits=1
25.719,-7.300,0.100,-1.500,idle|wait=2.05|panic=0.00|target=1|speed=0.00|near=False|yaw=352.9|peeing=False|peeCooldown=118.1|aerial=False|glide=False|legs=0|activity=Watch|site=3|visits=1
25.721,-7.300,0.100,-1.500,idle|wait=2.05|panic=0.00|target=1|speed=0.00|near=False|yaw=352.9|peeing=False|peeCooldown=118.1|aerial=False|glide=False|legs=0|activity=Watch|site=3|visits=1
25.724,-7.300,0.100,-1.500,idle|wait=2.05|panic=0.00|target=1|speed=0.00|near=False|yaw=352.9|peeing=False|peeCooldown=118.1|aerial=False|glide=False|legs=0|activity=Watch|site=3|visits=1
25.728,-7.300,0.100,-1.500,idle|wait=2.05|panic=0.00|target=1|speed=0.00|near=False|yaw=352.9|peeing=False|peeCooldown=118.1|aerial=False|glide=False|legs=0|activity=Watch|site=3|visits=1
25.731,-7.300,0.100,-1.500,idle|wait=2.05|panic=0.00|target=1|speed=0.00|near=False|yaw=352.9|peeing=False|peeCooldown=118.1|aerial=False|glide=False|legs=0|activity=Watch|site=3|visits=1
25.734,-7.300,0.100,-1.500,idle|wait=2.05|panic=0.00|target=1|speed=0.00|near=False|yaw=352.9|peeing=False|peeCooldown=118.1|aerial=False|glide=False|legs=0|activity=Watch|site=3|visits=1
25.737,-7.300,0.100,-1.500,idle|wait=2.05|panic=0.00|target=1|speed=0.00|near=False|yaw=352.9|peeing=False|peeCooldown=118.1|aerial=False|glide=False|legs=0|activity=Watch|site=3|visits=1
25.769,-7.300,0.100,-1.500,idle|wait=2.05|panic=0.00|target=1|speed=0.00|near=False|yaw=352.9|peeing=False|peeCooldown=118.1|aerial=False|glide=False|legs=0|activity=Watch|site=3|visits=1
25.774,-7.300,0.100,-1.500,idle|wait=2.05|panic=0.00|target=1|speed=0.00|near=False|yaw=352.9|peeing=False|peeCooldown=118.1|aerial=False|glide=False|legs=0|activity=Watch|site=3|visits=1
25.776,-7.300,0.100,-1.500,idle|wait=2.05|panic=0.00|target=1|speed=0.00|near=False|yaw=352.9|peeing=False|peeCooldown=118.1|aerial=False|glide=False|legs=0|activity=Watch|site=3|visits=1
25.780,-7.300,0.100,-1.500,idle|wait=2.05|panic=0.00|target=1|speed=0.00|near=False|yaw=352.9|peeing=False|peeCooldown=118.1|aerial=False|glide=False|legs=0|activity=Watch|site=3|visits=1
25.784,-7.300,0.100,-1.500,idle|wait=2.05|panic=0.00|target=1|speed=0.00|near=False|yaw=352.9|peeing=False|peeCooldown=118.1|aerial=False|glide=False|legs=0|activity=Watch|site=3|visits=1
25.786,-7.300,0.100,-1.500,idle|wait=2.05|panic=0.00|target=1|speed=0.00|near=False|yaw=352.9|peeing=False|peeCooldown=118.0|aerial=False|glide=False|legs=0|activity=Watch|site=3|visits=1
25.788,-7.300,0.100,-1.500,idle|wait=2.05|panic=0.00|target=1|speed=0.00|near=False|yaw=352.9|peeing=False|peeCooldown=118.0|aerial=False|glide=False|legs=0|activity=Watch|site=3|visits=1
25.814,-7.300,0.100,-1.500,idle|wait=2.05|panic=0.00|target=1|speed=0.00|near=False|yaw=352.9|peeing=False|peeCooldown=118.0|aerial=False|glide=False|legs=0|activity=Watch|site=3|visits=1
25.817,-7.300,0.100,-1.500,idle|wait=2.05|panic=0.00|target=1|speed=0.00|near=False|yaw=352.9|peeing=False|peeCooldown=118.0|aerial=False|glide=False|legs=0|activity=Watch|site=3|visits=1
25.820,-7.300,0.100,-1.500,idle|wait=2.05|panic=0.00|target=1|speed=0.00|near=False|yaw=352.9|peeing=False|peeCooldown=118.0|aerial=False|glide=False|legs=0|activity=Watch|site=3|visits=1
25.822,-7.300,0.100,-1.500,idle|wait=2.05|panic=0.00|target=1|speed=0.00|near=False|yaw=352.9|peeing=False|peeCooldown=118.0|aerial=False|glide=False|legs=0|activity=Watch|site=3|visits=1
25.825,-7.300,0.100,-1.500,idle|wait=2.05|panic=0.00|target=1|speed=0.00|near=False|yaw=352.9|peeing=False|peeCooldown=118.0|aerial=False|glide=False|legs=0|activity=Watch|site=3|visits=1
25.828,-7.300,0.100,-1.500,idle|wait=2.05|panic=0.00|target=1|speed=0.00|near=False|yaw=352.9|peeing=False|peeCooldown=118.0|aerial=False|glide=False|legs=0|activity=Watch|site=3|visits=1
25.832,-7.300,0.100,-1.500,idle|wait=2.05|panic=0.00|target=1|speed=0.00|near=False|yaw=352.9|peeing=False|peeCooldown=118.0|aerial=False|glide=False|legs=0|activity=Watch|site=3|visits=1
25.835,-7.300,0.100,-1.500,idle|wait=2.05|panic=0.00|target=1|speed=0.00|near=False|yaw=352.9|peeing=False|peeCooldown=118.0|aerial=False|glide=False|legs=0|activity=Watch|site=3|visits=1
25.838,-7.300,0.100,-1.500,idle|wait=2.05|panic=0.00|target=1|speed=0.00|near=False|yaw=352.9|peeing=False|peeCooldown=118.0|aerial=False|glide=False|legs=0|activity=Watch|site=3|visits=1
25.841,-7.300,0.100,-1.500,idle|wait=2.05|panic=0.00|target=1|speed=0.00|near=False|yaw=352.9|peeing=False|peeCooldown=118.0|aerial=False|glide=False|legs=0|activity=Watch|site=3|visits=1
25.872,-7.300,0.100,-1.500,idle|wait=2.05|panic=0.00|target=1|speed=0.00|near=False|yaw=352.9|peeing=False|peeCooldown=118.0|aerial=False|glide=False|legs=0|activity=Watch|site=3|visits=1
25.876,-7.300,0.100,-1.500,idle|wait=2.05|panic=0.00|target=1|speed=0.00|near=False|yaw=352.9|peeing=False|peeCooldown=118.0|aerial=False|glide=False|legs=0|activity=Watch|site=3|visits=1
25.878,-7.300,0.100,-1.500,idle|wait=2.05|panic=0.00|target=1|speed=0.00|near=False|yaw=352.9|peeing=False|peeCooldown=118.0|aerial=False|glide=False|legs=0|activity=Watch|site=3|visits=1
25.883,-7.300,0.100,-1.500,idle|wait=2.05|panic=0.00|target=1|speed=0.00|near=False|yaw=352.9|peeing=False|peeCooldown=118.0|aerial=False|glide=False|legs=0|activity=Watch|site=3|visits=1
25.886,-7.300,0.100,-1.500,idle|wait=2.05|panic=0.00|target=1|speed=0.00|near=False|yaw=352.9|peeing=False|peeCooldown=118.0|aerial=False|glide=False|legs=0|activity=Watch|site=3|visits=1
25.888,-7.300,0.100,-1.500,idle|wait=2.05|panic=0.00|target=1|speed=0.00|near=False|yaw=352.9|peeing=False|peeCooldown=117.9|aerial=False|glide=False|legs=0|activity=Watch|site=3|visits=1
25.890,-7.300,0.100,-1.500,idle|wait=2.05|panic=0.00|target=1|speed=0.00|near=False|yaw=352.9|peeing=False|peeCooldown=117.9|aerial=False|glide=False|legs=0|activity=Watch|site=3|visits=1
25.893,-7.300,0.100,-1.500,idle|wait=2.05|panic=0.00|target=1|speed=0.00|near=False|yaw=352.9|peeing=False|peeCooldown=117.9|aerial=False|glide=False|legs=0|activity=Watch|site=3|visits=1
25.925,-7.300,0.100,-1.500,idle|wait=2.05|panic=0.00|target=1|speed=0.00|near=False|yaw=352.9|peeing=False|peeCooldown=117.9|aerial=False|glide=False|legs=0|activity=Watch|site=3|visits=1
25.929,-7.300,0.100,-1.500,idle|wait=2.05|panic=0.00|target=1|speed=0.00|near=False|yaw=352.9|peeing=False|peeCooldown=117.9|aerial=False|glide=False|legs=0|activity=Watch|site=3|visits=1
25.933,-7.300,0.100,-1.500,idle|wait=2.05|panic=0.00|target=1|speed=0.00|near=False|yaw=352.9|peeing=False|peeCooldown=117.9|aerial=False|glide=False|legs=0|activity=Watch|site=3|visits=1
25.935,-7.300,0.100,-1.500,idle|wait=2.05|panic=0.00|target=1|speed=0.00|near=False|yaw=352.9|peeing=False|peeCooldown=117.9|aerial=False|glide=False|legs=0|activity=Watch|site=3|visits=1
25.938,-7.300,0.100,-1.500,idle|wait=2.05|panic=0.00|target=1|speed=0.00|near=False|yaw=352.9|peeing=False|peeCooldown=117.9|aerial=False|glide=False|legs=0|activity=Watch|site=3|visits=1
25.940,-7.300,0.100,-1.500,idle|wait=2.05|panic=0.00|target=1|speed=0.00|near=False|yaw=352.9|peeing=False|peeCooldown=117.9|aerial=False|glide=False|legs=0|activity=Watch|site=3|visits=1
25.942,-7.300,0.100,-1.500,idle|wait=2.05|panic=0.00|target=1|speed=0.00|near=False|yaw=352.9|peeing=False|peeCooldown=117.9|aerial=False|glide=False|legs=0|activity=Watch|site=3|visits=1
25.946,-7.300,0.100,-1.500,idle|wait=2.05|panic=0.00|target=1|speed=0.00|near=False|yaw=352.9|peeing=False|peeCooldown=117.9|aerial=False|glide=False|legs=0|activity=Watch|site=3|visits=1
25.978,-7.300,0.100,-1.500,idle|wait=2.05|panic=0.00|target=1|speed=0.00|near=False|yaw=352.9|peeing=False|peeCooldown=117.9|aerial=False|glide=False|legs=0|activity=Watch|site=3|visits=1
25.982,-7.300,0.100,-1.500,idle|wait=2.05|panic=0.00|target=1|speed=0.00|near=False|yaw=352.9|peeing=False|peeCooldown=117.9|aerial=False|glide=False|legs=0|activity=Watch|site=3|visits=1
25.990,-7.300,0.100,-1.500,idle|wait=2.05|panic=0.00|target=1|speed=0.00|near=False|yaw=352.9|peeing=False|peeCooldown=117.8|aerial=False|glide=False|legs=0|activity=Watch|site=3|visits=1
25.993,-7.300,0.100,-1.500,idle|wait=2.05|panic=0.00|target=1|speed=0.00|near=False|yaw=352.9|peeing=False|peeCooldown=117.8|aerial=False|glide=False|legs=0|activity=Watch|site=3|visits=1
25.996,-7.300,0.100,-1.500,idle|wait=2.05|panic=0.00|target=1|speed=0.00|near=False|yaw=352.9|peeing=False|peeCooldown=117.8|aerial=False|glide=False|legs=0|activity=Watch|site=3|visits=1
25.998,-7.300,0.100,-1.500,idle|wait=2.05|panic=0.00|target=1|speed=0.00|near=False|yaw=352.9|peeing=False|peeCooldown=117.8|aerial=False|glide=False|legs=0|activity=Watch|site=3|visits=1
26.025,-7.300,0.100,-1.500,idle|wait=2.05|panic=0.00|target=1|speed=0.00|near=False|yaw=352.9|peeing=False|peeCooldown=117.8|aerial=False|glide=False|legs=0|activity=Watch|site=3|visits=1
26.029,-7.300,0.100,-1.500,idle|wait=2.05|panic=0.00|target=1|speed=0.00|near=False|yaw=352.9|peeing=False|peeCooldown=117.8|aerial=False|glide=False|legs=0|activity=Watch|site=3|visits=1
26.032,-7.300,0.100,-1.500,idle|wait=2.05|panic=0.00|target=1|speed=0.00|near=False|yaw=352.9|peeing=False|peeCooldown=117.8|aerial=False|glide=False|legs=0|activity=Watch|site=3|visits=1
26.037,-7.300,0.100,-1.500,idle|wait=2.05|panic=0.00|target=1|speed=0.00|near=False|yaw=352.9|peeing=False|peeCooldown=117.8|aerial=False|glide=False|legs=0|activity=Watch|site=3|visits=1
26.040,-7.300,0.100,-1.500,idle|wait=2.05|panic=0.00|target=1|speed=0.00|near=False|yaw=352.9|peeing=False|peeCooldown=117.8|aerial=False|glide=False|legs=0|activity=Watch|site=3|visits=1
26.042,-7.300,0.100,-1.500,idle|wait=2.05|panic=0.00|target=1|speed=0.00|near=False|yaw=352.9|peeing=False|peeCooldown=117.8|aerial=False|glide=False|legs=0|activity=Watch|site=3|visits=1
26.045,-7.300,0.100,-1.500,idle|wait=2.05|panic=0.00|target=1|speed=0.00|near=False|yaw=352.9|peeing=False|peeCooldown=117.8|aerial=False|glide=False|legs=0|activity=Watch|site=3|visits=1
26.048,-7.300,0.100,-1.500,idle|wait=2.05|panic=0.00|target=1|speed=0.00|near=False|yaw=352.9|peeing=False|peeCooldown=117.8|aerial=False|glide=False|legs=0|activity=Watch|site=3|visits=1
26.051,-7.300,0.100,-1.500,idle|wait=2.05|panic=0.00|target=1|speed=0.00|near=False|yaw=352.9|peeing=False|peeCooldown=117.8|aerial=False|glide=False|legs=0|activity=Watch|site=3|visits=1
26.083,-7.300,0.100,-1.500,idle|wait=2.05|panic=0.00|target=1|speed=0.00|near=False|yaw=352.9|peeing=False|peeCooldown=117.8|aerial=False|glide=False|legs=0|activity=Watch|site=3|visits=1
26.088,-7.300,0.100,-1.500,idle|wait=2.05|panic=0.00|target=1|speed=0.00|near=False|yaw=352.9|peeing=False|peeCooldown=117.7|aerial=False|glide=False|legs=0|activity=Watch|site=3|visits=1
26.091,-7.300,0.100,-1.500,idle|wait=2.05|panic=0.00|target=1|speed=0.00|near=False|yaw=352.9|peeing=False|peeCooldown=117.7|aerial=False|glide=False|legs=0|activity=Watch|site=3|visits=1
26.094,-7.300,0.100,-1.500,idle|wait=2.05|panic=0.00|target=1|speed=0.00|near=False|yaw=352.9|peeing=False|peeCooldown=117.7|aerial=False|glide=False|legs=0|activity=Watch|site=3|visits=1
26.096,-7.300,0.100,-1.500,idle|wait=2.05|panic=0.00|target=1|speed=0.00|near=False|yaw=352.9|peeing=False|peeCooldown=117.7|aerial=False|glide=False|legs=0|activity=Watch|site=3|visits=1
26.099,-7.300,0.100,-1.500,idle|wait=2.05|panic=0.00|target=1|speed=0.00|near=False|yaw=352.9|peeing=False|peeCooldown=117.7|aerial=False|glide=False|legs=0|activity=Watch|site=3|visits=1
26.101,-7.300,0.100,-1.500,idle|wait=2.05|panic=0.00|target=1|speed=0.00|near=False|yaw=352.9|peeing=False|peeCooldown=117.7|aerial=False|glide=False|legs=0|activity=Watch|site=3|visits=1
26.129,-7.300,0.100,-1.500,idle|wait=2.05|panic=0.00|target=1|speed=0.00|near=False|yaw=352.9|peeing=False|peeCooldown=117.7|aerial=False|glide=False|legs=0|activity=Watch|site=3|visits=1
26.133,-7.300,0.100,-1.500,idle|wait=2.05|panic=0.00|target=1|speed=0.00|near=False|yaw=352.9|peeing=False|peeCooldown=117.7|aerial=False|glide=False|legs=0|activity=Watch|site=3|visits=1
26.135,-7.300,0.100,-1.500,idle|wait=2.05|panic=0.00|target=1|speed=0.00|near=False|yaw=352.9|peeing=False|peeCooldown=117.7|aerial=False|glide=False|legs=0|activity=Watch|site=3|visits=1
26.140,-7.300,0.100,-1.500,idle|wait=2.05|panic=0.00|target=1|speed=0.00|near=False|yaw=352.9|peeing=False|peeCooldown=117.7|aerial=False|glide=False|legs=0|activity=Watch|site=3|visits=1
26.142,-7.300,0.100,-1.500,idle|wait=2.05|panic=0.00|target=1|speed=0.00|near=False|yaw=352.9|peeing=False|peeCooldown=117.7|aerial=False|glide=False|legs=0|activity=Watch|site=3|visits=1
26.145,-7.300,0.100,-1.500,idle|wait=2.05|panic=0.00|target=1|speed=0.00|near=False|yaw=352.9|peeing=False|peeCooldown=117.7|aerial=False|glide=False|legs=0|activity=Watch|site=3|visits=1
26.148,-7.300,0.100,-1.500,idle|wait=2.05|panic=0.00|target=1|speed=0.00|near=False|yaw=352.9|peeing=False|peeCooldown=117.7|aerial=False|glide=False|legs=0|activity=Watch|site=3|visits=1
26.151,-7.300,0.100,-1.500,idle|wait=2.05|panic=0.00|target=1|speed=0.00|near=False|yaw=352.9|peeing=False|peeCooldown=117.7|aerial=False|glide=False|legs=0|activity=Watch|site=3|visits=1
26.155,-7.300,0.100,-1.500,idle|wait=2.05|panic=0.00|target=1|speed=0.00|near=False|yaw=352.9|peeing=False|peeCooldown=117.7|aerial=False|glide=False|legs=0|activity=Watch|site=3|visits=1
26.186,-7.300,0.100,-1.500,idle|wait=2.05|panic=0.00|target=1|speed=0.00|near=False|yaw=352.9|peeing=False|peeCooldown=117.6|aerial=False|glide=False|legs=0|activity=Watch|site=3|visits=1
26.191,-7.300,0.100,-1.500,idle|wait=2.05|panic=0.00|target=1|speed=0.00|near=False|yaw=352.9|peeing=False|peeCooldown=117.6|aerial=False|glide=False|legs=0|activity=Watch|site=3|visits=1
26.194,-7.300,0.100,-1.500,idle|wait=2.05|panic=0.00|target=1|speed=0.00|near=False|yaw=352.9|peeing=False|peeCooldown=117.6|aerial=False|glide=False|legs=0|activity=Watch|site=3|visits=1
26.196,-7.300,0.100,-1.500,idle|wait=2.05|panic=0.00|target=1|speed=0.00|near=False|yaw=352.9|peeing=False|peeCooldown=117.6|aerial=False|glide=False|legs=0|activity=Watch|site=3|visits=1
26.198,-7.300,0.100,-1.500,idle|wait=2.05|panic=0.00|target=1|speed=0.00|near=False|yaw=352.9|peeing=False|peeCooldown=117.6|aerial=False|glide=False|legs=0|activity=Watch|site=3|visits=1
26.201,-7.300,0.100,-1.500,idle|wait=2.05|panic=0.00|target=1|speed=0.00|near=False|yaw=352.9|peeing=False|peeCooldown=117.6|aerial=False|glide=False|legs=0|activity=Watch|site=3|visits=1
26.204,-7.300,0.100,-1.500,idle|wait=2.05|panic=0.00|target=1|speed=0.00|near=False|yaw=352.9|peeing=False|peeCooldown=117.6|aerial=False|glide=False|legs=0|activity=Watch|site=3|visits=1
26.229,-7.300,0.100,-1.500,idle|wait=2.05|panic=0.00|target=1|speed=0.00|near=False|yaw=352.9|peeing=False|peeCooldown=117.6|aerial=False|glide=False|legs=0|activity=Watch|site=3|visits=1
26.232,-7.300,0.100,-1.500,idle|wait=2.05|panic=0.00|target=1|speed=0.00|near=False|yaw=352.9|peeing=False|peeCooldown=117.6|aerial=False|glide=False|legs=0|activity=Watch|site=3|visits=1
26.236,-7.300,0.100,-1.500,idle|wait=2.05|panic=0.00|target=1|speed=0.00|near=False|yaw=352.9|peeing=False|peeCooldown=117.6|aerial=False|glide=False|legs=0|activity=Watch|site=3|visits=1
26.239,-7.300,0.100,-1.500,idle|wait=2.05|panic=0.00|target=1|speed=0.00|near=False|yaw=352.9|peeing=False|peeCooldown=117.6|aerial=False|glide=False|legs=0|activity=Watch|site=3|visits=1
26.243,-7.300,0.100,-1.500,idle|wait=2.05|panic=0.00|target=1|speed=0.00|near=False|yaw=352.9|peeing=False|peeCooldown=117.6|aerial=False|glide=False|legs=0|activity=Watch|site=3|visits=1
26.246,-7.300,0.100,-1.500,idle|wait=2.05|panic=0.00|target=1|speed=0.00|near=False|yaw=352.9|peeing=False|peeCooldown=117.6|aerial=False|glide=False|legs=0|activity=Watch|site=3|visits=1
26.249,-7.300,0.100,-1.500,idle|wait=2.05|panic=0.00|target=1|speed=0.00|near=False|yaw=352.9|peeing=False|peeCooldown=117.6|aerial=False|glide=False|legs=0|activity=Watch|site=3|visits=1
26.252,-7.300,0.100,-1.500,idle|wait=2.05|panic=0.00|target=1|speed=0.00|near=False|yaw=352.9|peeing=False|peeCooldown=117.6|aerial=False|glide=False|legs=0|activity=Watch|site=3|visits=1
26.256,-7.300,0.100,-1.500,idle|wait=2.05|panic=0.00|target=1|speed=0.00|near=False|yaw=352.9|peeing=False|peeCooldown=117.6|aerial=False|glide=False|legs=0|activity=Watch|site=3|visits=1
26.288,-7.300,0.100,-1.500,idle|wait=2.05|panic=0.00|target=1|speed=0.00|near=False|yaw=352.9|peeing=False|peeCooldown=117.5|aerial=False|glide=False|legs=0|activity=Watch|site=3|visits=1
26.293,-7.300,0.100,-1.500,idle|wait=2.05|panic=0.00|target=1|speed=0.00|near=False|yaw=352.9|peeing=False|peeCooldown=117.5|aerial=False|glide=False|legs=0|activity=Watch|site=3|visits=1
26.300,-7.300,0.100,-1.500,idle|wait=2.05|panic=0.00|target=1|speed=0.00|near=False|yaw=352.9|peeing=False|peeCooldown=117.5|aerial=False|glide=False|legs=0|activity=Watch|site=3|visits=1
26.304,-7.300,0.100,-1.500,idle|wait=2.05|panic=0.00|target=1|speed=0.00|near=False|yaw=352.9|peeing=False|peeCooldown=117.5|aerial=False|glide=False|legs=0|activity=Watch|site=3|visits=1
26.307,-7.300,0.100,-1.500,idle|wait=2.05|panic=0.00|target=1|speed=0.00|near=False|yaw=352.9|peeing=False|peeCooldown=117.5|aerial=False|glide=False|legs=0|activity=Watch|site=3|visits=1
26.333,-7.300,0.100,-1.500,idle|wait=2.05|panic=0.00|target=1|speed=0.00|near=False|yaw=352.9|peeing=False|peeCooldown=117.5|aerial=False|glide=False|legs=0|activity=Watch|site=3|visits=1
26.336,-7.300,0.100,-1.500,idle|wait=2.05|panic=0.00|target=1|speed=0.00|near=False|yaw=352.9|peeing=False|peeCooldown=117.5|aerial=False|glide=False|legs=0|activity=Watch|site=3|visits=1
26.339,-7.300,0.100,-1.500,idle|wait=2.05|panic=0.00|target=1|speed=0.00|near=False|yaw=352.9|peeing=False|peeCooldown=117.5|aerial=False|glide=False|legs=0|activity=Watch|site=3|visits=1
26.342,-7.300,0.100,-1.500,idle|wait=2.05|panic=0.00|target=1|speed=0.00|near=False|yaw=352.9|peeing=False|peeCooldown=117.5|aerial=False|glide=False|legs=0|activity=Watch|site=3|visits=1
26.345,-7.300,0.100,-1.500,idle|wait=2.05|panic=0.00|target=1|speed=0.00|near=False|yaw=352.9|peeing=False|peeCooldown=117.5|aerial=False|glide=False|legs=0|activity=Watch|site=3|visits=1
26.349,-7.300,0.100,-1.500,idle|wait=2.05|panic=0.00|target=1|speed=0.00|near=False|yaw=352.9|peeing=False|peeCooldown=117.5|aerial=False|glide=False|legs=0|activity=Watch|site=3|visits=1
26.352,-7.300,0.100,-1.500,idle|wait=2.05|panic=0.00|target=1|speed=0.00|near=False|yaw=352.9|peeing=False|peeCooldown=117.5|aerial=False|glide=False|legs=0|activity=Watch|site=3|visits=1
26.354,-7.300,0.100,-1.500,idle|wait=2.05|panic=0.00|target=1|speed=0.00|near=False|yaw=352.9|peeing=False|peeCooldown=117.5|aerial=False|glide=False|legs=0|activity=Watch|site=3|visits=1
26.358,-7.300,0.100,-1.500,idle|wait=2.05|panic=0.00|target=1|speed=0.00|near=False|yaw=352.9|peeing=False|peeCooldown=117.5|aerial=False|glide=False|legs=0|activity=Watch|site=3|visits=1
26.361,-7.300,0.100,-1.500,idle|wait=2.05|panic=0.00|target=1|speed=0.00|near=False|yaw=352.9|peeing=False|peeCooldown=117.5|aerial=False|glide=False|legs=0|activity=Watch|site=3|visits=1
26.397,-7.300,0.100,-1.500,idle|wait=2.05|panic=0.00|target=1|speed=0.00|near=False|yaw=352.9|peeing=False|peeCooldown=117.4|aerial=False|glide=False|legs=0|activity=Watch|site=3|visits=1
26.403,-7.300,0.100,-1.500,idle|wait=2.05|panic=0.00|target=1|speed=0.00|near=False|yaw=352.9|peeing=False|peeCooldown=117.4|aerial=False|glide=False|legs=0|activity=Watch|site=3|visits=1
26.406,-7.300,0.100,-1.500,idle|wait=2.05|panic=0.00|target=1|speed=0.00|near=False|yaw=352.9|peeing=False|peeCooldown=117.4|aerial=False|glide=False|legs=0|activity=Transit|site=2|visits=1
26.408,-7.300,0.100,-1.500,alert|wait=2.05|panic=0.00|target=1|speed=0.00|near=False|yaw=353.2|peeing=False|peeCooldown=117.4|aerial=False|glide=False|legs=0|activity=Transit|site=2|visits=1
26.411,-7.300,0.100,-1.500,alert|wait=2.05|panic=0.00|target=1|speed=0.00|near=False|yaw=353.5|peeing=False|peeCooldown=117.4|aerial=False|glide=False|legs=0|activity=Transit|site=2|visits=1
26.413,-7.300,0.100,-1.500,alert|wait=2.05|panic=0.00|target=1|speed=0.00|near=False|yaw=353.9|peeing=False|peeCooldown=117.4|aerial=False|glide=False|legs=0|activity=Transit|site=2|visits=1
26.439,-7.300,0.100,-1.500,alert|wait=2.05|panic=0.00|target=1|speed=0.00|near=False|yaw=357.3|peeing=False|peeCooldown=117.4|aerial=False|glide=False|legs=0|activity=Transit|site=2|visits=1
26.442,-7.300,0.100,-1.500,alert|wait=2.05|panic=0.00|target=1|speed=0.00|near=False|yaw=357.7|peeing=False|peeCooldown=117.4|aerial=False|glide=False|legs=0|activity=Transit|site=2|visits=1
26.445,-7.300,0.100,-1.500,alert|wait=2.05|panic=0.00|target=1|speed=0.00|near=False|yaw=358.2|peeing=False|peeCooldown=117.4|aerial=False|glide=False|legs=0|activity=Transit|site=2|visits=1
26.448,-7.300,0.100,-1.500,alert|wait=2.05|panic=0.00|target=1|speed=0.00|near=False|yaw=358.5|peeing=False|peeCooldown=117.4|aerial=False|glide=False|legs=0|activity=Transit|site=2|visits=1
26.452,-7.300,0.100,-1.500,alert|wait=2.05|panic=0.00|target=1|speed=0.00|near=False|yaw=359.1|peeing=False|peeCooldown=117.4|aerial=False|glide=False|legs=0|activity=Transit|site=2|visits=1
26.455,-7.300,0.100,-1.500,alert|wait=2.05|panic=0.00|target=1|speed=0.00|near=False|yaw=359.5|peeing=False|peeCooldown=117.4|aerial=False|glide=False|legs=0|activity=Transit|site=2|visits=1
26.458,-7.300,0.100,-1.500,alert|wait=2.05|panic=0.00|target=1|speed=0.00|near=False|yaw=359.9|peeing=False|peeCooldown=117.4|aerial=False|glide=False|legs=0|activity=Transit|site=2|visits=1
26.461,-7.300,0.100,-1.500,alert|wait=2.05|panic=0.00|target=1|speed=0.00|near=False|yaw=0.4|peeing=False|peeCooldown=117.4|aerial=False|glide=False|legs=0|activity=Transit|site=2|visits=1
26.466,-7.300,0.100,-1.500,alert|wait=2.05|panic=0.00|target=1|speed=0.00|near=False|yaw=1.0|peeing=False|peeCooldown=117.4|aerial=False|glide=False|legs=0|activity=Transit|site=2|visits=1
26.506,-7.300,0.100,-1.500,alert|wait=2.05|panic=0.00|target=1|speed=0.00|near=False|yaw=6.4|peeing=False|peeCooldown=117.3|aerial=False|glide=False|legs=0|activity=Transit|site=2|visits=1
26.512,-7.300,0.100,-1.500,alert|wait=2.05|panic=0.00|target=1|speed=0.00|near=False|yaw=7.2|peeing=False|peeCooldown=117.3|aerial=False|glide=False|legs=0|activity=Transit|site=2|visits=1
26.515,-7.300,0.100,-1.500,alert|wait=2.05|panic=0.00|target=1|speed=0.00|near=False|yaw=7.6|peeing=False|peeCooldown=117.3|aerial=False|glide=False|legs=0|activity=Transit|site=2|visits=1
26.518,-7.300,0.100,-1.500,alert|wait=2.05|panic=0.00|target=1|speed=0.00|near=False|yaw=8.0|peeing=False|peeCooldown=117.3|aerial=False|glide=False|legs=0|activity=Transit|site=2|visits=1
26.545,-7.300,0.100,-1.500,alert|wait=2.05|panic=0.00|target=1|speed=0.00|near=False|yaw=11.7|peeing=False|peeCooldown=117.3|aerial=False|glide=False|legs=0|activity=Transit|site=2|visits=1
26.549,-7.300,0.100,-1.500,alert|wait=2.05|panic=0.00|target=1|speed=0.00|near=False|yaw=12.2|peeing=False|peeCooldown=117.3|aerial=False|glide=False|legs=0|activity=Transit|site=2|visits=1
26.552,-7.300,0.100,-1.500,alert|wait=2.05|panic=0.00|target=1|speed=0.00|near=False|yaw=12.6|peeing=False|peeCooldown=117.3|aerial=False|glide=False|legs=0|activity=Transit|site=2|visits=1
26.555,-7.300,0.100,-1.500,alert|wait=2.05|panic=0.00|target=1|speed=0.00|near=False|yaw=13.0|peeing=False|peeCooldown=117.3|aerial=False|glide=False|legs=0|activity=Transit|site=2|visits=1
26.558,-7.300,0.100,-1.500,alert|wait=2.05|panic=0.00|target=1|speed=0.00|near=False|yaw=13.4|peeing=False|peeCooldown=117.3|aerial=False|glide=False|legs=0|activity=Transit|site=2|visits=1
26.563,-7.300,0.100,-1.500,alert|wait=2.05|panic=0.00|target=1|speed=0.00|near=False|yaw=14.1|peeing=False|peeCooldown=117.3|aerial=False|glide=False|legs=0|activity=Transit|site=2|visits=1
26.566,-7.300,0.100,-1.500,alert|wait=2.05|panic=0.00|target=1|speed=0.00|near=False|yaw=14.5|peeing=False|peeCooldown=117.3|aerial=False|glide=False|legs=0|activity=Transit|site=2|visits=1
26.569,-7.300,0.100,-1.500,alert|wait=2.05|panic=0.00|target=1|speed=0.00|near=False|yaw=14.9|peeing=False|peeCooldown=117.3|aerial=False|glide=False|legs=0|activity=Transit|site=2|visits=1
26.604,-7.300,0.100,-1.500,alert|wait=2.05|panic=0.00|target=1|speed=0.00|near=False|yaw=19.6|peeing=False|peeCooldown=117.2|aerial=False|glide=False|legs=0|activity=Transit|site=2|visits=1
26.613,-7.300,0.100,-1.500,alert|wait=2.05|panic=0.00|target=1|speed=0.00|near=False|yaw=20.8|peeing=False|peeCooldown=117.2|aerial=False|glide=False|legs=0|activity=Transit|site=2|visits=1
26.618,-7.300,0.100,-1.500,alert|wait=2.05|panic=0.00|target=1|speed=0.00|near=False|yaw=21.5|peeing=False|peeCooldown=117.2|aerial=False|glide=False|legs=0|activity=Transit|site=2|visits=1
26.621,-7.300,0.100,-1.500,alert|wait=2.05|panic=0.00|target=1|speed=0.00|near=False|yaw=21.8|peeing=False|peeCooldown=117.2|aerial=False|glide=False|legs=0|activity=Transit|site=2|visits=1
26.647,-7.300,0.100,-1.500,alert|wait=2.05|panic=0.00|target=1|speed=0.00|near=False|yaw=25.5|peeing=False|peeCooldown=117.2|aerial=False|glide=False|legs=0|activity=Transit|site=2|visits=1
26.651,-7.300,0.100,-1.500,alert|wait=2.05|panic=0.00|target=1|speed=0.00|near=False|yaw=25.9|peeing=False|peeCooldown=117.2|aerial=False|glide=False|legs=0|activity=Transit|site=2|visits=1
26.653,-7.300,0.100,-1.500,alert|wait=2.05|panic=0.00|target=1|speed=0.00|near=False|yaw=26.3|peeing=False|peeCooldown=117.2|aerial=False|glide=False|legs=0|activity=Transit|site=2|visits=1
26.656,-7.300,0.100,-1.500,alert|wait=2.05|panic=0.00|target=1|speed=0.00|near=False|yaw=26.7|peeing=False|peeCooldown=117.2|aerial=False|glide=False|legs=0|activity=Transit|site=2|visits=1
26.659,-7.300,0.100,-1.500,alert|wait=2.05|panic=0.00|target=1|speed=0.00|near=False|yaw=27.0|peeing=False|peeCooldown=117.2|aerial=False|glide=False|legs=0|activity=Transit|site=2|visits=1
26.662,-7.300,0.100,-1.500,alert|wait=2.05|panic=0.00|target=1|speed=0.00|near=False|yaw=27.4|peeing=False|peeCooldown=117.2|aerial=False|glide=False|legs=0|activity=Transit|site=2|visits=1
26.665,-7.300,0.100,-1.500,alert|wait=2.05|panic=0.00|target=1|speed=0.00|near=False|yaw=27.9|peeing=False|peeCooldown=117.2|aerial=False|glide=False|legs=0|activity=Transit|site=2|visits=1
26.670,-7.300,0.100,-1.500,alert|wait=2.05|panic=0.00|target=1|speed=0.00|near=False|yaw=28.5|peeing=False|peeCooldown=117.2|aerial=False|glide=False|legs=0|activity=Transit|site=2|visits=1
26.674,-7.300,0.100,-1.500,alert|wait=2.05|panic=0.00|target=1|speed=0.00|near=False|yaw=29.1|peeing=False|peeCooldown=117.2|aerial=False|glide=False|legs=0|activity=Transit|site=2|visits=1
26.706,-7.300,0.100,-1.500,alert|wait=2.05|panic=0.00|target=1|speed=0.00|near=False|yaw=33.4|peeing=False|peeCooldown=117.1|aerial=False|glide=False|legs=0|activity=Transit|site=2|visits=1
26.710,-7.300,0.100,-1.500,alert|wait=2.05|panic=0.00|target=1|speed=0.00|near=False|yaw=33.9|peeing=False|peeCooldown=117.1|aerial=False|glide=False|legs=0|activity=Transit|site=2|visits=1
26.713,-7.300,0.100,-1.500,alert|wait=2.05|panic=0.00|target=1|speed=0.00|near=False|yaw=34.3|peeing=False|peeCooldown=117.1|aerial=False|glide=False|legs=0|activity=Transit|site=2|visits=1
26.715,-7.300,0.100,-1.500,alert|wait=2.05|panic=0.00|target=1|speed=0.00|near=False|yaw=34.7|peeing=False|peeCooldown=117.1|aerial=False|glide=False|legs=0|activity=Transit|site=2|visits=1
26.720,-7.300,0.100,-1.500,alert|wait=2.05|panic=0.00|target=1|speed=0.00|near=False|yaw=35.3|peeing=False|peeCooldown=117.1|aerial=False|glide=False|legs=0|activity=Transit|site=2|visits=1
26.724,-7.300,0.100,-1.500,alert|wait=2.05|panic=0.00|target=1|speed=0.00|near=False|yaw=35.8|peeing=False|peeCooldown=117.1|aerial=False|glide=False|legs=0|activity=Transit|site=2|visits=1
26.752,-7.300,0.100,-1.500,alert|wait=2.05|panic=0.00|target=1|speed=0.00|near=False|yaw=39.6|peeing=False|peeCooldown=117.1|aerial=False|glide=False|legs=0|activity=Transit|site=2|visits=1
26.756,-7.300,0.100,-1.500,alert|wait=2.05|panic=0.00|target=1|speed=0.00|near=False|yaw=40.1|peeing=False|peeCooldown=117.1|aerial=False|glide=False|legs=0|activity=Transit|site=2|visits=1
26.758,-7.300,0.100,-1.500,alert|wait=2.05|panic=0.00|target=1|speed=0.00|near=False|yaw=40.5|peeing=False|peeCooldown=117.1|aerial=False|glide=False|legs=0|activity=Transit|site=2|visits=1
26.761,-7.300,0.100,-1.500,alert|wait=2.05|panic=0.00|target=1|speed=0.00|near=False|yaw=40.8|peeing=False|peeCooldown=117.1|aerial=False|glide=False|legs=0|activity=Transit|site=2|visits=1
26.764,-7.300,0.100,-1.500,alert|wait=2.05|panic=0.00|target=1|speed=0.00|near=False|yaw=41.2|peeing=False|peeCooldown=117.1|aerial=False|glide=False|legs=0|activity=Transit|site=2|visits=1
26.766,-7.300,0.100,-1.500,alert|wait=2.05|panic=0.00|target=1|speed=0.00|near=False|yaw=41.5|peeing=False|peeCooldown=117.1|aerial=False|glide=False|legs=0|activity=Transit|site=2|visits=1
26.770,-7.300,0.100,-1.500,alert|wait=2.05|panic=0.00|target=1|speed=0.00|near=False|yaw=42.0|peeing=False|peeCooldown=117.1|aerial=False|glide=False|legs=0|activity=Transit|site=2|visits=1
26.773,-7.300,0.100,-1.500,alert|wait=2.05|panic=0.00|target=1|speed=0.00|near=False|yaw=42.4|peeing=False|peeCooldown=117.1|aerial=False|glide=False|legs=0|activity=Transit|site=2|visits=1
26.777,-7.300,0.100,-1.500,alert|wait=2.05|panic=0.00|target=1|speed=0.00|near=False|yaw=43.0|peeing=False|peeCooldown=117.1|aerial=False|glide=False|legs=0|activity=Transit|site=2|visits=1
26.808,-7.300,0.100,-1.500,alert|wait=2.05|panic=0.00|target=1|speed=0.00|near=False|yaw=47.2|peeing=False|peeCooldown=117.0|aerial=False|glide=False|legs=0|activity=Transit|site=2|visits=1
26.812,-7.300,0.100,-1.500,alert|wait=2.05|panic=0.00|target=1|speed=0.00|near=False|yaw=47.7|peeing=False|peeCooldown=117.0|aerial=False|glide=False|legs=0|activity=Transit|site=2|visits=1
26.814,-7.300,0.100,-1.500,alert|wait=2.05|panic=0.00|target=1|speed=0.00|near=False|yaw=48.0|peeing=False|peeCooldown=117.0|aerial=False|glide=False|legs=0|activity=Transit|site=2|visits=1
26.817,-7.300,0.100,-1.500,alert|wait=2.05|panic=0.00|target=1|speed=0.00|near=False|yaw=48.3|peeing=False|peeCooldown=117.0|aerial=False|glide=False|legs=0|activity=Transit|site=2|visits=1
26.821,-7.300,0.100,-1.500,alert|wait=2.05|panic=0.00|target=1|speed=0.00|near=False|yaw=48.9|peeing=False|peeCooldown=117.0|aerial=False|glide=False|legs=0|activity=Transit|site=2|visits=1
26.824,-7.300,0.100,-1.500,alert|wait=2.05|panic=0.00|target=1|speed=0.00|near=False|yaw=49.3|peeing=False|peeCooldown=117.0|aerial=False|glide=False|legs=0|activity=Transit|site=2|visits=1
26.826,-7.300,0.100,-1.500,alert|wait=2.05|panic=0.00|target=1|speed=0.00|near=False|yaw=49.6|peeing=False|peeCooldown=117.0|aerial=False|glide=False|legs=0|activity=Transit|site=2|visits=1
26.852,-7.300,0.100,-1.500,alert|wait=2.05|panic=0.00|target=1|speed=0.00|near=False|yaw=53.1|peeing=False|peeCooldown=117.0|aerial=False|glide=False|legs=0|activity=Transit|site=2|visits=1
26.855,-7.300,0.100,-1.500,alert|wait=2.05|panic=0.00|target=1|speed=0.00|near=False|yaw=53.5|peeing=False|peeCooldown=117.0|aerial=False|glide=False|legs=0|activity=Transit|site=2|visits=1
26.858,-7.300,0.100,-1.500,alert|wait=2.05|panic=0.00|target=1|speed=0.00|near=False|yaw=53.9|peeing=False|peeCooldown=117.0|aerial=False|glide=False|legs=0|activity=Transit|site=2|visits=1
26.860,-7.300,0.100,-1.500,alert|wait=2.05|panic=0.00|target=1|speed=0.00|near=False|yaw=54.2|peeing=False|peeCooldown=117.0|aerial=False|glide=False|legs=0|activity=Transit|site=2|visits=1
26.864,-7.300,0.100,-1.500,alert|wait=2.05|panic=0.00|target=1|speed=0.00|near=False|yaw=54.7|peeing=False|peeCooldown=117.0|aerial=False|glide=False|legs=0|activity=Transit|site=2|visits=1
26.866,-7.300,0.100,-1.500,alert|wait=2.05|panic=0.00|target=1|speed=0.00|near=False|yaw=55.0|peeing=False|peeCooldown=117.0|aerial=False|glide=False|legs=0|activity=Transit|site=2|visits=1
26.868,-7.300,0.100,-1.500,alert|wait=2.05|panic=0.00|target=1|speed=0.00|near=False|yaw=55.3|peeing=False|peeCooldown=117.0|aerial=False|glide=False|legs=0|activity=Transit|site=2|visits=1
26.873,-7.300,0.100,-1.500,alert|wait=2.05|panic=0.00|target=1|speed=0.00|near=False|yaw=55.9|peeing=False|peeCooldown=117.0|aerial=False|glide=False|legs=0|activity=Transit|site=2|visits=1
26.877,-7.300,0.100,-1.500,alert|wait=2.05|panic=0.00|target=1|speed=0.00|near=False|yaw=56.4|peeing=False|peeCooldown=117.0|aerial=False|glide=False|legs=0|activity=Transit|site=2|visits=1
26.879,-7.300,0.100,-1.500,alert|wait=2.05|panic=0.00|target=1|speed=0.00|near=False|yaw=56.8|peeing=False|peeCooldown=117.0|aerial=False|glide=False|legs=0|activity=Transit|site=2|visits=1
26.910,-7.300,0.100,-1.500,alert|wait=2.05|panic=0.00|target=1|speed=0.00|near=False|yaw=60.9|peeing=False|peeCooldown=116.9|aerial=False|glide=False|legs=0|activity=Transit|site=2|visits=1
26.914,-7.300,0.100,-1.500,alert|wait=2.05|panic=0.00|target=1|speed=0.00|near=False|yaw=61.5|peeing=False|peeCooldown=116.9|aerial=False|glide=False|legs=0|activity=Transit|site=2|visits=1
26.916,-7.300,0.100,-1.500,alert|wait=2.05|panic=0.00|target=1|speed=0.00|near=False|yaw=61.8|peeing=False|peeCooldown=116.9|aerial=False|glide=False|legs=0|activity=Transit|site=2|visits=1
26.919,-7.300,0.100,-1.500,alert|wait=2.05|panic=0.00|target=1|speed=0.00|near=False|yaw=62.1|peeing=False|peeCooldown=116.9|aerial=False|glide=False|legs=0|activity=Transit|site=2|visits=1
26.923,-7.300,0.100,-1.500,alert|wait=2.05|panic=0.00|target=1|speed=0.00|near=False|yaw=62.7|peeing=False|peeCooldown=116.9|aerial=False|glide=False|legs=0|activity=Transit|site=2|visits=1
26.926,-7.300,0.100,-1.500,alert|wait=2.05|panic=0.00|target=1|speed=0.00|near=False|yaw=63.1|peeing=False|peeCooldown=116.9|aerial=False|glide=False|legs=0|activity=Transit|site=2|visits=1
26.932,-7.300,0.100,-1.500,alert|wait=2.05|panic=0.00|target=1|speed=0.00|near=False|yaw=63.9|peeing=False|peeCooldown=116.9|aerial=False|glide=False|legs=0|activity=Transit|site=2|visits=1
26.936,-7.300,0.100,-1.500,alert|wait=2.05|panic=0.00|target=1|speed=0.00|near=False|yaw=64.5|peeing=False|peeCooldown=116.9|aerial=False|glide=False|legs=0|activity=Transit|site=2|visits=1
26.969,-7.300,0.100,-1.500,alert|wait=2.05|panic=0.00|target=1|speed=0.00|near=False|yaw=68.8|peeing=False|peeCooldown=116.9|aerial=False|glide=False|legs=0|activity=Transit|site=2|visits=1
26.972,-7.300,0.100,-1.500,alert|wait=2.05|panic=0.00|target=1|speed=0.00|near=False|yaw=69.4|peeing=False|peeCooldown=116.9|aerial=False|glide=False|legs=0|activity=Transit|site=2|visits=1
26.977,-7.300,0.100,-1.500,alert|wait=2.05|panic=0.00|target=1|speed=0.01|near=False|yaw=70.0|peeing=False|peeCooldown=116.9|aerial=False|glide=False|legs=0|activity=Transit|site=2|visits=1
26.979,-7.300,0.100,-1.500,alert|wait=2.05|panic=0.00|target=1|speed=0.01|near=False|yaw=70.3|peeing=False|peeCooldown=116.9|aerial=False|glide=False|legs=0|activity=Transit|site=2|visits=1
26.982,-7.300,0.100,-1.500,alert|wait=2.05|panic=0.00|target=1|speed=0.01|near=False|yaw=70.6|peeing=False|peeCooldown=116.9|aerial=False|glide=False|legs=0|activity=Transit|site=2|visits=1
26.985,-7.300,0.100,-1.500,alert|wait=2.05|panic=0.00|target=1|speed=0.01|near=False|yaw=71.0|peeing=False|peeCooldown=116.9|aerial=False|glide=False|legs=0|activity=Transit|site=2|visits=1
26.987,-7.300,0.100,-1.500,alert|wait=2.05|panic=0.00|target=1|speed=0.02|near=False|yaw=71.4|peeing=False|peeCooldown=116.8|aerial=False|glide=False|legs=0|activity=Transit|site=2|visits=1
27.012,-7.300,0.100,-1.501,alert|wait=2.05|panic=0.00|target=1|speed=0.02|near=False|yaw=74.7|peeing=False|peeCooldown=116.8|aerial=False|glide=False|legs=0|activity=Transit|site=2|visits=1
27.016,-7.300,0.100,-1.501,alert|wait=2.05|panic=0.00|target=1|speed=0.02|near=False|yaw=75.2|peeing=False|peeCooldown=116.8|aerial=False|glide=False|legs=0|activity=Transit|site=2|visits=1
27.018,-7.300,0.100,-1.501,alert|wait=2.05|panic=0.00|target=1|speed=0.03|near=False|yaw=75.6|peeing=False|peeCooldown=116.8|aerial=False|glide=False|legs=0|activity=Transit|site=2|visits=1
27.021,-7.300,0.100,-1.501,alert|wait=2.05|panic=0.00|target=1|speed=0.03|near=False|yaw=75.9|peeing=False|peeCooldown=116.8|aerial=False|glide=False|legs=0|activity=Transit|site=2|visits=1
27.024,-7.300,0.100,-1.501,alert|wait=2.05|panic=0.00|target=1|speed=0.03|near=False|yaw=76.3|peeing=False|peeCooldown=116.8|aerial=False|glide=False|legs=0|activity=Transit|site=2|visits=1
27.028,-7.300,0.100,-1.501,walk|wait=2.05|panic=0.00|target=1|speed=0.04|near=False|yaw=76.9|peeing=False|peeCooldown=116.8|aerial=False|glide=False|legs=0|activity=Transit|site=2|visits=1
27.031,-7.299,0.100,-1.501,walk|wait=2.05|panic=0.00|target=1|speed=0.04|near=False|yaw=77.2|peeing=False|peeCooldown=116.8|aerial=False|glide=False|legs=0|activity=Transit|site=2|visits=1
27.034,-7.299,0.100,-1.501,walk|wait=2.05|panic=0.00|target=1|speed=0.04|near=False|yaw=77.6|peeing=False|peeCooldown=116.8|aerial=False|glide=False|legs=0|activity=Transit|site=2|visits=1
27.038,-7.299,0.100,-1.501,walk|wait=2.05|panic=0.00|target=1|speed=0.05|near=False|yaw=78.2|peeing=False|peeCooldown=116.8|aerial=False|glide=False|legs=0|activity=Transit|site=2|visits=1
27.040,-7.299,0.100,-1.501,walk|wait=2.05|panic=0.00|target=1|speed=0.05|near=False|yaw=78.5|peeing=False|peeCooldown=116.8|aerial=False|glide=False|legs=0|activity=Transit|site=2|visits=1
27.073,-7.298,0.100,-1.503,walk|wait=2.05|panic=0.00|target=1|speed=0.06|near=False|yaw=83.0|peeing=False|peeCooldown=116.8|aerial=False|glide=False|legs=0|activity=Transit|site=2|visits=1
27.077,-7.298,0.100,-1.504,walk|wait=2.05|panic=0.00|target=1|speed=0.07|near=False|yaw=83.4|peeing=False|peeCooldown=116.8|aerial=False|glide=False|legs=0|activity=Transit|site=2|visits=1
27.081,-7.298,0.100,-1.504,walk|wait=2.05|panic=0.00|target=1|speed=0.07|near=False|yaw=84.0|peeing=False|peeCooldown=116.8|aerial=False|glide=False|legs=0|activity=Transit|site=2|visits=1
27.085,-7.298,0.100,-1.504,walk|wait=2.05|panic=0.00|target=1|speed=0.08|near=False|yaw=84.5|peeing=False|peeCooldown=116.8|aerial=False|glide=False|legs=0|activity=Transit|site=2|visits=1
27.087,-7.298,0.100,-1.504,walk|wait=2.05|panic=0.00|target=1|speed=0.08|near=False|yaw=84.9|peeing=False|peeCooldown=116.7|aerial=False|glide=False|legs=0|activity=Transit|site=2|visits=1
27.090,-7.298,0.100,-1.505,walk|wait=2.05|panic=0.00|target=1|speed=0.08|near=False|yaw=85.3|peeing=False|peeCooldown=116.7|aerial=False|glide=False|legs=0|activity=Transit|site=2|visits=1
27.093,-7.298,0.100,-1.505,walk|wait=2.05|panic=0.00|target=1|speed=0.09|near=False|yaw=85.6|peeing=False|peeCooldown=116.7|aerial=False|glide=False|legs=0|activity=Transit|site=2|visits=1
27.119,-7.296,0.100,-1.507,walk|wait=2.05|panic=0.00|target=1|speed=0.11|near=False|yaw=89.1|peeing=False|peeCooldown=116.7|aerial=False|glide=False|legs=0|activity=Transit|site=2|visits=1
27.123,-7.296,0.100,-1.508,walk|wait=2.05|panic=0.00|target=1|speed=0.11|near=False|yaw=89.6|peeing=False|peeCooldown=116.7|aerial=False|glide=False|legs=0|activity=Transit|site=2|visits=1
27.126,-7.296,0.100,-1.508,walk|wait=2.05|panic=0.00|target=1|speed=0.12|near=False|yaw=90.1|peeing=False|peeCooldown=116.7|aerial=False|glide=False|legs=0|activity=Transit|site=2|visits=1
27.129,-7.296,0.100,-1.508,walk|wait=2.05|panic=0.00|target=1|speed=0.12|near=False|yaw=90.5|peeing=False|peeCooldown=116.7|aerial=False|glide=False|legs=0|activity=Transit|site=2|visits=1
27.133,-7.296,0.100,-1.509,walk|wait=2.05|panic=0.00|target=1|speed=0.13|near=False|yaw=91.1|peeing=False|peeCooldown=116.7|aerial=False|glide=False|legs=0|activity=Transit|site=2|visits=1
27.136,-7.295,0.100,-1.509,walk|wait=2.05|panic=0.00|target=1|speed=0.13|near=False|yaw=91.4|peeing=False|peeCooldown=116.7|aerial=False|glide=False|legs=0|activity=Transit|site=2|visits=1
27.138,-7.295,0.100,-1.509,walk|wait=2.05|panic=0.00|target=1|speed=0.13|near=False|yaw=91.7|peeing=False|peeCooldown=116.7|aerial=False|glide=False|legs=0|activity=Transit|site=2|visits=1
27.141,-7.295,0.100,-1.510,walk|wait=2.05|panic=0.00|target=1|speed=0.13|near=False|yaw=92.1|peeing=False|peeCooldown=116.7|aerial=False|glide=False|legs=0|activity=Transit|site=2|visits=1
27.145,-7.295,0.100,-1.510,walk|wait=2.05|panic=0.00|target=1|speed=0.14|near=False|yaw=92.7|peeing=False|peeCooldown=116.7|aerial=False|glide=False|legs=0|activity=Transit|site=2|visits=1
27.179,-7.293,0.100,-1.515,walk|wait=2.05|panic=0.00|target=1|speed=0.16|near=False|yaw=97.2|peeing=False|peeCooldown=116.7|aerial=False|glide=False|legs=0|activity=Transit|site=2|visits=1
27.184,-7.292,0.100,-1.516,walk|wait=2.05|panic=0.00|target=1|speed=0.16|near=False|yaw=97.9|peeing=False|peeCooldown=116.7|aerial=False|glide=False|legs=0|activity=Transit|site=2|visits=1
27.187,-7.292,0.100,-1.516,walk|wait=2.05|panic=0.00|target=1|speed=0.17|near=False|yaw=98.4|peeing=False|peeCooldown=116.6|aerial=False|glide=False|legs=0|activity=Transit|site=2|visits=1
27.190,-7.292,0.100,-1.517,walk|wait=2.05|panic=0.00|target=1|speed=0.17|near=False|yaw=98.7|peeing=False|peeCooldown=116.6|aerial=False|glide=False|legs=0|activity=Transit|site=2|visits=1
27.192,-7.292,0.100,-1.517,walk|wait=2.05|panic=0.00|target=1|speed=0.17|near=False|yaw=99.0|peeing=False|peeCooldown=116.6|aerial=False|glide=False|legs=0|activity=Transit|site=2|visits=1
27.195,-7.291,0.100,-1.517,walk|wait=2.05|panic=0.00|target=1|speed=0.17|near=False|yaw=99.4|peeing=False|peeCooldown=116.6|aerial=False|glide=False|legs=0|activity=Transit|site=2|visits=1
27.221,-7.289,0.100,-1.522,walk|wait=2.05|panic=0.00|target=1|speed=0.20|near=False|yaw=102.9|peeing=False|peeCooldown=116.6|aerial=False|glide=False|legs=0|activity=Transit|site=2|visits=1
27.225,-7.289,0.100,-1.523,walk|wait=2.05|panic=0.00|target=1|speed=0.20|near=False|yaw=103.4|peeing=False|peeCooldown=116.6|aerial=False|glide=False|legs=0|activity=Transit|site=2|visits=1
27.227,-7.288,0.100,-1.523,walk|wait=2.05|panic=0.00|target=1|speed=0.21|near=False|yaw=103.8|peeing=False|peeCooldown=116.6|aerial=False|glide=False|legs=0|activity=Transit|site=2|visits=1
27.230,-7.288,0.100,-1.524,walk|wait=2.05|panic=0.00|target=1|speed=0.21|near=False|yaw=104.1|peeing=False|peeCooldown=116.6|aerial=False|glide=False|legs=0|activity=Transit|site=2|visits=1
27.234,-7.288,0.100,-1.524,walk|wait=2.05|panic=0.00|target=1|speed=0.21|near=False|yaw=104.7|peeing=False|peeCooldown=116.6|aerial=False|glide=False|legs=0|activity=Transit|site=2|visits=1
27.240,-7.287,0.100,-1.526,walk|wait=2.05|panic=0.00|target=1|speed=0.22|near=False|yaw=105.4|peeing=False|peeCooldown=116.6|aerial=False|glide=False|legs=0|activity=Transit|site=2|visits=1
27.246,-7.287,0.100,-1.527,walk|wait=2.05|panic=0.00|target=1|speed=0.23|near=False|yaw=106.3|peeing=False|peeCooldown=116.6|aerial=False|glide=False|legs=0|activity=Transit|site=2|visits=1
27.249,-7.286,0.100,-1.528,walk|wait=2.05|panic=0.00|target=1|speed=0.23|near=False|yaw=106.7|peeing=False|peeCooldown=116.6|aerial=False|glide=False|legs=0|activity=Transit|site=2|visits=1
27.282,-7.283,0.100,-1.535,walk|wait=2.05|panic=0.00|target=1|speed=0.25|near=False|yaw=111.1|peeing=False|peeCooldown=116.6|aerial=False|glide=False|legs=0|activity=Transit|site=2|visits=1
27.288,-7.282,0.100,-1.536,walk|wait=2.05|panic=0.00|target=1|speed=0.25|near=False|yaw=111.9|peeing=False|peeCooldown=116.5|aerial=False|glide=False|legs=0|activity=Transit|site=2|visits=1
27.290,-7.282,0.100,-1.537,walk|wait=2.05|panic=0.00|target=1|speed=0.26|near=False|yaw=112.2|peeing=False|peeCooldown=116.5|aerial=False|glide=False|legs=0|activity=Transit|site=2|visits=1
27.292,-7.281,0.100,-1.537,walk|wait=2.05|panic=0.00|target=1|speed=0.26|near=False|yaw=112.5|peeing=False|peeCooldown=116.5|aerial=False|glide=False|legs=0|activity=Transit|site=2|visits=1
27.295,-7.281,0.100,-1.538,walk|wait=2.05|panic=0.00|target=1|speed=0.26|near=False|yaw=112.9|peeing=False|peeCooldown=116.5|aerial=False|glide=False|legs=0|activity=Transit|site=2|visits=1
27.297,-7.281,0.100,-1.538,walk|wait=2.05|panic=0.00|target=1|speed=0.26|near=False|yaw=113.2|peeing=False|peeCooldown=116.5|aerial=False|glide=False|legs=0|activity=Transit|site=2|visits=1
27.300,-7.281,0.100,-1.539,walk|wait=2.05|panic=0.00|target=1|speed=0.27|near=False|yaw=113.5|peeing=False|peeCooldown=116.5|aerial=False|glide=False|legs=0|activity=Transit|site=2|visits=1
27.325,-7.277,0.100,-1.545,walk|wait=2.05|panic=0.00|target=1|speed=0.29|near=False|yaw=116.9|peeing=False|peeCooldown=116.5|aerial=False|glide=False|legs=0|activity=Transit|site=2|visits=1
27.329,-7.277,0.100,-1.546,walk|wait=2.05|panic=0.00|target=1|speed=0.29|near=False|yaw=117.5|peeing=False|peeCooldown=116.5|aerial=False|glide=False|legs=0|activity=Transit|site=2|visits=1
27.331,-7.276,0.100,-1.547,walk|wait=2.05|panic=0.00|target=1|speed=0.30|near=False|yaw=117.8|peeing=False|peeCooldown=116.5|aerial=False|glide=False|legs=0|activity=Transit|site=2|visits=1
27.334,-7.276,0.100,-1.548,walk|wait=2.05|panic=0.00|target=1|speed=0.30|near=False|yaw=118.1|peeing=False|peeCooldown=116.5|aerial=False|glide=False|legs=0|activity=Transit|site=2|visits=1
27.338,-7.276,0.100,-1.549,walk|wait=2.05|panic=0.00|target=1|speed=0.30|near=False|yaw=118.7|peeing=False|peeCooldown=116.5|aerial=False|glide=False|legs=0|activity=Transit|site=2|visits=1
27.340,-7.275,0.100,-1.549,walk|wait=2.05|panic=0.00|target=1|speed=0.31|near=False|yaw=119.0|peeing=False|peeCooldown=116.5|aerial=False|glide=False|legs=0|activity=Transit|site=2|visits=1
27.343,-7.275,0.100,-1.550,walk|wait=2.05|panic=0.00|target=1|speed=0.31|near=False|yaw=119.4|peeing=False|peeCooldown=116.5|aerial=False|glide=False|legs=0|activity=Transit|site=2|visits=1
27.346,-7.274,0.100,-1.551,walk|wait=2.05|panic=0.00|target=1|speed=0.31|near=False|yaw=119.7|peeing=False|peeCooldown=116.5|aerial=False|glide=False|legs=0|activity=Transit|site=2|visits=1
27.350,-7.274,0.100,-1.552,walk|wait=2.05|panic=0.00|target=1|speed=0.32|near=False|yaw=120.3|peeing=False|peeCooldown=116.5|aerial=False|glide=False|legs=0|activity=Transit|site=2|visits=1
27.353,-7.274,0.100,-1.553,walk|wait=2.05|panic=0.00|target=1|speed=0.32|near=False|yaw=120.6|peeing=False|peeCooldown=116.5|aerial=False|glide=False|legs=0|activity=Transit|site=2|visits=1
27.384,-7.269,0.100,-1.562,walk|wait=2.05|panic=0.00|target=1|speed=0.34|near=False|yaw=124.8|peeing=False|peeCooldown=116.5|aerial=False|glide=False|legs=0|activity=Transit|site=2|visits=1
27.389,-7.268,0.100,-1.564,walk|wait=2.05|panic=0.00|target=1|speed=0.34|near=False|yaw=125.5|peeing=False|peeCooldown=116.4|aerial=False|glide=False|legs=0|activity=Transit|site=2|visits=1
27.392,-7.268,0.100,-1.565,walk|wait=2.05|panic=0.00|target=1|speed=0.34|near=False|yaw=125.9|peeing=False|peeCooldown=116.4|aerial=False|glide=False|legs=0|activity=Transit|site=2|visits=1
27.394,-7.267,0.100,-1.566,walk|wait=2.05|panic=0.00|target=1|speed=0.35|near=False|yaw=126.2|peeing=False|peeCooldown=116.4|aerial=False|glide=False|legs=0|activity=Transit|site=2|visits=1
27.397,-7.267,0.100,-1.566,walk|wait=2.05|panic=0.00|target=1|speed=0.35|near=False|yaw=126.5|peeing=False|peeCooldown=116.4|aerial=False|glide=False|legs=0|activity=Transit|site=2|visits=1
27.399,-7.266,0.100,-1.567,walk|wait=2.05|panic=0.00|target=1|speed=0.35|near=False|yaw=126.8|peeing=False|peeCooldown=116.4|aerial=False|glide=False|legs=0|activity=Transit|site=2|visits=1
27.401,-7.266,0.100,-1.568,walk|wait=2.05|panic=0.00|target=1|speed=0.36|near=False|yaw=127.2|peeing=False|peeCooldown=116.4|aerial=False|glide=False|legs=0|activity=Transit|site=2|visits=1
27.405,-7.266,0.100,-1.569,walk|wait=2.05|panic=0.00|target=1|speed=0.36|near=False|yaw=127.6|peeing=False|peeCooldown=116.4|aerial=False|glide=False|legs=0|activity=Transit|site=2|visits=1
27.437,-7.260,0.100,-1.580,walk|wait=2.05|panic=0.00|target=1|speed=0.38|near=False|yaw=132.0|peeing=False|peeCooldown=116.4|aerial=False|glide=False|legs=0|activity=Transit|site=2|visits=1
27.442,-7.259,0.100,-1.582,walk|wait=2.05|panic=0.00|target=1|speed=0.39|near=False|yaw=132.7|peeing=False|peeCooldown=116.4|aerial=False|glide=False|legs=0|activity=Transit|site=2|visits=1
27.446,-7.259,0.100,-1.583,walk|wait=2.05|panic=0.00|target=1|speed=0.39|near=False|yaw=133.1|peeing=False|peeCooldown=116.4|aerial=False|glide=False|legs=0|activity=Transit|site=2|visits=1
27.448,-7.258,0.100,-1.584,walk|wait=2.05|panic=0.00|target=1|speed=0.39|near=False|yaw=133.4|peeing=False|peeCooldown=116.4|aerial=False|glide=False|legs=0|activity=Transit|site=2|visits=1
27.450,-7.258,0.100,-1.584,walk|wait=2.05|panic=0.00|target=1|speed=0.39|near=False|yaw=133.7|peeing=False|peeCooldown=116.4|aerial=False|glide=False|legs=0|activity=Transit|site=2|visits=1
27.453,-7.257,0.100,-1.585,walk|wait=2.05|panic=0.00|target=1|speed=0.40|near=False|yaw=134.1|peeing=False|peeCooldown=116.4|aerial=False|glide=False|legs=0|activity=Transit|site=2|visits=1
27.455,-7.257,0.100,-1.586,walk|wait=2.05|panic=0.00|target=1|speed=0.40|near=False|yaw=134.4|peeing=False|peeCooldown=116.4|aerial=False|glide=False|legs=0|activity=Transit|site=2|visits=1
27.480,-7.252,0.100,-1.596,walk|wait=2.05|panic=0.00|target=1|speed=0.42|near=False|yaw=137.8|peeing=False|peeCooldown=116.4|aerial=False|glide=False|legs=0|activity=Transit|site=2|visits=1
27.484,-7.251,0.100,-1.597,walk|wait=2.05|panic=0.00|target=1|speed=0.43|near=False|yaw=138.3|peeing=False|peeCooldown=116.4|aerial=False|glide=False|legs=0|activity=Transit|site=2|visits=1
27.491,-7.250,0.100,-1.600,walk|wait=2.05|panic=0.00|target=1|speed=0.44|near=False|yaw=139.1|peeing=False|peeCooldown=116.3|aerial=False|glide=False|legs=0|activity=Transit|site=2|visits=1
27.495,-7.249,0.100,-1.602,walk|wait=2.05|panic=0.00|target=1|speed=0.44|near=False|yaw=139.8|peeing=False|peeCooldown=116.3|aerial=False|glide=False|legs=0|activity=Transit|site=2|visits=1
27.498,-7.249,0.100,-1.603,walk|wait=2.05|panic=0.00|target=1|speed=0.44|near=False|yaw=140.1|peeing=False|peeCooldown=116.3|aerial=False|glide=False|legs=0|activity=Transit|site=2|visits=1
27.500,-7.248,0.100,-1.603,walk|wait=2.05|panic=0.00|target=1|speed=0.45|near=False|yaw=140.4|peeing=False|peeCooldown=116.3|aerial=False|glide=False|legs=0|activity=Transit|site=2|visits=1
27.503,-7.248,0.100,-1.605,walk|wait=2.05|panic=0.00|target=1|speed=0.45|near=False|yaw=140.8|peeing=False|peeCooldown=116.3|aerial=False|glide=False|legs=0|activity=Transit|site=2|visits=1
27.505,-7.247,0.100,-1.606,walk|wait=2.05|panic=0.00|target=1|speed=0.45|near=False|yaw=141.2|peeing=False|peeCooldown=116.3|aerial=False|glide=False|legs=0|activity=Transit|site=2|visits=1
27.539,-7.240,0.100,-1.619,walk|wait=2.05|panic=0.00|target=1|speed=0.45|near=False|yaw=145.7|peeing=False|peeCooldown=116.3|aerial=False|glide=False|legs=0|activity=Transit|site=2|visits=1
27.543,-7.240,0.100,-1.621,walk|wait=2.05|panic=0.00|target=1|speed=0.45|near=False|yaw=146.2|peeing=False|peeCooldown=116.3|aerial=False|glide=False|legs=0|activity=Transit|site=2|visits=1
27.552,-7.238,0.100,-1.624,walk|wait=2.05|panic=0.00|target=1|speed=0.45|near=False|yaw=147.5|peeing=False|peeCooldown=116.3|aerial=False|glide=False|legs=0|activity=Transit|site=2|visits=1
27.555,-7.237,0.100,-1.626,walk|wait=2.05|panic=0.00|target=1|speed=0.45|near=False|yaw=147.9|peeing=False|peeCooldown=116.3|aerial=False|glide=False|legs=0|activity=Transit|site=2|visits=1
27.558,-7.237,0.100,-1.627,walk|wait=2.05|panic=0.00|target=1|speed=0.45|near=False|yaw=148.2|peeing=False|peeCooldown=116.3|aerial=False|glide=False|legs=0|activity=Transit|site=2|visits=1
27.583,-7.232,0.100,-1.637,walk|wait=2.05|panic=0.00|target=1|speed=0.45|near=False|yaw=151.7|peeing=False|peeCooldown=116.3|aerial=False|glide=False|legs=0|activity=Transit|site=2|visits=1
27.587,-7.231,0.100,-1.638,walk|wait=2.05|panic=0.00|target=1|speed=0.45|near=False|yaw=152.2|peeing=False|peeCooldown=116.2|aerial=False|glide=False|legs=0|activity=Transit|site=2|visits=1
27.589,-7.230,0.100,-1.639,walk|wait=2.05|panic=0.00|target=1|speed=0.45|near=False|yaw=152.5|peeing=False|peeCooldown=116.2|aerial=False|glide=False|legs=0|activity=Transit|site=2|visits=1
27.596,-7.229,0.100,-1.642,walk|wait=2.05|panic=0.00|target=1|speed=0.45|near=False|yaw=153.4|peeing=False|peeCooldown=116.2|aerial=False|glide=False|legs=0|activity=Transit|site=2|visits=1
27.601,-7.228,0.100,-1.644,walk|wait=2.05|panic=0.00|target=1|speed=0.45|near=False|yaw=153.4|peeing=False|peeCooldown=116.2|aerial=False|glide=False|legs=0|activity=Transit|site=2|visits=1
27.604,-7.227,0.100,-1.645,walk|wait=2.05|panic=0.00|target=1|speed=0.45|near=False|yaw=153.4|peeing=False|peeCooldown=116.2|aerial=False|glide=False|legs=0|activity=Transit|site=2|visits=1
27.606,-7.227,0.100,-1.646,walk|wait=2.05|panic=0.00|target=1|speed=0.45|near=False|yaw=153.4|peeing=False|peeCooldown=116.2|aerial=False|glide=False|legs=0|activity=Transit|site=2|visits=1
27.609,-7.226,0.100,-1.647,walk|wait=2.05|panic=0.00|target=1|speed=0.45|near=False|yaw=153.4|peeing=False|peeCooldown=116.2|aerial=False|glide=False|legs=0|activity=Transit|site=2|visits=1
27.641,-7.220,0.100,-1.660,walk|wait=2.05|panic=0.00|target=1|speed=0.45|near=False|yaw=153.4|peeing=False|peeCooldown=116.2|aerial=False|glide=False|legs=0|activity=Transit|site=2|visits=1
27.645,-7.219,0.100,-1.662,walk|wait=2.05|panic=0.00|target=1|speed=0.45|near=False|yaw=153.4|peeing=False|peeCooldown=116.2|aerial=False|glide=False|legs=0|activity=Transit|site=2|visits=1
27.648,-7.219,0.100,-1.663,walk|wait=2.05|panic=0.00|target=1|speed=0.45|near=False|yaw=153.4|peeing=False|peeCooldown=116.2|aerial=False|glide=False|legs=0|activity=Transit|site=2|visits=1
27.652,-7.218,0.100,-1.664,walk|wait=2.05|panic=0.00|target=1|speed=0.45|near=False|yaw=153.4|peeing=False|peeCooldown=116.2|aerial=False|glide=False|legs=0|activity=Transit|site=2|visits=1
27.654,-7.217,0.100,-1.665,walk|wait=2.05|panic=0.00|target=1|speed=0.45|near=False|yaw=153.4|peeing=False|peeCooldown=116.2|aerial=False|glide=False|legs=0|activity=Transit|site=2|visits=1
27.657,-7.217,0.100,-1.666,walk|wait=2.05|panic=0.00|target=1|speed=0.45|near=False|yaw=153.4|peeing=False|peeCooldown=116.2|aerial=False|glide=False|legs=0|activity=Transit|site=2|visits=1
27.659,-7.216,0.100,-1.667,walk|wait=2.05|panic=0.00|target=1|speed=0.45|near=False|yaw=153.4|peeing=False|peeCooldown=116.2|aerial=False|glide=False|legs=0|activity=Transit|site=2|visits=1
27.685,-7.211,0.100,-1.678,walk|wait=2.05|panic=0.00|target=1|speed=0.45|near=False|yaw=153.4|peeing=False|peeCooldown=116.2|aerial=False|glide=False|legs=0|activity=Transit|site=2|visits=1
27.688,-7.210,0.100,-1.679,walk|wait=2.05|panic=0.00|target=1|speed=0.45|near=False|yaw=153.4|peeing=False|peeCooldown=116.1|aerial=False|glide=False|legs=0|activity=Transit|site=2|visits=1
27.691,-7.210,0.100,-1.680,walk|wait=2.05|panic=0.00|target=1|speed=0.45|near=False|yaw=153.4|peeing=False|peeCooldown=116.1|aerial=False|glide=False|legs=0|activity=Transit|site=2|visits=1
27.694,-7.209,0.100,-1.681,walk|wait=2.05|panic=0.00|target=1|speed=0.45|near=False|yaw=153.4|peeing=False|peeCooldown=116.1|aerial=False|glide=False|legs=0|activity=Transit|site=2|visits=1
27.696,-7.209,0.100,-1.682,walk|wait=2.05|panic=0.00|target=1|speed=0.45|near=False|yaw=153.4|peeing=False|peeCooldown=116.1|aerial=False|glide=False|legs=0|activity=Transit|site=2|visits=1
27.698,-7.208,0.100,-1.683,walk|wait=2.05|panic=0.00|target=1|speed=0.45|near=False|yaw=153.4|peeing=False|peeCooldown=116.1|aerial=False|glide=False|legs=0|activity=Transit|site=2|visits=1
27.706,-7.207,0.100,-1.687,walk|wait=2.05|panic=0.00|target=1|speed=0.45|near=False|yaw=153.4|peeing=False|peeCooldown=116.1|aerial=False|glide=False|legs=0|activity=Transit|site=2|visits=1
27.710,-7.206,0.100,-1.688,walk|wait=2.05|panic=0.00|target=1|speed=0.45|near=False|yaw=153.4|peeing=False|peeCooldown=116.1|aerial=False|glide=False|legs=0|activity=Transit|site=2|visits=1
27.742,-7.200,0.100,-1.701,walk|wait=2.05|panic=0.00|target=1|speed=0.45|near=False|yaw=153.4|peeing=False|peeCooldown=116.1|aerial=False|glide=False|legs=0|activity=Transit|site=2|visits=1
27.746,-7.199,0.100,-1.702,walk|wait=2.05|panic=0.00|target=1|speed=0.45|near=False|yaw=153.4|peeing=False|peeCooldown=116.1|aerial=False|glide=False|legs=0|activity=Transit|site=2|visits=1
27.749,-7.198,0.100,-1.704,walk|wait=2.05|panic=0.00|target=1|speed=0.45|near=False|yaw=153.4|peeing=False|peeCooldown=116.1|aerial=False|glide=False|legs=0|activity=Transit|site=2|visits=1
27.753,-7.197,0.100,-1.705,walk|wait=2.05|panic=0.00|target=1|speed=0.45|near=False|yaw=153.4|peeing=False|peeCooldown=116.1|aerial=False|glide=False|legs=0|activity=Transit|site=2|visits=1
27.756,-7.197,0.100,-1.706,walk|wait=2.05|panic=0.00|target=1|speed=0.45|near=False|yaw=153.4|peeing=False|peeCooldown=116.1|aerial=False|glide=False|legs=0|activity=Transit|site=2|visits=1
27.758,-7.196,0.100,-1.707,walk|wait=2.05|panic=0.00|target=1|speed=0.45|near=False|yaw=153.4|peeing=False|peeCooldown=116.1|aerial=False|glide=False|legs=0|activity=Transit|site=2|visits=1
27.760,-7.196,0.100,-1.708,walk|wait=2.05|panic=0.00|target=1|speed=0.45|near=False|yaw=153.4|peeing=False|peeCooldown=116.1|aerial=False|glide=False|legs=0|activity=Transit|site=2|visits=1
27.786,-7.191,0.100,-1.719,walk|wait=2.05|panic=0.00|target=1|speed=0.45|near=False|yaw=153.4|peeing=False|peeCooldown=116.0|aerial=False|glide=False|legs=0|activity=Transit|site=2|visits=1
27.790,-7.190,0.100,-1.720,walk|wait=2.05|panic=0.00|target=1|speed=0.45|near=False|yaw=153.4|peeing=False|peeCooldown=116.0|aerial=False|glide=False|legs=0|activity=Transit|site=2|visits=1
27.792,-7.189,0.100,-1.721,walk|wait=2.05|panic=0.00|target=1|speed=0.45|near=False|yaw=153.4|peeing=False|peeCooldown=116.0|aerial=False|glide=False|legs=0|activity=Transit|site=2|visits=1
27.795,-7.189,0.100,-1.722,walk|wait=2.05|panic=0.00|target=1|speed=0.45|near=False|yaw=153.4|peeing=False|peeCooldown=116.0|aerial=False|glide=False|legs=0|activity=Transit|site=2|visits=1
27.797,-7.188,0.100,-1.723,walk|wait=2.05|panic=0.00|target=1|speed=0.45|near=False|yaw=153.4|peeing=False|peeCooldown=116.0|aerial=False|glide=False|legs=0|activity=Transit|site=2|visits=1
27.800,-7.188,0.100,-1.724,walk|wait=2.05|panic=0.00|target=1|speed=0.45|near=False|yaw=153.4|peeing=False|peeCooldown=116.0|aerial=False|glide=False|legs=0|activity=Transit|site=2|visits=1
27.804,-7.187,0.100,-1.726,walk|wait=2.05|panic=0.00|target=1|speed=0.45|near=False|yaw=153.4|peeing=False|peeCooldown=116.0|aerial=False|glide=False|legs=0|activity=Transit|site=2|visits=1
27.807,-7.187,0.100,-1.727,walk|wait=2.05|panic=0.00|target=1|speed=0.45|near=False|yaw=153.4|peeing=False|peeCooldown=116.0|aerial=False|glide=False|legs=0|activity=Transit|site=2|visits=1
27.814,-7.185,0.100,-1.730,walk|wait=2.05|panic=0.00|target=1|speed=0.45|near=False|yaw=153.4|peeing=False|peeCooldown=116.0|aerial=False|glide=False|legs=0|activity=Transit|site=2|visits=1
27.818,-7.184,0.100,-1.731,walk|wait=2.05|panic=0.00|target=1|speed=0.45|near=False|yaw=153.4|peeing=False|peeCooldown=116.0|aerial=False|glide=False|legs=0|activity=Transit|site=2|visits=1
27.849,-7.178,0.100,-1.744,walk|wait=2.05|panic=0.00|target=1|speed=0.45|near=False|yaw=153.4|peeing=False|peeCooldown=116.0|aerial=False|glide=False|legs=0|activity=Transit|site=2|visits=1
27.853,-7.177,0.100,-1.745,walk|wait=2.05|panic=0.00|target=1|speed=0.45|near=False|yaw=153.4|peeing=False|peeCooldown=116.0|aerial=False|glide=False|legs=0|activity=Transit|site=2|visits=1
27.861,-7.176,0.100,-1.749,walk|wait=2.05|panic=0.00|target=1|speed=0.45|near=False|yaw=153.4|peeing=False|peeCooldown=116.0|aerial=False|glide=False|legs=0|activity=Transit|site=2|visits=1
27.865,-7.175,0.100,-1.750,walk|wait=2.05|panic=0.00|target=1|speed=0.45|near=False|yaw=153.4|peeing=False|peeCooldown=116.0|aerial=False|glide=False|legs=0|activity=Transit|site=2|visits=1
27.868,-7.174,0.100,-1.751,walk|wait=2.05|panic=0.00|target=1|speed=0.45|near=False|yaw=153.4|peeing=False|peeCooldown=116.0|aerial=False|glide=False|legs=0|activity=Transit|site=2|visits=1
27.893,-7.169,0.100,-1.761,walk|wait=2.05|panic=0.00|target=1|speed=0.45|near=False|yaw=153.4|peeing=False|peeCooldown=115.9|aerial=False|glide=False|legs=0|activity=Transit|site=2|visits=1
27.896,-7.169,0.100,-1.763,walk|wait=2.05|panic=0.00|target=1|speed=0.45|near=False|yaw=153.4|peeing=False|peeCooldown=115.9|aerial=False|glide=False|legs=0|activity=Transit|site=2|visits=1
27.898,-7.168,0.100,-1.764,walk|wait=2.05|panic=0.00|target=1|speed=0.45|near=False|yaw=153.4|peeing=False|peeCooldown=115.9|aerial=False|glide=False|legs=0|activity=Transit|site=2|visits=1
27.901,-7.168,0.100,-1.765,walk|wait=2.05|panic=0.00|target=1|speed=0.45|near=False|yaw=153.4|peeing=False|peeCooldown=115.9|aerial=False|glide=False|legs=0|activity=Transit|site=2|visits=1
27.904,-7.167,0.100,-1.766,walk|wait=2.05|panic=0.00|target=1|speed=0.45|near=False|yaw=153.4|peeing=False|peeCooldown=115.9|aerial=False|glide=False|legs=0|activity=Transit|site=2|visits=1
27.908,-7.166,0.100,-1.768,walk|wait=2.05|panic=0.00|target=1|speed=0.45|near=False|yaw=153.4|peeing=False|peeCooldown=115.9|aerial=False|glide=False|legs=0|activity=Transit|site=2|visits=1
27.911,-7.166,0.100,-1.769,walk|wait=2.05|panic=0.00|target=1|speed=0.45|near=False|yaw=153.4|peeing=False|peeCooldown=115.9|aerial=False|glide=False|legs=0|activity=Transit|site=2|visits=1
27.914,-7.165,0.100,-1.770,walk|wait=2.05|panic=0.00|target=1|speed=0.45|near=False|yaw=153.4|peeing=False|peeCooldown=115.9|aerial=False|glide=False|legs=0|activity=Transit|site=2|visits=1
27.921,-7.164,0.100,-1.773,walk|wait=2.05|panic=0.00|target=1|speed=0.45|near=False|yaw=153.4|peeing=False|peeCooldown=115.9|aerial=False|glide=False|legs=0|activity=Transit|site=2|visits=1
27.926,-7.163,0.100,-1.775,walk|wait=2.05|panic=0.00|target=1|speed=0.45|near=False|yaw=153.4|peeing=False|peeCooldown=115.9|aerial=False|glide=False|legs=0|activity=Transit|site=2|visits=1
27.958,-7.156,0.100,-1.788,walk|wait=2.05|panic=0.00|target=1|speed=0.45|near=False|yaw=153.4|peeing=False|peeCooldown=115.9|aerial=False|glide=False|legs=0|activity=Transit|site=2|visits=1
27.964,-7.155,0.100,-1.790,walk|wait=2.05|panic=0.00|target=1|speed=0.45|near=False|yaw=153.4|peeing=False|peeCooldown=115.9|aerial=False|glide=False|legs=0|activity=Transit|site=2|visits=1
27.967,-7.154,0.100,-1.792,walk|wait=2.05|panic=0.00|target=1|speed=0.45|near=False|yaw=153.4|peeing=False|peeCooldown=115.9|aerial=False|glide=False|legs=0|activity=Transit|site=2|visits=1
27.970,-7.154,0.100,-1.793,walk|wait=2.05|panic=0.00|target=1|speed=0.45|near=False|yaw=153.4|peeing=False|peeCooldown=115.9|aerial=False|glide=False|legs=0|activity=Transit|site=2|visits=1
27.972,-7.153,0.100,-1.794,walk|wait=2.05|panic=0.00|target=1|speed=0.45|near=False|yaw=153.4|peeing=False|peeCooldown=115.9|aerial=False|glide=False|legs=0|activity=Transit|site=2|visits=1
27.975,-7.153,0.100,-1.795,walk|wait=2.05|panic=0.00|target=1|speed=0.45|near=False|yaw=153.4|peeing=False|peeCooldown=115.9|aerial=False|glide=False|legs=0|activity=Transit|site=2|visits=1
27.977,-7.152,0.100,-1.796,walk|wait=2.05|panic=0.00|target=1|speed=0.45|near=False|yaw=153.4|peeing=False|peeCooldown=115.9|aerial=False|glide=False|legs=0|activity=Transit|site=2|visits=1
28.003,-7.147,0.100,-1.806,walk|wait=2.05|panic=0.00|target=1|speed=0.45|near=False|yaw=153.4|peeing=False|peeCooldown=115.8|aerial=False|glide=False|legs=0|activity=Transit|site=2|visits=1
28.007,-7.146,0.100,-1.807,walk|wait=2.05|panic=0.00|target=1|speed=0.45|near=False|yaw=153.4|peeing=False|peeCooldown=115.8|aerial=False|glide=False|legs=0|activity=Transit|site=2|visits=1
28.009,-7.146,0.100,-1.808,walk|wait=2.05|panic=0.00|target=1|speed=0.45|near=False|yaw=153.4|peeing=False|peeCooldown=115.8|aerial=False|glide=False|legs=0|activity=Transit|site=2|visits=1
28.014,-7.145,0.100,-1.810,walk|wait=2.05|panic=0.00|target=1|speed=0.45|near=False|yaw=153.4|peeing=False|peeCooldown=115.8|aerial=False|glide=False|legs=0|activity=Transit|site=2|visits=1
28.016,-7.144,0.100,-1.811,walk|wait=2.05|panic=0.00|target=1|speed=0.45|near=False|yaw=153.4|peeing=False|peeCooldown=115.8|aerial=False|glide=False|legs=0|activity=Transit|site=2|visits=1
28.019,-7.144,0.100,-1.812,walk|wait=2.05|panic=0.00|target=1|speed=0.45|near=False|yaw=153.4|peeing=False|peeCooldown=115.8|aerial=False|glide=False|legs=0|activity=Transit|site=2|visits=1
28.021,-7.143,0.100,-1.813,walk|wait=2.05|panic=0.00|target=1|speed=0.45|near=False|yaw=153.4|peeing=False|peeCooldown=115.8|aerial=False|glide=False|legs=0|activity=Transit|site=2|visits=1
28.025,-7.143,0.100,-1.815,walk|wait=2.05|panic=0.00|target=1|speed=0.45|near=False|yaw=153.4|peeing=False|peeCooldown=115.8|aerial=False|glide=False|legs=0|activity=Transit|site=2|visits=1
28.033,-7.141,0.100,-1.818,walk|wait=2.05|panic=0.00|target=1|speed=0.45|near=False|yaw=153.4|peeing=False|peeCooldown=115.8|aerial=False|glide=False|legs=0|activity=Transit|site=2|visits=1
28.066,-7.134,0.100,-1.831,walk|wait=2.05|panic=0.00|target=1|speed=0.45|near=False|yaw=153.4|peeing=False|peeCooldown=115.8|aerial=False|glide=False|legs=0|activity=Transit|site=2|visits=1
28.071,-7.133,0.100,-1.833,walk|wait=2.05|panic=0.00|target=1|speed=0.45|near=False|yaw=153.4|peeing=False|peeCooldown=115.8|aerial=False|glide=False|legs=0|activity=Transit|site=2|visits=1
28.074,-7.133,0.100,-1.834,walk|wait=2.05|panic=0.00|target=1|speed=0.45|near=False|yaw=153.4|peeing=False|peeCooldown=115.8|aerial=False|glide=False|legs=0|activity=Transit|site=2|visits=1
28.076,-7.132,0.100,-1.835,walk|wait=2.05|panic=0.00|target=1|speed=0.45|near=False|yaw=153.4|peeing=False|peeCooldown=115.8|aerial=False|glide=False|legs=0|activity=Transit|site=2|visits=1
28.079,-7.132,0.100,-1.836,walk|wait=2.05|panic=0.00|target=1|speed=0.45|near=False|yaw=153.4|peeing=False|peeCooldown=115.8|aerial=False|glide=False|legs=0|activity=Transit|site=2|visits=1
28.105,-7.127,0.100,-1.847,walk|wait=2.05|panic=0.00|target=1|speed=0.45|near=False|yaw=153.4|peeing=False|peeCooldown=115.7|aerial=False|glide=False|legs=0|activity=Transit|site=2|visits=1
28.105,-7.127,0.100,-1.847,walk|wait=2.05|panic=0.00|target=1|speed=0.45|near=False|yaw=153.4|peeing=False|peeCooldown=115.7|aerial=False|glide=False|legs=0|activity=Transit|site=2|visits=1
28.105,-7.127,0.100,-1.847,walk|wait=2.05|panic=0.00|target=1|speed=0.45|near=False|yaw=153.4|peeing=False|peeCooldown=115.7|aerial=False|glide=False|legs=0|activity=Transit|site=2|visits=1
28.105,-7.127,0.100,-1.847,walk|wait=2.05|panic=0.00|target=1|speed=0.45|near=False|yaw=153.4|peeing=False|peeCooldown=115.7|aerial=False|glide=False|legs=0|activity=Transit|site=2|visits=1
28.105,-7.127,0.100,-1.847,walk|wait=2.05|panic=0.00|target=1|speed=0.45|near=False|yaw=153.4|peeing=False|peeCooldown=115.7|aerial=False|glide=False|legs=0|activity=Transit|site=2|visits=1
28.105,-7.127,0.100,-1.847,walk|wait=2.05|panic=0.00|target=1|speed=0.45|near=False|yaw=153.4|peeing=False|peeCooldown=115.7|aerial=False|glide=False|legs=0|activity=Transit|site=2|visits=1
28.105,-7.127,0.100,-1.847,walk|wait=2.05|panic=0.00|target=1|speed=0.45|near=False|yaw=153.4|peeing=False|peeCooldown=115.7|aerial=False|glide=False|legs=0|activity=Transit|site=2|visits=1
28.105,-7.127,0.100,-1.847,walk|wait=2.05|panic=0.00|target=1|speed=0.45|near=False|yaw=153.4|peeing=False|peeCooldown=115.7|aerial=False|glide=False|legs=0|activity=Transit|site=2|visits=1
28.105,-7.127,0.100,-1.847,walk|wait=2.05|panic=0.00|target=1|speed=0.45|near=False|yaw=153.4|peeing=False|peeCooldown=115.7|aerial=False|glide=False|legs=0|activity=Transit|site=2|visits=1
28.105,-7.127,0.100,-1.847,walk|wait=2.05|panic=0.00|target=1|speed=0.45|near=False|yaw=153.4|peeing=False|peeCooldown=115.7|aerial=False|glide=False|legs=0|activity=Transit|site=2|visits=1
28.105,-7.127,0.100,-1.847,walk|wait=2.05|panic=0.00|target=1|speed=0.45|near=False|yaw=153.4|peeing=False|peeCooldown=115.7|aerial=False|glide=False|legs=0|activity=Transit|site=2|visits=1
28.105,-7.127,0.100,-1.847,walk|wait=2.05|panic=0.00|target=1|speed=0.45|near=False|yaw=153.4|peeing=False|peeCooldown=115.7|aerial=False|glide=False|legs=0|activity=Transit|site=2|visits=1
28.105,-7.127,0.100,-1.847,walk|wait=2.05|panic=0.00|target=1|speed=0.45|near=False|yaw=153.4|peeing=False|peeCooldown=115.7|aerial=False|glide=False|legs=0|activity=Transit|site=2|visits=1
28.105,-7.127,0.100,-1.847,walk|wait=2.05|panic=0.00|target=1|speed=0.45|near=False|yaw=153.4|peeing=False|peeCooldown=115.7|aerial=False|glide=False|legs=0|activity=Transit|site=2|visits=1
28.105,-7.127,0.100,-1.847,walk|wait=2.05|panic=0.00|target=1|speed=0.45|near=False|yaw=153.4|peeing=False|peeCooldown=115.7|aerial=False|glide=False|legs=0|activity=Transit|site=2|visits=1
28.105,-7.127,0.100,-1.847,walk|wait=2.05|panic=0.00|target=1|speed=0.45|near=False|yaw=153.4|peeing=False|peeCooldown=115.7|aerial=False|glide=False|legs=0|activity=Transit|site=2|visits=1
28.105,-7.127,0.100,-1.847,walk|wait=2.05|panic=0.00|target=1|speed=0.45|near=False|yaw=153.4|peeing=False|peeCooldown=115.7|aerial=False|glide=False|legs=0|activity=Transit|site=2|visits=1
28.105,-7.127,0.100,-1.847,walk|wait=2.05|panic=0.00|target=1|speed=0.45|near=False|yaw=153.4|peeing=False|peeCooldown=115.7|aerial=False|glide=False|legs=0|activity=Transit|site=2|visits=1
28.105,-7.127,0.100,-1.847,walk|wait=2.05|panic=0.00|target=1|speed=0.45|near=False|yaw=153.4|peeing=False|peeCooldown=115.7|aerial=False|glide=False|legs=0|activity=Transit|site=2|visits=1
28.105,-7.127,0.100,-1.847,walk|wait=2.05|panic=0.00|target=1|speed=0.45|near=False|yaw=153.4|peeing=False|peeCooldown=115.7|aerial=False|glide=False|legs=0|activity=Transit|site=2|visits=1
28.105,-7.127,0.100,-1.847,walk|wait=2.05|panic=0.00|target=1|speed=0.45|near=False|yaw=153.4|peeing=False|peeCooldown=115.7|aerial=False|glide=False|legs=0|activity=Transit|site=2|visits=1
28.105,-7.127,0.100,-1.847,walk|wait=2.05|panic=0.00|target=1|speed=0.45|near=False|yaw=153.4|peeing=False|peeCooldown=115.7|aerial=False|glide=False|legs=0|activity=Transit|site=2|visits=1
28.105,-7.127,0.100,-1.847,walk|wait=2.05|panic=0.00|target=1|speed=0.45|near=False|yaw=153.4|peeing=False|peeCooldown=115.7|aerial=False|glide=False|legs=0|activity=Transit|site=2|visits=1
28.105,-7.127,0.100,-1.847,walk|wait=2.05|panic=0.00|target=1|speed=0.45|near=False|yaw=153.4|peeing=False|peeCooldown=115.7|aerial=False|glide=False|legs=0|activity=Transit|site=2|visits=1
28.105,-7.127,0.100,-1.847,walk|wait=2.05|panic=0.00|target=1|speed=0.45|near=False|yaw=153.4|peeing=False|peeCooldown=115.7|aerial=False|glide=False|legs=0|activity=Transit|site=2|visits=1
28.105,-7.127,0.100,-1.847,walk|wait=2.05|panic=0.00|target=1|speed=0.45|near=False|yaw=153.4|peeing=False|peeCooldown=115.7|aerial=False|glide=False|legs=0|activity=Transit|site=2|visits=1
28.105,-7.127,0.100,-1.847,walk|wait=2.05|panic=0.00|target=1|speed=0.45|near=False|yaw=153.4|peeing=False|peeCooldown=115.7|aerial=False|glide=False|legs=0|activity=Transit|site=2|visits=1
28.105,-7.127,0.100,-1.847,walk|wait=2.05|panic=0.00|target=1|speed=0.45|near=False|yaw=153.4|peeing=False|peeCooldown=115.7|aerial=False|glide=False|legs=0|activity=Transit|site=2|visits=1
28.105,-7.127,0.100,-1.847,walk|wait=2.05|panic=0.00|target=1|speed=0.45|near=False|yaw=153.4|peeing=False|peeCooldown=115.7|aerial=False|glide=False|legs=0|activity=Transit|site=2|visits=1
28.105,-7.127,0.100,-1.847,walk|wait=2.05|panic=0.00|target=1|speed=0.45|near=False|yaw=153.4|peeing=False|peeCooldown=115.7|aerial=False|glide=False|legs=0|activity=Transit|site=2|visits=1
28.105,-7.127,0.100,-1.847,walk|wait=2.05|panic=0.00|target=1|speed=0.45|near=False|yaw=153.4|peeing=False|peeCooldown=115.7|aerial=False|glide=False|legs=0|activity=Transit|site=2|visits=1
28.105,-7.127,0.100,-1.847,walk|wait=2.05|panic=0.00|target=1|speed=0.45|near=False|yaw=153.4|peeing=False|peeCooldown=115.7|aerial=False|glide=False|legs=0|activity=Transit|site=2|visits=1
28.105,-7.127,0.100,-1.847,walk|wait=2.05|panic=0.00|target=1|speed=0.45|near=False|yaw=153.4|peeing=False|peeCooldown=115.7|aerial=False|glide=False|legs=0|activity=Transit|site=2|visits=1
28.105,-7.127,0.100,-1.847,walk|wait=2.05|panic=0.00|target=1|speed=0.45|near=False|yaw=153.4|peeing=False|peeCooldown=115.7|aerial=False|glide=False|legs=0|activity=Transit|site=2|visits=1
28.105,-7.127,0.100,-1.847,walk|wait=2.05|panic=0.00|target=1|speed=0.45|near=False|yaw=153.4|peeing=False|peeCooldown=115.7|aerial=False|glide=False|legs=0|activity=Transit|site=2|visits=1
28.105,-7.127,0.100,-1.847,walk|wait=2.05|panic=0.00|target=1|speed=0.45|near=False|yaw=153.4|peeing=False|peeCooldown=115.7|aerial=False|glide=False|legs=0|activity=Transit|site=2|visits=1
28.105,-7.127,0.100,-1.847,walk|wait=2.05|panic=0.00|target=1|speed=0.45|near=False|yaw=153.4|peeing=False|peeCooldown=115.7|aerial=False|glide=False|legs=0|activity=Transit|site=2|visits=1
28.105,-7.127,0.100,-1.847,walk|wait=2.05|panic=0.00|target=1|speed=0.45|near=False|yaw=153.4|peeing=False|peeCooldown=115.7|aerial=False|glide=False|legs=0|activity=Transit|site=2|visits=1
28.105,-7.127,0.100,-1.847,walk|wait=2.05|panic=0.00|target=1|speed=0.45|near=False|yaw=153.4|peeing=False|peeCooldown=115.7|aerial=False|glide=False|legs=0|activity=Transit|site=2|visits=1
28.105,-7.127,0.100,-1.847,walk|wait=2.05|panic=0.00|target=1|speed=0.45|near=False|yaw=153.4|peeing=False|peeCooldown=115.7|aerial=False|glide=False|legs=0|activity=Transit|site=2|visits=1
28.105,-7.127,0.100,-1.847,walk|wait=2.05|panic=0.00|target=1|speed=0.45|near=False|yaw=153.4|peeing=False|peeCooldown=115.7|aerial=False|glide=False|legs=0|activity=Transit|site=2|visits=1
28.105,-7.127,0.100,-1.847,walk|wait=2.05|panic=0.00|target=1|speed=0.45|near=False|yaw=153.4|peeing=False|peeCooldown=115.7|aerial=False|glide=False|legs=0|activity=Transit|site=2|visits=1
28.105,-7.127,0.100,-1.847,walk|wait=2.05|panic=0.00|target=1|speed=0.45|near=False|yaw=153.4|peeing=False|peeCooldown=115.7|aerial=False|glide=False|legs=0|activity=Transit|site=2|visits=1
28.105,-7.127,0.100,-1.847,walk|wait=2.05|panic=0.00|target=1|speed=0.45|near=False|yaw=153.4|peeing=False|peeCooldown=115.7|aerial=False|glide=False|legs=0|activity=Transit|site=2|visits=1
28.105,-7.127,0.100,-1.847,walk|wait=2.05|panic=0.00|target=1|speed=0.45|near=False|yaw=153.4|peeing=False|peeCooldown=115.7|aerial=False|glide=False|legs=0|activity=Transit|site=2|visits=1
28.105,-7.127,0.100,-1.847,walk|wait=2.05|panic=0.00|target=1|speed=0.45|near=False|yaw=153.4|peeing=False|peeCooldown=115.7|aerial=False|glide=False|legs=0|activity=Transit|site=2|visits=1
28.105,-7.127,0.100,-1.847,walk|wait=2.05|panic=0.00|target=1|speed=0.45|near=False|yaw=153.4|peeing=False|peeCooldown=115.7|aerial=False|glide=False|legs=0|activity=Transit|site=2|visits=1
28.105,-7.127,0.100,-1.847,walk|wait=2.05|panic=0.00|target=1|speed=0.45|near=False|yaw=153.4|peeing=False|peeCooldown=115.7|aerial=False|glide=False|legs=0|activity=Transit|site=2|visits=1
28.105,-7.127,0.100,-1.847,walk|wait=2.05|panic=0.00|target=1|speed=0.45|near=False|yaw=153.4|peeing=False|peeCooldown=115.7|aerial=False|glide=False|legs=0|activity=Transit|site=2|visits=1
28.105,-7.127,0.100,-1.847,walk|wait=2.05|panic=0.00|target=1|speed=0.45|near=False|yaw=153.4|peeing=False|peeCooldown=115.7|aerial=False|glide=False|legs=0|activity=Transit|site=2|visits=1
28.105,-7.127,0.100,-1.847,walk|wait=2.05|panic=0.00|target=1|speed=0.45|near=False|yaw=153.4|peeing=False|peeCooldown=115.7|aerial=False|glide=False|legs=0|activity=Transit|site=2|visits=1
28.105,-7.127,0.100,-1.847,walk|wait=2.05|panic=0.00|target=1|speed=0.45|near=False|yaw=153.4|peeing=False|peeCooldown=115.7|aerial=False|glide=False|legs=0|activity=Transit|site=2|visits=1
28.105,-7.127,0.100,-1.847,walk|wait=2.05|panic=0.00|target=1|speed=0.45|near=False|yaw=153.4|peeing=False|peeCooldown=115.7|aerial=False|glide=False|legs=0|activity=Transit|site=2|visits=1
28.105,-7.127,0.100,-1.847,walk|wait=2.05|panic=0.00|target=1|speed=0.45|near=False|yaw=153.4|peeing=False|peeCooldown=115.7|aerial=False|glide=False|legs=0|activity=Transit|site=2|visits=1
28.105,-7.127,0.100,-1.847,walk|wait=2.05|panic=0.00|target=1|speed=0.45|near=False|yaw=153.4|peeing=False|peeCooldown=115.7|aerial=False|glide=False|legs=0|activity=Transit|site=2|visits=1
28.105,-7.127,0.100,-1.847,walk|wait=2.05|panic=0.00|target=1|speed=0.45|near=False|yaw=153.4|peeing=False|peeCooldown=115.7|aerial=False|glide=False|legs=0|activity=Transit|site=2|visits=1
28.105,-7.127,0.100,-1.847,walk|wait=2.05|panic=0.00|target=1|speed=0.45|near=False|yaw=153.4|peeing=False|peeCooldown=115.7|aerial=False|glide=False|legs=0|activity=Transit|site=2|visits=1
28.105,-7.127,0.100,-1.847,walk|wait=2.05|panic=0.00|target=1|speed=0.45|near=False|yaw=153.4|peeing=False|peeCooldown=115.7|aerial=False|glide=False|legs=0|activity=Transit|site=2|visits=1
28.105,-7.127,0.100,-1.847,walk|wait=2.05|panic=0.00|target=1|speed=0.45|near=False|yaw=153.4|peeing=False|peeCooldown=115.7|aerial=False|glide=False|legs=0|activity=Transit|site=2|visits=1
28.105,-7.127,0.100,-1.847,walk|wait=2.05|panic=0.00|target=1|speed=0.45|near=False|yaw=153.4|peeing=False|peeCooldown=115.7|aerial=False|glide=False|legs=0|activity=Transit|site=2|visits=1
28.105,-7.127,0.100,-1.847,walk|wait=2.05|panic=0.00|target=1|speed=0.45|near=False|yaw=153.4|peeing=False|peeCooldown=115.7|aerial=False|glide=False|legs=0|activity=Transit|site=2|visits=1
28.105,-7.127,0.100,-1.847,walk|wait=2.05|panic=0.00|target=1|speed=0.45|near=False|yaw=153.4|peeing=False|peeCooldown=115.7|aerial=False|glide=False|legs=0|activity=Transit|site=2|visits=1
28.105,-7.127,0.100,-1.847,walk|wait=2.05|panic=0.00|target=1|speed=0.45|near=False|yaw=153.4|peeing=False|peeCooldown=115.7|aerial=False|glide=False|legs=0|activity=Transit|site=2|visits=1
28.105,-7.127,0.100,-1.847,walk|wait=2.05|panic=0.00|target=1|speed=0.45|near=False|yaw=153.4|peeing=False|peeCooldown=115.7|aerial=False|glide=False|legs=0|activity=Transit|site=2|visits=1
28.105,-7.127,0.100,-1.847,walk|wait=2.05|panic=0.00|target=1|speed=0.45|near=False|yaw=153.4|peeing=False|peeCooldown=115.7|aerial=False|glide=False|legs=0|activity=Transit|site=2|visits=1
28.105,-7.127,0.100,-1.847,walk|wait=2.05|panic=0.00|target=1|speed=0.45|near=False|yaw=153.4|peeing=False|peeCooldown=115.7|aerial=False|glide=False|legs=0|activity=Transit|site=2|visits=1
28.105,-7.127,0.100,-1.847,walk|wait=2.05|panic=0.00|target=1|speed=0.45|near=False|yaw=153.4|peeing=False|peeCooldown=115.7|aerial=False|glide=False|legs=0|activity=Transit|site=2|visits=1
28.105,-7.127,0.100,-1.847,walk|wait=2.05|panic=0.00|target=1|speed=0.45|near=False|yaw=153.4|peeing=False|peeCooldown=115.7|aerial=False|glide=False|legs=0|activity=Transit|site=2|visits=1
28.105,-7.127,0.100,-1.847,walk|wait=2.05|panic=0.00|target=1|speed=0.45|near=False|yaw=153.4|peeing=False|peeCooldown=115.7|aerial=False|glide=False|legs=0|activity=Transit|site=2|visits=1
28.105,-7.127,0.100,-1.847,walk|wait=2.05|panic=0.00|target=1|speed=0.45|near=False|yaw=153.4|peeing=False|peeCooldown=115.7|aerial=False|glide=False|legs=0|activity=Transit|site=2|visits=1
28.105,-7.127,0.100,-1.847,walk|wait=2.05|panic=0.00|target=1|speed=0.45|near=False|yaw=153.4|peeing=False|peeCooldown=115.7|aerial=False|glide=False|legs=0|activity=Transit|site=2|visits=1
28.105,-7.127,0.100,-1.847,walk|wait=2.05|panic=0.00|target=1|speed=0.45|near=False|yaw=153.4|peeing=False|peeCooldown=115.7|aerial=False|glide=False|legs=0|activity=Transit|site=2|visits=1
28.105,-7.127,0.100,-1.847,walk|wait=2.05|panic=0.00|target=1|speed=0.45|near=False|yaw=153.4|peeing=False|peeCooldown=115.7|aerial=False|glide=False|legs=0|activity=Transit|site=2|visits=1
28.105,-7.127,0.100,-1.847,walk|wait=2.05|panic=0.00|target=1|speed=0.45|near=False|yaw=153.4|peeing=False|peeCooldown=115.7|aerial=False|glide=False|legs=0|activity=Transit|site=2|visits=1
28.105,-7.127,0.100,-1.847,walk|wait=2.05|panic=0.00|target=1|speed=0.45|near=False|yaw=153.4|peeing=False|peeCooldown=115.7|aerial=False|glide=False|legs=0|activity=Transit|site=2|visits=1
28.105,-7.127,0.100,-1.847,walk|wait=2.05|panic=0.00|target=1|speed=0.45|near=False|yaw=153.4|peeing=False|peeCooldown=115.7|aerial=False|glide=False|legs=0|activity=Transit|site=2|visits=1
28.105,-7.127,0.100,-1.847,walk|wait=2.05|panic=0.00|target=1|speed=0.45|near=False|yaw=153.4|peeing=False|peeCooldown=115.7|aerial=False|glide=False|legs=0|activity=Transit|site=2|visits=1
28.105,-7.127,0.100,-1.847,walk|wait=2.05|panic=0.00|target=1|speed=0.45|near=False|yaw=153.4|peeing=False|peeCooldown=115.7|aerial=False|glide=False|legs=0|activity=Transit|site=2|visits=1
28.105,-7.127,0.100,-1.847,walk|wait=2.05|panic=0.00|target=1|speed=0.45|near=False|yaw=153.4|peeing=False|peeCooldown=115.7|aerial=False|glide=False|legs=0|activity=Transit|site=2|visits=1
28.105,-7.127,0.100,-1.847,walk|wait=2.05|panic=0.00|target=1|speed=0.45|near=False|yaw=153.4|peeing=False|peeCooldown=115.7|aerial=False|glide=False|legs=0|activity=Transit|site=2|visits=1
