[Licensing::Module] Trying to connect to existing licensing client channel...
Built from '6000.5/staging' branch; Version is '6000.5.8f1 (5cb7df797b7d) revision 6076383'; Using compiler version '194234433'; Build Type 'Release'
[Licensing::IpcConnector] Channel LicenseClient-matth doesn't exist
OS: 'Windows 10  (10.0.19045) 64bit Core' Language: 'en' Physical Memory: 16335 MB
BatchMode: 1, IsHumanControllingUs: 0, StartBugReporterOnCrash: 0, Is64bit: 1
System  architecture: x64
Process architecture: x64
Date: 2026-10-02T07:29:47Z
[Licensing::Module] Successfully launched the LicensingClient (PId: 24868)

COMMAND LINE ARGUMENTS:
C:\Program Files\Unity\Hub\Editor\6000.5.8f1\Editor\Unity.exe
-projectPath
C:\Users\matth\Documents\Codex\work\tump-feedback-0930
-batchmode
-force-d3d11
-screen-fullscreen
0
-screen-width
960
-screen-height
540
-runTests
-testPlatform
PlayMode
-testFilter
TumbangPreso.PlayTests.SettingsDecisionFocusTests
-testResults
C:\Users\matth\Documents\Codex\work\tump-feedback-0930\Logs\settings-decision-focus1002\baseline\tests.xml
-logFile
C:\Users\matth\Documents\Codex\work\tump-feedback-0930\Logs\settings-decision-focus1002\baseline\unity.log
-tp-profile
settings-decision-focus1002
Successfully changed project path to: C:\Users\matth\Documents\Codex\work\tump-feedback-0930
C:/Users/matth/Documents/Codex/work/tump-feedback-0930
[UnityMemory] Configuration Parameters - Can be set up in boot.config
    "memorysetup-temp-allocator-size-gi-baking-worker=262144"
    "memorysetup-temp-allocator-size-gi-baking-worker=262144"
    "memorysetup-temp-allocator-size-gi-baking-worker=262144"
    "memorysetup-temp-allocator-size-gi-baking-worker=262144"
    "memorysetup-temp-allocator-size-gi-baking-worker=262144"
    "memorysetup-temp-allocator-size-nav-mesh-worker=65536"
    "memorysetup-temp-allocator-size-audio-worker=65536"
    "memorysetup-temp-allocator-size-cloud-worker=32768"
    "memorysetup-temp-allocator-size-gfx=262144"
    "memorysetup-temp-allocator-size-preload-manager=33554432"
    "memorysetup-allocator-temp-initial-block-size-main=262144"
    "memorysetup-allocator-temp-initial-block-size-worker=262144"
    "memorysetup-temp-allocator-size-job-worker=262144"
    "memorysetup-temp-allocator-size-background-worker=32768"
    "memorysetup-bucket-allocator-granularity=16"
    "memorysetup-bucket-allocator-bucket-count=8"
    "memorysetup-bucket-allocator-block-size=33554432"
    "memorysetup-bucket-allocator-block-count=8"
    "memorysetup-main-allocator-block-size=16777216"
    "memorysetup-thread-allocator-block-size=16777216"
    "memorysetup-main-allocator-mimalloc-enabled=0"
    "memorysetup-gfx-main-allocator-block-size=16777216"
    "memorysetup-gfx-thread-allocator-block-size=16777216"
    "memorysetup-cache-allocator-block-size=4194304"
    "memorysetup-typetree-allocator-block-size=2097152"
    "memorysetup-profiler-bucket-allocator-granularity=16"
    "memorysetup-profiler-bucket-allocator-bucket-count=8"
    "memorysetup-profiler-bucket-allocator-block-size=33554432"
    "memorysetup-profiler-bucket-allocator-block-count=8"
    "memorysetup-profiler-allocator-block-size=16777216"
    "memorysetup-profiler-editor-allocator-block-size=1048576"
    "memorysetup-temp-allocator-size-main=16777216"
    "memorysetup-job-temp-allocator-block-size=2097152"
    "memorysetup-job-temp-allocator-block-size-background=1048576"
    "memorysetup-job-temp-allocator-reduction-small-platforms=262144"
Logging is directed to a specific file, skipping project log.Player connection [20428]  Target information:

Player connection [20428]  * "[IP] 192.168.1.7 [Port] 55504 [Flags] 2 [Guid] 250874950 [EditorId] 250874950 [Version] 1048832 [Id] WindowsEditor(7,DESKTOP-E4OQK9L) [Debug] 1 [PackageName] WindowsEditor [ProjectName] Editor" 

Player connection [20428]  * "[IP] 169.254.38.78 [Port] 55504 [Flags] 2 [Guid] 250874950 [EditorId] 250874950 [Version] 1048832 [Id] WindowsEditor(7,DESKTOP-E4OQK9L) [Debug] 1 [PackageName] WindowsEditor [ProjectName] Editor" 

Player connection [20428] Host joined multi-casting on [225.0.0.222:54997]...
Player connection [20428] Host joined alternative multi-casting on [225.0.0.222:34997]...
Input System module state changed to: Initialized.
[Physics::Module] Initialized fallback backend.
[Physics::Module] Id: 0xdecafbad
[Licensing::IpcConnector] Successfully connected to: "LicenseClient-matth" at "2026-10-02T07:29:48.1210137Z"
[Licensing::Client] Code 10 while verifying Licensing Client signature (process Id: 24868, path: "C:/Program Files/Unity/Hub/Editor/6000.5.8f1/Editor/Data/Resources/Licensing/Client/Unity.Licensing.Client.exe")
[Licensing::Module] LicensingClient has failed validation; ignoring
[Package Manager] Connected to IPC stream "Upm-6456" after 0.4 seconds.
[Licensing::Module] Licensing is not yet initialized.
[Licensing::Client] Handshaking with LicensingClient:
  Version:                 1.18.1+9fbee8e
  Session Id:              8d2eb025a32f4cc388e2867dce552590
  Correlation Id:          fb8ea8a8d70e8797a623d3dd81392837
  External correlation Id: 4688545522484297835
  Machine Id:              AEgR5bR+eVpMXoYwl8lPkzJt1cA=
[Licensing::Module] Successfully connected to LicensingClient on channel: "LicenseClient-matth" (connect: 0.37s, validation: 0.19s, handshake: 0.04s)
[Licensing::IpcConnector] Successfully connected to: "LicenseClient-matth-notifications" at "2026-10-02T07:29:48.35429Z"
[Licensing::Module] Connected to LicensingClient (PId: 24868, launch time: 0.00, total connection time: 0.61s)
[Licensing::Module] Error: Access token is unavailable; failed to update
[Licensing::Client] Successfully resolved entitlement details
[Licensing::Module] License group:
  Id: 18968509846226-UnityPersXXXX
  Product: Unity Personal
  Type: Assigned
  Expiration: Unlimited
[Licensing::Client] Successfully updated license, isAsync: True, time: 0.01
[Licensing::Module] Licensing Background thread has ended after 0.66s
[Licensing::Module] Licensing is initialized (took 0.11s).
[Licensing::Client] Successfully resolved entitlement details
Library Redirect Path: Library/
[Physics::Module] Selected backend.
[Physics::Module] Name: PhysX
[Physics::Module] Id: 0xf2b8ea05
[Physics::Module] SDK Version: 4.1.2
[Physics::Module] Integration Version: 1.0.0
[Physics::Module] Threading Mode: Multi-Threaded
Initialize engine version: 6000.5.8f1 (5cb7df797b7d)
[Subsystems] Discovering subsystems at path C:/Program Files/Unity/Hub/Editor/6000.5.8f1/Editor/Data/Resources/UnitySubsystems
[Subsystems] Discovering subsystems at path C:/Users/matth/Documents/Codex/work/tump-feedback-0930/Assets
Forcing GfxDevice: Direct3D 11
GfxDevice: creating device client; kGfxThreadingModeNonThreaded
Direct3D:
    Version:  Direct3D 11.0 [level 11.1]
    Renderer: AMD Radeon RX 6600 (ID=0x73ff)
    Vendor:   ATI
    VRAM:     8147 MB
    Driver:   32.0.21043.19003
Initialize mono
Mono path[0] = 'C:/Program Files/Unity/Hub/Editor/6000.5.8f1/Editor/Data/Managed'
Mono path[1] = 'C:/Program Files/Unity/Hub/Editor/6000.5.8f1/Editor/Data/BCLExtensions/runtime/netstandard2.1'
Mono path[2] = 'C:/Program Files/Unity/Hub/Editor/6000.5.8f1/Editor/Data/MonoBleedingEdge/lib/mono/unityjit-win32'
Mono config path = 'C:/Program Files/Unity/Hub/Editor/6000.5.8f1/Editor/Data/MonoBleedingEdge/etc'
Using monoOptions --debugger-agent=transport=dt_socket,embedding=1,server=y,suspend=n,address=127.0.0.1:56456
CodeReloadManager initialized
ImportWorker Server TCP listen port: 0
AcceleratorClientConnectionCallback - disconnected - :0
Begin MonoManager ReloadAssembly
Registering precompiled unity dll's ...
Register platform support module: C:/Program Files/Unity/Hub/Editor/6000.5.8f1/Editor/Data/PlaybackEngines/WebGLSupport/UnityEditor.WebGL.Extensions.dll
Register platform support module: C:/Program Files/Unity/Hub/Editor/6000.5.8f1/Editor/Data/PlaybackEngines/WindowsStandaloneSupport/UnityEditor.WindowsStandalone.Extensions.dll
Register platform support module: C:/Program Files/Unity/Hub/Editor/6000.5.8f1/Editor/Data/PlaybackEngines/LinuxStandaloneSupport/UnityEditor.LinuxStandalone.Extensions.dll
Registered in 0.003583 seconds.
Native extension for LinuxStandalone target not found
Native extension for WindowsStandalone target not found
Native extension for WebGL target not found
Package Manager log level set to [2]
[Licensing::Client] Successfully resolved entitlement details
ScheduleIndexationOnStartup MainProcess:False IndexOnStartup:False
Mono: successfully reloaded assembly
- Finished resetting the current domain, in  3.954 seconds
Domain Reload Profiling: 4666ms
	BeginReloadAssembly (177ms)
		CreateAndSetChildDomain (5ms)
	RebuildCommonClasses (7ms)
	RebuildNativeTypeToScriptingClass (24ms)
	initialDomainReloadingComplete (94ms)
	LoadAllAssembliesAndSetupDomain (408ms)
		LoadAssemblies (169ms)
		AnalyzeDomain (292ms)
			TypeCache.Refresh (290ms)
				TypeCache.ScanAssembly (272ms)
	FinalizeReload (3956ms)
		SetupLoadedEditorAssemblies (0ms)
			InitializePlatformSupportModulesInManaged (56ms)
			BeforeProcessingInitializeOnLoad (146ms)
			ProcessInitializeOnLoadAttributes (145ms)
			ProcessInitializeOnLoadMethodAttributes (3515ms)
[Licensing::Client] Successfully resolved entitlement details
Application.AssetDatabase Initial Refresh Start
[Package Manager] Restoring resolved packages state from cache
[Licensing::Client] Successfully resolved entitlement details
[Package Manager] Registered 64 packages:
  Packages from [https://packages.unity.com]:
    com.unity.cloud.gltfast@6.14.1 (location: C:\Users\matth\Documents\Codex\work\tump-feedback-0930\Library\PackageCache\com.unity.cloud.gltfast@0847aee0f6da)
    com.unity.inputsystem@1.20.0 (location: C:\Users\matth\Documents\Codex\work\tump-feedback-0930\Library\PackageCache\com.unity.inputsystem@7a4e1a2a8194)
    com.unity.netcode.gameobjects@2.13.1 (location: C:\Users\matth\Documents\Codex\work\tump-feedback-0930\Library\PackageCache\com.unity.netcode.gameobjects@d43d28498f17)
    com.unity.services.core@1.18.0 (location: C:\Users\matth\Documents\Codex\work\tump-feedback-0930\Library\PackageCache\com.unity.services.core@3464cb68d709)
    com.unity.services.authentication@3.7.4 (location: C:\Users\matth\Documents\Codex\work\tump-feedback-0930\Library\PackageCache\com.unity.services.authentication@39eab783227c)
    com.unity.services.multiplayer@2.3.0 (location: C:\Users\matth\Documents\Codex\work\tump-feedback-0930\Library\PackageCache\com.unity.services.multiplayer@17f5d8518517)
    com.unity.pipeline@0.6.0-exp.1 (location: C:\Users\matth\Documents\Codex\work\tump-feedback-0930\Library\PackageCache\com.unity.pipeline@9bb4172c603c)
    com.unity.nuget.mono-cecil@1.11.6 (location: C:\Users\matth\Documents\Codex\work\tump-feedback-0930\Library\PackageCache\com.unity.nuget.mono-cecil@ecb9724e46ff)
    com.unity.nuget.newtonsoft-json@3.2.2 (location: C:\Users\matth\Documents\Codex\work\tump-feedback-0930\Library\PackageCache\com.unity.nuget.newtonsoft-json@4dfd81071c64)
    com.unity.services.qos@1.4.1 (location: C:\Users\matth\Documents\Codex\work\tump-feedback-0930\Library\PackageCache\com.unity.services.qos@03d4b52d4980)
    com.unity.services.wire@1.4.4 (location: C:\Users\matth\Documents\Codex\work\tump-feedback-0930\Library\PackageCache\com.unity.services.wire@aba8a6fb1fe2)
    com.unity.services.deployment@1.7.2 (location: C:\Users\matth\Documents\Codex\work\tump-feedback-0930\Library\PackageCache\com.unity.services.deployment@c07c64f9804b)
    com.unity.burst@1.8.30 (location: C:\Users\matth\Documents\Codex\work\tump-feedback-0930\Library\PackageCache\com.unity.burst@2f3d916873ea)
    com.unity.services.deployment.api@1.1.3 (location: C:\Users\matth\Documents\Codex\work\tump-feedback-0930\Library\PackageCache\com.unity.services.deployment.api@9becf6da0f1a)
    com.unity.test-framework.performance@3.5.0 (location: C:\Users\matth\Documents\Codex\work\tump-feedback-0930\Library\PackageCache\com.unity.test-framework.performance@8b56083ec0f0)
    com.unity.searcher@4.9.5 (location: C:\Users\matth\Documents\Codex\work\tump-feedback-0930\Library\PackageCache\com.unity.searcher@a463122f2c00)
  Built-in packages:
    com.unity.render-pipelines.universal@17.5.0 (location: C:\Users\matth\Documents\Codex\work\tump-feedback-0930\Library\PackageCache\com.unity.render-pipelines.universal@73b4c4ff130e)
    com.unity.test-framework@1.7.0 (location: C:\Users\matth\Documents\Codex\work\tump-feedback-0930\Library\PackageCache\com.unity.test-framework@1405238725ab)
    com.unity.ugui@2.5.0 (location: C:\Users\matth\Documents\Codex\work\tump-feedback-0930\Library\PackageCache\com.unity.ugui@1c4864518158)
    com.unity.multiplayer.center@1.0.1 (location: C:\Users\matth\Documents\Codex\work\tump-feedback-0930\Library\PackageCache\com.unity.multiplayer.center@b860850997d0)
    com.unity.modules.accessibility@1.0.0 (location: C:\Users\matth\Documents\Codex\work\tump-feedback-0930\Library\PackageCache\com.unity.modules.accessibility)
    com.unity.modules.adaptiveperformance@1.0.0 (location: C:\Users\matth\Documents\Codex\work\tump-feedback-0930\Library\PackageCache\com.unity.modules.adaptiveperformance)
    com.unity.modules.ai@1.0.0 (location: C:\Users\matth\Documents\Codex\work\tump-feedback-0930\Library\PackageCache\com.unity.modules.ai)
    com.unity.modules.androidjni@1.0.0 (location: C:\Users\matth\Documents\Codex\work\tump-feedback-0930\Library\PackageCache\com.unity.modules.androidjni)
    com.unity.modules.animation@1.0.0 (location: C:\Users\matth\Documents\Codex\work\tump-feedback-0930\Library\PackageCache\com.unity.modules.animation)
    com.unity.modules.assetbundle@1.0.0 (location: C:\Users\matth\Documents\Codex\work\tump-feedback-0930\Library\PackageCache\com.unity.modules.assetbundle)
    com.unity.modules.audio@1.0.0 (location: C:\Users\matth\Documents\Codex\work\tump-feedback-0930\Library\PackageCache\com.unity.modules.audio)
    com.unity.modules.cloth@1.0.0 (location: C:\Users\matth\Documents\Codex\work\tump-feedback-0930\Library\PackageCache\com.unity.modules.cloth)
    com.unity.modules.director@1.0.0 (location: C:\Users\matth\Documents\Codex\work\tump-feedback-0930\Library\PackageCache\com.unity.modules.director)
    com.unity.modules.imageconversion@1.0.0 (location: C:\Users\matth\Documents\Codex\work\tump-feedback-0930\Library\PackageCache\com.unity.modules.imageconversion)
    com.unity.modules.imgui@1.0.0 (location: C:\Users\matth\Documents\Codex\work\tump-feedback-0930\Library\PackageCache\com.unity.modules.imgui)
    com.unity.modules.jsonserialize@1.0.0 (location: C:\Users\matth\Documents\Codex\work\tump-feedback-0930\Library\PackageCache\com.unity.modules.jsonserialize)
    com.unity.modules.particlesystem@1.0.0 (location: C:\Users\matth\Documents\Codex\work\tump-feedback-0930\Library\PackageCache\com.unity.modules.particlesystem)
    com.unity.modules.physics@1.0.0 (location: C:\Users\matth\Documents\Codex\work\tump-feedback-0930\Library\PackageCache\com.unity.modules.physics)
    com.unity.modules.physics2d@1.0.0 (location: C:\Users\matth\Documents\Codex\work\tump-feedback-0930\Library\PackageCache\com.unity.modules.physics2d)
    com.unity.modules.physicscore2d@1.0.0 (location: C:\Users\matth\Documents\Codex\work\tump-feedback-0930\Library\PackageCache\com.unity.modules.physicscore2d)
    com.unity.modules.screencapture@1.0.0 (location: C:\Users\matth\Documents\Codex\work\tump-feedback-0930\Library\PackageCache\com.unity.modules.screencapture)
    com.unity.modules.terrain@1.0.0 (location: C:\Users\matth\Documents\Codex\work\tump-feedback-0930\Library\PackageCache\com.unity.modules.terrain)
    com.unity.modules.terrainphysics@1.0.0 (location: C:\Users\matth\Documents\Codex\work\tump-feedback-0930\Library\PackageCache\com.unity.modules.terrainphysics)
    com.unity.modules.tilemap@1.0.0 (location: C:\Users\matth\Documents\Codex\work\tump-feedback-0930\Library\PackageCache\com.unity.modules.tilemap)
    com.unity.modules.ui@1.0.0 (location: C:\Users\matth\Documents\Codex\work\tump-feedback-0930\Library\PackageCache\com.unity.modules.ui)
    com.unity.modules.uielements@1.0.0 (location: C:\Users\matth\Documents\Codex\work\tump-feedback-0930\Library\PackageCache\com.unity.modules.uielements)
    com.unity.modules.umbra@1.0.0 (location: C:\Users\matth\Documents\Codex\work\tump-feedback-0930\Library\PackageCache\com.unity.modules.umbra)
    com.unity.modules.unityanalytics@1.0.0 (location: C:\Users\matth\Documents\Codex\work\tump-feedback-0930\Library\PackageCache\com.unity.modules.unityanalytics)
    com.unity.modules.unitywebrequest@1.0.0 (location: C:\Users\matth\Documents\Codex\work\tump-feedback-0930\Library\PackageCache\com.unity.modules.unitywebrequest)
    com.unity.modules.unitywebrequestassetbundle@1.0.0 (location: C:\Users\matth\Documents\Codex\work\tump-feedback-0930\Library\PackageCache\com.unity.modules.unitywebrequestassetbundle)
    com.unity.modules.unitywebrequestaudio@1.0.0 (location: C:\Users\matth\Documents\Codex\work\tump-feedback-0930\Library\PackageCache\com.unity.modules.unitywebrequestaudio)
    com.unity.modules.unitywebrequesttexture@1.0.0 (location: C:\Users\matth\Documents\Codex\work\tump-feedback-0930\Library\PackageCache\com.unity.modules.unitywebrequesttexture)
    com.unity.modules.unitywebrequestwww@1.0.0 (location: C:\Users\matth\Documents\Codex\work\tump-feedback-0930\Library\PackageCache\com.unity.modules.unitywebrequestwww)
    com.unity.modules.vectorgraphics@1.0.0 (location: C:\Users\matth\Documents\Codex\work\tump-feedback-0930\Library\PackageCache\com.unity.modules.vectorgraphics)
    com.unity.modules.vehicles@1.0.0 (location: C:\Users\matth\Documents\Codex\work\tump-feedback-0930\Library\PackageCache\com.unity.modules.vehicles)
    com.unity.modules.video@1.0.0 (location: C:\Users\matth\Documents\Codex\work\tump-feedback-0930\Library\PackageCache\com.unity.modules.video)
    com.unity.modules.wind@1.0.0 (location: C:\Users\matth\Documents\Codex\work\tump-feedback-0930\Library\PackageCache\com.unity.modules.wind)
    com.unity.modules.xr@1.0.0 (location: C:\Users\matth\Documents\Codex\work\tump-feedback-0930\Library\PackageCache\com.unity.modules.xr)
    com.unity.modules.subsystems@1.0.0 (location: C:\Users\matth\Documents\Codex\work\tump-feedback-0930\Library\PackageCache\com.unity.modules.subsystems)
    com.unity.modules.hierarchycore@1.0.0 (location: C:\Users\matth\Documents\Codex\work\tump-feedback-0930\Library\PackageCache\com.unity.modules.hierarchycore)
    com.unity.collections@6.5.0 (location: C:\Users\matth\Documents\Codex\work\tump-feedback-0930\Library\PackageCache\com.unity.collections@ec2c217e4cb2)
    com.unity.ext.nunit@2.1.0 (location: C:\Users\matth\Documents\Codex\work\tump-feedback-0930\Library\PackageCache\com.unity.ext.nunit@44f7d31723bd)
    com.unity.render-pipelines.core@17.5.0 (location: C:\Users\matth\Documents\Codex\work\tump-feedback-0930\Library\PackageCache\com.unity.render-pipelines.core@a4c9a9793789)
    com.unity.shadergraph@17.5.0 (location: C:\Users\matth\Documents\Codex\work\tump-feedback-0930\Library\PackageCache\com.unity.shadergraph@8d7376ec43ee)
    com.unity.render-pipelines.universal-config@17.5.0 (location: C:\Users\matth\Documents\Codex\work\tump-feedback-0930\Library\PackageCache\com.unity.render-pipelines.universal-config@fdda01c80fe3)
    com.unity.mathematics@1.4.0 (location: C:\Users\matth\Documents\Codex\work\tump-feedback-0930\Library\PackageCache\com.unity.mathematics@981956d94fb6)
  Embedded packages:
    com.tumbangpreso.core@file:C:\Users\matth\Documents\Codex\work\tump-feedback-0930\Packages\com.tumbangpreso.core (location: C:\Users\matth\Documents\Codex\work\tump-feedback-0930\Packages\com.tumbangpreso.core)
    com.unity.transport@file:C:\Users\matth\Documents\Codex\work\tump-feedback-0930\Packages\com.unity.transport (location: C:\Users\matth\Documents\Codex\work\tump-feedback-0930\Packages\com.unity.transport)
[Subsystems] No new subsystems found in resolved package list.
[Package Manager] Done registering packages in 0.02 seconds
The GUID inside 'Assets/TumbangPreso/Tests/PlayMode/SettingsDecisionFocusTests.cs.meta' cannot be extracted by the YAML Parser. Attempting to extract it via string matching instead. Please verify the file does not contain unexpected data.
The .meta file Assets/TumbangPreso/Tests/PlayMode/SettingsDecisionFocusTests.cs.meta does not have a valid GUID and its corresponding Asset file will be ignored. If this file is not malformed, please add a GUID, or delete the .meta file and it will be recreated correctly
[ScriptCompilation] Requested script compilation because: AssetDatabase observed changes in script compilation related files
Starting: C:\Program Files\Unity\Hub\Editor\6000.5.8f1\Editor\Data\Tools\BuildPipeline\bee_backend.exe --ipc --defer-dag-verification --dagfile="Library/Bee/1900b0aE.dag" --continue-on-failure --profile="Library/Bee/backend1.traceevents" ScriptAssemblies
WorkingDir: C:/Users/matth/Documents/Codex/work/tump-feedback-0930
DisplayProgressbar: Compiling Scripts
ExitCode: 0 Duration: 14s
[ 947/1243  0s] ILPP-Configuration Library/ilpp-configuration.nevergeneratedoutput
[BUSY       6s] Csc Library/Bee/artifacts/1900b0aE.dag/TumbangPreso.Runtime.dll (+2 others)
[1227/1243  9s] Csc Library/Bee/artifacts/1900b0aE.dag/TumbangPreso.Runtime.dll (+2 others)
Assets\TumbangPreso\Runtime\AudioDirector.cs(184,71): warning CS0618: 'FindObjectsSortMode' is obsolete: 'FindObjectsSortMode has been deprecated. Use the FindObjectsByType overloads that do not take a FindObjectsSortMode parameter.'

Assets\TumbangPreso\Runtime\AudioDirector.cs(183,38): warning CS0618: 'Object.FindObjectsByType<T>(FindObjectsInactive, FindObjectsSortMode)' is obsolete: 'FindObjectsByType with FindObjectsSortMode parameter has been deprecated. Use FindObjectsByType<T>() or FindObjectsByType<T>(FindObjectsInactive) instead. InstanceID will be replaced in the future with EntityId and previous sort order cannot be maintained.'

Assets\TumbangPreso\Runtime\Camera\CameraRig.cs(335,23): warning CS0618: 'Object.FindFirstObjectByType<T>()' is obsolete: 'FindFirstObjectByType has been deprecated because it relies on instance ID ordering. Use FindAnyObjectByType instead, which does not depend on ordering.'

Assets\TumbangPreso\Runtime\Camera\CameraRig.cs(353,23): warning CS0618: 'Object.FindFirstObjectByType<T>()' is obsolete: 'FindFirstObjectByType has been deprecated because it relies on instance ID ordering. Use FindAnyObjectByType instead, which does not depend on ordering.'

Assets\TumbangPreso\Runtime\Camera\CameraRig.cs(367,23): warning CS0618: 'Object.FindFirstObjectByType<T>()' is obsolete: 'FindFirstObjectByType has been deprecated because it relies on instance ID ordering. Use FindAnyObjectByType instead, which does not depend on ordering.'

Assets\TumbangPreso\Runtime\Camera\CameraRig.cs(377,23): warning CS0618: 'Object.FindFirstObjectByType<T>()' is obsolete: 'FindFirstObjectByType has been deprecated because it relies on instance ID ordering. Use FindAnyObjectByType instead, which does not depend on ordering.'

Assets\TumbangPreso\Runtime\Camera\CameraRig.cs(390,23): warning CS0618: 'Object.FindFirstObjectByType<T>()' is obsolete: 'FindFirstObjectByType has been deprecated because it relies on instance ID ordering. Use FindAnyObjectByType instead, which does not depend on ordering.'

Assets\TumbangPreso\Runtime\Camera\CameraRig.cs(398,21): warning CS0618: 'Object.FindFirstObjectByType<T>()' is obsolete: 'FindFirstObjectByType has been deprecated because it relies on instance ID ordering. Use FindAnyObjectByType instead, which does not depend on ordering.'

Assets\TumbangPreso\Runtime\Camera\CameraRig.cs(405,23): warning CS0618: 'Object.FindFirstObjectByType<T>()' is obsolete: 'FindFirstObjectByType has been deprecated because it relies on instance ID ordering. Use FindAnyObjectByType instead, which does not depend on ordering.'

Assets\TumbangPreso\Runtime\Abilities\DanteHeroKit.cs(160,81): warning CS0618: 'FindObjectsSortMode' is obsolete: 'FindObjectsSortMode has been deprecated. Use the FindObjectsByType overloads that do not take a FindObjectsSortMode parameter.'

Assets\TumbangPreso\Runtime\Abilities\DanteHeroKit.cs(160,35): warning CS0618: 'Object.FindObjectsByType<T>(FindObjectsSortMode)' is obsolete: 'FindObjectsByType with FindObjectsSortMode parameter has been deprecated. Use FindObjectsByType<T>() or FindObjectsByType<T>(FindObjectsInactive) instead. InstanceID will be replaced in the future with EntityId and previous sort order cannot be maintained.'

Assets\TumbangPreso\Runtime\Carrier.cs(743,58): warning CS0618: 'FindObjectsSortMode' is obsolete: 'FindObjectsSortMode has been deprecated. Use the FindObjectsByType overloads that do not take a FindObjectsSortMode parameter.'

Assets\TumbangPreso\Runtime\Carrier.cs(743,31): warning CS0618: 'Object.FindObjectsByType<T>(FindObjectsSortMode)' is obsolete: 'FindObjectsByType with FindObjectsSortMode parameter has been deprecated. Use FindObjectsByType<T>() or FindObjectsByType<T>(FindObjectsInactive) instead. InstanceID will be replaced in the future with EntityId and previous sort order cannot be maintained.'

Assets\TumbangPreso\Runtime\Visual\WorldOutline.cs(497,66): warning CS0618: 'FindObjectsSortMode' is obsolete: 'FindObjectsSortMode has been deprecated. Use the FindObjectsByType overloads that do not take a FindObjectsSortMode parameter.'

Assets\TumbangPreso\Runtime\Visual\WorldOutline.cs(497,38): warning CS0618: 'Object.FindObjectsByType<T>(FindObjectsSortMode)' is obsolete: 'FindObjectsByType with FindObjectsSortMode parameter has been deprecated. Use FindObjectsByType<T>() or FindObjectsByType<T>(FindObjectsInactive) instead. InstanceID will be replaced in the future with EntityId and previous sort order cannot be maintained.'

Assets\TumbangPreso\Runtime\Abilities\VoodooDollBody.cs(145,97): warning CS0618: 'FindObjectsSortMode' is obsolete: 'FindObjectsSortMode has been deprecated. Use the FindObjectsByType overloads that do not take a FindObjectsSortMode parameter.'

Assets\TumbangPreso\Runtime\Abilities\VoodooDollBody.cs(145,34): warning CS0618: 'Object.FindObjectsByType<T>(FindObjectsInactive, FindObjectsSortMode)' is obsolete: 'FindObjectsByType with FindObjectsSortMode parameter has been deprecated. Use FindObjectsByType<T>() or FindObjectsByType<T>(FindObjectsInactive) instead. InstanceID will be replaced in the future with EntityId and previous sort order cannot be maintained.'

Assets\TumbangPreso\Runtime\CombatVerbs.cs(570,58): warning CS0618: 'FindObjectsSortMode' is obsolete: 'FindObjectsSortMode has been deprecated. Use the FindObjectsByType overloads that do not take a FindObjectsSortMode parameter.'

Assets\TumbangPreso\Runtime\CombatVerbs.cs(570,31): warning CS0618: 'Object.FindObjectsByType<T>(FindObjectsSortMode)' is obsolete: 'FindObjectsByType with FindObjectsSortMode parameter has been deprecated. Use FindObjectsByType<T>() or FindObjectsByType<T>(FindObjectsInactive) instead. InstanceID will be replaced in the future with EntityId and previous sort order cannot be maintained.'

Assets\TumbangPreso\Runtime\CombatVerbs.cs(681,58): warning CS0618: 'FindObjectsSortMode' is obsolete: 'FindObjectsSortMode has been deprecated. Use the FindObjectsByType overloads that do not take a FindObjectsSortMode parameter.'

Assets\TumbangPreso\Runtime\CombatVerbs.cs(681,31): warning CS0618: 'Object.FindObjectsByType<T>(FindObjectsSortMode)' is obsolete: 'FindObjectsByType with FindObjectsSortMode parameter has been deprecated. Use FindObjectsByType<T>() or FindObjectsByType<T>(FindObjectsInactive) instead. InstanceID will be replaced in the future with EntityId and previous sort order cannot be maintained.'

Assets\TumbangPreso\Runtime\DebugPlayerSwitcher.cs(224,27): warning CS0618: 'Object.FindFirstObjectByType<T>()' is obsolete: 'FindFirstObjectByType has been deprecated because it relies on instance ID ordering. Use FindAnyObjectByType instead, which does not depend on ordering.'

Assets\TumbangPreso\Runtime\DebugPlayerSwitcher.cs(242,21): warning CS0618: 'Object.FindFirstObjectByType<T>()' is obsolete: 'FindFirstObjectByType has been deprecated because it relies on instance ID ordering. Use FindAnyObjectByType instead, which does not depend on ordering.'

Assets\TumbangPreso\Runtime\DebugPlayerSwitcher.cs(246,27): warning CS0618: 'Object.FindFirstObjectByType<T>()' is obsolete: 'FindFirstObjectByType has been deprecated because it relies on instance ID ordering. Use FindAnyObjectByType instead, which does not depend on ordering.'

Assets\TumbangPreso\Runtime\DebugPlayerSwitcher.cs(249,29): warning CS0618: 'Object.FindFirstObjectByType<T>()' is obsolete: 'FindFirstObjectByType has been deprecated because it relies on instance ID ordering. Use FindAnyObjectByType instead, which does not depend on ordering.'

Assets\TumbangPreso\Runtime\DebugPlayerSwitcher.cs(251,31): warning CS0618: 'Object.FindFirstObjectByType<T>()' is obsolete: 'FindFirstObjectByType has been deprecated because it relies on instance ID ordering. Use FindAnyObjectByType instead, which does not depend on ordering.'

Assets\TumbangPreso\Runtime\Abilities\RafiWaterField.cs(144,55): warning CS0618: 'FindObjectsSortMode' is obsolete: 'FindObjectsSortMode has been deprecated. Use the FindObjectsByType overloads that do not take a FindObjectsSortMode parameter.'

Assets\TumbangPreso\Runtime\Abilities\RafiWaterField.cs(144,28): warning CS0618: 'Object.FindObjectsByType<T>(FindObjectsSortMode)' is obsolete: 'FindObjectsByType with FindObjectsSortMode parameter has been deprecated. Use FindObjectsByType<T>() or FindObjectsByType<T>(FindObjectsInactive) instead. InstanceID will be replaced in the future with EntityId and previous sort order cannot be maintained.'

Assets\TumbangPreso\Runtime\Diagnostics\WorldShadowSweepProbe.cs(97,67): warning CS0618: 'FindObjectsSortMode' is obsolete: 'FindObjectsSortMode has been deprecated. Use the FindObjectsByType overloads that do not take a FindObjectsSortMode parameter.'

Assets\TumbangPreso\Runtime\Diagnostics\WorldShadowSweepProbe.cs(97,35): warning CS0618: 'Object.FindObjectsByType<T>(FindObjectsSortMode)' is obsolete: 'FindObjectsByType with FindObjectsSortMode parameter has been deprecated. Use FindObjectsByType<T>() or FindObjectsByType<T>(FindObjectsInactive) instead. InstanceID will be replaced in the future with EntityId and previous sort order cannot be maintained.'

Assets\TumbangPreso\Runtime\Diagnostics\WorldShadowSweepProbe.cs(98,72): warning CS0618: 'FindObjectsSortMode' is obsolete: 'FindObjectsSortMode has been deprecated. Use the FindObjectsByType overloads that do not take a FindObjectsSortMode parameter.'

Assets\TumbangPreso\Runtime\Diagnostics\WorldShadowSweepProbe.cs(98,35): warning CS0618: 'Object.FindObjectsByType<T>(FindObjectsSortMode)' is obsolete: 'FindObjectsByType with FindObjectsSortMode parameter has been deprecated. Use FindObjectsByType<T>() or FindObjectsByType<T>(FindObjectsInactive) instead. InstanceID will be replaced in the future with EntityId and previous sort order cannot be maintained.'

Assets\TumbangPreso\Runtime\Diagnostics\WorldShadowSweepProbe.cs(100,23): warning CS0618: 'Object.FindFirstObjectByType<T>()' is obsolete: 'FindFirstObjectByType has been deprecated because it relies on instance ID ordering. Use FindAnyObjectByType instead, which does not depend on ordering.'

Assets\TumbangPreso\Runtime\Diagnostics\WorldShadowSweepProbe.cs(104,44): warning CS0618: 'FindObjectsSortMode' is obsolete: 'FindObjectsSortMode has been deprecated. Use the FindObjectsByType overloads that do not take a FindObjectsSortMode parameter.'

Assets\TumbangPreso\Runtime\Diagnostics\WorldShadowSweepProbe.cs(104,19): warning CS0618: 'Object.FindObjectsByType<T>(FindObjectsSortMode)' is obsolete: 'FindObjectsByType with FindObjectsSortMode parameter has been deprecated. Use FindObjectsByType<T>() or FindObjectsByType<T>(FindObjectsInactive) instead. InstanceID will be replaced in the future with EntityId and previous sort order cannot be maintained.'

Assets\TumbangPreso\Runtime\Diagnostics\WorldGraphicsProbe.cs(82,32): warning CS0618: 'Object.FindFirstObjectByType<T>()' is obsolete: 'FindFirstObjectByType has been deprecated because it relies on instance ID ordering. Use FindAnyObjectByType instead, which does not depend on ordering.'

Assets\TumbangPreso\Runtime\Diagnostics\WorldGraphicsProbe.cs(84,74): warning CS0618: 'FindObjectsSortMode' is obsolete: 'FindObjectsSortMode has been deprecated. Use the FindObjectsByType overloads that do not take a FindObjectsSortMode parameter.'

Assets\TumbangPreso\Runtime\Diagnostics\WorldGraphicsProbe.cs(84,42): warning CS0618: 'Object.FindObjectsByType<T>(FindObjectsSortMode)' is obsolete: 'FindObjectsByType with FindObjectsSortMode parameter has been deprecated. Use FindObjectsByType<T>() or FindObjectsByType<T>(FindObjectsInactive) instead. InstanceID will be replaced in the future with EntityId and previous sort order cannot be maintained.'

Assets\TumbangPreso\Runtime\Diagnostics\WorldGraphicsProbe.cs(85,79): warning CS0618: 'FindObjectsSortMode' is obsolete: 'FindObjectsSortMode has been deprecated. Use the FindObjectsByType overloads that do not take a FindObjectsSortMode parameter.'

Assets\TumbangPreso\Runtime\Diagnostics\WorldGraphicsProbe.cs(85,42): warning CS0618: 'Object.FindObjectsByType<T>(FindObjectsSortMode)' is obsolete: 'FindObjectsByType with FindObjectsSortMode parameter has been deprecated. Use FindObjectsByType<T>() or FindObjectsByType<T>(FindObjectsInactive) instead. InstanceID will be replaced in the future with EntityId and previous sort order cannot be maintained.'

Assets\TumbangPreso\Runtime\Diagnostics\WorldGraphicsProbe.cs(93,29): warning CS0618: 'Object.FindFirstObjectByType<T>()' is obsolete: 'FindFirstObjectByType has been deprecated because it relies on instance ID ordering. Use FindAnyObjectByType instead, which does not depend on ordering.'

Assets\TumbangPreso\Runtime\Diagnostics\WorldGraphicsProbe.cs(99,41): warning CS0618: 'Object.FindFirstObjectByType<T>()' is obsolete: 'FindFirstObjectByType has been deprecated because it relies on instance ID ordering. Use FindAnyObjectByType instead, which does not depend on ordering.'

Assets\TumbangPreso\Runtime\CharacterMotor.cs(797,20): warning CS0618: 'Object.FindFirstObjectByType<T>()' is obsolete: 'FindFirstObjectByType has been deprecated because it relies on instance ID ordering. Use FindAnyObjectByType instead, which does not depend on ordering.'

Assets\TumbangPreso\Runtime\Camera\SpectatorCamera.cs(982,20): warning CS0618: 'Object.FindFirstObjectByType<T>()' is obsolete: 'FindFirstObjectByType has been deprecated because it relies on instance ID ordering. Use FindAnyObjectByType instead, which does not depend on ordering.'

Assets\TumbangPreso\Runtime\Abilities\HeroHazards.cs(1294,98): warning CS0618: 'FindObjectsSortMode' is obsolete: 'FindObjectsSortMode has been deprecated. Use the FindObjectsByType overloads that do not take a FindObjectsSortMode parameter.'

Assets\TumbangPreso\Runtime\Abilities\HeroHazards.cs(1294,35): warning CS0618: 'Object.FindObjectsByType<T>(FindObjectsInactive, FindObjectsSortMode)' is obsolete: 'FindObjectsByType with FindObjectsSortMode parameter has been deprecated. Use FindObjectsByType<T>() or FindObjectsByType<T>(FindObjectsInactive) instead. InstanceID will be replaced in the future with EntityId and previous sort order cannot be maintained.'

Assets\TumbangPreso\Runtime\Diagnostics\OwnerUiPlayerReview.Accessibility.cs(81,24): warning CS0618: 'Object.FindFirstObjectByType<T>()' is obsolete: 'FindFirstObjectByType has been deprecated because it relies on instance ID ordering. Use FindAnyObjectByType instead, which does not depend on ordering.'

Assets\TumbangPreso\Runtime\Diagnostics\OwnerUiPlayerReview.Accessibility.cs(119,44): warning CS0618: 'Object.FindFirstObjectByType<T>()' is obsolete: 'FindFirstObjectByType has been deprecated because it relies on instance ID ordering. Use FindAnyObjectByType instead, which does not depend on ordering.'

Assets\TumbangPreso\Runtime\Diagnostics\OwnerUiPlayerReview.Controls.cs(21,24): warning CS0618: 'Object.FindFirstObjectByType<T>()' is obsolete: 'FindFirstObjectByType has been deprecated because it relies on instance ID ordering. Use FindAnyObjectByType instead, which does not depend on ordering.'

Assets\TumbangPreso\Runtime\Camera\SpectatorInterest.cs(772,50): warning CS0618: 'FindObjectsSortMode' is obsolete: 'FindObjectsSortMode has been deprecated. Use the FindObjectsByType overloads that do not take a FindObjectsSortMode parameter.'

Assets\TumbangPreso\Runtime\Camera\SpectatorInterest.cs(771,29): warning CS0618: 'Object.FindObjectsByType<T>(FindObjectsInactive, FindObjectsSortMode)' is obsolete: 'FindObjectsByType with FindObjectsSortMode parameter has been deprecated. Use FindObjectsByType<T>() or FindObjectsByType<T>(FindObjectsInactive) instead. InstanceID will be replaced in the future with EntityId and previous sort order cannot be maintained.'

Assets\TumbangPreso\Runtime\Diagnostics\NetAutomationProbe.cs(118,24): warning CS0618: 'Object.FindFirstObjectByType<T>()' is obsolete: 'FindFirstObjectByType has been deprecated because it relies on instance ID ordering. Use FindAnyObjectByType instead, which does not depend on ordering.'

Assets\TumbangPreso\Runtime\Diagnostics\NetAutomationProbe.cs(158,26): warning CS0618: 'Object.FindFirstObjectByType<T>()' is obsolete: 'FindFirstObjectByType has been deprecated because it relies on instance ID ordering. Use FindAnyObjectByType instead, which does not depend on ordering.'

Assets\TumbangPreso\Runtime\Diagnostics\NetAutomationProbe.cs(164,26): warning CS0618: 'Object.FindFirstObjectByType<T>()' is obsolete: 'FindFirstObjectByType has been deprecated because it relies on instance ID ordering. Use FindAnyObjectByType instead, which does not depend on ordering.'

Assets\TumbangPreso\Runtime\Camera\SpectatorCamera.cs(2597,72): warning CS0618: 'FindObjectsSortMode' is obsolete: 'FindObjectsSortMode has been deprecated. Use the FindObjectsByType overloads that do not take a FindObjectsSortMode parameter.'

Assets\TumbangPreso\Runtime\Camera\SpectatorCamera.cs(2596,38): warning CS0618: 'Object.FindObjectsByType<T>(FindObjectsInactive, FindObjectsSortMode)' is obsolete: 'FindObjectsByType with FindObjectsSortMode parameter has been deprecated. Use FindObjectsByType<T>() or FindObjectsByType<T>(FindObjectsInactive) instead. InstanceID will be replaced in the future with EntityId and previous sort order cannot be maintained.'

Assets\TumbangPreso\Runtime\GuidedTraining.cs(197,73): warning CS0618: 'FindObjectsSortMode' is obsolete: 'FindObjectsSortMode has been deprecated. Use the FindObjectsByType overloads that do not take a FindObjectsSortMode parameter.'

Assets\TumbangPreso\Runtime\GuidedTraining.cs(197,36): warning CS0618: 'Object.FindObjectsByType<T>(FindObjectsSortMode)' is obsolete: 'FindObjectsByType with FindObjectsSortMode parameter has been deprecated. Use FindObjectsByType<T>() or FindObjectsByType<T>(FindObjectsInactive) instead. InstanceID will be replaced in the future with EntityId and previous sort order cannot be maintained.'

Assets\TumbangPreso\Runtime\GuidedTraining.cs(199,27): warning CS0618: 'Object.FindFirstObjectByType<T>()' is obsolete: 'FindFirstObjectByType has been deprecated because it relies on instance ID ordering. Use FindAnyObjectByType instead, which does not depend on ordering.'

Assets\TumbangPreso\Runtime\GuidedTraining.cs(2242,27): warning CS0618: 'Object.FindFirstObjectByType<T>()' is obsolete: 'FindFirstObjectByType has been deprecated because it relies on instance ID ordering. Use FindAnyObjectByType instead, which does not depend on ordering.'

Assets\TumbangPreso\Runtime\Input\UiInputModule.cs(45,26): warning CS0618: 'Object.FindFirstObjectByType<T>()' is obsolete: 'FindFirstObjectByType has been deprecated because it relies on instance ID ordering. Use FindAnyObjectByType instead, which does not depend on ordering.'

Assets\TumbangPreso\Runtime\Diagnostics\NetDanteProbe.cs(105,25): warning CS0618: 'Object.FindFirstObjectByType<T>()' is obsolete: 'FindFirstObjectByType has been deprecated because it relies on instance ID ordering. Use FindAnyObjectByType instead, which does not depend on ordering.'

Assets\TumbangPreso\Runtime\Diagnostics\NetDanteProbe.cs(109,67): warning CS0618: 'FindObjectsSortMode' is obsolete: 'FindObjectsSortMode has been deprecated. Use the FindObjectsByType overloads that do not take a FindObjectsSortMode parameter.'

Assets\TumbangPreso\Runtime\Diagnostics\NetDanteProbe.cs(109,35): warning CS0618: 'Object.FindObjectsByType<T>(FindObjectsSortMode)' is obsolete: 'FindObjectsByType with FindObjectsSortMode parameter has been deprecated. Use FindObjectsByType<T>() or FindObjectsByType<T>(FindObjectsInactive) instead. InstanceID will be replaced in the future with EntityId and previous sort order cannot be maintained.'

Assets\TumbangPreso\Runtime\Diagnostics\NetDanteProbe.cs(110,73): warning CS0618: 'FindObjectsSortMode' is obsolete: 'FindObjectsSortMode has been deprecated. Use the FindObjectsByType overloads that do not take a FindObjectsSortMode parameter.'

Assets\TumbangPreso\Runtime\Diagnostics\NetDanteProbe.cs(110,36): warning CS0618: 'Object.FindObjectsByType<T>(FindObjectsSortMode)' is obsolete: 'FindObjectsByType with FindObjectsSortMode parameter has been deprecated. Use FindObjectsByType<T>() or FindObjectsByType<T>(FindObjectsInactive) instead. InstanceID will be replaced in the future with EntityId and previous sort order cannot be maintained.'

Assets\TumbangPreso\Runtime\Diagnostics\NetDanteProbe.cs(216,73): warning CS0618: 'FindObjectsSortMode' is obsolete: 'FindObjectsSortMode has been deprecated. Use the FindObjectsByType overloads that do not take a FindObjectsSortMode parameter.'

Assets\TumbangPreso\Runtime\Diagnostics\NetDanteProbe.cs(216,46): warning CS0618: 'Object.FindObjectsByType<T>(FindObjectsSortMode)' is obsolete: 'FindObjectsByType with FindObjectsSortMode parameter has been deprecated. Use FindObjectsByType<T>() or FindObjectsByType<T>(FindObjectsInactive) instead. InstanceID will be replaced in the future with EntityId and previous sort order cannot be maintained.'

Assets\TumbangPreso\Runtime\Diagnostics\NetDanteProbe.cs(226,59): warning CS0618: 'FindObjectsSortMode' is obsolete: 'FindObjectsSortMode has been deprecated. Use the FindObjectsByType overloads that do not take a FindObjectsSortMode parameter.'

Assets\TumbangPreso\Runtime\Diagnostics\NetDanteProbe.cs(226,21): warning CS0618: 'Object.FindObjectsByType<T>(FindObjectsSortMode)' is obsolete: 'FindObjectsByType with FindObjectsSortMode parameter has been deprecated. Use FindObjectsByType<T>() or FindObjectsByType<T>(FindObjectsInactive) instead. InstanceID will be replaced in the future with EntityId and previous sort order cannot be maintained.'

Assets\TumbangPreso\Runtime\Diagnostics\NetDanteProbe.cs(236,87): warning CS0618: 'FindObjectsSortMode' is obsolete: 'FindObjectsSortMode has been deprecated. Use the FindObjectsByType overloads that do not take a FindObjectsSortMode parameter.'

Assets\TumbangPreso\Runtime\Diagnostics\NetDanteProbe.cs(236,37): warning CS0618: 'Object.FindObjectsByType<T>(FindObjectsSortMode)' is obsolete: 'FindObjectsByType with FindObjectsSortMode parameter has been deprecated. Use FindObjectsByType<T>() or FindObjectsByType<T>(FindObjectsInactive) instead. InstanceID will be replaced in the future with EntityId and previous sort order cannot be maintained.'

Assets\TumbangPreso\Runtime\Diagnostics\NetDanteProbe.cs(237,88): warning CS0618: 'FindObjectsSortMode' is obsolete: 'FindObjectsSortMode has been deprecated. Use the FindObjectsByType overloads that do not take a FindObjectsSortMode parameter.'

Assets\TumbangPreso\Runtime\Diagnostics\NetDanteProbe.cs(237,37): warning CS0618: 'Object.FindObjectsByType<T>(FindObjectsSortMode)' is obsolete: 'FindObjectsByType with FindObjectsSortMode parameter has been deprecated. Use FindObjectsByType<T>() or FindObjectsByType<T>(FindObjectsInactive) instead. InstanceID will be replaced in the future with EntityId and previous sort order cannot be maintained.'

Assets\TumbangPreso\Runtime\GuidedTraining.cs(830,26): warning CS0618: 'FindObjectsSortMode' is obsolete: 'FindObjectsSortMode has been deprecated. Use the FindObjectsByType overloads that do not take a FindObjectsSortMode parameter.'

Assets\TumbangPreso\Runtime\GuidedTraining.cs(829,36): warning CS0618: 'Object.FindObjectsByType<T>(FindObjectsSortMode)' is obsolete: 'FindObjectsByType with FindObjectsSortMode parameter has been deprecated. Use FindObjectsByType<T>() or FindObjectsByType<T>(FindObjectsInactive) instead. InstanceID will be replaced in the future with EntityId and previous sort order cannot be maintained.'

Assets\TumbangPreso\Runtime\Diagnostics\NetFamiliarProbe.cs(58,23): warning CS0618: 'Object.FindFirstObjectByType<T>()' is obsolete: 'FindFirstObjectByType has been deprecated because it relies on instance ID ordering. Use FindAnyObjectByType instead, which does not depend on ordering.'

Assets\TumbangPreso\Runtime\Diagnostics\NetFamiliarProbe.cs(77,66): warning CS0618: 'FindObjectsSortMode' is obsolete: 'FindObjectsSortMode has been deprecated. Use the FindObjectsByType overloads that do not take a FindObjectsSortMode parameter.'

Assets\TumbangPreso\Runtime\Diagnostics\NetFamiliarProbe.cs(77,34): warning CS0618: 'Object.FindObjectsByType<T>(FindObjectsSortMode)' is obsolete: 'FindObjectsByType with FindObjectsSortMode parameter has been deprecated. Use FindObjectsByType<T>() or FindObjectsByType<T>(FindObjectsInactive) instead. InstanceID will be replaced in the future with EntityId and previous sort order cannot be maintained.'

Assets\TumbangPreso\Runtime\Diagnostics\NetFamiliarProbe.cs(78,72): warning CS0618: 'FindObjectsSortMode' is obsolete: 'FindObjectsSortMode has been deprecated. Use the FindObjectsByType overloads that do not take a FindObjectsSortMode parameter.'

Assets\TumbangPreso\Runtime\Diagnostics\NetFamiliarProbe.cs(78,35): warning CS0618: 'Object.FindObjectsByType<T>(FindObjectsSortMode)' is obsolete: 'FindObjectsByType with FindObjectsSortMode parameter has been deprecated. Use FindObjectsByType<T>() or FindObjectsByType<T>(FindObjectsInactive) instead. InstanceID will be replaced in the future with EntityId and previous sort order cannot be maintained.'

Assets\TumbangPreso\Runtime\Diagnostics\NetFamiliarProbe.cs(140,89): warning CS0618: 'FindObjectsSortMode' is obsolete: 'FindObjectsSortMode has been deprecated. Use the FindObjectsByType overloads that do not take a FindObjectsSortMode parameter.'

Assets\TumbangPreso\Runtime\Diagnostics\NetFamiliarProbe.cs(140,28): warning CS0618: 'Object.FindObjectsByType<T>(FindObjectsSortMode)' is obsolete: 'FindObjectsByType with FindObjectsSortMode parameter has been deprecated. Use FindObjectsByType<T>() or FindObjectsByType<T>(FindObjectsInactive) instead. InstanceID will be replaced in the future with EntityId and previous sort order cannot be maintained.'

Assets\TumbangPreso\Runtime\Diagnostics\NetPeerDepartureProbe.cs(89,71): warning CS0618: 'FindObjectsSortMode' is obsolete: 'FindObjectsSortMode has been deprecated. Use the FindObjectsByType overloads that do not take a FindObjectsSortMode parameter.'

Assets\TumbangPreso\Runtime\Diagnostics\NetPeerDepartureProbe.cs(89,32): warning CS0618: 'Object.FindObjectsByType<T>(FindObjectsSortMode)' is obsolete: 'FindObjectsByType with FindObjectsSortMode parameter has been deprecated. Use FindObjectsByType<T>() or FindObjectsByType<T>(FindObjectsInactive) instead. InstanceID will be replaced in the future with EntityId and previous sort order cannot be maintained.'

Assets\TumbangPreso\Runtime\Diagnostics\NetIceProbe.cs(75,23): warning CS0618: 'Object.FindFirstObjectByType<T>()' is obsolete: 'FindFirstObjectByType has been deprecated because it relies on instance ID ordering. Use FindAnyObjectByType instead, which does not depend on ordering.'

Assets\TumbangPreso\Runtime\Diagnostics\NetIceProbe.cs(78,66): warning CS0618: 'FindObjectsSortMode' is obsolete: 'FindObjectsSortMode has been deprecated. Use the FindObjectsByType overloads that do not take a FindObjectsSortMode parameter.'

Assets\TumbangPreso\Runtime\Diagnostics\NetIceProbe.cs(78,34): warning CS0618: 'Object.FindObjectsByType<T>(FindObjectsSortMode)' is obsolete: 'FindObjectsByType with FindObjectsSortMode parameter has been deprecated. Use FindObjectsByType<T>() or FindObjectsByType<T>(FindObjectsInactive) instead. InstanceID will be replaced in the future with EntityId and previous sort order cannot be maintained.'

Assets\TumbangPreso\Runtime\Diagnostics\NetIceProbe.cs(79,71): warning CS0618: 'FindObjectsSortMode' is obsolete: 'FindObjectsSortMode has been deprecated. Use the FindObjectsByType overloads that do not take a FindObjectsSortMode parameter.'

Assets\TumbangPreso\Runtime\Diagnostics\NetIceProbe.cs(79,34): warning CS0618: 'Object.FindObjectsByType<T>(FindObjectsSortMode)' is obsolete: 'FindObjectsByType with FindObjectsSortMode parameter has been deprecated. Use FindObjectsByType<T>() or FindObjectsByType<T>(FindObjectsInactive) instead. InstanceID will be replaced in the future with EntityId and previous sort order cannot be maintained.'

Assets\TumbangPreso\Runtime\Diagnostics\NetIceProbe.cs(131,73): warning CS0618: 'FindObjectsSortMode' is obsolete: 'FindObjectsSortMode has been deprecated. Use the FindObjectsByType overloads that do not take a FindObjectsSortMode parameter.'

Assets\TumbangPreso\Runtime\Diagnostics\NetIceProbe.cs(131,24): warning CS0618: 'Object.FindObjectsByType<T>(FindObjectsSortMode)' is obsolete: 'FindObjectsByType with FindObjectsSortMode parameter has been deprecated. Use FindObjectsByType<T>() or FindObjectsByType<T>(FindObjectsInactive) instead. InstanceID will be replaced in the future with EntityId and previous sort order cannot be maintained.'

Assets\TumbangPreso\Runtime\Diagnostics\NetIceProbe.cs(132,76): warning CS0618: 'FindObjectsSortMode' is obsolete: 'FindObjectsSortMode has been deprecated. Use the FindObjectsByType overloads that do not take a FindObjectsSortMode parameter.'

Assets\TumbangPreso\Runtime\Diagnostics\NetIceProbe.cs(132,23): warning CS0618: 'Object.FindObjectsByType<T>(FindObjectsSortMode)' is obsolete: 'FindObjectsByType with FindObjectsSortMode parameter has been deprecated. Use FindObjectsByType<T>() or FindObjectsByType<T>(FindObjectsInactive) instead. InstanceID will be replaced in the future with EntityId and previous sort order cannot be maintained.'

Assets\TumbangPreso\Runtime\Input\InputCatalogue.cs(141,56): warning CS8524: The switch expression does not handle some values of its input type (it is not exhaustive) involving an unnamed enum value. For example, the pattern '(TumbangPreso.Verb)10' is not covered.

Assets\TumbangPreso\Runtime\Diagnostics\NetIceProbe.cs(169,23): warning CS0618: 'Object.FindFirstObjectByType<T>()' is obsolete: 'FindFirstObjectByType has been deprecated because it relies on instance ID ordering. Use FindAnyObjectByType instead, which does not depend on ordering.'

Assets\TumbangPreso\Runtime\Diagnostics\NetIceProbe.cs(179,70): warning CS0618: 'FindObjectsSortMode' is obsolete: 'FindObjectsSortMode has been deprecated. Use the FindObjectsByType overloads that do not take a FindObjectsSortMode parameter.'

Assets\TumbangPreso\Runtime\Diagnostics\NetIceProbe.cs(179,38): warning CS0618: 'Object.FindObjectsByType<T>(FindObjectsSortMode)' is obsolete: 'FindObjectsByType with FindObjectsSortMode parameter has been deprecated. Use FindObjectsByType<T>() or FindObjectsByType<T>(FindObjectsInactive) instead. InstanceID will be replaced in the future with EntityId and previous sort order cannot be maintained.'

Assets\TumbangPreso\Runtime\Diagnostics\NetIceProbe.cs(180,75): warning CS0618: 'FindObjectsSortMode' is obsolete: 'FindObjectsSortMode has been deprecated. Use the FindObjectsByType overloads that do not take a FindObjectsSortMode parameter.'

Assets\TumbangPreso\Runtime\Diagnostics\NetIceProbe.cs(180,38): warning CS0618: 'Object.FindObjectsByType<T>(FindObjectsSortMode)' is obsolete: 'FindObjectsByType with FindObjectsSortMode parameter has been deprecated. Use FindObjectsByType<T>() or FindObjectsByType<T>(FindObjectsInactive) instead. InstanceID will be replaced in the future with EntityId and previous sort order cannot be maintained.'

Assets\TumbangPreso\Runtime\Diagnostics\NetPersonalBuffProbe.cs(77,23): warning CS0618: 'Object.FindFirstObjectByType<T>()' is obsolete: 'FindFirstObjectByType has been deprecated because it relies on instance ID ordering. Use FindAnyObjectByType instead, which does not depend on ordering.'

Assets\TumbangPreso\Runtime\Diagnostics\NetPersonalBuffProbe.cs(80,66): warning CS0618: 'FindObjectsSortMode' is obsolete: 'FindObjectsSortMode has been deprecated. Use the FindObjectsByType overloads that do not take a FindObjectsSortMode parameter.'

Assets\TumbangPreso\Runtime\Diagnostics\NetPersonalBuffProbe.cs(80,34): warning CS0618: 'Object.FindObjectsByType<T>(FindObjectsSortMode)' is obsolete: 'FindObjectsByType with FindObjectsSortMode parameter has been deprecated. Use FindObjectsByType<T>() or FindObjectsByType<T>(FindObjectsInactive) instead. InstanceID will be replaced in the future with EntityId and previous sort order cannot be maintained.'

Assets\TumbangPreso\Runtime\Diagnostics\NetPersonalBuffProbe.cs(81,71): warning CS0618: 'FindObjectsSortMode' is obsolete: 'FindObjectsSortMode has been deprecated. Use the FindObjectsByType overloads that do not take a FindObjectsSortMode parameter.'

Assets\TumbangPreso\Runtime\Diagnostics\NetPersonalBuffProbe.cs(81,34): warning CS0618: 'Object.FindObjectsByType<T>(FindObjectsSortMode)' is obsolete: 'FindObjectsByType with FindObjectsSortMode parameter has been deprecated. Use FindObjectsByType<T>() or FindObjectsByType<T>(FindObjectsInactive) instead. InstanceID will be replaced in the future with EntityId and previous sort order cannot be maintained.'

Assets\TumbangPreso\Runtime\Diagnostics\NetPhaisterProbe.cs(93,25): warning CS0618: 'Object.FindFirstObjectByType<T>()' is obsolete: 'FindFirstObjectByType has been deprecated because it relies on instance ID ordering. Use FindAnyObjectByType instead, which does not depend on ordering.'

Assets\TumbangPreso\Runtime\Diagnostics\NetPhaisterProbe.cs(99,67): warning CS0618: 'FindObjectsSortMode' is obsolete: 'FindObjectsSortMode has been deprecated. Use the FindObjectsByType overloads that do not take a FindObjectsSortMode parameter.'

Assets\TumbangPreso\Runtime\Diagnostics\NetPhaisterProbe.cs(99,35): warning CS0618: 'Object.FindObjectsByType<T>(FindObjectsSortMode)' is obsolete: 'FindObjectsByType with FindObjectsSortMode parameter has been deprecated. Use FindObjectsByType<T>() or FindObjectsByType<T>(FindObjectsInactive) instead. InstanceID will be replaced in the future with EntityId and previous sort order cannot be maintained.'

Assets\TumbangPreso\Runtime\Diagnostics\NetPhaisterProbe.cs(100,72): warning CS0618: 'FindObjectsSortMode' is obsolete: 'FindObjectsSortMode has been deprecated. Use the FindObjectsByType overloads that do not take a FindObjectsSortMode parameter.'

Assets\TumbangPreso\Runtime\Diagnostics\NetPhaisterProbe.cs(100,35): warning CS0618: 'Object.FindObjectsByType<T>(FindObjectsSortMode)' is obsolete: 'FindObjectsByType with FindObjectsSortMode parameter has been deprecated. Use FindObjectsByType<T>() or FindObjectsByType<T>(FindObjectsInactive) instead. InstanceID will be replaced in the future with EntityId and previous sort order cannot be maintained.'

Assets\TumbangPreso\Runtime\Diagnostics\NetPhaisterProbe.cs(154,79): warning CS0618: 'FindObjectsSortMode' is obsolete: 'FindObjectsSortMode has been deprecated. Use the FindObjectsByType overloads that do not take a FindObjectsSortMode parameter.'

Assets\TumbangPreso\Runtime\Diagnostics\NetPhaisterProbe.cs(154,31): warning CS0618: 'Object.FindObjectsByType<T>(FindObjectsSortMode)' is obsolete: 'FindObjectsByType with FindObjectsSortMode parameter has been deprecated. Use FindObjectsByType<T>() or FindObjectsByType<T>(FindObjectsInactive) instead. InstanceID will be replaced in the future with EntityId and previous sort order cannot be maintained.'

Assets\TumbangPreso\Runtime\Diagnostics\NetPhaisterProbe.cs(160,49): warning CS0618: 'FindObjectsSortMode' is obsolete: 'FindObjectsSortMode has been deprecated. Use the FindObjectsByType overloads that do not take a FindObjectsSortMode parameter.'

Assets\TumbangPreso\Runtime\Diagnostics\NetPhaisterProbe.cs(160,21): warning CS0618: 'Object.FindObjectsByType<T>(FindObjectsSortMode)' is obsolete: 'FindObjectsByType with FindObjectsSortMode parameter has been deprecated. Use FindObjectsByType<T>() or FindObjectsByType<T>(FindObjectsInactive) instead. InstanceID will be replaced in the future with EntityId and previous sort order cannot be maintained.'

Assets\TumbangPreso\Runtime\Diagnostics\NetRoofProbe.cs(67,23): warning CS0618: 'Object.FindFirstObjectByType<T>()' is obsolete: 'FindFirstObjectByType has been deprecated because it relies on instance ID ordering. Use FindAnyObjectByType instead, which does not depend on ordering.'

Assets\TumbangPreso\Runtime\Diagnostics\NetRoofProbe.cs(69,23): warning CS0618: 'Object.FindFirstObjectByType<T>()' is obsolete: 'FindFirstObjectByType has been deprecated because it relies on instance ID ordering. Use FindAnyObjectByType instead, which does not depend on ordering.'

Assets\TumbangPreso\Runtime\Diagnostics\NetRoofProbe.cs(71,63): warning CS0618: 'FindObjectsSortMode' is obsolete: 'FindObjectsSortMode has been deprecated. Use the FindObjectsByType overloads that do not take a FindObjectsSortMode parameter.'

Assets\TumbangPreso\Runtime\Diagnostics\NetRoofProbe.cs(71,31): warning CS0618: 'Object.FindObjectsByType<T>(FindObjectsSortMode)' is obsolete: 'FindObjectsByType with FindObjectsSortMode parameter has been deprecated. Use FindObjectsByType<T>() or FindObjectsByType<T>(FindObjectsInactive) instead. InstanceID will be replaced in the future with EntityId and previous sort order cannot be maintained.'

Assets\TumbangPreso\Runtime\Diagnostics\NetRoofProbe.cs(72,72): warning CS0618: 'FindObjectsSortMode' is obsolete: 'FindObjectsSortMode has been deprecated. Use the FindObjectsByType overloads that do not take a FindObjectsSortMode parameter.'

Assets\TumbangPreso\Runtime\Diagnostics\NetRoofProbe.cs(72,35): warning CS0618: 'Object.FindObjectsByType<T>(FindObjectsSortMode)' is obsolete: 'FindObjectsByType with FindObjectsSortMode parameter has been deprecated. Use FindObjectsByType<T>() or FindObjectsByType<T>(FindObjectsInactive) instead. InstanceID will be replaced in the future with EntityId and previous sort order cannot be maintained.'

Assets\TumbangPreso\Runtime\Diagnostics\NetRoofProbe.cs(87,17): warning CS0618: 'Object.FindFirstObjectByType<T>()' is obsolete: 'FindFirstObjectByType has been deprecated because it relies on instance ID ordering. Use FindAnyObjectByType instead, which does not depend on ordering.'

Assets\TumbangPreso\Runtime\Diagnostics\NetStateReport.cs(120,33): warning CS0618: 'Object.FindFirstObjectByType<T>()' is obsolete: 'FindFirstObjectByType has been deprecated because it relies on instance ID ordering. Use FindAnyObjectByType instead, which does not depend on ordering.'

Assets\TumbangPreso\Runtime\Diagnostics\NetStateReport.cs(121,29): warning CS0618: 'Object.FindFirstObjectByType<T>()' is obsolete: 'FindFirstObjectByType has been deprecated because it relies on instance ID ordering. Use FindAnyObjectByType instead, which does not depend on ordering.'

Assets\TumbangPreso\Runtime\Diagnostics\NetRoundBoundaryProbe.cs(51,67): warning CS0618: 'FindObjectsSortMode' is obsolete: 'FindObjectsSortMode has been deprecated. Use the FindObjectsByType overloads that do not take a FindObjectsSortMode parameter.'

Assets\TumbangPreso\Runtime\Diagnostics\NetRoundBoundaryProbe.cs(51,35): warning CS0618: 'Object.FindObjectsByType<T>(FindObjectsSortMode)' is obsolete: 'FindObjectsByType with FindObjectsSortMode parameter has been deprecated. Use FindObjectsByType<T>() or FindObjectsByType<T>(FindObjectsInactive) instead. InstanceID will be replaced in the future with EntityId and previous sort order cannot be maintained.'

Assets\TumbangPreso\Runtime\Diagnostics\NetRequestSafetyProbe.cs(168,67): warning CS0618: 'FindObjectsSortMode' is obsolete: 'FindObjectsSortMode has been deprecated. Use the FindObjectsByType overloads that do not take a FindObjectsSortMode parameter.'

Assets\TumbangPreso\Runtime\Diagnostics\NetRequestSafetyProbe.cs(168,35): warning CS0618: 'Object.FindObjectsByType<T>(FindObjectsSortMode)' is obsolete: 'FindObjectsByType with FindObjectsSortMode parameter has been deprecated. Use FindObjectsByType<T>() or FindObjectsByType<T>(FindObjectsInactive) instead. InstanceID will be replaced in the future with EntityId and previous sort order cannot be maintained.'

Assets\TumbangPreso\Runtime\Diagnostics\NetRequestSafetyProbe.cs(169,73): warning CS0618: 'FindObjectsSortMode' is obsolete: 'FindObjectsSortMode has been deprecated. Use the FindObjectsByType overloads that do not take a FindObjectsSortMode parameter.'

Assets\TumbangPreso\Runtime\Diagnostics\NetRequestSafetyProbe.cs(169,36): warning CS0618: 'Object.FindObjectsByType<T>(FindObjectsSortMode)' is obsolete: 'FindObjectsByType with FindObjectsSortMode parameter has been deprecated. Use FindObjectsByType<T>() or FindObjectsByType<T>(FindObjectsInactive) instead. InstanceID will be replaced in the future with EntityId and previous sort order cannot be maintained.'

Assets\TumbangPreso\Runtime\Diagnostics\NetStateReport.cs(218,58): warning CS0618: 'FindObjectsSortMode' is obsolete: 'FindObjectsSortMode has been deprecated. Use the FindObjectsByType overloads that do not take a FindObjectsSortMode parameter.'

Assets\TumbangPreso\Runtime\Diagnostics\NetStateReport.cs(217,31): warning CS0618: 'Object.FindObjectsByType<T>(FindObjectsInactive, FindObjectsSortMode)' is obsolete: 'FindObjectsByType with FindObjectsSortMode parameter has been deprecated. Use FindObjectsByType<T>() or FindObjectsByType<T>(FindObjectsInactive) instead. InstanceID will be replaced in the future with EntityId and previous sort order cannot be maintained.'

Assets\TumbangPreso\Runtime\Diagnostics\NetRoofProbe.cs(119,13): warning CS0618: 'Object.FindFirstObjectByType<T>()' is obsolete: 'FindFirstObjectByType has been deprecated because it relies on instance ID ordering. Use FindAnyObjectByType instead, which does not depend on ordering.'

Assets\TumbangPreso\Runtime\Diagnostics\NetSeanProbe.cs(67,25): warning CS0618: 'Object.FindFirstObjectByType<T>()' is obsolete: 'FindFirstObjectByType has been deprecated because it relies on instance ID ordering. Use FindAnyObjectByType instead, which does not depend on ordering.'

Assets\TumbangPreso\Runtime\Diagnostics\NetSeanProbe.cs(70,67): warning CS0618: 'FindObjectsSortMode' is obsolete: 'FindObjectsSortMode has been deprecated. Use the FindObjectsByType overloads that do not take a FindObjectsSortMode parameter.'

Assets\TumbangPreso\Runtime\Diagnostics\NetSeanProbe.cs(70,35): warning CS0618: 'Object.FindObjectsByType<T>(FindObjectsSortMode)' is obsolete: 'FindObjectsByType with FindObjectsSortMode parameter has been deprecated. Use FindObjectsByType<T>() or FindObjectsByType<T>(FindObjectsInactive) instead. InstanceID will be replaced in the future with EntityId and previous sort order cannot be maintained.'

Assets\TumbangPreso\Runtime\Diagnostics\NetSeanProbe.cs(71,72): warning CS0618: 'FindObjectsSortMode' is obsolete: 'FindObjectsSortMode has been deprecated. Use the FindObjectsByType overloads that do not take a FindObjectsSortMode parameter.'

Assets\TumbangPreso\Runtime\Diagnostics\NetSeanProbe.cs(71,35): warning CS0618: 'Object.FindObjectsByType<T>(FindObjectsSortMode)' is obsolete: 'FindObjectsByType with FindObjectsSortMode parameter has been deprecated. Use FindObjectsByType<T>() or FindObjectsByType<T>(FindObjectsInactive) instead. InstanceID will be replaced in the future with EntityId and previous sort order cannot be maintained.'

Assets\TumbangPreso\Runtime\Diagnostics\NetSeanProbe.cs(111,83): warning CS0618: 'FindObjectsSortMode' is obsolete: 'FindObjectsSortMode has been deprecated. Use the FindObjectsByType overloads that do not take a FindObjectsSortMode parameter.'

Assets\TumbangPreso\Runtime\Diagnostics\NetSeanProbe.cs(111,27): warning CS0618: 'Object.FindObjectsByType<T>(FindObjectsSortMode)' is obsolete: 'FindObjectsByType with FindObjectsSortMode parameter has been deprecated. Use FindObjectsByType<T>() or FindObjectsByType<T>(FindObjectsInactive) instead. InstanceID will be replaced in the future with EntityId and previous sort order cannot be maintained.'

Assets\TumbangPreso\Runtime\Diagnostics\NetSeanProbe.cs(118,91): warning CS0618: 'FindObjectsSortMode' is obsolete: 'FindObjectsSortMode has been deprecated. Use the FindObjectsByType overloads that do not take a FindObjectsSortMode parameter.'

Assets\TumbangPreso\Runtime\Diagnostics\NetSeanProbe.cs(118,53): warning CS0618: 'Object.FindObjectsByType<T>(FindObjectsSortMode)' is obsolete: 'FindObjectsByType with FindObjectsSortMode parameter has been deprecated. Use FindObjectsByType<T>() or FindObjectsByType<T>(FindObjectsInactive) instead. InstanceID will be replaced in the future with EntityId and previous sort order cannot be maintained.'

Assets\TumbangPreso\Runtime\Diagnostics\NetThrowProbe.cs(52,63): warning CS0618: 'FindObjectsSortMode' is obsolete: 'FindObjectsSortMode has been deprecated. Use the FindObjectsByType overloads that do not take a FindObjectsSortMode parameter.'

Assets\TumbangPreso\Runtime\Diagnostics\NetThrowProbe.cs(52,31): warning CS0618: 'Object.FindObjectsByType<T>(FindObjectsSortMode)' is obsolete: 'FindObjectsByType with FindObjectsSortMode parameter has been deprecated. Use FindObjectsByType<T>() or FindObjectsByType<T>(FindObjectsInactive) instead. InstanceID will be replaced in the future with EntityId and previous sort order cannot be maintained.'

Assets\TumbangPreso\Runtime\Diagnostics\NetThrowProbe.cs(53,71): warning CS0618: 'FindObjectsSortMode' is obsolete: 'FindObjectsSortMode has been deprecated. Use the FindObjectsByType overloads that do not take a FindObjectsSortMode parameter.'

Assets\TumbangPreso\Runtime\Diagnostics\NetThrowProbe.cs(53,34): warning CS0618: 'Object.FindObjectsByType<T>(FindObjectsSortMode)' is obsolete: 'FindObjectsByType with FindObjectsSortMode parameter has been deprecated. Use FindObjectsByType<T>() or FindObjectsByType<T>(FindObjectsInactive) instead. InstanceID will be replaced in the future with EntityId and previous sort order cannot be maintained.'

Assets\TumbangPreso\Runtime\Diagnostics\NetThrowProbe.cs(62,55): warning CS0618: 'FindObjectsSortMode' is obsolete: 'FindObjectsSortMode has been deprecated. Use the FindObjectsByType overloads that do not take a FindObjectsSortMode parameter.'

Assets\TumbangPreso\Runtime\Diagnostics\NetThrowProbe.cs(62,28): warning CS0618: 'Object.FindObjectsByType<T>(FindObjectsSortMode)' is obsolete: 'FindObjectsByType with FindObjectsSortMode parameter has been deprecated. Use FindObjectsByType<T>() or FindObjectsByType<T>(FindObjectsInactive) instead. InstanceID will be replaced in the future with EntityId and previous sort order cannot be maintained.'

Assets\TumbangPreso\Runtime\Diagnostics\NetThrowProbe.cs(74,23): warning CS0618: 'Object.FindFirstObjectByType<T>()' is obsolete: 'FindFirstObjectByType has been deprecated because it relies on instance ID ordering. Use FindAnyObjectByType instead, which does not depend on ordering.'

Assets\TumbangPreso\Runtime\Diagnostics\NetWorldFieldProbe.cs(51,23): warning CS0618: 'Object.FindFirstObjectByType<T>()' is obsolete: 'FindFirstObjectByType has been deprecated because it relies on instance ID ordering. Use FindAnyObjectByType instead, which does not depend on ordering.'

Assets\TumbangPreso\Runtime\Diagnostics\NetWorldFieldProbe.cs(52,66): warning CS0618: 'FindObjectsSortMode' is obsolete: 'FindObjectsSortMode has been deprecated. Use the FindObjectsByType overloads that do not take a FindObjectsSortMode parameter.'

Assets\TumbangPreso\Runtime\Diagnostics\NetWorldFieldProbe.cs(52,34): warning CS0618: 'Object.FindObjectsByType<T>(FindObjectsSortMode)' is obsolete: 'FindObjectsByType with FindObjectsSortMode parameter has been deprecated. Use FindObjectsByType<T>() or FindObjectsByType<T>(FindObjectsInactive) instead. InstanceID will be replaced in the future with EntityId and previous sort order cannot be maintained.'

Assets\TumbangPreso\Runtime\Diagnostics\NetWorldFieldProbe.cs(53,71): warning CS0618: 'FindObjectsSortMode' is obsolete: 'FindObjectsSortMode has been deprecated. Use the FindObjectsByType overloads that do not take a FindObjectsSortMode parameter.'

Assets\TumbangPreso\Runtime\Diagnostics\NetWorldFieldProbe.cs(53,34): warning CS0618: 'Object.FindObjectsByType<T>(FindObjectsSortMode)' is obsolete: 'FindObjectsByType with FindObjectsSortMode parameter has been deprecated. Use FindObjectsByType<T>() or FindObjectsByType<T>(FindObjectsInactive) instead. InstanceID will be replaced in the future with EntityId and previous sort order cannot be maintained.'

Assets\TumbangPreso\Runtime\Diagnostics\NetThrowProbe.cs(95,49): warning CS0618: 'FindObjectsSortMode' is obsolete: 'FindObjectsSortMode has been deprecated. Use the FindObjectsByType overloads that do not take a FindObjectsSortMode parameter.'

Assets\TumbangPreso\Runtime\Diagnostics\NetThrowProbe.cs(95,22): warning CS0618: 'Object.FindObjectsByType<T>(FindObjectsSortMode)' is obsolete: 'FindObjectsByType with FindObjectsSortMode parameter has been deprecated. Use FindObjectsByType<T>() or FindObjectsByType<T>(FindObjectsInactive) instead. InstanceID will be replaced in the future with EntityId and previous sort order cannot be maintained.'

Assets\TumbangPreso\Runtime\Diagnostics\NetRoofProbe.cs(191,52): warning CS0618: 'FindObjectsSortMode' is obsolete: 'FindObjectsSortMode has been deprecated. Use the FindObjectsByType overloads that do not take a FindObjectsSortMode parameter.'

Assets\TumbangPreso\Runtime\Diagnostics\NetRoofProbe.cs(191,26): warning CS0618: 'Object.FindObjectsByType<T>(FindObjectsSortMode)' is obsolete: 'FindObjectsByType with FindObjectsSortMode parameter has been deprecated. Use FindObjectsByType<T>() or FindObjectsByType<T>(FindObjectsInactive) instead. InstanceID will be replaced in the future with EntityId and previous sort order cannot be maintained.'

Assets\TumbangPreso\Runtime\Diagnostics\NetRoofProbe.cs(194,77): warning CS0618: 'FindObjectsSortMode' is obsolete: 'FindObjectsSortMode has been deprecated. Use the FindObjectsByType overloads that do not take a FindObjectsSortMode parameter.'

Assets\TumbangPreso\Runtime\Diagnostics\NetRoofProbe.cs(194,44): warning CS0618: 'Object.FindObjectsByType<T>(FindObjectsSortMode)' is obsolete: 'FindObjectsByType with FindObjectsSortMode parameter has been deprecated. Use FindObjectsByType<T>() or FindObjectsByType<T>(FindObjectsInactive) instead. InstanceID will be replaced in the future with EntityId and previous sort order cannot be maintained.'

Assets\TumbangPreso\Runtime\Map\BridgeHoop.cs(48,55): warning CS0618: 'FindObjectsSortMode' is obsolete: 'FindObjectsSortMode has been deprecated. Use the FindObjectsByType overloads that do not take a FindObjectsSortMode parameter.'

Assets\TumbangPreso\Runtime\Map\BridgeHoop.cs(47,37): warning CS0618: 'Object.FindObjectsByType<T>(FindObjectsInactive, FindObjectsSortMode)' is obsolete: 'FindObjectsByType with FindObjectsSortMode parameter has been deprecated. Use FindObjectsByType<T>() or FindObjectsByType<T>(FindObjectsInactive) instead. InstanceID will be replaced in the future with EntityId and previous sort order cannot be maintained.'

Assets\TumbangPreso\Runtime\Diagnostics\NetZackProbe.cs(71,25): warning CS0618: 'Object.FindFirstObjectByType<T>()' is obsolete: 'FindFirstObjectByType has been deprecated because it relies on instance ID ordering. Use FindAnyObjectByType instead, which does not depend on ordering.'

Assets\TumbangPreso\Runtime\Diagnostics\NetZackProbe.cs(74,67): warning CS0618: 'FindObjectsSortMode' is obsolete: 'FindObjectsSortMode has been deprecated. Use the FindObjectsByType overloads that do not take a FindObjectsSortMode parameter.'

Assets\TumbangPreso\Runtime\Diagnostics\NetZackProbe.cs(74,35): warning CS0618: 'Object.FindObjectsByType<T>(FindObjectsSortMode)' is obsolete: 'FindObjectsByType with FindObjectsSortMode parameter has been deprecated. Use FindObjectsByType<T>() or FindObjectsByType<T>(FindObjectsInactive) instead. InstanceID will be replaced in the future with EntityId and previous sort order cannot be maintained.'

Assets\TumbangPreso\Runtime\Diagnostics\NetZackProbe.cs(75,72): warning CS0618: 'FindObjectsSortMode' is obsolete: 'FindObjectsSortMode has been deprecated. Use the FindObjectsByType overloads that do not take a FindObjectsSortMode parameter.'

Assets\TumbangPreso\Runtime\Diagnostics\NetZackProbe.cs(75,35): warning CS0618: 'Object.FindObjectsByType<T>(FindObjectsSortMode)' is obsolete: 'FindObjectsByType with FindObjectsSortMode parameter has been deprecated. Use FindObjectsByType<T>() or FindObjectsByType<T>(FindObjectsInactive) instead. InstanceID will be replaced in the future with EntityId and previous sort order cannot be maintained.'

Assets\TumbangPreso\Runtime\Diagnostics\NetZackProbe.cs(124,66): warning CS0618: 'FindObjectsSortMode' is obsolete: 'FindObjectsSortMode has been deprecated. Use the FindObjectsByType overloads that do not take a FindObjectsSortMode parameter.'

Assets\TumbangPreso\Runtime\Diagnostics\NetZackProbe.cs(124,25): warning CS0618: 'Object.FindObjectsByType<T>(FindObjectsSortMode)' is obsolete: 'FindObjectsByType with FindObjectsSortMode parameter has been deprecated. Use FindObjectsByType<T>() or FindObjectsByType<T>(FindObjectsInactive) instead. InstanceID will be replaced in the future with EntityId and previous sort order cannot be maintained.'

Assets\TumbangPreso\Runtime\Diagnostics\NetZackProbe.cs(131,83): warning CS0618: 'FindObjectsSortMode' is obsolete: 'FindObjectsSortMode has been deprecated. Use the FindObjectsByType overloads that do not take a FindObjectsSortMode parameter.'

Assets\TumbangPreso\Runtime\Diagnostics\NetZackProbe.cs(131,47): warning CS0618: 'Object.FindObjectsByType<T>(FindObjectsSortMode)' is obsolete: 'FindObjectsByType with FindObjectsSortMode parameter has been deprecated. Use FindObjectsByType<T>() or FindObjectsByType<T>(FindObjectsInactive) instead. InstanceID will be replaced in the future with EntityId and previous sort order cannot be maintained.'

Assets\TumbangPreso\Runtime\Diagnostics\NetZackProbe.cs(183,52): warning CS0618: 'FindObjectsSortMode' is obsolete: 'FindObjectsSortMode has been deprecated. Use the FindObjectsByType overloads that do not take a FindObjectsSortMode parameter.'

Assets\TumbangPreso\Runtime\Diagnostics\NetZackProbe.cs(183,17): warning CS0618: 'Object.FindObjectsByType<T>(FindObjectsSortMode)' is obsolete: 'FindObjectsByType with FindObjectsSortMode parameter has been deprecated. Use FindObjectsByType<T>() or FindObjectsByType<T>(FindObjectsInactive) instead. InstanceID will be replaced in the future with EntityId and previous sort order cannot be maintained.'

Assets\TumbangPreso\Runtime\Map\LagoonWater.cs(52,36): warning CS0618: 'Object.FindFirstObjectByType<T>()' is obsolete: 'FindFirstObjectByType has been deprecated because it relies on instance ID ordering. Use FindAnyObjectByType instead, which does not depend on ordering.'

Assets\TumbangPreso\Runtime\Map\LagoonWater.cs(109,42): warning CS0618: 'Object.FindFirstObjectByType<T>()' is obsolete: 'FindFirstObjectByType has been deprecated because it relies on instance ID ordering. Use FindAnyObjectByType instead, which does not depend on ordering.'

Assets\TumbangPreso\Runtime\Map\RooftopRecovery.cs(28,36): warning CS0618: 'Object.FindFirstObjectByType<T>()' is obsolete: 'FindFirstObjectByType has been deprecated because it relies on instance ID ordering. Use FindAnyObjectByType instead, which does not depend on ordering.'

Assets\TumbangPreso\Runtime\Map\RooftopRecovery.cs(72,36): warning CS0618: 'Object.FindFirstObjectByType<T>()' is obsolete: 'FindFirstObjectByType has been deprecated because it relies on instance ID ordering. Use FindAnyObjectByType instead, which does not depend on ordering.'

Assets\TumbangPreso\Runtime\Map\StreetTripHazard.cs(240,46): warning CS0618: 'FindObjectsSortMode' is obsolete: 'FindObjectsSortMode has been deprecated. Use the FindObjectsByType overloads that do not take a FindObjectsSortMode parameter.'

Assets\TumbangPreso\Runtime\Map\StreetTripHazard.cs(239,29): warning CS0618: 'Object.FindObjectsByType<T>(FindObjectsInactive, FindObjectsSortMode)' is obsolete: 'FindObjectsByType with FindObjectsSortMode parameter has been deprecated. Use FindObjectsByType<T>() or FindObjectsByType<T>(FindObjectsInactive) instead. InstanceID will be replaced in the future with EntityId and previous sort order cannot be maintained.'

Assets\TumbangPreso\Runtime\MatchHost.cs(98,23): warning CS0618: 'Object.FindFirstObjectByType<T>()' is obsolete: 'FindFirstObjectByType has been deprecated because it relies on instance ID ordering. Use FindAnyObjectByType instead, which does not depend on ordering.'

Assets\TumbangPreso\Runtime\MatchHost.cs(110,23): warning CS0618: 'Object.FindFirstObjectByType<T>()' is obsolete: 'FindFirstObjectByType has been deprecated because it relies on instance ID ordering. Use FindAnyObjectByType instead, which does not depend on ordering.'

Assets\TumbangPreso\Runtime\MatchArrivalPresentation.cs(68,70): warning CS0618: 'FindObjectsSortMode' is obsolete: 'FindObjectsSortMode has been deprecated. Use the FindObjectsByType overloads that do not take a FindObjectsSortMode parameter.'

Assets\TumbangPreso\Runtime\MatchArrivalPresentation.cs(68,36): warning CS0618: 'Object.FindObjectsByType<T>(FindObjectsSortMode)' is obsolete: 'FindObjectsByType with FindObjectsSortMode parameter has been deprecated. Use FindObjectsByType<T>() or FindObjectsByType<T>(FindObjectsInactive) instead. InstanceID will be replaced in the future with EntityId and previous sort order cannot be maintained.'

Assets\TumbangPreso\Runtime\MatchStatsCollector.cs(401,69): warning CS0618: 'FindObjectsSortMode' is obsolete: 'FindObjectsSortMode has been deprecated. Use the FindObjectsByType overloads that do not take a FindObjectsSortMode parameter.'

Assets\TumbangPreso\Runtime\MatchStatsCollector.cs(401,23): warning CS0618: 'Object.FindObjectsByType<T>(FindObjectsSortMode)' is obsolete: 'FindObjectsByType with FindObjectsSortMode parameter has been deprecated. Use FindObjectsByType<T>() or FindObjectsByType<T>(FindObjectsInactive) instead. InstanceID will be replaced in the future with EntityId and previous sort order cannot be maintained.'

Assets\TumbangPreso\Runtime\PracticeRange.cs(50,43): warning CS0618: 'Object.FindFirstObjectByType<T>()' is obsolete: 'FindFirstObjectByType has been deprecated because it relies on instance ID ordering. Use FindAnyObjectByType instead, which does not depend on ordering.'

Assets\TumbangPreso\Runtime\Net\WorldEffectSnapshot.cs(60,91): warning CS0618: 'FindObjectsSortMode' is obsolete: 'FindObjectsSortMode has been deprecated. Use the FindObjectsByType overloads that do not take a FindObjectsSortMode parameter.'

Assets\TumbangPreso\Runtime\Net\WorldEffectSnapshot.cs(60,35): warning CS0618: 'Object.FindObjectsByType<T>(FindObjectsSortMode)' is obsolete: 'FindObjectsByType with FindObjectsSortMode parameter has been deprecated. Use FindObjectsByType<T>() or FindObjectsByType<T>(FindObjectsInactive) instead. InstanceID will be replaced in the future with EntityId and previous sort order cannot be maintained.'

Assets\TumbangPreso\Runtime\Net\WorldEffectSnapshot.cs(68,94): warning CS0618: 'FindObjectsSortMode' is obsolete: 'FindObjectsSortMode has been deprecated. Use the FindObjectsByType overloads that do not take a FindObjectsSortMode parameter.'

Assets\TumbangPreso\Runtime\Net\WorldEffectSnapshot.cs(68,34): warning CS0618: 'Object.FindObjectsByType<T>(FindObjectsSortMode)' is obsolete: 'FindObjectsByType with FindObjectsSortMode parameter has been deprecated. Use FindObjectsByType<T>() or FindObjectsByType<T>(FindObjectsInactive) instead. InstanceID will be replaced in the future with EntityId and previous sort order cannot be maintained.'

Assets\TumbangPreso\Runtime\Net\WorldEffectSnapshot.cs(75,92): warning CS0618: 'FindObjectsSortMode' is obsolete: 'FindObjectsSortMode has been deprecated. Use the FindObjectsByType overloads that do not take a FindObjectsSortMode parameter.'

Assets\TumbangPreso\Runtime\Net\WorldEffectSnapshot.cs(75,35): warning CS0618: 'Object.FindObjectsByType<T>(FindObjectsSortMode)' is obsolete: 'FindObjectsByType with FindObjectsSortMode parameter has been deprecated. Use FindObjectsByType<T>() or FindObjectsByType<T>(FindObjectsInactive) instead. InstanceID will be replaced in the future with EntityId and previous sort order cannot be maintained.'

Assets\TumbangPreso\Runtime\Net\WorldEffectSnapshot.cs(79,93): warning CS0618: 'FindObjectsSortMode' is obsolete: 'FindObjectsSortMode has been deprecated. Use the FindObjectsByType overloads that do not take a FindObjectsSortMode parameter.'

Assets\TumbangPreso\Runtime\Net\WorldEffectSnapshot.cs(79,35): warning CS0618: 'Object.FindObjectsByType<T>(FindObjectsSortMode)' is obsolete: 'FindObjectsByType with FindObjectsSortMode parameter has been deprecated. Use FindObjectsByType<T>() or FindObjectsByType<T>(FindObjectsInactive) instead. InstanceID will be replaced in the future with EntityId and previous sort order cannot be maintained.'

Assets\TumbangPreso\Runtime\Net\WorldEffectSnapshot.cs(83,99): warning CS0618: 'FindObjectsSortMode' is obsolete: 'FindObjectsSortMode has been deprecated. Use the FindObjectsByType overloads that do not take a FindObjectsSortMode parameter.'

Assets\TumbangPreso\Runtime\Net\WorldEffectSnapshot.cs(83,36): warning CS0618: 'Object.FindObjectsByType<T>(FindObjectsSortMode)' is obsolete: 'FindObjectsByType with FindObjectsSortMode parameter has been deprecated. Use FindObjectsByType<T>() or FindObjectsByType<T>(FindObjectsInactive) instead. InstanceID will be replaced in the future with EntityId and previous sort order cannot be maintained.'

Assets\TumbangPreso\Runtime\Net\WorldEffectSnapshot.cs(87,89): warning CS0618: 'FindObjectsSortMode' is obsolete: 'FindObjectsSortMode has been deprecated. Use the FindObjectsByType overloads that do not take a FindObjectsSortMode parameter.'

Assets\TumbangPreso\Runtime\Net\WorldEffectSnapshot.cs(87,33): warning CS0618: 'Object.FindObjectsByType<T>(FindObjectsSortMode)' is obsolete: 'FindObjectsByType with FindObjectsSortMode parameter has been deprecated. Use FindObjectsByType<T>() or FindObjectsByType<T>(FindObjectsInactive) instead. InstanceID will be replaced in the future with EntityId and previous sort order cannot be maintained.'

Assets\TumbangPreso\Runtime\Net\WorldEffectSnapshot.cs(91,81): warning CS0618: 'FindObjectsSortMode' is obsolete: 'FindObjectsSortMode has been deprecated. Use the FindObjectsByType overloads that do not take a FindObjectsSortMode parameter.'

Assets\TumbangPreso\Runtime\Net\WorldEffectSnapshot.cs(91,36): warning CS0618: 'Object.FindObjectsByType<T>(FindObjectsSortMode)' is obsolete: 'FindObjectsByType with FindObjectsSortMode parameter has been deprecated. Use FindObjectsByType<T>() or FindObjectsByType<T>(FindObjectsInactive) instead. InstanceID will be replaced in the future with EntityId and previous sort order cannot be maintained.'

Assets\TumbangPreso\Runtime\Net\WorldEffectSnapshot.cs(95,76): warning CS0618: 'FindObjectsSortMode' is obsolete: 'FindObjectsSortMode has been deprecated. Use the FindObjectsByType overloads that do not take a FindObjectsSortMode parameter.'

Assets\TumbangPreso\Runtime\Net\WorldEffectSnapshot.cs(95,35): warning CS0618: 'Object.FindObjectsByType<T>(FindObjectsSortMode)' is obsolete: 'FindObjectsByType with FindObjectsSortMode parameter has been deprecated. Use FindObjectsByType<T>() or FindObjectsByType<T>(FindObjectsInactive) instead. InstanceID will be replaced in the future with EntityId and previous sort order cannot be maintained.'

Assets\TumbangPreso\Runtime\Diagnostics\OwnerUiPlayerReview.Performance.cs(234,25): warning CS0618: 'Object.FindFirstObjectByType<T>()' is obsolete: 'FindFirstObjectByType has been deprecated because it relies on instance ID ordering. Use FindAnyObjectByType instead, which does not depend on ordering.'

Assets\TumbangPreso\Runtime\MatchInstaller.cs(1171,32): warning CS0618: 'Object.FindFirstObjectByType<T>()' is obsolete: 'FindFirstObjectByType has been deprecated because it relies on instance ID ordering. Use FindAnyObjectByType instead, which does not depend on ordering.'

Assets\TumbangPreso\Runtime\MatchInstaller.cs(1174,31): warning CS0618: 'Object.FindFirstObjectByType<T>()' is obsolete: 'FindFirstObjectByType has been deprecated because it relies on instance ID ordering. Use FindAnyObjectByType instead, which does not depend on ordering.'

Assets\TumbangPreso\Runtime\MatchInstaller.cs(1183,17): warning CS0618: 'Object.FindFirstObjectByType<T>()' is obsolete: 'FindFirstObjectByType has been deprecated because it relies on instance ID ordering. Use FindAnyObjectByType instead, which does not depend on ordering.'

Assets\TumbangPreso\Runtime\MatchInstaller.cs(1189,33): warning CS0618: 'Object.FindFirstObjectByType<T>()' is obsolete: 'FindFirstObjectByType has been deprecated because it relies on instance ID ordering. Use FindAnyObjectByType instead, which does not depend on ordering.'

Assets\TumbangPreso\Runtime\MatchInstaller.cs(1198,23): warning CS0618: 'Object.FindFirstObjectByType<T>()' is obsolete: 'FindFirstObjectByType has been deprecated because it relies on instance ID ordering. Use FindAnyObjectByType instead, which does not depend on ordering.'

Assets\TumbangPreso\Runtime\MatchInstaller.cs(1209,25): warning CS0618: 'Object.FindFirstObjectByType<T>()' is obsolete: 'FindFirstObjectByType has been deprecated because it relies on instance ID ordering. Use FindAnyObjectByType instead, which does not depend on ordering.'

Assets\TumbangPreso\Runtime\MatchInstaller.cs(1212,29): warning CS0618: 'Object.FindFirstObjectByType<T>()' is obsolete: 'FindFirstObjectByType has been deprecated because it relies on instance ID ordering. Use FindAnyObjectByType instead, which does not depend on ordering.'

Assets\TumbangPreso\Runtime\MatchInstaller.cs(1231,24): warning CS0618: 'Object.FindFirstObjectByType<T>()' is obsolete: 'FindFirstObjectByType has been deprecated because it relies on instance ID ordering. Use FindAnyObjectByType instead, which does not depend on ordering.'

Assets\TumbangPreso\Runtime\MatchInstaller.cs(1244,27): warning CS0618: 'Object.FindFirstObjectByType<T>()' is obsolete: 'FindFirstObjectByType has been deprecated because it relies on instance ID ordering. Use FindAnyObjectByType instead, which does not depend on ordering.'

Assets\TumbangPreso\Runtime\MatchInstaller.cs(1251,25): warning CS0618: 'Object.FindFirstObjectByType<T>()' is obsolete: 'FindFirstObjectByType has been deprecated because it relies on instance ID ordering. Use FindAnyObjectByType instead, which does not depend on ordering.'

Assets\TumbangPreso\Runtime\MatchInstaller.cs(1258,26): warning CS0618: 'FindObjectsSortMode' is obsolete: 'FindObjectsSortMode has been deprecated. Use the FindObjectsByType overloads that do not take a FindObjectsSortMode parameter.'

Assets\TumbangPreso\Runtime\MatchInstaller.cs(1257,37): warning CS0618: 'Object.FindObjectsByType<T>(FindObjectsSortMode)' is obsolete: 'FindObjectsByType with FindObjectsSortMode parameter has been deprecated. Use FindObjectsByType<T>() or FindObjectsByType<T>(FindObjectsInactive) instead. InstanceID will be replaced in the future with EntityId and previous sort order cannot be maintained.'

Assets\TumbangPreso\Runtime\Diagnostics\OwnerUiPlayerReview.Performance.cs(269,88): warning CS0618: 'FindObjectsSortMode' is obsolete: 'FindObjectsSortMode has been deprecated. Use the FindObjectsByType overloads that do not take a FindObjectsSortMode parameter.'

Assets\TumbangPreso\Runtime\Diagnostics\OwnerUiPlayerReview.Performance.cs(269,25): warning CS0618: 'Object.FindObjectsByType<T>(FindObjectsInactive, FindObjectsSortMode)' is obsolete: 'FindObjectsByType with FindObjectsSortMode parameter has been deprecated. Use FindObjectsByType<T>() or FindObjectsByType<T>(FindObjectsInactive) instead. InstanceID will be replaced in the future with EntityId and previous sort order cannot be maintained.'

Assets\TumbangPreso\Runtime\MatchInstaller.cs(1371,23): warning CS0618: 'Object.FindFirstObjectByType<T>()' is obsolete: 'FindFirstObjectByType has been deprecated because it relies on instance ID ordering. Use FindAnyObjectByType instead, which does not depend on ordering.'

Assets\TumbangPreso\Runtime\MatchInstaller.cs(1498,21): warning CS0618: 'Object.FindFirstObjectByType<T>()' is obsolete: 'FindFirstObjectByType has been deprecated because it relies on instance ID ordering. Use FindAnyObjectByType instead, which does not depend on ordering.'

Assets\TumbangPreso\Runtime\MatchInstaller.cs(1595,64): warning CS0618: 'FindObjectsSortMode' is obsolete: 'FindObjectsSortMode has been deprecated. Use the FindObjectsByType overloads that do not take a FindObjectsSortMode parameter.'

Assets\TumbangPreso\Runtime\MatchInstaller.cs(1595,35): warning CS0618: 'Object.FindObjectsByType<T>(FindObjectsSortMode)' is obsolete: 'FindObjectsByType with FindObjectsSortMode parameter has been deprecated. Use FindObjectsByType<T>() or FindObjectsByType<T>(FindObjectsInactive) instead. InstanceID will be replaced in the future with EntityId and previous sort order cannot be maintained.'

Assets\TumbangPreso\Runtime\Net\WorldEffectSnapshot.cs(261,63): warning CS0618: 'FindObjectsSortMode' is obsolete: 'FindObjectsSortMode has been deprecated. Use the FindObjectsByType overloads that do not take a FindObjectsSortMode parameter.'

Assets\TumbangPreso\Runtime\Net\WorldEffectSnapshot.cs(261,35): warning CS0618: 'Object.FindObjectsByType<T>(FindObjectsSortMode)' is obsolete: 'FindObjectsByType with FindObjectsSortMode parameter has been deprecated. Use FindObjectsByType<T>() or FindObjectsByType<T>(FindObjectsInactive) instead. InstanceID will be replaced in the future with EntityId and previous sort order cannot be maintained.'

Assets\TumbangPreso\Runtime\RoundDirector.cs(558,84): warning CS0618: 'FindObjectsSortMode' is obsolete: 'FindObjectsSortMode has been deprecated. Use the FindObjectsByType overloads that do not take a FindObjectsSortMode parameter.'

Assets\TumbangPreso\Runtime\RoundDirector.cs(558,28): warning CS0618: 'Object.FindObjectsByType<T>(FindObjectsInactive, FindObjectsSortMode)' is obsolete: 'FindObjectsByType with FindObjectsSortMode parameter has been deprecated. Use FindObjectsByType<T>() or FindObjectsByType<T>(FindObjectsInactive) instead. InstanceID will be replaced in the future with EntityId and previous sort order cannot be maintained.'

Assets\TumbangPreso\Runtime\Visual\VoodooCursePresenter.cs(71,87): warning CS0618: 'FindObjectsSortMode' is obsolete: 'FindObjectsSortMode has been deprecated. Use the FindObjectsByType overloads that do not take a FindObjectsSortMode parameter.'

Assets\TumbangPreso\Runtime\Visual\VoodooCursePresenter.cs(71,34): warning CS0618: 'Object.FindObjectsByType<T>(FindObjectsSortMode)' is obsolete: 'FindObjectsByType with FindObjectsSortMode parameter has been deprecated. Use FindObjectsByType<T>() or FindObjectsByType<T>(FindObjectsInactive) instead. InstanceID will be replaced in the future with EntityId and previous sort order cannot be maintained.'

Assets\TumbangPreso\Runtime\Visual\VfxTimeline.cs(59,55): warning CS0618: 'FindObjectsSortMode' is obsolete: 'FindObjectsSortMode has been deprecated. Use the FindObjectsByType overloads that do not take a FindObjectsSortMode parameter.'

Assets\TumbangPreso\Runtime\Visual\VfxTimeline.cs(58,39): warning CS0618: 'Object.FindObjectsByType<T>(FindObjectsInactive, FindObjectsSortMode)' is obsolete: 'FindObjectsByType with FindObjectsSortMode parameter has been deprecated. Use FindObjectsByType<T>() or FindObjectsByType<T>(FindObjectsInactive) instead. InstanceID will be replaced in the future with EntityId and previous sort order cannot be maintained.'

Assets\TumbangPreso\Runtime\Net\Matchmaker.cs(98,45): warning CS0618: 'Object.FindFirstObjectByType<T>()' is obsolete: 'FindFirstObjectByType has been deprecated because it relies on instance ID ordering. Use FindAnyObjectByType instead, which does not depend on ordering.'

Assets\TumbangPreso\Runtime\Net\Matchmaker.cs(102,28): warning CS0618: 'Object.FindFirstObjectByType<T>()' is obsolete: 'FindFirstObjectByType has been deprecated because it relies on instance ID ordering. Use FindAnyObjectByType instead, which does not depend on ordering.'

Assets\TumbangPreso\Runtime\Net\ServerQuery.cs(361,55): warning CS0618: 'Object.FindFirstObjectByType<T>()' is obsolete: 'FindFirstObjectByType has been deprecated because it relies on instance ID ordering. Use FindAnyObjectByType instead, which does not depend on ordering.'

Assets\TumbangPreso\Runtime\UI\UltimatePresentationDirector.cs(159,29): warning CS0618: 'Object.FindFirstObjectByType<T>()' is obsolete: 'FindFirstObjectByType has been deprecated because it relies on instance ID ordering. Use FindAnyObjectByType instead, which does not depend on ordering.'

Assets\TumbangPreso\Runtime\Visual\ArcFlicker.cs(107,42): warning CS0162: Unreachable code detected

Assets\TumbangPreso\Runtime\Diagnostics\OwnerUiPlayerReview.cs(201,71): warning CS0618: 'FindObjectsSortMode' is obsolete: 'FindObjectsSortMode has been deprecated. Use the FindObjectsByType overloads that do not take a FindObjectsSortMode parameter.'

Assets\TumbangPreso\Runtime\Diagnostics\OwnerUiPlayerReview.cs(201,19): warning CS0618: 'Object.FindObjectsByType<T>(FindObjectsSortMode)' is obsolete: 'FindObjectsByType with FindObjectsSortMode parameter has been deprecated. Use FindObjectsByType<T>() or FindObjectsByType<T>(FindObjectsInactive) instead. InstanceID will be replaced in the future with EntityId and previous sort order cannot be maintained.'

Assets\TumbangPreso\Runtime\Diagnostics\OwnerUiPlayerReview.cs(339,22): warning CS0618: 'Object.FindFirstObjectByType<T>()' is obsolete: 'FindFirstObjectByType has been deprecated because it relies on instance ID ordering. Use FindAnyObjectByType instead, which does not depend on ordering.'

Assets\TumbangPreso\Runtime\Net\NetSession.cs(1569,46): warning CS0618: 'FindObjectsSortMode' is obsolete: 'FindObjectsSortMode has been deprecated. Use the FindObjectsByType overloads that do not take a FindObjectsSortMode parameter.'

Assets\TumbangPreso\Runtime\Net\NetSession.cs(1568,37): warning CS0618: 'Object.FindObjectsByType<T>(FindObjectsInactive, FindObjectsSortMode)' is obsolete: 'FindObjectsByType with FindObjectsSortMode parameter has been deprecated. Use FindObjectsByType<T>() or FindObjectsByType<T>(FindObjectsInactive) instead. InstanceID will be replaced in the future with EntityId and previous sort order cannot be maintained.'

Assets\TumbangPreso\Runtime\Diagnostics\OwnerUiPlayerReview.cs(558,42): warning CS0618: 'Object.FindFirstObjectByType<T>()' is obsolete: 'FindFirstObjectByType has been deprecated because it relies on instance ID ordering. Use FindAnyObjectByType instead, which does not depend on ordering.'

Assets\TumbangPreso\Runtime\Diagnostics\OwnerUiPlayerReview.cs(568,29): warning CS0618: 'Object.FindFirstObjectByType<T>()' is obsolete: 'FindFirstObjectByType has been deprecated because it relies on instance ID ordering. Use FindAnyObjectByType instead, which does not depend on ordering.'

Assets\TumbangPreso\Runtime\Diagnostics\OwnerUiPlayerReview.cs(581,29): warning CS0618: 'Object.FindFirstObjectByType<T>()' is obsolete: 'FindFirstObjectByType has been deprecated because it relies on instance ID ordering. Use FindAnyObjectByType instead, which does not depend on ordering.'

Assets\TumbangPreso\Runtime\Visual\ColourGrade.cs(138,25): warning CS0618: 'Object.FindFirstObjectByType<T>(FindObjectsInactive)' is obsolete: 'FindFirstObjectByType has been deprecated because it relies on instance ID ordering. Use FindAnyObjectByType instead, which does not depend on ordering.'

Assets\TumbangPreso\Runtime\UI\DebugBar.cs(62,28): warning CS0618: 'Object.FindFirstObjectByType<T>()' is obsolete: 'FindFirstObjectByType has been deprecated because it relies on instance ID ordering. Use FindAnyObjectByType instead, which does not depend on ordering.'

Assets\TumbangPreso\Runtime\Visual\DisorientedHallucinations.cs(59,65): warning CS0618: 'FindObjectsSortMode' is obsolete: 'FindObjectsSortMode has been deprecated. Use the FindObjectsByType overloads that do not take a FindObjectsSortMode parameter.'

Assets\TumbangPreso\Runtime\Visual\DisorientedHallucinations.cs(59,31): warning CS0618: 'Object.FindObjectsByType<T>(FindObjectsSortMode)' is obsolete: 'FindObjectsByType with FindObjectsSortMode parameter has been deprecated. Use FindObjectsByType<T>() or FindObjectsByType<T>(FindObjectsInactive) instead. InstanceID will be replaced in the future with EntityId and previous sort order cannot be maintained.'

Assets\TumbangPreso\Runtime\UI\ConvertedMatchSetup.cs(2627,33): warning CS0618: 'Object.FindFirstObjectByType<T>()' is obsolete: 'FindFirstObjectByType has been deprecated because it relies on instance ID ordering. Use FindAnyObjectByType instead, which does not depend on ordering.'

Assets\TumbangPreso\Runtime\Net\MatchRpc.cs(1120,33): warning CS0618: 'Object.FindFirstObjectByType<T>()' is obsolete: 'FindFirstObjectByType has been deprecated because it relies on instance ID ordering. Use FindAnyObjectByType instead, which does not depend on ordering.'

Assets\TumbangPreso\Runtime\Net\MatchRpc.cs(1167,24): warning CS0618: 'Object.FindFirstObjectByType<T>()' is obsolete: 'FindFirstObjectByType has been deprecated because it relies on instance ID ordering. Use FindAnyObjectByType instead, which does not depend on ordering.'

Assets\TumbangPreso\Runtime\Net\MatchRpc.cs(1242,24): warning CS0618: 'Object.FindFirstObjectByType<T>()' is obsolete: 'FindFirstObjectByType has been deprecated because it relies on instance ID ordering. Use FindAnyObjectByType instead, which does not depend on ordering.'

Assets\TumbangPreso\Runtime\UI\Hud.Native.cs(56,90): warning CS0618: 'FindObjectsSortMode' is obsolete: 'FindObjectsSortMode has been deprecated. Use the FindObjectsByType overloads that do not take a FindObjectsSortMode parameter.'

Assets\TumbangPreso\Runtime\UI\Hud.Native.cs(56,34): warning CS0618: 'Object.FindObjectsByType<T>(FindObjectsInactive, FindObjectsSortMode)' is obsolete: 'FindObjectsByType with FindObjectsSortMode parameter has been deprecated. Use FindObjectsByType<T>() or FindObjectsByType<T>(FindObjectsInactive) instead. InstanceID will be replaced in the future with EntityId and previous sort order cannot be maintained.'

Assets\TumbangPreso\Runtime\Net\MatchRpc.cs(1645,13): warning CS0618: 'Object.FindFirstObjectByType<T>()' is obsolete: 'FindFirstObjectByType has been deprecated because it relies on instance ID ordering. Use FindAnyObjectByType instead, which does not depend on ordering.'

Assets\TumbangPreso\Runtime\Net\MatchRpc.cs(1670,17): warning CS0618: 'Object.FindFirstObjectByType<T>()' is obsolete: 'FindFirstObjectByType has been deprecated because it relies on instance ID ordering. Use FindAnyObjectByType instead, which does not depend on ordering.'

Assets\TumbangPreso\Runtime\Net\MatchRpc.cs(1689,13): warning CS0618: 'Object.FindFirstObjectByType<T>()' is obsolete: 'FindFirstObjectByType has been deprecated because it relies on instance ID ordering. Use FindAnyObjectByType instead, which does not depend on ordering.'

Assets\TumbangPreso\Runtime\Net\MatchRpc.cs(1713,22): warning CS0618: 'Object.FindFirstObjectByType<T>()' is obsolete: 'FindFirstObjectByType has been deprecated because it relies on instance ID ordering. Use FindAnyObjectByType instead, which does not depend on ordering.'

Assets\TumbangPreso\Runtime\Visual\SkyEvent.cs(345,60): warning CS0618: 'FindObjectsSortMode' is obsolete: 'FindObjectsSortMode has been deprecated. Use the FindObjectsByType overloads that do not take a FindObjectsSortMode parameter.'

Assets\TumbangPreso\Runtime\Visual\SkyEvent.cs(344,35): warning CS0618: 'Object.FindObjectsByType<T>(FindObjectsInactive, FindObjectsSortMode)' is obsolete: 'FindObjectsByType with FindObjectsSortMode parameter has been deprecated. Use FindObjectsByType<T>() or FindObjectsByType<T>(FindObjectsInactive) instead. InstanceID will be replaced in the future with EntityId and previous sort order cannot be maintained.'

Assets\TumbangPreso\Runtime\Net\MatchRpc.cs(1735,18): warning CS0618: 'Object.FindFirstObjectByType<T>()' is obsolete: 'FindFirstObjectByType has been deprecated because it relies on instance ID ordering. Use FindAnyObjectByType instead, which does not depend on ordering.'

Assets\TumbangPreso\Runtime\Visual\SkyEvent.cs(448,66): warning CS0618: 'FindObjectsSortMode' is obsolete: 'FindObjectsSortMode has been deprecated. Use the FindObjectsByType overloads that do not take a FindObjectsSortMode parameter.'

Assets\TumbangPreso\Runtime\Visual\SkyEvent.cs(447,35): warning CS0618: 'Object.FindObjectsByType<T>(FindObjectsInactive, FindObjectsSortMode)' is obsolete: 'FindObjectsByType with FindObjectsSortMode parameter has been deprecated. Use FindObjectsByType<T>() or FindObjectsByType<T>(FindObjectsInactive) instead. InstanceID will be replaced in the future with EntityId and previous sort order cannot be maintained.'

Assets\TumbangPreso\Runtime\Net\MatchRpc.cs(1784,18): warning CS0618: 'Object.FindFirstObjectByType<T>()' is obsolete: 'FindFirstObjectByType has been deprecated because it relies on instance ID ordering. Use FindAnyObjectByType instead, which does not depend on ordering.'

Assets\TumbangPreso\Runtime\UI\Hud.cs(1048,61): warning CS0618: 'FindObjectsSortMode' is obsolete: 'FindObjectsSortMode has been deprecated. Use the FindObjectsByType overloads that do not take a FindObjectsSortMode parameter.'

Assets\TumbangPreso\Runtime\UI\Hud.cs(1047,34): warning CS0618: 'Object.FindObjectsByType<T>(FindObjectsInactive, FindObjectsSortMode)' is obsolete: 'FindObjectsByType with FindObjectsSortMode parameter has been deprecated. Use FindObjectsByType<T>() or FindObjectsByType<T>(FindObjectsInactive) instead. InstanceID will be replaced in the future with EntityId and previous sort order cannot be maintained.'

Assets\TumbangPreso\Runtime\UI\Hud.cs(1122,61): warning CS0618: 'FindObjectsSortMode' is obsolete: 'FindObjectsSortMode has been deprecated. Use the FindObjectsByType overloads that do not take a FindObjectsSortMode parameter.'

Assets\TumbangPreso\Runtime\UI\Hud.cs(1121,34): warning CS0618: 'Object.FindObjectsByType<T>(FindObjectsInactive, FindObjectsSortMode)' is obsolete: 'FindObjectsByType with FindObjectsSortMode parameter has been deprecated. Use FindObjectsByType<T>() or FindObjectsByType<T>(FindObjectsInactive) instead. InstanceID will be replaced in the future with EntityId and previous sort order cannot be maintained.'

Assets\TumbangPreso\Runtime\UI\Hud.cs(1229,36): warning CS0618: 'Object.FindFirstObjectByType<T>()' is obsolete: 'FindFirstObjectByType has been deprecated because it relies on instance ID ordering. Use FindAnyObjectByType instead, which does not depend on ordering.'

Assets\TumbangPreso\Runtime\UI\Hud.cs(1317,55): warning CS0618: 'FindObjectsSortMode' is obsolete: 'FindObjectsSortMode has been deprecated. Use the FindObjectsByType overloads that do not take a FindObjectsSortMode parameter.'

Assets\TumbangPreso\Runtime\UI\Hud.cs(1316,35): warning CS0618: 'Object.FindObjectsByType<T>(FindObjectsInactive, FindObjectsSortMode)' is obsolete: 'FindObjectsByType with FindObjectsSortMode parameter has been deprecated. Use FindObjectsByType<T>() or FindObjectsByType<T>(FindObjectsInactive) instead. InstanceID will be replaced in the future with EntityId and previous sort order cannot be maintained.'

Assets\TumbangPreso\Runtime\UI\Hud.cs(1338,55): warning CS0618: 'FindObjectsSortMode' is obsolete: 'FindObjectsSortMode has been deprecated. Use the FindObjectsByType overloads that do not take a FindObjectsSortMode parameter.'

Assets\TumbangPreso\Runtime\UI\Hud.cs(1337,34): warning CS0618: 'Object.FindObjectsByType<T>(FindObjectsInactive, FindObjectsSortMode)' is obsolete: 'FindObjectsByType with FindObjectsSortMode parameter has been deprecated. Use FindObjectsByType<T>() or FindObjectsByType<T>(FindObjectsInactive) instead. InstanceID will be replaced in the future with EntityId and previous sort order cannot be maintained.'

Assets\TumbangPreso\Runtime\Net\MatchRpc.cs(1852,13): warning CS0618: 'Object.FindFirstObjectByType<T>()' is obsolete: 'FindFirstObjectByType has been deprecated because it relies on instance ID ordering. Use FindAnyObjectByType instead, which does not depend on ordering.'

Assets\TumbangPreso\Runtime\Net\MatchRpc.cs(1879,26): warning CS0618: 'Object.FindFirstObjectByType<T>()' is obsolete: 'FindFirstObjectByType has been deprecated because it relies on instance ID ordering. Use FindAnyObjectByType instead, which does not depend on ordering.'

Assets\TumbangPreso\Runtime\Visual\GroundReticle.cs(407,24): warning CS0618: 'Object.FindFirstObjectByType<T>()' is obsolete: 'FindFirstObjectByType has been deprecated because it relies on instance ID ordering. Use FindAnyObjectByType instead, which does not depend on ordering.'

Assets\TumbangPreso\Runtime\UI\Hud.cs(2711,62): warning CS0618: 'FindObjectsSortMode' is obsolete: 'FindObjectsSortMode has been deprecated. Use the FindObjectsByType overloads that do not take a FindObjectsSortMode parameter.'

Assets\TumbangPreso\Runtime\UI\Hud.cs(2710,35): warning CS0618: 'Object.FindObjectsByType<T>(FindObjectsInactive, FindObjectsSortMode)' is obsolete: 'FindObjectsByType with FindObjectsSortMode parameter has been deprecated. Use FindObjectsByType<T>() or FindObjectsByType<T>(FindObjectsInactive) instead. InstanceID will be replaced in the future with EntityId and previous sort order cannot be maintained.'

Assets\TumbangPreso\Runtime\UI\Hud.cs(3242,40): warning CS0618: 'Object.FindFirstObjectByType<T>()' is obsolete: 'FindFirstObjectByType has been deprecated because it relies on instance ID ordering. Use FindAnyObjectByType instead, which does not depend on ordering.'

Assets\TumbangPreso\Runtime\UI\Hub\HubLoading.cs(196,88): warning CS0618: 'FindObjectsSortMode' is obsolete: 'FindObjectsSortMode has been deprecated. Use the FindObjectsByType overloads that do not take a FindObjectsSortMode parameter.'

Assets\TumbangPreso\Runtime\UI\Hub\HubLoading.cs(196,47): warning CS0618: 'Object.FindObjectsByType<T>(FindObjectsSortMode)' is obsolete: 'FindObjectsByType with FindObjectsSortMode parameter has been deprecated. Use FindObjectsByType<T>() or FindObjectsByType<T>(FindObjectsInactive) instead. InstanceID will be replaced in the future with EntityId and previous sort order cannot be maintained.'

Assets\TumbangPreso\Runtime\UI\Hud.cs(4344,50): warning CS0618: 'FindObjectsSortMode' is obsolete: 'FindObjectsSortMode has been deprecated. Use the FindObjectsByType overloads that do not take a FindObjectsSortMode parameter.'

Assets\TumbangPreso\Runtime\UI\Hud.cs(4343,37): warning CS0618: 'Object.FindObjectsByType<T>(FindObjectsInactive, FindObjectsSortMode)' is obsolete: 'FindObjectsByType with FindObjectsSortMode parameter has been deprecated. Use FindObjectsByType<T>() or FindObjectsByType<T>(FindObjectsInactive) instead. InstanceID will be replaced in the future with EntityId and previous sort order cannot be maintained.'

Assets\TumbangPreso\Runtime\Visual\HitFeel.cs(147,23): warning CS0618: 'Object.FindFirstObjectByType<T>()' is obsolete: 'FindFirstObjectByType has been deprecated because it relies on instance ID ordering. Use FindAnyObjectByType instead, which does not depend on ordering.'

Assets\TumbangPreso\Runtime\Visual\HexedPhantomSlippers.cs(95,62): warning CS0618: 'FindObjectsSortMode' is obsolete: 'FindObjectsSortMode has been deprecated. Use the FindObjectsByType overloads that do not take a FindObjectsSortMode parameter.'

Assets\TumbangPreso\Runtime\Visual\HexedPhantomSlippers.cs(95,28): warning CS0618: 'Object.FindObjectsByType<T>(FindObjectsSortMode)' is obsolete: 'FindObjectsByType with FindObjectsSortMode parameter has been deprecated. Use FindObjectsByType<T>() or FindObjectsByType<T>(FindObjectsInactive) instead. InstanceID will be replaced in the future with EntityId and previous sort order cannot be maintained.'

Assets\TumbangPreso\Runtime\Visual\MatchFlair.cs(216,112): warning CS0618: 'FindObjectsSortMode' is obsolete: 'FindObjectsSortMode has been deprecated. Use the FindObjectsByType overloads that do not take a FindObjectsSortMode parameter.'

Assets\TumbangPreso\Runtime\Visual\MatchFlair.cs(216,42): warning CS0618: 'Object.FindObjectsByType<T>(FindObjectsSortMode)' is obsolete: 'FindObjectsByType with FindObjectsSortMode parameter has been deprecated. Use FindObjectsByType<T>() or FindObjectsByType<T>(FindObjectsInactive) instead. InstanceID will be replaced in the future with EntityId and previous sort order cannot be maintained.'

Assets\TumbangPreso\Runtime\Visual\PhaisterAimSigil.cs(247,24): warning CS0618: 'Object.FindFirstObjectByType<T>()' is obsolete: 'FindFirstObjectByType has been deprecated because it relies on instance ID ordering. Use FindAnyObjectByType instead, which does not depend on ordering.'

Assets\TumbangPreso\Runtime\Visual\PhaisterOmenScreen.cs(128,38): warning CS0618: 'Object.FindFirstObjectByType<T>()' is obsolete: 'FindFirstObjectByType has been deprecated because it relies on instance ID ordering. Use FindAnyObjectByType instead, which does not depend on ordering.'

Assets\TumbangPreso\Runtime\UI\MapPreviewSurface.cs(745,103): warning CS0618: 'FindObjectsSortMode' is obsolete: 'FindObjectsSortMode has been deprecated. Use the FindObjectsByType overloads that do not take a FindObjectsSortMode parameter.'

Assets\TumbangPreso\Runtime\UI\MapPreviewSurface.cs(745,37): warning CS0618: 'Object.FindObjectsByType<T>(FindObjectsInactive, FindObjectsSortMode)' is obsolete: 'FindObjectsByType with FindObjectsSortMode parameter has been deprecated. Use FindObjectsByType<T>() or FindObjectsByType<T>(FindObjectsInactive) instead. InstanceID will be replaced in the future with EntityId and previous sort order cannot be maintained.'

Assets\TumbangPreso\Runtime\UI\MapPreviewSurface.cs(1183,61): warning CS0618: 'FindObjectsSortMode' is obsolete: 'FindObjectsSortMode has been deprecated. Use the FindObjectsByType overloads that do not take a FindObjectsSortMode parameter.'

Assets\TumbangPreso\Runtime\UI\MapPreviewSurface.cs(1182,35): warning CS0618: 'Object.FindObjectsByType<T>(FindObjectsInactive, FindObjectsSortMode)' is obsolete: 'FindObjectsByType with FindObjectsSortMode parameter has been deprecated. Use FindObjectsByType<T>() or FindObjectsByType<T>(FindObjectsInactive) instead. InstanceID will be replaced in the future with EntityId and previous sort order cannot be maintained.'

Assets\TumbangPreso\Runtime\UI\ModelPreview.cs(527,60): warning CS0618: 'FindObjectsSortMode' is obsolete: 'FindObjectsSortMode has been deprecated. Use the FindObjectsByType overloads that do not take a FindObjectsSortMode parameter.'

Assets\TumbangPreso\Runtime\UI\ModelPreview.cs(526,35): warning CS0618: 'Object.FindObjectsByType<T>(FindObjectsInactive, FindObjectsSortMode)' is obsolete: 'FindObjectsByType with FindObjectsSortMode parameter has been deprecated. Use FindObjectsByType<T>() or FindObjectsByType<T>(FindObjectsInactive) instead. InstanceID will be replaced in the future with EntityId and previous sort order cannot be maintained.'

Assets\TumbangPreso\Runtime\Visual\PhaisterManika.cs(145,35): warning CS0618: 'Object.FindFirstObjectByType<T>()' is obsolete: 'FindFirstObjectByType has been deprecated because it relies on instance ID ordering. Use FindAnyObjectByType instead, which does not depend on ordering.'

Assets\TumbangPreso\Runtime\Visual\PhaisterManika.cs(233,23): warning CS0618: 'Object.FindFirstObjectByType<T>()' is obsolete: 'FindFirstObjectByType has been deprecated because it relies on instance ID ordering. Use FindAnyObjectByType instead, which does not depend on ordering.'

Assets\TumbangPreso\Runtime\UI\PlayerNameplate.cs(122,46): warning CS0618: 'FindObjectsSortMode' is obsolete: 'FindObjectsSortMode has been deprecated. Use the FindObjectsByType overloads that do not take a FindObjectsSortMode parameter.'

Assets\TumbangPreso\Runtime\UI\PlayerNameplate.cs(121,25): warning CS0618: 'Object.FindObjectsByType<T>(FindObjectsInactive, FindObjectsSortMode)' is obsolete: 'FindObjectsByType with FindObjectsSortMode parameter has been deprecated. Use FindObjectsByType<T>() or FindObjectsByType<T>(FindObjectsInactive) instead. InstanceID will be replaced in the future with EntityId and previous sort order cannot be maintained.'

Assets\TumbangPreso\Runtime\UI\MatchResult.cs(645,23): warning CS0618: 'Object.FindFirstObjectByType<T>()' is obsolete: 'FindFirstObjectByType has been deprecated because it relies on instance ID ordering. Use FindAnyObjectByType instead, which does not depend on ordering.'

Assets\TumbangPreso\Runtime\Net\MatchRpc.cs(5469,24): warning CS0618: 'Object.FindFirstObjectByType<T>()' is obsolete: 'FindFirstObjectByType has been deprecated because it relies on instance ID ordering. Use FindAnyObjectByType instead, which does not depend on ordering.'

Assets\TumbangPreso\Runtime\UI\RoleSwapCard.cs(297,23): warning CS0618: 'Object.FindFirstObjectByType<T>()' is obsolete: 'FindFirstObjectByType has been deprecated because it relies on instance ID ordering. Use FindAnyObjectByType instead, which does not depend on ordering.'

Assets\TumbangPreso\Runtime\UI\SlipperRecall.cs(306,40): warning CS0618: 'Object.FindFirstObjectByType<T>()' is obsolete: 'FindFirstObjectByType has been deprecated because it relies on instance ID ordering. Use FindAnyObjectByType instead, which does not depend on ordering.'

Assets\TumbangPreso\Runtime\Net\MatchRpc.cs(6356,13): warning CS0618: 'Object.FindFirstObjectByType<T>()' is obsolete: 'FindFirstObjectByType has been deprecated because it relies on instance ID ordering. Use FindAnyObjectByType instead, which does not depend on ordering.'

Assets\TumbangPreso\Runtime\Net\MatchRpc.cs(6357,13): warning CS0618: 'Object.FindFirstObjectByType<T>()' is obsolete: 'FindFirstObjectByType has been deprecated because it relies on instance ID ordering. Use FindAnyObjectByType instead, which does not depend on ordering.'

Assets\TumbangPreso\Runtime\Net\MatchRpc.cs(6413,17): warning CS0618: 'Object.FindFirstObjectByType<T>()' is obsolete: 'FindFirstObjectByType has been deprecated because it relies on instance ID ordering. Use FindAnyObjectByType instead, which does not depend on ordering.'

Assets\TumbangPreso\Runtime\Net\MatchRpc.cs(6451,13): warning CS0618: 'Object.FindFirstObjectByType<T>()' is obsolete: 'FindFirstObjectByType has been deprecated because it relies on instance ID ordering. Use FindAnyObjectByType instead, which does not depend on ordering.'

Assets\TumbangPreso\Runtime\Net\MatchRpc.cs(6479,13): warning CS0618: 'Object.FindFirstObjectByType<T>()' is obsolete: 'FindFirstObjectByType has been deprecated because it relies on instance ID ordering. Use FindAnyObjectByType instead, which does not depend on ordering.'

Assets\TumbangPreso\Runtime\Net\MatchRpc.cs(6517,13): warning CS0618: 'Object.FindFirstObjectByType<T>()' is obsolete: 'FindFirstObjectByType has been deprecated because it relies on instance ID ordering. Use FindAnyObjectByType instead, which does not depend on ordering.'

Assets\TumbangPreso\Runtime\Net\MatchRpc.cs(6655,25): warning CS0618: 'Object.FindFirstObjectByType<T>()' is obsolete: 'FindFirstObjectByType has been deprecated because it relies on instance ID ordering. Use FindAnyObjectByType instead, which does not depend on ordering.'

Assets\TumbangPreso\Runtime\Net\MatchRpc.cs(6661,13): warning CS0618: 'Object.FindFirstObjectByType<T>()' is obsolete: 'FindFirstObjectByType has been deprecated because it relies on instance ID ordering. Use FindAnyObjectByType instead, which does not depend on ordering.'

Assets\TumbangPreso\Runtime\Net\MatchRpc.cs(6673,60): warning CS0618: 'Object.FindFirstObjectByType<T>()' is obsolete: 'FindFirstObjectByType has been deprecated because it relies on instance ID ordering. Use FindAnyObjectByType instead, which does not depend on ordering.'

Assets\TumbangPreso\Runtime\Net\MatchRpc.cs(6682,13): warning CS0618: 'Object.FindFirstObjectByType<T>()' is obsolete: 'FindFirstObjectByType has been deprecated because it relies on instance ID ordering. Use FindAnyObjectByType instead, which does not depend on ordering.'

Assets\TumbangPreso\Runtime\Net\MatchRpc.cs(6801,29): warning CS0618: 'Object.FindFirstObjectByType<T>()' is obsolete: 'FindFirstObjectByType has been deprecated because it relies on instance ID ordering. Use FindAnyObjectByType instead, which does not depend on ordering.'

Assets\TumbangPreso\Runtime\Net\MatchRpc.cs(6806,36): warning CS0618: 'Object.FindFirstObjectByType<T>()' is obsolete: 'FindFirstObjectByType has been deprecated because it relies on instance ID ordering. Use FindAnyObjectByType instead, which does not depend on ordering.'

Assets\TumbangPreso\Runtime\Net\MatchRpc.cs(6815,27): warning CS0618: 'Object.FindFirstObjectByType<T>()' is obsolete: 'FindFirstObjectByType has been deprecated because it relies on instance ID ordering. Use FindAnyObjectByType instead, which does not depend on ordering.'

Assets\TumbangPreso\Runtime\Net\MatchRpc.cs(6822,25): warning CS0618: 'Object.FindFirstObjectByType<T>()' is obsolete: 'FindFirstObjectByType has been deprecated because it relies on instance ID ordering. Use FindAnyObjectByType instead, which does not depend on ordering.'

Assets\TumbangPreso\Runtime\Net\MatchRpc.cs(6825,64): warning CS0618: 'FindObjectsSortMode' is obsolete: 'FindObjectsSortMode has been deprecated. Use the FindObjectsByType overloads that do not take a FindObjectsSortMode parameter.'

Assets\TumbangPreso\Runtime\Net\MatchRpc.cs(6825,37): warning CS0618: 'Object.FindObjectsByType<T>(FindObjectsSortMode)' is obsolete: 'FindObjectsByType with FindObjectsSortMode parameter has been deprecated. Use FindObjectsByType<T>() or FindObjectsByType<T>(FindObjectsInactive) instead. InstanceID will be replaced in the future with EntityId and previous sort order cannot be maintained.'

Assets\TumbangPreso\Runtime\UI\TumpMatchReadout.Recede.cs(47,52): warning CS0618: 'Object.FindFirstObjectByType<T>()' is obsolete: 'FindFirstObjectByType has been deprecated because it relies on instance ID ordering. Use FindAnyObjectByType instead, which does not depend on ordering.'

Assets\TumbangPreso\Runtime\UI\TumpMatchReadout.Recede.cs(48,66): warning CS0618: 'Object.FindFirstObjectByType<T>()' is obsolete: 'FindFirstObjectByType has been deprecated because it relies on instance ID ordering. Use FindAnyObjectByType instead, which does not depend on ordering.'

Assets\TumbangPreso\Runtime\UI\TumpMatchReadout.cs(215,66): warning CS0618: 'Object.FindFirstObjectByType<T>()' is obsolete: 'FindFirstObjectByType has been deprecated because it relies on instance ID ordering. Use FindAnyObjectByType instead, which does not depend on ordering.'

Assets\TumbangPreso\Runtime\UI\TumpMatchReadout.cs(445,140): warning CS0618: 'FindObjectsSortMode' is obsolete: 'FindObjectsSortMode has been deprecated. Use the FindObjectsByType overloads that do not take a FindObjectsSortMode parameter.'

Assets\TumbangPreso\Runtime\UI\TumpMatchReadout.cs(445,84): warning CS0618: 'Object.FindObjectsByType<T>(FindObjectsInactive, FindObjectsSortMode)' is obsolete: 'FindObjectsByType with FindObjectsSortMode parameter has been deprecated. Use FindObjectsByType<T>() or FindObjectsByType<T>(FindObjectsInactive) instead. InstanceID will be replaced in the future with EntityId and previous sort order cannot be maintained.'

Assets\TumbangPreso\Runtime\UI\TumpPowerReadout.OwnerDeck.cs(29,29): warning CS0414: The field 'TumpPowerReadout._referenceOpened' is assigned but its value is never used

Assets\TumbangPreso\Runtime\Abilities\ZackHeroKit.cs(38,42): warning CS0414: The field 'ZackHeroKit._joinThunderSettled' is assigned but its value is never used

Assets\TumbangPreso\Runtime\AIController.cs(59,41): warning CS0414: The field 'AIController._tier' is assigned but its value is never used

Assets\TumbangPreso\Runtime\UI\ArrowButtonView.cs(54,32): warning CS0414: The field 'ArrowButtonView._held' is assigned but its value is never used

Assets\TumbangPreso\Runtime\AIController.cs(134,28): warning UAC1001: Field 'SeatDifficulty' type 'TumbangPreso.Core.Difficulty?' is skipped by serialization (missing the [Serializable] attribute). Refer to the Serialization rules analyzer reference. (https://docs.unity3d.com/6000.5/Documentation/Manual/script-serialization-analyzer.html#uac1001)

Assets\TumbangPreso\Runtime\Abilities\HeroHazards.cs(2674,32): warning UAC1001: Field 'OwnerCast' type 'TumbangPreso.Abilities.HeroAbility' is skipped by serialization (missing the [Serializable] attribute). Refer to the Serialization rules analyzer reference. (https://docs.unity3d.com/6000.5/Documentation/Manual/script-serialization-analyzer.html#uac1001)

Assets\TumbangPreso\Runtime\UI\SlipperRecallMark.cs(47,23): warning UAC1001: Field 'Bearing' type 'float?' is skipped by serialization (missing the [Serializable] attribute). Refer to the Serialization rules analyzer reference. (https://docs.unity3d.com/6000.5/Documentation/Manual/script-serialization-analyzer.html#uac1001)
[1231/1243  0s] ILPostProcess Library/Bee/artifacts/1900b0aE.dag/post-processed/TumbangPreso.Editor.dll (+pdb)
Processing assembly Library/Bee/artifacts/1900b0aE.dag/TumbangPreso.Editor.dll, with 140 defines and 305 references

processors: Unity.Jobs.CodeGen.JobsILPostProcessor, Unity.Netcode.Editor.CodeGen.INetworkMessageILPP, Unity.Netcode.Editor.CodeGen.INetworkSerializableILPP, Unity.Netcode.Editor.CodeGen.NetworkBehaviourILPP, Unity.Netcode.Editor.CodeGen.RuntimeAccessModifiersILPP, Unity.Pipeline.CodeGen.HotReloadInPlaceILPostProcessor, zzzUnity.Burst.CodeGen.BurstILPostProcessor

running Unity.Jobs.CodeGen.JobsILPostProcessor

running Unity.Netcode.Editor.CodeGen.INetworkMessageILPP

running Unity.Netcode.Editor.CodeGen.INetworkSerializableILPP

running Unity.Netcode.Editor.CodeGen.NetworkBehaviourILPP

running Unity.Netcode.Editor.CodeGen.RuntimeAccessModifiersILPP

running Unity.Pipeline.CodeGen.HotReloadInPlaceILPostProcessor

running zzzUnity.Burst.CodeGen.BurstILPostProcessor
[1234/1243  1s] ILPostProcess Library/Bee/artifacts/1900b0aE.dag/post-processed/TumbangPreso.Tests.dll (+pdb)
Processing assembly Library/Bee/artifacts/1900b0aE.dag/TumbangPreso.Tests.dll, with 140 defines and 300 references

processors: Unity.Jobs.CodeGen.JobsILPostProcessor, Unity.Netcode.Editor.CodeGen.INetworkMessageILPP, Unity.Netcode.Editor.CodeGen.INetworkSerializableILPP, Unity.Netcode.Editor.CodeGen.NetworkBehaviourILPP, Unity.Netcode.Editor.CodeGen.RuntimeAccessModifiersILPP, Unity.Pipeline.CodeGen.HotReloadInPlaceILPostProcessor, zzzUnity.Burst.CodeGen.BurstILPostProcessor

running Unity.Jobs.CodeGen.JobsILPostProcessor

running Unity.Netcode.Editor.CodeGen.INetworkMessageILPP

running Unity.Netcode.Editor.CodeGen.INetworkSerializableILPP

running Unity.Netcode.Editor.CodeGen.NetworkBehaviourILPP

running Unity.Netcode.Editor.CodeGen.RuntimeAccessModifiersILPP

running Unity.Pipeline.CodeGen.HotReloadInPlaceILPostProcessor

running zzzUnity.Burst.CodeGen.BurstILPostProcessor
[1237/1243  4s] ILPostProcess Library/Bee/artifacts/1900b0aE.dag/post-processed/TumbangPreso.PlayTests.dll (+pdb)
Processing assembly Library/Bee/artifacts/1900b0aE.dag/TumbangPreso.PlayTests.dll, with 142 defines and 290 references

processors: Unity.Jobs.CodeGen.JobsILPostProcessor, Unity.Netcode.Editor.CodeGen.INetworkMessageILPP, Unity.Netcode.Editor.CodeGen.INetworkSerializableILPP, Unity.Netcode.Editor.CodeGen.NetworkBehaviourILPP, Unity.Netcode.Editor.CodeGen.RuntimeAccessModifiersILPP, Unity.Pipeline.CodeGen.HotReloadInPlaceILPostProcessor, zzzUnity.Burst.CodeGen.BurstILPostProcessor

running Unity.Jobs.CodeGen.JobsILPostProcessor

running Unity.Netcode.Editor.CodeGen.INetworkMessageILPP

running Unity.Netcode.Editor.CodeGen.INetworkSerializableILPP

running Unity.Netcode.Editor.CodeGen.NetworkBehaviourILPP

running Unity.Netcode.Editor.CodeGen.RuntimeAccessModifiersILPP

running Unity.Pipeline.CodeGen.HotReloadInPlaceILPostProcessor

running zzzUnity.Burst.CodeGen.BurstILPostProcessor
[1240/1243  4s] ILPostProcess Library/Bee/artifacts/1900b0aE.dag/post-processed/TumbangPreso.Runtime.dll (+pdb)
Processing assembly Library/Bee/artifacts/1900b0aE.dag/TumbangPreso.Runtime.dll, with 142 defines and 298 references

processors: Unity.Jobs.CodeGen.JobsILPostProcessor, Unity.Netcode.Editor.CodeGen.INetworkMessageILPP, Unity.Netcode.Editor.CodeGen.INetworkSerializableILPP, Unity.Netcode.Editor.CodeGen.NetworkBehaviourILPP, Unity.Netcode.Editor.CodeGen.RuntimeAccessModifiersILPP, Unity.Pipeline.CodeGen.HotReloadInPlaceILPostProcessor, zzzUnity.Burst.CodeGen.BurstILPostProcessor

running Unity.Jobs.CodeGen.JobsILPostProcessor

running Unity.Netcode.Editor.CodeGen.INetworkMessageILPP

running Unity.Netcode.Editor.CodeGen.INetworkSerializableILPP

running Unity.Netcode.Editor.CodeGen.NetworkBehaviourILPP

running Unity.Netcode.Editor.CodeGen.RuntimeAccessModifiersILPP

running Unity.Pipeline.CodeGen.HotReloadInPlaceILPostProcessor

running zzzUnity.Burst.CodeGen.BurstILPostProcessor
[1241/1243  0s] CopyFiles Library/ScriptAssemblies/TumbangPreso.Runtime.pdb
[1242/1243  0s] CopyFiles Library/ScriptAssemblies/TumbangPreso.Runtime.dll
*** Tundra build success (14.17 seconds), 8 items updated, 1243 evaluated
Assets\TumbangPreso\Runtime\AudioDirector.cs(184,71): warning CS0618: 'FindObjectsSortMode' is obsolete: 'FindObjectsSortMode has been deprecated. Use the FindObjectsByType overloads that do not take a FindObjectsSortMode parameter.'
Assets\TumbangPreso\Runtime\AudioDirector.cs(183,38): warning CS0618: 'Object.FindObjectsByType<T>(FindObjectsInactive, FindObjectsSortMode)' is obsolete: 'FindObjectsByType with FindObjectsSortMode parameter has been deprecated. Use FindObjectsByType<T>() or FindObjectsByType<T>(FindObjectsInactive) instead. InstanceID will be replaced in the future with EntityId and previous sort order cannot be maintained.'
Assets\TumbangPreso\Runtime\Camera\CameraRig.cs(335,23): warning CS0618: 'Object.FindFirstObjectByType<T>()' is obsolete: 'FindFirstObjectByType has been deprecated because it relies on instance ID ordering. Use FindAnyObjectByType instead, which does not depend on ordering.'
Assets\TumbangPreso\Runtime\Camera\CameraRig.cs(353,23): warning CS0618: 'Object.FindFirstObjectByType<T>()' is obsolete: 'FindFirstObjectByType has been deprecated because it relies on instance ID ordering. Use FindAnyObjectByType instead, which does not depend on ordering.'
Assets\TumbangPreso\Runtime\Camera\CameraRig.cs(367,23): warning CS0618: 'Object.FindFirstObjectByType<T>()' is obsolete: 'FindFirstObjectByType has been deprecated because it relies on instance ID ordering. Use FindAnyObjectByType instead, which does not depend on ordering.'
Assets\TumbangPreso\Runtime\Camera\CameraRig.cs(377,23): warning CS0618: 'Object.FindFirstObjectByType<T>()' is obsolete: 'FindFirstObjectByType has been deprecated because it relies on instance ID ordering. Use FindAnyObjectByType instead, which does not depend on ordering.'
Assets\TumbangPreso\Runtime\Camera\CameraRig.cs(390,23): warning CS0618: 'Object.FindFirstObjectByType<T>()' is obsolete: 'FindFirstObjectByType has been deprecated because it relies on instance ID ordering. Use FindAnyObjectByType instead, which does not depend on ordering.'
Assets\TumbangPreso\Runtime\Camera\CameraRig.cs(398,21): warning CS0618: 'Object.FindFirstObjectByType<T>()' is obsolete: 'FindFirstObjectByType has been deprecated because it relies on instance ID ordering. Use FindAnyObjectByType instead, which does not depend on ordering.'
Assets\TumbangPreso\Runtime\Camera\CameraRig.cs(405,23): warning CS0618: 'Object.FindFirstObjectByType<T>()' is obsolete: 'FindFirstObjectByType has been deprecated because it relies on instance ID ordering. Use FindAnyObjectByType instead, which does not depend on ordering.'
Assets\TumbangPreso\Runtime\Abilities\DanteHeroKit.cs(160,81): warning CS0618: 'FindObjectsSortMode' is obsolete: 'FindObjectsSortMode has been deprecated. Use the FindObjectsByType overloads that do not take a FindObjectsSortMode parameter.'
Assets\TumbangPreso\Runtime\Abilities\DanteHeroKit.cs(160,35): warning CS0618: 'Object.FindObjectsByType<T>(FindObjectsSortMode)' is obsolete: 'FindObjectsByType with FindObjectsSortMode parameter has been deprecated. Use FindObjectsByType<T>() or FindObjectsByType<T>(FindObjectsInactive) instead. InstanceID will be replaced in the future with EntityId and previous sort order cannot be maintained.'
Assets\TumbangPreso\Runtime\Carrier.cs(743,58): warning CS0618: 'FindObjectsSortMode' is obsolete: 'FindObjectsSortMode has been deprecated. Use the FindObjectsByType overloads that do not take a FindObjectsSortMode parameter.'
Assets\TumbangPreso\Runtime\Carrier.cs(743,31): warning CS0618: 'Object.FindObjectsByType<T>(FindObjectsSortMode)' is obsolete: 'FindObjectsByType with FindObjectsSortMode parameter has been deprecated. Use FindObjectsByType<T>() or FindObjectsByType<T>(FindObjectsInactive) instead. InstanceID will be replaced in the future with EntityId and previous sort order cannot be maintained.'
Assets\TumbangPreso\Runtime\Visual\WorldOutline.cs(497,66): warning CS0618: 'FindObjectsSortMode' is obsolete: 'FindObjectsSortMode has been deprecated. Use the FindObjectsByType overloads that do not take a FindObjectsSortMode parameter.'
Assets\TumbangPreso\Runtime\Visual\WorldOutline.cs(497,38): warning CS0618: 'Object.FindObjectsByType<T>(FindObjectsSortMode)' is obsolete: 'FindObjectsByType with FindObjectsSortMode parameter has been deprecated. Use FindObjectsByType<T>() or FindObjectsByType<T>(FindObjectsInactive) instead. InstanceID will be replaced in the future with EntityId and previous sort order cannot be maintained.'
Assets\TumbangPreso\Runtime\Abilities\VoodooDollBody.cs(145,97): warning CS0618: 'FindObjectsSortMode' is obsolete: 'FindObjectsSortMode has been deprecated. Use the FindObjectsByType overloads that do not take a FindObjectsSortMode parameter.'
Assets\TumbangPreso\Runtime\Abilities\VoodooDollBody.cs(145,34): warning CS0618: 'Object.FindObjectsByType<T>(FindObjectsInactive, FindObjectsSortMode)' is obsolete: 'FindObjectsByType with FindObjectsSortMode parameter has been deprecated. Use FindObjectsByType<T>() or FindObjectsByType<T>(FindObjectsInactive) instead. InstanceID will be replaced in the future with EntityId and previous sort order cannot be maintained.'
Assets\TumbangPreso\Runtime\CombatVerbs.cs(570,58): warning CS0618: 'FindObjectsSortMode' is obsolete: 'FindObjectsSortMode has been deprecated. Use the FindObjectsByType overloads that do not take a FindObjectsSortMode parameter.'
Assets\TumbangPreso\Runtime\CombatVerbs.cs(570,31): warning CS0618: 'Object.FindObjectsByType<T>(FindObjectsSortMode)' is obsolete: 'FindObjectsByType with FindObjectsSortMode parameter has been deprecated. Use FindObjectsByType<T>() or FindObjectsByType<T>(FindObjectsInactive) instead. InstanceID will be replaced in the future with EntityId and previous sort order cannot be maintained.'
Assets\TumbangPreso\Runtime\CombatVerbs.cs(681,58): warning CS0618: 'FindObjectsSortMode' is obsolete: 'FindObjectsSortMode has been deprecated. Use the FindObjectsByType overloads that do not take a FindObjectsSortMode parameter.'
Assets\TumbangPreso\Runtime\CombatVerbs.cs(681,31): warning CS0618: 'Object.FindObjectsByType<T>(FindObjectsSortMode)' is obsolete: 'FindObjectsByType with FindObjectsSortMode parameter has been deprecated. Use FindObjectsByType<T>() or FindObjectsByType<T>(FindObjectsInactive) instead. InstanceID will be replaced in the future with EntityId and previous sort order cannot be maintained.'
Assets\TumbangPreso\Runtime\DebugPlayerSwitcher.cs(224,27): warning CS0618: 'Object.FindFirstObjectByType<T>()' is obsolete: 'FindFirstObjectByType has been deprecated because it relies on instance ID ordering. Use FindAnyObjectByType instead, which does not depend on ordering.'
Assets\TumbangPreso\Runtime\DebugPlayerSwitcher.cs(242,21): warning CS0618: 'Object.FindFirstObjectByType<T>()' is obsolete: 'FindFirstObjectByType has been deprecated because it relies on instance ID ordering. Use FindAnyObjectByType instead, which does not depend on ordering.'
Assets\TumbangPreso\Runtime\DebugPlayerSwitcher.cs(246,27): warning CS0618: 'Object.FindFirstObjectByType<T>()' is obsolete: 'FindFirstObjectByType has been deprecated because it relies on instance ID ordering. Use FindAnyObjectByType instead, which does not depend on ordering.'
Assets\TumbangPreso\Runtime\DebugPlayerSwitcher.cs(249,29): warning CS0618: 'Object.FindFirstObjectByType<T>()' is obsolete: 'FindFirstObjectByType has been deprecated because it relies on instance ID ordering. Use FindAnyObjectByType instead, which does not depend on ordering.'
Assets\TumbangPreso\Runtime\DebugPlayerSwitcher.cs(251,31): warning CS0618: 'Object.FindFirstObjectByType<T>()' is obsolete: 'FindFirstObjectByType has been deprecated because it relies on instance ID ordering. Use FindAnyObjectByType instead, which does not depend on ordering.'
Assets\TumbangPreso\Runtime\Abilities\RafiWaterField.cs(144,55): warning CS0618: 'FindObjectsSortMode' is obsolete: 'FindObjectsSortMode has been deprecated. Use the FindObjectsByType overloads that do not take a FindObjectsSortMode parameter.'
Assets\TumbangPreso\Runtime\Abilities\RafiWaterField.cs(144,28): warning CS0618: 'Object.FindObjectsByType<T>(FindObjectsSortMode)' is obsolete: 'FindObjectsByType with FindObjectsSortMode parameter has been deprecated. Use FindObjectsByType<T>() or FindObjectsByType<T>(FindObjectsInactive) instead. InstanceID will be replaced in the future with EntityId and previous sort order cannot be maintained.'
Assets\TumbangPreso\Runtime\Diagnostics\WorldShadowSweepProbe.cs(97,67): warning CS0618: 'FindObjectsSortMode' is obsolete: 'FindObjectsSortMode has been deprecated. Use the FindObjectsByType overloads that do not take a FindObjectsSortMode parameter.'
Assets\TumbangPreso\Runtime\Diagnostics\WorldShadowSweepProbe.cs(97,35): warning CS0618: 'Object.FindObjectsByType<T>(FindObjectsSortMode)' is obsolete: 'FindObjectsByType with FindObjectsSortMode parameter has been deprecated. Use FindObjectsByType<T>() or FindObjectsByType<T>(FindObjectsInactive) instead. InstanceID will be replaced in the future with EntityId and previous sort order cannot be maintained.'
Assets\TumbangPreso\Runtime\Diagnostics\WorldShadowSweepProbe.cs(98,72): warning CS0618: 'FindObjectsSortMode' is obsolete: 'FindObjectsSortMode has been deprecated. Use the FindObjectsByType overloads that do not take a FindObjectsSortMode parameter.'
Assets\TumbangPreso\Runtime\Diagnostics\WorldShadowSweepProbe.cs(98,35): warning CS0618: 'Object.FindObjectsByType<T>(FindObjectsSortMode)' is obsolete: 'FindObjectsByType with FindObjectsSortMode parameter has been deprecated. Use FindObjectsByType<T>() or FindObjectsByType<T>(FindObjectsInactive) instead. InstanceID will be replaced in the future with EntityId and previous sort order cannot be maintained.'
Assets\TumbangPreso\Runtime\Diagnostics\WorldShadowSweepProbe.cs(100,23): warning CS0618: 'Object.FindFirstObjectByType<T>()' is obsolete: 'FindFirstObjectByType has been deprecated because it relies on instance ID ordering. Use FindAnyObjectByType instead, which does not depend on ordering.'
Assets\TumbangPreso\Runtime\Diagnostics\WorldShadowSweepProbe.cs(104,44): warning CS0618: 'FindObjectsSortMode' is obsolete: 'FindObjectsSortMode has been deprecated. Use the FindObjectsByType overloads that do not take a FindObjectsSortMode parameter.'
Assets\TumbangPreso\Runtime\Diagnostics\WorldShadowSweepProbe.cs(104,19): warning CS0618: 'Object.FindObjectsByType<T>(FindObjectsSortMode)' is obsolete: 'FindObjectsByType with FindObjectsSortMode parameter has been deprecated. Use FindObjectsByType<T>() or FindObjectsByType<T>(FindObjectsInactive) instead. InstanceID will be replaced in the future with EntityId and previous sort order cannot be maintained.'
Assets\TumbangPreso\Runtime\Diagnostics\WorldGraphicsProbe.cs(82,32): warning CS0618: 'Object.FindFirstObjectByType<T>()' is obsolete: 'FindFirstObjectByType has been deprecated because it relies on instance ID ordering. Use FindAnyObjectByType instead, which does not depend on ordering.'
Assets\TumbangPreso\Runtime\Diagnostics\WorldGraphicsProbe.cs(84,74): warning CS0618: 'FindObjectsSortMode' is obsolete: 'FindObjectsSortMode has been deprecated. Use the FindObjectsByType overloads that do not take a FindObjectsSortMode parameter.'
Assets\TumbangPreso\Runtime\Diagnostics\WorldGraphicsProbe.cs(84,42): warning CS0618: 'Object.FindObjectsByType<T>(FindObjectsSortMode)' is obsolete: 'FindObjectsByType with FindObjectsSortMode parameter has been deprecated. Use FindObjectsByType<T>() or FindObjectsByType<T>(FindObjectsInactive) instead. InstanceID will be replaced in the future with EntityId and previous sort order cannot be maintained.'
Assets\TumbangPreso\Runtime\Diagnostics\WorldGraphicsProbe.cs(85,79): warning CS0618: 'FindObjectsSortMode' is obsolete: 'FindObjectsSortMode has been deprecated. Use the FindObjectsByType overloads that do not take a FindObjectsSortMode parameter.'
Assets\TumbangPreso\Runtime\Diagnostics\WorldGraphicsProbe.cs(85,42): warning CS0618: 'Object.FindObjectsByType<T>(FindObjectsSortMode)' is obsolete: 'FindObjectsByType with FindObjectsSortMode parameter has been deprecated. Use FindObjectsByType<T>() or FindObjectsByType<T>(FindObjectsInactive) instead. InstanceID will be replaced in the future with EntityId and previous sort order cannot be maintained.'
Assets\TumbangPreso\Runtime\Diagnostics\WorldGraphicsProbe.cs(93,29): warning CS0618: 'Object.FindFirstObjectByType<T>()' is obsolete: 'FindFirstObjectByType has been deprecated because it relies on instance ID ordering. Use FindAnyObjectByType instead, which does not depend on ordering.'
Assets\TumbangPreso\Runtime\Diagnostics\WorldGraphicsProbe.cs(99,41): warning CS0618: 'Object.FindFirstObjectByType<T>()' is obsolete: 'FindFirstObjectByType has been deprecated because it relies on instance ID ordering. Use FindAnyObjectByType instead, which does not depend on ordering.'
Assets\TumbangPreso\Runtime\CharacterMotor.cs(797,20): warning CS0618: 'Object.FindFirstObjectByType<T>()' is obsolete: 'FindFirstObjectByType has been deprecated because it relies on instance ID ordering. Use FindAnyObjectByType instead, which does not depend on ordering.'
Assets\TumbangPreso\Runtime\Camera\SpectatorCamera.cs(982,20): warning CS0618: 'Object.FindFirstObjectByType<T>()' is obsolete: 'FindFirstObjectByType has been deprecated because it relies on instance ID ordering. Use FindAnyObjectByType instead, which does not depend on ordering.'
Assets\TumbangPreso\Runtime\Abilities\HeroHazards.cs(1294,98): warning CS0618: 'FindObjectsSortMode' is obsolete: 'FindObjectsSortMode has been deprecated. Use the FindObjectsByType overloads that do not take a FindObjectsSortMode parameter.'
Assets\TumbangPreso\Runtime\Abilities\HeroHazards.cs(1294,35): warning CS0618: 'Object.FindObjectsByType<T>(FindObjectsInactive, FindObjectsSortMode)' is obsolete: 'FindObjectsByType with FindObjectsSortMode parameter has been deprecated. Use FindObjectsByType<T>() or FindObjectsByType<T>(FindObjectsInactive) instead. InstanceID will be replaced in the future with EntityId and previous sort order cannot be maintained.'
Assets\TumbangPreso\Runtime\Diagnostics\OwnerUiPlayerReview.Accessibility.cs(81,24): warning CS0618: 'Object.FindFirstObjectByType<T>()' is obsolete: 'FindFirstObjectByType has been deprecated because it relies on instance ID ordering. Use FindAnyObjectByType instead, which does not depend on ordering.'
Assets\TumbangPreso\Runtime\Diagnostics\OwnerUiPlayerReview.Accessibility.cs(119,44): warning CS0618: 'Object.FindFirstObjectByType<T>()' is obsolete: 'FindFirstObjectByType has been deprecated because it relies on instance ID ordering. Use FindAnyObjectByType instead, which does not depend on ordering.'
Assets\TumbangPreso\Runtime\Diagnostics\OwnerUiPlayerReview.Controls.cs(21,24): warning CS0618: 'Object.FindFirstObjectByType<T>()' is obsolete: 'FindFirstObjectByType has been deprecated because it relies on instance ID ordering. Use FindAnyObjectByType instead, which does not depend on ordering.'
Assets\TumbangPreso\Runtime\Camera\SpectatorInterest.cs(772,50): warning CS0618: 'FindObjectsSortMode' is obsolete: 'FindObjectsSortMode has been deprecated. Use the FindObjectsByType overloads that do not take a FindObjectsSortMode parameter.'
Assets\TumbangPreso\Runtime\Camera\SpectatorInterest.cs(771,29): warning CS0618: 'Object.FindObjectsByType<T>(FindObjectsInactive, FindObjectsSortMode)' is obsolete: 'FindObjectsByType with FindObjectsSortMode parameter has been deprecated. Use FindObjectsByType<T>() or FindObjectsByType<T>(FindObjectsInactive) instead. InstanceID will be replaced in the future with EntityId and previous sort order cannot be maintained.'
Assets\TumbangPreso\Runtime\Diagnostics\NetAutomationProbe.cs(118,24): warning CS0618: 'Object.FindFirstObjectByType<T>()' is obsolete: 'FindFirstObjectByType has been deprecated because it relies on instance ID ordering. Use FindAnyObjectByType instead, which does not depend on ordering.'
Assets\TumbangPreso\Runtime\Diagnostics\NetAutomationProbe.cs(158,26): warning CS0618: 'Object.FindFirstObjectByType<T>()' is obsolete: 'FindFirstObjectByType has been deprecated because it relies on instance ID ordering. Use FindAnyObjectByType instead, which does not depend on ordering.'
Assets\TumbangPreso\Runtime\Diagnostics\NetAutomationProbe.cs(164,26): warning CS0618: 'Object.FindFirstObjectByType<T>()' is obsolete: 'FindFirstObjectByType has been deprecated because it relies on instance ID ordering. Use FindAnyObjectByType instead, which does not depend on ordering.'
Assets\TumbangPreso\Runtime\Camera\SpectatorCamera.cs(2597,72): warning CS0618: 'FindObjectsSortMode' is obsolete: 'FindObjectsSortMode has been deprecated. Use the FindObjectsByType overloads that do not take a FindObjectsSortMode parameter.'
Assets\TumbangPreso\Runtime\Camera\SpectatorCamera.cs(2596,38): warning CS0618: 'Object.FindObjectsByType<T>(FindObjectsInactive, FindObjectsSortMode)' is obsolete: 'FindObjectsByType with FindObjectsSortMode parameter has been deprecated. Use FindObjectsByType<T>() or FindObjectsByType<T>(FindObjectsInactive) instead. InstanceID will be replaced in the future with EntityId and previous sort order cannot be maintained.'
Assets\TumbangPreso\Runtime\GuidedTraining.cs(197,73): warning CS0618: 'FindObjectsSortMode' is obsolete: 'FindObjectsSortMode has been deprecated. Use the FindObjectsByType overloads that do not take a FindObjectsSortMode parameter.'
Assets\TumbangPreso\Runtime\GuidedTraining.cs(197,36): warning CS0618: 'Object.FindObjectsByType<T>(FindObjectsSortMode)' is obsolete: 'FindObjectsByType with FindObjectsSortMode parameter has been deprecated. Use FindObjectsByType<T>() or FindObjectsByType<T>(FindObjectsInactive) instead. InstanceID will be replaced in the future with EntityId and previous sort order cannot be maintained.'
Assets\TumbangPreso\Runtime\GuidedTraining.cs(199,27): warning CS0618: 'Object.FindFirstObjectByType<T>()' is obsolete: 'FindFirstObjectByType has been deprecated because it relies on instance ID ordering. Use FindAnyObjectByType instead, which does not depend on ordering.'
Assets\TumbangPreso\Runtime\GuidedTraining.cs(2242,27): warning CS0618: 'Object.FindFirstObjectByType<T>()' is obsolete: 'FindFirstObjectByType has been deprecated because it relies on instance ID ordering. Use FindAnyObjectByType instead, which does not depend on ordering.'
Assets\TumbangPreso\Runtime\Input\UiInputModule.cs(45,26): warning CS0618: 'Object.FindFirstObjectByType<T>()' is obsolete: 'FindFirstObjectByType has been deprecated because it relies on instance ID ordering. Use FindAnyObjectByType instead, which does not depend on ordering.'
Assets\TumbangPreso\Runtime\Diagnostics\NetDanteProbe.cs(105,25): warning CS0618: 'Object.FindFirstObjectByType<T>()' is obsolete: 'FindFirstObjectByType has been deprecated because it relies on instance ID ordering. Use FindAnyObjectByType instead, which does not depend on ordering.'
Assets\TumbangPreso\Runtime\Diagnostics\NetDanteProbe.cs(109,67): warning CS0618: 'FindObjectsSortMode' is obsolete: 'FindObjectsSortMode has been deprecated. Use the FindObjectsByType overloads that do not take a FindObjectsSortMode parameter.'
Assets\TumbangPreso\Runtime\Diagnostics\NetDanteProbe.cs(109,35): warning CS0618: 'Object.FindObjectsByType<T>(FindObjectsSortMode)' is obsolete: 'FindObjectsByType with FindObjectsSortMode parameter has been deprecated. Use FindObjectsByType<T>() or FindObjectsByType<T>(FindObjectsInactive) instead. InstanceID will be replaced in the future with EntityId and previous sort order cannot be maintained.'
Assets\TumbangPreso\Runtime\Diagnostics\NetDanteProbe.cs(110,73): warning CS0618: 'FindObjectsSortMode' is obsolete: 'FindObjectsSortMode has been deprecated. Use the FindObjectsByType overloads that do not take a FindObjectsSortMode parameter.'
Assets\TumbangPreso\Runtime\Diagnostics\NetDanteProbe.cs(110,36): warning CS0618: 'Object.FindObjectsByType<T>(FindObjectsSortMode)' is obsolete: 'FindObjectsByType with FindObjectsSortMode parameter has been deprecated. Use FindObjectsByType<T>() or FindObjectsByType<T>(FindObjectsInactive) instead. InstanceID will be replaced in the future with EntityId and previous sort order cannot be maintained.'
Assets\TumbangPreso\Runtime\Diagnostics\NetDanteProbe.cs(216,73): warning CS0618: 'FindObjectsSortMode' is obsolete: 'FindObjectsSortMode has been deprecated. Use the FindObjectsByType overloads that do not take a FindObjectsSortMode parameter.'
Assets\TumbangPreso\Runtime\Diagnostics\NetDanteProbe.cs(216,46): warning CS0618: 'Object.FindObjectsByType<T>(FindObjectsSortMode)' is obsolete: 'FindObjectsByType with FindObjectsSortMode parameter has been deprecated. Use FindObjectsByType<T>() or FindObjectsByType<T>(FindObjectsInactive) instead. InstanceID will be replaced in the future with EntityId and previous sort order cannot be maintained.'
Assets\TumbangPreso\Runtime\Diagnostics\NetDanteProbe.cs(226,59): warning CS0618: 'FindObjectsSortMode' is obsolete: 'FindObjectsSortMode has been deprecated. Use the FindObjectsByType overloads that do not take a FindObjectsSortMode parameter.'
Assets\TumbangPreso\Runtime\Diagnostics\NetDanteProbe.cs(226,21): warning CS0618: 'Object.FindObjectsByType<T>(FindObjectsSortMode)' is obsolete: 'FindObjectsByType with FindObjectsSortMode parameter has been deprecated. Use FindObjectsByType<T>() or FindObjectsByType<T>(FindObjectsInactive) instead. InstanceID will be replaced in the future with EntityId and previous sort order cannot be maintained.'
Assets\TumbangPreso\Runtime\Diagnostics\NetDanteProbe.cs(236,87): warning CS0618: 'FindObjectsSortMode' is obsolete: 'FindObjectsSortMode has been deprecated. Use the FindObjectsByType overloads that do not take a FindObjectsSortMode parameter.'
Assets\TumbangPreso\Runtime\Diagnostics\NetDanteProbe.cs(236,37): warning CS0618: 'Object.FindObjectsByType<T>(FindObjectsSortMode)' is obsolete: 'FindObjectsByType with FindObjectsSortMode parameter has been deprecated. Use FindObjectsByType<T>() or FindObjectsByType<T>(FindObjectsInactive) instead. InstanceID will be replaced in the future with EntityId and previous sort order cannot be maintained.'
Assets\TumbangPreso\Runtime\Diagnostics\NetDanteProbe.cs(237,88): warning CS0618: 'FindObjectsSortMode' is obsolete: 'FindObjectsSortMode has been deprecated. Use the FindObjectsByType overloads that do not take a FindObjectsSortMode parameter.'
Assets\TumbangPreso\Runtime\Diagnostics\NetDanteProbe.cs(237,37): warning CS0618: 'Object.FindObjectsByType<T>(FindObjectsSortMode)' is obsolete: 'FindObjectsByType with FindObjectsSortMode parameter has been deprecated. Use FindObjectsByType<T>() or FindObjectsByType<T>(FindObjectsInactive) instead. InstanceID will be replaced in the future with EntityId and previous sort order cannot be maintained.'
Assets\TumbangPreso\Runtime\GuidedTraining.cs(830,26): warning CS0618: 'FindObjectsSortMode' is obsolete: 'FindObjectsSortMode has been deprecated. Use the FindObjectsByType overloads that do not take a FindObjectsSortMode parameter.'
Assets\TumbangPreso\Runtime\GuidedTraining.cs(829,36): warning CS0618: 'Object.FindObjectsByType<T>(FindObjectsSortMode)' is obsolete: 'FindObjectsByType with FindObjectsSortMode parameter has been deprecated. Use FindObjectsByType<T>() or FindObjectsByType<T>(FindObjectsInactive) instead. InstanceID will be replaced in the future with EntityId and previous sort order cannot be maintained.'
Assets\TumbangPreso\Runtime\Diagnostics\NetFamiliarProbe.cs(58,23): warning CS0618: 'Object.FindFirstObjectByType<T>()' is obsolete: 'FindFirstObjectByType has been deprecated because it relies on instance ID ordering. Use FindAnyObjectByType instead, which does not depend on ordering.'
Assets\TumbangPreso\Runtime\Diagnostics\NetFamiliarProbe.cs(77,66): warning CS0618: 'FindObjectsSortMode' is obsolete: 'FindObjectsSortMode has been deprecated. Use the FindObjectsByType overloads that do not take a FindObjectsSortMode parameter.'
Assets\TumbangPreso\Runtime\Diagnostics\NetFamiliarProbe.cs(77,34): warning CS0618: 'Object.FindObjectsByType<T>(FindObjectsSortMode)' is obsolete: 'FindObjectsByType with FindObjectsSortMode parameter has been deprecated. Use FindObjectsByType<T>() or FindObjectsByType<T>(FindObjectsInactive) instead. InstanceID will be replaced in the future with EntityId and previous sort order cannot be maintained.'
Assets\TumbangPreso\Runtime\Diagnostics\NetFamiliarProbe.cs(78,72): warning CS0618: 'FindObjectsSortMode' is obsolete: 'FindObjectsSortMode has been deprecated. Use the FindObjectsByType overloads that do not take a FindObjectsSortMode parameter.'
Assets\TumbangPreso\Runtime\Diagnostics\NetFamiliarProbe.cs(78,35): warning CS0618: 'Object.FindObjectsByType<T>(FindObjectsSortMode)' is obsolete: 'FindObjectsByType with FindObjectsSortMode parameter has been deprecated. Use FindObjectsByType<T>() or FindObjectsByType<T>(FindObjectsInactive) instead. InstanceID will be replaced in the future with EntityId and previous sort order cannot be maintained.'
Assets\TumbangPreso\Runtime\Diagnostics\NetFamiliarProbe.cs(140,89): warning CS0618: 'FindObjectsSortMode' is obsolete: 'FindObjectsSortMode has been deprecated. Use the FindObjectsByType overloads that do not take a FindObjectsSortMode parameter.'
Assets\TumbangPreso\Runtime\Diagnostics\NetFamiliarProbe.cs(140,28): warning CS0618: 'Object.FindObjectsByType<T>(FindObjectsSortMode)' is obsolete: 'FindObjectsByType with FindObjectsSortMode parameter has been deprecated. Use FindObjectsByType<T>() or FindObjectsByType<T>(FindObjectsInactive) instead. InstanceID will be replaced in the future with EntityId and previous sort order cannot be maintained.'
Assets\TumbangPreso\Runtime\Diagnostics\NetPeerDepartureProbe.cs(89,71): warning CS0618: 'FindObjectsSortMode' is obsolete: 'FindObjectsSortMode has been deprecated. Use the FindObjectsByType overloads that do not take a FindObjectsSortMode parameter.'
Assets\TumbangPreso\Runtime\Diagnostics\NetPeerDepartureProbe.cs(89,32): warning CS0618: 'Object.FindObjectsByType<T>(FindObjectsSortMode)' is obsolete: 'FindObjectsByType with FindObjectsSortMode parameter has been deprecated. Use FindObjectsByType<T>() or FindObjectsByType<T>(FindObjectsInactive) instead. InstanceID will be replaced in the future with EntityId and previous sort order cannot be maintained.'
Assets\TumbangPreso\Runtime\Diagnostics\NetIceProbe.cs(75,23): warning CS0618: 'Object.FindFirstObjectByType<T>()' is obsolete: 'FindFirstObjectByType has been deprecated because it relies on instance ID ordering. Use FindAnyObjectByType instead, which does not depend on ordering.'
Assets\TumbangPreso\Runtime\Diagnostics\NetIceProbe.cs(78,66): warning CS0618: 'FindObjectsSortMode' is obsolete: 'FindObjectsSortMode has been deprecated. Use the FindObjectsByType overloads that do not take a FindObjectsSortMode parameter.'
Assets\TumbangPreso\Runtime\Diagnostics\NetIceProbe.cs(78,34): warning CS0618: 'Object.FindObjectsByType<T>(FindObjectsSortMode)' is obsolete: 'FindObjectsByType with FindObjectsSortMode parameter has been deprecated. Use FindObjectsByType<T>() or FindObjectsByType<T>(FindObjectsInactive) instead. InstanceID will be replaced in the future with EntityId and previous sort order cannot be maintained.'
Assets\TumbangPreso\Runtime\Diagnostics\NetIceProbe.cs(79,71): warning CS0618: 'FindObjectsSortMode' is obsolete: 'FindObjectsSortMode has been deprecated. Use the FindObjectsByType overloads that do not take a FindObjectsSortMode parameter.'
Assets\TumbangPreso\Runtime\Diagnostics\NetIceProbe.cs(79,34): warning CS0618: 'Object.FindObjectsByType<T>(FindObjectsSortMode)' is obsolete: 'FindObjectsByType with FindObjectsSortMode parameter has been deprecated. Use FindObjectsByType<T>() or FindObjectsByType<T>(FindObjectsInactive) instead. InstanceID will be replaced in the future with EntityId and previous sort order cannot be maintained.'
Assets\TumbangPreso\Runtime\Diagnostics\NetIceProbe.cs(131,73): warning CS0618: 'FindObjectsSortMode' is obsolete: 'FindObjectsSortMode has been deprecated. Use the FindObjectsByType overloads that do not take a FindObjectsSortMode parameter.'
Assets\TumbangPreso\Runtime\Diagnostics\NetIceProbe.cs(131,24): warning CS0618: 'Object.FindObjectsByType<T>(FindObjectsSortMode)' is obsolete: 'FindObjectsByType with FindObjectsSortMode parameter has been deprecated. Use FindObjectsByType<T>() or FindObjectsByType<T>(FindObjectsInactive) instead. InstanceID will be replaced in the future with EntityId and previous sort order cannot be maintained.'
Assets\TumbangPreso\Runtime\Diagnostics\NetIceProbe.cs(132,76): warning CS0618: 'FindObjectsSortMode' is obsolete: 'FindObjectsSortMode has been deprecated. Use the FindObjectsByType overloads that do not take a FindObjectsSortMode parameter.'
Assets\TumbangPreso\Runtime\Diagnostics\NetIceProbe.cs(132,23): warning CS0618: 'Object.FindObjectsByType<T>(FindObjectsSortMode)' is obsolete: 'FindObjectsByType with FindObjectsSortMode parameter has been deprecated. Use FindObjectsByType<T>() or FindObjectsByType<T>(FindObjectsInactive) instead. InstanceID will be replaced in the future with EntityId and previous sort order cannot be maintained.'
Assets\TumbangPreso\Runtime\Input\InputCatalogue.cs(141,56): warning CS8524: The switch expression does not handle some values of its input type (it is not exhaustive) involving an unnamed enum value. For example, the pattern '(TumbangPreso.Verb)10' is not covered.
Assets\TumbangPreso\Runtime\Diagnostics\NetIceProbe.cs(169,23): warning CS0618: 'Object.FindFirstObjectByType<T>()' is obsolete: 'FindFirstObjectByType has been deprecated because it relies on instance ID ordering. Use FindAnyObjectByType instead, which does not depend on ordering.'
Assets\TumbangPreso\Runtime\Diagnostics\NetIceProbe.cs(179,70): warning CS0618: 'FindObjectsSortMode' is obsolete: 'FindObjectsSortMode has been deprecated. Use the FindObjectsByType overloads that do not take a FindObjectsSortMode parameter.'
Assets\TumbangPreso\Runtime\Diagnostics\NetIceProbe.cs(179,38): warning CS0618: 'Object.FindObjectsByType<T>(FindObjectsSortMode)' is obsolete: 'FindObjectsByType with FindObjectsSortMode parameter has been deprecated. Use FindObjectsByType<T>() or FindObjectsByType<T>(FindObjectsInactive) instead. InstanceID will be replaced in the future with EntityId and previous sort order cannot be maintained.'
Assets\TumbangPreso\Runtime\Diagnostics\NetIceProbe.cs(180,75): warning CS0618: 'FindObjectsSortMode' is obsolete: 'FindObjectsSortMode has been deprecated. Use the FindObjectsByType overloads that do not take a FindObjectsSortMode parameter.'
Assets\TumbangPreso\Runtime\Diagnostics\NetIceProbe.cs(180,38): warning CS0618: 'Object.FindObjectsByType<T>(FindObjectsSortMode)' is obsolete: 'FindObjectsByType with FindObjectsSortMode parameter has been deprecated. Use FindObjectsByType<T>() or FindObjectsByType<T>(FindObjectsInactive) instead. InstanceID will be replaced in the future with EntityId and previous sort order cannot be maintained.'
Assets\TumbangPreso\Runtime\Diagnostics\NetPersonalBuffProbe.cs(77,23): warning CS0618: 'Object.FindFirstObjectByType<T>()' is obsolete: 'FindFirstObjectByType has been deprecated because it relies on instance ID ordering. Use FindAnyObjectByType instead, which does not depend on ordering.'
Assets\TumbangPreso\Runtime\Diagnostics\NetPersonalBuffProbe.cs(80,66): warning CS0618: 'FindObjectsSortMode' is obsolete: 'FindObjectsSortMode has been deprecated. Use the FindObjectsByType overloads that do not take a FindObjectsSortMode parameter.'
Assets\TumbangPreso\Runtime\Diagnostics\NetPersonalBuffProbe.cs(80,34): warning CS0618: 'Object.FindObjectsByType<T>(FindObjectsSortMode)' is obsolete: 'FindObjectsByType with FindObjectsSortMode parameter has been deprecated. Use FindObjectsByType<T>() or FindObjectsByType<T>(FindObjectsInactive) instead. InstanceID will be replaced in the future with EntityId and previous sort order cannot be maintained.'
Assets\TumbangPreso\Runtime\Diagnostics\NetPersonalBuffProbe.cs(81,71): warning CS0618: 'FindObjectsSortMode' is obsolete: 'FindObjectsSortMode has been deprecated. Use the FindObjectsByType overloads that do not take a FindObjectsSortMode parameter.'
Assets\TumbangPreso\Runtime\Diagnostics\NetPersonalBuffProbe.cs(81,34): warning CS0618: 'Object.FindObjectsByType<T>(FindObjectsSortMode)' is obsolete: 'FindObjectsByType with FindObjectsSortMode parameter has been deprecated. Use FindObjectsByType<T>() or FindObjectsByType<T>(FindObjectsInactive) instead. InstanceID will be replaced in the future with EntityId and previous sort order cannot be maintained.'
Assets\TumbangPreso\Runtime\Diagnostics\NetPhaisterProbe.cs(93,25): warning CS0618: 'Object.FindFirstObjectByType<T>()' is obsolete: 'FindFirstObjectByType has been deprecated because it relies on instance ID ordering. Use FindAnyObjectByType instead, which does not depend on ordering.'
Assets\TumbangPreso\Runtime\Diagnostics\NetPhaisterProbe.cs(99,67): warning CS0618: 'FindObjectsSortMode' is obsolete: 'FindObjectsSortMode has been deprecated. Use the FindObjectsByType overloads that do not take a FindObjectsSortMode parameter.'
Assets\TumbangPreso\Runtime\Diagnostics\NetPhaisterProbe.cs(99,35): warning CS0618: 'Object.FindObjectsByType<T>(FindObjectsSortMode)' is obsolete: 'FindObjectsByType with FindObjectsSortMode parameter has been deprecated. Use FindObjectsByType<T>() or FindObjectsByType<T>(FindObjectsInactive) instead. InstanceID will be replaced in the future with EntityId and previous sort order cannot be maintained.'
Assets\TumbangPreso\Runtime\Diagnostics\NetPhaisterProbe.cs(100,72): warning CS0618: 'FindObjectsSortMode' is obsolete: 'FindObjectsSortMode has been deprecated. Use the FindObjectsByType overloads that do not take a FindObjectsSortMode parameter.'
Assets\TumbangPreso\Runtime\Diagnostics\NetPhaisterProbe.cs(100,35): warning CS0618: 'Object.FindObjectsByType<T>(FindObjectsSortMode)' is obsolete: 'FindObjectsByType with FindObjectsSortMode parameter has been deprecated. Use FindObjectsByType<T>() or FindObjectsByType<T>(FindObjectsInactive) instead. InstanceID will be replaced in the future with EntityId and previous sort order cannot be maintained.'
Assets\TumbangPreso\Runtime\Diagnostics\NetPhaisterProbe.cs(154,79): warning CS0618: 'FindObjectsSortMode' is obsolete: 'FindObjectsSortMode has been deprecated. Use the FindObjectsByType overloads that do not take a FindObjectsSortMode parameter.'
Assets\TumbangPreso\Runtime\Diagnostics\NetPhaisterProbe.cs(154,31): warning CS0618: 'Object.FindObjectsByType<T>(FindObjectsSortMode)' is obsolete: 'FindObjectsByType with FindObjectsSortMode parameter has been deprecated. Use FindObjectsByType<T>() or FindObjectsByType<T>(FindObjectsInactive) instead. InstanceID will be replaced in the future with EntityId and previous sort order cannot be maintained.'
Assets\TumbangPreso\Runtime\Diagnostics\NetPhaisterProbe.cs(160,49): warning CS0618: 'FindObjectsSortMode' is obsolete: 'FindObjectsSortMode has been deprecated. Use the FindObjectsByType overloads that do not take a FindObjectsSortMode parameter.'
Assets\TumbangPreso\Runtime\Diagnostics\NetPhaisterProbe.cs(160,21): warning CS0618: 'Object.FindObjectsByType<T>(FindObjectsSortMode)' is obsolete: 'FindObjectsByType with FindObjectsSortMode parameter has been deprecated. Use FindObjectsByType<T>() or FindObjectsByType<T>(FindObjectsInactive) instead. InstanceID will be replaced in the future with EntityId and previous sort order cannot be maintained.'
Assets\TumbangPreso\Runtime\Diagnostics\NetRoofProbe.cs(67,23): warning CS0618: 'Object.FindFirstObjectByType<T>()' is obsolete: 'FindFirstObjectByType has been deprecated because it relies on instance ID ordering. Use FindAnyObjectByType instead, which does not depend on ordering.'
Assets\TumbangPreso\Runtime\Diagnostics\NetRoofProbe.cs(69,23): warning CS0618: 'Object.FindFirstObjectByType<T>()' is obsolete: 'FindFirstObjectByType has been deprecated because it relies on instance ID ordering. Use FindAnyObjectByType instead, which does not depend on ordering.'
Assets\TumbangPreso\Runtime\Diagnostics\NetRoofProbe.cs(71,63): warning CS0618: 'FindObjectsSortMode' is obsolete: 'FindObjectsSortMode has been deprecated. Use the FindObjectsByType overloads that do not take a FindObjectsSortMode parameter.'
Assets\TumbangPreso\Runtime\Diagnostics\NetRoofProbe.cs(71,31): warning CS0618: 'Object.FindObjectsByType<T>(FindObjectsSortMode)' is obsolete: 'FindObjectsByType with FindObjectsSortMode parameter has been deprecated. Use FindObjectsByType<T>() or FindObjectsByType<T>(FindObjectsInactive) instead. InstanceID will be replaced in the future with EntityId and previous sort order cannot be maintained.'
Assets\TumbangPreso\Runtime\Diagnostics\NetRoofProbe.cs(72,72): warning CS0618: 'FindObjectsSortMode' is obsolete: 'FindObjectsSortMode has been deprecated. Use the FindObjectsByType overloads that do not take a FindObjectsSortMode parameter.'
Assets\TumbangPreso\Runtime\Diagnostics\NetRoofProbe.cs(72,35): warning CS0618: 'Object.FindObjectsByType<T>(FindObjectsSortMode)' is obsolete: 'FindObjectsByType with FindObjectsSortMode parameter has been deprecated. Use FindObjectsByType<T>() or FindObjectsByType<T>(FindObjectsInactive) instead. InstanceID will be replaced in the future with EntityId and previous sort order cannot be maintained.'
Assets\TumbangPreso\Runtime\Diagnostics\NetRoofProbe.cs(87,17): warning CS0618: 'Object.FindFirstObjectByType<T>()' is obsolete: 'FindFirstObjectByType has been deprecated because it relies on instance ID ordering. Use FindAnyObjectByType instead, which does not depend on ordering.'
Assets\TumbangPreso\Runtime\Diagnostics\NetStateReport.cs(120,33): warning CS0618: 'Object.FindFirstObjectByType<T>()' is obsolete: 'FindFirstObjectByType has been deprecated because it relies on instance ID ordering. Use FindAnyObjectByType instead, which does not depend on ordering.'
Assets\TumbangPreso\Runtime\Diagnostics\NetStateReport.cs(121,29): warning CS0618: 'Object.FindFirstObjectByType<T>()' is obsolete: 'FindFirstObjectByType has been deprecated because it relies on instance ID ordering. Use FindAnyObjectByType instead, which does not depend on ordering.'
Assets\TumbangPreso\Runtime\Diagnostics\NetRoundBoundaryProbe.cs(51,67): warning CS0618: 'FindObjectsSortMode' is obsolete: 'FindObjectsSortMode has been deprecated. Use the FindObjectsByType overloads that do not take a FindObjectsSortMode parameter.'
Assets\TumbangPreso\Runtime\Diagnostics\NetRoundBoundaryProbe.cs(51,35): warning CS0618: 'Object.FindObjectsByType<T>(FindObjectsSortMode)' is obsolete: 'FindObjectsByType with FindObjectsSortMode parameter has been deprecated. Use FindObjectsByType<T>() or FindObjectsByType<T>(FindObjectsInactive) instead. InstanceID will be replaced in the future with EntityId and previous sort order cannot be maintained.'
Assets\TumbangPreso\Runtime\Diagnostics\NetRequestSafetyProbe.cs(168,67): warning CS0618: 'FindObjectsSortMode' is obsolete: 'FindObjectsSortMode has been deprecated. Use the FindObjectsByType overloads that do not take a FindObjectsSortMode parameter.'
Assets\TumbangPreso\Runtime\Diagnostics\NetRequestSafetyProbe.cs(168,35): warning CS0618: 'Object.FindObjectsByType<T>(FindObjectsSortMode)' is obsolete: 'FindObjectsByType with FindObjectsSortMode parameter has been deprecated. Use FindObjectsByType<T>() or FindObjectsByType<T>(FindObjectsInactive) instead. InstanceID will be replaced in the future with EntityId and previous sort order cannot be maintained.'
Assets\TumbangPreso\Runtime\Diagnostics\NetRequestSafetyProbe.cs(169,73): warning CS0618: 'FindObjectsSortMode' is obsolete: 'FindObjectsSortMode has been deprecated. Use the FindObjectsByType overloads that do not take a FindObjectsSortMode parameter.'
Assets\TumbangPreso\Runtime\Diagnostics\NetRequestSafetyProbe.cs(169,36): warning CS0618: 'Object.FindObjectsByType<T>(FindObjectsSortMode)' is obsolete: 'FindObjectsByType with FindObjectsSortMode parameter has been deprecated. Use FindObjectsByType<T>() or FindObjectsByType<T>(FindObjectsInactive) instead. InstanceID will be replaced in the future with EntityId and previous sort order cannot be maintained.'
Assets\TumbangPreso\Runtime\Diagnostics\NetStateReport.cs(218,58): warning CS0618: 'FindObjectsSortMode' is obsolete: 'FindObjectsSortMode has been deprecated. Use the FindObjectsByType overloads that do not take a FindObjectsSortMode parameter.'
Assets\TumbangPreso\Runtime\Diagnostics\NetStateReport.cs(217,31): warning CS0618: 'Object.FindObjectsByType<T>(FindObjectsInactive, FindObjectsSortMode)' is obsolete: 'FindObjectsByType with FindObjectsSortMode parameter has been deprecated. Use FindObjectsByType<T>() or FindObjectsByType<T>(FindObjectsInactive) instead. InstanceID will be replaced in the future with EntityId and previous sort order cannot be maintained.'
Assets\TumbangPreso\Runtime\Diagnostics\NetRoofProbe.cs(119,13): warning CS0618: 'Object.FindFirstObjectByType<T>()' is obsolete: 'FindFirstObjectByType has been deprecated because it relies on instance ID ordering. Use FindAnyObjectByType instead, which does not depend on ordering.'
Assets\TumbangPreso\Runtime\Diagnostics\NetSeanProbe.cs(67,25): warning CS0618: 'Object.FindFirstObjectByType<T>()' is obsolete: 'FindFirstObjectByType has been deprecated because it relies on instance ID ordering. Use FindAnyObjectByType instead, which does not depend on ordering.'
Assets\TumbangPreso\Runtime\Diagnostics\NetSeanProbe.cs(70,67): warning CS0618: 'FindObjectsSortMode' is obsolete: 'FindObjectsSortMode has been deprecated. Use the FindObjectsByType overloads that do not take a FindObjectsSortMode parameter.'
Assets\TumbangPreso\Runtime\Diagnostics\NetSeanProbe.cs(70,35): warning CS0618: 'Object.FindObjectsByType<T>(FindObjectsSortMode)' is obsolete: 'FindObjectsByType with FindObjectsSortMode parameter has been deprecated. Use FindObjectsByType<T>() or FindObjectsByType<T>(FindObjectsInactive) instead. InstanceID will be replaced in the future with EntityId and previous sort order cannot be maintained.'
Assets\TumbangPreso\Runtime\Diagnostics\NetSeanProbe.cs(71,72): warning CS0618: 'FindObjectsSortMode' is obsolete: 'FindObjectsSortMode has been deprecated. Use the FindObjectsByType overloads that do not take a FindObjectsSortMode parameter.'
Assets\TumbangPreso\Runtime\Diagnostics\NetSeanProbe.cs(71,35): warning CS0618: 'Object.FindObjectsByType<T>(FindObjectsSortMode)' is obsolete: 'FindObjectsByType with FindObjectsSortMode parameter has been deprecated. Use FindObjectsByType<T>() or FindObjectsByType<T>(FindObjectsInactive) instead. InstanceID will be replaced in the future with EntityId and previous sort order cannot be maintained.'
Assets\TumbangPreso\Runtime\Diagnostics\NetSeanProbe.cs(111,83): warning CS0618: 'FindObjectsSortMode' is obsolete: 'FindObjectsSortMode has been deprecated. Use the FindObjectsByType overloads that do not take a FindObjectsSortMode parameter.'
Assets\TumbangPreso\Runtime\Diagnostics\NetSeanProbe.cs(111,27): warning CS0618: 'Object.FindObjectsByType<T>(FindObjectsSortMode)' is obsolete: 'FindObjectsByType with FindObjectsSortMode parameter has been deprecated. Use FindObjectsByType<T>() or FindObjectsByType<T>(FindObjectsInactive) instead. InstanceID will be replaced in the future with EntityId and previous sort order cannot be maintained.'
Assets\TumbangPreso\Runtime\Diagnostics\NetSeanProbe.cs(118,91): warning CS0618: 'FindObjectsSortMode' is obsolete: 'FindObjectsSortMode has been deprecated. Use the FindObjectsByType overloads that do not take a FindObjectsSortMode parameter.'
Assets\TumbangPreso\Runtime\Diagnostics\NetSeanProbe.cs(118,53): warning CS0618: 'Object.FindObjectsByType<T>(FindObjectsSortMode)' is obsolete: 'FindObjectsByType with FindObjectsSortMode parameter has been deprecated. Use FindObjectsByType<T>() or FindObjectsByType<T>(FindObjectsInactive) instead. InstanceID will be replaced in the future with EntityId and previous sort order cannot be maintained.'
Assets\TumbangPreso\Runtime\Diagnostics\NetThrowProbe.cs(52,63): warning CS0618: 'FindObjectsSortMode' is obsolete: 'FindObjectsSortMode has been deprecated. Use the FindObjectsByType overloads that do not take a FindObjectsSortMode parameter.'
Assets\TumbangPreso\Runtime\Diagnostics\NetThrowProbe.cs(52,31): warning CS0618: 'Object.FindObjectsByType<T>(FindObjectsSortMode)' is obsolete: 'FindObjectsByType with FindObjectsSortMode parameter has been deprecated. Use FindObjectsByType<T>() or FindObjectsByType<T>(FindObjectsInactive) instead. InstanceID will be replaced in the future with EntityId and previous sort order cannot be maintained.'
Assets\TumbangPreso\Runtime\Diagnostics\NetThrowProbe.cs(53,71): warning CS0618: 'FindObjectsSortMode' is obsolete: 'FindObjectsSortMode has been deprecated. Use the FindObjectsByType overloads that do not take a FindObjectsSortMode parameter.'
Assets\TumbangPreso\Runtime\Diagnostics\NetThrowProbe.cs(53,34): warning CS0618: 'Object.FindObjectsByType<T>(FindObjectsSortMode)' is obsolete: 'FindObjectsByType with FindObjectsSortMode parameter has been deprecated. Use FindObjectsByType<T>() or FindObjectsByType<T>(FindObjectsInactive) instead. InstanceID will be replaced in the future with EntityId and previous sort order cannot be maintained.'
Assets\TumbangPreso\Runtime\Diagnostics\NetThrowProbe.cs(62,55): warning CS0618: 'FindObjectsSortMode' is obsolete: 'FindObjectsSortMode has been deprecated. Use the FindObjectsByType overloads that do not take a FindObjectsSortMode parameter.'
Assets\TumbangPreso\Runtime\Diagnostics\NetThrowProbe.cs(62,28): warning CS0618: 'Object.FindObjectsByType<T>(FindObjectsSortMode)' is obsolete: 'FindObjectsByType with FindObjectsSortMode parameter has been deprecated. Use FindObjectsByType<T>() or FindObjectsByType<T>(FindObjectsInactive) instead. InstanceID will be replaced in the future with EntityId and previous sort order cannot be maintained.'
Assets\TumbangPreso\Runtime\Diagnostics\NetThrowProbe.cs(74,23): warning CS0618: 'Object.FindFirstObjectByType<T>()' is obsolete: 'FindFirstObjectByType has been deprecated because it relies on instance ID ordering. Use FindAnyObjectByType instead, which does not depend on ordering.'
Assets\TumbangPreso\Runtime\Diagnostics\NetWorldFieldProbe.cs(51,23): warning CS0618: 'Object.FindFirstObjectByType<T>()' is obsolete: 'FindFirstObjectByType has been deprecated because it relies on instance ID ordering. Use FindAnyObjectByType instead, which does not depend on ordering.'
Assets\TumbangPreso\Runtime\Diagnostics\NetWorldFieldProbe.cs(52,66): warning CS0618: 'FindObjectsSortMode' is obsolete: 'FindObjectsSortMode has been deprecated. Use the FindObjectsByType overloads that do not take a FindObjectsSortMode parameter.'
Assets\TumbangPreso\Runtime\Diagnostics\NetWorldFieldProbe.cs(52,34): warning CS0618: 'Object.FindObjectsByType<T>(FindObjectsSortMode)' is obsolete: 'FindObjectsByType with FindObjectsSortMode parameter has been deprecated. Use FindObjectsByType<T>() or FindObjectsByType<T>(FindObjectsInactive) instead. InstanceID will be replaced in the future with EntityId and previous sort order cannot be maintained.'
Assets\TumbangPreso\Runtime\Diagnostics\NetWorldFieldProbe.cs(53,71): warning CS0618: 'FindObjectsSortMode' is obsolete: 'FindObjectsSortMode has been deprecated. Use the FindObjectsByType overloads that do not take a FindObjectsSortMode parameter.'
Assets\TumbangPreso\Runtime\Diagnostics\NetWorldFieldProbe.cs(53,34): warning CS0618: 'Object.FindObjectsByType<T>(FindObjectsSortMode)' is obsolete: 'FindObjectsByType with FindObjectsSortMode parameter has been deprecated. Use FindObjectsByType<T>() or FindObjectsByType<T>(FindObjectsInactive) instead. InstanceID will be replaced in the future with EntityId and previous sort order cannot be maintained.'
Assets\TumbangPreso\Runtime\Diagnostics\NetThrowProbe.cs(95,49): warning CS0618: 'FindObjectsSortMode' is obsolete: 'FindObjectsSortMode has been deprecated. Use the FindObjectsByType overloads that do not take a FindObjectsSortMode parameter.'
Assets\TumbangPreso\Runtime\Diagnostics\NetThrowProbe.cs(95,22): warning CS0618: 'Object.FindObjectsByType<T>(FindObjectsSortMode)' is obsolete: 'FindObjectsByType with FindObjectsSortMode parameter has been deprecated. Use FindObjectsByType<T>() or FindObjectsByType<T>(FindObjectsInactive) instead. InstanceID will be replaced in the future with EntityId and previous sort order cannot be maintained.'
Assets\TumbangPreso\Runtime\Diagnostics\NetRoofProbe.cs(191,52): warning CS0618: 'FindObjectsSortMode' is obsolete: 'FindObjectsSortMode has been deprecated. Use the FindObjectsByType overloads that do not take a FindObjectsSortMode parameter.'
Assets\TumbangPreso\Runtime\Diagnostics\NetRoofProbe.cs(191,26): warning CS0618: 'Object.FindObjectsByType<T>(FindObjectsSortMode)' is obsolete: 'FindObjectsByType with FindObjectsSortMode parameter has been deprecated. Use FindObjectsByType<T>() or FindObjectsByType<T>(FindObjectsInactive) instead. InstanceID will be replaced in the future with EntityId and previous sort order cannot be maintained.'
Assets\TumbangPreso\Runtime\Diagnostics\NetRoofProbe.cs(194,77): warning CS0618: 'FindObjectsSortMode' is obsolete: 'FindObjectsSortMode has been deprecated. Use the FindObjectsByType overloads that do not take a FindObjectsSortMode parameter.'
Assets\TumbangPreso\Runtime\Diagnostics\NetRoofProbe.cs(194,44): warning CS0618: 'Object.FindObjectsByType<T>(FindObjectsSortMode)' is obsolete: 'FindObjectsByType with FindObjectsSortMode parameter has been deprecated. Use FindObjectsByType<T>() or FindObjectsByType<T>(FindObjectsInactive) instead. InstanceID will be replaced in the future with EntityId and previous sort order cannot be maintained.'
Assets\TumbangPreso\Runtime\Map\BridgeHoop.cs(48,55): warning CS0618: 'FindObjectsSortMode' is obsolete: 'FindObjectsSortMode has been deprecated. Use the FindObjectsByType overloads that do not take a FindObjectsSortMode parameter.'
Assets\TumbangPreso\Runtime\Map\BridgeHoop.cs(47,37): warning CS0618: 'Object.FindObjectsByType<T>(FindObjectsInactive, FindObjectsSortMode)' is obsolete: 'FindObjectsByType with FindObjectsSortMode parameter has been deprecated. Use FindObjectsByType<T>() or FindObjectsByType<T>(FindObjectsInactive) instead. InstanceID will be replaced in the future with EntityId and previous sort order cannot be maintained.'
Assets\TumbangPreso\Runtime\Diagnostics\NetZackProbe.cs(71,25): warning CS0618: 'Object.FindFirstObjectByType<T>()' is obsolete: 'FindFirstObjectByType has been deprecated because it relies on instance ID ordering. Use FindAnyObjectByType instead, which does not depend on ordering.'
Assets\TumbangPreso\Runtime\Diagnostics\NetZackProbe.cs(74,67): warning CS0618: 'FindObjectsSortMode' is obsolete: 'FindObjectsSortMode has been deprecated. Use the FindObjectsByType overloads that do not take a FindObjectsSortMode parameter.'
Assets\TumbangPreso\Runtime\Diagnostics\NetZackProbe.cs(74,35): warning CS0618: 'Object.FindObjectsByType<T>(FindObjectsSortMode)' is obsolete: 'FindObjectsByType with FindObjectsSortMode parameter has been deprecated. Use FindObjectsByType<T>() or FindObjectsByType<T>(FindObjectsInactive) instead. InstanceID will be replaced in the future with EntityId and previous sort order cannot be maintained.'
Assets\TumbangPreso\Runtime\Diagnostics\NetZackProbe.cs(75,72): warning CS0618: 'FindObjectsSortMode' is obsolete: 'FindObjectsSortMode has been deprecated. Use the FindObjectsByType overloads that do not take a FindObjectsSortMode parameter.'
Assets\TumbangPreso\Runtime\Diagnostics\NetZackProbe.cs(75,35): warning CS0618: 'Object.FindObjectsByType<T>(FindObjectsSortMode)' is obsolete: 'FindObjectsByType with FindObjectsSortMode parameter has been deprecated. Use FindObjectsByType<T>() or FindObjectsByType<T>(FindObjectsInactive) instead. InstanceID will be replaced in the future with EntityId and previous sort order cannot be maintained.'
Assets\TumbangPreso\Runtime\Diagnostics\NetZackProbe.cs(124,66): warning CS0618: 'FindObjectsSortMode' is obsolete: 'FindObjectsSortMode has been deprecated. Use the FindObjectsByType overloads that do not take a FindObjectsSortMode parameter.'
Assets\TumbangPreso\Runtime\Diagnostics\NetZackProbe.cs(124,25): warning CS0618: 'Object.FindObjectsByType<T>(FindObjectsSortMode)' is obsolete: 'FindObjectsByType with FindObjectsSortMode parameter has been deprecated. Use FindObjectsByType<T>() or FindObjectsByType<T>(FindObjectsInactive) instead. InstanceID will be replaced in the future with EntityId and previous sort order cannot be maintained.'
Assets\TumbangPreso\Runtime\Diagnostics\NetZackProbe.cs(131,83): warning CS0618: 'FindObjectsSortMode' is obsolete: 'FindObjectsSortMode has been deprecated. Use the FindObjectsByType overloads that do not take a FindObjectsSortMode parameter.'
Assets\TumbangPreso\Runtime\Diagnostics\NetZackProbe.cs(131,47): warning CS0618: 'Object.FindObjectsByType<T>(FindObjectsSortMode)' is obsolete: 'FindObjectsByType with FindObjectsSortMode parameter has been deprecated. Use FindObjectsByType<T>() or FindObjectsByType<T>(FindObjectsInactive) instead. InstanceID will be replaced in the future with EntityId and previous sort order cannot be maintained.'
Assets\TumbangPreso\Runtime\Diagnostics\NetZackProbe.cs(183,52): warning CS0618: 'FindObjectsSortMode' is obsolete: 'FindObjectsSortMode has been deprecated. Use the FindObjectsByType overloads that do not take a FindObjectsSortMode parameter.'
Assets\TumbangPreso\Runtime\Diagnostics\NetZackProbe.cs(183,17): warning CS0618: 'Object.FindObjectsByType<T>(FindObjectsSortMode)' is obsolete: 'FindObjectsByType with FindObjectsSortMode parameter has been deprecated. Use FindObjectsByType<T>() or FindObjectsByType<T>(FindObjectsInactive) instead. InstanceID will be replaced in the future with EntityId and previous sort order cannot be maintained.'
Assets\TumbangPreso\Runtime\Map\LagoonWater.cs(52,36): warning CS0618: 'Object.FindFirstObjectByType<T>()' is obsolete: 'FindFirstObjectByType has been deprecated because it relies on instance ID ordering. Use FindAnyObjectByType instead, which does not depend on ordering.'
Assets\TumbangPreso\Runtime\Map\LagoonWater.cs(109,42): warning CS0618: 'Object.FindFirstObjectByType<T>()' is obsolete: 'FindFirstObjectByType has been deprecated because it relies on instance ID ordering. Use FindAnyObjectByType instead, which does not depend on ordering.'
Assets\TumbangPreso\Runtime\Map\RooftopRecovery.cs(28,36): warning CS0618: 'Object.FindFirstObjectByType<T>()' is obsolete: 'FindFirstObjectByType has been deprecated because it relies on instance ID ordering. Use FindAnyObjectByType instead, which does not depend on ordering.'
Assets\TumbangPreso\Runtime\Map\RooftopRecovery.cs(72,36): warning CS0618: 'Object.FindFirstObjectByType<T>()' is obsolete: 'FindFirstObjectByType has been deprecated because it relies on instance ID ordering. Use FindAnyObjectByType instead, which does not depend on ordering.'
Assets\TumbangPreso\Runtime\Map\StreetTripHazard.cs(240,46): warning CS0618: 'FindObjectsSortMode' is obsolete: 'FindObjectsSortMode has been deprecated. Use the FindObjectsByType overloads that do not take a FindObjectsSortMode parameter.'
Assets\TumbangPreso\Runtime\Map\StreetTripHazard.cs(239,29): warning CS0618: 'Object.FindObjectsByType<T>(FindObjectsInactive, FindObjectsSortMode)' is obsolete: 'FindObjectsByType with FindObjectsSortMode parameter has been deprecated. Use FindObjectsByType<T>() or FindObjectsByType<T>(FindObjectsInactive) instead. InstanceID will be replaced in the future with EntityId and previous sort order cannot be maintained.'
Assets\TumbangPreso\Runtime\MatchHost.cs(98,23): warning CS0618: 'Object.FindFirstObjectByType<T>()' is obsolete: 'FindFirstObjectByType has been deprecated because it relies on instance ID ordering. Use FindAnyObjectByType instead, which does not depend on ordering.'
Assets\TumbangPreso\Runtime\MatchHost.cs(110,23): warning CS0618: 'Object.FindFirstObjectByType<T>()' is obsolete: 'FindFirstObjectByType has been deprecated because it relies on instance ID ordering. Use FindAnyObjectByType instead, which does not depend on ordering.'
Assets\TumbangPreso\Runtime\MatchArrivalPresentation.cs(68,70): warning CS0618: 'FindObjectsSortMode' is obsolete: 'FindObjectsSortMode has been deprecated. Use the FindObjectsByType overloads that do not take a FindObjectsSortMode parameter.'
Assets\TumbangPreso\Runtime\MatchArrivalPresentation.cs(68,36): warning CS0618: 'Object.FindObjectsByType<T>(FindObjectsSortMode)' is obsolete: 'FindObjectsByType with FindObjectsSortMode parameter has been deprecated. Use FindObjectsByType<T>() or FindObjectsByType<T>(FindObjectsInactive) instead. InstanceID will be replaced in the future with EntityId and previous sort order cannot be maintained.'
Assets\TumbangPreso\Runtime\MatchStatsCollector.cs(401,69): warning CS0618: 'FindObjectsSortMode' is obsolete: 'FindObjectsSortMode has been deprecated. Use the FindObjectsByType overloads that do not take a FindObjectsSortMode parameter.'
Assets\TumbangPreso\Runtime\MatchStatsCollector.cs(401,23): warning CS0618: 'Object.FindObjectsByType<T>(FindObjectsSortMode)' is obsolete: 'FindObjectsByType with FindObjectsSortMode parameter has been deprecated. Use FindObjectsByType<T>() or FindObjectsByType<T>(FindObjectsInactive) instead. InstanceID will be replaced in the future with EntityId and previous sort order cannot be maintained.'
Assets\TumbangPreso\Runtime\PracticeRange.cs(50,43): warning CS0618: 'Object.FindFirstObjectByType<T>()' is obsolete: 'FindFirstObjectByType has been deprecated because it relies on instance ID ordering. Use FindAnyObjectByType instead, which does not depend on ordering.'
Assets\TumbangPreso\Runtime\Net\WorldEffectSnapshot.cs(60,91): warning CS0618: 'FindObjectsSortMode' is obsolete: 'FindObjectsSortMode has been deprecated. Use the FindObjectsByType overloads that do not take a FindObjectsSortMode parameter.'
Assets\TumbangPreso\Runtime\Net\WorldEffectSnapshot.cs(60,35): warning CS0618: 'Object.FindObjectsByType<T>(FindObjectsSortMode)' is obsolete: 'FindObjectsByType with FindObjectsSortMode parameter has been deprecated. Use FindObjectsByType<T>() or FindObjectsByType<T>(FindObjectsInactive) instead. InstanceID will be replaced in the future with EntityId and previous sort order cannot be maintained.'
Assets\TumbangPreso\Runtime\Net\WorldEffectSnapshot.cs(68,94): warning CS0618: 'FindObjectsSortMode' is obsolete: 'FindObjectsSortMode has been deprecated. Use the FindObjectsByType overloads that do not take a FindObjectsSortMode parameter.'
Assets\TumbangPreso\Runtime\Net\WorldEffectSnapshot.cs(68,34): warning CS0618: 'Object.FindObjectsByType<T>(FindObjectsSortMode)' is obsolete: 'FindObjectsByType with FindObjectsSortMode parameter has been deprecated. Use FindObjectsByType<T>() or FindObjectsByType<T>(FindObjectsInactive) instead. InstanceID will be replaced in the future with EntityId and previous sort order cannot be maintained.'
Assets\TumbangPreso\Runtime\Net\WorldEffectSnapshot.cs(75,92): warning CS0618: 'FindObjectsSortMode' is obsolete: 'FindObjectsSortMode has been deprecated. Use the FindObjectsByType overloads that do not take a FindObjectsSortMode parameter.'
Assets\TumbangPreso\Runtime\Net\WorldEffectSnapshot.cs(75,35): warning CS0618: 'Object.FindObjectsByType<T>(FindObjectsSortMode)' is obsolete: 'FindObjectsByType with FindObjectsSortMode parameter has been deprecated. Use FindObjectsByType<T>() or FindObjectsByType<T>(FindObjectsInactive) instead. InstanceID will be replaced in the future with EntityId and previous sort order cannot be maintained.'
Assets\TumbangPreso\Runtime\Net\WorldEffectSnapshot.cs(79,93): warning CS0618: 'FindObjectsSortMode' is obsolete: 'FindObjectsSortMode has been deprecated. Use the FindObjectsByType overloads that do not take a FindObjectsSortMode parameter.'
Assets\TumbangPreso\Runtime\Net\WorldEffectSnapshot.cs(79,35): warning CS0618: 'Object.FindObjectsByType<T>(FindObjectsSortMode)' is obsolete: 'FindObjectsByType with FindObjectsSortMode parameter has been deprecated. Use FindObjectsByType<T>() or FindObjectsByType<T>(FindObjectsInactive) instead. InstanceID will be replaced in the future with EntityId and previous sort order cannot be maintained.'
Assets\TumbangPreso\Runtime\Net\WorldEffectSnapshot.cs(83,99): warning CS0618: 'FindObjectsSortMode' is obsolete: 'FindObjectsSortMode has been deprecated. Use the FindObjectsByType overloads that do not take a FindObjectsSortMode parameter.'
Assets\TumbangPreso\Runtime\Net\WorldEffectSnapshot.cs(83,36): warning CS0618: 'Object.FindObjectsByType<T>(FindObjectsSortMode)' is obsolete: 'FindObjectsByType with FindObjectsSortMode parameter has been deprecated. Use FindObjectsByType<T>() or FindObjectsByType<T>(FindObjectsInactive) instead. InstanceID will be replaced in the future with EntityId and previous sort order cannot be maintained.'
Assets\TumbangPreso\Runtime\Net\WorldEffectSnapshot.cs(87,89): warning CS0618: 'FindObjectsSortMode' is obsolete: 'FindObjectsSortMode has been deprecated. Use the FindObjectsByType overloads that do not take a FindObjectsSortMode parameter.'
Assets\TumbangPreso\Runtime\Net\WorldEffectSnapshot.cs(87,33): warning CS0618: 'Object.FindObjectsByType<T>(FindObjectsSortMode)' is obsolete: 'FindObjectsByType with FindObjectsSortMode parameter has been deprecated. Use FindObjectsByType<T>() or FindObjectsByType<T>(FindObjectsInactive) instead. InstanceID will be replaced in the future with EntityId and previous sort order cannot be maintained.'
Assets\TumbangPreso\Runtime\Net\WorldEffectSnapshot.cs(91,81): warning CS0618: 'FindObjectsSortMode' is obsolete: 'FindObjectsSortMode has been deprecated. Use the FindObjectsByType overloads that do not take a FindObjectsSortMode parameter.'
Assets\TumbangPreso\Runtime\Net\WorldEffectSnapshot.cs(91,36): warning CS0618: 'Object.FindObjectsByType<T>(FindObjectsSortMode)' is obsolete: 'FindObjectsByType with FindObjectsSortMode parameter has been deprecated. Use FindObjectsByType<T>() or FindObjectsByType<T>(FindObjectsInactive) instead. InstanceID will be replaced in the future with EntityId and previous sort order cannot be maintained.'
Assets\TumbangPreso\Runtime\Net\WorldEffectSnapshot.cs(95,76): warning CS0618: 'FindObjectsSortMode' is obsolete: 'FindObjectsSortMode has been deprecated. Use the FindObjectsByType overloads that do not take a FindObjectsSortMode parameter.'
Assets\TumbangPreso\Runtime\Net\WorldEffectSnapshot.cs(95,35): warning CS0618: 'Object.FindObjectsByType<T>(FindObjectsSortMode)' is obsolete: 'FindObjectsByType with FindObjectsSortMode parameter has been deprecated. Use FindObjectsByType<T>() or FindObjectsByType<T>(FindObjectsInactive) instead. InstanceID will be replaced in the future with EntityId and previous sort order cannot be maintained.'
Assets\TumbangPreso\Runtime\Diagnostics\OwnerUiPlayerReview.Performance.cs(234,25): warning CS0618: 'Object.FindFirstObjectByType<T>()' is obsolete: 'FindFirstObjectByType has been deprecated because it relies on instance ID ordering. Use FindAnyObjectByType instead, which does not depend on ordering.'
Assets\TumbangPreso\Runtime\MatchInstaller.cs(1171,32): warning CS0618: 'Object.FindFirstObjectByType<T>()' is obsolete: 'FindFirstObjectByType has been deprecated because it relies on instance ID ordering. Use FindAnyObjectByType instead, which does not depend on ordering.'
Assets\TumbangPreso\Runtime\MatchInstaller.cs(1174,31): warning CS0618: 'Object.FindFirstObjectByType<T>()' is obsolete: 'FindFirstObjectByType has been deprecated because it relies on instance ID ordering. Use FindAnyObjectByType instead, which does not depend on ordering.'
Assets\TumbangPreso\Runtime\MatchInstaller.cs(1183,17): warning CS0618: 'Object.FindFirstObjectByType<T>()' is obsolete: 'FindFirstObjectByType has been deprecated because it relies on instance ID ordering. Use FindAnyObjectByType instead, which does not depend on ordering.'
Assets\TumbangPreso\Runtime\MatchInstaller.cs(1189,33): warning CS0618: 'Object.FindFirstObjectByType<T>()' is obsolete: 'FindFirstObjectByType has been deprecated because it relies on instance ID ordering. Use FindAnyObjectByType instead, which does not depend on ordering.'
Assets\TumbangPreso\Runtime\MatchInstaller.cs(1198,23): warning CS0618: 'Object.FindFirstObjectByType<T>()' is obsolete: 'FindFirstObjectByType has been deprecated because it relies on instance ID ordering. Use FindAnyObjectByType instead, which does not depend on ordering.'
Assets\TumbangPreso\Runtime\MatchInstaller.cs(1209,25): warning CS0618: 'Object.FindFirstObjectByType<T>()' is obsolete: 'FindFirstObjectByType has been deprecated because it relies on instance ID ordering. Use FindAnyObjectByType instead, which does not depend on ordering.'
Assets\TumbangPreso\Runtime\MatchInstaller.cs(1212,29): warning CS0618: 'Object.FindFirstObjectByType<T>()' is obsolete: 'FindFirstObjectByType has been deprecated because it relies on instance ID ordering. Use FindAnyObjectByType instead, which does not depend on ordering.'
Assets\TumbangPreso\Runtime\MatchInstaller.cs(1231,24): warning CS0618: 'Object.FindFirstObjectByType<T>()' is obsolete: 'FindFirstObjectByType has been deprecated because it relies on instance ID ordering. Use FindAnyObjectByType instead, which does not depend on ordering.'
Assets\TumbangPreso\Runtime\MatchInstaller.cs(1244,27): warning CS0618: 'Object.FindFirstObjectByType<T>()' is obsolete: 'FindFirstObjectByType has been deprecated because it relies on instance ID ordering. Use FindAnyObjectByType instead, which does not depend on ordering.'
Assets\TumbangPreso\Runtime\MatchInstaller.cs(1251,25): warning CS0618: 'Object.FindFirstObjectByType<T>()' is obsolete: 'FindFirstObjectByType has been deprecated because it relies on instance ID ordering. Use FindAnyObjectByType instead, which does not depend on ordering.'
Assets\TumbangPreso\Runtime\MatchInstaller.cs(1258,26): warning CS0618: 'FindObjectsSortMode' is obsolete: 'FindObjectsSortMode has been deprecated. Use the FindObjectsByType overloads that do not take a FindObjectsSortMode parameter.'
Assets\TumbangPreso\Runtime\MatchInstaller.cs(1257,37): warning CS0618: 'Object.FindObjectsByType<T>(FindObjectsSortMode)' is obsolete: 'FindObjectsByType with FindObjectsSortMode parameter has been deprecated. Use FindObjectsByType<T>() or FindObjectsByType<T>(FindObjectsInactive) instead. InstanceID will be replaced in the future with EntityId and previous sort order cannot be maintained.'
Assets\TumbangPreso\Runtime\Diagnostics\OwnerUiPlayerReview.Performance.cs(269,88): warning CS0618: 'FindObjectsSortMode' is obsolete: 'FindObjectsSortMode has been deprecated. Use the FindObjectsByType overloads that do not take a FindObjectsSortMode parameter.'
Assets\TumbangPreso\Runtime\Diagnostics\OwnerUiPlayerReview.Performance.cs(269,25): warning CS0618: 'Object.FindObjectsByType<T>(FindObjectsInactive, FindObjectsSortMode)' is obsolete: 'FindObjectsByType with FindObjectsSortMode parameter has been deprecated. Use FindObjectsByType<T>() or FindObjectsByType<T>(FindObjectsInactive) instead. InstanceID will be replaced in the future with EntityId and previous sort order cannot be maintained.'
Assets\TumbangPreso\Runtime\MatchInstaller.cs(1371,23): warning CS0618: 'Object.FindFirstObjectByType<T>()' is obsolete: 'FindFirstObjectByType has been deprecated because it relies on instance ID ordering. Use FindAnyObjectByType instead, which does not depend on ordering.'
Assets\TumbangPreso\Runtime\MatchInstaller.cs(1498,21): warning CS0618: 'Object.FindFirstObjectByType<T>()' is obsolete: 'FindFirstObjectByType has been deprecated because it relies on instance ID ordering. Use FindAnyObjectByType instead, which does not depend on ordering.'
Assets\TumbangPreso\Runtime\MatchInstaller.cs(1595,64): warning CS0618: 'FindObjectsSortMode' is obsolete: 'FindObjectsSortMode has been deprecated. Use the FindObjectsByType overloads that do not take a FindObjectsSortMode parameter.'
Assets\TumbangPreso\Runtime\MatchInstaller.cs(1595,35): warning CS0618: 'Object.FindObjectsByType<T>(FindObjectsSortMode)' is obsolete: 'FindObjectsByType with FindObjectsSortMode parameter has been deprecated. Use FindObjectsByType<T>() or FindObjectsByType<T>(FindObjectsInactive) instead. InstanceID will be replaced in the future with EntityId and previous sort order cannot be maintained.'
Assets\TumbangPreso\Runtime\Net\WorldEffectSnapshot.cs(261,63): warning CS0618: 'FindObjectsSortMode' is obsolete: 'FindObjectsSortMode has been deprecated. Use the FindObjectsByType overloads that do not take a FindObjectsSortMode parameter.'
Assets\TumbangPreso\Runtime\Net\WorldEffectSnapshot.cs(261,35): warning CS0618: 'Object.FindObjectsByType<T>(FindObjectsSortMode)' is obsolete: 'FindObjectsByType with FindObjectsSortMode parameter has been deprecated. Use FindObjectsByType<T>() or FindObjectsByType<T>(FindObjectsInactive) instead. InstanceID will be replaced in the future with EntityId and previous sort order cannot be maintained.'
Assets\TumbangPreso\Runtime\RoundDirector.cs(558,84): warning CS0618: 'FindObjectsSortMode' is obsolete: 'FindObjectsSortMode has been deprecated. Use the FindObjectsByType overloads that do not take a FindObjectsSortMode parameter.'
Assets\TumbangPreso\Runtime\RoundDirector.cs(558,28): warning CS0618: 'Object.FindObjectsByType<T>(FindObjectsInactive, FindObjectsSortMode)' is obsolete: 'FindObjectsByType with FindObjectsSortMode parameter has been deprecated. Use FindObjectsByType<T>() or FindObjectsByType<T>(FindObjectsInactive) instead. InstanceID will be replaced in the future with EntityId and previous sort order cannot be maintained.'
Assets\TumbangPreso\Runtime\Visual\VoodooCursePresenter.cs(71,87): warning CS0618: 'FindObjectsSortMode' is obsolete: 'FindObjectsSortMode has been deprecated. Use the FindObjectsByType overloads that do not take a FindObjectsSortMode parameter.'
Assets\TumbangPreso\Runtime\Visual\VoodooCursePresenter.cs(71,34): warning CS0618: 'Object.FindObjectsByType<T>(FindObjectsSortMode)' is obsolete: 'FindObjectsByType with FindObjectsSortMode parameter has been deprecated. Use FindObjectsByType<T>() or FindObjectsByType<T>(FindObjectsInactive) instead. InstanceID will be replaced in the future with EntityId and previous sort order cannot be maintained.'
Assets\TumbangPreso\Runtime\Visual\VfxTimeline.cs(59,55): warning CS0618: 'FindObjectsSortMode' is obsolete: 'FindObjectsSortMode has been deprecated. Use the FindObjectsByType overloads that do not take a FindObjectsSortMode parameter.'
Assets\TumbangPreso\Runtime\Visual\VfxTimeline.cs(58,39): warning CS0618: 'Object.FindObjectsByType<T>(FindObjectsInactive, FindObjectsSortMode)' is obsolete: 'FindObjectsByType with FindObjectsSortMode parameter has been deprecated. Use FindObjectsByType<T>() or FindObjectsByType<T>(FindObjectsInactive) instead. InstanceID will be replaced in the future with EntityId and previous sort order cannot be maintained.'
Assets\TumbangPreso\Runtime\Net\Matchmaker.cs(98,45): warning CS0618: 'Object.FindFirstObjectByType<T>()' is obsolete: 'FindFirstObjectByType has been deprecated because it relies on instance ID ordering. Use FindAnyObjectByType instead, which does not depend on ordering.'
Assets\TumbangPreso\Runtime\Net\Matchmaker.cs(102,28): warning CS0618: 'Object.FindFirstObjectByType<T>()' is obsolete: 'FindFirstObjectByType has been deprecated because it relies on instance ID ordering. Use FindAnyObjectByType instead, which does not depend on ordering.'
Assets\TumbangPreso\Runtime\Net\ServerQuery.cs(361,55): warning CS0618: 'Object.FindFirstObjectByType<T>()' is obsolete: 'FindFirstObjectByType has been deprecated because it relies on instance ID ordering. Use FindAnyObjectByType instead, which does not depend on ordering.'
Assets\TumbangPreso\Runtime\UI\UltimatePresentationDirector.cs(159,29): warning CS0618: 'Object.FindFirstObjectByType<T>()' is obsolete: 'FindFirstObjectByType has been deprecated because it relies on instance ID ordering. Use FindAnyObjectByType instead, which does not depend on ordering.'
Assets\TumbangPreso\Runtime\Visual\ArcFlicker.cs(107,42): warning CS0162: Unreachable code detected
Assets\TumbangPreso\Runtime\Diagnostics\OwnerUiPlayerReview.cs(201,71): warning CS0618: 'FindObjectsSortMode' is obsolete: 'FindObjectsSortMode has been deprecated. Use the FindObjectsByType overloads that do not take a FindObjectsSortMode parameter.'
Assets\TumbangPreso\Runtime\Diagnostics\OwnerUiPlayerReview.cs(201,19): warning CS0618: 'Object.FindObjectsByType<T>(FindObjectsSortMode)' is obsolete: 'FindObjectsByType with FindObjectsSortMode parameter has been deprecated. Use FindObjectsByType<T>() or FindObjectsByType<T>(FindObjectsInactive) instead. InstanceID will be replaced in the future with EntityId and previous sort order cannot be maintained.'
Assets\TumbangPreso\Runtime\Diagnostics\OwnerUiPlayerReview.cs(339,22): warning CS0618: 'Object.FindFirstObjectByType<T>()' is obsolete: 'FindFirstObjectByType has been deprecated because it relies on instance ID ordering. Use FindAnyObjectByType instead, which does not depend on ordering.'
Assets\TumbangPreso\Runtime\Net\NetSession.cs(1569,46): warning CS0618: 'FindObjectsSortMode' is obsolete: 'FindObjectsSortMode has been deprecated. Use the FindObjectsByType overloads that do not take a FindObjectsSortMode parameter.'
Assets\TumbangPreso\Runtime\Net\NetSession.cs(1568,37): warning CS0618: 'Object.FindObjectsByType<T>(FindObjectsInactive, FindObjectsSortMode)' is obsolete: 'FindObjectsByType with FindObjectsSortMode parameter has been deprecated. Use FindObjectsByType<T>() or FindObjectsByType<T>(FindObjectsInactive) instead. InstanceID will be replaced in the future with EntityId and previous sort order cannot be maintained.'
Assets\TumbangPreso\Runtime\Diagnostics\OwnerUiPlayerReview.cs(558,42): warning CS0618: 'Object.FindFirstObjectByType<T>()' is obsolete: 'FindFirstObjectByType has been deprecated because it relies on instance ID ordering. Use FindAnyObjectByType instead, which does not depend on ordering.'
Assets\TumbangPreso\Runtime\Diagnostics\OwnerUiPlayerReview.cs(568,29): warning CS0618: 'Object.FindFirstObjectByType<T>()' is obsolete: 'FindFirstObjectByType has been deprecated because it relies on instance ID ordering. Use FindAnyObjectByType instead, which does not depend on ordering.'
Assets\TumbangPreso\Runtime\Diagnostics\OwnerUiPlayerReview.cs(581,29): warning CS0618: 'Object.FindFirstObjectByType<T>()' is obsolete: 'FindFirstObjectByType has been deprecated because it relies on instance ID ordering. Use FindAnyObjectByType instead, which does not depend on ordering.'
Assets\TumbangPreso\Runtime\Visual\ColourGrade.cs(138,25): warning CS0618: 'Object.FindFirstObjectByType<T>(FindObjectsInactive)' is obsolete: 'FindFirstObjectByType has been deprecated because it relies on instance ID ordering. Use FindAnyObjectByType instead, which does not depend on ordering.'
Assets\TumbangPreso\Runtime\UI\DebugBar.cs(62,28): warning CS0618: 'Object.FindFirstObjectByType<T>()' is obsolete: 'FindFirstObjectByType has been deprecated because it relies on instance ID ordering. Use FindAnyObjectByType instead, which does not depend on ordering.'
Assets\TumbangPreso\Runtime\Visual\DisorientedHallucinations.cs(59,65): warning CS0618: 'FindObjectsSortMode' is obsolete: 'FindObjectsSortMode has been deprecated. Use the FindObjectsByType overloads that do not take a FindObjectsSortMode parameter.'
Assets\TumbangPreso\Runtime\Visual\DisorientedHallucinations.cs(59,31): warning CS0618: 'Object.FindObjectsByType<T>(FindObjectsSortMode)' is obsolete: 'FindObjectsByType with FindObjectsSortMode parameter has been deprecated. Use FindObjectsByType<T>() or FindObjectsByType<T>(FindObjectsInactive) instead. InstanceID will be replaced in the future with EntityId and previous sort order cannot be maintained.'
Assets\TumbangPreso\Runtime\UI\ConvertedMatchSetup.cs(2627,33): warning CS0618: 'Object.FindFirstObjectByType<T>()' is obsolete: 'FindFirstObjectByType has been deprecated because it relies on instance ID ordering. Use FindAnyObjectByType instead, which does not depend on ordering.'
Assets\TumbangPreso\Runtime\Net\MatchRpc.cs(1120,33): warning CS0618: 'Object.FindFirstObjectByType<T>()' is obsolete: 'FindFirstObjectByType has been deprecated because it relies on instance ID ordering. Use FindAnyObjectByType instead, which does not depend on ordering.'
Assets\TumbangPreso\Runtime\Net\MatchRpc.cs(1167,24): warning CS0618: 'Object.FindFirstObjectByType<T>()' is obsolete: 'FindFirstObjectByType has been deprecated because it relies on instance ID ordering. Use FindAnyObjectByType instead, which does not depend on ordering.'
Assets\TumbangPreso\Runtime\Net\MatchRpc.cs(1242,24): warning CS0618: 'Object.FindFirstObjectByType<T>()' is obsolete: 'FindFirstObjectByType has been deprecated because it relies on instance ID ordering. Use FindAnyObjectByType instead, which does not depend on ordering.'
Assets\TumbangPreso\Runtime\UI\Hud.Native.cs(56,90): warning CS0618: 'FindObjectsSortMode' is obsolete: 'FindObjectsSortMode has been deprecated. Use the FindObjectsByType overloads that do not take a FindObjectsSortMode parameter.'
Assets\TumbangPreso\Runtime\UI\Hud.Native.cs(56,34): warning CS0618: 'Object.FindObjectsByType<T>(FindObjectsInactive, FindObjectsSortMode)' is obsolete: 'FindObjectsByType with FindObjectsSortMode parameter has been deprecated. Use FindObjectsByType<T>() or FindObjectsByType<T>(FindObjectsInactive) instead. InstanceID will be replaced in the future with EntityId and previous sort order cannot be maintained.'
Assets\TumbangPreso\Runtime\Net\MatchRpc.cs(1645,13): warning CS0618: 'Object.FindFirstObjectByType<T>()' is obsolete: 'FindFirstObjectByType has been deprecated because it relies on instance ID ordering. Use FindAnyObjectByType instead, which does not depend on ordering.'
Assets\TumbangPreso\Runtime\Net\MatchRpc.cs(1670,17): warning CS0618: 'Object.FindFirstObjectByType<T>()' is obsolete: 'FindFirstObjectByType has been deprecated because it relies on instance ID ordering. Use FindAnyObjectByType instead, which does not depend on ordering.'
Assets\TumbangPreso\Runtime\Net\MatchRpc.cs(1689,13): warning CS0618: 'Object.FindFirstObjectByType<T>()' is obsolete: 'FindFirstObjectByType has been deprecated because it relies on instance ID ordering. Use FindAnyObjectByType instead, which does not depend on ordering.'
Assets\TumbangPreso\Runtime\Net\MatchRpc.cs(1713,22): warning CS0618: 'Object.FindFirstObjectByType<T>()' is obsolete: 'FindFirstObjectByType has been deprecated because it relies on instance ID ordering. Use FindAnyObjectByType instead, which does not depend on ordering.'
Assets\TumbangPreso\Runtime\Visual\SkyEvent.cs(345,60): warning CS0618: 'FindObjectsSortMode' is obsolete: 'FindObjectsSortMode has been deprecated. Use the FindObjectsByType overloads that do not take a FindObjectsSortMode parameter.'
Assets\TumbangPreso\Runtime\Visual\SkyEvent.cs(344,35): warning CS0618: 'Object.FindObjectsByType<T>(FindObjectsInactive, FindObjectsSortMode)' is obsolete: 'FindObjectsByType with FindObjectsSortMode parameter has been deprecated. Use FindObjectsByType<T>() or FindObjectsByType<T>(FindObjectsInactive) instead. InstanceID will be replaced in the future with EntityId and previous sort order cannot be maintained.'
Assets\TumbangPreso\Runtime\Net\MatchRpc.cs(1735,18): warning CS0618: 'Object.FindFirstObjectByType<T>()' is obsolete: 'FindFirstObjectByType has been deprecated because it relies on instance ID ordering. Use FindAnyObjectByType instead, which does not depend on ordering.'
Assets\TumbangPreso\Runtime\Visual\SkyEvent.cs(448,66): warning CS0618: 'FindObjectsSortMode' is obsolete: 'FindObjectsSortMode has been deprecated. Use the FindObjectsByType overloads that do not take a FindObjectsSortMode parameter.'
Assets\TumbangPreso\Runtime\Visual\SkyEvent.cs(447,35): warning CS0618: 'Object.FindObjectsByType<T>(FindObjectsInactive, FindObjectsSortMode)' is obsolete: 'FindObjectsByType with FindObjectsSortMode parameter has been deprecated. Use FindObjectsByType<T>() or FindObjectsByType<T>(FindObjectsInactive) instead. InstanceID will be replaced in the future with EntityId and previous sort order cannot be maintained.'
Assets\TumbangPreso\Runtime\Net\MatchRpc.cs(1784,18): warning CS0618: 'Object.FindFirstObjectByType<T>()' is obsolete: 'FindFirstObjectByType has been deprecated because it relies on instance ID ordering. Use FindAnyObjectByType instead, which does not depend on ordering.'
Assets\TumbangPreso\Runtime\UI\Hud.cs(1048,61): warning CS0618: 'FindObjectsSortMode' is obsolete: 'FindObjectsSortMode has been deprecated. Use the FindObjectsByType overloads that do not take a FindObjectsSortMode parameter.'
Assets\TumbangPreso\Runtime\UI\Hud.cs(1047,34): warning CS0618: 'Object.FindObjectsByType<T>(FindObjectsInactive, FindObjectsSortMode)' is obsolete: 'FindObjectsByType with FindObjectsSortMode parameter has been deprecated. Use FindObjectsByType<T>() or FindObjectsByType<T>(FindObjectsInactive) instead. InstanceID will be replaced in the future with EntityId and previous sort order cannot be maintained.'
Assets\TumbangPreso\Runtime\UI\Hud.cs(1122,61): warning CS0618: 'FindObjectsSortMode' is obsolete: 'FindObjectsSortMode has been deprecated. Use the FindObjectsByType overloads that do not take a FindObjectsSortMode parameter.'
Assets\TumbangPreso\Runtime\UI\Hud.cs(1121,34): warning CS0618: 'Object.FindObjectsByType<T>(FindObjectsInactive, FindObjectsSortMode)' is obsolete: 'FindObjectsByType with FindObjectsSortMode parameter has been deprecated. Use FindObjectsByType<T>() or FindObjectsByType<T>(FindObjectsInactive) instead. InstanceID will be replaced in the future with EntityId and previous sort order cannot be maintained.'
Assets\TumbangPreso\Runtime\UI\Hud.cs(1229,36): warning CS0618: 'Object.FindFirstObjectByType<T>()' is obsolete: 'FindFirstObjectByType has been deprecated because it relies on instance ID ordering. Use FindAnyObjectByType instead, which does not depend on ordering.'
Assets\TumbangPreso\Runtime\UI\Hud.cs(1317,55): warning CS0618: 'FindObjectsSortMode' is obsolete: 'FindObjectsSortMode has been deprecated. Use the FindObjectsByType overloads that do not take a FindObjectsSortMode parameter.'
Assets\TumbangPreso\Runtime\UI\Hud.cs(1316,35): warning CS0618: 'Object.FindObjectsByType<T>(FindObjectsInactive, FindObjectsSortMode)' is obsolete: 'FindObjectsByType with FindObjectsSortMode parameter has been deprecated. Use FindObjectsByType<T>() or FindObjectsByType<T>(FindObjectsInactive) instead. InstanceID will be replaced in the future with EntityId and previous sort order cannot be maintained.'
Assets\TumbangPreso\Runtime\UI\Hud.cs(1338,55): warning CS0618: 'FindObjectsSortMode' is obsolete: 'FindObjectsSortMode has been deprecated. Use the FindObjectsByType overloads that do not take a FindObjectsSortMode parameter.'
Assets\TumbangPreso\Runtime\UI\Hud.cs(1337,34): warning CS0618: 'Object.FindObjectsByType<T>(FindObjectsInactive, FindObjectsSortMode)' is obsolete: 'FindObjectsByType with FindObjectsSortMode parameter has been deprecated. Use FindObjectsByType<T>() or FindObjectsByType<T>(FindObjectsInactive) instead. InstanceID will be replaced in the future with EntityId and previous sort order cannot be maintained.'
Assets\TumbangPreso\Runtime\Net\MatchRpc.cs(1852,13): warning CS0618: 'Object.FindFirstObjectByType<T>()' is obsolete: 'FindFirstObjectByType has been deprecated because it relies on instance ID ordering. Use FindAnyObjectByType instead, which does not depend on ordering.'
Assets\TumbangPreso\Runtime\Net\MatchRpc.cs(1879,26): warning CS0618: 'Object.FindFirstObjectByType<T>()' is obsolete: 'FindFirstObjectByType has been deprecated because it relies on instance ID ordering. Use FindAnyObjectByType instead, which does not depend on ordering.'
Assets\TumbangPreso\Runtime\Visual\GroundReticle.cs(407,24): warning CS0618: 'Object.FindFirstObjectByType<T>()' is obsolete: 'FindFirstObjectByType has been deprecated because it relies on instance ID ordering. Use FindAnyObjectByType instead, which does not depend on ordering.'
Assets\TumbangPreso\Runtime\UI\Hud.cs(2711,62): warning CS0618: 'FindObjectsSortMode' is obsolete: 'FindObjectsSortMode has been deprecated. Use the FindObjectsByType overloads that do not take a FindObjectsSortMode parameter.'
Assets\TumbangPreso\Runtime\UI\Hud.cs(2710,35): warning CS0618: 'Object.FindObjectsByType<T>(FindObjectsInactive, FindObjectsSortMode)' is obsolete: 'FindObjectsByType with FindObjectsSortMode parameter has been deprecated. Use FindObjectsByType<T>() or FindObjectsByType<T>(FindObjectsInactive) instead. InstanceID will be replaced in the future with EntityId and previous sort order cannot be maintained.'
Assets\TumbangPreso\Runtime\UI\Hud.cs(3242,40): warning CS0618: 'Object.FindFirstObjectByType<T>()' is obsolete: 'FindFirstObjectByType has been deprecated because it relies on instance ID ordering. Use FindAnyObjectByType instead, which does not depend on ordering.'
Assets\TumbangPreso\Runtime\UI\Hub\HubLoading.cs(196,88): warning CS0618: 'FindObjectsSortMode' is obsolete: 'FindObjectsSortMode has been deprecated. Use the FindObjectsByType overloads that do not take a FindObjectsSortMode parameter.'
Assets\TumbangPreso\Runtime\UI\Hub\HubLoading.cs(196,47): warning CS0618: 'Object.FindObjectsByType<T>(FindObjectsSortMode)' is obsolete: 'FindObjectsByType with FindObjectsSortMode parameter has been deprecated. Use FindObjectsByType<T>() or FindObjectsByType<T>(FindObjectsInactive) instead. InstanceID will be replaced in the future with EntityId and previous sort order cannot be maintained.'
Assets\TumbangPreso\Runtime\UI\Hud.cs(4344,50): warning CS0618: 'FindObjectsSortMode' is obsolete: 'FindObjectsSortMode has been deprecated. Use the FindObjectsByType overloads that do not take a FindObjectsSortMode parameter.'
Assets\TumbangPreso\Runtime\UI\Hud.cs(4343,37): warning CS0618: 'Object.FindObjectsByType<T>(FindObjectsInactive, FindObjectsSortMode)' is obsolete: 'FindObjectsByType with FindObjectsSortMode parameter has been deprecated. Use FindObjectsByType<T>() or FindObjectsByType<T>(FindObjectsInactive) instead. InstanceID will be replaced in the future with EntityId and previous sort order cannot be maintained.'
Assets\TumbangPreso\Runtime\Visual\HitFeel.cs(147,23): warning CS0618: 'Object.FindFirstObjectByType<T>()' is obsolete: 'FindFirstObjectByType has been deprecated because it relies on instance ID ordering. Use FindAnyObjectByType instead, which does not depend on ordering.'
Assets\TumbangPreso\Runtime\Visual\HexedPhantomSlippers.cs(95,62): warning CS0618: 'FindObjectsSortMode' is obsolete: 'FindObjectsSortMode has been deprecated. Use the FindObjectsByType overloads that do not take a FindObjectsSortMode parameter.'
Assets\TumbangPreso\Runtime\Visual\HexedPhantomSlippers.cs(95,28): warning CS0618: 'Object.FindObjectsByType<T>(FindObjectsSortMode)' is obsolete: 'FindObjectsByType with FindObjectsSortMode parameter has been deprecated. Use FindObjectsByType<T>() or FindObjectsByType<T>(FindObjectsInactive) instead. InstanceID will be replaced in the future with EntityId and previous sort order cannot be maintained.'
Assets\TumbangPreso\Runtime\Visual\MatchFlair.cs(216,112): warning CS0618: 'FindObjectsSortMode' is obsolete: 'FindObjectsSortMode has been deprecated. Use the FindObjectsByType overloads that do not take a FindObjectsSortMode parameter.'
Assets\TumbangPreso\Runtime\Visual\MatchFlair.cs(216,42): warning CS0618: 'Object.FindObjectsByType<T>(FindObjectsSortMode)' is obsolete: 'FindObjectsByType with FindObjectsSortMode parameter has been deprecated. Use FindObjectsByType<T>() or FindObjectsByType<T>(FindObjectsInactive) instead. InstanceID will be replaced in the future with EntityId and previous sort order cannot be maintained.'
Assets\TumbangPreso\Runtime\Visual\PhaisterAimSigil.cs(247,24): warning CS0618: 'Object.FindFirstObjectByType<T>()' is obsolete: 'FindFirstObjectByType has been deprecated because it relies on instance ID ordering. Use FindAnyObjectByType instead, which does not depend on ordering.'
Assets\TumbangPreso\Runtime\Visual\PhaisterOmenScreen.cs(128,38): warning CS0618: 'Object.FindFirstObjectByType<T>()' is obsolete: 'FindFirstObjectByType has been deprecated because it relies on instance ID ordering. Use FindAnyObjectByType instead, which does not depend on ordering.'
Assets\TumbangPreso\Runtime\UI\MapPreviewSurface.cs(745,103): warning CS0618: 'FindObjectsSortMode' is obsolete: 'FindObjectsSortMode has been deprecated. Use the FindObjectsByType overloads that do not take a FindObjectsSortMode parameter.'
Assets\TumbangPreso\Runtime\UI\MapPreviewSurface.cs(745,37): warning CS0618: 'Object.FindObjectsByType<T>(FindObjectsInactive, FindObjectsSortMode)' is obsolete: 'FindObjectsByType with FindObjectsSortMode parameter has been deprecated. Use FindObjectsByType<T>() or FindObjectsByType<T>(FindObjectsInactive) instead. InstanceID will be replaced in the future with EntityId and previous sort order cannot be maintained.'
Assets\TumbangPreso\Runtime\UI\MapPreviewSurface.cs(1183,61): warning CS0618: 'FindObjectsSortMode' is obsolete: 'FindObjectsSortMode has been deprecated. Use the FindObjectsByType overloads that do not take a FindObjectsSortMode parameter.'
Assets\TumbangPreso\Runtime\UI\MapPreviewSurface.cs(1182,35): warning CS0618: 'Object.FindObjectsByType<T>(FindObjectsInactive, FindObjectsSortMode)' is obsolete: 'FindObjectsByType with FindObjectsSortMode parameter has been deprecated. Use FindObjectsByType<T>() or FindObjectsByType<T>(FindObjectsInactive) instead. InstanceID will be replaced in the future with EntityId and previous sort order cannot be maintained.'
Assets\TumbangPreso\Runtime\UI\ModelPreview.cs(527,60): warning CS0618: 'FindObjectsSortMode' is obsolete: 'FindObjectsSortMode has been deprecated. Use the FindObjectsByType overloads that do not take a FindObjectsSortMode parameter.'
Assets\TumbangPreso\Runtime\UI\ModelPreview.cs(526,35): warning CS0618: 'Object.FindObjectsByType<T>(FindObjectsInactive, FindObjectsSortMode)' is obsolete: 'FindObjectsByType with FindObjectsSortMode parameter has been deprecated. Use FindObjectsByType<T>() or FindObjectsByType<T>(FindObjectsInactive) instead. InstanceID will be replaced in the future with EntityId and previous sort order cannot be maintained.'
Assets\TumbangPreso\Runtime\Visual\PhaisterManika.cs(145,35): warning CS0618: 'Object.FindFirstObjectByType<T>()' is obsolete: 'FindFirstObjectByType has been deprecated because it relies on instance ID ordering. Use FindAnyObjectByType instead, which does not depend on ordering.'
Assets\TumbangPreso\Runtime\Visual\PhaisterManika.cs(233,23): warning CS0618: 'Object.FindFirstObjectByType<T>()' is obsolete: 'FindFirstObjectByType has been deprecated because it relies on instance ID ordering. Use FindAnyObjectByType instead, which does not depend on ordering.'
Assets\TumbangPreso\Runtime\UI\PlayerNameplate.cs(122,46): warning CS0618: 'FindObjectsSortMode' is obsolete: 'FindObjectsSortMode has been deprecated. Use the FindObjectsByType overloads that do not take a FindObjectsSortMode parameter.'
Assets\TumbangPreso\Runtime\UI\PlayerNameplate.cs(121,25): warning CS0618: 'Object.FindObjectsByType<T>(FindObjectsInactive, FindObjectsSortMode)' is obsolete: 'FindObjectsByType with FindObjectsSortMode parameter has been deprecated. Use FindObjectsByType<T>() or FindObjectsByType<T>(FindObjectsInactive) instead. InstanceID will be replaced in the future with EntityId and previous sort order cannot be maintained.'
Assets\TumbangPreso\Runtime\UI\MatchResult.cs(645,23): warning CS0618: 'Object.FindFirstObjectByType<T>()' is obsolete: 'FindFirstObjectByType has been deprecated because it relies on instance ID ordering. Use FindAnyObjectByType instead, which does not depend on ordering.'
Assets\TumbangPreso\Runtime\Net\MatchRpc.cs(5469,24): warning CS0618: 'Object.FindFirstObjectByType<T>()' is obsolete: 'FindFirstObjectByType has been deprecated because it relies on instance ID ordering. Use FindAnyObjectByType instead, which does not depend on ordering.'
Assets\TumbangPreso\Runtime\UI\RoleSwapCard.cs(297,23): warning CS0618: 'Object.FindFirstObjectByType<T>()' is obsolete: 'FindFirstObjectByType has been deprecated because it relies on instance ID ordering. Use FindAnyObjectByType instead, which does not depend on ordering.'
Assets\TumbangPreso\Runtime\UI\SlipperRecall.cs(306,40): warning CS0618: 'Object.FindFirstObjectByType<T>()' is obsolete: 'FindFirstObjectByType has been deprecated because it relies on instance ID ordering. Use FindAnyObjectByType instead, which does not depend on ordering.'
Assets\TumbangPreso\Runtime\Net\MatchRpc.cs(6356,13): warning CS0618: 'Object.FindFirstObjectByType<T>()' is obsolete: 'FindFirstObjectByType has been deprecated because it relies on instance ID ordering. Use FindAnyObjectByType instead, which does not depend on ordering.'
Assets\TumbangPreso\Runtime\Net\MatchRpc.cs(6357,13): warning CS0618: 'Object.FindFirstObjectByType<T>()' is obsolete: 'FindFirstObjectByType has been deprecated because it relies on instance ID ordering. Use FindAnyObjectByType instead, which does not depend on ordering.'
Assets\TumbangPreso\Runtime\Net\MatchRpc.cs(6413,17): warning CS0618: 'Object.FindFirstObjectByType<T>()' is obsolete: 'FindFirstObjectByType has been deprecated because it relies on instance ID ordering. Use FindAnyObjectByType instead, which does not depend on ordering.'
Assets\TumbangPreso\Runtime\Net\MatchRpc.cs(6451,13): warning CS0618: 'Object.FindFirstObjectByType<T>()' is obsolete: 'FindFirstObjectByType has been deprecated because it relies on instance ID ordering. Use FindAnyObjectByType instead, which does not depend on ordering.'
Assets\TumbangPreso\Runtime\Net\MatchRpc.cs(6479,13): warning CS0618: 'Object.FindFirstObjectByType<T>()' is obsolete: 'FindFirstObjectByType has been deprecated because it relies on instance ID ordering. Use FindAnyObjectByType instead, which does not depend on ordering.'
Assets\TumbangPreso\Runtime\Net\MatchRpc.cs(6517,13): warning CS0618: 'Object.FindFirstObjectByType<T>()' is obsolete: 'FindFirstObjectByType has been deprecated because it relies on instance ID ordering. Use FindAnyObjectByType instead, which does not depend on ordering.'
Assets\TumbangPreso\Runtime\Net\MatchRpc.cs(6655,25): warning CS0618: 'Object.FindFirstObjectByType<T>()' is obsolete: 'FindFirstObjectByType has been deprecated because it relies on instance ID ordering. Use FindAnyObjectByType instead, which does not depend on ordering.'
Assets\TumbangPreso\Runtime\Net\MatchRpc.cs(6661,13): warning CS0618: 'Object.FindFirstObjectByType<T>()' is obsolete: 'FindFirstObjectByType has been deprecated because it relies on instance ID ordering. Use FindAnyObjectByType instead, which does not depend on ordering.'
Assets\TumbangPreso\Runtime\Net\MatchRpc.cs(6673,60): warning CS0618: 'Object.FindFirstObjectByType<T>()' is obsolete: 'FindFirstObjectByType has been deprecated because it relies on instance ID ordering. Use FindAnyObjectByType instead, which does not depend on ordering.'
Assets\TumbangPreso\Runtime\Net\MatchRpc.cs(6682,13): warning CS0618: 'Object.FindFirstObjectByType<T>()' is obsolete: 'FindFirstObjectByType has been deprecated because it relies on instance ID ordering. Use FindAnyObjectByType instead, which does not depend on ordering.'
Assets\TumbangPreso\Runtime\Net\MatchRpc.cs(6801,29): warning CS0618: 'Object.FindFirstObjectByType<T>()' is obsolete: 'FindFirstObjectByType has been deprecated because it relies on instance ID ordering. Use FindAnyObjectByType instead, which does not depend on ordering.'
Assets\TumbangPreso\Runtime\Net\MatchRpc.cs(6806,36): warning CS0618: 'Object.FindFirstObjectByType<T>()' is obsolete: 'FindFirstObjectByType has been deprecated because it relies on instance ID ordering. Use FindAnyObjectByType instead, which does not depend on ordering.'
Assets\TumbangPreso\Runtime\Net\MatchRpc.cs(6815,27): warning CS0618: 'Object.FindFirstObjectByType<T>()' is obsolete: 'FindFirstObjectByType has been deprecated because it relies on instance ID ordering. Use FindAnyObjectByType instead, which does not depend on ordering.'
Assets\TumbangPreso\Runtime\Net\MatchRpc.cs(6822,25): warning CS0618: 'Object.FindFirstObjectByType<T>()' is obsolete: 'FindFirstObjectByType has been deprecated because it relies on instance ID ordering. Use FindAnyObjectByType instead, which does not depend on ordering.'
Assets\TumbangPreso\Runtime\Net\MatchRpc.cs(6825,64): warning CS0618: 'FindObjectsSortMode' is obsolete: 'FindObjectsSortMode has been deprecated. Use the FindObjectsByType overloads that do not take a FindObjectsSortMode parameter.'
Assets\TumbangPreso\Runtime\Net\MatchRpc.cs(6825,37): warning CS0618: 'Object.FindObjectsByType<T>(FindObjectsSortMode)' is obsolete: 'FindObjectsByType with FindObjectsSortMode parameter has been deprecated. Use FindObjectsByType<T>() or FindObjectsByType<T>(FindObjectsInactive) instead. InstanceID will be replaced in the future with EntityId and previous sort order cannot be maintained.'
Assets\TumbangPreso\Runtime\UI\TumpMatchReadout.Recede.cs(47,52): warning CS0618: 'Object.FindFirstObjectByType<T>()' is obsolete: 'FindFirstObjectByType has been deprecated because it relies on instance ID ordering. Use FindAnyObjectByType instead, which does not depend on ordering.'
Assets\TumbangPreso\Runtime\UI\TumpMatchReadout.Recede.cs(48,66): warning CS0618: 'Object.FindFirstObjectByType<T>()' is obsolete: 'FindFirstObjectByType has been deprecated because it relies on instance ID ordering. Use FindAnyObjectByType instead, which does not depend on ordering.'
Assets\TumbangPreso\Runtime\UI\TumpMatchReadout.cs(215,66): warning CS0618: 'Object.FindFirstObjectByType<T>()' is obsolete: 'FindFirstObjectByType has been deprecated because it relies on instance ID ordering. Use FindAnyObjectByType instead, which does not depend on ordering.'
Assets\TumbangPreso\Runtime\UI\TumpMatchReadout.cs(445,140): warning CS0618: 'FindObjectsSortMode' is obsolete: 'FindObjectsSortMode has been deprecated. Use the FindObjectsByType overloads that do not take a FindObjectsSortMode parameter.'
Assets\TumbangPreso\Runtime\UI\TumpMatchReadout.cs(445,84): warning CS0618: 'Object.FindObjectsByType<T>(FindObjectsInactive, FindObjectsSortMode)' is obsolete: 'FindObjectsByType with FindObjectsSortMode parameter has been deprecated. Use FindObjectsByType<T>() or FindObjectsByType<T>(FindObjectsInactive) instead. InstanceID will be replaced in the future with EntityId and previous sort order cannot be maintained.'
Assets\TumbangPreso\Runtime\UI\TumpPowerReadout.OwnerDeck.cs(29,29): warning CS0414: The field 'TumpPowerReadout._referenceOpened' is assigned but its value is never used
Assets\TumbangPreso\Runtime\Abilities\ZackHeroKit.cs(38,42): warning CS0414: The field 'ZackHeroKit._joinThunderSettled' is assigned but its value is never used
Assets\TumbangPreso\Runtime\AIController.cs(59,41): warning CS0414: The field 'AIController._tier' is assigned but its value is never used
Assets\TumbangPreso\Runtime\UI\ArrowButtonView.cs(54,32): warning CS0414: The field 'ArrowButtonView._held' is assigned but its value is never used
Assets\TumbangPreso\Runtime\AIController.cs(134,28): warning UAC1001: Field 'SeatDifficulty' type 'TumbangPreso.Core.Difficulty?' is skipped by serialization (missing the [Serializable] attribute). Refer to the Serialization rules analyzer reference. (https://docs.unity3d.com/6000.5/Documentation/Manual/script-serialization-analyzer.html#uac1001)
Assets\TumbangPreso\Runtime\Abilities\HeroHazards.cs(2674,32): warning UAC1001: Field 'OwnerCast' type 'TumbangPreso.Abilities.HeroAbility' is skipped by serialization (missing the [Serializable] attribute). Refer to the Serialization rules analyzer reference. (https://docs.unity3d.com/6000.5/Documentation/Manual/script-serialization-analyzer.html#uac1001)
Assets\TumbangPreso\Runtime\UI\SlipperRecallMark.cs(47,23): warning UAC1001: Field 'Bearing' type 'float?' is skipped by serialization (missing the [Serializable] attribute). Refer to the Serialization rules analyzer reference. (https://docs.unity3d.com/6000.5/Documentation/Manual/script-serialization-analyzer.html#uac1001)
AssetDatabase: script compilation time: 14.969472s
Begin MonoManager ReloadAssembly
'Assets/TumbangPreso/Runtime/GuidedTraining.cs' contains partial class of Unity.Object, exactly 1 of the partial classes needs to be in a file with the same filename. This is to know the one that can be referenced from ie. GameObjects
'Assets/TumbangPreso/Runtime/UI/GuidedTrainingHud.OwnerPainted.cs' contains partial class of Unity.Object, exactly 1 of the partial classes needs to be in a file with the same filename. This is to know the one that can be referenced from ie. GameObjects
Refreshing native plugins compatible for Editor in 2.89 ms, found 0 plugins.
Native extension for LinuxStandalone target not found
Native extension for WindowsStandalone target not found
Native extension for WebGL target not found
Refreshing native plugins compatible for Editor in 2.38 ms, found 0 plugins.
Start HTTP server: port:7800
ScheduleIndexationOnStartup MainProcess:True IndexOnStartup:False
Mono: successfully reloaded assembly
- Finished resetting the current domain, in  4.800 seconds
Domain Reload Profiling: 6373ms
	BeginReloadAssembly (449ms)
		DisableScriptedObjects (45ms)
		CreateAndSetChildDomain (168ms)
	RebuildCommonClasses (12ms)
	RebuildNativeTypeToScriptingClass (24ms)
	initialDomainReloadingComplete (119ms)
	LoadAllAssembliesAndSetupDomain (967ms)
		LoadAssemblies (478ms)
		AnalyzeDomain (448ms)
			TypeCache.Refresh (322ms)
				TypeCache.ScanAssembly (303ms)
			BuildScriptInfoCaches (111ms)
			ResolveRequiredComponents (12ms)
	FinalizeReload (4801ms)
		SetupLoadedEditorAssemblies (0ms)
			InitializePlatformSupportModulesInManaged (14ms)
			BeforeProcessingInitializeOnLoad (150ms)
			ProcessInitializeOnLoadAttributes (3900ms)
			ProcessInitializeOnLoadMethodAttributes (401ms)
			AfterProcessingInitializeOnLoad (11ms)
		AwakeInstancesAfterBackupRestoration (40ms)
Starting new worker id: 0 with log in C:/Users/matth/Documents/Codex/work/tump-feedback-0930/Logs/AssetImportWorkerHW0.log
Refreshing native plugins compatible for Editor in 2.30 ms, found 0 plugins.

Asset Pipeline Refresh (id=a2809596e44e2b54bbdfb2cbb38eaf1a): Total: 23.394 seconds - Initiated by InitialRefreshV2(ForceSynchronousImport)
	(Values over 0.05ms)
	Summary:
		Imports: total=0 (actual=0, local cache=0, cache server=0)
		Asset DB Process Time: managed=0 ms, native=5817 ms
		Asset DB Callback time: managed=797 ms, native=33 ms
		Scripting: domain reloads=1, domain reload time=1663 ms, compile time=14971 ms, other=109 ms
		Project Asset Count: scripts=1700, non-scripts=9677
		Asset File Changes: new=0, changed=1, moved=0, deleted=0
		Scan Filter Count: 0
	InvokePackagesCallback: 29.568ms
	ApplyChangesToAssetFolders: 1.019ms
	Scan: 177.042ms
	Collect global state as custom dependencies: 11.188ms
	OnSourceAssetsModified: 0.888ms
	CategorizeScriptCompilationAssets: 58.528ms
	ProcessAssetsWithTransientArtifactChanges: 128.170ms
	CategorizeAssets: 170.800ms
	CompileScripts: 14971.314ms
	ImportOutOfDateAssets: 5049.483ms (4830.739ms without children)
		UnloadImportedAssets: 2.101ms
		EnsureUptoDateAssetsAreRegisteredWithGuidPM: 2.269ms
		ImportSchedulerStart: 214.369ms
	PostProcessAllAssets: 801.746ms
		VCAutoAddAssetPostprocess 2.218ms
		XRBuildSystem.XRAssetImported 1.389ms
		MonoPostProcessAllAssets: 797.199ms
			UniversalRenderPipelineGlobalSettingsPostprocessor.OnPostprocessAllAssets 322.947ms
			StyleCatalogPostProcessor.OnPostprocessAllAssets 123.075ms
			AssetPostprocessor.OnPostprocessAllAssets 90.267ms
			AssetPostprocessorProxy.OnPostprocessAllAssets 60.492ms
			BuilderAssetPostprocessor.OnPostprocessAllAssets 8.440ms
			NetworkPrefabProcessor.OnPostprocessAllAssets 6.842ms
			SpeedTree9Postprocessor.OnPostprocessAllAssets 2.861ms
			WindowAssetPostprocessingWatcher.OnPostprocessAllAssets 2.734ms
			AssetChangedListener.OnPostprocessAllAssets 2.351ms
			SyncVS.PostprocessSyncProject 2.293ms
			ShaderGraphAssetPostProcessor.OnPostprocessAllAssets 1.879ms
			RetainedModeAssetPostprocessor.OnPostprocessAllAssets 1.765ms
			EditModeScopePostprocessor.OnPostprocessAllAssets 1.380ms
			MaterialPostprocessor.OnPostprocessAllAssets 0.999ms
			ArtifactBrowserPostProcessor.OnPostprocessAllAssets 0.722ms
			InputActionAssetPostprocessor.OnPostprocessAllAssets 0.515ms
			SampleDependencyImporterPostProcessor.OnPostprocessAllAssets 0.508ms
			AudioMixerPostprocessor.OnPostprocessAllAssets 0.493ms
			ReferencedClipsPostProcessor.OnPostprocessAllAssets 0.478ms
			TextAssetPostProcessor.OnPostprocessAllAssets 0.455ms
			AssetEvents.OnPostprocessAllAssets 0.427ms
			ShaderReflectionAssetPostProcessor.OnPostprocessAllAssets 0.422ms
			InputActionJsonNameModifierAssetProcessor.OnPostprocessAllAssets 0.406ms
			TMPro_TexturePostProcessor.OnPostprocessAllAssets 0.372ms
			PostProcessor.OnPostprocessAllAssets 0.293ms
			ConfigAssetsTracker.OnPostprocessAllAssets 0.273ms
			TerrainToolbarOverlayPostProcessor.OnPostprocessAllAssets 0.271ms
			AssetDatabaseCallbacks.OnPostprocessAllAssets 0.249ms
			SpeedTreePostProcessor.OnPostprocessAllAssets 0.196ms
			ScenarioDriftAssetsTracker.OnPostprocessAllAssets 0.190ms
			ProjectSettingsPostprocessor.OnPostprocessAllAssets 0.179ms
			AudioContainerPostProcessor.OnPostprocessAllAssets 0.133ms
			RenderPipelineGlobalSettingsPostprocessor.OnPostprocessAllAssets 0.113ms
	PostAssetChangesProfiler: 4.517ms
	UnloadStreamsBegin: 2.787ms
	PersistCurrentRevisions: 0.750ms
	GenerateScriptTypeHashes: 4.759ms
	GenerateScriptTypeSerializationHashes: 9.021ms
	Untracked: 1980.636ms

Application.AssetDatabase Initial Refresh End
Launched and connected shader compiler UnityShaderCompiler.exe after 0.02 seconds
Scanning for USB devices : 11.522ms
Initializing Unity extensions:
[MODES] ModeService[none].Initialize
[MODES] ModeService[none].LoadModes
[MODES] Loading mode Default (0) for mode-current-id-Tumbang Preso
Unloading 257 Unused Serialized files (Serialized files now loaded: 0)
Unloading 7773 unused Assets / (15.5 MB). Loaded Objects now: 8791.
Memory consumption went from 0.52 GB to 0.50 GB.
Total: 25.545400 ms (FindLiveObjects: 1.208400 ms CreateObjectMapping: 2.898200 ms MarkObjects: 9.188000 ms  DeleteObjects: 12.247400 ms)

D3D11 device created for Microsoft Media Foundation video decoding.
[Project] Loading completed in 30.474 seconds
	Project init time: 				29.999 seconds
		Template init time: 		0.000 seconds
		Package Manager init time: 		0.469 seconds
		Asset Database init time: 		0.368 seconds
		Global illumination init time: 	0.003 seconds
		Assemblies load time: 			4.718 seconds
		Unity extensions init time: 	0.043 seconds
		Asset Database refresh time: 	23.394 seconds
	Scene opening time: 			0.273 seconds
##utp:{"type":"ProjectInfo","version":2,"phase":"Immediate","time":1790926218207,"processId":6456,"projectLoad":30.4744992,"projectInit":29.9991541,"templateInit":0.0,"packageManagerInit":0.4689643,"assetDatabaseInit":0.3675196,"globalIlluminationInit":0.0027074,"assembliesLoad":4.7184871,"unityExtensionsInit":0.0428357,"assetDatabaseRefresh":23.394268,"sceneOpening":0.2732632}
##utp:{"type":"EditorInfo","version":2,"phase":"Immediate","time":1790926218207,"processId":6456,"editorVersion":"6000.5.8f1 (5cb7df797b7d)","branch":"6000.5/staging","buildType":"Release","platform":"Windows"}

Asset Pipeline Refresh (id=1a2a15c9acdd9c641bbe882597f59706): Total: 0.337 seconds - Initiated by RefreshV2(ForceSynchronousImport)
	(Values over 0.05ms)
	Summary:
		Imports: total=0 (actual=0, local cache=0, cache server=0)
		Asset DB Process Time: managed=0 ms, native=335 ms
		Asset DB Callback time: managed=0 ms, native=1 ms
		Scripting: domain reloads=0, domain reload time=0 ms, compile time=0 ms, other=0 ms
		Project Asset Count: scripts=1700, non-scripts=9677
		Asset File Changes: new=0, changed=0, moved=0, deleted=0
		Scan Filter Count: 0
	InvokePackagesCallback: 3.401ms
	ApplyChangesToAssetFolders: 0.251ms
	Collect global state as custom dependencies: 1.357ms
	ProcessAssetsWithTransientArtifactChanges: 0.276ms
	CategorizeAssets: 127.505ms
	ImportOutOfDateAssets: 156.360ms (15.142ms without children)
		UnloadImportedAssets: 0.364ms
		EnsureUptoDateAssetsAreRegisteredWithGuidPM: 1.936ms
		ImportSchedulerStart: 138.871ms
	GatherAllCurrentPrimaryImportResultRevisions: 0.666ms
	UnloadStreamsBegin: 0.108ms
	PersistCurrentRevisions: 0.495ms
	Untracked: 40.628ms

[Licensing::Client] Successfully resolved entitlement details
[Licensing::Client] Successfully resolved entitlement details
Running tests for ExecutionSettings with details:
targetPlatform = 
playerHeartbeatTimeout = 600
filters[0] = 
   Filter with settings:
   testMode = PlayMode
   targetPlatform = 
   testNames = null
   groupNames = TumbangPreso.PlayTests.SettingsDecisionFocusTests
   categoryNames = null
   assemblyNames = null
ignoreTests = {}
featureFlags = null

UnityEngine.Debug:ExtractStackTraceNoAlloc (byte*,int,string)
UnityEngine.StackTraceUtility:ExtractStackTrace ()
UnityEngine.DebugLogHandler:Internal_Log (UnityEngine.LogType,UnityEngine.LogOption,string,UnityEngine.Object)
UnityEngine.DebugLogHandler:LogFormat (UnityEngine.LogType,UnityEngine.Object,string,object[])
UnityEngine.Logger:Log (UnityEngine.LogType,object)
UnityEngine.Debug:Log (object)
UnityEditor.TestTools.TestRunner.CommandLineTest.Executer:InitializeAndExecuteRun (string[]) (at ./Library/PackageCache/com.unity.test-framework@1405238725ab/UnityEditor.TestRunner/CommandLineTest/Executer.cs:53)
UnityEditor.TestTools.TestRunner.CommandLineTest.TestStarter:InitializeAndExecuteRun () (at ./Library/PackageCache/com.unity.test-framework@1405238725ab/UnityEditor.TestRunner/CommandLineTest/TestStarter.cs:64)
UnityEditor.EditorApplication:Internal_CallUpdateFunctions ()

(Filename: ./Library/PackageCache/com.unity.test-framework@1405238725ab/UnityEditor.TestRunner/CommandLineTest/Executer.cs Line: 53)

[Licensing::Client] Successfully resolved entitlement details
Worker ready: AssetImportWorkerHW0 0
[UnityConnectServicesConfig] config is NOT valid, switching to default
Created GICache directory at C:/Users/matth/AppData/LocalLow/Unity/Caches/GiCache. Took: 0.028s, timestamps: [30.479 - 30.507]
Unloading 3 Unused Serialized files (Serialized files now loaded: 0)
Unloading 2 unused Assets / (62.0 KB). Loaded Objects now: 8810.
Memory consumption went from 472.1 MB to 472.0 MB.
Total: 16.633300 ms (FindLiveObjects: 0.339400 ms CreateObjectMapping: 0.985100 ms MarkObjects: 15.264800 ms  DeleteObjects: 0.042800 ms)

Importing 'GUID: c90884848610ca54eb80b6010b7058e1 - Path: Assets/InitTestScene03904f38-9b96-40c5-a826-288c128d310a.unity' with importer (DefaultImporter)
Imported 'GUID: c90884848610ca54eb80b6010b7058e1' -> (Import Result ID: 'ce2d4464a4e3430350d05f87ef49fd58') in 0.006 seconds [static dependencies only]. Details - ImportResultOutputID=960ce7d60607859d74afee5847e72af6 DependenciesID=651a4ea98268bd8e6e6c7217af371d92 StaticDependenciesID=c38872c9c118871ac48d845c501f21e0 
Refreshing native plugins compatible for Editor in 2.49 ms, found 0 plugins.
Asset Pipeline Refresh (id=b32c7c4ef9d894345807d68f42dd5246): Total: 0.212 seconds - Initiated by StopAssetImportingV2(NoUpdateAssetOptions)
Executing IPrebuildSetup for: Unity.PerformanceTesting.Editor.TestRunBuilder.
UnityEngine.Debug:ExtractStackTraceNoAlloc (byte*,int,string)
UnityEngine.StackTraceUtility:ExtractStackTrace ()
UnityEngine.DebugLogHandler:Internal_Log (UnityEngine.LogType,UnityEngine.LogOption,string,UnityEngine.Object)
UnityEngine.DebugLogHandler:LogFormat (UnityEngine.LogType,UnityEngine.Object,string,object[])
UnityEngine.Logger:Log (UnityEngine.LogType,object)
UnityEngine.Debug:Log (object)
UnityEditor.TestTools.TestRunner.TestRun.Tasks.BuildActionTaskBase`1/<ExecuteMethods>d__8<UnityEngine.TestTools.IPrebuildSetup>:MoveNext () (at ./Library/PackageCache/com.unity.test-framework@1405238725ab/UnityEditor.TestRunner/TestRun/Tasks/BuildActionTaskBase.cs:48)
UnityEditor.TestTools.TestRunner.TestRun.Tasks.BuildActionTaskBase`1/<Execute>d__7<UnityEngine.TestTools.IPrebuildSetup>:MoveNext () (at ./Library/PackageCache/com.unity.test-framework@1405238725ab/UnityEditor.TestRunner/TestRun/Tasks/BuildActionTaskBase.cs:34)
UnityEditor.TestTools.TestRunner.TestRun.TestJobRunner:ExecuteStep () (at ./Library/PackageCache/com.unity.test-framework@1405238725ab/UnityEditor.TestRunner/TestRun/TestJobRunner.cs:194)
UnityEditor.TestTools.TestRunner.TestRun.TestJobRunner:ExecuteCallback () (at ./Library/PackageCache/com.unity.test-framework@1405238725ab/UnityEditor.TestRunner/TestRun/TestJobRunner.cs:129)
UnityEditor.EditorApplication:Internal_CallUpdateFunctions ()

(Filename: ./Library/PackageCache/com.unity.test-framework@1405238725ab/UnityEditor.TestRunner/TestRun/Tasks/BuildActionTaskBase.cs Line: 48)

Entering Playmode with Reload Domain disabled.
If you experience any issues, please disable "Enter Play Mode Options" in Editor Settings
Entering Playmode with Reload Scene disabled. If you experience any issues, please disable "Enter Play Mode Options" in Editor Settings
[Audio] loaded 64 of 64 cues.
UnityEngine.Debug:ExtractStackTraceNoAlloc (byte*,int,string)
UnityEngine.StackTraceUtility:ExtractStackTrace ()
UnityEngine.DebugLogHandler:Internal_Log (UnityEngine.LogType,UnityEngine.LogOption,string,UnityEngine.Object)
UnityEngine.DebugLogHandler:LogFormat (UnityEngine.LogType,UnityEngine.Object,string,object[])
UnityEngine.Logger:Log (UnityEngine.LogType,object)
UnityEngine.Debug:Log (object)
TumbangPreso.AudioDirector:LoadCuesFromResources () (at Assets/TumbangPreso/Runtime/AudioDirector.cs:216)
TumbangPreso.AudioDirector:Awake () (at Assets/TumbangPreso/Runtime/AudioDirector.cs:71)
UnityEngine.GameObject:Internal_AddComponentWithType (System.Type)
UnityEngine.GameObject:AddComponent (System.Type)
UnityEngine.GameObject:AddComponent<TumbangPreso.AudioDirector> ()
TumbangPreso.GameServices:Ensure () (at Assets/TumbangPreso/Runtime/GameServices.cs:180)
TumbangPreso.UI.BootSting:Play () (at Assets/TumbangPreso/Runtime/UI/BootSting.cs:58)

(Filename: Assets/TumbangPreso/Runtime/AudioDirector.cs Line: 216)

[NetIdentity] UGS sign-in is disabled in batch mode. LAN hosting and joining are unaffected.
UnityEngine.Debug:ExtractStackTraceNoAlloc (byte*,int,string)
UnityEngine.StackTraceUtility:ExtractStackTrace ()
UnityEngine.DebugLogHandler:Internal_Log (UnityEngine.LogType,UnityEngine.LogOption,string,UnityEngine.Object)
UnityEngine.DebugLogHandler:LogFormat (UnityEngine.LogType,UnityEngine.Object,string,object[])
UnityEngine.Logger:Log (UnityEngine.LogType,object)
UnityEngine.Debug:LogWarning (object)
TumbangPreso.Net.NetIdentity:Settle (TumbangPreso.Net.OnlineState,string,System.Exception) (at Assets/TumbangPreso/Runtime/Net/NetIdentity.cs:400)
TumbangPreso.Net.NetIdentity/<AttemptSignInAsync>d__34:MoveNext () (at Assets/TumbangPreso/Runtime/Net/NetIdentity.cs:280)
System.Runtime.CompilerServices.AsyncTaskMethodBuilder`1<bool>:Start<TumbangPreso.Net.NetIdentity/<AttemptSignInAsync>d__34> (TumbangPreso.Net.NetIdentity/<AttemptSignInAsync>d__34&)
TumbangPreso.Net.NetIdentity:AttemptSignInAsync ()
TumbangPreso.Net.NetIdentity:EnsureSignedInAsync (string) (at Assets/TumbangPreso/Runtime/Net/NetIdentity.cs:245)
TumbangPreso.Net.PlayerAccount/<SignInAndRefreshAsync>d__55:MoveNext () (at Assets/TumbangPreso/Runtime/Net/PlayerAccount.cs:106)
System.Runtime.CompilerServices.AsyncTaskMethodBuilder:Start<TumbangPreso.Net.PlayerAccount/<SignInAndRefreshAsync>d__55> (TumbangPreso.Net.PlayerAccount/<SignInAndRefreshAsync>d__55&)
TumbangPreso.Net.PlayerAccount:SignInAndRefreshAsync (TumbangPreso.Core.AccountProfile)
TumbangPreso.Net.PlayerAccount/<InitialiseInternalAsync>d__54:MoveNext () (at Assets/TumbangPreso/Runtime/Net/PlayerAccount.cs:85)
System.Runtime.CompilerServices.AsyncTaskMethodBuilder:Start<TumbangPreso.Net.PlayerAccount/<InitialiseInternalAsync>d__54> (TumbangPreso.Net.PlayerAccount/<InitialiseInternalAsync>d__54&)
TumbangPreso.Net.PlayerAccount:InitialiseInternalAsync ()
TumbangPreso.Net.PlayerAccount:Awake () (at Assets/TumbangPreso/Runtime/Net/PlayerAccount.cs:62)
UnityEngine.GameObject:Internal_AddComponentWithType (System.Type)
UnityEngine.GameObject:AddComponent (System.Type)
UnityEngine.GameObject:AddComponent<TumbangPreso.Net.PlayerAccount> ()
TumbangPreso.GameServices:Ensure () (at Assets/TumbangPreso/Runtime/GameServices.cs:194)
TumbangPreso.UI.BootSting:Play () (at Assets/TumbangPreso/Runtime/UI/BootSting.cs:58)

(Filename: Assets/TumbangPreso/Runtime/Net/NetIdentity.cs Line: 400)

[Build] TUMBANG PRESO 1.0.0 | aecc0ee2cf6c+unverified | protocol 129 | Editor/WindowsEditor
UnityEngine.Debug:ExtractStackTraceNoAlloc (byte*,int,string)
UnityEngine.StackTraceUtility:ExtractStackTrace ()
UnityEngine.DebugLogHandler:Internal_Log (UnityEngine.LogType,UnityEngine.LogOption,string,UnityEngine.Object)
UnityEngine.DebugLogHandler:LogFormat (UnityEngine.LogType,UnityEngine.Object,string,object[])
UnityEngine.Logger:Log (UnityEngine.LogType,object)
UnityEngine.Debug:Log (object)
TumbangPreso.BuildIdentity:AnnounceOnLaunch () (at Assets/TumbangPreso/Runtime/BuildIdentity.cs:245)

(Filename: Assets/TumbangPreso/Runtime/BuildIdentity.cs Line: 245)

Saving results to: C:/Users/matth/AppData/LocalLow/BH Studios/Tumbang Preso\TestResults.xml
Saving results to: C:\Users\matth\Documents\Codex\work\tump-feedback-0930\Logs\settings-decision-focus1002\baseline\tests.xml
Saving results to: C:\Users\matth\Documents\Codex\work\tump-feedback-0930\Logs\live-tests-20261002-073021-6734.xml
[LiveTests] Native NUnit result saved: C:\Users\matth\Documents\Codex\work\tump-feedback-0930\Logs\live-tests-20261002-073021-6734.xml
UnityEngine.Debug:ExtractStackTraceNoAlloc (byte*,int,string)
UnityEngine.StackTraceUtility:ExtractStackTrace ()
UnityEngine.DebugLogHandler:Internal_Log (UnityEngine.LogType,UnityEngine.LogOption,string,UnityEngine.Object)
UnityEngine.DebugLogHandler:LogFormat (UnityEngine.LogType,UnityEngine.Object,string,object[])
UnityEngine.Logger:Log (UnityEngine.LogType,object)
UnityEngine.Debug:Log (object)
TumbangPreso.EditorTools.LiveTestResultRecorder/Recorder:RunFinished (UnityEditor.TestTools.TestRunner.Api.ITestResultAdaptor) (at Assets/TumbangPreso/Editor/LiveTestResultRecorder.cs:45)
UnityEditor.TestTools.TestRunner.Api.CallbacksDelegator/<>c__DisplayClass9_0:<RunFinished>b__0 (UnityEditor.TestTools.TestRunner.Api.ICallbacks) (at ./Library/PackageCache/com.unity.test-framework@1405238725ab/UnityEditor.TestRunner/Api/CallbacksDelegator.cs:55)
UnityEditor.TestTools.TestRunner.Api.CallbacksDelegator:TryInvokeAllCallbacks (System.Action`1<UnityEditor.TestTools.TestRunner.Api.ICallbacks>) (at ./Library/PackageCache/com.unity.test-framework@1405238725ab/UnityEditor.TestRunner/Api/CallbacksDelegator.cs:135)
UnityEditor.TestTools.TestRunner.Api.CallbacksDelegator:RunFinished (NUnit.Framework.Interfaces.ITestResult) (at ./Library/PackageCache/com.unity.test-framework@1405238725ab/UnityEditor.TestRunner/Api/CallbacksDelegator.cs:55)
UnityEngine.Events.InvokableCall`1<NUnit.Framework.Interfaces.ITestResult>:Invoke (NUnit.Framework.Interfaces.ITestResult)
UnityEngine.Events.UnityEvent`1<NUnit.Framework.Interfaces.ITestResult>:Invoke (NUnit.Framework.Interfaces.ITestResult)
UnityEngine.Events.InvokableCall`1<NUnit.Framework.Interfaces.ITestResult>:Invoke (NUnit.Framework.Interfaces.ITestResult)
UnityEngine.Events.UnityEvent`1<NUnit.Framework.Interfaces.ITestResult>:Invoke (NUnit.Framework.Interfaces.ITestResult)
UnityEngine.TestTools.TestRunner.PlaymodeTestsController/<TestRunnerCoroutine>d__24:MoveNext () (at ./Library/PackageCache/com.unity.test-framework@1405238725ab/UnityEngine.TestRunner/TestRunner/PlaymodeTestsController.cs:110)
UnityEngine.SetupCoroutine:InvokeMoveNext (System.Collections.IEnumerator,intptr)
UnityEngine.MonoBehaviour:StartCoroutineManaged2 (System.Collections.IEnumerator)
UnityEngine.MonoBehaviour:StartCoroutine (System.Collections.IEnumerator)
UnityEngine.TestTools.TestRunner.PlaymodeTestsController/<Start>d__21:MoveNext () (at ./Library/PackageCache/com.unity.test-framework@1405238725ab/UnityEngine.TestRunner/TestRunner/PlaymodeTestsController.cs:75)
UnityEngine.SetupCoroutine:InvokeMoveNext (System.Collections.IEnumerator,intptr)

(Filename: Assets/TumbangPreso/Editor/LiveTestResultRecorder.cs Line: 45)

Unloading 95 Unused Serialized files (Serialized files now loaded: 0)
Loaded scene 'Temp/__Backupscenes/0.backup'
	Deserialize:            1.783 ms
	Integration:            285.132 ms
	Integration of assets:  0.002 ms
	Thread Wait Time:       0.015 ms
	Total Operation Time:   286.931 ms
Unloading 170 unused Assets / (126.1 KB). Loaded Objects now: 8917.
Memory consumption went from 511.8 MB to 511.6 MB.
Total: 15.924700 ms (FindLiveObjects: 0.609500 ms CreateObjectMapping: 1.021600 ms MarkObjects: 12.713200 ms  DeleteObjects: 1.578400 ms)

Executing IPostBuildCleanup for: Unity.PerformanceTesting.Editor.TestRunBuilder.
UnityEngine.Debug:ExtractStackTraceNoAlloc (byte*,int,string)
UnityEngine.StackTraceUtility:ExtractStackTrace ()
UnityEngine.DebugLogHandler:Internal_Log (UnityEngine.LogType,UnityEngine.LogOption,string,UnityEngine.Object)
UnityEngine.DebugLogHandler:LogFormat (UnityEngine.LogType,UnityEngine.Object,string,object[])
UnityEngine.Logger:Log (UnityEngine.LogType,object)
UnityEngine.Debug:Log (object)
UnityEditor.TestTools.TestRunner.TestRun.Tasks.BuildActionTaskBase`1/<ExecuteMethods>d__8<UnityEngine.TestTools.IPostBuildCleanup>:MoveNext () (at ./Library/PackageCache/com.unity.test-framework@1405238725ab/UnityEditor.TestRunner/TestRun/Tasks/BuildActionTaskBase.cs:48)
UnityEditor.TestTools.TestRunner.TestRun.Tasks.BuildActionTaskBase`1/<Execute>d__7<UnityEngine.TestTools.IPostBuildCleanup>:MoveNext () (at ./Library/PackageCache/com.unity.test-framework@1405238725ab/UnityEditor.TestRunner/TestRun/Tasks/BuildActionTaskBase.cs:34)
UnityEditor.TestTools.TestRunner.TestRun.TestJobRunner:ExecuteStep () (at ./Library/PackageCache/com.unity.test-framework@1405238725ab/UnityEditor.TestRunner/TestRun/TestJobRunner.cs:194)
UnityEditor.TestTools.TestRunner.TestRun.TestJobRunner:ExecuteCallback () (at ./Library/PackageCache/com.unity.test-framework@1405238725ab/UnityEditor.TestRunner/TestRun/TestJobRunner.cs:129)
UnityEditor.EditorApplication:Internal_CallUpdateFunctions ()

(Filename: ./Library/PackageCache/com.unity.test-framework@1405238725ab/UnityEditor.TestRunner/TestRun/Tasks/BuildActionTaskBase.cs Line: 48)

Unloading 2 Unused Serialized files (Serialized files now loaded: 0)
Unloading 1 unused Assets / (5.5 KB). Loaded Objects now: 8889.
Memory consumption went from 501.5 MB to 501.5 MB.
Total: 15.980000 ms (FindLiveObjects: 0.390000 ms CreateObjectMapping: 1.151600 ms MarkObjects: 14.398400 ms  DeleteObjects: 0.038200 ms)

Refreshing native plugins compatible for Editor in 2.24 ms, found 0 plugins.
Asset Pipeline Refresh (id=a84a86fc88b6f754ab1eb4f31860b79e): Total: 0.201 seconds - Initiated by StopAssetImportingV2(NoUpdateAssetOptions)
DisplayProgressbar: Undo
Test run completed. Exiting with code 0 (Ok). No tests were executed.
UnityEngine.Debug:ExtractStackTraceNoAlloc (byte*,int,string)
UnityEngine.StackTraceUtility:ExtractStackTrace ()
UnityEngine.DebugLogHandler:Internal_Log (UnityEngine.LogType,UnityEngine.LogOption,string,UnityEngine.Object)
UnityEngine.DebugLogHandler:LogFormat (UnityEngine.LogType,UnityEngine.Object,string,object[])
UnityEngine.Logger:Log (UnityEngine.LogType,object)
UnityEngine.Debug:Log (object)
UnityEditor.TestTools.TestRunner.CommandLineTest.Executer:ExitApplication (UnityEditor.TestTools.TestRunner.CommandLineTest.Executer/ReturnCodes,string) (at ./Library/PackageCache/com.unity.test-framework@1405238725ab/UnityEditor.TestRunner/CommandLineTest/Executer.cs:81)
UnityEditor.TestTools.TestRunner.CommandLineTest.Executer:ExitIfRunIsCompleted () (at ./Library/PackageCache/com.unity.test-framework@1405238725ab/UnityEditor.TestRunner/CommandLineTest/Executer.cs:74)
UnityEditor.EditorApplication:Internal_CallUpdateFunctions ()

(Filename: ./Library/PackageCache/com.unity.test-framework@1405238725ab/UnityEditor.TestRunner/CommandLineTest/Executer.cs Line: 81)

MonoPathRemapper: Attempts to remap: 32586; Successful remaps: 824
Serialized file version minimum: 22, current 23
Pipeline Server stopped
[Physics::Module] Cleanup current backend.
[Physics::Module] Id: 0xf2b8ea05
Input System module state changed to: ShutdownInProgress.
Input Polling Thread exited.
Input System module state changed to: Shutdown.
[Licensing::IpcConnector] LicenseClient-matth-notifications channel disconnected successfully.
[Licensing::IpcConnector] LicenseClient-matth channel disconnected successfully.
Lingering sessions upon destruction of worker manager
AcceleratorClientConnectionCallback - disconnected - :0
Cleanup mono
CodeReloadManager destroyed
Checking for leaked weakptr:
  Found no leaked weakptrs.
[Package Manager] Server process was shutdown
##utp:{"type":"MemoryLeaks","version":2,"phase":"Immediate","time":1790926224271,"processId":6456,"allocatedMemory":29575937,"memoryLabels":[{"Default":248521},{"Permanent":15516},{"NewDelete":66795},{"Thread":4197560},{"Manager":33733},{"VertexData":8},{"Geometry":816},{"Texture":24},{"Shader":853396},{"Material":24},{"GfxDevice":55328},{"Animation":952},{"FreeType":8},{"FontEngine":736},{"Physics":2146},{"Physics2D":16},{"Serialization":824},{"Input":42840},{"JobScheduler":256},{"TextLib":280},{"Mono":310},{"MonoCode":64},{"ScriptingNativeRuntime":1644692},{"BaseObject":1629720},{"Resource":1208},{"Renderer":3080},{"Transform":4685},{"File":12904},{"WebCam":616},{"Culling":32},{"Terrain":11442},{"Wind":24},{"STL":40},{"String":13872},{"StaticString":3808},{"Utility":2673238},{"Curl":2478},{"PoolAlloc":2408},{"AI":80},{"TypeTree":20749},{"CodeReload":448},{"RuntimeInitializeOnLoadManager":64},{"Sprites":102},{"SpriteAtlas":120},{"GI":7816},{"Director":8296},{"CloudService":288},{"WebRequest":552},{"VR":47114},{"SceneManager":608},{"Video":208},{"LazyScriptCache":32},{"Camera":17},{"Secure":2377},{"SerializationCache":1576},{"APIUpdating":10320},{"Subsystems":336},{"VirtualTexturing":57888},{"StaticSafetyDebugInfo":278528},{"Analytics":424},{"Hierarchy":1176},{"UIElements":72},{"CoreStats":13688},{"Identifiers":6768},{"Gui":128},{"EditorUtility":131555},{"VersionControl":8},{"Undo":931},{"AssetDatabase":17409194},{"AssetImporter":40},{"EditorGi":328},{"UnityConnect":38929},{"Upm":1912},{"UpmDiagnostics":8},{"AssetCompliance":64},{"DrivenProperties":72},{"LocalIPC":211},{"ProfilerEditor":9746},{"CoreBusinessMetrics":3204},{"Windowing":456},{"Licensing":1232},{"AssetReference":32},{"IPCStream":32}]}
