utc,host,slot,round,roundActive,buffer,inProgress,left,breakActive,began,remaining,held,blocked,simulationTime,frameCount,frameWidth,frameHeight,x,y,z
63926390814.0107,1,0,0,0,0,0,90,0,0,0,0,0,0,0,0,0,0,0,0
63926390814.4308,1,0,0,0,0,0,90,0,0,0,0,0,0.01999999,0,0,0,0,0,0
63926390814.6384,1,0,0,0,0,0,90,0,0,0,0,0,0.2395784,0,0,0,0,0,0
63926390814.9544,1,0,0,0,0,0,90,0,0,0,0,0,0.56437,0,0,0,0,0,0
63926390815.2762,1,0,0,0,0,0,90,0,0,0,0,0,0.7925867,0,0,0,0,0,0
63926390815.4849,1,0,0,0,0,0,90,0,0,0,0,0,0.9857525,0,0,0,0,0,0
63926390815.6985,1,0,0,0,0,0,90,0,0,0,0,0,1.214193,0,0,0,0,0,0
63926390815.8675,1,0,0,0,0,0,90,0,0,0,0,0,1.474267,0,0,0,0,0,0
63926390817.5522,1,0,0,0,0,0,30,0,0,0,0,0,1.606989,0,0,0,0,0.1799999,-2.5
63926390818.3644,1,0,0,0,0,0,30,0,0,0,0,0,1.606989,0,0,0,0,0.1799999,-2.5
63926390826.322,1,0,0,0,0,0,30,0,0,0,1,1,1.606989,0,0,0,0,0.1799999,-2.5
63926390826.7422,1,0,0,0,0,0,30,0,0,0,1,1,1.606989,0,0,0,0,0.1799999,-2.5
63926390827.0662,1,0,0,0,0,0,30,0,0,0,1,1,1.606989,0,0,0,0,0.1799999,-2.5
63926390827.8446,1,0,0,0,0,0,30,0,0,0,1,1,1.606989,0,0,0,0,0.1799999,-2.5
63926390828.3523,1,0,0,0,0,0,30,0,0,0,1,1,1.606989,0,0,0,0,0.1799999,-2.5
63926390828.7346,1,0,0,0,0,0,30,0,0,0,1,1,1.606989,0,0,0,0,0.1799999,-2.5
63926390829.1413,1,0,0,0,0,0,30,0,0,0,1,1,1.606989,0,0,0,0,0.1799999,-2.5
63926390829.5678,1,0,0,0,0,0,30,0,0,0,1,1,1.606989,0,0,0,0,0.1799999,-2.5
63926390829.9713,1,0,0,0,0,0,30,0,0,0,1,1,1.606989,0,0,0,0,0.1799999,-2.5
63926390830.3452,1,0,0,0,0,0,30,0,0,0,1,1,1.606989,0,0,0,0,0.1799999,-2.5
63926390830.7711,1,0,0,0,0,0,30,0,0,0,1,1,1.606989,0,0,0,0,0.1799999,-2.5
63926390831.174,1,0,0,0,0,0,30,0,0,0,1,1,1.606989,0,0,0,0,0.1799999,-2.5
63926390831.5515,1,0,0,0,0,0,30,0,0,0,1,1,1.606989,0,0,0,0,0.1799999,-2.5
63926390831.9869,1,0,0,0,0,0,30,0,0,0,1,1,1.606989,0,0,0,0,0.1799999,-2.5
63926390832.3713,1,0,0,0,0,0,30,0,0,0,1,1,1.606989,0,0,0,0,0.1799999,-2.5
63926390832.8231,1,0,0,0,0,0,30,0,0,0,1,1,1.606989,0,0,0,0,0.1799999,-2.5
63926390833.1871,1,0,0,0,0,0,30,0,0,0,1,1,1.606989,0,0,0,0,0.1799999,-2.5
63926390833.5875,1,0,0,0,0,0,30,0,0,0,1,1,1.606989,0,0,0,0,0.1799999,-2.5
63926390833.9621,1,0,0,0,0,0,30,0,0,0,1,1,1.606989,0,0,0,0,0.1799999,-2.5
63926390834.4137,1,0,0,0,0,0,30,0,0,0,1,1,1.606989,0,0,0,0,0.1799999,-2.5
63926390834.885,1,0,0,0,0,0,30,0,0,0,1,1,1.606989,0,0,0,0,0.1799999,-2.5
63926390835.318,1,0,0,0,0,0,30,0,0,0,1,1,1.606989,0,0,0,0,0.1799999,-2.5
63926390835.7592,1,0,0,0,0,0,30,0,0,0,1,1,1.606989,0,0,0,0,0.1799999,-2.5
63926390836.0677,1,0,0,0,0,0,30,0,0,0,1,1,1.606989,0,0,0,0,0.1799999,-2.5
63926390836.3829,1,0,0,0,0,0,30,0,0,0,1,1,1.606989,0,0,0,0,0.1799999,-2.5
63926390836.6858,1,0,0,0,0,0,30,0,0,0,1,1,1.606989,0,0,0,0,0.1799999,-2.5
63926390836.9761,1,0,0,0,0,0,30,0,0,0,1,1,1.606989,0,0,0,0,0.1799999,-2.5
63926390837.2137,1,0,0,0,0,0,30,0,0,0,1,1,1.606989,0,0,0,0,0.1799999,-2.5
63926390837.4672,1,0,0,0,0,0,30,0,0,0,1,1,1.606989,0,0,0,0,0.1799999,-2.5
63926390837.7269,1,0,0,0,0,0,30,0,0,0,1,1,1.606989,0,0,0,0,0.1799999,-2.5
63926390837.973,1,0,0,0,0,0,30,0,0,0,1,1,1.606989,0,0,0,0,0.1799999,-2.5
63926390838.2149,1,0,0,0,0,0,30,0,0,0,1,1,1.606989,0,0,0,0,0.1799999,-2.5
63926390838.4802,1,0,0,0,0,0,30,0,0,0,1,1,1.606989,0,0,0,0,0.1799999,-2.5
63926390838.74,1,0,0,0,0,0,30,0,0,0,1,1,1.606989,0,0,0,0,0.1799999,-2.5
63926390839.0056,1,0,0,0,0,0,30,0,0,0,1,1,1.606989,0,0,0,0,0.1799999,-2.5
63926390839.2556,1,0,0,0,0,0,30,0,0,0,1,1,1.606989,0,0,0,0,0.1799999,-2.5
63926390839.4617,1,0,0,0,0,0,30,0,0,0,1,1,1.606989,0,0,0,0,0.1799999,-2.5
63926390839.6856,1,0,0,0,0,0,30,0,0,0,1,1,1.606989,0,0,0,0,0.1799999,-2.5
63926390839.9143,1,0,0,0,0,0,30,0,0,0,1,1,1.606989,0,0,0,0,0.1799999,-2.5
63926390840.1205,1,0,0,0,0,0,30,0,0,0,1,1,1.606989,0,0,0,0,0.1799999,-2.5
63926390840.3336,1,0,0,0,0,0,30,0,0,0,1,1,1.606989,0,0,0,0,0.1799999,-2.5
63926390840.5872,1,0,0,0,0,0,30,0,0,0,1,1,1.606989,0,0,0,0,0.1799999,-2.5
63926390840.8348,1,0,0,0,0,0,30,0,0,0,1,1,1.606989,0,0,0,0,0.1799999,-2.5
63926390841.0891,1,0,0,0,0,0,30,0,0,0,1,1,1.606989,0,0,0,0,0.1799999,-2.5
63926390841.3153,1,0,0,0,0,0,30,0,0,0,1,1,1.606989,0,0,0,0,0.1799999,-2.5
63926390841.617,1,0,0,0,0,0,30,0,0,0,1,1,1.606989,0,0,0,0,0.1799999,-2.5
63926390841.9183,1,0,0,0,0,0,30,0,0,0,1,1,1.606989,0,0,0,0,0.1799999,-2.5
63926390842.2332,1,0,0,0,0,0,30,0,0,0,1,1,1.606989,0,0,0,0,0.1799999,-2.5
63926390842.5298,1,0,0,0,0,0,30,0,0,0,1,1,1.606989,0,0,0,0,0.1799999,-2.5
63926390842.7636,1,0,0,0,0,0,30,0,0,0,1,1,1.606989,0,0,0,0,0.1799999,-2.5
63926390843.0096,1,0,0,0,0,0,30,0,0,0,1,1,1.606989,0,0,0,0,0.1799999,-2.5
63926390843.2499,1,0,0,0,0,0,30,0,0,0,1,1,1.606989,0,0,0,0,0.1799999,-2.5
63926390843.4882,1,0,0,0,0,0,30,0,0,0,1,1,1.606989,0,0,0,0,0.1799999,-2.5
63926390843.7567,1,0,0,0,0,0,30,0,0,0,1,1,1.606989,0,0,0,0,0.1799999,-2.5
63926390844.0268,1,0,0,0,0,0,30,0,0,0,1,1,1.606989,0,0,0,0,0.1799999,-2.5
63926390844.2988,1,0,0,0,0,0,30,0,0,0,1,1,1.606989,0,0,0,0,0.1799999,-2.5
63926390844.5711,1,0,0,0,0,0,30,0,0,0,1,1,1.606989,0,0,0,0,0.1799999,-2.5
63926390844.8763,1,0,0,0,0,0,30,0,0,0,0,0,1.905139,0,0,0,0,0.1799999,-2.5
63926390845.2519,1,0,0,0,0,0,30,0,0,0,0,0,2.238472,0,0,0,0,0.18,-0.9617605
63926390845.588,1,0,0,0,0,0,30,0,0,0,0,0,2.571406,0,0,0,0,0.18,0.6726189
63926390845.8912,1,0,0,0,0,0,30,0,0,0,0,0,2.876012,0,0,0,0,0.18,2.114718
63926390846.1966,1,0,0,0,0,0,30,0,0,0,0,0,3.179346,0,0,0,0,0.18,3.556818
63926390846.5155,1,0,0,0,0,0,30,0,0,0,0,0,3.499339,0,0,0,-1.538239,0.18,3.556818
63926390846.8102,1,0,0,0,0,0,30,0,0,0,0,0,3.797046,0,0,0,-1.538239,0.1799999,3.556818
63926390847.0974,1,0,0,0,0,0,30,0,0,0,0,0,4.082157,0,0,0,-0.09613997,0.18,3.556818
63926390847.391,1,0,0,0,0,0,30,0,0,0,0,0,4.377284,0,0,0,0.8555971,0.18,2.605081
63926390847.6897,1,0,0,0,0,0,30,0,0,0,0,0,4.6747,0,0,0,0.8555971,0.18,2.605081
63926390847.9753,1,0,0,0,0,0,30,0,0,0,0,0,4.961637,0,0,0,-0.1641212,0.18,3.624799
63926390848.2678,1,0,0,0,0,0,30,0,0,0,0,0,5.25229,0,0,0,-0.2104626,0.18,6.577898
63926390848.5926,1,0,0,0,0,0,30,0,0,0,0,0,5.573828,0,0,0,-0.2104626,0.18,6.577898
63926390848.9099,1,0,0,0,0,0,30,0,0,0,0,0,5.894988,0,0,0,-0.2104626,0.1800001,5.039659
63926390849.2091,1,0,0,0,0,0,30,0,0,0,0,0,6.195973,0,0,0,-0.2104626,0.1799999,5.039659
63926390849.5019,1,0,1,1,0,1,29.71999,0,0,0,0,0,6.479776,0,0,0,0,0.18,-1.44246
63926390849.785,1,0,1,1,0,1,29.41999,0,0,0,0,0,6.769288,1,1364,1024,0,0.18,-0.0003608465
63926390850.144,1,0,1,1,0,1,29.07998,0,0,0,0,0,7.102622,2,1364,1024,0,0.18,1.634019
63926390850.4268,1,0,1,1,0,1,28.79997,0,0,0,0,0,7.384357,3,1364,1024,0,0.18,2.979978
63926390850.7007,1,0,1,1,0,1,28.51997,0,0,0,0,0,7.66168,4,1364,1024,1.34596,0.1799999,2.979978
63926390850.9958,1,0,1,1,0,1,28.23996,0,0,0,0,0,7.952527,5,1364,1024,1.34596,0.1799999,2.979978
63926390851.2842,1,0,1,1,0,1,27.95995,0,0,0,0,0,8.231011,6,1364,1024,-0.03367066,0.18,2.786231
63926390851.5941,1,0,1,1,0,1,27.63995,0,0,0,0,0,8.553892,7,1364,1024,-0.03367066,0.1799999,2.786231
63926390852.0935,1,0,1,1,0,1,27.29994,0,0,0,0,0,8.887225,8,1364,1024,-0.04363386,0.18,4.264339
63926390852.3496,1,0,1,1,0,1,27.03993,0,0,0,0,0,9.145862,9,1364,1024,1.830513,0.1799999,4.255211
63926390852.6353,1,0,1,1,0,1,26.75993,0,0,0,0,0,9.430932,10,1364,1024,3.849452,0.1799999,4.255211
63926390852.9081,1,0,1,1,0,1,26.47992,0,0,0,0,0,9.704084,11,1364,1024,3.849452,0.1799999,4.255211
63926390853.1756,1,0,1,1,0,1,26.21991,0,0,0,0,0,9.972553,12,1364,1024,2.599633,0.1799999,4.255211
63926390853.4524,1,0,1,1,0,1,25.93991,0,0,0,0,0,10.24924,13,1364,1024,1.647896,0.1799999,3.303473
63926390853.708,1,0,1,1,0,1,25.6799,0,0,0,0,0,10.50418,14,1364,1024,0.3980762,0.18,3.303473
63926390853.9945,1,0,1,1,0,1,25.39989,0,0,0,0,0,10.79179,15,1364,1024,-0.5536609,0.18,2.351737
63926390854.3369,1,0,1,1,0,1,25.05989,0,0,0,0,0,11.12512,16,1364,1024,-2.18804,0.18,2.351737
63926390854.6003,1,0,1,1,0,1,24.79988,0,0,0,0,0,11.38968,17,1364,1024,-2.18804,0.1799999,2.351737
63926390855.0909,1,0,1,1,0,1,24.45987,0,0,0,0,0,11.72301,18,1364,1024,-1.03236,0.18,3.507417
63926390855.3633,1,0,1,1,0,1,24.19987,0,0,0,0,0,11.99669,19,1364,1024,0.2932742,0.18,4.833051
63926390855.6557,1,0,1,1,0,1,23.89986,0,0,0,0,0,12.28901,20,1364,1024,1.822852,0.18,6.362628
63926390855.9471,1,0,1,1,0,1,23.61985,0,0,0,0,0,12.57942,21,1364,1024,2.206626,0.18,6.746403
63926390856.2108,1,0,1,1,0,1,23.33985,0,0,0,0,0,12.84406,22,1364,1024,2.206626,0.18,6.746403
63926390856.5021,1,0,1,1,0,1,23.05984,0,0,0,0,0,13.13423,23,1364,1024,1.254889,0.18,5.794666
63926390856.7989,1,0,1,1,0,1,22.75983,0,0,0,0,0,13.43219,24,1364,1024,-0.2746881,0.18,4.265089
63926390857.1271,1,0,1,1,0,1,22.43983,0,0,0,0,0,13.75884,25,1364,1024,-1.906237,0.18,2.633539
63926390857.4149,1,0,1,1,0,1,22.13982,0,0,0,0,0,14.04661,26,1364,1024,-3.435815,0.18,1.103962
63926390857.6905,1,0,1,1,0,1,21.85981,0,0,0,0,0,14.32311,27,1364,1024,-3.435815,0.1799999,1.103962
63926390857.9578,1,0,1,1,0,1,21.59981,0,0,0,0,0,14.59053,28,1364,1024,-2.185995,0.18,1.103962
63926390858.2417,1,0,1,1,0,1,21.3198,0,0,0,0,0,14.86495,29,1364,1024,-0.8400356,0.18,1.103962
63926390858.52,1,0,1,1,0,1,21.03979,0,0,0,0,0,15.15214,30,1364,1024,-0.5030556,0.1799999,1.103962
63926390858.8287,1,0,1,1,0,1,20.71979,0,0,0,0,0,15.46059,31,1364,1024,-0.5030556,0.1799999,1.103962
63926390859.114,1,0,1,1,0,1,20.43978,0,0,0,0,0,15.7477,32,1364,1024,-0.5030556,0.1799999,1.103962
63926390859.3926,1,0,1,1,0,1,20.15977,0,0,0,0,0,16.0257,33,1364,1024,-0.5030556,0.1799999,1.103962
63926390859.6737,1,0,1,1,0,1,19.87977,0,0,0,0,0,16.30727,34,1364,1024,-0.5030556,0.1799999,1.103962
63926390859.9509,1,0,1,1,0,1,19.59976,0,0,0,0,0,16.58431,35,1364,1024,-0.5030556,0.1799999,1.103962
63926390860.2099,1,0,1,1,0,1,19.33976,0,0,0,0,0,16.84382,36,1364,1024,-0.5030556,0.1799999,1.103962
63926390860.5383,1,0,1,1,0,1,19.01975,0,0,0,0,0,17.16993,37,1364,1024,0.5846439,0.18,2.191662
63926390860.8272,1,0,1,1,0,1,18.71974,0,0,0,0,0,17.46056,38,1364,1024,2.026743,0.18,2.191662
63926390861.1261,1,0,1,1,0,1,18.43974,0,0,0,0,0,17.75868,39,1364,1024,2.978481,0.1799999,1.239925
63926390861.4125,1,0,1,1,0,1,18.13973,0,0,0,0,0,18.04438,40,1364,1024,2.978481,0.18,-0.202175
63926390861.7052,1,0,1,1,0,1,18.13973,0,0,0,0,0,18.05929,41,1364,1024,2.978481,0.18,-0.202175
63926390862.0584,1,0,1,1,0,1,17.79972,0,0,0,0,0,18.39262,42,1364,1024,1.8228,0.1799999,-1.357856
63926390862.3451,1,0,1,1,0,1,17.49971,0,0,0,0,0,18.68144,43,1364,1024,1.8228,0.1799999,-1.357856
63926390862.6361,1,0,1,1,0,1,17.21971,0,0,0,0,0,18.97168,44,1364,1024,1.8228,0.1799999,-0.01189619
63926390862.9246,1,0,1,1,0,1,16.9397,0,0,0,0,0,19.25992,45,1364,1024,1.8228,0.1799999,1.334063
63926390863.1963,1,0,1,1,0,1,16.65969,0,0,0,0,0,19.53201,46,1364,1024,1.8228,0.1799999,2.680023
63926390863.5188,1,0,1,1,0,1,16.33969,0,0,0,0,0,19.85156,47,1364,1024,1.8228,0.1799999,2.680023
63926390863.7807,1,0,1,1,0,1,16.07968,0,0,0,0,0,20.11494,48,1364,1024,1.8228,0.1799999,2.680023
63926390864.0553,1,0,1,1,0,1,15.79967,0,0,0,0,0,20.3917,49,1364,1024,0.8710626,0.18,1.728286
63926390864.3391,1,0,1,1,0,1,15.51967,0,0,0,0,0,20.67479,50,1364,1024,-0.5565429,0.18,0.3006802
63926390864.6146,1,0,1,1,0,1,15.23966,0,0,0,0,0,20.95013,51,1364,1024,-0.5565429,0.18,0.3006802
63926390864.897,1,0,1,1,0,1,14.95966,0,0,0,0,0,21.23281,52,1364,1024,-0.5565429,0.18,0.3006802
63926390865.1844,1,0,1,1,0,1,14.67965,0,0,0,0,0,21.51926,53,1364,1024,-0.5565429,0.18,0.3006802
63926390865.4549,1,0,1,1,0,1,14.39964,0,0,0,0,0,21.78951,54,1364,1024,-0.5565429,0.18,0.3006802
63926390865.8108,1,0,1,1,0,1,14.05964,0,0,0,0,0,22.12284,55,1364,1024,-0.5565429,0.18,0.3006802
63926390866.1098,1,0,1,1,0,1,13.75963,0,0,0,0,0,22.42159,56,1364,1024,-0.5565429,0.18,0.3006802
63926390866.4313,1,0,1,1,0,1,13.43962,0,0,0,0,0,22.74314,57,1364,1024,0.5311566,0.18,1.38838
63926390866.7258,1,0,1,1,0,1,13.15961,0,0,0,0,0,23.03901,58,1364,1024,1.958762,0.18,2.815985
63926390867.0391,1,0,1,1,0,1,12.83961,0,0,0,0,0,23.3516,59,1364,1024,3.590311,0.18,4.447535
63926390867.3318,1,0,1,1,0,1,12.5396,0,0,0,0,0,23.64485,60,1364,1024,5.80731,0.18,6.664533
63926390867.6237,1,0,1,1,0,1,12.5396,0,0,0,0,0,23.65964,61,1364,1024,5.80731,0.18,6.664533
63926390867.915,1,0,1,1,0,1,12.23959,0,0,0,0,0,23.94576,62,1364,1024,5.80731,0.1799999,6.664533
63926390868.2339,1,0,1,1,0,1,11.91959,0,0,0,0,0,24.26555,63,1364,1024,4.71961,0.18,5.576833
63926390868.5809,1,0,1,1,0,1,11.59958,0,0,0,0,0,24.59889,64,1364,1024,3.088061,0.18,3.945284
63926390868.8629,1,0,1,1,0,1,11.29957,0,0,0,0,0,24.88104,65,1364,1024,1.645962,0.1799999,3.945284
63926390869.1628,1,0,1,1,0,1,10.99957,0,0,0,0,0,25.18119,66,1364,1024,0.6262432,0.18,2.925566
63926390869.454,1,0,1,1,0,1,10.71956,0,0,0,0,0,25.47287,67,1364,1024,-0.7197164,0.18,2.925566
63926390869.731,1,0,1,1,0,1,10.43955,0,0,0,0,0,25.74972,68,1364,1024,-0.7197164,0.1799999,2.925566
63926390870.0135,1,0,1,1,0,1,10.15955,0,0,0,0,0,26.03182,69,1364,1024,0.2320207,0.18,3.877303
63926390870.283,1,0,1,1,0,1,9.879539,0,0,0,0,0,26.30112,70,1364,1024,0.2349651,0.18,3.814597
63926390870.5552,1,0,1,1,0,1,9.619534,0,0,0,0,0,26.57417,71,1364,1024,0.2412442,0.1799999,3.680868
63926390870.8785,1,0,1,1,0,1,9.299526,0,0,0,0,0,26.89571,72,1364,1024,0.2412442,0.1799999,3.680868
63926390871.1778,1,0,1,1,0,1,8.999519,0,0,0,0,0,27.19517,73,1364,1024,-1.200855,0.18,3.680868
63926390871.4576,1,0,1,1,0,1,8.719513,0,0,0,0,0,27.47685,74,1364,1024,-2.152592,0.1800001,4.632605
63926390871.7223,1,0,1,1,0,1,8.439507,0,0,0,0,0,27.74152,75,1364,1024,-3.498552,0.18,4.632605
63926390871.9938,1,0,1,1,0,1,8.179501,0,0,0,0,0,28.01349,76,1364,1024,-3.498552,0.1799999,4.632605
63926390872.2793,1,0,1,1,0,1,7.899497,0,0,0,0,0,28.29835,77,1364,1024,-3.498552,0.1799999,4.632605
63926390872.5519,1,0,1,1,0,1,7.619497,0,0,0,0,0,28.57169,78,1364,1024,-3.498552,0.1799999,4.632605
63926390872.8213,1,0,1,1,0,1,7.339498,0,0,0,0,0,28.84047,79,1364,1024,-3.498552,0.1799999,4.632605
63926390873.0908,1,0,1,1,0,1,7.079498,0,0,0,0,0,29.11054,80,1364,1024,-3.498552,0.1799999,4.632605
63926390873.3922,1,0,1,1,0,1,6.779498,0,0,0,0,0,29.41044,81,1364,1024,-3.498552,0.1799999,4.632605
63926390873.6704,1,0,1,1,0,1,6.499498,0,0,0,0,0,29.68862,82,1364,1024,-2.546815,0.18,5.584342
63926390873.9533,1,0,1,1,0,1,6.219499,0,0,0,0,0,29.96886,83,1364,1024,-2.546815,0.18,5.584342
63926390874.2298,1,0,1,1,0,1,5.939499,0,0,0,0,0,30.24855,84,1364,1024,-3.498552,0.18,4.632605
63926390874.4986,1,0,1,1,0,1,5.679499,0,0,0,0,0,30.51687,85,1364,1024,-3.498552,0.18,2.757875
63926390874.7567,1,0,1,1,0,1,5.419499,0,0,0,0,0,30.77484,86,1364,1024,-4.824186,0.18,1.432242
63926390875.0364,1,0,1,1,0,1,5.1395,0,0,0,0,0,31.05515,87,1364,1024,-4.824186,0.1799999,1.432242
63926390875.3078,1,0,1,1,0,1,4.8595,0,0,0,0,0,31.32519,88,1364,1024,-3.872449,0.18,2.383979
63926390875.5827,1,0,1,1,0,1,4.5795,0,0,0,0,0,31.60146,89,1364,1024,-2.920712,0.18,3.335716
63926390875.8406,1,0,1,1,0,1,4.3395,0,0,0,0,0,31.85904,90,1364,1024,-2.920712,0.18,4.489396
63926390876.1325,1,0,1,1,0,1,4.039501,0,0,0,0,0,32.15152,91,1364,1024,-2.920712,0.1799999,4.489396
63926390876.4158,1,0,1,1,0,1,3.759501,0,0,0,0,0,32.43521,92,1364,1024,-2.920712,0.1799999,4.489396
63926390876.6827,1,0,1,1,0,1,3.479501,0,0,0,0,0,32.70212,93,1364,1024,-1.933,0.18,5.320425
63926390876.9536,1,0,1,1,0,1,3.219501,0,0,0,0,0,32.97182,94,1364,1024,-1.933,0.18,5.320425
63926390877.2197,1,0,1,1,0,1,2.959502,0,0,0,0,0,33.23901,95,1364,1024,-1.933,0.1800001,4.070606
63926390877.4977,1,0,1,1,0,1,2.679502,0,0,0,0,0,33.51571,96,1364,1024,-0.5053944,0.18,2.643
63926390877.7822,1,0,1,1,0,1,2.379502,0,0,0,0,0,33.80102,97,1364,1024,-0.5053944,0.1800001,0.4798509
63926390878.0501,1,0,1,1,0,1,2.119503,0,0,0,0,0,34.06971,98,1364,1024,-0.5053944,0.1799999,0.4798509
63926390878.3214,1,0,1,1,0,1,1.859503,0,0,0,0,0,34.33996,99,1364,1024,-0.5053944,0.1799999,0.4798509
63926390878.5978,1,0,1,1,0,1,1.579503,0,0,0,0,0,34.61584,100,1364,1024,-0.5053944,0.1799999,0.4798509
63926390878.8618,1,0,1,1,0,1,1.299503,0,0,0,0,0,34.88069,101,1364,1024,-0.5053944,0.1799999,0.4798509
63926390879.1405,1,0,1,1,0,1,1.039504,0,0,0,0,0,35.15858,102,1364,1024,-0.5053944,0.1799999,0.4798509
63926390879.3986,1,0,1,1,0,1,0.7795038,0,0,0,0,0,35.41869,103,1364,1024,-0.5053944,0.1799999,0.4798509
63926390879.6655,1,0,1,1,0,1,0.4995041,0,0,0,0,0,35.68463,104,1364,1024,-0.5053944,0.1799999,0.4798509
63926390879.9363,1,0,1,1,0,1,0.2395043,0,0,0,0,0,35.95436,105,1364,1024,0.3783614,0.18,1.363607
63926390880.2222,1,0,1,0,1,1,0,1,69.1822072263424,4.993123,1,1,36.23255,106,1364,1024,1.602023,0.1799999,2.587269
63926390880.4735,1,0,1,0,1,1,0,1,69.1822072263424,4.74182,1,1,36.23255,106,1364,1024,1.602023,0.1799999,2.587269
63926390880.7771,1,0,1,0,1,1,0,1,69.1822072263424,4.438182,1,1,36.23255,106,1364,1024,1.602023,0.1799999,2.587269
63926390881.3052,1,0,1,0,1,1,0,1,69.1822072263424,3.910172,1,1,36.23255,106,1364,1024,1.602023,0.1799999,2.587269
63926390881.5712,1,0,1,0,1,1,0,1,69.1822072263424,3.644173,1,1,36.23255,106,1364,1024,1.602023,0.1799999,2.587269
63926390881.8388,1,0,1,0,1,1,0,1,69.1822072263424,3.376564,1,1,36.23255,106,1364,1024,1.602023,0.1799999,2.587269
63926390882.1048,1,0,1,0,1,1,0,1,69.1822072263424,3.110527,1,1,36.23255,106,1364,1024,1.602023,0.1799999,2.587269
63926390882.3648,1,0,1,0,1,1,0,1,69.1822072263424,2.850531,1,1,36.23255,106,1364,1024,1.602023,0.1799999,2.587269
63926390882.6311,1,0,1,0,1,1,0,1,69.1822072263424,2.584279,1,1,36.23255,106,1364,1024,1.602023,0.1799999,2.587269
63926390882.9012,1,0,1,0,1,1,0,1,69.1822072263424,2.314134,1,1,36.23255,106,1364,1024,1.602023,0.1799999,2.587269
63926390883.1556,1,0,1,0,1,1,0,1,69.1822072263424,2.059776,1,1,36.23255,106,1364,1024,1.602023,0.1799999,2.587269
63926390883.4342,1,0,1,0,1,1,0,1,69.1822072263424,1.781173,1,1,36.23255,106,1364,1024,1.602023,0.1799999,2.587269
63926390883.6971,1,0,1,0,1,1,0,1,69.1822072263424,1.518267,1,1,36.23255,106,1364,1024,1.602023,0.1799999,2.587269
63926390883.977,1,0,1,0,1,1,0,1,69.1822072263424,1.238409,1,1,36.23255,106,1364,1024,1.602023,0.1799999,2.587269
63926390884.2582,1,0,1,0,1,1,0,1,69.1822072263424,0.9571543,1,1,36.23255,106,1364,1024,1.602023,0.1799999,2.587269
63926390884.532,1,0,1,0,1,1,0,1,69.1822072263424,0.6833491,1,1,36.23255,106,1364,1024,1.602023,0.1799999,2.587269
63926390884.7973,1,0,1,0,1,1,0,1,69.1822072263424,0.4180818,1,1,36.23255,106,1364,1024,1.602023,0.1799999,2.587269
63926390885.0524,1,0,1,0,1,1,0,1,69.1822072263424,0.1629801,1,1,36.23255,106,1364,1024,1.602023,0.1799999,2.587269
63926390885.3179,1,0,1,0,1,1,0,1,69.1822072263424,0,1,1,36.23255,106,1364,1024,1.602023,0.1799999,2.587269
63926390885.5699,1,0,2,1,0,1,29.73999,0,69.1822072263424,0,0,0,36.4809,107,1364,1024,-1.8,0.1799999,9
63926390885.8607,1,0,2,1,0,1,29.45999,0,69.1822072263424,0,0,0,36.77139,108,1364,1024,-1.8,0.1799999,9
63926390886.1299,1,0,2,1,0,1,29.19998,0,69.1822072263424,0,0,0,37.03942,109,1364,1024,-1.358122,0.18,8.558122
63926390886.3981,1,0,2,1,0,1,28.91998,0,69.1822072263424,0,0,0,37.30723,110,1364,1024,-0.6851422,0.18,8.558122
63926390886.6914,1,0,2,1,0,1,28.61997,0,69.1822072263424,0,0,0,37.60083,111,1364,1024,-0.1752831,0.1799999,8.048263
63926390886.9948,1,0,2,1,0,1,28.31996,0,69.1822072263424,0,0,0,37.90311,112,1364,1024,-0.1752831,0.1799999,8.048263
63926390887.2932,1,0,2,1,0,1,28.01995,0,69.1822072263424,0,0,0,38.20321,113,1364,1024,-0.1752831,0.1799999,8.048263
63926390887.5731,1,0,2,1,0,1,27.73995,0,69.1822072263424,0,0,0,38.48174,114,1364,1024,-0.1752831,0.1799999,8.048263
63926390887.8453,1,0,2,1,0,1,27.47994,0,69.1822072263424,0,0,0,38.75526,115,1364,1024,-0.1752831,0.1799999,8.048263
63926390888.1485,1,0,2,1,0,1,27.17994,0,69.1822072263424,0,0,0,39.05641,116,1364,1024,-0.1752831,0.1799999,8.048263
63926390888.4417,1,0,2,1,0,1,26.87993,0,69.1822072263424,0,0,0,39.35106,117,1364,1024,-0.1752831,0.1799999,8.048263
63926390888.7583,1,0,2,1,0,1,26.55992,0,69.1822072263424,0,0,0,39.66552,118,1364,1024,-0.7191328,0.18,7.504413
63926390889.0468,1,0,2,1,0,1,26.27991,0,69.1822072263424,0,0,0,39.95631,119,1364,1024,-1.392113,0.18,7.504413
63926390889.348,1,0,2,1,0,1,25.97991,0,69.1822072263424,0,0,0,40.2574,120,1364,1024,-1.392113,0.18,6.783363
63926390889.6334,1,0,2,1,0,1,25.6799,0,69.1822072263424,0,0,0,40.5439,121,1364,1024,-1.392113,0.18,5.701789
63926390889.9322,1,0,2,1,0,1,25.37989,0,69.1822072263424,0,0,0,40.84167,122,1364,1024,-1.392113,0.18,4.620214
63926390890.2451,1,0,2,1,0,1,25.07989,0,69.1822072263424,0,0,0,41.15571,123,1364,1024,-1.392113,0.18,3.53864
63926390890.5258,1,0,2,1,0,1,24.79988,0,69.1822072263424,0,0,0,41.43618,124,1364,1024,-0.9162441,0.1799999,3.062771
63926390890.8254,1,0,2,1,0,1,24.49987,0,69.1822072263424,0,0,0,41.73579,125,1364,1024,-0.9162441,0.18,2.341722
63926390891.0986,1,0,2,1,0,1,24.21987,0,69.1822072263424,0,0,0,42.00934,126,1364,1024,-0.4403755,0.1799999,1.865853
63926390891.3802,1,0,2,1,0,1,23.93986,0,69.1822072263424,0,0,0,42.29145,127,1364,1024,-0.4403755,0.1799999,1.865853
63926390891.6696,1,0,2,1,0,1,23.65985,0,69.1822072263424,0,0,0,42.57972,128,1364,1024,-0.4403755,0.18,2.538833
63926390891.9483,1,0,2,1,0,1,23.63985,0,69.1822072263424,0,0,0,42.59384,129,1364,1024,-1.8,0,9
63926390892.2297,1,0,2,1,0,1,23.35985,0,69.1822072263424,0,0,0,42.87233,130,1364,1024,-1.8,0.1799999,9
63926390892.524,1,0,2,1,0,1,23.05984,0,69.1822072263424,0,0,0,43.16659,131,1364,1024,-1.8,0.1799999,9
63926390892.8052,1,0,2,1,0,1,22.77983,0,69.1822072263424,0,0,0,43.44754,132,1364,1024,-1.8,0.1799999,9
63926390893.0895,1,0,2,1,0,1,22.49983,0,69.1822072263424,0,0,0,43.732,133,1364,1024,-1.8,0.1799999,9
63926390893.3598,1,0,2,1,0,1,22.21982,0,69.1822072263424,0,0,0,44.00197,134,1364,1024,-1.8,0.1799999,9
63926390893.6415,1,0,2,1,0,1,21.93982,0,69.1822072263424,0,0,0,44.28416,135,1364,1024,-1.8,0.1799999,9
63926390893.9138,1,0,2,1,0,1,21.67981,0,69.1822072263424,0,0,0,44.55506,136,1364,1024,-1.8,0.1799999,9
63926390894.1811,1,0,2,1,0,1,21.3998,0,69.1822072263424,0,0,0,44.82228,137,1364,1024,-1.8,0.1799999,9
63926390894.4873,1,0,2,1,0,1,21.0998,0,69.1822072263424,0,0,0,45.12877,138,1364,1024,-1.8,0.1799999,9
63926390894.8381,1,0,2,1,0,1,20.75979,0,69.1822072263424,0,0,0,45.4621,139,1364,1024,-1.8,0.1799999,9
63926390895.1228,1,0,2,1,0,1,20.47978,0,69.1822072263424,0,0,0,45.74655,140,1364,1024,-1.8,0.1799999,9
63926390895.4257,1,0,2,1,0,1,20.17978,0,69.1822072263424,0,0,0,46.04963,141,1364,1024,-1.8,0.1799999,9
63926390895.7347,1,0,2,1,0,1,19.87977,0,69.1822072263424,0,0,0,46.35881,142,1364,1024,-1.8,0.1799999,9
63926390896.0263,1,0,2,1,0,1,19.57976,0,69.1822072263424,0,0,0,46.64969,143,1364,1024,-1.8,0.1799999,9
63926390896.3435,1,0,2,1,0,1,19.25975,0,69.1822072263424,0,0,0,46.96669,144,1364,1024,-1.8,0.1799999,9
63926390896.626,1,0,2,1,0,1,18.97975,0,69.1822072263424,0,0,0,47.25064,145,1364,1024,-1.8,0.1799999,9
63926390896.9787,1,0,2,1,0,1,18.63974,0,69.1822072263424,0,0,0,47.58398,146,1364,1024,-1.8,0.1799999,9
63926390897.2699,1,0,2,1,0,1,18.35973,0,69.1822072263424,0,0,0,47.87788,147,1364,1024,-1.8,0.1799999,9
63926390897.5437,1,0,2,1,0,1,18.07973,0,69.1822072263424,0,0,0,48.15132,148,1364,1024,-1.8,0.1799999,9
63926390897.8363,1,0,2,1,0,1,17.77972,0,69.1822072263424,0,0,0,48.44189,149,1364,1024,-1.8,0.18,8.278951
63926390898.1243,1,0,2,1,0,1,17.49971,0,69.1822072263424,0,0,0,48.73014,150,1364,1024,-1.8,0.18,7.269481
63926390898.4158,1,0,2,1,0,1,17.19971,0,69.1822072263424,0,0,0,49.02277,151,1364,1024,-1.8,0.18,6.187906
63926390898.6906,1,0,2,1,0,1,16.9397,0,69.1822072263424,0,0,0,49.29663,152,1364,1024,-1.8,0.18,5.250542
63926390898.9593,1,0,2,1,0,1,16.65969,0,69.1822072263424,0,0,0,49.56609,153,1364,1024,-1.8,0.18,5.250542
63926390899.2323,1,0,2,1,0,1,16.39969,0,69.1822072263424,0,0,0,49.83928,154,1364,1024,-2.241878,0.18,5.69242
63926390899.5186,1,0,2,1,0,1,16.37969,0,69.1822072263424,0,0,0,49.85378,155,1364,1024,-1.8,0,9
63926390899.8133,1,0,2,1,0,1,16.07968,0,69.1822072263424,0,0,0,50.14558,156,1364,1024,-1.8,0.1799999,9
63926390900.0923,1,0,2,1,0,1,15.79967,0,69.1822072263424,0,0,0,50.42297,157,1364,1024,-1.8,0.1799999,9
63926390900.3876,1,0,2,1,0,1,15.51967,0,69.1822072263424,0,0,0,50.71861,158,1364,1024,-1.8,0.1799999,9
63926390900.6841,1,0,2,1,0,1,15.21966,0,69.1822072263424,0,0,0,51.01598,159,1364,1024,-1.8,0.1799999,9
63926390900.9465,1,0,2,1,0,1,14.95966,0,69.1822072263424,0,0,0,51.27815,160,1364,1024,-1.8,0.1799999,9
63926390901.2174,1,0,2,1,0,1,14.67965,0,69.1822072263424,0,0,0,51.54974,161,1364,1024,-1.8,0.1799999,9
63926390901.5191,1,0,2,1,0,1,14.37964,0,69.1822072263424,0,0,0,51.84979,162,1364,1024,-1.8,0.1799999,9
63926390901.7858,1,0,2,1,0,1,14.11964,0,69.1822072263424,0,0,0,52.1157,163,1364,1024,-1.8,0.1799999,9
63926390902.0543,1,0,2,1,0,1,14.09964,0,69.1822072263424,0,0,0,52.12939,164,1364,1024,-1.8,0.1799999,9
63926390902.3329,1,0,2,1,0,1,13.81963,0,69.1822072263424,0,0,0,52.4042,165,1364,1024,-1.8,0.1799999,9
63926390902.615,1,0,2,1,0,1,13.53962,0,69.1822072263424,0,0,0,52.6871,166,1364,1024,-1.8,0.1799999,9
63926390902.874,1,0,2,1,0,1,13.27962,0,69.1822072263424,0,0,0,52.94604,167,1364,1024,-1.8,0.1799999,9
63926390903.1508,1,0,2,1,0,1,12.99961,0,69.1822072263424,0,0,0,53.22244,168,1364,1024,-1.8,0.1799999,9
63926390903.4362,1,0,2,1,0,1,12.7196,0,69.1822072263424,0,0,0,53.50753,169,1364,1024,-1.8,0.1799999,9
63926390903.7818,1,0,2,1,0,1,12.3796,0,69.1822072263424,0,0,0,53.84086,170,1364,1024,-1.8,0.1799999,9
63926390904.0518,1,0,2,1,0,1,12.11959,0,69.1822072263424,0,0,0,54.11228,171,1364,1024,-1.8,0.1799999,9
63926390904.3156,1,0,2,1,0,1,11.85958,0,69.1822072263424,0,0,0,54.37547,172,1364,1024,-1.8,0.1799999,9
63926390904.5838,1,0,2,1,0,1,11.57958,0,69.1822072263424,0,0,0,54.6436,173,1364,1024,-1.8,0.1799999,9
63926390904.8679,1,0,2,1,0,1,11.29957,0,69.1822072263424,0,0,0,54.92658,174,1364,1024,-1.8,0.1799999,9
63926390905.1361,1,0,2,1,0,1,11.03957,0,69.1822072263424,0,0,0,55.19526,175,1364,1024,-1.8,0.1799999,9
63926390905.4375,1,0,2,1,0,1,10.73956,0,69.1822072263424,0,0,0,55.49584,176,1364,1024,-1.8,0.1799999,9
63926390905.7063,1,0,2,1,0,1,10.45955,0,69.1822072263424,0,0,0,55.76463,177,1364,1024,-2.275868,0.18,8.524132
63926390905.9628,1,0,2,1,0,1,10.19955,0,69.1822072263424,0,0,0,56.02201,178,1364,1024,-2.938685,0.18,7.861315
63926390906.2185,1,0,2,1,0,1,9.959541,0,69.1822072263424,0,0,0,56.27749,179,1364,1024,-3.550516,0.18,7.249484
63926390906.5067,1,0,2,1,0,1,9.659534,0,69.1822072263424,0,0,0,56.56492,180,1364,1024,-4.315305,0.18,6.484695
63926390906.7872,1,0,2,1,0,1,9.379528,0,69.1822072263424,0,0,0,56.84496,181,1364,1024,-5.029108,0.18,7.198498
63926390907.0481,1,0,2,1,0,1,9.119522,0,69.1822072263424,0,0,0,57.10805,182,1364,1024,-5.470986,0.1799999,7.640376
63926390907.3109,1,0,2,1,0,1,8.859516,0,69.1822072263424,0,0,0,57.37038,183,1364,1024,-5.470986,0.18,8.265285
63926390907.5796,1,0,2,1,0,1,8.59951,0,69.1822072263424,0,0,0,57.63967,184,1364,1024,-5.470986,0.18,8.265285
63926390907.8651,1,0,2,1,0,1,8.299503,0,69.1822072263424,0,0,0,57.92191,185,1364,1024,-4.961127,0.18,8.775145
63926390908.1354,1,0,2,1,0,1,8.039497,0,69.1822072263424,0,0,0,58.19479,186,1364,1024,-4.961127,0.1799999,8.775145
63926390908.4196,1,0,2,1,0,1,7.759497,0,69.1822072263424,0,0,0,58.47739,187,1364,1024,-4.961127,0.1799999,8.775145
63926390908.7081,1,0,2,1,0,1,7.459497,0,69.1822072263424,0,0,0,58.76693,188,1364,1024,-4.961127,0.1799999,8.775145
63926390909.0031,1,0,2,1,0,1,7.159498,0,69.1822072263424,0,0,0,59.06194,189,1364,1024,-4.961127,0.1799999,8.775145
63926390909.3066,1,0,2,1,0,1,6.859498,0,69.1822072263424,0,0,0,59.36314,190,1364,1024,-4.961127,0.1799999,8.775145
63926390909.6285,1,0,2,1,0,1,6.539498,0,69.1822072263424,0,0,0,59.68679,191,1364,1024,-4.961127,0.1799999,8.775145
63926390909.9242,1,0,2,1,0,1,6.239499,0,69.1822072263424,0,0,0,59.98009,192,1364,1024,-4.451267,0.18,8.265285
63926390910.2019,1,0,2,1,0,1,5.959499,0,69.1822072263424,0,0,0,60.26054,193,1364,1024,-4.451267,0.1799999,8.265285
63926390910.4954,1,0,2,1,0,1,5.679499,0,69.1822072263424,0,0,0,60.55454,194,1364,1024,-4.451267,0.1799999,8.265285
63926390910.7817,1,0,2,1,0,1,5.379499,0,69.1822072263424,0,0,0,60.84063,195,1364,1024,-4.451267,0.1799999,8.265285
63926390911.0512,1,0,2,1,0,1,5.1195,0,69.1822072263424,0,0,0,61.11084,196,1364,1024,-4.451267,0.1799999,8.265285
63926390911.3231,1,0,2,1,0,1,4.8395,0,69.1822072263424,0,0,0,61.38222,197,1364,1024,-4.451267,0.1799999,8.265285
63926390911.6021,1,0,2,1,0,1,4.5595,0,69.1822072263424,0,0,0,61.66055,198,1364,1024,-4.451267,0.1799999,8.265285
63926390911.8909,1,0,2,1,0,1,4.2795,0,69.1822072263424,0,0,0,61.94962,199,1364,1024,-4.451267,0.1799999,8.265285
63926390912.1889,1,0,2,1,0,1,3.979501,0,69.1822072263424,0,0,0,62.24681,200,1364,1024,-4.451267,0.1799999,8.265285
63926390912.4766,1,0,2,1,0,1,3.699501,0,69.1822072263424,0,0,0,62.5339,201,1364,1024,-4.451267,0.18,7.592306
63926390912.7482,1,0,2,1,0,1,3.419501,0,69.1822072263424,0,0,0,62.80566,202,1364,1024,-3.975399,0.18,7.116437
63926390913.0388,1,0,2,1,0,1,3.139502,0,69.1822072263424,0,0,0,63.09789,203,1364,1024,-3.302419,0.18,7.116437
63926390913.3136,1,0,2,1,0,1,2.859502,0,69.1822072263424,0,0,0,63.37293,204,1364,1024,-3.302419,0.18,6.443457
63926390913.5942,1,0,2,1,0,1,2.579502,0,69.1822072263424,0,0,0,63.6502,205,1364,1024,-2.588616,0.18,5.729654
63926390913.8643,1,0,2,1,0,1,2.299502,0,69.1822072263424,0,0,0,63.92292,206,1364,1024,-1.874814,0.18,5.015852
63926390914.1402,1,0,2,1,0,1,2.039503,0,69.1822072263424,0,0,0,64.19859,207,1364,1024,-1.874814,0.18,4.078487
63926390914.415,1,0,2,1,0,1,2.019503,0,69.1822072263424,0,0,0,64.21253,208,1364,1024,-1.823828,0.1799999,4.027501
63926390914.7227,1,0,2,1,0,1,1.719503,0,69.1822072263424,0,0,0,64.51555,209,1364,1024,-1.417141,0.1799999,2.131663
63926390915.0244,1,0,2,1,0,1,1.419503,0,69.1822072263424,0,0,0,64.8185,210,1364,1024,-1.23751,0.1799999,1.939385
63926390915.3162,1,0,2,1,0,1,1.119503,0,69.1822072263424,0,0,0,65.10909,211,1364,1024,-1.23751,0.1799999,1.939385
63926390915.6005,1,0,2,1,0,1,0.8395038,0,69.1822072263424,0,0,0,65.39456,212,1364,1024,-1.669191,0.1799999,2.371065
63926390915.8873,1,0,2,1,0,1,0.8195038,0,69.1822072263424,0,0,0,65.40908,213,1364,1024,-1.8,0,9
63926390916.1657,1,0,2,1,0,1,0.5395041,0,69.1822072263424,0,0,0,65.68372,214,1364,1024,-1.8,0.1799999,9
63926390916.4508,1,0,2,1,0,1,0.2595043,0,69.1822072263424,0,0,0,65.96983,215,1364,1024,-1.8,0.1799999,9
63926390916.7354,1,0,2,0,1,1,0,1,105.700234811342,4.998473,1,1,66.25298,216,1364,1024,-1.8,0.1799999,9
63926390917.0115,1,0,2,0,1,1,0,1,105.700234811342,4.722396,1,1,66.25298,216,1364,1024,-1.8,0.1799999,9
63926390917.3172,1,0,2,0,1,1,0,1,105.700234811342,4.416611,1,1,66.25298,216,1364,1024,-1.8,0.1799999,9
63926390917.8895,1,0,2,0,1,1,0,1,105.700234811342,3.844364,1,1,66.25298,216,1364,1024,-1.8,0.1799999,9
63926390918.1821,1,0,2,0,1,1,0,1,105.700234811342,3.551735,1,1,66.25298,216,1364,1024,-1.8,0.1799999,9
63926390918.4739,1,0,2,0,1,1,0,1,105.700234811342,3.260015,1,1,66.25298,216,1364,1024,-1.8,0.1799999,9
63926390918.7627,1,0,2,0,1,1,0,1,105.700234811342,2.971189,1,1,66.25298,216,1364,1024,-1.8,0.1799999,9
63926390919.0515,1,0,2,0,1,1,0,1,105.700234811342,2.682426,1,1,66.25298,216,1364,1024,-1.8,0.1799999,9
63926390919.3457,1,0,2,0,1,1,0,1,105.700234811342,2.388163,1,1,66.25298,216,1364,1024,-1.8,0.1799999,9
63926390919.6343,1,0,2,0,1,1,0,1,105.700234811342,2.099596,1,1,66.25298,216,1364,1024,-1.8,0.1799999,9
63926390919.919,1,0,2,0,1,1,0,1,105.700234811342,1.814874,1,1,66.25298,216,1364,1024,-1.8,0.1799999,9
63926390920.186,1,0,2,0,1,1,0,1,105.700234811342,1.547913,1,1,66.25298,216,1364,1024,-1.8,0.1799999,9
63926390920.4809,1,0,2,0,1,1,0,1,105.700234811342,1.253028,1,1,66.25298,216,1364,1024,-1.8,0.1799999,9
63926390920.7525,1,0,2,0,1,1,0,1,105.700234811342,0.9813943,1,1,66.25298,216,1364,1024,-1.8,0.1799999,9
63926390921.0263,1,0,2,0,1,1,0,1,105.700234811342,0.7075982,1,1,66.25298,216,1364,1024,-1.8,0.1799999,9
63926390921.3198,1,0,2,0,1,1,0,1,105.700234811342,0.4140921,1,1,66.25298,216,1364,1024,-1.8,0.1799999,9
63926390921.6146,1,0,2,0,1,1,0,1,105.700234811342,0.1192923,1,1,66.25298,216,1364,1024,-1.8,0.1799999,9
63926390921.9117,1,0,2,0,1,1,0,1,105.700234811342,0,1,1,66.25298,216,1364,1024,-1.8,0.1799999,9
63926390922.2106,1,0,3,1,0,1,29.69999,0,105.700234811342,0,0,0,66.54839,217,1364,1024,-1.8,0.1799999,9
63926390922.5092,1,0,3,1,0,1,29.39999,0,105.700234811342,0,0,0,66.84618,218,1364,1024,-1.8,0.1799999,9
63926390922.7755,1,0,3,1,0,1,29.13998,0,105.700234811342,0,0,0,67.11307,219,1364,1024,-1.8,0.1799999,9
63926390923.0744,1,0,3,1,0,1,28.83997,0,105.700234811342,0,0,0,67.41172,220,1364,1024,-1.8,0.1799999,9
63926390923.3495,1,0,3,1,0,1,28.55997,0,105.700234811342,0,0,0,67.68562,221,1364,1024,-1.8,0.1799999,9
63926390923.6385,1,0,3,1,0,1,28.27996,0,105.700234811342,0,0,0,67.97397,222,1364,1024,-1.8,0.1799999,9
63926390923.943,1,0,3,1,0,1,27.97995,0,105.700234811342,0,0,0,68.27882,223,1364,1024,-1.8,0.1799999,9
63926390924.2198,1,0,3,1,0,1,27.69995,0,105.700234811342,0,0,0,68.55717,224,1364,1024,-1.8,0.1799999,9
63926390924.4977,1,0,3,1,0,1,27.41994,0,105.700234811342,0,0,0,68.83508,225,1364,1024,-1.8,0.1799999,9
63926390924.7775,1,0,3,1,0,1,27.13993,0,105.700234811342,0,0,0,69.11461,226,1364,1024,-1.8,0.1799999,9
63926390925.0533,1,0,3,1,0,1,26.85993,0,105.700234811342,0,0,0,69.3903,227,1364,1024,-1.8,0.1799999,9
63926390925.3529,1,0,3,1,0,1,26.55992,0,105.700234811342,0,0,0,69.68975,228,1364,1024,-1.8,0.1799999,9
63926390925.6794,1,0,3,1,0,1,26.23991,0,105.700234811342,0,0,0,70.01442,229,1364,1024,-1.8,0.1799999,9
63926390926.0059,1,0,3,1,0,1,25.91991,0,105.700234811342,0,0,0,70.33923,230,1364,1024,-1.8,0.1799999,9
63926390926.2932,1,0,3,1,0,1,25.6199,0,105.700234811342,0,0,0,70.62845,231,1364,1024,-1.8,0.1799999,9
63926390926.6121,1,0,3,1,0,1,25.29989,0,105.700234811342,0,0,0,70.94753,232,1364,1024,-1.8,0.1799999,9
63926390926.8997,1,0,3,1,0,1,25.01989,0,105.700234811342,0,0,0,71.23605,233,1364,1024,-1.8,0.1799999,9
63926390927.1904,1,0,3,1,0,1,24.99989,0,105.700234811342,0,0,0,71.2508,234,1364,1024,-1.766009,0.18,8.966009
63926390927.4784,1,0,3,1,0,1,24.71988,0,105.700234811342,0,0,0,71.53481,235,1364,1024,-1.290141,0.18,8.490141
63926390927.7639,1,0,3,1,0,1,24.41987,0,105.700234811342,0,0,0,71.8206,236,1364,1024,-0.569091,0.18,8.490141
63926390928.0541,1,0,3,1,0,1,24.13987,0,105.700234811342,0,0,0,72.10938,237,1364,1024,-0.0932225,0.18,8.014273
63926390928.3317,1,0,3,1,0,1,23.85986,0,105.700234811342,0,0,0,72.38821,238,1364,1024,0.5797573,0.18,8.014273
63926390928.617,1,0,3,1,0,1,23.57985,0,105.700234811342,0,0,0,72.67317,239,1364,1024,0.5797573,0.18,8.014273
63926390928.8926,1,0,3,1,0,1,23.29985,0,105.700234811342,0,0,0,72.94991,240,1364,1024,0.5797573,0.18,8.014273
63926390929.1433,1,0,3,1,0,1,23.27985,0,105.700234811342,0,0,0,72.96259,241,1364,1024,0.5797573,0.18,8.014273
63926390929.4091,1,0,3,1,0,1,23.01984,0,105.700234811342,0,0,0,73.22521,242,1364,1024,0.5797573,0.18,8.014273
63926390929.6956,1,0,3,1,0,1,22.73983,0,105.700234811342,0,0,0,73.51151,243,1364,1024,0.5797573,0.18,8.014273
63926390929.9778,1,0,3,1,0,1,22.45983,0,105.700234811342,0,0,0,73.7938,244,1364,1024,0.5797573,0.18,8.014273
63926390930.2576,1,0,3,1,0,1,22.17982,0,105.700234811342,0,0,0,74.07218,245,1364,1024,1.252737,0.18,8.014273
63926390930.5558,1,0,3,1,0,1,21.87981,0,105.700234811342,0,0,0,74.37044,246,1364,1024,1.252737,0.1799999,8.014273
63926390930.8591,1,0,3,1,0,1,21.57981,0,105.700234811342,0,0,0,74.67278,247,1364,1024,0.5316873,0.18,8.014273
63926390931.1436,1,0,3,1,0,1,21.2998,0,105.700234811342,0,0,0,74.95879,248,1364,1024,0.5316873,0.1799999,8.014273
63926390931.4395,1,0,3,1,0,1,20.99979,0,105.700234811342,0,0,0,75.25568,249,1364,1024,1.252737,0.18,8.014273
63926390931.738,1,0,3,1,0,1,20.69979,0,105.700234811342,0,0,0,75.55408,250,1364,1024,1.973787,0.18,8.014273
63926390932.0244,1,0,3,1,0,1,20.41978,0,105.700234811342,0,0,0,75.83956,251,1364,1024,2.646767,0.18,8.014273
63926390932.3114,1,0,3,1,0,1,20.11977,0,105.700234811342,0,0,0,76.1272,252,1364,1024,3.367816,0.18,8.014273
63926390932.6275,1,0,3,1,0,1,19.79977,0,105.700234811342,0,0,0,76.44228,253,1364,1024,4.136936,0.18,8.014273
63926390932.9055,1,0,3,1,0,1,19.53976,0,105.700234811342,0,0,0,76.71968,254,1364,1024,4.761846,0.18,8.014273
63926390933.2207,1,0,3,1,0,1,19.21975,0,105.700234811342,0,0,0,77.03644,255,1364,1024,5.530966,0.18,8.014273
63926390933.5026,1,0,3,1,0,1,18.93975,0,105.700234811342,0,0,0,77.31858,256,1364,1024,6.006834,0.1799999,7.538404
63926390933.7745,1,0,3,1,0,1,18.65974,0,105.700234811342,0,0,0,77.59082,257,1364,1024,6.006834,0.1799999,7.538404
63926390934.0667,1,0,3,1,0,1,18.35973,0,105.700234811342,0,0,0,77.8821,258,1364,1024,6.006834,0.1799999,7.538404
63926390934.3477,1,0,3,1,0,1,18.07973,0,105.700234811342,0,0,0,78.16405,259,1364,1024,6.006834,0.1799999,7.538404
63926390934.6477,1,0,3,1,0,1,17.77972,0,105.700234811342,0,0,0,78.46223,260,1364,1024,5.285784,0.18,7.538404
63926390934.9283,1,0,3,1,0,1,17.49971,0,105.700234811342,0,0,0,78.74294,261,1364,1024,4.571981,0.18,6.824601
63926390935.2125,1,0,3,1,0,1,17.21971,0,105.700234811342,0,0,0,79.02696,262,1364,1024,3.562512,0.18,6.824601
63926390935.4949,1,0,3,1,0,1,16.9397,0,105.700234811342,0,0,0,79.31022,263,1364,1024,2.848709,0.18,6.110798
63926390935.7703,1,0,3,1,0,1,16.65969,0,105.700234811342,0,0,0,79.58482,264,1364,1024,1.83924,0.18,6.110798
63926390936.0385,1,0,3,1,0,1,16.39969,0,105.700234811342,0,0,0,79.85399,265,1364,1024,1.397362,0.18,5.66892
63926390936.3489,1,0,3,1,0,1,16.07968,0,105.700234811342,0,0,0,80.16197,266,1364,1024,0.853512,0.18,5.125071
63926390936.6538,1,0,3,1,0,1,15.77967,0,105.700234811342,0,0,0,80.46802,267,1364,1024,-0.1315663,0.18,5.136277
63926390936.9414,1,0,3,1,0,1,15.49967,0,105.700234811342,0,0,0,80.75523,268,1364,1024,-0.8115327,0.18,4.423219
63926390937.2386,1,0,3,1,0,1,15.19966,0,105.700234811342,0,0,0,81.05309,269,1364,1024,-1.532582,0.18,4.423219
63926390937.5158,1,0,3,1,0,1,14.91965,0,105.700234811342,0,0,0,81.33181,270,1364,1024,-2.205562,0.18,4.423219
63926390937.7954,1,0,3,1,0,1,14.63965,0,105.700234811342,0,0,0,81.61095,271,1364,1024,-2.681431,0.18,4.899088
63926390938.091,1,0,3,1,0,1,14.33964,0,105.700234811342,0,0,0,81.9058,272,1364,1024,-3.19129,0.1799999,5.408947
63926390938.3924,1,0,3,1,0,1,14.31964,0,105.700234811342,0,0,0,81.92109,273,1364,1024,-1.8,0,9
63926390938.6823,1,0,3,1,0,1,14.03963,0,105.700234811342,0,0,0,82.20561,274,1364,1024,-1.8,0.1799999,9
63926390938.9761,1,0,3,1,0,1,13.75963,0,105.700234811342,0,0,0,82.49854,275,1364,1024,-1.8,0.1799999,9
63926390939.2505,1,0,3,1,0,1,13.47962,0,105.700234811342,0,0,0,82.77445,276,1364,1024,-1.8,0.1799999,9
63926390939.5496,1,0,3,1,0,1,13.17962,0,105.700234811342,0,0,0,83.07085,277,1364,1024,-1.8,0.1799999,9
63926390939.8337,1,0,3,1,0,1,13.15961,0,105.700234811342,0,0,0,83.08543,278,1364,1024,-1.8,0.1799999,9
63926390940.1208,1,0,3,1,0,1,12.87961,0,105.700234811342,0,0,0,83.36897,279,1364,1024,-1.8,0.1799999,9
63926390940.4166,1,0,3,1,0,1,12.5796,0,105.700234811342,0,0,0,83.66431,280,1364,1024,-1.8,0.1799999,9
63926390940.7341,1,0,3,1,0,1,12.25959,0,105.700234811342,0,0,0,83.98096,281,1364,1024,-1.8,0.1799999,9
63926390941.0186,1,0,3,1,0,1,11.97959,0,105.700234811342,0,0,0,84.26621,282,1364,1024,-1.8,0.1799999,9
63926390941.3111,1,0,3,1,0,1,11.69958,0,105.700234811342,0,0,0,84.55809,283,1364,1024,-1.8,0.1799999,9
63926390941.6175,1,0,3,1,0,1,11.39957,0,105.700234811342,0,0,0,84.85938,284,1364,1024,-1.8,0.1799999,9
63926390941.9105,1,0,3,1,0,1,11.09957,0,105.700234811342,0,0,0,85.15876,285,1364,1024,-1.8,0.1799999,9
63926390942.1898,1,0,3,1,0,1,10.81956,0,105.700234811342,0,0,0,85.43729,286,1364,1024,-1.8,0.1799999,9
63926390942.4661,1,0,3,1,0,1,10.53955,0,105.700234811342,0,0,0,85.71424,287,1364,1024,-1.8,0.1799999,9
63926390942.7618,1,0,3,1,0,1,10.23955,0,105.700234811342,0,0,0,86.00983,288,1364,1024,-1.8,0.1799999,9
63926390943.0387,1,0,3,1,0,1,9.959541,0,105.700234811342,0,0,0,86.28581,289,1364,1024,-1.8,0.1799999,9
63926390943.324,1,0,3,1,0,1,9.679535,0,105.700234811342,0,0,0,86.57039,290,1364,1024,-1.8,0.1799999,9
63926390943.6556,1,0,3,1,0,1,9.339527,0,105.700234811342,0,0,0,86.90146,291,1364,1024,-1.8,0.1799999,9
63926390943.9907,1,0,3,1,0,1,9.01952,0,105.700234811342,0,0,0,87.23479,292,1364,1024,-1.8,0.1799999,9
63926390944.2596,1,0,3,1,0,1,8.739513,0,105.700234811342,0,0,0,87.50542,293,1364,1024,-1.8,0.1799999,9
63926390944.5556,1,0,3,1,0,1,8.439507,0,105.700234811342,0,0,0,87.80099,294,1364,1024,-1.8,0.1799999,9
63926390944.8394,1,0,3,1,0,1,8.1595,0,105.700234811342,0,0,0,88.08422,295,1364,1024,-1.324131,0.1799999,8.524132
63926390945.128,1,0,3,1,0,1,7.879497,0,105.700234811342,0,0,0,88.37261,296,1364,1024,-0.6103286,0.1799999,7.810328
63926390945.414,1,0,3,1,0,1,7.599497,0,105.700234811342,0,0,0,88.65827,297,1364,1024,0.1034742,0.18,7.096526
63926390945.7132,1,0,3,1,0,1,7.299498,0,105.700234811342,0,0,0,88.95811,298,1364,1024,0.8682629,0.1799999,6.331737
63926390945.989,1,0,3,1,0,1,7.019498,0,105.700234811342,0,0,0,89.23333,299,1364,1024,0.8682629,0.1799999,6.331737
63926390946.2689,1,0,3,1,0,1,6.739498,0,105.700234811342,0,0,0,89.51414,300,1364,1024,0.8303698,0.18,6.770991
63926390946.58,1,0,3,1,0,1,6.419498,0,105.700234811342,0,0,0,89.82021,301,1364,1024,0.5811595,0.18,6.864502
63926390946.8595,1,0,3,1,0,1,6.139499,0,105.700234811342,0,0,0,90.10122,302,1364,1024,-0.6474153,0.3351508,5.491041
63926390947.1471,1,0,3,1,0,1,5.859499,0,105.700234811342,0,0,0,90.39105,303,1364,1024,-0.7390022,0.1799999,5.375188
63926390947.4172,1,0,3,1,0,1,5.579499,0,105.700234811342,0,0,0,90.66278,304,1364,1024,-0.7390022,0.1799999,5.375188
63926390947.6929,1,0,3,1,0,1,5.319499,0,105.700234811342,0,0,0,90.93872,305,1364,1024,-0.7390022,0.1799999,5.375188
63926390947.9557,1,0,3,1,0,1,5.0395,0,105.700234811342,0,0,0,91.20155,306,1364,1024,-0.7390022,0.1799999,5.375188
63926390948.2183,1,0,3,1,0,1,4.7795,0,105.700234811342,0,0,0,91.46454,307,1364,1024,-0.7390022,0.1799999,5.375188
63926390948.5031,1,0,3,1,0,1,4.4995,0,105.700234811342,0,0,0,91.74794,308,1364,1024,-0.7390022,0.18,6.048168
63926390948.7985,1,0,3,1,0,1,4.199501,0,105.700234811342,0,0,0,92.04289,309,1364,1024,-0.7390022,0.18,7.129743
63926390949.0863,1,0,3,1,0,1,3.919501,0,105.700234811342,0,0,0,92.33224,310,1364,1024,-0.7390022,0.1799999,7.129743
63926390949.3558,1,0,3,1,0,1,3.639501,0,105.700234811342,0,0,0,92.60094,311,1364,1024,-0.7390022,0.18,6.120273
63926390949.6546,1,0,3,1,0,1,3.359501,0,105.700234811342,0,0,0,92.89836,312,1364,1024,-0.7390022,0.18,5.110804
63926390949.9169,1,0,3,1,0,1,3.079502,0,105.700234811342,0,0,0,93.16162,313,1364,1024,-0.7390022,0.1799999,5.110804
63926390950.194,1,0,3,1,0,1,2.819502,0,105.700234811342,0,0,0,93.43916,314,1364,1024,-0.7390022,0.18,5.735713
63926390950.4621,1,0,3,1,0,1,2.539502,0,105.700234811342,0,0,0,93.70718,315,1364,1024,-0.7390022,0.18,6.745183
63926390950.7329,1,0,3,1,0,1,2.279502,0,105.700234811342,0,0,0,93.97889,316,1364,1024,-0.7390022,0.18,7.370092
63926390951.0158,1,0,3,1,0,1,1.979503,0,105.700234811342,0,0,0,94.26099,317,1364,1024,-0.7390022,0.18,8.091143
63926390951.305,1,0,3,1,0,1,1.699503,0,105.700234811342,0,0,0,94.54942,318,1364,1024,-1.411982,0.18,8.091143
63926390951.5888,1,0,3,1,0,1,1.419503,0,105.700234811342,0,0,0,94.83431,319,1364,1024,-1.411982,0.1799999,8.091143
63926390951.8662,1,0,3,1,0,1,1.139503,0,105.700234811342,0,0,0,95.11224,320,1364,1024,-1.411982,0.1799999,8.091143
63926390952.1633,1,0,3,1,0,1,0.8395038,0,105.700234811342,0,0,0,95.40763,321,1364,1024,-1.411982,0.1799999,8.091143
63926390952.4485,1,0,3,1,0,1,0.559504,0,105.700234811342,0,0,0,95.69292,322,1364,1024,-1.411982,0.1799999,8.091143
63926390952.7362,1,0,3,1,0,1,0.2595043,0,105.700234811342,0,0,0,95.9817,323,1364,1024,-1.411982,0.1799999,8.091143
63926390953.0182,1,0,3,0,1,1,0,1,141.982717782342,4.998717,1,1,96.25906,324,1364,1024,-1.411982,0.1799999,8.091143
63926390953.2985,1,0,3,0,1,1,0,1,141.982717782342,4.718429,1,1,96.25906,324,1364,1024,-1.411982,0.1799999,8.091143
63926390953.5911,1,0,3,0,1,1,0,1,141.982717782342,4.425739,1,1,96.25906,324,1364,1024,-1.411982,0.1799999,8.091143
63926390954.1318,1,0,3,0,1,1,0,1,141.982717782342,3.885139,1,1,96.25906,324,1364,1024,-1.411982,0.1799999,8.091143
63926390954.4301,1,0,3,0,1,1,0,1,141.982717782342,3.586817,1,1,96.25906,324,1364,1024,-1.411982,0.1799999,8.091143
63926390954.7062,1,0,3,0,1,1,0,1,141.982717782342,3.310732,1,1,96.25906,324,1364,1024,-1.411982,0.1799999,8.091143
63926390955.0005,1,0,3,0,1,1,0,1,141.982717782342,3.016397,1,1,96.25906,324,1364,1024,-1.411982,0.1799999,8.091143
63926390955.2884,1,0,3,0,1,1,0,1,141.982717782342,2.728563,1,1,96.25906,324,1364,1024,-1.411982,0.1799999,8.091143
63926390955.5677,1,0,3,0,1,1,0,1,141.982717782342,2.44918,1,1,96.25906,324,1364,1024,-1.411982,0.1799999,8.091143
63926390955.8517,1,0,3,0,1,1,0,1,141.982717782342,2.165193,1,1,96.25906,324,1364,1024,-1.411982,0.1799999,8.091143
63926390956.1469,1,0,3,0,1,1,0,1,141.982717782342,1.870016,1,1,96.25906,324,1364,1024,-1.411982,0.1799999,8.091143
63926390956.4334,1,0,3,0,1,1,0,1,141.982717782342,1.583557,1,1,96.25906,324,1364,1024,-1.411982,0.1799999,8.091143
63926390956.7174,1,0,3,0,1,1,0,1,141.982717782342,1.299548,1,1,96.25906,324,1364,1024,-1.411982,0.1799999,8.091143
63926390956.9808,1,0,3,0,1,1,0,1,141.982717782342,1.036119,1,1,96.25906,324,1364,1024,-1.411982,0.1799999,8.091143
63926390957.2629,1,0,3,0,1,1,0,1,141.982717782342,0.7540112,1,1,96.25906,324,1364,1024,-1.411982,0.1799999,8.091143
63926390957.5399,1,0,3,0,1,1,0,1,141.982717782342,0.4770947,1,1,96.25906,324,1364,1024,-1.411982,0.1799999,8.091143
63926390957.809,1,0,3,0,1,1,0,1,141.982717782342,0.207922,1,1,96.25906,324,1364,1024,-1.411982,0.1799999,8.091143
63926390958.0959,1,0,3,0,1,1,0,1,141.982717782342,0,1,1,96.25906,324,1364,1024,-1.411982,0.1799999,8.091143
63926390958.3891,1,0,4,1,0,1,29.69999,0,141.982717782342,0,0,0,96.54792,325,1364,1024,-1.8,0.1799999,9
63926390958.6513,1,0,4,1,0,1,29.43999,0,141.982717782342,0,0,0,96.80939,326,1364,1024,-1.8,0.18,8.375091
63926390958.9175,1,0,4,1,0,1,29.17998,0,141.982717782342,0,0,0,97.07642,327,1364,1024,-1.8,0.18,7.437726
63926390959.2253,1,0,4,1,0,1,28.85997,0,141.982717782342,0,0,0,97.38221,328,1364,1024,-1.8,0.18,6.284046
63926390959.5449,1,0,4,1,0,1,28.53997,0,141.982717782342,0,0,0,97.70181,329,1364,1024,-1.8,0.18,6.284046
63926390959.8319,1,0,4,1,0,1,28.25996,0,141.982717782342,0,0,0,97.99034,330,1364,1024,-1.8,0.18,6.957026
63926390960.1026,1,0,4,1,0,1,27.97995,0,141.982717782342,0,0,0,98.26165,331,1364,1024,-1.8,0.18,7.630006
63926390960.3606,1,0,4,1,0,1,27.73995,0,141.982717782342,0,0,0,98.51926,332,1364,1024,-1.8,0.18,8.206845
63926390960.6099,1,0,4,1,0,1,27.71995,0,141.982717782342,0,0,0,98.53192,333,1364,1024,-1.8,0.18,8.206845
63926390960.8933,1,0,4,1,0,1,27.43994,0,141.982717782342,0,0,0,98.81166,334,1364,1024,-1.8,0.1799999,8.206845
63926390961.2139,1,0,4,1,0,1,27.13993,0,141.982717782342,0,0,0,99.11192,335,1364,1024,-1.8,0.1799999,8.206845
63926390961.453,1,0,4,1,0,1,26.87993,0,141.982717782342,0,0,0,99.37147,336,1364,1024,-1.8,0.1799999,8.206845
63926390961.7219,1,0,4,1,0,1,26.61992,0,141.982717782342,0,0,0,99.63983,337,1364,1024,-1.8,0.1799999,8.206845
63926390961.9908,1,0,4,1,0,1,26.33992,0,141.982717782342,0,0,0,99.90988,338,1364,1024,-1.8,0.1799999,8.206845
63926390962.2654,1,0,4,1,0,1,26.05991,0,141.982717782342,0,0,0,100.1837,339,1364,1024,-1.8,0.1799999,8.206845
63926390962.5692,1,0,4,1,0,1,25.7599,0,141.982717782342,0,0,0,100.4864,340,1364,1024,-1.8,0.1799999,8.206845
63926390962.8547,1,0,4,1,0,1,25.4799,0,141.982717782342,0,0,0,100.7717,341,1364,1024,-2.47298,0.18,8.206845
63926390963.1422,1,0,4,1,0,1,25.17989,0,141.982717782342,0,0,0,101.0603,342,1364,1024,-2.982839,0.18,7.696986
63926390963.4248,1,0,4,1,0,1,24.89988,0,141.982717782342,0,0,0,101.3426,343,1364,1024,-3.458707,0.18,7.221118
63926390963.6977,1,0,4,1,0,1,24.63988,0,141.982717782342,0,0,0,101.6167,344,1364,1024,-3.458707,0.1799999,7.221118
63926390963.9732,1,0,4,1,0,1,24.35987,0,141.982717782342,0,0,0,101.8921,345,1364,1024,-2.785728,0.18,7.221118
63926390964.2512,1,0,4,1,0,1,24.07986,0,141.982717782342,0,0,0,102.169,346,1364,1024,-2.112748,0.18,7.221118
63926390964.5197,1,0,4,1,0,1,23.81986,0,141.982717782342,0,0,0,102.438,347,1364,1024,-1.487838,0.18,7.221118
63926390964.796,1,0,4,1,0,1,23.53985,0,141.982717782342,0,0,0,102.714,348,1364,1024,-0.8148583,0.18,7.221118
63926390965.0607,1,0,4,1,0,1,23.27985,0,141.982717782342,0,0,0,102.9786,349,1364,1024,-0.1899485,0.18,7.221118
63926390965.3537,1,0,4,1,0,1,22.97984,0,141.982717782342,0,0,0,103.2711,350,1364,1024,0.5311012,0.18,7.221118
63926390965.644,1,0,4,1,0,1,22.67983,0,141.982717782342,0,0,0,103.562,351,1364,1024,1.252151,0.18,7.221118
63926390965.9398,1,0,4,1,0,1,22.39983,0,141.982717782342,0,0,0,103.8582,352,1364,1024,1.925131,0.18,7.221118
63926390966.232,1,0,4,1,0,1,22.09982,0,141.982717782342,0,0,0,104.1504,353,1364,1024,2.64618,0.18,7.221118
63926390966.5748,1,0,4,1,0,1,21.75981,0,141.982717782342,0,0,0,104.4837,354,1364,1024,3.46337,0.18,7.221118
63926390966.8933,1,0,4,1,0,1,21.4398,0,141.982717782342,0,0,0,104.8023,355,1364,1024,4.00722,0.18,7.764967
63926390967.2103,1,0,4,1,0,1,21.1398,0,141.982717782342,0,0,0,105.115,356,1364,1024,4.00722,0.18,7.764967
63926390967.4925,1,0,4,1,0,1,20.83979,0,141.982717782342,0,0,0,105.4038,357,1364,1024,3.497361,0.18,7.255108
63926390967.7812,1,0,4,1,0,1,20.55978,0,141.982717782342,0,0,0,105.693,358,1364,1024,2.783558,0.18,6.541306
63926390968.0516,1,0,4,1,0,1,20.53978,0,141.982717782342,0,0,0,105.7067,359,1364,1024,2.732572,0.18,6.49032
63926390968.3401,1,0,4,1,0,1,20.25978,0,141.982717782342,0,0,0,105.9921,360,1364,1024,2.018769,0.18,5.776517
63926390968.6395,1,0,4,1,0,1,19.95977,0,141.982717782342,0,0,0,106.2897,361,1364,1024,1.253981,0.18,5.011728
63926390968.9008,1,0,4,1,0,1,19.69976,0,141.982717782342,0,0,0,106.5526,362,1364,1024,0.3166161,0.18,5.011728
63926390969.1853,1,0,4,1,0,1,19.41976,0,141.982717782342,0,0,0,106.8372,363,1364,1024,-0.1592525,0.18,4.53586
63926390969.4538,1,0,4,1,0,1,19.13975,0,141.982717782342,0,0,0,107.1046,364,1364,1024,-0.635121,0.18,4.059991
63926390969.7374,1,0,4,1,0,1,18.85975,0,141.982717782342,0,0,0,107.3878,365,1364,1024,-1.308101,0.18,4.059991
63926390969.9977,1,0,4,1,0,1,18.59974,0,141.982717782342,0,0,0,107.6474,366,1364,1024,-3.034965,0.18,3.905334
63926390970.2438,1,0,4,1,0,1,18.35973,0,141.982717782342,0,0,0,107.8953,367,1364,1024,-3.253482,0.18,3.762573
63926390970.5316,1,0,4,1,0,1,18.07973,0,141.982717782342,0,0,0,108.1798,368,1364,1024,-3.420036,0.18,3.929127
63926390970.7888,1,0,4,1,0,1,17.81972,0,141.982717782342,0,0,0,108.437,369,1364,1024,-3.685163,0.18,4.194254
63926390971.0716,1,0,4,1,0,1,17.51971,0,141.982717782342,0,0,0,108.722,370,1364,1024,-4.195022,0.18,4.704113
63926390971.3565,1,0,4,1,0,1,17.51971,0,141.982717782342,0,0,0,108.7365,371,1364,1024,-1.8,0,9
63926390971.6528,1,0,4,1,0,1,17.21971,0,141.982717782342,0,0,0,109.0294,372,1364,1024,-1.8,0.1799999,9
63926390971.9357,1,0,4,1,0,1,16.9397,0,141.982717782342,0,0,0,109.3114,373,1364,1024,-1.8,0.1799999,9
63926390972.2074,1,0,4,1,0,1,16.65969,0,141.982717782342,0,0,0,109.583,374,1364,1024,-1.8,0.1799999,9
63926390972.4911,1,0,4,1,0,1,16.37969,0,141.982717782342,0,0,0,109.8635,375,1364,1024,-1.8,0.1799999,9
63926390972.7657,1,0,4,1,0,1,16.09968,0,141.982717782342,0,0,0,110.141,376,1364,1024,-1.8,0.1799999,9
63926390973.0614,1,0,4,1,0,1,15.81968,0,141.982717782342,0,0,0,110.4373,377,1364,1024,-1.8,0.1799999,9
63926390973.3641,1,0,4,1,0,1,15.79967,0,141.982717782342,0,0,0,110.4527,378,1364,1024,-1.8,0.1799999,9
63926390973.6323,1,0,4,1,0,1,15.53967,0,141.982717782342,0,0,0,110.7172,379,1364,1024,-1.8,0.1799999,9
63926390973.929,1,0,4,1,0,1,15.23966,0,141.982717782342,0,0,0,111.0143,380,1364,1024,-1.8,0.1799999,9
63926390974.2124,1,0,4,1,0,1,14.95966,0,141.982717782342,0,0,0,111.2985,381,1364,1024,-1.8,0.1799999,9
63926390974.4915,1,0,4,1,0,1,14.67965,0,141.982717782342,0,0,0,111.577,382,1364,1024,-1.8,0.1799999,9
63926390974.7587,1,0,4,1,0,1,14.39964,0,141.982717782342,0,0,0,111.8435,383,1364,1024,-1.8,0.1799999,9
63926390975.05,1,0,4,1,0,1,14.11964,0,141.982717782342,0,0,0,112.1357,384,1364,1024,-1.8,0.1799999,9
63926390975.3216,1,0,4,1,0,1,13.83963,0,141.982717782342,0,0,0,112.4077,385,1364,1024,-1.8,0.1799999,9
63926390975.602,1,0,4,1,0,1,13.55962,0,141.982717782342,0,0,0,112.6886,386,1364,1024,-1.8,0.1799999,9
63926390975.8839,1,0,4,1,0,1,13.27962,0,141.982717782342,0,0,0,112.9704,387,1364,1024,-1.8,0.1799999,9
63926390976.1608,1,0,4,1,0,1,12.99961,0,141.982717782342,0,0,0,113.2456,388,1364,1024,-1.8,0.1799999,9
63926390976.4531,1,0,4,1,0,1,12.7196,0,141.982717782342,0,0,0,113.539,389,1364,1024,-1.8,0.1799999,9
63926390976.7241,1,0,4,1,0,1,12.4396,0,141.982717782342,0,0,0,113.8088,390,1364,1024,-1.8,0.1799999,9
63926390976.9765,1,0,4,1,0,1,12.17959,0,141.982717782342,0,0,0,114.063,391,1364,1024,-1.8,0.1799999,9
63926390977.2552,1,0,4,1,0,1,11.89959,0,141.982717782342,0,0,0,114.341,392,1364,1024,-1.8,0.1799999,9
63926390977.5346,1,0,4,1,0,1,11.61958,0,141.982717782342,0,0,0,114.6202,393,1364,1024,-1.8,0.18,8.327021
63926390977.8042,1,0,4,1,0,1,11.35957,0,141.982717782342,0,0,0,114.8897,394,1364,1024,-1.8,0.18,7.389656
63926390978.0771,1,0,4,1,0,1,11.09957,0,141.982717782342,0,0,0,115.1587,395,1364,1024,-1.8,0.18,6.452291
63926390978.371,1,0,4,1,0,1,10.79956,0,141.982717782342,0,0,0,115.4557,396,1364,1024,-1.8,0.18,6.452291
63926390978.6317,1,0,4,1,0,1,10.53955,0,141.982717782342,0,0,0,115.7164,397,1364,1024,-1.868554,0.18,7.295276
63926390978.9011,1,0,4,1,0,1,10.25955,0,141.982717782342,0,0,0,115.9871,398,1364,1024,-2.344422,0.18,7.771145
63926390979.1587,1,0,4,1,0,1,9.999542,0,141.982717782342,0,0,0,116.2437,399,1364,1024,-1.902544,0.18,8.213023
63926390979.43,1,0,4,1,0,1,9.739536,0,141.982717782342,0,0,0,116.5144,400,1364,1024,-1.902544,0.18,8.213023
63926390979.687,1,0,4,1,0,1,9.47953,0,141.982717782342,0,0,0,116.7713,401,1364,1024,-1.902544,0.18,8.213023
63926390979.9474,1,0,4,1,0,1,9.219524,0,141.982717782342,0,0,0,117.033,402,1364,1024,-1.902544,0.18,8.213023
63926390980.2159,1,0,4,1,0,1,8.939518,0,141.982717782342,0,0,0,117.3003,403,1364,1024,-1.902544,0.18,8.213023
63926390980.4973,1,0,4,1,0,1,8.659512,0,141.982717782342,0,0,0,117.5804,404,1364,1024,-1.902544,0.18,8.213023
63926390980.7409,1,0,4,1,0,1,8.419506,0,141.982717782342,0,0,0,117.8262,405,1364,1024,-1.902544,0.18,8.213023
63926390981.0198,1,0,4,1,0,1,8.1395,0,141.982717782342,0,0,0,118.1022,406,1364,1024,-1.902544,0.18,8.213023
63926390981.2835,1,0,4,1,0,1,7.879497,0,141.982717782342,0,0,0,118.366,407,1364,1024,-1.460666,0.1800001,7.771145
63926390981.5831,1,0,4,1,0,1,7.579497,0,141.982717782342,0,0,0,118.6674,408,1364,1024,-0.7396166,0.1800001,7.771145
63926390981.8519,1,0,4,1,0,1,7.319498,0,141.982717782342,0,0,0,118.9367,409,1364,1024,-0.2977387,0.18,7.329267
63926390982.1298,1,0,4,1,0,1,7.039498,0,141.982717782342,0,0,0,119.2153,410,1364,1024,-0.2977387,0.1800001,6.656287
63926390982.4182,1,0,4,1,0,1,6.739498,0,141.982717782342,0,0,0,119.5031,411,1364,1024,-0.2977387,0.1800001,5.935237
63926390982.6937,1,0,4,1,0,1,6.479498,0,141.982717782342,0,0,0,119.7786,412,1364,1024,-0.2977387,0.1800001,4.034953
63926390982.9818,1,0,4,1,0,1,6.179499,0,141.982717782342,0,0,0,120.0656,413,1364,1024,-0.2977387,0.1800001,3.580645
63926390983.2617,1,0,4,1,0,1,5.899499,0,141.982717782342,0,0,0,120.3463,414,1364,1024,-0.2977387,0.1799999,3.580645
63926390983.5426,1,0,4,1,0,1,5.619499,0,141.982717782342,0,0,0,120.6283,415,1364,1024,-0.2977387,0.18,4.355773
63926390983.831,1,0,4,1,0,1,5.339499,0,141.982717782342,0,0,0,120.9155,416,1364,1024,-0.2977387,0.18,5.028753
63926390984.131,1,0,4,1,0,1,5.0395,0,141.982717782342,0,0,0,121.2139,417,1364,1024,-0.2977387,0.18,5.749803
63926390984.4179,1,0,4,1,0,1,4.7395,0,141.982717782342,0,0,0,121.502,418,1364,1024,-0.2977387,0.18,6.470853
63926390984.713,1,0,4,1,0,1,4.4595,0,141.982717782342,0,0,0,121.7981,419,1364,1024,-0.2977387,0.18,7.143833
63926390985.0113,1,0,4,1,0,1,4.159501,0,141.982717782342,0,0,0,122.0962,420,1364,1024,-0.2977387,0.18,7.864882
63926390985.3127,1,0,4,1,0,1,3.859501,0,141.982717782342,0,0,0,122.3976,421,1364,1024,-0.2977387,0.1799999,7.864882
63926390985.5777,1,0,4,1,0,1,3.579501,0,141.982717782342,0,0,0,122.6629,422,1364,1024,-0.2977387,0.1799999,7.864882
63926390985.9001,1,0,4,1,0,1,3.259501,0,141.982717782342,0,0,0,122.9846,423,1364,1024,-0.2977387,0.1799999,7.864882
63926390986.1771,1,0,4,1,0,1,2.979502,0,141.982717782342,0,0,0,123.2632,424,1364,1024,-0.2977387,0.1799999,7.864882
63926390986.4678,1,0,4,1,0,1,2.699502,0,141.982717782342,0,0,0,123.552,425,1364,1024,-0.2977387,0.1799999,7.864882
63926390986.7698,1,0,4,1,0,1,2.399502,0,141.982717782342,0,0,0,123.8548,426,1364,1024,-0.2977387,0.1799999,7.864882
63926390987.07,1,0,4,1,0,1,2.099503,0,141.982717782342,0,0,0,124.1551,427,1364,1024,-0.2977387,0.1799999,7.864882
63926390987.3525,1,0,4,1,0,1,1.819503,0,141.982717782342,0,0,0,124.4371,428,1364,1024,-0.2977387,0.18,7.191903
63926390987.6403,1,0,4,1,0,1,1.519503,0,141.982717782342,0,0,0,124.7235,429,1364,1024,0.2121205,0.1799999,6.682044
63926390987.925,1,0,4,1,0,1,1.239503,0,141.982717782342,0,0,0,125.0083,430,1364,1024,0.687989,0.18,6.206175
63926390988.2573,1,0,4,1,0,1,0.8995037,0,141.982717782342,0,0,0,125.3407,431,1364,1024,1.265829,0.1799999,5.628335
63926390988.5549,1,0,4,1,0,1,0.619504,0,141.982717782342,0,0,0,125.6393,432,1364,1024,1.741698,0.1799999,5.152466
63926390988.8211,1,0,4,1,0,1,0.3395042,0,141.982717782342,0,0,0,125.9068,433,1364,1024,2.217566,0.18,4.676598
63926390989.0958,1,0,4,1,0,1,0.05950436,0,141.982717782342,0,0,0,126.1809,434,1364,1024,2.217566,0.1799999,4.003618
63926390989.7441,1,0,4,0,0,0,0,0,141.982717782342,0,0,0,126.4532,435,1364,1024,2.217566,0.1799999,3.787303
63926390990.5987,1,0,4,0,0,0,0,0,141.982717782342,0,0,0,127.1199,435,1364,1024,2.217566,0.1799999,3.787303
63926390990.8756,1,0,4,0,0,0,0,0,141.982717782342,0,0,0,127.4015,435,1364,1024,2.217566,0.1799999,3.787303
63926390991.1594,1,0,4,0,0,0,0,0,141.982717782342,0,0,0,127.6769,435,1364,1024,2.217566,0.1799999,3.787303
63926390991.4565,1,0,4,0,0,0,0,0,141.982717782342,0,0,0,127.9776,435,1364,1024,2.217566,0.1799999,3.787303
63926390991.8307,1,0,4,0,0,0,0,0,141.982717782342,0,0,0,128.3109,435,1364,1024,2.217566,0.1799999,3.787303
63926390992.3993,1,0,0,0,0,0,30,0,141.982717782342,0,0,0,128.5986,435,1364,1024,0,0.1819999,-2.5
63926390992.5258,1,0,0,0,0,0,30,0,141.982717782342,0,0,0,128.5986,435,1364,1024,0,0.1819999,-2.5
63926390993.767,1,0,0,0,0,0,30,0,141.982717782342,0,1,1,128.5986,435,1364,1024,0,0.1819999,-2.5
63926390994.1962,1,0,0,0,0,0,30,0,141.982717782342,0,1,1,128.5986,435,1364,1024,0,0.1819999,-2.5
63926390994.5423,1,0,0,0,0,0,30,0,141.982717782342,0,1,1,128.5986,435,1364,1024,0,0.1819999,-2.5
63926390994.8814,1,0,0,0,0,0,30,0,141.982717782342,0,1,1,128.5986,435,1364,1024,0,0.1819999,-2.5
63926390995.2813,1,0,0,0,0,0,30,0,141.982717782342,0,1,1,128.5986,435,1364,1024,0,0.1819999,-2.5
63926390995.8853,1,0,0,0,0,0,30,0,141.982717782342,0,1,1,128.5986,435,1364,1024,0,0.1819999,-2.5
63926390996.2374,1,0,0,0,0,0,30,0,141.982717782342,0,1,1,128.5986,435,1364,1024,0,0.1819999,-2.5
63926390996.6334,1,0,0,0,0,0,30,0,141.982717782342,0,1,1,128.5986,435,1364,1024,0,0.1819999,-2.5
63926390997.021,1,0,0,0,0,0,30,0,141.982717782342,0,1,1,128.5986,435,1364,1024,0,0.1819999,-2.5
63926390997.3986,1,0,0,0,0,0,30,0,141.982717782342,0,1,1,128.5986,435,1364,1024,0,0.1819999,-2.5
63926390997.8189,1,0,0,0,0,0,30,0,141.982717782342,0,1,1,128.5986,435,1364,1024,0,0.1819999,-2.5
63926390998.1762,1,0,0,0,0,0,30,0,141.982717782342,0,1,1,128.5986,435,1364,1024,0,0.1819999,-2.5
63926390998.5856,1,0,0,0,0,0,30,0,141.982717782342,0,1,1,128.5986,435,1364,1024,0,0.1819999,-2.5
63926390998.9453,1,0,0,0,0,0,30,0,141.982717782342,0,1,1,128.5986,435,1364,1024,0,0.1819999,-2.5
63926390999.3042,1,0,0,0,0,0,30,0,141.982717782342,0,1,1,128.5986,435,1364,1024,0,0.1819999,-2.5
63926390999.6574,1,0,0,0,0,0,30,0,141.982717782342,0,1,1,128.5986,435,1364,1024,0,0.1819999,-2.5
63926391000.0658,1,0,0,0,0,0,30,0,141.982717782342,0,1,1,128.5986,435,1364,1024,0,0.1819999,-2.5
63926391000.5167,1,0,0,0,0,0,30,0,141.982717782342,0,1,1,128.5986,435,1364,1024,0,0.1819999,-2.5
63926391000.9392,1,0,0,0,0,0,30,0,141.982717782342,0,1,1,128.5986,435,1364,1024,0,0.1819999,-2.5
63926391001.3386,1,0,0,0,0,0,30,0,141.982717782342,0,1,1,128.5986,435,1364,1024,0,0.1819999,-2.5
63926391001.6219,1,0,0,0,0,0,30,0,141.982717782342,0,1,1,128.5986,435,1364,1024,0,0.1819999,-2.5
63926391001.9263,1,0,0,0,0,0,30,0,141.982717782342,0,1,1,128.5986,435,1364,1024,0,0.1819999,-2.5
63926391002.2438,1,0,0,0,0,0,30,0,141.982717782342,0,1,1,128.5986,435,1364,1024,0,0.1819999,-2.5
63926391002.5349,1,0,0,0,0,0,30,0,141.982717782342,0,1,1,128.5986,435,1364,1024,0,0.1819999,-2.5
63926391002.7887,1,0,0,0,0,0,30,0,141.982717782342,0,1,1,128.5986,435,1364,1024,0,0.1819999,-2.5
63926391003.0539,1,0,0,0,0,0,30,0,141.982717782342,0,1,1,128.5986,435,1364,1024,0,0.1819999,-2.5
63926391003.3021,1,0,0,0,0,0,30,0,141.982717782342,0,1,1,128.5986,435,1364,1024,0,0.1819999,-2.5
63926391003.5497,1,0,0,0,0,0,30,0,141.982717782342,0,1,1,128.5986,435,1364,1024,0,0.1819999,-2.5
63926391003.7816,1,0,0,0,0,0,30,0,141.982717782342,0,1,1,128.5986,435,1364,1024,0,0.1819999,-2.5
63926391004.0208,1,0,0,0,0,0,30,0,141.982717782342,0,1,1,128.5986,435,1364,1024,0,0.1819999,-2.5
63926391004.2404,1,0,0,0,0,0,30,0,141.982717782342,0,1,1,128.5986,435,1364,1024,0,0.1819999,-2.5
63926391004.4885,1,0,0,0,0,0,30,0,141.982717782342,0,1,1,128.5986,435,1364,1024,0,0.1819999,-2.5
63926391004.7186,1,0,0,0,0,0,30,0,141.982717782342,0,1,1,128.5986,435,1364,1024,0,0.1819999,-2.5
63926391004.9446,1,0,0,0,0,0,30,0,141.982717782342,0,1,1,128.5986,435,1364,1024,0,0.1819999,-2.5
63926391005.1332,1,0,0,0,0,0,30,0,141.982717782342,0,1,1,128.5986,435,1364,1024,0,0.1819999,-2.5
63926391005.328,1,0,0,0,0,0,30,0,141.982717782342,0,1,1,128.5986,435,1364,1024,0,0.1819999,-2.5
63926391005.525,1,0,0,0,0,0,30,0,141.982717782342,0,1,1,128.5986,435,1364,1024,0,0.1819999,-2.5
63926391005.7283,1,0,0,0,0,0,30,0,141.982717782342,0,1,1,128.5986,435,1364,1024,0,0.1819999,-2.5
63926391005.9383,1,0,0,0,0,0,30,0,141.982717782342,0,1,1,128.5986,435,1364,1024,0,0.1819999,-2.5
63926391006.1345,1,0,0,0,0,0,30,0,141.982717782342,0,1,1,128.5986,435,1364,1024,0,0.1819999,-2.5
63926391006.3778,1,0,0,0,0,0,30,0,141.982717782342,0,1,1,128.5986,435,1364,1024,0,0.1819999,-2.5
63926391006.611,1,0,0,0,0,0,30,0,141.982717782342,0,1,1,128.5986,435,1364,1024,0,0.1819999,-2.5
63926391006.8553,1,0,0,0,0,0,30,0,141.982717782342,0,1,1,128.5986,435,1364,1024,0,0.1819999,-2.5
63926391007.0863,1,0,0,0,0,0,30,0,141.982717782342,0,1,1,128.5986,435,1364,1024,0,0.1819999,-2.5
63926391007.3304,1,0,0,0,0,0,30,0,141.982717782342,0,1,1,128.5986,435,1364,1024,0,0.1819999,-2.5
63926391007.575,1,0,0,0,0,0,30,0,141.982717782342,0,1,1,128.5986,435,1364,1024,0,0.1819999,-2.5
63926391007.8108,1,0,0,0,0,0,30,0,141.982717782342,0,1,1,128.5986,435,1364,1024,0,0.1819999,-2.5
63926391008.032,1,0,0,0,0,0,30,0,141.982717782342,0,1,1,128.5986,435,1364,1024,0,0.1819999,-2.5
63926391008.2838,1,0,0,0,0,0,30,0,141.982717782342,0,1,1,128.5986,435,1364,1024,0,0.1819999,-2.5
63926391008.5121,1,0,0,0,0,0,30,0,141.982717782342,0,1,1,128.5986,435,1364,1024,0,0.1819999,-2.5
63926391008.7336,1,0,0,0,0,0,30,0,141.982717782342,0,1,1,128.5986,435,1364,1024,0,0.1819999,-2.5
63926391008.9461,1,0,0,0,0,0,30,0,141.982717782342,0,1,1,128.5986,435,1364,1024,0,0.1819999,-2.5
63926391009.1829,1,0,0,0,0,0,30,0,141.982717782342,0,1,1,128.5986,435,1364,1024,0,0.1819999,-2.5
63926391009.4144,1,0,0,0,0,0,30,0,141.982717782342,0,1,1,128.5986,435,1364,1024,0,0.1819999,-2.5
63926391009.6463,1,0,0,0,0,0,30,0,141.982717782342,0,1,1,128.5986,435,1364,1024,0,0.1819999,-2.5
63926391009.8964,1,0,0,0,0,0,30,0,141.982717782342,0,1,1,128.5986,435,1364,1024,0,0.1819999,-2.5
63926391010.1331,1,0,0,0,0,0,30,0,141.982717782342,0,1,1,128.5986,435,1364,1024,0,0.1819999,-2.5
63926391010.3842,1,0,0,0,0,0,30,0,141.982717782342,0,1,1,128.5986,435,1364,1024,0,0.1819999,-2.5
63926391010.6775,1,0,0,0,0,0,30,0,141.982717782342,0,0,0,128.8893,435,1364,1024,0,0.1819999,-2.5
63926391010.959,1,0,0,0,0,0,30,0,141.982717782342,0,0,0,129.1698,435,1364,1024,0,0.1819999,-1.15404
63926391011.2341,1,0,0,0,0,0,30,0,141.982717782342,0,0,0,129.4447,435,1364,1024,0,0.1819999,0.1919191
63926391011.5016,1,0,0,0,0,0,30,0,141.982717782342,0,0,0,129.7126,435,1364,1024,0,0.1819999,1.441739
63926391011.8003,1,0,0,0,0,0,30,0,141.982717782342,0,0,0,130.011,435,1364,1024,0,0.1819999,2.883838
63926391012.0942,1,0,0,0,0,0,30,0,141.982717782342,0,0,0,130.3045,435,1364,1024,1.4421,0.1819999,2.883838
63926391012.3816,1,0,0,0,0,0,30,0,141.982717782342,0,0,0,130.5927,435,1364,1024,1.4421,0.1819999,2.883838
63926391012.6642,1,0,0,0,0,0,30,0,141.982717782342,0,0,0,130.8759,435,1364,1024,0.4903624,0.1819999,3.835575
63926391012.9526,1,0,0,0,0,0,30,0,141.982717782342,0,0,0,131.1634,435,1364,1024,0.6368884,0.1819999,5.684175
63926391013.2383,1,0,0,0,0,0,30,0,141.982717782342,0,0,0,131.4497,435,1364,1024,-0.1958991,0.1819999,6.381575
63926391013.5233,1,0,0,0,0,0,30,0,141.982717782342,0,0,0,131.7348,435,1364,1024,-0.05632843,0.1819999,6.643408
63926391013.8112,1,0,0,0,0,0,30,0,141.982717782342,0,0,0,132.0224,435,1364,1024,-1.281074,0.1819999,6.513707
63926391014.086,1,0,0,0,0,0,30,0,141.982717782342,0,0,0,132.2974,435,1364,1024,-2.181302,0.1819999,5.263888
63926391014.3737,1,0,0,0,0,0,30,0,141.982717782342,0,0,0,132.5837,435,1364,1024,-1.161584,0.1819999,4.244169
63926391014.6661,1,0,0,0,0,0,30,0,141.982717782342,0,0,0,132.873,435,1364,1024,-1.161584,0.1819999,4.244169
63926391014.9538,1,0,1,1,0,1,29.69999,0,141.982717782342,0,0,0,133.1625,436,1364,1024,0,0.182,-1.34632
63926391015.2242,1,0,1,1,0,1,29.43999,0,141.982717782342,0,0,0,133.435,437,1364,1024,0,0.182,-0.09650081
63926391015.5023,1,0,1,1,0,1,29.15998,0,141.982717782342,0,0,0,133.7135,438,1364,1024,0,0.182,1.249459
63926391015.7719,1,0,1,1,0,1,28.87997,0,141.982717782342,0,0,0,133.9817,439,1364,1024,0,0.182,2.595418
63926391016.0407,1,0,1,1,0,1,28.61997,0,141.982717782342,0,0,0,134.2522,440,1364,1024,-0.8837559,0.182,3.479174
63926391016.3206,1,0,1,1,0,1,28.33996,0,141.982717782342,0,0,0,134.5319,441,1364,1024,-0.8837559,0.182,3.479174
63926391016.5887,1,0,1,1,0,1,28.07996,0,141.982717782342,0,0,0,134.7997,442,1364,1024,0,0.182,2.595418
63926391016.8542,1,0,1,1,0,1,27.79995,0,141.982717782342,0,0,0,135.0646,443,1364,1024,0,0.182,2.595418
63926391017.0903,1,0,1,1,0,1,27.55994,0,141.982717782342,0,0,0,135.3008,444,1364,1024,0,0.182,3.749098
63926391017.347,1,0,1,1,0,1,27.31994,0,141.982717782342,0,0,0,135.5574,445,1364,1024,0,0.182,3.749098
63926391017.5985,1,0,1,1,0,1,27.05993,0,141.982717782342,0,0,0,135.8086,446,1364,1024,0,0.182,2.499278
63926391017.8658,1,0,1,1,0,1,26.79993,0,141.982717782342,0,0,0,136.0753,447,1364,1024,-0.001757416,0.182,2.333553
63926391018.1365,1,0,1,1,0,1,26.51992,0,141.982717782342,0,0,0,136.3457,448,1364,1024,-0.001757416,0.182,3.679512
63926391018.3862,1,0,1,1,0,1,26.27991,0,141.982717782342,0,0,0,136.5971,449,1364,1024,-0.001757416,0.182,3.679512
63926391018.6465,1,0,1,1,0,1,26.01991,0,141.982717782342,0,0,0,136.8578,450,1364,1024,-0.001757416,0.182,2.429693
63926391018.8908,1,0,1,1,0,1,25.7599,0,141.982717782342,0,0,0,137.1024,451,1364,1024,-0.001757416,0.182,2.429693
63926391019.1407,1,0,1,1,0,1,25.5199,0,141.982717782342,0,0,0,137.3523,452,1364,1024,-0.001757416,0.182,2.429693
63926391019.3932,1,0,1,1,0,1,25.25989,0,141.982717782342,0,0,0,137.603,453,1364,1024,-0.001757416,0.182,3.679512
63926391019.6449,1,0,1,1,0,1,25.01989,0,141.982717782342,0,0,0,137.8535,454,1364,1024,1.247784,0.182,6.702656
63926391019.9167,1,0,1,1,0,1,24.73988,0,141.982717782342,0,0,0,138.1273,455,1364,1024,0.1552893,0.1819999,7
63926391020.167,1,0,1,1,0,1,24.49987,0,141.982717782342,0,0,0,138.3774,456,1364,1024,0.1552893,0.1819999,5.84632
63926391020.4108,1,0,1,1,0,1,24.23987,0,141.982717782342,0,0,0,138.6219,457,1364,1024,0.1552893,0.1819999,3.971591
63926391020.665,1,0,1,1,0,1,23.99986,0,141.982717782342,0,0,0,138.8759,458,1364,1024,0.1552893,0.1819999,2.241072
63926391020.9101,1,0,1,1,0,1,23.73986,0,141.982717782342,0,0,0,139.1213,459,1364,1024,0.1552893,0.1819999,0.3663428
63926391021.1564,1,0,1,1,0,1,23.49985,0,141.982717782342,0,0,0,139.3679,460,1364,1024,0.1552893,0.1819999,0.3663428
63926391021.4255,1,0,1,1,0,1,23.23985,0,141.982717782342,0,0,0,139.6364,461,1364,1024,0.1552893,0.1819999,0.3663428
63926391021.6839,1,0,1,1,0,1,22.97984,0,141.982717782342,0,0,0,139.8956,462,1364,1024,0.1552893,0.1819999,0.3663428
63926391021.9417,1,0,1,1,0,1,22.71983,0,141.982717782342,0,0,0,140.1508,463,1364,1024,0.1552893,0.1819999,0.3663428
63926391022.1892,1,0,1,1,0,1,22.45983,0,141.982717782342,0,0,0,140.4007,464,1364,1024,0.1552893,0.1819999,0.3663428
63926391022.4453,1,0,1,1,0,1,22.21982,0,141.982717782342,0,0,0,140.6561,465,1364,1024,0.1552893,0.1819999,0.3663428
63926391022.698,1,0,1,1,0,1,21.95982,0,141.982717782342,0,0,0,140.9085,466,1364,1024,0.1552893,0.1819999,0.3663428
63926391022.9588,1,0,1,1,0,1,21.69981,0,141.982717782342,0,0,0,141.1689,467,1364,1024,0.1552893,0.1819999,1.616162
63926391023.2176,1,0,1,1,0,1,21.4398,0,141.982717782342,0,0,0,141.4279,468,1364,1024,0.1552893,0.1819999,1.953142
63926391023.483,1,0,1,1,0,1,21.1798,0,141.982717782342,0,0,0,141.693,469,1364,1024,0.1552893,0.1819999,1.953142
63926391023.7363,1,0,1,1,0,1,20.91979,0,141.982717782342,0,0,0,141.9465,470,1364,1024,0.1552893,0.1819999,3.202962
63926391023.9967,1,0,1,1,0,1,20.65979,0,141.982717782342,0,0,0,142.2066,471,1364,1024,0.2413548,0.1819999,5.846082
63926391024.2445,1,0,1,1,0,1,20.41978,0,141.982717782342,0,0,0,142.4559,472,1364,1024,0.2413548,0.1819999,5.846082
63926391024.4883,1,0,1,1,0,1,20.17978,0,141.982717782342,0,0,0,142.6986,473,1364,1024,0.2413548,0.1819999,4.692402
63926391024.7633,1,0,1,1,0,1,19.89977,0,141.982717782342,0,0,0,142.9711,474,1364,1024,-0.6955613,0.1819999,3.679664
63926391025.0384,1,0,1,1,0,1,19.61976,0,141.982717782342,0,0,0,143.2487,475,1364,1024,-0.6639538,0.1819999,3.549572
63926391025.2949,1,0,1,1,0,1,19.35976,0,141.982717782342,0,0,0,143.5052,476,1364,1024,-0.6639538,0.1819999,4.799392
63926391025.5597,1,0,1,1,0,1,19.09975,0,141.982717782342,0,0,0,143.7676,477,1364,1024,-1.913773,0.1819999,4.799392
63926391025.8372,1,0,1,1,0,1,18.81974,0,141.982717782342,0,0,0,144.0473,478,1364,1024,-1.913773,0.1819999,3.453433
63926391026.1049,1,0,1,1,0,1,18.55974,0,141.982717782342,0,0,0,144.3156,479,1364,1024,-1.913773,0.1819999,3.116453
63926391026.3847,1,0,1,1,0,1,18.27973,0,141.982717782342,0,0,0,144.5938,480,1364,1024,-1.913773,0.1819999,3.116453
63926391026.6635,1,0,1,1,0,1,17.99973,0,141.982717782342,0,0,0,144.8725,481,1364,1024,-2.654141,0.1819999,3.847449
63926391026.9397,1,0,1,1,0,1,17.71972,0,141.982717782342,0,0,0,145.1487,482,1364,1024,-3.500746,0.1819999,4.751276
63926391027.1977,1,0,1,1,0,1,17.69972,0,141.982717782342,0,0,0,145.1618,483,1364,1024,-3.568728,0.1819999,4.819257
63926391027.4734,1,0,1,1,0,1,17.43971,0,141.982717782342,0,0,0,145.4339,484,1364,1024,-4.452484,0.1819999,3.935501
63926391027.7486,1,0,1,1,0,1,17.15971,0,141.982717782342,0,0,0,145.7076,485,1364,1024,-4.452484,0.1819999,3.935501
63926391028.0151,1,0,1,1,0,1,16.8997,0,141.982717782342,0,0,0,145.9764,486,1364,1024,-4.452484,0.1819999,3.935501
63926391028.2776,1,0,1,1,0,1,16.63969,0,141.982717782342,0,0,0,146.2384,487,1364,1024,-5.702303,0.1819999,3.935501
63926391028.5586,1,0,1,1,0,1,16.35969,0,141.982717782342,0,0,0,146.5192,488,1364,1024,-6.65404,0.1819999,2.983764
63926391028.8319,1,0,1,1,0,1,16.07968,0,141.982717782342,0,0,0,146.7936,489,1364,1024,-6.65404,0.1819999,2.983764
63926391029.0913,1,0,1,1,0,1,15.81968,0,141.982717782342,0,0,0,147.052,490,1364,1024,-6.65404,0.1819999,2.983764
63926391029.345,1,0,1,1,0,1,15.55967,0,141.982717782342,0,0,0,147.3062,491,1364,1024,-6.65404,0.1819999,2.983764
63926391029.6322,1,0,1,1,0,1,15.27966,0,141.982717782342,0,0,0,147.5913,492,1364,1024,-6.65404,0.1819999,2.983764
63926391029.8917,1,0,1,1,0,1,15.01966,0,141.982717782342,0,0,0,147.8514,493,1364,1024,-6.65404,0.1819999,1.733944
63926391030.1651,1,0,1,1,0,1,14.73965,0,141.982717782342,0,0,0,148.1251,494,1364,1024,-6.65404,0.1819999,1.733944
63926391030.4164,1,0,1,1,0,1,14.49965,0,141.982717782342,0,0,0,148.3771,495,1364,1024,-6.65404,0.1819999,1.733944
63926391030.6647,1,0,1,1,0,1,14.23964,0,141.982717782342,0,0,0,148.6261,496,1364,1024,-6.65404,0.1819999,2.983764
63926391030.9363,1,0,1,1,0,1,13.97963,0,141.982717782342,0,0,0,148.8978,497,1364,1024,-6.65404,0.1819999,2.983764
63926391031.1931,1,0,1,1,0,1,13.71963,0,141.982717782342,0,0,0,149.1544,498,1364,1024,-5.404221,0.1819999,2.983764
63926391031.4745,1,0,1,1,0,1,13.43962,0,141.982717782342,0,0,0,149.4348,499,1364,1024,-4.058261,0.1819999,2.983764
63926391031.7501,1,0,1,1,0,1,13.15961,0,141.982717782342,0,0,0,149.7105,500,1364,1024,-3.106524,0.1819999,2.032027
63926391032.0346,1,0,1,1,0,1,12.87961,0,141.982717782342,0,0,0,149.9957,501,1364,1024,-1.760565,0.1819999,2.032027
63926391032.3175,1,0,1,1,0,1,12.5996,0,141.982717782342,0,0,0,150.2784,502,1364,1024,-1.760565,0.1819999,2.032027
63926391032.6059,1,0,1,1,0,1,12.29959,0,141.982717782342,0,0,0,150.5658,503,1364,1024,-3.202664,0.1819999,2.032027
63926391032.8855,1,0,1,1,0,1,12.01959,0,141.982717782342,0,0,0,150.8459,504,1364,1024,-3.202664,0.1819999,0.6860669
63926391033.1454,1,0,1,1,0,1,11.75958,0,141.982717782342,0,0,0,151.1054,505,1364,1024,-3.202664,0.1819999,-0.5637527
63926391033.407,1,0,1,1,0,1,11.49958,0,141.982717782342,0,0,0,151.3677,506,1364,1024,-3.202664,0.1819999,-0.5637527
63926391033.6796,1,0,1,1,0,1,11.21957,0,141.982717782342,0,0,0,151.6403,507,1364,1024,-4.154401,0.1819999,0.3879845
63926391033.9416,1,0,1,1,0,1,10.95956,0,141.982717782342,0,0,0,151.9023,508,1364,1024,-5.247367,0.1819999,1.600257
63926391034.2208,1,0,1,1,0,1,10.95956,0,141.982717782342,0,0,0,151.9165,509,1364,1024,-5.247367,0.1819999,1.600257
63926391034.4926,1,0,1,1,0,1,10.67956,0,141.982717782342,0,0,0,152.1829,510,1364,1024,-5.247367,0.1819999,1.600257
63926391034.7761,1,0,1,1,0,1,10.39955,0,141.982717782342,0,0,0,152.4669,511,1364,1024,-3.819761,0.1819999,0.1726517
63926391035.0443,1,0,1,1,0,1,10.13955,0,141.982717782342,0,0,0,152.7359,512,1364,1024,-4.703517,0.1819999,-0.7111042
63926391035.3093,1,0,1,1,0,1,9.859539,0,141.982717782342,0,0,0,153.0007,513,1364,1024,-5.655254,0.1819999,0.2406329
63926391035.566,1,0,1,1,0,1,9.859539,0,141.982717782342,0,0,0,153.0138,514,1364,1024,-5.655254,0.1819999,0.2406329
63926391035.8437,1,0,1,1,0,1,9.579533,0,141.982717782342,0,0,0,153.2864,515,1364,1024,-7,0.1819999,0.7182707
63926391036.1384,1,0,1,1,0,1,9.279526,0,141.982717782342,0,0,0,153.582,516,1364,1024,-5.5579,0.1819999,0.7182707
63926391036.4167,1,0,1,1,0,1,9.01952,0,141.982717782342,0,0,0,153.8596,517,1364,1024,-3.683171,0.1819999,0.7182707
63926391036.68,1,0,1,1,0,1,8.739513,0,141.982717782342,0,0,0,154.1227,518,1364,1024,-2.731434,0.1819999,1.670008
63926391036.9479,1,0,1,1,0,1,8.479507,0,141.982717782342,0,0,0,154.3916,519,1364,1024,-1.481615,0.1819999,1.670008
63926391037.2303,1,0,1,1,0,1,8.199501,0,141.982717782342,0,0,0,154.6743,520,1364,1024,-0.1356551,0.1819999,1.670008
63926391037.5093,1,0,1,1,0,1,7.919497,0,141.982717782342,0,0,0,154.9533,521,1364,1024,1.210304,0.1819999,1.670008
63926391037.7799,1,0,1,1,0,1,7.639497,0,141.982717782342,0,0,0,155.2239,522,1364,1024,2.162041,0.1819999,0.7182707
63926391038.0523,1,0,1,1,0,1,7.379498,0,141.982717782342,0,0,0,155.4966,523,1364,1024,3.045797,0.1819999,-0.1654852
63926391038.3346,1,0,1,1,0,1,7.099498,0,141.982717782342,0,0,0,155.7783,524,1364,1024,3.045797,0.1819999,-0.1654852
63926391038.6148,1,0,1,1,0,1,6.819498,0,141.982717782342,0,0,0,156.0579,525,1364,1024,3.045797,0.1819999,-0.1654852
63926391038.9059,1,0,1,1,0,1,6.519498,0,141.982717782342,0,0,0,156.3481,526,1364,1024,3.285581,0.1819999,1.050855
63926391039.1855,1,0,1,1,0,1,6.239499,0,141.982717782342,0,0,0,156.6297,527,1364,1024,3.285581,0.1819999,1.050855
63926391039.4375,1,0,1,1,0,1,5.979499,0,141.982717782342,0,0,0,156.8817,528,1364,1024,3.285581,0.1819999,-0.1989644
63926391039.7188,1,0,1,1,0,1,5.699499,0,141.982717782342,0,0,0,157.1615,529,1364,1024,2.333844,0.1819999,-1.150702
63926391039.9911,1,0,1,1,0,1,5.699499,0,141.982717782342,0,0,0,157.1754,530,1364,1024,2.333844,0.1819999,-1.150702
63926391040.2515,1,0,1,1,0,1,5.439499,0,141.982717782342,0,0,0,157.4331,531,1364,1024,2.333844,0.1819999,-1.150702
63926391040.538,1,0,1,1,0,1,5.1595,0,141.982717782342,0,0,0,157.719,532,1364,1024,2.333844,0.1819999,-1.150702
63926391040.7891,1,0,1,1,0,1,4.8995,0,141.982717782342,0,0,0,157.9698,533,1364,1024,2.333844,0.1819999,0.09911804
63926391041.0697,1,0,1,1,0,1,4.6195,0,141.982717782342,0,0,0,158.2503,534,1364,1024,1.382107,0.1819999,1.050855
63926391041.3602,1,0,1,1,0,1,4.3395,0,141.982717782342,0,0,0,158.5388,535,1364,1024,1.382107,0.1819999,2.396815
63926391041.6686,1,0,1,1,0,1,4.019501,0,141.982717782342,0,0,0,158.8487,536,1364,1024,1.382107,0.1819999,4.704174
63926391041.9233,1,0,1,1,0,1,3.759501,0,141.982717782342,0,0,0,159.1023,537,1364,1024,1.382107,0.1819999,4.704174
63926391042.2195,1,0,1,1,0,1,3.479501,0,141.982717782342,0,0,0,159.3979,538,1364,1024,0.4303701,0.1819999,3.752437
63926391042.483,1,0,1,1,0,1,3.199502,0,141.982717782342,0,0,0,159.6637,539,1364,1024,-0.521367,0.1819999,2.800699
63926391042.7504,1,0,1,1,0,1,2.939502,0,141.982717782342,0,0,0,159.9309,540,1364,1024,-0.521367,0.1819999,2.800699
63926391043.0133,1,0,1,1,0,1,2.679502,0,141.982717782342,0,0,0,160.1927,541,1364,1024,0.3623889,0.1819999,3.684455
63926391043.2782,1,0,1,1,0,1,2.419502,0,141.982717782342,0,0,0,160.458,542,1364,1024,0.3623889,0.1819999,4.934275
63926391043.5673,1,0,1,1,0,1,2.119503,0,141.982717782342,0,0,0,160.7464,543,1364,1024,0.3623889,0.1819999,7
63926391043.8381,1,0,1,1,0,1,1.859503,0,141.982717782342,0,0,0,161.0186,544,1364,1024,0.3623889,0.1819999,7
63926391044.1111,1,0,1,1,0,1,1.579503,0,141.982717782342,0,0,0,161.2909,545,1364,1024,0.3623889,0.1819999,5.65404
63926391044.3745,1,0,1,1,0,1,1.319503,0,141.982717782342,0,0,0,161.5549,546,1364,1024,0.3623889,0.1819999,4.404221
63926391044.6637,1,0,1,1,0,1,1.019504,0,141.982717782342,0,0,0,161.8414,547,1364,1024,0.3623889,0.1819999,2.962121
63926391045.2146,1,0,1,1,0,1,0.6995039,0,141.982717782342,0,0,0,162.1747,548,1364,1024,-1.175851,0.1819999,2.962121
63926391045.4813,1,0,1,1,0,1,0.4195042,0,141.982717782342,0,0,0,162.4425,549,1364,1024,-1.175851,0.1819999,2.962121
63926391045.7462,1,0,1,1,0,1,0.1595043,0,141.982717782342,0,0,0,162.7077,550,1364,1024,0.07396901,0.1819999,2.962121
63926391046.0038,1,0,1,0,1,1,0,1,234.966474315342,4.998254,1,1,162.9648,551,1364,1024,0.6178188,0.1819999,2.418272
63926391046.2666,1,0,1,0,1,1,0,1,234.966474315342,4.735546,1,1,162.9648,551,1364,1024,0.6178188,0.1819999,2.418272
63926391046.5386,1,0,1,0,1,1,0,1,234.966474315342,4.463472,1,1,162.9648,551,1364,1024,0.6178188,0.1819999,2.418272
63926391047.0948,1,0,1,0,1,1,0,1,234.966474315342,3.907331,1,1,162.9648,551,1364,1024,0.6178188,0.1819999,2.418272
63926391047.3871,1,0,1,0,1,1,0,1,234.966474315342,3.615007,1,1,162.9648,551,1364,1024,0.6178188,0.1819999,2.418272
63926391047.6628,1,0,1,0,1,1,0,1,234.966474315342,3.339299,1,1,162.9648,551,1364,1024,0.6178188,0.1819999,2.418272
63926391048.0169,1,0,1,0,1,1,0,1,234.966474315342,2.98518,1,1,162.9648,551,1364,1024,0.6178188,0.1819999,2.418272
63926391048.4133,1,0,1,0,1,1,0,1,234.966474315342,2.588833,1,1,162.9648,551,1364,1024,0.6178188,0.1819999,2.418272
63926391048.7437,1,0,1,0,1,1,0,1,234.966474315342,2.258482,1,1,162.9648,551,1364,1024,0.6178188,0.1819999,2.418272
63926391049.2985,1,0,1,0,1,1,0,1,234.966474315342,1.703678,1,1,162.9648,551,1364,1024,0.6178188,0.1819999,2.418272
63926391049.5954,1,0,1,0,1,1,0,1,234.966474315342,1.406765,1,1,162.9648,551,1364,1024,0.6178188,0.1819999,2.418272
63926391049.9552,1,0,1,0,1,1,0,1,234.966474315342,1.04695,1,1,162.9648,551,1364,1024,0.6178188,0.1819999,2.418272
63926391050.2789,1,0,1,0,1,1,0,1,234.966474315342,0.723248,1,1,162.9648,551,1364,1024,0.6178188,0.1819999,2.418272
63926391050.5515,1,0,1,0,1,1,0,1,234.966474315342,0.4506755,1,1,162.9648,551,1364,1024,0.6178188,0.1819999,2.418272
63926391050.8234,1,0,1,0,1,1,0,1,234.966474315342,0.1787739,1,1,162.9648,551,1364,1024,0.6178188,0.1819999,2.418272
63926391051.1618,1,0,1,0,1,1,0,1,234.966474315342,0,1,1,162.9648,551,1364,1024,0.6178188,0.1819999,2.418272
63926391051.4988,1,0,2,1,0,1,29.67999,0,234.966474315342,0,0,0,163.2969,552,1364,1024,-1.8,0.1819999,9
63926391051.8229,1,0,2,1,0,1,29.33998,0,234.966474315342,0,0,0,163.6207,553,1364,1024,-1.8,0.1819999,8.18281
63926391052.1518,1,0,2,1,0,1,29.01998,0,234.966474315342,0,0,0,163.9479,554,1364,1024,-1.8,0.1819999,7.029131
63926391052.4717,1,0,2,1,0,1,28.69997,0,234.966474315342,0,0,0,164.2685,555,1364,1024,-1.8,0.1819999,5.875451
63926391052.7865,1,0,2,1,0,1,28.39996,0,234.966474315342,0,0,0,164.5739,556,1364,1024,-1.8,0.1819999,5.875451
63926391053.0612,1,0,2,1,0,1,28.11996,0,234.966474315342,0,0,0,164.859,557,1364,1024,-1.8,0.1819999,6.884921
63926391053.3164,1,0,2,1,0,1,27.85995,0,234.966474315342,0,0,0,165.1138,558,1364,1024,-1.8,0.1819999,7.50983
63926391053.592,1,0,2,1,0,1,27.57994,0,234.966474315342,0,0,0,165.3911,559,1364,1024,-1.8,0.1819999,8.182811
63926391053.8864,1,0,2,1,0,1,27.27994,0,234.966474315342,0,0,0,165.6835,560,1364,1024,-1.8,0.1819999,8.182811
63926391054.1569,1,0,2,1,0,1,27.01993,0,234.966474315342,0,0,0,165.9523,561,1364,1024,-1.8,0.1819999,8.182811
63926391054.4107,1,0,2,1,0,1,26.75993,0,234.966474315342,0,0,0,166.2084,562,1364,1024,-1.8,0.1819999,8.182811
63926391054.6789,1,0,2,1,0,1,26.49992,0,234.966474315342,0,0,0,166.4769,563,1364,1024,-1.8,0.1819999,8.182811
63926391054.9692,1,0,2,1,0,1,26.19991,0,234.966474315342,0,0,0,166.7677,564,1364,1024,-1.8,0.1819999,8.182811
63926391055.2561,1,0,2,1,0,1,25.91991,0,234.966474315342,0,0,0,167.0546,565,1364,1024,-1.8,0.1819999,8.182811
63926391055.5383,1,0,2,1,0,1,25.6399,0,234.966474315342,0,0,0,167.3354,566,1364,1024,-2.47298,0.1819999,8.182811
63926391055.8053,1,0,2,1,0,1,25.35989,0,234.966474315342,0,0,0,167.6044,567,1364,1024,-2.47298,0.1819999,8.182811
63926391056.1696,1,0,2,1,0,1,25.03989,0,234.966474315342,0,0,0,167.9378,568,1364,1024,-1.70386,0.1819999,8.182811
63926391056.4943,1,0,2,1,0,1,24.69988,0,234.966474315342,0,0,0,168.2635,569,1364,1024,-1.70386,0.1819999,8.182811
63926391056.7737,1,0,2,1,0,1,24.41987,0,234.966474315342,0,0,0,168.5425,570,1364,1024,-1.70386,0.1819999,8.182811
63926391057.0581,1,0,2,1,0,1,24.13987,0,234.966474315342,0,0,0,168.8262,571,1364,1024,-1.70386,0.1819999,8.182811
63926391057.3469,1,0,2,1,0,1,24.11987,0,234.966474315342,0,0,0,168.8408,572,1364,1024,-1.65579,0.1819999,8.182811
63926391057.6234,1,0,2,1,0,1,23.85986,0,234.966474315342,0,0,0,169.1139,573,1364,1024,-1.03088,0.1819999,8.182811
63926391057.915,1,0,2,1,0,1,23.55985,0,234.966474315342,0,0,0,169.4046,574,1364,1024,-1.03088,0.1819999,8.182811
63926391058.1945,1,0,2,1,0,1,23.27985,0,234.966474315342,0,0,0,169.6841,575,1364,1024,-1.03088,0.1819999,8.182811
63926391058.4663,1,0,2,1,0,1,23.01984,0,234.966474315342,0,0,0,169.9563,576,1364,1024,-1.03088,0.1819999,8.182811
63926391058.7392,1,0,2,1,0,1,22.73983,0,234.966474315342,0,0,0,170.2292,577,1364,1024,-1.03088,0.1819999,8.182811
63926391059.0136,1,0,2,1,0,1,22.45983,0,234.966474315342,0,0,0,170.5047,578,1364,1024,-1.03088,0.1819999,8.182811
63926391059.2792,1,0,2,1,0,1,22.19982,0,234.966474315342,0,0,0,170.7693,579,1364,1024,-1.03088,0.1819999,8.182811
63926391059.528,1,0,2,1,0,1,21.95982,0,234.966474315342,0,0,0,171.0191,580,1364,1024,-1.03088,0.1819999,8.182811
63926391059.7811,1,0,2,1,0,1,21.69981,0,234.966474315342,0,0,0,171.2715,581,1364,1024,-1.03088,0.1819999,8.182811
63926391060.042,1,0,2,1,0,1,21.4398,0,234.966474315342,0,0,0,171.5326,582,1364,1024,-1.03088,0.1819999,8.182811
63926391060.3203,1,0,2,1,0,1,21.1598,0,234.966474315342,0,0,0,171.8096,583,1364,1024,-1.506749,0.1819999,7.706942
63926391060.6083,1,0,2,1,0,1,20.87979,0,234.966474315342,0,0,0,172.0974,584,1364,1024,-1.506749,0.1819999,7.706942
63926391060.9141,1,0,2,1,0,1,20.55978,0,234.966474315342,0,0,0,172.4026,585,1364,1024,-0.737629,0.1819999,7.706942
63926391061.1968,1,0,2,1,0,1,20.27978,0,234.966474315342,0,0,0,172.6861,586,1364,1024,-0.06464925,0.1819999,7.706942
63926391061.4848,1,0,2,1,0,1,19.99977,0,234.966474315342,0,0,0,172.9722,587,1364,1024,0.6083305,0.1819999,7.706942
63926391061.7454,1,0,2,1,0,1,19.73977,0,234.966474315342,0,0,0,173.2361,588,1364,1024,1.23324,0.1819999,7.706942
63926391062.0567,1,0,2,1,0,1,19.41976,0,234.966474315342,0,0,0,173.5443,589,1364,1024,2.00236,0.1819999,7.706942
63926391062.3191,1,0,2,1,0,1,19.15975,0,234.966474315342,0,0,0,173.8101,590,1364,1024,2.444238,0.1819999,7.265064
63926391062.5943,1,0,2,1,0,1,18.87975,0,234.966474315342,0,0,0,174.0837,591,1364,1024,2.920107,0.1819999,6.789196
63926391062.8498,1,0,2,1,0,1,18.61974,0,234.966474315342,0,0,0,174.34,592,1364,1024,3.361984,0.1819999,6.347317
63926391063.1351,1,0,2,1,0,1,18.33973,0,234.966474315342,0,0,0,174.6247,593,1364,1024,4.034964,0.1819999,6.347317
63926391063.3956,1,0,2,1,0,1,18.07973,0,234.966474315342,0,0,0,174.8852,594,1364,1024,4.476842,0.1819999,5.905439
63926391063.6662,1,0,2,1,0,1,17.81972,0,234.966474315342,0,0,0,175.1563,595,1364,1024,5.101752,0.1819999,5.905439
63926391063.9366,1,0,2,1,0,1,17.53971,0,234.966474315342,0,0,0,175.427,596,1364,1024,5.101752,0.1819999,5.905439
63926391064.2166,1,0,2,1,0,1,17.25971,0,234.966474315342,0,0,0,175.7072,597,1364,1024,4.428772,0.1819999,5.905439
63926391064.4946,1,0,2,1,0,1,16.9797,0,234.966474315342,0,0,0,175.9831,598,1364,1024,3.419303,0.1819999,5.905439
63926391064.7405,1,0,2,1,0,1,16.7397,0,234.966474315342,0,0,0,176.2299,599,1364,1024,2.554043,0.1819999,5.905439
63926391065.009,1,0,2,1,0,1,16.7197,0,234.966474315342,0,0,0,176.2436,600,1364,1024,2.481938,0.1819999,5.905439
63926391065.2855,1,0,2,1,0,1,16.45969,0,234.966474315342,0,0,0,176.517,601,1364,1024,1.544573,0.1819999,5.905439
63926391065.5664,1,0,2,1,0,1,16.17968,0,234.966474315342,0,0,0,176.7972,602,1364,1024,-0.3001157,0.1819999,5.905439
63926391065.8464,1,0,2,1,0,1,15.89968,0,234.966474315342,0,0,0,177.0773,603,1364,1024,-0.505487,0.1819999,6.071993
63926391066.1545,1,0,2,1,0,1,15.57967,0,234.966474315342,0,0,0,177.3855,604,1364,1024,-0.505487,0.1819999,6.341185
63926391066.4167,1,0,2,1,0,1,15.31966,0,234.966474315342,0,0,0,177.6476,605,1364,1024,-0.505487,0.1819999,6.872358
63926391066.6805,1,0,2,1,0,1,15.29966,0,234.966474315342,0,0,0,177.661,606,1364,1024,-1.8,0,9
63926391066.9577,1,0,2,1,0,1,15.03966,0,234.966474315342,0,0,0,177.9346,607,1364,1024,-1.8,0.1819999,9
63926391067.2395,1,0,2,1,0,1,14.75965,0,234.966474315342,0,0,0,178.2147,608,1364,1024,-1.8,0.1819999,9
63926391067.5106,1,0,2,1,0,1,14.47964,0,234.966474315342,0,0,0,178.4886,609,1364,1024,-1.8,0.1819999,9
63926391067.7907,1,0,2,1,0,1,14.19964,0,234.966474315342,0,0,0,178.7678,610,1364,1024,-1.8,0.1819999,9
63926391068.0565,1,0,2,1,0,1,13.93963,0,234.966474315342,0,0,0,179.0338,611,1364,1024,-1.8,0.1819999,9
63926391068.3374,1,0,2,1,0,1,13.65963,0,234.966474315342,0,0,0,179.3139,612,1364,1024,-1.8,0.1819999,9
63926391068.5796,1,0,2,1,0,1,13.41962,0,234.966474315342,0,0,0,179.5571,613,1364,1024,-1.8,0.1819999,9
63926391068.8398,1,0,2,1,0,1,13.15961,0,234.966474315342,0,0,0,179.8171,614,1364,1024,-1.8,0.1819999,9
63926391069.1049,1,0,2,1,0,1,12.87961,0,234.966474315342,0,0,0,180.0809,615,1364,1024,-1.8,0.1819999,9
63926391069.352,1,0,2,1,0,1,12.6396,0,234.966474315342,0,0,0,180.3292,616,1364,1024,-1.8,0.1819999,9
63926391069.5991,1,0,2,1,0,1,12.3996,0,234.966474315342,0,0,0,180.5763,617,1364,1024,-1.8,0.1819999,9
63926391069.8622,1,0,2,1,0,1,12.13959,0,234.966474315342,0,0,0,180.8394,618,1364,1024,-1.8,0.1819999,9
63926391070.1193,1,0,2,1,0,1,11.87959,0,234.966474315342,0,0,0,181.0969,619,1364,1024,-1.8,0.1819999,9
63926391070.3907,1,0,2,1,0,1,11.59958,0,234.966474315342,0,0,0,181.3682,620,1364,1024,-1.8,0.1819999,9
63926391070.6384,1,0,2,1,0,1,11.35957,0,234.966474315342,0,0,0,181.6165,621,1364,1024,-1.8,0.1819999,9
63926391070.8903,1,0,2,1,0,1,11.09957,0,234.966474315342,0,0,0,181.8683,622,1364,1024,-1.8,0.1819999,9
63926391071.1696,1,0,2,1,0,1,10.81956,0,234.966474315342,0,0,0,182.1453,623,1364,1024,-1.8,0.1819999,9
63926391071.4319,1,0,2,1,0,1,10.55956,0,234.966474315342,0,0,0,182.4096,624,1364,1024,-1.8,0.1819999,9
63926391071.6843,1,0,2,1,0,1,10.29955,0,234.966474315342,0,0,0,182.662,625,1364,1024,-1.8,0.1819999,9
63926391071.9309,1,0,2,1,0,1,10.29955,0,234.966474315342,0,0,0,182.6745,626,1364,1024,-1.8,0.1819999,9
63926391072.189,1,0,2,1,0,1,10.03954,0,234.966474315342,0,0,0,182.9285,627,1364,1024,-1.8,0.1819999,9
63926391072.4691,1,0,2,1,0,1,9.759537,0,234.966474315342,0,0,0,183.2093,628,1364,1024,-2.275868,0.1819999,8.524132
63926391072.7275,1,0,2,1,0,1,9.739536,0,234.966474315342,0,0,0,183.2223,629,1364,1024,-2.323938,0.1819999,8.524132
63926391073.0009,1,0,2,1,0,1,9.47953,0,234.966474315342,0,0,0,183.4921,630,1364,1024,-2.948848,0.1819999,8.524132
63926391073.272,1,0,2,1,0,1,9.199524,0,234.966474315342,0,0,0,183.7634,631,1364,1024,-3.424717,0.1819999,8.048263
63926391073.5543,1,0,2,1,0,1,8.919518,0,234.966474315342,0,0,0,184.0449,632,1364,1024,-3.900585,0.1819999,7.572394
63926391073.8346,1,0,2,1,0,1,8.639511,0,234.966474315342,0,0,0,184.3265,633,1364,1024,-3.900585,0.1819999,7.572394
63926391074.1041,1,0,2,1,0,1,8.379505,0,234.966474315342,0,0,0,184.5955,634,1364,1024,-3.900585,0.1819999,7.572394
63926391074.3735,1,0,2,1,0,1,8.099499,0,234.966474315342,0,0,0,184.8647,635,1364,1024,-3.900585,0.1819999,7.572394
63926391074.6579,1,0,2,1,0,1,7.819497,0,234.966474315342,0,0,0,185.1489,636,1364,1024,-3.900585,0.1819999,7.572394
63926391074.9344,1,0,2,1,0,1,7.539497,0,234.966474315342,0,0,0,185.4253,637,1364,1024,-3.900585,0.1819999,7.572394
63926391075.2078,1,0,2,1,0,1,7.279498,0,234.966474315342,0,0,0,185.6997,638,1364,1024,-3.900585,0.1819999,7.572394
63926391075.4813,1,0,2,1,0,1,6.999498,0,234.966474315342,0,0,0,185.9709,639,1364,1024,-3.900585,0.1819999,6.899415
63926391075.7448,1,0,2,1,0,1,6.739498,0,234.966474315342,0,0,0,186.2352,640,1364,1024,-3.900585,0.1819999,6.274505
63926391076.008,1,0,2,1,0,1,6.479498,0,234.966474315342,0,0,0,186.4989,641,1364,1024,-3.458707,0.1819999,5.832627
63926391076.2562,1,0,2,1,0,1,6.219499,0,234.966474315342,0,0,0,186.7474,642,1364,1024,-2.795891,0.1819999,5.16981
63926391076.5215,1,0,2,1,0,1,5.959499,0,234.966474315342,0,0,0,187.0129,643,1364,1024,-2.133074,0.1819999,4.506993
63926391076.8036,1,0,2,1,0,1,5.679499,0,234.966474315342,0,0,0,187.2942,644,1364,1024,-2.133074,0.1819999,3.497524
63926391077.0844,1,0,2,1,0,1,5.399499,0,234.966474315342,0,0,0,187.5748,645,1364,1024,-1.419271,0.1819999,2.783721
63926391077.4056,1,0,2,1,0,1,5.0795,0,234.966474315342,0,0,0,187.8962,646,1364,1024,-0.2546486,0.1819999,1.349906
63926391077.6979,1,0,2,1,0,1,4.7795,0,234.966474315342,0,0,0,188.1884,647,1364,1024,-0.2539846,0.1819999,1.096875
63926391077.9833,1,0,2,1,0,1,4.4995,0,234.966474315342,0,0,0,188.4749,648,1364,1024,-0.2539846,0.1819999,1.096875
63926391078.2751,1,0,2,1,0,1,4.199501,0,234.966474315342,0,0,0,188.7657,649,1364,1024,-0.2539846,0.1819999,1.755434
63926391078.695,1,0,2,1,0,1,3.879501,0,234.966474315342,0,0,0,189.0991,650,1364,1024,-0.2539846,0.1819999,2.524554
63926391078.9545,1,0,2,1,0,1,3.859501,0,234.966474315342,0,0,0,189.1122,651,1364,1024,-1.8,0,9
63926391079.2212,1,0,2,1,0,1,3.599501,0,234.966474315342,0,0,0,189.3758,652,1364,1024,-1.8,0.1819999,9
63926391079.4984,1,0,2,1,0,1,3.319501,0,234.966474315342,0,0,0,189.6519,653,1364,1024,-1.8,0.1819999,9
63926391079.7796,1,0,2,1,0,1,3.039502,0,234.966474315342,0,0,0,189.9338,654,1364,1024,-1.8,0.1819999,9
63926391080.0704,1,0,2,1,0,1,2.739502,0,234.966474315342,0,0,0,190.2245,655,1364,1024,-1.8,0.1819999,9
63926391080.3297,1,0,2,1,0,1,2.479502,0,234.966474315342,0,0,0,190.4843,656,1364,1024,-1.8,0.1819999,9
63926391080.6216,1,0,2,1,0,1,2.199502,0,234.966474315342,0,0,0,190.7762,657,1364,1024,-1.8,0.1819999,9
63926391080.8853,1,0,2,1,0,1,1.939503,0,234.966474315342,0,0,0,191.0395,658,1364,1024,-1.8,0.1819999,9
63926391081.1687,1,0,2,1,0,1,1.639503,0,234.966474315342,0,0,0,191.3234,659,1364,1024,-1.8,0.1819999,9
63926391081.4403,1,0,2,1,0,1,1.379503,0,234.966474315342,0,0,0,191.5942,660,1364,1024,-1.8,0.1819999,9
63926391081.716,1,0,2,1,0,1,1.099504,0,234.966474315342,0,0,0,191.8699,661,1364,1024,-1.8,0.1819999,9
63926391082.0072,1,0,2,1,0,1,0.8195038,0,234.966474315342,0,0,0,192.1597,662,1364,1024,-1.8,0.1819999,9
63926391082.2799,1,0,2,1,0,1,0.5395041,0,234.966474315342,0,0,0,192.434,663,1364,1024,-1.8,0.1819999,9
63926391082.5828,1,0,2,1,0,1,0.2395043,0,234.966474315342,0,0,0,192.7352,664,1364,1024,-1.8,0.1819999,9
63926391082.8397,1,0,2,0,1,1,0,1,271.802116372342,4.998552,1,1,192.9934,665,1364,1024,-1.8,0.1819999,9
63926391083.1164,1,0,2,0,1,1,0,1,271.802116372342,4.721903,1,1,192.9934,665,1364,1024,-1.8,0.1819999,9
63926391083.4185,1,0,2,0,1,1,0,1,271.802116372342,4.419791,1,1,192.9934,665,1364,1024,-1.8,0.1819999,9
63926391083.9683,1,0,2,0,1,1,0,1,271.802116372342,3.870018,1,1,192.9934,665,1364,1024,-1.8,0.1819999,9
63926391084.2442,1,0,2,0,1,1,0,1,271.802116372342,3.594087,1,1,192.9934,665,1364,1024,-1.8,0.1819999,9
63926391084.5142,1,0,2,0,1,1,0,1,271.802116372342,3.324097,1,1,192.9934,665,1364,1024,-1.8,0.1819999,9
63926391084.791,1,0,2,0,1,1,0,1,271.802116372342,3.047323,1,1,192.9934,665,1364,1024,-1.8,0.1819999,9
63926391085.066,1,0,2,0,1,1,0,1,271.802116372342,2.772285,1,1,192.9934,665,1364,1024,-1.8,0.1819999,9
63926391085.428,1,0,2,0,1,1,0,1,271.802116372342,2.410384,1,1,192.9934,665,1364,1024,-1.8,0.1819999,9
63926391085.6937,1,0,2,0,1,1,0,1,271.802116372342,2.14463,1,1,192.9934,665,1364,1024,-1.8,0.1819999,9
63926391085.9761,1,0,2,0,1,1,0,1,271.802116372342,1.862274,1,1,192.9934,665,1364,1024,-1.8,0.1819999,9
63926391086.3176,1,0,2,0,1,1,0,1,271.802116372342,1.520756,1,1,192.9934,665,1364,1024,-1.8,0.1819999,9
63926391086.6243,1,0,2,0,1,1,0,1,271.802116372342,1.214101,1,1,192.9934,665,1364,1024,-1.8,0.1819999,9
63926391086.9148,1,0,2,0,1,1,0,1,271.802116372342,0.9235172,1,1,192.9934,665,1364,1024,-1.8,0.1819999,9
63926391087.2071,1,0,2,0,1,1,0,1,271.802116372342,0.6312613,1,1,192.9934,665,1364,1024,-1.8,0.1819999,9
63926391087.5125,1,0,2,0,1,1,0,1,271.802116372342,0.3258805,1,1,192.9934,665,1364,1024,-1.8,0.1819999,9
63926391087.8278,1,0,2,0,1,1,0,1,271.802116372342,0.01058197,1,1,192.9934,665,1364,1024,-1.8,0.1819999,9
63926391088.1442,1,0,2,0,1,1,0,1,271.802116372342,0,1,1,192.9934,665,1364,1024,-1.8,0.1819999,9
63926391088.458,1,0,3,1,0,1,29.67999,0,271.802116372342,0,0,0,193.3031,666,1364,1024,-1.8,0.1819999,9
63926391088.7695,1,0,3,1,0,1,29.37999,0,271.802116372342,0,0,0,193.614,667,1364,1024,-1.8,0.1819999,9
63926391089.0754,1,0,3,1,0,1,29.07998,0,271.802116372342,0,0,0,193.9191,668,1364,1024,-1.8,0.1819999,9
63926391089.3758,1,0,3,1,0,1,28.77997,0,271.802116372342,0,0,0,194.2197,669,1364,1024,-1.8,0.1819999,9
63926391089.6763,1,0,3,1,0,1,28.47997,0,271.802116372342,0,0,0,194.5195,670,1364,1024,-1.8,0.1819999,9
63926391089.9851,1,0,3,1,0,1,28.15996,0,271.802116372342,0,0,0,194.8286,671,1364,1024,-1.8,0.1819999,9
63926391090.2817,1,0,3,1,0,1,27.85995,0,271.802116372342,0,0,0,195.1262,672,1364,1024,-1.8,0.1819999,8.278951
63926391090.5848,1,0,3,1,0,1,27.55994,0,271.802116372342,0,0,0,195.4281,673,1364,1024,-1.8,0.1819999,7.197376
63926391090.8578,1,0,3,1,0,1,27.27994,0,271.802116372342,0,0,0,195.7025,674,1364,1024,-1.8,0.1819999,6.187906
63926391091.1442,1,0,3,1,0,1,26.99993,0,271.802116372342,0,0,0,195.9885,675,1364,1024,-1.8,0.1819999,5.178437
63926391091.4305,1,0,3,1,0,1,26.71992,0,271.802116372342,0,0,0,196.2742,676,1364,1024,-1.8,0.1819999,5.178437
63926391091.7195,1,0,3,1,0,1,26.41992,0,271.802116372342,0,0,0,196.563,677,1364,1024,-1.8,0.1819999,5.899487
63926391092.0133,1,0,3,1,0,1,26.13991,0,271.802116372342,0,0,0,196.8578,678,1364,1024,-1.8,0.1819999,6.572466
63926391092.2748,1,0,3,1,0,1,25.87991,0,271.802116372342,0,0,0,197.1188,679,1364,1024,-1.8,0.1819999,7.509831
63926391092.563,1,0,3,1,0,1,25.5799,0,271.802116372342,0,0,0,197.4071,680,1364,1024,-1.8,0.1819999,8.230881
63926391092.8337,1,0,3,1,0,1,25.31989,0,271.802116372342,0,0,0,197.6778,681,1364,1024,-1.8,0.1819999,8.230881
63926391093.1329,1,0,3,1,0,1,25.01989,0,271.802116372342,0,0,0,197.9762,682,1364,1024,-1.8,0.1819999,8.230881
63926391093.4004,1,0,3,1,0,1,24.73988,0,271.802116372342,0,0,0,198.2439,683,1364,1024,-1.8,0.1819999,8.230881
63926391093.681,1,0,3,1,0,1,24.45987,0,271.802116372342,0,0,0,198.5248,684,1364,1024,-1.8,0.1819999,8.230881
63926391093.9464,1,0,3,1,0,1,24.19987,0,271.802116372342,0,0,0,198.7916,685,1364,1024,-1.8,0.1819999,8.230881
63926391094.2318,1,0,3,1,0,1,24.17987,0,271.802116372342,0,0,0,198.806,686,1364,1024,-1.8,0.1819999,8.230881
63926391094.6248,1,0,3,1,0,1,23.85986,0,271.802116372342,0,0,0,199.1393,687,1364,1024,-1.8,0.1819999,8.230881
63926391094.9257,1,0,3,1,0,1,23.53985,0,271.802116372342,0,0,0,199.4405,688,1364,1024,-1.8,0.1819999,8.230881
63926391095.2073,1,0,3,1,0,1,23.25985,0,271.802116372342,0,0,0,199.7238,689,1364,1024,-1.8,0.1819999,8.230881
63926391095.5028,1,0,3,1,0,1,22.97984,0,271.802116372342,0,0,0,200.0148,690,1364,1024,-1.8,0.1819999,8.230881
63926391095.7896,1,0,3,1,0,1,22.67983,0,271.802116372342,0,0,0,200.3042,691,1364,1024,-1.8,0.1819999,7.509831
63926391096.0768,1,0,3,1,0,1,22.39983,0,271.802116372342,0,0,0,200.5931,692,1364,1024,-1.8,0.1819999,6.500361
63926391096.3591,1,0,3,1,0,1,22.11982,0,271.802116372342,0,0,0,200.8749,693,1364,1024,-1.8,0.1819999,5.490891
63926391096.6439,1,0,3,1,0,1,21.83981,0,271.802116372342,0,0,0,201.1585,694,1364,1024,-1.8,0.1819999,4.481422
63926391096.9088,1,0,3,1,0,1,21.55981,0,271.802116372342,0,0,0,201.4241,695,1364,1024,-1.8,0.1819999,3.471952
63926391097.1813,1,0,3,1,0,1,21.2998,0,271.802116372342,0,0,0,201.697,696,1364,1024,-1.358122,1.066,3.030075
63926391097.4691,1,0,3,1,0,1,20.99979,0,271.802116372342,0,0,0,201.9839,697,1364,1024,-1.358122,0.4060017,2.309025
63926391097.745,1,0,3,1,0,1,20.71979,0,271.802116372342,0,0,0,202.2609,698,1364,1024,-0.8822535,0.1819999,1.833156
63926391098.0303,1,0,3,1,0,1,20.43978,0,271.802116372342,0,0,0,202.5469,699,1364,1024,-0.8822535,0.1819999,1.160177
63926391098.3245,1,0,3,1,0,1,20.15977,0,271.802116372342,0,0,0,202.8391,700,1364,1024,-0.8822535,0.1819999,1.160177
63926391098.6121,1,0,3,1,0,1,19.85977,0,271.802116372342,0,0,0,203.1265,701,1364,1024,-0.8822535,0.1819999,1.881226
63926391098.8905,1,0,3,1,0,1,19.57976,0,271.802116372342,0,0,0,203.4062,702,1364,1024,-1.358122,0.1819999,2.357095
63926391099.1395,1,0,3,1,0,1,19.33976,0,271.802116372342,0,0,0,203.6561,703,1364,1024,-1.969953,0.1819999,2.968926
63926391099.4211,1,0,3,1,0,1,19.05975,0,271.802116372342,0,0,0,203.9367,704,1364,1024,-2.683756,0.1819999,3.682729
63926391099.7091,1,0,3,1,0,1,18.75974,0,271.802116372342,0,0,0,204.2244,705,1364,1024,-3.193615,0.1819999,4.192588
63926391099.9922,1,0,3,1,0,1,18.47974,0,271.802116372342,0,0,0,204.5074,706,1364,1024,-3.669483,0.1819999,4.668456
63926391100.2938,1,0,3,1,0,1,18.17973,0,271.802116372342,0,0,0,204.807,707,1364,1024,-4.179343,0.1819999,5.178316
63926391100.5948,1,0,3,1,0,1,17.87972,0,271.802116372342,0,0,0,205.1107,708,1364,1024,-4.689202,0.1819999,5.688175
63926391100.858,1,0,3,1,0,1,17.61972,0,271.802116372342,0,0,0,205.3733,709,1364,1024,-5.13108,0.1819999,6.130053
63926391101.1286,1,0,3,1,0,1,17.33971,0,271.802116372342,0,0,0,205.6427,710,1364,1024,-5.606948,0.1819999,6.605921
63926391101.4001,1,0,3,1,0,1,17.0797,0,271.802116372342,0,0,0,205.9155,711,1364,1024,-6.269765,0.1819999,7.268738
63926391101.691,1,0,3,1,0,1,16.7797,0,271.802116372342,0,0,0,206.2063,712,1364,1024,-6.779624,0.1819999,7.778597
63926391101.9739,1,0,3,1,0,1,16.49969,0,271.802116372342,0,0,0,206.4899,713,1364,1024,-6.779624,0.1819999,7.778597
63926391102.2528,1,0,3,1,0,1,16.21968,0,271.802116372342,0,0,0,206.7674,714,1364,1024,-6.303756,0.1819999,7.302729
63926391102.5173,1,0,3,1,0,1,15.95968,0,271.802116372342,0,0,0,207.0334,715,1364,1024,-5.861878,0.1819999,6.860851
63926391102.7905,1,0,3,1,0,1,15.67967,0,271.802116372342,0,0,0,207.3072,716,1364,1024,-5.861878,0.1819999,6.860851
63926391103.041,1,0,3,1,0,1,15.43967,0,271.802116372342,0,0,0,207.5556,717,1364,1024,-6.269765,0.1819999,7.268738
63926391103.3088,1,0,3,1,0,1,15.15966,0,271.802116372342,0,0,0,207.8244,718,1364,1024,-6.745634,0.1819999,7.744606
63926391103.5814,1,0,3,1,0,1,14.89965,0,271.802116372342,0,0,0,208.0957,719,1364,1024,-7.187511,0.1819999,8.186484
63926391103.8374,1,0,3,1,0,1,14.63965,0,271.802116372342,0,0,0,208.3536,720,1364,1024,-7.187511,0.1819999,8.186484
63926391104.0947,1,0,3,1,0,1,14.37964,0,271.802116372342,0,0,0,208.6113,721,1364,1024,-7.187511,0.1819999,8.186484
63926391104.37,1,0,3,1,0,1,14.09964,0,271.802116372342,0,0,0,208.887,722,1364,1024,-7.187511,0.1819999,8.186484
63926391104.6704,1,0,3,1,0,1,13.79963,0,271.802116372342,0,0,0,209.187,723,1364,1024,-7.187511,0.1819999,8.186484
63926391104.947,1,0,3,1,0,1,13.51962,0,271.802116372342,0,0,0,209.4636,724,1364,1024,-7.187511,0.1819999,8.186484
63926391105.2251,1,0,3,1,0,1,13.23962,0,271.802116372342,0,0,0,209.7413,725,1364,1024,-7.187511,0.1819999,8.186484
63926391105.5187,1,0,3,1,0,1,12.95961,0,271.802116372342,0,0,0,210.0345,726,1364,1024,-7.187511,0.1819999,8.186484
63926391105.8059,1,0,3,1,0,1,12.6596,0,271.802116372342,0,0,0,210.3216,727,1364,1024,-7.187511,0.1819999,8.186484
63926391106.0935,1,0,3,1,0,1,12.3796,0,271.802116372342,0,0,0,210.6099,728,1364,1024,-7.187511,0.1819999,8.186484
63926391106.37,1,0,3,1,0,1,12.09959,0,271.802116372342,0,0,0,210.8855,729,1364,1024,-7.66338,0.1819999,7.710616
63926391106.672,1,0,3,1,0,1,11.79958,0,271.802116372342,0,0,0,211.1873,730,1364,1024,-7.66338,0.1819999,7.710616
63926391106.9908,1,0,3,1,0,1,11.77958,0,271.802116372342,0,0,0,211.2034,731,1364,1024,-7.66338,0.1819999,7.710616
63926391107.3511,1,0,3,1,0,1,11.45958,0,271.802116372342,0,0,0,211.5367,732,1364,1024,-7.66338,0.1819999,7.710616
63926391107.7434,1,0,3,1,0,1,11.11957,0,271.802116372342,0,0,0,211.8701,733,1364,1024,-7.66338,0.1819999,7.710616
63926391108.0388,1,0,3,1,0,1,10.81956,0,271.802116372342,0,0,0,212.166,734,1364,1024,-7.66338,0.1819999,7.710616
63926391108.3273,1,0,3,1,0,1,10.53955,0,271.802116372342,0,0,0,212.4563,735,1364,1024,-7.66338,0.1819999,7.710616
63926391108.6104,1,0,3,1,0,1,10.25955,0,271.802116372342,0,0,0,212.7385,736,1364,1024,-7.66338,0.1819999,7.710616
63926391108.9192,1,0,3,1,0,1,9.939541,0,271.802116372342,0,0,0,213.0417,737,1364,1024,-7.66338,0.1819999,7.710616
63926391109.202,1,0,3,1,0,1,9.659534,0,271.802116372342,0,0,0,213.3294,738,1364,1024,-7.66338,0.1819999,7.710616
63926391109.4759,1,0,3,1,0,1,9.379528,0,271.802116372342,0,0,0,213.6043,739,1364,1024,-7.187511,0.1819999,7.234747
63926391109.7631,1,0,3,1,0,1,9.099522,0,271.802116372342,0,0,0,213.8888,740,1364,1024,-6.711643,0.1819999,6.758879
63926391110.0527,1,0,3,1,0,1,8.799515,0,271.802116372342,0,0,0,214.1805,741,1364,1024,-6.711643,0.1819999,6.758879
