time,elapsed,host,local,possessed,devouring,x,y,z,bodyX,bodyZ,fieldX,fieldZ,fieldCount,s2active,ultactive,s2charges,ultcharge,modelX,modelZ,sourceCharges,sourceX,sourceZ,stunLeft,mashPresses,tripPresses,petYaw,haunted0,haunted1,haunted2,haunted3,roundClock,ultPhase,drawX,drawZ
11.6536,0.0000,0,1,0,0,0.3570,1.2850,0.2463,0.0000,-8.0000,NaN,NaN,0,0,0,0,15.0000,0.0000,-8.0000,0,2.0000,-4.0000,0.0000,0,0,168.7090,0.0000,0.0000,0.0000,0.0000,89.5601,0,0.3570,0.2463
11.7040,0.0505,0,1,0,0,0.4442,1.2771,-0.5587,0.0000,-8.0000,NaN,NaN,0,0,0,0,15.0000,0.0000,-8.0000,0,2.0000,-4.0000,0.0000,0,0,168.6823,0.0000,0.0000,0.0000,0.0000,89.5201,0,0.4442,-0.5587
11.7549,0.1013,0,1,0,0,0.5852,1.2716,-1.8599,0.0000,-8.0000,NaN,NaN,0,0,0,0,15.0000,0.0000,-8.0000,0,2.0000,-4.0000,0.0000,0,0,168.6856,0.0000,0.0000,0.0000,0.0000,89.4601,0,0.5852,-1.8599
11.8058,0.1522,0,1,0,0,0.7364,1.2663,-3.2571,0.0000,-8.0000,NaN,NaN,0,0,0,0,15.0000,0.0000,-8.0000,0,2.0000,-4.0000,0.0000,0,0,168.6876,0.0000,0.0000,0.0000,0.0000,89.4201,0,0.7364,-3.2571
11.8560,0.2024,0,1,0,0,0.8865,1.2606,-4.6447,0.0000,-8.0000,NaN,NaN,0,0,0,0,15.0000,0.0000,-8.0000,0,2.0000,-4.0000,0.0000,0,0,168.6887,0.0000,0.0000,0.0000,0.0000,89.3601,0,0.8865,-4.6447
11.9071,0.2535,0,1,0,0,1.0082,1.2554,-5.7716,0.0000,-8.0000,NaN,NaN,0,0,0,0,15.0000,0.0000,-8.0000,0,2.0000,-4.0000,0.0000,0,0,168.6893,0.0000,0.0000,0.0000,0.0000,89.3201,0,1.0082,-5.7716
11.9572,0.3037,0,1,0,0,1.0906,1.2515,-6.5348,0.0000,-8.0000,NaN,NaN,0,0,0,0,15.0000,0.0000,-8.0000,0,2.0000,-4.0000,0.0000,0,0,168.6895,0.0000,0.0000,0.0000,0.0000,89.2601,0,1.0906,-6.5348
12.0078,0.3542,0,1,0,0,1.1416,1.2489,-7.0074,0.0000,-8.0000,NaN,NaN,0,0,0,0,15.0000,0.0000,-8.0000,0,2.0000,-4.0000,0.0000,0,0,168.6896,0.0000,0.0000,0.0000,0.0000,89.2201,0,1.1416,-7.0074
12.0583,0.4047,0,1,0,0,1.1717,1.2476,-7.2855,0.0000,-8.0000,NaN,NaN,0,0,0,0,15.0000,0.0000,-8.0000,0,2.0000,-4.0000,0.0000,0,0,168.6896,0.0000,0.0000,0.0000,0.0000,89.1601,0,1.1717,-7.2855
12.1095,0.4560,0,1,0,0,1.1889,1.2474,-7.4438,0.0000,-8.0000,NaN,NaN,0,0,0,0,15.0000,0.0000,-8.0000,0,2.0000,-4.0000,0.0000,0,0,168.6895,0.0000,0.0000,0.0000,0.0000,89.1202,0,1.1889,-7.4438
12.1603,0.5067,0,1,0,0,1.1985,1.2482,-7.5299,0.0000,-8.0000,NaN,NaN,0,0,0,0,15.0000,0.0000,-8.0000,0,2.0000,-4.0000,0.0000,0,0,168.6894,0.0000,0.0000,0.0000,0.0000,89.0602,0,1.1985,-7.5299
12.2119,0.5584,0,1,0,0,1.2038,1.2500,-7.5758,0.0000,-8.0000,NaN,NaN,0,0,0,0,15.0000,0.0000,-8.0000,0,2.0000,-4.0000,0.0000,0,0,168.6892,0.0000,0.0000,0.0000,0.0000,89.0202,0,1.2038,-7.5758
12.2627,0.6091,0,1,0,0,1.2067,1.2526,-7.5988,0.0000,-8.0000,NaN,NaN,0,0,0,0,15.0000,0.0000,-8.0000,0,2.0000,-4.0000,0.0000,0,0,168.6891,0.0000,0.0000,0.0000,0.0000,88.9602,0,1.2067,-7.5988
12.3132,0.6596,0,1,0,0,1.2084,1.2559,-7.6098,0.0000,-8.0000,NaN,NaN,0,0,0,0,15.0000,0.0000,-8.0000,0,2.0000,-4.0000,0.0000,0,0,168.6890,0.0000,0.0000,0.0000,0.0000,88.9202,0,1.2084,-7.6098
12.3638,0.7102,0,1,0,0,1.2093,1.2600,-7.6148,0.0000,-8.0000,NaN,NaN,0,0,0,0,15.0000,0.0000,-8.0000,0,2.0000,-4.0000,0.0000,0,0,168.6889,0.0000,0.0000,0.0000,0.0000,88.8602,0,1.2093,-7.6148
12.4143,0.7607,0,1,0,0,1.2099,1.2646,-7.6168,0.0000,-8.0000,NaN,NaN,0,0,0,0,15.0000,0.0000,-8.0000,0,2.0000,-4.0000,0.0000,0,0,168.6888,0.0000,0.0000,0.0000,0.0000,88.8202,0,1.2099,-7.6168
12.4648,0.8112,0,1,0,0,1.2103,1.2698,-7.6174,0.0000,-8.0000,NaN,NaN,0,0,0,0,15.0000,0.0000,-8.0000,0,2.0000,-4.0000,0.0000,0,0,168.6887,0.0000,0.0000,0.0000,0.0000,88.7602,0,1.2103,-7.6174
12.5155,0.8620,0,1,0,0,1.2106,1.2753,-7.6174,0.0000,-8.0000,NaN,NaN,0,0,0,0,15.0000,0.0000,-8.0000,0,2.0000,-4.0000,0.0000,0,0,168.6887,0.0000,0.0000,0.0000,0.0000,88.7202,0,1.2106,-7.6174
12.5670,0.9134,0,1,0,0,1.2107,1.2812,-7.6172,0.0000,-8.0000,NaN,NaN,0,0,0,0,15.0000,0.0000,-8.0000,0,2.0000,-4.0000,0.0000,0,0,168.6886,0.0000,0.0000,0.0000,0.0000,88.6402,0,1.2107,-7.6172
12.6181,0.9645,0,1,0,0,1.2108,1.2873,-7.6169,0.0000,-8.0000,NaN,NaN,0,0,0,0,15.0000,0.0000,-8.0000,0,2.0000,-4.0000,0.0000,0,0,168.6886,0.0000,0.0000,0.0000,0.0000,88.5802,0,1.2108,-7.6169
12.6693,1.0157,0,1,0,0,1.2107,1.2935,-7.6168,0.0000,-8.0000,NaN,NaN,0,0,0,0,15.0000,0.0000,-8.0000,0,2.0000,-4.0000,0.0000,0,0,168.6887,0.0000,0.0000,0.0000,0.0000,88.5403,0,1.2107,-7.6168
12.7206,1.0670,0,1,0,0,1.2106,1.2996,-7.6167,0.0000,-8.0000,NaN,NaN,0,0,0,0,15.0000,0.0000,-8.0000,0,2.0000,-4.0000,0.0000,0,0,168.6888,0.0000,0.0000,0.0000,0.0000,88.4803,0,1.2106,-7.6167
12.7711,1.1175,0,1,0,0,1.2103,1.3054,-7.6167,0.0000,-8.0000,NaN,NaN,0,0,0,0,15.0000,0.0000,-8.0000,0,2.0000,-4.0000,0.0000,0,0,168.6888,0.0000,0.0000,0.0000,0.0000,88.4403,0,1.2103,-7.6167
12.8216,1.1680,0,1,0,0,1.2100,1.3109,-7.6169,0.0000,-8.0000,NaN,NaN,0,0,0,0,15.0000,0.0000,-8.0000,0,2.0000,-4.0000,0.0000,0,0,168.6889,0.0000,0.0000,0.0000,0.0000,88.3803,0,1.2100,-7.6169
12.8723,1.2188,0,1,0,0,1.2095,1.3160,-7.6171,0.0000,-8.0000,NaN,NaN,0,0,0,0,15.0000,0.0000,-8.0000,0,2.0000,-4.0000,0.0000,0,0,168.6891,0.0000,0.0000,0.0000,0.0000,88.3403,0,1.2095,-7.6171
12.9228,1.2693,0,1,0,0,1.2089,1.3206,-7.6174,0.0000,-8.0000,NaN,NaN,0,0,0,0,15.0000,0.0000,-8.0000,0,2.0000,-4.0000,0.0000,0,0,168.6892,0.0000,0.0000,0.0000,0.0000,88.2803,0,1.2089,-7.6174
12.9733,1.3198,0,1,0,0,1.2083,1.3246,-7.6178,0.0000,-8.0000,NaN,NaN,0,0,0,0,15.0000,0.0000,-8.0000,0,2.0000,-4.0000,0.0000,0,0,168.6894,0.0000,0.0000,0.0000,0.0000,88.2403,0,1.2083,-7.6178
13.0400,1.3864,0,1,0,0,1.2073,1.3289,-7.6184,0.0000,-8.0000,NaN,NaN,0,0,0,0,15.0000,0.0000,-8.0000,0,2.0000,-4.0000,0.0000,0,0,168.6896,0.0000,0.0000,0.0000,0.0000,88.1603,0,1.2073,-7.6184
13.1064,1.4528,0,1,0,0,1.2061,1.3318,-7.6192,0.0000,-8.0000,NaN,NaN,0,0,0,0,15.0000,0.0000,-8.0000,0,2.0000,-4.0000,0.0000,0,0,168.6898,0.0000,0.0000,0.0000,0.0000,88.1003,0,1.2061,-7.6192
13.1724,1.5188,0,1,0,0,1.2047,1.3332,-7.6201,0.0000,-8.0000,NaN,NaN,0,0,0,0,15.0000,0.0000,-8.0000,0,2.0000,-4.0000,0.0000,0,0,168.6900,0.0000,0.0000,0.0000,0.0000,88.0403,0,1.2047,-7.6201
13.2384,1.5848,0,1,0,0,1.2033,1.3331,-7.6211,0.0000,-8.0000,NaN,NaN,0,0,0,0,15.0000,0.0000,-8.0000,0,2.0000,-4.0000,0.0000,0,0,168.6901,0.0000,0.0000,0.0000,0.0000,87.9603,0,1.2033,-7.6211
13.3044,1.6508,0,1,0,0,1.2017,1.3315,-7.6222,0.0000,-8.0000,NaN,NaN,0,0,0,0,15.0000,0.0000,-8.0000,0,2.0000,-4.0000,0.0000,0,0,168.6902,0.0000,0.0000,0.0000,0.0000,87.9004,0,1.2017,-7.6222
13.3706,1.7171,0,1,0,0,1.1999,1.3285,-7.6233,0.0000,-8.0000,NaN,NaN,0,0,0,0,15.0000,0.0000,-8.0000,0,2.0000,-4.0000,0.0000,0,0,168.6903,0.0000,0.0000,0.0000,0.0000,87.8404,0,1.1999,-7.6233
13.4374,1.7839,0,1,0,0,1.1981,1.3241,-7.6246,0.0000,-8.0000,NaN,NaN,0,0,0,0,15.0000,0.0000,-8.0000,0,2.0000,-4.0000,0.0000,0,0,168.6903,0.0000,0.0000,0.0000,0.0000,87.7804,0,1.1981,-7.6246
13.4876,1.8340,0,1,0,0,1.1967,1.3199,-7.6256,0.0000,-8.0000,NaN,NaN,0,0,0,0,15.0000,0.0000,-8.0000,0,2.0000,-4.0000,0.0000,0,0,168.6903,0.0000,0.0000,0.0000,0.0000,87.7404,0,1.1967,-7.6256
13.5540,1.9005,0,1,0,0,1.1947,1.3135,-7.6270,0.0000,-8.0000,NaN,NaN,0,0,0,0,15.0000,0.0000,-8.0000,0,2.0000,-4.0000,0.0000,0,0,168.6902,0.0000,0.0000,0.0000,0.0000,87.6804,0,1.1947,-7.6270
13.6041,1.9505,0,1,0,0,1.1932,1.3082,-7.6281,0.0000,-8.0000,NaN,NaN,0,0,0,0,15.0000,0.0000,-8.0000,0,2.0000,-4.0000,0.0000,0,0,168.6901,0.0000,0.0000,0.0000,0.0000,87.6204,0,1.1932,-7.6281
13.6545,2.0010,0,1,0,0,1.1917,1.3025,-7.6293,0.0000,-8.0000,NaN,NaN,0,0,0,0,15.0000,0.0000,-8.0000,0,2.0000,-4.0000,0.0000,0,0,168.6900,0.0000,0.0000,0.0000,0.0000,87.5604,0,1.1917,-7.6293
13.7213,2.0677,0,1,0,0,1.1896,1.2945,-7.6308,0.0000,-8.0000,NaN,NaN,0,0,0,0,15.0000,0.0000,-8.0000,0,2.0000,-4.0000,0.0000,0,0,168.6898,0.0000,0.0000,0.0000,0.0000,87.5004,0,1.1896,-7.6308
13.7716,2.1180,0,1,0,0,1.1881,1.2884,-7.6320,0.0000,-8.0000,NaN,NaN,0,0,0,0,15.0000,0.0000,-8.0000,0,2.0000,-4.0000,0.0000,0,0,168.6897,0.0000,0.0000,0.0000,0.0000,87.4604,0,1.1881,-7.6320
13.8228,2.1692,0,1,0,0,1.1865,1.2823,-7.6332,0.0000,-8.0000,NaN,NaN,0,0,0,0,15.0000,0.0000,-8.0000,0,2.0000,-4.0000,0.0000,0,0,168.6896,0.0000,0.0000,0.0000,0.0000,87.4004,0,1.1865,-7.6332
13.8733,2.2197,0,1,0,0,1.1850,1.2763,-7.6345,0.0000,-8.0000,NaN,NaN,0,0,0,0,15.0000,0.0000,-8.0000,0,2.0000,-4.0000,0.0000,0,0,168.6894,0.0000,0.0000,0.0000,0.0000,87.3604,0,1.1850,-7.6345
13.9234,2.2699,0,1,0,0,1.1835,1.2707,-7.6357,0.0000,-8.0000,NaN,NaN,0,0,0,0,15.0000,0.0000,-8.0000,0,2.0000,-4.0000,0.0000,0,0,168.6893,0.0000,0.0000,0.0000,0.0000,87.3005,0,1.1835,-7.6357
13.9740,2.3204,0,1,0,0,1.1821,1.2655,-7.6370,0.0000,-8.0000,NaN,NaN,0,0,0,0,15.0000,0.0000,-8.0000,0,2.0000,-4.0000,0.0000,0,0,168.6892,0.0000,0.0000,0.0000,0.0000,87.2605,0,1.1821,-7.6370
14.0245,2.3709,0,1,0,0,1.1806,1.2607,-7.6382,0.0000,-8.0000,NaN,NaN,0,0,0,0,15.0000,0.0000,-8.0000,0,2.0000,-4.0000,0.0000,0,0,168.6890,0.0000,0.0000,0.0000,0.0000,87.2005,0,1.1806,-7.6382
14.0751,2.4216,0,1,0,0,1.1793,1.2565,-7.6395,0.0000,-8.0000,NaN,NaN,0,0,0,0,15.0000,0.0000,-8.0000,0,2.0000,-4.0000,0.0000,0,0,168.6889,0.0000,0.0000,0.0000,0.0000,87.1605,0,1.1793,-7.6395
14.1259,2.4724,0,1,0,0,1.1779,1.2530,-7.6407,0.0000,-8.0000,NaN,NaN,0,0,0,0,15.0000,0.0000,-8.0000,0,2.0000,-4.0000,0.0000,0,0,168.6889,0.0000,0.0000,0.0000,0.0000,87.1005,0,1.1779,-7.6407
14.1766,2.5230,0,1,0,0,1.1767,1.2502,-7.6420,0.0000,-8.0000,NaN,NaN,0,0,0,0,15.0000,0.0000,-8.0000,0,2.0000,-4.0000,0.0000,0,0,168.6888,0.0000,0.0000,0.0000,0.0000,87.0405,0,1.1767,-7.6420
14.2272,2.5737,0,1,0,0,1.1755,1.2482,-7.6432,0.0000,-8.0000,NaN,NaN,0,0,0,0,15.0000,0.0000,-8.0000,0,2.0000,-4.0000,0.0000,0,0,168.6888,0.0000,0.0000,0.0000,0.0000,87.0005,0,1.1755,-7.6432
14.2777,2.6242,0,1,0,0,1.1743,1.2470,-7.6444,0.0000,-8.0000,NaN,NaN,0,0,0,0,15.0000,0.0000,-8.0000,0,2.0000,-4.0000,0.0000,0,0,168.6888,0.0000,0.0000,0.0000,0.0000,86.9405,0,1.1743,-7.6444
14.3282,2.6747,0,1,0,0,1.1733,1.2467,-7.6456,0.0000,-8.0000,NaN,NaN,0,0,0,0,15.0000,0.0000,-8.0000,0,2.0000,-4.0000,0.0000,0,0,168.6889,0.0000,0.0000,0.0000,0.0000,86.9005,0,1.1733,-7.6456
14.3787,2.7252,0,1,0,0,1.1723,1.2472,-7.6468,0.0000,-8.0000,NaN,NaN,0,0,0,0,15.0000,0.0000,-8.0000,0,2.0000,-4.0000,0.0000,0,0,168.6890,0.0000,0.0000,0.0000,0.0000,86.8405,0,1.1723,-7.6468
14.4295,2.7759,0,1,0,0,1.1715,1.2485,-7.6480,0.0000,-8.0000,NaN,NaN,0,0,0,0,15.0000,0.0000,-8.0000,0,2.0000,-4.0000,0.0000,0,0,168.6891,0.0000,0.0000,0.0000,0.0000,86.8005,0,1.1715,-7.6480
14.4800,2.8264,0,1,0,0,1.1707,1.2507,-7.6491,0.0000,-8.0000,NaN,NaN,0,0,0,0,15.0000,0.0000,-8.0000,0,2.0000,-4.0000,0.0000,0,0,168.6892,0.0000,0.0000,0.0000,0.0000,86.7406,0,1.1707,-7.6491
14.5305,2.8769,0,1,0,0,1.1700,1.2536,-7.6502,0.0000,-8.0000,NaN,NaN,0,0,0,0,15.0000,0.0000,-8.0000,0,2.0000,-4.0000,0.0000,0,0,168.6893,0.0000,0.0000,0.0000,0.0000,86.6806,0,1.1700,-7.6502
14.5810,2.9274,0,1,0,0,1.1694,1.2573,-7.6513,0.0000,-8.0000,NaN,NaN,0,0,0,0,15.0000,0.0000,-8.0000,0,2.0000,-4.0000,0.0000,0,0,168.6895,0.0000,0.0000,0.0000,0.0000,86.6206,0,1.1694,-7.6513
14.6315,2.9779,0,1,0,0,1.1689,1.2616,-7.6523,0.0000,-8.0000,NaN,NaN,0,0,0,0,15.0000,0.0000,-8.0000,0,2.0000,-4.0000,0.0000,0,0,168.6896,0.0000,0.0000,0.0000,0.0000,86.5806,0,1.1689,-7.6523
14.6823,3.0287,0,1,0,0,1.1686,1.2664,-7.6533,0.0000,-8.0000,NaN,NaN,0,0,0,0,15.0000,0.0000,-8.0000,0,2.0000,-4.0000,0.0000,0,0,168.6898,0.0000,0.0000,0.0000,0.0000,86.5206,0,1.1686,-7.6533
14.7328,3.0792,0,1,0,0,1.1683,1.2717,-7.6543,0.0000,-8.0000,NaN,NaN,0,0,0,0,15.0000,0.0000,-8.0000,0,2.0000,-4.0000,0.0000,0,0,168.6899,0.0000,0.0000,0.0000,0.0000,86.4806,0,1.1683,-7.6543
14.7835,3.1299,0,1,0,0,1.1682,1.2774,-7.6552,0.0000,-8.0000,NaN,NaN,0,0,0,0,15.0000,0.0000,-8.0000,0,2.0000,-4.0000,0.0000,0,0,168.6901,0.0000,0.0000,0.0000,0.0000,86.4206,0,1.1682,-7.6552
14.8343,3.1807,0,1,0,0,1.1681,1.2833,-7.6560,0.0000,-8.0000,NaN,NaN,0,0,0,0,15.0000,0.0000,-8.0000,0,2.0000,-4.0000,0.0000,0,0,168.6902,0.0000,0.0000,0.0000,0.0000,86.3806,0,1.1681,-7.6560
14.8848,3.2312,0,1,0,0,1.1682,1.2894,-7.6568,0.0000,-8.0000,NaN,NaN,0,0,0,0,15.0000,0.0000,-8.0000,0,2.0000,-4.0000,0.0000,0,0,168.6903,0.0000,0.0000,0.0000,0.0000,86.3206,0,1.1682,-7.6568
14.9353,3.2817,0,1,0,0,1.1684,1.2954,-7.6576,0.0000,-8.0000,NaN,NaN,0,0,0,0,15.0000,0.0000,-8.0000,0,2.0000,-4.0000,0.0000,0,0,168.6904,0.0000,0.0000,0.0000,0.0000,86.2806,0,1.1684,-7.6576
14.9855,3.3319,0,1,0,0,1.1687,1.3014,-7.6583,0.0000,-8.0000,NaN,NaN,0,0,0,0,15.0000,0.0000,-8.0000,0,2.0000,-4.0000,0.0000,0,0,168.6905,0.0000,0.0000,0.0000,0.0000,86.2406,0,1.1687,-7.6583
15.0515,3.3979,0,1,0,0,1.1693,1.3090,-7.6591,0.0000,-8.0000,NaN,NaN,0,0,0,0,15.0000,0.0000,-8.0000,0,2.0000,-4.0000,0.0000,0,0,168.6905,0.0000,0.0000,0.0000,0.0000,86.1806,0,1.1693,-7.6591
15.1179,3.4643,0,1,0,0,1.1701,1.3159,-7.6599,0.0000,-8.0000,NaN,NaN,0,0,0,0,15.0000,0.0000,-8.0000,0,2.0000,-4.0000,0.0000,0,0,168.6905,0.0000,0.0000,0.0000,0.0000,86.1207,0,1.1701,-7.6599
15.1846,3.5310,0,1,0,0,1.1711,1.3220,-7.6605,0.0000,-8.0000,NaN,NaN,0,0,0,0,15.0000,0.0000,-8.0000,0,2.0000,-4.0000,0.0000,0,0,168.6905,0.0000,0.0000,0.0000,0.0000,86.0407,0,1.1711,-7.6605
15.2347,3.5811,0,1,0,0,1.1719,1.3257,-7.6610,0.0000,-8.0000,NaN,NaN,0,0,0,0,15.0000,0.0000,-8.0000,0,2.0000,-4.0000,0.0000,0,0,168.6904,0.0000,0.0000,0.0000,0.0000,86.0007,0,1.1719,-7.6610
15.2848,3.6313,0,1,0,0,1.1729,1.3288,-7.6613,0.0000,-8.0000,NaN,NaN,0,0,0,0,15.0000,0.0000,-8.0000,0,2.0000,-4.0000,0.0000,0,0,168.6903,0.0000,0.0000,0.0000,0.0000,85.9407,0,1.1729,-7.6613
15.3516,3.6980,0,1,0,0,1.1743,1.3317,-7.6617,0.0000,-8.0000,NaN,NaN,0,0,0,0,15.0000,0.0000,-8.0000,0,2.0000,-4.0000,0.0000,0,0,168.6902,0.0000,0.0000,0.0000,0.0000,85.8807,0,1.1743,-7.6617
15.4183,3.7647,0,1,0,0,1.1759,1.3332,-7.6620,0.0000,-8.0000,NaN,NaN,0,0,0,0,15.0000,0.0000,-8.0000,0,2.0000,-4.0000,0.0000,0,0,168.6900,0.0000,0.0000,0.0000,0.0000,85.8207,0,1.1759,-7.6620
15.4852,3.8317,0,1,0,0,1.1776,1.3331,-7.6621,0.0000,-8.0000,NaN,NaN,0,0,0,0,15.0000,0.0000,-8.0000,0,2.0000,-4.0000,0.0000,0,0,168.6898,0.0000,0.0000,0.0000,0.0000,85.7407,0,1.1776,-7.6621
15.5519,3.8983,0,1,0,0,1.1794,1.3316,-7.6622,0.0000,-8.0000,NaN,NaN,0,0,0,0,15.0000,0.0000,-8.0000,0,2.0000,-4.0000,0.0000,0,0,168.6896,0.0000,0.0000,0.0000,0.0000,85.6807,0,1.1794,-7.6622
15.6021,3.9485,0,1,0,0,1.1808,1.3300,-7.6622,0.0000,-8.0000,NaN,NaN,0,0,0,0,15.0000,0.0000,-8.0000,0,2.0000,-4.0000,0.0000,0,0,168.6886,0.0000,0.0000,0.0000,0.0000,85.6207,0,1.1808,-7.6622
15.6523,3.9987,0,1,0,0,1.1823,1.3376,-7.6621,0.0000,-8.0000,NaN,NaN,0,0,0,0,15.0000,0.0000,-8.0000,0,2.0000,-4.0000,0.0000,0,0,168.6838,0.0000,0.0000,0.0000,0.0000,85.5807,0,1.1823,-7.6621
15.7189,4.0654,0,1,0,0,1.1844,1.3697,-7.6619,0.0000,-8.0000,NaN,NaN,0,0,0,0,15.0000,0.0000,-8.0000,0,2.0000,-4.0000,0.0000,0,0,168.6786,0.0000,0.0000,0.0000,0.0000,85.5208,0,1.1844,-7.6619
15.7856,4.1320,0,1,0,0,1.1866,1.4154,-7.6616,0.0000,-8.0000,NaN,NaN,0,0,0,0,15.0000,0.0000,-8.0000,0,2.0000,-4.0000,0.0000,0,0,168.6775,0.0000,0.0000,0.0000,0.0000,85.4408,0,1.1866,-7.6616
15.8523,4.1987,0,1,0,0,1.1888,1.4584,-7.6612,0.0000,-8.0000,NaN,NaN,0,0,0,0,15.0000,0.0000,-8.0000,0,2.0000,-4.0000,0.0000,0,0,168.6798,0.0000,0.0000,0.0000,0.0000,85.3608,0,1.1888,-7.6612
15.9189,4.2654,0,1,0,0,1.1910,1.4859,-7.6607,0.0000,-8.0000,NaN,NaN,0,0,0,0,15.0000,0.0000,-8.0000,0,2.0000,-4.0000,0.0000,0,0,168.6841,0.0000,0.0000,0.0000,0.0000,85.3008,0,1.1910,-7.6607
15.9853,4.3317,0,1,0,0,1.1932,1.4895,-7.6601,0.0000,-8.0000,NaN,NaN,0,0,0,0,15.0000,0.0000,-8.0000,0,2.0000,-4.0000,0.0000,0,0,168.6887,0.0000,0.0000,0.0000,0.0000,85.2208,0,1.1932,-7.6601
16.0513,4.3977,0,1,0,0,1.1954,1.4664,-7.6595,0.0000,-8.0000,NaN,NaN,0,0,0,0,15.0000,0.0000,-8.0000,0,2.0000,-4.0000,0.0000,0,0,168.6923,0.0000,0.0000,0.0000,0.0000,85.1608,0,1.1954,-7.6595
16.1173,4.4637,0,1,0,0,1.1976,1.4181,-7.6587,0.0000,-8.0000,NaN,NaN,0,0,0,0,15.0000,0.0000,-8.0000,0,2.0000,-4.0000,0.0000,0,0,168.6942,0.0000,0.0000,0.0000,0.0000,85.1008,0,1.1976,-7.6587
16.1835,4.5300,0,1,0,0,1.1998,1.3618,-7.6579,0.0000,-8.0000,NaN,NaN,0,0,0,0,15.0000,0.0000,-8.0000,0,2.0000,-4.0000,0.0000,0,0,168.6924,0.0000,0.0000,0.0000,0.0000,85.0208,0,1.1998,-7.6579
16.2341,4.5805,0,1,0,0,1.2014,1.3454,-7.6572,0.0000,-8.0000,NaN,NaN,0,0,0,0,15.0000,0.0000,-8.0000,0,2.0000,-4.0000,0.0000,0,0,168.6906,0.0000,0.0000,0.0000,0.0000,84.9808,0,1.2014,-7.6572
16.2842,4.6307,0,1,0,0,1.2029,1.3529,-7.6565,0.0000,-8.0000,NaN,NaN,0,0,0,0,15.0000,0.0000,-8.0000,0,2.0000,-4.0000,0.0000,0,0,168.6901,0.0000,0.0000,0.0000,0.0000,84.9209,0,1.2029,-7.6565
16.3346,4.6810,0,1,0,0,1.2044,1.3750,-7.6558,0.0000,-8.0000,NaN,NaN,0,0,0,0,15.0000,0.0000,-8.0000,0,2.0000,-4.0000,0.0000,0,0,168.6906,0.0000,0.0000,0.0000,0.0000,84.8809,0,1.2044,-7.6558
16.4014,4.7479,0,1,0,0,1.2062,1.4106,-7.6548,0.0000,-8.0000,NaN,NaN,0,0,0,0,15.0000,0.0000,-8.0000,0,2.0000,-4.0000,0.0000,0,0,168.6915,0.0000,0.0000,0.0000,0.0000,84.8009,0,1.2062,-7.6548
16.4683,4.8147,0,1,0,0,1.2080,1.4376,-7.6537,0.0000,-8.0000,NaN,NaN,0,0,0,0,15.0000,0.0000,-8.0000,0,2.0000,-4.0000,0.0000,0,0,168.6914,0.0000,0.0000,0.0000,0.0000,84.7409,0,1.2080,-7.6537
16.5187,4.8651,0,1,0,0,1.2092,1.4454,-7.6529,0.0000,-8.0000,NaN,NaN,0,0,0,0,15.0000,0.0000,-8.0000,0,2.0000,-4.0000,0.0000,0,0,168.6903,0.0000,0.0000,0.0000,0.0000,84.7009,0,1.2092,-7.6529
16.5690,4.9154,0,1,0,0,1.2103,1.4396,-7.6520,0.0000,-8.0000,NaN,NaN,0,0,0,0,15.0000,0.0000,-8.0000,0,2.0000,-4.0000,0.0000,0,0,168.6883,0.0000,0.0000,0.0000,0.0000,84.6409,0,1.2103,-7.6520
16.6357,4.9822,0,1,0,0,1.2117,1.4107,-7.6509,0.0000,-8.0000,NaN,NaN,0,0,0,0,15.0000,0.0000,-8.0000,0,2.0000,-4.0000,0.0000,0,0,168.6846,0.0000,0.0000,0.0000,0.0000,84.5809,0,1.2117,-7.6509
16.6864,5.0328,0,1,0,0,1.2126,1.3745,-7.6500,0.0000,-8.0000,NaN,NaN,0,0,0,0,15.0000,0.0000,-8.0000,0,2.0000,-4.0000,0.0000,0,0,168.6817,0.0000,0.0000,0.0000,0.0000,84.5209,0,1.2126,-7.6500
16.7367,5.0831,0,1,0,0,1.2134,1.3357,-7.6491,0.0000,-8.0000,NaN,NaN,0,0,0,0,15.0000,0.0000,-8.0000,0,2.0000,-4.0000,0.0000,0,0,168.6822,0.0000,0.0000,0.0000,0.0000,84.4809,0,1.2134,-7.6491
16.8034,5.1498,0,1,0,0,1.2143,1.3001,-7.6478,0.0000,-8.0000,NaN,NaN,0,0,0,0,15.0000,0.0000,-8.0000,0,2.0000,-4.0000,0.0000,0,0,168.6851,0.0000,0.0000,0.0000,0.0000,84.4009,0,1.2143,-7.6478
16.8536,5.2000,0,1,0,0,1.2149,1.2857,-7.6469,0.0000,-8.0000,NaN,NaN,0,0,0,0,15.0000,0.0000,-8.0000,0,2.0000,-4.0000,0.0000,0,0,168.6870,0.0000,0.0000,0.0000,0.0000,84.3610,0,1.2149,-7.6469
16.9038,5.2502,0,1,0,0,1.2153,1.2792,-7.6460,0.0000,-8.0000,NaN,NaN,0,0,0,0,15.0000,0.0000,-8.0000,0,2.0000,-4.0000,0.0000,0,0,168.6883,0.0000,0.0000,0.0000,0.0000,84.3010,0,1.2153,-7.6460
16.9539,5.3004,0,1,0,0,1.2156,1.2778,-7.6451,0.0000,-8.0000,NaN,NaN,0,0,0,0,15.0000,0.0000,-8.0000,0,2.0000,-4.0000,0.0000,0,0,168.6891,0.0000,0.0000,0.0000,0.0000,84.2810,0,1.2156,-7.6451
17.0051,5.3515,0,1,0,0,1.2158,1.2796,-7.6441,0.0000,-8.0000,NaN,NaN,0,0,0,0,15.0000,0.0000,-8.0000,0,2.0000,-4.0000,0.0000,0,0,168.6896,0.0000,0.0000,0.0000,0.0000,84.2210,0,1.2158,-7.6441
17.0559,5.4023,0,1,0,0,1.2159,1.2834,-7.6432,0.0000,-8.0000,NaN,NaN,0,0,0,0,15.0000,0.0000,-8.0000,0,2.0000,-4.0000,0.0000,0,0,168.6898,0.0000,0.0000,0.0000,0.0000,84.1810,0,1.2159,-7.6432
17.1064,5.4528,0,1,0,0,1.2158,1.2882,-7.6423,0.0000,-8.0000,NaN,NaN,0,0,0,0,15.0000,0.0000,-8.0000,0,2.0000,-4.0000,0.0000,0,0,168.6899,0.0000,0.0000,0.0000,0.0000,84.1210,0,1.2158,-7.6423
17.1569,5.5033,0,1,0,0,1.2156,1.2937,-7.6414,0.0000,-8.0000,NaN,NaN,0,0,0,0,15.0000,0.0000,-8.0000,0,2.0000,-4.0000,0.0000,0,0,168.6899,0.0000,0.0000,0.0000,0.0000,84.0610,0,1.2156,-7.6414
17.2078,5.5543,0,1,0,0,1.2153,1.2994,-7.6405,0.0000,-8.0000,NaN,NaN,0,0,0,0,15.0000,0.0000,-8.0000,0,2.0000,-4.0000,0.0000,0,0,168.6898,0.0000,0.0000,0.0000,0.0000,84.0010,0,1.2153,-7.6405
17.2590,5.6054,0,1,0,0,1.2149,1.3051,-7.6396,0.0000,-8.0000,NaN,NaN,0,0,0,0,0.0000,0.0000,-8.0000,0,2.0000,-4.0000,0.0000,0,0,168.6897,0.0000,0.0000,0.0000,0.0000,84.0610,0,1.2149,-7.6396
17.3355,5.6819,0,1,0,0,1.1781,1.2516,-7.6406,0.0000,-8.0000,NaN,NaN,0,0,0,0,0.0000,0.0000,-8.0000,0,2.0000,-4.0000,0.0000,0,0,168.6897,0.0000,0.0000,0.0000,0.0000,84.0610,0,1.1781,-7.6406
17.3866,5.7331,0,1,0,0,1.1781,1.2516,-7.6406,0.0000,-8.0000,NaN,NaN,0,0,0,0,0.0000,0.0000,-8.0000,0,2.0000,-4.0000,0.0000,0,0,168.6897,0.0000,0.0000,0.0000,0.0000,84.0610,0,1.1781,-7.6406
17.4383,5.7847,0,1,0,0,1.1781,1.2516,-7.6406,0.0000,-8.0000,NaN,NaN,0,0,0,0,0.0000,0.0000,-8.0000,0,2.0000,-4.0000,0.0000,0,0,168.6897,0.0000,0.0000,0.0000,0.0000,84.0610,0,1.1781,-7.6406
17.4890,5.8354,0,1,0,0,1.1781,1.2516,-7.6406,0.0000,-8.0000,NaN,NaN,0,0,0,0,0.0000,0.0000,-8.0000,0,2.0000,-4.0000,0.0000,0,0,168.6897,0.0000,0.0000,0.0000,0.0000,84.0610,0,1.1781,-7.6406
17.5404,5.8869,0,1,0,0,1.1781,1.2516,-7.6406,0.0000,-8.0000,NaN,NaN,0,0,0,0,0.0000,0.0000,-8.0000,0,2.0000,-4.0000,0.0000,0,0,168.6897,0.0000,0.0000,0.0000,0.0000,84.0610,0,1.1781,-7.6406
17.5913,5.9377,0,1,0,0,1.1781,1.2516,-7.6406,0.0000,-8.0000,NaN,NaN,0,0,0,0,0.0000,0.0000,-8.0000,0,2.0000,-4.0000,0.0000,0,0,168.6897,0.0000,0.0000,0.0000,0.0000,84.0610,0,1.1781,-7.6406
17.6418,5.9882,0,1,0,0,1.1781,1.2516,-7.6406,0.0000,-8.0000,NaN,NaN,0,0,0,0,0.0000,0.0000,-8.0000,0,2.0000,-4.0000,0.0000,0,0,168.6897,0.0000,0.0000,0.0000,0.0000,84.0610,0,1.1781,-7.6406
17.6926,6.0391,0,1,0,0,1.1781,1.2516,-7.6406,0.0000,-8.0000,NaN,NaN,0,0,0,0,0.0000,0.0000,-8.0000,0,2.0000,-4.0000,0.0000,0,0,168.6897,0.0000,0.0000,0.0000,0.0000,84.0610,0,1.1781,-7.6406
17.7449,6.0913,0,1,0,0,1.1781,1.2516,-7.6406,0.0000,-8.0000,NaN,NaN,0,0,0,0,0.0000,0.0000,-8.0000,0,2.0000,-4.0000,0.0000,0,0,168.6897,0.0000,0.0000,0.0000,0.0000,84.0610,0,1.1781,-7.6406
17.7958,6.1422,0,1,0,0,1.1781,1.2516,-7.6406,0.0000,-8.0000,NaN,NaN,0,0,0,0,0.0000,0.0000,-8.0000,0,2.0000,-4.0000,0.0000,0,0,168.6897,0.0000,0.0000,0.0000,0.0000,84.0610,0,1.1781,-7.6406
17.8470,6.1934,0,1,0,0,1.1781,1.2516,-7.6406,0.0000,-8.0000,NaN,NaN,0,0,0,0,0.0000,0.0000,-8.0000,0,2.0000,-4.0000,0.0000,0,0,168.6897,0.0000,0.0000,0.0000,0.0000,84.0610,0,1.1781,-7.6406
17.8981,6.2446,0,1,0,0,1.1781,1.2516,-7.6406,0.0000,-8.0000,NaN,NaN,0,0,0,0,0.0000,0.0000,-8.0000,0,2.0000,-4.0000,0.0000,0,0,168.6897,0.0000,0.0000,0.0000,0.0000,84.0610,0,1.1781,-7.6406
17.9488,6.2953,0,1,0,0,1.1781,1.2516,-7.6406,0.0000,-8.0000,NaN,NaN,0,0,0,0,0.0000,0.0000,-8.0000,0,2.0000,-4.0000,0.0000,0,0,168.6897,0.0000,0.0000,0.0000,0.0000,84.0610,0,1.1781,-7.6406
17.9996,6.3460,0,1,0,0,1.1781,1.2516,-7.6406,0.0000,-8.0000,NaN,NaN,0,0,0,0,0.0000,0.0000,-8.0000,0,2.0000,-4.0000,0.0000,0,0,168.6897,0.0000,0.0000,0.0000,0.0000,84.0610,0,1.1781,-7.6406
18.0501,6.3966,0,1,0,0,1.1781,1.2516,-7.6406,0.0000,-8.0000,NaN,NaN,0,0,0,0,0.0000,0.0000,-8.0000,0,2.0000,-4.0000,0.0000,0,0,168.6897,0.0000,0.0000,0.0000,0.0000,84.0610,0,1.1781,-7.6406
18.1006,6.4470,0,1,0,0,1.1781,1.2516,-7.6406,0.0000,-8.0000,NaN,NaN,0,0,0,0,0.0000,0.0000,-8.0000,0,2.0000,-4.0000,0.0000,0,0,168.6897,0.0000,0.0000,0.0000,0.0000,84.0610,0,1.1781,-7.6406
18.1512,6.4976,0,1,0,0,1.1781,1.2516,-7.6406,0.0000,-8.0000,NaN,NaN,0,0,0,0,0.0000,0.0000,-8.0000,0,2.0000,-4.0000,0.0000,0,0,168.6897,0.0000,0.0000,0.0000,0.0000,84.0610,0,1.1781,-7.6406
18.2015,6.5479,0,1,0,0,1.1781,1.2516,-7.6406,0.0000,-8.0000,NaN,NaN,0,0,0,0,0.0000,0.0000,-8.0000,0,2.0000,-4.0000,0.0000,0,0,168.6897,0.0000,0.0000,0.0000,0.0000,84.0610,0,1.1781,-7.6406
18.2519,6.5983,0,1,0,0,1.1781,1.2516,-7.6406,0.0000,-8.0000,NaN,NaN,0,0,0,0,0.0000,0.0000,-8.0000,0,2.0000,-4.0000,0.0000,0,0,168.6897,0.0000,0.0000,0.0000,0.0000,84.0610,0,1.1781,-7.6406
18.3187,6.6651,0,1,0,0,1.1781,1.2516,-7.6406,0.0000,-8.0000,NaN,NaN,0,0,0,0,0.0000,0.0000,-8.0000,0,2.0000,-4.0000,0.0000,0,0,168.6897,0.0000,0.0000,0.0000,0.0000,84.0610,0,1.1781,-7.6406
18.3690,6.7155,0,1,0,0,1.1781,1.2516,-7.6406,0.0000,-8.0000,NaN,NaN,0,0,0,0,0.0000,0.0000,-8.0000,0,2.0000,-4.0000,0.0000,0,0,168.6897,0.0000,0.0000,0.0000,0.0000,84.0610,0,1.1781,-7.6406
18.4192,6.7656,0,1,0,0,1.1781,1.2516,-7.6406,0.0000,-8.0000,NaN,NaN,0,0,0,0,0.0000,0.0000,-8.0000,0,2.0000,-4.0000,0.0000,0,0,168.6897,0.0000,0.0000,0.0000,0.0000,84.0610,0,1.1781,-7.6406
18.4859,6.8324,0,1,0,0,1.1781,1.2516,-7.6406,0.0000,-8.0000,NaN,NaN,0,0,0,0,0.0000,0.0000,-8.0000,0,2.0000,-4.0000,0.0000,0,0,168.6897,0.0000,0.0000,0.0000,0.0000,84.0610,0,1.1781,-7.6406
18.5526,6.8990,0,1,0,0,1.1781,1.2516,-7.6406,0.0000,-8.0000,NaN,NaN,0,0,0,0,0.0000,0.0000,-8.0000,0,2.0000,-4.0000,0.0000,0,0,168.6897,0.0000,0.0000,0.0000,0.0000,84.0610,0,1.1781,-7.6406
18.6193,6.9657,0,1,0,0,1.1781,1.2516,-7.6406,0.0000,-8.0000,NaN,NaN,0,0,0,0,0.0000,0.0000,-8.0000,0,2.0000,-4.0000,0.0000,0,0,168.6897,0.0000,0.0000,0.0000,0.0000,84.0610,0,1.1781,-7.6406
18.6700,7.0164,0,1,0,0,1.1781,1.2516,-7.6406,0.0000,-8.0000,NaN,NaN,0,0,0,0,0.0000,0.0000,-8.0000,0,2.0000,-4.0000,0.0000,0,0,168.6897,0.0000,0.0000,0.0000,0.0000,84.0610,0,1.1781,-7.6406
18.7202,7.0667,0,1,0,0,1.1781,1.2516,-7.6406,0.0000,-8.0000,NaN,NaN,0,0,0,0,0.0000,0.0000,-8.0000,0,2.0000,-4.0000,0.0000,0,0,168.6897,0.0000,0.0000,0.0000,0.0000,84.0610,0,1.1781,-7.6406
18.7706,7.1171,0,1,0,0,1.1781,1.2516,-7.6406,0.0000,-8.0000,NaN,NaN,0,0,0,0,0.0000,0.0000,-8.0000,0,2.0000,-4.0000,0.0000,0,0,168.6897,0.0000,0.0000,0.0000,0.0000,84.0610,0,1.1781,-7.6406
18.8212,7.1676,0,1,0,0,1.1781,1.2516,-7.6406,0.0000,-8.0000,NaN,NaN,0,0,0,0,0.0000,0.0000,-8.0000,0,2.0000,-4.0000,0.0000,0,0,168.6897,0.0000,0.0000,0.0000,0.0000,84.0610,0,1.1781,-7.6406
18.8713,7.2178,0,1,0,0,1.1781,1.2516,-7.6406,0.0000,-8.0000,NaN,NaN,0,0,0,0,0.0000,0.0000,-8.0000,0,2.0000,-4.0000,0.0000,0,0,168.6897,0.0000,0.0000,0.0000,0.0000,84.0610,0,1.1781,-7.6406
18.9225,7.2690,0,1,0,0,1.1781,1.2516,-7.6406,0.0000,-8.0000,NaN,NaN,0,0,0,0,0.0000,0.0000,-8.0000,0,2.0000,-4.0000,0.0000,0,0,168.6897,0.0000,0.0000,0.0000,0.0000,84.0610,0,1.1781,-7.6406
18.9738,7.3203,0,1,0,0,1.1781,1.2516,-7.6406,0.0000,-8.0000,NaN,NaN,0,0,0,0,0.0000,0.0000,-8.0000,0,2.0000,-4.0000,0.0000,0,0,168.6897,0.0000,0.0000,0.0000,0.0000,84.0610,0,1.1781,-7.6406
19.0400,7.3865,0,1,0,0,1.1781,1.2516,-7.6406,0.0000,-8.0000,NaN,NaN,0,0,0,0,0.0000,0.0000,-8.0000,0,2.0000,-4.0000,0.0000,0,0,168.6897,0.0000,0.0000,0.0000,0.0000,84.0610,0,1.1781,-7.6406
19.1060,7.4525,0,1,0,0,1.1781,1.2516,-7.6406,0.0000,-8.0000,NaN,NaN,0,0,0,0,0.0000,0.0000,-8.0000,0,2.0000,-4.0000,0.0000,0,0,168.6897,0.0000,0.0000,0.0000,0.0000,84.0610,0,1.1781,-7.6406
19.1720,7.5185,0,1,0,0,1.1781,1.2516,-7.6406,0.0000,-8.0000,NaN,NaN,0,0,0,0,0.0000,0.0000,-8.0000,0,2.0000,-4.0000,0.0000,0,0,168.6897,0.0000,0.0000,0.0000,0.0000,84.0610,0,1.1781,-7.6406
19.2381,7.5845,0,1,0,0,1.1781,1.2516,-7.6406,0.0000,-8.0000,NaN,NaN,0,0,0,0,0.0000,0.0000,-8.0000,0,2.0000,-4.0000,0.0000,0,0,168.6897,0.0000,0.0000,0.0000,0.0000,84.0610,0,1.1781,-7.6406
19.3045,7.6509,0,1,0,0,1.1781,1.2516,-7.6406,0.0000,-8.0000,NaN,NaN,0,0,0,0,0.0000,0.0000,-8.0000,0,2.0000,-4.0000,0.0000,0,0,168.6897,0.0000,0.0000,0.0000,0.0000,84.0610,0,1.1781,-7.6406
19.3709,7.7174,0,1,0,0,1.1781,1.2516,-7.6406,0.0000,-8.0000,NaN,NaN,0,0,0,0,0.0000,0.0000,-8.0000,0,2.0000,-4.0000,0.0000,0,0,168.6897,0.0000,0.0000,0.0000,0.0000,84.0610,0,1.1781,-7.6406
19.4371,7.7836,0,1,0,0,1.1781,1.2516,-7.6406,0.0000,-8.0000,NaN,NaN,0,0,0,0,0.0000,0.0000,-8.0000,0,2.0000,-4.0000,0.0000,0,0,168.6897,0.0000,0.0000,0.0000,0.0000,84.0610,0,1.1781,-7.6406
19.5031,7.8496,0,1,0,0,1.1781,1.2516,-7.6406,0.0000,-8.0000,NaN,NaN,0,0,0,0,0.0000,0.0000,-8.0000,0,2.0000,-4.0000,0.0000,0,0,168.6897,0.0000,0.0000,0.0000,0.0000,84.0610,0,1.1781,-7.6406
19.5691,7.9156,0,1,0,0,1.1781,1.2516,-7.6406,0.0000,-8.0000,NaN,NaN,0,0,0,0,0.0000,0.0000,-8.0000,0,2.0000,-4.0000,0.0000,0,0,168.6897,0.0000,0.0000,0.0000,0.0000,84.0610,0,1.1781,-7.6406
19.6356,7.9820,0,1,0,0,1.1781,1.2516,-7.6406,0.0000,-8.0000,NaN,NaN,0,0,0,0,0.0000,0.0000,-8.0000,0,2.0000,-4.0000,0.0000,0,0,168.6897,0.0000,0.0000,0.0000,0.0000,84.0610,0,1.1781,-7.6406
19.6866,8.0330,0,1,0,0,1.1781,1.2516,-7.6406,0.0000,-8.0000,NaN,NaN,0,0,0,0,0.0000,0.0000,-8.0000,0,2.0000,-4.0000,0.0000,0,0,168.6897,0.0000,0.0000,0.0000,0.0000,84.0610,0,1.1781,-7.6406
19.7368,8.0832,0,1,0,0,1.1781,1.2516,-7.6406,0.0000,-8.0000,NaN,NaN,0,0,0,0,0.0000,0.0000,-8.0000,0,2.0000,-4.0000,0.0000,0,0,168.6897,0.0000,0.0000,0.0000,0.0000,84.0610,0,1.1781,-7.6406
19.7955,8.1419,0,1,0,0,1.1781,1.2516,-7.6406,0.0000,-8.0000,NaN,NaN,0,0,0,0,0.0000,0.0000,-8.0000,0,2.0000,-4.0000,0.0000,0,0,168.6897,0.0000,0.0000,0.0000,0.0000,84.0610,0,1.1781,-7.6406
19.8536,8.2001,0,1,0,0,1.1781,1.2516,-7.6406,0.0000,-8.0000,NaN,NaN,0,0,0,0,0.0000,0.0000,-8.0000,0,2.0000,-4.0000,0.0000,0,0,168.6897,0.0000,0.0000,0.0000,0.0000,84.0610,0,1.1781,-7.6406
19.9155,8.2620,0,1,0,0,1.1781,1.2516,-7.6406,0.0000,-8.0000,NaN,NaN,0,0,0,0,0.0000,0.0000,-8.0000,0,2.0000,-4.0000,0.0000,0,0,168.6897,0.0000,0.0000,0.0000,0.0000,84.0610,0,1.1781,-7.6406
19.9658,8.3122,0,1,0,0,1.1781,1.2516,-7.6406,0.0000,-8.0000,NaN,NaN,0,0,0,0,0.0000,0.0000,-8.0000,0,2.0000,-4.0000,0.0000,0,0,168.6897,0.0000,0.0000,0.0000,0.0000,84.0610,0,1.1781,-7.6406
20.0321,8.3785,0,1,0,0,1.1781,1.2516,-7.6406,0.0000,-8.0000,NaN,NaN,0,0,0,0,0.0000,0.0000,-8.0000,0,2.0000,-4.0000,0.0000,0,0,168.6897,0.0000,0.0000,0.0000,0.0000,84.0610,0,1.1781,-7.6406
20.0830,8.4295,0,1,0,0,1.1781,1.2516,-7.6406,0.0000,-8.0000,NaN,NaN,0,0,0,0,0.0000,0.0000,-8.0000,0,2.0000,-4.0000,0.0000,0,0,168.6897,0.0000,0.0000,0.0000,0.0000,84.0610,0,1.1781,-7.6406
20.1492,8.4956,0,1,0,0,1.1781,1.2516,-7.6406,0.0000,-8.0000,NaN,NaN,0,0,0,0,0.0000,0.0000,-8.0000,0,2.0000,-4.0000,0.0000,0,0,168.6897,0.0000,0.0000,0.0000,0.0000,84.0610,0,1.1781,-7.6406
20.2154,8.5618,0,1,0,0,1.1781,1.2516,-7.6406,0.0000,-8.0000,NaN,NaN,0,0,0,0,0.0000,0.0000,-8.0000,0,2.0000,-4.0000,0.0000,0,0,168.6897,0.0000,0.0000,0.0000,0.0000,84.0610,0,1.1781,-7.6406
20.2841,8.6305,0,1,0,0,1.1781,1.2516,-7.6406,0.0000,-8.0000,NaN,NaN,0,0,0,0,0.0000,0.0000,-8.0000,0,2.0000,-4.0000,0.0000,0,0,168.6897,0.0000,0.0000,0.0000,0.0000,84.0610,0,1.1781,-7.6406
20.3349,8.6813,0,1,0,0,1.1781,1.2516,-7.6406,0.0000,-8.0000,NaN,NaN,0,0,0,0,0.0000,0.0000,-8.0000,0,2.0000,-4.0000,0.0000,0,0,168.6897,0.0000,0.0000,0.0000,0.0000,84.0610,0,1.1781,-7.6406
20.4010,8.7475,0,1,0,0,1.1781,1.2516,-7.6406,0.0000,-8.0000,NaN,NaN,0,0,0,0,0.0000,0.0000,-8.0000,0,2.0000,-4.0000,0.0000,0,0,168.6897,0.0000,0.0000,0.0000,0.0000,84.0610,0,1.1781,-7.6406
20.4516,8.7980,0,1,0,0,1.1781,1.2516,-7.6406,0.0000,-8.0000,NaN,NaN,0,0,0,0,0.0000,0.0000,-8.0000,0,2.0000,-4.0000,0.0000,0,0,168.6897,0.0000,0.0000,0.0000,0.0000,84.0610,0,1.1781,-7.6406
20.5126,8.8590,0,1,0,0,1.1781,1.2516,-7.6406,0.0000,-8.0000,NaN,NaN,0,0,0,0,0.0000,0.0000,-8.0000,0,2.0000,-4.0000,0.0000,0,0,168.6897,0.0000,0.0000,0.0000,0.0000,84.0610,0,1.1781,-7.6406
20.5749,8.9213,0,1,0,0,1.1781,1.2516,-7.6406,0.0000,-8.0000,NaN,NaN,0,0,0,0,0.0000,0.0000,-8.0000,0,2.0000,-4.0000,0.0000,0,0,168.6897,0.0000,0.0000,0.0000,0.0000,84.0610,0,1.1781,-7.6406
20.6276,8.9741,0,1,0,0,1.1781,1.2516,-7.6406,0.0000,-8.0000,NaN,NaN,0,0,0,0,0.0000,0.0000,-8.0000,0,2.0000,-4.0000,0.0000,0,0,168.6897,0.0000,0.0000,0.0000,0.0000,84.0610,0,1.1781,-7.6406
20.6829,9.0294,0,1,0,0,1.1781,1.2516,-7.6406,0.0000,-8.0000,NaN,NaN,0,0,0,0,0.0000,0.0000,-8.0000,0,2.0000,-4.0000,0.0000,0,0,168.6897,0.0000,0.0000,0.0000,0.0000,84.0610,0,1.1781,-7.6406
20.7397,9.0861,0,1,0,0,1.1781,1.2516,-7.6406,0.0000,-8.0000,NaN,NaN,0,0,0,0,0.0000,0.0000,-8.0000,0,2.0000,-4.0000,0.0000,0,0,168.6897,0.0000,0.0000,0.0000,0.0000,84.0610,0,1.1781,-7.6406
20.8017,9.1482,0,1,0,0,1.1781,1.2516,-7.6406,0.0000,-8.0000,NaN,NaN,0,0,0,0,0.0000,0.0000,-8.0000,0,2.0000,-4.0000,0.0000,0,0,168.6897,0.0000,0.0000,0.0000,0.0000,84.0610,0,1.1781,-7.6406
20.8661,9.2125,0,1,0,0,1.1781,1.2516,-7.6406,0.0000,-8.0000,NaN,NaN,0,0,0,0,0.0000,0.0000,-8.0000,0,2.0000,-4.0000,0.0000,0,0,168.6897,0.0000,0.0000,0.0000,0.0000,84.0610,0,1.1781,-7.6406
20.9225,9.2690,0,1,0,0,1.1781,1.2516,-7.6406,0.0000,-8.0000,NaN,NaN,0,0,0,0,0.0000,0.0000,-8.0000,0,2.0000,-4.0000,0.0000,0,0,168.6897,0.0000,0.0000,0.0000,0.0000,84.0610,0,1.1781,-7.6406
20.9750,9.3215,0,1,0,0,1.1781,1.2516,-7.6406,0.0000,-8.0000,NaN,NaN,0,0,0,0,0.0000,0.0000,-8.0000,0,2.0000,-4.0000,0.0000,0,0,168.6897,0.0000,0.0000,0.0000,0.0000,84.0610,0,1.1781,-7.6406
21.0250,9.3715,0,1,0,0,1.1781,1.2516,-7.6406,0.0000,-8.0000,NaN,NaN,0,0,0,0,0.0000,0.0000,-8.0000,0,2.0000,-4.0000,0.0000,0,0,168.6897,0.0000,0.0000,0.0000,0.0000,84.0610,0,1.1781,-7.6406
21.0801,9.4266,0,1,0,0,0.6864,0.1000,-11.4320,0.0000,-8.0000,NaN,NaN,0,0,0,0,0.0000,0.0000,-8.0000,0,2.0000,-4.0000,0.0000,0,0,348.6901,0.0000,0.0000,0.0000,0.0000,84.0010,1,0.6864,-11.4320
21.1462,9.4926,0,1,0,0,0.6864,0.1000,-11.4320,0.0000,-8.0000,NaN,NaN,0,0,0,0,0.0000,0.0000,-8.0000,0,2.0000,-4.0000,0.0000,0,0,348.6901,0.0000,0.0000,0.0000,0.0000,83.9410,1,0.6864,-11.4320
21.2122,9.5587,0,1,0,0,0.6864,0.1000,-11.4320,0.0000,-8.0000,NaN,NaN,0,0,0,0,0.0000,0.0000,-8.0000,0,2.0000,-4.0000,0.0000,0,0,348.6901,0.0000,0.0000,0.0000,0.0000,83.8010,1,0.6864,-11.4320
21.2623,9.6087,0,1,0,0,0.6864,0.1000,-11.4320,0.0000,-8.0000,NaN,NaN,0,0,0,0,0.0000,0.0000,-8.0000,0,2.0000,-4.0000,0.0000,0,0,348.6901,0.0000,0.0000,0.0000,0.0000,83.7611,1,0.6864,-11.4320
21.3128,9.6592,0,1,0,0,0.6864,0.1000,-11.4320,0.0000,-8.0000,NaN,NaN,0,0,0,0,0.0000,0.0000,-8.0000,0,2.0000,-4.0000,0.0000,0,0,348.6901,0.0000,0.0000,0.0000,0.0000,83.7011,1,0.6864,-11.4320
21.3629,9.7093,0,1,0,0,0.6864,0.1000,-11.4320,0.0000,-8.0000,NaN,NaN,0,0,0,0,0.0000,0.0000,-8.0000,0,2.0000,-4.0000,0.0000,0,0,348.6901,0.0000,0.0000,0.0000,0.0000,83.6611,1,0.6864,-11.4320
21.4292,9.7756,0,1,0,1,0.6537,0.1000,-11.2686,0.0000,-8.0000,NaN,NaN,0,0,1,0,0.0000,0.0000,-8.0000,0,2.0000,-4.0000,0.0000,0,0,348.6901,0.0000,0.0000,0.0000,0.0000,83.6011,1,0.6716,-11.3581
21.4958,9.8423,0,1,0,1,0.4562,0.1000,-10.2812,0.0000,-8.0000,NaN,NaN,0,0,1,0,0.0000,0.0000,-8.0000,0,2.0000,-4.0000,0.0000,0,0,348.6901,0.0000,0.0000,0.0000,0.0000,83.5411,1,0.6591,-11.2953
21.5460,9.8924,0,1,0,1,0.4562,0.1000,-10.2812,0.0000,-8.0000,NaN,NaN,0,0,1,0,0.0000,0.0000,-8.0000,0,2.0000,-4.0000,0.0000,0,0,348.6901,0.0000,0.0000,0.0000,0.0000,83.4811,1,0.5377,-10.6883
21.5962,9.9426,0,1,0,1,0.2568,0.1000,-9.2840,0.0000,-8.0000,NaN,NaN,0,0,1,0,0.0000,0.0000,-8.0000,0,2.0000,-4.0000,0.0000,0,0,348.6901,0.0000,0.0000,0.0000,0.0000,83.4211,1,0.4888,-10.4439
21.6623,10.0088,0,1,0,1,0.2568,0.1000,-9.2840,0.0000,-8.0000,NaN,NaN,0,0,1,0,0.0000,0.0000,-8.0000,0,2.0000,-4.0000,0.0000,0,0,348.6901,0.0000,7.4667,0.0000,0.0000,83.3611,1,0.3264,-9.6321
21.7290,10.0754,0,1,0,1,0.4199,0.1000,-8.3308,0.0000,-8.0000,NaN,NaN,0,0,1,0,0.0000,0.0000,-8.0000,0,2.0000,-4.0000,0.0000,0,0,2.8903,0.0000,7.3997,0.0000,0.0000,83.2811,1,0.3517,-8.9553
21.7955,10.1419,0,1,0,1,0.7636,0.1000,-7.3889,0.0000,-8.0000,NaN,NaN,0,0,1,0,0.0000,0.0000,-8.0000,0,2.0000,-4.0000,0.0000,0,0,14.9209,0.0000,7.3331,0.0000,0.0000,83.2211,1,0.3996,-8.5172
21.8457,10.1921,0,1,0,1,0.7636,0.1000,-7.3889,0.0000,-8.0000,NaN,NaN,0,0,1,0,0.0000,0.0000,-8.0000,0,2.0000,-4.0000,0.0000,0,0,17.9738,0.0000,7.2827,0.0000,0.0000,83.1612,1,0.6165,-7.8448
21.8965,10.2429,0,1,0,1,1.1076,0.1000,-6.4461,0.0000,-8.0000,NaN,NaN,0,0,1,0,0.0000,0.0000,-8.0000,0,2.0000,-4.0000,0.0000,0,0,19.2082,0.0000,7.2324,0.0000,0.0000,83.1212,1,0.7042,-7.5730
21.9467,10.2931,0,1,0,1,1.1076,0.1000,-6.4461,0.0000,-8.0000,NaN,NaN,0,0,1,0,0.0000,0.0000,-8.0000,0,2.0000,-4.0000,0.0000,0,0,19.7061,0.0000,7.1824,0.0000,0.0000,83.0612,1,0.9444,-6.9020
21.9976,10.3440,0,1,0,1,1.4514,0.1000,-5.5037,0.0000,-8.0000,NaN,NaN,0,0,1,0,0.0000,0.0000,-8.0000,0,2.0000,-4.0000,0.0000,0,0,19.9068,0.0000,7.1320,0.0000,0.0000,83.0212,1,1.0412,-6.6315
22.0486,10.3950,0,1,0,1,1.4514,0.1000,-5.5037,0.0000,-8.0000,NaN,NaN,0,0,1,0,0.0000,0.0000,-8.0000,0,2.0000,-4.0000,0.0000,0,0,19.9893,0.0000,7.0816,0.0000,0.0000,82.9612,1,1.2873,-5.9548
22.0991,10.4455,0,1,0,1,1.2335,0.1000,-4.6975,0.0000,-8.0000,NaN,NaN,0,0,1,0,0.0000,0.0000,-8.0000,0,2.0000,-4.0000,0.0000,0,0,20.0220,7.4496,7.0310,0.0000,0.0000,82.9212,1,1.3847,-5.6871
22.1496,10.4960,0,1,0,1,1.2335,0.1000,-4.6975,0.0000,-8.0000,NaN,NaN,0,0,1,0,0.0000,0.0000,-8.0000,0,2.0000,-4.0000,0.0000,0,0,338.3719,7.3982,6.9796,0.0000,0.0000,82.8612,1,1.2950,-5.0999
22.2004,10.5468,0,1,0,1,0.4566,0.1000,-4.0495,0.0000,-8.0000,NaN,NaN,0,0,1,0,0.0000,0.0000,-8.0000,0,2.0000,-4.0000,0.0000,0,0,321.3997,7.3477,6.9291,0.0000,0.0000,82.8212,1,1.2583,-4.8602
22.2510,10.5975,0,1,0,1,0.4566,0.1000,-4.0495,0.0000,-8.0000,NaN,NaN,0,0,1,0,0.0000,0.0000,-8.0000,0,2.0000,-4.0000,0.0000,0,0,314.5297,7.2976,6.8790,0.0000,0.0000,82.7612,1,0.7819,-4.3784
22.3018,10.6482,0,1,0,1,-0.3199,0.1000,-3.4016,0.0000,-8.0000,NaN,NaN,0,0,1,0,0.0000,0.0000,-8.0000,0,2.0000,-4.0000,0.0000,0,0,311.7448,7.2466,6.8280,0.0000,0.0000,82.7212,1,0.5889,-4.1832
22.3523,10.6987,0,1,0,1,-0.3199,0.1000,-3.4016,0.0000,-8.0000,NaN,NaN,0,0,1,0,0.0000,0.0000,-8.0000,0,2.0000,-4.0000,0.0000,0,0,310.6084,7.1966,6.7780,0.0000,0.0000,82.6612,1,0.0476,-3.7177
22.4028,10.7492,0,1,0,1,-1.0897,0.1000,-2.7594,0.0000,-8.0000,NaN,NaN,0,0,1,0,0.0000,0.0000,-8.0000,0,2.0000,-4.0000,0.0000,0,0,310.1504,7.1466,6.7280,0.0000,0.0000,82.6212,1,-0.1705,-3.5301
22.4534,10.7998,0,1,0,1,-1.0897,0.1000,-2.7594,0.0000,-8.0000,NaN,NaN,0,0,1,0,0.0000,0.0000,-8.0000,0,2.0000,-4.0000,0.0000,0,0,309.9642,7.0962,6.6777,7.4666,0.0000,82.5613,1,-0.7160,-3.0728
22.5040,10.8505,0,1,0,1,-0.5740,0.1000,-2.1218,0.0000,-8.0000,NaN,NaN,0,0,1,0,0.0000,0.0000,-8.0000,0,2.0000,-4.0000,0.0000,0,0,309.8884,7.0461,6.6275,7.4164,0.0000,82.5413,1,-0.9380,-2.8866
22.5545,10.9010,0,1,0,1,-0.5740,0.1000,-2.1218,0.0000,-8.0000,NaN,NaN,0,0,1,0,0.0000,0.0000,-8.0000,0,2.0000,-4.0000,0.0000,0,0,9.6946,6.9959,6.5773,7.3662,0.0000,82.4813,1,-0.7216,-2.4320
22.6050,10.9515,0,1,0,1,0.2003,0.1000,-1.4836,0.0000,-8.0000,NaN,NaN,0,0,1,0,0.0000,0.0000,-8.0000,0,2.0000,-4.0000,0.0000,0,0,33.8725,6.9459,6.5273,7.3162,0.0000,82.4413,1,-0.6340,-2.2480
22.6563,11.0027,0,1,0,1,0.2003,0.1000,-1.4836,0.0000,-8.0000,NaN,NaN,0,0,1,0,0.0000,0.0000,-8.0000,0,2.0000,-4.0000,0.0000,0,0,43.7466,6.8946,6.4761,7.2650,0.0000,82.3813,1,-0.1383,-1.7938
22.7074,11.0538,0,1,0,1,0.9814,0.1000,-0.8397,0.0000,-8.0000,NaN,NaN,0,0,1,0,0.0000,0.0000,-8.0000,0,2.0000,-4.0000,0.0000,0,0,47.7963,6.8446,6.4258,7.2149,0.0000,82.3413,1,0.0648,-1.6077
22.7586,11.1050,0,1,0,0,0.6158,0.1000,-1.1460,0.0000,-8.0000,NaN,NaN,0,0,0,0,0.0000,0.0000,-8.0000,0,2.0000,-4.0000,0.0000,0,0,49.4215,6.7944,6.3758,7.1647,7.4833,82.2813,1,0.6158,-1.1460
22.8094,11.1558,0,1,0,0,0.7148,0.6006,-2.2658,0.0000,-8.0000,NaN,NaN,0,0,0,0,0.0000,0.0000,-8.0000,0,2.0000,-4.0000,0.0000,0,0,49.4215,6.7440,6.3254,7.1144,7.4329,82.2413,1,0.7148,-2.2658
22.8599,11.2063,0,1,0,0,0.8074,1.0765,-3.3121,0.0000,-8.0000,NaN,NaN,0,0,0,0,0.0000,0.0000,-8.0000,0,2.0000,-4.0000,0.0000,0,0,49.4215,6.6941,6.2755,7.0644,7.3830,82.1813,1,0.8074,-3.3121
22.9104,11.2568,0,1,0,0,0.8926,1.5172,-4.2752,0.0000,-8.0000,NaN,NaN,0,0,0,0,0.0000,0.0000,-8.0000,0,2.0000,-4.0000,0.0000,0,0,49.4215,6.6439,6.2253,7.0142,7.3328,82.1413,1,0.8926,-4.2752
22.9609,11.3073,0,1,0,0,0.9693,1.9116,-5.1426,0.0000,-8.0000,NaN,NaN,0,0,0,0,0.0000,0.0000,-8.0000,0,2.0000,-4.0000,0.0000,0,0,49.4215,6.5939,6.1753,6.9642,7.2828,82.0613,1,0.9693,-5.1426
23.0118,11.3583,0,1,0,0,1.0368,2.2516,-5.9058,0.0000,-8.0000,NaN,NaN,0,0,0,0,0.0000,0.0000,-8.0000,0,2.0000,-4.0000,0.0000,0,0,49.4215,6.5434,6.1252,6.9138,7.2324,82.0213,1,1.0368,-5.9058
23.0634,11.4098,0,1,0,0,1.0938,2.5265,-6.5503,0.0000,-8.0000,NaN,NaN,0,0,0,0,0.0000,0.0000,-8.0000,0,2.0000,-4.0000,0.0000,0,0,49.4215,6.4931,6.0745,6.8634,7.1820,81.9614,1,1.0938,-6.5503
23.1150,11.4614,0,1,0,0,1.1392,2.7273,-7.0643,0.0000,-8.0000,NaN,NaN,0,0,0,0,0.0000,0.0000,-8.0000,0,2.0000,-4.0000,0.0000,0,0,49.4215,6.4424,6.0238,6.8127,7.1313,81.9014,1,1.1392,-7.0643
23.1655,11.5119,0,1,0,0,1.1724,2.8478,-7.4396,0.0000,-8.0000,NaN,NaN,0,0,0,0,0.0000,0.0000,-8.0000,0,2.0000,-4.0000,0.0000,0,0,49.4215,6.3923,5.9739,6.7627,7.0813,81.8614,1,1.1724,-7.4396
23.2164,11.5628,0,1,0,0,1.1944,2.8899,-7.6877,0.0000,-8.0000,NaN,NaN,0,0,0,0,0.0000,0.0000,-8.0000,0,2.0000,-4.0000,0.0000,0,0,49.4215,6.3424,5.9238,6.7127,7.0313,81.8014,1,1.1944,-7.6877
23.2671,11.6136,0,1,0,0,1.2059,2.8559,-7.8175,0.0000,-8.0000,NaN,NaN,0,0,0,0,0.0000,0.0000,-8.0000,0,2.0000,-4.0000,0.0000,0,0,49.4215,6.2905,5.8720,6.6609,6.9795,81.7614,1,1.2059,-7.8175
23.3196,11.6661,0,1,0,0,1.2083,2.7456,-7.8446,0.0000,-8.0000,NaN,NaN,0,0,0,0,0.0000,0.0000,-8.0000,0,2.0000,-4.0000,0.0000,0,0,49.4215,6.2399,5.8213,6.6102,6.9288,81.7014,1,1.2083,-7.8446
23.3722,11.7186,0,1,0,0,1.2028,2.5664,-7.7822,0.0000,-8.0000,NaN,NaN,0,0,0,0,0.0000,0.0000,-8.0000,0,2.0000,-4.0000,0.0000,0,0,49.4215,6.1883,5.7697,6.5586,6.8772,81.6614,1,1.2028,-7.7822
23.4237,11.7701,0,1,0,0,1.1916,2.3344,-7.6563,0.0000,-8.0000,NaN,NaN,0,0,0,0,0.0000,0.0000,-8.0000,0,2.0000,-4.0000,0.0000,0,0,49.4215,6.1379,5.7194,6.5083,6.8268,81.6014,1,1.1916,-7.6563
23.4772,11.8237,0,1,0,0,1.1877,2.0683,-7.6125,0.0000,-8.0000,NaN,NaN,0,0,0,0,0.0000,0.0000,-8.0000,0,2.0000,-4.0000,0.0000,0,0,49.4215,6.0872,5.6687,6.4576,6.7762,81.5414,1,1.1877,-7.6125
23.5287,11.8751,0,1,0,0,1.1896,1.7990,-7.6334,0.0000,-8.0000,NaN,NaN,0,0,0,0,0.0000,0.0000,-8.0000,0,2.0000,-4.0000,0.0000,0,0,49.4215,6.0359,5.6173,6.4062,6.7248,81.5014,1,1.1896,-7.6334
23.5795,11.9260,0,1,0,0,1.1902,1.5071,-7.6401,0.0000,-8.0000,NaN,NaN,0,0,0,0,0.0000,0.0000,-8.0000,0,2.0000,-4.0000,0.0000,0,0,49.4215,5.9852,5.5666,6.3556,6.6741,81.4414,1,1.1902,-7.6401
23.6303,11.9767,0,1,0,0,1.1902,1.2900,-7.6406,0.0000,-8.0000,NaN,NaN,0,0,0,0,0.0000,0.0000,-8.0000,0,2.0000,-4.0000,0.0000,0,0,49.4215,5.9343,5.5157,6.3047,6.6232,81.4214,1,1.1902,-7.6406
23.6808,12.0272,0,1,0,0,1.1871,1.2999,-7.6388,0.0000,-8.0000,NaN,NaN,0,0,0,0,0.0000,0.0000,-8.0000,0,2.0000,-4.0000,0.0000,0,0,110.0002,5.8840,5.4654,6.2543,6.5729,81.3615,1,1.1871,-7.6388
23.7310,12.0774,0,1,0,0,1.1828,1.3109,-7.6367,0.0000,-8.0000,NaN,NaN,0,0,0,0,0.0000,0.0000,-8.0000,0,2.0000,-4.0000,0.0000,0,0,139.7108,5.8340,5.4154,6.2043,6.5229,81.3215,1,1.1828,-7.6367
23.7812,12.1276,0,1,0,0,1.1798,1.3186,-7.6352,0.0000,-8.0000,NaN,NaN,0,0,0,0,0.0000,0.0000,-8.0000,0,2.0000,-4.0000,0.0000,0,0,154.2619,5.7831,5.3646,6.1535,6.4721,81.2615,1,1.1798,-7.6352
23.8478,12.1943,0,1,0,0,1.1781,1.3233,-7.6343,0.0000,-8.0000,NaN,NaN,0,0,0,0,0.0000,0.0000,-8.0000,0,2.0000,-4.0000,0.0000,0,0,163.0121,5.7160,5.2975,6.0864,6.4050,81.2015,1,1.1781,-7.6343
23.9145,12.2609,0,1,0,0,1.1783,1.3233,-7.6342,0.0000,-8.0000,NaN,NaN,0,0,0,0,0.0000,0.0000,-8.0000,0,2.0000,-4.0000,0.0000,0,0,166.4574,5.6490,5.2304,6.0193,6.3379,81.1415,1,1.1783,-7.6342
23.9647,12.3111,0,1,0,0,1.1792,1.3212,-7.6344,0.0000,-8.0000,NaN,NaN,0,0,0,0,0.0000,0.0000,-8.0000,0,2.0000,-4.0000,0.0000,0,0,167.5817,5.5990,5.1804,5.9693,6.2879,81.0815,1,1.1792,-7.6344
24.0152,12.3616,0,1,0,0,1.1805,1.3178,-7.6347,0.0000,-8.0000,NaN,NaN,0,0,0,0,0.0000,0.0000,-8.0000,0,2.0000,-4.0000,0.0000,0,0,168.1401,5.5490,5.1304,5.9193,6.2379,81.0415,1,1.1805,-7.6347
24.0657,12.4121,0,1,0,0,1.1821,1.3134,-7.6352,0.0000,-8.0000,NaN,NaN,0,0,0,0,0.0000,0.0000,-8.0000,0,2.0000,-4.0000,0.0000,0,0,168.4174,5.4990,5.0804,5.8693,6.1879,80.9615,1,1.1821,-7.6352
24.1162,12.4626,0,1,0,0,1.1838,1.3084,-7.6357,0.0000,-8.0000,NaN,NaN,0,0,0,0,0.0000,0.0000,-8.0000,0,2.0000,-4.0000,0.0000,0,0,168.5550,5.4489,5.0304,5.8193,6.1379,80.9215,1,1.1838,-7.6357
24.1667,12.5131,0,1,0,0,1.1855,1.3029,-7.6363,0.0000,-8.0000,NaN,NaN,0,0,0,0,0.0000,0.0000,-8.0000,0,2.0000,-4.0000,0.0000,0,0,168.6232,5.3989,4.9804,5.7693,6.0879,80.8615,1,1.1855,-7.6363
24.2333,12.5798,0,1,0,0,1.1880,1.2951,-7.6370,0.0000,-8.0000,NaN,NaN,0,0,0,0,0.0000,0.0000,-8.0000,0,2.0000,-4.0000,0.0000,0,0,168.6640,5.3323,4.9137,5.7026,6.0212,80.8015,1,1.1880,-7.6370
24.3000,12.6464,0,1,0,0,1.1905,1.2871,-7.6378,0.0000,-8.0000,NaN,NaN,0,0,0,0,0.0000,0.0000,-8.0000,0,2.0000,-4.0000,0.0000,0,0,168.6799,5.2651,4.8466,5.6355,5.9541,80.7216,1,1.1905,-7.6378
24.3669,12.7134,0,1,0,0,1.1930,1.2791,-7.6386,0.0000,-8.0000,NaN,NaN,0,0,0,0,0.0000,0.0000,-8.0000,0,2.0000,-4.0000,0.0000,0,0,168.6861,5.1977,4.7792,5.5681,5.8867,80.6616,1,1.1930,-7.6386
24.4171,12.7635,0,1,0,0,1.1949,1.2733,-7.6393,0.0000,-8.0000,NaN,NaN,0,0,0,0,0.0000,0.0000,-8.0000,0,2.0000,-4.0000,0.0000,0,0,168.6880,5.1472,4.7286,5.5176,5.8362,80.6216,1,1.1949,-7.6393
24.4672,12.8137,0,1,0,0,1.1967,1.2679,-7.6399,0.0000,-8.0000,NaN,NaN,0,0,0,0,0.0000,0.0000,-8.0000,0,2.0000,-4.0000,0.0000,0,0,168.6890,5.0972,4.6786,5.4675,5.7861,80.5616,1,1.1967,-7.6399
24.5339,12.8803,0,1,0,0,1.1991,1.2614,-7.6407,0.0000,-8.0000,NaN,NaN,0,0,0,0,0.0000,0.0000,-8.0000,0,2.0000,-4.0000,0.0000,0,0,168.6895,5.0298,4.6115,5.4002,5.7187,80.5016,1,1.1991,-7.6407
24.6006,12.9470,0,1,0,0,1.2015,1.2558,-7.6416,0.0000,-8.0000,NaN,NaN,0,0,0,0,0.0000,0.0000,-8.0000,0,2.0000,-4.0000,0.0000,0,0,168.6897,4.9631,4.5446,5.3335,5.6521,80.4216,1,1.2015,-7.6416
24.6674,13.0138,0,1,0,0,1.2037,1.2515,-7.6424,0.0000,-8.0000,NaN,NaN,0,0,0,0,0.0000,0.0000,-8.0000,0,2.0000,-4.0000,0.0000,0,0,168.6898,4.8961,4.4776,5.2665,5.5851,80.3616,1,1.2037,-7.6424
24.7340,13.0805,0,1,0,0,1.2058,1.2485,-7.6433,0.0000,-8.0000,NaN,NaN,0,0,0,0,0.0000,0.0000,-8.0000,0,2.0000,-4.0000,0.0000,0,0,168.6899,4.8291,4.4106,5.1995,5.5181,80.3216,1,1.2058,-7.6433
24.8007,13.1471,0,1,0,0,1.2078,1.2469,-7.6441,0.0000,-8.0000,NaN,NaN,0,0,0,0,0.0000,0.0000,-8.0000,0,2.0000,-4.0000,0.0000,0,0,168.6900,4.7624,4.3438,5.1327,5.4513,80.2416,1,1.2078,-7.6441
24.8674,13.2138,0,1,0,0,1.2097,1.2468,-7.6450,0.0000,-8.0000,NaN,NaN,0,0,0,0,0.0000,0.0000,-8.0000,0,2.0000,-4.0000,0.0000,0,0,168.6902,4.6957,4.2771,5.0660,5.3846,80.1817,1,1.2097,-7.6450
24.9340,13.2805,0,1,0,0,1.2114,1.2483,-7.6459,0.0000,-8.0000,NaN,NaN,0,0,0,0,0.0000,0.0000,-8.0000,0,2.0000,-4.0000,0.0000,0,0,168.6903,4.6289,4.2103,4.9993,5.3178,80.1217,1,1.2114,-7.6459
25.0000,13.3465,0,1,0,0,1.2129,1.2511,-7.6467,0.0000,-8.0000,NaN,NaN,0,0,0,0,0.0000,0.0000,-8.0000,0,2.0000,-4.0000,0.0000,0,0,168.6905,4.5621,4.1435,4.9325,5.2510,80.0417,1,1.2129,-7.6467
25.0667,13.4131,0,1,0,0,1.2142,1.2554,-7.6475,0.0000,-8.0000,NaN,NaN,0,0,0,0,0.0000,0.0000,-8.0000,0,2.0000,-4.0000,0.0000,0,0,168.6908,4.4947,4.0762,4.8651,5.1837,79.9817,1,1.2142,-7.6475
25.1168,13.4632,0,1,0,0,1.2151,1.2594,-7.6482,0.0000,-8.0000,NaN,NaN,0,0,0,0,0.0000,0.0000,-8.0000,0,2.0000,-4.0000,0.0000,0,0,168.6909,4.4447,4.0262,4.8151,5.1337,79.9417,1,1.2151,-7.6482
25.1677,13.5141,0,1,0,0,1.2158,1.2640,-7.6488,0.0000,-8.0000,NaN,NaN,0,0,0,0,0.0000,0.0000,-8.0000,0,2.0000,-4.0000,0.0000,0,0,168.6910,4.3943,3.9754,4.7647,5.0833,79.8617,1,1.2158,-7.6488
25.2181,13.5645,0,1,0,0,1.2164,1.2691,-7.6494,0.0000,-8.0000,NaN,NaN,0,0,0,0,0.0000,0.0000,-8.0000,0,2.0000,-4.0000,0.0000,0,0,168.6912,4.3439,3.9254,4.7143,5.0329,79.8217,1,1.2164,-7.6494
25.2685,13.6149,0,1,0,0,1.2169,1.2747,-7.6500,0.0000,-8.0000,NaN,NaN,0,0,0,0,0.0000,0.0000,-8.0000,0,2.0000,-4.0000,0.0000,0,0,168.6913,4.2934,3.8749,4.6638,4.9824,79.7617,1,1.2169,-7.6500
25.3355,13.6819,0,1,0,0,1.2174,1.2825,-7.6508,0.0000,-8.0000,NaN,NaN,0,0,0,0,0.0000,0.0000,-8.0000,0,2.0000,-4.0000,0.0000,0,0,168.6914,4.2265,3.8079,4.5968,4.9154,79.7017,1,1.2174,-7.6508
25.3858,13.7322,0,1,0,0,1.2176,1.2886,-7.6514,0.0000,-8.0000,NaN,NaN,0,0,0,0,0.0000,0.0000,-8.0000,0,2.0000,-4.0000,0.0000,0,0,168.6915,4.1762,3.7577,4.5466,4.8652,79.6417,1,1.2176,-7.6514
25.4363,13.7828,0,1,0,0,1.2177,1.2947,-7.6519,0.0000,-8.0000,NaN,NaN,0,0,0,0,0.0000,0.0000,-8.0000,0,2.0000,-4.0000,0.0000,0,0,168.6915,4.1255,3.7070,4.4959,4.8145,79.6018,1,1.2177,-7.6519
25.5030,13.8494,0,1,0,0,1.2176,1.3026,-7.6527,0.0000,-8.0000,NaN,NaN,0,0,0,0,0.0000,0.0000,-8.0000,0,2.0000,-4.0000,0.0000,0,0,168.6915,4.0590,3.6405,4.4294,4.7480,79.5218,1,1.2176,-7.6527
25.5697,13.9161,0,1,0,0,1.2173,1.3101,-7.6534,0.0000,-8.0000,NaN,NaN,0,0,0,0,0.0000,0.0000,-8.0000,0,2.0000,-4.0000,0.0000,0,0,168.6915,3.9924,3.5738,4.3627,4.6813,79.4618,1,1.2173,-7.6534
25.6199,13.9663,0,1,0,0,1.2169,1.3152,-7.6539,0.0000,-8.0000,NaN,NaN,0,0,0,0,0.0000,0.0000,-8.0000,0,2.0000,-4.0000,0.0000,0,0,168.6914,3.9418,3.5232,4.3121,4.6307,79.4018,1,1.2169,-7.6539
25.6701,14.0165,0,1,0,0,1.2164,1.3200,-7.6543,0.0000,-8.0000,NaN,NaN,0,0,0,0,0.0000,0.0000,-8.0000,0,2.0000,-4.0000,0.0000,0,0,168.6913,3.8917,3.4731,4.2621,4.5806,79.3618,1,1.2164,-7.6543
25.7369,14.0833,0,1,0,0,1.2156,1.3252,-7.6549,0.0000,-8.0000,NaN,NaN,0,0,0,0,0.0000,0.0000,-8.0000,0,2.0000,-4.0000,0.0000,0,0,168.6911,3.8242,3.4056,4.1945,4.5131,79.3018,1,1.2156,-7.6549
25.7871,14.1335,0,1,0,0,1.2148,1.3284,-7.6554,0.0000,-8.0000,NaN,NaN,0,0,0,0,0.0000,0.0000,-8.0000,0,2.0000,-4.0000,0.0000,0,0,168.6910,3.7743,3.3558,4.1447,4.4633,79.2418,1,1.2148,-7.6554
25.8375,14.1839,0,1,0,0,1.2139,1.3309,-7.6558,0.0000,-8.0000,NaN,NaN,0,0,0,0,0.0000,0.0000,-8.0000,0,2.0000,-4.0000,0.0000,0,0,168.6909,3.7238,3.3052,4.0941,4.4127,79.2018,1,1.2139,-7.6558
25.9045,14.2509,0,1,0,0,1.2125,1.3328,-7.6563,0.0000,-8.0000,NaN,NaN,0,0,0,0,0.0000,0.0000,-8.0000,0,2.0000,-4.0000,0.0000,0,0,168.6907,3.6565,3.2380,4.0269,4.3455,79.1218,1,1.2125,-7.6563
25.9550,14.3014,0,1,0,0,1.2114,1.3333,-7.6566,0.0000,-8.0000,NaN,NaN,0,0,0,0,0.0000,0.0000,-8.0000,0,2.0000,-4.0000,0.0000,0,0,168.6905,3.6061,3.1876,3.9765,4.2951,79.0818,1,1.2114,-7.6566
26.0210,14.3674,0,1,0,0,1.2097,1.3326,-7.6570,0.0000,-8.0000,NaN,NaN,0,0,0,0,0.0000,0.0000,-8.0000,0,2.0000,-4.0000,0.0000,0,0,168.6904,3.5395,3.1209,3.9098,4.2284,79.0019,1,1.2097,-7.6570
26.0711,14.4175,0,1,0,0,1.2084,1.3312,-7.6573,0.0000,-8.0000,NaN,NaN,0,0,0,0,0.0000,0.0000,-8.0000,0,2.0000,-4.0000,0.0000,0,0,168.6902,3.4890,3.0704,3.8594,4.1779,78.9619,1,1.2084,-7.6573
26.1214,14.4678,0,1,0,0,1.2070,1.3288,-7.6575,0.0000,-8.0000,NaN,NaN,0,0,0,0,0.0000,0.0000,-8.0000,0,2.0000,-4.0000,0.0000,0,0,168.6901,3.4389,3.0204,3.8092,4.1278,78.9019,1,1.2070,-7.6575
26.1874,14.5338,0,1,0,0,1.2049,1.3245,-7.6577,0.0000,-8.0000,NaN,NaN,0,0,0,0,0.0000,0.0000,-8.0000,0,2.0000,-4.0000,0.0000,0,0,168.6900,3.3720,2.9535,3.7424,4.0610,78.8419,1,1.2049,-7.6577
26.2534,14.5998,0,1,0,0,1.2028,1.3191,-7.6579,0.0000,-8.0000,NaN,NaN,0,0,0,0,0.0000,0.0000,-8.0000,0,2.0000,-4.0000,0.0000,0,0,168.6900,3.3054,2.8868,3.6757,3.9943,78.8019,1,1.2028,-7.6579
26.3197,14.6662,0,1,0,0,1.2006,1.3126,-7.6580,0.0000,-8.0000,NaN,NaN,0,0,0,0,0.0000,0.0000,-8.0000,0,2.0000,-4.0000,0.0000,0,0,168.6900,3.2377,2.8191,3.6080,3.9266,78.7219,1,1.2006,-7.6580
26.3861,14.7325,0,1,0,0,1.1983,1.3053,-7.6581,0.0000,-8.0000,NaN,NaN,0,0,0,0,0.0000,0.0000,-8.0000,0,2.0000,-4.0000,0.0000,0,0,168.6901,3.1707,2.7521,3.5410,3.8596,78.6619,1,1.1983,-7.6581
26.4521,14.7985,0,1,0,0,1.1960,1.2975,-7.6581,0.0000,-8.0000,NaN,NaN,0,0,0,0,0.0000,0.0000,-8.0000,0,2.0000,-4.0000,0.0000,0,0,168.6902,3.1038,2.6852,3.4742,3.7927,78.6019,1,1.1960,-7.6581
26.5029,14.8493,0,1,0,0,1.1942,1.2914,-7.6580,0.0000,-8.0000,NaN,NaN,0,0,0,0,0.0000,0.0000,-8.0000,0,2.0000,-4.0000,0.0000,0,0,168.6903,3.0534,2.6348,3.4237,3.7423,78.5419,1,1.1942,-7.6580
26.5530,14.8994,0,1,0,0,1.1924,1.2853,-7.6579,0.0000,-8.0000,NaN,NaN,0,0,0,0,0.0000,0.0000,-8.0000,0,2.0000,-4.0000,0.0000,0,0,168.6904,3.0026,2.5841,3.3730,3.6916,78.5019,1,1.1924,-7.6579
26.6031,14.9496,0,1,0,0,1.1906,1.2794,-7.6578,0.0000,-8.0000,NaN,NaN,0,0,0,0,0.0000,0.0000,-8.0000,0,2.0000,-4.0000,0.0000,0,0,168.6906,2.9526,2.5341,3.3230,3.6416,78.4419,1,1.1906,-7.6578
26.6532,14.9997,0,1,0,0,1.1888,1.2736,-7.6576,0.0000,-8.0000,NaN,NaN,0,0,0,0,0.0000,0.0000,-8.0000,0,2.0000,-4.0000,0.0000,0,0,168.6907,2.9023,2.4837,3.2726,3.5912,78.4020,1,1.1888,-7.6576
26.7034,15.0498,0,1,0,0,1.1870,1.2681,-7.6573,0.0000,-8.0000,NaN,NaN,0,0,0,0,0.0000,0.0000,-8.0000,0,2.0000,-4.0000,0.0000,0,0,168.6909,2.8526,2.4340,3.2229,3.5415,78.3220,1,1.1870,-7.6573
26.7701,15.1165,0,1,0,0,1.1847,1.2616,-7.6570,0.0000,-8.0000,NaN,NaN,0,0,0,0,0.0000,0.0000,-8.0000,0,2.0000,-4.0000,0.0000,0,0,168.6911,2.7859,2.3673,3.1562,3.4748,78.2620,1,1.1847,-7.6570
26.8367,15.1832,0,1,0,0,1.1824,1.2560,-7.6565,0.0000,-8.0000,NaN,NaN,0,0,0,0,0.0000,0.0000,-8.0000,0,2.0000,-4.0000,0.0000,0,0,168.6913,2.7192,2.3007,3.0896,3.4082,78.1820,1,1.1824,-7.6565
26.9034,15.2498,0,1,0,0,1.1803,1.2516,-7.6560,0.0000,-8.0000,NaN,NaN,0,0,0,0,0.0000,0.0000,-8.0000,0,2.0000,-4.0000,0.0000,0,0,168.6914,2.6526,2.2340,3.0229,3.3415,78.1220,1,1.1803,-7.6560
26.9538,15.3003,0,1,0,0,1.1787,1.2492,-7.6555,0.0000,-8.0000,NaN,NaN,0,0,0,0,0.0000,0.0000,-8.0000,0,2.0000,-4.0000,0.0000,0,0,168.6915,2.6022,2.1837,2.9726,3.2912,78.0820,1,1.1787,-7.6555
27.0046,15.3510,0,1,0,0,1.1772,1.2475,-7.6550,0.0000,-8.0000,NaN,NaN,0,0,0,0,0.0000,0.0000,-8.0000,0,2.0000,-4.0000,0.0000,0,0,168.6916,2.5518,2.1333,2.9222,3.2408,78.0220,1,1.1772,-7.6550
27.0551,15.4015,0,1,0,0,1.1757,1.2468,-7.6545,0.0000,-8.0000,NaN,NaN,0,0,0,0,0.0000,0.0000,-8.0000,0,2.0000,-4.0000,0.0000,0,0,168.6916,2.5021,2.0836,2.8725,3.1910,77.9820,1,1.1757,-7.6545
27.1056,15.4520,0,1,0,0,1.1744,1.2468,-7.6539,0.0000,-8.0000,NaN,NaN,0,0,0,0,0.0000,0.0000,-8.0000,0,2.0000,-4.0000,0.0000,0,0,168.6917,2.4521,2.0336,2.8225,3.1410,77.9220,1,1.1744,-7.6539
27.1561,15.5025,0,1,0,0,1.1731,1.2477,-7.6533,0.0000,-8.0000,NaN,NaN,0,0,0,0,0.0000,0.0000,-8.0000,0,2.0000,-4.0000,0.0000,0,0,168.6916,2.4021,1.9835,2.7725,3.0910,77.8820,1,1.1731,-7.6533
27.2066,15.5530,0,1,0,0,1.1719,1.2494,-7.6526,0.0000,-8.0000,NaN,NaN,0,0,0,0,0.0000,0.0000,-8.0000,0,2.0000,-4.0000,0.0000,0,0,168.6916,2.3521,1.9335,2.7225,3.0410,77.8220,1,1.1719,-7.6526
27.2574,15.6038,0,1,0,0,1.1708,1.2520,-7.6519,0.0000,-8.0000,NaN,NaN,0,0,0,0,0.0000,0.0000,-8.0000,0,2.0000,-4.0000,0.0000,0,0,168.6915,2.3017,1.8832,2.6721,2.9907,77.7821,1,1.1708,-7.6519
27.3085,15.6550,0,1,0,0,1.1698,1.2553,-7.6512,0.0000,-8.0000,NaN,NaN,0,0,0,0,0.0000,0.0000,-8.0000,0,2.0000,-4.0000,0.0000,0,0,168.6914,2.2515,1.8329,2.6218,2.9404,77.7221,1,1.1698,-7.6512
27.3590,15.7055,0,1,0,0,1.1689,1.2593,-7.6504,0.0000,-8.0000,NaN,NaN,0,0,0,0,0.0000,0.0000,-8.0000,0,2.0000,-4.0000,0.0000,0,0,168.6913,2.2017,1.7830,2.5721,2.8907,77.6621,1,1.1689,-7.6504
27.4095,15.7560,0,1,0,0,1.1681,1.2638,-7.6496,0.0000,-8.0000,NaN,NaN,0,0,0,0,0.0000,0.0000,-8.0000,0,2.0000,-4.0000,0.0000,0,0,168.6912,2.1512,1.7327,2.5216,2.8402,77.6221,1,1.1681,-7.6496
27.4605,15.8069,0,1,0,0,1.1674,1.2690,-7.6488,0.0000,-8.0000,NaN,NaN,0,0,0,0,0.0000,0.0000,-8.0000,0,2.0000,-4.0000,0.0000,0,0,168.6911,2.1012,1.6827,2.4716,2.7902,77.5621,1,1.1674,-7.6488
27.5110,15.8574,0,1,0,0,1.1669,1.2744,-7.6479,0.0000,-8.0000,NaN,NaN,0,0,0,0,0.0000,0.0000,-8.0000,0,2.0000,-4.0000,0.0000,0,0,168.6909,2.0512,1.6327,2.4216,2.7401,77.5221,1,1.1669,-7.6479
27.5618,15.9082,0,1,0,0,1.1664,1.2802,-7.6470,0.0000,-8.0000,NaN,NaN,0,0,0,0,0.0000,0.0000,-8.0000,0,2.0000,-4.0000,0.0000,0,0,168.6908,2.0009,1.5823,2.3712,2.6898,77.4621,1,1.1664,-7.6470
27.6126,15.9590,0,1,0,0,1.1661,1.2863,-7.6461,0.0000,-8.0000,NaN,NaN,0,0,0,0,0.0000,0.0000,-8.0000,0,2.0000,-4.0000,0.0000,0,0,168.6906,1.9507,1.5322,2.3211,2.6396,77.4221,1,1.1661,-7.6461
27.6637,16.0101,0,1,0,0,1.1659,1.2924,-7.6451,0.0000,-8.0000,NaN,NaN,0,0,0,0,0.0000,0.0000,-8.0000,0,2.0000,-4.0000,0.0000,0,0,168.6905,1.9001,1.4818,2.2704,2.5890,77.3621,1,1.1659,-7.6451
27.7142,16.0606,0,1,0,0,1.1658,1.2984,-7.6441,0.0000,-8.0000,NaN,NaN,0,0,0,0,0.0000,0.0000,-8.0000,0,2.0000,-4.0000,0.0000,0,0,168.6904,1.8504,1.4318,2.2208,2.5393,77.3221,1,1.1658,-7.6441
27.7647,16.1111,0,1,0,0,1.1658,1.3043,-7.6431,0.0000,-8.0000,NaN,NaN,0,0,0,0,0.0000,0.0000,-8.0000,0,2.0000,-4.0000,0.0000,0,0,168.6903,1.8004,1.3818,2.1708,2.4893,77.2621,1,1.1658,-7.6431
27.8152,16.1616,0,1,0,0,1.1660,1.3099,-7.6421,0.0000,-8.0000,NaN,NaN,0,0,0,0,0.0000,0.0000,-8.0000,0,2.0000,-4.0000,0.0000,0,0,168.6902,1.7502,1.3316,2.1206,2.4391,77.2421,1,1.1660,-7.6421
27.8659,16.2123,0,1,0,0,1.1663,1.3151,-7.6411,0.0000,-8.0000,NaN,NaN,0,0,0,0,0.0000,0.0000,-8.0000,0,2.0000,-4.0000,0.0000,0,0,168.6901,1.7000,1.2811,2.0703,2.3889,77.1822,1,1.1663,-7.6411
27.9170,16.2635,0,1,0,0,1.1666,1.3198,-7.6400,0.0000,-8.0000,NaN,NaN,0,0,0,0,0.0000,0.0000,-8.0000,0,2.0000,-4.0000,0.0000,0,0,168.6901,1.6496,1.2311,2.0200,2.3386,77.1422,1,1.1666,-7.6400
27.9672,16.3136,0,1,0,0,1.1671,1.3239,-7.6390,0.0000,-8.0000,NaN,NaN,0,0,0,0,0.0000,0.0000,-8.0000,0,2.0000,-4.0000,0.0000,0,0,168.6901,1.5995,1.1810,1.9699,2.2885,77.0822,1,1.1671,-7.6390
28.0332,16.3796,0,1,0,0,1.1680,1.3283,-7.6376,0.0000,-8.0000,NaN,NaN,0,0,0,0,0.0000,0.0000,-8.0000,0,2.0000,-4.0000,0.0000,0,0,168.6901,1.5325,1.1140,1.9029,2.2215,77.0022,1,1.1680,-7.6376
28.0834,16.4298,0,1,0,0,1.1687,1.3308,-7.6365,0.0000,-8.0000,NaN,NaN,0,0,0,0,0.0000,0.0000,-8.0000,0,2.0000,-4.0000,0.0000,0,0,168.6902,1.4822,1.0636,1.8525,2.1711,76.9622,1,1.1687,-7.6365
28.1500,16.4965,0,1,0,0,1.1699,1.3328,-7.6351,0.0000,-8.0000,NaN,NaN,0,0,0,0,0.0000,0.0000,-8.0000,0,2.0000,-4.0000,0.0000,0,0,168.6903,1.4155,0.9969,1.7858,2.1044,76.8822,1,1.1699,-7.6351
28.2000,16.5465,0,1,0,0,1.1709,1.3333,-7.6340,0.0000,-8.0000,NaN,NaN,0,0,0,0,0.0000,0.0000,-8.0000,0,2.0000,-4.0000,0.0000,0,0,168.6904,1.3655,0.9468,1.7358,2.0544,76.8422,1,1.1709,-7.6340
28.2504,16.5968,0,1,0,0,1.1719,1.3330,-7.6329,0.0000,-8.0000,NaN,NaN,0,0,0,0,0.0000,0.0000,-8.0000,0,2.0000,-4.0000,0.0000,0,0,168.6906,1.3152,0.8966,1.6856,2.0041,76.7822,1,1.1719,-7.6329
28.3008,16.6472,0,1,0,0,1.1731,1.3318,-7.6319,0.0000,-8.0000,NaN,NaN,0,0,0,0,0.0000,0.0000,-8.0000,0,2.0000,-4.0000,0.0000,0,0,168.6907,1.2647,0.8461,1.6350,1.9536,76.7422,1,1.1731,-7.6319
28.3510,16.6974,0,1,0,0,1.1743,1.3298,-7.6309,0.0000,-8.0000,NaN,NaN,0,0,0,0,0.0000,0.0000,-8.0000,0,2.0000,-4.0000,0.0000,0,0,168.6909,1.2147,0.7961,1.5850,1.9036,76.6822,1,1.1743,-7.6309
28.4176,16.7641,0,1,0,0,1.1761,1.3260,-7.6295,0.0000,-8.0000,NaN,NaN,0,0,0,0,0.0000,0.0000,-8.0000,0,2.0000,-4.0000,0.0000,0,0,168.6911,1.1480,0.7294,1.5183,1.8369,76.6223,1,1.1761,-7.6295
28.4681,16.8146,0,1,0,0,1.1775,1.3222,-7.6285,0.0000,-8.0000,NaN,NaN,0,0,0,0,0.0000,0.0000,-8.0000,0,2.0000,-4.0000,0.0000,0,0,168.6912,1.0973,0.6787,1.4677,1.7862,76.5623,1,1.1775,-7.6285
28.5183,16.8647,0,1,0,0,1.1789,1.3179,-7.6276,0.0000,-8.0000,NaN,NaN,0,0,0,0,0.0000,0.0000,-8.0000,0,2.0000,-4.0000,0.0000,0,0,168.6914,1.0473,0.6288,1.4177,1.7363,76.5223,1,1.1789,-7.6276
28.5691,16.9155,0,1,0,0,1.1804,1.3129,-7.6266,0.0000,-8.0000,NaN,NaN,0,0,0,0,0.0000,0.0000,-8.0000,0,2.0000,-4.0000,0.0000,0,0,168.6915,0.9964,0.5778,1.3667,1.6853,76.4623,1,1.1804,-7.6266
28.6200,16.9664,0,1,0,0,1.1820,1.3075,-7.6257,0.0000,-8.0000,NaN,NaN,0,0,0,0,0.0000,0.0000,-8.0000,0,2.0000,-4.0000,0.0000,0,0,168.6916,0.9464,0.5275,1.3168,1.6354,76.4223,1,1.1820,-7.6257
28.6870,17.0334,0,1,0,0,1.1841,1.2997,-7.6245,0.0000,-8.0000,NaN,NaN,0,0,0,0,0.0000,0.0000,-8.0000,0,2.0000,-4.0000,0.0000,0,0,168.6917,0.8794,0.4608,1.2497,1.5683,76.3423,1,1.1841,-7.6245
28.7378,17.0843,0,1,0,0,1.1857,1.2937,-7.6237,0.0000,-8.0000,NaN,NaN,0,0,0,0,0.0000,0.0000,-8.0000,0,2.0000,-4.0000,0.0000,0,0,168.6917,0.8286,0.4100,1.1989,1.5175,76.3023,1,1.1857,-7.6237
28.7880,17.1345,0,1,0,0,1.1874,1.2875,-7.6229,0.0000,-8.0000,NaN,NaN,0,0,0,0,0.0000,0.0000,-8.0000,0,2.0000,-4.0000,0.0000,0,0,168.6917,0.7792,0.3607,1.1496,1.4682,76.2423,1,1.1874,-7.6229
28.8381,17.1846,0,1,0,0,1.1890,1.2815,-7.6222,0.0000,-8.0000,NaN,NaN,0,0,0,0,0.0000,0.0000,-8.0000,0,2.0000,-4.0000,0.0000,0,0,168.6917,0.7292,0.3103,1.0995,1.4181,76.2023,1,1.1890,-7.6222
28.8888,17.2353,0,1,0,0,1.1906,1.2756,-7.6215,0.0000,-8.0000,NaN,NaN,0,0,0,0,0.0000,0.0000,-8.0000,0,2.0000,-4.0000,0.0000,0,0,168.6916,0.6786,0.2601,1.0490,1.3676,76.1423,1,1.1906,-7.6215
28.9557,17.3022,0,1,0,0,1.1928,1.2682,-7.6206,0.0000,-8.0000,NaN,NaN,0,0,0,0,0.0000,0.0000,-8.0000,0,2.0000,-4.0000,0.0000,0,0,168.6915,0.6122,0.1935,0.9825,1.3011,76.0823,1,1.1928,-7.6206
29.0223,17.3687,0,1,0,0,1.1949,1.2616,-7.6199,0.0000,-8.0000,NaN,NaN,0,0,0,0,0.0000,0.0000,-8.0000,0,2.0000,-4.0000,0.0000,0,0,168.6914,0.5454,0.1269,0.9158,1.2344,76.0224,1,1.1949,-7.6199
29.0884,17.4348,0,1,0,0,1.1969,1.2560,-7.6192,0.0000,-8.0000,NaN,NaN,0,0,0,0,0.0000,0.0000,-8.0000,0,2.0000,-4.0000,0.0000,0,0,168.6912,0.4781,0.0595,0.8485,1.1670,75.9424,1,1.1969,-7.6192
29.1544,17.5008,0,1,0,0,1.1989,1.2516,-7.6187,0.0000,-8.0000,NaN,NaN,0,0,0,0,0.0000,0.0000,-8.0000,0,2.0000,-4.0000,0.0000,0,0,168.6910,0.4104,0.0000,0.7808,1.0994,75.8824,1,1.1989,-7.6187
29.2209,17.5673,0,1,0,0,1.2008,1.2485,-7.6182,0.0000,-8.0000,NaN,NaN,0,0,0,0,0.0000,0.0000,-8.0000,0,2.0000,-4.0000,0.0000,0,0,168.6908,0.3427,0.0000,0.7131,1.0317,75.8224,1,1.2008,-7.6182
29.2870,17.6335,0,1,0,0,1.2025,1.2469,-7.6179,0.0000,-8.0000,NaN,NaN,0,0,0,0,0.0000,0.0000,-8.0000,0,2.0000,-4.0000,0.0000,0,0,168.6906,0.2757,0.0000,0.6461,0.9647,75.7424,1,1.2025,-7.6179
29.3537,17.7001,0,1,0,0,1.2042,1.2468,-7.6176,0.0000,-8.0000,NaN,NaN,0,0,0,0,0.0000,0.0000,-8.0000,0,2.0000,-4.0000,0.0000,0,0,168.6904,0.2083,0.0000,0.5787,0.8972,75.7024,1,1.2042,-7.6176
29.4199,17.7663,0,1,0,0,1.2057,1.2482,-7.6175,0.0000,-8.0000,NaN,NaN,0,0,0,0,0.0000,0.0000,-8.0000,0,2.0000,-4.0000,0.0000,0,0,168.6903,0.1420,0.0000,0.5123,0.8309,75.6224,1,1.2057,-7.6175
29.4859,17.8323,0,1,0,0,1.2070,1.2511,-7.6175,0.0000,-8.0000,NaN,NaN,0,0,0,0,0.0000,0.0000,-8.0000,0,2.0000,-4.0000,0.0000,0,0,168.6902,0.0752,0.0000,0.4455,0.7641,75.5624,1,1.2070,-7.6175
29.5522,17.8986,0,1,0,0,1.2082,1.2553,-7.6176,0.0000,-8.0000,NaN,NaN,0,0,0,0,0.0000,0.0000,-8.0000,0,2.0000,-4.0000,0.0000,0,0,168.6901,0.0085,0.0000,0.3788,0.6974,75.5024,1,1.2082,-7.6176
29.6189,17.9653,0,1,0,0,1.2092,1.2607,-7.6179,0.0000,-8.0000,NaN,NaN,0,0,0,0,0.0000,0.0000,-8.0000,0,2.0000,-4.0000,0.0000,0,0,168.6901,0.0000,0.0000,0.3122,0.6308,75.4225,1,1.2092,-7.6179
29.6692,18.0157,0,1,0,0,1.2098,1.2655,-7.6181,0.0000,-8.0000,NaN,NaN,0,0,0,0,0.0000,0.0000,-8.0000,0,2.0000,-4.0000,0.0000,0,0,168.6901,0.0000,0.0000,0.2619,0.5805,75.3825,1,1.2098,-7.6181
29.7199,18.0663,0,1,0,0,1.2104,1.2707,-7.6184,0.0000,-8.0000,NaN,NaN,0,0,0,0,0.0000,0.0000,-8.0000,0,2.0000,-4.0000,0.0000,0,0,168.6902,0.0000,0.0000,0.2114,0.5300,75.3225,1,1.2104,-7.6184
29.7700,18.1164,0,1,0,0,1.2108,1.2764,-7.6188,0.0000,-8.0000,NaN,NaN,0,0,0,0,0.0000,0.0000,-8.0000,0,2.0000,-4.0000,0.0000,0,0,168.6903,0.0000,0.0000,0.1612,0.4798,75.2625,1,1.2108,-7.6188
29.8205,18.1669,0,1,0,0,1.2111,1.2823,-7.6193,0.0000,-8.0000,NaN,NaN,0,0,0,0,0.0000,0.0000,-8.0000,0,2.0000,-4.0000,0.0000,0,0,168.6904,0.0000,0.0000,0.1112,0.4297,75.2025,1,1.2111,-7.6193
29.8708,18.2173,0,1,0,0,1.2113,1.2884,-7.6198,0.0000,-8.0000,NaN,NaN,0,0,0,0,0.0000,0.0000,-8.0000,0,2.0000,-4.0000,0.0000,0,0,168.6905,0.0000,0.0000,0.0613,0.3799,75.1625,1,1.2113,-7.6198
29.9220,18.2685,0,1,0,0,1.2114,1.2946,-7.6204,0.0000,-8.0000,NaN,NaN,0,0,0,0,0.0000,0.0000,-8.0000,0,2.0000,-4.0000,0.0000,0,0,168.6906,0.0000,0.0000,0.0102,0.3288,75.1025,1,1.2114,-7.6204
29.9723,18.3187,0,1,0,0,1.2114,1.3006,-7.6210,0.0000,-8.0000,NaN,NaN,0,0,0,0,0.0000,0.0000,-8.0000,0,2.0000,-4.0000,0.0000,0,0,168.6908,0.0000,0.0000,0.0000,0.2791,75.0625,1,1.2114,-7.6210
30.0387,18.3851,0,1,0,0,1.2112,1.3083,-7.6220,0.0000,-8.0000,NaN,NaN,0,0,0,0,0.0000,0.0000,-8.0000,0,2.0000,-4.0000,0.0000,0,0,168.6910,0.0000,0.0000,0.0000,0.2121,74.9825,1,1.2112,-7.6220
30.1049,18.4514,0,1,0,0,1.2107,1.3151,-7.6230,0.0000,-8.0000,NaN,NaN,0,0,0,0,0.0000,0.0000,-8.0000,0,2.0000,-4.0000,0.0000,0,0,168.7324,0.0000,0.0000,0.0000,0.1448,74.9225,1,1.2107,-7.6230
30.1550,18.5014,0,1,0,0,1.2097,1.3185,-7.6240,0.0000,-8.0000,NaN,NaN,0,0,0,0,0.0000,0.0000,-8.0000,0,2.0000,-4.0000,0.0000,0,0,169.0679,0.0000,0.0000,0.0000,0.0937,74.8825,1,1.2097,-7.6240
30.2214,18.5679,0,1,0,0,1.2059,1.3203,-7.6258,0.0000,-8.0000,NaN,NaN,0,0,0,0,0.0000,0.0000,-8.0000,0,2.0000,-4.0000,0.0000,0,0,170.1518,0.0000,0.0000,0.0000,0.0266,74.8026,1,1.2059,-7.6258
30.2878,18.6342,0,1,0,0,1.2000,1.3195,-7.6281,0.0000,-8.0000,NaN,NaN,0,0,0,0,0.0000,0.0000,-8.0000,0,2.0000,-4.0000,0.0000,0,0,171.6417,0.0000,0.0000,0.0000,0.0000,74.7426,1,1.2000,-7.6281
30.3541,18.7006,0,1,0,0,1.1951,1.3167,-7.6302,0.0000,-8.0000,NaN,NaN,0,0,0,0,0.0000,0.0000,-8.0000,0,2.0000,-4.0000,0.0000,0,0,172.8486,0.0000,0.0000,0.0000,0.0000,74.6626,1,1.1951,-7.6302
30.4203,18.7667,0,1,0,0,1.1951,1.3124,-7.6315,0.0000,-8.0000,NaN,NaN,0,0,0,0,0.0000,0.0000,-8.0000,0,2.0000,-4.0000,0.0000,0,0,173.0766,0.0000,0.0000,0.0000,0.0000,74.6026,1,1.1951,-7.6315
30.4704,18.8168,0,1,0,0,1.1996,1.3084,-7.6315,0.0000,-8.0000,NaN,NaN,0,0,0,0,0.0000,0.0000,-8.0000,0,2.0000,-4.0000,0.0000,0,0,172.3294,0.0000,0.0000,0.0000,0.0000,74.5626,1,1.1996,-7.6315
30.5364,18.8828,0,1,0,0,1.2103,1.3021,-7.6306,0.0000,-8.0000,NaN,NaN,0,0,0,0,0.0000,0.0000,-8.0000,0,2.0000,-4.0000,0.0000,0,0,170.1262,0.0000,0.0000,0.0000,0.0000,74.4826,1,1.2103,-7.6306
30.5865,18.9330,0,1,0,0,1.2192,1.2969,-7.6298,0.0000,-8.0000,NaN,NaN,0,0,0,0,0.0000,0.0000,-8.0000,0,2.0000,-4.0000,0.0000,0,0,167.8364,0.0000,0.0000,0.0000,0.0000,74.4426,1,1.2192,-7.6298
30.6367,18.9831,0,1,0,0,1.2258,1.2913,-7.6294,0.0000,-8.0000,NaN,NaN,0,0,0,0,0.0000,0.0000,-8.0000,0,2.0000,-4.0000,0.0000,0,0,165.3665,0.0000,0.0000,0.0000,0.0000,74.3826,1,1.2258,-7.6294
30.6868,19.0333,0,1,0,0,1.2279,1.2854,-7.6300,0.0000,-8.0000,NaN,NaN,0,0,0,0,0.0000,0.0000,-8.0000,0,2.0000,-4.0000,0.0000,0,0,163.1030,0.0000,0.0000,0.0000,0.0000,74.3426,1,1.2279,-7.6300
30.7372,19.0837,0,1,0,0,1.2239,1.2794,-7.6318,0.0000,-8.0000,NaN,NaN,0,0,0,0,0.0000,0.0000,-8.0000,0,2.0000,-4.0000,0.0000,0,0,161.4454,0.0000,0.0000,0.0000,0.0000,74.2826,1,1.2239,-7.6318
30.7876,19.1340,0,1,0,0,1.2144,1.2734,-7.6347,0.0000,-8.0000,NaN,NaN,0,0,0,0,0.0000,0.0000,-8.0000,0,2.0000,-4.0000,0.0000,0,0,160.7043,0.0000,0.0000,0.0000,0.0000,74.2427,1,1.2144,-7.6347
30.8542,19.2007,0,1,0,0,1.1960,1.2656,-7.6397,0.0000,-8.0000,NaN,NaN,0,0,0,0,0.0000,0.0000,-8.0000,0,2.0000,-4.0000,0.0000,0,0,161.3060,0.0000,0.0000,0.0000,0.0000,74.1827,1,1.1960,-7.6397
30.9211,19.2675,0,1,0,0,1.1776,1.2581,-7.6447,0.0000,-8.0000,NaN,NaN,0,0,0,0,0.0000,0.0000,-8.0000,0,2.0000,-4.0000,0.0000,0,0,163.5109,0.0000,0.0000,0.0000,0.0000,74.1227,1,1.1776,-7.6447
30.9712,19.3177,0,1,0,0,1.1679,1.2529,-7.6476,0.0000,-8.0000,NaN,NaN,0,0,0,0,0.0000,0.0000,-8.0000,0,2.0000,-4.0000,0.0000,0,0,165.8297,0.0000,0.0000,0.0000,0.0000,74.0827,1,1.1679,-7.6476
31.0217,19.3682,0,1,0,0,1.1636,1.2482,-7.6495,0.0000,-8.0000,NaN,NaN,0,0,0,0,0.0000,0.0000,-8.0000,0,2.0000,-4.0000,0.0000,0,0,168.2704,0.0000,0.0000,0.0000,0.0000,74.0227,1,1.1636,-7.6495
31.0732,19.4197,0,1,0,0,1.1650,1.2441,-7.6502,0.0000,-8.0000,NaN,NaN,0,0,0,0,0.0000,0.0000,-8.0000,0,2.0000,-4.0000,0.0000,0,0,170.4682,0.0000,0.0000,0.0000,0.0000,73.9827,1,1.1650,-7.6502
31.1237,19.4702,0,1,0,0,1.1708,1.2406,-7.6500,0.0000,-8.0000,NaN,NaN,0,0,0,0,0.0000,0.0000,-8.0000,0,2.0000,-4.0000,0.0000,0,0,172.0478,0.0000,0.0000,0.0000,0.0000,73.9227,1,1.1708,-7.6500
31.1742,19.5207,0,1,0,0,1.1786,1.2380,-7.6494,0.0000,-8.0000,NaN,NaN,0,0,0,0,0.0000,0.0000,-8.0000,0,2.0000,-4.0000,0.0000,0,0,172.8417,0.0000,0.0000,0.0000,0.0000,73.8827,1,1.1786,-7.6494
31.2252,19.5716,0,1,0,0,1.1857,1.2361,-7.6489,0.0000,-8.0000,NaN,NaN,0,0,0,0,0.0000,0.0000,-8.0000,0,2.0000,-4.0000,0.0000,0,0,172.8506,0.0000,0.0000,0.0000,0.0000,73.8227,1,1.1857,-7.6489
31.2761,19.6225,0,1,0,0,1.1904,1.2352,-7.6489,0.0000,-8.0000,NaN,NaN,0,0,0,0,0.0000,0.0000,-8.0000,0,2.0000,-4.0000,0.0000,0,0,172.2167,0.0000,0.0000,0.0000,0.0000,73.7627,1,1.1904,-7.6489
31.3266,19.6730,0,1,0,0,1.1915,1.2351,-7.6496,0.0000,-8.0000,NaN,NaN,0,0,0,0,0.0000,0.0000,-8.0000,0,2.0000,-4.0000,0.0000,0,0,171.2184,0.0000,0.0000,0.0000,0.0000,73.7227,1,1.1915,-7.6496
31.3771,19.7235,0,1,0,0,1.1896,1.2361,-7.6508,0.0000,-8.0000,NaN,NaN,0,0,0,0,0.0000,0.0000,-8.0000,0,2.0000,-4.0000,0.0000,0,0,170.1996,0.0000,0.0000,0.0000,0.0000,73.6627,1,1.1896,-7.6508
31.4278,19.7743,0,1,0,0,1.1860,1.2379,-7.6524,0.0000,-8.0000,NaN,NaN,0,0,0,0,0.0000,0.0000,-8.0000,0,2.0000,-4.0000,0.0000,0,0,169.4574,0.0000,0.0000,0.0000,0.0000,73.6228,1,1.1860,-7.6524
31.4783,19.8248,0,1,0,0,1.1823,1.2402,-7.6540,0.0000,-8.0000,NaN,NaN,0,0,0,0,0.0000,0.0000,-8.0000,0,2.0000,-4.0000,0.0000,0,0,169.0701,0.0000,0.0000,0.0000,0.0000,73.5628,1,1.1823,-7.6540
31.5292,19.8757,0,1,0,0,1.1794,1.2422,-7.6554,0.0000,-8.0000,NaN,NaN,0,0,0,0,0.0000,0.0000,-8.0000,0,2.0000,-4.0000,0.0000,0,0,168.8781,0.0000,0.0000,0.0000,0.0000,73.5028,1,1.1794,-7.6554
31.5798,19.9262,0,1,0,0,1.1771,1.2439,-7.6566,0.0000,-8.0000,NaN,NaN,0,0,0,0,0.0000,0.0000,-8.0000,0,2.0000,-4.0000,0.0000,0,0,168.7839,0.0000,0.0000,0.0000,0.0000,73.4428,1,1.1771,-7.6566
31.6305,19.9770,0,1,0,0,1.1754,1.2457,-7.6577,0.0000,-8.0000,NaN,NaN,0,0,0,0,0.0000,0.0000,-8.0000,0,2.0000,-4.0000,0.0000,0,0,168.7370,0.0000,0.0000,0.0000,0.0000,73.4028,1,1.1754,-7.6577
31.6816,20.0280,0,1,0,0,1.1740,1.2479,-7.6586,0.0000,-8.0000,NaN,NaN,0,0,0,0,0.0000,0.0000,-8.0000,0,2.0000,-4.0000,0.0000,0,0,168.7136,0.0000,0.0000,0.0000,0.0000,73.3428,1,1.1740,-7.6586
31.7326,20.0790,0,1,0,0,1.1729,1.2506,-7.6595,0.0000,-8.0000,NaN,NaN,0,0,0,0,0.0000,0.0000,-8.0000,0,2.0000,-4.0000,0.0000,0,0,168.7023,0.0000,0.0000,0.0000,0.0000,73.3028,1,1.1729,-7.6595
31.7837,20.1302,0,1,0,0,1.1720,1.2540,-7.6603,0.0000,-8.0000,NaN,NaN,0,0,0,0,0.0000,0.0000,-8.0000,0,2.0000,-4.0000,0.0000,0,0,168.6967,0.0000,0.0000,0.0000,0.0000,73.2428,1,1.1720,-7.6603
31.8348,20.1813,0,1,0,0,1.1713,1.2579,-7.6611,0.0000,-8.0000,NaN,NaN,0,0,0,0,0.0000,0.0000,-8.0000,0,2.0000,-4.0000,0.0000,0,0,168.6940,0.0000,0.0000,0.0000,0.0000,73.2028,1,1.1713,-7.6611
31.8853,20.2318,0,1,0,0,1.1708,1.2624,-7.6617,0.0000,-8.0000,NaN,NaN,0,0,0,0,0.0000,0.0000,-8.0000,0,2.0000,-4.0000,0.0000,0,0,168.6927,0.0000,0.0000,0.0000,0.0000,73.1428,1,1.1708,-7.6617
31.9359,20.2824,0,1,0,0,1.1703,1.2673,-7.6623,0.0000,-8.0000,NaN,NaN,0,0,0,0,0.0000,0.0000,-8.0000,0,2.0000,-4.0000,0.0000,0,0,168.6921,0.0000,0.0000,0.0000,0.0000,73.1028,1,1.1703,-7.6623
32.0023,20.3487,0,1,0,0,1.1699,1.2746,-7.6630,0.0000,-8.0000,NaN,NaN,0,0,0,0,0.0000,0.0000,-8.0000,0,2.0000,-4.0000,0.0000,0,0,168.6918,0.0000,0.0000,0.0000,0.0000,73.0229,1,1.1699,-7.6630
32.0683,20.4147,0,1,0,0,1.1697,1.2824,-7.6636,0.0000,-8.0000,NaN,NaN,0,0,0,0,0.0000,0.0000,-8.0000,0,2.0000,-4.0000,0.0000,0,0,168.6916,0.0000,0.0000,0.0000,0.0000,72.9629,1,1.1697,-7.6636
32.1343,20.4807,0,1,0,0,1.1697,1.2905,-7.6640,0.0000,-8.0000,NaN,NaN,0,0,0,0,0.0000,0.0000,-8.0000,0,2.0000,-4.0000,0.0000,0,0,168.6915,0.0000,0.0000,0.0000,0.0000,72.9029,1,1.1697,-7.6640
32.2003,20.5467,0,1,0,0,1.1698,1.2985,-7.6644,0.0000,-8.0000,NaN,NaN,0,0,0,0,0.0000,0.0000,-8.0000,0,2.0000,-4.0000,0.0000,0,0,168.6914,0.0000,0.0000,0.0000,0.0000,72.8229,1,1.1698,-7.6644
32.2666,20.6130,0,1,0,0,1.1702,1.3062,-7.6646,0.0000,-8.0000,NaN,NaN,0,0,0,0,0.0000,0.0000,-8.0000,0,2.0000,-4.0000,0.0000,0,0,168.6913,0.0000,0.0000,0.0000,0.0000,72.7629,1,1.1702,-7.6646
32.3168,20.6632,0,1,0,0,1.1706,1.3117,-7.6646,0.0000,-8.0000,NaN,NaN,0,0,0,0,0.0000,0.0000,-8.0000,0,2.0000,-4.0000,0.0000,0,0,168.6912,0.0000,0.0000,0.0000,0.0000,72.7229,1,1.1706,-7.6646
32.3834,20.7299,0,1,0,0,1.1713,1.3183,-7.6646,0.0000,-8.0000,NaN,NaN,0,0,0,0,0.0000,0.0000,-8.0000,0,2.0000,-4.0000,0.0000,0,0,168.6910,0.0000,0.0000,0.0000,0.0000,72.6429,1,1.1713,-7.6646
32.4502,20.7967,0,1,0,0,1.1722,1.3239,-7.6645,0.0000,-8.0000,NaN,NaN,0,0,0,0,0.0000,0.0000,-8.0000,0,2.0000,-4.0000,0.0000,0,0,168.6908,0.0000,0.0000,0.0000,0.0000,72.5829,1,1.1722,-7.6645
32.5169,20.8633,0,1,0,0,1.1733,1.3283,-7.6642,0.0000,-8.0000,NaN,NaN,0,0,0,0,0.0000,0.0000,-8.0000,0,2.0000,-4.0000,0.0000,0,0,168.6906,0.0000,0.0000,0.0000,0.0000,72.5229,1,1.1733,-7.6642
32.5671,20.9136,0,1,0,0,1.1742,1.3308,-7.6640,0.0000,-8.0000,NaN,NaN,0,0,0,0,0.0000,0.0000,-8.0000,0,2.0000,-4.0000,0.0000,0,0,168.6904,0.0000,0.0000,0.0000,0.0000,72.4629,1,1.1742,-7.6640
32.6173,20.9637,0,1,0,0,1.1752,1.3324,-7.6636,0.0000,-8.0000,NaN,NaN,0,0,0,0,0.0000,0.0000,-8.0000,0,2.0000,-4.0000,0.0000,0,0,168.6903,0.0000,0.0000,0.0000,0.0000,72.4430,1,1.1752,-7.6636
32.6840,21.0304,0,1,0,0,1.1767,1.3333,-7.6631,0.0000,-8.0000,NaN,NaN,0,0,0,0,0.0000,0.0000,-8.0000,0,2.0000,-4.0000,0.0000,0,0,168.6901,0.0000,0.0000,0.0000,0.0000,72.3630,1,1.1767,-7.6631
32.7341,21.0805,0,1,0,0,1.1779,1.3330,-7.6626,0.0000,-8.0000,NaN,NaN,0,0,0,0,0.0000,0.0000,-8.0000,0,2.0000,-4.0000,0.0000,0,0,168.6900,0.0000,0.0000,0.0000,0.0000,72.3230,1,1.1779,-7.6626
32.7845,21.1310,0,1,0,0,1.1791,1.3318,-7.6621,0.0000,-8.0000,NaN,NaN,0,0,0,0,0.0000,0.0000,-8.0000,0,2.0000,-4.0000,0.0000,0,0,168.6899,0.0000,0.0000,0.0000,0.0000,72.2630,1,1.1791,-7.6621
32.8346,21.1811,0,1,0,0,1.1804,1.3299,-7.6614,0.0000,-8.0000,NaN,NaN,0,0,0,0,0.0000,0.0000,-8.0000,0,2.0000,-4.0000,0.0000,0,0,168.6899,0.0000,0.0000,0.0000,0.0000,72.2030,1,1.1804,-7.6614
32.8851,21.2316,0,1,0,0,1.1818,1.3271,-7.6608,0.0000,-8.0000,NaN,NaN,0,0,0,0,0.0000,0.0000,-8.0000,0,2.0000,-4.0000,0.0000,0,0,168.6898,0.0000,0.0000,0.0000,0.0000,72.1430,1,1.1818,-7.6608
32.9519,21.2983,0,1,0,0,1.1837,1.3222,-7.6598,0.0000,-8.0000,NaN,NaN,0,0,0,0,0.0000,0.0000,-8.0000,0,2.0000,-4.0000,0.0000,0,0,168.6898,0.0000,0.0000,0.0000,0.0000,72.0830,1,1.1837,-7.6598
33.0180,21.3644,0,1,0,0,1.1857,1.3163,-7.6587,0.0000,-8.0000,NaN,NaN,0,0,0,0,0.0000,0.0000,-8.0000,0,2.0000,-4.0000,0.0000,0,0,168.6899,0.0000,0.0000,0.0000,0.0000,72.0230,1,1.1857,-7.6587
33.0845,21.4310,0,1,0,0,1.1878,1.3094,-7.6576,0.0000,-8.0000,NaN,NaN,0,0,0,0,0.0000,0.0000,-8.0000,0,2.0000,-4.0000,0.0000,0,0,168.6900,0.0000,0.0000,0.0000,0.0000,71.9430,1,1.1878,-7.6576
33.1510,21.4974,0,1,0,0,1.1899,1.3018,-7.6564,0.0000,-8.0000,NaN,NaN,0,0,0,0,0.0000,0.0000,-8.0000,0,2.0000,-4.0000,0.0000,0,0,168.6901,0.0000,0.0000,0.0000,0.0000,71.8830,1,1.1899,-7.6564
33.2014,21.5478,0,1,0,0,1.1914,1.2959,-7.6554,0.0000,-8.0000,NaN,NaN,0,0,0,0,0.0000,0.0000,-8.0000,0,2.0000,-4.0000,0.0000,0,0,168.6903,0.0000,0.0000,0.0000,0.0000,71.8231,1,1.1914,-7.6554
33.2680,21.6145,0,1,0,0,1.1935,1.2878,-7.6541,0.0000,-8.0000,NaN,NaN,0,0,0,0,0.0000,0.0000,-8.0000,0,2.0000,-4.0000,0.0000,0,0,168.6905,0.0000,0.0000,0.0000,0.0000,71.7631,1,1.1935,-7.6541
33.3347,21.6811,0,1,0,0,1.1956,1.2798,-7.6527,0.0000,-8.0000,NaN,NaN,0,0,0,0,0.0000,0.0000,-8.0000,0,2.0000,-4.0000,0.0000,0,0,168.6906,0.0000,0.0000,0.0000,0.0000,71.7031,1,1.1956,-7.6527
33.3849,21.7313,0,1,0,0,1.1971,1.2740,-7.6516,0.0000,-8.0000,NaN,NaN,0,0,0,0,0.0000,0.0000,-8.0000,0,2.0000,-4.0000,0.0000,0,0,168.6908,0.0000,0.0000,0.0000,0.0000,71.6431,1,1.1971,-7.6516
33.4350,21.7815,0,1,0,0,1.1986,1.2685,-7.6505,0.0000,-8.0000,NaN,NaN,0,0,0,0,0.0000,0.0000,-8.0000,0,2.0000,-4.0000,0.0000,0,0,168.6909,0.0000,0.0000,0.0000,0.0000,71.6031,1,1.1986,-7.6505
33.5017,21.8481,0,1,0,0,1.2006,1.2619,-7.6490,0.0000,-8.0000,NaN,NaN,0,0,0,0,0.0000,0.0000,-8.0000,0,2.0000,-4.0000,0.0000,0,0,168.6911,0.0000,0.0000,0.0000,0.0000,71.5231,1,1.2006,-7.6490
33.5684,21.9148,0,1,0,0,1.2024,1.2563,-7.6474,0.0000,-8.0000,NaN,NaN,0,0,0,0,0.0000,0.0000,-8.0000,0,2.0000,-4.0000,0.0000,0,0,168.6912,0.0000,0.0000,0.0000,0.0000,71.4631,1,1.2024,-7.6474
33.6350,21.9815,0,1,0,0,1.2042,1.2518,-7.6459,0.0000,-8.0000,NaN,NaN,0,0,0,0,0.0000,0.0000,-8.0000,0,2.0000,-4.0000,0.0000,0,0,168.6913,0.0000,0.0000,0.0000,0.0000,71.4031,1,1.2042,-7.6459
33.7018,22.0483,0,1,0,0,1.2059,1.2487,-7.6443,0.0000,-8.0000,NaN,NaN,0,0,0,0,0.0000,0.0000,-8.0000,0,2.0000,-4.0000,0.0000,0,0,168.6913,0.0000,0.0000,0.0000,0.0000,71.3231,1,1.2059,-7.6443
33.7685,22.1149,0,1,0,0,1.2074,1.2470,-7.6427,0.0000,-8.0000,NaN,NaN,0,0,0,0,0.0000,0.0000,-8.0000,0,2.0000,-4.0000,0.0000,0,0,168.6913,0.0000,0.0000,0.0000,0.0000,71.2632,1,1.2074,-7.6427
33.8353,22.1817,0,1,0,0,1.2088,1.2468,-7.6412,0.0000,-8.0000,NaN,NaN,0,0,0,0,0.0000,0.0000,-8.0000,0,2.0000,-4.0000,0.0000,0,0,168.6912,0.0000,0.0000,0.0000,0.0000,71.2032,1,1.2088,-7.6412
33.9020,22.2484,0,1,0,0,1.2100,1.2481,-7.6396,0.0000,-8.0000,NaN,NaN,0,0,0,0,0.0000,0.0000,-8.0000,0,2.0000,-4.0000,0.0000,0,0,168.6911,0.0000,0.0000,0.0000,0.0000,71.1232,1,1.2100,-7.6396
33.9683,22.3147,0,1,0,0,1.2110,1.2508,-7.6381,0.0000,-8.0000,NaN,NaN,0,0,0,0,0.0000,0.0000,-8.0000,0,2.0000,-4.0000,0.0000,0,0,168.6910,0.0000,0.0000,0.0000,0.0000,71.0832,1,1.2110,-7.6381
34.0343,22.3807,0,1,0,0,1.2119,1.2550,-7.6366,0.0000,-8.0000,NaN,NaN,0,0,0,0,0.0000,0.0000,-8.0000,0,2.0000,-4.0000,0.0000,0,0,168.6908,0.0000,0.0000,0.0000,0.0000,71.0232,1,1.2119,-7.6366
34.1003,22.4467,0,1,0,0,1.2126,1.2603,-7.6351,0.0000,-8.0000,NaN,NaN,0,0,0,0,0.0000,0.0000,-8.0000,0,2.0000,-4.0000,0.0000,0,0,168.6906,0.0000,0.0000,0.0000,0.0000,70.9432,1,1.2126,-7.6351
34.1507,22.4972,0,1,0,0,1.2130,1.2650,-7.6341,0.0000,-8.0000,NaN,NaN,0,0,0,0,0.0000,0.0000,-8.0000,0,2.0000,-4.0000,0.0000,0,0,168.6904,0.0000,0.0000,0.0000,0.0000,70.8832,1,1.2130,-7.6341
34.2009,22.5473,0,1,0,0,1.2133,1.2703,-7.6330,0.0000,-8.0000,NaN,NaN,0,0,0,0,0.0000,0.0000,-8.0000,0,2.0000,-4.0000,0.0000,0,0,168.6903,0.0000,0.0000,0.0000,0.0000,70.8232,1,1.2133,-7.6330
34.2510,22.5975,0,1,0,0,1.2134,1.2758,-7.6320,0.0000,-8.0000,NaN,NaN,0,0,0,0,0.0000,0.0000,-8.0000,0,2.0000,-4.0000,0.0000,0,0,168.6901,0.0000,0.0000,0.0000,0.0000,70.7832,1,1.2134,-7.6320
34.3177,22.6641,0,1,0,0,1.2134,1.2837,-7.6307,0.0000,-8.0000,NaN,NaN,0,0,0,0,0.0000,0.0000,-8.0000,0,2.0000,-4.0000,0.0000,0,0,168.6899,0.0000,0.0000,0.0000,0.0000,70.7032,1,1.2134,-7.6307
34.3680,22.7144,0,1,0,0,1.2133,1.2898,-7.6298,0.0000,-8.0000,NaN,NaN,0,0,0,0,0.0000,0.0000,-8.0000,0,2.0000,-4.0000,0.0000,0,0,168.6898,0.0000,0.0000,0.0000,0.0000,70.6633,1,1.2133,-7.6298
34.4185,22.7649,0,1,0,0,1.2131,1.2958,-7.6289,0.0000,-8.0000,NaN,NaN,0,0,0,0,0.0000,0.0000,-8.0000,0,2.0000,-4.0000,0.0000,0,0,168.6897,0.0000,0.0000,0.0000,0.0000,70.6033,1,1.2131,-7.6289
34.4855,22.8319,0,1,0,0,1.2126,1.3037,-7.6277,0.0000,-8.0000,NaN,NaN,0,0,0,0,0.0000,0.0000,-8.0000,0,2.0000,-4.0000,0.0000,0,0,168.6896,0.0000,0.0000,0.0000,0.0000,70.5433,1,1.2126,-7.6277
34.5355,22.8820,0,1,0,0,1.2121,1.3094,-7.6269,0.0000,-8.0000,NaN,NaN,0,0,0,0,0.0000,0.0000,-8.0000,0,2.0000,-4.0000,0.0000,0,0,168.6896,0.0000,0.0000,0.0000,0.0000,70.5033,1,1.2121,-7.6269
34.5857,22.9321,0,1,0,0,1.2115,1.3146,-7.6262,0.0000,-8.0000,NaN,NaN,0,0,0,0,0.0000,0.0000,-8.0000,0,2.0000,-4.0000,0.0000,0,0,168.6896,0.0000,0.0000,0.0000,0.0000,70.4433,1,1.2115,-7.6262
34.6524,22.9988,0,1,0,0,1.2105,1.3208,-7.6253,0.0000,-8.0000,NaN,NaN,0,0,0,0,0.0000,0.0000,-8.0000,0,2.0000,-4.0000,0.0000,0,0,168.6897,0.0000,0.0000,0.0000,0.0000,70.3833,1,1.2105,-7.6253
34.7190,23.0655,0,1,0,0,1.2093,1.3259,-7.6244,0.0000,-8.0000,NaN,NaN,0,0,0,0,0.0000,0.0000,-8.0000,0,2.0000,-4.0000,0.0000,0,0,168.6897,0.0000,0.0000,0.0000,0.0000,70.3033,1,1.2093,-7.6244
34.7857,23.1321,0,1,0,0,1.2080,1.3298,-7.6237,0.0000,-8.0000,NaN,NaN,0,0,0,0,0.0000,0.0000,-8.0000,0,2.0000,-4.0000,0.0000,0,0,168.6899,0.0000,0.0000,0.0000,0.0000,70.2433,1,1.2080,-7.6237
34.8359,23.1823,0,1,0,0,1.2068,1.3318,-7.6232,0.0000,-8.0000,NaN,NaN,0,0,0,0,0.0000,0.0000,-8.0000,0,2.0000,-4.0000,0.0000,0,0,168.6900,0.0000,0.0000,0.0000,0.0000,70.1833,1,1.2068,-7.6232
34.8862,23.2326,0,1,0,0,1.2056,1.3330,-7.6227,0.0000,-8.0000,NaN,NaN,0,0,0,0,0.0000,0.0000,-8.0000,0,2.0000,-4.0000,0.0000,0,0,168.6901,0.0000,0.0000,0.0000,0.0000,70.1433,1,1.2056,-7.6227
34.9531,23.2996,0,1,0,0,1.2039,1.3332,-7.6222,0.0000,-8.0000,NaN,NaN,0,0,0,0,0.0000,0.0000,-8.0000,0,2.0000,-4.0000,0.0000,0,0,168.6903,0.0000,0.0000,0.0000,0.0000,70.0833,1,1.2039,-7.6222
35.0195,23.3659,0,1,0,0,1.2020,1.3320,-7.6217,0.0000,-8.0000,NaN,NaN,0,0,0,0,0.0000,0.0000,-8.0000,0,2.0000,-4.0000,0.0000,0,0,168.6905,0.0000,0.0000,0.0000,0.0000,70.0034,1,1.2020,-7.6217
35.0855,23.4319,0,1,0,0,1.2000,1.3293,-7.6214,0.0000,-8.0000,NaN,NaN,0,0,0,0,0.0000,0.0000,-8.0000,0,2.0000,-4.0000,0.0000,0,0,168.6907,0.0000,0.0000,0.0000,0.0000,69.9434,1,1.2000,-7.6214
35.1518,23.4982,0,1,0,0,1.1979,1.3252,-7.6212,0.0000,-8.0000,NaN,NaN,0,0,0,0,0.0000,0.0000,-8.0000,0,2.0000,-4.0000,0.0000,0,0,168.6908,0.0000,0.0000,0.0000,0.0000,69.8834,1,1.1979,-7.6212
35.2181,23.5645,0,1,0,0,1.1957,1.3198,-7.6210,0.0000,-8.0000,NaN,NaN,0,0,0,0,0.0000,0.0000,-8.0000,0,2.0000,-4.0000,0.0000,0,0,168.6910,0.0000,0.0000,0.0000,0.0000,69.8034,1,1.1957,-7.6210
35.2849,23.6313,0,1,0,0,1.1935,1.3134,-7.6209,0.0000,-8.0000,NaN,NaN,0,0,0,0,0.0000,0.0000,-8.0000,0,2.0000,-4.0000,0.0000,0,0,168.6910,0.0000,0.0000,0.0000,0.0000,69.7634,1,1.1935,-7.6209
35.3354,23.6818,0,1,0,0,1.1918,1.3076,-7.6211,0.0000,-8.0000,NaN,NaN,0,0,0,0,0.0000,0.0000,-8.0000,0,2.0000,-4.0000,0.0000,0,0,168.6904,0.0000,0.0000,0.0000,0.0000,69.7034,1,1.1918,-7.6211
35.3859,23.7324,0,1,0,0,1.1903,1.2987,-7.6225,0.0000,-8.0000,NaN,NaN,0,0,0,0,0.0000,0.0000,-8.0000,0,2.0000,-4.0000,0.0000,0,0,168.6859,0.0000,0.0000,0.0000,0.0000,69.6634,1,1.1903,-7.6225
35.4527,23.7991,0,1,0,0,1.1887,1.2820,-7.6263,0.0000,-8.0000,NaN,NaN,0,0,0,0,0.0000,0.0000,-8.0000,0,2.0000,-4.0000,0.0000,0,0,168.6783,0.0000,0.0000,0.0000,0.0000,69.6034,1,1.1887,-7.6263
35.5194,23.8658,0,1,0,0,1.1874,1.2616,-7.6315,0.0000,-8.0000,NaN,NaN,0,0,0,0,0.0000,0.0000,-8.0000,0,2.0000,-4.0000,0.0000,0,0,168.6732,0.0000,0.0000,0.0000,0.0000,69.5034,1,1.1874,-7.6315
35.5697,23.9161,0,1,0,0,1.1865,1.2451,-7.6361,0.0000,-8.0000,NaN,NaN,0,0,0,0,0.0000,0.0000,-8.0000,0,2.0000,-4.0000,0.0000,0,0,168.6719,0.0000,0.0000,0.0000,0.0000,69.4635,1,1.1865,-7.6361
35.6203,23.9667,0,1,0,0,1.1857,1.2282,-7.6409,0.0000,-8.0000,NaN,NaN,0,0,0,0,0.0000,0.0000,-8.0000,0,2.0000,-4.0000,0.0000,0,0,168.6724,0.0000,0.0000,0.0000,0.0000,69.4035,1,1.1857,-7.6409
35.6704,24.0169,0,1,0,0,1.1849,1.2116,-7.6457,0.0000,-8.0000,NaN,NaN,0,0,0,0,0.0000,0.0000,-8.0000,0,2.0000,-4.0000,0.0000,0,0,168.6743,0.0000,0.0000,0.0000,0.0000,69.3635,1,1.1849,-7.6457
35.7208,24.0672,0,1,0,0,1.1842,1.1957,-7.6505,0.0000,-8.0000,NaN,NaN,0,0,0,0,0.0000,0.0000,-8.0000,0,2.0000,-4.0000,0.0000,0,0,168.6772,0.0000,0.0000,0.0000,0.0000,69.3035,1,1.1842,-7.6505
35.7875,24.1340,0,1,0,0,1.1832,1.1761,-7.6566,0.0000,-8.0000,NaN,NaN,0,0,0,0,0.0000,0.0000,-8.0000,0,2.0000,-4.0000,0.0000,0,0,168.6819,0.0000,0.0000,0.0000,0.0000,69.2435,1,1.1832,-7.6566
35.8544,24.2008,0,1,0,0,1.1823,1.1586,-7.6624,0.0000,-8.0000,NaN,NaN,0,0,0,0,0.0000,0.0000,-8.0000,0,2.0000,-4.0000,0.0000,0,0,168.6868,0.0000,0.0000,0.0000,0.0000,69.1635,1,1.1823,-7.6624
35.9049,24.2513,0,1,0,0,1.1816,1.1469,-7.6666,0.0000,-8.0000,NaN,NaN,0,0,0,0,0.0000,0.0000,-8.0000,0,2.0000,-4.0000,0.0000,0,0,168.6902,0.0000,0.0000,0.0000,0.0000,69.1235,1,1.1816,-7.6666
35.9551,24.3016,0,1,0,0,1.1809,1.1369,-7.6703,0.0000,-8.0000,NaN,NaN,0,0,0,0,0.0000,0.0000,-8.0000,0,2.0000,-4.0000,0.0000,0,0,168.6931,0.0000,0.0000,0.0000,0.0000,69.0635,1,1.1809,-7.6703
36.0067,24.3531,0,1,0,0,1.1802,1.1286,-7.6738,0.0000,-8.0000,NaN,NaN,0,0,0,0,0.0000,0.0000,-8.0000,0,2.0000,-4.0000,0.0000,0,0,168.6953,0.0000,0.0000,0.0000,0.0000,69.0235,1,1.1802,-7.6738
36.0572,24.4036,0,1,0,0,1.1795,1.1221,-7.6770,0.0000,-8.0000,NaN,NaN,0,0,0,0,0.0000,0.0000,-8.0000,0,2.0000,-4.0000,0.0000,0,0,168.6968,0.0000,0.0000,0.0000,0.0000,68.9635,1,1.1795,-7.6770
36.1077,24.4541,0,1,0,0,1.1789,1.1174,-7.6797,0.0000,-8.0000,NaN,NaN,0,0,0,0,0.0000,0.0000,-8.0000,0,2.0000,-4.0000,0.0000,0,0,168.6973,0.0000,0.0000,0.0000,0.0000,68.9235,1,1.1789,-7.6797
36.1589,24.5054,0,1,0,0,1.1782,1.1145,-7.6821,0.0000,-8.0000,NaN,NaN,0,0,0,0,0.0000,0.0000,-8.0000,0,2.0000,-4.0000,0.0000,0,0,168.6971,0.0000,0.0000,0.0000,0.0000,68.8636,1,1.1782,-7.6821
36.2098,24.5563,0,1,0,0,1.1776,1.1135,-7.6841,0.0000,-8.0000,NaN,NaN,0,0,0,0,0.0000,0.0000,-8.0000,0,2.0000,-4.0000,0.0000,0,0,168.6961,0.0000,0.0000,0.0000,0.0000,68.8236,1,1.1776,-7.6841
36.2608,24.6072,0,1,0,0,1.1770,1.1143,-7.6857,0.0000,-8.0000,NaN,NaN,0,0,0,0,0.0000,0.0000,-8.0000,0,2.0000,-4.0000,0.0000,0,0,168.6946,0.0000,0.0000,0.0000,0.0000,68.7636,1,1.1770,-7.6857
36.3114,24.6579,0,1,0,0,1.1765,1.1169,-7.6868,0.0000,-8.0000,NaN,NaN,0,0,0,0,0.0000,0.0000,-8.0000,0,2.0000,-4.0000,0.0000,0,0,168.6928,0.0000,0.0000,0.0000,0.0000,68.7236,1,1.1765,-7.6868
36.3620,24.7084,0,1,0,0,1.1760,1.1213,-7.6876,0.0000,-8.0000,NaN,NaN,0,0,0,0,0.0000,0.0000,-8.0000,0,2.0000,-4.0000,0.0000,0,0,168.6908,0.0000,0.0000,0.0000,0.0000,68.6636,1,1.1760,-7.6876
36.4127,24.7591,0,1,0,0,1.1755,1.1272,-7.6879,0.0000,-8.0000,NaN,NaN,0,0,0,0,0.0000,0.0000,-8.0000,0,2.0000,-4.0000,0.0000,0,0,168.6890,0.0000,0.0000,0.0000,0.0000,68.6236,1,1.1755,-7.6879
36.4635,24.8099,0,1,0,0,1.1750,1.1347,-7.6877,0.0000,-8.0000,NaN,NaN,0,0,0,0,0.0000,0.0000,-8.0000,0,2.0000,-4.0000,0.0000,0,0,168.6876,0.0000,0.0000,0.0000,0.0000,68.5636,1,1.1750,-7.6877
36.5141,24.8606,0,1,0,0,1.1746,1.1436,-7.6872,0.0000,-8.0000,NaN,NaN,0,0,0,0,0.0000,0.0000,-8.0000,0,2.0000,-4.0000,0.0000,0,0,168.6869,0.0000,0.0000,0.0000,0.0000,68.5236,1,1.1746,-7.6872
36.5647,24.9111,0,1,0,0,1.1742,1.1538,-7.6862,0.0000,-8.0000,NaN,NaN,0,0,0,0,0.0000,0.0000,-8.0000,0,2.0000,-4.0000,0.0000,0,0,168.6869,0.0000,0.0000,0.0000,0.0000,68.4636,1,1.1742,-7.6862
36.6158,24.9622,0,1,0,0,1.1738,1.1652,-7.6848,0.0000,-8.0000,NaN,NaN,0,0,0,0,0.0000,0.0000,-8.0000,0,2.0000,-4.0000,0.0000,0,0,168.6878,0.0000,0.0000,0.0000,0.0000,68.4236,1,1.1738,-7.6848
36.6670,25.0134,0,1,0,0,1.1735,1.1776,-7.6831,0.0000,-8.0000,NaN,NaN,0,0,0,0,0.0000,0.0000,-8.0000,0,2.0000,-4.0000,0.0000,0,0,168.6897,0.0000,0.0000,0.0000,0.0000,68.3636,1,1.1735,-7.6831
36.7175,25.0639,0,1,0,0,1.1733,1.1906,-7.6810,0.0000,-8.0000,NaN,NaN,0,0,0,0,0.0000,0.0000,-8.0000,0,2.0000,-4.0000,0.0000,0,0,168.6924,0.0000,0.0000,0.0000,0.0000,68.3236,1,1.1733,-7.6810
36.7680,25.1144,0,1,0,0,1.1731,1.2042,-7.6785,0.0000,-8.0000,NaN,NaN,0,0,0,0,0.0000,0.0000,-8.0000,0,2.0000,-4.0000,0.0000,0,0,168.6958,0.0000,0.0000,0.0000,0.0000,68.2637,1,1.1731,-7.6785
36.8185,25.1649,0,1,0,0,1.1730,1.2183,-7.6757,0.0000,-8.0000,NaN,NaN,0,0,0,0,0.0000,0.0000,-8.0000,0,2.0000,-4.0000,0.0000,0,0,168.6999,0.0000,0.0000,0.0000,0.0000,68.2437,1,1.1730,-7.6757
36.8694,25.2158,0,1,0,0,1.1729,1.2327,-7.6726,0.0000,-8.0000,NaN,NaN,0,0,0,0,0.0000,0.0000,-8.0000,0,2.0000,-4.0000,0.0000,0,0,168.7044,0.0000,0.0000,0.0000,0.0000,68.1837,1,1.1729,-7.6726
36.9201,25.2665,0,1,0,0,1.1729,1.2472,-7.6693,0.0000,-8.0000,NaN,NaN,0,0,0,0,0.0000,0.0000,-8.0000,0,2.0000,-4.0000,0.0000,0,0,168.7090,0.0000,0.0000,0.0000,0.0000,68.1437,1,1.1729,-7.6693
36.9704,25.3169,0,1,0,0,1.1729,1.2616,-7.6657,0.0000,-8.0000,NaN,NaN,0,0,0,0,0.0000,0.0000,-8.0000,0,2.0000,-4.0000,0.0000,0,0,168.7134,0.0000,0.0000,0.0000,0.0000,68.0837,1,1.1729,-7.6657
37.0366,25.3830,0,1,0,0,1.1731,1.2805,-7.6605,0.0000,-8.0000,NaN,NaN,0,0,0,0,0.0000,0.0000,-8.0000,0,2.0000,-4.0000,0.0000,0,0,168.7187,0.0000,0.0000,0.0000,0.0000,68.0237,1,1.1731,-7.6605
37.1029,25.4494,0,1,0,0,1.1734,1.2987,-7.6551,0.0000,-8.0000,NaN,NaN,0,0,0,0,0.0000,0.0000,-8.0000,0,2.0000,-4.0000,0.0000,0,0,168.7226,0.0000,0.0000,0.0000,0.0000,67.9437,1,1.1734,-7.6551
37.1693,25.5158,0,1,0,0,1.1740,1.3142,-7.6502,0.0000,-8.0000,NaN,NaN,0,0,0,0,0.0000,0.0000,-8.0000,0,2.0000,-4.0000,0.0000,0,0,168.7122,0.0000,0.0000,0.0000,0.0000,67.8837,1,1.1740,-7.6502
37.2361,25.5825,0,1,0,0,1.1751,1.3230,-7.6473,0.0000,-8.0000,NaN,NaN,0,0,0,0,0.0000,0.0000,-8.0000,0,2.0000,-4.0000,0.0000,0,0,168.7009,0.0000,0.0000,0.0000,0.0000,67.8037,1,1.1751,-7.6473
37.3021,25.6485,0,1,0,0,1.1768,1.3261,-7.6461,0.0000,-8.0000,NaN,NaN,0,0,0,0,0.0000,0.0000,-8.0000,0,2.0000,-4.0000,0.0000,0,0,168.6949,0.0000,0.0000,0.0000,0.0000,67.7237,1,1.1768,-7.6461
37.3684,25.7149,0,1,0,0,1.1787,1.3252,-7.6460,0.0000,-8.0000,NaN,NaN,0,0,0,0,0.0000,0.0000,-8.0000,0,2.0000,-4.0000,0.0000,0,0,168.6921,0.0000,0.0000,0.0000,0.0000,67.6638,1,1.1787,-7.6460
37.4186,25.7650,0,1,0,0,1.1804,1.3227,-7.6462,0.0000,-8.0000,NaN,NaN,0,0,0,0,0.0000,0.0000,-8.0000,0,2.0000,-4.0000,0.0000,0,0,168.6910,0.0000,0.0000,0.0000,0.0000,67.6238,1,1.1804,-7.6462
37.4853,25.8317,0,1,0,0,1.1826,1.3177,-7.6468,0.0000,-8.0000,NaN,NaN,0,0,0,0,0.0000,0.0000,-8.0000,0,2.0000,-4.0000,0.0000,0,0,168.6902,0.0000,0.0000,0.0000,0.0000,67.5438,1,1.1826,-7.6468
37.5519,25.8984,0,1,0,0,1.1850,1.3115,-7.6475,0.0000,-8.0000,NaN,NaN,0,0,0,0,0.0000,0.0000,-8.0000,0,2.0000,-4.0000,0.0000,0,0,168.6898,0.0000,0.0000,0.0000,0.0000,67.4838,1,1.1850,-7.6475
37.6186,25.9650,0,1,0,0,1.1875,1.3043,-7.6482,0.0000,-8.0000,NaN,NaN,0,0,0,0,0.0000,0.0000,-8.0000,0,2.0000,-4.0000,0.0000,0,0,168.6895,0.0000,0.0000,0.0000,0.0000,67.4238,1,1.1875,-7.6482
37.6853,26.0317,0,1,0,0,1.1899,1.2965,-7.6489,0.0000,-8.0000,NaN,NaN,0,0,0,0,0.0000,0.0000,-8.0000,0,2.0000,-4.0000,0.0000,0,0,168.6893,0.0000,0.0000,0.0000,0.0000,67.3438,1,1.1899,-7.6489
37.7519,26.0984,0,1,0,0,1.1924,1.2884,-7.6496,0.0000,-8.0000,NaN,NaN,0,0,0,0,0.0000,0.0000,-8.0000,0,2.0000,-4.0000,0.0000,0,0,168.6892,0.0000,0.0000,0.0000,0.0000,67.2838,1,1.1924,-7.6496
37.8186,26.1650,0,1,0,0,1.1949,1.2804,-7.6502,0.0000,-8.0000,NaN,NaN,0,0,0,0,0.0000,0.0000,-8.0000,0,2.0000,-4.0000,0.0000,0,0,168.6891,0.0000,0.0000,0.0000,0.0000,67.2238,1,1.1949,-7.6502
37.8857,26.2321,0,1,0,0,1.1974,1.2728,-7.6509,0.0000,-8.0000,NaN,NaN,0,0,0,0,0.0000,0.0000,-8.0000,0,2.0000,-4.0000,0.0000,0,0,168.6891,0.0000,0.0000,0.0000,0.0000,67.1438,1,1.1974,-7.6509
37.9360,26.2825,0,1,0,0,1.1992,1.2673,-7.6513,0.0000,-8.0000,NaN,NaN,0,0,0,0,0.0000,0.0000,-8.0000,0,2.0000,-4.0000,0.0000,0,0,168.6891,0.0000,0.0000,0.0000,0.0000,67.1038,1,1.1992,-7.6513
38.0024,26.3488,0,1,0,0,1.2016,1.2608,-7.6518,0.0000,-8.0000,NaN,NaN,0,0,0,0,0.0000,0.0000,-8.0000,0,2.0000,-4.0000,0.0000,0,0,168.6892,0.0000,0.0000,0.0000,0.0000,67.0239,1,1.2016,-7.6518
38.0684,26.4149,0,1,0,0,1.2038,1.2554,-7.6524,0.0000,-8.0000,NaN,NaN,0,0,0,0,0.0000,0.0000,-8.0000,0,2.0000,-4.0000,0.0000,0,0,168.6893,0.0000,0.0000,0.0000,0.0000,66.9639,1,1.2038,-7.6524
38.1344,26.4809,0,1,0,0,1.2060,1.2512,-7.6528,0.0000,-8.0000,NaN,NaN,0,0,0,0,0.0000,0.0000,-8.0000,0,2.0000,-4.0000,0.0000,0,0,168.6894,0.0000,0.0000,0.0000,0.0000,66.9039,1,1.2060,-7.6528
38.1845,26.5310,0,1,0,0,1.2075,1.2488,-7.6531,0.0000,-8.0000,NaN,NaN,0,0,0,0,0.0000,0.0000,-8.0000,0,2.0000,-4.0000,0.0000,0,0,168.6896,0.0000,0.0000,0.0000,0.0000,66.8439,1,1.2075,-7.6531
38.2509,26.5973,0,1,0,0,1.2094,1.2470,-7.6535,0.0000,-8.0000,NaN,NaN,0,0,0,0,0.0000,0.0000,-8.0000,0,2.0000,-4.0000,0.0000,0,0,168.6897,0.0000,0.0000,0.0000,0.0000,66.7839,1,1.2094,-7.6535
38.3010,26.6475,0,1,0,0,1.2108,1.2467,-7.6538,0.0000,-8.0000,NaN,NaN,0,0,0,0,0.0000,0.0000,-8.0000,0,2.0000,-4.0000,0.0000,0,0,168.6899,0.0000,0.0000,0.0000,0.0000,66.7239,1,1.2108,-7.6538
38.3678,26.7142,0,1,0,0,1.2124,1.2475,-7.6541,0.0000,-8.0000,NaN,NaN,0,0,0,0,0.0000,0.0000,-8.0000,0,2.0000,-4.0000,0.0000,0,0,168.6901,0.0000,0.0000,0.0000,0.0000,66.6839,1,1.2124,-7.6541
38.4349,26.7813,0,1,0,0,1.2139,1.2498,-7.6544,0.0000,-8.0000,NaN,NaN,0,0,0,0,0.0000,0.0000,-8.0000,0,2.0000,-4.0000,0.0000,0,0,168.6902,0.0000,0.0000,0.0000,0.0000,66.6239,1,1.2139,-7.6544
38.5015,26.8480,0,1,0,0,1.2152,1.2536,-7.6547,0.0000,-8.0000,NaN,NaN,0,0,0,0,0.0000,0.0000,-8.0000,0,2.0000,-4.0000,0.0000,0,0,168.6904,0.0000,0.0000,0.0000,0.0000,66.5439,1,1.2152,-7.6547
38.5517,26.8982,0,1,0,0,1.2160,1.2572,-7.6548,0.0000,-8.0000,NaN,NaN,0,0,0,0,0.0000,0.0000,-8.0000,0,2.0000,-4.0000,0.0000,0,0,168.6905,0.0000,0.0000,0.0000,0.0000,66.4840,1,1.2160,-7.6548
38.6024,26.9488,0,1,0,0,1.2167,1.2615,-7.6550,0.0000,-8.0000,NaN,NaN,0,0,0,0,0.0000,0.0000,-8.0000,0,2.0000,-4.0000,0.0000,0,0,168.6905,0.0000,0.0000,0.0000,0.0000,66.4240,1,1.2167,-7.6550
38.6691,27.0155,0,1,0,0,1.2175,1.2681,-7.6551,0.0000,-8.0000,NaN,NaN,0,0,0,0,0.0000,0.0000,-8.0000,0,2.0000,-4.0000,0.0000,0,0,168.6905,0.0000,0.0000,0.0000,0.0000,66.3640,1,1.2175,-7.6551
38.7193,27.0658,0,1,0,0,1.2179,1.2735,-7.6552,0.0000,-8.0000,NaN,NaN,0,0,0,0,0.0000,0.0000,-8.0000,0,2.0000,-4.0000,0.0000,0,0,168.6905,0.0000,0.0000,0.0000,0.0000,66.3040,1,1.2179,-7.6552
38.7699,27.1163,0,1,0,0,1.2182,1.2794,-7.6552,0.0000,-8.0000,NaN,NaN,0,0,0,0,0.0000,0.0000,-8.0000,0,2.0000,-4.0000,0.0000,0,0,168.6905,0.0000,0.0000,0.0000,0.0000,66.2640,1,1.2182,-7.6552
38.8365,27.1830,0,1,0,0,1.2184,1.2874,-7.6553,0.0000,-8.0000,NaN,NaN,0,0,0,0,0.0000,0.0000,-8.0000,0,2.0000,-4.0000,0.0000,0,0,168.6904,0.0000,0.0000,0.0000,0.0000,66.1840,1,1.2184,-7.6553
38.9034,27.2498,0,1,0,0,1.2184,1.2955,-7.6553,0.0000,-8.0000,NaN,NaN,0,0,0,0,0.0000,0.0000,-8.0000,0,2.0000,-4.0000,0.0000,0,0,168.6902,0.0000,0.0000,0.0000,0.0000,66.1240,1,1.2184,-7.6553
38.9697,27.3161,0,1,0,0,1.2181,1.3033,-7.6552,0.0000,-8.0000,NaN,NaN,0,0,0,0,0.0000,0.0000,-8.0000,0,2.0000,-4.0000,0.0000,0,0,168.6901,0.0000,0.0000,0.0000,0.0000,66.0640,1,1.2181,-7.6552
39.0357,27.3821,0,1,0,0,1.2176,1.3108,-7.6551,0.0000,-8.0000,NaN,NaN,0,0,0,0,0.0000,0.0000,-8.0000,0,2.0000,-4.0000,0.0000,0,0,168.6899,0.0000,0.0000,0.0000,0.0000,65.9840,1,1.2176,-7.6551
39.1017,27.4481,0,1,0,0,1.2169,1.3175,-7.6550,0.0000,-8.0000,NaN,NaN,0,0,0,0,0.0000,0.0000,-8.0000,0,2.0000,-4.0000,0.0000,0,0,168.6897,0.0000,0.0000,0.0000,0.0000,65.9240,1,1.2169,-7.6550
39.1679,27.5143,0,1,0,0,1.2160,1.3232,-7.6548,0.0000,-8.0000,NaN,NaN,0,0,0,0,0.0000,0.0000,-8.0000,0,2.0000,-4.0000,0.0000,0,0,168.6895,0.0000,0.0000,0.0000,0.0000,65.8641,1,1.2160,-7.6548
39.2343,27.5807,0,1,0,0,1.2148,1.3278,-7.6546,0.0000,-8.0000,NaN,NaN,0,0,0,0,0.0000,0.0000,-8.0000,0,2.0000,-4.0000,0.0000,0,0,168.6893,0.0000,0.0000,0.0000,0.0000,65.7841,1,1.2148,-7.6546
39.3006,27.6471,0,1,0,0,1.2135,1.3311,-7.6544,0.0000,-8.0000,NaN,NaN,0,0,0,0,0.0000,0.0000,-8.0000,0,2.0000,-4.0000,0.0000,0,0,168.6891,0.0000,0.0000,0.0000,0.0000,65.7241,1,1.2135,-7.6544
39.3673,27.7137,0,1,0,0,1.2120,1.3329,-7.6541,0.0000,-8.0000,NaN,NaN,0,0,0,0,0.0000,0.0000,-8.0000,0,2.0000,-4.0000,0.0000,0,0,168.6889,0.0000,0.0000,0.0000,0.0000,65.6641,1,1.2120,-7.6541
39.4339,27.7804,0,1,0,0,1.2103,1.3333,-7.6537,0.0000,-8.0000,NaN,NaN,0,0,0,0,0.0000,0.0000,-8.0000,0,2.0000,-4.0000,0.0000,0,0,168.6889,0.0000,0.0000,0.0000,0.0000,65.5841,1,1.2103,-7.6537
39.4841,27.8306,0,1,0,0,1.2089,1.3325,-7.6534,0.0000,-8.0000,NaN,NaN,0,0,0,0,0.0000,0.0000,-8.0000,0,2.0000,-4.0000,0.0000,0,0,168.6888,0.0000,0.0000,0.0000,0.0000,65.5441,1,1.2089,-7.6534
39.5344,27.8808,0,1,0,0,1.2074,1.3310,-7.6531,0.0000,-8.0000,NaN,NaN,0,0,0,0,0.0000,0.0000,-8.0000,0,2.0000,-4.0000,0.0000,0,0,168.6888,0.0000,0.0000,0.0000,0.0000,65.4841,1,1.2074,-7.6531
39.6010,27.9475,0,1,0,0,1.2054,1.3276,-7.6527,0.0000,-8.0000,NaN,NaN,0,0,0,0,0.0000,0.0000,-8.0000,0,2.0000,-4.0000,0.0000,0,0,168.6889,0.0000,0.0000,0.0000,0.0000,65.4241,1,1.2054,-7.6527
39.6678,28.0142,0,1,0,0,1.2032,1.3230,-7.6522,0.0000,-8.0000,NaN,NaN,0,0,0,0,0.0000,0.0000,-8.0000,0,2.0000,-4.0000,0.0000,0,0,168.6889,0.0000,0.0000,0.0000,0.0000,65.3841,1,1.2032,-7.6522
39.7178,28.0642,0,1,0,0,1.2015,1.3187,-7.6518,0.0000,-8.0000,NaN,NaN,0,0,0,0,0.0000,0.0000,-8.0000,0,2.0000,-4.0000,0.0000,0,0,168.6890,0.0000,0.0000,0.0000,0.0000,65.3241,1,1.2015,-7.6518
39.7679,28.1144,0,1,0,0,1.1997,1.3139,-7.6514,0.0000,-8.0000,NaN,NaN,0,0,0,0,0.0000,0.0000,-8.0000,0,2.0000,-4.0000,0.0000,0,0,168.6892,0.0000,0.0000,0.0000,0.0000,65.2842,1,1.1997,-7.6514
39.8346,28.1811,0,1,0,0,1.1973,1.3068,-7.6508,0.0000,-8.0000,NaN,NaN,0,0,0,0,0.0000,0.0000,-8.0000,0,2.0000,-4.0000,0.0000,0,0,168.6893,0.0000,0.0000,0.0000,0.0000,65.2042,1,1.1973,-7.6508
39.8848,28.2312,0,1,0,0,1.1955,1.3011,-7.6504,0.0000,-8.0000,NaN,NaN,0,0,0,0,0.0000,0.0000,-8.0000,0,2.0000,-4.0000,0.0000,0,0,168.6895,0.0000,0.0000,0.0000,0.0000,65.1442,1,1.1955,-7.6504
39.9350,28.2814,0,1,0,0,1.1936,1.2951,-7.6499,0.0000,-8.0000,NaN,NaN,0,0,0,0,0.0000,0.0000,-8.0000,0,2.0000,-4.0000,0.0000,0,0,168.6896,0.0000,0.0000,0.0000,0.0000,65.0842,1,1.1936,-7.6499
39.9857,28.3322,0,1,0,0,1.1917,1.2890,-7.6494,0.0000,-8.0000,NaN,NaN,0,0,0,0,0.0000,0.0000,-8.0000,0,2.0000,-4.0000,0.0000,0,0,168.6897,0.0000,0.0000,0.0000,0.0000,65.0442,1,1.1917,-7.6494
40.0366,28.3831,0,1,0,0,1.1899,1.2829,-7.6489,0.0000,-8.0000,NaN,NaN,0,0,0,0,0.0000,0.0000,-8.0000,0,2.0000,-4.0000,0.0000,0,0,168.6899,0.0000,0.0000,0.0000,0.0000,64.9842,1,1.1899,-7.6489
40.0872,28.4337,0,1,0,0,1.1880,1.2770,-7.6483,0.0000,-8.0000,NaN,NaN,0,0,0,0,0.0000,0.0000,-8.0000,0,2.0000,-4.0000,0.0000,0,0,168.6900,0.0000,0.0000,0.0000,0.0000,64.9442,1,1.1880,-7.6483
40.1377,28.4842,0,1,0,0,1.1861,1.2714,-7.6477,0.0000,-8.0000,NaN,NaN,0,0,0,0,0.0000,0.0000,-8.0000,0,2.0000,-4.0000,0.0000,0,0,168.6901,0.0000,0.0000,0.0000,0.0000,64.8842,1,1.1861,-7.6477
40.1883,28.5347,0,1,0,0,1.1843,1.2661,-7.6472,0.0000,-8.0000,NaN,NaN,0,0,0,0,0.0000,0.0000,-8.0000,0,2.0000,-4.0000,0.0000,0,0,168.6902,0.0000,0.0000,0.0000,0.0000,64.8442,1,1.1843,-7.6472
40.2388,28.5852,0,1,0,0,1.1825,1.2613,-7.6466,0.0000,-8.0000,NaN,NaN,0,0,0,0,0.0000,0.0000,-8.0000,0,2.0000,-4.0000,0.0000,0,0,168.6903,0.0000,0.0000,0.0000,0.0000,64.7842,1,1.1825,-7.6466
40.2893,28.6357,0,1,0,0,1.1808,1.2570,-7.6459,0.0000,-8.0000,NaN,NaN,0,0,0,0,0.0000,0.0000,-8.0000,0,2.0000,-4.0000,0.0000,0,0,168.6903,0.0000,0.0000,0.0000,0.0000,64.7442,1,1.1808,-7.6459
40.3398,28.6862,0,1,0,0,1.1790,1.2534,-7.6453,0.0000,-8.0000,NaN,NaN,0,0,0,0,0.0000,0.0000,-8.0000,0,2.0000,-4.0000,0.0000,0,0,168.6903,0.0000,0.0000,0.0000,0.0000,64.6843,1,1.1790,-7.6453
40.3906,28.7371,0,1,0,0,1.1774,1.2505,-7.6446,0.0000,-8.0000,NaN,NaN,0,0,0,0,0.0000,0.0000,-8.0000,0,2.0000,-4.0000,0.0000,0,0,168.6903,0.0000,0.0000,0.0000,0.0000,64.6443,1,1.1774,-7.6446
40.4411,28.7875,0,1,0,0,1.1758,1.2484,-7.6439,0.0000,-8.0000,NaN,NaN,0,0,0,0,0.0000,0.0000,-8.0000,0,2.0000,-4.0000,0.0000,0,0,168.6902,0.0000,0.0000,0.0000,0.0000,64.5843,1,1.1758,-7.6439
40.4918,28.8382,0,1,0,0,1.1743,1.2471,-7.6433,0.0000,-8.0000,NaN,NaN,0,0,0,0,0.0000,0.0000,-8.0000,0,2.0000,-4.0000,0.0000,0,0,168.6902,0.0000,0.0000,0.0000,0.0000,64.5443,1,1.1743,-7.6433
40.5423,28.8887,0,1,0,0,1.1728,1.2467,-7.6425,0.0000,-8.0000,NaN,NaN,0,0,0,0,0.0000,0.0000,-8.0000,0,2.0000,-4.0000,0.0000,0,0,168.6901,0.0000,0.0000,0.0000,0.0000,64.4843,1,1.1728,-7.6425
40.5928,28.9392,0,1,0,0,1.1715,1.2471,-7.6418,0.0000,-8.0000,NaN,NaN,0,0,0,0,0.0000,0.0000,-8.0000,0,2.0000,-4.0000,0.0000,0,0,168.6899,0.0000,0.0000,0.0000,0.0000,64.4443,1,1.1715,-7.6418
40.6433,28.9897,0,1,0,0,1.1702,1.2483,-7.6411,0.0000,-8.0000,NaN,NaN,0,0,0,0,0.0000,0.0000,-8.0000,0,2.0000,-4.0000,0.0000,0,0,168.6898,0.0000,0.0000,0.0000,0.0000,64.3843,1,1.1702,-7.6411
40.6938,29.0402,0,1,0,0,1.1691,1.2504,-7.6404,0.0000,-8.0000,NaN,NaN,0,0,0,0,0.0000,0.0000,-8.0000,0,2.0000,-4.0000,0.0000,0,0,168.6897,0.0000,0.0000,0.0000,0.0000,64.3443,1,1.1691,-7.6404
40.7443,29.0908,0,1,0,0,1.1680,1.2532,-7.6396,0.0000,-8.0000,NaN,NaN,0,0,0,0,0.0000,0.0000,-8.0000,0,2.0000,-4.0000,0.0000,0,0,168.6895,0.0000,0.0000,0.0000,0.0000,64.2843,1,1.1680,-7.6396
40.7953,29.1417,0,1,0,0,1.1670,1.2568,-7.6388,0.0000,-8.0000,NaN,NaN,0,0,0,0,0.0000,0.0000,-8.0000,0,2.0000,-4.0000,0.0000,0,0,168.6893,0.0000,0.0000,0.0000,0.0000,64.2443,1,1.1670,-7.6388
40.8458,29.1922,0,1,0,0,1.1662,1.2610,-7.6381,0.0000,-8.0000,NaN,NaN,0,0,0,0,0.0000,0.0000,-8.0000,0,2.0000,-4.0000,0.0000,0,0,168.6892,0.0000,0.0000,0.0000,0.0000,64.1843,1,1.1662,-7.6381
40.8963,29.2427,0,1,0,0,1.1654,1.2657,-7.6373,0.0000,-8.0000,NaN,NaN,0,0,0,0,0.0000,0.0000,-8.0000,0,2.0000,-4.0000,0.0000,0,0,168.6891,0.0000,0.0000,0.0000,0.0000,64.1443,1,1.1654,-7.6373
40.9469,29.2934,0,1,0,0,1.1648,1.2710,-7.6365,0.0000,-8.0000,NaN,NaN,0,0,0,0,0.0000,0.0000,-8.0000,0,2.0000,-4.0000,0.0000,0,0,168.6889,0.0000,0.0000,0.0000,0.0000,64.0844,1,1.1648,-7.6365
40.9974,29.3439,0,1,0,0,1.1643,1.2766,-7.6357,0.0000,-8.0000,NaN,NaN,0,0,0,0,0.0000,0.0000,-8.0000,0,2.0000,-4.0000,0.0000,0,0,168.6888,0.0000,0.0000,0.0000,0.0000,64.0444,1,1.1643,-7.6357
41.0483,29.3947,0,1,0,0,1.1639,1.2826,-7.6350,0.0000,-8.0000,NaN,NaN,0,0,0,0,0.0000,0.0000,-8.0000,0,2.0000,-4.0000,0.0000,0,0,168.6887,0.0000,0.0000,0.0000,0.0000,63.9844,1,1.1639,-7.6350
41.0990,29.4454,0,1,0,0,1.1637,1.2886,-7.6342,0.0000,-8.0000,NaN,NaN,0,0,0,0,0.0000,0.0000,-8.0000,0,2.0000,-4.0000,0.0000,0,0,168.6887,0.0000,0.0000,0.0000,0.0000,63.9444,1,1.1637,-7.6342
41.1498,29.4963,0,1,0,0,1.1636,1.2947,-7.6334,0.0000,-8.0000,NaN,NaN,0,0,0,0,0.0000,0.0000,-8.0000,0,2.0000,-4.0000,0.0000,0,0,168.6886,0.0000,0.0000,0.0000,0.0000,63.8844,1,1.1636,-7.6334
41.2003,29.5468,0,1,0,0,1.1636,1.3007,-7.6326,0.0000,-8.0000,NaN,NaN,0,0,0,0,0.0000,0.0000,-8.0000,0,2.0000,-4.0000,0.0000,0,0,168.6886,0.0000,0.0000,0.0000,0.0000,63.8444,1,1.1636,-7.6326
41.2510,29.5974,0,1,0,0,1.1637,1.3064,-7.6319,0.0000,-8.0000,NaN,NaN,0,0,0,0,0.0000,0.0000,-8.0000,0,2.0000,-4.0000,0.0000,0,0,168.6887,0.0000,0.0000,0.0000,0.0000,63.7844,1,1.1637,-7.6319
41.3014,29.6479,0,1,0,0,1.1640,1.3119,-7.6311,0.0000,-8.0000,NaN,NaN,0,0,0,0,0.0000,0.0000,-8.0000,0,2.0000,-4.0000,0.0000,0,0,168.6887,0.0000,0.0000,0.0000,0.0000,63.7444,1,1.1640,-7.6311
41.3681,29.7145,0,1,0,0,1.1645,1.3185,-7.6301,0.0000,-8.0000,NaN,NaN,0,0,0,0,0.0000,0.0000,-8.0000,0,2.0000,-4.0000,0.0000,0,0,168.6888,0.0000,0.0000,0.0000,0.0000,63.6644,1,1.1645,-7.6301
41.4186,29.7651,0,1,0,0,1.1650,1.3228,-7.6294,0.0000,-8.0000,NaN,NaN,0,0,0,0,0.0000,0.0000,-8.0000,0,2.0000,-4.0000,0.0000,0,0,168.6889,0.0000,0.0000,0.0000,0.0000,63.6244,1,1.1650,-7.6294
41.4688,29.8153,0,1,0,0,1.1657,1.3264,-7.6287,0.0000,-8.0000,NaN,NaN,0,0,0,0,0.0000,0.0000,-8.0000,0,2.0000,-4.0000,0.0000,0,0,168.6891,0.0000,0.0000,0.0000,0.0000,63.5644,1,1.1657,-7.6287
41.5356,29.8821,0,1,0,0,1.1667,1.3302,-7.6278,0.0000,-8.0000,NaN,NaN,0,0,0,0,0.0000,0.0000,-8.0000,0,2.0000,-4.0000,0.0000,0,0,168.6892,0.0000,0.0000,0.0000,0.0000,63.5044,1,1.1667,-7.6278
41.6023,29.9487,0,1,0,0,1.1679,1.3325,-7.6269,0.0000,-8.0000,NaN,NaN,0,0,0,0,0.0000,0.0000,-8.0000,0,2.0000,-4.0000,0.0000,0,0,168.6894,0.0000,0.0000,0.0000,0.0000,63.4444,1,1.1679,-7.6269
41.6527,29.9992,0,1,0,0,1.1690,1.3333,-7.6263,0.0000,-8.0000,NaN,NaN,0,0,0,0,0.0000,0.0000,-8.0000,0,2.0000,-4.0000,0.0000,0,0,168.6896,0.0000,0.0000,0.0000,0.0000,63.3844,1,1.1690,-7.6263
