time,elapsed,host,local,possessed,devouring,x,y,z,bodyX,bodyZ,fieldX,fieldZ,fieldCount,s2active,ultactive,s2charges,ultcharge,modelX,modelZ,sourceCharges,sourceX,sourceZ,stunLeft,mashPresses,tripPresses,petYaw,haunted0,haunted1,haunted2,haunted3,roundClock,ultPhase,drawX,drawZ
11.3324,0.0000,1,0,0,0,-0.5842,1.2904,9.3578,0.0000,-8.0000,NaN,NaN,0,0,0,0,15.0000,0.0000,-8.0000,0,2.0000,-4.0000,0.0000,0,0,168.6897,0.0000,0.0000,0.0000,0.0000,89.9400,0,-0.5842,9.3578
11.3985,0.0662,1,0,0,0,-0.3534,1.2899,7.1824,0.0000,-8.0000,NaN,NaN,0,0,0,0,15.0000,0.0000,-8.0000,0,2.0000,-4.0000,0.0000,0,0,168.7215,0.0000,0.0000,0.0000,0.0000,89.8800,0,-0.3534,7.1824
11.4492,0.1168,1,0,0,0,-0.2070,1.2927,5.8077,0.0000,-8.0000,NaN,NaN,0,0,0,0,15.0000,0.0000,-8.0000,0,2.0000,-4.0000,0.0000,0,0,168.7113,0.0000,0.0000,0.0000,0.0000,89.8400,0,-0.2070,5.8077
11.4998,0.1675,1,0,0,0,-0.0562,1.2960,4.3895,0.0000,-8.0000,NaN,NaN,0,0,0,0,15.0000,0.0000,-8.0000,0,2.0000,-4.0000,0.0000,0,0,168.7143,0.0000,0.0000,0.0000,0.0000,89.7800,0,-0.0562,4.3895
11.5502,0.2178,1,0,0,0,0.0945,1.2997,2.9695,0.0000,-8.0000,NaN,NaN,0,0,0,0,15.0000,0.0000,-8.0000,0,2.0000,-4.0000,0.0000,0,0,168.7093,0.0000,0.0000,0.0000,0.0000,89.7201,0,0.0945,2.9695
11.6008,0.2685,1,0,0,0,0.2446,1.3038,1.5521,0.0000,-8.0000,NaN,NaN,0,0,0,0,15.0000,0.0000,-8.0000,0,2.0000,-4.0000,0.0000,0,0,168.7026,0.0000,0.0000,0.0000,0.0000,89.6801,0,0.2446,1.5521
11.6517,0.3194,1,0,0,0,0.3953,1.3083,0.1262,0.0000,-8.0000,NaN,NaN,0,0,0,0,15.0000,0.0000,-8.0000,0,2.0000,-4.0000,0.0000,0,0,168.6975,0.0000,0.0000,0.0000,0.0000,89.6201,0,0.3953,0.1262
11.7031,0.3707,1,0,0,0,0.5461,1.3129,-1.3058,0.0000,-8.0000,NaN,NaN,0,0,0,0,15.0000,0.0000,-8.0000,0,2.0000,-4.0000,0.0000,0,0,168.6942,0.0000,0.0000,0.0000,0.0000,89.5801,0,0.5461,-1.3058
11.7539,0.4215,1,0,0,0,0.6978,1.3176,-2.7507,0.0000,-8.0000,NaN,NaN,0,0,0,0,15.0000,0.0000,-8.0000,0,2.0000,-4.0000,0.0000,0,0,168.6923,0.0000,0.0000,0.0000,0.0000,89.5201,0,0.6978,-2.7507
11.8040,0.4717,1,0,0,0,0.8443,1.3182,-4.1510,0.0000,-8.0000,NaN,NaN,0,0,0,0,15.0000,0.0000,-8.0000,0,2.0000,-4.0000,0.0000,0,0,168.6911,0.0000,0.0000,0.0000,0.0000,89.4801,0,0.8443,-4.1510
11.8549,0.5226,1,0,0,0,0.9753,1.3118,-5.4084,0.0000,-8.0000,NaN,NaN,0,0,0,0,15.0000,0.0000,-8.0000,0,2.0000,-4.0000,0.0000,0,0,168.6904,0.0000,0.0000,0.0000,0.0000,89.4201,0,0.9753,-5.4084
11.9055,0.5731,1,0,0,0,1.0676,1.3089,-6.3005,0.0000,-8.0000,NaN,NaN,0,0,0,0,15.0000,0.0000,-8.0000,0,2.0000,-4.0000,0.0000,0,0,168.6899,0.0000,0.0000,0.0000,0.0000,89.3801,0,1.0676,-6.3005
11.9562,0.6238,1,0,0,0,1.1255,1.3105,-6.8668,0.0000,-8.0000,NaN,NaN,0,0,0,0,15.0000,0.0000,-8.0000,0,2.0000,-4.0000,0.0000,0,0,168.6896,0.0000,0.0000,0.0000,0.0000,89.3201,0,1.1255,-6.8668
12.0064,0.6740,1,0,0,0,1.1601,1.3128,-7.2116,0.0000,-8.0000,NaN,NaN,0,0,0,0,15.0000,0.0000,-8.0000,0,2.0000,-4.0000,0.0000,0,0,168.6893,0.0000,0.0000,0.0000,0.0000,89.2801,0,1.1601,-7.2116
12.0566,0.7243,1,0,0,0,1.1792,1.3139,-7.4095,0.0000,-8.0000,NaN,NaN,0,0,0,0,15.0000,0.0000,-8.0000,0,2.0000,-4.0000,0.0000,0,0,168.6891,0.0000,0.0000,0.0000,0.0000,89.2201,0,1.1792,-7.4095
12.1079,0.7756,1,0,0,0,1.1893,1.3133,-7.5221,0.0000,-8.0000,NaN,NaN,0,0,0,0,15.0000,0.0000,-8.0000,0,2.0000,-4.0000,0.0000,0,0,168.6889,0.0000,0.0000,0.0000,0.0000,89.1801,0,1.1893,-7.5221
12.1591,0.8268,1,0,0,0,1.1944,1.3108,-7.5871,0.0000,-8.0000,NaN,NaN,0,0,0,0,15.0000,0.0000,-8.0000,0,2.0000,-4.0000,0.0000,0,0,168.6888,0.0000,0.0000,0.0000,0.0000,89.1202,0,1.1944,-7.5871
12.2258,0.8934,1,0,0,0,1.1964,1.3055,-7.6280,0.0000,-8.0000,NaN,NaN,0,0,0,0,15.0000,0.0000,-8.0000,0,2.0000,-4.0000,0.0000,0,0,168.6886,0.0000,0.0000,0.0000,0.0000,89.0602,0,1.1964,-7.6280
12.2761,0.9437,1,0,0,0,1.1962,1.3008,-7.6430,0.0000,-8.0000,NaN,NaN,0,0,0,0,15.0000,0.0000,-8.0000,0,2.0000,-4.0000,0.0000,0,0,168.6885,0.0000,0.0000,0.0000,0.0000,89.0002,0,1.1962,-7.6430
12.3265,0.9941,1,0,0,0,1.1953,1.2953,-7.6512,0.0000,-8.0000,NaN,NaN,0,0,0,0,15.0000,0.0000,-8.0000,0,2.0000,-4.0000,0.0000,0,0,168.6885,0.0000,0.0000,0.0000,0.0000,88.9602,0,1.1953,-7.6512
12.3933,1.0609,1,0,0,0,1.1936,1.2876,-7.6567,0.0000,-8.0000,NaN,NaN,0,0,0,0,15.0000,0.0000,-8.0000,0,2.0000,-4.0000,0.0000,0,0,168.6885,0.0000,0.0000,0.0000,0.0000,88.8802,0,1.1936,-7.6567
12.4437,1.1113,1,0,0,0,1.1921,1.2813,-7.6588,0.0000,-8.0000,NaN,NaN,0,0,0,0,15.0000,0.0000,-8.0000,0,2.0000,-4.0000,0.0000,0,0,168.6885,0.0000,0.0000,0.0000,0.0000,88.8402,0,1.1921,-7.6588
12.4939,1.1615,1,0,0,0,1.1905,1.2757,-7.6600,0.0000,-8.0000,NaN,NaN,0,0,0,0,15.0000,0.0000,-8.0000,0,2.0000,-4.0000,0.0000,0,0,168.6885,0.0000,0.0000,0.0000,0.0000,88.7802,0,1.1905,-7.6600
12.5441,1.2118,1,0,0,0,1.1888,1.2698,-7.6608,0.0000,-8.0000,NaN,NaN,0,0,0,0,15.0000,0.0000,-8.0000,0,2.0000,-4.0000,0.0000,0,0,168.6886,0.0000,0.0000,0.0000,0.0000,88.7402,0,1.1888,-7.6608
12.5949,1.2625,1,0,0,0,1.1872,1.2647,-7.6613,0.0000,-8.0000,NaN,NaN,0,0,0,0,15.0000,0.0000,-8.0000,0,2.0000,-4.0000,0.0000,0,0,168.6887,0.0000,0.0000,0.0000,0.0000,88.6802,0,1.1872,-7.6613
12.6615,1.3292,1,0,0,0,1.1850,1.2581,-7.6618,0.0000,-8.0000,NaN,NaN,0,0,0,0,15.0000,0.0000,-8.0000,0,2.0000,-4.0000,0.0000,0,0,168.6888,0.0000,0.0000,0.0000,0.0000,88.6202,0,1.1850,-7.6618
12.7123,1.3799,1,0,0,0,1.1834,1.2544,-7.6620,0.0000,-8.0000,NaN,NaN,0,0,0,0,15.0000,0.0000,-8.0000,0,2.0000,-4.0000,0.0000,0,0,168.6890,0.0000,0.0000,0.0000,0.0000,88.5602,0,1.1834,-7.6620
12.7630,1.4306,1,0,0,0,1.1819,1.2510,-7.6621,0.0000,-8.0000,NaN,NaN,0,0,0,0,15.0000,0.0000,-8.0000,0,2.0000,-4.0000,0.0000,0,0,168.6891,0.0000,0.0000,0.0000,0.0000,88.5203,0,1.1819,-7.6621
12.8297,1.4973,1,0,0,0,1.1799,1.2479,-7.6622,0.0000,-8.0000,NaN,NaN,0,0,0,0,15.0000,0.0000,-8.0000,0,2.0000,-4.0000,0.0000,0,0,168.6893,0.0000,0.0000,0.0000,0.0000,88.4403,0,1.1799,-7.6622
12.8963,1.5640,1,0,0,0,1.1780,1.2457,-7.6622,0.0000,-8.0000,NaN,NaN,0,0,0,0,15.0000,0.0000,-8.0000,0,2.0000,-4.0000,0.0000,0,0,168.6895,0.0000,0.0000,0.0000,0.0000,88.3803,0,1.1780,-7.6622
12.9630,1.6306,1,0,0,0,1.1763,1.2452,-7.6620,0.0000,-8.0000,NaN,NaN,0,0,0,0,15.0000,0.0000,-8.0000,0,2.0000,-4.0000,0.0000,0,0,168.6897,0.0000,0.0000,0.0000,0.0000,88.3203,0,1.1763,-7.6620
13.0139,1.6815,1,0,0,0,1.1751,1.2461,-7.6619,0.0000,-8.0000,NaN,NaN,0,0,0,0,15.0000,0.0000,-8.0000,0,2.0000,-4.0000,0.0000,0,0,168.6898,0.0000,0.0000,0.0000,0.0000,88.2603,0,1.1751,-7.6619
13.0644,1.7320,1,0,0,0,1.1739,1.2473,-7.6616,0.0000,-8.0000,NaN,NaN,0,0,0,0,15.0000,0.0000,-8.0000,0,2.0000,-4.0000,0.0000,0,0,168.6899,0.0000,0.0000,0.0000,0.0000,88.2203,0,1.1739,-7.6616
13.1146,1.7823,1,0,0,0,1.1729,1.2499,-7.6613,0.0000,-8.0000,NaN,NaN,0,0,0,0,15.0000,0.0000,-8.0000,0,2.0000,-4.0000,0.0000,0,0,168.6900,0.0000,0.0000,0.0000,0.0000,88.1603,0,1.1729,-7.6613
13.1648,1.8324,1,0,0,0,1.1719,1.2532,-7.6610,0.0000,-8.0000,NaN,NaN,0,0,0,0,15.0000,0.0000,-8.0000,0,2.0000,-4.0000,0.0000,0,0,168.6900,0.0000,0.0000,0.0000,0.0000,88.1203,0,1.1719,-7.6610
13.2316,1.8992,1,0,0,0,1.1708,1.2587,-7.6604,0.0000,-8.0000,NaN,NaN,0,0,0,0,15.0000,0.0000,-8.0000,0,2.0000,-4.0000,0.0000,0,0,168.6901,0.0000,0.0000,0.0000,0.0000,88.0403,0,1.1708,-7.6604
13.2983,1.9659,1,0,0,0,1.1699,1.2649,-7.6597,0.0000,-8.0000,NaN,NaN,0,0,0,0,15.0000,0.0000,-8.0000,0,2.0000,-4.0000,0.0000,0,0,168.6900,0.0000,0.0000,0.0000,0.0000,87.9803,0,1.1699,-7.6597
13.3649,2.0326,1,0,0,0,1.1692,1.2720,-7.6589,0.0000,-8.0000,NaN,NaN,0,0,0,0,15.0000,0.0000,-8.0000,0,2.0000,-4.0000,0.0000,0,0,168.6899,0.0000,0.0000,0.0000,0.0000,87.9204,0,1.1692,-7.6589
13.4153,2.0830,1,0,0,0,1.1687,1.2779,-7.6583,0.0000,-8.0000,NaN,NaN,0,0,0,0,15.0000,0.0000,-8.0000,0,2.0000,-4.0000,0.0000,0,0,168.6898,0.0000,0.0000,0.0000,0.0000,87.8604,0,1.1687,-7.6583
13.4655,2.1331,1,0,0,0,1.1684,1.2838,-7.6576,0.0000,-8.0000,NaN,NaN,0,0,0,0,15.0000,0.0000,-8.0000,0,2.0000,-4.0000,0.0000,0,0,168.6897,0.0000,0.0000,0.0000,0.0000,87.8204,0,1.1684,-7.6576
13.5155,2.1831,1,0,0,0,1.1682,1.2900,-7.6568,0.0000,-8.0000,NaN,NaN,0,0,0,0,15.0000,0.0000,-8.0000,0,2.0000,-4.0000,0.0000,0,0,168.6896,0.0000,0.0000,0.0000,0.0000,87.7604,0,1.1682,-7.6568
13.5660,2.2337,1,0,0,0,1.1681,1.2960,-7.6560,0.0000,-8.0000,NaN,NaN,0,0,0,0,15.0000,0.0000,-8.0000,0,2.0000,-4.0000,0.0000,0,0,168.6895,0.0000,0.0000,0.0000,0.0000,87.7204,0,1.1681,-7.6560
13.6163,2.2839,1,0,0,0,1.1682,1.3020,-7.6552,0.0000,-8.0000,NaN,NaN,0,0,0,0,15.0000,0.0000,-8.0000,0,2.0000,-4.0000,0.0000,0,0,168.6893,0.0000,0.0000,0.0000,0.0000,87.6604,0,1.1682,-7.6552
13.6670,2.3346,1,0,0,0,1.1683,1.3075,-7.6543,0.0000,-8.0000,NaN,NaN,0,0,0,0,15.0000,0.0000,-8.0000,0,2.0000,-4.0000,0.0000,0,0,168.6892,0.0000,0.0000,0.0000,0.0000,87.6204,0,1.1683,-7.6543
13.7171,2.3848,1,0,0,0,1.1686,1.3126,-7.6533,0.0000,-8.0000,NaN,NaN,0,0,0,0,15.0000,0.0000,-8.0000,0,2.0000,-4.0000,0.0000,0,0,168.6890,0.0000,0.0000,0.0000,0.0000,87.5604,0,1.1686,-7.6533
13.7674,2.4350,1,0,0,0,1.1689,1.3176,-7.6523,0.0000,-8.0000,NaN,NaN,0,0,0,0,15.0000,0.0000,-8.0000,0,2.0000,-4.0000,0.0000,0,0,168.6889,0.0000,0.0000,0.0000,0.0000,87.5204,0,1.1689,-7.6523
13.8345,2.5021,1,0,0,0,1.1696,1.3232,-7.6509,0.0000,-8.0000,NaN,NaN,0,0,0,0,15.0000,0.0000,-8.0000,0,2.0000,-4.0000,0.0000,0,0,168.6887,0.0000,0.0000,0.0000,0.0000,87.4404,0,1.1696,-7.6509
13.8853,2.5530,1,0,0,0,1.1702,1.3266,-7.6498,0.0000,-8.0000,NaN,NaN,0,0,0,0,15.0000,0.0000,-8.0000,0,2.0000,-4.0000,0.0000,0,0,168.6886,0.0000,0.0000,0.0000,0.0000,87.4004,0,1.1702,-7.6498
13.9362,2.6038,1,0,0,0,1.1710,1.3294,-7.6487,0.0000,-8.0000,NaN,NaN,0,0,0,0,15.0000,0.0000,-8.0000,0,2.0000,-4.0000,0.0000,0,0,168.6886,0.0000,0.0000,0.0000,0.0000,87.3405,0,1.1710,-7.6487
14.0028,2.6705,1,0,0,0,1.1721,1.3315,-7.6472,0.0000,-8.0000,NaN,NaN,0,0,0,0,15.0000,0.0000,-8.0000,0,2.0000,-4.0000,0.0000,0,0,168.6885,0.0000,0.0000,0.0000,0.0000,87.2805,0,1.1721,-7.6472
14.0531,2.7207,1,0,0,0,1.1730,1.3324,-7.6460,0.0000,-8.0000,NaN,NaN,0,0,0,0,15.0000,0.0000,-8.0000,0,2.0000,-4.0000,0.0000,0,0,168.6885,0.0000,0.0000,0.0000,0.0000,87.2205,0,1.1730,-7.6460
14.1032,2.7709,1,0,0,0,1.1741,1.3318,-7.6448,0.0000,-8.0000,NaN,NaN,0,0,0,0,15.0000,0.0000,-8.0000,0,2.0000,-4.0000,0.0000,0,0,168.6885,0.0000,0.0000,0.0000,0.0000,87.1805,0,1.1741,-7.6448
14.1700,2.8377,1,0,0,0,1.1755,1.3303,-7.6431,0.0000,-8.0000,NaN,NaN,0,0,0,0,15.0000,0.0000,-8.0000,0,2.0000,-4.0000,0.0000,0,0,168.6886,0.0000,0.0000,0.0000,0.0000,87.1005,0,1.1755,-7.6431
14.2202,2.8878,1,0,0,0,1.1768,1.3279,-7.6419,0.0000,-8.0000,NaN,NaN,0,0,0,0,15.0000,0.0000,-8.0000,0,2.0000,-4.0000,0.0000,0,0,168.6887,0.0000,0.0000,0.0000,0.0000,87.0605,0,1.1768,-7.6419
14.2706,2.9383,1,0,0,0,1.1780,1.3254,-7.6407,0.0000,-8.0000,NaN,NaN,0,0,0,0,15.0000,0.0000,-8.0000,0,2.0000,-4.0000,0.0000,0,0,168.6888,0.0000,0.0000,0.0000,0.0000,87.0005,0,1.1780,-7.6407
14.3373,3.0049,1,0,0,0,1.1798,1.3205,-7.6390,0.0000,-8.0000,NaN,NaN,0,0,0,0,15.0000,0.0000,-8.0000,0,2.0000,-4.0000,0.0000,0,0,168.6890,0.0000,0.0000,0.0000,0.0000,86.9405,0,1.1798,-7.6390
14.4040,3.0716,1,0,0,0,1.1817,1.3145,-7.6373,0.0000,-8.0000,NaN,NaN,0,0,0,0,15.0000,0.0000,-8.0000,0,2.0000,-4.0000,0.0000,0,0,168.6892,0.0000,0.0000,0.0000,0.0000,86.8805,0,1.1817,-7.6373
14.4709,3.1385,1,0,0,0,1.1836,1.3078,-7.6357,0.0000,-8.0000,NaN,NaN,0,0,0,0,15.0000,0.0000,-8.0000,0,2.0000,-4.0000,0.0000,0,0,168.6894,0.0000,0.0000,0.0000,0.0000,86.8005,0,1.1836,-7.6357
14.5376,3.2052,1,0,0,0,1.1856,1.3000,-7.6340,0.0000,-8.0000,NaN,NaN,0,0,0,0,15.0000,0.0000,-8.0000,0,2.0000,-4.0000,0.0000,0,0,168.6896,0.0000,0.0000,0.0000,0.0000,86.7406,0,1.1856,-7.6340
14.6042,3.2719,1,0,0,0,1.1876,1.2920,-7.6324,0.0000,-8.0000,NaN,NaN,0,0,0,0,15.0000,0.0000,-8.0000,0,2.0000,-4.0000,0.0000,0,0,168.6898,0.0000,0.0000,0.0000,0.0000,86.6806,0,1.1876,-7.6324
14.6709,3.3385,1,0,0,0,1.1897,1.2841,-7.6308,0.0000,-8.0000,NaN,NaN,0,0,0,0,15.0000,0.0000,-8.0000,0,2.0000,-4.0000,0.0000,0,0,168.6899,0.0000,0.0000,0.0000,0.0000,86.6006,0,1.1897,-7.6308
14.7210,3.3886,1,0,0,0,1.1912,1.2780,-7.6296,0.0000,-8.0000,NaN,NaN,0,0,0,0,15.0000,0.0000,-8.0000,0,2.0000,-4.0000,0.0000,0,0,168.6900,0.0000,0.0000,0.0000,0.0000,86.5606,0,1.1912,-7.6296
14.7712,3.4388,1,0,0,0,1.1927,1.2724,-7.6285,0.0000,-8.0000,NaN,NaN,0,0,0,0,15.0000,0.0000,-8.0000,0,2.0000,-4.0000,0.0000,0,0,168.6901,0.0000,0.0000,0.0000,0.0000,86.5006,0,1.1927,-7.6285
14.8381,3.5057,1,0,0,0,1.1947,1.2651,-7.6270,0.0000,-8.0000,NaN,NaN,0,0,0,0,15.0000,0.0000,-8.0000,0,2.0000,-4.0000,0.0000,0,0,168.6901,0.0000,0.0000,0.0000,0.0000,86.4406,0,1.1947,-7.6270
14.8882,3.5558,1,0,0,0,1.1962,1.2604,-7.6260,0.0000,-8.0000,NaN,NaN,0,0,0,0,15.0000,0.0000,-8.0000,0,2.0000,-4.0000,0.0000,0,0,168.6901,0.0000,0.0000,0.0000,0.0000,86.4006,0,1.1962,-7.6260
14.9383,3.6060,1,0,0,0,1.1976,1.2560,-7.6250,0.0000,-8.0000,NaN,NaN,0,0,0,0,15.0000,0.0000,-8.0000,0,2.0000,-4.0000,0.0000,0,0,168.6901,0.0000,0.0000,0.0000,0.0000,86.3406,0,1.1976,-7.6250
15.0050,3.6726,1,0,0,0,1.1995,1.2514,-7.6237,0.0000,-8.0000,NaN,NaN,0,0,0,0,15.0000,0.0000,-8.0000,0,2.0000,-4.0000,0.0000,0,0,168.6900,0.0000,0.0000,0.0000,0.0000,86.2806,0,1.1995,-7.6237
15.0552,3.7228,1,0,0,0,1.2008,1.2488,-7.6228,0.0000,-8.0000,NaN,NaN,0,0,0,0,15.0000,0.0000,-8.0000,0,2.0000,-4.0000,0.0000,0,0,168.6900,0.0000,0.0000,0.0000,0.0000,86.2206,0,1.2008,-7.6228
15.1054,3.7730,1,0,0,0,1.2020,1.2469,-7.6219,0.0000,-8.0000,NaN,NaN,0,0,0,0,15.0000,0.0000,-8.0000,0,2.0000,-4.0000,0.0000,0,0,168.6899,0.0000,0.0000,0.0000,0.0000,86.1806,0,1.2020,-7.6219
15.1556,3.8233,1,0,0,0,1.2032,1.2459,-7.6211,0.0000,-8.0000,NaN,NaN,0,0,0,0,15.0000,0.0000,-8.0000,0,2.0000,-4.0000,0.0000,0,0,168.6897,0.0000,0.0000,0.0000,0.0000,86.1207,0,1.2032,-7.6211
15.2062,3.8739,1,0,0,0,1.2044,1.2457,-7.6203,0.0000,-8.0000,NaN,NaN,0,0,0,0,15.0000,0.0000,-8.0000,0,2.0000,-4.0000,0.0000,0,0,168.6896,0.0000,0.0000,0.0000,0.0000,86.0807,0,1.2044,-7.6203
15.2564,3.9240,1,0,0,0,1.2054,1.2464,-7.6196,0.0000,-8.0000,NaN,NaN,0,0,0,0,15.0000,0.0000,-8.0000,0,2.0000,-4.0000,0.0000,0,0,168.6895,0.0000,0.0000,0.0000,0.0000,86.0207,0,1.2054,-7.6196
15.3074,3.9751,1,0,0,0,1.2064,1.2478,-7.6190,0.0000,-8.0000,NaN,NaN,0,0,0,0,15.0000,0.0000,-8.0000,0,2.0000,-4.0000,0.0000,0,0,168.6893,0.0000,0.0000,0.0000,0.0000,85.9807,0,1.2064,-7.6190
15.3741,4.0417,1,0,0,0,1.2075,1.2510,-7.6182,0.0000,-8.0000,NaN,NaN,0,0,0,0,15.0000,0.0000,-8.0000,0,2.0000,-4.0000,0.0000,0,0,168.6891,0.0000,0.0000,0.0000,0.0000,85.9007,0,1.2075,-7.6182
15.4408,4.1085,1,0,0,0,1.2085,1.2553,-7.6176,0.0000,-8.0000,NaN,NaN,0,0,0,0,15.0000,0.0000,-8.0000,0,2.0000,-4.0000,0.0000,0,0,168.6889,0.0000,0.0000,0.0000,0.0000,85.8407,0,1.2085,-7.6176
15.5076,4.1752,1,0,0,0,1.2093,1.2611,-7.6171,0.0000,-8.0000,NaN,NaN,0,0,0,0,15.0000,0.0000,-8.0000,0,2.0000,-4.0000,0.0000,0,0,168.6888,0.0000,0.0000,0.0000,0.0000,85.7807,0,1.2093,-7.6171
15.5576,4.2253,1,0,0,0,1.2098,1.2661,-7.6168,0.0000,-8.0000,NaN,NaN,0,0,0,0,15.0000,0.0000,-8.0000,0,2.0000,-4.0000,0.0000,0,0,168.6887,0.0000,0.0000,0.0000,0.0000,85.7207,0,1.2098,-7.6168
15.6079,4.2755,1,0,0,0,1.2101,1.2715,-7.6165,0.0000,-8.0000,NaN,NaN,0,0,0,0,15.0000,0.0000,-8.0000,0,2.0000,-4.0000,0.0000,0,0,168.6887,0.0000,0.0000,0.0000,0.0000,85.6807,0,1.2101,-7.6165
15.6746,4.3423,1,0,0,0,1.2105,1.2793,-7.6163,0.0000,-8.0000,NaN,NaN,0,0,0,0,15.0000,0.0000,-8.0000,0,2.0000,-4.0000,0.0000,0,0,168.6886,0.0000,0.0000,0.0000,0.0000,85.6007,0,1.2105,-7.6163
15.7413,4.4089,1,0,0,0,1.2106,1.2874,-7.6162,0.0000,-8.0000,NaN,NaN,0,0,0,0,15.0000,0.0000,-8.0000,0,2.0000,-4.0000,0.0000,0,0,168.6887,0.0000,0.0000,0.0000,0.0000,85.5408,0,1.2106,-7.6162
15.8080,4.4756,1,0,0,0,1.2105,1.2957,-7.6163,0.0000,-8.0000,NaN,NaN,0,0,0,0,15.0000,0.0000,-8.0000,0,2.0000,-4.0000,0.0000,0,0,168.6887,0.0000,0.0000,0.0000,0.0000,85.4808,0,1.2105,-7.6163
15.8580,4.5256,1,0,0,0,1.2104,1.3016,-7.6164,0.0000,-8.0000,NaN,NaN,0,0,0,0,15.0000,0.0000,-8.0000,0,2.0000,-4.0000,0.0000,0,0,168.6888,0.0000,0.0000,0.0000,0.0000,85.4208,0,1.2104,-7.6164
15.9082,4.5758,1,0,0,0,1.2101,1.3074,-7.6166,0.0000,-8.0000,NaN,NaN,0,0,0,0,15.0000,0.0000,-8.0000,0,2.0000,-4.0000,0.0000,0,0,168.6889,0.0000,0.0000,0.0000,0.0000,85.3808,0,1.2101,-7.6166
15.9756,4.6432,1,0,0,0,1.2095,1.3143,-7.6169,0.0000,-8.0000,NaN,NaN,0,0,0,0,15.0000,0.0000,-8.0000,0,2.0000,-4.0000,0.0000,0,0,168.6891,0.0000,0.0000,0.0000,0.0000,85.3008,0,1.2095,-7.6169
16.0423,4.7099,1,0,0,0,1.2088,1.3204,-7.6174,0.0000,-8.0000,NaN,NaN,0,0,0,0,15.0000,0.0000,-8.0000,0,2.0000,-4.0000,0.0000,0,0,168.6893,0.0000,0.0000,0.0000,0.0000,85.2408,0,1.2088,-7.6174
16.1091,4.7767,1,0,0,0,1.2079,1.3255,-7.6180,0.0000,-8.0000,NaN,NaN,0,0,0,0,15.0000,0.0000,-8.0000,0,2.0000,-4.0000,0.0000,0,0,168.6895,0.0000,0.0000,0.0000,0.0000,85.1808,0,1.2079,-7.6180
16.1757,4.8434,1,0,0,0,1.2068,1.3292,-7.6187,0.0000,-8.0000,NaN,NaN,0,0,0,0,15.0000,0.0000,-8.0000,0,2.0000,-4.0000,0.0000,0,0,168.6897,0.0000,0.0000,0.0000,0.0000,85.1008,0,1.2068,-7.6187
16.2260,4.8936,1,0,0,0,1.2059,1.3310,-7.6193,0.0000,-8.0000,NaN,NaN,0,0,0,0,15.0000,0.0000,-8.0000,0,2.0000,-4.0000,0.0000,0,0,168.6898,0.0000,0.0000,0.0000,0.0000,85.0608,0,1.2059,-7.6193
16.2765,4.9441,1,0,0,0,1.2049,1.3321,-7.6200,0.0000,-8.0000,NaN,NaN,0,0,0,0,15.0000,0.0000,-8.0000,0,2.0000,-4.0000,0.0000,0,0,168.6900,0.0000,0.0000,0.0000,0.0000,85.0008,0,1.2049,-7.6200
16.3266,4.9943,1,0,0,0,1.2038,1.3322,-7.6207,0.0000,-8.0000,NaN,NaN,0,0,0,0,15.0000,0.0000,-8.0000,0,2.0000,-4.0000,0.0000,0,0,168.6901,0.0000,0.0000,0.0000,0.0000,84.9609,0,1.2038,-7.6207
16.3771,5.0447,1,0,0,0,1.2026,1.3313,-7.6215,0.0000,-8.0000,NaN,NaN,0,0,0,0,15.0000,0.0000,-8.0000,0,2.0000,-4.0000,0.0000,0,0,168.6902,0.0000,0.0000,0.0000,0.0000,84.9009,0,1.2026,-7.6215
16.4274,5.0950,1,0,0,0,1.2014,1.3297,-7.6223,0.0000,-8.0000,NaN,NaN,0,0,0,0,15.0000,0.0000,-8.0000,0,2.0000,-4.0000,0.0000,0,0,168.6902,0.0000,0.0000,0.0000,0.0000,84.8609,0,1.2014,-7.6223
16.4818,5.1494,1,0,0,0,1.2000,1.3271,-7.6233,0.0000,-8.0000,NaN,NaN,0,0,0,0,15.0000,0.0000,-8.0000,0,2.0000,-4.0000,0.0000,0,0,168.6903,0.0000,0.0000,0.0000,0.0000,84.8009,0,1.2000,-7.6233
16.5325,5.2001,1,0,0,0,1.1986,1.3243,-7.6243,0.0000,-8.0000,NaN,NaN,0,0,0,0,15.0000,0.0000,-8.0000,0,2.0000,-4.0000,0.0000,0,0,168.6903,0.0000,0.0000,0.0000,0.0000,84.7409,0,1.1986,-7.6243
16.5828,5.2505,1,0,0,0,1.1972,1.3208,-7.6252,0.0000,-8.0000,NaN,NaN,0,0,0,0,15.0000,0.0000,-8.0000,0,2.0000,-4.0000,0.0000,0,0,168.6903,0.0000,0.0000,0.0000,0.0000,84.7009,0,1.1972,-7.6252
16.6331,5.3007,1,0,0,0,1.1958,1.3162,-7.6263,0.0000,-8.0000,NaN,NaN,0,0,0,0,15.0000,0.0000,-8.0000,0,2.0000,-4.0000,0.0000,0,0,168.6902,0.0000,0.0000,0.0000,0.0000,84.6409,0,1.1958,-7.6263
16.6999,5.3676,1,0,0,0,1.1938,1.3096,-7.6277,0.0000,-8.0000,NaN,NaN,0,0,0,0,15.0000,0.0000,-8.0000,0,2.0000,-4.0000,0.0000,0,0,168.6902,0.0000,0.0000,0.0000,0.0000,84.5809,0,1.1938,-7.6277
16.7666,5.4342,1,0,0,0,1.1918,1.3024,-7.6292,0.0000,-8.0000,NaN,NaN,0,0,0,0,15.0000,0.0000,-8.0000,0,2.0000,-4.0000,0.0000,0,0,168.6900,0.0000,0.0000,0.0000,0.0000,84.5209,0,1.1918,-7.6292
16.8333,5.5009,1,0,0,0,1.1897,1.2947,-7.6307,0.0000,-8.0000,NaN,NaN,0,0,0,0,15.0000,0.0000,-8.0000,0,2.0000,-4.0000,0.0000,0,0,168.6898,0.0000,0.0000,0.0000,0.0000,84.4409,0,1.1897,-7.6307
16.8834,5.5511,1,0,0,0,1.1882,1.2887,-7.6319,0.0000,-8.0000,NaN,NaN,0,0,0,0,15.0000,0.0000,-8.0000,0,2.0000,-4.0000,0.0000,0,0,168.6897,0.0000,0.0000,0.0000,0.0000,84.4009,0,1.1882,-7.6319
16.9336,5.6012,1,0,0,0,1.1867,1.2825,-7.6331,0.0000,-8.0000,NaN,NaN,0,0,0,0,15.0000,0.0000,-8.0000,0,2.0000,-4.0000,0.0000,0,0,168.6896,0.0000,0.0000,0.0000,0.0000,84.3410,0,1.1867,-7.6331
17.0004,5.6680,1,0,0,0,1.1847,1.2745,-7.6348,0.0000,-8.0000,NaN,NaN,0,0,0,0,15.0000,0.0000,-8.0000,0,2.0000,-4.0000,0.0000,0,0,168.6894,0.0000,0.0000,0.0000,0.0000,84.2810,0,1.1847,-7.6348
17.0673,5.7350,1,0,0,0,1.1827,1.2667,-7.6364,0.0000,-8.0000,NaN,NaN,0,0,0,0,15.0000,0.0000,-8.0000,0,2.0000,-4.0000,0.0000,0,0,168.6892,0.0000,0.0000,0.0000,0.0000,84.2210,0,1.1827,-7.6364
17.1174,5.7850,1,0,0,0,1.1812,1.2617,-7.6377,0.0000,-8.0000,NaN,NaN,0,0,0,0,15.0000,0.0000,-8.0000,0,2.0000,-4.0000,0.0000,0,0,168.6891,0.0000,0.0000,0.0000,0.0000,84.1610,0,1.1812,-7.6377
17.1678,5.8354,1,0,0,0,1.1798,1.2569,-7.6389,0.0000,-8.0000,NaN,NaN,0,0,0,0,15.0000,0.0000,-8.0000,0,2.0000,-4.0000,0.0000,0,0,168.6890,0.0000,0.0000,0.0000,0.0000,84.1210,0,1.1798,-7.6389
17.2347,5.9024,1,0,0,0,1.1781,1.2516,-7.6406,0.0000,-8.0000,NaN,NaN,0,0,0,0,0.0000,0.0000,-8.0000,0,2.0000,-4.0000,0.0000,0,0,168.6889,0.0000,0.0000,0.0000,0.0000,84.0610,0,1.1781,-7.6406
17.3125,5.9801,1,0,0,0,1.1781,1.2516,-7.6406,0.0000,-8.0000,NaN,NaN,0,0,0,0,0.0000,0.0000,-8.0000,0,2.0000,-4.0000,0.0000,0,0,168.6889,0.0000,0.0000,0.0000,0.0000,84.0610,0,1.1781,-7.6406
17.3632,6.0309,1,0,0,0,1.1781,1.2516,-7.6406,0.0000,-8.0000,NaN,NaN,0,0,0,0,0.0000,0.0000,-8.0000,0,2.0000,-4.0000,0.0000,0,0,168.6889,0.0000,0.0000,0.0000,0.0000,84.0610,0,1.1781,-7.6406
17.4135,6.0811,1,0,0,0,1.1781,1.2516,-7.6406,0.0000,-8.0000,NaN,NaN,0,0,0,0,0.0000,0.0000,-8.0000,0,2.0000,-4.0000,0.0000,0,0,168.6889,0.0000,0.0000,0.0000,0.0000,84.0610,0,1.1781,-7.6406
17.4635,6.1312,1,0,0,0,1.1781,1.2516,-7.6406,0.0000,-8.0000,NaN,NaN,0,0,0,0,0.0000,0.0000,-8.0000,0,2.0000,-4.0000,0.0000,0,0,168.6889,0.0000,0.0000,0.0000,0.0000,84.0610,0,1.1781,-7.6406
17.5140,6.1817,1,0,0,0,1.1781,1.2516,-7.6406,0.0000,-8.0000,NaN,NaN,0,0,0,0,0.0000,0.0000,-8.0000,0,2.0000,-4.0000,0.0000,0,0,168.6889,0.0000,0.0000,0.0000,0.0000,84.0610,0,1.1781,-7.6406
17.5641,6.2317,1,0,0,0,1.1781,1.2516,-7.6406,0.0000,-8.0000,NaN,NaN,0,0,0,0,0.0000,0.0000,-8.0000,0,2.0000,-4.0000,0.0000,0,0,168.6889,0.0000,0.0000,0.0000,0.0000,84.0610,0,1.1781,-7.6406
17.6145,6.2822,1,0,0,0,1.1781,1.2516,-7.6406,0.0000,-8.0000,NaN,NaN,0,0,0,0,0.0000,0.0000,-8.0000,0,2.0000,-4.0000,0.0000,0,0,168.6889,0.0000,0.0000,0.0000,0.0000,84.0610,0,1.1781,-7.6406
17.6655,6.3331,1,0,0,0,1.1781,1.2516,-7.6406,0.0000,-8.0000,NaN,NaN,0,0,0,0,0.0000,0.0000,-8.0000,0,2.0000,-4.0000,0.0000,0,0,168.6889,0.0000,0.0000,0.0000,0.0000,84.0610,0,1.1781,-7.6406
17.7160,6.3837,1,0,0,0,1.1781,1.2516,-7.6406,0.0000,-8.0000,NaN,NaN,0,0,0,0,0.0000,0.0000,-8.0000,0,2.0000,-4.0000,0.0000,0,0,168.6889,0.0000,0.0000,0.0000,0.0000,84.0610,0,1.1781,-7.6406
17.7828,6.4504,1,0,0,0,1.1781,1.2516,-7.6406,0.0000,-8.0000,NaN,NaN,0,0,0,0,0.0000,0.0000,-8.0000,0,2.0000,-4.0000,0.0000,0,0,168.6889,0.0000,0.0000,0.0000,0.0000,84.0610,0,1.1781,-7.6406
17.8494,6.5171,1,0,0,0,1.1781,1.2516,-7.6406,0.0000,-8.0000,NaN,NaN,0,0,0,0,0.0000,0.0000,-8.0000,0,2.0000,-4.0000,0.0000,0,0,168.6889,0.0000,0.0000,0.0000,0.0000,84.0610,0,1.1781,-7.6406
17.9002,6.5678,1,0,0,0,1.1781,1.2516,-7.6406,0.0000,-8.0000,NaN,NaN,0,0,0,0,0.0000,0.0000,-8.0000,0,2.0000,-4.0000,0.0000,0,0,168.6889,0.0000,0.0000,0.0000,0.0000,84.0610,0,1.1781,-7.6406
17.9510,6.6186,1,0,0,0,1.1781,1.2516,-7.6406,0.0000,-8.0000,NaN,NaN,0,0,0,0,0.0000,0.0000,-8.0000,0,2.0000,-4.0000,0.0000,0,0,168.6889,0.0000,0.0000,0.0000,0.0000,84.0610,0,1.1781,-7.6406
18.0178,6.6854,1,0,0,0,1.1781,1.2516,-7.6406,0.0000,-8.0000,NaN,NaN,0,0,0,0,0.0000,0.0000,-8.0000,0,2.0000,-4.0000,0.0000,0,0,168.6889,0.0000,0.0000,0.0000,0.0000,84.0610,0,1.1781,-7.6406
18.0845,6.7521,1,0,0,0,1.1781,1.2516,-7.6406,0.0000,-8.0000,NaN,NaN,0,0,0,0,0.0000,0.0000,-8.0000,0,2.0000,-4.0000,0.0000,0,0,168.6889,0.0000,0.0000,0.0000,0.0000,84.0610,0,1.1781,-7.6406
18.1511,6.8187,1,0,0,0,1.1781,1.2516,-7.6406,0.0000,-8.0000,NaN,NaN,0,0,0,0,0.0000,0.0000,-8.0000,0,2.0000,-4.0000,0.0000,0,0,168.6889,0.0000,0.0000,0.0000,0.0000,84.0610,0,1.1781,-7.6406
18.2182,6.8858,1,0,0,0,1.1781,1.2516,-7.6406,0.0000,-8.0000,NaN,NaN,0,0,0,0,0.0000,0.0000,-8.0000,0,2.0000,-4.0000,0.0000,0,0,168.6889,0.0000,0.0000,0.0000,0.0000,84.0610,0,1.1781,-7.6406
18.2687,6.9363,1,0,0,0,1.1781,1.2516,-7.6406,0.0000,-8.0000,NaN,NaN,0,0,0,0,0.0000,0.0000,-8.0000,0,2.0000,-4.0000,0.0000,0,0,168.6889,0.0000,0.0000,0.0000,0.0000,84.0610,0,1.1781,-7.6406
18.3190,6.9867,1,0,0,0,1.1781,1.2516,-7.6406,0.0000,-8.0000,NaN,NaN,0,0,0,0,0.0000,0.0000,-8.0000,0,2.0000,-4.0000,0.0000,0,0,168.6889,0.0000,0.0000,0.0000,0.0000,84.0610,0,1.1781,-7.6406
18.3692,7.0369,1,0,0,0,1.1781,1.2516,-7.6406,0.0000,-8.0000,NaN,NaN,0,0,0,0,0.0000,0.0000,-8.0000,0,2.0000,-4.0000,0.0000,0,0,168.6889,0.0000,0.0000,0.0000,0.0000,84.0610,0,1.1781,-7.6406
18.4195,7.0872,1,0,0,0,1.1781,1.2516,-7.6406,0.0000,-8.0000,NaN,NaN,0,0,0,0,0.0000,0.0000,-8.0000,0,2.0000,-4.0000,0.0000,0,0,168.6889,0.0000,0.0000,0.0000,0.0000,84.0610,0,1.1781,-7.6406
18.4862,7.1538,1,0,0,0,1.1781,1.2516,-7.6406,0.0000,-8.0000,NaN,NaN,0,0,0,0,0.0000,0.0000,-8.0000,0,2.0000,-4.0000,0.0000,0,0,168.6889,0.0000,0.0000,0.0000,0.0000,84.0610,0,1.1781,-7.6406
18.5362,7.2039,1,0,0,0,1.1781,1.2516,-7.6406,0.0000,-8.0000,NaN,NaN,0,0,0,0,0.0000,0.0000,-8.0000,0,2.0000,-4.0000,0.0000,0,0,168.6889,0.0000,0.0000,0.0000,0.0000,84.0610,0,1.1781,-7.6406
18.5866,7.2542,1,0,0,0,1.1781,1.2516,-7.6406,0.0000,-8.0000,NaN,NaN,0,0,0,0,0.0000,0.0000,-8.0000,0,2.0000,-4.0000,0.0000,0,0,168.6889,0.0000,0.0000,0.0000,0.0000,84.0610,0,1.1781,-7.6406
18.6532,7.3209,1,0,0,0,1.1781,1.2516,-7.6406,0.0000,-8.0000,NaN,NaN,0,0,0,0,0.0000,0.0000,-8.0000,0,2.0000,-4.0000,0.0000,0,0,168.6889,0.0000,0.0000,0.0000,0.0000,84.0610,0,1.1781,-7.6406
18.7037,7.3713,1,0,0,0,1.1781,1.2516,-7.6406,0.0000,-8.0000,NaN,NaN,0,0,0,0,0.0000,0.0000,-8.0000,0,2.0000,-4.0000,0.0000,0,0,168.6889,0.0000,0.0000,0.0000,0.0000,84.0610,0,1.1781,-7.6406
18.7539,7.4216,1,0,0,0,1.1781,1.2516,-7.6406,0.0000,-8.0000,NaN,NaN,0,0,0,0,0.0000,0.0000,-8.0000,0,2.0000,-4.0000,0.0000,0,0,168.6889,0.0000,0.0000,0.0000,0.0000,84.0610,0,1.1781,-7.6406
18.8206,7.4883,1,0,0,0,1.1781,1.2516,-7.6406,0.0000,-8.0000,NaN,NaN,0,0,0,0,0.0000,0.0000,-8.0000,0,2.0000,-4.0000,0.0000,0,0,168.6889,0.0000,0.0000,0.0000,0.0000,84.0610,0,1.1781,-7.6406
18.8717,7.5393,1,0,0,0,1.1781,1.2516,-7.6406,0.0000,-8.0000,NaN,NaN,0,0,0,0,0.0000,0.0000,-8.0000,0,2.0000,-4.0000,0.0000,0,0,168.6889,0.0000,0.0000,0.0000,0.0000,84.0610,0,1.1781,-7.6406
18.9222,7.5899,1,0,0,0,1.1781,1.2516,-7.6406,0.0000,-8.0000,NaN,NaN,0,0,0,0,0.0000,0.0000,-8.0000,0,2.0000,-4.0000,0.0000,0,0,168.6889,0.0000,0.0000,0.0000,0.0000,84.0610,0,1.1781,-7.6406
18.9724,7.6400,1,0,0,0,1.1781,1.2516,-7.6406,0.0000,-8.0000,NaN,NaN,0,0,0,0,0.0000,0.0000,-8.0000,0,2.0000,-4.0000,0.0000,0,0,168.6889,0.0000,0.0000,0.0000,0.0000,84.0610,0,1.1781,-7.6406
19.0227,7.6904,1,0,0,0,1.1781,1.2516,-7.6406,0.0000,-8.0000,NaN,NaN,0,0,0,0,0.0000,0.0000,-8.0000,0,2.0000,-4.0000,0.0000,0,0,168.6889,0.0000,0.0000,0.0000,0.0000,84.0610,0,1.1781,-7.6406
19.0894,7.7570,1,0,0,0,1.1781,1.2516,-7.6406,0.0000,-8.0000,NaN,NaN,0,0,0,0,0.0000,0.0000,-8.0000,0,2.0000,-4.0000,0.0000,0,0,168.6889,0.0000,0.0000,0.0000,0.0000,84.0610,0,1.1781,-7.6406
19.1561,7.8237,1,0,0,0,1.1781,1.2516,-7.6406,0.0000,-8.0000,NaN,NaN,0,0,0,0,0.0000,0.0000,-8.0000,0,2.0000,-4.0000,0.0000,0,0,168.6889,0.0000,0.0000,0.0000,0.0000,84.0610,0,1.1781,-7.6406
19.2227,7.8904,1,0,0,0,1.1781,1.2516,-7.6406,0.0000,-8.0000,NaN,NaN,0,0,0,0,0.0000,0.0000,-8.0000,0,2.0000,-4.0000,0.0000,0,0,168.6889,0.0000,0.0000,0.0000,0.0000,84.0610,0,1.1781,-7.6406
19.2895,7.9571,1,0,0,0,1.1781,1.2516,-7.6406,0.0000,-8.0000,NaN,NaN,0,0,0,0,0.0000,0.0000,-8.0000,0,2.0000,-4.0000,0.0000,0,0,168.6889,0.0000,0.0000,0.0000,0.0000,84.0610,0,1.1781,-7.6406
19.3396,8.0072,1,0,0,0,1.1781,1.2516,-7.6406,0.0000,-8.0000,NaN,NaN,0,0,0,0,0.0000,0.0000,-8.0000,0,2.0000,-4.0000,0.0000,0,0,168.6889,0.0000,0.0000,0.0000,0.0000,84.0610,0,1.1781,-7.6406
19.3901,8.0577,1,0,0,0,1.1781,1.2516,-7.6406,0.0000,-8.0000,NaN,NaN,0,0,0,0,0.0000,0.0000,-8.0000,0,2.0000,-4.0000,0.0000,0,0,168.6889,0.0000,0.0000,0.0000,0.0000,84.0610,0,1.1781,-7.6406
19.4403,8.1080,1,0,0,0,1.1781,1.2516,-7.6406,0.0000,-8.0000,NaN,NaN,0,0,0,0,0.0000,0.0000,-8.0000,0,2.0000,-4.0000,0.0000,0,0,168.6889,0.0000,0.0000,0.0000,0.0000,84.0610,0,1.1781,-7.6406
19.4908,8.1585,1,0,0,0,1.1781,1.2516,-7.6406,0.0000,-8.0000,NaN,NaN,0,0,0,0,0.0000,0.0000,-8.0000,0,2.0000,-4.0000,0.0000,0,0,168.6889,0.0000,0.0000,0.0000,0.0000,84.0610,0,1.1781,-7.6406
19.5412,8.2088,1,0,0,0,1.1781,1.2516,-7.6406,0.0000,-8.0000,NaN,NaN,0,0,0,0,0.0000,0.0000,-8.0000,0,2.0000,-4.0000,0.0000,0,0,168.6889,0.0000,0.0000,0.0000,0.0000,84.0610,0,1.1781,-7.6406
19.5913,8.2590,1,0,0,0,1.1781,1.2516,-7.6406,0.0000,-8.0000,NaN,NaN,0,0,0,0,0.0000,0.0000,-8.0000,0,2.0000,-4.0000,0.0000,0,0,168.6889,0.0000,0.0000,0.0000,0.0000,84.0610,0,1.1781,-7.6406
19.6597,8.3273,1,0,0,0,1.1781,1.2516,-7.6406,0.0000,-8.0000,NaN,NaN,0,0,0,0,0.0000,0.0000,-8.0000,0,2.0000,-4.0000,0.0000,0,0,168.6889,0.0000,0.0000,0.0000,0.0000,84.0610,0,1.1781,-7.6406
19.7265,8.3941,1,0,0,0,1.1781,1.2516,-7.6406,0.0000,-8.0000,NaN,NaN,0,0,0,0,0.0000,0.0000,-8.0000,0,2.0000,-4.0000,0.0000,0,0,168.6889,0.0000,0.0000,0.0000,0.0000,84.0610,0,1.1781,-7.6406
19.7965,8.4641,1,0,0,0,1.1781,1.2516,-7.6406,0.0000,-8.0000,NaN,NaN,0,0,0,0,0.0000,0.0000,-8.0000,0,2.0000,-4.0000,0.0000,0,0,168.6889,0.0000,0.0000,0.0000,0.0000,84.0610,0,1.1781,-7.6406
19.8529,8.5205,1,0,0,0,1.1781,1.2516,-7.6406,0.0000,-8.0000,NaN,NaN,0,0,0,0,0.0000,0.0000,-8.0000,0,2.0000,-4.0000,0.0000,0,0,168.6889,0.0000,0.0000,0.0000,0.0000,84.0610,0,1.1781,-7.6406
19.9115,8.5792,1,0,0,0,1.1781,1.2516,-7.6406,0.0000,-8.0000,NaN,NaN,0,0,0,0,0.0000,0.0000,-8.0000,0,2.0000,-4.0000,0.0000,0,0,168.6889,0.0000,0.0000,0.0000,0.0000,84.0610,0,1.1781,-7.6406
19.9634,8.6310,1,0,0,0,1.1781,1.2516,-7.6406,0.0000,-8.0000,NaN,NaN,0,0,0,0,0.0000,0.0000,-8.0000,0,2.0000,-4.0000,0.0000,0,0,168.6889,0.0000,0.0000,0.0000,0.0000,84.0610,0,1.1781,-7.6406
20.0139,8.6815,1,0,0,0,1.1781,1.2516,-7.6406,0.0000,-8.0000,NaN,NaN,0,0,0,0,0.0000,0.0000,-8.0000,0,2.0000,-4.0000,0.0000,0,0,168.6889,0.0000,0.0000,0.0000,0.0000,84.0610,0,1.1781,-7.6406
20.0641,8.7318,1,0,0,0,1.1781,1.2516,-7.6406,0.0000,-8.0000,NaN,NaN,0,0,0,0,0.0000,0.0000,-8.0000,0,2.0000,-4.0000,0.0000,0,0,168.6889,0.0000,0.0000,0.0000,0.0000,84.0610,0,1.1781,-7.6406
20.1153,8.7829,1,0,0,0,1.1781,1.2516,-7.6406,0.0000,-8.0000,NaN,NaN,0,0,0,0,0.0000,0.0000,-8.0000,0,2.0000,-4.0000,0.0000,0,0,168.6889,0.0000,0.0000,0.0000,0.0000,84.0610,0,1.1781,-7.6406
20.1654,8.8330,1,0,0,0,1.1781,1.2516,-7.6406,0.0000,-8.0000,NaN,NaN,0,0,0,0,0.0000,0.0000,-8.0000,0,2.0000,-4.0000,0.0000,0,0,168.6889,0.0000,0.0000,0.0000,0.0000,84.0610,0,1.1781,-7.6406
20.2156,8.8833,1,0,0,0,1.1781,1.2516,-7.6406,0.0000,-8.0000,NaN,NaN,0,0,0,0,0.0000,0.0000,-8.0000,0,2.0000,-4.0000,0.0000,0,0,168.6889,0.0000,0.0000,0.0000,0.0000,84.0610,0,1.1781,-7.6406
20.2660,8.9337,1,0,0,0,1.1781,1.2516,-7.6406,0.0000,-8.0000,NaN,NaN,0,0,0,0,0.0000,0.0000,-8.0000,0,2.0000,-4.0000,0.0000,0,0,168.6889,0.0000,0.0000,0.0000,0.0000,84.0610,0,1.1781,-7.6406
20.3169,8.9846,1,0,0,0,1.1781,1.2516,-7.6406,0.0000,-8.0000,NaN,NaN,0,0,0,0,0.0000,0.0000,-8.0000,0,2.0000,-4.0000,0.0000,0,0,168.6889,0.0000,0.0000,0.0000,0.0000,84.0610,0,1.1781,-7.6406
20.3694,9.0370,1,0,0,0,1.1781,1.2516,-7.6406,0.0000,-8.0000,NaN,NaN,0,0,0,0,0.0000,0.0000,-8.0000,0,2.0000,-4.0000,0.0000,0,0,168.6889,0.0000,0.0000,0.0000,0.0000,84.0610,0,1.1781,-7.6406
20.4197,9.0873,1,0,0,0,1.1781,1.2516,-7.6406,0.0000,-8.0000,NaN,NaN,0,0,0,0,0.0000,0.0000,-8.0000,0,2.0000,-4.0000,0.0000,0,0,168.6889,0.0000,0.0000,0.0000,0.0000,84.0610,0,1.1781,-7.6406
20.4863,9.1540,1,0,0,0,1.1781,1.2516,-7.6406,0.0000,-8.0000,NaN,NaN,0,0,0,0,0.0000,0.0000,-8.0000,0,2.0000,-4.0000,0.0000,0,0,168.6889,0.0000,0.0000,0.0000,0.0000,84.0610,0,1.1781,-7.6406
20.5508,9.2185,1,0,0,0,1.1781,1.2516,-7.6406,0.0000,-8.0000,NaN,NaN,0,0,0,0,0.0000,0.0000,-8.0000,0,2.0000,-4.0000,0.0000,0,0,168.6889,0.0000,0.0000,0.0000,0.0000,84.0610,0,1.1781,-7.6406
20.6135,9.2812,1,0,0,0,1.1781,1.2516,-7.6406,0.0000,-8.0000,NaN,NaN,0,0,0,0,0.0000,0.0000,-8.0000,0,2.0000,-4.0000,0.0000,0,0,168.6889,0.0000,0.0000,0.0000,0.0000,84.0610,0,1.1781,-7.6406
20.6685,9.3361,1,0,0,0,1.1781,1.2516,-7.6406,0.0000,-8.0000,NaN,NaN,0,0,0,0,0.0000,0.0000,-8.0000,0,2.0000,-4.0000,0.0000,0,0,168.6889,0.0000,0.0000,0.0000,0.0000,84.0610,0,1.1781,-7.6406
20.7208,9.3885,1,0,0,0,1.1781,1.2516,-7.6406,0.0000,-8.0000,NaN,NaN,0,0,0,0,0.0000,0.0000,-8.0000,0,2.0000,-4.0000,0.0000,0,0,168.6889,0.0000,0.0000,0.0000,0.0000,84.0610,0,1.1781,-7.6406
20.7763,9.4439,1,0,0,0,1.1781,1.2516,-7.6406,0.0000,-8.0000,NaN,NaN,0,0,0,0,0.0000,0.0000,-8.0000,0,2.0000,-4.0000,0.0000,0,0,168.6889,0.0000,0.0000,0.0000,0.0000,84.0610,0,1.1781,-7.6406
20.8357,9.5033,1,0,0,0,1.1781,1.2516,-7.6406,0.0000,-8.0000,NaN,NaN,0,0,0,0,0.0000,0.0000,-8.0000,0,2.0000,-4.0000,0.0000,0,0,168.6889,0.0000,0.0000,0.0000,0.0000,84.0610,0,1.1781,-7.6406
20.8966,9.5643,1,0,0,0,1.1781,1.2516,-7.6406,0.0000,-8.0000,NaN,NaN,0,0,0,0,0.0000,0.0000,-8.0000,0,2.0000,-4.0000,0.0000,0,0,168.6889,0.0000,0.0000,0.0000,0.0000,84.0610,0,1.1781,-7.6406
20.9564,9.6240,1,0,0,0,1.1781,1.2516,-7.6406,0.0000,-8.0000,NaN,NaN,0,0,0,0,0.0000,0.0000,-8.0000,0,2.0000,-4.0000,0.0000,0,0,168.6889,0.0000,0.0000,0.0000,0.0000,84.0610,0,1.1781,-7.6406
21.0136,9.6813,1,0,0,0,1.1781,1.2516,-7.6406,0.0000,-8.0000,NaN,NaN,0,0,0,0,0.0000,0.0000,-8.0000,0,2.0000,-4.0000,0.0000,0,0,168.6889,0.0000,0.0000,0.0000,0.0000,84.0610,0,1.1781,-7.6406
21.0796,9.7472,1,0,0,0,0.6864,0.1000,-11.4320,0.0000,-8.0000,NaN,NaN,0,0,0,0,0.0000,0.0000,-8.0000,0,2.0000,-4.0000,0.0000,0,0,348.6901,0.0000,0.0000,0.0000,0.0000,84.0210,1,0.6864,-11.4320
21.1459,9.8135,1,0,0,0,0.6864,0.1000,-11.4320,0.0000,-8.0000,NaN,NaN,0,0,0,0,0.0000,0.0000,-8.0000,0,2.0000,-4.0000,0.0000,0,0,348.6901,0.0000,0.0000,0.0000,0.0000,83.9410,1,0.6864,-11.4320
21.2126,9.8802,1,0,0,0,0.6864,0.1000,-11.4320,0.0000,-8.0000,NaN,NaN,0,0,0,0,0.0000,0.0000,-8.0000,0,2.0000,-4.0000,0.0000,0,0,348.6901,0.0000,0.0000,0.0000,0.0000,83.8810,1,0.6864,-11.4320
21.2633,9.9309,1,0,0,0,0.6864,0.1000,-11.4320,0.0000,-8.0000,NaN,NaN,0,0,0,0,0.0000,0.0000,-8.0000,0,2.0000,-4.0000,0.0000,0,0,348.6901,0.0000,0.0000,0.0000,0.0000,83.8410,1,0.6864,-11.4320
21.3141,9.9817,1,0,0,0,0.6864,0.1000,-11.4320,0.0000,-8.0000,NaN,NaN,0,0,0,0,0.0000,0.0000,-8.0000,0,2.0000,-4.0000,0.0000,0,0,348.6901,0.0000,0.0000,0.0000,0.0000,83.7810,1,0.6864,-11.4320
21.3649,10.0325,1,0,0,0,0.6864,0.1000,-11.4320,0.0000,-8.0000,NaN,NaN,0,0,0,0,0.0000,0.0000,-8.0000,0,2.0000,-4.0000,0.0000,0,0,348.6901,0.0000,0.0000,0.0000,0.0000,83.7411,1,0.6864,-11.4320
21.4157,10.0833,1,0,0,0,0.6864,0.1000,-11.4320,0.0000,-8.0000,NaN,NaN,0,0,0,0,0.0000,0.0000,-8.0000,0,2.0000,-4.0000,0.0000,0,0,348.6901,0.0000,0.0000,0.0000,0.0000,83.6811,1,0.6864,-11.4320
21.4658,10.1334,1,0,0,1,0.6537,0.1000,-11.2686,0.0000,-8.0000,NaN,NaN,0,0,1,0,0.0000,0.0000,-8.0000,0,2.0000,-4.0000,0.0000,0,0,348.6901,0.0000,0.0000,0.0000,0.0000,83.6211,1,0.6537,-11.2686
21.5161,10.1837,1,0,0,1,0.5555,0.1000,-10.7773,0.0000,-8.0000,NaN,NaN,0,0,1,0,0.0000,0.0000,-8.0000,0,2.0000,-4.0000,0.0000,0,0,348.6901,0.0000,0.0000,0.0000,0.0000,83.5811,1,0.5555,-10.7773
21.5665,10.2341,1,0,0,1,0.4562,0.1000,-10.2812,0.0000,-8.0000,NaN,NaN,0,0,1,0,0.0000,0.0000,-8.0000,0,2.0000,-4.0000,0.0000,0,0,348.6901,0.0000,0.0000,0.0000,0.0000,83.5211,1,0.4562,-10.2812
21.6176,10.2853,1,0,0,1,0.3569,0.1000,-9.7845,0.0000,-8.0000,NaN,NaN,0,0,1,0,0.0000,0.0000,-8.0000,0,2.0000,-4.0000,0.0000,0,0,348.6901,0.0000,0.0000,0.0000,0.0000,83.4811,1,0.3569,-9.7845
21.6682,10.3358,1,0,0,1,0.2568,0.1000,-9.2840,0.0000,-8.0000,NaN,NaN,0,0,1,0,0.0000,0.0000,-8.0000,0,2.0000,-4.0000,0.0000,0,0,348.6901,0.0000,0.0000,0.0000,0.0000,83.4211,1,0.2568,-9.2840
21.7184,10.3860,1,0,0,1,0.2485,0.1000,-8.8005,0.0000,-8.0000,NaN,NaN,0,0,1,0,0.0000,0.0000,-8.0000,0,2.0000,-4.0000,0.0000,0,0,20.0444,0.0000,7.4667,0.0000,0.0000,83.3811,1,0.2485,-8.8005
21.7850,10.4527,1,0,0,1,0.4770,0.1000,-8.1742,0.0000,-8.0000,NaN,NaN,0,0,1,0,0.0000,0.0000,-8.0000,0,2.0000,-4.0000,0.0000,0,0,20.0444,0.0000,7.4000,0.0000,0.0000,83.3211,1,0.4770,-8.1742
21.8351,10.5027,1,0,0,1,0.6484,0.1000,-7.7045,0.0000,-8.0000,NaN,NaN,0,0,1,0,0.0000,0.0000,-8.0000,0,2.0000,-4.0000,0.0000,0,0,20.0444,0.0000,7.3497,0.0000,0.0000,83.2611,1,0.6484,-7.7045
21.8856,10.5533,1,0,0,1,0.8219,0.1000,-7.2290,0.0000,-8.0000,NaN,NaN,0,0,1,0,0.0000,0.0000,-8.0000,0,2.0000,-4.0000,0.0000,0,0,20.0444,0.0000,7.2994,0.0000,0.0000,83.2011,1,0.8219,-7.2290
21.9523,10.6199,1,0,0,1,1.0504,0.1000,-6.6027,0.0000,-8.0000,NaN,NaN,0,0,1,0,0.0000,0.0000,-8.0000,0,2.0000,-4.0000,0.0000,0,0,20.0444,0.0000,7.2327,0.0000,0.0000,83.1412,1,1.0504,-6.6027
22.0024,10.6701,1,0,0,1,1.2229,0.1000,-6.1300,0.0000,-8.0000,NaN,NaN,0,0,1,0,0.0000,0.0000,-8.0000,0,2.0000,-4.0000,0.0000,0,0,20.0444,0.0000,7.1824,0.0000,0.0000,83.1012,1,1.2229,-6.1300
22.0526,10.7202,1,0,0,1,1.3943,0.1000,-5.6603,0.0000,-8.0000,NaN,NaN,0,0,1,0,0.0000,0.0000,-8.0000,0,2.0000,-4.0000,0.0000,0,0,20.0443,0.0000,7.1324,0.0000,0.0000,83.0412,1,1.3943,-5.6603
22.1034,10.7710,1,0,0,1,1.5682,0.1000,-5.1834,0.0000,-8.0000,NaN,NaN,0,0,1,0,0.0000,0.0000,-8.0000,0,2.0000,-4.0000,0.0000,0,0,20.0443,0.0000,7.0814,0.0000,0.0000,83.0012,1,1.5682,-5.1834
22.1547,10.8223,1,0,0,1,1.3669,0.1000,-4.8089,0.0000,-8.0000,NaN,NaN,0,0,1,0,0.0000,0.0000,-8.0000,0,2.0000,-4.0000,0.0000,0,0,309.8366,7.4489,7.0303,0.0000,0.0000,82.9412,1,1.3669,-4.8089
22.2052,10.8729,1,0,0,1,0.9721,0.1000,-4.4795,0.0000,-8.0000,NaN,NaN,0,0,1,0,0.0000,0.0000,-8.0000,0,2.0000,-4.0000,0.0000,0,0,309.8366,7.3982,6.9796,0.0000,0.0000,82.8812,1,0.9721,-4.4795
22.2559,10.9235,1,0,0,1,0.5846,0.1000,-4.1562,0.0000,-8.0000,NaN,NaN,0,0,1,0,0.0000,0.0000,-8.0000,0,2.0000,-4.0000,0.0000,0,0,309.8366,7.3477,6.9291,0.0000,0.0000,82.8412,1,0.5846,-4.1562
22.3062,10.9739,1,0,0,1,0.1997,0.1000,-3.8351,0.0000,-8.0000,NaN,NaN,0,0,1,0,0.0000,0.0000,-8.0000,0,2.0000,-4.0000,0.0000,0,0,309.8366,7.2972,6.8786,0.0000,0.0000,82.7812,1,0.1997,-3.8351
22.3570,11.0246,1,0,0,1,-0.1899,0.1000,-3.5101,0.0000,-8.0000,NaN,NaN,0,0,1,0,0.0000,0.0000,-8.0000,0,2.0000,-4.0000,0.0000,0,0,309.8367,7.2466,6.8280,0.0000,0.0000,82.7412,1,-0.1899,-3.5101
22.4237,11.0913,1,0,0,1,-0.7040,0.1000,-3.0812,0.0000,-8.0000,NaN,NaN,0,0,1,0,0.0000,0.0000,-8.0000,0,2.0000,-4.0000,0.0000,0,0,309.8366,7.1799,6.7613,0.0000,0.0000,82.6812,1,-0.7040,-3.0812
22.4738,11.1414,1,0,0,1,-1.0897,0.1000,-2.7594,0.0000,-8.0000,NaN,NaN,0,0,1,0,0.0000,0.0000,-8.0000,0,2.0000,-4.0000,0.0000,0,0,309.8366,7.1296,6.7111,0.0000,0.0000,82.6212,1,-1.0897,-2.7594
22.5240,11.1917,1,0,0,1,-0.9606,0.1000,-2.4405,0.0000,-8.0000,NaN,NaN,0,0,1,0,0.0000,0.0000,-8.0000,0,2.0000,-4.0000,0.0000,0,0,50.5000,7.0795,6.6610,7.4499,0.0000,82.5813,1,-0.9606,-2.4405
22.5742,11.2418,1,0,0,1,-0.5740,0.1000,-2.1218,0.0000,-8.0000,NaN,NaN,0,0,1,0,0.0000,0.0000,-8.0000,0,2.0000,-4.0000,0.0000,0,0,50.5000,7.0292,6.6106,7.3996,0.0000,82.5213,1,-0.5740,-2.1218
22.6244,11.2920,1,0,0,1,-0.1855,0.1000,-1.8016,0.0000,-8.0000,NaN,NaN,0,0,1,0,0.0000,0.0000,-8.0000,0,2.0000,-4.0000,0.0000,0,0,50.5000,6.9792,6.5606,7.3496,0.0000,82.4813,1,-0.1855,-1.8016
22.6744,11.3421,1,0,0,1,0.2003,0.1000,-1.4836,0.0000,-8.0000,NaN,NaN,0,0,1,0,0.0000,0.0000,-8.0000,0,2.0000,-4.0000,0.0000,0,0,50.5000,6.9290,6.5104,7.2993,0.0000,82.4213,1,0.2003,-1.4836
22.7253,11.3929,1,0,0,1,0.5930,0.1000,-1.1599,0.0000,-8.0000,NaN,NaN,0,0,1,0,0.0000,0.0000,-8.0000,0,2.0000,-4.0000,0.0000,0,0,50.5000,6.8783,6.4598,7.2487,0.0000,82.3813,1,0.5930,-1.1599
22.7754,11.4431,1,0,0,1,0.9814,0.1000,-0.8397,0.0000,-8.0000,NaN,NaN,0,0,1,0,0.0000,0.0000,-8.0000,0,2.0000,-4.0000,0.0000,0,0,50.5000,6.8280,6.4094,7.1983,0.0000,82.3213,1,0.9814,-0.8397
22.8262,11.4938,1,0,0,0,1.2375,0.2711,-1.0432,0.0000,-8.0000,NaN,NaN,0,0,0,0,0.0000,0.0000,-8.0000,0,2.0000,-4.0000,0.0000,0,0,50.5000,6.7774,6.3588,7.1477,7.4663,82.2613,1,1.2375,-1.0432
22.8928,11.5605,1,0,0,0,1.2263,0.9196,-2.5992,0.0000,-8.0000,NaN,NaN,0,0,0,0,0.0000,0.0000,-8.0000,0,2.0000,-4.0000,0.0000,0,0,50.5000,6.7107,6.2922,7.0811,7.3997,82.2013,1,1.2263,-2.5992
22.9429,11.6105,1,0,0,0,1.2187,1.3743,-3.6705,0.0000,-8.0000,NaN,NaN,0,0,0,0,0.0000,0.0000,-8.0000,0,2.0000,-4.0000,0.0000,0,0,50.5000,6.6605,6.2420,7.0309,7.3495,82.1613,1,1.2187,-3.6705
22.9930,11.6607,1,0,0,0,1.2117,1.7849,-4.6466,0.0000,-8.0000,NaN,NaN,0,0,0,0,0.0000,0.0000,-8.0000,0,2.0000,-4.0000,0.0000,0,0,50.5000,6.6105,6.1920,6.9809,7.2995,82.1013,1,1.2117,-4.6466
23.0433,11.7109,1,0,0,0,1.2055,2.1399,-5.5073,0.0000,-8.0000,NaN,NaN,0,0,0,0,0.0000,0.0000,-8.0000,0,2.0000,-4.0000,0.0000,0,0,50.5000,6.5601,6.1415,6.9304,7.2490,82.0613,1,1.2055,-5.5073
23.0936,11.7612,1,0,0,0,1.2002,2.4414,-6.2428,0.0000,-8.0000,NaN,NaN,0,0,0,0,0.0000,0.0000,-8.0000,0,2.0000,-4.0000,0.0000,0,0,50.5000,6.5100,6.0915,6.8804,7.1989,82.0013,1,1.2002,-6.2428
23.1440,11.8116,1,0,0,0,1.1959,2.6644,-6.8435,0.0000,-8.0000,NaN,NaN,0,0,0,0,0.0000,0.0000,-8.0000,0,2.0000,-4.0000,0.0000,0,0,50.5000,6.4594,6.0408,6.8298,7.1483,81.9614,1,1.1959,-6.8435
23.1945,11.8622,1,0,0,0,1.1927,2.8146,-7.2976,0.0000,-8.0000,NaN,NaN,0,0,0,0,0.0000,0.0000,-8.0000,0,2.0000,-4.0000,0.0000,0,0,50.5000,6.4090,5.9905,6.7794,7.0980,81.9014,1,1.1927,-7.2976
23.2617,11.9293,1,0,0,0,1.1899,2.8898,-7.6865,0.0000,-8.0000,NaN,NaN,0,0,0,0,0.0000,0.0000,-8.0000,0,2.0000,-4.0000,0.0000,0,0,50.5000,6.3419,5.9233,6.7123,7.0308,81.8414,1,1.1899,-7.6865
23.3127,11.9803,1,0,0,0,1.1889,2.8554,-7.8322,0.0000,-8.0000,NaN,NaN,0,0,0,0,0.0000,0.0000,-8.0000,0,2.0000,-4.0000,0.0000,0,0,50.5000,6.2907,5.8722,6.6611,6.9797,81.7814,1,1.1889,-7.8322
23.3637,12.0313,1,0,0,0,1.1886,2.7423,-7.8614,0.0000,-8.0000,NaN,NaN,0,0,0,0,0.0000,0.0000,-8.0000,0,2.0000,-4.0000,0.0000,0,0,50.5000,6.2399,5.8213,6.6102,6.9288,81.7414,1,1.1886,-7.8614
23.4149,12.0825,1,0,0,0,1.1891,2.5721,-7.7964,0.0000,-8.0000,NaN,NaN,0,0,0,0,0.0000,0.0000,-8.0000,0,2.0000,-4.0000,0.0000,0,0,50.5000,6.1885,5.7700,6.5589,6.8775,81.6814,1,1.1891,-7.7964
23.4657,12.1333,1,0,0,0,1.1901,2.3406,-7.6640,0.0000,-8.0000,NaN,NaN,0,0,0,0,0.0000,0.0000,-8.0000,0,2.0000,-4.0000,0.0000,0,0,50.5000,6.1379,5.7193,6.5082,6.8268,81.6214,1,1.1901,-7.6640
23.5165,12.1842,1,0,0,0,1.1905,2.0903,-7.6073,0.0000,-8.0000,NaN,NaN,0,0,0,0,0.0000,0.0000,-8.0000,0,2.0000,-4.0000,0.0000,0,0,50.5000,6.0869,5.6683,6.4572,6.7758,81.5814,1,1.1905,-7.6073
23.5677,12.2353,1,0,0,0,1.1903,1.8212,-7.6318,0.0000,-8.0000,NaN,NaN,0,0,0,0,0.0000,0.0000,-8.0000,0,2.0000,-4.0000,0.0000,0,0,50.5000,6.0359,5.6173,6.4063,6.7248,81.5214,1,1.1903,-7.6318
23.6185,12.2861,1,0,0,0,1.1902,1.5303,-7.6398,0.0000,-8.0000,NaN,NaN,0,0,0,0,0.0000,0.0000,-8.0000,0,2.0000,-4.0000,0.0000,0,0,50.5000,5.9849,5.5663,6.3552,6.6738,81.4814,1,1.1902,-7.6398
23.6692,12.3369,1,0,0,0,1.1902,1.2900,-7.6406,0.0000,-8.0000,NaN,NaN,0,0,0,0,0.0000,0.0000,-8.0000,0,2.0000,-4.0000,0.0000,0,0,50.5000,5.9343,5.5158,6.3047,6.6233,81.4214,1,1.1902,-7.6406
23.7194,12.3870,1,0,0,0,1.1937,1.2826,-7.6420,0.0000,-8.0000,NaN,NaN,0,0,0,0,0.0000,0.0000,-8.0000,0,2.0000,-4.0000,0.0000,0,0,110.5120,5.8840,5.4654,6.2543,6.5729,81.3815,1,1.1937,-7.6420
23.7700,12.4376,1,0,0,0,1.2003,1.2772,-7.6431,0.0000,-8.0000,NaN,NaN,0,0,0,0,0.0000,0.0000,-8.0000,0,2.0000,-4.0000,0.0000,0,0,139.7921,5.8336,5.4150,6.2039,6.5225,81.3215,1,1.2003,-7.6431
23.8203,12.4879,1,0,0,0,1.2061,1.2750,-7.6436,0.0000,-8.0000,NaN,NaN,0,0,0,0,0.0000,0.0000,-8.0000,0,2.0000,-4.0000,0.0000,0,0,154.4736,5.7831,5.3646,6.1535,6.4721,81.2815,1,1.2061,-7.6436
23.8709,12.5385,1,0,0,0,1.2101,1.2759,-7.6436,0.0000,-8.0000,NaN,NaN,0,0,0,0,0.0000,0.0000,-8.0000,0,2.0000,-4.0000,0.0000,0,0,161.6678,5.7327,5.3141,6.1031,6.4216,81.2215,1,1.2101,-7.6436
23.9211,12.5887,1,0,0,0,1.2126,1.2788,-7.6432,0.0000,-8.0000,NaN,NaN,0,0,0,0,0.0000,0.0000,-8.0000,0,2.0000,-4.0000,0.0000,0,0,165.2220,5.6823,5.2637,6.0526,6.3712,81.1815,1,1.2126,-7.6432
23.9713,12.6389,1,0,0,0,1.2140,1.2832,-7.6426,0.0000,-8.0000,NaN,NaN,0,0,0,0,0.0000,0.0000,-8.0000,0,2.0000,-4.0000,0.0000,0,0,166.9679,5.6323,5.2137,6.0026,6.3212,81.1215,1,1.2140,-7.6426
24.0379,12.7056,1,0,0,0,1.2149,1.2901,-7.6416,0.0000,-8.0000,NaN,NaN,0,0,0,0,0.0000,0.0000,-8.0000,0,2.0000,-4.0000,0.0000,0,0,168.0128,5.5656,5.1471,5.9360,6.2546,81.0615,1,1.2149,-7.6416
24.1046,12.7722,1,0,0,0,1.2150,1.2978,-7.6405,0.0000,-8.0000,NaN,NaN,0,0,0,0,0.0000,0.0000,-8.0000,0,2.0000,-4.0000,0.0000,0,0,168.4236,5.4990,5.0804,5.8693,6.1879,81.0015,1,1.2150,-7.6405
24.1713,12.8389,1,0,0,0,1.2146,1.3053,-7.6393,0.0000,-8.0000,NaN,NaN,0,0,0,0,0.0000,0.0000,-8.0000,0,2.0000,-4.0000,0.0000,0,0,168.5850,5.4323,5.0137,5.8026,6.1212,80.9215,1,1.2146,-7.6393
24.2380,12.9056,1,0,0,0,1.2139,1.3123,-7.6382,0.0000,-8.0000,NaN,NaN,0,0,0,0,0.0000,0.0000,-8.0000,0,2.0000,-4.0000,0.0000,0,0,168.6484,5.3656,4.9470,5.7360,6.0545,80.8615,1,1.2139,-7.6382
24.2881,12.9557,1,0,0,0,1.2133,1.3173,-7.6374,0.0000,-8.0000,NaN,NaN,0,0,0,0,0.0000,0.0000,-8.0000,0,2.0000,-4.0000,0.0000,0,0,168.6690,5.3153,4.8968,5.6857,6.0043,80.8015,1,1.2133,-7.6374
24.3389,13.0066,1,0,0,0,1.2124,1.3214,-7.6365,0.0000,-8.0000,NaN,NaN,0,0,0,0,0.0000,0.0000,-8.0000,0,2.0000,-4.0000,0.0000,0,0,168.6793,5.2646,4.8461,5.6350,5.9536,80.7616,1,1.2124,-7.6365
24.4056,13.0732,1,0,0,0,1.2112,1.3263,-7.6355,0.0000,-8.0000,NaN,NaN,0,0,0,0,0.0000,0.0000,-8.0000,0,2.0000,-4.0000,0.0000,0,0,168.6854,5.1980,4.7794,5.5683,5.8869,80.6816,1,1.2112,-7.6355
24.4562,13.1238,1,0,0,0,1.2101,1.3287,-7.6347,0.0000,-8.0000,NaN,NaN,0,0,0,0,0.0000,0.0000,-8.0000,0,2.0000,-4.0000,0.0000,0,0,168.6874,5.1472,4.7287,5.5176,5.8362,80.6416,1,1.2101,-7.6347
24.5064,13.1740,1,0,0,0,1.2089,1.3300,-7.6339,0.0000,-8.0000,NaN,NaN,0,0,0,0,0.0000,0.0000,-8.0000,0,2.0000,-4.0000,0.0000,0,0,168.6884,5.0972,4.6786,5.4675,5.7861,80.5816,1,1.2089,-7.6339
24.5569,13.2246,1,0,0,0,1.2076,1.3302,-7.6332,0.0000,-8.0000,NaN,NaN,0,0,0,0,0.0000,0.0000,-8.0000,0,2.0000,-4.0000,0.0000,0,0,168.6889,5.0465,4.6279,5.4168,5.7354,80.5416,1,1.2076,-7.6332
24.6071,13.2747,1,0,0,0,1.2062,1.3304,-7.6325,0.0000,-8.0000,NaN,NaN,0,0,0,0,0.0000,0.0000,-8.0000,0,2.0000,-4.0000,0.0000,0,0,168.6893,4.9965,4.5779,5.3668,5.6854,80.4816,1,1.2062,-7.6325
24.6738,13.3414,1,0,0,0,1.2043,1.3298,-7.6316,0.0000,-8.0000,NaN,NaN,0,0,0,0,0.0000,0.0000,-8.0000,0,2.0000,-4.0000,0.0000,0,0,168.6896,4.9298,4.5112,5.3002,5.6187,80.4216,1,1.2043,-7.6316
24.7241,13.3918,1,0,0,0,1.2027,1.3281,-7.6310,0.0000,-8.0000,NaN,NaN,0,0,0,0,0.0000,0.0000,-8.0000,0,2.0000,-4.0000,0.0000,0,0,168.6897,4.8793,4.4607,5.2496,5.5682,80.3816,1,1.2027,-7.6310
24.7745,13.4421,1,0,0,0,1.2011,1.3260,-7.6304,0.0000,-8.0000,NaN,NaN,0,0,0,0,0.0000,0.0000,-8.0000,0,2.0000,-4.0000,0.0000,0,0,168.6899,4.8291,4.4105,5.1994,5.5180,80.3216,1,1.2011,-7.6304
24.8412,13.5088,1,0,0,0,1.1989,1.3215,-7.6296,0.0000,-8.0000,NaN,NaN,0,0,0,0,0.0000,0.0000,-8.0000,0,2.0000,-4.0000,0.0000,0,0,168.6901,4.7624,4.3438,5.1327,5.4513,80.2616,1,1.1989,-7.6296
24.9079,13.5755,1,0,0,0,1.1966,1.3161,-7.6289,0.0000,-8.0000,NaN,NaN,0,0,0,0,0.0000,0.0000,-8.0000,0,2.0000,-4.0000,0.0000,0,0,168.6903,4.6957,4.2771,5.0660,5.3846,80.1817,1,1.1966,-7.6289
24.9747,13.6423,1,0,0,0,1.1942,1.3096,-7.6283,0.0000,-8.0000,NaN,NaN,0,0,0,0,0.0000,0.0000,-8.0000,0,2.0000,-4.0000,0.0000,0,0,168.6906,4.6289,4.2103,4.9993,5.3178,80.1217,1,1.1942,-7.6283
25.0415,13.7091,1,0,0,0,1.1918,1.3020,-7.6277,0.0000,-8.0000,NaN,NaN,0,0,0,0,0.0000,0.0000,-8.0000,0,2.0000,-4.0000,0.0000,0,0,168.6907,4.5621,4.1435,4.9325,5.2510,80.0617,1,1.1918,-7.6277
25.0920,13.7596,1,0,0,0,1.1899,1.2964,-7.6273,0.0000,-8.0000,NaN,NaN,0,0,0,0,0.0000,0.0000,-8.0000,0,2.0000,-4.0000,0.0000,0,0,168.6909,4.5114,4.0928,4.8818,5.2003,80.0017,1,1.1899,-7.6273
25.1422,13.8098,1,0,0,0,1.1881,1.2900,-7.6269,0.0000,-8.0000,NaN,NaN,0,0,0,0,0.0000,0.0000,-8.0000,0,2.0000,-4.0000,0.0000,0,0,168.6909,4.4614,4.0428,4.8318,5.1503,79.9617,1,1.1881,-7.6269
25.1924,13.8600,1,0,0,0,1.1862,1.2841,-7.6266,0.0000,-8.0000,NaN,NaN,0,0,0,0,0.0000,0.0000,-8.0000,0,2.0000,-4.0000,0.0000,0,0,168.6910,4.4110,3.9924,4.7813,5.0999,79.9017,1,1.1862,-7.6266
25.2426,13.9102,1,0,0,0,1.1844,1.2774,-7.6263,0.0000,-8.0000,NaN,NaN,0,0,0,0,0.0000,0.0000,-8.0000,0,2.0000,-4.0000,0.0000,0,0,168.6911,4.3610,3.9424,4.7313,5.0499,79.8617,1,1.1844,-7.6263
25.2933,13.9609,1,0,0,0,1.1826,1.2712,-7.6260,0.0000,-8.0000,NaN,NaN,0,0,0,0,0.0000,0.0000,-8.0000,0,2.0000,-4.0000,0.0000,0,0,168.6911,4.3101,3.8915,4.6805,4.9990,79.8017,1,1.1826,-7.6260
25.3435,14.0111,1,0,0,0,1.1808,1.2654,-7.6258,0.0000,-8.0000,NaN,NaN,0,0,0,0,0.0000,0.0000,-8.0000,0,2.0000,-4.0000,0.0000,0,0,168.6911,4.2601,3.8415,4.6305,4.9490,79.7617,1,1.1808,-7.6258
25.3938,14.0614,1,0,0,0,1.1791,1.2607,-7.6256,0.0000,-8.0000,NaN,NaN,0,0,0,0,0.0000,0.0000,-8.0000,0,2.0000,-4.0000,0.0000,0,0,168.6910,4.2096,3.7910,4.5799,4.8985,79.7017,1,1.1791,-7.6256
25.4444,14.1120,1,0,0,0,1.1774,1.2563,-7.6254,0.0000,-8.0000,NaN,NaN,0,0,0,0,0.0000,0.0000,-8.0000,0,2.0000,-4.0000,0.0000,0,0,168.6909,4.1592,3.7406,4.5295,4.8481,79.6617,1,1.1774,-7.6254
25.5112,14.1788,1,0,0,0,1.1752,1.2520,-7.6252,0.0000,-8.0000,NaN,NaN,0,0,0,0,0.0000,0.0000,-8.0000,0,2.0000,-4.0000,0.0000,0,0,168.6908,4.0924,3.6738,4.4627,4.7813,79.5818,1,1.1752,-7.6252
25.5779,14.2455,1,0,0,0,1.1732,1.2483,-7.6251,0.0000,-8.0000,NaN,NaN,0,0,0,0,0.0000,0.0000,-8.0000,0,2.0000,-4.0000,0.0000,0,0,168.6907,4.0257,3.6071,4.3961,4.7146,79.5218,1,1.1732,-7.6251
25.6447,14.3124,1,0,0,0,1.1712,1.2459,-7.6251,0.0000,-8.0000,NaN,NaN,0,0,0,0,0.0000,0.0000,-8.0000,0,2.0000,-4.0000,0.0000,0,0,168.6905,3.9588,3.5403,4.3292,4.6478,79.4618,1,1.1712,-7.6251
25.6950,14.3627,1,0,0,0,1.1699,1.2452,-7.6250,0.0000,-8.0000,NaN,NaN,0,0,0,0,0.0000,0.0000,-8.0000,0,2.0000,-4.0000,0.0000,0,0,168.6903,3.9084,3.4898,4.2787,4.5973,79.4018,1,1.1699,-7.6250
25.7455,14.4131,1,0,0,0,1.1686,1.2451,-7.6251,0.0000,-8.0000,NaN,NaN,0,0,0,0,0.0000,0.0000,-8.0000,0,2.0000,-4.0000,0.0000,0,0,168.6902,3.8581,3.4395,4.2284,4.5470,79.3418,1,1.1686,-7.6251
25.7957,14.4634,1,0,0,0,1.1675,1.2461,-7.6251,0.0000,-8.0000,NaN,NaN,0,0,0,0,0.0000,0.0000,-8.0000,0,2.0000,-4.0000,0.0000,0,0,168.6900,3.8077,3.3891,4.1780,4.4966,79.3018,1,1.1675,-7.6251
25.8463,14.5139,1,0,0,0,1.1664,1.2477,-7.6252,0.0000,-8.0000,NaN,NaN,0,0,0,0,0.0000,0.0000,-8.0000,0,2.0000,-4.0000,0.0000,0,0,168.6899,3.7573,3.3387,4.1276,4.4462,79.2418,1,1.1664,-7.6252
25.8964,14.5641,1,0,0,0,1.1655,1.2504,-7.6253,0.0000,-8.0000,NaN,NaN,0,0,0,0,0.0000,0.0000,-8.0000,0,2.0000,-4.0000,0.0000,0,0,168.6898,3.7069,3.2884,4.0773,4.3959,79.2018,1,1.1655,-7.6253
25.9468,14.6144,1,0,0,0,1.1647,1.2536,-7.6254,0.0000,-8.0000,NaN,NaN,0,0,0,0,0.0000,0.0000,-8.0000,0,2.0000,-4.0000,0.0000,0,0,168.6897,3.6568,3.2382,4.0271,4.3457,79.1418,1,1.1647,-7.6254
25.9972,14.6649,1,0,0,0,1.1639,1.2577,-7.6256,0.0000,-8.0000,NaN,NaN,0,0,0,0,0.0000,0.0000,-8.0000,0,2.0000,-4.0000,0.0000,0,0,168.6897,3.6062,3.1876,3.9765,4.2951,79.1018,1,1.1639,-7.6256
26.0474,14.7150,1,0,0,0,1.1633,1.2622,-7.6257,0.0000,-8.0000,NaN,NaN,0,0,0,0,0.0000,0.0000,-8.0000,0,2.0000,-4.0000,0.0000,0,0,168.6896,3.5562,3.1376,3.9265,4.2451,79.0418,1,1.1633,-7.6257
26.1142,14.7818,1,0,0,0,1.1627,1.2692,-7.6260,0.0000,-8.0000,NaN,NaN,0,0,0,0,0.0000,0.0000,-8.0000,0,2.0000,-4.0000,0.0000,0,0,168.6896,3.4893,3.0708,3.8597,4.1783,78.9819,1,1.1627,-7.6260
26.1644,14.8320,1,0,0,0,1.1624,1.2747,-7.6263,0.0000,-8.0000,NaN,NaN,0,0,0,0,0.0000,0.0000,-8.0000,0,2.0000,-4.0000,0.0000,0,0,168.6896,3.4390,3.0205,3.8094,4.1280,78.9419,1,1.1624,-7.6263
26.2149,14.8825,1,0,0,0,1.1623,1.2809,-7.6265,0.0000,-8.0000,NaN,NaN,0,0,0,0,0.0000,0.0000,-8.0000,0,2.0000,-4.0000,0.0000,0,0,168.6897,3.3887,2.9701,3.7591,4.0776,78.8819,1,1.1623,-7.6265
26.2815,14.9492,1,0,0,0,1.1622,1.2870,-7.6269,0.0000,-8.0000,NaN,NaN,0,0,0,0,0.0000,0.0000,-8.0000,0,2.0000,-4.0000,0.0000,0,0,168.6898,3.3220,2.9035,3.6924,4.0110,78.8219,1,1.1622,-7.6269
26.3324,15.0000,1,0,0,0,1.1624,1.2924,-7.6272,0.0000,-8.0000,NaN,NaN,0,0,0,0,0.0000,0.0000,-8.0000,0,2.0000,-4.0000,0.0000,0,0,168.6899,3.2710,2.8524,3.6414,3.9599,78.7619,1,1.1624,-7.6272
26.3827,15.0503,1,0,0,0,1.1626,1.2980,-7.6275,0.0000,-8.0000,NaN,NaN,0,0,0,0,0.0000,0.0000,-8.0000,0,2.0000,-4.0000,0.0000,0,0,168.6900,3.2208,2.8023,3.5912,3.9098,78.7219,1,1.1626,-7.6275
26.4328,15.1004,1,0,0,0,1.1630,1.3043,-7.6279,0.0000,-8.0000,NaN,NaN,0,0,0,0,0.0000,0.0000,-8.0000,0,2.0000,-4.0000,0.0000,0,0,168.6902,3.1706,2.7521,3.5410,3.8596,78.6619,1,1.1630,-7.6279
26.4831,15.1507,1,0,0,0,1.1635,1.3101,-7.6282,0.0000,-8.0000,NaN,NaN,0,0,0,0,0.0000,0.0000,-8.0000,0,2.0000,-4.0000,0.0000,0,0,168.6904,3.1205,2.7019,3.4908,3.8094,78.6219,1,1.1635,-7.6282
26.5334,15.2010,1,0,0,0,1.1641,1.3157,-7.6286,0.0000,-8.0000,NaN,NaN,0,0,0,0,0.0000,0.0000,-8.0000,0,2.0000,-4.0000,0.0000,0,0,168.6905,3.0700,2.6515,3.4404,3.7590,78.5619,1,1.1641,-7.6286
26.5843,15.2519,1,0,0,0,1.1649,1.3204,-7.6290,0.0000,-8.0000,NaN,NaN,0,0,0,0,0.0000,0.0000,-8.0000,0,2.0000,-4.0000,0.0000,0,0,168.6907,3.0193,2.6007,3.3897,3.7082,78.5219,1,1.1649,-7.6290
26.6509,15.3185,1,0,0,0,1.1661,1.3256,-7.6296,0.0000,-8.0000,NaN,NaN,0,0,0,0,0.0000,0.0000,-8.0000,0,2.0000,-4.0000,0.0000,0,0,168.6909,2.9526,2.5341,3.3230,3.6416,78.4419,1,1.1661,-7.6296
26.7177,15.3853,1,0,0,0,1.1675,1.3292,-7.6302,0.0000,-8.0000,NaN,NaN,0,0,0,0,0.0000,0.0000,-8.0000,0,2.0000,-4.0000,0.0000,0,0,168.6910,2.8859,2.4673,3.2562,3.5748,78.3820,1,1.1675,-7.6302
26.7843,15.4520,1,0,0,0,1.1690,1.3312,-7.6308,0.0000,-8.0000,NaN,NaN,0,0,0,0,0.0000,0.0000,-8.0000,0,2.0000,-4.0000,0.0000,0,0,168.6912,2.8192,2.4007,3.1896,3.5082,78.3220,1,1.1690,-7.6308
26.8510,15.5186,1,0,0,0,1.1708,1.3318,-7.6314,0.0000,-8.0000,NaN,NaN,0,0,0,0,0.0000,0.0000,-8.0000,0,2.0000,-4.0000,0.0000,0,0,168.6913,2.7526,2.3340,3.1229,3.4415,78.2420,1,1.1708,-7.6314
26.9177,15.5853,1,0,0,0,1.1727,1.3309,-7.6321,0.0000,-8.0000,NaN,NaN,0,0,0,0,0.0000,0.0000,-8.0000,0,2.0000,-4.0000,0.0000,0,0,168.6913,2.6859,2.2673,3.0562,3.3748,78.1820,1,1.1727,-7.6321
26.9847,15.6523,1,0,0,0,1.1747,1.3283,-7.6328,0.0000,-8.0000,NaN,NaN,0,0,0,0,0.0000,0.0000,-8.0000,0,2.0000,-4.0000,0.0000,0,0,168.6913,2.6189,2.2003,2.9893,3.3078,78.1220,1,1.1747,-7.6328
27.0514,15.7191,1,0,0,0,1.1769,1.3245,-7.6335,0.0000,-8.0000,NaN,NaN,0,0,0,0,0.0000,0.0000,-8.0000,0,2.0000,-4.0000,0.0000,0,0,168.6913,2.5521,2.1336,2.9225,3.2410,78.0420,1,1.1769,-7.6335
27.1181,15.7857,1,0,0,0,1.1792,1.3195,-7.6342,0.0000,-8.0000,NaN,NaN,0,0,0,0,0.0000,0.0000,-8.0000,0,2.0000,-4.0000,0.0000,0,0,168.6911,2.4854,2.0669,2.8558,3.1744,77.9820,1,1.1792,-7.6342
27.1848,15.8524,1,0,0,0,1.1815,1.3132,-7.6350,0.0000,-8.0000,NaN,NaN,0,0,0,0,0.0000,0.0000,-8.0000,0,2.0000,-4.0000,0.0000,0,0,168.6910,2.4188,2.0002,2.7891,3.1077,77.9220,1,1.1815,-7.6350
27.2515,15.9191,1,0,0,0,1.1839,1.3062,-7.6357,0.0000,-8.0000,NaN,NaN,0,0,0,0,0.0000,0.0000,-8.0000,0,2.0000,-4.0000,0.0000,0,0,168.6908,2.3521,1.9336,2.7225,3.0410,77.8420,1,1.1839,-7.6357
27.3017,15.9693,1,0,0,0,1.1858,1.3004,-7.6363,0.0000,-8.0000,NaN,NaN,0,0,0,0,0.0000,0.0000,-8.0000,0,2.0000,-4.0000,0.0000,0,0,168.6907,2.3017,1.8832,2.6721,2.9907,77.8021,1,1.1858,-7.6363
27.3518,16.0195,1,0,0,0,1.1877,1.2946,-7.6369,0.0000,-8.0000,NaN,NaN,0,0,0,0,0.0000,0.0000,-8.0000,0,2.0000,-4.0000,0.0000,0,0,168.6906,2.2517,1.8332,2.6221,2.9407,77.7421,1,1.1877,-7.6369
27.4019,16.0695,1,0,0,0,1.1896,1.2884,-7.6375,0.0000,-8.0000,NaN,NaN,0,0,0,0,0.0000,0.0000,-8.0000,0,2.0000,-4.0000,0.0000,0,0,168.6904,2.2015,1.7830,2.5719,2.8905,77.7021,1,1.1896,-7.6375
27.4523,16.1200,1,0,0,0,1.1915,1.2826,-7.6381,0.0000,-8.0000,NaN,NaN,0,0,0,0,0.0000,0.0000,-8.0000,0,2.0000,-4.0000,0.0000,0,0,168.6903,2.1512,1.7327,2.5216,2.8402,77.6421,1,1.1915,-7.6381
27.5190,16.1866,1,0,0,0,1.1940,1.2747,-7.6390,0.0000,-8.0000,NaN,NaN,0,0,0,0,0.0000,0.0000,-8.0000,0,2.0000,-4.0000,0.0000,0,0,168.6901,2.0845,1.6660,2.4549,2.7735,77.5821,1,1.1940,-7.6390
27.5857,16.2534,1,0,0,0,1.1965,1.2672,-7.6398,0.0000,-8.0000,NaN,NaN,0,0,0,0,0.0000,0.0000,-8.0000,0,2.0000,-4.0000,0.0000,0,0,168.6900,2.0178,1.5993,2.3882,2.7068,77.5021,1,1.1965,-7.6398
27.6360,16.3036,1,0,0,0,1.1983,1.2623,-7.6404,0.0000,-8.0000,NaN,NaN,0,0,0,0,0.0000,0.0000,-8.0000,0,2.0000,-4.0000,0.0000,0,0,168.6899,1.9674,1.5488,2.3377,2.6563,77.4621,1,1.1983,-7.6404
27.6862,16.3538,1,0,0,0,1.2001,1.2572,-7.6411,0.0000,-8.0000,NaN,NaN,0,0,0,0,0.0000,0.0000,-8.0000,0,2.0000,-4.0000,0.0000,0,0,168.6898,1.9174,1.4988,2.2877,2.6063,77.4021,1,1.2001,-7.6411
27.7363,16.4040,1,0,0,0,1.2018,1.2530,-7.6417,0.0000,-8.0000,NaN,NaN,0,0,0,0,0.0000,0.0000,-8.0000,0,2.0000,-4.0000,0.0000,0,0,168.6898,1.8671,1.4485,2.2374,2.5560,77.3621,1,1.2018,-7.6417
27.7865,16.4541,1,0,0,0,1.2035,1.2497,-7.6423,0.0000,-8.0000,NaN,NaN,0,0,0,0,0.0000,0.0000,-8.0000,0,2.0000,-4.0000,0.0000,0,0,168.6898,1.8171,1.3985,2.1874,2.5060,77.3021,1,1.2035,-7.6423
27.8365,16.5041,1,0,0,0,1.2051,1.2475,-7.6430,0.0000,-8.0000,NaN,NaN,0,0,0,0,0.0000,0.0000,-8.0000,0,2.0000,-4.0000,0.0000,0,0,168.6899,1.7669,1.3483,2.1372,2.4558,77.2621,1,1.2051,-7.6430
27.8873,16.5549,1,0,0,0,1.2067,1.2458,-7.6436,0.0000,-8.0000,NaN,NaN,0,0,0,0,0.0000,0.0000,-8.0000,0,2.0000,-4.0000,0.0000,0,0,168.6900,1.7163,1.2977,2.0867,2.4052,77.2022,1,1.2067,-7.6436
27.9540,16.6217,1,0,0,0,1.2086,1.2451,-7.6445,0.0000,-8.0000,NaN,NaN,0,0,0,0,0.0000,0.0000,-8.0000,0,2.0000,-4.0000,0.0000,0,0,168.6901,1.6495,1.2310,2.0199,2.3385,77.1422,1,1.2086,-7.6445
28.0207,16.6883,1,0,0,0,1.2104,1.2457,-7.6454,0.0000,-8.0000,NaN,NaN,0,0,0,0,0.0000,0.0000,-8.0000,0,2.0000,-4.0000,0.0000,0,0,168.6902,1.5829,1.1643,1.9532,2.2718,77.0822,1,1.2104,-7.6454
28.0709,16.7385,1,0,0,0,1.2116,1.2471,-7.6460,0.0000,-8.0000,NaN,NaN,0,0,0,0,0.0000,0.0000,-8.0000,0,2.0000,-4.0000,0.0000,0,0,168.6904,1.5325,1.1140,1.9029,2.2215,77.0222,1,1.2116,-7.6460
28.1214,16.7890,1,0,0,0,1.2128,1.2493,-7.6466,0.0000,-8.0000,NaN,NaN,0,0,0,0,0.0000,0.0000,-8.0000,0,2.0000,-4.0000,0.0000,0,0,168.6905,1.4822,1.0636,1.8525,2.1711,76.9822,1,1.2128,-7.6466
28.1881,16.8557,1,0,0,0,1.2141,1.2535,-7.6475,0.0000,-8.0000,NaN,NaN,0,0,0,0,0.0000,0.0000,-8.0000,0,2.0000,-4.0000,0.0000,0,0,168.6907,1.4155,0.9969,1.7858,2.1044,76.9022,1,1.2141,-7.6475
28.2549,16.9225,1,0,0,0,1.2152,1.2590,-7.6483,0.0000,-8.0000,NaN,NaN,0,0,0,0,0.0000,0.0000,-8.0000,0,2.0000,-4.0000,0.0000,0,0,168.6909,1.3487,0.9301,1.7190,2.0376,76.8422,1,1.2152,-7.6483
28.3054,16.9730,1,0,0,0,1.2160,1.2636,-7.6489,0.0000,-8.0000,NaN,NaN,0,0,0,0,0.0000,0.0000,-8.0000,0,2.0000,-4.0000,0.0000,0,0,168.6911,1.2980,0.8795,1.6684,1.9870,76.7822,1,1.2160,-7.6489
28.3556,17.0232,1,0,0,0,1.2166,1.2691,-7.6496,0.0000,-8.0000,NaN,NaN,0,0,0,0,0.0000,0.0000,-8.0000,0,2.0000,-4.0000,0.0000,0,0,168.6912,1.2480,0.8294,1.6184,1.9369,76.7422,1,1.2166,-7.6496
28.4222,17.0899,1,0,0,0,1.2172,1.2765,-7.6503,0.0000,-8.0000,NaN,NaN,0,0,0,0,0.0000,0.0000,-8.0000,0,2.0000,-4.0000,0.0000,0,0,168.6914,1.1813,0.7628,1.5517,1.8703,76.6822,1,1.2172,-7.6503
28.4893,17.1569,1,0,0,0,1.2176,1.2845,-7.6511,0.0000,-8.0000,NaN,NaN,0,0,0,0,0.0000,0.0000,-8.0000,0,2.0000,-4.0000,0.0000,0,0,168.6915,1.1143,0.6957,1.4846,1.8032,76.6023,1,1.2176,-7.6511
28.5394,17.2070,1,0,0,0,1.2177,1.2905,-7.6517,0.0000,-8.0000,NaN,NaN,0,0,0,0,0.0000,0.0000,-8.0000,0,2.0000,-4.0000,0.0000,0,0,168.6915,1.0640,0.6454,1.4344,1.7529,76.5623,1,1.2177,-7.6517
28.5901,17.2578,1,0,0,0,1.2177,1.2966,-7.6523,0.0000,-8.0000,NaN,NaN,0,0,0,0,0.0000,0.0000,-8.0000,0,2.0000,-4.0000,0.0000,0,0,168.6915,1.0134,0.5949,1.3838,1.7024,76.5023,1,1.2177,-7.6523
28.6569,17.3246,1,0,0,0,1.2175,1.3044,-7.6530,0.0000,-8.0000,NaN,NaN,0,0,0,0,0.0000,0.0000,-8.0000,0,2.0000,-4.0000,0.0000,0,0,168.6915,0.9466,0.5281,1.3170,1.6356,76.4423,1,1.2175,-7.6530
28.7071,17.3748,1,0,0,0,1.2172,1.3098,-7.6535,0.0000,-8.0000,NaN,NaN,0,0,0,0,0.0000,0.0000,-8.0000,0,2.0000,-4.0000,0.0000,0,0,168.6915,0.8963,0.4777,1.2666,1.5852,76.3823,1,1.2172,-7.6535
28.7576,17.4252,1,0,0,0,1.2168,1.3150,-7.6540,0.0000,-8.0000,NaN,NaN,0,0,0,0,0.0000,0.0000,-8.0000,0,2.0000,-4.0000,0.0000,0,0,168.6914,0.8460,0.4274,1.2163,1.5349,76.3423,1,1.2168,-7.6540
28.8243,17.4920,1,0,0,0,1.2161,1.3207,-7.6546,0.0000,-8.0000,NaN,NaN,0,0,0,0,0.0000,0.0000,-8.0000,0,2.0000,-4.0000,0.0000,0,0,168.6912,0.7792,0.3607,1.1496,1.4682,76.2823,1,1.2161,-7.6546
28.8744,17.5421,1,0,0,0,1.2154,1.3239,-7.6550,0.0000,-8.0000,NaN,NaN,0,0,0,0,0.0000,0.0000,-8.0000,0,2.0000,-4.0000,0.0000,0,0,168.6911,0.7290,0.3104,1.0993,1.4179,76.2223,1,1.2154,-7.6550
28.9246,17.5922,1,0,0,0,1.2146,1.3264,-7.6555,0.0000,-8.0000,NaN,NaN,0,0,0,0,0.0000,0.0000,-8.0000,0,2.0000,-4.0000,0.0000,0,0,168.6910,0.6790,0.2604,1.0493,1.3679,76.1823,1,1.2146,-7.6555
28.9913,17.6589,1,0,0,0,1.2134,1.3296,-7.6560,0.0000,-8.0000,NaN,NaN,0,0,0,0,0.0000,0.0000,-8.0000,0,2.0000,-4.0000,0.0000,0,0,168.6908,0.6123,0.1937,0.9827,1.3012,76.1023,1,1.2134,-7.6560
29.0581,17.7257,1,0,0,0,1.2119,1.3311,-7.6564,0.0000,-8.0000,NaN,NaN,0,0,0,0,0.0000,0.0000,-8.0000,0,2.0000,-4.0000,0.0000,0,0,168.6906,0.5455,0.1269,0.9158,1.2344,76.0423,1,1.2119,-7.6564
29.1086,17.7763,1,0,0,0,1.2107,1.3315,-7.6568,0.0000,-8.0000,NaN,NaN,0,0,0,0,0.0000,0.0000,-8.0000,0,2.0000,-4.0000,0.0000,0,0,168.6905,0.4948,0.0762,0.8651,1.1837,75.9824,1,1.2107,-7.6568
29.1594,17.8270,1,0,0,0,1.2094,1.3304,-7.6571,0.0000,-8.0000,NaN,NaN,0,0,0,0,0.0000,0.0000,-8.0000,0,2.0000,-4.0000,0.0000,0,0,168.6903,0.4441,0.0256,0.8145,1.1331,75.9424,1,1.2094,-7.6571
29.2100,17.8776,1,0,0,0,1.2081,1.3291,-7.6573,0.0000,-8.0000,NaN,NaN,0,0,0,0,0.0000,0.0000,-8.0000,0,2.0000,-4.0000,0.0000,0,0,168.6902,0.3934,0.0000,0.7637,1.0823,75.8824,1,1.2081,-7.6573
29.2608,17.9285,1,0,0,0,1.2066,1.3271,-7.6575,0.0000,-8.0000,NaN,NaN,0,0,0,0,0.0000,0.0000,-8.0000,0,2.0000,-4.0000,0.0000,0,0,168.6901,0.3427,0.0000,0.7131,1.0317,75.8424,1,1.2066,-7.6575
29.3110,17.9786,1,0,0,0,1.2051,1.3240,-7.6577,0.0000,-8.0000,NaN,NaN,0,0,0,0,0.0000,0.0000,-8.0000,0,2.0000,-4.0000,0.0000,0,0,168.6900,0.2924,0.0000,0.6628,0.9813,75.7824,1,1.2051,-7.6577
29.3615,18.0291,1,0,0,0,1.2035,1.3200,-7.6579,0.0000,-8.0000,NaN,NaN,0,0,0,0,0.0000,0.0000,-8.0000,0,2.0000,-4.0000,0.0000,0,0,168.6900,0.2420,0.0000,0.6124,0.9310,75.7424,1,1.2035,-7.6579
29.4283,18.0959,1,0,0,0,1.2013,1.3139,-7.6580,0.0000,-8.0000,NaN,NaN,0,0,0,0,0.0000,0.0000,-8.0000,0,2.0000,-4.0000,0.0000,0,0,168.6900,0.1753,0.0000,0.5456,0.8642,75.6624,1,1.2013,-7.6580
29.4949,18.1626,1,0,0,0,1.1991,1.3066,-7.6581,0.0000,-8.0000,NaN,NaN,0,0,0,0,0.0000,0.0000,-8.0000,0,2.0000,-4.0000,0.0000,0,0,168.6900,0.1086,0.0000,0.4790,0.7976,75.6024,1,1.1991,-7.6581
29.5617,18.2294,1,0,0,0,1.1967,1.2986,-7.6581,0.0000,-8.0000,NaN,NaN,0,0,0,0,0.0000,0.0000,-8.0000,0,2.0000,-4.0000,0.0000,0,0,168.6901,0.0418,0.0000,0.4122,0.7308,75.5424,1,1.1967,-7.6581
29.6284,18.2960,1,0,0,0,1.1944,1.2907,-7.6580,0.0000,-8.0000,NaN,NaN,0,0,0,0,0.0000,0.0000,-8.0000,0,2.0000,-4.0000,0.0000,0,0,168.6903,0.0000,0.0000,0.3455,0.6641,75.4624,1,1.1944,-7.6580
29.6954,18.3630,1,0,0,0,1.1920,1.2826,-7.6579,0.0000,-8.0000,NaN,NaN,0,0,0,0,0.0000,0.0000,-8.0000,0,2.0000,-4.0000,0.0000,0,0,168.6904,0.0000,0.0000,0.2785,0.5971,75.4025,1,1.1920,-7.6579
29.7454,18.4131,1,0,0,0,1.1902,1.2764,-7.6577,0.0000,-8.0000,NaN,NaN,0,0,0,0,0.0000,0.0000,-8.0000,0,2.0000,-4.0000,0.0000,0,0,168.6906,0.0000,0.0000,0.2283,0.5469,75.3425,1,1.1902,-7.6577
29.7957,18.4634,1,0,0,0,1.1884,1.2707,-7.6575,0.0000,-8.0000,NaN,NaN,0,0,0,0,0.0000,0.0000,-8.0000,0,2.0000,-4.0000,0.0000,0,0,168.6907,0.0000,0.0000,0.1782,0.4967,75.3025,1,1.1884,-7.6575
29.8624,18.5300,1,0,0,0,1.1860,1.2636,-7.6572,0.0000,-8.0000,NaN,NaN,0,0,0,0,0.0000,0.0000,-8.0000,0,2.0000,-4.0000,0.0000,0,0,168.6909,0.0000,0.0000,0.1115,0.4301,75.2425,1,1.1860,-7.6572
29.9126,18.5803,1,0,0,0,1.1843,1.2590,-7.6569,0.0000,-8.0000,NaN,NaN,0,0,0,0,0.0000,0.0000,-8.0000,0,2.0000,-4.0000,0.0000,0,0,168.6911,0.0000,0.0000,0.0611,0.3797,75.1825,1,1.1843,-7.6569
29.9633,18.6309,1,0,0,0,1.1826,1.2547,-7.6565,0.0000,-8.0000,NaN,NaN,0,0,0,0,0.0000,0.0000,-8.0000,0,2.0000,-4.0000,0.0000,0,0,168.6912,0.0000,0.0000,0.0106,0.3292,75.1425,1,1.1826,-7.6565
30.0300,18.6977,1,0,0,0,1.1804,1.2507,-7.6560,0.0000,-8.0000,NaN,NaN,0,0,0,0,0.0000,0.0000,-8.0000,0,2.0000,-4.0000,0.0000,0,0,168.6914,0.0000,0.0000,0.0000,0.2624,75.0625,1,1.1804,-7.6560
30.0803,18.7479,1,0,0,0,1.1788,1.2480,-7.6556,0.0000,-8.0000,NaN,NaN,0,0,0,0,0.0000,0.0000,-8.0000,0,2.0000,-4.0000,0.0000,0,0,168.6915,0.0000,0.0000,0.0000,0.2120,75.0225,1,1.1788,-7.6556
30.1310,18.7986,1,0,0,0,1.1773,1.2465,-7.6551,0.0000,-8.0000,NaN,NaN,0,0,0,0,0.0000,0.0000,-8.0000,0,2.0000,-4.0000,0.0000,0,0,168.6916,0.0000,0.0000,0.0000,0.1615,74.9625,1,1.1773,-7.6551
30.1817,18.8493,1,0,0,0,1.1758,1.2453,-7.6545,0.0000,-8.0000,NaN,NaN,0,0,0,0,0.0000,0.0000,-8.0000,0,2.0000,-4.0000,0.0000,0,0,168.6916,0.0000,0.0000,0.0000,0.1106,74.9225,1,1.1758,-7.6545
30.2323,18.8999,1,0,0,0,1.1744,1.2453,-7.6539,0.0000,-8.0000,NaN,NaN,0,0,0,0,0.0000,0.0000,-8.0000,0,2.0000,-4.0000,0.0000,0,0,168.6917,0.0000,0.0000,0.0000,0.0602,74.8625,1,1.1744,-7.6539
30.2823,18.9500,1,0,0,0,1.1732,1.2452,-7.6533,0.0000,-8.0000,NaN,NaN,0,0,0,0,0.0000,0.0000,-8.0000,0,2.0000,-4.0000,0.0000,0,0,168.6916,0.0000,0.0000,0.0000,0.0100,74.8226,1,1.1732,-7.6533
30.3327,19.0003,1,0,0,0,1.1720,1.2464,-7.6527,0.0000,-8.0000,NaN,NaN,0,0,0,0,0.0000,0.0000,-8.0000,0,2.0000,-4.0000,0.0000,0,0,168.6916,0.0000,0.0000,0.0000,0.0000,74.7626,1,1.1720,-7.6527
30.3827,19.0504,1,0,0,0,1.1708,1.2480,-7.6520,0.0000,-8.0000,NaN,NaN,0,0,0,0,0.0000,0.0000,-8.0000,0,2.0000,-4.0000,0.0000,0,0,168.6915,0.0000,0.0000,0.0000,0.0000,74.7226,1,1.1708,-7.6520
30.4331,19.1007,1,0,0,0,1.1698,1.2511,-7.6512,0.0000,-8.0000,NaN,NaN,0,0,0,0,0.0000,0.0000,-8.0000,0,2.0000,-4.0000,0.0000,0,0,168.6915,0.0000,0.0000,0.0000,0.0000,74.6626,1,1.1698,-7.6512
30.4998,19.1674,1,0,0,0,1.1687,1.2556,-7.6502,0.0000,-8.0000,NaN,NaN,0,0,0,0,0.0000,0.0000,-8.0000,0,2.0000,-4.0000,0.0000,0,0,168.6913,0.0000,0.0000,0.0000,0.0000,74.6026,1,1.1687,-7.6502
30.5670,19.2346,1,0,0,0,1.1677,1.2612,-7.6491,0.0000,-8.0000,NaN,NaN,0,0,0,0,0.0000,0.0000,-8.0000,0,2.0000,-4.0000,0.0000,0,0,168.6911,0.0000,0.0000,0.0000,0.0000,74.5226,1,1.1677,-7.6491
30.6170,19.2847,1,0,0,0,1.1671,1.2663,-7.6482,0.0000,-8.0000,NaN,NaN,0,0,0,0,0.0000,0.0000,-8.0000,0,2.0000,-4.0000,0.0000,0,0,168.6910,0.0000,0.0000,0.0000,0.0000,74.4826,1,1.1671,-7.6482
30.6672,19.3348,1,0,0,0,1.1666,1.2728,-7.6473,0.0000,-8.0000,NaN,NaN,0,0,0,0,0.0000,0.0000,-8.0000,0,2.0000,-4.0000,0.0000,0,0,168.6908,0.0000,0.0000,0.0000,0.0000,74.4226,1,1.1666,-7.6473
30.7173,19.3849,1,0,0,0,1.1662,1.2796,-7.6464,0.0000,-8.0000,NaN,NaN,0,0,0,0,0.0000,0.0000,-8.0000,0,2.0000,-4.0000,0.0000,0,0,168.6907,0.0000,0.0000,0.0000,0.0000,74.3826,1,1.1662,-7.6464
30.7676,19.4352,1,0,0,0,1.1660,1.2866,-7.6455,0.0000,-8.0000,NaN,NaN,0,0,0,0,0.0000,0.0000,-8.0000,0,2.0000,-4.0000,0.0000,0,0,168.6905,0.0000,0.0000,0.0000,0.0000,74.3226,1,1.1660,-7.6455
30.8179,19.4855,1,0,0,0,1.1658,1.2932,-7.6445,0.0000,-8.0000,NaN,NaN,0,0,0,0,0.0000,0.0000,-8.0000,0,2.0000,-4.0000,0.0000,0,0,168.6904,0.0000,0.0000,0.0000,0.0000,74.2826,1,1.1658,-7.6445
30.8680,19.5357,1,0,0,0,1.1658,1.2991,-7.6435,0.0000,-8.0000,NaN,NaN,0,0,0,0,0.0000,0.0000,-8.0000,0,2.0000,-4.0000,0.0000,0,0,168.6903,0.0000,0.0000,0.0000,0.0000,74.2227,1,1.1658,-7.6435
30.9348,19.6025,1,0,0,0,1.1660,1.3044,-7.6422,0.0000,-8.0000,NaN,NaN,0,0,0,0,0.0000,0.0000,-8.0000,0,2.0000,-4.0000,0.0000,0,0,168.6902,0.0000,0.0000,0.0000,0.0000,74.1627,1,1.1660,-7.6422
30.9849,19.6525,1,0,0,0,1.1662,1.3091,-7.6411,0.0000,-8.0000,NaN,NaN,0,0,0,0,0.0000,0.0000,-8.0000,0,2.0000,-4.0000,0.0000,0,0,168.6901,0.0000,0.0000,0.0000,0.0000,74.1227,1,1.1662,-7.6411
31.0350,19.7027,1,0,0,0,1.1666,1.3148,-7.6401,0.0000,-8.0000,NaN,NaN,0,0,0,0,0.0000,0.0000,-8.0000,0,2.0000,-4.0000,0.0000,0,0,168.6901,0.0000,0.0000,0.0000,0.0000,74.0627,1,1.1666,-7.6401
31.1019,19.7696,1,0,0,0,1.1673,1.3213,-7.6387,0.0000,-8.0000,NaN,NaN,0,0,0,0,0.0000,0.0000,-8.0000,0,2.0000,-4.0000,0.0000,0,0,168.6901,0.0000,0.0000,0.0000,0.0000,74.0027,1,1.1673,-7.6387
31.1524,19.8200,1,0,0,0,1.1679,1.3255,-7.6376,0.0000,-8.0000,NaN,NaN,0,0,0,0,0.0000,0.0000,-8.0000,0,2.0000,-4.0000,0.0000,0,0,168.6901,0.0000,0.0000,0.0000,0.0000,73.9427,1,1.1679,-7.6376
31.2030,19.8706,1,0,0,0,1.1687,1.3282,-7.6365,0.0000,-8.0000,NaN,NaN,0,0,0,0,0.0000,0.0000,-8.0000,0,2.0000,-4.0000,0.0000,0,0,168.6902,0.0000,0.0000,0.0000,0.0000,73.9027,1,1.1687,-7.6365
31.2697,19.9373,1,0,0,0,1.1698,1.3307,-7.6351,0.0000,-8.0000,NaN,NaN,0,0,0,0,0.0000,0.0000,-8.0000,0,2.0000,-4.0000,0.0000,0,0,168.6903,0.0000,0.0000,0.0000,0.0000,73.8227,1,1.1698,-7.6351
31.3365,20.0041,1,0,0,0,1.1712,1.3310,-7.6337,0.0000,-8.0000,NaN,NaN,0,0,0,0,0.0000,0.0000,-8.0000,0,2.0000,-4.0000,0.0000,0,0,168.6905,0.0000,0.0000,0.0000,0.0000,73.7627,1,1.1712,-7.6337
31.4036,20.0712,1,0,0,0,1.1726,1.3293,-7.6323,0.0000,-8.0000,NaN,NaN,0,0,0,0,0.0000,0.0000,-8.0000,0,2.0000,-4.0000,0.0000,0,0,168.6907,0.0000,0.0000,0.0000,0.0000,73.7027,1,1.1726,-7.6323
31.4705,20.1381,1,0,0,0,1.1743,1.3266,-7.6309,0.0000,-8.0000,NaN,NaN,0,0,0,0,0.0000,0.0000,-8.0000,0,2.0000,-4.0000,0.0000,0,0,168.6909,0.0000,0.0000,0.0000,0.0000,73.6228,1,1.1743,-7.6309
31.5374,20.2050,1,0,0,0,1.1760,1.3229,-7.6296,0.0000,-8.0000,NaN,NaN,0,0,0,0,0.0000,0.0000,-8.0000,0,2.0000,-4.0000,0.0000,0,0,168.6911,0.0000,0.0000,0.0000,0.0000,73.5628,1,1.1760,-7.6296
31.6041,20.2717,1,0,0,0,1.1779,1.3183,-7.6282,0.0000,-8.0000,NaN,NaN,0,0,0,0,0.0000,0.0000,-8.0000,0,2.0000,-4.0000,0.0000,0,0,168.6913,0.0000,0.0000,0.0000,0.0000,73.5028,1,1.1779,-7.6282
31.6550,20.3226,1,0,0,0,1.1794,1.3142,-7.6273,0.0000,-8.0000,NaN,NaN,0,0,0,0,0.0000,0.0000,-8.0000,0,2.0000,-4.0000,0.0000,0,0,168.6914,0.0000,0.0000,0.0000,0.0000,73.4428,1,1.1794,-7.6273
31.7061,20.3737,1,0,0,0,1.1809,1.3091,-7.6263,0.0000,-8.0000,NaN,NaN,0,0,0,0,0.0000,0.0000,-8.0000,0,2.0000,-4.0000,0.0000,0,0,168.6915,0.0000,0.0000,0.0000,0.0000,73.3828,1,1.1809,-7.6263
31.7562,20.4239,1,0,0,0,1.1825,1.3038,-7.6254,0.0000,-8.0000,NaN,NaN,0,0,0,0,0.0000,0.0000,-8.0000,0,2.0000,-4.0000,0.0000,0,0,168.6916,0.0000,0.0000,0.0000,0.0000,73.3428,1,1.1825,-7.6254
31.8072,20.4748,1,0,0,0,1.1841,1.2980,-7.6246,0.0000,-8.0000,NaN,NaN,0,0,0,0,0.0000,0.0000,-8.0000,0,2.0000,-4.0000,0.0000,0,0,168.6917,0.0000,0.0000,0.0000,0.0000,73.2828,1,1.1841,-7.6246
31.8576,20.5253,1,0,0,0,1.1857,1.2922,-7.6237,0.0000,-8.0000,NaN,NaN,0,0,0,0,0.0000,0.0000,-8.0000,0,2.0000,-4.0000,0.0000,0,0,168.6917,0.0000,0.0000,0.0000,0.0000,73.2428,1,1.1857,-7.6237
31.9081,20.5758,1,0,0,0,1.1873,1.2862,-7.6229,0.0000,-8.0000,NaN,NaN,0,0,0,0,0.0000,0.0000,-8.0000,0,2.0000,-4.0000,0.0000,0,0,168.6917,0.0000,0.0000,0.0000,0.0000,73.1828,1,1.1873,-7.6229
31.9748,20.6425,1,0,0,0,1.1895,1.2783,-7.6220,0.0000,-8.0000,NaN,NaN,0,0,0,0,0.0000,0.0000,-8.0000,0,2.0000,-4.0000,0.0000,0,0,168.6917,0.0000,0.0000,0.0000,0.0000,73.1228,1,1.1895,-7.6220
32.0415,20.7091,1,0,0,0,1.1916,1.2704,-7.6211,0.0000,-8.0000,NaN,NaN,0,0,0,0,0.0000,0.0000,-8.0000,0,2.0000,-4.0000,0.0000,0,0,168.6916,0.0000,0.0000,0.0000,0.0000,73.0628,1,1.1916,-7.6211
32.1082,20.7758,1,0,0,0,1.1937,1.2635,-7.6203,0.0000,-8.0000,NaN,NaN,0,0,0,0,0.0000,0.0000,-8.0000,0,2.0000,-4.0000,0.0000,0,0,168.6914,0.0000,0.0000,0.0000,0.0000,72.9829,1,1.1937,-7.6203
32.1749,20.8425,1,0,0,0,1.1958,1.2574,-7.6196,0.0000,-8.0000,NaN,NaN,0,0,0,0,0.0000,0.0000,-8.0000,0,2.0000,-4.0000,0.0000,0,0,168.6913,0.0000,0.0000,0.0000,0.0000,72.9229,1,1.1958,-7.6196
32.2415,20.9091,1,0,0,0,1.1978,1.2521,-7.6189,0.0000,-8.0000,NaN,NaN,0,0,0,0,0.0000,0.0000,-8.0000,0,2.0000,-4.0000,0.0000,0,0,168.6911,0.0000,0.0000,0.0000,0.0000,72.8629,1,1.1978,-7.6189
32.3086,20.9762,1,0,0,0,1.1997,1.2484,-7.6184,0.0000,-8.0000,NaN,NaN,0,0,0,0,0.0000,0.0000,-8.0000,0,2.0000,-4.0000,0.0000,0,0,168.6909,0.0000,0.0000,0.0000,0.0000,72.7829,1,1.1997,-7.6184
32.3589,21.0266,1,0,0,0,1.2011,1.2464,-7.6181,0.0000,-8.0000,NaN,NaN,0,0,0,0,0.0000,0.0000,-8.0000,0,2.0000,-4.0000,0.0000,0,0,168.6907,0.0000,0.0000,0.0000,0.0000,72.7429,1,1.2011,-7.6181
32.4091,21.0767,1,0,0,0,1.2024,1.2453,-7.6179,0.0000,-8.0000,NaN,NaN,0,0,0,0,0.0000,0.0000,-8.0000,0,2.0000,-4.0000,0.0000,0,0,168.6906,0.0000,0.0000,0.0000,0.0000,72.6829,1,1.2024,-7.6179
32.4758,21.1434,1,0,0,0,1.2041,1.2451,-7.6176,0.0000,-8.0000,NaN,NaN,0,0,0,0,0.0000,0.0000,-8.0000,0,2.0000,-4.0000,0.0000,0,0,168.6904,0.0000,0.0000,0.0000,0.0000,72.6229,1,1.2041,-7.6176
32.5424,21.2101,1,0,0,0,1.2056,1.2464,-7.6175,0.0000,-8.0000,NaN,NaN,0,0,0,0,0.0000,0.0000,-8.0000,0,2.0000,-4.0000,0.0000,0,0,168.6903,0.0000,0.0000,0.0000,0.0000,72.5629,1,1.2056,-7.6175
32.5926,21.2602,1,0,0,0,1.2066,1.2485,-7.6175,0.0000,-8.0000,NaN,NaN,0,0,0,0,0.0000,0.0000,-8.0000,0,2.0000,-4.0000,0.0000,0,0,168.6902,0.0000,0.0000,0.0000,0.0000,72.5029,1,1.2066,-7.6175
32.6427,21.3104,1,0,0,0,1.2076,1.2512,-7.6175,0.0000,-8.0000,NaN,NaN,0,0,0,0,0.0000,0.0000,-8.0000,0,2.0000,-4.0000,0.0000,0,0,168.6901,0.0000,0.0000,0.0000,0.0000,72.4629,1,1.2076,-7.6175
32.7094,21.3770,1,0,0,0,1.2087,1.2561,-7.6177,0.0000,-8.0000,NaN,NaN,0,0,0,0,0.0000,0.0000,-8.0000,0,2.0000,-4.0000,0.0000,0,0,168.6901,0.0000,0.0000,0.0000,0.0000,72.3830,1,1.2087,-7.6177
32.7761,21.4437,1,0,0,0,1.2096,1.2620,-7.6180,0.0000,-8.0000,NaN,NaN,0,0,0,0,0.0000,0.0000,-8.0000,0,2.0000,-4.0000,0.0000,0,0,168.6901,0.0000,0.0000,0.0000,0.0000,72.3230,1,1.2096,-7.6180
32.8427,21.5104,1,0,0,0,1.2103,1.2687,-7.6184,0.0000,-8.0000,NaN,NaN,0,0,0,0,0.0000,0.0000,-8.0000,0,2.0000,-4.0000,0.0000,0,0,168.6902,0.0000,0.0000,0.0000,0.0000,72.2630,1,1.2103,-7.6184
32.8927,21.5604,1,0,0,0,1.2108,1.2745,-7.6188,0.0000,-8.0000,NaN,NaN,0,0,0,0,0.0000,0.0000,-8.0000,0,2.0000,-4.0000,0.0000,0,0,168.6902,0.0000,0.0000,0.0000,0.0000,72.2030,1,1.2108,-7.6188
32.9432,21.6109,1,0,0,0,1.2111,1.2802,-7.6192,0.0000,-8.0000,NaN,NaN,0,0,0,0,0.0000,0.0000,-8.0000,0,2.0000,-4.0000,0.0000,0,0,168.6904,0.0000,0.0000,0.0000,0.0000,72.1630,1,1.2111,-7.6192
33.0100,21.6776,1,0,0,0,1.2113,1.2884,-7.6199,0.0000,-8.0000,NaN,NaN,0,0,0,0,0.0000,0.0000,-8.0000,0,2.0000,-4.0000,0.0000,0,0,168.6905,0.0000,0.0000,0.0000,0.0000,72.0830,1,1.2113,-7.6199
33.0768,21.7444,1,0,0,0,1.2114,1.2965,-7.6207,0.0000,-8.0000,NaN,NaN,0,0,0,0,0.0000,0.0000,-8.0000,0,2.0000,-4.0000,0.0000,0,0,168.6907,0.0000,0.0000,0.0000,0.0000,72.0230,1,1.2114,-7.6207
33.1270,21.7946,1,0,0,0,1.2113,1.3023,-7.6214,0.0000,-8.0000,NaN,NaN,0,0,0,0,0.0000,0.0000,-8.0000,0,2.0000,-4.0000,0.0000,0,0,168.6909,0.0000,0.0000,0.0000,0.0000,71.9630,1,1.2113,-7.6214
33.1774,21.8450,1,0,0,0,1.2111,1.3080,-7.6221,0.0000,-8.0000,NaN,NaN,0,0,0,0,0.0000,0.0000,-8.0000,0,2.0000,-4.0000,0.0000,0,0,168.6910,0.0000,0.0000,0.0000,0.0000,71.9230,1,1.2111,-7.6221
33.2441,21.9117,1,0,0,0,1.2107,1.3147,-7.6232,0.0000,-8.0000,NaN,NaN,0,0,0,0,0.0000,0.0000,-8.0000,0,2.0000,-4.0000,0.0000,0,0,168.6912,0.0000,0.0000,0.0000,0.0000,71.8630,1,1.2107,-7.6232
33.2941,21.9617,1,0,0,0,1.2102,1.3195,-7.6240,0.0000,-8.0000,NaN,NaN,0,0,0,0,0.0000,0.0000,-8.0000,0,2.0000,-4.0000,0.0000,0,0,168.6913,0.0000,0.0000,0.0000,0.0000,71.8031,1,1.2102,-7.6240
33.3444,22.0120,1,0,0,0,1.2097,1.3233,-7.6250,0.0000,-8.0000,NaN,NaN,0,0,0,0,0.0000,0.0000,-8.0000,0,2.0000,-4.0000,0.0000,0,0,168.6914,0.0000,0.0000,0.0000,0.0000,71.7631,1,1.2097,-7.6250
33.3945,22.0622,1,0,0,0,1.2090,1.3267,-7.6259,0.0000,-8.0000,NaN,NaN,0,0,0,0,0.0000,0.0000,-8.0000,0,2.0000,-4.0000,0.0000,0,0,168.6915,0.0000,0.0000,0.0000,0.0000,71.7031,1,1.2090,-7.6259
33.4450,22.1127,1,0,0,0,1.2083,1.3290,-7.6269,0.0000,-8.0000,NaN,NaN,0,0,0,0,0.0000,0.0000,-8.0000,0,2.0000,-4.0000,0.0000,0,0,168.6916,0.0000,0.0000,0.0000,0.0000,71.6631,1,1.2083,-7.6269
33.4955,22.1631,1,0,0,0,1.2074,1.3309,-7.6280,0.0000,-8.0000,NaN,NaN,0,0,0,0,0.0000,0.0000,-8.0000,0,2.0000,-4.0000,0.0000,0,0,168.6916,0.0000,0.0000,0.0000,0.0000,71.6031,1,1.2074,-7.6280
33.5456,22.2133,1,0,0,0,1.2065,1.3315,-7.6291,0.0000,-8.0000,NaN,NaN,0,0,0,0,0.0000,0.0000,-8.0000,0,2.0000,-4.0000,0.0000,0,0,168.6917,0.0000,0.0000,0.0000,0.0000,71.5431,1,1.2065,-7.6291
33.6123,22.2799,1,0,0,0,1.2051,1.3315,-7.6306,0.0000,-8.0000,NaN,NaN,0,0,0,0,0.0000,0.0000,-8.0000,0,2.0000,-4.0000,0.0000,0,0,168.6916,0.0000,0.0000,0.0000,0.0000,71.4831,1,1.2051,-7.6306
33.6790,22.3466,1,0,0,0,1.2036,1.3298,-7.6321,0.0000,-8.0000,NaN,NaN,0,0,0,0,0.0000,0.0000,-8.0000,0,2.0000,-4.0000,0.0000,0,0,168.6915,0.0000,0.0000,0.0000,0.0000,71.4231,1,1.2036,-7.6321
33.7457,22.4133,1,0,0,0,1.2019,1.3267,-7.6337,0.0000,-8.0000,NaN,NaN,0,0,0,0,0.0000,0.0000,-8.0000,0,2.0000,-4.0000,0.0000,0,0,168.6914,0.0000,0.0000,0.0000,0.0000,71.3431,1,1.2019,-7.6337
33.8123,22.4800,1,0,0,0,1.2002,1.3225,-7.6354,0.0000,-8.0000,NaN,NaN,0,0,0,0,0.0000,0.0000,-8.0000,0,2.0000,-4.0000,0.0000,0,0,168.6913,0.0000,0.0000,0.0000,0.0000,71.2831,1,1.2002,-7.6354
33.8791,22.5467,1,0,0,0,1.1984,1.3168,-7.6371,0.0000,-8.0000,NaN,NaN,0,0,0,0,0.0000,0.0000,-8.0000,0,2.0000,-4.0000,0.0000,0,0,168.6911,0.0000,0.0000,0.0000,0.0000,71.2232,1,1.1984,-7.6371
33.9291,22.5968,1,0,0,0,1.1970,1.3120,-7.6383,0.0000,-8.0000,NaN,NaN,0,0,0,0,0.0000,0.0000,-8.0000,0,2.0000,-4.0000,0.0000,0,0,168.6909,0.0000,0.0000,0.0000,0.0000,71.1632,1,1.1970,-7.6383
33.9793,22.6469,1,0,0,0,1.1955,1.3066,-7.6396,0.0000,-8.0000,NaN,NaN,0,0,0,0,0.0000,0.0000,-8.0000,0,2.0000,-4.0000,0.0000,0,0,168.6908,0.0000,0.0000,0.0000,0.0000,71.1232,1,1.1955,-7.6396
34.0460,22.7136,1,0,0,0,1.1935,1.2990,-7.6414,0.0000,-8.0000,NaN,NaN,0,0,0,0,0.0000,0.0000,-8.0000,0,2.0000,-4.0000,0.0000,0,0,168.6906,0.0000,0.0000,0.0000,0.0000,71.0432,1,1.1935,-7.6414
34.1126,22.7803,1,0,0,0,1.1915,1.2911,-7.6431,0.0000,-8.0000,NaN,NaN,0,0,0,0,0.0000,0.0000,-8.0000,0,2.0000,-4.0000,0.0000,0,0,168.6904,0.0000,0.0000,0.0000,0.0000,70.9832,1,1.1915,-7.6431
34.1793,22.8469,1,0,0,0,1.1895,1.2830,-7.6448,0.0000,-8.0000,NaN,NaN,0,0,0,0,0.0000,0.0000,-8.0000,0,2.0000,-4.0000,0.0000,0,0,168.6902,0.0000,0.0000,0.0000,0.0000,70.9232,1,1.1895,-7.6448
34.2460,22.9136,1,0,0,0,1.1875,1.2751,-7.6465,0.0000,-8.0000,NaN,NaN,0,0,0,0,0.0000,0.0000,-8.0000,0,2.0000,-4.0000,0.0000,0,0,168.6901,0.0000,0.0000,0.0000,0.0000,70.8432,1,1.1875,-7.6465
34.3126,22.9803,1,0,0,0,1.1855,1.2678,-7.6481,0.0000,-8.0000,NaN,NaN,0,0,0,0,0.0000,0.0000,-8.0000,0,2.0000,-4.0000,0.0000,0,0,168.6900,0.0000,0.0000,0.0000,0.0000,70.7832,1,1.1855,-7.6481
34.3793,23.0469,1,0,0,0,1.1836,1.2610,-7.6498,0.0000,-8.0000,NaN,NaN,0,0,0,0,0.0000,0.0000,-8.0000,0,2.0000,-4.0000,0.0000,0,0,168.6900,0.0000,0.0000,0.0000,0.0000,70.7232,1,1.1836,-7.6498
34.4297,23.0974,1,0,0,0,1.1822,1.2566,-7.6510,0.0000,-8.0000,NaN,NaN,0,0,0,0,0.0000,0.0000,-8.0000,0,2.0000,-4.0000,0.0000,0,0,168.6900,0.0000,0.0000,0.0000,0.0000,70.6633,1,1.1822,-7.6510
34.4800,23.1477,1,0,0,0,1.1808,1.2528,-7.6521,0.0000,-8.0000,NaN,NaN,0,0,0,0,0.0000,0.0000,-8.0000,0,2.0000,-4.0000,0.0000,0,0,168.6901,0.0000,0.0000,0.0000,0.0000,70.6233,1,1.1808,-7.6521
34.5301,23.1978,1,0,0,0,1.1795,1.2497,-7.6533,0.0000,-8.0000,NaN,NaN,0,0,0,0,0.0000,0.0000,-8.0000,0,2.0000,-4.0000,0.0000,0,0,168.6901,0.0000,0.0000,0.0000,0.0000,70.5633,1,1.1795,-7.6533
34.5803,23.2479,1,0,0,0,1.1782,1.2474,-7.6544,0.0000,-8.0000,NaN,NaN,0,0,0,0,0.0000,0.0000,-8.0000,0,2.0000,-4.0000,0.0000,0,0,168.6902,0.0000,0.0000,0.0000,0.0000,70.5233,1,1.1782,-7.6544
34.6305,23.2982,1,0,0,0,1.1770,1.2459,-7.6554,0.0000,-8.0000,NaN,NaN,0,0,0,0,0.0000,0.0000,-8.0000,0,2.0000,-4.0000,0.0000,0,0,168.6903,0.0000,0.0000,0.0000,0.0000,70.4633,1,1.1770,-7.6554
34.6807,23.3483,1,0,0,0,1.1759,1.2452,-7.6564,0.0000,-8.0000,NaN,NaN,0,0,0,0,0.0000,0.0000,-8.0000,0,2.0000,-4.0000,0.0000,0,0,168.6905,0.0000,0.0000,0.0000,0.0000,70.4233,1,1.1759,-7.6564
34.7474,23.4150,1,0,0,0,1.1745,1.2456,-7.6577,0.0000,-8.0000,NaN,NaN,0,0,0,0,0.0000,0.0000,-8.0000,0,2.0000,-4.0000,0.0000,0,0,168.6906,0.0000,0.0000,0.0000,0.0000,70.3433,1,1.1745,-7.6577
34.8140,23.4817,1,0,0,0,1.1733,1.2477,-7.6589,0.0000,-8.0000,NaN,NaN,0,0,0,0,0.0000,0.0000,-8.0000,0,2.0000,-4.0000,0.0000,0,0,168.6908,0.0000,0.0000,0.0000,0.0000,70.2833,1,1.1733,-7.6589
34.8643,23.5319,1,0,0,0,1.1725,1.2499,-7.6597,0.0000,-8.0000,NaN,NaN,0,0,0,0,0.0000,0.0000,-8.0000,0,2.0000,-4.0000,0.0000,0,0,168.6910,0.0000,0.0000,0.0000,0.0000,70.2433,1,1.1725,-7.6597
34.9146,23.5822,1,0,0,0,1.1718,1.2533,-7.6605,0.0000,-8.0000,NaN,NaN,0,0,0,0,0.0000,0.0000,-8.0000,0,2.0000,-4.0000,0.0000,0,0,168.6911,0.0000,0.0000,0.0000,0.0000,70.1833,1,1.1718,-7.6605
34.9814,23.6490,1,0,0,0,1.1710,1.2584,-7.6614,0.0000,-8.0000,NaN,NaN,0,0,0,0,0.0000,0.0000,-8.0000,0,2.0000,-4.0000,0.0000,0,0,168.6913,0.0000,0.0000,0.0000,0.0000,70.1233,1,1.1710,-7.6614
35.0314,23.6991,1,0,0,0,1.1705,1.2632,-7.6620,0.0000,-8.0000,NaN,NaN,0,0,0,0,0.0000,0.0000,-8.0000,0,2.0000,-4.0000,0.0000,0,0,168.6914,0.0000,0.0000,0.0000,0.0000,70.0634,1,1.1705,-7.6620
35.0823,23.7499,1,0,0,0,1.1701,1.2681,-7.6626,0.0000,-8.0000,NaN,NaN,0,0,0,0,0.0000,0.0000,-8.0000,0,2.0000,-4.0000,0.0000,0,0,168.6915,0.0000,0.0000,0.0000,0.0000,70.0234,1,1.1701,-7.6626
35.1323,23.8000,1,0,0,0,1.1699,1.2738,-7.6631,0.0000,-8.0000,NaN,NaN,0,0,0,0,0.0000,0.0000,-8.0000,0,2.0000,-4.0000,0.0000,0,0,168.6915,0.0000,0.0000,0.0000,0.0000,69.9634,1,1.1699,-7.6631
35.1826,23.8502,1,0,0,0,1.1697,1.2795,-7.6635,0.0000,-8.0000,NaN,NaN,0,0,0,0,0.0000,0.0000,-8.0000,0,2.0000,-4.0000,0.0000,0,0,168.6915,0.0000,0.0000,0.0000,0.0000,69.9234,1,1.1697,-7.6635
35.2493,23.9169,1,0,0,0,1.1697,1.2877,-7.6640,0.0000,-8.0000,NaN,NaN,0,0,0,0,0.0000,0.0000,-8.0000,0,2.0000,-4.0000,0.0000,0,0,168.6915,0.0000,0.0000,0.0000,0.0000,69.8434,1,1.1697,-7.6640
35.3159,23.9836,1,0,0,0,1.1698,1.2958,-7.6643,0.0000,-8.0000,NaN,NaN,0,0,0,0,0.0000,0.0000,-8.0000,0,2.0000,-4.0000,0.0000,0,0,168.6914,0.0000,0.0000,0.0000,0.0000,69.7834,1,1.1698,-7.6643
35.3826,24.0502,1,0,0,0,1.1702,1.3035,-7.6645,0.0000,-8.0000,NaN,NaN,0,0,0,0,0.0000,0.0000,-8.0000,0,2.0000,-4.0000,0.0000,0,0,168.6913,0.0000,0.0000,0.0000,0.0000,69.7234,1,1.1702,-7.6645
35.4329,24.1005,1,0,0,0,1.1705,1.3092,-7.6646,0.0000,-8.0000,NaN,NaN,0,0,0,0,0.0000,0.0000,-8.0000,0,2.0000,-4.0000,0.0000,0,0,168.6912,0.0000,0.0000,0.0000,0.0000,69.6634,1,1.1705,-7.6646
35.4831,24.1507,1,0,0,0,1.1710,1.3142,-7.6646,0.0000,-8.0000,NaN,NaN,0,0,0,0,0.0000,0.0000,-8.0000,0,2.0000,-4.0000,0.0000,0,0,168.6911,0.0000,0.0000,0.0000,0.0000,69.6234,1,1.1710,-7.6646
35.5498,24.2174,1,0,0,0,1.1719,1.3203,-7.6646,0.0000,-8.0000,NaN,NaN,0,0,0,0,0.0000,0.0000,-8.0000,0,2.0000,-4.0000,0.0000,0,0,168.6909,0.0000,0.0000,0.0000,0.0000,69.5434,1,1.1719,-7.6646
35.6167,24.2843,1,0,0,0,1.1729,1.3253,-7.6644,0.0000,-8.0000,NaN,NaN,0,0,0,0,0.0000,0.0000,-8.0000,0,2.0000,-4.0000,0.0000,0,0,168.6907,0.0000,0.0000,0.0000,0.0000,69.4834,1,1.1729,-7.6644
35.6670,24.3347,1,0,0,0,1.1737,1.3282,-7.6641,0.0000,-8.0000,NaN,NaN,0,0,0,0,0.0000,0.0000,-8.0000,0,2.0000,-4.0000,0.0000,0,0,168.6905,0.0000,0.0000,0.0000,0.0000,69.4235,1,1.1737,-7.6641
35.7172,24.3848,1,0,0,0,1.1747,1.3295,-7.6638,0.0000,-8.0000,NaN,NaN,0,0,0,0,0.0000,0.0000,-8.0000,0,2.0000,-4.0000,0.0000,0,0,168.6904,0.0000,0.0000,0.0000,0.0000,69.3835,1,1.1747,-7.6638
35.7673,24.4349,1,0,0,0,1.1757,1.3309,-7.6634,0.0000,-8.0000,NaN,NaN,0,0,0,0,0.0000,0.0000,-8.0000,0,2.0000,-4.0000,0.0000,0,0,168.6902,0.0000,0.0000,0.0000,0.0000,69.3235,1,1.1757,-7.6634
35.8177,24.4854,1,0,0,0,1.1769,1.3319,-7.6630,0.0000,-8.0000,NaN,NaN,0,0,0,0,0.0000,0.0000,-8.0000,0,2.0000,-4.0000,0.0000,0,0,168.6901,0.0000,0.0000,0.0000,0.0000,69.2835,1,1.1769,-7.6630
35.8678,24.5354,1,0,0,0,1.1781,1.3315,-7.6625,0.0000,-8.0000,NaN,NaN,0,0,0,0,0.0000,0.0000,-8.0000,0,2.0000,-4.0000,0.0000,0,0,168.6900,0.0000,0.0000,0.0000,0.0000,69.2235,1,1.1781,-7.6625
35.9182,24.5858,1,0,0,0,1.1793,1.3300,-7.6620,0.0000,-8.0000,NaN,NaN,0,0,0,0,0.0000,0.0000,-8.0000,0,2.0000,-4.0000,0.0000,0,0,168.6899,0.0000,0.0000,0.0000,0.0000,69.1835,1,1.1793,-7.6620
35.9691,24.6367,1,0,0,0,1.1807,1.3278,-7.6613,0.0000,-8.0000,NaN,NaN,0,0,0,0,0.0000,0.0000,-8.0000,0,2.0000,-4.0000,0.0000,0,0,168.6898,0.0000,0.0000,0.0000,0.0000,69.1235,1,1.1807,-7.6613
36.0200,24.6876,1,0,0,0,1.1821,1.3246,-7.6606,0.0000,-8.0000,NaN,NaN,0,0,0,0,0.0000,0.0000,-8.0000,0,2.0000,-4.0000,0.0000,0,0,168.6898,0.0000,0.0000,0.0000,0.0000,69.0835,1,1.1821,-7.6606
36.0867,24.7543,1,0,0,0,1.1840,1.3197,-7.6597,0.0000,-8.0000,NaN,NaN,0,0,0,0,0.0000,0.0000,-8.0000,0,2.0000,-4.0000,0.0000,0,0,168.6898,0.0000,0.0000,0.0000,0.0000,69.0035,1,1.1840,-7.6597
36.1533,24.8210,1,0,0,0,1.1860,1.3140,-7.6586,0.0000,-8.0000,NaN,NaN,0,0,0,0,0.0000,0.0000,-8.0000,0,2.0000,-4.0000,0.0000,0,0,168.6899,0.0000,0.0000,0.0000,0.0000,68.9435,1,1.1860,-7.6586
36.2206,24.8882,1,0,0,0,1.1880,1.3069,-7.6574,0.0000,-8.0000,NaN,NaN,0,0,0,0,0.0000,0.0000,-8.0000,0,2.0000,-4.0000,0.0000,0,0,168.6900,0.0000,0.0000,0.0000,0.0000,68.8835,1,1.1880,-7.6574
36.2873,24.9550,1,0,0,0,1.1901,1.2988,-7.6562,0.0000,-8.0000,NaN,NaN,0,0,0,0,0.0000,0.0000,-8.0000,0,2.0000,-4.0000,0.0000,0,0,168.6902,0.0000,0.0000,0.0000,0.0000,68.8036,1,1.1901,-7.6562
36.3541,25.0217,1,0,0,0,1.1922,1.2877,-7.6549,0.0000,-8.0000,NaN,NaN,0,0,0,0,0.0000,0.0000,-8.0000,0,2.0000,-4.0000,0.0000,0,0,168.6903,0.0000,0.0000,0.0000,0.0000,68.7436,1,1.1922,-7.6549
36.4043,25.0719,1,0,0,0,1.1938,1.2810,-7.6539,0.0000,-8.0000,NaN,NaN,0,0,0,0,0.0000,0.0000,-8.0000,0,2.0000,-4.0000,0.0000,0,0,168.6905,0.0000,0.0000,0.0000,0.0000,68.7036,1,1.1938,-7.6539
36.4545,25.1221,1,0,0,0,1.1953,1.2757,-7.6528,0.0000,-8.0000,NaN,NaN,0,0,0,0,0.0000,0.0000,-8.0000,0,2.0000,-4.0000,0.0000,0,0,168.6906,0.0000,0.0000,0.0000,0.0000,68.6436,1,1.1953,-7.6528
36.5052,25.1729,1,0,0,0,1.1969,1.2708,-7.6517,0.0000,-8.0000,NaN,NaN,0,0,0,0,0.0000,0.0000,-8.0000,0,2.0000,-4.0000,0.0000,0,0,168.6908,0.0000,0.0000,0.0000,0.0000,68.5836,1,1.1969,-7.6517
36.5556,25.2232,1,0,0,0,1.1984,1.2657,-7.6506,0.0000,-8.0000,NaN,NaN,0,0,0,0,0.0000,0.0000,-8.0000,0,2.0000,-4.0000,0.0000,0,0,168.6909,0.0000,0.0000,0.0000,0.0000,68.5436,1,1.1984,-7.6506
36.6056,25.2732,1,0,0,0,1.1999,1.2615,-7.6495,0.0000,-8.0000,NaN,NaN,0,0,0,0,0.0000,0.0000,-8.0000,0,2.0000,-4.0000,0.0000,0,0,168.6910,0.0000,0.0000,0.0000,0.0000,68.4836,1,1.1999,-7.6495
36.6565,25.3241,1,0,0,0,1.2013,1.2578,-7.6483,0.0000,-8.0000,NaN,NaN,0,0,0,0,0.0000,0.0000,-8.0000,0,2.0000,-4.0000,0.0000,0,0,168.6911,0.0000,0.0000,0.0000,0.0000,68.4436,1,1.2013,-7.6483
36.7069,25.3745,1,0,0,0,1.2027,1.2540,-7.6472,0.0000,-8.0000,NaN,NaN,0,0,0,0,0.0000,0.0000,-8.0000,0,2.0000,-4.0000,0.0000,0,0,168.6912,0.0000,0.0000,0.0000,0.0000,68.3836,1,1.2027,-7.6472
36.7572,25.4248,1,0,0,0,1.2041,1.2504,-7.6460,0.0000,-8.0000,NaN,NaN,0,0,0,0,0.0000,0.0000,-8.0000,0,2.0000,-4.0000,0.0000,0,0,168.6913,0.0000,0.0000,0.0000,0.0000,68.3436,1,1.2041,-7.6460
36.8242,25.4918,1,0,0,0,1.2057,1.2456,-7.6444,0.0000,-8.0000,NaN,NaN,0,0,0,0,0.0000,0.0000,-8.0000,0,2.0000,-4.0000,0.0000,0,0,168.6913,0.0000,0.0000,0.0000,0.0000,68.2837,1,1.2057,-7.6444
36.8745,25.5421,1,0,0,0,1.2069,1.2426,-7.6433,0.0000,-8.0000,NaN,NaN,0,0,0,0,0.0000,0.0000,-8.0000,0,2.0000,-4.0000,0.0000,0,0,168.6913,0.0000,0.0000,0.0000,0.0000,68.2237,1,1.2069,-7.6433
36.9248,25.5924,1,0,0,0,1.2080,1.2416,-7.6421,0.0000,-8.0000,NaN,NaN,0,0,0,0,0.0000,0.0000,-8.0000,0,2.0000,-4.0000,0.0000,0,0,168.6913,0.0000,0.0000,0.0000,0.0000,68.1837,1,1.2080,-7.6421
36.9752,25.6429,1,0,0,0,1.2090,1.2426,-7.6409,0.0000,-8.0000,NaN,NaN,0,0,0,0,0.0000,0.0000,-8.0000,0,2.0000,-4.0000,0.0000,0,0,168.6912,0.0000,0.0000,0.0000,0.0000,68.1237,1,1.2090,-7.6409
37.0258,25.6934,1,0,0,0,1.2099,1.2442,-7.6397,0.0000,-8.0000,NaN,NaN,0,0,0,0,0.0000,0.0000,-8.0000,0,2.0000,-4.0000,0.0000,0,0,168.6911,0.0000,0.0000,0.0000,0.0000,68.0637,1,1.2099,-7.6397
37.0924,25.7601,1,0,0,0,1.2110,1.2478,-7.6382,0.0000,-8.0000,NaN,NaN,0,0,0,0,0.0000,0.0000,-8.0000,0,2.0000,-4.0000,0.0000,0,0,168.6910,0.0000,0.0000,0.0000,0.0000,68.0037,1,1.2110,-7.6382
37.1428,25.8104,1,0,0,0,1.2117,1.2511,-7.6371,0.0000,-8.0000,NaN,NaN,0,0,0,0,0.0000,0.0000,-8.0000,0,2.0000,-4.0000,0.0000,0,0,168.6908,0.0000,0.0000,0.0000,0.0000,67.9637,1,1.2117,-7.6371
37.1929,25.8606,1,0,0,0,1.2122,1.2552,-7.6359,0.0000,-8.0000,NaN,NaN,0,0,0,0,0.0000,0.0000,-8.0000,0,2.0000,-4.0000,0.0000,0,0,168.6907,0.0000,0.0000,0.0000,0.0000,67.9037,1,1.2122,-7.6359
37.2434,25.9110,1,0,0,0,1.2127,1.2596,-7.6348,0.0000,-8.0000,NaN,NaN,0,0,0,0,0.0000,0.0000,-8.0000,0,2.0000,-4.0000,0.0000,0,0,168.6905,0.0000,0.0000,0.0000,0.0000,67.8637,1,1.2127,-7.6348
37.2936,25.9612,1,0,0,0,1.2131,1.2648,-7.6338,0.0000,-8.0000,NaN,NaN,0,0,0,0,0.0000,0.0000,-8.0000,0,2.0000,-4.0000,0.0000,0,0,168.6904,0.0000,0.0000,0.0000,0.0000,67.8037,1,1.2131,-7.6338
37.3437,26.0113,1,0,0,0,1.2133,1.2701,-7.6327,0.0000,-8.0000,NaN,NaN,0,0,0,0,0.0000,0.0000,-8.0000,0,2.0000,-4.0000,0.0000,0,0,168.6902,0.0000,0.0000,0.0000,0.0000,67.7637,1,1.2133,-7.6327
37.3939,26.0615,1,0,0,0,1.2134,1.2759,-7.6317,0.0000,-8.0000,NaN,NaN,0,0,0,0,0.0000,0.0000,-8.0000,0,2.0000,-4.0000,0.0000,0,0,168.6901,0.0000,0.0000,0.0000,0.0000,67.7037,1,1.2134,-7.6317
37.4606,26.1282,1,0,0,0,1.2134,1.2838,-7.6305,0.0000,-8.0000,NaN,NaN,0,0,0,0,0.0000,0.0000,-8.0000,0,2.0000,-4.0000,0.0000,0,0,168.6899,0.0000,0.0000,0.0000,0.0000,67.6438,1,1.2134,-7.6305
37.5272,26.1949,1,0,0,0,1.2132,1.2918,-7.6292,0.0000,-8.0000,NaN,NaN,0,0,0,0,0.0000,0.0000,-8.0000,0,2.0000,-4.0000,0.0000,0,0,168.6898,0.0000,0.0000,0.0000,0.0000,67.5638,1,1.2132,-7.6292
37.5775,26.2452,1,0,0,0,1.2129,1.2980,-7.6284,0.0000,-8.0000,NaN,NaN,0,0,0,0,0.0000,0.0000,-8.0000,0,2.0000,-4.0000,0.0000,0,0,168.6897,0.0000,0.0000,0.0000,0.0000,67.5238,1,1.2129,-7.6284
37.6277,26.2953,1,0,0,0,1.2125,1.3037,-7.6275,0.0000,-8.0000,NaN,NaN,0,0,0,0,0.0000,0.0000,-8.0000,0,2.0000,-4.0000,0.0000,0,0,168.6896,0.0000,0.0000,0.0000,0.0000,67.4638,1,1.2125,-7.6275
37.6944,26.3620,1,0,0,0,1.2117,1.3111,-7.6265,0.0000,-8.0000,NaN,NaN,0,0,0,0,0.0000,0.0000,-8.0000,0,2.0000,-4.0000,0.0000,0,0,168.6896,0.0000,0.0000,0.0000,0.0000,67.4038,1,1.2117,-7.6265
37.7445,26.4121,1,0,0,0,1.2111,1.3159,-7.6258,0.0000,-8.0000,NaN,NaN,0,0,0,0,0.0000,0.0000,-8.0000,0,2.0000,-4.0000,0.0000,0,0,168.6896,0.0000,0.0000,0.0000,0.0000,67.3638,1,1.2111,-7.6258
37.7950,26.4626,1,0,0,0,1.2103,1.3205,-7.6251,0.0000,-8.0000,NaN,NaN,0,0,0,0,0.0000,0.0000,-8.0000,0,2.0000,-4.0000,0.0000,0,0,168.6897,0.0000,0.0000,0.0000,0.0000,67.3038,1,1.2103,-7.6251
37.8452,26.5128,1,0,0,0,1.2094,1.3241,-7.6245,0.0000,-8.0000,NaN,NaN,0,0,0,0,0.0000,0.0000,-8.0000,0,2.0000,-4.0000,0.0000,0,0,168.6897,0.0000,0.0000,0.0000,0.0000,67.2438,1,1.2094,-7.6245
37.8955,26.5631,1,0,0,0,1.2084,1.3275,-7.6239,0.0000,-8.0000,NaN,NaN,0,0,0,0,0.0000,0.0000,-8.0000,0,2.0000,-4.0000,0.0000,0,0,168.6898,0.0000,0.0000,0.0000,0.0000,67.2038,1,1.2084,-7.6239
37.9456,26.6132,1,0,0,0,1.2073,1.3302,-7.6233,0.0000,-8.0000,NaN,NaN,0,0,0,0,0.0000,0.0000,-8.0000,0,2.0000,-4.0000,0.0000,0,0,168.6899,0.0000,0.0000,0.0000,0.0000,67.1438,1,1.2073,-7.6233
37.9958,26.6634,1,0,0,0,1.2061,1.3321,-7.6229,0.0000,-8.0000,NaN,NaN,0,0,0,0,0.0000,0.0000,-8.0000,0,2.0000,-4.0000,0.0000,0,0,168.6901,0.0000,0.0000,0.0000,0.0000,67.1038,1,1.2061,-7.6229
38.0625,26.7302,1,0,0,0,1.2044,1.3326,-7.6223,0.0000,-8.0000,NaN,NaN,0,0,0,0,0.0000,0.0000,-8.0000,0,2.0000,-4.0000,0.0000,0,0,168.6902,0.0000,0.0000,0.0000,0.0000,67.0439,1,1.2044,-7.6223
38.1129,26.7805,1,0,0,0,1.2030,1.3322,-7.6220,0.0000,-8.0000,NaN,NaN,0,0,0,0,0.0000,0.0000,-8.0000,0,2.0000,-4.0000,0.0000,0,0,168.6904,0.0000,0.0000,0.0000,0.0000,66.9839,1,1.2030,-7.6220
38.1631,26.8307,1,0,0,0,1.2016,1.3305,-7.6217,0.0000,-8.0000,NaN,NaN,0,0,0,0,0.0000,0.0000,-8.0000,0,2.0000,-4.0000,0.0000,0,0,168.6905,0.0000,0.0000,0.0000,0.0000,66.9439,1,1.2016,-7.6217
38.2133,26.8809,1,0,0,0,1.2001,1.3284,-7.6214,0.0000,-8.0000,NaN,NaN,0,0,0,0,0.0000,0.0000,-8.0000,0,2.0000,-4.0000,0.0000,0,0,168.6907,0.0000,0.0000,0.0000,0.0000,66.8839,1,1.2001,-7.6214
38.2641,26.9318,1,0,0,0,1.1985,1.3251,-7.6212,0.0000,-8.0000,NaN,NaN,0,0,0,0,0.0000,0.0000,-8.0000,0,2.0000,-4.0000,0.0000,0,0,168.6908,0.0000,0.0000,0.0000,0.0000,66.8439,1,1.1985,-7.6212
38.3308,26.9984,1,0,0,0,1.1964,1.3202,-7.6210,0.0000,-8.0000,NaN,NaN,0,0,0,0,0.0000,0.0000,-8.0000,0,2.0000,-4.0000,0.0000,0,0,168.6909,0.0000,0.0000,0.0000,0.0000,66.7639,1,1.1964,-7.6210
38.3975,27.0652,1,0,0,0,1.1941,1.3141,-7.6210,0.0000,-8.0000,NaN,NaN,0,0,0,0,0.0000,0.0000,-8.0000,0,2.0000,-4.0000,0.0000,0,0,168.6910,0.0000,0.0000,0.0000,0.0000,66.7039,1,1.1941,-7.6210
38.4642,27.1318,1,0,0,0,1.1919,1.3070,-7.6210,0.0000,-8.0000,NaN,NaN,0,0,0,0,0.0000,0.0000,-8.0000,0,2.0000,-4.0000,0.0000,0,0,168.6911,0.0000,0.0000,0.0000,0.0000,66.6439,1,1.1919,-7.6210
38.5309,27.1985,1,0,0,0,1.1896,1.2994,-7.6210,0.0000,-8.0000,NaN,NaN,0,0,0,0,0.0000,0.0000,-8.0000,0,2.0000,-4.0000,0.0000,0,0,168.6911,0.0000,0.0000,0.0000,0.0000,66.5639,1,1.1896,-7.6210
38.5812,27.2489,1,0,0,0,1.1878,1.2934,-7.6212,0.0000,-8.0000,NaN,NaN,0,0,0,0,0.0000,0.0000,-8.0000,0,2.0000,-4.0000,0.0000,0,0,168.6910,0.0000,0.0000,0.0000,0.0000,66.5239,1,1.1878,-7.6212
38.6315,27.2992,1,0,0,0,1.1861,1.2873,-7.6214,0.0000,-8.0000,NaN,NaN,0,0,0,0,0.0000,0.0000,-8.0000,0,2.0000,-4.0000,0.0000,0,0,168.6910,0.0000,0.0000,0.0000,0.0000,66.4640,1,1.1861,-7.6214
38.6982,27.3658,1,0,0,0,1.1838,1.2794,-7.6217,0.0000,-8.0000,NaN,NaN,0,0,0,0,0.0000,0.0000,-8.0000,0,2.0000,-4.0000,0.0000,0,0,168.6908,0.0000,0.0000,0.0000,0.0000,66.4040,1,1.1838,-7.6217
38.7649,27.4325,1,0,0,0,1.1815,1.2715,-7.6220,0.0000,-8.0000,NaN,NaN,0,0,0,0,0.0000,0.0000,-8.0000,0,2.0000,-4.0000,0.0000,0,0,168.6907,0.0000,0.0000,0.0000,0.0000,66.3440,1,1.1815,-7.6220
38.8154,27.4831,1,0,0,0,1.1799,1.2663,-7.6224,0.0000,-8.0000,NaN,NaN,0,0,0,0,0.0000,0.0000,-8.0000,0,2.0000,-4.0000,0.0000,0,0,168.6905,0.0000,0.0000,0.0000,0.0000,66.2840,1,1.1799,-7.6224
38.8658,27.5334,1,0,0,0,1.1782,1.2612,-7.6228,0.0000,-8.0000,NaN,NaN,0,0,0,0,0.0000,0.0000,-8.0000,0,2.0000,-4.0000,0.0000,0,0,168.6904,0.0000,0.0000,0.0000,0.0000,66.2240,1,1.1782,-7.6228
38.9159,27.5836,1,0,0,0,1.1767,1.2567,-7.6232,0.0000,-8.0000,NaN,NaN,0,0,0,0,0.0000,0.0000,-8.0000,0,2.0000,-4.0000,0.0000,0,0,168.6902,0.0000,0.0000,0.0000,0.0000,66.1840,1,1.1767,-7.6232
38.9661,27.6337,1,0,0,0,1.1752,1.2528,-7.6236,0.0000,-8.0000,NaN,NaN,0,0,0,0,0.0000,0.0000,-8.0000,0,2.0000,-4.0000,0.0000,0,0,168.6901,0.0000,0.0000,0.0000,0.0000,66.1240,1,1.1752,-7.6236
39.0328,27.7004,1,0,0,0,1.1733,1.2490,-7.6243,0.0000,-8.0000,NaN,NaN,0,0,0,0,0.0000,0.0000,-8.0000,0,2.0000,-4.0000,0.0000,0,0,168.6898,0.0000,0.0000,0.0000,0.0000,66.0640,1,1.1733,-7.6243
39.0994,27.7671,1,0,0,0,1.1715,1.2463,-7.6250,0.0000,-8.0000,NaN,NaN,0,0,0,0,0.0000,0.0000,-8.0000,0,2.0000,-4.0000,0.0000,0,0,168.6897,0.0000,0.0000,0.0000,0.0000,66.0040,1,1.1715,-7.6250
39.1662,27.8338,1,0,0,0,1.1699,1.2452,-7.6258,0.0000,-8.0000,NaN,NaN,0,0,0,0,0.0000,0.0000,-8.0000,0,2.0000,-4.0000,0.0000,0,0,168.6895,0.0000,0.0000,0.0000,0.0000,65.9240,1,1.1699,-7.6258
39.2329,27.9005,1,0,0,0,1.1684,1.2457,-7.6266,0.0000,-8.0000,NaN,NaN,0,0,0,0,0.0000,0.0000,-8.0000,0,2.0000,-4.0000,0.0000,0,0,168.6894,0.0000,0.0000,0.0000,0.0000,65.8641,1,1.1684,-7.6266
39.2996,27.9672,1,0,0,0,1.1671,1.2475,-7.6275,0.0000,-8.0000,NaN,NaN,0,0,0,0,0.0000,0.0000,-8.0000,0,2.0000,-4.0000,0.0000,0,0,168.6894,0.0000,0.0000,0.0000,0.0000,65.8041,1,1.1671,-7.6275
39.3663,28.0339,1,0,0,0,1.1660,1.2508,-7.6284,0.0000,-8.0000,NaN,NaN,0,0,0,0,0.0000,0.0000,-8.0000,0,2.0000,-4.0000,0.0000,0,0,168.6893,0.0000,0.0000,0.0000,0.0000,65.7241,1,1.1660,-7.6284
39.4330,28.1006,1,0,0,0,1.1651,1.2555,-7.6293,0.0000,-8.0000,NaN,NaN,0,0,0,0,0.0000,0.0000,-8.0000,0,2.0000,-4.0000,0.0000,0,0,168.6894,0.0000,0.0000,0.0000,0.0000,65.6641,1,1.1651,-7.6293
39.4998,28.1675,1,0,0,0,1.1644,1.2612,-7.6303,0.0000,-8.0000,NaN,NaN,0,0,0,0,0.0000,0.0000,-8.0000,0,2.0000,-4.0000,0.0000,0,0,168.6895,0.0000,0.0000,0.0000,0.0000,65.6041,1,1.1644,-7.6303
39.5499,28.2176,1,0,0,0,1.1640,1.2662,-7.6310,0.0000,-8.0000,NaN,NaN,0,0,0,0,0.0000,0.0000,-8.0000,0,2.0000,-4.0000,0.0000,0,0,168.6896,0.0000,0.0000,0.0000,0.0000,65.5441,1,1.1640,-7.6310
39.6004,28.2680,1,0,0,0,1.1637,1.2716,-7.6318,0.0000,-8.0000,NaN,NaN,0,0,0,0,0.0000,0.0000,-8.0000,0,2.0000,-4.0000,0.0000,0,0,168.6897,0.0000,0.0000,0.0000,0.0000,65.5041,1,1.1637,-7.6318
39.6509,28.3186,1,0,0,0,1.1636,1.2775,-7.6325,0.0000,-8.0000,NaN,NaN,0,0,0,0,0.0000,0.0000,-8.0000,0,2.0000,-4.0000,0.0000,0,0,168.6898,0.0000,0.0000,0.0000,0.0000,65.4441,1,1.1636,-7.6325
39.7011,28.3687,1,0,0,0,1.1636,1.2834,-7.6333,0.0000,-8.0000,NaN,NaN,0,0,0,0,0.0000,0.0000,-8.0000,0,2.0000,-4.0000,0.0000,0,0,168.6900,0.0000,0.0000,0.0000,0.0000,65.4041,1,1.1636,-7.6333
39.7680,28.4356,1,0,0,0,1.1637,1.2914,-7.6343,0.0000,-8.0000,NaN,NaN,0,0,0,0,0.0000,0.0000,-8.0000,0,2.0000,-4.0000,0.0000,0,0,168.6901,0.0000,0.0000,0.0000,0.0000,65.3241,1,1.1637,-7.6343
39.8347,28.5023,1,0,0,0,1.1641,1.2996,-7.6354,0.0000,-8.0000,NaN,NaN,0,0,0,0,0.0000,0.0000,-8.0000,0,2.0000,-4.0000,0.0000,0,0,168.6903,0.0000,0.0000,0.0000,0.0000,65.2642,1,1.1641,-7.6354
39.9015,28.5691,1,0,0,0,1.1647,1.3070,-7.6364,0.0000,-8.0000,NaN,NaN,0,0,0,0,0.0000,0.0000,-8.0000,0,2.0000,-4.0000,0.0000,0,0,168.6905,0.0000,0.0000,0.0000,0.0000,65.2042,1,1.1647,-7.6364
39.9516,28.6192,1,0,0,0,1.1653,1.3124,-7.6372,0.0000,-8.0000,NaN,NaN,0,0,0,0,0.0000,0.0000,-8.0000,0,2.0000,-4.0000,0.0000,0,0,168.6906,0.0000,0.0000,0.0000,0.0000,65.1442,1,1.1653,-7.6372
40.0017,28.6693,1,0,0,0,1.1661,1.3171,-7.6380,0.0000,-8.0000,NaN,NaN,0,0,0,0,0.0000,0.0000,-8.0000,0,2.0000,-4.0000,0.0000,0,0,168.6907,0.0000,0.0000,0.0000,0.0000,65.1042,1,1.1661,-7.6380
40.0518,28.7195,1,0,0,0,1.1669,1.3215,-7.6387,0.0000,-8.0000,NaN,NaN,0,0,0,0,0.0000,0.0000,-8.0000,0,2.0000,-4.0000,0.0000,0,0,168.6908,0.0000,0.0000,0.0000,0.0000,65.0442,1,1.1669,-7.6387
40.1020,28.7696,1,0,0,0,1.1678,1.3250,-7.6395,0.0000,-8.0000,NaN,NaN,0,0,0,0,0.0000,0.0000,-8.0000,0,2.0000,-4.0000,0.0000,0,0,168.6908,0.0000,0.0000,0.0000,0.0000,65.0042,1,1.1678,-7.6395
40.1687,28.8363,1,0,0,0,1.1693,1.3292,-7.6405,0.0000,-8.0000,NaN,NaN,0,0,0,0,0.0000,0.0000,-8.0000,0,2.0000,-4.0000,0.0000,0,0,168.6908,0.0000,0.0000,0.0000,0.0000,64.9242,1,1.1693,-7.6405
40.2189,28.8865,1,0,0,0,1.1705,1.3314,-7.6412,0.0000,-8.0000,NaN,NaN,0,0,0,0,0.0000,0.0000,-8.0000,0,2.0000,-4.0000,0.0000,0,0,168.6908,0.0000,0.0000,0.0000,0.0000,64.8842,1,1.1705,-7.6412
40.2691,28.9367,1,0,0,0,1.1718,1.3327,-7.6420,0.0000,-8.0000,NaN,NaN,0,0,0,0,0.0000,0.0000,-8.0000,0,2.0000,-4.0000,0.0000,0,0,168.6907,0.0000,0.0000,0.0000,0.0000,64.8242,1,1.1718,-7.6420
40.3192,28.9868,1,0,0,0,1.1731,1.3330,-7.6427,0.0000,-8.0000,NaN,NaN,0,0,0,0,0.0000,0.0000,-8.0000,0,2.0000,-4.0000,0.0000,0,0,168.6906,0.0000,0.0000,0.0000,0.0000,64.7842,1,1.1731,-7.6427
40.3697,29.0373,1,0,0,0,1.1746,1.3325,-7.6434,0.0000,-8.0000,NaN,NaN,0,0,0,0,0.0000,0.0000,-8.0000,0,2.0000,-4.0000,0.0000,0,0,168.6905,0.0000,0.0000,0.0000,0.0000,64.7242,1,1.1746,-7.6434
40.4364,29.1040,1,0,0,0,1.1767,1.3303,-7.6443,0.0000,-8.0000,NaN,NaN,0,0,0,0,0.0000,0.0000,-8.0000,0,2.0000,-4.0000,0.0000,0,0,168.6904,0.0000,0.0000,0.0000,0.0000,64.6643,1,1.1767,-7.6443
40.5031,29.1707,1,0,0,0,1.1788,1.3264,-7.6452,0.0000,-8.0000,NaN,NaN,0,0,0,0,0.0000,0.0000,-8.0000,0,2.0000,-4.0000,0.0000,0,0,168.6902,0.0000,0.0000,0.0000,0.0000,64.6043,1,1.1788,-7.6452
40.5697,29.2373,1,0,0,0,1.1811,1.3213,-7.6461,0.0000,-8.0000,NaN,NaN,0,0,0,0,0.0000,0.0000,-8.0000,0,2.0000,-4.0000,0.0000,0,0,168.6900,0.0000,0.0000,0.0000,0.0000,64.5243,1,1.1811,-7.6461
40.6201,29.2877,1,0,0,0,1.1829,1.3165,-7.6467,0.0000,-8.0000,NaN,NaN,0,0,0,0,0.0000,0.0000,-8.0000,0,2.0000,-4.0000,0.0000,0,0,168.6898,0.0000,0.0000,0.0000,0.0000,64.4843,1,1.1829,-7.6467
40.6705,29.3382,1,0,0,0,1.1847,1.3114,-7.6473,0.0000,-8.0000,NaN,NaN,0,0,0,0,0.0000,0.0000,-8.0000,0,2.0000,-4.0000,0.0000,0,0,168.6896,0.0000,0.0000,0.0000,0.0000,64.4243,1,1.1847,-7.6473
40.7206,29.3882,1,0,0,0,1.1866,1.3058,-7.6479,0.0000,-8.0000,NaN,NaN,0,0,0,0,0.0000,0.0000,-8.0000,0,2.0000,-4.0000,0.0000,0,0,168.6895,0.0000,0.0000,0.0000,0.0000,64.3843,1,1.1866,-7.6479
40.7707,29.4384,1,0,0,0,1.1884,1.3000,-7.6484,0.0000,-8.0000,NaN,NaN,0,0,0,0,0.0000,0.0000,-8.0000,0,2.0000,-4.0000,0.0000,0,0,168.6894,0.0000,0.0000,0.0000,0.0000,64.3243,1,1.1884,-7.6484
40.8215,29.4892,1,0,0,0,1.1903,1.2939,-7.6490,0.0000,-8.0000,NaN,NaN,0,0,0,0,0.0000,0.0000,-8.0000,0,2.0000,-4.0000,0.0000,0,0,168.6893,0.0000,0.0000,0.0000,0.0000,64.2843,1,1.1903,-7.6490
40.8721,29.5397,1,0,0,0,1.1922,1.2878,-7.6495,0.0000,-8.0000,NaN,NaN,0,0,0,0,0.0000,0.0000,-8.0000,0,2.0000,-4.0000,0.0000,0,0,168.6892,0.0000,0.0000,0.0000,0.0000,64.2243,1,1.1922,-7.6495
40.9222,29.5899,1,0,0,0,1.1941,1.2816,-7.6500,0.0000,-8.0000,NaN,NaN,0,0,0,0,0.0000,0.0000,-8.0000,0,2.0000,-4.0000,0.0000,0,0,168.6891,0.0000,0.0000,0.0000,0.0000,64.1843,1,1.1941,-7.6500
40.9724,29.6400,1,0,0,0,1.1959,1.2761,-7.6505,0.0000,-8.0000,NaN,NaN,0,0,0,0,0.0000,0.0000,-8.0000,0,2.0000,-4.0000,0.0000,0,0,168.6891,0.0000,0.0000,0.0000,0.0000,64.1243,1,1.1959,-7.6505
41.0393,29.7069,1,0,0,0,1.1984,1.2691,-7.6511,0.0000,-8.0000,NaN,NaN,0,0,0,0,0.0000,0.0000,-8.0000,0,2.0000,-4.0000,0.0000,0,0,168.6891,0.0000,0.0000,0.0000,0.0000,64.0644,1,1.1984,-7.6511
41.1059,29.7736,1,0,0,0,1.2007,1.2627,-7.6517,0.0000,-8.0000,NaN,NaN,0,0,0,0,0.0000,0.0000,-8.0000,0,2.0000,-4.0000,0.0000,0,0,168.6891,0.0000,0.0000,0.0000,0.0000,63.9844,1,1.2007,-7.6517
41.1726,29.8402,1,0,0,0,1.2030,1.2570,-7.6522,0.0000,-8.0000,NaN,NaN,0,0,0,0,0.0000,0.0000,-8.0000,0,2.0000,-4.0000,0.0000,0,0,168.6892,0.0000,0.0000,0.0000,0.0000,63.9244,1,1.2030,-7.6522
41.2231,29.8907,1,0,0,0,1.2047,1.2534,-7.6525,0.0000,-8.0000,NaN,NaN,0,0,0,0,0.0000,0.0000,-8.0000,0,2.0000,-4.0000,0.0000,0,0,168.6893,0.0000,0.0000,0.0000,0.0000,63.8844,1,1.2047,-7.6525
41.2733,29.9409,1,0,0,0,1.2063,1.2505,-7.6529,0.0000,-8.0000,NaN,NaN,0,0,0,0,0.0000,0.0000,-8.0000,0,2.0000,-4.0000,0.0000,0,0,168.6895,0.0000,0.0000,0.0000,0.0000,63.8244,1,1.2063,-7.6529
41.3399,30.0076,1,0,0,0,1.2083,1.2479,-7.6533,0.0000,-8.0000,NaN,NaN,0,0,0,0,0.0000,0.0000,-8.0000,0,2.0000,-4.0000,0.0000,0,0,168.6896,0.0000,0.0000,0.0000,0.0000,63.7644,1,1.2083,-7.6533
41.4066,30.0742,1,0,0,0,1.2102,1.2467,-7.6537,0.0000,-8.0000,NaN,NaN,0,0,0,0,0.0000,0.0000,-8.0000,0,2.0000,-4.0000,0.0000,0,0,168.6898,0.0000,0.0000,0.0000,0.0000,63.6844,1,1.2102,-7.6537
41.4566,30.1242,1,0,0,0,1.2115,1.2468,-7.6540,0.0000,-8.0000,NaN,NaN,0,0,0,0,0.0000,0.0000,-8.0000,0,2.0000,-4.0000,0.0000,0,0,168.6900,0.0000,0.0000,0.0000,0.0000,63.6444,1,1.2115,-7.6540
41.5068,30.1744,1,0,0,0,1.2127,1.2478,-7.6542,0.0000,-8.0000,NaN,NaN,0,0,0,0,0.0000,0.0000,-8.0000,0,2.0000,-4.0000,0.0000,0,0,168.6901,0.0000,0.0000,0.0000,0.0000,63.5844,1,1.2127,-7.6542
41.5734,30.2411,1,0,0,0,1.2141,1.2503,-7.6545,0.0000,-8.0000,NaN,NaN,0,0,0,0,0.0000,0.0000,-8.0000,0,2.0000,-4.0000,0.0000,0,0,168.6903,0.0000,0.0000,0.0000,0.0000,63.5244,1,1.2141,-7.6545
41.6401,30.3077,1,0,0,0,1.2154,1.2542,-7.6547,0.0000,-8.0000,NaN,NaN,0,0,0,0,0.0000,0.0000,-8.0000,0,2.0000,-4.0000,0.0000,0,0,168.6904,0.0000,0.0000,0.0000,0.0000,63.4644,1,1.2154,-7.6547
41.7068,30.3744,1,0,0,0,1.2164,1.2593,-7.6549,0.0000,-8.0000,NaN,NaN,0,0,0,0,0.0000,0.0000,-8.0000,0,2.0000,-4.0000,0.0000,0,0,168.6905,0.0000,0.0000,0.0000,0.0000,63.3844,1,1.2164,-7.6549
41.7570,30.4247,1,0,0,0,1.2170,1.2639,-7.6550,0.0000,-8.0000,NaN,NaN,0,0,0,0,0.0000,0.0000,-8.0000,0,2.0000,-4.0000,0.0000,0,0,168.6905,0.0000,0.0000,0.0000,0.0000,63.3444,1,1.2170,-7.6550
41.8170,30.4846,1,0,0,0,1.2177,1.2702,-7.6551,0.0000,-8.0000,NaN,NaN,0,0,0,0,0.0000,0.0000,-8.0000,0,2.0000,-4.0000,0.0000,0,0,168.6906,0.0000,0.0000,0.0000,0.0000,63.2844,1,1.2177,-7.6551
41.8672,30.5348,1,0,0,0,1.2180,1.2758,-7.6552,0.0000,-8.0000,NaN,NaN,0,0,0,0,0.0000,0.0000,-8.0000,0,2.0000,-4.0000,0.0000,0,0,168.6905,0.0000,0.0000,0.0000,0.0000,63.2244,1,1.2180,-7.6552
41.9338,30.6015,1,0,0,0,1.2183,1.2836,-7.6552,0.0000,-8.0000,NaN,NaN,0,0,0,0,0.0000,0.0000,-8.0000,0,2.0000,-4.0000,0.0000,0,0,168.6904,0.0000,0.0000,0.0000,0.0000,63.1643,1,1.2183,-7.6552
42.0006,30.6682,1,0,0,0,1.2184,1.2916,-7.6553,0.0000,-8.0000,NaN,NaN,0,0,0,0,0.0000,0.0000,-8.0000,0,2.0000,-4.0000,0.0000,0,0,168.6903,0.0000,0.0000,0.0000,0.0000,63.1043,1,1.2184,-7.6553
42.0511,30.7187,1,0,0,0,1.2183,1.2977,-7.6552,0.0000,-8.0000,NaN,NaN,0,0,0,0,0.0000,0.0000,-8.0000,0,2.0000,-4.0000,0.0000,0,0,168.6902,0.0000,0.0000,0.0000,0.0000,63.0443,1,1.2183,-7.6552
42.1019,30.7695,1,0,0,0,1.2181,1.3037,-7.6552,0.0000,-8.0000,NaN,NaN,0,0,0,0,0.0000,0.0000,-8.0000,0,2.0000,-4.0000,0.0000,0,0,168.6901,0.0000,0.0000,0.0000,0.0000,63.0043,1,1.2181,-7.6552
42.1686,30.8363,1,0,0,0,1.2176,1.3111,-7.6551,0.0000,-8.0000,NaN,NaN,0,0,0,0,0.0000,0.0000,-8.0000,0,2.0000,-4.0000,0.0000,0,0,168.6899,0.0000,0.0000,0.0000,0.0000,62.9243,1,1.2176,-7.6551
42.2353,30.9029,1,0,0,0,1.2169,1.3177,-7.6550,0.0000,-8.0000,NaN,NaN,0,0,0,0,0.0000,0.0000,-8.0000,0,2.0000,-4.0000,0.0000,0,0,168.6897,0.0000,0.0000,0.0000,0.0000,62.8643,1,1.2169,-7.6550
42.3020,30.9696,1,0,0,0,1.2159,1.3234,-7.6548,0.0000,-8.0000,NaN,NaN,0,0,0,0,0.0000,0.0000,-8.0000,0,2.0000,-4.0000,0.0000,0,0,168.6895,0.0000,0.0000,0.0000,0.0000,62.8043,1,1.2159,-7.6548
42.3686,31.0363,1,0,0,0,1.2148,1.3280,-7.6546,0.0000,-8.0000,NaN,NaN,0,0,0,0,0.0000,0.0000,-8.0000,0,2.0000,-4.0000,0.0000,0,0,168.6893,0.0000,0.0000,0.0000,0.0000,62.7243,1,1.2148,-7.6546
42.4356,31.1033,1,0,0,0,1.2135,1.3312,-7.6543,0.0000,-8.0000,NaN,NaN,0,0,0,0,0.0000,0.0000,-8.0000,0,2.0000,-4.0000,0.0000,0,0,168.6891,0.0000,0.0000,0.0000,0.0000,62.6643,1,1.2135,-7.6543
42.4858,31.1534,1,0,0,0,1.2123,1.3327,-7.6541,0.0000,-8.0000,NaN,NaN,0,0,0,0,0.0000,0.0000,-8.0000,0,2.0000,-4.0000,0.0000,0,0,168.6890,0.0000,0.0000,0.0000,0.0000,62.6043,1,1.2123,-7.6541
42.5361,31.2037,1,0,0,0,1.2111,1.3333,-7.6539,0.0000,-8.0000,NaN,NaN,0,0,0,0,0.0000,0.0000,-8.0000,0,2.0000,-4.0000,0.0000,0,0,168.6889,0.0000,0.0000,0.0000,0.0000,62.5643,1,1.2111,-7.6539
42.6028,31.2704,1,0,0,0,1.2093,1.3328,-7.6535,0.0000,-8.0000,NaN,NaN,0,0,0,0,0.0000,0.0000,-8.0000,0,2.0000,-4.0000,0.0000,0,0,168.6888,0.0000,0.0000,0.0000,0.0000,62.5043,1,1.2093,-7.6535
42.6694,31.3371,1,0,0,0,1.2074,1.3309,-7.6531,0.0000,-8.0000,NaN,NaN,0,0,0,0,0.0000,0.0000,-8.0000,0,2.0000,-4.0000,0.0000,0,0,168.6888,0.0000,0.0000,0.0000,0.0000,62.4243,1,1.2074,-7.6531
42.7361,31.4037,1,0,0,0,1.2053,1.3275,-7.6527,0.0000,-8.0000,NaN,NaN,0,0,0,0,0.0000,0.0000,-8.0000,0,2.0000,-4.0000,0.0000,0,0,168.6889,0.0000,0.0000,0.0000,0.0000,62.3643,1,1.2053,-7.6527
42.7866,31.4542,1,0,0,0,1.2037,1.3241,-7.6523,0.0000,-8.0000,NaN,NaN,0,0,0,0,0.0000,0.0000,-8.0000,0,2.0000,-4.0000,0.0000,0,0,168.6889,0.0000,0.0000,0.0000,0.0000,62.3043,1,1.2037,-7.6523
42.8369,31.5046,1,0,0,0,1.2019,1.3199,-7.6519,0.0000,-8.0000,NaN,NaN,0,0,0,0,0.0000,0.0000,-8.0000,0,2.0000,-4.0000,0.0000,0,0,168.6890,0.0000,0.0000,0.0000,0.0000,62.2643,1,1.2019,-7.6519
42.8874,31.5550,1,0,0,0,1.2002,1.3152,-7.6515,0.0000,-8.0000,NaN,NaN,0,0,0,0,0.0000,0.0000,-8.0000,0,2.0000,-4.0000,0.0000,0,0,168.6891,0.0000,0.0000,0.0000,0.0000,62.2043,1,1.2002,-7.6515
42.9541,31.6217,1,0,0,0,1.1978,1.3083,-7.6510,0.0000,-8.0000,NaN,NaN,0,0,0,0,0.0000,0.0000,-8.0000,0,2.0000,-4.0000,0.0000,0,0,168.6893,0.0000,0.0000,0.0000,0.0000,62.1443,1,1.1978,-7.6510
43.0207,31.6884,1,0,0,0,1.1954,1.3007,-7.6504,0.0000,-8.0000,NaN,NaN,0,0,0,0,0.0000,0.0000,-8.0000,0,2.0000,-4.0000,0.0000,0,0,168.6895,0.0000,0.0000,0.0000,0.0000,62.0843,1,1.1954,-7.6504
43.0875,31.7551,1,0,0,0,1.1929,1.2927,-7.6497,0.0000,-8.0000,NaN,NaN,0,0,0,0,0.0000,0.0000,-8.0000,0,2.0000,-4.0000,0.0000,0,0,168.6897,0.0000,0.0000,0.0000,0.0000,62.0043,1,1.1929,-7.6497
43.1376,31.8052,1,0,0,0,1.1910,1.2866,-7.6492,0.0000,-8.0000,NaN,NaN,0,0,0,0,0.0000,0.0000,-8.0000,0,2.0000,-4.0000,0.0000,0,0,168.6898,0.0000,0.0000,0.0000,0.0000,61.9643,1,1.1910,-7.6492
43.1882,31.8558,1,0,0,0,1.1891,1.2805,-7.6486,0.0000,-8.0000,NaN,NaN,0,0,0,0,0.0000,0.0000,-8.0000,0,2.0000,-4.0000,0.0000,0,0,168.6899,0.0000,0.0000,0.0000,0.0000,61.9043,1,1.1891,-7.6486
43.2383,31.9059,1,0,0,0,1.1872,1.2747,-7.6481,0.0000,-8.0000,NaN,NaN,0,0,0,0,0.0000,0.0000,-8.0000,0,2.0000,-4.0000,0.0000,0,0,168.6901,0.0000,0.0000,0.0000,0.0000,61.8643,1,1.1872,-7.6481
43.2893,31.9569,1,0,0,0,1.1854,1.2691,-7.6475,0.0000,-8.0000,NaN,NaN,0,0,0,0,0.0000,0.0000,-8.0000,0,2.0000,-4.0000,0.0000,0,0,168.6902,0.0000,0.0000,0.0000,0.0000,61.8043,1,1.1854,-7.6475
43.3396,32.0073,1,0,0,0,1.1835,1.2640,-7.6469,0.0000,-8.0000,NaN,NaN,0,0,0,0,0.0000,0.0000,-8.0000,0,2.0000,-4.0000,0.0000,0,0,168.6902,0.0000,0.0000,0.0000,0.0000,61.7643,1,1.1835,-7.6469
43.3898,32.0574,1,0,0,0,1.1818,1.2594,-7.6463,0.0000,-8.0000,NaN,NaN,0,0,0,0,0.0000,0.0000,-8.0000,0,2.0000,-4.0000,0.0000,0,0,168.6903,0.0000,0.0000,0.0000,0.0000,61.7043,1,1.1818,-7.6463
43.4401,32.1078,1,0,0,0,1.1800,1.2554,-7.6457,0.0000,-8.0000,NaN,NaN,0,0,0,0,0.0000,0.0000,-8.0000,0,2.0000,-4.0000,0.0000,0,0,168.6903,0.0000,0.0000,0.0000,0.0000,61.6643,1,1.1800,-7.6457
43.4906,32.1582,1,0,0,0,1.1783,1.2521,-7.6450,0.0000,-8.0000,NaN,NaN,0,0,0,0,0.0000,0.0000,-8.0000,0,2.0000,-4.0000,0.0000,0,0,168.6903,0.0000,0.0000,0.0000,0.0000,61.6043,1,1.1783,-7.6450
43.5576,32.2252,1,0,0,0,1.1762,1.2488,-7.6441,0.0000,-8.0000,NaN,NaN,0,0,0,0,0.0000,0.0000,-8.0000,0,2.0000,-4.0000,0.0000,0,0,168.6902,0.0000,0.0000,0.0000,0.0000,61.5443,1,1.1762,-7.6441
43.6239,32.2916,1,0,0,0,1.1741,1.2470,-7.6432,0.0000,-8.0000,NaN,NaN,0,0,0,0,0.0000,0.0000,-8.0000,0,2.0000,-4.0000,0.0000,0,0,168.6902,0.0000,0.0000,0.0000,0.0000,61.4843,1,1.1741,-7.6432
43.6745,32.3421,1,0,0,0,1.1727,1.2467,-7.6425,0.0000,-8.0000,NaN,NaN,0,0,0,0,0.0000,0.0000,-8.0000,0,2.0000,-4.0000,0.0000,0,0,168.6900,0.0000,0.0000,0.0000,0.0000,61.4243,1,1.1727,-7.6425
43.7411,32.4088,1,0,0,0,1.1709,1.2475,-7.6415,0.0000,-8.0000,NaN,NaN,0,0,0,0,0.0000,0.0000,-8.0000,0,2.0000,-4.0000,0.0000,0,0,168.6899,0.0000,0.0000,0.0000,0.0000,61.3643,1,1.1709,-7.6415
43.8078,32.4754,1,0,0,0,1.1693,1.2498,-7.6405,0.0000,-8.0000,NaN,NaN,0,0,0,0,0.0000,0.0000,-8.0000,0,2.0000,-4.0000,0.0000,0,0,168.6897,0.0000,0.0000,0.0000,0.0000,61.2843,1,1.1693,-7.6405
43.8583,32.5259,1,0,0,0,1.1682,1.2525,-7.6398,0.0000,-8.0000,NaN,NaN,0,0,0,0,0.0000,0.0000,-8.0000,0,2.0000,-4.0000,0.0000,0,0,168.6895,0.0000,0.0000,0.0000,0.0000,61.2443,1,1.1682,-7.6398
43.9091,32.5767,1,0,0,0,1.1672,1.2560,-7.6390,0.0000,-8.0000,NaN,NaN,0,0,0,0,0.0000,0.0000,-8.0000,0,2.0000,-4.0000,0.0000,0,0,168.6894,0.0000,0.0000,0.0000,0.0000,61.1843,1,1.1672,-7.6390
43.9757,32.6434,1,0,0,0,1.1661,1.2616,-7.6380,0.0000,-8.0000,NaN,NaN,0,0,0,0,0.0000,0.0000,-8.0000,0,2.0000,-4.0000,0.0000,0,0,168.6892,0.0000,0.0000,0.0000,0.0000,61.1243,1,1.1661,-7.6380
44.0258,32.6934,1,0,0,0,1.1654,1.2664,-7.6372,0.0000,-8.0000,NaN,NaN,0,0,0,0,0.0000,0.0000,-8.0000,0,2.0000,-4.0000,0.0000,0,0,168.6890,0.0000,0.0000,0.0000,0.0000,61.0643,1,1.1654,-7.6372
44.0763,32.7439,1,0,0,0,1.1647,1.2718,-7.6364,0.0000,-8.0000,NaN,NaN,0,0,0,0,0.0000,0.0000,-8.0000,0,2.0000,-4.0000,0.0000,0,0,168.6889,0.0000,0.0000,0.0000,0.0000,61.0243,1,1.1647,-7.6364
44.1430,32.8106,1,0,0,0,1.1641,1.2794,-7.6354,0.0000,-8.0000,NaN,NaN,0,0,0,0,0.0000,0.0000,-8.0000,0,2.0000,-4.0000,0.0000,0,0,168.6888,0.0000,0.0000,0.0000,0.0000,60.9643,1,1.1641,-7.6354
44.1932,32.8608,1,0,0,0,1.1638,1.2854,-7.6346,0.0000,-8.0000,NaN,NaN,0,0,0,0,0.0000,0.0000,-8.0000,0,2.0000,-4.0000,0.0000,0,0,168.6887,0.0000,0.0000,0.0000,0.0000,60.9043,1,1.1638,-7.6346
44.2437,32.9114,1,0,0,0,1.1636,1.2915,-7.6338,0.0000,-8.0000,NaN,NaN,0,0,0,0,0.0000,0.0000,-8.0000,0,2.0000,-4.0000,0.0000,0,0,168.6887,0.0000,0.0000,0.0000,0.0000,60.8643,1,1.1636,-7.6338
44.2938,32.9614,1,0,0,0,1.1636,1.2976,-7.6330,0.0000,-8.0000,NaN,NaN,0,0,0,0,0.0000,0.0000,-8.0000,0,2.0000,-4.0000,0.0000,0,0,168.6886,0.0000,0.0000,0.0000,0.0000,60.8043,1,1.1636,-7.6330
44.3443,33.0119,1,0,0,0,1.1636,1.3035,-7.6323,0.0000,-8.0000,NaN,NaN,0,0,0,0,0.0000,0.0000,-8.0000,0,2.0000,-4.0000,0.0000,0,0,168.6886,0.0000,0.0000,0.0000,0.0000,60.7643,1,1.1636,-7.6323
44.3947,33.0623,1,0,0,0,1.1638,1.3092,-7.6315,0.0000,-8.0000,NaN,NaN,0,0,0,0,0.0000,0.0000,-8.0000,0,2.0000,-4.0000,0.0000,0,0,168.6887,0.0000,0.0000,0.0000,0.0000,60.7043,1,1.1638,-7.6315
44.4450,33.1126,1,0,0,0,1.1641,1.3144,-7.6308,0.0000,-8.0000,NaN,NaN,0,0,0,0,0.0000,0.0000,-8.0000,0,2.0000,-4.0000,0.0000,0,0,168.6888,0.0000,0.0000,0.0000,0.0000,60.6643,1,1.1641,-7.6308
44.5118,33.1795,1,0,0,0,1.1647,1.3206,-7.6298,0.0000,-8.0000,NaN,NaN,0,0,0,0,0.0000,0.0000,-8.0000,0,2.0000,-4.0000,0.0000,0,0,168.6889,0.0000,0.0000,0.0000,0.0000,60.5843,1,1.1647,-7.6298
44.5625,33.2301,1,0,0,0,1.1653,1.3246,-7.6291,0.0000,-8.0000,NaN,NaN,0,0,0,0,0.0000,0.0000,-8.0000,0,2.0000,-4.0000,0.0000,0,0,168.6890,0.0000,0.0000,0.0000,0.0000,60.5443,1,1.1653,-7.6291
44.6126,33.2803,1,0,0,0,1.1660,1.3280,-7.6284,0.0000,-8.0000,NaN,NaN,0,0,0,0,0.0000,0.0000,-8.0000,0,2.0000,-4.0000,0.0000,0,0,168.6891,0.0000,0.0000,0.0000,0.0000,60.4843,1,1.1660,-7.6284
44.6629,33.3305,1,0,0,0,1.1668,1.3305,-7.6277,0.0000,-8.0000,NaN,NaN,0,0,0,0,0.0000,0.0000,-8.0000,0,2.0000,-4.0000,0.0000,0,0,168.6893,0.0000,0.0000,0.0000,0.0000,60.4443,1,1.1668,-7.6277
44.7133,33.3810,1,0,0,0,1.1678,1.3323,-7.6270,0.0000,-8.0000,NaN,NaN,0,0,0,0,0.0000,0.0000,-8.0000,0,2.0000,-4.0000,0.0000,0,0,168.6894,0.0000,0.0000,0.0000,0.0000,60.3843,1,1.1678,-7.6270
44.7635,33.4311,1,0,0,0,1.1688,1.3332,-7.6264,0.0000,-8.0000,NaN,NaN,0,0,0,0,0.0000,0.0000,-8.0000,0,2.0000,-4.0000,0.0000,0,0,168.6896,0.0000,0.0000,0.0000,0.0000,60.3443,1,1.1688,-7.6264
44.8141,33.4818,1,0,0,0,1.1699,1.3332,-7.6258,0.0000,-8.0000,NaN,NaN,0,0,0,0,0.0000,0.0000,-8.0000,0,2.0000,-4.0000,0.0000,0,0,168.6897,0.0000,0.0000,0.0000,0.0000,60.2843,1,1.1699,-7.6258
44.8651,33.5327,1,0,0,0,1.1712,1.3324,-7.6252,0.0000,-8.0000,NaN,NaN,0,0,0,0,0.0000,0.0000,-8.0000,0,2.0000,-4.0000,0.0000,0,0,168.6898,0.0000,0.0000,0.0000,0.0000,60.2243,1,1.1712,-7.6252
44.9153,33.5829,1,0,0,0,1.1725,1.3308,-7.6246,0.0000,-8.0000,NaN,NaN,0,0,0,0,0.0000,0.0000,-8.0000,0,2.0000,-4.0000,0.0000,0,0,168.6899,0.0000,0.0000,0.0000,0.0000,60.1843,1,1.1725,-7.6246
44.9655,33.6331,1,0,0,0,1.1738,1.3283,-7.6241,0.0000,-8.0000,NaN,NaN,0,0,0,0,0.0000,0.0000,-8.0000,0,2.0000,-4.0000,0.0000,0,0,168.6900,0.0000,0.0000,0.0000,0.0000,60.1243,1,1.1738,-7.6241
45.0166,33.6843,1,0,0,0,1.1753,1.3251,-7.6236,0.0000,-8.0000,NaN,NaN,0,0,0,0,0.0000,0.0000,-8.0000,0,2.0000,-4.0000,0.0000,0,0,168.6901,0.0000,0.0000,0.0000,0.0000,60.0843,1,1.1753,-7.6236
45.0670,33.7347,1,0,0,0,1.1768,1.3211,-7.6231,0.0000,-8.0000,NaN,NaN,0,0,0,0,0.0000,0.0000,-8.0000,0,2.0000,-4.0000,0.0000,0,0,168.6901,0.0000,0.0000,0.0000,0.0000,60.0243,1,1.1768,-7.6231
45.1175,33.7852,1,0,0,0,1.1784,1.3166,-7.6227,0.0000,-8.0000,NaN,NaN,0,0,0,0,0.0000,0.0000,-8.0000,0,2.0000,-4.0000,0.0000,0,0,168.6901,0.0000,0.0000,0.0000,0.0000,59.9843,1,1.1784,-7.6227
45.1842,33.8518,1,0,0,0,1.1806,1.3098,-7.6222,0.0000,-8.0000,NaN,NaN,0,0,0,0,0.0000,0.0000,-8.0000,0,2.0000,-4.0000,0.0000,0,0,168.6901,0.0000,0.0000,0.0000,0.0000,59.9243,1,1.1806,-7.6222
45.2509,33.9186,1,0,0,0,1.1828,1.3023,-7.6218,0.0000,-8.0000,NaN,NaN,0,0,0,0,0.0000,0.0000,-8.0000,0,2.0000,-4.0000,0.0000,0,0,168.6900,0.0000,0.0000,0.0000,0.0000,59.8443,1,1.1828,-7.6218
45.3176,33.9852,1,0,0,0,1.1851,1.2943,-7.6215,0.0000,-8.0000,NaN,NaN,0,0,0,0,0.0000,0.0000,-8.0000,0,2.0000,-4.0000,0.0000,0,0,168.6899,0.0000,0.0000,0.0000,0.0000,59.7843,1,1.1851,-7.6215
