[Licensing::Module] Trying to connect to existing licensing client channel...
Built from '6000.5/staging' branch; Version is '6000.5.8f1 (5cb7df797b7d) revision 6076383'; Using compiler version '194234433'; Build Type 'Release'
[Licensing::IpcConnector] Channel LicenseClient-matth doesn't exist
OS: 'Windows 10  (10.0.19045) 64bit Core' Language: 'en' Physical Memory: 16335 MB
BatchMode: 1, IsHumanControllingUs: 0, StartBugReporterOnCrash: 0, Is64bit: 1
System  architecture: x64
Process architecture: x64
Date: 2026-10-08T02:50:08Z
[Licensing::Module] Successfully launched the LicensingClient (PId: 68992)

COMMAND LINE ARGUMENTS:
C:/Program Files/Unity/Hub/Editor/6000.5.8f1/Editor/Unity.exe
-projectPath
C:\Users\matth\Documents\Codex\work\tump-competition-candidate1003i
-batchmode
-force-d3d11
-tp-profile
pc-scenery-owner-home-roster-preparation-bake-missing1008
-executeMethod
TumbangPreso.EditorTools.RootedAnimationAuthor.RunMissing
-logFile
C:\Users\matth\Documents\Codex\work\tump-competition-candidate1003i\Logs\release-ui-perf1008g\home-roster-preparation-bake-missing1008\editor.log
Successfully changed project path to: C:\Users\matth\Documents\Codex\work\tump-competition-candidate1003i
C:/Users/matth/Documents/Codex/work/tump-competition-candidate1003i
[UnityMemory] Configuration Parameters - Can be set up in boot.config
    "memorysetup-temp-allocator-size-gi-baking-worker=262144"
    "memorysetup-temp-allocator-size-gi-baking-worker=262144"
    "memorysetup-temp-allocator-size-gi-baking-worker=262144"
    "memorysetup-temp-allocator-size-gi-baking-worker=262144"
    "memorysetup-temp-allocator-size-gi-baking-worker=262144"
    "memorysetup-temp-allocator-size-nav-mesh-worker=65536"
    "memorysetup-temp-allocator-size-audio-worker=65536"
    "memorysetup-temp-allocator-size-cloud-worker=32768"
    "memorysetup-temp-allocator-size-gfx=262144"
    "memorysetup-temp-allocator-size-preload-manager=33554432"
    "memorysetup-allocator-temp-initial-block-size-main=262144"
    "memorysetup-allocator-temp-initial-block-size-worker=262144"
    "memorysetup-temp-allocator-size-job-worker=262144"
    "memorysetup-temp-allocator-size-background-worker=32768"
    "memorysetup-bucket-allocator-granularity=16"
    "memorysetup-bucket-allocator-bucket-count=8"
    "memorysetup-bucket-allocator-block-size=33554432"
    "memorysetup-bucket-allocator-block-count=8"
    "memorysetup-main-allocator-block-size=16777216"
    "memorysetup-thread-allocator-block-size=16777216"
    "memorysetup-main-allocator-mimalloc-enabled=0"
    "memorysetup-gfx-main-allocator-block-size=16777216"
    "memorysetup-gfx-thread-allocator-block-size=16777216"
    "memorysetup-cache-allocator-block-size=4194304"
    "memorysetup-typetree-allocator-block-size=2097152"
    "memorysetup-profiler-bucket-allocator-granularity=16"
    "memorysetup-profiler-bucket-allocator-bucket-count=8"
    "memorysetup-profiler-bucket-allocator-block-size=33554432"
    "memorysetup-profiler-bucket-allocator-block-count=8"
    "memorysetup-profiler-allocator-block-size=16777216"
    "memorysetup-profiler-editor-allocator-block-size=1048576"
    "memorysetup-temp-allocator-size-main=16777216"
    "memorysetup-job-temp-allocator-block-size=2097152"
    "memorysetup-job-temp-allocator-block-size-background=1048576"
    "memorysetup-job-temp-allocator-reduction-small-platforms=262144"
Logging is directed to a specific file, skipping project log.Player connection [62136]  Target information:

Player connection [62136]  * "[IP] 192.168.1.7 [Port] 55504 [Flags] 2 [Guid] 3079457383 [EditorId] 3079457383 [Version] 1048832 [Id] WindowsEditor(7,DESKTOP-E4OQK9L) [Debug] 1 [PackageName] WindowsEditor [ProjectName] Editor" 

Player connection [62136]  * "[IP] 169.254.38.78 [Port] 55504 [Flags] 2 [Guid] 3079457383 [EditorId] 3079457383 [Version] 1048832 [Id] WindowsEditor(7,DESKTOP-E4OQK9L) [Debug] 1 [PackageName] WindowsEditor [ProjectName] Editor" 

Player connection [62136] Host joined multi-casting on [225.0.0.222:54997]...
Player connection [62136] Host joined alternative multi-casting on [225.0.0.222:34997]...
Input System module state changed to: Initialized.
[Physics::Module] Initialized fallback backend.
[Physics::Module] Id: 0xdecafbad
[Licensing::IpcConnector] Successfully connected to: "LicenseClient-matth" at "2026-10-08T02:50:09.3015531Z"
[Licensing::Client] Code 10 while verifying Licensing Client signature (process Id: 68992, path: "C:/Program Files/Unity/Hub/Editor/6000.5.8f1/Editor/Data/Resources/Licensing/Client/Unity.Licensing.Client.exe")
[Licensing::Module] LicensingClient has failed validation; ignoring
[Licensing::Client] Handshaking with LicensingClient:
  Version:                 1.18.1+9fbee8e
  Session Id:              23022bb080b04e82992828f15b4ee3da
  Correlation Id:          0b1117c63ab2b99bde72395d766d7fc4
  External correlation Id: 3119266023737622663
  Machine Id:              AEgR5bR+eVpMXoYwl8lPkzJt1cA=
[Licensing::Module] Successfully connected to LicensingClient on channel: "LicenseClient-matth" (connect: 0.38s, validation: 0.25s, handshake: 0.05s)
[Licensing::IpcConnector] Successfully connected to: "LicenseClient-matth-notifications" at "2026-10-08T02:50:09.6022693Z"
[Licensing::Module] Connected to LicensingClient (PId: 68992, launch time: 0.00, total connection time: 0.68s)
[Licensing::Module] Error: Access token is unavailable; failed to update
[Package Manager] Connected to IPC stream "Upm-52720" after 0.4 seconds.
[Licensing::Module] Licensing is not yet initialized.
[Licensing::Client] Successfully resolved entitlement details
[Licensing::Module] License group:
  Id: 18968509846226-UnityPersXXXX
  Product: Unity Personal
  Type: Assigned
  Expiration: Unlimited
[Licensing::Client] Successfully updated license, isAsync: True, time: 0.01
[Licensing::Client] Successfully resolved entitlement details
[Licensing::Module] Licensing Background thread has ended after 0.74s
[Licensing::Module] Licensing is initialized (took 0.05s).
[Licensing::Client] Successfully resolved entitlement details
Library Redirect Path: Library/
[Physics::Module] Selected backend.
[Physics::Module] Name: PhysX
[Physics::Module] Id: 0xf2b8ea05
[Physics::Module] SDK Version: 4.1.2
[Physics::Module] Integration Version: 1.0.0
[Physics::Module] Threading Mode: Multi-Threaded
Initialize engine version: 6000.5.8f1 (5cb7df797b7d)
[Subsystems] Discovering subsystems at path C:/Program Files/Unity/Hub/Editor/6000.5.8f1/Editor/Data/Resources/UnitySubsystems
[Subsystems] Discovering subsystems at path C:/Users/matth/Documents/Codex/work/tump-competition-candidate1003i/Assets
Forcing GfxDevice: Direct3D 11
GfxDevice: creating device client; kGfxThreadingModeNonThreaded
Direct3D:
    Version:  Direct3D 11.0 [level 11.1]
    Renderer: AMD Radeon RX 6600 (ID=0x73ff)
    Vendor:   ATI
    VRAM:     8147 MB
    Driver:   32.0.21043.19003
Initialize mono
Mono path[0] = 'C:/Program Files/Unity/Hub/Editor/6000.5.8f1/Editor/Data/Managed'
Mono path[1] = 'C:/Program Files/Unity/Hub/Editor/6000.5.8f1/Editor/Data/BCLExtensions/runtime/netstandard2.1'
Mono path[2] = 'C:/Program Files/Unity/Hub/Editor/6000.5.8f1/Editor/Data/MonoBleedingEdge/lib/mono/unityjit-win32'
Mono config path = 'C:/Program Files/Unity/Hub/Editor/6000.5.8f1/Editor/Data/MonoBleedingEdge/etc'
Using monoOptions --debugger-agent=transport=dt_socket,embedding=1,server=y,suspend=n,address=127.0.0.1:56720
CodeReloadManager initialized
ImportWorker Server TCP listen port: 0
AcceleratorClientConnectionCallback - disconnected - :0
Begin MonoManager ReloadAssembly
Registering precompiled unity dll's ...
Register platform support module: C:/Program Files/Unity/Hub/Editor/6000.5.8f1/Editor/Data/PlaybackEngines/WebGLSupport/UnityEditor.WebGL.Extensions.dll
Register platform support module: C:/Program Files/Unity/Hub/Editor/6000.5.8f1/Editor/Data/PlaybackEngines/WindowsStandaloneSupport/UnityEditor.WindowsStandalone.Extensions.dll
Register platform support module: C:/Program Files/Unity/Hub/Editor/6000.5.8f1/Editor/Data/PlaybackEngines/LinuxStandaloneSupport/UnityEditor.LinuxStandalone.Extensions.dll
Registered in 0.008961 seconds.
Native extension for LinuxStandalone target not found
Native extension for WindowsStandalone target not found
Native extension for WebGL target not found
Package Manager log level set to [2]
[Licensing::Client] Successfully resolved entitlement details
ScheduleIndexationOnStartup MainProcess:False IndexOnStartup:True
Mono: successfully reloaded assembly
- Finished resetting the current domain, in  4.985 seconds
Domain Reload Profiling: 5755ms
	BeginReloadAssembly (197ms)
		CreateAndSetChildDomain (21ms)
	RebuildCommonClasses (7ms)
	RebuildNativeTypeToScriptingClass (24ms)
	initialDomainReloadingComplete (104ms)
	LoadAllAssembliesAndSetupDomain (436ms)
		LoadAssemblies (174ms)
		AnalyzeDomain (314ms)
			TypeCache.Refresh (312ms)
				TypeCache.ScanAssembly (294ms)
	FinalizeReload (4987ms)
		SetupLoadedEditorAssemblies (0ms)
			InitializePlatformSupportModulesInManaged (78ms)
			BeforeProcessingInitializeOnLoad (148ms)
			ProcessInitializeOnLoadAttributes (148ms)
			ProcessInitializeOnLoadMethodAttributes (4511ms)
[Licensing::Client] Successfully resolved entitlement details
Application.AssetDatabase Initial Refresh Start
[Package Manager] Restoring resolved packages state from cache
[Licensing::Client] Successfully resolved entitlement details
[Package Manager] Registered 64 packages:
  Packages from [https://packages.unity.com]:
    com.unity.cloud.gltfast@6.14.1 (location: C:\Users\matth\Documents\Codex\work\tump-competition-candidate1003i\Library\PackageCache\com.unity.cloud.gltfast@0847aee0f6da)
    com.unity.inputsystem@1.20.0 (location: C:\Users\matth\Documents\Codex\work\tump-competition-candidate1003i\Library\PackageCache\com.unity.inputsystem@7a4e1a2a8194)
    com.unity.netcode.gameobjects@2.13.1 (location: C:\Users\matth\Documents\Codex\work\tump-competition-candidate1003i\Library\PackageCache\com.unity.netcode.gameobjects@d43d28498f17)
    com.unity.services.core@1.18.0 (location: C:\Users\matth\Documents\Codex\work\tump-competition-candidate1003i\Library\PackageCache\com.unity.services.core@3464cb68d709)
    com.unity.services.authentication@3.7.4 (location: C:\Users\matth\Documents\Codex\work\tump-competition-candidate1003i\Library\PackageCache\com.unity.services.authentication@39eab783227c)
    com.unity.services.multiplayer@2.3.0 (location: C:\Users\matth\Documents\Codex\work\tump-competition-candidate1003i\Library\PackageCache\com.unity.services.multiplayer@17f5d8518517)
    com.unity.pipeline@0.6.0-exp.1 (location: C:\Users\matth\Documents\Codex\work\tump-competition-candidate1003i\Library\PackageCache\com.unity.pipeline@9bb4172c603c)
    com.unity.nuget.mono-cecil@1.11.6 (location: C:\Users\matth\Documents\Codex\work\tump-competition-candidate1003i\Library\PackageCache\com.unity.nuget.mono-cecil@ecb9724e46ff)
    com.unity.nuget.newtonsoft-json@3.2.2 (location: C:\Users\matth\Documents\Codex\work\tump-competition-candidate1003i\Library\PackageCache\com.unity.nuget.newtonsoft-json@4dfd81071c64)
    com.unity.services.qos@1.4.1 (location: C:\Users\matth\Documents\Codex\work\tump-competition-candidate1003i\Library\PackageCache\com.unity.services.qos@03d4b52d4980)
    com.unity.services.wire@1.4.4 (location: C:\Users\matth\Documents\Codex\work\tump-competition-candidate1003i\Library\PackageCache\com.unity.services.wire@aba8a6fb1fe2)
    com.unity.services.deployment@1.7.2 (location: C:\Users\matth\Documents\Codex\work\tump-competition-candidate1003i\Library\PackageCache\com.unity.services.deployment@c07c64f9804b)
    com.unity.burst@1.8.30 (location: C:\Users\matth\Documents\Codex\work\tump-competition-candidate1003i\Library\PackageCache\com.unity.burst@2f3d916873ea)
    com.unity.services.deployment.api@1.1.3 (location: C:\Users\matth\Documents\Codex\work\tump-competition-candidate1003i\Library\PackageCache\com.unity.services.deployment.api@9becf6da0f1a)
    com.unity.test-framework.performance@3.5.0 (location: C:\Users\matth\Documents\Codex\work\tump-competition-candidate1003i\Library\PackageCache\com.unity.test-framework.performance@8b56083ec0f0)
    com.unity.searcher@4.9.5 (location: C:\Users\matth\Documents\Codex\work\tump-competition-candidate1003i\Library\PackageCache\com.unity.searcher@a463122f2c00)
  Built-in packages:
    com.unity.render-pipelines.universal@17.5.0 (location: C:\Users\matth\Documents\Codex\work\tump-competition-candidate1003i\Library\PackageCache\com.unity.render-pipelines.universal@73b4c4ff130e)
    com.unity.test-framework@1.7.0 (location: C:\Users\matth\Documents\Codex\work\tump-competition-candidate1003i\Library\PackageCache\com.unity.test-framework@1405238725ab)
    com.unity.ugui@2.5.0 (location: C:\Users\matth\Documents\Codex\work\tump-competition-candidate1003i\Library\PackageCache\com.unity.ugui@1c4864518158)
    com.unity.multiplayer.center@1.0.1 (location: C:\Users\matth\Documents\Codex\work\tump-competition-candidate1003i\Library\PackageCache\com.unity.multiplayer.center@b860850997d0)
    com.unity.modules.accessibility@1.0.0 (location: C:\Users\matth\Documents\Codex\work\tump-competition-candidate1003i\Library\PackageCache\com.unity.modules.accessibility)
    com.unity.modules.adaptiveperformance@1.0.0 (location: C:\Users\matth\Documents\Codex\work\tump-competition-candidate1003i\Library\PackageCache\com.unity.modules.adaptiveperformance)
    com.unity.modules.ai@1.0.0 (location: C:\Users\matth\Documents\Codex\work\tump-competition-candidate1003i\Library\PackageCache\com.unity.modules.ai)
    com.unity.modules.androidjni@1.0.0 (location: C:\Users\matth\Documents\Codex\work\tump-competition-candidate1003i\Library\PackageCache\com.unity.modules.androidjni)
    com.unity.modules.animation@1.0.0 (location: C:\Users\matth\Documents\Codex\work\tump-competition-candidate1003i\Library\PackageCache\com.unity.modules.animation)
    com.unity.modules.assetbundle@1.0.0 (location: C:\Users\matth\Documents\Codex\work\tump-competition-candidate1003i\Library\PackageCache\com.unity.modules.assetbundle)
    com.unity.modules.audio@1.0.0 (location: C:\Users\matth\Documents\Codex\work\tump-competition-candidate1003i\Library\PackageCache\com.unity.modules.audio)
    com.unity.modules.cloth@1.0.0 (location: C:\Users\matth\Documents\Codex\work\tump-competition-candidate1003i\Library\PackageCache\com.unity.modules.cloth)
    com.unity.modules.director@1.0.0 (location: C:\Users\matth\Documents\Codex\work\tump-competition-candidate1003i\Library\PackageCache\com.unity.modules.director)
    com.unity.modules.imageconversion@1.0.0 (location: C:\Users\matth\Documents\Codex\work\tump-competition-candidate1003i\Library\PackageCache\com.unity.modules.imageconversion)
    com.unity.modules.imgui@1.0.0 (location: C:\Users\matth\Documents\Codex\work\tump-competition-candidate1003i\Library\PackageCache\com.unity.modules.imgui)
    com.unity.modules.jsonserialize@1.0.0 (location: C:\Users\matth\Documents\Codex\work\tump-competition-candidate1003i\Library\PackageCache\com.unity.modules.jsonserialize)
    com.unity.modules.particlesystem@1.0.0 (location: C:\Users\matth\Documents\Codex\work\tump-competition-candidate1003i\Library\PackageCache\com.unity.modules.particlesystem)
    com.unity.modules.physics@1.0.0 (location: C:\Users\matth\Documents\Codex\work\tump-competition-candidate1003i\Library\PackageCache\com.unity.modules.physics)
    com.unity.modules.physics2d@1.0.0 (location: C:\Users\matth\Documents\Codex\work\tump-competition-candidate1003i\Library\PackageCache\com.unity.modules.physics2d)
    com.unity.modules.physicscore2d@1.0.0 (location: C:\Users\matth\Documents\Codex\work\tump-competition-candidate1003i\Library\PackageCache\com.unity.modules.physicscore2d)
    com.unity.modules.screencapture@1.0.0 (location: C:\Users\matth\Documents\Codex\work\tump-competition-candidate1003i\Library\PackageCache\com.unity.modules.screencapture)
    com.unity.modules.terrain@1.0.0 (location: C:\Users\matth\Documents\Codex\work\tump-competition-candidate1003i\Library\PackageCache\com.unity.modules.terrain)
    com.unity.modules.terrainphysics@1.0.0 (location: C:\Users\matth\Documents\Codex\work\tump-competition-candidate1003i\Library\PackageCache\com.unity.modules.terrainphysics)
    com.unity.modules.tilemap@1.0.0 (location: C:\Users\matth\Documents\Codex\work\tump-competition-candidate1003i\Library\PackageCache\com.unity.modules.tilemap)
    com.unity.modules.ui@1.0.0 (location: C:\Users\matth\Documents\Codex\work\tump-competition-candidate1003i\Library\PackageCache\com.unity.modules.ui)
    com.unity.modules.uielements@1.0.0 (location: C:\Users\matth\Documents\Codex\work\tump-competition-candidate1003i\Library\PackageCache\com.unity.modules.uielements)
    com.unity.modules.umbra@1.0.0 (location: C:\Users\matth\Documents\Codex\work\tump-competition-candidate1003i\Library\PackageCache\com.unity.modules.umbra)
    com.unity.modules.unityanalytics@1.0.0 (location: C:\Users\matth\Documents\Codex\work\tump-competition-candidate1003i\Library\PackageCache\com.unity.modules.unityanalytics)
    com.unity.modules.unitywebrequest@1.0.0 (location: C:\Users\matth\Documents\Codex\work\tump-competition-candidate1003i\Library\PackageCache\com.unity.modules.unitywebrequest)
    com.unity.modules.unitywebrequestassetbundle@1.0.0 (location: C:\Users\matth\Documents\Codex\work\tump-competition-candidate1003i\Library\PackageCache\com.unity.modules.unitywebrequestassetbundle)
    com.unity.modules.unitywebrequestaudio@1.0.0 (location: C:\Users\matth\Documents\Codex\work\tump-competition-candidate1003i\Library\PackageCache\com.unity.modules.unitywebrequestaudio)
    com.unity.modules.unitywebrequesttexture@1.0.0 (location: C:\Users\matth\Documents\Codex\work\tump-competition-candidate1003i\Library\PackageCache\com.unity.modules.unitywebrequesttexture)
    com.unity.modules.unitywebrequestwww@1.0.0 (location: C:\Users\matth\Documents\Codex\work\tump-competition-candidate1003i\Library\PackageCache\com.unity.modules.unitywebrequestwww)
    com.unity.modules.vectorgraphics@1.0.0 (location: C:\Users\matth\Documents\Codex\work\tump-competition-candidate1003i\Library\PackageCache\com.unity.modules.vectorgraphics)
    com.unity.modules.vehicles@1.0.0 (location: C:\Users\matth\Documents\Codex\work\tump-competition-candidate1003i\Library\PackageCache\com.unity.modules.vehicles)
    com.unity.modules.video@1.0.0 (location: C:\Users\matth\Documents\Codex\work\tump-competition-candidate1003i\Library\PackageCache\com.unity.modules.video)
    com.unity.modules.wind@1.0.0 (location: C:\Users\matth\Documents\Codex\work\tump-competition-candidate1003i\Library\PackageCache\com.unity.modules.wind)
    com.unity.modules.xr@1.0.0 (location: C:\Users\matth\Documents\Codex\work\tump-competition-candidate1003i\Library\PackageCache\com.unity.modules.xr)
    com.unity.modules.subsystems@1.0.0 (location: C:\Users\matth\Documents\Codex\work\tump-competition-candidate1003i\Library\PackageCache\com.unity.modules.subsystems)
    com.unity.modules.hierarchycore@1.0.0 (location: C:\Users\matth\Documents\Codex\work\tump-competition-candidate1003i\Library\PackageCache\com.unity.modules.hierarchycore)
    com.unity.collections@6.5.0 (location: C:\Users\matth\Documents\Codex\work\tump-competition-candidate1003i\Library\PackageCache\com.unity.collections@ec2c217e4cb2)
    com.unity.ext.nunit@2.1.0 (location: C:\Users\matth\Documents\Codex\work\tump-competition-candidate1003i\Library\PackageCache\com.unity.ext.nunit@44f7d31723bd)
    com.unity.render-pipelines.core@17.5.0 (location: C:\Users\matth\Documents\Codex\work\tump-competition-candidate1003i\Library\PackageCache\com.unity.render-pipelines.core@a4c9a9793789)
    com.unity.shadergraph@17.5.0 (location: C:\Users\matth\Documents\Codex\work\tump-competition-candidate1003i\Library\PackageCache\com.unity.shadergraph@8d7376ec43ee)
    com.unity.render-pipelines.universal-config@17.5.0 (location: C:\Users\matth\Documents\Codex\work\tump-competition-candidate1003i\Library\PackageCache\com.unity.render-pipelines.universal-config@fdda01c80fe3)
    com.unity.mathematics@1.4.0 (location: C:\Users\matth\Documents\Codex\work\tump-competition-candidate1003i\Library\PackageCache\com.unity.mathematics@981956d94fb6)
  Embedded packages:
    com.tumbangpreso.core@file:C:\Users\matth\Documents\Codex\work\tump-competition-candidate1003i\Packages\com.tumbangpreso.core (location: C:\Users\matth\Documents\Codex\work\tump-competition-candidate1003i\Packages\com.tumbangpreso.core)
    com.unity.transport@file:C:\Users\matth\Documents\Codex\work\tump-competition-candidate1003i\Packages\com.unity.transport (location: C:\Users\matth\Documents\Codex\work\tump-competition-candidate1003i\Packages\com.unity.transport)
[Subsystems] No new subsystems found in resolved package list.
[Package Manager] Done registering packages in 0.03 seconds
[ScriptCompilation] Requested script compilation because: AssetDatabase observed changes in script compilation related files
Starting: C:\Program Files\Unity\Hub\Editor\6000.5.8f1\Editor\Data\Tools\BuildPipeline\bee_backend.exe --ipc --defer-dag-verification --dagfile="Library/Bee/1900b0aE.dag" --continue-on-failure --profile="Library/Bee/backend1.traceevents" ScriptAssemblies
WorkingDir: C:/Users/matth/Documents/Codex/work/tump-competition-candidate1003i
DisplayProgressbar: Compiling Scripts
ExitCode: 0 Duration: 8s703ms
[ 949/1243  0s] ILPP-Configuration Library/ilpp-configuration.nevergeneratedoutput
[1235/1243  4s] Csc Library/Bee/artifacts/1900b0aE.dag/TumbangPreso.Editor.dll (+2 others)
Assets\TumbangPreso\Editor\GroundProbe.cs(54,71): warning CS0618: 'FindObjectsSortMode' is obsolete: 'FindObjectsSortMode has been deprecated. Use the FindObjectsByType overloads that do not take a FindObjectsSortMode parameter.'

Assets\TumbangPreso\Editor\GroundProbe.cs(54,39): warning CS0618: 'Object.FindObjectsByType<T>(FindObjectsSortMode)' is obsolete: 'FindObjectsByType with FindObjectsSortMode parameter has been deprecated. Use FindObjectsByType<T>() or FindObjectsByType<T>(FindObjectsInactive) instead. InstanceID will be replaced in the future with EntityId and previous sort order cannot be maintained.'

Assets\TumbangPreso\Editor\CharacterRedesignLineup.cs(261,63): warning CS0618: 'FindObjectsSortMode' is obsolete: 'FindObjectsSortMode has been deprecated. Use the FindObjectsByType overloads that do not take a FindObjectsSortMode parameter.'

Assets\TumbangPreso\Editor\CharacterRedesignLineup.cs(261,31): warning CS0618: 'Object.FindObjectsByType<T>(FindObjectsSortMode)' is obsolete: 'FindObjectsByType with FindObjectsSortMode parameter has been deprecated. Use FindObjectsByType<T>() or FindObjectsByType<T>(FindObjectsInactive) instead. InstanceID will be replaced in the future with EntityId and previous sort order cannot be maintained.'

Assets\TumbangPreso\Editor\HomeAssetsAuthor.cs(18,17): warning CS0618: 'FindObjectsSortMode' is obsolete: 'FindObjectsSortMode has been deprecated. Use the FindObjectsByType overloads that do not take a FindObjectsSortMode parameter.'

Assets\TumbangPreso\Editor\HomeAssetsAuthor.cs(17,26): warning CS0618: 'Object.FindObjectsByType<T>(FindObjectsInactive, FindObjectsSortMode)' is obsolete: 'FindObjectsByType with FindObjectsSortMode parameter has been deprecated. Use FindObjectsByType<T>() or FindObjectsByType<T>(FindObjectsInactive) instead. InstanceID will be replaced in the future with EntityId and previous sort order cannot be maintained.'

Assets\TumbangPreso\Editor\GameBuilder.cs(272,45): warning CS0618: 'AndroidArchitecture.X86_64' is obsolete: 'X86_64 is no longer supported.'

Assets\TumbangPreso\Editor\GameBuilder.cs(310,13): warning CS0618: 'PlayerSettings.Android.startInFullscreen' is obsolete: 'startInFullscreen is deprecated, use requestedVisibleInsets together with AndroidWindowInsetsType.NavigationBars.'

Assets\TumbangPreso\Editor\MapKit\WorldOutlineProbe.cs(75,55): warning CS0618: 'FindObjectsSortMode' is obsolete: 'FindObjectsSortMode has been deprecated. Use the FindObjectsByType overloads that do not take a FindObjectsSortMode parameter.'

Assets\TumbangPreso\Editor\MapKit\WorldOutlineProbe.cs(74,34): warning CS0618: 'Object.FindObjectsByType<T>(FindObjectsInactive, FindObjectsSortMode)' is obsolete: 'FindObjectsByType with FindObjectsSortMode parameter has been deprecated. Use FindObjectsByType<T>() or FindObjectsByType<T>(FindObjectsInactive) instead. InstanceID will be replaced in the future with EntityId and previous sort order cannot be maintained.'

Assets\TumbangPreso\Editor\UiProbe.cs(46,59): warning CS0618: 'FindObjectsSortMode' is obsolete: 'FindObjectsSortMode has been deprecated. Use the FindObjectsByType overloads that do not take a FindObjectsSortMode parameter.'

Assets\TumbangPreso\Editor\UiProbe.cs(45,39): warning CS0618: 'Object.FindObjectsByType<T>(FindObjectsInactive, FindObjectsSortMode)' is obsolete: 'FindObjectsByType with FindObjectsSortMode parameter has been deprecated. Use FindObjectsByType<T>() or FindObjectsByType<T>(FindObjectsInactive) instead. InstanceID will be replaced in the future with EntityId and previous sort order cannot be maintained.'

Assets\TumbangPreso\Editor\UiProbe.cs(54,59): warning CS0618: 'FindObjectsSortMode' is obsolete: 'FindObjectsSortMode has been deprecated. Use the FindObjectsByType overloads that do not take a FindObjectsSortMode parameter.'

Assets\TumbangPreso\Editor\UiProbe.cs(53,40): warning CS0618: 'Object.FindObjectsByType<T>(FindObjectsInactive, FindObjectsSortMode)' is obsolete: 'FindObjectsByType with FindObjectsSortMode parameter has been deprecated. Use FindObjectsByType<T>() or FindObjectsByType<T>(FindObjectsInactive) instead. InstanceID will be replaced in the future with EntityId and previous sort order cannot be maintained.'

Assets\TumbangPreso\Editor\MapKit\AbilityShowcaseProbe.cs(107,55): warning CS0618: 'FindObjectsSortMode' is obsolete: 'FindObjectsSortMode has been deprecated. Use the FindObjectsByType overloads that do not take a FindObjectsSortMode parameter.'

Assets\TumbangPreso\Editor\MapKit\AbilityShowcaseProbe.cs(106,34): warning CS0618: 'Object.FindObjectsByType<T>(FindObjectsInactive, FindObjectsSortMode)' is obsolete: 'FindObjectsByType with FindObjectsSortMode parameter has been deprecated. Use FindObjectsByType<T>() or FindObjectsByType<T>(FindObjectsInactive) instead. InstanceID will be replaced in the future with EntityId and previous sort order cannot be maintained.'

Assets\TumbangPreso\Editor\MapKit\ArenaSceneBuilder.Review.cs(89,29): warning CS0618: 'Object.FindFirstObjectByType<T>()' is obsolete: 'FindFirstObjectByType has been deprecated because it relies on instance ID ordering. Use FindAnyObjectByType instead, which does not depend on ordering.'

Assets\TumbangPreso\Editor\MapKit\TscnUiImporter.cs(615,17): warning CS0618: 'Object.FindFirstObjectByType<T>()' is obsolete: 'FindFirstObjectByType has been deprecated because it relies on instance ID ordering. Use FindAnyObjectByType instead, which does not depend on ordering.'

Assets\TumbangPreso\Editor\MapKit\AmbientLifeAuthor.cs(203,76): warning CS0618: 'FindObjectsSortMode' is obsolete: 'FindObjectsSortMode has been deprecated. Use the FindObjectsByType overloads that do not take a FindObjectsSortMode parameter.'

Assets\TumbangPreso\Editor\MapKit\AmbientLifeAuthor.cs(203,39): warning CS0618: 'Object.FindObjectsByType<T>(FindObjectsSortMode)' is obsolete: 'FindObjectsByType with FindObjectsSortMode parameter has been deprecated. Use FindObjectsByType<T>() or FindObjectsByType<T>(FindObjectsInactive) instead. InstanceID will be replaced in the future with EntityId and previous sort order cannot be maintained.'

Assets\TumbangPreso\Editor\MapKit\ArenaSceneBuilder.Review.cs(221,25): warning CS0618: 'Object.FindFirstObjectByType<T>()' is obsolete: 'FindFirstObjectByType has been deprecated because it relies on instance ID ordering. Use FindAnyObjectByType instead, which does not depend on ordering.'

Assets\TumbangPreso\Editor\MapKit\BayanBirdVisitAuthor.cs(24,22): warning CS0618: 'Object.FindFirstObjectByType<T>()' is obsolete: 'FindFirstObjectByType has been deprecated because it relies on instance ID ordering. Use FindAnyObjectByType instead, which does not depend on ordering.'

Assets\TumbangPreso\Editor\MapKit\BayanCatHabitatAuthor.cs(24,22): warning CS0618: 'Object.FindFirstObjectByType<T>()' is obsolete: 'FindFirstObjectByType has been deprecated because it relies on instance ID ordering. Use FindAnyObjectByType instead, which does not depend on ordering.'

Assets\TumbangPreso\Editor\MapKit\BayanDogHabitatAuthor.cs(24,22): warning CS0618: 'Object.FindFirstObjectByType<T>()' is obsolete: 'FindFirstObjectByType has been deprecated because it relies on instance ID ordering. Use FindAnyObjectByType instead, which does not depend on ordering.'

Assets\TumbangPreso\Editor\MapKit\BayanDogHabitatAuthor.cs(58,74): warning CS0618: 'FindObjectsSortMode' is obsolete: 'FindObjectsSortMode has been deprecated. Use the FindObjectsByType overloads that do not take a FindObjectsSortMode parameter.'

Assets\TumbangPreso\Editor\MapKit\BayanDogHabitatAuthor.cs(58,26): warning CS0618: 'Object.FindObjectsByType<T>(FindObjectsSortMode)' is obsolete: 'FindObjectsByType with FindObjectsSortMode parameter has been deprecated. Use FindObjectsByType<T>() or FindObjectsByType<T>(FindObjectsInactive) instead. InstanceID will be replaced in the future with EntityId and previous sort order cannot be maintained.'

Assets\TumbangPreso\Editor\MapKit\BayanDogHabitatAuthor.cs(68,75): warning CS0618: 'FindObjectsSortMode' is obsolete: 'FindObjectsSortMode has been deprecated. Use the FindObjectsByType overloads that do not take a FindObjectsSortMode parameter.'

Assets\TumbangPreso\Editor\MapKit\BayanDogHabitatAuthor.cs(68,27): warning CS0618: 'Object.FindObjectsByType<T>(FindObjectsSortMode)' is obsolete: 'FindObjectsByType with FindObjectsSortMode parameter has been deprecated. Use FindObjectsByType<T>() or FindObjectsByType<T>(FindObjectsInactive) instead. InstanceID will be replaced in the future with EntityId and previous sort order cannot be maintained.'

Assets\TumbangPreso\Editor\MapKit\EskinitaBirdVisitAuthor.cs(24,22): warning CS0618: 'Object.FindFirstObjectByType<T>()' is obsolete: 'FindFirstObjectByType has been deprecated because it relies on instance ID ordering. Use FindAnyObjectByType instead, which does not depend on ordering.'

Assets\TumbangPreso\Editor\MapKit\EskinitaDogHabitatAuthor.cs(24,22): warning CS0618: 'Object.FindFirstObjectByType<T>()' is obsolete: 'FindFirstObjectByType has been deprecated because it relies on instance ID ordering. Use FindAnyObjectByType instead, which does not depend on ordering.'

Assets\TumbangPreso\Editor\MapKit\EskinitaDogHabitatAuthor.cs(58,74): warning CS0618: 'FindObjectsSortMode' is obsolete: 'FindObjectsSortMode has been deprecated. Use the FindObjectsByType overloads that do not take a FindObjectsSortMode parameter.'

Assets\TumbangPreso\Editor\MapKit\EskinitaDogHabitatAuthor.cs(58,26): warning CS0618: 'Object.FindObjectsByType<T>(FindObjectsSortMode)' is obsolete: 'FindObjectsByType with FindObjectsSortMode parameter has been deprecated. Use FindObjectsByType<T>() or FindObjectsByType<T>(FindObjectsInactive) instead. InstanceID will be replaced in the future with EntityId and previous sort order cannot be maintained.'

Assets\TumbangPreso\Editor\MapKit\EskinitaCatHabitatAuthor.cs(24,22): warning CS0618: 'Object.FindFirstObjectByType<T>()' is obsolete: 'FindFirstObjectByType has been deprecated because it relies on instance ID ordering. Use FindAnyObjectByType instead, which does not depend on ordering.'

Assets\TumbangPreso\Editor\MapKit\EskinitaCatHabitatAuthor.cs(58,74): warning CS0618: 'FindObjectsSortMode' is obsolete: 'FindObjectsSortMode has been deprecated. Use the FindObjectsByType overloads that do not take a FindObjectsSortMode parameter.'

Assets\TumbangPreso\Editor\MapKit\EskinitaCatHabitatAuthor.cs(58,26): warning CS0618: 'Object.FindObjectsByType<T>(FindObjectsSortMode)' is obsolete: 'FindObjectsByType with FindObjectsSortMode parameter has been deprecated. Use FindObjectsByType<T>() or FindObjectsByType<T>(FindObjectsInactive) instead. InstanceID will be replaced in the future with EntityId and previous sort order cannot be maintained.'

Assets\TumbangPreso\Editor\MapPreviewRecorder.cs(85,22): warning CS0618: 'Object.FindFirstObjectByType<T>()' is obsolete: 'FindFirstObjectByType has been deprecated because it relies on instance ID ordering. Use FindAnyObjectByType instead, which does not depend on ordering.'

Assets\TumbangPreso\Editor\ScreenshotTool.cs(136,73): warning CS0618: 'FindObjectsSortMode' is obsolete: 'FindObjectsSortMode has been deprecated. Use the FindObjectsByType overloads that do not take a FindObjectsSortMode parameter.'

Assets\TumbangPreso\Editor\ScreenshotTool.cs(136,28): warning CS0618: 'Object.FindObjectsByType<T>(FindObjectsSortMode)' is obsolete: 'FindObjectsByType with FindObjectsSortMode parameter has been deprecated. Use FindObjectsByType<T>() or FindObjectsByType<T>(FindObjectsInactive) instead. InstanceID will be replaced in the future with EntityId and previous sort order cannot be maintained.'

Assets\TumbangPreso\Editor\MapKit\IlalimBirdVisitAuthor.cs(24,22): warning CS0618: 'Object.FindFirstObjectByType<T>()' is obsolete: 'FindFirstObjectByType has been deprecated because it relies on instance ID ordering. Use FindAnyObjectByType instead, which does not depend on ordering.'

Assets\TumbangPreso\Editor\MapKit\IlalimDogHabitatAuthor.cs(24,22): warning CS0618: 'Object.FindFirstObjectByType<T>()' is obsolete: 'FindFirstObjectByType has been deprecated because it relies on instance ID ordering. Use FindAnyObjectByType instead, which does not depend on ordering.'

Assets\TumbangPreso\Editor\MapKit\IlalimNgTulayShowcaseProbe.cs(55,55): warning CS0618: 'FindObjectsSortMode' is obsolete: 'FindObjectsSortMode has been deprecated. Use the FindObjectsByType overloads that do not take a FindObjectsSortMode parameter.'

Assets\TumbangPreso\Editor\MapKit\IlalimNgTulayShowcaseProbe.cs(54,34): warning CS0618: 'Object.FindObjectsByType<T>(FindObjectsInactive, FindObjectsSortMode)' is obsolete: 'FindObjectsByType with FindObjectsSortMode parameter has been deprecated. Use FindObjectsByType<T>() or FindObjectsByType<T>(FindObjectsInactive) instead. InstanceID will be replaced in the future with EntityId and previous sort order cannot be maintained.'

Assets\TumbangPreso\Editor\MapKit\IlalimCatHabitatAuthor.cs(24,22): warning CS0618: 'Object.FindFirstObjectByType<T>()' is obsolete: 'FindFirstObjectByType has been deprecated because it relies on instance ID ordering. Use FindAnyObjectByType instead, which does not depend on ordering.'

Assets\TumbangPreso\Editor\MapKit\SaBubongBuilder.cs(99,13): warning CS0618: 'Object.FindFirstObjectByType<T>()' is obsolete: 'FindFirstObjectByType has been deprecated because it relies on instance ID ordering. Use FindAnyObjectByType instead, which does not depend on ordering.'

Assets\TumbangPreso\Editor\MapKit\KantoLookMeasure.cs(111,30): warning CS0618: 'Object.FindFirstObjectByType<T>()' is obsolete: 'FindFirstObjectByType has been deprecated because it relies on instance ID ordering. Use FindAnyObjectByType instead, which does not depend on ordering.'

Assets\TumbangPreso\Editor\MapKit\KantoLookMeasure.cs(129,64): warning CS0618: 'FindObjectsSortMode' is obsolete: 'FindObjectsSortMode has been deprecated. Use the FindObjectsByType overloads that do not take a FindObjectsSortMode parameter.'

Assets\TumbangPreso\Editor\MapKit\KantoLookMeasure.cs(129,24): warning CS0618: 'Object.FindObjectsByType<T>(FindObjectsSortMode)' is obsolete: 'FindObjectsByType with FindObjectsSortMode parameter has been deprecated. Use FindObjectsByType<T>() or FindObjectsByType<T>(FindObjectsInactive) instead. InstanceID will be replaced in the future with EntityId and previous sort order cannot be maintained.'

Assets\TumbangPreso\Editor\MapKit\KantoLookMeasure.cs(209,63): warning CS0618: 'FindObjectsSortMode' is obsolete: 'FindObjectsSortMode has been deprecated. Use the FindObjectsByType overloads that do not take a FindObjectsSortMode parameter.'

Assets\TumbangPreso\Editor\MapKit\KantoLookMeasure.cs(209,31): warning CS0618: 'Object.FindObjectsByType<T>(FindObjectsSortMode)' is obsolete: 'FindObjectsByType with FindObjectsSortMode parameter has been deprecated. Use FindObjectsByType<T>() or FindObjectsByType<T>(FindObjectsInactive) instead. InstanceID will be replaced in the future with EntityId and previous sort order cannot be maintained.'

Assets\TumbangPreso\Editor\MapKit\MapFinalInventory.cs(48,75): warning CS0618: 'FindObjectsSortMode' is obsolete: 'FindObjectsSortMode has been deprecated. Use the FindObjectsByType overloads that do not take a FindObjectsSortMode parameter.'

Assets\TumbangPreso\Editor\MapKit\MapFinalInventory.cs(48,36): warning CS0618: 'Object.FindObjectsByType<T>(FindObjectsSortMode)' is obsolete: 'FindObjectsByType with FindObjectsSortMode parameter has been deprecated. Use FindObjectsByType<T>() or FindObjectsByType<T>(FindObjectsInactive) instead. InstanceID will be replaced in the future with EntityId and previous sort order cannot be maintained.'

Assets\TumbangPreso\Editor\MapKit\MapFinalInventory.cs(57,69): warning CS0618: 'FindObjectsSortMode' is obsolete: 'FindObjectsSortMode has been deprecated. Use the FindObjectsByType overloads that do not take a FindObjectsSortMode parameter.'

Assets\TumbangPreso\Editor\MapKit\MapFinalInventory.cs(57,34): warning CS0618: 'Object.FindObjectsByType<T>(FindObjectsSortMode)' is obsolete: 'FindObjectsByType with FindObjectsSortMode parameter has been deprecated. Use FindObjectsByType<T>() or FindObjectsByType<T>(FindObjectsInactive) instead. InstanceID will be replaced in the future with EntityId and previous sort order cannot be maintained.'

Assets\TumbangPreso\Editor\MapKit\MapCardCapture.cs(95,26): warning CS0618: 'Object.FindFirstObjectByType<T>()' is obsolete: 'FindFirstObjectByType has been deprecated because it relies on instance ID ordering. Use FindAnyObjectByType instead, which does not depend on ordering.'

Assets\TumbangPreso\Editor\MapKit\MapGeometryCheck.cs(208,55): warning CS0618: 'FindObjectsSortMode' is obsolete: 'FindObjectsSortMode has been deprecated. Use the FindObjectsByType overloads that do not take a FindObjectsSortMode parameter.'

Assets\TumbangPreso\Editor\MapKit\MapGeometryCheck.cs(207,31): warning CS0618: 'Object.FindObjectsByType<T>(FindObjectsInactive, FindObjectsSortMode)' is obsolete: 'FindObjectsByType with FindObjectsSortMode parameter has been deprecated. Use FindObjectsByType<T>() or FindObjectsByType<T>(FindObjectsInactive) instead. InstanceID will be replaced in the future with EntityId and previous sort order cannot be maintained.'

Assets\TumbangPreso\Editor\MapKit\MapAtmosphereAuthor.cs(108,66): warning CS0618: 'FindObjectsSortMode' is obsolete: 'FindObjectsSortMode has been deprecated. Use the FindObjectsByType overloads that do not take a FindObjectsSortMode parameter.'

Assets\TumbangPreso\Editor\MapKit\MapAtmosphereAuthor.cs(108,34): warning CS0618: 'Object.FindObjectsByType<T>(FindObjectsSortMode)' is obsolete: 'FindObjectsByType with FindObjectsSortMode parameter has been deprecated. Use FindObjectsByType<T>() or FindObjectsByType<T>(FindObjectsInactive) instead. InstanceID will be replaced in the future with EntityId and previous sort order cannot be maintained.'

Assets\TumbangPreso\Editor\MapKit\MapAtmosphereAuthor.cs(117,13): warning CS0618: 'Object.FindFirstObjectByType<T>()' is obsolete: 'FindFirstObjectByType has been deprecated because it relies on instance ID ordering. Use FindAnyObjectByType instead, which does not depend on ordering.'

Assets\TumbangPreso\Editor\MapKit\MapCardCapture.cs(121,64): warning CS0618: 'FindObjectsSortMode' is obsolete: 'FindObjectsSortMode has been deprecated. Use the FindObjectsByType overloads that do not take a FindObjectsSortMode parameter.'

Assets\TumbangPreso\Editor\MapKit\MapCardCapture.cs(121,24): warning CS0618: 'Object.FindObjectsByType<T>(FindObjectsSortMode)' is obsolete: 'FindObjectsByType with FindObjectsSortMode parameter has been deprecated. Use FindObjectsByType<T>() or FindObjectsByType<T>(FindObjectsInactive) instead. InstanceID will be replaced in the future with EntityId and previous sort order cannot be maintained.'

Assets\TumbangPreso\Editor\MapKit\SaBubongBirdVisitAuthor.cs(24,22): warning CS0618: 'Object.FindFirstObjectByType<T>()' is obsolete: 'FindFirstObjectByType has been deprecated because it relies on instance ID ordering. Use FindAnyObjectByType instead, which does not depend on ordering.'

Assets\TumbangPreso\Editor\MapKit\MapSurfaceAuthor.cs(35,69): warning CS0618: 'FindObjectsSortMode' is obsolete: 'FindObjectsSortMode has been deprecated. Use the FindObjectsByType overloads that do not take a FindObjectsSortMode parameter.'

Assets\TumbangPreso\Editor\MapKit\MapSurfaceAuthor.cs(35,30): warning CS0618: 'Object.FindObjectsByType<T>(FindObjectsSortMode)' is obsolete: 'FindObjectsByType with FindObjectsSortMode parameter has been deprecated. Use FindObjectsByType<T>() or FindObjectsByType<T>(FindObjectsInactive) instead. InstanceID will be replaced in the future with EntityId and previous sort order cannot be maintained.'

Assets\TumbangPreso\Editor\MapKit\MapGeometryCheck.cs(340,29): warning CS0618: 'Object.FindFirstObjectByType<T>()' is obsolete: 'FindFirstObjectByType has been deprecated because it relies on instance ID ordering. Use FindAnyObjectByType instead, which does not depend on ordering.'

Assets\TumbangPreso\Editor\MapKit\MapSurfaceAuthor.cs(51,76): warning CS0618: 'FindObjectsSortMode' is obsolete: 'FindObjectsSortMode has been deprecated. Use the FindObjectsByType overloads that do not take a FindObjectsSortMode parameter.'

Assets\TumbangPreso\Editor\MapKit\MapSurfaceAuthor.cs(51,37): warning CS0618: 'Object.FindObjectsByType<T>(FindObjectsSortMode)' is obsolete: 'FindObjectsByType with FindObjectsSortMode parameter has been deprecated. Use FindObjectsByType<T>() or FindObjectsByType<T>(FindObjectsInactive) instead. InstanceID will be replaced in the future with EntityId and previous sort order cannot be maintained.'

Assets\TumbangPreso\Editor\MapKit\MapFinalPassAuthor.cs(196,64): warning CS0618: 'FindObjectsSortMode' is obsolete: 'FindObjectsSortMode has been deprecated. Use the FindObjectsByType overloads that do not take a FindObjectsSortMode parameter.'

Assets\TumbangPreso\Editor\MapKit\MapFinalPassAuthor.cs(196,25): warning CS0618: 'Object.FindObjectsByType<T>(FindObjectsSortMode)' is obsolete: 'FindObjectsByType with FindObjectsSortMode parameter has been deprecated. Use FindObjectsByType<T>() or FindObjectsByType<T>(FindObjectsInactive) instead. InstanceID will be replaced in the future with EntityId and previous sort order cannot be maintained.'

Assets\TumbangPreso\Editor\MapKit\MapPlaceAuthor.cs(240,72): warning CS0618: 'FindObjectsSortMode' is obsolete: 'FindObjectsSortMode has been deprecated. Use the FindObjectsByType overloads that do not take a FindObjectsSortMode parameter.'

Assets\TumbangPreso\Editor\MapKit\MapPlaceAuthor.cs(240,33): warning CS0618: 'Object.FindObjectsByType<T>(FindObjectsSortMode)' is obsolete: 'FindObjectsByType with FindObjectsSortMode parameter has been deprecated. Use FindObjectsByType<T>() or FindObjectsByType<T>(FindObjectsInactive) instead. InstanceID will be replaced in the future with EntityId and previous sort order cannot be maintained.'

Assets\TumbangPreso\Editor\MapKit\MapSurfaceAuthor.cs(141,100): warning CS0618: 'FindObjectsSortMode' is obsolete: 'FindObjectsSortMode has been deprecated. Use the FindObjectsByType overloads that do not take a FindObjectsSortMode parameter.'

Assets\TumbangPreso\Editor\MapKit\MapSurfaceAuthor.cs(141,35): warning CS0618: 'Object.FindObjectsByType<T>(FindObjectsInactive, FindObjectsSortMode)' is obsolete: 'FindObjectsByType with FindObjectsSortMode parameter has been deprecated. Use FindObjectsByType<T>() or FindObjectsByType<T>(FindObjectsInactive) instead. InstanceID will be replaced in the future with EntityId and previous sort order cannot be maintained.'

Assets\TumbangPreso\Editor\MapKit\MapGeometryCheck.cs(743,55): warning CS0618: 'FindObjectsSortMode' is obsolete: 'FindObjectsSortMode has been deprecated. Use the FindObjectsByType overloads that do not take a FindObjectsSortMode parameter.'

Assets\TumbangPreso\Editor\MapKit\MapGeometryCheck.cs(742,33): warning CS0618: 'Object.FindObjectsByType<T>(FindObjectsInactive, FindObjectsSortMode)' is obsolete: 'FindObjectsByType with FindObjectsSortMode parameter has been deprecated. Use FindObjectsByType<T>() or FindObjectsByType<T>(FindObjectsInactive) instead. InstanceID will be replaced in the future with EntityId and previous sort order cannot be maintained.'

Assets\TumbangPreso\Editor\MapKit\NeighborhoodBuildingReview.cs(24,23): warning CS0618: 'Object.FindFirstObjectByType<T>()' is obsolete: 'FindFirstObjectByType has been deprecated because it relies on instance ID ordering. Use FindAnyObjectByType instead, which does not depend on ordering.'

Assets\TumbangPreso\Editor\MapKit\NeighborhoodBuildingReview.cs(30,61): warning CS0618: 'FindObjectsSortMode' is obsolete: 'FindObjectsSortMode has been deprecated. Use the FindObjectsByType overloads that do not take a FindObjectsSortMode parameter.'

Assets\TumbangPreso\Editor\MapKit\NeighborhoodBuildingReview.cs(30,29): warning CS0618: 'Object.FindObjectsByType<T>(FindObjectsSortMode)' is obsolete: 'FindObjectsByType with FindObjectsSortMode parameter has been deprecated. Use FindObjectsByType<T>() or FindObjectsByType<T>(FindObjectsInactive) instead. InstanceID will be replaced in the future with EntityId and previous sort order cannot be maintained.'

Assets\TumbangPreso\Editor\MapKit\LagoonCoveSceneBuilder.cs(714,61): warning CS0618: 'FindObjectsSortMode' is obsolete: 'FindObjectsSortMode has been deprecated. Use the FindObjectsByType overloads that do not take a FindObjectsSortMode parameter.'

Assets\TumbangPreso\Editor\MapKit\LagoonCoveSceneBuilder.cs(714,29): warning CS0618: 'Object.FindObjectsByType<T>(FindObjectsSortMode)' is obsolete: 'FindObjectsByType with FindObjectsSortMode parameter has been deprecated. Use FindObjectsByType<T>() or FindObjectsByType<T>(FindObjectsInactive) instead. InstanceID will be replaced in the future with EntityId and previous sort order cannot be maintained.'

Assets\TumbangPreso\Editor\MapKit\MapGeometryCheck.cs(804,55): warning CS0618: 'FindObjectsSortMode' is obsolete: 'FindObjectsSortMode has been deprecated. Use the FindObjectsByType overloads that do not take a FindObjectsSortMode parameter.'

Assets\TumbangPreso\Editor\MapKit\MapGeometryCheck.cs(803,31): warning CS0618: 'Object.FindObjectsByType<T>(FindObjectsInactive, FindObjectsSortMode)' is obsolete: 'FindObjectsByType with FindObjectsSortMode parameter has been deprecated. Use FindObjectsByType<T>() or FindObjectsByType<T>(FindObjectsInactive) instead. InstanceID will be replaced in the future with EntityId and previous sort order cannot be maintained.'

Assets\TumbangPreso\Editor\MapKit\NeighborhoodFinishAuthor.cs(95,73): warning CS0618: 'FindObjectsSortMode' is obsolete: 'FindObjectsSortMode has been deprecated. Use the FindObjectsByType overloads that do not take a FindObjectsSortMode parameter.'

Assets\TumbangPreso\Editor\MapKit\NeighborhoodFinishAuthor.cs(95,36): warning CS0618: 'Object.FindObjectsByType<T>(FindObjectsSortMode)' is obsolete: 'FindObjectsByType with FindObjectsSortMode parameter has been deprecated. Use FindObjectsByType<T>() or FindObjectsByType<T>(FindObjectsInactive) instead. InstanceID will be replaced in the future with EntityId and previous sort order cannot be maintained.'

Assets\TumbangPreso\Editor\MapKit\MapGeometryCheck.cs(843,23): warning CS0618: 'Object.FindFirstObjectByType<T>()' is obsolete: 'FindFirstObjectByType has been deprecated because it relies on instance ID ordering. Use FindAnyObjectByType instead, which does not depend on ordering.'

Assets\TumbangPreso\Editor\MapKit\MapGeometryCheck.cs(847,91): warning CS0618: 'FindObjectsSortMode' is obsolete: 'FindObjectsSortMode has been deprecated. Use the FindObjectsByType overloads that do not take a FindObjectsSortMode parameter.'

Assets\TumbangPreso\Editor\MapKit\MapGeometryCheck.cs(847,41): warning CS0618: 'Object.FindObjectsByType<T>(FindObjectsSortMode)' is obsolete: 'FindObjectsByType with FindObjectsSortMode parameter has been deprecated. Use FindObjectsByType<T>() or FindObjectsByType<T>(FindObjectsInactive) instead. InstanceID will be replaced in the future with EntityId and previous sort order cannot be maintained.'

Assets\TumbangPreso\Editor\PhaisterEndToEndProbe.cs(92,36): warning CS0618: 'Object.FindFirstObjectByType<T>()' is obsolete: 'FindFirstObjectByType has been deprecated because it relies on instance ID ordering. Use FindAnyObjectByType instead, which does not depend on ordering.'

Assets\TumbangPreso\Editor\PhaisterEndToEndProbe.cs(102,30): warning CS0618: 'Object.FindFirstObjectByType<T>()' is obsolete: 'FindFirstObjectByType has been deprecated because it relies on instance ID ordering. Use FindAnyObjectByType instead, which does not depend on ordering.'

Assets\TumbangPreso\Editor\PhaisterEndToEndProbe.cs(105,102): warning CS0618: 'FindObjectsSortMode' is obsolete: 'FindObjectsSortMode has been deprecated. Use the FindObjectsByType overloads that do not take a FindObjectsSortMode parameter.'

Assets\TumbangPreso\Editor\PhaisterEndToEndProbe.cs(105,40): warning CS0618: 'Object.FindObjectsByType<T>(FindObjectsInactive, FindObjectsSortMode)' is obsolete: 'FindObjectsByType with FindObjectsSortMode parameter has been deprecated. Use FindObjectsByType<T>() or FindObjectsByType<T>(FindObjectsInactive) instead. InstanceID will be replaced in the future with EntityId and previous sort order cannot be maintained.'

Assets\TumbangPreso\Editor\MapKit\MapFinalPassAuthor.cs(270,67): warning CS0618: 'FindObjectsSortMode' is obsolete: 'FindObjectsSortMode has been deprecated. Use the FindObjectsByType overloads that do not take a FindObjectsSortMode parameter.'

Assets\TumbangPreso\Editor\MapKit\MapFinalPassAuthor.cs(270,28): warning CS0618: 'Object.FindObjectsByType<T>(FindObjectsSortMode)' is obsolete: 'FindObjectsByType with FindObjectsSortMode parameter has been deprecated. Use FindObjectsByType<T>() or FindObjectsByType<T>(FindObjectsInactive) instead. InstanceID will be replaced in the future with EntityId and previous sort order cannot be maintained.'

Assets\TumbangPreso\Editor\MapKit\MapFinalPassAuthor.cs(303,66): warning CS0618: 'FindObjectsSortMode' is obsolete: 'FindObjectsSortMode has been deprecated. Use the FindObjectsByType overloads that do not take a FindObjectsSortMode parameter.'

Assets\TumbangPreso\Editor\MapKit\MapFinalPassAuthor.cs(303,30): warning CS0618: 'Object.FindObjectsByType<T>(FindObjectsSortMode)' is obsolete: 'FindObjectsByType with FindObjectsSortMode parameter has been deprecated. Use FindObjectsByType<T>() or FindObjectsByType<T>(FindObjectsInactive) instead. InstanceID will be replaced in the future with EntityId and previous sort order cannot be maintained.'

Assets\TumbangPreso\Editor\MapKit\MapSurfaceAuthor.cs(309,108): warning CS0618: 'FindObjectsSortMode' is obsolete: 'FindObjectsSortMode has been deprecated. Use the FindObjectsByType overloads that do not take a FindObjectsSortMode parameter.'

Assets\TumbangPreso\Editor\MapKit\MapSurfaceAuthor.cs(309,41): warning CS0618: 'Object.FindObjectsByType<T>(FindObjectsInactive, FindObjectsSortMode)' is obsolete: 'FindObjectsByType with FindObjectsSortMode parameter has been deprecated. Use FindObjectsByType<T>() or FindObjectsByType<T>(FindObjectsInactive) instead. InstanceID will be replaced in the future with EntityId and previous sort order cannot be maintained.'

Assets\TumbangPreso\Editor\MapKit\MapSurfaceAuthor.cs(328,108): warning CS0618: 'FindObjectsSortMode' is obsolete: 'FindObjectsSortMode has been deprecated. Use the FindObjectsByType overloads that do not take a FindObjectsSortMode parameter.'

Assets\TumbangPreso\Editor\MapKit\MapSurfaceAuthor.cs(328,41): warning CS0618: 'Object.FindObjectsByType<T>(FindObjectsInactive, FindObjectsSortMode)' is obsolete: 'FindObjectsByType with FindObjectsSortMode parameter has been deprecated. Use FindObjectsByType<T>() or FindObjectsByType<T>(FindObjectsInactive) instead. InstanceID will be replaced in the future with EntityId and previous sort order cannot be maintained.'

Assets\TumbangPreso\Editor\MapKit\NeighborhoodFinishAuthor.cs(162,62): warning CS0618: 'FindObjectsSortMode' is obsolete: 'FindObjectsSortMode has been deprecated. Use the FindObjectsByType overloads that do not take a FindObjectsSortMode parameter.'

Assets\TumbangPreso\Editor\MapKit\NeighborhoodFinishAuthor.cs(162,26): warning CS0618: 'Object.FindObjectsByType<T>(FindObjectsSortMode)' is obsolete: 'FindObjectsByType with FindObjectsSortMode parameter has been deprecated. Use FindObjectsByType<T>() or FindObjectsByType<T>(FindObjectsInactive) instead. InstanceID will be replaced in the future with EntityId and previous sort order cannot be maintained.'

Assets\TumbangPreso\Editor\MapKit\MapSurfaceAuthor.cs(345,27): warning CS0618: 'ShaderUtil.GetPropertyCount(Shader)' is obsolete: 'Use Shader.GetPropertyCount instead.'

Assets\TumbangPreso\Editor\MapKit\MapSurfaceAuthor.cs(347,33): warning CS0618: 'ShaderUtil.GetPropertyName(Shader, int)' is obsolete: 'Use Shader.GetPropertyName instead.'

Assets\TumbangPreso\Editor\MapKit\MapSurfaceAuthor.cs(348,24): warning CS0618: 'ShaderUtil.GetPropertyType(Shader, int)' is obsolete: 'Use Shader.GetPropertyType instead.'

Assets\TumbangPreso\Editor\MapKit\MapSurfaceAuthor.cs(350,26): warning CS0618: 'ShaderUtil.ShaderPropertyType' is obsolete: 'Use UnityEngine.Rendering.ShaderPropertyType instead.'

Assets\TumbangPreso\Editor\MapKit\MapSurfaceAuthor.cs(352,26): warning CS0618: 'ShaderUtil.ShaderPropertyType' is obsolete: 'Use UnityEngine.Rendering.ShaderPropertyType instead.'

Assets\TumbangPreso\Editor\MapKit\MapSurfaceAuthor.cs(354,26): warning CS0618: 'ShaderUtil.ShaderPropertyType' is obsolete: 'Use UnityEngine.Rendering.ShaderPropertyType instead.'

Assets\TumbangPreso\Editor\MapKit\MapSurfaceAuthor.cs(355,26): warning CS0618: 'ShaderUtil.ShaderPropertyType' is obsolete: 'Use UnityEngine.Rendering.ShaderPropertyType instead.'

Assets\TumbangPreso\Editor\MapKit\MapSurfaceAuthor.cs(357,26): warning CS0618: 'ShaderUtil.ShaderPropertyType' is obsolete: 'Use UnityEngine.Rendering.ShaderPropertyType instead.'

Assets\TumbangPreso\Editor\MapKit\MapSurfaceAuthor.cs(357,26): warning CS0618: 'ShaderUtil.ShaderPropertyType.TexEnv' is obsolete: 'Use UnityEngine.Rendering.ShaderPropertyType.Texture instead.'

Assets\TumbangPreso\Editor\MapKit\LagoonBuilder.cs(41,13): warning CS0618: 'Object.FindFirstObjectByType<T>()' is obsolete: 'FindFirstObjectByType has been deprecated because it relies on instance ID ordering. Use FindAnyObjectByType instead, which does not depend on ordering.'

Assets\TumbangPreso\Editor\MapKit\MapFinalPassAuthor.cs(346,98): warning CS0618: 'FindObjectsSortMode' is obsolete: 'FindObjectsSortMode has been deprecated. Use the FindObjectsByType overloads that do not take a FindObjectsSortMode parameter.'

Assets\TumbangPreso\Editor\MapKit\MapFinalPassAuthor.cs(346,30): warning CS0618: 'Object.FindObjectsByType<T>(FindObjectsInactive, FindObjectsSortMode)' is obsolete: 'FindObjectsByType with FindObjectsSortMode parameter has been deprecated. Use FindObjectsByType<T>() or FindObjectsByType<T>(FindObjectsInactive) instead. InstanceID will be replaced in the future with EntityId and previous sort order cannot be maintained.'

Assets\TumbangPreso\Editor\MapKit\NeighborhoodFinishAuthor.cs(247,76): warning CS0618: 'FindObjectsSortMode' is obsolete: 'FindObjectsSortMode has been deprecated. Use the FindObjectsByType overloads that do not take a FindObjectsSortMode parameter.'

Assets\TumbangPreso\Editor\MapKit\NeighborhoodFinishAuthor.cs(247,37): warning CS0618: 'Object.FindObjectsByType<T>(FindObjectsSortMode)' is obsolete: 'FindObjectsByType with FindObjectsSortMode parameter has been deprecated. Use FindObjectsByType<T>() or FindObjectsByType<T>(FindObjectsInactive) instead. InstanceID will be replaced in the future with EntityId and previous sort order cannot be maintained.'

Assets\TumbangPreso\Editor\MapKit\MapFinalPassAuthor.cs(433,77): warning CS0618: 'FindObjectsSortMode' is obsolete: 'FindObjectsSortMode has been deprecated. Use the FindObjectsByType overloads that do not take a FindObjectsSortMode parameter.'

Assets\TumbangPreso\Editor\MapKit\MapFinalPassAuthor.cs(433,38): warning CS0618: 'Object.FindObjectsByType<T>(FindObjectsSortMode)' is obsolete: 'FindObjectsByType with FindObjectsSortMode parameter has been deprecated. Use FindObjectsByType<T>() or FindObjectsByType<T>(FindObjectsInactive) instead. InstanceID will be replaced in the future with EntityId and previous sort order cannot be maintained.'

Assets\TumbangPreso\Editor\MapKit\MapFinalPassAuthor.cs(470,95): warning CS0618: 'FindObjectsSortMode' is obsolete: 'FindObjectsSortMode has been deprecated. Use the FindObjectsByType overloads that do not take a FindObjectsSortMode parameter.'

Assets\TumbangPreso\Editor\MapKit\MapFinalPassAuthor.cs(470,30): warning CS0618: 'Object.FindObjectsByType<T>(FindObjectsInactive, FindObjectsSortMode)' is obsolete: 'FindObjectsByType with FindObjectsSortMode parameter has been deprecated. Use FindObjectsByType<T>() or FindObjectsByType<T>(FindObjectsInactive) instead. InstanceID will be replaced in the future with EntityId and previous sort order cannot be maintained.'

Assets\TumbangPreso\Editor\PersonSwapProbe.cs(1238,17): warning CS0162: Unreachable code detected

Assets\TumbangPreso\Editor\MapKit\MapFinalPassAuthor.cs(600,69): warning CS0618: 'FindObjectsSortMode' is obsolete: 'FindObjectsSortMode has been deprecated. Use the FindObjectsByType overloads that do not take a FindObjectsSortMode parameter.'

Assets\TumbangPreso\Editor\MapKit\MapFinalPassAuthor.cs(600,30): warning CS0618: 'Object.FindObjectsByType<T>(FindObjectsSortMode)' is obsolete: 'FindObjectsByType with FindObjectsSortMode parameter has been deprecated. Use FindObjectsByType<T>() or FindObjectsByType<T>(FindObjectsInactive) instead. InstanceID will be replaced in the future with EntityId and previous sort order cannot be maintained.'

Assets\TumbangPreso\Editor\MapKit\MapFinalPassAuthor.cs(605,66): warning CS0618: 'FindObjectsSortMode' is obsolete: 'FindObjectsSortMode has been deprecated. Use the FindObjectsByType overloads that do not take a FindObjectsSortMode parameter.'

Assets\TumbangPreso\Editor\MapKit\MapFinalPassAuthor.cs(605,27): warning CS0618: 'Object.FindObjectsByType<T>(FindObjectsSortMode)' is obsolete: 'FindObjectsByType with FindObjectsSortMode parameter has been deprecated. Use FindObjectsByType<T>() or FindObjectsByType<T>(FindObjectsInactive) instead. InstanceID will be replaced in the future with EntityId and previous sort order cannot be maintained.'

Assets\TumbangPreso\Editor\MapKit\MapFinalPassAuthor.cs(627,60): warning CS0618: 'FindObjectsSortMode' is obsolete: 'FindObjectsSortMode has been deprecated. Use the FindObjectsByType overloads that do not take a FindObjectsSortMode parameter.'

Assets\TumbangPreso\Editor\MapKit\MapFinalPassAuthor.cs(627,24): warning CS0618: 'Object.FindObjectsByType<T>(FindObjectsSortMode)' is obsolete: 'FindObjectsByType with FindObjectsSortMode parameter has been deprecated. Use FindObjectsByType<T>() or FindObjectsByType<T>(FindObjectsInactive) instead. InstanceID will be replaced in the future with EntityId and previous sort order cannot be maintained.'
[1236/1243  0s] ILPostProcess Library/Bee/artifacts/1900b0aE.dag/post-processed/TumbangPreso.Editor.dll (+pdb)
Processing assembly Library/Bee/artifacts/1900b0aE.dag/TumbangPreso.Editor.dll, with 140 defines and 305 references

processors: Unity.Jobs.CodeGen.JobsILPostProcessor, Unity.Netcode.Editor.CodeGen.INetworkMessageILPP, Unity.Netcode.Editor.CodeGen.INetworkSerializableILPP, Unity.Netcode.Editor.CodeGen.NetworkBehaviourILPP, Unity.Netcode.Editor.CodeGen.RuntimeAccessModifiersILPP, Unity.Pipeline.CodeGen.HotReloadInPlaceILPostProcessor, zzzUnity.Burst.CodeGen.BurstILPostProcessor

running Unity.Jobs.CodeGen.JobsILPostProcessor

running Unity.Netcode.Editor.CodeGen.INetworkMessageILPP

running Unity.Netcode.Editor.CodeGen.INetworkSerializableILPP

running Unity.Netcode.Editor.CodeGen.NetworkBehaviourILPP

running Unity.Netcode.Editor.CodeGen.RuntimeAccessModifiersILPP

running Unity.Pipeline.CodeGen.HotReloadInPlaceILPostProcessor

running zzzUnity.Burst.CodeGen.BurstILPostProcessor
[1237/1243  0s] CopyFiles Library/ScriptAssemblies/TumbangPreso.Editor.pdb
[1238/1243  1s] Csc Library/Bee/artifacts/1900b0aE.dag/TumbangPreso.Tests.dll (+2 others)
Assets\TumbangPreso\Tests\MatchmakingWireTests.cs(308,72): warning CS0618: 'FindObjectsSortMode' is obsolete: 'FindObjectsSortMode has been deprecated. Use the FindObjectsByType overloads that do not take a FindObjectsSortMode parameter.'

Assets\TumbangPreso\Tests\MatchmakingWireTests.cs(307,35): warning CS0618: 'Object.FindObjectsByType<T>(FindObjectsInactive, FindObjectsSortMode)' is obsolete: 'FindObjectsByType with FindObjectsSortMode parameter has been deprecated. Use FindObjectsByType<T>() or FindObjectsByType<T>(FindObjectsInactive) instead. InstanceID will be replaced in the future with EntityId and previous sort order cannot be maintained.'

Assets\TumbangPreso\Tests\SeanCinderGateTests.cs(20,73): warning CS0618: 'FindObjectsSortMode' is obsolete: 'FindObjectsSortMode has been deprecated. Use the FindObjectsByType overloads that do not take a FindObjectsSortMode parameter.'

Assets\TumbangPreso\Tests\SeanCinderGateTests.cs(20,32): warning CS0618: 'Object.FindObjectsByType<T>(FindObjectsSortMode)' is obsolete: 'FindObjectsByType with FindObjectsSortMode parameter has been deprecated. Use FindObjectsByType<T>() or FindObjectsByType<T>(FindObjectsInactive) instead. InstanceID will be replaced in the future with EntityId and previous sort order cannot be maintained.'

Assets\TumbangPreso\Tests\OpeningCameraCompositionTests.cs(80,30): warning CS0618: 'Object.FindFirstObjectByType<T>()' is obsolete: 'FindFirstObjectByType has been deprecated because it relies on instance ID ordering. Use FindAnyObjectByType instead, which does not depend on ordering.'

Assets\TumbangPreso\Tests\OpeningCameraCompositionTests.cs(91,34): warning CS0618: 'Object.FindFirstObjectByType<T>()' is obsolete: 'FindFirstObjectByType has been deprecated because it relies on instance ID ordering. Use FindAnyObjectByType instead, which does not depend on ordering.'
[1239/1243  0s] CopyFiles Library/ScriptAssemblies/TumbangPreso.Editor.dll
[1240/1243  1s] ILPostProcess Library/Bee/artifacts/1900b0aE.dag/post-processed/TumbangPreso.Tests.dll (+pdb)
Processing assembly Library/Bee/artifacts/1900b0aE.dag/TumbangPreso.Tests.dll, with 140 defines and 302 references

processors: Unity.Jobs.CodeGen.JobsILPostProcessor, Unity.Netcode.Editor.CodeGen.INetworkMessageILPP, Unity.Netcode.Editor.CodeGen.INetworkSerializableILPP, Unity.Netcode.Editor.CodeGen.NetworkBehaviourILPP, Unity.Netcode.Editor.CodeGen.RuntimeAccessModifiersILPP, Unity.Pipeline.CodeGen.HotReloadInPlaceILPostProcessor, zzzUnity.Burst.CodeGen.BurstILPostProcessor

running Unity.Jobs.CodeGen.JobsILPostProcessor

running Unity.Netcode.Editor.CodeGen.INetworkMessageILPP

running Unity.Netcode.Editor.CodeGen.INetworkSerializableILPP

running Unity.Netcode.Editor.CodeGen.NetworkBehaviourILPP

running Unity.Netcode.Editor.CodeGen.RuntimeAccessModifiersILPP

running Unity.Pipeline.CodeGen.HotReloadInPlaceILPostProcessor

running zzzUnity.Burst.CodeGen.BurstILPostProcessor
[1241/1243  0s] CopyFiles Library/ScriptAssemblies/TumbangPreso.Tests.pdb
[1242/1243  0s] CopyFiles Library/ScriptAssemblies/TumbangPreso.Tests.dll
*** Tundra build success (8.63 seconds), 9 items updated, 1243 evaluated
Assets\TumbangPreso\Editor\GroundProbe.cs(54,71): warning CS0618: 'FindObjectsSortMode' is obsolete: 'FindObjectsSortMode has been deprecated. Use the FindObjectsByType overloads that do not take a FindObjectsSortMode parameter.'
Assets\TumbangPreso\Editor\GroundProbe.cs(54,39): warning CS0618: 'Object.FindObjectsByType<T>(FindObjectsSortMode)' is obsolete: 'FindObjectsByType with FindObjectsSortMode parameter has been deprecated. Use FindObjectsByType<T>() or FindObjectsByType<T>(FindObjectsInactive) instead. InstanceID will be replaced in the future with EntityId and previous sort order cannot be maintained.'
Assets\TumbangPreso\Editor\CharacterRedesignLineup.cs(261,63): warning CS0618: 'FindObjectsSortMode' is obsolete: 'FindObjectsSortMode has been deprecated. Use the FindObjectsByType overloads that do not take a FindObjectsSortMode parameter.'
Assets\TumbangPreso\Editor\CharacterRedesignLineup.cs(261,31): warning CS0618: 'Object.FindObjectsByType<T>(FindObjectsSortMode)' is obsolete: 'FindObjectsByType with FindObjectsSortMode parameter has been deprecated. Use FindObjectsByType<T>() or FindObjectsByType<T>(FindObjectsInactive) instead. InstanceID will be replaced in the future with EntityId and previous sort order cannot be maintained.'
Assets\TumbangPreso\Editor\HomeAssetsAuthor.cs(18,17): warning CS0618: 'FindObjectsSortMode' is obsolete: 'FindObjectsSortMode has been deprecated. Use the FindObjectsByType overloads that do not take a FindObjectsSortMode parameter.'
Assets\TumbangPreso\Editor\HomeAssetsAuthor.cs(17,26): warning CS0618: 'Object.FindObjectsByType<T>(FindObjectsInactive, FindObjectsSortMode)' is obsolete: 'FindObjectsByType with FindObjectsSortMode parameter has been deprecated. Use FindObjectsByType<T>() or FindObjectsByType<T>(FindObjectsInactive) instead. InstanceID will be replaced in the future with EntityId and previous sort order cannot be maintained.'
Assets\TumbangPreso\Editor\GameBuilder.cs(272,45): warning CS0618: 'AndroidArchitecture.X86_64' is obsolete: 'X86_64 is no longer supported.'
Assets\TumbangPreso\Editor\GameBuilder.cs(310,13): warning CS0618: 'PlayerSettings.Android.startInFullscreen' is obsolete: 'startInFullscreen is deprecated, use requestedVisibleInsets together with AndroidWindowInsetsType.NavigationBars.'
Assets\TumbangPreso\Editor\MapKit\WorldOutlineProbe.cs(75,55): warning CS0618: 'FindObjectsSortMode' is obsolete: 'FindObjectsSortMode has been deprecated. Use the FindObjectsByType overloads that do not take a FindObjectsSortMode parameter.'
Assets\TumbangPreso\Editor\MapKit\WorldOutlineProbe.cs(74,34): warning CS0618: 'Object.FindObjectsByType<T>(FindObjectsInactive, FindObjectsSortMode)' is obsolete: 'FindObjectsByType with FindObjectsSortMode parameter has been deprecated. Use FindObjectsByType<T>() or FindObjectsByType<T>(FindObjectsInactive) instead. InstanceID will be replaced in the future with EntityId and previous sort order cannot be maintained.'
Assets\TumbangPreso\Editor\UiProbe.cs(46,59): warning CS0618: 'FindObjectsSortMode' is obsolete: 'FindObjectsSortMode has been deprecated. Use the FindObjectsByType overloads that do not take a FindObjectsSortMode parameter.'
Assets\TumbangPreso\Editor\UiProbe.cs(45,39): warning CS0618: 'Object.FindObjectsByType<T>(FindObjectsInactive, FindObjectsSortMode)' is obsolete: 'FindObjectsByType with FindObjectsSortMode parameter has been deprecated. Use FindObjectsByType<T>() or FindObjectsByType<T>(FindObjectsInactive) instead. InstanceID will be replaced in the future with EntityId and previous sort order cannot be maintained.'
Assets\TumbangPreso\Editor\UiProbe.cs(54,59): warning CS0618: 'FindObjectsSortMode' is obsolete: 'FindObjectsSortMode has been deprecated. Use the FindObjectsByType overloads that do not take a FindObjectsSortMode parameter.'
Assets\TumbangPreso\Editor\UiProbe.cs(53,40): warning CS0618: 'Object.FindObjectsByType<T>(FindObjectsInactive, FindObjectsSortMode)' is obsolete: 'FindObjectsByType with FindObjectsSortMode parameter has been deprecated. Use FindObjectsByType<T>() or FindObjectsByType<T>(FindObjectsInactive) instead. InstanceID will be replaced in the future with EntityId and previous sort order cannot be maintained.'
Assets\TumbangPreso\Editor\MapKit\AbilityShowcaseProbe.cs(107,55): warning CS0618: 'FindObjectsSortMode' is obsolete: 'FindObjectsSortMode has been deprecated. Use the FindObjectsByType overloads that do not take a FindObjectsSortMode parameter.'
Assets\TumbangPreso\Editor\MapKit\AbilityShowcaseProbe.cs(106,34): warning CS0618: 'Object.FindObjectsByType<T>(FindObjectsInactive, FindObjectsSortMode)' is obsolete: 'FindObjectsByType with FindObjectsSortMode parameter has been deprecated. Use FindObjectsByType<T>() or FindObjectsByType<T>(FindObjectsInactive) instead. InstanceID will be replaced in the future with EntityId and previous sort order cannot be maintained.'
Assets\TumbangPreso\Editor\MapKit\ArenaSceneBuilder.Review.cs(89,29): warning CS0618: 'Object.FindFirstObjectByType<T>()' is obsolete: 'FindFirstObjectByType has been deprecated because it relies on instance ID ordering. Use FindAnyObjectByType instead, which does not depend on ordering.'
Assets\TumbangPreso\Editor\MapKit\TscnUiImporter.cs(615,17): warning CS0618: 'Object.FindFirstObjectByType<T>()' is obsolete: 'FindFirstObjectByType has been deprecated because it relies on instance ID ordering. Use FindAnyObjectByType instead, which does not depend on ordering.'
Assets\TumbangPreso\Editor\MapKit\AmbientLifeAuthor.cs(203,76): warning CS0618: 'FindObjectsSortMode' is obsolete: 'FindObjectsSortMode has been deprecated. Use the FindObjectsByType overloads that do not take a FindObjectsSortMode parameter.'
Assets\TumbangPreso\Editor\MapKit\AmbientLifeAuthor.cs(203,39): warning CS0618: 'Object.FindObjectsByType<T>(FindObjectsSortMode)' is obsolete: 'FindObjectsByType with FindObjectsSortMode parameter has been deprecated. Use FindObjectsByType<T>() or FindObjectsByType<T>(FindObjectsInactive) instead. InstanceID will be replaced in the future with EntityId and previous sort order cannot be maintained.'
Assets\TumbangPreso\Editor\MapKit\ArenaSceneBuilder.Review.cs(221,25): warning CS0618: 'Object.FindFirstObjectByType<T>()' is obsolete: 'FindFirstObjectByType has been deprecated because it relies on instance ID ordering. Use FindAnyObjectByType instead, which does not depend on ordering.'
Assets\TumbangPreso\Editor\MapKit\BayanBirdVisitAuthor.cs(24,22): warning CS0618: 'Object.FindFirstObjectByType<T>()' is obsolete: 'FindFirstObjectByType has been deprecated because it relies on instance ID ordering. Use FindAnyObjectByType instead, which does not depend on ordering.'
Assets\TumbangPreso\Editor\MapKit\BayanCatHabitatAuthor.cs(24,22): warning CS0618: 'Object.FindFirstObjectByType<T>()' is obsolete: 'FindFirstObjectByType has been deprecated because it relies on instance ID ordering. Use FindAnyObjectByType instead, which does not depend on ordering.'
Assets\TumbangPreso\Editor\MapKit\BayanDogHabitatAuthor.cs(24,22): warning CS0618: 'Object.FindFirstObjectByType<T>()' is obsolete: 'FindFirstObjectByType has been deprecated because it relies on instance ID ordering. Use FindAnyObjectByType instead, which does not depend on ordering.'
Assets\TumbangPreso\Editor\MapKit\BayanDogHabitatAuthor.cs(58,74): warning CS0618: 'FindObjectsSortMode' is obsolete: 'FindObjectsSortMode has been deprecated. Use the FindObjectsByType overloads that do not take a FindObjectsSortMode parameter.'
Assets\TumbangPreso\Editor\MapKit\BayanDogHabitatAuthor.cs(58,26): warning CS0618: 'Object.FindObjectsByType<T>(FindObjectsSortMode)' is obsolete: 'FindObjectsByType with FindObjectsSortMode parameter has been deprecated. Use FindObjectsByType<T>() or FindObjectsByType<T>(FindObjectsInactive) instead. InstanceID will be replaced in the future with EntityId and previous sort order cannot be maintained.'
Assets\TumbangPreso\Editor\MapKit\BayanDogHabitatAuthor.cs(68,75): warning CS0618: 'FindObjectsSortMode' is obsolete: 'FindObjectsSortMode has been deprecated. Use the FindObjectsByType overloads that do not take a FindObjectsSortMode parameter.'
Assets\TumbangPreso\Editor\MapKit\BayanDogHabitatAuthor.cs(68,27): warning CS0618: 'Object.FindObjectsByType<T>(FindObjectsSortMode)' is obsolete: 'FindObjectsByType with FindObjectsSortMode parameter has been deprecated. Use FindObjectsByType<T>() or FindObjectsByType<T>(FindObjectsInactive) instead. InstanceID will be replaced in the future with EntityId and previous sort order cannot be maintained.'
Assets\TumbangPreso\Editor\MapKit\EskinitaBirdVisitAuthor.cs(24,22): warning CS0618: 'Object.FindFirstObjectByType<T>()' is obsolete: 'FindFirstObjectByType has been deprecated because it relies on instance ID ordering. Use FindAnyObjectByType instead, which does not depend on ordering.'
Assets\TumbangPreso\Editor\MapKit\EskinitaDogHabitatAuthor.cs(24,22): warning CS0618: 'Object.FindFirstObjectByType<T>()' is obsolete: 'FindFirstObjectByType has been deprecated because it relies on instance ID ordering. Use FindAnyObjectByType instead, which does not depend on ordering.'
Assets\TumbangPreso\Editor\MapKit\EskinitaDogHabitatAuthor.cs(58,74): warning CS0618: 'FindObjectsSortMode' is obsolete: 'FindObjectsSortMode has been deprecated. Use the FindObjectsByType overloads that do not take a FindObjectsSortMode parameter.'
Assets\TumbangPreso\Editor\MapKit\EskinitaDogHabitatAuthor.cs(58,26): warning CS0618: 'Object.FindObjectsByType<T>(FindObjectsSortMode)' is obsolete: 'FindObjectsByType with FindObjectsSortMode parameter has been deprecated. Use FindObjectsByType<T>() or FindObjectsByType<T>(FindObjectsInactive) instead. InstanceID will be replaced in the future with EntityId and previous sort order cannot be maintained.'
Assets\TumbangPreso\Editor\MapKit\EskinitaCatHabitatAuthor.cs(24,22): warning CS0618: 'Object.FindFirstObjectByType<T>()' is obsolete: 'FindFirstObjectByType has been deprecated because it relies on instance ID ordering. Use FindAnyObjectByType instead, which does not depend on ordering.'
Assets\TumbangPreso\Editor\MapKit\EskinitaCatHabitatAuthor.cs(58,74): warning CS0618: 'FindObjectsSortMode' is obsolete: 'FindObjectsSortMode has been deprecated. Use the FindObjectsByType overloads that do not take a FindObjectsSortMode parameter.'
Assets\TumbangPreso\Editor\MapKit\EskinitaCatHabitatAuthor.cs(58,26): warning CS0618: 'Object.FindObjectsByType<T>(FindObjectsSortMode)' is obsolete: 'FindObjectsByType with FindObjectsSortMode parameter has been deprecated. Use FindObjectsByType<T>() or FindObjectsByType<T>(FindObjectsInactive) instead. InstanceID will be replaced in the future with EntityId and previous sort order cannot be maintained.'
Assets\TumbangPreso\Editor\MapPreviewRecorder.cs(85,22): warning CS0618: 'Object.FindFirstObjectByType<T>()' is obsolete: 'FindFirstObjectByType has been deprecated because it relies on instance ID ordering. Use FindAnyObjectByType instead, which does not depend on ordering.'
Assets\TumbangPreso\Editor\ScreenshotTool.cs(136,73): warning CS0618: 'FindObjectsSortMode' is obsolete: 'FindObjectsSortMode has been deprecated. Use the FindObjectsByType overloads that do not take a FindObjectsSortMode parameter.'
Assets\TumbangPreso\Editor\ScreenshotTool.cs(136,28): warning CS0618: 'Object.FindObjectsByType<T>(FindObjectsSortMode)' is obsolete: 'FindObjectsByType with FindObjectsSortMode parameter has been deprecated. Use FindObjectsByType<T>() or FindObjectsByType<T>(FindObjectsInactive) instead. InstanceID will be replaced in the future with EntityId and previous sort order cannot be maintained.'
Assets\TumbangPreso\Editor\MapKit\IlalimBirdVisitAuthor.cs(24,22): warning CS0618: 'Object.FindFirstObjectByType<T>()' is obsolete: 'FindFirstObjectByType has been deprecated because it relies on instance ID ordering. Use FindAnyObjectByType instead, which does not depend on ordering.'
Assets\TumbangPreso\Editor\MapKit\IlalimDogHabitatAuthor.cs(24,22): warning CS0618: 'Object.FindFirstObjectByType<T>()' is obsolete: 'FindFirstObjectByType has been deprecated because it relies on instance ID ordering. Use FindAnyObjectByType instead, which does not depend on ordering.'
Assets\TumbangPreso\Editor\MapKit\IlalimNgTulayShowcaseProbe.cs(55,55): warning CS0618: 'FindObjectsSortMode' is obsolete: 'FindObjectsSortMode has been deprecated. Use the FindObjectsByType overloads that do not take a FindObjectsSortMode parameter.'
Assets\TumbangPreso\Editor\MapKit\IlalimNgTulayShowcaseProbe.cs(54,34): warning CS0618: 'Object.FindObjectsByType<T>(FindObjectsInactive, FindObjectsSortMode)' is obsolete: 'FindObjectsByType with FindObjectsSortMode parameter has been deprecated. Use FindObjectsByType<T>() or FindObjectsByType<T>(FindObjectsInactive) instead. InstanceID will be replaced in the future with EntityId and previous sort order cannot be maintained.'
Assets\TumbangPreso\Editor\MapKit\IlalimCatHabitatAuthor.cs(24,22): warning CS0618: 'Object.FindFirstObjectByType<T>()' is obsolete: 'FindFirstObjectByType has been deprecated because it relies on instance ID ordering. Use FindAnyObjectByType instead, which does not depend on ordering.'
Assets\TumbangPreso\Editor\MapKit\SaBubongBuilder.cs(99,13): warning CS0618: 'Object.FindFirstObjectByType<T>()' is obsolete: 'FindFirstObjectByType has been deprecated because it relies on instance ID ordering. Use FindAnyObjectByType instead, which does not depend on ordering.'
Assets\TumbangPreso\Editor\MapKit\KantoLookMeasure.cs(111,30): warning CS0618: 'Object.FindFirstObjectByType<T>()' is obsolete: 'FindFirstObjectByType has been deprecated because it relies on instance ID ordering. Use FindAnyObjectByType instead, which does not depend on ordering.'
Assets\TumbangPreso\Editor\MapKit\KantoLookMeasure.cs(129,64): warning CS0618: 'FindObjectsSortMode' is obsolete: 'FindObjectsSortMode has been deprecated. Use the FindObjectsByType overloads that do not take a FindObjectsSortMode parameter.'
Assets\TumbangPreso\Editor\MapKit\KantoLookMeasure.cs(129,24): warning CS0618: 'Object.FindObjectsByType<T>(FindObjectsSortMode)' is obsolete: 'FindObjectsByType with FindObjectsSortMode parameter has been deprecated. Use FindObjectsByType<T>() or FindObjectsByType<T>(FindObjectsInactive) instead. InstanceID will be replaced in the future with EntityId and previous sort order cannot be maintained.'
Assets\TumbangPreso\Editor\MapKit\KantoLookMeasure.cs(209,63): warning CS0618: 'FindObjectsSortMode' is obsolete: 'FindObjectsSortMode has been deprecated. Use the FindObjectsByType overloads that do not take a FindObjectsSortMode parameter.'
Assets\TumbangPreso\Editor\MapKit\KantoLookMeasure.cs(209,31): warning CS0618: 'Object.FindObjectsByType<T>(FindObjectsSortMode)' is obsolete: 'FindObjectsByType with FindObjectsSortMode parameter has been deprecated. Use FindObjectsByType<T>() or FindObjectsByType<T>(FindObjectsInactive) instead. InstanceID will be replaced in the future with EntityId and previous sort order cannot be maintained.'
Assets\TumbangPreso\Editor\MapKit\MapFinalInventory.cs(48,75): warning CS0618: 'FindObjectsSortMode' is obsolete: 'FindObjectsSortMode has been deprecated. Use the FindObjectsByType overloads that do not take a FindObjectsSortMode parameter.'
Assets\TumbangPreso\Editor\MapKit\MapFinalInventory.cs(48,36): warning CS0618: 'Object.FindObjectsByType<T>(FindObjectsSortMode)' is obsolete: 'FindObjectsByType with FindObjectsSortMode parameter has been deprecated. Use FindObjectsByType<T>() or FindObjectsByType<T>(FindObjectsInactive) instead. InstanceID will be replaced in the future with EntityId and previous sort order cannot be maintained.'
Assets\TumbangPreso\Editor\MapKit\MapFinalInventory.cs(57,69): warning CS0618: 'FindObjectsSortMode' is obsolete: 'FindObjectsSortMode has been deprecated. Use the FindObjectsByType overloads that do not take a FindObjectsSortMode parameter.'
Assets\TumbangPreso\Editor\MapKit\MapFinalInventory.cs(57,34): warning CS0618: 'Object.FindObjectsByType<T>(FindObjectsSortMode)' is obsolete: 'FindObjectsByType with FindObjectsSortMode parameter has been deprecated. Use FindObjectsByType<T>() or FindObjectsByType<T>(FindObjectsInactive) instead. InstanceID will be replaced in the future with EntityId and previous sort order cannot be maintained.'
Assets\TumbangPreso\Editor\MapKit\MapCardCapture.cs(95,26): warning CS0618: 'Object.FindFirstObjectByType<T>()' is obsolete: 'FindFirstObjectByType has been deprecated because it relies on instance ID ordering. Use FindAnyObjectByType instead, which does not depend on ordering.'
Assets\TumbangPreso\Editor\MapKit\MapGeometryCheck.cs(208,55): warning CS0618: 'FindObjectsSortMode' is obsolete: 'FindObjectsSortMode has been deprecated. Use the FindObjectsByType overloads that do not take a FindObjectsSortMode parameter.'
Assets\TumbangPreso\Editor\MapKit\MapGeometryCheck.cs(207,31): warning CS0618: 'Object.FindObjectsByType<T>(FindObjectsInactive, FindObjectsSortMode)' is obsolete: 'FindObjectsByType with FindObjectsSortMode parameter has been deprecated. Use FindObjectsByType<T>() or FindObjectsByType<T>(FindObjectsInactive) instead. InstanceID will be replaced in the future with EntityId and previous sort order cannot be maintained.'
Assets\TumbangPreso\Editor\MapKit\MapAtmosphereAuthor.cs(108,66): warning CS0618: 'FindObjectsSortMode' is obsolete: 'FindObjectsSortMode has been deprecated. Use the FindObjectsByType overloads that do not take a FindObjectsSortMode parameter.'
Assets\TumbangPreso\Editor\MapKit\MapAtmosphereAuthor.cs(108,34): warning CS0618: 'Object.FindObjectsByType<T>(FindObjectsSortMode)' is obsolete: 'FindObjectsByType with FindObjectsSortMode parameter has been deprecated. Use FindObjectsByType<T>() or FindObjectsByType<T>(FindObjectsInactive) instead. InstanceID will be replaced in the future with EntityId and previous sort order cannot be maintained.'
Assets\TumbangPreso\Editor\MapKit\MapAtmosphereAuthor.cs(117,13): warning CS0618: 'Object.FindFirstObjectByType<T>()' is obsolete: 'FindFirstObjectByType has been deprecated because it relies on instance ID ordering. Use FindAnyObjectByType instead, which does not depend on ordering.'
Assets\TumbangPreso\Editor\MapKit\MapCardCapture.cs(121,64): warning CS0618: 'FindObjectsSortMode' is obsolete: 'FindObjectsSortMode has been deprecated. Use the FindObjectsByType overloads that do not take a FindObjectsSortMode parameter.'
Assets\TumbangPreso\Editor\MapKit\MapCardCapture.cs(121,24): warning CS0618: 'Object.FindObjectsByType<T>(FindObjectsSortMode)' is obsolete: 'FindObjectsByType with FindObjectsSortMode parameter has been deprecated. Use FindObjectsByType<T>() or FindObjectsByType<T>(FindObjectsInactive) instead. InstanceID will be replaced in the future with EntityId and previous sort order cannot be maintained.'
Assets\TumbangPreso\Editor\MapKit\SaBubongBirdVisitAuthor.cs(24,22): warning CS0618: 'Object.FindFirstObjectByType<T>()' is obsolete: 'FindFirstObjectByType has been deprecated because it relies on instance ID ordering. Use FindAnyObjectByType instead, which does not depend on ordering.'
Assets\TumbangPreso\Editor\MapKit\MapSurfaceAuthor.cs(35,69): warning CS0618: 'FindObjectsSortMode' is obsolete: 'FindObjectsSortMode has been deprecated. Use the FindObjectsByType overloads that do not take a FindObjectsSortMode parameter.'
Assets\TumbangPreso\Editor\MapKit\MapSurfaceAuthor.cs(35,30): warning CS0618: 'Object.FindObjectsByType<T>(FindObjectsSortMode)' is obsolete: 'FindObjectsByType with FindObjectsSortMode parameter has been deprecated. Use FindObjectsByType<T>() or FindObjectsByType<T>(FindObjectsInactive) instead. InstanceID will be replaced in the future with EntityId and previous sort order cannot be maintained.'
Assets\TumbangPreso\Editor\MapKit\MapGeometryCheck.cs(340,29): warning CS0618: 'Object.FindFirstObjectByType<T>()' is obsolete: 'FindFirstObjectByType has been deprecated because it relies on instance ID ordering. Use FindAnyObjectByType instead, which does not depend on ordering.'
Assets\TumbangPreso\Editor\MapKit\MapSurfaceAuthor.cs(51,76): warning CS0618: 'FindObjectsSortMode' is obsolete: 'FindObjectsSortMode has been deprecated. Use the FindObjectsByType overloads that do not take a FindObjectsSortMode parameter.'
Assets\TumbangPreso\Editor\MapKit\MapSurfaceAuthor.cs(51,37): warning CS0618: 'Object.FindObjectsByType<T>(FindObjectsSortMode)' is obsolete: 'FindObjectsByType with FindObjectsSortMode parameter has been deprecated. Use FindObjectsByType<T>() or FindObjectsByType<T>(FindObjectsInactive) instead. InstanceID will be replaced in the future with EntityId and previous sort order cannot be maintained.'
Assets\TumbangPreso\Editor\MapKit\MapFinalPassAuthor.cs(196,64): warning CS0618: 'FindObjectsSortMode' is obsolete: 'FindObjectsSortMode has been deprecated. Use the FindObjectsByType overloads that do not take a FindObjectsSortMode parameter.'
Assets\TumbangPreso\Editor\MapKit\MapFinalPassAuthor.cs(196,25): warning CS0618: 'Object.FindObjectsByType<T>(FindObjectsSortMode)' is obsolete: 'FindObjectsByType with FindObjectsSortMode parameter has been deprecated. Use FindObjectsByType<T>() or FindObjectsByType<T>(FindObjectsInactive) instead. InstanceID will be replaced in the future with EntityId and previous sort order cannot be maintained.'
Assets\TumbangPreso\Editor\MapKit\MapPlaceAuthor.cs(240,72): warning CS0618: 'FindObjectsSortMode' is obsolete: 'FindObjectsSortMode has been deprecated. Use the FindObjectsByType overloads that do not take a FindObjectsSortMode parameter.'
Assets\TumbangPreso\Editor\MapKit\MapPlaceAuthor.cs(240,33): warning CS0618: 'Object.FindObjectsByType<T>(FindObjectsSortMode)' is obsolete: 'FindObjectsByType with FindObjectsSortMode parameter has been deprecated. Use FindObjectsByType<T>() or FindObjectsByType<T>(FindObjectsInactive) instead. InstanceID will be replaced in the future with EntityId and previous sort order cannot be maintained.'
Assets\TumbangPreso\Editor\MapKit\MapSurfaceAuthor.cs(141,100): warning CS0618: 'FindObjectsSortMode' is obsolete: 'FindObjectsSortMode has been deprecated. Use the FindObjectsByType overloads that do not take a FindObjectsSortMode parameter.'
Assets\TumbangPreso\Editor\MapKit\MapSurfaceAuthor.cs(141,35): warning CS0618: 'Object.FindObjectsByType<T>(FindObjectsInactive, FindObjectsSortMode)' is obsolete: 'FindObjectsByType with FindObjectsSortMode parameter has been deprecated. Use FindObjectsByType<T>() or FindObjectsByType<T>(FindObjectsInactive) instead. InstanceID will be replaced in the future with EntityId and previous sort order cannot be maintained.'
Assets\TumbangPreso\Editor\MapKit\MapGeometryCheck.cs(743,55): warning CS0618: 'FindObjectsSortMode' is obsolete: 'FindObjectsSortMode has been deprecated. Use the FindObjectsByType overloads that do not take a FindObjectsSortMode parameter.'
Assets\TumbangPreso\Editor\MapKit\MapGeometryCheck.cs(742,33): warning CS0618: 'Object.FindObjectsByType<T>(FindObjectsInactive, FindObjectsSortMode)' is obsolete: 'FindObjectsByType with FindObjectsSortMode parameter has been deprecated. Use FindObjectsByType<T>() or FindObjectsByType<T>(FindObjectsInactive) instead. InstanceID will be replaced in the future with EntityId and previous sort order cannot be maintained.'
Assets\TumbangPreso\Editor\MapKit\NeighborhoodBuildingReview.cs(24,23): warning CS0618: 'Object.FindFirstObjectByType<T>()' is obsolete: 'FindFirstObjectByType has been deprecated because it relies on instance ID ordering. Use FindAnyObjectByType instead, which does not depend on ordering.'
Assets\TumbangPreso\Editor\MapKit\NeighborhoodBuildingReview.cs(30,61): warning CS0618: 'FindObjectsSortMode' is obsolete: 'FindObjectsSortMode has been deprecated. Use the FindObjectsByType overloads that do not take a FindObjectsSortMode parameter.'
Assets\TumbangPreso\Editor\MapKit\NeighborhoodBuildingReview.cs(30,29): warning CS0618: 'Object.FindObjectsByType<T>(FindObjectsSortMode)' is obsolete: 'FindObjectsByType with FindObjectsSortMode parameter has been deprecated. Use FindObjectsByType<T>() or FindObjectsByType<T>(FindObjectsInactive) instead. InstanceID will be replaced in the future with EntityId and previous sort order cannot be maintained.'
Assets\TumbangPreso\Editor\MapKit\LagoonCoveSceneBuilder.cs(714,61): warning CS0618: 'FindObjectsSortMode' is obsolete: 'FindObjectsSortMode has been deprecated. Use the FindObjectsByType overloads that do not take a FindObjectsSortMode parameter.'
Assets\TumbangPreso\Editor\MapKit\LagoonCoveSceneBuilder.cs(714,29): warning CS0618: 'Object.FindObjectsByType<T>(FindObjectsSortMode)' is obsolete: 'FindObjectsByType with FindObjectsSortMode parameter has been deprecated. Use FindObjectsByType<T>() or FindObjectsByType<T>(FindObjectsInactive) instead. InstanceID will be replaced in the future with EntityId and previous sort order cannot be maintained.'
Assets\TumbangPreso\Editor\MapKit\MapGeometryCheck.cs(804,55): warning CS0618: 'FindObjectsSortMode' is obsolete: 'FindObjectsSortMode has been deprecated. Use the FindObjectsByType overloads that do not take a FindObjectsSortMode parameter.'
Assets\TumbangPreso\Editor\MapKit\MapGeometryCheck.cs(803,31): warning CS0618: 'Object.FindObjectsByType<T>(FindObjectsInactive, FindObjectsSortMode)' is obsolete: 'FindObjectsByType with FindObjectsSortMode parameter has been deprecated. Use FindObjectsByType<T>() or FindObjectsByType<T>(FindObjectsInactive) instead. InstanceID will be replaced in the future with EntityId and previous sort order cannot be maintained.'
Assets\TumbangPreso\Editor\MapKit\NeighborhoodFinishAuthor.cs(95,73): warning CS0618: 'FindObjectsSortMode' is obsolete: 'FindObjectsSortMode has been deprecated. Use the FindObjectsByType overloads that do not take a FindObjectsSortMode parameter.'
Assets\TumbangPreso\Editor\MapKit\NeighborhoodFinishAuthor.cs(95,36): warning CS0618: 'Object.FindObjectsByType<T>(FindObjectsSortMode)' is obsolete: 'FindObjectsByType with FindObjectsSortMode parameter has been deprecated. Use FindObjectsByType<T>() or FindObjectsByType<T>(FindObjectsInactive) instead. InstanceID will be replaced in the future with EntityId and previous sort order cannot be maintained.'
Assets\TumbangPreso\Editor\MapKit\MapGeometryCheck.cs(843,23): warning CS0618: 'Object.FindFirstObjectByType<T>()' is obsolete: 'FindFirstObjectByType has been deprecated because it relies on instance ID ordering. Use FindAnyObjectByType instead, which does not depend on ordering.'
Assets\TumbangPreso\Editor\MapKit\MapGeometryCheck.cs(847,91): warning CS0618: 'FindObjectsSortMode' is obsolete: 'FindObjectsSortMode has been deprecated. Use the FindObjectsByType overloads that do not take a FindObjectsSortMode parameter.'
Assets\TumbangPreso\Editor\MapKit\MapGeometryCheck.cs(847,41): warning CS0618: 'Object.FindObjectsByType<T>(FindObjectsSortMode)' is obsolete: 'FindObjectsByType with FindObjectsSortMode parameter has been deprecated. Use FindObjectsByType<T>() or FindObjectsByType<T>(FindObjectsInactive) instead. InstanceID will be replaced in the future with EntityId and previous sort order cannot be maintained.'
Assets\TumbangPreso\Editor\PhaisterEndToEndProbe.cs(92,36): warning CS0618: 'Object.FindFirstObjectByType<T>()' is obsolete: 'FindFirstObjectByType has been deprecated because it relies on instance ID ordering. Use FindAnyObjectByType instead, which does not depend on ordering.'
Assets\TumbangPreso\Editor\PhaisterEndToEndProbe.cs(102,30): warning CS0618: 'Object.FindFirstObjectByType<T>()' is obsolete: 'FindFirstObjectByType has been deprecated because it relies on instance ID ordering. Use FindAnyObjectByType instead, which does not depend on ordering.'
Assets\TumbangPreso\Editor\PhaisterEndToEndProbe.cs(105,102): warning CS0618: 'FindObjectsSortMode' is obsolete: 'FindObjectsSortMode has been deprecated. Use the FindObjectsByType overloads that do not take a FindObjectsSortMode parameter.'
Assets\TumbangPreso\Editor\PhaisterEndToEndProbe.cs(105,40): warning CS0618: 'Object.FindObjectsByType<T>(FindObjectsInactive, FindObjectsSortMode)' is obsolete: 'FindObjectsByType with FindObjectsSortMode parameter has been deprecated. Use FindObjectsByType<T>() or FindObjectsByType<T>(FindObjectsInactive) instead. InstanceID will be replaced in the future with EntityId and previous sort order cannot be maintained.'
Assets\TumbangPreso\Editor\MapKit\MapFinalPassAuthor.cs(270,67): warning CS0618: 'FindObjectsSortMode' is obsolete: 'FindObjectsSortMode has been deprecated. Use the FindObjectsByType overloads that do not take a FindObjectsSortMode parameter.'
Assets\TumbangPreso\Editor\MapKit\MapFinalPassAuthor.cs(270,28): warning CS0618: 'Object.FindObjectsByType<T>(FindObjectsSortMode)' is obsolete: 'FindObjectsByType with FindObjectsSortMode parameter has been deprecated. Use FindObjectsByType<T>() or FindObjectsByType<T>(FindObjectsInactive) instead. InstanceID will be replaced in the future with EntityId and previous sort order cannot be maintained.'
Assets\TumbangPreso\Editor\MapKit\MapFinalPassAuthor.cs(303,66): warning CS0618: 'FindObjectsSortMode' is obsolete: 'FindObjectsSortMode has been deprecated. Use the FindObjectsByType overloads that do not take a FindObjectsSortMode parameter.'
Assets\TumbangPreso\Editor\MapKit\MapFinalPassAuthor.cs(303,30): warning CS0618: 'Object.FindObjectsByType<T>(FindObjectsSortMode)' is obsolete: 'FindObjectsByType with FindObjectsSortMode parameter has been deprecated. Use FindObjectsByType<T>() or FindObjectsByType<T>(FindObjectsInactive) instead. InstanceID will be replaced in the future with EntityId and previous sort order cannot be maintained.'
Assets\TumbangPreso\Editor\MapKit\MapSurfaceAuthor.cs(309,108): warning CS0618: 'FindObjectsSortMode' is obsolete: 'FindObjectsSortMode has been deprecated. Use the FindObjectsByType overloads that do not take a FindObjectsSortMode parameter.'
Assets\TumbangPreso\Editor\MapKit\MapSurfaceAuthor.cs(309,41): warning CS0618: 'Object.FindObjectsByType<T>(FindObjectsInactive, FindObjectsSortMode)' is obsolete: 'FindObjectsByType with FindObjectsSortMode parameter has been deprecated. Use FindObjectsByType<T>() or FindObjectsByType<T>(FindObjectsInactive) instead. InstanceID will be replaced in the future with EntityId and previous sort order cannot be maintained.'
Assets\TumbangPreso\Editor\MapKit\MapSurfaceAuthor.cs(328,108): warning CS0618: 'FindObjectsSortMode' is obsolete: 'FindObjectsSortMode has been deprecated. Use the FindObjectsByType overloads that do not take a FindObjectsSortMode parameter.'
Assets\TumbangPreso\Editor\MapKit\MapSurfaceAuthor.cs(328,41): warning CS0618: 'Object.FindObjectsByType<T>(FindObjectsInactive, FindObjectsSortMode)' is obsolete: 'FindObjectsByType with FindObjectsSortMode parameter has been deprecated. Use FindObjectsByType<T>() or FindObjectsByType<T>(FindObjectsInactive) instead. InstanceID will be replaced in the future with EntityId and previous sort order cannot be maintained.'
Assets\TumbangPreso\Editor\MapKit\NeighborhoodFinishAuthor.cs(162,62): warning CS0618: 'FindObjectsSortMode' is obsolete: 'FindObjectsSortMode has been deprecated. Use the FindObjectsByType overloads that do not take a FindObjectsSortMode parameter.'
Assets\TumbangPreso\Editor\MapKit\NeighborhoodFinishAuthor.cs(162,26): warning CS0618: 'Object.FindObjectsByType<T>(FindObjectsSortMode)' is obsolete: 'FindObjectsByType with FindObjectsSortMode parameter has been deprecated. Use FindObjectsByType<T>() or FindObjectsByType<T>(FindObjectsInactive) instead. InstanceID will be replaced in the future with EntityId and previous sort order cannot be maintained.'
Assets\TumbangPreso\Editor\MapKit\MapSurfaceAuthor.cs(345,27): warning CS0618: 'ShaderUtil.GetPropertyCount(Shader)' is obsolete: 'Use Shader.GetPropertyCount instead.'
Assets\TumbangPreso\Editor\MapKit\MapSurfaceAuthor.cs(347,33): warning CS0618: 'ShaderUtil.GetPropertyName(Shader, int)' is obsolete: 'Use Shader.GetPropertyName instead.'
Assets\TumbangPreso\Editor\MapKit\MapSurfaceAuthor.cs(348,24): warning CS0618: 'ShaderUtil.GetPropertyType(Shader, int)' is obsolete: 'Use Shader.GetPropertyType instead.'
Assets\TumbangPreso\Editor\MapKit\MapSurfaceAuthor.cs(350,26): warning CS0618: 'ShaderUtil.ShaderPropertyType' is obsolete: 'Use UnityEngine.Rendering.ShaderPropertyType instead.'
Assets\TumbangPreso\Editor\MapKit\MapSurfaceAuthor.cs(352,26): warning CS0618: 'ShaderUtil.ShaderPropertyType' is obsolete: 'Use UnityEngine.Rendering.ShaderPropertyType instead.'
Assets\TumbangPreso\Editor\MapKit\MapSurfaceAuthor.cs(354,26): warning CS0618: 'ShaderUtil.ShaderPropertyType' is obsolete: 'Use UnityEngine.Rendering.ShaderPropertyType instead.'
Assets\TumbangPreso\Editor\MapKit\MapSurfaceAuthor.cs(355,26): warning CS0618: 'ShaderUtil.ShaderPropertyType' is obsolete: 'Use UnityEngine.Rendering.ShaderPropertyType instead.'
Assets\TumbangPreso\Editor\MapKit\MapSurfaceAuthor.cs(357,26): warning CS0618: 'ShaderUtil.ShaderPropertyType' is obsolete: 'Use UnityEngine.Rendering.ShaderPropertyType instead.'
Assets\TumbangPreso\Editor\MapKit\MapSurfaceAuthor.cs(357,26): warning CS0618: 'ShaderUtil.ShaderPropertyType.TexEnv' is obsolete: 'Use UnityEngine.Rendering.ShaderPropertyType.Texture instead.'
Assets\TumbangPreso\Editor\MapKit\LagoonBuilder.cs(41,13): warning CS0618: 'Object.FindFirstObjectByType<T>()' is obsolete: 'FindFirstObjectByType has been deprecated because it relies on instance ID ordering. Use FindAnyObjectByType instead, which does not depend on ordering.'
Assets\TumbangPreso\Editor\MapKit\MapFinalPassAuthor.cs(346,98): warning CS0618: 'FindObjectsSortMode' is obsolete: 'FindObjectsSortMode has been deprecated. Use the FindObjectsByType overloads that do not take a FindObjectsSortMode parameter.'
Assets\TumbangPreso\Editor\MapKit\MapFinalPassAuthor.cs(346,30): warning CS0618: 'Object.FindObjectsByType<T>(FindObjectsInactive, FindObjectsSortMode)' is obsolete: 'FindObjectsByType with FindObjectsSortMode parameter has been deprecated. Use FindObjectsByType<T>() or FindObjectsByType<T>(FindObjectsInactive) instead. InstanceID will be replaced in the future with EntityId and previous sort order cannot be maintained.'
Assets\TumbangPreso\Editor\MapKit\NeighborhoodFinishAuthor.cs(247,76): warning CS0618: 'FindObjectsSortMode' is obsolete: 'FindObjectsSortMode has been deprecated. Use the FindObjectsByType overloads that do not take a FindObjectsSortMode parameter.'
Assets\TumbangPreso\Editor\MapKit\NeighborhoodFinishAuthor.cs(247,37): warning CS0618: 'Object.FindObjectsByType<T>(FindObjectsSortMode)' is obsolete: 'FindObjectsByType with FindObjectsSortMode parameter has been deprecated. Use FindObjectsByType<T>() or FindObjectsByType<T>(FindObjectsInactive) instead. InstanceID will be replaced in the future with EntityId and previous sort order cannot be maintained.'
Assets\TumbangPreso\Editor\MapKit\MapFinalPassAuthor.cs(433,77): warning CS0618: 'FindObjectsSortMode' is obsolete: 'FindObjectsSortMode has been deprecated. Use the FindObjectsByType overloads that do not take a FindObjectsSortMode parameter.'
Assets\TumbangPreso\Editor\MapKit\MapFinalPassAuthor.cs(433,38): warning CS0618: 'Object.FindObjectsByType<T>(FindObjectsSortMode)' is obsolete: 'FindObjectsByType with FindObjectsSortMode parameter has been deprecated. Use FindObjectsByType<T>() or FindObjectsByType<T>(FindObjectsInactive) instead. InstanceID will be replaced in the future with EntityId and previous sort order cannot be maintained.'
Assets\TumbangPreso\Editor\MapKit\MapFinalPassAuthor.cs(470,95): warning CS0618: 'FindObjectsSortMode' is obsolete: 'FindObjectsSortMode has been deprecated. Use the FindObjectsByType overloads that do not take a FindObjectsSortMode parameter.'
Assets\TumbangPreso\Editor\MapKit\MapFinalPassAuthor.cs(470,30): warning CS0618: 'Object.FindObjectsByType<T>(FindObjectsInactive, FindObjectsSortMode)' is obsolete: 'FindObjectsByType with FindObjectsSortMode parameter has been deprecated. Use FindObjectsByType<T>() or FindObjectsByType<T>(FindObjectsInactive) instead. InstanceID will be replaced in the future with EntityId and previous sort order cannot be maintained.'
Assets\TumbangPreso\Editor\PersonSwapProbe.cs(1238,17): warning CS0162: Unreachable code detected
Assets\TumbangPreso\Editor\MapKit\MapFinalPassAuthor.cs(600,69): warning CS0618: 'FindObjectsSortMode' is obsolete: 'FindObjectsSortMode has been deprecated. Use the FindObjectsByType overloads that do not take a FindObjectsSortMode parameter.'
Assets\TumbangPreso\Editor\MapKit\MapFinalPassAuthor.cs(600,30): warning CS0618: 'Object.FindObjectsByType<T>(FindObjectsSortMode)' is obsolete: 'FindObjectsByType with FindObjectsSortMode parameter has been deprecated. Use FindObjectsByType<T>() or FindObjectsByType<T>(FindObjectsInactive) instead. InstanceID will be replaced in the future with EntityId and previous sort order cannot be maintained.'
Assets\TumbangPreso\Editor\MapKit\MapFinalPassAuthor.cs(605,66): warning CS0618: 'FindObjectsSortMode' is obsolete: 'FindObjectsSortMode has been deprecated. Use the FindObjectsByType overloads that do not take a FindObjectsSortMode parameter.'
Assets\TumbangPreso\Editor\MapKit\MapFinalPassAuthor.cs(605,27): warning CS0618: 'Object.FindObjectsByType<T>(FindObjectsSortMode)' is obsolete: 'FindObjectsByType with FindObjectsSortMode parameter has been deprecated. Use FindObjectsByType<T>() or FindObjectsByType<T>(FindObjectsInactive) instead. InstanceID will be replaced in the future with EntityId and previous sort order cannot be maintained.'
Assets\TumbangPreso\Editor\MapKit\MapFinalPassAuthor.cs(627,60): warning CS0618: 'FindObjectsSortMode' is obsolete: 'FindObjectsSortMode has been deprecated. Use the FindObjectsByType overloads that do not take a FindObjectsSortMode parameter.'
Assets\TumbangPreso\Editor\MapKit\MapFinalPassAuthor.cs(627,24): warning CS0618: 'Object.FindObjectsByType<T>(FindObjectsSortMode)' is obsolete: 'FindObjectsByType with FindObjectsSortMode parameter has been deprecated. Use FindObjectsByType<T>() or FindObjectsByType<T>(FindObjectsInactive) instead. InstanceID will be replaced in the future with EntityId and previous sort order cannot be maintained.'
Assets\TumbangPreso\Tests\MatchmakingWireTests.cs(308,72): warning CS0618: 'FindObjectsSortMode' is obsolete: 'FindObjectsSortMode has been deprecated. Use the FindObjectsByType overloads that do not take a FindObjectsSortMode parameter.'
Assets\TumbangPreso\Tests\MatchmakingWireTests.cs(307,35): warning CS0618: 'Object.FindObjectsByType<T>(FindObjectsInactive, FindObjectsSortMode)' is obsolete: 'FindObjectsByType with FindObjectsSortMode parameter has been deprecated. Use FindObjectsByType<T>() or FindObjectsByType<T>(FindObjectsInactive) instead. InstanceID will be replaced in the future with EntityId and previous sort order cannot be maintained.'
Assets\TumbangPreso\Tests\SeanCinderGateTests.cs(20,73): warning CS0618: 'FindObjectsSortMode' is obsolete: 'FindObjectsSortMode has been deprecated. Use the FindObjectsByType overloads that do not take a FindObjectsSortMode parameter.'
Assets\TumbangPreso\Tests\SeanCinderGateTests.cs(20,32): warning CS0618: 'Object.FindObjectsByType<T>(FindObjectsSortMode)' is obsolete: 'FindObjectsByType with FindObjectsSortMode parameter has been deprecated. Use FindObjectsByType<T>() or FindObjectsByType<T>(FindObjectsInactive) instead. InstanceID will be replaced in the future with EntityId and previous sort order cannot be maintained.'
Assets\TumbangPreso\Tests\OpeningCameraCompositionTests.cs(80,30): warning CS0618: 'Object.FindFirstObjectByType<T>()' is obsolete: 'FindFirstObjectByType has been deprecated because it relies on instance ID ordering. Use FindAnyObjectByType instead, which does not depend on ordering.'
Assets\TumbangPreso\Tests\OpeningCameraCompositionTests.cs(91,34): warning CS0618: 'Object.FindFirstObjectByType<T>()' is obsolete: 'FindFirstObjectByType has been deprecated because it relies on instance ID ordering. Use FindAnyObjectByType instead, which does not depend on ordering.'
AssetDatabase: script compilation time: 10.122702s
Begin MonoManager ReloadAssembly
'Assets/TumbangPreso/Runtime/GuidedTraining.cs' contains partial class of Unity.Object, exactly 1 of the partial classes needs to be in a file with the same filename. This is to know the one that can be referenced from ie. GameObjects
'Assets/TumbangPreso/Runtime/UI/GuidedTrainingHud.OwnerPainted.cs' contains partial class of Unity.Object, exactly 1 of the partial classes needs to be in a file with the same filename. This is to know the one that can be referenced from ie. GameObjects
Refreshing native plugins compatible for Editor in 4.58 ms, found 0 plugins.
Native extension for LinuxStandalone target not found
Native extension for WindowsStandalone target not found
Native extension for WebGL target not found
Refreshing native plugins compatible for Editor in 2.52 ms, found 0 plugins.
Start HTTP server: port:7800
ScheduleIndexationOnStartup MainProcess:True IndexOnStartup:True
Mono: successfully reloaded assembly
- Finished resetting the current domain, in  5.196 seconds
Domain Reload Profiling: 7132ms
	BeginReloadAssembly (451ms)
		DisableScriptedObjects (51ms)
		CreateAndSetChildDomain (160ms)
	RebuildCommonClasses (12ms)
	RebuildNativeTypeToScriptingClass (25ms)
	initialDomainReloadingComplete (135ms)
	LoadAllAssembliesAndSetupDomain (1311ms)
		LoadAssemblies (636ms)
		AnalyzeDomain (623ms)
			TypeCache.Refresh (483ms)
				TypeCache.ScanAssembly (459ms)
			BuildScriptInfoCaches (125ms)
			ResolveRequiredComponents (12ms)
	FinalizeReload (5197ms)
		SetupLoadedEditorAssemblies (0ms)
			InitializePlatformSupportModulesInManaged (14ms)
			BeforeProcessingInitializeOnLoad (152ms)
			ProcessInitializeOnLoadAttributes (4271ms)
			ProcessInitializeOnLoadMethodAttributes (407ms)
			AfterProcessingInitializeOnLoad (11ms)
		AwakeInstancesAfterBackupRestoration (49ms)
Importing 'GUID: 00b650fa7b1745819d20afdab97b834a - Path: Assets/TumbangPreso/Resources/UI/input/xelu/light/Mouse_Middle_Key_Light.png' with importer (TextureImporter)
Imported 'GUID: 00b650fa7b1745819d20afdab97b834a' -> (Import Result ID: 'f7bc1532f766dab19ffe40c6577ebbc9') in 0.076 seconds [static and dynamic dependencies]. Details - ImportResultOutputID=698adff1cc6796b530357971e59b13b3 DependenciesID=5f8a9fb6b89c9833b6e215621bd9a07f StaticDependenciesID=752b28aff411ce4b0acc767753f473ff 
Importing 'GUID: 004e222de4f14fa5a283d8757acab8e0 - Path: Assets/TumbangPreso/Resources/UI/input/xelu/dark/3_Key_Dark.png' with importer (TextureImporter)
Imported 'GUID: 004e222de4f14fa5a283d8757acab8e0' -> (Import Result ID: 'cc2f2f92d63d446820ad0495e13eca88') in 0.021 seconds [static and dynamic dependencies]. Details - ImportResultOutputID=f6e7b3c9d33278ebc0feeed87a5f9329 DependenciesID=dc6466cd5817cbab6a64ee802090da39 StaticDependenciesID=31e1e26d092051080f03e181f3379740 
Importing 'GUID: 5050cf019bd14d65a3fd31c283ed3a51 - Path: Assets/TumbangPreso/Resources/UI/input/xelu/dark/F11_Key_Dark.png' with importer (TextureImporter)
Imported 'GUID: 5050cf019bd14d65a3fd31c283ed3a51' -> (Import Result ID: '8766dbea7dacaf8fc3d18301bdc12bf7') in 0.010 seconds [static and dynamic dependencies]. Details - ImportResultOutputID=e99dc9b305e97c4bf3f548f8a07518e9 DependenciesID=9d941e3e6b4efa01df4df2db8bf51ff2 StaticDependenciesID=9c3d42c4c5debf9553066e8d76b6cbeb 
Importing 'GUID: 5079c7fda0064696b4e5d0c868c0780a - Path: Assets/TumbangPreso/Resources/UI/input/xelu/dark/Bracket_Left_Key_Dark.png' with importer (TextureImporter)
Imported 'GUID: 5079c7fda0064696b4e5d0c868c0780a' -> (Import Result ID: '22a345304f63410d5fb94735c05e74a3') in 0.011 seconds [static and dynamic dependencies]. Details - ImportResultOutputID=51a216c671684acf29483ef557f450f7 DependenciesID=1fa6651362558bc71ede57304bd1b5cc StaticDependenciesID=51f8f6cb6e3f23ffe16011690cb13f91 
Importing 'GUID: 60c2ea273d354c7ca2ffdd21573d6933 - Path: Assets/TumbangPreso/Resources/UI/input/xelu/light/B_Key_Light.png' with importer (TextureImporter)
Imported 'GUID: 60c2ea273d354c7ca2ffdd21573d6933' -> (Import Result ID: '5720dd5f5fcdf2272b51ced283228400') in 0.017 seconds [static and dynamic dependencies]. Details - ImportResultOutputID=9ebd43547e9d1160fe8a5310d1e8e114 DependenciesID=c93c18e6b34a6e77edbf2529ab93d87c StaticDependenciesID=deb9e2e4495a61c70e695226d4e445b8 
Importing 'GUID: 60ce4a787b544244a811bc65b0f74ee1 - Path: Assets/TumbangPreso/Resources/UI/input/xelu/light/C_Key_Light.png' with importer (TextureImporter)
Imported 'GUID: 60ce4a787b544244a811bc65b0f74ee1' -> (Import Result ID: 'b26110e242a7711c78726613bb0519de') in 0.012 seconds [static and dynamic dependencies]. Details - ImportResultOutputID=72203a8f0287cfc347f917495c2618e9 DependenciesID=d795c58eaa5844424e955be527c0afb3 StaticDependenciesID=8b407cf471fc89b09a49b548750b7ce0 
Importing 'GUID: 70fb511108e62644688b0a35a5843744 - Path: Assets/TumbangPreso/Resources/UI/brand/tsinelas_hit.png' with importer (TextureImporter)
Imported 'GUID: 70fb511108e62644688b0a35a5843744' -> (Import Result ID: 'a929b1370def9c9713a90ace045e5fd6') in 0.158 seconds [static and dynamic dependencies]. Details - ImportResultOutputID=e3b7dcf87c8ee10a8c492626fc3e12ba DependenciesID=201c938d7cf1d3eb7f77b8a166865c28 StaticDependenciesID=e2b31438356f2e51f741826d4b976143 
Importing 'GUID: 701fbcf0908748508260b6445f65894e - Path: Assets/TumbangPreso/Resources/UI/input/xelu/dark/Quote_Key_Dark.png' with importer (TextureImporter)
Imported 'GUID: 701fbcf0908748508260b6445f65894e' -> (Import Result ID: '27db675f3c9f0e7574a694eea57b32d0') in 0.012 seconds [static and dynamic dependencies]. Details - ImportResultOutputID=b04e5cb9680eb629be8e222fadea2793 DependenciesID=bec7439df30f291cca3299037a85c9f6 StaticDependenciesID=2e6059537855e3632d9f03285696c07a 
Importing 'GUID: 805bae5b684d48b1a9bb6d44f2c97eaa - Path: Assets/TumbangPreso/Resources/UI/map-cards/Eskinita.png' with importer (TextureImporter)
Imported 'GUID: 805bae5b684d48b1a9bb6d44f2c97eaa' -> (Import Result ID: '858ea76840f75e4f46f3922adfb117fd') in 0.045 seconds [static and dynamic dependencies]. Details - ImportResultOutputID=82d1c3a057edb7c2d9a90f651cbde89d DependenciesID=bea77ee495ffe4ee01eb7d43d9f491d5 StaticDependenciesID=8b2967574b6d84c86e57442e48286f7b 
Importing 'GUID: 90f91963a7814803a977cf2717fe66da - Path: Assets/TumbangPreso/Resources/UI/input/xelu/light/Page_Up_Key_Light.png' with importer (TextureImporter)
Imported 'GUID: 90f91963a7814803a977cf2717fe66da' -> (Import Result ID: '723e247f71adbae04b7357352f8aac42') in 0.013 seconds [static and dynamic dependencies]. Details - ImportResultOutputID=3e27f13f87537fe4d6854aa4b0757bbb DependenciesID=06168edd62de7105773ab57b79068263 StaticDependenciesID=f003134243a6486b80e071634a6ccb8d 
Importing 'GUID: 908ae49aea17055419037142dc894a12 - Path: Assets/TumbangPreso/Resources/UI/owner-menu-edits/login-primary.png' with importer (TextureImporter)
Imported 'GUID: 908ae49aea17055419037142dc894a12' -> (Import Result ID: '8f2c2139ef08b91c865b8ca7bdb10a1e') in 0.014 seconds [static and dynamic dependencies]. Details - ImportResultOutputID=d9379d08e605b9f3e9066f0ec3e476de DependenciesID=cc310f63357cc5e61709e9d53da4fd05 StaticDependenciesID=0cc427d25d5b0586c0f1f0ed093b0a3c 
Importing 'GUID: b0bd55fe245a4674b7670546635aec73 - Path: Assets/TumbangPreso/Resources/UI/input/xelu/dark/Space_Key_Dark.png' with importer (TextureImporter)
Imported 'GUID: b0bd55fe245a4674b7670546635aec73' -> (Import Result ID: 'daa32d1314ed3f24eb115c1a294c0893') in 0.012 seconds [static and dynamic dependencies]. Details - ImportResultOutputID=3c87dd8587364dd2c099be3fd02e91f8 DependenciesID=62115d3bc28f0ee95ba918ee7172e4cf StaticDependenciesID=e5b425d3bc727b7d1bc03305a308dccb 
Importing 'GUID: d0e22f5bc5634c49b85ac2760005418d - Path: Assets/TumbangPreso/Resources/UI/input/xelu/light/Caps_Lock_Key_Light.png' with importer (TextureImporter)
Imported 'GUID: d0e22f5bc5634c49b85ac2760005418d' -> (Import Result ID: '4fc224f3c2375e522ebed6f30f0870e6') in 0.012 seconds [static and dynamic dependencies]. Details - ImportResultOutputID=c3a5e70ec81e5af7f03dbe480cca9159 DependenciesID=06f6fbeb96bea31a7a16bb0e4896efcc StaticDependenciesID=f4b08163693eb690493d42940fa5e51f 
Importing 'GUID: d0fa91c1d3a540e4a782ce561c59dae4 - Path: Assets/TumbangPreso/Resources/UI/mode-cards/ClassicChoice.png' with importer (TextureImporter)
Imported 'GUID: d0fa91c1d3a540e4a782ce561c59dae4' -> (Import Result ID: 'ed9117733e7588f2b6e2e8dd3de019f6') in 0.054 seconds [static and dynamic dependencies]. Details - ImportResultOutputID=05ee80281ffad201e9697d894e15cca7 DependenciesID=be2ea00b0b5511ffa938b3f646b72f41 StaticDependenciesID=bc4435d13182bb8702683022ec23ee95 
Importing 'GUID: 01276aa687304034b8bb3e9c90ba6efa - Path: Assets/TumbangPreso/Resources/UI/input/xelu/ps/PS5_Dpad_Left.png' with importer (TextureImporter)
Imported 'GUID: 01276aa687304034b8bb3e9c90ba6efa' -> (Import Result ID: '9350312bdf21bfc90df87497cdc9f366') in 0.025 seconds [static and dynamic dependencies]. Details - ImportResultOutputID=d7ef38a1ea6b0d2d48a928d6953d2aad DependenciesID=3d316a507de9fc2b2939985f6799edb8 StaticDependenciesID=8c8ade1a12cadefbb80dcff4019c50ba 
Importing 'GUID: 41adada06bcc24f4b85e7f6d4165eebe - Path: Assets/TumbangPreso/Resources/UI/owner-menu-edits/login3-field-confirm.png' with importer (TextureImporter)
Imported 'GUID: 41adada06bcc24f4b85e7f6d4165eebe' -> (Import Result ID: '7002753bd0880bca1c0b3022676b8f7f') in 0.039 seconds [static and dynamic dependencies]. Details - ImportResultOutputID=6fa16565698831bf9497c26d82b67442 DependenciesID=f49481b942c691b1bd9157db17fa9946 StaticDependenciesID=8dc56bfe87c40375a7cc235f3876556a 
Importing 'GUID: 51b2dbbe01fd8aa4388977e29b7695a8 - Path: Assets/TumbangPreso/Resources/UI/owner-menu-edits/main-settings.png' with importer (TextureImporter)
Imported 'GUID: 51b2dbbe01fd8aa4388977e29b7695a8' -> (Import Result ID: 'e880ae2e4499f569f80b66d323915d47') in 0.028 seconds [static and dynamic dependencies]. Details - ImportResultOutputID=3353b0f9fd07908d5c8216a1a894f749 DependenciesID=d2316f0b247e1e8c3ac3be045a08cbaf StaticDependenciesID=8a44dc8dd4e62463e68763991a914ac6 
Importing 'GUID: 5164e7e6fdaf464889e180dbc77ddae8 - Path: Assets/TumbangPreso/Resources/UI/input/xelu/xbox/XboxSeriesX_Dpad_Right.png' with importer (TextureImporter)
Imported 'GUID: 5164e7e6fdaf464889e180dbc77ddae8' -> (Import Result ID: '2289053b9d4a90bac6063705a2cb36e3') in 0.014 seconds [static and dynamic dependencies]. Details - ImportResultOutputID=00ccf9bee288a562ddbdb04fc7553c32 DependenciesID=c66734f12c128527bff4d99029157b46 StaticDependenciesID=190253114af0289abf80e50ea7f94fa0 
Importing 'GUID: 51c9ca19798849e5a6d8d9a0f89f80ed - Path: Assets/TumbangPreso/Resources/UI/input/xelu/light/Mouse_Simple_Key_Light.png' with importer (TextureImporter)
Imported 'GUID: 51c9ca19798849e5a6d8d9a0f89f80ed' -> (Import Result ID: 'b2c982289d5d5b64275db72236cf4d26') in 0.018 seconds [static and dynamic dependencies]. Details - ImportResultOutputID=d3b02a5de8c814ca93b6b2ea1e7a02df DependenciesID=4edffa22f20511d3319af15036612e70 StaticDependenciesID=1eb318cf8f0afddfcaa137335a2eeb46 
Importing 'GUID: 61ea11cc749d8cf4db00122e16ea45ea - Path: Assets/TumbangPreso/Resources/UI/owner-menu-edits/login3-rule-right.png' with importer (TextureImporter)
Imported 'GUID: 61ea11cc749d8cf4db00122e16ea45ea' -> (Import Result ID: 'e07152990ee070da61a95aca882fda7d') in 0.015 seconds [static and dynamic dependencies]. Details - ImportResultOutputID=cb41a3243ff267539628905ee610475c DependenciesID=a88bd6ebf73853b1f80ad4fb9f31730b StaticDependenciesID=e060948dfed0c6f15301ba495c54af2f 
Importing 'GUID: 619f8390b5d5c7d48b36bfc913590d4c - Path: Assets/TumbangPreso/Resources/UI/owner-menu-edits/main-background.png' with importer (TextureImporter)
Imported 'GUID: 619f8390b5d5c7d48b36bfc913590d4c' -> (Import Result ID: '854e3d3e59772398d0e6b623d0f1f7a0') in 0.103 seconds [static and dynamic dependencies]. Details - ImportResultOutputID=be5aef0583207277b162eda8545bded1 DependenciesID=ae912ec9b2856f66c84954fabec144db StaticDependenciesID=927d0e55db3814327e3e86034ae4f014 
Importing 'GUID: 71379fb5780d41c18b1c56dd89621ad1 - Path: Assets/TumbangPreso/Resources/UI/input/xelu/dark/G_Key_Dark.png' with importer (TextureImporter)
Imported 'GUID: 71379fb5780d41c18b1c56dd89621ad1' -> (Import Result ID: 'f7cdbac6982ac66bcd71fc960246fa33') in 0.013 seconds [static and dynamic dependencies]. Details - ImportResultOutputID=e20498d3c6fb3e89098ff0f841e5b1b8 DependenciesID=6a1110092e7dd78eaee153e9789b7b38 StaticDependenciesID=9eb9e6ef4e69291ed4b6d8e2fea99aed 
Importing 'GUID: 8141a15121e3b534cb07840732cc46c4 - Path: Assets/TumbangPreso/Resources/UI/owner-menu-edits/login-field2.png' with importer (TextureImporter)
Imported 'GUID: 8141a15121e3b534cb07840732cc46c4' -> (Import Result ID: '123a6abbccfe1f6a008b58eb5cc3f818') in 0.009 seconds [static and dynamic dependencies]. Details - ImportResultOutputID=987c2ccea899d883501dc363fe29635a DependenciesID=741be3a3319ac12d2db59520249006a1 StaticDependenciesID=5dae816065ac51ec84cc87dc39c1f0dc 
Importing 'GUID: 81668f96b359484fb727f90122791755 - Path: Assets/TumbangPreso/Resources/UI/input/xelu/light/Page_Down_Key_Light.png' with importer (TextureImporter)
Imported 'GUID: 81668f96b359484fb727f90122791755' -> (Import Result ID: '6c68b1bff8e68d7cacdecba572656d84') in 0.014 seconds [static and dynamic dependencies]. Details - ImportResultOutputID=a1221e3cf5302da0679e7447e2b6b6be DependenciesID=bf1aef4e9e8a1722c2815a3f40e9f498 StaticDependenciesID=d7bce28f50519ec55455d1a226019a0d 
Importing 'GUID: b199be6fd427ee1489f6dad6bf4f8ec1 - Path: Assets/TumbangPreso/Resources/UI/owner-menu-edits/login2-primary-up.png' with importer (TextureImporter)
Imported 'GUID: b199be6fd427ee1489f6dad6bf4f8ec1' -> (Import Result ID: '05adbca4a96abc6a9a486eea94588afc') in 0.017 seconds [static and dynamic dependencies]. Details - ImportResultOutputID=6b9dcecdf8a2fdda1f0649a075424bcc DependenciesID=290630edae2926388aaaea26353d2ce2 StaticDependenciesID=7dc645b2a777fe6e60caafb38e290408 
Importing 'GUID: c1d4d475b44e480f87360dca07b4f2cf - Path: Assets/TumbangPreso/Resources/UI/input/xelu/light/Plus_Key_Light.png' with importer (TextureImporter)
Imported 'GUID: c1d4d475b44e480f87360dca07b4f2cf' -> (Import Result ID: 'e5682d3793f3e1852c1cf0cfdd6d96a2') in 0.013 seconds [static and dynamic dependencies]. Details - ImportResultOutputID=01061dc96fa0968d78d05b463a5c13ef DependenciesID=8421a884c601f6af1980c481d4dff343 StaticDependenciesID=293e814531c1ba108f2988a510be3c3e 
Importing 'GUID: c14531f9cde14dc894e1bd4d98daeb86 - Path: Assets/TumbangPreso/Resources/UI/mode-cards/PracticeCard.png' with importer (TextureImporter)
Imported 'GUID: c14531f9cde14dc894e1bd4d98daeb86' -> (Import Result ID: 'f352228e04ac123a376bf91c61af4c0a') in 0.034 seconds [static and dynamic dependencies]. Details - ImportResultOutputID=e6472890d13d745ef47e81975e8795fb DependenciesID=5a4916bca3a1f3637c8d053a016a5da4 StaticDependenciesID=fc79ef93b158b08bad7541c059fbbc8a 
Importing 'GUID: d1077d7460dd4aa7848445e82c7f5347 - Path: Assets/TumbangPreso/Resources/UI/input/xelu/light/Z_Key_Light.png' with importer (TextureImporter)
Imported 'GUID: d1077d7460dd4aa7848445e82c7f5347' -> (Import Result ID: '092d8c5d3aa4b4bfa7d0fe87f10aa624') in 0.011 seconds [static and dynamic dependencies]. Details - ImportResultOutputID=fb129247fe5bb906632f0376978ca72f DependenciesID=217d13a053ab7f0c42b1954c8c04a697 StaticDependenciesID=283e8519d4fb8b964cb8b7c19306c2d0 
Importing 'GUID: d18fbfedb264423eaea5ae8148076723 - Path: Assets/TumbangPreso/Resources/UI/input/xelu/light/5_Key_Light.png' with importer (TextureImporter)
Imported 'GUID: d18fbfedb264423eaea5ae8148076723' -> (Import Result ID: 'a6064d536cb6d3ce53c97c8ac0dc0552') in 0.013 seconds [static and dynamic dependencies]. Details - ImportResultOutputID=2cc933983e24f3c0497a9734223a074f DependenciesID=4f03435c9f421d389d401080ae4fa8d1 StaticDependenciesID=8caee6aa71a947ea50be4310ab9c4321 
Importing 'GUID: e156c0979a6b4990aaa040dbf2a5c270 - Path: Assets/TumbangPreso/Resources/UI/input/xelu/dark/N_Key_Dark.png' with importer (TextureImporter)
Imported 'GUID: e156c0979a6b4990aaa040dbf2a5c270' -> (Import Result ID: 'd0b726e5f93226fa9ccfd60d2821cb22') in 0.017 seconds [static and dynamic dependencies]. Details - ImportResultOutputID=8b0e981eef6622fcd6ebb702fed40cbe DependenciesID=75502828e6ec4cdd3d2dad04fabe1438 StaticDependenciesID=6c8a85f82d0dbd46812c22c411695c16 
Importing 'GUID: e1d7231a1a3b41eeb0d9b6c8e90cdc61 - Path: Assets/TumbangPreso/Resources/UI/input/xelu/dark/T_Key_Dark.png' with importer (TextureImporter)
Imported 'GUID: e1d7231a1a3b41eeb0d9b6c8e90cdc61' -> (Import Result ID: 'cf031a3f8f054c0d6c195f802a7dd69e') in 0.013 seconds [static and dynamic dependencies]. Details - ImportResultOutputID=b51dadb21b4b6ea0d2117895683d9be4 DependenciesID=a7bcd25c55cbb7e81c4fc95180788bd0 StaticDependenciesID=a160ef7fe80cdcdfd6a2944ac5f103b6 
Importing 'GUID: 0210aa2fa6f9474aaa2b4dc4d6d1b071 - Path: Assets/TumbangPreso/Resources/UI/input/xelu/dark/Enter_Key_Dark.png' with importer (TextureImporter)
Imported 'GUID: 0210aa2fa6f9474aaa2b4dc4d6d1b071' -> (Import Result ID: '297b7b4e404ddd1c8735e79651dde1fe') in 0.012 seconds [static and dynamic dependencies]. Details - ImportResultOutputID=7a1eb0506faf44b62deec547c2b3b7a3 DependenciesID=9a15893bdf6232f709e4ab6442a2115d StaticDependenciesID=c5834f7464f16edabf17f1905bbc4de3 
Importing 'GUID: 024ee30c3f6e481ba33da50dea029c9d - Path: Assets/TumbangPreso/Resources/UI/input/xelu/light/F3_Key_Light.png' with importer (TextureImporter)
Imported 'GUID: 024ee30c3f6e481ba33da50dea029c9d' -> (Import Result ID: '09f7b197c03b7a96e65136e5f7a7ceb2') in 0.012 seconds [static and dynamic dependencies]. Details - ImportResultOutputID=ea43c740bc94f6243dfb20b0c75c59bb DependenciesID=4a57f9016fbeddb480bf9b9dfe1f4086 StaticDependenciesID=519ea48b3661a93d6585fc02ffb02517 
Importing 'GUID: 121c9824a0954e508d75c04fc7b6b449 - Path: Assets/TumbangPreso/Resources/UI/input/xelu/light/O_Key_Light.png' with importer (TextureImporter)
Imported 'GUID: 121c9824a0954e508d75c04fc7b6b449' -> (Import Result ID: '08ae7abd54cc62cebd7fe8f11832a603') in 0.013 seconds [static and dynamic dependencies]. Details - ImportResultOutputID=8fa09c6c8e0e0a692e79a90c39629e17 DependenciesID=09cd8d6c7697229901b01681ce2f41ad StaticDependenciesID=8cffa7b689d265f44fe662aeb43d027d 
Importing 'GUID: 12aeae625e5542dfb52aebea75f14167 - Path: Assets/TumbangPreso/Resources/UI/input/xelu/light/7_Key_Light.png' with importer (TextureImporter)
Imported 'GUID: 12aeae625e5542dfb52aebea75f14167' -> (Import Result ID: 'c19f379cee3c0812c9588995545415bc') in 0.012 seconds [static and dynamic dependencies]. Details - ImportResultOutputID=af55bbcaf0cb7c4692bf75f68b4cf088 DependenciesID=b24abe9066a0e7d3b5c157ee184b42ba StaticDependenciesID=6c1aff9a3f1f62bfd9d9d518a0e170fb 
Importing 'GUID: 3209666edc7f44bbb85e233a47c90332 - Path: Assets/TumbangPreso/Resources/UI/input/xelu/xbox/XboxSeriesX_Dpad_Down.png' with importer (TextureImporter)
Imported 'GUID: 3209666edc7f44bbb85e233a47c90332' -> (Import Result ID: '1bf4a9f8259b3a5251e4b6091dad7d84') in 0.013 seconds [static and dynamic dependencies]. Details - ImportResultOutputID=6c9e0213888fe07d113a4b08c3ee7038 DependenciesID=5711ec943566ca4e984b82cc364dab14 StaticDependenciesID=5ac206d769f3488aefd4a8210bc1731b 
Importing 'GUID: 320f076ab5524d169b3897b9009cca07 - Path: Assets/TumbangPreso/Resources/UI/mode-cards/ClassicCard.png' with importer (TextureImporter)
Imported 'GUID: 320f076ab5524d169b3897b9009cca07' -> (Import Result ID: '002b6d8df600990cb365c436757a7acd') in 0.074 seconds [static and dynamic dependencies]. Details - ImportResultOutputID=f3c832ec909a49f212ed7ab5592d3e5b DependenciesID=ace3f14ea0877dae06e26eed40e618f1 StaticDependenciesID=da8c1f1a26af95726ebad3773a1aac4e 
Importing 'GUID: 5231a97a76f048d18c2c3b738e0f74bf - Path: Assets/TumbangPreso/Resources/UI/input/xelu/dark/Mouse_Right_Key_Dark.png' with importer (TextureImporter)
Imported 'GUID: 5231a97a76f048d18c2c3b738e0f74bf' -> (Import Result ID: '19f2531a0c03af710235e55355470015') in 0.033 seconds [static and dynamic dependencies]. Details - ImportResultOutputID=b8dbca8b34542da9bfaf8078fd7ad75e DependenciesID=3d76599322669f16f488d1cca619709f StaticDependenciesID=b32ebb5946d4b24810665efa2744e1bb 
Importing 'GUID: 52846328a57f43ca8bca281892771565 - Path: Assets/TumbangPreso/Resources/UI/input/xelu/light/W_Key_Light.png' with importer (TextureImporter)
Imported 'GUID: 52846328a57f43ca8bca281892771565' -> (Import Result ID: '6fed2b8da00ba0d7addc7683db5e1312') in 0.018 seconds [static and dynamic dependencies]. Details - ImportResultOutputID=75dcbae2b855fecd7db7b5a458ebe1a3 DependenciesID=bf3bea0685ecd954892c7e7dee2054e3 StaticDependenciesID=a392d26d4517b5925b00d1929b2a847a 
Importing 'GUID: 52d6dc590f8f8ae48977b3c450068fa2 - Path: Assets/TumbangPreso/Resources/UI/owner-menu-edits/login2-primary-in.png' with importer (TextureImporter)
Imported 'GUID: 52d6dc590f8f8ae48977b3c450068fa2' -> (Import Result ID: 'b7067e7bb96ab7877ff86fda042213b8') in 0.019 seconds [static and dynamic dependencies]. Details - ImportResultOutputID=428bbd8cb3a2326dc08731a68ae40c1f DependenciesID=9252bfb889621eca61cd14051e1833c0 StaticDependenciesID=a96e67395c43914260263939b57ea27d 
Importing 'GUID: 72156f67bfe3af2478d906068265e437 - Path: Assets/TumbangPreso/Resources/UI/owner-menu-edits/login2-tabs-left.png' with importer (TextureImporter)
Imported 'GUID: 72156f67bfe3af2478d906068265e437' -> (Import Result ID: '2bd1c88ec8c7bf19c2e4b522c52a27e4') in 0.022 seconds [static and dynamic dependencies]. Details - ImportResultOutputID=3d6685378c14e277e03d9a58d5101496 DependenciesID=376a356e13c88ba3f55f25ac5c63717c StaticDependenciesID=31fbaa1054ce65c9224c33fa0b2bae97 
Importing 'GUID: 72278ad7f6d74474d9879fbb1d5d2ab8 - Path: Assets/TumbangPreso/Resources/UI/owner-menu-edits/login-rule-left.png' with importer (TextureImporter)
Imported 'GUID: 72278ad7f6d74474d9879fbb1d5d2ab8' -> (Import Result ID: '9e2e2ec011021fc8b9ac761deb5c216c') in 0.013 seconds [static and dynamic dependencies]. Details - ImportResultOutputID=bd9a6d5c727b7dab7b0a26a2e1da72df DependenciesID=781233406efa09f160804a98a997b943 StaticDependenciesID=e07cca80a357ff62b690f5718e3f07a9 
Importing 'GUID: 720dca9be93d42988741b3ac0fea32f3 - Path: Assets/TumbangPreso/Resources/UI/input/xelu/dark/C_Key_Dark.png' with importer (TextureImporter)
Imported 'GUID: 720dca9be93d42988741b3ac0fea32f3' -> (Import Result ID: '8a301be51788e73d509fb870a40fb197') in 0.022 seconds [static and dynamic dependencies]. Details - ImportResultOutputID=6453170870360547f73debcc4725fbdb DependenciesID=fbe5dc7aa0c1a7366bdcc669b42c5dfb StaticDependenciesID=1e794e4a76f27449cd02fc23d49045f7 
Importing 'GUID: 9286c2e4e83b4367bee6a088b7658c06 - Path: Assets/TumbangPreso/Resources/UI/input/xelu/light/F10_Key_Light.png' with importer (TextureImporter)
Imported 'GUID: 9286c2e4e83b4367bee6a088b7658c06' -> (Import Result ID: '077e1fbc36b8fffce6038afddab003fc') in 0.016 seconds [static and dynamic dependencies]. Details - ImportResultOutputID=1eeb762271bcbd2e4f7cb2c02af464d8 DependenciesID=7a36d4df0e022ec08a8b5804b95bb5fc StaticDependenciesID=700d4788da602c519d0e6b95e4c9e1b7 
Importing 'GUID: 923a1b0e9379444488af687c03059770 - Path: Assets/TumbangPreso/Resources/UI/owner-menu-edits/login2-pass-up.png' with importer (TextureImporter)
Imported 'GUID: 923a1b0e9379444488af687c03059770' -> (Import Result ID: 'd4b6c73847e67c6ff2c80ceeacb18fa5') in 0.016 seconds [static and dynamic dependencies]. Details - ImportResultOutputID=70ab03e670d37a3cf6d4c11962f008ba DependenciesID=70b008ef1a77b3b0cd23aef5f87f616c StaticDependenciesID=adffe4a6d63988082681b18aa891601d 
Importing 'GUID: 92fc8e08597a40269943073afc55c264 - Path: Assets/TumbangPreso/Resources/UI/input/xelu/light/Arrow_Down_Key_Light.png' with importer (TextureImporter)
Imported 'GUID: 92fc8e08597a40269943073afc55c264' -> (Import Result ID: '5e206066be2f523f24169f16194c9a5e') in 0.006 seconds [static and dynamic dependencies]. Details - ImportResultOutputID=3b9097be32aff19a39d348776ac37994 DependenciesID=298d19b7fedf9484452625e0ee5f9220 StaticDependenciesID=98a34fd983eea623414104bbeb076d54 
Importing 'GUID: a2b63f6f66cb4be68b94989c10cda5d2 - Path: Assets/TumbangPreso/Resources/UI/input/xelu/dark/J_Key_Dark.png' with importer (TextureImporter)
Imported 'GUID: a2b63f6f66cb4be68b94989c10cda5d2' -> (Import Result ID: 'b78413b16047c8bb3b96af26e7fe4608') in 0.016 seconds [static and dynamic dependencies]. Details - ImportResultOutputID=aad82d93e585d276c08fda738c9a2895 DependenciesID=a93c82ea9e45b2d05f24a39e3d398f4d StaticDependenciesID=cdbd8877d478b38e2b3af2a2b298e84f 
Importing 'GUID: a2caad759d0f4cb78f9dd380d8621257 - Path: Assets/TumbangPreso/Resources/UI/input/xelu/ps/PS5_Right_Stick.png' with importer (TextureImporter)
Imported 'GUID: a2caad759d0f4cb78f9dd380d8621257' -> (Import Result ID: '08858ed47aaddae89cd20fc23651d391') in 0.014 seconds [static and dynamic dependencies]. Details - ImportResultOutputID=ec3da9b99b80e46fa12dd90fe449a2b0 DependenciesID=7cb2d32fc9d3ad09d0558837f0492e81 StaticDependenciesID=c7689c4df9e4b9d94b38bca00808e077 
Importing 'GUID: b2071a79f0e24c778ac7dbdd9e91d931 - Path: Assets/TumbangPreso/Resources/UI/input/xelu/dark/4_Key_Dark.png' with importer (TextureImporter)
Imported 'GUID: b2071a79f0e24c778ac7dbdd9e91d931' -> (Import Result ID: 'fc42ac6f098c6302000bff2b90d3d144') in 0.015 seconds [static and dynamic dependencies]. Details - ImportResultOutputID=0262e0ac73c4d049bb5b225ad6f7a832 DependenciesID=76adcb12b4aeb8cb7370f4f7abbcb511 StaticDependenciesID=c774f49bb696e212c0aeb0e772cadbe8 
Importing 'GUID: c220d87093c24347b5b84762f26f631e - Path: Assets/TumbangPreso/Resources/UI/input/xelu/light/Num_Lock_Key_Light.png' with importer (TextureImporter)
Imported 'GUID: c220d87093c24347b5b84762f26f631e' -> (Import Result ID: '50092e634d44dd1cda04175135325a27') in 0.013 seconds [static and dynamic dependencies]. Details - ImportResultOutputID=c54e381e1939981386e40960a5c43d1a DependenciesID=a74447a32a71e9d93bb3efd35019202b StaticDependenciesID=4e4cb52576421625eef6f6e89d9e2357 
Importing 'GUID: c22d97a2ce234fca99e43eb0ea809bc9 - Path: Assets/TumbangPreso/Resources/UI/input/xelu/ps/PS5_Circle.png' with importer (TextureImporter)
Imported 'GUID: c22d97a2ce234fca99e43eb0ea809bc9' -> (Import Result ID: '4375785aa3b6e4a6e023ffb4e28771c4') in 0.014 seconds [static and dynamic dependencies]. Details - ImportResultOutputID=a99f8c7ec38d9f81082f42a14a4e841a DependenciesID=db2861af13d7fe6a7fc7eceaf5efeb69 StaticDependenciesID=f30d82c50fd334a68e9760ce05a15249 
Importing 'GUID: e28494100f9b4288a32fc525cfef4522 - Path: Assets/TumbangPreso/Resources/UI/input/xelu/dark/W_Key_Dark.png' with importer (TextureImporter)
Imported 'GUID: e28494100f9b4288a32fc525cfef4522' -> (Import Result ID: '12b648c4d26e2337aec981cc29cc780a') in 0.014 seconds [static and dynamic dependencies]. Details - ImportResultOutputID=d5ed994fdec84b1eb67d495b09e86b09 DependenciesID=e281f6cb323a39dfe09d68bc1a99523a StaticDependenciesID=1a100525e0c81d798cc19ee9a489a071 
Importing 'GUID: e2bd7f215531a9d41a7c6a64eee40cf2 - Path: Assets/TumbangPreso/Resources/UI/owner-menu-edits/login3-guest.png' with importer (TextureImporter)
Imported 'GUID: e2bd7f215531a9d41a7c6a64eee40cf2' -> (Import Result ID: '5ef9e7a2187d15ae7ec46638195962bd') in 0.078 seconds [static and dynamic dependencies]. Details - ImportResultOutputID=bdb2c692287ea88959fb8d1a2cf9215c DependenciesID=534e06192498bc206ac41d5812abca5e StaticDependenciesID=2c57033c828e2ad2926ef2d412fe0ea6 
Importing 'GUID: e21f569b4edd411392d65a6dc5e634ab - Path: Assets/TumbangPreso/Resources/UI/input/xelu/light/P_Key_Light.png' with importer (TextureImporter)
Imported 'GUID: e21f569b4edd411392d65a6dc5e634ab' -> (Import Result ID: '0b32ef7f45625aa8cddd915b3d6c7a60') in 0.015 seconds [static and dynamic dependencies]. Details - ImportResultOutputID=9f515425f09f94842435748fb4d13810 DependenciesID=3e4ae5d0567031fbaf2529bec6085c6d StaticDependenciesID=58a56e92ad1b2202d361616b1211d0eb 
Importing 'GUID: f2608f7139db488289d95e9b9e5f5868 - Path: Assets/TumbangPreso/Resources/UI/input/xelu/dark/M_Key_Dark.png' with importer (TextureImporter)
Imported 'GUID: f2608f7139db488289d95e9b9e5f5868' -> (Import Result ID: 'a60ce031b1638ee6caef7e470e1dc5b3') in 0.014 seconds [static and dynamic dependencies]. Details - ImportResultOutputID=73321eaeda7a0ffcb132414c66ab4805 DependenciesID=034bba5c1f2be20c9891d02d9ee93909 StaticDependenciesID=b0bcf520d289ab96721455410858ae0d 
Importing 'GUID: 234600c0b93d4ad38ffe8564cdd4793b - Path: Assets/TumbangPreso/Resources/UI/input/xelu/light/L_Key_Light.png' with importer (TextureImporter)
Imported 'GUID: 234600c0b93d4ad38ffe8564cdd4793b' -> (Import Result ID: '63d5e30a8c6a55fd8ec6d2db5cb300b5') in 0.013 seconds [static and dynamic dependencies]. Details - ImportResultOutputID=c584a2387a14aba9a983bc176cb1e7fd DependenciesID=aa2ec7c0f371c9048e0f0e97c1717930 StaticDependenciesID=5a724863f79c5f6b5b26a13127692ece 
Importing 'GUID: 33246c5da8c549228f4c26c702c42353 - Path: Assets/TumbangPreso/Resources/UI/map-cards/BayanPlaza.png' with importer (TextureImporter)
Imported 'GUID: 33246c5da8c549228f4c26c702c42353' -> (Import Result ID: 'd4e41f611fe315d7e2a1fd850de8db81') in 0.034 seconds [static and dynamic dependencies]. Details - ImportResultOutputID=2ab6e731848f40a470c358c5c09cd219 DependenciesID=bc210ae38ffb5a3fca40eb7c4692c804 StaticDependenciesID=c898e5dcc950e5b560aa26636d21cfb9 
Importing 'GUID: 532e8e7d17e7459aaaa98f30bc1d0881 - Path: Assets/TumbangPreso/Resources/UI/input/xelu/ps/PS5_L1.png' with importer (TextureImporter)
Imported 'GUID: 532e8e7d17e7459aaaa98f30bc1d0881' -> (Import Result ID: 'e0acec40e1165698b9f2dad3d87fb694') in 0.011 seconds [static and dynamic dependencies]. Details - ImportResultOutputID=8b0ccc8d4e0a05f83b285db55b2200c4 DependenciesID=f34c9470f8830f51ebd39ba64333c2a3 StaticDependenciesID=6856c6b7608ecba5e509a74fdcbc3590 
Importing 'GUID: 73406dad08ff46e1ab38111db3d14b16 - Path: Assets/TumbangPreso/Resources/UI/input/xelu/ps/PS5_Square.png' with importer (TextureImporter)
Imported 'GUID: 73406dad08ff46e1ab38111db3d14b16' -> (Import Result ID: '88523e71bed34f280fd50fff70dd6e4a') in 0.014 seconds [static and dynamic dependencies]. Details - ImportResultOutputID=2ca79c02484dc6bb6ce54ff7b40f4503 DependenciesID=0b674eb139a908ec0d8141030b4c3370 StaticDependenciesID=2cca2596afc71634a479c5989aa174b9 
Importing 'GUID: 736c85be97fb464d90b75d54f3591814 - Path: Assets/TumbangPreso/Resources/UI/input/xelu/xbox/XboxSeriesX_X.png' with importer (TextureImporter)
Imported 'GUID: 736c85be97fb464d90b75d54f3591814' -> (Import Result ID: 'e639e3ac0d00b6c049e2389a515e1ca6') in 0.005 seconds [static and dynamic dependencies]. Details - ImportResultOutputID=fc1d48b9ec0d1a095336049ec5476ffc DependenciesID=3106479f946b66709bf917f69da617ce StaticDependenciesID=b1e65960e4e800e77c77b09df9a8666a 
Importing 'GUID: 830da3db1db545a4a00bd947caa7026c - Path: Assets/TumbangPreso/Resources/UI/input/xelu/light/V_Key_Light.png' with importer (TextureImporter)
Imported 'GUID: 830da3db1db545a4a00bd947caa7026c' -> (Import Result ID: 'cd63da4b7f1c18727a56ae9e107bced7') in 0.011 seconds [static and dynamic dependencies]. Details - ImportResultOutputID=6bedd7928d8fa6b9a15903a47569782d DependenciesID=db05626fffd53547ff478e1c3892f35b StaticDependenciesID=92121c22040cdcf671c7716b62d6555b 
Importing 'GUID: 93ec81221624468aaf27009388cb0533 - Path: Assets/TumbangPreso/Resources/UI/input/xelu/light/F4_Key_Light.png' with importer (TextureImporter)
Imported 'GUID: 93ec81221624468aaf27009388cb0533' -> (Import Result ID: '4f1b8de57ae4210dffd0d17e157c6899') in 0.014 seconds [static and dynamic dependencies]. Details - ImportResultOutputID=5a3607668e7e931ac0ca51050291bf6d DependenciesID=e6a56394a05847ea92eeda48944b88be StaticDependenciesID=8dd26a372bee971c7cf9d0d6703866f8 
Importing 'GUID: a3ea1b81e1d94179aaf2fdbb24c16874 - Path: Assets/TumbangPreso/Resources/UI/input/xelu/dark/1_Key_Dark.png' with importer (TextureImporter)
Imported 'GUID: a3ea1b81e1d94179aaf2fdbb24c16874' -> (Import Result ID: '6a69cd254ac79327774306a29f50eff8') in 0.012 seconds [static and dynamic dependencies]. Details - ImportResultOutputID=ac4c7fb0d66fb6e28ee8caa8b24f9c30 DependenciesID=5579debc0bbdef60932983ef8e9a6055 StaticDependenciesID=2d97a9551b50fb713e27e8b147c91329 
Importing 'GUID: d3f474340df757f4aa195ce7f5b5ea15 - Path: Assets/TumbangPreso/Resources/UI/owner-menu-edits/main-quit.png' with importer (TextureImporter)
Imported 'GUID: d3f474340df757f4aa195ce7f5b5ea15' -> (Import Result ID: '62b112b8d90427744ae2ae6123f11c8a') in 0.014 seconds [static and dynamic dependencies]. Details - ImportResultOutputID=695321cdfdeb8468459b7598f455a780 DependenciesID=1aaadfa2d78cbfdcb9259c4cd932d5cc StaticDependenciesID=c98227f09ee472f67b9e9a43f1362e90 
Importing 'GUID: d36f58051fe742199cc910ff6a39080a - Path: Assets/TumbangPreso/Resources/UI/input/xelu/dark/U_Key_Dark.png' with importer (TextureImporter)
Imported 'GUID: d36f58051fe742199cc910ff6a39080a' -> (Import Result ID: '0f7eafac40fcc3675c51c21f7a2f426c') in 0.011 seconds [static and dynamic dependencies]. Details - ImportResultOutputID=9d408961539ac0dd041501463b92ee82 DependenciesID=57d0b6db1885482d16a45038619e958f StaticDependenciesID=5bfd8944d74ee3cf9632d41be5cbd1db 
Importing 'GUID: e3e7d484c76e444a8314b2373a620046 - Path: Assets/TumbangPreso/Resources/UI/input/xelu/dark/0_Key_Dark.png' with importer (TextureImporter)
Imported 'GUID: e3e7d484c76e444a8314b2373a620046' -> (Import Result ID: '8c3ddc82c7b8a69149ca3411b0dae120') in 0.012 seconds [static and dynamic dependencies]. Details - ImportResultOutputID=5c3fa493a1f58f5875b9864d2af9579a DependenciesID=431638dfd3a85a016369168d4977ad9b StaticDependenciesID=dd2314d5e535098b574ff5964a4b859f 
Importing 'GUID: f32b9935c4687c644a5f0982b5da2aee - Path: Assets/TumbangPreso/Resources/UI/owner-menu-edits/login-background.png' with importer (TextureImporter)
Imported 'GUID: f32b9935c4687c644a5f0982b5da2aee' -> (Import Result ID: 'afc7e37fd380f5ed1ef2324c0ff65ca1') in 0.095 seconds [static and dynamic dependencies]. Details - ImportResultOutputID=8da7492a0e3a2e6016c3b7fc40a03718 DependenciesID=399d3c1e1f2de1f4f6723c87ae4e8446 StaticDependenciesID=180cad36390bd4bd8273baac19764b1a 
Importing 'GUID: 04ed023840a9e1f438c085136e785877 - Path: Assets/TumbangPreso/Resources/UI/owner-menu-edits/login2-pass-in.png' with importer (TextureImporter)
Imported 'GUID: 04ed023840a9e1f438c085136e785877' -> (Import Result ID: '6a5d1b530e6344a4168d9401cd4ca1ad') in 0.013 seconds [static and dynamic dependencies]. Details - ImportResultOutputID=f248718cc3795dfbae5e9ab1808e5806 DependenciesID=b85572ff7349f08730de7b283ac51295 StaticDependenciesID=77ea380807808b27381cbcfb24f16d21 
Importing 'GUID: 049ef67aaaac454d898134046c1d44ff - Path: Assets/TumbangPreso/Resources/UI/input/xelu/ps/PS5_Cross.png' with importer (TextureImporter)
Imported 'GUID: 049ef67aaaac454d898134046c1d44ff' -> (Import Result ID: '28ffc8f491254052d3b46bb424c29d91') in 0.015 seconds [static and dynamic dependencies]. Details - ImportResultOutputID=de0cdd79a00cbb2d03a6770f373fcc16 DependenciesID=ff086f3f7eaa47a9ac9efa146f2a12b8 StaticDependenciesID=a9a666a23b320371e71eeaec0e1116fe 
Importing 'GUID: 44fe9af1a6d045a6bcb7a72231820a53 - Path: Assets/TumbangPreso/Resources/UI/input/xelu/dark/8_Key_Dark.png' with importer (TextureImporter)
Imported 'GUID: 44fe9af1a6d045a6bcb7a72231820a53' -> (Import Result ID: 'c3d6898c938ae5f44866be7e657e6efb') in 0.013 seconds [static and dynamic dependencies]. Details - ImportResultOutputID=e9a0231f387744f256a1356667ece8d4 DependenciesID=e8f6f148cdeaca80d45f0098111014ac StaticDependenciesID=a10b7c058f841b4a363b8f273d9512dc 
Importing 'GUID: 54471a57e7f143b68f3af37f430d1424 - Path: Assets/TumbangPreso/Resources/UI/input/xelu/dark/Semicolon_Key_Dark.png' with importer (TextureImporter)
Imported 'GUID: 54471a57e7f143b68f3af37f430d1424' -> (Import Result ID: 'a9187483346c31520e43acffe64f4d6e') in 0.015 seconds [static and dynamic dependencies]. Details - ImportResultOutputID=eb5f40fe563ba33f9d6512a292731e43 DependenciesID=55958d9320df47a1bc6a6a7646cbf31d StaticDependenciesID=3777aa208525d472abba36a26604d8de 
Importing 'GUID: 54fdaf16812f4f7f993fba98638193c5 - Path: Assets/TumbangPreso/Resources/UI/input/xelu/dark/R_Key_Dark.png' with importer (TextureImporter)
Imported 'GUID: 54fdaf16812f4f7f993fba98638193c5' -> (Import Result ID: 'b8fe368be8be09b36f8fcccd8250b6ab') in 0.012 seconds [static and dynamic dependencies]. Details - ImportResultOutputID=a9c19a316c508225c7ba6baacb38f9a5 DependenciesID=0f85986b65e7d35698d950b3738c26f4 StaticDependenciesID=d2c6bf23d5e73940ef5eda39c99a527a 
Importing 'GUID: 6446c3d1908842bfb8ee6d92c93524fa - Path: Assets/TumbangPreso/Resources/UI/input/xelu/ps/PS5_R2.png' with importer (TextureImporter)
Imported 'GUID: 6446c3d1908842bfb8ee6d92c93524fa' -> (Import Result ID: 'ae79442243899dc1e9dfa441e516fc6a') in 0.013 seconds [static and dynamic dependencies]. Details - ImportResultOutputID=db0a338a6c0155d9920a49d1ef037e19 DependenciesID=d843b6ce187b98752f6c02485eaf3b6f StaticDependenciesID=1442fe2780623d853c8c0e26d1e8e317 
Importing 'GUID: 74eab0da960048739bc148ebd03b1683 - Path: Assets/TumbangPreso/Resources/UI/input/xelu/xbox/XboxSeriesX_RB.png' with importer (TextureImporter)
Imported 'GUID: 74eab0da960048739bc148ebd03b1683' -> (Import Result ID: '9b51c7068ddb200f4a05354979039503') in 0.016 seconds [static and dynamic dependencies]. Details - ImportResultOutputID=a20ec8e6043bbc10390c9fd6365b2c50 DependenciesID=60f6172a5e481ffbcee430c7c38b1a32 StaticDependenciesID=fb0a66fcfd41a26ef9c1444188ca5f47 
Importing 'GUID: b4d2c7c0de1642d4b6a1a6827448b4fc - Path: Assets/TumbangPreso/Resources/UI/input/xelu/dark/F1_Key_Dark.png' with importer (TextureImporter)
Imported 'GUID: b4d2c7c0de1642d4b6a1a6827448b4fc' -> (Import Result ID: '093d3b453a24ac7ecbbb57141e133f50') in 0.011 seconds [static and dynamic dependencies]. Details - ImportResultOutputID=670dd4d18569f43b320a1649ec91d4ad DependenciesID=d6a592b84d4eb9b1b3958ed086ed8f3d StaticDependenciesID=8d90317b6d401cb591610228476a8b41 
Importing 'GUID: b4fa33de0850924449cdd1e13f12e552 - Path: Assets/TumbangPreso/Resources/UI/owner-menu-edits/login3-tabs-track.png' with importer (TextureImporter)
Imported 'GUID: b4fa33de0850924449cdd1e13f12e552' -> (Import Result ID: 'f4dcc41e2d5ee6a67124b630ae8b0a62') in 0.036 seconds [static and dynamic dependencies]. Details - ImportResultOutputID=d9a65fb2e6a66d84302ecf3a6a2ba9dc DependenciesID=5da1962e05c141d19618bdec482c98da StaticDependenciesID=5b670e430b9612ee4f9345dd2e23f93b 
Importing 'GUID: b43e85e58e0e4d3f8ff92da9789264d4 - Path: Assets/TumbangPreso/Resources/UI/input/xelu/xbox/XboxSeriesX_Y.png' with importer (TextureImporter)
Imported 'GUID: b43e85e58e0e4d3f8ff92da9789264d4' -> (Import Result ID: '3650c82e7efcd7b1457c956e8767278e') in 0.015 seconds [static and dynamic dependencies]. Details - ImportResultOutputID=3b4433c9229b508a182ba103b079c901 DependenciesID=3033a40441d456f839056cb2276880c0 StaticDependenciesID=13ed9fe5d1796f12b534a6df88b15012 
Importing 'GUID: d48754fb29b04e4cb2e829d7221d2fcc - Path: Assets/TumbangPreso/Resources/UI/input/xelu/ps/PS5_Left_Stick_Click.png' with importer (TextureImporter)
Imported 'GUID: d48754fb29b04e4cb2e829d7221d2fcc' -> (Import Result ID: '2fb47746fb1990ce7853e4bba3b85a55') in 0.012 seconds [static and dynamic dependencies]. Details - ImportResultOutputID=fb3e6e66d6b8eb729e2b4b75c187bd01 DependenciesID=05ff4a9949746c92b44170425c990464 StaticDependenciesID=d6e08b8ed86e8acec17feed763bf118b 
Importing 'GUID: f4e1af478a1298d40bb28ac5933c3940 - Path: Assets/TumbangPreso/Resources/UI/composition-redesign/loading-street.png' with importer (TextureImporter)
Imported 'GUID: f4e1af478a1298d40bb28ac5933c3940' -> (Import Result ID: 'e60efcf8d34a7a0dab85b6df63db1b81') in 0.072 seconds [static and dynamic dependencies]. Details - ImportResultOutputID=1d7a919f5490b67b556a3c18d423db90 DependenciesID=9564d2248978a0a76b0e0ee9b6cd5a20 StaticDependenciesID=e3c491a2d95d69f79678f80757c4d033 
Importing 'GUID: f49304b71ed29af42af93404f45c60a6 - Path: Assets/TumbangPreso/Resources/UI/owner-menu-edits/login3-eye.png' with importer (TextureImporter)
Imported 'GUID: f49304b71ed29af42af93404f45c60a6' -> (Import Result ID: '4cf6ce6474859585692164c8329e73d0') in 0.011 seconds [static and dynamic dependencies]. Details - ImportResultOutputID=ea4ddc0274a2e1685ab80bf1151b55de DependenciesID=e1e7de6ee39e96a14215808143fe32eb StaticDependenciesID=4a55896db425e28832f0b7edc70c18a6 
Importing 'GUID: f4cf29343f88477bacd4c930c331a8f2 - Path: Assets/TumbangPreso/Resources/UI/input/xelu/dark/A_Key_Dark.png' with importer (TextureImporter)
Imported 'GUID: f4cf29343f88477bacd4c930c331a8f2' -> (Import Result ID: '6b3cbabcc3d153e403492beb0dbe78ae') in 0.013 seconds [static and dynamic dependencies]. Details - ImportResultOutputID=48e3a6e4ba2df01dd75dceda2a4f4660 DependenciesID=1b468cf60ec370dde3c8a502eef4c2be StaticDependenciesID=cb2b95537ccfaa3a9d22bbd9a466f1a2 
Importing 'GUID: 05ae19468ae84ae2bc271be242eccfaa - Path: Assets/TumbangPreso/Resources/UI/mode-cards/RankedCard.png' with importer (TextureImporter)
Imported 'GUID: 05ae19468ae84ae2bc271be242eccfaa' -> (Import Result ID: '6b03cbd9febb926afd5abb342174a2de') in 0.061 seconds [static and dynamic dependencies]. Details - ImportResultOutputID=3d87b296dafbd147569d424184d739de DependenciesID=a69ae0a7790d6b04fe1960a0dceb5970 StaticDependenciesID=9ce51ccbd8d5609d85361b833feb3e76 
Importing 'GUID: 053ff4f2e38436740bfa6afe79a5fc90 - Path: Assets/TumbangPreso/Resources/UI/owner-menu-edits/login2-check.png' with importer (TextureImporter)
Imported 'GUID: 053ff4f2e38436740bfa6afe79a5fc90' -> (Import Result ID: 'af1185062a10fb58fb06d06c3a0f82e7') in 0.012 seconds [static and dynamic dependencies]. Details - ImportResultOutputID=a6777f339bb1a4332b1b3f0e350926e8 DependenciesID=e070b12b9113ff5c425f3e76bd379698 StaticDependenciesID=1fc1ecf0b69d7496c178a0a1ebf43c00 
Importing 'GUID: 05cfab89d8b86ad4782b57b8736ea9c0 - Path: Assets/TumbangPreso/Resources/UI/brand/tump_logo.png' with importer (TextureImporter)
Imported 'GUID: 05cfab89d8b86ad4782b57b8736ea9c0' -> (Import Result ID: 'c207d6d7863c695f5ecc35205c205224') in 0.130 seconds [static and dynamic dependencies]. Details - ImportResultOutputID=e3db545cba0f66648e39cb5f0cec48ad DependenciesID=eba4ee28af0dab76edcc397e45fe3278 StaticDependenciesID=52adc46dad94fdf5e7680cefceb04e75 
Importing 'GUID: 15cdb36bc0565f8458708d2c14b31d30 - Path: Assets/TumbangPreso/Resources/UI/owner-menu-edits/login2-user-up.png' with importer (TextureImporter)
Imported 'GUID: 15cdb36bc0565f8458708d2c14b31d30' -> (Import Result ID: '698c68769b787df6465f15ec2152dbe8') in 0.014 seconds [static and dynamic dependencies]. Details - ImportResultOutputID=5b06d39f90cd089c03e23af7fae6460c DependenciesID=f1a5e4f278bfdb8fec5bda6e87b7b9e4 StaticDependenciesID=457bfddbb85db6ca78ed0ca5bb86116c 
Importing 'GUID: 25a0da7dbdde4818afadeae55f6927da - Path: Assets/TumbangPreso/Resources/UI/input/xelu/dark/Mouse_Left_Key_Dark.png' with importer (TextureImporter)
Imported 'GUID: 25a0da7dbdde4818afadeae55f6927da' -> (Import Result ID: '4762f02b288112b1af414ca80ea1064b') in 0.017 seconds [static and dynamic dependencies]. Details - ImportResultOutputID=7208331cfd53cfd4e6c5ca98701e0c8d DependenciesID=a249c97793b5e66bafe6d62fc515d966 StaticDependenciesID=8f1c00d4b5b00dde3a690efb65a9a47a 
Importing 'GUID: 25713c4865a942468e36cc71fe3ad85d - Path: Assets/TumbangPreso/Resources/UI/input/xelu/xbox/XboxSeriesX_Right_Stick_Click.png' with importer (TextureImporter)
Imported 'GUID: 25713c4865a942468e36cc71fe3ad85d' -> (Import Result ID: '5dafe1f84bbca25f0f258d7115c4f04b') in 0.017 seconds [static and dynamic dependencies]. Details - ImportResultOutputID=0a449cedd933d78fa814cf40def2ed04 DependenciesID=1dc1bfb896f2766a4e7f570f78aa404c StaticDependenciesID=d7fe2d476dd83c00f9c4fac4f0c6d5cd 
Importing 'GUID: 25c122a0146b47e7a22ad7cb0845a35b - Path: Assets/TumbangPreso/Resources/UI/input/xelu/dark/F9_Key_Dark.png' with importer (TextureImporter)
Imported 'GUID: 25c122a0146b47e7a22ad7cb0845a35b' -> (Import Result ID: 'bde0db3fe2aad2f6893102dcff895450') in 0.015 seconds [static and dynamic dependencies]. Details - ImportResultOutputID=c24e3ab3f1159dc393c736c464080100 DependenciesID=68e3c2c6d959516dbff717073a69645b StaticDependenciesID=ad99ef3d519315beac7fbe940f958c3c 
Importing 'GUID: 358e95c8ac8344539ff97b511690103e - Path: Assets/TumbangPreso/Resources/UI/input/xelu/light/Mouse_Right_Key_Light.png' with importer (TextureImporter)
Imported 'GUID: 358e95c8ac8344539ff97b511690103e' -> (Import Result ID: '61ff8cd4f91a3f2efc6499c7fb44a8a5') in 0.016 seconds [static and dynamic dependencies]. Details - ImportResultOutputID=6bc3505e8951669768d70e44bbbbdfe7 DependenciesID=16e5e14545850005d0d60d4d97180390 StaticDependenciesID=fa19c79d46eaa0f3311cd7539a1f93b2 
Importing 'GUID: 4581417130664a5ba3ba9f1af51311ae - Path: Assets/TumbangPreso/Resources/UI/input/xelu/ps/PS5_L2.png' with importer (TextureImporter)
Imported 'GUID: 4581417130664a5ba3ba9f1af51311ae' -> (Import Result ID: 'cd1fa964c30aff3bd1f9d1046ccdc503') in 0.014 seconds [static and dynamic dependencies]. Details - ImportResultOutputID=e6b5d979e7d2bc7dc49ae61afb79ccf9 DependenciesID=10fd6c43363e8c2002e1e97b7dbfc20e StaticDependenciesID=62ee7571cdc20fb3b3375d5459e53228 
Importing 'GUID: 65002c1a42a04076ac87de1d00f365d8 - Path: Assets/TumbangPreso/Resources/UI/input/xelu/dark/Alt_Key_Dark.png' with importer (TextureImporter)
Imported 'GUID: 65002c1a42a04076ac87de1d00f365d8' -> (Import Result ID: 'aed93e164daed53b36d8782fb83aa566') in 0.013 seconds [static and dynamic dependencies]. Details - ImportResultOutputID=1f24ed3189b178822d0dfe22b90cbd1d DependenciesID=12d94f190ddde8b5e5d86d8fbc1cac70 StaticDependenciesID=ea6dffebd5d0f3ab13db156ac88b8dc6 
Importing 'GUID: 654501f99285460ea8c20a8c7147f3bb - Path: Assets/TumbangPreso/Resources/UI/input/xelu/xbox/XboxSeriesX_LB.png' with importer (TextureImporter)
Imported 'GUID: 654501f99285460ea8c20a8c7147f3bb' -> (Import Result ID: 'c3b62dc00ca0b3851f57cd9985066f62') in 0.015 seconds [static and dynamic dependencies]. Details - ImportResultOutputID=5571b87ecfa73042e7a67fe04a64fdc1 DependenciesID=af3fb29a8caa84701077b9468894451e StaticDependenciesID=450bdff7a95f0cd4094b6fe4ba0a639e 
Importing 'GUID: 85a9932c651f437bb7f10ed850cebbd2 - Path: Assets/TumbangPreso/Resources/UI/input/xelu/dark/Shift_Key_Dark.png' with importer (TextureImporter)
Imported 'GUID: 85a9932c651f437bb7f10ed850cebbd2' -> (Import Result ID: '33cef048e05cbb5c2845cce7b94f8e5d') in 0.012 seconds [static and dynamic dependencies]. Details - ImportResultOutputID=36f045a55f5bc2405a29f8a5351af4aa DependenciesID=b7346f9296842394435d56e49cde0ae8 StaticDependenciesID=eb387e15295cd9bc8d569760a45f94b0 
Importing 'GUID: c5469a2f41764cbca5c1bc26f330c318 - Path: Assets/TumbangPreso/Resources/UI/input/xelu/light/M_Key_Light.png' with importer (TextureImporter)
Imported 'GUID: c5469a2f41764cbca5c1bc26f330c318' -> (Import Result ID: '18e71685f8f253eb72ed184669d5e4c9') in 0.013 seconds [static and dynamic dependencies]. Details - ImportResultOutputID=d663fa17d163b6ffa828eb509446d697 DependenciesID=cd793ef9d1be36d6f50fff6ce57ad081 StaticDependenciesID=247aca5469f56b75e89e8b62b20fab32 
Importing 'GUID: c5198f3f810b42239dd8b1b2a3ba3f77 - Path: Assets/TumbangPreso/Resources/UI/input/xelu/dark/6_Key_Dark.png' with importer (TextureImporter)
Imported 'GUID: c5198f3f810b42239dd8b1b2a3ba3f77' -> (Import Result ID: 'ae48707574fcb25f9b0ee6a419bd18ae') in 0.012 seconds [static and dynamic dependencies]. Details - ImportResultOutputID=b79c6a53389a746d73928eef617ccd2b DependenciesID=7c61110df3d6aa6bc98bc8d356c6bc9b StaticDependenciesID=76ebb98c6aa6ccf71efccbe23d1a1fb9 
Importing 'GUID: e5b605351dcf472fa60fb03e62d38ad9 - Path: Assets/TumbangPreso/Resources/UI/input/xelu/dark/End_Key_Dark.png' with importer (TextureImporter)
Imported 'GUID: e5b605351dcf472fa60fb03e62d38ad9' -> (Import Result ID: '5d27d35ca9f12400e0e0ebdd75ce4c27') in 0.013 seconds [static and dynamic dependencies]. Details - ImportResultOutputID=a1d6ac16a8ea7fef68acc1506346b3a8 DependenciesID=9affa5ba5bdf58ca7817d8cbf1fbedd7 StaticDependenciesID=ff457d4f6f938126cf56b3fae1ef8900 
Importing 'GUID: f5c1723cbb1b468b8d559df9fa2599e3 - Path: Assets/TumbangPreso/Resources/UI/input/xelu/light/J_Key_Light.png' with importer (TextureImporter)
Imported 'GUID: f5c1723cbb1b468b8d559df9fa2599e3' -> (Import Result ID: 'a5820cca47c5aeff52244667a21afe4d') in 0.012 seconds [static and dynamic dependencies]. Details - ImportResultOutputID=e55794b862959d9c74090821e30af79d DependenciesID=4fe842adc1c69f50be1dcb0f70169c77 StaticDependenciesID=fed5870339959bac0a91dbf12f539682 
Importing 'GUID: 06e05d8c3056476f8cbe99c6c480e958 - Path: Assets/TumbangPreso/Resources/UI/input/xelu/dark/Num_Lock_Key_Dark.png' with importer (TextureImporter)
Imported 'GUID: 06e05d8c3056476f8cbe99c6c480e958' -> (Import Result ID: 'aae1b7f61f8a68fc903eb90f932e49ae') in 0.013 seconds [static and dynamic dependencies]. Details - ImportResultOutputID=7dd1ff4b8338f34db0f5141701ed38b6 DependenciesID=9e216d0300c60f38577bbb6abbe9928d StaticDependenciesID=dd6e761a6ce496884eb1b30014bb7fb5 
Importing 'GUID: 269708279e644df8b3119fe2dd2a11c4 - Path: Assets/TumbangPreso/Resources/UI/input/xelu/dark/Minus_Key_Dark.png' with importer (TextureImporter)
Imported 'GUID: 269708279e644df8b3119fe2dd2a11c4' -> (Import Result ID: '49fcb564bf1742cbd6d77ef0cb0a0cae') in 0.012 seconds [static and dynamic dependencies]. Details - ImportResultOutputID=ec5fa62bcd4ae1af3a1fb5e4720062b8 DependenciesID=d8c7fcf1005969173eb8d30700eb1cc3 StaticDependenciesID=0166dd7ac32f6b3b7d5362e76a0c039d 
Importing 'GUID: 26dcf96273eb43b3a5f6b4817ea89229 - Path: Assets/TumbangPreso/Resources/UI/input/xelu/xbox/XboxSeriesX_Right_Stick.png' with importer (TextureImporter)
Imported 'GUID: 26dcf96273eb43b3a5f6b4817ea89229' -> (Import Result ID: 'd0974a1ef861c031fcc81b372f87f1a9') in 0.013 seconds [static and dynamic dependencies]. Details - ImportResultOutputID=9ad8a261fc86bbfa388caa210cbcf305 DependenciesID=6c54bd2cb68dbf3a6106db6311f6aa66 StaticDependenciesID=8265f939b22b9450ca798c4118c7c2e8 
Importing 'GUID: 36787de1ae14fbd4f9df6ed2d8525d26 - Path: Assets/TumbangPreso/Resources/UI/owner-menu-edits/login-guest.png' with importer (TextureImporter)
Imported 'GUID: 36787de1ae14fbd4f9df6ed2d8525d26' -> (Import Result ID: '90256e790d567fa79c48e7c272bfa4f6') in 0.014 seconds [static and dynamic dependencies]. Details - ImportResultOutputID=18684924459f9bf1b9d3e4017d9bc915 DependenciesID=fbdae821ce471a4f9529dd6ef0aca39f StaticDependenciesID=ef9b01c1a5fc10ed069dadcbf98f9ad7 
Importing 'GUID: 46c4385605714cfcba838acfcdaf1b7c - Path: Assets/TumbangPreso/Resources/UI/input/xelu/xbox/XboxSeriesX_Dpad_Left.png' with importer (TextureImporter)
Imported 'GUID: 46c4385605714cfcba838acfcdaf1b7c' -> (Import Result ID: 'ae45c56767241afe73f7b80cbe3cb2a2') in 0.012 seconds [static and dynamic dependencies]. Details - ImportResultOutputID=5081212c1e0d4dcc200e5241d7d07a54 DependenciesID=f44c9f35e6897a0f483c817418b27c75 StaticDependenciesID=88bd1487ccbdefa51eed5bc4e6ed355c 
Importing 'GUID: 56429099544f4252881108cab4f1a879 - Path: Assets/TumbangPreso/Resources/UI/input/xelu/light/Shift_Key_Light.png' with importer (TextureImporter)
Imported 'GUID: 56429099544f4252881108cab4f1a879' -> (Import Result ID: '61d1dd98d07dc6f44d32fa5daf20c582') in 0.013 seconds [static and dynamic dependencies]. Details - ImportResultOutputID=3670fa94b78b46fb35fcb52d1ee2cf61 DependenciesID=5ad63535e509db8b50b75809d88e5fc1 StaticDependenciesID=3b150cd4d7988b51d01f8a5b6620e0b0 
Importing 'GUID: 566ce18e0942400e878a6f49fc934b05 - Path: Assets/TumbangPreso/Resources/UI/map-cards/IlalimNgTulay.png' with importer (TextureImporter)
Imported 'GUID: 566ce18e0942400e878a6f49fc934b05' -> (Import Result ID: 'aa08705612e8578904f9dd76dd573477') in 0.036 seconds [static and dynamic dependencies]. Details - ImportResultOutputID=6c7038be157eec97d904a8c929ff4ef9 DependenciesID=92b73905ca4855899f7ea8ccac06e84d StaticDependenciesID=ea8297f038e0973575ecb6a95d7c4c94 
Importing 'GUID: 6667adc7045a430cbaf50ec5b51cfb12 - Path: Assets/TumbangPreso/Resources/UI/input/xelu/dark/O_Key_Dark.png' with importer (TextureImporter)
Imported 'GUID: 6667adc7045a430cbaf50ec5b51cfb12' -> (Import Result ID: '647500ee1e68e9b615c03ba88f9d5faa') in 0.016 seconds [static and dynamic dependencies]. Details - ImportResultOutputID=252b55431637cff0b0b6c822413885e6 DependenciesID=a86651b517d8e5ef004e68be70c98784 StaticDependenciesID=cc1a8e6f4323fbd0cdd51382dfeda67a 
Importing 'GUID: 6678af7309fa43baa5febb0b314edac7 - Path: Assets/TumbangPreso/Resources/UI/input/xelu/light/H_Key_Light.png' with importer (TextureImporter)
Imported 'GUID: 6678af7309fa43baa5febb0b314edac7' -> (Import Result ID: 'e0c764265ec1ff4e47bea82797159fd9') in 0.017 seconds [static and dynamic dependencies]. Details - ImportResultOutputID=e8b3dc2606cbd5e3f776d333dc77cfa1 DependenciesID=2c3295cd70e018d622e779ff6653dd38 StaticDependenciesID=a3308ff6943dc7627cd7c98f3aa9cafe 
Importing 'GUID: 66885dd595d74e1eafe3e7043b7b1b74 - Path: Assets/TumbangPreso/Resources/UI/input/xelu/light/Bracket_Left_Key_Light.png' with importer (TextureImporter)
Imported 'GUID: 66885dd595d74e1eafe3e7043b7b1b74' -> (Import Result ID: '97846587bc11ee2962e8bca625d2faf9') in 0.015 seconds [static and dynamic dependencies]. Details - ImportResultOutputID=bb0d4646e9091156811ae039e13dab0f DependenciesID=fc6354fe111ceaa3ac56a3bfc998df33 StaticDependenciesID=e3a7f15f423101b29cabb182cb685b84 
Importing 'GUID: 66d9d396cde0412388978b24ecad36fc - Path: Assets/TumbangPreso/Resources/UI/input/xelu/light/Tilda_Key_Light.png' with importer (TextureImporter)
Imported 'GUID: 66d9d396cde0412388978b24ecad36fc' -> (Import Result ID: 'bc30ab92cb5e14bed549f733ad0ba424') in 0.015 seconds [static and dynamic dependencies]. Details - ImportResultOutputID=18d63a205adeb4072c91f35fbfc5e5fc DependenciesID=bc72b318b01ff041cf01cbb14c1a87aa StaticDependenciesID=a6cd7f6a2485c5d9c8e6ad9b47b2a7b9 
Importing 'GUID: 7624b587050f4783b01ad77d6356fba9 - Path: Assets/TumbangPreso/Resources/UI/input/xelu/dark/Tab_Key_Dark.png' with importer (TextureImporter)
Imported 'GUID: 7624b587050f4783b01ad77d6356fba9' -> (Import Result ID: '24c1b8de53f9a725d364e1136d9f28ca') in 0.015 seconds [static and dynamic dependencies]. Details - ImportResultOutputID=7e313b0996c1b3d8d26afcfc1a2af982 DependenciesID=5d4fae900805285bf61916baace390dd StaticDependenciesID=37f40638cf45a6b974ebd7c82f54e83d 
Importing 'GUID: 76f73c8457274a5fb09125fa25857410 - Path: Assets/TumbangPreso/Resources/UI/input/xelu/light/Home_Key_Light.png' with importer (TextureImporter)
Imported 'GUID: 76f73c8457274a5fb09125fa25857410' -> (Import Result ID: 'edfc6a40ac4c55e77d8b40ab214af6e6') in 0.015 seconds [static and dynamic dependencies]. Details - ImportResultOutputID=2542c7a756fc924b0972c4f7d7f7d5b1 DependenciesID=dd10b103629dcea0eba0cb1c7f03527f StaticDependenciesID=b443a1fa7ec68fb942ed1d7263842db3 
Importing 'GUID: 766aed220bc04e4982c4beae99970b50 - Path: Assets/TumbangPreso/Resources/UI/input/xelu/light/0_Key_Light.png' with importer (TextureImporter)
Imported 'GUID: 766aed220bc04e4982c4beae99970b50' -> (Import Result ID: 'a9f2384f03db1c35d2964795a772b8cc') in 0.014 seconds [static and dynamic dependencies]. Details - ImportResultOutputID=d3d30514c73949f3d9174cbb0b7d311c DependenciesID=a68179537a62ecd54ae029b29738339e StaticDependenciesID=5da493b42677a95169b7636b874334c8 
Importing 'GUID: 76cd8d4f63105564ea924c175422ae3e - Path: Assets/TumbangPreso/Resources/UI/map-cards/Arena.png' with importer (TextureImporter)
Imported 'GUID: 76cd8d4f63105564ea924c175422ae3e' -> (Import Result ID: 'da0b534b0b664175dd7b6d14bf0e2424') in 0.042 seconds [static and dynamic dependencies]. Details - ImportResultOutputID=516d3cb62a60385554f6ce6b55a47c89 DependenciesID=d2621201e0a94d3b6c2d32cfe4c87561 StaticDependenciesID=e5bb93791022e56b253aa74bda269f0b 
Importing 'GUID: 869f5029be21482eaaaa7cf68a5522c7 - Path: Assets/TumbangPreso/Resources/UI/input/xelu/ps/PS5_Share.png' with importer (TextureImporter)
Imported 'GUID: 869f5029be21482eaaaa7cf68a5522c7' -> (Import Result ID: 'b5ec188a293f82dcee4a72416c5bb995') in 0.017 seconds [static and dynamic dependencies]. Details - ImportResultOutputID=e82189e2b96130de74b37ceb97700727 DependenciesID=bb65d463c9f0e0c637b793f649e8e977 StaticDependenciesID=f9618548d2e4334e3396e4eaa5c53e12 
Importing 'GUID: 96b8ba0087e759346bff7e7936eb52be - Path: Assets/TumbangPreso/Resources/UI/owner-menu-edits/main-sky-background-data.png' with importer (TextureImporter)
Imported 'GUID: 96b8ba0087e759346bff7e7936eb52be' -> (Import Result ID: '28620daa110c3dd535dc2aed1e3da266') in 0.033 seconds [static and dynamic dependencies]. Details - ImportResultOutputID=043586a7529d85b0f574cf8958616e09 DependenciesID=2527f36de4e537cf92150b7365ec2245 StaticDependenciesID=d1bfe8b0ad76aede067def04814c4891 
Importing 'GUID: 96f97cfd6ced4108a242ec66c6bb541c - Path: Assets/TumbangPreso/Resources/UI/brand/tsinelas_mark.png' with importer (TextureImporter)
Imported 'GUID: 96f97cfd6ced4108a242ec66c6bb541c' -> (Import Result ID: '7c356b98a639baf91b7de8df046ce354') in 0.157 seconds [static and dynamic dependencies]. Details - ImportResultOutputID=874327065127f6f8d2416661525569a3 DependenciesID=dac62a808adc9fff4533ef17d542de5a StaticDependenciesID=f978f438d4152ff22759ceafa2ec9730 
Importing 'GUID: b64dde69b9136a4469efc705d7fe2b9f - Path: Assets/TumbangPreso/Resources/UI/owner-menu-edits/login3-primary.png' with importer (TextureImporter)
Imported 'GUID: b64dde69b9136a4469efc705d7fe2b9f' -> (Import Result ID: '8ff30f33b6cbedc228b42d738cd126a2') in 0.045 seconds [static and dynamic dependencies]. Details - ImportResultOutputID=d10c40c21e74aac6085264d61b0f7c51 DependenciesID=4b4e20acf489864c398a3513cc7e2107 StaticDependenciesID=34ff4f10dd34e0b08396be38a38553c4 
Importing 'GUID: c62538000641456393d112bec2e40451 - Path: Assets/TumbangPreso/Resources/UI/input/xelu/light/F6_Key_Light.png' with importer (TextureImporter)
Imported 'GUID: c62538000641456393d112bec2e40451' -> (Import Result ID: '9381ccd78da82667bc537ab837c12eab') in 0.017 seconds [static and dynamic dependencies]. Details - ImportResultOutputID=2b06a4b05643efad02715b204c8e3a99 DependenciesID=de7c53ed4d04156fe2a9f0001d442f8e StaticDependenciesID=c71150e3ff7d1286f985c9d2f90e571b 
Importing 'GUID: c6e6884f5cba4055ad4ea399554017e3 - Path: Assets/TumbangPreso/Resources/UI/input/xelu/dark/Z_Key_Dark.png' with importer (TextureImporter)
Imported 'GUID: c6e6884f5cba4055ad4ea399554017e3' -> (Import Result ID: '718c6c109145459a6e83cd9c1d8f36dc') in 0.014 seconds [static and dynamic dependencies]. Details - ImportResultOutputID=d4832281e3556a3224d5c18395cbf3ec DependenciesID=4a1eacadc240715fa1135284c76761b1 StaticDependenciesID=9aa5dfad15856fda7bb4086d7f4118b9 
Importing 'GUID: c66d63e6c87142d29d478e9949a4fde9 - Path: Assets/TumbangPreso/Resources/UI/input/xelu/light/4_Key_Light.png' with importer (TextureImporter)
Imported 'GUID: c66d63e6c87142d29d478e9949a4fde9' -> (Import Result ID: '4a4207a4d952935782711f4c63954c1e') in 0.013 seconds [static and dynamic dependencies]. Details - ImportResultOutputID=1efca097c82978ea6645cb6a61fa7a57 DependenciesID=bd49058e69f5cf58dfc26727954d08ca StaticDependenciesID=a08548c3eff277d61f040a9b8977f64d 
Importing 'GUID: d6bc2b904e134364b538fffbf123ecb5 - Path: Assets/TumbangPreso/Resources/UI/input/xelu/light/F7_Key_Light.png' with importer (TextureImporter)
Imported 'GUID: d6bc2b904e134364b538fffbf123ecb5' -> (Import Result ID: 'f6e25ba6f749a0aee1bce9b2cbe2f396') in 0.017 seconds [static and dynamic dependencies]. Details - ImportResultOutputID=d742f05740ebf0142d6437451f430035 DependenciesID=109bbb9b02ec2a94b78aef5fea2794d4 StaticDependenciesID=5f0de3b5ba2ccdca6ca158e754b6c3bb 
Importing 'GUID: f6dc89b4fdc04864916c316570826f12 - Path: Assets/TumbangPreso/Resources/UI/input/xelu/dark/F_Key_Dark.png' with importer (TextureImporter)
Imported 'GUID: f6dc89b4fdc04864916c316570826f12' -> (Import Result ID: 'a950e7b3a0c30ef4902fc0912d5eebc9') in 0.017 seconds [static and dynamic dependencies]. Details - ImportResultOutputID=84018df5b1b63f09ffbd9fc531f4aa70 DependenciesID=95c31bdf5fcf77b64e085853b8d9a118 StaticDependenciesID=09a8ebf57d31f938de233e46a536eb62 
Importing 'GUID: 07470cd4de6b46079a6166da7641d298 - Path: Assets/TumbangPreso/Resources/UI/input/xelu/dark/P_Key_Dark.png' with importer (TextureImporter)
Imported 'GUID: 07470cd4de6b46079a6166da7641d298' -> (Import Result ID: 'aea8844e26e473aed9b829a5f1e6d82f') in 0.018 seconds [static and dynamic dependencies]. Details - ImportResultOutputID=30a68957ca759050c247beedc1ebf333 DependenciesID=d07fdb774e90022dc84352119a1c4b4c StaticDependenciesID=25767daadf73e6294a0936346a6b1d2e 
Importing 'GUID: 1742b6e0a373433ba4bc52bd3b0a94da - Path: Assets/TumbangPreso/Resources/UI/input/xelu/light/Arrow_Up_Key_Light.png' with importer (TextureImporter)
Imported 'GUID: 1742b6e0a373433ba4bc52bd3b0a94da' -> (Import Result ID: '800917c277c987b717683660f2c8e390') in 0.017 seconds [static and dynamic dependencies]. Details - ImportResultOutputID=e3b9857aa72cea7c95445f64d20af5e0 DependenciesID=0dbb1335ac1948d8f8516c31fa01f529 StaticDependenciesID=a995c717634b92fbe86668f40f22e253 
Importing 'GUID: 17f9f543e4f45bb49b2ef7a3af94be2d - Path: Assets/TumbangPreso/Resources/UI/owner-menu-edits/login3-tabs.png' with importer (TextureImporter)
Imported 'GUID: 17f9f543e4f45bb49b2ef7a3af94be2d' -> (Import Result ID: '31f87b7827d742037b4446ad0acc3ea1') in 0.022 seconds [static and dynamic dependencies]. Details - ImportResultOutputID=2e84806ddd66907661d9f85c06838b69 DependenciesID=ae4528d9f59160b44bedf0844773da7e StaticDependenciesID=e081f2c42bc9227d55ed790bbbd5f893 
Importing 'GUID: 170bee344b934563831329ba7d01ea5e - Path: Assets/TumbangPreso/Resources/UI/input/xelu/ps/PS5_R1.png' with importer (TextureImporter)
Imported 'GUID: 170bee344b934563831329ba7d01ea5e' -> (Import Result ID: '6a07dd6dc359429cb34f55da782d2ebb') in 0.015 seconds [static and dynamic dependencies]. Details - ImportResultOutputID=b01ec3c3be470ad8608e99e4a346a4eb DependenciesID=9b9846e6010988d7f5a1e0c7e5380aab StaticDependenciesID=1555b236bb7e6e949a4eb10c65b1656d 
Importing 'GUID: 27721432226097d47a5b84ec874eb8f1 - Path: Assets/TumbangPreso/Resources/UI/owner-menu-edits/login3-key.png' with importer (TextureImporter)
Imported 'GUID: 27721432226097d47a5b84ec874eb8f1' -> (Import Result ID: '8f82d5ea33501c7b5ef84a9b404b8fbd') in 0.017 seconds [static and dynamic dependencies]. Details - ImportResultOutputID=d6d6d872cf2a2df417826b7bc4f878bf DependenciesID=8100ef2439e7c1d6f17a2a4fb349f261 StaticDependenciesID=6ba34f5bc88d582e01484030d2871db1 
Importing 'GUID: 276838c25e064d9b82bc3e8110778b72 - Path: Assets/TumbangPreso/Resources/UI/input/xelu/light/Backspace_Key_Light.png' with importer (TextureImporter)
Imported 'GUID: 276838c25e064d9b82bc3e8110778b72' -> (Import Result ID: 'fe440870d6fb904417ea990b8339a74f') in 0.025 seconds [static and dynamic dependencies]. Details - ImportResultOutputID=7e313378c64cc5603269b7ddf2f6cb17 DependenciesID=2a8399cafa7d727bc7b97bd8de948b62 StaticDependenciesID=c80a99723ccfda2790da8469546cb40e 
Importing 'GUID: 37152a3493b14a94fb597e4fcf78eb24 - Path: Assets/TumbangPreso/Resources/UI/brand/tump_wordmark_stage.png' with importer (TextureImporter)
Imported 'GUID: 37152a3493b14a94fb597e4fcf78eb24' -> (Import Result ID: '57d9f38cfab8e72afc0ec8bfa67f3571') in 0.131 seconds [static and dynamic dependencies]. Details - ImportResultOutputID=c5963e81abc726011edf75bb08df7ece DependenciesID=6ece46d7ef95a6bf39031a3bc12a12d6 StaticDependenciesID=ad6e80fc911e1bd9bac2742fb676c41f 
Importing 'GUID: 5786e06a765c42dbbd2425453c4f38c6 - Path: Assets/TumbangPreso/Resources/UI/input/xelu/light/3_Key_Light.png' with importer (TextureImporter)
Imported 'GUID: 5786e06a765c42dbbd2425453c4f38c6' -> (Import Result ID: '6e4c8e5be39112b239d5d11d770bd325') in 0.019 seconds [static and dynamic dependencies]. Details - ImportResultOutputID=c8b612fcb3cd6814fc405e2dd0a6883e DependenciesID=9958ed2dfc2d8b45e2bc040a95df96a4 StaticDependenciesID=9d8bcb92d7f15498dfde83a2b3b6c9ef 
Importing 'GUID: 67c7104009cb457e83d01716d2ef6d32 - Path: Assets/TumbangPreso/Resources/UI/mode-cards/CustomCard.png' with importer (TextureImporter)
Imported 'GUID: 67c7104009cb457e83d01716d2ef6d32' -> (Import Result ID: 'b6b3c7603c9b7887e19d9907cf5f1590') in 0.036 seconds [static and dynamic dependencies]. Details - ImportResultOutputID=3b077b81790569cdabc435a2d51af592 DependenciesID=2a6c3f707a58c3e191dadae73f3eab4f StaticDependenciesID=911ab7763006847eef179fb09fe361af 
Importing 'GUID: 778750d61db04ba4868c6d5428a34324 - Path: Assets/TumbangPreso/Resources/UI/input/xelu/dark/2_Key_Dark.png' with importer (TextureImporter)
Imported 'GUID: 778750d61db04ba4868c6d5428a34324' -> (Import Result ID: 'e851a01e903033ce1f189059eda6cdcf') in 0.013 seconds [static and dynamic dependencies]. Details - ImportResultOutputID=42e12334e11d682a803c2994fe26867e DependenciesID=4b9fec01337647ba5201864db338403c StaticDependenciesID=18ece6d06b4f03d35dd31671cec52a00 
Importing 'GUID: 87dff740b15fad24a805336880d70157 - Path: Assets/TumbangPreso/Art/ui/brand/owner_app_icon.png' with importer (TextureImporter)
Imported 'GUID: 87dff740b15fad24a805336880d70157' -> (Import Result ID: '8916cfcdf383e8e2f22b955c974beb5c') in 0.023 seconds [static and dynamic dependencies]. Details - ImportResultOutputID=3d0f30b90c469a42dc08653b04684f46 DependenciesID=2aafcd519f594c7072c869a4bf3c226c StaticDependenciesID=8c83a67c101c17c3fd945433af7b60d8 
Importing 'GUID: 973325105649f864d80f2619b81e64e1 - Path: Assets/TumbangPreso/Resources/UI/owner-menu-edits/login-rule-right.png' with importer (TextureImporter)
Imported 'GUID: 973325105649f864d80f2619b81e64e1' -> (Import Result ID: 'beac4ea44bddd761b0ce2229d4632858') in 0.019 seconds [static and dynamic dependencies]. Details - ImportResultOutputID=5d9fc4a9c8e479d7c23ae1a0b2b81885 DependenciesID=b476d1f0cae165935e59ebbd418ad728 StaticDependenciesID=fb8ac786dc03b342ed7e104a16fbfdb5 
Importing 'GUID: 97fcd60130d3fd843a5fdd7c22e0d193 - Path: Assets/TumbangPreso/Resources/UI/owner-menu-edits/login2-confirm.png' with importer (TextureImporter)
Imported 'GUID: 97fcd60130d3fd843a5fdd7c22e0d193' -> (Import Result ID: '03a450452b61d62530fa0e0d52974f5d') in 0.011 seconds [static and dynamic dependencies]. Details - ImportResultOutputID=774cc7caa60cc86c693fea0dc8582c40 DependenciesID=547772766d28ac3fd723ec56db921bc0 StaticDependenciesID=09031cbe2d8781e408e64aac4f4627d7 
Importing 'GUID: a7888bdb52da45fe99f6b003b3014192 - Path: Assets/TumbangPreso/Resources/UI/input/xelu/dark/Arrow_Up_Key_Dark.png' with importer (TextureImporter)
Imported 'GUID: a7888bdb52da45fe99f6b003b3014192' -> (Import Result ID: '412b28fd9fbafe68ab9e90ff866a0481') in 0.014 seconds [static and dynamic dependencies]. Details - ImportResultOutputID=2b4ef6ca084493f2907653b492c77357 DependenciesID=42039283abdd1d48b90dbab5bfec79c4 StaticDependenciesID=4c8fc6cefd1f900b517e78ba636c3737 
Importing 'GUID: c75fa7db4db242ac8ca86b36fdf7fded - Path: Assets/TumbangPreso/Resources/UI/input/xelu/dark/Arrow_Left_Key_Dark.png' with importer (TextureImporter)
Imported 'GUID: c75fa7db4db242ac8ca86b36fdf7fded' -> (Import Result ID: '51f58b0052ac52f3d89d09b4845d5c02') in 0.017 seconds [static and dynamic dependencies]. Details - ImportResultOutputID=f6b1ab46754f7ddce59286aac61b6718 DependenciesID=17e3b7b95ca3a503023213c993943a72 StaticDependenciesID=259ff0caa07dad2e870f98596c7b889a 
Importing 'GUID: d7e3d9eb55ee3a940a44f51423939c26 - Path: Assets/TumbangPreso/Resources/UI/owner-menu-edits/login3-logo.png' with importer (TextureImporter)
Imported 'GUID: d7e3d9eb55ee3a940a44f51423939c26' -> (Import Result ID: '73adea1f251a801a686b12af7a5c0565') in 0.141 seconds [static and dynamic dependencies]. Details - ImportResultOutputID=f901d02ead840eae08cd16ce8daf0737 DependenciesID=7dada28cf454f1f880ae07820af10bc4 StaticDependenciesID=28fd861318e972734aafe1b4f46484be 
Importing 'GUID: f7160040d11e49778cdac6acb3fb9efb - Path: Assets/TumbangPreso/Resources/UI/input/xelu/xbox/XboxSeriesX_B.png' with importer (TextureImporter)
Imported 'GUID: f7160040d11e49778cdac6acb3fb9efb' -> (Import Result ID: 'b6490cc022a3e02044cab216c8e956a1') in 0.015 seconds [static and dynamic dependencies]. Details - ImportResultOutputID=81141cb5734a239a44dac78e5e8f5940 DependenciesID=324ff50e63181ada17a45514af40ca25 StaticDependenciesID=a462c01a5c2b5b23498f8f1892258675 
Importing 'GUID: f7ce8c3831ed53b4d9b271513ed68a54 - Path: Assets/TumbangPreso/Resources/UI/owner-menu-edits/main2-background.png' with importer (TextureImporter)
Imported 'GUID: f7ce8c3831ed53b4d9b271513ed68a54' -> (Import Result ID: '28b752b3a325f9c555e646f0459e1d84') in 0.112 seconds [static and dynamic dependencies]. Details - ImportResultOutputID=993aeca606b7f8b116ae861b6eea5a89 DependenciesID=3c4d42fe0104bf3c8ab14660264b8abd StaticDependenciesID=d3207f8593b71b84aad3dd5ded7197bd 
Importing 'GUID: 08e5b9ce40786814ead7f43e26927a09 - Path: Assets/TumbangPreso/Resources/UI/owner-menu-edits/login-field3.png' with importer (TextureImporter)
Imported 'GUID: 08e5b9ce40786814ead7f43e26927a09' -> (Import Result ID: '78a60ee92349594457a83212b9deb6ca') in 0.014 seconds [static and dynamic dependencies]. Details - ImportResultOutputID=b1bc7f2e82a88e8be76907bffedab319 DependenciesID=698f6771405e06070c7cbf66f7947242 StaticDependenciesID=1e862c620f0d1475af322dda388b2541 
Importing 'GUID: 082d4ddccf9c407dbf369b1e33445d17 - Path: Assets/TumbangPreso/Resources/UI/input/xelu/light/E_Key_Light.png' with importer (TextureImporter)
Imported 'GUID: 082d4ddccf9c407dbf369b1e33445d17' -> (Import Result ID: 'd679084919fb2139ab5d6d1e5af7f13d') in 0.013 seconds [static and dynamic dependencies]. Details - ImportResultOutputID=91b313e68c3e2844c0aed13b07b37dad DependenciesID=946f2641e89724aea4f12946b7495402 StaticDependenciesID=2af2322baeaf935bb7bdb09402ae0acd 
Importing 'GUID: 185ab08a7cae4b898a622da6ffbb90d9 - Path: Assets/TumbangPreso/Resources/UI/input/xelu/dark/I_Key_Dark.png' with importer (TextureImporter)
Imported 'GUID: 185ab08a7cae4b898a622da6ffbb90d9' -> (Import Result ID: 'a9625245dd7627ea33272f35521eebbe') in 0.014 seconds [static and dynamic dependencies]. Details - ImportResultOutputID=fdeb450636da7c09517641a41fc9dbc2 DependenciesID=b684f70a6f21c1d2146ca202ee1b63df StaticDependenciesID=442201835b893e2966ab9f4366b0ae4a 
Importing 'GUID: 184bf2025ea59754cb2d580a26f72ad3 - Path: Assets/TumbangPreso/Resources/UI/owner-menu-edits/login-logo.png' with importer (TextureImporter)
Imported 'GUID: 184bf2025ea59754cb2d580a26f72ad3' -> (Import Result ID: 'fd985015b1dbc543f24febfe1a184d3e') in 0.112 seconds [static and dynamic dependencies]. Details - ImportResultOutputID=d07f32ddffc3ba59b8205e0f4c383d7d DependenciesID=b419cc539193fb3e0fd3d243ef67b7fc StaticDependenciesID=5b55b4f2ad36900a0febff2ac1aa8d28 
Importing 'GUID: 28cb34dbfe296594da5051f0bbc95814 - Path: Assets/TumbangPreso/Resources/UI/owner-menu-edits/login2-guest.png' with importer (TextureImporter)
Imported 'GUID: 28cb34dbfe296594da5051f0bbc95814' -> (Import Result ID: '0a54f02304524768d736b16ce8b3e3a8') in 0.014 seconds [static and dynamic dependencies]. Details - ImportResultOutputID=1f4978b3efa61ac7b6cc4433f31bba25 DependenciesID=c357ef53a7f13e21a0020574795a99df StaticDependenciesID=72de5ba065f9fdb544cdad169ea319e2 
Importing 'GUID: 282ef6eee5bf4a358f90902fa25efc61 - Path: Assets/TumbangPreso/Resources/UI/input/xelu/dark/S_Key_Dark.png' with importer (TextureImporter)
Imported 'GUID: 282ef6eee5bf4a358f90902fa25efc61' -> (Import Result ID: 'a1ea83d7e5f2a56bcc98a3a19de11740') in 0.012 seconds [static and dynamic dependencies]. Details - ImportResultOutputID=ea172b29326b02c49f325e1900028bae DependenciesID=8c5c750e46f8150d3daa7e20906a610d StaticDependenciesID=9c28d20dd63c848866ed8ba6e6993fda 
Importing 'GUID: 38d8c36979d3467388eddff43578ab74 - Path: Assets/TumbangPreso/Resources/UI/input/xelu/dark/L_Key_Dark.png' with importer (TextureImporter)
Imported 'GUID: 38d8c36979d3467388eddff43578ab74' -> (Import Result ID: '1d9b7d56439fe379a278a49df3e5c5b2') in 0.012 seconds [static and dynamic dependencies]. Details - ImportResultOutputID=965c78798cc0cfd2a6e3cb7ec84a0781 DependenciesID=cb06295825e46c8265b53398873f6782 StaticDependenciesID=bdf2fc4af3a6662453760e64b3c997ff 
Importing 'GUID: 8828257e3bff458aac74304d26d10a3c - Path: Assets/TumbangPreso/Resources/UI/input/xelu/dark/Bracket_Right_Key_Dark.png' with importer (TextureImporter)
Imported 'GUID: 8828257e3bff458aac74304d26d10a3c' -> (Import Result ID: '60838be02539744e2f9c86f21e3ca24d') in 0.014 seconds [static and dynamic dependencies]. Details - ImportResultOutputID=af3ae78b574ac376b9e8f48b34c04c60 DependenciesID=27631ac5719898a38fb33a6898037255 StaticDependenciesID=85b4ee63ccbbe6c9e2965328337a1d69 
Importing 'GUID: b8d78ea221c44b1a834fa9541267d3b2 - Path: Assets/TumbangPreso/Resources/UI/input/xelu/light/Space_Key_Light.png' with importer (TextureImporter)
Imported 'GUID: b8d78ea221c44b1a834fa9541267d3b2' -> (Import Result ID: 'f339d4f7325d4acc42542141db5f5cc7') in 0.011 seconds [static and dynamic dependencies]. Details - ImportResultOutputID=738d43a573bd119628c850aeac45084b DependenciesID=0dc2c4ba5bfa780d8ea38faf8359e7f8 StaticDependenciesID=07970394a138e31bfa0a82271ed9a722 
Importing 'GUID: b8cd8d08a0154960b744b3d6cb0cdd1f - Path: Assets/TumbangPreso/Resources/UI/input/xelu/dark/F4_Key_Dark.png' with importer (TextureImporter)
Imported 'GUID: b8cd8d08a0154960b744b3d6cb0cdd1f' -> (Import Result ID: '30f068eb1a5a279059d083f61b67c52a') in 0.013 seconds [static and dynamic dependencies]. Details - ImportResultOutputID=8897c3a0bb5f8b606955f436854992a4 DependenciesID=b2911133da9aaa40aa9db04b520d86f8 StaticDependenciesID=f0bfe9db3ee0aac4d7a5776dc9acc2d7 
Importing 'GUID: c8800d36094839f4bb87eb22d859a1bd - Path: Assets/TumbangPreso/Resources/UI/owner-menu-edits/login3-checkbox.png' with importer (TextureImporter)
Imported 'GUID: c8800d36094839f4bb87eb22d859a1bd' -> (Import Result ID: '54379a8dbb7a9041e9714690049ea0c9') in 0.011 seconds [static and dynamic dependencies]. Details - ImportResultOutputID=d2ec5a29a48cbcafcedfac612058e935 DependenciesID=8f8a1abb72ed5923dd504e135b8730f6 StaticDependenciesID=c4c1a719afc80fff613418356f0caa46 
Importing 'GUID: c80c0a1e8a864d35bdefe3d683f93143 - Path: Assets/TumbangPreso/Resources/UI/input/xelu/light/Arrow_Left_Key_Light.png' with importer (TextureImporter)
Imported 'GUID: c80c0a1e8a864d35bdefe3d683f93143' -> (Import Result ID: 'b43efccf183fd019cff8964c9c8a36f8') in 0.012 seconds [static and dynamic dependencies]. Details - ImportResultOutputID=4b447dbaa6db8e81d9200c97cc5fb9dc DependenciesID=3fe57d3764a7e78d60cf81bbc8d54ba5 StaticDependenciesID=e5eca05d513414a8e1ec74384e0c82cb 
Importing 'GUID: c84f78970f80e944283e0bf7e36d1810 - Path: Assets/TumbangPreso/Resources/UI/owner-menu-edits/login2-user-in.png' with importer (TextureImporter)
Imported 'GUID: c84f78970f80e944283e0bf7e36d1810' -> (Import Result ID: '6dcbff2c31296067f3f92084d11226fd') in 0.007 seconds [static and dynamic dependencies]. Details - ImportResultOutputID=6c554104ecdac1ca5267d356bb40337e DependenciesID=4180664cdc40e2eac434168d5b576af2 StaticDependenciesID=510df54e7f494679aa93734d91f21611 
Importing 'GUID: d8479ebfe5b26da4789982864b5e4cbf - Path: Assets/TumbangPreso/Resources/UI/owner-menu-edits/login3-rule-left.png' with importer (TextureImporter)
Imported 'GUID: d8479ebfe5b26da4789982864b5e4cbf' -> (Import Result ID: '36dce0009819351068ae139f4cd5ed3a') in 0.010 seconds [static and dynamic dependencies]. Details - ImportResultOutputID=5c837c84c4e44df5d09ac794ad24caa4 DependenciesID=9ced24a4e010544c97b2226c56fe3105 StaticDependenciesID=e52f3052d405ac07a375e3e303e60cf3 
Importing 'GUID: d82a09a9e61f0a64d95bf112e46d59da - Path: Assets/TumbangPreso/Resources/UI/owner-menu-edits/login3-field-pass.png' with importer (TextureImporter)
Imported 'GUID: d82a09a9e61f0a64d95bf112e46d59da' -> (Import Result ID: 'e36536acc584f634285e907759a23b2b') in 0.036 seconds [static and dynamic dependencies]. Details - ImportResultOutputID=f2728cc4cf02d486716972e03b2ea433 DependenciesID=47a4a922bf4292c69f2b4991b2a4b56c StaticDependenciesID=98c3f00efdb04be9ccff76cd55d6e5e0 
Importing 'GUID: e80cac97ea734f47a5209f4b7fe1b81d - Path: Assets/TumbangPreso/Resources/UI/input/xelu/dark/Insert_Key_Dark.png' with importer (TextureImporter)
Imported 'GUID: e80cac97ea734f47a5209f4b7fe1b81d' -> (Import Result ID: 'c6a1230795aeae8989f75891cdc0da3c') in 0.012 seconds [static and dynamic dependencies]. Details - ImportResultOutputID=5f3db8b244891d85ed5c6f7772c0a625 DependenciesID=934d4a25227658a79e37f71a6ec212b8 StaticDependenciesID=bb6253f9cc5d317d28d3ecc2a0ecb6cc 
Importing 'GUID: f8728cb105b54b00a481ddc80f21e326 - Path: Assets/TumbangPreso/Resources/UI/input/xelu/light/Slash_Key_Light.png' with importer (TextureImporter)
Imported 'GUID: f8728cb105b54b00a481ddc80f21e326' -> (Import Result ID: '7e15da82f0c9528058fe40de9de31fde') in 0.013 seconds [static and dynamic dependencies]. Details - ImportResultOutputID=13c4a9840fc821d1548262da03bd3f8f DependenciesID=15f92f58e9a65095d46045f4d53b2bd6 StaticDependenciesID=9ab2dd4381527749ef19bf67f34850d1 
Importing 'GUID: 09a2274abb27459cbe0611045572f01f - Path: Assets/TumbangPreso/Resources/UI/input/xelu/ps/PS5_Dpad_Up.png' with importer (TextureImporter)
Imported 'GUID: 09a2274abb27459cbe0611045572f01f' -> (Import Result ID: '7691817bf9c962d3081f78652c5d5cac') in 0.005 seconds [static and dynamic dependencies]. Details - ImportResultOutputID=4321d1036c81b1529a2ac16b3ea35867 DependenciesID=8f184adf18e2e349ad9b9c8bbcc665ea StaticDependenciesID=95326c4ab615acf67b3c03c9722fd78a 
Importing 'GUID: 09b45d1761994993b8464ea6d4937b1e - Path: Assets/TumbangPreso/Resources/UI/input/xelu/dark/Ctrl_Key_Dark.png' with importer (TextureImporter)
Imported 'GUID: 09b45d1761994993b8464ea6d4937b1e' -> (Import Result ID: '8210e6a939f644559f2fada519bdd076') in 0.010 seconds [static and dynamic dependencies]. Details - ImportResultOutputID=f86e0ec1684c217f7848f27279fc2571 DependenciesID=1b9c864896995bcce55006272e117f6a StaticDependenciesID=cc93cf67a0dccc966d31a5925f87875d 
Importing 'GUID: 1975a51777354a8b8e97cd8a1ac561db - Path: Assets/TumbangPreso/Resources/UI/input/xelu/ps/PS5_Left_Stick.png' with importer (TextureImporter)
Imported 'GUID: 1975a51777354a8b8e97cd8a1ac561db' -> (Import Result ID: 'b63df999ff0fed06690cc2b7c3a660be') in 0.012 seconds [static and dynamic dependencies]. Details - ImportResultOutputID=55a348bcf16482e9bffea08aac3d7cfd DependenciesID=cc24b70f8fccf4779669106b6b2c0247 StaticDependenciesID=2a8329f0ba449001c08003e82eb16342 
Importing 'GUID: 19384597d0b942ecb280675de0e67b5c - Path: Assets/TumbangPreso/Resources/UI/input/xelu/ps/PS5_Triangle.png' with importer (TextureImporter)
Imported 'GUID: 19384597d0b942ecb280675de0e67b5c' -> (Import Result ID: 'c8092ceb0d841ea8326b7067640e29f5') in 0.011 seconds [static and dynamic dependencies]. Details - ImportResultOutputID=68332ba157151200f027b1e8bfa3a087 DependenciesID=6578ccb07438d0c6adabe1b29162d122 StaticDependenciesID=e8f1d1e6dc05a68fbd788950d8a50d5b 
Importing 'GUID: 198d39be01184618b227eb0acc5a30a9 - Path: Assets/TumbangPreso/Resources/UI/input/xelu/dark/Caps_Lock_Key_Dark.png' with importer (TextureImporter)
Imported 'GUID: 198d39be01184618b227eb0acc5a30a9' -> (Import Result ID: 'd55574926e406648bf2e7b41e3c7ddc2') in 0.012 seconds [static and dynamic dependencies]. Details - ImportResultOutputID=e0fb17ee48ace5d202a52f51011e874b DependenciesID=2348c588bc0e4311f9c167ee93af840c StaticDependenciesID=b4f73d7792ece3dcfd7845429bad0c6b 
Importing 'GUID: 296524643e334912ab0f0b330e9770e2 - Path: Assets/TumbangPreso/Resources/UI/input/xelu/dark/Home_Key_Dark.png' with importer (TextureImporter)
Imported 'GUID: 296524643e334912ab0f0b330e9770e2' -> (Import Result ID: '40caaa47df9cef3a28a3c28c410029a0') in 0.012 seconds [static and dynamic dependencies]. Details - ImportResultOutputID=100d7fcb78b0310db27ba7ce7c022b39 DependenciesID=2e2a6989115e923978042679993242ae StaticDependenciesID=4d2203c2efcaef0ef8580161be6b51d4 
Importing 'GUID: 29ed24a9017f4fcfabacff3a347ab4c1 - Path: Assets/TumbangPreso/Resources/UI/input/xelu/dark/9_Key_Dark.png' with importer (TextureImporter)
Imported 'GUID: 29ed24a9017f4fcfabacff3a347ab4c1' -> (Import Result ID: '2d5d9e5f4bceaf7e4bfb9b2b5f569641') in 0.012 seconds [static and dynamic dependencies]. Details - ImportResultOutputID=2479e5d4a0f4486cb074f301745c3b83 DependenciesID=04b4af91d6b94ff80596ee4cd5fde980 StaticDependenciesID=8f06d9513ef52c248211473ea06f3db7 
Importing 'GUID: 49682e822f95408da9122c394fffdb21 - Path: Assets/TumbangPreso/Resources/UI/input/xelu/light/9_Key_Light.png' with importer (TextureImporter)
Imported 'GUID: 49682e822f95408da9122c394fffdb21' -> (Import Result ID: '6d995517b1e2fbd659050ad67545e319') in 0.012 seconds [static and dynamic dependencies]. Details - ImportResultOutputID=a84a7af224f839b325f2e2b06f91c739 DependenciesID=22f61bd0ac3ebed95d2ff6b6b2a55749 StaticDependenciesID=cf8abc3d1439f3862112dfa108622d87 
Importing 'GUID: 59c064f096474a9283bde7a129ad40c6 - Path: Assets/TumbangPreso/Resources/UI/input/xelu/dark/Page_Up_Key_Dark.png' with importer (TextureImporter)
Imported 'GUID: 59c064f096474a9283bde7a129ad40c6' -> (Import Result ID: 'bf9e4bdd92aca13d7908cb7b920928e9') in 0.011 seconds [static and dynamic dependencies]. Details - ImportResultOutputID=374b821b9abf4a5be119c32ba345a77f DependenciesID=7f860fc77f5382d344cf8b3d771ebf66 StaticDependenciesID=3a9fd4d00eb4c55460e34ad46820e6b7 
Importing 'GUID: 59d5e5a7ec014f668307b67bfa947ac9 - Path: Assets/TumbangPreso/Resources/UI/input/xelu/dark/D_Key_Dark.png' with importer (TextureImporter)
Imported 'GUID: 59d5e5a7ec014f668307b67bfa947ac9' -> (Import Result ID: '3d514f0506cde993cdb7c74cec558066') in 0.013 seconds [static and dynamic dependencies]. Details - ImportResultOutputID=4c04ea2d040dc9339221ba57ec51837e DependenciesID=652b34b94a36bb2a13b5faca1be760b1 StaticDependenciesID=f47f3fdac364d309f7c9b74197799b3e 
Importing 'GUID: 59bb693f5e66418ba6f1b021f6ffa058 - Path: Assets/TumbangPreso/Resources/UI/input/xelu/xbox/XboxSeriesX_Menu.png' with importer (TextureImporter)
Imported 'GUID: 59bb693f5e66418ba6f1b021f6ffa058' -> (Import Result ID: 'f4341f013dadd3f5c2b303d5bfab9dcc') in 0.011 seconds [static and dynamic dependencies]. Details - ImportResultOutputID=f530117b0b8e4fd89210d846f670a08a DependenciesID=3b32dc676946e50a2fbf9a3e862a4477 StaticDependenciesID=a5bc05e1d1bc3c97708f29eb8dcfda76 
Importing 'GUID: 69d98f2556534cb0bbca5d84540e6e71 - Path: Assets/TumbangPreso/Resources/UI/input/xelu/dark/K_Key_Dark.png' with importer (TextureImporter)
Imported 'GUID: 69d98f2556534cb0bbca5d84540e6e71' -> (Import Result ID: 'c40dd55aa0d89726e357d3e985e4f811') in 0.012 seconds [static and dynamic dependencies]. Details - ImportResultOutputID=45cb4202db14e9320ad63071393fa73d DependenciesID=23cf2d5d267f0532613d93851570077c StaticDependenciesID=b20bccf0aa78c9d9ff648fd8ab7c16b1 
Importing 'GUID: 79bda4c53c411604fbd1c6ee53de816e - Path: Assets/TumbangPreso/Art/ui/brand/tump_wordmark_stage.png' with importer (TextureImporter)
Imported 'GUID: 79bda4c53c411604fbd1c6ee53de816e' -> (Import Result ID: '63d5b49329c8d306d56caf77adef19c4') in 0.107 seconds [static and dynamic dependencies]. Details - ImportResultOutputID=405b83c947ced3c8b901244118d67c4b DependenciesID=23387beb9281067aeb65d268c854f63b StaticDependenciesID=bfa0a69972593a5c9e3dc3259dfe362c 
Importing 'GUID: 9910eff14c644bce9f28178f9a8e6d7c - Path: Assets/TumbangPreso/Resources/UI/input/xelu/light/Esc_Key_Light.png' with importer (TextureImporter)
Imported 'GUID: 9910eff14c644bce9f28178f9a8e6d7c' -> (Import Result ID: '3ffda7bba908452fc60778c588f17af2') in 0.005 seconds [static and dynamic dependencies]. Details - ImportResultOutputID=31e202f453aa6e2807c349071f32a84e DependenciesID=f56834479c3100d4dddb789a58fe7daf StaticDependenciesID=eb5748616a301998651c976d98ba98e3 
Importing 'GUID: 9984b9fad3389214cb702d5da86cf740 - Path: Assets/TumbangPreso/Resources/UI/brand/tump_wordmark_ink.png' with importer (TextureImporter)
Imported 'GUID: 9984b9fad3389214cb702d5da86cf740' -> (Import Result ID: 'f75e6c67349a47c83193a47d288cd8b4') in 0.114 seconds [static and dynamic dependencies]. Details - ImportResultOutputID=51523e1418df4f61d3147e46a6396a76 DependenciesID=2dc9073cf9c828a8f0a1e611e29ada92 StaticDependenciesID=c310569c3215f496d0dded16f0337be3 
Importing 'GUID: a984ef31afc607f4695bb7dfe34e7ce7 - Path: Assets/TumbangPreso/Resources/UI/composition-redesign/home-court.png' with importer (TextureImporter)
Imported 'GUID: a984ef31afc607f4695bb7dfe34e7ce7' -> (Import Result ID: '05d8802760aa373e7b841b83ae0d9c87') in 0.061 seconds [static and dynamic dependencies]. Details - ImportResultOutputID=2ba5756be868bd360e9e19db42c8fb8c DependenciesID=3d4284cffa1fa8e92a5966d76a4cde7b StaticDependenciesID=98c06bd0abe7e5b03484056778d23b08 
Importing 'GUID: b9a77e93bb374b098298fcacb14c60d7 - Path: Assets/TumbangPreso/Resources/UI/input/xelu/light/T_Key_Light.png' with importer (TextureImporter)
Imported 'GUID: b9a77e93bb374b098298fcacb14c60d7' -> (Import Result ID: '8e3156db2ec5409c18a76101b6a3ac99') in 0.012 seconds [static and dynamic dependencies]. Details - ImportResultOutputID=03acb5dc60f4bdc5be434a498b5667fc DependenciesID=288f794d491b51a66127d46e743a128b StaticDependenciesID=4644e346ed180113b9007fc300446ae8 
Importing 'GUID: e9dbd31a1c2143cea7116af8d5b4c47d - Path: Assets/TumbangPreso/Resources/UI/input/xelu/xbox/XboxSeriesX_Left_Stick_Click.png' with importer (TextureImporter)
Imported 'GUID: e9dbd31a1c2143cea7116af8d5b4c47d' -> (Import Result ID: 'b74a6473fe87f54f4870d865615471e1') in 0.014 seconds [static and dynamic dependencies]. Details - ImportResultOutputID=1403b974901f045bd339b0280b1b2c85 DependenciesID=88ffd7422222c0624c625069af43276b StaticDependenciesID=127b7a4066e649eb9605a7d7f40ddb36 
Importing 'GUID: f95957f7adcf7734cacd6b2fd631c41e - Path: Assets/TumbangPreso/Resources/UI/owner-menu-edits/login-field1.png' with importer (TextureImporter)
Imported 'GUID: f95957f7adcf7734cacd6b2fd631c41e' -> (Import Result ID: '9c0e081f8ba160ef3d4185751c227e4d') in 0.015 seconds [static and dynamic dependencies]. Details - ImportResultOutputID=3b5939649c252bd8355b6e3e6515f396 DependenciesID=f1fe9cbf10694a451cd4ca34bde87ba4 StaticDependenciesID=9458ca18c77b4045edbd216355ac2ea1 
Importing 'GUID: 1ae5945159274666836e61278f32727a - Path: Assets/TumbangPreso/Resources/UI/input/xelu/light/S_Key_Light.png' with importer (TextureImporter)
Imported 'GUID: 1ae5945159274666836e61278f32727a' -> (Import Result ID: 'c2ebbd5243836ad279ad056ab456cd82') in 0.006 seconds [static and dynamic dependencies]. Details - ImportResultOutputID=8d6dc4aed7b274d023bde090caa62e32 DependenciesID=56fe0a33d9ca480e8184bdf4366472be StaticDependenciesID=c68f1b0291e0d2beb7eb8f85e51a7ace 
Importing 'GUID: 2aa32e86ea0d4a0d90c257bcf99d8f5e - Path: Assets/TumbangPreso/Resources/UI/input/xelu/light/F5_Key_Light.png' with importer (TextureImporter)
Imported 'GUID: 2aa32e86ea0d4a0d90c257bcf99d8f5e' -> (Import Result ID: '1454547c5ba8830b0e748feb9b3febf7') in 0.013 seconds [static and dynamic dependencies]. Details - ImportResultOutputID=f255961648e0643fb72f5b6580ceada0 DependenciesID=a47427e269ede11b30c14e38d0357f25 StaticDependenciesID=1bf9d1e2ac07ab57fd0f231d2b083e82 
Importing 'GUID: 2aa5b6ea889791d4c8548c44b6a7a8ca - Path: Assets/TumbangPreso/Resources/UI/owner-menu-edits/login3-google.png' with importer (TextureImporter)
Imported 'GUID: 2aa5b6ea889791d4c8548c44b6a7a8ca' -> (Import Result ID: '955bec13060673602ba975d5ff11ab07') in 0.014 seconds [static and dynamic dependencies]. Details - ImportResultOutputID=066933c3800de4c6c06f076479e02aa9 DependenciesID=4f2abe82e88c3308c5671584c6da24d6 StaticDependenciesID=97a461d848d87523eb4be7fef72550f2 
Importing 'GUID: 3a3dac52f0554c4fa7285b40fdf4ced5 - Path: Assets/TumbangPreso/Resources/UI/input/xelu/dark/Tilda_Key_Dark.png' with importer (TextureImporter)
Imported 'GUID: 3a3dac52f0554c4fa7285b40fdf4ced5' -> (Import Result ID: '903308dce8e8d0b30569ec269de58bf4') in 0.011 seconds [static and dynamic dependencies]. Details - ImportResultOutputID=f1d48c0dddb7bbaccccbe4f96fbf827c DependenciesID=129a96b4813cb65ab52d1bc1dcd3f137 StaticDependenciesID=045e17facc8f113ef595e4f8597d5b7e 
Importing 'GUID: 5a351eab11204a6688a4eed5277a2d29 - Path: Assets/TumbangPreso/Resources/UI/input/xelu/dark/7_Key_Dark.png' with importer (TextureImporter)
Imported 'GUID: 5a351eab11204a6688a4eed5277a2d29' -> (Import Result ID: '46ab13819664f64e9970de3a969043e9') in 0.012 seconds [static and dynamic dependencies]. Details - ImportResultOutputID=e88e15e1f2522f6901f7a01adcb9bdf8 DependenciesID=28590893130e5a1b8b2e2fdaa5d6fa7c StaticDependenciesID=4837bca2f06e87771305d382073d9064 
Importing 'GUID: 5a772ef2c52145aea3d3836fc493fd95 - Path: Assets/TumbangPreso/Resources/UI/map-cards/SaBubong.png' with importer (TextureImporter)
Imported 'GUID: 5a772ef2c52145aea3d3836fc493fd95' -> (Import Result ID: '48e47f76a802eb28002b2390073a8cfc') in 0.040 seconds [static and dynamic dependencies]. Details - ImportResultOutputID=e411f42103948fd6c7eabf0f80eee4ff DependenciesID=94134a28ac04fab0a1c2c62cb413f2f7 StaticDependenciesID=d248cf703cb86a497cfb288c37522f94 
Importing 'GUID: 6aac39ccc23f4173aaad922db14bbe74 - Path: Assets/TumbangPreso/Resources/UI/input/xelu/dark/Y_Key_Dark.png' with importer (TextureImporter)
Imported 'GUID: 6aac39ccc23f4173aaad922db14bbe74' -> (Import Result ID: '8a2079c6e385b8f24e73bc0393f3559f') in 0.014 seconds [static and dynamic dependencies]. Details - ImportResultOutputID=acb6dd69afea0568630210ceab062341 DependenciesID=8df92e9422c5ffd5d32037f8541a1a94 StaticDependenciesID=f30be52d612c200b920e974ce9b65c03 
Importing 'GUID: 9a5f0625d7b848f7bba662ca281e79df - Path: Assets/TumbangPreso/Resources/UI/input/xelu/dark/V_Key_Dark.png' with importer (TextureImporter)
Imported 'GUID: 9a5f0625d7b848f7bba662ca281e79df' -> (Import Result ID: '9f335677fd9d3bf65029ec6a6f1be722') in 0.013 seconds [static and dynamic dependencies]. Details - ImportResultOutputID=15127478fc4fb1b32004eaf69a89dda0 DependenciesID=1dcac4c9883e329e472777a02104525c StaticDependenciesID=dd7025956af65c5d92215a37a528653c 
Importing 'GUID: aa68f36d0daa4c1393f5f1af77fc64a6 - Path: Assets/TumbangPreso/Resources/UI/input/xelu/light/R_Key_Light.png' with importer (TextureImporter)
Imported 'GUID: aa68f36d0daa4c1393f5f1af77fc64a6' -> (Import Result ID: 'd0ffb882eee67d33307fa5a82f4e4b33') in 0.014 seconds [static and dynamic dependencies]. Details - ImportResultOutputID=de21ea05f1568661dcea0fb2a78064ef DependenciesID=392a702f614454b4fa77491275c4ee4d StaticDependenciesID=290f12312b56e0382c68c4c1f302c071 
Importing 'GUID: aa8c6e201626f22479a85b5c693b511a - Path: Assets/TumbangPreso/Resources/UI/owner-menu-edits/login3-field-user.png' with importer (TextureImporter)
Imported 'GUID: aa8c6e201626f22479a85b5c693b511a' -> (Import Result ID: 'bcf1e247dfe47e7892c3e9b45fcc0098') in 0.043 seconds [static and dynamic dependencies]. Details - ImportResultOutputID=2e804912f7cd466c5fd9b1e47b817727 DependenciesID=887e969aa90d3cbfa03202f8a84197c7 StaticDependenciesID=657bad2833706c7b00839f63cb64f85f 
Importing 'GUID: baa20e460b1d9f54687812fe39f52ee2 - Path: Assets/TumbangPreso/Resources/UI/owner-menu-edits/main-play.png' with importer (TextureImporter)
Imported 'GUID: baa20e460b1d9f54687812fe39f52ee2' -> (Import Result ID: 'fec2a2fcbeba4d35ffd8ce35a06657d8') in 0.017 seconds [static and dynamic dependencies]. Details - ImportResultOutputID=c41da307cf9791fd9e547921a4f5e2c8 DependenciesID=ff95cd042d4f8e058b0747d13fd6b678 StaticDependenciesID=7c6cd05ae7322c6704594294ce37385a 
Importing 'GUID: ba38ce15ef184d77bceaeecea13c004f - Path: Assets/TumbangPreso/Resources/UI/input/xelu/ps/PS5_Options.png' with importer (TextureImporter)
Imported 'GUID: ba38ce15ef184d77bceaeecea13c004f' -> (Import Result ID: '52070259dcfa0db4d7f1a072df682867') in 0.006 seconds [static and dynamic dependencies]. Details - ImportResultOutputID=25a4276f4801ddfc103a96ad9d9143c2 DependenciesID=8229f7ba55168e799f9721ca28eec77b StaticDependenciesID=23bbc1609600bcdc719daeab2761ae2d 
Importing 'GUID: ea203462f1be46178ec2a8926578e08b - Path: Assets/TumbangPreso/Resources/UI/input/xelu/light/Enter_Key_Light.png' with importer (TextureImporter)
Imported 'GUID: ea203462f1be46178ec2a8926578e08b' -> (Import Result ID: '9b82c17601e6d4abe905f216652519b2') in 0.015 seconds [static and dynamic dependencies]. Details - ImportResultOutputID=e408b2c1e4f69dd6ad0b82ea3f7f51f1 DependenciesID=6371d895c63946b842cff361a528c89f StaticDependenciesID=74220f1cc6f1c9be26b23c51a52f6b1d 
Importing 'GUID: ea95365903874245bf05a4107efc4b47 - Path: Assets/TumbangPreso/Resources/UI/input/xelu/light/I_Key_Light.png' with importer (TextureImporter)
Imported 'GUID: ea95365903874245bf05a4107efc4b47' -> (Import Result ID: '1c5e5c7e9cc2b528ff914db0e9822e97') in 0.014 seconds [static and dynamic dependencies]. Details - ImportResultOutputID=1fd94a3f5d0e228f221a4e28a8a1f46c DependenciesID=a132ac14b6e55146c0da5946abf54d29 StaticDependenciesID=2ce0e40e32af1f69cdfb7a4aa0bcedb8 
Importing 'GUID: fa04b090a19c4925a4442087d5e5a08f - Path: Assets/TumbangPreso/Resources/UI/input/xelu/dark/Slash_Key_Dark.png' with importer (TextureImporter)
Imported 'GUID: fa04b090a19c4925a4442087d5e5a08f' -> (Import Result ID: '9bcba27f2df2fdfc13f5e65cbeef82bd') in 0.016 seconds [static and dynamic dependencies]. Details - ImportResultOutputID=f9b91b3e8c15329f809aed7502a3c07e DependenciesID=09b1d9e225c17f7c177a8f9bc80b8f6c StaticDependenciesID=7bb1996c32ace7bdb208092c9ab69c71 
Importing 'GUID: 0b7b24971f9a4aeca75d63330dd8e5e7 - Path: Assets/TumbangPreso/Resources/UI/input/xelu/light/F9_Key_Light.png' with importer (TextureImporter)
Imported 'GUID: 0b7b24971f9a4aeca75d63330dd8e5e7' -> (Import Result ID: '253330bf7907c45a714964ab23192355') in 0.015 seconds [static and dynamic dependencies]. Details - ImportResultOutputID=0110f566a8ae6881f1d2e122411bd4f3 DependenciesID=588b369f25e97bcca66c33adefcfdf79 StaticDependenciesID=912f37467bcf0380d6218b4ed96b02a0 
Importing 'GUID: 1b49883bf9394511917e53b2cec289ca - Path: Assets/TumbangPreso/Resources/UI/input/xelu/dark/H_Key_Dark.png' with importer (TextureImporter)
Imported 'GUID: 1b49883bf9394511917e53b2cec289ca' -> (Import Result ID: '49b056de58d8f0ecb3ae71bfec2632c9') in 0.016 seconds [static and dynamic dependencies]. Details - ImportResultOutputID=57810f954c5265c2a5c42c9306e34c38 DependenciesID=180608787145733ac119885f2859b387 StaticDependenciesID=93f6de77dd1aa596f95d966c35e6e55b 
Importing 'GUID: 3bd12aac06394a55ac82f595a0a49733 - Path: Assets/TumbangPreso/Resources/UI/input/xelu/light/G_Key_Light.png' with importer (TextureImporter)
Imported 'GUID: 3bd12aac06394a55ac82f595a0a49733' -> (Import Result ID: '4f69b71985e35432fc1c367830e7052c') in 0.016 seconds [static and dynamic dependencies]. Details - ImportResultOutputID=999661c12cefa3580235b2a196dd959c DependenciesID=d13fe4167571ad9502bd4d5eced67037 StaticDependenciesID=e33347447c96269bd71ab04b4e80cfdc 
Importing 'GUID: 3b1a1a3c8e6b4e6587894770b1830c0e - Path: Assets/TumbangPreso/Resources/UI/input/xelu/ps/PS5_Right_Stick_Click.png' with importer (TextureImporter)
Imported 'GUID: 3b1a1a3c8e6b4e6587894770b1830c0e' -> (Import Result ID: 'e1a87c2bf293190b4a52d7b7040ed62a') in 0.014 seconds [static and dynamic dependencies]. Details - ImportResultOutputID=f30b436bbd57e8ae1102d0f03e54418f DependenciesID=31faa9f269803ccd9f998b28dcb853bd StaticDependenciesID=e612f5cae35e44ca34667c4cec9c1eec 
Importing 'GUID: 3b4c20a08b2f44b7b9d6ca6e6dd75566 - Path: Assets/TumbangPreso/Resources/UI/input/xelu/dark/Q_Key_Dark.png' with importer (TextureImporter)
Imported 'GUID: 3b4c20a08b2f44b7b9d6ca6e6dd75566' -> (Import Result ID: '1ccda7f4beac483fd6e401aabc81f9e0') in 0.015 seconds [static and dynamic dependencies]. Details - ImportResultOutputID=e5bed27acb8c997625a0f74c706718e7 DependenciesID=4920254da5dffd82a27ea2aa173d6595 StaticDependenciesID=635b928c5eb51a6beae5ff85ebfdb9cf 
Importing 'GUID: 5b14b72f62f947f9a1b1c1bd5ef858c2 - Path: Assets/TumbangPreso/Resources/UI/input/xelu/light/N_Key_Light.png' with importer (TextureImporter)
Imported 'GUID: 5b14b72f62f947f9a1b1c1bd5ef858c2' -> (Import Result ID: 'e196c661078639d858b9c881e6fd6e67') in 0.013 seconds [static and dynamic dependencies]. Details - ImportResultOutputID=393782195977e2f36edfc6a3c096b28e DependenciesID=ef8991ce451244a36273ce727bdf386a StaticDependenciesID=a7074d148afb5444059ccf796bc56195 
Importing 'GUID: 6b294ba7d8764978b04de39e5574cef8 - Path: Assets/TumbangPreso/Resources/UI/input/xelu/ps/PS5_Dpad.png' with importer (TextureImporter)
Imported 'GUID: 6b294ba7d8764978b04de39e5574cef8' -> (Import Result ID: '857ac0995b4f91b87263dc4cb3b39e3d') in 0.013 seconds [static and dynamic dependencies]. Details - ImportResultOutputID=60a0e39a95d0b5dfd4e63e24f64db54f DependenciesID=b64c2081f6f04e589967b39e0288915f StaticDependenciesID=bf5d05b63f365ccce2e92014e59a1325 
Importing 'GUID: 7bebdb15f34d4d78bd09d60b0beb7146 - Path: Assets/TumbangPreso/Resources/UI/input/xelu/xbox/XboxSeriesX_LT.png' with importer (TextureImporter)
Imported 'GUID: 7bebdb15f34d4d78bd09d60b0beb7146' -> (Import Result ID: '3525eee9cca78325613d8eb4cfc12336') in 0.012 seconds [static and dynamic dependencies]. Details - ImportResultOutputID=3aee460c5772b2dcccd6aa8fee898b71 DependenciesID=e6fc4e0dd62b087accfa7d45cab2a6f6 StaticDependenciesID=4cc4b5d6549cbf92a27770d396e9d91f 
Importing 'GUID: 8b705d357cce6524db8e4549c53a66ee - Path: Assets/TumbangPreso/Resources/UI/owner-menu-edits/login3-eye-shut.png' with importer (TextureImporter)
Imported 'GUID: 8b705d357cce6524db8e4549c53a66ee' -> (Import Result ID: 'c8d623098d6b8ea72597c834e00a5b29') in 0.012 seconds [static and dynamic dependencies]. Details - ImportResultOutputID=973757d5efe6911536e9e235b8b2ce3c DependenciesID=ce5cf1478a7e13f423911b51d8a4de80 StaticDependenciesID=b35c114553d46ac80c70a6f0acd7f4a4 
Importing 'GUID: ab6d9c0540f641c482939911db279c10 - Path: Assets/TumbangPreso/Resources/UI/input/xelu/light/Tab_Key_Light.png' with importer (TextureImporter)
Imported 'GUID: ab6d9c0540f641c482939911db279c10' -> (Import Result ID: '95ce3fd55810e90136d6bde9bd93b472') in 0.014 seconds [static and dynamic dependencies]. Details - ImportResultOutputID=0485fd1d95d74292e51835ab28b79221 DependenciesID=d8c2c8daf6216d237044b2f6bc650b99 StaticDependenciesID=4d2ab26c59cdc24725f6fff4f7643ee6 
Importing 'GUID: abdf42083ce14213a3d22e23979d3772 - Path: Assets/TumbangPreso/Resources/UI/input/xelu/ps/PS5_Dpad_Down.png' with importer (TextureImporter)
Imported 'GUID: abdf42083ce14213a3d22e23979d3772' -> (Import Result ID: '3b0259c776f8d191b7f002ab84fc1115') in 0.011 seconds [static and dynamic dependencies]. Details - ImportResultOutputID=f360896f6d70447258f146a8893b0eb3 DependenciesID=75868f600a2c954cc795a962af78ea2d StaticDependenciesID=a08a07c271e7a0ccf22a33d6cf1178f7 
Importing 'GUID: bb4e9fb396b44ce49517f826c6ff2bea - Path: Assets/TumbangPreso/Resources/UI/input/xelu/light/X_Key_Light.png' with importer (TextureImporter)
Imported 'GUID: bb4e9fb396b44ce49517f826c6ff2bea' -> (Import Result ID: '9fc3a6297a3a6514525102e0db271a56') in 0.104 seconds [static and dynamic dependencies]. Details - ImportResultOutputID=bbf1f8123ad72e713a2b567b32a07d68 DependenciesID=05907534d69d2d69effdf2327ad442e3 StaticDependenciesID=3df3bf46f0d8d757c9ca7a5f1f6ce487 
Importing 'GUID: db36f821e1ef2e04a814248b1608ae33 - Path: Assets/TumbangPreso/Resources/UI/owner-menu-edits/main-tutorial.png' with importer (TextureImporter)
Imported 'GUID: db36f821e1ef2e04a814248b1608ae33' -> (Import Result ID: 'ed161beae4963c1f371613a6237c6d15') in 0.113 seconds [static and dynamic dependencies]. Details - ImportResultOutputID=b2c36098d4ea08a0955659cf792ef924 DependenciesID=99a3ee86bb41a367152c34d2184c0eb3 StaticDependenciesID=ad4bc366e9ffbf375dc0a9d09c8ab61a 
Importing 'GUID: 0c5a1219907298c4e9a37b1695215d93 - Path: Assets/TumbangPreso/Resources/UI/map-cards/Kanto.png' with importer (TextureImporter)
Imported 'GUID: 0c5a1219907298c4e9a37b1695215d93' -> (Import Result ID: 'c02678dc7388db87349ac08b5da695a3') in 0.105 seconds [static and dynamic dependencies]. Details - ImportResultOutputID=b39dba923e8a056feeb1bc85be0d7232 DependenciesID=69648089714601db8e0f0f98b146b096 StaticDependenciesID=d2e753aa579a5fd2a708a7ec96bf8207 
Importing 'GUID: 1c891d1b75c047688a0473cbb8c25f75 - Path: Assets/TumbangPreso/Resources/UI/input/xelu/dark/5_Key_Dark.png' with importer (TextureImporter)
Imported 'GUID: 1c891d1b75c047688a0473cbb8c25f75' -> (Import Result ID: '1ff0829b3916d3195975628fcd021208') in 0.115 seconds [static and dynamic dependencies]. Details - ImportResultOutputID=3e1a9f6f11ade23ce694901afa178f8d DependenciesID=b528742b94cd758a12299ab0d49741f6 StaticDependenciesID=211d5276debacf39de3e2acecd690030 
Importing 'GUID: 3c33ea24ea67493aa7fa7d8f372afb39 - Path: Assets/TumbangPreso/Resources/UI/input/xelu/xbox/XboxSeriesX_View.png' with importer (TextureImporter)
Imported 'GUID: 3c33ea24ea67493aa7fa7d8f372afb39' -> (Import Result ID: '3535f2a55b1e3a5c768d83d1681dadd0') in 0.101 seconds [static and dynamic dependencies]. Details - ImportResultOutputID=64e085c8b867758fe994c229d621368e DependenciesID=da42356f7ef467118d3db606d0805c3a StaticDependenciesID=6a7a34f8560cfb2be11f7ce74e5407f0 
Importing 'GUID: 4c16dfec869a48a1a34fc9e1a5292228 - Path: Assets/TumbangPreso/Resources/UI/input/xelu/dark/Win_Key_Dark.png' with importer (TextureImporter)
Imported 'GUID: 4c16dfec869a48a1a34fc9e1a5292228' -> (Import Result ID: 'fe6276fe54227440cab0880beb8847b5') in 0.013 seconds [static and dynamic dependencies]. Details - ImportResultOutputID=e9621b1d7502251d3c42d2e5353f00ae DependenciesID=c9edf75e61d105c6587c2d7e362b6421 StaticDependenciesID=0429f2f06a41eb767a7aa8e47a927aea 
Importing 'GUID: 4cea4fb70e27b554faae869352f4373f - Path: Assets/TumbangPreso/Resources/UI/brand/tump_wordmark_login.png' with importer (TextureImporter)
Imported 'GUID: 4cea4fb70e27b554faae869352f4373f' -> (Import Result ID: 'eed724db295f396e3ad2822861d4bff3') in 0.111 seconds [static and dynamic dependencies]. Details - ImportResultOutputID=9c36b9dfbf30b45071452978ddd059a5 DependenciesID=41f14a9ded24f57301963fc08cb2c4ac StaticDependenciesID=f4a1bd86dca20cb1a2114829c2846e3a 
Importing 'GUID: 5ca49dee23bc40828bb727ceba3fbe49 - Path: Assets/TumbangPreso/Resources/UI/input/xelu/light/Q_Key_Light.png' with importer (TextureImporter)
Imported 'GUID: 5ca49dee23bc40828bb727ceba3fbe49' -> (Import Result ID: '93f6802fbb00f726d6aada2d8cefc7df') in 0.013 seconds [static and dynamic dependencies]. Details - ImportResultOutputID=6a7c465cca82c21de0ec8319b72747f2 DependenciesID=422626f6720ad619dfd86cb7846c795f StaticDependenciesID=356a04f5b489519ea77359a7bfecf145 
Importing 'GUID: 5c6bc8fb669a4b8888c2dc267d3a9947 - Path: Assets/TumbangPreso/Resources/UI/input/xelu/dark/F8_Key_Dark.png' with importer (TextureImporter)
Imported 'GUID: 5c6bc8fb669a4b8888c2dc267d3a9947' -> (Import Result ID: '9ec85746bdbeef79ccc6fc0d0627949c') in 0.014 seconds [static and dynamic dependencies]. Details - ImportResultOutputID=3586d557809d975a751dd0ce023f3cdc DependenciesID=0635353bdfaee8808e4b12518e9f9a61 StaticDependenciesID=9bea0d942bcb4cbcabd14458182c6d36 
Importing 'GUID: 6cb727da2a42a59458b8f62c6400c0ae - Path: Assets/TumbangPreso/Resources/UI/owner-menu-edits/login2-tabs-right.png' with importer (TextureImporter)
Imported 'GUID: 6cb727da2a42a59458b8f62c6400c0ae' -> (Import Result ID: '665517032b39c2c91f4638c2003454d7') in 0.016 seconds [static and dynamic dependencies]. Details - ImportResultOutputID=0ef47568b679f75664ad68069a849dda DependenciesID=c63b312b5b95f0b0dda678f533273b6d StaticDependenciesID=1faf0a087df6aa24ab88d4e872a9620a 
Importing 'GUID: 7c7f89efd52d441896492ff03d36f355 - Path: Assets/TumbangPreso/Resources/UI/input/xelu/light/Semicolon_Key_Light.png' with importer (TextureImporter)
Imported 'GUID: 7c7f89efd52d441896492ff03d36f355' -> (Import Result ID: 'b4fda49bff72a6831d872a32ce69cf3e') in 0.014 seconds [static and dynamic dependencies]. Details - ImportResultOutputID=b5da348997ac03f3b8bed77c7118950c DependenciesID=2e6231fd8396075bc544c7cf3c35df9d StaticDependenciesID=88dc7eeebbf13cf9600287a8f610ba86 
Importing 'GUID: 8cfae8274c44484c98ed113bef6ee7eb - Path: Assets/TumbangPreso/Resources/UI/input/xelu/light/F2_Key_Light.png' with importer (TextureImporter)
Imported 'GUID: 8cfae8274c44484c98ed113bef6ee7eb' -> (Import Result ID: '848abf09f237cffb52fa25a35d80140e') in 0.013 seconds [static and dynamic dependencies]. Details - ImportResultOutputID=3dafa3a6050dd39c77ea5e887101ca14 DependenciesID=e599052a27f009a43a9729188b89af04 StaticDependenciesID=6dcf30f1e50f29ac3c2a523d6a5790dc 
Importing 'GUID: 8c5f0c41fca903841947ce581decfb4e - Path: Assets/TumbangPreso/Art/ui/brand/tump_wordmark_lobby.png' with importer (TextureImporter)
Imported 'GUID: 8c5f0c41fca903841947ce581decfb4e' -> (Import Result ID: '0a8985933da84192026a717c44e700c2') in 0.126 seconds [static and dynamic dependencies]. Details - ImportResultOutputID=5432517a9201a41c7671987f349fba61 DependenciesID=4c9b6c41142845eabf2053af82b23527 StaticDependenciesID=c9b9cb6dfd6dcab3b92c97a38bf90e2c 
Importing 'GUID: 9c24e39e8ea9d854fa6aa2c8c64c9f9c - Path: Assets/TumbangPreso/Resources/UI/owner-menu-edits/login3-tabs-pill.png' with importer (TextureImporter)
Imported 'GUID: 9c24e39e8ea9d854fa6aa2c8c64c9f9c' -> (Import Result ID: '6f22aaa6409e559185fe760436256f28') in 0.024 seconds [static and dynamic dependencies]. Details - ImportResultOutputID=b1cb1f23aee326f6e0b32c2fbd61f931 DependenciesID=0a1c8c1b33245e79f13a528136438c66 StaticDependenciesID=01a11d2a33b7ff4ff55711f9d47f6ec1 
Importing 'GUID: acebb60acf844c75b5f180fe01bead81 - Path: Assets/TumbangPreso/Resources/UI/input/xelu/dark/F5_Key_Dark.png' with importer (TextureImporter)
Imported 'GUID: acebb60acf844c75b5f180fe01bead81' -> (Import Result ID: 'f588f2d461b4d365091911936bbf984e') in 0.011 seconds [static and dynamic dependencies]. Details - ImportResultOutputID=05098fc3c98d2645933131396019a5ff DependenciesID=cecabbfb9af9c4c36a38ef58ae9b7e52 StaticDependenciesID=daad5bd38ad121fafaa9da2dcd3fad9f 
Importing 'GUID: bc82e046bd434023b16e2e395eb339b2 - Path: Assets/TumbangPreso/Resources/UI/input/xelu/light/Ctrl_Key_Light.png' with importer (TextureImporter)
Imported 'GUID: bc82e046bd434023b16e2e395eb339b2' -> (Import Result ID: 'b7f68ee9794a24baa55f925150683040') in 0.013 seconds [static and dynamic dependencies]. Details - ImportResultOutputID=34d13936b5fb6ce6e3962103e5ef6e4b DependenciesID=45aefcac2fa1156b12bcf2fb264bd145 StaticDependenciesID=c7d7d704fb46d058b309bcad9e1a9eef 
Importing 'GUID: bc9b498d67be92241a404a5a62d193dc - Path: Assets/TumbangPreso/Resources/UI/brand/tump_wordmark_lobby.png' with importer (TextureImporter)
Imported 'GUID: bc9b498d67be92241a404a5a62d193dc' -> (Import Result ID: '61ed99d95744d1288f64f738c35d3a25') in 0.113 seconds [static and dynamic dependencies]. Details - ImportResultOutputID=1a1a822c1c4d56b592f05496eceb2340 DependenciesID=5540b4bd40f6661fb22274a9f882e04f StaticDependenciesID=7995008f68e7b77fc3674626d3c1f986 
Importing 'GUID: dc5b9aa535ed40399e07557ea7dd6f94 - Path: Assets/TumbangPreso/Resources/UI/input/xelu/light/Y_Key_Light.png' with importer (TextureImporter)
Imported 'GUID: dc5b9aa535ed40399e07557ea7dd6f94' -> (Import Result ID: '13a75488fb68435d2059d4b708f33e95') in 0.013 seconds [static and dynamic dependencies]. Details - ImportResultOutputID=713ece64c7dfb5b7096d2122e9a9c527 DependenciesID=80be3387df32da64aaec3e4ae0096175 StaticDependenciesID=bff42a32ab74f2389e59393478321ad2 
Importing 'GUID: ec51c442d71349beb340b13111a16ec9 - Path: Assets/TumbangPreso/Resources/UI/input/xelu/light/End_Key_Light.png' with importer (TextureImporter)
Imported 'GUID: ec51c442d71349beb340b13111a16ec9' -> (Import Result ID: '8e49a9c6931b7655a3937c6d169fec7a') in 0.013 seconds [static and dynamic dependencies]. Details - ImportResultOutputID=3f60fd69c19d39b11b0f2d5f9a84dcb5 DependenciesID=66f242139f38b2e898cb162dae1ffae4 StaticDependenciesID=113fb11a4cece522cbe88d3fe56c138c 
Importing 'GUID: ec524f64afd1463f88db89f1d8ec0ef9 - Path: Assets/TumbangPreso/Resources/UI/input/xelu/dark/F2_Key_Dark.png' with importer (TextureImporter)
Imported 'GUID: ec524f64afd1463f88db89f1d8ec0ef9' -> (Import Result ID: 'bb14f681d78170827e8c13d035838482') in 0.013 seconds [static and dynamic dependencies]. Details - ImportResultOutputID=09dd01e71e0c00129d5a7289e6cd9c08 DependenciesID=897a2640b7836e1fe781d49a048eeab9 StaticDependenciesID=8377180fb666eac0a420c26a7c3ad2c2 
Importing 'GUID: ec273c9d575f4b278d3067267ff67575 - Path: Assets/TumbangPreso/Resources/UI/input/xelu/light/6_Key_Light.png' with importer (TextureImporter)
Imported 'GUID: ec273c9d575f4b278d3067267ff67575' -> (Import Result ID: 'ecb063ed7340b70fa19bbb638e8ecdd9') in 0.011 seconds [static and dynamic dependencies]. Details - ImportResultOutputID=49f75c865d8cbdbe92628b0b97d005aa DependenciesID=2e4bc6f7965c40a45c61488382f0ae8e StaticDependenciesID=450a137bb376932264009687e64c2df3 
Importing 'GUID: ec3f54b854084ef78bd25739c1dd27c2 - Path: Assets/TumbangPreso/Resources/UI/input/xelu/dark/Mouse_Simple_Key_Dark.png' with importer (TextureImporter)
Imported 'GUID: ec3f54b854084ef78bd25739c1dd27c2' -> (Import Result ID: '5152a318506b9015f524e5d350954876') in 0.012 seconds [static and dynamic dependencies]. Details - ImportResultOutputID=92500cbb6ac0ccd6750f12ce4db54a93 DependenciesID=b799894218c0a1235758f58d489bf7cf StaticDependenciesID=496ca041e85c24df0f743ba52f2e8a89 
Importing 'GUID: 1d58f05cd0134ab5a381fa8e73685bc0 - Path: Assets/TumbangPreso/Resources/UI/input/xelu/light/D_Key_Light.png' with importer (TextureImporter)
Imported 'GUID: 1d58f05cd0134ab5a381fa8e73685bc0' -> (Import Result ID: '6e1710662b87e9482cabff32a7423e24') in 0.005 seconds [static and dynamic dependencies]. Details - ImportResultOutputID=ab512856eadcf4bd7c000e5835a1dab4 DependenciesID=46b7cc9d92cc4384447bd35501e60367 StaticDependenciesID=4dacf39874337cb0aa66fbdb7792c568 
Importing 'GUID: 1dd8c8e58b754f73889c627d522ff272 - Path: Assets/TumbangPreso/Resources/UI/input/xelu/light/F11_Key_Light.png' with importer (TextureImporter)
Imported 'GUID: 1dd8c8e58b754f73889c627d522ff272' -> (Import Result ID: '6395bbe9da9f0503d7f9d9cea492d00b') in 0.011 seconds [static and dynamic dependencies]. Details - ImportResultOutputID=8d96bb1fb0d726c610ef487b7b032311 DependenciesID=05a7d1889a05e2b1b028e2d91a2229ea StaticDependenciesID=47df7ca4946aa3268db3ae3921a6e3a4 
Importing 'GUID: 2d3b7676ec8e38a458f98a65f1a5e240 - Path: Assets/TumbangPreso/Art/ui/brand/tump_wordmark_login.png' with importer (TextureImporter)
Imported 'GUID: 2d3b7676ec8e38a458f98a65f1a5e240' -> (Import Result ID: 'bd6846e965c19339f9af574e26042eec') in 0.110 seconds [static and dynamic dependencies]. Details - ImportResultOutputID=e8e6927efd0a83d6073283991c276b71 DependenciesID=50f24c0308127c910e895c9d8e1e25a5 StaticDependenciesID=798cab1b313b9f37c40cc81a3ae95103 
Importing 'GUID: 4d872d0ef4ff4608a0d53f8fa04010a3 - Path: Assets/TumbangPreso/Resources/UI/input/xelu/dark/E_Key_Dark.png' with importer (TextureImporter)
Imported 'GUID: 4d872d0ef4ff4608a0d53f8fa04010a3' -> (Import Result ID: '8a200cb8c4c07399bbbf36625d385a61') in 0.013 seconds [static and dynamic dependencies]. Details - ImportResultOutputID=6ecd6876ffe0ef79440a3ad14d2f7229 DependenciesID=3e1a16e355f3bb0c85ad8427d449df0f StaticDependenciesID=8ff740c21144c33986cda1afa724017f 
Importing 'GUID: 4d5fca11cf1f43dcbd7b7a0548789be6 - Path: Assets/TumbangPreso/Resources/UI/input/xelu/xbox/XboxSeriesX_RT.png' with importer (TextureImporter)
Imported 'GUID: 4d5fca11cf1f43dcbd7b7a0548789be6' -> (Import Result ID: 'c28c15352f0368404b3e8b49754882ca') in 0.012 seconds [static and dynamic dependencies]. Details - ImportResultOutputID=145b0ae1e91fa3c7d8b83acde9fd250f DependenciesID=e8599515776e3274f3067a3a5e04125e StaticDependenciesID=19072fd581326e401e7fed38ae4d7ffa 
Importing 'GUID: 5dd20eaf02b142d4a0b42fab799c8a9f - Path: Assets/TumbangPreso/Resources/UI/input/xelu/light/Insert_Key_Light.png' with importer (TextureImporter)
Imported 'GUID: 5dd20eaf02b142d4a0b42fab799c8a9f' -> (Import Result ID: '9bab98121361c73c57138fdd9de26896') in 0.011 seconds [static and dynamic dependencies]. Details - ImportResultOutputID=18b30358cdbce3714d143f33eda78d5d DependenciesID=ee248b080e92fcc7020543e4d2896c17 StaticDependenciesID=79874b6bdf6f85d3511020dc7f85cf53 
Importing 'GUID: 5d98d867f27d4b7a8709f2d41852bad5 - Path: Assets/TumbangPreso/Resources/UI/input/xelu/light/F1_Key_Light.png' with importer (TextureImporter)
Imported 'GUID: 5d98d867f27d4b7a8709f2d41852bad5' -> (Import Result ID: 'b9838c0d74de03d9d31ca884572f2bc2') in 0.013 seconds [static and dynamic dependencies]. Details - ImportResultOutputID=c067737e359dad6e899175b930a80619 DependenciesID=28bb65f1db6c2364f4c670030f94dab4 StaticDependenciesID=dd27b3590028dcb8151b0cff75359298 
Importing 'GUID: 5d2d83a50ee8430ebbf7431dc4dc5d97 - Path: Assets/TumbangPreso/Resources/UI/input/xelu/dark/Mouse_Middle_Key_Dark.png' with importer (TextureImporter)
Imported 'GUID: 5d2d83a50ee8430ebbf7431dc4dc5d97' -> (Import Result ID: '837e0cb83f29cb074bb77813b8b6110d') in 0.012 seconds [static and dynamic dependencies]. Details - ImportResultOutputID=7ff9538b49302e0f993985cee065158a DependenciesID=236ae1faca3e886eca87a3ea0c8296e2 StaticDependenciesID=01c7ec47a33e370e7ce59f087d04ca6c 
Importing 'GUID: 5d9ef8995b5b40bfaed9a8391222d8f7 - Path: Assets/TumbangPreso/Resources/UI/input/xelu/light/Win_Key_Light.png' with importer (TextureImporter)
Imported 'GUID: 5d9ef8995b5b40bfaed9a8391222d8f7' -> (Import Result ID: '6ebdf408df929a20476853707475401c') in 0.012 seconds [static and dynamic dependencies]. Details - ImportResultOutputID=a4f184f7ba73a30bdf5a76021314a596 DependenciesID=943424488c1f9845848cee128bc06f8e StaticDependenciesID=7ddedbd2715f4e78c533fcf57b0e1eee 
Importing 'GUID: 6df32ad5d6c88f04a84a9cbe7e72eb44 - Path: Assets/TumbangPreso/Resources/UI/map-cards/LagoonCove.png' with importer (TextureImporter)
Imported 'GUID: 6df32ad5d6c88f04a84a9cbe7e72eb44' -> (Import Result ID: '287919b6e295a28a604d130e53108b13') in 0.033 seconds [static and dynamic dependencies]. Details - ImportResultOutputID=11c72c2fde93b39fa22f2de38d551558 DependenciesID=0cbce17fafbb39a29febf5d3a172c74f StaticDependenciesID=bf294fd13951844eac89647750902863 
Importing 'GUID: 7dc584fd469860c448730116d07a70ac - Path: Assets/TumbangPreso/Resources/UI/owner-menu-edits/login2-logo.png' with importer (TextureImporter)
Imported 'GUID: 7dc584fd469860c448730116d07a70ac' -> (Import Result ID: 'baaa24c6f93077e9a64066fc78d811ff') in 0.110 seconds [static and dynamic dependencies]. Details - ImportResultOutputID=830bed80ce607ac19dd3e7b53498e75b DependenciesID=fb800358f5672f5b00310a13cfec530a StaticDependenciesID=363206d861458747de861857d1a6cdb0 
Importing 'GUID: 8de6e0e1dbfd402c8bbc92c79fcfbd37 - Path: Assets/TumbangPreso/Resources/UI/input/xelu/light/Mouse_Left_Key_Light.png' with importer (TextureImporter)
Imported 'GUID: 8de6e0e1dbfd402c8bbc92c79fcfbd37' -> (Import Result ID: 'a82b8e3f60fc1c1bd788a2003731b92b') in 0.013 seconds [static and dynamic dependencies]. Details - ImportResultOutputID=0fa6cb4cf44461f72ad399ad8d485ca4 DependenciesID=4c16d553cf457b7460679f4865dba42f StaticDependenciesID=7dcc27b08f497a2690b2b9da74525d61 
Importing 'GUID: 9d83af6328a94bd688240c76123cbb63 - Path: Assets/TumbangPreso/Resources/UI/input/xelu/xbox/XboxSeriesX_A.png' with importer (TextureImporter)
Imported 'GUID: 9d83af6328a94bd688240c76123cbb63' -> (Import Result ID: '62934fe342ccb218f112743cffabcfe3') in 0.010 seconds [static and dynamic dependencies]. Details - ImportResultOutputID=27ded3f92f5cd40e03913bb9c7c5aae9 DependenciesID=363a1801891d6721006ef9d5344c4395 StaticDependenciesID=d2ff9acad03281da1c5862ec168f5908 
Importing 'GUID: 9df71bbd34234b34194e8f9c1749f678 - Path: Assets/TumbangPreso/Resources/UI/owner-menu-edits/login-tabs.png' with importer (TextureImporter)
Imported 'GUID: 9df71bbd34234b34194e8f9c1749f678' -> (Import Result ID: 'abbe7546e8bed01633d2d6c97711a317') in 0.014 seconds [static and dynamic dependencies]. Details - ImportResultOutputID=e071b6d034d55145294d68107b96165c DependenciesID=8554ced97355fd5d53c52095dac5a1e0 StaticDependenciesID=41993c4c4afbb3e5cfbb0a784ee0e817 
Importing 'GUID: addcc9f101d542bfb50d62c958e292f4 - Path: Assets/TumbangPreso/Resources/UI/input/xelu/light/8_Key_Light.png' with importer (TextureImporter)
Imported 'GUID: addcc9f101d542bfb50d62c958e292f4' -> (Import Result ID: '7d299608312330de19f28ffed1d4aeae') in 0.011 seconds [static and dynamic dependencies]. Details - ImportResultOutputID=c040838101ef6e7af24e3f302ab1d358 DependenciesID=8f80e5e54409e1167c558097a99edaec StaticDependenciesID=b4cccc2a65434f7a2dcd15d548206ee3 
Importing 'GUID: bdac78e0b7834b1298695f50c654bfba - Path: Assets/TumbangPreso/Resources/UI/input/xelu/light/A_Key_Light.png' with importer (TextureImporter)
Imported 'GUID: bdac78e0b7834b1298695f50c654bfba' -> (Import Result ID: 'e1e18c9f8fca01e03032e0399e408ae9') in 0.010 seconds [static and dynamic dependencies]. Details - ImportResultOutputID=643239b0e5d2c1ff4cc61883762c289f DependenciesID=549a19308386259e9cee7e5b1ab84531 StaticDependenciesID=13a9e0f5c83abacf9e29b6b95888f1e8 
Importing 'GUID: cdf731e3a1f044c9b9d8f122b59b2747 - Path: Assets/TumbangPreso/Resources/UI/input/xelu/light/1_Key_Light.png' with importer (TextureImporter)
Imported 'GUID: cdf731e3a1f044c9b9d8f122b59b2747' -> (Import Result ID: '947f9ff42ec2345064bab4d89ccfa71a') in 0.012 seconds [static and dynamic dependencies]. Details - ImportResultOutputID=7f247a30f1bfaa9bf384c90762bd3164 DependenciesID=2d30af53705031ef2c1b0723c296be5a StaticDependenciesID=1f52047e277c634578f28c0fcaa019b9 
Importing 'GUID: ed18359349f342fab2069838348bea7f - Path: Assets/TumbangPreso/Resources/UI/input/xelu/light/Arrow_Right_Key_Light.png' with importer (TextureImporter)
Imported 'GUID: ed18359349f342fab2069838348bea7f' -> (Import Result ID: '86e70360a17eb8be4ee9461908022b7f') in 0.010 seconds [static and dynamic dependencies]. Details - ImportResultOutputID=7b588d7c6ac1d3c4d7f46b7f0890fa99 DependenciesID=22c1f3973e27cc93f1c6a81fe02b5955 StaticDependenciesID=d66118ffa64f82071834df909f60a99b 
Importing 'GUID: fdc38319b48f4c56b9e1c9db9c5dd283 - Path: Assets/TumbangPreso/Resources/UI/input/xelu/dark/B_Key_Dark.png' with importer (TextureImporter)
Imported 'GUID: fdc38319b48f4c56b9e1c9db9c5dd283' -> (Import Result ID: 'cdc06dab2f3b63ff43ab1a88f29b8627') in 0.011 seconds [static and dynamic dependencies]. Details - ImportResultOutputID=a9a8f7718387653b977c5001befeacea DependenciesID=c144f63e86bc5654f57ba613989fa93c StaticDependenciesID=77f53e39abdc7217d269d8f4849c52ab 
Importing 'GUID: fd353d9040d54edd81aa62e149954476 - Path: Assets/TumbangPreso/Resources/UI/owner-menu-edits/login3-accepted-tick.png' with importer (TextureImporter)
Imported 'GUID: fd353d9040d54edd81aa62e149954476' -> (Import Result ID: '4e12223d0a139575c8b4155573f9c17d') in 0.014 seconds [static and dynamic dependencies]. Details - ImportResultOutputID=5439f862dc573ead6f901cfe66f03365 DependenciesID=debf983851076f53e5255e53f1bcc6f7 StaticDependenciesID=34ae657297a6a619bcfdb17a9c42412e 
Importing 'GUID: fd9dd2ee68764535b8d03a5a23dec425 - Path: Assets/TumbangPreso/Resources/UI/input/xelu/dark/Plus_Key_Dark.png' with importer (TextureImporter)
Imported 'GUID: fd9dd2ee68764535b8d03a5a23dec425' -> (Import Result ID: '324168e4f68d59d2046153bb8eaebcf8') in 0.010 seconds [static and dynamic dependencies]. Details - ImportResultOutputID=7df094930195f94c6633bfd53e2e0744 DependenciesID=c7bcc7c1acc4a6b2e8deab316d5b768b StaticDependenciesID=92348d0bf4c2a3a6b3a9ad50e4dd268a 
Importing 'GUID: 0e0513976d7e4b42b3725fee59277bd5 - Path: Assets/TumbangPreso/Resources/UI/input/xelu/light/F12_Key_Light.png' with importer (TextureImporter)
Imported 'GUID: 0e0513976d7e4b42b3725fee59277bd5' -> (Import Result ID: '62cdf46766ddca66e90d700d043980fb') in 0.004 seconds [static and dynamic dependencies]. Details - ImportResultOutputID=e459a249683e3e5da18b8ab0bf9310ef DependenciesID=e64ef9f017eea5dbe4e019f243e2d5a3 StaticDependenciesID=57049590bb3efddf5a4efafbc4aab466 
Importing 'GUID: 1e1f572fc0ed43b1844b279a723a09f4 - Path: Assets/TumbangPreso/Resources/UI/input/xelu/xbox/XboxSeriesX_Dpad_Up.png' with importer (TextureImporter)
Imported 'GUID: 1e1f572fc0ed43b1844b279a723a09f4' -> (Import Result ID: '667902598736488c7f836fd4648750dd') in 0.011 seconds [static and dynamic dependencies]. Details - ImportResultOutputID=166b12cde964ebc25efb6b41d5710a62 DependenciesID=ce74841d15fc167f274a94523987f921 StaticDependenciesID=b4f44231fe3e824139a91fb8e14c9db8 
Importing 'GUID: 2e409b71ae9c1384d8df7bb0c5f6da3a - Path: Assets/TumbangPreso/Resources/UI/owner-menu-edits/login-checkbox.png' with importer (TextureImporter)
Imported 'GUID: 2e409b71ae9c1384d8df7bb0c5f6da3a' -> (Import Result ID: 'f3a36905584443b16ac998516e3e87f8') in 0.046 seconds [static and dynamic dependencies]. Details - ImportResultOutputID=245a67666b68629e631a3f853af71c65 DependenciesID=de273042024c569ebfa69341a4b87356 StaticDependenciesID=3308d84c53d4a734e732557ecd26effb 
Importing 'GUID: 4e9deba9abf0472986c92943197c69fe - Path: Assets/TumbangPreso/Resources/UI/input/xelu/light/Minus_Key_Light.png' with importer (TextureImporter)
Imported 'GUID: 4e9deba9abf0472986c92943197c69fe' -> (Import Result ID: 'baf7d98cc56d0d57b423d66593bb283c') in 0.011 seconds [static and dynamic dependencies]. Details - ImportResultOutputID=8a30fb02adece3faf9c9ba5d253d7324 DependenciesID=400390e3115b1c9b55bdebeb8ac2157f StaticDependenciesID=2659f71b297dc833e1d5c2cba3d6d055 
Importing 'GUID: 5e842a56aefd0c84998bae316633abcc - Path: Assets/TumbangPreso/Resources/UI/owner-menu-edits/login3-invalid.png' with importer (TextureImporter)
Imported 'GUID: 5e842a56aefd0c84998bae316633abcc' -> (Import Result ID: '2904b45697f75871a0cff89744a5624b') in 0.010 seconds [static and dynamic dependencies]. Details - ImportResultOutputID=5b094529d33f24d66ca2837a55a86bd2 DependenciesID=f3ffa5950d01fd2aad32695186fcc86e StaticDependenciesID=e9ffe1a39b68a8fe7e6baa0ace04522a 
Importing 'GUID: 5e3593a1f62b4062a4310b7c92c5ad26 - Path: Assets/TumbangPreso/Resources/UI/input/xelu/light/K_Key_Light.png' with importer (TextureImporter)
Imported 'GUID: 5e3593a1f62b4062a4310b7c92c5ad26' -> (Import Result ID: 'aba0d1088974eee3f3e450a68fd3ec99') in 0.022 seconds [static and dynamic dependencies]. Details - ImportResultOutputID=cd9e4076b24f90dbe4ac6a3f5b602393 DependenciesID=847c05adb1f03cbbe182acdf17d07771 StaticDependenciesID=e57a05fff4f5ceb1667bfa7ca1dc720b 
Importing 'GUID: 5e87e5b7d95b4699b203f462254681d2 - Path: Assets/TumbangPreso/Resources/UI/input/xelu/light/Del_Key_Light.png' with importer (TextureImporter)
Imported 'GUID: 5e87e5b7d95b4699b203f462254681d2' -> (Import Result ID: '1c54dced4b1f4b34065e0b8cd72f1277') in 0.004 seconds [static and dynamic dependencies]. Details - ImportResultOutputID=c281a25714024b751858e8ab8281c32c DependenciesID=9d06e85223ea658c421f1cec486c4c56 StaticDependenciesID=662421ca2fffb2818b88e9ba1ad252b0 
Importing 'GUID: 6ec3756aecce4d31afd9176af7305f22 - Path: Assets/TumbangPreso/Resources/UI/input/xelu/light/F_Key_Light.png' with importer (TextureImporter)
Imported 'GUID: 6ec3756aecce4d31afd9176af7305f22' -> (Import Result ID: 'dc5637ad2b0870fea6193e1d3572af24') in 0.013 seconds [static and dynamic dependencies]. Details - ImportResultOutputID=b0ea2e9aa35b91de26757da23531d9c4 DependenciesID=a62b03f73fd101d581fd371d4519262b StaticDependenciesID=2d7dafe8eb5acde6ad1d379216e6a5ee 
Importing 'GUID: 9ecaf2d0556b47519cea14ae1e37798f - Path: Assets/TumbangPreso/Resources/UI/input/xelu/dark/Backspace_Key_Dark.png' with importer (TextureImporter)
Imported 'GUID: 9ecaf2d0556b47519cea14ae1e37798f' -> (Import Result ID: 'aab759895f4d1e039925f8dbdc243029') in 0.011 seconds [static and dynamic dependencies]. Details - ImportResultOutputID=bccaf9b76fb9ccceb959707fca8392f0 DependenciesID=1cdc8d6e694ecd12ea185d785ae66715 StaticDependenciesID=5fdcca995f3c85a863f13f8af508626a 
Importing 'GUID: beb4f74f4dc648168ead5d11e8c72484 - Path: Assets/TumbangPreso/Resources/UI/map-cards/Lagoon.png' with importer (TextureImporter)
Imported 'GUID: beb4f74f4dc648168ead5d11e8c72484' -> (Import Result ID: '6836a340913a90b71336dc22839200b9') in 0.030 seconds [static and dynamic dependencies]. Details - ImportResultOutputID=26c97f9903d7d6fd166d3735ffe4400e DependenciesID=a7c8a9599981bb31ff808f92b67be03f StaticDependenciesID=caebc4334be1b318d4877b5045d37a20 
Importing 'GUID: bea5f1afd3314be2afa50ed22b16fc3b - Path: Assets/TumbangPreso/Resources/UI/input/xelu/dark/Arrow_Right_Key_Dark.png' with importer (TextureImporter)
Imported 'GUID: bea5f1afd3314be2afa50ed22b16fc3b' -> (Import Result ID: 'e3ea11c198bc78ede86bf2647efd5c98') in 0.012 seconds [static and dynamic dependencies]. Details - ImportResultOutputID=7353fda239e601a4bed92508d2e51ead DependenciesID=a9a3579b10e6ad0c0cdfeeb512497f21 StaticDependenciesID=8affd79d5fb55b9efa92d605e5c4c0b4 
Importing 'GUID: be87795d97f04064807f7d2d45a39926 - Path: Assets/TumbangPreso/Resources/UI/input/xelu/light/U_Key_Light.png' with importer (TextureImporter)
Imported 'GUID: be87795d97f04064807f7d2d45a39926' -> (Import Result ID: '14913315c9ce3f5abe2a406eeda0a37e') in 0.005 seconds [static and dynamic dependencies]. Details - ImportResultOutputID=1e98e3bccf20661b70f4dacb7598778a DependenciesID=68b50125698d4c0d1e25e5d406775e98 StaticDependenciesID=b34cfe885a57b31ec79d5573a5b577c6 
Importing 'GUID: fe451db4ebd34fbc93a8b172fd538e6a - Path: Assets/TumbangPreso/Resources/UI/input/xelu/light/Alt_Key_Light.png' with importer (TextureImporter)
Imported 'GUID: fe451db4ebd34fbc93a8b172fd538e6a' -> (Import Result ID: '2911020fcd76740b5334da20c46c6634') in 0.012 seconds [static and dynamic dependencies]. Details - ImportResultOutputID=62b303c25d72138ae5b544b737c4c455 DependenciesID=623b24be26b7dce7c09296c77489edfe StaticDependenciesID=1a60b783bcf85879269c5e0c74f4d6a5 
Importing 'GUID: fee673a23104421eaff51a46844f41d1 - Path: Assets/TumbangPreso/Resources/UI/input/xelu/dark/F12_Key_Dark.png' with importer (TextureImporter)
Imported 'GUID: fee673a23104421eaff51a46844f41d1' -> (Import Result ID: 'e95c21f9413ca11d50b828fde9692020') in 0.011 seconds [static and dynamic dependencies]. Details - ImportResultOutputID=b4e705fe19f4cf55833f30736697ff41 DependenciesID=9b0910ff35aa45e72e9aaaa431b76378 StaticDependenciesID=1cc35dd889b81c7863b2490681ae21ce 
Importing 'GUID: fefec8c81b9a00849ad9dab8beae6b4a - Path: Assets/TumbangPreso/Art/ui/brand/tump_logo.png' with importer (TextureImporter)
Imported 'GUID: fefec8c81b9a00849ad9dab8beae6b4a' -> (Import Result ID: 'f9a4285049ebf707e244e51074650cef') in 0.111 seconds [static and dynamic dependencies]. Details - ImportResultOutputID=9f3b25694a19367c5a2e62508f646b32 DependenciesID=9f9f26cbf99abc95a40593306b19b6fa StaticDependenciesID=f9ce511732b6d07ddb6b6f196d2d0876 
Importing 'GUID: 0fd8133c99114d3ab73a801448be84b8 - Path: Assets/TumbangPreso/Resources/UI/input/xelu/ps/PS5_Dpad_Right.png' with importer (TextureImporter)
Imported 'GUID: 0fd8133c99114d3ab73a801448be84b8' -> (Import Result ID: 'f5c77519a29c65c68a6c362763bdb997') in 0.011 seconds [static and dynamic dependencies]. Details - ImportResultOutputID=e584c0def09ae88254e82ff92bbae9e3 DependenciesID=9cc7625434bca1dd083e6f67bd624017 StaticDependenciesID=951e1b783b38ca5cca9dd4c6dc7fdf93 
Importing 'GUID: 1f66ac94c4c72a247a71b0150c902b05 - Path: Assets/TumbangPreso/Art/ui/brand/tsinelas_hit.png' with importer (TextureImporter)
Imported 'GUID: 1f66ac94c4c72a247a71b0150c902b05' -> (Import Result ID: '994eefcf9176251e8680f78ede50799c') in 0.138 seconds [static and dynamic dependencies]. Details - ImportResultOutputID=f6211bbfafb1009168dd90039bdfbe6a DependenciesID=3b09e3e129de0e2186834ed6bf5d679f StaticDependenciesID=4f5f84e736f61fc481941026e2ffdeec 
Importing 'GUID: 2f787346c4594671a9779617f18e4f65 - Path: Assets/TumbangPreso/Art/ui/brand/tsinelas_mark.png' with importer (TextureImporter)
Imported 'GUID: 2f787346c4594671a9779617f18e4f65' -> (Import Result ID: 'd7172a30d5174dfd75685ca8c502373b') in 0.122 seconds [static and dynamic dependencies]. Details - ImportResultOutputID=47b545b412547dce7f73708dc9047adc DependenciesID=7b64e1d1fd40df2a88ed128ca893e20a StaticDependenciesID=09a66db72add8570e8f33a8877314d4d 
Importing 'GUID: 3ff4f8ddb98c405b931bd0a485d11e0a - Path: Assets/TumbangPreso/Resources/UI/input/xelu/light/F8_Key_Light.png' with importer (TextureImporter)
Imported 'GUID: 3ff4f8ddb98c405b931bd0a485d11e0a' -> (Import Result ID: '82a75f5d88e2f5d3e2566acc1b9207b3') in 0.011 seconds [static and dynamic dependencies]. Details - ImportResultOutputID=f8e939a9e70d2a740ff289242ebb4269 DependenciesID=283a01f7331cb20aa3963ee9e43e27cc StaticDependenciesID=7311f0d2ca5e78ceb38681a8bbae4674 
Importing 'GUID: 3f164d8d3fa54e3eadc4d0da68ed1f8b - Path: Assets/TumbangPreso/Resources/UI/input/xelu/dark/Esc_Key_Dark.png' with importer (TextureImporter)
Imported 'GUID: 3f164d8d3fa54e3eadc4d0da68ed1f8b' -> (Import Result ID: 'f9027194d7ea972f8e423f5668a4da78') in 0.014 seconds [static and dynamic dependencies]. Details - ImportResultOutputID=accb475995243bf17cec582340a4152a DependenciesID=4bd6ad771e046309107f6ad8bfd03422 StaticDependenciesID=b7964db46e1f3b8d7e8c4edef071635c 
Importing 'GUID: 3f57f84863aae4f47b06a326d58401dc - Path: Assets/TumbangPreso/Resources/UI/owner-menu-edits/login3-eye-open.png' with importer (TextureImporter)
Imported 'GUID: 3f57f84863aae4f47b06a326d58401dc' -> (Import Result ID: '4cc5399017b9e05ce97f087387604c6c') in 0.012 seconds [static and dynamic dependencies]. Details - ImportResultOutputID=1339148f926b0435418e8f867d64e256 DependenciesID=f792ab2ac060984ca485bbd0ecdf2a14 StaticDependenciesID=63ba5e916c20789e3e8b29132356247c 
Importing 'GUID: 3f87e0d795493e141b7828fad1ae71c0 - Path: Assets/TumbangPreso/Art/ui/brand/tump_wordmark_ink.png' with importer (TextureImporter)
Imported 'GUID: 3f87e0d795493e141b7828fad1ae71c0' -> (Import Result ID: '20fd2334a5193811de7c1df05704a57f') in 0.122 seconds [static and dynamic dependencies]. Details - ImportResultOutputID=02ae8b0ed5dca915c5735b9a124da033 DependenciesID=7ba63c7abf46e738b7d135e501dafed5 StaticDependenciesID=c6c69b609feaaf8469c3e4c407a79e6f 
Importing 'GUID: 4f728a94046c4584a8ecdf98bd80fb87 - Path: Assets/TumbangPreso/Resources/UI/input/xelu/light/2_Key_Light.png' with importer (TextureImporter)
Imported 'GUID: 4f728a94046c4584a8ecdf98bd80fb87' -> (Import Result ID: 'c84e601730cb2cd33aef80bf6f705b7c') in 0.013 seconds [static and dynamic dependencies]. Details - ImportResultOutputID=4b1f56e554ca8dcb80f749a1de7f8ac9 DependenciesID=ec7d74b549e4fc74e578b42f4e3f7c5a StaticDependenciesID=a9bd0dfb7af033471387b17ec2934d0a 
Importing 'GUID: 5f98ab3c9fb1450dba5cfe9264965eca - Path: Assets/TumbangPreso/Resources/UI/input/xelu/dark/Page_Down_Key_Dark.png' with importer (TextureImporter)
Imported 'GUID: 5f98ab3c9fb1450dba5cfe9264965eca' -> (Import Result ID: 'e5b9ac12ece5d6b53650e9aa2383fd75') in 0.011 seconds [static and dynamic dependencies]. Details - ImportResultOutputID=a9887ddbf24365d066a8d31dd36c3288 DependenciesID=98749722440697754ebd8b80f41dda27 StaticDependenciesID=b304aa02256f4a871c17b33f5f6d1510 
Importing 'GUID: 5f989cb0d7044ea1a4d1320ab7b6bdb6 - Path: Assets/TumbangPreso/Resources/UI/input/xelu/xbox/XboxSeriesX_Dpad.png' with importer (TextureImporter)
Imported 'GUID: 5f989cb0d7044ea1a4d1320ab7b6bdb6' -> (Import Result ID: '1ca79b824e115d39b086dc61411730e0') in 0.011 seconds [static and dynamic dependencies]. Details - ImportResultOutputID=707d64bf8ae49062e822a5fb8b297426 DependenciesID=00433b32221869fbb941a874a48bf0d8 StaticDependenciesID=6a9f5481fea68edf61332d8f7794349a 
Importing 'GUID: 5f7c130dd70ddca40a3cb0787671d987 - Path: Assets/TumbangPreso/Resources/UI/owner-menu-edits/main-logo.png' with importer (TextureImporter)
Imported 'GUID: 5f7c130dd70ddca40a3cb0787671d987' -> (Import Result ID: '997680a1ee6a6d0f004d3a5d4e239204') in 0.126 seconds [static and dynamic dependencies]. Details - ImportResultOutputID=c11ca7e575362af2553e10af53043dad DependenciesID=437cae16bcd862da62f9819e68eca5c0 StaticDependenciesID=61f26e5e1d865053f2cc70a77e185d47 
Importing 'GUID: 8f86ce0fe1cb424a9d971b290972bd63 - Path: Assets/TumbangPreso/Resources/UI/input/xelu/dark/Del_Key_Dark.png' with importer (TextureImporter)
Imported 'GUID: 8f86ce0fe1cb424a9d971b290972bd63' -> (Import Result ID: '5e2e7fda050e6c5574ca7ab7a0585577') in 0.012 seconds [static and dynamic dependencies]. Details - ImportResultOutputID=ee842c2c73c309453147c78f1ba6a163 DependenciesID=988efb658c378e8f7451ecd764589bef StaticDependenciesID=d98afbcddfffdf2c3c11a8cfaf64e334 
Importing 'GUID: 8fded9a754fe4f47a66f2a9dcc2fa2c1 - Path: Assets/TumbangPreso/Resources/UI/input/xelu/xbox/XboxSeriesX_Left_Stick.png' with importer (TextureImporter)
Imported 'GUID: 8fded9a754fe4f47a66f2a9dcc2fa2c1' -> (Import Result ID: 'eb90d4f5bb7a0b3f9282eefb643e2109') in 0.012 seconds [static and dynamic dependencies]. Details - ImportResultOutputID=f0a16eec8e5a3fb81552e4267d3e1a76 DependenciesID=1beb65cf3f1c265648000861d627012f StaticDependenciesID=c8e953c3873090e2ac3b2734485b6913 
Importing 'GUID: 9f60e0afe2d44e239b5b3b8c72e962fb - Path: Assets/TumbangPreso/Resources/UI/input/xelu/dark/Arrow_Down_Key_Dark.png' with importer (TextureImporter)
Imported 'GUID: 9f60e0afe2d44e239b5b3b8c72e962fb' -> (Import Result ID: 'e56083f08f170778198f0948bdce5e60') in 0.011 seconds [static and dynamic dependencies]. Details - ImportResultOutputID=84c3701c3135a62a0719aa7c0a09a970 DependenciesID=4cca4520338ef3d85c991c825fb5fb73 StaticDependenciesID=e8be173bfe2a0428062a30a8caaf80ad 
Importing 'GUID: 9fc99e4118914f769728e83e03128244 - Path: Assets/TumbangPreso/Resources/UI/input/xelu/dark/F6_Key_Dark.png' with importer (TextureImporter)
Imported 'GUID: 9fc99e4118914f769728e83e03128244' -> (Import Result ID: '6c7c487380c3d1697717dc49bce6b74d') in 0.012 seconds [static and dynamic dependencies]. Details - ImportResultOutputID=e98ab6f497f4722d79e61497be05cb6c DependenciesID=96ae45a39d3b1be9d4c8e1462fe6c0e2 StaticDependenciesID=4f54d75d7dfb1863cbe952699a1cde44 
Importing 'GUID: af93714ca93e4501a0b9453bb1e1da5c - Path: Assets/TumbangPreso/Resources/UI/input/xelu/dark/X_Key_Dark.png' with importer (TextureImporter)
Imported 'GUID: af93714ca93e4501a0b9453bb1e1da5c' -> (Import Result ID: '0ac1b07f8135d0f6d7cdae6305247e5c') in 0.013 seconds [static and dynamic dependencies]. Details - ImportResultOutputID=8eac7eb8f72cd30923a6e8d0cae0e5a7 DependenciesID=8c6702c06e8d6459e73d690412cceb1f StaticDependenciesID=4bbd1a5f41ad999902c8bf71567c6aae 
Importing 'GUID: bf74316e63d0433fa2d1f226ad9251d3 - Path: Assets/TumbangPreso/Resources/UI/input/xelu/dark/F10_Key_Dark.png' with importer (TextureImporter)
Imported 'GUID: bf74316e63d0433fa2d1f226ad9251d3' -> (Import Result ID: 'a9513f4e4334a884513196d64520f984') in 0.011 seconds [static and dynamic dependencies]. Details - ImportResultOutputID=8f6510a15054cbcf97e6bd1707d404ec DependenciesID=418c2cb83474bb6c9425525215734cab StaticDependenciesID=d3369c71fa7a74f5c39c3a4c88780845 
Importing 'GUID: bfd952f15ef74001831b9d80574e625e - Path: Assets/TumbangPreso/Resources/UI/input/xelu/dark/F7_Key_Dark.png' with importer (TextureImporter)
Imported 'GUID: bfd952f15ef74001831b9d80574e625e' -> (Import Result ID: '66084abd7462e26bc7cc316eb4f92d7e') in 0.012 seconds [static and dynamic dependencies]. Details - ImportResultOutputID=a6e487f2d56598bc6e094a357de38398 DependenciesID=b1b6e280e5c2392d8b593aab75bf98d8 StaticDependenciesID=08aeef8da6733f6043db9b3fefaa004d 
Importing 'GUID: cf516d1ee92141988592b39022275427 - Path: Assets/TumbangPreso/Resources/UI/mode-cards/HeroStrikeChoice.png' with importer (TextureImporter)
Imported 'GUID: cf516d1ee92141988592b39022275427' -> (Import Result ID: 'a6b2e866832a30ca7ac62a1330512c20') in 0.044 seconds [static and dynamic dependencies]. Details - ImportResultOutputID=73c1a892dae29ddbbf5ff7f40993c4e9 DependenciesID=6e1971dbf24461260698a19df8000a02 StaticDependenciesID=d7adbc68c297fd30db232da1e1780285 
Importing 'GUID: ef85741a04224b8bbef435d46a403ae8 - Path: Assets/TumbangPreso/Resources/UI/input/xelu/light/Bracket_Right_Key_Light.png' with importer (TextureImporter)
Imported 'GUID: ef85741a04224b8bbef435d46a403ae8' -> (Import Result ID: 'd7efa929de98585af4b143754aa22af1') in 0.012 seconds [static and dynamic dependencies]. Details - ImportResultOutputID=848b7d95c076f06c7f7e7134575aaa33 DependenciesID=38e4eff34ab68af044ff04ce9bac5e2b StaticDependenciesID=9ef249050ecbb574e06a47ded31391c9 
Importing 'GUID: ef96395e72234e1fa5dacc496accadb6 - Path: Assets/TumbangPreso/Resources/UI/input/xelu/dark/F3_Key_Dark.png' with importer (TextureImporter)
Imported 'GUID: ef96395e72234e1fa5dacc496accadb6' -> (Import Result ID: 'b9310a7615dcb094417b57c952982f75') in 0.011 seconds [static and dynamic dependencies]. Details - ImportResultOutputID=a6693ea63b4ced83f61798c4c681aecc DependenciesID=703aefef297b2781a337d551806bc113 StaticDependenciesID=2d81147803e3a7d766477a906401f4a6 
Importing 'GUID: ef683d39cc55427daacd0e3ce4974d70 - Path: Assets/TumbangPreso/Resources/UI/input/xelu/light/Quote_Key_Light.png' with importer (TextureImporter)
Imported 'GUID: ef683d39cc55427daacd0e3ce4974d70' -> (Import Result ID: '3f8e18754d25857067388f6254a8dace') in 0.016 seconds [static and dynamic dependencies]. Details - ImportResultOutputID=3f98412a68e5a4a38cb80c1a372d4458 DependenciesID=b6013e8de3651b0b40b64b84228828df StaticDependenciesID=2b2e799c28d8e298411a48131397fc05 
Starting new worker id: 0 with log in C:/Users/matth/Documents/Codex/work/tump-competition-candidate1003i/Logs/AssetImportWorkerHW0.log
Refreshing native plugins compatible for Editor in 2.36 ms, found 0 plugins.

Asset Pipeline Refresh (id=183b9ac5d0ae2b94f8892d1e97598212): Total: 28.662 seconds - Initiated by InitialRefreshV2(ForceSynchronousImport)
	(Values over 0.05ms)
	Summary:
		Imports: total=281 (actual=281, local cache=0, cache server=0)
		Asset DB Process Time: managed=236 ms, native=13774 ms
		Asset DB Callback time: managed=2312 ms, native=71 ms
		Scripting: domain reloads=1, domain reload time=2025 ms, compile time=10125 ms, other=116 ms
		Project Asset Count: scripts=1726, non-scripts=10585
		Asset File Changes: new=0, changed=282, moved=0, deleted=0
		Scan Filter Count: 0
	InvokePackagesCallback: 45.460ms
	ApplyChangesToAssetFolders: 1.387ms
	Scan: 267.842ms
	Collect global state as custom dependencies: 12.548ms
	OnSourceAssetsModified: 1.862ms
	CategorizeScriptCompilationAssets: 78.377ms
	ProcessAssetsWithTransientArtifactChanges: 139.652ms
	CategorizeAssets: 190.198ms
	CompileScripts: 10124.746ms
	ImportOutOfDateAssets: 12988.333ms (5236.260ms without children)
		ImportManagerImport: 7470.383ms (8.894ms without children)
			UpdateCategorizedAssets: 4.199ms
		UnloadImportedAssets: 3.029ms
		ReloadImportedAssets: 0.099ms
		EnsureUptoDateAssetsAreRegisteredWithGuidPM: 2.575ms
		ImportSchedulerStart: 276.068ms
	PostProcessAllAssets: 2335.756ms
		XRBuildSystem.XRAssetImported 1.051ms
		ComputeShaderImportPostprocess 0.992ms
		RaytracingShaderImportPostprocess 0.937ms
		ShaderAssetModifiedCallback 0.886ms
		PostProcessCallbackCreateDeferredMaterials 0.844ms
		WindowTitlePostprocess 0.708ms
		SpeedTreeImporter.PostprocessAllAssets 0.601ms
		LocalizationDatabase.AssetDatabasePostprocessCallback 0.434ms
		BlockShaderImporter.PostprocessAllAssets 0.373ms
		AssemblyValidation.PostprocessAllAssets 0.356ms
		MonoPostProcessAllAssets: 2310.266ms
			UniversalRenderPipelineGlobalSettingsPostprocessor.OnPostprocessAllAssets 1727.061ms
			AssetPostprocessorProxy.OnPostprocessAllAssets 130.206ms
			AssetPostprocessor.OnPostprocessAllAssets 97.016ms
			StyleCatalogPostProcessor.OnPostprocessAllAssets 66.303ms
			SyncVS.PostprocessSyncProject 33.829ms
			NetworkPrefabProcessor.OnPostprocessAllAssets 17.705ms
			ShaderGraphAssetPostProcessor.OnPostprocessAllAssets 17.307ms
			BuilderAssetPostprocessor.OnPostprocessAllAssets 9.111ms
			PostProcessor.OnPostprocessAllAssets 4.207ms
			TextAssetPostProcessor.OnPostprocessAllAssets 3.792ms
			AssetChangedListener.OnPostprocessAllAssets 3.657ms
			MaterialPostprocessor.OnPostprocessAllAssets 2.985ms
			SpeedTree9Postprocessor.OnPostprocessAllAssets 2.859ms
			InputActionAssetPostprocessor.OnPostprocessAllAssets 2.713ms
			WindowAssetPostprocessingWatcher.OnPostprocessAllAssets 2.704ms
			InputActionJsonNameModifierAssetProcessor.OnPostprocessAllAssets 2.371ms
			RetainedModeAssetPostprocessor.OnPostprocessAllAssets 1.904ms
			EditModeScopePostprocessor.OnPostprocessAllAssets 1.489ms
			ReferencedClipsPostProcessor.OnPostprocessAllAssets 1.143ms
			AssetEvents.OnPostprocessAllAssets 0.712ms
			ArtifactBrowserPostProcessor.OnPostprocessAllAssets 0.708ms
			SampleDependencyImporterPostProcessor.OnPostprocessAllAssets 0.614ms
			AudioMixerPostprocessor.OnPostprocessAllAssets 0.507ms
			ShaderReflectionAssetPostProcessor.OnPostprocessAllAssets 0.437ms
			TMPro_TexturePostProcessor.OnPostprocessAllAssets 0.416ms
			ConfigAssetsTracker.OnPostprocessAllAssets 0.373ms
			TerrainToolbarOverlayPostProcessor.OnPostprocessAllAssets 0.255ms
			AssetDatabaseCallbacks.OnPostprocessAllAssets 0.228ms
			SpeedTreePostProcessor.OnPostprocessAllAssets 0.219ms
			ProjectSettingsPostprocessor.OnPostprocessAllAssets 0.209ms
			ScenarioDriftAssetsTracker.OnPostprocessAllAssets 0.201ms
			RenderPipelineGlobalSettingsPostprocessor.OnPostprocessAllAssets 0.133ms
			AudioContainerPostProcessor.OnPostprocessAllAssets 0.114ms
	PostAssetChangesProfiler: 7.592ms
	UnloadStreamsBegin: 2.870ms
	PersistCurrentRevisions: 0.783ms
	GenerateScriptTypeHashes: 5.349ms
	GenerateScriptTypeSerializationHashes: 9.796ms
	Untracked: 2457.280ms

Application.AssetDatabase Initial Refresh End
Launched and connected shader compiler UnityShaderCompiler.exe after 0.05 seconds
Worker ready: AssetImportWorkerHW0 0
Scanning for USB devices : 8.460ms
Initializing Unity extensions:
[MODES] ModeService[none].Initialize
[MODES] ModeService[none].LoadModes
[MODES] Loading mode Default (0) for mode-current-id-Tumbang Preso
Unloading 259 Unused Serialized files (Serialized files now loaded: 0)
Unloading 8152 unused Assets / (14.8 MB). Loaded Objects now: 9179.
Memory consumption went from 0.58 GB to 0.56 GB.
Total: 47.486100 ms (FindLiveObjects: 1.570400 ms CreateObjectMapping: 8.586400 ms MarkObjects: 15.724500 ms  DeleteObjects: 21.258000 ms)


Asset Pipeline Refresh (id=3df77f00e3d2f7c4a9b42ae7151927d4): Total: 0.705 seconds - Initiated by RefreshV2(NoUpdateAssetOptions)
	(Values over 0.05ms)
	Summary:
		Imports: total=0 (actual=0, local cache=0, cache server=0)
		Asset DB Process Time: managed=0 ms, native=705 ms
		Asset DB Callback time: managed=0 ms, native=0 ms
		Scripting: domain reloads=0, domain reload time=0 ms, compile time=0 ms, other=0 ms
		Project Asset Count: scripts=1726, non-scripts=10585
		Asset File Changes: new=0, changed=0, moved=0, deleted=0
		Scan Filter Count: 0
	ApplyChangesToAssetFolders: 0.249ms
	Scan: 33.203ms
	Collect global state as custom dependencies: 1.377ms
	ProcessAssetsWithTransientArtifactChanges: 0.273ms
	CategorizeAssets: 371.394ms
	ImportOutOfDateAssets: 210.204ms (28.280ms without children)
		UnloadImportedAssets: 0.191ms
		EnsureUptoDateAssetsAreRegisteredWithGuidPM: 2.411ms
		ImportSchedulerStart: 179.274ms
	GatherAllCurrentPrimaryImportResultRevisions: 6.878ms
	PersistCurrentRevisions: 0.530ms
	Untracked: 76.773ms

Importing 'GUID: 3b0b800c735009041a44e8ce27b4e1d1 - Path: Assets/TumbangPreso/Resources/RootedAnimations/dante-redesign.asset' with importer (NativeFormatImporter)
Imported 'GUID: 3b0b800c735009041a44e8ce27b4e1d1' -> (Import Result ID: 'f6787f4056818b06b39423979ba674f1') in 0.004 seconds [static dependencies only]. Details - ImportResultOutputID=b2ec0e512b3f091c7dcfd8aff3a9efb7 DependenciesID=06b56454362a30871197c16a36aedd3d StaticDependenciesID=35169a914b4e099a6f50b4a12a9d0aa6 
Refreshing native plugins compatible for Editor in 2.68 ms, found 0 plugins.

Asset Pipeline Refresh (id=b34bdb04c372d8840a598e6ed6dc6c2a): Total: 0.302 seconds - Initiated by StopAssetImportingV2(NoUpdateAssetOptions)
	(Values over 0.05ms)
	Summary:
		Imports: total=1 (actual=1, local cache=0, cache server=0)
		Asset DB Process Time: managed=0 ms, native=275 ms
		Asset DB Callback time: managed=8 ms, native=18 ms
		Scripting: domain reloads=0, domain reload time=0 ms, compile time=0 ms, other=0 ms
		Project Asset Count: scripts=1726, non-scripts=10586
		Asset File Changes: new=1, changed=1, moved=0, deleted=0
		Scan Filter Count: 5
	ApplyChangesToAssetFolders: 0.207ms
	Scan: 24.009ms
	Collect global state as custom dependencies: 1.307ms
	OnSourceAssetsModified: 1.119ms
	ProcessAssetsWithTransientArtifactChanges: 0.137ms
	CategorizeAssets: 47.915ms
	ImportOutOfDateAssets: 184.141ms (19.393ms without children)
		ImportManagerImport: 7.183ms (1.140ms without children)
		ReloadNativeAssets: 0.184ms
		UnloadImportedAssets: 0.393ms
		EnsureUptoDateAssetsAreRegisteredWithGuidPM: 2.720ms
		ImportSchedulerStart: 154.249ms
	PostProcessAllAssets: 21.911ms
		XRBuildSystem.XRAssetImported 12.952ms
		VersionControlSettings.HiddenFilePostprocess 0.071ms
		MonoPostProcessAllAssets: 6.764ms
			AssetPostprocessor.OnPostprocessAllAssets 5.409ms
			AssetPostprocessorProxy.OnPostprocessAllAssets 0.589ms
			ShaderGraphAssetPostProcessor.OnPostprocessAllAssets 0.110ms
			NetworkPrefabProcessor.OnPostprocessAllAssets 0.052ms
	PostAssetChangesProfiler: 4.066ms
	GatherAllCurrentPrimaryImportResultRevisions: 3.498ms
	UnloadStreamsBegin: 1.794ms
	PersistCurrentRevisions: 1.493ms
	Untracked: 10.785ms

[RootedMissing] baked=dante-redesign owner=dante clips=4
UnityEngine.Debug:ExtractStackTraceNoAlloc (byte*,int,string)
UnityEngine.StackTraceUtility:ExtractStackTrace ()
UnityEngine.DebugLogHandler:Internal_Log (UnityEngine.LogType,UnityEngine.LogOption,string,UnityEngine.Object)
UnityEngine.DebugLogHandler:LogFormat (UnityEngine.LogType,UnityEngine.Object,string,object[])
UnityEngine.Logger:Log (UnityEngine.LogType,object)
UnityEngine.Debug:Log (object)
TumbangPreso.EditorTools.RootedAnimationAuthor:Bake (bool) (at Assets/TumbangPreso/Editor/RootedAnimationAuthor.cs:60)
TumbangPreso.EditorTools.RootedAnimationAuthor:ExecuteMissing () (at Assets/TumbangPreso/Editor/RootedAnimationAuthor.cs:29)
TumbangPreso.EditorTools.RootedAnimationAuthor:RunMissing () (at Assets/TumbangPreso/Editor/RootedAnimationAuthor.cs:26)

(Filename: Assets/TumbangPreso/Editor/RootedAnimationAuthor.cs Line: 60)

Importing 'GUID: 474b4a2008d0c6c4baecfa3e4cca6751 - Path: Assets/TumbangPreso/Resources/RootedAnimations/cheska-redesign.asset' with importer (NativeFormatImporter)
Imported 'GUID: 474b4a2008d0c6c4baecfa3e4cca6751' -> (Import Result ID: 'e9d18b21c59d504420d38bc87d935174') in 0.002 seconds [static dependencies only]. Details - ImportResultOutputID=34857a9a2368f70cd536e17f34fd16ab DependenciesID=0a4e1cd34e6eec3ddeca3e9e021d65b3 StaticDependenciesID=9a3af04d12a0bc104edefdd02fe0633a 
Refreshing native plugins compatible for Editor in 3.76 ms, found 0 plugins.
Asset Pipeline Refresh (id=4e3eae36f50b6a140a837d1ed833757b): Total: 0.223 seconds - Initiated by StopAssetImportingV2(NoUpdateAssetOptions)
[RootedMissing] baked=cheska-redesign owner=cheska clips=4
UnityEngine.Debug:ExtractStackTraceNoAlloc (byte*,int,string)
UnityEngine.StackTraceUtility:ExtractStackTrace ()
UnityEngine.DebugLogHandler:Internal_Log (UnityEngine.LogType,UnityEngine.LogOption,string,UnityEngine.Object)
UnityEngine.DebugLogHandler:LogFormat (UnityEngine.LogType,UnityEngine.Object,string,object[])
UnityEngine.Logger:Log (UnityEngine.LogType,object)
UnityEngine.Debug:Log (object)
TumbangPreso.EditorTools.RootedAnimationAuthor:Bake (bool) (at Assets/TumbangPreso/Editor/RootedAnimationAuthor.cs:60)
TumbangPreso.EditorTools.RootedAnimationAuthor:ExecuteMissing () (at Assets/TumbangPreso/Editor/RootedAnimationAuthor.cs:29)
TumbangPreso.EditorTools.RootedAnimationAuthor:RunMissing () (at Assets/TumbangPreso/Editor/RootedAnimationAuthor.cs:26)

(Filename: Assets/TumbangPreso/Editor/RootedAnimationAuthor.cs Line: 60)

Importing 'GUID: 9976e38227c349a43a7561d3a7e711e4 - Path: Assets/TumbangPreso/Resources/RootedAnimations/sean-redesign.asset' with importer (NativeFormatImporter)
Imported 'GUID: 9976e38227c349a43a7561d3a7e711e4' -> (Import Result ID: '9d7af04495f70a822f0535aea3fb6d68') in 0.001 seconds [static dependencies only]. Details - ImportResultOutputID=4795234597df6c339955cac06f376053 DependenciesID=18c473a5f97d86711b8996933de9e03c StaticDependenciesID=9572dde9951513911664949100c2ae6f 
Refreshing native plugins compatible for Editor in 3.56 ms, found 0 plugins.
Asset Pipeline Refresh (id=378296897949f634390815d6c1ca738d): Total: 0.220 seconds - Initiated by StopAssetImportingV2(NoUpdateAssetOptions)
[RootedMissing] baked=sean-redesign owner=sean clips=4
UnityEngine.Debug:ExtractStackTraceNoAlloc (byte*,int,string)
UnityEngine.StackTraceUtility:ExtractStackTrace ()
UnityEngine.DebugLogHandler:Internal_Log (UnityEngine.LogType,UnityEngine.LogOption,string,UnityEngine.Object)
UnityEngine.DebugLogHandler:LogFormat (UnityEngine.LogType,UnityEngine.Object,string,object[])
UnityEngine.Logger:Log (UnityEngine.LogType,object)
UnityEngine.Debug:Log (object)
TumbangPreso.EditorTools.RootedAnimationAuthor:Bake (bool) (at Assets/TumbangPreso/Editor/RootedAnimationAuthor.cs:60)
TumbangPreso.EditorTools.RootedAnimationAuthor:ExecuteMissing () (at Assets/TumbangPreso/Editor/RootedAnimationAuthor.cs:29)
TumbangPreso.EditorTools.RootedAnimationAuthor:RunMissing () (at Assets/TumbangPreso/Editor/RootedAnimationAuthor.cs:26)

(Filename: Assets/TumbangPreso/Editor/RootedAnimationAuthor.cs Line: 60)

Importing 'GUID: 7618008cf8c5c22439d33d24d06367a5 - Path: Assets/TumbangPreso/Resources/RootedAnimations/zack-redesign.asset' with importer (NativeFormatImporter)
Imported 'GUID: 7618008cf8c5c22439d33d24d06367a5' -> (Import Result ID: '4c5dfa53f117a9c70379bc81f12d3780') in 0.001 seconds [static dependencies only]. Details - ImportResultOutputID=dc580cff7e104071666a127ad636fa5b DependenciesID=074a50f7d5eefdcef277c59c1e926e64 StaticDependenciesID=da58cced76b35c99f98e5ccfb9260941 
Refreshing native plugins compatible for Editor in 3.38 ms, found 0 plugins.
Asset Pipeline Refresh (id=01914e2c5a3956d41802ec1abc75222e): Total: 0.221 seconds - Initiated by StopAssetImportingV2(NoUpdateAssetOptions)
[RootedMissing] baked=zack-redesign owner=zack clips=4
UnityEngine.Debug:ExtractStackTraceNoAlloc (byte*,int,string)
UnityEngine.StackTraceUtility:ExtractStackTrace ()
UnityEngine.DebugLogHandler:Internal_Log (UnityEngine.LogType,UnityEngine.LogOption,string,UnityEngine.Object)
UnityEngine.DebugLogHandler:LogFormat (UnityEngine.LogType,UnityEngine.Object,string,object[])
UnityEngine.Logger:Log (UnityEngine.LogType,object)
UnityEngine.Debug:Log (object)
TumbangPreso.EditorTools.RootedAnimationAuthor:Bake (bool) (at Assets/TumbangPreso/Editor/RootedAnimationAuthor.cs:60)
TumbangPreso.EditorTools.RootedAnimationAuthor:ExecuteMissing () (at Assets/TumbangPreso/Editor/RootedAnimationAuthor.cs:29)
TumbangPreso.EditorTools.RootedAnimationAuthor:RunMissing () (at Assets/TumbangPreso/Editor/RootedAnimationAuthor.cs:26)

(Filename: Assets/TumbangPreso/Editor/RootedAnimationAuthor.cs Line: 60)

Importing 'GUID: da9b6da7210f2944ca3d6e7bd41a9038 - Path: Assets/TumbangPreso/Resources/RootedAnimations/nemu-redesign.asset' with importer (NativeFormatImporter)
Imported 'GUID: da9b6da7210f2944ca3d6e7bd41a9038' -> (Import Result ID: '2e05563f4a8883d61c0db056b0b5d2f7') in 0.001 seconds [static dependencies only]. Details - ImportResultOutputID=4d72748cf515ce3b6e55e1bc394846b9 DependenciesID=a41c5033582c0f2740739a983f8d7358 StaticDependenciesID=05b5c322cbbd839069f6b959a3b40194 
Refreshing native plugins compatible for Editor in 2.43 ms, found 0 plugins.
Asset Pipeline Refresh (id=5b074ddd70541ac49978e5ac8c64fb61): Total: 0.225 seconds - Initiated by StopAssetImportingV2(NoUpdateAssetOptions)
[RootedMissing] baked=nemu-redesign owner=nemu clips=4
UnityEngine.Debug:ExtractStackTraceNoAlloc (byte*,int,string)
UnityEngine.StackTraceUtility:ExtractStackTrace ()
UnityEngine.DebugLogHandler:Internal_Log (UnityEngine.LogType,UnityEngine.LogOption,string,UnityEngine.Object)
UnityEngine.DebugLogHandler:LogFormat (UnityEngine.LogType,UnityEngine.Object,string,object[])
UnityEngine.Logger:Log (UnityEngine.LogType,object)
UnityEngine.Debug:Log (object)
TumbangPreso.EditorTools.RootedAnimationAuthor:Bake (bool) (at Assets/TumbangPreso/Editor/RootedAnimationAuthor.cs:60)
TumbangPreso.EditorTools.RootedAnimationAuthor:ExecuteMissing () (at Assets/TumbangPreso/Editor/RootedAnimationAuthor.cs:29)
TumbangPreso.EditorTools.RootedAnimationAuthor:RunMissing () (at Assets/TumbangPreso/Editor/RootedAnimationAuthor.cs:26)

(Filename: Assets/TumbangPreso/Editor/RootedAnimationAuthor.cs Line: 60)

Importing 'GUID: a70f9ba7247599e4b8f6037e439e0a14 - Path: Assets/TumbangPreso/Resources/RootedAnimations/phaister-redesign.asset' with importer (NativeFormatImporter)
Imported 'GUID: a70f9ba7247599e4b8f6037e439e0a14' -> (Import Result ID: 'ec8c566938c8784896a8a89b0d9ba032') in 0.001 seconds [static dependencies only]. Details - ImportResultOutputID=8b6f6e2885f54023f74c209ac4934fde DependenciesID=b29dabcaf562ada44007dafbe7dd578c StaticDependenciesID=fac6e40adc945bd6ebe6ea1c8ffc1f30 
Refreshing native plugins compatible for Editor in 2.33 ms, found 0 plugins.
Asset Pipeline Refresh (id=ab58b443c24cd094c9bd82745f4378bd): Total: 0.229 seconds - Initiated by StopAssetImportingV2(NoUpdateAssetOptions)
[RootedMissing] baked=phaister-redesign owner=phaister clips=4
UnityEngine.Debug:ExtractStackTraceNoAlloc (byte*,int,string)
UnityEngine.StackTraceUtility:ExtractStackTrace ()
UnityEngine.DebugLogHandler:Internal_Log (UnityEngine.LogType,UnityEngine.LogOption,string,UnityEngine.Object)
UnityEngine.DebugLogHandler:LogFormat (UnityEngine.LogType,UnityEngine.Object,string,object[])
UnityEngine.Logger:Log (UnityEngine.LogType,object)
UnityEngine.Debug:Log (object)
TumbangPreso.EditorTools.RootedAnimationAuthor:Bake (bool) (at Assets/TumbangPreso/Editor/RootedAnimationAuthor.cs:60)
TumbangPreso.EditorTools.RootedAnimationAuthor:ExecuteMissing () (at Assets/TumbangPreso/Editor/RootedAnimationAuthor.cs:29)
TumbangPreso.EditorTools.RootedAnimationAuthor:RunMissing () (at Assets/TumbangPreso/Editor/RootedAnimationAuthor.cs:26)

(Filename: Assets/TumbangPreso/Editor/RootedAnimationAuthor.cs Line: 60)

Importing 'GUID: 2f55b2516b786174583b62177db9d440 - Path: Assets/TumbangPreso/Resources/RootedAnimations/rafi-redesign.asset' with importer (NativeFormatImporter)
Imported 'GUID: 2f55b2516b786174583b62177db9d440' -> (Import Result ID: 'd76f06db593b1a62077caa5e04d1fbe8') in 0.002 seconds [static dependencies only]. Details - ImportResultOutputID=b917e1aa0d94789d511ad01fa2c853ff DependenciesID=84f86f3f56bf8f80fb8c6a8b85ae7ba2 StaticDependenciesID=2e1d175bd6994f9866d57814b71e6814 
Refreshing native plugins compatible for Editor in 2.67 ms, found 0 plugins.
Asset Pipeline Refresh (id=f3eab5bafe28734429c3ec2eba0aef56): Total: 0.231 seconds - Initiated by StopAssetImportingV2(NoUpdateAssetOptions)
[RootedMissing] baked=rafi-redesign owner=rafi clips=4
UnityEngine.Debug:ExtractStackTraceNoAlloc (byte*,int,string)
UnityEngine.StackTraceUtility:ExtractStackTrace ()
UnityEngine.DebugLogHandler:Internal_Log (UnityEngine.LogType,UnityEngine.LogOption,string,UnityEngine.Object)
UnityEngine.DebugLogHandler:LogFormat (UnityEngine.LogType,UnityEngine.Object,string,object[])
UnityEngine.Logger:Log (UnityEngine.LogType,object)
UnityEngine.Debug:Log (object)
TumbangPreso.EditorTools.RootedAnimationAuthor:Bake (bool) (at Assets/TumbangPreso/Editor/RootedAnimationAuthor.cs:60)
TumbangPreso.EditorTools.RootedAnimationAuthor:ExecuteMissing () (at Assets/TumbangPreso/Editor/RootedAnimationAuthor.cs:29)
TumbangPreso.EditorTools.RootedAnimationAuthor:RunMissing () (at Assets/TumbangPreso/Editor/RootedAnimationAuthor.cs:26)

(Filename: Assets/TumbangPreso/Editor/RootedAnimationAuthor.cs Line: 60)

Importing 'GUID: 09eedbd3b15985241a4f74be2fcac86a - Path: Assets/TumbangPreso/Resources/RootedAnimations/amihan-redesign.asset' with importer (NativeFormatImporter)
Imported 'GUID: 09eedbd3b15985241a4f74be2fcac86a' -> (Import Result ID: 'c41d197d74d72acfbeb501833f70a592') in 0.001 seconds [static dependencies only]. Details - ImportResultOutputID=7631a07f6950334d80a4cd2b8227ae8d DependenciesID=b2724f8d24e159a9d630c39634352d4c StaticDependenciesID=96c5b0f2b21d50254fe6fd9271bf3799 
Refreshing native plugins compatible for Editor in 2.42 ms, found 0 plugins.
Asset Pipeline Refresh (id=da8c27492c62c624d94798516c503aac): Total: 0.223 seconds - Initiated by StopAssetImportingV2(NoUpdateAssetOptions)
[RootedMissing] baked=amihan-redesign owner=amihan clips=4
UnityEngine.Debug:ExtractStackTraceNoAlloc (byte*,int,string)
UnityEngine.StackTraceUtility:ExtractStackTrace ()
UnityEngine.DebugLogHandler:Internal_Log (UnityEngine.LogType,UnityEngine.LogOption,string,UnityEngine.Object)
UnityEngine.DebugLogHandler:LogFormat (UnityEngine.LogType,UnityEngine.Object,string,object[])
UnityEngine.Logger:Log (UnityEngine.LogType,object)
UnityEngine.Debug:Log (object)
TumbangPreso.EditorTools.RootedAnimationAuthor:Bake (bool) (at Assets/TumbangPreso/Editor/RootedAnimationAuthor.cs:60)
TumbangPreso.EditorTools.RootedAnimationAuthor:ExecuteMissing () (at Assets/TumbangPreso/Editor/RootedAnimationAuthor.cs:29)
TumbangPreso.EditorTools.RootedAnimationAuthor:RunMissing () (at Assets/TumbangPreso/Editor/RootedAnimationAuthor.cs:26)

(Filename: Assets/TumbangPreso/Editor/RootedAnimationAuthor.cs Line: 60)

Importing 'GUID: 5a728b483979e144582549189a974e6e - Path: Assets/TumbangPreso/Resources/RootedAnimations/paete-redesign.asset' with importer (NativeFormatImporter)
Imported 'GUID: 5a728b483979e144582549189a974e6e' -> (Import Result ID: '1daa0af9c973d25709fd9ca1d4094ef4') in 0.001 seconds [static dependencies only]. Details - ImportResultOutputID=daab81faafe84c684050ce2ccb1779da DependenciesID=eda82343684d46fb88a0885208129228 StaticDependenciesID=d2b4f6cd4ec180eea6e1f0d45dae60ab 
Refreshing native plugins compatible for Editor in 2.55 ms, found 0 plugins.
Asset Pipeline Refresh (id=dbe0a14a5f83d6546aa1a8fead0ee510): Total: 0.250 seconds - Initiated by StopAssetImportingV2(NoUpdateAssetOptions)
[RootedMissing] baked=paete-redesign owner=paete clips=4
UnityEngine.Debug:ExtractStackTraceNoAlloc (byte*,int,string)
UnityEngine.StackTraceUtility:ExtractStackTrace ()
UnityEngine.DebugLogHandler:Internal_Log (UnityEngine.LogType,UnityEngine.LogOption,string,UnityEngine.Object)
UnityEngine.DebugLogHandler:LogFormat (UnityEngine.LogType,UnityEngine.Object,string,object[])
UnityEngine.Logger:Log (UnityEngine.LogType,object)
UnityEngine.Debug:Log (object)
TumbangPreso.EditorTools.RootedAnimationAuthor:Bake (bool) (at Assets/TumbangPreso/Editor/RootedAnimationAuthor.cs:60)
TumbangPreso.EditorTools.RootedAnimationAuthor:ExecuteMissing () (at Assets/TumbangPreso/Editor/RootedAnimationAuthor.cs:29)
TumbangPreso.EditorTools.RootedAnimationAuthor:RunMissing () (at Assets/TumbangPreso/Editor/RootedAnimationAuthor.cs:26)

(Filename: Assets/TumbangPreso/Editor/RootedAnimationAuthor.cs Line: 60)

Importing 'GUID: 7618008cf8c5c22439d33d24d06367a5 - Path: Assets/TumbangPreso/Resources/RootedAnimations/zack-redesign.asset' with importer (NativeFormatImporter)
Imported 'GUID: 7618008cf8c5c22439d33d24d06367a5' -> (Import Result ID: '4f8bbe57633640c24561347edb755a67') in 0.003 seconds [static dependencies only]. Details - ImportResultOutputID=c999ef471a994f94a0ae00081eeee339 DependenciesID=b557059c8ac01414688f52c2c4c8430d StaticDependenciesID=46ac66a87eb6e11c56e8ac8af6ab02da 
Importing 'GUID: 474b4a2008d0c6c4baecfa3e4cca6751 - Path: Assets/TumbangPreso/Resources/RootedAnimations/cheska-redesign.asset' with importer (NativeFormatImporter)
Imported 'GUID: 474b4a2008d0c6c4baecfa3e4cca6751' -> (Import Result ID: 'dd001021af1619f0841a35d597ee2601') in 0.003 seconds [static dependencies only]. Details - ImportResultOutputID=0b70f48635d0db3529a8696890717a53 DependenciesID=3bb9e1786725005b989fe1a823a7024d StaticDependenciesID=556a87c642c87982592e1991f5b29fbc 
Importing 'GUID: a70f9ba7247599e4b8f6037e439e0a14 - Path: Assets/TumbangPreso/Resources/RootedAnimations/phaister-redesign.asset' with importer (NativeFormatImporter)
Imported 'GUID: a70f9ba7247599e4b8f6037e439e0a14' -> (Import Result ID: 'dbd2e6cc45ef4a7c99b6c8d0d5be97b1') in 0.002 seconds [static dependencies only]. Details - ImportResultOutputID=01e06fb01a0737520c8aced7f37efb93 DependenciesID=9c0b5a5826c13ff0a4c6b68701e98e4a StaticDependenciesID=e4cc31504d0f2c8b0fa9e0e955d4d046 
Importing 'GUID: 09eedbd3b15985241a4f74be2fcac86a - Path: Assets/TumbangPreso/Resources/RootedAnimations/amihan-redesign.asset' with importer (NativeFormatImporter)
Imported 'GUID: 09eedbd3b15985241a4f74be2fcac86a' -> (Import Result ID: '54c861d1fb17087ab33b85098705057c') in 0.003 seconds [static dependencies only]. Details - ImportResultOutputID=ccd5c882820a5cae294d510c21982766 DependenciesID=f839f40755588f9c4dd729d7ccdd248a StaticDependenciesID=291bdd1ab7992ca7268c52dc21d99b3d 
Importing 'GUID: 9976e38227c349a43a7561d3a7e711e4 - Path: Assets/TumbangPreso/Resources/RootedAnimations/sean-redesign.asset' with importer (NativeFormatImporter)
Imported 'GUID: 9976e38227c349a43a7561d3a7e711e4' -> (Import Result ID: '6a507e6fe56553863db1d92e0588df9e') in 0.004 seconds [static dependencies only]. Details - ImportResultOutputID=e2de160e647b58cfef3060b8b43d0c56 DependenciesID=3e74d5ab97b3ec06e9f2b4bc4e6977cb StaticDependenciesID=fbfc7c5216d8adbb865048ad95d7f2b4 
Importing 'GUID: 5a728b483979e144582549189a974e6e - Path: Assets/TumbangPreso/Resources/RootedAnimations/paete-redesign.asset' with importer (NativeFormatImporter)
Imported 'GUID: 5a728b483979e144582549189a974e6e' -> (Import Result ID: '245e3dfb4ce14945eaf6175f0b665ad7') in 0.003 seconds [static dependencies only]. Details - ImportResultOutputID=60d5413d4e0e3bd08ea74ab6552a57ae DependenciesID=ace4ab2adc1bc2b843eb1d8e81eea3bc StaticDependenciesID=03f7b106126659b64efc50e2de83e3a5 
Importing 'GUID: da9b6da7210f2944ca3d6e7bd41a9038 - Path: Assets/TumbangPreso/Resources/RootedAnimations/nemu-redesign.asset' with importer (NativeFormatImporter)
Imported 'GUID: da9b6da7210f2944ca3d6e7bd41a9038' -> (Import Result ID: 'c0b00d384e3a8186cab062eccace8698') in 0.003 seconds [static dependencies only]. Details - ImportResultOutputID=151140d9707e68684f1b36adc90da7ac DependenciesID=92d40b921a6e6252e40900d8288ac96a StaticDependenciesID=5eb96cbccd5f7ca3654fe8e8b0462620 
Importing 'GUID: 3b0b800c735009041a44e8ce27b4e1d1 - Path: Assets/TumbangPreso/Resources/RootedAnimations/dante-redesign.asset' with importer (NativeFormatImporter)
Imported 'GUID: 3b0b800c735009041a44e8ce27b4e1d1' -> (Import Result ID: 'a180c2ee4ea3c1cc4cac656c1f2cffca') in 0.003 seconds [static dependencies only]. Details - ImportResultOutputID=70ca79a90ba5c6b92a76e947752bf49b DependenciesID=9943dc94aeb0d4d84fcbfb2f78759e26 StaticDependenciesID=7da855e67ce72e58e29a4f66c6006ad4 
Importing 'GUID: 2f55b2516b786174583b62177db9d440 - Path: Assets/TumbangPreso/Resources/RootedAnimations/rafi-redesign.asset' with importer (NativeFormatImporter)
Imported 'GUID: 2f55b2516b786174583b62177db9d440' -> (Import Result ID: '7c58d09c3b64dd4618a42943c5f12a0e') in 0.003 seconds [static dependencies only]. Details - ImportResultOutputID=26a13ed1b608cfbdf76ebb7de6377098 DependenciesID=df9b7110077b70d1260b2eafd74bc9be StaticDependenciesID=bb7c8cb42d8e5d4784794c4a5796c30c 
Refreshing native plugins compatible for Editor in 2.64 ms, found 0 plugins.
Asset Pipeline Refresh (id=39b0b2f154d1436449530c69fee6ba77): Total: 0.259 seconds - Initiated by StopAssetImportingV2(NoUpdateAssetOptions)
[Rooted] baked struggle, heave and break-out for 9 rig hierarchies; existingSetsPreserved=14
UnityEngine.Debug:ExtractStackTraceNoAlloc (byte*,int,string)
UnityEngine.StackTraceUtility:ExtractStackTrace ()
UnityEngine.DebugLogHandler:Internal_Log (UnityEngine.LogType,UnityEngine.LogOption,string,UnityEngine.Object)
UnityEngine.DebugLogHandler:LogFormat (UnityEngine.LogType,UnityEngine.Object,string,object[])
UnityEngine.Logger:Log (UnityEngine.LogType,object)
UnityEngine.Debug:Log (object)
TumbangPreso.EditorTools.RootedAnimationAuthor:Bake (bool) (at Assets/TumbangPreso/Editor/RootedAnimationAuthor.cs:65)
TumbangPreso.EditorTools.RootedAnimationAuthor:ExecuteMissing () (at Assets/TumbangPreso/Editor/RootedAnimationAuthor.cs:29)
TumbangPreso.EditorTools.RootedAnimationAuthor:RunMissing () (at Assets/TumbangPreso/Editor/RootedAnimationAuthor.cs:26)

(Filename: Assets/TumbangPreso/Editor/RootedAnimationAuthor.cs Line: 65)

MonoPathRemapper: Attempts to remap: 33064; Successful remaps: 44
Serialized file version minimum: 23, current 23
Pipeline Server stopped
[Physics::Module] Cleanup current backend.
[Physics::Module] Id: 0xf2b8ea05
Input System module state changed to: ShutdownInProgress.
Input Polling Thread exited.
Input System module state changed to: Shutdown.
[Licensing::IpcConnector] LicenseClient-matth-notifications channel disconnected successfully.
[Licensing::IpcConnector] LicenseClient-matth channel disconnected successfully.
Lingering sessions upon destruction of worker manager
AcceleratorClientConnectionCallback - disconnected - :0
Cleanup mono
CodeReloadManager destroyed
Checking for leaked weakptr:
  Found no leaked weakptrs.
[Package Manager] Server process was shutdown
##utp:{"type":"MemoryLeaks","version":2,"phase":"Immediate","time":1791427857823,"processId":52720,"allocatedMemory":30094537,"memoryLabels":[{"Default":268777},{"Permanent":15516},{"NewDelete":66059},{"Thread":4197600},{"Manager":33541},{"VertexData":8},{"Geometry":816},{"Texture":24},{"Shader":856532},{"Material":24},{"GfxDevice":55328},{"Animation":952},{"Audio":1544},{"FreeType":8},{"FontEngine":736},{"Physics":2146},{"Physics2D":16},{"Serialization":824},{"Input":42840},{"JobScheduler":256},{"TextLib":280},{"Mono":310},{"MonoCode":64},{"ScriptingNativeRuntime":1635940},{"BaseObject":1624872},{"Resource":1208},{"Renderer":3080},{"Transform":4685},{"File":3997},{"WebCam":616},{"Culling":32},{"Terrain":11442},{"Wind":24},{"STL":40},{"String":393934},{"StaticString":3808},{"Utility":2673238},{"Curl":2559},{"PoolAlloc":2408},{"AI":80},{"TypeTree":20749},{"CodeReload":448},{"RuntimeInitializeOnLoadManager":64},{"Sprites":102},{"SpriteAtlas":120},{"GI":7816},{"Director":8296},{"CloudService":130328},{"WebRequest":589},{"VR":47114},{"SceneManager":608},{"Video":64},{"LazyScriptCache":32},{"Camera":17},{"Secure":2377},{"SerializationCache":1576},{"APIUpdating":10320},{"Subsystems":336},{"VirtualTexturing":57888},{"StaticSafetyDebugInfo":278528},{"Analytics":552},{"Hierarchy":1176},{"UIElements":72},{"CoreStats":13688},{"Identifiers":6768},{"Gui":128},{"EditorUtility":130918},{"VersionControl":8},{"Undo":931},{"AssetDatabase":17410346},{"AssetImporter":40},{"EditorGi":328},{"UnityConnect":38905},{"Upm":1912},{"UpmDiagnostics":8},{"AssetCompliance":64},{"DrivenProperties":72},{"LocalIPC":211},{"ProfilerEditor":9746},{"CoreBusinessMetrics":3480},{"Windowing":456},{"Licensing":1232},{"AssetReference":32},{"IPCStream":32}]}
