[Licensing::Module] Trying to connect to existing licensing client channel...
Built from '6000.5/staging' branch; Version is '6000.5.8f1 (5cb7df797b7d) revision 6076383'; Using compiler version '194234433'; Build Type 'Release'
[Licensing::IpcConnector] Channel LicenseClient-matth doesn't exist
OS: 'Windows 10  (10.0.19045) 64bit Core' Language: 'en' Physical Memory: 16335 MB
BatchMode: 1, IsHumanControllingUs: 0, StartBugReporterOnCrash: 0, Is64bit: 1
System  architecture: x64
Process architecture: x64
Date: 2026-10-02T11:14:00Z
[Licensing::Module] Successfully launched the LicensingClient (PId: 25784)

COMMAND LINE ARGUMENTS:
C:\Program Files\Unity\Hub\Editor\6000.5.8f1\Editor\Unity.exe
-projectPath
C:\Users\matth\Documents\Codex\work\tump-feedback-0930
-batchmode
-nographics
-runTests
-testPlatform
PlayMode
-testFilter
CarrierDisableLifetimeTests
-testResults
C:\Users\matth\Documents\Codex\work\tump-feedback-0930\Logs\carrier-disable-lifetime1002\baseline\tests.xml
-logFile
C:\Users\matth\Documents\Codex\work\tump-feedback-0930\Logs\carrier-disable-lifetime1002\baseline\unity.log
-tp-profile
carrier-disable-lifetime1002
Successfully changed project path to: C:\Users\matth\Documents\Codex\work\tump-feedback-0930
C:/Users/matth/Documents/Codex/work/tump-feedback-0930
[UnityMemory] Configuration Parameters - Can be set up in boot.config
    "memorysetup-temp-allocator-size-gi-baking-worker=262144"
    "memorysetup-temp-allocator-size-gi-baking-worker=262144"
    "memorysetup-temp-allocator-size-gi-baking-worker=262144"
    "memorysetup-temp-allocator-size-gi-baking-worker=262144"
    "memorysetup-temp-allocator-size-gi-baking-worker=262144"
    "memorysetup-temp-allocator-size-nav-mesh-worker=65536"
    "memorysetup-temp-allocator-size-audio-worker=65536"
    "memorysetup-temp-allocator-size-cloud-worker=32768"
    "memorysetup-temp-allocator-size-gfx=262144"
    "memorysetup-temp-allocator-size-preload-manager=33554432"
    "memorysetup-allocator-temp-initial-block-size-main=262144"
    "memorysetup-allocator-temp-initial-block-size-worker=262144"
    "memorysetup-temp-allocator-size-job-worker=262144"
    "memorysetup-temp-allocator-size-background-worker=32768"
    "memorysetup-bucket-allocator-granularity=16"
    "memorysetup-bucket-allocator-bucket-count=8"
    "memorysetup-bucket-allocator-block-size=33554432"
    "memorysetup-bucket-allocator-block-count=8"
    "memorysetup-main-allocator-block-size=16777216"
    "memorysetup-thread-allocator-block-size=16777216"
    "memorysetup-main-allocator-mimalloc-enabled=0"
    "memorysetup-gfx-main-allocator-block-size=16777216"
    "memorysetup-gfx-thread-allocator-block-size=16777216"
    "memorysetup-cache-allocator-block-size=4194304"
    "memorysetup-typetree-allocator-block-size=2097152"
    "memorysetup-profiler-bucket-allocator-granularity=16"
    "memorysetup-profiler-bucket-allocator-bucket-count=8"
    "memorysetup-profiler-bucket-allocator-block-size=33554432"
    "memorysetup-profiler-bucket-allocator-block-count=8"
    "memorysetup-profiler-allocator-block-size=16777216"
    "memorysetup-profiler-editor-allocator-block-size=1048576"
    "memorysetup-temp-allocator-size-main=16777216"
    "memorysetup-job-temp-allocator-block-size=2097152"
    "memorysetup-job-temp-allocator-block-size-background=1048576"
    "memorysetup-job-temp-allocator-reduction-small-platforms=262144"
Logging is directed to a specific file, skipping project log.Player connection [22332]  Target information:

Player connection [22332]  * "[IP] 192.168.1.7 [Port] 55504 [Flags] 2 [Guid] 3779817906 [EditorId] 3779817906 [Version] 1048832 [Id] WindowsEditor(7,DESKTOP-E4OQK9L) [Debug] 1 [PackageName] WindowsEditor [ProjectName] Editor" 

Player connection [22332]  * "[IP] 169.254.38.78 [Port] 55504 [Flags] 2 [Guid] 3779817906 [EditorId] 3779817906 [Version] 1048832 [Id] WindowsEditor(7,DESKTOP-E4OQK9L) [Debug] 1 [PackageName] WindowsEditor [ProjectName] Editor" 

Player connection [22332] Host joined multi-casting on [225.0.0.222:54997]...
Player connection [22332] Host joined alternative multi-casting on [225.0.0.222:34997]...
Input System module state changed to: Initialized.
[Physics::Module] Initialized fallback backend.
[Physics::Module] Id: 0xdecafbad
[Licensing::IpcConnector] Successfully connected to: "LicenseClient-matth" at "2026-10-02T11:14:00.6218964Z"
[Licensing::Client] Code 10 while verifying Licensing Client signature (process Id: 25784, path: "C:/Program Files/Unity/Hub/Editor/6000.5.8f1/Editor/Data/Resources/Licensing/Client/Unity.Licensing.Client.exe")
[Licensing::Module] LicensingClient has failed validation; ignoring
[Package Manager] Connected to IPC stream "Upm-25068" after 0.4 seconds.
[Licensing::Module] Licensing is not yet initialized.
[Licensing::Client] Handshaking with LicensingClient:
  Version:                 1.18.1+9fbee8e
  Session Id:              6126df908a9d4e26aa0440453dc1ea15
  Correlation Id:          739198cf7ad510336a24b718caddcd27
  External correlation Id: 2993316071904216241
  Machine Id:              AEgR5bR+eVpMXoYwl8lPkzJt1cA=
[Licensing::Module] Successfully connected to LicensingClient on channel: "LicenseClient-matth" (connect: 0.37s, validation: 0.19s, handshake: 0.04s)
[Licensing::IpcConnector] Successfully connected to: "LicenseClient-matth-notifications" at "2026-10-02T11:14:00.8514948Z"
[Licensing::Module] Connected to LicensingClient (PId: 25784, launch time: 0.01, total connection time: 0.60s)
[Licensing::Module] Error: Access token is unavailable; failed to update
[Licensing::Client] Successfully resolved entitlement details
[Licensing::Module] License group:
  Id: 18968509846226-UnityPersXXXX
  Product: Unity Personal
  Type: Assigned
  Expiration: Unlimited
[Licensing::Client] Successfully updated license, isAsync: True, time: 0.01
[Licensing::Module] Licensing Background thread has ended after 0.66s
[Licensing::Module] Licensing is initialized (took 0.06s).
[Licensing::Client] Successfully resolved entitlement details
Library Redirect Path: Library/
[Physics::Module] Selected backend.
[Physics::Module] Name: PhysX
[Physics::Module] Id: 0xf2b8ea05
[Physics::Module] SDK Version: 4.1.2
[Physics::Module] Integration Version: 1.0.0
[Physics::Module] Threading Mode: Multi-Threaded
Initialize engine version: 6000.5.8f1 (5cb7df797b7d)
[Subsystems] Discovering subsystems at path C:/Program Files/Unity/Hub/Editor/6000.5.8f1/Editor/Data/Resources/UnitySubsystems
[Subsystems] Discovering subsystems at path C:/Users/matth/Documents/Codex/work/tump-feedback-0930/Assets
Forcing GfxDevice: Null
GfxDevice: creating device client; kGfxThreadingModeNonThreaded
NullGfxDevice:
    Version:  NULL 1.0 [1.0]
    Renderer: Null Device
    Vendor:   Unity Technologies
Initialize mono
Mono path[0] = 'C:/Program Files/Unity/Hub/Editor/6000.5.8f1/Editor/Data/Managed'
Mono path[1] = 'C:/Program Files/Unity/Hub/Editor/6000.5.8f1/Editor/Data/BCLExtensions/runtime/netstandard2.1'
Mono path[2] = 'C:/Program Files/Unity/Hub/Editor/6000.5.8f1/Editor/Data/MonoBleedingEdge/lib/mono/unityjit-win32'
Mono config path = 'C:/Program Files/Unity/Hub/Editor/6000.5.8f1/Editor/Data/MonoBleedingEdge/etc'
Using monoOptions --debugger-agent=transport=dt_socket,embedding=1,server=y,suspend=n,address=127.0.0.1:56068
CodeReloadManager initialized
ImportWorker Server TCP listen port: 0
AcceleratorClientConnectionCallback - disconnected - :0
Begin MonoManager ReloadAssembly
Registering precompiled unity dll's ...
Register platform support module: C:/Program Files/Unity/Hub/Editor/6000.5.8f1/Editor/Data/PlaybackEngines/WebGLSupport/UnityEditor.WebGL.Extensions.dll
Register platform support module: C:/Program Files/Unity/Hub/Editor/6000.5.8f1/Editor/Data/PlaybackEngines/WindowsStandaloneSupport/UnityEditor.WindowsStandalone.Extensions.dll
Register platform support module: C:/Program Files/Unity/Hub/Editor/6000.5.8f1/Editor/Data/PlaybackEngines/LinuxStandaloneSupport/UnityEditor.LinuxStandalone.Extensions.dll
Registered in 0.003633 seconds.
Native extension for LinuxStandalone target not found
Native extension for WindowsStandalone target not found
Native extension for WebGL target not found
Package Manager log level set to [2]
[Licensing::Client] Successfully resolved entitlement details
ScheduleIndexationOnStartup MainProcess:False IndexOnStartup:False
Mono: successfully reloaded assembly
- Finished resetting the current domain, in  4.240 seconds
Domain Reload Profiling: 4956ms
	BeginReloadAssembly (180ms)
		CreateAndSetChildDomain (7ms)
	RebuildCommonClasses (7ms)
	RebuildNativeTypeToScriptingClass (24ms)
	initialDomainReloadingComplete (94ms)
	LoadAllAssembliesAndSetupDomain (410ms)
		LoadAssemblies (169ms)
		AnalyzeDomain (292ms)
			TypeCache.Refresh (290ms)
				TypeCache.ScanAssembly (272ms)
	FinalizeReload (4242ms)
		SetupLoadedEditorAssemblies (0ms)
			InitializePlatformSupportModulesInManaged (55ms)
			BeforeProcessingInitializeOnLoad (132ms)
			ProcessInitializeOnLoadAttributes (142ms)
			ProcessInitializeOnLoadMethodAttributes (3819ms)
[Licensing::Client] Successfully resolved entitlement details
Application.AssetDatabase Initial Refresh Start
[Package Manager] Restoring resolved packages state from cache
[Licensing::Client] Successfully resolved entitlement details
[Package Manager] Registered 64 packages:
  Packages from [https://packages.unity.com]:
    com.unity.cloud.gltfast@6.14.1 (location: C:\Users\matth\Documents\Codex\work\tump-feedback-0930\Library\PackageCache\com.unity.cloud.gltfast@0847aee0f6da)
    com.unity.inputsystem@1.20.0 (location: C:\Users\matth\Documents\Codex\work\tump-feedback-0930\Library\PackageCache\com.unity.inputsystem@7a4e1a2a8194)
    com.unity.netcode.gameobjects@2.13.1 (location: C:\Users\matth\Documents\Codex\work\tump-feedback-0930\Library\PackageCache\com.unity.netcode.gameobjects@d43d28498f17)
    com.unity.services.core@1.18.0 (location: C:\Users\matth\Documents\Codex\work\tump-feedback-0930\Library\PackageCache\com.unity.services.core@3464cb68d709)
    com.unity.services.authentication@3.7.4 (location: C:\Users\matth\Documents\Codex\work\tump-feedback-0930\Library\PackageCache\com.unity.services.authentication@39eab783227c)
    com.unity.services.multiplayer@2.3.0 (location: C:\Users\matth\Documents\Codex\work\tump-feedback-0930\Library\PackageCache\com.unity.services.multiplayer@17f5d8518517)
    com.unity.pipeline@0.6.0-exp.1 (location: C:\Users\matth\Documents\Codex\work\tump-feedback-0930\Library\PackageCache\com.unity.pipeline@9bb4172c603c)
    com.unity.nuget.mono-cecil@1.11.6 (location: C:\Users\matth\Documents\Codex\work\tump-feedback-0930\Library\PackageCache\com.unity.nuget.mono-cecil@ecb9724e46ff)
    com.unity.nuget.newtonsoft-json@3.2.2 (location: C:\Users\matth\Documents\Codex\work\tump-feedback-0930\Library\PackageCache\com.unity.nuget.newtonsoft-json@4dfd81071c64)
    com.unity.services.qos@1.4.1 (location: C:\Users\matth\Documents\Codex\work\tump-feedback-0930\Library\PackageCache\com.unity.services.qos@03d4b52d4980)
    com.unity.services.wire@1.4.4 (location: C:\Users\matth\Documents\Codex\work\tump-feedback-0930\Library\PackageCache\com.unity.services.wire@aba8a6fb1fe2)
    com.unity.services.deployment@1.7.2 (location: C:\Users\matth\Documents\Codex\work\tump-feedback-0930\Library\PackageCache\com.unity.services.deployment@c07c64f9804b)
    com.unity.burst@1.8.30 (location: C:\Users\matth\Documents\Codex\work\tump-feedback-0930\Library\PackageCache\com.unity.burst@2f3d916873ea)
    com.unity.services.deployment.api@1.1.3 (location: C:\Users\matth\Documents\Codex\work\tump-feedback-0930\Library\PackageCache\com.unity.services.deployment.api@9becf6da0f1a)
    com.unity.test-framework.performance@3.5.0 (location: C:\Users\matth\Documents\Codex\work\tump-feedback-0930\Library\PackageCache\com.unity.test-framework.performance@8b56083ec0f0)
    com.unity.searcher@4.9.5 (location: C:\Users\matth\Documents\Codex\work\tump-feedback-0930\Library\PackageCache\com.unity.searcher@a463122f2c00)
  Built-in packages:
    com.unity.render-pipelines.universal@17.5.0 (location: C:\Users\matth\Documents\Codex\work\tump-feedback-0930\Library\PackageCache\com.unity.render-pipelines.universal@73b4c4ff130e)
    com.unity.test-framework@1.7.0 (location: C:\Users\matth\Documents\Codex\work\tump-feedback-0930\Library\PackageCache\com.unity.test-framework@1405238725ab)
    com.unity.ugui@2.5.0 (location: C:\Users\matth\Documents\Codex\work\tump-feedback-0930\Library\PackageCache\com.unity.ugui@1c4864518158)
    com.unity.multiplayer.center@1.0.1 (location: C:\Users\matth\Documents\Codex\work\tump-feedback-0930\Library\PackageCache\com.unity.multiplayer.center@b860850997d0)
    com.unity.modules.accessibility@1.0.0 (location: C:\Users\matth\Documents\Codex\work\tump-feedback-0930\Library\PackageCache\com.unity.modules.accessibility)
    com.unity.modules.adaptiveperformance@1.0.0 (location: C:\Users\matth\Documents\Codex\work\tump-feedback-0930\Library\PackageCache\com.unity.modules.adaptiveperformance)
    com.unity.modules.ai@1.0.0 (location: C:\Users\matth\Documents\Codex\work\tump-feedback-0930\Library\PackageCache\com.unity.modules.ai)
    com.unity.modules.androidjni@1.0.0 (location: C:\Users\matth\Documents\Codex\work\tump-feedback-0930\Library\PackageCache\com.unity.modules.androidjni)
    com.unity.modules.animation@1.0.0 (location: C:\Users\matth\Documents\Codex\work\tump-feedback-0930\Library\PackageCache\com.unity.modules.animation)
    com.unity.modules.assetbundle@1.0.0 (location: C:\Users\matth\Documents\Codex\work\tump-feedback-0930\Library\PackageCache\com.unity.modules.assetbundle)
    com.unity.modules.audio@1.0.0 (location: C:\Users\matth\Documents\Codex\work\tump-feedback-0930\Library\PackageCache\com.unity.modules.audio)
    com.unity.modules.cloth@1.0.0 (location: C:\Users\matth\Documents\Codex\work\tump-feedback-0930\Library\PackageCache\com.unity.modules.cloth)
    com.unity.modules.director@1.0.0 (location: C:\Users\matth\Documents\Codex\work\tump-feedback-0930\Library\PackageCache\com.unity.modules.director)
    com.unity.modules.imageconversion@1.0.0 (location: C:\Users\matth\Documents\Codex\work\tump-feedback-0930\Library\PackageCache\com.unity.modules.imageconversion)
    com.unity.modules.imgui@1.0.0 (location: C:\Users\matth\Documents\Codex\work\tump-feedback-0930\Library\PackageCache\com.unity.modules.imgui)
    com.unity.modules.jsonserialize@1.0.0 (location: C:\Users\matth\Documents\Codex\work\tump-feedback-0930\Library\PackageCache\com.unity.modules.jsonserialize)
    com.unity.modules.particlesystem@1.0.0 (location: C:\Users\matth\Documents\Codex\work\tump-feedback-0930\Library\PackageCache\com.unity.modules.particlesystem)
    com.unity.modules.physics@1.0.0 (location: C:\Users\matth\Documents\Codex\work\tump-feedback-0930\Library\PackageCache\com.unity.modules.physics)
    com.unity.modules.physics2d@1.0.0 (location: C:\Users\matth\Documents\Codex\work\tump-feedback-0930\Library\PackageCache\com.unity.modules.physics2d)
    com.unity.modules.physicscore2d@1.0.0 (location: C:\Users\matth\Documents\Codex\work\tump-feedback-0930\Library\PackageCache\com.unity.modules.physicscore2d)
    com.unity.modules.screencapture@1.0.0 (location: C:\Users\matth\Documents\Codex\work\tump-feedback-0930\Library\PackageCache\com.unity.modules.screencapture)
    com.unity.modules.terrain@1.0.0 (location: C:\Users\matth\Documents\Codex\work\tump-feedback-0930\Library\PackageCache\com.unity.modules.terrain)
    com.unity.modules.terrainphysics@1.0.0 (location: C:\Users\matth\Documents\Codex\work\tump-feedback-0930\Library\PackageCache\com.unity.modules.terrainphysics)
    com.unity.modules.tilemap@1.0.0 (location: C:\Users\matth\Documents\Codex\work\tump-feedback-0930\Library\PackageCache\com.unity.modules.tilemap)
    com.unity.modules.ui@1.0.0 (location: C:\Users\matth\Documents\Codex\work\tump-feedback-0930\Library\PackageCache\com.unity.modules.ui)
    com.unity.modules.uielements@1.0.0 (location: C:\Users\matth\Documents\Codex\work\tump-feedback-0930\Library\PackageCache\com.unity.modules.uielements)
    com.unity.modules.umbra@1.0.0 (location: C:\Users\matth\Documents\Codex\work\tump-feedback-0930\Library\PackageCache\com.unity.modules.umbra)
    com.unity.modules.unityanalytics@1.0.0 (location: C:\Users\matth\Documents\Codex\work\tump-feedback-0930\Library\PackageCache\com.unity.modules.unityanalytics)
    com.unity.modules.unitywebrequest@1.0.0 (location: C:\Users\matth\Documents\Codex\work\tump-feedback-0930\Library\PackageCache\com.unity.modules.unitywebrequest)
    com.unity.modules.unitywebrequestassetbundle@1.0.0 (location: C:\Users\matth\Documents\Codex\work\tump-feedback-0930\Library\PackageCache\com.unity.modules.unitywebrequestassetbundle)
    com.unity.modules.unitywebrequestaudio@1.0.0 (location: C:\Users\matth\Documents\Codex\work\tump-feedback-0930\Library\PackageCache\com.unity.modules.unitywebrequestaudio)
    com.unity.modules.unitywebrequesttexture@1.0.0 (location: C:\Users\matth\Documents\Codex\work\tump-feedback-0930\Library\PackageCache\com.unity.modules.unitywebrequesttexture)
    com.unity.modules.unitywebrequestwww@1.0.0 (location: C:\Users\matth\Documents\Codex\work\tump-feedback-0930\Library\PackageCache\com.unity.modules.unitywebrequestwww)
    com.unity.modules.vectorgraphics@1.0.0 (location: C:\Users\matth\Documents\Codex\work\tump-feedback-0930\Library\PackageCache\com.unity.modules.vectorgraphics)
    com.unity.modules.vehicles@1.0.0 (location: C:\Users\matth\Documents\Codex\work\tump-feedback-0930\Library\PackageCache\com.unity.modules.vehicles)
    com.unity.modules.video@1.0.0 (location: C:\Users\matth\Documents\Codex\work\tump-feedback-0930\Library\PackageCache\com.unity.modules.video)
    com.unity.modules.wind@1.0.0 (location: C:\Users\matth\Documents\Codex\work\tump-feedback-0930\Library\PackageCache\com.unity.modules.wind)
    com.unity.modules.xr@1.0.0 (location: C:\Users\matth\Documents\Codex\work\tump-feedback-0930\Library\PackageCache\com.unity.modules.xr)
    com.unity.modules.subsystems@1.0.0 (location: C:\Users\matth\Documents\Codex\work\tump-feedback-0930\Library\PackageCache\com.unity.modules.subsystems)
    com.unity.modules.hierarchycore@1.0.0 (location: C:\Users\matth\Documents\Codex\work\tump-feedback-0930\Library\PackageCache\com.unity.modules.hierarchycore)
    com.unity.collections@6.5.0 (location: C:\Users\matth\Documents\Codex\work\tump-feedback-0930\Library\PackageCache\com.unity.collections@ec2c217e4cb2)
    com.unity.ext.nunit@2.1.0 (location: C:\Users\matth\Documents\Codex\work\tump-feedback-0930\Library\PackageCache\com.unity.ext.nunit@44f7d31723bd)
    com.unity.render-pipelines.core@17.5.0 (location: C:\Users\matth\Documents\Codex\work\tump-feedback-0930\Library\PackageCache\com.unity.render-pipelines.core@a4c9a9793789)
    com.unity.shadergraph@17.5.0 (location: C:\Users\matth\Documents\Codex\work\tump-feedback-0930\Library\PackageCache\com.unity.shadergraph@8d7376ec43ee)
    com.unity.render-pipelines.universal-config@17.5.0 (location: C:\Users\matth\Documents\Codex\work\tump-feedback-0930\Library\PackageCache\com.unity.render-pipelines.universal-config@fdda01c80fe3)
    com.unity.mathematics@1.4.0 (location: C:\Users\matth\Documents\Codex\work\tump-feedback-0930\Library\PackageCache\com.unity.mathematics@981956d94fb6)
  Embedded packages:
    com.tumbangpreso.core@file:C:\Users\matth\Documents\Codex\work\tump-feedback-0930\Packages\com.tumbangpreso.core (location: C:\Users\matth\Documents\Codex\work\tump-feedback-0930\Packages\com.tumbangpreso.core)
    com.unity.transport@file:C:\Users\matth\Documents\Codex\work\tump-feedback-0930\Packages\com.unity.transport (location: C:\Users\matth\Documents\Codex\work\tump-feedback-0930\Packages\com.unity.transport)
[Subsystems] No new subsystems found in resolved package list.
[Package Manager] Done registering packages in 0.02 seconds
[ScriptCompilation] Requested script compilation because: AssetDatabase observed changes in script compilation related files
Starting: C:\Program Files\Unity\Hub\Editor\6000.5.8f1\Editor\Data\Tools\BuildPipeline\bee_backend.exe --ipc --defer-dag-verification --dagfile="Library/Bee/1900b0aE.dag" --continue-on-failure --profile="Library/Bee/backend1.traceevents" ScriptAssemblies
WorkingDir: C:/Users/matth/Documents/Codex/work/tump-feedback-0930
DisplayProgressbar: Compiling Scripts
Starting: C:\Program Files\Unity\Hub\Editor\6000.5.8f1\Editor\Data\netcorerun\netcorerun.exe "C:\Program Files\Unity\Hub\Editor\6000.5.8f1\Editor\Data\Tools\BuildPipeline\ScriptCompilationBuildProgram.exe" "Library/Bee/1900b0aE.dag.json" "Library/Bee/1900b0aE-inputdata.json" "Library\Bee\buildprogram0.traceevents"
WorkingDir: C:/Users/matth/Documents/Codex/work/tump-feedback-0930
ExitCode: 4 Duration: 8s222ms
Rebuilding DAG because FileSignature timestamp changed: Library/Bee/1900b0aE-inputdata.json
[ 947/1243  0s] ILPP-Configuration Library/ilpp-configuration.nevergeneratedoutput
[BUSY       6s] Csc Library/Bee/artifacts/1900b0aE.dag/TumbangPreso.Runtime.dll (+2 others)
*** Tundra requires additional run (8.17 seconds), 2 items updated, 946 evaluated
ExitCode: 0 Duration: 1s891ms
Starting: C:\Program Files\Unity\Hub\Editor\6000.5.8f1\Editor\Data\Tools\BuildPipeline\bee_backend.exe --ipc --defer-dag-verification --dagfile="Library/Bee/1900b0aE.dag" --continue-on-failure --dagfilejson="Library\Bee\1900b0aE.dag.json" --profile="Library/Bee/backend2.traceevents" ScriptAssemblies
WorkingDir: C:/Users/matth/Documents/Codex/work/tump-feedback-0930
ExitCode: 3 Duration: 6s658ms
Finished compiling graph: 1247 nodes, 25389 flattened edges (20543 ToBuild, 206 ToUse), maximum node priority 1533
[ 670/1243  0s] WriteText Library/Bee/artifacts/1900b0aE.dag/TumbangPreso.PlayTests.rsp
[ 947/1243  0s] ILPP-Configuration Library/ilpp-configuration.nevergeneratedoutput
[1227/1243  5s] Csc Library/Bee/artifacts/1900b0aE.dag/TumbangPreso.Runtime.dll (+2 others)
##### CommandLine
"C:\Program Files\Unity\Hub\Editor\6000.5.8f1\Editor\Data\DotNetSdk\dotnet.exe" exec "C:/Program Files/Unity/Hub/Editor/6000.5.8f1/Editor/Data/DotNetSdk/sdk/8.0.318/Roslyn/bincore/csc.dll" /nostdlib /noconfig /shared "@Library/Bee/artifacts/1900b0aE.dag/TumbangPreso.Runtime.rsp" "@Library/Bee/artifacts/1900b0aE.dag/TumbangPreso.Runtime.rsp2"
##### Contents of Library\Bee\artifacts\1900b0aE.dag\TumbangPreso.Runtime.rsp
-target:library
-out:"Library/Bee/artifacts/1900b0aE.dag/TumbangPreso.Runtime.dll"
-refout:"Library/Bee/artifacts/1900b0aE.dag/TumbangPreso.Runtime.ref.dll"
-define:UNITY_6000_5_8
-define:UNITY_6000_5
-define:UNITY_6000
-define:UNITY_5_3_OR_NEWER
-define:UNITY_5_4_OR_NEWER
-define:UNITY_5_5_OR_NEWER
-define:UNITY_5_6_OR_NEWER
-define:UNITY_2017_1_OR_NEWER
-define:UNITY_2017_2_OR_NEWER
-define:UNITY_2017_3_OR_NEWER
-define:UNITY_2017_4_OR_NEWER
-define:UNITY_2018_1_OR_NEWER
-define:UNITY_2018_2_OR_NEWER
-define:UNITY_2018_3_OR_NEWER
-define:UNITY_2018_4_OR_NEWER
-define:UNITY_2019_1_OR_NEWER
-define:UNITY_2019_2_OR_NEWER
-define:UNITY_2019_3_OR_NEWER
-define:UNITY_2019_4_OR_NEWER
-define:UNITY_2020_1_OR_NEWER
-define:UNITY_2020_2_OR_NEWER
-define:UNITY_2020_3_OR_NEWER
-define:UNITY_2021_1_OR_NEWER
-define:UNITY_2021_2_OR_NEWER
-define:UNITY_2021_3_OR_NEWER
-define:UNITY_2022_1_OR_NEWER
-define:UNITY_2022_2_OR_NEWER
-define:UNITY_2022_3_OR_NEWER
-define:UNITY_2023_1_OR_NEWER
-define:UNITY_2023_2_OR_NEWER
-define:UNITY_2023_3_OR_NEWER
-define:UNITY_6000_0_OR_NEWER
-define:UNITY_6000_1_OR_NEWER
-define:UNITY_6000_2_OR_NEWER
-define:UNITY_6000_3_OR_NEWER
-define:UNITY_6000_4_OR_NEWER
-define:UNITY_6000_5_OR_NEWER
-define:PLATFORM_ARCH_64
-define:UNITY_64
-define:UNITY_INCLUDE_TESTS
-define:ENABLE_AR
-define:ENABLE_AUDIO
-define:ENABLE_AUDIO_SCRIPTABLE_PIPELINE
-define:ENABLE_CACHING
-define:ENABLE_CLOTH
-define:ENABLE_EVENT_QUEUE
-define:ENABLE_MICROPHONE
-define:ENABLE_MULTIPLE_DISPLAYS
-define:ENABLE_PHYSICS
-define:ENABLE_TEXTURE_STREAMING
-define:ENABLE_VIRTUALTEXTURING
-define:ENABLE_LZMA
-define:ENABLE_UNITYEVENTS
-define:ENABLE_VR
-define:ENABLE_WEBCAM
-define:ENABLE_UNITYWEBREQUEST
-define:ENABLE_WWW
-define:ENABLE_CLOUD_SERVICES
-define:ENABLE_CLOUD_SERVICES_ADS
-define:ENABLE_CLOUD_SERVICES_USE_WEBREQUEST
-define:ENABLE_UNITY_CONSENT
-define:ENABLE_UNITY_CLOUD_IDENTIFIERS
-define:ENABLE_CLOUD_SERVICES_CRASH_REPORTING
-define:ENABLE_CLOUD_SERVICES_NATIVE_CRASH_REPORTING
-define:ENABLE_CLOUD_SERVICES_PURCHASING
-define:ENABLE_CLOUD_SERVICES_ANALYTICS
-define:ENABLE_CLOUD_SERVICES_BUILD
-define:ENABLE_EDITOR_GAME_SERVICES
-define:ENABLE_UNITY_GAME_SERVICES_ANALYTICS_SUPPORT
-define:ENABLE_CLOUD_LICENSE
-define:ENABLE_EDITOR_HUB_LICENSE
-define:ENABLE_WEBSOCKET_CLIENT
-define:ENABLE_GENERATE_NATIVE_PLUGINS_FOR_ASSEMBLIES_API
-define:ENABLE_DIRECTOR_AUDIO
-define:ENABLE_DIRECTOR_TEXTURE
-define:ENABLE_MANAGED_JOBS
-define:ENABLE_MANAGED_TRANSFORM_JOBS
-define:ENABLE_MANAGED_ANIMATION_JOBS
-define:ENABLE_MANAGED_AUDIO_JOBS
-define:ENABLE_MANAGED_UNITYTLS
-define:INCLUDE_DYNAMIC_GI
-define:ENABLE_SCRIPTING_GC_WBARRIERS
-define:PLATFORM_SUPPORTS_MONO
-define:RENDER_SOFTWARE_CURSOR
-define:ENABLE_MARSHALLING_TESTS
-define:ENABLE_VIDEO
-define:ENABLE_NAVIGATION_OFFMESHLINK_TO_NAVMESHLINK
-define:ENABLE_ACCELERATOR_CLIENT_DEBUGGING
-define:ENABLE_ACCESSIBILITY_SCREEN_READER
-define:TEXTCORE_1_0_OR_NEWER
-define:EDITOR_ONLY_NAVMESH_BUILDER_DEPRECATED
-define:PLATFORM_STANDALONE_WIN
-define:PLATFORM_STANDALONE
-define:UNITY_STANDALONE_WIN
-define:UNITY_STANDALONE
-define:ENABLE_RUNTIME_GI
-define:ENABLE_MOVIES
-define:ENABLE_NETWORK
-define:ENABLE_NVIDIA
-define:ENABLE_AMD
-define:ENABLE_CRUNCH_TEXTURE_COMPRESSION
-define:ENABLE_CLOUD_SERVICES_ENGINE_DIAGNOSTICS
-define:ENABLE_OUT_OF_PROCESS_CRASH_HANDLER
-define:ENABLE_CLUSTER_SYNC
-define:ENABLE_CLUSTERINPUT
-define:PLATFORM_UPDATES_TIME_OUTSIDE_OF_PLAYER_LOOP
-define:GFXDEVICE_WAITFOREVENT_MESSAGEPUMP
-define:PLATFORM_USES_EXPLICIT_MEMORY_MANAGER_INITIALIZER
-define:PLATFORM_SUPPORTS_WAIT_FOR_PRESENTATION
-define:PLATFORM_SUPPORTS_SPLIT_GRAPHICS_JOBS
-define:PLATFORM_USES_VULKAN_OLD_SWAPCHAIN
-define:USE_READ_ASYNC_MANAGED_API
-define:ENABLE_MONO
-define:NET_STANDARD_2_0
-define:NET_STANDARD
-define:NET_STANDARD_2_1
-define:NETSTANDARD
-define:NETSTANDARD2_1
-define:ENABLE_PROFILER
-define:DEBUG
-define:TRACE
-define:UNITY_ASSERTIONS
-define:UNITY_EDITOR
-define:UNITY_EDITOR_64
-define:UNITY_EDITOR_WIN
-define:ENABLE_UNITY_COLLECTIONS_CHECKS
-define:ENABLE_BURST_AOT
-define:UNITY_TEAM_LICENSE
-define:ENABLE_CUSTOM_RENDER_TEXTURE
-define:ENABLE_DIRECTOR
-define:ENABLE_LOCALIZATION
-define:ENABLE_SPRITES
-define:ENABLE_TERRAIN
-define:ENABLE_TILEMAP
-define:ENABLE_TIMELINE
-define:ENABLE_INPUT_SYSTEM
-define:ENABLE_LEGACY_INPUT_MANAGER
-define:TEXTCORE_FONT_ENGINE_1_5_OR_NEWER
-define:TEXTCORE_TEXT_ENGINE_1_5_OR_NEWER
-define:TEXTCORE_FONT_ENGINE_1_6_OR_NEWER
-define:CSHARP_7_OR_LATER
-define:CSHARP_7_3_OR_NEWER
-r:"C:/Program Files/Unity/Hub/Editor/6000.5.8f1/Editor/Data/BCLExtensions/TargetingPacks/netstandard2.1/ref/Microsoft.Bcl.AsyncInterfaces.dll"
-r:"C:/Program Files/Unity/Hub/Editor/6000.5.8f1/Editor/Data/BCLExtensions/TargetingPacks/netstandard2.1/ref/Microsoft.Extensions.DependencyInjection.Abstractions.dll"
-r:"C:/Program Files/Unity/Hub/Editor/6000.5.8f1/Editor/Data/BCLExtensions/TargetingPacks/netstandard2.1/ref/Microsoft.Extensions.Logging.Abstractions.dll"
-r:"C:/Program Files/Unity/Hub/Editor/6000.5.8f1/Editor/Data/BCLExtensions/TargetingPacks/netstandard2.1/ref/System.Collections.Immutable.dll"
-r:"C:/Program Files/Unity/Hub/Editor/6000.5.8f1/Editor/Data/BCLExtensions/TargetingPacks/netstandard2.1/ref/System.Diagnostics.DiagnosticSource.dll"
-r:"C:/Program Files/Unity/Hub/Editor/6000.5.8f1/Editor/Data/BCLExtensions/TargetingPacks/netstandard2.1/ref/System.IO.Hashing.dll"
-r:"C:/Program Files/Unity/Hub/Editor/6000.5.8f1/Editor/Data/BCLExtensions/TargetingPacks/netstandard2.1/ref/System.Reflection.Metadata.dll"
-r:"C:/Program Files/Unity/Hub/Editor/6000.5.8f1/Editor/Data/BCLExtensions/TargetingPacks/netstandard2.1/ref/System.Runtime.CompilerServices.Unsafe.dll"
-r:"C:/Program Files/Unity/Hub/Editor/6000.5.8f1/Editor/Data/BCLExtensions/TargetingPacks/netstandard2.1/ref/System.Text.Encodings.Web.dll"
-r:"C:/Program Files/Unity/Hub/Editor/6000.5.8f1/Editor/Data/BCLExtensions/TargetingPacks/netstandard2.1/ref/System.Text.Json.dll"
-r:"C:/Program Files/Unity/Hub/Editor/6000.5.8f1/Editor/Data/Managed/UnityEditor.Graphs.dll"
-r:"C:/Program Files/Unity/Hub/Editor/6000.5.8f1/Editor/Data/Managed/UnityEngine/Unity.Scripting.dll"
-r:"C:/Program Files/Unity/Hub/Editor/6000.5.8f1/Editor/Data/Managed/UnityEngine/UnityEditor.AIModule.dll"
-r:"C:/Program Files/Unity/Hub/Editor/6000.5.8f1/Editor/Data/Managed/UnityEngine/UnityEditor.AccessibilityModule.dll"
-r:"C:/Program Files/Unity/Hub/Editor/6000.5.8f1/Editor/Data/Managed/UnityEngine/UnityEditor.AdaptivePerformanceModule.dll"
-r:"C:/Program Files/Unity/Hub/Editor/6000.5.8f1/Editor/Data/Managed/UnityEngine/UnityEditor.AssetComplianceModule.dll"
-r:"C:/Program Files/Unity/Hub/Editor/6000.5.8f1/Editor/Data/Managed/UnityEngine/UnityEditor.BuildProfileModule.dll"
-r:"C:/Program Files/Unity/Hub/Editor/6000.5.8f1/Editor/Data/Managed/UnityEngine/UnityEditor.ClothModule.dll"
-r:"C:/Program Files/Unity/Hub/Editor/6000.5.8f1/Editor/Data/Managed/UnityEngine/UnityEditor.ContentLoadModule.dll"
-r:"C:/Program Files/Unity/Hub/Editor/6000.5.8f1/Editor/Data/Managed/UnityEngine/UnityEditor.CoreBusinessMetricsModule.dll"
-r:"C:/Program Files/Unity/Hub/Editor/6000.5.8f1/Editor/Data/Managed/UnityEngine/UnityEditor.CoreModule.dll"
-r:"C:/Program Files/Unity/Hub/Editor/6000.5.8f1/Editor/Data/Managed/UnityEngine/UnityEditor.DeviceSimulatorModule.dll"
-r:"C:/Program Files/Unity/Hub/Editor/6000.5.8f1/Editor/Data/Managed/UnityEngine/UnityEditor.DiagnosticsModule.dll"
-r:"C:/Program Files/Unity/Hub/Editor/6000.5.8f1/Editor/Data/Managed/UnityEngine/UnityEditor.EditorToolbarModule.dll"
-r:"C:/Program Files/Unity/Hub/Editor/6000.5.8f1/Editor/Data/Managed/UnityEngine/UnityEditor.EmbreeModule.dll"
-r:"C:/Program Files/Unity/Hub/Editor/6000.5.8f1/Editor/Data/Managed/UnityEngine/UnityEditor.GIModule.dll"
-r:"C:/Program Files/Unity/Hub/Editor/6000.5.8f1/Editor/Data/Managed/UnityEngine/UnityEditor.GenericRemoteModule.dll"
-r:"C:/Program Files/Unity/Hub/Editor/6000.5.8f1/Editor/Data/Managed/UnityEngine/UnityEditor.GraphToolkitModule.dll"
-r:"C:/Program Files/Unity/Hub/Editor/6000.5.8f1/Editor/Data/Managed/UnityEngine/UnityEditor.GraphViewModule.dll"
-r:"C:/Program Files/Unity/Hub/Editor/6000.5.8f1/Editor/Data/Managed/UnityEngine/UnityEditor.GraphicsStateCollectionSerializerModule.dll"
-r:"C:/Program Files/Unity/Hub/Editor/6000.5.8f1/Editor/Data/Managed/UnityEngine/UnityEditor.GridAndSnapModule.dll"
-r:"C:/Program Files/Unity/Hub/Editor/6000.5.8f1/Editor/Data/Managed/UnityEngine/UnityEditor.GridModule.dll"
-r:"C:/Program Files/Unity/Hub/Editor/6000.5.8f1/Editor/Data/Managed/UnityEngine/UnityEditor.HierarchyModule.dll"
-r:"C:/Program Files/Unity/Hub/Editor/6000.5.8f1/Editor/Data/Managed/UnityEngine/UnityEditor.LightingModule.dll"
-r:"C:/Program Files/Unity/Hub/Editor/6000.5.8f1/Editor/Data/Managed/UnityEngine/UnityEditor.MathematicsModule.dll"
-r:"C:/Program Files/Unity/Hub/Editor/6000.5.8f1/Editor/Data/Managed/UnityEngine/UnityEditor.MediaModule.dll"
-r:"C:/Program Files/Unity/Hub/Editor/6000.5.8f1/Editor/Data/Managed/UnityEngine/UnityEditor.MultiplayerModule.dll"
-r:"C:/Program Files/Unity/Hub/Editor/6000.5.8f1/Editor/Data/Managed/UnityEngine/UnityEditor.Physics2DModule.dll"
-r:"C:/Program Files/Unity/Hub/Editor/6000.5.8f1/Editor/Data/Managed/UnityEngine/UnityEditor.PhysicsCore2DModule.dll"
-r:"C:/Program Files/Unity/Hub/Editor/6000.5.8f1/Editor/Data/Managed/UnityEngine/UnityEditor.PhysicsModule.dll"
-r:"C:/Program Files/Unity/Hub/Editor/6000.5.8f1/Editor/Data/Managed/UnityEngine/UnityEditor.PlayModeModule.dll"
-r:"C:/Program Files/Unity/Hub/Editor/6000.5.8f1/Editor/Data/Managed/UnityEngine/UnityEditor.PresetsUIModule.dll"
-r:"C:/Program Files/Unity/Hub/Editor/6000.5.8f1/Editor/Data/Managed/UnityEngine/UnityEditor.ProjectAuditorModule.dll"
-r:"C:/Program Files/Unity/Hub/Editor/6000.5.8f1/Editor/Data/Managed/UnityEngine/UnityEditor.PropertiesModule.dll"
-r:"C:/Program Files/Unity/Hub/Editor/6000.5.8f1/Editor/Data/Managed/UnityEngine/UnityEditor.QuickInstallModule.dll"
-r:"C:/Program Files/Unity/Hub/Editor/6000.5.8f1/Editor/Data/Managed/UnityEngine/UnityEditor.QuickSearchModule.dll"
-r:"C:/Program Files/Unity/Hub/Editor/6000.5.8f1/Editor/Data/Managed/UnityEngine/UnityEditor.SafeModeModule.dll"
-r:"C:/Program Files/Unity/Hub/Editor/6000.5.8f1/Editor/Data/Managed/UnityEngine/UnityEditor.SceneTemplateModule.dll"
-r:"C:/Program Files/Unity/Hub/Editor/6000.5.8f1/Editor/Data/Managed/UnityEngine/UnityEditor.SceneViewModule.dll"
-r:"C:/Program Files/Unity/Hub/Editor/6000.5.8f1/Editor/Data/Managed/UnityEngine/UnityEditor.ShaderBuildSettingsModule.dll"
-r:"C:/Program Files/Unity/Hub/Editor/6000.5.8f1/Editor/Data/Managed/UnityEngine/UnityEditor.ShaderCompilationModule.dll"
-r:"C:/Program Files/Unity/Hub/Editor/6000.5.8f1/Editor/Data/Managed/UnityEngine/UnityEditor.ShaderFoundryModule.dll"
-r:"C:/Program Files/Unity/Hub/Editor/6000.5.8f1/Editor/Data/Managed/UnityEngine/UnityEditor.SketchUpModule.dll"
-r:"C:/Program Files/Unity/Hub/Editor/6000.5.8f1/Editor/Data/Managed/UnityEngine/UnityEditor.SpriteMaskModule.dll"
-r:"C:/Program Files/Unity/Hub/Editor/6000.5.8f1/Editor/Data/Managed/UnityEngine/UnityEditor.SpriteShapeModule.dll"
-r:"C:/Program Files/Unity/Hub/Editor/6000.5.8f1/Editor/Data/Managed/UnityEngine/UnityEditor.SubstanceModule.dll"
-r:"C:/Program Files/Unity/Hub/Editor/6000.5.8f1/Editor/Data/Managed/UnityEngine/UnityEditor.TerrainModule.dll"
-r:"C:/Program Files/Unity/Hub/Editor/6000.5.8f1/Editor/Data/Managed/UnityEngine/UnityEditor.TextCoreFontEngineModule.dll"
-r:"C:/Program Files/Unity/Hub/Editor/6000.5.8f1/Editor/Data/Managed/UnityEngine/UnityEditor.TextCoreTextEngineModule.dll"
-r:"C:/Program Files/Unity/Hub/Editor/6000.5.8f1/Editor/Data/Managed/UnityEngine/UnityEditor.TextRenderingModule.dll"
-r:"C:/Program Files/Unity/Hub/Editor/6000.5.8f1/Editor/Data/Managed/UnityEngine/UnityEditor.TilemapModule.dll"
-r:"C:/Program Files/Unity/Hub/Editor/6000.5.8f1/Editor/Data/Managed/UnityEngine/UnityEditor.TreeModule.dll"
-r:"C:/Program Files/Unity/Hub/Editor/6000.5.8f1/Editor/Data/Managed/UnityEngine/UnityEditor.U2DModule.dll"
-r:"C:/Program Files/Unity/Hub/Editor/6000.5.8f1/Editor/Data/Managed/UnityEngine/UnityEditor.UIAutomationModule.dll"
-r:"C:/Program Files/Unity/Hub/Editor/6000.5.8f1/Editor/Data/Managed/UnityEngine/UnityEditor.UIBuilderModule.dll"
-r:"C:/Program Files/Unity/Hub/Editor/6000.5.8f1/Editor/Data/Managed/UnityEngine/UnityEditor.UIElementsModule.dll"
-r:"C:/Program Files/Unity/Hub/Editor/6000.5.8f1/Editor/Data/Managed/UnityEngine/UnityEditor.UIElementsSamplesModule.dll"
-r:"C:/Program Files/Unity/Hub/Editor/6000.5.8f1/Editor/Data/Managed/UnityEngine/UnityEditor.UIToolkitAuthoringModule.dll"
-r:"C:/Program Files/Unity/Hub/Editor/6000.5.8f1/Editor/Data/Managed/UnityEngine/UnityEditor.UmbraModule.dll"
-r:"C:/Program Files/Unity/Hub/Editor/6000.5.8f1/Editor/Data/Managed/UnityEngine/UnityEditor.UnityConnectModule.dll"
-r:"C:/Program Files/Unity/Hub/Editor/6000.5.8f1/Editor/Data/Managed/UnityEngine/UnityEditor.VFXModule.dll"
-r:"C:/Program Files/Unity/Hub/Editor/6000.5.8f1/Editor/Data/Managed/UnityEngine/UnityEditor.VectorGraphicsModule.dll"
-r:"C:/Program Files/Unity/Hub/Editor/6000.5.8f1/Editor/Data/Managed/UnityEngine/UnityEditor.VideoModule.dll"
-r:"C:/Program Files/Unity/Hub/Editor/6000.5.8f1/Editor/Data/Managed/UnityEngine/UnityEditor.XRModule.dll"
-r:"C:/Program Files/Unity/Hub/Editor/6000.5.8f1/Editor/Data/Managed/UnityEngine/UnityEditor.dll"
-r:"C:/Program Files/Unity/Hub/Editor/6000.5.8f1/Editor/Data/Managed/UnityEngine/UnityEngine.AIModule.dll"
-r:"C:/Program Files/Unity/Hub/Editor/6000.5.8f1/Editor/Data/Managed/UnityEngine/UnityEngine.ARModule.dll"
-r:"C:/Program Files/Unity/Hub/Editor/6000.5.8f1/Editor/Data/Managed/UnityEngine/UnityEngine.AccessibilityModule.dll"
-r:"C:/Program Files/Unity/Hub/Editor/6000.5.8f1/Editor/Data/Managed/UnityEngine/UnityEngine.AdaptivePerformanceModule.dll"
-r:"C:/Program Files/Unity/Hub/Editor/6000.5.8f1/Editor/Data/Managed/UnityEngine/UnityEngine.AndroidJNIModule.dll"
-r:"C:/Program Files/Unity/Hub/Editor/6000.5.8f1/Editor/Data/Managed/UnityEngine/UnityEngine.AnimationModule.dll"
-r:"C:/Program Files/Unity/Hub/Editor/6000.5.8f1/Editor/Data/Managed/UnityEngine/UnityEngine.AssetBundleModule.dll"
-r:"C:/Program Files/Unity/Hub/Editor/6000.5.8f1/Editor/Data/Managed/UnityEngine/UnityEngine.AudioModule.dll"
-r:"C:/Program Files/Unity/Hub/Editor/6000.5.8f1/Editor/Data/Managed/UnityEngine/UnityEngine.ClothModule.dll"
-r:"C:/Program Files/Unity/Hub/Editor/6000.5.8f1/Editor/Data/Managed/UnityEngine/UnityEngine.ClusterInputModule.dll"
-r:"C:/Program Files/Unity/Hub/Editor/6000.5.8f1/Editor/Data/Managed/UnityEngine/UnityEngine.ClusterRendererModule.dll"
-r:"C:/Program Files/Unity/Hub/Editor/6000.5.8f1/Editor/Data/Managed/UnityEngine/UnityEngine.ContentLoadModule.dll"
-r:"C:/Program Files/Unity/Hub/Editor/6000.5.8f1/Editor/Data/Managed/UnityEngine/UnityEngine.CoreModule.dll"
-r:"C:/Program Files/Unity/Hub/Editor/6000.5.8f1/Editor/Data/Managed/UnityEngine/UnityEngine.CrashReportingModule.dll"
-r:"C:/Program Files/Unity/Hub/Editor/6000.5.8f1/Editor/Data/Managed/UnityEngine/UnityEngine.DSPGraphModule.dll"
-r:"C:/Program Files/Unity/Hub/Editor/6000.5.8f1/Editor/Data/Managed/UnityEngine/UnityEngine.DirectorModule.dll"
-r:"C:/Program Files/Unity/Hub/Editor/6000.5.8f1/Editor/Data/Managed/UnityEngine/UnityEngine.GIModule.dll"
-r:"C:/Program Files/Unity/Hub/Editor/6000.5.8f1/Editor/Data/Managed/UnityEngine/UnityEngine.GameCenterModule.dll"
-r:"C:/Program Files/Unity/Hub/Editor/6000.5.8f1/Editor/Data/Managed/UnityEngine/UnityEngine.GraphicsStateCollectionSerializerModule.dll"
-r:"C:/Program Files/Unity/Hub/Editor/6000.5.8f1/Editor/Data/Managed/UnityEngine/UnityEngine.GridModule.dll"
-r:"C:/Program Files/Unity/Hub/Editor/6000.5.8f1/Editor/Data/Managed/UnityEngine/UnityEngine.HierarchyCoreModule.dll"
-r:"C:/Program Files/Unity/Hub/Editor/6000.5.8f1/Editor/Data/Managed/UnityEngine/UnityEngine.HotReloadModule.dll"
-r:"C:/Program Files/Unity/Hub/Editor/6000.5.8f1/Editor/Data/Managed/UnityEngine/UnityEngine.IMGUIModule.dll"
-r:"C:/Program Files/Unity/Hub/Editor/6000.5.8f1/Editor/Data/Managed/UnityEngine/UnityEngine.IdentifiersModule.dll"
-r:"C:/Program Files/Unity/Hub/Editor/6000.5.8f1/Editor/Data/Managed/UnityEngine/UnityEngine.ImageConversionModule.dll"
-r:"C:/Program Files/Unity/Hub/Editor/6000.5.8f1/Editor/Data/Managed/UnityEngine/UnityEngine.InputForUIModule.dll"
-r:"C:/Program Files/Unity/Hub/Editor/6000.5.8f1/Editor/Data/Managed/UnityEngine/UnityEngine.InputLegacyModule.dll"
-r:"C:/Program Files/Unity/Hub/Editor/6000.5.8f1/Editor/Data/Managed/UnityEngine/UnityEngine.InputModule.dll"
-r:"C:/Program Files/Unity/Hub/Editor/6000.5.8f1/Editor/Data/Managed/UnityEngine/UnityEngine.InsightsModule.dll"
-r:"C:/Program Files/Unity/Hub/Editor/6000.5.8f1/Editor/Data/Managed/UnityEngine/UnityEngine.JSONSerializeModule.dll"
-r:"C:/Program Files/Unity/Hub/Editor/6000.5.8f1/Editor/Data/Managed/UnityEngine/UnityEngine.LocalizationModule.dll"
-r:"C:/Program Files/Unity/Hub/Editor/6000.5.8f1/Editor/Data/Managed/UnityEngine/UnityEngine.MarshallingModule.dll"
-r:"C:/Program Files/Unity/Hub/Editor/6000.5.8f1/Editor/Data/Managed/UnityEngine/UnityEngine.MathematicsModule.dll"
-r:"C:/Program Files/Unity/Hub/Editor/6000.5.8f1/Editor/Data/Managed/UnityEngine/UnityEngine.MultiplayerModule.dll"
-r:"C:/Program Files/Unity/Hub/Editor/6000.5.8f1/Editor/Data/Managed/UnityEngine/UnityEngine.ParticleSystemModule.dll"
-r:"C:/Program Files/Unity/Hub/Editor/6000.5.8f1/Editor/Data/Managed/UnityEngine/UnityEngine.PerformanceReportingModule.dll"
-r:"C:/Program Files/Unity/Hub/Editor/6000.5.8f1/Editor/Data/Managed/UnityEngine/UnityEngine.Physics2DModule.dll"
-r:"C:/Program Files/Unity/Hub/Editor/6000.5.8f1/Editor/Data/Managed/UnityEngine/UnityEngine.PhysicsBackendPhysXModule.dll"
-r:"C:/Program Files/Unity/Hub/Editor/6000.5.8f1/Editor/Data/Managed/UnityEngine/UnityEngine.PhysicsCore2DModule.dll"
-r:"C:/Program Files/Unity/Hub/Editor/6000.5.8f1/Editor/Data/Managed/UnityEngine/UnityEngine.PhysicsModule.dll"
-r:"C:/Program Files/Unity/Hub/Editor/6000.5.8f1/Editor/Data/Managed/UnityEngine/UnityEngine.PropertiesModule.dll"
-r:"C:/Program Files/Unity/Hub/Editor/6000.5.8f1/Editor/Data/Managed/UnityEngine/UnityEngine.RenderAs2DModule.dll"
-r:"C:/Program Files/Unity/Hub/Editor/6000.5.8f1/Editor/Data/Managed/UnityEngine/UnityEngine.RuntimeInitializeOnLoadManagerInitializerModule.dll"
-r:"C:/Program Files/Unity/Hub/Editor/6000.5.8f1/Editor/Data/Managed/UnityEngine/UnityEngine.ScreenCaptureModule.dll"
-r:"C:/Program Files/Unity/Hub/Editor/6000.5.8f1/Editor/Data/Managed/UnityEngine/UnityEngine.ScriptingModule.dll"
-r:"C:/Program Files/Unity/Hub/Editor/6000.5.8f1/Editor/Data/Managed/UnityEngine/UnityEngine.ShaderVariantAnalyticsModule.dll"
-r:"C:/Program Files/Unity/Hub/Editor/6000.5.8f1/Editor/Data/Managed/UnityEngine/UnityEngine.SharedInternalsModule.dll"
-r:"C:/Program Files/Unity/Hub/Editor/6000.5.8f1/Editor/Data/Managed/UnityEngine/UnityEngine.SpriteMaskModule.dll"
-r:"C:/Program Files/Unity/Hub/Editor/6000.5.8f1/Editor/Data/Managed/UnityEngine/UnityEngine.SpriteShapeModule.dll"
-r:"C:/Program Files/Unity/Hub/Editor/6000.5.8f1/Editor/Data/Managed/UnityEngine/UnityEngine.StreamingModule.dll"
-r:"C:/Program Files/Unity/Hub/Editor/6000.5.8f1/Editor/Data/Managed/UnityEngine/UnityEngine.SubstanceModule.dll"
-r:"C:/Program Files/Unity/Hub/Editor/6000.5.8f1/Editor/Data/Managed/UnityEngine/UnityEngine.SubsystemsModule.dll"
-r:"C:/Program Files/Unity/Hub/Editor/6000.5.8f1/Editor/Data/Managed/UnityEngine/UnityEngine.TLSModule.dll"
-r:"C:/Program Files/Unity/Hub/Editor/6000.5.8f1/Editor/Data/Managed/UnityEngine/UnityEngine.TerrainModule.dll"
-r:"C:/Program Files/Unity/Hub/Editor/6000.5.8f1/Editor/Data/Managed/UnityEngine/UnityEngine.TerrainPhysicsModule.dll"
-r:"C:/Program Files/Unity/Hub/Editor/6000.5.8f1/Editor/Data/Managed/UnityEngine/UnityEngine.TextCoreFontEngineModule.dll"
-r:"C:/Program Files/Unity/Hub/Editor/6000.5.8f1/Editor/Data/Managed/UnityEngine/UnityEngine.TextCoreTextEngineModule.dll"
-r:"C:/Program Files/Unity/Hub/Editor/6000.5.8f1/Editor/Data/Managed/UnityEngine/UnityEngine.TextRenderingModule.dll"
-r:"C:/Program Files/Unity/Hub/Editor/6000.5.8f1/Editor/Data/Managed/UnityEngine/UnityEngine.TilemapModule.dll"
-r:"C:/Program Files/Unity/Hub/Editor/6000.5.8f1/Editor/Data/Managed/UnityEngine/UnityEngine.U2DRuntimeModule.dll"
-r:"C:/Program Files/Unity/Hub/Editor/6000.5.8f1/Editor/Data/Managed/UnityEngine/UnityEngine.UIElementsModule.dll"
-r:"C:/Program Files/Unity/Hub/Editor/6000.5.8f1/Editor/Data/Managed/UnityEngine/UnityEngine.UIModule.dll"
-r:"C:/Program Files/Unity/Hub/Editor/6000.5.8f1/Editor/Data/Managed/UnityEngine/UnityEngine.UmbraModule.dll"
-r:"C:/Program Files/Unity/Hub/Editor/6000.5.8f1/Editor/Data/Managed/UnityEngine/UnityEngine.UnityAnalyticsCommonModule.dll"
-r:"C:/Program Files/Unity/Hub/Editor/6000.5.8f1/Editor/Data/Managed/UnityEngine/UnityEngine.UnityAnalyticsModule.dll"
-r:"C:/Program Files/Unity/Hub/Editor/6000.5.8f1/Editor/Data/Managed/UnityEngine/UnityEngine.UnityConnectModule.dll"
-r:"C:/Program Files/Unity/Hub/Editor/6000.5.8f1/Editor/Data/Managed/UnityEngine/UnityEngine.UnityConsentModule.dll"
-r:"C:/Program Files/Unity/Hub/Editor/6000.5.8f1/Editor/Data/Managed/UnityEngine/UnityEngine.UnityCurlModule.dll"
-r:"C:/Program Files/Unity/Hub/Editor/6000.5.8f1/Editor/Data/Managed/UnityEngine/UnityEngine.UnityWebRequestAssetBundleModule.dll"
-r:"C:/Program Files/Unity/Hub/Editor/6000.5.8f1/Editor/Data/Managed/UnityEngine/UnityEngine.UnityWebRequestAudioModule.dll"
-r:"C:/Program Files/Unity/Hub/Editor/6000.5.8f1/Editor/Data/Managed/UnityEngine/UnityEngine.UnityWebRequestModule.dll"
-r:"C:/Program Files/Unity/Hub/Editor/6000.5.8f1/Editor/Data/Managed/UnityEngine/UnityEngine.UnityWebRequestTextureModule.dll"
-r:"C:/Program Files/Unity/Hub/Editor/6000.5.8f1/Editor/Data/Managed/UnityEngine/UnityEngine.UnityWebRequestWWWModule.dll"
-r:"C:/Program Files/Unity/Hub/Editor/6000.5.8f1/Editor/Data/Managed/UnityEngine/UnityEngine.VFXModule.dll"
-r:"C:/Program Files/Unity/Hub/Editor/6000.5.8f1/Editor/Data/Managed/UnityEngine/UnityEngine.VectorGraphicsModule.dll"
-r:"C:/Program Files/Unity/Hub/Editor/6000.5.8f1/Editor/Data/Managed/UnityEngine/UnityEngine.VehiclesModule.dll"
-r:"C:/Program Files/Unity/Hub/Editor/6000.5.8f1/Editor/Data/Managed/UnityEngine/UnityEngine.VideoModule.dll"
-r:"C:/Program Files/Unity/Hub/Editor/6000.5.8f1/Editor/Data/Managed/UnityEngine/UnityEngine.VirtualTexturingModule.dll"
-r:"C:/Program Files/Unity/Hub/Editor/6000.5.8f1/Editor/Data/Managed/UnityEngine/UnityEngine.WindModule.dll"
-r:"C:/Program Files/Unity/Hub/Editor/6000.5.8f1/Editor/Data/Managed/UnityEngine/UnityEngine.XRModule.dll"
-r:"C:/Program Files/Unity/Hub/Editor/6000.5.8f1/Editor/Data/Managed/UnityEngine/UnityEngine.dll"
-r:"C:/Program Files/Unity/Hub/Editor/6000.5.8f1/Editor/Data/NetStandard/Extensions/2.0.0/System.Runtime.InteropServices.WindowsRuntime.dll"
-r:"C:/Program Files/Unity/Hub/Editor/6000.5.8f1/Editor/Data/NetStandard/compat/2.1.0/shims/netfx/System.ComponentModel.Composition.dll"
-r:"C:/Program Files/Unity/Hub/Editor/6000.5.8f1/Editor/Data/NetStandard/compat/2.1.0/shims/netfx/System.Core.dll"
-r:"C:/Program Files/Unity/Hub/Editor/6000.5.8f1/Editor/Data/NetStandard/compat/2.1.0/shims/netfx/System.Data.dll"
-r:"C:/Program Files/Unity/Hub/Editor/6000.5.8f1/Editor/Data/NetStandard/compat/2.1.0/shims/netfx/System.Drawing.dll"
-r:"C:/Program Files/Unity/Hub/Editor/6000.5.8f1/Editor/Data/NetStandard/compat/2.1.0/shims/netfx/System.IO.Compression.FileSystem.dll"
-r:"C:/Program Files/Unity/Hub/Editor/6000.5.8f1/Editor/Data/NetStandard/compat/2.1.0/shims/netfx/System.Net.dll"
-r:"C:/Program Files/Unity/Hub/Editor/6000.5.8f1/Editor/Data/NetStandard/compat/2.1.0/shims/netfx/System.Numerics.dll"
-r:"C:/Program Files/Unity/Hub/Editor/6000.5.8f1/Editor/Data/NetStandard/compat/2.1.0/shims/netfx/System.Runtime.Serialization.dll"
-r:"C:/Program Files/Unity/Hub/Editor/6000.5.8f1/Editor/Data/NetStandard/compat/2.1.0/shims/netfx/System.ServiceModel.Web.dll"
-r:"C:/Program Files/Unity/Hub/Editor/6000.5.8f1/Editor/Data/NetStandard/compat/2.1.0/shims/netfx/System.Transactions.dll"
-r:"C:/Program Files/Unity/Hub/Editor/6000.5.8f1/Editor/Data/NetStandard/compat/2.1.0/shims/netfx/System.Web.dll"
-r:"C:/Program Files/Unity/Hub/Editor/6000.5.8f1/Editor/Data/NetStandard/compat/2.1.0/shims/netfx/System.Windows.dll"
-r:"C:/Program Files/Unity/Hub/Editor/6000.5.8f1/Editor/Data/NetStandard/compat/2.1.0/shims/netfx/System.Xml.Linq.dll"
-r:"C:/Program Files/Unity/Hub/Editor/6000.5.8f1/Editor/Data/NetStandard/compat/2.1.0/shims/netfx/System.Xml.Serialization.dll"
-r:"C:/Program Files/Unity/Hub/Editor/6000.5.8f1/Editor/Data/NetStandard/compat/2.1.0/shims/netfx/System.Xml.dll"
-r:"C:/Program Files/Unity/Hub/Editor/6000.5.8f1/Editor/Data/NetStandard/compat/2.1.0/shims/netfx/System.dll"
-r:"C:/Program Files/Unity/Hub/Editor/6000.5.8f1/Editor/Data/NetStandard/compat/2.1.0/shims/netfx/mscorlib.dll"
-r:"C:/Program Files/Unity/Hub/Editor/6000.5.8f1/Editor/Data/NetStandard/compat/2.1.0/shims/netstandard/Microsoft.Win32.Primitives.dll"
-r:"C:/Program Files/Unity/Hub/Editor/6000.5.8f1/Editor/Data/NetStandard/compat/2.1.0/shims/netstandard/System.AppContext.dll"
-r:"C:/Program Files/Unity/Hub/Editor/6000.5.8f1/Editor/Data/NetStandard/compat/2.1.0/shims/netstandard/System.Buffers.dll"
-r:"C:/Program Files/Unity/Hub/Editor/6000.5.8f1/Editor/Data/NetStandard/compat/2.1.0/shims/netstandard/System.Collections.Concurrent.dll"
-r:"C:/Program Files/Unity/Hub/Editor/6000.5.8f1/Editor/Data/NetStandard/compat/2.1.0/shims/netstandard/System.Collections.NonGeneric.dll"
-r:"C:/Program Files/Unity/Hub/Editor/6000.5.8f1/Editor/Data/NetStandard/compat/2.1.0/shims/netstandard/System.Collections.Specialized.dll"
-r:"C:/Program Files/Unity/Hub/Editor/6000.5.8f1/Editor/Data/NetStandard/compat/2.1.0/shims/netstandard/System.Collections.dll"
-r:"C:/Program Files/Unity/Hub/Editor/6000.5.8f1/Editor/Data/NetStandard/compat/2.1.0/shims/netstandard/System.ComponentModel.EventBasedAsync.dll"
-r:"C:/Program Files/Unity/Hub/Editor/6000.5.8f1/Editor/Data/NetStandard/compat/2.1.0/shims/netstandard/System.ComponentModel.Primitives.dll"
-r:"C:/Program Files/Unity/Hub/Editor/6000.5.8f1/Editor/Data/NetStandard/compat/2.1.0/shims/netstandard/System.ComponentModel.TypeConverter.dll"
-r:"C:/Program Files/Unity/Hub/Editor/6000.5.8f1/Editor/Data/NetStandard/compat/2.1.0/shims/netstandard/System.ComponentModel.dll"
-r:"C:/Program Files/Unity/Hub/Editor/6000.5.8f1/Editor/Data/NetStandard/compat/2.1.0/shims/netstandard/System.Console.dll"
-r:"C:/Program Files/Unity/Hub/Editor/6000.5.8f1/Editor/Data/NetStandard/compat/2.1.0/shims/netstandard/System.Data.Common.dll"
-r:"C:/Program Files/Unity/Hub/Editor/6000.5.8f1/Editor/Data/NetStandard/compat/2.1.0/shims/netstandard/System.Diagnostics.Contracts.dll"
-r:"C:/Program Files/Unity/Hub/Editor/6000.5.8f1/Editor/Data/NetStandard/compat/2.1.0/shims/netstandard/System.Diagnostics.Debug.dll"
-r:"C:/Program Files/Unity/Hub/Editor/6000.5.8f1/Editor/Data/NetStandard/compat/2.1.0/shims/netstandard/System.Diagnostics.FileVersionInfo.dll"
-r:"C:/Program Files/Unity/Hub/Editor/6000.5.8f1/Editor/Data/NetStandard/compat/2.1.0/shims/netstandard/System.Diagnostics.Process.dll"
-r:"C:/Program Files/Unity/Hub/Editor/6000.5.8f1/Editor/Data/NetStandard/compat/2.1.0/shims/netstandard/System.Diagnostics.StackTrace.dll"
-r:"C:/Program Files/Unity/Hub/Editor/6000.5.8f1/Editor/Data/NetStandard/compat/2.1.0/shims/netstandard/System.Diagnostics.TextWriterTraceListener.dll"
-r:"C:/Program Files/Unity/Hub/Editor/6000.5.8f1/Editor/Data/NetStandard/compat/2.1.0/shims/netstandard/System.Diagnostics.Tools.dll"
-r:"C:/Program Files/Unity/Hub/Editor/6000.5.8f1/Editor/Data/NetStandard/compat/2.1.0/shims/netstandard/System.Diagnostics.TraceSource.dll"
-r:"C:/Program Files/Unity/Hub/Editor/6000.5.8f1/Editor/Data/NetStandard/compat/2.1.0/shims/netstandard/System.Diagnostics.Tracing.dll"
-r:"C:/Program Files/Unity/Hub/Editor/6000.5.8f1/Editor/Data/NetStandard/compat/2.1.0/shims/netstandard/System.Drawing.Primitives.dll"
-r:"C:/Program Files/Unity/Hub/Editor/6000.5.8f1/Editor/Data/NetStandard/compat/2.1.0/shims/netstandard/System.Dynamic.Runtime.dll"
-r:"C:/Program Files/Unity/Hub/Editor/6000.5.8f1/Editor/Data/NetStandard/compat/2.1.0/shims/netstandard/System.Globalization.Calendars.dll"
-r:"C:/Program Files/Unity/Hub/Editor/6000.5.8f1/Editor/Data/NetStandard/compat/2.1.0/shims/netstandard/System.Globalization.Extensions.dll"
-r:"C:/Program Files/Unity/Hub/Editor/6000.5.8f1/Editor/Data/NetStandard/compat/2.1.0/shims/netstandard/System.Globalization.dll"
-r:"C:/Program Files/Unity/Hub/Editor/6000.5.8f1/Editor/Data/NetStandard/compat/2.1.0/shims/netstandard/System.IO.Compression.ZipFile.dll"
-r:"C:/Program Files/Unity/Hub/Editor/6000.5.8f1/Editor/Data/NetStandard/compat/2.1.0/shims/netstandard/System.IO.Compression.dll"
-r:"C:/Program Files/Unity/Hub/Editor/6000.5.8f1/Editor/Data/NetStandard/compat/2.1.0/shims/netstandard/System.IO.FileSystem.DriveInfo.dll"
-r:"C:/Program Files/Unity/Hub/Editor/6000.5.8f1/Editor/Data/NetStandard/compat/2.1.0/shims/netstandard/System.IO.FileSystem.Primitives.dll"
-r:"C:/Program Files/Unity/Hub/Editor/6000.5.8f1/Editor/Data/NetStandard/compat/2.1.0/shims/netstandard/System.IO.FileSystem.Watcher.dll"
-r:"C:/Program Files/Unity/Hub/Editor/6000.5.8f1/Editor/Data/NetStandard/compat/2.1.0/shims/netstandard/System.IO.FileSystem.dll"
-r:"C:/Program Files/Unity/Hub/Editor/6000.5.8f1/Editor/Data/NetStandard/compat/2.1.0/shims/netstandard/System.IO.IsolatedStorage.dll"
-r:"C:/Program Files/Unity/Hub/Editor/6000.5.8f1/Editor/Data/NetStandard/compat/2.1.0/shims/netstandard/System.IO.MemoryMappedFiles.dll"
-r:"C:/Program Files/Unity/Hub/Editor/6000.5.8f1/Editor/Data/NetStandard/compat/2.1.0/shims/netstandard/System.IO.Pipes.dll"
-r:"C:/Program Files/Unity/Hub/Editor/6000.5.8f1/Editor/Data/NetStandard/compat/2.1.0/shims/netstandard/System.IO.UnmanagedMemoryStream.dll"
-r:"C:/Program Files/Unity/Hub/Editor/6000.5.8f1/Editor/Data/NetStandard/compat/2.1.0/shims/netstandard/System.IO.dll"
-r:"C:/Program Files/Unity/Hub/Editor/6000.5.8f1/Editor/Data/NetStandard/compat/2.1.0/shims/netstandard/System.Linq.Expressions.dll"
-r:"C:/Program Files/Unity/Hub/Editor/6000.5.8f1/Editor/Data/NetStandard/compat/2.1.0/shims/netstandard/System.Linq.Parallel.dll"
-r:"C:/Program Files/Unity/Hub/Editor/6000.5.8f1/Editor/Data/NetStandard/compat/2.1.0/shims/netstandard/System.Linq.Queryable.dll"
-r:"C:/Program Files/Unity/Hub/Editor/6000.5.8f1/Editor/Data/NetStandard/compat/2.1.0/shims/netstandard/System.Linq.dll"
-r:"C:/Program Files/Unity/Hub/Editor/6000.5.8f1/Editor/Data/NetStandard/compat/2.1.0/shims/netstandard/System.Memory.dll"
-r:"C:/Program Files/Unity/Hub/Editor/6000.5.8f1/Editor/Data/NetStandard/compat/2.1.0/shims/netstandard/System.Net.Http.dll"
-r:"C:/Program Files/Unity/Hub/Editor/6000.5.8f1/Editor/Data/NetStandard/compat/2.1.0/shims/netstandard/System.Net.NameResolution.dll"
-r:"C:/Program Files/Unity/Hub/Editor/6000.5.8f1/Editor/Data/NetStandard/compat/2.1.0/shims/netstandard/System.Net.NetworkInformation.dll"
-r:"C:/Program Files/Unity/Hub/Editor/6000.5.8f1/Editor/Data/NetStandard/compat/2.1.0/shims/netstandard/System.Net.Ping.dll"
-r:"C:/Program Files/Unity/Hub/Editor/6000.5.8f1/Editor/Data/NetStandard/compat/2.1.0/shims/netstandard/System.Net.Primitives.dll"
-r:"C:/Program Files/Unity/Hub/Editor/6000.5.8f1/Editor/Data/NetStandard/compat/2.1.0/shims/netstandard/System.Net.Requests.dll"
-r:"C:/Program Files/Unity/Hub/Editor/6000.5.8f1/Editor/Data/NetStandard/compat/2.1.0/shims/netstandard/System.Net.Security.dll"
-r:"C:/Program Files/Unity/Hub/Editor/6000.5.8f1/Editor/Data/NetStandard/compat/2.1.0/shims/netstandard/System.Net.Sockets.dll"
-r:"C:/Program Files/Unity/Hub/Editor/6000.5.8f1/Editor/Data/NetStandard/compat/2.1.0/shims/netstandard/System.Net.WebHeaderCollection.dll"
-r:"C:/Program Files/Unity/Hub/Editor/6000.5.8f1/Editor/Data/NetStandard/compat/2.1.0/shims/netstandard/System.Net.WebSockets.Client.dll"
-r:"C:/Program Files/Unity/Hub/Editor/6000.5.8f1/Editor/Data/NetStandard/compat/2.1.0/shims/netstandard/System.Net.WebSockets.dll"
-r:"C:/Program Files/Unity/Hub/Editor/6000.5.8f1/Editor/Data/NetStandard/compat/2.1.0/shims/netstandard/System.Numerics.Vectors.dll"
-r:"C:/Program Files/Unity/Hub/Editor/6000.5.8f1/Editor/Data/NetStandard/compat/2.1.0/shims/netstandard/System.ObjectModel.dll"
-r:"C:/Program Files/Unity/Hub/Editor/6000.5.8f1/Editor/Data/NetStandard/compat/2.1.0/shims/netstandard/System.Reflection.DispatchProxy.dll"
-r:"C:/Program Files/Unity/Hub/Editor/6000.5.8f1/Editor/Data/NetStandard/compat/2.1.0/shims/netstandard/System.Reflection.Emit.ILGeneration.dll"
-r:"C:/Program Files/Unity/Hub/Editor/6000.5.8f1/Editor/Data/NetStandard/compat/2.1.0/shims/netstandard/System.Reflection.Emit.Lightweight.dll"
-r:"C:/Program Files/Unity/Hub/Editor/6000.5.8f1/Editor/Data/NetStandard/compat/2.1.0/shims/netstandard/System.Reflection.Emit.dll"
-r:"C:/Program Files/Unity/Hub/Editor/6000.5.8f1/Editor/Data/NetStandard/compat/2.1.0/shims/netstandard/System.Reflection.Extensions.dll"
-r:"C:/Program Files/Unity/Hub/Editor/6000.5.8f1/Editor/Data/NetStandard/compat/2.1.0/shims/netstandard/System.Reflection.Primitives.dll"
-r:"C:/Program Files/Unity/Hub/Editor/6000.5.8f1/Editor/Data/NetStandard/compat/2.1.0/shims/netstandard/System.Reflection.dll"
-r:"C:/Program Files/Unity/Hub/Editor/6000.5.8f1/Editor/Data/NetStandard/compat/2.1.0/shims/netstandard/System.Resources.Reader.dll"
-r:"C:/Program Files/Unity/Hub/Editor/6000.5.8f1/Editor/Data/NetStandard/compat/2.1.0/shims/netstandard/System.Resources.ResourceManager.dll"
-r:"C:/Program Files/Unity/Hub/Editor/6000.5.8f1/Editor/Data/NetStandard/compat/2.1.0/shims/netstandard/System.Resources.Writer.dll"
-r:"C:/Program Files/Unity/Hub/Editor/6000.5.8f1/Editor/Data/NetStandard/compat/2.1.0/shims/netstandard/System.Runtime.CompilerServices.VisualC.dll"
-r:"C:/Program Files/Unity/Hub/Editor/6000.5.8f1/Editor/Data/NetStandard/compat/2.1.0/shims/netstandard/System.Runtime.Extensions.dll"
-r:"C:/Program Files/Unity/Hub/Editor/6000.5.8f1/Editor/Data/NetStandard/compat/2.1.0/shims/netstandard/System.Runtime.Handles.dll"
-r:"C:/Program Files/Unity/Hub/Editor/6000.5.8f1/Editor/Data/NetStandard/compat/2.1.0/shims/netstandard/System.Runtime.InteropServices.RuntimeInformation.dll"
-r:"C:/Program Files/Unity/Hub/Editor/6000.5.8f1/Editor/Data/NetStandard/compat/2.1.0/shims/netstandard/System.Runtime.InteropServices.dll"
-r:"C:/Program Files/Unity/Hub/Editor/6000.5.8f1/Editor/Data/NetStandard/compat/2.1.0/shims/netstandard/System.Runtime.Numerics.dll"
-r:"C:/Program Files/Unity/Hub/Editor/6000.5.8f1/Editor/Data/NetStandard/compat/2.1.0/shims/netstandard/System.Runtime.Serialization.Formatters.dll"
-r:"C:/Program Files/Unity/Hub/Editor/6000.5.8f1/Editor/Data/NetStandard/compat/2.1.0/shims/netstandard/System.Runtime.Serialization.Json.dll"
-r:"C:/Program Files/Unity/Hub/Editor/6000.5.8f1/Editor/Data/NetStandard/compat/2.1.0/shims/netstandard/System.Runtime.Serialization.Primitives.dll"
-r:"C:/Program Files/Unity/Hub/Editor/6000.5.8f1/Editor/Data/NetStandard/compat/2.1.0/shims/netstandard/System.Runtime.Serialization.Xml.dll"
-r:"C:/Program Files/Unity/Hub/Editor/6000.5.8f1/Editor/Data/NetStandard/compat/2.1.0/shims/netstandard/System.Runtime.dll"
-r:"C:/Program Files/Unity/Hub/Editor/6000.5.8f1/Editor/Data/NetStandard/compat/2.1.0/shims/netstandard/System.Security.Claims.dll"
-r:"C:/Program Files/Unity/Hub/Editor/6000.5.8f1/Editor/Data/NetStandard/compat/2.1.0/shims/netstandard/System.Security.Cryptography.Algorithms.dll"
-r:"C:/Program Files/Unity/Hub/Editor/6000.5.8f1/Editor/Data/NetStandard/compat/2.1.0/shims/netstandard/System.Security.Cryptography.Csp.dll"
-r:"C:/Program Files/Unity/Hub/Editor/6000.5.8f1/Editor/Data/NetStandard/compat/2.1.0/shims/netstandard/System.Security.Cryptography.Encoding.dll"
-r:"C:/Program Files/Unity/Hub/Editor/6000.5.8f1/Editor/Data/NetStandard/compat/2.1.0/shims/netstandard/System.Security.Cryptography.Primitives.dll"
-r:"C:/Program Files/Unity/Hub/Editor/6000.5.8f1/Editor/Data/NetStandard/compat/2.1.0/shims/netstandard/System.Security.Cryptography.X509Certificates.dll"
-r:"C:/Program Files/Unity/Hub/Editor/6000.5.8f1/Editor/Data/NetStandard/compat/2.1.0/shims/netstandard/System.Security.Principal.dll"
-r:"C:/Program Files/Unity/Hub/Editor/6000.5.8f1/Editor/Data/NetStandard/compat/2.1.0/shims/netstandard/System.Security.SecureString.dll"
-r:"C:/Program Files/Unity/Hub/Editor/6000.5.8f1/Editor/Data/NetStandard/compat/2.1.0/shims/netstandard/System.Text.Encoding.Extensions.dll"
-r:"C:/Program Files/Unity/Hub/Editor/6000.5.8f1/Editor/Data/NetStandard/compat/2.1.0/shims/netstandard/System.Text.Encoding.dll"
-r:"C:/Program Files/Unity/Hub/Editor/6000.5.8f1/Editor/Data/NetStandard/compat/2.1.0/shims/netstandard/System.Text.RegularExpressions.dll"
-r:"C:/Program Files/Unity/Hub/Editor/6000.5.8f1/Editor/Data/NetStandard/compat/2.1.0/shims/netstandard/System.Threading.Overlapped.dll"
-r:"C:/Program Files/Unity/Hub/Editor/6000.5.8f1/Editor/Data/NetStandard/compat/2.1.0/shims/netstandard/System.Threading.Tasks.Extensions.dll"
-r:"C:/Program Files/Unity/Hub/Editor/6000.5.8f1/Editor/Data/NetStandard/compat/2.1.0/shims/netstandard/System.Threading.Tasks.Parallel.dll"
-r:"C:/Program Files/Unity/Hub/Editor/6000.5.8f1/Editor/Data/NetStandard/compat/2.1.0/shims/netstandard/System.Threading.Tasks.dll"
-r:"C:/Program Files/Unity/Hub/Editor/6000.5.8f1/Editor/Data/NetStandard/compat/2.1.0/shims/netstandard/System.Threading.Thread.dll"
-r:"C:/Program Files/Unity/Hub/Editor/6000.5.8f1/Editor/Data/NetStandard/compat/2.1.0/shims/netstandard/System.Threading.ThreadPool.dll"
-r:"C:/Program Files/Unity/Hub/Editor/6000.5.8f1/Editor/Data/NetStandard/compat/2.1.0/shims/netstandard/System.Threading.Timer.dll"
-r:"C:/Program Files/Unity/Hub/Editor/6000.5.8f1/Editor/Data/NetStandard/compat/2.1.0/shims/netstandard/System.Threading.dll"
-r:"C:/Program Files/Unity/Hub/Editor/6000.5.8f1/Editor/Data/NetStandard/compat/2.1.0/shims/netstandard/System.ValueTuple.dll"
-r:"C:/Program Files/Unity/Hub/Editor/6000.5.8f1/Editor/Data/NetStandard/compat/2.1.0/shims/netstandard/System.Xml.ReaderWriter.dll"
-r:"C:/Program Files/Unity/Hub/Editor/6000.5.8f1/Editor/Data/NetStandard/compat/2.1.0/shims/netstandard/System.Xml.XDocument.dll"
-r:"C:/Program Files/Unity/Hub/Editor/6000.5.8f1/Editor/Data/NetStandard/compat/2.1.0/shims/netstandard/System.Xml.XPath.XDocument.dll"
-r:"C:/Program Files/Unity/Hub/Editor/6000.5.8f1/Editor/Data/NetStandard/compat/2.1.0/shims/netstandard/System.Xml.XPath.dll"
-r:"C:/Program Files/Unity/Hub/Editor/6000.5.8f1/Editor/Data/NetStandard/compat/2.1.0/shims/netstandard/System.Xml.XmlDocument.dll"
-r:"C:/Program Files/Unity/Hub/Editor/6000.5.8f1/Editor/Data/NetStandard/compat/2.1.0/shims/netstandard/System.Xml.XmlSerializer.dll"
-r:"C:/Program Files/Unity/Hub/Editor/6000.5.8f1/Editor/Data/NetStandard/ref/2.1.0/netstandard.dll"
-r:"C:/Program Files/Unity/Hub/Editor/6000.5.8f1/Editor/Data/PlaybackEngines/LinuxStandaloneSupport/UnityEditor.LinuxStandalone.Extensions.dll"
-r:"C:/Program Files/Unity/Hub/Editor/6000.5.8f1/Editor/Data/PlaybackEngines/WebGLSupport/UnityEditor.WebGL.Extensions.dll"
-r:"C:/Program Files/Unity/Hub/Editor/6000.5.8f1/Editor/Data/PlaybackEngines/WindowsStandaloneSupport/UnityEditor.WindowsStandalone.Extensions.dll"
-r:"Library/PackageCache/com.unity.collections@ec2c217e4cb2/Unity.Collections.LowLevel.ILSupport/Unity.Collections.LowLevel.ILSupport.dll"
-r:"Library/PackageCache/com.unity.ext.nunit@44f7d31723bd/net472/unity-custom/nunit.framework.dll"
-r:"Library/PackageCache/com.unity.nuget.mono-cecil@ecb9724e46ff/Mono.Cecil.dll"
-r:"Library/PackageCache/com.unity.nuget.newtonsoft-json@4dfd81071c64/Runtime/Newtonsoft.Json.dll"
-r:"Library/PackageCache/com.unity.pipeline@9bb4172c603c/Runtime/Plugins/CodeAnalysis/Microsoft.CodeAnalysis.CSharp.dll"
-r:"Library/PackageCache/com.unity.pipeline@9bb4172c603c/Runtime/Plugins/CodeAnalysis/Microsoft.CodeAnalysis.dll"
-r:"Library/PackageCache/com.unity.services.wire@aba8a6fb1fe2/Plugins/websocket-sharp.dll"
-r:"Library/Bee/artifacts/1900b0aE.dag/TumbangPreso.Core.ref.dll"
-r:"Library/Bee/artifacts/1900b0aE.dag/Unity.Collections.ref.dll"
-r:"Library/Bee/artifacts/1900b0aE.dag/Unity.InputSystem.ref.dll"
-r:"Library/Bee/artifacts/1900b0aE.dag/Unity.Netcode.Runtime.ref.dll"
-r:"Library/Bee/artifacts/1900b0aE.dag/Unity.Networking.Transport.ref.dll"
-r:"Library/Bee/artifacts/1900b0aE.dag/Unity.Services.Authentication.ref.dll"
-r:"Library/Bee/artifacts/1900b0aE.dag/Unity.Services.Core.ref.dll"
-r:"Library/Bee/artifacts/1900b0aE.dag/Unity.Services.Multiplayer.ref.dll"
-r:"Library/Bee/artifacts/1900b0aE.dag/UnityEditor.UI.ref.dll"
-r:"Library/Bee/artifacts/1900b0aE.dag/UnityEngine.UI.ref.dll"
-analyzer:"C:/Program Files/Unity/Hub/Editor/6000.5.8f1/Editor/Data/BCLExtensions/TargetingPacks/netstandard2.1/analyzers/dotnet/roslyn4.0/cs/Microsoft.Extensions.Logging.Generators.dll"
-analyzer:"C:/Program Files/Unity/Hub/Editor/6000.5.8f1/Editor/Data/BCLExtensions/TargetingPacks/netstandard2.1/analyzers/dotnet/roslyn4.0/cs/System.Text.Json.SourceGeneration.dll"
-analyzer:"C:/Program Files/Unity/Hub/Editor/6000.5.8f1/Editor/Data/Tools/BuildPipeline/Unity.Analyzers.Common/Unity.Analyzers.Common.dll"
-analyzer:"C:/Program Files/Unity/Hub/Editor/6000.5.8f1/Editor/Data/Tools/BuildPipeline/Unity.Analyzers.LongLiving/Unity.Analyzers.LongLiving.dll"
-analyzer:"C:/Program Files/Unity/Hub/Editor/6000.5.8f1/Editor/Data/Tools/BuildPipeline/Unity.SourceGenerators/Unity.Properties.SourceGenerator.dll"
-analyzer:"C:/Program Files/Unity/Hub/Editor/6000.5.8f1/Editor/Data/Tools/BuildPipeline/Unity.SourceGenerators/Unity.SourceGenerators.dll"
-analyzer:"C:/Program Files/Unity/Hub/Editor/6000.5.8f1/Editor/Data/Tools/BuildPipeline/Unity.SourceGenerators/Unity.UIToolkit.SourceGenerator.dll"
"Assets/TumbangPreso/Runtime/AIController.cs"
"Assets/TumbangPreso/Runtime/Abilities/AbilityContext.cs"
"Assets/TumbangPreso/Runtime/Abilities/AbilityNetworking.cs"
"Assets/TumbangPreso/Runtime/Abilities/AmihanHazards.cs"
"Assets/TumbangPreso/Runtime/Abilities/AmihanHeroKit.cs"
"Assets/TumbangPreso/Runtime/Abilities/CheskaHeroKit.cs"
"Assets/TumbangPreso/Runtime/Abilities/DanteDriftWave.cs"
"Assets/TumbangPreso/Runtime/Abilities/DanteHeroKit.cs"
"Assets/TumbangPreso/Runtime/Abilities/HazardMap.cs"
"Assets/TumbangPreso/Runtime/Abilities/HazardVolume.cs"
"Assets/TumbangPreso/Runtime/Abilities/HeroAbility.cs"
"Assets/TumbangPreso/Runtime/Abilities/HeroAbilitySystem.AimReplication.cs"
"Assets/TumbangPreso/Runtime/Abilities/HeroAbilitySystem.SharedUltimate.cs"
"Assets/TumbangPreso/Runtime/Abilities/HeroAbilitySystem.SkillReceipts.cs"
"Assets/TumbangPreso/Runtime/Abilities/HeroAbilitySystem.WorldRecovery.cs"
"Assets/TumbangPreso/Runtime/Abilities/HeroAbilitySystem.cs"
"Assets/TumbangPreso/Runtime/Abilities/HeroHazards.cs"
"Assets/TumbangPreso/Runtime/Abilities/HeroKit.cs"
"Assets/TumbangPreso/Runtime/Abilities/HeroMovementState.cs"
"Assets/TumbangPreso/Runtime/Abilities/IPreparedWorldReplication.cs"
"Assets/TumbangPreso/Runtime/Abilities/ITimedKitReplication.cs"
"Assets/TumbangPreso/Runtime/Abilities/IWorldEffectBinding.cs"
"Assets/TumbangPreso/Runtime/Abilities/NemuHeroKit.cs"
"Assets/TumbangPreso/Runtime/Abilities/PaeteHazards.cs"
"Assets/TumbangPreso/Runtime/Abilities/PaeteHeroKit.cs"
"Assets/TumbangPreso/Runtime/Abilities/PhaisterHeroKit.cs"
"Assets/TumbangPreso/Runtime/Abilities/PlaceholderRoleAbility.cs"
"Assets/TumbangPreso/Runtime/Abilities/RafiHeroKit.cs"
"Assets/TumbangPreso/Runtime/Abilities/RafiWaterField.cs"
"Assets/TumbangPreso/Runtime/Abilities/SeanHeroKit.cs"
"Assets/TumbangPreso/Runtime/Abilities/VoodooDollBody.cs"
"Assets/TumbangPreso/Runtime/Abilities/ZackHeroKit.ClosedCircuit.cs"
"Assets/TumbangPreso/Runtime/Abilities/ZackHeroKit.cs"
"Assets/TumbangPreso/Runtime/AiLungeRules.cs"
"Assets/TumbangPreso/Runtime/AiPlan.cs"
"Assets/TumbangPreso/Runtime/AiRetrievalRules.cs"
"Assets/TumbangPreso/Runtime/AiStuckWatch.cs"
"Assets/TumbangPreso/Runtime/Audio/AudioCues.cs"
"Assets/TumbangPreso/Runtime/Audio/HeroVoice.cs"
"Assets/TumbangPreso/Runtime/Audio/MusicDirector.cs"
"Assets/TumbangPreso/Runtime/Audio/NetCue.cs"
"Assets/TumbangPreso/Runtime/Audio/VoiceDirector.cs"
"Assets/TumbangPreso/Runtime/AudioDirector.CourtDanger.cs"
"Assets/TumbangPreso/Runtime/AudioDirector.Haunted.cs"
"Assets/TumbangPreso/Runtime/AudioDirector.cs"
"Assets/TumbangPreso/Runtime/BotSlipperInventory.cs"
"Assets/TumbangPreso/Runtime/BufferSkipVote.cs"
"Assets/TumbangPreso/Runtime/BuildBranch.cs"
"Assets/TumbangPreso/Runtime/BuildIdentity.cs"
"Assets/TumbangPreso/Runtime/Camera/CameraRig.cs"
"Assets/TumbangPreso/Runtime/Camera/CatchReconstruction.cs"
"Assets/TumbangPreso/Runtime/Camera/MatchPoseHistory.cs"
"Assets/TumbangPreso/Runtime/Camera/MatchReplayArchive.cs"
"Assets/TumbangPreso/Runtime/Camera/RecordedEnvironment.cs"
"Assets/TumbangPreso/Runtime/Camera/RecordedFieldView.cs"
"Assets/TumbangPreso/Runtime/Camera/RecordedFlightStroke.cs"
"Assets/TumbangPreso/Runtime/Camera/RecordedMatchClip.cs"
"Assets/TumbangPreso/Runtime/Camera/RecordedPoseTrack.cs"
"Assets/TumbangPreso/Runtime/Camera/RecordedSpecialFields.cs"
"Assets/TumbangPreso/Runtime/Camera/RecordedWorldView.cs"
"Assets/TumbangPreso/Runtime/Camera/SpectatorCamera.cs"
"Assets/TumbangPreso/Runtime/Camera/SpectatorDirector.cs"
"Assets/TumbangPreso/Runtime/Camera/SpectatorInterest.cs"
"Assets/TumbangPreso/Runtime/Camera/UltimatePhaseView.cs"
"Assets/TumbangPreso/Runtime/Camera/ViewmodelArms.CastGesture.cs"
"Assets/TumbangPreso/Runtime/Camera/ViewmodelArms.Featherfall.cs"
"Assets/TumbangPreso/Runtime/Camera/ViewmodelArms.Framing.cs"
"Assets/TumbangPreso/Runtime/Camera/ViewmodelArms.HeldProps.cs"
"Assets/TumbangPreso/Runtime/Camera/ViewmodelArms.Phaister.cs"
"Assets/TumbangPreso/Runtime/Camera/ViewmodelArms.RaiseCan.cs"
"Assets/TumbangPreso/Runtime/Camera/ViewmodelArms.RunSway.cs"
"Assets/TumbangPreso/Runtime/Camera/ViewmodelArms.TagReach.cs"
"Assets/TumbangPreso/Runtime/Camera/ViewmodelArms.ThrowReach.cs"
"Assets/TumbangPreso/Runtime/Camera/ViewmodelArms.cs"
"Assets/TumbangPreso/Runtime/Camera/ViewmodelMeshAssets.cs"
"Assets/TumbangPreso/Runtime/Carrier.cs"
"Assets/TumbangPreso/Runtime/CharacterMotor.EdgeRecovery.cs"
"Assets/TumbangPreso/Runtime/CharacterMotor.NetworkStamina.cs"
"Assets/TumbangPreso/Runtime/CharacterMotor.Rework.cs"
"Assets/TumbangPreso/Runtime/CharacterMotor.Status.cs"
"Assets/TumbangPreso/Runtime/CharacterMotor.Voodoo.cs"
"Assets/TumbangPreso/Runtime/CharacterMotor.cs"
"Assets/TumbangPreso/Runtime/CombatVerbs.cs"
"Assets/TumbangPreso/Runtime/DebugPlayerSwitcher.cs"
"Assets/TumbangPreso/Runtime/Diagnostics/FailureBundle.cs"
"Assets/TumbangPreso/Runtime/Diagnostics/FrameCapProbe.cs"
"Assets/TumbangPreso/Runtime/Diagnostics/HighlightWatch.cs"
"Assets/TumbangPreso/Runtime/Diagnostics/MatchHighlights.cs"
"Assets/TumbangPreso/Runtime/Diagnostics/NetAutomationProbe.cs"
"Assets/TumbangPreso/Runtime/Diagnostics/NetCatchPresentationProbe.cs"
"Assets/TumbangPreso/Runtime/Diagnostics/NetDanteProbe.cs"
"Assets/TumbangPreso/Runtime/Diagnostics/NetFamiliarProbe.cs"
"Assets/TumbangPreso/Runtime/Diagnostics/NetIceProbe.cs"
"Assets/TumbangPreso/Runtime/Diagnostics/NetMomentProbe.cs"
"Assets/TumbangPreso/Runtime/Diagnostics/NetPeerDepartureProbe.cs"
"Assets/TumbangPreso/Runtime/Diagnostics/NetPersonalBuffProbe.cs"
"Assets/TumbangPreso/Runtime/Diagnostics/NetPhaisterProbe.cs"
"Assets/TumbangPreso/Runtime/Diagnostics/NetPredictionReceiptProbe.cs"
"Assets/TumbangPreso/Runtime/Diagnostics/NetRafiProbe.cs"
"Assets/TumbangPreso/Runtime/Diagnostics/NetRecallRenderProbe.cs"
"Assets/TumbangPreso/Runtime/Diagnostics/NetReplayProbe.cs"
"Assets/TumbangPreso/Runtime/Diagnostics/NetRequestSafetyProbe.cs"
"Assets/TumbangPreso/Runtime/Diagnostics/NetRoofProbe.cs"
"Assets/TumbangPreso/Runtime/Diagnostics/NetRoundBoundaryProbe.cs"
"Assets/TumbangPreso/Runtime/Diagnostics/NetSeanProbe.cs"
"Assets/TumbangPreso/Runtime/Diagnostics/NetStateReport.cs"
"Assets/TumbangPreso/Runtime/Diagnostics/NetThrowProbe.cs"
"Assets/TumbangPreso/Runtime/Diagnostics/NetUltimatePhaseProbe.cs"
"Assets/TumbangPreso/Runtime/Diagnostics/NetWorldFieldProbe.cs"
"Assets/TumbangPreso/Runtime/Diagnostics/NetZackProbe.cs"
"Assets/TumbangPreso/Runtime/Diagnostics/OwnerUiPlayerReview.Accessibility.cs"
"Assets/TumbangPreso/Runtime/Diagnostics/OwnerUiPlayerReview.Catch.cs"
"Assets/TumbangPreso/Runtime/Diagnostics/OwnerUiPlayerReview.Controls.cs"
"Assets/TumbangPreso/Runtime/Diagnostics/OwnerUiPlayerReview.Exchange.cs"
"Assets/TumbangPreso/Runtime/Diagnostics/OwnerUiPlayerReview.Gameplay.cs"
"Assets/TumbangPreso/Runtime/Diagnostics/OwnerUiPlayerReview.Halftime.cs"
"Assets/TumbangPreso/Runtime/Diagnostics/OwnerUiPlayerReview.Introductions.cs"
"Assets/TumbangPreso/Runtime/Diagnostics/OwnerUiPlayerReview.Maps.cs"
"Assets/TumbangPreso/Runtime/Diagnostics/OwnerUiPlayerReview.OrdinarySkills.cs"
"Assets/TumbangPreso/Runtime/Diagnostics/OwnerUiPlayerReview.Performance.cs"
"Assets/TumbangPreso/Runtime/Diagnostics/OwnerUiPlayerReview.Scope.cs"
"Assets/TumbangPreso/Runtime/Diagnostics/OwnerUiPlayerReview.Spectator.cs"
"Assets/TumbangPreso/Runtime/Diagnostics/OwnerUiPlayerReview.Ultimates.cs"
"Assets/TumbangPreso/Runtime/Diagnostics/OwnerUiPlayerReview.Variants.cs"
"Assets/TumbangPreso/Runtime/Diagnostics/OwnerUiPlayerReview.WholeMatches.cs"
"Assets/TumbangPreso/Runtime/Diagnostics/OwnerUiPlayerReview.cs"
"Assets/TumbangPreso/Runtime/Diagnostics/ReviewAudioCapture.cs"
"Assets/TumbangPreso/Runtime/Diagnostics/RoundFreezeProbe.cs"
"Assets/TumbangPreso/Runtime/Diagnostics/SeatOwnership.cs"
"Assets/TumbangPreso/Runtime/Diagnostics/WorldGraphicsProbe.cs"
"Assets/TumbangPreso/Runtime/Diagnostics/WorldShadowSweepProbe.cs"
"Assets/TumbangPreso/Runtime/GameLaunch.cs"
"Assets/TumbangPreso/Runtime/GameServices.cs"
"Assets/TumbangPreso/Runtime/GameVersion.cs"
"Assets/TumbangPreso/Runtime/GuidedTraining.cs"
"Assets/TumbangPreso/Runtime/HalftimePresentation.cs"
"Assets/TumbangPreso/Runtime/HazardZone.cs"
"Assets/TumbangPreso/Runtime/Hitstop.cs"
"Assets/TumbangPreso/Runtime/Input/ControllerMapScreen.cs"
"Assets/TumbangPreso/Runtime/Input/ControllerWatch.cs"
"Assets/TumbangPreso/Runtime/Input/GenericPadBridge.cs"
"Assets/TumbangPreso/Runtime/Input/InputCatalogue.cs"
"Assets/TumbangPreso/Runtime/Input/LastInputDevice.cs"
"Assets/TumbangPreso/Runtime/Input/MenuNav.cs"
"Assets/TumbangPreso/Runtime/Input/PadDiagram.cs"
"Assets/TumbangPreso/Runtime/Input/Rumble.cs"
"Assets/TumbangPreso/Runtime/Input/ScreenFocus.cs"
"Assets/TumbangPreso/Runtime/Input/TouchControls.cs"
"Assets/TumbangPreso/Runtime/Input/TouchHud.Native.cs"
"Assets/TumbangPreso/Runtime/Input/TouchHud.OwnerPainted.cs"
"Assets/TumbangPreso/Runtime/Input/TouchHud.cs"
"Assets/TumbangPreso/Runtime/Input/TouchInput.cs"
"Assets/TumbangPreso/Runtime/Input/TouchLayoutScreen.cs"
"Assets/TumbangPreso/Runtime/Input/TouchLayoutStore.cs"
"Assets/TumbangPreso/Runtime/Input/UiInputModule.cs"
"Assets/TumbangPreso/Runtime/InputIntent.cs"
"Assets/TumbangPreso/Runtime/KillPlane.cs"
"Assets/TumbangPreso/Runtime/LastTsinelasDirector.cs"
"Assets/TumbangPreso/Runtime/Lata.cs"
"Assets/TumbangPreso/Runtime/Map/AirborneByDesign.cs"
"Assets/TumbangPreso/Runtime/Map/AmbientLife.Habitat.cs"
"Assets/TumbangPreso/Runtime/Map/AmbientLife.Visits.cs"
"Assets/TumbangPreso/Runtime/Map/AmbientLife.cs"
"Assets/TumbangPreso/Runtime/Map/BridgeHoop.cs"
"Assets/TumbangPreso/Runtime/Map/KantoStreetSound.cs"
"Assets/TumbangPreso/Runtime/Map/KantoTraffic.cs"
"Assets/TumbangPreso/Runtime/Map/LagoonFlocks.cs"
"Assets/TumbangPreso/Runtime/Map/LagoonResident.cs"
"Assets/TumbangPreso/Runtime/Map/LagoonSoundscape.cs"
"Assets/TumbangPreso/Runtime/Map/LagoonWater.cs"
"Assets/TumbangPreso/Runtime/Map/LrtTrainFlyby.cs"
"Assets/TumbangPreso/Runtime/Map/MapEdgeAnchor.cs"
"Assets/TumbangPreso/Runtime/Map/MooredBoatMotion.cs"
"Assets/TumbangPreso/Runtime/Map/OverclockBoostPad.cs"
"Assets/TumbangPreso/Runtime/Map/OverheadPassWindow.cs"
"Assets/TumbangPreso/Runtime/Map/PisonetInteractive.cs"
"Assets/TumbangPreso/Runtime/Map/RooftopPool.cs"
"Assets/TumbangPreso/Runtime/Map/RooftopRecovery.cs"
"Assets/TumbangPreso/Runtime/Map/SidewalkLife.cs"
"Assets/TumbangPreso/Runtime/Map/StreetInteractions.cs"
"Assets/TumbangPreso/Runtime/Map/StreetParesInteractive.cs"
"Assets/TumbangPreso/Runtime/Map/StreetTripHazard.cs"
"Assets/TumbangPreso/Runtime/MatchAbandon.cs"
"Assets/TumbangPreso/Runtime/MatchArrivalPresentation.cs"
"Assets/TumbangPreso/Runtime/MatchBootstrap.cs"
"Assets/TumbangPreso/Runtime/MatchDirector.ActionChains.cs"
"Assets/TumbangPreso/Runtime/MatchDirector.Moments.cs"
"Assets/TumbangPreso/Runtime/MatchDirector.cs"
"Assets/TumbangPreso/Runtime/MatchHost.cs"
"Assets/TumbangPreso/Runtime/MatchInstaller.cs"
"Assets/TumbangPreso/Runtime/MatchStatsCollector.cs"
"Assets/TumbangPreso/Runtime/Net/AbilityAimSnapshot.cs"
"Assets/TumbangPreso/Runtime/Net/AbilityResourceSnapshot.cs"
"Assets/TumbangPreso/Runtime/Net/CareerStore.cs"
"Assets/TumbangPreso/Runtime/Net/CloudCode.cs"
"Assets/TumbangPreso/Runtime/Net/FamiliarEffectState.cs"
"Assets/TumbangPreso/Runtime/Net/GameplayActionScope.cs"
"Assets/TumbangPreso/Runtime/Net/GoogleSignIn.cs"
"Assets/TumbangPreso/Runtime/Net/JoinAttemptGate.cs"
"Assets/TumbangPreso/Runtime/Net/LanBeacon.cs"
"Assets/TumbangPreso/Runtime/Net/LobbySeatInfo.cs"
"Assets/TumbangPreso/Runtime/Net/LobbySession.cs"
"Assets/TumbangPreso/Runtime/Net/LocalCosmetics.cs"
"Assets/TumbangPreso/Runtime/Net/MatchClockMessage.cs"
"Assets/TumbangPreso/Runtime/Net/MatchRpc.AbilityResources.cs"
"Assets/TumbangPreso/Runtime/Net/MatchRpc.ActionScope.cs"
"Assets/TumbangPreso/Runtime/Net/MatchRpc.Circuit.cs"
"Assets/TumbangPreso/Runtime/Net/MatchRpc.Clock.cs"
"Assets/TumbangPreso/Runtime/Net/MatchRpc.Companions.cs"
"Assets/TumbangPreso/Runtime/Net/MatchRpc.EdgeRecovery.cs"
"Assets/TumbangPreso/Runtime/Net/MatchRpc.FamiliarEffects.cs"
"Assets/TumbangPreso/Runtime/Net/MatchRpc.Featherfall.cs"
"Assets/TumbangPreso/Runtime/Net/MatchRpc.Moments.cs"
"Assets/TumbangPreso/Runtime/Net/MatchRpc.Movement.cs"
"Assets/TumbangPreso/Runtime/Net/MatchRpc.ObjectiveCooldown.cs"
"Assets/TumbangPreso/Runtime/Net/MatchRpc.PeerDeparture.cs"
"Assets/TumbangPreso/Runtime/Net/MatchRpc.Preparations.cs"
"Assets/TumbangPreso/Runtime/Net/MatchRpc.QueueArrival.cs"
"Assets/TumbangPreso/Runtime/Net/MatchRpc.RafiWater.cs"
"Assets/TumbangPreso/Runtime/Net/MatchRpc.Replay.cs"
"Assets/TumbangPreso/Runtime/Net/MatchRpc.SentryTargets.cs"
"Assets/TumbangPreso/Runtime/Net/MatchRpc.SkillDelivery.cs"
"Assets/TumbangPreso/Runtime/Net/MatchRpc.SkillReceipts.cs"
"Assets/TumbangPreso/Runtime/Net/MatchRpc.TimedKits.cs"
"Assets/TumbangPreso/Runtime/Net/MatchRpc.UltimatePhase.cs"
"Assets/TumbangPreso/Runtime/Net/MatchRpc.VerbReceipts.cs"
"Assets/TumbangPreso/Runtime/Net/MatchRpc.cs"
"Assets/TumbangPreso/Runtime/Net/Matchmaker.cs"
"Assets/TumbangPreso/Runtime/Net/MatchmakingCandidateCache.cs"
"Assets/TumbangPreso/Runtime/Net/NetBootstrap.cs"
"Assets/TumbangPreso/Runtime/Net/NetBootstrapRunner.cs"
"Assets/TumbangPreso/Runtime/Net/NetCompletedArrivalProbe.cs"
"Assets/TumbangPreso/Runtime/Net/NetIdentity.cs"
"Assets/TumbangPreso/Runtime/Net/NetSession.cs"
"Assets/TumbangPreso/Runtime/Net/PlayerAccount.cs"
"Assets/TumbangPreso/Runtime/Net/PreparedWorldSnapshot.cs"
"Assets/TumbangPreso/Runtime/Net/ScoreWitness.cs"
"Assets/TumbangPreso/Runtime/Net/SentryTargetState.cs"
"Assets/TumbangPreso/Runtime/Net/ServerQuery.cs"
"Assets/TumbangPreso/Runtime/Net/SkillCastMessage.cs"
"Assets/TumbangPreso/Runtime/Net/SkillContractFingerprint.cs"
"Assets/TumbangPreso/Runtime/Net/SocialStore.cs"
"Assets/TumbangPreso/Runtime/Net/TelemetrySink.cs"
"Assets/TumbangPreso/Runtime/Net/TimedKitState.cs"
"Assets/TumbangPreso/Runtime/Net/VoodooBodySnapshot.cs"
"Assets/TumbangPreso/Runtime/Net/WalletStore.cs"
"Assets/TumbangPreso/Runtime/Net/WorldEffectSnapshot.cs"
"Assets/TumbangPreso/Runtime/Net/WorldSnapshotHeader.cs"
"Assets/TumbangPreso/Runtime/Net/ZackCircuitState.cs"
"Assets/TumbangPreso/Runtime/NetAuthority.cs"
"Assets/TumbangPreso/Runtime/PauseWatcher.cs"
"Assets/TumbangPreso/Runtime/PlayerInputReader.cs"
"Assets/TumbangPreso/Runtime/PracticeRange.cs"
"Assets/TumbangPreso/Runtime/PracticeSandbox.cs"
"Assets/TumbangPreso/Runtime/PresentationClock.cs"
"Assets/TumbangPreso/Runtime/ProfilePaths.cs"
"Assets/TumbangPreso/Runtime/ReadyGate.cs"
"Assets/TumbangPreso/Runtime/RosterBook.cs"
"Assets/TumbangPreso/Runtime/RosterEntryAsset.cs"
"Assets/TumbangPreso/Runtime/RoundBreakFrame.cs"
"Assets/TumbangPreso/Runtime/RoundDirector.cs"
"Assets/TumbangPreso/Runtime/SafeStore.cs"
"Assets/TumbangPreso/Runtime/Settings/AntiAliasModes.cs"
"Assets/TumbangPreso/Runtime/Settings/FrameRateOptions.cs"
"Assets/TumbangPreso/Runtime/Settings/GameSettings.cs"
"Assets/TumbangPreso/Runtime/Settings/GraphicsProfiles.cs"
"Assets/TumbangPreso/Runtime/Settings/LightingStyles.cs"
"Assets/TumbangPreso/Runtime/Settings/RebindSession.cs"
"Assets/TumbangPreso/Runtime/Settings/Rebinding.cs"
"Assets/TumbangPreso/Runtime/Settings/RenderStyles.cs"
"Assets/TumbangPreso/Runtime/Settings/SlipperHighlights.cs"
"Assets/TumbangPreso/Runtime/Settings/VSyncModes.cs"
"Assets/TumbangPreso/Runtime/SharedUltimatePhase.cs"
"Assets/TumbangPreso/Runtime/SliceRunner.cs"
"Assets/TumbangPreso/Runtime/Slipper.EmpoweredThrow.cs"
"Assets/TumbangPreso/Runtime/Slipper.Skim.cs"
"Assets/TumbangPreso/Runtime/Slipper.cs"
"Assets/TumbangPreso/Runtime/SlipperLandingPrediction.cs"
"Assets/TumbangPreso/Runtime/Social/EmoteDef.cs"
"Assets/TumbangPreso/Runtime/Social/EmotePlayer.cs"
"Assets/TumbangPreso/Runtime/Social/Emotes.cs"
"Assets/TumbangPreso/Runtime/StatusStack.cs"
"Assets/TumbangPreso/Runtime/StunElement.cs"
"Assets/TumbangPreso/Runtime/TournamentGuard.cs"
"Assets/TumbangPreso/Runtime/TrajectoryPreview.cs"
"Assets/TumbangPreso/Runtime/UI/AbilityDeckHud.cs"
"Assets/TumbangPreso/Runtime/UI/AbilityIcons.cs"
"Assets/TumbangPreso/Runtime/UI/AbilityInspectPanel.cs"
"Assets/TumbangPreso/Runtime/UI/ArrowButtonView.cs"
"Assets/TumbangPreso/Runtime/UI/AspectSafeCanvas.cs"
"Assets/TumbangPreso/Runtime/UI/Avatars.cs"
"Assets/TumbangPreso/Runtime/UI/BootSting.cs"
"Assets/TumbangPreso/Runtime/UI/BrandAbilitySelection.cs"
"Assets/TumbangPreso/Runtime/UI/BrandCharacterSelection.cs"
"Assets/TumbangPreso/Runtime/UI/BrandMarks.cs"
"Assets/TumbangPreso/Runtime/UI/BrandSettingsLayout.cs"
"Assets/TumbangPreso/Runtime/UI/CalloutCaption.cs"
"Assets/TumbangPreso/Runtime/UI/CanvasLifetime.cs"
"Assets/TumbangPreso/Runtime/UI/CollectionChoice.cs"
"Assets/TumbangPreso/Runtime/UI/ControllerCalloutButton.cs"
"Assets/TumbangPreso/Runtime/UI/ControllerCalloutFace.cs"
"Assets/TumbangPreso/Runtime/UI/ConvertedCharacterSelect.cs"
"Assets/TumbangPreso/Runtime/UI/ConvertedCreditsPanel.cs"
"Assets/TumbangPreso/Runtime/UI/ConvertedMainMenu.cs"
"Assets/TumbangPreso/Runtime/UI/ConvertedMatchResult.cs"
"Assets/TumbangPreso/Runtime/UI/ConvertedMatchSetup.Hub.cs"
"Assets/TumbangPreso/Runtime/UI/ConvertedMatchSetup.OwnerPainted.cs"
"Assets/TumbangPreso/Runtime/UI/ConvertedMatchSetup.cs"
"Assets/TumbangPreso/Runtime/UI/ConvertedModeSelect.cs"
"Assets/TumbangPreso/Runtime/UI/ConvertedMultiplayerSetup.cs"
"Assets/TumbangPreso/Runtime/UI/ConvertedOverlay.cs"
"Assets/TumbangPreso/Runtime/UI/ConvertedScreen.cs"
"Assets/TumbangPreso/Runtime/UI/ConvertedSettingsPanel.cs"
"Assets/TumbangPreso/Runtime/UI/CourtPlayView.cs"
"Assets/TumbangPreso/Runtime/UI/CourtPopupGraphic.cs"
"Assets/TumbangPreso/Runtime/UI/CreditsContent.cs"
"Assets/TumbangPreso/Runtime/UI/CursorMode.cs"
"Assets/TumbangPreso/Runtime/UI/CustomCharacterScreen.cs"
"Assets/TumbangPreso/Runtime/UI/CustomCharacterStore.cs"
"Assets/TumbangPreso/Runtime/UI/CustomGameScreen.MatchSlate.cs"
"Assets/TumbangPreso/Runtime/UI/CustomGameScreen.OwnerPainted.cs"
"Assets/TumbangPreso/Runtime/UI/CustomGameScreen.cs"
"Assets/TumbangPreso/Runtime/UI/DebugBar.cs"
"Assets/TumbangPreso/Runtime/UI/EmoteWheel.cs"
"Assets/TumbangPreso/Runtime/UI/FinishCelebration.cs"
"Assets/TumbangPreso/Runtime/UI/GodotButton.cs"
"Assets/TumbangPreso/Runtime/UI/GodotOutline.cs"
"Assets/TumbangPreso/Runtime/UI/GodotPanel.cs"
"Assets/TumbangPreso/Runtime/UI/GodotTheme.cs"
"Assets/TumbangPreso/Runtime/UI/GuidedTrainingHud.OwnerPainted.cs"
"Assets/TumbangPreso/Runtime/UI/HeroGlyphs.cs"
"Assets/TumbangPreso/Runtime/UI/HomeCourtScene.cs"
"Assets/TumbangPreso/Runtime/UI/HomeCourtView.cs"
"Assets/TumbangPreso/Runtime/UI/HomeMenuAction.cs"
"Assets/TumbangPreso/Runtime/UI/HomeMenuStroke.cs"
"Assets/TumbangPreso/Runtime/UI/HomeScreen.cs"
"Assets/TumbangPreso/Runtime/UI/Hub/HubButton.cs"
"Assets/TumbangPreso/Runtime/UI/Hub/HubCharacterSelect.cs"
"Assets/TumbangPreso/Runtime/UI/Hub/HubChrome.cs"
"Assets/TumbangPreso/Runtime/UI/Hub/HubCustom.cs"
"Assets/TumbangPreso/Runtime/UI/Hub/HubForms.cs"
"Assets/TumbangPreso/Runtime/UI/Hub/HubGlyph.cs"
"Assets/TumbangPreso/Runtime/UI/Hub/HubHero.cs"
"Assets/TumbangPreso/Runtime/UI/Hub/HubHome.cs"
"Assets/TumbangPreso/Runtime/UI/Hub/HubKit.cs"
"Assets/TumbangPreso/Runtime/UI/Hub/HubLoading.cs"
"Assets/TumbangPreso/Runtime/UI/Hub/HubLoadout.cs"
"Assets/TumbangPreso/Runtime/UI/Hub/HubMapVote.cs"
"Assets/TumbangPreso/Runtime/UI/Hub/HubMenus.cs"
"Assets/TumbangPreso/Runtime/UI/Hub/HubModeSelect.cs"
"Assets/TumbangPreso/Runtime/UI/Hub/HubPattern.cs"
"Assets/TumbangPreso/Runtime/UI/Hub/HubPrompt.cs"
"Assets/TumbangPreso/Runtime/UI/Hub/HubQueue.cs"
"Assets/TumbangPreso/Runtime/UI/Hub/HubSceneVideo.Warmup.cs"
"Assets/TumbangPreso/Runtime/UI/Hub/HubSceneVideo.cs"
"Assets/TumbangPreso/Runtime/UI/Hub/HubScenery.cs"
"Assets/TumbangPreso/Runtime/UI/Hub/HubScreen.cs"
"Assets/TumbangPreso/Runtime/UI/Hub/HubShape.cs"
"Assets/TumbangPreso/Runtime/UI/Hub/HubSkillTree.cs"
"Assets/TumbangPreso/Runtime/UI/Hub/HubSlap.cs"
"Assets/TumbangPreso/Runtime/UI/Hub/HubStyle.cs"
"Assets/TumbangPreso/Runtime/UI/Hub/HubTasks.cs"
"Assets/TumbangPreso/Runtime/UI/Hub/IHubHost.cs"
"Assets/TumbangPreso/Runtime/UI/Hub/TumpHub.cs"
"Assets/TumbangPreso/Runtime/UI/Hud.Native.cs"
"Assets/TumbangPreso/Runtime/UI/Hud.Paete.cs"
"Assets/TumbangPreso/Runtime/UI/Hud.cs"
"Assets/TumbangPreso/Runtime/UI/HudBadge.cs"
"Assets/TumbangPreso/Runtime/UI/HudCard.cs"
"Assets/TumbangPreso/Runtime/UI/HudContrast.cs"
"Assets/TumbangPreso/Runtime/UI/HudDangerFrame.cs"
"Assets/TumbangPreso/Runtime/UI/HudDeclutter.cs"
"Assets/TumbangPreso/Runtime/UI/HudDraw.cs"
"Assets/TumbangPreso/Runtime/UI/HudPips.cs"
"Assets/TumbangPreso/Runtime/UI/HudReadingLayout.cs"
"Assets/TumbangPreso/Runtime/UI/HudReticle.cs"
"Assets/TumbangPreso/Runtime/UI/HudRing.cs"
"Assets/TumbangPreso/Runtime/UI/IllustratedBackdrop.cs"
"Assets/TumbangPreso/Runtime/UI/InputGlyphs.cs"
"Assets/TumbangPreso/Runtime/UI/KeyboardCursor.cs"
"Assets/TumbangPreso/Runtime/UI/LoadingArtwork.cs"
"Assets/TumbangPreso/Runtime/UI/LoadingPresentation.cs"
"Assets/TumbangPreso/Runtime/UI/LoadoutCourtSpot.cs"
"Assets/TumbangPreso/Runtime/UI/LobbyCast.cs"
"Assets/TumbangPreso/Runtime/UI/LobbyChat.Native.cs"
"Assets/TumbangPreso/Runtime/UI/LobbyChat.OwnerPainted.cs"
"Assets/TumbangPreso/Runtime/UI/LobbyChat.cs"
"Assets/TumbangPreso/Runtime/UI/LobbyChrome.cs"
"Assets/TumbangPreso/Runtime/UI/LobbyJoinPanel.CourtBrowser.cs"
"Assets/TumbangPreso/Runtime/UI/LobbyJoinPanel.Native.cs"
"Assets/TumbangPreso/Runtime/UI/LobbyJoinPanel.OwnerPainted.cs"
"Assets/TumbangPreso/Runtime/UI/LobbyJoinPanel.cs"
"Assets/TumbangPreso/Runtime/UI/LobbyNameplates.cs"
"Assets/TumbangPreso/Runtime/UI/MapPreviewSurface.cs"
"Assets/TumbangPreso/Runtime/UI/MatchEventFeed.cs"
"Assets/TumbangPreso/Runtime/UI/MatchMomentBanner.cs"
"Assets/TumbangPreso/Runtime/UI/MatchResult.Accolades.cs"
"Assets/TumbangPreso/Runtime/UI/MatchResult.FinishPerformance.cs"
"Assets/TumbangPreso/Runtime/UI/MatchResult.FinishSheet.cs"
"Assets/TumbangPreso/Runtime/UI/MatchResult.Native.cs"
"Assets/TumbangPreso/Runtime/UI/MatchResult.OwnerPainted.cs"
"Assets/TumbangPreso/Runtime/UI/MatchResult.cs"
"Assets/TumbangPreso/Runtime/UI/MenuKit.cs"
"Assets/TumbangPreso/Runtime/UI/MenuSfx.cs"
"Assets/TumbangPreso/Runtime/UI/ModelPreview.cs"
"Assets/TumbangPreso/Runtime/UI/ModelPreviewInput.cs"
"Assets/TumbangPreso/Runtime/UI/NavigationSymbol.cs"
"Assets/TumbangPreso/Runtime/UI/OffscreenIndicators.cs"
"Assets/TumbangPreso/Runtime/UI/OwnerAbilitySeal.cs"
"Assets/TumbangPreso/Runtime/UI/OwnerAccountTabArt.cs"
"Assets/TumbangPreso/Runtime/UI/OwnerCharacterStories.cs"
"Assets/TumbangPreso/Runtime/UI/OwnerCharacterStoryView.BookSpread.cs"
"Assets/TumbangPreso/Runtime/UI/OwnerCharacterStoryView.cs"
"Assets/TumbangPreso/Runtime/UI/OwnerCreditsView.cs"
"Assets/TumbangPreso/Runtime/UI/OwnerFieldFade.cs"
"Assets/TumbangPreso/Runtime/UI/OwnerFieldMark.cs"
"Assets/TumbangPreso/Runtime/UI/OwnerFieldPulse.cs"
"Assets/TumbangPreso/Runtime/UI/OwnerFieldSound.cs"
"Assets/TumbangPreso/Runtime/UI/OwnerHomeView.cs"
"Assets/TumbangPreso/Runtime/UI/OwnerLoginLayout.cs"
"Assets/TumbangPreso/Runtime/UI/OwnerMenuAir.cs"
"Assets/TumbangPreso/Runtime/UI/OwnerMenuArt.cs"
"Assets/TumbangPreso/Runtime/UI/OwnerMenuClouds.cs"
"Assets/TumbangPreso/Runtime/UI/OwnerMenuLeaves.cs"
"Assets/TumbangPreso/Runtime/UI/OwnerMenuPrompt.cs"
"Assets/TumbangPreso/Runtime/UI/OwnerMenuWind.cs"
"Assets/TumbangPreso/Runtime/UI/OwnerOptionMenu.cs"
"Assets/TumbangPreso/Runtime/UI/OwnerPaintedAction.cs"
"Assets/TumbangPreso/Runtime/UI/OwnerPasswordView.cs"
"Assets/TumbangPreso/Runtime/UI/OwnerPlayView.cs"
"Assets/TumbangPreso/Runtime/UI/OwnerPortraitArt.cs"
"Assets/TumbangPreso/Runtime/UI/OwnerPreparationView.Court.cs"
"Assets/TumbangPreso/Runtime/UI/OwnerPreparationView.cs"
"Assets/TumbangPreso/Runtime/UI/OwnerPreviewMat.cs"
"Assets/TumbangPreso/Runtime/UI/OwnerQueueTicket.cs"
"Assets/TumbangPreso/Runtime/UI/OwnerRoadDust.cs"
"Assets/TumbangPreso/Runtime/UI/OwnerRosterTile.cs"
"Assets/TumbangPreso/Runtime/UI/OwnerScoreStrip.cs"
"Assets/TumbangPreso/Runtime/UI/OwnerScrollColumn.cs"
"Assets/TumbangPreso/Runtime/UI/OwnerSettingsRows.cs"
"Assets/TumbangPreso/Runtime/UI/OwnerTermsView.cs"
"Assets/TumbangPreso/Runtime/UI/OwnerTextAction.cs"
"Assets/TumbangPreso/Runtime/UI/OwnerTouchDisc.cs"
"Assets/TumbangPreso/Runtime/UI/OwnerTouchSurface.cs"
"Assets/TumbangPreso/Runtime/UI/OwnerUiBackdrop.cs"
"Assets/TumbangPreso/Runtime/UI/OwnerUiCanvas.cs"
"Assets/TumbangPreso/Runtime/UI/OwnerUiEntry.cs"
"Assets/TumbangPreso/Runtime/UI/OwnerUiGlyph.cs"
"Assets/TumbangPreso/Runtime/UI/OwnerUiLayout.cs"
"Assets/TumbangPreso/Runtime/UI/OwnerUiMotion.cs"
"Assets/TumbangPreso/Runtime/UI/OwnerUiOverrideBook.cs"
"Assets/TumbangPreso/Runtime/UI/OwnerUiOverrides.cs"
"Assets/TumbangPreso/Runtime/UI/OwnerUiPaper.cs"
"Assets/TumbangPreso/Runtime/UI/OwnerUiRule.cs"
"Assets/TumbangPreso/Runtime/UI/OwnerUiSlide.cs"
"Assets/TumbangPreso/Runtime/UI/OwnerUiTheme.cs"
"Assets/TumbangPreso/Runtime/UI/OwnerUiTracking.cs"
"Assets/TumbangPreso/Runtime/UI/Panel.cs"
"Assets/TumbangPreso/Runtime/UI/PaperCraft.cs"
"Assets/TumbangPreso/Runtime/UI/PaperKit.cs"
"Assets/TumbangPreso/Runtime/UI/PausePanel.LiveMenu.cs"
"Assets/TumbangPreso/Runtime/UI/PausePanel.OwnerPainted.cs"
"Assets/TumbangPreso/Runtime/UI/PausePanel.TrainingRange.cs"
"Assets/TumbangPreso/Runtime/UI/PausePanel.cs"
"Assets/TumbangPreso/Runtime/UI/PennantEntrance.cs"
"Assets/TumbangPreso/Runtime/UI/PlayChoiceButton.cs"
"Assets/TumbangPreso/Runtime/UI/PlayChoiceSurface.cs"
"Assets/TumbangPreso/Runtime/UI/PlaySelectionScreen.cs"
"Assets/TumbangPreso/Runtime/UI/PlayerHub.OwnerCareer.cs"
"Assets/TumbangPreso/Runtime/UI/PlayerHub.OwnerFriends.cs"
"Assets/TumbangPreso/Runtime/UI/PlayerHub.OwnerHistory.cs"
"Assets/TumbangPreso/Runtime/UI/PlayerHub.OwnerPainted.cs"
"Assets/TumbangPreso/Runtime/UI/PlayerHub.RecordBook.cs"
"Assets/TumbangPreso/Runtime/UI/PlayerHub.cs"
"Assets/TumbangPreso/Runtime/UI/PlayerIdentity.cs"
"Assets/TumbangPreso/Runtime/UI/PlayerNameplate.cs"
"Assets/TumbangPreso/Runtime/UI/PowerReferenceReadingLayout.cs"
"Assets/TumbangPreso/Runtime/UI/PreparationBoard.cs"
"Assets/TumbangPreso/Runtime/UI/PreparationReadyAction.cs"
"Assets/TumbangPreso/Runtime/UI/PreparationReadyArt.cs"
"Assets/TumbangPreso/Runtime/UI/ProfileIndexTab.cs"
"Assets/TumbangPreso/Runtime/UI/QueueCard.Native.cs"
"Assets/TumbangPreso/Runtime/UI/QueueCard.OwnerPainted.cs"
"Assets/TumbangPreso/Runtime/UI/QueueCard.cs"
"Assets/TumbangPreso/Runtime/UI/RankIcons.cs"
"Assets/TumbangPreso/Runtime/UI/RecordChoice.cs"
"Assets/TumbangPreso/Runtime/UI/RecordFields.cs"
"Assets/TumbangPreso/Runtime/UI/RoleSwapCard.cs"
"Assets/TumbangPreso/Runtime/UI/SceneFlow.cs"
"Assets/TumbangPreso/Runtime/UI/ScreenTakeover.cs"
"Assets/TumbangPreso/Runtime/UI/ScreenTrack.cs"
"Assets/TumbangPreso/Runtime/UI/ScrollWheelRelay.cs"
"Assets/TumbangPreso/Runtime/UI/SeatLabel.cs"
"Assets/TumbangPreso/Runtime/UI/SettingsControlFocus.cs"
"Assets/TumbangPreso/Runtime/UI/SettingsOptionMenu.cs"
"Assets/TumbangPreso/Runtime/UI/SettingsPalette.cs"
"Assets/TumbangPreso/Runtime/UI/SettingsReadingLayout.cs"
"Assets/TumbangPreso/Runtime/UI/SettingsStyleCards.cs"
"Assets/TumbangPreso/Runtime/UI/SettingsSwitchFace.cs"
"Assets/TumbangPreso/Runtime/UI/SettingsWorkspaceRows.cs"
"Assets/TumbangPreso/Runtime/UI/SignInScreen.Native.cs"
"Assets/TumbangPreso/Runtime/UI/SignInScreen.OwnerPainted.cs"
"Assets/TumbangPreso/Runtime/UI/SignInScreen.OwnerState.cs"
"Assets/TumbangPreso/Runtime/UI/SignInScreen.cs"
"Assets/TumbangPreso/Runtime/UI/SkinLayers.cs"
"Assets/TumbangPreso/Runtime/UI/SlipperRecall.cs"
"Assets/TumbangPreso/Runtime/UI/SlipperRecallMark.cs"
"Assets/TumbangPreso/Runtime/UI/SplashScreen.CourtLoading.cs"
"Assets/TumbangPreso/Runtime/UI/SplashScreen.MenuActivation.cs"
"Assets/TumbangPreso/Runtime/UI/SplashScreen.OwnerPainted.cs"
"Assets/TumbangPreso/Runtime/UI/SplashScreen.cs"
"Assets/TumbangPreso/Runtime/UI/StatusIcons.cs"
"Assets/TumbangPreso/Runtime/UI/StreetControl.cs"
"Assets/TumbangPreso/Runtime/UI/StreetGraphic.cs"
"Assets/TumbangPreso/Runtime/UI/StreetIcon.cs"
"Assets/TumbangPreso/Runtime/UI/StreetUi.cs"
"Assets/TumbangPreso/Runtime/UI/SwatchDropdown.cs"
"Assets/TumbangPreso/Runtime/UI/TextureButtonFeedback.cs"
"Assets/TumbangPreso/Runtime/UI/TightLabel.cs"
"Assets/TumbangPreso/Runtime/UI/TumpAbilityDial.cs"
"Assets/TumbangPreso/Runtime/UI/TumpAbilitySymbol.cs"
"Assets/TumbangPreso/Runtime/UI/TumpBackdrop.cs"
"Assets/TumbangPreso/Runtime/UI/TumpButton.cs"
"Assets/TumbangPreso/Runtime/UI/TumpChoice.cs"
"Assets/TumbangPreso/Runtime/UI/TumpControllerView.cs"
"Assets/TumbangPreso/Runtime/UI/TumpCreditsView.cs"
"Assets/TumbangPreso/Runtime/UI/TumpFormWidgets.cs"
"Assets/TumbangPreso/Runtime/UI/TumpHomeView.cs"
"Assets/TumbangPreso/Runtime/UI/TumpHudEffects.cs"
"Assets/TumbangPreso/Runtime/UI/TumpMatchReadout.CourtHud.cs"
"Assets/TumbangPreso/Runtime/UI/TumpMatchReadout.MatchBar.cs"
"Assets/TumbangPreso/Runtime/UI/TumpMatchReadout.Moments.cs"
"Assets/TumbangPreso/Runtime/UI/TumpMatchReadout.OwnerPainted.cs"
"Assets/TumbangPreso/Runtime/UI/TumpMatchReadout.Recede.cs"
"Assets/TumbangPreso/Runtime/UI/TumpMatchReadout.Reticle.cs"
"Assets/TumbangPreso/Runtime/UI/TumpMatchReadout.ScoreFeedback.cs"
"Assets/TumbangPreso/Runtime/UI/TumpMatchReadout.Statuses.cs"
"Assets/TumbangPreso/Runtime/UI/TumpMatchReadout.Warnings.cs"
"Assets/TumbangPreso/Runtime/UI/TumpMatchReadout.cs"
"Assets/TumbangPreso/Runtime/UI/TumpMeshAudit.cs"
"Assets/TumbangPreso/Runtime/UI/TumpModeStamp.cs"
"Assets/TumbangPreso/Runtime/UI/TumpPaperEdge.cs"
"Assets/TumbangPreso/Runtime/UI/TumpParagraph.cs"
"Assets/TumbangPreso/Runtime/UI/TumpPickerView.Collection.cs"
"Assets/TumbangPreso/Runtime/UI/TumpPickerView.OwnerPainted.cs"
"Assets/TumbangPreso/Runtime/UI/TumpPickerView.cs"
"Assets/TumbangPreso/Runtime/UI/TumpPlayView.cs"
"Assets/TumbangPreso/Runtime/UI/TumpPowerReadout.OwnerDeck.cs"
"Assets/TumbangPreso/Runtime/UI/TumpPowerReadout.OwnerPainted.cs"
"Assets/TumbangPreso/Runtime/UI/TumpPowerReadout.cs"
"Assets/TumbangPreso/Runtime/UI/TumpPreviewPlinth.cs"
"Assets/TumbangPreso/Runtime/UI/TumpRankBadge.OwnerPainted.cs"
"Assets/TumbangPreso/Runtime/UI/TumpRankBadge.cs"
"Assets/TumbangPreso/Runtime/UI/TumpRoundSwapView.CourtBreak.cs"
"Assets/TumbangPreso/Runtime/UI/TumpRoundSwapView.OwnerPainted.cs"
"Assets/TumbangPreso/Runtime/UI/TumpRoundSwapView.cs"
"Assets/TumbangPreso/Runtime/UI/TumpScoreStrip.cs"
"Assets/TumbangPreso/Runtime/UI/TumpSettingsSession.cs"
"Assets/TumbangPreso/Runtime/UI/TumpSettingsView.OwnerPainted.cs"
"Assets/TumbangPreso/Runtime/UI/TumpSettingsView.Workspace.cs"
"Assets/TumbangPreso/Runtime/UI/TumpSettingsView.cs"
"Assets/TumbangPreso/Runtime/UI/TumpSkillView.FieldGuide.cs"
"Assets/TumbangPreso/Runtime/UI/TumpSkillView.OwnerPainted.cs"
"Assets/TumbangPreso/Runtime/UI/TumpSkillView.cs"
"Assets/TumbangPreso/Runtime/UI/TumpSurface.cs"
"Assets/TumbangPreso/Runtime/UI/TumpSymbol.cs"
"Assets/TumbangPreso/Runtime/UI/TumpTargetPointer.cs"
"Assets/TumbangPreso/Runtime/UI/TumpTouchLayoutView.OwnerPainted.cs"
"Assets/TumbangPreso/Runtime/UI/TumpTouchLayoutView.cs"
"Assets/TumbangPreso/Runtime/UI/TumpUiFactory.cs"
"Assets/TumbangPreso/Runtime/UI/TumpUiTheme.cs"
"Assets/TumbangPreso/Runtime/UI/TumpVerbSymbol.cs"
"Assets/TumbangPreso/Runtime/UI/UiMaterials.cs"
"Assets/TumbangPreso/Runtime/UI/UiRows.cs"
"Assets/TumbangPreso/Runtime/UI/UiTheme.cs"
"Assets/TumbangPreso/Runtime/UI/UltimatePresentationDirector.cs"
"Assets/TumbangPreso/Runtime/UI/VerbIcons.cs"
"Assets/TumbangPreso/Runtime/UI/VersionStamp.cs"
"Assets/TumbangPreso/Runtime/UI/WoodCraft.cs"
"Assets/TumbangPreso/Runtime/UI/WoodDropdown.cs"
"Assets/TumbangPreso/Runtime/UI/YouCard.cs"
"Assets/TumbangPreso/Runtime/Visual/AbilityVfx.cs"
"Assets/TumbangPreso/Runtime/Visual/AmihanFlightPose.cs"
"Assets/TumbangPreso/Runtime/Visual/AmihanVfx.cs"
"Assets/TumbangPreso/Runtime/Visual/ArcFlicker.cs"
"Assets/TumbangPreso/Runtime/Visual/ArenaPrewarm.cs"
"Assets/TumbangPreso/Runtime/Visual/Billboard.cs"
"Assets/TumbangPreso/Runtime/Visual/BlockyClouds.cs"
"Assets/TumbangPreso/Runtime/Visual/CanContactAccent.cs"
"Assets/TumbangPreso/Runtime/Visual/CharacterAnimator.AimPose.cs"
"Assets/TumbangPreso/Runtime/Visual/CharacterAnimator.EdgeRecovery.cs"
"Assets/TumbangPreso/Runtime/Visual/CharacterAnimator.IntroductionHandoff.cs"
"Assets/TumbangPreso/Runtime/Visual/CharacterAnimator.LocomotionArms.cs"
"Assets/TumbangPreso/Runtime/Visual/CharacterAnimator.LocomotionWeight.cs"
"Assets/TumbangPreso/Runtime/Visual/CharacterAnimator.ResetRaise.cs"
"Assets/TumbangPreso/Runtime/Visual/CharacterAnimator.TagBody.cs"
"Assets/TumbangPreso/Runtime/Visual/CharacterAnimator.ThrowBody.cs"
"Assets/TumbangPreso/Runtime/Visual/CharacterAnimator.cs"
"Assets/TumbangPreso/Runtime/Visual/CharacterNameplate.Catchable.cs"
"Assets/TumbangPreso/Runtime/Visual/CharacterNameplate.GroundMarker.cs"
"Assets/TumbangPreso/Runtime/Visual/CharacterNameplate.cs"
"Assets/TumbangPreso/Runtime/Visual/CharacterSquashStretch.cs"
"Assets/TumbangPreso/Runtime/Visual/CharacterVisual.Readability.cs"
"Assets/TumbangPreso/Runtime/Visual/CharacterVisual.cs"
"Assets/TumbangPreso/Runtime/Visual/CheskaColdGather.cs"
"Assets/TumbangPreso/Runtime/Visual/CheskaIceVisuals.cs"
"Assets/TumbangPreso/Runtime/Visual/CheskaWallBreak.cs"
"Assets/TumbangPreso/Runtime/Visual/ColourGrade.BrightLook.cs"
"Assets/TumbangPreso/Runtime/Visual/ColourGrade.Experiments.cs"
"Assets/TumbangPreso/Runtime/Visual/ColourGrade.cs"
"Assets/TumbangPreso/Runtime/Visual/ComfortParticles.cs"
"Assets/TumbangPreso/Runtime/Visual/ComicPopup.cs"
"Assets/TumbangPreso/Runtime/Visual/ConfettiPaperMaterial.cs"
"Assets/TumbangPreso/Runtime/Visual/CourtBoundaryPresentation.cs"
"Assets/TumbangPreso/Runtime/Visual/CourtContactDust.cs"
"Assets/TumbangPreso/Runtime/Visual/CourtEscapePuff.cs"
"Assets/TumbangPreso/Runtime/Visual/CourtSurfacePresentation.cs"
"Assets/TumbangPreso/Runtime/Visual/CustomCharacterOutfit.cs"
"Assets/TumbangPreso/Runtime/Visual/DamageVignette.cs"
"Assets/TumbangPreso/Runtime/Visual/DanceClip.cs"
"Assets/TumbangPreso/Runtime/Visual/DanteCarapaceVisual.cs"
"Assets/TumbangPreso/Runtime/Visual/DanteDriftVisual.cs"
"Assets/TumbangPreso/Runtime/Visual/DanteFissurePillar.cs"
"Assets/TumbangPreso/Runtime/Visual/DanteSeismicVisual.cs"
"Assets/TumbangPreso/Runtime/Visual/DanteWardBadge.cs"
"Assets/TumbangPreso/Runtime/Visual/DirectedLightningBolt.cs"
"Assets/TumbangPreso/Runtime/Visual/DisorientedHallucinations.cs"
"Assets/TumbangPreso/Runtime/Visual/DizzyStars.cs"
"Assets/TumbangPreso/Runtime/Visual/EmberDrift.cs"
"Assets/TumbangPreso/Runtime/Visual/EnvColourPass.cs"
"Assets/TumbangPreso/Runtime/Visual/FiestaBunting.cs"
"Assets/TumbangPreso/Runtime/Visual/FrostSurfacePresentation.cs"
"Assets/TumbangPreso/Runtime/Visual/GaitStyle.cs"
"Assets/TumbangPreso/Runtime/Visual/GaitStyles.cs"
"Assets/TumbangPreso/Runtime/Visual/GeneratedAnimationSet.cs"
"Assets/TumbangPreso/Runtime/Visual/GeneratedMotionAssets.cs"
"Assets/TumbangPreso/Runtime/Visual/GeoVfx.cs"
"Assets/TumbangPreso/Runtime/Visual/GhostPetCompanion.cs"
"Assets/TumbangPreso/Runtime/Visual/GhostPetMotion.cs"
"Assets/TumbangPreso/Runtime/Visual/GroundContactVisual.cs"
"Assets/TumbangPreso/Runtime/Visual/GroundReticle.cs"
"Assets/TumbangPreso/Runtime/Visual/GrowthVfx.cs"
"Assets/TumbangPreso/Runtime/Visual/HauntedPerception.cs"
"Assets/TumbangPreso/Runtime/Visual/HeroAbilityClips.Amihan.cs"
"Assets/TumbangPreso/Runtime/Visual/HeroAbilityClips.IntroductionGrounding.cs"
"Assets/TumbangPreso/Runtime/Visual/HeroAbilityClips.Introductions.cs"
"Assets/TumbangPreso/Runtime/Visual/HeroAbilityClips.Paete.cs"
"Assets/TumbangPreso/Runtime/Visual/HeroAbilityClips.Phaister.cs"
"Assets/TumbangPreso/Runtime/Visual/HeroAbilityClips.Rafi.cs"
"Assets/TumbangPreso/Runtime/Visual/HeroAbilityClips.Status.cs"
"Assets/TumbangPreso/Runtime/Visual/HeroAbilityClips.cs"
"Assets/TumbangPreso/Runtime/Visual/HeroIntroductionScene.Amihan.cs"
"Assets/TumbangPreso/Runtime/Visual/HeroIntroductionScene.Cheska.cs"
"Assets/TumbangPreso/Runtime/Visual/HeroIntroductionScene.Dante.cs"
"Assets/TumbangPreso/Runtime/Visual/HeroIntroductionScene.Nemu.cs"
"Assets/TumbangPreso/Runtime/Visual/HeroIntroductionScene.Paete.cs"
"Assets/TumbangPreso/Runtime/Visual/HeroIntroductionScene.PaeteBurst.cs"
"Assets/TumbangPreso/Runtime/Visual/HeroIntroductionScene.PaeteTake.cs"
"Assets/TumbangPreso/Runtime/Visual/HeroIntroductionScene.PaeteVfx.cs"
"Assets/TumbangPreso/Runtime/Visual/HeroIntroductionScene.Phaister.cs"
"Assets/TumbangPreso/Runtime/Visual/HeroIntroductionScene.PhaisterMark.cs"
"Assets/TumbangPreso/Runtime/Visual/HeroIntroductionScene.Rafi.cs"
"Assets/TumbangPreso/Runtime/Visual/HeroIntroductionScene.Sean.cs"
"Assets/TumbangPreso/Runtime/Visual/HeroIntroductionScene.Zack.cs"
"Assets/TumbangPreso/Runtime/Visual/HeroIntroductionScene.cs"
"Assets/TumbangPreso/Runtime/Visual/HeroPropAssets.cs"
"Assets/TumbangPreso/Runtime/Visual/HexedPhantomSlippers.cs"
"Assets/TumbangPreso/Runtime/Visual/HitFeel.cs"
"Assets/TumbangPreso/Runtime/Visual/IceThawFragment.cs"
"Assets/TumbangPreso/Runtime/Visual/ImpactBurst.cs"
"Assets/TumbangPreso/Runtime/Visual/KuroIntakePresentation.cs"
"Assets/TumbangPreso/Runtime/Visual/KuroRagePresentation.cs"
"Assets/TumbangPreso/Runtime/Visual/LagoonDeckPresentation.cs"
"Assets/TumbangPreso/Runtime/Visual/LataClockPresentation.cs"
"Assets/TumbangPreso/Runtime/Visual/LaundryMotion.cs"
"Assets/TumbangPreso/Runtime/Visual/MagnetRecallTrace.cs"
"Assets/TumbangPreso/Runtime/Visual/MapGrade.cs"
"Assets/TumbangPreso/Runtime/Visual/MarionetteControl.cs"
"Assets/TumbangPreso/Runtime/Visual/MatchFlair.cs"
"Assets/TumbangPreso/Runtime/Visual/MaterialKit.cs"
"Assets/TumbangPreso/Runtime/Visual/MotionFoley.cs"
"Assets/TumbangPreso/Runtime/Visual/NearFade.cs"
"Assets/TumbangPreso/Runtime/Visual/NeighbourhoodSkyMotion.cs"
"Assets/TumbangPreso/Runtime/Visual/NemuVeilPresentation.cs"
"Assets/TumbangPreso/Runtime/Visual/OutlineNormals.cs"
"Assets/TumbangPreso/Runtime/Visual/PaeteGroundCall.cs"
"Assets/TumbangPreso/Runtime/Visual/PaeteMeadow.cs"
"Assets/TumbangPreso/Runtime/Visual/PaeteTreeBodies.cs"
"Assets/TumbangPreso/Runtime/Visual/PaeteTrees.cs"
"Assets/TumbangPreso/Runtime/Visual/PaeteVfx.cs"
"Assets/TumbangPreso/Runtime/Visual/PaletteVariants.cs"
"Assets/TumbangPreso/Runtime/Visual/PaperConfetti.cs"
"Assets/TumbangPreso/Runtime/Visual/PhaisterAimSigil.cs"
"Assets/TumbangPreso/Runtime/Visual/PhaisterArrivalSeal.cs"
"Assets/TumbangPreso/Runtime/Visual/PhaisterDollArt.cs"
"Assets/TumbangPreso/Runtime/Visual/PhaisterHandProps.cs"
"Assets/TumbangPreso/Runtime/Visual/PhaisterHandVoodoo.cs"
"Assets/TumbangPreso/Runtime/Visual/PhaisterManika.cs"
"Assets/TumbangPreso/Runtime/Visual/PhaisterMoonlight.cs"
"Assets/TumbangPreso/Runtime/Visual/PhaisterOmen.cs"
"Assets/TumbangPreso/Runtime/Visual/PhaisterOmenScreen.cs"
"Assets/TumbangPreso/Runtime/Visual/PhaisterProp.cs"
"Assets/TumbangPreso/Runtime/Visual/PhaisterRitualWarmup.cs"
"Assets/TumbangPreso/Runtime/Visual/PhaisterSpellGeometry.cs"
"Assets/TumbangPreso/Runtime/Visual/PhaisterSwarm.cs"
"Assets/TumbangPreso/Runtime/Visual/PostAntiAlias.cs"
"Assets/TumbangPreso/Runtime/Visual/RafiSkimCoating.cs"
"Assets/TumbangPreso/Runtime/Visual/RafiWaterVisual.cs"
"Assets/TumbangPreso/Runtime/Visual/RecoveryMotion.cs"
"Assets/TumbangPreso/Runtime/Visual/ReworkProp.cs"
"Assets/TumbangPreso/Runtime/Visual/RootedMotion.cs"
"Assets/TumbangPreso/Runtime/Visual/SeanBurstEmber.cs"
"Assets/TumbangPreso/Runtime/Visual/SeanHeatGround.cs"
"Assets/TumbangPreso/Runtime/Visual/SeanIgnitionVisual.cs"
"Assets/TumbangPreso/Runtime/Visual/SkyEvent.cs"
"Assets/TumbangPreso/Runtime/Visual/SlipperBeam.cs"
"Assets/TumbangPreso/Runtime/Visual/SlipperMotionAccent.cs"
"Assets/TumbangPreso/Runtime/Visual/StatusOverhead.cs"
"Assets/TumbangPreso/Runtime/Visual/StunCoat.cs"
"Assets/TumbangPreso/Runtime/Visual/SwimmingMotion.cs"
"Assets/TumbangPreso/Runtime/Visual/ThrowGesture.cs"
"Assets/TumbangPreso/Runtime/Visual/ToonSkin.cs"
"Assets/TumbangPreso/Runtime/Visual/UltimateColumn.cs"
"Assets/TumbangPreso/Runtime/Visual/UltimateIntroductionCache.cs"
"Assets/TumbangPreso/Runtime/Visual/UltimatePerformance.cs"
"Assets/TumbangPreso/Runtime/Visual/VfxFlipbook.cs"
"Assets/TumbangPreso/Runtime/Visual/VfxMaterial.cs"
"Assets/TumbangPreso/Runtime/Visual/VfxRenderTag.cs"
"Assets/TumbangPreso/Runtime/Visual/VfxShapes.cs"
"Assets/TumbangPreso/Runtime/Visual/VfxSheets.cs"
"Assets/TumbangPreso/Runtime/Visual/VfxTimeline.cs"
"Assets/TumbangPreso/Runtime/Visual/VolcanicCooling.cs"
"Assets/TumbangPreso/Runtime/Visual/VoodooCursePresenter.cs"
"Assets/TumbangPreso/Runtime/Visual/VoodooDollPresence.cs"
"Assets/TumbangPreso/Runtime/Visual/VoodooSkyCircle.cs"
"Assets/TumbangPreso/Runtime/Visual/VoodooSoulDraw.cs"
"Assets/TumbangPreso/Runtime/Visual/VoodooVfx.cs"
"Assets/TumbangPreso/Runtime/Visual/VoxelDresser.cs"
"Assets/TumbangPreso/Runtime/Visual/VoxelWardrobe.cs"
"Assets/TumbangPreso/Runtime/Visual/WaterDepthRequest.cs"
"Assets/TumbangPreso/Runtime/Visual/WindVfx.cs"
"Assets/TumbangPreso/Runtime/Visual/WorldContactPresentation.cs"
"Assets/TumbangPreso/Runtime/Visual/WorldCueProfile.cs"
"Assets/TumbangPreso/Runtime/Visual/WorldGround.cs"
"Assets/TumbangPreso/Runtime/Visual/WorldLookCamera.cs"
"Assets/TumbangPreso/Runtime/Visual/WorldLookPresentation.cs"
"Assets/TumbangPreso/Runtime/Visual/WorldLookProfile.cs"
"Assets/TumbangPreso/Runtime/Visual/WorldOutline.cs"
"Assets/TumbangPreso/Runtime/Visual/ZackCircuitTell.cs"
"Assets/TumbangPreso/Runtime/Visual/ZackMagnetCharge.cs"
"Assets/TumbangPreso/Runtime/Visual/ZackSkateWake.cs"
-langversion:9.0
/deterministic
/optimize+
/debug:portable
/nologo
/RuntimeMetadataVersion:v4.0.30319
/nowarn:0169
/nowarn:0649
/nowarn:0282
/nowarn:1701
/nowarn:1702
-warnaserror:CS8509
/utf8output
/preferreduilang:en-US
/additionalfile:"Library/Bee/artifacts/1900b0aE.dag/TumbangPreso.Runtime.UnityAdditionalFile.txt"
##### Custom Environment Variables
DOTNET_HOST_PATH=C:\Program Files\Unity\Hub\Editor\6000.5.8f1\Editor\Data\DotNetSdk\dotnet.exe
DOTNET_MULTILEVEL_LOOKUP=0
##### ExitCode
1
##### Output
Assets\TumbangPreso\Runtime\Abilities\DanteHeroKit.cs(160,81): warning CS0618: 'FindObjectsSortMode' is obsolete: 'FindObjectsSortMode has been deprecated. Use the FindObjectsByType overloads that do not take a FindObjectsSortMode parameter.'

Assets\TumbangPreso\Runtime\Abilities\DanteHeroKit.cs(160,35): warning CS0618: 'Object.FindObjectsByType<T>(FindObjectsSortMode)' is obsolete: 'FindObjectsByType with FindObjectsSortMode parameter has been deprecated. Use FindObjectsByType<T>() or FindObjectsByType<T>(FindObjectsInactive) instead. InstanceID will be replaced in the future with EntityId and previous sort order cannot be maintained.'

Assets\TumbangPreso\Runtime\AudioDirector.cs(184,71): warning CS0618: 'FindObjectsSortMode' is obsolete: 'FindObjectsSortMode has been deprecated. Use the FindObjectsByType overloads that do not take a FindObjectsSortMode parameter.'

Assets\TumbangPreso\Runtime\AudioDirector.cs(183,38): warning CS0618: 'Object.FindObjectsByType<T>(FindObjectsInactive, FindObjectsSortMode)' is obsolete: 'FindObjectsByType with FindObjectsSortMode parameter has been deprecated. Use FindObjectsByType<T>() or FindObjectsByType<T>(FindObjectsInactive) instead. InstanceID will be replaced in the future with EntityId and previous sort order cannot be maintained.'

Assets\TumbangPreso\Runtime\Carrier.cs(137,53): error CS1061: 'HeroKit' does not contain a definition for 'ThrowChargeRate' and no accessible extension method 'ThrowChargeRate' accepting a first argument of type 'HeroKit' could be found (are you missing a using directive or an assembly reference?)

Assets\TumbangPreso\Runtime\Visual\WorldOutline.cs(497,66): warning CS0618: 'FindObjectsSortMode' is obsolete: 'FindObjectsSortMode has been deprecated. Use the FindObjectsByType overloads that do not take a FindObjectsSortMode parameter.'

Assets\TumbangPreso\Runtime\Visual\WorldOutline.cs(497,38): warning CS0618: 'Object.FindObjectsByType<T>(FindObjectsSortMode)' is obsolete: 'FindObjectsByType with FindObjectsSortMode parameter has been deprecated. Use FindObjectsByType<T>() or FindObjectsByType<T>(FindObjectsInactive) instead. InstanceID will be replaced in the future with EntityId and previous sort order cannot be maintained.'

Assets\TumbangPreso\Runtime\Camera\CameraRig.cs(335,23): warning CS0618: 'Object.FindFirstObjectByType<T>()' is obsolete: 'FindFirstObjectByType has been deprecated because it relies on instance ID ordering. Use FindAnyObjectByType instead, which does not depend on ordering.'

Assets\TumbangPreso\Runtime\Camera\CameraRig.cs(353,23): warning CS0618: 'Object.FindFirstObjectByType<T>()' is obsolete: 'FindFirstObjectByType has been deprecated because it relies on instance ID ordering. Use FindAnyObjectByType instead, which does not depend on ordering.'

Assets\TumbangPreso\Runtime\Abilities\VoodooDollBody.cs(145,97): warning CS0618: 'FindObjectsSortMode' is obsolete: 'FindObjectsSortMode has been deprecated. Use the FindObjectsByType overloads that do not take a FindObjectsSortMode parameter.'

Assets\TumbangPreso\Runtime\Abilities\VoodooDollBody.cs(145,34): warning CS0618: 'Object.FindObjectsByType<T>(FindObjectsInactive, FindObjectsSortMode)' is obsolete: 'FindObjectsByType with FindObjectsSortMode parameter has been deprecated. Use FindObjectsByType<T>() or FindObjectsByType<T>(FindObjectsInactive) instead. InstanceID will be replaced in the future with EntityId and previous sort order cannot be maintained.'

Assets\TumbangPreso\Runtime\Camera\CameraRig.cs(367,23): warning CS0618: 'Object.FindFirstObjectByType<T>()' is obsolete: 'FindFirstObjectByType has been deprecated because it relies on instance ID ordering. Use FindAnyObjectByType instead, which does not depend on ordering.'

Assets\TumbangPreso\Runtime\Camera\CameraRig.cs(377,23): warning CS0618: 'Object.FindFirstObjectByType<T>()' is obsolete: 'FindFirstObjectByType has been deprecated because it relies on instance ID ordering. Use FindAnyObjectByType instead, which does not depend on ordering.'

Assets\TumbangPreso\Runtime\Camera\CameraRig.cs(390,23): warning CS0618: 'Object.FindFirstObjectByType<T>()' is obsolete: 'FindFirstObjectByType has been deprecated because it relies on instance ID ordering. Use FindAnyObjectByType instead, which does not depend on ordering.'

Assets\TumbangPreso\Runtime\Camera\CameraRig.cs(398,21): warning CS0618: 'Object.FindFirstObjectByType<T>()' is obsolete: 'FindFirstObjectByType has been deprecated because it relies on instance ID ordering. Use FindAnyObjectByType instead, which does not depend on ordering.'

Assets\TumbangPreso\Runtime\Camera\CameraRig.cs(405,23): warning CS0618: 'Object.FindFirstObjectByType<T>()' is obsolete: 'FindFirstObjectByType has been deprecated because it relies on instance ID ordering. Use FindAnyObjectByType instead, which does not depend on ordering.'

Assets\TumbangPreso\Runtime\Carrier.cs(745,58): warning CS0618: 'FindObjectsSortMode' is obsolete: 'FindObjectsSortMode has been deprecated. Use the FindObjectsByType overloads that do not take a FindObjectsSortMode parameter.'

Assets\TumbangPreso\Runtime\Carrier.cs(745,31): warning CS0618: 'Object.FindObjectsByType<T>(FindObjectsSortMode)' is obsolete: 'FindObjectsByType with FindObjectsSortMode parameter has been deprecated. Use FindObjectsByType<T>() or FindObjectsByType<T>(FindObjectsInactive) instead. InstanceID will be replaced in the future with EntityId and previous sort order cannot be maintained.'

Assets\TumbangPreso\Runtime\Abilities\HeroHazards.cs(1294,98): warning CS0618: 'FindObjectsSortMode' is obsolete: 'FindObjectsSortMode has been deprecated. Use the FindObjectsByType overloads that do not take a FindObjectsSortMode parameter.'

Assets\TumbangPreso\Runtime\Abilities\HeroHazards.cs(1294,35): warning CS0618: 'Object.FindObjectsByType<T>(FindObjectsInactive, FindObjectsSortMode)' is obsolete: 'FindObjectsByType with FindObjectsSortMode parameter has been deprecated. Use FindObjectsByType<T>() or FindObjectsByType<T>(FindObjectsInactive) instead. InstanceID will be replaced in the future with EntityId and previous sort order cannot be maintained.'

Assets\TumbangPreso\Runtime\Abilities\RafiWaterField.cs(144,55): warning CS0618: 'FindObjectsSortMode' is obsolete: 'FindObjectsSortMode has been deprecated. Use the FindObjectsByType overloads that do not take a FindObjectsSortMode parameter.'

Assets\TumbangPreso\Runtime\Abilities\RafiWaterField.cs(144,28): warning CS0618: 'Object.FindObjectsByType<T>(FindObjectsSortMode)' is obsolete: 'FindObjectsByType with FindObjectsSortMode parameter has been deprecated. Use FindObjectsByType<T>() or FindObjectsByType<T>(FindObjectsInactive) instead. InstanceID will be replaced in the future with EntityId and previous sort order cannot be maintained.'

Assets\TumbangPreso\Runtime\DebugPlayerSwitcher.cs(224,27): warning CS0618: 'Object.FindFirstObjectByType<T>()' is obsolete: 'FindFirstObjectByType has been deprecated because it relies on instance ID ordering. Use FindAnyObjectByType instead, which does not depend on ordering.'

Assets\TumbangPreso\Runtime\DebugPlayerSwitcher.cs(242,21): warning CS0618: 'Object.FindFirstObjectByType<T>()' is obsolete: 'FindFirstObjectByType has been deprecated because it relies on instance ID ordering. Use FindAnyObjectByType instead, which does not depend on ordering.'

Assets\TumbangPreso\Runtime\DebugPlayerSwitcher.cs(246,27): warning CS0618: 'Object.FindFirstObjectByType<T>()' is obsolete: 'FindFirstObjectByType has been deprecated because it relies on instance ID ordering. Use FindAnyObjectByType instead, which does not depend on ordering.'

Assets\TumbangPreso\Runtime\DebugPlayerSwitcher.cs(249,29): warning CS0618: 'Object.FindFirstObjectByType<T>()' is obsolete: 'FindFirstObjectByType has been deprecated because it relies on instance ID ordering. Use FindAnyObjectByType instead, which does not depend on ordering.'

Assets\TumbangPreso\Runtime\DebugPlayerSwitcher.cs(251,31): warning CS0618: 'Object.FindFirstObjectByType<T>()' is obsolete: 'FindFirstObjectByType has been deprecated because it relies on instance ID ordering. Use FindAnyObjectByType instead, which does not depend on ordering.'

Assets\TumbangPreso\Runtime\Camera\SpectatorCamera.cs(982,20): warning CS0618: 'Object.FindFirstObjectByType<T>()' is obsolete: 'FindFirstObjectByType has been deprecated because it relies on instance ID ordering. Use FindAnyObjectByType instead, which does not depend on ordering.'

Assets\TumbangPreso\Runtime\CharacterMotor.cs(797,20): warning CS0618: 'Object.FindFirstObjectByType<T>()' is obsolete: 'FindFirstObjectByType has been deprecated because it relies on instance ID ordering. Use FindAnyObjectByType instead, which does not depend on ordering.'

Assets\TumbangPreso\Runtime\Camera\SpectatorInterest.cs(772,50): warning CS0618: 'FindObjectsSortMode' is obsolete: 'FindObjectsSortMode has been deprecated. Use the FindObjectsByType overloads that do not take a FindObjectsSortMode parameter.'

Assets\TumbangPreso\Runtime\Camera\SpectatorInterest.cs(771,29): warning CS0618: 'Object.FindObjectsByType<T>(FindObjectsInactive, FindObjectsSortMode)' is obsolete: 'FindObjectsByType with FindObjectsSortMode parameter has been deprecated. Use FindObjectsByType<T>() or FindObjectsByType<T>(FindObjectsInactive) instead. InstanceID will be replaced in the future with EntityId and previous sort order cannot be maintained.'

Assets\TumbangPreso\Runtime\GuidedTraining.cs(197,73): warning CS0618: 'FindObjectsSortMode' is obsolete: 'FindObjectsSortMode has been deprecated. Use the FindObjectsByType overloads that do not take a FindObjectsSortMode parameter.'

Assets\TumbangPreso\Runtime\GuidedTraining.cs(197,36): warning CS0618: 'Object.FindObjectsByType<T>(FindObjectsSortMode)' is obsolete: 'FindObjectsByType with FindObjectsSortMode parameter has been deprecated. Use FindObjectsByType<T>() or FindObjectsByType<T>(FindObjectsInactive) instead. InstanceID will be replaced in the future with EntityId and previous sort order cannot be maintained.'

Assets\TumbangPreso\Runtime\GuidedTraining.cs(199,27): warning CS0618: 'Object.FindFirstObjectByType<T>()' is obsolete: 'FindFirstObjectByType has been deprecated because it relies on instance ID ordering. Use FindAnyObjectByType instead, which does not depend on ordering.'

Assets\TumbangPreso\Runtime\CombatVerbs.cs(581,58): warning CS0618: 'FindObjectsSortMode' is obsolete: 'FindObjectsSortMode has been deprecated. Use the FindObjectsByType overloads that do not take a FindObjectsSortMode parameter.'

Assets\TumbangPreso\Runtime\CombatVerbs.cs(581,31): warning CS0618: 'Object.FindObjectsByType<T>(FindObjectsSortMode)' is obsolete: 'FindObjectsByType with FindObjectsSortMode parameter has been deprecated. Use FindObjectsByType<T>() or FindObjectsByType<T>(FindObjectsInactive) instead. InstanceID will be replaced in the future with EntityId and previous sort order cannot be maintained.'

Assets\TumbangPreso\Runtime\Diagnostics\NetAutomationProbe.cs(118,24): warning CS0618: 'Object.FindFirstObjectByType<T>()' is obsolete: 'FindFirstObjectByType has been deprecated because it relies on instance ID ordering. Use FindAnyObjectByType instead, which does not depend on ordering.'

Assets\TumbangPreso\Runtime\CombatVerbs.cs(692,58): warning CS0618: 'FindObjectsSortMode' is obsolete: 'FindObjectsSortMode has been deprecated. Use the FindObjectsByType overloads that do not take a FindObjectsSortMode parameter.'

Assets\TumbangPreso\Runtime\CombatVerbs.cs(692,31): warning CS0618: 'Object.FindObjectsByType<T>(FindObjectsSortMode)' is obsolete: 'FindObjectsByType with FindObjectsSortMode parameter has been deprecated. Use FindObjectsByType<T>() or FindObjectsByType<T>(FindObjectsInactive) instead. InstanceID will be replaced in the future with EntityId and previous sort order cannot be maintained.'

Assets\TumbangPreso\Runtime\GuidedTraining.cs(2245,27): warning CS0618: 'Object.FindFirstObjectByType<T>()' is obsolete: 'FindFirstObjectByType has been deprecated because it relies on instance ID ordering. Use FindAnyObjectByType instead, which does not depend on ordering.'

Assets\TumbangPreso\Runtime\Diagnostics\NetAutomationProbe.cs(158,26): warning CS0618: 'Object.FindFirstObjectByType<T>()' is obsolete: 'FindFirstObjectByType has been deprecated because it relies on instance ID ordering. Use FindAnyObjectByType instead, which does not depend on ordering.'

Assets\TumbangPreso\Runtime\Diagnostics\NetAutomationProbe.cs(164,26): warning CS0618: 'Object.FindFirstObjectByType<T>()' is obsolete: 'FindFirstObjectByType has been deprecated because it relies on instance ID ordering. Use FindAnyObjectByType instead, which does not depend on ordering.'

Assets\TumbangPreso\Runtime\Input\UiInputModule.cs(45,26): warning CS0618: 'Object.FindFirstObjectByType<T>()' is obsolete: 'FindFirstObjectByType has been deprecated because it relies on instance ID ordering. Use FindAnyObjectByType instead, which does not depend on ordering.'

Assets\TumbangPreso\Runtime\Diagnostics\WorldShadowSweepProbe.cs(97,67): warning CS0618: 'FindObjectsSortMode' is obsolete: 'FindObjectsSortMode has been deprecated. Use the FindObjectsByType overloads that do not take a FindObjectsSortMode parameter.'

Assets\TumbangPreso\Runtime\Diagnostics\WorldShadowSweepProbe.cs(97,35): warning CS0618: 'Object.FindObjectsByType<T>(FindObjectsSortMode)' is obsolete: 'FindObjectsByType with FindObjectsSortMode parameter has been deprecated. Use FindObjectsByType<T>() or FindObjectsByType<T>(FindObjectsInactive) instead. InstanceID will be replaced in the future with EntityId and previous sort order cannot be maintained.'

Assets\TumbangPreso\Runtime\Diagnostics\WorldShadowSweepProbe.cs(98,72): warning CS0618: 'FindObjectsSortMode' is obsolete: 'FindObjectsSortMode has been deprecated. Use the FindObjectsByType overloads that do not take a FindObjectsSortMode parameter.'

Assets\TumbangPreso\Runtime\Diagnostics\WorldShadowSweepProbe.cs(98,35): warning CS0618: 'Object.FindObjectsByType<T>(FindObjectsSortMode)' is obsolete: 'FindObjectsByType with FindObjectsSortMode parameter has been deprecated. Use FindObjectsByType<T>() or FindObjectsByType<T>(FindObjectsInactive) instead. InstanceID will be replaced in the future with EntityId and previous sort order cannot be maintained.'

Assets\TumbangPreso\Runtime\Diagnostics\WorldShadowSweepProbe.cs(100,23): warning CS0618: 'Object.FindFirstObjectByType<T>()' is obsolete: 'FindFirstObjectByType has been deprecated because it relies on instance ID ordering. Use FindAnyObjectByType instead, which does not depend on ordering.'

Assets\TumbangPreso\Runtime\Diagnostics\WorldShadowSweepProbe.cs(104,44): warning CS0618: 'FindObjectsSortMode' is obsolete: 'FindObjectsSortMode has been deprecated. Use the FindObjectsByType overloads that do not take a FindObjectsSortMode parameter.'

Assets\TumbangPreso\Runtime\Diagnostics\WorldShadowSweepProbe.cs(104,19): warning CS0618: 'Object.FindObjectsByType<T>(FindObjectsSortMode)' is obsolete: 'FindObjectsByType with FindObjectsSortMode parameter has been deprecated. Use FindObjectsByType<T>() or FindObjectsByType<T>(FindObjectsInactive) instead. InstanceID will be replaced in the future with EntityId and previous sort order cannot be maintained.'

Assets\TumbangPreso\Runtime\Map\BridgeHoop.cs(48,55): warning CS0618: 'FindObjectsSortMode' is obsolete: 'FindObjectsSortMode has been deprecated. Use the FindObjectsByType overloads that do not take a FindObjectsSortMode parameter.'

Assets\TumbangPreso\Runtime\Map\BridgeHoop.cs(47,37): warning CS0618: 'Object.FindObjectsByType<T>(FindObjectsInactive, FindObjectsSortMode)' is obsolete: 'FindObjectsByType with FindObjectsSortMode parameter has been deprecated. Use FindObjectsByType<T>() or FindObjectsByType<T>(FindObjectsInactive) instead. InstanceID will be replaced in the future with EntityId and previous sort order cannot be maintained.'

Assets\TumbangPreso\Runtime\Diagnostics\NetPersonalBuffProbe.cs(77,23): warning CS0618: 'Object.FindFirstObjectByType<T>()' is obsolete: 'FindFirstObjectByType has been deprecated because it relies on instance ID ordering. Use FindAnyObjectByType instead, which does not depend on ordering.'

Assets\TumbangPreso\Runtime\Diagnostics\NetPersonalBuffProbe.cs(80,66): warning CS0618: 'FindObjectsSortMode' is obsolete: 'FindObjectsSortMode has been deprecated. Use the FindObjectsByType overloads that do not take a FindObjectsSortMode parameter.'

Assets\TumbangPreso\Runtime\Diagnostics\NetPersonalBuffProbe.cs(80,34): warning CS0618: 'Object.FindObjectsByType<T>(FindObjectsSortMode)' is obsolete: 'FindObjectsByType with FindObjectsSortMode parameter has been deprecated. Use FindObjectsByType<T>() or FindObjectsByType<T>(FindObjectsInactive) instead. InstanceID will be replaced in the future with EntityId and previous sort order cannot be maintained.'

Assets\TumbangPreso\Runtime\Diagnostics\NetPersonalBuffProbe.cs(81,71): warning CS0618: 'FindObjectsSortMode' is obsolete: 'FindObjectsSortMode has been deprecated. Use the FindObjectsByType overloads that do not take a FindObjectsSortMode parameter.'

Assets\TumbangPreso\Runtime\Diagnostics\NetPersonalBuffProbe.cs(81,34): warning CS0618: 'Object.FindObjectsByType<T>(FindObjectsSortMode)' is obsolete: 'FindObjectsByType with FindObjectsSortMode parameter has been deprecated. Use FindObjectsByType<T>() or FindObjectsByType<T>(FindObjectsInactive) instead. InstanceID will be replaced in the future with EntityId and previous sort order cannot be maintained.'

Assets\TumbangPreso\Runtime\Diagnostics\NetFamiliarProbe.cs(58,23): warning CS0618: 'Object.FindFirstObjectByType<T>()' is obsolete: 'FindFirstObjectByType has been deprecated because it relies on instance ID ordering. Use FindAnyObjectByType instead, which does not depend on ordering.'

Assets\TumbangPreso\Runtime\Diagnostics\NetFamiliarProbe.cs(77,66): warning CS0618: 'FindObjectsSortMode' is obsolete: 'FindObjectsSortMode has been deprecated. Use the FindObjectsByType overloads that do not take a FindObjectsSortMode parameter.'

Assets\TumbangPreso\Runtime\Diagnostics\NetFamiliarProbe.cs(77,34): warning CS0618: 'Object.FindObjectsByType<T>(FindObjectsSortMode)' is obsolete: 'FindObjectsByType with FindObjectsSortMode parameter has been deprecated. Use FindObjectsByType<T>() or FindObjectsByType<T>(FindObjectsInactive) instead. InstanceID will be replaced in the future with EntityId and previous sort order cannot be maintained.'

Assets\TumbangPreso\Runtime\Diagnostics\NetFamiliarProbe.cs(78,72): warning CS0618: 'FindObjectsSortMode' is obsolete: 'FindObjectsSortMode has been deprecated. Use the FindObjectsByType overloads that do not take a FindObjectsSortMode parameter.'

Assets\TumbangPreso\Runtime\Diagnostics\NetFamiliarProbe.cs(78,35): warning CS0618: 'Object.FindObjectsByType<T>(FindObjectsSortMode)' is obsolete: 'FindObjectsByType with FindObjectsSortMode parameter has been deprecated. Use FindObjectsByType<T>() or FindObjectsByType<T>(FindObjectsInactive) instead. InstanceID will be replaced in the future with EntityId and previous sort order cannot be maintained.'

Assets\TumbangPreso\Runtime\Diagnostics\NetFamiliarProbe.cs(140,89): warning CS0618: 'FindObjectsSortMode' is obsolete: 'FindObjectsSortMode has been deprecated. Use the FindObjectsByType overloads that do not take a FindObjectsSortMode parameter.'

Assets\TumbangPreso\Runtime\Diagnostics\NetFamiliarProbe.cs(140,28): warning CS0618: 'Object.FindObjectsByType<T>(FindObjectsSortMode)' is obsolete: 'FindObjectsByType with FindObjectsSortMode parameter has been deprecated. Use FindObjectsByType<T>() or FindObjectsByType<T>(FindObjectsInactive) instead. InstanceID will be replaced in the future with EntityId and previous sort order cannot be maintained.'

Assets\TumbangPreso\Runtime\Diagnostics\NetPeerDepartureProbe.cs(89,71): warning CS0618: 'FindObjectsSortMode' is obsolete: 'FindObjectsSortMode has been deprecated. Use the FindObjectsByType overloads that do not take a FindObjectsSortMode parameter.'

Assets\TumbangPreso\Runtime\Diagnostics\NetPeerDepartureProbe.cs(89,32): warning CS0618: 'Object.FindObjectsByType<T>(FindObjectsSortMode)' is obsolete: 'FindObjectsByType with FindObjectsSortMode parameter has been deprecated. Use FindObjectsByType<T>() or FindObjectsByType<T>(FindObjectsInactive) instead. InstanceID will be replaced in the future with EntityId and previous sort order cannot be maintained.'

Assets\TumbangPreso\Runtime\Diagnostics\NetIceProbe.cs(75,23): warning CS0618: 'Object.FindFirstObjectByType<T>()' is obsolete: 'FindFirstObjectByType has been deprecated because it relies on instance ID ordering. Use FindAnyObjectByType instead, which does not depend on ordering.'

Assets\TumbangPreso\Runtime\Diagnostics\NetIceProbe.cs(78,66): warning CS0618: 'FindObjectsSortMode' is obsolete: 'FindObjectsSortMode has been deprecated. Use the FindObjectsByType overloads that do not take a FindObjectsSortMode parameter.'

Assets\TumbangPreso\Runtime\Diagnostics\NetIceProbe.cs(78,34): warning CS0618: 'Object.FindObjectsByType<T>(FindObjectsSortMode)' is obsolete: 'FindObjectsByType with FindObjectsSortMode parameter has been deprecated. Use FindObjectsByType<T>() or FindObjectsByType<T>(FindObjectsInactive) instead. InstanceID will be replaced in the future with EntityId and previous sort order cannot be maintained.'

Assets\TumbangPreso\Runtime\Diagnostics\NetIceProbe.cs(79,71): warning CS0618: 'FindObjectsSortMode' is obsolete: 'FindObjectsSortMode has been deprecated. Use the FindObjectsByType overloads that do not take a FindObjectsSortMode parameter.'

Assets\TumbangPreso\Runtime\Diagnostics\NetIceProbe.cs(79,34): warning CS0618: 'Object.FindObjectsByType<T>(FindObjectsSortMode)' is obsolete: 'FindObjectsByType with FindObjectsSortMode parameter has been deprecated. Use FindObjectsByType<T>() or FindObjectsByType<T>(FindObjectsInactive) instead. InstanceID will be replaced in the future with EntityId and previous sort order cannot be maintained.'

Assets\TumbangPreso\Runtime\Diagnostics\NetIceProbe.cs(131,73): warning CS0618: 'FindObjectsSortMode' is obsolete: 'FindObjectsSortMode has been deprecated. Use the FindObjectsByType overloads that do not take a FindObjectsSortMode parameter.'

Assets\TumbangPreso\Runtime\Diagnostics\NetIceProbe.cs(131,24): warning CS0618: 'Object.FindObjectsByType<T>(FindObjectsSortMode)' is obsolete: 'FindObjectsByType with FindObjectsSortMode parameter has been deprecated. Use FindObjectsByType<T>() or FindObjectsByType<T>(FindObjectsInactive) instead. InstanceID will be replaced in the future with EntityId and previous sort order cannot be maintained.'

Assets\TumbangPreso\Runtime\Diagnostics\NetIceProbe.cs(132,76): warning CS0618: 'FindObjectsSortMode' is obsolete: 'FindObjectsSortMode has been deprecated. Use the FindObjectsByType overloads that do not take a FindObjectsSortMode parameter.'

Assets\TumbangPreso\Runtime\Diagnostics\NetIceProbe.cs(132,23): warning CS0618: 'Object.FindObjectsByType<T>(FindObjectsSortMode)' is obsolete: 'FindObjectsByType with FindObjectsSortMode parameter has been deprecated. Use FindObjectsByType<T>() or FindObjectsByType<T>(FindObjectsInactive) instead. InstanceID will be replaced in the future with EntityId and previous sort order cannot be maintained.'

Assets\TumbangPreso\Runtime\Diagnostics\NetDanteProbe.cs(105,25): warning CS0618: 'Object.FindFirstObjectByType<T>()' is obsolete: 'FindFirstObjectByType has been deprecated because it relies on instance ID ordering. Use FindAnyObjectByType instead, which does not depend on ordering.'

Assets\TumbangPreso\Runtime\Diagnostics\NetDanteProbe.cs(109,67): warning CS0618: 'FindObjectsSortMode' is obsolete: 'FindObjectsSortMode has been deprecated. Use the FindObjectsByType overloads that do not take a FindObjectsSortMode parameter.'

Assets\TumbangPreso\Runtime\Diagnostics\NetDanteProbe.cs(109,35): warning CS0618: 'Object.FindObjectsByType<T>(FindObjectsSortMode)' is obsolete: 'FindObjectsByType with FindObjectsSortMode parameter has been deprecated. Use FindObjectsByType<T>() or FindObjectsByType<T>(FindObjectsInactive) instead. InstanceID will be replaced in the future with EntityId and previous sort order cannot be maintained.'

Assets\TumbangPreso\Runtime\Diagnostics\NetDanteProbe.cs(110,73): warning CS0618: 'FindObjectsSortMode' is obsolete: 'FindObjectsSortMode has been deprecated. Use the FindObjectsByType overloads that do not take a FindObjectsSortMode parameter.'

Assets\TumbangPreso\Runtime\Diagnostics\NetDanteProbe.cs(110,36): warning CS0618: 'Object.FindObjectsByType<T>(FindObjectsSortMode)' is obsolete: 'FindObjectsByType with FindObjectsSortMode parameter has been deprecated. Use FindObjectsByType<T>() or FindObjectsByType<T>(FindObjectsInactive) instead. InstanceID will be replaced in the future with EntityId and previous sort order cannot be maintained.'

Assets\TumbangPreso\Runtime\Diagnostics\NetDanteProbe.cs(216,73): warning CS0618: 'FindObjectsSortMode' is obsolete: 'FindObjectsSortMode has been deprecated. Use the FindObjectsByType overloads that do not take a FindObjectsSortMode parameter.'

Assets\TumbangPreso\Runtime\Diagnostics\NetDanteProbe.cs(216,46): warning CS0618: 'Object.FindObjectsByType<T>(FindObjectsSortMode)' is obsolete: 'FindObjectsByType with FindObjectsSortMode parameter has been deprecated. Use FindObjectsByType<T>() or FindObjectsByType<T>(FindObjectsInactive) instead. InstanceID will be replaced in the future with EntityId and previous sort order cannot be maintained.'

Assets\TumbangPreso\Runtime\Diagnostics\NetDanteProbe.cs(226,59): warning CS0618: 'FindObjectsSortMode' is obsolete: 'FindObjectsSortMode has been deprecated. Use the FindObjectsByType overloads that do not take a FindObjectsSortMode parameter.'

Assets\TumbangPreso\Runtime\Diagnostics\NetDanteProbe.cs(226,21): warning CS0618: 'Object.FindObjectsByType<T>(FindObjectsSortMode)' is obsolete: 'FindObjectsByType with FindObjectsSortMode parameter has been deprecated. Use FindObjectsByType<T>() or FindObjectsByType<T>(FindObjectsInactive) instead. InstanceID will be replaced in the future with EntityId and previous sort order cannot be maintained.'

Assets\TumbangPreso\Runtime\Diagnostics\NetDanteProbe.cs(236,87): warning CS0618: 'FindObjectsSortMode' is obsolete: 'FindObjectsSortMode has been deprecated. Use the FindObjectsByType overloads that do not take a FindObjectsSortMode parameter.'

Assets\TumbangPreso\Runtime\Diagnostics\NetDanteProbe.cs(236,37): warning CS0618: 'Object.FindObjectsByType<T>(FindObjectsSortMode)' is obsolete: 'FindObjectsByType with FindObjectsSortMode parameter has been deprecated. Use FindObjectsByType<T>() or FindObjectsByType<T>(FindObjectsInactive) instead. InstanceID will be replaced in the future with EntityId and previous sort order cannot be maintained.'

Assets\TumbangPreso\Runtime\Diagnostics\NetDanteProbe.cs(237,88): warning CS0618: 'FindObjectsSortMode' is obsolete: 'FindObjectsSortMode has been deprecated. Use the FindObjectsByType overloads that do not take a FindObjectsSortMode parameter.'

Assets\TumbangPreso\Runtime\Diagnostics\NetDanteProbe.cs(237,37): warning CS0618: 'Object.FindObjectsByType<T>(FindObjectsSortMode)' is obsolete: 'FindObjectsByType with FindObjectsSortMode parameter has been deprecated. Use FindObjectsByType<T>() or FindObjectsByType<T>(FindObjectsInactive) instead. InstanceID will be replaced in the future with EntityId and previous sort order cannot be maintained.'

Assets\TumbangPreso\Runtime\Map\LagoonWater.cs(52,36): warning CS0618: 'Object.FindFirstObjectByType<T>()' is obsolete: 'FindFirstObjectByType has been deprecated because it relies on instance ID ordering. Use FindAnyObjectByType instead, which does not depend on ordering.'

Assets\TumbangPreso\Runtime\GuidedTraining.cs(833,26): warning CS0618: 'FindObjectsSortMode' is obsolete: 'FindObjectsSortMode has been deprecated. Use the FindObjectsByType overloads that do not take a FindObjectsSortMode parameter.'

Assets\TumbangPreso\Runtime\GuidedTraining.cs(832,36): warning CS0618: 'Object.FindObjectsByType<T>(FindObjectsSortMode)' is obsolete: 'FindObjectsByType with FindObjectsSortMode parameter has been deprecated. Use FindObjectsByType<T>() or FindObjectsByType<T>(FindObjectsInactive) instead. InstanceID will be replaced in the future with EntityId and previous sort order cannot be maintained.'

Assets\TumbangPreso\Runtime\Diagnostics\NetPhaisterProbe.cs(93,25): warning CS0618: 'Object.FindFirstObjectByType<T>()' is obsolete: 'FindFirstObjectByType has been deprecated because it relies on instance ID ordering. Use FindAnyObjectByType instead, which does not depend on ordering.'

Assets\TumbangPreso\Runtime\Diagnostics\NetPhaisterProbe.cs(99,67): warning CS0618: 'FindObjectsSortMode' is obsolete: 'FindObjectsSortMode has been deprecated. Use the FindObjectsByType overloads that do not take a FindObjectsSortMode parameter.'

Assets\TumbangPreso\Runtime\Diagnostics\NetPhaisterProbe.cs(99,35): warning CS0618: 'Object.FindObjectsByType<T>(FindObjectsSortMode)' is obsolete: 'FindObjectsByType with FindObjectsSortMode parameter has been deprecated. Use FindObjectsByType<T>() or FindObjectsByType<T>(FindObjectsInactive) instead. InstanceID will be replaced in the future with EntityId and previous sort order cannot be maintained.'

Assets\TumbangPreso\Runtime\Diagnostics\NetPhaisterProbe.cs(100,72): warning CS0618: 'FindObjectsSortMode' is obsolete: 'FindObjectsSortMode has been deprecated. Use the FindObjectsByType overloads that do not take a FindObjectsSortMode parameter.'

Assets\TumbangPreso\Runtime\Diagnostics\NetPhaisterProbe.cs(100,35): warning CS0618: 'Object.FindObjectsByType<T>(FindObjectsSortMode)' is obsolete: 'FindObjectsByType with FindObjectsSortMode parameter has been deprecated. Use FindObjectsByType<T>() or FindObjectsByType<T>(FindObjectsInactive) instead. InstanceID will be replaced in the future with EntityId and previous sort order cannot be maintained.'

Assets\TumbangPreso\Runtime\Diagnostics\NetPhaisterProbe.cs(154,79): warning CS0618: 'FindObjectsSortMode' is obsolete: 'FindObjectsSortMode has been deprecated. Use the FindObjectsByType overloads that do not take a FindObjectsSortMode parameter.'

Assets\TumbangPreso\Runtime\Diagnostics\NetPhaisterProbe.cs(154,31): warning CS0618: 'Object.FindObjectsByType<T>(FindObjectsSortMode)' is obsolete: 'FindObjectsByType with FindObjectsSortMode parameter has been deprecated. Use FindObjectsByType<T>() or FindObjectsByType<T>(FindObjectsInactive) instead. InstanceID will be replaced in the future with EntityId and previous sort order cannot be maintained.'

Assets\TumbangPreso\Runtime\Diagnostics\NetPhaisterProbe.cs(160,49): warning CS0618: 'FindObjectsSortMode' is obsolete: 'FindObjectsSortMode has been deprecated. Use the FindObjectsByType overloads that do not take a FindObjectsSortMode parameter.'

Assets\TumbangPreso\Runtime\Diagnostics\NetPhaisterProbe.cs(160,21): warning CS0618: 'Object.FindObjectsByType<T>(FindObjectsSortMode)' is obsolete: 'FindObjectsByType with FindObjectsSortMode parameter has been deprecated. Use FindObjectsByType<T>() or FindObjectsByType<T>(FindObjectsInactive) instead. InstanceID will be replaced in the future with EntityId and previous sort order cannot be maintained.'

Assets\TumbangPreso\Runtime\Diagnostics\NetIceProbe.cs(169,23): warning CS0618: 'Object.FindFirstObjectByType<T>()' is obsolete: 'FindFirstObjectByType has been deprecated because it relies on instance ID ordering. Use FindAnyObjectByType instead, which does not depend on ordering.'

Assets\TumbangPreso\Runtime\Diagnostics\NetIceProbe.cs(179,70): warning CS0618: 'FindObjectsSortMode' is obsolete: 'FindObjectsSortMode has been deprecated. Use the FindObjectsByType overloads that do not take a FindObjectsSortMode parameter.'

Assets\TumbangPreso\Runtime\Diagnostics\NetIceProbe.cs(179,38): warning CS0618: 'Object.FindObjectsByType<T>(FindObjectsSortMode)' is obsolete: 'FindObjectsByType with FindObjectsSortMode parameter has been deprecated. Use FindObjectsByType<T>() or FindObjectsByType<T>(FindObjectsInactive) instead. InstanceID will be replaced in the future with EntityId and previous sort order cannot be maintained.'

Assets\TumbangPreso\Runtime\Diagnostics\NetIceProbe.cs(180,75): warning CS0618: 'FindObjectsSortMode' is obsolete: 'FindObjectsSortMode has been deprecated. Use the FindObjectsByType overloads that do not take a FindObjectsSortMode parameter.'

Assets\TumbangPreso\Runtime\Diagnostics\NetIceProbe.cs(180,38): warning CS0618: 'Object.FindObjectsByType<T>(FindObjectsSortMode)' is obsolete: 'FindObjectsByType with FindObjectsSortMode parameter has been deprecated. Use FindObjectsByType<T>() or FindObjectsByType<T>(FindObjectsInactive) instead. InstanceID will be replaced in the future with EntityId and previous sort order cannot be maintained.'

Assets\TumbangPreso\Runtime\Diagnostics\WorldGraphicsProbe.cs(82,32): warning CS0618: 'Object.FindFirstObjectByType<T>()' is obsolete: 'FindFirstObjectByType has been deprecated because it relies on instance ID ordering. Use FindAnyObjectByType instead, which does not depend on ordering.'

Assets\TumbangPreso\Runtime\Diagnostics\WorldGraphicsProbe.cs(84,74): warning CS0618: 'FindObjectsSortMode' is obsolete: 'FindObjectsSortMode has been deprecated. Use the FindObjectsByType overloads that do not take a FindObjectsSortMode parameter.'

Assets\TumbangPreso\Runtime\Diagnostics\WorldGraphicsProbe.cs(84,42): warning CS0618: 'Object.FindObjectsByType<T>(FindObjectsSortMode)' is obsolete: 'FindObjectsByType with FindObjectsSortMode parameter has been deprecated. Use FindObjectsByType<T>() or FindObjectsByType<T>(FindObjectsInactive) instead. InstanceID will be replaced in the future with EntityId and previous sort order cannot be maintained.'

Assets\TumbangPreso\Runtime\Diagnostics\WorldGraphicsProbe.cs(85,79): warning CS0618: 'FindObjectsSortMode' is obsolete: 'FindObjectsSortMode has been deprecated. Use the FindObjectsByType overloads that do not take a FindObjectsSortMode parameter.'

Assets\TumbangPreso\Runtime\Diagnostics\WorldGraphicsProbe.cs(85,42): warning CS0618: 'Object.FindObjectsByType<T>(FindObjectsSortMode)' is obsolete: 'FindObjectsByType with FindObjectsSortMode parameter has been deprecated. Use FindObjectsByType<T>() or FindObjectsByType<T>(FindObjectsInactive) instead. InstanceID will be replaced in the future with EntityId and previous sort order cannot be maintained.'

Assets\TumbangPreso\Runtime\Diagnostics\WorldGraphicsProbe.cs(93,29): warning CS0618: 'Object.FindFirstObjectByType<T>()' is obsolete: 'FindFirstObjectByType has been deprecated because it relies on instance ID ordering. Use FindAnyObjectByType instead, which does not depend on ordering.'

Assets\TumbangPreso\Runtime\Diagnostics\WorldGraphicsProbe.cs(99,41): warning CS0618: 'Object.FindFirstObjectByType<T>()' is obsolete: 'FindFirstObjectByType has been deprecated because it relies on instance ID ordering. Use FindAnyObjectByType instead, which does not depend on ordering.'

Assets\TumbangPreso\Runtime\Map\LagoonWater.cs(109,42): warning CS0618: 'Object.FindFirstObjectByType<T>()' is obsolete: 'FindFirstObjectByType has been deprecated because it relies on instance ID ordering. Use FindAnyObjectByType instead, which does not depend on ordering.'

Assets\TumbangPreso\Runtime\Camera\SpectatorCamera.cs(2597,72): warning CS0618: 'FindObjectsSortMode' is obsolete: 'FindObjectsSortMode has been deprecated. Use the FindObjectsByType overloads that do not take a FindObjectsSortMode parameter.'

Assets\TumbangPreso\Runtime\Camera\SpectatorCamera.cs(2596,38): warning CS0618: 'Object.FindObjectsByType<T>(FindObjectsInactive, FindObjectsSortMode)' is obsolete: 'FindObjectsByType with FindObjectsSortMode parameter has been deprecated. Use FindObjectsByType<T>() or FindObjectsByType<T>(FindObjectsInactive) instead. InstanceID will be replaced in the future with EntityId and previous sort order cannot be maintained.'

Assets\TumbangPreso\Runtime\Input\InputCatalogue.cs(141,56): warning CS8524: The switch expression does not handle some values of its input type (it is not exhaustive) involving an unnamed enum value. For example, the pattern '(TumbangPreso.Verb)10' is not covered.

Assets\TumbangPreso\Runtime\Map\RooftopRecovery.cs(28,36): warning CS0618: 'Object.FindFirstObjectByType<T>()' is obsolete: 'FindFirstObjectByType has been deprecated because it relies on instance ID ordering. Use FindAnyObjectByType instead, which does not depend on ordering.'

Assets\TumbangPreso\Runtime\Map\StreetTripHazard.cs(240,46): warning CS0618: 'FindObjectsSortMode' is obsolete: 'FindObjectsSortMode has been deprecated. Use the FindObjectsByType overloads that do not take a FindObjectsSortMode parameter.'

Assets\TumbangPreso\Runtime\Map\StreetTripHazard.cs(239,29): warning CS0618: 'Object.FindObjectsByType<T>(FindObjectsInactive, FindObjectsSortMode)' is obsolete: 'FindObjectsByType with FindObjectsSortMode parameter has been deprecated. Use FindObjectsByType<T>() or FindObjectsByType<T>(FindObjectsInactive) instead. InstanceID will be replaced in the future with EntityId and previous sort order cannot be maintained.'

Assets\TumbangPreso\Runtime\Map\RooftopRecovery.cs(72,36): warning CS0618: 'Object.FindFirstObjectByType<T>()' is obsolete: 'FindFirstObjectByType has been deprecated because it relies on instance ID ordering. Use FindAnyObjectByType instead, which does not depend on ordering.'

Assets\TumbangPreso\Runtime\MatchStatsCollector.cs(403,69): warning CS0618: 'FindObjectsSortMode' is obsolete: 'FindObjectsSortMode has been deprecated. Use the FindObjectsByType overloads that do not take a FindObjectsSortMode parameter.'

Assets\TumbangPreso\Runtime\MatchStatsCollector.cs(403,23): warning CS0618: 'Object.FindObjectsByType<T>(FindObjectsSortMode)' is obsolete: 'FindObjectsByType with FindObjectsSortMode parameter has been deprecated. Use FindObjectsByType<T>() or FindObjectsByType<T>(FindObjectsInactive) instead. InstanceID will be replaced in the future with EntityId and previous sort order cannot be maintained.'

Assets\TumbangPreso\Runtime\MatchHost.cs(98,23): warning CS0618: 'Object.FindFirstObjectByType<T>()' is obsolete: 'FindFirstObjectByType has been deprecated because it relies on instance ID ordering. Use FindAnyObjectByType instead, which does not depend on ordering.'

Assets\TumbangPreso\Runtime\MatchHost.cs(110,23): warning CS0618: 'Object.FindFirstObjectByType<T>()' is obsolete: 'FindFirstObjectByType has been deprecated because it relies on instance ID ordering. Use FindAnyObjectByType instead, which does not depend on ordering.'

Assets\TumbangPreso\Runtime\Diagnostics\NetStateReport.cs(120,33): warning CS0618: 'Object.FindFirstObjectByType<T>()' is obsolete: 'FindFirstObjectByType has been deprecated because it relies on instance ID ordering. Use FindAnyObjectByType instead, which does not depend on ordering.'

Assets\TumbangPreso\Runtime\Diagnostics\NetStateReport.cs(121,29): warning CS0618: 'Object.FindFirstObjectByType<T>()' is obsolete: 'FindFirstObjectByType has been deprecated because it relies on instance ID ordering. Use FindAnyObjectByType instead, which does not depend on ordering.'

Assets\TumbangPreso\Runtime\MatchArrivalPresentation.cs(68,70): warning CS0618: 'FindObjectsSortMode' is obsolete: 'FindObjectsSortMode has been deprecated. Use the FindObjectsByType overloads that do not take a FindObjectsSortMode parameter.'

Assets\TumbangPreso\Runtime\MatchArrivalPresentation.cs(68,36): warning CS0618: 'Object.FindObjectsByType<T>(FindObjectsSortMode)' is obsolete: 'FindObjectsByType with FindObjectsSortMode parameter has been deprecated. Use FindObjectsByType<T>() or FindObjectsByType<T>(FindObjectsInactive) instead. InstanceID will be replaced in the future with EntityId and previous sort order cannot be maintained.'

Assets\TumbangPreso\Runtime\Diagnostics\NetStateReport.cs(218,58): warning CS0618: 'FindObjectsSortMode' is obsolete: 'FindObjectsSortMode has been deprecated. Use the FindObjectsByType overloads that do not take a FindObjectsSortMode parameter.'

Assets\TumbangPreso\Runtime\Diagnostics\NetStateReport.cs(217,31): warning CS0618: 'Object.FindObjectsByType<T>(FindObjectsInactive, FindObjectsSortMode)' is obsolete: 'FindObjectsByType with FindObjectsSortMode parameter has been deprecated. Use FindObjectsByType<T>() or FindObjectsByType<T>(FindObjectsInactive) instead. InstanceID will be replaced in the future with EntityId and previous sort order cannot be maintained.'

Assets\TumbangPreso\Runtime\Diagnostics\NetRoofProbe.cs(67,23): warning CS0618: 'Object.FindFirstObjectByType<T>()' is obsolete: 'FindFirstObjectByType has been deprecated because it relies on instance ID ordering. Use FindAnyObjectByType instead, which does not depend on ordering.'

Assets\TumbangPreso\Runtime\Diagnostics\NetRoofProbe.cs(69,23): warning CS0618: 'Object.FindFirstObjectByType<T>()' is obsolete: 'FindFirstObjectByType has been deprecated because it relies on instance ID ordering. Use FindAnyObjectByType instead, which does not depend on ordering.'

Assets\TumbangPreso\Runtime\Diagnostics\NetRoofProbe.cs(71,63): warning CS0618: 'FindObjectsSortMode' is obsolete: 'FindObjectsSortMode has been deprecated. Use the FindObjectsByType overloads that do not take a FindObjectsSortMode parameter.'

Assets\TumbangPreso\Runtime\Diagnostics\NetRoofProbe.cs(71,31): warning CS0618: 'Object.FindObjectsByType<T>(FindObjectsSortMode)' is obsolete: 'FindObjectsByType with FindObjectsSortMode parameter has been deprecated. Use FindObjectsByType<T>() or FindObjectsByType<T>(FindObjectsInactive) instead. InstanceID will be replaced in the future with EntityId and previous sort order cannot be maintained.'

Assets\TumbangPreso\Runtime\Diagnostics\NetRoofProbe.cs(72,72): warning CS0618: 'FindObjectsSortMode' is obsolete: 'FindObjectsSortMode has been deprecated. Use the FindObjectsByType overloads that do not take a FindObjectsSortMode parameter.'

Assets\TumbangPreso\Runtime\Diagnostics\NetRoofProbe.cs(72,35): warning CS0618: 'Object.FindObjectsByType<T>(FindObjectsSortMode)' is obsolete: 'FindObjectsByType with FindObjectsSortMode parameter has been deprecated. Use FindObjectsByType<T>() or FindObjectsByType<T>(FindObjectsInactive) instead. InstanceID will be replaced in the future with EntityId and previous sort order cannot be maintained.'

Assets\TumbangPreso\Runtime\Diagnostics\NetRoofProbe.cs(87,17): warning CS0618: 'Object.FindFirstObjectByType<T>()' is obsolete: 'FindFirstObjectByType has been deprecated because it relies on instance ID ordering. Use FindAnyObjectByType instead, which does not depend on ordering.'

Assets\TumbangPreso\Runtime\Diagnostics\NetRequestSafetyProbe.cs(168,67): warning CS0618: 'FindObjectsSortMode' is obsolete: 'FindObjectsSortMode has been deprecated. Use the FindObjectsByType overloads that do not take a FindObjectsSortMode parameter.'

Assets\TumbangPreso\Runtime\Diagnostics\NetRequestSafetyProbe.cs(168,35): warning CS0618: 'Object.FindObjectsByType<T>(FindObjectsSortMode)' is obsolete: 'FindObjectsByType with FindObjectsSortMode parameter has been deprecated. Use FindObjectsByType<T>() or FindObjectsByType<T>(FindObjectsInactive) instead. InstanceID will be replaced in the future with EntityId and previous sort order cannot be maintained.'

Assets\TumbangPreso\Runtime\Diagnostics\NetRequestSafetyProbe.cs(169,73): warning CS0618: 'FindObjectsSortMode' is obsolete: 'FindObjectsSortMode has been deprecated. Use the FindObjectsByType overloads that do not take a FindObjectsSortMode parameter.'

Assets\TumbangPreso\Runtime\Diagnostics\NetRequestSafetyProbe.cs(169,36): warning CS0618: 'Object.FindObjectsByType<T>(FindObjectsSortMode)' is obsolete: 'FindObjectsByType with FindObjectsSortMode parameter has been deprecated. Use FindObjectsByType<T>() or FindObjectsByType<T>(FindObjectsInactive) instead. InstanceID will be replaced in the future with EntityId and previous sort order cannot be maintained.'

Assets\TumbangPreso\Runtime\Diagnostics\NetSeanProbe.cs(67,25): warning CS0618: 'Object.FindFirstObjectByType<T>()' is obsolete: 'FindFirstObjectByType has been deprecated because it relies on instance ID ordering. Use FindAnyObjectByType instead, which does not depend on ordering.'

Assets\TumbangPreso\Runtime\Diagnostics\NetSeanProbe.cs(70,67): warning CS0618: 'FindObjectsSortMode' is obsolete: 'FindObjectsSortMode has been deprecated. Use the FindObjectsByType overloads that do not take a FindObjectsSortMode parameter.'

Assets\TumbangPreso\Runtime\Diagnostics\NetSeanProbe.cs(70,35): warning CS0618: 'Object.FindObjectsByType<T>(FindObjectsSortMode)' is obsolete: 'FindObjectsByType with FindObjectsSortMode parameter has been deprecated. Use FindObjectsByType<T>() or FindObjectsByType<T>(FindObjectsInactive) instead. InstanceID will be replaced in the future with EntityId and previous sort order cannot be maintained.'

Assets\TumbangPreso\Runtime\Diagnostics\NetSeanProbe.cs(71,72): warning CS0618: 'FindObjectsSortMode' is obsolete: 'FindObjectsSortMode has been deprecated. Use the FindObjectsByType overloads that do not take a FindObjectsSortMode parameter.'

Assets\TumbangPreso\Runtime\Diagnostics\NetSeanProbe.cs(71,35): warning CS0618: 'Object.FindObjectsByType<T>(FindObjectsSortMode)' is obsolete: 'FindObjectsByType with FindObjectsSortMode parameter has been deprecated. Use FindObjectsByType<T>() or FindObjectsByType<T>(FindObjectsInactive) instead. InstanceID will be replaced in the future with EntityId and previous sort order cannot be maintained.'

Assets\TumbangPreso\Runtime\Diagnostics\NetSeanProbe.cs(111,83): warning CS0618: 'FindObjectsSortMode' is obsolete: 'FindObjectsSortMode has been deprecated. Use the FindObjectsByType overloads that do not take a FindObjectsSortMode parameter.'

Assets\TumbangPreso\Runtime\Diagnostics\NetSeanProbe.cs(111,27): warning CS0618: 'Object.FindObjectsByType<T>(FindObjectsSortMode)' is obsolete: 'FindObjectsByType with FindObjectsSortMode parameter has been deprecated. Use FindObjectsByType<T>() or FindObjectsByType<T>(FindObjectsInactive) instead. InstanceID will be replaced in the future with EntityId and previous sort order cannot be maintained.'

Assets\TumbangPreso\Runtime\Diagnostics\NetSeanProbe.cs(118,91): warning CS0618: 'FindObjectsSortMode' is obsolete: 'FindObjectsSortMode has been deprecated. Use the FindObjectsByType overloads that do not take a FindObjectsSortMode parameter.'

Assets\TumbangPreso\Runtime\Diagnostics\NetSeanProbe.cs(118,53): warning CS0618: 'Object.FindObjectsByType<T>(FindObjectsSortMode)' is obsolete: 'FindObjectsByType with FindObjectsSortMode parameter has been deprecated. Use FindObjectsByType<T>() or FindObjectsByType<T>(FindObjectsInactive) instead. InstanceID will be replaced in the future with EntityId and previous sort order cannot be maintained.'

Assets\TumbangPreso\Runtime\Diagnostics\NetRoofProbe.cs(119,13): warning CS0618: 'Object.FindFirstObjectByType<T>()' is obsolete: 'FindFirstObjectByType has been deprecated because it relies on instance ID ordering. Use FindAnyObjectByType instead, which does not depend on ordering.'

Assets\TumbangPreso\Runtime\Net\Matchmaker.cs(98,45): warning CS0618: 'Object.FindFirstObjectByType<T>()' is obsolete: 'FindFirstObjectByType has been deprecated because it relies on instance ID ordering. Use FindAnyObjectByType instead, which does not depend on ordering.'

Assets\TumbangPreso\Runtime\Net\Matchmaker.cs(102,28): warning CS0618: 'Object.FindFirstObjectByType<T>()' is obsolete: 'FindFirstObjectByType has been deprecated because it relies on instance ID ordering. Use FindAnyObjectByType instead, which does not depend on ordering.'

Assets\TumbangPreso\Runtime\Diagnostics\NetThrowProbe.cs(52,63): warning CS0618: 'FindObjectsSortMode' is obsolete: 'FindObjectsSortMode has been deprecated. Use the FindObjectsByType overloads that do not take a FindObjectsSortMode parameter.'

Assets\TumbangPreso\Runtime\Diagnostics\NetThrowProbe.cs(52,31): warning CS0618: 'Object.FindObjectsByType<T>(FindObjectsSortMode)' is obsolete: 'FindObjectsByType with FindObjectsSortMode parameter has been deprecated. Use FindObjectsByType<T>() or FindObjectsByType<T>(FindObjectsInactive) instead. InstanceID will be replaced in the future with EntityId and previous sort order cannot be maintained.'

Assets\TumbangPreso\Runtime\Diagnostics\NetThrowProbe.cs(53,71): warning CS0618: 'FindObjectsSortMode' is obsolete: 'FindObjectsSortMode has been deprecated. Use the FindObjectsByType overloads that do not take a FindObjectsSortMode parameter.'

Assets\TumbangPreso\Runtime\Diagnostics\NetThrowProbe.cs(53,34): warning CS0618: 'Object.FindObjectsByType<T>(FindObjectsSortMode)' is obsolete: 'FindObjectsByType with FindObjectsSortMode parameter has been deprecated. Use FindObjectsByType<T>() or FindObjectsByType<T>(FindObjectsInactive) instead. InstanceID will be replaced in the future with EntityId and previous sort order cannot be maintained.'

Assets\TumbangPreso\Runtime\Diagnostics\NetThrowProbe.cs(62,55): warning CS0618: 'FindObjectsSortMode' is obsolete: 'FindObjectsSortMode has been deprecated. Use the FindObjectsByType overloads that do not take a FindObjectsSortMode parameter.'

Assets\TumbangPreso\Runtime\Diagnostics\NetThrowProbe.cs(62,28): warning CS0618: 'Object.FindObjectsByType<T>(FindObjectsSortMode)' is obsolete: 'FindObjectsByType with FindObjectsSortMode parameter has been deprecated. Use FindObjectsByType<T>() or FindObjectsByType<T>(FindObjectsInactive) instead. InstanceID will be replaced in the future with EntityId and previous sort order cannot be maintained.'

Assets\TumbangPreso\Runtime\Diagnostics\NetThrowProbe.cs(74,23): warning CS0618: 'Object.FindFirstObjectByType<T>()' is obsolete: 'FindFirstObjectByType has been deprecated because it relies on instance ID ordering. Use FindAnyObjectByType instead, which does not depend on ordering.'

Assets\TumbangPreso\Runtime\Diagnostics\OwnerUiPlayerReview.Accessibility.cs(81,24): warning CS0618: 'Object.FindFirstObjectByType<T>()' is obsolete: 'FindFirstObjectByType has been deprecated because it relies on instance ID ordering. Use FindAnyObjectByType instead, which does not depend on ordering.'

Assets\TumbangPreso\Runtime\Diagnostics\OwnerUiPlayerReview.Accessibility.cs(119,44): warning CS0618: 'Object.FindFirstObjectByType<T>()' is obsolete: 'FindFirstObjectByType has been deprecated because it relies on instance ID ordering. Use FindAnyObjectByType instead, which does not depend on ordering.'

Assets\TumbangPreso\Runtime\Diagnostics\NetRoundBoundaryProbe.cs(51,67): warning CS0618: 'FindObjectsSortMode' is obsolete: 'FindObjectsSortMode has been deprecated. Use the FindObjectsByType overloads that do not take a FindObjectsSortMode parameter.'

Assets\TumbangPreso\Runtime\Diagnostics\NetRoundBoundaryProbe.cs(51,35): warning CS0618: 'Object.FindObjectsByType<T>(FindObjectsSortMode)' is obsolete: 'FindObjectsByType with FindObjectsSortMode parameter has been deprecated. Use FindObjectsByType<T>() or FindObjectsByType<T>(FindObjectsInactive) instead. InstanceID will be replaced in the future with EntityId and previous sort order cannot be maintained.'

Assets\TumbangPreso\Runtime\Net\WorldEffectSnapshot.cs(60,91): warning CS0618: 'FindObjectsSortMode' is obsolete: 'FindObjectsSortMode has been deprecated. Use the FindObjectsByType overloads that do not take a FindObjectsSortMode parameter.'

Assets\TumbangPreso\Runtime\Net\WorldEffectSnapshot.cs(60,35): warning CS0618: 'Object.FindObjectsByType<T>(FindObjectsSortMode)' is obsolete: 'FindObjectsByType with FindObjectsSortMode parameter has been deprecated. Use FindObjectsByType<T>() or FindObjectsByType<T>(FindObjectsInactive) instead. InstanceID will be replaced in the future with EntityId and previous sort order cannot be maintained.'

Assets\TumbangPreso\Runtime\Net\WorldEffectSnapshot.cs(68,94): warning CS0618: 'FindObjectsSortMode' is obsolete: 'FindObjectsSortMode has been deprecated. Use the FindObjectsByType overloads that do not take a FindObjectsSortMode parameter.'

Assets\TumbangPreso\Runtime\Net\WorldEffectSnapshot.cs(68,34): warning CS0618: 'Object.FindObjectsByType<T>(FindObjectsSortMode)' is obsolete: 'FindObjectsByType with FindObjectsSortMode parameter has been deprecated. Use FindObjectsByType<T>() or FindObjectsByType<T>(FindObjectsInactive) instead. InstanceID will be replaced in the future with EntityId and previous sort order cannot be maintained.'

Assets\TumbangPreso\Runtime\Net\WorldEffectSnapshot.cs(75,92): warning CS0618: 'FindObjectsSortMode' is obsolete: 'FindObjectsSortMode has been deprecated. Use the FindObjectsByType overloads that do not take a FindObjectsSortMode parameter.'

Assets\TumbangPreso\Runtime\Net\WorldEffectSnapshot.cs(75,35): warning CS0618: 'Object.FindObjectsByType<T>(FindObjectsSortMode)' is obsolete: 'FindObjectsByType with FindObjectsSortMode parameter has been deprecated. Use FindObjectsByType<T>() or FindObjectsByType<T>(FindObjectsInactive) instead. InstanceID will be replaced in the future with EntityId and previous sort order cannot be maintained.'

Assets\TumbangPreso\Runtime\Net\WorldEffectSnapshot.cs(79,93): warning CS0618: 'FindObjectsSortMode' is obsolete: 'FindObjectsSortMode has been deprecated. Use the FindObjectsByType overloads that do not take a FindObjectsSortMode parameter.'

Assets\TumbangPreso\Runtime\Net\WorldEffectSnapshot.cs(79,35): warning CS0618: 'Object.FindObjectsByType<T>(FindObjectsSortMode)' is obsolete: 'FindObjectsByType with FindObjectsSortMode parameter has been deprecated. Use FindObjectsByType<T>() or FindObjectsByType<T>(FindObjectsInactive) instead. InstanceID will be replaced in the future with EntityId and previous sort order cannot be maintained.'

Assets\TumbangPreso\Runtime\Net\WorldEffectSnapshot.cs(83,99): warning CS0618: 'FindObjectsSortMode' is obsolete: 'FindObjectsSortMode has been deprecated. Use the FindObjectsByType overloads that do not take a FindObjectsSortMode parameter.'

Assets\TumbangPreso\Runtime\Net\WorldEffectSnapshot.cs(83,36): warning CS0618: 'Object.FindObjectsByType<T>(FindObjectsSortMode)' is obsolete: 'FindObjectsByType with FindObjectsSortMode parameter has been deprecated. Use FindObjectsByType<T>() or FindObjectsByType<T>(FindObjectsInactive) instead. InstanceID will be replaced in the future with EntityId and previous sort order cannot be maintained.'

Assets\TumbangPreso\Runtime\Net\WorldEffectSnapshot.cs(87,89): warning CS0618: 'FindObjectsSortMode' is obsolete: 'FindObjectsSortMode has been deprecated. Use the FindObjectsByType overloads that do not take a FindObjectsSortMode parameter.'

Assets\TumbangPreso\Runtime\Net\WorldEffectSnapshot.cs(87,33): warning CS0618: 'Object.FindObjectsByType<T>(FindObjectsSortMode)' is obsolete: 'FindObjectsByType with FindObjectsSortMode parameter has been deprecated. Use FindObjectsByType<T>() or FindObjectsByType<T>(FindObjectsInactive) instead. InstanceID will be replaced in the future with EntityId and previous sort order cannot be maintained.'

Assets\TumbangPreso\Runtime\Net\WorldEffectSnapshot.cs(91,81): warning CS0618: 'FindObjectsSortMode' is obsolete: 'FindObjectsSortMode has been deprecated. Use the FindObjectsByType overloads that do not take a FindObjectsSortMode parameter.'

Assets\TumbangPreso\Runtime\Net\WorldEffectSnapshot.cs(91,36): warning CS0618: 'Object.FindObjectsByType<T>(FindObjectsSortMode)' is obsolete: 'FindObjectsByType with FindObjectsSortMode parameter has been deprecated. Use FindObjectsByType<T>() or FindObjectsByType<T>(FindObjectsInactive) instead. InstanceID will be replaced in the future with EntityId and previous sort order cannot be maintained.'

Assets\TumbangPreso\Runtime\Net\WorldEffectSnapshot.cs(95,76): warning CS0618: 'FindObjectsSortMode' is obsolete: 'FindObjectsSortMode has been deprecated. Use the FindObjectsByType overloads that do not take a FindObjectsSortMode parameter.'

Assets\TumbangPreso\Runtime\Net\WorldEffectSnapshot.cs(95,35): warning CS0618: 'Object.FindObjectsByType<T>(FindObjectsSortMode)' is obsolete: 'FindObjectsByType with FindObjectsSortMode parameter has been deprecated. Use FindObjectsByType<T>() or FindObjectsByType<T>(FindObjectsInactive) instead. InstanceID will be replaced in the future with EntityId and previous sort order cannot be maintained.'

Assets\TumbangPreso\Runtime\MatchInstaller.cs(1171,32): warning CS0618: 'Object.FindFirstObjectByType<T>()' is obsolete: 'FindFirstObjectByType has been deprecated because it relies on instance ID ordering. Use FindAnyObjectByType instead, which does not depend on ordering.'

Assets\TumbangPreso\Runtime\MatchInstaller.cs(1174,31): warning CS0618: 'Object.FindFirstObjectByType<T>()' is obsolete: 'FindFirstObjectByType has been deprecated because it relies on instance ID ordering. Use FindAnyObjectByType instead, which does not depend on ordering.'

Assets\TumbangPreso\Runtime\MatchInstaller.cs(1183,17): warning CS0618: 'Object.FindFirstObjectByType<T>()' is obsolete: 'FindFirstObjectByType has been deprecated because it relies on instance ID ordering. Use FindAnyObjectByType instead, which does not depend on ordering.'

Assets\TumbangPreso\Runtime\MatchInstaller.cs(1189,33): warning CS0618: 'Object.FindFirstObjectByType<T>()' is obsolete: 'FindFirstObjectByType has been deprecated because it relies on instance ID ordering. Use FindAnyObjectByType instead, which does not depend on ordering.'

Assets\TumbangPreso\Runtime\MatchInstaller.cs(1198,23): warning CS0618: 'Object.FindFirstObjectByType<T>()' is obsolete: 'FindFirstObjectByType has been deprecated because it relies on instance ID ordering. Use FindAnyObjectByType instead, which does not depend on ordering.'

Assets\TumbangPreso\Runtime\MatchInstaller.cs(1209,25): warning CS0618: 'Object.FindFirstObjectByType<T>()' is obsolete: 'FindFirstObjectByType has been deprecated because it relies on instance ID ordering. Use FindAnyObjectByType instead, which does not depend on ordering.'

Assets\TumbangPreso\Runtime\MatchInstaller.cs(1212,29): warning CS0618: 'Object.FindFirstObjectByType<T>()' is obsolete: 'FindFirstObjectByType has been deprecated because it relies on instance ID ordering. Use FindAnyObjectByType instead, which does not depend on ordering.'

Assets\TumbangPreso\Runtime\MatchInstaller.cs(1231,24): warning CS0618: 'Object.FindFirstObjectByType<T>()' is obsolete: 'FindFirstObjectByType has been deprecated because it relies on instance ID ordering. Use FindAnyObjectByType instead, which does not depend on ordering.'

Assets\TumbangPreso\Runtime\MatchInstaller.cs(1244,27): warning CS0618: 'Object.FindFirstObjectByType<T>()' is obsolete: 'FindFirstObjectByType has been deprecated because it relies on instance ID ordering. Use FindAnyObjectByType instead, which does not depend on ordering.'

Assets\TumbangPreso\Runtime\MatchInstaller.cs(1251,25): warning CS0618: 'Object.FindFirstObjectByType<T>()' is obsolete: 'FindFirstObjectByType has been deprecated because it relies on instance ID ordering. Use FindAnyObjectByType instead, which does not depend on ordering.'

Assets\TumbangPreso\Runtime\MatchInstaller.cs(1258,26): warning CS0618: 'FindObjectsSortMode' is obsolete: 'FindObjectsSortMode has been deprecated. Use the FindObjectsByType overloads that do not take a FindObjectsSortMode parameter.'

Assets\TumbangPreso\Runtime\MatchInstaller.cs(1257,37): warning CS0618: 'Object.FindObjectsByType<T>(FindObjectsSortMode)' is obsolete: 'FindObjectsByType with FindObjectsSortMode parameter has been deprecated. Use FindObjectsByType<T>() or FindObjectsByType<T>(FindObjectsInactive) instead. InstanceID will be replaced in the future with EntityId and previous sort order cannot be maintained.'

Assets\TumbangPreso\Runtime\MatchInstaller.cs(1371,23): warning CS0618: 'Object.FindFirstObjectByType<T>()' is obsolete: 'FindFirstObjectByType has been deprecated because it relies on instance ID ordering. Use FindAnyObjectByType instead, which does not depend on ordering.'

Assets\TumbangPreso\Runtime\Diagnostics\NetThrowProbe.cs(95,49): warning CS0618: 'FindObjectsSortMode' is obsolete: 'FindObjectsSortMode has been deprecated. Use the FindObjectsByType overloads that do not take a FindObjectsSortMode parameter.'

Assets\TumbangPreso\Runtime\Diagnostics\NetThrowProbe.cs(95,22): warning CS0618: 'Object.FindObjectsByType<T>(FindObjectsSortMode)' is obsolete: 'FindObjectsByType with FindObjectsSortMode parameter has been deprecated. Use FindObjectsByType<T>() or FindObjectsByType<T>(FindObjectsInactive) instead. InstanceID will be replaced in the future with EntityId and previous sort order cannot be maintained.'

Assets\TumbangPreso\Runtime\Diagnostics\NetRoofProbe.cs(191,52): warning CS0618: 'FindObjectsSortMode' is obsolete: 'FindObjectsSortMode has been deprecated. Use the FindObjectsByType overloads that do not take a FindObjectsSortMode parameter.'

Assets\TumbangPreso\Runtime\Diagnostics\NetRoofProbe.cs(191,26): warning CS0618: 'Object.FindObjectsByType<T>(FindObjectsSortMode)' is obsolete: 'FindObjectsByType with FindObjectsSortMode parameter has been deprecated. Use FindObjectsByType<T>() or FindObjectsByType<T>(FindObjectsInactive) instead. InstanceID will be replaced in the future with EntityId and previous sort order cannot be maintained.'

Assets\TumbangPreso\Runtime\Diagnostics\NetRoofProbe.cs(194,77): warning CS0618: 'FindObjectsSortMode' is obsolete: 'FindObjectsSortMode has been deprecated. Use the FindObjectsByType overloads that do not take a FindObjectsSortMode parameter.'

Assets\TumbangPreso\Runtime\Diagnostics\NetRoofProbe.cs(194,44): warning CS0618: 'Object.FindObjectsByType<T>(FindObjectsSortMode)' is obsolete: 'FindObjectsByType with FindObjectsSortMode parameter has been deprecated. Use FindObjectsByType<T>() or FindObjectsByType<T>(FindObjectsInactive) instead. InstanceID will be replaced in the future with EntityId and previous sort order cannot be maintained.'

Assets\TumbangPreso\Runtime\MatchInstaller.cs(1498,21): warning CS0618: 'Object.FindFirstObjectByType<T>()' is obsolete: 'FindFirstObjectByType has been deprecated because it relies on instance ID ordering. Use FindAnyObjectByType instead, which does not depend on ordering.'

Assets\TumbangPreso\Runtime\MatchInstaller.cs(1595,64): warning CS0618: 'FindObjectsSortMode' is obsolete: 'FindObjectsSortMode has been deprecated. Use the FindObjectsByType overloads that do not take a FindObjectsSortMode parameter.'

Assets\TumbangPreso\Runtime\MatchInstaller.cs(1595,35): warning CS0618: 'Object.FindObjectsByType<T>(FindObjectsSortMode)' is obsolete: 'FindObjectsByType with FindObjectsSortMode parameter has been deprecated. Use FindObjectsByType<T>() or FindObjectsByType<T>(FindObjectsInactive) instead. InstanceID will be replaced in the future with EntityId and previous sort order cannot be maintained.'

Assets\TumbangPreso\Runtime\Diagnostics\OwnerUiPlayerReview.Controls.cs(21,24): warning CS0618: 'Object.FindFirstObjectByType<T>()' is obsolete: 'FindFirstObjectByType has been deprecated because it relies on instance ID ordering. Use FindAnyObjectByType instead, which does not depend on ordering.'

Assets\TumbangPreso\Runtime\PracticeRange.cs(50,43): warning CS0618: 'Object.FindFirstObjectByType<T>()' is obsolete: 'FindFirstObjectByType has been deprecated because it relies on instance ID ordering. Use FindAnyObjectByType instead, which does not depend on ordering.'

Assets\TumbangPreso\Runtime\Diagnostics\NetWorldFieldProbe.cs(51,23): warning CS0618: 'Object.FindFirstObjectByType<T>()' is obsolete: 'FindFirstObjectByType has been deprecated because it relies on instance ID ordering. Use FindAnyObjectByType instead, which does not depend on ordering.'

Assets\TumbangPreso\Runtime\Diagnostics\NetWorldFieldProbe.cs(52,66): warning CS0618: 'FindObjectsSortMode' is obsolete: 'FindObjectsSortMode has been deprecated. Use the FindObjectsByType overloads that do not take a FindObjectsSortMode parameter.'

Assets\TumbangPreso\Runtime\Diagnostics\NetWorldFieldProbe.cs(52,34): warning CS0618: 'Object.FindObjectsByType<T>(FindObjectsSortMode)' is obsolete: 'FindObjectsByType with FindObjectsSortMode parameter has been deprecated. Use FindObjectsByType<T>() or FindObjectsByType<T>(FindObjectsInactive) instead. InstanceID will be replaced in the future with EntityId and previous sort order cannot be maintained.'

Assets\TumbangPreso\Runtime\Diagnostics\NetWorldFieldProbe.cs(53,71): warning CS0618: 'FindObjectsSortMode' is obsolete: 'FindObjectsSortMode has been deprecated. Use the FindObjectsByType overloads that do not take a FindObjectsSortMode parameter.'

Assets\TumbangPreso\Runtime\Diagnostics\NetWorldFieldProbe.cs(53,34): warning CS0618: 'Object.FindObjectsByType<T>(FindObjectsSortMode)' is obsolete: 'FindObjectsByType with FindObjectsSortMode parameter has been deprecated. Use FindObjectsByType<T>() or FindObjectsByType<T>(FindObjectsInactive) instead. InstanceID will be replaced in the future with EntityId and previous sort order cannot be maintained.'

Assets\TumbangPreso\Runtime\Net\WorldEffectSnapshot.cs(261,63): warning CS0618: 'FindObjectsSortMode' is obsolete: 'FindObjectsSortMode has been deprecated. Use the FindObjectsByType overloads that do not take a FindObjectsSortMode parameter.'

Assets\TumbangPreso\Runtime\Net\WorldEffectSnapshot.cs(261,35): warning CS0618: 'Object.FindObjectsByType<T>(FindObjectsSortMode)' is obsolete: 'FindObjectsByType with FindObjectsSortMode parameter has been deprecated. Use FindObjectsByType<T>() or FindObjectsByType<T>(FindObjectsInactive) instead. InstanceID will be replaced in the future with EntityId and previous sort order cannot be maintained.'

Assets\TumbangPreso\Runtime\Diagnostics\NetZackProbe.cs(71,25): warning CS0618: 'Object.FindFirstObjectByType<T>()' is obsolete: 'FindFirstObjectByType has been deprecated because it relies on instance ID ordering. Use FindAnyObjectByType instead, which does not depend on ordering.'

Assets\TumbangPreso\Runtime\Diagnostics\NetZackProbe.cs(74,67): warning CS0618: 'FindObjectsSortMode' is obsolete: 'FindObjectsSortMode has been deprecated. Use the FindObjectsByType overloads that do not take a FindObjectsSortMode parameter.'

Assets\TumbangPreso\Runtime\Diagnostics\NetZackProbe.cs(74,35): warning CS0618: 'Object.FindObjectsByType<T>(FindObjectsSortMode)' is obsolete: 'FindObjectsByType with FindObjectsSortMode parameter has been deprecated. Use FindObjectsByType<T>() or FindObjectsByType<T>(FindObjectsInactive) instead. InstanceID will be replaced in the future with EntityId and previous sort order cannot be maintained.'

Assets\TumbangPreso\Runtime\Diagnostics\NetZackProbe.cs(75,72): warning CS0618: 'FindObjectsSortMode' is obsolete: 'FindObjectsSortMode has been deprecated. Use the FindObjectsByType overloads that do not take a FindObjectsSortMode parameter.'

Assets\TumbangPreso\Runtime\Diagnostics\NetZackProbe.cs(75,35): warning CS0618: 'Object.FindObjectsByType<T>(FindObjectsSortMode)' is obsolete: 'FindObjectsByType with FindObjectsSortMode parameter has been deprecated. Use FindObjectsByType<T>() or FindObjectsByType<T>(FindObjectsInactive) instead. InstanceID will be replaced in the future with EntityId and previous sort order cannot be maintained.'

Assets\TumbangPreso\Runtime\Diagnostics\NetZackProbe.cs(124,66): warning CS0618: 'FindObjectsSortMode' is obsolete: 'FindObjectsSortMode has been deprecated. Use the FindObjectsByType overloads that do not take a FindObjectsSortMode parameter.'

Assets\TumbangPreso\Runtime\Diagnostics\NetZackProbe.cs(124,25): warning CS0618: 'Object.FindObjectsByType<T>(FindObjectsSortMode)' is obsolete: 'FindObjectsByType with FindObjectsSortMode parameter has been deprecated. Use FindObjectsByType<T>() or FindObjectsByType<T>(FindObjectsInactive) instead. InstanceID will be replaced in the future with EntityId and previous sort order cannot be maintained.'

Assets\TumbangPreso\Runtime\Diagnostics\NetZackProbe.cs(131,83): warning CS0618: 'FindObjectsSortMode' is obsolete: 'FindObjectsSortMode has been deprecated. Use the FindObjectsByType overloads that do not take a FindObjectsSortMode parameter.'

Assets\TumbangPreso\Runtime\Diagnostics\NetZackProbe.cs(131,47): warning CS0618: 'Object.FindObjectsByType<T>(FindObjectsSortMode)' is obsolete: 'FindObjectsByType with FindObjectsSortMode parameter has been deprecated. Use FindObjectsByType<T>() or FindObjectsByType<T>(FindObjectsInactive) instead. InstanceID will be replaced in the future with EntityId and previous sort order cannot be maintained.'

Assets\TumbangPreso\Runtime\Diagnostics\NetZackProbe.cs(183,52): warning CS0618: 'FindObjectsSortMode' is obsolete: 'FindObjectsSortMode has been deprecated. Use the FindObjectsByType overloads that do not take a FindObjectsSortMode parameter.'

Assets\TumbangPreso\Runtime\Diagnostics\NetZackProbe.cs(183,17): warning CS0618: 'Object.FindObjectsByType<T>(FindObjectsSortMode)' is obsolete: 'FindObjectsByType with FindObjectsSortMode parameter has been deprecated. Use FindObjectsByType<T>() or FindObjectsByType<T>(FindObjectsInactive) instead. InstanceID will be replaced in the future with EntityId and previous sort order cannot be maintained.'

Assets\TumbangPreso\Runtime\Net\NetCompletedArrivalProbe.cs(132,30): warning CS0618: 'Object.FindFirstObjectByType<T>()' is obsolete: 'FindFirstObjectByType has been deprecated because it relies on instance ID ordering. Use FindAnyObjectByType instead, which does not depend on ordering.'

Assets\TumbangPreso\Runtime\Net\NetCompletedArrivalProbe.cs(134,57): warning CS0618: 'FindObjectsSortMode' is obsolete: 'FindObjectsSortMode has been deprecated. Use the FindObjectsByType overloads that do not take a FindObjectsSortMode parameter.'

Assets\TumbangPreso\Runtime\Net\NetCompletedArrivalProbe.cs(134,31): warning CS0618: 'Object.FindObjectsByType<T>(FindObjectsSortMode)' is obsolete: 'FindObjectsByType with FindObjectsSortMode parameter has been deprecated. Use FindObjectsByType<T>() or FindObjectsByType<T>(FindObjectsInactive) instead. InstanceID will be replaced in the future with EntityId and previous sort order cannot be maintained.'

Assets\TumbangPreso\Runtime\Net\NetCompletedArrivalProbe.cs(149,25): warning CS0618: 'Object.FindFirstObjectByType<T>()' is obsolete: 'FindFirstObjectByType has been deprecated because it relies on instance ID ordering. Use FindAnyObjectByType instead, which does not depend on ordering.'

Assets\TumbangPreso\Runtime\Net\NetSession.cs(1569,46): warning CS0618: 'FindObjectsSortMode' is obsolete: 'FindObjectsSortMode has been deprecated. Use the FindObjectsByType overloads that do not take a FindObjectsSortMode parameter.'

Assets\TumbangPreso\Runtime\Net\NetSession.cs(1568,37): warning CS0618: 'Object.FindObjectsByType<T>(FindObjectsInactive, FindObjectsSortMode)' is obsolete: 'FindObjectsByType with FindObjectsSortMode parameter has been deprecated. Use FindObjectsByType<T>() or FindObjectsByType<T>(FindObjectsInactive) instead. InstanceID will be replaced in the future with EntityId and previous sort order cannot be maintained.'

Assets\TumbangPreso\Runtime\Net\ServerQuery.cs(361,55): warning CS0618: 'Object.FindFirstObjectByType<T>()' is obsolete: 'FindFirstObjectByType has been deprecated because it relies on instance ID ordering. Use FindAnyObjectByType instead, which does not depend on ordering.'

Assets\TumbangPreso\Runtime\RoundDirector.cs(558,84): warning CS0618: 'FindObjectsSortMode' is obsolete: 'FindObjectsSortMode has been deprecated. Use the FindObjectsByType overloads that do not take a FindObjectsSortMode parameter.'

Assets\TumbangPreso\Runtime\RoundDirector.cs(558,28): warning CS0618: 'Object.FindObjectsByType<T>(FindObjectsInactive, FindObjectsSortMode)' is obsolete: 'FindObjectsByType with FindObjectsSortMode parameter has been deprecated. Use FindObjectsByType<T>() or FindObjectsByType<T>(FindObjectsInactive) instead. InstanceID will be replaced in the future with EntityId and previous sort order cannot be maintained.'

Assets\TumbangPreso\Runtime\Visual\VoodooCursePresenter.cs(71,87): warning CS0618: 'FindObjectsSortMode' is obsolete: 'FindObjectsSortMode has been deprecated. Use the FindObjectsByType overloads that do not take a FindObjectsSortMode parameter.'

Assets\TumbangPreso\Runtime\Visual\VoodooCursePresenter.cs(71,34): warning CS0618: 'Object.FindObjectsByType<T>(FindObjectsSortMode)' is obsolete: 'FindObjectsByType with FindObjectsSortMode parameter has been deprecated. Use FindObjectsByType<T>() or FindObjectsByType<T>(FindObjectsInactive) instead. InstanceID will be replaced in the future with EntityId and previous sort order cannot be maintained.'

Assets\TumbangPreso\Runtime\Visual\VfxTimeline.cs(59,55): warning CS0618: 'FindObjectsSortMode' is obsolete: 'FindObjectsSortMode has been deprecated. Use the FindObjectsByType overloads that do not take a FindObjectsSortMode parameter.'

Assets\TumbangPreso\Runtime\Visual\VfxTimeline.cs(58,39): warning CS0618: 'Object.FindObjectsByType<T>(FindObjectsInactive, FindObjectsSortMode)' is obsolete: 'FindObjectsByType with FindObjectsSortMode parameter has been deprecated. Use FindObjectsByType<T>() or FindObjectsByType<T>(FindObjectsInactive) instead. InstanceID will be replaced in the future with EntityId and previous sort order cannot be maintained.'

Assets\TumbangPreso\Runtime\Visual\ArcFlicker.cs(107,42): warning CS0162: Unreachable code detected

Assets\TumbangPreso\Runtime\Diagnostics\OwnerUiPlayerReview.Performance.cs(234,25): warning CS0618: 'Object.FindFirstObjectByType<T>()' is obsolete: 'FindFirstObjectByType has been deprecated because it relies on instance ID ordering. Use FindAnyObjectByType instead, which does not depend on ordering.'

Assets\TumbangPreso\Runtime\Diagnostics\OwnerUiPlayerReview.Performance.cs(269,88): warning CS0618: 'FindObjectsSortMode' is obsolete: 'FindObjectsSortMode has been deprecated. Use the FindObjectsByType overloads that do not take a FindObjectsSortMode parameter.'

Assets\TumbangPreso\Runtime\Diagnostics\OwnerUiPlayerReview.Performance.cs(269,25): warning CS0618: 'Object.FindObjectsByType<T>(FindObjectsInactive, FindObjectsSortMode)' is obsolete: 'FindObjectsByType with FindObjectsSortMode parameter has been deprecated. Use FindObjectsByType<T>() or FindObjectsByType<T>(FindObjectsInactive) instead. InstanceID will be replaced in the future with EntityId and previous sort order cannot be maintained.'

Assets\TumbangPreso\Runtime\UI\UltimatePresentationDirector.cs(159,29): warning CS0618: 'Object.FindFirstObjectByType<T>()' is obsolete: 'FindFirstObjectByType has been deprecated because it relies on instance ID ordering. Use FindAnyObjectByType instead, which does not depend on ordering.'

Assets\TumbangPreso\Runtime\UI\DebugBar.cs(62,28): warning CS0618: 'Object.FindFirstObjectByType<T>()' is obsolete: 'FindFirstObjectByType has been deprecated because it relies on instance ID ordering. Use FindAnyObjectByType instead, which does not depend on ordering.'

Assets\TumbangPreso\Runtime\UI\Hud.Native.cs(56,90): warning CS0618: 'FindObjectsSortMode' is obsolete: 'FindObjectsSortMode has been deprecated. Use the FindObjectsByType overloads that do not take a FindObjectsSortMode parameter.'

Assets\TumbangPreso\Runtime\UI\Hud.Native.cs(56,34): warning CS0618: 'Object.FindObjectsByType<T>(FindObjectsInactive, FindObjectsSortMode)' is obsolete: 'FindObjectsByType with FindObjectsSortMode parameter has been deprecated. Use FindObjectsByType<T>() or FindObjectsByType<T>(FindObjectsInactive) instead. InstanceID will be replaced in the future with EntityId and previous sort order cannot be maintained.'

Assets\TumbangPreso\Runtime\Visual\ColourGrade.cs(138,25): warning CS0618: 'Object.FindFirstObjectByType<T>(FindObjectsInactive)' is obsolete: 'FindFirstObjectByType has been deprecated because it relies on instance ID ordering. Use FindAnyObjectByType instead, which does not depend on ordering.'

Assets\TumbangPreso\Runtime\UI\Hud.cs(1048,61): warning CS0618: 'FindObjectsSortMode' is obsolete: 'FindObjectsSortMode has been deprecated. Use the FindObjectsByType overloads that do not take a FindObjectsSortMode parameter.'

Assets\TumbangPreso\Runtime\UI\Hud.cs(1047,34): warning CS0618: 'Object.FindObjectsByType<T>(FindObjectsInactive, FindObjectsSortMode)' is obsolete: 'FindObjectsByType with FindObjectsSortMode parameter has been deprecated. Use FindObjectsByType<T>() or FindObjectsByType<T>(FindObjectsInactive) instead. InstanceID will be replaced in the future with EntityId and previous sort order cannot be maintained.'

Assets\TumbangPreso\Runtime\UI\Hud.cs(1122,61): warning CS0618: 'FindObjectsSortMode' is obsolete: 'FindObjectsSortMode has been deprecated. Use the FindObjectsByType overloads that do not take a FindObjectsSortMode parameter.'

Assets\TumbangPreso\Runtime\UI\Hud.cs(1121,34): warning CS0618: 'Object.FindObjectsByType<T>(FindObjectsInactive, FindObjectsSortMode)' is obsolete: 'FindObjectsByType with FindObjectsSortMode parameter has been deprecated. Use FindObjectsByType<T>() or FindObjectsByType<T>(FindObjectsInactive) instead. InstanceID will be replaced in the future with EntityId and previous sort order cannot be maintained.'

Assets\TumbangPreso\Runtime\UI\Hud.cs(1229,36): warning CS0618: 'Object.FindFirstObjectByType<T>()' is obsolete: 'FindFirstObjectByType has been deprecated because it relies on instance ID ordering. Use FindAnyObjectByType instead, which does not depend on ordering.'

Assets\TumbangPreso\Runtime\Net\MatchRpc.cs(1120,33): warning CS0618: 'Object.FindFirstObjectByType<T>()' is obsolete: 'FindFirstObjectByType has been deprecated because it relies on instance ID ordering. Use FindAnyObjectByType instead, which does not depend on ordering.'

Assets\TumbangPreso\Runtime\UI\Hud.cs(1317,55): warning CS0618: 'FindObjectsSortMode' is obsolete: 'FindObjectsSortMode has been deprecated. Use the FindObjectsByType overloads that do not take a FindObjectsSortMode parameter.'

Assets\TumbangPreso\Runtime\UI\Hud.cs(1316,35): warning CS0618: 'Object.FindObjectsByType<T>(FindObjectsInactive, FindObjectsSortMode)' is obsolete: 'FindObjectsByType with FindObjectsSortMode parameter has been deprecated. Use FindObjectsByType<T>() or FindObjectsByType<T>(FindObjectsInactive) instead. InstanceID will be replaced in the future with EntityId and previous sort order cannot be maintained.'

Assets\TumbangPreso\Runtime\UI\Hud.cs(1338,55): warning CS0618: 'FindObjectsSortMode' is obsolete: 'FindObjectsSortMode has been deprecated. Use the FindObjectsByType overloads that do not take a FindObjectsSortMode parameter.'

Assets\TumbangPreso\Runtime\UI\Hud.cs(1337,34): warning CS0618: 'Object.FindObjectsByType<T>(FindObjectsInactive, FindObjectsSortMode)' is obsolete: 'FindObjectsByType with FindObjectsSortMode parameter has been deprecated. Use FindObjectsByType<T>() or FindObjectsByType<T>(FindObjectsInactive) instead. InstanceID will be replaced in the future with EntityId and previous sort order cannot be maintained.'

Assets\TumbangPreso\Runtime\Net\MatchRpc.cs(1167,24): warning CS0618: 'Object.FindFirstObjectByType<T>()' is obsolete: 'FindFirstObjectByType has been deprecated because it relies on instance ID ordering. Use FindAnyObjectByType instead, which does not depend on ordering.'

Assets\TumbangPreso\Runtime\UI\ModelPreview.cs(527,60): warning CS0618: 'FindObjectsSortMode' is obsolete: 'FindObjectsSortMode has been deprecated. Use the FindObjectsByType overloads that do not take a FindObjectsSortMode parameter.'

Assets\TumbangPreso\Runtime\UI\ModelPreview.cs(526,35): warning CS0618: 'Object.FindObjectsByType<T>(FindObjectsInactive, FindObjectsSortMode)' is obsolete: 'FindObjectsByType with FindObjectsSortMode parameter has been deprecated. Use FindObjectsByType<T>() or FindObjectsByType<T>(FindObjectsInactive) instead. InstanceID will be replaced in the future with EntityId and previous sort order cannot be maintained.'

Assets\TumbangPreso\Runtime\Net\MatchRpc.cs(1242,24): warning CS0618: 'Object.FindFirstObjectByType<T>()' is obsolete: 'FindFirstObjectByType has been deprecated because it relies on instance ID ordering. Use FindAnyObjectByType instead, which does not depend on ordering.'

Assets\TumbangPreso\Runtime\UI\MapPreviewSurface.cs(745,103): warning CS0618: 'FindObjectsSortMode' is obsolete: 'FindObjectsSortMode has been deprecated. Use the FindObjectsByType overloads that do not take a FindObjectsSortMode parameter.'

Assets\TumbangPreso\Runtime\UI\MapPreviewSurface.cs(745,37): warning CS0618: 'Object.FindObjectsByType<T>(FindObjectsInactive, FindObjectsSortMode)' is obsolete: 'FindObjectsByType with FindObjectsSortMode parameter has been deprecated. Use FindObjectsByType<T>() or FindObjectsByType<T>(FindObjectsInactive) instead. InstanceID will be replaced in the future with EntityId and previous sort order cannot be maintained.'

Assets\TumbangPreso\Runtime\Net\MatchRpc.cs(1645,13): warning CS0618: 'Object.FindFirstObjectByType<T>()' is obsolete: 'FindFirstObjectByType has been deprecated because it relies on instance ID ordering. Use FindAnyObjectByType instead, which does not depend on ordering.'

Assets\TumbangPreso\Runtime\Net\MatchRpc.cs(1670,17): warning CS0618: 'Object.FindFirstObjectByType<T>()' is obsolete: 'FindFirstObjectByType has been deprecated because it relies on instance ID ordering. Use FindAnyObjectByType instead, which does not depend on ordering.'

Assets\TumbangPreso\Runtime\Net\MatchRpc.cs(1689,13): warning CS0618: 'Object.FindFirstObjectByType<T>()' is obsolete: 'FindFirstObjectByType has been deprecated because it relies on instance ID ordering. Use FindAnyObjectByType instead, which does not depend on ordering.'

Assets\TumbangPreso\Runtime\Net\MatchRpc.cs(1713,22): warning CS0618: 'Object.FindFirstObjectByType<T>()' is obsolete: 'FindFirstObjectByType has been deprecated because it relies on instance ID ordering. Use FindAnyObjectByType instead, which does not depend on ordering.'

Assets\TumbangPreso\Runtime\Net\MatchRpc.cs(1735,18): warning CS0618: 'Object.FindFirstObjectByType<T>()' is obsolete: 'FindFirstObjectByType has been deprecated because it relies on instance ID ordering. Use FindAnyObjectByType instead, which does not depend on ordering.'

Assets\TumbangPreso\Runtime\Net\MatchRpc.cs(1784,18): warning CS0618: 'Object.FindFirstObjectByType<T>()' is obsolete: 'FindFirstObjectByType has been deprecated because it relies on instance ID ordering. Use FindAnyObjectByType instead, which does not depend on ordering.'

Assets\TumbangPreso\Runtime\UI\Hud.cs(2711,62): warning CS0618: 'FindObjectsSortMode' is obsolete: 'FindObjectsSortMode has been deprecated. Use the FindObjectsByType overloads that do not take a FindObjectsSortMode parameter.'

Assets\TumbangPreso\Runtime\UI\Hud.cs(2710,35): warning CS0618: 'Object.FindObjectsByType<T>(FindObjectsInactive, FindObjectsSortMode)' is obsolete: 'FindObjectsByType with FindObjectsSortMode parameter has been deprecated. Use FindObjectsByType<T>() or FindObjectsByType<T>(FindObjectsInactive) instead. InstanceID will be replaced in the future with EntityId and previous sort order cannot be maintained.'

Assets\TumbangPreso\Runtime\UI\MapPreviewSurface.cs(1183,61): warning CS0618: 'FindObjectsSortMode' is obsolete: 'FindObjectsSortMode has been deprecated. Use the FindObjectsByType overloads that do not take a FindObjectsSortMode parameter.'

Assets\TumbangPreso\Runtime\UI\MapPreviewSurface.cs(1182,35): warning CS0618: 'Object.FindObjectsByType<T>(FindObjectsInactive, FindObjectsSortMode)' is obsolete: 'FindObjectsByType with FindObjectsSortMode parameter has been deprecated. Use FindObjectsByType<T>() or FindObjectsByType<T>(FindObjectsInactive) instead. InstanceID will be replaced in the future with EntityId and previous sort order cannot be maintained.'

Assets\TumbangPreso\Runtime\UI\ConvertedMatchSetup.cs(2627,33): warning CS0618: 'Object.FindFirstObjectByType<T>()' is obsolete: 'FindFirstObjectByType has been deprecated because it relies on instance ID ordering. Use FindAnyObjectByType instead, which does not depend on ordering.'

Assets\TumbangPreso\Runtime\Net\MatchRpc.cs(1852,13): warning CS0618: 'Object.FindFirstObjectByType<T>()' is obsolete: 'FindFirstObjectByType has been deprecated because it relies on instance ID ordering. Use FindAnyObjectByType instead, which does not depend on ordering.'

Assets\TumbangPreso\Runtime\Net\MatchRpc.cs(1879,26): warning CS0618: 'Object.FindFirstObjectByType<T>()' is obsolete: 'FindFirstObjectByType has been deprecated because it relies on instance ID ordering. Use FindAnyObjectByType instead, which does not depend on ordering.'

Assets\TumbangPreso\Runtime\UI\Hud.cs(3242,40): warning CS0618: 'Object.FindFirstObjectByType<T>()' is obsolete: 'FindFirstObjectByType has been deprecated because it relies on instance ID ordering. Use FindAnyObjectByType instead, which does not depend on ordering.'

Assets\TumbangPreso\Runtime\UI\Hud.cs(4344,50): warning CS0618: 'FindObjectsSortMode' is obsolete: 'FindObjectsSortMode has been deprecated. Use the FindObjectsByType overloads that do not take a FindObjectsSortMode parameter.'

Assets\TumbangPreso\Runtime\UI\Hud.cs(4343,37): warning CS0618: 'Object.FindObjectsByType<T>(FindObjectsInactive, FindObjectsSortMode)' is obsolete: 'FindObjectsByType with FindObjectsSortMode parameter has been deprecated. Use FindObjectsByType<T>() or FindObjectsByType<T>(FindObjectsInactive) instead. InstanceID will be replaced in the future with EntityId and previous sort order cannot be maintained.'

Assets\TumbangPreso\Runtime\UI\MatchResult.cs(645,23): warning CS0618: 'Object.FindFirstObjectByType<T>()' is obsolete: 'FindFirstObjectByType has been deprecated because it relies on instance ID ordering. Use FindAnyObjectByType instead, which does not depend on ordering.'

Assets\TumbangPreso\Runtime\Visual\SkyEvent.cs(345,60): warning CS0618: 'FindObjectsSortMode' is obsolete: 'FindObjectsSortMode has been deprecated. Use the FindObjectsByType overloads that do not take a FindObjectsSortMode parameter.'

Assets\TumbangPreso\Runtime\Visual\SkyEvent.cs(344,35): warning CS0618: 'Object.FindObjectsByType<T>(FindObjectsInactive, FindObjectsSortMode)' is obsolete: 'FindObjectsByType with FindObjectsSortMode parameter has been deprecated. Use FindObjectsByType<T>() or FindObjectsByType<T>(FindObjectsInactive) instead. InstanceID will be replaced in the future with EntityId and previous sort order cannot be maintained.'

Assets\TumbangPreso\Runtime\Visual\SkyEvent.cs(448,66): warning CS0618: 'FindObjectsSortMode' is obsolete: 'FindObjectsSortMode has been deprecated. Use the FindObjectsByType overloads that do not take a FindObjectsSortMode parameter.'

Assets\TumbangPreso\Runtime\Visual\SkyEvent.cs(447,35): warning CS0618: 'Object.FindObjectsByType<T>(FindObjectsInactive, FindObjectsSortMode)' is obsolete: 'FindObjectsByType with FindObjectsSortMode parameter has been deprecated. Use FindObjectsByType<T>() or FindObjectsByType<T>(FindObjectsInactive) instead. InstanceID will be replaced in the future with EntityId and previous sort order cannot be maintained.'

Assets\TumbangPreso\Runtime\Diagnostics\OwnerUiPlayerReview.cs(201,71): warning CS0618: 'FindObjectsSortMode' is obsolete: 'FindObjectsSortMode has been deprecated. Use the FindObjectsByType overloads that do not take a FindObjectsSortMode parameter.'

Assets\TumbangPreso\Runtime\Diagnostics\OwnerUiPlayerReview.cs(201,19): warning CS0618: 'Object.FindObjectsByType<T>(FindObjectsSortMode)' is obsolete: 'FindObjectsByType with FindObjectsSortMode parameter has been deprecated. Use FindObjectsByType<T>() or FindObjectsByType<T>(FindObjectsInactive) instead. InstanceID will be replaced in the future with EntityId and previous sort order cannot be maintained.'

Assets\TumbangPreso\Runtime\Visual\PhaisterOmenScreen.cs(128,38): warning CS0618: 'Object.FindFirstObjectByType<T>()' is obsolete: 'FindFirstObjectByType has been deprecated because it relies on instance ID ordering. Use FindAnyObjectByType instead, which does not depend on ordering.'

Assets\TumbangPreso\Runtime\Visual\PhaisterManika.cs(145,35): warning CS0618: 'Object.FindFirstObjectByType<T>()' is obsolete: 'FindFirstObjectByType has been deprecated because it relies on instance ID ordering. Use FindAnyObjectByType instead, which does not depend on ordering.'

Assets\TumbangPreso\Runtime\Visual\PhaisterManika.cs(233,23): warning CS0618: 'Object.FindFirstObjectByType<T>()' is obsolete: 'FindFirstObjectByType has been deprecated because it relies on instance ID ordering. Use FindAnyObjectByType instead, which does not depend on ordering.'

Assets\TumbangPreso\Runtime\Diagnostics\OwnerUiPlayerReview.cs(339,22): warning CS0618: 'Object.FindFirstObjectByType<T>()' is obsolete: 'FindFirstObjectByType has been deprecated because it relies on instance ID ordering. Use FindAnyObjectByType instead, which does not depend on ordering.'

Assets\TumbangPreso\Runtime\Visual\PhaisterAimSigil.cs(247,24): warning CS0618: 'Object.FindFirstObjectByType<T>()' is obsolete: 'FindFirstObjectByType has been deprecated because it relies on instance ID ordering. Use FindAnyObjectByType instead, which does not depend on ordering.'

Assets\TumbangPreso\Runtime\Visual\MatchFlair.cs(216,112): warning CS0618: 'FindObjectsSortMode' is obsolete: 'FindObjectsSortMode has been deprecated. Use the FindObjectsByType overloads that do not take a FindObjectsSortMode parameter.'

Assets\TumbangPreso\Runtime\Visual\MatchFlair.cs(216,42): warning CS0618: 'Object.FindObjectsByType<T>(FindObjectsSortMode)' is obsolete: 'FindObjectsByType with FindObjectsSortMode parameter has been deprecated. Use FindObjectsByType<T>() or FindObjectsByType<T>(FindObjectsInactive) instead. InstanceID will be replaced in the future with EntityId and previous sort order cannot be maintained.'

Assets\TumbangPreso\Runtime\Diagnostics\OwnerUiPlayerReview.cs(558,42): warning CS0618: 'Object.FindFirstObjectByType<T>()' is obsolete: 'FindFirstObjectByType has been deprecated because it relies on instance ID ordering. Use FindAnyObjectByType instead, which does not depend on ordering.'

Assets\TumbangPreso\Runtime\Diagnostics\OwnerUiPlayerReview.cs(568,29): warning CS0618: 'Object.FindFirstObjectByType<T>()' is obsolete: 'FindFirstObjectByType has been deprecated because it relies on instance ID ordering. Use FindAnyObjectByType instead, which does not depend on ordering.'

Assets\TumbangPreso\Runtime\Diagnostics\OwnerUiPlayerReview.cs(581,29): warning CS0618: 'Object.FindFirstObjectByType<T>()' is obsolete: 'FindFirstObjectByType has been deprecated because it relies on instance ID ordering. Use FindAnyObjectByType instead, which does not depend on ordering.'

Assets\TumbangPreso\Runtime\Visual\HitFeel.cs(147,23): warning CS0618: 'Object.FindFirstObjectByType<T>()' is obsolete: 'FindFirstObjectByType has been deprecated because it relies on instance ID ordering. Use FindAnyObjectByType instead, which does not depend on ordering.'

Assets\TumbangPreso\Runtime\Visual\HexedPhantomSlippers.cs(95,62): warning CS0618: 'FindObjectsSortMode' is obsolete: 'FindObjectsSortMode has been deprecated. Use the FindObjectsByType overloads that do not take a FindObjectsSortMode parameter.'

Assets\TumbangPreso\Runtime\Visual\HexedPhantomSlippers.cs(95,28): warning CS0618: 'Object.FindObjectsByType<T>(FindObjectsSortMode)' is obsolete: 'FindObjectsByType with FindObjectsSortMode parameter has been deprecated. Use FindObjectsByType<T>() or FindObjectsByType<T>(FindObjectsInactive) instead. InstanceID will be replaced in the future with EntityId and previous sort order cannot be maintained.'

Assets\TumbangPreso\Runtime\Visual\GroundReticle.cs(407,24): warning CS0618: 'Object.FindFirstObjectByType<T>()' is obsolete: 'FindFirstObjectByType has been deprecated because it relies on instance ID ordering. Use FindAnyObjectByType instead, which does not depend on ordering.'

Assets\TumbangPreso\Runtime\Visual\DisorientedHallucinations.cs(59,65): warning CS0618: 'FindObjectsSortMode' is obsolete: 'FindObjectsSortMode has been deprecated. Use the FindObjectsByType overloads that do not take a FindObjectsSortMode parameter.'

Assets\TumbangPreso\Runtime\Visual\DisorientedHallucinations.cs(59,31): warning CS0618: 'Object.FindObjectsByType<T>(FindObjectsSortMode)' is obsolete: 'FindObjectsByType with FindObjectsSortMode parameter has been deprecated. Use FindObjectsByType<T>() or FindObjectsByType<T>(FindObjectsInactive) instead. InstanceID will be replaced in the future with EntityId and previous sort order cannot be maintained.'

Assets\TumbangPreso\Runtime\UI\SlipperRecall.cs(306,40): warning CS0618: 'Object.FindFirstObjectByType<T>()' is obsolete: 'FindFirstObjectByType has been deprecated because it relies on instance ID ordering. Use FindAnyObjectByType instead, which does not depend on ordering.'

Assets\TumbangPreso\Runtime\UI\PlayerNameplate.cs(122,46): warning CS0618: 'FindObjectsSortMode' is obsolete: 'FindObjectsSortMode has been deprecated. Use the FindObjectsByType overloads that do not take a FindObjectsSortMode parameter.'

Assets\TumbangPreso\Runtime\UI\PlayerNameplate.cs(121,25): warning CS0618: 'Object.FindObjectsByType<T>(FindObjectsInactive, FindObjectsSortMode)' is obsolete: 'FindObjectsByType with FindObjectsSortMode parameter has been deprecated. Use FindObjectsByType<T>() or FindObjectsByType<T>(FindObjectsInactive) instead. InstanceID will be replaced in the future with EntityId and previous sort order cannot be maintained.'

Assets\TumbangPreso\Runtime\UI\RoleSwapCard.cs(297,23): warning CS0618: 'Object.FindFirstObjectByType<T>()' is obsolete: 'FindFirstObjectByType has been deprecated because it relies on instance ID ordering. Use FindAnyObjectByType instead, which does not depend on ordering.'

Assets\TumbangPreso\Runtime\UI\TumpMatchReadout.Recede.cs(47,52): warning CS0618: 'Object.FindFirstObjectByType<T>()' is obsolete: 'FindFirstObjectByType has been deprecated because it relies on instance ID ordering. Use FindAnyObjectByType instead, which does not depend on ordering.'

Assets\TumbangPreso\Runtime\UI\TumpMatchReadout.Recede.cs(48,66): warning CS0618: 'Object.FindFirstObjectByType<T>()' is obsolete: 'FindFirstObjectByType has been deprecated because it relies on instance ID ordering. Use FindAnyObjectByType instead, which does not depend on ordering.'

Assets\TumbangPreso\Runtime\UI\Hub\HubLoading.cs(196,88): warning CS0618: 'FindObjectsSortMode' is obsolete: 'FindObjectsSortMode has been deprecated. Use the FindObjectsByType overloads that do not take a FindObjectsSortMode parameter.'

Assets\TumbangPreso\Runtime\UI\Hub\HubLoading.cs(196,47): warning CS0618: 'Object.FindObjectsByType<T>(FindObjectsSortMode)' is obsolete: 'FindObjectsByType with FindObjectsSortMode parameter has been deprecated. Use FindObjectsByType<T>() or FindObjectsByType<T>(FindObjectsInactive) instead. InstanceID will be replaced in the future with EntityId and previous sort order cannot be maintained.'

Assets\TumbangPreso\Runtime\UI\TumpMatchReadout.cs(215,66): warning CS0618: 'Object.FindFirstObjectByType<T>()' is obsolete: 'FindFirstObjectByType has been deprecated because it relies on instance ID ordering. Use FindAnyObjectByType instead, which does not depend on ordering.'

Assets\TumbangPreso\Runtime\Net\MatchRpc.cs(5469,24): warning CS0618: 'Object.FindFirstObjectByType<T>()' is obsolete: 'FindFirstObjectByType has been deprecated because it relies on instance ID ordering. Use FindAnyObjectByType instead, which does not depend on ordering.'

Assets\TumbangPreso\Runtime\UI\TumpMatchReadout.cs(445,140): warning CS0618: 'FindObjectsSortMode' is obsolete: 'FindObjectsSortMode has been deprecated. Use the FindObjectsByType overloads that do not take a FindObjectsSortMode parameter.'

Assets\TumbangPreso\Runtime\UI\TumpMatchReadout.cs(445,84): warning CS0618: 'Object.FindObjectsByType<T>(FindObjectsInactive, FindObjectsSortMode)' is obsolete: 'FindObjectsByType with FindObjectsSortMode parameter has been deprecated. Use FindObjectsByType<T>() or FindObjectsByType<T>(FindObjectsInactive) instead. InstanceID will be replaced in the future with EntityId and previous sort order cannot be maintained.'

Assets\TumbangPreso\Runtime\Net\MatchRpc.cs(6356,13): warning CS0618: 'Object.FindFirstObjectByType<T>()' is obsolete: 'FindFirstObjectByType has been deprecated because it relies on instance ID ordering. Use FindAnyObjectByType instead, which does not depend on ordering.'

Assets\TumbangPreso\Runtime\Net\MatchRpc.cs(6357,13): warning CS0618: 'Object.FindFirstObjectByType<T>()' is obsolete: 'FindFirstObjectByType has been deprecated because it relies on instance ID ordering. Use FindAnyObjectByType instead, which does not depend on ordering.'

Assets\TumbangPreso\Runtime\Net\MatchRpc.cs(6413,17): warning CS0618: 'Object.FindFirstObjectByType<T>()' is obsolete: 'FindFirstObjectByType has been deprecated because it relies on instance ID ordering. Use FindAnyObjectByType instead, which does not depend on ordering.'

Assets\TumbangPreso\Runtime\Net\MatchRpc.cs(6451,13): warning CS0618: 'Object.FindFirstObjectByType<T>()' is obsolete: 'FindFirstObjectByType has been deprecated because it relies on instance ID ordering. Use FindAnyObjectByType instead, which does not depend on ordering.'

Assets\TumbangPreso\Runtime\Net\MatchRpc.cs(6479,13): warning CS0618: 'Object.FindFirstObjectByType<T>()' is obsolete: 'FindFirstObjectByType has been deprecated because it relies on instance ID ordering. Use FindAnyObjectByType instead, which does not depend on ordering.'

Assets\TumbangPreso\Runtime\Net\MatchRpc.cs(6517,13): warning CS0618: 'Object.FindFirstObjectByType<T>()' is obsolete: 'FindFirstObjectByType has been deprecated because it relies on instance ID ordering. Use FindAnyObjectByType instead, which does not depend on ordering.'

Assets\TumbangPreso\Runtime\Net\MatchRpc.cs(6655,25): warning CS0618: 'Object.FindFirstObjectByType<T>()' is obsolete: 'FindFirstObjectByType has been deprecated because it relies on instance ID ordering. Use FindAnyObjectByType instead, which does not depend on ordering.'

Assets\TumbangPreso\Runtime\Net\MatchRpc.cs(6661,13): warning CS0618: 'Object.FindFirstObjectByType<T>()' is obsolete: 'FindFirstObjectByType has been deprecated because it relies on instance ID ordering. Use FindAnyObjectByType instead, which does not depend on ordering.'

Assets\TumbangPreso\Runtime\Net\MatchRpc.cs(6673,60): warning CS0618: 'Object.FindFirstObjectByType<T>()' is obsolete: 'FindFirstObjectByType has been deprecated because it relies on instance ID ordering. Use FindAnyObjectByType instead, which does not depend on ordering.'

Assets\TumbangPreso\Runtime\Net\MatchRpc.cs(6682,13): warning CS0618: 'Object.FindFirstObjectByType<T>()' is obsolete: 'FindFirstObjectByType has been deprecated because it relies on instance ID ordering. Use FindAnyObjectByType instead, which does not depend on ordering.'

Assets\TumbangPreso\Runtime\Net\MatchRpc.cs(6801,29): warning CS0618: 'Object.FindFirstObjectByType<T>()' is obsolete: 'FindFirstObjectByType has been deprecated because it relies on instance ID ordering. Use FindAnyObjectByType instead, which does not depend on ordering.'

Assets\TumbangPreso\Runtime\Net\MatchRpc.cs(6806,36): warning CS0618: 'Object.FindFirstObjectByType<T>()' is obsolete: 'FindFirstObjectByType has been deprecated because it relies on instance ID ordering. Use FindAnyObjectByType instead, which does not depend on ordering.'

Assets\TumbangPreso\Runtime\Net\MatchRpc.cs(6815,27): warning CS0618: 'Object.FindFirstObjectByType<T>()' is obsolete: 'FindFirstObjectByType has been deprecated because it relies on instance ID ordering. Use FindAnyObjectByType instead, which does not depend on ordering.'

Assets\TumbangPreso\Runtime\Net\MatchRpc.cs(6822,25): warning CS0618: 'Object.FindFirstObjectByType<T>()' is obsolete: 'FindFirstObjectByType has been deprecated because it relies on instance ID ordering. Use FindAnyObjectByType instead, which does not depend on ordering.'

Assets\TumbangPreso\Runtime\Net\MatchRpc.cs(6825,64): warning CS0618: 'FindObjectsSortMode' is obsolete: 'FindObjectsSortMode has been deprecated. Use the FindObjectsByType overloads that do not take a FindObjectsSortMode parameter.'

Assets\TumbangPreso\Runtime\Net\MatchRpc.cs(6825,37): warning CS0618: 'Object.FindObjectsByType<T>(FindObjectsSortMode)' is obsolete: 'FindObjectsByType with FindObjectsSortMode parameter has been deprecated. Use FindObjectsByType<T>() or FindObjectsByType<T>(FindObjectsInactive) instead. InstanceID will be replaced in the future with EntityId and previous sort order cannot be maintained.'

Assets\TumbangPreso\Runtime\AIController.cs(59,41): warning CS0414: The field 'AIController._tier' is assigned but its value is never used

Assets\TumbangPreso\Runtime\Abilities\ZackHeroKit.cs(38,42): warning CS0414: The field 'ZackHeroKit._joinThunderSettled' is assigned but its value is never used

Assets\TumbangPreso\Runtime\UI\ArrowButtonView.cs(54,32): warning CS0414: The field 'ArrowButtonView._held' is assigned but its value is never used

Assets\TumbangPreso\Runtime\UI\TumpPowerReadout.OwnerDeck.cs(29,29): warning CS0414: The field 'TumpPowerReadout._referenceOpened' is assigned but its value is never used

Assets\TumbangPreso\Runtime\AIController.cs(134,28): warning UAC1001: Field 'SeatDifficulty' type 'TumbangPreso.Core.Difficulty?' is skipped by serialization (missing the [Serializable] attribute). Refer to the Serialization rules analyzer reference. (https://docs.unity3d.com/6000.5/Documentation/Manual/script-serialization-analyzer.html#uac1001)

Assets\TumbangPreso\Runtime\Abilities\HeroHazards.cs(2674,32): warning UAC1001: Field 'OwnerCast' type 'TumbangPreso.Abilities.HeroAbility' is skipped by serialization (missing the [Serializable] attribute). Refer to the Serialization rules analyzer reference. (https://docs.unity3d.com/6000.5/Documentation/Manual/script-serialization-analyzer.html#uac1001)

Assets\TumbangPreso\Runtime\UI\SlipperRecallMark.cs(47,23): warning UAC1001: Field 'Bearing' type 'float?' is skipped by serialization (missing the [Serializable] attribute). Refer to the Serialization rules analyzer reference. (https://docs.unity3d.com/6000.5/Documentation/Manual/script-serialization-analyzer.html#uac1001)
*** Tundra build failed (6.62 seconds), 3 items updated, 1243 evaluated
## Script Compilation Error for: Csc Library/Bee/artifacts/1900b0aE.dag/TumbangPreso.Runtime.dll (+2 others)
## CmdLine: "C:\Program Files\Unity\Hub\Editor\6000.5.8f1\Editor\Data\DotNetSdk\dotnet.exe" exec "C:/Program Files/Unity/Hub/Editor/6000.5.8f1/Editor/Data/DotNetSdk/sdk/8.0.318/Roslyn/bincore/csc.dll" /nostdlib /noconfig /shared "@Library/Bee/artifacts/1900b0aE.dag/TumbangPreso.Runtime.rsp" "@Library/Bee/artifacts/1900b0aE.dag/TumbangPreso.Runtime.rsp2"
## Output:
Assets\TumbangPreso\Runtime\Abilities\DanteHeroKit.cs(160,81): warning CS0618: 'FindObjectsSortMode' is obsolete: 'FindObjectsSortMode has been deprecated. Use the FindObjectsByType overloads that do not take a FindObjectsSortMode parameter.'
Assets\TumbangPreso\Runtime\Abilities\DanteHeroKit.cs(160,35): warning CS0618: 'Object.FindObjectsByType<T>(FindObjectsSortMode)' is obsolete: 'FindObjectsByType with FindObjectsSortMode parameter has been deprecated. Use FindObjectsByType<T>() or FindObjectsByType<T>(FindObjectsInactive) instead. InstanceID will be replaced in the future with EntityId and previous sort order cannot be maintained.'
Assets\TumbangPreso\Runtime\AudioDirector.cs(184,71): warning CS0618: 'FindObjectsSortMode' is obsolete: 'FindObjectsSortMode has been deprecated. Use the FindObjectsByType overloads that do not take a FindObjectsSortMode parameter.'
Assets\TumbangPreso\Runtime\AudioDirector.cs(183,38): warning CS0618: 'Object.FindObjectsByType<T>(FindObjectsInactive, FindObjectsSortMode)' is obsolete: 'FindObjectsByType with FindObjectsSortMode parameter has been deprecated. Use FindObjectsByType<T>() or FindObjectsByType<T>(FindObjectsInactive) instead. InstanceID will be replaced in the future with EntityId and previous sort order cannot be maintained.'
Assets\TumbangPreso\Runtime\Carrier.cs(137,53): error CS1061: 'HeroKit' does not contain a definition for 'ThrowChargeRate' and no accessible extension method 'ThrowChargeRate' accepting a first argument of type 'HeroKit' could be found (are you missing a using directive or an assembly reference?)
Assets\TumbangPreso\Runtime\Visual\WorldOutline.cs(497,66): warning CS0618: 'FindObjectsSortMode' is obsolete: 'FindObjectsSortMode has been deprecated. Use the FindObjectsByType overloads that do not take a FindObjectsSortMode parameter.'
Assets\TumbangPreso\Runtime\Visual\WorldOutline.cs(497,38): warning CS0618: 'Object.FindObjectsByType<T>(FindObjectsSortMode)' is obsolete: 'FindObjectsByType with FindObjectsSortMode parameter has been deprecated. Use FindObjectsByType<T>() or FindObjectsByType<T>(FindObjectsInactive) instead. InstanceID will be replaced in the future with EntityId and previous sort order cannot be maintained.'
Assets\TumbangPreso\Runtime\Camera\CameraRig.cs(335,23): warning CS0618: 'Object.FindFirstObjectByType<T>()' is obsolete: 'FindFirstObjectByType has been deprecated because it relies on instance ID ordering. Use FindAnyObjectByType instead, which does not depend on ordering.'
Assets\TumbangPreso\Runtime\Camera\CameraRig.cs(353,23): warning CS0618: 'Object.FindFirstObjectByType<T>()' is obsolete: 'FindFirstObjectByType has been deprecated because it relies on instance ID ordering. Use FindAnyObjectByType instead, which does not depend on ordering.'
Assets\TumbangPreso\Runtime\Abilities\VoodooDollBody.cs(145,97): warning CS0618: 'FindObjectsSortMode' is obsolete: 'FindObjectsSortMode has been deprecated. Use the FindObjectsByType overloads that do not take a FindObjectsSortMode parameter.'
Assets\TumbangPreso\Runtime\Abilities\VoodooDollBody.cs(145,34): warning CS0618: 'Object.FindObjectsByType<T>(FindObjectsInactive, FindObjectsSortMode)' is obsolete: 'FindObjectsByType with FindObjectsSortMode parameter has been deprecated. Use FindObjectsByType<T>() or FindObjectsByType<T>(FindObjectsInactive) instead. InstanceID will be replaced in the future with EntityId and previous sort order cannot be maintained.'
Assets\TumbangPreso\Runtime\Camera\CameraRig.cs(367,23): warning CS0618: 'Object.FindFirstObjectByType<T>()' is obsolete: 'FindFirstObjectByType has been deprecated because it relies on instance ID ordering. Use FindAnyObjectByType instead, which does not depend on ordering.'
Assets\TumbangPreso\Runtime\Camera\CameraRig.cs(377,23): warning CS0618: 'Object.FindFirstObjectByType<T>()' is obsolete: 'FindFirstObjectByType has been deprecated because it relies on instance ID ordering. Use FindAnyObjectByType instead, which does not depend on ordering.'
Assets\TumbangPreso\Runtime\Camera\CameraRig.cs(390,23): warning CS0618: 'Object.FindFirstObjectByType<T>()' is obsolete: 'FindFirstObjectByType has been deprecated because it relies on instance ID ordering. Use FindAnyObjectByType instead, which does not depend on ordering.'
Assets\TumbangPreso\Runtime\Camera\CameraRig.cs(398,21): warning CS0618: 'Object.FindFirstObjectByType<T>()' is obsolete: 'FindFirstObjectByType has been deprecated because it relies on instance ID ordering. Use FindAnyObjectByType instead, which does not depend on ordering.'
Assets\TumbangPreso\Runtime\Camera\CameraRig.cs(405,23): warning CS0618: 'Object.FindFirstObjectByType<T>()' is obsolete: 'FindFirstObjectByType has been deprecated because it relies on instance ID ordering. Use FindAnyObjectByType instead, which does not depend on ordering.'
Assets\TumbangPreso\Runtime\Carrier.cs(745,58): warning CS0618: 'FindObjectsSortMode' is obsolete: 'FindObjectsSortMode has been deprecated. Use the FindObjectsByType overloads that do not take a FindObjectsSortMode parameter.'
Assets\TumbangPreso\Runtime\Carrier.cs(745,31): warning CS0618: 'Object.FindObjectsByType<T>(FindObjectsSortMode)' is obsolete: 'FindObjectsByType with FindObjectsSortMode parameter has been deprecated. Use FindObjectsByType<T>() or FindObjectsByType<T>(FindObjectsInactive) instead. InstanceID will be replaced in the future with EntityId and previous sort order cannot be maintained.'
Assets\TumbangPreso\Runtime\Abilities\HeroHazards.cs(1294,98): warning CS0618: 'FindObjectsSortMode' is obsolete: 'FindObjectsSortMode has been deprecated. Use the FindObjectsByType overloads that do not take a FindObjectsSortMode parameter.'
Assets\TumbangPreso\Runtime\Abilities\HeroHazards.cs(1294,35): warning CS0618: 'Object.FindObjectsByType<T>(FindObjectsInactive, FindObjectsSortMode)' is obsolete: 'FindObjectsByType with FindObjectsSortMode parameter has been deprecated. Use FindObjectsByType<T>() or FindObjectsByType<T>(FindObjectsInactive) instead. InstanceID will be replaced in the future with EntityId and previous sort order cannot be maintained.'
Assets\TumbangPreso\Runtime\Abilities\RafiWaterField.cs(144,55): warning CS0618: 'FindObjectsSortMode' is obsolete: 'FindObjectsSortMode has been deprecated. Use the FindObjectsByType overloads that do not take a FindObjectsSortMode parameter.'
Assets\TumbangPreso\Runtime\Abilities\RafiWaterField.cs(144,28): warning CS0618: 'Object.FindObjectsByType<T>(FindObjectsSortMode)' is obsolete: 'FindObjectsByType with FindObjectsSortMode parameter has been deprecated. Use FindObjectsByType<T>() or FindObjectsByType<T>(FindObjectsInactive) instead. InstanceID will be replaced in the future with EntityId and previous sort order cannot be maintained.'
Assets\TumbangPreso\Runtime\DebugPlayerSwitcher.cs(224,27): warning CS0618: 'Object.FindFirstObjectByType<T>()' is obsolete: 'FindFirstObjectByType has been deprecated because it relies on instance ID ordering. Use FindAnyObjectByType instead, which does not depend on ordering.'
Assets\TumbangPreso\Runtime\DebugPlayerSwitcher.cs(242,21): warning CS0618: 'Object.FindFirstObjectByType<T>()' is obsolete: 'FindFirstObjectByType has been deprecated because it relies on instance ID ordering. Use FindAnyObjectByType instead, which does not depend on ordering.'
Assets\TumbangPreso\Runtime\DebugPlayerSwitcher.cs(246,27): warning CS0618: 'Object.FindFirstObjectByType<T>()' is obsolete: 'FindFirstObjectByType has been deprecated because it relies on instance ID ordering. Use FindAnyObjectByType instead, which does not depend on ordering.'
Assets\TumbangPreso\Runtime\DebugPlayerSwitcher.cs(249,29): warning CS0618: 'Object.FindFirstObjectByType<T>()' is obsolete: 'FindFirstObjectByType has been deprecated because it relies on instance ID ordering. Use FindAnyObjectByType instead, which does not depend on ordering.'
Assets\TumbangPreso\Runtime\DebugPlayerSwitcher.cs(251,31): warning CS0618: 'Object.FindFirstObjectByType<T>()' is obsolete: 'FindFirstObjectByType has been deprecated because it relies on instance ID ordering. Use FindAnyObjectByType instead, which does not depend on ordering.'
Assets\TumbangPreso\Runtime\Camera\SpectatorCamera.cs(982,20): warning CS0618: 'Object.FindFirstObjectByType<T>()' is obsolete: 'FindFirstObjectByType has been deprecated because it relies on instance ID ordering. Use FindAnyObjectByType instead, which does not depend on ordering.'
Assets\TumbangPreso\Runtime\CharacterMotor.cs(797,20): warning CS0618: 'Object.FindFirstObjectByType<T>()' is obsolete: 'FindFirstObjectByType has been deprecated because it relies on instance ID ordering. Use FindAnyObjectByType instead, which does not depend on ordering.'
Assets\TumbangPreso\Runtime\Camera\SpectatorInterest.cs(772,50): warning CS0618: 'FindObjectsSortMode' is obsolete: 'FindObjectsSortMode has been deprecated. Use the FindObjectsByType overloads that do not take a FindObjectsSortMode parameter.'
Assets\TumbangPreso\Runtime\Camera\SpectatorInterest.cs(771,29): warning CS0618: 'Object.FindObjectsByType<T>(FindObjectsInactive, FindObjectsSortMode)' is obsolete: 'FindObjectsByType with FindObjectsSortMode parameter has been deprecated. Use FindObjectsByType<T>() or FindObjectsByType<T>(FindObjectsInactive) instead. InstanceID will be replaced in the future with EntityId and previous sort order cannot be maintained.'
Assets\TumbangPreso\Runtime\GuidedTraining.cs(197,73): warning CS0618: 'FindObjectsSortMode' is obsolete: 'FindObjectsSortMode has been deprecated. Use the FindObjectsByType overloads that do not take a FindObjectsSortMode parameter.'
Assets\TumbangPreso\Runtime\GuidedTraining.cs(197,36): warning CS0618: 'Object.FindObjectsByType<T>(FindObjectsSortMode)' is obsolete: 'FindObjectsByType with FindObjectsSortMode parameter has been deprecated. Use FindObjectsByType<T>() or FindObjectsByType<T>(FindObjectsInactive) instead. InstanceID will be replaced in the future with EntityId and previous sort order cannot be maintained.'
Assets\TumbangPreso\Runtime\GuidedTraining.cs(199,27): warning CS0618: 'Object.FindFirstObjectByType<T>()' is obsolete: 'FindFirstObjectByType has been deprecated because it relies on instance ID ordering. Use FindAnyObjectByType instead, which does not depend on ordering.'
Assets\TumbangPreso\Runtime\CombatVerbs.cs(581,58): warning CS0618: 'FindObjectsSortMode' is obsolete: 'FindObjectsSortMode has been deprecated. Use the FindObjectsByType overloads that do not take a FindObjectsSortMode parameter.'
Assets\TumbangPreso\Runtime\CombatVerbs.cs(581,31): warning CS0618: 'Object.FindObjectsByType<T>(FindObjectsSortMode)' is obsolete: 'FindObjectsByType with FindObjectsSortMode parameter has been deprecated. Use FindObjectsByType<T>() or FindObjectsByType<T>(FindObjectsInactive) instead. InstanceID will be replaced in the future with EntityId and previous sort order cannot be maintained.'
Assets\TumbangPreso\Runtime\Diagnostics\NetAutomationProbe.cs(118,24): warning CS0618: 'Object.FindFirstObjectByType<T>()' is obsolete: 'FindFirstObjectByType has been deprecated because it relies on instance ID ordering. Use FindAnyObjectByType instead, which does not depend on ordering.'
Assets\TumbangPreso\Runtime\CombatVerbs.cs(692,58): warning CS0618: 'FindObjectsSortMode' is obsolete: 'FindObjectsSortMode has been deprecated. Use the FindObjectsByType overloads that do not take a FindObjectsSortMode parameter.'
Assets\TumbangPreso\Runtime\CombatVerbs.cs(692,31): warning CS0618: 'Object.FindObjectsByType<T>(FindObjectsSortMode)' is obsolete: 'FindObjectsByType with FindObjectsSortMode parameter has been deprecated. Use FindObjectsByType<T>() or FindObjectsByType<T>(FindObjectsInactive) instead. InstanceID will be replaced in the future with EntityId and previous sort order cannot be maintained.'
Assets\TumbangPreso\Runtime\GuidedTraining.cs(2245,27): warning CS0618: 'Object.FindFirstObjectByType<T>()' is obsolete: 'FindFirstObjectByType has been deprecated because it relies on instance ID ordering. Use FindAnyObjectByType instead, which does not depend on ordering.'
Assets\TumbangPreso\Runtime\Diagnostics\NetAutomationProbe.cs(158,26): warning CS0618: 'Object.FindFirstObjectByType<T>()' is obsolete: 'FindFirstObjectByType has been deprecated because it relies on instance ID ordering. Use FindAnyObjectByType instead, which does not depend on ordering.'
Assets\TumbangPreso\Runtime\Diagnostics\NetAutomationProbe.cs(164,26): warning CS0618: 'Object.FindFirstObjectByType<T>()' is obsolete: 'FindFirstObjectByType has been deprecated because it relies on instance ID ordering. Use FindAnyObjectByType instead, which does not depend on ordering.'
Assets\TumbangPreso\Runtime\Input\UiInputModule.cs(45,26): warning CS0618: 'Object.FindFirstObjectByType<T>()' is obsolete: 'FindFirstObjectByType has been deprecated because it relies on instance ID ordering. Use FindAnyObjectByType instead, which does not depend on ordering.'
Assets\TumbangPreso\Runtime\Diagnostics\WorldShadowSweepProbe.cs(97,67): warning CS0618: 'FindObjectsSortMode' is obsolete: 'FindObjectsSortMode has been deprecated. Use the FindObjectsByType overloads that do not take a FindObjectsSortMode parameter.'
Assets\TumbangPreso\Runtime\Diagnostics\WorldShadowSweepProbe.cs(97,35): warning CS0618: 'Object.FindObjectsByType<T>(FindObjectsSortMode)' is obsolete: 'FindObjectsByType with FindObjectsSortMode parameter has been deprecated. Use FindObjectsByType<T>() or FindObjectsByType<T>(FindObjectsInactive) instead. InstanceID will be replaced in the future with EntityId and previous sort order cannot be maintained.'
Assets\TumbangPreso\Runtime\Diagnostics\WorldShadowSweepProbe.cs(98,72): warning CS0618: 'FindObjectsSortMode' is obsolete: 'FindObjectsSortMode has been deprecated. Use the FindObjectsByType overloads that do not take a FindObjectsSortMode parameter.'
Assets\TumbangPreso\Runtime\Diagnostics\WorldShadowSweepProbe.cs(98,35): warning CS0618: 'Object.FindObjectsByType<T>(FindObjectsSortMode)' is obsolete: 'FindObjectsByType with FindObjectsSortMode parameter has been deprecated. Use FindObjectsByType<T>() or FindObjectsByType<T>(FindObjectsInactive) instead. InstanceID will be replaced in the future with EntityId and previous sort order cannot be maintained.'
Assets\TumbangPreso\Runtime\Diagnostics\WorldShadowSweepProbe.cs(100,23): warning CS0618: 'Object.FindFirstObjectByType<T>()' is obsolete: 'FindFirstObjectByType has been deprecated because it relies on instance ID ordering. Use FindAnyObjectByType instead, which does not depend on ordering.'
Assets\TumbangPreso\Runtime\Diagnostics\WorldShadowSweepProbe.cs(104,44): warning CS0618: 'FindObjectsSortMode' is obsolete: 'FindObjectsSortMode has been deprecated. Use the FindObjectsByType overloads that do not take a FindObjectsSortMode parameter.'
Assets\TumbangPreso\Runtime\Diagnostics\WorldShadowSweepProbe.cs(104,19): warning CS0618: 'Object.FindObjectsByType<T>(FindObjectsSortMode)' is obsolete: 'FindObjectsByType with FindObjectsSortMode parameter has been deprecated. Use FindObjectsByType<T>() or FindObjectsByType<T>(FindObjectsInactive) instead. InstanceID will be replaced in the future with EntityId and previous sort order cannot be maintained.'
Assets\TumbangPreso\Runtime\Map\BridgeHoop.cs(48,55): warning CS0618: 'FindObjectsSortMode' is obsolete: 'FindObjectsSortMode has been deprecated. Use the FindObjectsByType overloads that do not take a FindObjectsSortMode parameter.'
Assets\TumbangPreso\Runtime\Map\BridgeHoop.cs(47,37): warning CS0618: 'Object.FindObjectsByType<T>(FindObjectsInactive, FindObjectsSortMode)' is obsolete: 'FindObjectsByType with FindObjectsSortMode parameter has been deprecated. Use FindObjectsByType<T>() or FindObjectsByType<T>(FindObjectsInactive) instead. InstanceID will be replaced in the future with EntityId and previous sort order cannot be maintained.'
Assets\TumbangPreso\Runtime\Diagnostics\NetPersonalBuffProbe.cs(77,23): warning CS0618: 'Object.FindFirstObjectByType<T>()' is obsolete: 'FindFirstObjectByType has been deprecated because it relies on instance ID ordering. Use FindAnyObjectByType instead, which does not depend on ordering.'
Assets\TumbangPreso\Runtime\Diagnostics\NetPersonalBuffProbe.cs(80,66): warning CS0618: 'FindObjectsSortMode' is obsolete: 'FindObjectsSortMode has been deprecated. Use the FindObjectsByType overloads that do not take a FindObjectsSortMode parameter.'
Assets\TumbangPreso\Runtime\Diagnostics\NetPersonalBuffProbe.cs(80,34): warning CS0618: 'Object.FindObjectsByType<T>(FindObjectsSortMode)' is obsolete: 'FindObjectsByType with FindObjectsSortMode parameter has been deprecated. Use FindObjectsByType<T>() or FindObjectsByType<T>(FindObjectsInactive) instead. InstanceID will be replaced in the future with EntityId and previous sort order cannot be maintained.'
Assets\TumbangPreso\Runtime\Diagnostics\NetPersonalBuffProbe.cs(81,71): warning CS0618: 'FindObjectsSortMode' is obsolete: 'FindObjectsSortMode has been deprecated. Use the FindObjectsByType overloads that do not take a FindObjectsSortMode parameter.'
Assets\TumbangPreso\Runtime\Diagnostics\NetPersonalBuffProbe.cs(81,34): warning CS0618: 'Object.FindObjectsByType<T>(FindObjectsSortMode)' is obsolete: 'FindObjectsByType with FindObjectsSortMode parameter has been deprecated. Use FindObjectsByType<T>() or FindObjectsByType<T>(FindObjectsInactive) instead. InstanceID will be replaced in the future with EntityId and previous sort order cannot be maintained.'
Assets\TumbangPreso\Runtime\Diagnostics\NetFamiliarProbe.cs(58,23): warning CS0618: 'Object.FindFirstObjectByType<T>()' is obsolete: 'FindFirstObjectByType has been deprecated because it relies on instance ID ordering. Use FindAnyObjectByType instead, which does not depend on ordering.'
Assets\TumbangPreso\Runtime\Diagnostics\NetFamiliarProbe.cs(77,66): warning CS0618: 'FindObjectsSortMode' is obsolete: 'FindObjectsSortMode has been deprecated. Use the FindObjectsByType overloads that do not take a FindObjectsSortMode parameter.'
Assets\TumbangPreso\Runtime\Diagnostics\NetFamiliarProbe.cs(77,34): warning CS0618: 'Object.FindObjectsByType<T>(FindObjectsSortMode)' is obsolete: 'FindObjectsByType with FindObjectsSortMode parameter has been deprecated. Use FindObjectsByType<T>() or FindObjectsByType<T>(FindObjectsInactive) instead. InstanceID will be replaced in the future with EntityId and previous sort order cannot be maintained.'
Assets\TumbangPreso\Runtime\Diagnostics\NetFamiliarProbe.cs(78,72): warning CS0618: 'FindObjectsSortMode' is obsolete: 'FindObjectsSortMode has been deprecated. Use the FindObjectsByType overloads that do not take a FindObjectsSortMode parameter.'
Assets\TumbangPreso\Runtime\Diagnostics\NetFamiliarProbe.cs(78,35): warning CS0618: 'Object.FindObjectsByType<T>(FindObjectsSortMode)' is obsolete: 'FindObjectsByType with FindObjectsSortMode parameter has been deprecated. Use FindObjectsByType<T>() or FindObjectsByType<T>(FindObjectsInactive) instead. InstanceID will be replaced in the future with EntityId and previous sort order cannot be maintained.'
Assets\TumbangPreso\Runtime\Diagnostics\NetFamiliarProbe.cs(140,89): warning CS0618: 'FindObjectsSortMode' is obsolete: 'FindObjectsSortMode has been deprecated. Use the FindObjectsByType overloads that do not take a FindObjectsSortMode parameter.'
Assets\TumbangPreso\Runtime\Diagnostics\NetFamiliarProbe.cs(140,28): warning CS0618: 'Object.FindObjectsByType<T>(FindObjectsSortMode)' is obsolete: 'FindObjectsByType with FindObjectsSortMode parameter has been deprecated. Use FindObjectsByType<T>() or FindObjectsByType<T>(FindObjectsInactive) instead. InstanceID will be replaced in the future with EntityId and previous sort order cannot be maintained.'
Assets\TumbangPreso\Runtime\Diagnostics\NetPeerDepartureProbe.cs(89,71): warning CS0618: 'FindObjectsSortMode' is obsolete: 'FindObjectsSortMode has been deprecated. Use the FindObjectsByType overloads that do not take a FindObjectsSortMode parameter.'
Assets\TumbangPreso\Runtime\Diagnostics\NetPeerDepartureProbe.cs(89,32): warning CS0618: 'Object.FindObjectsByType<T>(FindObjectsSortMode)' is obsolete: 'FindObjectsByType with FindObjectsSortMode parameter has been deprecated. Use FindObjectsByType<T>() or FindObjectsByType<T>(FindObjectsInactive) instead. InstanceID will be replaced in the future with EntityId and previous sort order cannot be maintained.'
Assets\TumbangPreso\Runtime\Diagnostics\NetIceProbe.cs(75,23): warning CS0618: 'Object.FindFirstObjectByType<T>()' is obsolete: 'FindFirstObjectByType has been deprecated because it relies on instance ID ordering. Use FindAnyObjectByType instead, which does not depend on ordering.'
Assets\TumbangPreso\Runtime\Diagnostics\NetIceProbe.cs(78,66): warning CS0618: 'FindObjectsSortMode' is obsolete: 'FindObjectsSortMode has been deprecated. Use the FindObjectsByType overloads that do not take a FindObjectsSortMode parameter.'
Assets\TumbangPreso\Runtime\Diagnostics\NetIceProbe.cs(78,34): warning CS0618: 'Object.FindObjectsByType<T>(FindObjectsSortMode)' is obsolete: 'FindObjectsByType with FindObjectsSortMode parameter has been deprecated. Use FindObjectsByType<T>() or FindObjectsByType<T>(FindObjectsInactive) instead. InstanceID will be replaced in the future with EntityId and previous sort order cannot be maintained.'
Assets\TumbangPreso\Runtime\Diagnostics\NetIceProbe.cs(79,71): warning CS0618: 'FindObjectsSortMode' is obsolete: 'FindObjectsSortMode has been deprecated. Use the FindObjectsByType overloads that do not take a FindObjectsSortMode parameter.'
Assets\TumbangPreso\Runtime\Diagnostics\NetIceProbe.cs(79,34): warning CS0618: 'Object.FindObjectsByType<T>(FindObjectsSortMode)' is obsolete: 'FindObjectsByType with FindObjectsSortMode parameter has been deprecated. Use FindObjectsByType<T>() or FindObjectsByType<T>(FindObjectsInactive) instead. InstanceID will be replaced in the future with EntityId and previous sort order cannot be maintained.'
Assets\TumbangPreso\Runtime\Diagnostics\NetIceProbe.cs(131,73): warning CS0618: 'FindObjectsSortMode' is obsolete: 'FindObjectsSortMode has been deprecated. Use the FindObjectsByType overloads that do not take a FindObjectsSortMode parameter.'
Assets\TumbangPreso\Runtime\Diagnostics\NetIceProbe.cs(131,24): warning CS0618: 'Object.FindObjectsByType<T>(FindObjectsSortMode)' is obsolete: 'FindObjectsByType with FindObjectsSortMode parameter has been deprecated. Use FindObjectsByType<T>() or FindObjectsByType<T>(FindObjectsInactive) instead. InstanceID will be replaced in the future with EntityId and previous sort order cannot be maintained.'
Assets\TumbangPreso\Runtime\Diagnostics\NetIceProbe.cs(132,76): warning CS0618: 'FindObjectsSortMode' is obsolete: 'FindObjectsSortMode has been deprecated. Use the FindObjectsByType overloads that do not take a FindObjectsSortMode parameter.'
Assets\TumbangPreso\Runtime\Diagnostics\NetIceProbe.cs(132,23): warning CS0618: 'Object.FindObjectsByType<T>(FindObjectsSortMode)' is obsolete: 'FindObjectsByType with FindObjectsSortMode parameter has been deprecated. Use FindObjectsByType<T>() or FindObjectsByType<T>(FindObjectsInactive) instead. InstanceID will be replaced in the future with EntityId and previous sort order cannot be maintained.'
Assets\TumbangPreso\Runtime\Diagnostics\NetDanteProbe.cs(105,25): warning CS0618: 'Object.FindFirstObjectByType<T>()' is obsolete: 'FindFirstObjectByType has been deprecated because it relies on instance ID ordering. Use FindAnyObjectByType instead, which does not depend on ordering.'
Assets\TumbangPreso\Runtime\Diagnostics\NetDanteProbe.cs(109,67): warning CS0618: 'FindObjectsSortMode' is obsolete: 'FindObjectsSortMode has been deprecated. Use the FindObjectsByType overloads that do not take a FindObjectsSortMode parameter.'
Assets\TumbangPreso\Runtime\Diagnostics\NetDanteProbe.cs(109,35): warning CS0618: 'Object.FindObjectsByType<T>(FindObjectsSortMode)' is obsolete: 'FindObjectsByType with FindObjectsSortMode parameter has been deprecated. Use FindObjectsByType<T>() or FindObjectsByType<T>(FindObjectsInactive) instead. InstanceID will be replaced in the future with EntityId and previous sort order cannot be maintained.'
Assets\TumbangPreso\Runtime\Diagnostics\NetDanteProbe.cs(110,73): warning CS0618: 'FindObjectsSortMode' is obsolete: 'FindObjectsSortMode has been deprecated. Use the FindObjectsByType overloads that do not take a FindObjectsSortMode parameter.'
Assets\TumbangPreso\Runtime\Diagnostics\NetDanteProbe.cs(110,36): warning CS0618: 'Object.FindObjectsByType<T>(FindObjectsSortMode)' is obsolete: 'FindObjectsByType with FindObjectsSortMode parameter has been deprecated. Use FindObjectsByType<T>() or FindObjectsByType<T>(FindObjectsInactive) instead. InstanceID will be replaced in the future with EntityId and previous sort order cannot be maintained.'
Assets\TumbangPreso\Runtime\Diagnostics\NetDanteProbe.cs(216,73): warning CS0618: 'FindObjectsSortMode' is obsolete: 'FindObjectsSortMode has been deprecated. Use the FindObjectsByType overloads that do not take a FindObjectsSortMode parameter.'
Assets\TumbangPreso\Runtime\Diagnostics\NetDanteProbe.cs(216,46): warning CS0618: 'Object.FindObjectsByType<T>(FindObjectsSortMode)' is obsolete: 'FindObjectsByType with FindObjectsSortMode parameter has been deprecated. Use FindObjectsByType<T>() or FindObjectsByType<T>(FindObjectsInactive) instead. InstanceID will be replaced in the future with EntityId and previous sort order cannot be maintained.'
Assets\TumbangPreso\Runtime\Diagnostics\NetDanteProbe.cs(226,59): warning CS0618: 'FindObjectsSortMode' is obsolete: 'FindObjectsSortMode has been deprecated. Use the FindObjectsByType overloads that do not take a FindObjectsSortMode parameter.'
Assets\TumbangPreso\Runtime\Diagnostics\NetDanteProbe.cs(226,21): warning CS0618: 'Object.FindObjectsByType<T>(FindObjectsSortMode)' is obsolete: 'FindObjectsByType with FindObjectsSortMode parameter has been deprecated. Use FindObjectsByType<T>() or FindObjectsByType<T>(FindObjectsInactive) instead. InstanceID will be replaced in the future with EntityId and previous sort order cannot be maintained.'
Assets\TumbangPreso\Runtime\Diagnostics\NetDanteProbe.cs(236,87): warning CS0618: 'FindObjectsSortMode' is obsolete: 'FindObjectsSortMode has been deprecated. Use the FindObjectsByType overloads that do not take a FindObjectsSortMode parameter.'
Assets\TumbangPreso\Runtime\Diagnostics\NetDanteProbe.cs(236,37): warning CS0618: 'Object.FindObjectsByType<T>(FindObjectsSortMode)' is obsolete: 'FindObjectsByType with FindObjectsSortMode parameter has been deprecated. Use FindObjectsByType<T>() or FindObjectsByType<T>(FindObjectsInactive) instead. InstanceID will be replaced in the future with EntityId and previous sort order cannot be maintained.'
Assets\TumbangPreso\Runtime\Diagnostics\NetDanteProbe.cs(237,88): warning CS0618: 'FindObjectsSortMode' is obsolete: 'FindObjectsSortMode has been deprecated. Use the FindObjectsByType overloads that do not take a FindObjectsSortMode parameter.'
Assets\TumbangPreso\Runtime\Diagnostics\NetDanteProbe.cs(237,37): warning CS0618: 'Object.FindObjectsByType<T>(FindObjectsSortMode)' is obsolete: 'FindObjectsByType with FindObjectsSortMode parameter has been deprecated. Use FindObjectsByType<T>() or FindObjectsByType<T>(FindObjectsInactive) instead. InstanceID will be replaced in the future with EntityId and previous sort order cannot be maintained.'
Assets\TumbangPreso\Runtime\Map\LagoonWater.cs(52,36): warning CS0618: 'Object.FindFirstObjectByType<T>()' is obsolete: 'FindFirstObjectByType has been deprecated because it relies on instance ID ordering. Use FindAnyObjectByType instead, which does not depend on ordering.'
Assets\TumbangPreso\Runtime\GuidedTraining.cs(833,26): warning CS0618: 'FindObjectsSortMode' is obsolete: 'FindObjectsSortMode has been deprecated. Use the FindObjectsByType overloads that do not take a FindObjectsSortMode parameter.'
Assets\TumbangPreso\Runtime\GuidedTraining.cs(832,36): warning CS0618: 'Object.FindObjectsByType<T>(FindObjectsSortMode)' is obsolete: 'FindObjectsByType with FindObjectsSortMode parameter has been deprecated. Use FindObjectsByType<T>() or FindObjectsByType<T>(FindObjectsInactive) instead. InstanceID will be replaced in the future with EntityId and previous sort order cannot be maintained.'
Assets\TumbangPreso\Runtime\Diagnostics\NetPhaisterProbe.cs(93,25): warning CS0618: 'Object.FindFirstObjectByType<T>()' is obsolete: 'FindFirstObjectByType has been deprecated because it relies on instance ID ordering. Use FindAnyObjectByType instead, which does not depend on ordering.'
Assets\TumbangPreso\Runtime\Diagnostics\NetPhaisterProbe.cs(99,67): warning CS0618: 'FindObjectsSortMode' is obsolete: 'FindObjectsSortMode has been deprecated. Use the FindObjectsByType overloads that do not take a FindObjectsSortMode parameter.'
Assets\TumbangPreso\Runtime\Diagnostics\NetPhaisterProbe.cs(99,35): warning CS0618: 'Object.FindObjectsByType<T>(FindObjectsSortMode)' is obsolete: 'FindObjectsByType with FindObjectsSortMode parameter has been deprecated. Use FindObjectsByType<T>() or FindObjectsByType<T>(FindObjectsInactive) instead. InstanceID will be replaced in the future with EntityId and previous sort order cannot be maintained.'
Assets\TumbangPreso\Runtime\Diagnostics\NetPhaisterProbe.cs(100,72): warning CS0618: 'FindObjectsSortMode' is obsolete: 'FindObjectsSortMode has been deprecated. Use the FindObjectsByType overloads that do not take a FindObjectsSortMode parameter.'
Assets\TumbangPreso\Runtime\Diagnostics\NetPhaisterProbe.cs(100,35): warning CS0618: 'Object.FindObjectsByType<T>(FindObjectsSortMode)' is obsolete: 'FindObjectsByType with FindObjectsSortMode parameter has been deprecated. Use FindObjectsByType<T>() or FindObjectsByType<T>(FindObjectsInactive) instead. InstanceID will be replaced in the future with EntityId and previous sort order cannot be maintained.'
Assets\TumbangPreso\Runtime\Diagnostics\NetPhaisterProbe.cs(154,79): warning CS0618: 'FindObjectsSortMode' is obsolete: 'FindObjectsSortMode has been deprecated. Use the FindObjectsByType overloads that do not take a FindObjectsSortMode parameter.'
Assets\TumbangPreso\Runtime\Diagnostics\NetPhaisterProbe.cs(154,31): warning CS0618: 'Object.FindObjectsByType<T>(FindObjectsSortMode)' is obsolete: 'FindObjectsByType with FindObjectsSortMode parameter has been deprecated. Use FindObjectsByType<T>() or FindObjectsByType<T>(FindObjectsInactive) instead. InstanceID will be replaced in the future with EntityId and previous sort order cannot be maintained.'
Assets\TumbangPreso\Runtime\Diagnostics\NetPhaisterProbe.cs(160,49): warning CS0618: 'FindObjectsSortMode' is obsolete: 'FindObjectsSortMode has been deprecated. Use the FindObjectsByType overloads that do not take a FindObjectsSortMode parameter.'
Assets\TumbangPreso\Runtime\Diagnostics\NetPhaisterProbe.cs(160,21): warning CS0618: 'Object.FindObjectsByType<T>(FindObjectsSortMode)' is obsolete: 'FindObjectsByType with FindObjectsSortMode parameter has been deprecated. Use FindObjectsByType<T>() or FindObjectsByType<T>(FindObjectsInactive) instead. InstanceID will be replaced in the future with EntityId and previous sort order cannot be maintained.'
Assets\TumbangPreso\Runtime\Diagnostics\NetIceProbe.cs(169,23): warning CS0618: 'Object.FindFirstObjectByType<T>()' is obsolete: 'FindFirstObjectByType has been deprecated because it relies on instance ID ordering. Use FindAnyObjectByType instead, which does not depend on ordering.'
Assets\TumbangPreso\Runtime\Diagnostics\NetIceProbe.cs(179,70): warning CS0618: 'FindObjectsSortMode' is obsolete: 'FindObjectsSortMode has been deprecated. Use the FindObjectsByType overloads that do not take a FindObjectsSortMode parameter.'
Assets\TumbangPreso\Runtime\Diagnostics\NetIceProbe.cs(179,38): warning CS0618: 'Object.FindObjectsByType<T>(FindObjectsSortMode)' is obsolete: 'FindObjectsByType with FindObjectsSortMode parameter has been deprecated. Use FindObjectsByType<T>() or FindObjectsByType<T>(FindObjectsInactive) instead. InstanceID will be replaced in the future with EntityId and previous sort order cannot be maintained.'
Assets\TumbangPreso\Runtime\Diagnostics\NetIceProbe.cs(180,75): warning CS0618: 'FindObjectsSortMode' is obsolete: 'FindObjectsSortMode has been deprecated. Use the FindObjectsByType overloads that do not take a FindObjectsSortMode parameter.'
Assets\TumbangPreso\Runtime\Diagnostics\NetIceProbe.cs(180,38): warning CS0618: 'Object.FindObjectsByType<T>(FindObjectsSortMode)' is obsolete: 'FindObjectsByType with FindObjectsSortMode parameter has been deprecated. Use FindObjectsByType<T>() or FindObjectsByType<T>(FindObjectsInactive) instead. InstanceID will be replaced in the future with EntityId and previous sort order cannot be maintained.'
Assets\TumbangPreso\Runtime\Diagnostics\WorldGraphicsProbe.cs(82,32): warning CS0618: 'Object.FindFirstObjectByType<T>()' is obsolete: 'FindFirstObjectByType has been deprecated because it relies on instance ID ordering. Use FindAnyObjectByType instead, which does not depend on ordering.'
Assets\TumbangPreso\Runtime\Diagnostics\WorldGraphicsProbe.cs(84,74): warning CS0618: 'FindObjectsSortMode' is obsolete: 'FindObjectsSortMode has been deprecated. Use the FindObjectsByType overloads that do not take a FindObjectsSortMode parameter.'
Assets\TumbangPreso\Runtime\Diagnostics\WorldGraphicsProbe.cs(84,42): warning CS0618: 'Object.FindObjectsByType<T>(FindObjectsSortMode)' is obsolete: 'FindObjectsByType with FindObjectsSortMode parameter has been deprecated. Use FindObjectsByType<T>() or FindObjectsByType<T>(FindObjectsInactive) instead. InstanceID will be replaced in the future with EntityId and previous sort order cannot be maintained.'
Assets\TumbangPreso\Runtime\Diagnostics\WorldGraphicsProbe.cs(85,79): warning CS0618: 'FindObjectsSortMode' is obsolete: 'FindObjectsSortMode has been deprecated. Use the FindObjectsByType overloads that do not take a FindObjectsSortMode parameter.'
Assets\TumbangPreso\Runtime\Diagnostics\WorldGraphicsProbe.cs(85,42): warning CS0618: 'Object.FindObjectsByType<T>(FindObjectsSortMode)' is obsolete: 'FindObjectsByType with FindObjectsSortMode parameter has been deprecated. Use FindObjectsByType<T>() or FindObjectsByType<T>(FindObjectsInactive) instead. InstanceID will be replaced in the future with EntityId and previous sort order cannot be maintained.'
Assets\TumbangPreso\Runtime\Diagnostics\WorldGraphicsProbe.cs(93,29): warning CS0618: 'Object.FindFirstObjectByType<T>()' is obsolete: 'FindFirstObjectByType has been deprecated because it relies on instance ID ordering. Use FindAnyObjectByType instead, which does not depend on ordering.'
Assets\TumbangPreso\Runtime\Diagnostics\WorldGraphicsProbe.cs(99,41): warning CS0618: 'Object.FindFirstObjectByType<T>()' is obsolete: 'FindFirstObjectByType has been deprecated because it relies on instance ID ordering. Use FindAnyObjectByType instead, which does not depend on ordering.'
Assets\TumbangPreso\Runtime\Map\LagoonWater.cs(109,42): warning CS0618: 'Object.FindFirstObjectByType<T>()' is obsolete: 'FindFirstObjectByType has been deprecated because it relies on instance ID ordering. Use FindAnyObjectByType instead, which does not depend on ordering.'
Assets\TumbangPreso\Runtime\Camera\SpectatorCamera.cs(2597,72): warning CS0618: 'FindObjectsSortMode' is obsolete: 'FindObjectsSortMode has been deprecated. Use the FindObjectsByType overloads that do not take a FindObjectsSortMode parameter.'
Assets\TumbangPreso\Runtime\Camera\SpectatorCamera.cs(2596,38): warning CS0618: 'Object.FindObjectsByType<T>(FindObjectsInactive, FindObjectsSortMode)' is obsolete: 'FindObjectsByType with FindObjectsSortMode parameter has been deprecated. Use FindObjectsByType<T>() or FindObjectsByType<T>(FindObjectsInactive) instead. InstanceID will be replaced in the future with EntityId and previous sort order cannot be maintained.'
Assets\TumbangPreso\Runtime\Input\InputCatalogue.cs(141,56): warning CS8524: The switch expression does not handle some values of its input type (it is not exhaustive) involving an unnamed enum value. For example, the pattern '(TumbangPreso.Verb)10' is not covered.
Assets\TumbangPreso\Runtime\Map\RooftopRecovery.cs(28,36): warning CS0618: 'Object.FindFirstObjectByType<T>()' is obsolete: 'FindFirstObjectByType has been deprecated because it relies on instance ID ordering. Use FindAnyObjectByType instead, which does not depend on ordering.'
Assets\TumbangPreso\Runtime\Map\StreetTripHazard.cs(240,46): warning CS0618: 'FindObjectsSortMode' is obsolete: 'FindObjectsSortMode has been deprecated. Use the FindObjectsByType overloads that do not take a FindObjectsSortMode parameter.'
Assets\TumbangPreso\Runtime\Map\StreetTripHazard.cs(239,29): warning CS0618: 'Object.FindObjectsByType<T>(FindObjectsInactive, FindObjectsSortMode)' is obsolete: 'FindObjectsByType with FindObjectsSortMode parameter has been deprecated. Use FindObjectsByType<T>() or FindObjectsByType<T>(FindObjectsInactive) instead. InstanceID will be replaced in the future with EntityId and previous sort order cannot be maintained.'
Assets\TumbangPreso\Runtime\Map\RooftopRecovery.cs(72,36): warning CS0618: 'Object.FindFirstObjectByType<T>()' is obsolete: 'FindFirstObjectByType has been deprecated because it relies on instance ID ordering. Use FindAnyObjectByType instead, which does not depend on ordering.'
Assets\TumbangPreso\Runtime\MatchStatsCollector.cs(403,69): warning CS0618: 'FindObjectsSortMode' is obsolete: 'FindObjectsSortMode has been deprecated. Use the FindObjectsByType overloads that do not take a FindObjectsSortMode parameter.'
Assets\TumbangPreso\Runtime\MatchStatsCollector.cs(403,23): warning CS0618: 'Object.FindObjectsByType<T>(FindObjectsSortMode)' is obsolete: 'FindObjectsByType with FindObjectsSortMode parameter has been deprecated. Use FindObjectsByType<T>() or FindObjectsByType<T>(FindObjectsInactive) instead. InstanceID will be replaced in the future with EntityId and previous sort order cannot be maintained.'
Assets\TumbangPreso\Runtime\MatchHost.cs(98,23): warning CS0618: 'Object.FindFirstObjectByType<T>()' is obsolete: 'FindFirstObjectByType has been deprecated because it relies on instance ID ordering. Use FindAnyObjectByType instead, which does not depend on ordering.'
Assets\TumbangPreso\Runtime\MatchHost.cs(110,23): warning CS0618: 'Object.FindFirstObjectByType<T>()' is obsolete: 'FindFirstObjectByType has been deprecated because it relies on instance ID ordering. Use FindAnyObjectByType instead, which does not depend on ordering.'
Assets\TumbangPreso\Runtime\Diagnostics\NetStateReport.cs(120,33): warning CS0618: 'Object.FindFirstObjectByType<T>()' is obsolete: 'FindFirstObjectByType has been deprecated because it relies on instance ID ordering. Use FindAnyObjectByType instead, which does not depend on ordering.'
Assets\TumbangPreso\Runtime\Diagnostics\NetStateReport.cs(121,29): warning CS0618: 'Object.FindFirstObjectByType<T>()' is obsolete: 'FindFirstObjectByType has been deprecated because it relies on instance ID ordering. Use FindAnyObjectByType instead, which does not depend on ordering.'
Assets\TumbangPreso\Runtime\MatchArrivalPresentation.cs(68,70): warning CS0618: 'FindObjectsSortMode' is obsolete: 'FindObjectsSortMode has been deprecated. Use the FindObjectsByType overloads that do not take a FindObjectsSortMode parameter.'
Assets\TumbangPreso\Runtime\MatchArrivalPresentation.cs(68,36): warning CS0618: 'Object.FindObjectsByType<T>(FindObjectsSortMode)' is obsolete: 'FindObjectsByType with FindObjectsSortMode parameter has been deprecated. Use FindObjectsByType<T>() or FindObjectsByType<T>(FindObjectsInactive) instead. InstanceID will be replaced in the future with EntityId and previous sort order cannot be maintained.'
Assets\TumbangPreso\Runtime\Diagnostics\NetStateReport.cs(218,58): warning CS0618: 'FindObjectsSortMode' is obsolete: 'FindObjectsSortMode has been deprecated. Use the FindObjectsByType overloads that do not take a FindObjectsSortMode parameter.'
Assets\TumbangPreso\Runtime\Diagnostics\NetStateReport.cs(217,31): warning CS0618: 'Object.FindObjectsByType<T>(FindObjectsInactive, FindObjectsSortMode)' is obsolete: 'FindObjectsByType with FindObjectsSortMode parameter has been deprecated. Use FindObjectsByType<T>() or FindObjectsByType<T>(FindObjectsInactive) instead. InstanceID will be replaced in the future with EntityId and previous sort order cannot be maintained.'
Assets\TumbangPreso\Runtime\Diagnostics\NetRoofProbe.cs(67,23): warning CS0618: 'Object.FindFirstObjectByType<T>()' is obsolete: 'FindFirstObjectByType has been deprecated because it relies on instance ID ordering. Use FindAnyObjectByType instead, which does not depend on ordering.'
Assets\TumbangPreso\Runtime\Diagnostics\NetRoofProbe.cs(69,23): warning CS0618: 'Object.FindFirstObjectByType<T>()' is obsolete: 'FindFirstObjectByType has been deprecated because it relies on instance ID ordering. Use FindAnyObjectByType instead, which does not depend on ordering.'
Assets\TumbangPreso\Runtime\Diagnostics\NetRoofProbe.cs(71,63): warning CS0618: 'FindObjectsSortMode' is obsolete: 'FindObjectsSortMode has been deprecated. Use the FindObjectsByType overloads that do not take a FindObjectsSortMode parameter.'
Assets\TumbangPreso\Runtime\Diagnostics\NetRoofProbe.cs(71,31): warning CS0618: 'Object.FindObjectsByType<T>(FindObjectsSortMode)' is obsolete: 'FindObjectsByType with FindObjectsSortMode parameter has been deprecated. Use FindObjectsByType<T>() or FindObjectsByType<T>(FindObjectsInactive) instead. InstanceID will be replaced in the future with EntityId and previous sort order cannot be maintained.'
Assets\TumbangPreso\Runtime\Diagnostics\NetRoofProbe.cs(72,72): warning CS0618: 'FindObjectsSortMode' is obsolete: 'FindObjectsSortMode has been deprecated. Use the FindObjectsByType overloads that do not take a FindObjectsSortMode parameter.'
Assets\TumbangPreso\Runtime\Diagnostics\NetRoofProbe.cs(72,35): warning CS0618: 'Object.FindObjectsByType<T>(FindObjectsSortMode)' is obsolete: 'FindObjectsByType with FindObjectsSortMode parameter has been deprecated. Use FindObjectsByType<T>() or FindObjectsByType<T>(FindObjectsInactive) instead. InstanceID will be replaced in the future with EntityId and previous sort order cannot be maintained.'
Assets\TumbangPreso\Runtime\Diagnostics\NetRoofProbe.cs(87,17): warning CS0618: 'Object.FindFirstObjectByType<T>()' is obsolete: 'FindFirstObjectByType has been deprecated because it relies on instance ID ordering. Use FindAnyObjectByType instead, which does not depend on ordering.'
Assets\TumbangPreso\Runtime\Diagnostics\NetRequestSafetyProbe.cs(168,67): warning CS0618: 'FindObjectsSortMode' is obsolete: 'FindObjectsSortMode has been deprecated. Use the FindObjectsByType overloads that do not take a FindObjectsSortMode parameter.'
Assets\TumbangPreso\Runtime\Diagnostics\NetRequestSafetyProbe.cs(168,35): warning CS0618: 'Object.FindObjectsByType<T>(FindObjectsSortMode)' is obsolete: 'FindObjectsByType with FindObjectsSortMode parameter has been deprecated. Use FindObjectsByType<T>() or FindObjectsByType<T>(FindObjectsInactive) instead. InstanceID will be replaced in the future with EntityId and previous sort order cannot be maintained.'
Assets\TumbangPreso\Runtime\Diagnostics\NetRequestSafetyProbe.cs(169,73): warning CS0618: 'FindObjectsSortMode' is obsolete: 'FindObjectsSortMode has been deprecated. Use the FindObjectsByType overloads that do not take a FindObjectsSortMode parameter.'
Assets\TumbangPreso\Runtime\Diagnostics\NetRequestSafetyProbe.cs(169,36): warning CS0618: 'Object.FindObjectsByType<T>(FindObjectsSortMode)' is obsolete: 'FindObjectsByType with FindObjectsSortMode parameter has been deprecated. Use FindObjectsByType<T>() or FindObjectsByType<T>(FindObjectsInactive) instead. InstanceID will be replaced in the future with EntityId and previous sort order cannot be maintained.'
Assets\TumbangPreso\Runtime\Diagnostics\NetSeanProbe.cs(67,25): warning CS0618: 'Object.FindFirstObjectByType<T>()' is obsolete: 'FindFirstObjectByType has been deprecated because it relies on instance ID ordering. Use FindAnyObjectByType instead, which does not depend on ordering.'
Assets\TumbangPreso\Runtime\Diagnostics\NetSeanProbe.cs(70,67): warning CS0618: 'FindObjectsSortMode' is obsolete: 'FindObjectsSortMode has been deprecated. Use the FindObjectsByType overloads that do not take a FindObjectsSortMode parameter.'
Assets\TumbangPreso\Runtime\Diagnostics\NetSeanProbe.cs(70,35): warning CS0618: 'Object.FindObjectsByType<T>(FindObjectsSortMode)' is obsolete: 'FindObjectsByType with FindObjectsSortMode parameter has been deprecated. Use FindObjectsByType<T>() or FindObjectsByType<T>(FindObjectsInactive) instead. InstanceID will be replaced in the future with EntityId and previous sort order cannot be maintained.'
Assets\TumbangPreso\Runtime\Diagnostics\NetSeanProbe.cs(71,72): warning CS0618: 'FindObjectsSortMode' is obsolete: 'FindObjectsSortMode has been deprecated. Use the FindObjectsByType overloads that do not take a FindObjectsSortMode parameter.'
Assets\TumbangPreso\Runtime\Diagnostics\NetSeanProbe.cs(71,35): warning CS0618: 'Object.FindObjectsByType<T>(FindObjectsSortMode)' is obsolete: 'FindObjectsByType with FindObjectsSortMode parameter has been deprecated. Use FindObjectsByType<T>() or FindObjectsByType<T>(FindObjectsInactive) instead. InstanceID will be replaced in the future with EntityId and previous sort order cannot be maintained.'
Assets\TumbangPreso\Runtime\Diagnostics\NetSeanProbe.cs(111,83): warning CS0618: 'FindObjectsSortMode' is obsolete: 'FindObjectsSortMode has been deprecated. Use the FindObjectsByType overloads that do not take a FindObjectsSortMode parameter.'
Assets\TumbangPreso\Runtime\Diagnostics\NetSeanProbe.cs(111,27): warning CS0618: 'Object.FindObjectsByType<T>(FindObjectsSortMode)' is obsolete: 'FindObjectsByType with FindObjectsSortMode parameter has been deprecated. Use FindObjectsByType<T>() or FindObjectsByType<T>(FindObjectsInactive) instead. InstanceID will be replaced in the future with EntityId and previous sort order cannot be maintained.'
Assets\TumbangPreso\Runtime\Diagnostics\NetSeanProbe.cs(118,91): warning CS0618: 'FindObjectsSortMode' is obsolete: 'FindObjectsSortMode has been deprecated. Use the FindObjectsByType overloads that do not take a FindObjectsSortMode parameter.'
Assets\TumbangPreso\Runtime\Diagnostics\NetSeanProbe.cs(118,53): warning CS0618: 'Object.FindObjectsByType<T>(FindObjectsSortMode)' is obsolete: 'FindObjectsByType with FindObjectsSortMode parameter has been deprecated. Use FindObjectsByType<T>() or FindObjectsByType<T>(FindObjectsInactive) instead. InstanceID will be replaced in the future with EntityId and previous sort order cannot be maintained.'
Assets\TumbangPreso\Runtime\Diagnostics\NetRoofProbe.cs(119,13): warning CS0618: 'Object.FindFirstObjectByType<T>()' is obsolete: 'FindFirstObjectByType has been deprecated because it relies on instance ID ordering. Use FindAnyObjectByType instead, which does not depend on ordering.'
Assets\TumbangPreso\Runtime\Net\Matchmaker.cs(98,45): warning CS0618: 'Object.FindFirstObjectByType<T>()' is obsolete: 'FindFirstObjectByType has been deprecated because it relies on instance ID ordering. Use FindAnyObjectByType instead, which does not depend on ordering.'
Assets\TumbangPreso\Runtime\Net\Matchmaker.cs(102,28): warning CS0618: 'Object.FindFirstObjectByType<T>()' is obsolete: 'FindFirstObjectByType has been deprecated because it relies on instance ID ordering. Use FindAnyObjectByType instead, which does not depend on ordering.'
Assets\TumbangPreso\Runtime\Diagnostics\NetThrowProbe.cs(52,63): warning CS0618: 'FindObjectsSortMode' is obsolete: 'FindObjectsSortMode has been deprecated. Use the FindObjectsByType overloads that do not take a FindObjectsSortMode parameter.'
Assets\TumbangPreso\Runtime\Diagnostics\NetThrowProbe.cs(52,31): warning CS0618: 'Object.FindObjectsByType<T>(FindObjectsSortMode)' is obsolete: 'FindObjectsByType with FindObjectsSortMode parameter has been deprecated. Use FindObjectsByType<T>() or FindObjectsByType<T>(FindObjectsInactive) instead. InstanceID will be replaced in the future with EntityId and previous sort order cannot be maintained.'
Assets\TumbangPreso\Runtime\Diagnostics\NetThrowProbe.cs(53,71): warning CS0618: 'FindObjectsSortMode' is obsolete: 'FindObjectsSortMode has been deprecated. Use the FindObjectsByType overloads that do not take a FindObjectsSortMode parameter.'
Assets\TumbangPreso\Runtime\Diagnostics\NetThrowProbe.cs(53,34): warning CS0618: 'Object.FindObjectsByType<T>(FindObjectsSortMode)' is obsolete: 'FindObjectsByType with FindObjectsSortMode parameter has been deprecated. Use FindObjectsByType<T>() or FindObjectsByType<T>(FindObjectsInactive) instead. InstanceID will be replaced in the future with EntityId and previous sort order cannot be maintained.'
Assets\TumbangPreso\Runtime\Diagnostics\NetThrowProbe.cs(62,55): warning CS0618: 'FindObjectsSortMode' is obsolete: 'FindObjectsSortMode has been deprecated. Use the FindObjectsByType overloads that do not take a FindObjectsSortMode parameter.'
Assets\TumbangPreso\Runtime\Diagnostics\NetThrowProbe.cs(62,28): warning CS0618: 'Object.FindObjectsByType<T>(FindObjectsSortMode)' is obsolete: 'FindObjectsByType with FindObjectsSortMode parameter has been deprecated. Use FindObjectsByType<T>() or FindObjectsByType<T>(FindObjectsInactive) instead. InstanceID will be replaced in the future with EntityId and previous sort order cannot be maintained.'
Assets\TumbangPreso\Runtime\Diagnostics\NetThrowProbe.cs(74,23): warning CS0618: 'Object.FindFirstObjectByType<T>()' is obsolete: 'FindFirstObjectByType has been deprecated because it relies on instance ID ordering. Use FindAnyObjectByType instead, which does not depend on ordering.'
Assets\TumbangPreso\Runtime\Diagnostics\OwnerUiPlayerReview.Accessibility.cs(81,24): warning CS0618: 'Object.FindFirstObjectByType<T>()' is obsolete: 'FindFirstObjectByType has been deprecated because it relies on instance ID ordering. Use FindAnyObjectByType instead, which does not depend on ordering.'
Assets\TumbangPreso\Runtime\Diagnostics\OwnerUiPlayerReview.Accessibility.cs(119,44): warning CS0618: 'Object.FindFirstObjectByType<T>()' is obsolete: 'FindFirstObjectByType has been deprecated because it relies on instance ID ordering. Use FindAnyObjectByType instead, which does not depend on ordering.'
Assets\TumbangPreso\Runtime\Diagnostics\NetRoundBoundaryProbe.cs(51,67): warning CS0618: 'FindObjectsSortMode' is obsolete: 'FindObjectsSortMode has been deprecated. Use the FindObjectsByType overloads that do not take a FindObjectsSortMode parameter.'
Assets\TumbangPreso\Runtime\Diagnostics\NetRoundBoundaryProbe.cs(51,35): warning CS0618: 'Object.FindObjectsByType<T>(FindObjectsSortMode)' is obsolete: 'FindObjectsByType with FindObjectsSortMode parameter has been deprecated. Use FindObjectsByType<T>() or FindObjectsByType<T>(FindObjectsInactive) instead. InstanceID will be replaced in the future with EntityId and previous sort order cannot be maintained.'
Assets\TumbangPreso\Runtime\Net\WorldEffectSnapshot.cs(60,91): warning CS0618: 'FindObjectsSortMode' is obsolete: 'FindObjectsSortMode has been deprecated. Use the FindObjectsByType overloads that do not take a FindObjectsSortMode parameter.'
Assets\TumbangPreso\Runtime\Net\WorldEffectSnapshot.cs(60,35): warning CS0618: 'Object.FindObjectsByType<T>(FindObjectsSortMode)' is obsolete: 'FindObjectsByType with FindObjectsSortMode parameter has been deprecated. Use FindObjectsByType<T>() or FindObjectsByType<T>(FindObjectsInactive) instead. InstanceID will be replaced in the future with EntityId and previous sort order cannot be maintained.'
Assets\TumbangPreso\Runtime\Net\WorldEffectSnapshot.cs(68,94): warning CS0618: 'FindObjectsSortMode' is obsolete: 'FindObjectsSortMode has been deprecated. Use the FindObjectsByType overloads that do not take a FindObjectsSortMode parameter.'
Assets\TumbangPreso\Runtime\Net\WorldEffectSnapshot.cs(68,34): warning CS0618: 'Object.FindObjectsByType<T>(FindObjectsSortMode)' is obsolete: 'FindObjectsByType with FindObjectsSortMode parameter has been deprecated. Use FindObjectsByType<T>() or FindObjectsByType<T>(FindObjectsInactive) instead. InstanceID will be replaced in the future with EntityId and previous sort order cannot be maintained.'
Assets\TumbangPreso\Runtime\Net\WorldEffectSnapshot.cs(75,92): warning CS0618: 'FindObjectsSortMode' is obsolete: 'FindObjectsSortMode has been deprecated. Use the FindObjectsByType overloads that do not take a FindObjectsSortMode parameter.'
Assets\TumbangPreso\Runtime\Net\WorldEffectSnapshot.cs(75,35): warning CS0618: 'Object.FindObjectsByType<T>(FindObjectsSortMode)' is obsolete: 'FindObjectsByType with FindObjectsSortMode parameter has been deprecated. Use FindObjectsByType<T>() or FindObjectsByType<T>(FindObjectsInactive) instead. InstanceID will be replaced in the future with EntityId and previous sort order cannot be maintained.'
Assets\TumbangPreso\Runtime\Net\WorldEffectSnapshot.cs(79,93): warning CS0618: 'FindObjectsSortMode' is obsolete: 'FindObjectsSortMode has been deprecated. Use the FindObjectsByType overloads that do not take a FindObjectsSortMode parameter.'
Assets\TumbangPreso\Runtime\Net\WorldEffectSnapshot.cs(79,35): warning CS0618: 'Object.FindObjectsByType<T>(FindObjectsSortMode)' is obsolete: 'FindObjectsByType with FindObjectsSortMode parameter has been deprecated. Use FindObjectsByType<T>() or FindObjectsByType<T>(FindObjectsInactive) instead. InstanceID will be replaced in the future with EntityId and previous sort order cannot be maintained.'
Assets\TumbangPreso\Runtime\Net\WorldEffectSnapshot.cs(83,99): warning CS0618: 'FindObjectsSortMode' is obsolete: 'FindObjectsSortMode has been deprecated. Use the FindObjectsByType overloads that do not take a FindObjectsSortMode parameter.'
Assets\TumbangPreso\Runtime\Net\WorldEffectSnapshot.cs(83,36): warning CS0618: 'Object.FindObjectsByType<T>(FindObjectsSortMode)' is obsolete: 'FindObjectsByType with FindObjectsSortMode parameter has been deprecated. Use FindObjectsByType<T>() or FindObjectsByType<T>(FindObjectsInactive) instead. InstanceID will be replaced in the future with EntityId and previous sort order cannot be maintained.'
Assets\TumbangPreso\Runtime\Net\WorldEffectSnapshot.cs(87,89): warning CS0618: 'FindObjectsSortMode' is obsolete: 'FindObjectsSortMode has been deprecated. Use the FindObjectsByType overloads that do not take a FindObjectsSortMode parameter.'
Assets\TumbangPreso\Runtime\Net\WorldEffectSnapshot.cs(87,33): warning CS0618: 'Object.FindObjectsByType<T>(FindObjectsSortMode)' is obsolete: 'FindObjectsByType with FindObjectsSortMode parameter has been deprecated. Use FindObjectsByType<T>() or FindObjectsByType<T>(FindObjectsInactive) instead. InstanceID will be replaced in the future with EntityId and previous sort order cannot be maintained.'
Assets\TumbangPreso\Runtime\Net\WorldEffectSnapshot.cs(91,81): warning CS0618: 'FindObjectsSortMode' is obsolete: 'FindObjectsSortMode has been deprecated. Use the FindObjectsByType overloads that do not take a FindObjectsSortMode parameter.'
Assets\TumbangPreso\Runtime\Net\WorldEffectSnapshot.cs(91,36): warning CS0618: 'Object.FindObjectsByType<T>(FindObjectsSortMode)' is obsolete: 'FindObjectsByType with FindObjectsSortMode parameter has been deprecated. Use FindObjectsByType<T>() or FindObjectsByType<T>(FindObjectsInactive) instead. InstanceID will be replaced in the future with EntityId and previous sort order cannot be maintained.'
Assets\TumbangPreso\Runtime\Net\WorldEffectSnapshot.cs(95,76): warning CS0618: 'FindObjectsSortMode' is obsolete: 'FindObjectsSortMode has been deprecated. Use the FindObjectsByType overloads that do not take a FindObjectsSortMode parameter.'
Assets\TumbangPreso\Runtime\Net\WorldEffectSnapshot.cs(95,35): warning CS0618: 'Object.FindObjectsByType<T>(FindObjectsSortMode)' is obsolete: 'FindObjectsByType with FindObjectsSortMode parameter has been deprecated. Use FindObjectsByType<T>() or FindObjectsByType<T>(FindObjectsInactive) instead. InstanceID will be replaced in the future with EntityId and previous sort order cannot be maintained.'
Assets\TumbangPreso\Runtime\MatchInstaller.cs(1171,32): warning CS0618: 'Object.FindFirstObjectByType<T>()' is obsolete: 'FindFirstObjectByType has been deprecated because it relies on instance ID ordering. Use FindAnyObjectByType instead, which does not depend on ordering.'
Assets\TumbangPreso\Runtime\MatchInstaller.cs(1174,31): warning CS0618: 'Object.FindFirstObjectByType<T>()' is obsolete: 'FindFirstObjectByType has been deprecated because it relies on instance ID ordering. Use FindAnyObjectByType instead, which does not depend on ordering.'
Assets\TumbangPreso\Runtime\MatchInstaller.cs(1183,17): warning CS0618: 'Object.FindFirstObjectByType<T>()' is obsolete: 'FindFirstObjectByType has been deprecated because it relies on instance ID ordering. Use FindAnyObjectByType instead, which does not depend on ordering.'
Assets\TumbangPreso\Runtime\MatchInstaller.cs(1189,33): warning CS0618: 'Object.FindFirstObjectByType<T>()' is obsolete: 'FindFirstObjectByType has been deprecated because it relies on instance ID ordering. Use FindAnyObjectByType instead, which does not depend on ordering.'
Assets\TumbangPreso\Runtime\MatchInstaller.cs(1198,23): warning CS0618: 'Object.FindFirstObjectByType<T>()' is obsolete: 'FindFirstObjectByType has been deprecated because it relies on instance ID ordering. Use FindAnyObjectByType instead, which does not depend on ordering.'
Assets\TumbangPreso\Runtime\MatchInstaller.cs(1209,25): warning CS0618: 'Object.FindFirstObjectByType<T>()' is obsolete: 'FindFirstObjectByType has been deprecated because it relies on instance ID ordering. Use FindAnyObjectByType instead, which does not depend on ordering.'
Assets\TumbangPreso\Runtime\MatchInstaller.cs(1212,29): warning CS0618: 'Object.FindFirstObjectByType<T>()' is obsolete: 'FindFirstObjectByType has been deprecated because it relies on instance ID ordering. Use FindAnyObjectByType instead, which does not depend on ordering.'
Assets\TumbangPreso\Runtime\MatchInstaller.cs(1231,24): warning CS0618: 'Object.FindFirstObjectByType<T>()' is obsolete: 'FindFirstObjectByType has been deprecated because it relies on instance ID ordering. Use FindAnyObjectByType instead, which does not depend on ordering.'
Assets\TumbangPreso\Runtime\MatchInstaller.cs(1244,27): warning CS0618: 'Object.FindFirstObjectByType<T>()' is obsolete: 'FindFirstObjectByType has been deprecated because it relies on instance ID ordering. Use FindAnyObjectByType instead, which does not depend on ordering.'
Assets\TumbangPreso\Runtime\MatchInstaller.cs(1251,25): warning CS0618: 'Object.FindFirstObjectByType<T>()' is obsolete: 'FindFirstObjectByType has been deprecated because it relies on instance ID ordering. Use FindAnyObjectByType instead, which does not depend on ordering.'
Assets\TumbangPreso\Runtime\MatchInstaller.cs(1258,26): warning CS0618: 'FindObjectsSortMode' is obsolete: 'FindObjectsSortMode has been deprecated. Use the FindObjectsByType overloads that do not take a FindObjectsSortMode parameter.'
Assets\TumbangPreso\Runtime\MatchInstaller.cs(1257,37): warning CS0618: 'Object.FindObjectsByType<T>(FindObjectsSortMode)' is obsolete: 'FindObjectsByType with FindObjectsSortMode parameter has been deprecated. Use FindObjectsByType<T>() or FindObjectsByType<T>(FindObjectsInactive) instead. InstanceID will be replaced in the future with EntityId and previous sort order cannot be maintained.'
Assets\TumbangPreso\Runtime\MatchInstaller.cs(1371,23): warning CS0618: 'Object.FindFirstObjectByType<T>()' is obsolete: 'FindFirstObjectByType has been deprecated because it relies on instance ID ordering. Use FindAnyObjectByType instead, which does not depend on ordering.'
Assets\TumbangPreso\Runtime\Diagnostics\NetThrowProbe.cs(95,49): warning CS0618: 'FindObjectsSortMode' is obsolete: 'FindObjectsSortMode has been deprecated. Use the FindObjectsByType overloads that do not take a FindObjectsSortMode parameter.'
Assets\TumbangPreso\Runtime\Diagnostics\NetThrowProbe.cs(95,22): warning CS0618: 'Object.FindObjectsByType<T>(FindObjectsSortMode)' is obsolete: 'FindObjectsByType with FindObjectsSortMode parameter has been deprecated. Use FindObjectsByType<T>() or FindObjectsByType<T>(FindObjectsInactive) instead. InstanceID will be replaced in the future with EntityId and previous sort order cannot be maintained.'
Assets\TumbangPreso\Runtime\Diagnostics\NetRoofProbe.cs(191,52): warning CS0618: 'FindObjectsSortMode' is obsolete: 'FindObjectsSortMode has been deprecated. Use the FindObjectsByType overloads that do not take a FindObjectsSortMode parameter.'
Assets\TumbangPreso\Runtime\Diagnostics\NetRoofProbe.cs(191,26): warning CS0618: 'Object.FindObjectsByType<T>(FindObjectsSortMode)' is obsolete: 'FindObjectsByType with FindObjectsSortMode parameter has been deprecated. Use FindObjectsByType<T>() or FindObjectsByType<T>(FindObjectsInactive) instead. InstanceID will be replaced in the future with EntityId and previous sort order cannot be maintained.'
Assets\TumbangPreso\Runtime\Diagnostics\NetRoofProbe.cs(194,77): warning CS0618: 'FindObjectsSortMode' is obsolete: 'FindObjectsSortMode has been deprecated. Use the FindObjectsByType overloads that do not take a FindObjectsSortMode parameter.'
Assets\TumbangPreso\Runtime\Diagnostics\NetRoofProbe.cs(194,44): warning CS0618: 'Object.FindObjectsByType<T>(FindObjectsSortMode)' is obsolete: 'FindObjectsByType with FindObjectsSortMode parameter has been deprecated. Use FindObjectsByType<T>() or FindObjectsByType<T>(FindObjectsInactive) instead. InstanceID will be replaced in the future with EntityId and previous sort order cannot be maintained.'
Assets\TumbangPreso\Runtime\MatchInstaller.cs(1498,21): warning CS0618: 'Object.FindFirstObjectByType<T>()' is obsolete: 'FindFirstObjectByType has been deprecated because it relies on instance ID ordering. Use FindAnyObjectByType instead, which does not depend on ordering.'
Assets\TumbangPreso\Runtime\MatchInstaller.cs(1595,64): warning CS0618: 'FindObjectsSortMode' is obsolete: 'FindObjectsSortMode has been deprecated. Use the FindObjectsByType overloads that do not take a FindObjectsSortMode parameter.'
Assets\TumbangPreso\Runtime\MatchInstaller.cs(1595,35): warning CS0618: 'Object.FindObjectsByType<T>(FindObjectsSortMode)' is obsolete: 'FindObjectsByType with FindObjectsSortMode parameter has been deprecated. Use FindObjectsByType<T>() or FindObjectsByType<T>(FindObjectsInactive) instead. InstanceID will be replaced in the future with EntityId and previous sort order cannot be maintained.'
Assets\TumbangPreso\Runtime\Diagnostics\OwnerUiPlayerReview.Controls.cs(21,24): warning CS0618: 'Object.FindFirstObjectByType<T>()' is obsolete: 'FindFirstObjectByType has been deprecated because it relies on instance ID ordering. Use FindAnyObjectByType instead, which does not depend on ordering.'
Assets\TumbangPreso\Runtime\PracticeRange.cs(50,43): warning CS0618: 'Object.FindFirstObjectByType<T>()' is obsolete: 'FindFirstObjectByType has been deprecated because it relies on instance ID ordering. Use FindAnyObjectByType instead, which does not depend on ordering.'
Assets\TumbangPreso\Runtime\Diagnostics\NetWorldFieldProbe.cs(51,23): warning CS0618: 'Object.FindFirstObjectByType<T>()' is obsolete: 'FindFirstObjectByType has been deprecated because it relies on instance ID ordering. Use FindAnyObjectByType instead, which does not depend on ordering.'
Assets\TumbangPreso\Runtime\Diagnostics\NetWorldFieldProbe.cs(52,66): warning CS0618: 'FindObjectsSortMode' is obsolete: 'FindObjectsSortMode has been deprecated. Use the FindObjectsByType overloads that do not take a FindObjectsSortMode parameter.'
Assets\TumbangPreso\Runtime\Diagnostics\NetWorldFieldProbe.cs(52,34): warning CS0618: 'Object.FindObjectsByType<T>(FindObjectsSortMode)' is obsolete: 'FindObjectsByType with FindObjectsSortMode parameter has been deprecated. Use FindObjectsByType<T>() or FindObjectsByType<T>(FindObjectsInactive) instead. InstanceID will be replaced in the future with EntityId and previous sort order cannot be maintained.'
Assets\TumbangPreso\Runtime\Diagnostics\NetWorldFieldProbe.cs(53,71): warning CS0618: 'FindObjectsSortMode' is obsolete: 'FindObjectsSortMode has been deprecated. Use the FindObjectsByType overloads that do not take a FindObjectsSortMode parameter.'
Assets\TumbangPreso\Runtime\Diagnostics\NetWorldFieldProbe.cs(53,34): warning CS0618: 'Object.FindObjectsByType<T>(FindObjectsSortMode)' is obsolete: 'FindObjectsByType with FindObjectsSortMode parameter has been deprecated. Use FindObjectsByType<T>() or FindObjectsByType<T>(FindObjectsInactive) instead. InstanceID will be replaced in the future with EntityId and previous sort order cannot be maintained.'
Assets\TumbangPreso\Runtime\Net\WorldEffectSnapshot.cs(261,63): warning CS0618: 'FindObjectsSortMode' is obsolete: 'FindObjectsSortMode has been deprecated. Use the FindObjectsByType overloads that do not take a FindObjectsSortMode parameter.'
Assets\TumbangPreso\Runtime\Net\WorldEffectSnapshot.cs(261,35): warning CS0618: 'Object.FindObjectsByType<T>(FindObjectsSortMode)' is obsolete: 'FindObjectsByType with FindObjectsSortMode parameter has been deprecated. Use FindObjectsByType<T>() or FindObjectsByType<T>(FindObjectsInactive) instead. InstanceID will be replaced in the future with EntityId and previous sort order cannot be maintained.'
Assets\TumbangPreso\Runtime\Diagnostics\NetZackProbe.cs(71,25): warning CS0618: 'Object.FindFirstObjectByType<T>()' is obsolete: 'FindFirstObjectByType has been deprecated because it relies on instance ID ordering. Use FindAnyObjectByType instead, which does not depend on ordering.'
Assets\TumbangPreso\Runtime\Diagnostics\NetZackProbe.cs(74,67): warning CS0618: 'FindObjectsSortMode' is obsolete: 'FindObjectsSortMode has been deprecated. Use the FindObjectsByType overloads that do not take a FindObjectsSortMode parameter.'
Assets\TumbangPreso\Runtime\Diagnostics\NetZackProbe.cs(74,35): warning CS0618: 'Object.FindObjectsByType<T>(FindObjectsSortMode)' is obsolete: 'FindObjectsByType with FindObjectsSortMode parameter has been deprecated. Use FindObjectsByType<T>() or FindObjectsByType<T>(FindObjectsInactive) instead. InstanceID will be replaced in the future with EntityId and previous sort order cannot be maintained.'
Assets\TumbangPreso\Runtime\Diagnostics\NetZackProbe.cs(75,72): warning CS0618: 'FindObjectsSortMode' is obsolete: 'FindObjectsSortMode has been deprecated. Use the FindObjectsByType overloads that do not take a FindObjectsSortMode parameter.'
Assets\TumbangPreso\Runtime\Diagnostics\NetZackProbe.cs(75,35): warning CS0618: 'Object.FindObjectsByType<T>(FindObjectsSortMode)' is obsolete: 'FindObjectsByType with FindObjectsSortMode parameter has been deprecated. Use FindObjectsByType<T>() or FindObjectsByType<T>(FindObjectsInactive) instead. InstanceID will be replaced in the future with EntityId and previous sort order cannot be maintained.'
Assets\TumbangPreso\Runtime\Diagnostics\NetZackProbe.cs(124,66): warning CS0618: 'FindObjectsSortMode' is obsolete: 'FindObjectsSortMode has been deprecated. Use the FindObjectsByType overloads that do not take a FindObjectsSortMode parameter.'
Assets\TumbangPreso\Runtime\Diagnostics\NetZackProbe.cs(124,25): warning CS0618: 'Object.FindObjectsByType<T>(FindObjectsSortMode)' is obsolete: 'FindObjectsByType with FindObjectsSortMode parameter has been deprecated. Use FindObjectsByType<T>() or FindObjectsByType<T>(FindObjectsInactive) instead. InstanceID will be replaced in the future with EntityId and previous sort order cannot be maintained.'
Assets\TumbangPreso\Runtime\Diagnostics\NetZackProbe.cs(131,83): warning CS0618: 'FindObjectsSortMode' is obsolete: 'FindObjectsSortMode has been deprecated. Use the FindObjectsByType overloads that do not take a FindObjectsSortMode parameter.'
Assets\TumbangPreso\Runtime\Diagnostics\NetZackProbe.cs(131,47): warning CS0618: 'Object.FindObjectsByType<T>(FindObjectsSortMode)' is obsolete: 'FindObjectsByType with FindObjectsSortMode parameter has been deprecated. Use FindObjectsByType<T>() or FindObjectsByType<T>(FindObjectsInactive) instead. InstanceID will be replaced in the future with EntityId and previous sort order cannot be maintained.'
Assets\TumbangPreso\Runtime\Diagnostics\NetZackProbe.cs(183,52): warning CS0618: 'FindObjectsSortMode' is obsolete: 'FindObjectsSortMode has been deprecated. Use the FindObjectsByType overloads that do not take a FindObjectsSortMode parameter.'
Assets\TumbangPreso\Runtime\Diagnostics\NetZackProbe.cs(183,17): warning CS0618: 'Object.FindObjectsByType<T>(FindObjectsSortMode)' is obsolete: 'FindObjectsByType with FindObjectsSortMode parameter has been deprecated. Use FindObjectsByType<T>() or FindObjectsByType<T>(FindObjectsInactive) instead. InstanceID will be replaced in the future with EntityId and previous sort order cannot be maintained.'
Assets\TumbangPreso\Runtime\Net\NetCompletedArrivalProbe.cs(132,30): warning CS0618: 'Object.FindFirstObjectByType<T>()' is obsolete: 'FindFirstObjectByType has been deprecated because it relies on instance ID ordering. Use FindAnyObjectByType instead, which does not depend on ordering.'
Assets\TumbangPreso\Runtime\Net\NetCompletedArrivalProbe.cs(134,57): warning CS0618: 'FindObjectsSortMode' is obsolete: 'FindObjectsSortMode has been deprecated. Use the FindObjectsByType overloads that do not take a FindObjectsSortMode parameter.'
Assets\TumbangPreso\Runtime\Net\NetCompletedArrivalProbe.cs(134,31): warning CS0618: 'Object.FindObjectsByType<T>(FindObjectsSortMode)' is obsolete: 'FindObjectsByType with FindObjectsSortMode parameter has been deprecated. Use FindObjectsByType<T>() or FindObjectsByType<T>(FindObjectsInactive) instead. InstanceID will be replaced in the future with EntityId and previous sort order cannot be maintained.'
Assets\TumbangPreso\Runtime\Net\NetCompletedArrivalProbe.cs(149,25): warning CS0618: 'Object.FindFirstObjectByType<T>()' is obsolete: 'FindFirstObjectByType has been deprecated because it relies on instance ID ordering. Use FindAnyObjectByType instead, which does not depend on ordering.'
Assets\TumbangPreso\Runtime\Net\NetSession.cs(1569,46): warning CS0618: 'FindObjectsSortMode' is obsolete: 'FindObjectsSortMode has been deprecated. Use the FindObjectsByType overloads that do not take a FindObjectsSortMode parameter.'
Assets\TumbangPreso\Runtime\Net\NetSession.cs(1568,37): warning CS0618: 'Object.FindObjectsByType<T>(FindObjectsInactive, FindObjectsSortMode)' is obsolete: 'FindObjectsByType with FindObjectsSortMode parameter has been deprecated. Use FindObjectsByType<T>() or FindObjectsByType<T>(FindObjectsInactive) instead. InstanceID will be replaced in the future with EntityId and previous sort order cannot be maintained.'
Assets\TumbangPreso\Runtime\Net\ServerQuery.cs(361,55): warning CS0618: 'Object.FindFirstObjectByType<T>()' is obsolete: 'FindFirstObjectByType has been deprecated because it relies on instance ID ordering. Use FindAnyObjectByType instead, which does not depend on ordering.'
Assets\TumbangPreso\Runtime\RoundDirector.cs(558,84): warning CS0618: 'FindObjectsSortMode' is obsolete: 'FindObjectsSortMode has been deprecated. Use the FindObjectsByType overloads that do not take a FindObjectsSortMode parameter.'
Assets\TumbangPreso\Runtime\RoundDirector.cs(558,28): warning CS0618: 'Object.FindObjectsByType<T>(FindObjectsInactive, FindObjectsSortMode)' is obsolete: 'FindObjectsByType with FindObjectsSortMode parameter has been deprecated. Use FindObjectsByType<T>() or FindObjectsByType<T>(FindObjectsInactive) instead. InstanceID will be replaced in the future with EntityId and previous sort order cannot be maintained.'
Assets\TumbangPreso\Runtime\Visual\VoodooCursePresenter.cs(71,87): warning CS0618: 'FindObjectsSortMode' is obsolete: 'FindObjectsSortMode has been deprecated. Use the FindObjectsByType overloads that do not take a FindObjectsSortMode parameter.'
Assets\TumbangPreso\Runtime\Visual\VoodooCursePresenter.cs(71,34): warning CS0618: 'Object.FindObjectsByType<T>(FindObjectsSortMode)' is obsolete: 'FindObjectsByType with FindObjectsSortMode parameter has been deprecated. Use FindObjectsByType<T>() or FindObjectsByType<T>(FindObjectsInactive) instead. InstanceID will be replaced in the future with EntityId and previous sort order cannot be maintained.'
Assets\TumbangPreso\Runtime\Visual\VfxTimeline.cs(59,55): warning CS0618: 'FindObjectsSortMode' is obsolete: 'FindObjectsSortMode has been deprecated. Use the FindObjectsByType overloads that do not take a FindObjectsSortMode parameter.'
Assets\TumbangPreso\Runtime\Visual\VfxTimeline.cs(58,39): warning CS0618: 'Object.FindObjectsByType<T>(FindObjectsInactive, FindObjectsSortMode)' is obsolete: 'FindObjectsByType with FindObjectsSortMode parameter has been deprecated. Use FindObjectsByType<T>() or FindObjectsByType<T>(FindObjectsInactive) instead. InstanceID will be replaced in the future with EntityId and previous sort order cannot be maintained.'
Assets\TumbangPreso\Runtime\Visual\ArcFlicker.cs(107,42): warning CS0162: Unreachable code detected
Assets\TumbangPreso\Runtime\Diagnostics\OwnerUiPlayerReview.Performance.cs(234,25): warning CS0618: 'Object.FindFirstObjectByType<T>()' is obsolete: 'FindFirstObjectByType has been deprecated because it relies on instance ID ordering. Use FindAnyObjectByType instead, which does not depend on ordering.'
Assets\TumbangPreso\Runtime\Diagnostics\OwnerUiPlayerReview.Performance.cs(269,88): warning CS0618: 'FindObjectsSortMode' is obsolete: 'FindObjectsSortMode has been deprecated. Use the FindObjectsByType overloads that do not take a FindObjectsSortMode parameter.'
Assets\TumbangPreso\Runtime\Diagnostics\OwnerUiPlayerReview.Performance.cs(269,25): warning CS0618: 'Object.FindObjectsByType<T>(FindObjectsInactive, FindObjectsSortMode)' is obsolete: 'FindObjectsByType with FindObjectsSortMode parameter has been deprecated. Use FindObjectsByType<T>() or FindObjectsByType<T>(FindObjectsInactive) instead. InstanceID will be replaced in the future with EntityId and previous sort order cannot be maintained.'
Assets\TumbangPreso\Runtime\UI\UltimatePresentationDirector.cs(159,29): warning CS0618: 'Object.FindFirstObjectByType<T>()' is obsolete: 'FindFirstObjectByType has been deprecated because it relies on instance ID ordering. Use FindAnyObjectByType instead, which does not depend on ordering.'
Assets\TumbangPreso\Runtime\UI\DebugBar.cs(62,28): warning CS0618: 'Object.FindFirstObjectByType<T>()' is obsolete: 'FindFirstObjectByType has been deprecated because it relies on instance ID ordering. Use FindAnyObjectByType instead, which does not depend on ordering.'
Assets\TumbangPreso\Runtime\UI\Hud.Native.cs(56,90): warning CS0618: 'FindObjectsSortMode' is obsolete: 'FindObjectsSortMode has been deprecated. Use the FindObjectsByType overloads that do not take a FindObjectsSortMode parameter.'
Assets\TumbangPreso\Runtime\UI\Hud.Native.cs(56,34): warning CS0618: 'Object.FindObjectsByType<T>(FindObjectsInactive, FindObjectsSortMode)' is obsolete: 'FindObjectsByType with FindObjectsSortMode parameter has been deprecated. Use FindObjectsByType<T>() or FindObjectsByType<T>(FindObjectsInactive) instead. InstanceID will be replaced in the future with EntityId and previous sort order cannot be maintained.'
Assets\TumbangPreso\Runtime\Visual\ColourGrade.cs(138,25): warning CS0618: 'Object.FindFirstObjectByType<T>(FindObjectsInactive)' is obsolete: 'FindFirstObjectByType has been deprecated because it relies on instance ID ordering. Use FindAnyObjectByType instead, which does not depend on ordering.'
Assets\TumbangPreso\Runtime\UI\Hud.cs(1048,61): warning CS0618: 'FindObjectsSortMode' is obsolete: 'FindObjectsSortMode has been deprecated. Use the FindObjectsByType overloads that do not take a FindObjectsSortMode parameter.'
Assets\TumbangPreso\Runtime\UI\Hud.cs(1047,34): warning CS0618: 'Object.FindObjectsByType<T>(FindObjectsInactive, FindObjectsSortMode)' is obsolete: 'FindObjectsByType with FindObjectsSortMode parameter has been deprecated. Use FindObjectsByType<T>() or FindObjectsByType<T>(FindObjectsInactive) instead. InstanceID will be replaced in the future with EntityId and previous sort order cannot be maintained.'
Assets\TumbangPreso\Runtime\UI\Hud.cs(1122,61): warning CS0618: 'FindObjectsSortMode' is obsolete: 'FindObjectsSortMode has been deprecated. Use the FindObjectsByType overloads that do not take a FindObjectsSortMode parameter.'
Assets\TumbangPreso\Runtime\UI\Hud.cs(1121,34): warning CS0618: 'Object.FindObjectsByType<T>(FindObjectsInactive, FindObjectsSortMode)' is obsolete: 'FindObjectsByType with FindObjectsSortMode parameter has been deprecated. Use FindObjectsByType<T>() or FindObjectsByType<T>(FindObjectsInactive) instead. InstanceID will be replaced in the future with EntityId and previous sort order cannot be maintained.'
Assets\TumbangPreso\Runtime\UI\Hud.cs(1229,36): warning CS0618: 'Object.FindFirstObjectByType<T>()' is obsolete: 'FindFirstObjectByType has been deprecated because it relies on instance ID ordering. Use FindAnyObjectByType instead, which does not depend on ordering.'
Assets\TumbangPreso\Runtime\Net\MatchRpc.cs(1120,33): warning CS0618: 'Object.FindFirstObjectByType<T>()' is obsolete: 'FindFirstObjectByType has been deprecated because it relies on instance ID ordering. Use FindAnyObjectByType instead, which does not depend on ordering.'
Assets\TumbangPreso\Runtime\UI\Hud.cs(1317,55): warning CS0618: 'FindObjectsSortMode' is obsolete: 'FindObjectsSortMode has been deprecated. Use the FindObjectsByType overloads that do not take a FindObjectsSortMode parameter.'
Assets\TumbangPreso\Runtime\UI\Hud.cs(1316,35): warning CS0618: 'Object.FindObjectsByType<T>(FindObjectsInactive, FindObjectsSortMode)' is obsolete: 'FindObjectsByType with FindObjectsSortMode parameter has been deprecated. Use FindObjectsByType<T>() or FindObjectsByType<T>(FindObjectsInactive) instead. InstanceID will be replaced in the future with EntityId and previous sort order cannot be maintained.'
Assets\TumbangPreso\Runtime\UI\Hud.cs(1338,55): warning CS0618: 'FindObjectsSortMode' is obsolete: 'FindObjectsSortMode has been deprecated. Use the FindObjectsByType overloads that do not take a FindObjectsSortMode parameter.'
Assets\TumbangPreso\Runtime\UI\Hud.cs(1337,34): warning CS0618: 'Object.FindObjectsByType<T>(FindObjectsInactive, FindObjectsSortMode)' is obsolete: 'FindObjectsByType with FindObjectsSortMode parameter has been deprecated. Use FindObjectsByType<T>() or FindObjectsByType<T>(FindObjectsInactive) instead. InstanceID will be replaced in the future with EntityId and previous sort order cannot be maintained.'
Assets\TumbangPreso\Runtime\Net\MatchRpc.cs(1167,24): warning CS0618: 'Object.FindFirstObjectByType<T>()' is obsolete: 'FindFirstObjectByType has been deprecated because it relies on instance ID ordering. Use FindAnyObjectByType instead, which does not depend on ordering.'
Assets\TumbangPreso\Runtime\UI\ModelPreview.cs(527,60): warning CS0618: 'FindObjectsSortMode' is obsolete: 'FindObjectsSortMode has been deprecated. Use the FindObjectsByType overloads that do not take a FindObjectsSortMode parameter.'
Assets\TumbangPreso\Runtime\UI\ModelPreview.cs(526,35): warning CS0618: 'Object.FindObjectsByType<T>(FindObjectsInactive, FindObjectsSortMode)' is obsolete: 'FindObjectsByType with FindObjectsSortMode parameter has been deprecated. Use FindObjectsByType<T>() or FindObjectsByType<T>(FindObjectsInactive) instead. InstanceID will be replaced in the future with EntityId and previous sort order cannot be maintained.'
Assets\TumbangPreso\Runtime\Net\MatchRpc.cs(1242,24): warning CS0618: 'Object.FindFirstObjectByType<T>()' is obsolete: 'FindFirstObjectByType has been deprecated because it relies on instance ID ordering. Use FindAnyObjectByType instead, which does not depend on ordering.'
Assets\TumbangPreso\Runtime\UI\MapPreviewSurface.cs(745,103): warning CS0618: 'FindObjectsSortMode' is obsolete: 'FindObjectsSortMode has been deprecated. Use the FindObjectsByType overloads that do not take a FindObjectsSortMode parameter.'
Assets\TumbangPreso\Runtime\UI\MapPreviewSurface.cs(745,37): warning CS0618: 'Object.FindObjectsByType<T>(FindObjectsInactive, FindObjectsSortMode)' is obsolete: 'FindObjectsByType with FindObjectsSortMode parameter has been deprecated. Use FindObjectsByType<T>() or FindObjectsByType<T>(FindObjectsInactive) instead. InstanceID will be replaced in the future with EntityId and previous sort order cannot be maintained.'
Assets\TumbangPreso\Runtime\Net\MatchRpc.cs(1645,13): warning CS0618: 'Object.FindFirstObjectByType<T>()' is obsolete: 'FindFirstObjectByType has been deprecated because it relies on instance ID ordering. Use FindAnyObjectByType instead, which does not depend on ordering.'
Assets\TumbangPreso\Runtime\Net\MatchRpc.cs(1670,17): warning CS0618: 'Object.FindFirstObjectByType<T>()' is obsolete: 'FindFirstObjectByType has been deprecated because it relies on instance ID ordering. Use FindAnyObjectByType instead, which does not depend on ordering.'
Assets\TumbangPreso\Runtime\Net\MatchRpc.cs(1689,13): warning CS0618: 'Object.FindFirstObjectByType<T>()' is obsolete: 'FindFirstObjectByType has been deprecated because it relies on instance ID ordering. Use FindAnyObjectByType instead, which does not depend on ordering.'
Assets\TumbangPreso\Runtime\Net\MatchRpc.cs(1713,22): warning CS0618: 'Object.FindFirstObjectByType<T>()' is obsolete: 'FindFirstObjectByType has been deprecated because it relies on instance ID ordering. Use FindAnyObjectByType instead, which does not depend on ordering.'
Assets\TumbangPreso\Runtime\Net\MatchRpc.cs(1735,18): warning CS0618: 'Object.FindFirstObjectByType<T>()' is obsolete: 'FindFirstObjectByType has been deprecated because it relies on instance ID ordering. Use FindAnyObjectByType instead, which does not depend on ordering.'
Assets\TumbangPreso\Runtime\Net\MatchRpc.cs(1784,18): warning CS0618: 'Object.FindFirstObjectByType<T>()' is obsolete: 'FindFirstObjectByType has been deprecated because it relies on instance ID ordering. Use FindAnyObjectByType instead, which does not depend on ordering.'
Assets\TumbangPreso\Runtime\UI\Hud.cs(2711,62): warning CS0618: 'FindObjectsSortMode' is obsolete: 'FindObjectsSortMode has been deprecated. Use the FindObjectsByType overloads that do not take a FindObjectsSortMode parameter.'
Assets\TumbangPreso\Runtime\UI\Hud.cs(2710,35): warning CS0618: 'Object.FindObjectsByType<T>(FindObjectsInactive, FindObjectsSortMode)' is obsolete: 'FindObjectsByType with FindObjectsSortMode parameter has been deprecated. Use FindObjectsByType<T>() or FindObjectsByType<T>(FindObjectsInactive) instead. InstanceID will be replaced in the future with EntityId and previous sort order cannot be maintained.'
Assets\TumbangPreso\Runtime\UI\MapPreviewSurface.cs(1183,61): warning CS0618: 'FindObjectsSortMode' is obsolete: 'FindObjectsSortMode has been deprecated. Use the FindObjectsByType overloads that do not take a FindObjectsSortMode parameter.'
Assets\TumbangPreso\Runtime\UI\MapPreviewSurface.cs(1182,35): warning CS0618: 'Object.FindObjectsByType<T>(FindObjectsInactive, FindObjectsSortMode)' is obsolete: 'FindObjectsByType with FindObjectsSortMode parameter has been deprecated. Use FindObjectsByType<T>() or FindObjectsByType<T>(FindObjectsInactive) instead. InstanceID will be replaced in the future with EntityId and previous sort order cannot be maintained.'
Assets\TumbangPreso\Runtime\UI\ConvertedMatchSetup.cs(2627,33): warning CS0618: 'Object.FindFirstObjectByType<T>()' is obsolete: 'FindFirstObjectByType has been deprecated because it relies on instance ID ordering. Use FindAnyObjectByType instead, which does not depend on ordering.'
Assets\TumbangPreso\Runtime\Net\MatchRpc.cs(1852,13): warning CS0618: 'Object.FindFirstObjectByType<T>()' is obsolete: 'FindFirstObjectByType has been deprecated because it relies on instance ID ordering. Use FindAnyObjectByType instead, which does not depend on ordering.'
Assets\TumbangPreso\Runtime\Net\MatchRpc.cs(1879,26): warning CS0618: 'Object.FindFirstObjectByType<T>()' is obsolete: 'FindFirstObjectByType has been deprecated because it relies on instance ID ordering. Use FindAnyObjectByType instead, which does not depend on ordering.'
Assets\TumbangPreso\Runtime\UI\Hud.cs(3242,40): warning CS0618: 'Object.FindFirstObjectByType<T>()' is obsolete: 'FindFirstObjectByType has been deprecated because it relies on instance ID ordering. Use FindAnyObjectByType instead, which does not depend on ordering.'
Assets\TumbangPreso\Runtime\UI\Hud.cs(4344,50): warning CS0618: 'FindObjectsSortMode' is obsolete: 'FindObjectsSortMode has been deprecated. Use the FindObjectsByType overloads that do not take a FindObjectsSortMode parameter.'
Assets\TumbangPreso\Runtime\UI\Hud.cs(4343,37): warning CS0618: 'Object.FindObjectsByType<T>(FindObjectsInactive, FindObjectsSortMode)' is obsolete: 'FindObjectsByType with FindObjectsSortMode parameter has been deprecated. Use FindObjectsByType<T>() or FindObjectsByType<T>(FindObjectsInactive) instead. InstanceID will be replaced in the future with EntityId and previous sort order cannot be maintained.'
Assets\TumbangPreso\Runtime\UI\MatchResult.cs(645,23): warning CS0618: 'Object.FindFirstObjectByType<T>()' is obsolete: 'FindFirstObjectByType has been deprecated because it relies on instance ID ordering. Use FindAnyObjectByType instead, which does not depend on ordering.'
Assets\TumbangPreso\Runtime\Visual\SkyEvent.cs(345,60): warning CS0618: 'FindObjectsSortMode' is obsolete: 'FindObjectsSortMode has been deprecated. Use the FindObjectsByType overloads that do not take a FindObjectsSortMode parameter.'
Assets\TumbangPreso\Runtime\Visual\SkyEvent.cs(344,35): warning CS0618: 'Object.FindObjectsByType<T>(FindObjectsInactive, FindObjectsSortMode)' is obsolete: 'FindObjectsByType with FindObjectsSortMode parameter has been deprecated. Use FindObjectsByType<T>() or FindObjectsByType<T>(FindObjectsInactive) instead. InstanceID will be replaced in the future with EntityId and previous sort order cannot be maintained.'
Assets\TumbangPreso\Runtime\Visual\SkyEvent.cs(448,66): warning CS0618: 'FindObjectsSortMode' is obsolete: 'FindObjectsSortMode has been deprecated. Use the FindObjectsByType overloads that do not take a FindObjectsSortMode parameter.'
Assets\TumbangPreso\Runtime\Visual\SkyEvent.cs(447,35): warning CS0618: 'Object.FindObjectsByType<T>(FindObjectsInactive, FindObjectsSortMode)' is obsolete: 'FindObjectsByType with FindObjectsSortMode parameter has been deprecated. Use FindObjectsByType<T>() or FindObjectsByType<T>(FindObjectsInactive) instead. InstanceID will be replaced in the future with EntityId and previous sort order cannot be maintained.'
Assets\TumbangPreso\Runtime\Diagnostics\OwnerUiPlayerReview.cs(201,71): warning CS0618: 'FindObjectsSortMode' is obsolete: 'FindObjectsSortMode has been deprecated. Use the FindObjectsByType overloads that do not take a FindObjectsSortMode parameter.'
Assets\TumbangPreso\Runtime\Diagnostics\OwnerUiPlayerReview.cs(201,19): warning CS0618: 'Object.FindObjectsByType<T>(FindObjectsSortMode)' is obsolete: 'FindObjectsByType with FindObjectsSortMode parameter has been deprecated. Use FindObjectsByType<T>() or FindObjectsByType<T>(FindObjectsInactive) instead. InstanceID will be replaced in the future with EntityId and previous sort order cannot be maintained.'
Assets\TumbangPreso\Runtime\Visual\PhaisterOmenScreen.cs(128,38): warning CS0618: 'Object.FindFirstObjectByType<T>()' is obsolete: 'FindFirstObjectByType has been deprecated because it relies on instance ID ordering. Use FindAnyObjectByType instead, which does not depend on ordering.'
Assets\TumbangPreso\Runtime\Visual\PhaisterManika.cs(145,35): warning CS0618: 'Object.FindFirstObjectByType<T>()' is obsolete: 'FindFirstObjectByType has been deprecated because it relies on instance ID ordering. Use FindAnyObjectByType instead, which does not depend on ordering.'
Assets\TumbangPreso\Runtime\Visual\PhaisterManika.cs(233,23): warning CS0618: 'Object.FindFirstObjectByType<T>()' is obsolete: 'FindFirstObjectByType has been deprecated because it relies on instance ID ordering. Use FindAnyObjectByType instead, which does not depend on ordering.'
Assets\TumbangPreso\Runtime\Diagnostics\OwnerUiPlayerReview.cs(339,22): warning CS0618: 'Object.FindFirstObjectByType<T>()' is obsolete: 'FindFirstObjectByType has been deprecated because it relies on instance ID ordering. Use FindAnyObjectByType instead, which does not depend on ordering.'
Assets\TumbangPreso\Runtime\Visual\PhaisterAimSigil.cs(247,24): warning CS0618: 'Object.FindFirstObjectByType<T>()' is obsolete: 'FindFirstObjectByType has been deprecated because it relies on instance ID ordering. Use FindAnyObjectByType instead, which does not depend on ordering.'
Assets\TumbangPreso\Runtime\Visual\MatchFlair.cs(216,112): warning CS0618: 'FindObjectsSortMode' is obsolete: 'FindObjectsSortMode has been deprecated. Use the FindObjectsByType overloads that do not take a FindObjectsSortMode parameter.'
Assets\TumbangPreso\Runtime\Visual\MatchFlair.cs(216,42): warning CS0618: 'Object.FindObjectsByType<T>(FindObjectsSortMode)' is obsolete: 'FindObjectsByType with FindObjectsSortMode parameter has been deprecated. Use FindObjectsByType<T>() or FindObjectsByType<T>(FindObjectsInactive) instead. InstanceID will be replaced in the future with EntityId and previous sort order cannot be maintained.'
Assets\TumbangPreso\Runtime\Diagnostics\OwnerUiPlayerReview.cs(558,42): warning CS0618: 'Object.FindFirstObjectByType<T>()' is obsolete: 'FindFirstObjectByType has been deprecated because it relies on instance ID ordering. Use FindAnyObjectByType instead, which does not depend on ordering.'
Assets\TumbangPreso\Runtime\Diagnostics\OwnerUiPlayerReview.cs(568,29): warning CS0618: 'Object.FindFirstObjectByType<T>()' is obsolete: 'FindFirstObjectByType has been deprecated because it relies on instance ID ordering. Use FindAnyObjectByType instead, which does not depend on ordering.'
Assets\TumbangPreso\Runtime\Diagnostics\OwnerUiPlayerReview.cs(581,29): warning CS0618: 'Object.FindFirstObjectByType<T>()' is obsolete: 'FindFirstObjectByType has been deprecated because it relies on instance ID ordering. Use FindAnyObjectByType instead, which does not depend on ordering.'
Assets\TumbangPreso\Runtime\Visual\HitFeel.cs(147,23): warning CS0618: 'Object.FindFirstObjectByType<T>()' is obsolete: 'FindFirstObjectByType has been deprecated because it relies on instance ID ordering. Use FindAnyObjectByType instead, which does not depend on ordering.'
Assets\TumbangPreso\Runtime\Visual\HexedPhantomSlippers.cs(95,62): warning CS0618: 'FindObjectsSortMode' is obsolete: 'FindObjectsSortMode has been deprecated. Use the FindObjectsByType overloads that do not take a FindObjectsSortMode parameter.'
Assets\TumbangPreso\Runtime\Visual\HexedPhantomSlippers.cs(95,28): warning CS0618: 'Object.FindObjectsByType<T>(FindObjectsSortMode)' is obsolete: 'FindObjectsByType with FindObjectsSortMode parameter has been deprecated. Use FindObjectsByType<T>() or FindObjectsByType<T>(FindObjectsInactive) instead. InstanceID will be replaced in the future with EntityId and previous sort order cannot be maintained.'
Assets\TumbangPreso\Runtime\Visual\GroundReticle.cs(407,24): warning CS0618: 'Object.FindFirstObjectByType<T>()' is obsolete: 'FindFirstObjectByType has been deprecated because it relies on instance ID ordering. Use FindAnyObjectByType instead, which does not depend on ordering.'
Assets\TumbangPreso\Runtime\Visual\DisorientedHallucinations.cs(59,65): warning CS0618: 'FindObjectsSortMode' is obsolete: 'FindObjectsSortMode has been deprecated. Use the FindObjectsByType overloads that do not take a FindObjectsSortMode parameter.'
Assets\TumbangPreso\Runtime\Visual\DisorientedHallucinations.cs(59,31): warning CS0618: 'Object.FindObjectsByType<T>(FindObjectsSortMode)' is obsolete: 'FindObjectsByType with FindObjectsSortMode parameter has been deprecated. Use FindObjectsByType<T>() or FindObjectsByType<T>(FindObjectsInactive) instead. InstanceID will be replaced in the future with EntityId and previous sort order cannot be maintained.'
Assets\TumbangPreso\Runtime\UI\SlipperRecall.cs(306,40): warning CS0618: 'Object.FindFirstObjectByType<T>()' is obsolete: 'FindFirstObjectByType has been deprecated because it relies on instance ID ordering. Use FindAnyObjectByType instead, which does not depend on ordering.'
Assets\TumbangPreso\Runtime\UI\PlayerNameplate.cs(122,46): warning CS0618: 'FindObjectsSortMode' is obsolete: 'FindObjectsSortMode has been deprecated. Use the FindObjectsByType overloads that do not take a FindObjectsSortMode parameter.'
Assets\TumbangPreso\Runtime\UI\PlayerNameplate.cs(121,25): warning CS0618: 'Object.FindObjectsByType<T>(FindObjectsInactive, FindObjectsSortMode)' is obsolete: 'FindObjectsByType with FindObjectsSortMode parameter has been deprecated. Use FindObjectsByType<T>() or FindObjectsByType<T>(FindObjectsInactive) instead. InstanceID will be replaced in the future with EntityId and previous sort order cannot be maintained.'
Assets\TumbangPreso\Runtime\UI\RoleSwapCard.cs(297,23): warning CS0618: 'Object.FindFirstObjectByType<T>()' is obsolete: 'FindFirstObjectByType has been deprecated because it relies on instance ID ordering. Use FindAnyObjectByType instead, which does not depend on ordering.'
Assets\TumbangPreso\Runtime\UI\TumpMatchReadout.Recede.cs(47,52): warning CS0618: 'Object.FindFirstObjectByType<T>()' is obsolete: 'FindFirstObjectByType has been deprecated because it relies on instance ID ordering. Use FindAnyObjectByType instead, which does not depend on ordering.'
Assets\TumbangPreso\Runtime\UI\TumpMatchReadout.Recede.cs(48,66): warning CS0618: 'Object.FindFirstObjectByType<T>()' is obsolete: 'FindFirstObjectByType has been deprecated because it relies on instance ID ordering. Use FindAnyObjectByType instead, which does not depend on ordering.'
Assets\TumbangPreso\Runtime\UI\Hub\HubLoading.cs(196,88): warning CS0618: 'FindObjectsSortMode' is obsolete: 'FindObjectsSortMode has been deprecated. Use the FindObjectsByType overloads that do not take a FindObjectsSortMode parameter.'
Assets\TumbangPreso\Runtime\UI\Hub\HubLoading.cs(196,47): warning CS0618: 'Object.FindObjectsByType<T>(FindObjectsSortMode)' is obsolete: 'FindObjectsByType with FindObjectsSortMode parameter has been deprecated. Use FindObjectsByType<T>() or FindObjectsByType<T>(FindObjectsInactive) instead. InstanceID will be replaced in the future with EntityId and previous sort order cannot be maintained.'
Assets\TumbangPreso\Runtime\UI\TumpMatchReadout.cs(215,66): warning CS0618: 'Object.FindFirstObjectByType<T>()' is obsolete: 'FindFirstObjectByType has been deprecated because it relies on instance ID ordering. Use FindAnyObjectByType instead, which does not depend on ordering.'
Assets\TumbangPreso\Runtime\Net\MatchRpc.cs(5469,24): warning CS0618: 'Object.FindFirstObjectByType<T>()' is obsolete: 'FindFirstObjectByType has been deprecated because it relies on instance ID ordering. Use FindAnyObjectByType instead, which does not depend on ordering.'
Assets\TumbangPreso\Runtime\UI\TumpMatchReadout.cs(445,140): warning CS0618: 'FindObjectsSortMode' is obsolete: 'FindObjectsSortMode has been deprecated. Use the FindObjectsByType overloads that do not take a FindObjectsSortMode parameter.'
Assets\TumbangPreso\Runtime\UI\TumpMatchReadout.cs(445,84): warning CS0618: 'Object.FindObjectsByType<T>(FindObjectsInactive, FindObjectsSortMode)' is obsolete: 'FindObjectsByType with FindObjectsSortMode parameter has been deprecated. Use FindObjectsByType<T>() or FindObjectsByType<T>(FindObjectsInactive) instead. InstanceID will be replaced in the future with EntityId and previous sort order cannot be maintained.'
Assets\TumbangPreso\Runtime\Net\MatchRpc.cs(6356,13): warning CS0618: 'Object.FindFirstObjectByType<T>()' is obsolete: 'FindFirstObjectByType has been deprecated because it relies on instance ID ordering. Use FindAnyObjectByType instead, which does not depend on ordering.'
Assets\TumbangPreso\Runtime\Net\MatchRpc.cs(6357,13): warning CS0618: 'Object.FindFirstObjectByType<T>()' is obsolete: 'FindFirstObjectByType has been deprecated because it relies on instance ID ordering. Use FindAnyObjectByType instead, which does not depend on ordering.'
Assets\TumbangPreso\Runtime\Net\MatchRpc.cs(6413,17): warning CS0618: 'Object.FindFirstObjectByType<T>()' is obsolete: 'FindFirstObjectByType has been deprecated because it relies on instance ID ordering. Use FindAnyObjectByType instead, which does not depend on ordering.'
Assets\TumbangPreso\Runtime\Net\MatchRpc.cs(6451,13): warning CS0618: 'Object.FindFirstObjectByType<T>()' is obsolete: 'FindFirstObjectByType has been deprecated because it relies on instance ID ordering. Use FindAnyObjectByType instead, which does not depend on ordering.'
Assets\TumbangPreso\Runtime\Net\MatchRpc.cs(6479,13): warning CS0618: 'Object.FindFirstObjectByType<T>()' is obsolete: 'FindFirstObjectByType has been deprecated because it relies on instance ID ordering. Use FindAnyObjectByType instead, which does not depend on ordering.'
Assets\TumbangPreso\Runtime\Net\MatchRpc.cs(6517,13): warning CS0618: 'Object.FindFirstObjectByType<T>()' is obsolete: 'FindFirstObjectByType has been deprecated because it relies on instance ID ordering. Use FindAnyObjectByType instead, which does not depend on ordering.'
Assets\TumbangPreso\Runtime\Net\MatchRpc.cs(6655,25): warning CS0618: 'Object.FindFirstObjectByType<T>()' is obsolete: 'FindFirstObjectByType has been deprecated because it relies on instance ID ordering. Use FindAnyObjectByType instead, which does not depend on ordering.'
Assets\TumbangPreso\Runtime\Net\MatchRpc.cs(6661,13): warning CS0618: 'Object.FindFirstObjectByType<T>()' is obsolete: 'FindFirstObjectByType has been deprecated because it relies on instance ID ordering. Use FindAnyObjectByType instead, which does not depend on ordering.'
Assets\TumbangPreso\Runtime\Net\MatchRpc.cs(6673,60): warning CS0618: 'Object.FindFirstObjectByType<T>()' is obsolete: 'FindFirstObjectByType has been deprecated because it relies on instance ID ordering. Use FindAnyObjectByType instead, which does not depend on ordering.'
Assets\TumbangPreso\Runtime\Net\MatchRpc.cs(6682,13): warning CS0618: 'Object.FindFirstObjectByType<T>()' is obsolete: 'FindFirstObjectByType has been deprecated because it relies on instance ID ordering. Use FindAnyObjectByType instead, which does not depend on ordering.'
Assets\TumbangPreso\Runtime\Net\MatchRpc.cs(6801,29): warning CS0618: 'Object.FindFirstObjectByType<T>()' is obsolete: 'FindFirstObjectByType has been deprecated because it relies on instance ID ordering. Use FindAnyObjectByType instead, which does not depend on ordering.'
Assets\TumbangPreso\Runtime\Net\MatchRpc.cs(6806,36): warning CS0618: 'Object.FindFirstObjectByType<T>()' is obsolete: 'FindFirstObjectByType has been deprecated because it relies on instance ID ordering. Use FindAnyObjectByType instead, which does not depend on ordering.'
Assets\TumbangPreso\Runtime\Net\MatchRpc.cs(6815,27): warning CS0618: 'Object.FindFirstObjectByType<T>()' is obsolete: 'FindFirstObjectByType has been deprecated because it relies on instance ID ordering. Use FindAnyObjectByType instead, which does not depend on ordering.'
Assets\TumbangPreso\Runtime\Net\MatchRpc.cs(6822,25): warning CS0618: 'Object.FindFirstObjectByType<T>()' is obsolete: 'FindFirstObjectByType has been deprecated because it relies on instance ID ordering. Use FindAnyObjectByType instead, which does not depend on ordering.'
Assets\TumbangPreso\Runtime\Net\MatchRpc.cs(6825,64): warning CS0618: 'FindObjectsSortMode' is obsolete: 'FindObjectsSortMode has been deprecated. Use the FindObjectsByType overloads that do not take a FindObjectsSortMode parameter.'
Assets\TumbangPreso\Runtime\Net\MatchRpc.cs(6825,37): warning CS0618: 'Object.FindObjectsByType<T>(FindObjectsSortMode)' is obsolete: 'FindObjectsByType with FindObjectsSortMode parameter has been deprecated. Use FindObjectsByType<T>() or FindObjectsByType<T>(FindObjectsInactive) instead. InstanceID will be replaced in the future with EntityId and previous sort order cannot be maintained.'
Assets\TumbangPreso\Runtime\AIController.cs(59,41): warning CS0414: The field 'AIController._tier' is assigned but its value is never used
Assets\TumbangPreso\Runtime\Abilities\ZackHeroKit.cs(38,42): warning CS0414: The field 'ZackHeroKit._joinThunderSettled' is assigned but its value is never used
Assets\TumbangPreso\Runtime\UI\ArrowButtonView.cs(54,32): warning CS0414: The field 'ArrowButtonView._held' is assigned but its value is never used
Assets\TumbangPreso\Runtime\UI\TumpPowerReadout.OwnerDeck.cs(29,29): warning CS0414: The field 'TumpPowerReadout._referenceOpened' is assigned but its value is never used
Assets\TumbangPreso\Runtime\AIController.cs(134,28): warning UAC1001: Field 'SeatDifficulty' type 'TumbangPreso.Core.Difficulty?' is skipped by serialization (missing the [Serializable] attribute). Refer to the Serialization rules analyzer reference. (https://docs.unity3d.com/6000.5/Documentation/Manual/script-serialization-analyzer.html#uac1001)
Assets\TumbangPreso\Runtime\Abilities\HeroHazards.cs(2674,32): warning UAC1001: Field 'OwnerCast' type 'TumbangPreso.Abilities.HeroAbility' is skipped by serialization (missing the [Serializable] attribute). Refer to the Serialization rules analyzer reference. (https://docs.unity3d.com/6000.5/Documentation/Manual/script-serialization-analyzer.html#uac1001)
Assets\TumbangPreso\Runtime\UI\SlipperRecallMark.cs(47,23): warning UAC1001: Field 'Bearing' type 'float?' is skipped by serialization (missing the [Serializable] attribute). Refer to the Serialization rules analyzer reference. (https://docs.unity3d.com/6000.5/Documentation/Manual/script-serialization-analyzer.html#uac1001)

Assets\TumbangPreso\Runtime\Abilities\DanteHeroKit.cs(160,81): warning CS0618: 'FindObjectsSortMode' is obsolete: 'FindObjectsSortMode has been deprecated. Use the FindObjectsByType overloads that do not take a FindObjectsSortMode parameter.'
Assets\TumbangPreso\Runtime\Abilities\DanteHeroKit.cs(160,35): warning CS0618: 'Object.FindObjectsByType<T>(FindObjectsSortMode)' is obsolete: 'FindObjectsByType with FindObjectsSortMode parameter has been deprecated. Use FindObjectsByType<T>() or FindObjectsByType<T>(FindObjectsInactive) instead. InstanceID will be replaced in the future with EntityId and previous sort order cannot be maintained.'
Assets\TumbangPreso\Runtime\AudioDirector.cs(184,71): warning CS0618: 'FindObjectsSortMode' is obsolete: 'FindObjectsSortMode has been deprecated. Use the FindObjectsByType overloads that do not take a FindObjectsSortMode parameter.'
Assets\TumbangPreso\Runtime\AudioDirector.cs(183,38): warning CS0618: 'Object.FindObjectsByType<T>(FindObjectsInactive, FindObjectsSortMode)' is obsolete: 'FindObjectsByType with FindObjectsSortMode parameter has been deprecated. Use FindObjectsByType<T>() or FindObjectsByType<T>(FindObjectsInactive) instead. InstanceID will be replaced in the future with EntityId and previous sort order cannot be maintained.'
Assets\TumbangPreso\Runtime\Carrier.cs(137,53): error CS1061: 'HeroKit' does not contain a definition for 'ThrowChargeRate' and no accessible extension method 'ThrowChargeRate' accepting a first argument of type 'HeroKit' could be found (are you missing a using directive or an assembly reference?)
Assets\TumbangPreso\Runtime\Visual\WorldOutline.cs(497,66): warning CS0618: 'FindObjectsSortMode' is obsolete: 'FindObjectsSortMode has been deprecated. Use the FindObjectsByType overloads that do not take a FindObjectsSortMode parameter.'
Assets\TumbangPreso\Runtime\Visual\WorldOutline.cs(497,38): warning CS0618: 'Object.FindObjectsByType<T>(FindObjectsSortMode)' is obsolete: 'FindObjectsByType with FindObjectsSortMode parameter has been deprecated. Use FindObjectsByType<T>() or FindObjectsByType<T>(FindObjectsInactive) instead. InstanceID will be replaced in the future with EntityId and previous sort order cannot be maintained.'
Assets\TumbangPreso\Runtime\Camera\CameraRig.cs(335,23): warning CS0618: 'Object.FindFirstObjectByType<T>()' is obsolete: 'FindFirstObjectByType has been deprecated because it relies on instance ID ordering. Use FindAnyObjectByType instead, which does not depend on ordering.'
Assets\TumbangPreso\Runtime\Camera\CameraRig.cs(353,23): warning CS0618: 'Object.FindFirstObjectByType<T>()' is obsolete: 'FindFirstObjectByType has been deprecated because it relies on instance ID ordering. Use FindAnyObjectByType instead, which does not depend on ordering.'
Assets\TumbangPreso\Runtime\Abilities\VoodooDollBody.cs(145,97): warning CS0618: 'FindObjectsSortMode' is obsolete: 'FindObjectsSortMode has been deprecated. Use the FindObjectsByType overloads that do not take a FindObjectsSortMode parameter.'
Assets\TumbangPreso\Runtime\Abilities\VoodooDollBody.cs(145,34): warning CS0618: 'Object.FindObjectsByType<T>(FindObjectsInactive, FindObjectsSortMode)' is obsolete: 'FindObjectsByType with FindObjectsSortMode parameter has been deprecated. Use FindObjectsByType<T>() or FindObjectsByType<T>(FindObjectsInactive) instead. InstanceID will be replaced in the future with EntityId and previous sort order cannot be maintained.'
Assets\TumbangPreso\Runtime\Camera\CameraRig.cs(367,23): warning CS0618: 'Object.FindFirstObjectByType<T>()' is obsolete: 'FindFirstObjectByType has been deprecated because it relies on instance ID ordering. Use FindAnyObjectByType instead, which does not depend on ordering.'
Assets\TumbangPreso\Runtime\Camera\CameraRig.cs(377,23): warning CS0618: 'Object.FindFirstObjectByType<T>()' is obsolete: 'FindFirstObjectByType has been deprecated because it relies on instance ID ordering. Use FindAnyObjectByType instead, which does not depend on ordering.'
Assets\TumbangPreso\Runtime\Camera\CameraRig.cs(390,23): warning CS0618: 'Object.FindFirstObjectByType<T>()' is obsolete: 'FindFirstObjectByType has been deprecated because it relies on instance ID ordering. Use FindAnyObjectByType instead, which does not depend on ordering.'
Assets\TumbangPreso\Runtime\Camera\CameraRig.cs(398,21): warning CS0618: 'Object.FindFirstObjectByType<T>()' is obsolete: 'FindFirstObjectByType has been deprecated because it relies on instance ID ordering. Use FindAnyObjectByType instead, which does not depend on ordering.'
Assets\TumbangPreso\Runtime\Camera\CameraRig.cs(405,23): warning CS0618: 'Object.FindFirstObjectByType<T>()' is obsolete: 'FindFirstObjectByType has been deprecated because it relies on instance ID ordering. Use FindAnyObjectByType instead, which does not depend on ordering.'
Assets\TumbangPreso\Runtime\Carrier.cs(745,58): warning CS0618: 'FindObjectsSortMode' is obsolete: 'FindObjectsSortMode has been deprecated. Use the FindObjectsByType overloads that do not take a FindObjectsSortMode parameter.'
Assets\TumbangPreso\Runtime\Carrier.cs(745,31): warning CS0618: 'Object.FindObjectsByType<T>(FindObjectsSortMode)' is obsolete: 'FindObjectsByType with FindObjectsSortMode parameter has been deprecated. Use FindObjectsByType<T>() or FindObjectsByType<T>(FindObjectsInactive) instead. InstanceID will be replaced in the future with EntityId and previous sort order cannot be maintained.'
Assets\TumbangPreso\Runtime\Abilities\HeroHazards.cs(1294,98): warning CS0618: 'FindObjectsSortMode' is obsolete: 'FindObjectsSortMode has been deprecated. Use the FindObjectsByType overloads that do not take a FindObjectsSortMode parameter.'
Assets\TumbangPreso\Runtime\Abilities\HeroHazards.cs(1294,35): warning CS0618: 'Object.FindObjectsByType<T>(FindObjectsInactive, FindObjectsSortMode)' is obsolete: 'FindObjectsByType with FindObjectsSortMode parameter has been deprecated. Use FindObjectsByType<T>() or FindObjectsByType<T>(FindObjectsInactive) instead. InstanceID will be replaced in the future with EntityId and previous sort order cannot be maintained.'
Assets\TumbangPreso\Runtime\Abilities\RafiWaterField.cs(144,55): warning CS0618: 'FindObjectsSortMode' is obsolete: 'FindObjectsSortMode has been deprecated. Use the FindObjectsByType overloads that do not take a FindObjectsSortMode parameter.'
Assets\TumbangPreso\Runtime\Abilities\RafiWaterField.cs(144,28): warning CS0618: 'Object.FindObjectsByType<T>(FindObjectsSortMode)' is obsolete: 'FindObjectsByType with FindObjectsSortMode parameter has been deprecated. Use FindObjectsByType<T>() or FindObjectsByType<T>(FindObjectsInactive) instead. InstanceID will be replaced in the future with EntityId and previous sort order cannot be maintained.'
Assets\TumbangPreso\Runtime\DebugPlayerSwitcher.cs(224,27): warning CS0618: 'Object.FindFirstObjectByType<T>()' is obsolete: 'FindFirstObjectByType has been deprecated because it relies on instance ID ordering. Use FindAnyObjectByType instead, which does not depend on ordering.'
Assets\TumbangPreso\Runtime\DebugPlayerSwitcher.cs(242,21): warning CS0618: 'Object.FindFirstObjectByType<T>()' is obsolete: 'FindFirstObjectByType has been deprecated because it relies on instance ID ordering. Use FindAnyObjectByType instead, which does not depend on ordering.'
Assets\TumbangPreso\Runtime\DebugPlayerSwitcher.cs(246,27): warning CS0618: 'Object.FindFirstObjectByType<T>()' is obsolete: 'FindFirstObjectByType has been deprecated because it relies on instance ID ordering. Use FindAnyObjectByType instead, which does not depend on ordering.'
Assets\TumbangPreso\Runtime\DebugPlayerSwitcher.cs(249,29): warning CS0618: 'Object.FindFirstObjectByType<T>()' is obsolete: 'FindFirstObjectByType has been deprecated because it relies on instance ID ordering. Use FindAnyObjectByType instead, which does not depend on ordering.'
Assets\TumbangPreso\Runtime\DebugPlayerSwitcher.cs(251,31): warning CS0618: 'Object.FindFirstObjectByType<T>()' is obsolete: 'FindFirstObjectByType has been deprecated because it relies on instance ID ordering. Use FindAnyObjectByType instead, which does not depend on ordering.'
Assets\TumbangPreso\Runtime\Camera\SpectatorCamera.cs(982,20): warning CS0618: 'Object.FindFirstObjectByType<T>()' is obsolete: 'FindFirstObjectByType has been deprecated because it relies on instance ID ordering. Use FindAnyObjectByType instead, which does not depend on ordering.'
Assets\TumbangPreso\Runtime\CharacterMotor.cs(797,20): warning CS0618: 'Object.FindFirstObjectByType<T>()' is obsolete: 'FindFirstObjectByType has been deprecated because it relies on instance ID ordering. Use FindAnyObjectByType instead, which does not depend on ordering.'
Assets\TumbangPreso\Runtime\Camera\SpectatorInterest.cs(772,50): warning CS0618: 'FindObjectsSortMode' is obsolete: 'FindObjectsSortMode has been deprecated. Use the FindObjectsByType overloads that do not take a FindObjectsSortMode parameter.'
Assets\TumbangPreso\Runtime\Camera\SpectatorInterest.cs(771,29): warning CS0618: 'Object.FindObjectsByType<T>(FindObjectsInactive, FindObjectsSortMode)' is obsolete: 'FindObjectsByType with FindObjectsSortMode parameter has been deprecated. Use FindObjectsByType<T>() or FindObjectsByType<T>(FindObjectsInactive) instead. InstanceID will be replaced in the future with EntityId and previous sort order cannot be maintained.'
Assets\TumbangPreso\Runtime\GuidedTraining.cs(197,73): warning CS0618: 'FindObjectsSortMode' is obsolete: 'FindObjectsSortMode has been deprecated. Use the FindObjectsByType overloads that do not take a FindObjectsSortMode parameter.'
Assets\TumbangPreso\Runtime\GuidedTraining.cs(197,36): warning CS0618: 'Object.FindObjectsByType<T>(FindObjectsSortMode)' is obsolete: 'FindObjectsByType with FindObjectsSortMode parameter has been deprecated. Use FindObjectsByType<T>() or FindObjectsByType<T>(FindObjectsInactive) instead. InstanceID will be replaced in the future with EntityId and previous sort order cannot be maintained.'
Assets\TumbangPreso\Runtime\GuidedTraining.cs(199,27): warning CS0618: 'Object.FindFirstObjectByType<T>()' is obsolete: 'FindFirstObjectByType has been deprecated because it relies on instance ID ordering. Use FindAnyObjectByType instead, which does not depend on ordering.'
Assets\TumbangPreso\Runtime\CombatVerbs.cs(581,58): warning CS0618: 'FindObjectsSortMode' is obsolete: 'FindObjectsSortMode has been deprecated. Use the FindObjectsByType overloads that do not take a FindObjectsSortMode parameter.'
Assets\TumbangPreso\Runtime\CombatVerbs.cs(581,31): warning CS0618: 'Object.FindObjectsByType<T>(FindObjectsSortMode)' is obsolete: 'FindObjectsByType with FindObjectsSortMode parameter has been deprecated. Use FindObjectsByType<T>() or FindObjectsByType<T>(FindObjectsInactive) instead. InstanceID will be replaced in the future with EntityId and previous sort order cannot be maintained.'
Assets\TumbangPreso\Runtime\Diagnostics\NetAutomationProbe.cs(118,24): warning CS0618: 'Object.FindFirstObjectByType<T>()' is obsolete: 'FindFirstObjectByType has been deprecated because it relies on instance ID ordering. Use FindAnyObjectByType instead, which does not depend on ordering.'
Assets\TumbangPreso\Runtime\CombatVerbs.cs(692,58): warning CS0618: 'FindObjectsSortMode' is obsolete: 'FindObjectsSortMode has been deprecated. Use the FindObjectsByType overloads that do not take a FindObjectsSortMode parameter.'
Assets\TumbangPreso\Runtime\CombatVerbs.cs(692,31): warning CS0618: 'Object.FindObjectsByType<T>(FindObjectsSortMode)' is obsolete: 'FindObjectsByType with FindObjectsSortMode parameter has been deprecated. Use FindObjectsByType<T>() or FindObjectsByType<T>(FindObjectsInactive) instead. InstanceID will be replaced in the future with EntityId and previous sort order cannot be maintained.'
Assets\TumbangPreso\Runtime\GuidedTraining.cs(2245,27): warning CS0618: 'Object.FindFirstObjectByType<T>()' is obsolete: 'FindFirstObjectByType has been deprecated because it relies on instance ID ordering. Use FindAnyObjectByType instead, which does not depend on ordering.'
Assets\TumbangPreso\Runtime\Diagnostics\NetAutomationProbe.cs(158,26): warning CS0618: 'Object.FindFirstObjectByType<T>()' is obsolete: 'FindFirstObjectByType has been deprecated because it relies on instance ID ordering. Use FindAnyObjectByType instead, which does not depend on ordering.'
Assets\TumbangPreso\Runtime\Diagnostics\NetAutomationProbe.cs(164,26): warning CS0618: 'Object.FindFirstObjectByType<T>()' is obsolete: 'FindFirstObjectByType has been deprecated because it relies on instance ID ordering. Use FindAnyObjectByType instead, which does not depend on ordering.'
Assets\TumbangPreso\Runtime\Input\UiInputModule.cs(45,26): warning CS0618: 'Object.FindFirstObjectByType<T>()' is obsolete: 'FindFirstObjectByType has been deprecated because it relies on instance ID ordering. Use FindAnyObjectByType instead, which does not depend on ordering.'
Assets\TumbangPreso\Runtime\Diagnostics\WorldShadowSweepProbe.cs(97,67): warning CS0618: 'FindObjectsSortMode' is obsolete: 'FindObjectsSortMode has been deprecated. Use the FindObjectsByType overloads that do not take a FindObjectsSortMode parameter.'
Assets\TumbangPreso\Runtime\Diagnostics\WorldShadowSweepProbe.cs(97,35): warning CS0618: 'Object.FindObjectsByType<T>(FindObjectsSortMode)' is obsolete: 'FindObjectsByType with FindObjectsSortMode parameter has been deprecated. Use FindObjectsByType<T>() or FindObjectsByType<T>(FindObjectsInactive) instead. InstanceID will be replaced in the future with EntityId and previous sort order cannot be maintained.'
Assets\TumbangPreso\Runtime\Diagnostics\WorldShadowSweepProbe.cs(98,72): warning CS0618: 'FindObjectsSortMode' is obsolete: 'FindObjectsSortMode has been deprecated. Use the FindObjectsByType overloads that do not take a FindObjectsSortMode parameter.'
Assets\TumbangPreso\Runtime\Diagnostics\WorldShadowSweepProbe.cs(98,35): warning CS0618: 'Object.FindObjectsByType<T>(FindObjectsSortMode)' is obsolete: 'FindObjectsByType with FindObjectsSortMode parameter has been deprecated. Use FindObjectsByType<T>() or FindObjectsByType<T>(FindObjectsInactive) instead. InstanceID will be replaced in the future with EntityId and previous sort order cannot be maintained.'
Assets\TumbangPreso\Runtime\Diagnostics\WorldShadowSweepProbe.cs(100,23): warning CS0618: 'Object.FindFirstObjectByType<T>()' is obsolete: 'FindFirstObjectByType has been deprecated because it relies on instance ID ordering. Use FindAnyObjectByType instead, which does not depend on ordering.'
Assets\TumbangPreso\Runtime\Diagnostics\WorldShadowSweepProbe.cs(104,44): warning CS0618: 'FindObjectsSortMode' is obsolete: 'FindObjectsSortMode has been deprecated. Use the FindObjectsByType overloads that do not take a FindObjectsSortMode parameter.'
Assets\TumbangPreso\Runtime\Diagnostics\WorldShadowSweepProbe.cs(104,19): warning CS0618: 'Object.FindObjectsByType<T>(FindObjectsSortMode)' is obsolete: 'FindObjectsByType with FindObjectsSortMode parameter has been deprecated. Use FindObjectsByType<T>() or FindObjectsByType<T>(FindObjectsInactive) instead. InstanceID will be replaced in the future with EntityId and previous sort order cannot be maintained.'
Assets\TumbangPreso\Runtime\Map\BridgeHoop.cs(48,55): warning CS0618: 'FindObjectsSortMode' is obsolete: 'FindObjectsSortMode has been deprecated. Use the FindObjectsByType overloads that do not take a FindObjectsSortMode parameter.'
Assets\TumbangPreso\Runtime\Map\BridgeHoop.cs(47,37): warning CS0618: 'Object.FindObjectsByType<T>(FindObjectsInactive, FindObjectsSortMode)' is obsolete: 'FindObjectsByType with FindObjectsSortMode parameter has been deprecated. Use FindObjectsByType<T>() or FindObjectsByType<T>(FindObjectsInactive) instead. InstanceID will be replaced in the future with EntityId and previous sort order cannot be maintained.'
Assets\TumbangPreso\Runtime\Diagnostics\NetPersonalBuffProbe.cs(77,23): warning CS0618: 'Object.FindFirstObjectByType<T>()' is obsolete: 'FindFirstObjectByType has been deprecated because it relies on instance ID ordering. Use FindAnyObjectByType instead, which does not depend on ordering.'
Assets\TumbangPreso\Runtime\Diagnostics\NetPersonalBuffProbe.cs(80,66): warning CS0618: 'FindObjectsSortMode' is obsolete: 'FindObjectsSortMode has been deprecated. Use the FindObjectsByType overloads that do not take a FindObjectsSortMode parameter.'
Assets\TumbangPreso\Runtime\Diagnostics\NetPersonalBuffProbe.cs(80,34): warning CS0618: 'Object.FindObjectsByType<T>(FindObjectsSortMode)' is obsolete: 'FindObjectsByType with FindObjectsSortMode parameter has been deprecated. Use FindObjectsByType<T>() or FindObjectsByType<T>(FindObjectsInactive) instead. InstanceID will be replaced in the future with EntityId and previous sort order cannot be maintained.'
Assets\TumbangPreso\Runtime\Diagnostics\NetPersonalBuffProbe.cs(81,71): warning CS0618: 'FindObjectsSortMode' is obsolete: 'FindObjectsSortMode has been deprecated. Use the FindObjectsByType overloads that do not take a FindObjectsSortMode parameter.'
Assets\TumbangPreso\Runtime\Diagnostics\NetPersonalBuffProbe.cs(81,34): warning CS0618: 'Object.FindObjectsByType<T>(FindObjectsSortMode)' is obsolete: 'FindObjectsByType with FindObjectsSortMode parameter has been deprecated. Use FindObjectsByType<T>() or FindObjectsByType<T>(FindObjectsInactive) instead. InstanceID will be replaced in the future with EntityId and previous sort order cannot be maintained.'
Assets\TumbangPreso\Runtime\Diagnostics\NetFamiliarProbe.cs(58,23): warning CS0618: 'Object.FindFirstObjectByType<T>()' is obsolete: 'FindFirstObjectByType has been deprecated because it relies on instance ID ordering. Use FindAnyObjectByType instead, which does not depend on ordering.'
Assets\TumbangPreso\Runtime\Diagnostics\NetFamiliarProbe.cs(77,66): warning CS0618: 'FindObjectsSortMode' is obsolete: 'FindObjectsSortMode has been deprecated. Use the FindObjectsByType overloads that do not take a FindObjectsSortMode parameter.'
Assets\TumbangPreso\Runtime\Diagnostics\NetFamiliarProbe.cs(77,34): warning CS0618: 'Object.FindObjectsByType<T>(FindObjectsSortMode)' is obsolete: 'FindObjectsByType with FindObjectsSortMode parameter has been deprecated. Use FindObjectsByType<T>() or FindObjectsByType<T>(FindObjectsInactive) instead. InstanceID will be replaced in the future with EntityId and previous sort order cannot be maintained.'
Assets\TumbangPreso\Runtime\Diagnostics\NetFamiliarProbe.cs(78,72): warning CS0618: 'FindObjectsSortMode' is obsolete: 'FindObjectsSortMode has been deprecated. Use the FindObjectsByType overloads that do not take a FindObjectsSortMode parameter.'
Assets\TumbangPreso\Runtime\Diagnostics\NetFamiliarProbe.cs(78,35): warning CS0618: 'Object.FindObjectsByType<T>(FindObjectsSortMode)' is obsolete: 'FindObjectsByType with FindObjectsSortMode parameter has been deprecated. Use FindObjectsByType<T>() or FindObjectsByType<T>(FindObjectsInactive) instead. InstanceID will be replaced in the future with EntityId and previous sort order cannot be maintained.'
Assets\TumbangPreso\Runtime\Diagnostics\NetFamiliarProbe.cs(140,89): warning CS0618: 'FindObjectsSortMode' is obsolete: 'FindObjectsSortMode has been deprecated. Use the FindObjectsByType overloads that do not take a FindObjectsSortMode parameter.'
Assets\TumbangPreso\Runtime\Diagnostics\NetFamiliarProbe.cs(140,28): warning CS0618: 'Object.FindObjectsByType<T>(FindObjectsSortMode)' is obsolete: 'FindObjectsByType with FindObjectsSortMode parameter has been deprecated. Use FindObjectsByType<T>() or FindObjectsByType<T>(FindObjectsInactive) instead. InstanceID will be replaced in the future with EntityId and previous sort order cannot be maintained.'
Assets\TumbangPreso\Runtime\Diagnostics\NetPeerDepartureProbe.cs(89,71): warning CS0618: 'FindObjectsSortMode' is obsolete: 'FindObjectsSortMode has been deprecated. Use the FindObjectsByType overloads that do not take a FindObjectsSortMode parameter.'
Assets\TumbangPreso\Runtime\Diagnostics\NetPeerDepartureProbe.cs(89,32): warning CS0618: 'Object.FindObjectsByType<T>(FindObjectsSortMode)' is obsolete: 'FindObjectsByType with FindObjectsSortMode parameter has been deprecated. Use FindObjectsByType<T>() or FindObjectsByType<T>(FindObjectsInactive) instead. InstanceID will be replaced in the future with EntityId and previous sort order cannot be maintained.'
Assets\TumbangPreso\Runtime\Diagnostics\NetIceProbe.cs(75,23): warning CS0618: 'Object.FindFirstObjectByType<T>()' is obsolete: 'FindFirstObjectByType has been deprecated because it relies on instance ID ordering. Use FindAnyObjectByType instead, which does not depend on ordering.'
Assets\TumbangPreso\Runtime\Diagnostics\NetIceProbe.cs(78,66): warning CS0618: 'FindObjectsSortMode' is obsolete: 'FindObjectsSortMode has been deprecated. Use the FindObjectsByType overloads that do not take a FindObjectsSortMode parameter.'
Assets\TumbangPreso\Runtime\Diagnostics\NetIceProbe.cs(78,34): warning CS0618: 'Object.FindObjectsByType<T>(FindObjectsSortMode)' is obsolete: 'FindObjectsByType with FindObjectsSortMode parameter has been deprecated. Use FindObjectsByType<T>() or FindObjectsByType<T>(FindObjectsInactive) instead. InstanceID will be replaced in the future with EntityId and previous sort order cannot be maintained.'
Assets\TumbangPreso\Runtime\Diagnostics\NetIceProbe.cs(79,71): warning CS0618: 'FindObjectsSortMode' is obsolete: 'FindObjectsSortMode has been deprecated. Use the FindObjectsByType overloads that do not take a FindObjectsSortMode parameter.'
Assets\TumbangPreso\Runtime\Diagnostics\NetIceProbe.cs(79,34): warning CS0618: 'Object.FindObjectsByType<T>(FindObjectsSortMode)' is obsolete: 'FindObjectsByType with FindObjectsSortMode parameter has been deprecated. Use FindObjectsByType<T>() or FindObjectsByType<T>(FindObjectsInactive) instead. InstanceID will be replaced in the future with EntityId and previous sort order cannot be maintained.'
Assets\TumbangPreso\Runtime\Diagnostics\NetIceProbe.cs(131,73): warning CS0618: 'FindObjectsSortMode' is obsolete: 'FindObjectsSortMode has been deprecated. Use the FindObjectsByType overloads that do not take a FindObjectsSortMode parameter.'
Assets\TumbangPreso\Runtime\Diagnostics\NetIceProbe.cs(131,24): warning CS0618: 'Object.FindObjectsByType<T>(FindObjectsSortMode)' is obsolete: 'FindObjectsByType with FindObjectsSortMode parameter has been deprecated. Use FindObjectsByType<T>() or FindObjectsByType<T>(FindObjectsInactive) instead. InstanceID will be replaced in the future with EntityId and previous sort order cannot be maintained.'
Assets\TumbangPreso\Runtime\Diagnostics\NetIceProbe.cs(132,76): warning CS0618: 'FindObjectsSortMode' is obsolete: 'FindObjectsSortMode has been deprecated. Use the FindObjectsByType overloads that do not take a FindObjectsSortMode parameter.'
Assets\TumbangPreso\Runtime\Diagnostics\NetIceProbe.cs(132,23): warning CS0618: 'Object.FindObjectsByType<T>(FindObjectsSortMode)' is obsolete: 'FindObjectsByType with FindObjectsSortMode parameter has been deprecated. Use FindObjectsByType<T>() or FindObjectsByType<T>(FindObjectsInactive) instead. InstanceID will be replaced in the future with EntityId and previous sort order cannot be maintained.'
Assets\TumbangPreso\Runtime\Diagnostics\NetDanteProbe.cs(105,25): warning CS0618: 'Object.FindFirstObjectByType<T>()' is obsolete: 'FindFirstObjectByType has been deprecated because it relies on instance ID ordering. Use FindAnyObjectByType instead, which does not depend on ordering.'
Assets\TumbangPreso\Runtime\Diagnostics\NetDanteProbe.cs(109,67): warning CS0618: 'FindObjectsSortMode' is obsolete: 'FindObjectsSortMode has been deprecated. Use the FindObjectsByType overloads that do not take a FindObjectsSortMode parameter.'
Assets\TumbangPreso\Runtime\Diagnostics\NetDanteProbe.cs(109,35): warning CS0618: 'Object.FindObjectsByType<T>(FindObjectsSortMode)' is obsolete: 'FindObjectsByType with FindObjectsSortMode parameter has been deprecated. Use FindObjectsByType<T>() or FindObjectsByType<T>(FindObjectsInactive) instead. InstanceID will be replaced in the future with EntityId and previous sort order cannot be maintained.'
Assets\TumbangPreso\Runtime\Diagnostics\NetDanteProbe.cs(110,73): warning CS0618: 'FindObjectsSortMode' is obsolete: 'FindObjectsSortMode has been deprecated. Use the FindObjectsByType overloads that do not take a FindObjectsSortMode parameter.'
Assets\TumbangPreso\Runtime\Diagnostics\NetDanteProbe.cs(110,36): warning CS0618: 'Object.FindObjectsByType<T>(FindObjectsSortMode)' is obsolete: 'FindObjectsByType with FindObjectsSortMode parameter has been deprecated. Use FindObjectsByType<T>() or FindObjectsByType<T>(FindObjectsInactive) instead. InstanceID will be replaced in the future with EntityId and previous sort order cannot be maintained.'
Assets\TumbangPreso\Runtime\Diagnostics\NetDanteProbe.cs(216,73): warning CS0618: 'FindObjectsSortMode' is obsolete: 'FindObjectsSortMode has been deprecated. Use the FindObjectsByType overloads that do not take a FindObjectsSortMode parameter.'
Assets\TumbangPreso\Runtime\Diagnostics\NetDanteProbe.cs(216,46): warning CS0618: 'Object.FindObjectsByType<T>(FindObjectsSortMode)' is obsolete: 'FindObjectsByType with FindObjectsSortMode parameter has been deprecated. Use FindObjectsByType<T>() or FindObjectsByType<T>(FindObjectsInactive) instead. InstanceID will be replaced in the future with EntityId and previous sort order cannot be maintained.'
Assets\TumbangPreso\Runtime\Diagnostics\NetDanteProbe.cs(226,59): warning CS0618: 'FindObjectsSortMode' is obsolete: 'FindObjectsSortMode has been deprecated. Use the FindObjectsByType overloads that do not take a FindObjectsSortMode parameter.'
Assets\TumbangPreso\Runtime\Diagnostics\NetDanteProbe.cs(226,21): warning CS0618: 'Object.FindObjectsByType<T>(FindObjectsSortMode)' is obsolete: 'FindObjectsByType with FindObjectsSortMode parameter has been deprecated. Use FindObjectsByType<T>() or FindObjectsByType<T>(FindObjectsInactive) instead. InstanceID will be replaced in the future with EntityId and previous sort order cannot be maintained.'
Assets\TumbangPreso\Runtime\Diagnostics\NetDanteProbe.cs(236,87): warning CS0618: 'FindObjectsSortMode' is obsolete: 'FindObjectsSortMode has been deprecated. Use the FindObjectsByType overloads that do not take a FindObjectsSortMode parameter.'
Assets\TumbangPreso\Runtime\Diagnostics\NetDanteProbe.cs(236,37): warning CS0618: 'Object.FindObjectsByType<T>(FindObjectsSortMode)' is obsolete: 'FindObjectsByType with FindObjectsSortMode parameter has been deprecated. Use FindObjectsByType<T>() or FindObjectsByType<T>(FindObjectsInactive) instead. InstanceID will be replaced in the future with EntityId and previous sort order cannot be maintained.'
Assets\TumbangPreso\Runtime\Diagnostics\NetDanteProbe.cs(237,88): warning CS0618: 'FindObjectsSortMode' is obsolete: 'FindObjectsSortMode has been deprecated. Use the FindObjectsByType overloads that do not take a FindObjectsSortMode parameter.'
Assets\TumbangPreso\Runtime\Diagnostics\NetDanteProbe.cs(237,37): warning CS0618: 'Object.FindObjectsByType<T>(FindObjectsSortMode)' is obsolete: 'FindObjectsByType with FindObjectsSortMode parameter has been deprecated. Use FindObjectsByType<T>() or FindObjectsByType<T>(FindObjectsInactive) instead. InstanceID will be replaced in the future with EntityId and previous sort order cannot be maintained.'
Assets\TumbangPreso\Runtime\Map\LagoonWater.cs(52,36): warning CS0618: 'Object.FindFirstObjectByType<T>()' is obsolete: 'FindFirstObjectByType has been deprecated because it relies on instance ID ordering. Use FindAnyObjectByType instead, which does not depend on ordering.'
Assets\TumbangPreso\Runtime\GuidedTraining.cs(833,26): warning CS0618: 'FindObjectsSortMode' is obsolete: 'FindObjectsSortMode has been deprecated. Use the FindObjectsByType overloads that do not take a FindObjectsSortMode parameter.'
Assets\TumbangPreso\Runtime\GuidedTraining.cs(832,36): warning CS0618: 'Object.FindObjectsByType<T>(FindObjectsSortMode)' is obsolete: 'FindObjectsByType with FindObjectsSortMode parameter has been deprecated. Use FindObjectsByType<T>() or FindObjectsByType<T>(FindObjectsInactive) instead. InstanceID will be replaced in the future with EntityId and previous sort order cannot be maintained.'
Assets\TumbangPreso\Runtime\Diagnostics\NetPhaisterProbe.cs(93,25): warning CS0618: 'Object.FindFirstObjectByType<T>()' is obsolete: 'FindFirstObjectByType has been deprecated because it relies on instance ID ordering. Use FindAnyObjectByType instead, which does not depend on ordering.'
Assets\TumbangPreso\Runtime\Diagnostics\NetPhaisterProbe.cs(99,67): warning CS0618: 'FindObjectsSortMode' is obsolete: 'FindObjectsSortMode has been deprecated. Use the FindObjectsByType overloads that do not take a FindObjectsSortMode parameter.'
Assets\TumbangPreso\Runtime\Diagnostics\NetPhaisterProbe.cs(99,35): warning CS0618: 'Object.FindObjectsByType<T>(FindObjectsSortMode)' is obsolete: 'FindObjectsByType with FindObjectsSortMode parameter has been deprecated. Use FindObjectsByType<T>() or FindObjectsByType<T>(FindObjectsInactive) instead. InstanceID will be replaced in the future with EntityId and previous sort order cannot be maintained.'
Assets\TumbangPreso\Runtime\Diagnostics\NetPhaisterProbe.cs(100,72): warning CS0618: 'FindObjectsSortMode' is obsolete: 'FindObjectsSortMode has been deprecated. Use the FindObjectsByType overloads that do not take a FindObjectsSortMode parameter.'
Assets\TumbangPreso\Runtime\Diagnostics\NetPhaisterProbe.cs(100,35): warning CS0618: 'Object.FindObjectsByType<T>(FindObjectsSortMode)' is obsolete: 'FindObjectsByType with FindObjectsSortMode parameter has been deprecated. Use FindObjectsByType<T>() or FindObjectsByType<T>(FindObjectsInactive) instead. InstanceID will be replaced in the future with EntityId and previous sort order cannot be maintained.'
Assets\TumbangPreso\Runtime\Diagnostics\NetPhaisterProbe.cs(154,79): warning CS0618: 'FindObjectsSortMode' is obsolete: 'FindObjectsSortMode has been deprecated. Use the FindObjectsByType overloads that do not take a FindObjectsSortMode parameter.'
Assets\TumbangPreso\Runtime\Diagnostics\NetPhaisterProbe.cs(154,31): warning CS0618: 'Object.FindObjectsByType<T>(FindObjectsSortMode)' is obsolete: 'FindObjectsByType with FindObjectsSortMode parameter has been deprecated. Use FindObjectsByType<T>() or FindObjectsByType<T>(FindObjectsInactive) instead. InstanceID will be replaced in the future with EntityId and previous sort order cannot be maintained.'
Assets\TumbangPreso\Runtime\Diagnostics\NetPhaisterProbe.cs(160,49): warning CS0618: 'FindObjectsSortMode' is obsolete: 'FindObjectsSortMode has been deprecated. Use the FindObjectsByType overloads that do not take a FindObjectsSortMode parameter.'
Assets\TumbangPreso\Runtime\Diagnostics\NetPhaisterProbe.cs(160,21): warning CS0618: 'Object.FindObjectsByType<T>(FindObjectsSortMode)' is obsolete: 'FindObjectsByType with FindObjectsSortMode parameter has been deprecated. Use FindObjectsByType<T>() or FindObjectsByType<T>(FindObjectsInactive) instead. InstanceID will be replaced in the future with EntityId and previous sort order cannot be maintained.'
Assets\TumbangPreso\Runtime\Diagnostics\NetIceProbe.cs(169,23): warning CS0618: 'Object.FindFirstObjectByType<T>()' is obsolete: 'FindFirstObjectByType has been deprecated because it relies on instance ID ordering. Use FindAnyObjectByType instead, which does not depend on ordering.'
Assets\TumbangPreso\Runtime\Diagnostics\NetIceProbe.cs(179,70): warning CS0618: 'FindObjectsSortMode' is obsolete: 'FindObjectsSortMode has been deprecated. Use the FindObjectsByType overloads that do not take a FindObjectsSortMode parameter.'
Assets\TumbangPreso\Runtime\Diagnostics\NetIceProbe.cs(179,38): warning CS0618: 'Object.FindObjectsByType<T>(FindObjectsSortMode)' is obsolete: 'FindObjectsByType with FindObjectsSortMode parameter has been deprecated. Use FindObjectsByType<T>() or FindObjectsByType<T>(FindObjectsInactive) instead. InstanceID will be replaced in the future with EntityId and previous sort order cannot be maintained.'
Assets\TumbangPreso\Runtime\Diagnostics\NetIceProbe.cs(180,75): warning CS0618: 'FindObjectsSortMode' is obsolete: 'FindObjectsSortMode has been deprecated. Use the FindObjectsByType overloads that do not take a FindObjectsSortMode parameter.'
Assets\TumbangPreso\Runtime\Diagnostics\NetIceProbe.cs(180,38): warning CS0618: 'Object.FindObjectsByType<T>(FindObjectsSortMode)' is obsolete: 'FindObjectsByType with FindObjectsSortMode parameter has been deprecated. Use FindObjectsByType<T>() or FindObjectsByType<T>(FindObjectsInactive) instead. InstanceID will be replaced in the future with EntityId and previous sort order cannot be maintained.'
Assets\TumbangPreso\Runtime\Diagnostics\WorldGraphicsProbe.cs(82,32): warning CS0618: 'Object.FindFirstObjectByType<T>()' is obsolete: 'FindFirstObjectByType has been deprecated because it relies on instance ID ordering. Use FindAnyObjectByType instead, which does not depend on ordering.'
Assets\TumbangPreso\Runtime\Diagnostics\WorldGraphicsProbe.cs(84,74): warning CS0618: 'FindObjectsSortMode' is obsolete: 'FindObjectsSortMode has been deprecated. Use the FindObjectsByType overloads that do not take a FindObjectsSortMode parameter.'
Assets\TumbangPreso\Runtime\Diagnostics\WorldGraphicsProbe.cs(84,42): warning CS0618: 'Object.FindObjectsByType<T>(FindObjectsSortMode)' is obsolete: 'FindObjectsByType with FindObjectsSortMode parameter has been deprecated. Use FindObjectsByType<T>() or FindObjectsByType<T>(FindObjectsInactive) instead. InstanceID will be replaced in the future with EntityId and previous sort order cannot be maintained.'
Assets\TumbangPreso\Runtime\Diagnostics\WorldGraphicsProbe.cs(85,79): warning CS0618: 'FindObjectsSortMode' is obsolete: 'FindObjectsSortMode has been deprecated. Use the FindObjectsByType overloads that do not take a FindObjectsSortMode parameter.'
Assets\TumbangPreso\Runtime\Diagnostics\WorldGraphicsProbe.cs(85,42): warning CS0618: 'Object.FindObjectsByType<T>(FindObjectsSortMode)' is obsolete: 'FindObjectsByType with FindObjectsSortMode parameter has been deprecated. Use FindObjectsByType<T>() or FindObjectsByType<T>(FindObjectsInactive) instead. InstanceID will be replaced in the future with EntityId and previous sort order cannot be maintained.'
Assets\TumbangPreso\Runtime\Diagnostics\WorldGraphicsProbe.cs(93,29): warning CS0618: 'Object.FindFirstObjectByType<T>()' is obsolete: 'FindFirstObjectByType has been deprecated because it relies on instance ID ordering. Use FindAnyObjectByType instead, which does not depend on ordering.'
Assets\TumbangPreso\Runtime\Diagnostics\WorldGraphicsProbe.cs(99,41): warning CS0618: 'Object.FindFirstObjectByType<T>()' is obsolete: 'FindFirstObjectByType has been deprecated because it relies on instance ID ordering. Use FindAnyObjectByType instead, which does not depend on ordering.'
Assets\TumbangPreso\Runtime\Map\LagoonWater.cs(109,42): warning CS0618: 'Object.FindFirstObjectByType<T>()' is obsolete: 'FindFirstObjectByType has been deprecated because it relies on instance ID ordering. Use FindAnyObjectByType instead, which does not depend on ordering.'
Assets\TumbangPreso\Runtime\Camera\SpectatorCamera.cs(2597,72): warning CS0618: 'FindObjectsSortMode' is obsolete: 'FindObjectsSortMode has been deprecated. Use the FindObjectsByType overloads that do not take a FindObjectsSortMode parameter.'
Assets\TumbangPreso\Runtime\Camera\SpectatorCamera.cs(2596,38): warning CS0618: 'Object.FindObjectsByType<T>(FindObjectsInactive, FindObjectsSortMode)' is obsolete: 'FindObjectsByType with FindObjectsSortMode parameter has been deprecated. Use FindObjectsByType<T>() or FindObjectsByType<T>(FindObjectsInactive) instead. InstanceID will be replaced in the future with EntityId and previous sort order cannot be maintained.'
Assets\TumbangPreso\Runtime\Input\InputCatalogue.cs(141,56): warning CS8524: The switch expression does not handle some values of its input type (it is not exhaustive) involving an unnamed enum value. For example, the pattern '(TumbangPreso.Verb)10' is not covered.
Assets\TumbangPreso\Runtime\Map\RooftopRecovery.cs(28,36): warning CS0618: 'Object.FindFirstObjectByType<T>()' is obsolete: 'FindFirstObjectByType has been deprecated because it relies on instance ID ordering. Use FindAnyObjectByType instead, which does not depend on ordering.'
Assets\TumbangPreso\Runtime\Map\StreetTripHazard.cs(240,46): warning CS0618: 'FindObjectsSortMode' is obsolete: 'FindObjectsSortMode has been deprecated. Use the FindObjectsByType overloads that do not take a FindObjectsSortMode parameter.'
Assets\TumbangPreso\Runtime\Map\StreetTripHazard.cs(239,29): warning CS0618: 'Object.FindObjectsByType<T>(FindObjectsInactive, FindObjectsSortMode)' is obsolete: 'FindObjectsByType with FindObjectsSortMode parameter has been deprecated. Use FindObjectsByType<T>() or FindObjectsByType<T>(FindObjectsInactive) instead. InstanceID will be replaced in the future with EntityId and previous sort order cannot be maintained.'
Assets\TumbangPreso\Runtime\Map\RooftopRecovery.cs(72,36): warning CS0618: 'Object.FindFirstObjectByType<T>()' is obsolete: 'FindFirstObjectByType has been deprecated because it relies on instance ID ordering. Use FindAnyObjectByType instead, which does not depend on ordering.'
Assets\TumbangPreso\Runtime\MatchStatsCollector.cs(403,69): warning CS0618: 'FindObjectsSortMode' is obsolete: 'FindObjectsSortMode has been deprecated. Use the FindObjectsByType overloads that do not take a FindObjectsSortMode parameter.'
Assets\TumbangPreso\Runtime\MatchStatsCollector.cs(403,23): warning CS0618: 'Object.FindObjectsByType<T>(FindObjectsSortMode)' is obsolete: 'FindObjectsByType with FindObjectsSortMode parameter has been deprecated. Use FindObjectsByType<T>() or FindObjectsByType<T>(FindObjectsInactive) instead. InstanceID will be replaced in the future with EntityId and previous sort order cannot be maintained.'
Assets\TumbangPreso\Runtime\MatchHost.cs(98,23): warning CS0618: 'Object.FindFirstObjectByType<T>()' is obsolete: 'FindFirstObjectByType has been deprecated because it relies on instance ID ordering. Use FindAnyObjectByType instead, which does not depend on ordering.'
Assets\TumbangPreso\Runtime\MatchHost.cs(110,23): warning CS0618: 'Object.FindFirstObjectByType<T>()' is obsolete: 'FindFirstObjectByType has been deprecated because it relies on instance ID ordering. Use FindAnyObjectByType instead, which does not depend on ordering.'
Assets\TumbangPreso\Runtime\Diagnostics\NetStateReport.cs(120,33): warning CS0618: 'Object.FindFirstObjectByType<T>()' is obsolete: 'FindFirstObjectByType has been deprecated because it relies on instance ID ordering. Use FindAnyObjectByType instead, which does not depend on ordering.'
Assets\TumbangPreso\Runtime\Diagnostics\NetStateReport.cs(121,29): warning CS0618: 'Object.FindFirstObjectByType<T>()' is obsolete: 'FindFirstObjectByType has been deprecated because it relies on instance ID ordering. Use FindAnyObjectByType instead, which does not depend on ordering.'
Assets\TumbangPreso\Runtime\MatchArrivalPresentation.cs(68,70): warning CS0618: 'FindObjectsSortMode' is obsolete: 'FindObjectsSortMode has been deprecated. Use the FindObjectsByType overloads that do not take a FindObjectsSortMode parameter.'
Assets\TumbangPreso\Runtime\MatchArrivalPresentation.cs(68,36): warning CS0618: 'Object.FindObjectsByType<T>(FindObjectsSortMode)' is obsolete: 'FindObjectsByType with FindObjectsSortMode parameter has been deprecated. Use FindObjectsByType<T>() or FindObjectsByType<T>(FindObjectsInactive) instead. InstanceID will be replaced in the future with EntityId and previous sort order cannot be maintained.'
Assets\TumbangPreso\Runtime\Diagnostics\NetStateReport.cs(218,58): warning CS0618: 'FindObjectsSortMode' is obsolete: 'FindObjectsSortMode has been deprecated. Use the FindObjectsByType overloads that do not take a FindObjectsSortMode parameter.'
Assets\TumbangPreso\Runtime\Diagnostics\NetStateReport.cs(217,31): warning CS0618: 'Object.FindObjectsByType<T>(FindObjectsInactive, FindObjectsSortMode)' is obsolete: 'FindObjectsByType with FindObjectsSortMode parameter has been deprecated. Use FindObjectsByType<T>() or FindObjectsByType<T>(FindObjectsInactive) instead. InstanceID will be replaced in the future with EntityId and previous sort order cannot be maintained.'
Assets\TumbangPreso\Runtime\Diagnostics\NetRoofProbe.cs(67,23): warning CS0618: 'Object.FindFirstObjectByType<T>()' is obsolete: 'FindFirstObjectByType has been deprecated because it relies on instance ID ordering. Use FindAnyObjectByType instead, which does not depend on ordering.'
Assets\TumbangPreso\Runtime\Diagnostics\NetRoofProbe.cs(69,23): warning CS0618: 'Object.FindFirstObjectByType<T>()' is obsolete: 'FindFirstObjectByType has been deprecated because it relies on instance ID ordering. Use FindAnyObjectByType instead, which does not depend on ordering.'
Assets\TumbangPreso\Runtime\Diagnostics\NetRoofProbe.cs(71,63): warning CS0618: 'FindObjectsSortMode' is obsolete: 'FindObjectsSortMode has been deprecated. Use the FindObjectsByType overloads that do not take a FindObjectsSortMode parameter.'
Assets\TumbangPreso\Runtime\Diagnostics\NetRoofProbe.cs(71,31): warning CS0618: 'Object.FindObjectsByType<T>(FindObjectsSortMode)' is obsolete: 'FindObjectsByType with FindObjectsSortMode parameter has been deprecated. Use FindObjectsByType<T>() or FindObjectsByType<T>(FindObjectsInactive) instead. InstanceID will be replaced in the future with EntityId and previous sort order cannot be maintained.'
Assets\TumbangPreso\Runtime\Diagnostics\NetRoofProbe.cs(72,72): warning CS0618: 'FindObjectsSortMode' is obsolete: 'FindObjectsSortMode has been deprecated. Use the FindObjectsByType overloads that do not take a FindObjectsSortMode parameter.'
Assets\TumbangPreso\Runtime\Diagnostics\NetRoofProbe.cs(72,35): warning CS0618: 'Object.FindObjectsByType<T>(FindObjectsSortMode)' is obsolete: 'FindObjectsByType with FindObjectsSortMode parameter has been deprecated. Use FindObjectsByType<T>() or FindObjectsByType<T>(FindObjectsInactive) instead. InstanceID will be replaced in the future with EntityId and previous sort order cannot be maintained.'
Assets\TumbangPreso\Runtime\Diagnostics\NetRoofProbe.cs(87,17): warning CS0618: 'Object.FindFirstObjectByType<T>()' is obsolete: 'FindFirstObjectByType has been deprecated because it relies on instance ID ordering. Use FindAnyObjectByType instead, which does not depend on ordering.'
Assets\TumbangPreso\Runtime\Diagnostics\NetRequestSafetyProbe.cs(168,67): warning CS0618: 'FindObjectsSortMode' is obsolete: 'FindObjectsSortMode has been deprecated. Use the FindObjectsByType overloads that do not take a FindObjectsSortMode parameter.'
Assets\TumbangPreso\Runtime\Diagnostics\NetRequestSafetyProbe.cs(168,35): warning CS0618: 'Object.FindObjectsByType<T>(FindObjectsSortMode)' is obsolete: 'FindObjectsByType with FindObjectsSortMode parameter has been deprecated. Use FindObjectsByType<T>() or FindObjectsByType<T>(FindObjectsInactive) instead. InstanceID will be replaced in the future with EntityId and previous sort order cannot be maintained.'
Assets\TumbangPreso\Runtime\Diagnostics\NetRequestSafetyProbe.cs(169,73): warning CS0618: 'FindObjectsSortMode' is obsolete: 'FindObjectsSortMode has been deprecated. Use the FindObjectsByType overloads that do not take a FindObjectsSortMode parameter.'
Assets\TumbangPreso\Runtime\Diagnostics\NetRequestSafetyProbe.cs(169,36): warning CS0618: 'Object.FindObjectsByType<T>(FindObjectsSortMode)' is obsolete: 'FindObjectsByType with FindObjectsSortMode parameter has been deprecated. Use FindObjectsByType<T>() or FindObjectsByType<T>(FindObjectsInactive) instead. InstanceID will be replaced in the future with EntityId and previous sort order cannot be maintained.'
Assets\TumbangPreso\Runtime\Diagnostics\NetSeanProbe.cs(67,25): warning CS0618: 'Object.FindFirstObjectByType<T>()' is obsolete: 'FindFirstObjectByType has been deprecated because it relies on instance ID ordering. Use FindAnyObjectByType instead, which does not depend on ordering.'
Assets\TumbangPreso\Runtime\Diagnostics\NetSeanProbe.cs(70,67): warning CS0618: 'FindObjectsSortMode' is obsolete: 'FindObjectsSortMode has been deprecated. Use the FindObjectsByType overloads that do not take a FindObjectsSortMode parameter.'
Assets\TumbangPreso\Runtime\Diagnostics\NetSeanProbe.cs(70,35): warning CS0618: 'Object.FindObjectsByType<T>(FindObjectsSortMode)' is obsolete: 'FindObjectsByType with FindObjectsSortMode parameter has been deprecated. Use FindObjectsByType<T>() or FindObjectsByType<T>(FindObjectsInactive) instead. InstanceID will be replaced in the future with EntityId and previous sort order cannot be maintained.'
Assets\TumbangPreso\Runtime\Diagnostics\NetSeanProbe.cs(71,72): warning CS0618: 'FindObjectsSortMode' is obsolete: 'FindObjectsSortMode has been deprecated. Use the FindObjectsByType overloads that do not take a FindObjectsSortMode parameter.'
Assets\TumbangPreso\Runtime\Diagnostics\NetSeanProbe.cs(71,35): warning CS0618: 'Object.FindObjectsByType<T>(FindObjectsSortMode)' is obsolete: 'FindObjectsByType with FindObjectsSortMode parameter has been deprecated. Use FindObjectsByType<T>() or FindObjectsByType<T>(FindObjectsInactive) instead. InstanceID will be replaced in the future with EntityId and previous sort order cannot be maintained.'
Assets\TumbangPreso\Runtime\Diagnostics\NetSeanProbe.cs(111,83): warning CS0618: 'FindObjectsSortMode' is obsolete: 'FindObjectsSortMode has been deprecated. Use the FindObjectsByType overloads that do not take a FindObjectsSortMode parameter.'
Assets\TumbangPreso\Runtime\Diagnostics\NetSeanProbe.cs(111,27): warning CS0618: 'Object.FindObjectsByType<T>(FindObjectsSortMode)' is obsolete: 'FindObjectsByType with FindObjectsSortMode parameter has been deprecated. Use FindObjectsByType<T>() or FindObjectsByType<T>(FindObjectsInactive) instead. InstanceID will be replaced in the future with EntityId and previous sort order cannot be maintained.'
Assets\TumbangPreso\Runtime\Diagnostics\NetSeanProbe.cs(118,91): warning CS0618: 'FindObjectsSortMode' is obsolete: 'FindObjectsSortMode has been deprecated. Use the FindObjectsByType overloads that do not take a FindObjectsSortMode parameter.'
Assets\TumbangPreso\Runtime\Diagnostics\NetSeanProbe.cs(118,53): warning CS0618: 'Object.FindObjectsByType<T>(FindObjectsSortMode)' is obsolete: 'FindObjectsByType with FindObjectsSortMode parameter has been deprecated. Use FindObjectsByType<T>() or FindObjectsByType<T>(FindObjectsInactive) instead. InstanceID will be replaced in the future with EntityId and previous sort order cannot be maintained.'
Assets\TumbangPreso\Runtime\Diagnostics\NetRoofProbe.cs(119,13): warning CS0618: 'Object.FindFirstObjectByType<T>()' is obsolete: 'FindFirstObjectByType has been deprecated because it relies on instance ID ordering. Use FindAnyObjectByType instead, which does not depend on ordering.'
Assets\TumbangPreso\Runtime\Net\Matchmaker.cs(98,45): warning CS0618: 'Object.FindFirstObjectByType<T>()' is obsolete: 'FindFirstObjectByType has been deprecated because it relies on instance ID ordering. Use FindAnyObjectByType instead, which does not depend on ordering.'
Assets\TumbangPreso\Runtime\Net\Matchmaker.cs(102,28): warning CS0618: 'Object.FindFirstObjectByType<T>()' is obsolete: 'FindFirstObjectByType has been deprecated because it relies on instance ID ordering. Use FindAnyObjectByType instead, which does not depend on ordering.'
Assets\TumbangPreso\Runtime\Diagnostics\NetThrowProbe.cs(52,63): warning CS0618: 'FindObjectsSortMode' is obsolete: 'FindObjectsSortMode has been deprecated. Use the FindObjectsByType overloads that do not take a FindObjectsSortMode parameter.'
Assets\TumbangPreso\Runtime\Diagnostics\NetThrowProbe.cs(52,31): warning CS0618: 'Object.FindObjectsByType<T>(FindObjectsSortMode)' is obsolete: 'FindObjectsByType with FindObjectsSortMode parameter has been deprecated. Use FindObjectsByType<T>() or FindObjectsByType<T>(FindObjectsInactive) instead. InstanceID will be replaced in the future with EntityId and previous sort order cannot be maintained.'
Assets\TumbangPreso\Runtime\Diagnostics\NetThrowProbe.cs(53,71): warning CS0618: 'FindObjectsSortMode' is obsolete: 'FindObjectsSortMode has been deprecated. Use the FindObjectsByType overloads that do not take a FindObjectsSortMode parameter.'
Assets\TumbangPreso\Runtime\Diagnostics\NetThrowProbe.cs(53,34): warning CS0618: 'Object.FindObjectsByType<T>(FindObjectsSortMode)' is obsolete: 'FindObjectsByType with FindObjectsSortMode parameter has been deprecated. Use FindObjectsByType<T>() or FindObjectsByType<T>(FindObjectsInactive) instead. InstanceID will be replaced in the future with EntityId and previous sort order cannot be maintained.'
Assets\TumbangPreso\Runtime\Diagnostics\NetThrowProbe.cs(62,55): warning CS0618: 'FindObjectsSortMode' is obsolete: 'FindObjectsSortMode has been deprecated. Use the FindObjectsByType overloads that do not take a FindObjectsSortMode parameter.'
Assets\TumbangPreso\Runtime\Diagnostics\NetThrowProbe.cs(62,28): warning CS0618: 'Object.FindObjectsByType<T>(FindObjectsSortMode)' is obsolete: 'FindObjectsByType with FindObjectsSortMode parameter has been deprecated. Use FindObjectsByType<T>() or FindObjectsByType<T>(FindObjectsInactive) instead. InstanceID will be replaced in the future with EntityId and previous sort order cannot be maintained.'
Assets\TumbangPreso\Runtime\Diagnostics\NetThrowProbe.cs(74,23): warning CS0618: 'Object.FindFirstObjectByType<T>()' is obsolete: 'FindFirstObjectByType has been deprecated because it relies on instance ID ordering. Use FindAnyObjectByType instead, which does not depend on ordering.'
Assets\TumbangPreso\Runtime\Diagnostics\OwnerUiPlayerReview.Accessibility.cs(81,24): warning CS0618: 'Object.FindFirstObjectByType<T>()' is obsolete: 'FindFirstObjectByType has been deprecated because it relies on instance ID ordering. Use FindAnyObjectByType instead, which does not depend on ordering.'
Assets\TumbangPreso\Runtime\Diagnostics\OwnerUiPlayerReview.Accessibility.cs(119,44): warning CS0618: 'Object.FindFirstObjectByType<T>()' is obsolete: 'FindFirstObjectByType has been deprecated because it relies on instance ID ordering. Use FindAnyObjectByType instead, which does not depend on ordering.'
Assets\TumbangPreso\Runtime\Diagnostics\NetRoundBoundaryProbe.cs(51,67): warning CS0618: 'FindObjectsSortMode' is obsolete: 'FindObjectsSortMode has been deprecated. Use the FindObjectsByType overloads that do not take a FindObjectsSortMode parameter.'
Assets\TumbangPreso\Runtime\Diagnostics\NetRoundBoundaryProbe.cs(51,35): warning CS0618: 'Object.FindObjectsByType<T>(FindObjectsSortMode)' is obsolete: 'FindObjectsByType with FindObjectsSortMode parameter has been deprecated. Use FindObjectsByType<T>() or FindObjectsByType<T>(FindObjectsInactive) instead. InstanceID will be replaced in the future with EntityId and previous sort order cannot be maintained.'
Assets\TumbangPreso\Runtime\Net\WorldEffectSnapshot.cs(60,91): warning CS0618: 'FindObjectsSortMode' is obsolete: 'FindObjectsSortMode has been deprecated. Use the FindObjectsByType overloads that do not take a FindObjectsSortMode parameter.'
Assets\TumbangPreso\Runtime\Net\WorldEffectSnapshot.cs(60,35): warning CS0618: 'Object.FindObjectsByType<T>(FindObjectsSortMode)' is obsolete: 'FindObjectsByType with FindObjectsSortMode parameter has been deprecated. Use FindObjectsByType<T>() or FindObjectsByType<T>(FindObjectsInactive) instead. InstanceID will be replaced in the future with EntityId and previous sort order cannot be maintained.'
Assets\TumbangPreso\Runtime\Net\WorldEffectSnapshot.cs(68,94): warning CS0618: 'FindObjectsSortMode' is obsolete: 'FindObjectsSortMode has been deprecated. Use the FindObjectsByType overloads that do not take a FindObjectsSortMode parameter.'
Assets\TumbangPreso\Runtime\Net\WorldEffectSnapshot.cs(68,34): warning CS0618: 'Object.FindObjectsByType<T>(FindObjectsSortMode)' is obsolete: 'FindObjectsByType with FindObjectsSortMode parameter has been deprecated. Use FindObjectsByType<T>() or FindObjectsByType<T>(FindObjectsInactive) instead. InstanceID will be replaced in the future with EntityId and previous sort order cannot be maintained.'
Assets\TumbangPreso\Runtime\Net\WorldEffectSnapshot.cs(75,92): warning CS0618: 'FindObjectsSortMode' is obsolete: 'FindObjectsSortMode has been deprecated. Use the FindObjectsByType overloads that do not take a FindObjectsSortMode parameter.'
Assets\TumbangPreso\Runtime\Net\WorldEffectSnapshot.cs(75,35): warning CS0618: 'Object.FindObjectsByType<T>(FindObjectsSortMode)' is obsolete: 'FindObjectsByType with FindObjectsSortMode parameter has been deprecated. Use FindObjectsByType<T>() or FindObjectsByType<T>(FindObjectsInactive) instead. InstanceID will be replaced in the future with EntityId and previous sort order cannot be maintained.'
Assets\TumbangPreso\Runtime\Net\WorldEffectSnapshot.cs(79,93): warning CS0618: 'FindObjectsSortMode' is obsolete: 'FindObjectsSortMode has been deprecated. Use the FindObjectsByType overloads that do not take a FindObjectsSortMode parameter.'
Assets\TumbangPreso\Runtime\Net\WorldEffectSnapshot.cs(79,35): warning CS0618: 'Object.FindObjectsByType<T>(FindObjectsSortMode)' is obsolete: 'FindObjectsByType with FindObjectsSortMode parameter has been deprecated. Use FindObjectsByType<T>() or FindObjectsByType<T>(FindObjectsInactive) instead. InstanceID will be replaced in the future with EntityId and previous sort order cannot be maintained.'
Assets\TumbangPreso\Runtime\Net\WorldEffectSnapshot.cs(83,99): warning CS0618: 'FindObjectsSortMode' is obsolete: 'FindObjectsSortMode has been deprecated. Use the FindObjectsByType overloads that do not take a FindObjectsSortMode parameter.'
Assets\TumbangPreso\Runtime\Net\WorldEffectSnapshot.cs(83,36): warning CS0618: 'Object.FindObjectsByType<T>(FindObjectsSortMode)' is obsolete: 'FindObjectsByType with FindObjectsSortMode parameter has been deprecated. Use FindObjectsByType<T>() or FindObjectsByType<T>(FindObjectsInactive) instead. InstanceID will be replaced in the future with EntityId and previous sort order cannot be maintained.'
Assets\TumbangPreso\Runtime\Net\WorldEffectSnapshot.cs(87,89): warning CS0618: 'FindObjectsSortMode' is obsolete: 'FindObjectsSortMode has been deprecated. Use the FindObjectsByType overloads that do not take a FindObjectsSortMode parameter.'
Assets\TumbangPreso\Runtime\Net\WorldEffectSnapshot.cs(87,33): warning CS0618: 'Object.FindObjectsByType<T>(FindObjectsSortMode)' is obsolete: 'FindObjectsByType with FindObjectsSortMode parameter has been deprecated. Use FindObjectsByType<T>() or FindObjectsByType<T>(FindObjectsInactive) instead. InstanceID will be replaced in the future with EntityId and previous sort order cannot be maintained.'
Assets\TumbangPreso\Runtime\Net\WorldEffectSnapshot.cs(91,81): warning CS0618: 'FindObjectsSortMode' is obsolete: 'FindObjectsSortMode has been deprecated. Use the FindObjectsByType overloads that do not take a FindObjectsSortMode parameter.'
Assets\TumbangPreso\Runtime\Net\WorldEffectSnapshot.cs(91,36): warning CS0618: 'Object.FindObjectsByType<T>(FindObjectsSortMode)' is obsolete: 'FindObjectsByType with FindObjectsSortMode parameter has been deprecated. Use FindObjectsByType<T>() or FindObjectsByType<T>(FindObjectsInactive) instead. InstanceID will be replaced in the future with EntityId and previous sort order cannot be maintained.'
Assets\TumbangPreso\Runtime\Net\WorldEffectSnapshot.cs(95,76): warning CS0618: 'FindObjectsSortMode' is obsolete: 'FindObjectsSortMode has been deprecated. Use the FindObjectsByType overloads that do not take a FindObjectsSortMode parameter.'
Assets\TumbangPreso\Runtime\Net\WorldEffectSnapshot.cs(95,35): warning CS0618: 'Object.FindObjectsByType<T>(FindObjectsSortMode)' is obsolete: 'FindObjectsByType with FindObjectsSortMode parameter has been deprecated. Use FindObjectsByType<T>() or FindObjectsByType<T>(FindObjectsInactive) instead. InstanceID will be replaced in the future with EntityId and previous sort order cannot be maintained.'
Assets\TumbangPreso\Runtime\MatchInstaller.cs(1171,32): warning CS0618: 'Object.FindFirstObjectByType<T>()' is obsolete: 'FindFirstObjectByType has been deprecated because it relies on instance ID ordering. Use FindAnyObjectByType instead, which does not depend on ordering.'
Assets\TumbangPreso\Runtime\MatchInstaller.cs(1174,31): warning CS0618: 'Object.FindFirstObjectByType<T>()' is obsolete: 'FindFirstObjectByType has been deprecated because it relies on instance ID ordering. Use FindAnyObjectByType instead, which does not depend on ordering.'
Assets\TumbangPreso\Runtime\MatchInstaller.cs(1183,17): warning CS0618: 'Object.FindFirstObjectByType<T>()' is obsolete: 'FindFirstObjectByType has been deprecated because it relies on instance ID ordering. Use FindAnyObjectByType instead, which does not depend on ordering.'
Assets\TumbangPreso\Runtime\MatchInstaller.cs(1189,33): warning CS0618: 'Object.FindFirstObjectByType<T>()' is obsolete: 'FindFirstObjectByType has been deprecated because it relies on instance ID ordering. Use FindAnyObjectByType instead, which does not depend on ordering.'
Assets\TumbangPreso\Runtime\MatchInstaller.cs(1198,23): warning CS0618: 'Object.FindFirstObjectByType<T>()' is obsolete: 'FindFirstObjectByType has been deprecated because it relies on instance ID ordering. Use FindAnyObjectByType instead, which does not depend on ordering.'
Assets\TumbangPreso\Runtime\MatchInstaller.cs(1209,25): warning CS0618: 'Object.FindFirstObjectByType<T>()' is obsolete: 'FindFirstObjectByType has been deprecated because it relies on instance ID ordering. Use FindAnyObjectByType instead, which does not depend on ordering.'
Assets\TumbangPreso\Runtime\MatchInstaller.cs(1212,29): warning CS0618: 'Object.FindFirstObjectByType<T>()' is obsolete: 'FindFirstObjectByType has been deprecated because it relies on instance ID ordering. Use FindAnyObjectByType instead, which does not depend on ordering.'
Assets\TumbangPreso\Runtime\MatchInstaller.cs(1231,24): warning CS0618: 'Object.FindFirstObjectByType<T>()' is obsolete: 'FindFirstObjectByType has been deprecated because it relies on instance ID ordering. Use FindAnyObjectByType instead, which does not depend on ordering.'
Assets\TumbangPreso\Runtime\MatchInstaller.cs(1244,27): warning CS0618: 'Object.FindFirstObjectByType<T>()' is obsolete: 'FindFirstObjectByType has been deprecated because it relies on instance ID ordering. Use FindAnyObjectByType instead, which does not depend on ordering.'
Assets\TumbangPreso\Runtime\MatchInstaller.cs(1251,25): warning CS0618: 'Object.FindFirstObjectByType<T>()' is obsolete: 'FindFirstObjectByType has been deprecated because it relies on instance ID ordering. Use FindAnyObjectByType instead, which does not depend on ordering.'
Assets\TumbangPreso\Runtime\MatchInstaller.cs(1258,26): warning CS0618: 'FindObjectsSortMode' is obsolete: 'FindObjectsSortMode has been deprecated. Use the FindObjectsByType overloads that do not take a FindObjectsSortMode parameter.'
Assets\TumbangPreso\Runtime\MatchInstaller.cs(1257,37): warning CS0618: 'Object.FindObjectsByType<T>(FindObjectsSortMode)' is obsolete: 'FindObjectsByType with FindObjectsSortMode parameter has been deprecated. Use FindObjectsByType<T>() or FindObjectsByType<T>(FindObjectsInactive) instead. InstanceID will be replaced in the future with EntityId and previous sort order cannot be maintained.'
Assets\TumbangPreso\Runtime\MatchInstaller.cs(1371,23): warning CS0618: 'Object.FindFirstObjectByType<T>()' is obsolete: 'FindFirstObjectByType has been deprecated because it relies on instance ID ordering. Use FindAnyObjectByType instead, which does not depend on ordering.'
Assets\TumbangPreso\Runtime\Diagnostics\NetThrowProbe.cs(95,49): warning CS0618: 'FindObjectsSortMode' is obsolete: 'FindObjectsSortMode has been deprecated. Use the FindObjectsByType overloads that do not take a FindObjectsSortMode parameter.'
Assets\TumbangPreso\Runtime\Diagnostics\NetThrowProbe.cs(95,22): warning CS0618: 'Object.FindObjectsByType<T>(FindObjectsSortMode)' is obsolete: 'FindObjectsByType with FindObjectsSortMode parameter has been deprecated. Use FindObjectsByType<T>() or FindObjectsByType<T>(FindObjectsInactive) instead. InstanceID will be replaced in the future with EntityId and previous sort order cannot be maintained.'
Assets\TumbangPreso\Runtime\Diagnostics\NetRoofProbe.cs(191,52): warning CS0618: 'FindObjectsSortMode' is obsolete: 'FindObjectsSortMode has been deprecated. Use the FindObjectsByType overloads that do not take a FindObjectsSortMode parameter.'
Assets\TumbangPreso\Runtime\Diagnostics\NetRoofProbe.cs(191,26): warning CS0618: 'Object.FindObjectsByType<T>(FindObjectsSortMode)' is obsolete: 'FindObjectsByType with FindObjectsSortMode parameter has been deprecated. Use FindObjectsByType<T>() or FindObjectsByType<T>(FindObjectsInactive) instead. InstanceID will be replaced in the future with EntityId and previous sort order cannot be maintained.'
Assets\TumbangPreso\Runtime\Diagnostics\NetRoofProbe.cs(194,77): warning CS0618: 'FindObjectsSortMode' is obsolete: 'FindObjectsSortMode has been deprecated. Use the FindObjectsByType overloads that do not take a FindObjectsSortMode parameter.'
Assets\TumbangPreso\Runtime\Diagnostics\NetRoofProbe.cs(194,44): warning CS0618: 'Object.FindObjectsByType<T>(FindObjectsSortMode)' is obsolete: 'FindObjectsByType with FindObjectsSortMode parameter has been deprecated. Use FindObjectsByType<T>() or FindObjectsByType<T>(FindObjectsInactive) instead. InstanceID will be replaced in the future with EntityId and previous sort order cannot be maintained.'
Assets\TumbangPreso\Runtime\MatchInstaller.cs(1498,21): warning CS0618: 'Object.FindFirstObjectByType<T>()' is obsolete: 'FindFirstObjectByType has been deprecated because it relies on instance ID ordering. Use FindAnyObjectByType instead, which does not depend on ordering.'
Assets\TumbangPreso\Runtime\MatchInstaller.cs(1595,64): warning CS0618: 'FindObjectsSortMode' is obsolete: 'FindObjectsSortMode has been deprecated. Use the FindObjectsByType overloads that do not take a FindObjectsSortMode parameter.'
Assets\TumbangPreso\Runtime\MatchInstaller.cs(1595,35): warning CS0618: 'Object.FindObjectsByType<T>(FindObjectsSortMode)' is obsolete: 'FindObjectsByType with FindObjectsSortMode parameter has been deprecated. Use FindObjectsByType<T>() or FindObjectsByType<T>(FindObjectsInactive) instead. InstanceID will be replaced in the future with EntityId and previous sort order cannot be maintained.'
Assets\TumbangPreso\Runtime\Diagnostics\OwnerUiPlayerReview.Controls.cs(21,24): warning CS0618: 'Object.FindFirstObjectByType<T>()' is obsolete: 'FindFirstObjectByType has been deprecated because it relies on instance ID ordering. Use FindAnyObjectByType instead, which does not depend on ordering.'
Assets\TumbangPreso\Runtime\PracticeRange.cs(50,43): warning CS0618: 'Object.FindFirstObjectByType<T>()' is obsolete: 'FindFirstObjectByType has been deprecated because it relies on instance ID ordering. Use FindAnyObjectByType instead, which does not depend on ordering.'
Assets\TumbangPreso\Runtime\Diagnostics\NetWorldFieldProbe.cs(51,23): warning CS0618: 'Object.FindFirstObjectByType<T>()' is obsolete: 'FindFirstObjectByType has been deprecated because it relies on instance ID ordering. Use FindAnyObjectByType instead, which does not depend on ordering.'
Assets\TumbangPreso\Runtime\Diagnostics\NetWorldFieldProbe.cs(52,66): warning CS0618: 'FindObjectsSortMode' is obsolete: 'FindObjectsSortMode has been deprecated. Use the FindObjectsByType overloads that do not take a FindObjectsSortMode parameter.'
Assets\TumbangPreso\Runtime\Diagnostics\NetWorldFieldProbe.cs(52,34): warning CS0618: 'Object.FindObjectsByType<T>(FindObjectsSortMode)' is obsolete: 'FindObjectsByType with FindObjectsSortMode parameter has been deprecated. Use FindObjectsByType<T>() or FindObjectsByType<T>(FindObjectsInactive) instead. InstanceID will be replaced in the future with EntityId and previous sort order cannot be maintained.'
Assets\TumbangPreso\Runtime\Diagnostics\NetWorldFieldProbe.cs(53,71): warning CS0618: 'FindObjectsSortMode' is obsolete: 'FindObjectsSortMode has been deprecated. Use the FindObjectsByType overloads that do not take a FindObjectsSortMode parameter.'
Assets\TumbangPreso\Runtime\Diagnostics\NetWorldFieldProbe.cs(53,34): warning CS0618: 'Object.FindObjectsByType<T>(FindObjectsSortMode)' is obsolete: 'FindObjectsByType with FindObjectsSortMode parameter has been deprecated. Use FindObjectsByType<T>() or FindObjectsByType<T>(FindObjectsInactive) instead. InstanceID will be replaced in the future with EntityId and previous sort order cannot be maintained.'
Assets\TumbangPreso\Runtime\Net\WorldEffectSnapshot.cs(261,63): warning CS0618: 'FindObjectsSortMode' is obsolete: 'FindObjectsSortMode has been deprecated. Use the FindObjectsByType overloads that do not take a FindObjectsSortMode parameter.'
Assets\TumbangPreso\Runtime\Net\WorldEffectSnapshot.cs(261,35): warning CS0618: 'Object.FindObjectsByType<T>(FindObjectsSortMode)' is obsolete: 'FindObjectsByType with FindObjectsSortMode parameter has been deprecated. Use FindObjectsByType<T>() or FindObjectsByType<T>(FindObjectsInactive) instead. InstanceID will be replaced in the future with EntityId and previous sort order cannot be maintained.'
Assets\TumbangPreso\Runtime\Diagnostics\NetZackProbe.cs(71,25): warning CS0618: 'Object.FindFirstObjectByType<T>()' is obsolete: 'FindFirstObjectByType has been deprecated because it relies on instance ID ordering. Use FindAnyObjectByType instead, which does not depend on ordering.'
Assets\TumbangPreso\Runtime\Diagnostics\NetZackProbe.cs(74,67): warning CS0618: 'FindObjectsSortMode' is obsolete: 'FindObjectsSortMode has been deprecated. Use the FindObjectsByType overloads that do not take a FindObjectsSortMode parameter.'
Assets\TumbangPreso\Runtime\Diagnostics\NetZackProbe.cs(74,35): warning CS0618: 'Object.FindObjectsByType<T>(FindObjectsSortMode)' is obsolete: 'FindObjectsByType with FindObjectsSortMode parameter has been deprecated. Use FindObjectsByType<T>() or FindObjectsByType<T>(FindObjectsInactive) instead. InstanceID will be replaced in the future with EntityId and previous sort order cannot be maintained.'
Assets\TumbangPreso\Runtime\Diagnostics\NetZackProbe.cs(75,72): warning CS0618: 'FindObjectsSortMode' is obsolete: 'FindObjectsSortMode has been deprecated. Use the FindObjectsByType overloads that do not take a FindObjectsSortMode parameter.'
Assets\TumbangPreso\Runtime\Diagnostics\NetZackProbe.cs(75,35): warning CS0618: 'Object.FindObjectsByType<T>(FindObjectsSortMode)' is obsolete: 'FindObjectsByType with FindObjectsSortMode parameter has been deprecated. Use FindObjectsByType<T>() or FindObjectsByType<T>(FindObjectsInactive) instead. InstanceID will be replaced in the future with EntityId and previous sort order cannot be maintained.'
Assets\TumbangPreso\Runtime\Diagnostics\NetZackProbe.cs(124,66): warning CS0618: 'FindObjectsSortMode' is obsolete: 'FindObjectsSortMode has been deprecated. Use the FindObjectsByType overloads that do not take a FindObjectsSortMode parameter.'
Assets\TumbangPreso\Runtime\Diagnostics\NetZackProbe.cs(124,25): warning CS0618: 'Object.FindObjectsByType<T>(FindObjectsSortMode)' is obsolete: 'FindObjectsByType with FindObjectsSortMode parameter has been deprecated. Use FindObjectsByType<T>() or FindObjectsByType<T>(FindObjectsInactive) instead. InstanceID will be replaced in the future with EntityId and previous sort order cannot be maintained.'
Assets\TumbangPreso\Runtime\Diagnostics\NetZackProbe.cs(131,83): warning CS0618: 'FindObjectsSortMode' is obsolete: 'FindObjectsSortMode has been deprecated. Use the FindObjectsByType overloads that do not take a FindObjectsSortMode parameter.'
Assets\TumbangPreso\Runtime\Diagnostics\NetZackProbe.cs(131,47): warning CS0618: 'Object.FindObjectsByType<T>(FindObjectsSortMode)' is obsolete: 'FindObjectsByType with FindObjectsSortMode parameter has been deprecated. Use FindObjectsByType<T>() or FindObjectsByType<T>(FindObjectsInactive) instead. InstanceID will be replaced in the future with EntityId and previous sort order cannot be maintained.'
Assets\TumbangPreso\Runtime\Diagnostics\NetZackProbe.cs(183,52): warning CS0618: 'FindObjectsSortMode' is obsolete: 'FindObjectsSortMode has been deprecated. Use the FindObjectsByType overloads that do not take a FindObjectsSortMode parameter.'
Assets\TumbangPreso\Runtime\Diagnostics\NetZackProbe.cs(183,17): warning CS0618: 'Object.FindObjectsByType<T>(FindObjectsSortMode)' is obsolete: 'FindObjectsByType with FindObjectsSortMode parameter has been deprecated. Use FindObjectsByType<T>() or FindObjectsByType<T>(FindObjectsInactive) instead. InstanceID will be replaced in the future with EntityId and previous sort order cannot be maintained.'
Assets\TumbangPreso\Runtime\Net\NetCompletedArrivalProbe.cs(132,30): warning CS0618: 'Object.FindFirstObjectByType<T>()' is obsolete: 'FindFirstObjectByType has been deprecated because it relies on instance ID ordering. Use FindAnyObjectByType instead, which does not depend on ordering.'
Assets\TumbangPreso\Runtime\Net\NetCompletedArrivalProbe.cs(134,57): warning CS0618: 'FindObjectsSortMode' is obsolete: 'FindObjectsSortMode has been deprecated. Use the FindObjectsByType overloads that do not take a FindObjectsSortMode parameter.'
Assets\TumbangPreso\Runtime\Net\NetCompletedArrivalProbe.cs(134,31): warning CS0618: 'Object.FindObjectsByType<T>(FindObjectsSortMode)' is obsolete: 'FindObjectsByType with FindObjectsSortMode parameter has been deprecated. Use FindObjectsByType<T>() or FindObjectsByType<T>(FindObjectsInactive) instead. InstanceID will be replaced in the future with EntityId and previous sort order cannot be maintained.'
Assets\TumbangPreso\Runtime\Net\NetCompletedArrivalProbe.cs(149,25): warning CS0618: 'Object.FindFirstObjectByType<T>()' is obsolete: 'FindFirstObjectByType has been deprecated because it relies on instance ID ordering. Use FindAnyObjectByType instead, which does not depend on ordering.'
Assets\TumbangPreso\Runtime\Net\NetSession.cs(1569,46): warning CS0618: 'FindObjectsSortMode' is obsolete: 'FindObjectsSortMode has been deprecated. Use the FindObjectsByType overloads that do not take a FindObjectsSortMode parameter.'
Assets\TumbangPreso\Runtime\Net\NetSession.cs(1568,37): warning CS0618: 'Object.FindObjectsByType<T>(FindObjectsInactive, FindObjectsSortMode)' is obsolete: 'FindObjectsByType with FindObjectsSortMode parameter has been deprecated. Use FindObjectsByType<T>() or FindObjectsByType<T>(FindObjectsInactive) instead. InstanceID will be replaced in the future with EntityId and previous sort order cannot be maintained.'
Assets\TumbangPreso\Runtime\Net\ServerQuery.cs(361,55): warning CS0618: 'Object.FindFirstObjectByType<T>()' is obsolete: 'FindFirstObjectByType has been deprecated because it relies on instance ID ordering. Use FindAnyObjectByType instead, which does not depend on ordering.'
Assets\TumbangPreso\Runtime\RoundDirector.cs(558,84): warning CS0618: 'FindObjectsSortMode' is obsolete: 'FindObjectsSortMode has been deprecated. Use the FindObjectsByType overloads that do not take a FindObjectsSortMode parameter.'
Assets\TumbangPreso\Runtime\RoundDirector.cs(558,28): warning CS0618: 'Object.FindObjectsByType<T>(FindObjectsInactive, FindObjectsSortMode)' is obsolete: 'FindObjectsByType with FindObjectsSortMode parameter has been deprecated. Use FindObjectsByType<T>() or FindObjectsByType<T>(FindObjectsInactive) instead. InstanceID will be replaced in the future with EntityId and previous sort order cannot be maintained.'
Assets\TumbangPreso\Runtime\Visual\VoodooCursePresenter.cs(71,87): warning CS0618: 'FindObjectsSortMode' is obsolete: 'FindObjectsSortMode has been deprecated. Use the FindObjectsByType overloads that do not take a FindObjectsSortMode parameter.'
Assets\TumbangPreso\Runtime\Visual\VoodooCursePresenter.cs(71,34): warning CS0618: 'Object.FindObjectsByType<T>(FindObjectsSortMode)' is obsolete: 'FindObjectsByType with FindObjectsSortMode parameter has been deprecated. Use FindObjectsByType<T>() or FindObjectsByType<T>(FindObjectsInactive) instead. InstanceID will be replaced in the future with EntityId and previous sort order cannot be maintained.'
Assets\TumbangPreso\Runtime\Visual\VfxTimeline.cs(59,55): warning CS0618: 'FindObjectsSortMode' is obsolete: 'FindObjectsSortMode has been deprecated. Use the FindObjectsByType overloads that do not take a FindObjectsSortMode parameter.'
Assets\TumbangPreso\Runtime\Visual\VfxTimeline.cs(58,39): warning CS0618: 'Object.FindObjectsByType<T>(FindObjectsInactive, FindObjectsSortMode)' is obsolete: 'FindObjectsByType with FindObjectsSortMode parameter has been deprecated. Use FindObjectsByType<T>() or FindObjectsByType<T>(FindObjectsInactive) instead. InstanceID will be replaced in the future with EntityId and previous sort order cannot be maintained.'
Assets\TumbangPreso\Runtime\Visual\ArcFlicker.cs(107,42): warning CS0162: Unreachable code detected
Assets\TumbangPreso\Runtime\Diagnostics\OwnerUiPlayerReview.Performance.cs(234,25): warning CS0618: 'Object.FindFirstObjectByType<T>()' is obsolete: 'FindFirstObjectByType has been deprecated because it relies on instance ID ordering. Use FindAnyObjectByType instead, which does not depend on ordering.'
Assets\TumbangPreso\Runtime\Diagnostics\OwnerUiPlayerReview.Performance.cs(269,88): warning CS0618: 'FindObjectsSortMode' is obsolete: 'FindObjectsSortMode has been deprecated. Use the FindObjectsByType overloads that do not take a FindObjectsSortMode parameter.'
Assets\TumbangPreso\Runtime\Diagnostics\OwnerUiPlayerReview.Performance.cs(269,25): warning CS0618: 'Object.FindObjectsByType<T>(FindObjectsInactive, FindObjectsSortMode)' is obsolete: 'FindObjectsByType with FindObjectsSortMode parameter has been deprecated. Use FindObjectsByType<T>() or FindObjectsByType<T>(FindObjectsInactive) instead. InstanceID will be replaced in the future with EntityId and previous sort order cannot be maintained.'
Assets\TumbangPreso\Runtime\UI\UltimatePresentationDirector.cs(159,29): warning CS0618: 'Object.FindFirstObjectByType<T>()' is obsolete: 'FindFirstObjectByType has been deprecated because it relies on instance ID ordering. Use FindAnyObjectByType instead, which does not depend on ordering.'
Assets\TumbangPreso\Runtime\UI\DebugBar.cs(62,28): warning CS0618: 'Object.FindFirstObjectByType<T>()' is obsolete: 'FindFirstObjectByType has been deprecated because it relies on instance ID ordering. Use FindAnyObjectByType instead, which does not depend on ordering.'
Assets\TumbangPreso\Runtime\UI\Hud.Native.cs(56,90): warning CS0618: 'FindObjectsSortMode' is obsolete: 'FindObjectsSortMode has been deprecated. Use the FindObjectsByType overloads that do not take a FindObjectsSortMode parameter.'
Assets\TumbangPreso\Runtime\UI\Hud.Native.cs(56,34): warning CS0618: 'Object.FindObjectsByType<T>(FindObjectsInactive, FindObjectsSortMode)' is obsolete: 'FindObjectsByType with FindObjectsSortMode parameter has been deprecated. Use FindObjectsByType<T>() or FindObjectsByType<T>(FindObjectsInactive) instead. InstanceID will be replaced in the future with EntityId and previous sort order cannot be maintained.'
Assets\TumbangPreso\Runtime\Visual\ColourGrade.cs(138,25): warning CS0618: 'Object.FindFirstObjectByType<T>(FindObjectsInactive)' is obsolete: 'FindFirstObjectByType has been deprecated because it relies on instance ID ordering. Use FindAnyObjectByType instead, which does not depend on ordering.'
Assets\TumbangPreso\Runtime\UI\Hud.cs(1048,61): warning CS0618: 'FindObjectsSortMode' is obsolete: 'FindObjectsSortMode has been deprecated. Use the FindObjectsByType overloads that do not take a FindObjectsSortMode parameter.'
Assets\TumbangPreso\Runtime\UI\Hud.cs(1047,34): warning CS0618: 'Object.FindObjectsByType<T>(FindObjectsInactive, FindObjectsSortMode)' is obsolete: 'FindObjectsByType with FindObjectsSortMode parameter has been deprecated. Use FindObjectsByType<T>() or FindObjectsByType<T>(FindObjectsInactive) instead. InstanceID will be replaced in the future with EntityId and previous sort order cannot be maintained.'
Assets\TumbangPreso\Runtime\UI\Hud.cs(1122,61): warning CS0618: 'FindObjectsSortMode' is obsolete: 'FindObjectsSortMode has been deprecated. Use the FindObjectsByType overloads that do not take a FindObjectsSortMode parameter.'
Assets\TumbangPreso\Runtime\UI\Hud.cs(1121,34): warning CS0618: 'Object.FindObjectsByType<T>(FindObjectsInactive, FindObjectsSortMode)' is obsolete: 'FindObjectsByType with FindObjectsSortMode parameter has been deprecated. Use FindObjectsByType<T>() or FindObjectsByType<T>(FindObjectsInactive) instead. InstanceID will be replaced in the future with EntityId and previous sort order cannot be maintained.'
Assets\TumbangPreso\Runtime\UI\Hud.cs(1229,36): warning CS0618: 'Object.FindFirstObjectByType<T>()' is obsolete: 'FindFirstObjectByType has been deprecated because it relies on instance ID ordering. Use FindAnyObjectByType instead, which does not depend on ordering.'
Assets\TumbangPreso\Runtime\Net\MatchRpc.cs(1120,33): warning CS0618: 'Object.FindFirstObjectByType<T>()' is obsolete: 'FindFirstObjectByType has been deprecated because it relies on instance ID ordering. Use FindAnyObjectByType instead, which does not depend on ordering.'
Assets\TumbangPreso\Runtime\UI\Hud.cs(1317,55): warning CS0618: 'FindObjectsSortMode' is obsolete: 'FindObjectsSortMode has been deprecated. Use the FindObjectsByType overloads that do not take a FindObjectsSortMode parameter.'
Assets\TumbangPreso\Runtime\UI\Hud.cs(1316,35): warning CS0618: 'Object.FindObjectsByType<T>(FindObjectsInactive, FindObjectsSortMode)' is obsolete: 'FindObjectsByType with FindObjectsSortMode parameter has been deprecated. Use FindObjectsByType<T>() or FindObjectsByType<T>(FindObjectsInactive) instead. InstanceID will be replaced in the future with EntityId and previous sort order cannot be maintained.'
Assets\TumbangPreso\Runtime\UI\Hud.cs(1338,55): warning CS0618: 'FindObjectsSortMode' is obsolete: 'FindObjectsSortMode has been deprecated. Use the FindObjectsByType overloads that do not take a FindObjectsSortMode parameter.'
Assets\TumbangPreso\Runtime\UI\Hud.cs(1337,34): warning CS0618: 'Object.FindObjectsByType<T>(FindObjectsInactive, FindObjectsSortMode)' is obsolete: 'FindObjectsByType with FindObjectsSortMode parameter has been deprecated. Use FindObjectsByType<T>() or FindObjectsByType<T>(FindObjectsInactive) instead. InstanceID will be replaced in the future with EntityId and previous sort order cannot be maintained.'
Assets\TumbangPreso\Runtime\Net\MatchRpc.cs(1167,24): warning CS0618: 'Object.FindFirstObjectByType<T>()' is obsolete: 'FindFirstObjectByType has been deprecated because it relies on instance ID ordering. Use FindAnyObjectByType instead, which does not depend on ordering.'
Assets\TumbangPreso\Runtime\UI\ModelPreview.cs(527,60): warning CS0618: 'FindObjectsSortMode' is obsolete: 'FindObjectsSortMode has been deprecated. Use the FindObjectsByType overloads that do not take a FindObjectsSortMode parameter.'
Assets\TumbangPreso\Runtime\UI\ModelPreview.cs(526,35): warning CS0618: 'Object.FindObjectsByType<T>(FindObjectsInactive, FindObjectsSortMode)' is obsolete: 'FindObjectsByType with FindObjectsSortMode parameter has been deprecated. Use FindObjectsByType<T>() or FindObjectsByType<T>(FindObjectsInactive) instead. InstanceID will be replaced in the future with EntityId and previous sort order cannot be maintained.'
Assets\TumbangPreso\Runtime\Net\MatchRpc.cs(1242,24): warning CS0618: 'Object.FindFirstObjectByType<T>()' is obsolete: 'FindFirstObjectByType has been deprecated because it relies on instance ID ordering. Use FindAnyObjectByType instead, which does not depend on ordering.'
Assets\TumbangPreso\Runtime\UI\MapPreviewSurface.cs(745,103): warning CS0618: 'FindObjectsSortMode' is obsolete: 'FindObjectsSortMode has been deprecated. Use the FindObjectsByType overloads that do not take a FindObjectsSortMode parameter.'
Assets\TumbangPreso\Runtime\UI\MapPreviewSurface.cs(745,37): warning CS0618: 'Object.FindObjectsByType<T>(FindObjectsInactive, FindObjectsSortMode)' is obsolete: 'FindObjectsByType with FindObjectsSortMode parameter has been deprecated. Use FindObjectsByType<T>() or FindObjectsByType<T>(FindObjectsInactive) instead. InstanceID will be replaced in the future with EntityId and previous sort order cannot be maintained.'
Assets\TumbangPreso\Runtime\Net\MatchRpc.cs(1645,13): warning CS0618: 'Object.FindFirstObjectByType<T>()' is obsolete: 'FindFirstObjectByType has been deprecated because it relies on instance ID ordering. Use FindAnyObjectByType instead, which does not depend on ordering.'
Assets\TumbangPreso\Runtime\Net\MatchRpc.cs(1670,17): warning CS0618: 'Object.FindFirstObjectByType<T>()' is obsolete: 'FindFirstObjectByType has been deprecated because it relies on instance ID ordering. Use FindAnyObjectByType instead, which does not depend on ordering.'
Assets\TumbangPreso\Runtime\Net\MatchRpc.cs(1689,13): warning CS0618: 'Object.FindFirstObjectByType<T>()' is obsolete: 'FindFirstObjectByType has been deprecated because it relies on instance ID ordering. Use FindAnyObjectByType instead, which does not depend on ordering.'
Assets\TumbangPreso\Runtime\Net\MatchRpc.cs(1713,22): warning CS0618: 'Object.FindFirstObjectByType<T>()' is obsolete: 'FindFirstObjectByType has been deprecated because it relies on instance ID ordering. Use FindAnyObjectByType instead, which does not depend on ordering.'
Assets\TumbangPreso\Runtime\Net\MatchRpc.cs(1735,18): warning CS0618: 'Object.FindFirstObjectByType<T>()' is obsolete: 'FindFirstObjectByType has been deprecated because it relies on instance ID ordering. Use FindAnyObjectByType instead, which does not depend on ordering.'
Assets\TumbangPreso\Runtime\Net\MatchRpc.cs(1784,18): warning CS0618: 'Object.FindFirstObjectByType<T>()' is obsolete: 'FindFirstObjectByType has been deprecated because it relies on instance ID ordering. Use FindAnyObjectByType instead, which does not depend on ordering.'
Assets\TumbangPreso\Runtime\UI\Hud.cs(2711,62): warning CS0618: 'FindObjectsSortMode' is obsolete: 'FindObjectsSortMode has been deprecated. Use the FindObjectsByType overloads that do not take a FindObjectsSortMode parameter.'
Assets\TumbangPreso\Runtime\UI\Hud.cs(2710,35): warning CS0618: 'Object.FindObjectsByType<T>(FindObjectsInactive, FindObjectsSortMode)' is obsolete: 'FindObjectsByType with FindObjectsSortMode parameter has been deprecated. Use FindObjectsByType<T>() or FindObjectsByType<T>(FindObjectsInactive) instead. InstanceID will be replaced in the future with EntityId and previous sort order cannot be maintained.'
Assets\TumbangPreso\Runtime\UI\MapPreviewSurface.cs(1183,61): warning CS0618: 'FindObjectsSortMode' is obsolete: 'FindObjectsSortMode has been deprecated. Use the FindObjectsByType overloads that do not take a FindObjectsSortMode parameter.'
Assets\TumbangPreso\Runtime\UI\MapPreviewSurface.cs(1182,35): warning CS0618: 'Object.FindObjectsByType<T>(FindObjectsInactive, FindObjectsSortMode)' is obsolete: 'FindObjectsByType with FindObjectsSortMode parameter has been deprecated. Use FindObjectsByType<T>() or FindObjectsByType<T>(FindObjectsInactive) instead. InstanceID will be replaced in the future with EntityId and previous sort order cannot be maintained.'
Assets\TumbangPreso\Runtime\UI\ConvertedMatchSetup.cs(2627,33): warning CS0618: 'Object.FindFirstObjectByType<T>()' is obsolete: 'FindFirstObjectByType has been deprecated because it relies on instance ID ordering. Use FindAnyObjectByType instead, which does not depend on ordering.'
Assets\TumbangPreso\Runtime\Net\MatchRpc.cs(1852,13): warning CS0618: 'Object.FindFirstObjectByType<T>()' is obsolete: 'FindFirstObjectByType has been deprecated because it relies on instance ID ordering. Use FindAnyObjectByType instead, which does not depend on ordering.'
Assets\TumbangPreso\Runtime\Net\MatchRpc.cs(1879,26): warning CS0618: 'Object.FindFirstObjectByType<T>()' is obsolete: 'FindFirstObjectByType has been deprecated because it relies on instance ID ordering. Use FindAnyObjectByType instead, which does not depend on ordering.'
Assets\TumbangPreso\Runtime\UI\Hud.cs(3242,40): warning CS0618: 'Object.FindFirstObjectByType<T>()' is obsolete: 'FindFirstObjectByType has been deprecated because it relies on instance ID ordering. Use FindAnyObjectByType instead, which does not depend on ordering.'
Assets\TumbangPreso\Runtime\UI\Hud.cs(4344,50): warning CS0618: 'FindObjectsSortMode' is obsolete: 'FindObjectsSortMode has been deprecated. Use the FindObjectsByType overloads that do not take a FindObjectsSortMode parameter.'
Assets\TumbangPreso\Runtime\UI\Hud.cs(4343,37): warning CS0618: 'Object.FindObjectsByType<T>(FindObjectsInactive, FindObjectsSortMode)' is obsolete: 'FindObjectsByType with FindObjectsSortMode parameter has been deprecated. Use FindObjectsByType<T>() or FindObjectsByType<T>(FindObjectsInactive) instead. InstanceID will be replaced in the future with EntityId and previous sort order cannot be maintained.'
Assets\TumbangPreso\Runtime\UI\MatchResult.cs(645,23): warning CS0618: 'Object.FindFirstObjectByType<T>()' is obsolete: 'FindFirstObjectByType has been deprecated because it relies on instance ID ordering. Use FindAnyObjectByType instead, which does not depend on ordering.'
Assets\TumbangPreso\Runtime\Visual\SkyEvent.cs(345,60): warning CS0618: 'FindObjectsSortMode' is obsolete: 'FindObjectsSortMode has been deprecated. Use the FindObjectsByType overloads that do not take a FindObjectsSortMode parameter.'
Assets\TumbangPreso\Runtime\Visual\SkyEvent.cs(344,35): warning CS0618: 'Object.FindObjectsByType<T>(FindObjectsInactive, FindObjectsSortMode)' is obsolete: 'FindObjectsByType with FindObjectsSortMode parameter has been deprecated. Use FindObjectsByType<T>() or FindObjectsByType<T>(FindObjectsInactive) instead. InstanceID will be replaced in the future with EntityId and previous sort order cannot be maintained.'
Assets\TumbangPreso\Runtime\Visual\SkyEvent.cs(448,66): warning CS0618: 'FindObjectsSortMode' is obsolete: 'FindObjectsSortMode has been deprecated. Use the FindObjectsByType overloads that do not take a FindObjectsSortMode parameter.'
Assets\TumbangPreso\Runtime\Visual\SkyEvent.cs(447,35): warning CS0618: 'Object.FindObjectsByType<T>(FindObjectsInactive, FindObjectsSortMode)' is obsolete: 'FindObjectsByType with FindObjectsSortMode parameter has been deprecated. Use FindObjectsByType<T>() or FindObjectsByType<T>(FindObjectsInactive) instead. InstanceID will be replaced in the future with EntityId and previous sort order cannot be maintained.'
Assets\TumbangPreso\Runtime\Diagnostics\OwnerUiPlayerReview.cs(201,71): warning CS0618: 'FindObjectsSortMode' is obsolete: 'FindObjectsSortMode has been deprecated. Use the FindObjectsByType overloads that do not take a FindObjectsSortMode parameter.'
Assets\TumbangPreso\Runtime\Diagnostics\OwnerUiPlayerReview.cs(201,19): warning CS0618: 'Object.FindObjectsByType<T>(FindObjectsSortMode)' is obsolete: 'FindObjectsByType with FindObjectsSortMode parameter has been deprecated. Use FindObjectsByType<T>() or FindObjectsByType<T>(FindObjectsInactive) instead. InstanceID will be replaced in the future with EntityId and previous sort order cannot be maintained.'
Assets\TumbangPreso\Runtime\Visual\PhaisterOmenScreen.cs(128,38): warning CS0618: 'Object.FindFirstObjectByType<T>()' is obsolete: 'FindFirstObjectByType has been deprecated because it relies on instance ID ordering. Use FindAnyObjectByType instead, which does not depend on ordering.'
Assets\TumbangPreso\Runtime\Visual\PhaisterManika.cs(145,35): warning CS0618: 'Object.FindFirstObjectByType<T>()' is obsolete: 'FindFirstObjectByType has been deprecated because it relies on instance ID ordering. Use FindAnyObjectByType instead, which does not depend on ordering.'
Assets\TumbangPreso\Runtime\Visual\PhaisterManika.cs(233,23): warning CS0618: 'Object.FindFirstObjectByType<T>()' is obsolete: 'FindFirstObjectByType has been deprecated because it relies on instance ID ordering. Use FindAnyObjectByType instead, which does not depend on ordering.'
Assets\TumbangPreso\Runtime\Diagnostics\OwnerUiPlayerReview.cs(339,22): warning CS0618: 'Object.FindFirstObjectByType<T>()' is obsolete: 'FindFirstObjectByType has been deprecated because it relies on instance ID ordering. Use FindAnyObjectByType instead, which does not depend on ordering.'
Assets\TumbangPreso\Runtime\Visual\PhaisterAimSigil.cs(247,24): warning CS0618: 'Object.FindFirstObjectByType<T>()' is obsolete: 'FindFirstObjectByType has been deprecated because it relies on instance ID ordering. Use FindAnyObjectByType instead, which does not depend on ordering.'
Assets\TumbangPreso\Runtime\Visual\MatchFlair.cs(216,112): warning CS0618: 'FindObjectsSortMode' is obsolete: 'FindObjectsSortMode has been deprecated. Use the FindObjectsByType overloads that do not take a FindObjectsSortMode parameter.'
Assets\TumbangPreso\Runtime\Visual\MatchFlair.cs(216,42): warning CS0618: 'Object.FindObjectsByType<T>(FindObjectsSortMode)' is obsolete: 'FindObjectsByType with FindObjectsSortMode parameter has been deprecated. Use FindObjectsByType<T>() or FindObjectsByType<T>(FindObjectsInactive) instead. InstanceID will be replaced in the future with EntityId and previous sort order cannot be maintained.'
Assets\TumbangPreso\Runtime\Diagnostics\OwnerUiPlayerReview.cs(558,42): warning CS0618: 'Object.FindFirstObjectByType<T>()' is obsolete: 'FindFirstObjectByType has been deprecated because it relies on instance ID ordering. Use FindAnyObjectByType instead, which does not depend on ordering.'
Assets\TumbangPreso\Runtime\Diagnostics\OwnerUiPlayerReview.cs(568,29): warning CS0618: 'Object.FindFirstObjectByType<T>()' is obsolete: 'FindFirstObjectByType has been deprecated because it relies on instance ID ordering. Use FindAnyObjectByType instead, which does not depend on ordering.'
Assets\TumbangPreso\Runtime\Diagnostics\OwnerUiPlayerReview.cs(581,29): warning CS0618: 'Object.FindFirstObjectByType<T>()' is obsolete: 'FindFirstObjectByType has been deprecated because it relies on instance ID ordering. Use FindAnyObjectByType instead, which does not depend on ordering.'
Assets\TumbangPreso\Runtime\Visual\HitFeel.cs(147,23): warning CS0618: 'Object.FindFirstObjectByType<T>()' is obsolete: 'FindFirstObjectByType has been deprecated because it relies on instance ID ordering. Use FindAnyObjectByType instead, which does not depend on ordering.'
Assets\TumbangPreso\Runtime\Visual\HexedPhantomSlippers.cs(95,62): warning CS0618: 'FindObjectsSortMode' is obsolete: 'FindObjectsSortMode has been deprecated. Use the FindObjectsByType overloads that do not take a FindObjectsSortMode parameter.'
Assets\TumbangPreso\Runtime\Visual\HexedPhantomSlippers.cs(95,28): warning CS0618: 'Object.FindObjectsByType<T>(FindObjectsSortMode)' is obsolete: 'FindObjectsByType with FindObjectsSortMode parameter has been deprecated. Use FindObjectsByType<T>() or FindObjectsByType<T>(FindObjectsInactive) instead. InstanceID will be replaced in the future with EntityId and previous sort order cannot be maintained.'
Assets\TumbangPreso\Runtime\Visual\GroundReticle.cs(407,24): warning CS0618: 'Object.FindFirstObjectByType<T>()' is obsolete: 'FindFirstObjectByType has been deprecated because it relies on instance ID ordering. Use FindAnyObjectByType instead, which does not depend on ordering.'
Assets\TumbangPreso\Runtime\Visual\DisorientedHallucinations.cs(59,65): warning CS0618: 'FindObjectsSortMode' is obsolete: 'FindObjectsSortMode has been deprecated. Use the FindObjectsByType overloads that do not take a FindObjectsSortMode parameter.'
Assets\TumbangPreso\Runtime\Visual\DisorientedHallucinations.cs(59,31): warning CS0618: 'Object.FindObjectsByType<T>(FindObjectsSortMode)' is obsolete: 'FindObjectsByType with FindObjectsSortMode parameter has been deprecated. Use FindObjectsByType<T>() or FindObjectsByType<T>(FindObjectsInactive) instead. InstanceID will be replaced in the future with EntityId and previous sort order cannot be maintained.'
Assets\TumbangPreso\Runtime\UI\SlipperRecall.cs(306,40): warning CS0618: 'Object.FindFirstObjectByType<T>()' is obsolete: 'FindFirstObjectByType has been deprecated because it relies on instance ID ordering. Use FindAnyObjectByType instead, which does not depend on ordering.'
Assets\TumbangPreso\Runtime\UI\PlayerNameplate.cs(122,46): warning CS0618: 'FindObjectsSortMode' is obsolete: 'FindObjectsSortMode has been deprecated. Use the FindObjectsByType overloads that do not take a FindObjectsSortMode parameter.'
Assets\TumbangPreso\Runtime\UI\PlayerNameplate.cs(121,25): warning CS0618: 'Object.FindObjectsByType<T>(FindObjectsInactive, FindObjectsSortMode)' is obsolete: 'FindObjectsByType with FindObjectsSortMode parameter has been deprecated. Use FindObjectsByType<T>() or FindObjectsByType<T>(FindObjectsInactive) instead. InstanceID will be replaced in the future with EntityId and previous sort order cannot be maintained.'
Assets\TumbangPreso\Runtime\UI\RoleSwapCard.cs(297,23): warning CS0618: 'Object.FindFirstObjectByType<T>()' is obsolete: 'FindFirstObjectByType has been deprecated because it relies on instance ID ordering. Use FindAnyObjectByType instead, which does not depend on ordering.'
Assets\TumbangPreso\Runtime\UI\TumpMatchReadout.Recede.cs(47,52): warning CS0618: 'Object.FindFirstObjectByType<T>()' is obsolete: 'FindFirstObjectByType has been deprecated because it relies on instance ID ordering. Use FindAnyObjectByType instead, which does not depend on ordering.'
Assets\TumbangPreso\Runtime\UI\TumpMatchReadout.Recede.cs(48,66): warning CS0618: 'Object.FindFirstObjectByType<T>()' is obsolete: 'FindFirstObjectByType has been deprecated because it relies on instance ID ordering. Use FindAnyObjectByType instead, which does not depend on ordering.'
Assets\TumbangPreso\Runtime\UI\Hub\HubLoading.cs(196,88): warning CS0618: 'FindObjectsSortMode' is obsolete: 'FindObjectsSortMode has been deprecated. Use the FindObjectsByType overloads that do not take a FindObjectsSortMode parameter.'
Assets\TumbangPreso\Runtime\UI\Hub\HubLoading.cs(196,47): warning CS0618: 'Object.FindObjectsByType<T>(FindObjectsSortMode)' is obsolete: 'FindObjectsByType with FindObjectsSortMode parameter has been deprecated. Use FindObjectsByType<T>() or FindObjectsByType<T>(FindObjectsInactive) instead. InstanceID will be replaced in the future with EntityId and previous sort order cannot be maintained.'
Assets\TumbangPreso\Runtime\UI\TumpMatchReadout.cs(215,66): warning CS0618: 'Object.FindFirstObjectByType<T>()' is obsolete: 'FindFirstObjectByType has been deprecated because it relies on instance ID ordering. Use FindAnyObjectByType instead, which does not depend on ordering.'
Assets\TumbangPreso\Runtime\Net\MatchRpc.cs(5469,24): warning CS0618: 'Object.FindFirstObjectByType<T>()' is obsolete: 'FindFirstObjectByType has been deprecated because it relies on instance ID ordering. Use FindAnyObjectByType instead, which does not depend on ordering.'
Assets\TumbangPreso\Runtime\UI\TumpMatchReadout.cs(445,140): warning CS0618: 'FindObjectsSortMode' is obsolete: 'FindObjectsSortMode has been deprecated. Use the FindObjectsByType overloads that do not take a FindObjectsSortMode parameter.'
Assets\TumbangPreso\Runtime\UI\TumpMatchReadout.cs(445,84): warning CS0618: 'Object.FindObjectsByType<T>(FindObjectsInactive, FindObjectsSortMode)' is obsolete: 'FindObjectsByType with FindObjectsSortMode parameter has been deprecated. Use FindObjectsByType<T>() or FindObjectsByType<T>(FindObjectsInactive) instead. InstanceID will be replaced in the future with EntityId and previous sort order cannot be maintained.'
Assets\TumbangPreso\Runtime\Net\MatchRpc.cs(6356,13): warning CS0618: 'Object.FindFirstObjectByType<T>()' is obsolete: 'FindFirstObjectByType has been deprecated because it relies on instance ID ordering. Use FindAnyObjectByType instead, which does not depend on ordering.'
Assets\TumbangPreso\Runtime\Net\MatchRpc.cs(6357,13): warning CS0618: 'Object.FindFirstObjectByType<T>()' is obsolete: 'FindFirstObjectByType has been deprecated because it relies on instance ID ordering. Use FindAnyObjectByType instead, which does not depend on ordering.'
Assets\TumbangPreso\Runtime\Net\MatchRpc.cs(6413,17): warning CS0618: 'Object.FindFirstObjectByType<T>()' is obsolete: 'FindFirstObjectByType has been deprecated because it relies on instance ID ordering. Use FindAnyObjectByType instead, which does not depend on ordering.'
Assets\TumbangPreso\Runtime\Net\MatchRpc.cs(6451,13): warning CS0618: 'Object.FindFirstObjectByType<T>()' is obsolete: 'FindFirstObjectByType has been deprecated because it relies on instance ID ordering. Use FindAnyObjectByType instead, which does not depend on ordering.'
Assets\TumbangPreso\Runtime\Net\MatchRpc.cs(6479,13): warning CS0618: 'Object.FindFirstObjectByType<T>()' is obsolete: 'FindFirstObjectByType has been deprecated because it relies on instance ID ordering. Use FindAnyObjectByType instead, which does not depend on ordering.'
Assets\TumbangPreso\Runtime\Net\MatchRpc.cs(6517,13): warning CS0618: 'Object.FindFirstObjectByType<T>()' is obsolete: 'FindFirstObjectByType has been deprecated because it relies on instance ID ordering. Use FindAnyObjectByType instead, which does not depend on ordering.'
Assets\TumbangPreso\Runtime\Net\MatchRpc.cs(6655,25): warning CS0618: 'Object.FindFirstObjectByType<T>()' is obsolete: 'FindFirstObjectByType has been deprecated because it relies on instance ID ordering. Use FindAnyObjectByType instead, which does not depend on ordering.'
Assets\TumbangPreso\Runtime\Net\MatchRpc.cs(6661,13): warning CS0618: 'Object.FindFirstObjectByType<T>()' is obsolete: 'FindFirstObjectByType has been deprecated because it relies on instance ID ordering. Use FindAnyObjectByType instead, which does not depend on ordering.'
Assets\TumbangPreso\Runtime\Net\MatchRpc.cs(6673,60): warning CS0618: 'Object.FindFirstObjectByType<T>()' is obsolete: 'FindFirstObjectByType has been deprecated because it relies on instance ID ordering. Use FindAnyObjectByType instead, which does not depend on ordering.'
Assets\TumbangPreso\Runtime\Net\MatchRpc.cs(6682,13): warning CS0618: 'Object.FindFirstObjectByType<T>()' is obsolete: 'FindFirstObjectByType has been deprecated because it relies on instance ID ordering. Use FindAnyObjectByType instead, which does not depend on ordering.'
Assets\TumbangPreso\Runtime\Net\MatchRpc.cs(6801,29): warning CS0618: 'Object.FindFirstObjectByType<T>()' is obsolete: 'FindFirstObjectByType has been deprecated because it relies on instance ID ordering. Use FindAnyObjectByType instead, which does not depend on ordering.'
Assets\TumbangPreso\Runtime\Net\MatchRpc.cs(6806,36): warning CS0618: 'Object.FindFirstObjectByType<T>()' is obsolete: 'FindFirstObjectByType has been deprecated because it relies on instance ID ordering. Use FindAnyObjectByType instead, which does not depend on ordering.'
Assets\TumbangPreso\Runtime\Net\MatchRpc.cs(6815,27): warning CS0618: 'Object.FindFirstObjectByType<T>()' is obsolete: 'FindFirstObjectByType has been deprecated because it relies on instance ID ordering. Use FindAnyObjectByType instead, which does not depend on ordering.'
Assets\TumbangPreso\Runtime\Net\MatchRpc.cs(6822,25): warning CS0618: 'Object.FindFirstObjectByType<T>()' is obsolete: 'FindFirstObjectByType has been deprecated because it relies on instance ID ordering. Use FindAnyObjectByType instead, which does not depend on ordering.'
Assets\TumbangPreso\Runtime\Net\MatchRpc.cs(6825,64): warning CS0618: 'FindObjectsSortMode' is obsolete: 'FindObjectsSortMode has been deprecated. Use the FindObjectsByType overloads that do not take a FindObjectsSortMode parameter.'
Assets\TumbangPreso\Runtime\Net\MatchRpc.cs(6825,37): warning CS0618: 'Object.FindObjectsByType<T>(FindObjectsSortMode)' is obsolete: 'FindObjectsByType with FindObjectsSortMode parameter has been deprecated. Use FindObjectsByType<T>() or FindObjectsByType<T>(FindObjectsInactive) instead. InstanceID will be replaced in the future with EntityId and previous sort order cannot be maintained.'
Assets\TumbangPreso\Runtime\AIController.cs(59,41): warning CS0414: The field 'AIController._tier' is assigned but its value is never used
Assets\TumbangPreso\Runtime\Abilities\ZackHeroKit.cs(38,42): warning CS0414: The field 'ZackHeroKit._joinThunderSettled' is assigned but its value is never used
Assets\TumbangPreso\Runtime\UI\ArrowButtonView.cs(54,32): warning CS0414: The field 'ArrowButtonView._held' is assigned but its value is never used
Assets\TumbangPreso\Runtime\UI\TumpPowerReadout.OwnerDeck.cs(29,29): warning CS0414: The field 'TumpPowerReadout._referenceOpened' is assigned but its value is never used
Assets\TumbangPreso\Runtime\AIController.cs(134,28): warning UAC1001: Field 'SeatDifficulty' type 'TumbangPreso.Core.Difficulty?' is skipped by serialization (missing the [Serializable] attribute). Refer to the Serialization rules analyzer reference. (https://docs.unity3d.com/6000.5/Documentation/Manual/script-serialization-analyzer.html#uac1001)
Assets\TumbangPreso\Runtime\Abilities\HeroHazards.cs(2674,32): warning UAC1001: Field 'OwnerCast' type 'TumbangPreso.Abilities.HeroAbility' is skipped by serialization (missing the [Serializable] attribute). Refer to the Serialization rules analyzer reference. (https://docs.unity3d.com/6000.5/Documentation/Manual/script-serialization-analyzer.html#uac1001)
Assets\TumbangPreso\Runtime\UI\SlipperRecallMark.cs(47,23): warning UAC1001: Field 'Bearing' type 'float?' is skipped by serialization (missing the [Serializable] attribute). Refer to the Serialization rules analyzer reference. (https://docs.unity3d.com/6000.5/Documentation/Manual/script-serialization-analyzer.html#uac1001)
AssetDatabase: script compilation time: 17.342820s
Scripts have compiler errors.
Exiting without the bug reporter. Application will terminate with return code 1