bird,view,seconds,x,y,z,visible,state
maya,before,0.002,-3.000,0.100,4.000,True,idle|wait=29.97|panic=0.00|target=1|speed=0.00|near=False|yaw=0.0|peeing=False|peeCooldown=104.9|aerial=False|glide=False|legs=0|activity=Watch|site=-1|visits=0|perch=-1|birdPhase=2|landings=0
maya,before,0.105,-3.000,0.100,4.000,True,idle|wait=29.75|panic=0.00|target=1|speed=0.00|near=False|yaw=0.0|peeing=False|peeCooldown=104.9|aerial=False|glide=False|legs=0|activity=Watch|site=-1|visits=0|perch=-1|birdPhase=2|landings=0
maya,before,0.207,-3.000,0.100,4.000,True,idle|wait=29.65|panic=0.00|target=1|speed=0.00|near=False|yaw=0.0|peeing=False|peeCooldown=104.9|aerial=False|glide=False|legs=0|activity=Watch|site=-1|visits=0|perch=-1|birdPhase=2|landings=0
maya,before,0.308,-3.000,0.100,4.000,True,idle|wait=29.55|panic=0.00|target=1|speed=0.00|near=False|yaw=0.0|peeing=False|peeCooldown=104.9|aerial=False|glide=False|legs=0|activity=Watch|site=-1|visits=0|perch=-1|birdPhase=2|landings=0
maya,before,0.411,-3.000,0.100,4.000,True,idle|wait=29.45|panic=0.00|target=1|speed=0.00|near=False|yaw=0.0|peeing=False|peeCooldown=104.9|aerial=False|glide=False|legs=0|activity=Watch|site=-1|visits=0|perch=-1|birdPhase=2|landings=0
maya,before,0.512,-3.000,0.100,4.000,True,idle|wait=29.35|panic=0.00|target=1|speed=0.00|near=False|yaw=0.0|peeing=False|peeCooldown=104.9|aerial=False|glide=False|legs=0|activity=Watch|site=-1|visits=0|perch=-1|birdPhase=2|landings=0
maya,before,0.614,-3.000,0.100,4.000,True,idle|wait=29.25|panic=0.00|target=1|speed=0.00|near=False|yaw=0.0|peeing=False|peeCooldown=104.9|aerial=False|glide=False|legs=0|activity=Watch|site=-1|visits=0|perch=-1|birdPhase=2|landings=0
maya,before,0.717,-3.000,0.100,4.000,True,idle|wait=29.14|panic=0.00|target=1|speed=0.00|near=False|yaw=0.0|peeing=False|peeCooldown=104.9|aerial=False|glide=False|legs=0|activity=Watch|site=-1|visits=0|perch=-1|birdPhase=2|landings=0
maya,before,0.819,-3.000,0.100,4.000,True,idle|wait=29.04|panic=0.00|target=1|speed=0.00|near=False|yaw=0.0|peeing=False|peeCooldown=104.9|aerial=False|glide=False|legs=0|activity=Watch|site=-1|visits=0|perch=-1|birdPhase=2|landings=0
maya,before,0.920,-3.000,0.100,4.000,True,peck|wait=28.94|panic=0.00|target=1|speed=0.00|near=False|yaw=0.0|peeing=False|peeCooldown=104.9|aerial=False|glide=False|legs=0|activity=Watch|site=-1|visits=0|perch=-1|birdPhase=2|landings=0
maya,before,1.022,-3.000,0.100,4.000,True,peck|wait=28.86|panic=0.00|target=1|speed=0.00|near=True|yaw=0.0|peeing=False|peeCooldown=104.9|aerial=False|glide=False|legs=0|activity=Watch|site=-1|visits=0|perch=-1|birdPhase=2|landings=0
maya,before,1.134,-3.000,0.327,4.303,True,fly|wait=28.84|panic=0.00|target=1|speed=0.00|near=True|yaw=0.0|peeing=False|peeCooldown=104.9|aerial=False|glide=False|legs=0|activity=Watch|site=-1|visits=0|perch=-1|birdPhase=3|landings=0
maya,before,1.242,-3.000,0.641,4.722,True,fly|wait=28.84|panic=0.00|target=1|speed=0.00|near=True|yaw=0.0|peeing=False|peeCooldown=104.9|aerial=False|glide=False|legs=0|activity=Watch|site=-1|visits=0|perch=-1|birdPhase=3|landings=0
maya,before,1.342,-3.000,0.947,5.129,True,fly|wait=28.84|panic=0.00|target=1|speed=0.00|near=True|yaw=0.0|peeing=False|peeCooldown=104.9|aerial=False|glide=False|legs=0|activity=Watch|site=-1|visits=0|perch=-1|birdPhase=3|landings=0
maya,before,1.444,-3.000,1.253,5.538,True,fly|wait=28.84|panic=0.00|target=1|speed=0.00|near=True|yaw=0.0|peeing=False|peeCooldown=104.9|aerial=False|glide=False|legs=0|activity=Watch|site=-1|visits=0|perch=-1|birdPhase=3|landings=0
maya,before,1.552,-3.000,1.556,5.941,True,fly|wait=28.84|panic=0.00|target=1|speed=0.00|near=True|yaw=0.0|peeing=False|peeCooldown=104.9|aerial=False|glide=False|legs=0|activity=Watch|site=-1|visits=0|perch=-1|birdPhase=3|landings=0
maya,before,1.659,-3.000,1.953,6.470,True,fly|wait=28.84|panic=0.00|target=1|speed=0.00|near=False|yaw=0.0|peeing=False|peeCooldown=104.9|aerial=False|glide=False|legs=0|activity=Watch|site=-1|visits=0|perch=-1|birdPhase=3|landings=0
maya,before,1.767,-3.000,2.271,6.895,True,fly|wait=28.84|panic=0.00|target=1|speed=0.00|near=False|yaw=0.0|peeing=False|peeCooldown=104.9|aerial=False|glide=False|legs=0|activity=Watch|site=-1|visits=0|perch=-1|birdPhase=3|landings=0
maya,before,1.868,-3.000,2.583,7.311,True,fly|wait=28.84|panic=0.00|target=1|speed=0.00|near=False|yaw=0.0|peeing=False|peeCooldown=104.9|aerial=False|glide=False|legs=0|activity=Watch|site=-1|visits=0|perch=-1|birdPhase=3|landings=0
maya,before,1.969,-3.000,2.883,7.711,True,fly|wait=28.84|panic=0.00|target=1|speed=0.00|near=False|yaw=0.0|peeing=False|peeCooldown=104.9|aerial=False|glide=False|legs=0|activity=Watch|site=-1|visits=0|perch=-1|birdPhase=3|landings=0
maya,before,2.073,-3.000,3.100,8.000,True,fly|wait=28.84|panic=0.00|target=1|speed=0.00|near=False|yaw=0.0|peeing=False|peeCooldown=104.9|aerial=False|glide=False|legs=0|activity=Watch|site=-1|visits=0|perch=-1|birdPhase=3|landings=0
maya,before,2.178,-3.000,3.100,8.000,False,fly|wait=16.53|panic=0.00|target=1|speed=0.00|near=False|yaw=0.0|peeing=False|peeCooldown=104.9|aerial=False|glide=False|legs=0|activity=Watch|site=-1|visits=0|perch=-1|birdPhase=0|landings=0
maya,before,2.278,-3.000,3.100,8.000,False,fly|wait=16.42|panic=0.00|target=1|speed=0.00|near=False|yaw=0.0|peeing=False|peeCooldown=104.9|aerial=False|glide=False|legs=0|activity=Watch|site=-1|visits=0|perch=-1|birdPhase=0|landings=0
maya,before,2.383,-3.000,3.100,8.000,False,fly|wait=16.32|panic=0.00|target=1|speed=0.00|near=False|yaw=0.0|peeing=False|peeCooldown=104.9|aerial=False|glide=False|legs=0|activity=Watch|site=-1|visits=0|perch=-1|birdPhase=0|landings=0
maya,before,2.486,-3.000,3.100,8.000,False,fly|wait=16.21|panic=0.00|target=1|speed=0.00|near=False|yaw=0.0|peeing=False|peeCooldown=104.9|aerial=False|glide=False|legs=0|activity=Watch|site=-1|visits=0|perch=-1|birdPhase=0|landings=0
maya,before,2.588,-3.000,3.100,8.000,False,fly|wait=16.08|panic=0.00|target=1|speed=0.00|near=False|yaw=0.0|peeing=False|peeCooldown=104.9|aerial=False|glide=False|legs=0|activity=Watch|site=-1|visits=0|perch=-1|birdPhase=0|landings=0
maya,before,2.688,-3.000,3.100,8.000,False,fly|wait=16.01|panic=0.00|target=1|speed=0.00|near=False|yaw=0.0|peeing=False|peeCooldown=104.9|aerial=False|glide=False|legs=0|activity=Watch|site=-1|visits=0|perch=-1|birdPhase=0|landings=0
maya,before,2.792,-3.000,3.100,8.000,False,fly|wait=15.90|panic=0.00|target=1|speed=0.00|near=False|yaw=0.0|peeing=False|peeCooldown=104.9|aerial=False|glide=False|legs=0|activity=Watch|site=-1|visits=0|perch=-1|birdPhase=0|landings=0
maya,before,2.901,-3.000,3.100,8.000,False,fly|wait=15.80|panic=0.00|target=1|speed=0.00|near=False|yaw=0.0|peeing=False|peeCooldown=104.9|aerial=False|glide=False|legs=0|activity=Watch|site=-1|visits=0|perch=-1|birdPhase=0|landings=0
maya,before,3.005,-3.000,3.100,8.000,False,fly|wait=15.69|panic=0.00|target=1|speed=0.00|near=False|yaw=0.0|peeing=False|peeCooldown=104.9|aerial=False|glide=False|legs=0|activity=Watch|site=-1|visits=0|perch=-1|birdPhase=0|landings=0
maya,before,3.108,-3.000,3.100,8.000,False,fly|wait=15.56|panic=0.00|target=1|speed=0.00|near=False|yaw=0.0|peeing=False|peeCooldown=104.9|aerial=False|glide=False|legs=0|activity=Watch|site=-1|visits=0|perch=-1|birdPhase=0|landings=0
maya,before,3.208,-3.000,3.100,8.000,False,fly|wait=15.46|panic=0.00|target=1|speed=0.00|near=False|yaw=0.0|peeing=False|peeCooldown=104.9|aerial=False|glide=False|legs=0|activity=Watch|site=-1|visits=0|perch=-1|birdPhase=0|landings=0
maya,before,3.311,-3.000,3.100,8.000,False,fly|wait=15.39|panic=0.00|target=1|speed=0.00|near=False|yaw=0.0|peeing=False|peeCooldown=104.9|aerial=False|glide=False|legs=0|activity=Watch|site=-1|visits=0|perch=-1|birdPhase=0|landings=0
maya,before,3.414,-3.000,3.100,8.000,False,fly|wait=15.28|panic=0.00|target=1|speed=0.00|near=False|yaw=0.0|peeing=False|peeCooldown=104.9|aerial=False|glide=False|legs=0|activity=Watch|site=-1|visits=0|perch=-1|birdPhase=0|landings=0
maya,before,3.526,-3.000,3.100,8.000,False,fly|wait=15.18|panic=0.00|target=1|speed=0.00|near=False|yaw=0.0|peeing=False|peeCooldown=104.9|aerial=False|glide=False|legs=0|activity=Watch|site=-1|visits=0|perch=-1|birdPhase=0|landings=0
maya,before,3.631,-3.000,3.100,8.000,False,fly|wait=15.08|panic=0.00|target=1|speed=0.00|near=False|yaw=0.0|peeing=False|peeCooldown=104.9|aerial=False|glide=False|legs=0|activity=Watch|site=-1|visits=0|perch=-1|birdPhase=0|landings=0
maya,before,3.731,-3.000,3.100,8.000,False,fly|wait=14.94|panic=0.00|target=1|speed=0.00|near=False|yaw=0.0|peeing=False|peeCooldown=104.9|aerial=False|glide=False|legs=0|activity=Watch|site=-1|visits=0|perch=-1|birdPhase=0|landings=0
maya,before,3.836,-3.000,3.100,8.000,False,fly|wait=14.86|panic=0.00|target=1|speed=0.00|near=False|yaw=0.0|peeing=False|peeCooldown=104.9|aerial=False|glide=False|legs=0|activity=Watch|site=-1|visits=0|perch=-1|birdPhase=0|landings=0
maya,before,3.944,-3.000,3.100,8.000,False,fly|wait=14.76|panic=0.00|target=1|speed=0.00|near=False|yaw=0.0|peeing=False|peeCooldown=104.9|aerial=False|glide=False|legs=0|activity=Watch|site=-1|visits=0|perch=-1|birdPhase=0|landings=0
maya,before,4.045,-3.000,3.100,8.000,False,fly|wait=14.65|panic=0.00|target=1|speed=0.00|near=False|yaw=0.0|peeing=False|peeCooldown=104.9|aerial=False|glide=False|legs=0|activity=Watch|site=-1|visits=0|perch=-1|birdPhase=0|landings=0
maya,before,4.154,-3.000,3.100,8.000,False,fly|wait=14.54|panic=0.00|target=1|speed=0.00|near=False|yaw=0.0|peeing=False|peeCooldown=104.9|aerial=False|glide=False|legs=0|activity=Watch|site=-1|visits=0|perch=-1|birdPhase=0|landings=0
maya,before,4.259,-3.000,3.100,8.000,False,fly|wait=14.44|panic=0.00|target=1|speed=0.00|near=False|yaw=0.0|peeing=False|peeCooldown=104.9|aerial=False|glide=False|legs=0|activity=Watch|site=-1|visits=0|perch=-1|birdPhase=0|landings=0
maya,before,4.368,-3.000,3.100,8.000,False,fly|wait=14.33|panic=0.00|target=1|speed=0.00|near=False|yaw=0.0|peeing=False|peeCooldown=104.9|aerial=False|glide=False|legs=0|activity=Watch|site=-1|visits=0|perch=-1|birdPhase=0|landings=0
maya,before,4.474,-3.000,3.100,8.000,False,fly|wait=14.23|panic=0.00|target=1|speed=0.00|near=False|yaw=0.0|peeing=False|peeCooldown=104.9|aerial=False|glide=False|legs=0|activity=Watch|site=-1|visits=0|perch=-1|birdPhase=0|landings=0
maya,before,4.575,-3.000,3.100,8.000,False,fly|wait=14.10|panic=0.00|target=1|speed=0.00|near=False|yaw=0.0|peeing=False|peeCooldown=104.9|aerial=False|glide=False|legs=0|activity=Watch|site=-1|visits=0|perch=-1|birdPhase=0|landings=0
maya,before,4.680,-3.000,3.100,8.000,False,fly|wait=14.02|panic=0.00|target=1|speed=0.00|near=False|yaw=0.0|peeing=False|peeCooldown=104.9|aerial=False|glide=False|legs=0|activity=Watch|site=-1|visits=0|perch=-1|birdPhase=0|landings=0
maya,before,4.780,-3.000,3.100,8.000,False,fly|wait=13.92|panic=0.00|target=1|speed=0.00|near=False|yaw=0.0|peeing=False|peeCooldown=104.9|aerial=False|glide=False|legs=0|activity=Watch|site=-1|visits=0|perch=-1|birdPhase=0|landings=0
maya,before,4.882,-3.000,3.100,8.000,False,fly|wait=13.82|panic=0.00|target=1|speed=0.00|near=False|yaw=0.0|peeing=False|peeCooldown=104.9|aerial=False|glide=False|legs=0|activity=Watch|site=-1|visits=0|perch=-1|birdPhase=0|landings=0
maya,before,4.988,-3.000,3.100,8.000,False,fly|wait=13.72|panic=0.00|target=1|speed=0.00|near=False|yaw=0.0|peeing=False|peeCooldown=104.9|aerial=False|glide=False|legs=0|activity=Watch|site=-1|visits=0|perch=-1|birdPhase=0|landings=0
maya,before,5.090,-3.000,3.100,8.000,False,fly|wait=13.58|panic=0.00|target=1|speed=0.00|near=False|yaw=0.0|peeing=False|peeCooldown=104.9|aerial=False|glide=False|legs=0|activity=Watch|site=-1|visits=0|perch=-1|birdPhase=0|landings=0
maya,before,5.191,-3.000,3.100,8.000,False,fly|wait=13.48|panic=0.00|target=1|speed=0.00|near=False|yaw=0.0|peeing=False|peeCooldown=104.9|aerial=False|glide=False|legs=0|activity=Watch|site=-1|visits=0|perch=-1|birdPhase=0|landings=0
maya,before,5.291,-3.000,3.100,8.000,False,fly|wait=13.41|panic=0.00|target=1|speed=0.00|near=False|yaw=0.0|peeing=False|peeCooldown=104.9|aerial=False|glide=False|legs=0|activity=Watch|site=-1|visits=0|perch=-1|birdPhase=0|landings=0
maya,before,5.400,-3.000,3.100,8.000,False,fly|wait=13.30|panic=0.00|target=1|speed=0.00|near=False|yaw=0.0|peeing=False|peeCooldown=104.9|aerial=False|glide=False|legs=0|activity=Watch|site=-1|visits=0|perch=-1|birdPhase=0|landings=0
maya,before,5.502,-3.000,3.100,8.000,False,fly|wait=13.20|panic=0.00|target=1|speed=0.00|near=False|yaw=0.0|peeing=False|peeCooldown=104.9|aerial=False|glide=False|legs=0|activity=Watch|site=-1|visits=0|perch=-1|birdPhase=0|landings=0
maya,before,5.602,-3.000,3.100,8.000,False,fly|wait=13.07|panic=0.00|target=1|speed=0.00|near=False|yaw=0.0|peeing=False|peeCooldown=104.9|aerial=False|glide=False|legs=0|activity=Watch|site=-1|visits=0|perch=-1|birdPhase=0|landings=0
maya,before,5.707,-3.000,3.100,8.000,False,fly|wait=12.99|panic=0.00|target=1|speed=0.00|near=False|yaw=0.0|peeing=False|peeCooldown=104.9|aerial=False|glide=False|legs=0|activity=Watch|site=-1|visits=0|perch=-1|birdPhase=0|landings=0
maya,before,5.808,-3.000,3.100,8.000,False,fly|wait=12.86|panic=0.00|target=1|speed=0.00|near=False|yaw=0.0|peeing=False|peeCooldown=104.9|aerial=False|glide=False|legs=0|activity=Watch|site=-1|visits=0|perch=-1|birdPhase=0|landings=0
maya,before,5.916,-3.000,3.100,8.000,False,fly|wait=12.79|panic=0.00|target=1|speed=0.00|near=False|yaw=0.0|peeing=False|peeCooldown=104.9|aerial=False|glide=False|legs=0|activity=Watch|site=-1|visits=0|perch=-1|birdPhase=0|landings=0
maya,after,0.000,-3.000,0.100,4.000,True,idle|wait=29.97|panic=0.00|target=1|speed=0.00|near=False|yaw=0.0|peeing=False|peeCooldown=99.3|aerial=False|glide=False|legs=0|activity=Watch|site=-1|visits=0|perch=0|birdPhase=2|landings=0
maya,after,0.102,-3.000,0.100,4.000,True,idle|wait=29.80|panic=0.00|target=1|speed=0.00|near=False|yaw=0.0|peeing=False|peeCooldown=99.3|aerial=False|glide=False|legs=0|activity=Watch|site=-1|visits=0|perch=0|birdPhase=2|landings=0
maya,after,0.203,-3.000,0.100,4.000,True,idle|wait=29.70|panic=0.00|target=1|speed=0.00|near=False|yaw=0.0|peeing=False|peeCooldown=99.3|aerial=False|glide=False|legs=0|activity=Watch|site=-1|visits=0|perch=0|birdPhase=2|landings=0
maya,after,0.306,-3.000,0.100,4.000,True,idle|wait=29.60|panic=0.00|target=1|speed=0.00|near=False|yaw=0.0|peeing=False|peeCooldown=99.3|aerial=False|glide=False|legs=0|activity=Watch|site=-1|visits=0|perch=0|birdPhase=2|landings=0
maya,after,0.407,-3.000,0.100,4.000,True,idle|wait=29.50|panic=0.00|target=1|speed=0.00|near=False|yaw=0.0|peeing=False|peeCooldown=99.3|aerial=False|glide=False|legs=0|activity=Watch|site=-1|visits=0|perch=0|birdPhase=2|landings=0
maya,after,0.510,-3.000,0.100,4.000,True,idle|wait=29.40|panic=0.00|target=1|speed=0.00|near=False|yaw=0.0|peeing=False|peeCooldown=99.3|aerial=False|glide=False|legs=0|activity=Watch|site=-1|visits=0|perch=0|birdPhase=2|landings=0
maya,after,0.615,-3.000,0.100,4.000,True,idle|wait=29.32|panic=0.00|target=1|speed=0.00|near=False|yaw=0.0|peeing=False|peeCooldown=99.3|aerial=False|glide=False|legs=0|activity=Watch|site=-1|visits=0|perch=0|birdPhase=2|landings=0
maya,after,0.725,-3.000,0.100,4.000,True,idle|wait=29.21|panic=0.00|target=1|speed=0.00|near=False|yaw=0.0|peeing=False|peeCooldown=99.3|aerial=False|glide=False|legs=0|activity=Watch|site=-1|visits=0|perch=0|birdPhase=2|landings=0
maya,after,0.831,-3.000,0.100,4.000,True,idle|wait=29.11|panic=0.00|target=1|speed=0.00|near=False|yaw=0.0|peeing=False|peeCooldown=99.3|aerial=False|glide=False|legs=0|activity=Watch|site=-1|visits=0|perch=0|birdPhase=2|landings=0
maya,after,0.932,-3.000,0.100,4.000,True,idle|wait=28.98|panic=0.00|target=1|speed=0.00|near=False|yaw=0.0|peeing=False|peeCooldown=99.3|aerial=False|glide=False|legs=0|activity=Watch|site=-1|visits=0|perch=0|birdPhase=2|landings=0
maya,after,1.035,-3.000,0.100,4.000,True,idle|wait=28.90|panic=0.00|target=1|speed=0.00|near=True|yaw=0.0|peeing=False|peeCooldown=99.3|aerial=False|glide=False|legs=0|activity=Watch|site=-1|visits=0|perch=0|birdPhase=2|landings=0
maya,after,1.135,-3.246,0.182,4.000,True,fly|wait=28.87|panic=0.00|target=1|speed=4.12|near=True|yaw=312.9|peeing=False|peeCooldown=99.3|aerial=False|glide=False|legs=0|activity=Watch|site=-1|visits=0|perch=0|birdPhase=3|landings=0
maya,after,1.235,-3.663,0.323,4.000,True,fly|wait=28.87|panic=0.00|target=1|speed=4.25|near=True|yaw=282.5|peeing=False|peeCooldown=99.3|aerial=False|glide=False|legs=0|activity=Watch|site=-1|visits=0|perch=0|birdPhase=3|landings=0
maya,after,1.338,-4.083,0.466,4.000,True,fly|wait=28.87|panic=0.00|target=1|speed=4.37|near=True|yaw=273.7|peeing=False|peeCooldown=99.3|aerial=False|glide=False|legs=0|activity=Watch|site=-1|visits=0|perch=0|birdPhase=3|landings=0
maya,after,1.439,-4.530,0.620,4.000,True,fly|wait=28.87|panic=0.00|target=1|speed=4.48|near=True|yaw=271.0|peeing=False|peeCooldown=99.3|aerial=False|glide=False|legs=0|activity=Watch|site=-1|visits=0|perch=0|birdPhase=3|landings=0
maya,after,1.545,-4.987,0.779,4.000,True,fly|wait=28.87|panic=0.00|target=1|speed=4.60|near=False|yaw=270.3|peeing=False|peeCooldown=99.3|aerial=False|glide=False|legs=0|activity=Watch|site=-1|visits=0|perch=0|birdPhase=3|landings=0
maya,after,1.651,-5.437,0.936,4.000,True,fly|wait=28.87|panic=0.00|target=1|speed=4.71|near=False|yaw=270.1|peeing=False|peeCooldown=99.3|aerial=False|glide=False|legs=0|activity=Watch|site=-1|visits=0|perch=0|birdPhase=3|landings=0
maya,after,1.755,-5.910,1.104,4.000,True,fly|wait=28.87|panic=0.00|target=1|speed=4.81|near=False|yaw=270.0|peeing=False|peeCooldown=99.3|aerial=False|glide=False|legs=0|activity=Watch|site=-1|visits=0|perch=0|birdPhase=3|landings=0
maya,after,1.866,-6.394,1.275,4.000,True,fly|wait=28.87|panic=0.00|target=1|speed=4.91|near=False|yaw=270.0|peeing=False|peeCooldown=99.3|aerial=False|glide=False|legs=0|activity=Watch|site=-1|visits=0|perch=0|birdPhase=3|landings=0
maya,after,1.967,-7.014,1.497,4.000,True,fly|wait=28.87|panic=0.00|target=1|speed=5.04|near=False|yaw=270.0|peeing=False|peeCooldown=99.3|aerial=False|glide=False|legs=0|activity=Watch|site=-1|visits=0|perch=0|birdPhase=3|landings=0
maya,after,2.067,-7.488,1.667,4.000,True,fly|wait=28.87|panic=0.00|target=1|speed=5.11|near=False|yaw=270.0|peeing=False|peeCooldown=99.3|aerial=False|glide=False|legs=0|activity=Watch|site=-1|visits=0|perch=0|birdPhase=3|landings=0
maya,after,2.169,-7.988,1.847,4.000,True,fly|wait=28.87|panic=0.00|target=1|speed=5.20|near=False|yaw=270.0|peeing=False|peeCooldown=99.3|aerial=False|glide=False|legs=0|activity=Watch|site=-1|visits=0|perch=0|birdPhase=3|landings=0
maya,after,2.270,-8.366,1.984,4.000,True,fly|wait=28.87|panic=0.00|target=1|speed=5.27|near=False|yaw=270.0|peeing=False|peeCooldown=99.3|aerial=False|glide=False|legs=0|activity=Watch|site=-1|visits=0|perch=0|birdPhase=3|landings=0
maya,after,2.377,-8.888,2.172,4.000,True,fly|wait=28.87|panic=0.00|target=1|speed=5.35|near=False|yaw=270.0|peeing=False|peeCooldown=99.3|aerial=False|glide=False|legs=0|activity=Watch|site=-1|visits=0|perch=0|birdPhase=3|landings=0
maya,after,2.479,-9.540,2.409,4.000,True,fly|wait=28.87|panic=0.00|target=1|speed=5.44|near=False|yaw=270.0|peeing=False|peeCooldown=99.3|aerial=False|glide=False|legs=0|activity=Watch|site=-1|visits=0|perch=0|birdPhase=3|landings=0
maya,after,2.580,-9.941,2.555,4.000,True,fly|wait=28.87|panic=0.00|target=1|speed=5.50|near=False|yaw=270.0|peeing=False|peeCooldown=99.3|aerial=False|glide=False|legs=0|activity=Watch|site=-1|visits=0|perch=0|birdPhase=3|landings=0
maya,after,2.688,-10.501,2.759,4.000,True,fly|wait=28.87|panic=0.00|target=1|speed=5.57|near=False|yaw=270.0|peeing=False|peeCooldown=99.3|aerial=False|glide=False|legs=0|activity=Watch|site=-1|visits=0|perch=0|birdPhase=3|landings=0
maya,after,2.792,-11.046,2.957,4.000,True,fly|wait=28.87|panic=0.00|target=1|speed=5.64|near=False|yaw=270.0|peeing=False|peeCooldown=99.3|aerial=False|glide=False|legs=0|activity=Watch|site=-1|visits=0|perch=0|birdPhase=3|landings=0
maya,after,2.892,-11.576,3.151,4.000,True,fly|wait=28.87|panic=0.00|target=1|speed=5.70|near=False|yaw=270.0|peeing=False|peeCooldown=99.3|aerial=False|glide=False|legs=0|activity=Watch|site=-1|visits=0|perch=0|birdPhase=3|landings=0
maya,after,2.994,-12.124,3.350,4.000,True,fly|wait=28.87|panic=0.00|target=1|speed=5.75|near=False|yaw=270.0|peeing=False|peeCooldown=99.3|aerial=False|glide=False|legs=0|activity=Watch|site=-1|visits=0|perch=0|birdPhase=3|landings=0
maya,after,3.097,-12.817,3.603,4.000,True,fly|wait=28.87|panic=0.00|target=1|speed=5.81|near=False|yaw=270.0|peeing=False|peeCooldown=99.3|aerial=False|glide=False|legs=0|activity=Watch|site=-1|visits=0|perch=0|birdPhase=3|landings=0
maya,after,3.202,-13.237,3.756,4.000,True,fly|wait=28.87|panic=0.00|target=1|speed=5.85|near=False|yaw=270.0|peeing=False|peeCooldown=99.3|aerial=False|glide=False|legs=0|activity=Watch|site=-1|visits=0|perch=0|birdPhase=3|landings=0
maya,after,3.302,-13.804,3.961,4.000,True,fly|wait=28.87|panic=0.00|target=1|speed=5.90|near=False|yaw=270.0|peeing=False|peeCooldown=99.3|aerial=False|glide=False|legs=0|activity=Watch|site=-1|visits=0|perch=0|birdPhase=3|landings=0
maya,after,3.409,-14.368,4.166,4.000,True,fly|wait=28.87|panic=0.00|target=1|speed=5.94|near=False|yaw=270.0|peeing=False|peeCooldown=99.3|aerial=False|glide=False|legs=0|activity=Watch|site=-1|visits=0|perch=0|birdPhase=3|landings=0
maya,after,3.512,-14.958,4.380,4.000,True,fly|wait=28.87|panic=0.00|target=1|speed=5.98|near=False|yaw=270.0|peeing=False|peeCooldown=99.3|aerial=False|glide=False|legs=0|activity=Watch|site=-1|visits=0|perch=0|birdPhase=3|landings=0
maya,after,3.615,-15.542,4.591,4.000,True,fly|wait=28.87|panic=0.00|target=1|speed=6.01|near=False|yaw=270.0|peeing=False|peeCooldown=99.3|aerial=False|glide=False|legs=0|activity=Watch|site=-1|visits=0|perch=0|birdPhase=3|landings=0
maya,after,3.717,-16.121,4.800,4.000,True,fly|wait=28.87|panic=0.00|target=1|speed=6.04|near=False|yaw=270.0|peeing=False|peeCooldown=99.3|aerial=False|glide=False|legs=0|activity=Watch|site=-1|visits=0|perch=0|birdPhase=3|landings=0
maya,after,3.822,-16.714,5.013,4.000,True,fly|wait=28.87|panic=0.00|target=1|speed=6.07|near=False|yaw=270.0|peeing=False|peeCooldown=99.3|aerial=False|glide=False|legs=0|activity=Watch|site=-1|visits=0|perch=0|birdPhase=3|landings=0
maya,after,3.923,-17.463,5.281,4.000,True,fly|wait=28.87|panic=0.00|target=1|speed=6.10|near=False|yaw=270.0|peeing=False|peeCooldown=99.3|aerial=False|glide=False|legs=0|activity=Watch|site=-1|visits=0|perch=0|birdPhase=3|landings=0
maya,after,4.024,-18.041,5.487,4.000,True,fly|wait=28.87|panic=0.00|target=1|speed=6.11|near=False|yaw=270.0|peeing=False|peeCooldown=99.3|aerial=False|glide=False|legs=0|activity=Watch|site=-1|visits=0|perch=0|birdPhase=3|landings=0
maya,after,4.130,-18.503,5.651,4.000,True,fly|wait=28.87|panic=0.00|target=1|speed=6.12|near=False|yaw=270.0|peeing=False|peeCooldown=99.3|aerial=False|glide=False|legs=0|activity=Watch|site=-1|visits=0|perch=0|birdPhase=3|landings=0
maya,after,4.232,-19.243,5.913,4.000,True,fly|wait=28.87|panic=0.00|target=1|speed=6.14|near=False|yaw=270.0|peeing=False|peeCooldown=99.3|aerial=False|glide=False|legs=0|activity=Watch|site=-1|visits=0|perch=0|birdPhase=3|landings=0
maya,after,4.334,-19.829,6.119,4.000,True,fly|wait=28.87|panic=0.00|target=1|speed=6.14|near=False|yaw=270.0|peeing=False|peeCooldown=99.3|aerial=False|glide=False|legs=0|activity=Watch|site=-1|visits=0|perch=0|birdPhase=3|landings=0
maya,after,4.437,-20.297,6.283,4.000,True,fly|wait=28.87|panic=0.00|target=1|speed=6.14|near=False|yaw=270.0|peeing=False|peeCooldown=99.3|aerial=False|glide=False|legs=0|activity=Watch|site=-1|visits=0|perch=0|birdPhase=3|landings=0
maya,after,4.541,-20.904,6.494,4.000,True,fly|wait=28.87|panic=0.00|target=1|speed=6.14|near=False|yaw=270.0|peeing=False|peeCooldown=99.3|aerial=False|glide=False|legs=0|activity=Watch|site=-1|visits=0|perch=0|birdPhase=3|landings=0
maya,after,4.653,-21.538,6.713,4.000,True,fly|wait=28.87|panic=0.00|target=1|speed=6.14|near=False|yaw=270.0|peeing=False|peeCooldown=99.3|aerial=False|glide=False|legs=0|activity=Watch|site=-1|visits=0|perch=0|birdPhase=3|landings=0
maya,after,4.760,-22.151,6.923,4.000,True,fly|wait=28.87|panic=0.00|target=1|speed=6.13|near=False|yaw=270.0|peeing=False|peeCooldown=99.3|aerial=False|glide=False|legs=0|activity=Watch|site=-1|visits=0|perch=0|birdPhase=3|landings=0
maya,after,4.863,-22.897,7.177,4.000,True,fly|wait=28.87|panic=0.00|target=1|speed=6.11|near=False|yaw=270.0|peeing=False|peeCooldown=99.3|aerial=False|glide=False|legs=0|activity=Watch|site=-1|visits=0|perch=0|birdPhase=3|landings=0
maya,after,4.965,-23.486,7.376,4.000,True,fly|wait=28.87|panic=0.00|target=1|speed=6.10|near=False|yaw=270.0|peeing=False|peeCooldown=99.3|aerial=False|glide=False|legs=0|activity=Watch|site=-1|visits=0|perch=0|birdPhase=3|landings=0
maya,after,5.076,-23.928,7.524,4.000,True,fly|wait=28.87|panic=0.00|target=1|speed=6.08|near=False|yaw=270.0|peeing=False|peeCooldown=99.3|aerial=False|glide=False|legs=0|activity=Watch|site=-1|visits=0|perch=0|birdPhase=3|landings=0
maya,after,5.183,-24.535,7.726,4.000,True,fly|wait=28.87|panic=0.00|target=1|speed=6.06|near=False|yaw=270.0|peeing=False|peeCooldown=99.3|aerial=False|glide=False|legs=0|activity=Watch|site=-1|visits=0|perch=0|birdPhase=3|landings=0
maya,after,5.287,-25.123,7.920,4.000,True,fly|wait=28.87|panic=0.00|target=1|speed=6.03|near=False|yaw=270.0|peeing=False|peeCooldown=99.3|aerial=False|glide=False|legs=0|activity=Watch|site=-1|visits=0|perch=0|birdPhase=3|landings=0
maya,after,5.395,-25.928,8.181,4.000,True,fly|wait=28.87|panic=0.00|target=1|speed=5.99|near=False|yaw=270.0|peeing=False|peeCooldown=99.3|aerial=False|glide=False|legs=0|activity=Watch|site=-1|visits=0|perch=0|birdPhase=3|landings=0
maya,after,5.495,-26.538,8.377,4.000,True,fly|wait=28.87|panic=0.00|target=1|speed=5.95|near=False|yaw=270.0|peeing=False|peeCooldown=99.3|aerial=False|glide=False|legs=0|activity=Watch|site=-1|visits=0|perch=0|birdPhase=3|landings=0
maya,after,5.596,-27.105,8.557,4.000,True,fly|wait=28.87|panic=0.00|target=1|speed=5.90|near=False|yaw=270.0|peeing=False|peeCooldown=99.3|aerial=False|glide=False|legs=0|activity=Watch|site=-1|visits=0|perch=0|birdPhase=3|landings=0
maya,after,5.697,-27.670,8.734,4.000,True,fly|wait=28.87|panic=0.00|target=1|speed=5.86|near=False|yaw=270.0|peeing=False|peeCooldown=99.3|aerial=False|glide=False|legs=0|activity=Watch|site=-1|visits=0|perch=0|birdPhase=3|landings=0
maya,after,5.800,-28.241,8.910,4.000,True,fly|wait=28.87|panic=0.00|target=1|speed=5.81|near=False|yaw=270.0|peeing=False|peeCooldown=99.3|aerial=False|glide=False|legs=0|activity=Watch|site=-1|visits=0|perch=0|birdPhase=3|landings=0
maya,after,5.901,-28.791,9.078,4.000,True,fly|wait=28.87|panic=0.00|target=1|speed=5.77|near=False|yaw=270.0|peeing=False|peeCooldown=99.3|aerial=False|glide=False|legs=0|activity=Watch|site=-1|visits=0|perch=0|birdPhase=3|landings=0
maya,after,6.001,-29.218,9.206,4.000,True,fly|wait=28.87|panic=0.00|target=1|speed=5.72|near=False|yaw=270.0|peeing=False|peeCooldown=99.3|aerial=False|glide=False|legs=0|activity=Watch|site=-1|visits=0|perch=0|birdPhase=3|landings=0
maya,after,6.102,-29.774,9.371,4.000,True,fly|wait=28.87|panic=0.00|target=1|speed=5.67|near=False|yaw=270.0|peeing=False|peeCooldown=99.3|aerial=False|glide=False|legs=0|activity=Watch|site=-1|visits=0|perch=0|birdPhase=3|landings=0
maya,after,6.209,-30.328,9.533,4.000,True,fly|wait=28.87|panic=0.00|target=1|speed=5.60|near=False|yaw=270.0|peeing=False|peeCooldown=99.3|aerial=False|glide=False|legs=0|activity=Watch|site=-1|visits=0|perch=0|birdPhase=3|landings=0
maya,after,6.317,-30.891,9.694,4.000,True,fly|wait=28.87|panic=0.00|target=1|speed=5.54|near=False|yaw=270.0|peeing=False|peeCooldown=99.3|aerial=False|glide=False|legs=0|activity=Watch|site=-1|visits=0|perch=0|birdPhase=3|landings=0
maya,after,6.419,-31.594,9.890,4.000,True,fly|wait=28.87|panic=0.00|target=1|speed=5.45|near=False|yaw=270.0|peeing=False|peeCooldown=99.3|aerial=False|glide=False|legs=0|activity=Watch|site=-1|visits=0|perch=0|birdPhase=3|landings=0
maya,after,6.521,-32.122,10.034,4.000,True,fly|wait=28.87|panic=0.00|target=1|speed=5.38|near=False|yaw=270.0|peeing=False|peeCooldown=99.3|aerial=False|glide=False|legs=0|activity=Watch|site=-1|visits=0|perch=0|birdPhase=3|landings=0
maya,after,6.621,-32.513,10.138,4.000,True,fly|wait=28.87|panic=0.00|target=1|speed=5.32|near=False|yaw=270.0|peeing=False|peeCooldown=99.3|aerial=False|glide=False|legs=0|activity=Watch|site=-1|visits=0|perch=0|birdPhase=3|landings=0
maya,after,6.723,-33.032,10.273,4.000,True,fly|wait=28.87|panic=0.00|target=1|speed=5.24|near=False|yaw=270.0|peeing=False|peeCooldown=99.3|aerial=False|glide=False|legs=0|activity=Watch|site=-1|visits=0|perch=0|birdPhase=3|landings=0
maya,after,6.824,-33.550,10.404,4.000,True,fly|wait=28.87|panic=0.00|target=1|speed=5.16|near=False|yaw=270.0|peeing=False|peeCooldown=99.3|aerial=False|glide=False|legs=0|activity=Watch|site=-1|visits=0|perch=0|birdPhase=3|landings=0
maya,after,6.926,-34.059,10.529,4.000,True,fly|wait=28.87|panic=0.00|target=1|speed=5.07|near=False|yaw=270.0|peeing=False|peeCooldown=99.3|aerial=False|glide=False|legs=0|activity=Watch|site=-1|visits=0|perch=0|birdPhase=3|landings=0
maya,after,7.038,-34.578,10.652,4.000,True,fly|wait=28.87|panic=0.00|target=1|speed=4.98|near=False|yaw=270.0|peeing=False|peeCooldown=99.3|aerial=False|glide=False|legs=0|activity=Watch|site=-1|visits=0|perch=0|birdPhase=3|landings=0
maya,after,7.142,-35.077,10.766,4.000,True,fly|wait=28.87|panic=0.00|target=1|speed=4.88|near=False|yaw=270.0|peeing=False|peeCooldown=99.3|aerial=False|glide=False|legs=0|activity=Watch|site=-1|visits=0|perch=0|birdPhase=3|landings=0
maya,after,7.244,-35.561,10.873,4.000,True,fly|wait=28.87|panic=0.00|target=1|speed=4.79|near=False|yaw=270.0|peeing=False|peeCooldown=99.3|aerial=False|glide=False|legs=0|activity=Watch|site=-1|visits=0|perch=0|birdPhase=3|landings=0
maya,after,7.344,-36.155,10.996,4.000,True,fly|wait=28.87|panic=0.00|target=1|speed=4.67|near=False|yaw=270.0|peeing=False|peeCooldown=99.3|aerial=False|glide=False|legs=0|activity=Watch|site=-1|visits=0|perch=0|birdPhase=3|landings=0
maya,after,7.455,-36.544,11.073,4.000,True,fly|wait=28.87|panic=0.00|target=1|speed=4.58|near=False|yaw=270.0|peeing=False|peeCooldown=99.3|aerial=False|glide=False|legs=0|activity=Watch|site=-1|visits=0|perch=0|birdPhase=3|landings=0
maya,after,7.558,-37.010,11.160,4.000,True,fly|wait=28.87|panic=0.00|target=1|speed=4.47|near=False|yaw=270.0|peeing=False|peeCooldown=99.3|aerial=False|glide=False|legs=0|activity=Watch|site=-1|visits=0|perch=0|birdPhase=3|landings=0
maya,after,7.661,-37.459,11.238,4.000,True,fly|wait=28.87|panic=0.00|target=1|speed=4.36|near=False|yaw=270.0|peeing=False|peeCooldown=99.3|aerial=False|glide=False|legs=0|activity=Watch|site=-1|visits=0|perch=0|birdPhase=3|landings=0
maya,after,7.765,-37.902,11.309,4.000,True,fly|wait=28.87|panic=0.00|target=1|speed=4.24|near=False|yaw=270.0|peeing=False|peeCooldown=99.3|aerial=False|glide=False|legs=0|activity=Watch|site=-1|visits=0|perch=0|birdPhase=3|landings=0
maya,after,7.870,-38.335,11.373,4.000,True,fly|wait=28.87|panic=0.00|target=1|speed=4.12|near=False|yaw=270.0|peeing=False|peeCooldown=99.3|aerial=False|glide=False|legs=0|activity=Watch|site=-1|visits=0|perch=0|birdPhase=3|landings=0
maya,after,7.973,-38.748,11.427,4.000,True,fly|wait=28.87|panic=0.00|target=1|speed=4.01|near=False|yaw=270.0|peeing=False|peeCooldown=99.3|aerial=False|glide=False|legs=0|activity=Watch|site=-1|visits=0|perch=0|birdPhase=3|landings=0
maya,arrival,0.000,-34.729,8.391,0.765,True,fly|wait=28.87|panic=0.00|target=1|speed=9.26|near=False|yaw=79.0|peeing=False|peeCooldown=99.3|aerial=False|glide=False|legs=0|activity=Watch|site=-1|visits=0|perch=1|birdPhase=1|landings=0
maya,arrival,0.100,-33.828,8.210,0.935,True,fly|wait=28.87|panic=0.00|target=1|speed=9.18|near=False|yaw=79.3|peeing=False|peeCooldown=99.3|aerial=False|glide=False|legs=0|activity=Watch|site=-1|visits=0|perch=1|birdPhase=1|landings=0
maya,arrival,0.200,-32.954,8.031,1.095,True,fly|wait=28.87|panic=0.00|target=1|speed=9.09|near=False|yaw=79.5|peeing=False|peeCooldown=99.3|aerial=False|glide=False|legs=0|activity=Watch|site=-1|visits=0|perch=1|birdPhase=1|landings=0
maya,arrival,0.303,-32.071,7.845,1.254,True,fly|wait=28.87|panic=0.00|target=1|speed=9.00|near=False|yaw=79.8|peeing=False|peeCooldown=99.3|aerial=False|glide=False|legs=0|activity=Watch|site=-1|visits=0|perch=1|birdPhase=1|landings=0
maya,arrival,0.407,-31.207,7.661,1.405,True,fly|wait=28.87|panic=0.00|target=1|speed=8.92|near=False|yaw=80.0|peeing=False|peeCooldown=99.3|aerial=False|glide=False|legs=0|activity=Watch|site=-1|visits=0|perch=1|birdPhase=1|landings=0
maya,arrival,0.509,-30.289,7.460,1.561,True,fly|wait=28.87|panic=0.00|target=1|speed=8.80|near=False|yaw=80.3|peeing=False|peeCooldown=99.3|aerial=False|glide=False|legs=0|activity=Watch|site=-1|visits=0|perch=1|birdPhase=1|landings=0
maya,arrival,0.613,-29.431,7.270,1.704,True,fly|wait=28.87|panic=0.00|target=1|speed=8.70|near=False|yaw=80.5|peeing=False|peeCooldown=99.3|aerial=False|glide=False|legs=0|activity=Watch|site=-1|visits=0|perch=1|birdPhase=1|landings=0
maya,arrival,0.715,-28.822,7.132,1.803,True,fly|wait=28.87|panic=0.00|target=1|speed=8.61|near=False|yaw=80.7|peeing=False|peeCooldown=99.3|aerial=False|glide=False|legs=0|activity=Watch|site=-1|visits=0|perch=1|birdPhase=1|landings=0
maya,arrival,0.817,-27.977,6.939,1.938,True,fly|wait=28.87|panic=0.00|target=1|speed=8.50|near=False|yaw=80.9|peeing=False|peeCooldown=99.3|aerial=False|glide=False|legs=0|activity=Watch|site=-1|visits=0|perch=1|birdPhase=1|landings=0
maya,arrival,0.921,-27.145,6.745,2.068,True,fly|wait=28.87|panic=0.00|target=1|speed=8.38|near=False|yaw=81.1|peeing=False|peeCooldown=99.3|aerial=False|glide=False|legs=0|activity=Watch|site=-1|visits=0|perch=1|birdPhase=1|landings=0
maya,arrival,1.023,-26.076,6.492,2.230,True,fly|wait=28.87|panic=0.00|target=1|speed=8.22|near=False|yaw=81.4|peeing=False|peeCooldown=99.3|aerial=False|glide=False|legs=0|activity=Watch|site=-1|visits=0|perch=1|birdPhase=1|landings=0
maya,arrival,1.123,-25.301,6.305,2.344,True,fly|wait=28.87|panic=0.00|target=1|speed=8.11|near=False|yaw=81.6|peeing=False|peeCooldown=99.3|aerial=False|glide=False|legs=0|activity=Watch|site=-1|visits=0|perch=1|birdPhase=1|landings=0
maya,arrival,1.223,-24.716,6.163,2.429,True,fly|wait=28.87|panic=0.00|target=1|speed=8.01|near=False|yaw=81.7|peeing=False|peeCooldown=99.3|aerial=False|glide=False|legs=0|activity=Watch|site=-1|visits=0|perch=1|birdPhase=1|landings=0
maya,arrival,1.324,-23.932,5.969,2.540,True,fly|wait=28.87|panic=0.00|target=1|speed=7.87|near=False|yaw=81.9|peeing=False|peeCooldown=99.3|aerial=False|glide=False|legs=0|activity=Watch|site=-1|visits=0|perch=1|birdPhase=1|landings=0
maya,arrival,1.429,-23.141,5.772,2.650,True,fly|wait=28.87|panic=0.00|target=1|speed=7.73|near=False|yaw=82.1|peeing=False|peeCooldown=99.3|aerial=False|glide=False|legs=0|activity=Watch|site=-1|visits=0|perch=1|birdPhase=1|landings=0
maya,arrival,1.537,-22.353,5.572,2.756,True,fly|wait=28.87|panic=0.00|target=1|speed=7.59|near=False|yaw=82.3|peeing=False|peeCooldown=99.3|aerial=False|glide=False|legs=0|activity=Watch|site=-1|visits=0|perch=1|birdPhase=1|landings=0
maya,arrival,1.651,-21.557,5.368,2.861,True,fly|wait=28.87|panic=0.00|target=1|speed=7.44|near=False|yaw=82.4|peeing=False|peeCooldown=99.3|aerial=False|glide=False|legs=0|activity=Watch|site=-1|visits=0|perch=1|birdPhase=1|landings=0
maya,arrival,1.753,-20.810,5.173,2.958,True,fly|wait=28.87|panic=0.00|target=1|speed=7.29|near=False|yaw=82.6|peeing=False|peeCooldown=99.3|aerial=False|glide=False|legs=0|activity=Watch|site=-1|visits=0|perch=1|birdPhase=1|landings=0
maya,arrival,1.854,-19.946,4.946,3.067,True,fly|wait=28.87|panic=0.00|target=1|speed=7.13|near=False|yaw=82.8|peeing=False|peeCooldown=99.3|aerial=False|glide=False|legs=0|activity=Watch|site=-1|visits=0|perch=1|birdPhase=1|landings=0
maya,arrival,1.956,-19.260,4.763,3.151,True,fly|wait=28.87|panic=0.00|target=1|speed=6.98|near=False|yaw=83.0|peeing=False|peeCooldown=99.3|aerial=False|glide=False|legs=0|activity=Watch|site=-1|visits=0|perch=1|birdPhase=1|landings=0
maya,arrival,2.058,-18.586,4.582,3.232,True,fly|wait=28.87|panic=0.00|target=1|speed=6.83|near=False|yaw=83.1|peeing=False|peeCooldown=99.3|aerial=False|glide=False|legs=0|activity=Watch|site=-1|visits=0|perch=1|birdPhase=1|landings=0
maya,arrival,2.158,-18.094,4.449,3.290,True,fly|wait=28.87|panic=0.00|target=1|speed=6.70|near=False|yaw=83.2|peeing=False|peeCooldown=99.3|aerial=False|glide=False|legs=0|activity=Watch|site=-1|visits=0|perch=1|birdPhase=1|landings=0
maya,arrival,2.265,-17.434,4.268,3.367,True,fly|wait=28.87|panic=0.00|target=1|speed=6.54|near=False|yaw=83.4|peeing=False|peeCooldown=99.3|aerial=False|glide=False|legs=0|activity=Watch|site=-1|visits=0|perch=1|birdPhase=1|landings=0
maya,arrival,2.371,-16.785,4.088,3.440,True,fly|wait=28.87|panic=0.00|target=1|speed=6.38|near=False|yaw=83.5|peeing=False|peeCooldown=99.3|aerial=False|glide=False|legs=0|activity=Watch|site=-1|visits=0|perch=1|birdPhase=1|landings=0
maya,arrival,2.476,-16.178,3.919,3.508,True,fly|wait=28.87|panic=0.00|target=1|speed=6.22|near=False|yaw=83.6|peeing=False|peeCooldown=99.3|aerial=False|glide=False|legs=0|activity=Watch|site=-1|visits=0|perch=1|birdPhase=1|landings=0
maya,arrival,2.585,-15.536,3.737,3.578,True,fly|wait=28.87|panic=0.00|target=1|speed=6.05|near=False|yaw=83.8|peeing=False|peeCooldown=99.3|aerial=False|glide=False|legs=0|activity=Watch|site=-1|visits=0|perch=1|birdPhase=1|landings=0
maya,arrival,2.689,-14.934,3.566,3.642,True,fly|wait=28.87|panic=0.00|target=1|speed=5.88|near=False|yaw=83.9|peeing=False|peeCooldown=99.3|aerial=False|glide=False|legs=0|activity=Watch|site=-1|visits=0|perch=1|birdPhase=1|landings=0
maya,arrival,2.791,-14.200,3.355,3.718,True,fly|wait=28.87|panic=0.00|target=1|speed=5.67|near=False|yaw=84.0|peeing=False|peeCooldown=99.3|aerial=False|glide=False|legs=0|activity=Watch|site=-1|visits=0|perch=1|birdPhase=1|landings=0
maya,arrival,2.892,-13.663,3.199,3.773,True,fly|wait=28.87|panic=0.00|target=1|speed=5.51|near=False|yaw=84.2|peeing=False|peeCooldown=99.3|aerial=False|glide=False|legs=0|activity=Watch|site=-1|visits=0|perch=1|birdPhase=1|landings=0
maya,arrival,2.993,-13.145,3.048,3.825,True,fly|wait=28.87|panic=0.00|target=1|speed=5.37|near=False|yaw=84.3|peeing=False|peeCooldown=99.3|aerial=False|glide=False|legs=0|activity=Watch|site=-1|visits=0|perch=1|birdPhase=1|landings=0
maya,arrival,3.095,-12.745,2.930,3.864,True,fly|wait=28.87|panic=0.00|target=1|speed=5.22|near=False|yaw=84.3|peeing=False|peeCooldown=99.3|aerial=False|glide=False|legs=0|activity=Watch|site=-1|visits=0|perch=1|birdPhase=1|landings=0
maya,arrival,3.198,-12.237,2.779,3.913,True,fly|wait=28.87|panic=0.00|target=1|speed=5.05|near=False|yaw=84.4|peeing=False|peeCooldown=99.3|aerial=False|glide=False|legs=0|activity=Watch|site=-1|visits=0|perch=1|birdPhase=1|landings=0
maya,arrival,3.303,-11.754,2.634,3.959,True,fly|wait=28.87|panic=0.00|target=1|speed=4.89|near=False|yaw=84.5|peeing=False|peeCooldown=99.3|aerial=False|glide=False|legs=0|activity=Watch|site=-1|visits=0|perch=1|birdPhase=1|landings=0
maya,arrival,3.408,-11.272,2.489,4.004,True,fly|wait=28.87|panic=0.00|target=1|speed=4.72|near=False|yaw=84.6|peeing=False|peeCooldown=99.3|aerial=False|glide=False|legs=0|activity=Watch|site=-1|visits=0|perch=1|birdPhase=1|landings=0
maya,arrival,3.511,-10.706,2.317,4.056,True,fly|wait=28.87|panic=0.00|target=1|speed=4.53|near=False|yaw=84.8|peeing=False|peeCooldown=99.3|aerial=False|glide=False|legs=0|activity=Watch|site=-1|visits=0|perch=1|birdPhase=1|landings=0
maya,arrival,3.612,-10.281,2.186,4.094,True,fly|wait=28.87|panic=0.00|target=1|speed=4.36|near=False|yaw=84.8|peeing=False|peeCooldown=99.3|aerial=False|glide=False|legs=0|activity=Watch|site=-1|visits=0|perch=1|birdPhase=1|landings=0
maya,arrival,3.719,-9.942,2.082,4.124,True,fly|wait=28.87|panic=0.00|target=1|speed=4.21|near=False|yaw=84.9|peeing=False|peeCooldown=99.3|aerial=False|glide=False|legs=0|activity=Watch|site=-1|visits=0|perch=1|birdPhase=1|landings=0
maya,arrival,3.826,-9.525,1.952,4.161,True,fly|wait=28.87|panic=0.00|target=1|speed=4.04|near=False|yaw=85.0|peeing=False|peeCooldown=99.3|aerial=False|glide=False|legs=0|activity=Watch|site=-1|visits=0|perch=1|birdPhase=1|landings=0
maya,arrival,3.931,-9.150,1.834,4.193,True,fly|wait=28.87|panic=0.00|target=1|speed=3.88|near=False|yaw=85.1|peeing=False|peeCooldown=99.3|aerial=False|glide=False|legs=0|activity=Watch|site=-1|visits=0|perch=1|birdPhase=1|landings=0
maya,arrival,4.033,-8.779,1.717,4.224,True,fly|wait=28.87|panic=0.00|target=1|speed=3.71|near=False|yaw=85.1|peeing=False|peeCooldown=99.3|aerial=False|glide=False|legs=0|activity=Watch|site=-1|visits=0|perch=1|birdPhase=1|landings=0
maya,arrival,4.140,-8.421,1.603,4.254,True,fly|wait=28.87|panic=0.00|target=1|speed=3.55|near=False|yaw=85.2|peeing=False|peeCooldown=99.3|aerial=False|glide=False|legs=0|activity=Watch|site=-1|visits=0|perch=1|birdPhase=1|landings=0
maya,arrival,4.247,-8.084,1.495,4.282,True,fly|wait=28.87|panic=0.00|target=1|speed=3.38|near=False|yaw=85.3|peeing=False|peeCooldown=99.3|aerial=False|glide=False|legs=0|activity=Watch|site=-1|visits=0|perch=1|birdPhase=1|landings=0
maya,arrival,4.353,-7.658,1.358,4.316,True,fly|wait=28.87|panic=0.00|target=1|speed=3.19|near=False|yaw=85.4|peeing=False|peeCooldown=99.3|aerial=False|glide=False|legs=0|activity=Watch|site=-1|visits=0|perch=1|birdPhase=1|landings=0
maya,arrival,4.454,-7.348,1.257,4.341,True,fly|wait=28.87|panic=0.00|target=1|speed=3.03|near=False|yaw=85.4|peeing=False|peeCooldown=99.3|aerial=False|glide=False|legs=0|activity=Watch|site=-1|visits=0|perch=1|birdPhase=1|landings=0
maya,arrival,4.556,-7.068,1.165,4.363,True,fly|wait=28.87|panic=0.00|target=1|speed=2.87|near=False|yaw=85.5|peeing=False|peeCooldown=99.3|aerial=False|glide=False|legs=0|activity=Watch|site=-1|visits=0|perch=1|birdPhase=1|landings=0
maya,arrival,4.658,-6.875,1.101,4.378,True,fly|wait=28.87|panic=0.00|target=1|speed=2.74|near=False|yaw=85.5|peeing=False|peeCooldown=99.3|aerial=False|glide=False|legs=0|activity=Watch|site=-1|visits=0|perch=1|birdPhase=1|landings=0
maya,arrival,4.766,-6.601,1.009,4.400,True,fly|wait=28.87|panic=0.00|target=1|speed=2.58|near=False|yaw=85.5|peeing=False|peeCooldown=99.3|aerial=False|glide=False|legs=0|activity=Watch|site=-1|visits=0|perch=1|birdPhase=1|landings=0
maya,arrival,4.874,-6.353,0.926,4.419,True,fly|wait=28.87|panic=0.00|target=1|speed=2.42|near=False|yaw=85.6|peeing=False|peeCooldown=99.3|aerial=False|glide=False|legs=0|activity=Watch|site=-1|visits=0|perch=1|birdPhase=1|landings=0
maya,arrival,4.979,-6.119,0.847,4.437,True,fly|wait=28.87|panic=0.00|target=1|speed=2.27|near=False|yaw=85.6|peeing=False|peeCooldown=99.3|aerial=False|glide=False|legs=0|activity=Watch|site=-1|visits=0|perch=1|birdPhase=1|landings=0
maya,arrival,5.081,-5.894,0.770,4.454,True,fly|wait=28.87|panic=0.00|target=1|speed=2.11|near=False|yaw=85.6|peeing=False|peeCooldown=99.3|aerial=False|glide=False|legs=0|activity=Watch|site=-1|visits=0|perch=1|birdPhase=1|landings=0
maya,arrival,5.201,-5.664,0.691,4.471,True,fly|wait=28.87|panic=0.00|target=1|speed=1.96|near=False|yaw=85.7|peeing=False|peeCooldown=99.3|aerial=False|glide=False|legs=0|activity=Watch|site=-1|visits=0|perch=1|birdPhase=1|landings=0
maya,arrival,5.301,-5.448,0.615,4.488,True,fly|wait=28.87|panic=0.00|target=1|speed=1.80|near=False|yaw=85.7|peeing=False|peeCooldown=99.3|aerial=False|glide=False|legs=0|activity=Watch|site=-1|visits=0|perch=1|birdPhase=1|landings=0
maya,arrival,5.403,-5.329,0.573,4.497,True,fly|wait=28.87|panic=0.00|target=1|speed=1.69|near=False|yaw=85.7|peeing=False|peeCooldown=99.3|aerial=False|glide=False|legs=0|activity=Watch|site=-1|visits=0|perch=1|birdPhase=1|landings=0
maya,arrival,5.505,-5.175,0.518,4.509,True,fly|wait=28.87|panic=0.00|target=1|speed=1.56|near=False|yaw=85.7|peeing=False|peeCooldown=99.3|aerial=False|glide=False|legs=0|activity=Watch|site=-1|visits=0|perch=1|birdPhase=1|landings=0
maya,arrival,5.607,-4.991,0.452,4.523,True,fly|wait=28.87|panic=0.00|target=1|speed=1.39|near=False|yaw=85.7|peeing=False|peeCooldown=99.3|aerial=False|glide=False|legs=0|activity=Watch|site=-1|visits=0|perch=1|birdPhase=1|landings=0
maya,arrival,5.711,-4.864,0.406,4.533,True,fly|wait=28.87|panic=0.00|target=1|speed=1.27|near=False|yaw=85.6|peeing=False|peeCooldown=99.3|aerial=False|glide=False|legs=0|activity=Watch|site=-1|visits=0|perch=1|birdPhase=1|landings=0
maya,arrival,5.813,-4.748,0.363,4.542,True,fly|wait=28.87|panic=0.00|target=1|speed=1.15|near=False|yaw=85.5|peeing=False|peeCooldown=99.3|aerial=False|glide=False|legs=0|activity=Watch|site=-1|visits=0|perch=1|birdPhase=1|landings=0
maya,arrival,5.915,-4.646,0.324,4.550,True,fly|wait=28.87|panic=0.00|target=1|speed=1.05|near=False|yaw=85.5|peeing=False|peeCooldown=99.3|aerial=False|glide=False|legs=0|activity=Watch|site=-1|visits=0|perch=1|birdPhase=1|landings=0
maya,arrival,6.017,-4.574,0.297,4.556,True,fly|wait=28.87|panic=0.00|target=1|speed=0.96|near=False|yaw=85.4|peeing=False|peeCooldown=99.3|aerial=False|glide=False|legs=0|activity=Watch|site=-1|visits=0|perch=1|birdPhase=1|landings=0
maya,arrival,6.118,-4.491,0.265,4.562,True,fly|wait=28.87|panic=0.00|target=1|speed=0.86|near=False|yaw=85.3|peeing=False|peeCooldown=99.3|aerial=False|glide=False|legs=0|activity=Watch|site=-1|visits=0|perch=1|birdPhase=1|landings=0
maya,arrival,6.221,-4.414,0.235,4.569,True,fly|wait=28.87|panic=0.00|target=1|speed=0.76|near=False|yaw=85.2|peeing=False|peeCooldown=99.3|aerial=False|glide=False|legs=0|activity=Watch|site=-1|visits=0|perch=1|birdPhase=1|landings=0
maya,arrival,6.327,-4.347,0.208,4.575,True,fly|wait=28.87|panic=0.00|target=1|speed=0.66|near=False|yaw=85.0|peeing=False|peeCooldown=99.3|aerial=False|glide=False|legs=0|activity=Watch|site=-1|visits=0|perch=1|birdPhase=1|landings=0
maya,arrival,6.434,-4.273,0.178,4.582,True,fly|wait=28.87|panic=0.00|target=1|speed=0.55|near=False|yaw=84.8|peeing=False|peeCooldown=99.3|aerial=False|glide=False|legs=0|activity=Watch|site=-1|visits=0|perch=1|birdPhase=1|landings=0
maya,arrival,6.541,-4.224,0.157,4.586,True,fly|wait=28.87|panic=0.00|target=1|speed=0.47|near=False|yaw=84.5|peeing=False|peeCooldown=99.3|aerial=False|glide=False|legs=0|activity=Watch|site=-1|visits=0|perch=1|birdPhase=1|landings=0
maya,arrival,6.644,-4.183,0.139,4.590,True,idle|wait=28.87|panic=0.00|target=1|speed=0.39|near=False|yaw=84.2|peeing=False|peeCooldown=99.3|aerial=False|glide=False|legs=0|activity=Watch|site=-1|visits=0|perch=1|birdPhase=1|landings=0
maya,arrival,6.746,-4.152,0.125,4.594,True,idle|wait=28.87|panic=0.00|target=1|speed=0.32|near=False|yaw=83.9|peeing=False|peeCooldown=99.3|aerial=False|glide=False|legs=0|activity=Watch|site=-1|visits=0|perch=1|birdPhase=1|landings=0
maya,arrival,6.847,-4.127,0.113,4.597,True,idle|wait=28.87|panic=0.00|target=1|speed=0.24|near=False|yaw=83.5|peeing=False|peeCooldown=99.3|aerial=False|glide=False|legs=0|activity=Watch|site=-1|visits=0|perch=1|birdPhase=1|landings=0
maya,arrival,6.949,-4.114,0.107,4.598,True,idle|wait=28.87|panic=0.00|target=1|speed=0.19|near=False|yaw=83.2|peeing=False|peeCooldown=99.3|aerial=False|glide=False|legs=0|activity=Watch|site=-1|visits=0|perch=1|birdPhase=1|landings=0
maya,arrival,7.052,-4.100,0.100,4.600,True,idle|wait=7.96|panic=0.00|target=1|speed=0.00|near=False|yaw=82.7|peeing=False|peeCooldown=99.3|aerial=False|glide=False|legs=0|activity=Watch|site=-1|visits=0|perch=1|birdPhase=2|landings=1
maya,arrival,7.152,-4.100,0.100,4.600,True,idle|wait=7.89|panic=0.00|target=1|speed=0.00|near=False|yaw=82.7|peeing=False|peeCooldown=99.3|aerial=False|glide=False|legs=0|activity=Watch|site=-1|visits=0|perch=1|birdPhase=2|landings=1
maya,arrival,7.257,-4.100,0.100,4.600,True,idle|wait=7.79|panic=0.00|target=1|speed=0.00|near=False|yaw=82.7|peeing=False|peeCooldown=99.3|aerial=False|glide=False|legs=0|activity=Watch|site=-1|visits=0|perch=1|birdPhase=2|landings=1
maya,arrival,7.359,-4.100,0.100,4.600,True,idle|wait=7.66|panic=0.00|target=1|speed=0.00|near=False|yaw=82.7|peeing=False|peeCooldown=99.3|aerial=False|glide=False|legs=0|activity=Watch|site=-1|visits=0|perch=1|birdPhase=2|landings=1
maya,arrival,7.464,-4.100,0.100,4.600,True,idle|wait=7.55|panic=0.00|target=1|speed=0.00|near=False|yaw=82.7|peeing=False|peeCooldown=99.3|aerial=False|glide=False|legs=0|activity=Watch|site=-1|visits=0|perch=1|birdPhase=2|landings=1
maya,arrival,7.565,-4.100,0.100,4.600,True,idle|wait=7.45|panic=0.00|target=1|speed=0.00|near=False|yaw=82.7|peeing=False|peeCooldown=99.3|aerial=False|glide=False|legs=0|activity=Watch|site=-1|visits=0|perch=1|birdPhase=2|landings=1
maya,arrival,7.677,-4.100,0.100,4.600,True,idle|wait=7.37|panic=0.00|target=1|speed=0.00|near=False|yaw=82.7|peeing=False|peeCooldown=99.3|aerial=False|glide=False|legs=0|activity=Watch|site=-1|visits=0|perch=1|birdPhase=2|landings=1
maya,arrival,7.781,-4.100,0.100,4.600,True,idle|wait=7.24|panic=0.00|target=1|speed=0.00|near=False|yaw=82.7|peeing=False|peeCooldown=99.3|aerial=False|glide=False|legs=0|activity=Watch|site=-1|visits=0|perch=1|birdPhase=2|landings=1
maya,arrival,7.884,-4.100,0.100,4.600,True,idle|wait=7.14|panic=0.00|target=1|speed=0.00|near=False|yaw=82.7|peeing=False|peeCooldown=99.3|aerial=False|glide=False|legs=0|activity=Watch|site=-1|visits=0|perch=1|birdPhase=2|landings=1
maya,arrival,7.986,-4.100,0.100,4.600,True,idle|wait=7.03|panic=0.00|target=1|speed=0.00|near=False|yaw=82.7|peeing=False|peeCooldown=99.3|aerial=False|glide=False|legs=0|activity=Watch|site=-1|visits=0|perch=1|birdPhase=2|landings=1
kalapati,before,0.000,4.000,0.100,-4.000,True,idle|wait=29.98|panic=0.00|target=1|speed=0.00|near=False|yaw=0.0|peeing=False|peeCooldown=143.8|aerial=False|glide=False|legs=0|activity=Watch|site=-1|visits=0|perch=-1|birdPhase=2|landings=0
kalapati,before,0.101,4.000,0.100,-4.000,True,idle|wait=29.81|panic=0.00|target=1|speed=0.00|near=False|yaw=0.0|peeing=False|peeCooldown=143.8|aerial=False|glide=False|legs=0|activity=Watch|site=-1|visits=0|perch=-1|birdPhase=2|landings=0
kalapati,before,0.201,4.000,0.100,-4.000,True,idle|wait=29.71|panic=0.00|target=1|speed=0.00|near=False|yaw=0.0|peeing=False|peeCooldown=143.8|aerial=False|glide=False|legs=0|activity=Watch|site=-1|visits=0|perch=-1|birdPhase=2|landings=0
kalapati,before,0.303,4.000,0.100,-4.000,True,idle|wait=29.61|panic=0.00|target=1|speed=0.00|near=False|yaw=0.0|peeing=False|peeCooldown=143.8|aerial=False|glide=False|legs=0|activity=Watch|site=-1|visits=0|perch=-1|birdPhase=2|landings=0
kalapati,before,0.405,4.000,0.100,-4.000,True,idle|wait=29.51|panic=0.00|target=1|speed=0.00|near=False|yaw=0.0|peeing=False|peeCooldown=143.8|aerial=False|glide=False|legs=0|activity=Watch|site=-1|visits=0|perch=-1|birdPhase=2|landings=0
kalapati,before,0.508,4.000,0.100,-4.000,True,idle|wait=29.40|panic=0.00|target=1|speed=0.00|near=False|yaw=0.0|peeing=False|peeCooldown=143.8|aerial=False|glide=False|legs=0|activity=Watch|site=-1|visits=0|perch=-1|birdPhase=2|landings=0
kalapati,before,0.613,4.000,0.100,-4.000,True,idle|wait=29.30|panic=0.00|target=1|speed=0.00|near=False|yaw=0.0|peeing=False|peeCooldown=143.8|aerial=False|glide=False|legs=0|activity=Watch|site=-1|visits=0|perch=-1|birdPhase=2|landings=0
kalapati,before,0.716,4.000,0.100,-4.000,True,idle|wait=29.20|panic=0.00|target=1|speed=0.00|near=False|yaw=0.0|peeing=False|peeCooldown=143.8|aerial=False|glide=False|legs=0|activity=Watch|site=-1|visits=0|perch=-1|birdPhase=2|landings=0
kalapati,before,0.818,4.000,0.100,-4.000,True,idle|wait=29.10|panic=0.00|target=1|speed=0.00|near=False|yaw=0.0|peeing=False|peeCooldown=143.8|aerial=False|glide=False|legs=0|activity=Watch|site=-1|visits=0|perch=-1|birdPhase=2|landings=0
kalapati,before,0.920,4.000,0.100,-4.000,True,peck|wait=28.99|panic=0.00|target=1|speed=0.00|near=False|yaw=0.0|peeing=False|peeCooldown=143.8|aerial=False|glide=False|legs=0|activity=Watch|site=-1|visits=0|perch=-1|birdPhase=2|landings=0
kalapati,before,1.025,4.000,0.123,-3.970,True,fly|wait=28.90|panic=0.00|target=1|speed=0.00|near=True|yaw=0.0|peeing=False|peeCooldown=143.8|aerial=False|glide=False|legs=0|activity=Watch|site=-1|visits=0|perch=-1|birdPhase=3|landings=0
kalapati,before,1.125,4.000,0.412,-3.584,True,fly|wait=28.90|panic=0.00|target=1|speed=0.00|near=True|yaw=0.0|peeing=False|peeCooldown=143.8|aerial=False|glide=False|legs=0|activity=Watch|site=-1|visits=0|perch=-1|birdPhase=3|landings=0
kalapati,before,1.225,4.000,0.708,-3.190,True,fly|wait=28.90|panic=0.00|target=1|speed=0.00|near=True|yaw=0.0|peeing=False|peeCooldown=143.8|aerial=False|glide=False|legs=0|activity=Watch|site=-1|visits=0|perch=-1|birdPhase=3|landings=0
kalapati,before,1.327,4.000,1.000,-2.799,True,fly|wait=28.90|panic=0.00|target=1|speed=0.00|near=True|yaw=0.0|peeing=False|peeCooldown=143.8|aerial=False|glide=False|legs=0|activity=Watch|site=-1|visits=0|perch=-1|birdPhase=3|landings=0
kalapati,before,1.427,4.000,1.288,-2.416,True,fly|wait=28.90|panic=0.00|target=1|speed=0.00|near=True|yaw=0.0|peeing=False|peeCooldown=143.8|aerial=False|glide=False|legs=0|activity=Watch|site=-1|visits=0|perch=-1|birdPhase=3|landings=0
kalapati,before,1.530,4.000,1.585,-2.020,True,fly|wait=28.90|panic=0.00|target=1|speed=0.00|near=True|yaw=0.0|peeing=False|peeCooldown=143.8|aerial=False|glide=False|legs=0|activity=Watch|site=-1|visits=0|perch=-1|birdPhase=3|landings=0
kalapati,before,1.631,4.000,1.803,-1.730,True,fly|wait=28.90|panic=0.00|target=1|speed=0.00|near=True|yaw=0.0|peeing=False|peeCooldown=143.8|aerial=False|glide=False|legs=0|activity=Watch|site=-1|visits=0|perch=-1|birdPhase=3|landings=0
kalapati,before,1.736,4.000,2.105,-1.327,True,fly|wait=28.90|panic=0.00|target=1|speed=0.00|near=False|yaw=0.0|peeing=False|peeCooldown=143.8|aerial=False|glide=False|legs=0|activity=Watch|site=-1|visits=0|perch=-1|birdPhase=3|landings=0
kalapati,before,1.843,4.000,2.409,-0.921,True,fly|wait=28.90|panic=0.00|target=1|speed=0.00|near=False|yaw=0.0|peeing=False|peeCooldown=143.8|aerial=False|glide=False|legs=0|activity=Watch|site=-1|visits=0|perch=-1|birdPhase=3|landings=0
kalapati,before,1.952,4.000,2.695,-0.540,True,fly|wait=28.90|panic=0.00|target=1|speed=0.00|near=False|yaw=0.0|peeing=False|peeCooldown=143.8|aerial=False|glide=False|legs=0|activity=Watch|site=-1|visits=0|perch=-1|birdPhase=3|landings=0
kalapati,before,2.055,4.000,2.999,-0.135,True,fly|wait=28.90|panic=0.00|target=1|speed=0.00|near=False|yaw=0.0|peeing=False|peeCooldown=143.8|aerial=False|glide=False|legs=0|activity=Watch|site=-1|visits=0|perch=-1|birdPhase=3|landings=0
kalapati,before,2.157,4.000,3.100,0.000,False,fly|wait=10.75|panic=0.00|target=1|speed=0.00|near=False|yaw=0.0|peeing=False|peeCooldown=143.8|aerial=False|glide=False|legs=0|activity=Watch|site=-1|visits=0|perch=-1|birdPhase=0|landings=0
kalapati,before,2.261,4.000,3.100,0.000,False,fly|wait=10.68|panic=0.00|target=1|speed=0.00|near=False|yaw=0.0|peeing=False|peeCooldown=143.8|aerial=False|glide=False|legs=0|activity=Watch|site=-1|visits=0|perch=-1|birdPhase=0|landings=0
kalapati,before,2.361,4.000,3.100,0.000,False,fly|wait=10.58|panic=0.00|target=1|speed=0.00|near=False|yaw=0.0|peeing=False|peeCooldown=143.8|aerial=False|glide=False|legs=0|activity=Watch|site=-1|visits=0|perch=-1|birdPhase=0|landings=0
kalapati,before,2.462,4.000,3.100,0.000,False,fly|wait=10.48|panic=0.00|target=1|speed=0.00|near=False|yaw=0.0|peeing=False|peeCooldown=143.8|aerial=False|glide=False|legs=0|activity=Watch|site=-1|visits=0|perch=-1|birdPhase=0|landings=0
kalapati,before,2.567,4.000,3.100,0.000,False,fly|wait=10.37|panic=0.00|target=1|speed=0.00|near=False|yaw=0.0|peeing=False|peeCooldown=143.8|aerial=False|glide=False|legs=0|activity=Watch|site=-1|visits=0|perch=-1|birdPhase=0|landings=0
kalapati,before,2.671,4.000,3.100,0.000,False,fly|wait=10.27|panic=0.00|target=1|speed=0.00|near=False|yaw=0.0|peeing=False|peeCooldown=143.8|aerial=False|glide=False|legs=0|activity=Watch|site=-1|visits=0|perch=-1|birdPhase=0|landings=0
kalapati,before,2.778,4.000,3.100,0.000,False,fly|wait=10.16|panic=0.00|target=1|speed=0.00|near=False|yaw=0.0|peeing=False|peeCooldown=143.8|aerial=False|glide=False|legs=0|activity=Watch|site=-1|visits=0|perch=-1|birdPhase=0|landings=0
kalapati,before,2.893,4.000,3.100,0.000,False,fly|wait=10.05|panic=0.00|target=1|speed=0.00|near=False|yaw=0.0|peeing=False|peeCooldown=143.8|aerial=False|glide=False|legs=0|activity=Watch|site=-1|visits=0|perch=-1|birdPhase=0|landings=0
kalapati,before,2.995,4.000,3.100,0.000,False,fly|wait=9.91|panic=0.00|target=1|speed=0.00|near=False|yaw=0.0|peeing=False|peeCooldown=143.8|aerial=False|glide=False|legs=0|activity=Watch|site=-1|visits=0|perch=-1|birdPhase=0|landings=0
kalapati,before,3.095,4.000,3.100,0.000,False,fly|wait=9.81|panic=0.00|target=1|speed=0.00|near=False|yaw=0.0|peeing=False|peeCooldown=143.8|aerial=False|glide=False|legs=0|activity=Watch|site=-1|visits=0|perch=-1|birdPhase=0|landings=0
kalapati,before,3.201,4.000,3.100,0.000,False,fly|wait=9.71|panic=0.00|target=1|speed=0.00|near=False|yaw=0.0|peeing=False|peeCooldown=143.8|aerial=False|glide=False|legs=0|activity=Watch|site=-1|visits=0|perch=-1|birdPhase=0|landings=0
kalapati,before,3.302,4.000,3.100,0.000,False,fly|wait=9.60|panic=0.00|target=1|speed=0.00|near=False|yaw=0.0|peeing=False|peeCooldown=143.8|aerial=False|glide=False|legs=0|activity=Watch|site=-1|visits=0|perch=-1|birdPhase=0|landings=0
kalapati,before,3.403,4.000,3.100,0.000,False,fly|wait=9.50|panic=0.00|target=1|speed=0.00|near=False|yaw=0.0|peeing=False|peeCooldown=143.8|aerial=False|glide=False|legs=0|activity=Watch|site=-1|visits=0|perch=-1|birdPhase=0|landings=0
kalapati,before,3.509,4.000,3.100,0.000,False,fly|wait=9.40|panic=0.00|target=1|speed=0.00|near=False|yaw=0.0|peeing=False|peeCooldown=143.8|aerial=False|glide=False|legs=0|activity=Watch|site=-1|visits=0|perch=-1|birdPhase=0|landings=0
kalapati,before,3.609,4.000,3.100,0.000,False,fly|wait=9.30|panic=0.00|target=1|speed=0.00|near=False|yaw=0.0|peeing=False|peeCooldown=143.8|aerial=False|glide=False|legs=0|activity=Watch|site=-1|visits=0|perch=-1|birdPhase=0|landings=0
kalapati,before,3.711,4.000,3.100,0.000,False,fly|wait=9.20|panic=0.00|target=1|speed=0.00|near=False|yaw=0.0|peeing=False|peeCooldown=143.8|aerial=False|glide=False|legs=0|activity=Watch|site=-1|visits=0|perch=-1|birdPhase=0|landings=0
kalapati,before,3.812,4.000,3.100,0.000,False,fly|wait=9.10|panic=0.00|target=1|speed=0.00|near=False|yaw=0.0|peeing=False|peeCooldown=143.8|aerial=False|glide=False|legs=0|activity=Watch|site=-1|visits=0|perch=-1|birdPhase=0|landings=0
kalapati,before,3.923,4.000,3.100,0.000,False,fly|wait=9.02|panic=0.00|target=1|speed=0.00|near=False|yaw=0.0|peeing=False|peeCooldown=143.8|aerial=False|glide=False|legs=0|activity=Watch|site=-1|visits=0|perch=-1|birdPhase=0|landings=0
kalapati,before,4.027,4.000,3.100,0.000,False,fly|wait=8.88|panic=0.00|target=1|speed=0.00|near=False|yaw=0.0|peeing=False|peeCooldown=143.8|aerial=False|glide=False|legs=0|activity=Watch|site=-1|visits=0|perch=-1|birdPhase=0|landings=0
kalapati,before,4.129,4.000,3.100,0.000,False,fly|wait=8.78|panic=0.00|target=1|speed=0.00|near=False|yaw=0.0|peeing=False|peeCooldown=143.8|aerial=False|glide=False|legs=0|activity=Watch|site=-1|visits=0|perch=-1|birdPhase=0|landings=0
kalapati,before,4.231,4.000,3.100,0.000,False,fly|wait=8.68|panic=0.00|target=1|speed=0.00|near=False|yaw=0.0|peeing=False|peeCooldown=143.8|aerial=False|glide=False|legs=0|activity=Watch|site=-1|visits=0|perch=-1|birdPhase=0|landings=0
kalapati,before,4.335,4.000,3.100,0.000,False,fly|wait=8.58|panic=0.00|target=1|speed=0.00|near=False|yaw=0.0|peeing=False|peeCooldown=143.8|aerial=False|glide=False|legs=0|activity=Watch|site=-1|visits=0|perch=-1|birdPhase=0|landings=0
kalapati,before,4.438,4.000,3.100,0.000,False,fly|wait=8.47|panic=0.00|target=1|speed=0.00|near=False|yaw=0.0|peeing=False|peeCooldown=143.8|aerial=False|glide=False|legs=0|activity=Watch|site=-1|visits=0|perch=-1|birdPhase=0|landings=0
kalapati,before,4.546,4.000,3.100,0.000,False,fly|wait=8.37|panic=0.00|target=1|speed=0.00|near=False|yaw=0.0|peeing=False|peeCooldown=143.8|aerial=False|glide=False|legs=0|activity=Watch|site=-1|visits=0|perch=-1|birdPhase=0|landings=0
kalapati,before,4.653,4.000,3.100,0.000,False,fly|wait=8.26|panic=0.00|target=1|speed=0.00|near=False|yaw=0.0|peeing=False|peeCooldown=143.8|aerial=False|glide=False|legs=0|activity=Watch|site=-1|visits=0|perch=-1|birdPhase=0|landings=0
kalapati,before,4.760,4.000,3.100,0.000,False,fly|wait=8.15|panic=0.00|target=1|speed=0.00|near=False|yaw=0.0|peeing=False|peeCooldown=143.8|aerial=False|glide=False|legs=0|activity=Watch|site=-1|visits=0|perch=-1|birdPhase=0|landings=0
kalapati,before,4.867,4.000,3.100,0.000,False,fly|wait=8.04|panic=0.00|target=1|speed=0.00|near=False|yaw=0.0|peeing=False|peeCooldown=143.8|aerial=False|glide=False|legs=0|activity=Watch|site=-1|visits=0|perch=-1|birdPhase=0|landings=0
kalapati,before,4.968,4.000,3.100,0.000,False,fly|wait=7.94|panic=0.00|target=1|speed=0.00|near=False|yaw=0.0|peeing=False|peeCooldown=143.8|aerial=False|glide=False|legs=0|activity=Watch|site=-1|visits=0|perch=-1|birdPhase=0|landings=0
kalapati,before,5.070,4.000,3.100,0.000,False,fly|wait=7.84|panic=0.00|target=1|speed=0.00|near=False|yaw=0.0|peeing=False|peeCooldown=143.8|aerial=False|glide=False|legs=0|activity=Watch|site=-1|visits=0|perch=-1|birdPhase=0|landings=0
kalapati,before,5.171,4.000,3.100,0.000,False,fly|wait=7.73|panic=0.00|target=1|speed=0.00|near=False|yaw=0.0|peeing=False|peeCooldown=143.8|aerial=False|glide=False|legs=0|activity=Watch|site=-1|visits=0|perch=-1|birdPhase=0|landings=0
kalapati,before,5.272,4.000,3.100,0.000,False,fly|wait=7.63|panic=0.00|target=1|speed=0.00|near=False|yaw=0.0|peeing=False|peeCooldown=143.8|aerial=False|glide=False|legs=0|activity=Watch|site=-1|visits=0|perch=-1|birdPhase=0|landings=0
kalapati,before,5.375,4.000,3.100,0.000,False,fly|wait=7.53|panic=0.00|target=1|speed=0.00|near=False|yaw=0.0|peeing=False|peeCooldown=143.8|aerial=False|glide=False|legs=0|activity=Watch|site=-1|visits=0|perch=-1|birdPhase=0|landings=0
kalapati,before,5.477,4.000,3.100,0.000,False,fly|wait=7.43|panic=0.00|target=1|speed=0.00|near=False|yaw=0.0|peeing=False|peeCooldown=143.8|aerial=False|glide=False|legs=0|activity=Watch|site=-1|visits=0|perch=-1|birdPhase=0|landings=0
kalapati,before,5.581,4.000,3.100,0.000,False,fly|wait=7.33|panic=0.00|target=1|speed=0.00|near=False|yaw=0.0|peeing=False|peeCooldown=143.8|aerial=False|glide=False|legs=0|activity=Watch|site=-1|visits=0|perch=-1|birdPhase=0|landings=0
kalapati,before,5.682,4.000,3.100,0.000,False,fly|wait=7.22|panic=0.00|target=1|speed=0.00|near=False|yaw=0.0|peeing=False|peeCooldown=143.8|aerial=False|glide=False|legs=0|activity=Watch|site=-1|visits=0|perch=-1|birdPhase=0|landings=0
kalapati,before,5.786,4.000,3.100,0.000,False,fly|wait=7.15|panic=0.00|target=1|speed=0.00|near=False|yaw=0.0|peeing=False|peeCooldown=143.8|aerial=False|glide=False|legs=0|activity=Watch|site=-1|visits=0|perch=-1|birdPhase=0|landings=0
kalapati,before,5.889,4.000,3.100,0.000,False,fly|wait=7.04|panic=0.00|target=1|speed=0.00|near=False|yaw=0.0|peeing=False|peeCooldown=143.8|aerial=False|glide=False|legs=0|activity=Watch|site=-1|visits=0|perch=-1|birdPhase=0|landings=0
kalapati,after,0.000,4.000,0.100,-4.000,True,idle|wait=29.98|panic=0.00|target=1|speed=0.00|near=False|yaw=0.0|peeing=False|peeCooldown=102.1|aerial=False|glide=False|legs=0|activity=Watch|site=-1|visits=0|perch=0|birdPhase=2|landings=0
kalapati,after,0.101,4.000,0.100,-4.000,True,idle|wait=29.82|panic=0.00|target=1|speed=0.00|near=False|yaw=0.0|peeing=False|peeCooldown=102.1|aerial=False|glide=False|legs=0|activity=Watch|site=-1|visits=0|perch=0|birdPhase=2|landings=0
kalapati,after,0.201,4.000,0.100,-4.000,True,idle|wait=29.72|panic=0.00|target=1|speed=0.00|near=False|yaw=0.0|peeing=False|peeCooldown=102.1|aerial=False|glide=False|legs=0|activity=Watch|site=-1|visits=0|perch=0|birdPhase=2|landings=0
kalapati,after,0.302,4.000,0.100,-4.000,True,idle|wait=29.61|panic=0.00|target=1|speed=0.00|near=False|yaw=0.0|peeing=False|peeCooldown=102.1|aerial=False|glide=False|legs=0|activity=Watch|site=-1|visits=0|perch=0|birdPhase=2|landings=0
kalapati,after,0.402,4.000,0.100,-4.000,True,idle|wait=29.52|panic=0.00|target=1|speed=0.00|near=False|yaw=0.0|peeing=False|peeCooldown=102.1|aerial=False|glide=False|legs=0|activity=Watch|site=-1|visits=0|perch=0|birdPhase=2|landings=0
kalapati,after,0.504,4.000,0.100,-4.000,True,idle|wait=29.41|panic=0.00|target=1|speed=0.00|near=False|yaw=0.0|peeing=False|peeCooldown=102.1|aerial=False|glide=False|legs=0|activity=Watch|site=-1|visits=0|perch=0|birdPhase=2|landings=0
kalapati,after,0.606,4.000,0.100,-4.000,True,idle|wait=29.31|panic=0.00|target=1|speed=0.00|near=False|yaw=0.0|peeing=False|peeCooldown=102.1|aerial=False|glide=False|legs=0|activity=Watch|site=-1|visits=0|perch=0|birdPhase=2|landings=0
kalapati,after,0.708,4.000,0.100,-4.000,True,idle|wait=29.21|panic=0.00|target=1|speed=0.00|near=False|yaw=0.0|peeing=False|peeCooldown=102.1|aerial=False|glide=False|legs=0|activity=Watch|site=-1|visits=0|perch=0|birdPhase=2|landings=0
kalapati,after,0.811,4.000,0.100,-4.000,True,idle|wait=29.11|panic=0.00|target=1|speed=0.00|near=False|yaw=0.0|peeing=False|peeCooldown=102.1|aerial=False|glide=False|legs=0|activity=Watch|site=-1|visits=0|perch=0|birdPhase=2|landings=0
kalapati,after,0.914,4.000,0.100,-4.000,True,idle|wait=29.00|panic=0.00|target=1|speed=0.00|near=False|yaw=0.0|peeing=False|peeCooldown=102.1|aerial=False|glide=False|legs=0|activity=Watch|site=-1|visits=0|perch=0|birdPhase=2|landings=0
kalapati,after,1.016,4.000,0.100,-4.000,True,fly|wait=28.90|panic=0.00|target=1|speed=0.00|near=True|yaw=0.0|peeing=False|peeCooldown=102.1|aerial=False|glide=False|legs=0|activity=Watch|site=-1|visits=0|perch=0|birdPhase=3|landings=0
kalapati,after,1.119,3.669,0.234,-4.000,True,fly|wait=28.90|panic=0.00|target=1|speed=4.83|near=True|yaw=307.8|peeing=False|peeCooldown=102.1|aerial=False|glide=False|legs=0|activity=Watch|site=-1|visits=0|perch=0|birdPhase=3|landings=0
kalapati,after,1.223,3.179,0.430,-4.000,True,fly|wait=28.90|panic=0.00|target=1|speed=4.99|near=True|yaw=280.8|peeing=False|peeCooldown=102.1|aerial=False|glide=False|legs=0|activity=Watch|site=-1|visits=0|perch=0|birdPhase=3|landings=0
kalapati,after,1.330,2.676,0.631,-4.000,True,fly|wait=28.90|panic=0.00|target=1|speed=5.15|near=True|yaw=273.0|peeing=False|peeCooldown=102.1|aerial=False|glide=False|legs=0|activity=Watch|site=-1|visits=0|perch=0|birdPhase=3|landings=0
kalapati,after,1.439,2.155,0.837,-4.000,True,fly|wait=28.90|panic=0.00|target=1|speed=5.30|near=False|yaw=270.8|peeing=False|peeCooldown=102.1|aerial=False|glide=False|legs=0|activity=Watch|site=-1|visits=0|perch=0|birdPhase=3|landings=0
kalapati,after,1.544,1.625,1.045,-4.000,True,fly|wait=28.90|panic=0.00|target=1|speed=5.43|near=False|yaw=270.2|peeing=False|peeCooldown=102.1|aerial=False|glide=False|legs=0|activity=Watch|site=-1|visits=0|perch=0|birdPhase=3|landings=0
kalapati,after,1.645,0.971,1.299,-4.000,True,fly|wait=28.90|panic=0.00|target=1|speed=5.58|near=False|yaw=270.1|peeing=False|peeCooldown=102.1|aerial=False|glide=False|legs=0|activity=Watch|site=-1|visits=0|perch=0|birdPhase=3|landings=0
kalapati,after,1.747,0.571,1.453,-4.000,True,fly|wait=28.90|panic=0.00|target=1|speed=5.68|near=False|yaw=270.0|peeing=False|peeCooldown=102.1|aerial=False|glide=False|legs=0|activity=Watch|site=-1|visits=0|perch=0|birdPhase=3|landings=0
kalapati,after,1.848,0.026,1.662,-4.000,True,fly|wait=28.90|panic=0.00|target=1|speed=5.80|near=False|yaw=270.0|peeing=False|peeCooldown=102.1|aerial=False|glide=False|legs=0|activity=Watch|site=-1|visits=0|perch=0|birdPhase=3|landings=0
kalapati,after,1.966,-0.542,1.878,-4.000,True,fly|wait=28.90|panic=0.00|target=1|speed=5.91|near=False|yaw=270.0|peeing=False|peeCooldown=102.1|aerial=False|glide=False|legs=0|activity=Watch|site=-1|visits=0|perch=0|birdPhase=3|landings=0
kalapati,after,2.070,-1.325,2.172,-4.000,True,fly|wait=28.90|panic=0.00|target=1|speed=6.04|near=False|yaw=270.0|peeing=False|peeCooldown=102.1|aerial=False|glide=False|legs=0|activity=Watch|site=-1|visits=0|perch=0|birdPhase=3|landings=0
kalapati,after,2.172,-1.929,2.396,-4.000,True,fly|wait=28.90|panic=0.00|target=1|speed=6.14|near=False|yaw=270.0|peeing=False|peeCooldown=102.1|aerial=False|glide=False|legs=0|activity=Watch|site=-1|visits=0|perch=0|birdPhase=3|landings=0
kalapati,after,2.274,-2.527,2.617,-4.000,True,fly|wait=28.90|panic=0.00|target=1|speed=6.22|near=False|yaw=270.0|peeing=False|peeCooldown=102.1|aerial=False|glide=False|legs=0|activity=Watch|site=-1|visits=0|perch=0|birdPhase=3|landings=0
kalapati,after,2.376,-3.109,2.829,-4.000,True,fly|wait=28.90|panic=0.00|target=1|speed=6.29|near=False|yaw=270.0|peeing=False|peeCooldown=102.1|aerial=False|glide=False|legs=0|activity=Watch|site=-1|visits=0|perch=0|birdPhase=3|landings=0
kalapati,after,2.478,-3.574,2.998,-4.000,True,fly|wait=28.90|panic=0.00|target=1|speed=6.35|near=False|yaw=270.0|peeing=False|peeCooldown=102.1|aerial=False|glide=False|legs=0|activity=Watch|site=-1|visits=0|perch=0|birdPhase=3|landings=0
kalapati,after,2.579,-4.185,3.217,-4.000,True,fly|wait=28.90|panic=0.00|target=1|speed=6.42|near=False|yaw=270.0|peeing=False|peeCooldown=102.1|aerial=False|glide=False|legs=0|activity=Watch|site=-1|visits=0|perch=0|birdPhase=3|landings=0
kalapati,after,2.683,-4.813,3.440,-4.000,True,fly|wait=28.90|panic=0.00|target=1|speed=6.48|near=False|yaw=270.0|peeing=False|peeCooldown=102.1|aerial=False|glide=False|legs=0|activity=Watch|site=-1|visits=0|perch=0|birdPhase=3|landings=0
kalapati,after,2.788,-5.444,3.661,-4.000,True,fly|wait=28.90|panic=0.00|target=1|speed=6.53|near=False|yaw=270.0|peeing=False|peeCooldown=102.1|aerial=False|glide=False|legs=0|activity=Watch|site=-1|visits=0|perch=0|birdPhase=3|landings=0
kalapati,after,2.888,-6.077,3.881,-4.000,True,fly|wait=28.90|panic=0.00|target=1|speed=6.58|near=False|yaw=270.0|peeing=False|peeCooldown=102.1|aerial=False|glide=False|legs=0|activity=Watch|site=-1|visits=0|perch=0|birdPhase=3|landings=0
kalapati,after,2.992,-6.729,4.104,-4.000,True,fly|wait=28.90|panic=0.00|target=1|speed=6.62|near=False|yaw=270.0|peeing=False|peeCooldown=102.1|aerial=False|glide=False|legs=0|activity=Watch|site=-1|visits=0|perch=0|birdPhase=3|landings=0
kalapati,after,3.097,-7.385,4.326,-4.000,True,fly|wait=28.90|panic=0.00|target=1|speed=6.65|near=False|yaw=270.0|peeing=False|peeCooldown=102.1|aerial=False|glide=False|legs=0|activity=Watch|site=-1|visits=0|perch=0|birdPhase=3|landings=0
kalapati,after,3.198,-8.029,4.542,-4.000,True,fly|wait=28.90|panic=0.00|target=1|speed=6.68|near=False|yaw=270.0|peeing=False|peeCooldown=102.1|aerial=False|glide=False|legs=0|activity=Watch|site=-1|visits=0|perch=0|birdPhase=3|landings=0
kalapati,after,3.304,-8.695,4.761,-4.000,True,fly|wait=28.90|panic=0.00|target=1|speed=6.69|near=False|yaw=270.0|peeing=False|peeCooldown=102.1|aerial=False|glide=False|legs=0|activity=Watch|site=-1|visits=0|perch=0|birdPhase=3|landings=0
kalapati,after,3.411,-9.382,4.984,-4.000,True,fly|wait=28.90|panic=0.00|target=1|speed=6.71|near=False|yaw=270.0|peeing=False|peeCooldown=102.1|aerial=False|glide=False|legs=0|activity=Watch|site=-1|visits=0|perch=0|birdPhase=3|landings=0
kalapati,after,3.518,-10.063,5.201,-4.000,True,fly|wait=28.90|panic=0.00|target=1|speed=6.71|near=False|yaw=270.0|peeing=False|peeCooldown=102.1|aerial=False|glide=False|legs=0|activity=Watch|site=-1|visits=0|perch=0|birdPhase=3|landings=0
kalapati,after,3.626,-10.737,5.413,-4.000,True,fly|wait=28.90|panic=0.00|target=1|speed=6.71|near=False|yaw=270.0|peeing=False|peeCooldown=102.1|aerial=False|glide=False|legs=0|activity=Watch|site=-1|visits=0|perch=0|birdPhase=3|landings=0
kalapati,after,3.728,-11.385,5.613,-4.000,True,fly|wait=28.90|panic=0.00|target=1|speed=6.70|near=False|yaw=270.0|peeing=False|peeCooldown=102.1|aerial=False|glide=False|legs=0|activity=Watch|site=-1|visits=0|perch=0|birdPhase=3|landings=0
kalapati,after,3.834,-12.037,5.810,-4.000,True,fly|wait=28.90|panic=0.00|target=1|speed=6.69|near=False|yaw=270.0|peeing=False|peeCooldown=102.1|aerial=False|glide=False|legs=0|activity=Watch|site=-1|visits=0|perch=0|birdPhase=3|landings=0
kalapati,after,3.938,-12.687,6.004,-4.000,True,fly|wait=28.90|panic=0.00|target=1|speed=6.67|near=False|yaw=270.0|peeing=False|peeCooldown=102.1|aerial=False|glide=False|legs=0|activity=Watch|site=-1|visits=0|perch=0|birdPhase=3|landings=0
kalapati,after,4.042,-13.561,6.257,-4.000,True,fly|wait=28.90|panic=0.00|target=1|speed=6.63|near=False|yaw=270.0|peeing=False|peeCooldown=102.1|aerial=False|glide=False|legs=0|activity=Watch|site=-1|visits=0|perch=0|birdPhase=3|landings=0
kalapati,after,4.142,-14.218,6.443,-4.000,True,fly|wait=28.90|panic=0.00|target=1|speed=6.60|near=False|yaw=270.0|peeing=False|peeCooldown=102.1|aerial=False|glide=False|legs=0|activity=Watch|site=-1|visits=0|perch=0|birdPhase=3|landings=0
kalapati,after,4.244,-14.862,6.621,-4.000,True,fly|wait=28.90|panic=0.00|target=1|speed=6.56|near=False|yaw=270.0|peeing=False|peeCooldown=102.1|aerial=False|glide=False|legs=0|activity=Watch|site=-1|visits=0|perch=0|birdPhase=3|landings=0
kalapati,after,4.344,-15.501,6.792,-4.000,True,fly|wait=28.90|panic=0.00|target=1|speed=6.50|near=False|yaw=270.0|peeing=False|peeCooldown=102.1|aerial=False|glide=False|legs=0|activity=Watch|site=-1|visits=0|perch=0|birdPhase=3|landings=0
kalapati,after,4.448,-16.144,6.961,-4.000,True,fly|wait=28.90|panic=0.00|target=1|speed=6.44|near=False|yaw=270.0|peeing=False|peeCooldown=102.1|aerial=False|glide=False|legs=0|activity=Watch|site=-1|visits=0|perch=0|birdPhase=3|landings=0
kalapati,after,4.551,-16.781,7.122,-4.000,True,fly|wait=28.90|panic=0.00|target=1|speed=6.39|near=False|yaw=270.0|peeing=False|peeCooldown=102.1|aerial=False|glide=False|legs=0|activity=Watch|site=-1|visits=0|perch=0|birdPhase=3|landings=0
kalapati,after,4.652,-17.407,7.276,-4.000,True,fly|wait=28.90|panic=0.00|target=1|speed=6.32|near=False|yaw=270.0|peeing=False|peeCooldown=102.1|aerial=False|glide=False|legs=0|activity=Watch|site=-1|visits=0|perch=0|birdPhase=3|landings=0
kalapati,after,4.756,-18.037,7.425,-4.000,True,fly|wait=28.90|panic=0.00|target=1|speed=6.25|near=False|yaw=270.0|peeing=False|peeCooldown=102.1|aerial=False|glide=False|legs=0|activity=Watch|site=-1|visits=0|perch=0|birdPhase=3|landings=0
kalapati,after,4.858,-18.662,7.567,-4.000,True,fly|wait=28.90|panic=0.00|target=1|speed=6.17|near=False|yaw=270.0|peeing=False|peeCooldown=102.1|aerial=False|glide=False|legs=0|activity=Watch|site=-1|visits=0|perch=0|birdPhase=3|landings=0
kalapati,after,4.959,-19.113,7.666,-4.000,True,fly|wait=28.90|panic=0.00|target=1|speed=6.10|near=False|yaw=270.0|peeing=False|peeCooldown=102.1|aerial=False|glide=False|legs=0|activity=Watch|site=-1|visits=0|perch=0|birdPhase=3|landings=0
kalapati,after,5.062,-19.722,7.794,-4.000,True,fly|wait=28.90|panic=0.00|target=1|speed=6.00|near=False|yaw=270.0|peeing=False|peeCooldown=102.1|aerial=False|glide=False|legs=0|activity=Watch|site=-1|visits=0|perch=0|birdPhase=3|landings=0
kalapati,after,5.166,-20.330,7.916,-4.000,True,fly|wait=28.90|panic=0.00|target=1|speed=5.90|near=False|yaw=270.0|peeing=False|peeCooldown=102.1|aerial=False|glide=False|legs=0|activity=Watch|site=-1|visits=0|perch=0|birdPhase=3|landings=0
kalapati,after,5.268,-20.910,8.025,-4.000,True,fly|wait=28.90|panic=0.00|target=1|speed=5.80|near=False|yaw=270.0|peeing=False|peeCooldown=102.1|aerial=False|glide=False|legs=0|activity=Watch|site=-1|visits=0|perch=0|birdPhase=3|landings=0
kalapati,after,5.374,-21.500,8.129,-4.000,True,fly|wait=28.90|panic=0.00|target=1|speed=5.69|near=False|yaw=270.0|peeing=False|peeCooldown=102.1|aerial=False|glide=False|legs=0|activity=Watch|site=-1|visits=0|perch=0|birdPhase=3|landings=0
kalapati,after,5.476,-22.071,8.222,-4.000,True,fly|wait=28.90|panic=0.00|target=1|speed=5.58|near=False|yaw=270.0|peeing=False|peeCooldown=102.1|aerial=False|glide=False|legs=0|activity=Watch|site=-1|visits=0|perch=0|birdPhase=3|landings=0
kalapati,after,5.577,-22.634,8.306,-4.000,True,fly|wait=28.90|panic=0.00|target=1|speed=5.46|near=False|yaw=270.0|peeing=False|peeCooldown=102.1|aerial=False|glide=False|legs=0|activity=Watch|site=-1|visits=0|perch=0|birdPhase=3|landings=0
kalapati,after,5.690,-23.197,8.381,-4.000,True,fly|wait=28.90|panic=0.00|target=1|speed=5.33|near=False|yaw=270.0|peeing=False|peeCooldown=102.1|aerial=False|glide=False|legs=0|activity=Watch|site=-1|visits=0|perch=0|birdPhase=3|landings=0
kalapati,after,5.793,-23.736,8.444,-4.000,True,fly|wait=28.90|panic=0.00|target=1|speed=5.20|near=False|yaw=270.0|peeing=False|peeCooldown=102.1|aerial=False|glide=False|legs=0|activity=Watch|site=-1|visits=0|perch=0|birdPhase=3|landings=0
kalapati,after,5.898,-24.270,8.498,-4.000,True,fly|wait=28.90|panic=0.00|target=1|speed=5.06|near=False|yaw=270.0|peeing=False|peeCooldown=102.1|aerial=False|glide=False|legs=0|activity=Watch|site=-1|visits=0|perch=0|birdPhase=3|landings=0
kalapati,after,6.005,-24.801,8.540,-4.000,True,fly|wait=28.90|panic=0.00|target=1|speed=4.91|near=False|yaw=270.0|peeing=False|peeCooldown=102.1|aerial=False|glide=False|legs=0|activity=Watch|site=-1|visits=0|perch=0|birdPhase=3|landings=0
kalapati,after,6.107,-25.448,8.576,-4.000,True,fly|wait=28.90|panic=0.00|target=1|speed=4.74|near=False|yaw=270.0|peeing=False|peeCooldown=102.1|aerial=False|glide=False|legs=0|activity=Watch|site=-1|visits=0|perch=0|birdPhase=3|landings=0
kalapati,after,6.208,-25.916,8.590,-4.000,True,fly|wait=28.90|panic=0.00|target=1|speed=4.59|near=False|yaw=270.0|peeing=False|peeCooldown=102.1|aerial=False|glide=False|legs=0|activity=Watch|site=-1|visits=0|perch=0|birdPhase=3|landings=0
kalapati,after,6.310,-26.375,8.593,-4.000,True,fly|wait=28.90|panic=0.00|target=1|speed=4.44|near=False|yaw=270.0|peeing=False|peeCooldown=102.1|aerial=False|glide=False|legs=0|activity=Watch|site=-1|visits=0|perch=0|birdPhase=3|landings=0
kalapati,after,6.410,-26.811,8.583,-4.000,True,fly|wait=28.90|panic=0.00|target=1|speed=4.29|near=False|yaw=270.0|peeing=False|peeCooldown=102.1|aerial=False|glide=False|legs=0|activity=Watch|site=-1|visits=0|perch=0|birdPhase=3|landings=0
kalapati,after,6.514,-27.138,8.567,-4.000,True,fly|wait=28.90|panic=0.00|target=1|speed=4.15|near=False|yaw=270.0|peeing=False|peeCooldown=102.1|aerial=False|glide=False|legs=0|activity=Watch|site=-1|visits=0|perch=0|birdPhase=3|landings=0
kalapati,after,6.618,-27.561,8.534,-4.000,True,fly|wait=28.90|panic=0.00|target=1|speed=3.99|near=False|yaw=270.0|peeing=False|peeCooldown=102.1|aerial=False|glide=False|legs=0|activity=Watch|site=-1|visits=0|perch=0|birdPhase=3|landings=0
kalapati,after,6.722,-27.961,8.488,-4.000,True,fly|wait=28.90|panic=0.00|target=1|speed=3.83|near=False|yaw=270.0|peeing=False|peeCooldown=102.1|aerial=False|glide=False|legs=0|activity=Watch|site=-1|visits=0|perch=0|birdPhase=3|landings=0
kalapati,after,6.825,-28.272,8.440,-4.000,False,fly|wait=21.56|panic=0.00|target=1|speed=3.06|near=False|yaw=270.0|peeing=False|peeCooldown=102.1|aerial=False|glide=False|legs=0|activity=Watch|site=-1|visits=0|perch=0|birdPhase=0|landings=0
kalapati,after,6.935,-28.272,8.440,-4.000,False,fly|wait=21.48|panic=0.00|target=1|speed=3.06|near=False|yaw=270.0|peeing=False|peeCooldown=102.1|aerial=False|glide=False|legs=0|activity=Watch|site=-1|visits=0|perch=0|birdPhase=0|landings=0
kalapati,after,7.037,-28.272,8.440,-4.000,False,fly|wait=21.34|panic=0.00|target=1|speed=3.06|near=False|yaw=270.0|peeing=False|peeCooldown=102.1|aerial=False|glide=False|legs=0|activity=Watch|site=-1|visits=0|perch=0|birdPhase=0|landings=0
kalapati,after,7.139,-28.272,8.440,-4.000,False,fly|wait=21.24|panic=0.00|target=1|speed=3.06|near=False|yaw=270.0|peeing=False|peeCooldown=102.1|aerial=False|glide=False|legs=0|activity=Watch|site=-1|visits=0|perch=0|birdPhase=0|landings=0
kalapati,after,7.242,-28.272,8.440,-4.000,False,fly|wait=21.17|panic=0.00|target=1|speed=3.06|near=False|yaw=270.0|peeing=False|peeCooldown=102.1|aerial=False|glide=False|legs=0|activity=Watch|site=-1|visits=0|perch=0|birdPhase=0|landings=0
kalapati,after,7.345,-28.272,8.440,-4.000,False,fly|wait=21.07|panic=0.00|target=1|speed=3.06|near=False|yaw=270.0|peeing=False|peeCooldown=102.1|aerial=False|glide=False|legs=0|activity=Watch|site=-1|visits=0|perch=0|birdPhase=0|landings=0
kalapati,after,7.450,-28.272,8.440,-4.000,False,fly|wait=20.96|panic=0.00|target=1|speed=3.06|near=False|yaw=270.0|peeing=False|peeCooldown=102.1|aerial=False|glide=False|legs=0|activity=Watch|site=-1|visits=0|perch=0|birdPhase=0|landings=0
kalapati,after,7.556,-28.272,8.440,-4.000,False,fly|wait=20.86|panic=0.00|target=1|speed=3.06|near=False|yaw=270.0|peeing=False|peeCooldown=102.1|aerial=False|glide=False|legs=0|activity=Watch|site=-1|visits=0|perch=0|birdPhase=0|landings=0
kalapati,after,7.658,-28.272,8.440,-4.000,False,fly|wait=20.72|panic=0.00|target=1|speed=3.06|near=False|yaw=270.0|peeing=False|peeCooldown=102.1|aerial=False|glide=False|legs=0|activity=Watch|site=-1|visits=0|perch=0|birdPhase=0|landings=0
kalapati,after,7.761,-28.272,8.440,-4.000,False,fly|wait=20.66|panic=0.00|target=1|speed=3.06|near=False|yaw=270.0|peeing=False|peeCooldown=102.1|aerial=False|glide=False|legs=0|activity=Watch|site=-1|visits=0|perch=0|birdPhase=0|landings=0
kalapati,after,7.863,-28.272,8.440,-4.000,False,fly|wait=20.52|panic=0.00|target=1|speed=3.06|near=False|yaw=270.0|peeing=False|peeCooldown=102.1|aerial=False|glide=False|legs=0|activity=Watch|site=-1|visits=0|perch=0|birdPhase=0|landings=0
kalapati,after,7.966,-28.272,8.440,-4.000,False,fly|wait=20.42|panic=0.00|target=1|speed=3.06|near=False|yaw=270.0|peeing=False|peeCooldown=102.1|aerial=False|glide=False|legs=0|activity=Watch|site=-1|visits=0|perch=0|birdPhase=0|landings=0
kalapati,arrival,0.000,2.357,7.092,-27.965,True,fly|wait=20.40|panic=0.00|target=1|speed=9.40|near=False|yaw=7.6|peeing=False|peeCooldown=102.1|aerial=False|glide=False|legs=0|activity=Watch|site=-1|visits=0|perch=1|birdPhase=1|landings=0
kalapati,arrival,0.100,2.468,6.908,-27.053,True,fly|wait=20.40|panic=0.00|target=1|speed=9.28|near=False|yaw=7.0|peeing=False|peeCooldown=102.1|aerial=False|glide=False|legs=0|activity=Watch|site=-1|visits=0|perch=1|birdPhase=1|landings=0
kalapati,arrival,0.204,2.567,6.723,-26.163,True,fly|wait=20.40|panic=0.00|target=1|speed=9.16|near=False|yaw=6.5|peeing=False|peeCooldown=102.1|aerial=False|glide=False|legs=0|activity=Watch|site=-1|visits=0|perch=1|birdPhase=1|landings=0
kalapati,arrival,0.307,2.663,6.524,-25.234,True,fly|wait=20.40|panic=0.00|target=1|speed=9.02|near=False|yaw=6.0|peeing=False|peeCooldown=102.1|aerial=False|glide=False|legs=0|activity=Watch|site=-1|visits=0|perch=1|birdPhase=1|landings=0
kalapati,arrival,0.411,2.748,6.324,-24.330,True,fly|wait=20.40|panic=0.00|target=1|speed=8.91|near=False|yaw=5.5|peeing=False|peeCooldown=102.1|aerial=False|glide=False|legs=0|activity=Watch|site=-1|visits=0|perch=1|birdPhase=1|landings=0
kalapati,arrival,0.512,2.821,6.131,-23.481,True,fly|wait=20.40|panic=0.00|target=1|speed=8.77|near=False|yaw=5.0|peeing=False|peeCooldown=102.1|aerial=False|glide=False|legs=0|activity=Watch|site=-1|visits=0|perch=1|birdPhase=1|landings=0
kalapati,arrival,0.614,2.890,5.923,-22.587,True,fly|wait=20.40|panic=0.00|target=1|speed=8.59|near=False|yaw=4.5|peeing=False|peeCooldown=102.1|aerial=False|glide=False|legs=0|activity=Watch|site=-1|visits=0|perch=1|birdPhase=1|landings=0
kalapati,arrival,0.717,2.949,5.721,-21.744,True,fly|wait=20.40|panic=0.00|target=1|speed=8.46|near=False|yaw=4.1|peeing=False|peeCooldown=102.1|aerial=False|glide=False|legs=0|activity=Watch|site=-1|visits=0|perch=1|birdPhase=1|landings=0
kalapati,arrival,0.820,2.986,5.581,-21.168,True,fly|wait=20.40|panic=0.00|target=1|speed=8.32|near=False|yaw=3.8|peeing=False|peeCooldown=102.1|aerial=False|glide=False|legs=0|activity=Watch|site=-1|visits=0|perch=1|birdPhase=1|landings=0
kalapati,arrival,0.920,3.046,5.320,-20.121,True,fly|wait=20.40|panic=0.00|target=1|speed=8.13|near=False|yaw=3.3|peeing=False|peeCooldown=102.1|aerial=False|glide=False|legs=0|activity=Watch|site=-1|visits=0|perch=1|birdPhase=1|landings=0
kalapati,arrival,1.021,3.084,5.122,-19.342,True,fly|wait=20.40|panic=0.00|target=1|speed=7.96|near=False|yaw=2.9|peeing=False|peeCooldown=102.1|aerial=False|glide=False|legs=0|activity=Watch|site=-1|visits=0|perch=1|birdPhase=1|landings=0
kalapati,arrival,1.123,3.110,4.972,-18.766,True,fly|wait=20.40|panic=0.00|target=1|speed=7.82|near=False|yaw=2.6|peeing=False|peeCooldown=102.1|aerial=False|glide=False|legs=0|activity=Watch|site=-1|visits=0|perch=1|birdPhase=1|landings=0
kalapati,arrival,1.227,3.139,4.768,-17.991,True,fly|wait=20.40|panic=0.00|target=1|speed=7.64|near=False|yaw=2.3|peeing=False|peeCooldown=102.1|aerial=False|glide=False|legs=0|activity=Watch|site=-1|visits=0|perch=1|birdPhase=1|landings=0
kalapati,arrival,1.328,3.163,4.566,-17.241,True,fly|wait=20.40|panic=0.00|target=1|speed=7.45|near=False|yaw=1.9|peeing=False|peeCooldown=102.1|aerial=False|glide=False|legs=0|activity=Watch|site=-1|visits=0|perch=1|birdPhase=1|landings=0
kalapati,arrival,1.433,3.183,4.363,-16.496,True,fly|wait=20.40|panic=0.00|target=1|speed=7.26|near=False|yaw=1.6|peeing=False|peeCooldown=102.1|aerial=False|glide=False|legs=0|activity=Watch|site=-1|visits=0|perch=1|birdPhase=1|landings=0
kalapati,arrival,1.536,3.198,4.166,-15.787,True,fly|wait=20.40|panic=0.00|target=1|speed=7.07|near=False|yaw=1.2|peeing=False|peeCooldown=102.1|aerial=False|glide=False|legs=0|activity=Watch|site=-1|visits=0|perch=1|birdPhase=1|landings=0
kalapati,arrival,1.640,3.210,3.922,-14.926,True,fly|wait=20.40|panic=0.00|target=1|speed=6.86|near=False|yaw=0.9|peeing=False|peeCooldown=102.1|aerial=False|glide=False|legs=0|activity=Watch|site=-1|visits=0|perch=1|birdPhase=1|landings=0
kalapati,arrival,1.740,3.215,3.784,-14.444,True,fly|wait=20.40|panic=0.00|target=1|speed=6.69|near=False|yaw=0.6|peeing=False|peeCooldown=102.1|aerial=False|glide=False|legs=0|activity=Watch|site=-1|visits=0|perch=1|birdPhase=1|landings=0
kalapati,arrival,1.846,3.218,3.595,-13.795,True,fly|wait=20.40|panic=0.00|target=1|speed=6.49|near=False|yaw=0.4|peeing=False|peeCooldown=102.1|aerial=False|glide=False|legs=0|activity=Watch|site=-1|visits=0|perch=1|birdPhase=1|landings=0
kalapati,arrival,1.957,3.218,3.401,-13.136,True,fly|wait=20.40|panic=0.00|target=1|speed=6.28|near=False|yaw=0.1|peeing=False|peeCooldown=102.1|aerial=False|glide=False|legs=0|activity=Watch|site=-1|visits=0|perch=1|birdPhase=1|landings=0
kalapati,arrival,2.062,3.216,3.221,-12.534,True,fly|wait=20.40|panic=0.00|target=1|speed=6.08|near=False|yaw=359.8|peeing=False|peeCooldown=102.1|aerial=False|glide=False|legs=0|activity=Watch|site=-1|visits=0|perch=1|birdPhase=1|landings=0
kalapati,arrival,2.168,3.208,2.982,-11.747,True,fly|wait=20.40|panic=0.00|target=1|speed=5.80|near=False|yaw=359.5|peeing=False|peeCooldown=102.1|aerial=False|glide=False|legs=0|activity=Watch|site=-1|visits=0|perch=1|birdPhase=1|landings=0
kalapati,arrival,2.270,3.200,2.802,-11.164,True,fly|wait=20.40|panic=0.00|target=1|speed=5.59|near=False|yaw=359.2|peeing=False|peeCooldown=102.1|aerial=False|glide=False|legs=0|activity=Watch|site=-1|visits=0|perch=1|birdPhase=1|landings=0
kalapati,arrival,2.373,3.190,2.639,-10.641,True,fly|wait=20.40|panic=0.00|target=1|speed=5.42|near=False|yaw=359.0|peeing=False|peeCooldown=102.1|aerial=False|glide=False|legs=0|activity=Watch|site=-1|visits=0|perch=1|birdPhase=1|landings=0
kalapati,arrival,2.475,3.178,2.474,-10.118,True,fly|wait=20.40|panic=0.00|target=1|speed=5.20|near=False|yaw=358.8|peeing=False|peeCooldown=102.1|aerial=False|glide=False|legs=0|activity=Watch|site=-1|visits=0|perch=1|birdPhase=1|landings=0
kalapati,arrival,2.575,3.169,2.358,-9.754,True,fly|wait=20.40|panic=0.00|target=1|speed=5.02|near=False|yaw=358.6|peeing=False|peeCooldown=102.1|aerial=False|glide=False|legs=0|activity=Watch|site=-1|visits=0|perch=1|birdPhase=1|landings=0
kalapati,arrival,2.676,3.156,2.206,-9.283,True,fly|wait=20.40|panic=0.00|target=1|speed=4.81|near=False|yaw=358.4|peeing=False|peeCooldown=102.1|aerial=False|glide=False|legs=0|activity=Watch|site=-1|visits=0|perch=1|birdPhase=1|landings=0
kalapati,arrival,2.778,3.142,2.059,-8.831,True,fly|wait=20.40|panic=0.00|target=1|speed=4.60|near=False|yaw=358.2|peeing=False|peeCooldown=102.1|aerial=False|glide=False|legs=0|activity=Watch|site=-1|visits=0|perch=1|birdPhase=1|landings=0
kalapati,arrival,2.881,3.127,1.917,-8.398,True,fly|wait=20.40|panic=0.00|target=1|speed=4.40|near=False|yaw=358.1|peeing=False|peeCooldown=102.1|aerial=False|glide=False|legs=0|activity=Watch|site=-1|visits=0|perch=1|birdPhase=1|landings=0
kalapati,arrival,2.988,3.111,1.771,-7.960,True,fly|wait=20.40|panic=0.00|target=1|speed=4.17|near=False|yaw=357.9|peeing=False|peeCooldown=102.1|aerial=False|glide=False|legs=0|activity=Watch|site=-1|visits=0|perch=1|birdPhase=1|landings=0
kalapati,arrival,3.090,3.095,1.638,-7.565,True,fly|wait=20.40|panic=0.00|target=1|speed=3.97|near=False|yaw=357.7|peeing=False|peeCooldown=102.1|aerial=False|glide=False|legs=0|activity=Watch|site=-1|visits=0|perch=1|birdPhase=1|landings=0
kalapati,arrival,3.195,3.078,1.508,-7.180,True,fly|wait=20.40|panic=0.00|target=1|speed=3.75|near=False|yaw=357.6|peeing=False|peeCooldown=102.1|aerial=False|glide=False|legs=0|activity=Watch|site=-1|visits=0|perch=1|birdPhase=1|landings=0
kalapati,arrival,3.301,3.062,1.382,-6.813,True,fly|wait=20.40|panic=0.00|target=1|speed=3.54|near=False|yaw=357.5|peeing=False|peeCooldown=102.1|aerial=False|glide=False|legs=0|activity=Watch|site=-1|visits=0|perch=1|birdPhase=1|landings=0
kalapati,arrival,3.410,3.045,1.261,-6.464,True,fly|wait=20.40|panic=0.00|target=1|speed=3.33|near=False|yaw=357.3|peeing=False|peeCooldown=102.1|aerial=False|glide=False|legs=0|activity=Watch|site=-1|visits=0|perch=1|birdPhase=1|landings=0
kalapati,arrival,3.520,3.030,1.150,-6.149,True,fly|wait=20.40|panic=0.00|target=1|speed=3.13|near=False|yaw=357.2|peeing=False|peeCooldown=102.1|aerial=False|glide=False|legs=0|activity=Watch|site=-1|visits=0|perch=1|birdPhase=1|landings=0
kalapati,arrival,3.620,3.016,1.050,-5.864,True,fly|wait=20.40|panic=0.00|target=1|speed=2.93|near=False|yaw=357.1|peeing=False|peeCooldown=102.1|aerial=False|glide=False|legs=0|activity=Watch|site=-1|visits=0|perch=1|birdPhase=1|landings=0
kalapati,arrival,3.721,2.997,0.923,-5.510,True,fly|wait=20.40|panic=0.00|target=1|speed=2.68|near=False|yaw=357.0|peeing=False|peeCooldown=102.1|aerial=False|glide=False|legs=0|activity=Watch|site=-1|visits=0|perch=1|birdPhase=1|landings=0
kalapati,arrival,3.824,2.984,0.834,-5.264,True,fly|wait=20.40|panic=0.00|target=1|speed=2.51|near=False|yaw=357.0|peeing=False|peeCooldown=102.1|aerial=False|glide=False|legs=0|activity=Watch|site=-1|visits=0|perch=1|birdPhase=1|landings=0
kalapati,arrival,3.924,2.975,0.773,-5.097,True,fly|wait=20.40|panic=0.00|target=1|speed=2.35|near=False|yaw=356.9|peeing=False|peeCooldown=102.1|aerial=False|glide=False|legs=0|activity=Watch|site=-1|visits=0|perch=1|birdPhase=1|landings=0
kalapati,arrival,4.029,2.963,0.692,-4.878,True,fly|wait=20.40|panic=0.00|target=1|speed=2.17|near=False|yaw=356.9|peeing=False|peeCooldown=102.1|aerial=False|glide=False|legs=0|activity=Watch|site=-1|visits=0|perch=1|birdPhase=1|landings=0
kalapati,arrival,4.138,2.952,0.619,-4.682,True,fly|wait=20.40|panic=0.00|target=1|speed=1.99|near=False|yaw=356.9|peeing=False|peeCooldown=102.1|aerial=False|glide=False|legs=0|activity=Watch|site=-1|visits=0|perch=1|birdPhase=1|landings=0
kalapati,arrival,4.238,2.942,0.548,-4.496,True,fly|wait=20.40|panic=0.00|target=1|speed=1.82|near=False|yaw=356.9|peeing=False|peeCooldown=102.1|aerial=False|glide=False|legs=0|activity=Watch|site=-1|visits=0|perch=1|birdPhase=1|landings=0
kalapati,arrival,4.340,2.931,0.466,-4.282,True,fly|wait=20.40|panic=0.00|target=1|speed=1.60|near=False|yaw=356.9|peeing=False|peeCooldown=102.1|aerial=False|glide=False|legs=0|activity=Watch|site=-1|visits=0|perch=1|birdPhase=1|landings=0
kalapati,arrival,4.440,2.926,0.426,-4.176,True,fly|wait=20.40|panic=0.00|target=1|speed=1.48|near=False|yaw=357.0|peeing=False|peeCooldown=102.1|aerial=False|glide=False|legs=0|activity=Watch|site=-1|visits=0|perch=1|birdPhase=1|landings=0
kalapati,arrival,4.550,2.918,0.370,-4.035,True,fly|wait=20.40|panic=0.00|target=1|speed=1.32|near=False|yaw=357.1|peeing=False|peeCooldown=102.1|aerial=False|glide=False|legs=0|activity=Watch|site=-1|visits=0|perch=1|birdPhase=1|landings=0
kalapati,arrival,4.657,2.913,0.321,-3.913,True,fly|wait=20.40|panic=0.00|target=1|speed=1.16|near=False|yaw=357.3|peeing=False|peeCooldown=102.1|aerial=False|glide=False|legs=0|activity=Watch|site=-1|visits=0|perch=1|birdPhase=1|landings=0
kalapati,arrival,4.763,2.908,0.280,-3.811,True,fly|wait=20.40|panic=0.00|target=1|speed=1.03|near=False|yaw=357.5|peeing=False|peeCooldown=102.1|aerial=False|glide=False|legs=0|activity=Watch|site=-1|visits=0|perch=1|birdPhase=1|landings=0
kalapati,arrival,4.863,2.905,0.243,-3.722,True,fly|wait=20.40|panic=0.00|target=1|speed=0.89|near=False|yaw=357.7|peeing=False|peeCooldown=102.1|aerial=False|glide=False|legs=0|activity=Watch|site=-1|visits=0|perch=1|birdPhase=1|landings=0
kalapati,arrival,4.964,2.901,0.201,-3.623,True,fly|wait=20.40|panic=0.00|target=1|speed=0.75|near=False|yaw=358.1|peeing=False|peeCooldown=102.1|aerial=False|glide=False|legs=0|activity=Watch|site=-1|visits=0|perch=1|birdPhase=1|landings=0
kalapati,arrival,5.067,2.900,0.181,-3.575,True,fly|wait=20.40|panic=0.00|target=1|speed=0.64|near=False|yaw=358.4|peeing=False|peeCooldown=102.1|aerial=False|glide=False|legs=0|activity=Watch|site=-1|visits=0|perch=1|birdPhase=1|landings=0
kalapati,arrival,5.169,2.899,0.156,-3.520,True,fly|wait=20.40|panic=0.00|target=1|speed=0.53|near=False|yaw=358.9|peeing=False|peeCooldown=102.1|aerial=False|glide=False|legs=0|activity=Watch|site=-1|visits=0|perch=1|birdPhase=1|landings=0
kalapati,arrival,5.275,2.899,0.136,-3.475,True,idle|wait=20.40|panic=0.00|target=1|speed=0.43|near=False|yaw=359.5|peeing=False|peeCooldown=102.1|aerial=False|glide=False|legs=0|activity=Watch|site=-1|visits=0|perch=1|birdPhase=1|landings=0
kalapati,arrival,5.377,2.899,0.119,-3.439,True,idle|wait=20.40|panic=0.00|target=1|speed=0.33|near=False|yaw=0.2|peeing=False|peeCooldown=102.1|aerial=False|glide=False|legs=0|activity=Watch|site=-1|visits=0|perch=1|birdPhase=1|landings=0
kalapati,arrival,5.487,2.900,0.106,-3.412,True,idle|wait=20.40|panic=0.00|target=1|speed=0.22|near=False|yaw=1.0|peeing=False|peeCooldown=102.1|aerial=False|glide=False|legs=0|activity=Watch|site=-1|visits=0|perch=1|birdPhase=1|landings=0
kalapati,arrival,5.593,2.900,0.100,-3.400,True,idle|wait=7.01|panic=0.00|target=1|speed=0.00|near=False|yaw=1.6|peeing=False|peeCooldown=102.1|aerial=False|glide=False|legs=0|activity=Watch|site=-1|visits=0|perch=1|birdPhase=2|landings=1
kalapati,arrival,5.699,2.900,0.100,-3.400,True,idle|wait=6.90|panic=0.00|target=1|speed=0.00|near=False|yaw=1.6|peeing=False|peeCooldown=102.1|aerial=False|glide=False|legs=0|activity=Watch|site=-1|visits=0|perch=1|birdPhase=2|landings=1
kalapati,arrival,5.803,2.900,0.100,-3.400,True,idle|wait=6.80|panic=0.00|target=1|speed=0.00|near=False|yaw=1.6|peeing=False|peeCooldown=102.1|aerial=False|glide=False|legs=0|activity=Watch|site=-1|visits=0|perch=1|birdPhase=2|landings=1
kalapati,arrival,5.904,2.900,0.100,-3.400,True,idle|wait=6.70|panic=0.00|target=1|speed=0.00|near=False|yaw=1.6|peeing=False|peeCooldown=102.1|aerial=False|glide=False|legs=0|activity=Watch|site=-1|visits=0|perch=1|birdPhase=2|landings=1
kalapati,arrival,6.014,2.900,0.100,-3.400,True,idle|wait=6.60|panic=0.00|target=1|speed=0.00|near=False|yaw=1.6|peeing=False|peeCooldown=102.1|aerial=False|glide=False|legs=0|activity=Watch|site=-1|visits=0|perch=1|birdPhase=2|landings=1
kalapati,arrival,6.118,2.900,0.100,-3.400,True,idle|wait=6.46|panic=0.00|target=1|speed=0.00|near=False|yaw=1.6|peeing=False|peeCooldown=102.1|aerial=False|glide=False|legs=0|activity=Watch|site=-1|visits=0|perch=1|birdPhase=2|landings=1
kalapati,arrival,6.219,2.900,0.100,-3.400,True,idle|wait=6.39|panic=0.00|target=1|speed=0.00|near=False|yaw=1.6|peeing=False|peeCooldown=102.1|aerial=False|glide=False|legs=0|activity=Watch|site=-1|visits=0|perch=1|birdPhase=2|landings=1
kalapati,arrival,6.323,2.900,0.100,-3.400,True,idle|wait=6.25|panic=0.00|target=1|speed=0.00|near=False|yaw=1.6|peeing=False|peeCooldown=102.1|aerial=False|glide=False|legs=0|activity=Watch|site=-1|visits=0|perch=1|birdPhase=2|landings=1
kalapati,arrival,6.426,2.900,0.100,-3.400,True,idle|wait=6.15|panic=0.00|target=1|speed=0.00|near=False|yaw=1.6|peeing=False|peeCooldown=102.1|aerial=False|glide=False|legs=0|activity=Watch|site=-1|visits=0|perch=1|birdPhase=2|landings=1
kalapati,arrival,6.529,2.900,0.100,-3.400,True,idle|wait=6.04|panic=0.00|target=1|speed=0.00|near=False|yaw=1.6|peeing=False|peeCooldown=102.1|aerial=False|glide=False|legs=0|activity=Watch|site=-1|visits=0|perch=1|birdPhase=2|landings=1
kalapati,arrival,6.638,2.900,0.100,-3.400,True,peck|wait=5.94|panic=0.00|target=1|speed=0.00|near=False|yaw=1.6|peeing=False|peeCooldown=102.1|aerial=False|glide=False|legs=0|activity=Watch|site=-1|visits=0|perch=1|birdPhase=2|landings=1
kalapati,arrival,6.746,2.900,0.100,-3.400,True,peck|wait=5.86|panic=0.00|target=1|speed=0.00|near=False|yaw=1.6|peeing=False|peeCooldown=102.1|aerial=False|glide=False|legs=0|activity=Watch|site=-1|visits=0|perch=1|birdPhase=2|landings=1
kalapati,arrival,6.848,2.900,0.100,-3.400,True,peck|wait=5.72|panic=0.00|target=1|speed=0.00|near=False|yaw=1.6|peeing=False|peeCooldown=102.1|aerial=False|glide=False|legs=0|activity=Watch|site=-1|visits=0|perch=1|birdPhase=2|landings=1
kalapati,arrival,6.949,2.900,0.100,-3.400,True,peck|wait=5.62|panic=0.00|target=1|speed=0.00|near=False|yaw=1.6|peeing=False|peeCooldown=102.1|aerial=False|glide=False|legs=0|activity=Watch|site=-1|visits=0|perch=1|birdPhase=2|landings=1
kalapati,arrival,7.050,2.900,0.100,-3.400,True,peck|wait=5.52|panic=0.00|target=1|speed=0.00|near=False|yaw=1.6|peeing=False|peeCooldown=102.1|aerial=False|glide=False|legs=0|activity=Watch|site=-1|visits=0|perch=1|birdPhase=2|landings=1
kalapati,arrival,7.150,2.900,0.100,-3.400,True,peck|wait=5.45|panic=0.00|target=1|speed=0.00|near=False|yaw=1.6|peeing=False|peeCooldown=102.1|aerial=False|glide=False|legs=0|activity=Watch|site=-1|visits=0|perch=1|birdPhase=2|landings=1
kalapati,arrival,7.266,2.900,0.100,-3.400,True,peck|wait=5.34|panic=0.00|target=1|speed=0.00|near=False|yaw=1.6|peeing=False|peeCooldown=102.1|aerial=False|glide=False|legs=0|activity=Watch|site=-1|visits=0|perch=1|birdPhase=2|landings=1
kalapati,arrival,7.373,2.900,0.100,-3.400,True,peck|wait=5.23|panic=0.00|target=1|speed=0.00|near=False|yaw=1.6|peeing=False|peeCooldown=102.1|aerial=False|glide=False|legs=0|activity=Watch|site=-1|visits=0|perch=1|birdPhase=2|landings=1
kalapati,arrival,7.476,2.900,0.100,-3.400,True,peck|wait=5.10|panic=0.00|target=1|speed=0.00|near=False|yaw=1.6|peeing=False|peeCooldown=102.1|aerial=False|glide=False|legs=0|activity=Watch|site=-1|visits=0|perch=1|birdPhase=2|landings=1
kalapati,arrival,7.579,2.900,0.100,-3.400,True,peck|wait=5.02|panic=0.00|target=1|speed=0.00|near=False|yaw=1.6|peeing=False|peeCooldown=102.1|aerial=False|glide=False|legs=0|activity=Watch|site=-1|visits=0|perch=1|birdPhase=2|landings=1
kalapati,arrival,7.687,2.900,0.100,-3.400,True,idle|wait=4.91|panic=0.00|target=1|speed=0.00|near=False|yaw=1.6|peeing=False|peeCooldown=102.1|aerial=False|glide=False|legs=0|activity=Watch|site=-1|visits=0|perch=1|birdPhase=2|landings=1
kalapati,arrival,7.796,2.900,0.100,-3.400,True,idle|wait=4.80|panic=0.00|target=1|speed=0.00|near=False|yaw=1.6|peeing=False|peeCooldown=102.1|aerial=False|glide=False|legs=0|activity=Watch|site=-1|visits=0|perch=1|birdPhase=2|landings=1
kalapati,arrival,7.901,2.900,0.100,-3.400,True,idle|wait=4.70|panic=0.00|target=1|speed=0.00|near=False|yaw=1.6|peeing=False|peeCooldown=102.1|aerial=False|glide=False|legs=0|activity=Watch|site=-1|visits=0|perch=1|birdPhase=2|landings=1
fantail,before,0.000,0.000,0.100,10.000,True,idle|wait=29.98|panic=0.00|target=1|speed=0.00|near=False|yaw=0.0|peeing=False|peeCooldown=158.4|aerial=False|glide=False|legs=0|activity=Watch|site=-1|visits=0|perch=-1|birdPhase=2|landings=0
fantail,before,0.101,0.000,0.100,10.000,True,idle|wait=29.82|panic=0.00|target=1|speed=0.00|near=False|yaw=0.0|peeing=False|peeCooldown=158.4|aerial=False|glide=False|legs=0|activity=Watch|site=-1|visits=0|perch=-1|birdPhase=2|landings=0
fantail,before,0.202,0.000,0.100,10.000,True,idle|wait=29.71|panic=0.00|target=1|speed=0.00|near=False|yaw=0.0|peeing=False|peeCooldown=158.4|aerial=False|glide=False|legs=0|activity=Watch|site=-1|visits=0|perch=-1|birdPhase=2|landings=0
fantail,before,0.304,0.000,0.100,10.000,True,idle|wait=29.61|panic=0.00|target=1|speed=0.00|near=False|yaw=0.0|peeing=False|peeCooldown=158.4|aerial=False|glide=False|legs=0|activity=Watch|site=-1|visits=0|perch=-1|birdPhase=2|landings=0
fantail,before,0.404,0.000,0.100,10.000,True,idle|wait=29.51|panic=0.00|target=1|speed=0.00|near=False|yaw=0.0|peeing=False|peeCooldown=158.4|aerial=False|glide=False|legs=0|activity=Watch|site=-1|visits=0|perch=-1|birdPhase=2|landings=0
fantail,before,0.507,0.000,0.100,10.000,True,idle|wait=29.41|panic=0.00|target=1|speed=0.00|near=False|yaw=0.0|peeing=False|peeCooldown=158.4|aerial=False|glide=False|legs=0|activity=Watch|site=-1|visits=0|perch=-1|birdPhase=2|landings=0
fantail,before,0.608,0.000,0.100,10.000,True,idle|wait=29.31|panic=0.00|target=1|speed=0.00|near=False|yaw=0.0|peeing=False|peeCooldown=158.4|aerial=False|glide=False|legs=0|activity=Watch|site=-1|visits=0|perch=-1|birdPhase=2|landings=0
fantail,before,0.711,0.000,0.100,10.000,True,idle|wait=29.21|panic=0.00|target=1|speed=0.00|near=False|yaw=0.0|peeing=False|peeCooldown=158.4|aerial=False|glide=False|legs=0|activity=Watch|site=-1|visits=0|perch=-1|birdPhase=2|landings=0
fantail,before,0.813,0.000,0.100,10.000,True,idle|wait=29.10|panic=0.00|target=1|speed=0.00|near=False|yaw=0.0|peeing=False|peeCooldown=158.4|aerial=False|glide=False|legs=0|activity=Watch|site=-1|visits=0|perch=-1|birdPhase=2|landings=0
fantail,before,0.913,0.000,0.100,10.000,True,idle|wait=29.00|panic=0.00|target=1|speed=0.00|near=False|yaw=0.0|peeing=False|peeCooldown=158.4|aerial=False|glide=False|legs=0|activity=Watch|site=-1|visits=0|perch=-1|birdPhase=2|landings=0
fantail,before,1.018,0.000,0.100,10.000,True,peck|wait=28.92|panic=0.00|target=1|speed=0.00|near=True|yaw=0.0|peeing=False|peeCooldown=158.4|aerial=False|glide=False|legs=0|activity=Watch|site=-1|visits=0|perch=-1|birdPhase=2|landings=0
fantail,before,1.126,0.000,0.334,10.312,True,fly|wait=28.90|panic=0.00|target=1|speed=0.00|near=True|yaw=0.0|peeing=False|peeCooldown=158.4|aerial=False|glide=False|legs=0|activity=Watch|site=-1|visits=0|perch=-1|birdPhase=3|landings=0
fantail,before,1.242,0.000,0.647,10.730,True,fly|wait=28.90|panic=0.00|target=1|speed=0.00|near=True|yaw=0.0|peeing=False|peeCooldown=158.4|aerial=False|glide=False|legs=0|activity=Watch|site=-1|visits=0|perch=-1|birdPhase=3|landings=0
fantail,before,1.343,0.000,0.945,11.127,True,fly|wait=28.90|panic=0.00|target=1|speed=0.00|near=True|yaw=0.0|peeing=False|peeCooldown=158.4|aerial=False|glide=False|legs=0|activity=Watch|site=-1|visits=0|perch=-1|birdPhase=3|landings=0
fantail,before,1.455,0.000,1.240,11.521,True,fly|wait=28.90|panic=0.00|target=1|speed=0.00|near=True|yaw=0.0|peeing=False|peeCooldown=158.4|aerial=False|glide=False|legs=0|activity=Watch|site=-1|visits=0|perch=-1|birdPhase=3|landings=0
fantail,before,1.562,0.000,1.545,11.926,True,fly|wait=28.90|panic=0.00|target=1|speed=0.00|near=True|yaw=0.0|peeing=False|peeCooldown=158.4|aerial=False|glide=False|legs=0|activity=Watch|site=-1|visits=0|perch=-1|birdPhase=3|landings=0
fantail,before,1.665,0.000,1.834,12.312,True,fly|wait=28.90|panic=0.00|target=1|speed=0.00|near=False|yaw=0.0|peeing=False|peeCooldown=158.4|aerial=False|glide=False|legs=0|activity=Watch|site=-1|visits=0|perch=-1|birdPhase=3|landings=0
fantail,before,1.768,0.000,2.131,12.708,True,fly|wait=28.90|panic=0.00|target=1|speed=0.00|near=False|yaw=0.0|peeing=False|peeCooldown=158.4|aerial=False|glide=False|legs=0|activity=Watch|site=-1|visits=0|perch=-1|birdPhase=3|landings=0
fantail,before,1.874,0.000,2.427,13.103,True,fly|wait=28.90|panic=0.00|target=1|speed=0.00|near=False|yaw=0.0|peeing=False|peeCooldown=158.4|aerial=False|glide=False|legs=0|activity=Watch|site=-1|visits=0|perch=-1|birdPhase=3|landings=0
fantail,before,1.975,0.000,2.711,13.481,True,fly|wait=28.90|panic=0.00|target=1|speed=0.00|near=False|yaw=0.0|peeing=False|peeCooldown=158.4|aerial=False|glide=False|legs=0|activity=Watch|site=-1|visits=0|perch=-1|birdPhase=3|landings=0
fantail,before,2.081,0.000,3.004,13.872,True,fly|wait=28.90|panic=0.00|target=1|speed=0.00|near=False|yaw=0.0|peeing=False|peeCooldown=158.4|aerial=False|glide=False|legs=0|activity=Watch|site=-1|visits=0|perch=-1|birdPhase=3|landings=0
fantail,before,2.182,0.000,3.100,14.000,False,fly|wait=12.61|panic=0.00|target=1|speed=0.00|near=False|yaw=0.0|peeing=False|peeCooldown=158.4|aerial=False|glide=False|legs=0|activity=Watch|site=-1|visits=0|perch=-1|birdPhase=0|landings=0
fantail,before,2.282,0.000,3.100,14.000,False,fly|wait=12.51|panic=0.00|target=1|speed=0.00|near=False|yaw=0.0|peeing=False|peeCooldown=158.4|aerial=False|glide=False|legs=0|activity=Watch|site=-1|visits=0|perch=-1|birdPhase=0|landings=0
fantail,before,2.391,0.000,3.100,14.000,False,fly|wait=12.40|panic=0.00|target=1|speed=0.00|near=False|yaw=0.0|peeing=False|peeCooldown=158.4|aerial=False|glide=False|legs=0|activity=Watch|site=-1|visits=0|perch=-1|birdPhase=0|landings=0
fantail,before,2.491,0.000,3.100,14.000,False,fly|wait=12.27|panic=0.00|target=1|speed=0.00|near=False|yaw=0.0|peeing=False|peeCooldown=158.4|aerial=False|glide=False|legs=0|activity=Watch|site=-1|visits=0|perch=-1|birdPhase=0|landings=0
fantail,before,2.595,0.000,3.100,14.000,False,fly|wait=12.19|panic=0.00|target=1|speed=0.00|near=False|yaw=0.0|peeing=False|peeCooldown=158.4|aerial=False|glide=False|legs=0|activity=Watch|site=-1|visits=0|perch=-1|birdPhase=0|landings=0
fantail,before,2.697,0.000,3.100,14.000,False,fly|wait=12.09|panic=0.00|target=1|speed=0.00|near=False|yaw=0.0|peeing=False|peeCooldown=158.4|aerial=False|glide=False|legs=0|activity=Watch|site=-1|visits=0|perch=-1|birdPhase=0|landings=0
fantail,before,2.814,0.000,3.100,14.000,False,fly|wait=11.98|panic=0.00|target=1|speed=0.00|near=False|yaw=0.0|peeing=False|peeCooldown=158.4|aerial=False|glide=False|legs=0|activity=Watch|site=-1|visits=0|perch=-1|birdPhase=0|landings=0
fantail,before,2.915,0.000,3.100,14.000,False,fly|wait=11.87|panic=0.00|target=1|speed=0.00|near=False|yaw=0.0|peeing=False|peeCooldown=158.4|aerial=False|glide=False|legs=0|activity=Watch|site=-1|visits=0|perch=-1|birdPhase=0|landings=0
fantail,before,3.020,0.000,3.100,14.000,False,fly|wait=11.77|panic=0.00|target=1|speed=0.00|near=False|yaw=0.0|peeing=False|peeCooldown=158.4|aerial=False|glide=False|legs=0|activity=Watch|site=-1|visits=0|perch=-1|birdPhase=0|landings=0
fantail,before,3.121,0.000,3.100,14.000,False,fly|wait=11.64|panic=0.00|target=1|speed=0.00|near=False|yaw=0.0|peeing=False|peeCooldown=158.4|aerial=False|glide=False|legs=0|activity=Watch|site=-1|visits=0|perch=-1|birdPhase=0|landings=0
fantail,before,3.221,0.000,3.100,14.000,False,fly|wait=11.56|panic=0.00|target=1|speed=0.00|near=False|yaw=0.0|peeing=False|peeCooldown=158.4|aerial=False|glide=False|legs=0|activity=Watch|site=-1|visits=0|perch=-1|birdPhase=0|landings=0
fantail,before,3.324,0.000,3.100,14.000,False,fly|wait=11.46|panic=0.00|target=1|speed=0.00|near=False|yaw=0.0|peeing=False|peeCooldown=158.4|aerial=False|glide=False|legs=0|activity=Watch|site=-1|visits=0|perch=-1|birdPhase=0|landings=0
fantail,before,3.427,0.000,3.100,14.000,False,fly|wait=11.36|panic=0.00|target=1|speed=0.00|near=False|yaw=0.0|peeing=False|peeCooldown=158.4|aerial=False|glide=False|legs=0|activity=Watch|site=-1|visits=0|perch=-1|birdPhase=0|landings=0
fantail,before,3.532,0.000,3.100,14.000,False,fly|wait=11.25|panic=0.00|target=1|speed=0.00|near=False|yaw=0.0|peeing=False|peeCooldown=158.4|aerial=False|glide=False|legs=0|activity=Watch|site=-1|visits=0|perch=-1|birdPhase=0|landings=0
fantail,before,3.645,0.000,3.100,14.000,False,fly|wait=11.15|panic=0.00|target=1|speed=0.00|near=False|yaw=0.0|peeing=False|peeCooldown=158.4|aerial=False|glide=False|legs=0|activity=Watch|site=-1|visits=0|perch=-1|birdPhase=0|landings=0
fantail,before,3.747,0.000,3.100,14.000,False,fly|wait=11.02|panic=0.00|target=1|speed=0.00|near=False|yaw=0.0|peeing=False|peeCooldown=158.4|aerial=False|glide=False|legs=0|activity=Watch|site=-1|visits=0|perch=-1|birdPhase=0|landings=0
fantail,before,3.847,0.000,3.100,14.000,False,fly|wait=10.91|panic=0.00|target=1|speed=0.00|near=False|yaw=0.0|peeing=False|peeCooldown=158.4|aerial=False|glide=False|legs=0|activity=Watch|site=-1|visits=0|perch=-1|birdPhase=0|landings=0
fantail,before,3.952,0.000,3.100,14.000,False,fly|wait=10.84|panic=0.00|target=1|speed=0.00|near=False|yaw=0.0|peeing=False|peeCooldown=158.4|aerial=False|glide=False|legs=0|activity=Watch|site=-1|visits=0|perch=-1|birdPhase=0|landings=0
fantail,before,4.056,0.000,3.100,14.000,False,fly|wait=10.71|panic=0.00|target=1|speed=0.00|near=False|yaw=0.0|peeing=False|peeCooldown=158.4|aerial=False|glide=False|legs=0|activity=Watch|site=-1|visits=0|perch=-1|birdPhase=0|landings=0
fantail,before,4.159,0.000,3.100,14.000,False,fly|wait=10.60|panic=0.00|target=1|speed=0.00|near=False|yaw=0.0|peeing=False|peeCooldown=158.4|aerial=False|glide=False|legs=0|activity=Watch|site=-1|visits=0|perch=-1|birdPhase=0|landings=0
fantail,before,4.260,0.000,3.100,14.000,False,fly|wait=10.50|panic=0.00|target=1|speed=0.00|near=False|yaw=0.0|peeing=False|peeCooldown=158.4|aerial=False|glide=False|legs=0|activity=Watch|site=-1|visits=0|perch=-1|birdPhase=0|landings=0
fantail,before,4.364,0.000,3.100,14.000,False,fly|wait=10.43|panic=0.00|target=1|speed=0.00|near=False|yaw=0.0|peeing=False|peeCooldown=158.4|aerial=False|glide=False|legs=0|activity=Watch|site=-1|visits=0|perch=-1|birdPhase=0|landings=0
fantail,before,4.471,0.000,3.100,14.000,False,fly|wait=10.32|panic=0.00|target=1|speed=0.00|near=False|yaw=0.0|peeing=False|peeCooldown=158.4|aerial=False|glide=False|legs=0|activity=Watch|site=-1|visits=0|perch=-1|birdPhase=0|landings=0
fantail,before,4.583,0.000,3.100,14.000,False,fly|wait=10.21|panic=0.00|target=1|speed=0.00|near=False|yaw=0.0|peeing=False|peeCooldown=158.4|aerial=False|glide=False|legs=0|activity=Watch|site=-1|visits=0|perch=-1|birdPhase=0|landings=0
fantail,before,4.688,0.000,3.100,14.000,False,fly|wait=10.10|panic=0.00|target=1|speed=0.00|near=False|yaw=0.0|peeing=False|peeCooldown=158.4|aerial=False|glide=False|legs=0|activity=Watch|site=-1|visits=0|perch=-1|birdPhase=0|landings=0
fantail,before,4.790,0.000,3.100,14.000,False,fly|wait=9.97|panic=0.00|target=1|speed=0.00|near=False|yaw=0.0|peeing=False|peeCooldown=158.4|aerial=False|glide=False|legs=0|activity=Watch|site=-1|visits=0|perch=-1|birdPhase=0|landings=0
fantail,before,4.893,0.000,3.100,14.000,False,fly|wait=9.90|panic=0.00|target=1|speed=0.00|near=False|yaw=0.0|peeing=False|peeCooldown=158.4|aerial=False|glide=False|legs=0|activity=Watch|site=-1|visits=0|perch=-1|birdPhase=0|landings=0
fantail,before,4.999,0.000,3.100,14.000,False,fly|wait=9.79|panic=0.00|target=1|speed=0.00|near=False|yaw=0.0|peeing=False|peeCooldown=158.4|aerial=False|glide=False|legs=0|activity=Watch|site=-1|visits=0|perch=-1|birdPhase=0|landings=0
fantail,before,5.102,0.000,3.100,14.000,False,fly|wait=9.69|panic=0.00|target=1|speed=0.00|near=False|yaw=0.0|peeing=False|peeCooldown=158.4|aerial=False|glide=False|legs=0|activity=Watch|site=-1|visits=0|perch=-1|birdPhase=0|landings=0
fantail,before,5.204,0.000,3.100,14.000,False,fly|wait=9.59|panic=0.00|target=1|speed=0.00|near=False|yaw=0.0|peeing=False|peeCooldown=158.4|aerial=False|glide=False|legs=0|activity=Watch|site=-1|visits=0|perch=-1|birdPhase=0|landings=0
fantail,before,5.309,0.000,3.100,14.000,False,fly|wait=9.48|panic=0.00|target=1|speed=0.00|near=False|yaw=0.0|peeing=False|peeCooldown=158.4|aerial=False|glide=False|legs=0|activity=Watch|site=-1|visits=0|perch=-1|birdPhase=0|landings=0
fantail,before,5.410,0.000,3.100,14.000,False,fly|wait=9.35|panic=0.00|target=1|speed=0.00|near=False|yaw=0.0|peeing=False|peeCooldown=158.4|aerial=False|glide=False|legs=0|activity=Watch|site=-1|visits=0|perch=-1|birdPhase=0|landings=0
fantail,before,5.511,0.000,3.100,14.000,False,fly|wait=9.25|panic=0.00|target=1|speed=0.00|near=False|yaw=0.0|peeing=False|peeCooldown=158.4|aerial=False|glide=False|legs=0|activity=Watch|site=-1|visits=0|perch=-1|birdPhase=0|landings=0
fantail,before,5.620,0.000,3.100,14.000,False,fly|wait=9.17|panic=0.00|target=1|speed=0.00|near=False|yaw=0.0|peeing=False|peeCooldown=158.4|aerial=False|glide=False|legs=0|activity=Watch|site=-1|visits=0|perch=-1|birdPhase=0|landings=0
fantail,before,5.725,0.000,3.100,14.000,False,fly|wait=9.06|panic=0.00|target=1|speed=0.00|near=False|yaw=0.0|peeing=False|peeCooldown=158.4|aerial=False|glide=False|legs=0|activity=Watch|site=-1|visits=0|perch=-1|birdPhase=0|landings=0
fantail,before,5.832,0.000,3.100,14.000,False,fly|wait=8.96|panic=0.00|target=1|speed=0.00|near=False|yaw=0.0|peeing=False|peeCooldown=158.4|aerial=False|glide=False|legs=0|activity=Watch|site=-1|visits=0|perch=-1|birdPhase=0|landings=0
fantail,before,5.939,0.000,3.100,14.000,False,fly|wait=8.85|panic=0.00|target=1|speed=0.00|near=False|yaw=0.0|peeing=False|peeCooldown=158.4|aerial=False|glide=False|legs=0|activity=Watch|site=-1|visits=0|perch=-1|birdPhase=0|landings=0
fantail,after,0.000,0.000,0.100,10.000,True,idle|wait=29.98|panic=0.00|target=1|speed=0.17|near=False|yaw=0.0|peeing=False|peeCooldown=98.3|aerial=False|glide=False|legs=0|activity=Watch|site=-1|visits=0|perch=0|birdPhase=2|landings=1
fantail,after,0.102,0.000,0.100,10.000,True,idle|wait=29.81|panic=0.00|target=1|speed=0.17|near=False|yaw=0.0|peeing=False|peeCooldown=98.3|aerial=False|glide=False|legs=0|activity=Watch|site=-1|visits=0|perch=0|birdPhase=2|landings=1
fantail,after,0.203,0.000,0.100,10.000,True,idle|wait=29.70|panic=0.00|target=1|speed=0.17|near=False|yaw=0.0|peeing=False|peeCooldown=98.3|aerial=False|glide=False|legs=0|activity=Watch|site=-1|visits=0|perch=0|birdPhase=2|landings=1
fantail,after,0.305,0.000,0.100,10.000,True,idle|wait=29.60|panic=0.00|target=1|speed=0.17|near=False|yaw=0.0|peeing=False|peeCooldown=98.3|aerial=False|glide=False|legs=0|activity=Watch|site=-1|visits=0|perch=0|birdPhase=2|landings=1
fantail,after,0.408,0.000,0.100,10.000,True,idle|wait=29.53|panic=0.00|target=1|speed=0.17|near=False|yaw=0.0|peeing=False|peeCooldown=98.3|aerial=False|glide=False|legs=0|activity=Watch|site=-1|visits=0|perch=0|birdPhase=2|landings=1
fantail,after,0.512,0.000,0.100,10.000,True,idle|wait=29.43|panic=0.00|target=1|speed=0.17|near=False|yaw=0.0|peeing=False|peeCooldown=98.3|aerial=False|glide=False|legs=0|activity=Watch|site=-1|visits=0|perch=0|birdPhase=2|landings=1
fantail,after,0.613,0.000,0.100,10.000,True,idle|wait=29.29|panic=0.00|target=1|speed=0.17|near=False|yaw=0.0|peeing=False|peeCooldown=98.3|aerial=False|glide=False|legs=0|activity=Watch|site=-1|visits=0|perch=0|birdPhase=2|landings=1
fantail,after,0.717,0.000,0.100,10.000,True,idle|wait=29.19|panic=0.00|target=1|speed=0.17|near=False|yaw=0.0|peeing=False|peeCooldown=98.3|aerial=False|glide=False|legs=0|activity=Watch|site=-1|visits=0|perch=0|birdPhase=2|landings=1
fantail,after,0.819,0.000,0.100,10.000,True,idle|wait=29.09|panic=0.00|target=1|speed=0.17|near=False|yaw=0.0|peeing=False|peeCooldown=98.3|aerial=False|glide=False|legs=0|activity=Watch|site=-1|visits=0|perch=0|birdPhase=2|landings=1
fantail,after,0.919,0.000,0.100,10.000,True,idle|wait=28.98|panic=0.00|target=1|speed=0.17|near=False|yaw=0.0|peeing=False|peeCooldown=98.3|aerial=False|glide=False|legs=0|activity=Watch|site=-1|visits=0|perch=0|birdPhase=2|landings=1
fantail,after,1.021,0.000,0.100,10.000,True,fly|wait=28.88|panic=0.00|target=1|speed=0.17|near=True|yaw=0.0|peeing=False|peeCooldown=98.3|aerial=False|glide=False|legs=0|activity=Watch|site=-1|visits=0|perch=0|birdPhase=3|landings=1
fantail,after,1.124,-0.286,0.212,10.000,True,fly|wait=28.88|panic=0.00|target=1|speed=4.09|near=True|yaw=307.3|peeing=False|peeCooldown=98.3|aerial=False|glide=False|legs=0|activity=Watch|site=-1|visits=0|perch=0|birdPhase=3|landings=1
fantail,after,1.233,-0.693,0.374,10.000,True,fly|wait=28.88|panic=0.00|target=1|speed=4.22|near=True|yaw=280.9|peeing=False|peeCooldown=98.3|aerial=False|glide=False|legs=0|activity=Watch|site=-1|visits=0|perch=0|birdPhase=3|landings=1
fantail,after,1.341,-1.103,0.539,10.000,True,fly|wait=28.88|panic=0.00|target=1|speed=4.34|near=True|yaw=273.2|peeing=False|peeCooldown=98.3|aerial=False|glide=False|legs=0|activity=Watch|site=-1|visits=0|perch=0|birdPhase=3|landings=1
fantail,after,1.450,-1.550,0.722,10.000,True,fly|wait=28.88|panic=0.00|target=1|speed=4.47|near=True|yaw=270.9|peeing=False|peeCooldown=98.3|aerial=False|glide=False|legs=0|activity=Watch|site=-1|visits=0|perch=0|birdPhase=3|landings=1
fantail,after,1.552,-2.135,0.964,10.000,True,fly|wait=28.88|panic=0.00|target=1|speed=4.62|near=False|yaw=270.2|peeing=False|peeCooldown=98.3|aerial=False|glide=False|legs=0|activity=Watch|site=-1|visits=0|perch=0|birdPhase=3|landings=1
fantail,after,1.653,-2.563,1.143,10.000,True,fly|wait=28.88|panic=0.00|target=1|speed=4.71|near=False|yaw=270.1|peeing=False|peeCooldown=98.3|aerial=False|glide=False|legs=0|activity=Watch|site=-1|visits=0|perch=0|birdPhase=3|landings=1
fantail,after,1.755,-3.015,1.334,10.000,True,fly|wait=28.88|panic=0.00|target=1|speed=4.81|near=False|yaw=270.0|peeing=False|peeCooldown=98.3|aerial=False|glide=False|legs=0|activity=Watch|site=-1|visits=0|perch=0|birdPhase=3|landings=1
fantail,after,1.856,-3.342,1.472,10.000,True,fly|wait=28.88|panic=0.00|target=1|speed=4.90|near=False|yaw=270.0|peeing=False|peeCooldown=98.3|aerial=False|glide=False|legs=0|activity=Watch|site=-1|visits=0|perch=0|birdPhase=3|landings=1
fantail,after,1.958,-3.806,1.670,10.000,True,fly|wait=28.88|panic=0.00|target=1|speed=4.99|near=False|yaw=270.0|peeing=False|peeCooldown=98.3|aerial=False|glide=False|legs=0|activity=Watch|site=-1|visits=0|perch=0|birdPhase=3|landings=1
fantail,after,2.064,-4.290,1.878,10.000,True,fly|wait=28.88|panic=0.00|target=1|speed=5.08|near=False|yaw=270.0|peeing=False|peeCooldown=98.3|aerial=False|glide=False|legs=0|activity=Watch|site=-1|visits=0|perch=0|birdPhase=3|landings=1
fantail,after,2.170,-4.779,2.088,10.000,True,fly|wait=28.88|panic=0.00|target=1|speed=5.17|near=False|yaw=270.0|peeing=False|peeCooldown=98.3|aerial=False|glide=False|legs=0|activity=Watch|site=-1|visits=0|perch=0|birdPhase=3|landings=1
fantail,after,2.272,-5.276,2.303,10.000,True,fly|wait=28.88|panic=0.00|target=1|speed=5.25|near=False|yaw=270.0|peeing=False|peeCooldown=98.3|aerial=False|glide=False|legs=0|activity=Watch|site=-1|visits=0|perch=0|birdPhase=3|landings=1
fantail,after,2.380,-5.802,2.530,10.000,True,fly|wait=28.88|panic=0.00|target=1|speed=5.33|near=False|yaw=270.0|peeing=False|peeCooldown=98.3|aerial=False|glide=False|legs=0|activity=Watch|site=-1|visits=0|perch=0|birdPhase=3|landings=1
fantail,after,2.482,-6.307,2.749,10.000,True,fly|wait=28.88|panic=0.00|target=1|speed=5.40|near=False|yaw=270.0|peeing=False|peeCooldown=98.3|aerial=False|glide=False|legs=0|activity=Watch|site=-1|visits=0|perch=0|birdPhase=3|landings=1
fantail,after,2.584,-6.966,3.036,10.000,True,fly|wait=28.88|panic=0.00|target=1|speed=5.49|near=False|yaw=270.0|peeing=False|peeCooldown=98.3|aerial=False|glide=False|legs=0|activity=Watch|site=-1|visits=0|perch=0|birdPhase=3|landings=1
fantail,after,2.684,-7.470,3.255,10.000,True,fly|wait=28.88|panic=0.00|target=1|speed=5.54|near=False|yaw=270.0|peeing=False|peeCooldown=98.3|aerial=False|glide=False|legs=0|activity=Watch|site=-1|visits=0|perch=0|birdPhase=3|landings=1
fantail,after,2.796,-7.885,3.435,10.000,True,fly|wait=28.88|panic=0.00|target=1|speed=5.60|near=False|yaw=270.0|peeing=False|peeCooldown=98.3|aerial=False|glide=False|legs=0|activity=Watch|site=-1|visits=0|perch=0|birdPhase=3|landings=1
fantail,after,2.901,-8.403,3.660,10.000,True,fly|wait=28.88|panic=0.00|target=1|speed=5.65|near=False|yaw=270.0|peeing=False|peeCooldown=98.3|aerial=False|glide=False|legs=0|activity=Watch|site=-1|visits=0|perch=0|birdPhase=3|landings=1
fantail,after,3.006,-9.100,3.962,10.000,True,fly|wait=28.88|panic=0.00|target=1|speed=5.71|near=False|yaw=270.0|peeing=False|peeCooldown=98.3|aerial=False|glide=False|legs=0|activity=Watch|site=-1|visits=0|perch=0|birdPhase=3|landings=1
fantail,after,3.111,-9.511,4.140,10.000,True,fly|wait=28.88|panic=0.00|target=1|speed=5.74|near=False|yaw=270.0|peeing=False|peeCooldown=98.3|aerial=False|glide=False|legs=0|activity=Watch|site=-1|visits=0|perch=0|birdPhase=3|landings=1
fantail,after,3.212,-10.221,4.447,10.000,True,fly|wait=28.88|panic=0.00|target=1|speed=5.79|near=False|yaw=270.0|peeing=False|peeCooldown=98.3|aerial=False|glide=False|legs=0|activity=Watch|site=-1|visits=0|perch=0|birdPhase=3|landings=1
fantail,after,3.313,-10.763,4.680,10.000,True,fly|wait=28.88|panic=0.00|target=1|speed=5.83|near=False|yaw=270.0|peeing=False|peeCooldown=98.3|aerial=False|glide=False|legs=0|activity=Watch|site=-1|visits=0|perch=0|birdPhase=3|landings=1
fantail,after,3.415,-11.160,4.851,10.000,True,fly|wait=28.88|panic=0.00|target=1|speed=5.85|near=False|yaw=270.0|peeing=False|peeCooldown=98.3|aerial=False|glide=False|legs=0|activity=Watch|site=-1|visits=0|perch=0|birdPhase=3|landings=1
fantail,after,3.518,-11.710,5.086,10.000,True,fly|wait=28.88|panic=0.00|target=1|speed=5.88|near=False|yaw=270.0|peeing=False|peeCooldown=98.3|aerial=False|glide=False|legs=0|activity=Watch|site=-1|visits=0|perch=0|birdPhase=3|landings=1
fantail,after,3.621,-12.277,5.327,10.000,True,fly|wait=28.88|panic=0.00|target=1|speed=5.90|near=False|yaw=270.0|peeing=False|peeCooldown=98.3|aerial=False|glide=False|legs=0|activity=Watch|site=-1|visits=0|perch=0|birdPhase=3|landings=1
fantail,after,3.725,-12.839,5.565,10.000,True,fly|wait=28.88|panic=0.00|target=1|speed=5.92|near=False|yaw=270.0|peeing=False|peeCooldown=98.3|aerial=False|glide=False|legs=0|activity=Watch|site=-1|visits=0|perch=0|birdPhase=3|landings=1
fantail,after,3.825,-13.399,5.802,10.000,True,fly|wait=28.88|panic=0.00|target=1|speed=5.93|near=False|yaw=270.0|peeing=False|peeCooldown=98.3|aerial=False|glide=False|legs=0|activity=Watch|site=-1|visits=0|perch=0|birdPhase=3|landings=1
fantail,after,3.930,-13.954,6.034,10.000,True,fly|wait=28.88|panic=0.00|target=1|speed=5.94|near=False|yaw=270.0|peeing=False|peeCooldown=98.3|aerial=False|glide=False|legs=0|activity=Watch|site=-1|visits=0|perch=0|birdPhase=3|landings=1
fantail,after,4.034,-14.523,6.270,10.000,True,fly|wait=28.88|panic=0.00|target=1|speed=5.95|near=False|yaw=270.0|peeing=False|peeCooldown=98.3|aerial=False|glide=False|legs=0|activity=Watch|site=-1|visits=0|perch=0|birdPhase=3|landings=1
fantail,after,4.137,-15.092,6.505,10.000,True,fly|wait=28.88|panic=0.00|target=1|speed=5.95|near=False|yaw=270.0|peeing=False|peeCooldown=98.3|aerial=False|glide=False|legs=0|activity=Watch|site=-1|visits=0|perch=0|birdPhase=3|landings=1
fantail,after,4.238,-15.666,6.740,10.000,True,fly|wait=28.88|panic=0.00|target=1|speed=5.94|near=False|yaw=270.0|peeing=False|peeCooldown=98.3|aerial=False|glide=False|legs=0|activity=Watch|site=-1|visits=0|perch=0|birdPhase=3|landings=1
fantail,after,4.339,-16.360,7.021,10.000,True,fly|wait=28.88|panic=0.00|target=1|speed=5.93|near=False|yaw=270.0|peeing=False|peeCooldown=98.3|aerial=False|glide=False|legs=0|activity=Watch|site=-1|visits=0|perch=0|birdPhase=3|landings=1
fantail,after,4.444,-16.823,7.207,10.000,True,fly|wait=28.88|panic=0.00|target=1|speed=5.92|near=False|yaw=270.0|peeing=False|peeCooldown=98.3|aerial=False|glide=False|legs=0|activity=Watch|site=-1|visits=0|perch=0|birdPhase=3|landings=1
fantail,after,4.552,-17.406,7.439,10.000,True,fly|wait=28.88|panic=0.00|target=1|speed=5.90|near=False|yaw=270.0|peeing=False|peeCooldown=98.3|aerial=False|glide=False|legs=0|activity=Watch|site=-1|visits=0|perch=0|birdPhase=3|landings=1
fantail,after,4.657,-17.981,7.665,10.000,True,fly|wait=28.88|panic=0.00|target=1|speed=5.88|near=False|yaw=270.0|peeing=False|peeCooldown=98.3|aerial=False|glide=False|legs=0|activity=Watch|site=-1|visits=0|perch=0|birdPhase=3|landings=1
fantail,after,4.759,-18.546,7.884,10.000,True,fly|wait=28.88|panic=0.00|target=1|speed=5.85|near=False|yaw=270.0|peeing=False|peeCooldown=98.3|aerial=False|glide=False|legs=0|activity=Watch|site=-1|visits=0|perch=0|birdPhase=3|landings=1
fantail,after,4.865,-19.098,8.095,10.000,True,fly|wait=28.88|panic=0.00|target=1|speed=5.82|near=False|yaw=270.0|peeing=False|peeCooldown=98.3|aerial=False|glide=False|legs=0|activity=Watch|site=-1|visits=0|perch=0|birdPhase=3|landings=1
fantail,after,4.971,-19.797,8.359,10.000,True,fly|wait=28.88|panic=0.00|target=1|speed=5.78|near=False|yaw=270.0|peeing=False|peeCooldown=98.3|aerial=False|glide=False|legs=0|activity=Watch|site=-1|visits=0|perch=0|birdPhase=3|landings=1
fantail,after,5.076,-20.227,8.519,10.000,True,fly|wait=28.88|panic=0.00|target=1|speed=5.74|near=False|yaw=270.0|peeing=False|peeCooldown=98.3|aerial=False|glide=False|legs=0|activity=Watch|site=-1|visits=0|perch=0|birdPhase=3|landings=1
fantail,after,5.178,-20.783,8.722,10.000,True,fly|wait=28.88|panic=0.00|target=1|speed=5.70|near=False|yaw=270.0|peeing=False|peeCooldown=98.3|aerial=False|glide=False|legs=0|activity=Watch|site=-1|visits=0|perch=0|birdPhase=3|landings=1
fantail,after,5.280,-21.333,8.920,10.000,True,fly|wait=28.88|panic=0.00|target=1|speed=5.65|near=False|yaw=270.0|peeing=False|peeCooldown=98.3|aerial=False|glide=False|legs=0|activity=Watch|site=-1|visits=0|perch=0|birdPhase=3|landings=1
fantail,after,5.385,-21.886,9.115,10.000,True,fly|wait=28.88|panic=0.00|target=1|speed=5.60|near=False|yaw=270.0|peeing=False|peeCooldown=98.3|aerial=False|glide=False|legs=0|activity=Watch|site=-1|visits=0|perch=0|birdPhase=3|landings=1
fantail,after,5.490,-22.431,9.303,10.000,True,fly|wait=28.88|panic=0.00|target=1|speed=5.54|near=False|yaw=270.0|peeing=False|peeCooldown=98.3|aerial=False|glide=False|legs=0|activity=Watch|site=-1|visits=0|perch=0|birdPhase=3|landings=1
fantail,after,5.594,-23.118,9.534,10.000,True,fly|wait=28.88|panic=0.00|target=1|speed=5.47|near=False|yaw=270.0|peeing=False|peeCooldown=98.3|aerial=False|glide=False|legs=0|activity=Watch|site=-1|visits=0|perch=0|birdPhase=3|landings=1
fantail,after,5.696,-23.650,9.708,10.000,True,fly|wait=28.88|panic=0.00|target=1|speed=5.40|near=False|yaw=270.0|peeing=False|peeCooldown=98.3|aerial=False|glide=False|legs=0|activity=Watch|site=-1|visits=0|perch=0|birdPhase=3|landings=1
fantail,after,5.797,-24.042,9.833,10.000,True,fly|wait=28.88|panic=0.00|target=1|speed=5.34|near=False|yaw=270.0|peeing=False|peeCooldown=98.3|aerial=False|glide=False|legs=0|activity=Watch|site=-1|visits=0|perch=0|birdPhase=3|landings=1
fantail,after,5.901,-24.563,9.996,10.000,True,fly|wait=28.88|panic=0.00|target=1|speed=5.27|near=False|yaw=270.0|peeing=False|peeCooldown=98.3|aerial=False|glide=False|legs=0|activity=Watch|site=-1|visits=0|perch=0|birdPhase=3|landings=1
fantail,after,6.003,-25.082,10.152,10.000,True,fly|wait=28.88|panic=0.00|target=1|speed=5.19|near=False|yaw=270.0|peeing=False|peeCooldown=98.3|aerial=False|glide=False|legs=0|activity=Watch|site=-1|visits=0|perch=0|birdPhase=3|landings=1
fantail,after,6.108,-25.601,10.304,10.000,True,fly|wait=28.88|panic=0.00|target=1|speed=5.11|near=False|yaw=270.0|peeing=False|peeCooldown=98.3|aerial=False|glide=False|legs=0|activity=Watch|site=-1|visits=0|perch=0|birdPhase=3|landings=1
fantail,after,6.220,-26.126,10.451,10.000,True,fly|wait=28.88|panic=0.00|target=1|speed=5.02|near=False|yaw=270.0|peeing=False|peeCooldown=98.3|aerial=False|glide=False|legs=0|activity=Watch|site=-1|visits=0|perch=0|birdPhase=3|landings=1
fantail,after,6.327,-26.633,10.587,10.000,True,fly|wait=28.88|panic=0.00|target=1|speed=4.93|near=False|yaw=270.0|peeing=False|peeCooldown=98.3|aerial=False|glide=False|legs=0|activity=Watch|site=-1|visits=0|perch=0|birdPhase=3|landings=1
fantail,after,6.436,-27.137,10.715,10.000,True,fly|wait=28.88|panic=0.00|target=1|speed=4.83|near=False|yaw=270.0|peeing=False|peeCooldown=98.3|aerial=False|glide=False|legs=0|activity=Watch|site=-1|visits=0|perch=0|birdPhase=3|landings=1
fantail,after,6.540,-27.640,10.837,10.000,True,fly|wait=28.88|panic=0.00|target=1|speed=4.73|near=False|yaw=270.0|peeing=False|peeCooldown=98.3|aerial=False|glide=False|legs=0|activity=Watch|site=-1|visits=0|perch=0|birdPhase=3|landings=1
fantail,after,6.647,-28.128,10.947,10.000,True,fly|wait=28.88|panic=0.00|target=1|speed=4.63|near=False|yaw=270.0|peeing=False|peeCooldown=98.3|aerial=False|glide=False|legs=0|activity=Watch|site=-1|visits=0|perch=0|birdPhase=3|landings=1
fantail,after,6.779,-28.660,11.059,10.000,True,fly|wait=28.88|panic=0.00|target=1|speed=4.51|near=False|yaw=270.0|peeing=False|peeCooldown=98.3|aerial=False|glide=False|legs=0|activity=Watch|site=-1|visits=0|perch=0|birdPhase=3|landings=1
fantail,after,6.888,-29.136,11.150,10.000,True,fly|wait=28.88|panic=0.00|target=1|speed=4.40|near=False|yaw=270.0|peeing=False|peeCooldown=98.3|aerial=False|glide=False|legs=0|activity=Watch|site=-1|visits=0|perch=0|birdPhase=3|landings=1
fantail,after,6.998,-29.588,11.228,10.000,True,fly|wait=28.88|panic=0.00|target=1|speed=4.28|near=False|yaw=270.0|peeing=False|peeCooldown=98.3|aerial=False|glide=False|legs=0|activity=Watch|site=-1|visits=0|perch=0|birdPhase=3|landings=1
fantail,after,7.101,-30.206,11.319,10.000,True,fly|wait=28.88|panic=0.00|target=1|speed=4.12|near=False|yaw=270.0|peeing=False|peeCooldown=98.3|aerial=False|glide=False|legs=0|activity=Watch|site=-1|visits=0|perch=0|birdPhase=3|landings=1
fantail,after,7.202,-30.616,11.370,10.000,True,fly|wait=28.88|panic=0.00|target=1|speed=4.01|near=False|yaw=270.0|peeing=False|peeCooldown=98.3|aerial=False|glide=False|legs=0|activity=Watch|site=-1|visits=0|perch=0|birdPhase=3|landings=1
fantail,after,7.303,-31.011,11.409,10.000,True,fly|wait=28.88|panic=0.00|target=1|speed=3.89|near=False|yaw=270.0|peeing=False|peeCooldown=98.3|aerial=False|glide=False|legs=0|activity=Watch|site=-1|visits=0|perch=0|birdPhase=3|landings=1
fantail,after,7.404,-31.395,11.438,10.000,True,fly|wait=28.88|panic=0.00|target=1|speed=3.77|near=False|yaw=270.0|peeing=False|peeCooldown=98.3|aerial=False|glide=False|legs=0|activity=Watch|site=-1|visits=0|perch=0|birdPhase=3|landings=1
fantail,after,7.506,-31.690,11.453,10.000,True,fly|wait=28.88|panic=0.00|target=1|speed=3.68|near=False|yaw=270.0|peeing=False|peeCooldown=98.3|aerial=False|glide=False|legs=0|activity=Watch|site=-1|visits=0|perch=0|birdPhase=3|landings=1
fantail,after,7.613,-32.072,11.463,10.000,True,fly|wait=28.88|panic=0.00|target=1|speed=3.56|near=False|yaw=270.0|peeing=False|peeCooldown=98.3|aerial=False|glide=False|legs=0|activity=Watch|site=-1|visits=0|perch=0|birdPhase=3|landings=1
fantail,after,7.715,-32.510,11.458,10.000,True,fly|wait=28.88|panic=0.00|target=1|speed=3.41|near=False|yaw=270.0|peeing=False|peeCooldown=98.3|aerial=False|glide=False|legs=0|activity=Watch|site=-1|visits=0|perch=0|birdPhase=3|landings=1
fantail,after,7.818,-32.765,11.446,10.000,True,fly|wait=28.88|panic=0.00|target=1|speed=3.32|near=False|yaw=270.0|peeing=False|peeCooldown=98.3|aerial=False|glide=False|legs=0|activity=Watch|site=-1|visits=0|perch=0|birdPhase=3|landings=1
fantail,after,7.918,-33.175,11.411,10.000,True,fly|wait=28.88|panic=0.00|target=1|speed=3.19|near=False|yaw=270.0|peeing=False|peeCooldown=98.3|aerial=False|glide=False|legs=0|activity=Watch|site=-1|visits=0|perch=0|birdPhase=3|landings=1
fantail,arrival,0.000,-6.096,9.022,-15.745,True,fly|wait=28.88|panic=0.00|target=1|speed=9.27|near=False|yaw=0.5|peeing=False|peeCooldown=98.3|aerial=False|glide=False|legs=0|activity=Watch|site=-1|visits=0|perch=1|birdPhase=1|landings=1
fantail,arrival,0.100,-6.077,8.824,-14.954,True,fly|wait=28.88|panic=0.00|target=1|speed=9.18|near=False|yaw=1.2|peeing=False|peeCooldown=98.3|aerial=False|glide=False|legs=0|activity=Watch|site=-1|visits=0|perch=1|birdPhase=1|landings=1
fantail,arrival,0.202,-6.040,8.576,-13.992,True,fly|wait=28.88|panic=0.00|target=1|speed=9.06|near=False|yaw=2.0|peeing=False|peeCooldown=98.3|aerial=False|glide=False|legs=0|activity=Watch|site=-1|visits=0|perch=1|birdPhase=1|landings=1
fantail,arrival,0.305,-5.992,8.333,-13.070,True,fly|wait=28.88|panic=0.00|target=1|speed=8.93|near=False|yaw=2.8|peeing=False|peeCooldown=98.3|aerial=False|glide=False|legs=0|activity=Watch|site=-1|visits=0|perch=1|birdPhase=1|landings=1
fantail,arrival,0.409,-5.952,8.159,-12.423,True,fly|wait=28.88|panic=0.00|target=1|speed=8.84|near=False|yaw=3.3|peeing=False|peeCooldown=98.3|aerial=False|glide=False|legs=0|activity=Watch|site=-1|visits=0|perch=1|birdPhase=1|landings=1
fantail,arrival,0.511,-5.888,7.919,-11.550,True,fly|wait=28.88|panic=0.00|target=1|speed=8.72|near=False|yaw=4.0|peeing=False|peeCooldown=98.3|aerial=False|glide=False|legs=0|activity=Watch|site=-1|visits=0|perch=1|birdPhase=1|landings=1
fantail,arrival,0.616,-5.814,7.678,-10.690,True,fly|wait=28.88|panic=0.00|target=1|speed=8.59|near=False|yaw=4.7|peeing=False|peeCooldown=98.3|aerial=False|glide=False|legs=0|activity=Watch|site=-1|visits=0|perch=1|birdPhase=1|landings=1
fantail,arrival,0.722,-5.730,7.431,-9.829,True,fly|wait=28.88|panic=0.00|target=1|speed=8.46|near=False|yaw=5.4|peeing=False|peeCooldown=98.3|aerial=False|glide=False|legs=0|activity=Watch|site=-1|visits=0|perch=1|birdPhase=1|landings=1
fantail,arrival,0.823,-5.641,7.191,-9.006,True,fly|wait=28.88|panic=0.00|target=1|speed=8.32|near=False|yaw=6.0|peeing=False|peeCooldown=98.3|aerial=False|glide=False|legs=0|activity=Watch|site=-1|visits=0|perch=1|birdPhase=1|landings=1
fantail,arrival,0.924,-5.520,6.892,-8.002,True,fly|wait=28.88|panic=0.00|target=1|speed=8.16|near=False|yaw=6.8|peeing=False|peeCooldown=98.3|aerial=False|glide=False|legs=0|activity=Watch|site=-1|visits=0|perch=1|birdPhase=1|landings=1
fantail,arrival,1.038,-5.434,6.694,-7.350,True,fly|wait=28.88|panic=0.00|target=1|speed=8.03|near=False|yaw=7.3|peeing=False|peeCooldown=98.3|aerial=False|glide=False|legs=0|activity=Watch|site=-1|visits=0|perch=1|birdPhase=1|landings=1
fantail,arrival,1.141,-5.292,6.386,-6.352,True,fly|wait=28.88|panic=0.00|target=1|speed=7.83|near=False|yaw=8.0|peeing=False|peeCooldown=98.3|aerial=False|glide=False|legs=0|activity=Watch|site=-1|visits=0|perch=1|birdPhase=1|landings=1
fantail,arrival,1.241,-5.181,6.159,-5.628,True,fly|wait=28.88|panic=0.00|target=1|speed=7.71|near=False|yaw=8.6|peeing=False|peeCooldown=98.3|aerial=False|glide=False|legs=0|activity=Watch|site=-1|visits=0|perch=1|birdPhase=1|landings=1
fantail,arrival,1.346,-5.097,5.992,-5.103,True,fly|wait=28.88|panic=0.00|target=1|speed=7.58|near=False|yaw=8.9|peeing=False|peeCooldown=98.3|aerial=False|glide=False|legs=0|activity=Watch|site=-1|visits=0|perch=1|birdPhase=1|landings=1
fantail,arrival,1.451,-4.968,5.746,-4.341,True,fly|wait=28.88|panic=0.00|target=1|speed=7.42|near=False|yaw=9.5|peeing=False|peeCooldown=98.3|aerial=False|glide=False|legs=0|activity=Watch|site=-1|visits=0|perch=1|birdPhase=1|landings=1
fantail,arrival,1.554,-4.842,5.516,-3.635,True,fly|wait=28.88|panic=0.00|target=1|speed=7.25|near=False|yaw=10.0|peeing=False|peeCooldown=98.3|aerial=False|glide=False|legs=0|activity=Watch|site=-1|visits=0|perch=1|birdPhase=1|landings=1
fantail,arrival,1.663,-4.702,5.268,-2.888,True,fly|wait=28.88|panic=0.00|target=1|speed=7.08|near=False|yaw=10.5|peeing=False|peeCooldown=98.3|aerial=False|glide=False|legs=0|activity=Watch|site=-1|visits=0|perch=1|birdPhase=1|landings=1
fantail,arrival,1.766,-4.566,5.033,-2.191,True,fly|wait=28.88|panic=0.00|target=1|speed=6.91|near=False|yaw=11.0|peeing=False|peeCooldown=98.3|aerial=False|glide=False|legs=0|activity=Watch|site=-1|visits=0|perch=1|birdPhase=1|landings=1
fantail,arrival,1.874,-4.425,4.799,-1.503,True,fly|wait=28.88|panic=0.00|target=1|speed=6.73|near=False|yaw=11.5|peeing=False|peeCooldown=98.3|aerial=False|glide=False|legs=0|activity=Watch|site=-1|visits=0|perch=1|birdPhase=1|landings=1
fantail,arrival,1.983,-4.285,4.571,-0.842,True,fly|wait=28.88|panic=0.00|target=1|speed=6.55|near=False|yaw=11.9|peeing=False|peeCooldown=98.3|aerial=False|glide=False|legs=0|activity=Watch|site=-1|visits=0|perch=1|birdPhase=1|landings=1
fantail,arrival,2.087,-4.147,4.353,-0.218,True,fly|wait=28.88|panic=0.00|target=1|speed=6.38|near=False|yaw=12.3|peeing=False|peeCooldown=98.3|aerial=False|glide=False|legs=0|activity=Watch|site=-1|visits=0|perch=1|birdPhase=1|landings=1
fantail,arrival,2.190,-3.982,4.098,0.504,True,fly|wait=28.88|panic=0.00|target=1|speed=6.18|near=False|yaw=12.8|peeing=False|peeCooldown=98.3|aerial=False|glide=False|legs=0|activity=Watch|site=-1|visits=0|perch=1|birdPhase=1|landings=1
fantail,arrival,2.290,-3.883,3.947,0.928,True,fly|wait=28.88|panic=0.00|target=1|speed=6.03|near=False|yaw=13.1|peeing=False|peeCooldown=98.3|aerial=False|glide=False|legs=0|activity=Watch|site=-1|visits=0|perch=1|birdPhase=1|landings=1
fantail,arrival,2.391,-3.746,3.743,1.494,True,fly|wait=28.88|panic=0.00|target=1|speed=5.85|near=False|yaw=13.5|peeing=False|peeCooldown=98.3|aerial=False|glide=False|legs=0|activity=Watch|site=-1|visits=0|perch=1|birdPhase=1|landings=1
fantail,arrival,2.503,-3.608,3.540,2.050,True,fly|wait=28.88|panic=0.00|target=1|speed=5.66|near=False|yaw=13.8|peeing=False|peeCooldown=98.3|aerial=False|glide=False|legs=0|activity=Watch|site=-1|visits=0|perch=1|birdPhase=1|landings=1
fantail,arrival,2.610,-3.476,3.348,2.572,True,fly|wait=28.88|panic=0.00|target=1|speed=5.48|near=False|yaw=14.2|peeing=False|peeCooldown=98.3|aerial=False|glide=False|legs=0|activity=Watch|site=-1|visits=0|perch=1|birdPhase=1|landings=1
fantail,arrival,2.714,-3.343,3.159,3.083,True,fly|wait=28.88|panic=0.00|target=1|speed=5.30|near=False|yaw=14.5|peeing=False|peeCooldown=98.3|aerial=False|glide=False|legs=0|activity=Watch|site=-1|visits=0|perch=1|birdPhase=1|landings=1
fantail,arrival,2.814,-3.211,2.973,3.579,True,fly|wait=28.88|panic=0.00|target=1|speed=5.11|near=False|yaw=14.8|peeing=False|peeCooldown=98.3|aerial=False|glide=False|legs=0|activity=Watch|site=-1|visits=0|perch=1|birdPhase=1|landings=1
fantail,arrival,2.917,-3.077,2.786,4.073,True,fly|wait=28.88|panic=0.00|target=1|speed=4.91|near=False|yaw=15.1|peeing=False|peeCooldown=98.3|aerial=False|glide=False|legs=0|activity=Watch|site=-1|visits=0|perch=1|birdPhase=1|landings=1
fantail,arrival,3.020,-2.952,2.614,4.523,True,fly|wait=28.88|panic=0.00|target=1|speed=4.73|near=False|yaw=15.4|peeing=False|peeCooldown=98.3|aerial=False|glide=False|legs=0|activity=Watch|site=-1|visits=0|perch=1|birdPhase=1|landings=1
fantail,arrival,3.127,-2.829,2.447,4.958,True,fly|wait=28.88|panic=0.00|target=1|speed=4.54|near=False|yaw=15.7|peeing=False|peeCooldown=98.3|aerial=False|glide=False|legs=0|activity=Watch|site=-1|visits=0|perch=1|birdPhase=1|landings=1
fantail,arrival,3.228,-2.711,2.287,5.370,True,fly|wait=28.88|panic=0.00|target=1|speed=4.35|near=False|yaw=16.0|peeing=False|peeCooldown=98.3|aerial=False|glide=False|legs=0|activity=Watch|site=-1|visits=0|perch=1|birdPhase=1|landings=1
fantail,arrival,3.329,-2.599,2.137,5.754,True,fly|wait=28.88|panic=0.00|target=1|speed=4.17|near=False|yaw=16.2|peeing=False|peeCooldown=98.3|aerial=False|glide=False|legs=0|activity=Watch|site=-1|visits=0|perch=1|birdPhase=1|landings=1
fantail,arrival,3.431,-2.487,1.989,6.130,True,fly|wait=28.88|panic=0.00|target=1|speed=3.99|near=False|yaw=16.4|peeing=False|peeCooldown=98.3|aerial=False|glide=False|legs=0|activity=Watch|site=-1|visits=0|perch=1|birdPhase=1|landings=1
fantail,arrival,3.536,-2.377,1.842,6.500,True,fly|wait=28.88|panic=0.00|target=1|speed=3.80|near=False|yaw=16.7|peeing=False|peeCooldown=98.3|aerial=False|glide=False|legs=0|activity=Watch|site=-1|visits=0|perch=1|birdPhase=1|landings=1
fantail,arrival,3.642,-2.271,1.703,6.846,True,fly|wait=28.88|panic=0.00|target=1|speed=3.62|near=False|yaw=16.9|peeing=False|peeCooldown=98.3|aerial=False|glide=False|legs=0|activity=Watch|site=-1|visits=0|perch=1|birdPhase=1|landings=1
fantail,arrival,3.745,-2.150,1.545,7.238,True,fly|wait=28.88|panic=0.00|target=1|speed=3.41|near=False|yaw=17.1|peeing=False|peeCooldown=98.3|aerial=False|glide=False|legs=0|activity=Watch|site=-1|visits=0|perch=1|birdPhase=1|landings=1
fantail,arrival,3.849,-2.075,1.447,7.479,True,fly|wait=28.88|panic=0.00|target=1|speed=3.25|near=False|yaw=17.2|peeing=False|peeCooldown=98.3|aerial=False|glide=False|legs=0|activity=Watch|site=-1|visits=0|perch=1|birdPhase=1|landings=1
fantail,arrival,3.953,-1.985,1.328,7.769,True,fly|wait=28.88|panic=0.00|target=1|speed=3.07|near=False|yaw=17.4|peeing=False|peeCooldown=98.3|aerial=False|glide=False|legs=0|activity=Watch|site=-1|visits=0|perch=1|birdPhase=1|landings=1
fantail,arrival,4.057,-1.896,1.213,8.048,True,fly|wait=28.88|panic=0.00|target=1|speed=2.90|near=False|yaw=17.5|peeing=False|peeCooldown=98.3|aerial=False|glide=False|legs=0|activity=Watch|site=-1|visits=0|perch=1|birdPhase=1|landings=1
fantail,arrival,4.164,-1.812,1.103,8.312,True,fly|wait=28.88|panic=0.00|target=1|speed=2.71|near=False|yaw=17.7|peeing=False|peeCooldown=98.3|aerial=False|glide=False|legs=0|activity=Watch|site=-1|visits=0|perch=1|birdPhase=1|landings=1
fantail,arrival,4.276,-1.733,1.001,8.557,True,fly|wait=28.88|panic=0.00|target=1|speed=2.54|near=False|yaw=17.8|peeing=False|peeCooldown=98.3|aerial=False|glide=False|legs=0|activity=Watch|site=-1|visits=0|perch=1|birdPhase=1|landings=1
fantail,arrival,4.381,-1.659,0.904,8.788,True,fly|wait=28.88|panic=0.00|target=1|speed=2.37|near=False|yaw=17.9|peeing=False|peeCooldown=98.3|aerial=False|glide=False|legs=0|activity=Watch|site=-1|visits=0|perch=1|birdPhase=1|landings=1
fantail,arrival,4.482,-1.575,0.794,9.046,True,fly|wait=28.88|panic=0.00|target=1|speed=2.16|near=False|yaw=17.9|peeing=False|peeCooldown=98.3|aerial=False|glide=False|legs=0|activity=Watch|site=-1|visits=0|perch=1|birdPhase=1|landings=1
fantail,arrival,4.590,-1.530,0.734,9.187,True,fly|wait=28.88|panic=0.00|target=1|speed=2.04|near=False|yaw=18.0|peeing=False|peeCooldown=98.3|aerial=False|glide=False|legs=0|activity=Watch|site=-1|visits=0|perch=1|birdPhase=1|landings=1
fantail,arrival,4.694,-1.470,0.655,9.370,True,fly|wait=28.88|panic=0.00|target=1|speed=1.88|near=False|yaw=18.0|peeing=False|peeCooldown=98.3|aerial=False|glide=False|legs=0|activity=Watch|site=-1|visits=0|perch=1|birdPhase=1|landings=1
fantail,arrival,4.799,-1.404,0.567,9.574,True,fly|wait=28.88|panic=0.00|target=1|speed=1.70|near=False|yaw=18.0|peeing=False|peeCooldown=98.3|aerial=False|glide=False|legs=0|activity=Watch|site=-1|visits=0|perch=1|birdPhase=1|landings=1
fantail,arrival,4.906,-1.369,0.519,9.683,True,fly|wait=28.88|panic=0.00|target=1|speed=1.57|near=False|yaw=17.9|peeing=False|peeCooldown=98.3|aerial=False|glide=False|legs=0|activity=Watch|site=-1|visits=0|perch=1|birdPhase=1|landings=1
fantail,arrival,5.006,-1.314,0.444,9.854,True,fly|wait=28.88|panic=0.00|target=1|speed=1.41|near=False|yaw=17.8|peeing=False|peeCooldown=98.3|aerial=False|glide=False|legs=0|activity=Watch|site=-1|visits=0|perch=1|birdPhase=1|landings=1
fantail,arrival,5.109,-1.286,0.405,9.942,True,fly|wait=28.88|panic=0.00|target=1|speed=1.29|near=False|yaw=17.7|peeing=False|peeCooldown=98.3|aerial=False|glide=False|legs=0|activity=Watch|site=-1|visits=0|perch=1|birdPhase=1|landings=1
fantail,arrival,5.210,-1.252,0.355,10.052,True,fly|wait=28.88|panic=0.00|target=1|speed=1.16|near=False|yaw=17.5|peeing=False|peeCooldown=98.3|aerial=False|glide=False|legs=0|activity=Watch|site=-1|visits=0|perch=1|birdPhase=1|landings=1
fantail,arrival,5.316,-1.221,0.310,10.152,True,fly|wait=28.88|panic=0.00|target=1|speed=1.03|near=False|yaw=17.2|peeing=False|peeCooldown=98.3|aerial=False|glide=False|legs=0|activity=Watch|site=-1|visits=0|perch=1|birdPhase=1|landings=1
fantail,arrival,5.419,-1.195,0.271,10.239,True,fly|wait=28.88|panic=0.00|target=1|speed=0.91|near=False|yaw=16.9|peeing=False|peeCooldown=98.3|aerial=False|glide=False|legs=0|activity=Watch|site=-1|visits=0|perch=1|birdPhase=1|landings=1
fantail,arrival,5.521,-1.172,0.236,10.316,True,fly|wait=28.88|panic=0.00|target=1|speed=0.79|near=False|yaw=16.5|peeing=False|peeCooldown=98.3|aerial=False|glide=False|legs=0|activity=Watch|site=-1|visits=0|perch=1|birdPhase=1|landings=1
fantail,arrival,5.622,-1.153,0.205,10.382,True,fly|wait=28.88|panic=0.00|target=1|speed=0.68|near=False|yaw=16.0|peeing=False|peeCooldown=98.3|aerial=False|glide=False|legs=0|activity=Watch|site=-1|visits=0|perch=1|birdPhase=1|landings=1
fantail,arrival,5.725,-1.137,0.178,10.439,True,fly|wait=28.88|panic=0.00|target=1|speed=0.58|near=False|yaw=15.4|peeing=False|peeCooldown=98.3|aerial=False|glide=False|legs=0|activity=Watch|site=-1|visits=0|perch=1|birdPhase=1|landings=1
fantail,arrival,5.827,-1.125,0.155,10.488,True,fly|wait=28.88|panic=0.00|target=1|speed=0.48|near=False|yaw=14.7|peeing=False|peeCooldown=98.3|aerial=False|glide=False|legs=0|activity=Watch|site=-1|visits=0|perch=1|birdPhase=1|landings=1
fantail,arrival,5.931,-1.115,0.136,10.527,True,idle|wait=28.88|panic=0.00|target=1|speed=0.39|near=False|yaw=13.8|peeing=False|peeCooldown=98.3|aerial=False|glide=False|legs=0|activity=Watch|site=-1|visits=0|perch=1|birdPhase=1|landings=1
fantail,arrival,6.038,-1.108,0.120,10.560,True,idle|wait=28.88|panic=0.00|target=1|speed=0.30|near=False|yaw=12.8|peeing=False|peeCooldown=98.3|aerial=False|glide=False|legs=0|activity=Watch|site=-1|visits=0|perch=1|birdPhase=1|landings=1
fantail,arrival,6.147,-1.103,0.108,10.585,True,idle|wait=28.88|panic=0.00|target=1|speed=0.22|near=False|yaw=11.6|peeing=False|peeCooldown=98.3|aerial=False|glide=False|legs=0|activity=Watch|site=-1|visits=0|perch=1|birdPhase=1|landings=1
fantail,arrival,6.255,-1.100,0.100,10.600,True,idle|wait=28.88|panic=0.00|target=1|speed=0.07|near=False|yaw=10.4|peeing=False|peeCooldown=98.3|aerial=False|glide=False|legs=0|activity=Watch|site=-1|visits=0|perch=1|birdPhase=1|landings=1
fantail,arrival,6.359,-1.100,0.100,10.600,True,idle|wait=5.36|panic=0.00|target=1|speed=0.00|near=False|yaw=10.2|peeing=False|peeCooldown=98.3|aerial=False|glide=False|legs=0|activity=Watch|site=-1|visits=0|perch=1|birdPhase=2|landings=2
fantail,arrival,6.460,-1.100,0.100,10.600,True,idle|wait=5.24|panic=0.00|target=1|speed=0.00|near=False|yaw=10.2|peeing=False|peeCooldown=98.3|aerial=False|glide=False|legs=0|activity=Watch|site=-1|visits=0|perch=1|birdPhase=2|landings=2
fantail,arrival,6.562,-1.100,0.100,10.600,True,idle|wait=5.16|panic=0.00|target=1|speed=0.00|near=False|yaw=10.2|peeing=False|peeCooldown=98.3|aerial=False|glide=False|legs=0|activity=Watch|site=-1|visits=0|perch=1|birdPhase=2|landings=2
fantail,arrival,6.668,-1.100,0.100,10.600,True,idle|wait=5.05|panic=0.00|target=1|speed=0.00|near=False|yaw=10.2|peeing=False|peeCooldown=98.3|aerial=False|glide=False|legs=0|activity=Watch|site=-1|visits=0|perch=1|birdPhase=2|landings=2
fantail,arrival,6.772,-1.100,0.100,10.600,True,idle|wait=4.95|panic=0.00|target=1|speed=0.00|near=False|yaw=10.2|peeing=False|peeCooldown=98.3|aerial=False|glide=False|legs=0|activity=Watch|site=-1|visits=0|perch=1|birdPhase=2|landings=2
fantail,arrival,6.875,-1.100,0.100,10.600,True,idle|wait=4.85|panic=0.00|target=1|speed=0.00|near=False|yaw=10.2|peeing=False|peeCooldown=98.3|aerial=False|glide=False|legs=0|activity=Watch|site=-1|visits=0|perch=1|birdPhase=2|landings=2
fantail,arrival,6.981,-1.100,0.100,10.600,True,idle|wait=4.74|panic=0.00|target=1|speed=0.00|near=False|yaw=10.2|peeing=False|peeCooldown=98.3|aerial=False|glide=False|legs=0|activity=Watch|site=-1|visits=0|perch=1|birdPhase=2|landings=2
fantail,arrival,7.081,-1.100,0.100,10.600,True,idle|wait=4.62|panic=0.00|target=1|speed=0.00|near=False|yaw=10.2|peeing=False|peeCooldown=98.3|aerial=False|glide=False|legs=0|activity=Watch|site=-1|visits=0|perch=1|birdPhase=2|landings=2
fantail,arrival,7.183,-1.100,0.100,10.600,True,idle|wait=4.54|panic=0.00|target=1|speed=0.00|near=False|yaw=10.2|peeing=False|peeCooldown=98.3|aerial=False|glide=False|legs=0|activity=Watch|site=-1|visits=0|perch=1|birdPhase=2|landings=2
fantail,arrival,7.291,-1.100,0.100,10.600,True,idle|wait=4.43|panic=0.00|target=1|speed=0.00|near=False|yaw=10.2|peeing=False|peeCooldown=98.3|aerial=False|glide=False|legs=0|activity=Watch|site=-1|visits=0|perch=1|birdPhase=2|landings=2
fantail,arrival,7.402,-1.100,0.100,10.600,True,idle|wait=4.32|panic=0.00|target=1|speed=0.00|near=False|yaw=10.2|peeing=False|peeCooldown=98.3|aerial=False|glide=False|legs=0|activity=Watch|site=-1|visits=0|perch=1|birdPhase=2|landings=2
fantail,arrival,7.504,-1.100,0.100,10.600,True,idle|wait=4.19|panic=0.00|target=1|speed=0.00|near=False|yaw=10.2|peeing=False|peeCooldown=98.3|aerial=False|glide=False|legs=0|activity=Watch|site=-1|visits=0|perch=1|birdPhase=2|landings=2
fantail,arrival,7.605,-1.100,0.100,10.600,True,idle|wait=4.12|panic=0.00|target=1|speed=0.00|near=False|yaw=10.2|peeing=False|peeCooldown=98.3|aerial=False|glide=False|legs=0|activity=Watch|site=-1|visits=0|perch=1|birdPhase=2|landings=2
fantail,arrival,7.710,-1.100,0.100,10.600,True,idle|wait=4.01|panic=0.00|target=1|speed=0.00|near=False|yaw=10.2|peeing=False|peeCooldown=98.3|aerial=False|glide=False|legs=0|activity=Watch|site=-1|visits=0|perch=1|birdPhase=2|landings=2
fantail,arrival,7.816,-1.100,0.100,10.600,True,idle|wait=3.91|panic=0.00|target=1|speed=0.00|near=False|yaw=10.2|peeing=False|peeCooldown=98.3|aerial=False|glide=False|legs=0|activity=Watch|site=-1|visits=0|perch=1|birdPhase=2|landings=2
fantail,arrival,7.921,-1.100,0.100,10.600,True,idle|wait=3.80|panic=0.00|target=1|speed=0.00|near=False|yaw=10.2|peeing=False|peeCooldown=98.3|aerial=False|glide=False|legs=0|activity=Watch|site=-1|visits=0|perch=1|birdPhase=2|landings=2
