mode,stage,time,x,y,z,vy,eye_y,swimming,grounded,holding,clip
Classic,directional-motion,1.2546,-13.2000,-0.8600,3.0000,0.0000,0.3900,True,False,True,True
Classic,directional-motion,1.5681,-13.2000,-0.8600,3.0000,0.0000,0.3900,True,False,True,True
Classic,directional-motion,1.6173,-13.2000,-0.8600,3.0000,0.0000,0.3900,True,False,True,True
Classic,directional-motion,1.6197,-13.2000,-0.8600,3.0000,0.0000,0.3900,True,False,True,True
Classic,directional-motion,1.6210,-13.2000,-0.8600,3.0000,0.0000,0.3900,True,False,True,True
Classic,directional-motion,1.6673,-13.2000,-0.8600,3.0000,0.0000,0.3900,True,False,True,True
Classic,directional-motion,1.6701,-13.2000,-0.8600,3.0000,0.0000,0.3900,True,False,True,True
Classic,directional-motion,1.6713,-13.2000,-0.8600,3.0000,0.0000,0.3900,True,False,True,True
Classic,directional-motion,1.6723,-13.2000,-0.8600,3.0000,0.0000,0.3900,True,False,True,True
Classic,directional-motion,1.7158,-13.2000,-0.8600,3.0000,0.0000,0.3900,True,False,True,True
Classic,directional-motion,1.7179,-13.2000,-0.8600,3.0000,0.0000,0.3900,True,False,True,True
Classic,directional-motion,1.7195,-13.2000,-0.8600,3.0000,0.0000,0.3900,True,False,True,True
Classic,directional-motion,1.7204,-13.2000,-0.8600,3.0000,0.0000,0.3900,True,False,True,True
Classic,directional-motion,1.7217,-13.2000,-0.8600,3.0000,0.0000,0.3900,True,False,True,True
Classic,directional-motion,1.7228,-13.2000,-0.8600,3.0000,0.0000,0.3900,True,False,True,True
Classic,directional-motion,1.7675,-13.2000,-0.8600,3.0000,0.0000,0.3900,True,False,True,True
Classic,directional-motion,1.7697,-13.2000,-0.8600,3.0000,0.0000,0.3900,True,False,True,True
Classic,directional-motion,1.7709,-13.2000,-0.8600,3.0000,0.0000,0.3900,True,False,True,True
Classic,directional-motion,1.7722,-13.2000,-0.8600,3.0000,0.0000,0.3900,True,False,True,True
Classic,directional-motion,1.7731,-13.2000,-0.8600,3.0000,0.0000,0.3900,True,False,True,True
Classic,directional-motion,1.8160,-13.2000,-0.8600,3.0000,0.0000,0.3900,True,False,True,True
Classic,directional-motion,1.8192,-13.2000,-0.8600,3.0000,0.0000,0.3900,True,False,True,True
Classic,directional-motion,1.8211,-13.2000,-0.8600,3.0000,0.0000,0.3900,True,False,True,True
Classic,directional-motion,1.8229,-13.2000,-0.8600,3.0000,0.0000,0.3900,True,False,True,True
Classic,directional-motion,1.8237,-13.2000,-0.8600,3.0000,0.0000,0.3900,True,False,True,True
Classic,directional-motion,1.8692,-13.2000,-0.8600,3.0000,0.0000,0.3900,True,False,True,True
Classic,directional-motion,1.8761,-13.2000,-0.8600,3.0000,0.0000,0.3900,True,False,True,True
Classic,directional-motion,1.9196,-13.2000,-0.8600,3.0000,0.0000,0.3900,True,False,True,True
Classic,directional-motion,1.9213,-13.2000,-0.8600,3.0000,0.0000,0.3900,True,False,True,True
Classic,directional-motion,1.9229,-13.2000,-0.8600,3.0000,0.0000,0.3900,True,False,True,True
Classic,directional-motion,1.9242,-13.2000,-0.8600,3.0000,0.0000,0.3900,True,False,True,True
Classic,directional-motion,1.9253,-13.2000,-0.8600,3.0000,0.0000,0.3900,True,False,True,True
Classic,directional-motion,1.9261,-13.2000,-0.8600,3.0000,0.0000,0.3900,True,False,True,True
Classic,directional-motion,1.9267,-13.2000,-0.8600,3.0000,0.0000,0.3900,True,False,True,True
Classic,directional-motion,1.9835,-13.2000,-0.8600,3.0000,0.0000,0.3900,True,False,True,True
Classic,directional-motion,2.0294,-13.2000,-0.8600,3.0000,0.0000,0.3900,True,False,True,True
Classic,directional-motion,2.0313,-13.2000,-0.8600,3.0000,0.0000,0.3900,True,False,True,True
Classic,directional-motion,2.0330,-13.2000,-0.8600,3.0000,0.0000,0.3900,True,False,True,True
Classic,directional-motion,2.0349,-13.2000,-0.8600,3.0000,0.0000,0.3900,True,False,True,True
Classic,directional-motion,2.0812,-13.2000,-0.8600,3.0000,0.0000,0.3900,True,False,True,True
Classic,directional-motion,2.0834,-13.2000,-0.8600,3.0000,0.0000,0.3900,True,False,True,True
Classic,directional-motion,2.0844,-13.2000,-0.8600,3.0000,0.0000,0.3900,True,False,True,True
Classic,directional-motion,2.0856,-13.2000,-0.8600,3.0000,0.0000,0.3900,True,False,True,True
Classic,directional-motion,2.1318,-13.2000,-0.8600,3.0000,0.0000,0.3900,True,False,True,True
Classic,directional-motion,2.1335,-13.2000,-0.8600,3.0000,0.0000,0.3900,True,False,True,True
Classic,directional-motion,2.1348,-13.2000,-0.8600,3.0000,0.0000,0.3900,True,False,True,True
Classic,directional-motion,2.1359,-13.2000,-0.8600,3.0000,0.0000,0.3900,True,False,True,True
Classic,directional-motion,2.1787,-13.2000,-0.8600,3.0000,0.0000,0.3900,True,False,True,True
Classic,directional-motion,2.1804,-13.2000,-0.8600,3.0000,0.0000,0.3900,True,False,True,True
Classic,directional-motion,2.1824,-13.2000,-0.8600,3.0000,0.0000,0.3900,True,False,True,True
Classic,directional-motion,2.1838,-13.2000,-0.8600,3.0000,0.0000,0.3900,True,False,True,True
Classic,directional-motion,2.1848,-13.2000,-0.8600,3.0000,0.0000,0.3900,True,False,True,True
Classic,directional-motion,2.1855,-13.2000,-0.8600,3.0000,0.0000,0.3900,True,False,True,True
Classic,directional-motion,2.1861,-13.2000,-0.8600,3.0000,0.0000,0.3900,True,False,True,True
Classic,directional-motion,2.2408,-13.2000,-0.8600,3.0000,0.0000,0.3900,True,False,True,True
Classic,directional-motion,2.2848,-13.2000,-0.8600,3.0000,0.0000,0.3900,True,False,True,True
Classic,directional-motion,2.2870,-13.2000,-0.8600,3.0000,0.0000,0.3900,True,False,True,True
Classic,directional-motion,2.2884,-13.2000,-0.8600,3.0000,0.0000,0.3900,True,False,True,True
Classic,directional-motion,2.2896,-13.2000,-0.8600,3.0000,0.0000,0.3900,True,False,True,True
Classic,directional-motion,2.2905,-13.2000,-0.8600,3.0000,0.0000,0.3900,True,False,True,True
Classic,directional-motion,2.2915,-13.2000,-0.8600,3.0000,0.0000,0.3900,True,False,True,True
Classic,directional-motion,2.2928,-13.2000,-0.8600,3.0000,0.0000,0.3900,True,False,True,True
Classic,directional-motion,2.3473,-13.2000,-0.8600,3.0880,0.0000,0.3900,True,False,True,True
Classic,directional-motion,2.3913,-13.2000,-0.8600,3.1467,0.0000,0.3900,True,False,True,True
Classic,directional-motion,2.3930,-13.2000,-0.8600,3.1467,0.0000,0.3900,True,False,True,True
Classic,directional-motion,2.3939,-13.2000,-0.8600,3.1467,0.0000,0.3900,True,False,True,True
Classic,directional-motion,2.3951,-13.2000,-0.8600,3.1467,0.0000,0.3900,True,False,True,True
Classic,directional-motion,2.3966,-13.2000,-0.8600,3.1467,0.0000,0.3900,True,False,True,True
Classic,directional-motion,2.3976,-13.2000,-0.8600,3.1467,0.0000,0.3900,True,False,True,True
Classic,directional-motion,2.3984,-13.2000,-0.8600,3.1467,0.0000,0.3900,True,False,True,True
Classic,directional-motion,2.4508,-13.2000,-0.8600,3.2348,0.0000,0.3900,True,False,True,True
Classic,directional-motion,2.4963,-13.2000,-0.8600,3.2935,0.0000,0.3900,True,False,True,True
Classic,directional-motion,2.4986,-13.2000,-0.8600,3.2935,0.0000,0.3900,True,False,True,True
Classic,directional-motion,2.4998,-13.2000,-0.8600,3.2935,0.0000,0.3900,True,False,True,True
Classic,directional-motion,2.5008,-13.2000,-0.8600,3.3228,0.0000,0.3900,True,False,True,True
Classic,directional-motion,2.5021,-13.2000,-0.8600,3.3228,0.0000,0.3900,True,False,True,True
Classic,directional-motion,2.5441,-13.2000,-0.8600,3.3815,0.0000,0.3900,True,False,True,True
Classic,directional-motion,2.5458,-13.2000,-0.8600,3.3815,0.0000,0.3900,True,False,True,True
Classic,directional-motion,2.5474,-13.2000,-0.8600,3.3815,0.0000,0.3900,True,False,True,True
Classic,directional-motion,2.5486,-13.2000,-0.8600,3.3815,0.0000,0.3900,True,False,True,True
Classic,directional-motion,2.5494,-13.2000,-0.8600,3.3815,0.0000,0.3900,True,False,True,True
Classic,directional-motion,2.5501,-13.2000,-0.8600,3.3815,0.0000,0.3900,True,False,True,True
Classic,directional-motion,2.5507,-13.2000,-0.8600,3.3815,0.0000,0.3900,True,False,True,True
Classic,directional-motion,2.5513,-13.2000,-0.8600,3.3815,0.0000,0.3900,True,False,True,True
Classic,directional-motion,2.5534,-13.2000,-0.8600,3.3815,0.0000,0.3900,True,False,True,True
Classic,directional-motion,2.6019,-13.2000,-0.8600,3.4696,0.0000,0.3900,True,False,True,True
Classic,directional-motion,2.6042,-13.2000,-0.8600,3.4696,0.0000,0.3900,True,False,True,True
Classic,directional-motion,2.6474,-13.2000,-0.8600,3.5283,0.0000,0.3900,True,False,True,True
Classic,directional-motion,2.6492,-13.2000,-0.8600,3.5283,0.0000,0.3900,True,False,True,True
Classic,directional-motion,2.6506,-13.2000,-0.8600,3.5283,0.0000,0.3900,True,False,True,True
Classic,directional-motion,2.6517,-13.2000,-0.8600,3.5283,0.0000,0.3900,True,False,True,True
Classic,directional-motion,2.6527,-13.2000,-0.8600,3.5283,0.0000,0.3900,True,False,True,True
Classic,directional-motion,2.6535,-13.2000,-0.8600,3.5283,0.0000,0.3900,True,False,True,True
Classic,directional-motion,2.6542,-13.2000,-0.8600,3.5283,0.0000,0.3900,True,False,True,True
Classic,directional-motion,2.6548,-13.2000,-0.8600,3.5283,0.0000,0.3900,True,False,True,True
Classic,directional-motion,2.7057,-13.2000,-0.8600,3.6163,0.0000,0.3900,True,False,True,True
Classic,directional-motion,2.7508,-13.2000,-0.8600,3.6750,0.0000,0.3900,True,False,True,True
Classic,directional-motion,2.7531,-13.2000,-0.8600,3.6750,0.0000,0.3900,True,False,True,True
Classic,directional-motion,2.7547,-13.2000,-0.8600,3.6750,0.0000,0.3900,True,False,True,True
Classic,directional-motion,2.7558,-13.2000,-0.8600,3.6750,0.0000,0.3900,True,False,True,True
Classic,directional-motion,2.7567,-13.2000,-0.8600,3.6750,0.0000,0.3900,True,False,True,True
Classic,directional-motion,2.7574,-13.2000,-0.8600,3.6750,0.0000,0.3900,True,False,True,True
Classic,directional-motion,2.8004,-13.2000,-0.8600,3.7630,0.0000,0.3900,True,False,True,True
Classic,directional-motion,2.8034,-13.2000,-0.8600,3.7630,0.0000,0.3900,True,False,True,True
Classic,directional-motion,2.8047,-13.2000,-0.8600,3.7630,0.0000,0.3900,True,False,True,True
Classic,directional-motion,2.8066,-13.2000,-0.8600,3.7630,0.0000,0.3900,True,False,True,True
Classic,directional-motion,2.8079,-13.2000,-0.8600,3.7630,0.0000,0.3900,True,False,True,True
Classic,directional-motion,2.8547,-13.2000,-0.8600,3.8217,0.0000,0.3900,True,False,True,True
Classic,directional-motion,2.8573,-13.2000,-0.8600,3.8217,0.0000,0.3900,True,False,True,True
Classic,directional-motion,2.8586,-13.2000,-0.8600,3.8217,0.0000,0.3900,True,False,True,True
Classic,directional-motion,2.9026,-13.2000,-0.8600,3.9098,0.0000,0.3900,True,False,True,True
Classic,directional-motion,2.9063,-13.2000,-0.8600,3.9098,0.0000,0.3900,True,False,True,True
Classic,directional-motion,2.9083,-13.2000,-0.8600,3.9098,0.0000,0.3900,True,False,True,True
Classic,directional-motion,2.9096,-13.2000,-0.8600,3.9098,0.0000,0.3900,True,False,True,True
Classic,directional-motion,2.9525,-13.2000,-0.8600,3.9685,0.0000,0.3900,True,False,True,True
Classic,directional-motion,2.9547,-13.2000,-0.8600,3.9685,0.0000,0.3900,True,False,True,True
Classic,directional-motion,2.9564,-13.2000,-0.8600,3.9685,0.0000,0.3900,True,False,True,True
Classic,directional-motion,2.9576,-13.2000,-0.8600,3.9685,0.0000,0.3900,True,False,True,True
Classic,directional-motion,2.9592,-13.2000,-0.8600,3.9685,0.0000,0.3900,True,False,True,True
Classic,directional-motion,2.9606,-13.2000,-0.8600,3.9978,0.0000,0.3900,True,False,True,True
Classic,directional-motion,3.0054,-13.2000,-0.8600,4.0565,0.0000,0.3900,True,False,True,True
Classic,directional-motion,3.0077,-13.2000,-0.8600,4.0565,0.0000,0.3900,True,False,True,True
Classic,directional-motion,3.0092,-13.2000,-0.8600,4.0565,0.0000,0.3900,True,False,True,True
Classic,directional-motion,3.0103,-13.2000,-0.8600,4.0565,0.0000,0.3900,True,False,True,True
Classic,directional-motion,3.0113,-13.2000,-0.8600,4.0565,0.0000,0.3900,True,False,True,True
Classic,directional-motion,3.0545,-13.2000,-0.8600,4.1152,0.0000,0.3900,True,False,True,True
Classic,directional-motion,3.0570,-13.2000,-0.8600,4.1152,0.0000,0.3900,True,False,True,True
Classic,directional-motion,3.0585,-13.2000,-0.8600,4.1152,0.0000,0.3900,True,False,True,True
Classic,directional-motion,3.0595,-13.2000,-0.8600,4.1152,0.0000,0.3900,True,False,True,True
Classic,directional-motion,3.0603,-13.2000,-0.8600,4.1446,0.0000,0.3900,True,False,True,True
Classic,directional-motion,3.0619,-13.2000,-0.8600,4.1446,0.0000,0.3900,True,False,True,True
Classic,directional-motion,3.1046,-13.2000,-0.8600,4.2033,0.0000,0.3900,True,False,True,True
Classic,directional-motion,3.1070,-13.2000,-0.8600,4.2033,0.0000,0.3900,True,False,True,True
Classic,directional-motion,3.1084,-13.2000,-0.8600,4.2033,0.0000,0.3900,True,False,True,True
Classic,directional-motion,3.1095,-13.2000,-0.8600,4.2033,0.0000,0.3900,True,False,True,True
Classic,directional-motion,3.1110,-13.2000,-0.8600,4.2033,0.0000,0.3900,True,False,True,True
Classic,directional-motion,3.1127,-13.2000,-0.8600,4.2033,0.0000,0.3900,True,False,True,True
Classic,directional-motion,3.1562,-13.2000,-0.8600,4.2620,0.0000,0.3900,True,False,True,True
Classic,directional-motion,3.1591,-13.2000,-0.8600,4.2620,0.0000,0.3900,True,False,True,True
Classic,directional-motion,3.1606,-13.2000,-0.8600,4.2913,0.0000,0.3900,True,False,True,True
Classic,directional-motion,3.1624,-13.2000,-0.8600,4.2913,0.0000,0.3900,True,False,True,True
Classic,directional-motion,3.1636,-13.2000,-0.8600,4.2913,0.0000,0.3900,True,False,True,True
Classic,directional-motion,3.2076,-13.2000,-0.8600,4.3500,0.0000,0.3900,True,False,True,True
Classic,directional-motion,3.2098,-13.2000,-0.8600,4.3500,0.0000,0.3900,True,False,True,True
Classic,directional-motion,3.2111,-13.2000,-0.8600,4.3500,0.0000,0.3900,True,False,True,True
Classic,directional-motion,3.2126,-13.2000,-0.8600,4.3500,0.0000,0.3900,True,False,True,True
Classic,directional-motion,3.2138,-13.2000,-0.8600,4.3500,0.0000,0.3900,True,False,True,True
Classic,directional-motion,3.2554,-13.2000,-0.8600,4.4087,0.0000,0.3900,True,False,True,True
Classic,directional-motion,3.2577,-13.2000,-0.8600,4.4087,0.0000,0.3900,True,False,True,True
Classic,directional-motion,3.2589,-13.2000,-0.8600,4.4087,0.0000,0.3900,True,False,True,True
Classic,directional-motion,3.2598,-13.2000,-0.8600,4.4087,0.0000,0.3900,True,False,True,True
Classic,directional-motion,3.2608,-13.2000,-0.8600,4.4381,0.0000,0.3900,True,False,True,True
Classic,directional-motion,3.2624,-13.2000,-0.8600,4.4381,0.0000,0.3900,True,False,True,True
Classic,directional-motion,3.2635,-13.2000,-0.8600,4.4381,0.0000,0.3900,True,False,True,True
Classic,directional-motion,3.2645,-13.2000,-0.8600,4.4381,0.0000,0.3900,True,False,True,True
Classic,directional-motion,3.3140,-13.2000,-0.8600,4.4967,0.0000,0.3900,True,False,True,True
Classic,directional-motion,3.3575,-13.2000,-0.8600,4.5554,0.0000,0.3900,True,False,True,True
Classic,directional-motion,3.3612,-13.2000,-0.8600,4.5848,0.0000,0.3900,True,False,True,True
Classic,directional-motion,3.3628,-13.2000,-0.8600,4.5848,0.0000,0.3900,True,False,True,True
Classic,directional-motion,3.3636,-13.2000,-0.8600,4.5848,0.0000,0.3900,True,False,True,True
Classic,directional-motion,3.3647,-13.2000,-0.8600,4.5848,0.0000,0.3900,True,False,True,True
Classic,directional-motion,3.4084,-13.2000,-0.8600,4.6435,0.0000,0.3900,True,False,True,True
Classic,directional-motion,3.4111,-13.2000,-0.8600,4.6435,0.0000,0.3900,True,False,True,True
Classic,directional-motion,3.4124,-13.2000,-0.8600,4.6435,0.0000,0.3900,True,False,True,True
Classic,directional-motion,3.4138,-13.2000,-0.8600,4.6435,0.0000,0.3900,True,False,True,True
Classic,directional-motion,3.4151,-13.2000,-0.8600,4.6435,0.0000,0.3900,True,False,True,True
Classic,directional-motion,3.4580,-13.2000,-0.8600,4.7022,0.0000,0.3900,True,False,True,True
Classic,directional-motion,3.4601,-13.2000,-0.8600,4.7315,0.0000,0.3900,True,False,True,True
Classic,directional-motion,3.4619,-13.2000,-0.8600,4.7315,0.0000,0.3900,True,False,True,True
Classic,directional-motion,3.4633,-13.2000,-0.8600,4.7315,0.0000,0.3900,True,False,True,True
Classic,directional-motion,3.4644,-13.2000,-0.8600,4.7315,0.0000,0.3900,True,False,True,True
Classic,directional-motion,3.4652,-13.2000,-0.8600,4.7315,0.0000,0.3900,True,False,True,True
Classic,directional-motion,3.5085,-13.2000,-0.8600,4.7902,0.0000,0.3900,True,False,True,True
Classic,directional-motion,3.5110,-13.2000,-0.8600,4.7902,0.0000,0.3900,True,False,True,True
Classic,directional-motion,3.5124,-13.2000,-0.8600,4.7902,0.0000,0.3900,True,False,True,True
Classic,directional-motion,3.5134,-13.2000,-0.8600,4.7902,0.0000,0.3900,True,False,True,True
Classic,directional-motion,3.5145,-13.2000,-0.8600,4.7902,0.0000,0.3900,True,False,True,True
Classic,directional-motion,3.5157,-13.2000,-0.8600,4.7902,0.0000,0.3900,True,False,True,True
Classic,directional-motion,3.5587,-13.2000,-0.8600,4.8489,0.0000,0.3900,True,False,True,True
Classic,directional-motion,3.5618,-13.2000,-0.8600,4.8783,0.0000,0.3900,True,False,True,True
Classic,directional-motion,3.5633,-13.2000,-0.8600,4.8783,0.0000,0.3900,True,False,True,True
Classic,directional-motion,3.5645,-13.2000,-0.8600,4.8783,0.0000,0.3900,True,False,True,True
Classic,directional-motion,3.5661,-13.2000,-0.8600,4.8783,0.0000,0.3900,True,False,True,True
Classic,directional-motion,3.6108,-13.2000,-0.8600,4.9370,0.0000,0.3900,True,False,True,True
Classic,directional-motion,3.6130,-13.2000,-0.8600,4.9370,0.0000,0.3900,True,False,True,True
Classic,directional-motion,3.6151,-13.2000,-0.8600,4.9370,0.0000,0.3900,True,False,True,True
Classic,directional-motion,3.6167,-13.2000,-0.8600,4.9370,0.0000,0.3900,True,False,True,True
Classic,directional-motion,3.6626,-13.2000,-0.8600,5.0250,0.0000,0.3900,True,False,True,True
Classic,directional-motion,3.6651,-13.2000,-0.8600,5.0250,0.0000,0.3900,True,False,True,True
Classic,directional-motion,3.6662,-13.2000,-0.8600,5.0250,0.0000,0.3900,True,False,True,True
Classic,directional-motion,3.6676,-13.2000,-0.8600,5.0250,0.0000,0.3900,True,False,True,True
Classic,directional-motion,3.7112,-13.2000,-0.8600,5.0837,0.0000,0.3900,True,False,True,True
Classic,directional-motion,3.7130,-13.2000,-0.8600,5.0837,0.0000,0.3900,True,False,True,True
Classic,directional-motion,3.7143,-13.2000,-0.8600,5.0837,0.0000,0.3900,True,False,True,True
Classic,directional-motion,3.7155,-13.2000,-0.8600,5.0837,0.0000,0.3900,True,False,True,True
Classic,directional-motion,3.7169,-13.2000,-0.8600,5.0837,0.0000,0.3900,True,False,True,True
Classic,directional-motion,3.7179,-13.2000,-0.8600,5.0837,0.0000,0.3900,True,False,True,True
Classic,directional-motion,3.7602,-13.2000,-0.8600,5.1718,0.0000,0.3900,True,False,True,True
Classic,directional-motion,3.7631,-13.2000,-0.8600,5.1718,0.0000,0.3900,True,False,True,True
Classic,directional-motion,3.7645,-13.2000,-0.8600,5.1718,0.0000,0.3900,True,False,True,True
Classic,directional-motion,3.7656,-13.2000,-0.8600,5.1718,0.0000,0.3900,True,False,True,True
Classic,directional-motion,3.7665,-13.2000,-0.8600,5.1718,0.0000,0.3900,True,False,True,True
Classic,directional-motion,3.7673,-13.2000,-0.8600,5.1718,0.0000,0.3900,True,False,True,True
Classic,directional-motion,3.7681,-13.2000,-0.8600,5.1718,0.0000,0.3900,True,False,True,True
Classic,directional-motion,3.8243,-13.2000,-0.8600,5.2598,0.0000,0.3900,True,False,True,True
Classic,directional-motion,3.8696,-13.2000,-0.8600,5.3185,0.0000,0.3900,True,False,True,True
Classic,directional-motion,3.8724,-13.2000,-0.8600,5.3185,0.0000,0.3900,True,False,True,True
Classic,directional-motion,3.8740,-13.2000,-0.8600,5.3185,0.0000,0.3900,True,False,True,True
Classic,directional-motion,3.8752,-13.2000,-0.8600,5.3185,0.0000,0.3900,True,False,True,True
Classic,directional-motion,3.8764,-13.2000,-0.8600,5.3185,0.0000,0.3900,True,False,True,True
Classic,directional-motion,3.9201,-13.2000,-0.8600,5.4065,0.0000,0.3900,True,False,True,True
Classic,directional-motion,3.9221,-13.2000,-0.8600,5.4065,0.0000,0.3900,True,False,True,True
Classic,directional-motion,3.9236,-13.2000,-0.8600,5.4065,0.0000,0.3900,True,False,True,True
Classic,directional-motion,3.9248,-13.2000,-0.8600,5.4065,0.0000,0.3900,True,False,True,True
Classic,directional-motion,3.9258,-13.2000,-0.8600,5.4065,0.0000,0.3900,True,False,True,True
Classic,directional-motion,3.9268,-13.2000,-0.8600,5.4065,0.0000,0.3900,True,False,True,True
Classic,directional-motion,3.9681,-13.2000,-0.8600,5.4652,0.0000,0.3900,True,False,True,True
Classic,directional-motion,3.9700,-13.2000,-0.8600,5.4652,0.0000,0.3900,True,False,True,True
Classic,directional-motion,3.9713,-13.2000,-0.8600,5.4652,0.0000,0.3900,True,False,True,True
Classic,directional-motion,3.9727,-13.2000,-0.8600,5.4652,0.0000,0.3900,True,False,True,True
Classic,directional-motion,3.9737,-13.2000,-0.8600,5.4652,0.0000,0.3900,True,False,True,True
Classic,directional-motion,3.9744,-13.2000,-0.8600,5.4652,0.0000,0.3900,True,False,True,True
Classic,directional-motion,3.9751,-13.2000,-0.8600,5.4652,0.0000,0.3900,True,False,True,True
Classic,directional-motion,3.9757,-13.2000,-0.8600,5.4652,0.0000,0.3900,True,False,True,True
Classic,directional-motion,3.9780,-13.2000,-0.8600,5.4652,0.0000,0.3900,True,False,True,True
Classic,directional-motion,4.0267,-13.2000,-0.8600,5.5533,0.0000,0.3900,True,False,True,True
Classic,directional-motion,4.0287,-13.2000,-0.8600,5.5533,0.0000,0.3900,True,False,True,True
Classic,directional-motion,4.0713,-13.2000,-0.8600,5.6120,0.0000,0.3900,True,False,True,True
Classic,directional-motion,4.0733,-13.2000,-0.8600,5.6120,0.0000,0.3900,True,False,True,True
Classic,directional-motion,4.0750,-13.2000,-0.8600,5.6120,0.0000,0.3900,True,False,True,True
Classic,directional-motion,4.0762,-13.2000,-0.8600,5.6120,0.0000,0.3900,True,False,True,True
Classic,directional-motion,4.0773,-13.2000,-0.8600,5.6120,0.0000,0.3900,True,False,True,True
Classic,directional-motion,4.0782,-13.2000,-0.8600,5.6120,0.0000,0.3900,True,False,True,True
Classic,directional-motion,4.0797,-13.2000,-0.8600,5.6120,0.0000,0.3900,True,False,True,True
Classic,directional-motion,4.1313,-13.2000,-0.8600,5.7000,0.0000,0.3900,True,False,True,True
Classic,directional-motion,4.1781,-13.2000,-0.8600,5.7587,0.0000,0.3900,True,False,True,True
Classic,directional-motion,4.1800,-13.2000,-0.8600,5.7881,0.0000,0.3900,True,False,True,True
Classic,directional-motion,4.1814,-13.2000,-0.8600,5.7881,0.0000,0.3900,True,False,True,True
Classic,directional-motion,4.1825,-13.2000,-0.8600,5.7881,0.0000,0.3900,True,False,True,True
Classic,directional-motion,4.2242,-13.2000,-0.8600,5.8468,0.0000,0.3900,True,False,True,True
Classic,directional-motion,4.2265,-13.2000,-0.8600,5.8468,0.0000,0.3900,True,False,True,True
Classic,directional-motion,4.2276,-13.2000,-0.8600,5.8468,0.0000,0.3900,True,False,True,True
Classic,directional-motion,4.2284,-13.2000,-0.8600,5.8468,0.0000,0.3900,True,False,True,True
Classic,directional-motion,4.2292,-13.2000,-0.8600,5.8468,0.0000,0.3900,True,False,True,True
Classic,directional-motion,4.2299,-13.2000,-0.8600,5.8468,0.0000,0.3900,True,False,True,True
Classic,directional-motion,4.2308,-13.2000,-0.8600,5.8468,0.0000,0.3900,True,False,True,True
Classic,directional-motion,4.2319,-13.2000,-0.8600,5.8468,0.0000,0.3900,True,False,True,True
Classic,directional-motion,4.2338,-13.2000,-0.8600,5.8468,0.0000,0.3900,True,False,True,True
Classic,directional-motion,4.2832,-13.2000,-0.8600,5.9348,0.0000,0.3900,True,False,True,True
Classic,directional-motion,4.3279,-13.2000,-0.8600,5.9348,0.0000,0.3900,True,False,True,True
Classic,directional-motion,4.3303,-13.2000,-0.8600,5.9348,0.0000,0.3900,True,False,True,True
Classic,directional-motion,4.3315,-13.2000,-0.8600,5.9348,0.0000,0.3900,True,False,True,True
Classic,directional-motion,4.3324,-13.2000,-0.8600,5.9348,0.0000,0.3900,True,False,True,True
Classic,directional-motion,4.3332,-13.2000,-0.8600,5.9348,0.0000,0.3900,True,False,True,True
Classic,directional-motion,4.3343,-13.2000,-0.8600,5.9348,0.0000,0.3900,True,False,True,True
Classic,directional-motion,4.3783,-13.2000,-0.8600,5.9348,0.0000,0.3900,True,False,True,True
Classic,directional-motion,4.3808,-13.2000,-0.8600,5.9348,0.0000,0.3900,True,False,True,True
Classic,directional-motion,4.3823,-13.2000,-0.8600,5.9348,0.0000,0.3900,True,False,True,True
Classic,directional-motion,4.3835,-13.2000,-0.8600,5.9348,0.0000,0.3900,True,False,True,True
Classic,directional-motion,4.3846,-13.2000,-0.8600,5.9348,0.0000,0.3900,True,False,True,True
Classic,directional-motion,4.4261,-13.2000,-0.8600,5.9348,0.0000,0.3900,True,False,True,True
Classic,directional-motion,4.4283,-13.2000,-0.8600,5.9348,0.0000,0.3900,True,False,True,True
Classic,directional-motion,4.4294,-13.2000,-0.8600,5.9348,0.0000,0.3900,True,False,True,True
Classic,directional-motion,4.4303,-13.2000,-0.8600,5.9348,0.0000,0.3900,True,False,True,True
Classic,directional-motion,4.4314,-13.2000,-0.8600,5.9348,0.0000,0.3900,True,False,True,True
Classic,directional-motion,4.4328,-13.2000,-0.8600,5.9348,0.0000,0.3900,True,False,True,True
Classic,directional-motion,4.4337,-13.2000,-0.8600,5.9348,0.0000,0.3900,True,False,True,True
Classic,directional-motion,4.4345,-13.2000,-0.8600,5.9348,0.0000,0.3900,True,False,True,True
Classic,directional-motion,4.4365,-13.2000,-0.8600,5.9348,0.0000,0.3900,True,False,True,True
Classic,directional-motion,4.4871,-13.2000,-0.8600,5.9348,0.0000,0.3900,True,False,True,True
Classic,directional-motion,4.5344,-13.2000,-0.8600,5.9348,0.0000,0.3900,True,False,True,True
Classic,directional-motion,4.5368,-13.2000,-0.8600,5.9348,0.0000,0.3900,True,False,True,True
Classic,directional-motion,4.5385,-13.2000,-0.8600,5.9348,0.0000,0.3900,True,False,True,True
Classic,directional-motion,4.5404,-13.2000,-0.8600,5.9348,0.0000,0.3900,True,False,True,True
Classic,directional-motion,4.5862,-13.2000,-0.8600,5.9348,0.0000,0.3900,True,False,True,True
Classic,directional-motion,4.5881,-13.2000,-0.8600,5.9348,0.0000,0.3900,True,False,True,True
Classic,directional-motion,4.5897,-13.2000,-0.8600,5.9348,0.0000,0.3900,True,False,True,True
Classic,directional-motion,4.5910,-13.2000,-0.8600,5.9348,0.0000,0.3900,True,False,True,True
Classic,directional-motion,4.5921,-13.2000,-0.8600,5.9348,0.0000,0.3900,True,False,True,True
Classic,directional-motion,4.6360,-13.2000,-0.8600,5.9348,0.0000,0.3900,True,False,True,True
Classic,directional-motion,4.6393,-13.2000,-0.8600,5.9348,0.0000,0.3900,True,False,True,True
Classic,directional-motion,4.6414,-13.2000,-0.8600,5.9348,0.0000,0.3900,True,False,True,True
Classic,directional-motion,4.6433,-13.2000,-0.8600,5.9348,0.0000,0.3900,True,False,True,True
Classic,directional-motion,4.6874,-13.2000,-0.8600,5.9348,0.0000,0.3900,True,False,True,True
Classic,directional-motion,4.6908,-13.2000,-0.8600,5.9348,0.0000,0.3900,True,False,True,True
Classic,directional-motion,4.6926,-13.2000,-0.8600,5.9348,0.0000,0.3900,True,False,True,True
Classic,directional-motion,4.6939,-13.2000,-0.8600,5.9348,0.0000,0.3900,True,False,True,True
Classic,directional-motion,4.7380,-13.2000,-0.8600,5.9348,0.0000,0.3900,True,False,True,True
Classic,directional-motion,4.7409,-13.2000,-0.8600,5.9348,0.0000,0.3900,True,False,True,True
Classic,directional-motion,4.7435,-13.2000,-0.8600,5.9348,0.0000,0.3900,True,False,True,True
Classic,directional-motion,4.7451,-13.2000,-0.8600,5.9348,0.0000,0.3900,True,False,True,True
Classic,directional-motion,4.7910,-13.2000,-0.8600,5.9348,0.0000,0.3900,True,False,True,True
Classic,directional-motion,4.7936,-13.2000,-0.8600,5.9348,0.0000,0.3900,True,False,True,True
Classic,directional-motion,4.7952,-13.2000,-0.8600,5.9348,0.0000,0.3900,True,False,True,True
Classic,directional-motion,4.8415,-13.2000,-0.8600,5.9348,0.0000,0.3900,True,False,True,True
Classic,directional-motion,4.8451,-13.2000,-0.8600,5.9348,0.0000,0.3900,True,False,True,True
Classic,directional-motion,4.8468,-13.2000,-0.8600,5.9348,0.0000,0.3900,True,False,True,True
Classic,directional-motion,4.8913,-13.2000,-0.8600,5.9348,0.0000,0.3900,True,False,True,True
Classic,directional-motion,4.8956,-13.2000,-0.8600,5.9348,0.0000,0.3900,True,False,True,True
Classic,directional-motion,4.8968,-13.2000,-0.8600,5.9348,0.0000,0.3900,True,False,True,True
Classic,directional-motion,4.8981,-13.2000,-0.8600,5.9348,0.0000,0.3900,True,False,True,True
Classic,directional-motion,4.9417,-13.2000,-0.8600,5.9348,0.0000,0.3900,True,False,True,True
Classic,directional-motion,4.9445,-13.2000,-0.8600,5.9348,0.0000,0.3900,True,False,True,True
Classic,directional-motion,4.9460,-13.2000,-0.8600,5.9348,0.0000,0.3900,True,False,True,True
Classic,directional-motion,4.9476,-13.2000,-0.8600,5.9348,0.0000,0.3900,True,False,True,True
Classic,directional-motion,4.9492,-13.2000,-0.8600,5.9348,0.0000,0.3900,True,False,True,True
Classic,directional-motion,4.9933,-13.2000,-0.8600,5.9348,0.0000,0.3900,True,False,True,True
Classic,directional-motion,4.9959,-13.2000,-0.8600,5.9348,0.0000,0.3900,True,False,True,True
Classic,directional-motion,4.9980,-13.2000,-0.8600,5.9348,0.0000,0.3900,True,False,True,True
Classic,directional-motion,4.9992,-13.2000,-0.8600,5.9348,0.0000,0.3900,True,False,True,True
Classic,directional-motion,5.0003,-13.2000,-0.8600,5.9348,0.0000,0.3900,True,False,True,True
Classic,directional-motion,5.0463,-13.2000,-0.8600,5.9348,0.0000,0.3900,True,False,True,True
Classic,directional-motion,5.0486,-13.2000,-0.8600,5.9348,0.0000,0.3900,True,False,True,True
Classic,directional-motion,5.0504,-13.2000,-0.8600,5.9348,0.0000,0.3900,True,False,True,True
Classic,directional-motion,5.0519,-13.2000,-0.8600,5.9348,0.0000,0.3900,True,False,True,True
Classic,directional-motion,5.0985,-13.2000,-0.8600,5.9348,0.0000,0.3900,True,False,True,True
Classic,directional-motion,5.1008,-13.2000,-0.8600,5.9348,0.0000,0.3900,True,False,True,True
Classic,directional-motion,5.1024,-13.2000,-0.8600,5.9348,0.0000,0.3900,True,False,True,True
Classic,directional-motion,5.1472,-13.2000,-0.8600,5.9348,0.0000,0.3900,True,False,True,True
Classic,directional-motion,5.1496,-13.2000,-0.8600,5.9348,0.0000,0.3900,True,False,True,True
Classic,directional-motion,5.1509,-13.2000,-0.8600,5.9348,0.0000,0.3900,True,False,True,True
Classic,directional-motion,5.1523,-13.2000,-0.8600,5.9348,0.0000,0.3900,True,False,True,True
Classic,directional-motion,5.1991,-13.2000,-0.8600,5.9348,0.0000,0.3900,True,False,True,True
Classic,directional-motion,5.2018,-13.2000,-0.8600,5.9348,0.0000,0.3900,True,False,True,True
Classic,directional-motion,5.2491,-13.2000,-0.8600,5.9348,0.0000,0.3900,True,False,True,True
Classic,directional-motion,5.2520,-13.2000,-0.8600,5.9348,0.0000,0.3900,True,False,True,True
Classic,directional-motion,5.2531,-13.2000,-0.8600,5.9348,0.0000,0.3900,True,False,True,True
Classic,directional-motion,5.2962,-13.2000,-0.8600,5.9348,0.0000,0.3900,True,False,True,True
Classic,directional-motion,5.2990,-13.2000,-0.8600,5.9348,0.0000,0.3900,True,False,True,True
Classic,directional-motion,5.3009,-13.1707,-0.8600,5.9348,0.0000,0.3900,True,False,True,True
Classic,directional-motion,5.3024,-13.1707,-0.8600,5.9348,0.0000,0.3900,True,False,True,True
Classic,directional-motion,5.3038,-13.1707,-0.8600,5.9348,0.0000,0.3900,True,False,True,True
Classic,directional-motion,5.3490,-13.1120,-0.8600,5.9348,0.0000,0.3900,True,False,True,True
Classic,directional-motion,5.3509,-13.1120,-0.8600,5.9348,0.0000,0.3900,True,False,True,True
Classic,directional-motion,5.3522,-13.1120,-0.8600,5.9348,0.0000,0.3900,True,False,True,True
Classic,directional-motion,5.3537,-13.1120,-0.8600,5.9348,0.0000,0.3900,True,False,True,True
Classic,directional-motion,5.3550,-13.1120,-0.8600,5.9348,0.0000,0.3900,True,False,True,True
Classic,directional-motion,5.3991,-13.0533,-0.8600,5.9348,0.0000,0.3900,True,False,True,True
Classic,directional-motion,5.4027,-13.0239,-0.8600,5.9348,0.0000,0.3900,True,False,True,True
Classic,directional-motion,5.4046,-13.0239,-0.8600,5.9348,0.0000,0.3900,True,False,True,True
Classic,directional-motion,5.4056,-13.0239,-0.8600,5.9348,0.0000,0.3900,True,False,True,True
Classic,directional-motion,5.4491,-12.9652,-0.8600,5.9348,0.0000,0.3900,True,False,True,True
Classic,directional-motion,5.4521,-12.9652,-0.8600,5.9348,0.0000,0.3900,True,False,True,True
Classic,directional-motion,5.4538,-12.9652,-0.8600,5.9348,0.0000,0.3900,True,False,True,True
Classic,directional-motion,5.4554,-12.9652,-0.8600,5.9348,0.0000,0.3900,True,False,True,True
Classic,directional-motion,5.4568,-12.9652,-0.8600,5.9348,0.0000,0.3900,True,False,True,True
Classic,directional-motion,5.5024,-12.8772,-0.8600,5.9348,0.0000,0.3900,True,False,True,True
Classic,directional-motion,5.5054,-12.8772,-0.8600,5.9348,0.0000,0.3900,True,False,True,True
Classic,directional-motion,5.5074,-12.8772,-0.8600,5.9348,0.0000,0.3900,True,False,True,True
Classic,directional-motion,5.5503,-12.8185,-0.8600,5.9348,0.0000,0.3900,True,False,True,True
Classic,directional-motion,5.5524,-12.8185,-0.8600,5.9348,0.0000,0.3900,True,False,True,True
Classic,directional-motion,5.5540,-12.8185,-0.8600,5.9348,0.0000,0.3900,True,False,True,True
Classic,directional-motion,5.5552,-12.8185,-0.8600,5.9348,0.0000,0.3900,True,False,True,True
Classic,directional-motion,5.5560,-12.8185,-0.8600,5.9348,0.0000,0.3900,True,False,True,True
Classic,directional-motion,5.5568,-12.8185,-0.8600,5.9348,0.0000,0.3900,True,False,True,True
Classic,directional-motion,5.5576,-12.8185,-0.8600,5.9348,0.0000,0.3900,True,False,True,True
Classic,directional-motion,5.6122,-12.7304,-0.8600,5.9348,0.0000,0.3900,True,False,True,True
Classic,directional-motion,5.6577,-12.6717,-0.8600,5.9348,0.0000,0.3900,True,False,True,True
Classic,directional-motion,5.6598,-12.6717,-0.8600,5.9348,0.0000,0.3900,True,False,True,True
Classic,directional-motion,5.6612,-12.6424,-0.8600,5.9348,0.0000,0.3900,True,False,True,True
Classic,directional-motion,5.6632,-12.6424,-0.8600,5.9348,0.0000,0.3900,True,False,True,True
Classic,directional-motion,5.6646,-12.6424,-0.8600,5.9348,0.0000,0.3900,True,False,True,True
Classic,directional-motion,5.7078,-12.5837,-0.8600,5.9348,0.0000,0.3900,True,False,True,True
Classic,directional-motion,5.7099,-12.5837,-0.8600,5.9348,0.0000,0.3900,True,False,True,True
Classic,directional-motion,5.7115,-12.5837,-0.8600,5.9348,0.0000,0.3900,True,False,True,True
Classic,directional-motion,5.7132,-12.5837,-0.8600,5.9348,0.0000,0.3900,True,False,True,True
Classic,directional-motion,5.7143,-12.5837,-0.8600,5.9348,0.0000,0.3900,True,False,True,True
Classic,directional-motion,5.7152,-12.5837,-0.8600,5.9348,0.0000,0.3900,True,False,True,True
Classic,directional-motion,5.7580,-12.5250,-0.8600,5.9348,0.0000,0.3900,True,False,True,True
Classic,directional-motion,5.7617,-12.4957,-0.8600,5.9348,0.0000,0.3900,True,False,True,True
Classic,directional-motion,5.7632,-12.4957,-0.8600,5.9348,0.0000,0.3900,True,False,True,True
Classic,directional-motion,5.7654,-12.4957,-0.8600,5.9348,0.0000,0.3900,True,False,True,True
Classic,directional-motion,5.8087,-12.4370,-0.8600,5.9348,0.0000,0.3900,True,False,True,True
Classic,directional-motion,5.8109,-12.4370,-0.8600,5.9348,0.0000,0.3900,True,False,True,True
Classic,directional-motion,5.8123,-12.4370,-0.8600,5.9348,0.0000,0.3900,True,False,True,True
Classic,directional-motion,5.8138,-12.4370,-0.8600,5.9348,0.0000,0.3900,True,False,True,True
Classic,directional-motion,5.8149,-12.4370,-0.8600,5.9348,0.0000,0.3900,True,False,True,True
Classic,directional-motion,5.8158,-12.4370,-0.8600,5.9348,0.0000,0.3900,True,False,True,True
Classic,directional-motion,5.8590,-12.3783,-0.8600,5.9348,0.0000,0.3900,True,False,True,True
Classic,directional-motion,5.8626,-12.3489,-0.8600,5.9348,0.0000,0.3900,True,False,True,True
Classic,directional-motion,5.8648,-12.3489,-0.8600,5.9348,0.0000,0.3900,True,False,True,True
Classic,directional-motion,5.8660,-12.3489,-0.8600,5.9348,0.0000,0.3900,True,False,True,True
Classic,directional-motion,5.9102,-12.2902,-0.8600,5.9348,0.0000,0.3900,True,False,True,True
Classic,directional-motion,5.9136,-12.2902,-0.8600,5.9348,0.0000,0.3900,True,False,True,True
Classic,directional-motion,5.9154,-12.2902,-0.8600,5.9348,0.0000,0.3900,True,False,True,True
Classic,directional-motion,5.9172,-12.2902,-0.8600,5.9348,0.0000,0.3900,True,False,True,True
Classic,directional-motion,5.9601,-12.2022,-0.8600,5.9348,0.0000,0.3900,True,False,True,True
Classic,directional-motion,5.9624,-12.2022,-0.8600,5.9348,0.0000,0.3900,True,False,True,True
Classic,directional-motion,5.9639,-12.2022,-0.8600,5.9348,0.0000,0.3900,True,False,True,True
Classic,directional-motion,5.9653,-12.2022,-0.8600,5.9348,0.0000,0.3900,True,False,True,True
Classic,directional-motion,5.9667,-12.2022,-0.8600,5.9348,0.0000,0.3900,True,False,True,True
Classic,directional-motion,5.9676,-12.2022,-0.8600,5.9348,0.0000,0.3900,True,False,True,True
Classic,directional-motion,6.0115,-12.1435,-0.8600,5.9348,0.0000,0.3900,True,False,True,True
Classic,directional-motion,6.0139,-12.1435,-0.8600,5.9348,0.0000,0.3900,True,False,True,True
Classic,directional-motion,6.0154,-12.1435,-0.8600,5.9348,0.0000,0.3900,True,False,True,True
Classic,directional-motion,6.0169,-12.1435,-0.8600,5.9348,0.0000,0.3900,True,False,True,True
Classic,directional-motion,6.0179,-12.1435,-0.8600,5.9348,0.0000,0.3900,True,False,True,True
Classic,directional-motion,6.0610,-12.0554,-0.8600,5.9348,0.0000,0.3900,True,False,True,True
Classic,directional-motion,6.0636,-12.0554,-0.8600,5.9348,0.0000,0.3900,True,False,True,True
Classic,directional-motion,6.0647,-12.0554,-0.8600,5.9348,0.0000,0.3900,True,False,True,True
Classic,directional-motion,6.0657,-12.0554,-0.8600,5.9348,0.0000,0.3900,True,False,True,True
Classic,directional-motion,6.0667,-12.0554,-0.8600,5.9348,0.0000,0.3900,True,False,True,True
Classic,directional-motion,6.0680,-12.0554,-0.8600,5.9348,0.0000,0.3900,True,False,True,True
Classic,directional-motion,6.1122,-11.9967,-0.8600,5.9348,0.0000,0.3900,True,False,True,True
Classic,directional-motion,6.1140,-11.9967,-0.8600,5.9348,0.0000,0.3900,True,False,True,True
Classic,directional-motion,6.1154,-11.9967,-0.8600,5.9348,0.0000,0.3900,True,False,True,True
Classic,directional-motion,6.1173,-11.9967,-0.8600,5.9348,0.0000,0.3900,True,False,True,True
Classic,directional-motion,6.1184,-11.9967,-0.8600,5.9348,0.0000,0.3900,True,False,True,True
Classic,directional-motion,6.1620,-11.9087,-0.8600,5.9348,0.0000,0.3900,True,False,True,True
Classic,directional-motion,6.1648,-11.9087,-0.8600,5.9348,0.0000,0.3900,True,False,True,True
Classic,directional-motion,6.1663,-11.9087,-0.8600,5.9348,0.0000,0.3900,True,False,True,True
Classic,directional-motion,6.1674,-11.9087,-0.8600,5.9348,0.0000,0.3900,True,False,True,True
Classic,directional-motion,6.1683,-11.9087,-0.8600,5.9348,0.0000,0.3900,True,False,True,True
Classic,directional-motion,6.1692,-11.9087,-0.8600,5.9348,0.0000,0.3900,True,False,True,True
Classic,directional-motion,6.2113,-11.8500,-0.8600,5.9348,0.0000,0.3900,True,False,True,True
Classic,directional-motion,6.2135,-11.8500,-0.8600,5.9348,0.0000,0.3900,True,False,True,True
Classic,directional-motion,6.2150,-11.8500,-0.8600,5.9348,0.0000,0.3900,True,False,True,True
Classic,directional-motion,6.2164,-11.8500,-0.8600,5.9348,0.0000,0.3900,True,False,True,True
Classic,directional-motion,6.2173,-11.8500,-0.8600,5.9348,0.0000,0.3900,True,False,True,True
Classic,directional-motion,6.2182,-11.8500,-0.8600,5.9348,0.0000,0.3900,True,False,True,True
Classic,directional-motion,6.2194,-11.8500,-0.8600,5.9348,0.0000,0.3900,True,False,True,True
Classic,directional-motion,6.2737,-11.7620,-0.8600,5.9348,0.0000,0.3900,True,False,True,True
Classic,directional-motion,6.3191,-11.7620,-0.8600,5.8761,0.0000,0.3900,True,False,True,True
Classic,directional-motion,6.3209,-11.7620,-0.8600,5.8468,0.0000,0.3900,True,False,True,True
Classic,directional-motion,6.3228,-11.7620,-0.8600,5.8468,0.0000,0.3900,True,False,True,True
Classic,directional-motion,6.3240,-11.7620,-0.8600,5.8468,0.0000,0.3900,True,False,True,True
Classic,directional-motion,6.3251,-11.7620,-0.8600,5.8468,0.0000,0.3900,True,False,True,True
Classic,directional-motion,6.3685,-11.7620,-0.8600,5.7881,0.0000,0.3900,True,False,True,True
Classic,directional-motion,6.3709,-11.7620,-0.8600,5.7881,0.0000,0.3900,True,False,True,True
Classic,directional-motion,6.3727,-11.7620,-0.8600,5.7881,0.0000,0.3900,True,False,True,True
Classic,directional-motion,6.3739,-11.7620,-0.8600,5.7881,0.0000,0.3900,True,False,True,True
Classic,directional-motion,6.3750,-11.7620,-0.8600,5.7881,0.0000,0.3900,True,False,True,True
Classic,directional-motion,6.3762,-11.7620,-0.8600,5.7881,0.0000,0.3900,True,False,True,True
Classic,directional-motion,6.4205,-11.7620,-0.8600,5.7000,0.0000,0.3900,True,False,True,True
Classic,directional-motion,6.4232,-11.7620,-0.8600,5.7000,0.0000,0.3900,True,False,True,True
Classic,directional-motion,6.4243,-11.7620,-0.8600,5.7000,0.0000,0.3900,True,False,True,True
Classic,directional-motion,6.4258,-11.7620,-0.8600,5.7000,0.0000,0.3900,True,False,True,True
Classic,directional-motion,6.4272,-11.7620,-0.8600,5.7000,0.0000,0.3900,True,False,True,True
Classic,directional-motion,6.4694,-11.7620,-0.8600,5.6413,0.0000,0.3900,True,False,True,True
Classic,directional-motion,6.4713,-11.7620,-0.8600,5.6413,0.0000,0.3900,True,False,True,True
Classic,directional-motion,6.4725,-11.7620,-0.8600,5.6413,0.0000,0.3900,True,False,True,True
Classic,directional-motion,6.4739,-11.7620,-0.8600,5.6413,0.0000,0.3900,True,False,True,True
Classic,directional-motion,6.4752,-11.7620,-0.8600,5.6413,0.0000,0.3900,True,False,True,True
Classic,directional-motion,6.4761,-11.7620,-0.8600,5.6413,0.0000,0.3900,True,False,True,True
Classic,directional-motion,6.4768,-11.7620,-0.8600,5.6413,0.0000,0.3900,True,False,True,True
Classic,directional-motion,6.4775,-11.7620,-0.8600,5.6413,0.0000,0.3900,True,False,True,True
Classic,directional-motion,6.5334,-11.7620,-0.8600,5.5533,0.0000,0.3900,True,False,True,True
Classic,directional-motion,6.5784,-11.7620,-0.8600,5.4946,0.0000,0.3900,True,False,True,True
Classic,directional-motion,6.5810,-11.7620,-0.8600,5.4652,0.0000,0.3900,True,False,True,True
Classic,directional-motion,6.5829,-11.7620,-0.8600,5.4652,0.0000,0.3900,True,False,True,True
Classic,directional-motion,6.5846,-11.7620,-0.8600,5.4652,0.0000,0.3900,True,False,True,True
Classic,directional-motion,6.5855,-11.7620,-0.8600,5.4652,0.0000,0.3900,True,False,True,True
Classic,directional-motion,6.6297,-11.7620,-0.8600,5.4065,0.0000,0.3900,True,False,True,True
Classic,directional-motion,6.6325,-11.7620,-0.8600,5.4065,0.0000,0.3900,True,False,True,True
Classic,directional-motion,6.6338,-11.7620,-0.8600,5.4065,0.0000,0.3900,True,False,True,True
Classic,directional-motion,6.6347,-11.7620,-0.8600,5.4065,0.0000,0.3900,True,False,True,True
Classic,directional-motion,6.6354,-11.7620,-0.8600,5.4065,0.0000,0.3900,True,False,True,True
Classic,directional-motion,6.6362,-11.7620,-0.8600,5.4065,0.0000,0.3900,True,False,True,True
Classic,directional-motion,6.6790,-11.7620,-0.8600,5.3478,0.0000,0.3900,True,False,True,True
Classic,directional-motion,6.6811,-11.7620,-0.8600,5.3185,0.0000,0.3900,True,False,True,True
Classic,directional-motion,6.6828,-11.7620,-0.8600,5.3185,0.0000,0.3900,True,False,True,True
Classic,directional-motion,6.6838,-11.7620,-0.8600,5.3185,0.0000,0.3900,True,False,True,True
Classic,directional-motion,6.6850,-11.7620,-0.8600,5.3185,0.0000,0.3900,True,False,True,True
Classic,directional-motion,6.6862,-11.7620,-0.8600,5.3185,0.0000,0.3900,True,False,True,True
Classic,directional-motion,6.7295,-11.7620,-0.8600,5.2598,0.0000,0.3900,True,False,True,True
Classic,directional-motion,6.7351,-11.7620,-0.8600,5.2598,0.0000,0.3900,True,False,True,True
Classic,directional-motion,6.7363,-11.7620,-0.8600,5.2598,0.0000,0.3900,True,False,True,True
Classic,directional-motion,6.7370,-11.7620,-0.8600,5.2598,0.0000,0.3900,True,False,True,True
Classic,directional-motion,6.7792,-11.7620,-0.8600,5.2011,0.0000,0.3900,True,False,True,True
Classic,directional-motion,6.7809,-11.7620,-0.8600,5.1718,0.0000,0.3900,True,False,True,True
Classic,directional-motion,6.7824,-11.7620,-0.8600,5.1718,0.0000,0.3900,True,False,True,True
Classic,directional-motion,6.7836,-11.7620,-0.8600,5.1718,0.0000,0.3900,True,False,True,True
Classic,directional-motion,6.7846,-11.7620,-0.8600,5.1718,0.0000,0.3900,True,False,True,True
Classic,directional-motion,6.7855,-11.7620,-0.8600,5.1718,0.0000,0.3900,True,False,True,True
Classic,directional-motion,6.7863,-11.7620,-0.8600,5.1718,0.0000,0.3900,True,False,True,True
Classic,directional-motion,6.7870,-11.7620,-0.8600,5.1718,0.0000,0.3900,True,False,True,True
Classic,directional-motion,6.8376,-11.7620,-0.8600,5.1131,0.0000,0.3900,True,False,True,True
Classic,directional-motion,6.8817,-11.7620,-0.8600,5.0250,0.0000,0.3900,True,False,True,True
Classic,directional-motion,6.8924,-11.7620,-0.8600,5.0250,0.0000,0.3900,True,False,True,True
Classic,directional-motion,6.9367,-11.7620,-0.8600,4.9663,0.0000,0.3900,True,False,True,True
Classic,directional-motion,6.9386,-11.7620,-0.8600,4.9663,0.0000,0.3900,True,False,True,True
Classic,directional-motion,6.9398,-11.7620,-0.8600,4.9663,0.0000,0.3900,True,False,True,True
Classic,directional-motion,6.9413,-11.7620,-0.8600,4.9370,0.0000,0.3900,True,False,True,True
Classic,directional-motion,6.9431,-11.7620,-0.8600,4.9370,0.0000,0.3900,True,False,True,True
Classic,directional-motion,6.9861,-11.7620,-0.8600,4.8783,0.0000,0.3900,True,False,True,True
Classic,directional-motion,6.9885,-11.7620,-0.8600,4.8783,0.0000,0.3900,True,False,True,True
Classic,directional-motion,6.9901,-11.7620,-0.8600,4.8783,0.0000,0.3900,True,False,True,True
Classic,directional-motion,6.9913,-11.7620,-0.8600,4.8783,0.0000,0.3900,True,False,True,True
Classic,directional-motion,6.9925,-11.7620,-0.8600,4.8783,0.0000,0.3900,True,False,True,True
Classic,directional-motion,6.9934,-11.7620,-0.8600,4.8783,0.0000,0.3900,True,False,True,True
Classic,directional-motion,7.0369,-11.7620,-0.8600,4.8196,0.0000,0.3900,True,False,True,True
Classic,directional-motion,7.0402,-11.7620,-0.8600,4.7902,0.0000,0.3900,True,False,True,True
Classic,directional-motion,7.0424,-11.7620,-0.8600,4.7902,0.0000,0.3900,True,False,True,True
Classic,directional-motion,7.0441,-11.7620,-0.8600,4.7902,0.0000,0.3900,True,False,True,True
Classic,directional-motion,7.0873,-11.7620,-0.8600,4.7315,0.0000,0.3900,True,False,True,True
Classic,directional-motion,7.0898,-11.7620,-0.8600,4.7315,0.0000,0.3900,True,False,True,True
Classic,directional-motion,7.0912,-11.7620,-0.8600,4.7315,0.0000,0.3900,True,False,True,True
Classic,directional-motion,7.0925,-11.7620,-0.8600,4.7315,0.0000,0.3900,True,False,True,True
Classic,directional-motion,7.0937,-11.7620,-0.8600,4.7315,0.0000,0.3900,True,False,True,True
Classic,directional-motion,7.0947,-11.7620,-0.8600,4.7315,0.0000,0.3900,True,False,True,True
Classic,directional-motion,7.1370,-11.7620,-0.8600,4.6728,0.0000,0.3900,True,False,True,True
Classic,directional-motion,7.1389,-11.7620,-0.8600,4.6728,0.0000,0.3900,True,False,True,True
Classic,directional-motion,7.1406,-11.7620,-0.8600,4.6435,0.0000,0.3900,True,False,True,True
Classic,directional-motion,7.1421,-11.7620,-0.8600,4.6435,0.0000,0.3900,True,False,True,True
Classic,directional-motion,7.1431,-11.7620,-0.8600,4.6435,0.0000,0.3900,True,False,True,True
Classic,directional-motion,7.1439,-11.7620,-0.8600,4.6435,0.0000,0.3900,True,False,True,True
Classic,directional-motion,7.1447,-11.7620,-0.8600,4.6435,0.0000,0.3900,True,False,True,True
Classic,directional-motion,7.2008,-11.7620,-0.8600,4.5554,0.0000,0.3900,True,False,True,True
Classic,directional-motion,7.2449,-11.7620,-0.8600,4.4967,0.0000,0.3900,True,False,True,True
Classic,directional-motion,7.2469,-11.7620,-0.8600,4.4967,0.0000,0.3900,True,False,True,True
Classic,directional-motion,7.2486,-11.7620,-0.8600,4.4967,0.0000,0.3900,True,False,True,True
Classic,directional-motion,7.2499,-11.7620,-0.8600,4.4967,0.0000,0.3900,True,False,True,True
Classic,directional-motion,7.2510,-11.7620,-0.8600,4.4967,0.0000,0.3900,True,False,True,True
Classic,directional-motion,7.2521,-11.7620,-0.8600,4.4967,0.0000,0.3900,True,False,True,True
Classic,directional-motion,7.2951,-11.7620,-0.8600,4.4381,0.0000,0.3900,True,False,True,True
Classic,directional-motion,7.2971,-11.7620,-0.8600,4.4381,0.0000,0.3900,True,False,True,True
Classic,directional-motion,7.2985,-11.7620,-0.8600,4.4381,0.0000,0.3900,True,False,True,True
Classic,directional-motion,7.2998,-11.7620,-0.8600,4.4381,0.0000,0.3900,True,False,True,True
Classic,directional-motion,7.3007,-11.7620,-0.8600,4.4087,0.0000,0.3900,True,False,True,True
Classic,directional-motion,7.3018,-11.7620,-0.8600,4.4087,0.0000,0.3900,True,False,True,True
Classic,directional-motion,7.3025,-11.7620,-0.8600,4.4087,0.0000,0.3900,True,False,True,True
Classic,directional-motion,7.3537,-11.7620,-0.8600,4.3500,0.0000,0.3900,True,False,True,True
Classic,directional-motion,7.3976,-11.7620,-0.8600,4.2913,0.0000,0.3900,True,False,True,True
Classic,directional-motion,7.3994,-11.7620,-0.8600,4.2913,0.0000,0.3900,True,False,True,True
Classic,directional-motion,7.4005,-11.7620,-0.8600,4.2620,0.0000,0.3900,True,False,True,True
Classic,directional-motion,7.4026,-11.7620,-0.8600,4.2620,0.0000,0.3900,True,False,True,True
Classic,directional-motion,7.4036,-11.7620,-0.8600,4.2620,0.0000,0.3900,True,False,True,True
Classic,directional-motion,7.4044,-11.7620,-0.8600,4.2620,0.0000,0.3900,True,False,True,True
Classic,directional-motion,7.4050,-11.7620,-0.8600,4.2620,0.0000,0.3900,True,False,True,True
Classic,directional-motion,7.4624,-11.7620,-0.8600,4.1739,0.0000,0.3900,True,False,True,True
Classic,directional-motion,7.5065,-11.7620,-0.8600,4.1152,0.0000,0.3900,True,False,True,True
Classic,directional-motion,7.5090,-11.7620,-0.8600,4.1152,0.0000,0.3900,True,False,True,True
Classic,directional-motion,7.5106,-11.7620,-0.8600,4.1152,0.0000,0.3900,True,False,True,True
Classic,directional-motion,7.5118,-11.7620,-0.8600,4.1152,0.0000,0.3900,True,False,True,True
Classic,directional-motion,7.5128,-11.7620,-0.8600,4.1152,0.0000,0.3900,True,False,True,True
Classic,directional-motion,7.5135,-11.7620,-0.8600,4.1152,0.0000,0.3900,True,False,True,True
Classic,directional-motion,7.5142,-11.7620,-0.8600,4.1152,0.0000,0.3900,True,False,True,True
Classic,directional-motion,7.5671,-11.7620,-0.8600,4.0272,0.0000,0.3900,True,False,True,True
Classic,directional-motion,7.6100,-11.7620,-0.8600,3.9685,0.0000,0.3900,True,False,True,True
Classic,directional-motion,7.6118,-11.7620,-0.8600,3.9685,0.0000,0.3900,True,False,True,True
Classic,directional-motion,7.6131,-11.7620,-0.8600,3.9685,0.0000,0.3900,True,False,True,True
Classic,directional-motion,7.6144,-11.7620,-0.8600,3.9685,0.0000,0.3900,True,False,True,True
Classic,directional-motion,7.6154,-11.7620,-0.8600,3.9685,0.0000,0.3900,True,False,True,True
Classic,directional-motion,7.6165,-11.7620,-0.8600,3.9685,0.0000,0.3900,True,False,True,True
Classic,directional-motion,7.6173,-11.7620,-0.8600,3.9685,0.0000,0.3900,True,False,True,True
Classic,directional-motion,7.6182,-11.7620,-0.8600,3.9685,0.0000,0.3900,True,False,True,True
Classic,directional-motion,7.6704,-11.7620,-0.8600,3.8804,0.0000,0.3900,True,False,True,True
Classic,directional-motion,7.7136,-11.7620,-0.8600,3.8217,0.0000,0.3900,True,False,True,True
Classic,directional-motion,7.7155,-11.7620,-0.8600,3.8217,0.0000,0.3900,True,False,True,True
Classic,directional-motion,7.7170,-11.7620,-0.8600,3.8217,0.0000,0.3900,True,False,True,True
Classic,directional-motion,7.7182,-11.7620,-0.8600,3.8217,0.0000,0.3900,True,False,True,True
Classic,directional-motion,7.7190,-11.7620,-0.8600,3.8217,0.0000,0.3900,True,False,True,True
Classic,directional-motion,7.7197,-11.7620,-0.8600,3.8217,0.0000,0.3900,True,False,True,True
Classic,directional-motion,7.7203,-11.7620,-0.8600,3.7924,0.0000,0.3900,True,False,True,True
Classic,directional-motion,7.7215,-11.7620,-0.8600,3.7924,0.0000,0.3900,True,False,True,True
Classic,directional-motion,7.7741,-11.7620,-0.8600,3.7337,0.0000,0.3900,True,False,True,True
Classic,directional-motion,7.8172,-11.7620,-0.8600,3.7337,0.0000,0.3900,True,False,True,True
Classic,directional-motion,7.8194,-11.7620,-0.8600,3.7337,0.0000,0.3900,True,False,True,True
Classic,directional-motion,7.8205,-11.7620,-0.8600,3.7337,0.0000,0.3900,True,False,True,True
Classic,directional-motion,7.8218,-11.7620,-0.8600,3.7337,0.0000,0.3900,True,False,True,True
Classic,directional-motion,7.8225,-11.7620,-0.8600,3.7337,0.0000,0.3900,True,False,True,True
Classic,directional-motion,7.8231,-11.7620,-0.8600,3.7337,0.0000,0.3900,True,False,True,True
Classic,directional-motion,7.8238,-11.7620,-0.8600,3.7337,0.0000,0.3900,True,False,True,True
Classic,directional-motion,7.8249,-11.7620,-0.8600,3.7337,0.0000,0.3900,True,False,True,True
Classic,directional-motion,7.8761,-11.7620,-0.8600,3.7337,0.0000,0.3900,True,False,True,True
Classic,directional-motion,7.9215,-11.7620,-0.8600,3.7337,0.0000,0.3900,True,False,True,True
Classic,directional-motion,7.9245,-11.7620,-0.8600,3.7337,0.0000,0.3900,True,False,True,True
Classic,directional-motion,7.9259,-11.7620,-0.8600,3.7337,0.0000,0.3900,True,False,True,True
Classic,directional-motion,7.9271,-11.7620,-0.8600,3.7337,0.0000,0.3900,True,False,True,True
Classic,directional-motion,7.9284,-11.7620,-0.8600,3.7337,0.0000,0.3900,True,False,True,True
Classic,directional-motion,7.9720,-11.7620,-0.8600,3.7337,0.0000,0.3900,True,False,True,True
Classic,directional-motion,7.9739,-11.7620,-0.8600,3.7337,0.0000,0.3900,True,False,True,True
Classic,directional-motion,7.9752,-11.7620,-0.8600,3.7337,0.0000,0.3900,True,False,True,True
Classic,directional-motion,7.9771,-11.7620,-0.8600,3.7337,0.0000,0.3900,True,False,True,True
Classic,directional-motion,7.9783,-11.7620,-0.8600,3.7337,0.0000,0.3900,True,False,True,True
Classic,directional-motion,7.9792,-11.7620,-0.8600,3.7337,0.0000,0.3900,True,False,True,True
Classic,directional-motion,8.0219,-11.7620,-0.8600,3.7337,0.0000,0.3900,True,False,True,True
Classic,directional-motion,8.0237,-11.7620,-0.8600,3.7337,0.0000,0.3900,True,False,True,True
Classic,directional-motion,8.0253,-11.7620,-0.8600,3.7337,0.0000,0.3900,True,False,True,True
Classic,directional-motion,8.0266,-11.7620,-0.8600,3.7337,0.0000,0.3900,True,False,True,True
Classic,directional-motion,8.0276,-11.7620,-0.8600,3.7337,0.0000,0.3900,True,False,True,True
Classic,directional-motion,8.0285,-11.7620,-0.8600,3.7337,0.0000,0.3900,True,False,True,True
Classic,directional-motion,8.0292,-11.7620,-0.8600,3.7337,0.0000,0.3900,True,False,True,True
Classic,directional-motion,8.0821,-11.7620,-0.8600,3.7337,0.0000,0.3900,True,False,True,True
Classic,directional-motion,8.1255,-11.7620,-0.8600,3.7337,0.0000,0.3900,True,False,True,True
Classic,directional-motion,8.1277,-11.7620,-0.8600,3.7337,0.0000,0.3900,True,False,True,True
Classic,directional-motion,8.1291,-11.7620,-0.8600,3.7337,0.0000,0.3900,True,False,True,True
Classic,directional-motion,8.1307,-11.7620,-0.8600,3.7337,0.0000,0.3900,True,False,True,True
Classic,directional-motion,8.1317,-11.7620,-0.8600,3.7337,0.0000,0.3900,True,False,True,True
Classic,directional-motion,8.1325,-11.7620,-0.8600,3.7337,0.0000,0.3900,True,False,True,True
Classic,directional-motion,8.1334,-11.7620,-0.8600,3.7337,0.0000,0.3900,True,False,True,True
Classic,directional-motion,8.1863,-11.7620,-0.8600,3.7337,0.0000,0.3900,True,False,True,True
Classic,directional-motion,8.2297,-11.7620,-0.8600,3.7337,0.0000,0.3900,True,False,True,True
Classic,directional-motion,8.2318,-11.7620,-0.8600,3.7337,0.0000,0.3900,True,False,True,True
Classic,directional-motion,8.2328,-11.7620,-0.8600,3.7337,0.0000,0.3900,True,False,True,True
Classic,directional-motion,8.2337,-11.7620,-0.8600,3.7337,0.0000,0.3900,True,False,True,True
Classic,directional-motion,8.2346,-11.7620,-0.8600,3.7337,0.0000,0.3900,True,False,True,True
Classic,directional-motion,8.2380,-11.7620,-0.8600,3.7337,0.0000,0.3900,True,False,True,True
Classic,directional-motion,8.2816,-11.7620,-0.8600,3.7337,0.0000,0.3900,True,False,True,True
Classic,directional-motion,8.2836,-11.7620,-0.8600,3.7337,0.0000,0.3900,True,False,True,True
Classic,directional-motion,8.2846,-11.7620,-0.8600,3.7337,0.0000,0.3900,True,False,True,True
Classic,directional-motion,8.2860,-11.7620,-0.8600,3.7337,0.0000,0.3900,True,False,True,True
Classic,directional-motion,8.2875,-11.7620,-0.8600,3.7337,0.0000,0.3900,True,False,True,True
Classic,directional-motion,8.2887,-11.7620,-0.8600,3.7337,0.0000,0.3900,True,False,True,True
Classic,directional-motion,8.3312,-11.7620,-0.8600,3.7337,0.0000,0.3900,True,False,True,True
Classic,directional-motion,8.3333,-11.7620,-0.8600,3.7337,0.0000,0.3900,True,False,True,True
Classic,directional-motion,8.3347,-11.7620,-0.8600,3.7337,0.0000,0.3900,True,False,True,True
Classic,directional-motion,8.3361,-11.7620,-0.8600,3.7337,0.0000,0.3900,True,False,True,True
Classic,directional-motion,8.3370,-11.7620,-0.8600,3.7337,0.0000,0.3900,True,False,True,True
Classic,directional-motion,8.3377,-11.7620,-0.8600,3.7337,0.0000,0.3900,True,False,True,True
Classic,directional-motion,8.3386,-11.7620,-0.8600,3.7337,0.0000,0.3900,True,False,True,True
Classic,directional-motion,8.3415,-11.7620,-0.8600,3.7337,0.0000,0.3900,True,False,True,True
Classic,directional-motion,8.3917,-11.7620,-0.8600,3.7337,0.0000,0.3900,True,False,True,True
Classic,directional-motion,8.4341,-11.7620,-0.8600,3.7337,0.0000,0.3900,True,False,True,True
Classic,directional-motion,8.4357,-11.7620,-0.8600,3.7337,0.0000,0.3900,True,False,True,True
Classic,directional-motion,8.4371,-11.7620,-0.8600,3.7337,0.0000,0.3900,True,False,True,True
Classic,directional-motion,8.4384,-11.7620,-0.8600,3.7337,0.0000,0.3900,True,False,True,True
Classic,directional-motion,8.4394,-11.7620,-0.8600,3.7337,0.0000,0.3900,True,False,True,True
Classic,directional-motion,8.4402,-11.7620,-0.8600,3.7337,0.0000,0.3900,True,False,True,True
Classic,directional-motion,8.4413,-11.7620,-0.8600,3.7337,0.0000,0.3900,True,False,True,True
Classic,directional-motion,8.4422,-11.7620,-0.8600,3.7337,0.0000,0.3900,True,False,True,True
Classic,directional-motion,8.4447,-11.7620,-0.8600,3.7337,0.0000,0.3900,True,False,True,True
Classic,directional-motion,8.4940,-11.7620,-0.8600,3.7337,0.0000,0.3900,True,False,True,True
Classic,directional-motion,8.5420,-11.7620,-0.8600,3.7337,0.0000,0.3900,True,False,True,True
Classic,directional-motion,8.5440,-11.7620,-0.8600,3.7337,0.0000,0.3900,True,False,True,True
Classic,directional-motion,8.5449,-11.7620,-0.8600,3.7337,0.0000,0.3900,True,False,True,True
Classic,directional-motion,8.5460,-11.7620,-0.8600,3.7337,0.0000,0.3900,True,False,True,True
Classic,directional-motion,8.5892,-11.7620,-0.8600,3.7337,0.0000,0.3900,True,False,True,True
Classic,directional-motion,8.5914,-11.7620,-0.8600,3.7337,0.0000,0.3900,True,False,True,True
Classic,directional-motion,8.5926,-11.7620,-0.8600,3.7337,0.0000,0.3900,True,False,True,True
Classic,directional-motion,8.5935,-11.7620,-0.8600,3.7337,0.0000,0.3900,True,False,True,True
Classic,directional-motion,8.5947,-11.7620,-0.8600,3.7337,0.0000,0.3900,True,False,True,True
Classic,directional-motion,8.5958,-11.7620,-0.8600,3.7337,0.0000,0.3900,True,False,True,True
Classic,directional-motion,8.5968,-11.7620,-0.8600,3.7337,0.0000,0.3900,True,False,True,True
Classic,directional-motion,8.6512,-11.7620,-0.8600,3.7337,0.0000,0.3900,True,False,True,True
Classic,directional-motion,8.6947,-11.7620,-0.8600,3.7337,0.0000,0.3900,True,False,True,True
Classic,directional-motion,8.6967,-11.7620,-0.8600,3.7337,0.0000,0.3900,True,False,True,True
Classic,directional-motion,8.6983,-11.7620,-0.8600,3.7337,0.0000,0.3900,True,False,True,True
Classic,directional-motion,8.6996,-11.7620,-0.8600,3.7337,0.0000,0.3900,True,False,True,True
Classic,directional-motion,8.7006,-11.7620,-0.8600,3.7337,0.0000,0.3900,True,False,True,True
Classic,directional-motion,8.7019,-11.7620,-0.8600,3.7337,0.0000,0.3900,True,False,True,True
Classic,directional-motion,8.7032,-11.7620,-0.8600,3.7337,0.0000,0.3900,True,False,True,True
Classic,directional-motion,8.7615,-11.7620,-0.8600,3.7337,0.0000,0.3900,True,False,True,True
Classic,directional-motion,8.8054,-11.7620,-0.8600,3.7337,0.0000,0.3900,True,False,True,True
Classic,directional-motion,8.8080,-11.7620,-0.8600,3.7337,0.0000,0.3900,True,False,True,True
Classic,directional-motion,8.8096,-11.7620,-0.8600,3.7337,0.0000,0.3900,True,False,True,True
Classic,directional-motion,8.8106,-11.7620,-0.8600,3.7337,0.0000,0.3900,True,False,True,True
Classic,directional-motion,8.8112,-11.7620,-0.8600,3.7337,0.0000,0.3900,True,False,True,True
Classic,directional-motion,8.8121,-11.7620,-0.8600,3.7337,0.0000,0.3900,True,False,True,True
Classic,directional-motion,8.8132,-11.7620,-0.8600,3.7337,0.0000,0.3900,True,False,True,True
Classic,directional-motion,8.8644,-11.7620,-0.8600,3.7337,0.0000,0.3900,True,False,True,True
Classic,directional-motion,8.9106,-11.7620,-0.8600,3.7337,0.0000,0.3900,True,False,True,True
Classic,directional-motion,8.9136,-11.7620,-0.8600,3.7337,0.0000,0.3900,True,False,True,True
Classic,directional-motion,8.9153,-11.7620,-0.8600,3.7337,0.0000,0.3900,True,False,True,True
Classic,directional-motion,8.9589,-11.7620,-0.8600,3.7337,0.0000,0.3900,True,False,True,True
Classic,directional-motion,8.9611,-11.7620,-0.8600,3.7337,0.0000,0.3900,True,False,True,True
Classic,directional-motion,8.9627,-11.7620,-0.8600,3.7337,0.0000,0.3900,True,False,True,True
Classic,directional-motion,8.9642,-11.7620,-0.8600,3.7337,0.0000,0.3900,True,False,True,True
Classic,directional-motion,8.9658,-11.7620,-0.8600,3.7337,0.0000,0.3900,True,False,True,True
Classic,directional-motion,9.0092,-11.7620,-0.8600,3.7337,0.0000,0.3900,True,False,True,True
Classic,directional-motion,9.0111,-11.7620,-0.8600,3.7337,0.0000,0.3900,True,False,True,True
Classic,directional-motion,9.0125,-11.7620,-0.8600,3.7337,0.0000,0.3900,True,False,True,True
Classic,directional-motion,9.0140,-11.7620,-0.8600,3.7337,0.0000,0.3900,True,False,True,True
Classic,directional-motion,9.0155,-11.7620,-0.8600,3.7337,0.0000,0.3900,True,False,True,True
Classic,directional-motion,9.0166,-11.7620,-0.8600,3.7337,0.0000,0.3900,True,False,True,True
Classic,directional-motion,9.0593,-11.7620,-0.8600,3.7337,0.0000,0.3900,True,False,True,True
Classic,directional-motion,9.0616,-11.7620,-0.8600,3.7337,0.0000,0.3900,True,False,True,True
Classic,directional-motion,9.0637,-11.7620,-0.8600,3.7337,0.0000,0.3900,True,False,True,True
Classic,directional-motion,9.0648,-11.7620,-0.8600,3.7337,0.0000,0.3900,True,False,True,True
Classic,directional-motion,9.0657,-11.7620,-0.8600,3.7337,0.0000,0.3900,True,False,True,True
Classic,directional-motion,9.0668,-11.7620,-0.8600,3.7337,0.0000,0.3900,True,False,True,True
Classic,directional-motion,9.1111,-11.7620,-0.8600,3.7337,0.0000,0.3900,True,False,True,True
Classic,directional-motion,9.1129,-11.7620,-0.8600,3.7337,0.0000,0.3900,True,False,True,True
Classic,directional-motion,9.1140,-11.7620,-0.8600,3.7337,0.0000,0.3900,True,False,True,True
Classic,directional-motion,9.1153,-11.7620,-0.8600,3.7337,0.0000,0.3900,True,False,True,True
Classic,directional-motion,9.1167,-11.7620,-0.8600,3.7337,0.0000,0.3900,True,False,True,True
Classic,directional-motion,9.1178,-11.7620,-0.8600,3.7337,0.0000,0.3900,True,False,True,True
Classic,directional-motion,9.1606,-11.7620,-0.8600,3.7337,0.0000,0.3900,True,False,True,True
Classic,directional-motion,9.1633,-11.7620,-0.8600,3.7337,0.0000,0.3900,True,False,True,True
Classic,directional-motion,9.1648,-11.7620,-0.8600,3.7337,0.0000,0.3900,True,False,True,True
Classic,directional-motion,9.1663,-11.7620,-0.8600,3.7337,0.0000,0.3900,True,False,True,True
Classic,directional-motion,9.1675,-11.7620,-0.8600,3.7337,0.0000,0.3900,True,False,True,True
Classic,directional-motion,9.1683,-11.7620,-0.8600,3.7337,0.0000,0.3900,True,False,True,True
Classic,directional-motion,9.2110,-11.7620,-0.8600,3.7337,0.0000,0.3900,True,False,True,True
Classic,directional-motion,9.2133,-11.7620,-0.8600,3.7337,0.0000,0.3900,True,False,True,True
Classic,directional-motion,9.2150,-11.7620,-0.8600,3.7337,0.0000,0.3900,True,False,True,True
Classic,directional-motion,9.2161,-11.7620,-0.8600,3.7337,0.0000,0.3900,True,False,True,True
Classic,directional-motion,9.2170,-11.7620,-0.8600,3.7337,0.0000,0.3900,True,False,True,True
Classic,directional-motion,9.2178,-11.7620,-0.8600,3.7337,0.0000,0.3900,True,False,True,True
Classic,directional-motion,9.2189,-11.7620,-0.8600,3.7337,0.0000,0.3900,True,False,True,True
HeroStrike,directional-motion,10.3560,-13.2000,-0.8600,3.0000,0.0000,0.3900,True,False,False,True
HeroStrike,directional-motion,10.4345,-13.2000,-0.8600,3.0000,0.0000,0.3900,True,False,False,True
HeroStrike,directional-motion,10.4944,-13.2000,-0.8600,3.0000,0.0000,0.3900,True,False,False,True
HeroStrike,directional-motion,10.5547,-13.2000,-0.8600,3.0000,0.0000,0.3900,True,False,False,True
HeroStrike,directional-motion,10.6097,-13.2000,-0.8600,3.0000,0.0000,0.3900,True,False,False,True
HeroStrike,directional-motion,10.6633,-13.2000,-0.8600,3.0000,0.0000,0.3900,True,False,False,True
HeroStrike,directional-motion,10.7171,-13.2000,-0.8600,3.0000,0.0000,0.3900,True,False,False,True
HeroStrike,directional-motion,10.7723,-13.2000,-0.8600,3.0000,0.0000,0.3900,True,False,False,True
HeroStrike,directional-motion,10.8269,-13.2000,-0.8600,3.0000,0.0000,0.3900,True,False,False,True
HeroStrike,directional-motion,10.8790,-13.2000,-0.8600,3.0000,0.0000,0.3900,True,False,False,True
HeroStrike,directional-motion,10.9321,-13.2000,-0.8600,3.0000,0.0000,0.3900,True,False,False,True
HeroStrike,directional-motion,10.9854,-13.2000,-0.8600,3.0000,0.0000,0.3900,True,False,False,True
HeroStrike,directional-motion,11.0271,-13.2000,-0.8600,3.0000,0.0000,0.3900,True,False,False,True
HeroStrike,directional-motion,11.0292,-13.2000,-0.8600,3.0000,0.0000,0.3900,True,False,False,True
HeroStrike,directional-motion,11.0304,-13.2000,-0.8600,3.0000,0.0000,0.3900,True,False,False,True
HeroStrike,directional-motion,11.0319,-13.2000,-0.8600,3.0000,0.0000,0.3900,True,False,False,True
HeroStrike,directional-motion,11.0329,-13.2000,-0.8600,3.0000,0.0000,0.3900,True,False,False,True
HeroStrike,directional-motion,11.0339,-13.2000,-0.8600,3.0000,0.0000,0.3900,True,False,False,True
HeroStrike,directional-motion,11.0350,-13.2000,-0.8600,3.0000,0.0000,0.3900,True,False,False,True
HeroStrike,directional-motion,11.0359,-13.2000,-0.8600,3.0000,0.0000,0.3900,True,False,False,True
HeroStrike,directional-motion,11.0380,-13.2000,-0.8600,3.0000,0.0000,0.3900,True,False,False,True
HeroStrike,directional-motion,11.0821,-13.2000,-0.8600,3.0000,0.0000,0.3900,True,False,False,True
HeroStrike,directional-motion,11.0842,-13.2000,-0.8600,3.0000,0.0000,0.3900,True,False,False,True
HeroStrike,directional-motion,11.0853,-13.2000,-0.8600,3.0000,0.0000,0.3900,True,False,False,True
HeroStrike,directional-motion,11.0866,-13.2000,-0.8600,3.0000,0.0000,0.3900,True,False,False,True
HeroStrike,directional-motion,11.0882,-13.2000,-0.8600,3.0000,0.0000,0.3900,True,False,False,True
HeroStrike,directional-motion,11.1281,-13.2000,-0.8600,3.0000,0.0000,0.3900,True,False,False,True
HeroStrike,directional-motion,11.1307,-13.2000,-0.8600,3.0000,0.0000,0.3900,True,False,False,True
HeroStrike,directional-motion,11.1318,-13.2000,-0.8600,3.0000,0.0000,0.3900,True,False,False,True
HeroStrike,directional-motion,11.1330,-13.2000,-0.8600,3.0000,0.0000,0.3900,True,False,False,True
HeroStrike,directional-motion,11.1342,-13.2000,-0.8600,3.0000,0.0000,0.3900,True,False,False,True
HeroStrike,directional-motion,11.1353,-13.2000,-0.8600,3.0000,0.0000,0.3900,True,False,False,True
HeroStrike,directional-motion,11.1363,-13.2000,-0.8600,3.0000,0.0000,0.3900,True,False,False,True
HeroStrike,directional-motion,11.1374,-13.2000,-0.8600,3.0000,0.0000,0.3900,True,False,False,True
HeroStrike,directional-motion,11.1392,-13.2000,-0.8600,3.0000,0.0000,0.3900,True,False,False,True
HeroStrike,directional-motion,11.1840,-13.2000,-0.8600,3.0000,0.0000,0.3900,True,False,False,True
HeroStrike,directional-motion,11.1858,-13.2000,-0.8600,3.0000,0.0000,0.3900,True,False,False,True
HeroStrike,directional-motion,11.1868,-13.2000,-0.8600,3.0000,0.0000,0.3900,True,False,False,True
HeroStrike,directional-motion,11.1878,-13.2000,-0.8600,3.0000,0.0000,0.3900,True,False,False,True
HeroStrike,directional-motion,11.1893,-13.2000,-0.8600,3.0000,0.0000,0.3900,True,False,False,True
HeroStrike,directional-motion,11.2282,-13.2000,-0.8600,3.0000,0.0000,0.3900,True,False,False,True
HeroStrike,directional-motion,11.2303,-13.2000,-0.8600,3.0000,0.0000,0.3900,True,False,False,True
HeroStrike,directional-motion,11.2316,-13.2000,-0.8600,3.0000,0.0000,0.3900,True,False,False,True
HeroStrike,directional-motion,11.2328,-13.2000,-0.8600,3.0000,0.0000,0.3900,True,False,False,True
HeroStrike,directional-motion,11.2339,-13.2000,-0.8600,3.0000,0.0000,0.3900,True,False,False,True
HeroStrike,directional-motion,11.2348,-13.2000,-0.8600,3.0000,0.0000,0.3900,True,False,False,True
HeroStrike,directional-motion,11.2356,-13.2000,-0.8600,3.0000,0.0000,0.3900,True,False,False,True
HeroStrike,directional-motion,11.2365,-13.2000,-0.8600,3.0000,0.0000,0.3900,True,False,False,True
HeroStrike,directional-motion,11.2388,-13.2000,-0.8600,3.0000,0.0000,0.3900,True,False,False,True
HeroStrike,directional-motion,11.2401,-13.2000,-0.8600,3.0000,0.0000,0.3900,True,False,False,True
HeroStrike,directional-motion,11.2844,-13.2000,-0.8600,3.0000,0.0000,0.3900,True,False,False,True
HeroStrike,directional-motion,11.2872,-13.2000,-0.8600,3.0000,0.0000,0.3900,True,False,False,True
HeroStrike,directional-motion,11.2884,-13.2000,-0.8600,3.0000,0.0000,0.3900,True,False,False,True
HeroStrike,directional-motion,11.2892,-13.2000,-0.8600,3.0000,0.0000,0.3900,True,False,False,True
HeroStrike,directional-motion,11.2899,-13.2000,-0.8600,3.0000,0.0000,0.3900,True,False,False,True
HeroStrike,directional-motion,11.2906,-13.2000,-0.8600,3.0000,0.0000,0.3900,True,False,False,True
HeroStrike,directional-motion,11.2915,-13.2000,-0.8600,3.0000,0.0000,0.3900,True,False,False,True
HeroStrike,directional-motion,11.3362,-13.2000,-0.8600,3.0000,0.0000,0.3900,True,False,False,True
HeroStrike,directional-motion,11.3379,-13.2000,-0.8600,3.0000,0.0000,0.3900,True,False,False,True
HeroStrike,directional-motion,11.3388,-13.2000,-0.8600,3.0000,0.0000,0.3900,True,False,False,True
HeroStrike,directional-motion,11.3398,-13.2000,-0.8600,3.0000,0.0000,0.3900,True,False,False,True
HeroStrike,directional-motion,11.3409,-13.2000,-0.8600,3.0000,0.0000,0.3900,True,False,False,True
HeroStrike,directional-motion,11.3423,-13.2000,-0.8600,3.0000,0.0000,0.3900,True,False,False,True
HeroStrike,directional-motion,11.3805,-13.2000,-0.8600,3.0000,0.0000,0.3900,True,False,False,True
HeroStrike,directional-motion,11.3825,-13.2000,-0.8600,3.0000,0.0000,0.3900,True,False,False,True
HeroStrike,directional-motion,11.3839,-13.2000,-0.8600,3.0000,0.0000,0.3900,True,False,False,True
HeroStrike,directional-motion,11.3850,-13.2000,-0.8600,3.0000,0.0000,0.3900,True,False,False,True
HeroStrike,directional-motion,11.3858,-13.2000,-0.8600,3.0000,0.0000,0.3900,True,False,False,True
HeroStrike,directional-motion,11.3865,-13.2000,-0.8600,3.0000,0.0000,0.3900,True,False,False,True
HeroStrike,directional-motion,11.3871,-13.2000,-0.8600,3.0000,0.0000,0.3900,True,False,False,True
HeroStrike,directional-motion,11.3877,-13.2000,-0.8600,3.0000,0.0000,0.3900,True,False,False,True
HeroStrike,directional-motion,11.3902,-13.2000,-0.8600,3.0000,0.0000,0.3900,True,False,False,True
HeroStrike,directional-motion,11.3912,-13.2000,-0.8600,3.0000,0.0000,0.3900,True,False,False,True
HeroStrike,directional-motion,11.3920,-13.2000,-0.8600,3.0000,0.0000,0.3900,True,False,False,True
HeroStrike,directional-motion,11.3927,-13.2000,-0.8600,3.0000,0.0000,0.3900,True,False,False,True
HeroStrike,directional-motion,11.4336,-13.2000,-0.8600,3.0616,0.0000,0.3900,True,False,False,True
HeroStrike,directional-motion,11.4355,-13.2000,-0.8600,3.0616,0.0000,0.3900,True,False,False,True
HeroStrike,directional-motion,11.4365,-13.2000,-0.8600,3.0616,0.0000,0.3900,True,False,False,True
HeroStrike,directional-motion,11.4378,-13.2000,-0.8600,3.0616,0.0000,0.3900,True,False,False,True
HeroStrike,directional-motion,11.4390,-13.2000,-0.8600,3.0616,0.0000,0.3900,True,False,False,True
HeroStrike,directional-motion,11.4398,-13.2000,-0.8600,3.0616,0.0000,0.3900,True,False,False,True
HeroStrike,directional-motion,11.4405,-13.2000,-0.8600,3.0924,0.0000,0.3900,True,False,False,True
HeroStrike,directional-motion,11.4415,-13.2000,-0.8600,3.0924,0.0000,0.3900,True,False,False,True
HeroStrike,directional-motion,11.4436,-13.2000,-0.8600,3.0924,0.0000,0.3900,True,False,False,True
HeroStrike,directional-motion,11.4903,-13.2000,-0.8600,3.1541,0.0000,0.3900,True,False,False,True
HeroStrike,directional-motion,11.4931,-13.2000,-0.8600,3.1541,0.0000,0.3900,True,False,False,True
HeroStrike,directional-motion,11.4941,-13.2000,-0.8600,3.1541,0.0000,0.3900,True,False,False,True
HeroStrike,directional-motion,11.5336,-13.2000,-0.8600,3.2157,0.0000,0.3900,True,False,False,True
HeroStrike,directional-motion,11.5366,-13.2000,-0.8600,3.2157,0.0000,0.3900,True,False,False,True
HeroStrike,directional-motion,11.5379,-13.2000,-0.8600,3.2157,0.0000,0.3900,True,False,False,True
HeroStrike,directional-motion,11.5390,-13.2000,-0.8600,3.2157,0.0000,0.3900,True,False,False,True
HeroStrike,directional-motion,11.5399,-13.2000,-0.8600,3.2157,0.0000,0.3900,True,False,False,True
HeroStrike,directional-motion,11.5410,-13.2000,-0.8600,3.2465,0.0000,0.3900,True,False,False,True
HeroStrike,directional-motion,11.5424,-13.2000,-0.8600,3.2465,0.0000,0.3900,True,False,False,True
HeroStrike,directional-motion,11.5432,-13.2000,-0.8600,3.2465,0.0000,0.3900,True,False,False,True
HeroStrike,directional-motion,11.5450,-13.2000,-0.8600,3.2465,0.0000,0.3900,True,False,False,True
HeroStrike,directional-motion,11.5877,-13.2000,-0.8600,3.3082,0.0000,0.3900,True,False,False,True
HeroStrike,directional-motion,11.5903,-13.2000,-0.8600,3.3082,0.0000,0.3900,True,False,False,True
HeroStrike,directional-motion,11.5917,-13.2000,-0.8600,3.3082,0.0000,0.3900,True,False,False,True
HeroStrike,directional-motion,11.5926,-13.2000,-0.8600,3.3082,0.0000,0.3900,True,False,False,True
HeroStrike,directional-motion,11.5934,-13.2000,-0.8600,3.3082,0.0000,0.3900,True,False,False,True
HeroStrike,directional-motion,11.5941,-13.2000,-0.8600,3.3082,0.0000,0.3900,True,False,False,True
HeroStrike,directional-motion,11.5953,-13.2000,-0.8600,3.3082,0.0000,0.3900,True,False,False,True
HeroStrike,directional-motion,11.6409,-13.2000,-0.8600,3.4006,0.0000,0.3900,True,False,False,True
HeroStrike,directional-motion,11.6431,-13.2000,-0.8600,3.4006,0.0000,0.3900,True,False,False,True
HeroStrike,directional-motion,11.6445,-13.2000,-0.8600,3.4006,0.0000,0.3900,True,False,False,True
HeroStrike,directional-motion,11.6454,-13.2000,-0.8600,3.4006,0.0000,0.3900,True,False,False,True
HeroStrike,directional-motion,11.6839,-13.2000,-0.8600,3.4622,0.0000,0.3900,True,False,False,True
HeroStrike,directional-motion,11.6861,-13.2000,-0.8600,3.4622,0.0000,0.3900,True,False,False,True
HeroStrike,directional-motion,11.6875,-13.2000,-0.8600,3.4622,0.0000,0.3900,True,False,False,True
HeroStrike,directional-motion,11.6885,-13.2000,-0.8600,3.4622,0.0000,0.3900,True,False,False,True
HeroStrike,directional-motion,11.6893,-13.2000,-0.8600,3.4622,0.0000,0.3900,True,False,False,True
HeroStrike,directional-motion,11.6900,-13.2000,-0.8600,3.4622,0.0000,0.3900,True,False,False,True
HeroStrike,directional-motion,11.6907,-13.2000,-0.8600,3.4622,0.0000,0.3900,True,False,False,True
HeroStrike,directional-motion,11.6919,-13.2000,-0.8600,3.4622,0.0000,0.3900,True,False,False,True
HeroStrike,directional-motion,11.6939,-13.2000,-0.8600,3.4622,0.0000,0.3900,True,False,False,True
HeroStrike,directional-motion,11.6950,-13.2000,-0.8600,3.4622,0.0000,0.3900,True,False,False,True
HeroStrike,directional-motion,11.6959,-13.2000,-0.8600,3.4622,0.0000,0.3900,True,False,False,True
HeroStrike,directional-motion,11.7403,-13.2000,-0.8600,3.5547,0.0000,0.3900,True,False,False,True
HeroStrike,directional-motion,11.7428,-13.2000,-0.8600,3.5547,0.0000,0.3900,True,False,False,True
HeroStrike,directional-motion,11.7438,-13.2000,-0.8600,3.5547,0.0000,0.3900,True,False,False,True
HeroStrike,directional-motion,11.7445,-13.2000,-0.8600,3.5547,0.0000,0.3900,True,False,False,True
HeroStrike,directional-motion,11.7452,-13.2000,-0.8600,3.5547,0.0000,0.3900,True,False,False,True
HeroStrike,directional-motion,11.7461,-13.2000,-0.8600,3.5547,0.0000,0.3900,True,False,False,True
HeroStrike,directional-motion,11.7851,-13.2000,-0.8600,3.6163,0.0000,0.3900,True,False,False,True
HeroStrike,directional-motion,11.7869,-13.2000,-0.8600,3.6163,0.0000,0.3900,True,False,False,True
HeroStrike,directional-motion,11.7881,-13.2000,-0.8600,3.6163,0.0000,0.3900,True,False,False,True
HeroStrike,directional-motion,11.7894,-13.2000,-0.8600,3.6163,0.0000,0.3900,True,False,False,True
HeroStrike,directional-motion,11.7906,-13.2000,-0.8600,3.6163,0.0000,0.3900,True,False,False,True
HeroStrike,directional-motion,11.7919,-13.2000,-0.8600,3.6163,0.0000,0.3900,True,False,False,True
HeroStrike,directional-motion,11.7927,-13.2000,-0.8600,3.6163,0.0000,0.3900,True,False,False,True
HeroStrike,directional-motion,11.7934,-13.2000,-0.8600,3.6163,0.0000,0.3900,True,False,False,True
HeroStrike,directional-motion,11.7953,-13.2000,-0.8600,3.6163,0.0000,0.3900,True,False,False,True
HeroStrike,directional-motion,11.7965,-13.2000,-0.8600,3.6163,0.0000,0.3900,True,False,False,True
HeroStrike,directional-motion,11.8385,-13.2000,-0.8600,3.6779,0.0000,0.3900,True,False,False,True
HeroStrike,directional-motion,11.8405,-13.2000,-0.8600,3.7088,0.0000,0.3900,True,False,False,True
HeroStrike,directional-motion,11.8418,-13.2000,-0.8600,3.7088,0.0000,0.3900,True,False,False,True
HeroStrike,directional-motion,11.8427,-13.2000,-0.8600,3.7088,0.0000,0.3900,True,False,False,True
HeroStrike,directional-motion,11.8441,-13.2000,-0.8600,3.7088,0.0000,0.3900,True,False,False,True
HeroStrike,directional-motion,11.8451,-13.2000,-0.8600,3.7088,0.0000,0.3900,True,False,False,True
HeroStrike,directional-motion,11.8461,-13.2000,-0.8600,3.7088,0.0000,0.3900,True,False,False,True
HeroStrike,directional-motion,11.8467,-13.2000,-0.8600,3.7088,0.0000,0.3900,True,False,False,True
HeroStrike,directional-motion,11.8934,-13.2000,-0.8600,3.7704,0.0000,0.3900,True,False,False,True
HeroStrike,directional-motion,11.8953,-13.2000,-0.8600,3.7704,0.0000,0.3900,True,False,False,True
HeroStrike,directional-motion,11.8965,-13.2000,-0.8600,3.7704,0.0000,0.3900,True,False,False,True
HeroStrike,directional-motion,11.8975,-13.2000,-0.8600,3.7704,0.0000,0.3900,True,False,False,True
HeroStrike,directional-motion,11.9356,-13.2000,-0.8600,3.8320,0.0000,0.3900,True,False,False,True
HeroStrike,directional-motion,11.9375,-13.2000,-0.8600,3.8320,0.0000,0.3900,True,False,False,True
HeroStrike,directional-motion,11.9386,-13.2000,-0.8600,3.8320,0.0000,0.3900,True,False,False,True
HeroStrike,directional-motion,11.9395,-13.2000,-0.8600,3.8320,0.0000,0.3900,True,False,False,True
HeroStrike,directional-motion,11.9407,-13.2000,-0.8600,3.8628,0.0000,0.3900,True,False,False,True
HeroStrike,directional-motion,11.9423,-13.2000,-0.8600,3.8628,0.0000,0.3900,True,False,False,True
HeroStrike,directional-motion,11.9434,-13.2000,-0.8600,3.8628,0.0000,0.3900,True,False,False,True
HeroStrike,directional-motion,11.9442,-13.2000,-0.8600,3.8628,0.0000,0.3900,True,False,False,True
HeroStrike,directional-motion,11.9464,-13.2000,-0.8600,3.8628,0.0000,0.3900,True,False,False,True
HeroStrike,directional-motion,11.9479,-13.2000,-0.8600,3.8628,0.0000,0.3900,True,False,False,True
HeroStrike,directional-motion,11.9892,-13.2000,-0.8600,3.9245,0.0000,0.3900,True,False,False,True
HeroStrike,directional-motion,11.9930,-13.2000,-0.8600,3.9245,0.0000,0.3900,True,False,False,True
HeroStrike,directional-motion,11.9944,-13.2000,-0.8600,3.9245,0.0000,0.3900,True,False,False,True
HeroStrike,directional-motion,11.9958,-13.2000,-0.8600,3.9245,0.0000,0.3900,True,False,False,True
HeroStrike,directional-motion,11.9970,-13.2000,-0.8600,3.9245,0.0000,0.3900,True,False,False,True
HeroStrike,directional-motion,11.9979,-13.2000,-0.8600,3.9245,0.0000,0.3900,True,False,False,True
HeroStrike,directional-motion,11.9985,-13.2000,-0.8600,3.9245,0.0000,0.3900,True,False,False,True
HeroStrike,directional-motion,12.0435,-13.2000,-0.8600,4.0169,0.0000,0.3900,True,False,False,True
HeroStrike,directional-motion,12.0456,-13.2000,-0.8600,4.0169,0.0000,0.3900,True,False,False,True
HeroStrike,directional-motion,12.0467,-13.2000,-0.8600,4.0169,0.0000,0.3900,True,False,False,True
HeroStrike,directional-motion,12.0474,-13.2000,-0.8600,4.0169,0.0000,0.3900,True,False,False,True
HeroStrike,directional-motion,12.0482,-13.2000,-0.8600,4.0169,0.0000,0.3900,True,False,False,True
HeroStrike,directional-motion,12.0494,-13.2000,-0.8600,4.0169,0.0000,0.3900,True,False,False,True
HeroStrike,directional-motion,12.0913,-13.2000,-0.8600,4.0785,0.0000,0.3900,True,False,False,True
HeroStrike,directional-motion,12.0933,-13.2000,-0.8600,4.0785,0.0000,0.3900,True,False,False,True
HeroStrike,directional-motion,12.0943,-13.2000,-0.8600,4.0785,0.0000,0.3900,True,False,False,True
HeroStrike,directional-motion,12.0952,-13.2000,-0.8600,4.0785,0.0000,0.3900,True,False,False,True
HeroStrike,directional-motion,12.0959,-13.2000,-0.8600,4.0785,0.0000,0.3900,True,False,False,True
HeroStrike,directional-motion,12.0966,-13.2000,-0.8600,4.0785,0.0000,0.3900,True,False,False,True
HeroStrike,directional-motion,12.0973,-13.2000,-0.8600,4.0785,0.0000,0.3900,True,False,False,True
HeroStrike,directional-motion,12.0985,-13.2000,-0.8600,4.0785,0.0000,0.3900,True,False,False,True
HeroStrike,directional-motion,12.1005,-13.2000,-0.8600,4.1094,0.0000,0.3900,True,False,False,True
HeroStrike,directional-motion,12.1434,-13.2000,-0.8600,4.1710,0.0000,0.3900,True,False,False,True
HeroStrike,directional-motion,12.1451,-13.2000,-0.8600,4.1710,0.0000,0.3900,True,False,False,True
HeroStrike,directional-motion,12.1466,-13.2000,-0.8600,4.1710,0.0000,0.3900,True,False,False,True
HeroStrike,directional-motion,12.1478,-13.2000,-0.8600,4.1710,0.0000,0.3900,True,False,False,True
HeroStrike,directional-motion,12.1488,-13.2000,-0.8600,4.1710,0.0000,0.3900,True,False,False,True
HeroStrike,directional-motion,12.1497,-13.2000,-0.8600,4.1710,0.0000,0.3900,True,False,False,True
HeroStrike,directional-motion,12.1507,-13.2000,-0.8600,4.1710,0.0000,0.3900,True,False,False,True
HeroStrike,directional-motion,12.1515,-13.2000,-0.8600,4.1710,0.0000,0.3900,True,False,False,True
HeroStrike,directional-motion,12.1987,-13.2000,-0.8600,4.2326,0.0000,0.3900,True,False,False,True
HeroStrike,directional-motion,12.2013,-13.2000,-0.8600,4.2634,0.0000,0.3900,True,False,False,True
HeroStrike,directional-motion,12.2424,-13.2000,-0.8600,4.3251,0.0000,0.3900,True,False,False,True
HeroStrike,directional-motion,12.2452,-13.2000,-0.8600,4.3251,0.0000,0.3900,True,False,False,True
HeroStrike,directional-motion,12.2464,-13.2000,-0.8600,4.3251,0.0000,0.3900,True,False,False,True
HeroStrike,directional-motion,12.2473,-13.2000,-0.8600,4.3251,0.0000,0.3900,True,False,False,True
HeroStrike,directional-motion,12.2480,-13.2000,-0.8600,4.3251,0.0000,0.3900,True,False,False,True
HeroStrike,directional-motion,12.2488,-13.2000,-0.8600,4.3251,0.0000,0.3900,True,False,False,True
HeroStrike,directional-motion,12.2502,-13.2000,-0.8600,4.3251,0.0000,0.3900,True,False,False,True
HeroStrike,directional-motion,12.2516,-13.2000,-0.8600,4.3251,0.0000,0.3900,True,False,False,True
HeroStrike,directional-motion,12.2539,-13.2000,-0.8600,4.3251,0.0000,0.3900,True,False,False,True
HeroStrike,directional-motion,12.2963,-13.2000,-0.8600,4.3867,0.0000,0.3900,True,False,False,True
HeroStrike,directional-motion,12.2992,-13.2000,-0.8600,4.3867,0.0000,0.3900,True,False,False,True
HeroStrike,directional-motion,12.3008,-13.2000,-0.8600,4.4175,0.0000,0.3900,True,False,False,True
HeroStrike,directional-motion,12.3023,-13.2000,-0.8600,4.4175,0.0000,0.3900,True,False,False,True
HeroStrike,directional-motion,12.3031,-13.2000,-0.8600,4.4175,0.0000,0.3900,True,False,False,True
HeroStrike,directional-motion,12.3042,-13.2000,-0.8600,4.4175,0.0000,0.3900,True,False,False,True
HeroStrike,directional-motion,12.3426,-13.2000,-0.8600,4.4791,0.0000,0.3900,True,False,False,True
HeroStrike,directional-motion,12.3446,-13.2000,-0.8600,4.4791,0.0000,0.3900,True,False,False,True
HeroStrike,directional-motion,12.3459,-13.2000,-0.8600,4.4791,0.0000,0.3900,True,False,False,True
HeroStrike,directional-motion,12.3473,-13.2000,-0.8600,4.4791,0.0000,0.3900,True,False,False,True
HeroStrike,directional-motion,12.3484,-13.2000,-0.8600,4.4791,0.0000,0.3900,True,False,False,True
HeroStrike,directional-motion,12.3494,-13.2000,-0.8600,4.4791,0.0000,0.3900,True,False,False,True
HeroStrike,directional-motion,12.3501,-13.2000,-0.8600,4.4791,0.0000,0.3900,True,False,False,True
HeroStrike,directional-motion,12.3508,-13.2000,-0.8600,4.4791,0.0000,0.3900,True,False,False,True
HeroStrike,directional-motion,12.3527,-13.2000,-0.8600,4.4791,0.0000,0.3900,True,False,False,True
HeroStrike,directional-motion,12.3539,-13.2000,-0.8600,4.4791,0.0000,0.3900,True,False,False,True
HeroStrike,directional-motion,12.3548,-13.2000,-0.8600,4.4791,0.0000,0.3900,True,False,False,True
HeroStrike,directional-motion,12.4035,-13.2000,-0.8600,4.5716,0.0000,0.3900,True,False,False,True
HeroStrike,directional-motion,12.4060,-13.2000,-0.8600,4.5716,0.0000,0.3900,True,False,False,True
HeroStrike,directional-motion,12.4464,-13.2000,-0.8600,4.6332,0.0000,0.3900,True,False,False,True
HeroStrike,directional-motion,12.4489,-13.2000,-0.8600,4.6332,0.0000,0.3900,True,False,False,True
HeroStrike,directional-motion,12.4505,-13.2000,-0.8600,4.6332,0.0000,0.3900,True,False,False,True
HeroStrike,directional-motion,12.4521,-13.2000,-0.8600,4.6332,0.0000,0.3900,True,False,False,True
HeroStrike,directional-motion,12.4530,-13.2000,-0.8600,4.6332,0.0000,0.3900,True,False,False,True
HeroStrike,directional-motion,12.4538,-13.2000,-0.8600,4.6332,0.0000,0.3900,True,False,False,True
HeroStrike,directional-motion,12.4545,-13.2000,-0.8600,4.6332,0.0000,0.3900,True,False,False,True
HeroStrike,directional-motion,12.4569,-13.2000,-0.8600,4.6332,0.0000,0.3900,True,False,False,True
HeroStrike,directional-motion,12.5036,-13.2000,-0.8600,4.7257,0.0000,0.3900,True,False,False,True
HeroStrike,directional-motion,12.5062,-13.2000,-0.8600,4.7257,0.0000,0.3900,True,False,False,True
HeroStrike,directional-motion,12.5075,-13.2000,-0.8600,4.7257,0.0000,0.3900,True,False,False,True
HeroStrike,directional-motion,12.5474,-13.2000,-0.8600,4.7873,0.0000,0.3900,True,False,False,True
HeroStrike,directional-motion,12.5497,-13.2000,-0.8600,4.7873,0.0000,0.3900,True,False,False,True
HeroStrike,directional-motion,12.5509,-13.2000,-0.8600,4.7873,0.0000,0.3900,True,False,False,True
HeroStrike,directional-motion,12.5520,-13.2000,-0.8600,4.7873,0.0000,0.3900,True,False,False,True
HeroStrike,directional-motion,12.5533,-13.2000,-0.8600,4.7873,0.0000,0.3900,True,False,False,True
HeroStrike,directional-motion,12.5548,-13.2000,-0.8600,4.7873,0.0000,0.3900,True,False,False,True
HeroStrike,directional-motion,12.5558,-13.2000,-0.8600,4.7873,0.0000,0.3900,True,False,False,True
HeroStrike,directional-motion,12.5567,-13.2000,-0.8600,4.7873,0.0000,0.3900,True,False,False,True
HeroStrike,directional-motion,12.5586,-13.2000,-0.8600,4.7873,0.0000,0.3900,True,False,False,True
HeroStrike,directional-motion,12.6035,-13.2000,-0.8600,4.8797,0.0000,0.3900,True,False,False,True
HeroStrike,directional-motion,12.6053,-13.2000,-0.8600,4.8797,0.0000,0.3900,True,False,False,True
HeroStrike,directional-motion,12.6064,-13.2000,-0.8600,4.8797,0.0000,0.3900,True,False,False,True
HeroStrike,directional-motion,12.6078,-13.2000,-0.8600,4.8797,0.0000,0.3900,True,False,False,True
HeroStrike,directional-motion,12.6089,-13.2000,-0.8600,4.8797,0.0000,0.3900,True,False,False,True
HeroStrike,directional-motion,12.6468,-13.2000,-0.8600,4.9414,0.0000,0.3900,True,False,False,True
HeroStrike,directional-motion,12.6488,-13.2000,-0.8600,4.9414,0.0000,0.3900,True,False,False,True
HeroStrike,directional-motion,12.6504,-13.2000,-0.8600,4.9414,0.0000,0.3900,True,False,False,True
HeroStrike,directional-motion,12.6515,-13.2000,-0.8600,4.9414,0.0000,0.3900,True,False,False,True
HeroStrike,directional-motion,12.6527,-13.2000,-0.8600,4.9414,0.0000,0.3900,True,False,False,True
HeroStrike,directional-motion,12.6538,-13.2000,-0.8600,4.9414,0.0000,0.3900,True,False,False,True
HeroStrike,directional-motion,12.6548,-13.2000,-0.8600,4.9414,0.0000,0.3900,True,False,False,True
HeroStrike,directional-motion,12.6561,-13.2000,-0.8600,4.9414,0.0000,0.3900,True,False,False,True
HeroStrike,directional-motion,12.6587,-13.2000,-0.8600,4.9414,0.0000,0.3900,True,False,False,True
HeroStrike,directional-motion,12.6598,-13.2000,-0.8600,4.9414,0.0000,0.3900,True,False,False,True
HeroStrike,directional-motion,12.7041,-13.2000,-0.8600,5.0338,0.0000,0.3900,True,False,False,True
HeroStrike,directional-motion,12.7071,-13.2000,-0.8600,5.0338,0.0000,0.3900,True,False,False,True
HeroStrike,directional-motion,12.7084,-13.2000,-0.8600,5.0338,0.0000,0.3900,True,False,False,True
HeroStrike,directional-motion,12.7097,-13.2000,-0.8600,5.0338,0.0000,0.3900,True,False,False,True
HeroStrike,directional-motion,12.7110,-13.2000,-0.8600,5.0338,0.0000,0.3900,True,False,False,True
HeroStrike,directional-motion,12.7500,-13.2000,-0.8600,5.0954,0.0000,0.3900,True,False,False,True
HeroStrike,directional-motion,12.7522,-13.2000,-0.8600,5.0954,0.0000,0.3900,True,False,False,True
HeroStrike,directional-motion,12.7536,-13.2000,-0.8600,5.0954,0.0000,0.3900,True,False,False,True
HeroStrike,directional-motion,12.7549,-13.2000,-0.8600,5.0954,0.0000,0.3900,True,False,False,True
HeroStrike,directional-motion,12.7559,-13.2000,-0.8600,5.0954,0.0000,0.3900,True,False,False,True
HeroStrike,directional-motion,12.7570,-13.2000,-0.8600,5.0954,0.0000,0.3900,True,False,False,True
HeroStrike,directional-motion,12.7581,-13.2000,-0.8600,5.0954,0.0000,0.3900,True,False,False,True
HeroStrike,directional-motion,12.7595,-13.2000,-0.8600,5.0954,0.0000,0.3900,True,False,False,True
HeroStrike,directional-motion,12.7619,-13.2000,-0.8600,5.1263,0.0000,0.3900,True,False,False,True
HeroStrike,directional-motion,12.8056,-13.2000,-0.8600,5.1879,0.0000,0.3900,True,False,False,True
HeroStrike,directional-motion,12.8084,-13.2000,-0.8600,5.1879,0.0000,0.3900,True,False,False,True
HeroStrike,directional-motion,12.8096,-13.2000,-0.8600,5.1879,0.0000,0.3900,True,False,False,True
HeroStrike,directional-motion,12.8105,-13.2000,-0.8600,5.1879,0.0000,0.3900,True,False,False,True
HeroStrike,directional-motion,12.8112,-13.2000,-0.8600,5.1879,0.0000,0.3900,True,False,False,True
HeroStrike,directional-motion,12.8119,-13.2000,-0.8600,5.1879,0.0000,0.3900,True,False,False,True
HeroStrike,directional-motion,12.8129,-13.2000,-0.8600,5.1879,0.0000,0.3900,True,False,False,True
HeroStrike,directional-motion,12.8596,-13.2000,-0.8600,5.2495,0.0000,0.3900,True,False,False,True
HeroStrike,directional-motion,12.8618,-13.2000,-0.8600,5.2803,0.0000,0.3900,True,False,False,True
HeroStrike,directional-motion,12.8642,-13.2000,-0.8600,5.2803,0.0000,0.3900,True,False,False,True
HeroStrike,directional-motion,12.9061,-13.2000,-0.8600,5.3420,0.0000,0.3900,True,False,False,True
HeroStrike,directional-motion,12.9088,-13.2000,-0.8600,5.3420,0.0000,0.3900,True,False,False,True
HeroStrike,directional-motion,12.9102,-13.2000,-0.8600,5.3420,0.0000,0.3900,True,False,False,True
HeroStrike,directional-motion,12.9115,-13.2000,-0.8600,5.3420,0.0000,0.3900,True,False,False,True
HeroStrike,directional-motion,12.9128,-13.2000,-0.8600,5.3420,0.0000,0.3900,True,False,False,True
HeroStrike,directional-motion,12.9138,-13.2000,-0.8600,5.3420,0.0000,0.3900,True,False,False,True
HeroStrike,directional-motion,12.9145,-13.2000,-0.8600,5.3420,0.0000,0.3900,True,False,False,True
HeroStrike,directional-motion,12.9603,-13.2000,-0.8600,5.4344,0.0000,0.3900,True,False,False,True
HeroStrike,directional-motion,12.9637,-13.2000,-0.8600,5.4344,0.0000,0.3900,True,False,False,True
HeroStrike,directional-motion,12.9651,-13.2000,-0.8600,5.4344,0.0000,0.3900,True,False,False,True
HeroStrike,directional-motion,13.0124,-13.2000,-0.8600,5.4960,0.0000,0.3900,True,False,False,True
HeroStrike,directional-motion,13.0149,-13.2000,-0.8600,5.4960,0.0000,0.3900,True,False,False,True
HeroStrike,directional-motion,13.0541,-13.2000,-0.8600,5.5577,0.0000,0.3900,True,False,False,True
HeroStrike,directional-motion,13.0566,-13.2000,-0.8600,5.5577,0.0000,0.3900,True,False,False,True
HeroStrike,directional-motion,13.0579,-13.2000,-0.8600,5.5577,0.0000,0.3900,True,False,False,True
HeroStrike,directional-motion,13.0588,-13.2000,-0.8600,5.5577,0.0000,0.3900,True,False,False,True
HeroStrike,directional-motion,13.0596,-13.2000,-0.8600,5.5577,0.0000,0.3900,True,False,False,True
HeroStrike,directional-motion,13.0603,-13.2000,-0.8600,5.5885,0.0000,0.3900,True,False,False,True
HeroStrike,directional-motion,13.0618,-13.2000,-0.8600,5.5885,0.0000,0.3900,True,False,False,True
HeroStrike,directional-motion,13.0627,-13.2000,-0.8600,5.5885,0.0000,0.3900,True,False,False,True
HeroStrike,directional-motion,13.0649,-13.2000,-0.8600,5.5885,0.0000,0.3900,True,False,False,True
HeroStrike,directional-motion,13.0659,-13.2000,-0.8600,5.5885,0.0000,0.3900,True,False,False,True
HeroStrike,directional-motion,13.1185,-13.2000,-0.8600,5.6501,0.0000,0.3900,True,False,False,True
HeroStrike,directional-motion,13.1596,-13.2000,-0.8600,5.7118,0.0000,0.3900,True,False,False,True
HeroStrike,directional-motion,13.1614,-13.2000,-0.8600,5.7426,0.0000,0.3900,True,False,False,True
HeroStrike,directional-motion,13.1628,-13.2000,-0.8600,5.7426,0.0000,0.3900,True,False,False,True
HeroStrike,directional-motion,13.1638,-13.2000,-0.8600,5.7426,0.0000,0.3900,True,False,False,True
HeroStrike,directional-motion,13.1650,-13.2000,-0.8600,5.7426,0.0000,0.3900,True,False,False,True
HeroStrike,directional-motion,13.1664,-13.2000,-0.8600,5.7426,0.0000,0.3900,True,False,False,True
HeroStrike,directional-motion,13.1676,-13.2000,-0.8600,5.7426,0.0000,0.3900,True,False,False,True
HeroStrike,directional-motion,13.1686,-13.2000,-0.8600,5.7426,0.0000,0.3900,True,False,False,True
HeroStrike,directional-motion,13.1710,-13.2000,-0.8600,5.7426,0.0000,0.3900,True,False,False,True
HeroStrike,directional-motion,13.2159,-13.2000,-0.8600,5.8042,0.0000,0.3900,True,False,False,True
HeroStrike,directional-motion,13.2184,-13.2000,-0.8600,5.8042,0.0000,0.3900,True,False,False,True
HeroStrike,directional-motion,13.2202,-13.2000,-0.8600,5.8350,0.0000,0.3900,True,False,False,True
HeroStrike,directional-motion,13.2216,-13.2000,-0.8600,5.8350,0.0000,0.3900,True,False,False,True
HeroStrike,directional-motion,13.2727,-13.2000,-0.8600,5.8966,0.0000,0.3900,True,False,False,True
HeroStrike,directional-motion,13.3254,-13.2000,-0.8600,5.9891,0.0000,0.3900,True,False,False,True
HeroStrike,directional-motion,13.3810,-13.2000,-0.8600,6.0815,0.0000,0.3900,True,False,False,True
HeroStrike,directional-motion,13.4205,-13.2000,-0.8600,6.0815,0.0000,0.3900,True,False,False,True
HeroStrike,directional-motion,13.4227,-13.2000,-0.8600,6.0815,0.0000,0.3900,True,False,False,True
HeroStrike,directional-motion,13.4237,-13.2000,-0.8600,6.0815,0.0000,0.3900,True,False,False,True
HeroStrike,directional-motion,13.4250,-13.2000,-0.8600,6.0815,0.0000,0.3900,True,False,False,True
HeroStrike,directional-motion,13.4262,-13.2000,-0.8600,6.0815,0.0000,0.3900,True,False,False,True
HeroStrike,directional-motion,13.4271,-13.2000,-0.8600,6.0815,0.0000,0.3900,True,False,False,True
HeroStrike,directional-motion,13.4279,-13.2000,-0.8600,6.0815,0.0000,0.3900,True,False,False,True
HeroStrike,directional-motion,13.4286,-13.2000,-0.8600,6.0815,0.0000,0.3900,True,False,False,True
HeroStrike,directional-motion,13.4303,-13.2000,-0.8600,6.0815,0.0000,0.3900,True,False,False,True
HeroStrike,directional-motion,13.4315,-13.2000,-0.8600,6.0815,0.0000,0.3900,True,False,False,True
HeroStrike,directional-motion,13.4325,-13.2000,-0.8600,6.0815,0.0000,0.3900,True,False,False,True
HeroStrike,directional-motion,13.4730,-13.2000,-0.8600,6.0815,0.0000,0.3900,True,False,False,True
HeroStrike,directional-motion,13.4751,-13.2000,-0.8600,6.0815,0.0000,0.3900,True,False,False,True
HeroStrike,directional-motion,13.4761,-13.2000,-0.8600,6.0815,0.0000,0.3900,True,False,False,True
HeroStrike,directional-motion,13.4768,-13.2000,-0.8600,6.0815,0.0000,0.3900,True,False,False,True
HeroStrike,directional-motion,13.4776,-13.2000,-0.8600,6.0815,0.0000,0.3900,True,False,False,True
HeroStrike,directional-motion,13.4783,-13.2000,-0.8600,6.0815,0.0000,0.3900,True,False,False,True
HeroStrike,directional-motion,13.4792,-13.2000,-0.8600,6.0815,0.0000,0.3900,True,False,False,True
HeroStrike,directional-motion,13.4802,-13.2000,-0.8600,6.0815,0.0000,0.3900,True,False,False,True
HeroStrike,directional-motion,13.4825,-13.2000,-0.8600,6.0815,0.0000,0.3900,True,False,False,True
HeroStrike,directional-motion,13.5260,-13.2000,-0.8600,6.0815,0.0000,0.3900,True,False,False,True
HeroStrike,directional-motion,13.5282,-13.2000,-0.8600,6.0815,0.0000,0.3900,True,False,False,True
HeroStrike,directional-motion,13.5295,-13.2000,-0.8600,6.0815,0.0000,0.3900,True,False,False,True
HeroStrike,directional-motion,13.5307,-13.2000,-0.8600,6.0815,0.0000,0.3900,True,False,False,True
HeroStrike,directional-motion,13.5318,-13.2000,-0.8600,6.0815,0.0000,0.3900,True,False,False,True
HeroStrike,directional-motion,13.5328,-13.2000,-0.8600,6.0815,0.0000,0.3900,True,False,False,True
HeroStrike,directional-motion,13.5713,-13.2000,-0.8600,6.0815,0.0000,0.3900,True,False,False,True
HeroStrike,directional-motion,13.5733,-13.2000,-0.8600,6.0815,0.0000,0.3900,True,False,False,True
HeroStrike,directional-motion,13.5745,-13.2000,-0.8600,6.0815,0.0000,0.3900,True,False,False,True
HeroStrike,directional-motion,13.5756,-13.2000,-0.8600,6.0815,0.0000,0.3900,True,False,False,True
HeroStrike,directional-motion,13.5769,-13.2000,-0.8600,6.0815,0.0000,0.3900,True,False,False,True
HeroStrike,directional-motion,13.5782,-13.2000,-0.8600,6.0815,0.0000,0.3900,True,False,False,True
HeroStrike,directional-motion,13.5792,-13.2000,-0.8600,6.0815,0.0000,0.3900,True,False,False,True
HeroStrike,directional-motion,13.5799,-13.2000,-0.8600,6.0815,0.0000,0.3900,True,False,False,True
HeroStrike,directional-motion,13.5817,-13.2000,-0.8600,6.0815,0.0000,0.3900,True,False,False,True
HeroStrike,directional-motion,13.5837,-13.2000,-0.8600,6.0815,0.0000,0.3900,True,False,False,True
HeroStrike,directional-motion,13.6262,-13.2000,-0.8600,6.0815,0.0000,0.3900,True,False,False,True
HeroStrike,directional-motion,13.6285,-13.2000,-0.8600,6.0815,0.0000,0.3900,True,False,False,True
HeroStrike,directional-motion,13.6296,-13.2000,-0.8600,6.0815,0.0000,0.3900,True,False,False,True
HeroStrike,directional-motion,13.6307,-13.2000,-0.8600,6.0815,0.0000,0.3900,True,False,False,True
HeroStrike,directional-motion,13.6320,-13.2000,-0.8600,6.0815,0.0000,0.3900,True,False,False,True
HeroStrike,directional-motion,13.6331,-13.2000,-0.8600,6.0815,0.0000,0.3900,True,False,False,True
HeroStrike,directional-motion,13.6338,-13.2000,-0.8600,6.0815,0.0000,0.3900,True,False,False,True
HeroStrike,directional-motion,13.6344,-13.2000,-0.8600,6.0815,0.0000,0.3900,True,False,False,True
HeroStrike,directional-motion,13.6774,-13.2000,-0.8600,6.0815,0.0000,0.3900,True,False,False,True
HeroStrike,directional-motion,13.6795,-13.2000,-0.8600,6.0815,0.0000,0.3900,True,False,False,True
HeroStrike,directional-motion,13.6808,-13.2000,-0.8600,6.0815,0.0000,0.3900,True,False,False,True
HeroStrike,directional-motion,13.6822,-13.2000,-0.8600,6.0815,0.0000,0.3900,True,False,False,True
HeroStrike,directional-motion,13.6830,-13.2000,-0.8600,6.0815,0.0000,0.3900,True,False,False,True
HeroStrike,directional-motion,13.6837,-13.2000,-0.8600,6.0815,0.0000,0.3900,True,False,False,True
HeroStrike,directional-motion,13.6843,-13.2000,-0.8600,6.0815,0.0000,0.3900,True,False,False,True
HeroStrike,directional-motion,13.6852,-13.2000,-0.8600,6.0815,0.0000,0.3900,True,False,False,True
HeroStrike,directional-motion,13.7307,-13.2000,-0.8600,6.0815,0.0000,0.3900,True,False,False,True
HeroStrike,directional-motion,13.7328,-13.2000,-0.8600,6.0815,0.0000,0.3900,True,False,False,True
HeroStrike,directional-motion,13.7342,-13.2000,-0.8600,6.0815,0.0000,0.3900,True,False,False,True
HeroStrike,directional-motion,13.7355,-13.2000,-0.8600,6.0815,0.0000,0.3900,True,False,False,True
HeroStrike,directional-motion,13.7739,-13.2000,-0.8600,6.0815,0.0000,0.3900,True,False,False,True
HeroStrike,directional-motion,13.7756,-13.2000,-0.8600,6.0815,0.0000,0.3900,True,False,False,True
HeroStrike,directional-motion,13.7771,-13.2000,-0.8600,6.0815,0.0000,0.3900,True,False,False,True
HeroStrike,directional-motion,13.7782,-13.2000,-0.8600,6.0815,0.0000,0.3900,True,False,False,True
HeroStrike,directional-motion,13.7794,-13.2000,-0.8600,6.0815,0.0000,0.3900,True,False,False,True
HeroStrike,directional-motion,13.7803,-13.2000,-0.8600,6.0815,0.0000,0.3900,True,False,False,True
HeroStrike,directional-motion,13.7818,-13.2000,-0.8600,6.0815,0.0000,0.3900,True,False,False,True
HeroStrike,directional-motion,13.7832,-13.2000,-0.8600,6.0815,0.0000,0.3900,True,False,False,True
HeroStrike,directional-motion,13.7856,-13.2000,-0.8600,6.0815,0.0000,0.3900,True,False,False,True
HeroStrike,directional-motion,13.8267,-13.2000,-0.8600,6.0815,0.0000,0.3900,True,False,False,True
HeroStrike,directional-motion,13.8285,-13.2000,-0.8600,6.0815,0.0000,0.3900,True,False,False,True
HeroStrike,directional-motion,13.8295,-13.2000,-0.8600,6.0815,0.0000,0.3900,True,False,False,True
HeroStrike,directional-motion,13.8304,-13.2000,-0.8600,6.0815,0.0000,0.3900,True,False,False,True
HeroStrike,directional-motion,13.8319,-13.2000,-0.8600,6.0815,0.0000,0.3900,True,False,False,True
HeroStrike,directional-motion,13.8332,-13.2000,-0.8600,6.0815,0.0000,0.3900,True,False,False,True
HeroStrike,directional-motion,13.8343,-13.2000,-0.8600,6.0815,0.0000,0.3900,True,False,False,True
HeroStrike,directional-motion,13.8351,-13.2000,-0.8600,6.0815,0.0000,0.3900,True,False,False,True
HeroStrike,directional-motion,13.8371,-13.2000,-0.8600,6.0815,0.0000,0.3900,True,False,False,True
HeroStrike,directional-motion,13.8786,-13.2000,-0.8600,6.0815,0.0000,0.3900,True,False,False,True
HeroStrike,directional-motion,13.8810,-13.2000,-0.8600,6.0815,0.0000,0.3900,True,False,False,True
HeroStrike,directional-motion,13.8826,-13.2000,-0.8600,6.0815,0.0000,0.3900,True,False,False,True
HeroStrike,directional-motion,13.8834,-13.2000,-0.8600,6.0815,0.0000,0.3900,True,False,False,True
HeroStrike,directional-motion,13.8841,-13.2000,-0.8600,6.0815,0.0000,0.3900,True,False,False,True
HeroStrike,directional-motion,13.8849,-13.2000,-0.8600,6.0815,0.0000,0.3900,True,False,False,True
HeroStrike,directional-motion,13.8861,-13.2000,-0.8600,6.0815,0.0000,0.3900,True,False,False,True
HeroStrike,directional-motion,13.8870,-13.2000,-0.8600,6.0815,0.0000,0.3900,True,False,False,True
HeroStrike,directional-motion,13.8891,-13.2000,-0.8600,6.0815,0.0000,0.3900,True,False,False,True
HeroStrike,directional-motion,13.9309,-13.2000,-0.8600,6.0815,0.0000,0.3900,True,False,False,True
HeroStrike,directional-motion,13.9328,-13.2000,-0.8600,6.0815,0.0000,0.3900,True,False,False,True
HeroStrike,directional-motion,13.9341,-13.2000,-0.8600,6.0815,0.0000,0.3900,True,False,False,True
HeroStrike,directional-motion,13.9353,-13.2000,-0.8600,6.0815,0.0000,0.3900,True,False,False,True
HeroStrike,directional-motion,13.9362,-13.2000,-0.8600,6.0815,0.0000,0.3900,True,False,False,True
HeroStrike,directional-motion,13.9369,-13.2000,-0.8600,6.0815,0.0000,0.3900,True,False,False,True
HeroStrike,directional-motion,13.9375,-13.2000,-0.8600,6.0815,0.0000,0.3900,True,False,False,True
HeroStrike,directional-motion,13.9381,-13.2000,-0.8600,6.0815,0.0000,0.3900,True,False,False,True
HeroStrike,directional-motion,13.9404,-13.2000,-0.8600,6.0815,0.0000,0.3900,True,False,False,True
HeroStrike,directional-motion,13.9821,-13.2000,-0.8600,6.0815,0.0000,0.3900,True,False,False,True
HeroStrike,directional-motion,13.9854,-13.2000,-0.8600,6.0815,0.0000,0.3900,True,False,False,True
HeroStrike,directional-motion,13.9866,-13.2000,-0.8600,6.0815,0.0000,0.3900,True,False,False,True
HeroStrike,directional-motion,13.9875,-13.2000,-0.8600,6.0815,0.0000,0.3900,True,False,False,True
HeroStrike,directional-motion,13.9888,-13.2000,-0.8600,6.0815,0.0000,0.3900,True,False,False,True
HeroStrike,directional-motion,13.9902,-13.2000,-0.8600,6.0815,0.0000,0.3900,True,False,False,True
HeroStrike,directional-motion,13.9915,-13.2000,-0.8600,6.0815,0.0000,0.3900,True,False,False,True
HeroStrike,directional-motion,14.0367,-13.2000,-0.8600,6.0815,0.0000,0.3900,True,False,False,True
HeroStrike,directional-motion,14.0390,-13.2000,-0.8600,6.0815,0.0000,0.3900,True,False,False,True
HeroStrike,directional-motion,14.0402,-13.2000,-0.8600,6.0815,0.0000,0.3900,True,False,False,True
HeroStrike,directional-motion,14.0413,-13.2000,-0.8600,6.0815,0.0000,0.3900,True,False,False,True
HeroStrike,directional-motion,14.0420,-13.2000,-0.8600,6.0815,0.0000,0.3900,True,False,False,True
HeroStrike,directional-motion,14.0806,-13.2000,-0.8600,6.0815,0.0000,0.3900,True,False,False,True
HeroStrike,directional-motion,14.0830,-13.2000,-0.8600,6.0815,0.0000,0.3900,True,False,False,True
HeroStrike,directional-motion,14.0840,-13.2000,-0.8600,6.0815,0.0000,0.3900,True,False,False,True
HeroStrike,directional-motion,14.0851,-13.2000,-0.8600,6.0815,0.0000,0.3900,True,False,False,True
HeroStrike,directional-motion,14.0863,-13.2000,-0.8600,6.0815,0.0000,0.3900,True,False,False,True
HeroStrike,directional-motion,14.0874,-13.2000,-0.8600,6.0815,0.0000,0.3900,True,False,False,True
HeroStrike,directional-motion,14.0883,-13.2000,-0.8600,6.0815,0.0000,0.3900,True,False,False,True
HeroStrike,directional-motion,14.0890,-13.2000,-0.8600,6.0815,0.0000,0.3900,True,False,False,True
HeroStrike,directional-motion,14.0911,-13.2000,-0.8600,6.0815,0.0000,0.3900,True,False,False,True
HeroStrike,directional-motion,14.0923,-13.2000,-0.8600,6.0815,0.0000,0.3900,True,False,False,True
HeroStrike,directional-motion,14.1345,-13.2000,-0.8600,6.0815,0.0000,0.3900,True,False,False,True
HeroStrike,directional-motion,14.1366,-13.2000,-0.8600,6.0815,0.0000,0.3900,True,False,False,True
HeroStrike,directional-motion,14.1380,-13.2000,-0.8600,6.0815,0.0000,0.3900,True,False,False,True
HeroStrike,directional-motion,14.1390,-13.2000,-0.8600,6.0815,0.0000,0.3900,True,False,False,True
HeroStrike,directional-motion,14.1401,-13.2000,-0.8600,6.0815,0.0000,0.3900,True,False,False,True
HeroStrike,directional-motion,14.1417,-13.2000,-0.8600,6.0815,0.0000,0.3900,True,False,False,True
HeroStrike,directional-motion,14.1426,-13.2000,-0.8600,6.0815,0.0000,0.3900,True,False,False,True
HeroStrike,directional-motion,14.1864,-13.2000,-0.8600,6.0815,0.0000,0.3900,True,False,False,True
HeroStrike,directional-motion,14.1885,-13.2000,-0.8600,6.0815,0.0000,0.3900,True,False,False,True
HeroStrike,directional-motion,14.1899,-13.2000,-0.8600,6.0815,0.0000,0.3900,True,False,False,True
HeroStrike,directional-motion,14.1908,-13.2000,-0.8600,6.0815,0.0000,0.3900,True,False,False,True
HeroStrike,directional-motion,14.1916,-13.2000,-0.8600,6.0815,0.0000,0.3900,True,False,False,True
HeroStrike,directional-motion,14.1923,-13.2000,-0.8600,6.0815,0.0000,0.3900,True,False,False,True
HeroStrike,directional-motion,14.1929,-13.2000,-0.8600,6.0815,0.0000,0.3900,True,False,False,True
HeroStrike,directional-motion,14.2387,-13.2000,-0.8600,6.0815,0.0000,0.3900,True,False,False,True
HeroStrike,directional-motion,14.2407,-13.2000,-0.8600,6.0815,0.0000,0.3900,True,False,False,True
HeroStrike,directional-motion,14.2423,-13.2000,-0.8600,6.0815,0.0000,0.3900,True,False,False,True
HeroStrike,directional-motion,14.2438,-13.2000,-0.8600,6.0815,0.0000,0.3900,True,False,False,True
HeroStrike,directional-motion,14.2813,-13.2000,-0.8600,6.0815,0.0000,0.3900,True,False,False,True
HeroStrike,directional-motion,14.2832,-13.2000,-0.8600,6.0815,0.0000,0.3900,True,False,False,True
HeroStrike,directional-motion,14.2846,-13.2000,-0.8600,6.0815,0.0000,0.3900,True,False,False,True
HeroStrike,directional-motion,14.2859,-13.2000,-0.8600,6.0815,0.0000,0.3900,True,False,False,True
HeroStrike,directional-motion,14.2872,-13.2000,-0.8600,6.0815,0.0000,0.3900,True,False,False,True
HeroStrike,directional-motion,14.2883,-13.2000,-0.8600,6.0815,0.0000,0.3900,True,False,False,True
HeroStrike,directional-motion,14.2895,-13.2000,-0.8600,6.0815,0.0000,0.3900,True,False,False,True
HeroStrike,directional-motion,14.2904,-13.2000,-0.8600,6.0815,0.0000,0.3900,True,False,False,True
HeroStrike,directional-motion,14.2926,-13.2000,-0.8600,6.0815,0.0000,0.3900,True,False,False,True
HeroStrike,directional-motion,14.2942,-13.2000,-0.8600,6.0815,0.0000,0.3900,True,False,False,True
HeroStrike,directional-motion,14.3394,-13.2000,-0.8600,6.0815,0.0000,0.3900,True,False,False,True
HeroStrike,directional-motion,14.3419,-13.2000,-0.8600,6.0815,0.0000,0.3900,True,False,False,True
HeroStrike,directional-motion,14.3435,-13.2000,-0.8600,6.0815,0.0000,0.3900,True,False,False,True
HeroStrike,directional-motion,14.3446,-13.2000,-0.8600,6.0815,0.0000,0.3900,True,False,False,True
HeroStrike,directional-motion,14.3843,-13.2000,-0.8600,6.0815,0.0000,0.3900,True,False,False,True
HeroStrike,directional-motion,14.3862,-13.2000,-0.8600,6.0815,0.0000,0.3900,True,False,False,True
HeroStrike,directional-motion,14.3873,-13.2000,-0.8600,6.0815,0.0000,0.3900,True,False,False,True
HeroStrike,directional-motion,14.3889,-13.2000,-0.8600,6.0815,0.0000,0.3900,True,False,False,True
HeroStrike,directional-motion,14.3906,-13.2000,-0.8600,6.0815,0.0000,0.3900,True,False,False,True
HeroStrike,directional-motion,14.3915,-13.2000,-0.8600,6.0815,0.0000,0.3900,True,False,False,True
HeroStrike,directional-motion,14.3922,-13.2000,-0.8600,6.0815,0.0000,0.3900,True,False,False,True
HeroStrike,directional-motion,14.3929,-13.2000,-0.8600,6.0815,0.0000,0.3900,True,False,False,True
HeroStrike,directional-motion,14.3951,-13.2000,-0.8600,6.0815,0.0000,0.3900,True,False,False,True
HeroStrike,directional-motion,14.4387,-13.1384,-0.8600,6.0815,0.0000,0.3900,True,False,False,True
HeroStrike,directional-motion,14.4406,-13.1076,-0.8600,6.0815,0.0000,0.3900,True,False,False,True
HeroStrike,directional-motion,14.4420,-13.1076,-0.8600,6.0815,0.0000,0.3900,True,False,False,True
HeroStrike,directional-motion,14.4434,-13.1076,-0.8600,6.0815,0.0000,0.3900,True,False,False,True
HeroStrike,directional-motion,14.4446,-13.1076,-0.8600,6.0815,0.0000,0.3900,True,False,False,True
HeroStrike,directional-motion,14.4456,-13.1076,-0.8600,6.0815,0.0000,0.3900,True,False,False,True
HeroStrike,directional-motion,14.4837,-13.0459,-0.8600,6.0815,0.0000,0.3900,True,False,False,True
HeroStrike,directional-motion,14.4859,-13.0459,-0.8600,6.0815,0.0000,0.3900,True,False,False,True
HeroStrike,directional-motion,14.4874,-13.0459,-0.8600,6.0815,0.0000,0.3900,True,False,False,True
HeroStrike,directional-motion,14.4885,-13.0459,-0.8600,6.0815,0.0000,0.3900,True,False,False,True
HeroStrike,directional-motion,14.4895,-13.0459,-0.8600,6.0815,0.0000,0.3900,True,False,False,True
HeroStrike,directional-motion,14.4904,-13.0459,-0.8600,6.0815,0.0000,0.3900,True,False,False,True
HeroStrike,directional-motion,14.4915,-13.0459,-0.8600,6.0815,0.0000,0.3900,True,False,False,True
HeroStrike,directional-motion,14.4927,-13.0459,-0.8600,6.0815,0.0000,0.3900,True,False,False,True
HeroStrike,directional-motion,14.4947,-13.0459,-0.8600,6.0815,0.0000,0.3900,True,False,False,True
HeroStrike,directional-motion,14.4959,-13.0459,-0.8600,6.0815,0.0000,0.3900,True,False,False,True
HeroStrike,directional-motion,14.5389,-12.9843,-0.8600,6.0815,0.0000,0.3900,True,False,False,True
HeroStrike,directional-motion,14.5411,-12.9535,-0.8600,6.0815,0.0000,0.3900,True,False,False,True
HeroStrike,directional-motion,14.5433,-12.9535,-0.8600,6.0815,0.0000,0.3900,True,False,False,True
HeroStrike,directional-motion,14.5443,-12.9535,-0.8600,6.0815,0.0000,0.3900,True,False,False,True
HeroStrike,directional-motion,14.5451,-12.9535,-0.8600,6.0815,0.0000,0.3900,True,False,False,True
HeroStrike,directional-motion,14.5462,-12.9535,-0.8600,6.0815,0.0000,0.3900,True,False,False,True
HeroStrike,directional-motion,14.5838,-12.8919,-0.8600,6.0815,0.0000,0.3900,True,False,False,True
HeroStrike,directional-motion,14.5863,-12.8919,-0.8600,6.0815,0.0000,0.3900,True,False,False,True
HeroStrike,directional-motion,14.5874,-12.8919,-0.8600,6.0815,0.0000,0.3900,True,False,False,True
HeroStrike,directional-motion,14.5887,-12.8919,-0.8600,6.0815,0.0000,0.3900,True,False,False,True
HeroStrike,directional-motion,14.5899,-12.8919,-0.8600,6.0815,0.0000,0.3900,True,False,False,True
HeroStrike,directional-motion,14.5909,-12.8919,-0.8600,6.0815,0.0000,0.3900,True,False,False,True
HeroStrike,directional-motion,14.5917,-12.8919,-0.8600,6.0815,0.0000,0.3900,True,False,False,True
HeroStrike,directional-motion,14.5925,-12.8919,-0.8600,6.0815,0.0000,0.3900,True,False,False,True
HeroStrike,directional-motion,14.5946,-12.8919,-0.8600,6.0815,0.0000,0.3900,True,False,False,True
HeroStrike,directional-motion,14.5961,-12.8919,-0.8600,6.0815,0.0000,0.3900,True,False,False,True
HeroStrike,directional-motion,14.5973,-12.8919,-0.8600,6.0815,0.0000,0.3900,True,False,False,True
HeroStrike,directional-motion,14.6397,-12.8302,-0.8600,6.0815,0.0000,0.3900,True,False,False,True
HeroStrike,directional-motion,14.6415,-12.7994,-0.8600,6.0815,0.0000,0.3900,True,False,False,True
HeroStrike,directional-motion,14.6433,-12.7994,-0.8600,6.0815,0.0000,0.3900,True,False,False,True
HeroStrike,directional-motion,14.6448,-12.7994,-0.8600,6.0815,0.0000,0.3900,True,False,False,True
HeroStrike,directional-motion,14.6457,-12.7994,-0.8600,6.0815,0.0000,0.3900,True,False,False,True
HeroStrike,directional-motion,14.6464,-12.7994,-0.8600,6.0815,0.0000,0.3900,True,False,False,True
HeroStrike,directional-motion,14.6471,-12.7994,-0.8600,6.0815,0.0000,0.3900,True,False,False,True
HeroStrike,directional-motion,14.6477,-12.7994,-0.8600,6.0815,0.0000,0.3900,True,False,False,True
HeroStrike,directional-motion,14.6925,-12.7378,-0.8600,6.0815,0.0000,0.3900,True,False,False,True
HeroStrike,directional-motion,14.6945,-12.7378,-0.8600,6.0815,0.0000,0.3900,True,False,False,True
HeroStrike,directional-motion,14.6957,-12.7378,-0.8600,6.0815,0.0000,0.3900,True,False,False,True
HeroStrike,directional-motion,14.6967,-12.7378,-0.8600,6.0815,0.0000,0.3900,True,False,False,True
HeroStrike,directional-motion,14.6981,-12.7378,-0.8600,6.0815,0.0000,0.3900,True,False,False,True
HeroStrike,directional-motion,14.7368,-12.6761,-0.8600,6.0815,0.0000,0.3900,True,False,False,True
HeroStrike,directional-motion,14.7388,-12.6761,-0.8600,6.0815,0.0000,0.3900,True,False,False,True
HeroStrike,directional-motion,14.7404,-12.6453,-0.8600,6.0815,0.0000,0.3900,True,False,False,True
HeroStrike,directional-motion,14.7423,-12.6453,-0.8600,6.0815,0.0000,0.3900,True,False,False,True
HeroStrike,directional-motion,14.7436,-12.6453,-0.8600,6.0815,0.0000,0.3900,True,False,False,True
HeroStrike,directional-motion,14.7445,-12.6453,-0.8600,6.0815,0.0000,0.3900,True,False,False,True
HeroStrike,directional-motion,14.7455,-12.6453,-0.8600,6.0815,0.0000,0.3900,True,False,False,True
HeroStrike,directional-motion,14.7467,-12.6453,-0.8600,6.0815,0.0000,0.3900,True,False,False,True
HeroStrike,directional-motion,14.7495,-12.6453,-0.8600,6.0815,0.0000,0.3900,True,False,False,True
HeroStrike,directional-motion,14.7919,-12.5837,-0.8600,6.0815,0.0000,0.3900,True,False,False,True
HeroStrike,directional-motion,14.7939,-12.5837,-0.8600,6.0815,0.0000,0.3900,True,False,False,True
HeroStrike,directional-motion,14.7954,-12.5837,-0.8600,6.0815,0.0000,0.3900,True,False,False,True
HeroStrike,directional-motion,14.7965,-12.5837,-0.8600,6.0815,0.0000,0.3900,True,False,False,True
HeroStrike,directional-motion,14.7973,-12.5837,-0.8600,6.0815,0.0000,0.3900,True,False,False,True
HeroStrike,directional-motion,14.7982,-12.5837,-0.8600,6.0815,0.0000,0.3900,True,False,False,True
HeroStrike,directional-motion,14.7990,-12.5837,-0.8600,6.0815,0.0000,0.3900,True,False,False,True
HeroStrike,directional-motion,14.7998,-12.5837,-0.8600,6.0815,0.0000,0.3900,True,False,False,True
HeroStrike,directional-motion,14.8507,-12.4913,-0.8600,6.0815,0.0000,0.3900,True,False,False,True
HeroStrike,directional-motion,14.8934,-12.4296,-0.8600,6.0815,0.0000,0.3900,True,False,False,True
HeroStrike,directional-motion,14.8951,-12.4296,-0.8600,6.0815,0.0000,0.3900,True,False,False,True
HeroStrike,directional-motion,14.8961,-12.4296,-0.8600,6.0815,0.0000,0.3900,True,False,False,True
HeroStrike,directional-motion,14.8971,-12.4296,-0.8600,6.0815,0.0000,0.3900,True,False,False,True
HeroStrike,directional-motion,14.8985,-12.4296,-0.8600,6.0815,0.0000,0.3900,True,False,False,True
HeroStrike,directional-motion,14.8995,-12.4296,-0.8600,6.0815,0.0000,0.3900,True,False,False,True
HeroStrike,directional-motion,14.9002,-12.3988,-0.8600,6.0815,0.0000,0.3900,True,False,False,True
HeroStrike,directional-motion,14.9012,-12.3988,-0.8600,6.0815,0.0000,0.3900,True,False,False,True
HeroStrike,directional-motion,14.9032,-12.3988,-0.8600,6.0815,0.0000,0.3900,True,False,False,True
HeroStrike,directional-motion,14.9464,-12.3372,-0.8600,6.0815,0.0000,0.3900,True,False,False,True
HeroStrike,directional-motion,14.9488,-12.3372,-0.8600,6.0815,0.0000,0.3900,True,False,False,True
HeroStrike,directional-motion,14.9500,-12.3372,-0.8600,6.0815,0.0000,0.3900,True,False,False,True
HeroStrike,directional-motion,14.9511,-12.3372,-0.8600,6.0815,0.0000,0.3900,True,False,False,True
HeroStrike,directional-motion,14.9524,-12.3372,-0.8600,6.0815,0.0000,0.3900,True,False,False,True
HeroStrike,directional-motion,14.9533,-12.3372,-0.8600,6.0815,0.0000,0.3900,True,False,False,True
HeroStrike,directional-motion,14.9918,-12.2755,-0.8600,6.0815,0.0000,0.3900,True,False,False,True
HeroStrike,directional-motion,14.9946,-12.2755,-0.8600,6.0815,0.0000,0.3900,True,False,False,True
HeroStrike,directional-motion,14.9963,-12.2755,-0.8600,6.0815,0.0000,0.3900,True,False,False,True
HeroStrike,directional-motion,14.9975,-12.2755,-0.8600,6.0815,0.0000,0.3900,True,False,False,True
HeroStrike,directional-motion,14.9983,-12.2755,-0.8600,6.0815,0.0000,0.3900,True,False,False,True
HeroStrike,directional-motion,14.9990,-12.2755,-0.8600,6.0815,0.0000,0.3900,True,False,False,True
HeroStrike,directional-motion,14.9997,-12.2755,-0.8600,6.0815,0.0000,0.3900,True,False,False,True
HeroStrike,directional-motion,15.0009,-12.2447,-0.8600,6.0815,0.0000,0.3900,True,False,False,True
HeroStrike,directional-motion,15.0037,-12.2447,-0.8600,6.0815,0.0000,0.3900,True,False,False,True
HeroStrike,directional-motion,15.0457,-12.1831,-0.8600,6.0815,0.0000,0.3900,True,False,False,True
HeroStrike,directional-motion,15.0480,-12.1831,-0.8600,6.0815,0.0000,0.3900,True,False,False,True
HeroStrike,directional-motion,15.0498,-12.1831,-0.8600,6.0815,0.0000,0.3900,True,False,False,True
HeroStrike,directional-motion,15.0512,-12.1831,-0.8600,6.0815,0.0000,0.3900,True,False,False,True
HeroStrike,directional-motion,15.0522,-12.1831,-0.8600,6.0815,0.0000,0.3900,True,False,False,True
HeroStrike,directional-motion,15.0531,-12.1831,-0.8600,6.0815,0.0000,0.3900,True,False,False,True
HeroStrike,directional-motion,15.0539,-12.1831,-0.8600,6.0815,0.0000,0.3900,True,False,False,True
HeroStrike,directional-motion,15.0994,-12.1215,-0.8600,6.0815,0.0000,0.3900,True,False,False,True
HeroStrike,directional-motion,15.1013,-12.0907,-0.8600,6.0815,0.0000,0.3900,True,False,False,True
HeroStrike,directional-motion,15.1027,-12.0907,-0.8600,6.0815,0.0000,0.3900,True,False,False,True
HeroStrike,directional-motion,15.1040,-12.0907,-0.8600,6.0815,0.0000,0.3900,True,False,False,True
HeroStrike,directional-motion,15.1430,-12.0290,-0.8600,6.0815,0.0000,0.3900,True,False,False,True
HeroStrike,directional-motion,15.1448,-12.0290,-0.8600,6.0815,0.0000,0.3900,True,False,False,True
HeroStrike,directional-motion,15.1463,-12.0290,-0.8600,6.0815,0.0000,0.3900,True,False,False,True
HeroStrike,directional-motion,15.1476,-12.0290,-0.8600,6.0815,0.0000,0.3900,True,False,False,True
HeroStrike,directional-motion,15.1489,-12.0290,-0.8600,6.0815,0.0000,0.3900,True,False,False,True
HeroStrike,directional-motion,15.1497,-12.0290,-0.8600,6.0815,0.0000,0.3900,True,False,False,True
HeroStrike,directional-motion,15.1504,-12.0290,-0.8600,6.0815,0.0000,0.3900,True,False,False,True
HeroStrike,directional-motion,15.1511,-12.0290,-0.8600,6.0815,0.0000,0.3900,True,False,False,True
HeroStrike,directional-motion,15.1533,-12.0290,-0.8600,6.0815,0.0000,0.3900,True,False,False,True
HeroStrike,directional-motion,15.1545,-12.0290,-0.8600,6.0815,0.0000,0.3900,True,False,False,True
HeroStrike,directional-motion,15.1983,-11.9674,-0.8600,6.0815,0.0000,0.3900,True,False,False,True
HeroStrike,directional-motion,15.2011,-11.9366,-0.8600,6.0815,0.0000,0.3900,True,False,False,True
HeroStrike,directional-motion,15.2030,-11.9366,-0.8600,6.0815,0.0000,0.3900,True,False,False,True
HeroStrike,directional-motion,15.2040,-11.9366,-0.8600,6.0815,0.0000,0.3900,True,False,False,True
HeroStrike,directional-motion,15.2047,-11.9366,-0.8600,6.0815,0.0000,0.3900,True,False,False,True
HeroStrike,directional-motion,15.2459,-11.8749,-0.8600,6.0815,0.0000,0.3900,True,False,False,True
HeroStrike,directional-motion,15.2477,-11.8749,-0.8600,6.0815,0.0000,0.3900,True,False,False,True
HeroStrike,directional-motion,15.2494,-11.8749,-0.8600,6.0815,0.0000,0.3900,True,False,False,True
HeroStrike,directional-motion,15.2509,-11.8749,-0.8600,6.0815,0.0000,0.3900,True,False,False,True
HeroStrike,directional-motion,15.2523,-11.8749,-0.8600,6.0815,0.0000,0.3900,True,False,False,True
HeroStrike,directional-motion,15.2532,-11.8749,-0.8600,6.0815,0.0000,0.3900,True,False,False,True
HeroStrike,directional-motion,15.2539,-11.8749,-0.8600,6.0815,0.0000,0.3900,True,False,False,True
HeroStrike,directional-motion,15.2549,-11.8749,-0.8600,6.0815,0.0000,0.3900,True,False,False,True
HeroStrike,directional-motion,15.3007,-11.7825,-0.8600,6.0815,0.0000,0.3900,True,False,False,True
HeroStrike,directional-motion,15.3028,-11.7825,-0.8600,6.0815,0.0000,0.3900,True,False,False,True
HeroStrike,directional-motion,15.3043,-11.7825,-0.8600,6.0815,0.0000,0.3900,True,False,False,True
HeroStrike,directional-motion,15.3054,-11.7825,-0.8600,6.0815,0.0000,0.3900,True,False,False,True
HeroStrike,directional-motion,15.3436,-11.7209,-0.8600,6.0815,0.0000,0.3900,True,False,False,True
HeroStrike,directional-motion,15.3457,-11.7209,-0.8600,6.0815,0.0000,0.3900,True,False,False,True
HeroStrike,directional-motion,15.3472,-11.7209,-0.8600,6.0815,0.0000,0.3900,True,False,False,True
HeroStrike,directional-motion,15.3483,-11.7209,-0.8600,6.0815,0.0000,0.3900,True,False,False,True
HeroStrike,directional-motion,15.3492,-11.7209,-0.8600,6.0815,0.0000,0.3900,True,False,False,True
HeroStrike,directional-motion,15.3500,-11.7209,-0.8600,6.0815,0.0000,0.3900,True,False,False,True
HeroStrike,directional-motion,15.3506,-11.7209,-0.8600,6.0815,0.0000,0.3900,True,False,False,True
HeroStrike,directional-motion,15.3514,-11.7209,-0.8600,6.0815,0.0000,0.3900,True,False,False,True
HeroStrike,directional-motion,15.3536,-11.7209,-0.8600,6.0815,0.0000,0.3900,True,False,False,True
HeroStrike,directional-motion,15.3546,-11.7209,-0.8600,6.0815,0.0000,0.3900,True,False,False,True
HeroStrike,directional-motion,15.3555,-11.7209,-0.8600,6.0815,0.0000,0.3900,True,False,False,True
HeroStrike,directional-motion,15.3562,-11.7209,-0.8600,6.0815,0.0000,0.3900,True,False,False,True
HeroStrike,directional-motion,15.3995,-11.6592,-0.8600,6.0815,0.0000,0.3900,True,False,False,True
HeroStrike,directional-motion,15.4018,-11.6284,-0.8600,6.0815,0.0000,0.3900,True,False,False,True
HeroStrike,directional-motion,15.4034,-11.6284,-0.8600,6.0815,0.0000,0.3900,True,False,False,True
HeroStrike,directional-motion,15.4046,-11.6284,-0.8600,6.0815,0.0000,0.3900,True,False,False,True
HeroStrike,directional-motion,15.4062,-11.6284,-0.8600,6.0815,0.0000,0.3900,True,False,False,True
HeroStrike,directional-motion,15.4452,-11.6284,-0.8600,6.0199,0.0000,0.3900,True,False,False,True
HeroStrike,directional-motion,15.4472,-11.6284,-0.8600,6.0199,0.0000,0.3900,True,False,False,True
HeroStrike,directional-motion,15.4486,-11.6284,-0.8600,6.0199,0.0000,0.3900,True,False,False,True
HeroStrike,directional-motion,15.4499,-11.6284,-0.8600,6.0199,0.0000,0.3900,True,False,False,True
HeroStrike,directional-motion,15.4511,-11.6284,-0.8600,6.0199,0.0000,0.3900,True,False,False,True
HeroStrike,directional-motion,15.4521,-11.6284,-0.8600,6.0199,0.0000,0.3900,True,False,False,True
HeroStrike,directional-motion,15.4528,-11.6284,-0.8600,6.0199,0.0000,0.3900,True,False,False,True
HeroStrike,directional-motion,15.4535,-11.6284,-0.8600,6.0199,0.0000,0.3900,True,False,False,True
HeroStrike,directional-motion,15.4556,-11.6284,-0.8600,6.0199,0.0000,0.3900,True,False,False,True
HeroStrike,directional-motion,15.4570,-11.6284,-0.8600,6.0199,0.0000,0.3900,True,False,False,True
HeroStrike,directional-motion,15.4995,-11.6284,-0.8600,5.9583,0.0000,0.3900,True,False,False,True
HeroStrike,directional-motion,15.5016,-11.6284,-0.8600,5.9275,0.0000,0.3900,True,False,False,True
HeroStrike,directional-motion,15.5033,-11.6284,-0.8600,5.9275,0.0000,0.3900,True,False,False,True
HeroStrike,directional-motion,15.5049,-11.6284,-0.8600,5.9275,0.0000,0.3900,True,False,False,True
HeroStrike,directional-motion,15.5062,-11.6284,-0.8600,5.9275,0.0000,0.3900,True,False,False,True
HeroStrike,directional-motion,15.5071,-11.6284,-0.8600,5.9275,0.0000,0.3900,True,False,False,True
HeroStrike,directional-motion,15.5078,-11.6284,-0.8600,5.9275,0.0000,0.3900,True,False,False,True
HeroStrike,directional-motion,15.5554,-11.6284,-0.8600,5.8658,0.0000,0.3900,True,False,False,True
HeroStrike,directional-motion,15.5575,-11.6284,-0.8600,5.8658,0.0000,0.3900,True,False,False,True
HeroStrike,directional-motion,15.5590,-11.6284,-0.8600,5.8658,0.0000,0.3900,True,False,False,True
HeroStrike,directional-motion,15.5984,-11.6284,-0.8600,5.8042,0.0000,0.3900,True,False,False,True
HeroStrike,directional-motion,15.6005,-11.6284,-0.8600,5.7734,0.0000,0.3900,True,False,False,True
HeroStrike,directional-motion,15.6024,-11.6284,-0.8600,5.7734,0.0000,0.3900,True,False,False,True
HeroStrike,directional-motion,15.6035,-11.6284,-0.8600,5.7734,0.0000,0.3900,True,False,False,True
HeroStrike,directional-motion,15.6043,-11.6284,-0.8600,5.7734,0.0000,0.3900,True,False,False,True
HeroStrike,directional-motion,15.6049,-11.6284,-0.8600,5.7734,0.0000,0.3900,True,False,False,True
HeroStrike,directional-motion,15.6054,-11.6284,-0.8600,5.7734,0.0000,0.3900,True,False,False,True
HeroStrike,directional-motion,15.6065,-11.6284,-0.8600,5.7734,0.0000,0.3900,True,False,False,True
HeroStrike,directional-motion,15.6088,-11.6284,-0.8600,5.7734,0.0000,0.3900,True,False,False,True
HeroStrike,directional-motion,15.6097,-11.6284,-0.8600,5.7734,0.0000,0.3900,True,False,False,True
HeroStrike,directional-motion,15.6678,-11.6284,-0.8600,5.6809,0.0000,0.3900,True,False,False,True
HeroStrike,directional-motion,15.7194,-11.6284,-0.8600,5.6193,0.0000,0.3900,True,False,False,True
HeroStrike,directional-motion,15.7730,-11.6284,-0.8600,5.5269,0.0000,0.3900,True,False,False,True
HeroStrike,directional-motion,15.8198,-11.6284,-0.8600,5.4652,0.0000,0.3900,True,False,False,True
HeroStrike,directional-motion,15.8217,-11.6284,-0.8600,5.4344,0.0000,0.3900,True,False,False,True
HeroStrike,directional-motion,15.8231,-11.6284,-0.8600,5.4344,0.0000,0.3900,True,False,False,True
HeroStrike,directional-motion,15.8244,-11.6284,-0.8600,5.4344,0.0000,0.3900,True,False,False,True
HeroStrike,directional-motion,15.8646,-11.6284,-0.8600,5.3728,0.0000,0.3900,True,False,False,True
HeroStrike,directional-motion,15.8669,-11.6284,-0.8600,5.3728,0.0000,0.3900,True,False,False,True
HeroStrike,directional-motion,15.8685,-11.6284,-0.8600,5.3728,0.0000,0.3900,True,False,False,True
HeroStrike,directional-motion,15.8695,-11.6284,-0.8600,5.3728,0.0000,0.3900,True,False,False,True
HeroStrike,directional-motion,15.8704,-11.6284,-0.8600,5.3728,0.0000,0.3900,True,False,False,True
HeroStrike,directional-motion,15.8710,-11.6284,-0.8600,5.3728,0.0000,0.3900,True,False,False,True
HeroStrike,directional-motion,15.8717,-11.6284,-0.8600,5.3728,0.0000,0.3900,True,False,False,True
HeroStrike,directional-motion,15.8724,-11.6284,-0.8600,5.3728,0.0000,0.3900,True,False,False,True
HeroStrike,directional-motion,15.8750,-11.6284,-0.8600,5.3728,0.0000,0.3900,True,False,False,True
HeroStrike,directional-motion,15.9183,-11.6284,-0.8600,5.3112,0.0000,0.3900,True,False,False,True
HeroStrike,directional-motion,15.9205,-11.6284,-0.8600,5.2803,0.0000,0.3900,True,False,False,True
HeroStrike,directional-motion,15.9224,-11.6284,-0.8600,5.2803,0.0000,0.3900,True,False,False,True
HeroStrike,directional-motion,15.9237,-11.6284,-0.8600,5.2803,0.0000,0.3900,True,False,False,True
HeroStrike,directional-motion,15.9246,-11.6284,-0.8600,5.2803,0.0000,0.3900,True,False,False,True
HeroStrike,directional-motion,15.9253,-11.6284,-0.8600,5.2803,0.0000,0.3900,True,False,False,True
HeroStrike,directional-motion,15.9259,-11.6284,-0.8600,5.2803,0.0000,0.3900,True,False,False,True
HeroStrike,directional-motion,15.9756,-11.6284,-0.8600,5.2187,0.0000,0.3900,True,False,False,True
HeroStrike,directional-motion,16.0174,-11.6284,-0.8600,5.1571,0.0000,0.3900,True,False,False,True
HeroStrike,directional-motion,16.0201,-11.6284,-0.8600,5.1263,0.0000,0.3900,True,False,False,True
HeroStrike,directional-motion,16.0219,-11.6284,-0.8600,5.1263,0.0000,0.3900,True,False,False,True
HeroStrike,directional-motion,16.0231,-11.6284,-0.8600,5.1263,0.0000,0.3900,True,False,False,True
HeroStrike,directional-motion,16.0247,-11.6284,-0.8600,5.1263,0.0000,0.3900,True,False,False,True
HeroStrike,directional-motion,16.0263,-11.6284,-0.8600,5.1263,0.0000,0.3900,True,False,False,True
HeroStrike,directional-motion,16.0275,-11.6284,-0.8600,5.1263,0.0000,0.3900,True,False,False,True
HeroStrike,directional-motion,16.0765,-11.6284,-0.8600,5.0646,0.0000,0.3900,True,False,False,True
HeroStrike,directional-motion,16.0787,-11.6284,-0.8600,5.0646,0.0000,0.3900,True,False,False,True
HeroStrike,directional-motion,16.1205,-11.6284,-0.8600,4.9722,0.0000,0.3900,True,False,False,True
HeroStrike,directional-motion,16.1232,-11.6284,-0.8600,4.9722,0.0000,0.3900,True,False,False,True
HeroStrike,directional-motion,16.1252,-11.6284,-0.8600,4.9722,0.0000,0.3900,True,False,False,True
HeroStrike,directional-motion,16.1263,-11.6284,-0.8600,4.9722,0.0000,0.3900,True,False,False,True
HeroStrike,directional-motion,16.1278,-11.6284,-0.8600,4.9722,0.0000,0.3900,True,False,False,True
HeroStrike,directional-motion,16.1292,-11.6284,-0.8600,4.9722,0.0000,0.3900,True,False,False,True
HeroStrike,directional-motion,16.1729,-11.6284,-0.8600,4.9106,0.0000,0.3900,True,False,False,True
HeroStrike,directional-motion,16.1753,-11.6284,-0.8600,4.9106,0.0000,0.3900,True,False,False,True
HeroStrike,directional-motion,16.1770,-11.6284,-0.8600,4.9106,0.0000,0.3900,True,False,False,True
HeroStrike,directional-motion,16.1792,-11.6284,-0.8600,4.9106,0.0000,0.3900,True,False,False,True
HeroStrike,directional-motion,16.1804,-11.6284,-0.8600,4.8797,0.0000,0.3900,True,False,False,True
HeroStrike,directional-motion,16.2215,-11.6284,-0.8600,4.8181,0.0000,0.3900,True,False,False,True
HeroStrike,directional-motion,16.2235,-11.6284,-0.8600,4.8181,0.0000,0.3900,True,False,False,True
HeroStrike,directional-motion,16.2248,-11.6284,-0.8600,4.8181,0.0000,0.3900,True,False,False,True
HeroStrike,directional-motion,16.2264,-11.6284,-0.8600,4.8181,0.0000,0.3900,True,False,False,True
HeroStrike,directional-motion,16.2274,-11.6284,-0.8600,4.8181,0.0000,0.3900,True,False,False,True
HeroStrike,directional-motion,16.2282,-11.6284,-0.8600,4.8181,0.0000,0.3900,True,False,False,True
HeroStrike,directional-motion,16.2288,-11.6284,-0.8600,4.8181,0.0000,0.3900,True,False,False,True
HeroStrike,directional-motion,16.2294,-11.6284,-0.8600,4.8181,0.0000,0.3900,True,False,False,True
HeroStrike,directional-motion,16.2316,-11.6284,-0.8600,4.8181,0.0000,0.3900,True,False,False,True
HeroStrike,directional-motion,16.2757,-11.6284,-0.8600,4.7565,0.0000,0.3900,True,False,False,True
HeroStrike,directional-motion,16.2775,-11.6284,-0.8600,4.7565,0.0000,0.3900,True,False,False,True
HeroStrike,directional-motion,16.2788,-11.6284,-0.8600,4.7565,0.0000,0.3900,True,False,False,True
HeroStrike,directional-motion,16.2804,-11.6284,-0.8600,4.7257,0.0000,0.3900,True,False,False,True
HeroStrike,directional-motion,16.2824,-11.6284,-0.8600,4.7257,0.0000,0.3900,True,False,False,True
HeroStrike,directional-motion,16.3230,-11.6284,-0.8600,4.6640,0.0000,0.3900,True,False,False,True
HeroStrike,directional-motion,16.3256,-11.6284,-0.8600,4.6640,0.0000,0.3900,True,False,False,True
HeroStrike,directional-motion,16.3270,-11.6284,-0.8600,4.6640,0.0000,0.3900,True,False,False,True
HeroStrike,directional-motion,16.3285,-11.6284,-0.8600,4.6640,0.0000,0.3900,True,False,False,True
HeroStrike,directional-motion,16.3300,-11.6284,-0.8600,4.6640,0.0000,0.3900,True,False,False,True
HeroStrike,directional-motion,16.3310,-11.6284,-0.8600,4.6640,0.0000,0.3900,True,False,False,True
HeroStrike,directional-motion,16.3317,-11.6284,-0.8600,4.6640,0.0000,0.3900,True,False,False,True
HeroStrike,directional-motion,16.3323,-11.6284,-0.8600,4.6640,0.0000,0.3900,True,False,False,True
HeroStrike,directional-motion,16.3343,-11.6284,-0.8600,4.6640,0.0000,0.3900,True,False,False,True
HeroStrike,directional-motion,16.3778,-11.6284,-0.8600,4.6024,0.0000,0.3900,True,False,False,True
HeroStrike,directional-motion,16.3807,-11.6284,-0.8600,4.5716,0.0000,0.3900,True,False,False,True
HeroStrike,directional-motion,16.3827,-11.6284,-0.8600,4.5716,0.0000,0.3900,True,False,False,True
HeroStrike,directional-motion,16.3841,-11.6284,-0.8600,4.5716,0.0000,0.3900,True,False,False,True
HeroStrike,directional-motion,16.3853,-11.6284,-0.8600,4.5716,0.0000,0.3900,True,False,False,True
HeroStrike,directional-motion,16.4246,-11.6284,-0.8600,4.5100,0.0000,0.3900,True,False,False,True
HeroStrike,directional-motion,16.4276,-11.6284,-0.8600,4.5100,0.0000,0.3900,True,False,False,True
HeroStrike,directional-motion,16.4288,-11.6284,-0.8600,4.5100,0.0000,0.3900,True,False,False,True
HeroStrike,directional-motion,16.4297,-11.6284,-0.8600,4.5100,0.0000,0.3900,True,False,False,True
HeroStrike,directional-motion,16.4309,-11.6284,-0.8600,4.5100,0.0000,0.3900,True,False,False,True
HeroStrike,directional-motion,16.4320,-11.6284,-0.8600,4.5100,0.0000,0.3900,True,False,False,True
HeroStrike,directional-motion,16.4329,-11.6284,-0.8600,4.5100,0.0000,0.3900,True,False,False,True
HeroStrike,directional-motion,16.4335,-11.6284,-0.8600,4.5100,0.0000,0.3900,True,False,False,True
HeroStrike,directional-motion,16.4350,-11.6284,-0.8600,4.5100,0.0000,0.3900,True,False,False,True
HeroStrike,directional-motion,16.4357,-11.6284,-0.8600,4.5100,0.0000,0.3900,True,False,False,True
HeroStrike,directional-motion,16.4776,-11.6284,-0.8600,4.4483,0.0000,0.3900,True,False,False,True
HeroStrike,directional-motion,16.4800,-11.6284,-0.8600,4.4483,0.0000,0.3900,True,False,False,True
HeroStrike,directional-motion,16.4811,-11.6284,-0.8600,4.4175,0.0000,0.3900,True,False,False,True
HeroStrike,directional-motion,16.4827,-11.6284,-0.8600,4.4175,0.0000,0.3900,True,False,False,True
HeroStrike,directional-motion,16.4836,-11.6284,-0.8600,4.4175,0.0000,0.3900,True,False,False,True
HeroStrike,directional-motion,16.4844,-11.6284,-0.8600,4.4175,0.0000,0.3900,True,False,False,True
HeroStrike,directional-motion,16.4856,-11.6284,-0.8600,4.4175,0.0000,0.3900,True,False,False,True
HeroStrike,directional-motion,16.5365,-11.6284,-0.8600,4.3559,0.0000,0.3900,True,False,False,True
HeroStrike,directional-motion,16.5783,-11.6284,-0.8600,4.2942,0.0000,0.3900,True,False,False,True
HeroStrike,directional-motion,16.5804,-11.6284,-0.8600,4.2634,0.0000,0.3900,True,False,False,True
HeroStrike,directional-motion,16.5820,-11.6284,-0.8600,4.2634,0.0000,0.3900,True,False,False,True
HeroStrike,directional-motion,16.5834,-11.6284,-0.8600,4.2634,0.0000,0.3900,True,False,False,True
HeroStrike,directional-motion,16.5850,-11.6284,-0.8600,4.2634,0.0000,0.3900,True,False,False,True
HeroStrike,directional-motion,16.5859,-11.6284,-0.8600,4.2634,0.0000,0.3900,True,False,False,True
HeroStrike,directional-motion,16.5867,-11.6284,-0.8600,4.2634,0.0000,0.3900,True,False,False,True
HeroStrike,directional-motion,16.5874,-11.6284,-0.8600,4.2634,0.0000,0.3900,True,False,False,True
HeroStrike,directional-motion,16.6326,-11.6284,-0.8600,4.2018,0.0000,0.3900,True,False,False,True
HeroStrike,directional-motion,16.6350,-11.6284,-0.8600,4.2018,0.0000,0.3900,True,False,False,True
HeroStrike,directional-motion,16.6361,-11.6284,-0.8600,4.2018,0.0000,0.3900,True,False,False,True
HeroStrike,directional-motion,16.6374,-11.6284,-0.8600,4.2018,0.0000,0.3900,True,False,False,True
HeroStrike,directional-motion,16.6794,-11.6284,-0.8600,4.1402,0.0000,0.3900,True,False,False,True
HeroStrike,directional-motion,16.6818,-11.6284,-0.8600,4.1094,0.0000,0.3900,True,False,False,True
HeroStrike,directional-motion,16.6832,-11.6284,-0.8600,4.1094,0.0000,0.3900,True,False,False,True
HeroStrike,directional-motion,16.6840,-11.6284,-0.8600,4.1094,0.0000,0.3900,True,False,False,True
HeroStrike,directional-motion,16.6852,-11.6284,-0.8600,4.1094,0.0000,0.3900,True,False,False,True
HeroStrike,directional-motion,16.6864,-11.6284,-0.8600,4.1094,0.0000,0.3900,True,False,False,True
HeroStrike,directional-motion,16.6872,-11.6284,-0.8600,4.1094,0.0000,0.3900,True,False,False,True
HeroStrike,directional-motion,16.6879,-11.6284,-0.8600,4.1094,0.0000,0.3900,True,False,False,True
HeroStrike,directional-motion,16.7331,-11.6284,-0.8600,4.0477,0.0000,0.3900,True,False,False,True
HeroStrike,directional-motion,16.7358,-11.6284,-0.8600,4.0477,0.0000,0.3900,True,False,False,True
HeroStrike,directional-motion,16.7370,-11.6284,-0.8600,4.0477,0.0000,0.3900,True,False,False,True
HeroStrike,directional-motion,16.7381,-11.6284,-0.8600,4.0477,0.0000,0.3900,True,False,False,True
HeroStrike,directional-motion,16.7778,-11.6284,-0.8600,3.9861,0.0000,0.3900,True,False,False,True
HeroStrike,directional-motion,16.7799,-11.6284,-0.8600,3.9861,0.0000,0.3900,True,False,False,True
HeroStrike,directional-motion,16.7814,-11.6284,-0.8600,3.9553,0.0000,0.3900,True,False,False,True
HeroStrike,directional-motion,16.7834,-11.6284,-0.8600,3.9553,0.0000,0.3900,True,False,False,True
HeroStrike,directional-motion,16.7852,-11.6284,-0.8600,3.9553,0.0000,0.3900,True,False,False,True
HeroStrike,directional-motion,16.7864,-11.6284,-0.8600,3.9553,0.0000,0.3900,True,False,False,True
HeroStrike,directional-motion,16.7872,-11.6284,-0.8600,3.9553,0.0000,0.3900,True,False,False,True
HeroStrike,directional-motion,16.7883,-11.6284,-0.8600,3.9553,0.0000,0.3900,True,False,False,True
HeroStrike,directional-motion,16.8346,-11.6284,-0.8600,3.8936,0.0000,0.3900,True,False,False,True
HeroStrike,directional-motion,16.8367,-11.6284,-0.8600,3.8936,0.0000,0.3900,True,False,False,True
HeroStrike,directional-motion,16.8385,-11.6284,-0.8600,3.8936,0.0000,0.3900,True,False,False,True
HeroStrike,directional-motion,16.8782,-11.6284,-0.8600,3.8320,0.0000,0.3900,True,False,False,True
HeroStrike,directional-motion,16.8806,-11.6284,-0.8600,3.8012,0.0000,0.3900,True,False,False,True
HeroStrike,directional-motion,16.8826,-11.6284,-0.8600,3.8012,0.0000,0.3900,True,False,False,True
HeroStrike,directional-motion,16.8837,-11.6284,-0.8600,3.8012,0.0000,0.3900,True,False,False,True
HeroStrike,directional-motion,16.8849,-11.6284,-0.8600,3.8012,0.0000,0.3900,True,False,False,True
HeroStrike,directional-motion,16.8861,-11.6284,-0.8600,3.8012,0.0000,0.3900,True,False,False,True
HeroStrike,directional-motion,16.8876,-11.6284,-0.8600,3.8012,0.0000,0.3900,True,False,False,True
HeroStrike,directional-motion,16.8887,-11.6284,-0.8600,3.8012,0.0000,0.3900,True,False,False,True
HeroStrike,directional-motion,16.8910,-11.6284,-0.8600,3.8012,0.0000,0.3900,True,False,False,True
HeroStrike,directional-motion,16.9330,-11.6284,-0.8600,3.8012,0.0000,0.3900,True,False,False,True
HeroStrike,directional-motion,16.9357,-11.6284,-0.8600,3.8012,0.0000,0.3900,True,False,False,True
HeroStrike,directional-motion,16.9367,-11.6284,-0.8600,3.8012,0.0000,0.3900,True,False,False,True
HeroStrike,directional-motion,16.9377,-11.6284,-0.8600,3.8012,0.0000,0.3900,True,False,False,True
HeroStrike,directional-motion,16.9385,-11.6284,-0.8600,3.8012,0.0000,0.3900,True,False,False,True
HeroStrike,directional-motion,16.9397,-11.6284,-0.8600,3.8012,0.0000,0.3900,True,False,False,True
HeroStrike,directional-motion,16.9408,-11.6284,-0.8600,3.8012,0.0000,0.3900,True,False,False,True
HeroStrike,directional-motion,16.9881,-11.6284,-0.8600,3.8012,0.0000,0.3900,True,False,False,True
HeroStrike,directional-motion,16.9919,-11.6284,-0.8600,3.8012,0.0000,0.3900,True,False,False,True
HeroStrike,directional-motion,17.0340,-11.6284,-0.8600,3.8012,0.0000,0.3900,True,False,False,True
HeroStrike,directional-motion,17.0366,-11.6284,-0.8600,3.8012,0.0000,0.3900,True,False,False,True
HeroStrike,directional-motion,17.0383,-11.6284,-0.8600,3.8012,0.0000,0.3900,True,False,False,True
HeroStrike,directional-motion,17.0397,-11.6284,-0.8600,3.8012,0.0000,0.3900,True,False,False,True
HeroStrike,directional-motion,17.0408,-11.6284,-0.8600,3.8012,0.0000,0.3900,True,False,False,True
HeroStrike,directional-motion,17.0423,-11.6284,-0.8600,3.8012,0.0000,0.3900,True,False,False,True
HeroStrike,directional-motion,17.0830,-11.6284,-0.8600,3.8012,0.0000,0.3900,True,False,False,True
HeroStrike,directional-motion,17.0851,-11.6284,-0.8600,3.8012,0.0000,0.3900,True,False,False,True
HeroStrike,directional-motion,17.0868,-11.6284,-0.8600,3.8012,0.0000,0.3900,True,False,False,True
HeroStrike,directional-motion,17.0883,-11.6284,-0.8600,3.8012,0.0000,0.3900,True,False,False,True
HeroStrike,directional-motion,17.0896,-11.6284,-0.8600,3.8012,0.0000,0.3900,True,False,False,True
HeroStrike,directional-motion,17.0910,-11.6284,-0.8600,3.8012,0.0000,0.3900,True,False,False,True
HeroStrike,directional-motion,17.0926,-11.6284,-0.8600,3.8012,0.0000,0.3900,True,False,False,True
HeroStrike,directional-motion,17.1403,-11.6284,-0.8600,3.8012,0.0000,0.3900,True,False,False,True
HeroStrike,directional-motion,17.1426,-11.6284,-0.8600,3.8012,0.0000,0.3900,True,False,False,True
HeroStrike,directional-motion,17.1438,-11.6284,-0.8600,3.8012,0.0000,0.3900,True,False,False,True
HeroStrike,directional-motion,17.1840,-11.6284,-0.8600,3.8012,0.0000,0.3900,True,False,False,True
HeroStrike,directional-motion,17.1860,-11.6284,-0.8600,3.8012,0.0000,0.3900,True,False,False,True
HeroStrike,directional-motion,17.1874,-11.6284,-0.8600,3.8012,0.0000,0.3900,True,False,False,True
HeroStrike,directional-motion,17.1889,-11.6284,-0.8600,3.8012,0.0000,0.3900,True,False,False,True
HeroStrike,directional-motion,17.1903,-11.6284,-0.8600,3.8012,0.0000,0.3900,True,False,False,True
HeroStrike,directional-motion,17.1915,-11.6284,-0.8600,3.8012,0.0000,0.3900,True,False,False,True
HeroStrike,directional-motion,17.1925,-11.6284,-0.8600,3.8012,0.0000,0.3900,True,False,False,True
HeroStrike,directional-motion,17.1935,-11.6284,-0.8600,3.8012,0.0000,0.3900,True,False,False,True
HeroStrike,directional-motion,17.1958,-11.6284,-0.8600,3.8012,0.0000,0.3900,True,False,False,True
HeroStrike,directional-motion,17.2401,-11.6284,-0.8600,3.8012,0.0000,0.3900,True,False,False,True
HeroStrike,directional-motion,17.2436,-11.6284,-0.8600,3.8012,0.0000,0.3900,True,False,False,True
HeroStrike,directional-motion,17.2453,-11.6284,-0.8600,3.8012,0.0000,0.3900,True,False,False,True
HeroStrike,directional-motion,17.2463,-11.6284,-0.8600,3.8012,0.0000,0.3900,True,False,False,True
HeroStrike,directional-motion,17.2854,-11.6284,-0.8600,3.8012,0.0000,0.3900,True,False,False,True
HeroStrike,directional-motion,17.2881,-11.6284,-0.8600,3.8012,0.0000,0.3900,True,False,False,True
HeroStrike,directional-motion,17.2896,-11.6284,-0.8600,3.8012,0.0000,0.3900,True,False,False,True
HeroStrike,directional-motion,17.2908,-11.6284,-0.8600,3.8012,0.0000,0.3900,True,False,False,True
HeroStrike,directional-motion,17.2921,-11.6284,-0.8600,3.8012,0.0000,0.3900,True,False,False,True
HeroStrike,directional-motion,17.2934,-11.6284,-0.8600,3.8012,0.0000,0.3900,True,False,False,True
HeroStrike,directional-motion,17.2943,-11.6284,-0.8600,3.8012,0.0000,0.3900,True,False,False,True
HeroStrike,directional-motion,17.2950,-11.6284,-0.8600,3.8012,0.0000,0.3900,True,False,False,True
HeroStrike,directional-motion,17.2969,-11.6284,-0.8600,3.8012,0.0000,0.3900,True,False,False,True
HeroStrike,directional-motion,17.3402,-11.6284,-0.8600,3.8012,0.0000,0.3900,True,False,False,True
HeroStrike,directional-motion,17.3426,-11.6284,-0.8600,3.8012,0.0000,0.3900,True,False,False,True
HeroStrike,directional-motion,17.3435,-11.6284,-0.8600,3.8012,0.0000,0.3900,True,False,False,True
HeroStrike,directional-motion,17.3443,-11.6284,-0.8600,3.8012,0.0000,0.3900,True,False,False,True
HeroStrike,directional-motion,17.3453,-11.6284,-0.8600,3.8012,0.0000,0.3900,True,False,False,True
HeroStrike,directional-motion,17.3465,-11.6284,-0.8600,3.8012,0.0000,0.3900,True,False,False,True
HeroStrike,directional-motion,17.3475,-11.6284,-0.8600,3.8012,0.0000,0.3900,True,False,False,True
HeroStrike,directional-motion,17.3925,-11.6284,-0.8600,3.8012,0.0000,0.3900,True,False,False,True
HeroStrike,directional-motion,17.3955,-11.6284,-0.8600,3.8012,0.0000,0.3900,True,False,False,True
HeroStrike,directional-motion,17.3966,-11.6284,-0.8600,3.8012,0.0000,0.3900,True,False,False,True
HeroStrike,directional-motion,17.3974,-11.6284,-0.8600,3.8012,0.0000,0.3900,True,False,False,True
HeroStrike,directional-motion,17.3981,-11.6284,-0.8600,3.8012,0.0000,0.3900,True,False,False,True
HeroStrike,directional-motion,17.4385,-11.6284,-0.8600,3.8012,0.0000,0.3900,True,False,False,True
HeroStrike,directional-motion,17.4404,-11.6284,-0.8600,3.8012,0.0000,0.3900,True,False,False,True
HeroStrike,directional-motion,17.4420,-11.6284,-0.8600,3.8012,0.0000,0.3900,True,False,False,True
HeroStrike,directional-motion,17.4434,-11.6284,-0.8600,3.8012,0.0000,0.3900,True,False,False,True
HeroStrike,directional-motion,17.4444,-11.6284,-0.8600,3.8012,0.0000,0.3900,True,False,False,True
HeroStrike,directional-motion,17.4453,-11.6284,-0.8600,3.8012,0.0000,0.3900,True,False,False,True
HeroStrike,directional-motion,17.4462,-11.6284,-0.8600,3.8012,0.0000,0.3900,True,False,False,True
HeroStrike,directional-motion,17.4470,-11.6284,-0.8600,3.8012,0.0000,0.3900,True,False,False,True
HeroStrike,directional-motion,17.4496,-11.6284,-0.8600,3.8012,0.0000,0.3900,True,False,False,True
HeroStrike,directional-motion,17.4940,-11.6284,-0.8600,3.8012,0.0000,0.3900,True,False,False,True
HeroStrike,directional-motion,17.4967,-11.6284,-0.8600,3.8012,0.0000,0.3900,True,False,False,True
HeroStrike,directional-motion,17.4982,-11.6284,-0.8600,3.8012,0.0000,0.3900,True,False,False,True
HeroStrike,directional-motion,17.4997,-11.6284,-0.8600,3.8012,0.0000,0.3900,True,False,False,True
HeroStrike,directional-motion,17.5007,-11.6284,-0.8600,3.8012,0.0000,0.3900,True,False,False,True
HeroStrike,directional-motion,17.5400,-11.6284,-0.8600,3.8012,0.0000,0.3900,True,False,False,True
HeroStrike,directional-motion,17.5423,-11.6284,-0.8600,3.8012,0.0000,0.3900,True,False,False,True
HeroStrike,directional-motion,17.5437,-11.6284,-0.8600,3.8012,0.0000,0.3900,True,False,False,True
HeroStrike,directional-motion,17.5446,-11.6284,-0.8600,3.8012,0.0000,0.3900,True,False,False,True
HeroStrike,directional-motion,17.5458,-11.6284,-0.8600,3.8012,0.0000,0.3900,True,False,False,True
HeroStrike,directional-motion,17.5470,-11.6284,-0.8600,3.8012,0.0000,0.3900,True,False,False,True
HeroStrike,directional-motion,17.5481,-11.6284,-0.8600,3.8012,0.0000,0.3900,True,False,False,True
HeroStrike,directional-motion,17.5488,-11.6284,-0.8600,3.8012,0.0000,0.3900,True,False,False,True
HeroStrike,directional-motion,17.5509,-11.6284,-0.8600,3.8012,0.0000,0.3900,True,False,False,True
HeroStrike,directional-motion,17.5521,-11.6284,-0.8600,3.8012,0.0000,0.3900,True,False,False,True
HeroStrike,directional-motion,17.5949,-11.6284,-0.8600,3.8012,0.0000,0.3900,True,False,False,True
HeroStrike,directional-motion,17.5975,-11.6284,-0.8600,3.8012,0.0000,0.3900,True,False,False,True
HeroStrike,directional-motion,17.5992,-11.6284,-0.8600,3.8012,0.0000,0.3900,True,False,False,True
HeroStrike,directional-motion,17.6005,-11.6284,-0.8600,3.8012,0.0000,0.3900,True,False,False,True
HeroStrike,directional-motion,17.6022,-11.6284,-0.8600,3.8012,0.0000,0.3900,True,False,False,True
HeroStrike,directional-motion,17.6522,-11.6284,-0.8600,3.8012,0.0000,0.3900,True,False,False,True
HeroStrike,directional-motion,17.7048,-11.6284,-0.8600,3.8012,0.0000,0.3900,True,False,False,True
HeroStrike,directional-motion,17.7596,-11.6284,-0.8600,3.8012,0.0000,0.3900,True,False,False,True
HeroStrike,directional-motion,17.8070,-11.6284,-0.8600,3.8012,0.0000,0.3900,True,False,False,True
HeroStrike,directional-motion,17.8091,-11.6284,-0.8600,3.8012,0.0000,0.3900,True,False,False,True
HeroStrike,directional-motion,17.8102,-11.6284,-0.8600,3.8012,0.0000,0.3900,True,False,False,True
HeroStrike,directional-motion,17.8110,-11.6284,-0.8600,3.8012,0.0000,0.3900,True,False,False,True
HeroStrike,directional-motion,17.8501,-11.6284,-0.8600,3.8012,0.0000,0.3900,True,False,False,True
HeroStrike,directional-motion,17.8519,-11.6284,-0.8600,3.8012,0.0000,0.3900,True,False,False,True
HeroStrike,directional-motion,17.8528,-11.6284,-0.8600,3.8012,0.0000,0.3900,True,False,False,True
HeroStrike,directional-motion,17.8535,-11.6284,-0.8600,3.8012,0.0000,0.3900,True,False,False,True
HeroStrike,directional-motion,17.8545,-11.6284,-0.8600,3.8012,0.0000,0.3900,True,False,False,True
HeroStrike,directional-motion,17.8557,-11.6284,-0.8600,3.8012,0.0000,0.3900,True,False,False,True
HeroStrike,directional-motion,17.8565,-11.6284,-0.8600,3.8012,0.0000,0.3900,True,False,False,True
HeroStrike,directional-motion,17.8572,-11.6284,-0.8600,3.8012,0.0000,0.3900,True,False,False,True
HeroStrike,directional-motion,17.8590,-11.6284,-0.8600,3.8012,0.0000,0.3900,True,False,False,True
HeroStrike,directional-motion,17.8597,-11.6284,-0.8600,3.8012,0.0000,0.3900,True,False,False,True
HeroStrike,directional-motion,17.8609,-11.6284,-0.8600,3.8012,0.0000,0.3900,True,False,False,True
HeroStrike,directional-motion,17.9055,-11.6284,-0.8600,3.8012,0.0000,0.3900,True,False,False,True
HeroStrike,directional-motion,17.9076,-11.6284,-0.8600,3.8012,0.0000,0.3900,True,False,False,True
HeroStrike,directional-motion,17.9089,-11.6284,-0.8600,3.8012,0.0000,0.3900,True,False,False,True
HeroStrike,directional-motion,17.9102,-11.6284,-0.8600,3.8012,0.0000,0.3900,True,False,False,True
HeroStrike,directional-motion,17.9114,-11.6284,-0.8600,3.8012,0.0000,0.3900,True,False,False,True
HeroStrike,directional-motion,17.9484,-11.6284,-0.8600,3.8012,0.0000,0.3900,True,False,False,True
HeroStrike,directional-motion,17.9504,-11.6284,-0.8600,3.8012,0.0000,0.3900,True,False,False,True
HeroStrike,directional-motion,17.9519,-11.6284,-0.8600,3.8012,0.0000,0.3900,True,False,False,True
HeroStrike,directional-motion,17.9531,-11.6284,-0.8600,3.8012,0.0000,0.3900,True,False,False,True
HeroStrike,directional-motion,17.9541,-11.6284,-0.8600,3.8012,0.0000,0.3900,True,False,False,True
HeroStrike,directional-motion,17.9549,-11.6284,-0.8600,3.8012,0.0000,0.3900,True,False,False,True
HeroStrike,directional-motion,17.9555,-11.6284,-0.8600,3.8012,0.0000,0.3900,True,False,False,True
HeroStrike,directional-motion,17.9563,-11.6284,-0.8600,3.8012,0.0000,0.3900,True,False,False,True
HeroStrike,directional-motion,17.9584,-11.6284,-0.8600,3.8012,0.0000,0.3900,True,False,False,True
HeroStrike,directional-motion,17.9600,-11.6284,-0.8600,3.8012,0.0000,0.3900,True,False,False,True
HeroStrike,directional-motion,17.9611,-11.6284,-0.8600,3.8012,0.0000,0.3900,True,False,False,True
HeroStrike,directional-motion,18.0068,-11.6284,-0.8600,3.8012,0.0000,0.3900,True,False,False,True
HeroStrike,directional-motion,18.0093,-11.6284,-0.8600,3.8012,0.0000,0.3900,True,False,False,True
HeroStrike,directional-motion,18.0109,-11.6284,-0.8600,3.8012,0.0000,0.3900,True,False,False,True
HeroStrike,directional-motion,18.0122,-11.6284,-0.8600,3.8012,0.0000,0.3900,True,False,False,True
HeroStrike,directional-motion,18.0512,-11.6284,-0.8600,3.8012,0.0000,0.3900,True,False,False,True
HeroStrike,directional-motion,18.0531,-11.6284,-0.8600,3.8012,0.0000,0.3900,True,False,False,True
HeroStrike,directional-motion,18.0545,-11.6284,-0.8600,3.8012,0.0000,0.3900,True,False,False,True
HeroStrike,directional-motion,18.0562,-11.6284,-0.8600,3.8012,0.0000,0.3900,True,False,False,True
HeroStrike,directional-motion,18.0575,-11.6284,-0.8600,3.8012,0.0000,0.3900,True,False,False,True
HeroStrike,directional-motion,18.0587,-11.6284,-0.8600,3.8012,0.0000,0.3900,True,False,False,True
HeroStrike,directional-motion,18.0596,-11.6284,-0.8600,3.8012,0.0000,0.3900,True,False,False,True
HeroStrike,directional-motion,18.0611,-11.6284,-0.8600,3.8012,0.0000,0.3900,True,False,False,True
HeroStrike,directional-motion,18.0642,-11.6284,-0.8600,3.8012,0.0000,0.3900,True,False,False,True
HeroStrike,directional-motion,18.1065,-11.6284,-0.8600,3.8012,0.0000,0.3900,True,False,False,True
HeroStrike,directional-motion,18.1087,-11.6284,-0.8600,3.8012,0.0000,0.3900,True,False,False,True
HeroStrike,directional-motion,18.1106,-11.6284,-0.8600,3.8012,0.0000,0.3900,True,False,False,True
HeroStrike,directional-motion,18.1119,-11.6284,-0.8600,3.8012,0.0000,0.3900,True,False,False,True
HeroStrike,directional-motion,18.1131,-11.6284,-0.8600,3.8012,0.0000,0.3900,True,False,False,True
HeroStrike,directional-motion,18.1143,-11.6284,-0.8600,3.8012,0.0000,0.3900,True,False,False,True
HeroStrike,directional-motion,18.1529,-11.6284,-0.8600,3.8012,0.0000,0.3900,True,False,False,True
HeroStrike,directional-motion,18.1553,-11.6284,-0.8600,3.8012,0.0000,0.3900,True,False,False,True
HeroStrike,directional-motion,18.1567,-11.6284,-0.8600,3.8012,0.0000,0.3900,True,False,False,True
HeroStrike,directional-motion,18.1585,-11.6284,-0.8600,3.8012,0.0000,0.3900,True,False,False,True
HeroStrike,directional-motion,18.1599,-11.6284,-0.8600,3.8012,0.0000,0.3900,True,False,False,True
HeroStrike,directional-motion,18.1611,-11.6284,-0.8600,3.8012,0.0000,0.3900,True,False,False,True
HeroStrike,directional-motion,18.1629,-11.6284,-0.8600,3.8012,0.0000,0.3900,True,False,False,True
HeroStrike,directional-motion,18.1644,-11.6284,-0.8600,3.8012,0.0000,0.3900,True,False,False,True
HeroStrike,directional-motion,18.1673,-11.6284,-0.8600,3.8012,0.0000,0.3900,True,False,False,True
HeroStrike,directional-motion,18.2111,-11.6284,-0.8600,3.8012,0.0000,0.3900,True,False,False,True
HeroStrike,directional-motion,18.2136,-11.6284,-0.8600,3.8012,0.0000,0.3900,True,False,False,True
HeroStrike,directional-motion,18.2150,-11.6284,-0.8600,3.8012,0.0000,0.3900,True,False,False,True
HeroStrike,directional-motion,18.2161,-11.6284,-0.8600,3.8012,0.0000,0.3900,True,False,False,True
HeroStrike,directional-motion,18.2172,-11.6284,-0.8600,3.8012,0.0000,0.3900,True,False,False,True
HeroStrike,directional-motion,18.2186,-11.6284,-0.8600,3.8012,0.0000,0.3900,True,False,False,True
HeroStrike,directional-motion,18.2578,-11.6284,-0.8600,3.8012,0.0000,0.3900,True,False,False,True
HeroStrike,directional-motion,18.2596,-11.6284,-0.8600,3.8012,0.0000,0.3900,True,False,False,True
HeroStrike,directional-motion,18.2610,-11.6284,-0.8600,3.8012,0.0000,0.3900,True,False,False,True
HeroStrike,directional-motion,18.2630,-11.6284,-0.8600,3.8012,0.0000,0.3900,True,False,False,True
HeroStrike,directional-motion,18.2639,-11.6284,-0.8600,3.8012,0.0000,0.3900,True,False,False,True
HeroStrike,directional-motion,18.2646,-11.6284,-0.8600,3.8012,0.0000,0.3900,True,False,False,True
HeroStrike,directional-motion,18.2652,-11.6284,-0.8600,3.8012,0.0000,0.3900,True,False,False,True
HeroStrike,directional-motion,18.2659,-11.6284,-0.8600,3.8012,0.0000,0.3900,True,False,False,True
HeroStrike,directional-motion,18.2684,-11.6284,-0.8600,3.8012,0.0000,0.3900,True,False,False,True
HeroStrike,directional-motion,18.2695,-11.6284,-0.8600,3.8012,0.0000,0.3900,True,False,False,True
HeroStrike,directional-motion,18.3120,-11.6284,-0.8600,3.8012,0.0000,0.3900,True,False,False,True
HeroStrike,directional-motion,18.3139,-11.6284,-0.8600,3.8012,0.0000,0.3900,True,False,False,True
HeroStrike,directional-motion,18.3153,-11.6284,-0.8600,3.8012,0.0000,0.3900,True,False,False,True
HeroStrike,directional-motion,18.3166,-11.6284,-0.8600,3.8012,0.0000,0.3900,True,False,False,True
HeroStrike,directional-motion,18.3176,-11.6284,-0.8600,3.8012,0.0000,0.3900,True,False,False,True
HeroStrike,directional-motion,18.3185,-11.6284,-0.8600,3.8012,0.0000,0.3900,True,False,False,True
HeroStrike,directional-motion,18.3193,-11.6284,-0.8600,3.8012,0.0000,0.3900,True,False,False,True
HeroStrike,directional-motion,18.3201,-11.6284,-0.8600,3.8012,0.0000,0.3900,True,False,False,True
