frame,seat,root_metres,animated_metres,error_metres
2,0,0.000603259949,0.007928415,0.007325155
2,1,0,0.00783638749,0.00783638749
2,2,0,0.008277743,0.008277743
2,3,0,0.007928415,0.007928415
3,0,0.00059896335,0.00721806,0.00661909673
3,1,0,0.00713427737,0.00713427737
3,2,0,0.007536089,0.007536089
3,3,0,0.00721806,0.00721806
4,0,0.000633043062,0.00707241241,0.006439369
4,1,0,0.00699032051,0.00699032051
4,2,0,0.007384024,0.007384024
4,3,0,0.00707241241,0.00707241241
5,0,0.000685670355,0.00714562042,0.00645995
5,1,0,0.007062678,0.007062678
5,2,0,0.00746045727,0.00746045727
5,3,0,0.00714562042,0.00714562042
6,0,0.0007395786,0.00721866731,0.00647908868
6,1,0,0.00713487761,0.00713487761
6,2,0,0.007536723,0.007536723
6,3,0,0.00721866731,0.00721866731
7,0,0.0008216889,0.007532409,0.00671072025
7,1,0,0.00744497729,0.00744497729
7,2,0,0.007864288,0.007864288
7,3,0,0.007532409,0.007532409
8,0,0.000900329847,0.00776185142,0.0068615214
8,1,0,0.007671756,0.007671756
8,2,0,0.00810384,0.00810384
8,3,0,0.00776185142,0.00776185142
9,0,0.0009815325,0.007978861,0.00699732872
9,1,0,0.007886248,0.007886248
9,2,0,0.008330411,0.008330411
9,3,0,0.007978861,0.007978861
10,0,0.00108995649,0.008364733,0.0072747767
10,1,0,0.00826764,0.00826764
10,2,0,0.008733285,0.008733285
10,3,0,0.008364733,0.008364733
11,0,0.00122257893,0.008861465,0.00763888657
11,1,0,0.008758606,0.008758606
11,2,0,0.009251903,0.009251903
11,3,0,0.008861465,0.008861465
12,0,0.00118744513,0.008161564,0.006974119
12,1,0,0.00806683,0.00806683
12,2,0,0.008521165,0.008521165
12,3,0,0.008161564,0.008161564
13,0,0.00118563732,0.00777415745,0.00658852
13,1,0,0.00768391974,0.00768391974
13,2,0,0.008116688,0.008116688
13,3,0,0.00777415745,0.00777415745
14,0,0.00116746291,0.00733571453,0.006168252
14,1,0,0.007250566,0.007250566
14,2,0,0.00765892724,0.00765892724
14,3,0,0.00733571453,0.00733571453
15,0,0.001187899,0.00717836851,0.00599046936
15,1,0,0.00709504634,0.00709504634
15,2,0,0.00749464845,0.00749464845
15,3,0,0.00717836851,0.00717836851
16,0,0.00124188047,0.00722942641,0.005987546
16,1,3.19729879E-05,0.007145512,0.007113539
16,2,0,0.00754795643,0.00754795643
16,3,0,0.00722942641,0.00722942641
17,0,0.00124927319,0.00701967,0.005770397
17,1,8.23314258E-05,0.00693819,0.006855859
17,2,0,0.007328958,0.007328958
17,3,0,0.00701967,0.00701967
18,0,0.00134879665,0.00732249161,0.005973695
18,1,0.00013813471,0.00723749632,0.00709936162
18,2,0,0.00764512131,0.00764512131
18,3,0,0.00732249161,0.00732249161
19,0,0.00134351919,0.007057024,0.00571350474
19,1,0.000186384175,0.00697511062,0.00678872643
19,2,0,0.007367958,0.007367958
19,3,0,0.007057024,0.007057024
20,0,0.0013981082,0.00711640157,0.0057182936
20,1,0.000239465327,0.007033799,0.00679433346
20,2,0,0.00742995134,0.00742995134
20,3,0,0.00711640157,0.00711640157
21,0,0.001463552,0.00722266641,0.0057591144
21,1,0.000294654485,0.00713882968,0.006844175
21,2,0,0.007540898,0.007540898
21,3,0,0.00722266641,0.00722266641
22,0,0.00151407125,0.00725126639,0.00573719526
22,1,0.000349843816,0.007167098,0.00681725424
22,2,0,0.00757075846,0.00757075846
22,3,0,0.00725126639,0.00725126639
23,0,0.00153691554,0.007150066,0.00561315054
23,1,0.000395693263,0.00706707267,0.00667137932
23,2,0,0.00746509945,0.00746509945
23,3,0,0.007150066,0.007150066
24,0,0.00159482018,0.00721558463,0.00562076457
24,1,0.000452082866,0.007131831,0.00667974772
24,2,0,0.00753350463,0.00753350463
24,3,0,0.00721558463,0.00721558463
25,0,0.00162211468,0.007143168,0.005521053
25,1,0.000498840061,0.00706025446,0.00656141434
25,2,0,0.007457897,0.007457897
25,3,0,0.007143168,0.007143168
26,0,0.00165913685,0.007117937,0.0054588
26,1,0.00054738333,0.007035316,0.00648793252
26,2,0,0.007431554,0.007431554
26,3,0,0.007117937,0.007117937
27,0,0.0017183224,0.007186389,0.005468067
27,1,0.00060409453,0.007102974,0.00649887975
27,2,0,0.007503023,0.007503023
27,3,0,0.007186389,0.007186389
28,0,0.00178565469,0.007284656,0.00549900159
28,1,0.000664407155,0.0072001,0.006535693
28,2,0,0.00760561926,0.00760561926
28,3,0,0.007284656,0.007284656
29,0,0.00178391987,0.007103018,0.005319098
29,1,0.000697579351,0.00702057034,0.006322991
29,2,0,0.00741597824,0.00741597824
29,3,0,0.007103018,0.007103018
30,0,0.00181174139,0.00704950746,0.005237766
30,1,0.0007434287,0.006967681,0.00622425228
30,2,0,0.00736011,0.00736011
30,3,0,0.00704950746,0.00704950746
31,0,0.00187990069,0.00715130335,0.00527140265
31,1,0.0008020873,0.0070682955,0.00626620837
31,2,0,0.00746639073,0.00746639073
31,3,0,0.00715130335,0.00715130335
32,0,0.00192747766,0.007170691,0.00524321338
32,1,0.0008542608,0.00708745839,0.00623319764
32,2,0,0.007486633,0.007486633
32,3,0,0.007170691,0.007170691
33,0,0.00199812558,0.007273564,0.00527543854
33,1,0.0009189507,0.007189137,0.006270186
33,2,0,0.00759403873,0.00759403873
33,3,0,0.007273564,0.007273564
34,0,0.0020166,0.00718590757,0.005169308
34,1,0.0009578613,0.007102498,0.00614463631
34,2,0,0.00750252,0.00750252
34,3,0,0.00718590757,0.00718590757
35,0,0.00209410652,0.00730865,0.005214543
35,1,0.00102511293,0.00722381566,0.006198703
35,2,0,0.00763067044,0.00763067044
35,3,0,0.00730865,0.00730865
36,0,0.00210255315,0.00718991831,0.0050873654
36,1,0.00105919258,0.007106462,0.00604726933
36,2,0,0.007506707,0.007506707
36,3,0,0.00718991831,0.00718991831
37,0,0.00212818617,0.007136706,0.00500851963
37,1,0.0010993036,0.007053867,0.00595456362
37,2,0,0.00745115,0.00745115
37,3,0,0.007136706,0.007136706
38,0,0.00222605537,0.00732171256,0.005095657
38,1,0.0011799793,0.00723672658,0.0060567474
38,2,0,0.00764430827,0.00764430827
38,3,0,0.00732171256,0.00732171256
39,0,0.00223487546,0.007212216,0.004977341
39,1,0.00121149712,0.00712850131,0.00591700431
39,2,0,0.00752998749,0.00752998749
39,3,0,0.007212216,0.007212216
40,0,0.00227091671,0.007194983,0.00492406636
40,1,0.00125809317,0.007111468,0.00585337449
40,2,0,0.00751199527,0.00751199527
40,3,0,0.007194983,0.007194983
41,0,0.002338849,0.007276956,0.004938107
41,1,0.00132203661,0.00719248969,0.005870453
41,2,1.90734863E-06,0.00759757962,0.00759567227
41,3,0,0.007276956,0.007276956
42,0,0.0023518193,0.00718913926,0.00483732
42,1,0.001354594,0.00710569229,0.00575109851
42,2,1.62124634E-05,0.00750589371,0.00748968124
42,3,0,0.00718913926,0.00718913926
43,0,0.00239215721,0.007187466,0.004795309
43,1,0.00140362,0.00710403826,0.00570041826
43,2,3.33786E-05,0.007504147,0.00747076841
43,3,0,0.007187466,0.007187466
44,0,0.00244101486,0.007211116,0.004770101
44,1,0.00145653985,0.007127414,0.00567087438
44,2,5.24520874E-05,0.007528839,0.007476387
44,3,0,0.007211116,0.007211116
45,0,0.00249515,0.00724989129,0.004754741
45,1,0.00151354435,0.00716573931,0.005652195
45,2,6.96182251E-05,0.007569323,0.0074997046
45,3,0,0.00724989129,0.00724989129
46,0,0.00257507176,0.007359708,0.004784636
46,1,0.00158637355,0.00727428123,0.005687908
46,2,8.96453857E-05,0.007683978,0.00759433256
46,3,0,0.007359708,0.007359708
47,0,0.002660498,0.007480113,0.004819615
47,1,0.00166357984,0.00739328843,0.005729709
47,2,0.000109672546,0.007809688,0.00770001533
47,3,0,0.007480113,0.007480113
48,0,0.00278995815,0.00771665946,0.004926701
48,1,0.00176990323,0.00762708951,0.00585718639
48,2,0.00013256073,0.008056656,0.007924096
48,3,0,0.00771665946,0.00771665946
49,0,0.00266577536,0.00725727063,0.00459149526
49,1,0.00171409908,0.0071730325,0.0054589333
49,2,0.000143051147,0.00757702673,0.00743397558
49,3,0,0.00725727063,0.00725727063
50,0,0.00270882878,0.00726387044,0.004555042
50,1,0.00176507223,0.007179556,0.0054144836
50,2,0.000161170959,0.007583918,0.007422747
50,3,0,0.00726387044,0.00726387044
51,0,0.002753463,0.00727464166,0.00452117855
51,1,0.00181543059,0.007190202,0.00537477154
51,2,0.000179290771,0.0075951633,0.00741587253
51,3,0,0.00727464166,0.00727464166
52,0,0.00278973137,0.00726419175,0.00447446
52,1,0.001860826,0.007179873,0.005319047
52,2,0.000196456909,0.007584253,0.007387796
52,3,0,0.00726419175,0.00726419175
53,0,0.00278271921,0.00714452,0.004361801
53,1,0.00187590427,0.007061591,0.00518568652
53,2,0.00020980835,0.007459309,0.0072495006
53,3,0,0.00714452,0.00714452
54,0,0.002893705,0.007326021,0.004432316
54,1,0.00197165832,0.00724098459,0.00526932627
54,2,0.000233650208,0.007648806,0.007415156
54,3,0,0.007326021,0.007326021
55,0,0.00292552286,0.007304479,0.004378956
55,1,0.00201449217,0.007219693,0.005205201
55,2,0.000249862671,0.00762631558,0.007376453
55,3,0,0.007304479,0.007304479
56,0,0.002941128,0.007244666,0.00430353824
56,1,0.0020455562,0.00716057466,0.005115018
56,2,0.00026512146,0.00756386761,0.007298746
56,3,0,0.007244666,0.007244666
57,0,0.00299737859,0.00728555,0.00428817142
57,1,0.00210405374,0.00720098335,0.00509692961
57,2,0.000283241272,0.00760655245,0.007323311
57,3,0,0.00728555,0.00728555
58,0,0.002995417,0.0071871453,0.00419172831
58,1,0.00212065433,0.007103721,0.00498306658
58,2,0.0002975464,0.007503812,0.007206266
58,3,0,0.0071871453,0.0071871453
59,0,0.002996171,0.00709795346,0.00410178257
59,1,0.002139041,0.007015565,0.004876524
59,2,0.000309944153,0.00741069065,0.0071007465
59,3,0,0.00709795346,0.00709795346
60,0,0.00304480176,0.00712499535,0.00408019358
60,1,0.00219348352,0.00704229251,0.004848809
60,2,0.0003271103,0.0074389237,0.00711181341
60,3,0,0.00712499535,0.00712499535
61,0,0.003153526,0.00728866644,0.00413514
61,1,0.00228923745,0.007204064,0.00491482671
61,2,0.000351905823,0.007609806,0.0072579
61,3,0,0.00728866644,0.00728866644
62,0,0.00310934521,0.007100383,0.00399103761
62,1,0.002274159,0.007017966,0.004743807
62,2,0.000358581543,0.00741322665,0.007054645
62,3,0,0.007100383,0.007100383
63,0,0.00319612562,0.007212354,0.004016228
63,1,0.00235528871,0.00712863728,0.00477334857
63,2,0.000381469727,0.007530131,0.007148661
63,3,0,0.007212354,0.007212354
64,0,0.00321965036,0.007180362,0.003960712
64,1,0.00239056884,0.00709701655,0.004706448
64,2,0.000395774841,0.00749673,0.007100955
64,3,0,0.007180362,0.007180362
65,0,0.00379629666,0.00836195,0.004565653
65,1,0.00283888914,0.008264889,0.005426
65,2,0.0004825592,0.008730378,0.008247819
65,3,0,0.00836195,0.00836195
66,0,0.0033454143,0.007278629,0.00393321458
66,1,0.00251965574,0.00719414325,0.00467448775
66,2,0.000436782837,0.007599327,0.007162544
66,3,4.76837158E-07,0.007278629,0.00727815228
67,0,0.003315558,0.00713315373,0.00381759577
67,1,0.002514986,0.00705035636,0.00453537051
67,2,0.0004453659,0.00744744157,0.00700207567
67,3,4.011105E-05,0.00713315373,0.0070930426
68,0,0.00351046212,0.007468425,0.003957963
68,1,0.002677084,0.0073817363,0.00470465235
68,2,0.0004825592,0.007797485,0.007314926
68,3,0.000107816879,0.007468425,0.00736060832
69,0,0.003434083,0.00722605828,0.00379197532
69,1,0.00263742683,0.00714218244,0.00450475561
69,2,0.000483512878,0.00754443929,0.00706092641
69,3,0.000171306034,0.00722605828,0.007054752
70,0,0.00346115045,0.00720529538,0.003744145
70,1,0.002672707,0.00712166075,0.004448954
70,2,0.000498771667,0.007522762,0.00702399
70,3,0.00023252645,0.00720529538,0.006972769
71,0,0.003467182,0.00714254938,0.00367536745
71,1,0.00269352365,0.007059643,0.00436611939
71,2,0.000510215759,0.007457251,0.00694703544
71,3,0.000293454446,0.00714254938,0.00684909476
72,0,0.00355230784,0.007242833,0.003690525
72,1,0.00277374545,0.00715876231,0.004385017
72,2,0.000533103943,0.00756195327,0.00702884933
72,3,0.0003597982,0.007242833,0.00688303448
73,0,0.0035210168,0.007106249,0.00358523242
73,1,0.00276515237,0.00702376431,0.004258612
73,2,0.000538826,0.00741935149,0.0068805255
73,3,0.0004140803,0.007106249,0.006692169
74,0,0.003567613,0.00712902844,0.00356141548
74,1,0.00281567173,0.007046279,0.0042306073
74,2,0.0005559921,0.00744313467,0.00688714255
74,3,0.000477730879,0.00712902844,0.00665129768
75,0,0.003660278,0.00724205375,0.00358177582
75,1,0.002903579,0.007157992,0.004254413
75,2,0.000580787659,0.00756113976,0.006980352
75,3,0.000547089963,0.00724205375,0.00669496367
76,0,0.00365477381,0.00716069946,0.00350592565
76,1,0.0029139875,0.007077582,0.004163595
76,2,0.0005903244,0.007476201,0.00688587641
76,3,0.000600917963,0.00716069946,0.00655978173
77,0,0.003676337,0.00713407,0.0034577332
77,1,0.00294369,0.007051262,0.004107572
77,2,0.000602722168,0.00744839851,0.00684567634
77,3,0.0006618453,0.00713407,0.006472225
78,0,0.003793054,0.00729109533,0.0034980413
78,1,0.00305332174,0.00720646465,0.00415314268
78,2,0.0006322861,0.00761234248,0.00698005641
78,3,0.0007364898,0.00729109533,0.00655460544
79,0,0.00387651846,0.00738060847,0.00350409
79,1,0.00313399755,0.007294939,0.00416094158
79,2,0.0006570816,0.0077057993,0.0070487177
79,3,0.0008094802,0.00738060847,0.006571128
80,0,0.00436721137,0.00823169,0.00386447879
80,1,0.00354823819,0.008136141,0.00458790269
80,2,0.0007505417,0.00859438,0.007843838
80,3,0.0009785169,0.00823169,0.00725317327
81,0,0.00449878,0.008391465,0.00389268529
81,1,0.00367249432,0.008294062,0.004621567
81,2,0.0007867813,0.008761195,0.007974413
81,3,0.0010793946,0.008391465,0.00731207058
82,0,0.004418631,0.008156936,0.0037383046
82,1,0.00362499058,0.008062255,0.004437264
82,2,0.000784873962,0.008516331,0.00773145724
82,3,0.00112689822,0.008156936,0.007030037
83,0,0.00441380776,0.008067744,0.003653936
83,1,0.00363705331,0.007974098,0.00433704536
83,2,0.0007953644,0.00842321,0.00762784574
83,3,0.00119038764,0.008067744,0.006877356
84,0,0.00450903457,0.008160969,0.00365193468
84,1,0.00373160676,0.008066242,0.004334635
84,2,0.0008239746,0.008520543,0.007696568
84,3,0.00128147181,0.008160969,0.00687949732
85,0,0.00450933445,0.008083419,0.00357408449
85,1,0.003748793,0.007989591,0.004240798
85,2,0.0008354187,0.008439575,0.00760415662
85,3,0.00134389254,0.008083419,0.00673952652
86,0,0.00448671728,0.007967185,0.003480468
86,1,0.00374457682,0.007874707,0.0041301297
86,2,0.0008420944,0.00831822,0.007476126
86,3,0.00139788131,0.007967185,0.006569304
87,0,0.00460953871,0.00810991,0.00350037171
87,1,0.00386400218,0.008015776,0.00415177364
87,2,0.0008764267,0.008467235,0.007590808
87,3,0.00149710465,0.00810991,0.00661280565
88,0,0.0046340446,0.008078056,0.00344401179
88,1,0.00389898941,0.007984292,0.00408530235
88,2,0.0008907318,0.008433977,0.00754324533
88,3,0.001565264,0.008078056,0.00651279232
89,0,0.00433765538,0.00749519235,0.003157537
89,1,0.00366374012,0.00740819238,0.00374445226
89,2,0.00084400177,0.007825431,0.00698142964
89,3,0.00151821412,0.00749519235,0.005976978
90,0,0.00423805136,0.00726387044,0.003025819
90,1,0.00359136472,0.007179556,0.00358819123
90,2,0.0008325577,0.007583918,0.00675136037
90,3,0.0015311843,0.00726387044,0.00573268626
91,0,0.004208876,0.00715684937,0.00294797355
91,1,0.00357839465,0.00707377726,0.00349538261
91,2,0.0008363724,0.007472181,0.006635809
91,3,0.00156707934,0.00715684937,0.00558977
92,0,0.004190401,0.007070728,0.002880327
92,1,0.00357417855,0.006988656,0.00341447722
92,2,0.0008392334,0.00738226576,0.00654303236
92,3,0.00160372071,0.007070728,0.0054670074
93,0,0.004218223,0.007064541,0.00284631783
93,1,0.00360945868,0.00698254,0.003373081
93,2,0.000852584839,0.00737580564,0.006523221
93,3,0.00165800226,0.007064541,0.00540653849
94,0,0.00439080968,0.00729774125,0.00290693156
94,1,0.00376779446,0.00721303374,0.00344523927
94,2,0.000896453857,0.007619281,0.006722827
94,3,0.00177064969,0.00729774125,0.00552709168
95,0,0.004333432,0.00714869145,0.00281525962
95,1,0.00372979138,0.00706571341,0.003335922
95,2,0.0008916855,0.007463664,0.00657197833
95,3,0.00179130537,0.00714869145,0.005357386
96,0,0.004363442,0.00714497827,0.00278153643
96,1,0.003766594,0.007062044,0.00329545
96,2,0.0009059906,0.007459787,0.00655379659
96,3,0.00184620172,0.00714497827,0.00529877655
97,0,0.004358538,0.007085945,0.002727407
97,1,0.00377291813,0.0070036957,0.00323077757
97,2,0.0009126663,0.00739815272,0.0064854864
97,3,0.00188585883,0.007085945,0.005200086
98,0,0.00438674027,0.007080995,0.00269425474
98,1,0.00380835915,0.00699880347,0.00319044432
98,2,0.0009250641,0.007392985,0.00646792073
98,3,0.00193848612,0.007080995,0.005142509
99,0,0.00440008333,0.00705303671,0.00265295338
99,1,0.00383037631,0.00697116926,0.003140793
99,2,0.0009355545,0.007363795,0.00642824033
99,3,0.00198673643,0.00705303671,0.00506630028
100,0,0.004466962,0.00711042,0.002643458
100,1,0.00389808184,0.007027887,0.003129805
100,2,0.000957489,0.00742370635,0.00646621734
100,3,0.00205596467,0.00711042,0.00505445525
101,0,0.004403553,0.006961828,0.00255827513
101,1,0.00385284727,0.00688101957,0.0030281723
101,2,0.0009498596,0.00726856757,0.006318708
101,3,0.002065758,0.006961828,0.00489607
102,0,0.0044960645,0.007060553,0.00256448844
102,1,0.003944224,0.00697859842,0.00303437421
102,2,0.0009775162,0.007371642,0.006394126
102,3,0.00214808783,0.007060553,0.004912465
103,0,0.00456362357,0.00711867027,0.0025550467
103,1,0.004013291,0.007036041,0.00302275
103,2,0.0009994507,0.00743232,0.00643286947
103,3,0.00221971655,0.00711867027,0.00489895372
104,0,0.00472022453,0.0073130955,0.002592871
104,1,0.00416092575,0.00722820964,0.003067284
104,2,0.00104045868,0.00763531169,0.006594853
104,3,0.002336741,0.0073130955,0.00497635454
105,0,0.004629067,0.0071244454,0.00249537826
105,1,0.004090951,0.007041749,0.00295079825
105,2,0.00102710724,0.00743834954,0.0064112423
105,3,0.00233070971,0.0071244454,0.00479373569
106,0,0.00458141742,0.007005645,0.00242422754
106,1,0.004058233,0.00692432746,0.00286609447
106,2,0.00102329254,0.0073143146,0.006291022
106,3,0.00234277244,0.007005645,0.00466287229
107,0,0.0047189435,0.007169454,0.00245051039
107,1,0.004189267,0.007086235,0.00289696828
107,2,0.00106143951,0.007485341,0.0064239013
107,3,0.00245149643,0.007169454,0.004717957
108,0,0.004636606,0.007000328,0.00236372184
108,1,0.004126846,0.00691907248,0.00279222662
108,2,0.00104904175,0.007308764,0.006259722
108,3,0.00244621187,0.007000328,0.004554116
109,0,0.00471849,0.007079528,0.00236103823
109,1,0.00420736056,0.0069973534,0.00278999284
109,2,0.00107383728,0.00739145372,0.00631761644
109,3,0.00252477941,0.007079528,0.00455474854
110,0,0.00473575667,0.00706137856,0.002325622
110,1,0.004233301,0.00697941426,0.002746113
110,2,0.0010843277,0.007372504,0.0062881764
110,3,0.002570175,0.00706137856,0.00449120346
111,0,0.00481990166,0.007143145,0.0023232433
111,1,0.0043179,0.00706023164,0.00274233148
111,2,0.0011100769,0.00745787332,0.00634779641
111,3,0.002652505,0.007143145,0.00449064
112,0,0.00473402161,0.00697356137,0.00223953975
112,1,0.00424854038,0.00689261639,0.002644076
112,2,0.00109672546,0.00728081772,0.00618409226
112,3,0.00263953488,0.00697356137,0.00433402648
113,0,0.0048465156,0.007097037,0.00225052144
113,1,0.00435921131,0.007014659,0.00265544746
113,2,0.00112819672,0.00740973325,0.00628153654
113,3,0.00273801154,0.007097037,0.00435902551
114,0,0.005303429,0.00771817146,0.00241474248
114,1,0.004780845,0.007628584,0.002847739
114,2,0.00124263763,0.008058235,0.00681559741
114,3,0.00303658936,0.00771817146,0.004681582
115,0,0.00534127839,0.00772358,0.00238230173
115,1,0.004824879,0.00763392961,0.00280905049
115,2,0.0012588501,0.008063883,0.00680503249
115,3,0.00309644826,0.00772358,0.004627132
116,0,0.0050636637,0.00727752876,0.002213865
116,1,0.00458330568,0.007193056,0.00260975026
116,2,0.00119972229,0.007598178,0.00639845571
116,3,0.002974754,0.00727752876,0.00430277456
117,0,0.004980272,0.00711610354,0.0021358314
117,1,0.004516347,0.007033504,0.00251715723
117,2,0.00118637085,0.00742964,0.006243269
117,3,0.00295967585,0.00711610354,0.00415642746
118,0,0.00503433449,0.00715267844,0.002118344
118,1,0.00457545929,0.0070696543,0.002494195
118,2,0.00120449066,0.00746782636,0.0062633357
118,3,0.00302527333,0.00715267844,0.004127405
119,0,0.00503666932,0.00711592054,0.00207925122
119,1,0.004584506,0.007033323,0.00244881678
119,2,0.00121212,0.007429449,0.006217329
119,3,0.00306116836,0.00711592054,0.004054752
120,0,0.0050486587,0.00709318649,0.00204452779
120,1,0.00460532261,0.00701085338,0.00240553077
120,2,0.00122070313,0.00740571367,0.00618501054
120,3,0.00310037169,0.00709318649,0.00399281457
121,0,0.0049948236,0.0069795195,0.001984696
121,1,0.004563689,0.00689850561,0.00233481638
121,2,0.00121307373,0.00728703849,0.00607396476
121,3,0.00309991767,0.0069795195,0.00387960183
122,0,0.005068941,0.00704506133,0.00197612029
122,1,0.004638495,0.00696328655,0.00232479163
122,2,0.00123596191,0.007355468,0.006119506
122,3,0.003177124,0.00704506133,0.00386793725
123,0,0.00511124032,0.00706642028,0.00195518
123,1,0.004687653,0.0069843973,0.00229674438
123,2,0.001253128,0.007377768,0.00612464
123,3,0.00323548983,0.00706642028,0.00383093045
124,0,0.005138835,0.007066695,0.00192786008
124,1,0.0047196243,0.00698466925,0.002265045
124,2,0.00126552582,0.007378055,0.006112529
124,3,0.003284033,0.007066695,0.003782662
125,0,0.00513581932,0.007025995,0.00189017551
125,1,0.004724748,0.0069444417,0.00221969374
125,2,0.00126934052,0.00733556133,0.006066221
125,3,0.00331360381,0.007025995,0.003712391
126,0,0.005175703,0.00704442,0.00186871691
126,1,0.004769236,0.006962653,0.002193417
126,2,0.001285553,0.00735479826,0.00606924528
126,3,0.00336908572,0.00704442,0.00367533439
127,0,0.00521626836,0.0070630284,0.00184676
127,1,0.004813563,0.006981045,0.002167482
127,2,0.00130081177,0.00737422658,0.006073415
127,3,0.00342699769,0.0070630284,0.00363603071
128,0,0.00523406174,0.007051478,0.0018174164
128,1,0.004839957,0.006969629,0.00212967163
128,2,0.00131034851,0.00736216735,0.006051819
128,3,0.0034680164,0.007051478,0.00358346174
129,0,0.00525781373,0.00704808673,0.001790273
129,1,0.004867098,0.006966277,0.0020991792
129,2,0.0013217926,0.00735862646,0.006036834
129,3,0.00351445144,0.00704808673,0.00353363529
130,0,0.00524507044,0.006996753,0.00175168272
130,1,0.004864082,0.0069155395,0.0020514573
130,2,0.0013237,0.007305031,0.005981331
130,3,0.003535268,0.006996753,0.00346148526
131,0,0.00531617226,0.00705661159,0.00174043933
131,1,0.0049375263,0.0069747027,0.0020371764
131,2,0.00134754181,0.007367527,0.0060199853
131,3,0.00361172762,0.00705661159,0.003444884
132,0,0.005393605,0.00712490361,0.0017312984
132,1,0.00501684053,0.007042202,0.00202536164
132,2,0.00137233734,0.007438828,0.00606649043
132,3,0.00369435037,0.00712490361,0.00343055325
133,0,0.005336755,0.0070160036,0.00167924864
133,1,0.004971152,0.006934566,0.00196341379
133,2,0.00136184692,0.00732512958,0.00596328266
133,3,0.003684103,0.0070160036,0.00333190057
134,0,0.00531421043,0.00695366971,0.00163945928
134,1,0.00495727453,0.00687295571,0.00191568118
134,2,0.0013628006,0.00726004969,0.005897249
134,3,0.00369616551,0.00695366971,0.0032575042
135,0,0.00537882745,0.00700536976,0.0016265423
135,1,0.005025434,0.006924056,0.00189862214
135,2,0.00138282776,0.00731402775,0.0059312
135,3,0.00376960961,0.00700536976,0.00323576014
136,0,0.00544977561,0.00706486171,0.0016150861
136,1,0.005096609,0.006982857,0.00188624812
136,2,0.00140666962,0.00737614045,0.005969471
136,3,0.003846816,0.00706486171,0.00321804569
137,0,0.00536329532,0.006921403,0.00155810779
137,1,0.005025434,0.0068410635,0.00181562966
137,2,0.00138950348,0.007226361,0.00583685748
137,3,0.00381348282,0.006921403,0.00310792029
138,0,0.00558277825,0.00717165368,0.00158887543
138,1,0.00523746572,0.00708840927,0.00185094355
138,2,0.00145149231,0.007487638,0.00603614561
138,3,0.003997759,0.00717165368,0.00317389471
139,0,0.00579894567,0.00741493749,0.00161599182
139,1,0.00544735976,0.00732886931,0.00188150955
139,2,0.00151252747,0.007741641,0.00622911332
139,3,0.004181581,0.00741493749,0.0032333564
140,0,0.005889349,0.00749514624,0.00160579709
140,1,0.00553964451,0.007408147,0.0018685027
140,2,0.0015411377,0.007825383,0.00628424529
140,3,0.004277789,0.00749514624,0.00321735721
141,0,0.005953058,0.007540521,0.00158746308
141,1,0.005607965,0.00745299552,0.00184503058
141,2,0.00156402588,0.0078727575,0.00630873162
141,3,0.00435408764,0.007540521,0.00318643358
142,0,0.00654274737,0.00824709,0.0017043422
142,1,0.006172241,0.008151363,0.00197912147
142,2,0.00172519684,0.008610458,0.00688526127
142,3,0.004820956,0.00824709,0.00342613366
143,0,0.006374911,0.007996289,0.00162137812
143,1,0.006023406,0.007903473,0.0018800674
143,2,0.00168704987,0.008348607,0.00666155759
143,3,0.004731687,0.007996289,0.00326460227
144,0,0.006329523,0.007901047,0.00157152442
144,1,0.00598812569,0.00780933676,0.00182121107
144,2,0.00168037415,0.008249168,0.006568794
144,3,0.004730779,0.007901047,0.00317026814
145,0,0.00649434375,0.008068248,0.001573904
145,1,0.006152786,0.007974597,0.00182181085
145,2,0.00173091888,0.008423736,0.00669281743
145,3,0.00488791475,0.008068248,0.003180333
146,0,0.00638742745,0.007897931,0.0015105037
146,1,0.00605959352,0.00780625641,0.00174666289
146,2,0.001707077,0.008245915,0.006538838
146,3,0.004839957,0.007897931,0.003057974
147,0,0.00635659043,0.007824506,0.00146791525
147,1,0.006038484,0.007733683,0.00169519894
147,2,0.00170612335,0.008169254,0.006463131
147,3,0.0048476425,0.007824506,0.00297686318
148,0,0.006626212,0.00811839,0.00149217807
148,1,0.006303436,0.008024157,0.0017207209
148,2,0.001783371,0.008476088,0.006692717
148,3,0.00508590741,0.00811839,0.00303248269
149,0,0.006539432,0.007975939,0.00143650686
149,1,0.006229699,0.00788336,0.00165366055
149,2,0.00176525116,0.00832736,0.006562109
149,3,0.00505228154,0.007975939,0.00292365719
150,0,0.00651319139,0.007908289,0.00139509793
150,1,0.00621144427,0.007816494,0.00160505017
150,2,0.00176429749,0.00825673,0.006492432
150,3,0.00506207533,0.007908289,0.002846214
151,0,0.00641472172,0.007754747,0.0013400251
151,1,0.006124737,0.0076647345,0.00153999729
151,2,0.00174331665,0.008096422,0.00635310542
151,3,0.005015933,0.007754747,0.00273881387
152,0,0.00611410942,0.007360946,0.0012468365
152,1,0.00584606873,0.00727550453,0.0014294358
152,2,0.001666069,0.00768527,0.006019201
152,3,0.004808893,0.007360946,0.002552053
153,0,0.00605198136,0.00725708762,0.00120510627
153,1,0.005791787,0.00717285136,0.0013810643
153,2,0.00165367126,0.007576836,0.00592316454
153,3,0.00478386041,0.00725708762,0.00247322721
154,0,0.00617073337,0.00737066241,0.001199929
154,1,0.005913774,0.00728510832,0.00137133431
154,2,0.00169086456,0.007695415,0.00600455049
154,3,0.004905555,0.00737066241,0.00246510748
155,0,0.005993323,0.007131045,0.00113772228
155,1,0.00574849965,0.00704827253,0.00129977288
155,2,0.00164699554,0.00744524039,0.005798245
155,3,0.004789599,0.007131045,0.002341446
156,0,0.00591769768,0.0070146285,0.00109693082
156,1,0.005682609,0.00693320669,0.00125059765
156,2,0.00162982941,0.007323694,0.00569386454
156,3,0.00474962,0.0070146285,0.00226500863
157,0,0.00598057965,0.00706376135,0.00108318171
157,1,0.005749861,0.00698176958,0.0012319088
157,2,0.00165176392,0.007374992,0.005723228
157,3,0.004824879,0.00706376135,0.00223888224
158,0,0.00606826739,0.00714067044,0.001072403
158,1,0.005838837,0.007057786,0.001218949
158,2,0.00167942047,0.00745528936,0.005775869
158,3,0.004920633,0.00714067044,0.00222003739
159,0,0.005999127,0.00703378674,0.0010346598
159,1,0.005778656,0.006952143,0.00117348693
159,2,0.00166511536,0.00734369643,0.005678581
159,3,0.0048860996,0.00703378674,0.00214768713
160,0,0.00608153734,0.0071052867,0.00102374936
160,1,0.00586386956,0.007022813,0.0011589434
160,2,0.00169181824,0.007418347,0.005726529
160,3,0.00497673,0.0071052867,0.00212855684
161,0,0.00609857729,0.007099787,0.00100120949
161,1,0.005885726,0.007017377,0.001131651
161,2,0.001701355,0.00741260452,0.00571124954
161,3,0.00501337135,0.007099787,0.00208641542
162,0,0.00603464153,0.00700106146,0.000966419932
162,1,0.00583099062,0.00691979751,0.00108880689
162,2,0.00168704987,0.00730952946,0.0056224796
162,3,0.00498321466,0.00700106146,0.0020178468
163,0,0.00601292448,0.0069518364,0.0009389119
163,1,0.005814097,0.006871144,0.00105704693
163,2,0.00168418884,0.00725813536,0.00557394652
163,3,0.0049866843,0.0069518364,0.001965152
164,0,0.00615942432,0.007097312,0.000937887467
164,1,0.00596218556,0.00701493025,0.00105274469
164,2,0.00172996521,0.00741002057,0.00568005536
164,3,0.005131142,0.007097312,0.00196616957
165,0,0.00618852675,0.007106112,0.0009175851
165,1,0.005996265,0.00702362834,0.00102736335
165,2,0.0017414093,0.007419208,0.00567779876
165,3,0.00517563,0.007106112,0.00193048175
166,0,0.006094054,0.00697457,0.000880516134
166,1,0.00590939727,0.00689361338,0.0009842161
166,2,0.00171947479,0.00728187058,0.005562396
166,3,0.00511953328,0.00697457,0.00185503671
167,0,0.00655797962,0.00748038758,0.000922407955
167,1,0.00636601774,0.00739356,0.00102754217
167,2,0.00185394287,0.00780997472,0.005956032
167,3,0.00553286634,0.00748038758,0.00194752123
168,0,0.00633057673,0.00719594536,0.000865368638
168,1,0.006150678,0.007112419,0.000961741433
168,2,0.00179386139,0.0075129997,0.00571913831
168,3,0.005362761,0.00719594536,0.00183318416
169,0,0.00622961856,0.00705826143,0.000828642864
169,1,0.006058393,0.00697633345,0.0009179404
169,2,0.00176906586,0.00736924959,0.00560018374
169,3,0.005299886,0.00705826143,0.00175837521
170,0,0.006294689,0.007109137,0.000814447645
170,1,0.0061263917,0.007026618,0.0009002262
170,2,0.001791954,0.007422366,0.005630412
170,3,0.00537589239,0.007109137,0.0017332444
171,0,0.006327561,0.007123162,0.000795600936
171,1,0.006164102,0.00704048062,0.000876378734
171,2,0.00180435181,0.00743700936,0.00563265756
171,3,0.00542443525,0.007123162,0.00169872679
172,0,0.006279684,0.00704735331,0.0007676692
172,1,0.006123083,0.006965552,0.0008424688
172,2,0.00179481506,0.007357861,0.005563046
172,3,0.005405141,0.00704735331,0.00164221227
173,0,0.00621657539,0.006954953,0.0007383777
173,1,0.006066079,0.006874224,0.0008081454
173,2,0.00177955627,0.0072613894,0.005481833
173,3,0.005371061,0.006954953,0.00158389192
174,0,0.00637913449,0.00711482,0.0007356857
174,1,0.0062308996,0.00703223562,0.000801336
174,2,0.00183105469,0.0074283,0.00559724541
174,3,0.005531505,0.00711482,0.001583315
175,0,0.00634332,0.00705321971,0.0007098997
175,1,0.00620074337,0.00697135041,0.000770607032
175,2,0.00182342529,0.00736398576,0.00554056047
175,3,0.005521258,0.00705321971,0.00153196184
176,0,0.006333819,0.00702196173,0.0006881426
176,1,0.00619652728,0.006940455,0.0007439279
176,2,0.001824379,0.00733135035,0.00550697139
176,3,0.00553286634,0.00702196173,0.00148909539
177,0,0.006273653,0.00693441974,0.000660766847
177,1,0.00614192337,0.00685392926,0.0007120059
177,2,0.00181102753,0.00723995129,0.00542892376
177,3,0.005498787,0.00693441974,0.00143563282
178,0,0.006460864,0.00712068658,0.0006598225
178,1,0.00633057673,0.007038034,0.0007074573
178,2,0.001868248,0.00743442541,0.00556617742
178,3,0.00568426354,0.00712068658,0.001436423
179,0,0.00643395027,0.007070087,0.0006361366
179,1,0.006310829,0.00698802155,0.0006771926
179,2,0.00186443329,0.007381596,0.005517163
179,3,0.00568034034,0.007070087,0.00138974655
180,0,0.00647308026,0.00709272828,0.000619648
180,1,0.0063535017,0.0070104003,0.0006568986
180,2,0.0018787384,0.007405235,0.00552649656
180,3,0.00573296752,0.00709272828,0.00135976076
181,0,0.00643402338,0.00702966144,0.000595638063
181,1,0.00631926069,0.00694806548,0.0006288048
181,2,0.001871109,0.00733938953,0.00546828052
181,3,0.00571941165,0.00702966144,0.00131024979
182,0,0.006471646,0.00705102,0.0005793739
182,1,0.006361187,0.00696917577,0.0006079888
182,2,0.00188541412,0.007361689,0.005476275
182,3,0.005771878,0.00705102,0.00127914175
183,0,0.006585274,0.007154695,0.000569421332
183,1,0.0064786654,0.007071648,0.0005929824
183,2,0.00192165375,0.007469932,0.00554827834
183,3,0.005891757,0.007154695,0.00126293814
184,0,0.00644902838,0.00698721968,0.0005381913
184,1,0.00634912448,0.00690611638,0.0005569919
184,2,0.0018863678,0.00729507767,0.00540871
184,3,0.005789972,0.00698721968,0.00119724777
185,0,0.0068088267,0.007356454,0.000547627453
185,1,0.006708176,0.007271065,0.000562889036
185,2,0.001994133,0.007680581,0.005686448
185,3,0.00613213,0.007356454,0.00122432411
186,0,0.007416764,0.007990057,0.00057329284
186,1,0.00731421728,0.007897313,0.0005830955
186,2,0.00217628479,0.008342099,0.00616581459
186,3,0.006702891,0.007990057,0.00128716556
187,0,0.00728753,0.007827531,0.0005400004
187,1,0.00719086872,0.00773667358,0.000545804854
187,2,0.00214290619,0.008172413,0.006029507
187,3,0.00660879165,0.007827531,0.001218739
188,0,0.007501736,0.008033598,0.000531862
188,1,0.00741013233,0.007940349,0.000530216843
188,2,0.00220966339,0.00838756,0.00617789663
188,3,0.00682776235,0.008033598,0.00120583549
189,0,0.007535516,0.008045881,0.000510365237
189,1,0.00744752027,0.007952489,0.0005049687
189,2,0.00222492218,0.008400383,0.006175461
189,3,0.006881429,0.008045881,0.00116445217
190,0,0.007438327,0.007919198,0.000480870716
190,1,0.0073579587,0.007827276,0.00046931766
190,2,0.002199173,0.008268119,0.006068946
190,3,0.0068159923,0.007919198,0.00110320561
191,0,0.007542301,0.008006831,0.00046452973
191,1,0.0074669756,0.007913893,0.0004469175
191,2,0.002234459,0.008359613,0.006125154
191,3,0.0069333096,0.008006831,0.0010735211
192,0,0.00760917924,0.008054956,0.000445776619
192,1,0.007539512,0.007961459,0.000421947334
192,2,0.00225830078,0.008409859,0.006151558
192,3,0.00701790862,0.008054956,0.00103704724
193,0,0.00765147852,0.0080769565,0.000425477978
193,1,0.00758701563,0.007983204,0.000396188349
193,2,0.002275467,0.008432828,0.006157361
193,3,0.00708214473,0.0080769565,0.0009948118
194,0,0.00750701362,0.007902698,0.000395684037
194,1,0.00744962832,0.007810968,0.000361339655
194,2,0.00223636627,0.008250892,0.006014526
194,3,0.00696920464,0.007902698,0.000933493
195,0,0.007180314,0.00753859663,0.0003582826
195,1,0.007130556,0.00745109329,0.000320537481
195,2,0.00214195251,0.007870749,0.005728796
195,3,0.00668509025,0.00753859663,0.0008535064
196,0,0.00673312834,0.00705184462,0.00031871628
196,1,0.0066908286,0.006969991,0.000279162545
196,2,0.00201225281,0.00736255,0.00535029732
196,3,0.00628881156,0.00705184462,0.000763033051
197,0,0.00682979,0.00713636167,0.000306571834
197,1,0.00679095974,0.00705352752,0.000262567773
197,2,0.002043724,0.007450791,0.005407067
197,3,0.006395267,0.00713636167,0.0007410948
198,0,0.006814031,0.00710336166,0.000289330725
198,1,0.0067810053,0.00702091027,0.00023990497
198,2,0.00204277039,0.007416337,0.00537356641
198,3,0.00639798958,0.00710336166,0.0007053721
199,0,0.006801061,0.00707320357,0.0002721427
199,1,0.006771051,0.006991102,0.000220051035
199,2,0.00204181671,0.00738484971,0.005343033
199,3,0.006402659,0.00707320357,0.000670544337
200,0,0.00665795663,0.006908753,0.000250796322
200,1,0.006633532,0.00682856049,0.000195028726
200,2,0.00200176239,0.007213154,0.00521139149
200,3,0.00628443435,0.006908753,0.0006243186
201,0,0.00705432333,0.00730383769,0.000249514356
201,1,0.0070316256,0.007219059,0.000187433325
201,2,0.0021238327,0.007625646,0.00550181326
201,3,0.00667604338,0.00730383769,0.0006277943
202,0,0.006920493,0.00714892056,0.000228427351
202,1,0.00690451451,0.00706594,0.000161425676
202,2,0.0020866394,0.007463903,0.00537726376
202,3,0.00656628,0.00714892056,0.0005826405
203,0,0.006797518,0.00700646965,0.000208951533
203,1,0.006785675,0.006925143,0.000139467884
203,2,0.0020532608,0.00731517561,0.005261915
203,3,0.006466442,0.00700646965,0.000540027861
204,0,0.006893199,0.00708970334,0.0001965044
204,1,0.0068841516,0.00700741075,0.000123259146
204,2,0.00208377838,0.007402077,0.00531829847
204,3,0.00657215,0.00708970334,0.0005175532
205,0,0.006905942,0.00708768656,0.000181744341
205,1,0.006902246,0.00700541725,0.000103171449
205,2,0.00209140778,0.007399971,0.00530856336
205,3,0.00660292152,0.00708768656,0.000484765042
206,0,0.006753184,0.006916636,0.000163452234
206,1,0.00675295666,0.006836352,8.339528E-05
206,2,0.00204753876,0.007221384,0.005173845
206,3,0.00647156546,0.006916636,0.000445070677
207,0,0.006891691,0.00704350369,0.000151812565
207,1,0.006895014,0.00696174661,6.673252E-05
207,2,0.00209236145,0.00735384133,0.00526148
207,3,0.00662056124,0.00704350369,0.000422942452
208,0,0.007009989,0.00715002,0.000140030868
208,1,0.007018655,0.007067027,4.83719632E-05
208,2,0.002131462,0.007465051,0.005333589
208,3,0.006749941,0.00715002,0.000400078949
209,0,0.00705432333,0.007179904,0.000125580467
209,1,0.00706722774,0.007096564,2.93361954E-05
209,2,0.00214767456,0.00749625126,0.0053485767
209,3,0.00680905348,0.007179904,0.000370850321
210,0,0.00786968,0.007992989,0.000123308972
210,1,0.00788754,0.007900212,1.2671575E-05
210,2,0.00239944458,0.0083451625,0.005945718
210,3,0.00761461025,0.007992989,0.000378379133
211,0,0.007884305,0.007989873,0.000105568208
211,1,0.007908357,0.007897131,1.12261623E-05
211,2,0.002407074,0.00834190752,0.00593483355
211,3,0.00764869,0.007989873,0.00034118304
212,0,0.00833390653,0.008426207,9.230059E-05
212,1,0.00836407,0.008328401,3.56696546E-05
212,2,0.00254821777,0.008797468,0.00624925
212,3,0.008107258,0.008426207,0.0003189491
213,0,0.007892525,0.007962189,6.966386E-05
213,1,0.007926905,0.007869769,5.713571E-05
213,2,0.00241756439,0.008313005,0.00589544047
213,3,0.00769694,0.007962189,0.0002652486
214,0,0.008119474,0.008173574,5.4099597E-05
214,1,0.008160339,0.0080787,8.16388056E-05
214,2,0.00249004364,0.008533702,0.00604365859
214,3,0.007939875,0.008173574,0.000233698636
215,0,0.00786643848,0.007901689,3.525056E-05
215,1,0.007909264,0.007809971,9.929342E-05
215,2,0.002415657,0.008249839,0.005834182
215,3,0.007710364,0.007901689,0.000191324856
216,0,0.007998761,0.00801829,1.95289031E-05
216,1,0.008048599,0.007925218,0.000123380683
216,2,0.00246047974,0.008371577,0.005911097
216,3,0.007859199,0.00801829,0.000159090385
217,0,0.007965889,0.007968972,3.083609E-06
217,1,0.008019643,0.00787647348,0.000143169425
217,2,0.002453804,0.008320087,0.00586628262
217,3,0.007846683,0.007968972,0.000122289173
218,0,0.007919366,0.007906639,1.2726523E-05
218,1,0.007977424,0.007814864,0.0001625605
218,2,0.00244236,0.008255007,0.005812647
218,3,0.007819088,0.007906639,8.755084E-05
219,0,0.00747693,0.00745050469,2.64253467E-05
219,1,0.00753695,0.00736402348,0.000172926579
219,2,0.00230884552,0.007778775,0.00546992943
219,3,0.00739836227,0.00745050469,5.21424226E-05
220,0,0.007133645,0.00709575368,3.78913246E-05
220,1,0.00719433837,0.00701339031,0.00018094806
220,2,0.002204895,0.00740839355,0.00520349853
220,3,0.00707445946,0.00709575368,2.1294225E-05
221,0,0.007010216,0.00696118642,4.90294769E-05
221,1,0.00707355142,0.006880385,0.000193166547
221,2,0.00217056274,0.00726789748,0.00509733474
221,3,0.00696528144,0.00696118642,4.09502536E-06
222,0,0.00707407854,0.00701288646,6.11920841E-05
222,1,0.007141711,0.006931485,0.000210226048
222,2,0.00219154358,0.007321875,0.0051303315
222,3,0.00704459567,0.00701288646,3.17092054E-05
223,0,0.00714955,0.0070759533,7.35968351E-05
223,1,0.007221479,0.00699382,0.000227659009
223,2,0.00221824646,0.007387721,0.00516947452
223,3,0.007132664,0.0070759533,5.671056E-05
224,0,0.0073881885,0.00729980366,8.838484E-05
224,1,0.007466229,0.007215072,0.0002511572
224,2,0.002295494,0.00762143452,0.00532594044
224,3,0.007385846,0.00729980366,8.60425644E-05
225,0,0.00726249767,0.007164137,9.83607E-05
225,1,0.00734271947,0.00708097965,0.000261739828
225,2,0.00225830078,0.00747978967,0.005221489
225,3,0.00727456,0.007164137,0.000110423192
226,0,0.007110647,0.0070029865,0.000107660424
226,1,0.007193138,0.0069217,0.0002714377
226,2,0.002213478,0.00731153926,0.005098061
226,3,0.007137495,0.0070029865,0.000134508591
227,0,0.007164482,0.00704496959,0.000119512435
227,1,0.00725163566,0.006963196,0.000288439449
227,2,0.00223255157,0.00735537242,0.005122821
227,3,0.007204293,0.00704496959,0.000159323215
228,0,0.00718536461,0.00705468655,0.000130678061
228,1,0.007275241,0.0069728,0.000302440953
228,2,0.00224208832,0.00736551732,0.005123429
228,3,0.007239119,0.00705468655,0.0001844326
229,0,0.0071757175,0.00703433668,0.00014138082
229,1,0.00726920972,0.00695268624,0.000316523481
229,2,0.00224113464,0.00734427059,0.005103136
229,3,0.007242296,0.00703433668,0.000207959209
230,0,0.00719207665,0.00704002,0.000152056571
230,1,0.007288211,0.00695830351,0.000329907518
230,2,0.002248764,0.007350204,0.00510144
230,3,0.00727410661,0.00704002,0.000234086532
231,0,0.007206174,0.00704350369,0.000162670389
231,1,0.00730743958,0.00696174661,0.00034569297
231,2,0.00225639343,0.00735384133,0.005097448
231,3,0.00730004674,0.00704350369,0.000256543048
232,0,0.00722208666,0.00704863667,0.000173449982
232,1,0.007326734,0.00696682,0.0003599138
232,2,0.00226306915,0.00735920062,0.00509613147
232,3,0.007331111,0.00704863667,0.000282474328
233,0,0.007327114,0.007141037,0.000186077319
233,1,0.007436592,0.00705814827,0.00037844386
233,2,0.002298355,0.007455672,0.005157317
233,3,0.00745024346,0.007141037,0.000309206545
234,0,0.00724666566,0.00705248676,0.0001941789
234,1,0.007358705,0.006970626,0.000388079323
234,2,0.00227451324,0.00736322,0.005088707
234,3,0.00738072256,0.00705248676,0.0003282358
235,0,0.00722691,0.00702388631,0.000203023665
235,1,0.007341519,0.0069423574,0.0003991616
235,2,0.002272606,0.00733335968,0.005060754
235,3,0.00737679936,0.00702388631,0.000352913048
236,0,0.00727546774,0.00706110336,0.00021436438
236,1,0.00739437342,0.00697914232,0.0004152311
236,2,0.00228881836,0.007372217,0.00508339843
236,3,0.00743681937,0.00706110336,0.000375716016
237,0,0.007353428,0.007127287,0.000226140954
237,1,0.00747647649,0.007044558,0.000431918539
237,2,0.00231552124,0.00744131627,0.005125795
237,3,0.00753001124,0.007127287,0.00040272437
238,0,0.00733239157,0.00709722,0.000235171523
238,1,0.007459063,0.00701484,0.000444223173
238,2,0.00231170654,0.00740992464,0.005098218
238,3,0.00752141839,0.00709722,0.000424198341
239,0,0.0072955233,0.00705248676,0.000243036542
239,1,0.007424076,0.006970626,0.000453450251
239,2,0.00230312347,0.00736322,0.00506009674
239,3,0.007497586,0.00705248676,0.000445099082
240,0,0.00740402052,0.00714837,0.000255650375
240,1,0.00753860455,0.00706539629,0.00047320826
240,2,0.00233840942,0.00746332854,0.005124919
240,3,0.007621549,0.00714837,0.000473178923
241,0,0.00838612,0.008085573,0.0003005471
241,1,0.008542608,0.007991721,0.0005508866
241,2,0.00265216827,0.008441825,0.005789657
241,3,0.008647863,0.008085573,0.00056228973
242,0,0.008226123,0.007920022,0.000306100585
242,1,0.008382684,0.007828091,0.000554592349
242,2,0.00260448456,0.008268979,0.005664495
242,3,0.008497666,0.007920022,0.0005776435
243,0,0.008141791,0.007828539,0.0003132522
243,1,0.008301488,0.00773767,0.00056381803
243,2,0.0025806427,0.008173466,0.005592823
243,3,0.008428306,0.007828539,0.0005997671
244,0,0.007421514,0.00712692039,0.000294593628
244,1,0.007570576,0.007044195,0.0005263807
244,2,0.002354622,0.00744093349,0.0050863116
244,3,0.007694832,0.00712692039,0.000567911658
245,0,0.00737683941,0.0070759533,0.0003008861
245,1,0.00752813043,0.00699382,0.0005343105
245,2,0.00234222412,0.007387721,0.005045497
245,3,0.00766075263,0.0070759533,0.000584799331
246,0,0.007484283,0.00717055332,0.0003137295
246,1,0.0076406165,0.007087322,0.000553294551
246,2,0.00237846375,0.007486489,0.00510802539
246,3,0.00778500875,0.00717055332,0.000614455435
247,0,0.007397462,0.00707943644,0.0003180257
247,1,0.00755459024,0.006997263,0.0005573272
247,2,0.00235366821,0.007391358,0.00503768958
247,3,0.00770689454,0.00707943644,0.0006274581
248,0,0.007853242,0.00750715472,0.000346086919
248,1,0.008024247,0.007420016,0.0006042314
248,2,0.002500534,0.007837921,0.00533738732
248,3,0.008195326,0.00750715472,0.000688171
249,0,0.007846796,0.007492488,0.000354308169
249,1,0.0080210045,0.00740551949,0.000615485
249,2,0.00250148773,0.007822608,0.00532112
249,3,0.008202265,0.007492488,0.000709777232
250,0,0.00763711426,0.0072840373,0.000353076961
250,1,0.00781010743,0.00719948858,0.000610618852
250,2,0.00243663788,0.00760497339,0.00516833551
250,3,0.007995518,0.0072840373,0.0007114806
251,0,0.00774067454,0.007375154,0.000365520362
251,1,0.00791853853,0.007289548,0.0006289906
251,2,0.00247192383,0.00770010473,0.005228181
251,3,0.008116305,0.007375154,0.0007411507
252,0,0.008253758,0.007855489,0.000398268923
252,1,0.008447989,0.007764308,0.0006836811
252,2,0.00263881683,0.008201604,0.005562787
252,3,0.008668972,0.007855489,0.000813483261
253,0,0.0101850051,0.009681677,0.0005033277
253,1,0.0104292138,0.00956929848,0.0008599153
253,2,0.00325870514,0.010108253,0.006849548
253,3,0.0107175438,0.009681677,0.00103586633
254,0,0.009469478,0.00899014249,0.0004793359
254,1,0.009701477,0.008885791,0.00081568677
254,2,0.003033638,0.00938625,0.006352612
254,3,0.009983616,0.00899014249,0.0009934735
255,0,0.008893359,0.008433357,0.000460002571
255,1,0.009115865,0.008335467,0.000780398
255,2,0.00285243988,0.008804932,0.00595249236
255,3,0.009392653,0.008433357,0.0009592958
256,0,0.008799413,0.008335274,0.0004641395
256,1,0.009023192,0.008238522,0.00078467
256,2,0.00282478333,0.008702527,0.00587774348
256,3,0.009309708,0.008335274,0.0009744344
257,0,0.00980243552,0.00927541,0.0005270252
257,1,0.0100571252,0.009167747,0.0008893786
257,2,0.00314998627,0.009684086,0.00653409958
257,3,0.0103891026,0.00927541,0.0011136923
258,0,0.008400331,0.007940372,0.0004599588
258,1,0.008621629,0.007848206,0.000773423351
258,2,0.002702713,0.008290227,0.00558751356
258,3,0.0089193,0.007940372,0.0009789271
259,0,0.0101672113,0.009600644,0.0005665673
259,1,0.0104409829,0.009489206,0.0009517772
259,2,0.003273964,0.01002365,0.006749686
259,3,0.0108132977,0.009600644,0.0012126537
260,0,0.0115059065,0.0108520808,0.0006538257
260,1,0.0118215168,0.0107261166,0.00109540019
260,2,0.003709793,0.0113302255,0.00762043241
260,3,0.0122623788,0.0108520808,0.001410298
261,0,0.008791761,0.008283574,0.0005081864
261,1,0.009037524,0.008187423,0.000850101
261,2,0.002837181,0.008648549,0.005811368
261,3,0.00938646,0.008283574,0.00110288616
262,0,0.009977471,0.009391643,0.000585828
262,1,0.0102604032,0.009282631,0.0009777723
262,2,0.00322341919,0.009805441,0.00658202171
262,3,0.0106714014,0.009391643,0.00127975829
263,0,0.00895843,0.008424924,0.0005335063
263,1,0.009216743,0.008327132,0.0008896105
263,2,0.00289726257,0.008796127,0.005898864
263,3,0.00959697,0.008424924,0.00117204618
264,0,0.00886919349,0.008334173,0.0005350206
264,1,0.009128901,0.00823743548,0.0008914657
264,2,0.00287151337,0.00870137848,0.005829865
264,3,0.009516228,0.008334173,0.0011820551
265,0,0.010589405,0.009942011,0.000647394
265,1,0.010904382,0.009826611,0.00107777119
265,2,0.00343132019,0.0103800576,0.00694873743
265,3,0.0113817239,0.009942011,0.00143971294
266,0,0.0106587317,0.009997928,0.0006608041
266,1,0.0109815877,0.009881878,0.00109970942
266,2,0.003458023,0.0104384385,0.00698041543
266,3,0.0114770243,0.009997928,0.00147909671
267,0,0.00879964,0.00824745651,0.000552183948
267,1,0.009069335,0.008151725,0.0009176098
267,2,0.00285720825,0.008610841,0.00575363263
267,3,0.009490514,0.00824745651,0.00124305766
268,0,0.009791655,0.009170359,0.000621295534
268,1,0.0100967167,0.009063915,0.00103280134
268,2,0.00318145752,0.009574407,0.00639294926
268,3,0.0105770752,0.009170359,0.00140671618
269,0,0.009436639,0.008831559,0.0006050803
269,1,0.00973465,0.008729047,0.001005603
269,2,0.00306987762,0.009220678,0.00615080073
269,3,0.0102101108,0.008831559,0.001378552
270,0,0.0112417489,0.01051328,0.000728469342
270,1,0.011601734,0.0103912475,0.00121048652
270,2,0.0036611557,0.0109764962,0.00731534045
270,3,0.0121842651,0.01051328,0.00167098548
271,0,0.007969204,0.0074477545,0.000521449838
271,1,0.008228044,0.00736130541,0.0008667386
271,2,0.00259780884,0.00777590368,0.005178095
271,3,0.008650651,0.0074477545,0.0012028967
272,0,0.007801481,0.00728733744,0.0005141436
272,1,0.008057873,0.00720275054,0.0008551222
272,2,0.002544403,0.007608419,0.00506401574
272,3,0.008479052,0.00728733744,0.00119171478
273,0,0.008564852,0.007996289,0.0005685631
273,1,0.00884925947,0.007903473,0.000945786
273,2,0.002796173,0.008348607,0.00555243436
273,3,0.009321317,0.007996289,0.001325028
274,0,0.008842466,0.008251307,0.0005911598
274,1,0.009139376,0.008155531,0.0009838445
274,2,0.0028886795,0.00861486048,0.005726181
274,3,0.009637015,0.008251307,0.00138570834
275,0,0.007887134,0.00735627068,0.000530863646
275,1,0.008154761,0.007270884,0.0008838773
275,2,0.00257873535,0.007680389,0.00510165375
275,3,0.00860639,0.00735627068,0.00125011941
276,0,0.007870848,0.007338121,0.0005327272
276,1,0.00814104453,0.00725294463,0.0008880999
276,2,0.00257587433,0.00766143948,0.005085565
276,3,0.008599386,0.007338121,0.00126126455
277,0,0.007842913,0.00730897067,0.0005339426
277,1,0.00811426248,0.00722413231,0.0008901302
277,2,0.002568245,0.007631005,0.00506276
277,3,0.008579477,0.00730897067,0.00127050607
278,0,0.008389209,0.007814973,0.000574236736
278,1,0.008682623,0.007724261,0.000958361663
278,2,0.00274848938,0.008159301,0.005410812
278,3,0.009188013,0.007814973,0.00137304049
279,0,0.008298732,0.00772770541,0.000571026932
279,1,0.0085917,0.007638007,0.0009536934
279,2,0.0027217865,0.008068189,0.00534640253
279,3,0.009100787,0.00772770541,0.00137308193
280,0,0.008474335,0.007888672,0.000585663132
280,1,0.008777016,0.00779710524,0.0009799106
280,2,0.00278091431,0.008236248,0.00545533374
280,3,0.009304423,0.007888672,0.001415751
281,0,0.008235097,0.00766335474,0.0005717422
281,1,0.008531226,0.007574403,0.000956822652
281,2,0.00270462036,0.008001003,0.005296383
281,3,0.009053283,0.00766335474,0.00138992863
282,0,0.008079549,0.00751632173,0.0005632276
282,1,0.00837409,0.007429077,0.0009450135
282,2,0.002655983,0.007847492,0.00519150868
282,3,0.008893586,0.00751632173,0.001377264
283,0,0.008182696,0.00761018833,0.000572507735
283,1,0.008483042,0.007521854,0.0009611882
283,2,0.002691269,0.007945494,0.005254225
283,3,0.009017616,0.00761018833,0.00140742725
284,0,0.008097343,0.00752897142,0.000568371732
284,1,0.008397242,0.00744158,0.0009556622
284,2,0.002664566,0.0078607,0.00519613363
284,3,0.008933924,0.00752897142,0.00140495272
285,0,0.008496992,0.007898389,0.0005986029
285,1,0.008814045,0.0078067095,0.00100733573
285,2,0.00279903412,0.008246394,0.00544735976
285,3,0.009385713,0.007898389,0.001487324
286,0,0.00859761052,0.007990423,0.00060718786
286,1,0.008921862,0.007897674,0.00102418754
286,2,0.00283336639,0.008342481,0.005509115
286,3,0.009509355,0.007990423,0.00151893217
287,0,0.008361914,0.0077696885,0.0005922257
287,1,0.008680127,0.007679503,0.00100062368
287,2,0.00275802612,0.008112023,0.00535399653
287,3,0.009257988,0.0077696885,0.00148829957
288,0,0.008511131,0.007907189,0.000603941269
288,1,0.008837943,0.007815407,0.00102253631
288,2,0.00280952454,0.008255581,0.005446057
288,3,0.009436072,0.007907189,0.00152888242
289,0,0.008833606,0.008205473,0.0006281324
289,1,0.009175431,0.008110229,0.001065202
289,2,0.00291824341,0.008567008,0.005648765
289,3,0.009804851,0.008205473,0.001599378
290,0,0.008592333,0.007980339,0.0006119935
290,1,0.008928413,0.007887708,0.00104070455
290,2,0.002840042,0.008331954,0.00549191143
290,3,0.009548493,0.007980339,0.0015681535
291,0,0.008603982,0.007990423,0.000613559037
291,1,0.008942451,0.007897674,0.00104477722
291,2,0.00284576416,0.008342481,0.005496717
291,3,0.009572552,0.007990423,0.00158212893
292,0,0.008658458,0.008040289,0.000618168153
292,1,0.00900253747,0.00794696249,0.001055575
292,2,0.00286579132,0.008394546,0.00552875455
292,3,0.009644473,0.008040289,0.00160418358
293,0,0.00866072,0.008042307,0.0006184131
293,1,0.009008114,0.007948956,0.00105915777
293,2,0.002869606,0.008396652,0.00552704558
293,3,0.009657897,0.008042307,0.00161559042
294,0,0.008663622,0.008044689,0.000618932769
294,1,0.009013692,0.007951312,0.00106238015
294,2,0.00287151337,0.008399139,0.005527626
294,3,0.009672975,0.008044689,0.00162828621
295,0,0.008809554,0.008179991,0.0006295638
295,1,0.009168265,0.008085042,0.00108322315
295,2,0.002922058,0.008540402,0.005618344
295,3,0.009846843,0.008179991,0.00166685227
296,0,0.008716403,0.008094006,0.000622396357
296,1,0.00907416549,0.008000055,0.00107411016
296,2,0.00289344788,0.008450629,0.00555718131
296,3,0.00975410547,0.008094006,0.00166009925
297,0,0.008562664,0.007951556,0.0006111078
297,1,0.008917031,0.007859259,0.001057772
297,2,0.00284385681,0.008301903,0.00545804575
297,3,0.009592299,0.007951556,0.00164074358
298,0,0.008250401,0.007661889,0.0005885125
298,1,0.008593808,0.007572954,0.00102085387
298,2,0.00274181366,0.007999472,0.00525765866
298,3,0.009252704,0.007661889,0.00159081491
299,0,0.00771292625,0.0071639535,0.000548972748
299,1,0.008036763,0.007080799,0.000955964439
299,2,0.002565384,0.00747959875,0.004914215
299,3,0.008659632,0.0071639535,0.00149567844
300,0,0.008178813,0.00759717124,0.000581642147
300,1,0.008524807,0.007508988,0.00101581914
300,2,0.0027217865,0.007931904,0.00521011744
300,3,0.009190802,0.00759717124,0.00159363123
301,0,0.008110954,0.007535388,0.0005755662
301,1,0.008456355,0.007447922,0.00100843282
301,2,0.00270080566,0.007867399,0.005166593
301,3,0.009124458,0.007535388,0.00158906961
302,0,0.00843279,0.00783550553,0.0005972842
302,1,0.008794135,0.00774455536,0.00104958
302,2,0.00281047821,0.008180738,0.00537026
302,3,0.009496545,0.00783550553,0.00166103989
303,0,0.008222054,0.00764098857,0.0005810652
303,1,0.008576234,0.007552297,0.001023937
303,2,0.00274086,0.007977652,0.00523679238
303,3,0.009268463,0.00764098857,0.00162747409
304,0,0.008270797,0.00768828858,0.000582508743
304,1,0.008630676,0.00759904739,0.00103162881
304,2,0.0027589798,0.008027036,0.005268056
304,3,0.00933286,0.00768828858,0.00164457131
305,0,0.007981193,0.007420621,0.000560572371
305,1,0.00833051,0.007334487,0.000996023
305,2,0.002664566,0.00774757471,0.00508300867
305,3,0.009015346,0.007420621,0.00159472506
306,0,0.008131537,0.00756215537,0.0005693813
306,1,0.008489234,0.007474378,0.00101485616
306,2,0.00271606445,0.007895345,0.00517928042
306,3,0.009193752,0.00756215537,0.00163159659
307,0,0.008590185,0.007991157,0.000599028543
307,1,0.008970792,0.0078984,0.0010723928
307,2,0.00287055969,0.008343248,0.005472688
307,3,0.009722133,0.007991157,0.00173097663
308,0,0.008289759,0.00771395536,0.0005758037
308,1,0.008659472,0.007624416,0.00103505561
308,2,0.00277233124,0.008053834,0.00528150238
308,3,0.009391745,0.00771395536,0.00167778926
309,0,0.007747046,0.007211254,0.0005357922
309,1,0.008094515,0.00712755,0.000966964755
309,2,0.00259208679,0.007528983,0.00493689626
309,3,0.008785543,0.007211254,0.001574289
310,0,0.007539699,0.00702058664,0.0005191122
310,1,0.007880536,0.006939096,0.00094144
310,2,0.002524376,0.00732991472,0.004805539
310,3,0.008557913,0.00702058664,0.00153732626
311,0,0.00764133735,0.00711757038,0.000523766968
311,1,0.007987833,0.00703495368,0.000952878967
311,2,0.00255966187,0.00743117137,0.0048715095
311,3,0.008681262,0.00711757038,0.00156369153
312,0,0.007689328,0.007164687,0.000524641
312,1,0.00804046,0.00708152354,0.0009589363
312,2,0.00257778168,0.00748036429,0.00490258262
312,3,0.008742643,0.007164687,0.00157795567
313,0,0.007507127,0.00699767,0.000509456731
313,1,0.00785180647,0.006916445,0.000935361255
313,2,0.00251674652,0.00730598858,0.004789242
313,3,0.0085442625,0.00699767,0.00154659245
314,0,0.007688874,0.007170004,0.0005188701
314,1,0.008043929,0.007086779,0.00095715
314,2,0.002579689,0.00748591544,0.00490622642
314,3,0.008757722,0.007170004,0.00158771779
315,0,0.00771285268,0.00719567062,0.000517182052
315,1,0.008070909,0.00711214775,0.000958761666
315,2,0.00258922577,0.007512713,0.004923487
315,3,0.008793455,0.00719567062,0.001597784
316,0,0.007584033,0.00707815355,0.0005058795
316,1,0.007938221,0.0069959946,0.0009422265
316,2,0.002547264,0.007390018,0.004842754
316,3,0.008653213,0.00707815355,0.00157505972
317,0,0.007544449,0.007044603,0.000499845948
317,1,0.007898402,0.006962834,0.0009355685
317,2,0.00253582,0.00735498965,0.00481916964
317,3,0.008616052,0.007044603,0.00157144852
318,0,0.007649744,0.00714635337,0.000503390562
318,1,0.008010304,0.007063403,0.0009469008
318,2,0.002571106,0.007461223,0.004890117
318,3,0.00874407,0.00714635337,0.00159771694
319,0,0.007591045,0.00709502,0.0004960252
319,1,0.00795103,0.00701266527,0.0009383643
319,2,0.00255393982,0.00740762753,0.00485368771
319,3,0.008683077,0.00709502,0.00158805726
320,0,0.007505319,0.00701857,0.000486749224
320,1,0.007863123,0.00693710241,0.000926020555
320,2,0.00252628326,0.007327809,0.00480152573
320,3,0.008593647,0.00701857,0.001575077
321,0,0.00760831172,0.00711867027,0.000489641447
321,1,0.007973047,0.007036041,0.000937005971
321,2,0.00256156921,0.00743232,0.004870751
321,3,0.008718064,0.00711867027,0.00159939378
322,0,0.00745171076,0.00697621936,0.0004754914
322,1,0.00781049533,0.00689524366,0.0009152517
322,2,0.00251102448,0.007283593,0.00477256859
322,3,0.008546304,0.00697621936,0.0015700846
323,0,0.007474328,0.007001153,0.000473174732
323,1,0.007835528,0.006919888,0.000915640034
323,2,0.00251865387,0.007309625,0.004790971
323,3,0.008578569,0.007001153,0.0015774155
324,0,0.007587616,0.00711170351,0.000475912355
324,1,0.007957515,0.00702915527,0.000928360038
324,2,0.00255966187,0.00742504653,0.00486538466
324,3,0.008715502,0.00711170351,0.00160379848
325,0,0.0075468244,0.007077603,0.000469221268
325,1,0.007915296,0.00699545071,0.000919844955
325,2,0.00254535675,0.00738944346,0.00484408671
325,3,0.008676365,0.007077603,0.00159876188
326,0,0.0074848095,0.00702425325,0.000460556243
326,1,0.00785271451,0.00694272,0.000909994356
326,2,0.002527237,0.007333743,0.004806506
326,3,0.008612194,0.00702425325,0.00158794085
327,0,0.007409865,0.00695806975,0.0004517953
327,1,0.00777505431,0.00687730452,0.0008977498
327,2,0.00250244141,0.00726464344,0.004762202
327,3,0.008531907,0.00695806975,0.0015738369
328,0,0.007615851,0.007156437,0.000459413975
328,1,0.00799341,0.00707336934,0.000920041
328,2,0.00257301331,0.00747175049,0.004898737
328,3,0.008776561,0.007156437,0.00162012456
329,0,0.007474782,0.00702865329,0.000446128659
329,1,0.007846683,0.006947069,0.0008996143
329,2,0.002527237,0.00733833667,0.00481109973
329,3,0.008620495,0.00702865329,0.00159184169
330,0,0.007722767,0.007267354,0.000455413
330,1,0.008109819,0.00718299858,0.000926820561
330,2,0.002612114,0.0075875544,0.00497544045
330,3,0.008913496,0.007267354,0.00164614152
331,0,0.00892129447,0.008402007,0.0005192878
331,1,0.009369274,0.008304481,0.00106479228
331,2,0.00301837921,0.008772201,0.00575382169
331,3,0.0103063183,0.008402007,0.00190431159
332,0,0.009183643,0.008656841,0.0005268026
332,1,0.009647716,0.008556358,0.00109135825
332,2,0.003109932,0.009038263,0.005928331
332,3,0.0106183207,0.008656841,0.00196148
333,0,0.008770198,0.008275506,0.000494691543
333,1,0.009217196,0.00817944948,0.00103774667
333,2,0.00297164917,0.008640126,0.005668477
333,3,0.0101507716,0.008275506,0.0018752655
334,0,0.008677646,0.00819520652,0.000482439063
334,1,0.009120989,0.008100081,0.00102090742
334,2,0.00294113159,0.008556289,0.005615157
334,3,0.0100524556,0.00819520652,0.00185724907
335,0,0.008624151,0.00815285649,0.000471294858
335,1,0.009066546,0.008058223,0.00100832339
335,2,0.00292491913,0.008512072,0.005587153
335,3,0.009997947,0.00815285649,0.00184509065
336,0,0.008451264,0.00799739,0.000453874469
336,1,0.008888009,0.00790456,0.0009834487
336,2,0.00286769867,0.008349756,0.005482057
336,3,0.009807933,0.00799739,0.00181054324
337,0,0.008406022,0.007962189,0.000443832949
337,1,0.008842093,0.007869769,0.000972324051
337,2,0.00285339355,0.008313005,0.0054596113
337,3,0.009762405,0.007962189,0.00180021673
338,0,0.008380089,0.007945689,0.000434399582
338,1,0.008816606,0.0078534605,0.000963145867
338,2,0.00284671783,0.008295777,0.00544905942
338,3,0.009740227,0.007945689,0.00179453753
339,0,0.008297979,0.007876206,0.0004217727
339,1,0.008732981,0.00778478337,0.0009481977
339,2,0.002820015,0.008223233,0.005403218
339,3,0.009653227,0.007876206,0.00177702121
340,0,0.00781184947,0.00742227072,0.000389578752
340,1,0.008222694,0.007336118,0.0008865758
340,2,0.002655983,0.007749297,0.005093314
340,3,0.009094821,0.00742227072,0.00167255057
341,0,0.007325793,0.00696760276,0.0003581904
341,1,0.00771263335,0.006886727,0.0008259062
341,2,0.002491951,0.00727459649,0.0047826455
341,3,0.008535669,0.00696760276,0.00156806642
342,0,0.00743629225,0.00707925344,0.0003570388
342,1,0.00783047,0.006997082,0.000833387952
342,2,0.00253105164,0.00739116641,0.004860115
342,3,0.008669879,0.00707925344,0.00159062585
343,0,0.00741601,0.00706770364,0.000348306261
343,1,0.007811242,0.00698566576,0.000825576
343,2,0.002524376,0.00737910764,0.00485473173
343,3,0.008652466,0.00706770364,0.00158476271
344,0,0.00732560642,0.006988136,0.000337470323
344,1,0.007717076,0.006907022,0.000810054131
344,2,0.002494812,0.0072960346,0.00480122259
344,3,0.008553309,0.006988136,0.00156517327
345,0,0.00730091427,0.00697200326,0.000328911
345,1,0.007692497,0.00689107645,0.000801420771
345,2,0.00248813629,0.0072791907,0.00479105441
345,3,0.008530772,0.00697200326,0.001558769
346,0,0.00733800931,0.00701490324,0.000323106069
346,1,0.00773358159,0.00693347864,0.000800102949
346,2,0.00250148773,0.007323981,0.004822493
346,3,0.008579703,0.00701490324,0.00156479981
347,0,0.007367452,0.007050837,0.000316615216
347,1,0.007766234,0.006968995,0.000797239132
347,2,0.00251293182,0.00736149773,0.004848566
347,3,0.008620268,0.007050837,0.00156943081
348,0,0.00728191249,0.00697677,0.000305142719
348,1,0.00767651154,0.00689578755,0.000780724
348,2,0.00248432159,0.007284167,0.00479984563
348,3,0.008525648,0.00697677,0.00154887838
349,0,0.00741623668,0.00711335335,0.000302883331
349,1,0.007820969,0.007030786,0.000790183432
349,2,0.00253200531,0.007426769,0.0048947637
349,3,0.008689108,0.00711335335,0.001575755
350,0,0.007362702,0.00707045337,0.000292248558
350,1,0.00776487263,0.006988384,0.0007764888
350,2,0.0025138855,0.007381979,0.00486809341
350,3,0.008633531,0.00707045337,0.00156307733
351,0,0.007349245,0.0070656864,0.0002835584
351,1,0.007752744,0.00698367227,0.000769071747
351,2,0.00251102448,0.007377002,0.00486597745
351,3,0.008622083,0.0070656864,0.00155639648
352,0,0.007303176,0.00702975364,0.000273422338
352,1,0.007705987,0.00694815628,0.0007578307
352,2,0.00249576569,0.00733948546,0.00484372
352,3,0.008574125,0.00702975364,0.00154437171
353,0,0.007253451,0.00699052,0.000262931
353,1,0.00765472138,0.006909378,0.0007453435
353,2,0.00247955322,0.007298523,0.00481897
353,3,0.008522245,0.00699052,0.00153172528
354,0,0.00722053833,0.00696760276,0.00025293557
354,1,0.007621615,0.006886727,0.000734888
354,2,0.00247001648,0.00727459649,0.00480458
354,3,0.008488554,0.00696760276,0.00152095081
355,0,0.00758177135,0.00732547045,0.0002563009
355,1,0.008004565,0.007240441,0.00076412363
355,2,0.00259494781,0.007648232,0.005053284
355,3,0.008919819,0.00732547045,0.00159434881
356,0,0.00742268143,0.00718082,0.000241861213
356,1,0.007837409,0.00709746964,0.0007399395
356,2,0.00254058838,0.007497208,0.00495662
356,3,0.008738039,0.00718082,0.00155721884
357,0,0.0072530373,0.00702627,0.000226767268
357,1,0.007659552,0.006944713,0.00071483897
357,2,0.00248432159,0.007335848,0.00485152658
357,3,0.008543516,0.00702627,0.00151724555
358,0,0.0072306795,0.00701417,0.000216509681
358,1,0.00763850845,0.0069327536,0.00070575485
358,2,0.0024766922,0.00732321525,0.004846523
358,3,0.00852428749,0.00701417,0.00151011767
359,0,0.00740013737,0.00718797,0.00021216739
359,1,0.007818181,0.00710453652,0.000713644549
359,2,0.00253677368,0.007504673,0.00496789953
359,3,0.008728311,0.00718797,0.00154034141
360,0,0.008198529,0.007975206,0.000223322771
360,1,0.00866339449,0.007882635,0.0007807594
360,2,0.002811432,0.008326595,0.005515163
360,3,0.009677352,0.007975206,0.0017021466
361,0,0.01080327,0.01052868,0.000274590217
361,1,0.0114190457,0.010406469,0.00101257674
361,2,0.00370597839,0.0109925745,0.007286596
361,3,0.0127631659,0.01052868,0.002234486
362,0,0.0116121424,0.0113421325,0.000270009972
362,1,0.0122770034,0.01121048,0.0010665236
362,2,0.00398635864,0.0118418681,0.007855509
362,3,0.0137309814,0.0113421325,0.002388849
363,0,0.00906421151,0.00887225848,0.000191953033
363,1,0.009585815,0.008769275,0.000816539861
363,2,0.00311374664,0.009263171,0.00614942424
363,3,0.0107289255,0.00887225848,0.001856667
364,0,0.009008042,0.008833575,0.000174466521
364,1,0.009529037,0.008731041,0.0007979963
364,2,0.00309467316,0.009222784,0.006128111
364,3,0.010670267,0.008833575,0.001836692
365,0,0.008489,0.008340407,0.000148592517
365,1,0.008981654,0.008243597,0.0007380573
365,2,0.002919197,0.00870788749,0.00578869041
365,3,0.0100630913,0.008340407,0.00172268413
366,0,0.008402366,0.008270374,0.000131992623
366,1,0.00889170449,0.008174376,0.000717328861
366,2,0.00288963318,0.0086347675,0.00574513432
366,3,0.009968538,0.008270374,0.00169816427
367,0,0.008327705,0.00821189,0.000115814619
367,1,0.008814338,0.008116571,0.000697766431
367,2,0.00286579132,0.008573707,0.005707916
367,3,0.009886047,0.00821189,0.00167415664
368,0,0.00751981325,0.00742850453,9.130873E-05
368,1,0.007961212,0.007342279,0.000618932769
368,2,0.00258922577,0.00775580574,0.00516658
368,3,0.00893347,0.00742850453,0.00150496513
369,0,0.00770521676,0.007624855,8.036196E-05
369,1,0.008158457,0.00753635028,0.0006221072
369,2,0.002653122,0.00796080753,0.00530768558
369,3,0.00915921852,0.007624855,0.00153436372
370,0,0.00726144342,0.00719842035,6.30230643E-05
370,1,0.0076904553,0.007114866,0.0005755895
370,2,0.00250148773,0.007515584,0.00501409639
370,3,0.008637454,0.00719842035,0.001439034
371,0,0.0072412747,0.007190537,5.07375225E-05
371,1,0.007670253,0.007107074,0.000563179143
371,2,0.00249576569,0.007507353,0.0050115874
371,3,0.008618841,0.007190537,0.00142830377
372,0,0.00733865,0.007300354,3.82959843E-05
372,1,0.007774827,0.007215616,0.000559211243
372,2,0.00253105164,0.00762200868,0.005090957
372,3,0.008740374,0.007300354,0.00144001981
373,0,0.00718483748,0.00715955347,2.52840109E-05
373,1,0.007612956,0.00707644969,0.00053650653
373,2,0.00247764587,0.00747500453,0.00499735866
373,3,0.008561609,0.00715955347,0.00140205584
374,0,0.007084163,0.007072103,1.2059696E-05
374,1,0.00750754029,0.00699001458,0.0005175257
374,2,0.00244426727,0.00738370139,0.004939434
374,3,0.008446854,0.007072103,0.0013747504
375,0,0.00700024469,0.00700060325,3.585592E-07
375,1,0.007420153,0.00691934442,0.00050080847
375,2,0.00241661072,0.00730905076,0.00489244
375,3,0.008351847,0.00700060325,0.00135124335
376,0,0.00709453132,0.00710767042,1.31390989E-05
376,1,0.007521191,0.00702516874,0.0004960224
376,2,0.00244903564,0.00742083555,0.0049718
376,3,0.008468871,0.00710767042,0.00136120059
377,0,0.00695231138,0.006978053,2.5741756E-05
377,1,0.00737167569,0.006897056,0.000474619679
377,2,0.0024023056,0.007285507,0.00488320133
377,3,0.008304797,0.006978053,0.001326744
378,0,0.00707281427,0.00711207,3.92557122E-05
378,1,0.00750082824,0.00702951755,0.0004713107
378,2,0.0024433136,0.007425429,0.00498211524
378,3,0.008453112,0.00711207,0.00134104211
379,0,0.00701918965,0.00707137026,5.21806069E-05
379,1,0.00744489254,0.00698929,0.000455602538
379,2,0.00242614746,0.007382936,0.00495678838
379,3,0.008394,0.00707137026,0.00132262986
380,0,0.00700516533,0.00707082,6.56545162E-05
380,1,0.00743153458,0.006988746,0.000442788471
380,2,0.00242233276,0.00738236168,0.004960029
380,3,0.00838171,0.00707082,0.00131089054
381,0,0.007014796,0.00709447,7.96737149E-05
381,1,0.0074430774,0.007012122,0.000430955552
381,2,0.00242710114,0.00740705337,0.00497995224
381,3,0.008398896,0.00709447,0.00130442623
382,0,0.007015477,0.007108954,9.347685E-05
382,1,0.00744512,0.007026437,0.000418682583
382,2,0.00242710114,0.00742217526,0.004995074
382,3,0.008403728,0.007108954,0.001294774
383,0,0.00698582362,0.00709282,0.000106996391
383,1,0.007414575,0.007010491,0.0004040841
383,2,0.002418518,0.007405331,0.004986813
383,3,0.008372502,0.00709282,0.00127968239
384,0,0.00688658375,0.00700592,0.000119336415
384,1,0.0073097744,0.00692459941,0.000385175
384,2,0.00238418579,0.007314602,0.004930416
384,3,0.008258361,0.00700592,0.0012524412
385,0,0.00696588168,0.00710125361,0.000135371927
385,1,0.00739602745,0.00701882644,0.000377201
385,2,0.002412796,0.007414136,0.00500134
385,3,0.008358786,0.00710125361,0.00125753228
386,0,0.00696379,0.0071139033,0.000150113367
386,1,0.007394893,0.00703132944,0.000363563653
386,2,0.002412796,0.007427343,0.005014547
386,3,0.008360601,0.0071139033,0.00124669774
387,0,0.00693168864,0.00709557,0.000163881574
387,1,0.007361948,0.007013209,0.00034873886
387,2,0.00240325928,0.007408202,0.005004943
387,3,0.008326814,0.00709557,0.00123124337
388,0,0.00700852135,0.007189987,0.000181465875
388,1,0.007444666,0.00710653,0.000338135753
388,2,0.00242996216,0.007506779,0.005076817
388,3,0.008423929,0.007189987,0.00123394188
389,0,0.007119864,0.007319604,0.000199739821
389,1,0.007563637,0.00723464228,0.000328994822
389,2,0.00246906281,0.007642107,0.00517304428
389,3,0.008561609,0.007319604,0.00124200527
390,0,0.00685402844,0.00706238672,0.00020835828
390,1,0.00728338026,0.006980411,0.000302969478
390,2,0.00237846375,0.00737355649,0.00499509275
390,3,0.008247499,0.00706238672,0.00118511263
391,0,0.006784645,0.00700592,0.000221275259
391,1,0.007210324,0.00692459941,0.000285724644
391,2,0.002354622,0.007314602,0.00495998
391,3,0.008167504,0.00700592,0.00116158416
392,0,0.00684603537,0.007084937,0.00023890147
392,1,0.00727637531,0.007002699,0.000273676123
392,2,0.00237751,0.0073971,0.00501959
392,3,0.008246819,0.007084937,0.00116188172
393,0,0.007057736,0.007320704,0.000262967777
393,1,0.00750293629,0.00723573,0.000267206226
393,2,0.002450943,0.00764325541,0.00519231241
393,3,0.008505739,0.007320704,0.00118503533
394,0,0.006775841,0.00704442,0.000268579
394,1,0.00720451958,0.006962653,0.0002418668
394,2,0.002354622,0.00735479826,0.00500017637
394,3,0.00817052,0.00704442,0.00112609984
395,0,0.006883001,0.00717257,0.000289569143
395,1,0.007319048,0.00708931545,0.0002297326
395,2,0.00239181519,0.007488595,0.00509677967
395,3,0.008304277,0.00717257,0.00113170734
396,0,0.007130986,0.00744867139,0.0003176853
396,1,0.007584227,0.00736221159,0.0002220152
396,2,0.00247955322,0.007776861,0.005297308
396,3,0.008608499,0.00744867139,0.00115982722
397,0,0.00706759375,0.00740063749,0.000333043747
397,1,0.00751824165,0.00731473556,0.00020350609
397,2,0.00245857239,0.00772671076,0.00526813837
397,3,0.008535603,0.00740063749,0.00113496557
398,0,0.006964244,0.0073104375,0.000346193556
398,1,0.00740877073,0.00722558238,0.000183188356
398,2,0.00242233276,0.00763253635,0.00521020358
398,3,0.008416083,0.0073104375,0.00110564521
399,0,0.00699747261,0.00736415433,0.000366681721
399,1,0.00744632,0.00727867568,0.000167644117
399,2,0.0024356842,0.00768862,0.005252936
399,3,0.00846095849,0.00736415433,0.00109680416
400,0,0.00690113474,0.007280737,0.000379602425
400,1,0.007344081,0.007196227,0.000147853978
400,2,0.0024023056,0.0076015275,0.005199222
400,3,0.008348377,0.007280737,0.00106764026
401,0,0.006960888,0.00736268749,0.000401799567
401,1,0.007408998,0.00727722561,0.000131772365
401,2,0.00242424,0.00768708857,0.00526284846
401,3,0.008425291,0.00736268749,0.0010626032
402,0,0.00689777872,0.00731502054,0.000417241827
402,1,0.00734340027,0.00723011233,0.000113287941
402,2,0.00240325928,0.00763732148,0.005234062
402,3,0.008353435,0.00731502054,0.00103841489
403,0,0.00691951253,0.00735700456,0.000437492039
403,1,0.00736700557,0.007271609,9.539677E-05
403,2,0.00241088867,0.007681155,0.00527026644
403,3,0.008383818,0.00735700456,0.00102681341
404,0,0.006540032,0.00697145332,0.0004314212
404,1,0.00696414663,0.00689053256,7.36140646E-05
404,2,0.00228023529,0.00727861654,0.00499838125
404,3,0.007928266,0.00697145332,0.0009568129
405,0,0.006627533,0.007083287,0.000455753878
405,1,0.007058766,0.00700106844,5.769776E-05
405,2,0.00231075287,0.00739537738,0.00508462451
405,3,0.008038417,0.007083287,0.000955130439
406,0,0.00660417834,0.00707668671,0.000472508371
406,1,0.007034575,0.00699454453,4.00305726E-05
406,2,0.00230312347,0.00738848653,0.005085363
406,3,0.008014292,0.00707668671,0.000937605742
407,0,0.00662178546,0.00711445371,0.000492668245
407,1,0.00705455,0.00703187333,2.26767734E-05
407,2,0.00231075287,0.00742791733,0.00511716446
407,3,0.00803932548,0.00711445371,0.000924871769
408,0,0.00665808655,0.00717238663,0.0005143001
408,1,0.00709375367,0.00708913431,4.61936E-06
408,2,0.00232410431,0.00748840347,0.005164299
408,3,0.008087283,0.00717238663,0.0009148964
409,0,0.0065871384,0.00711592054,0.00052878214
409,1,0.00702001667,0.007033323,1.33062713E-05
409,2,0.00229930878,0.007429449,0.00513014
409,3,0.008005699,0.00711592054,0.0008897786
410,0,0.00654465239,0.0070891534,0.000544501
410,1,0.006975009,0.007006867,3.185775E-05
410,2,0.00228595734,0.00740150269,0.00511554535
410,3,0.007957288,0.0070891534,0.000868134666
411,0,0.00657392526,0.00714085344,0.0005669282
411,1,0.0070075,0.00705796666,5.04665077E-05
411,2,0.00229644775,0.00745548075,0.005159033
411,3,0.007997106,0.00714085344,0.0008562524
412,0,0.00656847749,0.00715515343,0.000586675946
412,1,0.00700305728,0.007072101,6.90436E-05
412,2,0.002295494,0.007470411,0.0051749167
412,3,0.00799461,0.00715515343,0.00083945645
413,0,0.00653255,0.007136087,0.0006035371
413,1,0.006965054,0.00705325557,8.820137E-05
413,2,0.00228309631,0.007450504,0.005167408
413,3,0.0079545,0.007136087,0.000818412751
414,0,0.0065381676,0.00716322,0.0006250525
414,1,0.006972513,0.007080074,0.000107560772
414,2,0.002286911,0.00747883273,0.00519192172
414,3,0.007965362,0.00716322,0.0008021416
415,0,0.00698887929,0.007679855,0.0006909757
415,1,0.007453486,0.007590712,0.00013722619
415,2,0.00244426727,0.008018231,0.00557396375
415,3,0.008518256,0.007679855,0.000838401262
416,0,0.00633683475,0.00698502,0.000648185145
416,1,0.00676012272,0.00690394174,0.000143819023
416,2,0.00221729279,0.00729278056,0.005075488
416,3,0.00772800436,0.00698502,0.00074298447
417,0,0.006375892,0.00704808673,0.000672194641
417,1,0.00680211466,0.006966277,0.000164162368
417,2,0.002231598,0.00735862646,0.00512702856
417,3,0.00777852349,0.00704808673,0.000730436761
418,0,0.006597977,0.007316121,0.000718143769
418,1,0.007040153,0.00723119965,0.000191046856
418,2,0.00230979919,0.00763847027,0.005328671
418,3,0.00805343,0.007316121,0.000737309456
419,0,0.007273903,0.00809199,0.0008180868
419,1,0.007762311,0.007998063,0.0002357522
419,2,0.002547264,0.008448524,0.0059012603
419,3,0.008883405,0.00809199,0.000791414641
420,0,0.00716153951,0.007994823,0.000833283644
420,1,0.007643859,0.007902024,0.0002581654
420,2,0.00250816345,0.008347076,0.005838913
420,3,0.008750555,0.007994823,0.000755731948
421,0,0.007399367,0.008289624,0.000890256837
421,1,0.00789863,0.008193403,0.0002947729
421,2,0.00259304047,0.008654865,0.006061825
421,3,0.00904589053,0.008289624,0.0007562665
422,0,0.007084163,0.007965122,0.000880959444
422,1,0.007563344,0.007872668,0.0003093239
422,2,0.002483368,0.008316067,0.005832699
422,3,0.008664983,0.007965122,0.000699861
423,0,0.007018152,0.007919656,0.000901503954
423,1,0.00749457,0.00782773,0.0003331597
423,2,0.00246143341,0.008268598,0.005807164
423,3,0.008589431,0.007919656,0.0006697746
424,0,0.007923946,0.008975293,0.00105134677
424,1,0.008462386,0.008871112,0.0004087258
424,2,0.002779007,0.009370745,0.006591738
424,3,0.009702224,0.008975293,0.0007269317
425,0,0.006336308,0.00720392074,0.00086761266
425,1,0.006768262,0.007120302,0.000352039933
425,2,0.00222301483,0.00752132665,0.005298312
425,3,0.00776247168,0.00720392074,0.000558550935
426,0,0.00624543428,0.007124353,0.0008789189
426,1,0.00667182729,0.00704165827,0.000369831
426,2,0.00219249725,0.00743825361,0.00524575636
426,3,0.007654787,0.007124353,0.000530433841
427,0,0.00627180468,0.00717862044,0.000906815752
427,1,0.006701237,0.00709529547,0.0003940584
427,2,0.002202034,0.00749491155,0.00529287755
427,3,0.00769061642,0.00717862044,0.000511996
428,0,0.006128944,0.00703855325,0.000909609254
428,1,0.00654893275,0.006956854,0.00040792115
428,2,0.002152443,0.007348673,0.00519623
428,3,0.00751892244,0.00703855325,0.0004803692
429,0,0.00613224367,0.00706642028,0.0009341766
429,1,0.00655405642,0.0069843973,0.000430340879
429,2,0.00215435028,0.007377768,0.00522341765
429,3,0.007526315,0.00706642028,0.000459894538
430,0,0.006144703,0.0071052867,0.0009605838
430,1,0.00656770729,0.007022813,0.000455105677
430,2,0.00215911865,0.007418347,0.0052592284
430,3,0.00754531659,0.0071052867,0.0004400299
431,0,0.006108265,0.00708732,0.0009790552
431,1,0.00652947742,0.007005055,0.000475577544
431,2,0.002146721,0.00739958836,0.00525286747
431,3,0.007502644,0.00708732,0.000415323768
432,0,0.00606547855,0.00706238672,0.0009969082
432,1,0.0064847623,0.006980411,0.0004956485
432,2,0.00213241577,0.00737355649,0.00524114072
432,3,0.007453486,0.00706238672,0.000391099136
433,0,0.00598631054,0.006995287,0.00100897625
433,1,0.006401459,0.00691408943,0.0005126302
433,2,0.00210475922,0.0073035,0.005198741
433,3,0.00736058643,0.006995287,0.000365299638
434,0,0.00603135861,0.00707228668,0.00104092807
434,1,0.0064497753,0.006990196,0.0005404209
434,2,0.00212192535,0.007383893,0.00526196742
434,3,0.007418045,0.00707228668,0.000345758162
435,0,0.005985727,0.00704478659,0.00105905952
435,1,0.00640197843,0.006963015,0.000561036635
435,2,0.002105713,0.007355181,0.005249468
435,3,0.007365871,0.00704478659,0.000321084633
436,0,0.00601611,0.00710565364,0.00108954357
436,1,0.006434858,0.00702317525,0.0005883174
436,2,0.002117157,0.00741873,0.005301573
436,3,0.00740530156,0.00710565364,0.000299647916
437,0,0.005888725,0.006981353,0.00109262764
437,1,0.0062997397,0.0069003175,0.0006005778
437,2,0.002073288,0.00728895236,0.00521566439
437,3,0.007252477,0.006981353,0.0002711243
438,0,0.00591845158,0.007042587,0.00112413522
438,1,0.006332165,0.006960841,0.0006286758
438,2,0.00208377838,0.00735288439,0.005269106
438,3,0.00729220035,0.007042587,0.000249613542
439,0,0.00585451536,0.0069927196,0.00113820424
439,1,0.00626520626,0.00691155251,0.000646346249
439,2,0.00206279755,0.00730081974,0.005238022
439,3,0.0072163553,0.0069927196,0.0002236357
440,0,0.00585685,0.00702168653,0.00116483634
440,1,0.006267768,0.006940183,0.000672415365
440,2,0.00206279755,0.007331063,0.00526826549
440,3,0.00722215977,0.00702168653,0.000200473238
441,0,0.005864373,0.00705762,0.00119324727
441,1,0.006277042,0.00697569968,0.0006986577
441,2,0.00206661224,0.00736858,0.00530196773
441,3,0.007234449,0.00705762,0.00017682882
442,0,0.00580874644,0.00701728649,0.00120854
442,1,0.00621763663,0.00693583442,0.0007181978
442,2,0.00204753876,0.00732646929,0.00527893053
442,3,0.007168332,0.00701728649,0.00015104562
443,0,0.00583690824,0.00707962038,0.00124271214
443,1,0.00624899333,0.006997444,0.000748450868
443,2,0.00205802917,0.007391549,0.00533352
443,3,0.007206855,0.00707962038,0.0001272345
444,0,0.00582450535,0.00709245354,0.00126794819
444,1,0.006236704,0.007010129,0.000773424748
444,2,0.00205421448,0.007404948,0.00535073364
444,3,0.00719388435,0.00709245354,0.000101430807
445,0,0.005705952,0.006975853,0.00126990071
445,1,0.00610982,0.00689488137,0.000785061158
445,2,0.00201320648,0.00728321029,0.005270004
445,3,0.00705085369,0.006975853,7.50008039E-05
446,0,0.005793968,0.00711188652,0.0013179183
446,1,0.00620518625,0.007029336,0.0008241497
446,2,0.00204467773,0.00742523745,0.00538055971
446,3,0.007161847,0.00711188652,4.99603339E-05
447,0,0.005606275,0.006909853,0.0013035778
447,1,0.006005085,0.00682964735,0.0008245623
447,2,0.00197887421,0.007214302,0.005235428
447,3,0.0069333096,0.006909853,2.3456756E-05
448,0,0.00575050153,0.007116287,0.00136578549
448,1,0.006160178,0.007033685,0.000873507
448,2,0.002029419,0.00742983166,0.00540041272
448,3,0.00711388933,0.007116287,2.39769E-06
449,0,0.0057022674,0.007086587,0.00138431974
449,1,0.00610920554,0.00700433,0.0008951244
449,2,0.00201416016,0.00739882328,0.005384663
449,3,0.00705779251,0.007086587,2.87946314E-05
450,0,0.00557057373,0.006951653,0.0013810792
450,1,0.0059688976,0.00687096268,0.0009020651
450,2,0.00196743,0.007257944,0.005290514
450,3,0.006897188,0.006951653,5.446514E-05
451,0,0.00576835172,0.00722958753,0.00146123581
451,1,0.006181515,0.00714567071,0.0009641559
451,2,0.002038002,0.007548124,0.005510122
451,3,0.00714518037,0.00722958753,8.440716E-05
452,0,0.005552922,0.00698942,0.001436498
452,1,0.0059510963,0.006908291,0.0009571947
452,2,0.00196266174,0.007297375,0.005334713
452,3,0.00688068243,0.00698942,0.0001087375
453,0,0.00554391975,0.00700812,0.00146420021
453,1,0.005942276,0.006926774,0.0009844978
453,2,0.001958847,0.007316899,0.005358052
453,3,0.00687186234,0.00700812,0.000136257615
454,0,0.005512329,0.00699895341,0.00148662459
454,1,0.00590887759,0.00691771368,0.00100883609
454,2,0.0019493103,0.00730732828,0.005358018
454,3,0.00683619455,0.00699895341,0.000162758864
455,0,0.00551983947,0.00703928666,0.00151944719
455,1,0.00591769768,0.006957579,0.00103988126
455,2,0.00195217133,0.007349439,0.00539726764
455,3,0.00684773736,0.00703928666,0.0001915493
456,0,0.00544530852,0.00697548641,0.00153017789
456,1,0.00583913,0.006894519,0.00105538918
456,2,0.00192642212,0.00728282752,0.0053564054
456,3,0.00675808033,0.00697548641,0.000217406079
457,0,0.00549001154,0.00706422,0.00157420849
457,1,0.00588708743,0.00698222267,0.00109513523
457,2,0.00194263458,0.00737547036,0.005432836
457,3,0.00681644632,0.00706422,0.0002477737
458,0,0.00545095466,0.00704625342,0.00159529876
458,1,0.00584629551,0.00696446467,0.00111816917
458,2,0.00192928314,0.00735671259,0.00542742945
458,3,0.006770077,0.00704625342,0.000276176259
459,0,0.005559452,0.007219687,0.00166023523
459,1,0.005962639,0.0071358853,0.00117324619
459,2,0.00196743,0.007537788,0.00557035767
459,3,0.00690736948,0.007219687,0.000312317628
460,0,0.00558502367,0.00728825433,0.00170323066
460,1,0.00599120744,0.00720365671,0.00121244928
460,2,0.00197792053,0.00760937575,0.005631455
460,3,0.00694235647,0.00728825433,0.000345897861
461,0,0.00551028224,0.00722592045,0.00171563821
461,1,0.00591212,0.00714204647,0.00122992648
461,2,0.00195121765,0.007544296,0.005593078
461,3,0.00685218,0.00722592045,0.000373740215
462,0,0.00541238,0.007131687,0.00171930669
462,1,0.005807158,0.00704890629,0.00124174822
462,2,0.001917839,0.00744591,0.005528071
462,3,0.006732755,0.007131687,0.000398932025
463,0,0.005254713,0.00695752,0.00170280691
463,1,0.005638802,0.006876761,0.00123795914
463,2,0.00186157227,0.007264069,0.00540249655
463,3,0.006539205,0.00695752,0.0004183147
464,0,0.005274428,0.00701728649,0.00174285844
464,1,0.005660592,0.00693583442,0.00127524231
464,2,0.00186920166,0.00732646929,0.00545726763
464,3,0.00656634569,0.00701728649,0.0004509408
465,0,0.005303956,0.007091353,0.00178739708
465,1,0.00569308363,0.007009041,0.0013159574
465,2,0.00188064575,0.00740379933,0.00552315358
465,3,0.00660480233,0.007091353,0.000486550853
466,0,0.005265353,0.00707485341,0.00180950062
466,1,0.00565154525,0.00699273264,0.0013411874
466,2,0.00186729431,0.007386572,0.005519278
466,3,0.00655963365,0.00707485341,0.000515219755
467,0,0.005156629,0.00696411962,0.00180749083
467,1,0.005536629,0.00688328454,0.00134665566
467,2,0.00182914734,0.00727096,0.005441813
467,3,0.00642701145,0.00696411962,0.000537108164
468,0,0.00526146963,0.007141587,0.00188011723
468,1,0.005648983,0.0070586917,0.00140970852
468,2,0.00186634064,0.0074562463,0.00558990566
468,3,0.006559795,0.007141587,0.0005817921
469,0,0.005168533,0.00705175335,0.00188322039
469,1,0.005550053,0.006969901,0.00141984783
469,2,0.00183391571,0.00736245466,0.005528539
469,3,0.00644653244,0.00705175335,0.0006052209
470,0,0.005131993,0.00703855325,0.00190656027
470,1,0.00551153,0.006956854,0.00144532369
470,2,0.001821518,0.007348673,0.005527155
470,3,0.00640334,0.00703855325,0.0006352132
471,0,0.005087063,0.00701288646,0.00192582328
471,1,0.005463346,0.006931485,0.00146813923
471,2,0.00180530548,0.007321875,0.0055165696
471,3,0.00634867046,0.00701288646,0.000664216
472,0,0.005114925,0.0070891534,0.0019742283
472,1,0.00549440971,0.007006867,0.00151245715
472,2,0.00181674957,0.00740150269,0.005584753
472,3,0.00638667354,0.0070891534,0.000702479854
473,0,0.005059554,0.00705028651,0.00199073274
473,1,0.00543523161,0.006968451,0.00153321959
473,2,0.00179672241,0.00736092357,0.005564201
473,3,0.006319195,0.00705028651,0.0007310915
474,0,0.005011393,0.007020953,0.00200956
474,1,0.005384324,0.006939458,0.00155513408
474,2,0.00178051,0.00733029749,0.00554978754
474,3,0.00626173662,0.007020953,0.0007592165
475,0,0.005153301,0.00726002036,0.00210671918
475,1,0.005537017,0.00717575056,0.00163873378
475,2,0.00183105469,0.007579898,0.00574884331
475,3,0.006441343,0.00726002036,0.000818677247
476,0,0.005119817,0.00725378748,0.00213397061
476,1,0.00550180255,0.00716959,0.00166778732
476,2,0.0018196106,0.00757339038,0.00575378
476,3,0.00640197843,0.00725378748,0.000851809047
477,0,0.00492110336,0.007012153,0.00209104968
477,1,0.005289251,0.00693076057,0.00164150959
477,2,0.0017490387,0.00732110953,0.005572071
477,3,0.00615534745,0.007012153,0.0008568056
478,0,0.00487727951,0.00698868651,0.002111407
478,1,0.00524213538,0.006907566,0.00166543061
478,2,0.00173473358,0.00729660876,0.005561875
478,3,0.006102654,0.00698868651,0.000886032358
479,0,0.004956277,0.00714268675,0.00218640966
479,1,0.005327481,0.007059779,0.00173229817
479,2,0.00176239014,0.00745739462,0.00569500448
479,3,0.00620427867,0.00714268675,0.0009384081
480,0,0.00490087736,0.00710455328,0.002203676
480,1,0.00526911533,0.007022088,0.0017529726
480,2,0.00174331665,0.007417581,0.00567426439
480,3,0.00613650726,0.00710455328,0.000968046
481,0,0.004871378,0.00710345339,0.0022320752
481,1,0.005237758,0.007021001,0.00178324291
481,2,0.00173377991,0.00741643272,0.005682653
481,3,0.006101974,0.00710345339,0.00100147957
482,0,0.004826829,0.00708035333,0.00225352449
482,1,0.005189735,0.006998169,0.00180843379
482,2,0.00171756744,0.00739231473,0.00567474728
482,3,0.006048212,0.00708035333,0.0010321415
483,0,0.00477120234,0.00704075349,0.00226955116
483,1,0.005131369,0.00695902854,0.00182765955
483,2,0.001698494,0.00735097,0.005652476
483,3,0.005980799,0.00704075349,0.00105995452
484,0,0.004797601,0.007122887,0.00232528569
484,1,0.00515964441,0.00704020867,0.00188056426
484,2,0.0017080307,0.007436722,0.00572869135
484,3,0.00601526676,0.007122887,0.00110762008
485,0,0.00478075957,0.007141954,0.00236119423
485,1,0.005142297,0.007059054,0.00191675685
485,2,0.00170230865,0.007456629,0.00575432042
485,3,0.00599723868,0.007141954,0.00114471512
486,0,0.00475948025,0.00715515343,0.00239567319
486,1,0.005120214,0.007072101,0.00195188681
486,2,0.00169563293,0.007470411,0.005774778
486,3,0.00597214,0.00715515343,0.00118301343
487,0,0.004604233,0.006964853,0.00236062
487,1,0.00495335134,0.006884009,0.00193065777
487,2,0.00164031982,0.00727172568,0.005631406
487,3,0.00577933667,0.006964853,0.00118551636
488,0,0.00467125326,0.00711152,0.00244026678
488,1,0.00502634142,0.00702897366,0.00200263225
488,2,0.00166416168,0.00742485467,0.005760693
488,3,0.00586529728,0.00711152,0.00124622276
489,0,0.00462932233,0.00709318649,0.00246386416
489,1,0.00498110661,0.00701085338,0.00202974677
489,2,0.00164985657,0.00740571367,0.005755857
489,3,0.00581477769,0.00709318649,0.0012784088
490,0,0.004650274,0.00717165368,0.00252137985
490,1,0.00500409724,0.00708840927,0.002084312
490,2,0.00165843964,0.007487638,0.00582919829
490,3,0.005843053,0.00717165368,0.00132860057
491,0,0.004527055,0.007028287,0.00250123162
491,1,0.0048729023,0.00694670668,0.00207380438
491,2,0.001613617,0.007337954,0.005724337
491,3,0.005689775,0.007028287,0.00133851171
492,0,0.00462543964,0.00722922,0.00260378048
492,1,0.004978545,0.007145308,0.002166763
492,2,0.00164985657,0.007547741,0.00589788426
492,3,0.005816205,0.00722922,0.00141301518
493,0,0.00451205,0.00710015325,0.002588103
493,1,0.00485714339,0.007017739,0.00216059573
493,2,0.00160980225,0.0074129873,0.005803185
493,3,0.00567498943,0.00710015325,0.00142516382
494,0,0.004547751,0.007205754,0.002658003
494,1,0.004896281,0.007122114,0.002225833
494,2,0.0016222,0.00752324052,0.00590104051
494,3,0.0057218126,0.007205754,0.00148394145
495,0,0.004636862,0.00739898765,0.00276212581
495,1,0.004992489,0.007313105,0.002320616
495,2,0.00165462494,0.00772498827,0.00607036334
495,3,0.00583559461,0.00739898765,0.001563393
496,0,0.00445947936,0.007167987,0.0027085077
496,1,0.00480218139,0.00708478549,0.002282604
496,2,0.00159168243,0.00748380972,0.00589212729
496,3,0.00561519666,0.007167987,0.0015527904
497,0,0.00435959,0.00705688633,0.00269729644
497,1,0.00469511142,0.00697497465,0.00227986323
497,2,0.00155735016,0.007367814,0.005810464
497,3,0.005490421,0.00705688633,0.00156646548
498,0,0.00431479933,0.007034153,0.002719354
498,1,0.004647088,0.006952505,0.00230541732
498,2,0.001540184,0.007344079,0.005803895
498,3,0.005435978,0.007034153,0.00159817515
499,0,0.00433009025,0.00711042,0.00278033
499,1,0.0046639815,0.007027887,0.00236390531
499,2,0.00154685974,0.00742370635,0.00587684661
499,3,0.00545731466,0.00711042,0.00165310549
500,0,0.00425499,0.00703892,0.00278393039
500,1,0.00458382536,0.00695721665,0.0023733913
500,2,0.00152015686,0.007349056,0.00582889933
500,3,0.005364349,0.00703892,0.00167457107
501,0,0.00423092349,0.00704992,0.00281899655
501,1,0.004558046,0.006968089,0.002410043
501,2,0.00151157379,0.007360541,0.005848967
501,3,0.00533510046,0.00704992,0.00171481958
502,0,0.004206061,0.00706202,0.00285595888
502,1,0.00453210576,0.00698004849,0.00244794274
502,2,0.00150299072,0.00737317372,0.005870183
502,3,0.00530666439,0.00706202,0.00175535539
503,0,0.004216942,0.00713388668,0.00291694468
503,1,0.00454394147,0.007051081,0.00250713946
503,2,0.00150775909,0.00744820666,0.00594044756
503,3,0.005321223,0.00713388668,0.00181266386
504,0,0.00408772053,0.006968153,0.00288043264
504,1,0.004405061,0.006887271,0.00248221029
504,2,0.001461029,0.007275171,0.005814142
504,3,0.00515964441,0.006968153,0.00180850876
505,0,0.004081037,0.007010686,0.00292964932
505,1,0.00439834874,0.0069293105,0.00253096176
505,2,0.00146007538,0.00731957844,0.005859503
505,3,0.00515286671,0.007010686,0.0018578195
506,0,0.00409531873,0.00709062,0.0029953015
506,1,0.00441410765,0.00700831646,0.00259420881
506,2,0.00146484375,0.007403034,0.00593819
506,3,0.00517290737,0.00709062,0.00191771286
507,0,0.00405308744,0.00707338657,0.00302029913
507,1,0.00436887331,0.006991283,0.00262240972
507,2,0.001449585,0.007385041,0.005935456
507,3,0.005120668,0.00707338657,0.00195271848
508,0,0.00405408256,0.007132787,0.00307870423
508,1,0.00437052734,0.007049994,0.00267946674
508,2,0.00145053864,0.007447059,0.00599652
508,3,0.00512397662,0.007132787,0.00200881017
509,0,0.00398474373,0.00706935348,0.00308460975
509,1,0.00429656357,0.00698729651,0.002690733
509,2,0.0014257431,0.00738083,0.005955087
509,3,0.005038111,0.00706935348,0.00203124247
510,0,0.003974872,0.007110053,0.003135181
510,1,0.00428592833,0.007027524,0.00274159573
510,2,0.00142288208,0.00742332358,0.0060004415
510,3,0.005026861,0.007110053,0.002083192
511,0,0.00401300751,0.00723912055,0.003226113
511,1,0.00432740059,0.00715509336,0.00282769278
511,2,0.00143718719,0.00755807757,0.00612089038
511,3,0.00507663377,0.00723912055,0.00216248678
512,0,0.003831428,0.00697145332,0.00314002531
512,1,0.00413196953,0.00689053256,0.002758563
512,2,0.00137233734,0.00727861654,0.005906279
512,3,0.00484855054,0.00697145332,0.00212290278
513,0,0.0039368975,0.00722482055,0.003287923
513,1,0.00424604444,0.007140959,0.00289491471
513,2,0.00140953064,0.007543147,0.00613361644
513,3,0.004983442,0.00722482055,0.00224137865
514,0,0.00388169428,0.007188154,0.00330645964
514,1,0.004187613,0.007104718,0.00291710533
514,2,0.00139045715,0.007504865,0.006114408
514,3,0.00491550937,0.007188154,0.00227264455
515,0,0.00371136912,0.006932953,0.00322158379
515,1,0.00400345,0.00685247965,0.00284902984
515,2,0.00133037567,0.00723842,0.00590804452
515,3,0.004700916,0.006932953,0.002232037
516,0,0.00379811879,0.00715845358,0.00336033478
516,1,0.00409754971,0.007075363,0.00297781313
516,2,0.00136089325,0.007473856,0.006112963
516,3,0.004812136,0.00715845358,0.00234631775
517,0,0.003706718,0.00705028651,0.00334356842
517,1,0.00399912056,0.006968451,0.00296933064
517,2,0.00132846832,0.00736092357,0.00603245525
517,3,0.004697834,0.00705028651,0.00235245237
518,0,0.00367720448,0.007058353,0.00338114868
518,1,0.00396782951,0.00697642425,0.00300859474
518,2,0.00131797791,0.00736934552,0.00605136761
518,3,0.00466171233,0.007058353,0.00239664083
519,0,0.00370849529,0.007186687,0.00347819179
519,1,0.00400254223,0.007103268,0.00310072582
519,2,0.00133037567,0.0075033335,0.006172958
519,3,0.00470318459,0.007186687,0.0024835025
520,0,0.00366454618,0.00716872,0.00350417383
520,1,0.003954632,0.00708551,0.00313087786
520,2,0.00131416321,0.00748457527,0.006170412
520,3,0.00464822259,0.00716872,0.00252049742
521,0,0.0036285168,0.007167987,0.00353947026
521,1,0.003916516,0.00708478549,0.00316826953
521,2,0.00130176544,0.00748380972,0.00618204428
521,3,0.004604415,0.007167987,0.002563572
522,0,0.00351077644,0.00700371945,0.003492943
522,1,0.0037898114,0.006922425,0.00313261338
522,2,0.0012588501,0.007312305,0.00605345471
522,3,0.00445644,0.00700371945,0.00254727947
523,0,0.00350502878,0.007061287,0.003556258
523,1,0.00378400716,0.00697932346,0.0031953163
523,2,0.00125789642,0.007372408,0.00611451175
523,3,0.00445052236,0.007061287,0.00261076447
524,0,0.003455873,0.00703121955,0.00357534643
524,1,0.00373081258,0.00694960542,0.00321879284
524,2,0.00124073029,0.00734101655,0.00610028626
524,3,0.00438866857,0.00703121955,0.002642551
525,0,0.00341960276,0.007028287,0.003608684
525,1,0.003692063,0.00694670668,0.00325464364
525,2,0.00122737885,0.007337954,0.006110575
525,3,0.00434436,0.007028287,0.00268392684
526,0,0.003369979,0.006997853,0.003627874
526,1,0.00363950152,0.00691662636,0.00327712484
526,2,0.00121021271,0.0073061795,0.006095967
526,3,0.004282799,0.006997853,0.002715054
527,0,0.00379991019,0.007977223,0.004177313
527,1,0.004103354,0.007884628,0.003781274
527,2,0.001364708,0.0083287,0.00696399249
527,3,0.00482993666,0.007977223,0.00314728636
528,0,0.00373000186,0.00792479,0.0041947877
528,1,0.00402825559,0.007832803,0.00380454725
528,2,0.00133991241,0.008273956,0.006934044
528,3,0.0047428417,0.00792479,0.00318194786
529,0,0.00367169781,0.007896556,0.004224858
529,1,0.003966468,0.00780489761,0.00383842969
529,2,0.00131893158,0.008244479,0.0069255475
529,3,0.0046710996,0.007896556,0.003225456
530,0,0.00368527765,0.008023422,0.00433814432
530,1,0.00398068642,0.007930292,0.00394960539
530,2,0.0013237,0.0083769355,0.00705323555
530,3,0.00468867365,0.008023422,0.00333474856
531,0,0.003671771,0.008097123,0.00442535244
531,1,0.003966922,0.008003136,0.004036214
531,2,0.00131988525,0.008453883,0.007133998
531,3,0.0046740016,0.008097123,0.00342312176
532,0,0.003548758,0.007926622,0.0043778643
532,1,0.00383418612,0.007834615,0.004000429
532,2,0.00127601624,0.008275871,0.006999855
532,3,0.00451804837,0.007926622,0.003408574
533,0,0.00350665953,0.007935056,0.004428397
533,1,0.00378890382,0.00784295052,0.0040540467
533,2,0.00126075745,0.008284676,0.00702391844
533,3,0.0044660545,0.007935056,0.003469002
534,0,0.003448334,0.007907189,0.00445885537
534,1,0.00372700277,0.007815407,0.00408840366
534,2,0.00124073029,0.008255581,0.007014851
534,3,0.004393679,0.007907189,0.00351351034
535,0,0.003428151,0.007966589,0.00453843828
535,1,0.003704693,0.007874117,0.004169424
535,2,0.00123214722,0.008317598,0.007085451
535,3,0.00436905259,0.007966589,0.00359753659
536,0,0.00333394972,0.007854022,0.0045200726
536,1,0.00360320043,0.00776285725,0.004159657
536,2,0.00119972229,0.008200072,0.00700034946
536,3,0.004250081,0.007854022,0.0036039413
537,0,0.00295371539,0.00705102,0.00409730431
537,1,0.00319333677,0.00696917577,0.003775839
537,2,0.00106334686,0.007361689,0.00629834225
537,3,0.003766887,0.00705102,0.003284133
538,0,0.00293601863,0.00709648663,0.004160468
538,1,0.003173768,0.007014115,0.00384034682
538,2,0.00105667114,0.007409159,0.006352488
538,3,0.00374457682,0.00709648663,0.00335190981
539,0,0.00289749587,0.00709502,0.004197524
539,1,0.00313245668,0.00701266527,0.00388020859
539,2,0.001042366,0.00740762753,0.00636526151
539,3,0.00369707332,0.00709502,0.00339794648
540,0,0.00286441343,0.00710675353,0.00424234
540,1,0.003097129,0.00702426257,0.00392713351
540,2,0.00103187561,0.007419878,0.00638800254
540,3,0.00365582784,0.00710675353,0.00345092569
541,0,0.00280352868,0.00704808673,0.004244558
541,1,0.00303130457,0.006966277,0.00393497245
541,2,0.00100898743,0.00735862646,0.006349639
541,3,0.003578735,0.00704808673,0.00346935168
542,0,0.00272012083,0.006931853,0.004211732
542,1,0.002942036,0.00685139233,0.00390935643
542,2,0.0009794235,0.00723727141,0.006257848
542,3,0.003473934,0.006931853,0.003457919
543,0,0.002742958,0.00708438642,0.004341428
543,1,0.002966161,0.0070021553,0.00403599441
543,2,0.0009880066,0.0073965257,0.006408519
543,3,0.0035035233,0.00708438642,0.00358086312
544,0,0.00269790529,0.007067153,0.0043692477
544,1,0.0029177973,0.00698512234,0.004067325
544,2,0.0009727478,0.007378533,0.006405785
544,3,0.0034469727,0.007067153,0.00362018053
545,0,0.00266715558,0.00708732,0.00442016451
545,1,0.00288537168,0.007005055,0.004119683
545,2,0.000960350037,0.00739958836,0.00643923832
545,3,0.003408904,0.00708732,0.00367841613
546,0,0.00265232543,0.00715112034,0.00449879467
546,1,0.002869159,0.00706811436,0.00419895537
546,2,0.000956535339,0.0074662,0.00650966447
546,3,0.00339053548,0.00715112034,0.00376058486
547,0,0.00260262168,0.007122887,0.00452026539
547,1,0.00281555834,0.00704020867,0.00422465056
547,2,0.000937461853,0.007436722,0.00649926
547,3,0.003327661,0.007122887,0.00379522587
548,0,0.002549583,0.00708438642,0.00453480333
548,1,0.00275855372,0.0070021553,0.00424360158
548,2,0.000919342041,0.0073965257,0.00647718366
548,3,0.0032612693,0.00708438642,0.00382311712
549,0,0.00250997068,0.007082553,0.00457258243
549,1,0.002715947,0.00700034341,0.0042843963
549,2,0.0009050369,0.007394612,0.006489575
549,3,0.00321131712,0.007082553,0.003871236
550,0,0.00247090659,0.00708218664,0.00461128
550,1,0.00267366227,0.006999981,0.004326319
550,2,0.0008916855,0.007394229,0.00650254358
550,3,0.003161753,0.00708218664,0.00392043358
551,0,0.00239791186,0.00698281964,0.00458490755
551,1,0.00259482,0.00690176757,0.004306948
551,2,0.0008649826,0.007290484,0.00642550131
551,3,0.00306908065,0.00698281964,0.00391373876
552,0,0.00242299424,0.00717238663,0.004749392
552,1,0.002622462,0.00708913431,0.00446667243
552,2,0.0008735657,0.00748840347,0.006614838
552,3,0.00310259312,0.00717238663,0.0040697935
553,0,0.00239425921,0.007208687,0.00481442735
553,1,0.00259151147,0.007125013,0.00453350134
553,2,0.000864028931,0.00752630271,0.006662274
553,3,0.00306651881,0.007208687,0.004142168
554,0,0.00231551332,0.007092087,0.00477657374
554,1,0.002506572,0.00700976653,0.00450319424
554,2,0.0008354187,0.00740456535,0.00656914664
554,3,0.002966388,0.007092087,0.0041256994
555,0,0.00224934146,0.007009587,0.00476024533
555,1,0.00243494334,0.00692822365,0.00449328031
555,2,0.0008125305,0.00731843,0.0065058996
555,3,0.00288246968,0.007009587,0.004127117
556,0,0.00223117671,0.007077053,0.00484587625
556,1,0.00241553574,0.00699490728,0.004579372
556,2,0.0008049011,0.0073888693,0.006583968
556,3,0.00285988534,0.007077053,0.004217168
557,0,0.002194365,0.00708695361,0.00489258859
557,1,0.00237571751,0.007004692,0.004628975
557,2,0.000792503357,0.00739920558,0.006606702
557,3,0.00281311,0.00708695361,0.004273844
558,0,0.00214861729,0.00706935348,0.004920736
558,1,0.00232644612,0.00698729651,0.00466085039
558,2,0.0007762909,0.00738083,0.006604539
558,3,0.00275542471,0.00706935348,0.004313929
559,0,0.002097056,0.007030853,0.004933797
559,1,0.002270803,0.006949243,0.00467844028
559,2,0.0007572174,0.007340634,0.00658341637
559,3,0.00268971385,0.007030853,0.00434113946
560,0,0.00208237581,0.00711885327,0.00503647747
560,1,0.00225527119,0.007036222,0.004780951
560,2,0.000752449036,0.007432511,0.006680062
560,3,0.00267196028,0.00711885327,0.004446893
561,0,0.00202017114,0.007044053,0.005023882
561,1,0.00218779268,0.00696229,0.00477449736
561,2,0.000729560852,0.007354415,0.006624854
561,3,0.00259259855,0.007044053,0.00445145462
562,0,0.001994851,0.00709832,0.005103469
562,1,0.00216071773,0.007015927,0.0048552095
562,2,0.0007209778,0.00741107343,0.00669009564
562,3,0.00256067445,0.00709832,0.00453764573
563,0,0.0019743538,0.007174954,0.00520060025
563,1,0.00213852129,0.007091671,0.00495314971
563,2,0.0007133484,0.00749108335,0.006777735
563,3,0.00253507425,0.007174954,0.00463988
564,0,0.00188535184,0.00699968636,0.00511433464
564,1,0.00204260624,0.00691843824,0.00487583224
564,2,0.000681877136,0.007308094,0.00662621669
564,3,0.00242174626,0.00699968636,0.00457794033
565,0,0.00187028782,0.00709575368,0.00522546563
565,1,0.00202610088,0.00701339031,0.004987289
565,2,0.0006761551,0.00740839355,0.00673223846
565,3,0.002402452,0.00709575368,0.00469330139
566,0,0.00179961859,0.00698281964,0.00518320128
566,1,0.001950095,0.00690176757,0.00495167263
566,2,0.0006504059,0.007290484,0.006640078
566,3,0.00231290865,0.00698281964,0.004669911
567,0,0.00185715815,0.00737552065,0.00551836239
567,1,0.00201233639,0.00728991,0.005277574
567,2,0.0006713867,0.00770048751,0.007029101
567,3,0.00238680653,0.00737552065,0.004988714
568,0,0.00178277015,0.00725708762,0.00547431735
568,1,0.00193211448,0.00717285136,0.005240737
568,2,0.0006456375,0.007576836,0.0069311983
568,3,0.00229236647,0.00725708762,0.00496472139
569,0,0.001760317,0.007346554,0.005586237
569,1,0.0019075356,0.0072612795,0.005353744
569,2,0.000636100769,0.007670244,0.00703414343
569,3,0.00226363749,0.007346554,0.00508291647
570,0,0.00165780855,0.00709795346,0.005440145
570,1,0.00179624965,0.007015565,0.005219315
570,2,0.000599861145,0.00741069065,0.00681082951
570,3,0.00213214965,0.00709795346,0.00496580359
571,0,0.00162900041,0.00715992041,0.00553092
571,1,0.00176563952,0.00707681244,0.005311173
571,2,0.0005893707,0.007475388,0.006886017
571,3,0.00209614122,0.00715992041,0.005063779
572,0,0.00155995472,0.00704148645,0.005481532
572,1,0.001691061,0.006959753,0.005268692
572,2,0.0005645752,0.00735173561,0.00678716041
572,3,0.00200743973,0.00704148645,0.00503404671
573,0,0.00154334039,0.0071610203,0.00561768
573,1,0.00167290121,0.0070778993,0.005404998
573,2,0.000558853149,0.007476536,0.006917683
573,3,0.001986623,0.0071610203,0.00517439749
574,0,0.00148020138,0.00706678675,0.0055865855
574,1,0.00160480768,0.00698475959,0.005379952
574,2,0.000535964966,0.00737815071,0.00684218574
574,3,0.00190588145,0.00706678675,0.00516090542
575,0,0.00144035858,0.00708108675,0.0056407284
575,1,0.001561908,0.006998894,0.00543698575
575,2,0.000521659851,0.00739308074,0.006871421
575,3,0.00185531459,0.00708108675,0.005225772
576,0,0.00136860518,0.00693258643,0.00556398137
576,1,0.0014838418,0.00685211737,0.00536827557
576,2,0.000495910645,0.00723803742,0.006742127
576,3,0.00176296418,0.00693258643,0.005169622
577,0,0.00138653943,0.007247187,0.00586064765
577,1,0.00150347629,0.007163066,0.00565958954
577,2,0.0005016327,0.00756649952,0.007064867
577,3,0.00178663549,0.007247187,0.005460552
578,0,0.00130414625,0.007042587,0.00573844044
578,1,0.001414387,0.006960841,0.005546454
578,2,0.000473022461,0.00735288439,0.006879862
578,3,0.0016805866,0.007042587,0.00536200032
579,0,0.00126896519,0.00708732,0.005818355
579,1,0.00137620454,0.007005055,0.00562885031
579,2,0.000459671021,0.00739958836,0.00693991734
579,3,0.00163587171,0.00708732,0.00545144826
580,0,0.00122291211,0.007072653,0.005849741
580,1,0.001326366,0.00699055847,0.00566419261
580,2,0.000442504883,0.00738427555,0.00694177067
580,3,0.00157658011,0.007072653,0.005496073
581,0,0.001177795,0.007064587,0.005886792
581,1,0.001277435,0.00698258542,0.00570515031
581,2,0.0004272461,0.0073758536,0.00694860751
581,3,0.00151975511,0.007064587,0.005544832
582,0,0.00114734715,0.00714672,0.005999373
582,1,0.001244263,0.007063765,0.00581950229
582,2,0.000415802,0.00746160559,0.00704580359
582,3,0.001479805,0.00714672,0.005666915
583,0,0.00109500613,0.00709795346,0.006002947
583,1,0.00118811871,0.007015565,0.00582744647
583,2,0.0003976822,0.00741069065,0.00701300846
583,3,0.00141295954,0.00709795346,0.005684994
584,0,0.001154263,0.007813322,0.00665905932
584,1,0.00125206192,0.00772263,0.00647056848
584,2,0.000417709351,0.008157579,0.00773987
584,3,0.00148941926,0.007813322,0.006323903
585,0,0.00100515585,0.007121787,0.006116631
585,1,0.001090597,0.00703912135,0.00594852446
585,2,0.000365257263,0.007435574,0.007070317
585,3,0.00129775028,0.007121787,0.005824037
586,0,0.000946441,0.00702021969,0.0060737785
586,1,0.001027221,0.006938733,0.0059115123
586,2,0.000343322754,0.00732953148,0.00698620873
586,3,0.00122253865,0.00702021969,0.005797681
587,0,0.000902175845,0.00701398635,0.00611181045
587,1,0.0009787438,0.00693257246,0.005953829
587,2,0.0003271103,0.007323024,0.00699591357
587,3,0.001165128,0.00701398635,0.00584885851
588,0,0.0008653673,0.00707522,0.00620985264
588,1,0.0009393137,0.006993095,0.006053781
588,2,0.00031375885,0.007386955,0.007073196
588,3,0.00111785124,0.00707522,0.00595736876
589,0,0.000811547739,0.00699565327,0.00618410576
589,1,0.0008808344,0.00691445172,0.006033617
589,2,0.000294685364,0.007303883,0.00700919749
589,3,0.00104871858,0.00699565327,0.00594693469
590,0,0.00078024884,0.0071126204,0.00633237138
590,1,0.0008465755,0.00703006145,0.006183486
590,2,0.000283241272,0.00742600346,0.007142762
590,3,0.00100821955,0.0071126204,0.006104401
591,0,0.0007214617,0.006983553,0.00626209145
591,1,0.0007830858,0.006902492,0.00611940632
591,2,0.000261306763,0.00729124947,0.0070299427
591,3,0.0009328285,0.006983553,0.00605072454
592,0,0.0006745585,0.00695348624,0.006278928
592,1,0.000732679968,0.00687277457,0.00614009472
592,2,0.0002450943,0.007259858,0.00701476354
592,3,0.000872354663,0.00695348624,0.00608113175
593,0,0.0006402263,0.00705762,0.00641739368
593,1,0.000694563671,0.00697569968,0.006281136
593,2,0.000232696533,0.00736858,0.00713588344
593,3,0.0008278009,0.00705762,0.00622981926
594,2,0.0002155304,0.007378916,0.00716338539
594,3,0.000770115643,0.00706751971,0.006297404
