frame,seat,root_metres,animated_metres,error_metres
2,0,0.0002134809,0.00774340332,0.0075299223
2,1,0,0.007653523,0.007653523
2,2,0,0.008084578,0.008084578
2,3,0,0.00774340332,0.00774340332
3,0,0.000221618626,0.007387684,0.00716606574
3,1,0,0.007301932,0.007301932
3,2,0,0.00771318655,0.00771318655
3,3,0,0.007387684,0.007387684
4,0,0.000237894084,0.00733894,0.007101046
4,1,0,0.007253754,0.007253754
4,2,0,0.007662295,0.007662295
4,3,0,0.00733894,0.00733894
5,0,0.0002536945,0.00729817664,0.007044482
5,1,0,0.007213464,0.007213464
5,2,0,0.007619736,0.007619736
5,3,0,0.00729817664,0.00729817664
6,0,0.000273315876,0.007343701,0.00707038539
6,1,0,0.00725846,0.00725846
6,2,0,0.007667266,0.007667266
6,3,0,0.007343701,0.007343701
7,0,0.000289591349,0.007328015,0.00703842333
7,1,0,0.00724295573,0.00724295573
7,2,0,0.007650888,0.007650888
7,3,0,0.007328015,0.007328015
8,0,0.000302025059,0.007200208,0.006898183
8,1,0,0.007116632,0.007116632
8,2,0,0.00751745,0.00751745
8,3,0,0.007200208,0.007200208
9,0,0.000325488159,0.00734802056,0.00702253263
9,1,0,0.00726272957,0.00726272957
9,2,0,0.00767177576,0.00767177576
9,3,0,0.00734802056,0.00734802056
10,0,0.000343684485,0.007369219,0.00702553429
10,1,0,0.007283681,0.007283681
10,2,0,0.00769390771,0.00769390771
10,3,0,0.007369219,0.007369219
11,0,0.0003561182,0.00726835057,0.00691223238
11,1,0,0.007183984,0.007183984
11,2,0,0.007588595,0.007588595
11,3,0,0.00726835057,0.00726835057
12,0,0.0003862836,0.0075244,0.00713811629
12,1,0,0.007437061,0.007437061
12,2,0,0.007855926,0.007855926
12,3,0,0.0075244,0.0075244
13,0,0.0003968068,0.007374318,0.006977511
13,1,0,0.007288721,0.007288721
13,2,0,0.007699231,0.007699231
13,3,0,0.007374318,0.007374318
14,0,0.0004092509,0.007296951,0.0068877
14,1,0,0.00721225236,0.00721225236
14,2,0,0.00761845568,0.00761845568
14,3,0,0.007296951,0.007296951
15,0,0.0004288827,0.007337387,0.00690850429
15,1,0,0.007252219,0.007252219
15,2,0,0.00766067347,0.00766067347
15,3,0,0.007337387,0.007337387
16,0,0.000450414547,0.00740952929,0.00695911469
16,1,4.792154E-06,0.007323524,0.007318732
16,2,0,0.007735994,0.007735994
16,3,0,0.00740952929,0.00740952929
17,0,0.000458552269,0.00726557756,0.00680702552
17,1,2.201728E-05,0.00718124351,0.007159226
17,2,0,0.0075857,0.0075857
17,3,0,0.00726557756,0.00726557756
18,0,0.000482490432,0.00737691857,0.00689442828
18,1,4.1207808E-05,0.007291292,0.007250084
18,2,0,0.007701947,0.007701947
18,3,0,0.00737691857,0.00737691857
19,0,0.0004949345,0.007301706,0.00680677127
19,1,6.02704058E-05,0.00721695228,0.00715668174
19,2,0,0.00762342056,0.00762342056
19,3,0,0.007301706,0.007301706
20,0,0.000512170431,0.00731479144,0.006802621
20,1,7.945637E-05,0.007229886,0.00715042977
20,2,0,0.007637082,0.007637082
20,3,0,0.00731479144,0.00731479144
21,0,0.000527,0.007284817,0.00675781677
21,1,9.765271E-05,0.007200259,0.007102606
21,2,0,0.007605787,0.007605787
21,3,0,0.007284817,0.007284817
22,0,0.000556679966,0.00745426258,0.00689758267
22,1,0.00011964931,0.007367738,0.00724808872
22,2,0,0.00778269861,0.00778269861
22,3,0,0.00745426258,0.00745426258
23,0,0.0005629072,0.00731371436,0.006750807
23,1,0.000135966548,0.00722882152,0.007092855
23,2,0,0.007635958,0.007635958
23,3,0,0.00731371436,0.00731371436
24,0,0.0005782222,0.007295404,0.00671718176
24,1,0.0001540804,0.00721072359,0.00705664326
24,2,0,0.007616841,0.007616841
24,3,0,0.007295404,0.007295404
25,0,0.00059162674,0.00725912675,0.0066675
25,1,0.0001713883,0.007174867,0.00700347871
25,2,0,0.007578965,0.007578965
25,3,0,0.00725912675,0.00725912675
26,0,0.000632305,0.00754625024,0.006913945
26,1,0.000198176334,0.007458658,0.007260482
26,2,0,0.007878739,0.007878739
26,3,0,0.00754625024,0.00754625024
27,0,0.000623692235,0.00724189356,0.00661820127
27,1,0.000208689133,0.007157834,0.00694914442
27,2,0,0.00756097259,0.00756097259
27,3,0,0.00724189356,0.00724189356
28,0,0.00063709676,0.007208664,0.006571567
28,1,0.000225914657,0.00712499,0.00689907558
28,2,0,0.007526279,0.007526279
28,3,0,0.007208664,0.007208664
29,0,0.0006773104,0.007475828,0.00679851742
29,1,0.0002527868,0.007389053,0.00713626575
29,2,0,0.007805214,0.007805214
29,3,0,0.007475828,0.007475828
30,0,0.000697406766,0.0075054816,0.00680807466
30,1,0.0002737909,0.00741836242,0.00714457128
30,2,0,0.007836174,0.007836174
30,3,0,0.0075054816,0.0075054816
31,0,0.000691179535,0.00726325158,0.006572072
31,1,0.000283333182,0.007178944,0.006895611
31,2,0,0.00758327171,0.00758327171
31,3,0,0.00726325158,0.00726325158
32,0,0.0007352245,0.00754224,0.00680701528
32,1,0.0003130337,0.00745469425,0.00714166043
32,2,0,0.007874552,0.007874552
32,3,0,0.00754224,0.00754224
33,0,0.000739530835,0.007415052,0.00667552138
33,1,0.000326459034,0.007328983,0.007002524
33,2,0,0.00774176046,0.00774176046
33,3,0,0.007415052,0.007415052
34,0,0.0007481436,0.0073367916,0.006588648
34,1,0.0003418055,0.00725163054,0.006909825
34,2,0,0.007660052,0.007660052
34,3,0,0.0073367916,0.0073367916
35,0,0.000752449967,0.00722129131,0.00646884134
35,1,0.000354156247,0.007137471,0.00678331451
35,2,0,0.0075394623,0.0075394623
35,3,0,0.00722129131,0.00722129131
36,0,0.0007802195,0.00733216247,0.006551943
36,1,0.000378135475,0.00724705542,0.00686892
36,2,0,0.00765521871,0.00765521871
36,3,0,0.00733216247,0.00733216247
37,0,0.000801751332,0.007382602,0.00658085058
37,1,0.0003992027,0.00729690958,0.006897707
37,2,0,0.007707881,0.007707881
37,3,0,0.007382602,0.007382602
38,0,0.000802711758,0.0072412747,0.006438563
38,1,0.0004097782,0.00715722237,0.006747444
38,2,0,0.00756032672,0.00756032672
38,3,0,0.0072412747,0.0072412747
39,0,0.000838133565,0.00741551071,0.006577377
39,1,0.000438445481,0.00732943555,0.00689099
39,2,0,0.007742239,0.007742239
39,3,0,0.00741551071,0.00741551071
40,0,0.000834777253,0.00724035827,0.006405581
40,1,0.0004441257,0.00715631666,0.006712191
40,2,0,0.00755936932,0.00755936932
40,3,0,0.00724035827,0.00724035827
41,0,0.000847706746,0.00722005358,0.006372347
41,1,0.0004605045,0.00713624759,0.006675743
41,2,2.861023E-06,0.00753817,0.007535309
41,3,0,0.00722005358,0.00722005358
42,0,0.00089701853,0.007501494,0.00660447543
42,1,0.0004978054,0.00741442153,0.006916616
42,2,2.193451E-05,0.007832011,0.0078100767
42,3,0,0.007501494,0.007501494
43,0,0.000899393635,0.0073813647,0.006481971
43,1,0.0005083599,0.00729568629,0.006787326
43,2,4.10079956E-05,0.0077065886,0.0076655806
43,3,0,0.0073813647,0.0073813647
44,0,0.0009041958,0.00729279127,0.00638859533
44,1,0.000519802,0.007208141,0.006688339
44,2,6.10351563E-05,0.007614113,0.007553078
44,3,0,0.00729279127,0.00729279127
45,0,0.0009415177,0.007457517,0.00651599932
45,1,0.000550432,0.007370955,0.00682052271
45,2,8.29696655E-05,0.00778609654,0.007703127
45,3,0,0.007457517,0.007457517
46,0,0.000929559057,0.00724159554,0.00631203642
46,1,0.0005514444,0.00715753948,0.006606095
46,2,0.000101089478,0.007560661,0.00745957159
46,3,0,0.00724159554,0.00724159554
47,0,0.0009305195,0.00713209948,0.00620158
47,1,0.000560986344,0.007049314,0.006488328
47,2,0.000117301941,0.00744634075,0.007329039
47,3,0,0.00713209948,0.00713209948
48,0,0.0009697622,0.007310942,0.00634118
48,1,0.000591637159,0.00722608063,0.00663444353
48,2,0.0001411438,0.007633063,0.007491919
48,3,0,0.007310942,0.007310942
49,0,0.000993215,0.0073686,0.006375385
49,1,0.0006145837,0.00728307,0.00666848663
49,2,0.000161170959,0.007693262,0.007532091
49,3,0,0.0073686,0.0073686
50,0,0.0009817313,0.007171012,0.00618928066
50,1,0.0006146045,0.007087775,0.00647317059
50,2,0.000176429749,0.007486968,0.007310538
50,3,0,0.007171012,0.007171012
51,0,0.00101188628,0.007278629,0.006266743
51,1,0.000641413557,0.00719414325,0.00655272976
51,2,0.000197410583,0.007599327,0.007401916
51,3,0,0.007278629,0.007278629
52,0,0.00102863682,0.00728665,0.006258013
52,1,0.0006596099,0.007202071,0.006542461
52,2,0.000218391418,0.007607701,0.00738930935
52,3,0,0.00728665,0.00728665
53,0,0.001049229,0.00732569955,0.00627647061
53,1,0.000680635567,0.00724066747,0.006560032
53,2,0.000238418579,0.00764847128,0.0074100527
53,3,0,0.00732569955,0.00732569955
54,0,0.00107267138,0.007375704,0.006303033
54,1,0.0007026322,0.007290092,0.00658745971
54,2,0.0002603531,0.007700679,0.007440326
54,3,0,0.007375704,0.007375704
55,0,0.00114926719,0.007787243,0.00663797557
55,1,0.0007611044,0.00769685348,0.006935749
55,2,0.000295639038,0.00813035,0.007834711
55,3,0,0.007787243,0.007787243
56,0,0.00113394181,0.007568525,0.006434583
56,1,0.000759162649,0.00748067442,0.006721512
56,2,0.000308990479,0.007901995,0.007593005
56,3,0,0.007568525,0.007568525
57,0,0.00109230308,0.00719099538,0.00609869231
57,1,0.000738074654,0.00710752653,0.006369452
57,2,0.000312805176,0.007507832,0.00719502661
57,3,0,0.00719099538,0.00719099538
58,0,0.0011200622,0.00727019552,0.00615013344
58,1,0.0007630044,0.00718580745,0.006422803
58,2,0.000334739685,0.00759052159,0.007255782
58,3,0,0.00727019552,0.00727019552
59,0,0.00113729807,0.00728555,0.0061482517
59,1,0.0007821092,0.00720098335,0.006418874
59,2,0.000354766846,0.00760655245,0.0072517856
59,3,0,0.00728555,0.00728555
60,0,0.00115691952,0.0073144706,0.006157551
60,1,0.000801318034,0.00722956844,0.00642825058
60,2,0.000374794,0.00763674732,0.00726195332
60,3,0,0.0073144706,0.0073144706
61,0,0.00116601761,0.007277116,0.00611109845
61,1,0.000815610169,0.007192648,0.00637703761
61,2,0.000392913818,0.00759774726,0.00720483344
61,3,0,0.007277116,0.007277116
62,0,0.00118754955,0.007314333,0.006126784
62,1,0.0008357273,0.007229433,0.00639370549
62,2,0.000413894653,0.007636604,0.00722270925
62,3,0,0.007314333,0.007314333
63,0,0.00123973214,0.00754043,0.006300698
63,1,0.0008798244,0.007452905,0.006573081
63,2,0.00044631958,0.00787266251,0.007426343
63,3,0,0.00754043,0.00754043
64,0,0.00127323309,0.00764314272,0.00636990974
64,1,0.0009094211,0.00755442539,0.00664500427
64,2,0.000473022461,0.007979901,0.007506878
64,3,0,0.00764314272,0.00764314272
65,0,0.00125552225,0.00744028343,0.00618476141
65,1,0.0009046501,0.007353921,0.006449271
65,2,0.000479698181,0.00776810339,0.007288405
65,3,0,0.00744028343,0.00744028343
66,0,0.00124307815,0.007279729,0.006036651
66,1,0.0009008499,0.00719523,0.00629438041
66,2,0.0004892349,0.00760047464,0.00711123971
66,3,2.03704917E-06,0.007279729,0.00727769174
67,0,0.00126845168,0.00733876228,0.00607031072
67,1,0.0009247672,0.0072535784,0.006328811
67,2,0.0005121231,0.007662109,0.007149986
67,3,2.10146736E-05,0.00733876228,0.00731774746
68,0,0.0012713226,0.00726987468,0.005998552
68,1,0.00093338,0.00718549034,0.00625211047
68,2,0.000525474548,0.00759018632,0.007064712
68,3,4.118504E-05,0.00726987468,0.00722868973
69,0,0.00150011852,0.008473003,0.00697288476
69,1,0.001109539,0.008374654,0.00726511469
69,2,0.000636100769,0.008846325,0.008210224
69,3,7.56147856E-05,0.008473003,0.008397388
70,0,0.00151926489,0.008466403,0.00694713835
70,1,0.00112963538,0.00836813,0.007238494
70,2,0.0006608963,0.008839434,0.008178538
70,3,0.00010339453,0.008466403,0.0083630085
71,0,0.00152836309,0.008409616,0.0068812524
71,1,0.00114496076,0.008312002,0.0071670413
71,2,0.000681877136,0.008780145,0.008098268
71,3,0.000130182874,0.008409616,0.008279433
72,0,0.00159441493,0.0086606,0.00706618465
72,1,0.00120237912,0.008560073,0.00735769328
72,2,0.0007266998,0.009042188,0.008315488
72,3,0.000162775643,0.0086606,0.008497824
73,0,0.00158005,0.008472087,0.00689203665
73,1,0.00119762891,0.008373748,0.007176119
73,2,0.000737190247,0.00884536747,0.008108177
73,3,0.000190492865,0.008472087,0.008281594
74,0,0.00157096214,0.008321065,0.006750103
74,1,0.00119855814,0.008224479,0.007025921
74,2,0.000747680664,0.008687693,0.007940012
74,3,0.000212510146,0.008321065,0.008108555
75,0,0.00167292124,0.008753504,0.00708058244
75,1,0.001283798,0.008651898,0.00736810034
75,2,0.0008125305,0.009139185,0.008326654
75,3,0.0002527445,0.008753504,0.00850075949
76,0,0.00162073853,0.008378082,0.006757343
76,1,0.00125118473,0.008280834,0.00702964934
76,2,0.0008020401,0.008747222,0.007945182
76,3,0.000269969954,0.008378082,0.008108112
77,0,0.00165807083,0.008468236,0.006810165
77,1,0.00128571887,0.008369942,0.00708422344
77,2,0.0008354187,0.008841348,0.008005929
77,3,0.000301550026,0.008468236,0.008166686
78,0,0.00154033222,0.0077815596,0.0062412275
78,1,0.0012013464,0.007691236,0.0064898897
78,2,0.000789642334,0.008124417,0.00733477436
78,3,0.000300579268,0.0077815596,0.00748098036
79,0,0.00145368814,0.007270333,0.005816645
79,1,0.00113828981,0.00718594342,0.0060476535
79,2,0.000755310059,0.007590665,0.006835355
79,3,0.0003025001,0.007270333,0.006967833
80,0,0.00146326132,0.007245125,0.00578186335
80,1,0.00115070259,0.00716102775,0.006010325
80,2,0.0007715225,0.007564346,0.00679282332
80,3,0.00032168816,0.007245125,0.00692343665
81,0,0.001516394,0.0074361586,0.00591976475
81,1,0.00119855814,0.007349844,0.006151286
81,2,0.000810623169,0.00776379649,0.00695317332
81,3,0.000350376358,0.0074361586,0.00708578248
82,0,0.00149724761,0.007270975,0.00577372732
82,1,0.00118707446,0.00718657766,0.005999503
82,2,0.000810623169,0.007591335,0.006780712
82,3,0.000363780884,0.007270975,0.006907194
83,0,0.00151017716,0.00726497034,0.005754793
83,1,0.001201429,0.00718064327,0.00597921433
83,2,0.0008277893,0.007585066,0.0067572766
83,3,0.000383898121,0.00726497034,0.006881072
84,0,0.00155707228,0.00742245466,0.0058653825
84,1,0.00124453439,0.007336299,0.00609176466
84,2,0.000864028931,0.007749489,0.00688546
84,3,0.0004125865,0.00742245466,0.007009868
85,0,0.00155469717,0.007342154,0.005787457
85,1,0.00124738447,0.00725693069,0.006009546
85,2,0.000872612,0.00766565045,0.00679303845
85,3,0.0004288827,0.007342154,0.00691327127
86,0,0.00155994319,0.00729957456,0.005739631
86,1,0.00125599722,0.00721484562,0.00595884863
86,2,0.000885009766,0.007621195,0.0067361854
86,3,0.000447079015,0.00729957456,0.00685249548
87,0,0.00157192268,0.007289583,0.0057176603
87,1,0.00127037265,0.00720497,0.005934597
87,2,0.0009021759,0.00761076342,0.00670858752
87,3,0.0004662463,0.007289583,0.00682333671
88,0,0.00159824628,0.007345546,0.00574729964
88,1,0.0012962108,0.00726028346,0.00596407242
88,2,0.000926971436,0.007669192,0.00674222037
88,3,0.000490122,0.007345546,0.006855424
89,0,0.00159105856,0.007247279,0.00565622048
89,1,0.00129426923,0.00716315676,0.00586888753
89,2,0.0009326935,0.007566595,0.0066339015
89,3,0.000503547257,0.007247279,0.006743732
90,0,0.00161404675,0.007291416,0.00567736942
90,1,0.00131729885,0.00720678223,0.00588948326
90,2,0.000955581665,0.00761267729,0.00665709563
90,3,0.0005265146,0.007291416,0.006764902
91,0,0.00164515176,0.00736768357,0.005722532
91,1,0.00134693726,0.007282164,0.00593522657
91,2,0.0009832382,0.007692305,0.00670906669
91,3,0.0005523736,0.00736768357,0.00681531
92,0,0.00164371624,0.007297421,0.00565370452
92,1,0.001350779,0.00721271662,0.00586193753
92,2,0.0009918213,0.00761894649,0.006627125
92,3,0.000567678246,0.007297421,0.00672974251
93,0,0.00164850813,0.00725727063,0.00560876261
93,1,0.00135844166,0.0071730325,0.005814591
93,2,0.00100326538,0.00757702673,0.00657376135
93,3,0.000583024463,0.00725727063,0.006674246
94,0,0.00169541349,0.007403067,0.00570765324
94,1,0.00140150543,0.00731713651,0.005915631
94,2,0.00104141235,0.007729247,0.006687835
94,3,0.0006155545,0.007403067,0.00678751245
95,0,0.00169014675,0.00732006226,0.00562991574
95,1,0.00140152627,0.00723509537,0.005833569
95,2,0.00104808807,0.00764258532,0.00659449724
95,3,0.000629000831,0.00732006226,0.00669106143
96,0,0.00168391946,0.007231879,0.00554795936
96,1,0.0013996053,0.00714793568,0.00574833062
96,2,0.00105190277,0.00755051663,0.006498614
96,3,0.0006404014,0.007231879,0.00659147743
97,0,0.00172269763,0.007341696,0.00561899832
97,1,0.00143692724,0.007256478,0.00581955072
97,2,0.00108528137,0.007665172,0.006579891
97,3,0.0006701644,0.007341696,0.00667153159
98,0,0.00170546176,0.007209787,0.0055043255
98,1,0.00142641447,0.00712610036,0.005699686
98,2,0.001083374,0.0075274515,0.00644407747
98,3,0.000677744,0.007209787,0.006532043
99,0,0.0017155204,0.00719493674,0.00547941634
99,1,0.00143692724,0.00711142272,0.00567449536
99,2,0.00109767914,0.007511947,0.0064142677
99,3,0.0006950109,0.00719493674,0.00649992563
100,0,0.00173992314,0.00724407053,0.005504147
100,1,0.00146373629,0.0071599856,0.005696249
100,2,0.001121521,0.00756324548,0.00644172449
100,3,0.0007189908,0.00724407053,0.00652507972
101,0,0.00174376485,0.00720282039,0.0054590553
101,1,0.001469499,0.00711921463,0.00564971566
101,2,0.00113296509,0.007520178,0.006387213
101,3,0.00073425367,0.00720282039,0.0064685666
102,0,0.00175284222,0.00718622841,0.005433386
102,1,0.0014809618,0.00710281543,0.00562185375
102,2,0.00114631653,0.007502855,0.00635653827
102,3,0.0007505084,0.00718622841,0.00643572025
103,0,0.00173897308,0.00707852,0.005339547
103,1,0.00147236988,0.006996357,0.005523987
103,2,0.00114536285,0.007390401,0.006245038
103,3,0.0007581918,0.00707852,0.00632032845
104,0,0.00181747938,0.00734398747,0.005526508
104,1,0.00154319266,0.007258743,0.00571555039
104,2,0.00120544434,0.007667565,0.00646212045
104,3,0.0008060681,0.00734398747,0.0065379194
105,0,0.001787789,0.007168262,0.00538047263
105,1,0.001521217,0.007085057,0.00556384
105,2,0.00119304657,0.00748409657,0.00629105
105,3,0.0008060681,0.007168262,0.00636219373
106,0,0.00181172718,0.00721574575,0.005404019
106,1,0.00154604285,0.00713198958,0.00558594661
106,2,0.00121688843,0.00753367227,0.006316784
106,3,0.0008290771,0.00721574575,0.00638666842
107,0,0.00180742075,0.007145437,0.005338016
107,1,0.00154511351,0.007062497,0.00551738357
107,2,0.00122261047,0.007460266,0.00623765541
107,3,0.000839527638,0.007145437,0.00630590925
108,0,0.00184618856,0.007247004,0.00540081551
108,1,0.00158243545,0.00716288527,0.00558045
108,2,0.0012550354,0.007566308,0.00631127274
108,3,0.000870199059,0.007247004,0.00637680525
109,0,0.00184954493,0.007210062,0.00536051672
109,1,0.00158819812,0.007126372,0.005538174
109,2,0.00126647949,0.00752773834,0.006261259
109,3,0.000884574431,0.007210062,0.00632548751
110,0,0.00187107676,0.007242787,0.00537171029
110,1,0.0016102154,0.00715871761,0.00554850232
110,2,0.00128746033,0.007561906,0.00627444545
110,3,0.000907562557,0.007242787,0.00633522449
111,0,0.0019984094,0.00768205523,0.00568364561
111,1,0.00172412267,0.00759288669,0.005868764
111,2,0.00138378143,0.008020528,0.006636746
111,3,0.0009831357,0.00768205523,0.00669891946
112,0,0.00190601312,0.007274779,0.005368766
112,1,0.00164755806,0.007190338,0.00554278
112,2,0.00132846832,0.00759530673,0.00626683841
112,3,0.0009496554,0.007274779,0.006325124
113,0,0.00189741084,0.00719282869,0.00529541774
113,1,0.00164371624,0.007109339,0.00546562253
113,2,0.00132846832,0.007509746,0.006181278
113,3,0.0009582682,0.00719282869,0.00623456063
114,0,0.00193617854,0.007291554,0.00535537535
114,1,0.00168103818,0.00720691774,0.00552587956
114,2,0.00136375427,0.00761282071,0.00624906644
114,3,0.000989869,0.007291554,0.00630168524
115,0,0.00192660536,0.007207129,0.00528052356
115,1,0.00167531718,0.007123473,0.005448156
115,2,0.00136375427,0.007524676,0.006160922
115,3,0.0009965817,0.007207129,0.00621054741
116,0,0.00203813752,0.007573155,0.0055350177
116,1,0.00177679083,0.00748525048,0.00570845976
116,2,0.00145149231,0.00790683,0.00645533763
116,3,0.00106649613,0.007573155,0.006506659
117,0,0.00199313229,0.007356454,0.005363322
117,1,0.00174043979,0.007271065,0.005530625
117,2,0.0014257431,0.007680581,0.006254838
117,3,0.0010558794,0.007356454,0.00630057463
118,0,0.00195581024,0.00717220362,0.00521639362
118,1,0.00171071815,0.007088953,0.005378235
118,2,0.00140666962,0.007488212,0.00608154247
118,3,0.00104730809,0.00717220362,0.00612489553
119,0,0.00198164862,0.00722069526,0.00523904664
119,1,0.00173655641,0.007136882,0.005400325
119,2,0.00143146515,0.00753884064,0.00610737549
119,3,0.00107219629,0.00722069526,0.006148499
120,0,0.001952454,0.00707192,0.005119466
120,1,0.00171455985,0.00698983343,0.0052752737
120,2,0.00141811371,0.00738351,0.0059653963
120,3,0.00106833386,0.00707192,0.00600358658
121,0,0.00203861273,0.007335554,0.005296941
121,1,0.001793087,0.00725040725,0.00545732025
121,2,0.00148677826,0.0076587596,0.00617198134
121,3,0.00112585619,0.007335554,0.00620969757
122,0,0.00202903943,0.007257454,0.00522841467
122,1,0.00178825366,0.00717321364,0.00538496
122,2,0.00148677826,0.00757721858,0.00609044032
122,3,0.0011325063,0.007257454,0.00612494769
123,0,0.00201994134,0.00717972033,0.005159779
123,1,0.00178251183,0.00709638232,0.0053138705
123,2,0.00148677826,0.00749606,0.00600928161
123,3,0.00113824813,0.00717972033,0.00604147231
124,0,0.0020529672,0.007252687,0.00519972
124,1,0.001815042,0.00716850255,0.00535346055
124,2,0.00151824951,0.00757224159,0.006053992
124,3,0.0011679281,0.007252687,0.006084759
125,0,0.00206398615,0.007248654,0.005184668
125,1,0.0018285088,0.007164516,0.005336007
125,2,0.00153255463,0.00756803062,0.006035476
125,3,0.00118519529,0.007248654,0.00606345851
126,0,0.00207067817,0.007228029,0.00515735056
126,1,0.00183710083,0.0071441303,0.00530702947
126,2,0.00154399872,0.007546497,0.00600249832
126,3,0.00119948748,0.007228029,0.00602854136
127,0,0.00207594479,0.007203462,0.00512751751
127,1,0.00184381346,0.007119849,0.00527603552
127,2,0.00155448914,0.007520848,0.005966359
127,3,0.00121388352,0.007203462,0.00598957855
128,0,0.00207308447,0.0071524037,0.00507931923
128,1,0.00184569275,0.007069383,0.00522369
128,2,0.00155925751,0.00746753952,0.005908282
128,3,0.001222538,0.0071524037,0.005929866
129,0,0.00222528446,0.00763163855,0.005406354
129,1,0.00198362139,0.00754305534,0.005559434
129,2,0.00168037415,0.007967889,0.006287515
129,3,0.00132295769,0.00763163855,0.006308681
130,0,0.00249620434,0.00850494951,0.006008745
130,1,0.00222859927,0.008406229,0.00617763028
130,2,0.00189208984,0.008879679,0.00698758941
130,3,0.00149725808,0.00850494951,0.00700769154
131,0,0.00247993949,0.008395682,0.00591574237
131,1,0.00221810723,0.00829823,0.006080123
131,2,0.0018901825,0.008765598,0.00687541533
131,3,0.00150299992,0.008395682,0.006892682
132,0,0.00248424569,0.00835269,0.00586844468
132,1,0.00222581159,0.008255737,0.00602992531
132,2,0.00190067291,0.008720711,0.006820038
132,3,0.00151830446,0.00835269,0.006834386
133,0,0.00253211171,0.008461315,0.0059292037
133,1,0.00227263384,0.008363102,0.006090468
133,2,0.00194549561,0.008834123,0.006888627
133,3,0.001562339,0.008461315,0.006898976
134,0,0.00254024938,0.008432349,0.0058921
134,1,0.002284159,0.008334472,0.006050313
134,2,0.00196075439,0.00880388,0.00684312545
134,3,0.00157958537,0.008432349,0.0068527637
135,0,0.00254790182,0.008403291,0.005855389
135,1,0.00229374249,0.00830575,0.00601200759
135,2,0.00197410583,0.008773541,0.00679943524
135,3,0.00159875245,0.008403291,0.00680453843
136,0,0.00256226677,0.008398249,0.005835982
136,1,0.00231191819,0.008300767,0.00598884933
136,2,0.00199317932,0.008768277,0.006775098
136,3,0.00162072817,0.008398249,0.00677752076
137,0,0.00260103447,0.008473325,0.00587229
137,1,0.00235025235,0.008374971,0.006024719
137,2,0.00203228,0.00884666,0.00681438
137,3,0.0016590209,0.008473325,0.006814304
138,0,0.00258524437,0.008368548,0.00578330364
138,1,0.00233773561,0.008271411,0.00593367545
138,2,0.0020275116,0.008737268,0.00670975633
138,3,0.00166193338,0.008368548,0.00670661451
139,0,0.00229373225,0.00738276262,0.0050890306
139,1,0.00207931153,0.007297068,0.005217756
139,2,0.00180530548,0.007708048,0.0059027425
139,3,0.00148476206,0.00738276262,0.00589800067
140,0,0.002282734,0.007308054,0.00502531976
140,1,0.002071628,0.0072232266,0.00515159871
140,2,0.00180339813,0.007630048,0.00582664972
140,3,0.00148672448,0.007308054,0.00582132954
141,0,0.00223055133,0.00710427854,0.00487372745
141,1,0.00202662288,0.00702181645,0.00499519333
141,2,0.00176620483,0.007417294,0.00565108936
141,3,0.00146373629,0.00710427854,0.005640542
142,0,0.00232580816,0.00737093762,0.00504512945
142,1,0.002115725,0.00728538027,0.005169655
142,2,0.0018491745,0.007695702,0.00584652741
142,3,0.00153555081,0.00737093762,0.005835387
143,0,0.00230857218,0.007277437,0.004968865
143,1,0.00210221671,0.007192965,0.00509074843
143,2,0.00183963776,0.007598082,0.00575844431
143,3,0.001532659,0.007277437,0.005744778
144,0,0.00232629338,0.007297604,0.0049713105
144,1,0.00212144619,0.00721289776,0.00509145157
144,2,0.00186061859,0.00761913741,0.005758519
144,3,0.00155463489,0.007297604,0.005742969
145,0,0.00229277182,0.00715487869,0.004862107
145,1,0.00209364551,0.0070718294,0.00497818366
145,2,0.00183868408,0.007470124,0.00563144
145,3,0.00154036342,0.00715487869,0.00561451539
146,0,0.002358834,0.00732528744,0.00496645365
146,1,0.002155897,0.00724026,0.005084363
146,2,0.00189781189,0.007648041,0.005750229
146,3,0.00159400248,0.00732528744,0.005731285
147,0,0.00233490625,0.00721592875,0.0048810225
147,1,0.00213865074,0.00713217026,0.00499351975
147,2,0.00188350677,0.00753386365,0.005650357
147,3,0.00158813584,0.00721592875,0.005627793
148,0,0.002319106,0.00713086175,0.004811756
148,1,0.002123346,0.00704809139,0.0049247453
148,2,0.001876831,0.00744504854,0.00556821749
148,3,0.00158437714,0.00713086175,0.00554648461
149,0,0.00240478944,0.00736057945,0.00495579
149,1,0.00220664428,0.00727514224,0.00506849773
149,2,0.00195121765,0.00768488739,0.00573366974
149,3,0.00165327906,0.00736057945,0.00570730027
150,0,0.00236590533,0.0072151036,0.00484919827
150,1,0.002175002,0.00713135535,0.00495635346
150,2,0.00192737579,0.007533002,0.00560562639
150,3,0.00163706613,0.0072151036,0.00557803735
151,0,0.00250614854,0.007620822,0.00511467364
151,1,0.00231191819,0.007532364,0.005220446
151,2,0.00205135345,0.007956597,0.00590524357
151,3,0.00174711086,0.007620822,0.00587371131
152,0,0.00288256956,0.008718716,0.00583614642
152,1,0.00266227382,0.008617515,0.00595524069
152,2,0.00236701965,0.009102864,0.00673584454
152,3,0.00202181027,0.008718716,0.006696906
153,0,0.002893066,0.008700475,0.005807409
153,1,0.00267574051,0.008599485,0.00592374476
153,2,0.00238323212,0.00908382,0.00670058746
153,3,0.0020410188,0.008700475,0.00665945653
154,0,0.00267264736,0.007995922,0.005323275
154,1,0.00247467263,0.00790311,0.00542843761
154,2,0.002207756,0.008348224,0.00614046771
154,3,0.00189643994,0.007995922,0.006099482
155,0,0.002463686,0.00733463746,0.004870951
155,1,0.00228322973,0.007249501,0.004966271
155,2,0.002040863,0.00765780266,0.00561693963
155,3,0.0017566944,0.00733463746,0.00557794329
156,0,0.00244222023,0.007236371,0.00479415059
156,1,0.00226691272,0.0071523753,0.00488546258
156,2,0.00202846527,0.00755520631,0.005526741
156,3,0.00175093173,0.007236371,0.005485439
157,0,0.00252188742,0.007439046,0.00491715875
157,1,0.00234261062,0.007352698,0.00501008751
157,2,0.00209999084,0.00776681164,0.005666821
157,3,0.0018160335,0.007439046,0.005623013
158,0,0.00255815056,0.007511188,0.004953037
158,1,0.00237792847,0.00742400251,0.00504607428
158,2,0.00213527679,0.007842132,0.005706855
158,3,0.00185141386,0.007511188,0.005659774
159,0,0.0024856322,0.007265887,0.00478025526
159,1,0.002313839,0.007181549,0.00486771
159,2,0.00207996368,0.0075860233,0.00550605962
159,3,0.00180746242,0.007265887,0.005458425
160,0,0.00247418252,0.00719970372,0.00472552143
160,1,0.00230524712,0.007116134,0.00481088646
160,2,0.00207519531,0.007516924,0.00544172851
160,3,0.00180645,0.00719970372,0.00539325364
161,0,0.00260204286,0.007538413,0.00493637
161,1,0.00242679636,0.00745091168,0.00502411555
161,2,0.00218772888,0.007870557,0.005682828
161,3,0.00190984446,0.007538413,0.00562856859
162,0,0.00289688259,0.008352874,0.00545599125
162,1,0.002705379,0.00825591851,0.00555053959
162,2,0.00244140625,0.008720903,0.00627949648
162,3,0.00213482976,0.008352874,0.006218044
163,0,0.00290021859,0.008319965,0.005419746
163,1,0.00271021249,0.008223392,0.00551317958
163,2,0.002450943,0.008686543,0.00623560045
163,3,0.00214823429,0.008319965,0.00617173035
164,0,0.00291215256,0.008314283,0.00540213
164,1,0.00272448384,0.008217775,0.00549329165
164,2,0.00246810913,0.008680611,0.006212502
164,3,0.00216833083,0.008314283,0.006145952
165,0,0.0029355248,0.008339949,0.005404424
165,1,0.00274943444,0.008243144,0.005493709
165,2,0.00249290466,0.008707409,0.006214504
165,3,0.00219511916,0.008339949,0.00614483
166,0,0.00295461132,0.008355075,0.005400463
166,1,0.0027704807,0.008258093,0.00548761245
166,2,0.00251674652,0.0087232,0.006206454
166,3,0.002220978,0.008355075,0.00613409653
167,0,0.00296749081,0.008350307,0.00538281631
167,1,0.00278578536,0.008253382,0.00546759646
167,2,0.00253391266,0.008718223,0.00618431065
167,3,0.00224014535,0.008350307,0.00611016154
168,0,0.002937435,0.00822674,0.005289305
168,1,0.00276000961,0.00813125,0.00537124
168,2,0.00251293182,0.008589212,0.00607628
168,3,0.00222767,0.00822674,0.00599907
169,0,0.002972741,0.008286416,0.005313675
169,1,0.0027926215,0.008190231,0.00539761
169,2,0.00255012512,0.008651516,0.00610139128
169,3,0.00226406264,0.008286416,0.00602235273
170,0,0.003049072,0.008461499,0.005412427
170,1,0.002861588,0.008363283,0.005501695
170,2,0.00262260437,0.008834314,0.006211709
170,3,0.00233300612,0.008461499,0.00612849277
171,0,0.00265356828,0.00732968748,0.00467611942
171,1,0.00249231583,0.007244609,0.004752293
171,2,0.00228595734,0.00765263429,0.005366677
171,3,0.00203810632,0.00732968748,0.005291581
172,0,0.002594406,0.00713957,0.00454516429
172,1,0.00243887631,0.007056698,0.004617822
172,2,0.002240181,0.00745414058,0.00521395961
172,3,0.001999897,0.00713957,0.005139673
173,0,0.00264688837,0.007254062,0.00460717361
173,1,0.00248944876,0.00716986135,0.004680413
173,2,0.002289772,0.007573677,0.005283905
173,3,0.00204766914,0.007254062,0.005206393
174,0,0.00271988334,0.007425846,0.00470596272
174,1,0.0025610216,0.007339651,0.00477862963
174,2,0.00235843658,0.00775303,0.00539459335
174,3,0.00211279187,0.007425846,0.005313054
175,0,0.00284869713,0.0077449386,0.00489624124
175,1,0.00268504233,0.00765504,0.00496999733
175,2,0.00247383118,0.008086181,0.00561235
175,3,0.0022200488,0.0077449386,0.00552488957
176,0,0.002779995,0.007528055,0.00474806
176,1,0.00262207887,0.00744067365,0.004818595
176,2,0.00242042542,0.007859742,0.005439317
176,3,0.002175002,0.007528055,0.005353053
177,0,0.00285775983,0.007706622,0.004848862
177,1,0.00269745686,0.007617168,0.0049197115
177,2,0.002491951,0.008046177,0.005554226
177,3,0.002243987,0.007706622,0.00546263531
178,0,0.0028401108,0.00762916356,0.00478905253
178,1,0.00268315151,0.00754060876,0.00485745724
178,2,0.00248146057,0.007965306,0.00548384525
178,3,0.00223723287,0.00762916356,0.0053919307
179,0,0.00272083655,0.00728092063,0.004560084
179,1,0.00257245963,0.007196408,0.0046239486
179,2,0.00238227844,0.00760171935,0.005219441
179,3,0.00215205527,0.00728092063,0.005128865
180,0,0.00271368,0.00723389536,0.004520215
180,1,0.00256769382,0.00714992872,0.00458223466
180,2,0.00237941742,0.007552622,0.00517320447
180,3,0.00215207622,0.00723389536,0.00508181937
181,0,0.00278190547,0.007388446,0.00460654031
181,1,0.00263448549,0.007302685,0.00466819946
181,2,0.00244426727,0.007713982,0.00526971463
181,3,0.00221424457,0.007388446,0.00517420145
182,0,0.00270652352,0.0071610203,0.004454497
182,1,0.00256482675,0.0070778993,0.004513073
182,2,0.00238227844,0.007476536,0.00509425765
182,3,0.00216068886,0.0071610203,0.00500033144
183,0,0.00271368,0.00715396227,0.00444028247
183,1,0.00257341284,0.007070923,0.00449751038
183,2,0.00239181519,0.007469167,0.005077352
183,3,0.00217306032,0.00715396227,0.004980902
184,0,0.00275900215,0.007247737,0.004488735
184,1,0.00261826627,0.00716361,0.00454534357
184,2,0.00243663788,0.00756707368,0.005130436
184,3,0.0022172404,0.007247737,0.005030497
185,0,0.00279383175,0.00731236255,0.004518531
185,1,0.00265356456,0.007227485,0.00457392074
185,2,0.00247192383,0.007634546,0.00516262231
185,3,0.002250658,0.00731236255,0.00506170467
186,0,0.00276425225,0.007210337,0.00444608461
186,1,0.00262589939,0.00712664425,0.004500745
186,2,0.00244998932,0.00752802566,0.00507803634
186,3,0.002235291,0.007210337,0.004975046
187,0,0.0028439234,0.00739018759,0.004546264
187,1,0.00270604319,0.00730440672,0.0045983633
187,2,0.002524376,0.00771580031,0.0051914244
187,3,0.00230520545,0.00739018759,0.005084982
188,0,0.00283390749,0.0073378454,0.004503938
188,1,0.00269651134,0.007252672,0.004556161
188,2,0.00251960754,0.007661152,0.00514154462
188,3,0.002304297,0.0073378454,0.00503354846
189,0,0.00279955845,0.007224546,0.00442498736
189,1,0.00266692438,0.00714068767,0.00447376352
189,2,0.00249290466,0.00754286,0.00504995557
189,3,0.002283209,0.007224546,0.004941337
190,0,0.00276949862,0.00712151174,0.004352013
190,1,0.00263925153,0.00703884941,0.00439959764
190,2,0.00247001648,0.00743528642,0.00496527
190,3,0.00226501259,0.00712151174,0.004856499
191,0,0.002799078,0.007173945,0.00437486731
191,1,0.00266979169,0.00709067471,0.004420883
191,2,0.00250148773,0.00749003049,0.00498854276
191,3,0.00229661353,0.007173945,0.00487733167
192,0,0.00283152051,0.007230962,0.00439944165
192,1,0.00270223035,0.00714702951,0.00444479939
192,2,0.002532959,0.0075495597,0.00501660071
192,3,0.00232823519,0.007230962,0.004902727
193,0,0.002800035,0.00712747,0.004327435
193,1,0.0026745575,0.00704473862,0.004370181
193,2,0.00250911713,0.00744150765,0.00493239053
193,3,0.00230902643,0.00712747,0.004818443
194,0,0.00288113975,0.00731007056,0.00442893058
194,1,0.002752795,0.00722521963,0.00447242474
194,2,0.00258636475,0.00763215357,0.005045789
194,3,0.00238371175,0.00731007056,0.004926359
195,0,0.00285680685,0.007222804,0.004365997
195,1,0.00273182523,0.00713896565,0.00440714043
195,2,0.00256729126,0.00754104136,0.00497375
195,3,0.002368407,0.007222804,0.004854397
196,0,0.00290880888,0.007330054,0.00442124531
196,1,0.00278428057,0.007244971,0.00446069054
196,2,0.00261878967,0.007653017,0.00503422739
196,3,0.00241822517,0.007330054,0.004911829
197,0,0.00315642,0.007927539,0.004771119
197,1,0.00302189123,0.007835521,0.00481363
197,2,0.00284671783,0.008276828,0.00543011
197,3,0.00263263518,0.007927539,0.00529490365
198,0,0.00287111988,0.00718577,0.00431465032
198,1,0.00275088078,0.00710236235,0.004351482
198,2,0.00259208679,0.00750237657,0.00491029
198,3,0.002400008,0.00718577,0.004785762
199,0,0.00287922961,0.007182287,0.00430305768
199,1,0.00276043569,0.00709891925,0.00433848333
199,2,0.002603531,0.00749873975,0.004895209
199,3,0.00241335016,0.007182287,0.004768937
200,0,0.002876366,0.007152587,0.004276221
200,1,0.00275948271,0.00706956442,0.00431008171
200,2,0.00260543823,0.00746773137,0.004862293
200,3,0.00241719186,0.007152587,0.00473539531
201,0,0.00301281665,0.007467738,0.004454921
201,1,0.00289210514,0.007381057,0.00448895153
201,2,0.002732277,0.00779676763,0.00506449072
201,3,0.00253789523,0.007467738,0.00492984243
202,0,0.002954131,0.00729888724,0.00434475625
202,1,0.00283772778,0.007214166,0.00437643845
202,2,0.00268268585,0.007620477,0.00493779127
202,3,0.00249573984,0.00729888724,0.004803147
203,0,0.00291453558,0.00717880344,0.004264268
203,1,0.00280145323,0.007095476,0.004294023
203,2,0.0026512146,0.00749510247,0.004843888
203,3,0.00246796,0.00717880344,0.004710844
204,0,0.00305527542,0.007500738,0.00444546249
204,1,0.00293793483,0.00741367368,0.004475739
204,2,0.002781868,0.007831221,0.00504935347
204,3,0.0025924216,0.007500738,0.0049083163
205,0,0.0029221687,0.00715185329,0.00422968436
205,1,0.00281194574,0.007068839,0.004256893
205,2,0.00266551971,0.00746696535,0.00480144564
205,3,0.00248710625,0.00715185329,0.004664747
206,0,0.0029469782,0.00719072,0.00424374174
206,1,0.00283774338,0.00710725458,0.00426951144
206,2,0.002691269,0.00750754448,0.00481627556
206,3,0.002513007,0.00719072,0.004677713
207,0,0.00294793141,0.00717110373,0.00422317255
207,1,0.00283961883,0.007087866,0.004248247
207,2,0.00269508362,0.0074870633,0.00479197968
207,3,0.00251963641,0.00717110373,0.00465146732
208,0,0.00300041,0.00727560371,0.00427519344
208,1,0.00289208977,0.00719115324,0.00429906324
208,2,0.00274753571,0.007596168,0.0048486325
208,3,0.00257040444,0.00727560371,0.004705199
209,0,0.00297369412,0.00719072,0.004217026
209,1,0.00286827586,0.00710725458,0.004238979
209,2,0.00272655487,0.00750754448,0.00478098961
209,3,0.00255412888,0.00719072,0.0046365913
210,0,0.00294649787,0.007102537,0.004156039
210,1,0.002842486,0.007020095,0.004177609
210,2,0.00270462036,0.007415476,0.00471085543
210,3,0.00253595342,0.007102537,0.004566584
211,0,0.00323227444,0.00776895555,0.004536681
211,1,0.00312207476,0.007678778,0.00455670338
211,2,0.0029706955,0.008111257,0.00514056161
211,3,0.002779398,0.00776895555,0.00498955743
212,0,0.00315976,0.007570038,0.004410278
212,1,0.003052416,0.00748216966,0.004429754
212,2,0.00290870667,0.007903575,0.0049948683
212,3,0.0027232233,0.007570038,0.004846815
213,0,0.00314019667,0.007501288,0.004361091
213,1,0.003036189,0.00741421757,0.00437802868
213,2,0.00289440155,0.007831796,0.00493739452
213,3,0.00271366839,0.007501288,0.004787619
214,0,0.00316882273,0.00754583767,0.004377015
214,1,0.00306483032,0.00745825,0.00439341972
214,2,0.00292396545,0.007878308,0.00495434273
214,3,0.00274325558,0.00754583767,0.004802582
215,0,0.00301281665,0.007153687,0.00414087065
215,1,0.002914989,0.00707065128,0.00415566238
215,2,0.00278377533,0.007468879,0.004685104
215,3,0.00261444575,0.007153687,0.004539241
216,0,0.003038099,0.00719255349,0.00415445445
216,1,0.00294173975,0.007109067,0.004167327
216,2,0.00281047821,0.00750945834,0.00469898
216,3,0.0026411654,0.00719255349,0.00455138832
217,0,0.00306100212,0.007227204,0.00416620169
217,1,0.0029656,0.007143315,0.0041777147
217,2,0.00283527374,0.00754563557,0.004710362
217,3,0.00266787759,0.007227204,0.004559326
218,0,0.00317931944,0.007484788,0.004305469
218,1,0.0030819797,0.007397909,0.00431592949
218,2,0.00294780731,0.00781456847,0.004866761
218,3,0.002775702,0.007484788,0.00470908638
219,0,0.00304000918,0.007136087,0.00409607776
219,1,0.00294746645,0.00705325557,0.004105789
219,2,0.0028219223,0.007450504,0.004628582
219,3,0.002659299,0.007136087,0.004476788
220,0,0.00306863524,0.007184854,0.00411621854
220,1,0.00297798333,0.007101456,0.00412347261
220,2,0.00285339355,0.007501419,0.00464802561
220,3,0.002690777,0.007184854,0.00449407659
221,0,0.00310680084,0.007252137,0.00414533634
221,1,0.00301615661,0.00716795865,0.004151802
221,2,0.00289058685,0.00757166743,0.00468108058
221,3,0.002727997,0.007252137,0.00452414
222,0,0.003084378,0.00718192058,0.00409754273
222,1,0.00299610919,0.007098557,0.004102448
222,2,0.00287342072,0.007498357,0.00462493626
222,3,0.002716528,0.00718192058,0.004465393
223,0,0.0031209297,0.0072488375,0.00412790757
223,1,0.00303332158,0.007164697,0.004131376
223,2,0.00291156769,0.00756822247,0.004656655
223,3,0.00275376369,0.0072488375,0.004495074
224,0,0.00317243044,0.007330604,0.00415817369
224,1,0.003078198,0.007245515,0.004167317
224,2,0.00295639038,0.00765359169,0.00469720131
224,3,0.00279860129,0.007330604,0.004532003
225,0,0.00315807643,0.007276704,0.004118628
225,1,0.00306479936,0.00719224056,0.004127441
225,2,0.00294494629,0.00759731652,0.00465237023
225,3,0.002788101,0.007276704,0.004488603
226,0,0.003148513,0.00723582041,0.00408730749
226,1,0.00305718952,0.00715183141,0.00409464166
226,2,0.002940178,0.00755463168,0.00461445376
226,3,0.00278716325,0.00723582041,0.004448657
227,0,0.003152828,0.007227204,0.004074376
227,1,0.003063854,0.007143315,0.004079461
227,2,0.00294780731,0.00754563557,0.00459782826
227,3,0.00279668719,0.007227204,0.00443051662
228,0,0.003254187,0.007438771,0.004184584
228,1,0.0031630923,0.007352426,0.004189334
228,2,0.003045082,0.00776652433,0.00472144224
228,3,0.00289117522,0.007438771,0.004547596
229,0,0.003429175,0.007816989,0.004387814
229,1,0.00333486428,0.00772625441,0.00439139
229,2,0.00321292877,0.008161407,0.004948478
229,3,0.00305240043,0.007816989,0.00476458855
230,0,0.00318342936,0.007238204,0.00405477453
230,1,0.00309725362,0.007154187,0.00405693334
230,2,0.00298595428,0.00755712,0.004571166
230,3,0.0028405874,0.007238204,0.00439761672
231,0,0.00320924027,0.00727707054,0.00406783028
231,1,0.00312398118,0.007192603,0.00406862143
231,2,0.00301265717,0.0075976993,0.004585042
231,3,0.00286729936,0.00727707054,0.00440977141
232,0,0.00319585484,0.00722958753,0.00403373269
232,1,0.00311251986,0.00714567071,0.004033151
232,2,0.003004074,0.007548124,0.00454405
232,3,0.00286062714,0.00722958753,0.00436896039
233,0,0.00316429348,0.007139937,0.003975644
233,1,0.00308294827,0.007057061,0.00397411268
233,2,0.00297737122,0.00745452335,0.004477152
233,3,0.0028386733,0.007139937,0.004301264
234,0,0.00334694283,0.00753172161,0.004184779
234,1,0.00326233031,0.007444298,0.00418196758
234,2,0.00315189362,0.00786357,0.00471167639
234,3,0.003006633,0.00753172161,0.00452508871
235,0,0.003361288,0.007545655,0.004184367
235,1,0.00327856536,0.00745807,0.0041795047
235,2,0.00316905975,0.007878118,0.00470905844
235,3,0.003024743,0.007545655,0.004520912
236,0,0.00329578761,0.007378821,0.004083033
236,1,0.00321557862,0.007293172,0.004077594
236,2,0.00311088562,0.007703933,0.00459304731
236,3,0.002971288,0.007378821,0.00440753251
237,0,0.0032226257,0.007197687,0.00397506123
237,1,0.00314591965,0.007114141,0.003968221
237,2,0.00304412842,0.007514818,0.00447068969
237,3,0.00291119167,0.007197687,0.004286495
238,0,0.00330869737,0.007371304,0.004062607
238,1,0.00323085254,0.00728574255,0.00405489
238,2,0.00312900543,0.00769608468,0.00456707925
238,3,0.00299325725,0.007371304,0.004378047
239,0,0.00325322733,0.007230504,0.00397727638
239,1,0.00317835063,0.007146577,0.00396822626
239,2,0.00307941437,0.007549081,0.00446966663
239,3,0.00294934958,0.007230504,0.00428115437
240,0,0.003269959,0.00724957045,0.003979611
240,1,0.00319553865,0.00716542173,0.003969883
240,2,0.00309848785,0.00756898755,0.0044704997
240,3,0.00296752178,0.00724957045,0.004282049
241,0,0.0032948365,0.007288071,0.0039932346
241,1,0.00322225853,0.007203475,0.003981217
241,2,0.00312519073,0.00760918437,0.00448399363
241,3,0.00299610151,0.007288071,0.00429196935
242,0,0.00329147256,0.00726258755,0.00397111475
242,1,0.00322258286,0.00717828749,0.00395570463
242,2,0.00312519073,0.00758257834,0.00445738761
242,3,0.00299708545,0.00726258755,0.004265502
243,0,0.00323649542,0.007124537,0.00388804171
243,1,0.00317383953,0.00704183942,0.00386799988
243,2,0.003074646,0.007438445,0.004363799
243,3,0.00295220921,0.007124537,0.004172328
244,0,0.0033220828,0.007296871,0.003974788
244,1,0.00325994636,0.007212173,0.0039522266
244,2,0.00316047668,0.007618372,0.004457895
244,3,0.003035251,0.007296871,0.00426162
245,0,0.00332925119,0.00729503762,0.00396578666
245,1,0.00326852361,0.007210361,0.003941837
245,2,0.00316905975,0.007616458,0.00444739824
245,3,0.00304667372,0.00729503762,0.004248364
246,0,0.00331730116,0.00725177024,0.003934469
246,1,0.00325705786,0.00716759637,0.00391053874
246,2,0.00316143036,0.00757128466,0.0044098543
246,3,0.003040978,0.00725177024,0.00421079248
247,0,0.00335315987,0.007313921,0.00396076124
247,1,0.003294361,0.00722902548,0.00393466465
247,2,0.00319862366,0.007636173,0.00443754951
247,3,0.00307818246,0.007313921,0.004235739
248,0,0.00332255848,0.007230137,0.00390757853
248,1,0.00326565281,0.007146214,0.00388056133
248,2,0.003170967,0.00754869776,0.00437773066
248,3,0.00305527542,0.007230137,0.00417486159
249,0,0.003332122,0.007234904,0.003902782
249,1,0.003276185,0.007150925,0.00387474033
249,2,0.00318431854,0.00755367475,0.004369356
249,3,0.003067659,0.007234904,0.004167245
250,0,0.0033283,0.00720960367,0.00388130359
250,1,0.003273314,0.00712591875,0.00385260466
250,2,0.00318241119,0.00752726,0.004344849
250,3,0.00306958845,0.00720960367,0.004140015
251,0,0.00339045422,0.00732932054,0.00393886631
251,1,0.00333641935,0.00724424655,0.003907827
251,2,0.00324630737,0.007652252,0.00440594461
251,3,0.0031316143,0.00732932054,0.00419770647
252,0,0.00335267559,0.00723087043,0.00387819484
252,1,0.003300085,0.007146939,0.0038468542
252,2,0.003211975,0.007549464,0.00433748867
252,3,0.00310107414,0.00723087043,0.00412979629
253,0,0.003350298,0.00720942067,0.00385912275
253,1,0.003299099,0.007125738,0.00382663915
253,2,0.003211975,0.00752706872,0.00431509363
253,3,0.00310395681,0.00720942067,0.00410546362
254,0,0.00342200673,0.007349304,0.003927297
254,1,0.00337180262,0.00726399757,0.003892195
254,2,0.00328445435,0.00767311547,0.004388661
254,3,0.00317453034,0.007349304,0.00417477358
255,0,0.00329960953,0.00706972,0.00377011043
255,1,0.00325135142,0.006987659,0.00373630738
255,2,0.00316905975,0.007381213,0.004212153
255,3,0.00306576816,0.00706972,0.004003952
256,0,0.00334741827,0.00715790363,0.00381048536
256,1,0.003300085,0.007074819,0.003774734
256,2,0.00321769714,0.007473282,0.004255585
256,3,0.00311444164,0.00715790363,0.00404346175
257,0,0.003464567,0.007392571,0.003928004
257,1,0.00341674942,0.00730676251,0.003890013
257,2,0.00333404541,0.007718289,0.0043842434
257,3,0.00322797755,0.007392571,0.00416459329
258,0,0.00342823262,0.007299254,0.00387102156
258,1,0.00338231726,0.007214529,0.00383221172
258,2,0.00330066681,0.00762086036,0.00432019355
258,3,0.003198406,0.007299254,0.004100848
259,0,0.00335698179,0.00713187037,0.00377488858
259,1,0.003313488,0.007049088,0.00373559981
259,2,0.003235817,0.0074461014,0.00421028445
259,3,0.00313639571,0.00713187037,0.00399547443
260,0,0.00339188962,0.00719255349,0.00380066386
260,1,0.00334881875,0.007109067,0.00376024819
260,2,0.003271103,0.00750945834,0.00423835544
260,3,0.00317357713,0.00719255349,0.00401897635
261,0,0.003590795,0.007597538,0.00400674343
261,1,0.003546852,0.007509351,0.003962499
261,2,0.00346660614,0.007932287,0.00446568057
261,3,0.0033644205,0.007597538,0.00423311768
262,0,0.003570708,0.007539421,0.003968713
262,1,0.00352770742,0.007451908,0.003924201
262,2,0.00344944,0.007871609,0.004422169
262,3,0.00335012283,0.007539421,0.004189298
263,0,0.003405275,0.00717477035,0.00376949529
263,1,0.0033660084,0.00709149,0.00372548169
263,2,0.00329303741,0.0074908915,0.004197854
263,3,0.00319842156,0.00717477035,0.003976349
264,0,0.00353342271,0.007430521,0.00389709813
264,1,0.00349422614,0.007344272,0.00385004585
264,2,0.00341892242,0.007757911,0.00433898857
264,3,0.003325294,0.007430521,0.004105227
265,0,0.0034545192,0.00724902051,0.0037945013
265,1,0.003416767,0.00716487831,0.00374811119
265,2,0.0033454895,0.00756841339,0.004222924
265,3,0.00325471279,0.00724902051,0.00399430748
266,0,0.00345500349,0.00723582041,0.003780817
266,1,0.00341865164,0.00715183141,0.00373317976
266,2,0.0033493042,0.00755463168,0.00420532748
266,3,0.00325945555,0.00723582041,0.00397636462
267,0,0.00345835,0.007229037,0.00377068715
267,1,0.0034234596,0.007145127,0.00372166722
267,2,0.00335407257,0.00754755,0.00419347733
267,3,0.003267104,0.007229037,0.003961933
268,0,0.00352433464,0.007351687,0.00382735254
268,1,0.00348941819,0.00726635335,0.00377693516
268,2,0.00342082977,0.007675604,0.004254774
268,3,0.003332958,0.007351687,0.004018729
269,0,0.00350185251,0.00729137054,0.003789518
269,1,0.0034693575,0.007206737,0.00373737956
269,2,0.00340271,0.00761263,0.00420992
269,3,0.0033167,0.00729137054,0.00397467054
270,0,0.00356353982,0.00740503753,0.0038414977
270,1,0.00353149418,0.00731908437,0.00378759019
270,2,0.00346469879,0.007731305,0.004266606
270,3,0.00337874121,0.00740503753,0.00402629655
271,0,0.0035252946,0.007310804,0.00378550938
271,1,0.00349420868,0.00722594466,0.003731736
271,2,0.00342941284,0.007632919,0.00420350628
271,3,0.00334725552,0.007310804,0.00396354869
272,0,0.00348894252,0.00722152041,0.003732578
272,1,0.00345882541,0.007137697,0.00367887178
272,2,0.003396988,0.00753970165,0.00414271373
272,3,0.003316723,0.00722152041,0.00390479737
273,0,0.00347938784,0.00718907034,0.0037096825
273,1,0.00345118158,0.007105624,0.00365444226
273,2,0.00339031219,0.007505822,0.00411551
273,3,0.003311934,0.00718907034,0.00387713639
274,0,0.00355446059,0.00733023742,0.00377577683
274,1,0.00352672115,0.00724515226,0.003718431
274,2,0.00346660614,0.007653209,0.004186603
274,3,0.00338733522,0.00733023742,0.003942902
275,0,0.00345643,0.00711463671,0.00365820667
275,1,0.00343112112,0.00703205448,0.00360093336
275,2,0.00337219238,0.00742810871,0.00405591633
275,3,0.003296691,0.00711463671,0.00381794572
276,0,0.00349229784,0.00717660366,0.00368430582
276,1,0.00346738519,0.007093302,0.00362591678
276,2,0.003411293,0.007492806,0.004081513
276,3,0.0033377083,0.00717660366,0.00383889535
277,0,0.00389585015,0.007989139,0.00409328938
277,1,0.00386908813,0.007896407,0.004027318
277,2,0.00380706787,0.008341142,0.004534074
277,3,0.00372606725,0.007989139,0.00426307227
278,0,0.00548324548,0.0112181986,0.005734953
278,1,0.005448831,0.0110879838,0.005639153
278,2,0.00536346436,0.0117124738,0.00634900946
278,3,0.00525370473,0.0112181986,0.005964494
279,0,0.005122262,0.0104514966,0.00532923453
279,1,0.005092145,0.0103301825,0.00523803756
279,2,0.005016327,0.0109119909,0.005895664
279,3,0.00492300652,0.0104514966,0.00552849
280,0,0.00393504649,0.008011323,0.004076277
280,1,0.00391304865,0.007918333,0.004005284
280,2,0.003856659,0.008364303,0.004507644
280,3,0.00379064283,0.008011323,0.00422068033
281,0,0.00357644982,0.007267354,0.00369090424
281,1,0.00355828251,0.00718299858,0.003624716
281,2,0.00350761414,0.0075875544,0.00407994026
281,3,0.00344927935,0.007267354,0.00381807471
282,0,0.00356306438,0.0072281207,0.00366505631
282,1,0.00354584819,0.007144221,0.003598373
282,2,0.00349712372,0.0075465925,0.004049469
282,3,0.00343969837,0.0072281207,0.00378842233
283,0,0.00363000017,0.00735058775,0.00372058759
283,1,0.00361279282,0.0072652665,0.00365247368
283,2,0.00356483459,0.00767445564,0.004109621
283,3,0.003509549,0.00735058775,0.00384103879
284,0,0.00360330543,0.00713315373,0.0035298483
284,1,0.00351428683,0.00705035636,0.00353606953
284,2,0.00346755981,0.00744744157,0.00397988176
284,3,0.00341384346,0.00713315373,0.00371931028
285,0,0.00364990463,0.007207404,0.00355749927
285,1,0.003557314,0.00712374458,0.00356643065
285,2,0.00351238251,0.007524963,0.0040125805
285,3,0.00346071017,0.007207404,0.00374669372
286,0,0.00373198465,0.00735682063,0.003624836
286,1,0.00363767915,0.007271427,0.003633748
286,2,0.00359344482,0.00768096372,0.004087519
286,3,0.00354109285,0.00735682063,0.00381572777
287,0,0.00366355851,0.00720942067,0.00354586216
287,1,0.00357260159,0.007125738,0.00355313648
287,2,0.00353050232,0.00752706872,0.0039965664
287,3,0.00347985467,0.00720942067,0.003729566
288,0,0.00368654844,0.007243704,0.00355715561
288,1,0.00359653658,0.00715962332,0.00356308674
288,2,0.00355434418,0.00756286271,0.00400851853
288,3,0.00350666069,0.007243704,0.00373704336
289,0,0.00371535635,0.00728752045,0.003572164
289,1,0.00362517452,0.007202931,0.0035777567
289,2,0.003583908,0.00760860974,0.00402470166
289,3,0.00353720062,0.00728752045,0.00375031983
290,0,0.00378184323,0.007405588,0.00362374471
290,1,0.00369120319,0.00731962826,0.003628425
290,2,0.003651619,0.007731879,0.00408026
290,3,0.00360516668,0.007405588,0.00380042125
291,0,0.003655749,0.00714763673,0.00349188782
291,1,0.0035688146,0.00706467126,0.00349585665
291,2,0.003531456,0.00746256253,0.00393110653
291,3,0.00348753366,0.00714763673,0.003660103
292,0,0.00369386678,0.00721015362,0.00351628684
292,1,0.00360706868,0.00712646265,0.003519394
292,2,0.00357055664,0.00752783427,0.00395727763
292,3,0.00352858822,0.00721015362,0.0036815654
293,0,0.00375740533,0.00732253771,0.00356513239
293,1,0.003670174,0.007237542,0.003567368
293,2,0.00363445282,0.00764516974,0.004010717
293,3,0.00359274982,0.00732253771,0.003729788
294,0,0.003702168,0.00720410375,0.00350193586
294,1,0.003618517,0.00712048262,0.00350196566
294,2,0.003583908,0.00752151757,0.00393760949
294,3,0.00354396366,0.00720410375,0.00366014
295,0,0.00366112776,0.0071126204,0.00345149264
295,1,0.00357836066,0.00703006145,0.00345170079
295,2,0.003545761,0.00742600346,0.00388024235
295,3,0.003507559,0.0071126204,0.00360506144
296,0,0.00367726455,0.007133337,0.00345607265
296,1,0.003595568,0.0070505375,0.0034549695
296,2,0.00356292725,0.007447633,0.00388470571
296,3,0.00352670369,0.007133337,0.00360663352
297,0,0.003680678,0.0071289367,0.00344825862
297,1,0.00359940738,0.007046188,0.00344678084
297,2,0.003569603,0.00744303875,0.00387343578
297,3,0.00353440014,0.0071289367,0.00359453657
298,0,0.003933306,0.00760652125,0.0036732154
298,1,0.003848024,0.00751822954,0.00367020559
298,2,0.003815651,0.007941666,0.004126015
298,3,0.00378011051,0.00760652125,0.00382641074
299,0,0.00445035426,0.008592124,0.00414177
299,1,0.004354838,0.00849239249,0.00413755467
299,2,0.00432109833,0.008970695,0.00464959629
299,3,0.00428220443,0.008592124,0.00430991966
300,0,0.003949417,0.007611655,0.00366223836
300,1,0.00386860548,0.007523304,0.00365469838
300,2,0.00383758545,0.007947026,0.00410944037
300,3,0.00380402827,0.007611655,0.003807627
301,0,0.00372125278,0.007161387,0.003440134
301,1,0.00372350123,0.00707826158,0.00335476035
301,2,0.00361728668,0.0074769184,0.00385963172
301,3,0.003587889,0.007161387,0.00357349776
302,0,0.00371975265,0.00714837,0.00342861749
302,1,0.003723814,0.00706539629,0.00334158237
302,2,0.00361824036,0.00746332854,0.00384508818
302,3,0.00358984387,0.00714837,0.00355852628
303,0,0.00370265916,0.00710455328,0.00340189412
303,1,0.00370705547,0.007022088,0.00331503246
303,2,0.00360393524,0.007417581,0.0038136458
303,3,0.00357740954,0.00710455328,0.00352714374
304,0,0.003792601,0.00726717059,0.00347456965
304,1,0.00379798,0.007182818,0.00338483788
304,2,0.00369358063,0.00758736348,0.00389378285
304,3,0.00366730313,0.00726717059,0.00359986746
305,0,0.00372171821,0.00712160347,0.00339988526
305,1,0.00372862327,0.00703894,0.003310317
305,2,0.00362682343,0.00743538234,0.003808559
305,3,0.00360227819,0.00712160347,0.00351932528
306,0,0.00378916156,0.007239854,0.0034506924
306,1,0.003796893,0.007155818,0.003358925
306,2,0.0036945343,0.00755884266,0.00386430835
306,3,0.00367015647,0.007239854,0.0035696975
307,0,0.003752983,0.00716047,0.003407487
307,1,0.00376172317,0.007077356,0.0033156327
307,2,0.0036611557,0.00747596147,0.00381480576
307,3,0.00364053226,0.00716047,0.00351993763
308,0,0.003777447,0.00719805341,0.00342060649
308,1,0.00378727424,0.007114503,0.00332722883
308,2,0.003686905,0.007515201,0.003828296
308,3,0.00366730313,0.00719805341,0.00353075028
309,0,0.00379063562,0.007212904,0.0034222682
309,1,0.00380175444,0.00712918071,0.00332742627
309,2,0.0037021637,0.00753070554,0.00382854184
309,3,0.00368259079,0.007212904,0.003530313
310,0,0.003777447,0.00717752,0.00340007315
310,1,0.00378830917,0.007094208,0.003305899
310,2,0.00369167328,0.00749376277,0.00380208949
310,3,0.00367302727,0.00717752,0.00350449281
311,0,0.00385903567,0.007322904,0.00346386852
311,1,0.00387219829,0.00723790424,0.003365706
311,2,0.0037727356,0.00764555251,0.003872817
311,3,0.003756193,0.007322904,0.00356671121
312,0,0.00380527228,0.007210337,0.00340506481
312,1,0.00381851313,0.00712664425,0.00330813113
312,2,0.00372219086,0.00752802566,0.0038058348
312,3,0.00370749459,0.007210337,0.0035028425
313,0,0.003867828,0.007320154,0.003452326
313,1,0.003882852,0.007235186,0.00335233426
313,2,0.003786087,0.00764268124,0.00385659421
313,3,0.00377250183,0.007320154,0.00354765216
314,0,0.00380480685,0.00719127,0.00338646327
314,1,0.00382058276,0.00710779848,0.00328721572
314,2,0.00372695923,0.00750811864,0.00378115941
314,3,0.00371318357,0.00719127,0.00347808655
315,0,0.00382337463,0.007216204,0.00339282933
315,1,0.00384002877,0.00713244267,0.003292414
315,2,0.00374603271,0.007534151,0.00378811825
315,3,0.00373518141,0.007216204,0.00348102255
316,0,0.0038409594,0.00724022044,0.003399261
316,1,0.00385854417,0.00715618,0.003297636
316,2,0.00376605988,0.00755922543,0.00379316555
316,3,0.00375524187,0.00724022044,0.00348497857
317,0,0.004015412,0.00755867129,0.003543259
317,1,0.004034393,0.00747093465,0.00343654165
317,2,0.003938675,0.007891707,0.003953032
317,3,0.003929393,0.00755867129,0.00362927839
318,0,0.00413659262,0.00777683826,0.00364024565
318,1,0.00415852154,0.00768657,0.00352804828
318,2,0.00405979156,0.008119487,0.00405969564
318,3,0.004052627,0.00777683826,0.00372421136
319,0,0.00388838723,0.00730108749,0.00341270026
319,1,0.00390943745,0.007216341,0.00330690341
319,2,0.00381946564,0.00762277469,0.003803309
319,3,0.00381264067,0.00730108749,0.00348844682
320,0,0.003940624,0.007388904,0.00344828
320,1,0.003962192,0.00730313826,0.003340946
320,2,0.00387191772,0.0077144606,0.00384254288
320,3,0.003867151,0.007388904,0.00352175324
321,0,0.003871759,0.00725048734,0.0033787284
321,1,0.00389464456,0.007166328,0.00327168335
321,2,0.0038061142,0.007569945,0.00376383075
321,3,0.0038021612,0.00725048734,0.00344832614
322,0,0.00384781254,0.00719787041,0.00335005787
322,1,0.00387131982,0.007114322,0.003243002
322,2,0.00378513336,0.00751501,0.0037298766
322,3,0.003782999,0.00719787041,0.0034148714
323,0,0.004096044,0.007651622,0.00355557771
323,1,0.0041214386,0.00756280636,0.00344136776
323,2,0.00403022766,0.007988754,0.003958526
323,3,0.004029678,0.007651622,0.00362194376
324,0,0.003852674,0.00718833739,0.00333566335
324,1,0.00387809449,0.00710489927,0.00322680478
324,2,0.00379371643,0.00750505645,0.00371134
324,3,0.003793531,0.00718833739,0.00339480629
325,0,0.00386881083,0.00720997,0.00334115932
325,1,0.00389567949,0.0071262815,0.003230602
325,2,0.00381088257,0.007527643,0.00371676032
325,3,0.00381360925,0.00720997,0.003396361
326,0,0.00389177469,0.007244254,0.00335247931
326,1,0.00391916046,0.007160167,0.00324100675
326,2,0.00383663177,0.007563437,0.003726805
326,3,0.003838478,0.007244254,0.003405776
327,0,0.003933332,0.007313004,0.0033796723
327,1,0.00396203576,0.0072281193,0.00326608354
327,2,0.00387859344,0.007635216,0.00375662278
327,3,0.003882456,0.007313004,0.00343054812
328,0,0.00383558054,0.007123254,0.00328767323
328,1,0.00386449276,0.00704057142,0.00317607867
328,2,0.00378417969,0.00743710529,0.0036529256
328,3,0.00378965656,0.007123254,0.00333359721
329,0,0.00382094388,0.00708768656,0.00326674269
329,1,0.00385073456,0.00700541725,0.00315468269
329,2,0.003771782,0.007399971,0.00362818921
329,3,0.00377824344,0.00708768656,0.00330944313
330,0,0.003908868,0.00724260369,0.00333373575
330,1,0.00393958949,0.007158536,0.00321894651
330,2,0.00386047363,0.007561714,0.00370124029
330,3,0.00386811956,0.00724260369,0.00337448413
331,0,0.00388786965,0.00719530368,0.003307434
331,1,0.00392019562,0.007111785,0.00319158938
331,2,0.00384140015,0.00751232961,0.00367092947
331,3,0.003849961,0.00719530368,0.00334534259
332,0,0.00390545465,0.00722005358,0.003314599
332,1,0.003937676,0.00713624759,0.0031985715
332,2,0.00386047363,0.00753817,0.00367769646
332,3,0.003870973,0.00722005358,0.00334908068
333,0,0.00393576268,0.00726827048,0.0033325078
333,1,0.003970054,0.00718390476,0.00321385078
333,2,0.00389289856,0.007588512,0.00369561324
333,3,0.003904454,0.00726827048,0.00336381653
334,0,0.00407652,0.00751998834,0.00344346836
334,1,0.004112542,0.007432701,0.003320159
334,2,0.00403404236,0.00785132,0.003817278
334,3,0.00404692069,0.00751998834,0.00347306766
335,0,0.00394209847,0.0072633205,0.003321222
335,1,0.00397796836,0.00717901252,0.00320104416
335,2,0.0039024353,0.00758334342,0.00368090812
335,3,0.00398291834,0.0072633205,0.00328040216
336,0,0.003931858,0.00723765371,0.0033057956
336,1,0.00396881066,0.00715364376,0.003184833
336,2,0.003894806,0.007556546,0.00366174
336,3,0.00399539666,0.00723765371,0.003242257
337,0,0.00388836116,0.00714892056,0.0032605594
337,1,0.00392510928,0.00706594,0.003140831
337,2,0.00385284424,0.007463903,0.003611059
337,3,0.00395433046,0.00714892056,0.00319459
338,0,0.003976829,0.007304754,0.00332792522
338,1,0.004015825,0.007219965,0.00320413988
338,2,0.0039434433,0.007626603,0.00368315959
338,3,0.00404804666,0.007304754,0.00325670745
339,0,0.004003638,0.007236554,0.003232916
339,1,0.003983708,0.007152556,0.00316884788
339,2,0.003911972,0.007555397,0.00364342518
339,3,0.00401701638,0.007236554,0.00321953744
340,0,0.004203317,0.00730952062,0.0031062034
340,1,0.00402860064,0.007224676,0.00319607556
340,2,0.00395679474,0.00763157941,0.00367478468
340,3,0.004064701,0.00730952062,0.00324481959
341,0,0.00417197263,0.007248287,0.00307631446
341,1,0.00399932731,0.00716415374,0.00316482643
341,2,0.003930092,0.007567648,0.003637556
341,3,0.004038428,0.007248287,0.00320985913
342,0,0.00418122532,0.00725672,0.003075495
342,1,0.00400905032,0.00717248861,0.00316343829
342,2,0.00394058228,0.00757645257,0.00363587029
342,3,0.00405011652,0.00725672,0.00320660369
343,0,0.004085902,0.00708420342,0.00299830129
343,1,0.00391916046,0.007001974,0.0030828137
343,2,0.00385189056,0.007396335,0.00354444422
343,3,0.00396017451,0.00708420342,0.003124029
344,0,0.004127122,0.00714892056,0.00302179856
344,1,0.003959192,0.00706594,0.00310674822
344,2,0.00389289856,0.007463903,0.00357100461
344,3,0.004004189,0.00714892056,0.00314473175
345,0,0.004178126,0.007230137,0.00305201113
345,1,0.00400812,0.007146214,0.00313809421
345,2,0.00394248962,0.00754869776,0.00360620813
345,3,0.004054926,0.007230137,0.00317521114
346,0,0.004164756,0.007200437,0.00303568132
346,1,0.00399725745,0.007116859,0.0031196014
346,2,0.003931999,0.00751768937,0.00358569017
346,3,0.00404628972,0.007200437,0.00315414742
347,0,0.004456744,0.00769690564,0.00324016158
347,1,0.004277841,0.007607565,0.00332972361
347,2,0.00420951843,0.008036032,0.003826514
347,3,0.004332613,0.00769690564,0.00336429244
348,0,0.004834848,0.008341874,0.003507026
348,1,0.00464143557,0.008245046,0.00360361068
348,2,0.00456905365,0.008709418,0.004140364
348,3,0.004703965,0.008341874,0.003637909
349,0,0.004891429,0.008430241,0.00353881158
349,1,0.004697138,0.008332388,0.00363524957
349,2,0.00462436676,0.008801679,0.00417731237
349,3,0.00476344256,0.008430241,0.00366679812
350,0,0.004899223,0.008434825,0.00353560178
350,1,0.00470587844,0.008336918,0.00363104
350,2,0.0046339035,0.008806464,0.00417256076
350,3,0.00477435673,0.008434825,0.003660468
351,0,0.0048286044,0.00830429047,0.003475686
351,1,0.00463947,0.00820789952,0.0035684295
351,2,0.00457000732,0.008670178,0.004100171
351,3,0.00470980955,0.00830429047,0.003594481
352,0,0.00490794424,0.008431891,0.00352394674
352,1,0.0047156536,0.008334018,0.00361836469
352,2,0.004647255,0.008803401,0.004156146
352,3,0.004790959,0.008431891,0.003640932
353,0,0.006013785,0.010320046,0.004306261
353,1,0.0057809893,0.0102002574,0.004419268
353,2,0.00569725037,0.0107747484,0.005077498
353,3,0.00587481027,0.010320046,0.00444523571
354,0,0.0050547584,0.008665458,0.0036107
354,1,0.005113576,0.00856487453,0.00345129846
354,2,0.00479125977,0.00904726,0.004256
354,3,0.00494337827,0.008665458,0.00372208
355,0,0.00506609259,0.008675174,0.00360908126
355,1,0.00513520651,0.008574478,0.00343927182
355,2,0.004805565,0.009057404,0.00425183866
355,3,0.00495811924,0.008675174,0.00371705461
356,0,0.00597566459,0.0102215949,0.00424593035
356,1,0.006058059,0.0101029491,0.00404489
356,2,0.005669594,0.01067196,0.00500236638
356,3,0.00585412048,0.0102215949,0.00436747447
357,0,0.005142243,0.008786275,0.003644032
357,1,0.00521463668,0.008684289,0.003469652
357,2,0.0048828125,0.0091734,0.00429058727
357,3,0.00504128635,0.008786275,0.0037449887
358,0,0.00443983264,0.00757975457,0.003139922
358,1,0.00450446876,0.00749177346,0.0029873047
358,2,0.004217148,0.00791372,0.003696572
358,3,0.004356973,0.00757975457,0.0032227817
359,0,0.004237852,0.007228487,0.002990635
359,1,0.00429868558,0.00714458339,0.0028458978
359,2,0.00402736664,0.00754697528,0.00351960864
359,3,0.00416053925,0.007228487,0.003067948
360,0,0.0041992,0.00715662027,0.00295742042
360,1,0.004261493,0.00707355049,0.00281205727
360,2,0.003991127,0.00747194234,0.00348081533
360,3,0.00412536971,0.00715662027,0.00303125056
361,0,0.00428991951,0.007306404,0.00301648444
361,1,0.004354204,0.007221596,0.0028673918
361,2,0.0040807724,0.00762832537,0.003547553
361,3,0.00421820767,0.007306404,0.00308819627
362,0,0.004210534,0.00716505339,0.00295451935
362,1,0.004273098,0.007081886,0.00280878786
362,2,0.004005432,0.0074807466,0.00347531447
362,3,0.00414202362,0.00716505339,0.00302302977
363,0,0.004387765,0.007461321,0.00307355588
363,1,0.004455149,0.00737471459,0.00291956542
363,2,0.00417709351,0.007790068,0.00361297466
363,3,0.004319838,0.007461321,0.00314148329
364,0,0.00443203934,0.00753062125,0.003098582
364,1,0.00450057676,0.00744321058,0.00294263382
364,2,0.004220009,0.007862422,0.00364241283
364,3,0.00436576549,0.00753062125,0.00316485576
365,0,0.00428726152,0.00727872038,0.00299145887
365,1,0.004355087,0.00719423359,0.00283914665
365,2,0.00408363342,0.007599422,0.00351578835
365,3,0.00422601728,0.00727872038,0.003052703
366,0,0.00427039526,0.007245354,0.00297495862
366,1,0.00433800463,0.007161254,0.00282324944
366,2,0.00406932831,0.007564585,0.00349525688
366,3,0.004212311,0.007245354,0.003033043
367,0,0.004217751,0.007150937,0.002933186
367,1,0.004285225,0.007067933,0.002782708
367,2,0.00402164459,0.00746600842,0.00344436383
367,3,0.0041635395,0.007150937,0.00298739737
368,0,0.004332067,0.00733848754,0.00300642056
368,1,0.00440264028,0.007253307,0.00285066664
368,2,0.004131317,0.00766182225,0.003530505
368,3,0.004277841,0.00733848754,0.00306064636
369,0,0.00428270269,0.00725103728,0.00296833459
369,1,0.004353231,0.007166872,0.002813641
369,2,0.004085541,0.007570519,0.00348497834
369,3,0.00423284434,0.00725103728,0.003018193
370,0,0.00417662133,0.007066237,0.00288961548
370,1,0.0042459066,0.006984216,0.00273830956
370,2,0.00398635864,0.007377576,0.00339121744
370,3,0.00413028337,0.007066237,0.00293595344
371,0,0.00433981558,0.007337204,0.0029973886
371,1,0.00441202847,0.00725203846,0.00284001
371,2,0.004143715,0.00766048254,0.00351676764
371,3,0.00429439126,0.007337204,0.003042813
372,0,0.004416056,0.0074609546,0.00304489862
372,1,0.004491369,0.00737435231,0.00288298354
372,2,0.0042181015,0.00778968539,0.003571584
372,3,0.004371714,0.0074609546,0.00308924075
373,0,0.00427287258,0.007214187,0.0029413146
373,1,0.004346149,0.007130449,0.00278430013
373,2,0.00408267975,0.00753204525,0.0034493655
373,3,0.004233827,0.007214187,0.0029803603
374,0,0.00433729263,0.00731832068,0.002981028
374,1,0.0044119386,0.00723337429,0.00282143569
374,2,0.004146576,0.007640767,0.003494191
374,3,0.004299357,0.00731832068,0.00301896362
375,0,0.0043002353,0.00725177024,0.002951535
375,1,0.00437598955,0.00716759637,0.00279160682
375,2,0.00411224365,0.00757128466,0.003459041
375,3,0.00426604832,0.00725177024,0.002985722
376,0,0.00423010346,0.00712838676,0.0028982833
376,1,0.00430470426,0.007045645,0.00274094054
376,2,0.00404644,0.00744246459,0.00339602446
376,3,0.00419777865,0.00712838676,0.002930608
377,0,0.00424250076,0.00714488653,0.00290238578
377,1,0.00431816466,0.007061953,0.00274378853
377,2,0.00405979156,0.00745969173,0.00339990016
377,3,0.004213294,0.00714488653,0.00293159252
378,0,0.004348627,0.007319421,0.00297079422
378,1,0.00442752568,0.00723446161,0.002806936
378,2,0.00416278839,0.0076419157,0.00347912731
378,3,0.00432180334,0.007319421,0.0029976177
379,0,0.004258439,0.00716322,0.00290478114
379,1,0.004335608,0.007080074,0.002744466
379,2,0.004078865,0.00747883273,0.00339996768
379,3,0.004233827,0.00716322,0.0029293932
380,0,0.004328526,0.00727633759,0.0029478115
380,1,0.00440795626,0.00719187828,0.002783922
380,2,0.004146576,0.007596934,0.00345035829
380,3,0.004306184,0.00727633759,0.00297015347
381,0,0.00430200575,0.0072283037,0.002926298
381,1,0.004382008,0.007144402,0.00276239356
381,2,0.004122734,0.007546784,0.00342404982
381,3,0.00428265054,0.0072283037,0.00294565316
382,0,0.00429655937,0.007214737,0.00291817775
382,1,0.00437687244,0.0071309926,0.00275412016
382,2,0.00411891937,0.00753261941,0.0034137
382,3,0.004279859,0.007214737,0.00293487823
383,0,0.00426260149,0.00715387054,0.002891269
383,1,0.00434287,0.00707083242,0.00272796256
383,2,0.004088402,0.007469071,0.00338066928
383,3,0.004247481,0.00715387054,0.00290638953
384,0,0.00424737064,0.00712417,0.00287679955
384,1,0.0043287063,0.007041477,0.00271277083
384,2,0.00407409668,0.007438062,0.00336396554
384,3,0.00441798,0.00712417,0.00270619
385,0,0.004381832,0.00734600425,0.002964172
385,1,0.004465601,0.00726073654,0.0027951356
385,2,0.00420570374,0.00766967051,0.00346396677
385,3,0.00460772077,0.00734600425,0.00273828348
386,0,0.004287306,0.007183754,0.00289644767
386,1,0.00437067356,0.00710036932,0.00272969576
386,2,0.00411605835,0.00750027131,0.003384213
386,3,0.00451164041,0.007183754,0.00267211348
387,0,0.004248168,0.00711463671,0.00286646886
387,1,0.00433162553,0.00703205448,0.002700429
387,2,0.00407981873,0.00742810871,0.00334829
387,3,0.00447277259,0.00711463671,0.00264186412
388,0,0.00435531233,0.00729008764,0.00293477532
388,1,0.004440806,0.0072054686,0.00276466273
388,2,0.004184723,0.00761129,0.00342656719
388,3,0.004587359,0.00729008764,0.00270272885
389,0,0.004222666,0.007064587,0.002841921
389,1,0.00430665025,0.00698258542,0.00267593516
389,2,0.004057884,0.0073758536,0.00331796939
389,3,0.00445080642,0.007064587,0.00261378055
390,0,0.00456184056,0.00717037031,0.00260852976
390,1,0.00437404355,0.00708714128,0.00271309773
390,2,0.004122734,0.007486298,0.00336356414
390,3,0.00452236226,0.00717037031,0.002648008
391,0,0.004773924,0.0073454543,0.00257153017
391,1,0.004483224,0.00726019265,0.00277696876
391,2,0.00422668457,0.007669096,0.00344241131
391,3,0.004636588,0.0073454543,0.00270886626
392,0,0.00461649662,0.007100337,0.00248384057
392,1,0.004336671,0.00701792073,0.00268124975
392,2,0.004088402,0.00741317868,0.003324777
392,3,0.004487116,0.007100337,0.0026132213
393,0,0.0046239784,0.00710840337,0.002484425
393,1,0.004344816,0.00702589331,0.00268107746
393,2,0.004096985,0.00742160063,0.00332461577
393,3,0.004496504,0.00710840337,0.00261189928
394,0,0.00472581666,0.00726130372,0.002535487
394,1,0.00444001332,0.007177019,0.00273700571
394,2,0.0041885376,0.0075812377,0.0033927
394,3,0.00459833257,0.00726130372,0.00266297115
395,0,0.00475857034,0.00730897067,0.00255040033
395,1,0.00447259238,0.00722413231,0.00275154
395,2,0.0042181015,0.007631005,0.00341290329
395,3,0.00463242549,0.00730897067,0.00267654518
396,0,0.00466315169,0.007159187,0.0024960353
396,1,0.004383161,0.00707608741,0.00269292621
396,2,0.00413608551,0.00747462176,0.00333853625
396,3,0.00454175146,0.007159187,0.00261743553
397,0,0.004611139,0.007076137,0.00246499758
397,1,0.00433454476,0.006994001,0.00265945634
397,2,0.004090309,0.00738791237,0.00329760322
397,3,0.00449322443,0.007076137,0.00258291233
398,0,0.00469815452,0.00720722042,0.002509066
398,1,0.00441716425,0.007123563,0.00270639872
398,2,0.004170418,0.00752477162,0.00335435383
398,3,0.004581953,0.00720722042,0.00262526749
399,0,0.004706292,0.007216204,0.002509912
399,1,0.004426282,0.00713244267,0.00270616077
399,2,0.00417709351,0.007534151,0.00335705746
399,3,0.004591251,0.007216204,0.00262495317
400,0,0.004679958,0.00717330351,0.00249334564
400,1,0.00440175738,0.00709004,0.00268828264
400,2,0.00415611267,0.0074893604,0.00333324773
400,3,0.004567609,0.00717330351,0.00260569435
401,0,0.00470623,0.007210887,0.002504657
401,1,0.00442655245,0.007127187,0.00270063477
401,2,0.004180908,0.0075286,0.00334769161
401,3,0.004596296,0.007210887,0.00261459081
402,0,0.00483433949,0.007404304,0.00256996462
402,1,0.00454865256,0.00731835933,0.00276970677
402,2,0.004295349,0.007730539,0.00343518984
402,3,0.00472407276,0.007404304,0.00268023135
403,0,0.004670555,0.007150937,0.002480382
403,1,0.004394676,0.007067933,0.00267325714
403,2,0.004152298,0.00746600842,0.00331371045
403,3,0.004566366,0.007150937,0.002584571
404,0,0.004869546,0.007452521,0.0025829752
404,1,0.00478567835,0.00736601651,0.00258033816
404,2,0.0043296814,0.00778088,0.00345119881
404,3,0.00476241857,0.007452521,0.00269010244
405,0,0.00503940554,0.00770992134,0.00267051579
405,1,0.00515244342,0.00762042962,0.0024679862
405,2,0.00448226929,0.008049622,0.003567353
405,3,0.00493207248,0.00770992134,0.00277784886
406,0,0.00467016455,0.00714268675,0.0024725222
406,1,0.00477589155,0.007059779,0.00228388747
406,2,0.00415611267,0.00745739462,0.003301282
406,3,0.004573628,0.00714268675,0.002569059
407,0,0.004677771,0.00715185329,0.00247408217
407,1,0.00478357635,0.007068839,0.00228526257
407,2,0.00416278839,0.00746696535,0.003304177
407,3,0.004581953,0.00715185329,0.00256990036
408,0,0.0047403737,0.007245354,0.00250498019
408,1,0.00484936545,0.007161254,0.00231188862
408,2,0.00422096252,0.007564585,0.00334362267
408,3,0.00464676926,0.007245354,0.00259858463
409,0,0.00459049037,0.00701398635,0.002423496
409,1,0.004695984,0.00693257246,0.00223658839
409,2,0.004088402,0.007323024,0.003234622
409,3,0.00450164,0.00701398635,0.00251234649
410,0,0.004677912,0.00714562042,0.0024677082
410,1,0.004786075,0.007062678,0.00227660313
410,2,0.00416755676,0.00746045727,0.00329290051
410,3,0.004590098,0.00714562042,0.0025555226
411,0,0.00467161741,0.00713388668,0.00246226927
411,1,0.004781078,0.007051081,0.00227000285
411,2,0.00416278839,0.00744820666,0.00328541826
411,3,0.00458514225,0.00713388668,0.00254874444
412,0,0.0047431537,0.007240954,0.00249780016
412,1,0.00485398853,0.00715690525,0.00230291672
412,2,0.004228592,0.00755999144,0.00333139952
412,3,0.00465828367,0.007240954,0.00258267019
413,0,0.00476889452,0.007278354,0.00250945939
413,1,0.0048817913,0.00719387131,0.00231208
413,2,0.004252434,0.00759903947,0.00334660569
413,3,0.004685637,0.007278354,0.00259271683
414,0,0.004727003,0.00721272035,0.00248571718
414,1,0.00483943149,0.00712899957,0.002289568
414,2,0.004216194,0.00753051369,0.00331431953
414,3,0.00464792224,0.00721272035,0.002564798
415,0,0.00477756327,0.007287887,0.00251032365
415,1,0.004891975,0.007203294,0.002311319
415,2,0.004262924,0.00760899251,0.00334606832
415,3,0.00469839526,0.007287887,0.00258949166
416,0,0.00470120041,0.007169454,0.00246825349
416,1,0.00481350347,0.007086235,0.00227273162
416,2,0.00419521332,0.007485341,0.0032901275
416,3,0.00462622661,0.007169454,0.00254322728
417,0,0.00470940024,0.00718082,0.00247142
417,1,0.00482406141,0.00709746964,0.00227340823
417,2,0.00420475,0.007497208,0.00329245813
417,3,0.004636588,0.00718082,0.00254423218
418,0,0.00467267958,0.007122887,0.00245020725
418,1,0.00478663854,0.00704020867,0.00225357013
418,2,0.004173279,0.007436722,0.00326344324
418,3,0.00460258545,0.007122887,0.00252030138
419,0,0.004777298,0.00728092063,0.00250362279
419,1,0.004894099,0.007196408,0.002302309
419,2,0.00426769257,0.00760171935,0.00333402678
419,3,0.004707513,0.00728092063,0.00257340772
420,0,0.00477114366,0.00727028726,0.00249914359
420,1,0.004888913,0.00718589826,0.00229698513
420,2,0.004263878,0.00759061752,0.00332673965
420,3,0.004704504,0.00727028726,0.00256578345
421,0,0.00472581666,0.007199154,0.002473337
421,1,0.00484286761,0.00711559039,0.00227272278
421,2,0.00422382355,0.00751634967,0.00329252612
421,3,0.004661203,0.007199154,0.00253795087
422,0,0.00479768123,0.00730768731,0.002510006
422,1,0.00491634151,0.00722286431,0.0023065228
422,2,0.004289627,0.007629665,0.003340038
422,3,0.004734524,0.00730768731,0.00257316325
423,0,0.004674663,0.00711922,0.00244455738
423,1,0.004792573,0.00703658443,0.0022440115
423,2,0.004180908,0.007432894,0.00325198565
423,3,0.00461586565,0.00711922,0.00250335457
424,0,0.004737921,0.007214187,0.00247626612
424,1,0.00485705072,0.007130449,0.00227339845
424,2,0.00423908234,0.00753204525,0.003292963
424,3,0.004679799,0.007214187,0.002534388
425,0,0.00465395162,0.00708512031,0.00243116869
425,1,0.00477245543,0.00700288033,0.002230425
425,2,0.00416469574,0.00739729172,0.003232596
425,3,0.00459939567,0.00708512031,0.00248572463
426,0,0.004819251,0.007335921,0.00251666969
426,1,0.00494145649,0.00725077,0.00230931351
426,2,0.004313469,0.007659143,0.003345674
426,3,0.00476524746,0.007335921,0.00257067336
427,0,0.00467406958,0.00711372,0.00243965024
427,1,0.00479432335,0.0070311483,0.002236825
427,2,0.00418567657,0.007427152,0.00324147521
427,3,0.00462312764,0.00711372,0.00249059219
428,0,0.00466043362,0.007092087,0.00243165344
428,1,0.004780016,0.00700976653,0.00222975062
428,2,0.00417423248,0.00740456535,0.00323033286
428,3,0.00461188331,0.007092087,0.00248020375
429,0,0.004921355,0.007488088,0.0025667334
429,1,0.005048668,0.00740117067,0.00235250266
429,2,0.00440883636,0.007818014,0.003409178
429,3,0.00487239147,0.007488088,0.00261569675
430,0,0.005477731,0.00833399,0.00285625923
430,1,0.005620523,0.008237255,0.002616732
430,2,0.00490951538,0.008701188,0.00379167218
430,3,0.0054256455,0.00833399,0.00290834485
431,0,0.00542657776,0.008255158,0.00282857986
431,1,0.005568917,0.008159337,0.00259041972
431,2,0.00486469269,0.008618881,0.00375418831
431,3,0.005378182,0.008255158,0.00287697557
432,0,0.00546323648,0.00830979,0.00284655346
432,1,0.005607028,0.008213336,0.00260630762
432,2,0.004899025,0.008675921,0.00377689581
432,3,0.00564736,0.00830979,0.00266243
433,0,0.00545006944,0.008289256,0.00283918669
433,1,0.00559471967,0.00819304,0.0025983206
433,2,0.004889488,0.008654483,0.00376499444
433,3,0.00587268267,0.008289256,0.00241657346
434,0,0.00546687562,0.00831419,0.00284731481
434,1,0.00561258849,0.008217684,0.00260509551
434,2,0.00490570068,0.008680515,0.00377481431
434,3,0.005894611,0.00831419,0.00241957931
435,0,0.00552583858,0.008403291,0.00287745241
435,1,0.00567412842,0.00830575,0.00263162144
435,2,0.00496006,0.008773541,0.003813481
435,3,0.005960899,0.008403291,0.002442392
436,0,0.005477731,0.008329224,0.00285149273
436,1,0.00562489638,0.008232543,0.00260764686
436,2,0.004919052,0.008696211,0.00377715845
436,3,0.00591198076,0.008329224,0.002417243
437,0,0.00540672569,0.008221423,0.00281469757
437,1,0.005553422,0.008125993,0.00257257139
437,2,0.00485610962,0.00858366,0.00372755062
437,3,0.00583831733,0.008221423,0.002383106
438,0,0.005496849,0.00835819,0.002861341
438,1,0.00564713869,0.008261173,0.00261403434
438,2,0.00493907928,0.008726453,0.00378737412
438,3,0.005938846,0.00835819,0.00241934368
439,0,0.00478120241,0.007269921,0.00248871837
439,1,0.004912342,0.007185536,0.002273194
439,2,0.00429725647,0.00759023475,0.00329297828
439,3,0.00516749965,0.007269921,0.00210242113
440,0,0.004885312,0.00710712,0.00222180784
440,1,0.00480238255,0.00702462532,0.00222224277
440,2,0.004201889,0.007420261,0.003218372
440,3,0.00505504152,0.00710712,0.00205207849
441,0,0.00522219157,0.00718192058,0.001959729
441,1,0.00485398853,0.007098557,0.00224456843
441,2,0.00424671173,0.007498357,0.00325164525
441,3,0.00510927057,0.00718192058,0.00207265
442,0,0.005350708,0.0073586544,0.00200794637
442,1,0.00497457059,0.00727323955,0.002298669
442,2,0.00435352325,0.00768287759,0.00332935434
442,3,0.00523741264,0.0073586544,0.00212124176
443,0,0.00524472073,0.00721272035,0.00196799962
443,1,0.004875418,0.00712899957,0.00225358177
443,2,0.00426769257,0.00753051369,0.00326282112
443,3,0.00513626076,0.00721272035,0.00207645958
444,0,0.00530728465,0.007299254,0.00199196953
444,1,0.00493552163,0.007214529,0.00227900734
444,2,0.00432014465,0.00762086036,0.0033007157
444,3,0.005199551,0.007299254,0.002099703
445,0,0.005386867,0.00740925455,0.00202238746
445,1,0.00500949472,0.0073232525,0.00231375778
445,2,0.004385948,0.00773570733,0.00334975915
445,3,0.00527920946,0.00740925455,0.002130045
446,0,0.005330744,0.007332254,0.00200151
446,1,0.00495826267,0.00724714575,0.002288883
446,2,0.00434112549,0.00765531464,0.00331418915
446,3,0.005227603,0.007332254,0.00210465118
447,0,0.00525894575,0.00723362062,0.00197467487
447,1,0.004890788,0.00714965723,0.00225886935
447,2,0.004283905,0.007552335,0.00326843
447,3,0.00515837828,0.00723362062,0.00207524234
448,0,0.005257831,0.007233254,0.00197542319
448,1,0.00489185,0.007149295,0.002257445
448,2,0.0042848587,0.00755195227,0.00326709356
448,3,0.00515944045,0.007233254,0.0020738137
449,0,0.00520279165,0.00715772,0.00195492851
449,1,0.00484061847,0.007074638,0.00223401934
449,2,0.004240036,0.00747309,0.00323305419
449,3,0.005107959,0.00715772,0.00204976136
450,0,0.00520144869,0.00715662027,0.00195517158
450,1,0.004840369,0.00707355049,0.00223318161
450,2,0.00424098969,0.00747194234,0.00323095266
450,3,0.00510902144,0.00715662027,0.00204759883
451,0,0.005235898,0.0072046537,0.00196875585
451,1,0.00487291953,0.00712102652,0.002248107
451,2,0.00426864624,0.00752209174,0.00325344549
451,3,0.005144509,0.0072046537,0.00206014467
452,0,0.00525343558,0.00722922,0.00197578454
452,1,0.00488903746,0.007145308,0.0022562705
452,2,0.00428581238,0.007547741,0.00326192845
452,3,0.00516325049,0.00722922,0.00206596963
453,0,0.005158513,0.007099787,0.00194127392
453,1,0.005152446,0.007017377,0.00186493061
453,2,0.00420856476,0.00741260452,0.00320403976
453,3,0.00507303467,0.007099787,0.002026752
454,0,0.00524267461,0.007216387,0.00197371235
454,1,0.005396285,0.00713262334,0.00173633825
454,2,0.004278183,0.007534342,0.003256159
454,3,0.00515744044,0.007216387,0.00205894653
455,0,0.005238355,0.00721162045,0.00197326532
455,1,0.005392713,0.00712791225,0.00173519924
455,2,0.00427627563,0.007529366,0.0032530902
455,3,0.00515481737,0.00721162045,0.002056803
456,0,0.00522718253,0.007196954,0.00196977146
456,1,0.00538138859,0.00711341575,0.00173202716
456,2,0.00426769257,0.00751405256,0.00324636
456,3,0.00514607,0.007196954,0.002050884
457,0,0.00524658244,0.007225187,0.00197860459
457,1,0.00540165557,0.00714132143,0.00173966587
457,2,0.0042848587,0.00754353,0.00325867115
457,3,0.00516725,0.007225187,0.002057937
458,0,0.00518797059,0.007145254,0.00195728336
458,1,0.005342652,0.007062316,0.00171966385
458,2,0.004237175,0.007460075,0.0032229
458,3,0.005112208,0.007145254,0.002033046
459,0,0.0051764627,0.007130587,0.00195412431
459,1,0.005331352,0.00704781944,0.00171646755
459,2,0.00422954559,0.00744476169,0.003215216
459,3,0.005101461,0.007130587,0.002029126
460,0,0.00529745454,0.00729888724,0.0020014327
460,1,0.00545645552,0.007214166,0.00175771071
460,2,0.0043296814,0.007620477,0.00329079572
460,3,0.00522416737,0.00729888724,0.00207471987
461,0,0.00521913869,0.007192187,0.00197304832
461,1,0.005376777,0.007108704,0.001731927
461,2,0.004266739,0.007509076,0.00324233714
461,3,0.00514819426,0.007192187,0.00204399275
462,0,0.00525335968,0.007240954,0.00198759418
462,1,0.00541148568,0.00715690525,0.00174541958
462,2,0.004295349,0.00755999144,0.00326464232
462,3,0.005184181,0.007240954,0.00205677282
463,0,0.00523716444,0.00722005358,0.00198288914
463,1,0.005396589,0.00713624759,0.00173965842
463,2,0.004283905,0.00753817,0.003254265
463,3,0.005170686,0.00722005358,0.00204936741
464,0,0.005283153,0.00728532067,0.00200216752
464,1,0.005444244,0.007200757,0.001756513
464,2,0.004322052,0.007606313,0.003284261
464,3,0.00521741947,0.00728532067,0.00206790119
465,0,0.00524479663,0.00723362062,0.001988824
465,1,0.005405228,0.00714965723,0.00174442912
465,2,0.00429153442,0.007552335,0.00326080061
465,3,0.005180745,0.00723362062,0.0020528757
466,0,0.005236677,0.007224087,0.00198741024
466,1,0.005397476,0.00714023458,0.00174275879
466,2,0.00428581238,0.00754238153,0.00325656915
466,3,0.005176122,0.007224087,0.0020479653
467,0,0.00519880746,0.00717422,0.00197541248
467,1,0.005359347,0.007090946,0.00173159922
467,2,0.00425624847,0.00749031734,0.00323406886
467,3,0.00514013553,0.00717422,0.00203408441
468,0,0.005540142,0.007646855,0.00210671313
468,1,0.005711626,0.007558095,0.001846469
468,2,0.00453662872,0.007983777,0.003447148
468,3,0.00547982333,0.007646855,0.00216703163
469,0,0.005395842,0.00744995475,0.002054113
469,1,0.00556372153,0.00736348,0.00179975852
469,2,0.004419327,0.007778201,0.003358874
469,3,0.00533943763,0.00744995475,0.00211051712
470,0,0.00519400043,0.00717312051,0.00197912
470,1,0.005356206,0.00708985934,0.00173365325
470,2,0.004255295,0.007489169,0.00323387422
470,3,0.005141447,0.00717312051,0.00203167368
471,0,0.005213812,0.007202454,0.001988642
471,1,0.005376929,0.00711885234,0.00174192339
471,2,0.004272461,0.007519795,0.00324733416
471,3,0.00516287657,0.007202454,0.00203957735
472,0,0.00516078668,0.00713132042,0.00197053375
472,1,0.00532299234,0.007048544,0.00172555167
472,2,0.00422954559,0.00744552724,0.00321598165
472,3,0.005111395,0.00713132042,0.00201992551
473,0,0.00516156573,0.00713425362,0.001972688
473,1,0.00532390364,0.00705144368,0.00172754
473,2,0.004231453,0.00744859,0.003217137
473,3,0.0051147067,0.00713425362,0.002019547
474,0,0.005218879,0.007216387,0.001997508
474,1,0.005383922,0.00713262334,0.00174870156
474,2,0.00427913666,0.007534342,0.00325520523
474,3,0.00517399749,0.007216387,0.00204238947
475,0,0.00519255,0.007182287,0.00198973715
475,1,0.005357549,0.00709891925,0.00174137019
475,2,0.0042591095,0.00749873975,0.00323963026
475,3,0.00514938124,0.007182287,0.00203290582
476,0,0.005327432,0.00737075461,0.00204332266
476,1,0.005497877,0.007285199,0.00178732211
476,2,0.00437068939,0.007695511,0.00332482159
476,3,0.00528533338,0.00737075461,0.00208542123
477,0,0.0056379335,0.007803789,0.00216585537
477,1,0.00581828458,0.007713207,0.00189492246
477,2,0.004626274,0.008147625,0.00352135114
477,3,0.00559484446,0.007803789,0.00220894441
478,0,0.005563266,0.007702588,0.002139322
478,1,0.00574157154,0.007613181,0.00187160959
478,2,0.00456619263,0.008041966,0.00347577315
478,3,0.005700233,0.007702588,0.00200235518
479,0,0.00545486528,0.007555921,0.00210105581
479,1,0.00563030131,0.00746821659,0.00183791528
479,2,0.00447845459,0.007888836,0.00341038126
479,3,0.005990029,0.007555921,0.00156589225
480,0,0.005604232,0.007766022,0.00216178969
480,1,0.005785958,0.0076758787,0.00188992079
480,2,0.00460243225,0.008108194,0.00350576174
480,3,0.00615612231,0.007766022,0.00160989957
481,0,0.005707123,0.007911589,0.00220446615
481,1,0.00589231262,0.007819756,0.00192744331
481,2,0.00468730927,0.008260175,0.00357286539
481,3,0.00627215533,0.007911589,0.00163943367
482,0,0.006122529,0.008490924,0.00236839475
482,1,0.00632145675,0.008392367,0.00207090983
482,2,0.00502967834,0.008865035,0.00383535679
482,3,0.00673020631,0.008490924,0.00176071748
483,0,0.00595715037,0.00826615747,0.002309007
483,1,0.006152702,0.008170209,0.00201750686
483,2,0.004896164,0.008630365,0.00373420119
483,3,0.006551901,0.00826615747,0.00171425659
484,0,0.005944711,0.00825259,0.00230787881
484,1,0.006139579,0.008156799,0.00201721955
484,2,0.004886627,0.0086162,0.00372957252
484,3,0.00654116,0.00825259,0.00171143
485,0,0.005979679,0.00830539,0.00232571131
485,1,0.006177277,0.008208986,0.00203170953
485,2,0.004917145,0.00867132749,0.00375418272
485,3,0.006581998,0.00830539,0.0017233924
486,0,0.00594742829,0.008263957,0.00231652847
486,1,0.00614345539,0.008168034,0.00202457886
486,2,0.004890442,0.00862806849,0.0037376266
486,3,0.00654832833,0.008263957,0.00171562843
487,0,0.005980946,0.008315657,0.00233471114
487,1,0.00617981,0.008219134,0.002039324
487,2,0.004920006,0.008682046,0.00376204029
487,3,0.006588839,0.008315657,0.00172681827
488,0,0.00592117524,0.008236457,0.00231528142
488,1,0.006118577,0.008140853,0.0020222757
488,2,0.004872322,0.008599357,0.00372703467
488,3,0.00652552769,0.008236457,0.001710929
489,0,0.00603539031,0.008399623,0.00236423314
489,1,0.006236864,0.008302126,0.00206526229
489,2,0.004966736,0.008769712,0.00380297657
489,3,0.00665260572,0.008399623,0.00174701773
490,0,0.00633663731,0.008379824,0.00204318715
490,1,0.006219713,0.008282556,0.00206284318
490,2,0.004954338,0.008749041,0.0037947027
490,3,0.00663694972,0.008379824,0.00174287474
491,0,0.00570704043,0.00717935339,0.001472313
491,1,0.00532598142,0.00709602,0.00177003862
491,2,0.004242897,0.007495677,0.00325278
491,3,0.0056846696,0.00717935339,0.00149468379
492,0,0.005730982,0.00721308729,0.00148210535
492,1,0.00534936553,0.00712936232,0.00177999679
492,2,0.004261017,0.007530897,0.00326988
492,3,0.005710739,0.00721308729,0.00150234811
493,0,0.005622987,0.00708035333,0.00145736616
493,1,0.005248381,0.006998169,0.001749788
493,2,0.004181862,0.00739231473,0.00321045285
493,3,0.00560511928,0.00708035333,0.001475234
494,0,0.005667082,0.00714012049,0.00147303846
494,1,0.005290665,0.007057242,0.0017665769
494,2,0.004216194,0.007454715,0.003238521
494,3,0.005650113,0.00714012049,0.00149000762
495,0,0.005710412,0.00719805341,0.0014876416
495,1,0.00533089647,0.007114503,0.0017836066
495,2,0.004248619,0.007515201,0.0032665818
495,3,0.005695842,0.00719805341,0.00150221121
496,0,0.0058324,0.00735608768,0.0015236875
496,1,0.00544589059,0.00727070263,0.001824812
496,2,0.004340172,0.007680198,0.00334002636
496,3,0.00581947528,0.00735608768,0.0015366124
497,0,0.00562889,0.007103087,0.001474197
497,1,0.005256109,0.007020639,0.00176452985
497,2,0.004190445,0.00741605,0.003225605
497,3,0.005617786,0.007103087,0.00148530072
498,0,0.005671379,0.0071610203,0.00148964114
498,1,0.005296795,0.0070778993,0.00178110413
498,2,0.00422287,0.007476536,0.00325366622
498,3,0.005662908,0.0071610203,0.00149811246
499,0,0.005679219,0.00717458734,0.00149536831
499,1,0.00530452328,0.007091309,0.00178678567
499,2,0.004228592,0.00749070058,0.00326210866
499,3,0.00567172328,0.00717458734,0.00150286406
500,0,0.00570780039,0.007215287,0.00150748668
500,1,0.005332087,0.00713153649,0.00179944932
500,2,0.00425148,0.007533194,0.003281714
500,3,0.005702987,0.007215287,0.00151230022
501,0,0.005663454,0.00716322,0.001499766
501,1,0.00538544962,0.007080074,0.00169462431
501,2,0.004219055,0.00747883273,0.00325977756
501,3,0.00565963937,0.00716322,0.00150358072
502,0,0.00569886342,0.007212354,0.00151349045
502,1,0.005897397,0.00712863728,0.00123124011
502,2,0.00424671173,0.007530131,0.00328341918
502,3,0.005697489,0.007212354,0.00151486509
503,0,0.00565966,0.00716725364,0.00150759378
503,1,0.00585760456,0.00708406046,0.0012264559
503,2,0.0042181015,0.007483044,0.00326494267
503,3,0.00565948756,0.00716725364,0.00150776608
504,0,0.005646089,0.00715442048,0.00150833139
504,1,0.005843113,0.00707137631,0.00122826314
504,2,0.00420856476,0.00746964524,0.00326108048
504,3,0.005648922,0.00715442048,0.00150549831
505,0,0.00564195774,0.00715332,0.00151136238
505,1,0.00583973154,0.007070289,0.00123055745
505,2,0.00420665741,0.00746849645,0.003261839
505,3,0.00564504648,0.00715332,0.00150827365
506,0,0.0056984406,0.007229954,0.00153151341
506,1,0.00589891663,0.007146033,0.00124711636
506,2,0.00424957275,0.007548507,0.003298934
506,3,0.00570432935,0.007229954,0.00152562466
507,0,0.005659831,0.007185587,0.001525756
507,1,0.005860131,0.007102181,0.00124205044
507,2,0.004221916,0.007502185,0.003280269
507,3,0.00566708762,0.007185587,0.00151849957
508,0,0.005618182,0.007137187,0.00151900481
508,1,0.00581697747,0.007054343,0.00123736542
508,2,0.004190445,0.00745165255,0.0032612076
508,3,0.00562761631,0.007137187,0.00150957052
509,0,0.00586511241,0.007455821,0.00159070874
509,1,0.00607257755,0.00736927846,0.00129670091
509,2,0.00437641144,0.00778432563,0.00340791419
509,3,0.005876529,0.007455821,0.00157929212
510,0,0.005614559,0.00714232028,0.00152776111
510,1,0.00581494439,0.00705941673,0.00124447234
510,2,0.004190445,0.007457012,0.003266567
510,3,0.005627768,0.00714232028,0.00151455216
511,0,0.005552088,0.00706751971,0.0015154318
511,1,0.00575004332,0.00698548462,0.0012354413
511,2,0.00414466858,0.007378916,0.00323424721
511,3,0.00556610338,0.00706751971,0.00150141632
512,0,0.005647352,0.00719402032,0.00154666835
512,1,0.00584934233,0.00711051654,0.00126117421
512,2,0.004216194,0.00751099,0.00329479575
512,3,0.00566336326,0.00719402032,0.001530657
513,0,0.00561709,0.007160654,0.00154356379
513,1,0.005819503,0.007077537,0.00125803379
513,2,0.00419425964,0.00747615332,0.00328189367
513,3,0.00563506456,0.007160654,0.00152558926
514,0,0.00562653,0.00717752,0.00155099016
514,1,0.005828108,0.007094208,0.0012661
514,2,0.00420284271,0.00749376277,0.00329092
514,3,0.005646237,0.00717752,0.00153128291
515,0,0.005642632,0.007203187,0.00156055484
515,1,0.0058459607,0.007119577,0.00127361622
515,2,0.00421524048,0.00752056064,0.00330532016
515,3,0.005663819,0.007203187,0.00153936772
516,0,0.00563774072,0.007202454,0.00156471319
516,1,0.00584159372,0.00711885234,0.00127725862
516,2,0.00421237946,0.007519795,0.00330741564
516,3,0.00566113368,0.007202454,0.00154132023
517,0,0.005563807,0.00711335335,0.00154954614
517,1,0.00576605462,0.007030786,0.0012647314
517,2,0.00415802,0.007426769,0.003268749
517,3,0.00558814453,0.00711335335,0.00152520882
518,0,0.00556423,0.00711885327,0.00155462325
518,1,0.00576605462,0.007036222,0.00127016753
518,2,0.00415897369,0.007432511,0.00327353738
518,3,0.005590526,0.00711885327,0.00152832735
519,0,0.00563437,0.00721455365,0.00158018386
519,1,0.00583990244,0.00713081146,0.001290909
519,2,0.00421237946,0.007532428,0.00332004856
519,3,0.00566247664,0.00721455365,0.001552077
520,0,0.00559508568,0.007169454,0.00157436822
520,1,0.00579876173,0.007086235,0.00128747337
520,2,0.004184723,0.007485341,0.003300618
520,3,0.005624931,0.007169454,0.001544523
521,0,0.00550150732,0.007055053,0.00155354571
521,1,0.0057026525,0.00697316229,0.00127050979
521,2,0.004114151,0.0073659,0.003251749
521,3,0.005531978,0.007055053,0.00152307516
522,0,0.005535397,0.00710455328,0.00156915607
522,1,0.005739919,0.007022088,0.001282169
522,2,0.004140854,0.007417581,0.00327672716
522,3,0.00556878839,0.00710455328,0.0015357649
523,0,0.005648786,0.00725598726,0.00160720106
523,1,0.00585659873,0.007171764,0.00131516531
523,2,0.00422668457,0.007575687,0.00334900245
523,3,0.005683479,0.00725598726,0.00157250836
524,0,0.00550218159,0.007072653,0.00157047156
524,1,0.00570534961,0.00699055847,0.00128520885
524,2,0.004117012,0.00738427555,0.00326726353
524,3,0.005719712,0.007072653,0.00135294115
525,0,0.005613125,0.00722152041,0.00160839548
525,1,0.005819846,0.007137697,0.00131785125
525,2,0.00420093536,0.00753970165,0.00333876628
525,3,0.00625871727,0.00722152041,0.00096280314
526,0,0.00567930471,0.00731282076,0.001633516
526,1,0.005890483,0.007227938,0.00133745512
526,2,0.00425148,0.007635025,0.00338354474
526,3,0.0063357763,0.00731282076,0.0009770445
527,0,0.00566278,0.007298154,0.001635374
527,1,0.00587295229,0.00721344166,0.00134048937
527,2,0.004240036,0.007619712,0.003379676
527,3,0.006318074,0.007298154,0.0009800796
528,0,0.00551592372,0.00711482,0.00159889646
528,1,0.005721703,0.00703223562,0.00131053245
528,2,0.004131317,0.0074283,0.003296983
528,3,0.00615689252,0.00711482,0.000957927667
529,0,0.00564364344,0.00728605362,0.00164241018
529,1,0.005854073,0.00720148161,0.00134740863
529,2,0.00422668457,0.00760707865,0.003380394
529,3,0.006300543,0.00728605362,0.0009855106
530,0,0.005857776,0.00756875472,0.0017109788
530,1,0.00607730774,0.007480901,0.00140359346
530,2,0.004388809,0.007902235,0.00351342559
530,3,0.006541309,0.00756875472,0.00102744577
531,0,0.005623833,0.007273954,0.00165012106
531,1,0.00583517225,0.0071895225,0.00135435024
531,2,0.004214287,0.00759444572,0.003380159
531,3,0.00628266949,0.007273954,0.0009912844
532,0,0.00565156853,0.007316121,0.00166455237
532,1,0.00586451869,0.00723119965,0.001366681
532,2,0.00423526764,0.00763847027,0.00340320263
532,3,0.006315377,0.007316121,0.00100074382
533,0,0.005612028,0.007271754,0.00165972626
533,1,0.00582372025,0.007187348,0.00136362761
533,2,0.00420665741,0.00759214861,0.0033854912
533,3,0.00627288735,0.007271754,0.0009988667
534,0,0.00552519737,0.00716542033,0.001640223
534,1,0.0057333475,0.00708224857,0.00134890107
534,2,0.00414180756,0.00748113,0.00333932228
534,3,0.00617712038,0.00716542033,0.0009883
535,0,0.00564288348,0.00732528744,0.001682404
535,1,0.00585743366,0.00724026,0.00138282636
535,2,0.004231453,0.007648041,0.003416588
535,3,0.006310989,0.00732528744,0.00101429829
536,0,0.00565738557,0.007351687,0.00169430161
536,1,0.00587243866,0.00726635335,0.00139391469
536,2,0.004242897,0.007675604,0.003432707
536,3,0.006329205,0.007351687,0.00102248229
537,0,0.00552250072,0.00718265353,0.0016601528
537,1,0.00573217,0.007099282,0.00136711216
537,2,0.004142761,0.00749912253,0.0033563613
537,3,0.00617981749,0.00718265353,0.001002836
538,0,0.0055594244,0.00723802,0.00167859579
538,1,0.00577228377,0.007154006,0.00138172228
538,2,0.004170418,0.007556929,0.003386511
538,3,0.006222478,0.00723802,0.00101554208
539,0,0.00557122426,0.00726002036,0.0016887961
539,1,0.00578375673,0.00717575056,0.00139199384
539,2,0.004180908,0.007579898,0.00339898979
539,3,0.006237976,0.00726002036,0.00102204457
540,0,0.00546601741,0.007130587,0.0016645696
540,1,0.0056755105,0.00704781944,0.00137230894
540,2,0.00410175323,0.00744476169,0.00334300846
540,3,0.00612148829,0.007130587,0.00100909872
541,0,0.00554036861,0.00723435357,0.001693985
541,1,0.00575374672,0.007150382,0.00139663508
541,2,0.00415897369,0.00755310059,0.003394127
541,3,0.006206617,0.00723435357,0.00102773635
542,0,0.00555149931,0.00725635374,0.00170485443
542,1,0.00576487742,0.00717212632,0.0014072489
542,2,0.00416851044,0.00757607,0.00340755936
542,3,0.0062207873,0.00725635374,0.00103556644
543,0,0.00568070356,0.00713865366,0.0014579501
543,1,0.00566673465,0.00705579249,0.00138905784
543,2,0.004096985,0.00745318364,0.00335619878
543,3,0.006115409,0.00713865366,0.00102324458
544,0,0.006002829,0.00717605371,0.00117322477
544,1,0.005691029,0.007092758,0.001401729
544,2,0.004114151,0.00749223167,0.00337808067
544,3,0.0061430647,0.00717605371,0.001032989
545,0,0.0060064937,0.0071874205,0.0011809268
545,1,0.00569439,0.00710399356,0.00140960375
545,2,0.0041179657,0.00750409951,0.00338613382
545,3,0.006147603,0.0071874205,0.00103981746
546,0,0.00602468662,0.00721748732,0.0011928007
546,1,0.00571177062,0.007133711,0.00142194051
546,2,0.004131317,0.00753549067,0.00340417353
546,3,0.00616836548,0.00721748732,0.00104912184
547,0,0.005958291,0.00714452,0.00118622929
547,1,0.005649375,0.007061591,0.00141221611
547,2,0.004085541,0.007459309,0.00337376818
547,3,0.00610158173,0.00714452,0.00104293833
548,0,0.0060305493,0.007239854,0.00120930467
548,1,0.00571951969,0.007155818,0.00143629825
548,2,0.004137039,0.00755884266,0.00342180347
548,3,0.00617795531,0.007239854,0.00106189866
549,0,0.006007073,0.00721932063,0.00121224765
549,1,0.005697087,0.007135523,0.0014384361
549,2,0.00412082672,0.007537405,0.00341657829
549,3,0.006155544,0.00721932063,0.00106377667
550,0,0.00597031834,0.00718265353,0.00121233519
550,1,0.005662025,0.007099282,0.001437257
550,2,0.004096985,0.00749912253,0.00340213766
550,3,0.00611911248,0.00718265353,0.001063541
551,0,0.00599361071,0.00721932063,0.00122570992
551,1,0.00568612758,0.007135523,0.00144939544
551,2,0.00411319733,0.007537405,0.00342420768
551,3,0.006145077,0.00721932063,0.0010742438
552,0,0.005952369,0.00717752,0.00122515112
552,1,0.00564667769,0.007094208,0.00144753046
552,2,0.004085541,0.00749376277,0.003408222
552,3,0.006104621,0.00717752,0.001072899
553,0,0.00596845662,0.007204287,0.0012358306
553,1,0.00593457,0.007120664,0.00118609425
553,2,0.00409793854,0.007521709,0.00342377042
553,3,0.006122152,0.007204287,0.00108213536
554,0,0.005892566,0.00712142047,0.00122885453
554,1,0.00612548832,0.007038759,0.000913270749
554,2,0.00404548645,0.00743519142,0.003389705
554,3,0.006045607,0.00712142047,0.00107581355
555,0,0.005887927,0.00712398672,0.0012360597
555,1,0.00612146128,0.007041296,0.0009198347
555,2,0.004043579,0.007437871,0.00339429174
555,3,0.00604291,0.00712398672,0.00108107692
556,0,0.00598836,0.00725378748,0.00126542756
556,1,0.006225737,0.00716959,0.000943853054
556,2,0.00411319733,0.00757339038,0.003460193
556,3,0.0061479453,0.00725378748,0.00110584218
557,0,0.005903403,0.00715882,0.00125541724
557,1,0.0061377,0.007075725,0.0009380253
557,2,0.004055977,0.007474239,0.00341826212
557,3,0.006060954,0.00715882,0.00109786587
558,0,0.00583633548,0.00708621973,0.00124988426
558,1,0.0060693766,0.007003967,0.0009345906
558,2,0.004009247,0.00739844,0.00338919321
558,3,0.0059945127,0.00708621973,0.001091707
559,0,0.005965831,0.007252687,0.0012868559
559,1,0.00620455,0.00716850255,0.0009639524
559,2,0.00410079956,0.00757224159,0.003471442
559,3,0.006130243,0.007252687,0.00112244394
560,0,0.005917049,0.007200987,0.00128393807
560,1,0.00615296466,0.00711740227,0.0009644376
560,2,0.00406646729,0.00751826353,0.00345179625
560,3,0.006080005,0.007200987,0.00112098223
561,0,0.00590392249,0.00719402032,0.00129009783
561,1,0.006141359,0.00711051654,0.000969157554
561,2,0.004057884,0.00751099,0.00345310569
561,3,0.00606836053,0.00719402032,0.00112565979
562,0,0.005866589,0.007158087,0.00129149808
562,1,0.006101985,0.00707500055,0.000973015558
562,2,0.00403404236,0.00747347344,0.003439431
562,3,0.00603229273,0.007158087,0.00112579437
563,0,0.005878676,0.00718082,0.001302144
563,1,0.006114803,0.00709746964,0.0009826669
563,2,0.00404262543,0.007497208,0.00345458277
563,3,0.00604543556,0.00718082,0.00113538466
564,0,0.00591475936,0.00723435357,0.00131959422
564,1,0.006153755,0.007150382,0.0009966269
564,2,0.004067421,0.00755310059,0.00348567963
564,3,0.00608488545,0.00723435357,0.00114946812
565,0,0.00573352072,0.00702168653,0.0012881658
565,1,0.00596570643,0.006940183,0.0009744768
565,2,0.003944397,0.007331063,0.003386666
565,3,0.00589874573,0.00702168653,0.0011229408
566,0,0.005840731,0.007161387,0.00132065592
566,1,0.006076403,0.00707826158,0.00100185862
566,2,0.00401783,0.0074769184,0.0034590885
566,3,0.00601155125,0.007161387,0.00114983553
567,0,0.00587174762,0.00720905373,0.00133730611
567,1,0.00611022348,0.00712537533,0.00101515185
567,2,0.0040397644,0.00752668548,0.003486921
567,3,0.006044922,0.00720905373,0.0011641318
568,0,0.005761728,0.00708365347,0.00132192532
568,1,0.00599660445,0.00700143073,0.00100482628
568,2,0.003965378,0.00739576,0.00343038235
568,3,0.00593348639,0.00708365347,0.00115016708
569,0,0.005871899,0.007227754,0.00135585526
569,1,0.00611101324,0.007143859,0.00103284558
569,2,0.00404167175,0.00754620973,0.003504538
569,3,0.00604729773,0.007227754,0.00118045649
570,0,0.00586445071,0.0072281207,0.00136367
570,1,0.0061033275,0.007144221,0.00104089361
570,2,0.00403690338,0.0075465925,0.00350968912
570,3,0.006042225,0.0072281207,0.00118589588
571,0,0.005756234,0.00710455328,0.00134831946
571,1,0.00599184074,0.007022088,0.00103024719
571,2,0.00396347046,0.007417581,0.00345411059
571,3,0.005931624,0.00710455328,0.00117292907
572,0,0.005694049,0.00703672,0.001342671
572,1,0.00592675433,0.006955042,0.00102828769
572,2,0.003920555,0.00734675862,0.0034262035
572,3,0.00586890662,0.00703672,0.00116781332
573,0,0.00602993742,0.007462788,0.00143285049
573,1,0.00627842732,0.007376164,0.00109773688
573,2,0.00415325165,0.00779159926,0.00363834761
573,3,0.00655999361,0.007462788,0.0009027943
574,0,0.00597523339,0.00740448758,0.00142925419
574,1,0.006219815,0.007318541,0.001098726
574,2,0.00411605835,0.00773073034,0.003614672
574,3,0.006750378,0.00740448758,0.000654109754
575,0,0.00575656956,0.00714415358,0.001387584
575,1,0.00599391945,0.00706122862,0.00106730917
575,2,0.00396633148,0.007458926,0.0034925947
575,3,0.00650603371,0.00714415358,0.0006381199
576,0,0.00578822475,0.007193287,0.00140506215
576,1,0.00602737162,0.007109792,0.00108242035
576,2,0.003988266,0.00751022436,0.00352195837
576,3,0.00654401165,0.007193287,0.000649275258
577,0,0.00574622,0.00715112034,0.00140490057
577,1,0.00598439248,0.00706811436,0.00108372187
577,2,0.00395965576,0.0074662,0.003506544
577,3,0.006496821,0.00715112034,0.0006542993
578,0,0.0056938054,0.00709575368,0.00140194828
578,1,0.00592920138,0.00701339031,0.00108418893
578,2,0.00392437,0.00740839355,0.00348402373
578,3,0.006439973,0.00709575368,0.000655780546
579,0,0.005668941,0.00707485341,0.00140591245
579,1,0.005903673,0.00699273264,0.00108905975
579,2,0.00390815735,0.007386572,0.00347841484
579,3,0.00641244324,0.00707485341,0.000662410166
580,0,0.005848837,0.007309887,0.00146105
580,1,0.006092458,0.00722503848,0.00113258045
580,2,0.00403308868,0.007631962,0.0035988735
580,3,0.00661886251,0.007309887,0.0006910246
581,0,0.00555434171,0.00695201941,0.0013976777
581,1,0.005786211,0.006871325,0.00108511373
581,2,0.003829956,0.00725832675,0.00342837069
581,3,0.00628606,0.00695201941,0.000665959436
582,0,0.005722394,0.007172754,0.00145035982
582,1,0.005960705,0.007089497,0.00112879183
582,2,0.00394630432,0.00748878671,0.00354248239
582,3,0.006478135,0.007172754,0.000694619
583,0,0.00574574573,0.007211987,0.0014662412
583,1,0.005985735,0.00712827453,0.00114253955
583,2,0.00396347046,0.007529748,0.00356627768
583,3,0.00650598,0.007211987,0.0007060068
584,0,0.00565924868,0.00711482,0.0014555715
584,1,0.005896593,0.00703223562,0.00113564264
584,2,0.00390434265,0.0074283,0.00352395745
584,3,0.00640999572,0.00711482,0.000704824459
585,0,0.005674665,0.00714415358,0.00146948872
585,1,0.0059125945,0.00706122862,0.00114863412
585,2,0.003914833,0.007458926,0.003544093
585,3,0.006428498,0.00714415358,0.00071565574
586,0,0.00576259661,0.007266254,0.00150365755
586,1,0.00600484246,0.00718191173,0.00117706927
586,2,0.003976822,0.00758640654,0.00360958464
586,3,0.006529483,0.007266254,0.000736771151
587,0,0.005609322,0.007083287,0.00147396512
587,1,0.00584519142,0.00700106844,0.001155877
587,2,0.00387191772,0.00739537738,0.00352345966
587,3,0.006357068,0.007083287,0.0007262188
588,0,0.005552618,0.007022787,0.001470169
588,1,0.00578736933,0.00694127055,0.00115390122
588,2,0.003832817,0.007332212,0.00349939475
588,3,0.00629485026,0.007022787,0.0007279366
589,0,0.005646122,0.00715222023,0.00150609808
589,1,0.00588474935,0.00706920167,0.00118445233
589,2,0.003897667,0.007467348,0.0035696812
589,3,0.006402732,0.00715222023,0.000749488361
590,0,0.00561304577,0.00712068658,0.00150764082
590,1,0.005849771,0.007038034,0.00118826283
590,2,0.00387573242,0.00743442541,0.003558693
590,3,0.00636567455,0.00712068658,0.000755012035
591,0,0.00561304577,0.00713242032,0.00151937455
591,1,0.005851719,0.007049632,0.00119791273
591,2,0.003876686,0.007446676,0.00356999
591,3,0.006368175,0.00713242032,0.000764245167
592,0,0.005591708,0.00711665349,0.00152494572
592,1,0.00582937431,0.00703404751,0.0012046732
592,2,0.003862381,0.00743021443,0.00356783345
592,3,0.006344856,0.00711665349,0.000771797262
593,0,0.00562617229,0.007171287,0.00154511491
593,1,0.00586545747,0.007088047,0.00122258952
593,2,0.00388622284,0.007487255,0.00360103231
593,3,0.00638515037,0.007171287,0.000786136836
594,0,0.005866359,0.007490288,0.001623929
594,1,0.0061157234,0.00740334531,0.00128762191
594,2,0.004053116,0.007820311,0.00376719516
594,3,0.00665970938,0.007490288,0.0008305786
595,0,0.00641999673,0.008211157,0.00179116055
595,1,0.006694082,0.008115847,0.00142176449
595,2,0.00443553925,0.008572942,0.0041374024
595,3,0.00728954654,0.008211157,0.000921610743
596,0,0.005979675,0.007662255,0.00168258
596,1,0.006234896,0.007573316,0.00133842
596,2,0.00413322449,0.007999855,0.00386663061
596,3,0.006791462,0.007662255,0.000870792661
597,0,0.0056249355,0.00722005358,0.00159511808
597,1,0.00586600974,0.00713624759,0.00127023784
597,2,0.00388813019,0.00753817,0.00365004
597,3,0.00638972968,0.00722005358,0.0008303239
598,0,0.00545132952,0.00700922,0.00155789033
598,1,0.00568619976,0.006927861,0.00124166114
598,2,0.003768921,0.007318047,0.003549126
598,3,0.00619539153,0.00700922,0.0008138283
599,0,0.005607286,0.00715442048,0.00154713448
599,1,0.00579384342,0.00707137631,0.00127753289
599,2,0.00384044647,0.00746964524,0.00362919876
599,3,0.00631335238,0.00715442048,0.0008410681
600,0,0.00597207434,0.00716322,0.00119114574
600,1,0.00579176471,0.007080074,0.00128830923
600,2,0.0038394928,0.00747883273,0.00363934
600,3,0.0063126157,0.00716322,0.0008506044
601,0,0.00590407476,0.00709392037,0.00118984561
601,1,0.005726441,0.00701157842,0.00128513761
601,2,0.00379753113,0.00740647968,0.00360894855
601,3,0.00624192273,0.00709392037,0.00085199764
602,0,0.00599024352,0.00721015362,0.0012199101
602,1,0.00581045076,0.00712646265,0.00131601188
602,2,0.00385284424,0.00752783427,0.00367499
602,3,0.00633477652,0.00721015362,0.0008753771
603,0,0.00603664247,0.00727872038,0.00124207791
603,1,0.0058559305,0.00719423359,0.00133830309
603,2,0.00388336182,0.007599422,0.00371606
603,3,0.006385335,0.00727872038,0.0008933856
604,0,0.005807649,0.00701435329,0.00120670442
604,1,0.00563364,0.00693293475,0.00129929464
604,2,0.0037355423,0.00732340664,0.00358786434
604,3,0.00614362163,0.00701435329,0.000870731659
605,0,0.005957959,0.007208687,0.00125072757
605,1,0.00578089524,0.007125013,0.0013441178
605,2,0.00383377075,0.00752630271,0.003692532
605,3,0.00630498352,0.007208687,0.0009037033
606,0,0.00595686352,0.00722042052,0.001263557
606,1,0.005778947,0.00713661034,0.00135766342
606,2,0.00383377075,0.00753855333,0.00370478258
606,3,0.00630437769,0.00722042052,0.000916042831
607,0,0.00587484147,0.00713352,0.00125867873
607,1,0.00570049044,0.00705071865,0.00135022821
607,2,0.003780365,0.00744782435,0.00366745936
607,3,0.006219631,0.00713352,0.000913889147
608,0,0.00589043368,0.00716578728,0.0012753536
608,1,0.00602553925,0.007082611,0.00105707161
608,2,0.003791809,0.00748151261,0.00368970353
608,3,0.006237159,0.00716578728,0.000928628258
609,0,0.005882186,0.00716835354,0.00128616765
609,1,0.006139221,0.007085148,0.000945926644
609,2,0.00378704071,0.00748419249,0.00369715178
609,3,0.006230132,0.00716835354,0.000938221347
610,0,0.00586311,0.00715845358,0.00129534351
610,1,0.006119764,0.007075363,0.0009555989
610,2,0.00377559662,0.007473856,0.00369825959
610,3,0.00621084031,0.00715845358,0.000947613269
611,0,0.005835165,0.007137187,0.001302022
611,1,0.00609057862,0.007054343,0.000963764265
611,2,0.00375747681,0.00745165255,0.00369417574
611,3,0.006182758,0.007137187,0.0009544287
612,0,0.005858483,0.00717862044,0.00132013764
612,1,0.0061146114,0.00709529547,0.0009806841
612,2,0.0037727356,0.00749491155,0.003722176
612,3,0.0062087616,0.00717862044,0.00096985884
613,0,0.00591451768,0.00726222061,0.00134770293
613,1,0.00617545564,0.00717792474,0.0010024691
613,2,0.003809929,0.007582195,0.00377226621
613,3,0.006269821,0.00726222061,0.0009923996
614,0,0.00584193552,0.007185587,0.00134365167
614,1,0.00609858939,0.007102181,0.00100359181
614,2,0.00376415253,0.007502185,0.00373803265
614,3,0.006193075,0.007185587,0.0009925123
615,0,0.00584861357,0.007207954,0.00135934027
615,1,0.0061066,0.00712428847,0.00101768831
615,2,0.00376796722,0.00752553763,0.0037575704
615,3,0.00620284,0.007207954,0.001005114
616,0,0.0061904327,0.00764428824,0.00145385554
616,1,0.00646349,0.00755555835,0.00109206839
616,2,0.00398921967,0.007981097,0.00399187766
616,3,0.00656575058,0.00764428824,0.00107853767
617,0,0.005725819,0.00708475336,0.00135893421
617,1,0.005979745,0.007002518,0.00102277286
617,2,0.003689766,0.007396909,0.003707143
617,3,0.00607432425,0.00708475336,0.00101042911
618,0,0.005774891,0.00715955347,0.00138466246
618,1,0.00603068247,0.00707644969,0.00104576722
618,2,0.00372314453,0.00747500453,0.00375186
618,3,0.006128357,0.00715955347,0.00103119668
619,0,0.005773695,0.00717165368,0.00139795849
619,1,0.00602934975,0.00708840927,0.00105905952
619,2,0.00372123718,0.007487638,0.00376640074
619,3,0.006128173,0.00717165368,0.00104348082
620,0,0.0056234845,0.00699895341,0.00137546891
620,1,0.005873694,0.00691771368,0.00104401959
620,2,0.00362586975,0.00730732828,0.00368145853
620,3,0.005969496,0.00699895341,0.00102945743
621,0,0.006012466,0.00749835465,0.00148588885
621,1,0.00627999566,0.00741131837,0.0011313227
621,2,0.00387763977,0.007828733,0.003951093
621,3,0.006384414,0.00749835465,0.0011139405
622,0,0.006694246,0.008366624,0.00167237781
622,1,0.006992428,0.008269509,0.0012770812
622,2,0.00431728363,0.008735258,0.0044179745
622,3,0.007109499,0.008366624,0.00125712482
623,0,0.006773118,0.008485423,0.00171230547
623,1,0.00707540847,0.00838693,0.001311522
623,2,0.004368782,0.008859293,0.00449051056
623,3,0.007195457,0.008485423,0.00128996652
624,0,0.00657960633,0.008262857,0.00168325054
624,1,0.00687379,0.00816694647,0.0012931563
624,2,0.00424480438,0.008626919,0.004382115
624,3,0.007223436,0.008262857,0.00103942072
625,0,0.00657240627,0.008273857,0.00170145044
625,1,0.006867112,0.008177819,0.0013107066
625,2,0.00424098969,0.008638404,0.00439741462
625,3,0.00751298433,0.008273857,0.0007608724
626,0,0.006605453,0.00833509,0.00172963738
626,1,0.00690201344,0.008238342,0.00133632822
626,2,0.00426197052,0.008702335,0.00444036443
626,3,0.007551706,0.00833509,0.0007833843
627,0,0.006601207,0.008349757,0.00174854975
627,1,0.00689782249,0.008252838,0.00135501521
627,2,0.004261017,0.008717649,0.004456632
627,3,0.00754865538,0.008349757,0.0008011013
628,0,0.00647927448,0.008215923,0.00173664838
628,1,0.00677116,0.008120557,0.00134939747
628,2,0.00418281555,0.008577918,0.004395102
628,3,0.007411316,0.008215923,0.0008046068
629,0,0.006615896,0.00840989,0.00179399457
629,1,0.006914229,0.008312274,0.00139804464
629,2,0.00427055359,0.008780432,0.00450987834
629,3,0.00756906,0.00840989,0.000840830151
630,0,0.006434971,0.008200157,0.00176518643
630,1,0.006725197,0.008104974,0.00137977721
630,2,0.004155159,0.00856145751,0.00440629851
630,3,0.007364199,0.008200157,0.0008359584
631,0,0.005600355,0.00715295365,0.00155259855
631,1,0.00585404458,0.00706992671,0.00121588213
631,2,0.00361728668,0.007468114,0.00385082746
631,3,0.006410272,0.00715295365,0.0007426818
632,0,0.00563869532,0.007217854,0.00157915847
632,1,0.00589392055,0.00713407341,0.00124015287
632,2,0.00364112854,0.00753587345,0.003894745
632,3,0.006455094,0.007217854,0.0007627597
633,0,0.00558185345,0.007161387,0.00157953333
633,1,0.005835357,0.00707826158,0.00124290446
633,2,0.00360679626,0.0074769184,0.00387012213
633,3,0.006392148,0.007161387,0.0007692389
634,0,0.00553387729,0.00711445371,0.00158057641
634,1,0.00578499725,0.00703187333,0.00124687608
634,2,0.00357437134,0.00742791733,0.003853546
634,3,0.006337212,0.00711445371,0.0007772418
635,0,0.005618905,0.00724058738,0.0016216822
635,1,0.00587483449,0.007156543,0.00128170848
635,2,0.00363063812,0.00755960867,0.00392897055
635,3,0.00643659942,0.00724058738,0.000803987961
636,0,0.00553431,0.00714745373,0.00161314383
636,1,0.00578615163,0.00706449058,0.001278339
636,2,0.00357627869,0.00746237161,0.003886093
636,3,0.006341403,0.00714745373,0.000806050841
637,0,0.005526059,0.00715332,0.00162726128
637,1,0.005778319,0.007070289,0.00129196979
637,2,0.00357151031,0.00746849645,0.00389698613
637,3,0.00633282866,0.00715332,0.000820491463
638,0,0.00545242848,0.00707375351,0.001621325
638,1,0.005701453,0.006991646,0.00129019283
638,2,0.0035238266,0.00738542434,0.00386159774
638,3,0.006249285,0.00707375351,0.0008244687
639,0,0.00569358328,0.00740375463,0.00171017135
639,1,0.00595437968,0.00731781637,0.00136343669
639,2,0.00368118286,0.00772996526,0.0040487824
639,3,0.00652738474,0.00740375463,0.0008763699
640,0,0.00548733724,0.00715222023,0.001664883
640,1,0.005738457,0.00706920167,0.00133074448
640,2,0.00354766846,0.007467348,0.00391967967
640,3,0.00629219739,0.00715222023,0.000860022847
641,0,0.00540970173,0.007067153,0.0016574515
641,1,0.005657579,0.00698512234,0.00132754352
641,2,0.00349807739,0.007378533,0.00388045562
641,3,0.006203885,0.007067153,0.00086326804
642,0,0.005543465,0.007259654,0.00171618909
642,1,0.00579816056,0.00717538828,0.00137722772
642,2,0.00358486176,0.007579515,0.00399465347
642,3,0.00635933457,0.007259654,0.0009003193
643,0,0.00542987324,0.00712692039,0.00169704715
643,1,0.005679894,0.007044195,0.00136430142
643,2,0.00351142883,0.00744093349,0.00392950466
643,3,0.00622905837,0.00712692039,0.000897862
644,0,0.005386765,0.00708732,0.001700555
644,1,0.005634316,0.007005055,0.00137073919
644,2,0.003484726,0.00739958836,0.00391486241
644,3,0.006181378,0.00708732,0.0009059422
645,0,0.005519288,0.00727945426,0.00176016614
645,1,0.005773936,0.00719495863,0.00142102269
645,2,0.00357055664,0.007600188,0.004029631
645,3,0.00633530226,0.00727945426,0.000944152
646,0,0.005524008,0.00730328728,0.00177927921
646,1,0.00577945961,0.0072185155,0.00143905589
646,2,0.00357437134,0.00762507133,0.0040507
646,3,0.00634122454,0.00730328728,0.000962062739
647,0,0.00527303247,0.00698831957,0.0017152871
647,1,0.00551643362,0.0069072037,0.00139077008
647,2,0.003411293,0.00729622645,0.00388493342
647,3,0.006054523,0.00698831957,0.000933796633
648,0,0.005349187,0.00710638659,0.00175719941
648,1,0.00559710572,0.0070239,0.0014267941
648,2,0.00346183777,0.007419495,0.003957657
648,3,0.006142464,0.00710638659,0.0009639226
649,0,0.005522338,0.00735498732,0.00183264911
649,1,0.005777948,0.00726961531,0.00149166724
649,2,0.003575325,0.00767904939,0.00410372438
649,3,0.00634350535,0.00735498732,0.001011482
650,0,0.00528791035,0.00706018647,0.00177227613
650,1,0.0055339667,0.006978236,0.00144426944
650,2,0.00342273712,0.00737125939,0.00394852227
650,3,0.00607531238,0.00706018647,0.0009848741
651,0,0.005363495,0.00717862044,0.00181512535
651,1,0.005612564,0.00709529547,0.00148273166
651,2,0.00347232819,0.00749491155,0.00402258337
651,3,0.006162869,0.00717862044,0.00101575162
652,0,0.00567574752,0.00761715556,0.001941408
652,1,0.0059400755,0.00752874,0.00158866448
652,2,0.00367450714,0.007952768,0.004278261
652,3,0.006523194,0.00761715556,0.00109396176
653,0,0.00554327248,0.00745838741,0.00191511493
653,1,0.00580140343,0.00737181539,0.001570412
653,2,0.00358963013,0.00778700551,0.00419737538
653,3,0.00637155026,0.00745838741,0.00108683715
654,0,0.00534694735,0.00721382024,0.00186687289
654,1,0.00559673458,0.007130087,0.0015333523
654,2,0.00346279144,0.00753166247,0.004068871
654,3,0.006147424,0.00721382024,0.001066396
655,0,0.00540698459,0.00731355371,0.00190656912
655,1,0.005659489,0.00722866273,0.00156917376
655,2,0.00350284576,0.00763579039,0.00413294462
655,3,0.00621780474,0.00731355371,0.001095749
656,0,0.00532729831,0.00722482055,0.00189752225
656,1,0.00557689276,0.007140959,0.00156406639
656,2,0.00345039368,0.007543147,0.0040927534
656,3,0.00612719776,0.00722482055,0.00109762279
657,0,0.00548771862,0.00746205449,0.00197433587
657,1,0.00574475,0.007375439,0.001630689
657,2,0.00355529785,0.00779083371,0.004235536
657,3,0.006312987,0.00746205449,0.00114906766
658,0,0.006022146,0.008212623,0.00219047721
658,1,0.00630459143,0.008117296,0.00181270437
658,2,0.0039024353,0.008574473,0.00467203744
658,3,0.006928918,0.008212623,0.00128370523
659,0,0.006040696,0.008262857,0.00222216081
659,1,0.006324241,0.00816694647,0.00184270553
659,2,0.003914833,0.008626919,0.004712086
659,3,0.00695179636,0.008262857,0.00131106051
660,0,0.00612801639,0.00819649,0.00206847349
660,1,0.006254245,0.008101351,0.00184710557
660,2,0.003870964,0.008557629,0.004686665
660,3,0.0068757,0.00819649,0.00132079
661,0,0.006331396,0.00828889,0.0019574943
661,1,0.006306309,0.008192678,0.00188636919
661,2,0.00390434265,0.0086541,0.00474975724
661,3,0.006934057,0.00828889,0.00135483313
662,0,0.0060772635,0.00798089,0.00190362614
662,1,0.006053382,0.007888252,0.00183486985
662,2,0.00374698639,0.008332529,0.00458554272
662,3,0.006656342,0.00798089,0.00132454745
663,0,0.00542980758,0.007151487,0.00172167923
663,1,0.005408843,0.00706847664,0.00165963359
663,2,0.0033493042,0.00746658258,0.00411727838
663,3,0.005949227,0.007151487,0.00120225968
664,0,0.00543949567,0.007183754,0.00174425822
664,1,0.005418764,0.00710036932,0.00168160535
664,2,0.00335502625,0.00750027131,0.004145245
664,3,0.005959725,0.007183754,0.00122402888
665,0,0.005385651,0.00713242032,0.00174676953
665,1,0.00536516076,0.007049632,0.001684471
665,2,0.00332164764,0.007446676,0.00412502838
665,3,0.005902687,0.00713242032,0.00122973323
666,0,0.0055125826,0.00732125435,0.00180867175
666,1,0.005545061,0.00723627349,0.00169121241
666,2,0.00340080261,0.00764383,0.00424302742
666,3,0.00604232075,0.00732125435,0.0012789336
667,0,0.005405372,0.00719952025,0.00179414824
667,1,0.00566187175,0.00711595267,0.00145408092
667,2,0.00333595276,0.00751673244,0.00418077968
667,3,0.00592577131,0.00719952025,0.00127374893
668,0,0.00536349835,0.0071639535,0.00180045515
668,1,0.005618553,0.007080799,0.00146224583
668,2,0.00330924988,0.00747959875,0.004170349
668,3,0.00588151254,0.0071639535,0.001282441
669,0,0.0053215893,0.00712838676,0.00180679746
669,1,0.00557484059,0.007045645,0.00147080421
669,2,0.00328445435,0.00744246459,0.00415801024
669,3,0.005835934,0.00712838676,0.00129245268
670,0,0.005360074,0.007200987,0.0018409132
670,1,0.00561570656,0.00711740227,0.00150169572
670,2,0.0033082962,0.00751826353,0.00420996733
670,3,0.005879987,0.007200987,0.001321
671,0,0.00534359366,0.007200254,0.00185666047
671,1,0.005598712,0.00711667771,0.00151796592
671,2,0.00329875946,0.007517498,0.00421873853
671,3,0.0058630174,0.007200254,0.00133723672
672,0,0.0053951554,0.00729008764,0.00189493224
672,1,0.00565234572,0.0072054686,0.00155312289
672,2,0.00333023071,0.00761129,0.00428105937
672,3,0.00591947837,0.00729008764,0.00137060927
673,0,0.00522692734,0.00708438642,0.00185745908
673,1,0.005477241,0.0070021553,0.00152491452
673,2,0.003227234,0.0073965257,0.004169292
673,3,0.00573693169,0.00708438642,0.00134745473
674,0,0.00530965347,0.00721748732,0.00190783385
674,1,0.005563398,0.007133711,0.00157031324
674,2,0.0032787323,0.00753549067,0.00425675837
674,3,0.00582829444,0.00721748732,0.00138919288
675,0,0.005245592,0.007151487,0.00190589484
675,1,0.005497279,0.00706847664,0.00157119753
675,2,0.00323963165,0.00746658258,0.004226951
675,3,0.00575905433,0.007151487,0.00139243249
676,0,0.00524125854,0.007167987,0.00192672852
676,1,0.00549310772,0.00708478549,0.00159167778
676,2,0.0032377243,0.00748380972,0.00424608542
676,3,0.005755056,0.007167987,0.0014129309
677,0,0.005158371,0.00707485341,0.00191648258
677,1,0.00540509028,0.00699273264,0.00158764236
677,2,0.00318527222,0.007386572,0.0042013
677,3,0.00566501264,0.00707485341,0.00140984077
678,0,0.005401884,0.007432721,0.002030837
678,1,0.00566173065,0.007346446,0.00168471551
678,2,0.00333786,0.00776020763,0.00442234753
678,3,0.005933975,0.007432721,0.00149874622
679,0,0.00533051649,0.007357921,0.00202740449
679,1,0.005587805,0.00727251451,0.00168470945
679,2,0.00329303741,0.007682112,0.00438907463
679,3,0.00585633935,0.007357921,0.00150158163
680,0,0.00520702265,0.00720942067,0.002002398
680,1,0.005457794,0.007125738,0.00166794425
680,2,0.00321769714,0.00752706872,0.00430937158
680,3,0.005991284,0.00720942067,0.00121813687
681,0,0.005134943,0.00713205338,0.00199711043
681,1,0.005382346,0.007049269,0.001666923
681,2,0.00317382813,0.007446293,0.00427246466
681,3,0.00593285728,0.00713205338,0.00119919609
682,0,0.00521576637,0.00726808747,0.002052321
682,1,0.00546884164,0.007183724,0.00171488244
682,2,0.00322341919,0.00758832041,0.004364901
682,3,0.006027949,0.00726808747,0.00124013843
683,0,0.00504266238,0.00704808673,0.00200542435
683,1,0.0052863243,0.006966277,0.00167995272
683,2,0.00311660767,0.00735862646,0.004242019
683,3,0.00582764763,0.00704808673,0.0012204391
684,0,0.00511446036,0.007171287,0.00205682684
684,1,0.00536211,0.007088047,0.00172593677
684,2,0.00316143036,0.007487255,0.004325825
684,3,0.00591262151,0.007171287,0.0012586657
685,0,0.005177331,0.007283121,0.00210578972
685,1,0.005427637,0.007198583,0.00177094573
685,2,0.00320148468,0.007604016,0.00440253131
685,3,0.005985561,0.007283121,0.00129756
686,0,0.00517948,0.007310254,0.00213077385
686,1,0.005431414,0.00722540123,0.00179398712
686,2,0.00320243835,0.007632345,0.00442990661
686,3,0.00598992966,0.007310254,0.00132032437
687,0,0.00515823672,0.00730512058,0.00214688387
687,1,0.00540945865,0.00722032739,0.00181086874
687,2,0.00319004059,0.00762698567,0.004436945
687,3,0.00596665,0.00730512058,0.00133847073
688,0,0.005077635,0.00721382024,0.0021361853
688,1,0.0053237523,0.007130087,0.00180633459
688,2,0.00313949585,0.00753166247,0.00439216662
688,3,0.00587327732,0.00721382024,0.00134054292
689,0,0.00589166,0.008401824,0.002510164
689,1,0.00617898535,0.008304301,0.00212531537
689,2,0.00364494324,0.00877201,0.00512706675
689,3,0.00681711966,0.008401824,0.0015847045
690,0,0.00582125038,0.00833289,0.00251164
690,1,0.006105257,0.008236167,0.00213090982
690,2,0.00360107422,0.008700039,0.005098965
690,3,0.006736176,0.00833289,0.00159671437
691,0,0.00577396154,0.008298423,0.0025244616
691,1,0.006056584,0.0082021,0.00214551622
691,2,0.00357151031,0.008664053,0.00509254262
691,3,0.00668381155,0.008298423,0.0016146116
692,0,0.00572517561,0.008259923,0.00253474759
692,1,0.00600466924,0.008164047,0.002159378
692,2,0.0035429,0.008623857,0.005080957
692,3,0.00662772544,0.008259923,0.00163219776
693,0,0.00570107158,0.008257723,0.00255665183
693,1,0.005980206,0.008161873,0.00218166644
693,2,0.0035276413,0.00862156,0.005093919
693,3,0.00660114828,0.008257723,0.00165657513
694,0,0.00576510839,0.008384224,0.00261911564
694,1,0.0060477904,0.00828690547,0.002239115
694,2,0.00356864929,0.008753634,0.00518498477
694,3,0.006677526,0.008384224,0.001706698
695,0,0.00569720333,0.00831859,0.00262138667
695,1,0.0059765703,0.008222033,0.002245463
695,2,0.003525734,0.008685108,0.00515937433
695,3,0.006598696,0.00831859,0.00171989389
696,0,0.00561769353,0.00823609,0.00261839619
696,1,0.00589390751,0.00814049,0.00224658288
696,2,0.00347805023,0.008598973,0.005120923
696,3,0.00650817063,0.00823609,0.00172791909
697,0,0.00569545943,0.00838459,0.0026891306
697,1,0.0059752455,0.008287267,0.00231202133
697,2,0.003525734,0.008754017,0.005228283
697,3,0.0065996265,0.00838459,0.00178496353
698,0,0.00517370924,0.007647222,0.00247351266
698,1,0.0054287645,0.00755845755,0.002129693
698,2,0.003203392,0.00798415951,0.00478076749
698,3,0.005996609,0.007647222,0.0016506128
699,0,0.004772811,0.00708072,0.00230790861
699,1,0.00500812335,0.006998531,0.00199040771
699,2,0.00295639038,0.0073926975,0.004436307
699,3,0.00553264935,0.00708072,0.00154807046
700,0,0.004793674,0.007137187,0.00234351261
700,1,0.005030417,0.007054343,0.002023926
700,2,0.00296878815,0.00745165255,0.0044828644
700,3,0.005557846,0.007137187,0.001579341
701,0,0.004813751,0.007193654,0.00237990264
701,1,0.00505183637,0.00711015426,0.002058318
701,2,0.002981186,0.007510607,0.004529421
701,3,0.005581717,0.007193654,0.00161193684
702,0,0.00476534571,0.00714708725,0.00238174153
702,1,0.00500124646,0.007064128,0.00206288137
702,2,0.00295257568,0.007461989,0.004509413
702,3,0.00552650541,0.00714708725,0.00162058184
703,0,0.004735739,0.0071287537,0.00239301473
703,1,0.00496990653,0.00704600755,0.002076101
703,2,0.0029335022,0.007442848,0.00450934563
703,3,0.00549291074,0.0071287537,0.001635843
704,0,0.00478367927,0.007228487,0.002444808
704,1,0.00502128527,0.00714458339,0.00212329812
704,2,0.00296401978,0.00754697528,0.0045829555
704,3,0.00554944668,0.007228487,0.00167904049
705,0,0.00471340353,0.00714892056,0.002435517
705,1,0.0049468237,0.00706594,0.00211911649
705,2,0.00292015076,0.007463903,0.00454375241
705,3,0.00546923652,0.00714892056,0.001679684
706,0,0.00470978161,0.00717055332,0.00246077171
706,1,0.00494411867,0.007087322,0.00214320328
706,2,0.002919197,0.007486489,0.004567292
706,3,0.00546560064,0.00717055332,0.00170495268
707,0,0.00473987823,0.007244254,0.00250437576
707,1,0.00497545861,0.007160167,0.0021847086
707,2,0.002937317,0.007563437,0.00462612
707,3,0.00550150638,0.007244254,0.00174274761
708,0,0.004667725,0.00716175372,0.00249402877
708,1,0.00490040565,0.00707862433,0.00217821868
708,2,0.00289344788,0.00747730164,0.00458385376
708,3,0.005418449,0.00716175372,0.00174330454
709,0,0.00462928927,0.00712985359,0.00250056433
709,1,0.00485973665,0.0070470944,0.00218735775
709,2,0.002869606,0.00744399568,0.00457438966
709,3,0.005374539,0.00712985359,0.00175531441
710,0,0.004676578,0.007230687,0.00255410885
710,1,0.00490919873,0.00714675756,0.00223755883
710,2,0.00289917,0.00754927238,0.00465010246
710,3,0.005429892,0.007230687,0.00180079509
711,0,0.004603307,0.00714672,0.00254341261
711,1,0.00483361026,0.007063765,0.00223015482
711,2,0.00285434723,0.00746160559,0.00460725836
711,3,0.005347229,0.00714672,0.00179949077
712,0,0.00453343662,0.00706495345,0.00253151683
712,1,0.00475968467,0.0069829477,0.002223263
712,2,0.002811432,0.00737623638,0.00456480449
712,3,0.00526510226,0.00706495345,0.00179985119
713,0,0.00456087,0.00713682035,0.00257595023
713,1,0.00479003834,0.00705398,0.0022639418
713,2,0.002828598,0.00745127,0.00462267175
713,3,0.00529895024,0.00713682035,0.00183787011
714,0,0.00462604826,0.007266987,0.00264093885
714,1,0.00485669263,0.0071826363,0.00232594367
714,2,0.00286865234,0.00758717163,0.00471851928
714,3,0.005375075,0.007266987,0.001891912
715,0,0.00450334,0.00710382033,0.00260048034
715,1,0.00472933054,0.00702136336,0.00229203282
715,2,0.002793312,0.0074168155,0.00462350342
715,3,0.00523322634,0.00710382033,0.001870594
716,0,0.00449486729,0.007118487,0.00262361951
716,1,0.00472034,0.00703586,0.00231551984
716,2,0.0027885437,0.0074321283,0.0046435846
716,3,0.00522389729,0.007118487,0.00189458951
717,0,0.004623519,0.00735388743,0.00273036864
717,1,0.004856101,0.007268528,0.00241242722
717,2,0.00286769867,0.0076779006,0.004810202
717,3,0.005375272,0.00735388743,0.0019786153
718,0,0.004527691,0.007231421,0.00270373
718,1,0.004755119,0.0071474826,0.00239236373
718,2,0.00280952454,0.0075500384,0.004740514
718,3,0.005264172,0.007231421,0.001967249
719,0,0.004521318,0.007251587,0.00273026945
719,1,0.004748975,0.007167415,0.0024184403
719,2,0.00280570984,0.00757109327,0.00476538343
719,3,0.00525690056,0.007251587,0.00199468667
720,0,0.004426962,0.007130587,0.00270362478
720,1,0.004649909,0.00704781944,0.00239791023
720,2,0.002746582,0.00744476169,0.00469817966
720,3,0.00514864735,0.007130587,0.00198193965
721,0,0.00518506765,0.008390457,0.00320538972
721,1,0.00544688664,0.008293066,0.00284617953
721,2,0.00321865082,0.008760142,0.00554149132
721,3,0.00603119,0.008390457,0.00235926732
722,0,0.005016839,0.008158356,0.00314151682
722,1,0.005269724,0.008063659,0.00279393513
722,2,0.00311374664,0.008517815,0.005404068
722,3,0.00583624374,0.008158356,0.00232211221
723,0,0.005040785,0.008237557,0.00319677172
723,1,0.00529565336,0.00814194,0.002846287
723,2,0.00312900543,0.008600505,0.00547149964
723,3,0.00586507563,0.008237557,0.002372481
724,0,0.00492349127,0.00808649,0.00316299917
724,1,0.005172716,0.007992627,0.002819911
724,2,0.00305652618,0.008442782,0.00538625568
724,3,0.00573063968,0.00808649,0.00235585077
725,0,0.005020327,0.008287057,0.00326673035
725,1,0.00527522,0.008190866,0.00291564548
725,2,0.00311756134,0.008652186,0.00553462468
725,3,0.0058436566,0.008287057,0.00244340068
726,0,0.004931203,0.008181823,0.00325062033
726,1,0.005180917,0.008086854,0.00290593645
726,2,0.00306224823,0.008542316,0.005480068
726,3,0.005741152,0.008181823,0.00244067144
727,0,0.004944932,0.008246357,0.00330142444
727,1,0.005196193,0.008150638,0.00295444531
727,2,0.0030708313,0.008609693,0.00553886127
727,3,0.00575775234,0.008246357,0.00248860428
728,0,0.00491137244,0.008233523,0.00332215056
728,1,0.005160879,0.00813795347,0.00297707459
728,2,0.00305080414,0.008596294,0.00554548949
728,3,0.0057195914,0.008233523,0.0025139316
729,0,0.00485518156,0.00818145648,0.003326275
729,1,0.00510183442,0.008086491,0.002984657
729,2,0.00301647186,0.008541933,0.0055254614
729,3,0.0056551923,0.00818145648,0.00252626417
730,0,0.00452458346,0.00766298873,0.00313840527
730,1,0.004755119,0.00757404137,0.00281892251
730,2,0.00281047821,0.008000622,0.00519014336
730,3,0.00527065434,0.00766298873,0.0023923344
731,0,0.004170815,0.00709905336,0.00292823836
731,1,0.004383884,0.007016652,0.002632768
731,2,0.00259113312,0.00741183851,0.00482070539
731,3,0.00485993363,0.00709905336,0.00223911973
732,0,0.004183695,0.00715295365,0.00296925846
732,1,0.00439670729,0.00706992671,0.00267321942
732,2,0.00259971619,0.007468114,0.004868398
732,3,0.004875209,0.00715295365,0.00227774447
733,0,0.00423738174,0.007151487,0.002914105
733,1,0.00437587965,0.00706847664,0.002692597
733,2,0.00258731842,0.00746658258,0.004879264
733,3,0.0048517324,0.007151487,0.00229975441
734,0,0.004240093,0.007134987,0.00289489422
734,1,0.0043445956,0.00705216825,0.00270757265
734,2,0.002568245,0.00744935544,0.00488111051
734,3,0.00481794,0.007134987,0.00231704721
735,0,0.00422947248,0.007151487,0.00292201433
735,1,0.004334083,0.00706847664,0.00273439381
735,2,0.00256347656,0.00746658258,0.004903106
735,3,0.00480723055,0.007151487,0.00234425627
736,0,0.004294896,0.00729778735,0.00300289132
736,1,0.00440220349,0.00721307937,0.002810876
736,2,0.00260257721,0.00761932926,0.005016752
736,3,0.004882819,0.00729778735,0.00241496833
737,0,0.00420232629,0.00717532029,0.002972994
737,1,0.00432217028,0.00709203351,0.00276986323
737,2,0.002547264,0.007491466,0.004944202
737,3,0.004777271,0.00717532029,0.00239804946
738,0,0.004112061,0.007055787,0.00294372579
738,1,0.004323232,0.00697388733,0.00265065534
738,2,0.002491951,0.00736666564,0.00487471465
738,3,0.00467603561,0.007055787,0.0023797513
739,0,0.00425854372,0.007343621,0.00308507727
739,1,0.004477115,0.00725838076,0.00278126588
739,2,0.00258159637,0.007667182,0.00508558564
739,3,0.0048431363,0.007343621,0.0025004847
740,0,0.0042270245,0.00732675428,0.00309972977
740,1,0.00444457354,0.00724170962,0.002797136
740,2,0.002562523,0.007649572,0.005087049
740,3,0.004807625,0.00732675428,0.00251912931
741,0,0.004028617,0.00701802,0.002989403
741,1,0.004236075,0.006936559,0.002700484
741,2,0.00244236,0.007327235,0.004884875
741,3,0.00458305748,0.00701802,0.00243496243
742,0,0.004111301,0.007197687,0.00308638578
742,1,0.004322111,0.007114141,0.00279202964
742,2,0.00249290466,0.007514818,0.00502191344
742,3,0.004677022,0.007197687,0.002520665
743,0,0.00407467457,0.007171287,0.00309661264
743,1,0.00428501051,0.007088047,0.00280303648
743,2,0.00247097015,0.007487255,0.005016285
743,3,0.004637086,0.007171287,0.00253420137
744,0,0.00395126455,0.00698942,0.00303815538
744,1,0.004155596,0.006908291,0.00275269523
744,2,0.00239658356,0.007297375,0.004900791
744,3,0.004496562,0.00698942,0.002492858
745,0,0.00397277949,0.00706275366,0.00308997417
745,1,0.00417742273,0.00698077353,0.0028033508
745,2,0.00240898132,0.00737393973,0.00496495841
745,3,0.00452102534,0.00706275366,0.00254172832
746,0,0.00399199035,0.00713462,0.00314262975
746,1,0.00419825269,0.007051806,0.00285355328
746,2,0.002421379,0.00744897267,0.00502759358
746,3,0.004545235,0.00713462,0.002589385
747,0,0.00391580258,0.00703562,0.00311981747
747,1,0.004118894,0.0069539547,0.00283506047
747,2,0.00237560272,0.00734561076,0.004970008
747,3,0.00456927763,0.00703562,0.00246634241
748,0,0.003912489,0.00706642028,0.00315393135
748,1,0.00411493331,0.0069843973,0.002869464
748,2,0.00237369537,0.007377768,0.00500407256
748,3,0.004569952,0.00706642028,0.00249646837
749,0,0.003837821,0.00696741976,0.00312959868
749,1,0.00403617276,0.0068865465,0.00285037374
749,2,0.00232887268,0.00727440557,0.004945533
749,3,0.004482472,0.00696741976,0.002484948
750,0,0.003882004,0.007086587,0.00320458319
750,1,0.004084111,0.00700433,0.00292021874
750,2,0.00235557556,0.00739882328,0.00504324771
750,3,0.00453576725,0.007086587,0.00255082
751,0,0.00387010025,0.0071023535,0.00323225325
751,1,0.004070956,0.00701991376,0.002948958
751,2,0.00234794617,0.007415284,0.005067338
751,3,0.004521814,0.0071023535,0.00258053932
752,0,0.00389188947,0.007182287,0.00329039758
752,1,0.004093904,0.00709891925,0.0030050152
752,2,0.00236225128,0.00749873975,0.00513648847
752,3,0.00454852358,0.007182287,0.00263376348
753,0,0.00381811266,0.00708475336,0.00326664071
753,1,0.00401646364,0.007002518,0.0029860544
753,2,0.00231742859,0.007396909,0.00507948035
753,3,0.004462041,0.00708475336,0.0026227124
754,0,0.00378444465,0.00706202,0.00327757513
754,1,0.00398168061,0.00698004849,0.00299836788
754,2,0.00229644775,0.00737317372,0.005076726
754,3,0.00442374358,0.00706202,0.0026382762
755,0,0.00380301336,0.007136087,0.00333307358
755,1,0.004000991,0.00705325557,0.00305226445
755,2,0.00230884552,0.007450504,0.00514165871
755,3,0.00444629276,0.007136087,0.00268979417
756,0,0.00377472723,0.00712362025,0.003348893
756,1,0.00397084327,0.00704093371,0.00307009043
756,2,0.00229167938,0.007437488,0.00514580868
756,3,0.00441310555,0.00712362025,0.0027105147
757,0,0.003801481,0.00721565355,0.00341417245
757,1,0.00400039274,0.007131899,0.003131506
757,2,0.00230789185,0.007533577,0.005225685
757,3,0.00444589369,0.00721565355,0.00276975986
758,0,0.00375077641,0.00716175372,0.00341097731
758,1,0.00394709734,0.00707862433,0.003131527
758,2,0.00227737427,0.00747730164,0.00519992737
758,3,0.00438671932,0.00716175372,0.0027750344
759,0,0.00368215749,0.007071187,0.0033890293
759,1,0.0038742926,0.0069891084,0.0031148158
759,2,0.00223636627,0.007382744,0.00514637772
759,3,0.004307161,0.007071187,0.0027640257
760,0,0.00373990671,0.007224454,0.00348454737
760,1,0.00393526256,0.007140597,0.0032053343
760,2,0.00227165222,0.0075427643,0.005271112
760,3,0.00437520724,0.007224454,0.00284924684
761,0,0.00366218714,0.00711738644,0.0034551993
761,1,0.00385346264,0.00703477254,0.00318131
761,2,0.00222396851,0.00743098,0.00520701148
761,3,0.00428501051,0.00711738644,0.002832376
762,0,0.00361609226,0.007070087,0.00345399464
762,1,0.003806047,0.00698802155,0.00318197464
762,2,0.002196312,0.007381596,0.005185284
762,3,0.00423171557,0.007070087,0.00283837132
763,0,0.00361046079,0.00710125361,0.00349079282
763,1,0.00380029087,0.00701882644,0.00321853557
763,2,0.002193451,0.007414136,0.005220685
763,3,0.00422556046,0.00710125361,0.00287569314
764,0,0.00367306918,0.00726918736,0.00359611819
764,1,0.003865497,0.007184811,0.003319314
764,2,0.002231598,0.00758946873,0.005357871
764,3,0.004298964,0.00726918736,0.00297022332
765,0,0.00359549257,0.00715992041,0.00356442784
765,1,0.00378429564,0.00707681244,0.00329251681
765,2,0.00218391418,0.007475388,0.00529147359
765,3,0.00420876732,0.00715992041,0.002951153
766,0,0.00353991729,0.007094287,0.00355436956
766,1,0.00372616574,0.0070119407,0.003285775
766,2,0.00215148926,0.00740686245,0.005255373
766,3,0.00414547976,0.007094287,0.002948807
767,0,0.003586772,0.00723252026,0.00364574837
767,1,0.003775424,0.00714857,0.00337314582
767,2,0.00217914581,0.00755118625,0.00537204044
767,3,0.00419977261,0.00723252026,0.00303274766
768,0,0.003546582,0.007197687,0.00365110487
768,1,0.00373344147,0.007114141,0.00338069932
768,2,0.002155304,0.007514818,0.005359514
768,3,0.004153677,0.007197687,0.00304401014
769,0,0.00351316342,0.0071771536,0.00366399018
769,1,0.00369825959,0.0070938454,0.00339558581
769,2,0.00213623047,0.00749338,0.00535714952
769,3,0.00411513261,0.0071771536,0.003062021
770,0,0.00349141145,0.007178254,0.00368684251
770,1,0.00367571041,0.007094933,0.00341922278
770,2,0.00212192535,0.007494529,0.00537260342
770,3,0.004089867,0.007178254,0.00308838673
771,0,0.00347065646,0.00718265353,0.003711997
771,1,0.0036535603,0.007099282,0.0034457217
771,2,0.00210952759,0.00749912253,0.005389595
771,3,0.004065798,0.00718265353,0.0031168554
772,0,0.0034373682,0.00716175372,0.00372438552
772,1,0.00361929974,0.00707862433,0.00345932459
772,2,0.00208950043,0.00747730164,0.005387801
772,3,0.004028498,0.00716175372,0.00313325552
773,0,0.00342316,0.00717972033,0.00375656039
773,1,0.00360392663,0.00709638232,0.0034924557
773,2,0.002081871,0.00749606,0.005414189
773,3,0.004011306,0.00717972033,0.00316841435
774,0,0.00337822968,0.007132787,0.003754557
774,1,0.00355700962,0.007049994,0.00349298446
774,2,0.0020532608,0.007447059,0.005393798
774,3,0.003959331,0.007132787,0.0031734556
775,0,0.003355693,0.007134987,0.003779294
775,1,0.00353333959,0.00705216825,0.00351882866
775,2,0.002040863,0.00744935544,0.0054084924
775,3,0.00393394241,0.007134987,0.00320104463
776,0,0.003367335,0.00720758736,0.00384025229
776,1,0.00354527426,0.007123926,0.003578652
776,2,0.00204753876,0.007525155,0.005477616
776,3,0.00394709734,0.00720758736,0.00326049
777,0,0.0033778497,0.00728202052,0.00390417082
777,1,0.00355813024,0.007197495,0.00363936485
777,2,0.00205421448,0.00760286767,0.005548653
777,3,0.00396105042,0.00728202052,0.00332097
778,0,0.00333865662,0.007249387,0.00391073059
778,1,0.00351554924,0.00716524059,0.00364969135
778,2,0.00203132629,0.007568796,0.00553747
778,3,0.00391535368,0.007249387,0.0033340333
779,0,0.00325083965,0.00710822,0.00385738024
779,1,0.00342343422,0.007025712,0.003602278
779,2,0.00197696686,0.00742140925,0.00544444239
779,3,0.00381240132,0.00710822,0.00329581858
780,0,0.0033353304,0.007346554,0.004011224
780,1,0.003513032,0.0072612795,0.0037482474
780,2,0.002029419,0.007670244,0.00564082526
780,3,0.003912414,0.007346554,0.00343414024
781,0,0.00322191184,0.00714855362,0.003926642
781,1,0.00339298742,0.00706557743,0.00367259
781,2,0.00195980072,0.00746352,0.005503719
781,3,0.00377985975,0.00714855362,0.00336869387
782,0,0.00334339682,0.00747305434,0.00412965752
782,1,0.00352142868,0.00738631142,0.00386488275
782,2,0.00203418732,0.00780231832,0.005768131
782,3,0.00392243033,0.00747305434,0.003550624
783,0,0.00332638528,0.00749395462,0.00416756934
783,1,0.003503814,0.00740696955,0.00390315545
783,2,0.00202465057,0.00782414,0.005799489
783,3,0.003903519,0.00749395462,0.00359043572
784,0,0.003165564,0.007185587,0.004020023
784,1,0.00333435857,0.007102181,0.00376782264
784,2,0.00192642212,0.007502185,0.005575763
784,3,0.00371535169,0.007185587,0.0034702355
785,0,0.00307929167,0.007042587,0.00396329537
785,1,0.00324386312,0.006960841,0.00371697778
785,2,0.00187397,0.00735288439,0.00547891436
785,3,0.00361474045,0.007042587,0.00342784636
786,0,0.00311589357,0.00718008727,0.004064194
786,1,0.00328208436,0.007096745,0.00381466071
786,2,0.00189685822,0.007496443,0.005599585
786,3,0.00365709839,0.00718008727,0.00352298887
787,0,0.0030883674,0.00717312051,0.004084753
787,1,0.00325417821,0.00708985934,0.00383568113
787,2,0.00187969208,0.007489169,0.005609477
787,3,0.00362627627,0.00717312051,0.00354684424
788,0,0.003049199,0.007136087,0.004086888
788,1,0.00321221934,0.00705325557,0.00384103623
788,2,0.00185585022,0.007450504,0.005594654
788,3,0.003580157,0.007136087,0.00355593
789,0,0.003047405,0.007188154,0.00414074864
789,1,0.00321059977,0.007104718,0.00389411836
789,2,0.00185585022,0.007504865,0.005649015
789,3,0.00357823842,0.007188154,0.0036099155
790,0,0.00304881926,0.007249754,0.00420093443
790,1,0.00321221934,0.00716560334,0.00395338424
790,2,0.00185585022,0.0075691794,0.005713329
790,3,0.00358117814,0.007249754,0.00366857578
791,0,0.0030002885,0.007192187,0.00419189874
791,1,0.00316064339,0.007108704,0.003948061
791,2,0.00182628632,0.007509076,0.00568278972
791,3,0.00352404546,0.007192187,0.00366814155
792,0,0.00293384329,0.00709098671,0.00415714364
792,1,0.003091899,0.00700867875,0.00391677953
792,2,0.00178718567,0.00740341656,0.005616231
792,3,0.003446482,0.00709098671,0.00364450482
793,0,0.00294908579,0.007185587,0.00423650164
793,1,0.0031068495,0.007102181,0.003995332
793,2,0.00179576874,0.007502185,0.00570641644
793,3,0.0034648946,0.007185587,0.00372069259
794,0,0.002891729,0.00710565364,0.00421392452
794,1,0.00304782181,0.00702317525,0.003975353
794,2,0.00176143646,0.00741873,0.00565729337
794,3,0.00339836814,0.00710565364,0.0037072855
795,0,0.002929103,0.00725708762,0.00432798453
795,1,0.003086219,0.00717285136,0.00408663228
795,2,0.00178432465,0.007576836,0.005792511
795,3,0.00344204623,0.00725708762,0.00381504139
796,0,0.002883793,0.00720758736,0.00432379451
796,1,0.00303962477,0.007123926,0.004084301
796,2,0.00175666809,0.007525155,0.00576848676
796,3,0.00338987168,0.00720758736,0.00381771568
797,0,0.00284000253,0.00715845358,0.004318451
797,1,0.00299300672,0.007075363,0.004082356
797,2,0.00172996521,0.007473856,0.005743891
797,3,0.00333839539,0.00715845358,0.00382005819
798,0,0.00277854712,0.007064587,0.00428603962
798,1,0.00292819948,0.00698258542,0.004054386
798,2,0.00169277191,0.0073758536,0.00568308169
798,3,0.003266512,0.007064587,0.003798075
799,0,0.00277496525,0.00711702,0.004342055
799,1,0.00292403926,0.00703441026,0.00411037076
799,2,0.00169086456,0.007430597,0.00573973265
799,3,0.00326257478,0.00711702,0.00385444518
800,0,0.00279199565,0.00722555351,0.004433558
800,1,0.00294367247,0.00714168372,0.004198011
800,2,0.001701355,0.00754391262,0.00584255764
800,3,0.00328340475,0.00722555351,0.00394214876
801,0,0.00271364045,0.007085487,0.004371846
801,1,0.00285983062,0.00700324262,0.004143412
801,2,0.00165367126,0.00739767449,0.005744003
801,3,0.00319168856,0.007085487,0.00389379822
802,0,0.00274411286,0.007230687,0.004486574
802,1,0.0028928183,0.00714675756,0.00425393926
802,2,0.00167179108,0.00754927238,0.00587748131
802,3,0.00322697032,0.007230687,0.00400371663
803,0,0.002720299,0.00723472051,0.00451442134
803,1,0.0028670067,0.007150744,0.00428373739
803,2,0.001657486,0.00755348336,0.0058959974
803,3,0.003200185,0.00723472051,0.00403453549
804,0,0.0026863697,0.00721345376,0.004527084
804,1,0.00283224718,0.0071297246,0.004297477
804,2,0.00163841248,0.0075312797,0.005892867
804,3,0.00316116563,0.00721345376,0.004052288
805,0,0.00262773549,0.00712105352,0.004493318
805,1,0.00277025625,0.00703839632,0.00426814
805,2,0.00160121918,0.007434808,0.005833589
805,3,0.00309137651,0.00712105352,0.00402967725
806,0,0.00262991572,0.007196587,0.00456667133
806,1,0.00277227466,0.00711305346,0.004340779
806,2,0.00160312653,0.00751367,0.00591054326
806,3,0.003095437,0.007196587,0.00410114974
807,0,0.00259457226,0.00716835354,0.004573781
807,1,0.00273537356,0.007085148,0.004349774
807,2,0.00158214569,0.00748419249,0.005902047
807,3,0.00305337831,0.00716835354,0.004114975
808,0,0.00256167655,0.00714745373,0.00458577741
808,1,0.00270131254,0.00706449058,0.00436317828
808,2,0.00156211853,0.00746237161,0.005900253
808,3,0.00301503367,0.00714745373,0.00413242
809,0,0.00253530266,0.00714415358,0.004608851
809,1,0.00267268438,0.00706122862,0.00438854424
809,2,0.00154590607,0.007458926,0.00591302
809,3,0.0029843112,0.00714415358,0.00415984262
810,0,0.00251916959,0.00717092073,0.00465175137
810,1,0.00265609077,0.0070876847,0.004431594
810,2,0.00153541565,0.00748687238,0.00595145673
810,3,0.00296632131,0.00717092073,0.004204599
811,0,0.00248690322,0.007150754,0.00466385065
811,1,0.002622229,0.007067752,0.004445523
811,2,0.00151729584,0.007465817,0.005948521
811,3,0.0029286982,0.007150754,0.004222056
812,0,0.00245912769,0.007143787,0.00468465965
812,1,0.00259352522,0.00706086634,0.004467341
812,2,0.001499176,0.0074585434,0.00595936738
812,3,0.002895435,0.007143787,0.004248352
813,0,0.002471287,0.00725598726,0.00478470046
813,1,0.00260583521,0.007171764,0.004565929
813,2,0.00150775909,0.007575687,0.006067928
813,3,0.00291110738,0.00725598726,0.00434487965
814,0,0.00241444679,0.007163587,0.00474914024
814,1,0.00254620914,0.00708043668,0.004534228
814,2,0.00147247314,0.007479216,0.006006743
814,3,0.00284346,0.007163587,0.004320127
815,0,0.002383588,0.007149287,0.00476569869
815,1,0.00251332112,0.00706630247,0.00455298135
815,2,0.00145435333,0.00746428547,0.006009932
815,3,0.00280837785,0.007149287,0.00434090942
816,0,0.00238064816,0.00721822027,0.004837572
816,1,0.00251090364,0.0071344357,0.0046235323
816,2,0.001452446,0.007536256,0.00608381024
816,3,0.00280474,0.00721822027,0.00441348
817,0,0.00234684325,0.007195487,0.004848644
817,1,0.00247552246,0.007111966,0.00463644369
817,2,0.00143241882,0.00751252146,0.00608010264
817,3,0.00276539777,0.007195487,0.004430089
818,0,0.002291797,0.00710455328,0.00481275655
818,1,0.00241687,0.007022088,0.004605218
818,2,0.00139808655,0.007417581,0.0060194945
818,3,0.00270088972,0.00710455328,0.004403664
819,0,0.00230267271,0.00722042052,0.004917748
819,1,0.00242860522,0.00713661034,0.004708005
819,2,0.00140476227,0.00753855333,0.006133791
819,3,0.00271414476,0.00722042052,0.004506276
820,0,0.002294357,0.007278354,0.004983997
820,1,0.00242020865,0.00719387131,0.00477366243
820,2,0.0013999939,0.00759903947,0.00619904557
820,3,0.00270412862,0.007278354,0.00457422528
821,0,0.0022460944,0.007209787,0.00496369274
821,1,0.002369554,0.00712610036,0.00475654658
821,2,0.00137138367,0.0075274515,0.006156068
821,3,0.002648117,0.007209787,0.00456167
822,0,0.002217154,0.007200987,0.004983833
822,1,0.00233850861,0.00711740227,0.00477889366
822,2,0.00135326385,0.00751826353,0.00616499968
822,3,0.00261373282,0.007200987,0.00458725449
823,0,0.00216146046,0.0071052867,0.00494382624
823,1,0.00227985648,0.007022813,0.00474295672
823,2,0.00131893158,0.007418347,0.00609941548
823,3,0.002548726,0.0071052867,0.004556561
824,0,0.002184514,0.00727028726,0.0050857733
824,1,0.002305046,0.00718589826,0.004880852
824,2,0.00133419037,0.00759061752,0.006256427
824,3,0.002576732,0.00727028726,0.004693555
825,0,0.00212779245,0.007169087,0.00504129473
825,1,0.00224457472,0.007085873,0.004841298
825,2,0.00129890442,0.007484958,0.00618605362
825,3,0.0025092843,0.007169087,0.00465980265
826,0,0.002238794,0.007641355,0.00540256128
826,1,0.00236207875,0.00755265867,0.00519058
826,2,0.0013666153,0.007978034,0.006611419
826,3,0.002640941,0.007641355,0.00500041433
827,0,0.00209591212,0.007249754,0.005153842
827,1,0.002211511,0.00716560334,0.004954092
827,2,0.00127983093,0.0075691794,0.00628934847
827,3,0.00247268239,0.007249754,0.00477707153
828,0,0.00206007017,0.00721895369,0.00515888352
828,1,0.00217309012,0.00713516073,0.004962071
828,2,0.00125789642,0.00753702223,0.006279126
828,3,0.002430424,0.00721895369,0.00478852959
829,0,0.00217964314,0.007744755,0.005565112
829,1,0.00230008783,0.00765485875,0.005354771
829,2,0.00133132935,0.00808599,0.006754661
829,3,0.00257207314,0.007744755,0.005172682
830,0,0.00298070442,0.0107741645,0.00779346
830,1,0.00314487121,0.0106491046,0.007504233
830,2,0.00182056427,0.0112488754,0.009428311
830,3,0.003517368,0.0107741645,0.00725679658
831,0,0.00246040476,0.009064025,0.00660362048
831,1,0.002596142,0.008958816,0.006362674
831,2,0.001502037,0.009463388,0.00796135049
831,3,0.00290413084,0.009064025,0.006159894
832,0,0.0019221839,0.007195487,0.005273303
832,1,0.00202922337,0.007111966,0.005082743
832,2,0.00117492676,0.00751252146,0.00633759471
832,3,0.00226996373,0.007195487,0.00492552342
833,0,0.001918216,0.007282754,0.005364538
833,1,0.00202374277,0.00719822058,0.00517447758
833,2,0.00117111206,0.007603633,0.006432521
833,3,0.00226398464,0.007282754,0.0050187693
834,0,0.00188582519,0.00726808747,0.005382262
834,1,0.00199110177,0.007183724,0.00519262254
834,2,0.00115299225,0.00758832041,0.006435328
834,3,0.00222708355,0.00726808747,0.005041004
835,0,0.0018497213,0.007232887,0.005383166
835,1,0.00195113744,0.007148932,0.00519779464
835,2,0.00112915039,0.007551569,0.00642241864
835,3,0.0021837044,0.007232887,0.005049183
836,0,0.0018227062,0.00723802,0.005415314
836,1,0.00192395307,0.007154006,0.005230053
836,2,0.0011138916,0.007556929,0.006443037
836,3,0.00215288228,0.00723802,0.00508513767
837,0,0.00178801338,0.00721015362,0.00542214047
837,1,0.00188735116,0.00712646265,0.00523911137
837,2,0.00109291077,0.00752783427,0.0064349235
837,3,0.00211241934,0.00721015362,0.00509773428
838,0,0.001741411,0.00713242032,0.005391009
838,1,0.00183821621,0.007049632,0.0052114157
838,2,0.00106430054,0.007446676,0.00638237549
838,3,0.00205680658,0.00713242032,0.005075614
839,0,0.00172528054,0.00717642065,0.00545114
839,1,0.00182082469,0.007093121,0.00527229626
839,2,0.00105381012,0.007492615,0.006438805
839,3,0.00203791913,0.00717642065,0.00513850152
840,0,0.001733472,0.00733262068,0.00559914857
840,1,0.00183021859,0.007247508,0.005417289
840,2,0.00106048584,0.00765569741,0.00659521157
840,3,0.00204841,0.00733262068,0.00528421067
841,0,0.00166677136,0.00716762058,0.00550084934
841,1,0.00175933249,0.007084423,0.00532509061
841,2,0.00101852417,0.007483427,0.006464903
841,3,0.00197007228,0.00716762058,0.00519754831
842,0,0.00163566333,0.00715002,0.005514357
842,1,0.00172659149,0.007067027,0.00534043554
842,2,0.0009994507,0.007465051,0.00646560034
842,3,0.00193274848,0.00715002,0.00521727139
843,0,0.00163988373,0.007294487,0.00565460324
843,1,0.0017309275,0.00720981741,0.00547888968
843,2,0.00100326538,0.00761588337,0.006612618
843,3,0.0019383051,0.007294487,0.00535618234
844,0,0.00158522057,0.0071771536,0.005591933
844,1,0.00167379493,0.0070938454,0.00542005058
844,2,0.0009689331,0.00749338,0.006524447
844,3,0.001873797,0.0071771536,0.005303357
845,0,0.0015514188,0.007149287,0.005597868
845,1,0.00163791492,0.00706630247,0.005428388
845,2,0.000948905945,0.00746428547,0.00651537953
845,3,0.00183385646,0.007149287,0.00531543046
846,0,0.00154271675,0.007240954,0.005698237
846,1,0.00162931893,0.00715690525,0.005527586
846,2,0.0009431839,0.00755999144,0.00661680754
846,3,0.00182456221,0.007240954,0.00541639142
847,0,0.0015119887,0.007227754,0.00571576552
847,1,0.00159573287,0.007143859,0.005548126
847,2,0.0009241104,0.00754620973,0.00662209932
847,3,0.00178756146,0.007227754,0.00544019276
848,0,0.00145232724,0.00707522,0.00562289264
848,1,0.00153346627,0.006993095,0.00545962853
848,2,0.0008878708,0.007386955,0.006499084
848,3,0.00171727373,0.00707522,0.00535794627
849,0,0.00143363664,0.00711922,0.00568558369
849,1,0.001513534,0.00703658443,0.00552305
849,2,0.0008773804,0.007432894,0.00655551348
849,3,0.00169564586,0.00711922,0.00542357424
850,0,0.00142992428,0.007243887,0.005813963
850,1,0.0015104186,0.00715980446,0.005649386
850,2,0.000874519348,0.00756305363,0.00668853428
850,3,0.00169118645,0.007243887,0.00555270072
851,0,0.00136898237,0.0070759533,0.005706971
851,1,0.00144538807,0.00699382,0.005548432
851,2,0.00083732605,0.007387721,0.006550395
851,3,0.00162002479,0.0070759533,0.00545592839
852,0,0.0013525954,0.0071375533,0.00578495767
852,1,0.00142829586,0.007054705,0.00562640931
852,2,0.0008277893,0.007452035,0.00662424555
852,3,0.0016003917,0.0071375533,0.0055371616
853,0,0.00135925412,0.007324554,0.0059653
853,1,0.001435695,0.007239535,0.00580384023
853,2,0.000831604,0.007647275,0.006815671
853,3,0.00160766742,0.007324554,0.00571688637
854,0,0.00131341792,0.00723582041,0.00592240226
854,1,0.00138673582,0.00715183141,0.00576509535
854,2,0.0008029938,0.00755463168,0.006751638
854,3,0.00155449566,0.00723582041,0.00568132475
855,0,0.0012482556,0.00702901976,0.005780764
855,1,0.00131819083,0.00694743125,0.00562924054
855,2,0.0007638931,0.00733871944,0.00657482632
855,3,0.00147693208,0.00702901976,0.005552088
856,0,0.00124633417,0.00718008727,0.005933753
856,1,0.001316372,0.007096745,0.00578037323
856,2,0.000762939453,0.007496443,0.00673350366
856,3,0.00147563557,0.00718008727,0.005704452
857,0,0.00123660418,0.00729375426,0.00605715
857,1,0.00130657922,0.007209093,0.005902514
857,2,0.000756263733,0.00761511829,0.00685885455
857,3,0.00146337808,0.00729375426,0.00583037641
858,0,0.0011883385,0.00717935339,0.00599101465
858,1,0.0012544808,0.00709602,0.00584153924
858,2,0.0007276535,0.007495677,0.0067680236
858,3,0.00140696717,0.00717935339,0.005772386
859,0,0.00115210714,0.00713462,0.005982513
859,1,0.0012172804,0.007051806,0.00583452545
859,2,0.0007047653,0.00744897267,0.00674420735
859,3,0.00136421039,0.00713462,0.00577040948
860,0,0.00114941655,0.00730328728,0.006153871
860,1,0.00121466361,0.0072185155,0.006003852
860,2,0.000703811646,0.00762507133,0.00692125969
860,3,0.00136176927,0.00730328728,0.005941518
861,0,0.00110128138,0.00718082,0.00607953873
861,1,0.001163287,0.00709746964,0.00593418255
861,2,0.000674247742,0.007497208,0.00682296045
861,3,0.00130403833,0.00718082,0.005876782
862,0,0.00110460992,0.007398621,0.006294011
862,1,0.00116632646,0.00731274253,0.006146416
862,2,0.0006761551,0.0077246055,0.00704845041
862,3,0.0013076762,0.007398621,0.006090945
863,0,0.00104981451,0.00723728724,0.00618747249
863,1,0.00110919389,0.007153281,0.006044087
863,2,0.0006427765,0.00755616324,0.00691338675
863,3,0.00124366686,0.00723728724,0.00599362049
864,0,0.00101230037,0.00718082,0.00616852
864,1,0.0010695525,0.00709746964,0.00602791738
864,2,0.0006198883,0.007497208,0.00687732
864,3,0.00119929051,0.00718082,0.0059815296
865,0,0.0009809376,0.0071610203,0.00618008245
865,1,0.00103569089,0.0070778993,0.00604220852
865,2,0.000599861145,0.007476536,0.006876675
865,3,0.0011614681,0.0071610203,0.005999552
866,0,0.000958273537,0.00721895369,0.00626068
866,1,0.00101324148,0.00713516073,0.00612191949
866,2,0.0005874634,0.00753702223,0.006949559
866,3,0.0011364019,0.00721895369,0.00608255155
867,0,0.0009548208,0.00741988746,0.00646506669
867,1,0.00100828335,0.007333762,0.00632547867
867,2,0.000584602356,0.0077468087,0.00716220634
867,3,0.00113092153,0.00741988746,0.006288966
868,0,0.0008911882,0.00716175372,0.00627056556
868,1,0.0009417569,0.00707862433,0.006136867
868,2,0.0005455017,0.00747730164,0.0069318
868,3,0.00105652073,0.00716175372,0.006105233
869,0,0.0008658406,0.007193287,0.00632744655
869,1,0.0009146487,0.007109792,0.00619514333
869,2,0.0005302429,0.00751022436,0.00697998144
869,3,0.001025974,0.007193287,0.006167313
870,0,0.00083946815,0.00722335372,0.00638388563
870,1,0.000886965834,0.00713950954,0.00625254354
870,2,0.000514030457,0.007541616,0.00702758553
870,3,0.0009950523,0.00722335372,0.00622830167
871,0,0.0008059227,0.00719402032,0.00638809754
871,1,0.0008518598,0.00711051654,0.00625865674
871,2,0.0004940033,0.00751099,0.00701698661
871,3,0.0009549883,0.00719402032,0.006239032
872,0,0.000773791457,0.007173487,0.00639969576
872,1,0.0008170768,0.00709022162,0.006273145
872,2,0.000473976135,0.007489552,0.00701557565
872,3,0.0009174886,0.007173487,0.00625599828
873,0,0.000740759657,0.00713975355,0.006398994
873,1,0.000783015741,0.00705688,0.006273864
873,2,0.000453948975,0.00745433243,0.00700038346
873,3,0.0008784695,0.00713975355,0.006261284
874,0,0.0007109281,0.00713975355,0.00642882567
874,1,0.000751770858,0.00705688,0.006305109
874,2,0.0004348755,0.00745433243,0.007019457
874,3,0.0008432638,0.00713975355,0.00629649
875,0,0.0006837877,0.00716542033,0.00648163259
875,1,0.000722544442,0.00708224857,0.0063597043
875,2,0.0004196167,0.00748113,0.007061513
875,3,0.0008109219,0.00716542033,0.00635449868
876,0,0.0006583091,0.00721748732,0.00655917823
876,1,0.0006954363,0.007133711,0.006438275
876,2,0.000403404236,0.00753549067,0.00713208644
876,3,0.000780874048,0.00721748732,0.00643661339
877,0,0.00065472495,0.00753135467,0.00687663
877,1,0.000692420464,0.007443935,0.00675151451
877,2,0.0004005432,0.007863187,0.007462644
877,3,0.000776338333,0.00753135467,0.00675501628
878,1,0.000729720457,0.008300677,0.00757095637
878,2,0.0004234314,0.008768181,0.00834475
878,3,0.0008199168,0.008398158,0.00757824071
879,3,0.000769661,0.008393024,0.00762336329
