utc,host,slot,round,roundActive,buffer,inProgress,left,breakActive,began,remaining,held,blocked,simulationTime,frameCount,frameWidth,frameHeight,x,y,z
63926388269.8162,1,0,0,0,0,0,90,0,0,0,0,0,0,0,0,0,0,0,0
63926388270.2663,1,0,0,0,0,0,90,0,0,0,0,0,0.01999999,0,0,0,0,0,0
63926388270.4822,1,0,0,0,0,0,90,0,0,0,0,0,0.2485082,0,0,0,0,0,0
63926388270.5886,1,0,0,0,0,0,90,0,0,0,0,0,0.3631301,0,0,0,0,0,0
63926388270.8351,1,0,0,0,0,0,90,0,0,0,0,0,0.6097824,0,0,0,0,0,0
63926388271.0614,1,0,0,0,0,0,90,0,0,0,0,0,0.8360291,0,0,0,0,0,0
63926388271.397,1,0,0,0,0,0,90,0,0,0,0,0,1.049268,0,0,0,0,0,0
63926388271.5261,1,0,0,0,0,0,90,0,0,0,0,0,1.199768,0,0,0,0,0,0
63926388271.9686,1,0,0,0,0,0,90,0,0,0,0,0,1.533101,0,0,0,0,0,0
63926388273.628,1,0,0,0,0,0,90,0,0,0,0,0,1.805679,0,0,0,0,0,-2.5
63926388274.4609,1,0,0,0,0,0,90,0,0,0,0,0,1.805679,0,0,0,0,0,-2.5
63926388282.6705,1,0,0,0,0,0,90,0,0,0,0,0,1.825679,0,0,0,0,0.18,-2.40386
63926388283.1107,1,0,0,0,0,0,90,0,0,0,0,0,2.159012,0,0,0,0,0.18,-0.8656206
63926388283.4193,1,0,0,0,0,0,90,0,0,0,0,0,2.469778,0,0,0,0,0.18,0.6726189
63926388284.197,1,0,0,0,0,0,90,0,0,0,0,0,2.803112,0,0,0,0,0.18,2.306998
63926388284.6442,1,0,0,0,0,0,90,0,0,0,0,0,3.136445,0,0,0,-1.0877,0.18,3.394698
63926388285.0256,1,0,0,0,0,0,90,0,0,0,0,0,3.469778,0,0,0,-1.0877,0.1799999,3.394698
63926388285.4066,1,0,0,0,0,0,90,0,0,0,0,0,3.803112,0,0,0,0.5466799,0.18,3.394698
63926388285.7946,1,0,0,0,0,0,90,0,0,0,0,0,4.136445,0,0,0,1.634379,0.18,4.482398
63926388286.1782,1,0,0,0,0,0,90,0,0,0,0,0,4.469779,0,0,0,3.231436,0.18,6.057868
63926388286.5636,1,0,0,0,0,0,90,0,0,0,0,0,4.803112,0,0,0,3.926309,0.18,6.582714
63926388286.9931,1,0,0,0,0,0,90,0,0,0,0,0,5.136445,0,0,0,3.926309,0.1799999,6.582714
63926388287.4072,1,0,0,0,0,0,90,0,0,0,0,0,5.469779,0,0,0,2.770628,0.18,5.427033
63926388287.7833,1,0,0,0,0,0,90,0,0,0,0,0,5.803112,0,0,0,1.614948,0.1799999,4.271353
63926388288.2266,1,0,0,0,0,0,90,0,0,0,0,0,6.136445,0,0,0,0.5272481,0.1799999,3.183653
63926388288.5957,1,0,0,0,0,0,90,0,0,0,0,0,6.469779,0,0,0,-1.107131,0.18,3.183653
63926388289.0351,1,0,0,0,0,0,90,0,0,0,0,0,6.803112,0,0,0,-1.107131,0.1799999,3.183653
63926388289.4082,1,0,0,0,0,0,90,0,0,0,0,0,7.136445,0,0,0,0.4311082,0.18,3.183653
63926388289.805,1,0,0,0,0,0,90,0,0,0,0,0,7.469779,0,0,0,-1.203271,0.18,3.183653
63926388290.1761,1,0,0,0,0,0,90,0,0,0,0,0,7.803112,0,0,0,-1.203271,0.18,3.183653
63926388290.6139,1,0,0,0,0,0,90,0,0,0,0,0,8.136445,0,0,0,0.3349682,0.1800001,3.183653
63926388291.0582,1,0,0,0,0,0,90,0,0,0,0,0,8.469778,0,0,0,0.3349682,0.1799999,3.183653
63926388291.507,1,0,0,0,0,0,90,0,0,0,0,0,8.803112,0,0,0,0.3349682,0.1799999,3.183653
63926388291.9527,1,0,0,0,0,0,90,0,0,0,0,0,9.136445,0,0,0,1.873208,0.18,3.183653
63926388292.2461,1,0,0,0,0,0,90,0,0,0,0,0,9.430705,0,0,0,1.873208,0.1799999,3.183653
63926388292.5373,1,0,0,0,0,0,90,0,0,0,0,0,9.721907,0,0,0,0.4311082,0.18,3.183653
63926388292.8395,1,0,0,0,0,0,90,0,0,0,0,0,10.02191,0,0,0,-1.010991,0.18,3.183653
63926388293.1345,1,0,0,0,0,0,90,0,0,0,0,0,10.31832,0,0,0,-1.010991,0.1799999,3.183653
63926388293.4338,1,0,0,0,0,0,90,0,0,0,0,0,10.61704,0,0,0,0.4311082,0.18,3.183653
63926388293.7053,1,0,0,0,0,0,90,0,0,0,0,0,10.88861,0,0,0,0.4311082,0.18,3.183653
63926388294.0008,1,0,0,0,0,0,90,0,0,0,0,0,11.18398,0,0,0,0.4311082,0.18,3.183653
63926388294.291,1,0,0,0,0,0,90,0,0,0,0,0,11.47472,0,0,0,0.4311082,0.1800001,4.529613
63926388294.5497,1,0,0,0,0,0,90,0,0,0,0,0,11.73512,0,0,0,-0.7785433,0.1800001,5.616073
63926388294.8636,1,0,0,0,0,0,90,0,0,0,0,0,12.04134,0,0,0,-2.495301,0.18,7
63926388295.2245,1,0,0,0,0,0,90,0,0,0,0,0,12.37467,0,0,0,-0.3363653,0.1800001,7
63926388295.5295,1,0,0,0,0,0,90,0,0,0,0,0,12.68043,0,0,0,-0.3363653,0.1799999,7
63926388295.8267,1,0,0,0,0,0,90,0,0,0,0,0,12.97748,0,0,0,-0.73239,0.18,6.204636
63926388296.1134,1,0,0,0,0,0,90,0,0,0,0,0,13.26409,0,0,0,-0.73239,0.18,4.762537
63926388296.4258,1,0,0,0,0,0,90,0,0,0,0,0,13.57635,0,0,0,-0.73239,0.1799999,3.320437
63926388296.6897,1,0,0,0,0,0,90,0,0,0,0,0,13.8423,0,0,0,-0.73239,0.1799999,3.320437
63926388296.9774,1,0,0,0,0,0,90,0,0,0,0,0,14.12849,0,0,0,-0.73239,0.18,4.666397
63926388297.2615,1,0,0,0,0,0,90,0,0,0,0,0,14.41238,0,0,0,-0.73239,0.18,4.666397
63926388297.5442,1,0,0,0,0,0,90,0,0,0,0,0,14.6957,0,0,0,-0.73239,0.18,3.320437
63926388297.8389,1,0,0,0,0,0,90,0,0,0,0,0,14.98919,0,0,0,0.7097095,0.18,3.320437
63926388298.1112,1,0,0,0,0,0,90,0,0,0,0,0,15.26405,0,0,0,0.7097095,0.18,3.320437
63926388298.4276,1,0,0,0,0,0,90,0,0,0,0,0,15.5762,0,0,0,-0.73239,0.18,3.320437
63926388298.7136,1,0,0,0,0,0,90,0,0,0,0,0,15.86405,0,0,0,-0.73239,0.18,3.320437
63926388299.0035,1,0,0,0,0,0,90,0,0,0,0,0,16.15349,0,0,0,-0.73239,0.18,3.320437
63926388299.2656,1,0,0,0,0,0,90,0,0,0,0,0,16.41771,0,0,0,-1.616146,0.18,2.436681
63926388299.5463,1,0,0,0,0,0,90,0,0,0,0,0,16.69793,0,0,0,-1.616146,0.18,2.436681
63926388299.9052,1,0,0,0,0,0,90,0,0,0,0,0,17.03126,0,0,0,-0.4604651,0.18,3.592362
63926388300.1812,1,0,0,0,0,0,90,0,0,0,0,0,17.30556,0,0,0,0.491272,0.18,2.640625
63926388300.4603,1,0,0,0,0,0,90,0,0,0,0,0,17.58545,0,0,0,1.837232,0.18,2.640625
63926388300.7417,1,0,0,0,0,0,90,0,0,0,0,0,17.86774,0,0,0,1.837232,0.18,2.640625
63926388301.0206,1,0,0,0,0,0,90,0,0,0,0,0,18.14611,0,0,0,0.8854944,0.18,3.592362
63926388301.3046,1,0,0,0,0,0,90,0,0,0,0,0,18.4288,0,0,0,-0.06624267,0.18,2.640625
63926388301.5719,1,0,0,0,0,0,90,0,0,0,0,0,18.69632,0,0,0,-0.9499986,0.18,3.524381
63926388301.8711,1,0,0,0,0,0,90,0,0,0,0,0,18.99703,0,0,0,-0.9499986,0.18,3.524381
63926388302.1625,1,0,0,0,0,0,90,0,0,0,0,0,19.28789,0,0,0,0.06971977,0.18,2.504663
63926388302.4481,1,0,0,0,0,0,90,0,0,0,0,0,19.57368,0,0,0,0.06971977,0.18,2.504663
63926388302.7307,1,0,0,0,0,0,90,0,0,0,0,0,19.85647,0,0,0,-0.8820173,0.18,3.456399
63926388303.0261,1,0,0,0,0,0,90,0,0,0,0,0,20.1517,0,0,0,-0.8820173,0.18,3.456399
63926388303.321,1,0,0,0,0,0,90,0,0,0,0,0,20.44675,0,0,0,-0.8820173,0.18,3.456399
63926388303.5763,1,0,0,0,0,0,90,0,0,0,0,0,20.70261,0,0,0,0.3678023,0.18,3.456399
63926388303.8674,1,0,0,0,0,0,90,0,0,0,0,0,20.994,0,0,0,0.3678023,0.18,3.456399
63926388304.139,1,0,0,0,0,0,90,0,0,0,0,0,21.26509,0,0,0,0.3678023,0.18,3.456399
63926388304.4309,1,0,0,0,0,0,90,0,0,0,0,0,21.55728,0,0,0,-0.9781573,0.18,3.456399
63926388304.7146,1,0,0,0,0,0,90,0,0,0,0,0,21.84106,0,0,0,-0.9781573,0.18,3.456399
63926388305.0126,1,0,0,0,0,0,90,0,0,0,0,0,22.13242,0,0,0,-0.0264202,0.18,2.504663
63926388305.2959,1,0,0,0,0,0,90,0,0,0,0,0,22.41909,0,0,0,0.9253169,0.18,3.456399
63926388305.5916,1,0,0,0,0,0,90,0,0,0,0,0,22.71741,0,0,0,0.9253169,0.18,3.456399
63926388305.8903,1,0,0,0,0,0,90,0,0,0,0,0,23.01519,0,0,0,-0.09440142,0.18,2.436681
63926388306.1713,1,0,0,0,0,0,90,0,0,0,0,0,23.29652,0,0,0,-1.046139,0.18,3.388418
63926388306.4459,1,0,0,0,0,0,90,0,0,0,0,0,23.57272,0,0,0,-1.046139,0.18,3.388418
63926388306.7076,1,0,0,0,0,0,90,0,0,0,0,0,23.83314,0,0,0,-0.1623826,0.18,2.504663
63926388306.9876,1,0,0,0,0,0,90,0,0,0,0,0,24.1134,0,0,0,0.7893544,0.18,3.456399
63926388307.2681,1,0,0,0,0,0,90,0,0,0,0,0,24.39356,0,0,0,1.741091,0.18,2.504663
63926388307.576,1,0,0,0,0,0,90,0,0,0,0,0,24.70179,0,0,0,1.741091,0.18,2.504663
63926388307.8569,1,0,0,0,0,0,90,0,0,0,0,0,24.98224,0,0,0,0.395132,0.18,2.504663
63926388308.1456,1,0,0,0,0,0,90,0,0,0,0,0,25.27145,0,0,0,0.395132,0.18,3.850622
63926388308.4369,1,0,0,0,0,0,90,0,0,0,0,0,25.56165,0,0,0,0.395132,0.18,3.850622
63926388308.7196,1,0,0,0,0,0,90,0,0,0,0,0,25.84575,0,0,0,-0.5566051,0.18,2.898885
63926388309.0083,1,0,0,0,0,0,90,0,0,0,0,0,26.13437,0,0,0,-0.5566051,0.18,2.898885
63926388309.293,1,0,0,0,0,0,90,0,0,0,0,0,26.41904,0,0,0,-0.5566051,0.18,2.898885
63926388309.5754,1,0,0,0,0,0,90,0,0,0,0,0,26.70144,0,0,0,-0.5566051,0.18,2.898885
63926388309.8692,1,0,0,0,0,0,90,0,0,0,0,0,26.99569,0,0,0,-0.5566051,0.18,2.898885
63926388310.1616,1,0,0,0,0,0,90,0,0,0,0,0,27.28788,0,0,0,-1.998705,0.18,2.898885
63926388310.4415,1,0,0,0,0,0,90,0,0,0,0,0,27.56392,0,0,0,-1.998705,0.18,2.898885
63926388310.7169,1,0,0,0,0,0,90,0,0,0,0,0,27.84298,0,0,0,-0.6527451,0.18,2.898885
63926388311.0129,1,0,0,0,0,0,90,0,0,0,0,0,28.13862,0,0,0,0.6932145,0.18,2.898885
63926388311.2948,1,0,0,0,0,0,90,0,0,0,0,0,28.42062,0,0,0,0.6932145,0.18,2.898885
63926388311.5887,1,0,0,0,0,0,90,0,0,0,0,0,28.71442,0,0,0,-0.2585226,0.18,3.850622
63926388311.8782,1,0,0,0,0,0,90,0,0,0,0,0,29.00347,0,0,0,-0.2585226,0.18,3.850622
63926388312.1513,1,0,0,0,0,0,90,0,0,0,0,0,29.27796,0,0,0,0.6252333,0.1800001,2.966866
63926388312.4314,1,0,0,0,0,0,90,0,0,0,0,0,29.55761,0,0,0,0.6252333,0.1799999,2.966866
63926388312.7046,1,0,0,0,0,0,90,0,0,0,0,0,29.83087,0,0,0,0.6252333,0.1799999,4.312826
63926388312.9828,1,0,0,0,0,0,90,0,0,0,0,0,30.10875,0,0,0,0.6252333,0.1799999,4.312826
63926388313.2446,1,0,0,0,0,0,90,0,0,0,0,0,30.37035,0,0,0,0.6252333,0.1799999,3.063006
63926388313.5278,1,0,0,0,0,0,90,0,0,0,0,0,30.65289,0,0,0,-0.7207263,0.1799999,3.063006
63926388313.7929,1,0,0,0,0,0,90,0,0,0,0,0,30.91973,0,0,0,-0.7207263,0.1799999,3.063006
63926388314.0823,1,0,0,0,0,0,90,0,0,0,0,0,31.20838,0,0,0,0.7213733,0.1799999,3.063006
63926388314.353,1,0,0,0,0,0,90,0,0,0,0,0,31.47976,0,0,0,0.7213733,0.1799999,3.063006
63926388314.6477,1,0,0,0,0,0,90,0,0,0,0,0,31.77282,0,0,0,-0.7207263,0.1799999,3.063006
63926388314.9267,1,0,0,0,0,0,90,0,0,0,0,0,32.05182,0,0,0,-0.7207263,0.1799999,3.063006
63926388315.2228,1,0,0,0,0,0,90,0,0,0,0,0,32.34942,0,0,0,-0.7207263,0.1799999,3.063006
63926388315.5082,1,0,0,0,0,0,90,0,0,0,0,0,32.63378,0,0,0,0.6252333,0.1799999,3.063006
63926388315.8083,1,0,0,0,0,0,90,0,0,0,0,0,32.93419,0,0,0,0.6252333,0.1799999,3.063006
63926388316.1,1,0,0,0,0,0,90,0,0,0,0,0,33.22601,0,0,0,-0.8168662,0.1799999,3.063006
63926388316.3911,1,0,0,0,0,0,90,0,0,0,0,0,33.51679,0,0,0,-0.8168662,0.1799999,1.717046
63926388316.6861,1,0,0,0,0,0,90,0,0,0,0,0,33.81168,0,0,0,-0.8168662,0.1799999,1.717046
63926388316.9828,1,0,0,0,0,0,90,0,0,0,0,0,34.10921,0,0,0,0.2028521,0.1799999,2.736765
63926388317.2869,1,0,0,0,0,0,90,0,0,0,0,0,34.41326,0,0,0,-0.8168662,0.1799999,3.756483
63926388317.5577,1,0,0,0,0,0,90,0,0,0,0,0,34.68443,0,0,0,-0.8168662,0.1799999,3.756483
63926388317.8518,1,0,0,0,0,0,90,0,0,0,0,0,34.97836,0,0,0,-0.8168662,0.1799999,3.756483
63926388318.1604,1,0,0,0,0,0,90,0,0,0,0,0,35.28598,0,0,0,-0.8168662,0.18,5.294723
63926388318.4485,1,0,0,0,0,0,90,0,0,0,0,0,35.57428,0,0,0,-0.5194532,0.1800001,6.191188
63926388318.7405,1,0,0,0,0,0,90,0,0,0,0,0,35.86465,0,0,0,-0.2116315,0.1800001,6.347564
63926388319.0662,1,0,0,0,0,0,90,0,0,0,0,0,36.19194,0,0,0,-0.5753952,0.18,5.446292
63926388319.3562,1,0,0,0,0,0,90,0,0,0,0,0,36.4818,0,0,0,-0.5753952,0.1799999,5.446292
63926388319.637,1,0,0,0,0,0,90,0,0,0,0,0,36.76183,0,0,0,-0.5753952,0.1799999,2.949698
63926388319.9229,1,0,0,0,0,0,90,0,0,0,0,0,37.04893,0,0,0,0.7705644,0.1799999,2.579072
63926388320.2128,1,0,0,0,0,0,90,0,0,0,0,0,37.33871,0,0,0,0.7705644,0.1799999,3.925031
63926388320.517,1,0,0,0,0,0,90,0,0,0,0,0,37.64162,0,0,0,0.7705644,0.1799999,3.925031
63926388320.8141,1,0,0,0,0,0,90,0,0,0,0,0,37.93962,0,0,0,-0.1811727,0.1799999,2.973294
63926388321.0947,1,0,0,0,0,0,90,0,0,0,0,0,38.2202,0,0,0,-0.1811727,0.1799999,2.973294
63926388321.3701,1,0,0,0,0,0,90,0,0,0,0,0,38.49625,0,0,0,-0.1811727,0.1799999,2.973294
63926388321.6491,1,0,0,0,0,0,90,0,0,0,0,0,38.77566,0,0,0,-0.1811727,0.1799999,2.973294
63926388321.9293,1,0,0,0,0,0,90,0,0,0,0,0,39.05563,0,0,0,-0.1811727,0.1799999,2.973294
63926388322.2231,1,0,0,0,0,0,90,0,0,0,0,0,39.34837,0,0,0,-0.1811727,0.1799999,2.973294
63926388322.4982,1,0,0,0,0,0,90,0,0,0,0,0,39.62484,0,0,0,-0.1811727,0.1799999,2.973294
63926388322.7819,1,0,0,0,0,0,90,0,0,0,0,0,39.90765,0,0,0,-0.1811727,0.1799999,2.973294
63926388323.0826,1,0,0,0,0,0,90,0,0,0,0,0,40.20883,0,0,0,-0.1811727,0.1799999,2.973294
63926388323.3778,1,0,0,0,0,0,90,0,0,0,0,0,40.5037,0,0,0,-0.1811727,0.1799999,2.973294
63926388323.6474,1,0,0,0,0,0,90,0,0,0,0,0,40.77396,0,0,0,-0.1811727,0.1799999,2.973294
63926388323.9195,1,0,0,0,0,0,90,0,0,0,0,0,41.04446,0,0,0,-0.1811727,0.1799999,2.973294
63926388324.2041,1,0,0,0,0,0,90,0,0,0,0,0,41.32938,0,0,0,-0.1811727,0.1799999,2.973294
63926388324.489,1,0,0,0,0,0,90,0,0,0,0,0,41.6152,0,0,0,-0.1811727,0.1799999,2.973294
63926388324.7522,1,0,0,0,0,0,90,0,0,0,0,0,41.87838,0,0,0,-0.1811727,0.1799999,2.973294
63926388325.0237,1,0,0,0,0,0,90,0,0,0,0,0,42.14922,0,0,0,1.164787,0.1799999,2.973294
63926388325.3025,1,0,0,0,0,0,90,0,0,0,0,0,42.42925,0,0,0,1.164787,0.1799999,2.973294
63926388325.5604,1,0,0,0,0,0,90,0,0,0,0,0,42.68701,0,0,0,-0.08503275,0.1799999,2.973294
63926388325.8469,1,0,0,0,0,0,90,0,0,0,0,0,42.97202,0,0,0,-0.08503275,0.1799999,4.319253
63926388326.1272,1,0,0,0,0,0,90,0,0,0,0,0,43.25281,0,0,0,-0.08503275,0.1799999,4.319253
63926388326.4067,1,0,0,0,0,0,90,0,0,0,0,0,43.5317,0,0,0,-0.08503275,0.1799999,2.973294
63926388326.6823,1,0,0,0,0,0,90,0,0,0,0,0,43.80823,0,0,0,-0.08503275,0.1799999,2.973294
63926388326.9702,1,0,0,0,0,0,90,0,0,0,0,0,44.09584,0,0,0,-1.430992,0.1799999,2.973294
63926388327.2693,1,0,0,0,0,0,90,0,0,0,0,0,44.39488,0,0,0,-1.430992,0.1799999,4.415393
63926388327.5384,1,0,0,0,0,0,90,0,0,0,0,0,44.66414,0,0,0,-1.440304,0.18,6.409024
63926388327.8225,1,0,0,0,0,0,90,0,0,0,0,0,44.94786,0,0,0,-1.440304,0.1799999,6.409024
63926388328.1213,1,0,0,0,0,0,90,0,0,0,0,0,45.2457,0,0,0,-0.4205857,0.18,5.389306
63926388328.3904,1,0,0,0,0,0,90,0,0,0,0,0,45.51617,0,0,0,-0.4205857,0.1799999,4.139486
63926388328.6588,1,0,0,0,0,0,90,0,0,0,0,0,45.78282,0,0,0,0.5311514,0.1799999,3.187749
63926388328.9696,1,0,0,0,0,0,90,0,0,0,0,0,46.09401,0,0,0,0.5311514,0.1799999,3.187749
63926388329.255,1,0,0,0,0,0,90,0,0,0,0,0,46.38082,0,0,0,-0.9109481,0.1799999,3.187749
63926388329.5357,1,0,0,0,0,0,90,0,0,0,0,0,46.66079,0,0,0,-0.9109481,0.1799999,3.187749
63926388329.8168,1,0,0,0,0,0,90,0,0,0,0,0,46.94262,0,0,0,-0.9109481,0.1799999,3.187749
63926388330.0922,1,0,0,0,0,0,90,0,0,0,0,0,47.21865,0,0,0,-0.9109481,0.1799999,3.187749
63926388330.4128,1,0,0,0,0,0,90,0,0,0,0,0,47.53809,0,0,0,-0.9109481,0.1799999,3.187749
63926388330.6955,1,0,0,0,0,0,90,0,0,0,0,0,47.82017,0,0,0,-0.9109481,0.1799999,3.187749
63926388330.9876,1,0,0,0,0,0,90,0,0,0,0,0,48.1028,0,0,0,0.4350115,0.1799999,3.187749
63926388331.2628,1,0,0,0,0,0,90,0,0,0,0,0,48.38912,0,0,0,0.4350115,0.1799999,3.187749
63926388331.5342,1,0,0,0,0,0,90,0,0,0,0,0,48.65995,0,0,0,0.4350115,0.1799999,3.187749
63926388331.8196,1,0,0,0,0,0,90,0,0,0,0,0,48.94542,0,0,0,-1.007088,0.1799999,3.187749
63926388332.0882,1,0,0,0,0,0,90,0,0,0,0,0,49.21465,0,0,0,-1.007088,0.1799999,3.187749
63926388332.3992,1,0,0,0,0,0,90,0,0,0,0,0,49.5244,0,0,0,-1.007088,0.1799999,3.187749
63926388332.6987,1,0,0,0,0,0,90,0,0,0,0,0,49.82441,0,0,0,0.4350115,0.1799999,3.187749
63926388332.986,1,0,0,0,0,0,90,0,0,0,0,0,50.11188,0,0,0,0.4350115,0.1799999,3.187749
63926388333.2987,1,0,0,0,0,0,90,0,0,0,0,0,50.4243,0,0,0,-1.103228,0.1799999,3.187749
63926388333.5933,1,0,0,0,0,0,90,0,0,0,0,0,50.71942,0,0,0,-1.103228,0.1799999,3.187749
63926388333.8952,1,0,0,0,0,0,90,0,0,0,0,0,51.01911,0,0,0,0.3388715,0.1799999,3.187749
63926388334.1853,1,0,0,0,0,0,90,0,0,0,0,0,51.31108,0,0,0,0.3388715,0.1799999,3.187749
63926388334.4647,1,0,0,0,0,0,90,0,0,0,0,0,51.58984,0,0,0,0.3388715,0.1799999,3.187749
63926388334.7441,1,0,0,0,0,0,90,0,0,0,0,0,51.86951,0,0,0,-1.007088,0.1799999,3.187749
63926388335.0444,1,0,0,0,0,0,90,0,0,0,0,0,52.16799,0,0,0,-1.007088,0.1799999,3.187749
63926388335.3375,1,0,0,0,0,0,90,0,0,0,0,0,52.4628,0,0,0,0.4350115,0.1799999,3.187749
63926388335.6339,1,0,0,0,0,0,90,0,0,0,0,0,52.75937,0,0,0,0.4350115,0.1799999,3.187749
63926388335.9273,1,0,0,0,0,0,90,0,0,0,0,0,53.05273,0,0,0,0.4350115,0.1799999,3.187749
63926388336.1962,1,0,0,0,0,0,90,0,0,0,0,0,53.32183,0,0,0,-0.9109481,0.1799999,3.187749
63926388336.4752,1,0,0,0,0,0,90,0,0,0,0,0,53.6006,0,0,0,-0.9109481,0.1799999,3.187749
63926388336.7458,1,0,0,0,0,0,90,0,0,0,0,0,53.87152,0,0,0,-0.9109481,0.1799999,3.187749
63926388337.0293,1,0,0,0,0,0,90,0,0,0,0,0,54.15422,0,0,0,-0.9109481,0.1799999,3.187749
63926388337.33,1,0,0,0,0,0,90,0,0,0,0,0,54.45578,0,0,0,-0.9109481,0.1799999,3.187749
63926388337.6309,1,0,0,0,0,0,90,0,0,0,0,0,54.75621,0,0,0,-0.9109481,0.1799999,3.187749
63926388337.9016,1,0,0,0,0,0,90,0,0,0,0,0,55.02748,0,0,0,0.4350115,0.1799999,3.187749
63926388338.1862,1,0,0,0,0,0,90,0,0,0,0,0,55.3131,0,0,0,0.4350115,0.1799999,3.187749
63926388338.4729,1,0,0,0,0,0,90,0,0,0,0,0,55.594,0,0,0,0.4350115,0.1799999,3.187749
63926388338.7433,1,0,0,0,0,0,90,0,0,0,0,0,55.8688,0,0,0,0.4350115,0.1799999,3.187749
63926388339.0205,1,0,0,0,0,0,90,0,0,0,0,0,56.14553,0,0,0,0.4350115,0.1799999,3.187749
63926388339.3021,1,0,0,0,0,0,90,0,0,0,0,0,56.42814,0,0,0,0.4350115,0.1799999,3.187749
63926388339.6122,1,0,0,0,0,0,90,0,0,0,0,0,56.73736,0,0,0,-1.007088,0.1799999,3.187749
63926388339.9137,1,0,0,0,0,0,90,0,0,0,0,0,57.03922,0,0,0,-1.007088,0.1799999,3.187749
63926388340.1942,1,0,0,0,0,0,90,0,0,0,0,0,57.31988,0,0,0,-1.007088,0.1799999,3.187749
63926388340.4907,1,0,0,0,0,0,90,0,0,0,0,0,57.61483,0,0,0,0.4350115,0.1799999,3.187749
63926388340.7787,1,0,0,0,0,0,90,0,0,0,0,0,57.90454,0,0,0,0.4350115,0.1799999,3.187749
63926388341.0704,1,0,0,0,0,0,90,0,0,0,0,0,58.19593,0,0,0,0.4350115,0.1799999,3.187749
63926388341.3476,1,0,0,0,0,0,90,0,0,0,0,0,58.47322,0,0,0,0.4350115,0.1799999,3.187749
63926388341.6288,1,0,0,0,0,0,90,0,0,0,0,0,58.75488,0,0,0,-0.9109481,0.1799999,3.187749
63926388341.9187,1,0,0,0,0,0,90,0,0,0,0,0,59.04439,0,0,0,-0.9109481,0.1799999,3.187749
63926388342.1976,1,0,0,0,0,0,90,0,0,0,0,0,59.32253,0,0,0,-0.9109481,0.1799999,3.187749
63926388342.462,1,0,0,0,0,0,90,0,0,0,0,0,59.58804,0,0,0,0.3388715,0.1799999,3.187749
63926388342.7497,1,0,0,0,0,0,90,0,0,0,0,0,59.87488,0,0,0,0.3388715,0.1799999,3.187749
63926388343.031,1,0,0,0,0,0,90,0,0,0,0,0,60.1566,0,0,0,1.684831,0.1799999,3.187749
63926388343.3199,1,0,0,0,0,0,90,0,0,0,0,0,60.44326,0,0,0,1.684831,0.1799999,3.187749
63926388343.6023,1,0,0,0,0,0,90,0,0,0,0,0,60.72718,0,0,0,1.684831,0.1799999,1.841789
63926388343.8856,1,0,0,0,0,0,90,0,0,0,0,0,61.01212,0,0,0,1.684831,0.1799999,1.841789
63926388344.1592,1,0,0,0,0,0,90,0,0,0,0,0,61.28424,0,0,0,1.684831,0.1799999,3.187749
63926388344.4423,1,0,0,0,0,0,90,0,0,0,0,0,61.56541,0,0,0,0.3388715,0.1799999,3.187749
63926388344.7206,1,0,0,0,0,0,90,0,0,0,0,0,61.84628,0,0,0,-1.007088,0.1799999,3.187749
63926388345.0088,1,0,0,0,0,0,90,0,0,0,0,0,62.13461,0,0,0,-1.007088,0.1799999,3.187749
63926388345.2828,1,0,0,0,0,0,90,0,0,0,0,0,62.40845,0,0,0,-1.007088,0.1799999,3.187749
63926388345.5567,1,0,0,0,0,0,90,0,0,0,0,0,62.68199,0,0,0,0.3388715,0.1799999,3.187749
63926388345.8471,1,0,0,0,0,0,90,0,0,0,0,0,62.97211,0,0,0,0.3388715,0.1799999,3.187749
63926388346.1113,1,0,0,0,0,0,90,0,0,0,0,0,63.23716,0,0,0,0.3388715,0.1799999,3.187749
63926388346.4023,1,0,0,0,0,0,90,0,0,0,0,0,63.52714,0,0,0,-1.103228,0.1799999,3.187749
63926388346.6727,1,0,0,0,0,0,90,0,0,0,0,0,63.79813,0,0,0,-1.103228,0.1799999,3.187749
63926388346.963,1,0,0,0,0,0,90,0,0,0,0,0,64.08836,0,0,0,0.3388715,0.1799999,3.187749
63926388347.2466,1,0,0,0,0,0,90,0,0,0,0,0,64.3723,0,0,0,0.3388715,0.1799999,3.187749
63926388347.5331,1,0,0,0,0,0,90,0,0,0,0,0,64.65907,0,0,0,0.3388715,0.1799999,3.187749
63926388347.8185,1,0,0,0,0,0,90,0,0,0,0,0,64.94215,0,0,0,1.780971,0.1799999,3.187749
63926388348.0876,1,0,0,0,0,0,90,0,0,0,0,0,65.21352,0,0,0,1.780971,0.1799999,3.187749
63926388348.3676,1,0,0,0,0,0,90,0,0,0,0,0,65.49186,0,0,0,0.4350115,0.1799999,3.187749
63926388348.6455,1,0,0,0,0,0,90,0,0,0,0,0,65.77097,0,0,0,-0.9109481,0.1799999,3.187749
63926388348.9499,1,0,0,0,0,0,90,0,0,0,0,0,66.07564,0,0,0,-0.9109481,0.1799999,3.187749
63926388349.2271,1,0,0,0,0,0,90,0,0,0,0,0,66.3525,0,0,0,0.4350115,0.1799999,3.187749
63926388349.5057,1,0,0,0,0,0,90,0,0,0,0,0,66.6309,0,0,0,0.4350115,0.1799999,3.187749
63926388349.7766,1,0,0,0,0,0,90,0,0,0,0,0,66.90205,0,0,0,0.4350115,0.1799999,3.187749
63926388350.0621,1,0,0,0,0,0,90,0,0,0,0,0,67.18524,0,0,0,0.4350115,0.1799999,3.187749
63926388350.357,1,0,0,0,0,0,90,0,0,0,0,0,67.48167,0,0,0,-1.007088,0.1799999,3.187749
63926388350.6562,1,0,0,0,0,0,90,0,0,0,0,0,67.78096,0,0,0,-1.007088,0.1799999,3.187749
63926388350.9615,1,0,0,0,0,0,90,0,0,0,0,0,68.08568,0,0,0,-1.007088,0.1799999,3.187749
63926388351.258,1,0,0,0,0,0,90,0,0,0,0,0,68.38308,0,0,0,0.4350115,0.1799999,3.187749
63926388351.5841,1,0,0,0,0,0,90,0,0,0,0,0,68.70982,0,0,0,0.4350115,0.1799999,3.187749
63926388351.8763,1,0,0,0,0,0,90,0,0,0,0,0,69.00204,0,0,0,0.4350115,0.1799999,3.187749
63926388352.1719,1,0,0,0,0,0,90,0,0,0,0,0,69.29267,0,0,0,0.4350115,0.1799999,3.187749
63926388352.4795,1,0,0,0,0,0,90,0,0,0,0,0,69.60533,0,0,0,0.4350115,0.1799999,3.187749
63926388352.7759,1,0,0,0,0,0,90,0,0,0,0,0,69.90156,0,0,0,1.45473,0.1799999,4.207468
63926388353.0667,1,0,0,0,0,0,90,0,0,0,0,0,70.19197,0,0,0,1.45473,0.1799999,4.207468
63926388353.3515,1,0,0,0,0,0,90,0,0,0,0,0,70.47708,0,0,0,1.45473,0.1799999,2.861508
63926388353.6451,1,0,0,0,0,0,90,0,0,0,0,0,70.77007,0,0,0,0.01263027,0.1799999,2.861508
63926388353.9316,1,0,0,0,0,0,90,0,0,0,0,0,71.0577,0,0,0,-1.333329,0.1799999,2.861508
63926388354.2069,1,0,0,0,0,0,90,0,0,0,0,0,71.33247,0,0,0,-1.333329,0.1799999,2.861508
63926388354.489,1,0,0,0,0,0,90,0,0,0,0,0,71.61332,0,0,0,0.01263027,0.1799999,2.861508
63926388354.7782,1,0,0,0,0,0,90,0,0,0,0,0,71.90263,0,0,0,1.032349,0.1799999,3.881226
63926388355.0661,1,0,0,0,0,0,90,0,0,0,0,0,72.19148,0,0,0,1.032349,0.1799999,3.881226
63926388355.3446,1,0,0,0,0,0,90,0,0,0,0,0,72.46877,0,0,0,0.08061149,0.1799999,2.929489
63926388355.6336,1,0,0,0,0,0,90,0,0,0,0,0,72.75816,0,0,0,-0.8711256,0.1799999,3.881226
63926388355.9095,1,0,0,0,0,0,90,0,0,0,0,0,73.03454,0,0,0,-0.8711256,0.1799999,3.881226
63926388356.1763,1,0,0,0,0,0,90,0,0,0,0,0,73.30073,0,0,0,0.08061149,0.1799999,2.929489
63926388356.4714,1,0,0,0,0,0,90,0,0,0,0,0,73.59606,0,0,0,0.08061149,0.1799999,2.929489
63926388356.7563,1,0,0,0,0,0,90,0,0,0,0,0,73.88153,0,0,0,0.08061149,0.1799999,2.929489
63926388357.0435,1,0,0,0,0,0,90,0,0,0,0,0,74.16884,0,0,0,0.08061149,0.1799999,2.929489
63926388357.3076,1,0,0,0,0,0,90,0,0,0,0,0,74.43349,0,0,0,0.08061149,0.1799999,2.929489
63926388357.603,1,0,0,0,0,0,90,0,0,0,0,0,74.72827,0,0,0,0.08061149,0.1799999,2.929489
63926388357.8955,1,0,0,0,0,0,90,0,0,0,0,0,75.02015,0,0,0,-1.361488,0.1799999,2.929489
63926388358.1775,1,0,0,0,0,0,90,0,0,0,0,0,75.30196,0,0,0,-1.361488,0.1799999,2.929489
63926388358.4372,1,0,0,0,0,0,90,0,0,0,0,0,75.56226,0,0,0,-0.1116684,0.1799999,2.929489
63926388358.7213,1,0,0,0,0,0,90,0,0,0,0,0,75.84459,0,0,0,-0.1116684,0.1799999,2.929489
63926388359.0121,1,0,0,0,0,0,90,0,0,0,0,0,76.13617,0,0,0,-1.457628,0.1799999,2.929489
63926388359.2971,1,0,0,0,0,0,90,0,0,0,0,0,76.42195,0,0,0,-1.457628,0.1799999,2.929489
63926388359.5836,1,0,0,0,0,0,90,0,0,0,0,0,76.70929,0,0,0,-0.1116684,0.1799999,2.929489
63926388359.8947,1,0,0,0,0,0,90,0,0,0,0,0,77.01967,0,0,0,0.9080499,0.1799999,3.949207
63926388360.1968,1,0,0,0,0,0,90,0,0,0,0,0,77.3213,0,0,0,0.9080499,0.1799999,3.949207
63926388360.4763,1,0,0,0,0,0,90,0,0,0,0,0,77.60172,0,0,0,-0.04368722,0.1799999,2.99747
63926388360.761,1,0,0,0,0,0,90,0,0,0,0,0,77.88518,0,0,0,-1.389647,0.1799999,2.99747
63926388361.0479,1,0,0,0,0,0,90,0,0,0,0,0,78.17233,0,0,0,-1.389647,0.1799999,2.99747
63926388361.3132,1,0,0,0,0,0,90,0,0,0,0,0,78.43852,0,0,0,-0.1398272,0.1799999,2.99747
63926388361.5955,1,0,0,0,0,0,90,0,0,0,0,0,78.72071,0,0,0,1.302272,0.1799999,2.99747
63926388361.8877,1,0,0,0,0,0,90,0,0,0,0,0,79.01194,0,0,0,1.302272,0.1799999,2.99747
63926388362.1772,1,0,0,0,0,0,90,0,0,0,0,0,79.30206,0,0,0,-0.1398272,0.1799999,2.99747
63926388362.4451,1,0,0,0,0,0,90,0,0,0,0,0,79.57076,0,0,0,-0.1398272,0.1799999,2.99747
63926388362.721,1,0,0,0,0,0,90,0,0,0,0,0,79.84503,0,0,0,-0.1398272,0.1799999,2.99747
63926388362.9849,1,0,0,0,0,0,90,0,0,0,0,0,80.10972,0,0,0,-0.1398272,0.1799999,2.99747
63926388363.2614,1,0,0,0,0,0,90,0,0,0,0,0,80.38531,0,0,0,-0.1398272,0.1799999,2.99747
63926388363.5399,1,0,0,0,0,0,90,0,0,0,0,0,80.66486,0,0,0,-0.1398272,0.1799999,2.99747
63926388363.8148,1,0,0,0,0,0,90,0,0,0,0,0,80.94038,0,0,0,-0.1398272,0.1799999,2.99747
63926388364.1031,1,0,0,0,0,0,90,0,0,0,0,0,81.22837,0,0,0,-0.1398272,0.1799999,2.99747
63926388364.3753,1,0,0,0,0,0,90,0,0,0,0,0,81.50065,0,0,0,-0.1398272,0.1799999,2.99747
63926388364.6494,1,0,0,0,0,0,90,0,0,0,0,0,81.77535,0,0,0,-0.1398272,0.1799999,2.99747
63926388364.9346,1,0,0,0,0,0,90,0,0,0,0,0,82.05979,0,0,0,1.206132,0.1799999,2.99747
63926388365.2162,1,0,0,0,0,0,90,0,0,0,0,0,82.34059,0,0,0,1.206132,0.1799999,2.99747
63926388365.4912,1,0,0,0,0,0,90,0,0,0,0,0,82.61639,0,0,0,1.206132,0.1799999,2.99747
63926388365.7636,1,0,0,0,0,0,90,0,0,0,0,0,82.88821,0,0,0,1.206132,0.1799999,2.99747
63926388366.0413,1,0,0,0,0,0,90,0,0,0,0,0,83.16572,0,0,0,1.206132,0.1799999,2.99747
63926388366.3206,1,0,0,0,0,0,90,0,0,0,0,0,83.44443,0,0,0,-0.1398272,0.1799999,2.99747
63926388366.623,1,0,0,0,0,0,90,0,0,0,0,0,83.74751,0,0,0,-0.1398272,0.1799999,2.99747
63926388366.9032,1,0,0,0,0,0,90,0,0,0,0,0,84.02581,0,0,0,-1.485787,0.1799999,2.99747
63926388367.1901,1,0,0,0,0,0,90,0,0,0,0,0,84.31425,0,0,0,-1.485787,0.1799999,2.99747
63926388367.5221,1,0,0,0,0,0,90,0,0,0,0,0,84.64516,0,0,0,0.1485927,0.1799999,2.99747
63926388367.8228,1,0,0,0,0,0,90,0,0,0,0,0,84.94801,0,0,0,0.1485927,0.1799999,2.99747
63926388368.1191,1,0,0,0,0,0,90,0,0,0,0,0,85.24451,0,0,0,0.1485927,0.1799999,2.99747
63926388368.4054,1,0,0,0,0,0,90,0,0,0,0,0,85.53001,0,0,0,0.1485927,0.1799999,2.99747
63926388368.6979,1,0,0,0,0,0,90,0,0,0,0,0,85.82291,0,0,0,0.1485927,0.1799999,2.99747
63926388368.9783,1,0,0,0,0,0,90,0,0,0,0,0,86.10242,0,0,0,-1.197367,0.1799999,2.99747
63926388369.2682,1,0,0,0,0,0,90,0,0,0,0,0,86.39417,0,0,0,-1.197367,0.1799999,2.99747
63926388369.5519,1,0,0,0,0,0,90,0,0,0,0,0,86.67661,0,0,0,-1.197367,0.1799999,2.99747
63926388369.853,1,0,0,0,0,0,90,0,0,0,0,0,86.97758,0,0,0,0.2447327,0.1799999,2.99747
63926388370.1655,1,0,0,0,0,0,90,0,0,0,0,0,87.2883,0,0,0,1.332432,0.1799999,4.08517
63926388370.5206,1,0,0,0,0,0,90,0,0,0,0,0,87.62164,0,0,0,1.332432,0.1799999,4.08517
63926388370.8025,1,0,0,0,0,0,90,0,0,0,0,0,87.90299,0,0,0,0.3806951,0.1799999,3.133433
63926388371.0839,1,0,0,0,0,0,90,0,0,0,0,0,88.18524,0,0,0,-0.9652644,0.1799999,3.133433
63926388371.3789,1,0,0,0,0,0,90,0,0,0,0,0,88.47819,0,0,0,-0.9652644,0.1799999,3.133433
63926388371.6372,1,0,0,0,0,0,90,0,0,0,0,0,88.7375,0,0,0,-0.9652644,0.1799999,3.133433
63926388371.9238,1,0,0,0,0,0,90,0,0,0,0,0,89.02383,0,0,0,0.4768351,0.1799999,3.133433
63926388372.193,1,0,0,0,0,0,90,0,0,0,0,0,89.29456,0,0,0,0.4768351,0.1799999,3.133433
63926388372.4835,1,0,0,0,0,0,90,0,0,0,0,0,89.58388,0,0,0,0.4768351,0.1799999,3.133433
63926388372.7892,1,0,0,0,0,0,90,0,0,0,0,0,89.88968,0,0,0,0.4768351,0.1799999,3.133433
63926388373.0699,1,0,0,0,0,0,90,0,0,0,0,0,90.17142,0,0,0,0.4768351,0.1799999,3.133433
63926388373.3597,1,0,0,0,0,0,90,0,0,0,0,0,90.46136,0,0,0,0.4768351,0.1799999,3.133433
63926388373.6489,1,0,0,0,0,0,90,0,0,0,0,0,90.74998,0,0,0,-0.8691245,0.1799999,3.133433
63926388373.9543,1,0,0,0,0,0,90,0,0,0,0,0,91.05464,0,0,0,-0.8691245,0.1799999,3.133433
63926388374.247,1,0,0,0,0,0,90,0,0,0,0,0,91.34824,0,0,0,-0.8691245,0.1799999,3.133433
63926388374.5435,1,0,1,1,0,1,89.72005,0,0,0,0,0,91.63543,0,0,0,1.05754,0.1799999,-2.5
63926388374.8263,1,0,1,1,0,1,89.4201,0,0,0,0,0,91.9256,1,1364,1024,1.05754,0.18,-1.0579
63926388375.1729,1,0,1,1,0,1,89.10015,0,0,0,0,0,92.25893,2,1364,1024,1.05754,0.18,0.480339
63926388375.4655,1,0,1,1,0,1,88.8002,0,0,0,0,0,92.54732,3,1364,1024,1.05754,0.18,1.922439
63926388375.749,1,0,1,1,0,1,88.52025,0,0,0,0,0,92.83337,4,1364,1024,0.1058026,0.18,2.874176
63926388376.0438,1,0,1,1,0,1,88.2203,0,0,0,0,0,93.12293,5,1364,1024,0.1058026,0.1799999,2.874176
63926388376.3305,1,0,1,1,0,1,87.94035,0,0,0,0,0,93.41371,6,1364,1024,0.1058026,0.1799999,2.874176
63926388376.6541,1,0,1,1,0,1,87.6204,0,0,0,0,0,93.7398,7,1364,1024,0.1058026,0.1799999,2.874176
63926388376.9395,1,0,1,1,0,1,87.32045,0,0,0,0,0,94.02357,8,1364,1024,0.1058026,0.18,1.432076
63926388377.2129,1,0,1,1,0,1,87.06049,0,0,0,0,0,94.29803,9,1364,1024,-1.219831,0.18,0.1064423
63926388377.4995,1,0,1,1,0,1,86.76054,0,0,0,0,0,94.5827,10,1364,1024,-1.219831,0.1799999,0.1064423
63926388377.781,1,0,1,1,0,1,86.48059,0,0,0,0,0,94.86784,11,1364,1024,-1.219831,0.1799999,0.1064423
63926388378.0766,1,0,1,1,0,1,86.18064,0,0,0,0,0,95.1628,12,1364,1024,-2.23955,0.18,-0.913276
63926388378.3677,1,0,1,1,0,1,85.90069,0,0,0,0,0,95.45354,13,1364,1024,-2.23955,0.18,-2.259236
63926388378.6847,1,0,1,1,0,1,85.58074,0,0,0,0,0,95.7682,14,1364,1024,-2.23955,0.18,-2.259236
63926388379.3239,1,0,1,1,0,1,85.2408,0,0,0,0,0,96.10153,15,1364,1024,-3.39523,0.18,-1.103555
63926388379.6161,1,0,1,1,0,1,84.96085,0,0,0,0,0,96.39468,16,1364,1024,-3.39523,0.18,-1.103555
63926388379.9177,1,0,1,1,0,1,84.6609,0,0,0,0,0,96.69477,17,1364,1024,-2.375512,0.18,-2.123273
63926388380.2159,1,0,1,1,0,1,84.36095,0,0,0,0,0,96.9905,18,1364,1024,-1.355794,0.18,-1.103555
63926388380.5145,1,0,1,1,0,1,84.061,0,0,0,0,0,97.29324,19,1364,1024,0.8073554,0.18,-1.103555
63926388380.8673,1,0,1,1,0,1,83.72105,0,0,0,0,0,97.62658,20,1364,1024,4.230114,0.18,-1.103555
63926388381.1651,1,0,1,1,0,1,83.70106,0,0,0,0,0,97.64173,21,1364,1024,4.332086,0.18,-1.001583
63926388381.6043,1,0,1,1,0,1,83.38111,0,0,0,0,0,97.97507,22,1364,1024,4.332086,0.18,-1.001583
63926388381.9085,1,0,1,1,0,1,83.08116,0,0,0,0,0,98.27968,23,1364,1024,3.312368,0.18,-2.021301
63926388382.1976,1,0,1,1,0,1,82.78121,0,0,0,0,0,98.56953,24,1364,1024,3.312368,0.18,-2.021301
63926388382.5358,1,0,1,1,0,1,82.44127,0,0,0,0,0,98.90285,25,1364,1024,2.156687,0.18,-0.8656206
63926388382.823,1,0,1,1,0,1,82.44127,0,0,0,0,0,98.91751,26,1364,1024,2.156687,0.18,-0.8656206
63926388383.1144,1,0,1,1,0,1,82.14132,0,0,0,0,0,99.20279,27,1364,1024,2.156687,0.18,-0.8656206
63926388383.3989,1,0,1,1,0,1,81.86137,0,0,0,0,0,99.48977,28,1364,1024,2.156687,0.18,-0.8656206
63926388383.7033,1,0,1,1,0,1,81.56142,0,0,0,0,0,99.79337,29,1364,1024,2.156687,0.18,-0.8656206
63926388384.0003,1,0,1,1,0,1,81.26147,0,0,0,0,0,100.0897,30,1364,1024,1.136969,0.18,-1.885339
63926388384.3133,1,0,1,1,0,1,80.94152,0,0,0,0,0,100.4041,31,1364,1024,0.04926934,0.18,-2.973038
63926388384.576,1,0,1,1,0,1,80.68156,0,0,0,0,0,100.6624,32,1364,1024,-1.20055,0.18,-2.973038
63926388384.8359,1,0,1,1,0,1,80.42161,0,0,0,0,0,100.9273,33,1364,1024,-1.53753,0.1799999,-2.973038
63926388385.1355,1,0,1,1,0,1,80.12166,0,0,0,0,0,101.2268,34,1364,1024,-1.53753,0.1799999,-2.973038
63926388385.4612,1,0,1,1,0,1,79.80171,0,0,0,0,0,101.5518,35,1364,1024,-1.53753,0.18,-1.434799
63926388385.7311,1,0,1,1,0,1,79.52176,0,0,0,0,0,101.8224,36,1364,1024,-1.53753,0.1799999,-1.434799
63926388386.0208,1,0,1,1,0,1,79.24181,0,0,0,0,0,102.1106,37,1364,1024,-0.5857931,0.1799999,-2.386536
63926388386.3321,1,0,1,1,0,1,78.94186,0,0,0,0,0,102.4182,38,1364,1024,0.4339252,0.18,-3.406254
63926388386.6306,1,0,1,1,0,1,78.62191,0,0,0,0,0,102.7211,39,1364,1024,0.4339252,0.18,-3.406254
63926388386.9216,1,0,1,1,0,1,78.34196,0,0,0,0,0,103.0107,40,1364,1024,1.385662,0.1800001,-2.454517
63926388387.2084,1,0,1,1,0,1,78.062,0,0,0,0,0,103.2992,41,1364,1024,1.385662,0.1799999,-2.454517
63926388387.5033,1,0,1,1,0,1,77.76205,0,0,0,0,0,103.5937,42,1364,1024,1.385662,0.1799999,-2.454517
63926388387.8055,1,0,1,1,0,1,77.4621,0,0,0,0,0,103.8964,43,1364,1024,1.385662,0.1799999,-2.454517
63926388388.0917,1,0,1,1,0,1,77.16216,0,0,0,0,0,104.1827,44,1364,1024,1.385662,0.1799999,-2.454517
63926388388.3896,1,0,1,1,0,1,76.8822,0,0,0,0,0,104.4799,45,1364,1024,1.385662,0.1799999,-2.454517
63926388388.6773,1,0,1,1,0,1,76.58225,0,0,0,0,0,104.7678,46,1364,1024,1.385662,0.1799999,-2.454517
63926388388.9614,1,0,1,1,0,1,76.3023,0,0,0,0,0,105.0515,47,1364,1024,1.385662,0.1799999,-2.454517
63926388389.282,1,0,1,1,0,1,75.98235,0,0,0,0,0,105.3722,48,1364,1024,1.385662,0.1799999,-2.454517
63926388389.5742,1,0,1,1,0,1,75.6824,0,0,0,0,0,105.6637,49,1364,1024,1.385662,0.1799999,-2.454517
63926388389.86,1,0,1,1,0,1,75.40245,0,0,0,0,0,105.9498,50,1364,1024,1.385662,0.1799999,-2.454517
63926388390.1286,1,0,1,1,0,1,75.38245,0,0,0,0,0,105.9634,51,1364,1024,1.385662,0.1799999,-2.358377
63926388390.4392,1,0,1,1,0,1,75.0825,0,0,0,0,0,106.2696,52,1364,1024,1.385662,0.1799999,-0.9162778
63926388390.7636,1,0,1,1,0,1,74.76256,0,0,0,0,0,106.5913,53,1364,1024,1.385662,0.1799999,0.6219617
63926388391.0614,1,0,1,1,0,1,74.46261,0,0,0,0,0,106.8923,54,1364,1024,0.365944,0.1799999,1.64168
63926388391.3675,1,0,1,1,0,1,74.16266,0,0,0,0,0,107.1978,55,1364,1024,-0.6537743,0.1799999,2.661398
63926388391.6469,1,0,1,1,0,1,73.88271,0,0,0,0,0,107.4768,56,1364,1024,-1.999734,0.18,2.661398
63926388391.9437,1,0,1,1,0,1,73.58276,0,0,0,0,0,107.7749,57,1364,1024,-1.999734,0.1799999,2.661398
63926388392.2318,1,0,1,1,0,1,73.28281,0,0,0,0,0,108.0618,58,1364,1024,-0.5576344,0.18,2.661398
63926388392.5269,1,0,1,1,0,1,73.00285,0,0,0,0,0,108.3465,59,1364,1024,0.3941027,0.18,3.613135
63926388392.8226,1,0,1,1,0,1,72.7029,0,0,0,0,0,108.6531,60,1364,1024,0.3941027,0.1799999,3.613135
63926388393.1933,1,0,1,1,0,1,72.36296,0,0,0,0,0,108.9864,61,1364,1024,0.3941027,0.18,1.978756
63926388393.5082,1,0,1,1,0,1,72.04301,0,0,0,0,0,109.3002,62,1364,1024,0.3941027,0.18,-0.3286031
63926388393.8004,1,0,1,1,0,1,71.76306,0,0,0,0,0,109.5947,63,1364,1024,0.3941027,0.18,-0.3286031
63926388394.0998,1,0,1,1,0,1,71.46311,0,0,0,0,0,109.8934,64,1364,1024,0.3941027,0.18,-0.3286031
63926388394.3822,1,0,1,1,0,1,71.18316,0,0,0,0,0,110.1755,65,1364,1024,0.3941027,0.18,-0.3286031
63926388394.6863,1,0,1,1,0,1,70.88321,0,0,0,0,0,110.4791,66,1364,1024,0.3941027,0.18,-0.3286031
63926388394.9935,1,0,1,1,0,1,70.56326,0,0,0,0,0,110.7868,67,1364,1024,0.3941027,0.18,-0.3286031
63926388395.2986,1,0,1,1,0,1,70.26331,0,0,0,0,0,111.0943,68,1364,1024,0.3941027,0.18,-0.3286031
63926388395.5951,1,0,1,1,0,1,69.96336,0,0,0,0,0,111.3864,69,1364,1024,-0.6256156,0.18,0.6911153
63926388395.8883,1,0,1,1,0,1,69.66341,0,0,0,0,0,111.6809,70,1364,1024,-0.6256156,0.1800001,2.133215
63926388396.1905,1,0,1,1,0,1,69.66341,0,0,0,0,0,111.6964,71,1364,1024,-0.6256156,0.1800001,2.133215
63926388396.4836,1,0,1,1,0,1,69.36346,0,0,0,0,0,111.9841,72,1364,1024,-0.6256156,0.1800001,3.575314
63926388396.813,1,0,1,1,0,1,69.04352,0,0,0,0,0,112.3129,73,1364,1024,-0.6256156,0.1799999,3.575314
63926388397.1319,1,0,1,1,0,1,68.72357,0,0,0,0,0,112.632,74,1364,1024,0.462084,0.1799999,2.487615
63926388397.421,1,0,1,1,0,1,68.42362,0,0,0,0,0,112.922,75,1364,1024,0.462084,0.1799999,2.487615
63926388397.7011,1,0,1,1,0,1,68.14367,0,0,0,0,0,113.2023,76,1364,1024,-0.4896531,0.1799999,3.439352
63926388398.0078,1,0,1,1,0,1,67.84372,0,0,0,0,0,113.5095,77,1364,1024,-1.509371,0.18,2.419634
63926388398.3051,1,0,1,1,0,1,67.54377,0,0,0,0,0,113.8074,78,1364,1024,-1.509371,0.1799999,2.419634
63926388398.5985,1,0,1,1,0,1,67.26382,0,0,0,0,0,114.0979,79,1364,1024,-1.509371,0.18,3.765593
63926388398.8718,1,0,1,1,0,1,66.98386,0,0,0,0,0,114.3738,80,1364,1024,-1.367963,0.1799999,3.494655
63926388399.1716,1,0,1,1,0,1,66.68391,0,0,0,0,0,114.671,81,1364,1024,-1.367963,0.18,2.052556
63926388399.4437,1,0,1,1,0,1,66.40396,0,0,0,0,0,114.9454,82,1364,1024,0.05964272,0.1799999,0.6249502
63926388399.7311,1,0,1,1,0,1,66.12401,0,0,0,0,0,115.2327,83,1364,1024,0.05964272,0.1799999,0.6249502
63926388400.0224,1,0,1,1,0,1,65.82406,0,0,0,0,0,115.5222,84,1364,1024,0.05964272,0.1799999,0.6249502
63926388400.3044,1,0,1,1,0,1,65.54411,0,0,0,0,0,115.8058,85,1364,1024,0.05964272,0.1799999,0.6249502
63926388400.5991,1,0,1,1,0,1,65.24416,0,0,0,0,0,116.1003,86,1364,1024,0.05964272,0.1799999,0.6249502
63926388400.877,1,0,1,1,0,1,64.9842,0,0,0,0,0,116.3783,87,1364,1024,0.05964272,0.1799999,0.6249502
63926388401.1547,1,0,1,1,0,1,64.70425,0,0,0,0,0,116.6562,88,1364,1024,0.05964272,0.1799999,0.6249502
63926388401.439,1,0,1,1,0,1,64.70425,0,0,0,0,1,116.6562,89,1364,1024,0.05964272,0.1799999,0.6249502
63926388401.7397,1,0,1,1,0,1,64.70425,0,0,0,0,1,116.6562,90,1364,1024,0.05964272,0.1799999,0.6249502
63926388402.0361,1,0,1,1,0,1,64.70425,0,0,0,0,1,116.6562,91,1364,1024,0.05964272,0.1799999,0.6249502
63926388402.33,1,0,1,1,0,1,64.70425,0,0,0,0,1,116.6562,92,1364,1024,0.05964272,0.1799999,0.6249502
63926388402.6216,1,0,1,1,0,1,64.70425,0,0,0,0,1,116.6562,93,1364,1024,0.05964272,0.1799999,0.6249502
63926388402.9162,1,0,1,1,0,1,64.70425,0,0,0,0,1,116.6562,94,1364,1024,0.05964272,0.1799999,0.6249502
63926388403.2058,1,0,1,1,0,1,64.70425,0,0,0,0,1,116.6562,95,1364,1024,0.05964272,0.1799999,0.6249502
63926388403.5067,1,0,1,1,0,1,64.70425,0,0,0,0,1,116.6562,96,1364,1024,0.05964272,0.1799999,0.6249502
63926388403.8069,1,0,1,1,0,1,64.70425,0,0,0,0,1,116.6562,97,1364,1024,0.05964272,0.1799999,0.6249502
63926388404.1008,1,0,1,1,0,1,64.70425,0,0,0,0,1,116.6562,98,1364,1024,0.05964272,0.1799999,0.6249502
63926388404.3907,1,0,1,1,0,1,64.70425,0,0,0,0,1,116.6562,99,1364,1024,0.05964272,0.1799999,0.6249502
63926388404.6814,1,0,1,1,0,1,64.70425,0,0,0,0,1,116.6562,100,1364,1024,0.05964272,0.1799999,0.6249502
63926388404.9797,1,0,1,1,0,1,64.70425,0,0,0,0,1,116.6562,101,1364,1024,0.05964272,0.1799999,0.6249502
63926388405.2612,1,0,1,1,0,1,64.70425,0,0,0,0,1,116.6562,102,1364,1024,0.05964272,0.1799999,0.6249502
63926388405.5469,1,0,1,1,0,1,64.70425,0,0,0,0,1,116.6562,103,1364,1024,0.05964272,0.1799999,0.6249502
63926388405.812,1,0,1,1,0,1,64.70425,0,0,0,0,1,116.6562,104,1364,1024,0.05964272,0.1799999,0.6249502
63926388406.1043,1,0,1,1,0,1,64.70425,0,0,0,0,1,116.6562,105,1364,1024,0.05964272,0.1799999,0.6249502
63926388406.4049,1,0,1,1,0,1,64.70425,0,0,0,0,1,116.6562,106,1364,1024,0.05964272,0.1799999,0.6249502
63926388406.711,1,0,1,1,0,1,64.70425,0,0,0,0,1,116.6562,107,1364,1024,0.05964272,0.1799999,0.6249502
63926388407.0046,1,0,1,1,0,1,64.70425,0,0,0,0,1,116.6562,108,1364,1024,0.05964272,0.1799999,0.6249502
63926388407.2866,1,0,1,1,0,1,64.70425,0,0,0,0,1,116.6562,109,1364,1024,0.05964272,0.1799999,0.6249502
63926388407.5793,1,0,1,1,0,1,64.70425,0,0,0,0,1,116.6562,110,1364,1024,0.05964272,0.1799999,0.6249502
63926388407.856,1,0,1,1,0,1,64.70425,0,0,0,0,1,116.6562,111,1364,1024,0.05964272,0.1799999,0.6249502
63926388408.1406,1,0,1,1,0,1,64.70425,0,0,0,0,1,116.6562,112,1364,1024,0.05964272,0.1799999,0.6249502
63926388408.4439,1,0,1,1,0,1,64.70425,0,0,0,0,1,116.6562,113,1364,1024,0.05964272,0.1799999,0.6249502
63926388408.7672,1,0,1,1,0,1,64.70425,0,0,0,0,1,116.6562,114,1364,1024,0.05964272,0.1799999,0.6249502
63926388409.0628,1,0,1,1,0,1,64.70425,0,0,0,0,1,116.6562,115,1364,1024,0.05964272,0.1799999,0.6249502
63926388409.3836,1,0,1,1,0,1,64.70425,0,0,0,0,1,116.6562,116,1364,1024,0.05964272,0.1799999,0.6249502
63926388409.6951,1,0,1,1,0,1,64.70425,0,0,0,0,1,116.6562,117,1364,1024,0.05964272,0.1799999,0.6249502
63926388410.0392,1,0,1,1,0,1,64.70425,0,0,0,0,1,116.6562,118,1364,1024,0.05964272,0.1799999,0.6249502
63926388410.3337,1,0,1,1,0,1,64.70425,0,0,0,0,1,116.6562,119,1364,1024,0.05964272,0.1799999,0.6249502
63926388410.6141,1,0,1,1,0,1,64.70425,0,0,0,0,1,116.6562,120,1364,1024,0.05964272,0.1799999,0.6249502
63926388410.911,1,0,1,1,0,1,64.70425,0,0,0,0,1,116.6562,121,1364,1024,0.05964272,0.1799999,0.6249502
63926388411.2114,1,0,1,1,0,1,64.70425,0,0,0,0,1,116.6562,122,1364,1024,0.05964272,0.1799999,0.6249502
63926388411.5063,1,0,1,1,0,1,64.70425,0,0,0,0,1,116.6562,123,1364,1024,0.05964272,0.1799999,0.6249502
63926388411.7963,1,0,1,1,0,1,64.70425,0,0,0,0,1,116.6562,124,1364,1024,0.05964272,0.1799999,0.6249502
63926388412.0731,1,0,1,1,0,1,64.70425,0,0,0,0,1,116.6562,125,1364,1024,0.05964272,0.1799999,0.6249502
63926388412.3618,1,0,1,1,0,1,64.70425,0,0,0,0,1,116.6562,126,1364,1024,0.05964272,0.1799999,0.6249502
63926388412.647,1,0,1,1,0,1,64.70425,0,0,0,0,1,116.6562,127,1364,1024,0.05964272,0.1799999,0.6249502
63926388412.9326,1,0,1,1,0,1,64.70425,0,0,0,0,1,116.6562,128,1364,1024,0.05964272,0.1799999,0.6249502
63926388413.2188,1,0,1,1,0,1,64.70425,0,0,0,0,1,116.6562,129,1364,1024,0.05964272,0.1799999,0.6249502
63926388413.5016,1,0,1,1,0,1,64.70425,0,0,0,0,1,116.6562,130,1364,1024,0.05964272,0.1799999,0.6249502
63926388413.7825,1,0,1,1,0,1,64.70425,0,0,0,0,1,116.6562,131,1364,1024,0.05964272,0.1799999,0.6249502
63926388414.0715,1,0,1,1,0,1,64.70425,0,0,0,0,1,116.6562,132,1364,1024,0.05964272,0.1799999,0.6249502
63926388414.3549,1,0,1,1,0,1,64.70425,0,0,0,0,1,116.6562,133,1364,1024,0.05964272,0.1799999,0.6249502
63926388414.6368,1,0,1,1,0,1,64.70425,0,0,0,0,1,116.6562,134,1364,1024,0.05964272,0.1799999,0.6249502
63926388414.9161,1,0,1,1,0,1,64.70425,0,0,0,0,1,116.6562,135,1364,1024,0.05964272,0.1799999,0.6249502
63926388415.2263,1,0,1,1,0,1,64.70425,0,0,0,0,1,116.6562,136,1364,1024,0.05964272,0.1799999,0.6249502
63926388415.5136,1,0,1,1,0,1,64.70425,0,0,0,0,1,116.6562,137,1364,1024,0.05964272,0.1799999,0.6249502
63926388415.809,1,0,1,1,0,1,64.70425,0,0,0,0,1,116.6562,138,1364,1024,0.05964272,0.1799999,0.6249502
63926388416.0986,1,0,1,1,0,1,64.70425,0,0,0,0,1,116.6562,139,1364,1024,0.05964272,0.1799999,0.6249502
63926388416.384,1,0,1,1,0,1,64.70425,0,0,0,0,1,116.6562,140,1364,1024,0.05964272,0.1799999,0.6249502
63926388416.676,1,0,1,1,0,1,64.70425,0,0,0,0,1,116.6562,141,1364,1024,0.05964272,0.1799999,0.6249502
63926388416.9701,1,0,1,1,0,1,64.70425,0,0,0,0,1,116.6562,142,1364,1024,0.05964272,0.1799999,0.6249502
63926388417.2543,1,0,1,1,0,1,64.70425,0,0,0,0,1,116.6562,143,1364,1024,0.05964272,0.1799999,0.6249502
63926388417.5527,1,0,1,1,0,1,64.70425,0,0,0,0,1,116.6562,144,1364,1024,0.05964272,0.1799999,0.6249502
63926388417.8498,1,0,1,1,0,1,64.70425,0,0,0,0,1,116.6562,145,1364,1024,0.05964272,0.1799999,0.6249502
63926388418.1346,1,0,1,1,0,1,64.70425,0,0,0,0,1,116.6562,146,1364,1024,0.05964272,0.1799999,0.6249502
63926388418.418,1,0,1,1,0,1,64.70425,0,0,0,0,1,116.6562,147,1364,1024,0.05964272,0.1799999,0.6249502
63926388418.7112,1,0,1,1,0,1,64.70425,0,0,0,0,1,116.6562,148,1364,1024,0.05964272,0.1799999,0.6249502
63926388418.9947,1,0,1,1,0,1,64.70425,0,0,0,0,1,116.6562,149,1364,1024,0.05964272,0.1799999,0.6249502
63926388419.2899,1,0,1,1,0,1,64.70425,0,0,0,0,1,116.6562,150,1364,1024,0.05964272,0.1799999,0.6249502
63926388419.5977,1,0,1,1,0,1,64.70425,0,0,0,0,1,116.6562,151,1364,1024,0.05964272,0.1799999,0.6249502
63926388419.8881,1,0,1,1,0,1,64.70425,0,0,0,0,1,116.6562,152,1364,1024,0.05964272,0.1799999,0.6249502
63926388420.1871,1,0,1,1,0,1,64.70425,0,0,0,0,1,116.6562,153,1364,1024,0.05964272,0.1799999,0.6249502
63926388420.4959,1,0,1,1,0,1,64.70425,0,0,0,0,1,116.6562,154,1364,1024,0.05964272,0.1799999,0.6249502
63926388420.7755,1,0,1,1,0,1,64.70425,0,0,0,0,1,116.6562,155,1364,1024,0.05964272,0.1799999,0.6249502
63926388421.0646,1,0,1,1,0,1,64.70425,0,0,0,0,1,116.6562,156,1364,1024,0.05964272,0.1799999,0.6249502
63926388421.346,1,0,1,1,0,1,64.70425,0,0,0,0,1,116.6562,157,1364,1024,0.05964272,0.1799999,0.6249502
63926388421.661,1,0,1,1,0,1,64.70425,0,0,0,0,1,116.6562,158,1364,1024,0.05964272,0.1799999,0.6249502
63926388421.9626,1,0,1,1,0,1,64.70425,0,0,0,0,1,116.6562,159,1364,1024,0.05964272,0.1799999,0.6249502
63926388422.2537,1,0,1,1,0,1,64.70425,0,0,0,0,1,116.6562,160,1364,1024,0.05964272,0.1799999,0.6249502
63926388422.5313,1,0,1,1,0,1,64.70425,0,0,0,0,1,116.6562,161,1364,1024,0.05964272,0.1799999,0.6249502
63926388422.807,1,0,1,1,0,1,64.70425,0,0,0,0,1,116.6562,162,1364,1024,0.05964272,0.1799999,0.6249502
63926388423.0866,1,0,1,1,0,1,64.70425,0,0,0,0,1,116.6562,163,1364,1024,0.05964272,0.1799999,0.6249502
63926388423.3825,1,0,1,1,0,1,64.70425,0,0,0,0,1,116.6562,164,1364,1024,0.05964272,0.1799999,0.6249502
63926388423.6723,1,0,1,1,0,1,64.70425,0,0,0,0,1,116.6562,165,1364,1024,0.05964272,0.1799999,0.6249502
63926388423.9444,1,0,1,1,0,1,64.70425,0,0,0,0,1,116.6562,166,1364,1024,0.05964272,0.1799999,0.6249502
63926388424.2817,1,0,1,1,0,1,64.70425,0,0,0,0,1,116.6562,167,1364,1024,0.05964272,0.1799999,0.6249502
63926388424.5761,1,0,1,1,0,1,64.70425,0,0,0,0,1,116.6562,168,1364,1024,0.05964272,0.1799999,0.6249502
63926388424.8841,1,0,1,1,0,1,64.70425,0,0,0,0,1,116.6562,169,1364,1024,0.05964272,0.1799999,0.6249502
63926388425.1579,1,0,1,1,0,1,64.70425,0,0,0,0,1,116.6562,170,1364,1024,0.05964272,0.1799999,0.6249502
63926388425.4446,1,0,1,1,0,1,64.70425,0,0,0,0,1,116.6562,171,1364,1024,0.05964272,0.1799999,0.6249502
63926388425.7395,1,0,1,1,0,1,64.70425,0,0,0,0,1,116.6562,172,1364,1024,0.05964272,0.1799999,0.6249502
63926388426.0768,1,0,1,1,0,1,64.70425,0,0,0,0,1,116.6562,173,1364,1024,0.05964272,0.1799999,0.6249502
63926388426.3744,1,0,1,1,0,1,64.70425,0,0,0,0,1,116.6562,174,1364,1024,0.05964272,0.1799999,0.6249502
63926388426.6578,1,0,1,1,0,1,64.70425,0,0,0,0,1,116.6562,175,1364,1024,0.05964272,0.1799999,0.6249502
63926388426.9404,1,0,1,1,0,1,64.70425,0,0,0,0,1,116.6562,176,1364,1024,0.05964272,0.1799999,0.6249502
63926388427.2316,1,0,1,1,0,1,64.70425,0,0,0,0,1,116.6562,177,1364,1024,0.05964272,0.1799999,0.6249502
63926388427.5125,1,0,1,1,0,1,64.70425,0,0,0,0,1,116.6562,178,1364,1024,0.05964272,0.1799999,0.6249502
63926388427.7976,1,0,1,1,0,1,64.70425,0,0,0,0,1,116.6562,179,1364,1024,0.05964272,0.1799999,0.6249502
63926388428.0936,1,0,1,1,0,1,64.70425,0,0,0,0,1,116.6562,180,1364,1024,0.05964272,0.1799999,0.6249502
63926388428.3935,1,0,1,1,0,1,64.70425,0,0,0,0,1,116.6562,181,1364,1024,0.05964272,0.1799999,0.6249502
63926388428.6979,1,0,1,1,0,1,64.70425,0,0,0,0,1,116.6562,182,1364,1024,0.05964272,0.1799999,0.6249502
63926388428.9826,1,0,1,1,0,1,64.70425,0,0,0,0,1,116.6562,183,1364,1024,0.05964272,0.1799999,0.6249502
63926388429.277,1,0,1,1,0,1,64.70425,0,0,0,0,1,116.6562,184,1364,1024,0.05964272,0.1799999,0.6249502
63926388429.571,1,0,1,1,0,1,64.70425,0,0,0,0,1,116.6562,185,1364,1024,0.05964272,0.1799999,0.6249502
63926388429.8622,1,0,1,1,0,1,64.70425,0,0,0,0,1,116.6562,186,1364,1024,0.05964272,0.1799999,0.6249502
63926388430.1443,1,0,1,1,0,1,64.70425,0,0,0,0,1,116.6562,187,1364,1024,0.05964272,0.1799999,0.6249502
63926388430.4339,1,0,1,1,0,1,64.70425,0,0,0,0,1,116.6562,188,1364,1024,0.05964272,0.1799999,0.6249502
63926388430.7165,1,0,1,1,0,1,64.70425,0,0,0,0,1,116.6562,189,1364,1024,0.05964272,0.1799999,0.6249502
63926388430.9987,1,0,1,1,0,1,64.70425,0,0,0,0,1,116.6562,190,1364,1024,0.05964272,0.1799999,0.6249502
63926388431.2774,1,0,1,1,0,1,64.70425,0,0,0,0,1,116.6562,191,1364,1024,0.05964272,0.1799999,0.6249502
63926388431.5625,1,0,1,1,0,1,64.70425,0,0,0,0,1,116.6562,192,1364,1024,0.05964272,0.1799999,0.6249502
63926388431.8608,1,0,1,1,0,1,64.70425,0,0,0,0,1,116.6562,193,1364,1024,0.05964272,0.1799999,0.6249502
63926388432.1558,1,0,1,1,0,1,64.70425,0,0,0,0,1,116.6562,194,1364,1024,0.05964272,0.1799999,0.6249502
63926388432.454,1,0,1,1,0,1,64.70425,0,0,0,0,1,116.6562,195,1364,1024,0.05964272,0.1799999,0.6249502
63926388432.7517,1,0,1,1,0,1,64.70425,0,0,0,0,1,116.6562,196,1364,1024,0.05964272,0.1799999,0.6249502
63926388433.0437,1,0,1,1,0,1,64.70425,0,0,0,0,1,116.6562,197,1364,1024,0.05964272,0.1799999,0.6249502
63926388433.3326,1,0,1,1,0,1,64.70425,0,0,0,0,1,116.6562,198,1364,1024,0.05964272,0.1799999,0.6249502
63926388433.6141,1,0,1,1,0,1,64.70425,0,0,0,0,1,116.6562,199,1364,1024,0.05964272,0.1799999,0.6249502
63926388433.9156,1,0,1,1,0,1,64.70425,0,0,0,0,1,116.6562,200,1364,1024,0.05964272,0.1799999,0.6249502
63926388434.2119,1,0,1,1,0,1,64.70425,0,0,0,0,1,116.6562,201,1364,1024,0.05964272,0.1799999,0.6249502
63926388434.513,1,0,1,1,0,1,64.70425,0,0,0,0,1,116.6562,202,1364,1024,0.05964272,0.1799999,0.6249502
63926388434.7988,1,0,1,1,0,1,64.70425,0,0,0,0,1,116.6562,203,1364,1024,0.05964272,0.1799999,0.6249502
63926388435.0918,1,0,1,1,0,1,64.70425,0,0,0,0,1,116.6562,204,1364,1024,0.05964272,0.1799999,0.6249502
63926388435.3758,1,0,1,1,0,1,64.70425,0,0,0,0,1,116.6562,205,1364,1024,0.05964272,0.1799999,0.6249502
63926388435.6543,1,0,1,1,0,1,64.70425,0,0,0,0,1,116.6562,206,1364,1024,0.05964272,0.1799999,0.6249502
63926388435.9347,1,0,1,1,0,1,64.70425,0,0,0,0,1,116.6562,207,1364,1024,0.05964272,0.1799999,0.6249502
63926388436.2118,1,0,1,1,0,1,64.70425,0,0,0,0,1,116.6562,208,1364,1024,0.05964272,0.1799999,0.6249502
63926388436.5216,1,0,1,1,0,1,64.70425,0,0,0,0,1,116.6562,209,1364,1024,0.05964272,0.1799999,0.6249502
63926388436.8072,1,0,1,1,0,1,64.70425,0,0,0,0,1,116.6562,210,1364,1024,0.05964272,0.1799999,0.6249502
63926388437.0941,1,0,1,1,0,1,64.70425,0,0,0,0,1,116.6562,211,1364,1024,0.05964272,0.1799999,0.6249502
63926388437.3968,1,0,1,1,0,1,64.70425,0,0,0,0,1,116.6562,212,1364,1024,0.05964272,0.1799999,0.6249502
63926388437.6773,1,0,1,1,0,1,64.70425,0,0,0,0,1,116.6562,213,1364,1024,0.05964272,0.1799999,0.6249502
63926388437.9531,1,0,1,1,0,1,64.70425,0,0,0,0,1,116.6562,214,1364,1024,0.05964272,0.1799999,0.6249502
63926388438.2334,1,0,1,1,0,1,64.70425,0,0,0,0,1,116.6562,215,1364,1024,0.05964272,0.1799999,0.6249502
63926388438.5272,1,0,1,1,0,1,64.70425,0,0,0,0,1,116.6562,216,1364,1024,0.05964272,0.1799999,0.6249502
63926388438.8213,1,0,1,1,0,1,64.70425,0,0,0,0,1,116.6562,217,1364,1024,0.05964272,0.1799999,0.6249502
63926388439.1145,1,0,1,1,0,1,64.70425,0,0,0,0,1,116.6562,218,1364,1024,0.05964272,0.1799999,0.6249502
63926388439.3961,1,0,1,1,0,1,64.70425,0,0,0,0,1,116.6562,219,1364,1024,0.05964272,0.1799999,0.6249502
63926388439.6956,1,0,1,1,0,1,64.70425,0,0,0,0,1,116.6562,220,1364,1024,0.05964272,0.1799999,0.6249502
63926388440.0065,1,0,1,1,0,1,64.70425,0,0,0,0,1,116.6562,221,1364,1024,0.05964272,0.1799999,0.6249502
63926388440.3049,1,0,1,1,0,1,64.70425,0,0,0,0,1,116.6562,222,1364,1024,0.05964272,0.1799999,0.6249502
63926388440.6001,1,0,1,1,0,1,64.70425,0,0,0,0,1,116.6562,223,1364,1024,0.05964272,0.1799999,0.6249502
63926388440.8758,1,0,1,1,0,1,64.70425,0,0,0,0,1,116.6562,224,1364,1024,0.05964272,0.1799999,0.6249502
63926388441.1628,1,0,1,1,0,1,64.70425,0,0,0,0,1,116.6562,225,1364,1024,0.05964272,0.1799999,0.6249502
63926388441.4521,1,0,1,1,0,1,64.70425,0,0,0,0,1,116.6562,226,1364,1024,0.05964272,0.1799999,0.6249502
63926388441.8143,1,0,1,1,0,1,64.70425,0,0,0,0,1,116.6562,227,1364,1024,0.05964272,0.1799999,0.6249502
63926388442.0965,1,0,1,1,0,1,64.70425,0,0,0,0,1,116.6562,228,1364,1024,0.05964272,0.1799999,0.6249502
63926388442.3781,1,0,1,1,0,1,64.70425,0,0,0,0,1,116.6562,229,1364,1024,0.05964272,0.1799999,0.6249502
63926388442.6456,1,0,1,1,0,1,64.70425,0,0,0,0,1,116.6562,230,1364,1024,0.05964272,0.1799999,0.6249502
63926388442.9288,1,0,1,1,0,1,64.70425,0,0,0,0,1,116.6562,231,1364,1024,0.05964272,0.1799999,0.6249502
63926388443.2366,1,0,1,1,0,1,64.70425,0,0,0,0,1,116.6562,232,1364,1024,0.05964272,0.1799999,0.6249502
63926388443.528,1,0,1,1,0,1,64.70425,0,0,0,0,1,116.6562,233,1364,1024,0.05964272,0.1799999,0.6249502
63926388443.8376,1,0,1,1,0,1,64.70425,0,0,0,0,1,116.6562,234,1364,1024,0.05964272,0.1799999,0.6249502
63926388444.1331,1,0,1,1,0,1,64.70425,0,0,0,0,1,116.6562,235,1364,1024,0.05964272,0.1799999,0.6249502
63926388444.4286,1,0,1,1,0,1,64.70425,0,0,0,0,1,116.6562,236,1364,1024,0.05964272,0.1799999,0.6249502
63926388444.7304,1,0,1,1,0,1,64.70425,0,0,0,0,1,116.6562,237,1364,1024,0.05964272,0.1799999,0.6249502
63926388445.0272,1,0,1,1,0,1,64.70425,0,0,0,0,1,116.6562,238,1364,1024,0.05964272,0.1799999,0.6249502
63926388445.3359,1,0,1,1,0,1,64.70425,0,0,0,0,1,116.6562,239,1364,1024,0.05964272,0.1799999,0.6249502
63926388445.6174,1,0,1,1,0,1,64.70425,0,0,0,0,1,116.6562,240,1364,1024,0.05964272,0.1799999,0.6249502
63926388445.8996,1,0,1,1,0,1,64.70425,0,0,0,0,1,116.6562,241,1364,1024,0.05964272,0.1799999,0.6249502
63926388446.1811,1,0,1,1,0,1,64.70425,0,0,0,0,1,116.6562,242,1364,1024,0.05964272,0.1799999,0.6249502
63926388446.4683,1,0,1,1,0,1,64.70425,0,0,0,0,1,116.6562,243,1364,1024,0.05964272,0.1799999,0.6249502
63926388446.7461,1,0,1,1,0,1,64.70425,0,0,0,0,1,116.6562,244,1364,1024,0.05964272,0.1799999,0.6249502
63926388447.0543,1,0,1,1,0,1,64.70425,0,0,0,0,1,116.6562,245,1364,1024,0.05964272,0.1799999,0.6249502
63926388447.3348,1,0,1,1,0,1,64.70425,0,0,0,0,1,116.6562,246,1364,1024,0.05964272,0.1799999,0.6249502
63926388447.6198,1,0,1,1,0,1,64.70425,0,0,0,0,1,116.6562,247,1364,1024,0.05964272,0.1799999,0.6249502
63926388447.9004,1,0,1,1,0,1,64.70425,0,0,0,0,1,116.6562,248,1364,1024,0.05964272,0.1799999,0.6249502
63926388448.1923,1,0,1,1,0,1,64.70425,0,0,0,0,1,116.6562,249,1364,1024,0.05964272,0.1799999,0.6249502
63926388448.4803,1,0,1,1,0,1,64.70425,0,0,0,0,1,116.6562,250,1364,1024,0.05964272,0.1799999,0.6249502
63926388448.7739,1,0,1,1,0,1,64.70425,0,0,0,0,1,116.6562,251,1364,1024,0.05964272,0.1799999,0.6249502
63926388449.0685,1,0,1,1,0,1,64.70425,0,0,0,0,1,116.6562,252,1364,1024,0.05964272,0.1799999,0.6249502
63926388449.3455,1,0,1,1,0,1,64.70425,0,0,0,0,1,116.6562,253,1364,1024,0.05964272,0.1799999,0.6249502
63926388449.6099,1,0,1,1,0,1,64.70425,0,0,0,0,1,116.6562,254,1364,1024,0.05964272,0.1799999,0.6249502
63926388449.885,1,0,1,1,0,1,64.70425,0,0,0,0,1,116.6562,255,1364,1024,0.05964272,0.1799999,0.6249502
63926388450.16,1,0,1,1,0,1,64.70425,0,0,0,0,1,116.6562,256,1364,1024,0.05964272,0.1799999,0.6249502
63926388450.4827,1,0,1,1,0,1,64.70425,0,0,0,0,1,116.6562,257,1364,1024,0.05964272,0.1799999,0.6249502
63926388450.7737,1,0,1,1,0,1,64.70425,0,0,0,0,1,116.6562,258,1364,1024,0.05964272,0.1799999,0.6249502
63926388451.0387,1,0,1,1,0,1,64.70425,0,0,0,0,1,116.6562,259,1364,1024,0.05964272,0.1799999,0.6249502
63926388451.3156,1,0,1,1,0,1,64.70425,0,0,0,0,1,116.6562,260,1364,1024,0.05964272,0.1799999,0.6249502
63926388451.596,1,0,1,1,0,1,64.70425,0,0,0,0,1,116.6562,261,1364,1024,0.05964272,0.1799999,0.6249502
63926388451.881,1,0,1,1,0,1,64.70425,0,0,0,0,1,116.6562,262,1364,1024,0.05964272,0.1799999,0.6249502
63926388452.1623,1,0,1,1,0,1,64.70425,0,0,0,0,1,116.6562,263,1364,1024,0.05964272,0.1799999,0.6249502
63926388452.4498,1,0,1,1,0,1,64.70425,0,0,0,0,1,116.6562,264,1364,1024,0.05964272,0.1799999,0.6249502
63926388452.7493,1,0,1,1,0,1,64.70425,0,0,0,0,1,116.6562,265,1364,1024,0.05964272,0.1799999,0.6249502
63926388453.0758,1,0,1,1,0,1,64.70425,0,0,0,0,1,116.6562,266,1364,1024,0.05964272,0.1799999,0.6249502
63926388453.3853,1,0,1,1,0,1,64.70425,0,0,0,0,1,116.6562,267,1364,1024,0.05964272,0.1799999,0.6249502
63926388453.67,1,0,1,1,0,1,64.70425,0,0,0,0,1,116.6562,268,1364,1024,0.05964272,0.1799999,0.6249502
63926388453.9487,1,0,1,1,0,1,64.70425,0,0,0,0,1,116.6562,269,1364,1024,0.05964272,0.1799999,0.6249502
63926388454.2378,1,0,1,1,0,1,64.70425,0,0,0,0,1,116.6562,270,1364,1024,0.05964272,0.1799999,0.6249502
63926388454.537,1,0,1,1,0,1,64.70425,0,0,0,0,1,116.6562,271,1364,1024,0.05964272,0.1799999,0.6249502
63926388454.8368,1,0,1,1,0,1,64.70425,0,0,0,0,1,116.6562,272,1364,1024,0.05964272,0.1799999,0.6249502
63926388455.1285,1,0,1,1,0,1,64.70425,0,0,0,0,1,116.6562,273,1364,1024,0.05964272,0.1799999,0.6249502
63926388455.4182,1,0,1,1,0,1,64.70425,0,0,0,0,1,116.6562,274,1364,1024,0.05964272,0.1799999,0.6249502
63926388455.6909,1,0,1,1,0,1,64.70425,0,0,0,0,1,116.6562,275,1364,1024,0.05964272,0.1799999,0.6249502
63926388455.9643,1,0,1,1,0,1,64.70425,0,0,0,0,1,116.6562,276,1364,1024,0.05964272,0.1799999,0.6249502
63926388456.2531,1,0,1,1,0,1,64.70425,0,0,0,0,1,116.6562,277,1364,1024,0.05964272,0.1799999,0.6249502
63926388456.5265,1,0,1,1,0,1,64.70425,0,0,0,0,1,116.6562,278,1364,1024,0.05964272,0.1799999,0.6249502
63926388456.8047,1,0,1,1,0,1,64.70425,0,0,0,0,1,116.6562,279,1364,1024,0.05964272,0.1799999,0.6249502
63926388457.1088,1,0,1,1,0,1,64.70425,0,0,0,0,1,116.6562,280,1364,1024,0.05964272,0.1799999,0.6249502
63926388457.3727,1,0,1,1,0,1,64.70425,0,0,0,0,1,116.6562,281,1364,1024,0.05964272,0.1799999,0.6249502
63926388457.657,1,0,1,1,0,1,64.70425,0,0,0,0,1,116.6562,282,1364,1024,0.05964272,0.1799999,0.6249502
63926388457.9579,1,0,1,1,0,1,64.70425,0,0,0,0,1,116.6562,283,1364,1024,0.05964272,0.1799999,0.6249502
63926388458.2655,1,0,1,1,0,1,64.70425,0,0,0,0,1,116.6562,284,1364,1024,0.05964272,0.1799999,0.6249502
63926388458.5806,1,0,1,1,0,1,64.70425,0,0,0,0,1,116.6562,285,1364,1024,0.05964272,0.1799999,0.6249502
63926388458.8765,1,0,1,1,0,1,64.70425,0,0,0,0,1,116.6562,286,1364,1024,0.05964272,0.1799999,0.6249502
63926388459.1758,1,0,1,1,0,1,64.70425,0,0,0,0,1,116.6562,287,1364,1024,0.05964272,0.1799999,0.6249502
63926388459.4614,1,0,1,1,0,1,64.70425,0,0,0,0,1,116.6562,288,1364,1024,0.05964272,0.1799999,0.6249502
63926388459.7648,1,0,1,1,0,1,64.70425,0,0,0,0,1,116.6562,289,1364,1024,0.05964272,0.1799999,0.6249502
63926388460.0595,1,0,1,1,0,1,64.70425,0,0,0,0,1,116.6562,290,1364,1024,0.05964272,0.1799999,0.6249502
63926388460.3549,1,0,1,1,0,1,64.70425,0,0,0,0,1,116.6562,291,1364,1024,0.05964272,0.1799999,0.6249502
63926388460.6479,1,0,1,1,0,1,64.70425,0,0,0,0,1,116.6562,292,1364,1024,0.05964272,0.1799999,0.6249502
63926388460.9185,1,0,1,1,0,1,64.70425,0,0,0,0,1,116.6562,293,1364,1024,0.05964272,0.1799999,0.6249502
63926388461.2004,1,0,1,1,0,1,64.70425,0,0,0,0,1,116.6562,294,1364,1024,0.05964272,0.1799999,0.6249502
63926388461.4804,1,0,1,1,0,1,64.70425,0,0,0,0,1,116.6562,295,1364,1024,0.05964272,0.1799999,0.6249502
63926388461.7376,1,0,1,1,0,1,64.70425,0,0,0,0,1,116.6562,296,1364,1024,0.05964272,0.1799999,0.6249502
63926388462.0073,1,0,1,1,0,1,64.70425,0,0,0,0,1,116.6562,297,1364,1024,0.05964272,0.1799999,0.6249502
63926388462.2909,1,0,1,1,0,1,64.70425,0,0,0,0,1,116.6562,298,1364,1024,0.05964272,0.1799999,0.6249502
63926388462.5477,1,0,1,1,0,1,64.70425,0,0,0,0,1,116.6562,299,1364,1024,0.05964272,0.1799999,0.6249502
63926388462.834,1,0,1,1,0,1,64.70425,0,0,0,0,1,116.6562,300,1364,1024,0.05964272,0.1799999,0.6249502
63926388463.1187,1,0,1,1,0,1,64.70425,0,0,0,0,1,116.6562,301,1364,1024,0.05964272,0.1799999,0.6249502
63926388463.3953,1,0,1,1,0,1,64.70425,0,0,0,0,1,116.6562,302,1364,1024,0.05964272,0.1799999,0.6249502
63926388463.6834,1,0,1,1,0,1,64.70425,0,0,0,0,1,116.6562,303,1364,1024,0.05964272,0.1799999,0.6249502
63926388463.9632,1,0,1,1,0,1,64.70425,0,0,0,0,1,116.6562,304,1364,1024,0.05964272,0.1799999,0.6249502
63926388464.2528,1,0,1,1,0,1,64.70425,0,0,0,0,1,116.6562,305,1364,1024,0.05964272,0.1799999,0.6249502
63926388464.557,1,0,1,1,0,1,64.70425,0,0,0,0,1,116.6562,306,1364,1024,0.05964272,0.1799999,0.6249502
63926388464.8448,1,0,1,1,0,1,64.70425,0,0,0,0,1,116.6562,307,1364,1024,0.05964272,0.1799999,0.6249502
63926388465.1264,1,0,1,1,0,1,64.70425,0,0,0,0,1,116.6562,308,1364,1024,0.05964272,0.1799999,0.6249502
63926388465.4387,1,0,1,1,0,1,64.70425,0,0,0,0,1,116.6562,309,1364,1024,0.05964272,0.1799999,0.6249502
63926388465.737,1,0,1,1,0,1,64.70425,0,0,0,0,1,116.6562,310,1364,1024,0.05964272,0.1799999,0.6249502
63926388466.0146,1,0,1,1,0,1,64.70425,0,0,0,0,1,116.6562,311,1364,1024,0.05964272,0.1799999,0.6249502
63926388466.3071,1,0,1,1,0,1,64.70425,0,0,0,0,1,116.6562,312,1364,1024,0.05964272,0.1799999,0.6249502
63926388466.6022,1,0,1,1,0,1,64.70425,0,0,0,0,1,116.6562,313,1364,1024,0.05964272,0.1799999,0.6249502
63926388466.9025,1,0,1,1,0,1,64.70425,0,0,0,0,1,116.6562,314,1364,1024,0.05964272,0.1799999,0.6249502
63926388467.2447,1,0,1,1,0,1,64.70425,0,0,0,0,1,116.6562,315,1364,1024,0.05964272,0.1799999,0.6249502
63926388467.524,1,0,1,1,0,1,64.70425,0,0,0,0,1,116.6562,316,1364,1024,0.05964272,0.1799999,0.6249502
63926388467.8243,1,0,1,1,0,1,64.70425,0,0,0,0,1,116.6562,317,1364,1024,0.05964272,0.1799999,0.6249502
63926388468.1233,1,0,1,1,0,1,64.70425,0,0,0,0,1,116.6562,318,1364,1024,0.05964272,0.1799999,0.6249502
63926388468.4295,1,0,1,1,0,1,64.70425,0,0,0,0,1,116.6562,319,1364,1024,0.05964272,0.1799999,0.6249502
63926388468.7137,1,0,1,1,0,1,64.70425,0,0,0,0,1,116.6562,320,1364,1024,0.05964272,0.1799999,0.6249502
63926388469.0143,1,0,1,1,0,1,64.70425,0,0,0,0,1,116.6562,321,1364,1024,0.05964272,0.1799999,0.6249502
63926388469.3071,1,0,1,1,0,1,64.70425,0,0,0,0,1,116.6562,322,1364,1024,0.05964272,0.1799999,0.6249502
63926388469.5947,1,0,1,1,0,1,64.70425,0,0,0,0,1,116.6562,323,1364,1024,0.05964272,0.1799999,0.6249502
63926388469.8919,1,0,1,1,0,1,64.70425,0,0,0,0,1,116.6562,324,1364,1024,0.05964272,0.1799999,0.6249502
63926388470.1772,1,0,1,1,0,1,64.70425,0,0,0,0,1,116.6562,325,1364,1024,0.05964272,0.1799999,0.6249502
63926388470.4747,1,0,1,1,0,1,64.70425,0,0,0,0,1,116.6562,326,1364,1024,0.05964272,0.1799999,0.6249502
63926388470.7645,1,0,1,1,0,1,64.70425,0,0,0,0,1,116.6562,327,1364,1024,0.05964272,0.1799999,0.6249502
63926388471.0638,1,0,1,1,0,1,64.70425,0,0,0,0,1,116.6562,328,1364,1024,0.05964272,0.1799999,0.6249502
63926388471.3629,1,0,1,1,0,1,64.70425,0,0,0,0,1,116.6562,329,1364,1024,0.05964272,0.1799999,0.6249502
63926388471.6523,1,0,1,1,0,1,64.70425,0,0,0,0,1,116.6562,330,1364,1024,0.05964272,0.1799999,0.6249502
63926388471.9321,1,0,1,1,0,1,64.70425,0,0,0,0,1,116.6562,331,1364,1024,0.05964272,0.1799999,0.6249502
63926388472.2039,1,0,1,1,0,1,64.70425,0,0,0,0,1,116.6562,332,1364,1024,0.05964272,0.1799999,0.6249502
63926388472.4815,1,0,1,1,0,1,64.70425,0,0,0,0,1,116.6562,333,1364,1024,0.05964272,0.1799999,0.6249502
63926388472.7618,1,0,1,1,0,1,64.70425,0,0,0,0,1,116.6562,334,1364,1024,0.05964272,0.1799999,0.6249502
63926388473.0393,1,0,1,1,0,1,64.70425,0,0,0,0,1,116.6562,335,1364,1024,0.05964272,0.1799999,0.6249502
63926388473.307,1,0,1,1,0,1,64.70425,0,0,0,0,1,116.6562,336,1364,1024,0.05964272,0.1799999,0.6249502
63926388473.5781,1,0,1,1,0,1,64.70425,0,0,0,0,1,116.6562,337,1364,1024,0.05964272,0.1799999,0.6249502
63926388473.8458,1,0,1,1,0,1,64.70425,0,0,0,0,1,116.6562,338,1364,1024,0.05964272,0.1799999,0.6249502
63926388474.1402,1,0,1,1,0,1,64.70425,0,0,0,0,1,116.6562,339,1364,1024,0.05964272,0.1799999,0.6249502
63926388474.4137,1,0,1,1,0,1,64.70425,0,0,0,0,1,116.6562,340,1364,1024,0.05964272,0.1799999,0.6249502
63926388474.7062,1,0,1,1,0,1,64.70425,0,0,0,0,1,116.6562,341,1364,1024,0.05964272,0.1799999,0.6249502
63926388474.9685,1,0,1,1,0,1,64.70425,0,0,0,0,1,116.6562,342,1364,1024,0.05964272,0.1799999,0.6249502
63926388475.2271,1,0,1,1,0,1,64.70425,0,0,0,0,1,116.6562,343,1364,1024,0.05964272,0.1799999,0.6249502
63926388475.4909,1,0,1,1,0,1,64.70425,0,0,0,0,1,116.6562,344,1364,1024,0.05964272,0.1799999,0.6249502
63926388475.7597,1,0,1,1,0,1,64.70425,0,0,0,0,1,116.6562,345,1364,1024,0.05964272,0.1799999,0.6249502
63926388476.0468,1,0,1,1,0,1,64.70425,0,0,0,0,1,116.6562,346,1364,1024,0.05964272,0.1799999,0.6249502
63926388476.3418,1,0,1,1,0,1,64.70425,0,0,0,0,1,116.6562,347,1364,1024,0.05964272,0.1799999,0.6249502
63926388476.629,1,0,1,1,0,1,64.70425,0,0,0,0,1,116.6562,348,1364,1024,0.05964272,0.1799999,0.6249502
63926388476.9117,1,0,1,1,0,1,64.70425,0,0,0,0,1,116.6562,349,1364,1024,0.05964272,0.1799999,0.6249502
63926388477.2157,1,0,1,1,0,1,64.70425,0,0,0,0,1,116.6562,350,1364,1024,0.05964272,0.1799999,0.6249502
63926388477.5332,1,0,1,1,0,1,64.70425,0,0,0,0,1,116.6562,351,1364,1024,0.05964272,0.1799999,0.6249502
63926388477.8186,1,0,1,1,0,1,64.70425,0,0,0,0,1,116.6562,352,1364,1024,0.05964272,0.1799999,0.6249502
63926388478.1068,1,0,1,1,0,1,64.70425,0,0,0,0,1,116.6562,353,1364,1024,0.05964272,0.1799999,0.6249502
63926388478.3889,1,0,1,1,0,1,64.70425,0,0,0,0,1,116.6562,354,1364,1024,0.05964272,0.1799999,0.6249502
63926388478.6636,1,0,1,1,0,1,64.70425,0,0,0,0,1,116.6562,355,1364,1024,0.05964272,0.1799999,0.6249502
63926388478.9532,1,0,1,1,0,1,64.70425,0,0,0,0,1,116.6562,356,1364,1024,0.05964272,0.1799999,0.6249502
63926388479.2386,1,0,1,1,0,1,64.70425,0,0,0,0,1,116.6562,357,1364,1024,0.05964272,0.1799999,0.6249502
63926388479.5268,1,0,1,1,0,1,64.70425,0,0,0,0,1,116.6562,358,1364,1024,0.05964272,0.1799999,0.6249502
63926388479.803,1,0,1,1,0,1,64.70425,0,0,0,0,1,116.6562,359,1364,1024,0.05964272,0.1799999,0.6249502
63926388480.1171,1,0,1,1,0,1,64.70425,0,0,0,0,1,116.6562,360,1364,1024,0.05964272,0.1799999,0.6249502
63926388480.3836,1,0,1,1,0,1,64.70425,0,0,0,0,1,116.6562,361,1364,1024,0.05964272,0.1799999,0.6249502
63926388480.6749,1,0,1,1,0,1,64.70425,0,0,0,0,1,116.6562,362,1364,1024,0.05964272,0.1799999,0.6249502
63926388480.9649,1,0,1,1,0,1,64.70425,0,0,0,0,1,116.6562,363,1364,1024,0.05964272,0.1799999,0.6249502
63926388481.2622,1,0,1,1,0,1,64.70425,0,0,0,0,1,116.6562,364,1364,1024,0.05964272,0.1799999,0.6249502
63926388481.5637,1,0,1,1,0,1,64.70425,0,0,0,0,1,116.6562,365,1364,1024,0.05964272,0.1799999,0.6249502
63926388481.858,1,0,1,1,0,1,64.70425,0,0,0,0,1,116.6562,366,1364,1024,0.05964272,0.1799999,0.6249502
63926388482.1335,1,0,1,1,0,1,64.70425,0,0,0,0,1,116.6562,367,1364,1024,0.05964272,0.1799999,0.6249502
63926388482.4224,1,0,1,1,0,1,64.70425,0,0,0,0,1,116.6562,368,1364,1024,0.05964272,0.1799999,0.6249502
63926388482.7211,1,0,1,1,0,1,64.70425,0,0,0,0,1,116.6562,369,1364,1024,0.05964272,0.1799999,0.6249502
63926388483.032,1,0,1,1,0,1,64.70425,0,0,0,0,1,116.6562,370,1364,1024,0.05964272,0.1799999,0.6249502
63926388483.3303,1,0,1,1,0,1,64.70425,0,0,0,0,1,116.6562,371,1364,1024,0.05964272,0.1799999,0.6249502
63926388483.6229,1,0,1,1,0,1,64.70425,0,0,0,0,1,116.6562,372,1364,1024,0.05964272,0.1799999,0.6249502
63926388483.9117,1,0,1,1,0,1,64.70425,0,0,0,0,1,116.6562,373,1364,1024,0.05964272,0.1799999,0.6249502
63926388484.1782,1,0,1,1,0,1,64.70425,0,0,0,0,1,116.6562,374,1364,1024,0.05964272,0.1799999,0.6249502
63926388484.4505,1,0,1,1,0,1,64.70425,0,0,0,0,1,116.6562,375,1364,1024,0.05964272,0.1799999,0.6249502
63926388484.7364,1,0,1,1,0,1,64.70425,0,0,0,0,1,116.6562,376,1364,1024,0.05964272,0.1799999,0.6249502
63926388485.0436,1,0,1,1,0,1,64.70425,0,0,0,0,1,116.6562,377,1364,1024,0.05964272,0.1799999,0.6249502
63926388485.3312,1,0,1,1,0,1,64.70425,0,0,0,0,1,116.6562,378,1364,1024,0.05964272,0.1799999,0.6249502
63926388485.6193,1,0,1,1,0,1,64.70425,0,0,0,0,1,116.6562,379,1364,1024,0.05964272,0.1799999,0.6249502
63926388485.9022,1,0,1,1,0,1,64.70425,0,0,0,0,1,116.6562,380,1364,1024,0.05964272,0.1799999,0.6249502
63926388486.1983,1,0,1,1,0,1,64.70425,0,0,0,0,1,116.6562,381,1364,1024,0.05964272,0.1799999,0.6249502
63926388486.5107,1,0,1,1,0,1,64.70425,0,0,0,0,1,116.6562,382,1364,1024,0.05964272,0.1799999,0.6249502
63926388486.7949,1,0,1,1,0,1,64.70425,0,0,0,0,1,116.6562,383,1364,1024,0.05964272,0.1799999,0.6249502
63926388487.0827,1,0,1,1,0,1,64.70425,0,0,0,0,1,116.6562,384,1364,1024,0.05964272,0.1799999,0.6249502
63926388487.3757,1,0,1,1,0,1,64.70425,0,0,0,0,1,116.6562,385,1364,1024,0.05964272,0.1799999,0.6249502
63926388487.6663,1,0,1,1,0,1,64.70425,0,0,0,0,1,116.6562,386,1364,1024,0.05964272,0.1799999,0.6249502
63926388487.9563,1,0,1,1,0,1,64.70425,0,0,0,0,1,116.6562,387,1364,1024,0.05964272,0.1799999,0.6249502
63926388488.2493,1,0,1,1,0,1,64.70425,0,0,0,0,1,116.6562,388,1364,1024,0.05964272,0.1799999,0.6249502
63926388488.5857,1,0,1,1,0,1,64.70425,0,0,0,0,1,116.6562,389,1364,1024,0.05964272,0.1799999,0.6249502
63926388488.9133,1,0,1,1,0,1,64.70425,0,0,0,0,1,116.6562,390,1364,1024,0.05964272,0.1799999,0.6249502
63926388489.2219,1,0,1,1,0,1,64.70425,0,0,0,0,1,116.6562,391,1364,1024,0.05964272,0.1799999,0.6249502
63926388489.5304,1,0,1,1,0,1,64.70425,0,0,0,0,1,116.6562,392,1364,1024,0.05964272,0.1799999,0.6249502
63926388489.8073,1,0,1,1,0,1,64.70425,0,0,0,0,1,116.6562,393,1364,1024,0.05964272,0.1799999,0.6249502
63926388490.0967,1,0,1,1,0,1,64.70425,0,0,0,0,1,116.6562,394,1364,1024,0.05964272,0.1799999,0.6249502
63926388490.3835,1,0,1,1,0,1,64.70425,0,0,0,0,1,116.6562,395,1364,1024,0.05964272,0.1799999,0.6249502
63926388490.6533,1,0,1,1,0,1,64.70425,0,0,0,0,1,116.6562,396,1364,1024,0.05964272,0.1799999,0.6249502
63926388490.9378,1,0,1,1,0,1,64.70425,0,0,0,0,1,116.6562,397,1364,1024,0.05964272,0.1799999,0.6249502
63926388491.2181,1,0,1,1,0,1,64.70425,0,0,0,0,1,116.6562,398,1364,1024,0.05964272,0.1799999,0.6249502
63926388491.4853,1,0,1,1,0,1,64.70425,0,0,0,0,1,116.6562,399,1364,1024,0.05964272,0.1799999,0.6249502
63926388491.763,1,0,1,1,0,1,64.70425,0,0,0,0,1,116.6562,400,1364,1024,0.05964272,0.1799999,0.6249502
63926388492.1205,1,0,1,1,0,1,64.70425,0,0,0,0,1,116.6562,401,1364,1024,0.05964272,0.1799999,0.6249502
63926388492.3953,1,0,1,1,0,1,64.70425,0,0,0,0,1,116.6562,402,1364,1024,0.05964272,0.1799999,0.6249502
63926388492.6829,1,0,1,1,0,1,64.70425,0,0,0,0,1,116.6562,403,1364,1024,0.05964272,0.1799999,0.6249502
63926388492.9522,1,0,1,1,0,1,64.70425,0,0,0,0,1,116.6562,404,1364,1024,0.05964272,0.1799999,0.6249502
63926388493.2501,1,0,1,1,0,1,64.70425,0,0,0,0,1,116.6562,405,1364,1024,0.05964272,0.1799999,0.6249502
63926388493.5475,1,0,1,1,0,1,64.70425,0,0,0,0,1,116.6562,406,1364,1024,0.05964272,0.1799999,0.6249502
63926388493.8375,1,0,1,1,0,1,64.70425,0,0,0,0,1,116.6562,407,1364,1024,0.05964272,0.1799999,0.6249502
63926388494.1381,1,0,1,1,0,1,64.70425,0,0,0,0,1,116.6562,408,1364,1024,0.05964272,0.1799999,0.6249502
63926388494.4477,1,0,1,1,0,1,64.70425,0,0,0,0,1,116.6562,409,1364,1024,0.05964272,0.1799999,0.6249502
63926388494.7475,1,0,1,1,0,1,64.70425,0,0,0,0,1,116.6562,410,1364,1024,0.05964272,0.1799999,0.6249502
63926388495.046,1,0,1,1,0,1,64.70425,0,0,0,0,1,116.6562,411,1364,1024,0.05964272,0.1799999,0.6249502
63926388495.3506,1,0,1,1,0,1,64.70425,0,0,0,0,1,116.6562,412,1364,1024,0.05964272,0.1799999,0.6249502
63926388495.6522,1,0,1,1,0,1,64.70425,0,0,0,0,1,116.6562,413,1364,1024,0.05964272,0.1799999,0.6249502
63926388495.9563,1,0,1,1,0,1,64.70425,0,0,0,0,1,116.6562,414,1364,1024,0.05964272,0.1799999,0.6249502
63926388496.2436,1,0,1,1,0,1,64.70425,0,0,0,0,1,116.6562,415,1364,1024,0.05964272,0.1799999,0.6249502
63926388496.5183,1,0,1,1,0,1,64.70425,0,0,0,0,1,116.6562,416,1364,1024,0.05964272,0.1799999,0.6249502
63926388496.8135,1,0,1,1,0,1,64.70425,0,0,0,0,1,116.6562,417,1364,1024,0.05964272,0.1799999,0.6249502
63926388497.1172,1,0,1,1,0,1,64.70425,0,0,0,0,1,116.6562,418,1364,1024,0.05964272,0.1799999,0.6249502
63926388497.4253,1,0,1,1,0,1,64.70425,0,0,0,0,1,116.6562,419,1364,1024,0.05964272,0.1799999,0.6249502
63926388497.7237,1,0,1,1,0,1,64.70425,0,0,0,0,1,116.6562,420,1364,1024,0.05964272,0.1799999,0.6249502
63926388498.0133,1,0,1,1,0,1,64.70425,0,0,0,0,1,116.6562,421,1364,1024,0.05964272,0.1799999,0.6249502
63926388498.314,1,0,1,1,0,1,64.70425,0,0,0,0,1,116.6562,422,1364,1024,0.05964272,0.1799999,0.6249502
63926388498.6149,1,0,1,1,0,1,64.70425,0,0,0,0,1,116.6562,423,1364,1024,0.05964272,0.1799999,0.6249502
63926388498.913,1,0,1,1,0,1,64.70425,0,0,0,0,1,116.6562,424,1364,1024,0.05964272,0.1799999,0.6249502
63926388499.212,1,0,1,1,0,1,64.70425,0,0,0,0,1,116.6562,425,1364,1024,0.05964272,0.1799999,0.6249502
63926388499.5068,1,0,1,1,0,1,64.70425,0,0,0,0,1,116.6562,426,1364,1024,0.05964272,0.1799999,0.6249502
63926388499.7976,1,0,1,1,0,1,64.70425,0,0,0,0,1,116.6562,427,1364,1024,0.05964272,0.1799999,0.6249502
63926388500.0996,1,0,1,1,0,1,64.70425,0,0,0,0,1,116.6562,428,1364,1024,0.05964272,0.1799999,0.6249502
63926388500.3943,1,0,1,1,0,1,64.70425,0,0,0,0,1,116.6562,429,1364,1024,0.05964272,0.1799999,0.6249502
63926388500.6854,1,0,1,1,0,1,64.70425,0,0,0,0,1,116.6562,430,1364,1024,0.05964272,0.1799999,0.6249502
63926388500.9611,1,0,1,1,0,1,64.70425,0,0,0,0,1,116.6562,431,1364,1024,0.05964272,0.1799999,0.6249502
63926388501.2729,1,0,1,1,0,1,64.70425,0,0,0,0,1,116.6562,432,1364,1024,0.05964272,0.1799999,0.6249502
63926388501.5732,1,0,1,1,0,1,64.70425,0,0,0,0,1,116.6562,433,1364,1024,0.05964272,0.1799999,0.6249502
63926388501.8664,1,0,1,1,0,1,64.70425,0,0,0,0,1,116.6562,434,1364,1024,0.05964272,0.1799999,0.6249502
63926388502.1598,1,0,1,1,0,1,64.70425,0,0,0,0,1,116.6562,435,1364,1024,0.05964272,0.1799999,0.6249502
63926388502.4482,1,0,1,1,0,1,64.70425,0,0,0,0,1,116.6562,436,1364,1024,0.05964272,0.1799999,0.6249502
63926388502.759,1,0,1,1,0,1,64.70425,0,0,0,0,1,116.6562,437,1364,1024,0.05964272,0.1799999,0.6249502
63926388503.0484,1,0,1,1,0,1,64.70425,0,0,0,0,1,116.6562,438,1364,1024,0.05964272,0.1799999,0.6249502
63926388503.3331,1,0,1,1,0,1,64.70425,0,0,0,0,1,116.6562,439,1364,1024,0.05964272,0.1799999,0.6249502
63926388503.622,1,0,1,1,0,1,64.70425,0,0,0,0,1,116.6562,440,1364,1024,0.05964272,0.1799999,0.6249502
63926388503.918,1,0,1,1,0,1,64.70425,0,0,0,0,1,116.6562,441,1364,1024,0.05964272,0.1799999,0.6249502
63926388504.2165,1,0,1,1,0,1,64.70425,0,0,0,0,1,116.6562,442,1364,1024,0.05964272,0.1799999,0.6249502
63926388504.5093,1,0,1,1,0,1,64.70425,0,0,0,0,1,116.6562,443,1364,1024,0.05964272,0.1799999,0.6249502
63926388504.8005,1,0,1,1,0,1,64.70425,0,0,0,0,1,116.6562,444,1364,1024,0.05964272,0.1799999,0.6249502
63926388505.1034,1,0,1,1,0,1,64.70425,0,0,0,0,1,116.6562,445,1364,1024,0.05964272,0.1799999,0.6249502
63926388505.3848,1,0,1,1,0,1,64.70425,0,0,0,0,1,116.6562,446,1364,1024,0.05964272,0.1799999,0.6249502
63926388505.6851,1,0,1,1,0,1,64.70425,0,0,0,0,1,116.6562,447,1364,1024,0.05964272,0.1799999,0.6249502
63926388505.9845,1,0,1,1,0,1,64.70425,0,0,0,0,1,116.6562,448,1364,1024,0.05964272,0.1799999,0.6249502
63926388506.2781,1,0,1,1,0,1,64.70425,0,0,0,0,1,116.6562,449,1364,1024,0.05964272,0.1799999,0.6249502
63926388506.5765,1,0,1,1,0,1,64.70425,0,0,0,0,1,116.6562,450,1364,1024,0.05964272,0.1799999,0.6249502
63926388506.8597,1,0,1,1,0,1,64.70425,0,0,0,0,1,116.6562,451,1364,1024,0.05964272,0.1799999,0.6249502
63926388507.1271,1,0,1,1,0,1,64.70425,0,0,0,0,1,116.6562,452,1364,1024,0.05964272,0.1799999,0.6249502
63926388507.4108,1,0,1,1,0,1,64.70425,0,0,0,0,1,116.6562,453,1364,1024,0.05964272,0.1799999,0.6249502
63926388507.7083,1,0,1,1,0,1,64.70425,0,0,0,0,1,116.6562,454,1364,1024,0.05964272,0.1799999,0.6249502
63926388507.9717,1,0,1,1,0,1,64.70425,0,0,0,0,1,116.6562,455,1364,1024,0.05964272,0.1799999,0.6249502
63926388508.2351,1,0,1,1,0,1,64.70425,0,0,0,0,1,116.6562,456,1364,1024,0.05964272,0.1799999,0.6249502
63926388508.51,1,0,1,1,0,1,64.70425,0,0,0,0,1,116.6562,457,1364,1024,0.05964272,0.1799999,0.6249502
63926388508.7972,1,0,1,1,0,1,64.70425,0,0,0,0,1,116.6562,458,1364,1024,0.05964272,0.1799999,0.6249502
63926388509.0692,1,0,1,1,0,1,64.70425,0,0,0,0,1,116.6562,459,1364,1024,0.05964272,0.1799999,0.6249502
63926388509.3526,1,0,1,1,0,1,64.70425,0,0,0,0,1,116.6562,460,1364,1024,0.05964272,0.1799999,0.6249502
63926388509.6087,1,0,1,1,0,1,64.70425,0,0,0,0,1,116.6562,461,1364,1024,0.05964272,0.1799999,0.6249502
63926388509.8838,1,0,1,1,0,1,64.70425,0,0,0,0,1,116.6562,462,1364,1024,0.05964272,0.1799999,0.6249502
63926388510.1645,1,0,1,1,0,1,64.70425,0,0,0,0,1,116.6562,463,1364,1024,0.05964272,0.1799999,0.6249502
63926388510.4245,1,0,1,1,0,1,64.70425,0,0,0,0,1,116.6562,464,1364,1024,0.05964272,0.1799999,0.6249502
63926388510.7058,1,0,1,1,0,1,64.70425,0,0,0,0,1,116.6562,465,1364,1024,0.05964272,0.1799999,0.6249502
63926388510.965,1,0,1,1,0,1,64.70425,0,0,0,0,1,116.6562,466,1364,1024,0.05964272,0.1799999,0.6249502
63926388511.2324,1,0,1,1,0,1,64.70425,0,0,0,0,1,116.6562,467,1364,1024,0.05964272,0.1799999,0.6249502
63926388511.4948,1,0,1,1,0,1,64.70425,0,0,0,0,1,116.6562,468,1364,1024,0.05964272,0.1799999,0.6249502
63926388511.7711,1,0,1,1,0,1,64.70425,0,0,0,0,1,116.6562,469,1364,1024,0.05964272,0.1799999,0.6249502
63926388512.046,1,0,1,1,0,1,64.70425,0,0,0,0,1,116.6562,470,1364,1024,0.05964272,0.1799999,0.6249502
63926388512.3108,1,0,1,1,0,1,64.70425,0,0,0,0,1,116.6562,471,1364,1024,0.05964272,0.1799999,0.6249502
63926388512.5985,1,0,1,1,0,1,64.70425,0,0,0,0,1,116.6562,472,1364,1024,0.05964272,0.1799999,0.6249502
63926388512.8467,1,0,1,1,0,1,64.70425,0,0,0,0,1,116.6562,473,1364,1024,0.05964272,0.1799999,0.6249502
63926388513.1059,1,0,1,1,0,1,64.70425,0,0,0,0,1,116.6562,474,1364,1024,0.05964272,0.1799999,0.6249502
63926388513.3791,1,0,1,1,0,1,64.70425,0,0,0,0,1,116.6562,475,1364,1024,0.05964272,0.1799999,0.6249502
63926388513.6626,1,0,1,1,0,1,64.70425,0,0,0,0,1,116.6562,476,1364,1024,0.05964272,0.1799999,0.6249502
63926388513.9413,1,0,1,1,0,1,64.70425,0,0,0,0,1,116.6562,477,1364,1024,0.05964272,0.1799999,0.6249502
63926388514.2345,1,0,1,1,0,1,64.70425,0,0,0,0,1,116.6562,478,1364,1024,0.05964272,0.1799999,0.6249502
63926388514.5257,1,0,1,1,0,1,64.70425,0,0,0,0,1,116.6562,479,1364,1024,0.05964272,0.1799999,0.6249502
63926388514.833,1,0,1,1,0,1,64.70425,0,0,0,0,1,116.6562,480,1364,1024,0.05964272,0.1799999,0.6249502
63926388515.1293,1,0,1,1,0,1,64.70425,0,0,0,0,1,116.6562,481,1364,1024,0.05964272,0.1799999,0.6249502
63926388515.4057,1,0,1,1,0,1,64.70425,0,0,0,0,1,116.6562,482,1364,1024,0.05964272,0.1799999,0.6249502
63926388515.6892,1,0,1,1,0,1,64.70425,0,0,0,0,1,116.6562,483,1364,1024,0.05964272,0.1799999,0.6249502
63926388515.9606,1,0,1,1,0,1,64.70425,0,0,0,0,1,116.6562,484,1364,1024,0.05964272,0.1799999,0.6249502
63926388516.2692,1,0,1,1,0,1,64.70425,0,0,0,0,1,116.6562,485,1364,1024,0.05964272,0.1799999,0.6249502
63926388516.6093,1,0,1,1,0,1,64.70425,0,0,0,0,1,116.6562,486,1364,1024,0.05964272,0.1799999,0.6249502
63926388517.0149,1,0,1,1,0,1,64.70425,0,0,0,0,1,116.6562,487,1364,1024,0.05964272,0.1799999,0.6249502
63926388517.3884,1,0,1,1,0,1,64.70425,0,0,0,0,1,116.6562,488,1364,1024,0.05964272,0.1799999,0.6249502
63926388517.6952,1,0,1,1,0,1,64.70425,0,0,0,0,1,116.6562,489,1364,1024,0.05964272,0.1799999,0.6249502
63926388517.9931,1,0,1,1,0,1,64.70425,0,0,0,0,1,116.6562,490,1364,1024,0.05964272,0.1799999,0.6249502
63926388518.275,1,0,1,1,0,1,64.70425,0,0,0,0,1,116.6562,491,1364,1024,0.05964272,0.1799999,0.6249502
63926388518.5712,1,0,1,1,0,1,64.70425,0,0,0,0,1,116.6562,492,1364,1024,0.05964272,0.1799999,0.6249502
63926388518.8732,1,0,1,1,0,1,64.70425,0,0,0,0,1,116.6562,493,1364,1024,0.05964272,0.1799999,0.6249502
63926388519.16,1,0,1,1,0,1,64.70425,0,0,0,0,1,116.6562,494,1364,1024,0.05964272,0.1799999,0.6249502
63926388519.4455,1,0,1,1,0,1,64.70425,0,0,0,0,1,116.6562,495,1364,1024,0.05964272,0.1799999,0.6249502
63926388519.7385,1,0,1,1,0,1,64.70425,0,0,0,0,1,116.6562,496,1364,1024,0.05964272,0.1799999,0.6249502
63926388520.0209,1,0,1,1,0,1,64.70425,0,0,0,0,1,116.6562,497,1364,1024,0.05964272,0.1799999,0.6249502
63926388520.3041,1,0,1,1,0,1,64.70425,0,0,0,0,1,116.6562,498,1364,1024,0.05964272,0.1799999,0.6249502
63926388520.5955,1,0,1,1,0,1,64.70425,0,0,0,0,1,116.6562,499,1364,1024,0.05964272,0.1799999,0.6249502
63926388520.8888,1,0,1,1,0,1,64.70425,0,0,0,0,1,116.6562,500,1364,1024,0.05964272,0.1799999,0.6249502
63926388521.1811,1,0,1,1,0,1,64.70425,0,0,0,0,1,116.6562,501,1364,1024,0.05964272,0.1799999,0.6249502
63926388521.475,1,0,1,1,0,1,64.70425,0,0,0,0,1,116.6562,502,1364,1024,0.05964272,0.1799999,0.6249502
63926388521.7674,1,0,1,1,0,1,64.70425,0,0,0,0,1,116.6562,503,1364,1024,0.05964272,0.1799999,0.6249502
63926388522.047,1,0,1,1,0,1,64.70425,0,0,0,0,1,116.6562,504,1364,1024,0.05964272,0.1799999,0.6249502
63926388522.3395,1,0,1,1,0,1,64.70425,0,0,0,0,1,116.6562,505,1364,1024,0.05964272,0.1799999,0.6249502
63926388522.6138,1,0,1,1,0,1,64.70425,0,0,0,0,1,116.6562,506,1364,1024,0.05964272,0.1799999,0.6249502
63926388522.918,1,0,1,1,0,1,64.70425,0,0,0,0,1,116.6562,507,1364,1024,0.05964272,0.1799999,0.6249502
63926388523.1964,1,0,1,1,0,1,64.70425,0,0,0,0,1,116.6562,508,1364,1024,0.05964272,0.1799999,0.6249502
63926388523.485,1,0,1,1,0,1,64.70425,0,0,0,0,1,116.6562,509,1364,1024,0.05964272,0.1799999,0.6249502
63926388523.775,1,0,1,1,0,1,64.70425,0,0,0,0,1,116.6562,510,1364,1024,0.05964272,0.1799999,0.6249502
63926388524.0673,1,0,1,1,0,1,64.70425,0,0,0,0,1,116.6562,511,1364,1024,0.05964272,0.1799999,0.6249502
63926388524.3499,1,0,1,1,0,1,64.70425,0,0,0,0,1,116.6562,512,1364,1024,0.05964272,0.1799999,0.6249502
63926388524.6863,1,0,1,1,0,1,64.70425,0,0,0,0,1,116.6562,513,1364,1024,0.05964272,0.1799999,0.6249502
63926388525.037,1,0,1,1,0,1,64.70425,0,0,0,0,1,116.6562,514,1364,1024,0.05964272,0.1799999,0.6249502
63926388525.3387,1,0,1,1,0,1,64.70425,0,0,0,0,1,116.6562,515,1364,1024,0.05964272,0.1799999,0.6249502
63926388525.6201,1,0,1,1,0,1,64.70425,0,0,0,0,1,116.6562,516,1364,1024,0.05964272,0.1799999,0.6249502
63926388525.9063,1,0,1,1,0,1,64.70425,0,0,0,0,1,116.6562,517,1364,1024,0.05964272,0.1799999,0.6249502
63926388526.2042,1,0,1,1,0,1,64.70425,0,0,0,0,1,116.6562,518,1364,1024,0.05964272,0.1799999,0.6249502
63926388526.54,1,0,1,1,0,1,64.70425,0,0,0,0,1,116.6562,519,1364,1024,0.05964272,0.1799999,0.6249502
63926388526.9272,1,0,1,1,0,1,64.70425,0,0,0,0,1,116.6562,520,1364,1024,0.05964272,0.1799999,0.6249502
63926388527.2146,1,0,1,1,0,1,64.70425,0,0,0,0,1,116.6562,521,1364,1024,0.05964272,0.1799999,0.6249502
63926388527.5044,1,0,1,1,0,1,64.70425,0,0,0,0,1,116.6562,522,1364,1024,0.05964272,0.1799999,0.6249502
63926388527.7998,1,0,1,1,0,1,64.70425,0,0,0,0,1,116.6562,523,1364,1024,0.05964272,0.1799999,0.6249502
63926388528.0948,1,0,1,1,0,1,64.70425,0,0,0,0,1,116.6562,524,1364,1024,0.05964272,0.1799999,0.6249502
63926388528.3964,1,0,1,1,0,1,64.70425,0,0,0,0,1,116.6562,525,1364,1024,0.05964272,0.1799999,0.6249502
63926388528.6832,1,0,1,1,0,1,64.70425,0,0,0,0,1,116.6562,526,1364,1024,0.05964272,0.1799999,0.6249502
63926388528.9836,1,0,1,1,0,1,64.70425,0,0,0,0,1,116.6562,527,1364,1024,0.05964272,0.1799999,0.6249502
63926388529.2772,1,0,1,1,0,1,64.70425,0,0,0,0,1,116.6562,528,1364,1024,0.05964272,0.1799999,0.6249502
63926388529.576,1,0,1,1,0,1,64.70425,0,0,0,0,1,116.6562,529,1364,1024,0.05964272,0.1799999,0.6249502
63926388529.8651,1,0,1,1,0,1,64.70425,0,0,0,0,1,116.6562,530,1364,1024,0.05964272,0.1799999,0.6249502
63926388530.1406,1,0,1,1,0,1,64.70425,0,0,0,0,1,116.6562,531,1364,1024,0.05964272,0.1799999,0.6249502
63926388530.4801,1,0,1,1,0,1,64.70425,0,0,0,0,1,116.6562,532,1364,1024,0.05964272,0.1799999,0.6249502
63926388530.7797,1,0,1,1,0,1,64.70425,0,0,0,0,1,116.6562,533,1364,1024,0.05964272,0.1799999,0.6249502
63926388531.083,1,0,1,1,0,1,64.70425,0,0,0,0,1,116.6562,534,1364,1024,0.05964272,0.1799999,0.6249502
63926388531.3552,1,0,1,1,0,1,64.70425,0,0,0,0,1,116.6562,535,1364,1024,0.05964272,0.1799999,0.6249502
63926388531.6349,1,0,1,1,0,1,64.70425,0,0,0,0,1,116.6562,536,1364,1024,0.05964272,0.1799999,0.6249502
63926388531.9044,1,0,1,1,0,1,64.70425,0,0,0,0,1,116.6562,537,1364,1024,0.05964272,0.1799999,0.6249502
63926388532.1981,1,0,1,1,0,1,64.70425,0,0,0,0,1,116.6562,538,1364,1024,0.05964272,0.1799999,0.6249502
63926388532.4691,1,0,1,1,0,1,64.70425,0,0,0,0,1,116.6562,539,1364,1024,0.05964272,0.1799999,0.6249502
63926388532.7371,1,0,1,1,0,1,64.70425,0,0,0,0,1,116.6562,540,1364,1024,0.05964272,0.1799999,0.6249502
63926388533.0149,1,0,1,1,0,1,64.70425,0,0,0,0,1,116.6562,541,1364,1024,0.05964272,0.1799999,0.6249502
63926388533.3046,1,0,1,1,0,1,64.70425,0,0,0,0,1,116.6562,542,1364,1024,0.05964272,0.1799999,0.6249502
63926388533.593,1,0,1,1,0,1,64.70425,0,0,0,0,1,116.6562,543,1364,1024,0.05964272,0.1799999,0.6249502
63926388533.8749,1,0,1,1,0,1,64.70425,0,0,0,0,1,116.6562,544,1364,1024,0.05964272,0.1799999,0.6249502
63926388534.1529,1,0,1,1,0,1,64.70425,0,0,0,0,1,116.6562,545,1364,1024,0.05964272,0.1799999,0.6249502
63926388534.4418,1,0,1,1,0,1,64.70425,0,0,0,0,1,116.6562,546,1364,1024,0.05964272,0.1799999,0.6249502
63926388534.7346,1,0,1,1,0,1,64.70425,0,0,0,0,1,116.6562,547,1364,1024,0.05964272,0.1799999,0.6249502
63926388535.0378,1,0,1,1,0,1,64.70425,0,0,0,0,1,116.6562,548,1364,1024,0.05964272,0.1799999,0.6249502
63926388535.3302,1,0,1,1,0,1,64.70425,0,0,0,0,1,116.6562,549,1364,1024,0.05964272,0.1799999,0.6249502
63926388535.6277,1,0,1,1,0,1,64.70425,0,0,0,0,1,116.6562,550,1364,1024,0.05964272,0.1799999,0.6249502
63926388535.9058,1,0,1,1,0,1,64.70425,0,0,0,0,1,116.6562,551,1364,1024,0.05964272,0.1799999,0.6249502
63926388536.1835,1,0,1,1,0,1,64.70425,0,0,0,0,1,116.6562,552,1364,1024,0.05964272,0.1799999,0.6249502
63926388536.4643,1,0,1,1,0,1,64.70425,0,0,0,0,1,116.6562,553,1364,1024,0.05964272,0.1799999,0.6249502
63926388536.7375,1,0,1,1,0,1,64.70425,0,0,0,0,1,116.6562,554,1364,1024,0.05964272,0.1799999,0.6249502
63926388537.0323,1,0,1,1,0,1,64.70425,0,0,0,0,1,116.6562,555,1364,1024,0.05964272,0.1799999,0.6249502
63926388537.3231,1,0,1,1,0,1,64.70425,0,0,0,0,1,116.6562,556,1364,1024,0.05964272,0.1799999,0.6249502
63926388537.6188,1,0,1,1,0,1,64.70425,0,0,0,0,1,116.6562,557,1364,1024,0.05964272,0.1799999,0.6249502
63926388537.909,1,0,1,1,0,1,64.70425,0,0,0,0,1,116.6562,558,1364,1024,0.05964272,0.1799999,0.6249502
63926388538.167,1,0,1,1,0,1,64.70425,0,0,0,0,1,116.6562,559,1364,1024,0.05964272,0.1799999,0.6249502
63926388538.4417,1,0,1,1,0,1,64.70425,0,0,0,0,1,116.6562,560,1364,1024,0.05964272,0.1799999,0.6249502
63926388538.73,1,0,1,1,0,1,64.70425,0,0,0,0,1,116.6562,561,1364,1024,0.05964272,0.1799999,0.6249502
63926388539.004,1,0,1,1,0,1,64.70425,0,0,0,0,1,116.6562,562,1364,1024,0.05964272,0.1799999,0.6249502
63926388539.2623,1,0,1,1,0,1,64.70425,0,0,0,0,1,116.6562,563,1364,1024,0.05964272,0.1799999,0.6249502
63926388539.5495,1,0,1,1,0,1,64.70425,0,0,0,0,1,116.6562,564,1364,1024,0.05964272,0.1799999,0.6249502
63926388539.8325,1,0,1,1,0,1,64.70425,0,0,0,0,1,116.6562,565,1364,1024,0.05964272,0.1799999,0.6249502
63926388540.1182,1,0,1,1,0,1,64.70425,0,0,0,0,1,116.6562,566,1364,1024,0.05964272,0.1799999,0.6249502
63926388540.4055,1,0,1,1,0,1,64.70425,0,0,0,0,1,116.6562,567,1364,1024,0.05964272,0.1799999,0.6249502
63926388540.6943,1,0,1,1,0,1,64.70425,0,0,0,0,1,116.6562,568,1364,1024,0.05964272,0.1799999,0.6249502
63926388540.983,1,0,1,1,0,1,64.70425,0,0,0,0,1,116.6562,569,1364,1024,0.05964272,0.1799999,0.6249502
63926388541.2713,1,0,1,1,0,1,64.70425,0,0,0,0,1,116.6562,570,1364,1024,0.05964272,0.1799999,0.6249502
63926388541.5566,1,0,1,1,0,1,64.70425,0,0,0,0,1,116.6562,571,1364,1024,0.05964272,0.1799999,0.6249502
63926388541.8561,1,0,1,1,0,1,64.70425,0,0,0,0,1,116.6562,572,1364,1024,0.05964272,0.1799999,0.6249502
63926388542.1371,1,0,1,1,0,1,64.70425,0,0,0,0,1,116.6562,573,1364,1024,0.05964272,0.1799999,0.6249502
63926388542.4221,1,0,1,1,0,1,64.70425,0,0,0,0,1,116.6562,574,1364,1024,0.05964272,0.1799999,0.6249502
63926388542.6981,1,0,1,1,0,1,64.70425,0,0,0,0,1,116.6562,575,1364,1024,0.05964272,0.1799999,0.6249502
63926388542.9837,1,0,1,1,0,1,64.70425,0,0,0,0,1,116.6562,576,1364,1024,0.05964272,0.1799999,0.6249502
63926388543.2715,1,0,1,1,0,1,64.70425,0,0,0,0,1,116.6562,577,1364,1024,0.05964272,0.1799999,0.6249502
63926388543.5757,1,0,1,1,0,1,64.70425,0,0,0,0,1,116.6562,578,1364,1024,0.05964272,0.1799999,0.6249502
63926388543.8666,1,0,1,1,0,1,64.70425,0,0,0,0,1,116.6562,579,1364,1024,0.05964272,0.1799999,0.6249502
63926388544.1532,1,0,1,1,0,1,64.70425,0,0,0,0,1,116.6562,580,1364,1024,0.05964272,0.1799999,0.6249502
63926388544.4459,1,0,1,1,0,1,64.70425,0,0,0,0,1,116.6562,581,1364,1024,0.05964272,0.1799999,0.6249502
63926388544.7346,1,0,1,1,0,1,64.70425,0,0,0,0,1,116.6562,582,1364,1024,0.05964272,0.1799999,0.6249502
63926388545.0078,1,0,1,1,0,1,64.70425,0,0,0,0,1,116.6562,583,1364,1024,0.05964272,0.1799999,0.6249502
63926388545.2843,1,0,1,1,0,1,64.70425,0,0,0,0,1,116.6562,584,1364,1024,0.05964272,0.1799999,0.6249502
63926388545.582,1,0,1,1,0,1,64.70425,0,0,0,0,1,116.6562,585,1364,1024,0.05964272,0.1799999,0.6249502
63926388545.8562,1,0,1,1,0,1,64.70425,0,0,0,0,1,116.6562,586,1364,1024,0.05964272,0.1799999,0.6249502
63926388546.1209,1,0,1,1,0,1,64.70425,0,0,0,0,1,116.6562,587,1364,1024,0.05964272,0.1799999,0.6249502
63926388546.4086,1,0,1,1,0,1,64.70425,0,0,0,0,1,116.6562,588,1364,1024,0.05964272,0.1799999,0.6249502
63926388546.6944,1,0,1,1,0,1,64.70425,0,0,0,0,1,116.6562,589,1364,1024,0.05964272,0.1799999,0.6249502
63926388546.9958,1,0,1,1,0,1,64.70425,0,0,0,0,1,116.6562,590,1364,1024,0.05964272,0.1799999,0.6249502
63926388547.2952,1,0,1,1,0,1,64.70425,0,0,0,0,1,116.6562,591,1364,1024,0.05964272,0.1799999,0.6249502
63926388547.5812,1,0,1,1,0,1,64.70425,0,0,0,0,1,116.6562,592,1364,1024,0.05964272,0.1799999,0.6249502
63926388547.8643,1,0,1,1,0,1,64.70425,0,0,0,0,1,116.6562,593,1364,1024,0.05964272,0.1799999,0.6249502
63926388548.1563,1,0,1,1,0,1,64.70425,0,0,0,0,1,116.6562,594,1364,1024,0.05964272,0.1799999,0.6249502
63926388548.4651,1,0,1,1,0,1,64.70425,0,0,0,0,1,116.6562,595,1364,1024,0.05964272,0.1799999,0.6249502
63926388548.7519,1,0,1,1,0,1,64.70425,0,0,0,0,1,116.6562,596,1364,1024,0.05964272,0.1799999,0.6249502
63926388549.0276,1,0,1,1,0,1,64.70425,0,0,0,0,1,116.6562,597,1364,1024,0.05964272,0.1799999,0.6249502
63926388549.3092,1,0,1,1,0,1,64.70425,0,0,0,0,1,116.6562,598,1364,1024,0.05964272,0.1799999,0.6249502
63926388549.592,1,0,1,1,0,1,64.70425,0,0,0,0,1,116.6562,599,1364,1024,0.05964272,0.1799999,0.6249502
63926388549.8718,1,0,1,1,0,1,64.70425,0,0,0,0,1,116.6562,600,1364,1024,0.05964272,0.1799999,0.6249502
63926388550.1642,1,0,1,1,0,1,64.70425,0,0,0,0,1,116.6562,601,1364,1024,0.05964272,0.1799999,0.6249502
63926388550.4627,1,0,1,1,0,1,64.70425,0,0,0,0,1,116.6562,602,1364,1024,0.05964272,0.1799999,0.6249502
63926388550.7325,1,0,1,1,0,1,64.70425,0,0,0,0,1,116.6562,603,1364,1024,0.05964272,0.1799999,0.6249502
63926388551.0085,1,0,1,1,0,1,64.70425,0,0,0,0,1,116.6562,604,1364,1024,0.05964272,0.1799999,0.6249502
63926388551.2908,1,0,1,1,0,1,64.70425,0,0,0,0,1,116.6562,605,1364,1024,0.05964272,0.1799999,0.6249502
63926388551.5815,1,0,1,1,0,1,64.70425,0,0,0,0,1,116.6562,606,1364,1024,0.05964272,0.1799999,0.6249502
63926388551.8592,1,0,1,1,0,1,64.70425,0,0,0,0,1,116.6562,607,1364,1024,0.05964272,0.1799999,0.6249502
63926388552.1629,1,0,1,1,0,1,64.70425,0,0,0,0,1,116.6562,608,1364,1024,0.05964272,0.1799999,0.6249502
63926388552.427,1,0,1,1,0,1,64.70425,0,0,0,0,1,116.6562,609,1364,1024,0.05964272,0.1799999,0.6249502
63926388552.7006,1,0,1,1,0,1,64.70425,0,0,0,0,1,116.6562,610,1364,1024,0.05964272,0.1799999,0.6249502
63926388552.9975,1,0,1,1,0,1,64.70425,0,0,0,0,1,116.6562,611,1364,1024,0.05964272,0.1799999,0.6249502
63926388553.2925,1,0,1,1,0,1,64.70425,0,0,0,0,1,116.6562,612,1364,1024,0.05964272,0.1799999,0.6249502
63926388553.5778,1,0,1,1,0,1,64.70425,0,0,0,0,1,116.6562,613,1364,1024,0.05964272,0.1799999,0.6249502
63926388553.8529,1,0,1,1,0,1,64.70425,0,0,0,0,1,116.6562,614,1364,1024,0.05964272,0.1799999,0.6249502
63926388554.1446,1,0,1,1,0,1,64.70425,0,0,0,0,1,116.6562,615,1364,1024,0.05964272,0.1799999,0.6249502
63926388554.4204,1,0,1,1,0,1,64.70425,0,0,0,0,1,116.6562,616,1364,1024,0.05964272,0.1799999,0.6249502
63926388554.6996,1,0,1,1,0,1,64.70425,0,0,0,0,1,116.6562,617,1364,1024,0.05964272,0.1799999,0.6249502
63926388554.9762,1,0,1,1,0,1,64.70425,0,0,0,0,1,116.6562,618,1364,1024,0.05964272,0.1799999,0.6249502
63926388555.2707,1,0,1,1,0,1,64.70425,0,0,0,0,1,116.6562,619,1364,1024,0.05964272,0.1799999,0.6249502
63926388555.5619,1,0,1,1,0,1,64.70425,0,0,0,0,1,116.6562,620,1364,1024,0.05964272,0.1799999,0.6249502
63926388555.8608,1,0,1,1,0,1,64.70425,0,0,0,0,1,116.6562,621,1364,1024,0.05964272,0.1799999,0.6249502
63926388556.1442,1,0,1,1,0,1,64.70425,0,0,0,0,1,116.6562,622,1364,1024,0.05964272,0.1799999,0.6249502
63926388556.4298,1,0,1,1,0,1,64.70425,0,0,0,0,1,116.6562,623,1364,1024,0.05964272,0.1799999,0.6249502
63926388556.7397,1,0,1,1,0,1,64.70425,0,0,0,0,1,116.6562,624,1364,1024,0.05964272,0.1799999,0.6249502
63926388557.0318,1,0,1,1,0,1,64.70425,0,0,0,0,1,116.6562,625,1364,1024,0.05964272,0.1799999,0.6249502
63926388557.3408,1,0,1,1,0,1,64.70425,0,0,0,0,1,116.6562,626,1364,1024,0.05964272,0.1799999,0.6249502
63926388557.6349,1,0,1,1,0,1,64.70425,0,0,0,0,1,116.6562,627,1364,1024,0.05964272,0.1799999,0.6249502
63926388557.9172,1,0,1,1,0,1,64.70425,0,0,0,0,1,116.6562,628,1364,1024,0.05964272,0.1799999,0.6249502
63926388558.1955,1,0,1,1,0,1,64.70425,0,0,0,0,1,116.6562,629,1364,1024,0.05964272,0.1799999,0.6249502
63926388558.4706,1,0,1,1,0,1,64.70425,0,0,0,0,1,116.6562,630,1364,1024,0.05964272,0.1799999,0.6249502
63926388558.7525,1,0,1,1,0,1,64.70425,0,0,0,0,1,116.6562,631,1364,1024,0.05964272,0.1799999,0.6249502
63926388559.0349,1,0,1,1,0,1,64.70425,0,0,0,0,1,116.6562,632,1364,1024,0.05964272,0.1799999,0.6249502
63926388559.3191,1,0,1,1,0,1,64.70425,0,0,0,0,1,116.6562,633,1364,1024,0.05964272,0.1799999,0.6249502
63926388559.5997,1,0,1,1,0,1,64.70425,0,0,0,0,1,116.6562,634,1364,1024,0.05964272,0.1799999,0.6249502
63926388559.8805,1,0,1,1,0,1,64.70425,0,0,0,0,1,116.6562,635,1364,1024,0.05964272,0.1799999,0.6249502
63926388560.1817,1,0,1,1,0,1,64.70425,0,0,0,0,1,116.6562,636,1364,1024,0.05964272,0.1799999,0.6249502
63926388560.4656,1,0,1,1,0,1,64.70425,0,0,0,0,1,116.6562,637,1364,1024,0.05964272,0.1799999,0.6249502
63926388560.7526,1,0,1,1,0,1,64.70425,0,0,0,0,1,116.6562,638,1364,1024,0.05964272,0.1799999,0.6249502
63926388561.0323,1,0,1,1,0,1,64.70425,0,0,0,0,1,116.6562,639,1364,1024,0.05964272,0.1799999,0.6249502
63926388561.3168,1,0,1,1,0,1,64.70425,0,0,0,0,1,116.6562,640,1364,1024,0.05964272,0.1799999,0.6249502
63926388561.5928,1,0,1,1,0,1,64.70425,0,0,0,0,1,116.6562,641,1364,1024,0.05964272,0.1799999,0.6249502
63926388561.8487,1,0,1,1,0,1,64.70425,0,0,0,0,1,116.6562,642,1364,1024,0.05964272,0.1799999,0.6249502
63926388562.1149,1,0,1,1,0,1,64.70425,0,0,0,0,1,116.6562,643,1364,1024,0.05964272,0.1799999,0.6249502
63926388562.4022,1,0,1,1,0,1,64.70425,0,0,0,0,1,116.6562,644,1364,1024,0.05964272,0.1799999,0.6249502
63926388562.6795,1,0,1,1,0,1,64.70425,0,0,0,0,1,116.6562,645,1364,1024,0.05964272,0.1799999,0.6249502
63926388562.9497,1,0,1,1,0,1,64.70425,0,0,0,0,1,116.6562,646,1364,1024,0.05964272,0.1799999,0.6249502
63926388563.2337,1,0,1,1,0,1,64.70425,0,0,0,0,1,116.6562,647,1364,1024,0.05964272,0.1799999,0.6249502
63926388563.5215,1,0,1,1,0,1,64.70425,0,0,0,0,1,116.6562,648,1364,1024,0.05964272,0.1799999,0.6249502
63926388563.7997,1,0,1,1,0,1,64.70425,0,0,0,0,1,116.6562,649,1364,1024,0.05964272,0.1799999,0.6249502
63926388564.0811,1,0,1,1,0,1,64.70425,0,0,0,0,1,116.6562,650,1364,1024,0.05964272,0.1799999,0.6249502
63926388564.3638,1,0,1,1,0,1,64.70425,0,0,0,0,1,116.6562,651,1364,1024,0.05964272,0.1799999,0.6249502
63926388564.6683,1,0,1,1,0,1,64.70425,0,0,0,0,1,116.6562,652,1364,1024,0.05964272,0.1799999,0.6249502
63926388564.955,1,0,1,1,0,1,64.70425,0,0,0,0,1,116.6562,653,1364,1024,0.05964272,0.1799999,0.6249502
63926388565.2502,1,0,1,1,0,1,64.70425,0,0,0,0,1,116.6562,654,1364,1024,0.05964272,0.1799999,0.6249502
63926388565.533,1,0,1,1,0,1,64.70425,0,0,0,0,1,116.6562,655,1364,1024,0.05964272,0.1799999,0.6249502
63926388565.8108,1,0,1,1,0,1,64.70425,0,0,0,0,1,116.6562,656,1364,1024,0.05964272,0.1799999,0.6249502
63926388566.0982,1,0,1,1,0,1,64.70425,0,0,0,0,1,116.6562,657,1364,1024,0.05964272,0.1799999,0.6249502
63926388566.4107,1,0,1,1,0,1,64.70425,0,0,0,0,1,116.6562,658,1364,1024,0.05964272,0.1799999,0.6249502
63926388566.6831,1,0,1,1,0,1,64.70425,0,0,0,0,1,116.6562,659,1364,1024,0.05964272,0.1799999,0.6249502
63926388566.9805,1,0,1,1,0,1,64.70425,0,0,0,0,1,116.6562,660,1364,1024,0.05964272,0.1799999,0.6249502
63926388567.2767,1,0,1,1,0,1,64.70425,0,0,0,0,1,116.6562,661,1364,1024,0.05964272,0.1799999,0.6249502
63926388567.5621,1,0,1,1,0,1,64.70425,0,0,0,0,1,116.6562,662,1364,1024,0.05964272,0.1799999,0.6249502
63926388567.883,1,0,1,1,0,1,64.70425,0,0,0,0,1,116.6562,663,1364,1024,0.05964272,0.1799999,0.6249502
63926388568.1745,1,0,1,1,0,1,64.70425,0,0,0,0,1,116.6562,664,1364,1024,0.05964272,0.1799999,0.6249502
63926388568.4675,1,0,1,1,0,1,64.70425,0,0,0,0,1,116.6562,665,1364,1024,0.05964272,0.1799999,0.6249502
63926388568.7622,1,0,1,1,0,1,64.70425,0,0,0,0,1,116.6562,666,1364,1024,0.05964272,0.1799999,0.6249502
63926388569.0428,1,0,1,1,0,1,64.70425,0,0,0,0,1,116.6562,667,1364,1024,0.05964272,0.1799999,0.6249502
63926388569.3332,1,0,1,1,0,1,64.70425,0,0,0,0,1,116.6562,668,1364,1024,0.05964272,0.1799999,0.6249502
63926388569.6204,1,0,1,1,0,1,64.70425,0,0,0,0,1,116.6562,669,1364,1024,0.05964272,0.1799999,0.6249502
63926388569.8935,1,0,1,1,0,1,64.70425,0,0,0,0,1,116.6562,670,1364,1024,0.05964272,0.1799999,0.6249502
63926388570.1744,1,0,1,1,0,1,64.70425,0,0,0,0,1,116.6562,671,1364,1024,0.05964272,0.1799999,0.6249502
63926388570.455,1,0,1,1,0,1,64.70425,0,0,0,0,1,116.6562,672,1364,1024,0.05964272,0.1799999,0.6249502
63926388570.7268,1,0,1,1,0,1,64.70425,0,0,0,0,1,116.6562,673,1364,1024,0.05964272,0.1799999,0.6249502
63926388571.0106,1,0,1,1,0,1,64.70425,0,0,0,0,1,116.6562,674,1364,1024,0.05964272,0.1799999,0.6249502
63926388571.2932,1,0,1,1,0,1,64.70425,0,0,0,0,1,116.6562,675,1364,1024,0.05964272,0.1799999,0.6249502
63926388571.5953,1,0,1,1,0,1,64.70425,0,0,0,0,1,116.6562,676,1364,1024,0.05964272,0.1799999,0.6249502
63926388571.8747,1,0,1,1,0,1,64.70425,0,0,0,0,1,116.6562,677,1364,1024,0.05964272,0.1799999,0.6249502
63926388572.1698,1,0,1,1,0,1,64.70425,0,0,0,0,1,116.6562,678,1364,1024,0.05964272,0.1799999,0.6249502
63926388572.4486,1,0,1,1,0,1,64.70425,0,0,0,0,1,116.6562,679,1364,1024,0.05964272,0.1799999,0.6249502
63926388572.72,1,0,1,1,0,1,64.70425,0,0,0,0,1,116.6562,680,1364,1024,0.05964272,0.1799999,0.6249502
63926388572.9983,1,0,1,1,0,1,64.70425,0,0,0,0,1,116.6562,681,1364,1024,0.05964272,0.1799999,0.6249502
63926388573.2825,1,0,1,1,0,1,64.70425,0,0,0,0,1,116.6562,682,1364,1024,0.05964272,0.1799999,0.6249502
63926388573.5738,1,0,1,1,0,1,64.70425,0,0,0,0,1,116.6562,683,1364,1024,0.05964272,0.1799999,0.6249502
63926388573.8557,1,0,1,1,0,1,64.70425,0,0,0,0,1,116.6562,684,1364,1024,0.05964272,0.1799999,0.6249502
63926388574.1409,1,0,1,1,0,1,64.70425,0,0,0,0,1,116.6562,685,1364,1024,0.05964272,0.1799999,0.6249502
63926388574.4206,1,0,1,1,0,1,64.70425,0,0,0,0,1,116.6562,686,1364,1024,0.05964272,0.1799999,0.6249502
63926388574.6954,1,0,1,1,0,1,64.70425,0,0,0,0,1,116.6562,687,1364,1024,0.05964272,0.1799999,0.6249502
63926388574.9772,1,0,1,1,0,1,64.70425,0,0,0,0,1,116.6562,688,1364,1024,0.05964272,0.1799999,0.6249502
63926388575.2605,1,0,1,1,0,1,64.70425,0,0,0,0,1,116.6562,689,1364,1024,0.05964272,0.1799999,0.6249502
63926388575.5544,1,0,1,1,0,1,64.70425,0,0,0,0,1,116.6562,690,1364,1024,0.05964272,0.1799999,0.6249502
63926388575.8256,1,0,1,1,0,1,64.70425,0,0,0,0,1,116.6562,691,1364,1024,0.05964272,0.1799999,0.6249502
63926388576.1104,1,0,1,1,0,1,64.70425,0,0,0,0,1,116.6562,692,1364,1024,0.05964272,0.1799999,0.6249502
63926388576.3758,1,0,1,1,0,1,64.70425,0,0,0,0,1,116.6562,693,1364,1024,0.05964272,0.1799999,0.6249502
63926388576.6859,1,0,1,1,0,1,64.70425,0,0,0,0,1,116.6562,694,1364,1024,0.05964272,0.1799999,0.6249502
63926388577.0027,1,0,1,1,0,1,64.70425,0,0,0,0,1,116.6562,695,1364,1024,0.05964272,0.1799999,0.6249502
63926388577.291,1,0,1,1,0,1,64.70425,0,0,0,0,1,116.6562,696,1364,1024,0.05964272,0.1799999,0.6249502
63926388577.5868,1,0,1,1,0,1,64.70425,0,0,0,0,1,116.6562,697,1364,1024,0.05964272,0.1799999,0.6249502
63926388577.8574,1,0,1,1,0,1,64.70425,0,0,0,0,1,116.6562,698,1364,1024,0.05964272,0.1799999,0.6249502
63926388578.1271,1,0,1,1,0,1,64.70425,0,0,0,0,1,116.6562,699,1364,1024,0.05964272,0.1799999,0.6249502
63926388578.4164,1,0,1,1,0,1,64.70425,0,0,0,0,1,116.6562,700,1364,1024,0.05964272,0.1799999,0.6249502
63926388578.703,1,0,1,1,0,1,64.70425,0,0,0,0,1,116.6562,701,1364,1024,0.05964272,0.1799999,0.6249502
63926388578.9807,1,0,1,1,0,1,64.70425,0,0,0,0,1,116.6562,702,1364,1024,0.05964272,0.1799999,0.6249502
63926388579.2498,1,0,1,1,0,1,64.70425,0,0,0,0,1,116.6562,703,1364,1024,0.05964272,0.1799999,0.6249502
63926388579.5327,1,0,1,1,0,1,64.70425,0,0,0,0,1,116.6562,704,1364,1024,0.05964272,0.1799999,0.6249502
63926388579.7943,1,0,1,1,0,1,64.70425,0,0,0,0,1,116.6562,705,1364,1024,0.05964272,0.1799999,0.6249502
63926388580.0741,1,0,1,1,0,1,64.70425,0,0,0,0,1,116.6562,706,1364,1024,0.05964272,0.1799999,0.6249502
63926388580.354,1,0,1,1,0,1,64.70425,0,0,0,0,1,116.6562,707,1364,1024,0.05964272,0.1799999,0.6249502
63926388580.6296,1,0,1,1,0,1,64.70425,0,0,0,0,1,116.6562,708,1364,1024,0.05964272,0.1799999,0.6249502
63926388580.9033,1,0,1,1,0,1,64.70425,0,0,0,0,1,116.6562,709,1364,1024,0.05964272,0.1799999,0.6249502
63926388581.1742,1,0,1,1,0,1,64.70425,0,0,0,0,1,116.6562,710,1364,1024,0.05964272,0.1799999,0.6249502
63926388581.4614,1,0,1,1,0,1,64.70425,0,0,0,0,1,116.6562,711,1364,1024,0.05964272,0.1799999,0.6249502
63926388581.7638,1,0,1,1,0,1,64.70425,0,0,0,0,1,116.6562,712,1364,1024,0.05964272,0.1799999,0.6249502
63926388582.0487,1,0,1,1,0,1,64.70425,0,0,0,0,1,116.6562,713,1364,1024,0.05964272,0.1799999,0.6249502
63926388582.3161,1,0,1,1,0,1,64.70425,0,0,0,0,1,116.6562,714,1364,1024,0.05964272,0.1799999,0.6249502
63926388582.6166,1,0,1,1,0,1,64.70425,0,0,0,0,1,116.6562,715,1364,1024,0.05964272,0.1799999,0.6249502
63926388582.9171,1,0,1,1,0,1,64.70425,0,0,0,0,1,116.6562,716,1364,1024,0.05964272,0.1799999,0.6249502
63926388583.2101,1,0,1,1,0,1,64.70425,0,0,0,0,1,116.6562,717,1364,1024,0.05964272,0.1799999,0.6249502
63926388583.4817,1,0,1,1,0,1,64.70425,0,0,0,0,1,116.6562,718,1364,1024,0.05964272,0.1799999,0.6249502
63926388583.729,1,0,1,1,0,1,64.70425,0,0,0,0,1,116.6562,719,1364,1024,0.05964272,0.1799999,0.6249502
63926388584.0236,1,0,1,1,0,1,64.70425,0,0,0,0,1,116.6562,720,1364,1024,0.05964272,0.1799999,0.6249502
63926388584.318,1,0,1,1,0,1,64.70425,0,0,0,0,1,116.6562,721,1364,1024,0.05964272,0.1799999,0.6249502
63926388584.6334,1,0,1,1,0,1,64.70425,0,0,0,0,1,116.6562,722,1364,1024,0.05964272,0.1799999,0.6249502
63926388584.9374,1,0,1,1,0,1,64.70425,0,0,0,0,1,116.6562,723,1364,1024,0.05964272,0.1799999,0.6249502
63926388585.3016,1,0,1,1,0,1,64.70425,0,0,0,0,1,116.6562,724,1364,1024,0.05964272,0.1799999,0.6249502
63926388585.6043,1,0,1,1,0,1,64.70425,0,0,0,0,1,116.6562,725,1364,1024,0.05964272,0.1799999,0.6249502
63926388585.915,1,0,1,1,0,1,64.70425,0,0,0,0,1,116.6562,726,1364,1024,0.05964272,0.1799999,0.6249502
63926388586.2044,1,0,1,1,0,1,64.70425,0,0,0,0,1,116.6562,727,1364,1024,0.05964272,0.1799999,0.6249502
63926388586.4954,1,0,1,1,0,1,64.70425,0,0,0,0,1,116.6562,728,1364,1024,0.05964272,0.1799999,0.6249502
63926388586.7832,1,0,1,1,0,1,64.70425,0,0,0,0,1,116.6562,729,1364,1024,0.05964272,0.1799999,0.6249502
63926388587.0662,1,0,1,1,0,1,64.70425,0,0,0,0,1,116.6562,730,1364,1024,0.05964272,0.1799999,0.6249502
63926388587.3509,1,0,1,1,0,1,64.70425,0,0,0,0,1,116.6562,731,1364,1024,0.05964272,0.1799999,0.6249502
63926388587.6622,1,0,1,1,0,1,64.70425,0,0,0,0,1,116.6562,732,1364,1024,0.05964272,0.1799999,0.6249502
63926388587.9557,1,0,1,1,0,1,64.70425,0,0,0,0,1,116.6562,733,1364,1024,0.05964272,0.1799999,0.6249502
63926388588.26,1,0,1,1,0,1,64.70425,0,0,0,0,1,116.6562,734,1364,1024,0.05964272,0.1799999,0.6249502
63926388588.545,1,0,1,1,0,1,64.70425,0,0,0,0,1,116.6562,735,1364,1024,0.05964272,0.1799999,0.6249502
63926388588.855,1,0,1,1,0,1,64.70425,0,0,0,0,1,116.6562,736,1364,1024,0.05964272,0.1799999,0.6249502
63926388589.1465,1,0,1,1,0,1,64.70425,0,0,0,0,1,116.6562,737,1364,1024,0.05964272,0.1799999,0.6249502
63926388589.4397,1,0,1,1,0,1,64.70425,0,0,0,0,1,116.6562,738,1364,1024,0.05964272,0.1799999,0.6249502
63926388589.7168,1,0,1,1,0,1,64.70425,0,0,0,0,1,116.6562,739,1364,1024,0.05964272,0.1799999,0.6249502
63926388590.018,1,0,1,1,0,1,64.70425,0,0,0,0,1,116.6562,740,1364,1024,0.05964272,0.1799999,0.6249502
63926388590.2973,1,0,1,1,0,1,64.70425,0,0,0,0,1,116.6562,741,1364,1024,0.05964272,0.1799999,0.6249502
63926388590.569,1,0,1,1,0,1,64.70425,0,0,0,0,1,116.6562,742,1364,1024,0.05964272,0.1799999,0.6249502
63926388590.844,1,0,1,1,0,1,64.70425,0,0,0,0,1,116.6562,743,1364,1024,0.05964272,0.1799999,0.6249502
63926388591.1302,1,0,1,1,0,1,64.70425,0,0,0,0,1,116.6562,744,1364,1024,0.05964272,0.1799999,0.6249502
63926388591.4328,1,0,1,1,0,1,64.70425,0,0,0,0,1,116.6562,745,1364,1024,0.05964272,0.1799999,0.6249502
63926388591.736,1,0,1,1,0,1,64.70425,0,0,0,0,1,116.6562,746,1364,1024,0.05964272,0.1799999,0.6249502
63926388592.0624,1,0,1,1,0,1,64.70425,0,0,0,0,1,116.6562,747,1364,1024,0.05964272,0.1799999,0.6249502
63926388592.3853,1,0,1,1,0,1,64.70425,0,0,0,0,1,116.6562,748,1364,1024,0.05964272,0.1799999,0.6249502
63926388592.6629,1,0,1,1,0,1,64.70425,0,0,0,0,1,116.6562,749,1364,1024,0.05964272,0.1799999,0.6249502
63926388592.936,1,0,1,1,0,1,64.70425,0,0,0,0,1,116.6562,750,1364,1024,0.05964272,0.1799999,0.6249502
63926388593.2234,1,0,1,1,0,1,64.70425,0,0,0,0,1,116.6562,751,1364,1024,0.05964272,0.1799999,0.6249502
63926388593.5094,1,0,1,1,0,1,64.70425,0,0,0,0,1,116.6562,752,1364,1024,0.05964272,0.1799999,0.6249502
63926388593.7949,1,0,1,1,0,1,64.70425,0,0,0,0,1,116.6562,753,1364,1024,0.05964272,0.1799999,0.6249502
63926388594.0718,1,0,1,1,0,1,64.70425,0,0,0,0,1,116.6562,754,1364,1024,0.05964272,0.1799999,0.6249502
63926388594.3553,1,0,1,1,0,1,64.70425,0,0,0,0,1,116.6562,755,1364,1024,0.05964272,0.1799999,0.6249502
63926388594.6259,1,0,1,1,0,1,64.70425,0,0,0,0,1,116.6562,756,1364,1024,0.05964272,0.1799999,0.6249502
63926388594.881,1,0,1,1,0,1,64.70425,0,0,0,0,1,116.6562,757,1364,1024,0.05964272,0.1799999,0.6249502
63926388595.1497,1,0,1,1,0,1,64.70425,0,0,0,0,1,116.6562,758,1364,1024,0.05964272,0.1799999,0.6249502
63926388595.4406,1,0,1,1,0,1,64.70425,0,0,0,0,1,116.6562,759,1364,1024,0.05964272,0.1799999,0.6249502
63926388595.7422,1,0,1,1,0,1,64.70425,0,0,0,0,1,116.6562,760,1364,1024,0.05964272,0.1799999,0.6249502
63926388596.0391,1,0,1,1,0,1,64.70425,0,0,0,0,1,116.6562,761,1364,1024,0.05964272,0.1799999,0.6249502
63926388596.3038,1,0,1,1,0,1,64.70425,0,0,0,0,1,116.6562,762,1364,1024,0.05964272,0.1799999,0.6249502
63926388596.621,1,0,1,1,0,1,64.70425,0,0,0,0,1,116.6562,763,1364,1024,0.05964272,0.1799999,0.6249502
63926388596.9221,1,0,1,1,0,1,64.70425,0,0,0,0,1,116.6562,764,1364,1024,0.05964272,0.1799999,0.6249502
63926388597.2197,1,0,1,1,0,1,64.70425,0,0,0,0,1,116.6562,765,1364,1024,0.05964272,0.1799999,0.6249502
63926388597.5139,1,0,1,1,0,1,64.70425,0,0,0,0,1,116.6562,766,1364,1024,0.05964272,0.1799999,0.6249502
63926388597.8032,1,0,1,1,0,1,64.70425,0,0,0,0,1,116.6562,767,1364,1024,0.05964272,0.1799999,0.6249502
63926388598.0881,1,0,1,1,0,1,64.70425,0,0,0,0,1,116.6562,768,1364,1024,0.05964272,0.1799999,0.6249502
63926388598.3726,1,0,1,1,0,1,64.70425,0,0,0,0,1,116.6562,769,1364,1024,0.05964272,0.1799999,0.6249502
63926388598.6588,1,0,1,1,0,1,64.70425,0,0,0,0,1,116.6562,770,1364,1024,0.05964272,0.1799999,0.6249502
63926388598.9509,1,0,1,1,0,1,64.70425,0,0,0,0,1,116.6562,771,1364,1024,0.05964272,0.1799999,0.6249502
63926388599.2367,1,0,1,1,0,1,64.70425,0,0,0,0,1,116.6562,772,1364,1024,0.05964272,0.1799999,0.6249502
63926388599.5123,1,0,1,1,0,1,64.70425,0,0,0,0,1,116.6562,773,1364,1024,0.05964272,0.1799999,0.6249502
63926388599.7943,1,0,1,1,0,1,64.70425,0,0,0,0,1,116.6562,774,1364,1024,0.05964272,0.1799999,0.6249502
63926388600.0807,1,0,1,1,0,1,64.70425,0,0,0,0,1,116.6562,775,1364,1024,0.05964272,0.1799999,0.6249502
63926388600.3677,1,0,1,1,0,1,64.70425,0,0,0,0,1,116.6562,776,1364,1024,0.05964272,0.1799999,0.6249502
63926388600.6511,1,0,1,1,0,1,64.70425,0,0,0,0,1,116.6562,777,1364,1024,0.05964272,0.1799999,0.6249502
63926388600.9287,1,0,1,1,0,1,64.70425,0,0,0,0,1,116.6562,778,1364,1024,0.05964272,0.1799999,0.6249502
63926388601.2112,1,0,1,1,0,1,64.70425,0,0,0,0,1,116.6562,779,1364,1024,0.05964272,0.1799999,0.6249502
63926388601.4895,1,0,1,1,0,1,64.70425,0,0,0,0,1,116.6562,780,1364,1024,0.05964272,0.1799999,0.6249502
63926388601.7803,1,0,1,1,0,1,64.70425,0,0,0,0,1,116.6562,781,1364,1024,0.05964272,0.1799999,0.6249502
63926388602.0664,1,0,1,1,0,1,64.70425,0,0,0,0,1,116.6562,782,1364,1024,0.05964272,0.1799999,0.6249502
63926388602.3279,1,0,1,1,0,1,64.70425,0,0,0,0,1,116.6562,783,1364,1024,0.05964272,0.1799999,0.6249502
63926388602.6279,1,0,1,1,0,1,64.70425,0,0,0,0,1,116.6562,784,1364,1024,0.05964272,0.1799999,0.6249502
63926388602.9044,1,0,1,1,0,1,64.70425,0,0,0,0,1,116.6562,785,1364,1024,0.05964272,0.1799999,0.6249502
63926388603.1819,1,0,1,1,0,1,64.70425,0,0,0,0,1,116.6562,786,1364,1024,0.05964272,0.1799999,0.6249502
63926388603.4618,1,0,1,1,0,1,64.70425,0,0,0,0,1,116.6562,787,1364,1024,0.05964272,0.1799999,0.6249502
63926388603.7544,1,0,1,1,0,1,64.70425,0,0,0,0,1,116.6562,788,1364,1024,0.05964272,0.1799999,0.6249502
63926388604.0486,1,0,1,1,0,1,64.70425,0,0,0,0,1,116.6562,789,1364,1024,0.05964272,0.1799999,0.6249502
63926388604.3345,1,0,1,1,0,1,64.70425,0,0,0,0,1,116.6562,790,1364,1024,0.05964272,0.1799999,0.6249502
63926388604.6236,1,0,1,1,0,1,64.70425,0,0,0,0,1,116.6562,791,1364,1024,0.05964272,0.1799999,0.6249502
63926388604.9139,1,0,1,1,0,1,64.70425,0,0,0,0,1,116.6562,792,1364,1024,0.05964272,0.1799999,0.6249502
63926388605.2008,1,0,1,1,0,1,64.70425,0,0,0,0,1,116.6562,793,1364,1024,0.05964272,0.1799999,0.6249502
63926388605.4981,1,0,1,1,0,1,64.70425,0,0,0,0,1,116.6562,794,1364,1024,0.05964272,0.1799999,0.6249502
63926388605.7929,1,0,1,1,0,1,64.70425,0,0,0,0,1,116.6562,795,1364,1024,0.05964272,0.1799999,0.6249502
63926388606.0846,1,0,1,1,0,1,64.70425,0,0,0,0,1,116.6562,796,1364,1024,0.05964272,0.1799999,0.6249502
63926388606.3822,1,0,1,1,0,1,64.70425,0,0,0,0,1,116.6562,797,1364,1024,0.05964272,0.1799999,0.6249502
63926388606.6734,1,0,1,1,0,1,64.70425,0,0,0,0,1,116.6562,798,1364,1024,0.05964272,0.1799999,0.6249502
63926388606.9817,1,0,1,1,0,1,64.70425,0,0,0,0,1,116.6562,799,1364,1024,0.05964272,0.1799999,0.6249502
63926388607.2932,1,0,1,1,0,1,64.70425,0,0,0,0,1,116.6562,800,1364,1024,0.05964272,0.1799999,0.6249502
63926388607.5982,1,0,1,1,0,1,64.70425,0,0,0,0,1,116.6562,801,1364,1024,0.05964272,0.1799999,0.6249502
63926388607.9077,1,0,1,1,0,1,64.70425,0,0,0,0,1,116.6562,802,1364,1024,0.05964272,0.1799999,0.6249502
63926388608.2098,1,0,1,1,0,1,64.70425,0,0,0,0,1,116.6562,803,1364,1024,0.05964272,0.1799999,0.6249502
63926388608.5153,1,0,1,1,0,1,64.70425,0,0,0,0,1,116.6562,804,1364,1024,0.05964272,0.1799999,0.6249502
63926388608.8244,1,0,1,1,0,1,64.70425,0,0,0,0,1,116.6562,805,1364,1024,0.05964272,0.1799999,0.6249502
63926388609.1211,1,0,1,1,0,1,64.70425,0,0,0,0,1,116.6562,806,1364,1024,0.05964272,0.1799999,0.6249502
63926388609.4129,1,0,1,1,0,1,64.70425,0,0,0,0,1,116.6562,807,1364,1024,0.05964272,0.1799999,0.6249502
63926388609.6998,1,0,1,1,0,1,64.70425,0,0,0,0,1,116.6562,808,1364,1024,0.05964272,0.1799999,0.6249502
63926388610.0042,1,0,1,1,0,1,64.70425,0,0,0,0,1,116.6562,809,1364,1024,0.05964272,0.1799999,0.6249502
63926388610.2972,1,0,1,1,0,1,64.70425,0,0,0,0,1,116.6562,810,1364,1024,0.05964272,0.1799999,0.6249502
63926388610.5952,1,0,1,1,0,1,64.70425,0,0,0,0,1,116.6562,811,1364,1024,0.05964272,0.1799999,0.6249502
63926388610.8946,1,0,1,1,0,1,64.70425,0,0,0,0,1,116.6562,812,1364,1024,0.05964272,0.1799999,0.6249502
63926388611.1926,1,0,1,1,0,1,64.70425,0,0,0,0,1,116.6562,813,1364,1024,0.05964272,0.1799999,0.6249502
63926388611.5079,1,0,1,1,0,1,64.70425,0,0,0,0,1,116.6562,814,1364,1024,0.05964272,0.1799999,0.6249502
63926388611.8088,1,0,1,1,0,1,64.70425,0,0,0,0,1,116.6562,815,1364,1024,0.05964272,0.1799999,0.6249502
63926388612.1023,1,0,1,1,0,1,64.70425,0,0,0,0,1,116.6562,816,1364,1024,0.05964272,0.1799999,0.6249502
63926388612.3973,1,0,1,1,0,1,64.70425,0,0,0,0,1,116.6562,817,1364,1024,0.05964272,0.1799999,0.6249502
63926388612.6932,1,0,1,1,0,1,64.70425,0,0,0,0,1,116.6562,818,1364,1024,0.05964272,0.1799999,0.6249502
63926388612.9748,1,0,1,1,0,1,64.70425,0,0,0,0,1,116.6562,819,1364,1024,0.05964272,0.1799999,0.6249502
63926388613.2662,1,0,1,1,0,1,64.70425,0,0,0,0,1,116.6562,820,1364,1024,0.05964272,0.1799999,0.6249502
63926388613.5658,1,0,1,1,0,1,64.70425,0,0,0,0,1,116.6562,821,1364,1024,0.05964272,0.1799999,0.6249502
63926388613.8543,1,0,1,1,0,1,64.70425,0,0,0,0,1,116.6562,822,1364,1024,0.05964272,0.1799999,0.6249502
63926388614.1476,1,0,1,1,0,1,64.70425,0,0,0,0,1,116.6562,823,1364,1024,0.05964272,0.1799999,0.6249502
63926388614.437,1,0,1,1,0,1,64.70425,0,0,0,0,1,116.6562,824,1364,1024,0.05964272,0.1799999,0.6249502
63926388614.731,1,0,1,1,0,1,64.70425,0,0,0,0,1,116.6562,825,1364,1024,0.05964272,0.1799999,0.6249502
63926388615.0189,1,0,1,1,0,1,64.70425,0,0,0,0,1,116.6562,826,1364,1024,0.05964272,0.1799999,0.6249502
63926388615.3081,1,0,1,1,0,1,64.70425,0,0,0,0,1,116.6562,827,1364,1024,0.05964272,0.1799999,0.6249502
63926388615.599,1,0,1,1,0,1,64.70425,0,0,0,0,1,116.6562,828,1364,1024,0.05964272,0.1799999,0.6249502
63926388615.9008,1,0,1,1,0,1,64.70425,0,0,0,0,1,116.6562,829,1364,1024,0.05964272,0.1799999,0.6249502
63926388616.1941,1,0,1,1,0,1,64.70425,0,0,0,0,1,116.6562,830,1364,1024,0.05964272,0.1799999,0.6249502
63926388616.4963,1,0,1,1,0,1,64.70425,0,0,0,0,1,116.6562,831,1364,1024,0.05964272,0.1799999,0.6249502
63926388616.7797,1,0,1,1,0,1,64.70425,0,0,0,0,1,116.6562,832,1364,1024,0.05964272,0.1799999,0.6249502
63926388617.0665,1,0,1,1,0,1,64.70425,0,0,0,0,1,116.6562,833,1364,1024,0.05964272,0.1799999,0.6249502
63926388617.3526,1,0,1,1,0,1,64.70425,0,0,0,0,1,116.6562,834,1364,1024,0.05964272,0.1799999,0.6249502
63926388617.6374,1,0,1,1,0,1,64.70425,0,0,0,0,1,116.6562,835,1364,1024,0.05964272,0.1799999,0.6249502
63926388617.9324,1,0,1,1,0,1,64.70425,0,0,0,0,1,116.6562,836,1364,1024,0.05964272,0.1799999,0.6249502
63926388618.2196,1,0,1,1,0,1,64.70425,0,0,0,0,1,116.6562,837,1364,1024,0.05964272,0.1799999,0.6249502
63926388618.5136,1,0,1,1,0,1,64.70425,0,0,0,0,1,116.6562,838,1364,1024,0.05964272,0.1799999,0.6249502
63926388618.8165,1,0,1,1,0,1,64.70425,0,0,0,0,1,116.6562,839,1364,1024,0.05964272,0.1799999,0.6249502
63926388619.1036,1,0,1,1,0,1,64.70425,0,0,0,0,1,116.6562,840,1364,1024,0.05964272,0.1799999,0.6249502
63926388619.4136,1,0,1,1,0,1,64.70425,0,0,0,0,1,116.6562,841,1364,1024,0.05964272,0.1799999,0.6249502
63926388619.7067,1,0,1,1,0,1,64.70425,0,0,0,0,1,116.6562,842,1364,1024,0.05964272,0.1799999,0.6249502
63926388619.9997,1,0,1,1,0,1,64.70425,0,0,0,0,1,116.6562,843,1364,1024,0.05964272,0.1799999,0.6249502
63926388620.2979,1,0,1,1,0,1,64.70425,0,0,0,0,1,116.6562,844,1364,1024,0.05964272,0.1799999,0.6249502
63926388620.5833,1,0,1,1,0,1,64.70425,0,0,0,0,1,116.6562,845,1364,1024,0.05964272,0.1799999,0.6249502
63926388620.8728,1,0,1,1,0,1,64.70425,0,0,0,0,1,116.6562,846,1364,1024,0.05964272,0.1799999,0.6249502
63926388621.1609,1,0,1,1,0,1,64.70425,0,0,0,0,1,116.6562,847,1364,1024,0.05964272,0.1799999,0.6249502
63926388621.455,1,0,1,1,0,1,64.70425,0,0,0,0,1,116.6562,848,1364,1024,0.05964272,0.1799999,0.6249502
63926388621.7433,1,0,1,1,0,1,64.70425,0,0,0,0,0,116.6562,849,1364,1024,0.05964272,0.1799999,0.6249502
63926388622.0285,1,0,1,1,0,1,64.42429,0,0,0,0,0,116.9383,850,1364,1024,-0.5418604,0.18,1.379295
63926388622.3353,1,0,1,1,0,1,64.4043,0,0,0,0,0,116.9538,851,1364,1024,-0.6098416,0.18,1.447276
63926388622.6197,1,0,1,1,0,1,64.12434,0,0,0,0,0,117.2351,852,1364,1024,-1.561579,0.18,2.399014
63926388622.9258,1,0,1,1,0,1,63.82436,0,0,0,0,0,117.5345,853,1364,1024,-1.561579,0.1799999,2.399014
63926388623.1996,1,0,1,1,0,1,63.54435,0,0,0,0,0,117.8151,854,1364,1024,-1.561579,0.1799999,2.399014
63926388623.4846,1,0,1,1,0,1,63.26435,0,0,0,0,0,118.0995,855,1364,1024,-1.561579,0.1799999,2.399014
63926388623.7887,1,0,1,1,0,1,62.94434,0,0,0,0,0,118.4018,856,1364,1024,-2.649278,0.1799999,3.486713
63926388624.0689,1,0,1,1,0,1,62.66433,0,0,0,0,0,118.6843,857,1364,1024,-2.649278,0.1799999,3.486713
63926388624.3335,1,0,1,1,0,1,62.40433,0,0,0,0,0,118.949,858,1364,1024,-1.399459,0.18,3.486713
63926388624.5903,1,0,1,1,0,1,62.14432,0,0,0,0,0,119.2056,859,1364,1024,-0.1496391,0.18,3.486713
63926388624.8511,1,0,1,1,0,1,61.88432,0,0,0,0,0,119.4668,860,1364,1024,0.7277088,0.1799999,2.437346
63926388625.1237,1,0,1,1,0,1,61.62431,0,0,0,0,0,119.7392,861,1364,1024,0.7277088,0.1799999,2.437346
63926388625.3899,1,0,1,1,0,1,61.3443,0,0,0,0,0,120.0024,862,1364,1024,0.7277088,0.18,3.783306
63926388625.6625,1,0,1,1,0,1,61.0843,0,0,0,0,0,120.2768,863,1364,1024,-0.6129714,0.18,5.053809
63926388625.9671,1,0,1,1,0,1,60.76429,0,0,0,0,0,120.5801,864,1364,1024,-0.6415619,0.18,7
63926388626.2863,1,0,1,1,0,1,60.46428,0,0,0,0,0,120.8991,865,1364,1024,-0.6249723,0.18,7
63926388626.5836,1,0,1,1,0,1,60.16428,0,0,0,0,0,121.1984,866,1364,1024,-2.15455,0.1800001,7
63926388626.8782,1,0,1,1,0,1,59.86427,0,0,0,0,0,121.49,867,1364,1024,-2.15455,0.18,7
63926388627.1749,1,0,1,1,0,1,59.56426,0,0,0,0,0,121.7897,868,1364,1024,-2.15455,0.1799999,7
63926388627.4827,1,0,1,1,0,1,59.26426,0,0,0,0,0,122.0968,869,1364,1024,-2.15455,0.18,5.5579
63926388627.7743,1,0,1,1,0,1,58.96425,0,0,0,0,0,122.3892,870,1364,1024,-2.15455,0.18,3.394752
63926388628.0582,1,0,1,1,0,1,58.68424,0,0,0,0,0,122.6732,871,1364,1024,-0.7269445,0.1799999,1.967146
63926388628.3495,1,0,1,1,0,1,58.38424,0,0,0,0,0,122.9634,872,1364,1024,-0.7269445,0.18,0.5250463
63926388628.6373,1,0,1,1,0,1,58.10423,0,0,0,0,0,123.2525,873,1364,1024,-0.7269445,0.18,0.5250463
63926388628.9419,1,0,1,1,0,1,57.80422,0,0,0,0,0,123.5549,874,1364,1024,-0.7269445,0.18,0.5250463
63926388629.2169,1,0,1,1,0,1,57.52422,0,0,0,0,0,123.8312,875,1364,1024,-0.7269445,0.18,0.5250463
63926388629.5321,1,0,1,1,0,1,57.20421,0,0,0,0,0,124.1446,876,1364,1024,-0.7269445,0.18,0.5250463
63926388629.8269,1,0,1,1,0,1,56.9042,0,0,0,0,0,124.4403,877,1364,1024,-0.7269445,0.18,0.5250463
63926388630.1189,1,0,1,1,0,1,56.6242,0,0,0,0,0,124.7319,878,1364,1024,-0.7269445,0.18,0.5250463
63926388630.4589,1,0,1,1,0,1,56.28419,0,0,0,0,0,125.0652,879,1364,1024,-0.7269445,0.18,2.159426
63926388630.7571,1,0,1,1,0,1,56.26419,0,0,0,0,0,125.0804,880,1364,1024,-0.6589633,0.18,2.227407
63926388631.0531,1,0,1,1,0,1,55.98418,0,0,0,0,0,125.3733,881,1364,1024,-1.6107,0.18,3.179144
63926388631.3505,1,0,1,1,0,1,55.68417,0,0,0,0,0,125.67,882,1364,1024,-1.6107,0.18,3.179144
63926388631.6401,1,0,1,1,0,1,55.40417,0,0,0,0,0,125.9559,883,1364,1024,-1.6107,0.18,3.179144
63926388631.9288,1,0,1,1,0,1,55.10416,0,0,0,0,0,126.2475,884,1364,1024,-0.1686009,0.18,3.179144
63926388632.2307,1,0,1,1,0,1,54.80415,0,0,0,0,0,126.5508,885,1364,1024,-0.1686009,0.1799999,3.179144
63926388632.5166,1,0,1,1,0,1,54.52415,0,0,0,0,0,126.8371,886,1364,1024,-0.1686009,0.1799999,3.179144
63926388632.7977,1,0,1,1,0,1,54.24414,0,0,0,0,0,127.1181,887,1364,1024,-0.1686009,0.1799999,3.179144
63926388633.0983,1,0,1,1,0,1,53.94413,0,0,0,0,0,127.4159,888,1364,1024,-1.573915,0.18,3.083693
63926388633.423,1,0,1,1,0,1,53.60413,0,0,0,0,0,127.7409,889,1364,1024,-1.551101,0.1799999,3.024496
63926388633.7309,1,0,1,1,0,1,53.30412,0,0,0,0,0,128.0493,890,1364,1024,-0.531383,0.1799999,2.004777
63926388634.0251,1,0,1,1,0,1,53.00411,0,0,0,0,0,128.3453,891,1364,1024,-0.531383,0.18,-0.1583715
63926388634.3158,1,0,1,1,0,1,52.72411,0,0,0,0,0,128.6362,892,1364,1024,-0.531383,0.18,-0.1583715
63926388634.6069,1,0,1,1,0,1,52.4241,0,0,0,0,0,128.9271,893,1364,1024,-0.531383,0.18,-0.1583715
63926388634.8991,1,0,1,1,0,1,52.14409,0,0,0,0,0,129.2192,894,1364,1024,-0.531383,0.18,-0.1583715
63926388635.2033,1,0,1,1,0,1,51.82409,0,0,0,0,0,129.5216,895,1364,1024,-0.531383,0.18,-0.1583715
63926388635.4958,1,0,1,1,0,1,51.54408,0,0,0,0,0,129.8155,896,1364,1024,-0.531383,0.18,-0.1583715
63926388635.7873,1,0,1,1,0,1,51.24407,0,0,0,0,0,130.1068,897,1364,1024,-0.531383,0.18,-0.1583715
63926388636.0773,1,0,1,1,0,1,50.96407,0,0,0,0,0,130.3951,898,1364,1024,0.4008214,0.18,0.7484569
63926388636.3605,1,0,1,1,0,1,50.94407,0,0,0,0,0,130.4095,899,1364,1024,0.4008214,0.18,0.8445969
63926388636.6427,1,0,1,1,0,1,50.66406,0,0,0,0,0,130.6879,900,1364,1024,0.4008214,0.18,2.190556
63926388636.924,1,0,1,1,0,1,50.38405,0,0,0,0,0,130.97,901,1364,1024,-0.5509157,0.1799999,3.142293
63926388637.2362,1,0,1,1,0,1,50.06404,0,0,0,0,0,131.2818,902,1364,1024,-0.5509157,0.1799999,3.142293
63926388637.5288,1,0,1,1,0,1,49.78404,0,0,0,0,0,131.573,903,1364,1024,-0.5509157,0.18,4.488253
63926388637.8327,1,0,1,1,0,1,49.48403,0,0,0,0,0,131.8782,904,1364,1024,-2.080493,0.1799999,6.01783
63926388638.1146,1,0,1,1,0,1,49.18402,0,0,0,0,0,132.161,905,1364,1024,-2.080493,0.1799999,6.01783
63926388638.4025,1,0,1,1,0,1,48.90402,0,0,0,0,0,132.4482,906,1364,1024,-2.080493,0.18,4.671871
63926388638.6849,1,0,1,1,0,1,48.62401,0,0,0,0,0,132.7306,907,1364,1024,-1.128756,0.1799999,3.720134
63926388638.9965,1,0,1,1,0,1,48.32401,0,0,0,0,0,133.0379,908,1364,1024,-1.128756,0.18,2.278034
63926388639.2806,1,0,1,1,0,1,48.024,0,0,0,0,0,133.3254,909,1364,1024,-1.067654,0.1799999,2.123974
63926388639.616,1,0,1,1,0,1,47.70399,0,0,0,0,0,133.6588,910,1364,1024,-2.155354,0.1799999,3.211673
63926388639.8942,1,0,1,1,0,1,47.42398,0,0,0,0,0,133.9387,911,1364,1024,-3.582959,0.1799999,4.639279
63926388640.1418,1,0,1,1,0,1,47.16398,0,0,0,0,0,134.1862,912,1364,1024,-3.582959,0.1799999,4.639279
63926388640.4289,1,0,1,1,0,1,46.88397,0,0,0,0,0,134.4726,913,1364,1024,-2.237,0.18,4.639279
63926388640.7364,1,0,1,1,0,1,46.58397,0,0,0,0,0,134.7793,914,1364,1024,-2.237,0.1799999,4.639279
63926388641.0021,1,0,1,1,0,1,46.30396,0,0,0,0,0,135.0453,915,1364,1024,-3.188737,0.1800001,5.591016
63926388641.281,1,0,1,1,0,1,46.02395,0,0,0,0,0,135.3235,916,1364,1024,-4.534696,0.18,5.591016
63926388641.5888,1,0,1,1,0,1,45.72395,0,0,0,0,0,135.631,917,1364,1024,-4.534696,0.1799999,5.591016
63926388641.8671,1,0,1,1,0,1,45.44394,0,0,0,0,0,135.9114,918,1364,1024,-4.534696,0.18,4.245056
63926388642.1576,1,0,1,1,0,1,45.14393,0,0,0,0,0,136.2005,919,1364,1024,-4.534696,0.1799999,4.245056
63926388642.4467,1,0,1,1,0,1,44.86393,0,0,0,0,0,136.49,920,1364,1024,-4.534696,0.1799999,4.245056
63926388642.7398,1,0,1,1,0,1,44.56392,0,0,0,0,0,136.7834,921,1364,1024,-4.534696,0.1799999,4.245056
63926388643.0228,1,0,1,1,0,1,44.28391,0,0,0,0,0,137.0653,922,1364,1024,-3.188737,0.18,4.245056
63926388643.3089,1,0,1,1,0,1,44.00391,0,0,0,0,0,137.3514,923,1364,1024,-1.842777,0.18,4.245056
63926388643.6089,1,0,1,1,0,1,43.7039,0,0,0,0,0,137.6515,924,1364,1024,-0.3131997,0.1799999,2.715479
63926388643.8949,1,0,1,1,0,1,43.6839,0,0,0,0,0,137.6661,925,1364,1024,-0.2452185,0.1799999,2.647498
63926388644.1813,1,0,1,1,0,1,43.40389,0,0,0,0,0,137.9478,926,1364,1024,0.7065187,0.18,3.599235
63926388644.4766,1,0,1,1,0,1,43.10389,0,0,0,0,0,138.2427,927,1364,1024,0.7065187,0.1799999,3.599235
63926388644.7624,1,0,1,1,0,1,42.82388,0,0,0,0,0,138.5304,928,1364,1024,-0.6394409,0.18,3.599235
63926388645.0602,1,0,1,1,0,1,42.52387,0,0,0,0,0,138.827,929,1364,1024,-2.08154,0.18,3.599235
63926388645.3428,1,0,1,1,0,1,42.24387,0,0,0,0,0,139.1097,930,1364,1024,-3.033278,0.18,4.550972
63926388645.6222,1,0,1,1,0,1,41.96386,0,0,0,0,0,139.3902,931,1364,1024,-4.267196,0.18,4.503192
63926388645.9041,1,0,1,1,0,1,41.68385,0,0,0,0,0,139.6722,932,1364,1024,-4.267196,0.1799999,4.503192
63926388646.1894,1,0,1,1,0,1,41.40385,0,0,0,0,0,139.9566,933,1364,1024,-3.99016,0.18,5.076503
63926388646.4948,1,0,1,1,0,1,41.08384,0,0,0,0,0,140.2611,934,1364,1024,-3.99016,0.18,5.076503
63926388646.795,1,0,1,1,0,1,40.78383,0,0,0,0,0,140.5617,935,1364,1024,-2.970442,0.18,4.056785
63926388647.067,1,0,1,1,0,1,40.52383,0,0,0,0,0,140.8336,936,1364,1024,-1.644808,0.18,2.731151
63926388647.3321,1,0,1,1,0,1,40.26382,0,0,0,0,0,141.0996,937,1364,1024,-0.3191746,0.18,1.405517
63926388647.6269,1,0,1,1,0,1,39.96381,0,0,0,0,0,141.3948,938,1364,1024,-0.3191746,0.18,1.405517
63926388647.9145,1,0,1,1,0,1,39.66381,0,0,0,0,0,141.682,939,1364,1024,-0.3191746,0.18,1.405517
63926388648.2053,1,0,1,1,0,1,39.3838,0,0,0,0,0,141.9727,940,1364,1024,-0.3191746,0.18,1.405517
63926388648.4996,1,0,1,1,0,1,39.08379,0,0,0,0,0,142.2662,941,1364,1024,-0.3191746,0.18,1.405517
63926388648.7934,1,0,1,1,0,1,38.80379,0,0,0,0,0,142.5576,942,1364,1024,-0.3191746,0.18,1.405517
63926388649.0592,1,0,1,1,0,1,38.52378,0,0,0,0,0,142.8265,943,1364,1024,0.1578089,0.18,1.676421
63926388649.3355,1,0,1,1,0,1,38.50378,0,0,0,0,0,142.8405,944,1364,1024,0.1578089,0.18,1.772561
63926388649.6251,1,0,1,1,0,1,38.22377,0,0,0,0,0,143.1269,945,1364,1024,0.1578089,0.18,3.118521
63926388649.9215,1,0,1,1,0,1,37.92377,0,0,0,0,0,143.4219,946,1364,1024,-1.284291,0.18,3.118521
63926388650.193,1,0,1,1,0,1,37.66376,0,0,0,0,0,143.6948,947,1364,1024,-1.284291,0.1799999,3.118521
63926388650.4939,1,0,1,1,0,1,37.36375,0,0,0,0,0,143.9951,948,1364,1024,0.1578089,0.18,3.118521
63926388650.7806,1,0,1,1,0,1,37.06375,0,0,0,0,0,144.2822,949,1364,1024,0.1578089,0.18,3.118521
63926388651.0566,1,0,1,1,0,1,36.80374,0,0,0,0,0,144.5583,950,1364,1024,-0.725947,0.18,4.002277
63926388651.3565,1,0,1,1,0,1,36.50373,0,0,0,0,0,144.8582,951,1364,1024,-1.745665,0.1800001,2.982558
63926388651.7298,1,0,1,1,0,1,36.16373,0,0,0,0,0,145.1915,952,1364,1024,-2.901346,0.1800001,1.826878
63926388652.0679,1,0,1,1,0,1,35.82372,0,0,0,0,0,145.5248,953,1364,1024,-2.901346,0.1799999,1.826878
63926388652.3799,1,0,1,1,0,1,35.52371,0,0,0,0,0,145.8358,954,1364,1024,-1.773875,0.18,2.72067
63926388652.6592,1,0,1,1,0,1,35.24371,0,0,0,0,0,146.1165,955,1364,1024,-1.773875,0.18,4.066629
63926388652.9472,1,0,1,1,0,1,34.9437,0,0,0,0,0,146.403,956,1364,1024,-1.725512,0.18,6.3883
63926388653.2358,1,0,1,1,0,1,34.66369,0,0,0,0,0,146.6914,957,1364,1024,-0.2979062,0.18,7
63926388653.5345,1,0,1,1,0,1,34.36369,0,0,0,0,0,146.9883,958,1364,1024,-0.2979062,0.18,7
63926388653.8026,1,0,1,1,0,1,34.10368,0,0,0,0,0,147.2597,959,1364,1024,-0.2979062,0.1799999,7
63926388654.0744,1,0,1,1,0,1,33.82367,0,0,0,0,0,147.5306,960,1364,1024,-0.2979062,0.18,5.65404
63926388654.3588,1,0,1,1,0,1,33.54367,0,0,0,0,0,147.8109,961,1364,1024,-0.2979062,0.18,4.308081
63926388654.6402,1,0,1,1,0,1,33.26366,0,0,0,0,0,148.0956,962,1364,1024,-0.2979062,0.18,2.962121
63926388654.9142,1,0,1,1,0,1,32.98365,0,0,0,0,0,148.3712,963,1364,1024,1.133151,0.1799999,2.668588
63926388655.183,1,0,1,1,0,1,32.72365,0,0,0,0,0,148.6387,964,1364,1024,1.133151,0.1799999,2.668588
63926388655.4933,1,0,1,1,0,1,32.40364,0,0,0,0,0,148.9487,965,1364,1024,0.04545169,0.1799999,3.756287
63926388655.7568,1,0,1,1,0,1,32.14363,0,0,0,0,0,149.2129,966,1364,1024,-0.8383042,0.18,4.640043
63926388656.0171,1,0,1,1,0,1,31.88363,0,0,0,0,0,149.4738,967,1364,1024,-1.72206,0.1799999,5.523799
63926388656.3039,1,0,1,1,0,1,31.58362,0,0,0,0,0,149.7601,968,1364,1024,-1.72206,0.1799999,5.523799
63926388656.5953,1,0,1,1,0,1,31.30362,0,0,0,0,0,150.0514,969,1364,1024,-0.3761005,0.18,5.523799
63926388656.8819,1,0,1,1,0,1,31.02361,0,0,0,0,0,150.338,970,1364,1024,-0.3761005,0.18,5.523799
63926388657.2081,1,0,1,1,0,1,30.6836,0,0,0,0,0,150.6622,971,1364,1024,-2.01048,0.18,5.523799
63926388657.5218,1,0,1,1,0,1,30.38359,0,0,0,0,0,150.9764,972,1364,1024,-3.540057,0.18,7
63926388657.8153,1,0,1,1,0,1,30.08359,0,0,0,0,0,151.2719,973,1364,1024,-3.540057,0.1799999,7
63926388658.1267,1,0,1,1,0,1,29.76358,0,0,0,0,0,151.5817,974,1364,1024,-1.908508,0.1799999,5.368451
63926388658.4093,1,0,1,1,0,1,29.48357,0,0,0,0,0,151.8655,975,1364,1024,-1.908508,0.1799999,5.368451
63926388658.7137,1,0,1,1,0,1,29.18357,0,0,0,0,0,152.1668,976,1364,1024,-2.928226,0.18,6.388169
63926388659.0024,1,0,1,1,0,1,28.90356,0,0,0,0,0,152.458,977,1364,1024,-2.928226,0.18,6.388169
63926388659.2843,1,0,1,1,0,1,28.88356,0,0,0,0,0,152.4724,978,1364,1024,-2.928226,0.18,6.388169
63926388659.5702,1,0,1,1,0,1,28.60355,0,0,0,0,0,152.7545,979,1364,1024,-2.928226,0.18,6.388169
63926388659.8806,1,0,1,1,0,1,28.28355,0,0,0,0,0,153.0646,980,1364,1024,-1.840527,0.18,5.300469
63926388660.1875,1,0,1,1,0,1,27.98354,0,0,0,0,0,153.3715,981,1364,1024,-1.840527,0.18,3.85837
63926388660.4738,1,0,1,1,0,1,27.70353,0,0,0,0,0,153.6574,982,1364,1024,-0.8887899,0.18,2.906633
63926388660.7386,1,0,1,1,0,1,27.42353,0,0,0,0,0,153.9235,983,1364,1024,-0.8887899,0.18,2.906633
63926388661.0307,1,0,1,1,0,1,27.14352,0,0,0,0,0,154.2149,984,1364,1024,-0.8887899,0.18,2.906633
63926388661.3089,1,0,1,1,0,1,26.86351,0,0,0,0,0,154.4926,985,1364,1024,-0.8887899,0.18,2.906633
63926388661.5835,1,0,1,1,0,1,26.58351,0,0,0,0,0,154.7679,986,1364,1024,-0.7453535,0.18,2.636763
63926388661.8827,1,0,1,1,0,1,26.2835,0,0,0,0,0,155.0663,987,1364,1024,-0.5995052,0.1800001,2.540881
63926388662.1969,1,0,1,1,0,1,25.98349,0,0,0,0,0,155.3794,988,1364,1024,-0.5995052,0.1799999,2.540881
63926388662.4982,1,0,1,1,0,1,25.66349,0,0,0,0,0,155.6811,989,1364,1024,-1.687205,0.1799999,3.628581
63926388662.8027,1,0,1,1,0,1,25.36348,0,0,0,0,0,155.9845,990,1364,1024,-1.687205,0.1799999,3.628581
63926388663.1172,1,0,1,1,0,1,25.04347,0,0,0,0,0,156.301,991,1364,1024,-1.687205,0.18,2.090341
63926388663.4316,1,0,1,1,0,1,25.04347,0,0,0,0,0,156.317,992,1364,1024,-1.687205,0.18,2.090341
63926388663.7627,1,0,1,1,0,1,24.70346,0,0,0,0,0,156.6427,993,1364,1024,-1.687205,0.1799999,2.090341
63926388664.0986,1,0,1,1,0,1,24.38346,0,0,0,0,0,156.976,994,1364,1024,-3.225444,0.18,2.090341
63926388664.4086,1,0,1,1,0,1,24.06345,0,0,0,0,0,157.2869,995,1364,1024,-4.6387,0.18,2.067708
63926388664.7158,1,0,1,1,0,1,23.76344,0,0,0,0,0,157.5924,996,1364,1024,-5.589972,0.1799999,3.085711
63926388665.0724,1,0,1,1,0,1,23.42344,0,0,0,0,0,157.9258,997,1364,1024,-5.749879,0.1799999,3.245617
63926388665.3746,1,0,1,1,0,1,23.12343,0,0,0,0,0,158.2321,998,1364,1024,-5.749879,0.1799999,3.245617
63926388665.6867,1,0,1,1,0,1,22.80342,0,0,0,0,0,158.5419,999,1364,1024,-5.749879,0.18,1.707378
63926388665.9752,1,0,1,1,0,1,22.52341,0,0,0,0,0,158.8322,1000,1364,1024,-5.749879,0.18,1.370398
63926388666.281,1,0,1,1,0,1,22.22341,0,0,0,0,0,159.1261,1001,1364,1024,-5.749879,0.18,1.370398
63926388666.6131,1,0,1,1,0,1,21.9034,0,0,0,0,0,159.4594,1002,1364,1024,-5.749879,0.18,1.370398
63926388666.9731,1,0,1,1,0,1,21.56339,0,0,0,0,0,159.7927,1003,1364,1024,-4.594198,0.18,0.2147171
63926388667.2733,1,0,1,1,0,1,21.26339,0,0,0,0,0,160.0936,1004,1364,1024,-4.594198,0.18,0.2147171
63926388667.5861,1,0,1,1,0,1,20.94338,0,0,0,0,0,160.4041,1005,1364,1024,-4.594198,0.1800001,1.752957
63926388667.8768,1,0,1,1,0,1,20.66337,0,0,0,0,0,160.6987,1006,1364,1024,-4.594198,0.1799999,2.089936
63926388668.1448,1,0,1,1,0,1,20.38337,0,0,0,0,0,160.9658,1007,1364,1024,-4.594198,0.1799999,2.089936
63926388668.4181,1,0,1,1,0,1,20.12336,0,0,0,0,0,161.2399,1008,1364,1024,-4.257181,0.18,1.876149
63926388668.7059,1,0,1,1,0,1,19.82335,0,0,0,0,0,161.5272,1009,1364,1024,-4.000497,0.18,0.6345596
63926388668.9734,1,0,1,1,0,1,19.56335,0,0,0,0,0,161.7949,1010,1364,1024,-4.000497,0.18,0.6345596
63926388669.2582,1,0,1,1,0,1,19.28334,0,0,0,0,0,162.0798,1011,1364,1024,-4.952234,0.18,1.586297
63926388669.5419,1,0,1,1,0,1,19.26334,0,0,0,0,0,162.0941,1012,1364,1024,-5.020216,0.1800001,1.518316
63926388669.8265,1,0,1,1,0,1,18.98333,0,0,0,0,0,162.3752,1013,1364,1024,-5.020216,0.1799999,1.518316
63926388670.1194,1,0,1,1,0,1,18.68333,0,0,0,0,0,162.6672,1014,1364,1024,-3.578116,0.18,1.518316
63926388670.3902,1,0,1,1,0,1,18.42332,0,0,0,0,0,162.9382,1015,1364,1024,-2.252482,0.1799999,0.1926818
63926388670.6902,1,0,1,1,0,1,18.12331,0,0,0,0,0,163.2363,1016,1364,1024,-1.232764,0.18,1.2124
63926388670.9796,1,0,1,1,0,1,17.82331,0,0,0,0,0,163.5278,1017,1364,1024,0.2968135,0.18,2.741977
63926388671.2469,1,0,1,1,0,1,17.5633,0,0,0,0,0,163.7918,1018,1364,1024,0.2968135,0.1799999,2.741977
63926388671.5366,1,0,1,1,0,1,17.26329,0,0,0,0,0,164.0851,1019,1364,1024,-1.145286,0.18,2.741977
63926388671.8094,1,0,1,1,0,1,17.00329,0,0,0,0,0,164.3573,1020,1364,1024,-2.029042,0.18,1.858222
63926388672.0864,1,0,1,1,0,1,16.72328,0,0,0,0,0,164.6356,1021,1364,1024,-2.029042,0.18,1.858222
63926388672.3662,1,0,1,1,0,1,16.44328,0,0,0,0,0,164.915,1022,1364,1024,-3.375001,0.1800001,1.858222
63926388672.6701,1,0,1,1,0,1,16.14327,0,0,0,0,0,165.2191,1023,1364,1024,-3.375001,0.1799999,1.858222
63926388672.9391,1,0,1,1,0,1,15.86326,0,0,0,0,0,165.4876,1024,1364,1024,-3.375001,0.1799999,1.858222
63926388673.2078,1,0,1,1,0,1,15.60326,0,0,0,0,0,165.7575,1025,1364,1024,-3.375001,0.1799999,1.858222
63926388673.4761,1,0,1,1,0,1,15.32325,0,0,0,0,0,166.0246,1026,1364,1024,-2.423264,0.1799999,0.9064845
63926388673.7694,1,0,1,1,0,1,15.04324,0,0,0,0,0,166.3166,1027,1364,1024,-1.279066,0.18,0.7389604
63926388674.0532,1,0,1,1,0,1,14.74324,0,0,0,0,0,166.601,1028,1364,1024,-1.279066,0.1799999,0.7389604
63926388674.3691,1,0,1,1,0,1,14.44323,0,0,0,0,0,166.9178,1029,1364,1024,-2.298784,0.1799999,1.758679
63926388674.6692,1,0,1,1,0,1,14.14322,0,0,0,0,0,167.216,1030,1364,1024,-3.828362,0.1799999,3.288256
63926388674.9513,1,0,1,1,0,1,14.12322,0,0,0,0,0,167.2304,1031,1364,1024,-3.896343,0.1799999,3.356237
63926388675.2455,1,0,1,1,0,1,13.82322,0,0,0,0,0,167.5211,1032,1364,1024,-3.896343,0.1799999,3.356237
63926388675.5406,1,0,1,1,0,1,13.54321,0,0,0,0,0,167.8151,1033,1364,1024,-2.550383,0.18,3.356237
63926388675.8409,1,0,1,1,0,1,13.2432,0,0,0,0,0,168.115,1034,1364,1024,-1.108284,0.18,3.356237
63926388676.1368,1,0,1,1,0,1,12.9432,0,0,0,0,0,168.4092,1035,1364,1024,-1.108284,0.18,4.798337
63926388676.4233,1,0,1,1,0,1,12.66319,0,0,0,0,0,168.6986,1036,1364,1024,-1.108284,0.18,6.144297
63926388676.7026,1,0,1,1,0,1,12.38318,0,0,0,0,0,168.9783,1037,1364,1024,-1.108284,0.1799999,6.144297
63926388676.9817,1,0,1,1,0,1,12.10318,0,0,0,0,0,169.2563,1038,1364,1024,-1.108284,0.18,4.798337
63926388677.2435,1,0,1,1,0,1,11.84317,0,0,0,0,0,169.519,1039,1364,1024,-0.2245278,0.1799999,3.914581
63926388677.5098,1,0,1,1,0,1,11.56316,0,0,0,0,0,169.7831,1040,1364,1024,-0.2677885,0.18,2.805156
63926388677.79,1,0,1,1,0,1,11.56316,0,0,0,0,0,169.7974,1041,1364,1024,-0.2677885,0.18,2.805156
63926388678.0576,1,0,1,1,0,1,11.28316,0,0,0,0,0,170.0609,1042,1364,1024,-0.2677885,0.18,2.805156
63926388678.3245,1,0,1,1,0,1,11.02315,0,0,0,0,0,170.3296,1043,1364,1024,-0.2677885,0.18,2.805156
63926388678.6028,1,0,1,1,0,1,10.74314,0,0,0,0,0,170.6079,1044,1364,1024,-0.2677885,0.18,2.805156
63926388678.8935,1,0,1,1,0,1,10.46314,0,0,0,0,0,170.8976,1045,1364,1024,-0.2677885,0.18,2.805156
63926388679.1739,1,0,1,1,0,1,10.18313,0,0,0,0,0,171.1783,1046,1364,1024,-1.613748,0.1800001,2.805156
63926388679.4561,1,0,1,1,0,1,9.903126,0,0,0,0,0,171.4578,1047,1364,1024,-1.613748,0.1799999,2.805156
63926388679.7423,1,0,1,1,0,1,9.603119,0,0,0,0,0,171.7454,1048,1364,1024,-0.5940298,0.1799999,1.785437
63926388680.0061,1,0,1,1,0,1,9.343113,0,0,0,0,0,172.0104,1049,1364,1024,-0.5940298,0.18,-0.08929166
63926388680.3104,1,0,1,1,0,1,9.043106,0,0,0,0,0,172.315,1050,1364,1024,-0.5940298,0.1799999,-0.08929167
63926388680.6,1,0,1,1,0,1,8.743099,0,0,0,0,0,172.6045,1051,1364,1024,-0.5940298,0.1799999,-0.08929167
63926388680.8795,1,0,1,1,0,1,8.463093,0,0,0,0,0,172.8842,1052,1364,1024,-0.5940298,0.1799999,-0.08929167
63926388681.1563,1,0,1,1,0,1,8.183086,0,0,0,0,0,173.161,1053,1364,1024,-0.5940298,0.1799999,-0.08929167
63926388681.4458,1,0,1,1,0,1,7.903082,0,0,0,0,0,173.4485,1054,1364,1024,-0.5940298,0.1799999,-0.08929167
63926388681.8252,1,0,1,1,0,1,7.563083,0,0,0,0,0,173.7818,1055,1364,1024,-0.5940298,0.1799999,-0.08929167
63926388682.1065,1,0,1,1,0,1,7.283083,0,0,0,0,0,174.0645,1056,1364,1024,-0.5940298,0.18,1.256668
63926388682.3997,1,0,1,1,0,1,7.283083,0,0,0,0,0,174.0793,1057,1364,1024,-0.5940298,0.18,1.256668
63926388682.6732,1,0,1,1,0,1,7.003083,0,0,0,0,0,174.3494,1058,1364,1024,0.3577073,0.18,2.208405
63926388682.946,1,0,1,1,0,1,6.723083,0,0,0,0,0,174.6221,1059,1364,1024,0.3577073,0.18,3.554364
63926388683.2364,1,0,1,1,0,1,6.443084,0,0,0,0,0,174.9112,1060,1364,1024,0.3577073,0.18,3.554364
63926388683.5186,1,0,1,1,0,1,6.163084,0,0,0,0,0,175.1937,1061,1364,1024,-0.5940298,0.1800001,2.602628
63926388683.8003,1,0,1,1,0,1,5.883084,0,0,0,0,0,175.4759,1062,1364,1024,-0.5940298,0.1799999,2.602628
63926388684.1058,1,0,1,1,0,1,5.563085,0,0,0,0,0,175.781,1063,1364,1024,-0.5940298,0.1799999,2.602628
63926388684.3992,1,0,1,1,0,1,5.283085,0,0,0,0,0,176.0736,1064,1364,1024,-0.5940298,0.1799999,2.602628
63926388684.6873,1,0,1,1,0,1,4.983085,0,0,0,0,0,176.3603,1065,1364,1024,-0.5940298,0.1799999,2.602628
63926388684.9769,1,0,1,1,0,1,4.703085,0,0,0,0,0,176.6505,1066,1364,1024,-0.5940298,0.18,1.256668
63926388685.2566,1,0,1,1,0,1,4.423086,0,0,0,0,0,176.9311,1067,1364,1024,-0.5940298,0.1799999,1.256668
63926388685.5489,1,0,1,1,0,1,4.123086,0,0,0,0,0,177.2231,1068,1364,1024,-0.5940298,0.1799999,1.256668
63926388685.8433,1,0,1,1,0,1,3.843086,0,0,0,0,0,177.5179,1069,1364,1024,-0.5940298,0.1799999,1.256668
63926388686.1691,1,0,1,1,0,1,3.503087,0,0,0,0,0,177.8413,1070,1364,1024,-0.5940298,0.1799999,1.256668
63926388686.4758,1,0,1,1,0,1,3.203087,0,0,0,0,0,178.1498,1071,1364,1024,-0.5940298,0.1799999,1.256668
63926388686.7577,1,0,1,1,0,1,2.923087,0,0,0,0,0,178.4311,1072,1364,1024,-0.5940298,0.1799999,1.256668
63926388687.0351,1,0,1,1,0,1,2.643087,0,0,0,0,0,178.7103,1073,1364,1024,-0.06863359,0.18,2.225622
63926388687.3183,1,0,1,1,0,1,2.623087,0,0,0,0,0,178.7247,1074,1364,1024,-0.0006523654,0.18,2.157641
63926388687.604,1,0,1,1,0,1,2.343088,0,0,0,0,0,179.007,1075,1364,1024,0.9510847,0.1799999,3.109378
63926388687.8966,1,0,1,1,0,1,2.063088,0,0,0,0,0,179.2999,1076,1364,1024,0.9510847,0.1799999,3.109378
63926388688.1818,1,0,1,1,0,1,1.763088,0,0,0,0,0,179.5857,1077,1364,1024,0.9510847,0.1799999,3.109378
63926388688.4621,1,0,1,1,0,1,1.483088,0,0,0,0,0,179.8649,1078,1364,1024,0.9510847,0.1799999,3.109378
63926388688.7588,1,0,1,1,0,1,1.183089,0,0,0,0,0,180.1613,1079,1364,1024,-0.4910148,0.18,3.109378
63926388689.0513,1,0,1,1,0,1,0.903089,0,0,0,0,0,180.4542,1080,1364,1024,-0.4910148,0.1799999,3.109378
63926388689.3339,1,0,1,1,0,1,0.6230893,0,0,0,0,0,180.7369,1081,1364,1024,-0.4910148,0.1799999,3.109378
63926388689.6208,1,0,1,1,0,1,0.3230896,0,0,0,0,0,181.0233,1082,1364,1024,0.9510847,0.1799999,3.109378
63926388689.9042,1,0,1,1,0,1,0.04308971,0,0,0,0,0,181.3065,1083,1364,1024,0.9510847,0.1799999,3.109378
63926388690.1979,1,0,1,0,1,1,0,1,423.353639188653,4.993409,1,1,181.5949,1084,1364,1024,0.7277486,0.18,3.253617
63926388690.764,1,0,1,0,1,1,0,1,423.353639188653,4.427339,1,1,181.5949,1084,1364,1024,0.7277486,0.18,3.253617
63926388691.0661,1,0,1,0,1,1,0,1,423.353639188653,4.12533,1,1,181.5949,1084,1364,1024,0.7277486,0.18,3.253617
63926388691.3636,1,0,1,0,1,1,0,1,423.353639188653,3.82782,1,1,181.5949,1084,1364,1024,0.7277486,0.18,3.253617
63926388691.6712,1,0,1,0,1,1,0,1,423.353639188653,3.520202,1,1,181.5949,1084,1364,1024,0.7277486,0.18,3.253617
63926388691.9592,1,0,1,0,1,1,0,1,423.353639188653,3.232227,1,1,181.5949,1084,1364,1024,0.7277486,0.18,3.253617
63926388692.2548,1,0,1,0,1,1,0,1,423.353639188653,2.936613,1,1,181.5949,1084,1364,1024,0.7277486,0.18,3.253617
63926388692.5388,1,0,1,0,1,1,0,1,423.353639188653,2.652649,1,1,181.5949,1084,1364,1024,0.7277486,0.18,3.253617
63926388692.8326,1,0,1,0,1,1,0,1,423.353639188653,2.358855,1,1,181.5949,1084,1364,1024,0.7277486,0.18,3.253617
63926388693.1218,1,0,1,0,1,1,0,1,423.353639188653,2.069604,1,1,181.5949,1084,1364,1024,0.7277486,0.18,3.253617
63926388693.4102,1,0,1,0,1,1,0,1,423.353639188653,1.781229,1,1,181.5949,1084,1364,1024,0.7277486,0.18,3.253617
63926388693.6975,1,0,1,0,1,1,0,1,423.353639188653,1.493918,1,1,181.5949,1084,1364,1024,0.7277486,0.18,3.253617
63926388693.996,1,0,1,0,1,1,0,1,423.353639188653,1.195418,1,1,181.5949,1084,1364,1024,0.7277486,0.18,3.253617
63926388694.2931,1,0,1,0,1,1,0,1,423.353639188653,0.8983145,1,1,181.5949,1084,1364,1024,0.7277486,0.18,3.253617
63926388694.5823,1,0,1,0,1,1,0,1,423.353639188653,0.6091685,1,1,181.5949,1084,1364,1024,0.7277486,0.18,3.253617
63926388694.8686,1,0,1,0,1,1,0,1,423.353639188653,0.3228769,1,1,181.5949,1084,1364,1024,0.7277486,0.18,3.253617
63926388695.1349,1,0,1,0,1,1,0,1,423.353639188653,0.05650091,1,1,181.5949,1084,1364,1024,0.7277486,0.18,3.253617
63926388695.4361,1,0,1,0,1,1,0,1,423.353639188653,0,1,1,181.5949,1084,1364,1024,0.7277486,0.18,3.253617
63926388695.7236,1,0,2,1,0,1,89.72005,0,423.353639188653,0,0,0,181.8773,1085,1364,1024,-1.8,0.1799999,9
63926388696.0222,1,0,2,1,0,1,89.4201,0,423.353639188653,0,0,0,182.1767,1086,1364,1024,-1.8,0.1799999,9
63926388696.3114,1,0,2,1,0,1,89.12015,0,423.353639188653,0,0,0,182.461,1087,1364,1024,-1.8,0.18,8.278951
63926388696.6106,1,0,2,1,0,1,88.8202,0,423.353639188653,0,0,0,182.763,1088,1364,1024,-1.8,0.18,7.197376
63926388696.8992,1,0,2,1,0,1,88.54025,0,423.353639188653,0,0,0,183.0524,1089,1364,1024,-1.8,0.18,6.187906
63926388697.1746,1,0,2,1,0,1,88.26029,0,423.353639188653,0,0,0,183.329,1090,1364,1024,-1.8,0.18,6.187906
63926388697.4776,1,0,2,1,0,1,87.96034,0,423.353639188653,0,0,0,183.6302,1091,1364,1024,-1.8,0.18,6.908956
63926388697.759,1,0,2,1,0,1,87.94035,0,423.353639188653,0,0,0,183.6446,1092,1364,1024,-1.8,0,9
63926388698.0528,1,0,2,1,0,1,87.66039,0,423.353639188653,0,0,0,183.9353,1093,1364,1024,-1.8,0.1799999,9
63926388698.3348,1,0,2,1,0,1,87.38044,0,423.353639188653,0,0,0,184.2162,1094,1364,1024,-1.8,0.1799999,9
63926388698.5994,1,0,2,1,0,1,87.10049,0,423.353639188653,0,0,0,184.4816,1095,1364,1024,-1.8,0.1799999,9
63926388698.8819,1,0,2,1,0,1,86.82053,0,423.353639188653,0,0,0,184.7628,1096,1364,1024,-1.8,0.1799999,9
63926388699.1587,1,0,2,1,0,1,86.54058,0,423.353639188653,0,0,0,185.0403,1097,1364,1024,-1.8,0.1799999,9
63926388699.4271,1,0,2,1,0,1,86.28062,0,423.353639188653,0,0,0,185.3085,1098,1364,1024,-1.8,0.1799999,9
63926388699.7255,1,0,2,1,0,1,85.98067,0,423.353639188653,0,0,0,185.6068,1099,1364,1024,-1.8,0.1799999,9
63926388700.0221,1,0,2,1,0,1,85.68073,0,423.353639188653,0,0,0,185.9048,1100,1364,1024,-1.8,0.1799999,9
63926388700.3064,1,0,2,1,0,1,85.40077,0,423.353639188653,0,0,0,186.1867,1101,1364,1024,-1.8,0.1799999,9
63926388700.5943,1,0,2,1,0,1,85.12082,0,423.353639188653,0,0,0,186.4752,1102,1364,1024,-1.8,0.1799999,9
63926388700.8683,1,0,2,1,0,1,84.84087,0,423.353639188653,0,0,0,186.7507,1103,1364,1024,-1.8,0.1799999,9
63926388701.145,1,0,2,1,0,1,84.56091,0,423.353639188653,0,0,0,187.0268,1104,1364,1024,-1.8,0.1799999,9
63926388701.4357,1,0,2,1,0,1,84.28096,0,423.353639188653,0,0,0,187.3172,1105,1364,1024,-1.8,0.1799999,9
63926388701.7235,1,0,2,1,0,1,83.98101,0,423.353639188653,0,0,0,187.6052,1106,1364,1024,-1.8,0.1799999,9
63926388702.0239,1,0,2,1,0,1,83.68106,0,423.353639188653,0,0,0,187.9033,1107,1364,1024,-1.8,0.1799999,9
63926388702.2969,1,0,2,1,0,1,83.4211,0,423.353639188653,0,0,0,188.1785,1108,1364,1024,-1.8,0.1799999,9
63926388702.568,1,0,2,1,0,1,83.14115,0,423.353639188653,0,0,0,188.4497,1109,1364,1024,-1.8,0.1799999,9
63926388702.8379,1,0,2,1,0,1,82.8812,0,423.353639188653,0,0,0,188.7197,1110,1364,1024,-1.8,0.1799999,9
63926388703.1219,1,0,2,1,0,1,82.58125,0,423.353639188653,0,0,0,189.0027,1111,1364,1024,-1.8,0.1799999,9
63926388703.4243,1,0,2,1,0,1,82.2813,0,423.353639188653,0,0,0,189.304,1112,1364,1024,-1.8,0.1799999,9
63926388703.7117,1,0,2,1,0,1,82.00134,0,423.353639188653,0,0,0,189.5918,1113,1364,1024,-1.8,0.1800001,8.327021
63926388703.9996,1,0,2,1,0,1,81.72139,0,423.353639188653,0,0,0,189.879,1114,1364,1024,-1.8,0.1800001,7.317551
63926388704.2689,1,0,2,1,0,1,81.70139,0,423.353639188653,0,0,0,189.8928,1115,1364,1024,-1.8,0.1800001,7.245446
63926388704.5514,1,0,2,1,0,1,81.42144,0,423.353639188653,0,0,0,190.1697,1116,1364,1024,-1.8,0.1800001,6.235976
63926388704.8495,1,0,2,1,0,1,81.12149,0,423.353639188653,0,0,0,190.4692,1117,1364,1024,-1.8,0.18,6.235976
63926388705.1446,1,0,2,1,0,1,80.82154,0,423.353639188653,0,0,0,190.7634,1118,1364,1024,-1.8,0.1800001,6.957026
63926388705.4303,1,0,2,1,0,1,80.54159,0,423.353639188653,0,0,0,191.0499,1119,1364,1024,-1.8,0.1800001,7.630006
63926388705.7165,1,0,2,1,0,1,80.26163,0,423.353639188653,0,0,0,191.3363,1120,1364,1024,-2.275868,0.18,8.105874
63926388706.0153,1,0,2,1,0,1,79.96169,0,423.353639188653,0,0,0,191.6338,1121,1364,1024,-2.275868,0.18,8.105874
63926388706.2893,1,0,2,1,0,1,79.68173,0,423.353639188653,0,0,0,191.9081,1122,1364,1024,-2.275868,0.18,8.105874
63926388706.5617,1,0,2,1,0,1,79.40178,0,423.353639188653,0,0,0,192.1807,1123,1364,1024,-2.275868,0.18,8.105874
63926388706.8297,1,0,2,1,0,1,79.40178,0,423.353639188653,0,0,0,192.1944,1124,1364,1024,-2.275868,0.18,8.105874
63926388707.1145,1,0,2,1,0,1,79.12183,0,423.353639188653,0,0,0,192.4743,1125,1364,1024,-2.275868,0.18,8.105874
63926388707.3914,1,0,2,1,0,1,78.84187,0,423.353639188653,0,0,0,192.7521,1126,1364,1024,-2.275868,0.18,8.105874
63926388707.6919,1,0,2,1,0,1,78.54192,0,423.353639188653,0,0,0,193.0526,1127,1364,1024,-2.275868,0.18,8.105874
63926388708.0067,1,0,2,1,0,1,78.22198,0,423.353639188653,0,0,0,193.366,1128,1364,1024,-2.275868,0.18,8.105874
63926388708.3234,1,0,2,1,0,1,77.90203,0,423.353639188653,0,0,0,193.6823,1129,1364,1024,-2.275868,0.18,8.105874
63926388708.6097,1,0,2,1,0,1,77.62208,0,423.353639188653,0,0,0,193.9697,1130,1364,1024,-2.275868,0.1800001,7.432894
63926388708.8943,1,0,2,1,0,1,77.34212,0,423.353639188653,0,0,0,194.2539,1131,1364,1024,-2.275868,0.1800001,6.423425
63926388709.1875,1,0,2,1,0,1,77.04218,0,423.353639188653,0,0,0,194.5457,1132,1364,1024,-2.275868,0.1800001,5.702375
63926388709.4955,1,0,2,1,0,1,76.74223,0,423.353639188653,0,0,0,194.855,1133,1364,1024,-2.275868,0.1800001,4.981325
63926388709.8065,1,0,2,1,0,1,76.42228,0,423.353639188653,0,0,0,195.1658,1134,1364,1024,-2.275868,0.18,4.212206
63926388710.1108,1,0,2,1,0,1,76.12233,0,423.353639188653,0,0,0,195.4699,1135,1364,1024,-2.275868,0.1799999,4.139996
63926388710.3816,1,0,2,1,0,1,75.84238,0,423.353639188653,0,0,0,195.742,1136,1364,1024,-2.275868,0.1799999,4.139996
63926388710.6777,1,0,2,1,0,1,75.56242,0,423.353639188653,0,0,0,196.038,1137,1364,1024,-2.275868,0.18,3.467016
63926388710.9557,1,0,2,1,0,1,75.28247,0,423.353639188653,0,0,0,196.3161,1138,1364,1024,-2.275868,0.18,2.794036
63926388711.2336,1,0,2,1,0,1,75.00252,0,423.353639188653,0,0,0,196.5944,1139,1364,1024,-2.275868,0.18,2.121056
63926388711.5239,1,0,2,1,0,1,74.70257,0,423.353639188653,0,0,0,196.8836,1140,1364,1024,-2.275868,0.18,1.400007
63926388711.8199,1,0,2,1,0,1,74.42262,0,423.353639188653,0,0,0,197.1799,1141,1364,1024,-2.275868,0.18,0.7270268
63926388712.1128,1,0,2,1,0,1,74.12267,0,423.353639188653,0,0,0,197.4729,1142,1364,1024,-1.766009,0.18,0.2171676
63926388712.4044,1,0,2,1,0,1,73.82272,0,423.353639188653,0,0,0,197.7631,1143,1364,1024,-1.766009,0.18,-0.5038821
63926388712.6898,1,0,2,1,0,1,73.54276,0,423.353639188653,0,0,0,198.0503,1144,1364,1024,-2.775479,0.18,-0.5038821
63926388713.0058,1,0,2,1,0,1,73.22282,0,423.353639188653,0,0,0,198.362,1145,1364,1024,-3.929158,0.18,-0.5038821
63926388713.2769,1,0,2,1,0,1,72.96286,0,423.353639188653,0,0,0,198.6362,1146,1364,1024,-4.866523,0.18,-0.5038821
63926388713.5778,1,0,2,1,0,1,72.66291,0,423.353639188653,0,0,0,198.9345,1147,1364,1024,-5.587573,0.18,-0.5038821
63926388713.8698,1,0,2,1,0,1,72.36296,0,423.353639188653,0,0,0,199.2271,1148,1364,1024,-6.308622,0.18,-0.5038821
63926388714.1413,1,0,2,1,0,1,72.08301,0,423.353639188653,0,0,0,199.5018,1149,1364,1024,-6.981602,0.18,-0.5038821
63926388714.4109,1,0,2,1,0,1,71.82305,0,423.353639188653,0,0,0,199.7716,1150,1364,1024,-7.606512,0.18,-0.5038821
63926388714.6857,1,0,2,1,0,1,71.5431,0,423.353639188653,0,0,0,200.0458,1151,1364,1024,-7.606512,0.1799999,-0.5038821
63926388714.9564,1,0,2,1,0,1,71.28314,0,423.353639188653,0,0,0,200.3162,1152,1364,1024,-7.164634,0.1799999,-0.9457601
63926388715.2348,1,0,2,1,0,1,71.00319,0,423.353639188653,0,0,0,200.5949,1153,1364,1024,-6.450831,0.1799999,-1.659563
63926388715.5189,1,0,2,1,0,1,70.98319,0,423.353639188653,0,0,0,200.6093,1154,1364,1024,-6.450831,0.1799999,-1.659563
63926388715.8041,1,0,2,1,0,1,70.70324,0,423.353639188653,0,0,0,200.8908,1155,1364,1024,-6.450831,0.1799999,-1.659563
63926388716.0968,1,0,2,1,0,1,70.40329,0,423.353639188653,0,0,0,201.1836,1156,1364,1024,-7.532406,0.18,-1.659563
63926388716.3799,1,0,2,1,0,1,70.12334,0,423.353639188653,0,0,0,201.4651,1157,1364,1024,-7.693432,0.18,-2.135432
63926388716.6607,1,0,2,1,0,1,69.84338,0,423.353639188653,0,0,0,201.7471,1158,1364,1024,-7.693432,0.1799999,-2.135432
63926388716.9455,1,0,2,1,0,1,69.56343,0,423.353639188653,0,0,0,202.0325,1159,1364,1024,-7.693432,0.1799999,-2.135432
63926388717.2259,1,0,2,1,0,1,69.28348,0,423.353639188653,0,0,0,202.3117,1160,1364,1024,-7.693432,0.18,-2.45
63926388717.5137,1,0,2,1,0,1,68.98353,0,423.353639188653,0,0,0,202.6001,1161,1364,1024,-7.693432,0.1799999,-2.45
63926388717.8046,1,0,2,1,0,1,68.70358,0,423.353639188653,0,0,0,202.8921,1162,1364,1024,-7.693432,0.1799999,-2.45
63926388718.1364,1,0,2,1,0,1,68.36363,0,423.353639188653,0,0,0,203.2216,1163,1364,1024,-7.693432,0.1799999,-2.45
63926388718.4371,1,0,2,1,0,1,68.06368,0,423.353639188653,0,0,0,203.5212,1164,1364,1024,-7.693432,0.1799999,-2.45
63926388718.7403,1,0,2,1,0,1,67.76373,0,423.353639188653,0,0,0,203.8241,1165,1364,1024,-6.972383,0.18,-2.45
63926388719.034,1,0,2,1,0,1,67.46378,0,423.353639188653,0,0,0,204.12,1166,1364,1024,-5.890808,0.18,-2.45
63926388719.3529,1,0,2,1,0,1,67.16383,0,423.353639188653,0,0,0,204.439,1167,1364,1024,-3.878172,0.18,-2.45
63926388719.6594,1,0,2,1,0,1,66.84389,0,423.353639188653,0,0,0,204.744,1168,1364,1024,-3.673946,0.18,-2.259653
63926388719.9697,1,0,2,1,0,1,66.54394,0,423.353639188653,0,0,0,205.057,1169,1364,1024,-3.673946,0.18,-2.259653
63926388720.2819,1,0,2,1,0,1,66.22399,0,423.353639188653,0,0,0,205.3687,1170,1364,1024,-4.195702,0.1800001,-2.781409
63926388720.5894,1,0,2,1,0,1,65.92404,0,423.353639188653,0,0,0,205.6749,1171,1364,1024,-4.960491,0.1800001,-3.546197
63926388720.9025,1,0,2,1,0,1,65.6041,0,423.353639188653,0,0,0,205.9875,1172,1364,1024,-5.50434,0.1800001,-4.090047
63926388721.2365,1,0,2,1,0,1,65.5841,0,423.353639188653,0,0,0,206.0041,1173,1364,1024,-5.538331,0.1800001,-4.124038
63926388721.5451,1,0,2,1,0,1,65.28415,0,423.353639188653,0,0,0,206.3087,1174,1364,1024,-6.04819,0.1800001,-4.633897
63926388721.9012,1,0,2,1,0,1,64.94421,0,423.353639188653,0,0,0,206.6421,1175,1364,1024,-6.62603,0.1800001,-5.211738
63926388722.2131,1,0,2,1,0,1,64.64426,0,423.353639188653,0,0,0,206.9521,1176,1364,1024,-7.13589,0.1800001,-5.721597
63926388722.5333,1,0,2,1,0,1,64.32431,0,423.353639188653,0,0,0,207.2755,1177,1364,1024,-7.679739,0.1800001,-6.265446
63926388722.8301,1,0,2,1,0,1,64.02436,0,423.353639188653,0,0,0,207.5724,1178,1364,1024,-7.693432,0.1800001,-6.775306
63926388723.1218,1,0,2,1,0,1,63.72436,0,423.353639188653,0,0,0,207.863,1179,1364,1024,-7.693432,0.1799999,-6.775306
63926388723.4093,1,0,2,1,0,1,63.44435,0,423.353639188653,0,0,0,208.1515,1180,1364,1024,-7.693432,0.1799999,-6.775306
63926388723.7018,1,0,2,1,0,1,63.14434,0,423.353639188653,0,0,0,208.4445,1181,1364,1024,-7.693432,0.1799999,-6.775306
63926388724.028,1,0,2,1,0,1,62.82434,0,423.353639188653,0,0,0,208.771,1182,1364,1024,-7.693432,0.1799999,-6.775306
63926388724.3198,1,0,2,1,0,1,62.52433,0,423.353639188653,0,0,0,209.0623,1183,1364,1024,-7.693432,0.1799999,-6.775306
63926388724.6235,1,0,2,1,0,1,62.22432,0,423.353639188653,0,0,0,209.3662,1184,1364,1024,-7.693432,0.1799999,-6.775306
63926388724.9304,1,0,2,1,0,1,61.92432,0,423.353639188653,0,0,0,209.6729,1185,1364,1024,-7.693432,0.1799999,-6.775306
63926388725.2203,1,0,2,1,0,1,61.62431,0,423.353639188653,0,0,0,209.9626,1186,1364,1024,-7.183573,0.1800001,-6.265447
63926388725.5248,1,0,2,1,0,1,61.3243,0,423.353639188653,0,0,0,210.2672,1187,1364,1024,-6.673714,0.1800001,-5.755588
63926388725.8076,1,0,2,1,0,1,61.0443,0,423.353639188653,0,0,0,210.5498,1188,1364,1024,-6.197845,0.1800001,-5.279719
63926388726.1062,1,0,2,1,0,1,60.74429,0,423.353639188653,0,0,0,210.8492,1189,1364,1024,-5.687986,0.1800001,-4.76986
63926388726.4014,1,0,2,1,0,1,60.44428,0,423.353639188653,0,0,0,211.141,1190,1364,1024,-5.178127,0.1800001,-4.260001
63926388726.7002,1,0,2,1,0,1,60.14428,0,423.353639188653,0,0,0,211.4416,1191,1364,1024,-4.668268,0.1800001,-3.750142
63926388726.992,1,0,2,1,0,1,59.86427,0,423.353639188653,0,0,0,211.7323,1192,1364,1024,-4.1924,0.18,-3.274273
63926388727.2867,1,0,2,1,0,1,59.56426,0,423.353639188653,0,0,0,212.0296,1193,1364,1024,-3.68254,0.18,-2.764414
63926388727.561,1,0,2,1,0,1,59.28426,0,423.353639188653,0,0,0,212.3021,1194,1364,1024,-3.206672,0.18,-2.288545
63926388727.8348,1,0,2,1,0,1,59.02425,0,423.353639188653,0,0,0,212.577,1195,1364,1024,-2.764794,0.18,-1.846667
63926388728.1256,1,0,2,1,0,1,58.72424,0,423.353639188653,0,0,0,212.8683,1196,1364,1024,-2.254935,0.18,-1.336808
63926388728.4259,1,0,2,1,0,1,58.42424,0,423.353639188653,0,0,0,213.1658,1197,1364,1024,-1.490146,0.18,-0.5720196
63926388728.7316,1,0,2,1,0,1,58.12423,0,423.353639188653,0,0,0,213.4731,1198,1364,1024,-0.06699699,0.18,0.8511292
63926388729.0343,1,0,2,1,0,1,57.82422,0,423.353639188653,0,0,0,213.7773,1199,1364,1024,-0.05784767,0.18,0.8602785
63926388729.3167,1,0,2,1,0,1,57.54422,0,423.353639188653,0,0,0,214.0589,1200,1364,1024,-0.05784767,0.1800001,1.213593
63926388729.5872,1,0,2,1,0,1,57.26421,0,423.353639188653,0,0,0,214.3288,1201,1364,1024,-0.005597316,0.1800001,1.512468
63926388729.8804,1,0,2,1,0,1,56.9642,0,423.353639188653,0,0,0,214.6202,1202,1364,1024,-0.005597316,0.1800001,2.233517
63926388730.1698,1,0,2,1,0,1,56.6842,0,423.353639188653,0,0,0,214.912,1203,1364,1024,-0.005597316,0.1800001,2.906497
63926388730.4428,1,0,2,1,0,1,56.40419,0,423.353639188653,0,0,0,215.1854,1204,1364,1024,-0.005597316,0.1800001,3.579477
63926388730.7299,1,0,2,1,0,1,56.12418,0,423.353639188653,0,0,0,215.4719,1205,1364,1024,-0.005597316,0.1800001,4.252457
63926388731.0135,1,0,2,1,0,1,56.10418,0,423.353639188653,0,0,0,215.4863,1206,1364,1024,-1.8,0,9
63926388731.2941,1,0,2,1,0,1,55.82418,0,423.353639188653,0,0,0,215.7622,1207,1364,1024,-1.8,0.1799999,9
63926388731.5742,1,0,2,1,0,1,55.54417,0,423.353639188653,0,0,0,216.0435,1208,1364,1024,-1.8,0.1799999,9
63926388731.8368,1,0,2,1,0,1,55.28416,0,423.353639188653,0,0,0,216.3053,1209,1364,1024,-1.8,0.1799999,9
63926388732.121,1,0,2,1,0,1,55.00416,0,423.353639188653,0,0,0,216.5896,1210,1364,1024,-1.8,0.1799999,9
63926388732.4067,1,0,2,1,0,1,54.72415,0,423.353639188653,0,0,0,216.8766,1211,1364,1024,-1.8,0.1799999,9
63926388732.6913,1,0,2,1,0,1,54.42414,0,423.353639188653,0,0,0,217.1607,1212,1364,1024,-1.8,0.1799999,9
63926388732.9568,1,0,2,1,0,1,54.16414,0,423.353639188653,0,0,0,217.4266,1213,1364,1024,-1.8,0.1799999,9
63926388733.2393,1,0,2,1,0,1,53.88413,0,423.353639188653,0,0,0,217.7088,1214,1364,1024,-1.8,0.1799999,9
63926388733.5009,1,0,2,1,0,1,53.62413,0,423.353639188653,0,0,0,217.9695,1215,1364,1024,-1.8,0.1799999,9
63926388733.7728,1,0,2,1,0,1,53.34412,0,423.353639188653,0,0,0,218.2418,1216,1364,1024,-1.8,0.1799999,9
63926388734.0329,1,0,2,1,0,1,53.08411,0,423.353639188653,0,0,0,218.5017,1217,1364,1024,-1.8,0.1799999,9
63926388734.3058,1,0,2,1,0,1,52.82411,0,423.353639188653,0,0,0,218.775,1218,1364,1024,-1.8,0.1799999,9
63926388734.5932,1,0,2,1,0,1,52.5241,0,423.353639188653,0,0,0,219.063,1219,1364,1024,-1.8,0.1799999,9
63926388734.8739,1,0,2,1,0,1,52.24409,0,423.353639188653,0,0,0,219.3432,1220,1364,1024,-1.8,0.1799999,9
63926388735.1616,1,0,2,1,0,1,51.96409,0,423.353639188653,0,0,0,219.6303,1221,1364,1024,-1.8,0.1799999,9
63926388735.4447,1,0,2,1,0,1,51.68408,0,423.353639188653,0,0,0,219.9126,1222,1364,1024,-1.8,0.1799999,9
63926388735.7287,1,0,2,1,0,1,51.40408,0,423.353639188653,0,0,0,220.1975,1223,1364,1024,-1.8,0.1799999,9
63926388736.0069,1,0,2,1,0,1,51.12407,0,423.353639188653,0,0,0,220.4761,1224,1364,1024,-1.8,0.1799999,9
63926388736.317,1,0,2,1,0,1,50.80406,0,423.353639188653,0,0,0,220.7847,1225,1364,1024,-1.8,0.1799999,9
63926388736.6077,1,0,2,1,0,1,50.52406,0,423.353639188653,0,0,0,221.0775,1226,1364,1024,-1.8,0.1799999,9
63926388736.8967,1,0,2,1,0,1,50.50406,0,423.353639188653,0,0,0,221.0921,1227,1364,1024,-1.8,0.18,8.95193
63926388737.1834,1,0,2,1,0,1,50.22405,0,423.353639188653,0,0,0,221.3758,1228,1364,1024,-1.8,0.18,8.278951
63926388737.4776,1,0,2,1,0,1,49.92404,0,423.353639188653,0,0,0,221.6695,1229,1364,1024,-1.8,0.18,7.197376
63926388737.7364,1,0,2,1,0,1,49.66404,0,423.353639188653,0,0,0,221.9287,1230,1364,1024,-1.8,0.18,6.260011
63926388738.0091,1,0,2,1,0,1,49.38403,0,423.353639188653,0,0,0,222.2009,1231,1364,1024,-1.8,0.18,5.250542
63926388738.2955,1,0,2,1,0,1,49.10402,0,423.353639188653,0,0,0,222.485,1232,1364,1024,-1.8,0.18,5.250542
63926388738.5874,1,0,2,1,0,1,48.82402,0,423.353639188653,0,0,0,222.7796,1233,1364,1024,-1.8,0.18,6.260011
63926388738.8754,1,0,2,1,0,1,48.52401,0,423.353639188653,0,0,0,223.0659,1234,1364,1024,-1.8,0.18,6.981061
63926388739.1361,1,0,2,1,0,1,48.264,0,423.353639188653,0,0,0,223.3272,1235,1364,1024,-1.8,0.18,7.605971
63926388739.4275,1,0,2,1,0,1,47.984,0,423.353639188653,0,0,0,223.618,1236,1364,1024,-1.8,0.18,8.278951
63926388739.7182,1,0,2,1,0,1,47.68399,0,423.353639188653,0,0,0,223.9091,1237,1364,1024,-1.8,0.1799999,8.278951
63926388739.9959,1,0,2,1,0,1,47.40398,0,423.353639188653,0,0,0,224.1874,1238,1364,1024,-1.8,0.1799999,8.278951
63926388740.2888,1,0,2,1,0,1,47.10398,0,423.353639188653,0,0,0,224.4811,1239,1364,1024,-1.8,0.1799999,8.278951
63926388740.5725,1,0,2,1,0,1,46.82397,0,423.353639188653,0,0,0,224.7632,1240,1364,1024,-1.8,0.1799999,8.278951
63926388740.856,1,0,2,1,0,1,46.54396,0,423.353639188653,0,0,0,225.0473,1241,1364,1024,-1.8,0.1799999,8.278951
63926388741.158,1,0,2,1,0,1,46.24396,0,423.353639188653,0,0,0,225.3492,1242,1364,1024,-1.8,0.1799999,8.278951
63926388741.4653,1,0,2,1,0,1,46.22396,0,423.353639188653,0,0,0,225.3647,1243,1364,1024,-1.84807,0.18,8.278951
63926388741.7444,1,0,2,1,0,1,45.96395,0,423.353639188653,0,0,0,225.6387,1244,1364,1024,-2.47298,0.18,8.278951
63926388742.0448,1,0,2,1,0,1,45.66394,0,423.353639188653,0,0,0,225.9395,1245,1364,1024,-2.47298,0.1799999,8.278951
63926388742.3143,1,0,2,1,0,1,45.38394,0,423.353639188653,0,0,0,226.2094,1246,1364,1024,-1.8,0.18,8.278951
63926388742.5918,1,0,2,1,0,1,45.10393,0,423.353639188653,0,0,0,226.487,1247,1364,1024,-1.8,0.18,8.278951
63926388742.8732,1,0,2,1,0,1,44.82393,0,423.353639188653,0,0,0,226.7685,1248,1364,1024,-1.8,0.18,8.278951
63926388743.1546,1,0,2,1,0,1,44.54392,0,423.353639188653,0,0,0,227.0506,1249,1364,1024,-1.8,0.18,8.278951
63926388743.43,1,0,2,1,0,1,44.26391,0,423.353639188653,0,0,0,227.3267,1250,1364,1024,-1.8,0.18,8.278951
63926388743.7028,1,0,2,1,0,1,44.00391,0,423.353639188653,0,0,0,227.5984,1251,1364,1024,-1.8,0.18,8.278951
63926388743.9616,1,0,2,1,0,1,43.7439,0,423.353639188653,0,0,0,227.8589,1252,1364,1024,-1.8,0.18,8.278951
63926388744.2272,1,0,2,1,0,1,43.46389,0,423.353639188653,0,0,0,228.1215,1253,1364,1024,-1.8,0.18,8.278951
63926388744.5003,1,0,2,1,0,1,43.20389,0,423.353639188653,0,0,0,228.3956,1254,1364,1024,-1.8,0.18,8.278951
63926388744.782,1,0,2,1,0,1,42.92388,0,423.353639188653,0,0,0,228.6778,1255,1364,1024,-2.275868,0.18,7.803082
63926388745.0541,1,0,2,1,0,1,42.64388,0,423.353639188653,0,0,0,228.9492,1256,1364,1024,-2.751737,0.18,7.327213
63926388745.3507,1,0,2,1,0,1,42.34387,0,423.353639188653,0,0,0,229.245,1257,1364,1024,-2.751737,0.18,6.606164
63926388745.5913,1,0,2,1,0,1,42.10386,0,423.353639188653,0,0,0,229.4867,1258,1364,1024,-2.174897,0.18,6.606164
63926388745.8707,1,0,2,1,0,1,41.82386,0,423.353639188653,0,0,0,229.7658,1259,1364,1024,-1.501917,0.18,6.606164
63926388746.149,1,0,2,1,0,1,41.54385,0,423.353639188653,0,0,0,230.0444,1260,1364,1024,-0.8289377,0.18,6.606164
63926388746.455,1,0,2,1,0,1,41.24384,0,423.353639188653,0,0,0,230.3504,1261,1364,1024,-0.1078879,0.18,6.606164
63926388746.7569,1,0,2,1,0,1,40.94384,0,423.353639188653,0,0,0,230.6533,1262,1364,1024,0.4019712,0.18,7.116023
63926388747.0393,1,0,2,1,0,1,40.66383,0,423.353639188653,0,0,0,230.9352,1263,1364,1024,1.074951,0.18,7.116023
63926388747.3356,1,0,2,1,0,1,40.36382,0,423.353639188653,0,0,0,231.2307,1264,1364,1024,1.796001,0.18,7.116023
63926388747.5958,1,0,2,1,0,1,40.10382,0,423.353639188653,0,0,0,231.492,1265,1364,1024,2.420911,0.18,7.116023
63926388747.8812,1,0,2,1,0,1,39.82381,0,423.353639188653,0,0,0,231.7771,1266,1364,1024,3.09389,0.18,7.116023
63926388748.1818,1,0,2,1,0,1,39.5238,0,423.353639188653,0,0,0,232.0758,1267,1364,1024,3.81494,0.18,7.116023
63926388748.4601,1,0,2,1,0,1,39.2438,0,423.353639188653,0,0,0,232.3566,1268,1364,1024,4.48792,0.18,7.116023
63926388748.736,1,0,2,1,0,1,38.96379,0,423.353639188653,0,0,0,232.6293,1269,1364,1024,4.48792,0.1799999,7.116023
63926388749.0119,1,0,2,1,0,1,38.68378,0,423.353639188653,0,0,0,232.9062,1270,1364,1024,4.012051,0.18,6.640154
63926388749.2754,1,0,2,1,0,1,38.42378,0,423.353639188653,0,0,0,233.1716,1271,1364,1024,3.349234,0.18,5.977337
63926388749.5599,1,0,2,1,0,1,38.14377,0,423.353639188653,0,0,0,233.4544,1272,1364,1024,2.339765,0.18,5.977337
63926388749.8228,1,0,2,1,0,1,37.88377,0,423.353639188653,0,0,0,233.7183,1273,1364,1024,1.676948,0.18,5.31452
63926388750.1067,1,0,2,1,0,1,37.58376,0,423.353639188653,0,0,0,234.002,1274,1364,1024,0.9558982,0.18,5.31452
63926388750.3902,1,0,2,1,0,1,37.30375,0,423.353639188653,0,0,0,234.2853,1275,1364,1024,0.4800297,0.18,4.838652
63926388750.6752,1,0,2,1,0,1,37.02375,0,423.353639188653,0,0,0,234.5711,1276,1364,1024,-0.5294399,0.18,4.838652
63926388750.9739,1,0,2,1,0,1,36.72374,0,423.353639188653,0,0,0,234.8696,1277,1364,1024,-1.294229,0.18,4.073863
63926388751.2688,1,0,2,1,0,1,36.42373,0,423.353639188653,0,0,0,235.1634,1278,1364,1024,-2.375803,0.18,4.073863
63926388751.5528,1,0,2,1,0,1,36.14373,0,423.353639188653,0,0,0,235.4491,1279,1364,1024,-2.851672,0.18,3.597995
63926388751.8332,1,0,2,1,0,1,35.86372,0,423.353639188653,0,0,0,235.7279,1280,1364,1024,-3.524652,0.18,3.597995
63926388752.1157,1,0,2,1,0,1,35.58371,0,423.353639188653,0,0,0,236.0108,1281,1364,1024,-4.00052,0.18,4.073863
63926388752.4031,1,0,2,1,0,1,35.30371,0,423.353639188653,0,0,0,236.2991,1282,1364,1024,-4.476388,0.1800001,4.549732
63926388752.6992,1,0,2,1,0,1,35.0037,0,423.353639188653,0,0,0,236.5942,1283,1364,1024,-4.986248,0.18,5.059591
63926388752.9699,1,0,2,1,0,1,34.72369,0,423.353639188653,0,0,0,236.8655,1284,1364,1024,-5.462116,0.18,5.53546
63926388753.2546,1,0,2,1,0,1,34.44369,0,423.353639188653,0,0,0,237.1514,1285,1364,1024,-6.175919,0.18,6.249262
63926388753.5575,1,0,2,1,0,1,34.14368,0,423.353639188653,0,0,0,237.4519,1286,1364,1024,-6.940708,0.1800001,7.014051
63926388753.8608,1,0,2,1,0,1,33.84367,0,423.353639188653,0,0,0,237.7522,1287,1364,1024,-7.450567,0.1799999,7.52391
63926388754.1426,1,0,2,1,0,1,33.56367,0,423.353639188653,0,0,0,238.0376,1288,1364,1024,-7.693432,0.18,7.999779
63926388754.4459,1,0,2,1,0,1,33.24366,0,423.353639188653,0,0,0,238.3409,1289,1364,1024,-7.693432,0.18,8.450001
63926388754.7238,1,0,2,1,0,1,32.98365,0,423.353639188653,0,0,0,238.6184,1290,1364,1024,-7.693432,0.1799999,8.450001
63926388755.0038,1,0,2,1,0,1,32.96365,0,423.353639188653,0,0,0,238.6327,1291,1364,1024,-7.693432,0.1799999,8.450001
63926388755.2832,1,0,2,1,0,1,32.68365,0,423.353639188653,0,0,0,238.9072,1292,1364,1024,-7.693432,0.1799999,8.450001
63926388755.5697,1,0,2,1,0,1,32.40364,0,423.353639188653,0,0,0,239.1951,1293,1364,1024,-7.693432,0.1799999,8.450001
63926388755.8322,1,0,2,1,0,1,32.14363,0,423.353639188653,0,0,0,239.4581,1294,1364,1024,-7.693432,0.1799999,8.450001
63926388756.1014,1,0,2,1,0,1,31.86363,0,423.353639188653,0,0,0,239.7263,1295,1364,1024,-7.693432,0.1799999,8.450001
63926388756.3862,1,0,2,1,0,1,31.58362,0,423.353639188653,0,0,0,240.0106,1296,1364,1024,-7.693432,0.1799999,8.450001
63926388756.6898,1,0,2,1,0,1,31.28362,0,423.353639188653,0,0,0,240.3138,1297,1364,1024,-7.693432,0.1799999,8.450001
63926388756.968,1,0,2,1,0,1,31.00361,0,423.353639188653,0,0,0,240.5934,1298,1364,1024,-7.693432,0.1799999,8.450001
63926388757.2803,1,0,2,1,0,1,30.6836,0,423.353639188653,0,0,0,240.9031,1299,1364,1024,-6.924313,0.18,8.450001
63926388757.5808,1,0,2,1,0,1,30.38359,0,423.353639188653,0,0,0,241.2061,1300,1364,1024,-6.203263,0.18,8.450001
63926388757.8811,1,0,2,1,0,1,30.08359,0,423.353639188653,0,0,0,241.5056,1301,1364,1024,-5.482213,0.18,8.450001
63926388758.1774,1,0,2,1,0,1,29.78358,0,423.353639188653,0,0,0,241.802,1302,1364,1024,-4.761163,0.18,8.450001
63926388758.4788,1,0,2,1,0,1,29.48357,0,423.353639188653,0,0,0,242.1034,1303,1364,1024,-4.040113,0.18,8.450001
63926388758.7854,1,0,2,1,0,1,29.18357,0,423.353639188653,0,0,0,242.4105,1304,1364,1024,-3.319064,0.18,8.450001
63926388759.0908,1,0,2,1,0,1,28.88356,0,423.353639188653,0,0,0,242.7153,1305,1364,1024,-2.598014,0.18,8.450001
63926388759.3937,1,0,2,1,0,1,28.58355,0,423.353639188653,0,0,0,243.0183,1306,1364,1024,-1.876964,0.18,8.450001
63926388759.6862,1,0,2,1,0,1,28.28355,0,423.353639188653,0,0,0,243.3109,1307,1364,1024,-1.155915,0.18,8.450001
63926388759.9616,1,0,2,1,0,1,28.00354,0,423.353639188653,0,0,0,243.5863,1308,1364,1024,-0.4829348,0.18,8.450001
63926388760.2675,1,0,2,1,0,1,27.70353,0,423.353639188653,0,0,0,243.8929,1309,1364,1024,0.02692431,0.1800001,7.940142
63926388760.5616,1,0,2,1,0,1,27.40353,0,423.353639188653,0,0,0,244.1861,1310,1364,1024,0.02692431,0.18,7.219092
63926388760.833,1,0,2,1,0,1,27.14352,0,423.353639188653,0,0,0,244.4583,1311,1364,1024,0.02692431,0.18,6.281727
63926388761.1091,1,0,2,1,0,1,26.86351,0,423.353639188653,0,0,0,244.7333,1312,1364,1024,0.02692431,0.18,5.272257
63926388761.403,1,0,2,1,0,1,26.56351,0,423.353639188653,0,0,0,245.0263,1313,1364,1024,0.02692431,0.18,4.190683
63926388761.6822,1,0,2,1,0,1,26.2835,0,423.353639188653,0,0,0,245.3064,1314,1364,1024,0.02692431,0.18,3.517703
63926388761.9385,1,0,2,1,0,1,26.02349,0,423.353639188653,0,0,0,245.5638,1315,1364,1024,0.02692431,0.18,1.726778
63926388762.1989,1,0,2,1,0,1,26.02349,0,423.353639188653,0,0,0,245.577,1316,1364,1024,0.02692431,0.18,1.726778
63926388762.4609,1,0,2,1,0,1,25.76349,0,423.353639188653,0,0,0,245.8347,1317,1364,1024,0.02692431,0.1799999,1.65196
63926388762.7487,1,0,2,1,0,1,25.46348,0,423.353639188653,0,0,0,246.1224,1318,1364,1024,0.02692431,0.1799999,1.65196
63926388763.0256,1,0,2,1,0,1,25.46348,0,423.353639188653,0,0,0,246.1365,1319,1364,1024,-1.8,0,9
63926388763.2892,1,0,2,1,0,1,25.20348,0,423.353639188653,0,0,0,246.3963,1320,1364,1024,-1.8,0.1799999,9
63926388763.5819,1,0,2,1,0,1,24.90347,0,423.353639188653,0,0,0,246.6878,1321,1364,1024,-1.8,0.1799999,9
63926388763.8496,1,0,2,1,0,1,24.64346,0,423.353639188653,0,0,0,246.9561,1322,1364,1024,-1.8,0.1799999,9
63926388764.1171,1,0,2,1,0,1,24.36346,0,423.353639188653,0,0,0,247.2245,1323,1364,1024,-1.8,0.1799999,9
63926388764.4,1,0,2,1,0,1,24.08345,0,423.353639188653,0,0,0,247.5071,1324,1364,1024,-1.8,0.1799999,9
63926388764.6973,1,0,2,1,0,1,23.78344,0,423.353639188653,0,0,0,247.8023,1325,1364,1024,-1.8,0.1799999,9
63926388764.9764,1,0,2,1,0,1,23.50344,0,423.353639188653,0,0,0,248.0833,1326,1364,1024,-1.8,0.1799999,9
63926388765.2461,1,0,2,1,0,1,23.24343,0,423.353639188653,0,0,0,248.3535,1327,1364,1024,-1.8,0.1799999,9
63926388765.5228,1,0,2,1,0,1,22.96342,0,423.353639188653,0,0,0,248.6296,1328,1364,1024,-1.8,0.1799999,9
63926388765.8043,1,0,2,1,0,1,22.68342,0,423.353639188653,0,0,0,248.9104,1329,1364,1024,-1.8,0.1799999,9
63926388766.1033,1,0,2,1,0,1,22.38341,0,423.353639188653,0,0,0,249.2029,1330,1364,1024,-1.8,0.1799999,9
63926388766.3999,1,0,2,1,0,1,22.0834,0,423.353639188653,0,0,0,249.5062,1331,1364,1024,-1.8,0.1799999,9
63926388766.6949,1,0,2,1,0,1,21.8034,0,423.353639188653,0,0,0,249.7996,1332,1364,1024,-1.8,0.1799999,9
63926388766.9953,1,0,2,1,0,1,21.48339,0,423.353639188653,0,0,0,250.101,1333,1364,1024,-1.8,0.1799999,9
63926388767.2673,1,0,2,1,0,1,21.22338,0,423.353639188653,0,0,0,250.3728,1334,1364,1024,-1.8,0.1799999,9
63926388767.5903,1,0,2,1,0,1,20.90338,0,423.353639188653,0,0,0,250.6962,1335,1364,1024,-1.8,0.1799999,9
63926388767.8904,1,0,2,1,0,1,20.60337,0,423.353639188653,0,0,0,250.9966,1336,1364,1024,-1.8,0.1799999,9
63926388768.1684,1,0,2,1,0,1,20.32336,0,423.353639188653,0,0,0,251.2751,1337,1364,1024,-1.8,0.1799999,9
63926388768.4494,1,0,2,1,0,1,20.04336,0,423.353639188653,0,0,0,251.5554,1338,1364,1024,-1.8,0.1799999,9
63926388768.7562,1,0,2,1,0,1,20.02336,0,423.353639188653,0,0,0,251.5709,1339,1364,1024,-1.8,0.1799999,9
63926388769.0476,1,0,2,1,0,1,19.74335,0,423.353639188653,0,0,0,251.8584,1340,1364,1024,-1.8,0.1799999,9
63926388769.3445,1,0,2,1,0,1,19.44334,0,423.353639188653,0,0,0,252.1543,1341,1364,1024,-1.09176,0.18,9.026172
63926388769.6295,1,0,2,1,0,1,19.16334,0,423.353639188653,0,0,0,252.4395,1342,1364,1024,-0.6158912,0.18,8.550303
63926388769.9208,1,0,2,1,0,1,18.86333,0,423.353639188653,0,0,0,252.731,1343,1364,1024,-0.1060321,0.1799999,8.040444
63926388770.2033,1,0,2,1,0,1,18.58332,0,423.353639188653,0,0,0,253.0153,1344,1364,1024,-0.1060321,0.1799999,8.040444
63926388770.4848,1,0,2,1,0,1,18.30332,0,423.353639188653,0,0,0,253.2961,1345,1364,1024,-0.1060321,0.1799999,8.040444
63926388770.7797,1,0,2,1,0,1,18.00331,0,423.353639188653,0,0,0,253.5918,1346,1364,1024,-0.1060321,0.1799999,8.040444
63926388771.0667,1,0,2,1,0,1,17.7233,0,423.353639188653,0,0,0,253.8779,1347,1364,1024,-0.1060321,0.1799999,8.040444
63926388771.3715,1,0,2,1,0,1,17.4033,0,423.353639188653,0,0,0,254.1828,1348,1364,1024,-0.1060321,0.1799999,8.040444
63926388771.7168,1,0,2,1,0,1,17.08329,0,423.353639188653,0,0,0,254.5161,1349,1364,1024,-0.1060321,0.1799999,8.040444
63926388772.0251,1,0,2,1,0,1,16.76328,0,423.353639188653,0,0,0,254.8217,1350,1364,1024,-0.6498818,0.18,7.496594
63926388772.3437,1,0,2,1,0,1,16.44328,0,423.353639188653,0,0,0,255.1413,1351,1364,1024,-0.6498818,0.18,6.727475
63926388772.6643,1,0,2,1,0,1,16.12327,0,423.353639188653,0,0,0,255.4606,1352,1364,1024,-0.6498818,0.18,5.958355
63926388772.972,1,0,2,1,0,1,15.82326,0,423.353639188653,0,0,0,255.7704,1353,1364,1024,-0.6498818,0.18,5.237305
63926388773.274,1,0,2,1,0,1,15.52325,0,423.353639188653,0,0,0,256.0723,1354,1364,1024,-0.6498818,0.18,4.155731
63926388773.5595,1,0,2,1,0,1,15.24325,0,423.353639188653,0,0,0,256.3581,1355,1364,1024,-0.6498818,0.18,3.482751
63926388773.8536,1,0,2,1,0,1,14.94324,0,423.353639188653,0,0,0,256.6531,1356,1364,1024,-0.6498818,0.18,2.761701
63926388774.1378,1,0,2,1,0,1,14.66323,0,423.353639188653,0,0,0,256.9372,1357,1364,1024,-0.6498818,0.18,2.088721
63926388774.4466,1,0,2,1,0,1,14.34323,0,423.353639188653,0,0,0,257.2439,1358,1364,1024,-0.6498818,0.18,1.319602
63926388774.7818,1,0,2,1,0,1,14.02322,0,423.353639188653,0,0,0,257.5772,1359,1364,1024,-0.6498818,0.18,0.5504818
63926388775.0623,1,0,2,1,0,1,13.74321,0,423.353639188653,0,0,0,257.8573,1360,1364,1024,-0.6498818,0.1799999,0.5504818
63926388775.3571,1,0,2,1,0,1,13.44321,0,423.353639188653,0,0,0,258.1525,1361,1364,1024,-1.159741,0.1799999,1.060341
63926388775.6526,1,0,2,1,0,1,13.42321,0,423.353639188653,0,0,0,258.1675,1362,1364,1024,-1.8,0,9
63926388775.9378,1,0,2,1,0,1,13.1432,0,423.353639188653,0,0,0,258.4483,1363,1364,1024,-1.8,0.1799999,9
63926388776.2382,1,0,2,1,0,1,12.84319,0,423.353639188653,0,0,0,258.7488,1364,1364,1024,-1.8,0.1799999,9
63926388776.5645,1,0,2,1,0,1,12.52319,0,423.353639188653,0,0,0,259.0733,1365,1364,1024,-1.8,0.1799999,9
63926388776.8493,1,0,2,1,0,1,12.22318,0,423.353639188653,0,0,0,259.361,1366,1364,1024,-1.8,0.1799999,9
63926388777.1201,1,0,2,1,0,1,11.96317,0,423.353639188653,0,0,0,259.6328,1367,1364,1024,-1.8,0.1799999,9
63926388777.4179,1,0,2,1,0,1,11.66317,0,423.353639188653,0,0,0,259.9291,1368,1364,1024,-1.8,0.1799999,9
63926388777.7217,1,0,2,1,0,1,11.36316,0,423.353639188653,0,0,0,260.2308,1369,1364,1024,-1.8,0.1799999,9
63926388778.0189,1,0,2,1,0,1,11.06315,0,423.353639188653,0,0,0,260.5292,1370,1364,1024,-1.8,0.1799999,9
63926388778.3112,1,0,2,1,0,1,10.76315,0,423.353639188653,0,0,0,260.8221,1371,1364,1024,-1.8,0.1799999,9
63926388778.5947,1,0,2,1,0,1,10.48314,0,423.353639188653,0,0,0,261.1064,1372,1364,1024,-1.8,0.1799999,9
63926388778.8833,1,0,2,1,0,1,10.20313,0,423.353639188653,0,0,0,261.3957,1373,1364,1024,-1.8,0.1799999,9
63926388779.178,1,0,2,1,0,1,9.903126,0,423.353639188653,0,0,0,261.6901,1374,1364,1024,-1.8,0.1799999,9
63926388779.4465,1,0,2,1,0,1,9.64312,0,423.353639188653,0,0,0,261.9579,1375,1364,1024,-1.8,0.1799999,9
63926388779.7493,1,0,2,1,0,1,9.343113,0,423.353639188653,0,0,0,262.2599,1376,1364,1024,-1.8,0.1799999,9
63926388780.0464,1,0,2,1,0,1,9.043106,0,423.353639188653,0,0,0,262.5566,1377,1364,1024,-1.8,0.1799999,9
63926388780.3496,1,0,2,1,0,1,8.723099,0,423.353639188653,0,0,0,262.8604,1378,1364,1024,-1.8,0.1799999,9
63926388780.64,1,0,2,1,0,1,8.443092,0,423.353639188653,0,0,0,263.1508,1379,1364,1024,-1.8,0.1799999,9
63926388780.9258,1,0,2,1,0,1,8.163086,0,423.353639188653,0,0,0,263.4369,1380,1364,1024,-1.8,0.1799999,9
63926388781.2247,1,0,2,1,0,1,7.863082,0,423.353639188653,0,0,0,263.7333,1381,1364,1024,-1.8,0.1799999,9
63926388781.5062,1,0,2,1,0,1,7.583083,0,423.353639188653,0,0,0,264.0176,1382,1364,1024,-2.275868,0.18,8.524132
63926388781.7841,1,0,2,1,0,1,7.303083,0,423.353639188653,0,0,0,264.2958,1383,1364,1024,-2.948848,0.18,8.524132
63926388782.0745,1,0,2,1,0,1,7.003083,0,423.353639188653,0,0,0,264.586,1384,1364,1024,-3.458707,0.18,8.014273
63926388782.3451,1,0,2,1,0,1,6.743083,0,423.353639188653,0,0,0,264.8567,1385,1364,1024,-3.458707,0.18,8.014273
63926388782.6444,1,0,2,1,0,1,6.443084,0,423.353639188653,0,0,0,265.1532,1386,1364,1024,-3.458707,0.18,8.014273
63926388782.9429,1,0,2,1,0,1,6.143084,0,423.353639188653,0,0,0,265.45,1387,1364,1024,-3.458707,0.18,8.014273
63926388783.2439,1,0,2,1,0,1,5.843084,0,423.353639188653,0,0,0,265.7536,1388,1364,1024,-3.458707,0.18,8.014273
63926388783.52,1,0,2,1,0,1,5.563085,0,423.353639188653,0,0,0,266.0323,1389,1364,1024,-3.458707,0.18,8.014273
63926388783.8061,1,0,2,1,0,1,5.283085,0,423.353639188653,0,0,0,266.3176,1390,1364,1024,-3.458707,0.18,8.014273
63926388784.0872,1,0,2,1,0,1,5.003085,0,423.353639188653,0,0,0,266.5981,1391,1364,1024,-3.458707,0.18,8.014273
63926388784.3521,1,0,2,1,0,1,5.003085,0,423.353639188653,0,1,1,266.5981,1392,1364,1024,-3.458707,0.18,8.014273
63926388784.9325,1,0,2,1,0,1,5.003085,0,423.353639188653,0,1,1,266.5981,1393,1364,1024,-3.458707,0.18,8.014273
63926388785.3785,1,0,2,1,0,1,5.003085,0,423.353639188653,0,1,1,266.5981,1394,1364,1024,-3.458707,0.18,8.014273
63926388785.9518,1,0,2,1,0,1,5.003085,0,423.353639188653,0,1,1,266.5981,1395,1364,1024,-3.458707,0.18,8.014273
63926388786.4519,1,0,2,1,0,1,5.003085,0,423.353639188653,0,1,1,266.5981,1396,1364,1024,-3.458707,0.18,8.014273
63926388786.9596,1,0,2,1,0,1,5.003085,0,423.353639188653,0,1,1,266.5981,1397,1364,1024,-3.458707,0.18,8.014273
63926388787.4839,1,0,2,1,0,1,4.663085,0,423.353639188653,0,0,0,266.9314,1398,1364,1024,-3.458707,0.18,8.014273
63926388787.8985,1,0,2,1,0,1,4.323086,0,423.353639188653,0,0,0,267.2647,1399,1364,1024,-3.458707,0.18,8.014273
63926388790.7037,1,0,2,1,0,1,4.003086,0,423.353639188653,0,0,0,267.5981,1400,1364,1024,-3.709217,0.8750404,10.27371
63926388791.2795,1,0,2,1,0,1,3.663086,0,423.353639188653,0,0,0,267.9314,1401,1364,1024,-3.721066,0.1799999,10.38057
63926388791.6443,1,0,2,1,0,1,3.323087,0,423.353639188653,0,0,0,268.2647,1402,1364,1024,-3.721066,0.1799999,10.38057
63926388791.9502,1,0,2,1,0,1,3.023087,0,423.353639188653,0,0,0,268.5729,1403,1364,1024,-3.721066,0.1799999,10.38057
63926388792.2776,1,0,2,1,0,1,2.703087,0,423.353639188653,0,0,0,268.8998,1404,1364,1024,-3.721066,0.1799999,10.38057
63926388792.5985,1,0,2,1,0,1,2.363088,0,423.353639188653,0,0,0,269.2203,1405,1364,1024,-3.721066,1.064,10.38057
63926388792.9143,1,0,2,1,0,1,2.063088,0,423.353639188653,0,0,0,269.5353,1406,1364,1024,-3.721066,0.18,9.659523
63926388793.259,1,0,2,1,0,1,1.723088,0,423.353639188653,0,0,0,269.8687,1407,1364,1024,-3.721066,0.18,8.433739
63926388793.5771,1,0,2,1,0,1,1.403089,0,423.353639188653,0,0,0,270.1878,1408,1364,1024,-3.721066,0.18,7.280059
63926388793.8961,1,0,2,1,0,1,1.083089,0,423.353639188653,0,0,0,270.5078,1409,1364,1024,-3.721066,0.18,6.12638
63926388794.2271,1,0,2,1,0,1,0.7630892,0,423.353639188653,0,0,0,270.8394,1410,1364,1024,-3.721066,0.1799999,6.12638
63926388794.5445,1,0,2,1,0,1,0.4430895,0,423.353639188653,0,0,0,271.1558,1411,1364,1024,-4.264915,0.1799999,6.670229
63926388794.8937,1,0,2,1,0,1,0.1030897,0,423.353639188653,0,0,0,271.4891,1412,1364,1024,-4.842756,0.18,7.24807
63926388795.214,1,0,2,0,1,1,0,1,528.372943718653,4.998293,1,1,271.811,1413,1364,1024,-5.0467,0.18,7.452013
63926388795.8278,1,0,2,0,1,1,0,1,528.372943718653,4.384473,1,1,271.811,1413,1364,1024,-5.0467,0.18,7.452013
63926388796.1307,1,0,2,0,1,1,0,1,528.372943718653,4.081627,1,1,271.811,1413,1364,1024,-5.0467,0.18,7.452013
63926388796.429,1,0,2,0,1,1,0,1,528.372943718653,3.783338,1,1,271.811,1413,1364,1024,-5.0467,0.18,7.452013
63926388796.7587,1,0,2,0,1,1,0,1,528.372943718653,3.453579,1,1,271.811,1413,1364,1024,-5.0467,0.18,7.452013
63926388797.07,1,0,2,0,1,1,0,1,528.372943718653,3.142286,1,1,271.811,1413,1364,1024,-5.0467,0.18,7.452013
63926388797.39,1,0,2,0,1,1,0,1,528.372943718653,2.822351,1,1,271.811,1413,1364,1024,-5.0467,0.18,7.452013
63926388797.6872,1,0,2,0,1,1,0,1,528.372943718653,2.525076,1,1,271.811,1413,1364,1024,-5.0467,0.18,7.452013
63926388797.9766,1,0,2,0,1,1,0,1,528.372943718653,2.235746,1,1,271.811,1413,1364,1024,-5.0467,0.18,7.452013
63926388798.2722,1,0,2,0,1,1,0,1,528.372943718653,1.940152,1,1,271.811,1413,1364,1024,-5.0467,0.18,7.452013
63926388798.578,1,0,2,0,1,1,0,1,528.372943718653,1.634282,1,1,271.811,1413,1364,1024,-5.0467,0.18,7.452013
63926388798.8699,1,0,2,0,1,1,0,1,528.372943718653,1.342406,1,1,271.811,1413,1364,1024,-5.0467,0.18,7.452013
63926388799.1633,1,0,2,0,1,1,0,1,528.372943718653,1.049034,1,1,271.811,1413,1364,1024,-5.0467,0.18,7.452013
63926388799.5736,1,0,2,0,1,1,0,1,528.372943718653,0.6387148,1,1,271.811,1413,1364,1024,-5.0467,0.18,7.452013
63926388799.9186,1,0,2,0,1,1,0,1,528.372943718653,0.293767,1,1,271.811,1413,1364,1024,-5.0467,0.18,7.452013
63926388800.2606,1,0,2,0,1,1,0,1,528.372943718653,0,1,1,271.811,1413,1364,1024,-5.0467,0.18,7.452013
63926388800.56,1,0,3,1,0,1,89.70005,0,528.372943718653,0,0,0,272.1052,1414,1364,1024,-1.8,0.1799999,9
63926388800.8682,1,0,3,1,0,1,89.4001,0,528.372943718653,0,0,0,272.4144,1415,1364,1024,-1.8,0.1799999,9
63926388801.1854,1,0,3,1,0,1,89.08015,0,528.372943718653,0,0,0,272.7291,1416,1364,1024,-1.03088,0.18,9
63926388801.4992,1,0,3,1,0,1,88.76021,0,528.372943718653,0,0,0,273.0429,1417,1364,1024,-0.2617605,0.18,9
63926388801.7975,1,0,3,1,0,1,88.46026,0,528.372943718653,0,0,0,273.3416,1418,1364,1024,0.4592893,0.18,9
63926388802.11,1,0,3,1,0,1,88.16031,0,528.372943718653,0,0,0,273.6516,1419,1364,1024,1.180339,0.18,9
63926388802.4713,1,0,3,1,0,1,87.82037,0,528.372943718653,0,0,0,273.985,1420,1364,1024,1.180339,0.18,9
63926388802.7614,1,0,3,1,0,1,87.54041,0,528.372943718653,0,0,0,274.2737,1421,1364,1024,1.42232,0.18,8.634744
63926388803.0721,1,0,3,1,0,1,87.22047,0,528.372943718653,0,0,0,274.5872,1422,1364,1024,1.42232,0.1799999,8.634744
63926388803.3736,1,0,3,1,0,1,86.92052,0,528.372943718653,0,0,0,274.8865,1423,1364,1024,1.42232,0.1799999,8.634744
63926388803.6773,1,0,3,1,0,1,86.62057,0,528.372943718653,0,0,0,275.192,1424,1364,1024,1.403654,0.18,8.106687
63926388803.978,1,0,3,1,0,1,86.32062,0,528.372943718653,0,0,0,275.4916,1425,1364,1024,1.324794,0.18,7.164015
63926388804.2761,1,0,3,1,0,1,86.02067,0,528.372943718653,0,0,0,275.7909,1426,1364,1024,1.324794,0.18,6.08244
63926388804.5746,1,0,3,1,0,1,85.72072,0,528.372943718653,0,0,0,276.0894,1427,1364,1024,1.324794,0.1799999,6.08244
63926388804.8544,1,0,3,1,0,1,85.70072,0,528.372943718653,0,0,0,276.1035,1428,1364,1024,-1.8,0,9
63926388805.1357,1,0,3,1,0,1,85.42077,0,528.372943718653,0,0,0,276.381,1429,1364,1024,-1.8,0.1799999,9
63926388805.4443,1,0,3,1,0,1,85.12082,0,528.372943718653,0,0,0,276.6894,1430,1364,1024,-1.8,0.1799999,9
63926388805.7312,1,0,3,1,0,1,84.84087,0,528.372943718653,0,0,0,276.9733,1431,1364,1024,-1.8,0.1799999,9
63926388806.0293,1,0,3,1,0,1,84.54092,0,528.372943718653,0,0,0,277.2751,1432,1364,1024,-1.8,0.1799999,9
63926388806.3221,1,0,3,1,0,1,84.24097,0,528.372943718653,0,0,0,277.5668,1433,1364,1024,-1.8,0.1799999,9
63926388806.6298,1,0,3,1,0,1,83.94102,0,528.372943718653,0,0,0,277.8754,1434,1364,1024,-1.8,0.1799999,9
63926388806.9382,1,0,3,1,0,1,83.62107,0,528.372943718653,0,0,0,278.1829,1435,1364,1024,-1.8,0.1799999,9
63926388807.2526,1,0,3,1,0,1,83.32112,0,528.372943718653,0,0,0,278.4968,1436,1364,1024,-1.8,0.1799999,9
63926388807.635,1,0,3,1,0,1,82.98118,0,528.372943718653,0,0,0,278.8302,1437,1364,1024,-1.8,0.1799999,9
63926388807.9539,1,0,3,1,0,1,82.66123,0,528.372943718653,0,0,0,279.1516,1438,1364,1024,-1.8,0.1799999,9
63926388808.2526,1,0,3,1,0,1,82.36128,0,528.372943718653,0,0,0,279.4506,1439,1364,1024,-1.8,0.1799999,9
63926388808.5539,1,0,3,1,0,1,82.06133,0,528.372943718653,0,0,0,279.752,1440,1364,1024,-1.8,0.1799999,9
63926388808.8566,1,0,3,1,0,1,81.76138,0,528.372943718653,0,0,0,280.0534,1441,1364,1024,-1.8,0.1799999,9
63926388809.1307,1,0,3,1,0,1,81.74139,0,528.372943718653,0,0,0,280.0673,1442,1364,1024,-1.8,0.1799999,9
63926388809.4022,1,0,3,1,0,1,81.48143,0,528.372943718653,0,0,0,280.336,1443,1364,1024,-1.8,0.1799999,9
63926388809.7142,1,0,3,1,0,1,81.16148,0,528.372943718653,0,0,0,280.6464,1444,1364,1024,-1.8,0.1799999,9
63926388810.0161,1,0,3,1,0,1,80.86153,0,528.372943718653,0,0,0,280.9491,1445,1364,1024,-1.8,0.1799999,9
63926388810.3107,1,0,3,1,0,1,80.56158,0,528.372943718653,0,0,0,281.2441,1446,1364,1024,-1.8,0.1799999,9
63926388810.6016,1,0,3,1,0,1,80.28163,0,528.372943718653,0,0,0,281.535,1447,1364,1024,-1.8,0.1799999,9
63926388810.9082,1,0,3,1,0,1,79.96169,0,528.372943718653,0,0,0,281.8414,1448,1364,1024,-1.8,0.1799999,9
63926388811.2773,1,0,3,1,0,1,79.64174,0,528.372943718653,0,0,0,282.1747,1449,1364,1024,-1.8,0.18,8.230881
63926388811.5812,1,0,3,1,0,1,79.34179,0,528.372943718653,0,0,0,282.479,1450,1364,1024,-1.8,0.18,7.149306
63926388811.8522,1,0,3,1,0,1,79.06184,0,528.372943718653,0,0,0,282.748,1451,1364,1024,-1.8,0.18,6.139836
63926388812.143,1,0,3,1,0,1,78.76189,0,528.372943718653,0,0,0,283.04,1452,1364,1024,-1.8,0.18,5.058262
63926388812.4233,1,0,3,1,0,1,78.48193,0,528.372943718653,0,0,0,283.3211,1453,1364,1024,-1.8,0.18,5.058262
63926388812.7171,1,0,3,1,0,1,78.20198,0,528.372943718653,0,0,0,283.6142,1454,1364,1024,-1.519109,0.18,5.471092
63926388812.9976,1,0,3,1,0,1,77.92203,0,528.372943718653,0,0,0,283.8934,1455,1364,1024,-1.410807,0.18,6.116607
63926388813.2928,1,0,3,1,0,1,77.90203,0,528.372943718653,0,0,0,283.9084,1456,1364,1024,-1.8,0,9
63926388813.5767,1,0,3,1,0,1,77.62208,0,528.372943718653,0,0,0,284.1872,1457,1364,1024,-1.8,0.1799999,9
63926388813.878,1,0,3,1,0,1,77.32213,0,528.372943718653,0,0,0,284.4887,1458,1364,1024,-1.8,0.1799999,9
63926388814.1863,1,0,3,1,0,1,77.02218,0,528.372943718653,0,0,0,284.797,1459,1364,1024,-1.8,0.1799999,9
63926388814.4879,1,0,3,1,0,1,76.72223,0,528.372943718653,0,0,0,285.0996,1460,1364,1024,-1.8,0.1799999,9
63926388814.7833,1,0,3,1,0,1,76.42228,0,528.372943718653,0,0,0,285.3947,1461,1364,1024,-1.8,0.1799999,9
63926388815.0918,1,0,3,1,0,1,76.10233,0,528.372943718653,0,0,0,285.7028,1462,1364,1024,-1.8,0.1799999,9
63926388815.3716,1,0,3,1,0,1,75.82238,0,528.372943718653,0,0,0,285.9823,1463,1364,1024,-1.8,0.1799999,9
63926388815.6464,1,0,3,1,0,1,75.56242,0,528.372943718653,0,0,0,286.2579,1464,1364,1024,-1.8,0.1799999,9
63926388815.9174,1,0,3,1,0,1,75.28247,0,528.372943718653,0,0,0,286.5293,1465,1364,1024,-1.8,0.1799999,9
63926388816.188,1,0,3,1,0,1,75.00252,0,528.372943718653,0,0,0,286.8004,1466,1364,1024,-1.8,0.1799999,9
63926388816.4726,1,0,3,1,0,1,74.72256,0,528.372943718653,0,0,0,287.0852,1467,1364,1024,-1.8,0.1799999,9
63926388816.7468,1,0,3,1,0,1,74.46261,0,528.372943718653,0,0,0,287.3596,1468,1364,1024,-1.8,0.1799999,9
63926388817.0788,1,0,3,1,0,1,74.12267,0,528.372943718653,0,0,0,287.6893,1469,1364,1024,-1.8,0.1799999,9
63926388817.3477,1,0,3,1,0,1,73.86271,0,528.372943718653,0,0,0,287.9598,1470,1364,1024,-1.8,0.1799999,9
63926388817.6379,1,0,3,1,0,1,73.56276,0,528.372943718653,0,0,0,288.2495,1471,1364,1024,-1.8,0.1799999,9
63926388817.9241,1,0,3,1,0,1,73.28281,0,528.372943718653,0,0,0,288.5342,1472,1364,1024,-1.8,0.1799999,9
63926388818.2552,1,0,3,1,0,1,72.94286,0,528.372943718653,0,0,0,288.8654,1473,1364,1024,-1.8,0.1799999,9
63926388818.5414,1,0,3,1,0,1,72.66291,0,528.372943718653,0,0,0,289.1516,1474,1364,1024,-1.8,0.1799999,9
63926388818.8384,1,0,3,1,0,1,72.36296,0,528.372943718653,0,0,0,289.4483,1475,1364,1024,-1.8,0.1799999,9
63926388819.132,1,0,3,1,0,1,72.06301,0,528.372943718653,0,0,0,289.7423,1476,1364,1024,-1.8,0.1799999,9
63926388819.4241,1,0,3,1,0,1,71.78306,0,528.372943718653,0,0,0,290.0342,1477,1364,1024,-1.8,0.18,8.327021
63926388819.7243,1,0,3,1,0,1,71.48311,0,528.372943718653,0,0,0,290.3342,1478,1364,1024,-1.8,0.18,7.245446
63926388820.0219,1,0,3,1,0,1,71.18316,0,528.372943718653,0,0,0,290.6317,1479,1364,1024,-1.8,0.18,6.163871
63926388820.3527,1,0,3,1,0,1,70.86321,0,528.372943718653,0,0,0,290.9536,1480,1364,1024,-1.8,0.18,5.010192
63926388820.6667,1,0,3,1,0,1,70.54327,0,528.372943718653,0,0,0,291.2776,1481,1364,1024,-1.8,0.18,5.010192
63926388820.9923,1,0,3,1,0,1,70.20332,0,528.372943718653,0,0,0,291.6021,1482,1364,1024,-1.8,0.18,5.827382
63926388821.291,1,0,3,1,0,1,70.20332,0,528.372943718653,0,0,0,291.6173,1483,1364,1024,-1.8,0,9
63926388821.6043,1,0,3,1,0,1,69.88338,0,528.372943718653,0,0,0,291.9253,1484,1364,1024,-1.8,0.1799999,9
63926388821.941,1,0,3,1,0,1,69.56343,0,528.372943718653,0,0,0,292.2586,1485,1364,1024,-1.8,0.1799999,9
63926388822.2302,1,0,3,1,0,1,69.26348,0,528.372943718653,0,0,0,292.5483,1486,1364,1024,-1.8,0.1799999,9
63926388822.5387,1,0,3,1,0,1,68.96353,0,528.372943718653,0,0,0,292.8558,1487,1364,1024,-1.8,0.1799999,9
63926388822.8442,1,0,3,1,0,1,68.64359,0,528.372943718653,0,0,0,293.1606,1488,1364,1024,-1.8,0.1799999,9
63926388823.1526,1,0,3,1,0,1,68.64359,0,528.372943718653,0,0,0,293.1763,1489,1364,1024,-1.8,0.1799999,9
63926388823.4499,1,0,3,1,0,1,68.34364,0,528.372943718653,0,0,0,293.4691,1490,1364,1024,-1.8,0.1799999,9
63926388823.7651,1,0,3,1,0,1,68.02369,0,528.372943718653,0,0,0,293.785,1491,1364,1024,-1.8,0.1799999,9
63926388824.0554,1,0,3,1,0,1,67.74374,0,528.372943718653,0,0,0,294.0756,1492,1364,1024,-1.8,0.1799999,9
63926388824.3412,1,0,3,1,0,1,67.44379,0,528.372943718653,0,0,0,294.3604,1493,1364,1024,-1.8,0.1799999,9
63926388824.6211,1,0,3,1,0,1,67.16383,0,528.372943718653,0,0,0,294.6409,1494,1364,1024,-1.8,0.1799999,9
63926388824.9122,1,0,3,1,0,1,66.88388,0,528.372943718653,0,0,0,294.9321,1495,1364,1024,-1.8,0.1799999,9
63926388825.1846,1,0,3,1,0,1,66.60393,0,528.372943718653,0,0,0,295.2046,1496,1364,1024,-1.8,0.1799999,9
63926388825.4731,1,0,3,1,0,1,66.32397,0,528.372943718653,0,0,0,295.4932,1497,1364,1024,-1.8,0.1799999,9
63926388825.796,1,0,3,1,0,1,66.00403,0,528.372943718653,0,0,0,295.8145,1498,1364,1024,-1.8,0.1799999,9
63926388826.0948,1,0,3,1,0,1,65.70408,0,528.372943718653,0,0,0,296.1129,1499,1364,1024,-1.8,0.1799999,9
63926388826.3956,1,0,3,1,0,1,65.40413,0,528.372943718653,0,0,0,296.4141,1500,1364,1024,-1.8,0.1799999,9
63926388826.7177,1,0,3,1,0,1,65.08418,0,528.372943718653,0,0,0,296.7372,1501,1364,1024,-1.8,0.1799999,9
63926388827.0641,1,0,3,1,0,1,65.06419,0,528.372943718653,0,0,0,296.7539,1502,1364,1024,-1.8,0.1799999,9
63926388827.3686,1,0,3,1,0,1,64.76424,0,528.372943718653,0,0,0,297.0571,1503,1364,1024,-1.8,0.1799999,9
63926388827.6906,1,0,3,1,0,1,64.44429,0,528.372943718653,0,0,0,297.3786,1504,1364,1024,-1.8,0.18,8.230881
63926388827.9921,1,0,3,1,0,1,64.12434,0,528.372943718653,0,0,0,297.6808,1505,1364,1024,-1.8,0.18,7.077201
63926388828.296,1,0,3,1,0,1,63.82436,0,528.372943718653,0,0,0,297.9837,1506,1364,1024,-1.8,0.18,5.995626
63926388828.6016,1,0,3,1,0,1,63.52435,0,528.372943718653,0,0,0,298.2909,1507,1364,1024,-1.8,0.18,5.995626
63926388828.9021,1,0,3,1,0,1,63.50435,0,528.372943718653,0,0,0,298.3061,1508,1364,1024,-1.8,0,9
63926388829.1994,1,0,3,1,0,1,63.20435,0,528.372943718653,0,0,0,298.6003,1509,1364,1024,-1.8,0.1799999,9
63926388829.5172,1,0,3,1,0,1,62.90434,0,528.372943718653,0,0,0,298.9168,1510,1364,1024,-1.8,0.1799999,9
63926388829.8173,1,0,3,1,0,1,62.60433,0,528.372943718653,0,0,0,299.2174,1511,1364,1024,-1.8,0.1799999,9
63926388830.1186,1,0,3,1,0,1,62.30433,0,528.372943718653,0,0,0,299.5181,1512,1364,1024,-1.8,0.1799999,9
63926388830.417,1,0,3,1,0,1,62.00432,0,528.372943718653,0,0,0,299.8156,1513,1364,1024,-1.8,0.1799999,9
63926388830.7158,1,0,3,1,0,1,61.70431,0,528.372943718653,0,0,0,300.1152,1514,1364,1024,-1.8,0.1799999,9
63926388831.0063,1,0,3,1,0,1,61.4043,0,528.372943718653,0,0,0,300.4063,1515,1364,1024,-1.8,0.1799999,9
63926388831.3202,1,0,3,1,0,1,61.0843,0,528.372943718653,0,0,0,300.7213,1516,1364,1024,-1.8,0.1799999,9
63926388831.6252,1,0,3,1,0,1,60.78429,0,528.372943718653,0,0,0,301.0258,1517,1364,1024,-1.8,0.1799999,9
63926388831.9126,1,0,3,1,0,1,60.50428,0,528.372943718653,0,0,0,301.3144,1518,1364,1024,-1.8,0.1799999,9
63926388832.2167,1,0,3,1,0,1,60.20428,0,528.372943718653,0,0,0,301.6174,1519,1364,1024,-1.8,0.1799999,9
63926388832.5013,1,0,3,1,0,1,59.90427,0,528.372943718653,0,0,0,301.901,1520,1364,1024,-1.8,0.1799999,9
63926388832.7942,1,0,3,1,0,1,59.62426,0,528.372943718653,0,0,0,302.1947,1521,1364,1024,-1.8,0.1799999,9
63926388833.083,1,0,3,1,0,1,59.32426,0,528.372943718653,0,0,0,302.4828,1522,1364,1024,-1.8,0.1799999,9
63926388833.3819,1,0,3,1,0,1,59.02425,0,528.372943718653,0,0,0,302.7813,1523,1364,1024,-1.8,0.1799999,9
63926388833.6789,1,0,3,1,0,1,58.74424,0,528.372943718653,0,0,0,303.0787,1524,1364,1024,-1.8,0.1799999,9
63926388833.9953,1,0,3,1,0,1,58.42424,0,528.372943718653,0,0,0,303.3933,1525,1364,1024,-1.8,0.1799999,9
63926388834.3263,1,0,3,1,0,1,58.08423,0,528.372943718653,0,0,0,303.7246,1526,1364,1024,-1.8,0.1799999,9
63926388834.6402,1,0,3,1,0,1,57.78422,0,528.372943718653,0,0,0,304.0379,1527,1364,1024,-1.8,0.1799999,9
63926388834.9483,1,0,3,1,0,1,57.46421,0,528.372943718653,0,0,0,304.3464,1528,1364,1024,-1.8,0.18,8.230881
63926388835.2351,1,0,3,1,0,1,57.18421,0,528.372943718653,0,0,0,304.6357,1529,1364,1024,-1.8,0.18,7.221411
63926388835.5224,1,0,3,1,0,1,56.8842,0,528.372943718653,0,0,0,304.9213,1530,1364,1024,-1.8,0.18,6.139836
63926388835.8218,1,0,3,1,0,1,56.58419,0,528.372943718653,0,0,0,305.2225,1531,1364,1024,-1.8,0.18,6.139836
63926388836.1169,1,0,3,1,0,1,56.30419,0,528.372943718653,0,0,0,305.5164,1532,1364,1024,-1.8,0.18,7.149306
63926388836.4106,1,0,3,1,0,1,56.00418,0,528.372943718653,0,0,0,305.8105,1533,1364,1024,-2.309859,0.18,7.659165
63926388836.7457,1,0,3,1,0,1,55.66417,0,528.372943718653,0,0,0,306.1439,1534,1364,1024,-2.309859,0.18,8.476355
63926388837.0325,1,0,3,1,0,1,55.38417,0,528.372943718653,0,0,0,306.4319,1535,1364,1024,-2.309859,0.1799999,8.476355
63926388837.3226,1,0,3,1,0,1,55.08416,0,528.372943718653,0,0,0,306.7201,1536,1364,1024,-2.309859,0.1799999,8.476355
63926388837.626,1,0,3,1,0,1,54.78415,0,528.372943718653,0,0,0,307.0248,1537,1364,1024,-2.309859,0.1799999,8.476355
63926388837.9675,1,0,3,1,0,1,54.46415,0,528.372943718653,0,0,0,307.3581,1538,1364,1024,-2.309859,0.1799999,8.476355
63926388838.2721,1,0,3,1,0,1,54.14414,0,528.372943718653,0,0,0,307.6615,1539,1364,1024,-1.766009,0.1800001,7.932505
63926388838.5816,1,0,3,1,0,1,54.14414,0,528.372943718653,0,0,0,307.6773,1540,1364,1024,-1.766009,0.1800001,7.932505
63926388838.8958,1,0,3,1,0,1,53.82413,0,528.372943718653,0,0,0,307.9874,1541,1364,1024,-1.766009,0.1799999,7.932505
63926388839.203,1,0,3,1,0,1,53.52412,0,528.372943718653,0,0,0,308.2923,1542,1364,1024,-2.275868,0.18,7.422646
63926388839.498,1,0,3,1,0,1,53.22412,0,528.372943718653,0,0,0,308.5878,1543,1364,1024,-2.275868,0.18,6.701596
63926388839.7888,1,0,3,1,0,1,52.94411,0,528.372943718653,0,0,0,308.8795,1544,1364,1024,-2.275868,0.18,6.028616
63926388840.077,1,0,3,1,0,1,52.6441,0,528.372943718653,0,0,0,309.1674,1545,1364,1024,-2.275868,0.18,5.307567
63926388840.3765,1,0,3,1,0,1,52.3441,0,528.372943718653,0,0,0,309.4667,1546,1364,1024,-2.785728,0.18,4.797707
63926388840.6661,1,0,3,1,0,1,52.06409,0,528.372943718653,0,0,0,309.7577,1547,1364,1024,-2.785728,0.18,4.124727
63926388840.9604,1,0,3,1,0,1,52.04409,0,528.372943718653,0,0,0,309.7725,1548,1364,1024,-1.8,0,9
63926388841.2509,1,0,3,1,0,1,51.74408,0,528.372943718653,0,0,0,310.06,1549,1364,1024,-1.8,0.1799999,9
63926388841.5456,1,0,3,1,0,1,51.46408,0,528.372943718653,0,0,0,310.3539,1550,1364,1024,-1.8,0.1799999,9
63926388841.847,1,0,3,1,0,1,51.16407,0,528.372943718653,0,0,0,310.6564,1551,1364,1024,-1.8,0.1799999,9
63926388842.1379,1,0,3,1,0,1,50.86406,0,528.372943718653,0,0,0,310.9472,1552,1364,1024,-1.8,0.1799999,9
63926388842.4364,1,0,3,1,0,1,50.56406,0,528.372943718653,0,0,0,311.243,1553,1364,1024,-1.8,0.1799999,9
63926388842.7461,1,0,3,1,0,1,50.26405,0,528.372943718653,0,0,0,311.5546,1554,1364,1024,-1.8,0.1799999,9
63926388843.0751,1,0,3,1,0,1,49.92404,0,528.372943718653,0,0,0,311.8829,1555,1364,1024,-1.8,0.1799999,9
63926388843.4093,1,0,3,1,0,1,49.60403,0,528.372943718653,0,0,0,312.2136,1556,1364,1024,-1.8,0.1799999,9
63926388843.7102,1,0,3,1,0,1,49.30403,0,528.372943718653,0,0,0,312.519,1557,1364,1024,-1.8,0.1799999,9
63926388844.0168,1,0,3,1,0,1,48.98402,0,528.372943718653,0,0,0,312.8256,1558,1364,1024,-1.8,0.1799999,9
63926388844.3456,1,0,3,1,0,1,48.66401,0,528.372943718653,0,0,0,313.1541,1559,1364,1024,-1.8,0.1799999,9
63926388844.6377,1,0,3,1,0,1,48.36401,0,528.372943718653,0,0,0,313.4442,1560,1364,1024,-1.8,0.1799999,9
63926388844.9412,1,0,3,1,0,1,48.064,0,528.372943718653,0,0,0,313.75,1561,1364,1024,-1.8,0.1799999,9
63926388845.2636,1,0,3,1,0,1,47.74399,0,528.372943718653,0,0,0,314.0707,1562,1364,1024,-1.8,0.1799999,9
63926388845.5727,1,0,3,1,0,1,47.42398,0,528.372943718653,0,0,0,314.3804,1563,1364,1024,-1.8,0.1799999,9
63926388845.8825,1,0,3,1,0,1,47.12398,0,528.372943718653,0,0,0,314.6881,1564,1364,1024,-1.8,0.1799999,9
63926388846.1831,1,0,3,1,0,1,46.82397,0,528.372943718653,0,0,0,314.9903,1565,1364,1024,-1.8,0.1799999,9
63926388846.559,1,0,3,1,0,1,46.48396,0,528.372943718653,0,0,0,315.3236,1566,1364,1024,-1.8,0.1799999,9
63926388846.9237,1,0,3,1,0,1,46.46396,0,528.372943718653,0,0,0,315.3403,1567,1364,1024,-1.8,0.1799999,9
63926388847.2027,1,0,3,1,0,1,46.20396,0,528.372943718653,0,0,0,315.6147,1568,1364,1024,-1.8,0.1799999,9
63926388847.5256,1,0,3,1,0,1,45.88395,0,528.372943718653,0,0,0,315.937,1569,1364,1024,-1.25615,0.1799999,8.45615
63926388847.8275,1,0,3,1,0,1,45.58394,0,528.372943718653,0,0,0,316.2394,1570,1364,1024,-0.4913615,0.18,7.691361
63926388848.124,1,0,3,1,0,1,45.28394,0,528.372943718653,0,0,0,316.5349,1571,1364,1024,0.2734272,0.18,6.926573
63926388848.4471,1,0,3,1,0,1,44.96393,0,528.372943718653,0,0,0,316.8596,1572,1364,1024,0.2734272,0.18,6.926573
63926388848.7612,1,0,3,1,0,1,44.94393,0,528.372943718653,0,0,0,316.8755,1573,1364,1024,-1.8,0,9
63926388849.0692,1,0,3,1,0,1,44.64392,0,528.372943718653,0,0,0,317.1798,1574,1364,1024,-1.8,0.1799999,9
63926388849.4017,1,0,3,1,0,1,44.30391,0,528.372943718653,0,0,0,317.5079,1575,1364,1024,-1.8,0.1799999,9
63926388849.6976,1,0,3,1,0,1,44.00391,0,528.372943718653,0,0,0,317.8087,1576,1364,1024,-1.8,0.1799999,9
63926388850.001,1,0,3,1,0,1,43.7039,0,528.372943718653,0,0,0,318.1103,1577,1364,1024,-1.8,0.1799999,9
63926388850.2925,1,0,3,1,0,1,43.40389,0,528.372943718653,0,0,0,318.4021,1578,1364,1024,-1.8,0.1799999,9
63926388850.6348,1,0,3,1,0,1,43.08389,0,528.372943718653,0,0,0,318.7355,1579,1364,1024,-1.8,0.1799999,9
63926388850.9448,1,0,3,1,0,1,42.76388,0,528.372943718653,0,0,0,319.0452,1580,1364,1024,-1.8,0.1799999,9
63926388851.2544,1,0,3,1,0,1,42.46387,0,528.372943718653,0,0,0,319.3553,1581,1364,1024,-1.8,0.1799999,9
63926388851.5682,1,0,3,1,0,1,42.14386,0,528.372943718653,0,0,0,319.6669,1582,1364,1024,-1.8,0.1799999,9
63926388851.8651,1,0,3,1,0,1,41.84386,0,528.372943718653,0,0,0,319.9658,1583,1364,1024,-1.8,0.1799999,9
63926388852.1616,1,0,3,1,0,1,41.54385,0,528.372943718653,0,0,0,320.2611,1584,1364,1024,-1.8,0.1799999,9
63926388852.471,1,0,3,1,0,1,41.24384,0,528.372943718653,0,0,0,320.5718,1585,1364,1024,-1.8,0.1799999,9
63926388852.7942,1,0,3,1,0,1,40.92384,0,528.372943718653,0,0,0,320.8941,1586,1364,1024,-1.8,0.1799999,9
63926388853.0926,1,0,3,1,0,1,40.62383,0,528.372943718653,0,0,0,321.1933,1587,1364,1024,-1.8,0.1799999,9
63926388853.3978,1,0,3,1,0,1,40.32382,0,528.372943718653,0,0,0,321.4976,1588,1364,1024,-1.8,0.1799999,9
63926388853.6936,1,0,3,1,0,1,40.02382,0,528.372943718653,0,0,0,321.7939,1589,1364,1024,-1.8,0.1799999,9
63926388853.9976,1,0,3,1,0,1,39.72381,0,528.372943718653,0,0,0,322.0979,1590,1364,1024,-1.8,0.1799999,9
63926388854.2795,1,0,3,1,0,1,39.4438,0,528.372943718653,0,0,0,322.3793,1591,1364,1024,-1.8,0.1799999,9
63926388854.5734,1,0,3,1,0,1,39.1438,0,528.372943718653,0,0,0,322.6729,1592,1364,1024,-1.8,0.1799999,9
63926388854.8557,1,0,3,1,0,1,38.86379,0,528.372943718653,0,0,0,322.9545,1593,1364,1024,-1.324131,0.18,8.524132
63926388855.1442,1,0,3,1,0,1,38.56378,0,528.372943718653,0,0,0,323.2438,1594,1364,1024,-0.6030816,0.18,8.524132
63926388855.4396,1,0,3,1,0,1,38.26377,0,528.372943718653,0,0,0,323.5399,1595,1364,1024,-0.0932225,0.1800001,8.014273
63926388855.7334,1,0,3,1,0,1,37.98377,0,528.372943718653,0,0,0,323.8347,1596,1364,1024,-0.0932225,0.1799999,8.014273
63926388856.0096,1,0,3,1,0,1,37.70376,0,528.372943718653,0,0,0,324.1102,1597,1364,1024,-0.0932225,0.1799999,8.014273
63926388856.287,1,0,3,1,0,1,37.42376,0,528.372943718653,0,0,0,324.3862,1598,1364,1024,-0.0932225,0.1799999,8.014273
63926388856.6898,1,0,3,1,0,1,37.10375,0,528.372943718653,0,0,0,324.7196,1599,1364,1024,-0.0932225,0.1799999,8.014273
63926388856.9952,1,0,3,1,0,1,36.78374,0,528.372943718653,0,0,0,325.0261,1600,1364,1024,-0.0932225,0.1799999,8.014273
63926388857.3022,1,0,3,1,0,1,36.48373,0,528.372943718653,0,0,0,325.3257,1601,1364,1024,-0.0932225,0.1799999,8.014273
63926388857.6159,1,0,3,1,0,1,36.16373,0,528.372943718653,0,0,0,325.6462,1602,1364,1024,0.4506273,0.1799999,7.470423
63926388857.9477,1,0,3,1,0,1,36.14373,0,528.372943718653,0,0,0,325.6629,1603,1364,1024,0.4506273,0.18,7.422352
63926388858.2749,1,0,3,1,0,1,35.82372,0,528.372943718653,0,0,0,325.9858,1604,1364,1024,0.4506273,0.18,6.653233
63926388858.6087,1,0,3,1,0,1,35.50371,0,528.372943718653,0,0,0,326.3153,1605,1364,1024,0.4506273,0.18,5.499553
63926388858.9184,1,0,3,1,0,1,35.1837,0,528.372943718653,0,0,0,326.6292,1606,1364,1024,0.4506273,0.1799999,4.345874
63926388859.207,1,0,3,1,0,1,34.9037,0,528.372943718653,0,0,0,326.9181,1607,1364,1024,0.4506273,0.1799999,3.336404
63926388859.5144,1,0,3,1,0,1,34.58369,0,528.372943718653,0,0,0,327.2254,1608,1364,1024,0.7296626,0.18,1.547906
63926388859.902,1,0,3,1,0,1,34.26368,0,528.372943718653,0,0,0,327.5587,1609,1364,1024,0.7313727,0.18,1.345163
63926388860.2463,1,0,3,1,0,1,33.92368,0,528.372943718653,0,0,0,327.892,1610,1364,1024,0.7313727,0.18,1.345163
63926388860.625,1,0,3,1,0,1,33.58367,0,528.372943718653,0,0,0,328.2254,1611,1364,1024,1.164753,0.18,1.778543
63926388861.0072,1,0,3,1,0,1,33.26366,0,528.372943718653,0,0,0,328.5587,1612,1364,1024,1.600084,0.18,2.071147
63926388861.359,1,0,3,1,0,1,32.92365,0,528.372943718653,0,0,0,328.892,1613,1364,1024,2.033464,0.18,2.504527
63926388861.6691,1,0,3,1,0,1,32.90365,0,528.372943718653,0,0,0,328.9081,1614,1364,1024,-1.8,0,9
63926388861.9928,1,0,3,1,0,1,32.58364,0,528.372943718653,0,0,0,329.2278,1615,1364,1024,-1.8,0.1799999,9
63926388862.3192,1,0,3,1,0,1,32.26364,0,528.372943718653,0,0,0,329.553,1616,1364,1024,-1.8,0.1799999,9
63926388862.6299,1,0,3,1,0,1,31.94363,0,528.372943718653,0,0,0,329.8653,1617,1364,1024,-1.8,0.1799999,9
63926388862.9806,1,0,3,1,0,1,31.92363,0,528.372943718653,0,0,0,329.882,1618,1364,1024,-1.8,0.1799999,9
63926388863.3151,1,0,3,1,0,1,31.60362,0,528.372943718653,0,0,0,330.2147,1619,1364,1024,-1.8,0.1799999,9
63926388863.6251,1,0,3,1,0,1,31.28362,0,528.372943718653,0,0,0,330.5265,1620,1364,1024,-1.8,0.1799999,9
63926388863.9181,1,0,3,1,0,1,31.00361,0,528.372943718653,0,0,0,330.8182,1621,1364,1024,-1.8,0.1799999,9
63926388864.2098,1,0,3,1,0,1,30.7036,0,528.372943718653,0,0,0,331.1097,1622,1364,1024,-1.8,0.1799999,9
63926388864.5106,1,0,3,1,0,1,30.40359,0,528.372943718653,0,0,0,331.4118,1623,1364,1024,-1.8,0.1799999,9
63926388864.8176,1,0,3,1,0,1,30.10359,0,528.372943718653,0,0,0,331.7172,1624,1364,1024,-1.8,0.1799999,9
63926388865.1282,1,0,3,1,0,1,29.78358,0,528.372943718653,0,0,0,332.0295,1625,1364,1024,-1.8,0.1799999,9
63926388865.4296,1,0,3,1,0,1,29.48357,0,528.372943718653,0,0,0,332.3295,1626,1364,1024,-1.8,0.1799999,9
63926388865.7334,1,0,3,1,0,1,29.18357,0,528.372943718653,0,0,0,332.6326,1627,1364,1024,-1.8,0.1799999,9
63926388866.0301,1,0,3,1,0,1,28.88356,0,528.372943718653,0,0,0,332.9303,1628,1364,1024,-1.8,0.1799999,9
63926388866.3363,1,0,3,1,0,1,28.58355,0,528.372943718653,0,0,0,333.2354,1629,1364,1024,-1.8,0.1799999,9
63926388866.6501,1,0,3,1,0,1,28.26355,0,528.372943718653,0,0,0,333.5481,1630,1364,1024,-1.8,0.1799999,9
63926388866.9804,1,0,3,1,0,1,27.94354,0,528.372943718653,0,0,0,333.8796,1631,1364,1024,-1.8,0.1799999,9
63926388867.3108,1,0,3,1,0,1,27.60353,0,528.372943718653,0,0,0,334.2115,1632,1364,1024,-1.8,0.1799999,9
63926388867.599,1,0,3,1,0,1,27.32352,0,528.372943718653,0,0,0,334.4991,1633,1364,1024,-1.8,0.1799999,9
63926388867.8655,1,0,3,1,0,1,27.04352,0,528.372943718653,0,0,0,334.7664,1634,1364,1024,-1.8,0.1799999,9
63926388868.1564,1,0,3,1,0,1,26.76351,0,528.372943718653,0,0,0,335.0566,1635,1364,1024,-1.8,0.18,8.327021
63926388868.4668,1,0,3,1,0,1,26.4435,0,528.372943718653,0,0,0,335.3671,1636,1364,1024,-1.8,0.18,7.173341
63926388868.7473,1,0,3,1,0,1,26.1635,0,528.372943718653,0,0,0,335.6483,1637,1364,1024,-1.8,0.18,6.163871
63926388869.0044,1,0,3,1,0,1,25.90349,0,528.372943718653,0,0,0,335.9059,1638,1364,1024,-1.8,0.18,6.163871
63926388869.2831,1,0,3,1,0,1,25.62349,0,528.372943718653,0,0,0,336.1819,1639,1364,1024,-1.8,0.18,6.836851
63926388869.5588,1,0,3,1,0,1,25.36348,0,528.372943718653,0,0,0,336.4594,1640,1364,1024,-1.8,0.18,7.461761
63926388869.8291,1,0,3,1,0,1,25.08347,0,528.372943718653,0,0,0,336.7302,1641,1364,1024,-1.8,0.18,8.134741
63926388870.1061,1,0,3,1,0,1,24.80347,0,528.372943718653,0,0,0,337.0068,1642,1364,1024,-1.8,0.1799999,8.134741
63926388870.3879,1,0,3,1,0,1,24.52346,0,528.372943718653,0,0,0,337.2892,1643,1364,1024,-1.8,0.1799999,8.134741
63926388870.6672,1,0,3,1,0,1,24.24345,0,528.372943718653,0,0,0,337.5673,1644,1364,1024,-1.8,0.1799999,8.134741
63926388870.9286,1,0,3,1,0,1,23.98345,0,528.372943718653,0,0,0,337.8288,1645,1364,1024,-1.8,0.1799999,8.134741
63926388871.2107,1,0,3,1,0,1,23.70344,0,528.372943718653,0,0,0,338.1119,1646,1364,1024,-1.8,0.1799999,8.134741
63926388871.4803,1,0,3,1,0,1,23.42344,0,528.372943718653,0,0,0,338.3815,1647,1364,1024,-1.8,0.1799999,8.134741
63926388871.739,1,0,3,1,0,1,23.16343,0,528.372943718653,0,0,0,338.6405,1648,1364,1024,-1.8,0.1799999,8.134741
63926388872.0025,1,0,3,1,0,1,22.90342,0,528.372943718653,0,0,0,338.9041,1649,1364,1024,-1.8,0.1799999,8.134741
63926388872.2663,1,0,3,1,0,1,22.64342,0,528.372943718653,0,0,0,339.1662,1650,1364,1024,-1.8,0.1799999,8.134741
63926388872.5284,1,0,3,1,0,1,22.38341,0,528.372943718653,0,0,0,339.4297,1651,1364,1024,-1.8,0.1799999,8.134741
63926388872.8133,1,0,3,1,0,1,22.1034,0,528.372943718653,0,0,0,339.7148,1652,1364,1024,-1.8,0.18,7.461761
63926388873.1016,1,0,3,1,0,1,21.8034,0,528.372943718653,0,0,0,340.0027,1653,1364,1024,-1.8,0.18,6.740711
63926388873.3645,1,0,3,1,0,1,21.54339,0,528.372943718653,0,0,0,340.2659,1654,1364,1024,-1.8,0.18,5.803347
63926388873.6226,1,0,3,1,0,1,21.28339,0,528.372943718653,0,0,0,340.5229,1655,1364,1024,-1.8,0.18,4.865982
63926388873.9001,1,0,3,1,0,1,21.00338,0,528.372943718653,0,0,0,340.8014,1656,1364,1024,-1.086197,0.18,4.152179
63926388874.1667,1,0,3,1,0,1,20.74337,0,528.372943718653,0,0,0,341.0682,1657,1364,1024,-1.086197,0.18,3.214814
63926388874.4285,1,0,3,1,0,1,20.48337,0,528.372943718653,0,0,0,341.3298,1658,1364,1024,-1.086197,0.18,1.39024
63926388874.7264,1,0,3,1,0,1,20.18336,0,528.372943718653,0,0,0,341.6257,1659,1364,1024,-0.9523591,0.18,1.180645
63926388874.9842,1,0,3,1,0,1,19.92336,0,528.372943718653,0,0,0,341.8856,1660,1364,1024,-0.9523591,0.1799999,1.180645
63926388875.276,1,0,3,1,0,1,19.64335,0,528.372943718653,0,0,0,342.1753,1661,1364,1024,-1.209838,0.1799999,1.438124
63926388875.5322,1,0,3,1,0,1,19.62335,0,528.372943718653,0,0,0,342.1883,1662,1364,1024,-1.8,0,9
63926388875.7927,1,0,3,1,0,1,19.36334,0,528.372943718653,0,0,0,342.4457,1663,1364,1024,-1.8,0.1799999,9
63926388876.0568,1,0,3,1,0,1,19.10334,0,528.372943718653,0,0,0,342.7097,1664,1364,1024,-1.8,0.1799999,9
63926388876.3403,1,0,3,1,0,1,18.82333,0,528.372943718653,0,0,0,342.993,1665,1364,1024,-1.8,0.1799999,9
63926388876.6295,1,0,3,1,0,1,18.52332,0,528.372943718653,0,0,0,343.2819,1666,1364,1024,-1.8,0.1799999,9
63926388876.9265,1,0,3,1,0,1,18.24332,0,528.372943718653,0,0,0,343.579,1667,1364,1024,-1.8,0.1799999,9
63926388877.2099,1,0,3,1,0,1,17.94331,0,528.372943718653,0,0,0,343.8623,1668,1364,1024,-1.8,0.1799999,9
63926388877.4795,1,0,3,1,0,1,17.6833,0,528.372943718653,0,0,0,344.1314,1669,1364,1024,-1.8,0.1799999,9
63926388877.7633,1,0,3,1,0,1,17.4033,0,528.372943718653,0,0,0,344.4162,1670,1364,1024,-1.8,0.1799999,9
63926388878.0326,1,0,3,1,0,1,17.12329,0,528.372943718653,0,0,0,344.686,1671,1364,1024,-1.8,0.1799999,9
63926388878.2973,1,0,3,1,0,1,16.86329,0,528.372943718653,0,0,0,344.9506,1672,1364,1024,-1.8,0.1799999,9
63926388878.5862,1,0,3,1,0,1,16.58328,0,528.372943718653,0,0,0,345.239,1673,1364,1024,-1.8,0.1799999,9
63926388878.8596,1,0,3,1,0,1,16.30327,0,528.372943718653,0,0,0,345.51,1674,1364,1024,-1.8,0.1799999,9
63926388879.1224,1,0,3,1,0,1,16.04327,0,528.372943718653,0,0,0,345.7746,1675,1364,1024,-1.8,0.1799999,9
63926388879.378,1,0,3,1,0,1,15.78326,0,528.372943718653,0,0,0,346.0299,1676,1364,1024,-1.8,0.1799999,9
63926388879.6602,1,0,3,1,0,1,15.50325,0,528.372943718653,0,0,0,346.3114,1677,1364,1024,-1.8,0.1799999,9
63926388879.9464,1,0,3,1,0,1,15.22325,0,528.372943718653,0,0,0,346.5983,1678,1364,1024,-1.8,0.1799999,9
63926388880.2388,1,0,3,1,0,1,14.92324,0,528.372943718653,0,0,0,346.8908,1679,1364,1024,-1.8,0.1799999,9
63926388880.5231,1,0,3,1,0,1,14.64323,0,528.372943718653,0,0,0,347.1745,1680,1364,1024,-1.8,0.1799999,9
63926388880.8195,1,0,3,1,0,1,14.34323,0,528.372943718653,0,0,0,347.4718,1681,1364,1024,-1.8,0.1799999,9
63926388881.0955,1,0,3,1,0,1,14.06322,0,528.372943718653,0,0,0,347.7474,1682,1364,1024,-1.8,0.1799999,9
63926388881.3762,1,0,3,1,0,1,13.78321,0,528.372943718653,0,0,0,348.029,1683,1364,1024,-1.8,0.1799999,9
63926388881.6673,1,0,3,1,0,1,13.48321,0,528.372943718653,0,0,0,348.3199,1684,1364,1024,-1.8,0.18,8.278951
63926388881.9651,1,0,3,1,0,1,13.2032,0,528.372943718653,0,0,0,348.6169,1685,1364,1024,-1.8,0.18,7.60597
63926388882.2324,1,0,3,1,0,1,13.1832,0,528.372943718653,0,0,0,348.6305,1686,1364,1024,-1.8,0.18,7.533865
63926388882.5092,1,0,3,1,0,1,12.90319,0,528.372943718653,0,0,0,348.9039,1687,1364,1024,-1.8,0.18,6.524396
63926388882.7927,1,0,3,1,0,1,12.62319,0,528.372943718653,0,0,0,349.1879,1688,1364,1024,-1.8,0.18,6.524396
63926388883.0942,1,0,3,1,0,1,12.32318,0,528.372943718653,0,0,0,349.488,1689,1364,1024,-1.8,0.18,7.60597
63926388883.3934,1,0,3,1,0,1,12.02317,0,528.372943718653,0,0,0,349.787,1690,1364,1024,-2.309859,0.18,8.115829
63926388883.6623,1,0,3,1,0,1,11.76317,0,528.372943718653,0,0,0,350.0569,1691,1364,1024,-2.309859,0.18,8.115829
63926388883.951,1,0,3,1,0,1,11.46316,0,528.372943718653,0,0,0,350.3457,1692,1364,1024,-1.588809,0.18,8.115829
63926388884.234,1,0,3,1,0,1,11.18316,0,528.372943718653,0,0,0,350.6287,1693,1364,1024,-1.588809,0.1799999,8.115829
63926388884.5231,1,0,3,1,0,1,10.90315,0,528.372943718653,0,0,0,350.9169,1694,1364,1024,-1.588809,0.1799999,8.115829
63926388884.7928,1,0,3,1,0,1,10.62314,0,528.372943718653,0,0,0,351.1877,1695,1364,1024,-1.588809,0.1799999,8.115829
63926388885.0567,1,0,3,1,0,1,10.36314,0,528.372943718653,0,0,0,351.4516,1696,1364,1024,-1.588809,0.1799999,8.115829
63926388885.3315,1,0,3,1,0,1,10.08313,0,528.372943718653,0,0,0,351.7248,1697,1364,1024,-1.588809,0.1799999,8.115829
63926388885.6076,1,0,3,1,0,1,9.803123,0,528.372943718653,0,0,0,352.0002,1698,1364,1024,-1.588809,0.18,7.44285
63926388885.8985,1,0,3,1,0,1,9.803123,0,528.372943718653,0,0,0,352.015,1699,1364,1024,-1.588809,0.18,7.44285
63926388886.1676,1,0,3,1,0,1,9.543118,0,528.372943718653,0,0,0,352.2796,1700,1364,1024,-2.030687,0.18,7.000972
63926388886.4923,1,0,3,1,0,1,9.20311,0,528.372943718653,0,0,0,352.6046,1701,1364,1024,-2.030687,0.18,6.183782
63926388886.7997,1,0,3,1,0,1,8.903103,0,528.372943718653,0,0,0,352.9107,1702,1364,1024,-2.030687,0.18,5.102208
63926388887.1229,1,0,3,1,0,1,8.583096,0,528.372943718653,0,0,0,353.2351,1703,1364,1024,-2.030687,0.18,4.333088
63926388887.4254,1,0,3,1,0,1,8.283089,0,528.372943718653,0,0,0,353.5359,1704,1364,1024,-2.030687,0.18,3.612038
63926388887.7409,1,0,3,1,0,1,7.963082,0,528.372943718653,0,0,0,353.8527,1705,1364,1024,-2.030687,0.18,2.842918
63926388888.051,1,0,3,1,0,1,7.643083,0,528.372943718653,0,0,0,354.1601,1706,1364,1024,-2.030687,0.18,2.073799
63926388888.3309,1,0,3,1,0,1,7.363083,0,528.372943718653,0,0,0,354.4426,1707,1364,1024,-2.030687,0.18,1.400819
63926388888.6472,1,0,3,1,0,1,7.063083,0,528.372943718653,0,0,0,354.7577,1708,1364,1024,-2.030687,0.18,0.6797692
63926388888.949,1,0,3,1,0,1,6.763083,0,528.372943718653,0,0,0,355.0594,1709,1364,1024,-2.030687,0.18,-0.04128058
63926388889.2337,1,0,3,1,0,1,6.463084,0,528.372943718653,0,0,0,355.3446,1710,1364,1024,-2.030687,0.18,-0.7623304
63926388889.536,1,0,3,1,0,1,6.163084,0,528.372943718653,0,0,0,355.6483,1711,1364,1024,-2.030687,0.1799999,-0.7623304
63926388889.8488,1,0,3,1,0,1,5.843084,0,528.372943718653,0,0,0,355.96,1712,1364,1024,-2.574537,0.18,-1.30618
63926388890.1443,1,0,3,1,0,1,5.843084,0,528.372943718653,0,0,0,355.9751,1713,1364,1024,-1.8,0,9
63926388890.4336,1,0,3,1,0,1,5.563085,0,528.372943718653,0,0,0,356.2589,1714,1364,1024,-1.8,0.1799999,9
63926388890.7342,1,0,3,1,0,1,5.243085,0,528.372943718653,0,0,0,356.5605,1715,1364,1024,-1.8,0.1799999,9
63926388891.0818,1,0,3,1,0,1,4.923085,0,528.372943718653,0,0,0,356.8938,1716,1364,1024,-1.8,0.1799999,9
63926388891.3694,1,0,3,1,0,1,4.623085,0,528.372943718653,0,0,0,357.1814,1717,1364,1024,-1.8,0.1799999,9
63926388891.6802,1,0,3,1,0,1,4.323086,0,528.372943718653,0,0,0,357.4905,1718,1364,1024,-1.8,0.1799999,9
63926388891.9953,1,0,3,1,0,1,4.003086,0,528.372943718653,0,0,0,357.8065,1719,1364,1024,-1.8,0.1799999,9
63926388892.2787,1,0,3,1,0,1,3.723086,0,528.372943718653,0,0,0,358.0902,1720,1364,1024,-1.8,0.1799999,9
63926388892.5585,1,0,3,1,0,1,3.443087,0,528.372943718653,0,0,0,358.3702,1721,1364,1024,-1.8,0.1799999,9
63926388892.8453,1,0,3,1,0,1,3.163087,0,528.372943718653,0,0,0,358.6577,1722,1364,1024,-1.8,0.1799999,9
63926388893.1151,1,0,3,1,0,1,2.883087,0,528.372943718653,0,0,0,358.928,1723,1364,1024,-1.8,0.1799999,9
63926388893.4164,1,0,3,1,0,1,2.583087,0,528.372943718653,0,0,0,359.2226,1724,1364,1024,-1.8,0.1799999,9
63926388893.7141,1,0,3,1,0,1,2.283088,0,528.372943718653,0,0,0,359.5262,1725,1364,1024,-1.8,0.1799999,9
63926388894.0043,1,0,3,1,0,1,2.003088,0,528.372943718653,0,0,0,359.8154,1726,1364,1024,-1.8,0.1799999,9
63926388894.2743,1,0,3,1,0,1,1.723088,0,528.372943718653,0,0,0,360.0871,1727,1364,1024,-1.8,0.1799999,9
63926388894.5386,1,0,3,1,0,1,1.463089,0,528.372943718653,0,0,0,360.3504,1728,1364,1024,-1.8,0.1799999,9
63926388894.8158,1,0,3,1,0,1,1.183089,0,528.372943718653,0,0,0,360.6288,1729,1364,1024,-1.8,0.1799999,9
63926388895.1257,1,0,3,1,0,1,0.8830891,0,528.372943718653,0,0,0,360.9373,1730,1364,1024,-1.8,0.1799999,9
63926388895.4124,1,0,3,1,0,1,0.5830894,0,528.372943718653,0,0,0,361.2248,1731,1364,1024,-1.8,0.1799999,9
63926388895.7109,1,0,3,1,0,1,0.2830896,0,528.372943718653,0,0,0,361.5228,1732,1364,1024,-1.8,0.1799999,9
63926388895.9947,1,0,3,1,0,1,0.003089722,0,528.372943718653,0,0,0,361.8065,1733,1364,1024,-1.8,0.1799999,9
63926388896.277,1,0,3,0,1,1,0,1,629.433431438653,4.997267,1,1,362.0906,1734,1364,1024,-1.8,0.1799999,9
63926388896.8676,1,0,3,0,1,1,0,1,629.433431438653,4.406718,1,1,362.0906,1734,1364,1024,-1.8,0.1799999,9
63926388897.179,1,0,3,0,1,1,0,1,629.433431438653,4.09532,1,1,362.0906,1734,1364,1024,-1.8,0.1799999,9
63926388897.4962,1,0,3,0,1,1,0,1,629.433431438653,3.778074,1,1,362.0906,1734,1364,1024,-1.8,0.1799999,9
63926388897.8151,1,0,3,0,1,1,0,1,629.433431438653,3.459185,1,1,362.0906,1734,1364,1024,-1.8,0.1799999,9
63926388898.1449,1,0,3,0,1,1,0,1,629.433431438653,3.129364,1,1,362.0906,1734,1364,1024,-1.8,0.1799999,9
63926388898.4535,1,0,3,0,1,1,0,1,629.433431438653,2.820761,1,1,362.0906,1734,1364,1024,-1.8,0.1799999,9
63926388898.7339,1,0,3,0,1,1,0,1,629.433431438653,2.540419,1,1,362.0906,1734,1364,1024,-1.8,0.1799999,9
63926388899.0272,1,0,3,0,1,1,0,1,629.433431438653,2.247139,1,1,362.0906,1734,1364,1024,-1.8,0.1799999,9
63926388899.3252,1,0,3,0,1,1,0,1,629.433431438653,1.949106,1,1,362.0906,1734,1364,1024,-1.8,0.1799999,9
63926388899.6669,1,0,3,0,1,1,0,1,629.433431438653,1.607413,1,1,362.0906,1734,1364,1024,-1.8,0.1799999,9
63926388899.9687,1,0,3,0,1,1,0,1,629.433431438653,1.305681,1,1,362.0906,1734,1364,1024,-1.8,0.1799999,9
63926388900.2629,1,0,3,0,1,1,0,1,629.433431438653,1.011476,1,1,362.0906,1734,1364,1024,-1.8,0.1799999,9
63926388900.5618,1,0,3,0,1,1,0,1,629.433431438653,0.712492,1,1,362.0906,1734,1364,1024,-1.8,0.1799999,9
63926388900.859,1,0,3,0,1,1,0,1,629.433431438653,0.4153633,1,1,362.0906,1734,1364,1024,-1.8,0.1799999,9
63926388901.154,1,0,3,0,1,1,0,1,629.433431438653,0.1203547,1,1,362.0906,1734,1364,1024,-1.8,0.1799999,9
63926388901.4387,1,0,3,0,1,1,0,1,629.433431438653,0,1,1,362.0906,1734,1364,1024,-1.8,0.1799999,9
63926388901.7277,1,0,4,1,0,1,89.72005,0,629.433431438653,0,0,0,362.3757,1735,1364,1024,-1.8,0.1799999,9
63926388902.0153,1,0,4,1,0,1,89.4201,0,629.433431438653,0,0,0,362.6627,1736,1364,1024,-2.309859,0.18,8.490141
63926388902.2933,1,0,4,1,0,1,89.14014,0,629.433431438653,0,0,0,362.9405,1737,1364,1024,-2.982839,0.18,8.490141
63926388902.5717,1,0,4,1,0,1,88.88019,0,629.433431438653,0,0,0,363.2192,1738,1364,1024,-3.424717,0.18,8.048263
63926388902.8504,1,0,4,1,0,1,88.60023,0,629.433431438653,0,0,0,363.4979,1739,1364,1024,-3.424717,0.18,8.048263
63926388903.1484,1,0,4,1,0,1,88.30029,0,629.433431438653,0,0,0,363.7958,1740,1364,1024,-3.424717,0.18,8.048263
63926388903.425,1,0,4,1,0,1,88.02033,0,629.433431438653,0,0,0,364.0691,1741,1364,1024,-3.424717,0.18,8.048263
63926388903.7047,1,0,4,1,0,1,87.74038,0,629.433431438653,0,0,0,364.3521,1742,1364,1024,-3.424717,0.18,8.048263
63926388903.9837,1,0,4,1,0,1,87.46043,0,629.433431438653,0,0,0,364.631,1743,1364,1024,-3.424717,0.18,8.048263
63926388904.2488,1,0,4,1,0,1,87.20047,0,629.433431438653,0,0,0,364.8961,1744,1364,1024,-3.424717,0.18,8.048263
63926388904.5142,1,0,4,1,0,1,86.94051,0,629.433431438653,0,0,0,365.1595,1745,1364,1024,-3.424717,0.18,8.048263
63926388904.8032,1,0,4,1,0,1,86.94051,0,629.433431438653,0,1,1,365.1595,1746,1364,1024,-3.424717,0.18,8.048263
63926388905.2811,1,0,4,1,0,1,86.94051,0,629.433431438653,0,1,1,365.1595,1747,1364,1024,-3.424717,0.18,8.048263
63926388905.7688,1,0,4,1,0,1,86.94051,0,629.433431438653,0,1,1,365.1595,1748,1364,1024,-3.424717,0.18,8.048263
63926388906.2346,1,0,4,1,0,1,86.94051,0,629.433431438653,0,1,1,365.1595,1749,1364,1024,-3.424717,0.18,8.048263
63926388906.7274,1,0,4,1,0,1,86.94051,0,629.433431438653,0,1,1,365.1595,1750,1364,1024,-3.424717,0.18,8.048263
63926388907.2193,1,0,4,1,0,1,86.94051,0,629.433431438653,0,1,1,365.1595,1751,1364,1024,-3.424717,0.18,8.048263
63926388907.6736,1,0,4,1,0,1,86.94051,0,629.433431438653,0,1,1,365.1595,1752,1364,1024,-3.424717,0.18,8.048263
63926388908.1644,1,0,4,1,0,1,86.94051,0,629.433431438653,0,1,1,365.1595,1753,1364,1024,-3.424717,0.18,8.048263
63926388908.6566,1,0,4,1,0,1,86.60057,0,629.433431438653,0,0,0,365.4929,1754,1364,1024,-3.424717,0.18,8.048263
63926388908.9289,1,0,4,1,0,1,86.32062,0,629.433431438653,0,0,0,365.7655,1755,1364,1024,-3.900585,0.18,7.572394
63926388909.2539,1,0,4,1,0,1,86.00067,0,629.433431438653,0,0,0,366.0843,1756,1364,1024,-3.900585,0.18,6.803275
63926388909.522,1,0,4,1,0,1,85.74072,0,629.433431438653,0,0,0,366.3585,1757,1364,1024,-3.458707,0.18,6.361397
63926388909.795,1,0,4,1,0,1,85.46076,0,629.433431438653,0,0,0,366.6308,1758,1364,1024,-2.744905,0.18,5.647594
63926388910.1143,1,0,4,1,0,1,85.14082,0,629.433431438653,0,0,0,366.9482,1759,1364,1024,-1.92913,0.18,4.831819
63926388910.3983,1,0,4,1,0,1,84.86086,0,629.433431438653,0,0,0,367.235,1760,1364,1024,-1.92913,0.18,3.82235
63926388910.6581,1,0,4,1,0,1,84.60091,0,629.433431438653,0,0,0,367.4955,1761,1364,1024,-1.92913,0.18,3.19744
63926388910.9273,1,0,4,1,0,1,84.32095,0,629.433431438653,0,0,0,367.7647,1762,1364,1024,-1.92913,0.18,2.52446
63926388911.1973,1,0,4,1,0,1,84.061,0,629.433431438653,0,0,0,368.0346,1763,1364,1024,-1.92913,0.1799999,2.52446
63926388911.4463,1,0,4,1,0,1,83.80104,0,629.433431438653,0,0,0,368.2835,1764,1364,1024,-1.487252,0.18,2.966338
63926388911.7109,1,0,4,1,0,1,83.54108,0,629.433431438653,0,0,0,368.5475,1765,1364,1024,-1.045374,0.18,3.408216
63926388911.9629,1,0,4,1,0,1,83.28113,0,629.433431438653,0,0,0,368.8,1766,1364,1024,-0.6034962,0.18,3.850094
63926388912.2266,1,0,4,1,0,1,83.02117,0,629.433431438653,0,0,0,369.0643,1767,1364,1024,-0.1616183,0.18,4.291972
63926388912.4993,1,0,4,1,0,1,82.76122,0,629.433431438653,0,0,0,369.3372,1768,1364,1024,0.2802597,0.18,4.73385
63926388912.7784,1,0,4,1,0,1,82.48126,0,629.433431438653,0,0,0,369.6133,1769,1364,1024,0.2802597,0.1799999,4.73385
63926388913.0445,1,0,4,1,0,1,82.20131,0,629.433431438653,0,0,0,369.8815,1770,1364,1024,-0.1956089,0.18,4.257981
63926388913.2967,1,0,4,1,0,1,81.96135,0,629.433431438653,0,0,0,370.1348,1771,1364,1024,-0.1772957,0.18,3.396081
63926388913.5603,1,0,4,1,0,1,81.70139,0,629.433431438653,0,0,0,370.3964,1772,1364,1024,-0.1772957,0.18,2.458717
63926388913.835,1,0,4,1,0,1,81.42144,0,629.433431438653,0,0,0,370.6695,1773,1364,1024,-0.8910985,0.18,1.744914
63926388914.1083,1,0,4,1,0,1,81.14149,0,629.433431438653,0,0,0,370.9458,1774,1364,1024,-0.8910985,0.18,1.744914
63926388914.3868,1,0,4,1,0,1,80.86153,0,629.433431438653,0,0,0,371.2226,1775,1364,1024,-0.8910985,0.18,1.744914
63926388914.6502,1,0,4,1,0,1,80.60158,0,629.433431438653,0,0,0,371.4869,1776,1364,1024,-1.276836,0.18,1.906662
63926388914.9383,1,0,4,1,0,1,80.32162,0,629.433431438653,0,0,0,371.7741,1777,1364,1024,-1.990638,0.18,2.620465
63926388915.2247,1,0,4,1,0,1,80.02168,0,629.433431438653,0,0,0,372.0619,1778,1364,1024,-2.500498,0.18,3.130324
63926388915.4975,1,0,4,1,0,1,79.76172,0,629.433431438653,0,0,0,372.3337,1779,1364,1024,-2.942375,0.18,3.572202
63926388915.7731,1,0,4,1,0,1,79.48177,0,629.433431438653,0,0,0,372.6105,1780,1364,1024,-3.418244,0.18,4.04807
63926388916.0794,1,0,4,1,0,1,79.18182,0,629.433431438653,0,0,0,372.9153,1781,1364,1024,-3.928103,0.1800001,4.55793
63926388916.3771,1,0,4,1,0,1,78.88187,0,629.433431438653,0,0,0,373.2127,1782,1364,1024,-4.437963,0.18,5.067789
63926388916.6633,1,0,4,1,0,1,78.60191,0,629.433431438653,0,0,0,373.4998,1783,1364,1024,-4.913831,0.18,5.543657
63926388916.9692,1,0,4,1,0,1,78.28197,0,629.433431438653,0,0,0,373.8041,1784,1364,1024,-5.729606,0.18,6.359432
63926388917.2918,1,0,4,1,0,1,77.96202,0,629.433431438653,0,0,0,374.1284,1785,1364,1024,-6.54538,0.18,7.175207
63926388917.5855,1,0,4,1,0,1,77.66207,0,629.433431438653,0,0,0,374.4218,1786,1364,1024,-7.055239,0.18,7.685066
63926388917.8337,1,0,4,1,0,1,77.42211,0,629.433431438653,0,0,0,374.6705,1787,1364,1024,-7.463127,0.18,8.092953
63926388918.1016,1,0,4,1,0,1,77.16216,0,629.433431438653,0,0,0,374.9389,1788,1364,1024,-7.463127,0.18,8.092953
63926388918.3739,1,0,4,1,0,1,76.8822,0,629.433431438653,0,0,0,375.2083,1789,1364,1024,-7.463127,0.18,8.092953
63926388918.64,1,0,4,1,0,1,76.62225,0,629.433431438653,0,0,0,375.4763,1790,1364,1024,-7.463127,0.18,8.092953
63926388918.9128,1,0,4,1,0,1,76.34229,0,629.433431438653,0,0,0,375.75,1791,1364,1024,-7.463127,0.18,8.092953
63926388919.1788,1,0,4,1,0,1,76.08234,0,629.433431438653,0,0,0,376.0169,1792,1364,1024,-7.463127,0.18,8.092953
63926388919.4445,1,0,4,1,0,1,75.80238,0,629.433431438653,0,0,0,376.2811,1793,1364,1024,-7.463127,0.18,8.092953
63926388919.7096,1,0,4,1,0,1,75.54243,0,629.433431438653,0,0,0,376.5464,1794,1364,1024,-7.463127,0.18,8.092953
63926388919.9799,1,0,4,1,0,1,75.28247,0,629.433431438653,0,0,0,376.8165,1795,1364,1024,-7.463127,0.18,8.092953
63926388920.2751,1,0,4,1,0,1,74.98252,0,629.433431438653,0,0,0,377.1113,1796,1364,1024,-7.463127,0.1800001,7.371903
63926388920.5644,1,0,4,1,0,1,74.68257,0,629.433431438653,0,0,0,377.4016,1797,1364,1024,-6.953268,0.18,6.862044
63926388920.8457,1,0,4,1,0,1,74.40262,0,629.433431438653,0,0,0,377.6827,1798,1364,1024,-6.477399,0.18,6.386176
63926388921.1357,1,0,4,1,0,1,74.12267,0,629.433431438653,0,0,0,377.9716,1799,1364,1024,-6.00153,0.18,5.910307
63926388921.4287,1,0,4,1,0,1,73.82272,0,629.433431438653,0,0,0,378.264,1800,1364,1024,-5.491671,0.1800001,5.400448
63926388921.6998,1,0,4,1,0,1,73.56276,0,629.433431438653,0,0,0,378.5374,1801,1364,1024,-5.049793,0.18,4.95857
63926388921.9709,1,0,4,1,0,1,73.28281,0,629.433431438653,0,0,0,378.8073,1802,1364,1024,-4.573925,0.18,4.482701
63926388922.2442,1,0,4,1,0,1,73.00285,0,629.433431438653,0,0,0,379.0809,1803,1364,1024,-4.098056,0.18,4.006833
63926388922.5231,1,0,4,1,0,1,72.7429,0,629.433431438653,0,0,0,379.3598,1804,1364,1024,-3.656178,0.18,3.564955
63926388922.8008,1,0,4,1,0,1,72.7229,0,629.433431438653,0,0,0,379.3739,1805,1364,1024,-3.656178,0.1800001,3.516885
63926388923.0735,1,0,4,1,0,1,72.44295,0,629.433431438653,0,0,0,379.6434,1806,1364,1024,-3.656178,0.1800001,2.843905
63926388923.3794,1,0,4,1,0,1,72.143,0,629.433431438653,0,0,0,379.9472,1807,1364,1024,-3.656178,0.1800001,1.762331
63926388923.6658,1,0,4,1,0,1,71.86304,0,629.433431438653,0,0,0,380.2355,1808,1364,1024,-3.18031,0.18,1.286462
63926388923.9554,1,0,4,1,0,1,71.5631,0,629.433431438653,0,0,0,380.5222,1809,1364,1024,-2.67045,0.18,0.7766029
63926388924.2712,1,0,4,1,0,1,71.5631,0,629.433431438653,0,0,0,380.5383,1810,1364,1024,-2.67045,0.18,0.7766029
63926388924.5624,1,0,4,1,0,1,71.26315,0,629.433431438653,0,0,0,380.8243,1811,1364,1024,-2.67045,0.1800001,0.05555309
63926388924.8577,1,0,4,1,0,1,70.9632,0,629.433431438653,0,0,0,381.1206,1812,1364,1024,-2.492,0.1800001,-1.756983
63926388925.4529,1,0,4,1,0,1,70.64325,0,629.433431438653,0,0,0,381.4539,1813,1364,1024,-2.492,0.1799999,-1.769922
63926388925.7584,1,0,4,1,0,1,70.3233,0,629.433431438653,0,0,0,381.7601,1814,1364,1024,-2.682347,0.18,-1.960269
63926388926.1042,1,0,4,1,0,1,70.00336,0,629.433431438653,0,0,0,382.0935,1815,1364,1024,-3.498122,0.18,-2.776044
63926388926.4179,1,0,4,1,0,1,69.98336,0,629.433431438653,0,0,0,382.1093,1816,1364,1024,-1.8,0,9
63926388926.6837,1,0,4,1,0,1,69.7234,0,629.433431438653,0,0,0,382.3723,1817,1364,1024,-1.8,0.1799999,9
63926388926.9935,1,0,4,1,0,1,69.40346,0,629.433431438653,0,0,0,382.6802,1818,1364,1024,-1.8,0.1799999,9
63926388927.2911,1,0,4,1,0,1,69.1235,0,629.433431438653,0,0,0,382.9787,1819,1364,1024,-1.8,0.1799999,9
63926388927.7156,1,0,4,1,0,1,68.78356,0,629.433431438653,0,0,0,383.312,1820,1364,1024,-1.8,0.1799999,9
63926388928.02,1,0,4,1,0,1,68.48361,0,629.433431438653,0,0,0,383.6187,1821,1364,1024,-1.8,0.1799999,9
63926388928.323,1,0,4,1,0,1,68.16367,0,629.433431438653,0,0,0,383.9223,1822,1364,1024,-1.8,0.1799999,9
63926388928.6153,1,0,4,1,0,1,67.88371,0,629.433431438653,0,0,0,384.2146,1823,1364,1024,-1.8,0.1799999,9
63926388928.9021,1,0,4,1,0,1,67.58376,0,629.433431438653,0,0,0,384.5008,1824,1364,1024,-1.8,0.1799999,9
63926388929.1952,1,0,4,1,0,1,67.30381,0,629.433431438653,0,0,0,384.7945,1825,1364,1024,-1.8,0.1799999,9
63926388929.4858,1,0,4,1,0,1,67.00386,0,629.433431438653,0,0,0,385.0838,1826,1364,1024,-1.8,0.1799999,9
63926388929.7637,1,0,4,1,0,1,66.72391,0,629.433431438653,0,0,0,385.3635,1827,1364,1024,-1.8,0.1799999,9
63926388930.0506,1,0,4,1,0,1,66.44395,0,629.433431438653,0,0,0,385.6499,1828,1364,1024,-1.8,0.1799999,9
63926388930.4008,1,0,4,1,0,1,66.10401,0,629.433431438653,0,0,0,385.9833,1829,1364,1024,-1.8,0.1799999,9
63926388930.6906,1,0,4,1,0,1,65.82406,0,629.433431438653,0,0,0,386.2691,1830,1364,1024,-1.8,0.1799999,9
63926388930.9747,1,0,4,1,0,1,65.80406,0,629.433431438653,0,0,0,386.2837,1831,1364,1024,-1.8,0.1799999,9
63926388931.2456,1,0,4,1,0,1,65.54411,0,629.433431438653,0,0,0,386.5503,1832,1364,1024,-1.8,0.1799999,9
63926388931.5331,1,0,4,1,0,1,65.26415,0,629.433431438653,0,0,0,386.8391,1833,1364,1024,-1.8,0.1799999,9
63926388931.824,1,0,4,1,0,1,64.9642,0,629.433431438653,0,0,0,387.128,1834,1364,1024,-1.8,0.1799999,9
63926388932.0934,1,0,4,1,0,1,64.70425,0,629.433431438653,0,0,0,387.3995,1835,1364,1024,-1.8,0.1799999,9
63926388932.37,1,0,4,1,0,1,64.42429,0,629.433431438653,0,0,0,387.6755,1836,1364,1024,-1.8,0.18,8.327021
63926388932.633,1,0,4,1,0,1,64.16434,0,629.433431438653,0,0,0,387.9379,1837,1364,1024,-1.8,0.18,7.70211
63926388932.9145,1,0,4,1,0,1,63.88436,0,629.433431438653,0,0,0,388.2198,1838,1364,1024,-1.8,0.18,6.692641
63926388933.2083,1,0,4,1,0,1,63.58435,0,629.433431438653,0,0,0,388.5143,1839,1364,1024,-1.8,0.1799999,6.692641
63926388933.4912,1,0,4,1,0,1,63.30435,0,629.433431438653,0,0,0,388.7964,1840,1364,1024,-1.8,0.18,7.70211
63926388933.7816,1,0,4,1,0,1,63.00434,0,629.433431438653,0,0,0,389.0869,1841,1364,1024,-2.309859,0.1799999,8.211969
63926388934.075,1,0,4,1,0,1,62.70433,0,629.433431438653,0,0,0,389.3809,1842,1364,1024,-2.309859,0.1799999,8.211969
63926388934.3907,1,0,4,1,0,1,62.40433,0,629.433431438653,0,0,0,389.6945,1843,1364,1024,-2.309859,0.1799999,8.211969
63926388934.6754,1,0,4,1,0,1,62.10432,0,629.433431438653,0,0,0,389.9799,1844,1364,1024,-2.309859,0.1799999,8.211969
63926388934.9469,1,0,4,1,0,1,61.84431,0,629.433431438653,0,0,0,390.251,1845,1364,1024,-2.309859,0.1799999,8.211969
63926388935.2292,1,0,4,1,0,1,61.56431,0,629.433431438653,0,0,0,390.5333,1846,1364,1024,-2.309859,0.1799999,8.211969
63926388935.5158,1,0,4,1,0,1,61.2643,0,629.433431438653,0,0,0,390.8201,1847,1364,1024,-2.309859,0.1799999,8.211969
63926388935.7973,1,0,4,1,0,1,60.98429,0,629.433431438653,0,0,0,391.101,1848,1364,1024,-2.309859,0.1799999,8.211969
63926388936.0934,1,0,4,1,0,1,60.70429,0,629.433431438653,0,0,0,391.3988,1849,1364,1024,-2.309859,0.1799999,8.211969
63926388936.3568,1,0,4,1,0,1,60.42428,0,629.433431438653,0,0,0,391.6604,1850,1364,1024,-2.785728,0.18,7.736101
63926388936.6531,1,0,4,1,0,1,60.14428,0,629.433431438653,0,0,0,391.9577,1851,1364,1024,-3.261596,0.18,7.260232
63926388936.9171,1,0,4,1,0,1,59.86427,0,629.433431438653,0,0,0,392.223,1852,1364,1024,-3.261596,0.18,7.260232
63926388937.1975,1,0,4,1,0,1,59.58426,0,629.433431438653,0,0,0,392.502,1853,1364,1024,-3.261596,0.18,6.587253
63926388937.4666,1,0,4,1,0,1,59.32426,0,629.433431438653,0,0,0,392.7719,1854,1364,1024,-3.261596,0.18,5.962343
63926388937.7453,1,0,4,1,0,1,59.04425,0,629.433431438653,0,0,0,393.0493,1855,1364,1024,-3.261596,0.18,5.289363
63926388938.0093,1,0,4,1,0,1,58.78424,0,629.433431438653,0,0,0,393.3151,1856,1364,1024,-3.703474,0.18,4.847485
63926388938.2913,1,0,4,1,0,1,58.50424,0,629.433431438653,0,0,0,393.5966,1857,1364,1024,-3.703474,0.18,4.174505
63926388938.5748,1,0,4,1,0,1,58.22423,0,629.433431438653,0,0,0,393.8799,1858,1364,1024,-4.179343,0.18,3.698637
63926388938.8373,1,0,4,1,0,1,57.94423,0,629.433431438653,0,0,0,394.1418,1859,1364,1024,-4.179343,0.18,3.025657
63926388939.1191,1,0,4,1,0,1,57.94423,0,629.433431438653,0,0,0,394.1561,1860,1364,1024,-4.179343,0.18,3.025657
63926388939.4015,1,0,4,1,0,1,57.66422,0,629.433431438653,0,0,0,394.4338,1861,1364,1024,-4.179343,0.18,3.025657
63926388939.6756,1,0,4,1,0,1,57.38421,0,629.433431438653,0,0,0,394.7075,1862,1364,1024,-4.179343,0.18,3.025657
63926388939.9752,1,0,4,1,0,1,57.36421,0,629.433431438653,0,0,0,394.7227,1863,1364,1024,-1.8,0,9
63926388940.2438,1,0,4,1,0,1,57.10421,0,629.433431438653,0,0,0,394.9884,1864,1364,1024,-1.8,0.1799999,9
63926388940.5225,1,0,4,1,0,1,56.8242,0,629.433431438653,0,0,0,395.2662,1865,1364,1024,-1.8,0.1799999,9
63926388940.7948,1,0,4,1,0,1,56.56419,0,629.433431438653,0,0,0,395.5394,1866,1364,1024,-1.8,0.1799999,9
63926388941.0692,1,0,4,1,0,1,56.28419,0,629.433431438653,0,0,0,395.8122,1867,1364,1024,-1.8,0.1799999,9
63926388941.3508,1,0,4,1,0,1,56.00418,0,629.433431438653,0,0,0,396.0931,1868,1364,1024,-1.8,0.1799999,9
63926388941.6297,1,0,4,1,0,1,55.72417,0,629.433431438653,0,0,0,396.3746,1869,1364,1024,-1.8,0.1799999,9
63926388941.9163,1,0,4,1,0,1,55.42417,0,629.433431438653,0,0,0,396.6606,1870,1364,1024,-1.8,0.1799999,9
63926388942.1842,1,0,4,1,0,1,55.16416,0,629.433431438653,0,0,0,396.9286,1871,1364,1024,-1.8,0.1799999,9
63926388942.4584,1,0,4,1,0,1,54.88416,0,629.433431438653,0,0,0,397.202,1872,1364,1024,-1.8,0.1799999,9
63926388942.7158,1,0,4,1,0,1,54.64415,0,629.433431438653,0,0,0,397.4596,1873,1364,1024,-1.8,0.1799999,9
63926388942.9771,1,0,4,1,0,1,54.36414,0,629.433431438653,0,0,0,397.7204,1874,1364,1024,-1.8,0.1799999,9
63926388943.2361,1,0,4,1,0,1,54.10414,0,629.433431438653,0,0,0,397.9801,1875,1364,1024,-1.8,0.1799999,9
63926388943.5042,1,0,4,1,0,1,53.84413,0,629.433431438653,0,0,0,398.248,1876,1364,1024,-1.8,0.1799999,9
63926388943.7545,1,0,4,1,0,1,53.60413,0,629.433431438653,0,0,0,398.4988,1877,1364,1024,-1.8,0.1799999,9
63926388944.0169,1,0,4,1,0,1,53.32412,0,629.433431438653,0,0,0,398.7605,1878,1364,1024,-1.8,0.1799999,9
63926388944.2769,1,0,4,1,0,1,53.06411,0,629.433431438653,0,0,0,399.0204,1879,1364,1024,-1.8,0.1799999,9
63926388944.5484,1,0,4,1,0,1,52.80411,0,629.433431438653,0,0,0,399.293,1880,1364,1024,-1.8,0.1799999,9
63926388944.798,1,0,4,1,0,1,52.5441,0,629.433431438653,0,0,0,399.5404,1881,1364,1024,-1.8,0.1799999,9
63926388945.0783,1,0,4,1,0,1,52.2841,0,629.433431438653,0,0,0,399.817,1882,1364,1024,-1.8,0.1799999,9
63926388945.3607,1,0,4,1,0,1,51.98409,0,629.433431438653,0,0,0,400.1021,1883,1364,1024,-1.8,0.1799999,9
63926388945.6548,1,0,4,1,0,1,51.70408,0,629.433431438653,0,0,0,400.3918,1884,1364,1024,-2.275868,0.18,8.524132
63926388945.9605,1,0,4,1,0,1,51.38408,0,629.433431438653,0,0,0,400.7018,1885,1364,1024,-3.044988,0.18,8.524132
63926388946.2675,1,0,4,1,0,1,51.08407,0,629.433431438653,0,0,0,401.0102,1886,1364,1024,-3.554847,0.18,8.014273
63926388946.5735,1,0,4,1,0,1,50.78406,0,629.433431438653,0,0,0,401.3137,1887,1364,1024,-3.554847,0.18,8.014273
63926388946.8696,1,0,4,1,0,1,50.48405,0,629.433431438653,0,0,0,401.6124,1888,1364,1024,-3.554847,0.18,8.014273
63926388947.1468,1,0,4,1,0,1,50.20405,0,629.433431438653,0,0,0,401.8904,1889,1364,1024,-3.554847,0.18,8.014273
63926388947.4429,1,0,4,1,0,1,49.90404,0,629.433431438653,0,0,0,402.1864,1890,1364,1024,-3.554847,0.18,8.014273
63926388947.7364,1,0,4,1,0,1,49.62403,0,629.433431438653,0,0,0,402.4791,1891,1364,1024,-3.554847,0.18,8.014273
63926388947.9941,1,0,4,1,0,1,49.36403,0,629.433431438653,0,0,0,402.7372,1892,1364,1024,-3.996725,0.18,7.572394
63926388948.2923,1,0,4,1,0,1,49.06402,0,629.433431438653,0,0,0,403.0327,1893,1364,1024,-4.506585,0.18,7.062535
63926388948.5675,1,0,4,1,0,1,48.78402,0,629.433431438653,0,0,0,403.3098,1894,1364,1024,-4.506585,0.1799999,7.062535
63926388948.8405,1,0,4,1,0,1,48.50401,0,629.433431438653,0,0,0,403.584,1895,1364,1024,-4.506585,0.1799999,7.062535
63926388949.113,1,0,4,1,0,1,48.244,0,629.433431438653,0,0,0,403.8567,1896,1364,1024,-4.064706,0.18,6.620657
63926388949.4061,1,0,4,1,0,1,47.944,0,629.433431438653,0,0,0,404.1496,1897,1364,1024,-3.299918,0.1800001,5.855868
63926388949.6988,1,0,4,1,0,1,47.64399,0,629.433431438653,0,0,0,404.4427,1898,1364,1024,-2.535129,0.18,5.09108
63926388949.9801,1,0,4,1,0,1,47.36398,0,629.433431438653,0,0,0,404.7237,1899,1364,1024,-1.14746,0.18,3.70341
63926388950.2796,1,0,4,1,0,1,47.06398,0,629.433431438653,0,0,0,405.0221,1900,1364,1024,-1.120012,0.18,3.423595
63926388950.5888,1,0,4,1,0,1,46.76397,0,629.433431438653,0,0,0,405.3292,1901,1364,1024,-1.120012,0.1799999,3.423595
63926388950.8944,1,0,4,1,0,1,46.46396,0,629.433431438653,0,0,0,405.6379,1902,1364,1024,-1.120012,0.18,4.050908
63926388951.2021,1,0,4,1,0,1,46.14396,0,629.433431438653,0,0,0,405.9433,1903,1364,1024,-1.120012,0.18,4.820028
63926388951.5017,1,0,4,1,0,1,45.84395,0,629.433431438653,0,0,0,406.2434,1904,1364,1024,-1.120012,0.18,5.541078
63926388951.8102,1,0,4,1,0,1,45.54394,0,629.433431438653,0,0,0,406.5529,1905,1364,1024,-1.120012,0.18,6.262127
63926388952.3289,1,0,4,1,0,1,45.20393,0,629.433431438653,0,0,0,406.8863,1906,1364,1024,-1.120012,0.18,7.487912
63926388952.6016,1,0,4,1,0,1,44.94393,0,629.433431438653,0,0,0,407.1598,1907,1364,1024,-1.120012,0.18,8.112822
63926388952.8921,1,0,4,1,0,1,44.64392,0,629.433431438653,0,0,0,407.4498,1908,1364,1024,-1.120012,0.18,8.112822
63926388953.18,1,0,4,1,0,1,44.36391,0,629.433431438653,0,0,0,407.7391,1909,1364,1024,-1.120012,0.18,8.112822
63926388953.4741,1,0,4,1,0,1,44.06391,0,629.433431438653,0,0,0,408.0318,1910,1364,1024,-1.120012,0.18,8.112822
63926388953.7623,1,0,4,1,0,1,43.7639,0,629.433431438653,0,0,0,408.3203,1911,1364,1024,-1.120012,0.18,8.112822
63926388954.0331,1,0,4,1,0,1,43.50389,0,629.433431438653,0,0,0,408.5923,1912,1364,1024,-1.120012,0.18,8.112822
63926388954.3004,1,0,4,1,0,1,43.24389,0,629.433431438653,0,0,0,408.859,1913,1364,1024,-1.120012,0.18,8.112822
63926388954.5808,1,0,4,1,0,1,42.96388,0,629.433431438653,0,0,0,409.1371,1914,1364,1024,-1.120012,0.18,8.112822
63926388954.8865,1,0,4,1,0,1,42.64388,0,629.433431438653,0,0,0,409.4437,1915,1364,1024,-1.663862,0.18,7.568972
63926388955.1466,1,0,4,1,0,1,42.38387,0,629.433431438653,0,0,0,409.7055,1916,1364,1024,-1.663862,0.18,6.944062
63926388955.4151,1,0,4,1,0,1,42.12386,0,629.433431438653,0,0,0,409.9741,1917,1364,1024,-1.663862,0.18,6.006698
63926388955.6739,1,0,4,1,0,1,41.86386,0,629.433431438653,0,0,0,410.233,1918,1364,1024,-1.663862,0.18,5.069333
63926388955.9387,1,0,4,1,0,1,41.60385,0,629.433431438653,0,0,0,410.4973,1919,1364,1024,-1.663862,0.18,4.131968
63926388956.2081,1,0,4,1,0,1,41.32384,0,629.433431438653,0,0,0,410.7663,1920,1364,1024,-1.663862,0.18,3.458989
63926388956.4935,1,0,4,1,0,1,41.04384,0,629.433431438653,0,0,0,411.0527,1921,1364,1024,-1.663862,0.18,2.786009
63926388956.7692,1,0,4,1,0,1,40.76383,0,629.433431438653,0,0,0,411.3285,1922,1364,1024,-1.497308,0.18,1.010309
63926388957.0518,1,0,4,1,0,1,40.48383,0,629.433431438653,0,0,0,411.61,1923,1364,1024,-1.330754,0.18,0.8049374
63926388957.3376,1,0,4,1,0,1,40.20382,0,629.433431438653,0,0,0,411.8959,1924,1364,1024,-1.330754,0.18,0.8049374
63926388957.6575,1,0,4,1,0,1,39.88381,0,629.433431438653,0,0,0,412.2156,1925,1364,1024,-1.764134,0.18,1.238318
63926388957.9452,1,0,4,1,0,1,39.58381,0,629.433431438653,0,0,0,412.5028,1926,1364,1024,-2.273993,0.18,1.748177
63926388958.2053,1,0,4,1,0,1,39.3238,0,629.433431438653,0,0,0,412.7621,1927,1364,1024,-2.715871,0.18,2.190055
63926388958.4802,1,0,4,1,0,1,39.06379,0,629.433431438653,0,0,0,413.039,1928,1364,1024,-3.157749,0.18,2.631933
63926388958.7946,1,0,4,1,0,1,39.04379,0,629.433431438653,0,0,0,413.0549,1929,1364,1024,-1.8,0,9
63926388959.0973,1,0,4,1,0,1,38.74379,0,629.433431438653,0,0,0,413.3526,1930,1364,1024,-1.8,0.1799999,9
63926388959.433,1,0,4,1,0,1,38.40378,0,629.433431438653,0,0,0,413.6841,1931,1364,1024,-1.8,0.1799999,9
63926388959.7081,1,0,4,1,0,1,38.12377,0,629.433431438653,0,0,0,413.9643,1932,1364,1024,-1.8,0.1799999,9
63926388959.9868,1,0,4,1,0,1,37.84377,0,629.433431438653,0,0,0,414.2437,1933,1364,1024,-1.8,0.1799999,9
63926388960.268,1,0,4,1,0,1,37.56376,0,629.433431438653,0,0,0,414.5245,1934,1364,1024,-1.8,0.1799999,9
63926388960.5581,1,0,4,1,0,1,37.28375,0,629.433431438653,0,0,0,414.8144,1935,1364,1024,-1.8,0.1799999,9
63926388960.844,1,0,4,1,0,1,37.00375,0,629.433431438653,0,0,0,415.0986,1936,1364,1024,-1.8,0.1799999,9
63926388961.1068,1,0,4,1,0,1,36.72374,0,629.433431438653,0,0,0,415.3623,1937,1364,1024,-1.8,0.1799999,9
63926388961.4207,1,0,4,1,0,1,36.42373,0,629.433431438653,0,0,0,415.6758,1938,1364,1024,-1.8,0.1799999,9
63926388961.6884,1,0,4,1,0,1,36.14373,0,629.433431438653,0,0,0,415.9427,1939,1364,1024,-1.8,0.1799999,9
63926388961.9803,1,0,4,1,0,1,35.86372,0,629.433431438653,0,0,0,416.2357,1940,1364,1024,-1.8,0.1799999,9
63926388962.2459,1,0,4,1,0,1,35.58371,0,629.433431438653,0,0,0,416.5026,1941,1364,1024,-1.8,0.1799999,9
63926388962.5165,1,0,4,1,0,1,35.32371,0,629.433431438653,0,0,0,416.7733,1942,1364,1024,-1.8,0.1799999,9
63926388962.7823,1,0,4,1,0,1,35.0637,0,629.433431438653,0,0,0,417.0396,1943,1364,1024,-1.8,0.1799999,9
63926388963.0603,1,0,4,1,0,1,34.7837,0,629.433431438653,0,0,0,417.317,1944,1364,1024,-1.8,0.1799999,9
63926388963.3204,1,0,4,1,0,1,34.52369,0,629.433431438653,0,0,0,417.5777,1945,1364,1024,-1.8,0.1799999,9
63926388963.6079,1,0,4,1,0,1,34.22368,0,629.433431438653,0,0,0,417.8645,1946,1364,1024,-1.8,0.1799999,9
63926388963.8723,1,0,4,1,0,1,33.96368,0,629.433431438653,0,0,0,418.1298,1947,1364,1024,-1.8,0.1799999,9
63926388964.1375,1,0,4,1,0,1,33.70367,0,629.433431438653,0,0,0,418.3939,1948,1364,1024,-1.8,0.1799999,9
63926388964.4189,1,0,4,1,0,1,33.42366,0,629.433431438653,0,0,0,418.6743,1949,1364,1024,-1.8,0.1799999,9
63926388964.7137,1,0,4,1,0,1,33.12366,0,629.433431438653,0,0,0,418.9689,1950,1364,1024,-2.309859,0.18,8.490141
63926388965.0142,1,0,4,1,0,1,33.10366,0,629.433431438653,0,0,0,418.9842,1951,1364,1024,-2.357929,0.18,8.490141
63926388965.2808,1,0,4,1,0,1,32.84365,0,629.433431438653,0,0,0,419.2476,1952,1364,1024,-2.982839,0.18,8.490141
63926388965.5655,1,0,4,1,0,1,32.56364,0,629.433431438653,0,0,0,419.5323,1953,1364,1024,-3.458707,0.18,8.014273
63926388965.8508,1,0,4,1,0,1,32.28364,0,629.433431438653,0,0,0,419.8167,1954,1364,1024,-3.458707,0.18,8.014273
63926388966.1314,1,0,4,1,0,1,32.00363,0,629.433431438653,0,0,0,420.0982,1955,1364,1024,-3.458707,0.18,8.014273
63926388966.4046,1,0,4,1,0,1,31.98363,0,629.433431438653,0,0,0,420.112,1956,1364,1024,-3.458707,0.18,8.014273
63926388966.6982,1,0,4,1,0,1,31.68362,0,629.433431438653,0,0,0,420.4025,1957,1364,1024,-3.458707,0.18,8.014273
63926388966.9842,1,0,4,1,0,1,31.40362,0,629.433431438653,0,0,0,420.6888,1958,1364,1024,-3.458707,0.18,8.014273
63926388967.2429,1,0,4,1,0,1,31.14361,0,629.433431438653,0,0,0,420.9475,1959,1364,1024,-3.458707,0.18,8.014273
63926388967.5338,1,0,4,1,0,1,30.86361,0,629.433431438653,0,0,0,421.2364,1960,1364,1024,-3.458707,0.18,8.014273
63926388967.8278,1,0,4,1,0,1,30.5636,0,629.433431438653,0,0,0,421.5296,1961,1364,1024,-2.948848,0.18,7.504413
63926388968.0926,1,0,4,1,0,1,30.30359,0,629.433431438653,0,0,0,421.7961,1962,1364,1024,-2.323938,0.18,7.504413
63926388968.3713,1,0,4,1,0,1,30.02359,0,629.433431438653,0,0,0,422.0737,1963,1364,1024,-1.650959,0.18,7.504413
63926388968.6631,1,0,4,1,0,1,29.72358,0,629.433431438653,0,0,0,422.3658,1964,1364,1024,-0.9299089,0.18,7.504413
63926388968.9263,1,0,4,1,0,1,29.46357,0,629.433431438653,0,0,0,422.6306,1965,1364,1024,-0.488031,0.18,7.062535
63926388969.2103,1,0,4,1,0,1,29.18357,0,629.433431438653,0,0,0,422.9132,1966,1364,1024,-0.01216247,0.18,6.586667
63926388969.4853,1,0,4,1,0,1,28.90356,0,629.433431438653,0,0,0,423.188,1967,1364,1024,0.4637061,0.18,6.110798
63926388969.7211,1,0,4,1,0,1,28.66356,0,629.433431438653,0,0,0,423.4255,1968,1364,1024,0.8715934,0.18,5.702911
63926388969.9815,1,0,4,1,0,1,28.40355,0,629.433431438653,0,0,0,423.6857,1969,1364,1024,1.313471,0.18,5.261033
63926388970.2522,1,0,4,1,0,1,28.14354,0,629.433431438653,0,0,0,423.957,1970,1364,1024,1.755349,0.18,4.819155
63926388970.5328,1,0,4,1,0,1,27.86354,0,629.433431438653,0,0,0,424.2363,1971,1364,1024,2.231218,0.18,4.343287
63926388970.8122,1,0,4,1,0,1,27.58353,0,629.433431438653,0,0,0,424.5155,1972,1364,1024,2.707086,0.18,3.867418
63926388971.0775,1,0,4,1,0,1,27.30352,0,629.433431438653,0,0,0,424.7809,1973,1364,1024,3.180795,0.18,3.404664
63926388971.3717,1,0,4,1,0,1,27.02352,0,629.433431438653,0,0,0,425.0756,1974,1364,1024,3.69189,0.18,3.283641
63926388971.6561,1,0,4,1,0,1,26.74351,0,629.433431438653,0,0,0,425.358,1975,1364,1024,4.173304,0.18,2.815022
63926388971.9598,1,0,4,1,0,1,26.4235,0,629.433431438653,0,0,0,425.662,1976,1364,1024,4.717154,0.18,2.271172
63926388972.2396,1,0,4,1,0,1,26.1435,0,629.433431438653,0,0,0,425.94,1977,1364,1024,4.717154,0.18,2.271172
63926388972.522,1,0,4,1,0,1,25.86349,0,629.433431438653,0,0,0,426.226,1978,1364,1024,4.717154,0.18,2.271172
63926388972.8093,1,0,4,1,0,1,25.84349,0,629.433431438653,0,0,0,426.2405,1979,1364,1024,-1.8,0,9
63926388973.1038,1,0,4,1,0,1,25.56348,0,629.433431438653,0,0,0,426.5302,1980,1364,1024,-1.8,0.1799999,9
63926388973.4066,1,0,4,1,0,1,25.26348,0,629.433431438653,0,0,0,426.8342,1981,1364,1024,-1.8,0.1799999,9
63926388973.6842,1,0,4,1,0,1,24.98347,0,629.433431438653,0,0,0,427.1117,1982,1364,1024,-1.8,0.1799999,9
63926388973.972,1,0,4,1,0,1,24.70346,0,629.433431438653,0,0,0,427.3982,1983,1364,1024,-1.8,0.1799999,9
63926388974.2479,1,0,4,1,0,1,24.42346,0,629.433431438653,0,0,0,427.6754,1984,1364,1024,-1.8,0.1799999,9
63926388974.5341,1,0,4,1,0,1,24.12345,0,629.433431438653,0,0,0,427.9605,1985,1364,1024,-1.8,0.1799999,9
63926388974.8406,1,0,4,1,0,1,23.82344,0,629.433431438653,0,0,0,428.2685,1986,1364,1024,-1.8,0.1799999,9
63926388975.1418,1,0,4,1,0,1,23.52344,0,629.433431438653,0,0,0,428.5685,1987,1364,1024,-1.8,0.1799999,9
63926388975.4355,1,0,4,1,0,1,23.22343,0,629.433431438653,0,0,0,428.862,1988,1364,1024,-1.8,0.1799999,9
63926388975.7221,1,0,4,1,0,1,22.94342,0,629.433431438653,0,0,0,429.1497,1989,1364,1024,-1.8,0.1799999,9
63926388976.0182,1,0,4,1,0,1,22.64342,0,629.433431438653,0,0,0,429.4462,1990,1364,1024,-1.8,0.1799999,9
63926388976.3589,1,0,4,1,0,1,22.32341,0,629.433431438653,0,0,0,429.7796,1991,1364,1024,-1.8,0.1799999,9
63926388976.6252,1,0,4,1,0,1,22.0434,0,629.433431438653,0,0,0,430.0507,1992,1364,1024,-1.8,0.1799999,9
63926388976.9919,1,0,4,1,0,1,22.0234,0,629.433431438653,0,0,0,430.0674,1993,1364,1024,-1.8,0.1799999,9
63926388977.2972,1,0,4,1,0,1,21.7234,0,629.433431438653,0,0,0,430.3698,1994,1364,1024,-1.8,0.1799999,9
63926388977.5922,1,0,4,1,0,1,21.42339,0,629.433431438653,0,0,0,430.6648,1995,1364,1024,-1.8,0.1799999,9
63926388977.8707,1,0,4,1,0,1,21.14338,0,629.433431438653,0,0,0,430.9441,1996,1364,1024,-1.8,0.1799999,9
63926388978.1402,1,0,4,1,0,1,20.88338,0,629.433431438653,0,0,0,431.2126,1997,1364,1024,-1.8,0.1799999,9
63926388978.4267,1,0,4,1,0,1,20.60337,0,629.433431438653,0,0,0,431.499,1998,1364,1024,-1.8,0.1799999,9
63926388978.7055,1,0,4,1,0,1,20.32336,0,629.433431438653,0,0,0,431.777,1999,1364,1024,-1.8,0.1799999,9
63926388978.9815,1,0,4,1,0,1,20.04336,0,629.433431438653,0,0,0,432.0544,2000,1364,1024,-1.8,0.1799999,9
63926388979.2556,1,0,4,1,0,1,19.76335,0,629.433431438653,0,0,0,432.3266,2001,1364,1024,-2.275868,0.18,8.524132
63926388979.5539,1,0,4,1,0,1,19.46334,0,629.433431438653,0,0,0,432.6255,2002,1364,1024,-2.996918,0.18,8.524132
63926388979.823,1,0,4,1,0,1,19.20334,0,629.433431438653,0,0,0,432.8955,2003,1364,1024,-3.438796,0.18,8.082253
63926388980.1077,1,0,4,1,0,1,18.92333,0,629.433431438653,0,0,0,433.1795,2004,1364,1024,-3.438796,0.1799999,8.082253
63926388980.3891,1,0,4,1,0,1,18.62333,0,629.433431438653,0,0,0,433.4603,2005,1364,1024,-3.438796,0.1799999,8.082253
63926388980.696,1,0,4,1,0,1,18.32332,0,629.433431438653,0,0,0,433.7684,2006,1364,1024,-3.438796,0.1799999,8.082253
63926388980.9807,1,0,4,1,0,1,18.04331,0,629.433431438653,0,0,0,434.0522,2007,1364,1024,-3.438796,0.1799999,8.082253
63926388981.2547,1,0,4,1,0,1,17.76331,0,629.433431438653,0,0,0,434.3266,2008,1364,1024,-3.438796,0.1799999,8.082253
63926388981.5161,1,0,4,1,0,1,17.5033,0,629.433431438653,0,0,0,434.5879,2009,1364,1024,-3.438796,0.1799999,8.082253
63926388981.7569,1,0,4,1,0,1,17.26329,0,629.433431438653,0,0,0,434.8286,2010,1364,1024,-3.030909,0.1799999,7.674366
63926388982.0238,1,0,4,1,0,1,17.00329,0,629.433431438653,0,0,0,435.0964,2011,1364,1024,-2.631081,0.18,7.701995
63926388982.2844,1,0,4,1,0,1,16.74328,0,629.433431438653,0,0,0,435.3566,2012,1364,1024,-2.053179,0.18,7.708959
63926388982.5611,1,0,4,1,0,1,16.46328,0,629.433431438653,0,0,0,435.6334,2013,1364,1024,-2.053179,0.18,7.708959
63926388982.8486,1,0,4,1,0,1,16.16327,0,629.433431438653,0,0,0,435.9199,2014,1364,1024,-2.774228,0.18,7.708959
63926388983.1026,1,0,4,1,0,1,15.92326,0,629.433431438653,0,0,0,436.1748,2015,1364,1024,-2.774228,0.1799999,7.708959
63926388983.3949,1,0,4,1,0,1,15.62326,0,629.433431438653,0,0,0,436.4666,2016,1364,1024,-2.053179,0.18,7.708959
63926388983.6871,1,0,4,1,0,1,15.34325,0,629.433431438653,0,0,0,436.7589,2017,1364,1024,-1.421802,0.18,7.684783
63926388983.948,1,0,4,1,0,1,15.06324,0,629.433431438653,0,0,0,437.0201,2018,1364,1024,-0.7488223,0.18,7.684783
63926388984.2458,1,0,4,1,0,1,14.78324,0,629.433431438653,0,0,0,437.3176,2019,1364,1024,-0.2729538,0.18,8.160651
63926388984.5136,1,0,4,1,0,1,14.50323,0,629.433431438653,0,0,0,437.5851,2020,1364,1024,0.1955811,0.18,8.641685
63926388984.7686,1,0,4,1,0,1,14.26323,0,629.433431438653,0,0,0,437.8394,2021,1364,1024,0.1955811,0.1799999,8.641685
63926388985.0252,1,0,4,1,0,1,14.00322,0,629.433431438653,0,0,0,438.0973,2022,1364,1024,1.296788,0.1799999,9.762376
63926388985.2976,1,0,4,1,0,1,13.72321,0,629.433431438653,0,0,0,438.3692,2023,1364,1024,1.51691,0.1799999,9.982497
63926388985.5871,1,0,4,1,0,1,13.44321,0,629.433431438653,0,0,0,438.6585,2024,1364,1024,1.683464,0.1799999,10.14905
63926388985.8391,1,0,4,1,0,1,13.1832,0,629.433431438653,0,0,0,438.911,2025,1364,1024,1.992779,0.1799999,10.45837
63926388986.1056,1,0,4,1,0,1,12.92319,0,629.433431438653,0,0,0,439.1758,2026,1364,1024,2.434657,0.1799999,10.90024
63926388986.3777,1,0,4,1,0,1,12.64319,0,629.433431438653,0,0,0,439.45,2027,1364,1024,2.434657,0.1799999,10.90024
63926388986.6826,1,0,4,1,0,1,12.34318,0,629.433431438653,0,0,0,439.7545,2028,1364,1024,2.434657,0.1799999,10.90024
63926388986.9757,1,0,4,1,0,1,12.04317,0,629.433431438653,0,0,0,440.0472,2029,1364,1024,2.434657,0.1799999,10.90024
63926388987.2586,1,0,4,1,0,1,11.76317,0,629.433431438653,0,0,0,440.3296,2030,1364,1024,2.434657,0.1799999,10.90024
63926388987.5361,1,0,4,1,0,1,11.48316,0,629.433431438653,0,0,0,440.6072,2031,1364,1024,2.434657,0.1799999,10.90024
63926388987.8131,1,0,4,1,0,1,11.20316,0,629.433431438653,0,0,0,440.8844,2032,1364,1024,2.434657,0.1799999,10.90024
63926388988.1045,1,0,4,1,0,1,10.92315,0,629.433431438653,0,0,0,441.1765,2033,1364,1024,2.434657,0.1799999,10.90024
63926388988.3696,1,0,4,1,0,1,10.64314,0,629.433431438653,0,0,0,441.4419,2034,1364,1024,2.434657,0.1799999,10.90024
63926388988.6451,1,0,4,1,0,1,10.38314,0,629.433431438653,0,0,0,441.7172,2035,1364,1024,1.809747,0.1799999,10.90024
63926388988.9033,1,0,4,1,0,1,10.12313,0,629.433431438653,0,0,0,441.9759,2036,1364,1024,1.809747,0.1799999,10.90024
63926388989.167,1,0,4,1,0,1,9.863125,0,629.433431438653,0,0,0,442.2385,2037,1364,1024,1.809747,0.1799999,10.90024
63926388989.4351,1,0,4,1,0,1,9.583118,0,629.433431438653,0,0,0,442.5076,2038,1364,1024,1.809747,0.1799999,10.90024
63926388989.702,1,0,4,1,0,1,9.323112,0,629.433431438653,0,0,0,442.7724,2039,1364,1024,1.809747,0.1799999,10.90024
63926388989.9864,1,0,4,1,0,1,9.043106,0,629.433431438653,0,0,0,443.0561,2040,1364,1024,1.809747,0.1799999,10.90024
63926388990.2506,1,0,4,1,0,1,8.7831,0,629.433431438653,0,0,0,443.3196,2041,1364,1024,1.367869,0.1799999,10.45837
63926388990.517,1,0,4,1,0,1,8.503094,0,629.433431438653,0,0,0,443.588,2042,1364,1024,0.6540661,0.18,9.744563
63926388990.8076,1,0,4,1,0,1,8.223087,0,629.433431438653,0,0,0,443.8784,2043,1364,1024,0.6540661,0.18,9.071584
63926388991.0846,1,0,4,1,0,1,7.943082,0,629.433431438653,0,0,0,444.1557,2044,1364,1024,1.221406,0.18,8.302751
63926388991.3812,1,0,4,1,0,1,7.643083,0,629.433431438653,0,0,0,444.4508,2045,1364,1024,1.221406,0.18,8.011566
63926388991.6534,1,0,4,1,0,1,7.363083,0,629.433431438653,0,0,0,444.7229,2046,1364,1024,1.221406,0.18,7.776023
63926388991.9503,1,0,4,1,0,1,7.063083,0,629.433431438653,0,0,0,445.0209,2047,1364,1024,1.221406,0.18,7.179955
63926388992.2408,1,0,4,1,0,1,6.783083,0,629.433431438653,0,0,0,445.3112,2048,1364,1024,1.221406,0.18,6.506975
63926388992.5203,1,0,4,1,0,1,6.503084,0,629.433431438653,0,0,0,445.5916,2049,1364,1024,1.221406,0.18,6.506975
63926388992.9029,1,0,4,1,0,1,6.163084,0,629.433431438653,0,0,0,445.9249,2050,1364,1024,1.799246,0.18,7.084816
63926388993.2035,1,0,4,1,0,1,5.863084,0,629.433431438653,0,0,0,446.2261,2051,1364,1024,1.799246,0.18,7.805865
63926388993.4781,1,0,4,1,0,1,5.583085,0,629.433431438653,0,0,0,446.5027,2052,1364,1024,1.323378,0.18,8.281734
63926388993.7854,1,0,4,1,0,1,5.283085,0,629.433431438653,0,0,0,446.8094,2053,1364,1024,1.323378,0.18,8.281734
63926388994.0787,1,0,4,1,0,1,4.983085,0,629.433431438653,0,0,0,447.1031,2054,1364,1024,1.323378,0.18,8.281734
63926388994.3785,1,0,4,1,0,1,4.683085,0,629.433431438653,0,0,0,447.4027,2055,1364,1024,1.323378,0.18,8.281734
63926388994.6719,1,0,4,1,0,1,4.403086,0,629.433431438653,0,0,0,447.6961,2056,1364,1024,0.8475092,0.1800001,7.805865
63926388994.9522,1,0,4,1,0,1,4.123086,0,629.433431438653,0,0,0,447.9774,2057,1364,1024,0.3716407,0.1800001,7.329997
63926388995.2467,1,0,4,1,0,1,3.823086,0,629.433431438653,0,0,0,448.2699,2058,1364,1024,0.3716407,0.1800001,6.608947
63926388995.5411,1,0,4,1,0,1,3.523087,0,629.433431438653,0,0,0,448.5657,2059,1364,1024,0.3716407,0.1799999,6.608947
63926388995.8321,1,0,4,1,0,1,3.243087,0,629.433431438653,0,0,0,448.8572,2060,1364,1024,0.3716407,0.18,7.281927
63926388996.1196,1,0,4,1,0,1,2.943087,0,629.433431438653,0,0,0,449.1445,2061,1364,1024,0.3716407,0.18,8.002976
63926388996.4288,1,0,4,1,0,1,2.643087,0,629.433431438653,0,0,0,449.4514,2062,1364,1024,0.3716407,0.1799999,8.002976
63926388996.729,1,0,4,1,0,1,2.623087,0,629.433431438653,0,0,0,449.4667,2063,1364,1024,0.3716407,0.1799999,8.002976
63926388997.1,1,0,4,1,0,1,2.283088,0,629.433431438653,0,0,0,449.8,2064,1364,1024,0.3716407,0.1799999,8.002976
63926388997.4477,1,0,4,1,0,1,1.963088,0,629.433431438653,0,0,0,450.1333,2065,1364,1024,0.3716407,0.1799999,8.002976
63926388997.7864,1,0,4,1,0,1,1.623088,0,629.433431438653,0,0,0,450.4667,2066,1364,1024,0.3716407,0.1799999,8.002976
63926388998.0818,1,0,4,1,0,1,1.323089,0,629.433431438653,0,0,0,450.7636,2067,1364,1024,0.3716407,0.1799999,8.002976
63926388998.3975,1,0,4,1,0,1,1.023089,0,629.433431438653,0,0,0,451.0787,2068,1364,1024,0.3716407,0.1799999,8.002976
63926388998.6969,1,0,4,1,0,1,0.7230892,0,629.433431438653,0,0,0,451.3756,2069,1364,1024,0.3716407,0.1799999,8.002976
63926388998.9997,1,0,4,1,0,1,0.4030895,0,629.433431438653,0,0,0,451.6808,2070,1364,1024,-0.3974791,0.18,8.002976
63926388999.3257,1,0,4,1,0,1,0.08308969,0,629.433431438653,0,0,0,452.005,2071,1364,1024,-1.166599,0.18,8.002976
63926388999.617,1,0,4,0,1,1,0,1,732.772773365653,9.998188,1,1,452.2982,2072,1364,1024,-1.336552,0.18,7.833024
63926388999.9156,1,0,4,0,1,1,0,1,732.772773365653,9.699518,1,1,452.2982,2072,1364,1024,-1.336552,0.18,7.833024
63926389000.2164,1,0,4,0,1,1,0,1,732.772773365653,9.398703,1,1,452.2982,2072,1364,1024,-1.336552,0.18,7.833024
63926389001.2163,1,0,4,0,1,1,0,1,732.772773365653,8.398926,1,1,452.2982,2072,1364,1024,-1.336552,0.18,7.833024
63926389001.7228,1,0,4,0,1,1,0,1,732.772773365653,7.89234,1,1,452.2982,2072,1364,1024,-1.336552,0.18,7.833024
63926389002.225,1,0,4,0,1,1,0,1,732.772773365653,7.390165,1,1,452.2982,2072,1364,1024,-1.336552,0.18,7.833024
63926389002.7082,1,0,4,0,1,1,0,1,732.772773365653,6.907029,1,1,452.2982,2072,1364,1024,-1.336552,0.18,7.833024
63926389003.1931,1,0,4,0,1,1,0,1,732.772773365653,6.42211,1,1,452.2982,2072,1364,1024,-1.336552,0.18,7.833024
63926389003.6809,1,0,4,0,1,1,0,1,732.772773365653,5.934265,1,1,452.2982,2072,1364,1024,-1.336552,0.18,7.833024
63926389004.1765,1,0,4,0,1,1,0,1,732.772773365653,5.438753,1,1,452.2982,2072,1364,1024,-1.336552,0.18,7.833024
63926389004.653,1,0,4,0,1,1,0,1,732.772773365653,4.962182,1,1,452.2982,2072,1364,1024,-1.336552,0.18,7.833024
63926389005.129,1,0,4,0,1,1,0,1,732.772773365653,4.486275,1,1,452.2982,2072,1364,1024,-1.336552,0.18,7.833024
63926389005.6184,1,0,4,0,1,1,0,1,732.772773365653,3.996849,1,1,452.2982,2072,1364,1024,-1.336552,0.18,7.833024
63926389006.1184,1,0,4,0,1,1,0,1,732.772773365653,3.496846,1,1,452.2982,2072,1364,1024,-1.336552,0.18,7.833024
63926389006.4116,1,0,4,0,1,1,0,1,732.772773365653,3.203615,1,1,452.2982,2072,1364,1024,-1.336552,0.18,7.833024
63926389006.703,1,0,4,0,1,1,0,1,732.772773365653,2.912285,1,1,452.2982,2072,1364,1024,-1.336552,0.18,7.833024
63926389006.9772,1,0,4,0,1,1,0,1,732.772773365653,2.638055,1,1,452.2982,2072,1364,1024,-1.336552,0.18,7.833024
63926389007.2742,1,0,4,0,1,1,0,1,732.772773365653,2.341063,1,1,452.2982,2072,1364,1024,-1.336552,0.18,7.833024
63926389007.5524,1,0,4,0,1,1,0,1,732.772773365653,2.062854,1,1,452.2982,2072,1364,1024,-1.336552,0.18,7.833024
63926389007.8305,1,0,4,0,1,1,0,1,732.772773365653,1.784763,1,1,452.2982,2072,1364,1024,-1.336552,0.18,7.833024
63926389008.1163,1,0,4,0,1,1,0,1,732.772773365653,1.498935,1,1,452.2982,2072,1364,1024,-1.336552,0.18,7.833024
63926389008.4438,1,0,4,0,1,1,0,1,732.772773365653,1.171527,1,1,452.2982,2072,1364,1024,-1.336552,0.18,7.833024
63926389009.3353,1,0,4,0,1,1,0,1,732.772773365653,0.2799978,1,1,452.2982,2072,1364,1024,-1.336552,0.18,7.833024
63926389009.6737,1,0,4,0,1,1,0,1,732.772773365653,0,1,1,452.2982,2072,1364,1024,-1.336552,0.18,7.833024
63926389009.9917,1,0,5,1,0,1,89.68005,0,732.772773365653,0,0,0,452.6105,2073,1364,1024,0,0.1799999,-2.5
63926389010.2794,1,0,5,1,0,1,89.4001,0,732.772773365653,0,0,0,452.8997,2074,1364,1024,0,0.1799999,-2.5
63926389010.5546,1,0,5,1,0,1,89.12015,0,732.772773365653,0,0,0,453.1736,2075,1364,1024,0,0.1799999,-1.15404
63926389010.8361,1,0,5,1,0,1,88.84019,0,732.772773365653,0,0,0,453.4561,2076,1364,1024,0,0.1799999,0.1919191
63926389011.1276,1,0,5,1,0,1,88.54025,0,732.772773365653,0,0,0,453.7468,2077,1364,1024,0,0.1799999,1.634019
63926389011.4528,1,0,5,1,0,1,88.2203,0,732.772773365653,0,0,0,454.0717,2078,1364,1024,0,0.1799999,3.941378
63926389011.7479,1,0,5,1,0,1,87.92035,0,732.772773365653,0,0,0,454.3679,2079,1364,1024,0,0.1799999,4.877232
63926389012.0371,1,0,5,1,0,1,87.6404,0,732.772773365653,0,0,0,454.6559,2080,1364,1024,0.9517371,0.1799999,3.925495
63926389012.3212,1,0,5,1,0,1,87.34045,0,732.772773365653,0,0,0,454.9405,2081,1364,1024,0.9517371,0.1799999,2.483395
63926389012.6073,1,0,5,1,0,1,87.06049,0,732.772773365653,0,0,0,455.2275,2082,1364,1024,0.9517371,0.1799999,2.483395
63926389012.8933,1,0,5,1,0,1,86.78054,0,732.772773365653,0,0,0,455.5116,2083,1364,1024,1.903474,0.1799999,3.435132
63926389013.1643,1,0,5,1,0,1,86.50059,0,732.772773365653,0,0,0,455.7841,2084,1364,1024,1.903474,0.1799999,3.435132
63926389013.4578,1,0,5,1,0,1,86.22063,0,732.772773365653,0,0,0,456.0763,2085,1364,1024,0.9517371,0.1799999,2.483395
63926389013.7419,1,0,5,1,0,1,85.92068,0,732.772773365653,0,0,0,456.3615,2086,1364,1024,-0.1937697,0.1799999,2.957174
63926389014.0539,1,0,5,1,0,1,85.62074,0,732.772773365653,0,0,0,456.6723,2087,1364,1024,-1.844179,0.1799999,4.600187
63926389014.3509,1,0,5,1,0,1,85.32079,0,732.772773365653,0,0,0,456.9697,2088,1364,1024,-1.844179,0.18,6.763337
63926389014.6374,1,0,5,1,0,1,85.04083,0,732.772773365653,0,0,0,457.2568,2089,1364,1024,-1.904624,0.1799999,7
63926389014.9179,1,0,5,1,0,1,84.76088,0,732.772773365653,0,0,0,457.5388,2090,1364,1024,-1.904624,0.1799999,7
63926389015.2036,1,0,5,1,0,1,84.46093,0,732.772773365653,0,0,0,457.8228,2091,1364,1024,-3.346723,0.18,7
63926389015.486,1,0,5,1,0,1,84.18098,0,732.772773365653,0,0,0,458.1054,2092,1364,1024,-3.346723,0.18,7
63926389015.7925,1,0,5,1,0,1,83.88103,0,732.772773365653,0,0,0,458.4109,2093,1364,1024,-4.193703,0.1799999,7
63926389016.0827,1,0,5,1,0,1,83.58108,0,732.772773365653,0,0,0,458.7025,2094,1364,1024,-5.213421,0.1800001,5.980282
63926389016.3885,1,0,5,1,0,1,83.28113,0,732.772773365653,0,0,0,459.0033,2095,1364,1024,-5.373328,0.18,5.820375
63926389016.6895,1,0,5,1,0,1,82.98118,0,732.772773365653,0,0,0,459.3098,2096,1364,1024,-5.373328,0.18,5.820375
63926389017.0924,1,0,5,1,0,1,82.64124,0,732.772773365653,0,0,0,459.6431,2097,1364,1024,-4.695689,0.1800001,5.543286
63926389017.401,1,0,5,1,0,1,82.34129,0,732.772773365653,0,0,0,459.955,2098,1364,1024,-4.682135,0.1800001,6.957811
63926389017.8405,1,0,5,1,0,1,82.00134,0,732.772773365653,0,0,0,460.2883,2099,1364,1024,-4.682135,0.1799999,6.957811
63926389018.1308,1,0,5,1,0,1,81.72139,0,732.772773365653,0,0,0,460.5781,2100,1364,1024,-3.730398,0.1799999,6.006074
63926389018.4393,1,0,5,1,0,1,81.40144,0,732.772773365653,0,0,0,460.8859,2101,1364,1024,-3.570491,0.1799999,5.846168
63926389018.7405,1,0,5,1,0,1,81.10149,0,732.772773365653,0,0,0,461.1866,2102,1364,1024,-3.570491,0.1799999,5.846168
63926389019.0158,1,0,5,1,0,1,80.82154,0,732.772773365653,0,0,0,461.4629,2103,1364,1024,-4.916451,0.1800001,5.846168
63926389019.3678,1,0,5,1,0,1,80.50159,0,732.772773365653,0,0,0,461.7963,2104,1364,1024,-4.916451,0.18,5.846168
63926389019.7029,1,0,5,1,0,1,80.16165,0,732.772773365653,0,0,0,462.1296,2105,1364,1024,-3.76077,0.1800001,4.690487
63926389020.0469,1,0,5,1,0,1,79.82171,0,732.772773365653,0,0,0,462.4629,2106,1364,1024,-2.605089,0.18,3.534807
63926389020.3885,1,0,5,1,0,1,79.50176,0,732.772773365653,0,0,0,462.7963,2107,1364,1024,-1.51739,0.18,2.447107
63926389020.698,1,0,5,1,0,1,79.18182,0,732.772773365653,0,0,0,463.1067,2108,1364,1024,-1.51739,0.18,2.447107
63926389020.981,1,0,5,1,0,1,78.90186,0,732.772773365653,0,0,0,463.3905,2109,1364,1024,-1.51739,0.18,2.447107
63926389021.2739,1,0,5,1,0,1,78.60191,0,732.772773365653,0,0,0,463.6812,2110,1364,1024,-1.51739,0.18,2.447107
63926389021.5536,1,0,5,1,0,1,78.32196,0,732.772773365653,0,0,0,463.9605,2111,1364,1024,-0.5656528,0.1800001,3.398844
63926389021.8382,1,0,5,1,0,1,78.04201,0,732.772773365653,0,0,0,464.2476,2112,1364,1024,-0.5656528,0.1799999,3.398844
63926389022.1291,1,0,5,1,0,1,77.76205,0,732.772773365653,0,0,0,464.5302,2113,1364,1024,-0.5656528,0.18,2.052885
63926389022.4026,1,0,5,1,0,1,77.4821,0,732.772773365653,0,0,0,464.8121,2114,1364,1024,-0.5656528,0.18,0.03394558
63926389022.6805,1,0,5,1,0,1,77.20215,0,732.772773365653,0,0,0,465.0901,2115,1364,1024,-0.5656528,0.1799999,0.03394557
63926389022.9716,1,0,5,1,0,1,76.9022,0,732.772773365653,0,0,0,465.3811,2116,1364,1024,-0.5656528,0.1799999,0.03394557
63926389023.2589,1,0,5,1,0,1,76.62225,0,732.772773365653,0,0,0,465.668,2117,1364,1024,-0.5656528,0.1799999,0.03394557
63926389023.5476,1,0,5,1,0,1,76.34229,0,732.772773365653,0,0,0,465.9564,2118,1364,1024,-0.5656528,0.1799999,0.03394557
63926389023.8255,1,0,5,1,0,1,76.06234,0,732.772773365653,0,0,0,466.2347,2119,1364,1024,-0.5656528,0.1799999,0.03394557
63926389024.1043,1,0,5,1,0,1,75.78239,0,732.772773365653,0,0,0,466.514,2120,1364,1024,-0.5656528,0.1799999,0.03394557
63926389024.3887,1,0,5,1,0,1,75.50243,0,732.772773365653,0,0,0,466.7964,2121,1364,1024,-0.5362386,0.18,1.355208
63926389024.6686,1,0,5,1,0,1,75.22248,0,732.772773365653,0,0,0,467.0771,2122,1364,1024,-0.4173769,0.18,3.307389
63926389025.0138,1,0,5,1,0,1,74.88254,0,732.772773365653,0,0,0,467.4104,2123,1364,1024,-0.8457631,0.2749109,5.699498
63926389025.3027,1,0,5,1,0,1,74.58259,0,732.772773365653,0,0,0,467.7,2124,1364,1024,-0.1960512,0.1800001,5.83324
63926389025.565,1,0,5,1,0,1,74.58259,0,732.772773365653,0,0,0,467.7134,2125,1364,1024,-0.1960512,0.1800001,5.83324
63926389025.8465,1,0,5,1,0,1,74.30264,0,732.772773365653,0,0,0,467.9906,2126,1364,1024,0.7461204,0.1800001,5.834537
63926389026.1442,1,0,5,1,0,1,74.00269,0,732.772773365653,0,0,0,468.2871,2127,1364,1024,0.7461204,0.1800001,5.834537
63926389026.4379,1,0,5,1,0,1,73.70274,0,732.772773365653,0,0,0,468.5804,2128,1364,1024,0.03231762,0.1800001,5.122123
63926389026.7132,1,0,5,1,0,1,73.44278,0,732.772773365653,0,0,0,468.8568,2129,1364,1024,-0.5863115,0.1800001,4.504699
63926389027.0299,1,0,5,1,0,1,73.12283,0,732.772773365653,0,0,0,469.1722,2130,1364,1024,-3.544585,0.18,2.62411
63926389027.3175,1,0,5,1,0,1,72.82288,0,732.772773365653,0,0,0,469.4607,2131,1364,1024,-3.689986,0.18,3.488251
63926389027.6232,1,0,5,1,0,1,72.52293,0,732.772773365653,0,0,0,469.7674,2132,1364,1024,-3.689986,0.1800001,4.49772
63926389027.9486,1,0,5,1,0,1,72.20299,0,732.772773365653,0,0,0,470.09,2133,1364,1024,-4.451375,0.1799999,5.25911
63926389028.2415,1,0,5,1,0,1,71.90304,0,732.772773365653,0,0,0,470.385,2134,1364,1024,-4.451375,0.1799999,5.25911
63926389028.5299,1,0,5,1,0,1,71.62309,0,732.772773365653,0,0,0,470.6734,2135,1364,1024,-3.499638,0.1799999,4.307373
63926389028.826,1,0,5,1,0,1,71.32314,0,732.772773365653,0,0,0,470.9689,2136,1364,1024,-1.970061,0.1799999,2.777795
63926389029.1033,1,0,5,1,0,1,71.04318,0,732.772773365653,0,0,0,471.2468,2137,1364,1024,0.04887816,0.18,2.777795
63926389029.3969,1,0,5,1,0,1,70.74323,0,732.772773365653,0,0,0,471.5399,2138,1364,1024,1.068596,0.1799999,1.758077
63926389029.6517,1,0,5,1,0,1,70.50327,0,732.772773365653,0,0,0,471.7957,2139,1364,1024,2.222276,0.18,1.758077
63926389029.91,1,0,5,1,0,1,70.24332,0,732.772773365653,0,0,0,472.054,2140,1364,1024,1.940501,0.1799999,1.639727
63926389030.1863,1,0,5,1,0,1,69.96336,0,732.772773365653,0,0,0,472.3289,2141,1364,1024,0.5945418,0.18,1.639727
63926389030.4712,1,0,5,1,0,1,69.68341,0,732.772773365653,0,0,0,472.6154,2142,1364,1024,0.5945418,0.18,2.985687
63926389030.7536,1,0,5,1,0,1,69.40346,0,732.772773365653,0,0,0,472.8984,2143,1364,1024,1.940501,0.18,2.985687
63926389031.042,1,0,5,1,0,1,69.10351,0,732.772773365653,0,0,0,473.1838,2144,1364,1024,3.382601,0.18,2.985687
63926389031.3262,1,0,5,1,0,1,68.82355,0,732.772773365653,0,0,0,473.4694,2145,1364,1024,4.72856,0.18,2.985687
63926389031.6153,1,0,5,1,0,1,68.5436,0,732.772773365653,0,0,0,473.7563,2146,1364,1024,5.618823,0.18,2.254481
63926389031.889,1,0,5,1,0,1,68.52361,0,732.772773365653,0,0,0,473.7704,2147,1364,1024,5.686804,0.18,2.186499
63926389032.1703,1,0,5,1,0,1,68.24365,0,732.772773365653,0,0,0,474.0481,2148,1364,1024,5.686804,0.1799999,2.186499
63926389032.453,1,0,5,1,0,1,67.9637,0,732.772773365653,0,0,0,474.3315,2149,1364,1024,4.340844,0.18,2.186499
63926389032.7283,1,0,5,1,0,1,67.68375,0,732.772773365653,0,0,0,474.6051,2150,1364,1024,2.913239,0.1799999,3.614105
63926389033.0176,1,0,5,1,0,1,67.40379,0,732.772773365653,0,0,0,474.8946,2151,1364,1024,1.485633,0.1799999,5.04171
63926389033.316,1,0,5,1,0,1,67.10384,0,732.772773365653,0,0,0,475.1899,2152,1364,1024,1.485633,0.1799999,5.04171
63926389033.5813,1,0,5,1,0,1,66.82389,0,732.772773365653,0,0,0,475.4598,2153,1364,1024,1.485633,0.18,3.695751
63926389033.9003,1,0,5,1,0,1,66.52394,0,732.772773365653,0,0,0,475.7784,2154,1364,1024,1.485633,0.18,2.253651
63926389034.219,1,0,5,1,0,1,66.20399,0,732.772773365653,0,0,0,476.0959,2155,1364,1024,-0.1459163,0.18,0.6221022
63926389034.5227,1,0,5,1,0,1,65.90405,0,732.772773365653,0,0,0,476.3988,2156,1364,1024,-0.1459163,0.1799999,0.6221022
63926389034.8492,1,0,5,1,0,1,65.5641,0,732.772773365653,0,0,0,476.7256,2157,1364,1024,-0.1459163,0.1799999,0.6221022
63926389035.1314,1,0,5,1,0,1,65.28415,0,732.772773365653,0,0,0,477.0098,2158,1364,1024,-0.1459163,0.1799999,0.6221022
63926389035.4316,1,0,5,1,0,1,64.9842,0,732.772773365653,0,0,0,477.3087,2159,1364,1024,-0.1459163,0.1799999,0.6221022
63926389035.7148,1,0,5,1,0,1,64.70425,0,732.772773365653,0,0,0,477.592,2160,1364,1024,-0.1459163,0.1799999,0.6221022
63926389035.9962,1,0,5,1,0,1,64.42429,0,732.772773365653,0,0,0,477.8742,2161,1364,1024,-1.097653,0.1799999,1.573839
63926389036.2803,1,0,5,1,0,1,64.14434,0,732.772773365653,0,0,0,478.1579,2162,1364,1024,-2.443613,0.18,1.573839
63926389036.5788,1,0,5,1,0,1,63.84436,0,732.772773365653,0,0,0,478.4566,2163,1364,1024,-2.443613,0.18,1.573839
63926389036.8671,1,0,5,1,0,1,63.54435,0,732.772773365653,0,0,0,478.7443,2164,1364,1024,-2.443613,0.18,1.573839
63926389037.1479,1,0,5,1,0,1,63.26435,0,732.772773365653,0,0,0,479.0259,2165,1364,1024,-2.443613,0.18,1.573839
63926389037.4224,1,0,5,1,0,1,63.00434,0,732.772773365653,0,0,0,479.2993,2166,1364,1024,-2.443613,0.18,1.573839
63926389037.7086,1,0,5,1,0,1,62.70433,0,732.772773365653,0,0,0,479.5862,2167,1364,1024,-1.423895,0.1800001,2.593558
63926389037.9998,1,0,5,1,0,1,62.42433,0,732.772773365653,0,0,0,479.8765,2168,1364,1024,-1.423895,0.1799999,2.593558
63926389038.2837,1,0,5,1,0,1,62.12432,0,732.772773365653,0,0,0,480.1602,2169,1364,1024,-2.443613,0.18,1.573839
63926389038.5787,1,0,5,1,0,1,61.84431,0,732.772773365653,0,0,0,480.4569,2170,1364,1024,-2.443613,0.1799999,1.573839
63926389038.8838,1,0,5,1,0,1,61.54431,0,732.772773365653,0,0,0,480.7596,2171,1364,1024,-3.321764,0.18,1.424879
63926389039.1509,1,0,5,1,0,1,61.52431,0,732.772773365653,0,0,0,480.7732,2172,1364,1024,-3.225624,0.1800001,1.424879
63926389039.4342,1,0,5,1,0,1,61.2443,0,732.772773365653,0,0,0,481.0529,2173,1364,1024,-1.879665,0.1800001,1.424879
63926389039.7297,1,0,5,1,0,1,60.94429,0,732.772773365653,0,0,0,481.3486,2174,1364,1024,-0.4375652,0.1800001,1.424879
63926389039.9933,1,0,5,1,0,1,60.68429,0,732.772773365653,0,0,0,481.6128,2175,1364,1024,0.8122544,0.1800001,1.424879
63926389040.2871,1,0,5,1,0,1,60.38428,0,732.772773365653,0,0,0,481.9042,2176,1364,1024,2.254354,0.1800001,1.424879
63926389040.5997,1,0,5,1,0,1,60.08427,0,732.772773365653,0,0,0,482.2137,2177,1364,1024,3.274072,0.1799999,0.4051602
63926389040.8788,1,0,5,1,0,1,59.80427,0,732.772773365653,0,0,0,482.4966,2178,1364,1024,3.274072,0.1799999,0.4051602
63926389041.167,1,0,5,1,0,1,59.50426,0,732.772773365653,0,0,0,482.7851,2179,1364,1024,2.365492,0.1799999,1.219237
63926389041.4298,1,0,5,1,0,1,59.24426,0,732.772773365653,0,0,0,483.0492,2180,1364,1024,2.365492,0.1799999,1.219237
63926389041.7177,1,0,5,1,0,1,58.96425,0,732.772773365653,0,0,0,483.3356,2181,1364,1024,3.317229,0.1799999,0.2675004
63926389041.9786,1,0,5,1,0,1,58.70424,0,732.772773365653,0,0,0,483.5982,2182,1364,1024,3.317229,0.1799999,0.2675004
63926389042.2579,1,0,5,1,0,1,58.42424,0,732.772773365653,0,0,0,483.8754,2183,1364,1024,3.317229,0.1799999,0.2675004
63926389042.5426,1,0,5,1,0,1,58.12423,0,732.772773365653,0,0,0,484.1601,2184,1364,1024,2.367765,0.18,-0.7104343
63926389042.8197,1,0,5,1,0,1,57.86422,0,732.772773365653,0,0,0,484.4369,2185,1364,1024,3.25152,0.18,-1.59419
63926389043.0966,1,0,5,1,0,1,57.58422,0,732.772773365653,0,0,0,484.7157,2186,1364,1024,3.25152,0.1799999,-1.59419
63926389043.3698,1,0,5,1,0,1,57.30421,0,732.772773365653,0,0,0,484.9883,2187,1364,1024,2.193104,0.18,-1.606664
63926389043.6508,1,0,5,1,0,1,57.28421,0,732.772773365653,0,0,0,485.0025,2188,1364,1024,2.096963,0.18,-1.606664
63926389043.9252,1,0,5,1,0,1,57.0242,0,732.772773365653,0,0,0,485.2738,2189,1364,1024,0.8471439,0.18,-1.606664
63926389044.2136,1,0,5,1,0,1,56.7242,0,732.772773365653,0,0,0,485.5616,2190,1364,1024,-0.1725744,0.1799999,-0.586946
63926389044.4919,1,0,5,1,0,1,56.46419,0,732.772773365653,0,0,0,485.8394,2191,1364,1024,-1.05633,0.1799999,0.2968099
63926389044.7694,1,0,5,1,0,1,56.18419,0,732.772773365653,0,0,0,486.118,2192,1364,1024,-2.008067,0.1799999,1.248547
63926389045.0403,1,0,5,1,0,1,55.90418,0,732.772773365653,0,0,0,486.3878,2193,1364,1024,-2.959805,0.1799999,2.200284
63926389045.3262,1,0,5,1,0,1,55.62417,0,732.772773365653,0,0,0,486.6734,2194,1364,1024,-2.959805,0.1799999,2.200284
63926389045.6118,1,0,5,1,0,1,55.32417,0,732.772773365653,0,0,0,486.9605,2195,1364,1024,-2.959805,0.18,0.7581846
63926389045.8901,1,0,5,1,0,1,55.06416,0,732.772773365653,0,0,0,487.2389,2196,1364,1024,-2.321363,0.18,-0.007946489
63926389046.1525,1,0,5,1,0,1,55.04416,0,732.772773365653,0,0,0,487.2522,2197,1364,1024,-2.253382,0.18,-0.07592771
63926389046.4407,1,0,5,1,0,1,54.76415,0,732.772773365653,0,0,0,487.5366,2198,1364,1024,-2.253382,0.1799999,-0.07592771
63926389046.7435,1,0,5,1,0,1,54.46415,0,732.772773365653,0,0,0,487.8387,2199,1364,1024,-1.233663,0.18,0.9437906
63926389047.0244,1,0,5,1,0,1,54.16414,0,732.772773365653,0,0,0,488.1214,2200,1364,1024,-0.213945,0.18,1.963509
63926389047.3,1,0,5,1,0,1,53.90413,0,732.772773365653,0,0,0,488.3959,2201,1364,1024,-0.213945,0.18,3.213329
63926389047.58,1,0,5,1,0,1,53.62413,0,732.772773365653,0,0,0,488.6765,2202,1364,1024,-0.2017153,0.18,3.048045
63926389047.8708,1,0,5,1,0,1,53.32412,0,732.772773365653,0,0,0,488.9635,2203,1364,1024,1.240384,0.1800001,3.048045
63926389048.1333,1,0,5,1,0,1,53.06411,0,732.772773365653,0,0,0,489.2304,2204,1364,1024,1.240384,0.1800001,4.297865
63926389048.4173,1,0,5,1,0,1,52.78411,0,732.772773365653,0,0,0,489.5146,2205,1364,1024,1.240384,0.1799999,4.297865
63926389048.6927,1,0,5,1,0,1,52.5041,0,732.772773365653,0,0,0,489.7895,2206,1364,1024,1.240384,0.1799999,4.297865
63926389048.9523,1,0,5,1,0,1,52.24409,0,732.772773365653,0,0,0,490.0479,2207,1364,1024,1.240384,0.18,5.547684
63926389049.2037,1,0,5,1,0,1,52.00409,0,732.772773365653,0,0,0,490.299,2208,1364,1024,2.056159,0.1800001,6.363459
63926389049.4584,1,0,5,1,0,1,51.74408,0,732.772773365653,0,0,0,490.554,2209,1364,1024,1.172403,0.1799999,7
63926389049.7391,1,0,5,1,0,1,51.46408,0,732.772773365653,0,0,0,490.8357,2210,1364,1024,1.172403,0.1799999,7
63926389050.0031,1,0,5,1,0,1,51.20407,0,732.772773365653,0,0,0,491.099,2211,1364,1024,2.051017,0.18,6.111784
63926389050.2989,1,0,5,1,0,1,50.90406,0,732.772773365653,0,0,0,491.3955,2212,1364,1024,2.051017,0.1799999,6.111784
63926389050.5808,1,0,5,1,0,1,50.62406,0,732.772773365653,0,0,0,491.6747,2213,1364,1024,2.051017,0.1799999,6.111784
63926389050.853,1,0,5,1,0,1,50.34405,0,732.772773365653,0,0,0,491.947,2214,1364,1024,1.09928,0.1799999,7
63926389051.117,1,0,5,1,0,1,50.08405,0,732.772773365653,0,0,0,492.2135,2215,1364,1024,1.09928,0.1799999,7
63926389051.3778,1,0,5,1,0,1,49.82404,0,732.772773365653,0,0,0,492.4744,2216,1364,1024,1.983036,0.18,6.116244
63926389051.647,1,0,5,1,0,1,49.54403,0,732.772773365653,0,0,0,492.7439,2217,1364,1024,1.983036,0.1799999,6.116244
63926389051.9343,1,0,5,1,0,1,49.26403,0,732.772773365653,0,0,0,493.0308,2218,1364,1024,1.031298,0.1799999,7
63926389052.2112,1,0,5,1,0,1,48.98402,0,732.772773365653,0,0,0,493.3077,2219,1364,1024,1.031298,0.1799999,7
63926389052.5133,1,0,5,1,0,1,48.68401,0,732.772773365653,0,0,0,493.604,2220,1364,1024,2.051017,0.18,5.980282
63926389052.7952,1,0,5,1,0,1,48.40401,0,732.772773365653,0,0,0,493.8903,2221,1364,1024,2.051017,0.1799999,5.980282
63926389053.06,1,0,5,1,0,1,48.144,0,732.772773365653,0,0,0,494.1546,2222,1364,1024,2.051017,0.1799999,4.730462
63926389053.338,1,0,5,1,0,1,47.86399,0,732.772773365653,0,0,0,494.4325,2223,1364,1024,0.6234111,0.1799999,3.302856
63926389053.6292,1,0,5,1,0,1,47.56399,0,732.772773365653,0,0,0,494.7234,2224,1364,1024,0.6234111,0.1799999,1.139707
63926389053.9128,1,0,5,1,0,1,47.28398,0,732.772773365653,0,0,0,495.008,2225,1364,1024,0.6234111,0.1799999,1.139707
63926389054.1812,1,0,5,1,0,1,47.02398,0,732.772773365653,0,0,0,495.2772,2226,1364,1024,0.6234111,0.1799999,1.139707
63926389054.4403,1,0,5,1,0,1,46.76397,0,732.772773365653,0,0,0,495.5361,2227,1364,1024,0.6234111,0.1799999,1.139707
63926389054.726,1,0,5,1,0,1,46.46396,0,732.772773365653,0,0,0,495.8214,2228,1364,1024,0.6234111,0.1799999,1.139707
63926389055.005,1,0,5,1,0,1,46.18396,0,732.772773365653,0,0,0,496.1009,2229,1364,1024,0.6234111,0.1799999,1.139707
63926389055.2995,1,0,5,1,0,1,45.90395,0,732.772773365653,0,0,0,496.3953,2230,1364,1024,0.6234111,0.1799999,1.139707
63926389055.5823,1,0,5,1,0,1,45.62394,0,732.772773365653,0,0,0,496.6771,2231,1364,1024,0.8702567,0.1799999,1.867215
63926389055.8647,1,0,5,1,0,1,45.34394,0,732.772773365653,0,0,0,496.9591,2232,1364,1024,0.9125243,0.1799999,3.188
63926389056.1191,1,0,5,1,0,1,45.08393,0,732.772773365653,0,0,0,497.2147,2233,1364,1024,-0.3372953,0.1799999,3.188
63926389056.3909,1,0,5,1,0,1,44.80392,0,732.772773365653,0,0,0,497.4858,2234,1364,1024,-0.9124473,0.1799999,2.469367
63926389056.6837,1,0,5,1,0,1,44.52392,0,732.772773365653,0,0,0,497.7794,2235,1364,1024,-1.864184,0.1799999,3.421104
63926389056.9641,1,0,5,1,0,1,44.24391,0,732.772773365653,0,0,0,498.0591,2236,1364,1024,-1.864184,0.1799999,3.421104
63926389057.2296,1,0,5,1,0,1,43.96391,0,732.772773365653,0,0,0,498.3234,2237,1364,1024,-1.864184,0.1799999,3.421104
63926389057.5018,1,0,5,1,0,1,43.7039,0,732.772773365653,0,0,0,498.5966,2238,1364,1024,-1.864184,0.1799999,3.421104
63926389057.7747,1,0,5,1,0,1,43.42389,0,732.772773365653,0,0,0,498.867,2239,1364,1024,-0.9124473,0.1799999,2.469367
63926389058.0503,1,0,5,1,0,1,43.14389,0,732.772773365653,0,0,0,499.1459,2240,1364,1024,-0.9124473,0.1799999,2.469367
63926389058.3224,1,0,5,1,0,1,42.88388,0,732.772773365653,0,0,0,499.4187,2241,1364,1024,-0.9124473,0.1799999,2.469367
63926389058.6163,1,0,5,1,0,1,42.58387,0,732.772773365653,0,0,0,499.7112,2242,1364,1024,-0.9124473,0.1799999,1.027267
63926389058.8999,1,0,5,1,0,1,42.30387,0,732.772773365653,0,0,0,499.9944,2243,1364,1024,-0.9124473,0.1799999,1.027267
63926389059.1813,1,0,5,1,0,1,42.02386,0,732.772773365653,0,0,0,500.2766,2244,1364,1024,-0.9124473,0.1799999,1.027267
63926389059.4539,1,0,5,1,0,1,41.74385,0,732.772773365653,0,0,0,500.5485,2245,1364,1024,-0.9124473,0.1799999,1.027267
63926389059.7331,1,0,5,1,0,1,41.46385,0,732.772773365653,0,0,0,500.8286,2246,1364,1024,-0.9124473,0.1799999,1.027267
63926389060.0214,1,0,5,1,0,1,41.18384,0,732.772773365653,0,0,0,501.1138,2247,1364,1024,-0.9124473,0.1799999,1.027267
63926389060.2849,1,0,5,1,0,1,40.92384,0,732.772773365653,0,0,0,501.3794,2248,1364,1024,-0.9124473,0.1799999,1.027267
63926389060.578,1,0,5,1,0,1,40.62383,0,732.772773365653,0,0,0,501.672,2249,1364,1024,-0.9124473,0.1799999,2.469367
63926389060.8368,1,0,5,1,0,1,40.60383,0,732.772773365653,0,0,0,501.6852,2250,1364,1024,-0.7682374,0.1799999,2.469367
63926389061.1097,1,0,5,1,0,1,40.34382,0,732.772773365653,0,0,0,501.9535,2251,1364,1024,0.4815822,0.1799999,2.469367
63926389061.3908,1,0,5,1,0,1,40.06382,0,732.772773365653,0,0,0,502.2353,2252,1364,1024,0.4815822,0.1799999,2.469367
63926389061.6621,1,0,5,1,0,1,39.78381,0,732.772773365653,0,0,0,502.5049,2253,1364,1024,-0.4701549,0.1799999,3.421104
63926389061.9507,1,0,5,1,0,1,39.5038,0,732.772773365653,0,0,0,502.7948,2254,1364,1024,-0.4701549,0.1799999,3.421104
63926389062.2395,1,0,5,1,0,1,39.2038,0,732.772773365653,0,0,0,503.0831,2255,1364,1024,-0.4701549,0.1799999,3.421104
63926389062.5142,1,0,5,1,0,1,38.94379,0,732.772773365653,0,0,0,503.3589,2256,1364,1024,-0.4701549,0.1799999,3.421104
63926389062.7976,1,0,5,1,0,1,38.64378,0,732.772773365653,0,0,0,503.6422,2257,1364,1024,-0.4701549,0.1799999,3.421104
63926389063.087,1,0,5,1,0,1,38.36378,0,732.772773365653,0,0,0,503.931,2258,1364,1024,-1.421892,0.1799999,4.372841
63926389063.3705,1,0,5,1,0,1,38.08377,0,732.772773365653,0,0,0,504.2123,2259,1364,1024,-1.421892,0.1799999,4.372841
63926389063.6468,1,0,5,1,0,1,37.80376,0,732.772773365653,0,0,0,504.4916,2260,1364,1024,-1.421892,0.1799999,3.026881
63926389063.9339,1,0,5,1,0,1,37.52376,0,732.772773365653,0,0,0,504.7788,2261,1364,1024,0.005713575,0.18,1.599276
63926389064.2156,1,0,5,1,0,1,37.24375,0,732.772773365653,0,0,0,505.0597,2262,1364,1024,0.005713576,0.18,1.599276
63926389064.5036,1,0,5,1,0,1,36.94374,0,732.772773365653,0,0,0,505.3477,2263,1364,1024,0.005713576,0.18,1.599276
63926389064.7879,1,0,5,1,0,1,36.66374,0,732.772773365653,0,0,0,505.6325,2264,1364,1024,0.005713576,0.18,1.599276
63926389065.077,1,0,5,1,0,1,36.36373,0,732.772773365653,0,0,0,505.9217,2265,1364,1024,0.005713576,0.18,1.599276
63926389065.369,1,0,5,1,0,1,36.08372,0,732.772773365653,0,0,0,506.214,2266,1364,1024,0.005713576,0.18,1.599276
63926389065.6485,1,0,5,1,0,1,36.06372,0,732.772773365653,0,0,0,506.2281,2267,1364,1024,0.005713576,0.18,1.503136
63926389065.9262,1,0,5,1,0,1,35.78372,0,732.772773365653,0,0,0,506.5021,2268,1364,1024,0.005713576,0.18,1.503136
63926389066.2097,1,0,5,1,0,1,35.50371,0,732.772773365653,0,0,0,506.7852,2269,1364,1024,0.005713576,0.18,2.849096
63926389066.5186,1,0,5,1,0,1,35.2037,0,732.772773365653,0,0,0,507.0938,2270,1364,1024,-1.436386,0.18,2.849096
63926389066.809,1,0,5,1,0,1,34.9037,0,732.772773365653,0,0,0,507.3845,2271,1364,1024,-1.436386,0.18,2.849096
63926389067.1206,1,0,5,1,0,1,34.60369,0,732.772773365653,0,0,0,507.6943,2272,1364,1024,0.005713575,0.18,2.849096
63926389067.431,1,0,5,1,0,1,34.28368,0,732.772773365653,0,0,0,508.006,2273,1364,1024,0.005713576,0.18,2.849096
63926389067.7152,1,0,5,1,0,1,34.00368,0,732.772773365653,0,0,0,508.291,2274,1364,1024,0.005713576,0.18,4.195055
63926389068.0029,1,0,5,1,0,1,33.72367,0,732.772773365653,0,0,0,508.5782,2275,1364,1024,0.005713576,0.1799999,4.532035
63926389068.2746,1,0,5,1,0,1,33.44366,0,732.772773365653,0,0,0,508.851,2276,1364,1024,0.005713576,0.1799999,4.532035
63926389068.557,1,0,5,1,0,1,33.16366,0,732.772773365653,0,0,0,509.1327,2277,1364,1024,0.005713576,0.1799999,4.532035
63926389068.8382,1,0,5,1,0,1,32.88365,0,732.772773365653,0,0,0,509.4145,2278,1364,1024,0.005713576,0.1799999,3.186075
63926389069.1126,1,0,5,1,0,1,32.60365,0,732.772773365653,0,0,0,509.6881,2279,1364,1024,1.351673,0.1799999,3.186075
63926389069.4006,1,0,5,1,0,1,32.32364,0,732.772773365653,0,0,0,509.9755,2280,1364,1024,1.351673,0.1799999,3.186075
63926389069.6787,1,0,5,1,0,1,32.04363,0,732.772773365653,0,0,0,510.2532,2281,1364,1024,0.399936,0.1799999,2.234338
63926389069.9683,1,0,5,1,0,1,31.74363,0,732.772773365653,0,0,0,510.5435,2282,1364,1024,-1.036248,0.1799999,2.068709
63926389070.2619,1,0,5,1,0,1,31.46362,0,732.772773365653,0,0,0,510.8371,2283,1364,1024,-1.987985,0.1799999,1.116972
63926389070.6835,1,0,5,1,0,1,31.12361,0,732.772773365653,0,0,0,511.1704,2284,1364,1024,-1.987985,0.1799999,1.116972
63926389070.9626,1,0,5,1,0,1,30.84361,0,732.772773365653,0,0,0,511.4506,2285,1364,1024,-1.987985,0.1799999,1.116972
63926389071.2483,1,0,5,1,0,1,30.5636,0,732.772773365653,0,0,0,511.7369,2286,1364,1024,-1.987985,0.1799999,1.116972
63926389071.5423,1,0,5,1,0,1,30.26359,0,732.772773365653,0,0,0,512.029,2287,1364,1024,-0.9682668,0.1799999,2.13669
63926389071.8238,1,0,5,1,0,1,29.98359,0,732.772773365653,0,0,0,512.3102,2288,1364,1024,-0.9682668,0.1799999,2.13669
63926389072.1179,1,0,5,1,0,1,29.68358,0,732.772773365653,0,0,0,512.6048,2289,1364,1024,-1.987985,0.1799999,1.116972
63926389072.4062,1,0,5,1,0,1,29.40357,0,732.772773365653,0,0,0,512.8931,2290,1364,1024,-1.987985,0.1799999,1.116972
63926389072.6886,1,0,5,1,0,1,29.12357,0,732.772773365653,0,0,0,513.175,2291,1364,1024,-1.036248,0.1799999,2.068709
63926389072.9652,1,0,5,1,0,1,28.84356,0,732.772773365653,0,0,0,513.4521,2292,1364,1024,-1.036248,0.1799999,2.068709
63926389073.2563,1,0,5,1,0,1,28.54355,0,732.772773365653,0,0,0,513.7423,2293,1364,1024,-2.055966,0.1799999,1.04899
63926389073.5338,1,0,5,1,0,1,28.26355,0,732.772773365653,0,0,0,514.0214,2294,1364,1024,-2.155523,0.1799999,-0.2312888
63926389073.8097,1,0,5,1,0,1,28.26355,0,732.772773365653,0,0,0,514.0354,2295,1364,1024,-2.155523,0.1799999,-0.2312888
63926389074.0752,1,0,5,1,0,1,28.00354,0,732.772773365653,0,0,0,514.2963,2296,1364,1024,-2.155523,0.1799999,-0.2312888
63926389074.3586,1,0,5,1,0,1,27.70353,0,732.772773365653,0,0,0,514.5808,2297,1364,1024,-2.155523,0.1799999,-0.2312888
63926389074.6571,1,0,5,1,0,1,27.42353,0,732.772773365653,0,0,0,514.8791,2298,1364,1024,-1.203786,0.1799999,0.7204483
63926389074.9463,1,0,5,1,0,1,27.12352,0,732.772773365653,0,0,0,515.1681,2299,1364,1024,0.3257919,0.1799999,2.250026
63926389075.222,1,0,5,1,0,1,26.84351,0,732.772773365653,0,0,0,515.444,2300,1364,1024,1.277529,0.1799999,3.201763
63926389075.4957,1,0,5,1,0,1,26.58351,0,732.772773365653,0,0,0,515.7166,2301,1364,1024,1.277529,0.1799999,3.201763
63926389075.7786,1,0,5,1,0,1,26.3035,0,732.772773365653,0,0,0,515.9993,2302,1364,1024,-0.1500766,0.1799999,4.629368
63926389076.0616,1,0,5,1,0,1,26.00349,0,732.772773365653,0,0,0,516.2836,2303,1364,1024,-0.5337933,0.18,6.795631
63926389076.3409,1,0,5,1,0,1,25.72349,0,732.772773365653,0,0,0,516.5619,2304,1364,1024,-0.5337933,0.1799999,6.795631
63926389076.6202,1,0,5,1,0,1,25.44348,0,732.772773365653,0,0,0,516.8403,2305,1364,1024,-0.5337933,0.18,5.449671
63926389076.9595,1,0,5,1,0,1,25.12347,0,732.772773365653,0,0,0,517.1736,2306,1364,1024,-0.5337933,0.1799999,3.911432
63926389077.2291,1,0,5,1,0,1,24.84347,0,732.772773365653,0,0,0,517.4445,2307,1364,1024,-0.5337933,0.1799999,2.565472
63926389077.5147,1,0,5,1,0,1,24.56346,0,732.772773365653,0,0,0,517.7292,2308,1364,1024,-0.5337933,0.1799999,0.5465332
63926389077.7959,1,0,5,1,0,1,24.28345,0,732.772773365653,0,0,0,518.0117,2309,1364,1024,-0.5337933,0.1799999,0.5465332
63926389078.0696,1,0,5,1,0,1,24.00345,0,732.772773365653,0,0,0,518.286,2310,1364,1024,-0.5337933,0.1799999,0.5465332
63926389078.3456,1,0,5,1,0,1,23.72344,0,732.772773365653,0,0,0,518.5615,2311,1364,1024,-0.5337933,0.1799999,0.5465332
63926389078.6292,1,0,5,1,0,1,23.44344,0,732.772773365653,0,0,0,518.845,2312,1364,1024,-0.5337933,0.1799999,0.5465332
63926389078.9005,1,0,5,1,0,1,23.18343,0,732.772773365653,0,0,0,519.1155,2313,1364,1024,-0.5337933,0.1799999,0.5465332
63926389079.1953,1,0,5,1,0,1,22.88342,0,732.772773365653,0,0,0,519.4099,2314,1364,1024,-0.5337933,0.1799999,0.5465332
63926389079.4927,1,0,5,1,0,1,22.58342,0,732.772773365653,0,0,0,519.7078,2315,1364,1024,-0.5337933,0.1799999,0.5465332
63926389079.8225,1,0,5,1,0,1,22.26341,0,732.772773365653,0,0,0,520.0367,2316,1364,1024,-0.5337933,0.1799999,2.084773
63926389080.1278,1,0,5,1,0,1,21.9434,0,732.772773365653,0,0,0,520.343,2317,1364,1024,-0.5337933,0.1799999,3.623012
63926389080.4167,1,0,5,1,0,1,21.66339,0,732.772773365653,0,0,0,520.6306,2318,1364,1024,0.4179438,0.18,4.574749
63926389080.6998,1,0,5,1,0,1,21.38339,0,732.772773365653,0,0,0,520.9142,2319,1364,1024,0.4179438,0.18,4.574749
63926389081.0839,1,0,5,1,0,1,21.04338,0,732.772773365653,0,0,0,521.2476,2320,1364,1024,-0.737737,0.18,3.419069
63926389081.3965,1,0,5,1,0,1,20.72337,0,732.772773365653,0,0,0,521.5598,2321,1364,1024,-1.825436,0.18,2.331369
63926389081.6901,1,0,5,1,0,1,20.44337,0,732.772773365653,0,0,0,521.854,2322,1364,1024,-0.8736994,0.18,1.379632
63926389081.9624,1,0,5,1,0,1,20.42337,0,732.772773365653,0,0,0,521.8678,2323,1364,1024,-0.8057182,0.18,1.311651
63926389082.2269,1,0,5,1,0,1,20.16336,0,732.772773365653,0,0,0,522.1295,2324,1364,1024,-0.8057182,0.18,1.311651
63926389082.5163,1,0,5,1,0,1,19.88335,0,732.772773365653,0,0,0,522.4172,2325,1364,1024,0.1804169,0.18,1.95971
63926389082.7821,1,0,5,1,0,1,19.60335,0,732.772773365653,0,0,0,522.6843,2326,1364,1024,1.132154,0.18,2.911447
63926389083.0757,1,0,5,1,0,1,19.32334,0,732.772773365653,0,0,0,522.9772,2327,1364,1024,1.048484,0.18,2.733483
63926389083.3683,1,0,5,1,0,1,19.02333,0,732.772773365653,0,0,0,523.2697,2328,1364,1024,1.048484,0.18,2.733483
63926389083.655,1,0,5,1,0,1,18.74333,0,732.772773365653,0,0,0,523.5565,2329,1364,1024,2.000221,0.18,1.781746
63926389083.9195,1,0,5,1,0,1,18.46332,0,732.772773365653,0,0,0,523.8209,2330,1364,1024,2.000221,0.18,1.781746
63926389084.1978,1,0,5,1,0,1,18.20332,0,732.772773365653,0,0,0,524.0998,2331,1364,1024,2.000221,0.18,3.031565
63926389084.4744,1,0,5,1,0,1,17.92331,0,732.772773365653,0,0,0,524.3755,2332,1364,1024,2.951958,0.18,3.983302
63926389084.7493,1,0,5,1,0,1,17.6433,0,732.772773365653,0,0,0,524.6508,2333,1364,1024,2.000221,0.1799999,4.93504
63926389085.0247,1,0,5,1,0,1,17.3633,0,732.772773365653,0,0,0,524.927,2334,1364,1024,2.000221,0.1799999,4.93504
63926389085.2909,1,0,5,1,0,1,17.10329,0,732.772773365653,0,0,0,525.1931,2335,1364,1024,2.883977,0.1799999,4.051284
63926389085.5559,1,0,5,1,0,1,16.84328,0,732.772773365653,0,0,0,525.4583,2336,1364,1024,3.767733,0.1799999,3.167528
63926389085.8319,1,0,5,1,0,1,16.56328,0,732.772773365653,0,0,0,525.7344,2337,1364,1024,3.767733,0.1799999,3.167528
63926389086.1098,1,0,5,1,0,1,16.28327,0,732.772773365653,0,0,0,526.011,2338,1364,1024,3.767733,0.18,1.821568
63926389086.3808,1,0,5,1,0,1,16.26327,0,732.772773365653,0,0,0,526.0248,2339,1364,1024,3.835714,0.18,1.753587
63926389086.6523,1,0,5,1,0,1,16.00327,0,732.772773365653,0,0,0,526.2941,2340,1364,1024,3.835714,0.18,1.753587
63926389086.9407,1,0,5,1,0,1,15.70326,0,732.772773365653,0,0,0,526.582,2341,1364,1024,3.835714,0.18,3.195687
63926389087.2238,1,0,5,1,0,1,15.42325,0,732.772773365653,0,0,0,526.8643,2342,1364,1024,2.883977,0.18,4.147424
63926389087.497,1,0,5,1,0,1,15.16325,0,732.772773365653,0,0,0,527.1387,2343,1364,1024,2.883977,0.18,4.147424
63926389087.7715,1,0,5,1,0,1,14.88324,0,732.772773365653,0,0,0,527.4128,2344,1364,1024,3.846729,0.18,3.285304
63926389088.0486,1,0,5,1,0,1,14.60323,0,732.772773365653,0,0,0,527.6899,2345,1364,1024,3.400017,0.18,2.334415
63926389088.3356,1,0,5,1,0,1,14.32323,0,732.772773365653,0,0,0,527.9767,2346,1364,1024,2.62692,0.1799999,2.941537
63926389088.5966,1,0,5,1,0,1,14.06322,0,732.772773365653,0,0,0,528.2376,2347,1364,1024,3.510675,0.1799999,3.825293
63926389088.857,1,0,5,1,0,1,14.04322,0,732.772773365653,0,0,0,528.2508,2348,1364,1024,3.578656,0.1799999,3.893274
63926389089.1249,1,0,5,1,0,1,13.78321,0,732.772773365653,0,0,0,528.5159,2349,1364,1024,2.694901,0.1799999,4.77703
63926389089.4246,1,0,5,1,0,1,13.48321,0,732.772773365653,0,0,0,528.8145,2350,1364,1024,1.165323,0.1799999,6.306607
63926389089.6926,1,0,5,1,0,1,13.2032,0,732.772773365653,0,0,0,529.0811,2351,1364,1024,-0.5354962,0.18,6.61715
63926389089.953,1,0,5,1,0,1,12.9432,0,732.772773365653,0,0,0,529.3428,2352,1364,1024,-0.5354962,0.18,5.36733
63926389090.2174,1,0,5,1,0,1,12.68319,0,732.772773365653,0,0,0,529.6079,2353,1364,1024,-0.5354962,0.1799999,4.11751
63926389090.4796,1,0,5,1,0,1,12.42318,0,732.772773365653,0,0,0,529.8694,2354,1364,1024,-0.5354962,0.1799999,2.867691
63926389090.7507,1,0,5,1,0,1,12.14318,0,732.772773365653,0,0,0,530.1417,2355,1364,1024,-0.5354962,0.1799999,2.867691
63926389091.0348,1,0,5,1,0,1,11.86317,0,732.772773365653,0,0,0,530.4255,2356,1364,1024,0.4162409,0.1799999,3.819428
63926389091.3061,1,0,5,1,0,1,11.60316,0,732.772773365653,0,0,0,530.6972,2357,1364,1024,0.4162409,0.1799999,3.819428
63926389091.5719,1,0,5,1,0,1,11.32316,0,732.772773365653,0,0,0,530.9623,2358,1364,1024,-0.5354962,0.1799999,2.867691
63926389091.8523,1,0,5,1,0,1,11.04315,0,732.772773365653,0,0,0,531.2424,2359,1364,1024,-0.5354962,0.1799999,2.867691
63926389092.1127,1,0,5,1,0,1,10.78315,0,732.772773365653,0,0,0,531.5035,2360,1364,1024,0.3482597,0.1799999,3.751447
63926389092.3934,1,0,5,1,0,1,10.50314,0,732.772773365653,0,0,0,531.7837,2361,1364,1024,0.3450497,0.1799999,3.69439
63926389092.6688,1,0,5,1,0,1,10.24313,0,732.772773365653,0,0,0,532.0595,2362,1364,1024,1.222706,0.1799999,2.702218
63926389092.9504,1,0,5,1,0,1,9.943127,0,732.772773365653,0,0,0,532.3405,2363,1364,1024,1.222706,0.1799999,2.702218
63926389093.2189,1,0,5,1,0,1,9.683121,0,732.772773365653,0,0,0,532.6093,2364,1364,1024,-0.02711344,0.1799999,2.702218
63926389093.4978,1,0,5,1,0,1,9.403114,0,732.772773365653,0,0,0,532.8881,2365,1364,1024,-0.9788505,0.1799999,3.653955
63926389093.7659,1,0,5,1,0,1,9.143108,0,732.772773365653,0,0,0,533.1564,2366,1364,1024,-0.09509466,0.18,4.53771
63926389094.0305,1,0,5,1,0,1,8.863102,0,732.772773365653,0,0,0,533.421,2367,1364,1024,1.137656,0.1799999,4.398164
63926389094.3066,1,0,5,1,0,1,8.603096,0,732.772773365653,0,0,0,533.6976,2368,1364,1024,1.137656,0.1799999,4.398164
63926389094.5846,1,0,5,1,0,1,8.32309,0,732.772773365653,0,0,0,533.9751,2369,1364,1024,-0.2083035,0.1799999,4.398164
63926389094.8447,1,0,5,1,0,1,8.063084,0,732.772773365653,0,0,0,534.2351,2370,1364,1024,-1.092059,0.1799999,3.514408
63926389095.1083,1,0,5,1,0,1,7.803082,0,732.772773365653,0,0,0,534.499,2371,1364,1024,-1.092059,0.1799999,3.514408
63926389095.373,1,0,5,1,0,1,7.523083,0,732.772773365653,0,0,0,534.7631,2372,1364,1024,-1.092059,0.1799999,3.514408
63926389095.6468,1,0,5,1,0,1,7.263083,0,732.772773365653,0,0,0,535.035,2373,1364,1024,-2.341879,0.1799999,3.514408
63926389095.9015,1,0,5,1,0,1,7.003083,0,732.772773365653,0,0,0,535.2908,2374,1364,1024,-4.216608,0.1799999,3.514408
63926389096.1716,1,0,5,1,0,1,6.983083,0,732.772773365653,0,0,0,535.3045,2375,1364,1024,-4.284589,0.1799999,3.582389
63926389096.4538,1,0,5,1,0,1,6.703084,0,732.772773365653,0,0,0,535.5827,2376,1364,1024,-2.856984,0.18,5.009995
63926389096.7479,1,0,5,1,0,1,6.423084,0,732.772773365653,0,0,0,535.8764,2377,1364,1024,-1.418777,0.18,6.385675
63926389097.0378,1,0,5,1,0,1,6.123084,0,732.772773365653,0,0,0,536.1664,2378,1364,1024,-0.7708917,0.1799999,7
63926389097.3228,1,0,5,1,0,1,5.843084,0,732.772773365653,0,0,0,536.4506,2379,1364,1024,-0.7708917,0.18,5.65404
63926389097.6232,1,0,5,1,0,1,5.543085,0,732.772773365653,0,0,0,536.7515,2380,1364,1024,-0.7708917,0.18,4.211941
63926389097.8937,1,0,5,1,0,1,5.263085,0,732.772773365653,0,0,0,537.0233,2381,1364,1024,-1.722629,0.18,3.260204
63926389098.1582,1,0,5,1,0,1,5.003085,0,732.772773365653,0,0,0,537.288,2382,1364,1024,-1.722629,0.18,2.010384
63926389098.4393,1,0,5,1,0,1,4.723085,0,732.772773365653,0,0,0,537.5685,2383,1364,1024,-3.068588,0.18,2.010384
63926389098.7137,1,0,5,1,0,1,4.443086,0,732.772773365653,0,0,0,537.8434,2384,1364,1024,-3.068588,0.18,2.010384
63926389098.971,1,0,5,1,0,1,4.183086,0,732.772773365653,0,0,0,538.1005,2385,1364,1024,-3.068588,0.18,2.010384
63926389099.2318,1,0,5,1,0,1,3.923086,0,732.772773365653,0,0,0,538.3619,2386,1364,1024,-3.068588,0.18,2.010384
63926389099.5133,1,0,5,1,0,1,3.643086,0,732.772773365653,0,0,0,538.6416,2387,1364,1024,-2.116851,0.18,2.962121
63926389099.8063,1,0,5,1,0,1,3.363087,0,732.772773365653,0,0,0,538.9329,2388,1364,1024,-2.116851,0.1799999,2.962121
63926389100.0724,1,0,5,1,0,1,3.083087,0,732.772773365653,0,0,0,539.2017,2389,1364,1024,-1.165114,0.1799999,2.010384
63926389100.3379,1,0,5,1,0,1,2.823087,0,732.772773365653,0,0,0,539.4675,2390,1364,1024,0.1605196,0.1799999,0.6847505
63926389100.6127,1,0,5,1,0,1,2.543087,0,732.772773365653,0,0,0,539.7412,2391,1364,1024,0.1605196,0.1799999,0.6847505
63926389100.9015,1,0,5,1,0,1,2.263088,0,732.772773365653,0,0,0,540.0309,2392,1364,1024,0.1605196,0.1799999,0.6847505
63926389101.1782,1,0,5,1,0,1,1.983088,0,732.772773365653,0,0,0,540.308,2393,1364,1024,0.1605196,0.1799999,0.6847505
63926389101.4572,1,0,5,1,0,1,1.983088,0,732.772773365653,0,1,1,540.308,2394,1364,1024,0.1605196,0.1799999,0.6847505
63926389101.9245,1,0,5,1,0,1,1.983088,0,732.772773365653,0,1,1,540.308,2395,1364,1024,0.1605196,0.1799999,0.6847505
63926389102.3703,1,0,5,1,0,1,1.983088,0,732.772773365653,0,1,1,540.308,2396,1364,1024,0.1605196,0.1799999,0.6847505
63926389102.8488,1,0,5,1,0,1,1.983088,0,732.772773365653,0,1,1,540.308,2397,1364,1024,0.1605196,0.1799999,0.6847505
63926389103.3215,1,0,5,1,0,1,1.983088,0,732.772773365653,0,1,1,540.308,2398,1364,1024,0.1605196,0.1799999,0.6847505
63926389103.8136,1,0,5,1,0,1,1.983088,0,732.772773365653,0,1,1,540.308,2399,1364,1024,0.1605196,0.1799999,0.6847505
63926389104.2942,1,0,5,1,0,1,1.983088,0,732.772773365653,0,1,1,540.308,2400,1364,1024,0.1605196,0.1799999,0.6847505
63926389104.7513,1,0,5,1,0,1,1.643088,0,732.772773365653,0,0,0,540.6414,2401,1364,1024,0.1605196,0.1799999,0.6847505
63926389105.0278,1,0,5,1,0,1,1.363089,0,732.772773365653,0,0,0,540.9203,2402,1364,1024,0.1605196,0.1799999,0.6847505
63926389105.3196,1,0,5,1,0,1,1.083089,0,732.772773365653,0,0,0,541.2118,2403,1364,1024,2.309225,0.9472002,0.7700981
63926389105.6182,1,0,5,1,0,1,0.7830892,0,732.772773365653,0,0,0,541.509,2404,1364,1024,2.539444,0.1799999,0.7792426
63926389105.9332,1,0,5,1,0,1,0.4630895,0,732.772773365653,0,0,0,541.8246,2405,1364,1024,2.539444,0.1799999,0.7792426
63926389106.2231,1,0,5,1,0,1,0.1830897,0,732.772773365653,0,0,0,542.1147,2406,1364,1024,2.539444,0.1799999,0.7792426
63926389106.5936,1,0,5,0,1,1,0,1,839.748108338653,4.998518,1,1,542.4481,2407,1364,1024,2.539444,0.1799999,0.7792426
63926389107.1594,1,0,5,0,1,1,0,1,839.748108338653,4.432652,1,1,542.4481,2407,1364,1024,2.539444,0.1799999,0.7792426
63926389107.4409,1,0,5,0,1,1,0,1,839.748108338653,4.151208,1,1,542.4481,2407,1364,1024,2.539444,0.1799999,0.7792426
63926389107.7147,1,0,5,0,1,1,0,1,839.748108338653,3.877441,1,1,542.4481,2407,1364,1024,2.539444,0.1799999,0.7792426
63926389107.982,1,0,5,0,1,1,0,1,839.748108338653,3.610121,1,1,542.4481,2407,1364,1024,2.539444,0.1799999,0.7792426
63926389108.2431,1,0,5,0,1,1,0,1,839.748108338653,3.348978,1,1,542.4481,2407,1364,1024,2.539444,0.1799999,0.7792426
63926389108.5157,1,0,5,0,1,1,0,1,839.748108338653,3.076356,1,1,542.4481,2407,1364,1024,2.539444,0.1799999,0.7792426
63926389108.7944,1,0,5,0,1,1,0,1,839.748108338653,2.797705,1,1,542.4481,2407,1364,1024,2.539444,0.1799999,0.7792426
63926389109.0608,1,0,5,0,1,1,0,1,839.748108338653,2.531268,1,1,542.4481,2407,1364,1024,2.539444,0.1799999,0.7792426
63926389109.3368,1,0,5,0,1,1,0,1,839.748108338653,2.255313,1,1,542.4481,2407,1364,1024,2.539444,0.1799999,0.7792426
63926389109.6148,1,0,5,0,1,1,0,1,839.748108338653,1.977286,1,1,542.4481,2407,1364,1024,2.539444,0.1799999,0.7792426
63926389109.9017,1,0,5,0,1,1,0,1,839.748108338653,1.690385,1,1,542.4481,2407,1364,1024,2.539444,0.1799999,0.7792426
63926389110.2017,1,0,5,0,1,1,0,1,839.748108338653,1.390473,1,1,542.4481,2407,1364,1024,2.539444,0.1799999,0.7792426
63926389110.4959,1,0,5,0,1,1,0,1,839.748108338653,1.096204,1,1,542.4481,2407,1364,1024,2.539444,0.1799999,0.7792426
63926389110.7892,1,0,5,0,1,1,0,1,839.748108338653,0.8029003,1,1,542.4481,2407,1364,1024,2.539444,0.1799999,0.7792426
63926389111.09,1,0,5,0,1,1,0,1,839.748108338653,0.5021663,1,1,542.4481,2407,1364,1024,2.539444,0.1799999,0.7792426
63926389111.388,1,0,5,0,1,1,0,1,839.748108338653,0.2041054,1,1,542.4481,2407,1364,1024,2.539444,0.1799999,0.7792426
63926389111.6721,1,0,5,0,1,1,0,1,839.748108338653,0,1,1,542.4481,2407,1364,1024,2.539444,0.1799999,0.7792426
63926389111.9651,1,0,6,1,0,1,89.72005,0,839.748108338653,0,0,0,542.7368,2408,1364,1024,-1.8,0.1799999,9
63926389112.2565,1,0,6,1,0,1,89.4201,0,839.748108338653,0,0,0,543.0267,2409,1364,1024,-1.8,1.08,9
63926389112.5509,1,0,6,1,0,1,89.12015,0,839.748108338653,0,0,0,543.3212,2410,1364,1024,-1.8,0.1800019,8.278951
63926389112.8382,1,0,6,1,0,1,88.84019,0,839.748108338653,0,0,0,543.6089,2411,1364,1024,-1.8,0.18,7.269481
63926389113.1039,1,0,6,1,0,1,88.58024,0,839.748108338653,0,0,0,543.8753,2412,1364,1024,-1.8,0.18,6.332116
63926389113.4079,1,0,6,1,0,1,88.28029,0,839.748108338653,0,0,0,544.1786,2413,1364,1024,-1.8,0.18,5.250542
63926389113.6912,1,0,6,1,0,1,87.98034,0,839.748108338653,0,0,0,544.4617,2414,1364,1024,-1.8,0.1799999,5.250542
63926389113.9878,1,0,6,1,0,1,87.70039,0,839.748108338653,0,0,0,544.759,2415,1364,1024,-1.8,0.18,5.923522
63926389114.2939,1,0,6,1,0,1,87.68039,0,839.748108338653,0,0,0,544.7745,2416,1364,1024,-1.8,0,9
63926389114.5925,1,0,6,1,0,1,87.38044,0,839.748108338653,0,0,0,545.0671,2417,1364,1024,-1.8,0.1799999,9
63926389114.8952,1,0,6,1,0,1,87.08049,0,839.748108338653,0,0,0,545.3701,2418,1364,1024,-1.8,0.1799999,9
63926389115.1753,1,0,6,1,0,1,86.80054,0,839.748108338653,0,0,0,545.6522,2419,1364,1024,-1.8,0.1799999,9
63926389115.4805,1,0,6,1,0,1,86.50059,0,839.748108338653,0,0,0,545.9577,2420,1364,1024,-1.8,0.1799999,9
63926389115.7802,1,0,6,1,0,1,86.20064,0,839.748108338653,0,0,0,546.2572,2421,1364,1024,-1.8,0.1799999,9
63926389116.0835,1,0,6,1,0,1,85.88069,0,839.748108338653,0,0,0,546.5608,2422,1364,1024,-1.8,0.1799999,9
63926389116.3668,1,0,6,1,0,1,85.60074,0,839.748108338653,0,0,0,546.8438,2423,1364,1024,-1.8,0.1799999,9
63926389116.6666,1,0,6,1,0,1,85.30079,0,839.748108338653,0,0,0,547.1431,2424,1364,1024,-1.8,0.1799999,9
63926389116.9662,1,0,6,1,0,1,85.00084,0,839.748108338653,0,0,0,547.4437,2425,1364,1024,-1.8,0.1799999,9
63926389117.2641,1,0,6,1,0,1,84.72089,0,839.748108338653,0,0,0,547.7394,2426,1364,1024,-1.8,0.1799999,9
63926389117.556,1,0,6,1,0,1,84.70089,0,839.748108338653,0,0,0,547.7542,2427,1364,1024,-1.8,0.1799999,9
63926389117.8434,1,0,6,1,0,1,84.42094,0,839.748108338653,0,0,0,548.0366,2428,1364,1024,-1.8,0.1799999,9
63926389118.1282,1,0,6,1,0,1,84.12099,0,839.748108338653,0,0,0,548.322,2429,1364,1024,-1.8,0.1799999,9
63926389118.4214,1,0,6,1,0,1,83.84103,0,839.748108338653,0,0,0,548.6144,2430,1364,1024,-1.8,0.1799999,9
63926389118.717,1,0,6,1,0,1,83.82104,0,839.748108338653,0,0,0,548.6295,2431,1364,1024,-1.8,0.1799999,9
63926389119.0293,1,0,6,1,0,1,83.52109,0,839.748108338653,0,0,0,548.9374,2432,1364,1024,-1.8,0.1799999,9
63926389119.3143,1,0,6,1,0,1,83.22114,0,839.748108338653,0,0,0,549.2211,2433,1364,1024,-1.8,0.1799999,9
63926389119.5847,1,0,6,1,0,1,82.96118,0,839.748108338653,0,0,0,549.4938,2434,1364,1024,-1.8,0.1799999,9
63926389119.8628,1,0,6,1,0,1,82.68123,0,839.748108338653,0,0,0,549.769,2435,1364,1024,-1.8,0.1799999,9
63926389120.1513,1,0,6,1,0,1,82.38128,0,839.748108338653,0,0,0,550.06,2436,1364,1024,-1.8,0.1799999,9
63926389120.4302,1,0,6,1,0,1,82.12132,0,839.748108338653,0,0,0,550.3392,2437,1364,1024,-1.8,0.1799999,9
63926389120.7178,1,0,6,1,0,1,81.82137,0,839.748108338653,0,0,0,550.6237,2438,1364,1024,-1.8,0.18,8.278951
63926389121.0031,1,0,6,1,0,1,81.54142,0,839.748108338653,0,0,0,550.9107,2439,1364,1024,-1.8,0.18,7.269481
63926389121.2736,1,0,6,1,0,1,81.26147,0,839.748108338653,0,0,0,551.1825,2440,1364,1024,-1.8,0.18,6.260011
63926389121.5706,1,0,6,1,0,1,80.98151,0,839.748108338653,0,0,0,551.4789,2441,1364,1024,-1.8,0.18,5.250542
63926389121.8486,1,0,6,1,0,1,80.70156,0,839.748108338653,0,0,0,551.7572,2442,1364,1024,-1.8,0.1799999,5.250542
63926389122.1609,1,0,6,1,0,1,80.68156,0,839.748108338653,0,0,0,551.773,2443,1364,1024,-1.8,0,9
63926389122.4589,1,0,6,1,0,1,80.38161,0,839.748108338653,0,0,0,552.0678,2444,1364,1024,-1.8,0.1799999,9
63926389122.7645,1,0,6,1,0,1,80.08167,0,839.748108338653,0,0,0,552.3698,2445,1364,1024,-1.8,0.1799999,9
63926389123.0741,1,0,6,1,0,1,79.76172,0,839.748108338653,0,0,0,552.6824,2446,1364,1024,-1.8,0.1799999,9
63926389123.4085,1,0,6,1,0,1,79.44177,0,839.748108338653,0,0,0,553.0157,2447,1364,1024,-1.8,0.1799999,9
63926389123.7033,1,0,6,1,0,1,79.14182,0,839.748108338653,0,0,0,553.3112,2448,1364,1024,-1.8,0.1799999,9
63926389124.0059,1,0,6,1,0,1,78.84187,0,839.748108338653,0,0,0,553.6119,2449,1364,1024,-1.8,0.1799999,9
63926389124.2979,1,0,6,1,0,1,78.54192,0,839.748108338653,0,0,0,553.9052,2450,1364,1024,-1.8,0.1799999,9
63926389124.5951,1,0,6,1,0,1,78.24197,0,839.748108338653,0,0,0,554.2014,2451,1364,1024,-1.8,0.1799999,9
63926389124.8852,1,0,6,1,0,1,77.96202,0,839.748108338653,0,0,0,554.4928,2452,1364,1024,-1.8,0.1799999,9
63926389125.1999,1,0,6,1,0,1,77.64207,0,839.748108338653,0,0,0,554.804,2453,1364,1024,-1.8,0.1799999,9
63926389125.5,1,0,6,1,0,1,77.34212,0,839.748108338653,0,0,0,555.106,2454,1364,1024,-1.8,0.1799999,9
63926389125.7819,1,0,6,1,0,1,77.06217,0,839.748108338653,0,0,0,555.3876,2455,1364,1024,-1.8,0.1799999,9
63926389126.0711,1,0,6,1,0,1,76.78222,0,839.748108338653,0,0,0,555.6767,2456,1364,1024,-1.8,0.1799999,9
63926389126.3589,1,0,6,1,0,1,76.48227,0,839.748108338653,0,0,0,555.9639,2457,1364,1024,-1.8,0.1799999,9
63926389126.6486,1,0,6,1,0,1,76.20232,0,839.748108338653,0,0,0,556.2544,2458,1364,1024,-1.8,0.1799999,9
63926389126.9272,1,0,6,1,0,1,75.92236,0,839.748108338653,0,0,0,556.534,2459,1364,1024,-1.8,0.1799999,9
63926389127.2205,1,0,6,1,0,1,75.62241,0,839.748108338653,0,0,0,556.828,2460,1364,1024,-1.8,0.1799999,9
63926389127.5137,1,0,6,1,0,1,75.32246,0,839.748108338653,0,0,0,557.1204,2461,1364,1024,-1.8,0.1799999,9
63926389127.8002,1,0,6,1,0,1,75.04251,0,839.748108338653,0,0,0,557.4068,2462,1364,1024,-1.8,0.1799999,9
63926389128.1153,1,0,6,1,0,1,74.72256,0,839.748108338653,0,0,0,557.7206,2463,1364,1024,-1.8,0.18,8.230881
63926389128.4267,1,0,6,1,0,1,74.42262,0,839.748108338653,0,0,0,558.0307,2464,1364,1024,-2.227736,0.1800001,7.758784
63926389128.7267,1,0,6,1,0,1,74.12267,0,839.748108338653,0,0,0,558.3322,2465,1364,1024,-2.391373,0.18,7.291144
63926389129.0117,1,0,6,1,0,1,73.84271,0,839.748108338653,0,0,0,558.6166,2466,1364,1024,-2.355871,0.18,6.470139
63926389129.3041,1,0,6,1,0,1,73.82272,0,839.748108338653,0,0,0,558.6315,2467,1364,1024,-1.8,0,9
63926389129.5947,1,0,6,1,0,1,73.54276,0,839.748108338653,0,0,0,558.9175,2468,1364,1024,-1.8,0.1799999,9
63926389129.8898,1,0,6,1,0,1,73.24281,0,839.748108338653,0,0,0,559.2118,2469,1364,1024,-1.8,0.1799999,9
63926389130.1768,1,0,6,1,0,1,72.94286,0,839.748108338653,0,0,0,559.5006,2470,1364,1024,-1.8,0.1799999,9
63926389130.4922,1,0,6,1,0,1,72.64291,0,839.748108338653,0,0,0,559.8143,2471,1364,1024,-1.8,0.1799999,9
63926389130.8008,1,0,6,1,0,1,72.32297,0,839.748108338653,0,0,0,560.1234,2472,1364,1024,-1.8,0.1799999,9
63926389131.1054,1,0,6,1,0,1,72.02302,0,839.748108338653,0,0,0,560.4288,2473,1364,1024,-1.8,0.1799999,9
63926389131.4106,1,0,6,1,0,1,71.72307,0,839.748108338653,0,0,0,560.733,2474,1364,1024,-1.8,0.1799999,9
63926389131.721,1,0,6,1,0,1,71.40312,0,839.748108338653,0,0,0,561.044,2475,1364,1024,-1.8,0.1799999,9
63926389132.0571,1,0,6,1,0,1,71.08318,0,839.748108338653,0,0,0,561.3773,2476,1364,1024,-1.8,0.1799999,9
63926389132.356,1,0,6,1,0,1,70.78323,0,839.748108338653,0,0,0,561.6782,2477,1364,1024,-1.8,0.1799999,9
63926389132.6572,1,0,6,1,0,1,70.46328,0,839.748108338653,0,0,0,561.9799,2478,1364,1024,-1.8,0.1799999,9
63926389132.9506,1,0,6,1,0,1,70.18333,0,839.748108338653,0,0,0,562.2731,2479,1364,1024,-1.8,0.1799999,9
63926389133.2386,1,0,6,1,0,1,70.16333,0,839.748108338653,0,0,0,562.2877,2480,1364,1024,-1.8,0.1799999,9
63926389133.5251,1,0,6,1,0,1,69.88338,0,839.748108338653,0,0,0,562.5696,2481,1364,1024,-1.8,0.1799999,9
63926389133.8231,1,0,6,1,0,1,69.58343,0,839.748108338653,0,0,0,562.8687,2482,1364,1024,-1.8,0.1799999,9
63926389134.135,1,0,6,1,0,1,69.28348,0,839.748108338653,0,0,0,563.1782,2483,1364,1024,-1.8,0.1799999,9
63926389134.4506,1,0,6,1,0,1,68.96353,0,839.748108338653,0,0,0,563.4948,2484,1364,1024,-1.8,0.1799999,9
63926389134.7561,1,0,6,1,0,1,68.64359,0,839.748108338653,0,0,0,563.8016,2485,1364,1024,-1.8,0.1799999,9
63926389135.0396,1,0,6,1,0,1,68.36363,0,839.748108338653,0,0,0,564.0862,2486,1364,1024,-1.8,0.1799999,9
63926389135.3267,1,0,6,1,0,1,68.08368,0,839.748108338653,0,0,0,564.3715,2487,1364,1024,-1.324131,0.1799999,8.524132
63926389135.6208,1,0,6,1,0,1,67.78373,0,839.748108338653,0,0,0,564.6668,2488,1364,1024,-0.6030816,0.18,8.524132
63926389135.9175,1,0,6,1,0,1,67.48378,0,839.748108338653,0,0,0,564.9627,2489,1364,1024,-0.0932225,0.1799999,8.014273
63926389136.203,1,0,6,1,0,1,67.20383,0,839.748108338653,0,0,0,565.2469,2490,1364,1024,-0.0932225,0.1799999,8.014273
63926389136.5141,1,0,6,1,0,1,66.90388,0,839.748108338653,0,0,0,565.5586,2491,1364,1024,-0.0932225,0.1799999,8.014273
63926389136.8166,1,0,6,1,0,1,66.58393,0,839.748108338653,0,0,0,565.8624,2492,1364,1024,-0.0932225,0.1799999,8.014273
63926389137.113,1,0,6,1,0,1,66.30398,0,839.748108338653,0,0,0,566.1589,2493,1364,1024,-0.0932225,0.1799999,8.014273
63926389137.406,1,0,6,1,0,1,66.00403,0,839.748108338653,0,0,0,566.4507,2494,1364,1024,-0.0932225,0.1799999,8.014273
63926389137.6845,1,0,6,1,0,1,65.72408,0,839.748108338653,0,0,0,566.7305,2495,1364,1024,-0.0932225,0.1799999,8.014273
63926389137.9666,1,0,6,1,0,1,65.44412,0,839.748108338653,0,0,0,567.012,2496,1364,1024,-0.0932225,0.18,7.341292
63926389138.258,1,0,6,1,0,1,65.14417,0,839.748108338653,0,0,0,567.3032,2497,1364,1024,-0.8142722,0.18,7.341292
63926389138.5582,1,0,6,1,0,1,64.84422,0,839.748108338653,0,0,0,567.6027,2498,1364,1024,-1.535322,0.18,7.341292
63926389138.8377,1,0,6,1,0,1,64.84422,0,839.748108338653,0,1,1,567.6027,2499,1364,1024,-1.535322,0.18,7.341292
63926389139.3228,1,0,6,1,0,1,64.84422,0,839.748108338653,0,1,1,567.6027,2500,1364,1024,-1.535322,0.18,7.341292
63926389139.8293,1,0,6,1,0,1,64.84422,0,839.748108338653,0,1,1,567.6027,2501,1364,1024,-1.535322,0.18,7.341292
63926389140.3084,1,0,6,1,0,1,64.84422,0,839.748108338653,0,1,1,567.6027,2502,1364,1024,-1.535322,0.18,7.341292
63926389140.7802,1,0,6,1,0,1,64.84422,0,839.748108338653,0,1,1,567.6027,2503,1364,1024,-1.535322,0.18,7.341292
63926389141.2232,1,0,6,1,0,1,64.84422,0,839.748108338653,0,1,1,567.6027,2504,1364,1024,-1.535322,0.18,7.341292
63926389141.6824,1,0,6,1,0,1,64.84422,0,839.748108338653,0,1,1,567.6027,2505,1364,1024,-1.535322,0.18,7.341292
63926389142.1479,1,0,6,1,0,1,64.84422,0,839.748108338653,0,1,1,567.6027,2506,1364,1024,-1.535322,0.18,7.341292
63926389142.6456,1,0,6,1,0,1,64.52428,0,839.748108338653,0,0,0,567.9361,2507,1364,1024,-1.535322,0.18,7.341292
63926389142.962,1,0,6,1,0,1,64.20433,0,839.748108338653,0,0,0,568.249,2508,1364,1024,-1.535322,0.18,7.341292
63926389143.2566,1,0,6,1,0,1,63.90436,0,839.748108338653,0,0,0,568.5471,2509,1364,1024,-0.8142722,0.18,7.341292
63926389143.5507,1,0,6,1,0,1,63.60435,0,839.748108338653,0,0,0,568.8409,2510,1364,1024,-0.0932225,0.18,7.341292
63926389143.8154,1,0,6,1,0,1,63.34435,0,839.748108338653,0,0,0,569.1052,2511,1364,1024,-0.0932225,0.1799999,7.341292
63926389144.0949,1,0,6,1,0,1,63.06434,0,839.748108338653,0,0,0,569.3839,2512,1364,1024,-0.569091,0.18,6.865424
63926389144.3632,1,0,6,1,0,1,62.80434,0,839.748108338653,0,0,0,569.6532,2513,1364,1024,-0.3516983,0.1799999,6.609228
63926389144.6472,1,0,6,1,0,1,62.52433,0,839.748108338653,0,0,0,569.9359,2514,1364,1024,0.3212818,0.18,6.609228
63926389144.9146,1,0,6,1,0,1,62.24432,0,839.748108338653,0,0,0,570.2031,2515,1364,1024,0.9942619,0.18,6.609227
63926389145.2054,1,0,6,1,0,1,61.96432,0,839.748108338653,0,0,0,570.4953,2516,1364,1024,1.667242,0.18,6.609227
63926389145.5061,1,0,6,1,0,1,61.66431,0,839.748108338653,0,0,0,570.7957,2517,1364,1024,2.388292,0.18,6.609226
63926389145.7972,1,0,6,1,0,1,61.3643,0,839.748108338653,0,0,0,571.0878,2518,1364,1024,3.109342,0.18,6.609226
63926389146.06,1,0,6,1,0,1,61.1043,0,839.748108338653,0,0,0,571.351,2519,1364,1024,3.55122,0.18,7.051104
63926389146.3217,1,0,6,1,0,1,60.84429,0,839.748108338653,0,0,0,571.61,2520,1364,1024,4.17613,0.18,7.051103
63926389146.5997,1,0,6,1,0,1,60.56429,0,839.748108338653,0,0,0,571.8882,2521,1364,1024,4.17613,0.1799999,7.051103
63926389146.8772,1,0,6,1,0,1,60.28428,0,839.748108338653,0,0,0,572.1656,2522,1364,1024,3.700262,0.18,6.575234
63926389147.1411,1,0,6,1,0,1,60.02427,0,839.748108338653,0,0,0,572.4308,2523,1364,1024,3.037446,0.18,5.912417
63926389147.4183,1,0,6,1,0,1,59.74427,0,839.748108338653,0,0,0,572.7076,2524,1364,1024,2.027976,0.18,5.912416
63926389147.7026,1,0,6,1,0,1,59.46426,0,839.748108338653,0,0,0,572.993,2525,1364,1024,1.314174,0.18,5.198614
63926389147.9903,1,0,6,1,0,1,59.16425,0,839.748108338653,0,0,0,573.2806,2526,1364,1024,0.2325998,0.18,5.198613
63926389148.2645,1,0,6,1,0,1,58.90425,0,839.748108338653,0,0,0,573.5527,2527,1364,1024,-0.3923097,0.18,5.198613
63926389148.542,1,0,6,1,0,1,58.62424,0,839.748108338653,0,0,0,573.8287,2528,1364,1024,-1.065289,0.18,5.198612
63926389148.8252,1,0,6,1,0,1,58.34423,0,839.748108338653,0,0,0,574.1152,2529,1364,1024,-2.909978,0.18,5.198612
63926389149.1182,1,0,6,1,0,1,58.04423,0,839.748108338653,0,0,0,574.4075,2530,1364,1024,-3.201163,0.18,5.198612
63926389149.4109,1,0,6,1,0,1,57.74422,0,839.748108338653,0,0,0,574.7016,2531,1364,1024,-3.379613,0.1800001,5.377062
63926389149.7184,1,0,6,1,0,1,57.44421,0,839.748108338653,0,0,0,575.006,2532,1364,1024,-3.823191,0.18,5.82064
63926389150.0038,1,0,6,1,0,1,57.16421,0,839.748108338653,0,0,0,575.2926,2533,1364,1024,-4.299059,0.18,6.296508
63926389150.2985,1,0,6,1,0,1,57.14421,0,839.748108338653,0,0,0,575.3076,2534,1364,1024,-4.33305,0.1800001,6.330499
63926389150.6007,1,0,6,1,0,1,56.8442,0,839.748108338653,0,0,0,575.6074,2535,1364,1024,-4.842909,0.18,6.840358
63926389150.9254,1,0,6,1,0,1,56.52419,0,839.748108338653,0,0,0,575.9305,2536,1364,1024,-5.386759,0.18,7.384208
63926389151.1857,1,0,6,1,0,1,56.26419,0,839.748108338653,0,0,0,576.1931,2537,1364,1024,-5.386759,0.1799999,7.384208
63926389151.4911,1,0,6,1,0,1,55.96418,0,839.748108338653,0,0,0,576.4969,2538,1364,1024,-4.8769,0.18,6.874349
63926389151.777,1,0,6,1,0,1,55.66417,0,839.748108338653,0,0,0,576.7833,2539,1364,1024,-4.8769,0.1799999,6.874349
63926389152.0561,1,0,6,1,0,1,55.38417,0,839.748108338653,0,0,0,577.0621,2540,1364,1024,-5.352768,0.1799999,7.350217
63926389152.3354,1,0,6,1,0,1,55.10416,0,839.748108338653,0,0,0,577.3428,2541,1364,1024,-5.828637,0.1799999,7.826086
63926389152.6305,1,0,6,1,0,1,54.82415,0,839.748108338653,0,0,0,577.6379,2542,1364,1024,-5.828637,0.1799999,7.826086
63926389152.9122,1,0,6,1,0,1,54.54415,0,839.748108338653,0,0,0,577.919,2543,1364,1024,-5.828637,0.1799999,7.826086
63926389153.1919,1,0,6,1,0,1,54.26414,0,839.748108338653,0,0,0,578.1979,2544,1364,1024,-5.828637,0.1799999,7.826086
63926389153.4753,1,0,6,1,0,1,53.96413,0,839.748108338653,0,0,0,578.4818,2545,1364,1024,-5.828637,0.1799999,7.826086
63926389153.7564,1,0,6,1,0,1,53.68413,0,839.748108338653,0,0,0,578.7634,2546,1364,1024,-5.828637,0.1799999,7.826086
63926389154.0467,1,0,6,1,0,1,53.40412,0,839.748108338653,0,0,0,579.0529,2547,1364,1024,-5.828637,0.1799999,7.826086
63926389154.338,1,0,6,1,0,1,53.10411,0,839.748108338653,0,0,0,579.3448,2548,1364,1024,-5.828637,0.1799999,7.826086
63926389154.6271,1,0,6,1,0,1,52.82411,0,839.748108338653,0,0,0,579.6339,2549,1364,1024,-5.828637,0.1799999,7.826086
63926389154.9065,1,0,6,1,0,1,52.5441,0,839.748108338653,0,0,0,579.9128,2550,1364,1024,-5.352768,0.1799999,7.350217
63926389155.1936,1,0,6,1,0,1,52.24409,0,839.748108338653,0,0,0,580.1999,2551,1364,1024,-4.842909,0.18,6.840358
63926389155.4737,1,0,6,1,0,1,51.96409,0,839.748108338653,0,0,0,580.48,2552,1364,1024,-4.367041,0.18,6.36449
63926389155.7794,1,0,6,1,0,1,51.66408,0,839.748108338653,0,0,0,580.7841,2553,1364,1024,-3.857181,0.1799999,5.85463
63926389156.0743,1,0,6,1,0,1,51.38408,0,839.748108338653,0,0,0,581.0795,2554,1364,1024,-3.381313,0.1799999,5.378762
63926389156.3589,1,0,6,1,0,1,51.08407,0,839.748108338653,0,0,0,581.3644,2555,1364,1024,-2.871454,0.18,4.868903
63926389156.6629,1,0,6,1,0,1,50.78406,0,839.748108338653,0,0,0,581.6667,2556,1364,1024,-2.361594,0.1799999,4.359044
63926389156.956,1,0,6,1,0,1,50.48405,0,839.748108338653,0,0,0,581.9612,2557,1364,1024,-1.851735,0.1799999,3.849185
63926389157.2343,1,0,6,1,0,1,50.20405,0,839.748108338653,0,0,0,582.2404,2558,1364,1024,-1.375867,0.1799999,3.373316
63926389157.5298,1,0,6,1,0,1,49.92404,0,839.748108338653,0,0,0,582.5361,2559,1364,1024,-0.6620641,0.1799999,2.659513
63926389157.8287,1,0,6,1,0,1,49.62403,0,839.748108338653,0,0,0,582.834,2560,1364,1024,0.7610849,0.1799999,1.236364
63926389158.1176,1,0,6,1,0,1,49.32403,0,839.748108338653,0,0,0,583.1241,2561,1364,1024,1.038574,0.1799999,0.9588747
63926389158.4127,1,0,6,1,0,1,49.04402,0,839.748108338653,0,0,0,583.4179,2562,1364,1024,1.205128,0.1799999,1.125429
63926389158.7055,1,0,6,1,0,1,49.02402,0,839.748108338653,0,0,0,583.4328,2563,1364,1024,1.217025,0.1799999,1.137325
63926389158.9887,1,0,6,1,0,1,48.74401,0,839.748108338653,0,0,0,583.712,2564,1364,1024,1.648706,0.1799999,1.569006
63926389159.2934,1,0,6,1,0,1,48.44401,0,839.748108338653,0,0,0,584.0161,2565,1364,1024,2.158565,0.1799999,2.078865
63926389159.5861,1,0,6,1,0,1,48.144,0,839.748108338653,0,0,0,584.3076,2566,1364,1024,2.668424,0.1799999,1.569006
63926389159.8507,1,0,6,1,0,1,48.124,0,839.748108338653,0,0,0,584.3211,2567,1364,1024,-1.8,0,9
63926389160.1395,1,0,6,1,0,1,47.84399,0,839.748108338653,0,0,0,584.605,2568,1364,1024,-1.8,0.1799999,9
63926389160.4479,1,0,6,1,0,1,47.54399,0,839.748108338653,0,0,0,584.9137,2569,1364,1024,-1.8,0.1799999,9
63926389160.7494,1,0,6,1,0,1,47.24398,0,839.748108338653,0,0,0,585.2157,2570,1364,1024,-1.8,0.1799999,9
63926389161.024,1,0,6,1,0,1,46.96397,0,839.748108338653,0,0,0,585.4907,2571,1364,1024,-1.8,0.1799999,9
63926389161.3183,1,0,6,1,0,1,46.66397,0,839.748108338653,0,0,0,585.7841,2572,1364,1024,-1.8,0.1799999,9
63926389161.6015,1,0,6,1,0,1,46.38396,0,839.748108338653,0,0,0,586.0684,2573,1364,1024,-1.8,0.1799999,9
63926389161.8925,1,0,6,1,0,1,46.10395,0,839.748108338653,0,0,0,586.3589,2574,1364,1024,-1.8,0.1799999,9
63926389162.1751,1,0,6,1,0,1,45.80395,0,839.748108338653,0,0,0,586.643,2575,1364,1024,-1.8,0.1799999,9
63926389162.4594,1,0,6,1,0,1,45.52394,0,839.748108338653,0,0,0,586.9254,2576,1364,1024,-1.8,0.1799999,9
63926389162.7476,1,0,6,1,0,1,45.24393,0,839.748108338653,0,0,0,587.2135,2577,1364,1024,-1.8,0.1799999,9
63926389163.0353,1,0,6,1,0,1,44.94393,0,839.748108338653,0,0,0,587.5012,2578,1364,1024,-1.8,0.1799999,9
63926389163.3155,1,0,6,1,0,1,44.66392,0,839.748108338653,0,0,0,587.7827,2579,1364,1024,-1.8,0.1799999,9
63926389163.5985,1,0,6,1,0,1,44.38391,0,839.748108338653,0,0,0,588.0641,2580,1364,1024,-1.8,0.1799999,9
63926389163.8835,1,0,6,1,0,1,44.10391,0,839.748108338653,0,0,0,588.3497,2581,1364,1024,-1.8,0.1799999,9
63926389164.1544,1,0,6,1,0,1,43.8239,0,839.748108338653,0,0,0,588.6214,2582,1364,1024,-1.8,0.1799999,9
63926389164.4417,1,0,6,1,0,1,43.5439,0,839.748108338653,0,0,0,588.9069,2583,1364,1024,-1.8,0.1799999,9
63926389164.7315,1,0,6,1,0,1,43.26389,0,839.748108338653,0,0,0,589.1971,2584,1364,1024,-1.8,0.1799999,9
63926389165.0292,1,0,6,1,0,1,42.96388,0,839.748108338653,0,0,0,589.4957,2585,1364,1024,-1.8,0.1799999,9
63926389165.3292,1,0,6,1,0,1,42.66388,0,839.748108338653,0,0,0,589.7944,2586,1364,1024,-1.8,0.1799999,9
63926389165.6648,1,0,6,1,0,1,42.32387,0,839.748108338653,0,0,0,590.1277,2587,1364,1024,-1.8,0.1799999,9
63926389165.9839,1,0,6,1,0,1,42.30387,0,839.748108338653,0,0,0,590.1439,2588,1364,1024,-1.833991,0.18,8.966009
63926389166.2706,1,0,6,1,0,1,42.02386,0,839.748108338653,0,0,0,590.4261,2589,1364,1024,-2.309859,0.18,8.490141
63926389166.5912,1,0,6,1,0,1,41.70385,0,839.748108338653,0,0,0,590.7454,2590,1364,1024,-3.125634,0.18,7.674366
63926389166.8948,1,0,6,1,0,1,41.40385,0,839.748108338653,0,0,0,591.05,2591,1364,1024,-3.890422,0.18,6.909577
63926389167.189,1,0,6,1,0,1,41.10384,0,839.748108338653,0,0,0,591.3445,2592,1364,1024,-4.655211,0.1799999,7.674366
63926389167.4858,1,0,6,1,0,1,40.80383,0,839.748108338653,0,0,0,591.6425,2593,1364,1024,-4.655211,0.18,8.395416
63926389167.7744,1,0,6,1,0,1,40.52383,0,839.748108338653,0,0,0,591.9297,2594,1364,1024,-4.655211,0.18,8.395416
63926389168.0996,1,0,6,1,0,1,40.20382,0,839.748108338653,0,0,0,592.2562,2595,1364,1024,-4.655211,0.18,8.395416
63926389168.4549,1,0,6,1,0,1,39.86381,0,839.748108338653,0,0,0,592.5895,2596,1364,1024,-4.655211,0.18,8.395416
63926389168.7516,1,0,6,1,0,1,39.5638,0,839.748108338653,0,0,0,592.8867,2597,1364,1024,-4.655211,0.18,8.395416
63926389169.0401,1,0,6,1,0,1,39.2838,0,839.748108338653,0,0,0,593.1761,2598,1364,1024,-4.655211,0.18,8.395416
63926389169.3186,1,0,6,1,0,1,39.00379,0,839.748108338653,0,0,0,593.4545,2599,1364,1024,-4.655211,0.18,8.395416
63926389169.6399,1,0,6,1,0,1,38.68378,0,839.748108338653,0,0,0,593.7723,2600,1364,1024,-5.424331,0.18,8.395416
63926389169.928,1,0,6,1,0,1,38.38378,0,839.748108338653,0,0,0,594.0634,2601,1364,1024,-5.424331,0.1799999,8.395416
63926389170.2453,1,0,6,1,0,1,38.08377,0,839.748108338653,0,0,0,594.3759,2602,1364,1024,-4.703281,0.18,8.395416
63926389170.543,1,0,6,1,0,1,37.78376,0,839.748108338653,0,0,0,594.6776,2603,1364,1024,-3.982231,0.18,8.395416
63926389170.8295,1,0,6,1,0,1,37.48376,0,839.748108338653,0,0,0,594.9655,2604,1364,1024,-3.261182,0.18,8.395416
63926389171.1325,1,0,6,1,0,1,37.18375,0,839.748108338653,0,0,0,595.2673,2605,1364,1024,-2.540132,0.18,8.395416
63926389171.4488,1,0,6,1,0,1,36.86374,0,839.748108338653,0,0,0,595.5815,2606,1364,1024,-1.771012,0.18,8.395416
63926389171.7323,1,0,6,1,0,1,36.58374,0,839.748108338653,0,0,0,595.8644,2607,1364,1024,-1.098032,0.18,8.395416
63926389172.0273,1,0,6,1,0,1,36.28373,0,839.748108338653,0,0,0,596.1619,2608,1364,1024,-0.7290804,0.18,8.363574
63926389172.3162,1,0,6,1,0,1,36.00372,0,839.748108338653,0,0,0,596.4507,2609,1364,1024,-0.1080171,0.1800001,8.376495
63926389172.5919,1,0,6,1,0,1,35.72372,0,839.748108338653,0,0,0,596.7263,2610,1364,1024,0.5649627,0.1800001,8.376495
63926389172.8729,1,0,6,1,0,1,35.44371,0,839.748108338653,0,0,0,597.0093,2611,1364,1024,1.237942,0.1800001,8.376495
63926389173.1786,1,0,6,1,0,1,35.1437,0,839.748108338653,0,0,0,597.3133,2612,1364,1024,1.300939,0.1800001,7.70737
63926389173.4759,1,0,6,1,0,1,34.8437,0,839.748108338653,0,0,0,597.6116,2613,1364,1024,1.062449,0.1800001,7.239134
63926389173.7592,1,0,6,1,0,1,34.56369,0,839.748108338653,0,0,0,597.8937,2614,1364,1024,1.062449,0.1800001,6.566154
63926389174.0612,1,0,6,1,0,1,34.26368,0,839.748108338653,0,0,0,598.1951,2615,1364,1024,1.062449,0.1800001,5.48458
63926389174.3439,1,0,6,1,0,1,34.24368,0,839.748108338653,0,0,0,598.2096,2616,1364,1024,1.062449,0.1800001,5.412475
63926389174.6347,1,0,6,1,0,1,33.96368,0,839.748108338653,0,0,0,598.4957,2617,1364,1024,1.062449,0.1800001,4.403006
63926389174.9327,1,0,6,1,0,1,33.66367,0,839.748108338653,0,0,0,598.7941,2618,1364,1024,1.062449,0.1800001,3.321431
63926389175.2254,1,0,6,1,0,1,33.36366,0,839.748108338653,0,0,0,599.0875,2619,1364,1024,0.2976604,0.1800001,2.556642
63926389175.5028,1,0,6,1,0,1,33.08366,0,839.748108338653,0,0,0,599.3651,2620,1364,1024,-0.8401778,0.1800001,1.183261
63926389175.7935,1,0,6,1,0,1,32.80365,0,839.748108338653,0,0,0,599.6553,2621,1364,1024,-0.8669618,0.1799999,1.156477
63926389176.0727,1,0,6,1,0,1,32.52364,0,839.748108338653,0,0,0,599.9349,2622,1364,1024,-0.8669618,0.1799999,1.156477
63926389176.3732,1,0,6,1,0,1,32.50364,0,839.748108338653,0,0,0,599.9501,2623,1364,1024,-1.8,0,9
63926389176.6573,1,0,6,1,0,1,32.22364,0,839.748108338653,0,0,0,600.2305,2624,1364,1024,-1.8,0.1799999,9
63926389176.9601,1,0,6,1,0,1,31.92363,0,839.748108338653,0,0,0,600.5335,2625,1364,1024,-1.8,0.1799999,9
63926389177.248,1,0,6,1,0,1,31.62362,0,839.748108338653,0,0,0,600.8201,2626,1364,1024,-1.8,0.1799999,9
63926389177.5336,1,0,6,1,0,1,31.34362,0,839.748108338653,0,0,0,601.1074,2627,1364,1024,-1.8,0.1799999,9
63926389177.8117,1,0,6,1,0,1,31.06361,0,839.748108338653,0,0,0,601.3852,2628,1364,1024,-1.8,0.1799999,9
63926389178.1044,1,0,6,1,0,1,30.7836,0,839.748108338653,0,0,0,601.6777,2629,1364,1024,-1.8,0.1799999,9
63926389178.3748,1,0,6,1,0,1,30.5036,0,839.748108338653,0,0,0,601.9481,2630,1364,1024,-1.8,0.1799999,9
63926389178.6432,1,0,6,1,0,1,30.24359,0,839.748108338653,0,0,0,602.2171,2631,1364,1024,-1.8,0.1799999,9
63926389178.9289,1,0,6,1,0,1,29.94358,0,839.748108338653,0,0,0,602.5019,2632,1364,1024,-1.8,0.1799999,9
63926389179.222,1,0,6,1,0,1,29.66358,0,839.748108338653,0,0,0,602.7953,2633,1364,1024,-1.8,0.1799999,9
63926389179.5037,1,0,6,1,0,1,29.38357,0,839.748108338653,0,0,0,603.0776,2634,1364,1024,-1.8,0.1799999,9
63926389179.784,1,0,6,1,0,1,29.10357,0,839.748108338653,0,0,0,603.3577,2635,1364,1024,-1.8,0.1799999,9
63926389180.0708,1,0,6,1,0,1,28.80356,0,839.748108338653,0,0,0,603.6433,2636,1364,1024,-1.8,0.1799999,9
63926389180.3461,1,0,6,1,0,1,28.52355,0,839.748108338653,0,0,0,603.9198,2637,1364,1024,-1.8,0.1799999,9
63926389180.6142,1,0,6,1,0,1,28.26355,0,839.748108338653,0,0,0,604.188,2638,1364,1024,-1.8,0.1799999,9
63926389180.8836,1,0,6,1,0,1,28.00354,0,839.748108338653,0,0,0,604.4561,2639,1364,1024,-1.8,0.1799999,9
63926389181.1612,1,0,6,1,0,1,27.72353,0,839.748108338653,0,0,0,604.7342,2640,1364,1024,-1.8,0.1799999,9
63926389181.4684,1,0,6,1,0,1,27.40353,0,839.748108338653,0,0,0,605.041,2641,1364,1024,-1.8,0.1799999,9
63926389181.7695,1,0,6,1,0,1,27.10352,0,839.748108338653,0,0,0,605.3427,2642,1364,1024,-1.8,0.1799999,9
63926389182.0506,1,0,6,1,0,1,26.82351,0,839.748108338653,0,0,0,605.6238,2643,1364,1024,-2.275868,0.18,8.524132
63926389182.3287,1,0,6,1,0,1,26.82351,0,839.748108338653,0,0,0,605.6379,2644,1364,1024,-2.275868,0.18,8.524132
63926389182.6205,1,0,6,1,0,1,26.52351,0,839.748108338653,0,0,0,605.9256,2645,1364,1024,-2.996918,0.18,8.524132
63926389182.9126,1,0,6,1,0,1,26.2435,0,839.748108338653,0,0,0,606.2169,2646,1364,1024,-3.472787,0.18,8.048263
63926389183.1917,1,0,6,1,0,1,25.96349,0,839.748108338653,0,0,0,606.497,2647,1364,1024,-3.472787,0.18,8.048263
63926389183.4806,1,0,6,1,0,1,25.66349,0,839.748108338653,0,0,0,606.7863,2648,1364,1024,-3.472787,0.18,8.048263
63926389183.7591,1,0,6,1,0,1,25.38348,0,839.748108338653,0,0,0,607.0647,2649,1364,1024,-3.472787,0.18,8.048263
63926389184.0323,1,0,6,1,0,1,25.12347,0,839.748108338653,0,0,0,607.3386,2650,1364,1024,-3.472787,0.18,8.048263
63926389184.3363,1,0,6,1,0,1,24.82347,0,839.748108338653,0,0,0,607.6349,2651,1364,1024,-3.472787,0.18,8.048263
63926389184.6036,1,0,6,1,0,1,24.54346,0,839.748108338653,0,0,0,607.9073,2652,1364,1024,-2.996918,0.18,7.572394
63926389184.878,1,0,6,1,0,1,24.26345,0,839.748108338653,0,0,0,608.1823,2653,1364,1024,-2.996918,0.18,6.899415
63926389185.1552,1,0,6,1,0,1,23.98345,0,839.748108338653,0,0,0,608.4609,2654,1364,1024,-2.996918,0.18,6.226435
63926389185.4365,1,0,6,1,0,1,23.70344,0,839.748108338653,0,0,0,608.7415,2655,1364,1024,-2.996918,0.18,4.263974
63926389185.7142,1,0,6,1,0,1,23.44344,0,839.748108338653,0,0,0,609.0193,2656,1364,1024,-2.764932,0.18,3.993171
63926389186.0094,1,0,6,1,0,1,23.14343,0,839.748108338653,0,0,0,609.314,2657,1364,1024,-2.764932,0.18,3.993171
63926389186.2981,1,0,6,1,0,1,22.84342,0,839.748108338653,0,0,0,609.6033,2658,1364,1024,-2.764932,0.18,3.993171
63926389186.5832,1,0,6,1,0,1,22.56342,0,839.748108338653,0,0,0,609.8871,2659,1364,1024,-3.240801,0.18,4.469039
63926389186.8648,1,0,6,1,0,1,22.28341,0,839.748108338653,0,0,0,610.1679,2660,1364,1024,-3.716669,0.18,4.944908
63926389187.1513,1,0,6,1,0,1,22.0034,0,839.748108338653,0,0,0,610.4567,2661,1364,1024,-4.430472,0.18,5.658711
63926389187.44,1,0,6,1,0,1,21.7034,0,839.748108338653,0,0,0,610.7433,2662,1364,1024,-3.920613,0.18,6.16857
63926389187.7166,1,0,6,1,0,1,21.42339,0,839.748108338653,0,0,0,611.0211,2663,1364,1024,-4.396482,0.18,6.644439
63926389188.0079,1,0,6,1,0,1,21.14338,0,839.748108338653,0,0,0,611.3062,2664,1364,1024,-4.792521,0.1800001,7.134689
63926389188.2856,1,0,6,1,0,1,20.86338,0,839.748108338653,0,0,0,611.5898,2665,1364,1024,-4.792521,0.1800001,7.807669
63926389188.5772,1,0,6,1,0,1,20.56337,0,839.748108338653,0,0,0,611.8818,2666,1364,1024,-5.30238,0.18,8.317528
63926389188.8767,1,0,6,1,0,1,20.26336,0,839.748108338653,0,0,0,612.1807,2667,1364,1024,-5.30238,0.18,8.317528
63926389189.1861,1,0,6,1,0,1,19.96336,0,839.748108338653,0,0,0,612.4913,2668,1364,1024,-5.30238,0.18,8.317528
63926389189.4876,1,0,6,1,0,1,19.66335,0,839.748108338653,0,0,0,612.7928,2669,1364,1024,-5.30238,0.18,8.317528
63926389189.7793,1,0,6,1,0,1,19.36334,0,839.748108338653,0,0,0,613.0844,2670,1364,1024,-5.30238,0.18,8.317528
63926389190.0589,1,0,6,1,0,1,19.08334,0,839.748108338653,0,0,0,613.3633,2671,1364,1024,-5.30238,0.18,8.317528
63926389190.338,1,0,6,1,0,1,18.80333,0,839.748108338653,0,0,0,613.6425,2672,1364,1024,-5.30238,0.18,8.317528
63926389190.7559,1,0,6,1,0,1,18.48332,0,839.748108338653,0,0,0,613.9758,2673,1364,1024,-5.30238,0.18,8.317528
63926389191.0695,1,0,6,1,0,1,18.16331,0,839.748108338653,0,0,0,614.2884,2674,1364,1024,-5.30238,0.18,8.317528
63926389191.3567,1,0,6,1,0,1,17.88331,0,839.748108338653,0,0,0,614.5768,2675,1364,1024,-4.826511,0.18,7.84166
63926389191.6472,1,0,6,1,0,1,17.5833,0,839.748108338653,0,0,0,614.868,2676,1364,1024,-4.316652,0.1800001,7.3318
63926389191.9276,1,0,6,1,0,1,17.3033,0,839.748108338653,0,0,0,615.1484,2677,1364,1024,-4.284671,0.1799999,7.299819
63926389192.1962,1,0,6,1,0,1,17.04329,0,839.748108338653,0,0,0,615.4158,2678,1364,1024,-4.284671,0.1799999,7.299819
63926389192.4709,1,0,6,1,0,1,16.76328,0,839.748108338653,0,0,0,615.6902,2679,1364,1024,-3.808802,0.1799999,6.823951
63926389192.7414,1,0,6,1,0,1,16.48328,0,839.748108338653,0,0,0,615.9622,2680,1364,1024,-3.332934,0.1799999,6.348082
63926389193.0174,1,0,6,1,0,1,16.22327,0,839.748108338653,0,0,0,616.2385,2681,1364,1024,-3.332934,0.18,5.410717
63926389193.2928,1,0,6,1,0,1,15.94326,0,839.748108338653,0,0,0,616.513,2682,1364,1024,-2.619131,0.18,4.696915
63926389193.5538,1,0,6,1,0,1,15.68326,0,839.748108338653,0,0,0,616.7744,2683,1364,1024,-2.619131,0.18,3.75955
63926389193.8349,1,0,6,1,0,1,15.40325,0,839.748108338653,0,0,0,617.0544,2684,1364,1024,-1.905328,0.1799999,3.045747
63926389194.1186,1,0,6,1,0,1,15.12325,0,839.748108338653,0,0,0,617.3383,2685,1364,1024,-1.905328,0.18,2.372767
63926389194.413,1,0,6,1,0,1,14.82324,0,839.748108338653,0,0,0,617.6333,2686,1364,1024,-1.395469,0.1799999,1.862908
63926389194.6852,1,0,6,1,0,1,14.54323,0,839.748108338653,0,0,0,617.9055,2687,1364,1024,-1.395469,0.18,0.8534389
63926389194.9839,1,0,6,1,0,1,14.24323,0,839.748108338653,0,0,0,618.2043,2688,1364,1024,-1.395469,0.18,-0.2281357
63926389195.2527,1,0,6,1,0,1,13.98322,0,839.748108338653,0,0,0,618.4736,2689,1364,1024,-0.953591,0.1799999,-0.6700136
63926389195.5382,1,0,6,1,0,1,13.68321,0,839.748108338653,0,0,0,618.7598,2690,1364,1024,-0.953591,0.1799999,-0.6700136
63926389195.8156,1,0,6,1,0,1,13.42321,0,839.748108338653,0,0,0,619.0367,2691,1364,1024,-1.395469,0.18,-1.111892
63926389196.1018,1,0,6,1,0,1,13.1232,0,839.748108338653,0,0,0,619.3215,2692,1364,1024,-1.905328,0.18,-1.621751
63926389196.3759,1,0,6,1,0,1,13.1232,0,839.748108338653,0,0,0,619.3354,2693,1364,1024,-1.905328,0.18,-1.621751
63926389196.6957,1,0,6,1,0,1,12.80319,0,839.748108338653,0,0,0,619.6486,2694,1364,1024,-2.449178,0.18,-2.165601
63926389196.9825,1,0,6,1,0,1,12.52319,0,839.748108338653,0,0,0,619.9367,2695,1364,1024,-2.925046,0.18,-2.641469
63926389197.2615,1,0,6,1,0,1,12.24318,0,839.748108338653,0,0,0,620.2167,2696,1364,1024,-3.638849,0.18,-3.355272
63926389197.5507,1,0,6,1,0,1,12.22318,0,839.748108338653,0,0,0,620.2314,2697,1364,1024,-1.8,0,9
63926389197.8189,1,0,6,1,0,1,11.96317,0,839.748108338653,0,0,0,620.496,2698,1364,1024,-1.8,0.1799999,9
63926389198.1095,1,0,6,1,0,1,11.66317,0,839.748108338653,0,0,0,620.7858,2699,1364,1024,-1.8,0.1799999,9
63926389198.3941,1,0,6,1,0,1,11.38316,0,839.748108338653,0,0,0,621.0718,2700,1364,1024,-1.8,0.1799999,9
63926389198.6866,1,0,6,1,0,1,11.08315,0,839.748108338653,0,0,0,621.3642,2701,1364,1024,-1.8,0.1799999,9
63926389198.9678,1,0,6,1,0,1,10.80315,0,839.748108338653,0,0,0,621.6441,2702,1364,1024,-1.8,0.1799999,9
63926389199.2463,1,0,6,1,0,1,10.52314,0,839.748108338653,0,0,0,621.9222,2703,1364,1024,-1.8,0.1799999,9
63926389199.5221,1,0,6,1,0,1,10.24313,0,839.748108338653,0,0,0,622.2006,2704,1364,1024,-1.8,0.1799999,9
63926389199.7951,1,0,6,1,0,1,9.983128,0,839.748108338653,0,0,0,622.4731,2705,1364,1024,-1.8,0.1799999,9
63926389200.085,1,0,6,1,0,1,9.683121,0,839.748108338653,0,0,0,622.7615,2706,1364,1024,-1.8,0.1799999,9
63926389200.367,1,0,6,1,0,1,9.403114,0,839.748108338653,0,0,0,623.0446,2707,1364,1024,-1.8,0.1799999,9
63926389200.6504,1,0,6,1,0,1,9.123108,0,839.748108338653,0,0,0,623.327,2708,1364,1024,-1.8,0.1799999,9
63926389200.9377,1,0,6,1,0,1,8.843102,0,839.748108338653,0,0,0,623.6152,2709,1364,1024,-1.8,0.1799999,9
63926389201.2247,1,0,6,1,0,1,8.543095,0,839.748108338653,0,0,0,623.9009,2710,1364,1024,-1.8,0.1799999,9
63926389201.5182,1,0,6,1,0,1,8.263088,0,839.748108338653,0,0,0,624.1967,2711,1364,1024,-1.8,0.1799999,9
63926389201.7972,1,0,6,1,0,1,7.983082,0,839.748108338653,0,0,0,624.4744,2712,1364,1024,-1.8,0.1799999,9
63926389202.0778,1,0,6,1,0,1,7.703083,0,839.748108338653,0,0,0,624.7549,2713,1364,1024,-1.8,0.1799999,9
63926389202.3591,1,0,6,1,0,1,7.423083,0,839.748108338653,0,0,0,625.0359,2714,1364,1024,-1.8,0.1799999,9
63926389202.6785,1,0,6,1,0,1,7.403083,0,839.748108338653,0,0,0,625.0521,2715,1364,1024,-1.8,0.1799999,9
63926389202.9814,1,0,6,1,0,1,7.103083,0,839.748108338653,0,0,0,625.3505,2716,1364,1024,-1.8,0.1799999,9
63926389203.2755,1,0,6,1,0,1,6.803083,0,839.748108338653,0,0,0,625.6457,2717,1364,1024,-1.8,0.1799999,9
63926389203.5479,1,0,6,1,0,1,6.543084,0,839.748108338653,0,0,0,625.9186,2718,1364,1024,-1.358122,0.1800001,8.558122
63926389203.8364,1,0,6,1,0,1,6.243084,0,839.748108338653,0,0,0,626.2061,2719,1364,1024,-0.6370723,0.18,8.558122
63926389204.1385,1,0,6,1,0,1,5.943084,0,839.748108338653,0,0,0,626.5043,2720,1364,1024,-0.1272131,0.1800001,8.048263
63926389204.4104,1,0,6,1,0,1,5.683084,0,839.748108338653,0,0,0,626.7798,2721,1364,1024,-0.1272131,0.1799999,8.048263
63926389204.6958,1,0,6,1,0,1,5.383085,0,839.748108338653,0,0,0,627.0646,2722,1364,1024,-0.1272131,0.1799999,8.048263
63926389204.9805,1,0,6,1,0,1,5.103085,0,839.748108338653,0,0,0,627.3495,2723,1364,1024,-0.1272131,0.1799999,8.048263
63926389205.2538,1,0,6,1,0,1,4.823085,0,839.748108338653,0,0,0,627.6232,2724,1364,1024,-0.1272131,0.1799999,8.048263
63926389205.538,1,0,6,1,0,1,4.543086,0,839.748108338653,0,0,0,627.9081,2725,1364,1024,-0.1272131,0.1799999,8.048263
63926389205.8091,1,0,6,1,0,1,4.263086,0,839.748108338653,0,0,0,628.1799,2726,1364,1024,-0.1272131,0.1799999,8.048263
63926389206.0954,1,0,6,1,0,1,3.983086,0,839.748108338653,0,0,0,628.4659,2727,1364,1024,-0.1272131,0.1799999,8.048263
63926389206.3633,1,0,6,1,0,1,3.723086,0,839.748108338653,0,0,0,628.7335,2728,1364,1024,-0.1272131,0.1799999,8.048263
63926389206.6542,1,0,6,1,0,1,3.423087,0,839.748108338653,0,0,0,629.0225,2729,1364,1024,-0.1272131,0.1799999,8.048263
63926389206.9401,1,0,6,1,0,1,3.143087,0,839.748108338653,0,0,0,629.3086,2730,1364,1024,-0.1272131,0.1799999,8.048263
63926389207.2147,1,0,6,1,0,1,2.863087,0,839.748108338653,0,0,0,629.5824,2731,1364,1024,-0.1272131,0.18,7.375283
63926389207.5113,1,0,6,1,0,1,2.563087,0,839.748108338653,0,0,0,629.8808,2732,1364,1024,0.5938367,0.18,7.375283
63926389207.7902,1,0,6,1,0,1,2.283088,0,839.748108338653,0,0,0,630.1603,2733,1364,1024,0.5938367,0.18,6.702303
63926389208.0547,1,0,6,1,0,1,2.023088,0,839.748108338653,0,0,0,630.4241,2734,1364,1024,0.5938367,0.18,5.764939
63926389208.3383,1,0,6,1,0,1,1.743088,0,839.748108338653,0,0,0,630.7078,2735,1364,1024,0.5938367,0.18,4.755469
63926389208.6145,1,0,6,1,0,1,1.463089,0,839.748108338653,0,0,0,630.9838,2736,1364,1024,0.5938367,0.1799999,2.793009
63926389208.8897,1,0,6,1,0,1,1.203089,0,839.748108338653,0,0,0,631.2593,2737,1364,1024,0.5938367,0.1799999,2.535473
63926389209.1619,1,0,6,1,0,1,0.923089,0,839.748108338653,0,0,0,631.5323,2738,1364,1024,0.5938367,0.1799999,2.535473
63926389209.4455,1,0,6,1,0,1,0.6430893,0,839.748108338653,0,0,0,631.8148,2739,1364,1024,0.5938367,0.1799999,3.02098
63926389209.7353,1,0,6,1,0,1,0.3430896,0,839.748108338653,0,0,0,632.1044,2740,1364,1024,0.5938367,0.1799999,3.742029
63926389210.0157,1,0,6,1,0,1,0.0630897,0,839.748108338653,0,0,0,632.3856,2741,1364,1024,1.069705,0.1799999,4.217898
63926389210.2833,1,0,6,0,1,1,0,1,943.435420613653,4.998122,1,1,632.6536,2742,1364,1024,1.205668,0.1799999,4.35386
63926389210.8437,1,0,6,0,1,1,0,1,943.435420613653,4.437702,1,1,632.6536,2742,1364,1024,1.205668,0.1799999,4.35386
63926389211.1475,1,0,6,0,1,1,0,1,943.435420613653,4.13391,1,1,632.6536,2742,1364,1024,1.205668,0.1799999,4.35386
63926389211.4243,1,0,6,0,1,1,0,1,943.435420613653,3.857193,1,1,632.6536,2742,1364,1024,1.205668,0.1799999,4.35386
63926389211.6968,1,0,6,0,1,1,0,1,943.435420613653,3.584681,1,1,632.6536,2742,1364,1024,1.205668,0.1799999,4.35386
63926389211.9768,1,0,6,0,1,1,0,1,943.435420613653,3.304657,1,1,632.6536,2742,1364,1024,1.205668,0.1799999,4.35386
63926389212.2642,1,0,6,0,1,1,0,1,943.435420613653,3.017253,1,1,632.6536,2742,1364,1024,1.205668,0.1799999,4.35386
63926389212.5322,1,0,6,0,1,1,0,1,943.435420613653,2.749234,1,1,632.6536,2742,1364,1024,1.205668,0.1799999,4.35386
63926389212.8119,1,0,6,0,1,1,0,1,943.435420613653,2.469558,1,1,632.6536,2742,1364,1024,1.205668,0.1799999,4.35386
63926389213.0687,1,0,6,0,1,1,0,1,943.435420613653,2.212817,1,1,632.6536,2742,1364,1024,1.205668,0.1799999,4.35386
63926389213.3482,1,0,6,0,1,1,0,1,943.435420613653,1.93328,1,1,632.6536,2742,1364,1024,1.205668,0.1799999,4.35386
63926389213.6248,1,0,6,0,1,1,0,1,943.435420613653,1.656668,1,1,632.6536,2742,1364,1024,1.205668,0.1799999,4.35386
63926389213.8883,1,0,6,0,1,1,0,1,943.435420613653,1.393153,1,1,632.6536,2742,1364,1024,1.205668,0.1799999,4.35386
63926389214.1676,1,0,6,0,1,1,0,1,943.435420613653,1.113919,1,1,632.6536,2742,1364,1024,1.205668,0.1799999,4.35386
63926389214.4385,1,0,6,0,1,1,0,1,943.435420613653,0.8430557,1,1,632.6536,2742,1364,1024,1.205668,0.1799999,4.35386
63926389214.7219,1,0,6,0,1,1,0,1,943.435420613653,0.5596352,1,1,632.6536,2742,1364,1024,1.205668,0.1799999,4.35386
63926389215.0006,1,0,6,0,1,1,0,1,943.435420613653,0.2808886,1,1,632.6536,2742,1364,1024,1.205668,0.1799999,4.35386
63926389215.2941,1,0,6,0,1,1,0,1,943.435420613653,0,1,1,632.6536,2742,1364,1024,1.205668,0.1799999,4.35386
63926389215.5938,1,0,7,1,0,1,89.70005,0,943.435420613653,0,0,0,632.9485,2743,1364,1024,-1.8,0.1799999,9
63926389215.8816,1,0,7,1,0,1,89.4201,0,943.435420613653,0,0,0,633.2363,2744,1364,1024,-1.8,0.1799999,9
63926389216.1463,1,0,7,1,0,1,89.16014,0,943.435420613653,0,0,0,633.4995,2745,1364,1024,-1.8,0.18,8.375091
63926389216.4413,1,0,7,1,0,1,88.86019,0,943.435420613653,0,0,0,633.7941,2746,1364,1024,-1.8,0.18,7.293516
63926389216.7237,1,0,7,1,0,1,88.58024,0,943.435420613653,0,0,0,634.0785,2747,1364,1024,-1.8,0.18,6.284046
63926389217.0049,1,0,7,1,0,1,88.28029,0,943.435420613653,0,0,0,634.36,2748,1364,1024,-1.8,0.18,6.284046
63926389217.3002,1,0,7,1,0,1,88.00034,0,943.435420613653,0,0,0,634.6537,2749,1364,1024,-1.8,0.18,7.293516
63926389217.6022,1,0,7,1,0,1,87.70039,0,943.435420613653,0,0,0,634.9557,2750,1364,1024,-2.309859,0.18,7.803375
63926389217.8879,1,0,7,1,0,1,87.40044,0,943.435420613653,0,0,0,635.2431,2751,1364,1024,-2.309859,0.18,7.803375
63926389218.176,1,0,7,1,0,1,87.12048,0,943.435420613653,0,0,0,635.5309,2752,1364,1024,-2.309859,0.18,7.803375
63926389218.4747,1,0,7,1,0,1,86.82053,0,943.435420613653,0,0,0,635.8267,2753,1364,1024,-2.309859,0.18,7.803375
63926389218.7833,1,0,7,1,0,1,86.52058,0,943.435420613653,0,0,0,636.1378,2754,1364,1024,-2.309859,0.18,7.803375
63926389219.0643,1,0,7,1,0,1,86.24063,0,943.435420613653,0,0,0,636.4191,2755,1364,1024,-2.309859,0.18,7.803375
63926389219.3501,1,0,7,1,0,1,85.94068,0,943.435420613653,0,0,0,636.704,2756,1364,1024,-2.309859,0.18,7.803375
63926389219.6399,1,0,7,1,0,1,85.66073,0,943.435420613653,0,0,0,636.9932,2757,1364,1024,-2.309859,0.18,7.803375
63926389219.9338,1,0,7,1,0,1,85.36078,0,943.435420613653,0,0,0,637.2868,2758,1364,1024,-2.309859,0.18,7.803375
63926389220.2376,1,0,7,1,0,1,85.06083,0,943.435420613653,0,0,0,637.5922,2759,1364,1024,-2.309859,0.18,7.803375
63926389220.5689,1,0,7,1,0,1,84.72089,0,943.435420613653,0,0,0,637.9227,2760,1364,1024,-2.309859,0.18,6.986185
63926389220.8516,1,0,7,1,0,1,84.44093,0,943.435420613653,0,0,0,638.2065,2761,1364,1024,-2.309859,0.18,5.976716
63926389221.142,1,0,7,1,0,1,84.16098,0,943.435420613653,0,0,0,638.4973,2762,1364,1024,-1.596056,0.18,5.262913
63926389221.4559,1,0,7,1,0,1,83.84103,0,943.435420613653,0,0,0,638.806,2763,1364,1024,-1.596056,0.18,4.109233
63926389221.7439,1,0,7,1,0,1,83.56108,0,943.435420613653,0,0,0,639.0995,2764,1364,1024,-0.8822535,0.18,3.395431
63926389222.0539,1,0,7,1,0,1,83.24113,0,943.435420613653,0,0,0,639.4087,2765,1364,1024,-0.8828136,0.18,2.62639
63926389222.347,1,0,7,1,0,1,82.96118,0,943.435420613653,0,0,0,639.6946,2766,1364,1024,-0.8828136,0.18,1.953411
63926389222.6391,1,0,7,1,0,1,82.66123,0,943.435420613653,0,0,0,639.9933,2767,1364,1024,-0.1180248,0.1799999,1.188622
63926389222.9251,1,0,7,1,0,1,82.38128,0,943.435420613653,0,0,0,640.2795,2768,1364,1024,0.221935,0.1799999,0.6301308
63926389223.2116,1,0,7,1,0,1,82.08133,0,943.435420613653,0,0,0,640.5654,2769,1364,1024,0.3058787,0.1799999,0.546187
63926389223.4862,1,0,7,1,0,1,81.80138,0,943.435420613653,0,0,0,640.8406,2770,1364,1024,0.3058787,0.1799999,0.546187
63926389223.7741,1,0,7,1,0,1,81.52142,0,943.435420613653,0,0,0,641.1278,2771,1364,1024,0.7817473,0.18,1.022056
63926389224.056,1,0,7,1,0,1,81.24147,0,943.435420613653,0,0,0,641.4105,2772,1364,1024,1.260976,0.1799999,1.492273
63926389224.3458,1,0,7,1,0,1,80.94152,0,943.435420613653,0,0,0,641.7012,2773,1364,1024,1.292957,0.1799999,1.524254
63926389224.621,1,0,7,1,0,1,80.68156,0,943.435420613653,0,0,0,641.9761,2774,1364,1024,1.292957,0.1799999,1.524254
63926389224.9035,1,0,7,1,0,1,80.40161,0,943.435420613653,0,0,0,642.2571,2775,1364,1024,1.768826,0.1799999,2.000123
63926389225.194,1,0,7,1,0,1,80.10166,0,943.435420613653,0,0,0,642.5484,2776,1364,1024,2.533614,0.18,2.764912
63926389225.4755,1,0,7,1,0,1,79.82171,0,943.435420613653,0,0,0,642.8307,2777,1364,1024,3.247417,0.18,3.478714
63926389225.7708,1,0,7,1,0,1,79.52176,0,943.435420613653,0,0,0,643.1245,2778,1364,1024,3.757276,0.1799999,3.988574
63926389226.0452,1,0,7,1,0,1,79.52176,0,943.435420613653,0,0,0,643.1385,2779,1364,1024,-1.8,0,9
63926389226.3553,1,0,7,1,0,1,79.20181,0,943.435420613653,0,0,0,643.4422,2780,1364,1024,-1.8,0.1799999,9
63926389226.6426,1,0,7,1,0,1,78.92186,0,943.435420613653,0,0,0,643.7319,2781,1364,1024,-1.8,0.1799999,9
63926389226.9288,1,0,7,1,0,1,78.64191,0,943.435420613653,0,0,0,644.0179,2782,1364,1024,-1.8,0.1799999,9
63926389227.202,1,0,7,1,0,1,78.36195,0,943.435420613653,0,0,0,644.2897,2783,1364,1024,-1.8,0.1799999,9
63926389227.474,1,0,7,1,0,1,78.082,0,943.435420613653,0,0,0,644.5627,2784,1364,1024,-1.8,0.1799999,9
63926389227.7294,1,0,7,1,0,1,77.84204,0,943.435420613653,0,0,0,644.8177,2785,1364,1024,-1.8,0.1799999,9
63926389228.0087,1,0,7,1,0,1,77.56209,0,943.435420613653,0,0,0,645.0964,2786,1364,1024,-1.8,0.1799999,9
63926389228.2927,1,0,7,1,0,1,77.26214,0,943.435420613653,0,0,0,645.3813,2787,1364,1024,-1.8,0.1799999,9
63926389228.5769,1,0,7,1,0,1,76.98219,0,943.435420613653,0,0,0,645.6664,2788,1364,1024,-1.8,0.1799999,9
63926389228.8687,1,0,7,1,0,1,76.70223,0,943.435420613653,0,0,0,645.9583,2789,1364,1024,-1.8,0.1799999,9
63926389229.1875,1,0,7,1,0,1,76.38229,0,943.435420613653,0,0,0,646.2764,2790,1364,1024,-1.8,0.1799999,9
63926389229.4734,1,0,7,1,0,1,76.08234,0,943.435420613653,0,0,0,646.5628,2791,1364,1024,-1.8,0.1799999,9
63926389229.766,1,0,7,1,0,1,75.80238,0,943.435420613653,0,0,0,646.8553,2792,1364,1024,-1.8,0.1799999,9
63926389230.0436,1,0,7,1,0,1,75.52243,0,943.435420613653,0,0,0,647.1311,2793,1364,1024,-1.8,0.1799999,9
63926389230.3503,1,0,7,1,0,1,75.22248,0,943.435420613653,0,0,0,647.437,2794,1364,1024,-1.8,0.1799999,9
63926389230.6408,1,0,7,1,0,1,74.92253,0,943.435420613653,0,0,0,647.7278,2795,1364,1024,-1.8,0.1799999,9
63926389230.9233,1,0,7,1,0,1,74.64258,0,943.435420613653,0,0,0,648.0114,2796,1364,1024,-1.8,0.1799999,9
63926389231.1988,1,0,7,1,0,1,74.36263,0,943.435420613653,0,0,0,648.2878,2797,1364,1024,-1.8,0.1799999,9
63926389231.467,1,0,7,1,0,1,74.10267,0,943.435420613653,0,0,0,648.5558,2798,1364,1024,-1.8,0.1799999,9
63926389231.7356,1,0,7,1,0,1,73.82272,0,943.435420613653,0,0,0,648.8243,2799,1364,1024,-1.8,0.1799999,9
63926389231.996,1,0,7,1,0,1,73.56276,0,943.435420613653,0,0,0,649.0844,2800,1364,1024,-1.8,0.18,8.375091
63926389232.2661,1,0,7,1,0,1,73.3028,0,943.435420613653,0,0,0,649.355,2801,1364,1024,-1.8,0.18,7.437726
63926389232.5486,1,0,7,1,0,1,73.02285,0,943.435420613653,0,0,0,649.6357,2802,1364,1024,-1.8,0.18,6.428256
63926389232.8447,1,0,7,1,0,1,72.7229,0,943.435420613653,0,0,0,649.9313,2803,1364,1024,-1.8,0.18,6.428256
63926389233.1139,1,0,7,1,0,1,72.44295,0,943.435420613653,0,0,0,650.203,2804,1364,1024,-1.8,0.18,7.437726
63926389233.3965,1,0,7,1,0,1,72.16299,0,943.435420613653,0,0,0,650.4847,2805,1364,1024,-1.8,0.18,8.110705
63926389233.6743,1,0,7,1,0,1,71.88304,0,943.435420613653,0,0,0,650.763,2806,1364,1024,-1.8,0.1799999,8.110705
63926389233.9388,1,0,7,1,0,1,71.88304,0,943.435420613653,0,0,0,650.7764,2807,1364,1024,-1.8,0.1799999,8.110705
63926389234.2489,1,0,7,1,0,1,71.58309,0,943.435420613653,0,0,0,651.0759,2808,1364,1024,-1.8,0.1799999,8.110705
63926389234.5357,1,0,7,1,0,1,71.28314,0,943.435420613653,0,0,0,651.3693,2809,1364,1024,-1.8,0.1799999,8.110705
63926389234.8166,1,0,7,1,0,1,71.00319,0,943.435420613653,0,0,0,651.65,2810,1364,1024,-1.8,0.1799999,8.110705
63926389235.0942,1,0,7,1,0,1,70.98319,0,943.435420613653,0,0,0,651.6641,2811,1364,1024,-1.8,0.1799999,8.110705
63926389235.3655,1,0,7,1,0,1,70.72324,0,943.435420613653,0,0,0,651.9328,2812,1364,1024,-1.8,0.1799999,8.110705
63926389235.6537,1,0,7,1,0,1,70.44328,0,943.435420613653,0,0,0,652.2189,2813,1364,1024,-1.8,0.1799999,8.110705
63926389235.9796,1,0,7,1,0,1,70.10334,0,943.435420613653,0,0,0,652.5446,2814,1364,1024,-1.8,0.1799999,8.110705
63926389236.2871,1,0,7,1,0,1,69.80339,0,943.435420613653,0,0,0,652.8519,2815,1364,1024,-1.8,0.1799999,8.110705
63926389236.595,1,0,7,1,0,1,69.48344,0,943.435420613653,0,0,0,653.1606,2816,1364,1024,-1.03088,0.18,8.110705
63926389236.8855,1,0,7,1,0,1,69.20349,0,943.435420613653,0,0,0,653.4492,2817,1364,1024,-1.03088,0.18,7.437726
63926389237.1842,1,0,7,1,0,1,68.90354,0,943.435420613653,0,0,0,653.7507,2818,1364,1024,-1.03088,0.18,6.356151
63926389237.49,1,0,7,1,0,1,68.60359,0,943.435420613653,0,0,0,654.0557,2819,1364,1024,-1.03088,0.18,5.274577
63926389237.7886,1,0,7,1,0,1,68.30364,0,943.435420613653,0,0,0,654.3551,2820,1364,1024,-1.03088,0.18,4.193002
63926389238.0816,1,0,7,1,0,1,68.00369,0,943.435420613653,0,0,0,654.6478,2821,1364,1024,-1.03088,0.18,3.111428
63926389238.3902,1,0,7,1,0,1,67.70374,0,943.435420613653,0,0,0,654.957,2822,1364,1024,-0.5210211,0.18,2.601568
63926389238.7023,1,0,7,1,0,1,67.3838,0,943.435420613653,0,0,0,655.267,2823,1364,1024,0.6892918,0.18,1.392239
63926389239.0018,1,0,7,1,0,1,67.08385,0,943.435420613653,0,0,0,655.5667,2824,1364,1024,0.9423232,0.1799999,1.391575
63926389239.3038,1,0,7,1,0,1,66.7839,0,943.435420613653,0,0,0,655.869,2825,1364,1024,1.120774,0.1799999,1.570026
63926389239.6126,1,0,7,1,0,1,66.48395,0,943.435420613653,0,0,0,656.1778,2826,1364,1024,1.608539,0.1799999,2.057791
63926389239.9022,1,0,7,1,0,1,66.184,0,943.435420613653,0,0,0,656.4686,2827,1364,1024,2.118398,0.18,2.56765
63926389240.1967,1,0,7,1,0,1,65.88405,0,943.435420613653,0,0,0,656.7614,2828,1364,1024,2.628258,0.18,3.077509
63926389240.4996,1,0,7,1,0,1,65.88405,0,943.435420613653,0,0,0,656.7769,2829,1364,1024,-1.8,0,9
63926389240.8018,1,0,7,1,0,1,65.5841,0,943.435420613653,0,0,0,657.0682,2830,1364,1024,-1.8,0.1799999,9
63926389241.1018,1,0,7,1,0,1,65.28415,0,943.435420613653,0,0,0,657.3748,2831,1364,1024,-1.8,0.1799999,9
63926389241.4092,1,0,7,1,0,1,64.9642,0,943.435420613653,0,0,0,657.6818,2832,1364,1024,-1.8,0.1799999,9
63926389241.7115,1,0,7,1,0,1,64.66425,0,943.435420613653,0,0,0,657.9819,2833,1364,1024,-1.8,0.1799999,9
63926389242.0173,1,0,7,1,0,1,64.3643,0,943.435420613653,0,0,0,658.29,2834,1364,1024,-1.8,0.1799999,9
63926389242.3147,1,0,7,1,0,1,64.06435,0,943.435420613653,0,0,0,658.588,2835,1364,1024,-1.8,0.1799999,9
63926389242.653,1,0,7,1,0,1,63.72436,0,943.435420613653,0,0,0,658.9213,2836,1364,1024,-1.8,0.1799999,9
63926389242.959,1,0,7,1,0,1,63.42435,0,943.435420613653,0,0,0,659.227,2837,1364,1024,-1.8,0.1799999,9
63926389243.248,1,0,7,1,0,1,63.14434,0,943.435420613653,0,0,0,659.515,2838,1364,1024,-1.8,0.1799999,9
63926389243.5515,1,0,7,1,0,1,62.84434,0,943.435420613653,0,0,0,659.8177,2839,1364,1024,-1.8,0.1799999,9
63926389243.8304,1,0,7,1,0,1,62.56433,0,943.435420613653,0,0,0,660.0988,2840,1364,1024,-1.8,0.1799999,9
63926389244.1121,1,0,7,1,0,1,62.26432,0,943.435420613653,0,0,0,660.3804,2841,1364,1024,-1.8,0.1799999,9
63926389244.3975,1,0,7,1,0,1,61.98432,0,943.435420613653,0,0,0,660.6663,2842,1364,1024,-1.8,0.1799999,9
63926389244.6892,1,0,7,1,0,1,61.70431,0,943.435420613653,0,0,0,660.9584,2843,1364,1024,-1.8,0.1799999,9
63926389244.9604,1,0,7,1,0,1,61.4243,0,943.435420613653,0,0,0,661.2278,2844,1364,1024,-1.8,0.1799999,9
63926389245.2465,1,0,7,1,0,1,61.1443,0,943.435420613653,0,0,0,661.5151,2845,1364,1024,-1.8,0.1799999,9
63926389245.5294,1,0,7,1,0,1,60.86429,0,943.435420613653,0,0,0,661.7976,2846,1364,1024,-1.8,0.1799999,9
63926389245.8191,1,0,7,1,0,1,60.56429,0,943.435420613653,0,0,0,662.0879,2847,1364,1024,-1.8,0.1799999,9
63926389246.116,1,0,7,1,0,1,60.26428,0,943.435420613653,0,0,0,662.3839,2848,1364,1024,-1.8,0.1799999,9
63926389246.3996,1,0,7,1,0,1,59.98427,0,943.435420613653,0,0,0,662.6685,2849,1364,1024,-1.8,0.18,8.327021
63926389246.6827,1,0,7,1,0,1,59.70427,0,943.435420613653,0,0,0,662.951,2850,1364,1024,-1.8,0.18,7.317551
63926389246.9581,1,0,7,1,0,1,59.42426,0,943.435420613653,0,0,0,663.2274,2851,1364,1024,-1.8,0.18,6.308081
63926389247.2306,1,0,7,1,0,1,59.16425,0,943.435420613653,0,0,0,663.4997,2852,1364,1024,-1.8,0.18,5.370717
63926389247.5046,1,0,7,1,0,1,58.88425,0,943.435420613653,0,0,0,663.7722,2853,1364,1024,-1.8,0.18,5.370717
63926389247.7863,1,0,7,1,0,1,58.86425,0,943.435420613653,0,0,0,663.7865,2854,1364,1024,-1.8,0,9
63926389248.0682,1,0,7,1,0,1,58.58424,0,943.435420613653,0,0,0,664.0644,2855,1364,1024,-1.8,0.1799999,9
63926389248.3674,1,0,7,1,0,1,58.28423,0,943.435420613653,0,0,0,664.3636,2856,1364,1024,-1.8,0.1799999,9
63926389248.6301,1,0,7,1,0,1,58.28423,0,943.435420613653,0,0,0,664.377,2857,1364,1024,-1.8,0.1799999,9
63926389248.9019,1,0,7,1,0,1,58.00423,0,943.435420613653,0,0,0,664.6449,2858,1364,1024,-1.8,0.1799999,9
63926389249.198,1,0,7,1,0,1,57.70422,0,943.435420613653,0,0,0,664.9409,2859,1364,1024,-1.8,0.1799999,9
63926389249.4793,1,0,7,1,0,1,57.42421,0,943.435420613653,0,0,0,665.2216,2860,1364,1024,-1.8,0.1799999,9
63926389249.7378,1,0,7,1,0,1,57.42421,0,943.435420613653,0,0,0,665.2347,2861,1364,1024,-1.8,0.1799999,9
63926389250.0117,1,0,7,1,0,1,57.14421,0,943.435420613653,0,0,0,665.5038,2862,1364,1024,-1.8,0.1799999,9
63926389250.3059,1,0,7,1,0,1,56.8642,0,943.435420613653,0,0,0,665.7988,2863,1364,1024,-1.8,0.1799999,9
63926389250.5925,1,0,7,1,0,1,56.56419,0,943.435420613653,0,0,0,666.0842,2864,1364,1024,-1.8,0.1799999,9
63926389250.8677,1,0,7,1,0,1,56.28419,0,943.435420613653,0,0,0,666.3604,2865,1364,1024,-1.8,0.1799999,9
63926389251.1781,1,0,7,1,0,1,55.98418,0,943.435420613653,0,0,0,666.6709,2866,1364,1024,-1.8,0.1799999,9
63926389251.4604,1,0,7,1,0,1,55.70417,0,943.435420613653,0,0,0,666.954,2867,1364,1024,-1.8,0.1799999,9
63926389251.7288,1,0,7,1,0,1,55.42417,0,943.435420613653,0,0,0,667.2219,2868,1364,1024,-1.8,0.1799999,9
63926389252.0012,1,0,7,1,0,1,55.16416,0,943.435420613653,0,0,0,667.495,2869,1364,1024,-1.8,0.1799999,9
63926389252.2932,1,0,7,1,0,1,54.86415,0,943.435420613653,0,0,0,667.7869,2870,1364,1024,-1.8,0.1799999,9
63926389252.5621,1,0,7,1,0,1,54.60415,0,943.435420613653,0,0,0,668.0554,2871,1364,1024,-1.8,0.1799999,9
63926389252.8386,1,0,7,1,0,1,54.32414,0,943.435420613653,0,0,0,668.3321,2872,1364,1024,-1.8,0.1799999,9
63926389253.1189,1,0,7,1,0,1,54.04414,0,943.435420613653,0,0,0,668.6119,2873,1364,1024,-1.8,0.1799999,9
63926389253.3903,1,0,7,1,0,1,53.76413,0,943.435420613653,0,0,0,668.8828,2874,1364,1024,-1.8,0.1799999,9
63926389253.6578,1,0,7,1,0,1,53.50412,0,943.435420613653,0,0,0,669.1506,2875,1364,1024,-1.8,0.1799999,9
63926389253.9291,1,0,7,1,0,1,53.22412,0,943.435420613653,0,0,0,669.4225,2876,1364,1024,-1.8,0.1799999,9
63926389254.2036,1,0,7,1,0,1,52.96411,0,943.435420613653,0,0,0,669.6955,2877,1364,1024,-1.8,0.18,8.375091
63926389254.4836,1,0,7,1,0,1,52.6841,0,943.435420613653,0,0,0,669.9759,2878,1364,1024,-1.8,0.18,7.365621
63926389254.7569,1,0,7,1,0,1,52.4041,0,943.435420613653,0,0,0,670.2493,2879,1364,1024,-1.8,0.18,6.356151
63926389255.0347,1,0,7,1,0,1,52.12409,0,943.435420613653,0,0,0,670.5259,2880,1364,1024,-1.8,0.18,5.346682
63926389255.3008,1,0,7,1,0,1,52.12409,0,943.435420613653,0,0,0,670.5395,2881,1364,1024,-1.8,0,9
63926389255.5802,1,0,7,1,0,1,51.84409,0,943.435420613653,0,0,0,670.8147,2882,1364,1024,-1.8,0.1799999,9
63926389255.8831,1,0,7,1,0,1,51.54408,0,943.435420613653,0,0,0,671.1165,2883,1364,1024,-1.8,0.1799999,9
63926389256.1732,1,0,7,1,0,1,51.24407,0,943.435420613653,0,0,0,671.4066,2884,1364,1024,-1.8,0.1799999,9
63926389256.4535,1,0,7,1,0,1,50.96407,0,943.435420613653,0,0,0,671.6893,2885,1364,1024,-1.8,0.1799999,9
63926389256.7378,1,0,7,1,0,1,50.68406,0,943.435420613653,0,0,0,671.9717,2886,1364,1024,-1.8,0.1799999,9
63926389257.0237,1,0,7,1,0,1,50.40405,0,943.435420613653,0,0,0,672.2579,2887,1364,1024,-1.8,0.1799999,9
63926389257.2938,1,0,7,1,0,1,50.12405,0,943.435420613653,0,0,0,672.5286,2888,1364,1024,-1.8,0.1799999,9
63926389257.6137,1,0,7,1,0,1,49.80404,0,943.435420613653,0,0,0,672.8464,2889,1364,1024,-1.8,0.1799999,9
63926389257.8966,1,0,7,1,0,1,49.52403,0,943.435420613653,0,0,0,673.1304,2890,1364,1024,-1.8,0.1799999,9
63926389258.1851,1,0,7,1,0,1,49.22403,0,943.435420613653,0,0,0,673.4198,2891,1364,1024,-1.8,0.1799999,9
63926389258.4577,1,0,7,1,0,1,48.96402,0,943.435420613653,0,0,0,673.692,2892,1364,1024,-1.8,0.1799999,9
63926389258.7505,1,0,7,1,0,1,48.66401,0,943.435420613653,0,0,0,673.9843,2893,1364,1024,-1.8,0.1799999,9
63926389259.0218,1,0,7,1,0,1,48.66401,0,943.435420613653,0,0,0,673.998,2894,1364,1024,-1.8,0.1799999,9
63926389259.2973,1,0,7,1,0,1,48.38401,0,943.435420613653,0,0,0,674.2684,2895,1364,1024,-1.8,0.1799999,9
63926389259.5942,1,0,7,1,0,1,48.084,0,943.435420613653,0,0,0,674.5648,2896,1364,1024,-1.8,0.1799999,9
63926389259.8894,1,0,7,1,0,1,47.78399,0,943.435420613653,0,0,0,674.86,2897,1364,1024,-1.8,0.1799999,9
63926389260.1724,1,0,7,1,0,1,47.50399,0,943.435420613653,0,0,0,675.144,2898,1364,1024,-1.8,0.1799999,9
63926389260.4493,1,0,7,1,0,1,47.22398,0,943.435420613653,0,0,0,675.422,2899,1364,1024,-1.8,0.1799999,9
63926389260.7718,1,0,7,1,0,1,46.90397,0,943.435420613653,0,0,0,675.7422,2900,1364,1024,-1.8,0.1799999,9
63926389261.0497,1,0,7,1,0,1,46.62397,0,943.435420613653,0,0,0,676.0211,2901,1364,1024,-1.8,0.1799999,9
63926389261.326,1,0,7,1,0,1,46.36396,0,943.435420613653,0,0,0,676.2977,2902,1364,1024,-1.8,0.1799999,9
63926389261.6251,1,0,7,1,0,1,46.06395,0,943.435420613653,0,0,0,676.5964,2903,1364,1024,-2.309859,0.18,8.490141
63926389261.9188,1,0,7,1,0,1,45.76395,0,943.435420613653,0,0,0,676.8903,2904,1364,1024,-3.030909,0.18,8.490141
63926389262.1952,1,0,7,1,0,1,45.48394,0,943.435420613653,0,0,0,677.1672,2905,1364,1024,-3.506778,0.18,8.014273
63926389262.457,1,0,7,1,0,1,45.22393,0,943.435420613653,0,0,0,677.4291,2906,1364,1024,-3.506778,0.18,8.014273
63926389262.7568,1,0,7,1,0,1,44.92393,0,943.435420613653,0,0,0,677.7269,2907,1364,1024,-3.506778,0.18,8.014273
63926389263.0186,1,0,7,1,0,1,44.66392,0,943.435420613653,0,0,0,677.9893,2908,1364,1024,-3.506778,0.18,8.014273
63926389263.2956,1,0,7,1,0,1,44.38391,0,943.435420613653,0,0,0,678.2672,2909,1364,1024,-3.506778,0.18,8.014273
63926389263.5799,1,0,7,1,0,1,44.10391,0,943.435420613653,0,0,0,678.5507,2910,1364,1024,-3.506778,0.18,8.014273
63926389263.8514,1,0,7,1,0,1,43.8239,0,943.435420613653,0,0,0,678.8235,2911,1364,1024,-3.506778,0.18,8.014273
63926389264.1194,1,0,7,1,0,1,43.5639,0,943.435420613653,0,0,0,679.0917,2912,1364,1024,-3.506778,0.18,8.014273
63926389264.3942,1,0,7,1,0,1,43.28389,0,943.435420613653,0,0,0,679.3648,2913,1364,1024,-3.506778,0.18,7.341292
63926389264.6886,1,0,7,1,0,1,42.98388,0,943.435420613653,0,0,0,679.6605,2914,1364,1024,-4.016636,0.18,6.831433
63926389264.9599,1,0,7,1,0,1,42.72388,0,943.435420613653,0,0,0,679.9309,2915,1364,1024,-4.458515,0.18,6.389555
63926389265.2539,1,0,7,1,0,1,42.42387,0,943.435420613653,0,0,0,680.225,2916,1364,1024,-3.948655,0.18,5.879696
63926389265.5264,1,0,7,1,0,1,42.16386,0,943.435420613653,0,0,0,680.4981,2917,1364,1024,-3.285838,0.18,5.216879
63926389265.8153,1,0,7,1,0,1,41.86386,0,943.435420613653,0,0,0,680.7858,2918,1364,1024,-2.52105,0.18,4.452091
63926389266.1174,1,0,7,1,0,1,41.56385,0,943.435420613653,0,0,0,681.0884,2919,1364,1024,-1.756261,0.18,3.687302
63926389266.4066,1,0,7,1,0,1,41.28384,0,943.435420613653,0,0,0,681.3781,2920,1364,1024,-1.756261,0.18,2.677832
63926389266.7041,1,0,7,1,0,1,40.98384,0,943.435420613653,0,0,0,681.6752,2921,1364,1024,-1.246402,0.18,2.167973
63926389266.9985,1,0,7,1,0,1,40.68383,0,943.435420613653,0,0,0,681.9701,2922,1364,1024,-0.09092898,0.18,0.7601328
63926389267.3005,1,0,7,1,0,1,40.38382,0,943.435420613653,0,0,0,682.2712,2923,1364,1024,-0.08177964,0.18,0.7509835
63926389267.5972,1,0,7,1,0,1,40.08382,0,943.435420613653,0,0,0,682.568,2924,1364,1024,-0.08177964,0.18,0.7509835
63926389267.8909,1,0,7,1,0,1,39.78381,0,943.435420613653,0,0,0,682.8614,2925,1364,1024,-0.08177964,0.18,1.409542
63926389268.1978,1,0,7,1,0,1,39.4838,0,943.435420613653,0,0,0,683.1688,2926,1364,1024,-0.08177964,0.18,2.130592
63926389268.4811,1,0,7,1,0,1,39.2038,0,943.435420613653,0,0,0,683.4536,2927,1364,1024,-0.08177964,0.18,2.803572
63926389268.7812,1,0,7,1,0,1,38.90379,0,943.435420613653,0,0,0,683.7535,2928,1364,1024,-0.08177964,0.18,3.524621
63926389269.0922,1,0,7,1,0,1,38.58378,0,943.435420613653,0,0,0,684.0626,2929,1364,1024,-0.08177964,0.18,4.678301
63926389269.3683,1,0,7,1,0,1,38.30378,0,943.435420613653,0,0,0,684.3399,2930,1364,1024,-0.08177964,0.18,5.351281
63926389269.654,1,0,7,1,0,1,38.30378,0,943.435420613653,0,0,0,684.3544,2931,1364,1024,-1.8,0,9
63926389269.9252,1,0,7,1,0,1,38.02377,0,943.435420613653,0,0,0,684.6209,2932,1364,1024,-1.8,0.1799999,9
63926389270.217,1,0,7,1,0,1,37.74376,0,943.435420613653,0,0,0,684.9119,2933,1364,1024,-1.8,0.1799999,9
63926389270.491,1,0,7,1,0,1,37.46376,0,943.435420613653,0,0,0,685.1863,2934,1364,1024,-1.8,0.1799999,9
63926389270.7943,1,0,7,1,0,1,37.16375,0,943.435420613653,0,0,0,685.4907,2935,1364,1024,-1.8,0.1799999,9
63926389271.0855,1,0,7,1,0,1,36.86374,0,943.435420613653,0,0,0,685.7813,2936,1364,1024,-1.8,0.1799999,9
63926389271.4012,1,0,7,1,0,1,36.56374,0,943.435420613653,0,0,0,686.0946,2937,1364,1024,-1.8,0.1799999,9
63926389271.6999,1,0,7,1,0,1,36.26373,0,943.435420613653,0,0,0,686.3925,2938,1364,1024,-1.8,0.1799999,9
63926389271.9908,1,0,7,1,0,1,35.96372,0,943.435420613653,0,0,0,686.6865,2939,1364,1024,-1.8,0.1799999,9
63926389272.2994,1,0,7,1,0,1,35.66372,0,943.435420613653,0,0,0,686.9955,2940,1364,1024,-1.8,0.1799999,9
63926389272.6097,1,0,7,1,0,1,35.34371,0,943.435420613653,0,0,0,687.3058,2941,1364,1024,-1.8,0.1799999,9
63926389272.8993,1,0,7,1,0,1,35.0637,0,943.435420613653,0,0,0,687.5956,2942,1364,1024,-1.8,0.1799999,9
63926389273.1776,1,0,7,1,0,1,34.7837,0,943.435420613653,0,0,0,687.8737,2943,1364,1024,-1.8,0.1799999,9
63926389273.4762,1,0,7,1,0,1,34.48369,0,943.435420613653,0,0,0,688.171,2944,1364,1024,-1.8,0.1799999,9
63926389273.7557,1,0,7,1,0,1,34.46369,0,943.435420613653,0,0,0,688.1852,2945,1364,1024,-1.8,0.1799999,9
63926389274.0264,1,0,7,1,0,1,34.46369,0,943.435420613653,0,1,1,688.1852,2946,1364,1024,-1.8,0.1799999,9
63926389274.5345,1,0,7,1,0,1,34.46369,0,943.435420613653,0,1,1,688.1852,2947,1364,1024,-1.8,0.1799999,9
63926389275.0443,1,0,7,1,0,1,34.46369,0,943.435420613653,0,1,1,688.1852,2948,1364,1024,-1.8,0.1799999,9
63926389275.5665,1,0,7,1,0,1,34.46369,0,943.435420613653,0,1,1,688.1852,2949,1364,1024,-1.8,0.1799999,9
63926389276.0699,1,0,7,1,0,1,34.46369,0,943.435420613653,0,1,1,688.1852,2950,1364,1024,-1.8,0.1799999,9
63926389276.5898,1,0,7,1,0,1,34.46369,0,943.435420613653,0,1,1,688.1852,2951,1364,1024,-1.8,0.1799999,9
63926389277.1199,1,0,7,1,0,1,34.14368,0,943.435420613653,0,0,0,688.5185,2952,1364,1024,-1.8,0.1799999,9
63926389277.4009,1,0,7,1,0,1,33.84367,0,943.435420613653,0,0,0,688.8006,2953,1364,1024,-1.8,0.1799999,9
63926389277.7144,1,0,7,1,0,1,33.54367,0,943.435420613653,0,0,0,689.1142,2954,1364,1024,-1.8,0.1799999,9
63926389278.0378,1,0,7,1,0,1,33.22366,0,943.435420613653,0,0,0,689.4359,2955,1364,1024,-1.8,0.1799999,9
63926389278.3503,1,0,7,1,0,1,32.90365,0,943.435420613653,0,0,0,689.7492,2956,1364,1024,-1.8,0.1799999,9
63926389278.6537,1,0,7,1,0,1,32.60365,0,943.435420613653,0,0,0,690.0532,2957,1364,1024,-1.8,0.1799999,9
63926389278.9682,1,0,7,1,0,1,32.28364,0,943.435420613653,0,0,0,690.3672,2958,1364,1024,-1.25615,0.1799999,8.45615
63926389279.2625,1,0,7,1,0,1,31.98363,0,943.435420613653,0,0,0,690.6611,2959,1364,1024,-0.4913615,0.18,7.691361
63926389279.5506,1,0,7,1,0,1,31.70362,0,943.435420613653,0,0,0,690.95,2960,1364,1024,0.2224413,0.1799999,6.977559
63926389279.8707,1,0,7,1,0,1,31.38362,0,943.435420613653,0,0,0,691.2698,2961,1364,1024,0.2224413,0.1799999,6.977559
63926389280.1898,1,0,7,1,0,1,31.06361,0,943.435420613653,0,0,0,691.5872,2962,1364,1024,0.2224413,0.18,8.131238
63926389280.4972,1,0,7,1,0,1,30.7636,0,943.435420613653,0,0,0,691.8968,2963,1364,1024,0.2224413,0.18,8.131238
63926389280.8605,1,0,7,1,0,1,30.4236,0,943.435420613653,0,0,0,692.2301,2964,1364,1024,0.2224413,0.18,8.131238
63926389281.1481,1,0,7,1,0,1,30.14359,0,943.435420613653,0,0,0,692.5178,2965,1364,1024,0.2224413,0.18,8.131238
63926389281.4509,1,0,7,1,0,1,29.82358,0,943.435420613653,0,0,0,692.8208,2966,1364,1024,0.2224413,0.18,8.131238
63926389281.7511,1,0,7,1,0,1,29.52357,0,943.435420613653,0,0,0,693.1216,2967,1364,1024,0.2224413,0.18,8.131238
63926389282.0417,1,0,7,1,0,1,29.24357,0,943.435420613653,0,0,0,693.4136,2968,1364,1024,0.2224413,0.18,8.131238
63926389282.3339,1,0,7,1,0,1,28.94356,0,943.435420613653,0,0,0,693.7041,2969,1364,1024,0.2224413,0.18,8.131238
63926389282.6323,1,0,7,1,0,1,28.64355,0,943.435420613653,0,0,0,694.0003,2970,1364,1024,0.2224413,0.18,8.131238
63926389282.9197,1,0,7,1,0,1,28.36355,0,943.435420613653,0,0,0,694.2895,2971,1364,1024,0.2224413,0.18,8.131238
63926389283.2408,1,0,7,1,0,1,28.04354,0,943.435420613653,0,0,0,694.6111,2972,1364,1024,-0.3214085,0.18,7.587389
63926389283.5676,1,0,7,1,0,1,27.72353,0,943.435420613653,0,0,0,694.9351,2973,1364,1024,-0.3214085,0.1799999,7.587389
63926389283.8849,1,0,7,1,0,1,27.40353,0,943.435420613653,0,0,0,695.2527,2974,1364,1024,0.2224413,0.1800001,7.043539
63926389284.1876,1,0,7,1,0,1,27.10352,0,943.435420613653,0,0,0,695.5558,2975,1364,1024,0.943491,0.18,7.043539
63926389284.4968,1,0,7,1,0,1,26.78351,0,943.435420613653,0,0,0,695.8665,2976,1364,1024,1.712611,0.18,7.043539
63926389284.8368,1,0,7,1,0,1,26.4435,0,943.435420613653,0,0,0,696.1998,2977,1364,1024,2.5298,0.18,7.043539
63926389285.1625,1,0,7,1,0,1,26.1235,0,943.435420613653,0,0,0,696.5248,2978,1364,1024,3.07365,0.1799999,6.499689
63926389285.4837,1,0,7,1,0,1,25.80349,0,943.435420613653,0,0,0,696.8464,2979,1364,1024,3.6175,0.1799999,5.955839
63926389285.8001,1,0,7,1,0,1,25.48348,0,943.435420613653,0,0,0,697.1611,2980,1364,1024,4.16135,0.18,5.411989
63926389286.1174,1,0,7,1,0,1,25.16348,0,943.435420613653,0,0,0,697.4808,2981,1364,1024,4.7052,0.18,4.86814
63926389286.4643,1,0,7,1,0,1,24.84347,0,943.435420613653,0,0,0,697.8141,2982,1364,1024,5.197654,0.18,4.311889
63926389286.8008,1,0,7,1,0,1,24.50346,0,943.435420613653,0,0,0,698.1475,2983,1364,1024,6.014844,0.1799999,4.311889
63926389287.1219,1,0,7,1,0,1,24.18345,0,943.435420613653,0,0,0,698.469,2984,1364,1024,6.783964,0.1799999,4.311889
63926389287.434,1,0,7,1,0,1,23.86345,0,943.435420613653,0,0,0,698.7814,2985,1364,1024,6.856174,0.1799999,4.311889
63926389287.7447,1,0,7,1,0,1,23.56344,0,943.435420613653,0,0,0,699.0926,2986,1364,1024,6.856174,0.1799999,4.311889
63926389288.0281,1,0,7,1,0,1,23.28343,0,943.435420613653,0,0,0,699.3765,2987,1364,1024,6.183194,0.1799999,4.311889
63926389288.3296,1,0,7,1,0,1,22.98343,0,943.435420613653,0,0,0,699.678,2988,1364,1024,5.101619,0.1799999,4.311889
63926389288.6269,1,0,7,1,0,1,22.68342,0,943.435420613653,0,0,0,699.9749,2989,1364,1024,4.921094,0.1799999,4.311889
63926389288.913,1,0,7,1,0,1,22.38341,0,943.435420613653,0,0,0,700.2614,2990,1364,1024,4.921094,0.1799999,4.311889
63926389289.201,1,0,7,1,0,1,22.1034,0,943.435420613653,0,0,0,700.549,2991,1364,1024,4.248115,0.1799999,4.311889
63926389289.5024,1,0,7,1,0,1,21.8034,0,943.435420613653,0,0,0,700.8495,2992,1364,1024,3.16654,0.1799999,4.311889
63926389289.7931,1,0,7,1,0,1,21.7834,0,943.435420613653,0,0,0,700.8643,2993,1364,1024,2.948364,0.18,4.311889
63926389290.1039,1,0,7,1,0,1,21.48339,0,943.435420613653,0,0,0,701.1714,2994,1364,1024,1.115728,0.1799999,4.311889
63926389290.4123,1,0,7,1,0,1,21.18338,0,943.435420613653,0,0,0,701.4789,2995,1364,1024,0.8624211,0.18,4.311889
63926389290.6925,1,0,7,1,0,1,20.90338,0,943.435420613653,0,0,0,701.7596,2996,1364,1024,0.8624211,0.18,4.547432
63926389290.9803,1,0,7,1,0,1,20.60337,0,943.435420613653,0,0,0,702.0418,2997,1364,1024,0.8624211,0.18,5.205991
63926389291.2448,1,0,7,1,0,1,20.60337,0,943.435420613653,0,0,0,702.0555,2998,1364,1024,-1.8,0,9
63926389291.524,1,0,7,1,0,1,20.32336,0,943.435420613653,0,0,0,702.3306,2999,1364,1024,-1.8,0.1799999,9
63926389291.8201,1,0,7,1,0,1,20.02336,0,943.435420613653,0,0,0,702.6259,3000,1364,1024,-1.8,0.1799999,9
63926389292.1028,1,0,7,1,0,1,19.74335,0,943.435420613653,0,0,0,702.9081,3001,1364,1024,-1.8,0.1799999,9
63926389292.4023,1,0,7,1,0,1,19.44334,0,943.435420613653,0,0,0,703.2073,3002,1364,1024,-1.8,0.1799999,9
63926389292.6777,1,0,7,1,0,1,19.16334,0,943.435420613653,0,0,0,703.4847,3003,1364,1024,-1.8,0.1799999,9
63926389292.9818,1,0,7,1,0,1,18.86333,0,943.435420613653,0,0,0,703.7878,3004,1364,1024,-1.8,0.1799999,9
63926389293.2738,1,0,7,1,0,1,18.56332,0,943.435420613653,0,0,0,704.0806,3005,1364,1024,-1.8,0.1799999,9
63926389293.5628,1,0,7,1,0,1,18.28332,0,943.435420613653,0,0,0,704.3695,3006,1364,1024,-1.8,0.1799999,9
63926389293.8388,1,0,7,1,0,1,18.00331,0,943.435420613653,0,0,0,704.6435,3007,1364,1024,-1.8,0.1799999,9
63926389294.118,1,0,7,1,0,1,17.7233,0,943.435420613653,0,0,0,704.9255,3008,1364,1024,-1.8,0.1799999,9
63926389294.4168,1,0,7,1,0,1,17.4233,0,943.435420613653,0,0,0,705.2215,3009,1364,1024,-1.8,0.1799999,9
63926389294.7061,1,0,7,1,0,1,17.14329,0,943.435420613653,0,0,0,705.5125,3010,1364,1024,-1.8,0.1799999,9
63926389294.991,1,0,7,1,0,1,16.86329,0,943.435420613653,0,0,0,705.7976,3011,1364,1024,-1.8,0.1799999,9
63926389295.2978,1,0,7,1,0,1,16.54328,0,943.435420613653,0,0,0,706.1028,3012,1364,1024,-1.8,0.1799999,9
63926389295.5847,1,0,7,1,0,1,16.26327,0,943.435420613653,0,0,0,706.3901,3013,1364,1024,-1.8,0.1799999,9
63926389295.8679,1,0,7,1,0,1,15.98326,0,943.435420613653,0,0,0,706.6736,3014,1364,1024,-1.8,0.1799999,9
63926389296.1308,1,0,7,1,0,1,15.72326,0,943.435420613653,0,0,0,706.9382,3015,1364,1024,-1.8,0.1799999,9
63926389296.4258,1,0,7,1,0,1,15.42325,0,943.435420613653,0,0,0,707.2312,3016,1364,1024,-1.8,0.1799999,9
63926389296.7174,1,0,7,1,0,1,15.12325,0,943.435420613653,0,0,0,707.5223,3017,1364,1024,-1.8,0.1799999,9
63926389297.0046,1,0,7,1,0,1,14.84324,0,943.435420613653,0,0,0,707.81,3018,1364,1024,-1.324131,0.1799999,8.524132
63926389297.287,1,0,7,1,0,1,14.56323,0,943.435420613653,0,0,0,708.0934,3019,1364,1024,-0.6511517,0.18,8.524132
63926389297.5751,1,0,7,1,0,1,14.26323,0,943.435420613653,0,0,0,708.3802,3020,1364,1024,-0.1412925,0.1799999,8.014273
63926389297.8308,1,0,7,1,0,1,14.02322,0,943.435420613653,0,0,0,708.6382,3021,1364,1024,-0.1412925,0.1799999,8.014273
63926389298.1266,1,0,7,1,0,1,13.72321,0,943.435420613653,0,0,0,708.9294,3022,1364,1024,-0.1412925,0.1799999,8.014273
63926389298.4128,1,0,7,1,0,1,13.44321,0,943.435420613653,0,0,0,709.2191,3023,1364,1024,-0.1412925,0.1799999,8.014273
63926389298.6935,1,0,7,1,0,1,13.1632,0,943.435420613653,0,0,0,709.498,3024,1364,1024,-0.1412925,0.1799999,8.014273
63926389298.9598,1,0,7,1,0,1,12.88319,0,943.435420613653,0,0,0,709.7662,3025,1364,1024,-0.1412925,0.1799999,8.014273
63926389299.2272,1,0,7,1,0,1,12.62319,0,943.435420613653,0,0,0,710.034,3026,1364,1024,-0.1412925,0.1799999,8.014273
63926389299.5034,1,0,7,1,0,1,12.34318,0,943.435420613653,0,0,0,710.3094,3027,1364,1024,-0.1412925,0.1799999,8.014273
63926389299.7925,1,0,7,1,0,1,12.32318,0,943.435420613653,0,0,0,710.324,3028,1364,1024,-0.1412925,0.1799999,8.014273
63926389300.0876,1,0,7,1,0,1,12.04317,0,943.435420613653,0,0,0,710.6149,3029,1364,1024,0.3345761,0.18,7.538404
63926389300.3841,1,0,7,1,0,1,11.74317,0,943.435420613653,0,0,0,710.9095,3030,1364,1024,1.055626,0.18,7.538404
63926389300.6716,1,0,7,1,0,1,11.46316,0,943.435420613653,0,0,0,711.1981,3031,1364,1024,1.055626,0.18,6.865424
63926389300.9771,1,0,7,1,0,1,11.14315,0,943.435420613653,0,0,0,711.5031,3032,1364,1024,1.055626,0.18,5.711744
63926389301.2765,1,0,7,1,0,1,10.84315,0,943.435420613653,0,0,0,711.8038,3033,1364,1024,1.055626,0.18,4.63017
63926389301.6159,1,0,7,1,0,1,10.52314,0,943.435420613653,0,0,0,712.1371,3034,1364,1024,1.055626,0.1799999,3.47649
63926389301.8972,1,0,7,1,0,1,10.22313,0,943.435420613653,0,0,0,712.4199,3035,1364,1024,1.055626,0.1799999,2.394916
63926389302.2002,1,0,7,1,0,1,9.923126,0,943.435420613653,0,0,0,712.7217,3036,1364,1024,1.055626,0.1799999,1.673866
63926389302.4925,1,0,7,1,0,1,9.64312,0,943.435420613653,0,0,0,713.0149,3037,1364,1024,1.055626,0.1799999,1.000886
63926389302.7922,1,0,7,1,0,1,9.343113,0,943.435420613653,0,0,0,713.3137,3038,1364,1024,1.776676,0.18,1.000886
63926389303.087,1,0,7,1,0,1,9.043106,0,943.435420613653,0,0,0,713.6096,3039,1364,1024,2.497725,0.18,1.000886
63926389303.3796,1,0,7,1,0,1,8.743099,0,943.435420613653,0,0,0,713.9022,3040,1364,1024,3.007585,0.1799999,0.4910273
63926389303.6909,1,0,7,1,0,1,8.443092,0,943.435420613653,0,0,0,714.2131,3041,1364,1024,3.517444,0.1799999,-0.01883188
63926389303.987,1,0,7,1,0,1,8.143085,0,943.435420613653,0,0,0,714.5099,3042,1364,1024,3.517444,0.1799999,-0.01883188
63926389304.2737,1,0,7,1,0,1,7.863082,0,943.435420613653,0,0,0,714.7963,3043,1364,1024,2.844464,0.1799999,-0.01883188
63926389304.5666,1,0,7,1,0,1,7.563083,0,943.435420613653,0,0,0,715.0885,3044,1364,1024,1.762889,0.1799999,-0.01883188
63926389304.8471,1,0,7,1,0,1,7.283083,0,943.435420613653,0,0,0,715.37,3045,1364,1024,0.7534198,0.18,-0.01883188
63926389305.1341,1,0,7,1,0,1,7.003083,0,943.435420613653,0,0,0,715.656,3046,1364,1024,0.7534198,0.18,-0.01883188
63926389305.4127,1,0,7,1,0,1,6.983083,0,943.435420613653,0,0,0,715.6701,3047,1364,1024,-1.8,0,9
63926389305.6943,1,0,7,1,0,1,6.703084,0,943.435420613653,0,0,0,715.9477,3048,1364,1024,-1.8,0.1799999,9
63926389305.996,1,0,7,1,0,1,6.403084,0,943.435420613653,0,0,0,716.2498,3049,1364,1024,-1.8,0.1799999,9
63926389306.2843,1,0,7,1,0,1,6.123084,0,943.435420613653,0,0,0,716.5368,3050,1364,1024,-1.8,0.1799999,9
63926389306.5732,1,0,7,1,0,1,5.823084,0,943.435420613653,0,0,0,716.8248,3051,1364,1024,-1.8,0.1799999,9
63926389306.8473,1,0,7,1,0,1,5.823084,0,943.435420613653,0,0,0,716.8388,3052,1364,1024,-1.8,0.1799999,9
63926389307.1386,1,0,7,1,0,1,5.523085,0,943.435420613653,0,0,0,717.1249,3053,1364,1024,-1.8,0.1799999,9
63926389307.4208,1,0,7,1,0,1,5.243085,0,943.435420613653,0,0,0,717.4076,3054,1364,1024,-1.8,0.1799999,9
63926389307.7001,1,0,7,1,0,1,4.963085,0,943.435420613653,0,0,0,717.6876,3055,1364,1024,-1.8,0.1799999,9
63926389307.9922,1,0,7,1,0,1,4.683085,0,943.435420613653,0,0,0,717.9791,3056,1364,1024,-1.8,0.1799999,9
63926389308.2626,1,0,7,1,0,1,4.403086,0,943.435420613653,0,0,0,718.2492,3057,1364,1024,-1.8,0.1799999,9
63926389308.5578,1,0,7,1,0,1,4.103086,0,943.435420613653,0,0,0,718.545,3058,1364,1024,-1.8,0.1799999,9
63926389308.8361,1,0,7,1,0,1,3.823086,0,943.435420613653,0,0,0,718.8243,3059,1364,1024,-1.8,0.1799999,9
63926389309.1108,1,0,7,1,0,1,3.563087,0,943.435420613653,0,0,0,719.0989,3060,1364,1024,-1.8,0.1799999,9
63926389309.4004,1,0,7,1,0,1,3.263087,0,943.435420613653,0,0,0,719.3881,3061,1364,1024,-1.8,0.1799999,9
63926389309.6728,1,0,7,1,0,1,3.003087,0,943.435420613653,0,0,0,719.6582,3062,1364,1024,-1.8,0.1799999,9
63926389309.936,1,0,7,1,0,1,2.723087,0,943.435420613653,0,0,0,719.9228,3063,1364,1024,-1.8,0.1799999,9
63926389310.2043,1,0,7,1,0,1,2.463088,0,943.435420613653,0,0,0,720.1899,3064,1364,1024,-1.8,0.1799999,9
63926389310.5121,1,0,7,1,0,1,2.163088,0,943.435420613653,0,0,0,720.4957,3065,1364,1024,-1.8,0.1799999,9
63926389310.8044,1,0,7,1,0,1,1.863088,0,943.435420613653,0,0,0,720.7894,3066,1364,1024,-1.8,0.1799999,9
63926389311.0917,1,0,7,1,0,1,1.583088,0,943.435420613653,0,0,0,721.0786,3067,1364,1024,-1.8,0.1799999,9
63926389311.3789,1,0,7,1,0,1,1.283089,0,943.435420613653,0,0,0,721.3662,3068,1364,1024,-1.8,0.1799999,9
63926389311.6567,1,0,7,1,0,1,1.003089,0,943.435420613653,0,0,0,721.6436,3069,1364,1024,-1.8,0.1799999,9
63926389311.9236,1,0,7,1,0,1,0.7430892,0,943.435420613653,0,0,0,721.9112,3070,1364,1024,-1.8,0.1799999,9
63926389312.233,1,0,7,1,0,1,0.4430895,0,943.435420613653,0,0,0,722.2189,3071,1364,1024,-1.8,0.1799999,9
63926389312.5258,1,0,7,1,0,1,0.1430897,0,943.435420613653,0,0,0,722.5126,3072,1364,1024,-1.8,0.1799999,9
63926389312.791,1,0,7,0,1,1,0,1,1045.94128573065,4.998095,1,1,722.7773,3073,1364,1024,-1.8,0.1799999,9
63926389313.3272,1,0,7,0,1,1,0,1,1045.94128573065,4.461837,1,1,722.7773,3073,1364,1024,-1.8,0.1799999,9
63926389313.6201,1,0,7,0,1,1,0,1,1045.94128573065,4.169005,1,1,722.7773,3073,1364,1024,-1.8,0.1799999,9
63926389313.8941,1,0,7,0,1,1,0,1,1045.94128573065,3.894992,1,1,722.7773,3073,1364,1024,-1.8,0.1799999,9
63926389314.1855,1,0,7,0,1,1,0,1,1045.94128573065,3.603604,1,1,722.7773,3073,1364,1024,-1.8,0.1799999,9
63926389314.4628,1,0,7,0,1,1,0,1,1045.94128573065,3.326294,1,1,722.7773,3073,1364,1024,-1.8,0.1799999,9
63926389314.7584,1,0,7,0,1,1,0,1,1045.94128573065,3.030661,1,1,722.7773,3073,1364,1024,-1.8,0.1799999,9
63926389315.0382,1,0,7,0,1,1,0,1,1045.94128573065,2.750857,1,1,722.7773,3073,1364,1024,-1.8,0.1799999,9
63926389315.3272,1,0,7,0,1,1,0,1,1045.94128573065,2.461922,1,1,722.7773,3073,1364,1024,-1.8,0.1799999,9
63926389315.6167,1,0,7,0,1,1,0,1,1045.94128573065,2.172437,1,1,722.7773,3073,1364,1024,-1.8,0.1799999,9
63926389315.9087,1,0,7,0,1,1,0,1,1045.94128573065,1.88042,1,1,722.7773,3073,1364,1024,-1.8,0.1799999,9
63926389316.2073,1,0,7,0,1,1,0,1,1045.94128573065,1.581784,1,1,722.7773,3073,1364,1024,-1.8,0.1799999,9
63926389316.5175,1,0,7,0,1,1,0,1,1045.94128573065,1.271648,1,1,722.7773,3073,1364,1024,-1.8,0.1799999,9
63926389316.7962,1,0,7,0,1,1,0,1,1045.94128573065,0.992919,1,1,722.7773,3073,1364,1024,-1.8,0.1799999,9
63926389317.0789,1,0,7,0,1,1,0,1,1045.94128573065,0.7102532,1,1,722.7773,3073,1364,1024,-1.8,0.1799999,9
63926389317.3618,1,0,7,0,1,1,0,1,1045.94128573065,0.4273748,1,1,722.7773,3073,1364,1024,-1.8,0.1799999,9
63926389317.6483,1,0,7,0,1,1,0,1,1045.94128573065,0.1408086,1,1,722.7773,3073,1364,1024,-1.8,0.1799999,9
63926389317.9199,1,0,7,0,1,1,0,1,1045.94128573065,0,1,1,722.7773,3073,1364,1024,-1.8,0.1799999,9
63926389318.2124,1,0,8,1,0,1,89.70005,0,1045.94128573065,0,0,0,723.064,3074,1364,1024,-1.8,0.1799999,9
63926389318.472,1,0,8,1,0,1,89.44009,0,1045.94128573065,0,0,0,723.3249,3075,1364,1024,-1.8,0.18,8.375091
63926389318.7516,1,0,8,1,0,1,89.16014,0,1045.94128573065,0,0,0,723.6046,3076,1364,1024,-1.8,0.18,7.365621
63926389319.0314,1,0,8,1,0,1,88.88019,0,1045.94128573065,0,0,0,723.8831,3077,1364,1024,-1.8,0.18,6.356151
63926389319.3173,1,0,8,1,0,1,88.60023,0,1045.94128573065,0,0,0,724.1703,3078,1364,1024,-1.8,0.18,6.356151
63926389319.5888,1,0,8,1,0,1,88.32028,0,1045.94128573065,0,0,0,724.4412,3079,1364,1024,-1.8,0.18,7.029131
63926389319.8692,1,0,8,1,0,1,88.04033,0,1045.94128573065,0,0,0,724.7222,3080,1364,1024,-1.8,0.18,7.702111
63926389320.13,1,0,8,1,0,1,87.78037,0,1045.94128573065,0,0,0,724.9829,3081,1364,1024,-2.241878,0.18,8.143989
63926389320.4069,1,0,8,1,0,1,87.50042,0,1045.94128573065,0,0,0,725.2599,3082,1364,1024,-2.241878,0.18,8.143989
63926389320.6966,1,0,8,1,0,1,87.22047,0,1045.94128573065,0,0,0,725.5477,3083,1364,1024,-2.241878,0.18,8.143989
63926389320.9655,1,0,8,1,0,1,86.96051,0,1045.94128573065,0,0,0,725.8191,3084,1364,1024,-2.241878,0.18,8.143989
63926389321.2391,1,0,8,1,0,1,86.96051,0,1045.94128573065,0,1,1,725.8191,3085,1364,1024,-2.241878,0.18,8.143989
63926389321.7002,1,0,8,1,0,1,86.96051,0,1045.94128573065,0,1,1,725.8191,3086,1364,1024,-2.241878,0.18,8.143989
63926389322.1646,1,0,8,1,0,1,86.96051,0,1045.94128573065,0,1,1,725.8191,3087,1364,1024,-2.241878,0.18,8.143989
63926389322.629,1,0,8,1,0,1,86.96051,0,1045.94128573065,0,1,1,725.8191,3088,1364,1024,-2.241878,0.18,8.143989
63926389323.1049,1,0,8,1,0,1,86.96051,0,1045.94128573065,0,1,1,725.8191,3089,1364,1024,-2.241878,0.18,8.143989
63926389323.5521,1,0,8,1,0,1,86.96051,0,1045.94128573065,0,1,1,725.8191,3090,1364,1024,-2.241878,0.18,8.143989
63926389324.003,1,0,8,1,0,1,86.96051,0,1045.94128573065,0,1,1,725.8191,3091,1364,1024,-2.241878,0.18,8.143989
63926389324.4655,1,0,8,1,0,1,86.96051,0,1045.94128573065,0,1,1,725.8191,3092,1364,1024,-2.241878,0.18,8.143989
63926389324.9548,1,0,8,1,0,1,86.62057,0,1045.94128573065,0,0,0,726.1524,3093,1364,1024,-2.241878,0.18,8.143989
63926389325.2741,1,0,8,1,0,1,86.30062,0,1045.94128573065,0,0,0,726.4664,3094,1364,1024,-2.241878,0.18,8.143989
63926389325.5452,1,0,8,1,0,1,86.02067,0,1045.94128573065,0,0,0,726.7444,3095,1364,1024,-2.220089,0.1799999,7.808696
63926389325.8912,1,0,8,1,0,1,85.70072,0,1045.94128573065,0,0,0,727.0777,3096,1364,1024,-2.220089,0.1799999,7.808696
63926389326.185,1,0,8,1,0,1,85.40077,0,1045.94128573065,0,0,0,727.3702,3097,1364,1024,-2.220089,0.1799999,7.808696
63926389326.4826,1,0,8,1,0,1,85.10082,0,1045.94128573065,0,0,0,727.6678,3098,1364,1024,-2.220089,0.1799999,7.808696
63926389326.7751,1,0,8,1,0,1,84.80087,0,1045.94128573065,0,0,0,727.9612,3099,1364,1024,-2.220089,0.1799999,7.808696
63926389327.0562,1,0,8,1,0,1,84.52092,0,1045.94128573065,0,0,0,728.2423,3100,1364,1024,-2.220089,0.1799999,7.808696
63926389327.3431,1,0,8,1,0,1,84.24097,0,1045.94128573065,0,0,0,728.5253,3101,1364,1024,-2.220089,0.1799999,7.808696
63926389327.6207,1,0,8,1,0,1,83.96101,0,1045.94128573065,0,0,0,728.8075,3102,1364,1024,-2.220089,0.1799999,7.808696
63926389327.899,1,0,8,1,0,1,83.68106,0,1045.94128573065,0,0,0,729.0855,3103,1364,1024,-2.220089,0.1799999,7.808696
63926389328.1848,1,0,8,1,0,1,83.40111,0,1045.94128573065,0,0,0,729.3694,3104,1364,1024,-2.220089,0.1799999,7.808696
63926389328.4575,1,0,8,1,0,1,83.12115,0,1045.94128573065,0,0,0,729.6428,3105,1364,1024,-2.220089,0.1799999,7.808696
63926389328.7232,1,0,8,1,0,1,82.8612,0,1045.94128573065,0,0,0,729.9088,3106,1364,1024,-2.220089,0.1799999,7.808696
63926389328.9815,1,0,8,1,0,1,82.60124,0,1045.94128573065,0,0,0,730.1674,3107,1364,1024,-2.220089,0.1799999,7.808696
63926389329.2606,1,0,8,1,0,1,82.32129,0,1045.94128573065,0,0,0,730.4466,3108,1364,1024,-2.220089,0.18,7.135715
63926389329.5372,1,0,8,1,0,1,82.04134,0,1045.94128573065,0,0,0,730.7239,3109,1364,1024,-2.220089,0.18,6.126245
63926389329.822,1,0,8,1,0,1,81.76138,0,1045.94128573065,0,0,0,731.0082,3110,1364,1024,-2.220089,0.1799999,6.126245
63926389330.0895,1,0,8,1,0,1,81.50143,0,1045.94128573065,0,0,0,731.2753,3111,1364,1024,-2.220089,0.18,7.06361
63926389330.3552,1,0,8,1,0,1,81.48143,0,1045.94128573065,0,0,0,731.2888,3112,1364,1024,-2.220089,0.18,7.11168
63926389330.6323,1,0,8,1,0,1,81.20148,0,1045.94128573065,0,0,0,731.5623,3113,1364,1024,-2.220089,0.18,7.784659
63926389330.9173,1,0,8,1,0,1,80.92152,0,1045.94128573065,0,0,0,731.8466,3114,1364,1024,-2.695958,0.18,8.260527
63926389331.1937,1,0,8,1,0,1,80.64157,0,1045.94128573065,0,0,0,732.1226,3115,1364,1024,-2.695958,0.18,8.260527
63926389331.4632,1,0,8,1,0,1,80.38161,0,1045.94128573065,0,0,0,732.3919,3116,1364,1024,-2.695958,0.18,8.260527
63926389331.7322,1,0,8,1,0,1,80.10166,0,1045.94128573065,0,0,0,732.6606,3117,1364,1024,-2.695958,0.18,8.260527
63926389332.0049,1,0,8,1,0,1,79.84171,0,1045.94128573065,0,0,0,732.935,3118,1364,1024,-2.695958,0.18,8.260527
63926389332.2881,1,0,8,1,0,1,79.56175,0,1045.94128573065,0,0,0,733.2168,3119,1364,1024,-2.695958,0.18,8.260527
63926389332.5592,1,0,8,1,0,1,79.2818,0,1045.94128573065,0,0,0,733.4889,3120,1364,1024,-2.859063,0.1799999,8.289936
63926389332.811,1,0,8,1,0,1,79.02184,0,1045.94128573065,0,0,0,733.7405,3121,1364,1024,-2.859063,0.1799999,8.289936
63926389333.0761,1,0,8,1,0,1,78.76189,0,1045.94128573065,0,0,0,734.0058,3122,1364,1024,-2.859063,0.1799999,8.289936
63926389333.3465,1,0,8,1,0,1,78.50193,0,1045.94128573065,0,0,0,734.2762,3123,1364,1024,-2.859063,0.18,7.665027
63926389333.6127,1,0,8,1,0,1,78.22198,0,1045.94128573065,0,0,0,734.5427,3124,1364,1024,-2.186083,0.18,7.665027
63926389333.8948,1,0,8,1,0,1,77.94202,0,1045.94128573065,0,0,0,734.8249,3125,1364,1024,-1.513103,0.18,7.665027
63926389334.1581,1,0,8,1,0,1,77.68207,0,1045.94128573065,0,0,0,735.0887,3126,1364,1024,-1.513103,0.18,7.040117
63926389334.4331,1,0,8,1,0,1,77.40211,0,1045.94128573065,0,0,0,735.3622,3127,1364,1024,-1.513103,0.18,6.030647
63926389334.7122,1,0,8,1,0,1,77.12216,0,1045.94128573065,0,0,0,735.6422,3128,1364,1024,-1.513103,0.18,5.021178
63926389335.0006,1,0,8,1,0,1,76.84221,0,1045.94128573065,0,0,0,735.9309,3129,1364,1024,-1.513103,0.18,4.011708
63926389335.2659,1,0,8,1,0,1,76.58225,0,1045.94128573065,0,0,0,736.1954,3130,1364,1024,-1.513103,0.18,3.386798
63926389335.5488,1,0,8,1,0,1,76.3023,0,1045.94128573065,0,0,0,736.4788,3131,1364,1024,-1.513103,0.18,2.713819
63926389335.8177,1,0,8,1,0,1,76.02235,0,1045.94128573065,0,0,0,736.7477,3132,1364,1024,-1.513103,0.18,0.8691293
63926389336.0926,1,0,8,1,0,1,75.74239,0,1045.94128573065,0,0,0,737.0226,3133,1364,1024,-1.346549,0.18,0.663758
63926389336.3631,1,0,8,1,0,1,75.74239,0,1045.94128573065,0,0,0,737.0363,3134,1364,1024,-1.8,0,9
63926389336.632,1,0,8,1,0,1,75.46244,0,1045.94128573065,0,0,0,737.301,3135,1364,1024,-1.8,0.1799999,9
63926389336.9184,1,0,8,1,0,1,75.18249,0,1045.94128573065,0,0,0,737.5877,3136,1364,1024,-1.8,0.1799999,9
63926389337.1995,1,0,8,1,0,1,74.90253,0,1045.94128573065,0,0,0,737.8682,3137,1364,1024,-1.8,0.1799999,9
63926389337.4756,1,0,8,1,0,1,74.62258,0,1045.94128573065,0,0,0,738.1446,3138,1364,1024,-1.8,0.1799999,9
63926389337.7616,1,0,8,1,0,1,74.34263,0,1045.94128573065,0,0,0,738.4287,3139,1364,1024,-1.8,0.1799999,9
63926389338.0366,1,0,8,1,0,1,74.06268,0,1045.94128573065,0,0,0,738.7064,3140,1364,1024,-1.8,0.1799999,9
63926389338.2944,1,0,8,1,0,1,73.80272,0,1045.94128573065,0,0,0,738.9636,3141,1364,1024,-1.8,0.1799999,9
63926389338.5631,1,0,8,1,0,1,73.80272,0,1045.94128573065,0,0,0,738.9772,3142,1364,1024,-1.8,0.1799999,9
63926389338.8323,1,0,8,1,0,1,73.52277,0,1045.94128573065,0,0,0,739.2421,3143,1364,1024,-1.8,0.1799999,9
63926389339.1073,1,0,8,1,0,1,73.26281,0,1045.94128573065,0,0,0,739.517,3144,1364,1024,-1.8,0.1799999,9
63926389339.3682,1,0,8,1,0,1,73.00285,0,1045.94128573065,0,0,0,739.7775,3145,1364,1024,-1.8,0.1799999,9
63926389339.6611,1,0,8,1,0,1,72.7029,0,1045.94128573065,0,0,0,740.0696,3146,1364,1024,-1.8,0.1799999,9
63926389339.9608,1,0,8,1,0,1,72.68291,0,1045.94128573065,0,0,0,740.0848,3147,1364,1024,-1.8,0.1799999,9
63926389340.2342,1,0,8,1,0,1,72.42295,0,1045.94128573065,0,0,0,740.3552,3148,1364,1024,-1.8,0.1799999,9
63926389340.5331,1,0,8,1,0,1,72.123,0,1045.94128573065,0,0,0,740.6535,3149,1364,1024,-1.8,0.1799999,9
63926389340.809,1,0,8,1,0,1,71.84305,0,1045.94128573065,0,0,0,740.929,3150,1364,1024,-1.8,0.1799999,9
63926389341.0997,1,0,8,1,0,1,71.5431,0,1045.94128573065,0,0,0,741.2202,3151,1364,1024,-1.8,0.1799999,9
63926389341.3562,1,0,8,1,0,1,71.30314,0,1045.94128573065,0,0,0,741.4765,3152,1364,1024,-1.8,0.1799999,9
63926389341.6318,1,0,8,1,0,1,71.02319,0,1045.94128573065,0,0,0,741.7526,3153,1364,1024,-1.8,0.1799999,9
63926389341.8983,1,0,8,1,0,1,70.74323,0,1045.94128573065,0,0,0,742.02,3154,1364,1024,-1.8,0.1799999,9
63926389342.1688,1,0,8,1,0,1,70.48328,0,1045.94128573065,0,0,0,742.2896,3155,1364,1024,-1.8,0.1799999,9
63926389342.4465,1,0,8,1,0,1,70.20332,0,1045.94128573065,0,0,0,742.5674,3156,1364,1024,-1.8,0.1799999,9
63926389342.7204,1,0,8,1,0,1,69.92337,0,1045.94128573065,0,0,0,742.8408,3157,1364,1024,-1.8,0.1799999,9
63926389343.0272,1,0,8,1,0,1,69.62342,0,1045.94128573065,0,0,0,743.1468,3158,1364,1024,-1.8,0.18,8.278951
63926389343.3016,1,0,8,1,0,1,69.34347,0,1045.94128573065,0,0,0,743.4215,3159,1364,1024,-1.8,0.18,7.269481
63926389343.6039,1,0,8,1,0,1,69.04352,0,1045.94128573065,0,0,0,743.7238,3160,1364,1024,-1.8,0.18,6.187906
63926389343.9099,1,0,8,1,0,1,68.74357,0,1045.94128573065,0,0,0,744.0298,3161,1364,1024,-1.8,0.1799999,6.187906
63926389344.2103,1,0,8,1,0,1,68.72357,0,1045.94128573065,0,0,0,744.045,3162,1364,1024,-1.8,0,9
63926389344.5228,1,0,8,1,0,1,68.42362,0,1045.94128573065,0,0,0,744.3538,3163,1364,1024,-1.8,0.1799999,9
63926389344.8187,1,0,8,1,0,1,68.12367,0,1045.94128573065,0,0,0,744.6486,3164,1364,1024,-1.8,0.1799999,9
63926389345.101,1,0,8,1,0,1,67.84372,0,1045.94128573065,0,0,0,744.9308,3165,1364,1024,-1.8,0.1799999,9
63926389345.3984,1,0,8,1,0,1,67.54377,0,1045.94128573065,0,0,0,745.2275,3166,1364,1024,-1.8,0.1799999,9
63926389345.6862,1,0,8,1,0,1,67.26382,0,1045.94128573065,0,0,0,745.5182,3167,1364,1024,-1.8,0.1799999,9
63926389345.9752,1,0,8,1,0,1,66.96387,0,1045.94128573065,0,0,0,745.8064,3168,1364,1024,-1.8,0.1799999,9
63926389346.2567,1,0,8,1,0,1,66.68391,0,1045.94128573065,0,0,0,746.088,3169,1364,1024,-1.8,0.1799999,9
63926389346.5523,1,0,8,1,0,1,66.38396,0,1045.94128573065,0,0,0,746.3825,3170,1364,1024,-1.8,0.1799999,9
63926389346.8354,1,0,8,1,0,1,66.10401,0,1045.94128573065,0,0,0,746.6664,3171,1364,1024,-1.8,0.1799999,9
63926389347.1192,1,0,8,1,0,1,65.82406,0,1045.94128573065,0,0,0,746.9504,3172,1364,1024,-1.8,0.1799999,9
63926389347.4182,1,0,8,1,0,1,65.80406,0,1045.94128573065,0,0,0,746.9656,3173,1364,1024,-1.8,0.1799999,9
63926389347.7071,1,0,8,1,0,1,65.52411,0,1045.94128573065,0,0,0,747.2497,3174,1364,1024,-1.8,0.1799999,9
63926389347.9973,1,0,8,1,0,1,65.24416,0,1045.94128573065,0,0,0,747.5396,3175,1364,1024,-1.8,0.1799999,9
63926389348.2849,1,0,8,1,0,1,64.94421,0,1045.94128573065,0,0,0,747.8282,3176,1364,1024,-1.8,0.1799999,9
63926389348.5838,1,0,8,1,0,1,64.64426,0,1045.94128573065,0,0,0,748.1262,3177,1364,1024,-1.8,0.1799999,9
63926389348.8622,1,0,8,1,0,1,64.3643,0,1045.94128573065,0,0,0,748.407,3178,1364,1024,-1.8,0.1799999,9
63926389349.1546,1,0,8,1,0,1,64.08435,0,1045.94128573065,0,0,0,748.698,3179,1364,1024,-1.8,0.1799999,9
63926389349.4341,1,0,8,1,0,1,63.80436,0,1045.94128573065,0,0,0,748.9778,3180,1364,1024,-1.8,0.1799999,9
63926389349.7143,1,0,8,1,0,1,63.52435,0,1045.94128573065,0,0,0,749.2581,3181,1364,1024,-1.8,0.1799999,9
63926389350.0216,1,0,8,1,0,1,63.20435,0,1045.94128573065,0,0,0,749.5641,3182,1364,1024,-1.8,0.1799999,9
63926389350.3306,1,0,8,1,0,1,62.90434,0,1045.94128573065,0,0,0,749.8691,3183,1364,1024,-1.8,0.1799999,9
63926389350.6263,1,0,8,1,0,1,62.60433,0,1045.94128573065,0,0,0,750.1703,3184,1364,1024,-1.8,0.18,8.278951
63926389350.92,1,0,8,1,0,1,62.30433,0,1045.94128573065,0,0,0,750.4624,3185,1364,1024,-1.8,0.18,7.5579
63926389351.1974,1,0,8,1,0,1,62.02432,0,1045.94128573065,0,0,0,750.7401,3186,1364,1024,-1.8,0.18,6.548431
63926389351.4776,1,0,8,1,0,1,61.74431,0,1045.94128573065,0,0,0,751.0206,3187,1364,1024,-1.8,0.18,5.538961
63926389351.7783,1,0,8,1,0,1,61.44431,0,1045.94128573065,0,0,0,751.3208,3188,1364,1024,-1.8,0.18,5.538961
63926389352.06,1,0,8,1,0,1,61.1643,0,1045.94128573065,0,0,0,751.6016,3189,1364,1024,-1.8,0.18,6.548431
63926389352.3584,1,0,8,1,0,1,61.1643,0,1045.94128573065,0,0,0,751.6168,3190,1364,1024,-1.8,0,9
63926389352.6477,1,0,8,1,0,1,60.86429,0,1045.94128573065,0,0,0,751.9009,3191,1364,1024,-1.8,0.1799999,9
63926389352.9497,1,0,8,1,0,1,60.56429,0,1045.94128573065,0,0,0,752.2013,3192,1364,1024,-1.8,0.1799999,9
63926389353.2458,1,0,8,1,0,1,60.28428,0,1045.94128573065,0,0,0,752.4991,3193,1364,1024,-1.8,0.1799999,9
63926389353.5342,1,0,8,1,0,1,59.98427,0,1045.94128573065,0,0,0,752.7872,3194,1364,1024,-1.8,0.1799999,9
63926389353.8332,1,0,8,1,0,1,59.68427,0,1045.94128573065,0,0,0,753.0837,3195,1364,1024,-1.8,0.1799999,9
63926389354.1206,1,0,8,1,0,1,59.40426,0,1045.94128573065,0,0,0,753.3734,3196,1364,1024,-1.8,0.1799999,9
63926389354.401,1,0,8,1,0,1,59.12425,0,1045.94128573065,0,0,0,753.6551,3197,1364,1024,-1.8,0.1799999,9
63926389354.6977,1,0,8,1,0,1,58.82425,0,1045.94128573065,0,0,0,753.9493,3198,1364,1024,-1.8,0.1799999,9
63926389355.0066,1,0,8,1,0,1,58.80424,0,1045.94128573065,0,0,0,753.9651,3199,1364,1024,-1.8,0.1799999,9
63926389355.296,1,0,8,1,0,1,58.52424,0,1045.94128573065,0,0,0,754.2513,3200,1364,1024,-1.8,0.1799999,9
63926389355.5708,1,0,8,1,0,1,58.24423,0,1045.94128573065,0,0,0,754.5255,3201,1364,1024,-1.8,0.1799999,9
63926389355.8804,1,0,8,1,0,1,57.94423,0,1045.94128573065,0,0,0,754.8348,3202,1364,1024,-1.8,0.1799999,9
63926389356.1793,1,0,8,1,0,1,57.64422,0,1045.94128573065,0,0,0,755.1345,3203,1364,1024,-1.8,0.1799999,9
63926389356.4717,1,0,8,1,0,1,57.34421,0,1045.94128573065,0,0,0,755.4261,3204,1364,1024,-1.8,0.1799999,9
63926389356.768,1,0,8,1,0,1,57.0442,0,1045.94128573065,0,0,0,755.7225,3205,1364,1024,-1.8,0.1799999,9
63926389357.0498,1,0,8,1,0,1,56.7642,0,1045.94128573065,0,0,0,756.0049,3206,1364,1024,-1.8,0.1799999,9
63926389357.3334,1,0,8,1,0,1,56.48419,0,1045.94128573065,0,0,0,756.2883,3207,1364,1024,-1.8,0.1799999,9
63926389357.6051,1,0,8,1,0,1,56.20419,0,1045.94128573065,0,0,0,756.5603,3208,1364,1024,-1.8,0.1799999,9
63926389357.8721,1,0,8,1,0,1,55.94418,0,1045.94128573065,0,0,0,756.8275,3209,1364,1024,-1.8,0.1799999,9
63926389358.1687,1,0,8,1,0,1,55.64417,0,1045.94128573065,0,0,0,757.1244,3210,1364,1024,-1.8,0.1799999,9
63926389358.4662,1,0,8,1,0,1,55.34417,0,1045.94128573065,0,0,0,757.4211,3211,1364,1024,-1.8,0.1799999,9
63926389358.7606,1,0,8,1,0,1,55.06416,0,1045.94128573065,0,0,0,757.7139,3212,1364,1024,-1.8,0.18,8.327021
63926389359.0419,1,0,8,1,0,1,54.78415,0,1045.94128573065,0,0,0,757.9968,3213,1364,1024,-1.8,0.18,7.317551
63926389359.3189,1,0,8,1,0,1,54.50415,0,1045.94128573065,0,0,0,758.2743,3214,1364,1024,-1.8,0.18,6.308081
63926389359.6173,1,0,8,1,0,1,54.20414,0,1045.94128573065,0,0,0,758.5709,3215,1364,1024,-1.8,0.18,5.226507
63926389359.8944,1,0,8,1,0,1,54.18414,0,1045.94128573065,0,0,0,758.585,3216,1364,1024,-1.8,0,9
63926389360.1835,1,0,8,1,0,1,53.90413,0,1045.94128573065,0,0,0,758.8694,3217,1364,1024,-1.8,0.1799999,9
63926389360.51,1,0,8,1,0,1,53.58413,0,1045.94128573065,0,0,0,759.1935,3218,1364,1024,-1.8,0.1799999,9
63926389360.7836,1,0,8,1,0,1,53.30412,0,1045.94128573065,0,0,0,759.4698,3219,1364,1024,-1.8,0.1799999,9
63926389361.0608,1,0,8,1,0,1,53.02411,0,1045.94128573065,0,0,0,759.7473,3220,1364,1024,-1.8,0.1799999,9
63926389361.3204,1,0,8,1,0,1,52.76411,0,1045.94128573065,0,0,0,760.0058,3221,1364,1024,-1.8,0.1799999,9
63926389361.5838,1,0,8,1,0,1,52.5041,0,1045.94128573065,0,0,0,760.2709,3222,1364,1024,-1.8,0.1799999,9
63926389361.8402,1,0,8,1,0,1,52.24409,0,1045.94128573065,0,0,0,760.5278,3223,1364,1024,-1.8,0.1799999,9
63926389362.1112,1,0,8,1,0,1,51.98409,0,1045.94128573065,0,0,0,760.7982,3224,1364,1024,-1.8,0.1799999,9
63926389362.3848,1,0,8,1,0,1,51.70408,0,1045.94128573065,0,0,0,761.0693,3225,1364,1024,-1.8,0.1799999,9
63926389362.6482,1,0,8,1,0,1,51.44408,0,1045.94128573065,0,0,0,761.3341,3226,1364,1024,-1.8,0.1799999,9
63926389362.919,1,0,8,1,0,1,51.16407,0,1045.94128573065,0,0,0,761.6053,3227,1364,1024,-1.8,0.1799999,9
63926389363.1925,1,0,8,1,0,1,51.16407,0,1045.94128573065,0,0,0,761.6193,3228,1364,1024,-1.8,0.1799999,9
63926389363.4932,1,0,8,1,0,1,50.86406,0,1045.94128573065,0,0,0,761.9139,3229,1364,1024,-1.8,0.1799999,9
63926389363.7963,1,0,8,1,0,1,50.56406,0,1045.94128573065,0,0,0,762.2145,3230,1364,1024,-1.8,0.1799999,9
63926389364.07,1,0,8,1,0,1,50.28405,0,1045.94128573065,0,0,0,762.4908,3231,1364,1024,-1.8,0.1799999,9
63926389364.3416,1,0,8,1,0,1,50.00404,0,1045.94128573065,0,0,0,762.7634,3232,1364,1024,-1.8,0.1799999,9
63926389364.6113,1,0,8,1,0,1,49.74404,0,1045.94128573065,0,0,0,763.0332,3233,1364,1024,-1.8,0.1799999,9
63926389364.906,1,0,8,1,0,1,49.44403,0,1045.94128573065,0,0,0,763.3287,3234,1364,1024,-1.8,0.1799999,9
63926389365.2173,1,0,8,1,0,1,49.14402,0,1045.94128573065,0,0,0,763.6394,3235,1364,1024,-1.8,0.1799999,9
63926389365.5142,1,0,8,1,0,1,48.84402,0,1045.94128573065,0,0,0,763.9372,3236,1364,1024,-1.8,0.1799999,9
63926389365.8023,1,0,8,1,0,1,48.54401,0,1045.94128573065,0,0,0,764.2246,3237,1364,1024,-1.8,0.1799999,9
63926389366.1048,1,0,8,1,0,1,48.244,0,1045.94128573065,0,0,0,764.5269,3238,1364,1024,-1.8,0.18,8.278951
63926389366.4105,1,0,8,1,0,1,47.944,0,1045.94128573065,0,0,0,764.8317,3239,1364,1024,-1.8,0.18,7.197376
63926389366.726,1,0,8,1,0,1,47.62399,0,1045.94128573065,0,0,0,765.1476,3240,1364,1024,-1.8,0.18,6.043696
63926389367.1021,1,0,8,1,0,1,47.28398,0,1045.94128573065,0,0,0,765.481,3241,1364,1024,-1.8,0.18,6.043696
63926389367.4232,1,0,8,1,0,1,46.98397,0,1045.94128573065,0,0,0,765.7997,3242,1364,1024,-1.8,0.18,6.764746
63926389367.8548,1,0,8,1,0,1,46.96397,0,1045.94128573065,0,0,0,765.8164,3243,1364,1024,-1.8,0,9
63926389368.2329,1,0,8,1,0,1,46.62397,0,1045.94128573065,0,0,0,766.1497,3244,1364,1024,-1.8,0.1799999,9
63926389368.5391,1,0,8,1,0,1,46.32396,0,1045.94128573065,0,0,0,766.4577,3245,1364,1024,-1.8,0.1799999,9
63926389368.8197,1,0,8,1,0,1,46.04395,0,1045.94128573065,0,0,0,766.7382,3246,1364,1024,-1.8,0.1799999,9
63926389369.1324,1,0,8,1,0,1,45.72395,0,1045.94128573065,0,0,0,767.0496,3247,1364,1024,-1.8,0.1799999,9
63926389369.4387,1,0,8,1,0,1,45.70395,0,1045.94128573065,0,0,0,767.0652,3248,1364,1024,-1.8,0.1799999,9
63926389369.7531,1,0,8,1,0,1,45.40394,0,1045.94128573065,0,0,0,767.3705,3249,1364,1024,-1.8,0.1799999,9
63926389370.0829,1,0,8,1,0,1,45.06393,0,1045.94128573065,0,0,0,767.7039,3250,1364,1024,-1.8,0.1799999,9
63926389370.3883,1,0,8,1,0,1,44.76392,0,1045.94128573065,0,0,0,768.0107,3251,1364,1024,-1.8,0.1799999,9
63926389370.7092,1,0,8,1,0,1,44.44392,0,1045.94128573065,0,0,0,768.332,3252,1364,1024,-1.8,0.1799999,9
63926389370.9597,1,0,8,1,0,1,44.42392,0,1045.94128573065,0,0,0,768.3448,3253,1364,1024,-1.8,0.1799999,9
63926389371.2385,1,0,8,1,0,1,44.16391,0,1045.94128573065,0,0,0,768.6188,3254,1364,1024,-1.8,0.1799999,9
63926389371.723,1,0,8,1,0,1,43.8239,0,1045.94128573065,0,0,0,768.9522,3255,1364,1024,-1.8,0.1799999,9
63926389371.987,1,0,8,1,0,1,43.5639,0,1045.94128573065,0,0,0,769.2183,3256,1364,1024,-1.8,0.1799999,9
63926389372.2699,1,0,8,1,0,1,43.26389,0,1045.94128573065,0,0,0,769.5004,3257,1364,1024,-1.8,0.1799999,9
63926389372.5605,1,0,8,1,0,1,42.98388,0,1045.94128573065,0,0,0,769.7905,3258,1364,1024,-1.8,0.1799999,9
