[Licensing::Module] Trying to connect to existing licensing client channel...
Built from '6000.5/staging' branch; Version is '6000.5.8f1 (5cb7df797b7d) revision 6076383'; Using compiler version '194234433'; Build Type 'Release'
OS: 'Windows 10  (10.0.19045) 64bit Core' Language: 'en' Physical Memory: 16335 MB
[Licensing::IpcConnector] Channel LicenseClient-matth doesn't exist
BatchMode: 1, IsHumanControllingUs: 0, StartBugReporterOnCrash: 0, Is64bit: 1
System  architecture: x64
Process architecture: x64
Date: 2026-10-06T06:56:18Z
[Licensing::Module] Successfully launched the LicensingClient (PId: 17072)

COMMAND LINE ARGUMENTS:
C:/Program Files/Unity/Hub/Editor/6000.5.8f1/Editor/Unity.exe
-projectPath
C:\Users\matth\Documents\Codex\work\tump-competition-candidate1003i
-batchmode
-force-d3d11
-tp-profile
pc-arrival-owner-candidate1006
-runTests
-testPlatform
PlayMode
-testFilter
TumbangPreso.PlayTests.ArrivalViewOwnershipTests
-testResults
C:\Users\matth\Documents\Codex\work\tump-competition-candidate1003i\Logs\arrival-view-ownership1006\candidate-native\results.xml
-logFile
C:\Users\matth\Documents\Codex\work\tump-competition-candidate1003i\Logs\arrival-view-ownership1006\candidate-native\editor.log
Successfully changed project path to: C:\Users\matth\Documents\Codex\work\tump-competition-candidate1003i
C:/Users/matth/Documents/Codex/work/tump-competition-candidate1003i
[UnityMemory] Configuration Parameters - Can be set up in boot.config
    "memorysetup-temp-allocator-size-gi-baking-worker=262144"
    "memorysetup-temp-allocator-size-gi-baking-worker=262144"
    "memorysetup-temp-allocator-size-gi-baking-worker=262144"
    "memorysetup-temp-allocator-size-gi-baking-worker=262144"
    "memorysetup-temp-allocator-size-gi-baking-worker=262144"
    "memorysetup-temp-allocator-size-nav-mesh-worker=65536"
    "memorysetup-temp-allocator-size-audio-worker=65536"
    "memorysetup-temp-allocator-size-cloud-worker=32768"
    "memorysetup-temp-allocator-size-gfx=262144"
    "memorysetup-temp-allocator-size-preload-manager=33554432"
    "memorysetup-allocator-temp-initial-block-size-main=262144"
    "memorysetup-allocator-temp-initial-block-size-worker=262144"
    "memorysetup-temp-allocator-size-job-worker=262144"
    "memorysetup-temp-allocator-size-background-worker=32768"
    "memorysetup-bucket-allocator-granularity=16"
    "memorysetup-bucket-allocator-bucket-count=8"
    "memorysetup-bucket-allocator-block-size=33554432"
    "memorysetup-bucket-allocator-block-count=8"
    "memorysetup-main-allocator-block-size=16777216"
    "memorysetup-thread-allocator-block-size=16777216"
    "memorysetup-main-allocator-mimalloc-enabled=0"
    "memorysetup-gfx-main-allocator-block-size=16777216"
    "memorysetup-gfx-thread-allocator-block-size=16777216"
    "memorysetup-cache-allocator-block-size=4194304"
    "memorysetup-typetree-allocator-block-size=2097152"
    "memorysetup-profiler-bucket-allocator-granularity=16"
    "memorysetup-profiler-bucket-allocator-bucket-count=8"
    "memorysetup-profiler-bucket-allocator-block-size=33554432"
    "memorysetup-profiler-bucket-allocator-block-count=8"
    "memorysetup-profiler-allocator-block-size=16777216"
    "memorysetup-profiler-editor-allocator-block-size=1048576"
    "memorysetup-temp-allocator-size-main=16777216"
    "memorysetup-job-temp-allocator-block-size=2097152"
    "memorysetup-job-temp-allocator-block-size-background=1048576"
    "memorysetup-job-temp-allocator-reduction-small-platforms=262144"
Logging is directed to a specific file, skipping project log.Player connection [16840]  Target information:

Player connection [16840]  * "[IP] 192.168.1.7 [Port] 55504 [Flags] 2 [Guid] 1456602932 [EditorId] 1456602932 [Version] 1048832 [Id] WindowsEditor(7,DESKTOP-E4OQK9L) [Debug] 1 [PackageName] WindowsEditor [ProjectName] Editor" 

Player connection [16840]  * "[IP] 169.254.38.78 [Port] 55504 [Flags] 2 [Guid] 1456602932 [EditorId] 1456602932 [Version] 1048832 [Id] WindowsEditor(7,DESKTOP-E4OQK9L) [Debug] 1 [PackageName] WindowsEditor [ProjectName] Editor" 

Player connection [16840] Host joined multi-casting on [225.0.0.222:54997]...
Player connection [16840] Host joined alternative multi-casting on [225.0.0.222:34997]...
Input System module state changed to: Initialized.
[Physics::Module] Initialized fallback backend.
[Physics::Module] Id: 0xdecafbad
[Licensing::IpcConnector] Successfully connected to: "LicenseClient-matth" at "2026-10-06T06:56:19.0673166Z"
[Licensing::Client] Code 10 while verifying Licensing Client signature (process Id: 17072, path: "C:/Program Files/Unity/Hub/Editor/6000.5.8f1/Editor/Data/Resources/Licensing/Client/Unity.Licensing.Client.exe")
[Licensing::Module] LicensingClient has failed validation; ignoring
[Package Manager] Connected to IPC stream "Upm-22772" after 0.4 seconds.
[Licensing::Module] Licensing is not yet initialized.
[Licensing::Client] Handshaking with LicensingClient:
  Version:                 1.18.1+9fbee8e
  Session Id:              279eb9e25bad40d3bb6859f460870261
  Correlation Id:          1e2f4899b9c3df4586be90e4b48664c7
  External correlation Id: 7207138204821420661
  Machine Id:              AEgR5bR+eVpMXoYwl8lPkzJt1cA=
[Licensing::Module] Successfully connected to LicensingClient on channel: "LicenseClient-matth" (connect: 0.37s, validation: 0.27s, handshake: 0.04s)
[Licensing::IpcConnector] Successfully connected to: "LicenseClient-matth-notifications" at "2026-10-06T06:56:19.3738648Z"
[Licensing::Module] Connected to LicensingClient (PId: 17072, launch time: 0.00, total connection time: 0.68s)
[Licensing::Module] Error: Access token is unavailable; failed to update
[Licensing::Client] Successfully resolved entitlement details
[Licensing::Module] License group:
  Id: 18968509846226-UnityPersXXXX
  Product: Unity Personal
  Type: Assigned
  Expiration: Unlimited
[Licensing::Client] Successfully updated license, isAsync: True, time: 0.01
[Licensing::Module] Licensing Background thread has ended after 0.73s
[Licensing::Module] Licensing is initialized (took 0.10s).
[Licensing::Client] Successfully resolved entitlement details
Library Redirect Path: Library/
[Physics::Module] Selected backend.
[Physics::Module] Name: PhysX
[Physics::Module] Id: 0xf2b8ea05
[Physics::Module] SDK Version: 4.1.2
[Physics::Module] Integration Version: 1.0.0
[Physics::Module] Threading Mode: Multi-Threaded
Initialize engine version: 6000.5.8f1 (5cb7df797b7d)
[Subsystems] Discovering subsystems at path C:/Program Files/Unity/Hub/Editor/6000.5.8f1/Editor/Data/Resources/UnitySubsystems
[Subsystems] Discovering subsystems at path C:/Users/matth/Documents/Codex/work/tump-competition-candidate1003i/Assets
Forcing GfxDevice: Direct3D 11
GfxDevice: creating device client; kGfxThreadingModeNonThreaded
Direct3D:
    Version:  Direct3D 11.0 [level 11.1]
    Renderer: AMD Radeon RX 6600 (ID=0x73ff)
    Vendor:   ATI
    VRAM:     8147 MB
    Driver:   32.0.21043.19003
Initialize mono
Mono path[0] = 'C:/Program Files/Unity/Hub/Editor/6000.5.8f1/Editor/Data/Managed'
Mono path[1] = 'C:/Program Files/Unity/Hub/Editor/6000.5.8f1/Editor/Data/BCLExtensions/runtime/netstandard2.1'
Mono path[2] = 'C:/Program Files/Unity/Hub/Editor/6000.5.8f1/Editor/Data/MonoBleedingEdge/lib/mono/unityjit-win32'
Mono config path = 'C:/Program Files/Unity/Hub/Editor/6000.5.8f1/Editor/Data/MonoBleedingEdge/etc'
Using monoOptions --debugger-agent=transport=dt_socket,embedding=1,server=y,suspend=n,address=127.0.0.1:56772
CodeReloadManager initialized
ImportWorker Server TCP listen port: 0
AcceleratorClientConnectionCallback - disconnected - :0
Begin MonoManager ReloadAssembly
Registering precompiled unity dll's ...
Register platform support module: C:/Program Files/Unity/Hub/Editor/6000.5.8f1/Editor/Data/PlaybackEngines/WebGLSupport/UnityEditor.WebGL.Extensions.dll
Register platform support module: C:/Program Files/Unity/Hub/Editor/6000.5.8f1/Editor/Data/PlaybackEngines/WindowsStandaloneSupport/UnityEditor.WindowsStandalone.Extensions.dll
Register platform support module: C:/Program Files/Unity/Hub/Editor/6000.5.8f1/Editor/Data/PlaybackEngines/LinuxStandaloneSupport/UnityEditor.LinuxStandalone.Extensions.dll
Registered in 0.005700 seconds.
Native extension for LinuxStandalone target not found
Native extension for WindowsStandalone target not found
Native extension for WebGL target not found
Package Manager log level set to [2]
[Licensing::Client] Successfully resolved entitlement details
ScheduleIndexationOnStartup MainProcess:False IndexOnStartup:True
Mono: successfully reloaded assembly
- Finished resetting the current domain, in  4.600 seconds
Domain Reload Profiling: 5344ms
	BeginReloadAssembly (188ms)
		CreateAndSetChildDomain (3ms)
	RebuildCommonClasses (8ms)
	RebuildNativeTypeToScriptingClass (24ms)
	initialDomainReloadingComplete (99ms)
	LoadAllAssembliesAndSetupDomain (424ms)
		LoadAssemblies (183ms)
		AnalyzeDomain (306ms)
			TypeCache.Refresh (304ms)
				TypeCache.ScanAssembly (287ms)
	FinalizeReload (4601ms)
		SetupLoadedEditorAssemblies (0ms)
			InitializePlatformSupportModulesInManaged (93ms)
			BeforeProcessingInitializeOnLoad (147ms)
			ProcessInitializeOnLoadAttributes (149ms)
			ProcessInitializeOnLoadMethodAttributes (4121ms)
[Licensing::Client] Successfully resolved entitlement details
Application.AssetDatabase Initial Refresh Start
[Package Manager] Restoring resolved packages state from cache
[Licensing::Client] Successfully resolved entitlement details
[Package Manager] Registered 64 packages:
  Packages from [https://packages.unity.com]:
    com.unity.cloud.gltfast@6.14.1 (location: C:\Users\matth\Documents\Codex\work\tump-competition-candidate1003i\Library\PackageCache\com.unity.cloud.gltfast@0847aee0f6da)
    com.unity.inputsystem@1.20.0 (location: C:\Users\matth\Documents\Codex\work\tump-competition-candidate1003i\Library\PackageCache\com.unity.inputsystem@7a4e1a2a8194)
    com.unity.netcode.gameobjects@2.13.1 (location: C:\Users\matth\Documents\Codex\work\tump-competition-candidate1003i\Library\PackageCache\com.unity.netcode.gameobjects@d43d28498f17)
    com.unity.services.core@1.18.0 (location: C:\Users\matth\Documents\Codex\work\tump-competition-candidate1003i\Library\PackageCache\com.unity.services.core@3464cb68d709)
    com.unity.services.authentication@3.7.4 (location: C:\Users\matth\Documents\Codex\work\tump-competition-candidate1003i\Library\PackageCache\com.unity.services.authentication@39eab783227c)
    com.unity.services.multiplayer@2.3.0 (location: C:\Users\matth\Documents\Codex\work\tump-competition-candidate1003i\Library\PackageCache\com.unity.services.multiplayer@17f5d8518517)
    com.unity.pipeline@0.6.0-exp.1 (location: C:\Users\matth\Documents\Codex\work\tump-competition-candidate1003i\Library\PackageCache\com.unity.pipeline@9bb4172c603c)
    com.unity.nuget.mono-cecil@1.11.6 (location: C:\Users\matth\Documents\Codex\work\tump-competition-candidate1003i\Library\PackageCache\com.unity.nuget.mono-cecil@ecb9724e46ff)
    com.unity.nuget.newtonsoft-json@3.2.2 (location: C:\Users\matth\Documents\Codex\work\tump-competition-candidate1003i\Library\PackageCache\com.unity.nuget.newtonsoft-json@4dfd81071c64)
    com.unity.services.qos@1.4.1 (location: C:\Users\matth\Documents\Codex\work\tump-competition-candidate1003i\Library\PackageCache\com.unity.services.qos@03d4b52d4980)
    com.unity.services.wire@1.4.4 (location: C:\Users\matth\Documents\Codex\work\tump-competition-candidate1003i\Library\PackageCache\com.unity.services.wire@aba8a6fb1fe2)
    com.unity.services.deployment@1.7.2 (location: C:\Users\matth\Documents\Codex\work\tump-competition-candidate1003i\Library\PackageCache\com.unity.services.deployment@c07c64f9804b)
    com.unity.burst@1.8.30 (location: C:\Users\matth\Documents\Codex\work\tump-competition-candidate1003i\Library\PackageCache\com.unity.burst@2f3d916873ea)
    com.unity.services.deployment.api@1.1.3 (location: C:\Users\matth\Documents\Codex\work\tump-competition-candidate1003i\Library\PackageCache\com.unity.services.deployment.api@9becf6da0f1a)
    com.unity.test-framework.performance@3.5.0 (location: C:\Users\matth\Documents\Codex\work\tump-competition-candidate1003i\Library\PackageCache\com.unity.test-framework.performance@8b56083ec0f0)
    com.unity.searcher@4.9.5 (location: C:\Users\matth\Documents\Codex\work\tump-competition-candidate1003i\Library\PackageCache\com.unity.searcher@a463122f2c00)
  Built-in packages:
    com.unity.render-pipelines.universal@17.5.0 (location: C:\Users\matth\Documents\Codex\work\tump-competition-candidate1003i\Library\PackageCache\com.unity.render-pipelines.universal@73b4c4ff130e)
    com.unity.test-framework@1.7.0 (location: C:\Users\matth\Documents\Codex\work\tump-competition-candidate1003i\Library\PackageCache\com.unity.test-framework@1405238725ab)
    com.unity.ugui@2.5.0 (location: C:\Users\matth\Documents\Codex\work\tump-competition-candidate1003i\Library\PackageCache\com.unity.ugui@1c4864518158)
    com.unity.multiplayer.center@1.0.1 (location: C:\Users\matth\Documents\Codex\work\tump-competition-candidate1003i\Library\PackageCache\com.unity.multiplayer.center@b860850997d0)
    com.unity.modules.accessibility@1.0.0 (location: C:\Users\matth\Documents\Codex\work\tump-competition-candidate1003i\Library\PackageCache\com.unity.modules.accessibility)
    com.unity.modules.adaptiveperformance@1.0.0 (location: C:\Users\matth\Documents\Codex\work\tump-competition-candidate1003i\Library\PackageCache\com.unity.modules.adaptiveperformance)
    com.unity.modules.ai@1.0.0 (location: C:\Users\matth\Documents\Codex\work\tump-competition-candidate1003i\Library\PackageCache\com.unity.modules.ai)
    com.unity.modules.androidjni@1.0.0 (location: C:\Users\matth\Documents\Codex\work\tump-competition-candidate1003i\Library\PackageCache\com.unity.modules.androidjni)
    com.unity.modules.animation@1.0.0 (location: C:\Users\matth\Documents\Codex\work\tump-competition-candidate1003i\Library\PackageCache\com.unity.modules.animation)
    com.unity.modules.assetbundle@1.0.0 (location: C:\Users\matth\Documents\Codex\work\tump-competition-candidate1003i\Library\PackageCache\com.unity.modules.assetbundle)
    com.unity.modules.audio@1.0.0 (location: C:\Users\matth\Documents\Codex\work\tump-competition-candidate1003i\Library\PackageCache\com.unity.modules.audio)
    com.unity.modules.cloth@1.0.0 (location: C:\Users\matth\Documents\Codex\work\tump-competition-candidate1003i\Library\PackageCache\com.unity.modules.cloth)
    com.unity.modules.director@1.0.0 (location: C:\Users\matth\Documents\Codex\work\tump-competition-candidate1003i\Library\PackageCache\com.unity.modules.director)
    com.unity.modules.imageconversion@1.0.0 (location: C:\Users\matth\Documents\Codex\work\tump-competition-candidate1003i\Library\PackageCache\com.unity.modules.imageconversion)
    com.unity.modules.imgui@1.0.0 (location: C:\Users\matth\Documents\Codex\work\tump-competition-candidate1003i\Library\PackageCache\com.unity.modules.imgui)
    com.unity.modules.jsonserialize@1.0.0 (location: C:\Users\matth\Documents\Codex\work\tump-competition-candidate1003i\Library\PackageCache\com.unity.modules.jsonserialize)
    com.unity.modules.particlesystem@1.0.0 (location: C:\Users\matth\Documents\Codex\work\tump-competition-candidate1003i\Library\PackageCache\com.unity.modules.particlesystem)
    com.unity.modules.physics@1.0.0 (location: C:\Users\matth\Documents\Codex\work\tump-competition-candidate1003i\Library\PackageCache\com.unity.modules.physics)
    com.unity.modules.physics2d@1.0.0 (location: C:\Users\matth\Documents\Codex\work\tump-competition-candidate1003i\Library\PackageCache\com.unity.modules.physics2d)
    com.unity.modules.physicscore2d@1.0.0 (location: C:\Users\matth\Documents\Codex\work\tump-competition-candidate1003i\Library\PackageCache\com.unity.modules.physicscore2d)
    com.unity.modules.screencapture@1.0.0 (location: C:\Users\matth\Documents\Codex\work\tump-competition-candidate1003i\Library\PackageCache\com.unity.modules.screencapture)
    com.unity.modules.terrain@1.0.0 (location: C:\Users\matth\Documents\Codex\work\tump-competition-candidate1003i\Library\PackageCache\com.unity.modules.terrain)
    com.unity.modules.terrainphysics@1.0.0 (location: C:\Users\matth\Documents\Codex\work\tump-competition-candidate1003i\Library\PackageCache\com.unity.modules.terrainphysics)
    com.unity.modules.tilemap@1.0.0 (location: C:\Users\matth\Documents\Codex\work\tump-competition-candidate1003i\Library\PackageCache\com.unity.modules.tilemap)
    com.unity.modules.ui@1.0.0 (location: C:\Users\matth\Documents\Codex\work\tump-competition-candidate1003i\Library\PackageCache\com.unity.modules.ui)
    com.unity.modules.uielements@1.0.0 (location: C:\Users\matth\Documents\Codex\work\tump-competition-candidate1003i\Library\PackageCache\com.unity.modules.uielements)
    com.unity.modules.umbra@1.0.0 (location: C:\Users\matth\Documents\Codex\work\tump-competition-candidate1003i\Library\PackageCache\com.unity.modules.umbra)
    com.unity.modules.unityanalytics@1.0.0 (location: C:\Users\matth\Documents\Codex\work\tump-competition-candidate1003i\Library\PackageCache\com.unity.modules.unityanalytics)
    com.unity.modules.unitywebrequest@1.0.0 (location: C:\Users\matth\Documents\Codex\work\tump-competition-candidate1003i\Library\PackageCache\com.unity.modules.unitywebrequest)
    com.unity.modules.unitywebrequestassetbundle@1.0.0 (location: C:\Users\matth\Documents\Codex\work\tump-competition-candidate1003i\Library\PackageCache\com.unity.modules.unitywebrequestassetbundle)
    com.unity.modules.unitywebrequestaudio@1.0.0 (location: C:\Users\matth\Documents\Codex\work\tump-competition-candidate1003i\Library\PackageCache\com.unity.modules.unitywebrequestaudio)
    com.unity.modules.unitywebrequesttexture@1.0.0 (location: C:\Users\matth\Documents\Codex\work\tump-competition-candidate1003i\Library\PackageCache\com.unity.modules.unitywebrequesttexture)
    com.unity.modules.unitywebrequestwww@1.0.0 (location: C:\Users\matth\Documents\Codex\work\tump-competition-candidate1003i\Library\PackageCache\com.unity.modules.unitywebrequestwww)
    com.unity.modules.vectorgraphics@1.0.0 (location: C:\Users\matth\Documents\Codex\work\tump-competition-candidate1003i\Library\PackageCache\com.unity.modules.vectorgraphics)
    com.unity.modules.vehicles@1.0.0 (location: C:\Users\matth\Documents\Codex\work\tump-competition-candidate1003i\Library\PackageCache\com.unity.modules.vehicles)
    com.unity.modules.video@1.0.0 (location: C:\Users\matth\Documents\Codex\work\tump-competition-candidate1003i\Library\PackageCache\com.unity.modules.video)
    com.unity.modules.wind@1.0.0 (location: C:\Users\matth\Documents\Codex\work\tump-competition-candidate1003i\Library\PackageCache\com.unity.modules.wind)
    com.unity.modules.xr@1.0.0 (location: C:\Users\matth\Documents\Codex\work\tump-competition-candidate1003i\Library\PackageCache\com.unity.modules.xr)
    com.unity.modules.subsystems@1.0.0 (location: C:\Users\matth\Documents\Codex\work\tump-competition-candidate1003i\Library\PackageCache\com.unity.modules.subsystems)
    com.unity.modules.hierarchycore@1.0.0 (location: C:\Users\matth\Documents\Codex\work\tump-competition-candidate1003i\Library\PackageCache\com.unity.modules.hierarchycore)
    com.unity.collections@6.5.0 (location: C:\Users\matth\Documents\Codex\work\tump-competition-candidate1003i\Library\PackageCache\com.unity.collections@ec2c217e4cb2)
    com.unity.ext.nunit@2.1.0 (location: C:\Users\matth\Documents\Codex\work\tump-competition-candidate1003i\Library\PackageCache\com.unity.ext.nunit@44f7d31723bd)
    com.unity.render-pipelines.core@17.5.0 (location: C:\Users\matth\Documents\Codex\work\tump-competition-candidate1003i\Library\PackageCache\com.unity.render-pipelines.core@a4c9a9793789)
    com.unity.shadergraph@17.5.0 (location: C:\Users\matth\Documents\Codex\work\tump-competition-candidate1003i\Library\PackageCache\com.unity.shadergraph@8d7376ec43ee)
    com.unity.render-pipelines.universal-config@17.5.0 (location: C:\Users\matth\Documents\Codex\work\tump-competition-candidate1003i\Library\PackageCache\com.unity.render-pipelines.universal-config@fdda01c80fe3)
    com.unity.mathematics@1.4.0 (location: C:\Users\matth\Documents\Codex\work\tump-competition-candidate1003i\Library\PackageCache\com.unity.mathematics@981956d94fb6)
  Embedded packages:
    com.tumbangpreso.core@file:C:\Users\matth\Documents\Codex\work\tump-competition-candidate1003i\Packages\com.tumbangpreso.core (location: C:\Users\matth\Documents\Codex\work\tump-competition-candidate1003i\Packages\com.tumbangpreso.core)
    com.unity.transport@file:C:\Users\matth\Documents\Codex\work\tump-competition-candidate1003i\Packages\com.unity.transport (location: C:\Users\matth\Documents\Codex\work\tump-competition-candidate1003i\Packages\com.unity.transport)
[Subsystems] No new subsystems found in resolved package list.
[Package Manager] Done registering packages in 0.02 seconds
[ScriptCompilation] Requested script compilation because: AssetDatabase observed changes in script compilation related files
Starting: C:\Program Files\Unity\Hub\Editor\6000.5.8f1\Editor\Data\Tools\BuildPipeline\bee_backend.exe --ipc --defer-dag-verification --dagfile="Library/Bee/1900b0aE.dag" --continue-on-failure --profile="Library/Bee/backend1.traceevents" ScriptAssemblies
WorkingDir: C:/Users/matth/Documents/Codex/work/tump-competition-candidate1003i
DisplayProgressbar: Compiling Scripts
ExitCode: 0 Duration: 19s
[ 947/1243  0s] ILPP-Configuration Library/ilpp-configuration.nevergeneratedoutput
[BUSY       6s] Csc Library/Bee/artifacts/1900b0aE.dag/TumbangPreso.Runtime.dll (+2 others)
[1227/1243 10s] Csc Library/Bee/artifacts/1900b0aE.dag/TumbangPreso.Runtime.dll (+2 others)
Assets\TumbangPreso\Runtime\AudioDirector.cs(184,71): warning CS0618: 'FindObjectsSortMode' is obsolete: 'FindObjectsSortMode has been deprecated. Use the FindObjectsByType overloads that do not take a FindObjectsSortMode parameter.'

Assets\TumbangPreso\Runtime\AudioDirector.cs(183,38): warning CS0618: 'Object.FindObjectsByType<T>(FindObjectsInactive, FindObjectsSortMode)' is obsolete: 'FindObjectsByType with FindObjectsSortMode parameter has been deprecated. Use FindObjectsByType<T>() or FindObjectsByType<T>(FindObjectsInactive) instead. InstanceID will be replaced in the future with EntityId and previous sort order cannot be maintained.'

Assets\TumbangPreso\Runtime\Abilities\DanteHeroKit.cs(160,81): warning CS0618: 'FindObjectsSortMode' is obsolete: 'FindObjectsSortMode has been deprecated. Use the FindObjectsByType overloads that do not take a FindObjectsSortMode parameter.'

Assets\TumbangPreso\Runtime\Abilities\DanteHeroKit.cs(160,35): warning CS0618: 'Object.FindObjectsByType<T>(FindObjectsSortMode)' is obsolete: 'FindObjectsByType with FindObjectsSortMode parameter has been deprecated. Use FindObjectsByType<T>() or FindObjectsByType<T>(FindObjectsInactive) instead. InstanceID will be replaced in the future with EntityId and previous sort order cannot be maintained.'

Assets\TumbangPreso\Runtime\Visual\ZackCircuitTell.cs(47,73): warning CS0618: 'FindObjectsSortMode' is obsolete: 'FindObjectsSortMode has been deprecated. Use the FindObjectsByType overloads that do not take a FindObjectsSortMode parameter.'

Assets\TumbangPreso\Runtime\Visual\ZackCircuitTell.cs(47,33): warning CS0618: 'Object.FindObjectsByType<T>(FindObjectsSortMode)' is obsolete: 'FindObjectsByType with FindObjectsSortMode parameter has been deprecated. Use FindObjectsByType<T>() or FindObjectsByType<T>(FindObjectsInactive) instead. InstanceID will be replaced in the future with EntityId and previous sort order cannot be maintained.'

Assets\TumbangPreso\Runtime\Visual\WorldOutline.cs(533,66): warning CS0618: 'FindObjectsSortMode' is obsolete: 'FindObjectsSortMode has been deprecated. Use the FindObjectsByType overloads that do not take a FindObjectsSortMode parameter.'

Assets\TumbangPreso\Runtime\Visual\WorldOutline.cs(533,38): warning CS0618: 'Object.FindObjectsByType<T>(FindObjectsSortMode)' is obsolete: 'FindObjectsByType with FindObjectsSortMode parameter has been deprecated. Use FindObjectsByType<T>() or FindObjectsByType<T>(FindObjectsInactive) instead. InstanceID will be replaced in the future with EntityId and previous sort order cannot be maintained.'

Assets\TumbangPreso\Runtime\Camera\CameraRig.cs(342,23): warning CS0618: 'Object.FindFirstObjectByType<T>()' is obsolete: 'FindFirstObjectByType has been deprecated because it relies on instance ID ordering. Use FindAnyObjectByType instead, which does not depend on ordering.'

Assets\TumbangPreso\Runtime\Camera\CameraRig.cs(360,23): warning CS0618: 'Object.FindFirstObjectByType<T>()' is obsolete: 'FindFirstObjectByType has been deprecated because it relies on instance ID ordering. Use FindAnyObjectByType instead, which does not depend on ordering.'

Assets\TumbangPreso\Runtime\Camera\CameraRig.cs(374,23): warning CS0618: 'Object.FindFirstObjectByType<T>()' is obsolete: 'FindFirstObjectByType has been deprecated because it relies on instance ID ordering. Use FindAnyObjectByType instead, which does not depend on ordering.'

Assets\TumbangPreso\Runtime\Camera\CameraRig.cs(384,23): warning CS0618: 'Object.FindFirstObjectByType<T>()' is obsolete: 'FindFirstObjectByType has been deprecated because it relies on instance ID ordering. Use FindAnyObjectByType instead, which does not depend on ordering.'

Assets\TumbangPreso\Runtime\Camera\CameraRig.cs(397,23): warning CS0618: 'Object.FindFirstObjectByType<T>()' is obsolete: 'FindFirstObjectByType has been deprecated because it relies on instance ID ordering. Use FindAnyObjectByType instead, which does not depend on ordering.'

Assets\TumbangPreso\Runtime\Camera\CameraRig.cs(405,21): warning CS0618: 'Object.FindFirstObjectByType<T>()' is obsolete: 'FindFirstObjectByType has been deprecated because it relies on instance ID ordering. Use FindAnyObjectByType instead, which does not depend on ordering.'

Assets\TumbangPreso\Runtime\Camera\CameraRig.cs(412,23): warning CS0618: 'Object.FindFirstObjectByType<T>()' is obsolete: 'FindFirstObjectByType has been deprecated because it relies on instance ID ordering. Use FindAnyObjectByType instead, which does not depend on ordering.'

Assets\TumbangPreso\Runtime\Abilities\VoodooDollBody.cs(145,97): warning CS0618: 'FindObjectsSortMode' is obsolete: 'FindObjectsSortMode has been deprecated. Use the FindObjectsByType overloads that do not take a FindObjectsSortMode parameter.'

Assets\TumbangPreso\Runtime\Abilities\VoodooDollBody.cs(145,34): warning CS0618: 'Object.FindObjectsByType<T>(FindObjectsInactive, FindObjectsSortMode)' is obsolete: 'FindObjectsByType with FindObjectsSortMode parameter has been deprecated. Use FindObjectsByType<T>() or FindObjectsByType<T>(FindObjectsInactive) instead. InstanceID will be replaced in the future with EntityId and previous sort order cannot be maintained.'

Assets\TumbangPreso\Runtime\Carrier.cs(838,58): warning CS0618: 'FindObjectsSortMode' is obsolete: 'FindObjectsSortMode has been deprecated. Use the FindObjectsByType overloads that do not take a FindObjectsSortMode parameter.'

Assets\TumbangPreso\Runtime\Carrier.cs(838,31): warning CS0618: 'Object.FindObjectsByType<T>(FindObjectsSortMode)' is obsolete: 'FindObjectsByType with FindObjectsSortMode parameter has been deprecated. Use FindObjectsByType<T>() or FindObjectsByType<T>(FindObjectsInactive) instead. InstanceID will be replaced in the future with EntityId and previous sort order cannot be maintained.'

Assets\TumbangPreso\Runtime\DebugPlayerSwitcher.cs(128,46): warning CS0618: 'Object.FindFirstObjectByType<T>()' is obsolete: 'FindFirstObjectByType has been deprecated because it relies on instance ID ordering. Use FindAnyObjectByType instead, which does not depend on ordering.'

Assets\TumbangPreso\Runtime\DebugPlayerSwitcher.cs(245,27): warning CS0618: 'Object.FindFirstObjectByType<T>()' is obsolete: 'FindFirstObjectByType has been deprecated because it relies on instance ID ordering. Use FindAnyObjectByType instead, which does not depend on ordering.'

Assets\TumbangPreso\Runtime\DebugPlayerSwitcher.cs(263,21): warning CS0618: 'Object.FindFirstObjectByType<T>()' is obsolete: 'FindFirstObjectByType has been deprecated because it relies on instance ID ordering. Use FindAnyObjectByType instead, which does not depend on ordering.'

Assets\TumbangPreso\Runtime\DebugPlayerSwitcher.cs(267,27): warning CS0618: 'Object.FindFirstObjectByType<T>()' is obsolete: 'FindFirstObjectByType has been deprecated because it relies on instance ID ordering. Use FindAnyObjectByType instead, which does not depend on ordering.'

Assets\TumbangPreso\Runtime\DebugPlayerSwitcher.cs(270,29): warning CS0618: 'Object.FindFirstObjectByType<T>()' is obsolete: 'FindFirstObjectByType has been deprecated because it relies on instance ID ordering. Use FindAnyObjectByType instead, which does not depend on ordering.'

Assets\TumbangPreso\Runtime\DebugPlayerSwitcher.cs(272,31): warning CS0618: 'Object.FindFirstObjectByType<T>()' is obsolete: 'FindFirstObjectByType has been deprecated because it relies on instance ID ordering. Use FindAnyObjectByType instead, which does not depend on ordering.'

Assets\TumbangPreso\Runtime\Diagnostics\WorldShadowSweepProbe.cs(97,67): warning CS0618: 'FindObjectsSortMode' is obsolete: 'FindObjectsSortMode has been deprecated. Use the FindObjectsByType overloads that do not take a FindObjectsSortMode parameter.'

Assets\TumbangPreso\Runtime\Diagnostics\WorldShadowSweepProbe.cs(97,35): warning CS0618: 'Object.FindObjectsByType<T>(FindObjectsSortMode)' is obsolete: 'FindObjectsByType with FindObjectsSortMode parameter has been deprecated. Use FindObjectsByType<T>() or FindObjectsByType<T>(FindObjectsInactive) instead. InstanceID will be replaced in the future with EntityId and previous sort order cannot be maintained.'

Assets\TumbangPreso\Runtime\Diagnostics\WorldShadowSweepProbe.cs(98,72): warning CS0618: 'FindObjectsSortMode' is obsolete: 'FindObjectsSortMode has been deprecated. Use the FindObjectsByType overloads that do not take a FindObjectsSortMode parameter.'

Assets\TumbangPreso\Runtime\Diagnostics\WorldShadowSweepProbe.cs(98,35): warning CS0618: 'Object.FindObjectsByType<T>(FindObjectsSortMode)' is obsolete: 'FindObjectsByType with FindObjectsSortMode parameter has been deprecated. Use FindObjectsByType<T>() or FindObjectsByType<T>(FindObjectsInactive) instead. InstanceID will be replaced in the future with EntityId and previous sort order cannot be maintained.'

Assets\TumbangPreso\Runtime\Diagnostics\WorldShadowSweepProbe.cs(100,23): warning CS0618: 'Object.FindFirstObjectByType<T>()' is obsolete: 'FindFirstObjectByType has been deprecated because it relies on instance ID ordering. Use FindAnyObjectByType instead, which does not depend on ordering.'

Assets\TumbangPreso\Runtime\Diagnostics\WorldShadowSweepProbe.cs(104,44): warning CS0618: 'FindObjectsSortMode' is obsolete: 'FindObjectsSortMode has been deprecated. Use the FindObjectsByType overloads that do not take a FindObjectsSortMode parameter.'

Assets\TumbangPreso\Runtime\Diagnostics\WorldShadowSweepProbe.cs(104,19): warning CS0618: 'Object.FindObjectsByType<T>(FindObjectsSortMode)' is obsolete: 'FindObjectsByType with FindObjectsSortMode parameter has been deprecated. Use FindObjectsByType<T>() or FindObjectsByType<T>(FindObjectsInactive) instead. InstanceID will be replaced in the future with EntityId and previous sort order cannot be maintained.'

Assets\TumbangPreso\Runtime\CharacterMotor.cs(801,20): warning CS0618: 'Object.FindFirstObjectByType<T>()' is obsolete: 'FindFirstObjectByType has been deprecated because it relies on instance ID ordering. Use FindAnyObjectByType instead, which does not depend on ordering.'

Assets\TumbangPreso\Runtime\Abilities\RafiWaterField.cs(182,55): warning CS0618: 'FindObjectsSortMode' is obsolete: 'FindObjectsSortMode has been deprecated. Use the FindObjectsByType overloads that do not take a FindObjectsSortMode parameter.'

Assets\TumbangPreso\Runtime\Abilities\RafiWaterField.cs(182,28): warning CS0618: 'Object.FindObjectsByType<T>(FindObjectsSortMode)' is obsolete: 'FindObjectsByType with FindObjectsSortMode parameter has been deprecated. Use FindObjectsByType<T>() or FindObjectsByType<T>(FindObjectsInactive) instead. InstanceID will be replaced in the future with EntityId and previous sort order cannot be maintained.'

Assets\TumbangPreso\Runtime\GuidedTraining.cs(197,73): warning CS0618: 'FindObjectsSortMode' is obsolete: 'FindObjectsSortMode has been deprecated. Use the FindObjectsByType overloads that do not take a FindObjectsSortMode parameter.'

Assets\TumbangPreso\Runtime\GuidedTraining.cs(197,36): warning CS0618: 'Object.FindObjectsByType<T>(FindObjectsSortMode)' is obsolete: 'FindObjectsByType with FindObjectsSortMode parameter has been deprecated. Use FindObjectsByType<T>() or FindObjectsByType<T>(FindObjectsInactive) instead. InstanceID will be replaced in the future with EntityId and previous sort order cannot be maintained.'

Assets\TumbangPreso\Runtime\GuidedTraining.cs(199,27): warning CS0618: 'Object.FindFirstObjectByType<T>()' is obsolete: 'FindFirstObjectByType has been deprecated because it relies on instance ID ordering. Use FindAnyObjectByType instead, which does not depend on ordering.'

Assets\TumbangPreso\Runtime\Abilities\HeroHazards.cs(1298,98): warning CS0618: 'FindObjectsSortMode' is obsolete: 'FindObjectsSortMode has been deprecated. Use the FindObjectsByType overloads that do not take a FindObjectsSortMode parameter.'

Assets\TumbangPreso\Runtime\Abilities\HeroHazards.cs(1298,35): warning CS0618: 'Object.FindObjectsByType<T>(FindObjectsInactive, FindObjectsSortMode)' is obsolete: 'FindObjectsByType with FindObjectsSortMode parameter has been deprecated. Use FindObjectsByType<T>() or FindObjectsByType<T>(FindObjectsInactive) instead. InstanceID will be replaced in the future with EntityId and previous sort order cannot be maintained.'

Assets\TumbangPreso\Runtime\GuidedTraining.cs(2252,27): warning CS0618: 'Object.FindFirstObjectByType<T>()' is obsolete: 'FindFirstObjectByType has been deprecated because it relies on instance ID ordering. Use FindAnyObjectByType instead, which does not depend on ordering.'

Assets\TumbangPreso\Runtime\Input\UiInputModule.cs(45,26): warning CS0618: 'Object.FindFirstObjectByType<T>()' is obsolete: 'FindFirstObjectByType has been deprecated because it relies on instance ID ordering. Use FindAnyObjectByType instead, which does not depend on ordering.'

Assets\TumbangPreso\Runtime\Diagnostics\WorldGraphicsProbe.cs(82,32): warning CS0618: 'Object.FindFirstObjectByType<T>()' is obsolete: 'FindFirstObjectByType has been deprecated because it relies on instance ID ordering. Use FindAnyObjectByType instead, which does not depend on ordering.'

Assets\TumbangPreso\Runtime\Diagnostics\WorldGraphicsProbe.cs(84,74): warning CS0618: 'FindObjectsSortMode' is obsolete: 'FindObjectsSortMode has been deprecated. Use the FindObjectsByType overloads that do not take a FindObjectsSortMode parameter.'

Assets\TumbangPreso\Runtime\Diagnostics\WorldGraphicsProbe.cs(84,42): warning CS0618: 'Object.FindObjectsByType<T>(FindObjectsSortMode)' is obsolete: 'FindObjectsByType with FindObjectsSortMode parameter has been deprecated. Use FindObjectsByType<T>() or FindObjectsByType<T>(FindObjectsInactive) instead. InstanceID will be replaced in the future with EntityId and previous sort order cannot be maintained.'

Assets\TumbangPreso\Runtime\Diagnostics\WorldGraphicsProbe.cs(85,79): warning CS0618: 'FindObjectsSortMode' is obsolete: 'FindObjectsSortMode has been deprecated. Use the FindObjectsByType overloads that do not take a FindObjectsSortMode parameter.'

Assets\TumbangPreso\Runtime\Diagnostics\WorldGraphicsProbe.cs(85,42): warning CS0618: 'Object.FindObjectsByType<T>(FindObjectsSortMode)' is obsolete: 'FindObjectsByType with FindObjectsSortMode parameter has been deprecated. Use FindObjectsByType<T>() or FindObjectsByType<T>(FindObjectsInactive) instead. InstanceID will be replaced in the future with EntityId and previous sort order cannot be maintained.'

Assets\TumbangPreso\Runtime\Diagnostics\WorldGraphicsProbe.cs(93,29): warning CS0618: 'Object.FindFirstObjectByType<T>()' is obsolete: 'FindFirstObjectByType has been deprecated because it relies on instance ID ordering. Use FindAnyObjectByType instead, which does not depend on ordering.'

Assets\TumbangPreso\Runtime\Diagnostics\WorldGraphicsProbe.cs(99,41): warning CS0618: 'Object.FindFirstObjectByType<T>()' is obsolete: 'FindFirstObjectByType has been deprecated because it relies on instance ID ordering. Use FindAnyObjectByType instead, which does not depend on ordering.'

Assets\TumbangPreso\Runtime\GuidedTraining.cs(837,26): warning CS0618: 'FindObjectsSortMode' is obsolete: 'FindObjectsSortMode has been deprecated. Use the FindObjectsByType overloads that do not take a FindObjectsSortMode parameter.'

Assets\TumbangPreso\Runtime\GuidedTraining.cs(836,36): warning CS0618: 'Object.FindObjectsByType<T>(FindObjectsSortMode)' is obsolete: 'FindObjectsByType with FindObjectsSortMode parameter has been deprecated. Use FindObjectsByType<T>() or FindObjectsByType<T>(FindObjectsInactive) instead. InstanceID will be replaced in the future with EntityId and previous sort order cannot be maintained.'

Assets\TumbangPreso\Runtime\Input\InputCatalogue.cs(141,56): warning CS8524: The switch expression does not handle some values of its input type (it is not exhaustive) involving an unnamed enum value. For example, the pattern '(TumbangPreso.Verb)10' is not covered.

Assets\TumbangPreso\Runtime\Input\TouchHud.Spectator.cs(38,46): warning CS0618: 'Object.FindFirstObjectByType<T>()' is obsolete: 'FindFirstObjectByType has been deprecated because it relies on instance ID ordering. Use FindAnyObjectByType instead, which does not depend on ordering.'

Assets\TumbangPreso\Runtime\Map\BridgeHoop.cs(48,55): warning CS0618: 'FindObjectsSortMode' is obsolete: 'FindObjectsSortMode has been deprecated. Use the FindObjectsByType overloads that do not take a FindObjectsSortMode parameter.'

Assets\TumbangPreso\Runtime\Map\BridgeHoop.cs(47,37): warning CS0618: 'Object.FindObjectsByType<T>(FindObjectsInactive, FindObjectsSortMode)' is obsolete: 'FindObjectsByType with FindObjectsSortMode parameter has been deprecated. Use FindObjectsByType<T>() or FindObjectsByType<T>(FindObjectsInactive) instead. InstanceID will be replaced in the future with EntityId and previous sort order cannot be maintained.'

Assets\TumbangPreso\Runtime\Input\TouchHud.Spectator.cs(85,46): warning CS0618: 'Object.FindFirstObjectByType<T>()' is obsolete: 'FindFirstObjectByType has been deprecated because it relies on instance ID ordering. Use FindAnyObjectByType instead, which does not depend on ordering.'

Assets\TumbangPreso\Runtime\Diagnostics\OwnerUiPlayerReview.Accessibility.cs(81,24): warning CS0618: 'Object.FindFirstObjectByType<T>()' is obsolete: 'FindFirstObjectByType has been deprecated because it relies on instance ID ordering. Use FindAnyObjectByType instead, which does not depend on ordering.'

Assets\TumbangPreso\Runtime\Diagnostics\OwnerUiPlayerReview.Accessibility.cs(119,44): warning CS0618: 'Object.FindFirstObjectByType<T>()' is obsolete: 'FindFirstObjectByType has been deprecated because it relies on instance ID ordering. Use FindAnyObjectByType instead, which does not depend on ordering.'

Assets\TumbangPreso\Runtime\Diagnostics\OwnerUiPlayerReview.Controls.cs(21,24): warning CS0618: 'Object.FindFirstObjectByType<T>()' is obsolete: 'FindFirstObjectByType has been deprecated because it relies on instance ID ordering. Use FindAnyObjectByType instead, which does not depend on ordering.'

Assets\TumbangPreso\Runtime\Map\ArenaFallRecovery.cs(311,36): warning CS0618: 'Object.FindFirstObjectByType<T>()' is obsolete: 'FindFirstObjectByType has been deprecated because it relies on instance ID ordering. Use FindAnyObjectByType instead, which does not depend on ordering.'

Assets\TumbangPreso\Runtime\Map\ArenaFallRecovery.cs(368,82): warning CS0618: 'FindObjectsSortMode' is obsolete: 'FindObjectsSortMode has been deprecated. Use the FindObjectsByType overloads that do not take a FindObjectsSortMode parameter.'

Assets\TumbangPreso\Runtime\Map\ArenaFallRecovery.cs(368,27): warning CS0618: 'Object.FindObjectsByType<T>(FindObjectsInactive, FindObjectsSortMode)' is obsolete: 'FindObjectsByType with FindObjectsSortMode parameter has been deprecated. Use FindObjectsByType<T>() or FindObjectsByType<T>(FindObjectsInactive) instead. InstanceID will be replaced in the future with EntityId and previous sort order cannot be maintained.'

Assets\TumbangPreso\Runtime\Diagnostics\NetAutomationProbe.cs(126,24): warning CS0618: 'Object.FindFirstObjectByType<T>()' is obsolete: 'FindFirstObjectByType has been deprecated because it relies on instance ID ordering. Use FindAnyObjectByType instead, which does not depend on ordering.'

Assets\TumbangPreso\Runtime\Diagnostics\NetAutomationProbe.cs(166,26): warning CS0618: 'Object.FindFirstObjectByType<T>()' is obsolete: 'FindFirstObjectByType has been deprecated because it relies on instance ID ordering. Use FindAnyObjectByType instead, which does not depend on ordering.'

Assets\TumbangPreso\Runtime\Diagnostics\NetAutomationProbe.cs(172,26): warning CS0618: 'Object.FindFirstObjectByType<T>()' is obsolete: 'FindFirstObjectByType has been deprecated because it relies on instance ID ordering. Use FindAnyObjectByType instead, which does not depend on ordering.'

Assets\TumbangPreso\Runtime\Camera\SpectatorInterest.cs(798,50): warning CS0618: 'FindObjectsSortMode' is obsolete: 'FindObjectsSortMode has been deprecated. Use the FindObjectsByType overloads that do not take a FindObjectsSortMode parameter.'

Assets\TumbangPreso\Runtime\Camera\SpectatorInterest.cs(797,29): warning CS0618: 'Object.FindObjectsByType<T>(FindObjectsInactive, FindObjectsSortMode)' is obsolete: 'FindObjectsByType with FindObjectsSortMode parameter has been deprecated. Use FindObjectsByType<T>() or FindObjectsByType<T>(FindObjectsInactive) instead. InstanceID will be replaced in the future with EntityId and previous sort order cannot be maintained.'

Assets\TumbangPreso\Runtime\Camera\SpectatorDirector.cs(906,81): warning CS0618: 'FindObjectsSortMode' is obsolete: 'FindObjectsSortMode has been deprecated. Use the FindObjectsByType overloads that do not take a FindObjectsSortMode parameter.'

Assets\TumbangPreso\Runtime\Camera\SpectatorDirector.cs(906,46): warning CS0618: 'Object.FindObjectsByType<T>(FindObjectsSortMode)' is obsolete: 'FindObjectsByType with FindObjectsSortMode parameter has been deprecated. Use FindObjectsByType<T>() or FindObjectsByType<T>(FindObjectsInactive) instead. InstanceID will be replaced in the future with EntityId and previous sort order cannot be maintained.'

Assets\TumbangPreso\Runtime\Diagnostics\NetDanteProbe.cs(105,25): warning CS0618: 'Object.FindFirstObjectByType<T>()' is obsolete: 'FindFirstObjectByType has been deprecated because it relies on instance ID ordering. Use FindAnyObjectByType instead, which does not depend on ordering.'

Assets\TumbangPreso\Runtime\Diagnostics\NetDanteProbe.cs(109,67): warning CS0618: 'FindObjectsSortMode' is obsolete: 'FindObjectsSortMode has been deprecated. Use the FindObjectsByType overloads that do not take a FindObjectsSortMode parameter.'

Assets\TumbangPreso\Runtime\Diagnostics\NetDanteProbe.cs(109,35): warning CS0618: 'Object.FindObjectsByType<T>(FindObjectsSortMode)' is obsolete: 'FindObjectsByType with FindObjectsSortMode parameter has been deprecated. Use FindObjectsByType<T>() or FindObjectsByType<T>(FindObjectsInactive) instead. InstanceID will be replaced in the future with EntityId and previous sort order cannot be maintained.'

Assets\TumbangPreso\Runtime\Diagnostics\NetDanteProbe.cs(110,73): warning CS0618: 'FindObjectsSortMode' is obsolete: 'FindObjectsSortMode has been deprecated. Use the FindObjectsByType overloads that do not take a FindObjectsSortMode parameter.'

Assets\TumbangPreso\Runtime\Diagnostics\NetDanteProbe.cs(110,36): warning CS0618: 'Object.FindObjectsByType<T>(FindObjectsSortMode)' is obsolete: 'FindObjectsByType with FindObjectsSortMode parameter has been deprecated. Use FindObjectsByType<T>() or FindObjectsByType<T>(FindObjectsInactive) instead. InstanceID will be replaced in the future with EntityId and previous sort order cannot be maintained.'

Assets\TumbangPreso\Runtime\Diagnostics\NetDanteProbe.cs(216,73): warning CS0618: 'FindObjectsSortMode' is obsolete: 'FindObjectsSortMode has been deprecated. Use the FindObjectsByType overloads that do not take a FindObjectsSortMode parameter.'

Assets\TumbangPreso\Runtime\Diagnostics\NetDanteProbe.cs(216,46): warning CS0618: 'Object.FindObjectsByType<T>(FindObjectsSortMode)' is obsolete: 'FindObjectsByType with FindObjectsSortMode parameter has been deprecated. Use FindObjectsByType<T>() or FindObjectsByType<T>(FindObjectsInactive) instead. InstanceID will be replaced in the future with EntityId and previous sort order cannot be maintained.'

Assets\TumbangPreso\Runtime\Diagnostics\NetDanteProbe.cs(226,59): warning CS0618: 'FindObjectsSortMode' is obsolete: 'FindObjectsSortMode has been deprecated. Use the FindObjectsByType overloads that do not take a FindObjectsSortMode parameter.'

Assets\TumbangPreso\Runtime\Diagnostics\NetDanteProbe.cs(226,21): warning CS0618: 'Object.FindObjectsByType<T>(FindObjectsSortMode)' is obsolete: 'FindObjectsByType with FindObjectsSortMode parameter has been deprecated. Use FindObjectsByType<T>() or FindObjectsByType<T>(FindObjectsInactive) instead. InstanceID will be replaced in the future with EntityId and previous sort order cannot be maintained.'

Assets\TumbangPreso\Runtime\Diagnostics\NetDanteProbe.cs(236,87): warning CS0618: 'FindObjectsSortMode' is obsolete: 'FindObjectsSortMode has been deprecated. Use the FindObjectsByType overloads that do not take a FindObjectsSortMode parameter.'

Assets\TumbangPreso\Runtime\Diagnostics\NetDanteProbe.cs(236,37): warning CS0618: 'Object.FindObjectsByType<T>(FindObjectsSortMode)' is obsolete: 'FindObjectsByType with FindObjectsSortMode parameter has been deprecated. Use FindObjectsByType<T>() or FindObjectsByType<T>(FindObjectsInactive) instead. InstanceID will be replaced in the future with EntityId and previous sort order cannot be maintained.'

Assets\TumbangPreso\Runtime\Diagnostics\NetDanteProbe.cs(237,88): warning CS0618: 'FindObjectsSortMode' is obsolete: 'FindObjectsSortMode has been deprecated. Use the FindObjectsByType overloads that do not take a FindObjectsSortMode parameter.'

Assets\TumbangPreso\Runtime\Diagnostics\NetDanteProbe.cs(237,37): warning CS0618: 'Object.FindObjectsByType<T>(FindObjectsSortMode)' is obsolete: 'FindObjectsByType with FindObjectsSortMode parameter has been deprecated. Use FindObjectsByType<T>() or FindObjectsByType<T>(FindObjectsInactive) instead. InstanceID will be replaced in the future with EntityId and previous sort order cannot be maintained.'

Assets\TumbangPreso\Runtime\Map\ArenaIntro.cs(526,113): warning CS0618: 'Object.FindFirstObjectByType<T>()' is obsolete: 'FindFirstObjectByType has been deprecated because it relies on instance ID ordering. Use FindAnyObjectByType instead, which does not depend on ordering.'

Assets\TumbangPreso\Runtime\Map\LagoonWater.cs(52,36): warning CS0618: 'Object.FindFirstObjectByType<T>()' is obsolete: 'FindFirstObjectByType has been deprecated because it relies on instance ID ordering. Use FindAnyObjectByType instead, which does not depend on ordering.'

Assets\TumbangPreso\Runtime\Map\LagoonWater.cs(109,42): warning CS0618: 'Object.FindFirstObjectByType<T>()' is obsolete: 'FindFirstObjectByType has been deprecated because it relies on instance ID ordering. Use FindAnyObjectByType instead, which does not depend on ordering.'

Assets\TumbangPreso\Runtime\Diagnostics\NetFamiliarProbe.cs(58,23): warning CS0618: 'Object.FindFirstObjectByType<T>()' is obsolete: 'FindFirstObjectByType has been deprecated because it relies on instance ID ordering. Use FindAnyObjectByType instead, which does not depend on ordering.'

Assets\TumbangPreso\Runtime\Diagnostics\NetFamiliarProbe.cs(77,66): warning CS0618: 'FindObjectsSortMode' is obsolete: 'FindObjectsSortMode has been deprecated. Use the FindObjectsByType overloads that do not take a FindObjectsSortMode parameter.'

Assets\TumbangPreso\Runtime\Diagnostics\NetFamiliarProbe.cs(77,34): warning CS0618: 'Object.FindObjectsByType<T>(FindObjectsSortMode)' is obsolete: 'FindObjectsByType with FindObjectsSortMode parameter has been deprecated. Use FindObjectsByType<T>() or FindObjectsByType<T>(FindObjectsInactive) instead. InstanceID will be replaced in the future with EntityId and previous sort order cannot be maintained.'

Assets\TumbangPreso\Runtime\Diagnostics\NetFamiliarProbe.cs(78,72): warning CS0618: 'FindObjectsSortMode' is obsolete: 'FindObjectsSortMode has been deprecated. Use the FindObjectsByType overloads that do not take a FindObjectsSortMode parameter.'

Assets\TumbangPreso\Runtime\Diagnostics\NetFamiliarProbe.cs(78,35): warning CS0618: 'Object.FindObjectsByType<T>(FindObjectsSortMode)' is obsolete: 'FindObjectsByType with FindObjectsSortMode parameter has been deprecated. Use FindObjectsByType<T>() or FindObjectsByType<T>(FindObjectsInactive) instead. InstanceID will be replaced in the future with EntityId and previous sort order cannot be maintained.'

Assets\TumbangPreso\Runtime\Diagnostics\NetFamiliarProbe.cs(140,89): warning CS0618: 'FindObjectsSortMode' is obsolete: 'FindObjectsSortMode has been deprecated. Use the FindObjectsByType overloads that do not take a FindObjectsSortMode parameter.'

Assets\TumbangPreso\Runtime\Diagnostics\NetFamiliarProbe.cs(140,28): warning CS0618: 'Object.FindObjectsByType<T>(FindObjectsSortMode)' is obsolete: 'FindObjectsByType with FindObjectsSortMode parameter has been deprecated. Use FindObjectsByType<T>() or FindObjectsByType<T>(FindObjectsInactive) instead. InstanceID will be replaced in the future with EntityId and previous sort order cannot be maintained.'

Assets\TumbangPreso\Runtime\Map\RooftopRecovery.cs(28,36): warning CS0618: 'Object.FindFirstObjectByType<T>()' is obsolete: 'FindFirstObjectByType has been deprecated because it relies on instance ID ordering. Use FindAnyObjectByType instead, which does not depend on ordering.'

Assets\TumbangPreso\Runtime\Diagnostics\NetIceProbe.cs(78,23): warning CS0618: 'Object.FindFirstObjectByType<T>()' is obsolete: 'FindFirstObjectByType has been deprecated because it relies on instance ID ordering. Use FindAnyObjectByType instead, which does not depend on ordering.'

Assets\TumbangPreso\Runtime\Diagnostics\NetIceProbe.cs(81,66): warning CS0618: 'FindObjectsSortMode' is obsolete: 'FindObjectsSortMode has been deprecated. Use the FindObjectsByType overloads that do not take a FindObjectsSortMode parameter.'

Assets\TumbangPreso\Runtime\Diagnostics\NetIceProbe.cs(81,34): warning CS0618: 'Object.FindObjectsByType<T>(FindObjectsSortMode)' is obsolete: 'FindObjectsByType with FindObjectsSortMode parameter has been deprecated. Use FindObjectsByType<T>() or FindObjectsByType<T>(FindObjectsInactive) instead. InstanceID will be replaced in the future with EntityId and previous sort order cannot be maintained.'

Assets\TumbangPreso\Runtime\Diagnostics\NetIceProbe.cs(82,71): warning CS0618: 'FindObjectsSortMode' is obsolete: 'FindObjectsSortMode has been deprecated. Use the FindObjectsByType overloads that do not take a FindObjectsSortMode parameter.'

Assets\TumbangPreso\Runtime\Diagnostics\NetIceProbe.cs(82,34): warning CS0618: 'Object.FindObjectsByType<T>(FindObjectsSortMode)' is obsolete: 'FindObjectsByType with FindObjectsSortMode parameter has been deprecated. Use FindObjectsByType<T>() or FindObjectsByType<T>(FindObjectsInactive) instead. InstanceID will be replaced in the future with EntityId and previous sort order cannot be maintained.'

Assets\TumbangPreso\Runtime\Diagnostics\NetIceProbe.cs(134,73): warning CS0618: 'FindObjectsSortMode' is obsolete: 'FindObjectsSortMode has been deprecated. Use the FindObjectsByType overloads that do not take a FindObjectsSortMode parameter.'

Assets\TumbangPreso\Runtime\Diagnostics\NetIceProbe.cs(134,24): warning CS0618: 'Object.FindObjectsByType<T>(FindObjectsSortMode)' is obsolete: 'FindObjectsByType with FindObjectsSortMode parameter has been deprecated. Use FindObjectsByType<T>() or FindObjectsByType<T>(FindObjectsInactive) instead. InstanceID will be replaced in the future with EntityId and previous sort order cannot be maintained.'

Assets\TumbangPreso\Runtime\Diagnostics\NetIceProbe.cs(135,76): warning CS0618: 'FindObjectsSortMode' is obsolete: 'FindObjectsSortMode has been deprecated. Use the FindObjectsByType overloads that do not take a FindObjectsSortMode parameter.'

Assets\TumbangPreso\Runtime\Diagnostics\NetIceProbe.cs(135,23): warning CS0618: 'Object.FindObjectsByType<T>(FindObjectsSortMode)' is obsolete: 'FindObjectsByType with FindObjectsSortMode parameter has been deprecated. Use FindObjectsByType<T>() or FindObjectsByType<T>(FindObjectsInactive) instead. InstanceID will be replaced in the future with EntityId and previous sort order cannot be maintained.'

Assets\TumbangPreso\Runtime\Diagnostics\NetPeerDepartureProbe.cs(89,71): warning CS0618: 'FindObjectsSortMode' is obsolete: 'FindObjectsSortMode has been deprecated. Use the FindObjectsByType overloads that do not take a FindObjectsSortMode parameter.'

Assets\TumbangPreso\Runtime\Diagnostics\NetPeerDepartureProbe.cs(89,32): warning CS0618: 'Object.FindObjectsByType<T>(FindObjectsSortMode)' is obsolete: 'FindObjectsByType with FindObjectsSortMode parameter has been deprecated. Use FindObjectsByType<T>() or FindObjectsByType<T>(FindObjectsInactive) instead. InstanceID will be replaced in the future with EntityId and previous sort order cannot be maintained.'

Assets\TumbangPreso\Runtime\Map\RooftopRecovery.cs(72,36): warning CS0618: 'Object.FindFirstObjectByType<T>()' is obsolete: 'FindFirstObjectByType has been deprecated because it relies on instance ID ordering. Use FindAnyObjectByType instead, which does not depend on ordering.'

Assets\TumbangPreso\Runtime\Diagnostics\NetIceProbe.cs(174,23): warning CS0618: 'Object.FindFirstObjectByType<T>()' is obsolete: 'FindFirstObjectByType has been deprecated because it relies on instance ID ordering. Use FindAnyObjectByType instead, which does not depend on ordering.'

Assets\TumbangPreso\Runtime\Diagnostics\NetIceProbe.cs(184,70): warning CS0618: 'FindObjectsSortMode' is obsolete: 'FindObjectsSortMode has been deprecated. Use the FindObjectsByType overloads that do not take a FindObjectsSortMode parameter.'

Assets\TumbangPreso\Runtime\Diagnostics\NetIceProbe.cs(184,38): warning CS0618: 'Object.FindObjectsByType<T>(FindObjectsSortMode)' is obsolete: 'FindObjectsByType with FindObjectsSortMode parameter has been deprecated. Use FindObjectsByType<T>() or FindObjectsByType<T>(FindObjectsInactive) instead. InstanceID will be replaced in the future with EntityId and previous sort order cannot be maintained.'

Assets\TumbangPreso\Runtime\Diagnostics\NetIceProbe.cs(185,75): warning CS0618: 'FindObjectsSortMode' is obsolete: 'FindObjectsSortMode has been deprecated. Use the FindObjectsByType overloads that do not take a FindObjectsSortMode parameter.'

Assets\TumbangPreso\Runtime\Diagnostics\NetIceProbe.cs(185,38): warning CS0618: 'Object.FindObjectsByType<T>(FindObjectsSortMode)' is obsolete: 'FindObjectsByType with FindObjectsSortMode parameter has been deprecated. Use FindObjectsByType<T>() or FindObjectsByType<T>(FindObjectsInactive) instead. InstanceID will be replaced in the future with EntityId and previous sort order cannot be maintained.'

Assets\TumbangPreso\Runtime\Diagnostics\NetPersonalBuffProbe.cs(77,23): warning CS0618: 'Object.FindFirstObjectByType<T>()' is obsolete: 'FindFirstObjectByType has been deprecated because it relies on instance ID ordering. Use FindAnyObjectByType instead, which does not depend on ordering.'

Assets\TumbangPreso\Runtime\Diagnostics\NetPersonalBuffProbe.cs(80,66): warning CS0618: 'FindObjectsSortMode' is obsolete: 'FindObjectsSortMode has been deprecated. Use the FindObjectsByType overloads that do not take a FindObjectsSortMode parameter.'

Assets\TumbangPreso\Runtime\Diagnostics\NetPersonalBuffProbe.cs(80,34): warning CS0618: 'Object.FindObjectsByType<T>(FindObjectsSortMode)' is obsolete: 'FindObjectsByType with FindObjectsSortMode parameter has been deprecated. Use FindObjectsByType<T>() or FindObjectsByType<T>(FindObjectsInactive) instead. InstanceID will be replaced in the future with EntityId and previous sort order cannot be maintained.'

Assets\TumbangPreso\Runtime\Diagnostics\NetPersonalBuffProbe.cs(81,71): warning CS0618: 'FindObjectsSortMode' is obsolete: 'FindObjectsSortMode has been deprecated. Use the FindObjectsByType overloads that do not take a FindObjectsSortMode parameter.'

Assets\TumbangPreso\Runtime\Diagnostics\NetPersonalBuffProbe.cs(81,34): warning CS0618: 'Object.FindObjectsByType<T>(FindObjectsSortMode)' is obsolete: 'FindObjectsByType with FindObjectsSortMode parameter has been deprecated. Use FindObjectsByType<T>() or FindObjectsByType<T>(FindObjectsInactive) instead. InstanceID will be replaced in the future with EntityId and previous sort order cannot be maintained.'

Assets\TumbangPreso\Runtime\Diagnostics\NetPersonalBuffProbe.cs(117,77): warning CS0618: 'FindObjectsSortMode' is obsolete: 'FindObjectsSortMode has been deprecated. Use the FindObjectsByType overloads that do not take a FindObjectsSortMode parameter.'

Assets\TumbangPreso\Runtime\Diagnostics\NetPersonalBuffProbe.cs(117,43): warning CS0618: 'Object.FindObjectsByType<T>(FindObjectsSortMode)' is obsolete: 'FindObjectsByType with FindObjectsSortMode parameter has been deprecated. Use FindObjectsByType<T>() or FindObjectsByType<T>(FindObjectsInactive) instead. InstanceID will be replaced in the future with EntityId and previous sort order cannot be maintained.'

Assets\TumbangPreso\Runtime\Diagnostics\NetPersonalBuffProbe.cs(125,52): warning CS0618: 'FindObjectsSortMode' is obsolete: 'FindObjectsSortMode has been deprecated. Use the FindObjectsByType overloads that do not take a FindObjectsSortMode parameter.'

Assets\TumbangPreso\Runtime\Diagnostics\NetPersonalBuffProbe.cs(125,17): warning CS0618: 'Object.FindObjectsByType<T>(FindObjectsSortMode)' is obsolete: 'FindObjectsByType with FindObjectsSortMode parameter has been deprecated. Use FindObjectsByType<T>() or FindObjectsByType<T>(FindObjectsInactive) instead. InstanceID will be replaced in the future with EntityId and previous sort order cannot be maintained.'

Assets\TumbangPreso\Runtime\Map\StreetTripHazard.cs(240,46): warning CS0618: 'FindObjectsSortMode' is obsolete: 'FindObjectsSortMode has been deprecated. Use the FindObjectsByType overloads that do not take a FindObjectsSortMode parameter.'

Assets\TumbangPreso\Runtime\Map\StreetTripHazard.cs(239,29): warning CS0618: 'Object.FindObjectsByType<T>(FindObjectsInactive, FindObjectsSortMode)' is obsolete: 'FindObjectsByType with FindObjectsSortMode parameter has been deprecated. Use FindObjectsByType<T>() or FindObjectsByType<T>(FindObjectsInactive) instead. InstanceID will be replaced in the future with EntityId and previous sort order cannot be maintained.'

Assets\TumbangPreso\Runtime\Map\ArenaIntro.cs(950,71): warning CS0618: 'FindObjectsSortMode' is obsolete: 'FindObjectsSortMode has been deprecated. Use the FindObjectsByType overloads that do not take a FindObjectsSortMode parameter.'

Assets\TumbangPreso\Runtime\Map\ArenaIntro.cs(950,38): warning CS0618: 'Object.FindObjectsByType<T>(FindObjectsSortMode)' is obsolete: 'FindObjectsByType with FindObjectsSortMode parameter has been deprecated. Use FindObjectsByType<T>() or FindObjectsByType<T>(FindObjectsInactive) instead. InstanceID will be replaced in the future with EntityId and previous sort order cannot be maintained.'

Assets\TumbangPreso\Runtime\MatchArrivalPresentation.cs(88,70): warning CS0618: 'FindObjectsSortMode' is obsolete: 'FindObjectsSortMode has been deprecated. Use the FindObjectsByType overloads that do not take a FindObjectsSortMode parameter.'

Assets\TumbangPreso\Runtime\MatchArrivalPresentation.cs(88,36): warning CS0618: 'Object.FindObjectsByType<T>(FindObjectsSortMode)' is obsolete: 'FindObjectsByType with FindObjectsSortMode parameter has been deprecated. Use FindObjectsByType<T>() or FindObjectsByType<T>(FindObjectsInactive) instead. InstanceID will be replaced in the future with EntityId and previous sort order cannot be maintained.'

Assets\TumbangPreso\Runtime\MatchHost.cs(120,23): warning CS0618: 'Object.FindFirstObjectByType<T>()' is obsolete: 'FindFirstObjectByType has been deprecated because it relies on instance ID ordering. Use FindAnyObjectByType instead, which does not depend on ordering.'

Assets\TumbangPreso\Runtime\MatchHost.cs(132,23): warning CS0618: 'Object.FindFirstObjectByType<T>()' is obsolete: 'FindFirstObjectByType has been deprecated because it relies on instance ID ordering. Use FindAnyObjectByType instead, which does not depend on ordering.'

Assets\TumbangPreso\Runtime\MatchArrivalPresentation.cs(132,23): warning CS0618: 'Object.FindFirstObjectByType<T>()' is obsolete: 'FindFirstObjectByType has been deprecated because it relies on instance ID ordering. Use FindAnyObjectByType instead, which does not depend on ordering.'

Assets\TumbangPreso\Runtime\Diagnostics\NetPhaisterProbe.cs(93,25): warning CS0618: 'Object.FindFirstObjectByType<T>()' is obsolete: 'FindFirstObjectByType has been deprecated because it relies on instance ID ordering. Use FindAnyObjectByType instead, which does not depend on ordering.'

Assets\TumbangPreso\Runtime\Diagnostics\NetPhaisterProbe.cs(99,67): warning CS0618: 'FindObjectsSortMode' is obsolete: 'FindObjectsSortMode has been deprecated. Use the FindObjectsByType overloads that do not take a FindObjectsSortMode parameter.'

Assets\TumbangPreso\Runtime\Diagnostics\NetPhaisterProbe.cs(99,35): warning CS0618: 'Object.FindObjectsByType<T>(FindObjectsSortMode)' is obsolete: 'FindObjectsByType with FindObjectsSortMode parameter has been deprecated. Use FindObjectsByType<T>() or FindObjectsByType<T>(FindObjectsInactive) instead. InstanceID will be replaced in the future with EntityId and previous sort order cannot be maintained.'

Assets\TumbangPreso\Runtime\Diagnostics\NetPhaisterProbe.cs(100,72): warning CS0618: 'FindObjectsSortMode' is obsolete: 'FindObjectsSortMode has been deprecated. Use the FindObjectsByType overloads that do not take a FindObjectsSortMode parameter.'

Assets\TumbangPreso\Runtime\Diagnostics\NetPhaisterProbe.cs(100,35): warning CS0618: 'Object.FindObjectsByType<T>(FindObjectsSortMode)' is obsolete: 'FindObjectsByType with FindObjectsSortMode parameter has been deprecated. Use FindObjectsByType<T>() or FindObjectsByType<T>(FindObjectsInactive) instead. InstanceID will be replaced in the future with EntityId and previous sort order cannot be maintained.'

Assets\TumbangPreso\Runtime\Diagnostics\NetPhaisterProbe.cs(154,79): warning CS0618: 'FindObjectsSortMode' is obsolete: 'FindObjectsSortMode has been deprecated. Use the FindObjectsByType overloads that do not take a FindObjectsSortMode parameter.'

Assets\TumbangPreso\Runtime\Diagnostics\NetPhaisterProbe.cs(154,31): warning CS0618: 'Object.FindObjectsByType<T>(FindObjectsSortMode)' is obsolete: 'FindObjectsByType with FindObjectsSortMode parameter has been deprecated. Use FindObjectsByType<T>() or FindObjectsByType<T>(FindObjectsInactive) instead. InstanceID will be replaced in the future with EntityId and previous sort order cannot be maintained.'

Assets\TumbangPreso\Runtime\Diagnostics\NetPhaisterProbe.cs(160,49): warning CS0618: 'FindObjectsSortMode' is obsolete: 'FindObjectsSortMode has been deprecated. Use the FindObjectsByType overloads that do not take a FindObjectsSortMode parameter.'

Assets\TumbangPreso\Runtime\Diagnostics\NetPhaisterProbe.cs(160,21): warning CS0618: 'Object.FindObjectsByType<T>(FindObjectsSortMode)' is obsolete: 'FindObjectsByType with FindObjectsSortMode parameter has been deprecated. Use FindObjectsByType<T>() or FindObjectsByType<T>(FindObjectsInactive) instead. InstanceID will be replaced in the future with EntityId and previous sort order cannot be maintained.'

Assets\TumbangPreso\Runtime\MatchStatsCollector.cs(403,69): warning CS0618: 'FindObjectsSortMode' is obsolete: 'FindObjectsSortMode has been deprecated. Use the FindObjectsByType overloads that do not take a FindObjectsSortMode parameter.'

Assets\TumbangPreso\Runtime\MatchStatsCollector.cs(403,23): warning CS0618: 'Object.FindObjectsByType<T>(FindObjectsSortMode)' is obsolete: 'FindObjectsByType with FindObjectsSortMode parameter has been deprecated. Use FindObjectsByType<T>() or FindObjectsByType<T>(FindObjectsInactive) instead. InstanceID will be replaced in the future with EntityId and previous sort order cannot be maintained.'

Assets\TumbangPreso\Runtime\MatchArrivalPresentation.cs(314,61): warning CS0618: 'Object.FindFirstObjectByType<T>()' is obsolete: 'FindFirstObjectByType has been deprecated because it relies on instance ID ordering. Use FindAnyObjectByType instead, which does not depend on ordering.'

Assets\TumbangPreso\Runtime\Camera\SpectatorCamera.cs(2663,72): warning CS0618: 'FindObjectsSortMode' is obsolete: 'FindObjectsSortMode has been deprecated. Use the FindObjectsByType overloads that do not take a FindObjectsSortMode parameter.'

Assets\TumbangPreso\Runtime\Camera\SpectatorCamera.cs(2662,38): warning CS0618: 'Object.FindObjectsByType<T>(FindObjectsInactive, FindObjectsSortMode)' is obsolete: 'FindObjectsByType with FindObjectsSortMode parameter has been deprecated. Use FindObjectsByType<T>() or FindObjectsByType<T>(FindObjectsInactive) instead. InstanceID will be replaced in the future with EntityId and previous sort order cannot be maintained.'

Assets\TumbangPreso\Runtime\Diagnostics\OwnerUiPlayerReview.Performance.cs(245,25): warning CS0618: 'Object.FindFirstObjectByType<T>()' is obsolete: 'FindFirstObjectByType has been deprecated because it relies on instance ID ordering. Use FindAnyObjectByType instead, which does not depend on ordering.'

Assets\TumbangPreso\Runtime\Diagnostics\OwnerUiPlayerReview.Performance.cs(280,88): warning CS0618: 'FindObjectsSortMode' is obsolete: 'FindObjectsSortMode has been deprecated. Use the FindObjectsByType overloads that do not take a FindObjectsSortMode parameter.'

Assets\TumbangPreso\Runtime\Diagnostics\OwnerUiPlayerReview.Performance.cs(280,25): warning CS0618: 'Object.FindObjectsByType<T>(FindObjectsInactive, FindObjectsSortMode)' is obsolete: 'FindObjectsByType with FindObjectsSortMode parameter has been deprecated. Use FindObjectsByType<T>() or FindObjectsByType<T>(FindObjectsInactive) instead. InstanceID will be replaced in the future with EntityId and previous sort order cannot be maintained.'

Assets\TumbangPreso\Runtime\Visual\VoodooCursePresenter.cs(71,87): warning CS0618: 'FindObjectsSortMode' is obsolete: 'FindObjectsSortMode has been deprecated. Use the FindObjectsByType overloads that do not take a FindObjectsSortMode parameter.'

Assets\TumbangPreso\Runtime\Visual\VoodooCursePresenter.cs(71,34): warning CS0618: 'Object.FindObjectsByType<T>(FindObjectsSortMode)' is obsolete: 'FindObjectsByType with FindObjectsSortMode parameter has been deprecated. Use FindObjectsByType<T>() or FindObjectsByType<T>(FindObjectsInactive) instead. InstanceID will be replaced in the future with EntityId and previous sort order cannot be maintained.'

Assets\TumbangPreso\Runtime\PracticeRange.cs(50,43): warning CS0618: 'Object.FindFirstObjectByType<T>()' is obsolete: 'FindFirstObjectByType has been deprecated because it relies on instance ID ordering. Use FindAnyObjectByType instead, which does not depend on ordering.'

Assets\TumbangPreso\Runtime\MatchInstaller.cs(1175,32): warning CS0618: 'Object.FindFirstObjectByType<T>()' is obsolete: 'FindFirstObjectByType has been deprecated because it relies on instance ID ordering. Use FindAnyObjectByType instead, which does not depend on ordering.'

Assets\TumbangPreso\Runtime\MatchInstaller.cs(1178,31): warning CS0618: 'Object.FindFirstObjectByType<T>()' is obsolete: 'FindFirstObjectByType has been deprecated because it relies on instance ID ordering. Use FindAnyObjectByType instead, which does not depend on ordering.'

Assets\TumbangPreso\Runtime\MatchInstaller.cs(1187,17): warning CS0618: 'Object.FindFirstObjectByType<T>()' is obsolete: 'FindFirstObjectByType has been deprecated because it relies on instance ID ordering. Use FindAnyObjectByType instead, which does not depend on ordering.'

Assets\TumbangPreso\Runtime\MatchInstaller.cs(1193,33): warning CS0618: 'Object.FindFirstObjectByType<T>()' is obsolete: 'FindFirstObjectByType has been deprecated because it relies on instance ID ordering. Use FindAnyObjectByType instead, which does not depend on ordering.'

Assets\TumbangPreso\Runtime\MatchInstaller.cs(1202,23): warning CS0618: 'Object.FindFirstObjectByType<T>()' is obsolete: 'FindFirstObjectByType has been deprecated because it relies on instance ID ordering. Use FindAnyObjectByType instead, which does not depend on ordering.'

Assets\TumbangPreso\Runtime\MatchInstaller.cs(1213,25): warning CS0618: 'Object.FindFirstObjectByType<T>()' is obsolete: 'FindFirstObjectByType has been deprecated because it relies on instance ID ordering. Use FindAnyObjectByType instead, which does not depend on ordering.'

Assets\TumbangPreso\Runtime\MatchInstaller.cs(1216,29): warning CS0618: 'Object.FindFirstObjectByType<T>()' is obsolete: 'FindFirstObjectByType has been deprecated because it relies on instance ID ordering. Use FindAnyObjectByType instead, which does not depend on ordering.'

Assets\TumbangPreso\Runtime\MatchInstaller.cs(1235,24): warning CS0618: 'Object.FindFirstObjectByType<T>()' is obsolete: 'FindFirstObjectByType has been deprecated because it relies on instance ID ordering. Use FindAnyObjectByType instead, which does not depend on ordering.'

Assets\TumbangPreso\Runtime\MatchInstaller.cs(1248,27): warning CS0618: 'Object.FindFirstObjectByType<T>()' is obsolete: 'FindFirstObjectByType has been deprecated because it relies on instance ID ordering. Use FindAnyObjectByType instead, which does not depend on ordering.'

Assets\TumbangPreso\Runtime\MatchInstaller.cs(1255,25): warning CS0618: 'Object.FindFirstObjectByType<T>()' is obsolete: 'FindFirstObjectByType has been deprecated because it relies on instance ID ordering. Use FindAnyObjectByType instead, which does not depend on ordering.'

Assets\TumbangPreso\Runtime\MatchInstaller.cs(1262,26): warning CS0618: 'FindObjectsSortMode' is obsolete: 'FindObjectsSortMode has been deprecated. Use the FindObjectsByType overloads that do not take a FindObjectsSortMode parameter.'

Assets\TumbangPreso\Runtime\MatchInstaller.cs(1261,37): warning CS0618: 'Object.FindObjectsByType<T>(FindObjectsSortMode)' is obsolete: 'FindObjectsByType with FindObjectsSortMode parameter has been deprecated. Use FindObjectsByType<T>() or FindObjectsByType<T>(FindObjectsInactive) instead. InstanceID will be replaced in the future with EntityId and previous sort order cannot be maintained.'

Assets\TumbangPreso\Runtime\MatchInstaller.cs(1384,23): warning CS0618: 'Object.FindFirstObjectByType<T>()' is obsolete: 'FindFirstObjectByType has been deprecated because it relies on instance ID ordering. Use FindAnyObjectByType instead, which does not depend on ordering.'

Assets\TumbangPreso\Runtime\Net\WorldEffectSnapshot.cs(61,91): warning CS0618: 'FindObjectsSortMode' is obsolete: 'FindObjectsSortMode has been deprecated. Use the FindObjectsByType overloads that do not take a FindObjectsSortMode parameter.'

Assets\TumbangPreso\Runtime\Net\WorldEffectSnapshot.cs(61,35): warning CS0618: 'Object.FindObjectsByType<T>(FindObjectsSortMode)' is obsolete: 'FindObjectsByType with FindObjectsSortMode parameter has been deprecated. Use FindObjectsByType<T>() or FindObjectsByType<T>(FindObjectsInactive) instead. InstanceID will be replaced in the future with EntityId and previous sort order cannot be maintained.'

Assets\TumbangPreso\Runtime\Net\WorldEffectSnapshot.cs(69,94): warning CS0618: 'FindObjectsSortMode' is obsolete: 'FindObjectsSortMode has been deprecated. Use the FindObjectsByType overloads that do not take a FindObjectsSortMode parameter.'

Assets\TumbangPreso\Runtime\Net\WorldEffectSnapshot.cs(69,34): warning CS0618: 'Object.FindObjectsByType<T>(FindObjectsSortMode)' is obsolete: 'FindObjectsByType with FindObjectsSortMode parameter has been deprecated. Use FindObjectsByType<T>() or FindObjectsByType<T>(FindObjectsInactive) instead. InstanceID will be replaced in the future with EntityId and previous sort order cannot be maintained.'

Assets\TumbangPreso\Runtime\Net\WorldEffectSnapshot.cs(82,92): warning CS0618: 'FindObjectsSortMode' is obsolete: 'FindObjectsSortMode has been deprecated. Use the FindObjectsByType overloads that do not take a FindObjectsSortMode parameter.'

Assets\TumbangPreso\Runtime\Net\WorldEffectSnapshot.cs(82,35): warning CS0618: 'Object.FindObjectsByType<T>(FindObjectsSortMode)' is obsolete: 'FindObjectsByType with FindObjectsSortMode parameter has been deprecated. Use FindObjectsByType<T>() or FindObjectsByType<T>(FindObjectsInactive) instead. InstanceID will be replaced in the future with EntityId and previous sort order cannot be maintained.'

Assets\TumbangPreso\Runtime\Net\WorldEffectSnapshot.cs(86,93): warning CS0618: 'FindObjectsSortMode' is obsolete: 'FindObjectsSortMode has been deprecated. Use the FindObjectsByType overloads that do not take a FindObjectsSortMode parameter.'

Assets\TumbangPreso\Runtime\Net\WorldEffectSnapshot.cs(86,35): warning CS0618: 'Object.FindObjectsByType<T>(FindObjectsSortMode)' is obsolete: 'FindObjectsByType with FindObjectsSortMode parameter has been deprecated. Use FindObjectsByType<T>() or FindObjectsByType<T>(FindObjectsInactive) instead. InstanceID will be replaced in the future with EntityId and previous sort order cannot be maintained.'

Assets\TumbangPreso\Runtime\Net\WorldEffectSnapshot.cs(90,99): warning CS0618: 'FindObjectsSortMode' is obsolete: 'FindObjectsSortMode has been deprecated. Use the FindObjectsByType overloads that do not take a FindObjectsSortMode parameter.'

Assets\TumbangPreso\Runtime\Net\WorldEffectSnapshot.cs(90,36): warning CS0618: 'Object.FindObjectsByType<T>(FindObjectsSortMode)' is obsolete: 'FindObjectsByType with FindObjectsSortMode parameter has been deprecated. Use FindObjectsByType<T>() or FindObjectsByType<T>(FindObjectsInactive) instead. InstanceID will be replaced in the future with EntityId and previous sort order cannot be maintained.'

Assets\TumbangPreso\Runtime\Net\WorldEffectSnapshot.cs(94,89): warning CS0618: 'FindObjectsSortMode' is obsolete: 'FindObjectsSortMode has been deprecated. Use the FindObjectsByType overloads that do not take a FindObjectsSortMode parameter.'

Assets\TumbangPreso\Runtime\Net\WorldEffectSnapshot.cs(94,33): warning CS0618: 'Object.FindObjectsByType<T>(FindObjectsSortMode)' is obsolete: 'FindObjectsByType with FindObjectsSortMode parameter has been deprecated. Use FindObjectsByType<T>() or FindObjectsByType<T>(FindObjectsInactive) instead. InstanceID will be replaced in the future with EntityId and previous sort order cannot be maintained.'

Assets\TumbangPreso\Runtime\Net\WorldEffectSnapshot.cs(98,81): warning CS0618: 'FindObjectsSortMode' is obsolete: 'FindObjectsSortMode has been deprecated. Use the FindObjectsByType overloads that do not take a FindObjectsSortMode parameter.'

Assets\TumbangPreso\Runtime\Net\WorldEffectSnapshot.cs(98,36): warning CS0618: 'Object.FindObjectsByType<T>(FindObjectsSortMode)' is obsolete: 'FindObjectsByType with FindObjectsSortMode parameter has been deprecated. Use FindObjectsByType<T>() or FindObjectsByType<T>(FindObjectsInactive) instead. InstanceID will be replaced in the future with EntityId and previous sort order cannot be maintained.'

Assets\TumbangPreso\Runtime\Net\WorldEffectSnapshot.cs(102,76): warning CS0618: 'FindObjectsSortMode' is obsolete: 'FindObjectsSortMode has been deprecated. Use the FindObjectsByType overloads that do not take a FindObjectsSortMode parameter.'

Assets\TumbangPreso\Runtime\Net\WorldEffectSnapshot.cs(102,35): warning CS0618: 'Object.FindObjectsByType<T>(FindObjectsSortMode)' is obsolete: 'FindObjectsByType with FindObjectsSortMode parameter has been deprecated. Use FindObjectsByType<T>() or FindObjectsByType<T>(FindObjectsInactive) instead. InstanceID will be replaced in the future with EntityId and previous sort order cannot be maintained.'

Assets\TumbangPreso\Runtime\MatchInstaller.cs(1511,21): warning CS0618: 'Object.FindFirstObjectByType<T>()' is obsolete: 'FindFirstObjectByType has been deprecated because it relies on instance ID ordering. Use FindAnyObjectByType instead, which does not depend on ordering.'

Assets\TumbangPreso\Runtime\MatchInstaller.cs(1608,64): warning CS0618: 'FindObjectsSortMode' is obsolete: 'FindObjectsSortMode has been deprecated. Use the FindObjectsByType overloads that do not take a FindObjectsSortMode parameter.'

Assets\TumbangPreso\Runtime\MatchInstaller.cs(1608,35): warning CS0618: 'Object.FindObjectsByType<T>(FindObjectsSortMode)' is obsolete: 'FindObjectsByType with FindObjectsSortMode parameter has been deprecated. Use FindObjectsByType<T>() or FindObjectsByType<T>(FindObjectsInactive) instead. InstanceID will be replaced in the future with EntityId and previous sort order cannot be maintained.'

Assets\TumbangPreso\Runtime\Visual\VfxTimeline.cs(59,55): warning CS0618: 'FindObjectsSortMode' is obsolete: 'FindObjectsSortMode has been deprecated. Use the FindObjectsByType overloads that do not take a FindObjectsSortMode parameter.'

Assets\TumbangPreso\Runtime\Visual\VfxTimeline.cs(58,39): warning CS0618: 'Object.FindObjectsByType<T>(FindObjectsInactive, FindObjectsSortMode)' is obsolete: 'FindObjectsByType with FindObjectsSortMode parameter has been deprecated. Use FindObjectsByType<T>() or FindObjectsByType<T>(FindObjectsInactive) instead. InstanceID will be replaced in the future with EntityId and previous sort order cannot be maintained.'

Assets\TumbangPreso\Runtime\Diagnostics\NetRequestSafetyProbe.cs(168,67): warning CS0618: 'FindObjectsSortMode' is obsolete: 'FindObjectsSortMode has been deprecated. Use the FindObjectsByType overloads that do not take a FindObjectsSortMode parameter.'

Assets\TumbangPreso\Runtime\Diagnostics\NetRequestSafetyProbe.cs(168,35): warning CS0618: 'Object.FindObjectsByType<T>(FindObjectsSortMode)' is obsolete: 'FindObjectsByType with FindObjectsSortMode parameter has been deprecated. Use FindObjectsByType<T>() or FindObjectsByType<T>(FindObjectsInactive) instead. InstanceID will be replaced in the future with EntityId and previous sort order cannot be maintained.'

Assets\TumbangPreso\Runtime\Diagnostics\NetRequestSafetyProbe.cs(169,73): warning CS0618: 'FindObjectsSortMode' is obsolete: 'FindObjectsSortMode has been deprecated. Use the FindObjectsByType overloads that do not take a FindObjectsSortMode parameter.'

Assets\TumbangPreso\Runtime\Diagnostics\NetRequestSafetyProbe.cs(169,36): warning CS0618: 'Object.FindObjectsByType<T>(FindObjectsSortMode)' is obsolete: 'FindObjectsByType with FindObjectsSortMode parameter has been deprecated. Use FindObjectsByType<T>() or FindObjectsByType<T>(FindObjectsInactive) instead. InstanceID will be replaced in the future with EntityId and previous sort order cannot be maintained.'

Assets\TumbangPreso\Runtime\Net\WorldEffectSnapshot.cs(283,63): warning CS0618: 'FindObjectsSortMode' is obsolete: 'FindObjectsSortMode has been deprecated. Use the FindObjectsByType overloads that do not take a FindObjectsSortMode parameter.'

Assets\TumbangPreso\Runtime\Net\WorldEffectSnapshot.cs(283,35): warning CS0618: 'Object.FindObjectsByType<T>(FindObjectsSortMode)' is obsolete: 'FindObjectsByType with FindObjectsSortMode parameter has been deprecated. Use FindObjectsByType<T>() or FindObjectsByType<T>(FindObjectsInactive) instead. InstanceID will be replaced in the future with EntityId and previous sort order cannot be maintained.'

Assets\TumbangPreso\Runtime\Diagnostics\NetRoofProbe.cs(67,23): warning CS0618: 'Object.FindFirstObjectByType<T>()' is obsolete: 'FindFirstObjectByType has been deprecated because it relies on instance ID ordering. Use FindAnyObjectByType instead, which does not depend on ordering.'

Assets\TumbangPreso\Runtime\Diagnostics\NetRoofProbe.cs(69,23): warning CS0618: 'Object.FindFirstObjectByType<T>()' is obsolete: 'FindFirstObjectByType has been deprecated because it relies on instance ID ordering. Use FindAnyObjectByType instead, which does not depend on ordering.'

Assets\TumbangPreso\Runtime\Diagnostics\NetRoofProbe.cs(71,63): warning CS0618: 'FindObjectsSortMode' is obsolete: 'FindObjectsSortMode has been deprecated. Use the FindObjectsByType overloads that do not take a FindObjectsSortMode parameter.'

Assets\TumbangPreso\Runtime\Diagnostics\NetRoofProbe.cs(71,31): warning CS0618: 'Object.FindObjectsByType<T>(FindObjectsSortMode)' is obsolete: 'FindObjectsByType with FindObjectsSortMode parameter has been deprecated. Use FindObjectsByType<T>() or FindObjectsByType<T>(FindObjectsInactive) instead. InstanceID will be replaced in the future with EntityId and previous sort order cannot be maintained.'

Assets\TumbangPreso\Runtime\Diagnostics\NetRoofProbe.cs(72,72): warning CS0618: 'FindObjectsSortMode' is obsolete: 'FindObjectsSortMode has been deprecated. Use the FindObjectsByType overloads that do not take a FindObjectsSortMode parameter.'

Assets\TumbangPreso\Runtime\Diagnostics\NetRoofProbe.cs(72,35): warning CS0618: 'Object.FindObjectsByType<T>(FindObjectsSortMode)' is obsolete: 'FindObjectsByType with FindObjectsSortMode parameter has been deprecated. Use FindObjectsByType<T>() or FindObjectsByType<T>(FindObjectsInactive) instead. InstanceID will be replaced in the future with EntityId and previous sort order cannot be maintained.'

Assets\TumbangPreso\Runtime\Diagnostics\NetRoofProbe.cs(87,17): warning CS0618: 'Object.FindFirstObjectByType<T>()' is obsolete: 'FindFirstObjectByType has been deprecated because it relies on instance ID ordering. Use FindAnyObjectByType instead, which does not depend on ordering.'

Assets\TumbangPreso\Runtime\Diagnostics\NetRoofProbe.cs(119,13): warning CS0618: 'Object.FindFirstObjectByType<T>()' is obsolete: 'FindFirstObjectByType has been deprecated because it relies on instance ID ordering. Use FindAnyObjectByType instead, which does not depend on ordering.'

Assets\TumbangPreso\Runtime\RoundDirector.cs(555,84): warning CS0618: 'FindObjectsSortMode' is obsolete: 'FindObjectsSortMode has been deprecated. Use the FindObjectsByType overloads that do not take a FindObjectsSortMode parameter.'

Assets\TumbangPreso\Runtime\RoundDirector.cs(555,28): warning CS0618: 'Object.FindObjectsByType<T>(FindObjectsInactive, FindObjectsSortMode)' is obsolete: 'FindObjectsByType with FindObjectsSortMode parameter has been deprecated. Use FindObjectsByType<T>() or FindObjectsByType<T>(FindObjectsInactive) instead. InstanceID will be replaced in the future with EntityId and previous sort order cannot be maintained.'

Assets\TumbangPreso\Runtime\Diagnostics\NetRoofProbe.cs(191,52): warning CS0618: 'FindObjectsSortMode' is obsolete: 'FindObjectsSortMode has been deprecated. Use the FindObjectsByType overloads that do not take a FindObjectsSortMode parameter.'

Assets\TumbangPreso\Runtime\Diagnostics\NetRoofProbe.cs(191,26): warning CS0618: 'Object.FindObjectsByType<T>(FindObjectsSortMode)' is obsolete: 'FindObjectsByType with FindObjectsSortMode parameter has been deprecated. Use FindObjectsByType<T>() or FindObjectsByType<T>(FindObjectsInactive) instead. InstanceID will be replaced in the future with EntityId and previous sort order cannot be maintained.'

Assets\TumbangPreso\Runtime\Diagnostics\NetRoofProbe.cs(194,77): warning CS0618: 'FindObjectsSortMode' is obsolete: 'FindObjectsSortMode has been deprecated. Use the FindObjectsByType overloads that do not take a FindObjectsSortMode parameter.'

Assets\TumbangPreso\Runtime\Diagnostics\NetRoofProbe.cs(194,44): warning CS0618: 'Object.FindObjectsByType<T>(FindObjectsSortMode)' is obsolete: 'FindObjectsByType with FindObjectsSortMode parameter has been deprecated. Use FindObjectsByType<T>() or FindObjectsByType<T>(FindObjectsInactive) instead. InstanceID will be replaced in the future with EntityId and previous sort order cannot be maintained.'

Assets\TumbangPreso\Runtime\Net\Matchmaker.cs(140,45): warning CS0618: 'Object.FindFirstObjectByType<T>()' is obsolete: 'FindFirstObjectByType has been deprecated because it relies on instance ID ordering. Use FindAnyObjectByType instead, which does not depend on ordering.'

Assets\TumbangPreso\Runtime\Net\Matchmaker.cs(144,28): warning CS0618: 'Object.FindFirstObjectByType<T>()' is obsolete: 'FindFirstObjectByType has been deprecated because it relies on instance ID ordering. Use FindAnyObjectByType instead, which does not depend on ordering.'

Assets\TumbangPreso\Runtime\Diagnostics\NetRoundBoundaryProbe.cs(51,67): warning CS0618: 'FindObjectsSortMode' is obsolete: 'FindObjectsSortMode has been deprecated. Use the FindObjectsByType overloads that do not take a FindObjectsSortMode parameter.'

Assets\TumbangPreso\Runtime\Diagnostics\NetRoundBoundaryProbe.cs(51,35): warning CS0618: 'Object.FindObjectsByType<T>(FindObjectsSortMode)' is obsolete: 'FindObjectsByType with FindObjectsSortMode parameter has been deprecated. Use FindObjectsByType<T>() or FindObjectsByType<T>(FindObjectsInactive) instead. InstanceID will be replaced in the future with EntityId and previous sort order cannot be maintained.'

Assets\TumbangPreso\Runtime\Diagnostics\NetStateReport.cs(120,33): warning CS0618: 'Object.FindFirstObjectByType<T>()' is obsolete: 'FindFirstObjectByType has been deprecated because it relies on instance ID ordering. Use FindAnyObjectByType instead, which does not depend on ordering.'

Assets\TumbangPreso\Runtime\Diagnostics\NetStateReport.cs(121,29): warning CS0618: 'Object.FindFirstObjectByType<T>()' is obsolete: 'FindFirstObjectByType has been deprecated because it relies on instance ID ordering. Use FindAnyObjectByType instead, which does not depend on ordering.'

Assets\TumbangPreso\Runtime\Diagnostics\NetStateReport.cs(218,58): warning CS0618: 'FindObjectsSortMode' is obsolete: 'FindObjectsSortMode has been deprecated. Use the FindObjectsByType overloads that do not take a FindObjectsSortMode parameter.'

Assets\TumbangPreso\Runtime\Diagnostics\NetStateReport.cs(217,31): warning CS0618: 'Object.FindObjectsByType<T>(FindObjectsInactive, FindObjectsSortMode)' is obsolete: 'FindObjectsByType with FindObjectsSortMode parameter has been deprecated. Use FindObjectsByType<T>() or FindObjectsByType<T>(FindObjectsInactive) instead. InstanceID will be replaced in the future with EntityId and previous sort order cannot be maintained.'

Assets\TumbangPreso\Runtime\Diagnostics\NetSeanProbe.cs(70,25): warning CS0618: 'Object.FindFirstObjectByType<T>()' is obsolete: 'FindFirstObjectByType has been deprecated because it relies on instance ID ordering. Use FindAnyObjectByType instead, which does not depend on ordering.'

Assets\TumbangPreso\Runtime\Diagnostics\NetSeanProbe.cs(81,67): warning CS0618: 'FindObjectsSortMode' is obsolete: 'FindObjectsSortMode has been deprecated. Use the FindObjectsByType overloads that do not take a FindObjectsSortMode parameter.'

Assets\TumbangPreso\Runtime\Diagnostics\NetSeanProbe.cs(81,35): warning CS0618: 'Object.FindObjectsByType<T>(FindObjectsSortMode)' is obsolete: 'FindObjectsByType with FindObjectsSortMode parameter has been deprecated. Use FindObjectsByType<T>() or FindObjectsByType<T>(FindObjectsInactive) instead. InstanceID will be replaced in the future with EntityId and previous sort order cannot be maintained.'

Assets\TumbangPreso\Runtime\Diagnostics\NetSeanProbe.cs(82,72): warning CS0618: 'FindObjectsSortMode' is obsolete: 'FindObjectsSortMode has been deprecated. Use the FindObjectsByType overloads that do not take a FindObjectsSortMode parameter.'

Assets\TumbangPreso\Runtime\Diagnostics\NetSeanProbe.cs(82,35): warning CS0618: 'Object.FindObjectsByType<T>(FindObjectsSortMode)' is obsolete: 'FindObjectsByType with FindObjectsSortMode parameter has been deprecated. Use FindObjectsByType<T>() or FindObjectsByType<T>(FindObjectsInactive) instead. InstanceID will be replaced in the future with EntityId and previous sort order cannot be maintained.'

Assets\TumbangPreso\Runtime\Diagnostics\NetSeanProbe.cs(114,17): warning CS0618: 'Object.FindFirstObjectByType<T>()' is obsolete: 'FindFirstObjectByType has been deprecated because it relies on instance ID ordering. Use FindAnyObjectByType instead, which does not depend on ordering.'

Assets\TumbangPreso\Runtime\Diagnostics\NetSeanProbe.cs(130,83): warning CS0618: 'FindObjectsSortMode' is obsolete: 'FindObjectsSortMode has been deprecated. Use the FindObjectsByType overloads that do not take a FindObjectsSortMode parameter.'

Assets\TumbangPreso\Runtime\Diagnostics\NetSeanProbe.cs(130,27): warning CS0618: 'Object.FindObjectsByType<T>(FindObjectsSortMode)' is obsolete: 'FindObjectsByType with FindObjectsSortMode parameter has been deprecated. Use FindObjectsByType<T>() or FindObjectsByType<T>(FindObjectsInactive) instead. InstanceID will be replaced in the future with EntityId and previous sort order cannot be maintained.'

Assets\TumbangPreso\Runtime\Diagnostics\NetSeanProbe.cs(139,91): warning CS0618: 'FindObjectsSortMode' is obsolete: 'FindObjectsSortMode has been deprecated. Use the FindObjectsByType overloads that do not take a FindObjectsSortMode parameter.'

Assets\TumbangPreso\Runtime\Diagnostics\NetSeanProbe.cs(139,53): warning CS0618: 'Object.FindObjectsByType<T>(FindObjectsSortMode)' is obsolete: 'FindObjectsByType with FindObjectsSortMode parameter has been deprecated. Use FindObjectsByType<T>() or FindObjectsByType<T>(FindObjectsInactive) instead. InstanceID will be replaced in the future with EntityId and previous sort order cannot be maintained.'

Assets\TumbangPreso\Runtime\Net\NetCompletedArrivalProbe.cs(132,30): warning CS0618: 'Object.FindFirstObjectByType<T>()' is obsolete: 'FindFirstObjectByType has been deprecated because it relies on instance ID ordering. Use FindAnyObjectByType instead, which does not depend on ordering.'

Assets\TumbangPreso\Runtime\Net\NetCompletedArrivalProbe.cs(134,57): warning CS0618: 'FindObjectsSortMode' is obsolete: 'FindObjectsSortMode has been deprecated. Use the FindObjectsByType overloads that do not take a FindObjectsSortMode parameter.'

Assets\TumbangPreso\Runtime\Net\NetCompletedArrivalProbe.cs(134,31): warning CS0618: 'Object.FindObjectsByType<T>(FindObjectsSortMode)' is obsolete: 'FindObjectsByType with FindObjectsSortMode parameter has been deprecated. Use FindObjectsByType<T>() or FindObjectsByType<T>(FindObjectsInactive) instead. InstanceID will be replaced in the future with EntityId and previous sort order cannot be maintained.'

Assets\TumbangPreso\Runtime\Net\NetCompletedArrivalProbe.cs(149,25): warning CS0618: 'Object.FindFirstObjectByType<T>()' is obsolete: 'FindFirstObjectByType has been deprecated because it relies on instance ID ordering. Use FindAnyObjectByType instead, which does not depend on ordering.'

Assets\TumbangPreso\Runtime\Net\NetSession.cs(1645,46): warning CS0618: 'FindObjectsSortMode' is obsolete: 'FindObjectsSortMode has been deprecated. Use the FindObjectsByType overloads that do not take a FindObjectsSortMode parameter.'

Assets\TumbangPreso\Runtime\Net\NetSession.cs(1644,37): warning CS0618: 'Object.FindObjectsByType<T>(FindObjectsInactive, FindObjectsSortMode)' is obsolete: 'FindObjectsByType with FindObjectsSortMode parameter has been deprecated. Use FindObjectsByType<T>() or FindObjectsByType<T>(FindObjectsInactive) instead. InstanceID will be replaced in the future with EntityId and previous sort order cannot be maintained.'

Assets\TumbangPreso\Runtime\Diagnostics\NetThrowProbe.cs(52,63): warning CS0618: 'FindObjectsSortMode' is obsolete: 'FindObjectsSortMode has been deprecated. Use the FindObjectsByType overloads that do not take a FindObjectsSortMode parameter.'

Assets\TumbangPreso\Runtime\Diagnostics\NetThrowProbe.cs(52,31): warning CS0618: 'Object.FindObjectsByType<T>(FindObjectsSortMode)' is obsolete: 'FindObjectsByType with FindObjectsSortMode parameter has been deprecated. Use FindObjectsByType<T>() or FindObjectsByType<T>(FindObjectsInactive) instead. InstanceID will be replaced in the future with EntityId and previous sort order cannot be maintained.'

Assets\TumbangPreso\Runtime\Diagnostics\NetThrowProbe.cs(53,71): warning CS0618: 'FindObjectsSortMode' is obsolete: 'FindObjectsSortMode has been deprecated. Use the FindObjectsByType overloads that do not take a FindObjectsSortMode parameter.'

Assets\TumbangPreso\Runtime\Diagnostics\NetThrowProbe.cs(53,34): warning CS0618: 'Object.FindObjectsByType<T>(FindObjectsSortMode)' is obsolete: 'FindObjectsByType with FindObjectsSortMode parameter has been deprecated. Use FindObjectsByType<T>() or FindObjectsByType<T>(FindObjectsInactive) instead. InstanceID will be replaced in the future with EntityId and previous sort order cannot be maintained.'

Assets\TumbangPreso\Runtime\Diagnostics\NetThrowProbe.cs(62,55): warning CS0618: 'FindObjectsSortMode' is obsolete: 'FindObjectsSortMode has been deprecated. Use the FindObjectsByType overloads that do not take a FindObjectsSortMode parameter.'

Assets\TumbangPreso\Runtime\Diagnostics\NetThrowProbe.cs(62,28): warning CS0618: 'Object.FindObjectsByType<T>(FindObjectsSortMode)' is obsolete: 'FindObjectsByType with FindObjectsSortMode parameter has been deprecated. Use FindObjectsByType<T>() or FindObjectsByType<T>(FindObjectsInactive) instead. InstanceID will be replaced in the future with EntityId and previous sort order cannot be maintained.'

Assets\TumbangPreso\Runtime\Diagnostics\NetThrowProbe.cs(74,23): warning CS0618: 'Object.FindFirstObjectByType<T>()' is obsolete: 'FindFirstObjectByType has been deprecated because it relies on instance ID ordering. Use FindAnyObjectByType instead, which does not depend on ordering.'

Assets\TumbangPreso\Runtime\Diagnostics\NetThrowProbe.cs(95,49): warning CS0618: 'FindObjectsSortMode' is obsolete: 'FindObjectsSortMode has been deprecated. Use the FindObjectsByType overloads that do not take a FindObjectsSortMode parameter.'

Assets\TumbangPreso\Runtime\Diagnostics\NetThrowProbe.cs(95,22): warning CS0618: 'Object.FindObjectsByType<T>(FindObjectsSortMode)' is obsolete: 'FindObjectsByType with FindObjectsSortMode parameter has been deprecated. Use FindObjectsByType<T>() or FindObjectsByType<T>(FindObjectsInactive) instead. InstanceID will be replaced in the future with EntityId and previous sort order cannot be maintained.'

Assets\TumbangPreso\Runtime\Net\ServerQuery.cs(389,55): warning CS0618: 'Object.FindFirstObjectByType<T>()' is obsolete: 'FindFirstObjectByType has been deprecated because it relies on instance ID ordering. Use FindAnyObjectByType instead, which does not depend on ordering.'

Assets\TumbangPreso\Runtime\Diagnostics\OwnerUiPlayerReview.cs(201,71): warning CS0618: 'FindObjectsSortMode' is obsolete: 'FindObjectsSortMode has been deprecated. Use the FindObjectsByType overloads that do not take a FindObjectsSortMode parameter.'

Assets\TumbangPreso\Runtime\Diagnostics\OwnerUiPlayerReview.cs(201,19): warning CS0618: 'Object.FindObjectsByType<T>(FindObjectsSortMode)' is obsolete: 'FindObjectsByType with FindObjectsSortMode parameter has been deprecated. Use FindObjectsByType<T>() or FindObjectsByType<T>(FindObjectsInactive) instead. InstanceID will be replaced in the future with EntityId and previous sort order cannot be maintained.'

Assets\TumbangPreso\Runtime\Diagnostics\NetWorldFieldProbe.cs(51,23): warning CS0618: 'Object.FindFirstObjectByType<T>()' is obsolete: 'FindFirstObjectByType has been deprecated because it relies on instance ID ordering. Use FindAnyObjectByType instead, which does not depend on ordering.'

Assets\TumbangPreso\Runtime\Diagnostics\NetWorldFieldProbe.cs(52,66): warning CS0618: 'FindObjectsSortMode' is obsolete: 'FindObjectsSortMode has been deprecated. Use the FindObjectsByType overloads that do not take a FindObjectsSortMode parameter.'

Assets\TumbangPreso\Runtime\Diagnostics\NetWorldFieldProbe.cs(52,34): warning CS0618: 'Object.FindObjectsByType<T>(FindObjectsSortMode)' is obsolete: 'FindObjectsByType with FindObjectsSortMode parameter has been deprecated. Use FindObjectsByType<T>() or FindObjectsByType<T>(FindObjectsInactive) instead. InstanceID will be replaced in the future with EntityId and previous sort order cannot be maintained.'

Assets\TumbangPreso\Runtime\Diagnostics\NetWorldFieldProbe.cs(53,71): warning CS0618: 'FindObjectsSortMode' is obsolete: 'FindObjectsSortMode has been deprecated. Use the FindObjectsByType overloads that do not take a FindObjectsSortMode parameter.'

Assets\TumbangPreso\Runtime\Diagnostics\NetWorldFieldProbe.cs(53,34): warning CS0618: 'Object.FindObjectsByType<T>(FindObjectsSortMode)' is obsolete: 'FindObjectsByType with FindObjectsSortMode parameter has been deprecated. Use FindObjectsByType<T>() or FindObjectsByType<T>(FindObjectsInactive) instead. InstanceID will be replaced in the future with EntityId and previous sort order cannot be maintained.'

Assets\TumbangPreso\Runtime\Diagnostics\OwnerUiPlayerReview.cs(339,22): warning CS0618: 'Object.FindFirstObjectByType<T>()' is obsolete: 'FindFirstObjectByType has been deprecated because it relies on instance ID ordering. Use FindAnyObjectByType instead, which does not depend on ordering.'

Assets\TumbangPreso\Runtime\UI\UltimatePresentationDirector.cs(159,29): warning CS0618: 'Object.FindFirstObjectByType<T>()' is obsolete: 'FindFirstObjectByType has been deprecated because it relies on instance ID ordering. Use FindAnyObjectByType instead, which does not depend on ordering.'

Assets\TumbangPreso\Runtime\Diagnostics\NetZackProbe.cs(71,25): warning CS0618: 'Object.FindFirstObjectByType<T>()' is obsolete: 'FindFirstObjectByType has been deprecated because it relies on instance ID ordering. Use FindAnyObjectByType instead, which does not depend on ordering.'

Assets\TumbangPreso\Runtime\Diagnostics\NetZackProbe.cs(74,67): warning CS0618: 'FindObjectsSortMode' is obsolete: 'FindObjectsSortMode has been deprecated. Use the FindObjectsByType overloads that do not take a FindObjectsSortMode parameter.'

Assets\TumbangPreso\Runtime\Diagnostics\NetZackProbe.cs(74,35): warning CS0618: 'Object.FindObjectsByType<T>(FindObjectsSortMode)' is obsolete: 'FindObjectsByType with FindObjectsSortMode parameter has been deprecated. Use FindObjectsByType<T>() or FindObjectsByType<T>(FindObjectsInactive) instead. InstanceID will be replaced in the future with EntityId and previous sort order cannot be maintained.'

Assets\TumbangPreso\Runtime\Diagnostics\NetZackProbe.cs(75,72): warning CS0618: 'FindObjectsSortMode' is obsolete: 'FindObjectsSortMode has been deprecated. Use the FindObjectsByType overloads that do not take a FindObjectsSortMode parameter.'

Assets\TumbangPreso\Runtime\Diagnostics\NetZackProbe.cs(75,35): warning CS0618: 'Object.FindObjectsByType<T>(FindObjectsSortMode)' is obsolete: 'FindObjectsByType with FindObjectsSortMode parameter has been deprecated. Use FindObjectsByType<T>() or FindObjectsByType<T>(FindObjectsInactive) instead. InstanceID will be replaced in the future with EntityId and previous sort order cannot be maintained.'

Assets\TumbangPreso\Runtime\Diagnostics\NetZackProbe.cs(124,66): warning CS0618: 'FindObjectsSortMode' is obsolete: 'FindObjectsSortMode has been deprecated. Use the FindObjectsByType overloads that do not take a FindObjectsSortMode parameter.'

Assets\TumbangPreso\Runtime\Diagnostics\NetZackProbe.cs(124,25): warning CS0618: 'Object.FindObjectsByType<T>(FindObjectsSortMode)' is obsolete: 'FindObjectsByType with FindObjectsSortMode parameter has been deprecated. Use FindObjectsByType<T>() or FindObjectsByType<T>(FindObjectsInactive) instead. InstanceID will be replaced in the future with EntityId and previous sort order cannot be maintained.'

Assets\TumbangPreso\Runtime\Diagnostics\NetZackProbe.cs(131,83): warning CS0618: 'FindObjectsSortMode' is obsolete: 'FindObjectsSortMode has been deprecated. Use the FindObjectsByType overloads that do not take a FindObjectsSortMode parameter.'

Assets\TumbangPreso\Runtime\Diagnostics\NetZackProbe.cs(131,47): warning CS0618: 'Object.FindObjectsByType<T>(FindObjectsSortMode)' is obsolete: 'FindObjectsByType with FindObjectsSortMode parameter has been deprecated. Use FindObjectsByType<T>() or FindObjectsByType<T>(FindObjectsInactive) instead. InstanceID will be replaced in the future with EntityId and previous sort order cannot be maintained.'

Assets\TumbangPreso\Runtime\Visual\ArcFlicker.cs(107,42): warning CS0162: Unreachable code detected

Assets\TumbangPreso\Runtime\Diagnostics\NetZackProbe.cs(183,52): warning CS0618: 'FindObjectsSortMode' is obsolete: 'FindObjectsSortMode has been deprecated. Use the FindObjectsByType overloads that do not take a FindObjectsSortMode parameter.'

Assets\TumbangPreso\Runtime\Diagnostics\NetZackProbe.cs(183,17): warning CS0618: 'Object.FindObjectsByType<T>(FindObjectsSortMode)' is obsolete: 'FindObjectsByType with FindObjectsSortMode parameter has been deprecated. Use FindObjectsByType<T>() or FindObjectsByType<T>(FindObjectsInactive) instead. InstanceID will be replaced in the future with EntityId and previous sort order cannot be maintained.'

Assets\TumbangPreso\Runtime\Diagnostics\OwnerUiPlayerReview.cs(462,28): warning CS0618: 'Object.FindFirstObjectByType<T>()' is obsolete: 'FindFirstObjectByType has been deprecated because it relies on instance ID ordering. Use FindAnyObjectByType instead, which does not depend on ordering.'

Assets\TumbangPreso\Runtime\Diagnostics\OwnerUiPlayerReview.cs(635,42): warning CS0618: 'Object.FindFirstObjectByType<T>()' is obsolete: 'FindFirstObjectByType has been deprecated because it relies on instance ID ordering. Use FindAnyObjectByType instead, which does not depend on ordering.'

Assets\TumbangPreso\Runtime\Diagnostics\OwnerUiPlayerReview.cs(645,29): warning CS0618: 'Object.FindFirstObjectByType<T>()' is obsolete: 'FindFirstObjectByType has been deprecated because it relies on instance ID ordering. Use FindAnyObjectByType instead, which does not depend on ordering.'

Assets\TumbangPreso\Runtime\Diagnostics\OwnerUiPlayerReview.cs(658,29): warning CS0618: 'Object.FindFirstObjectByType<T>()' is obsolete: 'FindFirstObjectByType has been deprecated because it relies on instance ID ordering. Use FindAnyObjectByType instead, which does not depend on ordering.'

Assets\TumbangPreso\Runtime\Visual\ColourGrade.cs(138,25): warning CS0618: 'Object.FindFirstObjectByType<T>(FindObjectsInactive)' is obsolete: 'FindFirstObjectByType has been deprecated because it relies on instance ID ordering. Use FindAnyObjectByType instead, which does not depend on ordering.'

Assets\TumbangPreso\Runtime\Visual\SkyEvent.cs(345,60): warning CS0618: 'FindObjectsSortMode' is obsolete: 'FindObjectsSortMode has been deprecated. Use the FindObjectsByType overloads that do not take a FindObjectsSortMode parameter.'

Assets\TumbangPreso\Runtime\Visual\SkyEvent.cs(344,35): warning CS0618: 'Object.FindObjectsByType<T>(FindObjectsInactive, FindObjectsSortMode)' is obsolete: 'FindObjectsByType with FindObjectsSortMode parameter has been deprecated. Use FindObjectsByType<T>() or FindObjectsByType<T>(FindObjectsInactive) instead. InstanceID will be replaced in the future with EntityId and previous sort order cannot be maintained.'

Assets\TumbangPreso\Runtime\Visual\SkyEvent.cs(448,66): warning CS0618: 'FindObjectsSortMode' is obsolete: 'FindObjectsSortMode has been deprecated. Use the FindObjectsByType overloads that do not take a FindObjectsSortMode parameter.'

Assets\TumbangPreso\Runtime\Visual\SkyEvent.cs(447,35): warning CS0618: 'Object.FindObjectsByType<T>(FindObjectsInactive, FindObjectsSortMode)' is obsolete: 'FindObjectsByType with FindObjectsSortMode parameter has been deprecated. Use FindObjectsByType<T>() or FindObjectsByType<T>(FindObjectsInactive) instead. InstanceID will be replaced in the future with EntityId and previous sort order cannot be maintained.'

Assets\TumbangPreso\Runtime\UI\DebugBar.cs(71,28): warning CS0618: 'Object.FindFirstObjectByType<T>()' is obsolete: 'FindFirstObjectByType has been deprecated because it relies on instance ID ordering. Use FindAnyObjectByType instead, which does not depend on ordering.'

Assets\TumbangPreso\Runtime\Visual\DisorientedHallucinations.cs(59,65): warning CS0618: 'FindObjectsSortMode' is obsolete: 'FindObjectsSortMode has been deprecated. Use the FindObjectsByType overloads that do not take a FindObjectsSortMode parameter.'

Assets\TumbangPreso\Runtime\Visual\DisorientedHallucinations.cs(59,31): warning CS0618: 'Object.FindObjectsByType<T>(FindObjectsSortMode)' is obsolete: 'FindObjectsByType with FindObjectsSortMode parameter has been deprecated. Use FindObjectsByType<T>() or FindObjectsByType<T>(FindObjectsInactive) instead. InstanceID will be replaced in the future with EntityId and previous sort order cannot be maintained.'

Assets\TumbangPreso\Runtime\UI\Hud.Native.cs(56,90): warning CS0618: 'FindObjectsSortMode' is obsolete: 'FindObjectsSortMode has been deprecated. Use the FindObjectsByType overloads that do not take a FindObjectsSortMode parameter.'

Assets\TumbangPreso\Runtime\UI\Hud.Native.cs(56,34): warning CS0618: 'Object.FindObjectsByType<T>(FindObjectsInactive, FindObjectsSortMode)' is obsolete: 'FindObjectsByType with FindObjectsSortMode parameter has been deprecated. Use FindObjectsByType<T>() or FindObjectsByType<T>(FindObjectsInactive) instead. InstanceID will be replaced in the future with EntityId and previous sort order cannot be maintained.'

Assets\TumbangPreso\Runtime\Visual\GroundReticle.cs(407,24): warning CS0618: 'Object.FindFirstObjectByType<T>()' is obsolete: 'FindFirstObjectByType has been deprecated because it relies on instance ID ordering. Use FindAnyObjectByType instead, which does not depend on ordering.'

Assets\TumbangPreso\Runtime\UI\Hud.cs(1052,61): warning CS0618: 'FindObjectsSortMode' is obsolete: 'FindObjectsSortMode has been deprecated. Use the FindObjectsByType overloads that do not take a FindObjectsSortMode parameter.'

Assets\TumbangPreso\Runtime\UI\Hud.cs(1051,34): warning CS0618: 'Object.FindObjectsByType<T>(FindObjectsInactive, FindObjectsSortMode)' is obsolete: 'FindObjectsByType with FindObjectsSortMode parameter has been deprecated. Use FindObjectsByType<T>() or FindObjectsByType<T>(FindObjectsInactive) instead. InstanceID will be replaced in the future with EntityId and previous sort order cannot be maintained.'

Assets\TumbangPreso\Runtime\UI\Hud.cs(1126,61): warning CS0618: 'FindObjectsSortMode' is obsolete: 'FindObjectsSortMode has been deprecated. Use the FindObjectsByType overloads that do not take a FindObjectsSortMode parameter.'

Assets\TumbangPreso\Runtime\UI\Hud.cs(1125,34): warning CS0618: 'Object.FindObjectsByType<T>(FindObjectsInactive, FindObjectsSortMode)' is obsolete: 'FindObjectsByType with FindObjectsSortMode parameter has been deprecated. Use FindObjectsByType<T>() or FindObjectsByType<T>(FindObjectsInactive) instead. InstanceID will be replaced in the future with EntityId and previous sort order cannot be maintained.'

Assets\TumbangPreso\Runtime\Visual\HitFeel.cs(147,23): warning CS0618: 'Object.FindFirstObjectByType<T>()' is obsolete: 'FindFirstObjectByType has been deprecated because it relies on instance ID ordering. Use FindAnyObjectByType instead, which does not depend on ordering.'

Assets\TumbangPreso\Runtime\UI\Hud.cs(1234,36): warning CS0618: 'Object.FindFirstObjectByType<T>()' is obsolete: 'FindFirstObjectByType has been deprecated because it relies on instance ID ordering. Use FindAnyObjectByType instead, which does not depend on ordering.'

Assets\TumbangPreso\Runtime\UI\Hud.cs(1322,55): warning CS0618: 'FindObjectsSortMode' is obsolete: 'FindObjectsSortMode has been deprecated. Use the FindObjectsByType overloads that do not take a FindObjectsSortMode parameter.'

Assets\TumbangPreso\Runtime\UI\Hud.cs(1321,35): warning CS0618: 'Object.FindObjectsByType<T>(FindObjectsInactive, FindObjectsSortMode)' is obsolete: 'FindObjectsByType with FindObjectsSortMode parameter has been deprecated. Use FindObjectsByType<T>() or FindObjectsByType<T>(FindObjectsInactive) instead. InstanceID will be replaced in the future with EntityId and previous sort order cannot be maintained.'

Assets\TumbangPreso\Runtime\UI\Hud.cs(1343,55): warning CS0618: 'FindObjectsSortMode' is obsolete: 'FindObjectsSortMode has been deprecated. Use the FindObjectsByType overloads that do not take a FindObjectsSortMode parameter.'

Assets\TumbangPreso\Runtime\UI\Hud.cs(1342,34): warning CS0618: 'Object.FindObjectsByType<T>(FindObjectsInactive, FindObjectsSortMode)' is obsolete: 'FindObjectsByType with FindObjectsSortMode parameter has been deprecated. Use FindObjectsByType<T>() or FindObjectsByType<T>(FindObjectsInactive) instead. InstanceID will be replaced in the future with EntityId and previous sort order cannot be maintained.'

Assets\TumbangPreso\Runtime\Visual\HexedPhantomSlippers.cs(95,62): warning CS0618: 'FindObjectsSortMode' is obsolete: 'FindObjectsSortMode has been deprecated. Use the FindObjectsByType overloads that do not take a FindObjectsSortMode parameter.'

Assets\TumbangPreso\Runtime\Visual\HexedPhantomSlippers.cs(95,28): warning CS0618: 'Object.FindObjectsByType<T>(FindObjectsSortMode)' is obsolete: 'FindObjectsByType with FindObjectsSortMode parameter has been deprecated. Use FindObjectsByType<T>() or FindObjectsByType<T>(FindObjectsInactive) instead. InstanceID will be replaced in the future with EntityId and previous sort order cannot be maintained.'

Assets\TumbangPreso\Runtime\Net\MatchRpc.cs(1170,33): warning CS0618: 'Object.FindFirstObjectByType<T>()' is obsolete: 'FindFirstObjectByType has been deprecated because it relies on instance ID ordering. Use FindAnyObjectByType instead, which does not depend on ordering.'

Assets\TumbangPreso\Runtime\UI\ConvertedMatchSetup.cs(2629,33): warning CS0618: 'Object.FindFirstObjectByType<T>()' is obsolete: 'FindFirstObjectByType has been deprecated because it relies on instance ID ordering. Use FindAnyObjectByType instead, which does not depend on ordering.'

Assets\TumbangPreso\Runtime\Net\MatchRpc.cs(1217,24): warning CS0618: 'Object.FindFirstObjectByType<T>()' is obsolete: 'FindFirstObjectByType has been deprecated because it relies on instance ID ordering. Use FindAnyObjectByType instead, which does not depend on ordering.'

Assets\TumbangPreso\Runtime\Net\MatchRpc.cs(1292,24): warning CS0618: 'Object.FindFirstObjectByType<T>()' is obsolete: 'FindFirstObjectByType has been deprecated because it relies on instance ID ordering. Use FindAnyObjectByType instead, which does not depend on ordering.'

Assets\TumbangPreso\Runtime\UI\Hud.cs(2623,62): warning CS0618: 'FindObjectsSortMode' is obsolete: 'FindObjectsSortMode has been deprecated. Use the FindObjectsByType overloads that do not take a FindObjectsSortMode parameter.'

Assets\TumbangPreso\Runtime\UI\Hud.cs(2622,35): warning CS0618: 'Object.FindObjectsByType<T>(FindObjectsInactive, FindObjectsSortMode)' is obsolete: 'FindObjectsByType with FindObjectsSortMode parameter has been deprecated. Use FindObjectsByType<T>() or FindObjectsByType<T>(FindObjectsInactive) instead. InstanceID will be replaced in the future with EntityId and previous sort order cannot be maintained.'

Assets\TumbangPreso\Runtime\Net\MatchRpc.cs(1697,13): warning CS0618: 'Object.FindFirstObjectByType<T>()' is obsolete: 'FindFirstObjectByType has been deprecated because it relies on instance ID ordering. Use FindAnyObjectByType instead, which does not depend on ordering.'

Assets\TumbangPreso\Runtime\UI\Hud.cs(3154,40): warning CS0618: 'Object.FindFirstObjectByType<T>()' is obsolete: 'FindFirstObjectByType has been deprecated because it relies on instance ID ordering. Use FindAnyObjectByType instead, which does not depend on ordering.'

Assets\TumbangPreso\Runtime\Net\MatchRpc.cs(1722,17): warning CS0618: 'Object.FindFirstObjectByType<T>()' is obsolete: 'FindFirstObjectByType has been deprecated because it relies on instance ID ordering. Use FindAnyObjectByType instead, which does not depend on ordering.'

Assets\TumbangPreso\Runtime\Net\MatchRpc.cs(1741,13): warning CS0618: 'Object.FindFirstObjectByType<T>()' is obsolete: 'FindFirstObjectByType has been deprecated because it relies on instance ID ordering. Use FindAnyObjectByType instead, which does not depend on ordering.'

Assets\TumbangPreso\Runtime\Net\MatchRpc.cs(1765,22): warning CS0618: 'Object.FindFirstObjectByType<T>()' is obsolete: 'FindFirstObjectByType has been deprecated because it relies on instance ID ordering. Use FindAnyObjectByType instead, which does not depend on ordering.'

Assets\TumbangPreso\Runtime\Net\MatchRpc.cs(1787,18): warning CS0618: 'Object.FindFirstObjectByType<T>()' is obsolete: 'FindFirstObjectByType has been deprecated because it relies on instance ID ordering. Use FindAnyObjectByType instead, which does not depend on ordering.'

Assets\TumbangPreso\Runtime\Net\MatchRpc.cs(1836,18): warning CS0618: 'Object.FindFirstObjectByType<T>()' is obsolete: 'FindFirstObjectByType has been deprecated because it relies on instance ID ordering. Use FindAnyObjectByType instead, which does not depend on ordering.'

Assets\TumbangPreso\Runtime\Net\MatchRpc.cs(1909,13): warning CS0618: 'Object.FindFirstObjectByType<T>()' is obsolete: 'FindFirstObjectByType has been deprecated because it relies on instance ID ordering. Use FindAnyObjectByType instead, which does not depend on ordering.'

Assets\TumbangPreso\Runtime\Net\MatchRpc.cs(1936,26): warning CS0618: 'Object.FindFirstObjectByType<T>()' is obsolete: 'FindFirstObjectByType has been deprecated because it relies on instance ID ordering. Use FindAnyObjectByType instead, which does not depend on ordering.'

Assets\TumbangPreso\Runtime\UI\Hud.cs(4201,50): warning CS0618: 'FindObjectsSortMode' is obsolete: 'FindObjectsSortMode has been deprecated. Use the FindObjectsByType overloads that do not take a FindObjectsSortMode parameter.'

Assets\TumbangPreso\Runtime\UI\Hud.cs(4200,37): warning CS0618: 'Object.FindObjectsByType<T>(FindObjectsInactive, FindObjectsSortMode)' is obsolete: 'FindObjectsByType with FindObjectsSortMode parameter has been deprecated. Use FindObjectsByType<T>() or FindObjectsByType<T>(FindObjectsInactive) instead. InstanceID will be replaced in the future with EntityId and previous sort order cannot be maintained.'

Assets\TumbangPreso\Runtime\UI\SlipperRecall.cs(296,40): warning CS0618: 'Object.FindFirstObjectByType<T>()' is obsolete: 'FindFirstObjectByType has been deprecated because it relies on instance ID ordering. Use FindAnyObjectByType instead, which does not depend on ordering.'

Assets\TumbangPreso\Runtime\UI\TumpMatchReadout.Recede.cs(47,52): warning CS0618: 'Object.FindFirstObjectByType<T>()' is obsolete: 'FindFirstObjectByType has been deprecated because it relies on instance ID ordering. Use FindAnyObjectByType instead, which does not depend on ordering.'

Assets\TumbangPreso\Runtime\UI\TumpMatchReadout.Recede.cs(48,66): warning CS0618: 'Object.FindFirstObjectByType<T>()' is obsolete: 'FindFirstObjectByType has been deprecated because it relies on instance ID ordering. Use FindAnyObjectByType instead, which does not depend on ordering.'

Assets\TumbangPreso\Runtime\UI\RoleSwapCard.cs(298,23): warning CS0618: 'Object.FindFirstObjectByType<T>()' is obsolete: 'FindFirstObjectByType has been deprecated because it relies on instance ID ordering. Use FindAnyObjectByType instead, which does not depend on ordering.'

Assets\TumbangPreso\Runtime\UI\PlayerNameplate.cs(122,46): warning CS0618: 'FindObjectsSortMode' is obsolete: 'FindObjectsSortMode has been deprecated. Use the FindObjectsByType overloads that do not take a FindObjectsSortMode parameter.'

Assets\TumbangPreso\Runtime\UI\PlayerNameplate.cs(121,25): warning CS0618: 'Object.FindObjectsByType<T>(FindObjectsInactive, FindObjectsSortMode)' is obsolete: 'FindObjectsByType with FindObjectsSortMode parameter has been deprecated. Use FindObjectsByType<T>() or FindObjectsByType<T>(FindObjectsInactive) instead. InstanceID will be replaced in the future with EntityId and previous sort order cannot be maintained.'

Assets\TumbangPreso\Runtime\UI\TumpMatchReadout.cs(215,66): warning CS0618: 'Object.FindFirstObjectByType<T>()' is obsolete: 'FindFirstObjectByType has been deprecated because it relies on instance ID ordering. Use FindAnyObjectByType instead, which does not depend on ordering.'

Assets\TumbangPreso\Runtime\UI\TumpMatchReadout.cs(450,140): warning CS0618: 'FindObjectsSortMode' is obsolete: 'FindObjectsSortMode has been deprecated. Use the FindObjectsByType overloads that do not take a FindObjectsSortMode parameter.'

Assets\TumbangPreso\Runtime\UI\TumpMatchReadout.cs(450,84): warning CS0618: 'Object.FindObjectsByType<T>(FindObjectsInactive, FindObjectsSortMode)' is obsolete: 'FindObjectsByType with FindObjectsSortMode parameter has been deprecated. Use FindObjectsByType<T>() or FindObjectsByType<T>(FindObjectsInactive) instead. InstanceID will be replaced in the future with EntityId and previous sort order cannot be maintained.'

Assets\TumbangPreso\Runtime\UI\ModelPreview.cs(527,60): warning CS0618: 'FindObjectsSortMode' is obsolete: 'FindObjectsSortMode has been deprecated. Use the FindObjectsByType overloads that do not take a FindObjectsSortMode parameter.'

Assets\TumbangPreso\Runtime\UI\ModelPreview.cs(526,35): warning CS0618: 'Object.FindObjectsByType<T>(FindObjectsInactive, FindObjectsSortMode)' is obsolete: 'FindObjectsByType with FindObjectsSortMode parameter has been deprecated. Use FindObjectsByType<T>() or FindObjectsByType<T>(FindObjectsInactive) instead. InstanceID will be replaced in the future with EntityId and previous sort order cannot be maintained.'

Assets\TumbangPreso\Runtime\UI\MapPreviewSurface.cs(746,103): warning CS0618: 'FindObjectsSortMode' is obsolete: 'FindObjectsSortMode has been deprecated. Use the FindObjectsByType overloads that do not take a FindObjectsSortMode parameter.'

Assets\TumbangPreso\Runtime\UI\MapPreviewSurface.cs(746,37): warning CS0618: 'Object.FindObjectsByType<T>(FindObjectsInactive, FindObjectsSortMode)' is obsolete: 'FindObjectsByType with FindObjectsSortMode parameter has been deprecated. Use FindObjectsByType<T>() or FindObjectsByType<T>(FindObjectsInactive) instead. InstanceID will be replaced in the future with EntityId and previous sort order cannot be maintained.'

Assets\TumbangPreso\Runtime\UI\MapPreviewSurface.cs(1184,61): warning CS0618: 'FindObjectsSortMode' is obsolete: 'FindObjectsSortMode has been deprecated. Use the FindObjectsByType overloads that do not take a FindObjectsSortMode parameter.'

Assets\TumbangPreso\Runtime\UI\MapPreviewSurface.cs(1183,35): warning CS0618: 'Object.FindObjectsByType<T>(FindObjectsInactive, FindObjectsSortMode)' is obsolete: 'FindObjectsByType with FindObjectsSortMode parameter has been deprecated. Use FindObjectsByType<T>() or FindObjectsByType<T>(FindObjectsInactive) instead. InstanceID will be replaced in the future with EntityId and previous sort order cannot be maintained.'

Assets\TumbangPreso\Runtime\Visual\PhaisterOmenScreen.cs(128,38): warning CS0618: 'Object.FindFirstObjectByType<T>()' is obsolete: 'FindFirstObjectByType has been deprecated because it relies on instance ID ordering. Use FindAnyObjectByType instead, which does not depend on ordering.'

Assets\TumbangPreso\Runtime\Visual\PhaisterManika.cs(145,35): warning CS0618: 'Object.FindFirstObjectByType<T>()' is obsolete: 'FindFirstObjectByType has been deprecated because it relies on instance ID ordering. Use FindAnyObjectByType instead, which does not depend on ordering.'

Assets\TumbangPreso\Runtime\Visual\PhaisterManika.cs(233,23): warning CS0618: 'Object.FindFirstObjectByType<T>()' is obsolete: 'FindFirstObjectByType has been deprecated because it relies on instance ID ordering. Use FindAnyObjectByType instead, which does not depend on ordering.'

Assets\TumbangPreso\Runtime\UI\MatchResult.cs(647,23): warning CS0618: 'Object.FindFirstObjectByType<T>()' is obsolete: 'FindFirstObjectByType has been deprecated because it relies on instance ID ordering. Use FindAnyObjectByType instead, which does not depend on ordering.'

Assets\TumbangPreso\Runtime\Visual\PhaisterAimSigil.cs(247,24): warning CS0618: 'Object.FindFirstObjectByType<T>()' is obsolete: 'FindFirstObjectByType has been deprecated because it relies on instance ID ordering. Use FindAnyObjectByType instead, which does not depend on ordering.'

Assets\TumbangPreso\Runtime\Net\MatchRpc.cs(5555,24): warning CS0618: 'Object.FindFirstObjectByType<T>()' is obsolete: 'FindFirstObjectByType has been deprecated because it relies on instance ID ordering. Use FindAnyObjectByType instead, which does not depend on ordering.'

Assets\TumbangPreso\Runtime\Visual\MapCameraRange.cs(52,25): warning CS0618: 'Object.FindFirstObjectByType<T>(FindObjectsInactive)' is obsolete: 'FindFirstObjectByType has been deprecated because it relies on instance ID ordering. Use FindAnyObjectByType instead, which does not depend on ordering.'

Assets\TumbangPreso\Runtime\Visual\MatchFlair.cs(219,112): warning CS0618: 'FindObjectsSortMode' is obsolete: 'FindObjectsSortMode has been deprecated. Use the FindObjectsByType overloads that do not take a FindObjectsSortMode parameter.'

Assets\TumbangPreso\Runtime\Visual\MatchFlair.cs(219,42): warning CS0618: 'Object.FindObjectsByType<T>(FindObjectsSortMode)' is obsolete: 'FindObjectsByType with FindObjectsSortMode parameter has been deprecated. Use FindObjectsByType<T>() or FindObjectsByType<T>(FindObjectsInactive) instead. InstanceID will be replaced in the future with EntityId and previous sort order cannot be maintained.'

Assets\TumbangPreso\Runtime\Net\MatchRpc.cs(6443,13): warning CS0618: 'Object.FindFirstObjectByType<T>()' is obsolete: 'FindFirstObjectByType has been deprecated because it relies on instance ID ordering. Use FindAnyObjectByType instead, which does not depend on ordering.'

Assets\TumbangPreso\Runtime\Net\MatchRpc.cs(6444,13): warning CS0618: 'Object.FindFirstObjectByType<T>()' is obsolete: 'FindFirstObjectByType has been deprecated because it relies on instance ID ordering. Use FindAnyObjectByType instead, which does not depend on ordering.'

Assets\TumbangPreso\Runtime\Net\MatchRpc.cs(6500,17): warning CS0618: 'Object.FindFirstObjectByType<T>()' is obsolete: 'FindFirstObjectByType has been deprecated because it relies on instance ID ordering. Use FindAnyObjectByType instead, which does not depend on ordering.'

Assets\TumbangPreso\Runtime\Net\MatchRpc.cs(6538,13): warning CS0618: 'Object.FindFirstObjectByType<T>()' is obsolete: 'FindFirstObjectByType has been deprecated because it relies on instance ID ordering. Use FindAnyObjectByType instead, which does not depend on ordering.'

Assets\TumbangPreso\Runtime\Net\MatchRpc.cs(6566,13): warning CS0618: 'Object.FindFirstObjectByType<T>()' is obsolete: 'FindFirstObjectByType has been deprecated because it relies on instance ID ordering. Use FindAnyObjectByType instead, which does not depend on ordering.'

Assets\TumbangPreso\Runtime\Net\MatchRpc.cs(6604,13): warning CS0618: 'Object.FindFirstObjectByType<T>()' is obsolete: 'FindFirstObjectByType has been deprecated because it relies on instance ID ordering. Use FindAnyObjectByType instead, which does not depend on ordering.'

Assets\TumbangPreso\Runtime\Net\MatchRpc.cs(6742,25): warning CS0618: 'Object.FindFirstObjectByType<T>()' is obsolete: 'FindFirstObjectByType has been deprecated because it relies on instance ID ordering. Use FindAnyObjectByType instead, which does not depend on ordering.'

Assets\TumbangPreso\Runtime\Net\MatchRpc.cs(6748,13): warning CS0618: 'Object.FindFirstObjectByType<T>()' is obsolete: 'FindFirstObjectByType has been deprecated because it relies on instance ID ordering. Use FindAnyObjectByType instead, which does not depend on ordering.'

Assets\TumbangPreso\Runtime\Net\MatchRpc.cs(6760,60): warning CS0618: 'Object.FindFirstObjectByType<T>()' is obsolete: 'FindFirstObjectByType has been deprecated because it relies on instance ID ordering. Use FindAnyObjectByType instead, which does not depend on ordering.'

Assets\TumbangPreso\Runtime\Net\MatchRpc.cs(6769,13): warning CS0618: 'Object.FindFirstObjectByType<T>()' is obsolete: 'FindFirstObjectByType has been deprecated because it relies on instance ID ordering. Use FindAnyObjectByType instead, which does not depend on ordering.'

Assets\TumbangPreso\Runtime\UI\Hub\HubLoading.cs(198,88): warning CS0618: 'FindObjectsSortMode' is obsolete: 'FindObjectsSortMode has been deprecated. Use the FindObjectsByType overloads that do not take a FindObjectsSortMode parameter.'

Assets\TumbangPreso\Runtime\UI\Hub\HubLoading.cs(198,47): warning CS0618: 'Object.FindObjectsByType<T>(FindObjectsSortMode)' is obsolete: 'FindObjectsByType with FindObjectsSortMode parameter has been deprecated. Use FindObjectsByType<T>() or FindObjectsByType<T>(FindObjectsInactive) instead. InstanceID will be replaced in the future with EntityId and previous sort order cannot be maintained.'

Assets\TumbangPreso\Runtime\Net\MatchRpc.cs(6914,29): warning CS0618: 'Object.FindFirstObjectByType<T>()' is obsolete: 'FindFirstObjectByType has been deprecated because it relies on instance ID ordering. Use FindAnyObjectByType instead, which does not depend on ordering.'

Assets\TumbangPreso\Runtime\Net\MatchRpc.cs(6919,36): warning CS0618: 'Object.FindFirstObjectByType<T>()' is obsolete: 'FindFirstObjectByType has been deprecated because it relies on instance ID ordering. Use FindAnyObjectByType instead, which does not depend on ordering.'

Assets\TumbangPreso\Runtime\Net\MatchRpc.cs(6928,27): warning CS0618: 'Object.FindFirstObjectByType<T>()' is obsolete: 'FindFirstObjectByType has been deprecated because it relies on instance ID ordering. Use FindAnyObjectByType instead, which does not depend on ordering.'

Assets\TumbangPreso\Runtime\Net\MatchRpc.cs(6935,25): warning CS0618: 'Object.FindFirstObjectByType<T>()' is obsolete: 'FindFirstObjectByType has been deprecated because it relies on instance ID ordering. Use FindAnyObjectByType instead, which does not depend on ordering.'

Assets\TumbangPreso\Runtime\Net\MatchRpc.cs(6938,64): warning CS0618: 'FindObjectsSortMode' is obsolete: 'FindObjectsSortMode has been deprecated. Use the FindObjectsByType overloads that do not take a FindObjectsSortMode parameter.'

Assets\TumbangPreso\Runtime\Net\MatchRpc.cs(6938,37): warning CS0618: 'Object.FindObjectsByType<T>(FindObjectsSortMode)' is obsolete: 'FindObjectsByType with FindObjectsSortMode parameter has been deprecated. Use FindObjectsByType<T>() or FindObjectsByType<T>(FindObjectsInactive) instead. InstanceID will be replaced in the future with EntityId and previous sort order cannot be maintained.'

Assets\TumbangPreso\Runtime\Abilities\ZackHeroKit.cs(38,42): warning CS0414: The field 'ZackHeroKit._joinThunderSettled' is assigned but its value is never used

Assets\TumbangPreso\Runtime\UI\Hud.cs(175,24): warning CS0414: The field 'Hud._stunShown' is assigned but its value is never used

Assets\TumbangPreso\Runtime\AIController.cs(59,41): warning CS0414: The field 'AIController._tier' is assigned but its value is never used

Assets\TumbangPreso\Runtime\UI\ArrowButtonView.cs(54,32): warning CS0414: The field 'ArrowButtonView._held' is assigned but its value is never used

Assets\TumbangPreso\Runtime\CharacterMotor.cs(1841,23): warning CS0414: The field 'CharacterMotor._lastStunMashTime' is assigned but its value is never used

Assets\TumbangPreso\Runtime\UI\TumpPowerReadout.OwnerDeck.cs(29,29): warning CS0414: The field 'TumpPowerReadout._referenceOpened' is assigned but its value is never used

Assets\TumbangPreso\Runtime\AIController.cs(149,28): warning UAC1001: Field 'SeatDifficulty' type 'TumbangPreso.Core.Difficulty?' is skipped by serialization (missing the [Serializable] attribute). Refer to the Serialization rules analyzer reference. (https://docs.unity3d.com/6000.5/Documentation/Manual/script-serialization-analyzer.html#uac1001)

Assets\TumbangPreso\Runtime\Abilities\HeroHazards.cs(2678,32): warning UAC1001: Field 'OwnerCast' type 'TumbangPreso.Abilities.HeroAbility' is skipped by serialization (missing the [Serializable] attribute). Refer to the Serialization rules analyzer reference. (https://docs.unity3d.com/6000.5/Documentation/Manual/script-serialization-analyzer.html#uac1001)

Assets\TumbangPreso\Runtime\UI\Hub\HubSeatSwapPopup.cs(8,39): warning UAC1001: Field 'Offer' type 'TumbangPreso.Net.LobbySeatSwapOffer' is skipped by serialization (missing the [Serializable] attribute). Refer to the Serialization rules analyzer reference. (https://docs.unity3d.com/6000.5/Documentation/Manual/script-serialization-analyzer.html#uac1001)

Assets\TumbangPreso\Runtime\UI\SlipperRecallMark.cs(46,23): warning UAC1001: Field 'Bearing' type 'float?' is skipped by serialization (missing the [Serializable] attribute). Refer to the Serialization rules analyzer reference. (https://docs.unity3d.com/6000.5/Documentation/Manual/script-serialization-analyzer.html#uac1001)
[1231/1243  0s] ILPostProcess Library/Bee/artifacts/1900b0aE.dag/post-processed/TumbangPreso.Editor.dll (+pdb)
Processing assembly Library/Bee/artifacts/1900b0aE.dag/TumbangPreso.Editor.dll, with 140 defines and 305 references

processors: Unity.Jobs.CodeGen.JobsILPostProcessor, Unity.Netcode.Editor.CodeGen.INetworkMessageILPP, Unity.Netcode.Editor.CodeGen.INetworkSerializableILPP, Unity.Netcode.Editor.CodeGen.NetworkBehaviourILPP, Unity.Netcode.Editor.CodeGen.RuntimeAccessModifiersILPP, Unity.Pipeline.CodeGen.HotReloadInPlaceILPostProcessor, zzzUnity.Burst.CodeGen.BurstILPostProcessor

running Unity.Jobs.CodeGen.JobsILPostProcessor

running Unity.Netcode.Editor.CodeGen.INetworkMessageILPP

running Unity.Netcode.Editor.CodeGen.INetworkSerializableILPP

running Unity.Netcode.Editor.CodeGen.NetworkBehaviourILPP

running Unity.Netcode.Editor.CodeGen.RuntimeAccessModifiersILPP

running Unity.Pipeline.CodeGen.HotReloadInPlaceILPostProcessor

running zzzUnity.Burst.CodeGen.BurstILPostProcessor
[1234/1243  4s] ILPostProcess Library/Bee/artifacts/1900b0aE.dag/post-processed/TumbangPreso.Tests.dll (+pdb)
Processing assembly Library/Bee/artifacts/1900b0aE.dag/TumbangPreso.Tests.dll, with 140 defines and 302 references

processors: Unity.Jobs.CodeGen.JobsILPostProcessor, Unity.Netcode.Editor.CodeGen.INetworkMessageILPP, Unity.Netcode.Editor.CodeGen.INetworkSerializableILPP, Unity.Netcode.Editor.CodeGen.NetworkBehaviourILPP, Unity.Netcode.Editor.CodeGen.RuntimeAccessModifiersILPP, Unity.Pipeline.CodeGen.HotReloadInPlaceILPostProcessor, zzzUnity.Burst.CodeGen.BurstILPostProcessor

running Unity.Jobs.CodeGen.JobsILPostProcessor

running Unity.Netcode.Editor.CodeGen.INetworkMessageILPP

running Unity.Netcode.Editor.CodeGen.INetworkSerializableILPP

running Unity.Netcode.Editor.CodeGen.NetworkBehaviourILPP

running Unity.Netcode.Editor.CodeGen.RuntimeAccessModifiersILPP

running Unity.Pipeline.CodeGen.HotReloadInPlaceILPostProcessor

running zzzUnity.Burst.CodeGen.BurstILPostProcessor
[1237/1243  8s] ILPostProcess Library/Bee/artifacts/1900b0aE.dag/post-processed/TumbangPreso.Runtime.dll (+pdb)
Processing assembly Library/Bee/artifacts/1900b0aE.dag/TumbangPreso.Runtime.dll, with 142 defines and 298 references

processors: Unity.Jobs.CodeGen.JobsILPostProcessor, Unity.Netcode.Editor.CodeGen.INetworkMessageILPP, Unity.Netcode.Editor.CodeGen.INetworkSerializableILPP, Unity.Netcode.Editor.CodeGen.NetworkBehaviourILPP, Unity.Netcode.Editor.CodeGen.RuntimeAccessModifiersILPP, Unity.Pipeline.CodeGen.HotReloadInPlaceILPostProcessor, zzzUnity.Burst.CodeGen.BurstILPostProcessor

running Unity.Jobs.CodeGen.JobsILPostProcessor

running Unity.Netcode.Editor.CodeGen.INetworkMessageILPP

running Unity.Netcode.Editor.CodeGen.INetworkSerializableILPP

running Unity.Netcode.Editor.CodeGen.NetworkBehaviourILPP

running Unity.Netcode.Editor.CodeGen.RuntimeAccessModifiersILPP

running Unity.Pipeline.CodeGen.HotReloadInPlaceILPostProcessor

running zzzUnity.Burst.CodeGen.BurstILPostProcessor
[1238/1243  0s] CopyFiles Library/ScriptAssemblies/TumbangPreso.Runtime.pdb
[1239/1243  8s] ILPostProcess Library/Bee/artifacts/1900b0aE.dag/post-processed/TumbangPreso.PlayTests.dll (+pdb)
Processing assembly Library/Bee/artifacts/1900b0aE.dag/TumbangPreso.PlayTests.dll, with 142 defines and 290 references

processors: Unity.Jobs.CodeGen.JobsILPostProcessor, Unity.Netcode.Editor.CodeGen.INetworkMessageILPP, Unity.Netcode.Editor.CodeGen.INetworkSerializableILPP, Unity.Netcode.Editor.CodeGen.NetworkBehaviourILPP, Unity.Netcode.Editor.CodeGen.RuntimeAccessModifiersILPP, Unity.Pipeline.CodeGen.HotReloadInPlaceILPostProcessor, zzzUnity.Burst.CodeGen.BurstILPostProcessor

running Unity.Jobs.CodeGen.JobsILPostProcessor

running Unity.Netcode.Editor.CodeGen.INetworkMessageILPP

running Unity.Netcode.Editor.CodeGen.INetworkSerializableILPP

running Unity.Netcode.Editor.CodeGen.NetworkBehaviourILPP

running Unity.Netcode.Editor.CodeGen.RuntimeAccessModifiersILPP

running Unity.Pipeline.CodeGen.HotReloadInPlaceILPostProcessor

running zzzUnity.Burst.CodeGen.BurstILPostProcessor
[1240/1243  0s] CopyFiles Library/ScriptAssemblies/TumbangPreso.Runtime.dll
*** Tundra build success (19.67 seconds), 8 items updated, 1243 evaluated
Assets\TumbangPreso\Runtime\AudioDirector.cs(184,71): warning CS0618: 'FindObjectsSortMode' is obsolete: 'FindObjectsSortMode has been deprecated. Use the FindObjectsByType overloads that do not take a FindObjectsSortMode parameter.'
Assets\TumbangPreso\Runtime\AudioDirector.cs(183,38): warning CS0618: 'Object.FindObjectsByType<T>(FindObjectsInactive, FindObjectsSortMode)' is obsolete: 'FindObjectsByType with FindObjectsSortMode parameter has been deprecated. Use FindObjectsByType<T>() or FindObjectsByType<T>(FindObjectsInactive) instead. InstanceID will be replaced in the future with EntityId and previous sort order cannot be maintained.'
Assets\TumbangPreso\Runtime\Abilities\DanteHeroKit.cs(160,81): warning CS0618: 'FindObjectsSortMode' is obsolete: 'FindObjectsSortMode has been deprecated. Use the FindObjectsByType overloads that do not take a FindObjectsSortMode parameter.'
Assets\TumbangPreso\Runtime\Abilities\DanteHeroKit.cs(160,35): warning CS0618: 'Object.FindObjectsByType<T>(FindObjectsSortMode)' is obsolete: 'FindObjectsByType with FindObjectsSortMode parameter has been deprecated. Use FindObjectsByType<T>() or FindObjectsByType<T>(FindObjectsInactive) instead. InstanceID will be replaced in the future with EntityId and previous sort order cannot be maintained.'
Assets\TumbangPreso\Runtime\Visual\ZackCircuitTell.cs(47,73): warning CS0618: 'FindObjectsSortMode' is obsolete: 'FindObjectsSortMode has been deprecated. Use the FindObjectsByType overloads that do not take a FindObjectsSortMode parameter.'
Assets\TumbangPreso\Runtime\Visual\ZackCircuitTell.cs(47,33): warning CS0618: 'Object.FindObjectsByType<T>(FindObjectsSortMode)' is obsolete: 'FindObjectsByType with FindObjectsSortMode parameter has been deprecated. Use FindObjectsByType<T>() or FindObjectsByType<T>(FindObjectsInactive) instead. InstanceID will be replaced in the future with EntityId and previous sort order cannot be maintained.'
Assets\TumbangPreso\Runtime\Visual\WorldOutline.cs(533,66): warning CS0618: 'FindObjectsSortMode' is obsolete: 'FindObjectsSortMode has been deprecated. Use the FindObjectsByType overloads that do not take a FindObjectsSortMode parameter.'
Assets\TumbangPreso\Runtime\Visual\WorldOutline.cs(533,38): warning CS0618: 'Object.FindObjectsByType<T>(FindObjectsSortMode)' is obsolete: 'FindObjectsByType with FindObjectsSortMode parameter has been deprecated. Use FindObjectsByType<T>() or FindObjectsByType<T>(FindObjectsInactive) instead. InstanceID will be replaced in the future with EntityId and previous sort order cannot be maintained.'
Assets\TumbangPreso\Runtime\Camera\CameraRig.cs(342,23): warning CS0618: 'Object.FindFirstObjectByType<T>()' is obsolete: 'FindFirstObjectByType has been deprecated because it relies on instance ID ordering. Use FindAnyObjectByType instead, which does not depend on ordering.'
Assets\TumbangPreso\Runtime\Camera\CameraRig.cs(360,23): warning CS0618: 'Object.FindFirstObjectByType<T>()' is obsolete: 'FindFirstObjectByType has been deprecated because it relies on instance ID ordering. Use FindAnyObjectByType instead, which does not depend on ordering.'
Assets\TumbangPreso\Runtime\Camera\CameraRig.cs(374,23): warning CS0618: 'Object.FindFirstObjectByType<T>()' is obsolete: 'FindFirstObjectByType has been deprecated because it relies on instance ID ordering. Use FindAnyObjectByType instead, which does not depend on ordering.'
Assets\TumbangPreso\Runtime\Camera\CameraRig.cs(384,23): warning CS0618: 'Object.FindFirstObjectByType<T>()' is obsolete: 'FindFirstObjectByType has been deprecated because it relies on instance ID ordering. Use FindAnyObjectByType instead, which does not depend on ordering.'
Assets\TumbangPreso\Runtime\Camera\CameraRig.cs(397,23): warning CS0618: 'Object.FindFirstObjectByType<T>()' is obsolete: 'FindFirstObjectByType has been deprecated because it relies on instance ID ordering. Use FindAnyObjectByType instead, which does not depend on ordering.'
Assets\TumbangPreso\Runtime\Camera\CameraRig.cs(405,21): warning CS0618: 'Object.FindFirstObjectByType<T>()' is obsolete: 'FindFirstObjectByType has been deprecated because it relies on instance ID ordering. Use FindAnyObjectByType instead, which does not depend on ordering.'
Assets\TumbangPreso\Runtime\Camera\CameraRig.cs(412,23): warning CS0618: 'Object.FindFirstObjectByType<T>()' is obsolete: 'FindFirstObjectByType has been deprecated because it relies on instance ID ordering. Use FindAnyObjectByType instead, which does not depend on ordering.'
Assets\TumbangPreso\Runtime\Abilities\VoodooDollBody.cs(145,97): warning CS0618: 'FindObjectsSortMode' is obsolete: 'FindObjectsSortMode has been deprecated. Use the FindObjectsByType overloads that do not take a FindObjectsSortMode parameter.'
Assets\TumbangPreso\Runtime\Abilities\VoodooDollBody.cs(145,34): warning CS0618: 'Object.FindObjectsByType<T>(FindObjectsInactive, FindObjectsSortMode)' is obsolete: 'FindObjectsByType with FindObjectsSortMode parameter has been deprecated. Use FindObjectsByType<T>() or FindObjectsByType<T>(FindObjectsInactive) instead. InstanceID will be replaced in the future with EntityId and previous sort order cannot be maintained.'
Assets\TumbangPreso\Runtime\Carrier.cs(838,58): warning CS0618: 'FindObjectsSortMode' is obsolete: 'FindObjectsSortMode has been deprecated. Use the FindObjectsByType overloads that do not take a FindObjectsSortMode parameter.'
Assets\TumbangPreso\Runtime\Carrier.cs(838,31): warning CS0618: 'Object.FindObjectsByType<T>(FindObjectsSortMode)' is obsolete: 'FindObjectsByType with FindObjectsSortMode parameter has been deprecated. Use FindObjectsByType<T>() or FindObjectsByType<T>(FindObjectsInactive) instead. InstanceID will be replaced in the future with EntityId and previous sort order cannot be maintained.'
Assets\TumbangPreso\Runtime\DebugPlayerSwitcher.cs(128,46): warning CS0618: 'Object.FindFirstObjectByType<T>()' is obsolete: 'FindFirstObjectByType has been deprecated because it relies on instance ID ordering. Use FindAnyObjectByType instead, which does not depend on ordering.'
Assets\TumbangPreso\Runtime\DebugPlayerSwitcher.cs(245,27): warning CS0618: 'Object.FindFirstObjectByType<T>()' is obsolete: 'FindFirstObjectByType has been deprecated because it relies on instance ID ordering. Use FindAnyObjectByType instead, which does not depend on ordering.'
Assets\TumbangPreso\Runtime\DebugPlayerSwitcher.cs(263,21): warning CS0618: 'Object.FindFirstObjectByType<T>()' is obsolete: 'FindFirstObjectByType has been deprecated because it relies on instance ID ordering. Use FindAnyObjectByType instead, which does not depend on ordering.'
Assets\TumbangPreso\Runtime\DebugPlayerSwitcher.cs(267,27): warning CS0618: 'Object.FindFirstObjectByType<T>()' is obsolete: 'FindFirstObjectByType has been deprecated because it relies on instance ID ordering. Use FindAnyObjectByType instead, which does not depend on ordering.'
Assets\TumbangPreso\Runtime\DebugPlayerSwitcher.cs(270,29): warning CS0618: 'Object.FindFirstObjectByType<T>()' is obsolete: 'FindFirstObjectByType has been deprecated because it relies on instance ID ordering. Use FindAnyObjectByType instead, which does not depend on ordering.'
Assets\TumbangPreso\Runtime\DebugPlayerSwitcher.cs(272,31): warning CS0618: 'Object.FindFirstObjectByType<T>()' is obsolete: 'FindFirstObjectByType has been deprecated because it relies on instance ID ordering. Use FindAnyObjectByType instead, which does not depend on ordering.'
Assets\TumbangPreso\Runtime\Diagnostics\WorldShadowSweepProbe.cs(97,67): warning CS0618: 'FindObjectsSortMode' is obsolete: 'FindObjectsSortMode has been deprecated. Use the FindObjectsByType overloads that do not take a FindObjectsSortMode parameter.'
Assets\TumbangPreso\Runtime\Diagnostics\WorldShadowSweepProbe.cs(97,35): warning CS0618: 'Object.FindObjectsByType<T>(FindObjectsSortMode)' is obsolete: 'FindObjectsByType with FindObjectsSortMode parameter has been deprecated. Use FindObjectsByType<T>() or FindObjectsByType<T>(FindObjectsInactive) instead. InstanceID will be replaced in the future with EntityId and previous sort order cannot be maintained.'
Assets\TumbangPreso\Runtime\Diagnostics\WorldShadowSweepProbe.cs(98,72): warning CS0618: 'FindObjectsSortMode' is obsolete: 'FindObjectsSortMode has been deprecated. Use the FindObjectsByType overloads that do not take a FindObjectsSortMode parameter.'
Assets\TumbangPreso\Runtime\Diagnostics\WorldShadowSweepProbe.cs(98,35): warning CS0618: 'Object.FindObjectsByType<T>(FindObjectsSortMode)' is obsolete: 'FindObjectsByType with FindObjectsSortMode parameter has been deprecated. Use FindObjectsByType<T>() or FindObjectsByType<T>(FindObjectsInactive) instead. InstanceID will be replaced in the future with EntityId and previous sort order cannot be maintained.'
Assets\TumbangPreso\Runtime\Diagnostics\WorldShadowSweepProbe.cs(100,23): warning CS0618: 'Object.FindFirstObjectByType<T>()' is obsolete: 'FindFirstObjectByType has been deprecated because it relies on instance ID ordering. Use FindAnyObjectByType instead, which does not depend on ordering.'
Assets\TumbangPreso\Runtime\Diagnostics\WorldShadowSweepProbe.cs(104,44): warning CS0618: 'FindObjectsSortMode' is obsolete: 'FindObjectsSortMode has been deprecated. Use the FindObjectsByType overloads that do not take a FindObjectsSortMode parameter.'
Assets\TumbangPreso\Runtime\Diagnostics\WorldShadowSweepProbe.cs(104,19): warning CS0618: 'Object.FindObjectsByType<T>(FindObjectsSortMode)' is obsolete: 'FindObjectsByType with FindObjectsSortMode parameter has been deprecated. Use FindObjectsByType<T>() or FindObjectsByType<T>(FindObjectsInactive) instead. InstanceID will be replaced in the future with EntityId and previous sort order cannot be maintained.'
Assets\TumbangPreso\Runtime\CharacterMotor.cs(801,20): warning CS0618: 'Object.FindFirstObjectByType<T>()' is obsolete: 'FindFirstObjectByType has been deprecated because it relies on instance ID ordering. Use FindAnyObjectByType instead, which does not depend on ordering.'
Assets\TumbangPreso\Runtime\Abilities\RafiWaterField.cs(182,55): warning CS0618: 'FindObjectsSortMode' is obsolete: 'FindObjectsSortMode has been deprecated. Use the FindObjectsByType overloads that do not take a FindObjectsSortMode parameter.'
Assets\TumbangPreso\Runtime\Abilities\RafiWaterField.cs(182,28): warning CS0618: 'Object.FindObjectsByType<T>(FindObjectsSortMode)' is obsolete: 'FindObjectsByType with FindObjectsSortMode parameter has been deprecated. Use FindObjectsByType<T>() or FindObjectsByType<T>(FindObjectsInactive) instead. InstanceID will be replaced in the future with EntityId and previous sort order cannot be maintained.'
Assets\TumbangPreso\Runtime\GuidedTraining.cs(197,73): warning CS0618: 'FindObjectsSortMode' is obsolete: 'FindObjectsSortMode has been deprecated. Use the FindObjectsByType overloads that do not take a FindObjectsSortMode parameter.'
Assets\TumbangPreso\Runtime\GuidedTraining.cs(197,36): warning CS0618: 'Object.FindObjectsByType<T>(FindObjectsSortMode)' is obsolete: 'FindObjectsByType with FindObjectsSortMode parameter has been deprecated. Use FindObjectsByType<T>() or FindObjectsByType<T>(FindObjectsInactive) instead. InstanceID will be replaced in the future with EntityId and previous sort order cannot be maintained.'
Assets\TumbangPreso\Runtime\GuidedTraining.cs(199,27): warning CS0618: 'Object.FindFirstObjectByType<T>()' is obsolete: 'FindFirstObjectByType has been deprecated because it relies on instance ID ordering. Use FindAnyObjectByType instead, which does not depend on ordering.'
Assets\TumbangPreso\Runtime\Abilities\HeroHazards.cs(1298,98): warning CS0618: 'FindObjectsSortMode' is obsolete: 'FindObjectsSortMode has been deprecated. Use the FindObjectsByType overloads that do not take a FindObjectsSortMode parameter.'
Assets\TumbangPreso\Runtime\Abilities\HeroHazards.cs(1298,35): warning CS0618: 'Object.FindObjectsByType<T>(FindObjectsInactive, FindObjectsSortMode)' is obsolete: 'FindObjectsByType with FindObjectsSortMode parameter has been deprecated. Use FindObjectsByType<T>() or FindObjectsByType<T>(FindObjectsInactive) instead. InstanceID will be replaced in the future with EntityId and previous sort order cannot be maintained.'
Assets\TumbangPreso\Runtime\GuidedTraining.cs(2252,27): warning CS0618: 'Object.FindFirstObjectByType<T>()' is obsolete: 'FindFirstObjectByType has been deprecated because it relies on instance ID ordering. Use FindAnyObjectByType instead, which does not depend on ordering.'
Assets\TumbangPreso\Runtime\Input\UiInputModule.cs(45,26): warning CS0618: 'Object.FindFirstObjectByType<T>()' is obsolete: 'FindFirstObjectByType has been deprecated because it relies on instance ID ordering. Use FindAnyObjectByType instead, which does not depend on ordering.'
Assets\TumbangPreso\Runtime\Diagnostics\WorldGraphicsProbe.cs(82,32): warning CS0618: 'Object.FindFirstObjectByType<T>()' is obsolete: 'FindFirstObjectByType has been deprecated because it relies on instance ID ordering. Use FindAnyObjectByType instead, which does not depend on ordering.'
Assets\TumbangPreso\Runtime\Diagnostics\WorldGraphicsProbe.cs(84,74): warning CS0618: 'FindObjectsSortMode' is obsolete: 'FindObjectsSortMode has been deprecated. Use the FindObjectsByType overloads that do not take a FindObjectsSortMode parameter.'
Assets\TumbangPreso\Runtime\Diagnostics\WorldGraphicsProbe.cs(84,42): warning CS0618: 'Object.FindObjectsByType<T>(FindObjectsSortMode)' is obsolete: 'FindObjectsByType with FindObjectsSortMode parameter has been deprecated. Use FindObjectsByType<T>() or FindObjectsByType<T>(FindObjectsInactive) instead. InstanceID will be replaced in the future with EntityId and previous sort order cannot be maintained.'
Assets\TumbangPreso\Runtime\Diagnostics\WorldGraphicsProbe.cs(85,79): warning CS0618: 'FindObjectsSortMode' is obsolete: 'FindObjectsSortMode has been deprecated. Use the FindObjectsByType overloads that do not take a FindObjectsSortMode parameter.'
Assets\TumbangPreso\Runtime\Diagnostics\WorldGraphicsProbe.cs(85,42): warning CS0618: 'Object.FindObjectsByType<T>(FindObjectsSortMode)' is obsolete: 'FindObjectsByType with FindObjectsSortMode parameter has been deprecated. Use FindObjectsByType<T>() or FindObjectsByType<T>(FindObjectsInactive) instead. InstanceID will be replaced in the future with EntityId and previous sort order cannot be maintained.'
Assets\TumbangPreso\Runtime\Diagnostics\WorldGraphicsProbe.cs(93,29): warning CS0618: 'Object.FindFirstObjectByType<T>()' is obsolete: 'FindFirstObjectByType has been deprecated because it relies on instance ID ordering. Use FindAnyObjectByType instead, which does not depend on ordering.'
Assets\TumbangPreso\Runtime\Diagnostics\WorldGraphicsProbe.cs(99,41): warning CS0618: 'Object.FindFirstObjectByType<T>()' is obsolete: 'FindFirstObjectByType has been deprecated because it relies on instance ID ordering. Use FindAnyObjectByType instead, which does not depend on ordering.'
Assets\TumbangPreso\Runtime\GuidedTraining.cs(837,26): warning CS0618: 'FindObjectsSortMode' is obsolete: 'FindObjectsSortMode has been deprecated. Use the FindObjectsByType overloads that do not take a FindObjectsSortMode parameter.'
Assets\TumbangPreso\Runtime\GuidedTraining.cs(836,36): warning CS0618: 'Object.FindObjectsByType<T>(FindObjectsSortMode)' is obsolete: 'FindObjectsByType with FindObjectsSortMode parameter has been deprecated. Use FindObjectsByType<T>() or FindObjectsByType<T>(FindObjectsInactive) instead. InstanceID will be replaced in the future with EntityId and previous sort order cannot be maintained.'
Assets\TumbangPreso\Runtime\Input\InputCatalogue.cs(141,56): warning CS8524: The switch expression does not handle some values of its input type (it is not exhaustive) involving an unnamed enum value. For example, the pattern '(TumbangPreso.Verb)10' is not covered.
Assets\TumbangPreso\Runtime\Input\TouchHud.Spectator.cs(38,46): warning CS0618: 'Object.FindFirstObjectByType<T>()' is obsolete: 'FindFirstObjectByType has been deprecated because it relies on instance ID ordering. Use FindAnyObjectByType instead, which does not depend on ordering.'
Assets\TumbangPreso\Runtime\Map\BridgeHoop.cs(48,55): warning CS0618: 'FindObjectsSortMode' is obsolete: 'FindObjectsSortMode has been deprecated. Use the FindObjectsByType overloads that do not take a FindObjectsSortMode parameter.'
Assets\TumbangPreso\Runtime\Map\BridgeHoop.cs(47,37): warning CS0618: 'Object.FindObjectsByType<T>(FindObjectsInactive, FindObjectsSortMode)' is obsolete: 'FindObjectsByType with FindObjectsSortMode parameter has been deprecated. Use FindObjectsByType<T>() or FindObjectsByType<T>(FindObjectsInactive) instead. InstanceID will be replaced in the future with EntityId and previous sort order cannot be maintained.'
Assets\TumbangPreso\Runtime\Input\TouchHud.Spectator.cs(85,46): warning CS0618: 'Object.FindFirstObjectByType<T>()' is obsolete: 'FindFirstObjectByType has been deprecated because it relies on instance ID ordering. Use FindAnyObjectByType instead, which does not depend on ordering.'
Assets\TumbangPreso\Runtime\Diagnostics\OwnerUiPlayerReview.Accessibility.cs(81,24): warning CS0618: 'Object.FindFirstObjectByType<T>()' is obsolete: 'FindFirstObjectByType has been deprecated because it relies on instance ID ordering. Use FindAnyObjectByType instead, which does not depend on ordering.'
Assets\TumbangPreso\Runtime\Diagnostics\OwnerUiPlayerReview.Accessibility.cs(119,44): warning CS0618: 'Object.FindFirstObjectByType<T>()' is obsolete: 'FindFirstObjectByType has been deprecated because it relies on instance ID ordering. Use FindAnyObjectByType instead, which does not depend on ordering.'
Assets\TumbangPreso\Runtime\Diagnostics\OwnerUiPlayerReview.Controls.cs(21,24): warning CS0618: 'Object.FindFirstObjectByType<T>()' is obsolete: 'FindFirstObjectByType has been deprecated because it relies on instance ID ordering. Use FindAnyObjectByType instead, which does not depend on ordering.'
Assets\TumbangPreso\Runtime\Map\ArenaFallRecovery.cs(311,36): warning CS0618: 'Object.FindFirstObjectByType<T>()' is obsolete: 'FindFirstObjectByType has been deprecated because it relies on instance ID ordering. Use FindAnyObjectByType instead, which does not depend on ordering.'
Assets\TumbangPreso\Runtime\Map\ArenaFallRecovery.cs(368,82): warning CS0618: 'FindObjectsSortMode' is obsolete: 'FindObjectsSortMode has been deprecated. Use the FindObjectsByType overloads that do not take a FindObjectsSortMode parameter.'
Assets\TumbangPreso\Runtime\Map\ArenaFallRecovery.cs(368,27): warning CS0618: 'Object.FindObjectsByType<T>(FindObjectsInactive, FindObjectsSortMode)' is obsolete: 'FindObjectsByType with FindObjectsSortMode parameter has been deprecated. Use FindObjectsByType<T>() or FindObjectsByType<T>(FindObjectsInactive) instead. InstanceID will be replaced in the future with EntityId and previous sort order cannot be maintained.'
Assets\TumbangPreso\Runtime\Diagnostics\NetAutomationProbe.cs(126,24): warning CS0618: 'Object.FindFirstObjectByType<T>()' is obsolete: 'FindFirstObjectByType has been deprecated because it relies on instance ID ordering. Use FindAnyObjectByType instead, which does not depend on ordering.'
Assets\TumbangPreso\Runtime\Diagnostics\NetAutomationProbe.cs(166,26): warning CS0618: 'Object.FindFirstObjectByType<T>()' is obsolete: 'FindFirstObjectByType has been deprecated because it relies on instance ID ordering. Use FindAnyObjectByType instead, which does not depend on ordering.'
Assets\TumbangPreso\Runtime\Diagnostics\NetAutomationProbe.cs(172,26): warning CS0618: 'Object.FindFirstObjectByType<T>()' is obsolete: 'FindFirstObjectByType has been deprecated because it relies on instance ID ordering. Use FindAnyObjectByType instead, which does not depend on ordering.'
Assets\TumbangPreso\Runtime\Camera\SpectatorInterest.cs(798,50): warning CS0618: 'FindObjectsSortMode' is obsolete: 'FindObjectsSortMode has been deprecated. Use the FindObjectsByType overloads that do not take a FindObjectsSortMode parameter.'
Assets\TumbangPreso\Runtime\Camera\SpectatorInterest.cs(797,29): warning CS0618: 'Object.FindObjectsByType<T>(FindObjectsInactive, FindObjectsSortMode)' is obsolete: 'FindObjectsByType with FindObjectsSortMode parameter has been deprecated. Use FindObjectsByType<T>() or FindObjectsByType<T>(FindObjectsInactive) instead. InstanceID will be replaced in the future with EntityId and previous sort order cannot be maintained.'
Assets\TumbangPreso\Runtime\Camera\SpectatorDirector.cs(906,81): warning CS0618: 'FindObjectsSortMode' is obsolete: 'FindObjectsSortMode has been deprecated. Use the FindObjectsByType overloads that do not take a FindObjectsSortMode parameter.'
Assets\TumbangPreso\Runtime\Camera\SpectatorDirector.cs(906,46): warning CS0618: 'Object.FindObjectsByType<T>(FindObjectsSortMode)' is obsolete: 'FindObjectsByType with FindObjectsSortMode parameter has been deprecated. Use FindObjectsByType<T>() or FindObjectsByType<T>(FindObjectsInactive) instead. InstanceID will be replaced in the future with EntityId and previous sort order cannot be maintained.'
Assets\TumbangPreso\Runtime\Diagnostics\NetDanteProbe.cs(105,25): warning CS0618: 'Object.FindFirstObjectByType<T>()' is obsolete: 'FindFirstObjectByType has been deprecated because it relies on instance ID ordering. Use FindAnyObjectByType instead, which does not depend on ordering.'
Assets\TumbangPreso\Runtime\Diagnostics\NetDanteProbe.cs(109,67): warning CS0618: 'FindObjectsSortMode' is obsolete: 'FindObjectsSortMode has been deprecated. Use the FindObjectsByType overloads that do not take a FindObjectsSortMode parameter.'
Assets\TumbangPreso\Runtime\Diagnostics\NetDanteProbe.cs(109,35): warning CS0618: 'Object.FindObjectsByType<T>(FindObjectsSortMode)' is obsolete: 'FindObjectsByType with FindObjectsSortMode parameter has been deprecated. Use FindObjectsByType<T>() or FindObjectsByType<T>(FindObjectsInactive) instead. InstanceID will be replaced in the future with EntityId and previous sort order cannot be maintained.'
Assets\TumbangPreso\Runtime\Diagnostics\NetDanteProbe.cs(110,73): warning CS0618: 'FindObjectsSortMode' is obsolete: 'FindObjectsSortMode has been deprecated. Use the FindObjectsByType overloads that do not take a FindObjectsSortMode parameter.'
Assets\TumbangPreso\Runtime\Diagnostics\NetDanteProbe.cs(110,36): warning CS0618: 'Object.FindObjectsByType<T>(FindObjectsSortMode)' is obsolete: 'FindObjectsByType with FindObjectsSortMode parameter has been deprecated. Use FindObjectsByType<T>() or FindObjectsByType<T>(FindObjectsInactive) instead. InstanceID will be replaced in the future with EntityId and previous sort order cannot be maintained.'
Assets\TumbangPreso\Runtime\Diagnostics\NetDanteProbe.cs(216,73): warning CS0618: 'FindObjectsSortMode' is obsolete: 'FindObjectsSortMode has been deprecated. Use the FindObjectsByType overloads that do not take a FindObjectsSortMode parameter.'
Assets\TumbangPreso\Runtime\Diagnostics\NetDanteProbe.cs(216,46): warning CS0618: 'Object.FindObjectsByType<T>(FindObjectsSortMode)' is obsolete: 'FindObjectsByType with FindObjectsSortMode parameter has been deprecated. Use FindObjectsByType<T>() or FindObjectsByType<T>(FindObjectsInactive) instead. InstanceID will be replaced in the future with EntityId and previous sort order cannot be maintained.'
Assets\TumbangPreso\Runtime\Diagnostics\NetDanteProbe.cs(226,59): warning CS0618: 'FindObjectsSortMode' is obsolete: 'FindObjectsSortMode has been deprecated. Use the FindObjectsByType overloads that do not take a FindObjectsSortMode parameter.'
Assets\TumbangPreso\Runtime\Diagnostics\NetDanteProbe.cs(226,21): warning CS0618: 'Object.FindObjectsByType<T>(FindObjectsSortMode)' is obsolete: 'FindObjectsByType with FindObjectsSortMode parameter has been deprecated. Use FindObjectsByType<T>() or FindObjectsByType<T>(FindObjectsInactive) instead. InstanceID will be replaced in the future with EntityId and previous sort order cannot be maintained.'
Assets\TumbangPreso\Runtime\Diagnostics\NetDanteProbe.cs(236,87): warning CS0618: 'FindObjectsSortMode' is obsolete: 'FindObjectsSortMode has been deprecated. Use the FindObjectsByType overloads that do not take a FindObjectsSortMode parameter.'
Assets\TumbangPreso\Runtime\Diagnostics\NetDanteProbe.cs(236,37): warning CS0618: 'Object.FindObjectsByType<T>(FindObjectsSortMode)' is obsolete: 'FindObjectsByType with FindObjectsSortMode parameter has been deprecated. Use FindObjectsByType<T>() or FindObjectsByType<T>(FindObjectsInactive) instead. InstanceID will be replaced in the future with EntityId and previous sort order cannot be maintained.'
Assets\TumbangPreso\Runtime\Diagnostics\NetDanteProbe.cs(237,88): warning CS0618: 'FindObjectsSortMode' is obsolete: 'FindObjectsSortMode has been deprecated. Use the FindObjectsByType overloads that do not take a FindObjectsSortMode parameter.'
Assets\TumbangPreso\Runtime\Diagnostics\NetDanteProbe.cs(237,37): warning CS0618: 'Object.FindObjectsByType<T>(FindObjectsSortMode)' is obsolete: 'FindObjectsByType with FindObjectsSortMode parameter has been deprecated. Use FindObjectsByType<T>() or FindObjectsByType<T>(FindObjectsInactive) instead. InstanceID will be replaced in the future with EntityId and previous sort order cannot be maintained.'
Assets\TumbangPreso\Runtime\Map\ArenaIntro.cs(526,113): warning CS0618: 'Object.FindFirstObjectByType<T>()' is obsolete: 'FindFirstObjectByType has been deprecated because it relies on instance ID ordering. Use FindAnyObjectByType instead, which does not depend on ordering.'
Assets\TumbangPreso\Runtime\Map\LagoonWater.cs(52,36): warning CS0618: 'Object.FindFirstObjectByType<T>()' is obsolete: 'FindFirstObjectByType has been deprecated because it relies on instance ID ordering. Use FindAnyObjectByType instead, which does not depend on ordering.'
Assets\TumbangPreso\Runtime\Map\LagoonWater.cs(109,42): warning CS0618: 'Object.FindFirstObjectByType<T>()' is obsolete: 'FindFirstObjectByType has been deprecated because it relies on instance ID ordering. Use FindAnyObjectByType instead, which does not depend on ordering.'
Assets\TumbangPreso\Runtime\Diagnostics\NetFamiliarProbe.cs(58,23): warning CS0618: 'Object.FindFirstObjectByType<T>()' is obsolete: 'FindFirstObjectByType has been deprecated because it relies on instance ID ordering. Use FindAnyObjectByType instead, which does not depend on ordering.'
Assets\TumbangPreso\Runtime\Diagnostics\NetFamiliarProbe.cs(77,66): warning CS0618: 'FindObjectsSortMode' is obsolete: 'FindObjectsSortMode has been deprecated. Use the FindObjectsByType overloads that do not take a FindObjectsSortMode parameter.'
Assets\TumbangPreso\Runtime\Diagnostics\NetFamiliarProbe.cs(77,34): warning CS0618: 'Object.FindObjectsByType<T>(FindObjectsSortMode)' is obsolete: 'FindObjectsByType with FindObjectsSortMode parameter has been deprecated. Use FindObjectsByType<T>() or FindObjectsByType<T>(FindObjectsInactive) instead. InstanceID will be replaced in the future with EntityId and previous sort order cannot be maintained.'
Assets\TumbangPreso\Runtime\Diagnostics\NetFamiliarProbe.cs(78,72): warning CS0618: 'FindObjectsSortMode' is obsolete: 'FindObjectsSortMode has been deprecated. Use the FindObjectsByType overloads that do not take a FindObjectsSortMode parameter.'
Assets\TumbangPreso\Runtime\Diagnostics\NetFamiliarProbe.cs(78,35): warning CS0618: 'Object.FindObjectsByType<T>(FindObjectsSortMode)' is obsolete: 'FindObjectsByType with FindObjectsSortMode parameter has been deprecated. Use FindObjectsByType<T>() or FindObjectsByType<T>(FindObjectsInactive) instead. InstanceID will be replaced in the future with EntityId and previous sort order cannot be maintained.'
Assets\TumbangPreso\Runtime\Diagnostics\NetFamiliarProbe.cs(140,89): warning CS0618: 'FindObjectsSortMode' is obsolete: 'FindObjectsSortMode has been deprecated. Use the FindObjectsByType overloads that do not take a FindObjectsSortMode parameter.'
Assets\TumbangPreso\Runtime\Diagnostics\NetFamiliarProbe.cs(140,28): warning CS0618: 'Object.FindObjectsByType<T>(FindObjectsSortMode)' is obsolete: 'FindObjectsByType with FindObjectsSortMode parameter has been deprecated. Use FindObjectsByType<T>() or FindObjectsByType<T>(FindObjectsInactive) instead. InstanceID will be replaced in the future with EntityId and previous sort order cannot be maintained.'
Assets\TumbangPreso\Runtime\Map\RooftopRecovery.cs(28,36): warning CS0618: 'Object.FindFirstObjectByType<T>()' is obsolete: 'FindFirstObjectByType has been deprecated because it relies on instance ID ordering. Use FindAnyObjectByType instead, which does not depend on ordering.'
Assets\TumbangPreso\Runtime\Diagnostics\NetIceProbe.cs(78,23): warning CS0618: 'Object.FindFirstObjectByType<T>()' is obsolete: 'FindFirstObjectByType has been deprecated because it relies on instance ID ordering. Use FindAnyObjectByType instead, which does not depend on ordering.'
Assets\TumbangPreso\Runtime\Diagnostics\NetIceProbe.cs(81,66): warning CS0618: 'FindObjectsSortMode' is obsolete: 'FindObjectsSortMode has been deprecated. Use the FindObjectsByType overloads that do not take a FindObjectsSortMode parameter.'
Assets\TumbangPreso\Runtime\Diagnostics\NetIceProbe.cs(81,34): warning CS0618: 'Object.FindObjectsByType<T>(FindObjectsSortMode)' is obsolete: 'FindObjectsByType with FindObjectsSortMode parameter has been deprecated. Use FindObjectsByType<T>() or FindObjectsByType<T>(FindObjectsInactive) instead. InstanceID will be replaced in the future with EntityId and previous sort order cannot be maintained.'
Assets\TumbangPreso\Runtime\Diagnostics\NetIceProbe.cs(82,71): warning CS0618: 'FindObjectsSortMode' is obsolete: 'FindObjectsSortMode has been deprecated. Use the FindObjectsByType overloads that do not take a FindObjectsSortMode parameter.'
Assets\TumbangPreso\Runtime\Diagnostics\NetIceProbe.cs(82,34): warning CS0618: 'Object.FindObjectsByType<T>(FindObjectsSortMode)' is obsolete: 'FindObjectsByType with FindObjectsSortMode parameter has been deprecated. Use FindObjectsByType<T>() or FindObjectsByType<T>(FindObjectsInactive) instead. InstanceID will be replaced in the future with EntityId and previous sort order cannot be maintained.'
Assets\TumbangPreso\Runtime\Diagnostics\NetIceProbe.cs(134,73): warning CS0618: 'FindObjectsSortMode' is obsolete: 'FindObjectsSortMode has been deprecated. Use the FindObjectsByType overloads that do not take a FindObjectsSortMode parameter.'
Assets\TumbangPreso\Runtime\Diagnostics\NetIceProbe.cs(134,24): warning CS0618: 'Object.FindObjectsByType<T>(FindObjectsSortMode)' is obsolete: 'FindObjectsByType with FindObjectsSortMode parameter has been deprecated. Use FindObjectsByType<T>() or FindObjectsByType<T>(FindObjectsInactive) instead. InstanceID will be replaced in the future with EntityId and previous sort order cannot be maintained.'
Assets\TumbangPreso\Runtime\Diagnostics\NetIceProbe.cs(135,76): warning CS0618: 'FindObjectsSortMode' is obsolete: 'FindObjectsSortMode has been deprecated. Use the FindObjectsByType overloads that do not take a FindObjectsSortMode parameter.'
Assets\TumbangPreso\Runtime\Diagnostics\NetIceProbe.cs(135,23): warning CS0618: 'Object.FindObjectsByType<T>(FindObjectsSortMode)' is obsolete: 'FindObjectsByType with FindObjectsSortMode parameter has been deprecated. Use FindObjectsByType<T>() or FindObjectsByType<T>(FindObjectsInactive) instead. InstanceID will be replaced in the future with EntityId and previous sort order cannot be maintained.'
Assets\TumbangPreso\Runtime\Diagnostics\NetPeerDepartureProbe.cs(89,71): warning CS0618: 'FindObjectsSortMode' is obsolete: 'FindObjectsSortMode has been deprecated. Use the FindObjectsByType overloads that do not take a FindObjectsSortMode parameter.'
Assets\TumbangPreso\Runtime\Diagnostics\NetPeerDepartureProbe.cs(89,32): warning CS0618: 'Object.FindObjectsByType<T>(FindObjectsSortMode)' is obsolete: 'FindObjectsByType with FindObjectsSortMode parameter has been deprecated. Use FindObjectsByType<T>() or FindObjectsByType<T>(FindObjectsInactive) instead. InstanceID will be replaced in the future with EntityId and previous sort order cannot be maintained.'
Assets\TumbangPreso\Runtime\Map\RooftopRecovery.cs(72,36): warning CS0618: 'Object.FindFirstObjectByType<T>()' is obsolete: 'FindFirstObjectByType has been deprecated because it relies on instance ID ordering. Use FindAnyObjectByType instead, which does not depend on ordering.'
Assets\TumbangPreso\Runtime\Diagnostics\NetIceProbe.cs(174,23): warning CS0618: 'Object.FindFirstObjectByType<T>()' is obsolete: 'FindFirstObjectByType has been deprecated because it relies on instance ID ordering. Use FindAnyObjectByType instead, which does not depend on ordering.'
Assets\TumbangPreso\Runtime\Diagnostics\NetIceProbe.cs(184,70): warning CS0618: 'FindObjectsSortMode' is obsolete: 'FindObjectsSortMode has been deprecated. Use the FindObjectsByType overloads that do not take a FindObjectsSortMode parameter.'
Assets\TumbangPreso\Runtime\Diagnostics\NetIceProbe.cs(184,38): warning CS0618: 'Object.FindObjectsByType<T>(FindObjectsSortMode)' is obsolete: 'FindObjectsByType with FindObjectsSortMode parameter has been deprecated. Use FindObjectsByType<T>() or FindObjectsByType<T>(FindObjectsInactive) instead. InstanceID will be replaced in the future with EntityId and previous sort order cannot be maintained.'
Assets\TumbangPreso\Runtime\Diagnostics\NetIceProbe.cs(185,75): warning CS0618: 'FindObjectsSortMode' is obsolete: 'FindObjectsSortMode has been deprecated. Use the FindObjectsByType overloads that do not take a FindObjectsSortMode parameter.'
Assets\TumbangPreso\Runtime\Diagnostics\NetIceProbe.cs(185,38): warning CS0618: 'Object.FindObjectsByType<T>(FindObjectsSortMode)' is obsolete: 'FindObjectsByType with FindObjectsSortMode parameter has been deprecated. Use FindObjectsByType<T>() or FindObjectsByType<T>(FindObjectsInactive) instead. InstanceID will be replaced in the future with EntityId and previous sort order cannot be maintained.'
Assets\TumbangPreso\Runtime\Diagnostics\NetPersonalBuffProbe.cs(77,23): warning CS0618: 'Object.FindFirstObjectByType<T>()' is obsolete: 'FindFirstObjectByType has been deprecated because it relies on instance ID ordering. Use FindAnyObjectByType instead, which does not depend on ordering.'
Assets\TumbangPreso\Runtime\Diagnostics\NetPersonalBuffProbe.cs(80,66): warning CS0618: 'FindObjectsSortMode' is obsolete: 'FindObjectsSortMode has been deprecated. Use the FindObjectsByType overloads that do not take a FindObjectsSortMode parameter.'
Assets\TumbangPreso\Runtime\Diagnostics\NetPersonalBuffProbe.cs(80,34): warning CS0618: 'Object.FindObjectsByType<T>(FindObjectsSortMode)' is obsolete: 'FindObjectsByType with FindObjectsSortMode parameter has been deprecated. Use FindObjectsByType<T>() or FindObjectsByType<T>(FindObjectsInactive) instead. InstanceID will be replaced in the future with EntityId and previous sort order cannot be maintained.'
Assets\TumbangPreso\Runtime\Diagnostics\NetPersonalBuffProbe.cs(81,71): warning CS0618: 'FindObjectsSortMode' is obsolete: 'FindObjectsSortMode has been deprecated. Use the FindObjectsByType overloads that do not take a FindObjectsSortMode parameter.'
Assets\TumbangPreso\Runtime\Diagnostics\NetPersonalBuffProbe.cs(81,34): warning CS0618: 'Object.FindObjectsByType<T>(FindObjectsSortMode)' is obsolete: 'FindObjectsByType with FindObjectsSortMode parameter has been deprecated. Use FindObjectsByType<T>() or FindObjectsByType<T>(FindObjectsInactive) instead. InstanceID will be replaced in the future with EntityId and previous sort order cannot be maintained.'
Assets\TumbangPreso\Runtime\Diagnostics\NetPersonalBuffProbe.cs(117,77): warning CS0618: 'FindObjectsSortMode' is obsolete: 'FindObjectsSortMode has been deprecated. Use the FindObjectsByType overloads that do not take a FindObjectsSortMode parameter.'
Assets\TumbangPreso\Runtime\Diagnostics\NetPersonalBuffProbe.cs(117,43): warning CS0618: 'Object.FindObjectsByType<T>(FindObjectsSortMode)' is obsolete: 'FindObjectsByType with FindObjectsSortMode parameter has been deprecated. Use FindObjectsByType<T>() or FindObjectsByType<T>(FindObjectsInactive) instead. InstanceID will be replaced in the future with EntityId and previous sort order cannot be maintained.'
Assets\TumbangPreso\Runtime\Diagnostics\NetPersonalBuffProbe.cs(125,52): warning CS0618: 'FindObjectsSortMode' is obsolete: 'FindObjectsSortMode has been deprecated. Use the FindObjectsByType overloads that do not take a FindObjectsSortMode parameter.'
Assets\TumbangPreso\Runtime\Diagnostics\NetPersonalBuffProbe.cs(125,17): warning CS0618: 'Object.FindObjectsByType<T>(FindObjectsSortMode)' is obsolete: 'FindObjectsByType with FindObjectsSortMode parameter has been deprecated. Use FindObjectsByType<T>() or FindObjectsByType<T>(FindObjectsInactive) instead. InstanceID will be replaced in the future with EntityId and previous sort order cannot be maintained.'
Assets\TumbangPreso\Runtime\Map\StreetTripHazard.cs(240,46): warning CS0618: 'FindObjectsSortMode' is obsolete: 'FindObjectsSortMode has been deprecated. Use the FindObjectsByType overloads that do not take a FindObjectsSortMode parameter.'
Assets\TumbangPreso\Runtime\Map\StreetTripHazard.cs(239,29): warning CS0618: 'Object.FindObjectsByType<T>(FindObjectsInactive, FindObjectsSortMode)' is obsolete: 'FindObjectsByType with FindObjectsSortMode parameter has been deprecated. Use FindObjectsByType<T>() or FindObjectsByType<T>(FindObjectsInactive) instead. InstanceID will be replaced in the future with EntityId and previous sort order cannot be maintained.'
Assets\TumbangPreso\Runtime\Map\ArenaIntro.cs(950,71): warning CS0618: 'FindObjectsSortMode' is obsolete: 'FindObjectsSortMode has been deprecated. Use the FindObjectsByType overloads that do not take a FindObjectsSortMode parameter.'
Assets\TumbangPreso\Runtime\Map\ArenaIntro.cs(950,38): warning CS0618: 'Object.FindObjectsByType<T>(FindObjectsSortMode)' is obsolete: 'FindObjectsByType with FindObjectsSortMode parameter has been deprecated. Use FindObjectsByType<T>() or FindObjectsByType<T>(FindObjectsInactive) instead. InstanceID will be replaced in the future with EntityId and previous sort order cannot be maintained.'
Assets\TumbangPreso\Runtime\MatchArrivalPresentation.cs(88,70): warning CS0618: 'FindObjectsSortMode' is obsolete: 'FindObjectsSortMode has been deprecated. Use the FindObjectsByType overloads that do not take a FindObjectsSortMode parameter.'
Assets\TumbangPreso\Runtime\MatchArrivalPresentation.cs(88,36): warning CS0618: 'Object.FindObjectsByType<T>(FindObjectsSortMode)' is obsolete: 'FindObjectsByType with FindObjectsSortMode parameter has been deprecated. Use FindObjectsByType<T>() or FindObjectsByType<T>(FindObjectsInactive) instead. InstanceID will be replaced in the future with EntityId and previous sort order cannot be maintained.'
Assets\TumbangPreso\Runtime\MatchHost.cs(120,23): warning CS0618: 'Object.FindFirstObjectByType<T>()' is obsolete: 'FindFirstObjectByType has been deprecated because it relies on instance ID ordering. Use FindAnyObjectByType instead, which does not depend on ordering.'
Assets\TumbangPreso\Runtime\MatchHost.cs(132,23): warning CS0618: 'Object.FindFirstObjectByType<T>()' is obsolete: 'FindFirstObjectByType has been deprecated because it relies on instance ID ordering. Use FindAnyObjectByType instead, which does not depend on ordering.'
Assets\TumbangPreso\Runtime\MatchArrivalPresentation.cs(132,23): warning CS0618: 'Object.FindFirstObjectByType<T>()' is obsolete: 'FindFirstObjectByType has been deprecated because it relies on instance ID ordering. Use FindAnyObjectByType instead, which does not depend on ordering.'
Assets\TumbangPreso\Runtime\Diagnostics\NetPhaisterProbe.cs(93,25): warning CS0618: 'Object.FindFirstObjectByType<T>()' is obsolete: 'FindFirstObjectByType has been deprecated because it relies on instance ID ordering. Use FindAnyObjectByType instead, which does not depend on ordering.'
Assets\TumbangPreso\Runtime\Diagnostics\NetPhaisterProbe.cs(99,67): warning CS0618: 'FindObjectsSortMode' is obsolete: 'FindObjectsSortMode has been deprecated. Use the FindObjectsByType overloads that do not take a FindObjectsSortMode parameter.'
Assets\TumbangPreso\Runtime\Diagnostics\NetPhaisterProbe.cs(99,35): warning CS0618: 'Object.FindObjectsByType<T>(FindObjectsSortMode)' is obsolete: 'FindObjectsByType with FindObjectsSortMode parameter has been deprecated. Use FindObjectsByType<T>() or FindObjectsByType<T>(FindObjectsInactive) instead. InstanceID will be replaced in the future with EntityId and previous sort order cannot be maintained.'
Assets\TumbangPreso\Runtime\Diagnostics\NetPhaisterProbe.cs(100,72): warning CS0618: 'FindObjectsSortMode' is obsolete: 'FindObjectsSortMode has been deprecated. Use the FindObjectsByType overloads that do not take a FindObjectsSortMode parameter.'
Assets\TumbangPreso\Runtime\Diagnostics\NetPhaisterProbe.cs(100,35): warning CS0618: 'Object.FindObjectsByType<T>(FindObjectsSortMode)' is obsolete: 'FindObjectsByType with FindObjectsSortMode parameter has been deprecated. Use FindObjectsByType<T>() or FindObjectsByType<T>(FindObjectsInactive) instead. InstanceID will be replaced in the future with EntityId and previous sort order cannot be maintained.'
Assets\TumbangPreso\Runtime\Diagnostics\NetPhaisterProbe.cs(154,79): warning CS0618: 'FindObjectsSortMode' is obsolete: 'FindObjectsSortMode has been deprecated. Use the FindObjectsByType overloads that do not take a FindObjectsSortMode parameter.'
Assets\TumbangPreso\Runtime\Diagnostics\NetPhaisterProbe.cs(154,31): warning CS0618: 'Object.FindObjectsByType<T>(FindObjectsSortMode)' is obsolete: 'FindObjectsByType with FindObjectsSortMode parameter has been deprecated. Use FindObjectsByType<T>() or FindObjectsByType<T>(FindObjectsInactive) instead. InstanceID will be replaced in the future with EntityId and previous sort order cannot be maintained.'
Assets\TumbangPreso\Runtime\Diagnostics\NetPhaisterProbe.cs(160,49): warning CS0618: 'FindObjectsSortMode' is obsolete: 'FindObjectsSortMode has been deprecated. Use the FindObjectsByType overloads that do not take a FindObjectsSortMode parameter.'
Assets\TumbangPreso\Runtime\Diagnostics\NetPhaisterProbe.cs(160,21): warning CS0618: 'Object.FindObjectsByType<T>(FindObjectsSortMode)' is obsolete: 'FindObjectsByType with FindObjectsSortMode parameter has been deprecated. Use FindObjectsByType<T>() or FindObjectsByType<T>(FindObjectsInactive) instead. InstanceID will be replaced in the future with EntityId and previous sort order cannot be maintained.'
Assets\TumbangPreso\Runtime\MatchStatsCollector.cs(403,69): warning CS0618: 'FindObjectsSortMode' is obsolete: 'FindObjectsSortMode has been deprecated. Use the FindObjectsByType overloads that do not take a FindObjectsSortMode parameter.'
Assets\TumbangPreso\Runtime\MatchStatsCollector.cs(403,23): warning CS0618: 'Object.FindObjectsByType<T>(FindObjectsSortMode)' is obsolete: 'FindObjectsByType with FindObjectsSortMode parameter has been deprecated. Use FindObjectsByType<T>() or FindObjectsByType<T>(FindObjectsInactive) instead. InstanceID will be replaced in the future with EntityId and previous sort order cannot be maintained.'
Assets\TumbangPreso\Runtime\MatchArrivalPresentation.cs(314,61): warning CS0618: 'Object.FindFirstObjectByType<T>()' is obsolete: 'FindFirstObjectByType has been deprecated because it relies on instance ID ordering. Use FindAnyObjectByType instead, which does not depend on ordering.'
Assets\TumbangPreso\Runtime\Camera\SpectatorCamera.cs(2663,72): warning CS0618: 'FindObjectsSortMode' is obsolete: 'FindObjectsSortMode has been deprecated. Use the FindObjectsByType overloads that do not take a FindObjectsSortMode parameter.'
Assets\TumbangPreso\Runtime\Camera\SpectatorCamera.cs(2662,38): warning CS0618: 'Object.FindObjectsByType<T>(FindObjectsInactive, FindObjectsSortMode)' is obsolete: 'FindObjectsByType with FindObjectsSortMode parameter has been deprecated. Use FindObjectsByType<T>() or FindObjectsByType<T>(FindObjectsInactive) instead. InstanceID will be replaced in the future with EntityId and previous sort order cannot be maintained.'
Assets\TumbangPreso\Runtime\Diagnostics\OwnerUiPlayerReview.Performance.cs(245,25): warning CS0618: 'Object.FindFirstObjectByType<T>()' is obsolete: 'FindFirstObjectByType has been deprecated because it relies on instance ID ordering. Use FindAnyObjectByType instead, which does not depend on ordering.'
Assets\TumbangPreso\Runtime\Diagnostics\OwnerUiPlayerReview.Performance.cs(280,88): warning CS0618: 'FindObjectsSortMode' is obsolete: 'FindObjectsSortMode has been deprecated. Use the FindObjectsByType overloads that do not take a FindObjectsSortMode parameter.'
Assets\TumbangPreso\Runtime\Diagnostics\OwnerUiPlayerReview.Performance.cs(280,25): warning CS0618: 'Object.FindObjectsByType<T>(FindObjectsInactive, FindObjectsSortMode)' is obsolete: 'FindObjectsByType with FindObjectsSortMode parameter has been deprecated. Use FindObjectsByType<T>() or FindObjectsByType<T>(FindObjectsInactive) instead. InstanceID will be replaced in the future with EntityId and previous sort order cannot be maintained.'
Assets\TumbangPreso\Runtime\Visual\VoodooCursePresenter.cs(71,87): warning CS0618: 'FindObjectsSortMode' is obsolete: 'FindObjectsSortMode has been deprecated. Use the FindObjectsByType overloads that do not take a FindObjectsSortMode parameter.'
Assets\TumbangPreso\Runtime\Visual\VoodooCursePresenter.cs(71,34): warning CS0618: 'Object.FindObjectsByType<T>(FindObjectsSortMode)' is obsolete: 'FindObjectsByType with FindObjectsSortMode parameter has been deprecated. Use FindObjectsByType<T>() or FindObjectsByType<T>(FindObjectsInactive) instead. InstanceID will be replaced in the future with EntityId and previous sort order cannot be maintained.'
Assets\TumbangPreso\Runtime\PracticeRange.cs(50,43): warning CS0618: 'Object.FindFirstObjectByType<T>()' is obsolete: 'FindFirstObjectByType has been deprecated because it relies on instance ID ordering. Use FindAnyObjectByType instead, which does not depend on ordering.'
Assets\TumbangPreso\Runtime\MatchInstaller.cs(1175,32): warning CS0618: 'Object.FindFirstObjectByType<T>()' is obsolete: 'FindFirstObjectByType has been deprecated because it relies on instance ID ordering. Use FindAnyObjectByType instead, which does not depend on ordering.'
Assets\TumbangPreso\Runtime\MatchInstaller.cs(1178,31): warning CS0618: 'Object.FindFirstObjectByType<T>()' is obsolete: 'FindFirstObjectByType has been deprecated because it relies on instance ID ordering. Use FindAnyObjectByType instead, which does not depend on ordering.'
Assets\TumbangPreso\Runtime\MatchInstaller.cs(1187,17): warning CS0618: 'Object.FindFirstObjectByType<T>()' is obsolete: 'FindFirstObjectByType has been deprecated because it relies on instance ID ordering. Use FindAnyObjectByType instead, which does not depend on ordering.'
Assets\TumbangPreso\Runtime\MatchInstaller.cs(1193,33): warning CS0618: 'Object.FindFirstObjectByType<T>()' is obsolete: 'FindFirstObjectByType has been deprecated because it relies on instance ID ordering. Use FindAnyObjectByType instead, which does not depend on ordering.'
Assets\TumbangPreso\Runtime\MatchInstaller.cs(1202,23): warning CS0618: 'Object.FindFirstObjectByType<T>()' is obsolete: 'FindFirstObjectByType has been deprecated because it relies on instance ID ordering. Use FindAnyObjectByType instead, which does not depend on ordering.'
Assets\TumbangPreso\Runtime\MatchInstaller.cs(1213,25): warning CS0618: 'Object.FindFirstObjectByType<T>()' is obsolete: 'FindFirstObjectByType has been deprecated because it relies on instance ID ordering. Use FindAnyObjectByType instead, which does not depend on ordering.'
Assets\TumbangPreso\Runtime\MatchInstaller.cs(1216,29): warning CS0618: 'Object.FindFirstObjectByType<T>()' is obsolete: 'FindFirstObjectByType has been deprecated because it relies on instance ID ordering. Use FindAnyObjectByType instead, which does not depend on ordering.'
Assets\TumbangPreso\Runtime\MatchInstaller.cs(1235,24): warning CS0618: 'Object.FindFirstObjectByType<T>()' is obsolete: 'FindFirstObjectByType has been deprecated because it relies on instance ID ordering. Use FindAnyObjectByType instead, which does not depend on ordering.'
Assets\TumbangPreso\Runtime\MatchInstaller.cs(1248,27): warning CS0618: 'Object.FindFirstObjectByType<T>()' is obsolete: 'FindFirstObjectByType has been deprecated because it relies on instance ID ordering. Use FindAnyObjectByType instead, which does not depend on ordering.'
Assets\TumbangPreso\Runtime\MatchInstaller.cs(1255,25): warning CS0618: 'Object.FindFirstObjectByType<T>()' is obsolete: 'FindFirstObjectByType has been deprecated because it relies on instance ID ordering. Use FindAnyObjectByType instead, which does not depend on ordering.'
Assets\TumbangPreso\Runtime\MatchInstaller.cs(1262,26): warning CS0618: 'FindObjectsSortMode' is obsolete: 'FindObjectsSortMode has been deprecated. Use the FindObjectsByType overloads that do not take a FindObjectsSortMode parameter.'
Assets\TumbangPreso\Runtime\MatchInstaller.cs(1261,37): warning CS0618: 'Object.FindObjectsByType<T>(FindObjectsSortMode)' is obsolete: 'FindObjectsByType with FindObjectsSortMode parameter has been deprecated. Use FindObjectsByType<T>() or FindObjectsByType<T>(FindObjectsInactive) instead. InstanceID will be replaced in the future with EntityId and previous sort order cannot be maintained.'
Assets\TumbangPreso\Runtime\MatchInstaller.cs(1384,23): warning CS0618: 'Object.FindFirstObjectByType<T>()' is obsolete: 'FindFirstObjectByType has been deprecated because it relies on instance ID ordering. Use FindAnyObjectByType instead, which does not depend on ordering.'
Assets\TumbangPreso\Runtime\Net\WorldEffectSnapshot.cs(61,91): warning CS0618: 'FindObjectsSortMode' is obsolete: 'FindObjectsSortMode has been deprecated. Use the FindObjectsByType overloads that do not take a FindObjectsSortMode parameter.'
Assets\TumbangPreso\Runtime\Net\WorldEffectSnapshot.cs(61,35): warning CS0618: 'Object.FindObjectsByType<T>(FindObjectsSortMode)' is obsolete: 'FindObjectsByType with FindObjectsSortMode parameter has been deprecated. Use FindObjectsByType<T>() or FindObjectsByType<T>(FindObjectsInactive) instead. InstanceID will be replaced in the future with EntityId and previous sort order cannot be maintained.'
Assets\TumbangPreso\Runtime\Net\WorldEffectSnapshot.cs(69,94): warning CS0618: 'FindObjectsSortMode' is obsolete: 'FindObjectsSortMode has been deprecated. Use the FindObjectsByType overloads that do not take a FindObjectsSortMode parameter.'
Assets\TumbangPreso\Runtime\Net\WorldEffectSnapshot.cs(69,34): warning CS0618: 'Object.FindObjectsByType<T>(FindObjectsSortMode)' is obsolete: 'FindObjectsByType with FindObjectsSortMode parameter has been deprecated. Use FindObjectsByType<T>() or FindObjectsByType<T>(FindObjectsInactive) instead. InstanceID will be replaced in the future with EntityId and previous sort order cannot be maintained.'
Assets\TumbangPreso\Runtime\Net\WorldEffectSnapshot.cs(82,92): warning CS0618: 'FindObjectsSortMode' is obsolete: 'FindObjectsSortMode has been deprecated. Use the FindObjectsByType overloads that do not take a FindObjectsSortMode parameter.'
Assets\TumbangPreso\Runtime\Net\WorldEffectSnapshot.cs(82,35): warning CS0618: 'Object.FindObjectsByType<T>(FindObjectsSortMode)' is obsolete: 'FindObjectsByType with FindObjectsSortMode parameter has been deprecated. Use FindObjectsByType<T>() or FindObjectsByType<T>(FindObjectsInactive) instead. InstanceID will be replaced in the future with EntityId and previous sort order cannot be maintained.'
Assets\TumbangPreso\Runtime\Net\WorldEffectSnapshot.cs(86,93): warning CS0618: 'FindObjectsSortMode' is obsolete: 'FindObjectsSortMode has been deprecated. Use the FindObjectsByType overloads that do not take a FindObjectsSortMode parameter.'
Assets\TumbangPreso\Runtime\Net\WorldEffectSnapshot.cs(86,35): warning CS0618: 'Object.FindObjectsByType<T>(FindObjectsSortMode)' is obsolete: 'FindObjectsByType with FindObjectsSortMode parameter has been deprecated. Use FindObjectsByType<T>() or FindObjectsByType<T>(FindObjectsInactive) instead. InstanceID will be replaced in the future with EntityId and previous sort order cannot be maintained.'
Assets\TumbangPreso\Runtime\Net\WorldEffectSnapshot.cs(90,99): warning CS0618: 'FindObjectsSortMode' is obsolete: 'FindObjectsSortMode has been deprecated. Use the FindObjectsByType overloads that do not take a FindObjectsSortMode parameter.'
Assets\TumbangPreso\Runtime\Net\WorldEffectSnapshot.cs(90,36): warning CS0618: 'Object.FindObjectsByType<T>(FindObjectsSortMode)' is obsolete: 'FindObjectsByType with FindObjectsSortMode parameter has been deprecated. Use FindObjectsByType<T>() or FindObjectsByType<T>(FindObjectsInactive) instead. InstanceID will be replaced in the future with EntityId and previous sort order cannot be maintained.'
Assets\TumbangPreso\Runtime\Net\WorldEffectSnapshot.cs(94,89): warning CS0618: 'FindObjectsSortMode' is obsolete: 'FindObjectsSortMode has been deprecated. Use the FindObjectsByType overloads that do not take a FindObjectsSortMode parameter.'
Assets\TumbangPreso\Runtime\Net\WorldEffectSnapshot.cs(94,33): warning CS0618: 'Object.FindObjectsByType<T>(FindObjectsSortMode)' is obsolete: 'FindObjectsByType with FindObjectsSortMode parameter has been deprecated. Use FindObjectsByType<T>() or FindObjectsByType<T>(FindObjectsInactive) instead. InstanceID will be replaced in the future with EntityId and previous sort order cannot be maintained.'
Assets\TumbangPreso\Runtime\Net\WorldEffectSnapshot.cs(98,81): warning CS0618: 'FindObjectsSortMode' is obsolete: 'FindObjectsSortMode has been deprecated. Use the FindObjectsByType overloads that do not take a FindObjectsSortMode parameter.'
Assets\TumbangPreso\Runtime\Net\WorldEffectSnapshot.cs(98,36): warning CS0618: 'Object.FindObjectsByType<T>(FindObjectsSortMode)' is obsolete: 'FindObjectsByType with FindObjectsSortMode parameter has been deprecated. Use FindObjectsByType<T>() or FindObjectsByType<T>(FindObjectsInactive) instead. InstanceID will be replaced in the future with EntityId and previous sort order cannot be maintained.'
Assets\TumbangPreso\Runtime\Net\WorldEffectSnapshot.cs(102,76): warning CS0618: 'FindObjectsSortMode' is obsolete: 'FindObjectsSortMode has been deprecated. Use the FindObjectsByType overloads that do not take a FindObjectsSortMode parameter.'
Assets\TumbangPreso\Runtime\Net\WorldEffectSnapshot.cs(102,35): warning CS0618: 'Object.FindObjectsByType<T>(FindObjectsSortMode)' is obsolete: 'FindObjectsByType with FindObjectsSortMode parameter has been deprecated. Use FindObjectsByType<T>() or FindObjectsByType<T>(FindObjectsInactive) instead. InstanceID will be replaced in the future with EntityId and previous sort order cannot be maintained.'
Assets\TumbangPreso\Runtime\MatchInstaller.cs(1511,21): warning CS0618: 'Object.FindFirstObjectByType<T>()' is obsolete: 'FindFirstObjectByType has been deprecated because it relies on instance ID ordering. Use FindAnyObjectByType instead, which does not depend on ordering.'
Assets\TumbangPreso\Runtime\MatchInstaller.cs(1608,64): warning CS0618: 'FindObjectsSortMode' is obsolete: 'FindObjectsSortMode has been deprecated. Use the FindObjectsByType overloads that do not take a FindObjectsSortMode parameter.'
Assets\TumbangPreso\Runtime\MatchInstaller.cs(1608,35): warning CS0618: 'Object.FindObjectsByType<T>(FindObjectsSortMode)' is obsolete: 'FindObjectsByType with FindObjectsSortMode parameter has been deprecated. Use FindObjectsByType<T>() or FindObjectsByType<T>(FindObjectsInactive) instead. InstanceID will be replaced in the future with EntityId and previous sort order cannot be maintained.'
Assets\TumbangPreso\Runtime\Visual\VfxTimeline.cs(59,55): warning CS0618: 'FindObjectsSortMode' is obsolete: 'FindObjectsSortMode has been deprecated. Use the FindObjectsByType overloads that do not take a FindObjectsSortMode parameter.'
Assets\TumbangPreso\Runtime\Visual\VfxTimeline.cs(58,39): warning CS0618: 'Object.FindObjectsByType<T>(FindObjectsInactive, FindObjectsSortMode)' is obsolete: 'FindObjectsByType with FindObjectsSortMode parameter has been deprecated. Use FindObjectsByType<T>() or FindObjectsByType<T>(FindObjectsInactive) instead. InstanceID will be replaced in the future with EntityId and previous sort order cannot be maintained.'
Assets\TumbangPreso\Runtime\Diagnostics\NetRequestSafetyProbe.cs(168,67): warning CS0618: 'FindObjectsSortMode' is obsolete: 'FindObjectsSortMode has been deprecated. Use the FindObjectsByType overloads that do not take a FindObjectsSortMode parameter.'
Assets\TumbangPreso\Runtime\Diagnostics\NetRequestSafetyProbe.cs(168,35): warning CS0618: 'Object.FindObjectsByType<T>(FindObjectsSortMode)' is obsolete: 'FindObjectsByType with FindObjectsSortMode parameter has been deprecated. Use FindObjectsByType<T>() or FindObjectsByType<T>(FindObjectsInactive) instead. InstanceID will be replaced in the future with EntityId and previous sort order cannot be maintained.'
Assets\TumbangPreso\Runtime\Diagnostics\NetRequestSafetyProbe.cs(169,73): warning CS0618: 'FindObjectsSortMode' is obsolete: 'FindObjectsSortMode has been deprecated. Use the FindObjectsByType overloads that do not take a FindObjectsSortMode parameter.'
Assets\TumbangPreso\Runtime\Diagnostics\NetRequestSafetyProbe.cs(169,36): warning CS0618: 'Object.FindObjectsByType<T>(FindObjectsSortMode)' is obsolete: 'FindObjectsByType with FindObjectsSortMode parameter has been deprecated. Use FindObjectsByType<T>() or FindObjectsByType<T>(FindObjectsInactive) instead. InstanceID will be replaced in the future with EntityId and previous sort order cannot be maintained.'
Assets\TumbangPreso\Runtime\Net\WorldEffectSnapshot.cs(283,63): warning CS0618: 'FindObjectsSortMode' is obsolete: 'FindObjectsSortMode has been deprecated. Use the FindObjectsByType overloads that do not take a FindObjectsSortMode parameter.'
Assets\TumbangPreso\Runtime\Net\WorldEffectSnapshot.cs(283,35): warning CS0618: 'Object.FindObjectsByType<T>(FindObjectsSortMode)' is obsolete: 'FindObjectsByType with FindObjectsSortMode parameter has been deprecated. Use FindObjectsByType<T>() or FindObjectsByType<T>(FindObjectsInactive) instead. InstanceID will be replaced in the future with EntityId and previous sort order cannot be maintained.'
Assets\TumbangPreso\Runtime\Diagnostics\NetRoofProbe.cs(67,23): warning CS0618: 'Object.FindFirstObjectByType<T>()' is obsolete: 'FindFirstObjectByType has been deprecated because it relies on instance ID ordering. Use FindAnyObjectByType instead, which does not depend on ordering.'
Assets\TumbangPreso\Runtime\Diagnostics\NetRoofProbe.cs(69,23): warning CS0618: 'Object.FindFirstObjectByType<T>()' is obsolete: 'FindFirstObjectByType has been deprecated because it relies on instance ID ordering. Use FindAnyObjectByType instead, which does not depend on ordering.'
Assets\TumbangPreso\Runtime\Diagnostics\NetRoofProbe.cs(71,63): warning CS0618: 'FindObjectsSortMode' is obsolete: 'FindObjectsSortMode has been deprecated. Use the FindObjectsByType overloads that do not take a FindObjectsSortMode parameter.'
Assets\TumbangPreso\Runtime\Diagnostics\NetRoofProbe.cs(71,31): warning CS0618: 'Object.FindObjectsByType<T>(FindObjectsSortMode)' is obsolete: 'FindObjectsByType with FindObjectsSortMode parameter has been deprecated. Use FindObjectsByType<T>() or FindObjectsByType<T>(FindObjectsInactive) instead. InstanceID will be replaced in the future with EntityId and previous sort order cannot be maintained.'
Assets\TumbangPreso\Runtime\Diagnostics\NetRoofProbe.cs(72,72): warning CS0618: 'FindObjectsSortMode' is obsolete: 'FindObjectsSortMode has been deprecated. Use the FindObjectsByType overloads that do not take a FindObjectsSortMode parameter.'
Assets\TumbangPreso\Runtime\Diagnostics\NetRoofProbe.cs(72,35): warning CS0618: 'Object.FindObjectsByType<T>(FindObjectsSortMode)' is obsolete: 'FindObjectsByType with FindObjectsSortMode parameter has been deprecated. Use FindObjectsByType<T>() or FindObjectsByType<T>(FindObjectsInactive) instead. InstanceID will be replaced in the future with EntityId and previous sort order cannot be maintained.'
Assets\TumbangPreso\Runtime\Diagnostics\NetRoofProbe.cs(87,17): warning CS0618: 'Object.FindFirstObjectByType<T>()' is obsolete: 'FindFirstObjectByType has been deprecated because it relies on instance ID ordering. Use FindAnyObjectByType instead, which does not depend on ordering.'
Assets\TumbangPreso\Runtime\Diagnostics\NetRoofProbe.cs(119,13): warning CS0618: 'Object.FindFirstObjectByType<T>()' is obsolete: 'FindFirstObjectByType has been deprecated because it relies on instance ID ordering. Use FindAnyObjectByType instead, which does not depend on ordering.'
Assets\TumbangPreso\Runtime\RoundDirector.cs(555,84): warning CS0618: 'FindObjectsSortMode' is obsolete: 'FindObjectsSortMode has been deprecated. Use the FindObjectsByType overloads that do not take a FindObjectsSortMode parameter.'
Assets\TumbangPreso\Runtime\RoundDirector.cs(555,28): warning CS0618: 'Object.FindObjectsByType<T>(FindObjectsInactive, FindObjectsSortMode)' is obsolete: 'FindObjectsByType with FindObjectsSortMode parameter has been deprecated. Use FindObjectsByType<T>() or FindObjectsByType<T>(FindObjectsInactive) instead. InstanceID will be replaced in the future with EntityId and previous sort order cannot be maintained.'
Assets\TumbangPreso\Runtime\Diagnostics\NetRoofProbe.cs(191,52): warning CS0618: 'FindObjectsSortMode' is obsolete: 'FindObjectsSortMode has been deprecated. Use the FindObjectsByType overloads that do not take a FindObjectsSortMode parameter.'
Assets\TumbangPreso\Runtime\Diagnostics\NetRoofProbe.cs(191,26): warning CS0618: 'Object.FindObjectsByType<T>(FindObjectsSortMode)' is obsolete: 'FindObjectsByType with FindObjectsSortMode parameter has been deprecated. Use FindObjectsByType<T>() or FindObjectsByType<T>(FindObjectsInactive) instead. InstanceID will be replaced in the future with EntityId and previous sort order cannot be maintained.'
Assets\TumbangPreso\Runtime\Diagnostics\NetRoofProbe.cs(194,77): warning CS0618: 'FindObjectsSortMode' is obsolete: 'FindObjectsSortMode has been deprecated. Use the FindObjectsByType overloads that do not take a FindObjectsSortMode parameter.'
Assets\TumbangPreso\Runtime\Diagnostics\NetRoofProbe.cs(194,44): warning CS0618: 'Object.FindObjectsByType<T>(FindObjectsSortMode)' is obsolete: 'FindObjectsByType with FindObjectsSortMode parameter has been deprecated. Use FindObjectsByType<T>() or FindObjectsByType<T>(FindObjectsInactive) instead. InstanceID will be replaced in the future with EntityId and previous sort order cannot be maintained.'
Assets\TumbangPreso\Runtime\Net\Matchmaker.cs(140,45): warning CS0618: 'Object.FindFirstObjectByType<T>()' is obsolete: 'FindFirstObjectByType has been deprecated because it relies on instance ID ordering. Use FindAnyObjectByType instead, which does not depend on ordering.'
Assets\TumbangPreso\Runtime\Net\Matchmaker.cs(144,28): warning CS0618: 'Object.FindFirstObjectByType<T>()' is obsolete: 'FindFirstObjectByType has been deprecated because it relies on instance ID ordering. Use FindAnyObjectByType instead, which does not depend on ordering.'
Assets\TumbangPreso\Runtime\Diagnostics\NetRoundBoundaryProbe.cs(51,67): warning CS0618: 'FindObjectsSortMode' is obsolete: 'FindObjectsSortMode has been deprecated. Use the FindObjectsByType overloads that do not take a FindObjectsSortMode parameter.'
Assets\TumbangPreso\Runtime\Diagnostics\NetRoundBoundaryProbe.cs(51,35): warning CS0618: 'Object.FindObjectsByType<T>(FindObjectsSortMode)' is obsolete: 'FindObjectsByType with FindObjectsSortMode parameter has been deprecated. Use FindObjectsByType<T>() or FindObjectsByType<T>(FindObjectsInactive) instead. InstanceID will be replaced in the future with EntityId and previous sort order cannot be maintained.'
Assets\TumbangPreso\Runtime\Diagnostics\NetStateReport.cs(120,33): warning CS0618: 'Object.FindFirstObjectByType<T>()' is obsolete: 'FindFirstObjectByType has been deprecated because it relies on instance ID ordering. Use FindAnyObjectByType instead, which does not depend on ordering.'
Assets\TumbangPreso\Runtime\Diagnostics\NetStateReport.cs(121,29): warning CS0618: 'Object.FindFirstObjectByType<T>()' is obsolete: 'FindFirstObjectByType has been deprecated because it relies on instance ID ordering. Use FindAnyObjectByType instead, which does not depend on ordering.'
Assets\TumbangPreso\Runtime\Diagnostics\NetStateReport.cs(218,58): warning CS0618: 'FindObjectsSortMode' is obsolete: 'FindObjectsSortMode has been deprecated. Use the FindObjectsByType overloads that do not take a FindObjectsSortMode parameter.'
Assets\TumbangPreso\Runtime\Diagnostics\NetStateReport.cs(217,31): warning CS0618: 'Object.FindObjectsByType<T>(FindObjectsInactive, FindObjectsSortMode)' is obsolete: 'FindObjectsByType with FindObjectsSortMode parameter has been deprecated. Use FindObjectsByType<T>() or FindObjectsByType<T>(FindObjectsInactive) instead. InstanceID will be replaced in the future with EntityId and previous sort order cannot be maintained.'
Assets\TumbangPreso\Runtime\Diagnostics\NetSeanProbe.cs(70,25): warning CS0618: 'Object.FindFirstObjectByType<T>()' is obsolete: 'FindFirstObjectByType has been deprecated because it relies on instance ID ordering. Use FindAnyObjectByType instead, which does not depend on ordering.'
Assets\TumbangPreso\Runtime\Diagnostics\NetSeanProbe.cs(81,67): warning CS0618: 'FindObjectsSortMode' is obsolete: 'FindObjectsSortMode has been deprecated. Use the FindObjectsByType overloads that do not take a FindObjectsSortMode parameter.'
Assets\TumbangPreso\Runtime\Diagnostics\NetSeanProbe.cs(81,35): warning CS0618: 'Object.FindObjectsByType<T>(FindObjectsSortMode)' is obsolete: 'FindObjectsByType with FindObjectsSortMode parameter has been deprecated. Use FindObjectsByType<T>() or FindObjectsByType<T>(FindObjectsInactive) instead. InstanceID will be replaced in the future with EntityId and previous sort order cannot be maintained.'
Assets\TumbangPreso\Runtime\Diagnostics\NetSeanProbe.cs(82,72): warning CS0618: 'FindObjectsSortMode' is obsolete: 'FindObjectsSortMode has been deprecated. Use the FindObjectsByType overloads that do not take a FindObjectsSortMode parameter.'
Assets\TumbangPreso\Runtime\Diagnostics\NetSeanProbe.cs(82,35): warning CS0618: 'Object.FindObjectsByType<T>(FindObjectsSortMode)' is obsolete: 'FindObjectsByType with FindObjectsSortMode parameter has been deprecated. Use FindObjectsByType<T>() or FindObjectsByType<T>(FindObjectsInactive) instead. InstanceID will be replaced in the future with EntityId and previous sort order cannot be maintained.'
Assets\TumbangPreso\Runtime\Diagnostics\NetSeanProbe.cs(114,17): warning CS0618: 'Object.FindFirstObjectByType<T>()' is obsolete: 'FindFirstObjectByType has been deprecated because it relies on instance ID ordering. Use FindAnyObjectByType instead, which does not depend on ordering.'
Assets\TumbangPreso\Runtime\Diagnostics\NetSeanProbe.cs(130,83): warning CS0618: 'FindObjectsSortMode' is obsolete: 'FindObjectsSortMode has been deprecated. Use the FindObjectsByType overloads that do not take a FindObjectsSortMode parameter.'
Assets\TumbangPreso\Runtime\Diagnostics\NetSeanProbe.cs(130,27): warning CS0618: 'Object.FindObjectsByType<T>(FindObjectsSortMode)' is obsolete: 'FindObjectsByType with FindObjectsSortMode parameter has been deprecated. Use FindObjectsByType<T>() or FindObjectsByType<T>(FindObjectsInactive) instead. InstanceID will be replaced in the future with EntityId and previous sort order cannot be maintained.'
Assets\TumbangPreso\Runtime\Diagnostics\NetSeanProbe.cs(139,91): warning CS0618: 'FindObjectsSortMode' is obsolete: 'FindObjectsSortMode has been deprecated. Use the FindObjectsByType overloads that do not take a FindObjectsSortMode parameter.'
Assets\TumbangPreso\Runtime\Diagnostics\NetSeanProbe.cs(139,53): warning CS0618: 'Object.FindObjectsByType<T>(FindObjectsSortMode)' is obsolete: 'FindObjectsByType with FindObjectsSortMode parameter has been deprecated. Use FindObjectsByType<T>() or FindObjectsByType<T>(FindObjectsInactive) instead. InstanceID will be replaced in the future with EntityId and previous sort order cannot be maintained.'
Assets\TumbangPreso\Runtime\Net\NetCompletedArrivalProbe.cs(132,30): warning CS0618: 'Object.FindFirstObjectByType<T>()' is obsolete: 'FindFirstObjectByType has been deprecated because it relies on instance ID ordering. Use FindAnyObjectByType instead, which does not depend on ordering.'
Assets\TumbangPreso\Runtime\Net\NetCompletedArrivalProbe.cs(134,57): warning CS0618: 'FindObjectsSortMode' is obsolete: 'FindObjectsSortMode has been deprecated. Use the FindObjectsByType overloads that do not take a FindObjectsSortMode parameter.'
Assets\TumbangPreso\Runtime\Net\NetCompletedArrivalProbe.cs(134,31): warning CS0618: 'Object.FindObjectsByType<T>(FindObjectsSortMode)' is obsolete: 'FindObjectsByType with FindObjectsSortMode parameter has been deprecated. Use FindObjectsByType<T>() or FindObjectsByType<T>(FindObjectsInactive) instead. InstanceID will be replaced in the future with EntityId and previous sort order cannot be maintained.'
Assets\TumbangPreso\Runtime\Net\NetCompletedArrivalProbe.cs(149,25): warning CS0618: 'Object.FindFirstObjectByType<T>()' is obsolete: 'FindFirstObjectByType has been deprecated because it relies on instance ID ordering. Use FindAnyObjectByType instead, which does not depend on ordering.'
Assets\TumbangPreso\Runtime\Net\NetSession.cs(1645,46): warning CS0618: 'FindObjectsSortMode' is obsolete: 'FindObjectsSortMode has been deprecated. Use the FindObjectsByType overloads that do not take a FindObjectsSortMode parameter.'
Assets\TumbangPreso\Runtime\Net\NetSession.cs(1644,37): warning CS0618: 'Object.FindObjectsByType<T>(FindObjectsInactive, FindObjectsSortMode)' is obsolete: 'FindObjectsByType with FindObjectsSortMode parameter has been deprecated. Use FindObjectsByType<T>() or FindObjectsByType<T>(FindObjectsInactive) instead. InstanceID will be replaced in the future with EntityId and previous sort order cannot be maintained.'
Assets\TumbangPreso\Runtime\Diagnostics\NetThrowProbe.cs(52,63): warning CS0618: 'FindObjectsSortMode' is obsolete: 'FindObjectsSortMode has been deprecated. Use the FindObjectsByType overloads that do not take a FindObjectsSortMode parameter.'
Assets\TumbangPreso\Runtime\Diagnostics\NetThrowProbe.cs(52,31): warning CS0618: 'Object.FindObjectsByType<T>(FindObjectsSortMode)' is obsolete: 'FindObjectsByType with FindObjectsSortMode parameter has been deprecated. Use FindObjectsByType<T>() or FindObjectsByType<T>(FindObjectsInactive) instead. InstanceID will be replaced in the future with EntityId and previous sort order cannot be maintained.'
Assets\TumbangPreso\Runtime\Diagnostics\NetThrowProbe.cs(53,71): warning CS0618: 'FindObjectsSortMode' is obsolete: 'FindObjectsSortMode has been deprecated. Use the FindObjectsByType overloads that do not take a FindObjectsSortMode parameter.'
Assets\TumbangPreso\Runtime\Diagnostics\NetThrowProbe.cs(53,34): warning CS0618: 'Object.FindObjectsByType<T>(FindObjectsSortMode)' is obsolete: 'FindObjectsByType with FindObjectsSortMode parameter has been deprecated. Use FindObjectsByType<T>() or FindObjectsByType<T>(FindObjectsInactive) instead. InstanceID will be replaced in the future with EntityId and previous sort order cannot be maintained.'
Assets\TumbangPreso\Runtime\Diagnostics\NetThrowProbe.cs(62,55): warning CS0618: 'FindObjectsSortMode' is obsolete: 'FindObjectsSortMode has been deprecated. Use the FindObjectsByType overloads that do not take a FindObjectsSortMode parameter.'
Assets\TumbangPreso\Runtime\Diagnostics\NetThrowProbe.cs(62,28): warning CS0618: 'Object.FindObjectsByType<T>(FindObjectsSortMode)' is obsolete: 'FindObjectsByType with FindObjectsSortMode parameter has been deprecated. Use FindObjectsByType<T>() or FindObjectsByType<T>(FindObjectsInactive) instead. InstanceID will be replaced in the future with EntityId and previous sort order cannot be maintained.'
Assets\TumbangPreso\Runtime\Diagnostics\NetThrowProbe.cs(74,23): warning CS0618: 'Object.FindFirstObjectByType<T>()' is obsolete: 'FindFirstObjectByType has been deprecated because it relies on instance ID ordering. Use FindAnyObjectByType instead, which does not depend on ordering.'
Assets\TumbangPreso\Runtime\Diagnostics\NetThrowProbe.cs(95,49): warning CS0618: 'FindObjectsSortMode' is obsolete: 'FindObjectsSortMode has been deprecated. Use the FindObjectsByType overloads that do not take a FindObjectsSortMode parameter.'
Assets\TumbangPreso\Runtime\Diagnostics\NetThrowProbe.cs(95,22): warning CS0618: 'Object.FindObjectsByType<T>(FindObjectsSortMode)' is obsolete: 'FindObjectsByType with FindObjectsSortMode parameter has been deprecated. Use FindObjectsByType<T>() or FindObjectsByType<T>(FindObjectsInactive) instead. InstanceID will be replaced in the future with EntityId and previous sort order cannot be maintained.'
Assets\TumbangPreso\Runtime\Net\ServerQuery.cs(389,55): warning CS0618: 'Object.FindFirstObjectByType<T>()' is obsolete: 'FindFirstObjectByType has been deprecated because it relies on instance ID ordering. Use FindAnyObjectByType instead, which does not depend on ordering.'
Assets\TumbangPreso\Runtime\Diagnostics\OwnerUiPlayerReview.cs(201,71): warning CS0618: 'FindObjectsSortMode' is obsolete: 'FindObjectsSortMode has been deprecated. Use the FindObjectsByType overloads that do not take a FindObjectsSortMode parameter.'
Assets\TumbangPreso\Runtime\Diagnostics\OwnerUiPlayerReview.cs(201,19): warning CS0618: 'Object.FindObjectsByType<T>(FindObjectsSortMode)' is obsolete: 'FindObjectsByType with FindObjectsSortMode parameter has been deprecated. Use FindObjectsByType<T>() or FindObjectsByType<T>(FindObjectsInactive) instead. InstanceID will be replaced in the future with EntityId and previous sort order cannot be maintained.'
Assets\TumbangPreso\Runtime\Diagnostics\NetWorldFieldProbe.cs(51,23): warning CS0618: 'Object.FindFirstObjectByType<T>()' is obsolete: 'FindFirstObjectByType has been deprecated because it relies on instance ID ordering. Use FindAnyObjectByType instead, which does not depend on ordering.'
Assets\TumbangPreso\Runtime\Diagnostics\NetWorldFieldProbe.cs(52,66): warning CS0618: 'FindObjectsSortMode' is obsolete: 'FindObjectsSortMode has been deprecated. Use the FindObjectsByType overloads that do not take a FindObjectsSortMode parameter.'
Assets\TumbangPreso\Runtime\Diagnostics\NetWorldFieldProbe.cs(52,34): warning CS0618: 'Object.FindObjectsByType<T>(FindObjectsSortMode)' is obsolete: 'FindObjectsByType with FindObjectsSortMode parameter has been deprecated. Use FindObjectsByType<T>() or FindObjectsByType<T>(FindObjectsInactive) instead. InstanceID will be replaced in the future with EntityId and previous sort order cannot be maintained.'
Assets\TumbangPreso\Runtime\Diagnostics\NetWorldFieldProbe.cs(53,71): warning CS0618: 'FindObjectsSortMode' is obsolete: 'FindObjectsSortMode has been deprecated. Use the FindObjectsByType overloads that do not take a FindObjectsSortMode parameter.'
Assets\TumbangPreso\Runtime\Diagnostics\NetWorldFieldProbe.cs(53,34): warning CS0618: 'Object.FindObjectsByType<T>(FindObjectsSortMode)' is obsolete: 'FindObjectsByType with FindObjectsSortMode parameter has been deprecated. Use FindObjectsByType<T>() or FindObjectsByType<T>(FindObjectsInactive) instead. InstanceID will be replaced in the future with EntityId and previous sort order cannot be maintained.'
Assets\TumbangPreso\Runtime\Diagnostics\OwnerUiPlayerReview.cs(339,22): warning CS0618: 'Object.FindFirstObjectByType<T>()' is obsolete: 'FindFirstObjectByType has been deprecated because it relies on instance ID ordering. Use FindAnyObjectByType instead, which does not depend on ordering.'
Assets\TumbangPreso\Runtime\UI\UltimatePresentationDirector.cs(159,29): warning CS0618: 'Object.FindFirstObjectByType<T>()' is obsolete: 'FindFirstObjectByType has been deprecated because it relies on instance ID ordering. Use FindAnyObjectByType instead, which does not depend on ordering.'
Assets\TumbangPreso\Runtime\Diagnostics\NetZackProbe.cs(71,25): warning CS0618: 'Object.FindFirstObjectByType<T>()' is obsolete: 'FindFirstObjectByType has been deprecated because it relies on instance ID ordering. Use FindAnyObjectByType instead, which does not depend on ordering.'
Assets\TumbangPreso\Runtime\Diagnostics\NetZackProbe.cs(74,67): warning CS0618: 'FindObjectsSortMode' is obsolete: 'FindObjectsSortMode has been deprecated. Use the FindObjectsByType overloads that do not take a FindObjectsSortMode parameter.'
Assets\TumbangPreso\Runtime\Diagnostics\NetZackProbe.cs(74,35): warning CS0618: 'Object.FindObjectsByType<T>(FindObjectsSortMode)' is obsolete: 'FindObjectsByType with FindObjectsSortMode parameter has been deprecated. Use FindObjectsByType<T>() or FindObjectsByType<T>(FindObjectsInactive) instead. InstanceID will be replaced in the future with EntityId and previous sort order cannot be maintained.'
Assets\TumbangPreso\Runtime\Diagnostics\NetZackProbe.cs(75,72): warning CS0618: 'FindObjectsSortMode' is obsolete: 'FindObjectsSortMode has been deprecated. Use the FindObjectsByType overloads that do not take a FindObjectsSortMode parameter.'
Assets\TumbangPreso\Runtime\Diagnostics\NetZackProbe.cs(75,35): warning CS0618: 'Object.FindObjectsByType<T>(FindObjectsSortMode)' is obsolete: 'FindObjectsByType with FindObjectsSortMode parameter has been deprecated. Use FindObjectsByType<T>() or FindObjectsByType<T>(FindObjectsInactive) instead. InstanceID will be replaced in the future with EntityId and previous sort order cannot be maintained.'
Assets\TumbangPreso\Runtime\Diagnostics\NetZackProbe.cs(124,66): warning CS0618: 'FindObjectsSortMode' is obsolete: 'FindObjectsSortMode has been deprecated. Use the FindObjectsByType overloads that do not take a FindObjectsSortMode parameter.'
Assets\TumbangPreso\Runtime\Diagnostics\NetZackProbe.cs(124,25): warning CS0618: 'Object.FindObjectsByType<T>(FindObjectsSortMode)' is obsolete: 'FindObjectsByType with FindObjectsSortMode parameter has been deprecated. Use FindObjectsByType<T>() or FindObjectsByType<T>(FindObjectsInactive) instead. InstanceID will be replaced in the future with EntityId and previous sort order cannot be maintained.'
Assets\TumbangPreso\Runtime\Diagnostics\NetZackProbe.cs(131,83): warning CS0618: 'FindObjectsSortMode' is obsolete: 'FindObjectsSortMode has been deprecated. Use the FindObjectsByType overloads that do not take a FindObjectsSortMode parameter.'
Assets\TumbangPreso\Runtime\Diagnostics\NetZackProbe.cs(131,47): warning CS0618: 'Object.FindObjectsByType<T>(FindObjectsSortMode)' is obsolete: 'FindObjectsByType with FindObjectsSortMode parameter has been deprecated. Use FindObjectsByType<T>() or FindObjectsByType<T>(FindObjectsInactive) instead. InstanceID will be replaced in the future with EntityId and previous sort order cannot be maintained.'
Assets\TumbangPreso\Runtime\Visual\ArcFlicker.cs(107,42): warning CS0162: Unreachable code detected
Assets\TumbangPreso\Runtime\Diagnostics\NetZackProbe.cs(183,52): warning CS0618: 'FindObjectsSortMode' is obsolete: 'FindObjectsSortMode has been deprecated. Use the FindObjectsByType overloads that do not take a FindObjectsSortMode parameter.'
Assets\TumbangPreso\Runtime\Diagnostics\NetZackProbe.cs(183,17): warning CS0618: 'Object.FindObjectsByType<T>(FindObjectsSortMode)' is obsolete: 'FindObjectsByType with FindObjectsSortMode parameter has been deprecated. Use FindObjectsByType<T>() or FindObjectsByType<T>(FindObjectsInactive) instead. InstanceID will be replaced in the future with EntityId and previous sort order cannot be maintained.'
Assets\TumbangPreso\Runtime\Diagnostics\OwnerUiPlayerReview.cs(462,28): warning CS0618: 'Object.FindFirstObjectByType<T>()' is obsolete: 'FindFirstObjectByType has been deprecated because it relies on instance ID ordering. Use FindAnyObjectByType instead, which does not depend on ordering.'
Assets\TumbangPreso\Runtime\Diagnostics\OwnerUiPlayerReview.cs(635,42): warning CS0618: 'Object.FindFirstObjectByType<T>()' is obsolete: 'FindFirstObjectByType has been deprecated because it relies on instance ID ordering. Use FindAnyObjectByType instead, which does not depend on ordering.'
Assets\TumbangPreso\Runtime\Diagnostics\OwnerUiPlayerReview.cs(645,29): warning CS0618: 'Object.FindFirstObjectByType<T>()' is obsolete: 'FindFirstObjectByType has been deprecated because it relies on instance ID ordering. Use FindAnyObjectByType instead, which does not depend on ordering.'
Assets\TumbangPreso\Runtime\Diagnostics\OwnerUiPlayerReview.cs(658,29): warning CS0618: 'Object.FindFirstObjectByType<T>()' is obsolete: 'FindFirstObjectByType has been deprecated because it relies on instance ID ordering. Use FindAnyObjectByType instead, which does not depend on ordering.'
Assets\TumbangPreso\Runtime\Visual\ColourGrade.cs(138,25): warning CS0618: 'Object.FindFirstObjectByType<T>(FindObjectsInactive)' is obsolete: 'FindFirstObjectByType has been deprecated because it relies on instance ID ordering. Use FindAnyObjectByType instead, which does not depend on ordering.'
Assets\TumbangPreso\Runtime\Visual\SkyEvent.cs(345,60): warning CS0618: 'FindObjectsSortMode' is obsolete: 'FindObjectsSortMode has been deprecated. Use the FindObjectsByType overloads that do not take a FindObjectsSortMode parameter.'
Assets\TumbangPreso\Runtime\Visual\SkyEvent.cs(344,35): warning CS0618: 'Object.FindObjectsByType<T>(FindObjectsInactive, FindObjectsSortMode)' is obsolete: 'FindObjectsByType with FindObjectsSortMode parameter has been deprecated. Use FindObjectsByType<T>() or FindObjectsByType<T>(FindObjectsInactive) instead. InstanceID will be replaced in the future with EntityId and previous sort order cannot be maintained.'
Assets\TumbangPreso\Runtime\Visual\SkyEvent.cs(448,66): warning CS0618: 'FindObjectsSortMode' is obsolete: 'FindObjectsSortMode has been deprecated. Use the FindObjectsByType overloads that do not take a FindObjectsSortMode parameter.'
Assets\TumbangPreso\Runtime\Visual\SkyEvent.cs(447,35): warning CS0618: 'Object.FindObjectsByType<T>(FindObjectsInactive, FindObjectsSortMode)' is obsolete: 'FindObjectsByType with FindObjectsSortMode parameter has been deprecated. Use FindObjectsByType<T>() or FindObjectsByType<T>(FindObjectsInactive) instead. InstanceID will be replaced in the future with EntityId and previous sort order cannot be maintained.'
Assets\TumbangPreso\Runtime\UI\DebugBar.cs(71,28): warning CS0618: 'Object.FindFirstObjectByType<T>()' is obsolete: 'FindFirstObjectByType has been deprecated because it relies on instance ID ordering. Use FindAnyObjectByType instead, which does not depend on ordering.'
Assets\TumbangPreso\Runtime\Visual\DisorientedHallucinations.cs(59,65): warning CS0618: 'FindObjectsSortMode' is obsolete: 'FindObjectsSortMode has been deprecated. Use the FindObjectsByType overloads that do not take a FindObjectsSortMode parameter.'
Assets\TumbangPreso\Runtime\Visual\DisorientedHallucinations.cs(59,31): warning CS0618: 'Object.FindObjectsByType<T>(FindObjectsSortMode)' is obsolete: 'FindObjectsByType with FindObjectsSortMode parameter has been deprecated. Use FindObjectsByType<T>() or FindObjectsByType<T>(FindObjectsInactive) instead. InstanceID will be replaced in the future with EntityId and previous sort order cannot be maintained.'
Assets\TumbangPreso\Runtime\UI\Hud.Native.cs(56,90): warning CS0618: 'FindObjectsSortMode' is obsolete: 'FindObjectsSortMode has been deprecated. Use the FindObjectsByType overloads that do not take a FindObjectsSortMode parameter.'
Assets\TumbangPreso\Runtime\UI\Hud.Native.cs(56,34): warning CS0618: 'Object.FindObjectsByType<T>(FindObjectsInactive, FindObjectsSortMode)' is obsolete: 'FindObjectsByType with FindObjectsSortMode parameter has been deprecated. Use FindObjectsByType<T>() or FindObjectsByType<T>(FindObjectsInactive) instead. InstanceID will be replaced in the future with EntityId and previous sort order cannot be maintained.'
Assets\TumbangPreso\Runtime\Visual\GroundReticle.cs(407,24): warning CS0618: 'Object.FindFirstObjectByType<T>()' is obsolete: 'FindFirstObjectByType has been deprecated because it relies on instance ID ordering. Use FindAnyObjectByType instead, which does not depend on ordering.'
Assets\TumbangPreso\Runtime\UI\Hud.cs(1052,61): warning CS0618: 'FindObjectsSortMode' is obsolete: 'FindObjectsSortMode has been deprecated. Use the FindObjectsByType overloads that do not take a FindObjectsSortMode parameter.'
Assets\TumbangPreso\Runtime\UI\Hud.cs(1051,34): warning CS0618: 'Object.FindObjectsByType<T>(FindObjectsInactive, FindObjectsSortMode)' is obsolete: 'FindObjectsByType with FindObjectsSortMode parameter has been deprecated. Use FindObjectsByType<T>() or FindObjectsByType<T>(FindObjectsInactive) instead. InstanceID will be replaced in the future with EntityId and previous sort order cannot be maintained.'
Assets\TumbangPreso\Runtime\UI\Hud.cs(1126,61): warning CS0618: 'FindObjectsSortMode' is obsolete: 'FindObjectsSortMode has been deprecated. Use the FindObjectsByType overloads that do not take a FindObjectsSortMode parameter.'
Assets\TumbangPreso\Runtime\UI\Hud.cs(1125,34): warning CS0618: 'Object.FindObjectsByType<T>(FindObjectsInactive, FindObjectsSortMode)' is obsolete: 'FindObjectsByType with FindObjectsSortMode parameter has been deprecated. Use FindObjectsByType<T>() or FindObjectsByType<T>(FindObjectsInactive) instead. InstanceID will be replaced in the future with EntityId and previous sort order cannot be maintained.'
Assets\TumbangPreso\Runtime\Visual\HitFeel.cs(147,23): warning CS0618: 'Object.FindFirstObjectByType<T>()' is obsolete: 'FindFirstObjectByType has been deprecated because it relies on instance ID ordering. Use FindAnyObjectByType instead, which does not depend on ordering.'
Assets\TumbangPreso\Runtime\UI\Hud.cs(1234,36): warning CS0618: 'Object.FindFirstObjectByType<T>()' is obsolete: 'FindFirstObjectByType has been deprecated because it relies on instance ID ordering. Use FindAnyObjectByType instead, which does not depend on ordering.'
Assets\TumbangPreso\Runtime\UI\Hud.cs(1322,55): warning CS0618: 'FindObjectsSortMode' is obsolete: 'FindObjectsSortMode has been deprecated. Use the FindObjectsByType overloads that do not take a FindObjectsSortMode parameter.'
Assets\TumbangPreso\Runtime\UI\Hud.cs(1321,35): warning CS0618: 'Object.FindObjectsByType<T>(FindObjectsInactive, FindObjectsSortMode)' is obsolete: 'FindObjectsByType with FindObjectsSortMode parameter has been deprecated. Use FindObjectsByType<T>() or FindObjectsByType<T>(FindObjectsInactive) instead. InstanceID will be replaced in the future with EntityId and previous sort order cannot be maintained.'
Assets\TumbangPreso\Runtime\UI\Hud.cs(1343,55): warning CS0618: 'FindObjectsSortMode' is obsolete: 'FindObjectsSortMode has been deprecated. Use the FindObjectsByType overloads that do not take a FindObjectsSortMode parameter.'
Assets\TumbangPreso\Runtime\UI\Hud.cs(1342,34): warning CS0618: 'Object.FindObjectsByType<T>(FindObjectsInactive, FindObjectsSortMode)' is obsolete: 'FindObjectsByType with FindObjectsSortMode parameter has been deprecated. Use FindObjectsByType<T>() or FindObjectsByType<T>(FindObjectsInactive) instead. InstanceID will be replaced in the future with EntityId and previous sort order cannot be maintained.'
Assets\TumbangPreso\Runtime\Visual\HexedPhantomSlippers.cs(95,62): warning CS0618: 'FindObjectsSortMode' is obsolete: 'FindObjectsSortMode has been deprecated. Use the FindObjectsByType overloads that do not take a FindObjectsSortMode parameter.'
Assets\TumbangPreso\Runtime\Visual\HexedPhantomSlippers.cs(95,28): warning CS0618: 'Object.FindObjectsByType<T>(FindObjectsSortMode)' is obsolete: 'FindObjectsByType with FindObjectsSortMode parameter has been deprecated. Use FindObjectsByType<T>() or FindObjectsByType<T>(FindObjectsInactive) instead. InstanceID will be replaced in the future with EntityId and previous sort order cannot be maintained.'
Assets\TumbangPreso\Runtime\Net\MatchRpc.cs(1170,33): warning CS0618: 'Object.FindFirstObjectByType<T>()' is obsolete: 'FindFirstObjectByType has been deprecated because it relies on instance ID ordering. Use FindAnyObjectByType instead, which does not depend on ordering.'
Assets\TumbangPreso\Runtime\UI\ConvertedMatchSetup.cs(2629,33): warning CS0618: 'Object.FindFirstObjectByType<T>()' is obsolete: 'FindFirstObjectByType has been deprecated because it relies on instance ID ordering. Use FindAnyObjectByType instead, which does not depend on ordering.'
Assets\TumbangPreso\Runtime\Net\MatchRpc.cs(1217,24): warning CS0618: 'Object.FindFirstObjectByType<T>()' is obsolete: 'FindFirstObjectByType has been deprecated because it relies on instance ID ordering. Use FindAnyObjectByType instead, which does not depend on ordering.'
Assets\TumbangPreso\Runtime\Net\MatchRpc.cs(1292,24): warning CS0618: 'Object.FindFirstObjectByType<T>()' is obsolete: 'FindFirstObjectByType has been deprecated because it relies on instance ID ordering. Use FindAnyObjectByType instead, which does not depend on ordering.'
Assets\TumbangPreso\Runtime\UI\Hud.cs(2623,62): warning CS0618: 'FindObjectsSortMode' is obsolete: 'FindObjectsSortMode has been deprecated. Use the FindObjectsByType overloads that do not take a FindObjectsSortMode parameter.'
Assets\TumbangPreso\Runtime\UI\Hud.cs(2622,35): warning CS0618: 'Object.FindObjectsByType<T>(FindObjectsInactive, FindObjectsSortMode)' is obsolete: 'FindObjectsByType with FindObjectsSortMode parameter has been deprecated. Use FindObjectsByType<T>() or FindObjectsByType<T>(FindObjectsInactive) instead. InstanceID will be replaced in the future with EntityId and previous sort order cannot be maintained.'
Assets\TumbangPreso\Runtime\Net\MatchRpc.cs(1697,13): warning CS0618: 'Object.FindFirstObjectByType<T>()' is obsolete: 'FindFirstObjectByType has been deprecated because it relies on instance ID ordering. Use FindAnyObjectByType instead, which does not depend on ordering.'
Assets\TumbangPreso\Runtime\UI\Hud.cs(3154,40): warning CS0618: 'Object.FindFirstObjectByType<T>()' is obsolete: 'FindFirstObjectByType has been deprecated because it relies on instance ID ordering. Use FindAnyObjectByType instead, which does not depend on ordering.'
Assets\TumbangPreso\Runtime\Net\MatchRpc.cs(1722,17): warning CS0618: 'Object.FindFirstObjectByType<T>()' is obsolete: 'FindFirstObjectByType has been deprecated because it relies on instance ID ordering. Use FindAnyObjectByType instead, which does not depend on ordering.'
Assets\TumbangPreso\Runtime\Net\MatchRpc.cs(1741,13): warning CS0618: 'Object.FindFirstObjectByType<T>()' is obsolete: 'FindFirstObjectByType has been deprecated because it relies on instance ID ordering. Use FindAnyObjectByType instead, which does not depend on ordering.'
Assets\TumbangPreso\Runtime\Net\MatchRpc.cs(1765,22): warning CS0618: 'Object.FindFirstObjectByType<T>()' is obsolete: 'FindFirstObjectByType has been deprecated because it relies on instance ID ordering. Use FindAnyObjectByType instead, which does not depend on ordering.'
Assets\TumbangPreso\Runtime\Net\MatchRpc.cs(1787,18): warning CS0618: 'Object.FindFirstObjectByType<T>()' is obsolete: 'FindFirstObjectByType has been deprecated because it relies on instance ID ordering. Use FindAnyObjectByType instead, which does not depend on ordering.'
Assets\TumbangPreso\Runtime\Net\MatchRpc.cs(1836,18): warning CS0618: 'Object.FindFirstObjectByType<T>()' is obsolete: 'FindFirstObjectByType has been deprecated because it relies on instance ID ordering. Use FindAnyObjectByType instead, which does not depend on ordering.'
Assets\TumbangPreso\Runtime\Net\MatchRpc.cs(1909,13): warning CS0618: 'Object.FindFirstObjectByType<T>()' is obsolete: 'FindFirstObjectByType has been deprecated because it relies on instance ID ordering. Use FindAnyObjectByType instead, which does not depend on ordering.'
Assets\TumbangPreso\Runtime\Net\MatchRpc.cs(1936,26): warning CS0618: 'Object.FindFirstObjectByType<T>()' is obsolete: 'FindFirstObjectByType has been deprecated because it relies on instance ID ordering. Use FindAnyObjectByType instead, which does not depend on ordering.'
Assets\TumbangPreso\Runtime\UI\Hud.cs(4201,50): warning CS0618: 'FindObjectsSortMode' is obsolete: 'FindObjectsSortMode has been deprecated. Use the FindObjectsByType overloads that do not take a FindObjectsSortMode parameter.'
Assets\TumbangPreso\Runtime\UI\Hud.cs(4200,37): warning CS0618: 'Object.FindObjectsByType<T>(FindObjectsInactive, FindObjectsSortMode)' is obsolete: 'FindObjectsByType with FindObjectsSortMode parameter has been deprecated. Use FindObjectsByType<T>() or FindObjectsByType<T>(FindObjectsInactive) instead. InstanceID will be replaced in the future with EntityId and previous sort order cannot be maintained.'
Assets\TumbangPreso\Runtime\UI\SlipperRecall.cs(296,40): warning CS0618: 'Object.FindFirstObjectByType<T>()' is obsolete: 'FindFirstObjectByType has been deprecated because it relies on instance ID ordering. Use FindAnyObjectByType instead, which does not depend on ordering.'
Assets\TumbangPreso\Runtime\UI\TumpMatchReadout.Recede.cs(47,52): warning CS0618: 'Object.FindFirstObjectByType<T>()' is obsolete: 'FindFirstObjectByType has been deprecated because it relies on instance ID ordering. Use FindAnyObjectByType instead, which does not depend on ordering.'
Assets\TumbangPreso\Runtime\UI\TumpMatchReadout.Recede.cs(48,66): warning CS0618: 'Object.FindFirstObjectByType<T>()' is obsolete: 'FindFirstObjectByType has been deprecated because it relies on instance ID ordering. Use FindAnyObjectByType instead, which does not depend on ordering.'
Assets\TumbangPreso\Runtime\UI\RoleSwapCard.cs(298,23): warning CS0618: 'Object.FindFirstObjectByType<T>()' is obsolete: 'FindFirstObjectByType has been deprecated because it relies on instance ID ordering. Use FindAnyObjectByType instead, which does not depend on ordering.'
Assets\TumbangPreso\Runtime\UI\PlayerNameplate.cs(122,46): warning CS0618: 'FindObjectsSortMode' is obsolete: 'FindObjectsSortMode has been deprecated. Use the FindObjectsByType overloads that do not take a FindObjectsSortMode parameter.'
Assets\TumbangPreso\Runtime\UI\PlayerNameplate.cs(121,25): warning CS0618: 'Object.FindObjectsByType<T>(FindObjectsInactive, FindObjectsSortMode)' is obsolete: 'FindObjectsByType with FindObjectsSortMode parameter has been deprecated. Use FindObjectsByType<T>() or FindObjectsByType<T>(FindObjectsInactive) instead. InstanceID will be replaced in the future with EntityId and previous sort order cannot be maintained.'
Assets\TumbangPreso\Runtime\UI\TumpMatchReadout.cs(215,66): warning CS0618: 'Object.FindFirstObjectByType<T>()' is obsolete: 'FindFirstObjectByType has been deprecated because it relies on instance ID ordering. Use FindAnyObjectByType instead, which does not depend on ordering.'
Assets\TumbangPreso\Runtime\UI\TumpMatchReadout.cs(450,140): warning CS0618: 'FindObjectsSortMode' is obsolete: 'FindObjectsSortMode has been deprecated. Use the FindObjectsByType overloads that do not take a FindObjectsSortMode parameter.'
Assets\TumbangPreso\Runtime\UI\TumpMatchReadout.cs(450,84): warning CS0618: 'Object.FindObjectsByType<T>(FindObjectsInactive, FindObjectsSortMode)' is obsolete: 'FindObjectsByType with FindObjectsSortMode parameter has been deprecated. Use FindObjectsByType<T>() or FindObjectsByType<T>(FindObjectsInactive) instead. InstanceID will be replaced in the future with EntityId and previous sort order cannot be maintained.'
Assets\TumbangPreso\Runtime\UI\ModelPreview.cs(527,60): warning CS0618: 'FindObjectsSortMode' is obsolete: 'FindObjectsSortMode has been deprecated. Use the FindObjectsByType overloads that do not take a FindObjectsSortMode parameter.'
Assets\TumbangPreso\Runtime\UI\ModelPreview.cs(526,35): warning CS0618: 'Object.FindObjectsByType<T>(FindObjectsInactive, FindObjectsSortMode)' is obsolete: 'FindObjectsByType with FindObjectsSortMode parameter has been deprecated. Use FindObjectsByType<T>() or FindObjectsByType<T>(FindObjectsInactive) instead. InstanceID will be replaced in the future with EntityId and previous sort order cannot be maintained.'
Assets\TumbangPreso\Runtime\UI\MapPreviewSurface.cs(746,103): warning CS0618: 'FindObjectsSortMode' is obsolete: 'FindObjectsSortMode has been deprecated. Use the FindObjectsByType overloads that do not take a FindObjectsSortMode parameter.'
Assets\TumbangPreso\Runtime\UI\MapPreviewSurface.cs(746,37): warning CS0618: 'Object.FindObjectsByType<T>(FindObjectsInactive, FindObjectsSortMode)' is obsolete: 'FindObjectsByType with FindObjectsSortMode parameter has been deprecated. Use FindObjectsByType<T>() or FindObjectsByType<T>(FindObjectsInactive) instead. InstanceID will be replaced in the future with EntityId and previous sort order cannot be maintained.'
Assets\TumbangPreso\Runtime\UI\MapPreviewSurface.cs(1184,61): warning CS0618: 'FindObjectsSortMode' is obsolete: 'FindObjectsSortMode has been deprecated. Use the FindObjectsByType overloads that do not take a FindObjectsSortMode parameter.'
Assets\TumbangPreso\Runtime\UI\MapPreviewSurface.cs(1183,35): warning CS0618: 'Object.FindObjectsByType<T>(FindObjectsInactive, FindObjectsSortMode)' is obsolete: 'FindObjectsByType with FindObjectsSortMode parameter has been deprecated. Use FindObjectsByType<T>() or FindObjectsByType<T>(FindObjectsInactive) instead. InstanceID will be replaced in the future with EntityId and previous sort order cannot be maintained.'
Assets\TumbangPreso\Runtime\Visual\PhaisterOmenScreen.cs(128,38): warning CS0618: 'Object.FindFirstObjectByType<T>()' is obsolete: 'FindFirstObjectByType has been deprecated because it relies on instance ID ordering. Use FindAnyObjectByType instead, which does not depend on ordering.'
Assets\TumbangPreso\Runtime\Visual\PhaisterManika.cs(145,35): warning CS0618: 'Object.FindFirstObjectByType<T>()' is obsolete: 'FindFirstObjectByType has been deprecated because it relies on instance ID ordering. Use FindAnyObjectByType instead, which does not depend on ordering.'
Assets\TumbangPreso\Runtime\Visual\PhaisterManika.cs(233,23): warning CS0618: 'Object.FindFirstObjectByType<T>()' is obsolete: 'FindFirstObjectByType has been deprecated because it relies on instance ID ordering. Use FindAnyObjectByType instead, which does not depend on ordering.'
Assets\TumbangPreso\Runtime\UI\MatchResult.cs(647,23): warning CS0618: 'Object.FindFirstObjectByType<T>()' is obsolete: 'FindFirstObjectByType has been deprecated because it relies on instance ID ordering. Use FindAnyObjectByType instead, which does not depend on ordering.'
Assets\TumbangPreso\Runtime\Visual\PhaisterAimSigil.cs(247,24): warning CS0618: 'Object.FindFirstObjectByType<T>()' is obsolete: 'FindFirstObjectByType has been deprecated because it relies on instance ID ordering. Use FindAnyObjectByType instead, which does not depend on ordering.'
Assets\TumbangPreso\Runtime\Net\MatchRpc.cs(5555,24): warning CS0618: 'Object.FindFirstObjectByType<T>()' is obsolete: 'FindFirstObjectByType has been deprecated because it relies on instance ID ordering. Use FindAnyObjectByType instead, which does not depend on ordering.'
Assets\TumbangPreso\Runtime\Visual\MapCameraRange.cs(52,25): warning CS0618: 'Object.FindFirstObjectByType<T>(FindObjectsInactive)' is obsolete: 'FindFirstObjectByType has been deprecated because it relies on instance ID ordering. Use FindAnyObjectByType instead, which does not depend on ordering.'
Assets\TumbangPreso\Runtime\Visual\MatchFlair.cs(219,112): warning CS0618: 'FindObjectsSortMode' is obsolete: 'FindObjectsSortMode has been deprecated. Use the FindObjectsByType overloads that do not take a FindObjectsSortMode parameter.'
Assets\TumbangPreso\Runtime\Visual\MatchFlair.cs(219,42): warning CS0618: 'Object.FindObjectsByType<T>(FindObjectsSortMode)' is obsolete: 'FindObjectsByType with FindObjectsSortMode parameter has been deprecated. Use FindObjectsByType<T>() or FindObjectsByType<T>(FindObjectsInactive) instead. InstanceID will be replaced in the future with EntityId and previous sort order cannot be maintained.'
Assets\TumbangPreso\Runtime\Net\MatchRpc.cs(6443,13): warning CS0618: 'Object.FindFirstObjectByType<T>()' is obsolete: 'FindFirstObjectByType has been deprecated because it relies on instance ID ordering. Use FindAnyObjectByType instead, which does not depend on ordering.'
Assets\TumbangPreso\Runtime\Net\MatchRpc.cs(6444,13): warning CS0618: 'Object.FindFirstObjectByType<T>()' is obsolete: 'FindFirstObjectByType has been deprecated because it relies on instance ID ordering. Use FindAnyObjectByType instead, which does not depend on ordering.'
Assets\TumbangPreso\Runtime\Net\MatchRpc.cs(6500,17): warning CS0618: 'Object.FindFirstObjectByType<T>()' is obsolete: 'FindFirstObjectByType has been deprecated because it relies on instance ID ordering. Use FindAnyObjectByType instead, which does not depend on ordering.'
Assets\TumbangPreso\Runtime\Net\MatchRpc.cs(6538,13): warning CS0618: 'Object.FindFirstObjectByType<T>()' is obsolete: 'FindFirstObjectByType has been deprecated because it relies on instance ID ordering. Use FindAnyObjectByType instead, which does not depend on ordering.'
Assets\TumbangPreso\Runtime\Net\MatchRpc.cs(6566,13): warning CS0618: 'Object.FindFirstObjectByType<T>()' is obsolete: 'FindFirstObjectByType has been deprecated because it relies on instance ID ordering. Use FindAnyObjectByType instead, which does not depend on ordering.'
Assets\TumbangPreso\Runtime\Net\MatchRpc.cs(6604,13): warning CS0618: 'Object.FindFirstObjectByType<T>()' is obsolete: 'FindFirstObjectByType has been deprecated because it relies on instance ID ordering. Use FindAnyObjectByType instead, which does not depend on ordering.'
Assets\TumbangPreso\Runtime\Net\MatchRpc.cs(6742,25): warning CS0618: 'Object.FindFirstObjectByType<T>()' is obsolete: 'FindFirstObjectByType has been deprecated because it relies on instance ID ordering. Use FindAnyObjectByType instead, which does not depend on ordering.'
Assets\TumbangPreso\Runtime\Net\MatchRpc.cs(6748,13): warning CS0618: 'Object.FindFirstObjectByType<T>()' is obsolete: 'FindFirstObjectByType has been deprecated because it relies on instance ID ordering. Use FindAnyObjectByType instead, which does not depend on ordering.'
Assets\TumbangPreso\Runtime\Net\MatchRpc.cs(6760,60): warning CS0618: 'Object.FindFirstObjectByType<T>()' is obsolete: 'FindFirstObjectByType has been deprecated because it relies on instance ID ordering. Use FindAnyObjectByType instead, which does not depend on ordering.'
Assets\TumbangPreso\Runtime\Net\MatchRpc.cs(6769,13): warning CS0618: 'Object.FindFirstObjectByType<T>()' is obsolete: 'FindFirstObjectByType has been deprecated because it relies on instance ID ordering. Use FindAnyObjectByType instead, which does not depend on ordering.'
Assets\TumbangPreso\Runtime\UI\Hub\HubLoading.cs(198,88): warning CS0618: 'FindObjectsSortMode' is obsolete: 'FindObjectsSortMode has been deprecated. Use the FindObjectsByType overloads that do not take a FindObjectsSortMode parameter.'
Assets\TumbangPreso\Runtime\UI\Hub\HubLoading.cs(198,47): warning CS0618: 'Object.FindObjectsByType<T>(FindObjectsSortMode)' is obsolete: 'FindObjectsByType with FindObjectsSortMode parameter has been deprecated. Use FindObjectsByType<T>() or FindObjectsByType<T>(FindObjectsInactive) instead. InstanceID will be replaced in the future with EntityId and previous sort order cannot be maintained.'
Assets\TumbangPreso\Runtime\Net\MatchRpc.cs(6914,29): warning CS0618: 'Object.FindFirstObjectByType<T>()' is obsolete: 'FindFirstObjectByType has been deprecated because it relies on instance ID ordering. Use FindAnyObjectByType instead, which does not depend on ordering.'
Assets\TumbangPreso\Runtime\Net\MatchRpc.cs(6919,36): warning CS0618: 'Object.FindFirstObjectByType<T>()' is obsolete: 'FindFirstObjectByType has been deprecated because it relies on instance ID ordering. Use FindAnyObjectByType instead, which does not depend on ordering.'
Assets\TumbangPreso\Runtime\Net\MatchRpc.cs(6928,27): warning CS0618: 'Object.FindFirstObjectByType<T>()' is obsolete: 'FindFirstObjectByType has been deprecated because it relies on instance ID ordering. Use FindAnyObjectByType instead, which does not depend on ordering.'
Assets\TumbangPreso\Runtime\Net\MatchRpc.cs(6935,25): warning CS0618: 'Object.FindFirstObjectByType<T>()' is obsolete: 'FindFirstObjectByType has been deprecated because it relies on instance ID ordering. Use FindAnyObjectByType instead, which does not depend on ordering.'
Assets\TumbangPreso\Runtime\Net\MatchRpc.cs(6938,64): warning CS0618: 'FindObjectsSortMode' is obsolete: 'FindObjectsSortMode has been deprecated. Use the FindObjectsByType overloads that do not take a FindObjectsSortMode parameter.'
Assets\TumbangPreso\Runtime\Net\MatchRpc.cs(6938,37): warning CS0618: 'Object.FindObjectsByType<T>(FindObjectsSortMode)' is obsolete: 'FindObjectsByType with FindObjectsSortMode parameter has been deprecated. Use FindObjectsByType<T>() or FindObjectsByType<T>(FindObjectsInactive) instead. InstanceID will be replaced in the future with EntityId and previous sort order cannot be maintained.'
Assets\TumbangPreso\Runtime\Abilities\ZackHeroKit.cs(38,42): warning CS0414: The field 'ZackHeroKit._joinThunderSettled' is assigned but its value is never used
Assets\TumbangPreso\Runtime\UI\Hud.cs(175,24): warning CS0414: The field 'Hud._stunShown' is assigned but its value is never used
Assets\TumbangPreso\Runtime\AIController.cs(59,41): warning CS0414: The field 'AIController._tier' is assigned but its value is never used
Assets\TumbangPreso\Runtime\UI\ArrowButtonView.cs(54,32): warning CS0414: The field 'ArrowButtonView._held' is assigned but its value is never used
Assets\TumbangPreso\Runtime\CharacterMotor.cs(1841,23): warning CS0414: The field 'CharacterMotor._lastStunMashTime' is assigned but its value is never used
Assets\TumbangPreso\Runtime\UI\TumpPowerReadout.OwnerDeck.cs(29,29): warning CS0414: The field 'TumpPowerReadout._referenceOpened' is assigned but its value is never used
Assets\TumbangPreso\Runtime\AIController.cs(149,28): warning UAC1001: Field 'SeatDifficulty' type 'TumbangPreso.Core.Difficulty?' is skipped by serialization (missing the [Serializable] attribute). Refer to the Serialization rules analyzer reference. (https://docs.unity3d.com/6000.5/Documentation/Manual/script-serialization-analyzer.html#uac1001)
Assets\TumbangPreso\Runtime\Abilities\HeroHazards.cs(2678,32): warning UAC1001: Field 'OwnerCast' type 'TumbangPreso.Abilities.HeroAbility' is skipped by serialization (missing the [Serializable] attribute). Refer to the Serialization rules analyzer reference. (https://docs.unity3d.com/6000.5/Documentation/Manual/script-serialization-analyzer.html#uac1001)
Assets\TumbangPreso\Runtime\UI\Hub\HubSeatSwapPopup.cs(8,39): warning UAC1001: Field 'Offer' type 'TumbangPreso.Net.LobbySeatSwapOffer' is skipped by serialization (missing the [Serializable] attribute). Refer to the Serialization rules analyzer reference. (https://docs.unity3d.com/6000.5/Documentation/Manual/script-serialization-analyzer.html#uac1001)
Assets\TumbangPreso\Runtime\UI\SlipperRecallMark.cs(46,23): warning UAC1001: Field 'Bearing' type 'float?' is skipped by serialization (missing the [Serializable] attribute). Refer to the Serialization rules analyzer reference. (https://docs.unity3d.com/6000.5/Documentation/Manual/script-serialization-analyzer.html#uac1001)
AssetDatabase: script compilation time: 20.563612s
Begin MonoManager ReloadAssembly
'Assets/TumbangPreso/Runtime/GuidedTraining.cs' contains partial class of Unity.Object, exactly 1 of the partial classes needs to be in a file with the same filename. This is to know the one that can be referenced from ie. GameObjects
'Assets/TumbangPreso/Runtime/UI/GuidedTrainingHud.OwnerPainted.cs' contains partial class of Unity.Object, exactly 1 of the partial classes needs to be in a file with the same filename. This is to know the one that can be referenced from ie. GameObjects
Refreshing native plugins compatible for Editor in 5.96 ms, found 0 plugins.
Native extension for LinuxStandalone target not found
Native extension for WindowsStandalone target not found
Native extension for WebGL target not found
Refreshing native plugins compatible for Editor in 2.76 ms, found 0 plugins.
Start HTTP server: port:7800
ScheduleIndexationOnStartup MainProcess:True IndexOnStartup:True
Mono: successfully reloaded assembly
- Finished resetting the current domain, in  5.022 seconds
Domain Reload Profiling: 7250ms
	BeginReloadAssembly (717ms)
		DisableScriptedObjects (87ms)
		CreateAndSetChildDomain (194ms)
	RebuildCommonClasses (15ms)
	RebuildNativeTypeToScriptingClass (29ms)
	initialDomainReloadingComplete (137ms)
	LoadAllAssembliesAndSetupDomain (1327ms)
		LoadAssemblies (797ms)
		AnalyzeDomain (570ms)
			TypeCache.Refresh (408ms)
				TypeCache.ScanAssembly (384ms)
			BuildScriptInfoCaches (146ms)
			ResolveRequiredComponents (13ms)
	FinalizeReload (5024ms)
		SetupLoadedEditorAssemblies (0ms)
			InitializePlatformSupportModulesInManaged (18ms)
			BeforeProcessingInitializeOnLoad (170ms)
			ProcessInitializeOnLoadAttributes (3994ms)
			ProcessInitializeOnLoadMethodAttributes (456ms)
			AfterProcessingInitializeOnLoad (12ms)
		AwakeInstancesAfterBackupRestoration (41ms)
Importing 'GUID: 00b650fa7b1745819d20afdab97b834a - Path: Assets/TumbangPreso/Resources/UI/input/xelu/light/Mouse_Middle_Key_Light.png' with importer (TextureImporter)
Imported 'GUID: 00b650fa7b1745819d20afdab97b834a' -> (Import Result ID: 'a9535289dceb1dea34adac5e41080a70') in 0.076 seconds [static and dynamic dependencies]. Details - ImportResultOutputID=698adff1cc6796b530357971e59b13b3 DependenciesID=85b8f9fc805a678cb0c5972f2ca73daa StaticDependenciesID=752b28aff411ce4b0acc767753f473ff 
Importing 'GUID: 004e222de4f14fa5a283d8757acab8e0 - Path: Assets/TumbangPreso/Resources/UI/input/xelu/dark/3_Key_Dark.png' with importer (TextureImporter)
Imported 'GUID: 004e222de4f14fa5a283d8757acab8e0' -> (Import Result ID: '3fe210fd38ac149a4159cbad5e2e1832') in 0.018 seconds [static and dynamic dependencies]. Details - ImportResultOutputID=f6e7b3c9d33278ebc0feeed87a5f9329 DependenciesID=d527b74853c3889fca07b3e2dccb9c81 StaticDependenciesID=31e1e26d092051080f03e181f3379740 
Importing 'GUID: 5050cf019bd14d65a3fd31c283ed3a51 - Path: Assets/TumbangPreso/Resources/UI/input/xelu/dark/F11_Key_Dark.png' with importer (TextureImporter)
Imported 'GUID: 5050cf019bd14d65a3fd31c283ed3a51' -> (Import Result ID: 'bf43bbd47916b171237ee1b461e1fb4c') in 0.013 seconds [static and dynamic dependencies]. Details - ImportResultOutputID=e99dc9b305e97c4bf3f548f8a07518e9 DependenciesID=7692c73708c4cbd8b686cbb550ca01b8 StaticDependenciesID=9c3d42c4c5debf9553066e8d76b6cbeb 
Importing 'GUID: 5079c7fda0064696b4e5d0c868c0780a - Path: Assets/TumbangPreso/Resources/UI/input/xelu/dark/Bracket_Left_Key_Dark.png' with importer (TextureImporter)
Imported 'GUID: 5079c7fda0064696b4e5d0c868c0780a' -> (Import Result ID: 'e4d9158b3d957840b60dac0b89da6352') in 0.012 seconds [static and dynamic dependencies]. Details - ImportResultOutputID=51a216c671684acf29483ef557f450f7 DependenciesID=5d11c7b915893e91a2d5938b3acda9cc StaticDependenciesID=51f8f6cb6e3f23ffe16011690cb13f91 
Importing 'GUID: 60c2ea273d354c7ca2ffdd21573d6933 - Path: Assets/TumbangPreso/Resources/UI/input/xelu/light/B_Key_Light.png' with importer (TextureImporter)
Imported 'GUID: 60c2ea273d354c7ca2ffdd21573d6933' -> (Import Result ID: 'a4d2563e17cf3de69221167e317309a3') in 0.013 seconds [static and dynamic dependencies]. Details - ImportResultOutputID=9ebd43547e9d1160fe8a5310d1e8e114 DependenciesID=ed61fd665d6222a90a02e71604344599 StaticDependenciesID=deb9e2e4495a61c70e695226d4e445b8 
Importing 'GUID: 60ce4a787b544244a811bc65b0f74ee1 - Path: Assets/TumbangPreso/Resources/UI/input/xelu/light/C_Key_Light.png' with importer (TextureImporter)
Imported 'GUID: 60ce4a787b544244a811bc65b0f74ee1' -> (Import Result ID: '665729fbadefce45d4589cd7f8622602') in 0.012 seconds [static and dynamic dependencies]. Details - ImportResultOutputID=72203a8f0287cfc347f917495c2618e9 DependenciesID=21473cc69a6e5f7c3b1864697c5dd644 StaticDependenciesID=8b407cf471fc89b09a49b548750b7ce0 
Importing 'GUID: 701fbcf0908748508260b6445f65894e - Path: Assets/TumbangPreso/Resources/UI/input/xelu/dark/Quote_Key_Dark.png' with importer (TextureImporter)
Imported 'GUID: 701fbcf0908748508260b6445f65894e' -> (Import Result ID: 'd8584e48a42120f9ead70845c59ad4ac') in 0.011 seconds [static and dynamic dependencies]. Details - ImportResultOutputID=b04e5cb9680eb629be8e222fadea2793 DependenciesID=8bce15a8300aba3dfafec4f15da31870 StaticDependenciesID=2e6059537855e3632d9f03285696c07a 
Importing 'GUID: 805bae5b684d48b1a9bb6d44f2c97eaa - Path: Assets/TumbangPreso/Resources/UI/map-cards/Eskinita.png' with importer (TextureImporter)
Imported 'GUID: 805bae5b684d48b1a9bb6d44f2c97eaa' -> (Import Result ID: '7198b46b1abe776d064c9171d92086b0') in 0.043 seconds [static and dynamic dependencies]. Details - ImportResultOutputID=30871789d3e7b7dbde34ee5eebfc34ee DependenciesID=dc85d362ac096559a928cf731bb259cd StaticDependenciesID=489371e2995207e05a1a8d0861d39deb 
Importing 'GUID: 90f91963a7814803a977cf2717fe66da - Path: Assets/TumbangPreso/Resources/UI/input/xelu/light/Page_Up_Key_Light.png' with importer (TextureImporter)
Imported 'GUID: 90f91963a7814803a977cf2717fe66da' -> (Import Result ID: '07e2f812c8b7483244fa2da76ce0332b') in 0.013 seconds [static and dynamic dependencies]. Details - ImportResultOutputID=3e27f13f87537fe4d6854aa4b0757bbb DependenciesID=dc70a6487270f30bdad400e7bcb005c7 StaticDependenciesID=f003134243a6486b80e071634a6ccb8d 
Importing 'GUID: b0bd55fe245a4674b7670546635aec73 - Path: Assets/TumbangPreso/Resources/UI/input/xelu/dark/Space_Key_Dark.png' with importer (TextureImporter)
Imported 'GUID: b0bd55fe245a4674b7670546635aec73' -> (Import Result ID: 'a21612b5b5bcd71bde7439eaf4a34f6e') in 0.011 seconds [static and dynamic dependencies]. Details - ImportResultOutputID=3c87dd8587364dd2c099be3fd02e91f8 DependenciesID=ef113734a006a77375c2ae54b8cf72db StaticDependenciesID=e5b425d3bc727b7d1bc03305a308dccb 
Importing 'GUID: d0e22f5bc5634c49b85ac2760005418d - Path: Assets/TumbangPreso/Resources/UI/input/xelu/light/Caps_Lock_Key_Light.png' with importer (TextureImporter)
Imported 'GUID: d0e22f5bc5634c49b85ac2760005418d' -> (Import Result ID: '79f38eda717d2d8a935c8d4ff1b6e1ef') in 0.012 seconds [static and dynamic dependencies]. Details - ImportResultOutputID=c3a5e70ec81e5af7f03dbe480cca9159 DependenciesID=9539ce4acd879340255194ea6b2d8d78 StaticDependenciesID=f4b08163693eb690493d42940fa5e51f 
Importing 'GUID: d0fa91c1d3a540e4a782ce561c59dae4 - Path: Assets/TumbangPreso/Resources/UI/mode-cards/ClassicChoice.png' with importer (TextureImporter)
Imported 'GUID: d0fa91c1d3a540e4a782ce561c59dae4' -> (Import Result ID: 'd5168be27ec06952c6aaadfa8f4296f0') in 0.046 seconds [static and dynamic dependencies]. Details - ImportResultOutputID=31b464001dcb5ab72ba878c060de3a06 DependenciesID=d13b8f3fb3986175d894366e48c22f84 StaticDependenciesID=a6c084af6b197def9781c073268a3110 
Importing 'GUID: 01276aa687304034b8bb3e9c90ba6efa - Path: Assets/TumbangPreso/Resources/UI/input/xelu/ps/PS5_Dpad_Left.png' with importer (TextureImporter)
Imported 'GUID: 01276aa687304034b8bb3e9c90ba6efa' -> (Import Result ID: 'a5a5092c3cee65fc6a3226c88246db41') in 0.011 seconds [static and dynamic dependencies]. Details - ImportResultOutputID=d7ef38a1ea6b0d2d48a928d6953d2aad DependenciesID=637bc8385598b95c9fa4191379a5c509 StaticDependenciesID=8c8ade1a12cadefbb80dcff4019c50ba 
Importing 'GUID: 5164e7e6fdaf464889e180dbc77ddae8 - Path: Assets/TumbangPreso/Resources/UI/input/xelu/xbox/XboxSeriesX_Dpad_Right.png' with importer (TextureImporter)
Imported 'GUID: 5164e7e6fdaf464889e180dbc77ddae8' -> (Import Result ID: '42eab277a4573bd057cdd80f8e026de1') in 0.012 seconds [static and dynamic dependencies]. Details - ImportResultOutputID=00ccf9bee288a562ddbdb04fc7553c32 DependenciesID=3ff04b5e611c092dc77d7dbed5977911 StaticDependenciesID=190253114af0289abf80e50ea7f94fa0 
Importing 'GUID: 51c9ca19798849e5a6d8d9a0f89f80ed - Path: Assets/TumbangPreso/Resources/UI/input/xelu/light/Mouse_Simple_Key_Light.png' with importer (TextureImporter)
Imported 'GUID: 51c9ca19798849e5a6d8d9a0f89f80ed' -> (Import Result ID: '84db4b2ac0409efea49ed73e2293cd2b') in 0.015 seconds [static and dynamic dependencies]. Details - ImportResultOutputID=d3b02a5de8c814ca93b6b2ea1e7a02df DependenciesID=8a7b46ab445960792016c49fecaca808 StaticDependenciesID=1eb318cf8f0afddfcaa137335a2eeb46 
Importing 'GUID: 71379fb5780d41c18b1c56dd89621ad1 - Path: Assets/TumbangPreso/Resources/UI/input/xelu/dark/G_Key_Dark.png' with importer (TextureImporter)
Imported 'GUID: 71379fb5780d41c18b1c56dd89621ad1' -> (Import Result ID: 'db2ec200e275d6a37009e85758f278fa') in 0.012 seconds [static and dynamic dependencies]. Details - ImportResultOutputID=e20498d3c6fb3e89098ff0f841e5b1b8 DependenciesID=2044f137ec376d2375e6b336cb03c558 StaticDependenciesID=9eb9e6ef4e69291ed4b6d8e2fea99aed 
Importing 'GUID: 81668f96b359484fb727f90122791755 - Path: Assets/TumbangPreso/Resources/UI/input/xelu/light/Page_Down_Key_Light.png' with importer (TextureImporter)
Imported 'GUID: 81668f96b359484fb727f90122791755' -> (Import Result ID: 'c518f5bb25b6246069f01c378a65df5f') in 0.012 seconds [static and dynamic dependencies]. Details - ImportResultOutputID=a1221e3cf5302da0679e7447e2b6b6be DependenciesID=cd4bfb0c048d35aa7bb0bc5d94c67c58 StaticDependenciesID=d7bce28f50519ec55455d1a226019a0d 
Importing 'GUID: c1d4d475b44e480f87360dca07b4f2cf - Path: Assets/TumbangPreso/Resources/UI/input/xelu/light/Plus_Key_Light.png' with importer (TextureImporter)
Imported 'GUID: c1d4d475b44e480f87360dca07b4f2cf' -> (Import Result ID: 'b99b58bca799a9260050f07280797979') in 0.012 seconds [static and dynamic dependencies]. Details - ImportResultOutputID=01061dc96fa0968d78d05b463a5c13ef DependenciesID=8020533dd7f8f2f297a8020b2edc33c3 StaticDependenciesID=293e814531c1ba108f2988a510be3c3e 
Importing 'GUID: c14531f9cde14dc894e1bd4d98daeb86 - Path: Assets/TumbangPreso/Resources/UI/mode-cards/PracticeCard.png' with importer (TextureImporter)
Imported 'GUID: c14531f9cde14dc894e1bd4d98daeb86' -> (Import Result ID: '9f20c48ee49465a5b16711b34c0fbd6e') in 0.024 seconds [static and dynamic dependencies]. Details - ImportResultOutputID=0ab8cb30039a6c72e4ab1c8acc32b335 DependenciesID=65fd2c34e3c050f2deadd123797791ac StaticDependenciesID=f75c1652f007d6f58d3a9a8965561ac9 
Importing 'GUID: d1077d7460dd4aa7848445e82c7f5347 - Path: Assets/TumbangPreso/Resources/UI/input/xelu/light/Z_Key_Light.png' with importer (TextureImporter)
Imported 'GUID: d1077d7460dd4aa7848445e82c7f5347' -> (Import Result ID: '74f8f907e8e2b8980eff18cd38b004c8') in 0.014 seconds [static and dynamic dependencies]. Details - ImportResultOutputID=fb129247fe5bb906632f0376978ca72f DependenciesID=ba1bf3719d581f393baa24842c58e9c5 StaticDependenciesID=283e8519d4fb8b964cb8b7c19306c2d0 
Importing 'GUID: d18fbfedb264423eaea5ae8148076723 - Path: Assets/TumbangPreso/Resources/UI/input/xelu/light/5_Key_Light.png' with importer (TextureImporter)
Imported 'GUID: d18fbfedb264423eaea5ae8148076723' -> (Import Result ID: '7883c93f04d190afe04b216bb90004d8') in 0.015 seconds [static and dynamic dependencies]. Details - ImportResultOutputID=2cc933983e24f3c0497a9734223a074f DependenciesID=afb7dda3c33e37a842336f86019834c4 StaticDependenciesID=8caee6aa71a947ea50be4310ab9c4321 
Importing 'GUID: e156c0979a6b4990aaa040dbf2a5c270 - Path: Assets/TumbangPreso/Resources/UI/input/xelu/dark/N_Key_Dark.png' with importer (TextureImporter)
Imported 'GUID: e156c0979a6b4990aaa040dbf2a5c270' -> (Import Result ID: 'ae191e81a7e195d1dfa18cd513568b11') in 0.012 seconds [static and dynamic dependencies]. Details - ImportResultOutputID=8b0e981eef6622fcd6ebb702fed40cbe DependenciesID=e65c630d988d3dc5345409564bb59b47 StaticDependenciesID=6c8a85f82d0dbd46812c22c411695c16 
Importing 'GUID: e1d7231a1a3b41eeb0d9b6c8e90cdc61 - Path: Assets/TumbangPreso/Resources/UI/input/xelu/dark/T_Key_Dark.png' with importer (TextureImporter)
Imported 'GUID: e1d7231a1a3b41eeb0d9b6c8e90cdc61' -> (Import Result ID: '5166f0ff4eb895bb0aeaedd469c999ff') in 0.011 seconds [static and dynamic dependencies]. Details - ImportResultOutputID=b51dadb21b4b6ea0d2117895683d9be4 DependenciesID=c5ca10209fa75e1af2a4b8b2a687a8df StaticDependenciesID=a160ef7fe80cdcdfd6a2944ac5f103b6 
Importing 'GUID: 0210aa2fa6f9474aaa2b4dc4d6d1b071 - Path: Assets/TumbangPreso/Resources/UI/input/xelu/dark/Enter_Key_Dark.png' with importer (TextureImporter)
Imported 'GUID: 0210aa2fa6f9474aaa2b4dc4d6d1b071' -> (Import Result ID: '81f8a35864205065b22079c7ba39f7f1') in 0.012 seconds [static and dynamic dependencies]. Details - ImportResultOutputID=7a1eb0506faf44b62deec547c2b3b7a3 DependenciesID=ed5ae3ffc10ffbd7db8ac9a338ea1dc7 StaticDependenciesID=c5834f7464f16edabf17f1905bbc4de3 
Importing 'GUID: 024ee30c3f6e481ba33da50dea029c9d - Path: Assets/TumbangPreso/Resources/UI/input/xelu/light/F3_Key_Light.png' with importer (TextureImporter)
Imported 'GUID: 024ee30c3f6e481ba33da50dea029c9d' -> (Import Result ID: '64b83f63c8de417d1d2d8052978a92e6') in 0.015 seconds [static and dynamic dependencies]. Details - ImportResultOutputID=ea43c740bc94f6243dfb20b0c75c59bb DependenciesID=ba559e3dcedb50f10afad8a6d0e34dde StaticDependenciesID=519ea48b3661a93d6585fc02ffb02517 
Importing 'GUID: 121c9824a0954e508d75c04fc7b6b449 - Path: Assets/TumbangPreso/Resources/UI/input/xelu/light/O_Key_Light.png' with importer (TextureImporter)
Imported 'GUID: 121c9824a0954e508d75c04fc7b6b449' -> (Import Result ID: '3679519708ec2975d009a9338a3c6f1a') in 0.013 seconds [static and dynamic dependencies]. Details - ImportResultOutputID=8fa09c6c8e0e0a692e79a90c39629e17 DependenciesID=5ca1a5f20bafb3f352cab68a2574dcfc StaticDependenciesID=8cffa7b689d265f44fe662aeb43d027d 
Importing 'GUID: 12aeae625e5542dfb52aebea75f14167 - Path: Assets/TumbangPreso/Resources/UI/input/xelu/light/7_Key_Light.png' with importer (TextureImporter)
Imported 'GUID: 12aeae625e5542dfb52aebea75f14167' -> (Import Result ID: '15da8311429808aee66a4cb602064b40') in 0.014 seconds [static and dynamic dependencies]. Details - ImportResultOutputID=af55bbcaf0cb7c4692bf75f68b4cf088 DependenciesID=f55d7d541dff5314e4dc17221b1df644 StaticDependenciesID=6c1aff9a3f1f62bfd9d9d518a0e170fb 
Importing 'GUID: 3209666edc7f44bbb85e233a47c90332 - Path: Assets/TumbangPreso/Resources/UI/input/xelu/xbox/XboxSeriesX_Dpad_Down.png' with importer (TextureImporter)
Imported 'GUID: 3209666edc7f44bbb85e233a47c90332' -> (Import Result ID: '14f8bb77b7af09174238041bff18b5b1') in 0.012 seconds [static and dynamic dependencies]. Details - ImportResultOutputID=6c9e0213888fe07d113a4b08c3ee7038 DependenciesID=1a38f78f997a8022f0b59caf27ae26ae StaticDependenciesID=5ac206d769f3488aefd4a8210bc1731b 
Importing 'GUID: 320f076ab5524d169b3897b9009cca07 - Path: Assets/TumbangPreso/Resources/UI/mode-cards/ClassicCard.png' with importer (TextureImporter)
Imported 'GUID: 320f076ab5524d169b3897b9009cca07' -> (Import Result ID: 'e3d8b53e3ae043ecfdc32fc9cba62870') in 0.047 seconds [static and dynamic dependencies]. Details - ImportResultOutputID=0c121bc690b5f8a16be8b85709383bfa DependenciesID=5fe1617184f977e6d83faed8b09949e9 StaticDependenciesID=d9446b82be0561bdfbdf3d390be99ccc 
Importing 'GUID: 5231a97a76f048d18c2c3b738e0f74bf - Path: Assets/TumbangPreso/Resources/UI/input/xelu/dark/Mouse_Right_Key_Dark.png' with importer (TextureImporter)
Imported 'GUID: 5231a97a76f048d18c2c3b738e0f74bf' -> (Import Result ID: 'fdcef269402cbcb1d92aba14b8c05735') in 0.012 seconds [static and dynamic dependencies]. Details - ImportResultOutputID=b8dbca8b34542da9bfaf8078fd7ad75e DependenciesID=ad75b9cf179bc4d58c3ef17c24e96841 StaticDependenciesID=b32ebb5946d4b24810665efa2744e1bb 
Importing 'GUID: 52846328a57f43ca8bca281892771565 - Path: Assets/TumbangPreso/Resources/UI/input/xelu/light/W_Key_Light.png' with importer (TextureImporter)
Imported 'GUID: 52846328a57f43ca8bca281892771565' -> (Import Result ID: 'aedb06dfd4d1ac9b8ca21327ea0c2ba9') in 0.011 seconds [static and dynamic dependencies]. Details - ImportResultOutputID=75dcbae2b855fecd7db7b5a458ebe1a3 DependenciesID=aef4fc194b94aef970534f4fdc778845 StaticDependenciesID=a392d26d4517b5925b00d1929b2a847a 
Importing 'GUID: 720dca9be93d42988741b3ac0fea32f3 - Path: Assets/TumbangPreso/Resources/UI/input/xelu/dark/C_Key_Dark.png' with importer (TextureImporter)
Imported 'GUID: 720dca9be93d42988741b3ac0fea32f3' -> (Import Result ID: 'c9bfaec0f20a89bf1dfb5df9be961198') in 0.005 seconds [static and dynamic dependencies]. Details - ImportResultOutputID=6453170870360547f73debcc4725fbdb DependenciesID=df0cb43990290090dda0e69fbb3f27f0 StaticDependenciesID=1e794e4a76f27449cd02fc23d49045f7 
Importing 'GUID: 9286c2e4e83b4367bee6a088b7658c06 - Path: Assets/TumbangPreso/Resources/UI/input/xelu/light/F10_Key_Light.png' with importer (TextureImporter)
Imported 'GUID: 9286c2e4e83b4367bee6a088b7658c06' -> (Import Result ID: 'd113add7056c39805a41af9818c205d5') in 0.011 seconds [static and dynamic dependencies]. Details - ImportResultOutputID=1eeb762271bcbd2e4f7cb2c02af464d8 DependenciesID=a714fc5190beafe27b6a30dd6b839d2b StaticDependenciesID=700d4788da602c519d0e6b95e4c9e1b7 
Importing 'GUID: 92fc8e08597a40269943073afc55c264 - Path: Assets/TumbangPreso/Resources/UI/input/xelu/light/Arrow_Down_Key_Light.png' with importer (TextureImporter)
Imported 'GUID: 92fc8e08597a40269943073afc55c264' -> (Import Result ID: '0f180d3c218665da1b652ef0c9b86113') in 0.005 seconds [static and dynamic dependencies]. Details - ImportResultOutputID=3b9097be32aff19a39d348776ac37994 DependenciesID=4ad7a63f26d6872f08c16670563f2a29 StaticDependenciesID=98a34fd983eea623414104bbeb076d54 
Importing 'GUID: a2b63f6f66cb4be68b94989c10cda5d2 - Path: Assets/TumbangPreso/Resources/UI/input/xelu/dark/J_Key_Dark.png' with importer (TextureImporter)
Imported 'GUID: a2b63f6f66cb4be68b94989c10cda5d2' -> (Import Result ID: '78f507d8ab9824370c2f9d4133b3dab1') in 0.010 seconds [static and dynamic dependencies]. Details - ImportResultOutputID=aad82d93e585d276c08fda738c9a2895 DependenciesID=72e2e7e59d5f2fa330e2f6e7a3fa16d0 StaticDependenciesID=cdbd8877d478b38e2b3af2a2b298e84f 
Importing 'GUID: a2caad759d0f4cb78f9dd380d8621257 - Path: Assets/TumbangPreso/Resources/UI/input/xelu/ps/PS5_Right_Stick.png' with importer (TextureImporter)
Imported 'GUID: a2caad759d0f4cb78f9dd380d8621257' -> (Import Result ID: 'd35e574e9dc226c495fb59d17e01b1e7') in 0.010 seconds [static and dynamic dependencies]. Details - ImportResultOutputID=ec3da9b99b80e46fa12dd90fe449a2b0 DependenciesID=ec970d6071e83ad0d85665997646cc1d StaticDependenciesID=c7689c4df9e4b9d94b38bca00808e077 
Importing 'GUID: b2071a79f0e24c778ac7dbdd9e91d931 - Path: Assets/TumbangPreso/Resources/UI/input/xelu/dark/4_Key_Dark.png' with importer (TextureImporter)
Imported 'GUID: b2071a79f0e24c778ac7dbdd9e91d931' -> (Import Result ID: 'f0c63307d3453b935bf9f5c663d9b054') in 0.010 seconds [static and dynamic dependencies]. Details - ImportResultOutputID=0262e0ac73c4d049bb5b225ad6f7a832 DependenciesID=2e5910092df35a447a6b13f5e389a07e StaticDependenciesID=c774f49bb696e212c0aeb0e772cadbe8 
Importing 'GUID: c220d87093c24347b5b84762f26f631e - Path: Assets/TumbangPreso/Resources/UI/input/xelu/light/Num_Lock_Key_Light.png' with importer (TextureImporter)
Imported 'GUID: c220d87093c24347b5b84762f26f631e' -> (Import Result ID: '1984bbdeda5c5396714f5557e724ee37') in 0.010 seconds [static and dynamic dependencies]. Details - ImportResultOutputID=c54e381e1939981386e40960a5c43d1a DependenciesID=85f7a0a1293a29de58f8cd747c42483d StaticDependenciesID=4e4cb52576421625eef6f6e89d9e2357 
Importing 'GUID: c22d97a2ce234fca99e43eb0ea809bc9 - Path: Assets/TumbangPreso/Resources/UI/input/xelu/ps/PS5_Circle.png' with importer (TextureImporter)
Imported 'GUID: c22d97a2ce234fca99e43eb0ea809bc9' -> (Import Result ID: '6157f6c180fe5b2ecfaac6e6bd74dd13') in 0.011 seconds [static and dynamic dependencies]. Details - ImportResultOutputID=a99f8c7ec38d9f81082f42a14a4e841a DependenciesID=0148546d8e46927a72f41b7d6c111cca StaticDependenciesID=f30d82c50fd334a68e9760ce05a15249 
Importing 'GUID: e28494100f9b4288a32fc525cfef4522 - Path: Assets/TumbangPreso/Resources/UI/input/xelu/dark/W_Key_Dark.png' with importer (TextureImporter)
Imported 'GUID: e28494100f9b4288a32fc525cfef4522' -> (Import Result ID: 'e0ba23c5154d911532368d20ea0e3fe4') in 0.012 seconds [static and dynamic dependencies]. Details - ImportResultOutputID=d5ed994fdec84b1eb67d495b09e86b09 DependenciesID=4db71482f7c3f3f1f4099ffd82bcbef2 StaticDependenciesID=1a100525e0c81d798cc19ee9a489a071 
Importing 'GUID: e21f569b4edd411392d65a6dc5e634ab - Path: Assets/TumbangPreso/Resources/UI/input/xelu/light/P_Key_Light.png' with importer (TextureImporter)
Imported 'GUID: e21f569b4edd411392d65a6dc5e634ab' -> (Import Result ID: 'a471f512c27ab7de6cbef819b992bad0') in 0.011 seconds [static and dynamic dependencies]. Details - ImportResultOutputID=9f515425f09f94842435748fb4d13810 DependenciesID=b88a8ac6f6d2ad0da663cd5feef8f7ae StaticDependenciesID=58a56e92ad1b2202d361616b1211d0eb 
Importing 'GUID: f2608f7139db488289d95e9b9e5f5868 - Path: Assets/TumbangPreso/Resources/UI/input/xelu/dark/M_Key_Dark.png' with importer (TextureImporter)
Imported 'GUID: f2608f7139db488289d95e9b9e5f5868' -> (Import Result ID: '081db8943865de188925af29f763c76c') in 0.012 seconds [static and dynamic dependencies]. Details - ImportResultOutputID=73321eaeda7a0ffcb132414c66ab4805 DependenciesID=dcf83f354fd4b47b28b215518cbcda23 StaticDependenciesID=b0bcf520d289ab96721455410858ae0d 
Importing 'GUID: 234600c0b93d4ad38ffe8564cdd4793b - Path: Assets/TumbangPreso/Resources/UI/input/xelu/light/L_Key_Light.png' with importer (TextureImporter)
Imported 'GUID: 234600c0b93d4ad38ffe8564cdd4793b' -> (Import Result ID: '4229d93c1ea4793dc6b9a585cb744005') in 0.014 seconds [static and dynamic dependencies]. Details - ImportResultOutputID=c584a2387a14aba9a983bc176cb1e7fd DependenciesID=47bc45ae0fafce55c54ba1fc1eedf324 StaticDependenciesID=5a724863f79c5f6b5b26a13127692ece 
Importing 'GUID: 33246c5da8c549228f4c26c702c42353 - Path: Assets/TumbangPreso/Resources/UI/map-cards/BayanPlaza.png' with importer (TextureImporter)
Imported 'GUID: 33246c5da8c549228f4c26c702c42353' -> (Import Result ID: 'c5b85571d3de7348ec3fbad9924777e4') in 0.029 seconds [static and dynamic dependencies]. Details - ImportResultOutputID=1d744556f4542578d00f9b1830428a7d DependenciesID=c1b51f4f77b73e8a800cda9faa8282cd StaticDependenciesID=3987ca9d1cafc0f7e1717a388bae5545 
Importing 'GUID: 532e8e7d17e7459aaaa98f30bc1d0881 - Path: Assets/TumbangPreso/Resources/UI/input/xelu/ps/PS5_L1.png' with importer (TextureImporter)
Imported 'GUID: 532e8e7d17e7459aaaa98f30bc1d0881' -> (Import Result ID: 'f1065f7aec478ce8ef5b8373eae4dc67') in 0.005 seconds [static and dynamic dependencies]. Details - ImportResultOutputID=8b0ccc8d4e0a05f83b285db55b2200c4 DependenciesID=526c4149697310ced507d77a7cd9b660 StaticDependenciesID=6856c6b7608ecba5e509a74fdcbc3590 
Importing 'GUID: 73406dad08ff46e1ab38111db3d14b16 - Path: Assets/TumbangPreso/Resources/UI/input/xelu/ps/PS5_Square.png' with importer (TextureImporter)
Imported 'GUID: 73406dad08ff46e1ab38111db3d14b16' -> (Import Result ID: '623b7ba0087875fc837e07af95e108b8') in 0.012 seconds [static and dynamic dependencies]. Details - ImportResultOutputID=2ca79c02484dc6bb6ce54ff7b40f4503 DependenciesID=f5ca5f2c68dad9341b08ac822cc5aab7 StaticDependenciesID=2cca2596afc71634a479c5989aa174b9 
Importing 'GUID: 736c85be97fb464d90b75d54f3591814 - Path: Assets/TumbangPreso/Resources/UI/input/xelu/xbox/XboxSeriesX_X.png' with importer (TextureImporter)
Imported 'GUID: 736c85be97fb464d90b75d54f3591814' -> (Import Result ID: '2d32f356880af3e93c19bcbeab875dd5') in 0.014 seconds [static and dynamic dependencies]. Details - ImportResultOutputID=fc1d48b9ec0d1a095336049ec5476ffc DependenciesID=5cdec1e151aad252fa3176c23c17a6c2 StaticDependenciesID=b1e65960e4e800e77c77b09df9a8666a 
Importing 'GUID: 830da3db1db545a4a00bd947caa7026c - Path: Assets/TumbangPreso/Resources/UI/input/xelu/light/V_Key_Light.png' with importer (TextureImporter)
Imported 'GUID: 830da3db1db545a4a00bd947caa7026c' -> (Import Result ID: 'd59d98250616a270c4f75ef1175a07a5') in 0.005 seconds [static and dynamic dependencies]. Details - ImportResultOutputID=6bedd7928d8fa6b9a15903a47569782d DependenciesID=0d0be0afca10a00f36f8beace238e697 StaticDependenciesID=92121c22040cdcf671c7716b62d6555b 
Importing 'GUID: 93ec81221624468aaf27009388cb0533 - Path: Assets/TumbangPreso/Resources/UI/input/xelu/light/F4_Key_Light.png' with importer (TextureImporter)
Imported 'GUID: 93ec81221624468aaf27009388cb0533' -> (Import Result ID: '31d21455b65e604d5f0313e3a2b26b21') in 0.006 seconds [static and dynamic dependencies]. Details - ImportResultOutputID=5a3607668e7e931ac0ca51050291bf6d DependenciesID=d411d3d9657f9920e5fa4e339eac9ef3 StaticDependenciesID=8dd26a372bee971c7cf9d0d6703866f8 
Importing 'GUID: a3ea1b81e1d94179aaf2fdbb24c16874 - Path: Assets/TumbangPreso/Resources/UI/input/xelu/dark/1_Key_Dark.png' with importer (TextureImporter)
Imported 'GUID: a3ea1b81e1d94179aaf2fdbb24c16874' -> (Import Result ID: 'b2f568ff1f88d0c6868fb46c63a8b4f6') in 0.012 seconds [static and dynamic dependencies]. Details - ImportResultOutputID=ac4c7fb0d66fb6e28ee8caa8b24f9c30 DependenciesID=3c9e2208176b76c68ca15e06df073b2a StaticDependenciesID=2d97a9551b50fb713e27e8b147c91329 
Importing 'GUID: d36f58051fe742199cc910ff6a39080a - Path: Assets/TumbangPreso/Resources/UI/input/xelu/dark/U_Key_Dark.png' with importer (TextureImporter)
Imported 'GUID: d36f58051fe742199cc910ff6a39080a' -> (Import Result ID: '7e41257e8fc74f9d876b7de68ff78b49') in 0.013 seconds [static and dynamic dependencies]. Details - ImportResultOutputID=9d408961539ac0dd041501463b92ee82 DependenciesID=a366436664f8d9d1b1da5bcdecf6d9a6 StaticDependenciesID=5bfd8944d74ee3cf9632d41be5cbd1db 
Importing 'GUID: e3e7d484c76e444a8314b2373a620046 - Path: Assets/TumbangPreso/Resources/UI/input/xelu/dark/0_Key_Dark.png' with importer (TextureImporter)
Imported 'GUID: e3e7d484c76e444a8314b2373a620046' -> (Import Result ID: '2b524bad32ae1e06bf825171b96a7a05') in 0.014 seconds [static and dynamic dependencies]. Details - ImportResultOutputID=5c3fa493a1f58f5875b9864d2af9579a DependenciesID=39623418882dd531dd94c03c933adca6 StaticDependenciesID=dd2314d5e535098b574ff5964a4b859f 
Importing 'GUID: 049ef67aaaac454d898134046c1d44ff - Path: Assets/TumbangPreso/Resources/UI/input/xelu/ps/PS5_Cross.png' with importer (TextureImporter)
Imported 'GUID: 049ef67aaaac454d898134046c1d44ff' -> (Import Result ID: '87380e8f16e901a0ad22191a5e818735') in 0.011 seconds [static and dynamic dependencies]. Details - ImportResultOutputID=de0cdd79a00cbb2d03a6770f373fcc16 DependenciesID=224ce72c5b49d2d8b1a8d09614195ed7 StaticDependenciesID=a9a666a23b320371e71eeaec0e1116fe 
Importing 'GUID: 44fe9af1a6d045a6bcb7a72231820a53 - Path: Assets/TumbangPreso/Resources/UI/input/xelu/dark/8_Key_Dark.png' with importer (TextureImporter)
Imported 'GUID: 44fe9af1a6d045a6bcb7a72231820a53' -> (Import Result ID: 'b76104ccd05de855247e2b7744d0490f') in 0.012 seconds [static and dynamic dependencies]. Details - ImportResultOutputID=e9a0231f387744f256a1356667ece8d4 DependenciesID=092b13d49eb8436a8d9a97bc5e4c415c StaticDependenciesID=a10b7c058f841b4a363b8f273d9512dc 
Importing 'GUID: 54471a57e7f143b68f3af37f430d1424 - Path: Assets/TumbangPreso/Resources/UI/input/xelu/dark/Semicolon_Key_Dark.png' with importer (TextureImporter)
Imported 'GUID: 54471a57e7f143b68f3af37f430d1424' -> (Import Result ID: '98f3faba65a74459c43f096041f00870') in 0.011 seconds [static and dynamic dependencies]. Details - ImportResultOutputID=eb5f40fe563ba33f9d6512a292731e43 DependenciesID=d2729abb7812965674d0097a3c679415 StaticDependenciesID=3777aa208525d472abba36a26604d8de 
Importing 'GUID: 54fdaf16812f4f7f993fba98638193c5 - Path: Assets/TumbangPreso/Resources/UI/input/xelu/dark/R_Key_Dark.png' with importer (TextureImporter)
Imported 'GUID: 54fdaf16812f4f7f993fba98638193c5' -> (Import Result ID: '0c1d9926f2e94fb9af5686a9efc9774d') in 0.014 seconds [static and dynamic dependencies]. Details - ImportResultOutputID=a9c19a316c508225c7ba6baacb38f9a5 DependenciesID=6a76b86c2c21ff79bf3f45a6ab5f5624 StaticDependenciesID=d2c6bf23d5e73940ef5eda39c99a527a 
Importing 'GUID: 6446c3d1908842bfb8ee6d92c93524fa - Path: Assets/TumbangPreso/Resources/UI/input/xelu/ps/PS5_R2.png' with importer (TextureImporter)
Imported 'GUID: 6446c3d1908842bfb8ee6d92c93524fa' -> (Import Result ID: 'b897e2dae2e9144eed38b428771644ba') in 0.011 seconds [static and dynamic dependencies]. Details - ImportResultOutputID=db0a338a6c0155d9920a49d1ef037e19 DependenciesID=6296c8bab43ddd174a32133cf8118c21 StaticDependenciesID=1442fe2780623d853c8c0e26d1e8e317 
Importing 'GUID: 74eab0da960048739bc148ebd03b1683 - Path: Assets/TumbangPreso/Resources/UI/input/xelu/xbox/XboxSeriesX_RB.png' with importer (TextureImporter)
Imported 'GUID: 74eab0da960048739bc148ebd03b1683' -> (Import Result ID: 'a6cce702ee69f9728b3134900cba08f8') in 0.011 seconds [static and dynamic dependencies]. Details - ImportResultOutputID=a20ec8e6043bbc10390c9fd6365b2c50 DependenciesID=6dddb125cdc377e91043a6b13d864b5f StaticDependenciesID=fb0a66fcfd41a26ef9c1444188ca5f47 
Importing 'GUID: b4d2c7c0de1642d4b6a1a6827448b4fc - Path: Assets/TumbangPreso/Resources/UI/input/xelu/dark/F1_Key_Dark.png' with importer (TextureImporter)
Imported 'GUID: b4d2c7c0de1642d4b6a1a6827448b4fc' -> (Import Result ID: '02c0a2245165e020d3c0a5aa90d7070d') in 0.012 seconds [static and dynamic dependencies]. Details - ImportResultOutputID=670dd4d18569f43b320a1649ec91d4ad DependenciesID=30a8b151ea6e6f45d5ac7a493ca1a47e StaticDependenciesID=8d90317b6d401cb591610228476a8b41 
Importing 'GUID: b43e85e58e0e4d3f8ff92da9789264d4 - Path: Assets/TumbangPreso/Resources/UI/input/xelu/xbox/XboxSeriesX_Y.png' with importer (TextureImporter)
Imported 'GUID: b43e85e58e0e4d3f8ff92da9789264d4' -> (Import Result ID: '07978dc3e7ef181d945e98255be5a37e') in 0.010 seconds [static and dynamic dependencies]. Details - ImportResultOutputID=3b4433c9229b508a182ba103b079c901 DependenciesID=880d457f9811ebb27a6d4b9164287be0 StaticDependenciesID=13ed9fe5d1796f12b534a6df88b15012 
Importing 'GUID: d48754fb29b04e4cb2e829d7221d2fcc - Path: Assets/TumbangPreso/Resources/UI/input/xelu/ps/PS5_Left_Stick_Click.png' with importer (TextureImporter)
Imported 'GUID: d48754fb29b04e4cb2e829d7221d2fcc' -> (Import Result ID: '0796b40b833728c7427ef901ec3fb4ab') in 0.012 seconds [static and dynamic dependencies]. Details - ImportResultOutputID=fb3e6e66d6b8eb729e2b4b75c187bd01 DependenciesID=e58b9bbe8a7dc610bed4322d3ee80132 StaticDependenciesID=d6e08b8ed86e8acec17feed763bf118b 
Importing 'GUID: f4e1af478a1298d40bb28ac5933c3940 - Path: Assets/TumbangPreso/Resources/UI/composition-redesign/loading-street.png' with importer (TextureImporter)
Imported 'GUID: f4e1af478a1298d40bb28ac5933c3940' -> (Import Result ID: 'ab35d234bd1367903523849c033ff503') in 0.070 seconds [static and dynamic dependencies]. Details - ImportResultOutputID=1d7a919f5490b67b556a3c18d423db90 DependenciesID=c7bea7df7df91e5047beb9829ee6d0d7 StaticDependenciesID=e3c491a2d95d69f79678f80757c4d033 
Importing 'GUID: f4cf29343f88477bacd4c930c331a8f2 - Path: Assets/TumbangPreso/Resources/UI/input/xelu/dark/A_Key_Dark.png' with importer (TextureImporter)
Imported 'GUID: f4cf29343f88477bacd4c930c331a8f2' -> (Import Result ID: '1e0481950fca277b5e96519121f7923c') in 0.011 seconds [static and dynamic dependencies]. Details - ImportResultOutputID=48e3a6e4ba2df01dd75dceda2a4f4660 DependenciesID=1251254f0a97886f3d4f407c75357f76 StaticDependenciesID=cb2b95537ccfaa3a9d22bbd9a466f1a2 
Importing 'GUID: 05ae19468ae84ae2bc271be242eccfaa - Path: Assets/TumbangPreso/Resources/UI/mode-cards/RankedCard.png' with importer (TextureImporter)
Imported 'GUID: 05ae19468ae84ae2bc271be242eccfaa' -> (Import Result ID: '477efb970fd2b07ec42b2d8443dd93a9') in 0.044 seconds [static and dynamic dependencies]. Details - ImportResultOutputID=4828a95f384e90f6cba175be76cae95b DependenciesID=2b719aed5b7e2ef902467753dd266b4b StaticDependenciesID=0c6df910a1004b554ddc7eee1c13e95c 
Importing 'GUID: 25a0da7dbdde4818afadeae55f6927da - Path: Assets/TumbangPreso/Resources/UI/input/xelu/dark/Mouse_Left_Key_Dark.png' with importer (TextureImporter)
Imported 'GUID: 25a0da7dbdde4818afadeae55f6927da' -> (Import Result ID: '92aee3b0fc12c17dc66169c65d6f1f00') in 0.013 seconds [static and dynamic dependencies]. Details - ImportResultOutputID=7208331cfd53cfd4e6c5ca98701e0c8d DependenciesID=8f1107c35e5be491fa033abc73b11a58 StaticDependenciesID=8f1c00d4b5b00dde3a690efb65a9a47a 
Importing 'GUID: 25713c4865a942468e36cc71fe3ad85d - Path: Assets/TumbangPreso/Resources/UI/input/xelu/xbox/XboxSeriesX_Right_Stick_Click.png' with importer (TextureImporter)
Imported 'GUID: 25713c4865a942468e36cc71fe3ad85d' -> (Import Result ID: '31ac82ccd4ed962bfa2134620f8d6b01') in 0.014 seconds [static and dynamic dependencies]. Details - ImportResultOutputID=0a449cedd933d78fa814cf40def2ed04 DependenciesID=086f2ada5cfd0fc2b323801de3febd5f StaticDependenciesID=d7fe2d476dd83c00f9c4fac4f0c6d5cd 
Importing 'GUID: 25c122a0146b47e7a22ad7cb0845a35b - Path: Assets/TumbangPreso/Resources/UI/input/xelu/dark/F9_Key_Dark.png' with importer (TextureImporter)
Imported 'GUID: 25c122a0146b47e7a22ad7cb0845a35b' -> (Import Result ID: '5208952570ba095b7ab729e2cb1067cd') in 0.013 seconds [static and dynamic dependencies]. Details - ImportResultOutputID=c24e3ab3f1159dc393c736c464080100 DependenciesID=0100a6b526a18e6cc6660b9fca970faf StaticDependenciesID=ad99ef3d519315beac7fbe940f958c3c 
Importing 'GUID: 358e95c8ac8344539ff97b511690103e - Path: Assets/TumbangPreso/Resources/UI/input/xelu/light/Mouse_Right_Key_Light.png' with importer (TextureImporter)
Imported 'GUID: 358e95c8ac8344539ff97b511690103e' -> (Import Result ID: 'f38fd4252ea524638ce1eed91c494567') in 0.027 seconds [static and dynamic dependencies]. Details - ImportResultOutputID=6bc3505e8951669768d70e44bbbbdfe7 DependenciesID=c616e208ed9ef5d3acfecab1883091ef StaticDependenciesID=fa19c79d46eaa0f3311cd7539a1f93b2 
Importing 'GUID: 4581417130664a5ba3ba9f1af51311ae - Path: Assets/TumbangPreso/Resources/UI/input/xelu/ps/PS5_L2.png' with importer (TextureImporter)
Imported 'GUID: 4581417130664a5ba3ba9f1af51311ae' -> (Import Result ID: '0baf4fc87d1510dea3027f751aef519a') in 0.013 seconds [static and dynamic dependencies]. Details - ImportResultOutputID=e6b5d979e7d2bc7dc49ae61afb79ccf9 DependenciesID=23286d91ca8cb8cbc999b598d2deaebb StaticDependenciesID=62ee7571cdc20fb3b3375d5459e53228 
Importing 'GUID: 65002c1a42a04076ac87de1d00f365d8 - Path: Assets/TumbangPreso/Resources/UI/input/xelu/dark/Alt_Key_Dark.png' with importer (TextureImporter)
Imported 'GUID: 65002c1a42a04076ac87de1d00f365d8' -> (Import Result ID: 'd74e124610cf23f529f470312d71a50f') in 0.011 seconds [static and dynamic dependencies]. Details - ImportResultOutputID=1f24ed3189b178822d0dfe22b90cbd1d DependenciesID=82706511708532e7242ef41bf24bdf07 StaticDependenciesID=ea6dffebd5d0f3ab13db156ac88b8dc6 
Importing 'GUID: 654501f99285460ea8c20a8c7147f3bb - Path: Assets/TumbangPreso/Resources/UI/input/xelu/xbox/XboxSeriesX_LB.png' with importer (TextureImporter)
Imported 'GUID: 654501f99285460ea8c20a8c7147f3bb' -> (Import Result ID: 'b921a3f3dcbb571ca6e85489bcc85982') in 0.012 seconds [static and dynamic dependencies]. Details - ImportResultOutputID=5571b87ecfa73042e7a67fe04a64fdc1 DependenciesID=8a7ed9cde29fe63f9192c9d7c97e1364 StaticDependenciesID=450bdff7a95f0cd4094b6fe4ba0a639e 
Importing 'GUID: 85a9932c651f437bb7f10ed850cebbd2 - Path: Assets/TumbangPreso/Resources/UI/input/xelu/dark/Shift_Key_Dark.png' with importer (TextureImporter)
Imported 'GUID: 85a9932c651f437bb7f10ed850cebbd2' -> (Import Result ID: 'f910d9637291676cbd8d3f1f7a80f03c') in 0.011 seconds [static and dynamic dependencies]. Details - ImportResultOutputID=36f045a55f5bc2405a29f8a5351af4aa DependenciesID=211626cb569d33838f3ee3df37fb46ea StaticDependenciesID=eb387e15295cd9bc8d569760a45f94b0 
Importing 'GUID: c5469a2f41764cbca5c1bc26f330c318 - Path: Assets/TumbangPreso/Resources/UI/input/xelu/light/M_Key_Light.png' with importer (TextureImporter)
Imported 'GUID: c5469a2f41764cbca5c1bc26f330c318' -> (Import Result ID: 'ab0705c60ddb99b576baa56edb46f9b3') in 0.012 seconds [static and dynamic dependencies]. Details - ImportResultOutputID=d663fa17d163b6ffa828eb509446d697 DependenciesID=f3e026889380fb5d117d8d50ab1bd6f7 StaticDependenciesID=247aca5469f56b75e89e8b62b20fab32 
Importing 'GUID: c5198f3f810b42239dd8b1b2a3ba3f77 - Path: Assets/TumbangPreso/Resources/UI/input/xelu/dark/6_Key_Dark.png' with importer (TextureImporter)
Imported 'GUID: c5198f3f810b42239dd8b1b2a3ba3f77' -> (Import Result ID: '84358fc72147f7d8ae59631da5a38da2') in 0.011 seconds [static and dynamic dependencies]. Details - ImportResultOutputID=b79c6a53389a746d73928eef617ccd2b DependenciesID=3743be505ca98f70edab0f897480c2c6 StaticDependenciesID=76ebb98c6aa6ccf71efccbe23d1a1fb9 
Importing 'GUID: e5b605351dcf472fa60fb03e62d38ad9 - Path: Assets/TumbangPreso/Resources/UI/input/xelu/dark/End_Key_Dark.png' with importer (TextureImporter)
Imported 'GUID: e5b605351dcf472fa60fb03e62d38ad9' -> (Import Result ID: '63538f510cb3c2793d9d761b2e4d352a') in 0.011 seconds [static and dynamic dependencies]. Details - ImportResultOutputID=a1d6ac16a8ea7fef68acc1506346b3a8 DependenciesID=629bd05f35576041db7c754d4c6f2d6c StaticDependenciesID=ff457d4f6f938126cf56b3fae1ef8900 
Importing 'GUID: f5c1723cbb1b468b8d559df9fa2599e3 - Path: Assets/TumbangPreso/Resources/UI/input/xelu/light/J_Key_Light.png' with importer (TextureImporter)
Imported 'GUID: f5c1723cbb1b468b8d559df9fa2599e3' -> (Import Result ID: '3504538183dd3a9dc595fbde9d075de4') in 0.013 seconds [static and dynamic dependencies]. Details - ImportResultOutputID=e55794b862959d9c74090821e30af79d DependenciesID=ec89c50507996531ff20b0001e30f06e StaticDependenciesID=fed5870339959bac0a91dbf12f539682 
Importing 'GUID: 06e05d8c3056476f8cbe99c6c480e958 - Path: Assets/TumbangPreso/Resources/UI/input/xelu/dark/Num_Lock_Key_Dark.png' with importer (TextureImporter)
Imported 'GUID: 06e05d8c3056476f8cbe99c6c480e958' -> (Import Result ID: '6b4d88dea1ba1493df72e1a82f159f56') in 0.012 seconds [static and dynamic dependencies]. Details - ImportResultOutputID=7dd1ff4b8338f34db0f5141701ed38b6 DependenciesID=0b5bfe617011eab377bd43c81d18b8f9 StaticDependenciesID=dd6e761a6ce496884eb1b30014bb7fb5 
Importing 'GUID: 269708279e644df8b3119fe2dd2a11c4 - Path: Assets/TumbangPreso/Resources/UI/input/xelu/dark/Minus_Key_Dark.png' with importer (TextureImporter)
Imported 'GUID: 269708279e644df8b3119fe2dd2a11c4' -> (Import Result ID: 'b9c63a27650709e5c756eb5ab6a35a85') in 0.011 seconds [static and dynamic dependencies]. Details - ImportResultOutputID=ec5fa62bcd4ae1af3a1fb5e4720062b8 DependenciesID=762fde7383da220607771db6e412ecb0 StaticDependenciesID=0166dd7ac32f6b3b7d5362e76a0c039d 
Importing 'GUID: 26dcf96273eb43b3a5f6b4817ea89229 - Path: Assets/TumbangPreso/Resources/UI/input/xelu/xbox/XboxSeriesX_Right_Stick.png' with importer (TextureImporter)
Imported 'GUID: 26dcf96273eb43b3a5f6b4817ea89229' -> (Import Result ID: 'f78699139377ec96801f51acc7007494') in 0.013 seconds [static and dynamic dependencies]. Details - ImportResultOutputID=9ad8a261fc86bbfa388caa210cbcf305 DependenciesID=7ff33f9b24de6dbf7ed3c4dc7816eb6e StaticDependenciesID=8265f939b22b9450ca798c4118c7c2e8 
Importing 'GUID: 46c4385605714cfcba838acfcdaf1b7c - Path: Assets/TumbangPreso/Resources/UI/input/xelu/xbox/XboxSeriesX_Dpad_Left.png' with importer (TextureImporter)
Imported 'GUID: 46c4385605714cfcba838acfcdaf1b7c' -> (Import Result ID: '2da166e0f0a922daa243021cbadce91c') in 0.017 seconds [static and dynamic dependencies]. Details - ImportResultOutputID=5081212c1e0d4dcc200e5241d7d07a54 DependenciesID=6cc17398371c1f986d99083a8de8805b StaticDependenciesID=88bd1487ccbdefa51eed5bc4e6ed355c 
Importing 'GUID: 56429099544f4252881108cab4f1a879 - Path: Assets/TumbangPreso/Resources/UI/input/xelu/light/Shift_Key_Light.png' with importer (TextureImporter)
Imported 'GUID: 56429099544f4252881108cab4f1a879' -> (Import Result ID: 'bfaadbc86f826ad6be4bacf3a252f2ac') in 0.011 seconds [static and dynamic dependencies]. Details - ImportResultOutputID=3670fa94b78b46fb35fcb52d1ee2cf61 DependenciesID=c7bd1ed091bd4ea27f3887c2d45d2a1b StaticDependenciesID=3b150cd4d7988b51d01f8a5b6620e0b0 
Importing 'GUID: 566ce18e0942400e878a6f49fc934b05 - Path: Assets/TumbangPreso/Resources/UI/map-cards/IlalimNgTulay.png' with importer (TextureImporter)
Imported 'GUID: 566ce18e0942400e878a6f49fc934b05' -> (Import Result ID: 'd9753f6cc60bf0371072472c5222392f') in 0.032 seconds [static and dynamic dependencies]. Details - ImportResultOutputID=40cfde7cd0640d00b2c48d7066675b3f DependenciesID=f67e8bcef063d2de8e7fae8d049477e0 StaticDependenciesID=fc77731ebb45d3e423f6de7966a72890 
Importing 'GUID: 6667adc7045a430cbaf50ec5b51cfb12 - Path: Assets/TumbangPreso/Resources/UI/input/xelu/dark/O_Key_Dark.png' with importer (TextureImporter)
Imported 'GUID: 6667adc7045a430cbaf50ec5b51cfb12' -> (Import Result ID: '26d21a1733faf37b991d19896ac1ebdc') in 0.011 seconds [static and dynamic dependencies]. Details - ImportResultOutputID=252b55431637cff0b0b6c822413885e6 DependenciesID=a3a2159847d4d08bd436c7533376acee StaticDependenciesID=cc1a8e6f4323fbd0cdd51382dfeda67a 
Importing 'GUID: 6678af7309fa43baa5febb0b314edac7 - Path: Assets/TumbangPreso/Resources/UI/input/xelu/light/H_Key_Light.png' with importer (TextureImporter)
Imported 'GUID: 6678af7309fa43baa5febb0b314edac7' -> (Import Result ID: '071861336f90ef0e2758893bb966e46c') in 0.012 seconds [static and dynamic dependencies]. Details - ImportResultOutputID=e8b3dc2606cbd5e3f776d333dc77cfa1 DependenciesID=1c3fd5e58efbb79df9c21f8964211496 StaticDependenciesID=a3308ff6943dc7627cd7c98f3aa9cafe 
Importing 'GUID: 66885dd595d74e1eafe3e7043b7b1b74 - Path: Assets/TumbangPreso/Resources/UI/input/xelu/light/Bracket_Left_Key_Light.png' with importer (TextureImporter)
Imported 'GUID: 66885dd595d74e1eafe3e7043b7b1b74' -> (Import Result ID: '57bd77e5539505cb2337bbf1da987b83') in 0.010 seconds [static and dynamic dependencies]. Details - ImportResultOutputID=bb0d4646e9091156811ae039e13dab0f DependenciesID=4d9a2376373ace1e7ebb481a4bae077b StaticDependenciesID=e3a7f15f423101b29cabb182cb685b84 
Importing 'GUID: 66d9d396cde0412388978b24ecad36fc - Path: Assets/TumbangPreso/Resources/UI/input/xelu/light/Tilda_Key_Light.png' with importer (TextureImporter)
Imported 'GUID: 66d9d396cde0412388978b24ecad36fc' -> (Import Result ID: '851d735db12ea53a226232d46b2dabd4') in 0.013 seconds [static and dynamic dependencies]. Details - ImportResultOutputID=18d63a205adeb4072c91f35fbfc5e5fc DependenciesID=169a5c9095051b3aa11e0306db2b9a33 StaticDependenciesID=a6cd7f6a2485c5d9c8e6ad9b47b2a7b9 
Importing 'GUID: 7624b587050f4783b01ad77d6356fba9 - Path: Assets/TumbangPreso/Resources/UI/input/xelu/dark/Tab_Key_Dark.png' with importer (TextureImporter)
Imported 'GUID: 7624b587050f4783b01ad77d6356fba9' -> (Import Result ID: '95a2e52e594248e03359b7c85a6555cd') in 0.011 seconds [static and dynamic dependencies]. Details - ImportResultOutputID=7e313b0996c1b3d8d26afcfc1a2af982 DependenciesID=727b71a2afaa42d05ccb8adcac908d81 StaticDependenciesID=37f40638cf45a6b974ebd7c82f54e83d 
Importing 'GUID: 76f73c8457274a5fb09125fa25857410 - Path: Assets/TumbangPreso/Resources/UI/input/xelu/light/Home_Key_Light.png' with importer (TextureImporter)
Imported 'GUID: 76f73c8457274a5fb09125fa25857410' -> (Import Result ID: '7a4a1a3a521715fee15041bfcace4929') in 0.011 seconds [static and dynamic dependencies]. Details - ImportResultOutputID=2542c7a756fc924b0972c4f7d7f7d5b1 DependenciesID=cb0aa64488c6cbb30ef3a37c4d790026 StaticDependenciesID=b443a1fa7ec68fb942ed1d7263842db3 
Importing 'GUID: 766aed220bc04e4982c4beae99970b50 - Path: Assets/TumbangPreso/Resources/UI/input/xelu/light/0_Key_Light.png' with importer (TextureImporter)
Imported 'GUID: 766aed220bc04e4982c4beae99970b50' -> (Import Result ID: 'e751d9ebdd4ae1aff8ab524a47eac2b0') in 0.011 seconds [static and dynamic dependencies]. Details - ImportResultOutputID=d3d30514c73949f3d9174cbb0b7d311c DependenciesID=fca4fc2a09bd6b966b0c859d70af4cce StaticDependenciesID=5da493b42677a95169b7636b874334c8 
Importing 'GUID: 76cd8d4f63105564ea924c175422ae3e - Path: Assets/TumbangPreso/Resources/UI/map-cards/Arena.png' with importer (TextureImporter)
Imported 'GUID: 76cd8d4f63105564ea924c175422ae3e' -> (Import Result ID: '2808b8b78a09ee7f2a6eba66b2d8101b') in 0.028 seconds [static and dynamic dependencies]. Details - ImportResultOutputID=b52234c84ef5496dccdb3dad3783ddc3 DependenciesID=ade0347e61425f3bc215a77a876177d4 StaticDependenciesID=f9d71686b8003b06ab1addbf673de401 
Importing 'GUID: 869f5029be21482eaaaa7cf68a5522c7 - Path: Assets/TumbangPreso/Resources/UI/input/xelu/ps/PS5_Share.png' with importer (TextureImporter)
Imported 'GUID: 869f5029be21482eaaaa7cf68a5522c7' -> (Import Result ID: '3509814e3702649fd423bffefb411f20') in 0.012 seconds [static and dynamic dependencies]. Details - ImportResultOutputID=e82189e2b96130de74b37ceb97700727 DependenciesID=835d06a59946940ec10626e8cfb1c4db StaticDependenciesID=f9618548d2e4334e3396e4eaa5c53e12 
Importing 'GUID: c62538000641456393d112bec2e40451 - Path: Assets/TumbangPreso/Resources/UI/input/xelu/light/F6_Key_Light.png' with importer (TextureImporter)
Imported 'GUID: c62538000641456393d112bec2e40451' -> (Import Result ID: '02cc664561794c273a484470b9d8b6f8') in 0.015 seconds [static and dynamic dependencies]. Details - ImportResultOutputID=2b06a4b05643efad02715b204c8e3a99 DependenciesID=629c51a62154fa3e610d836f8e334a29 StaticDependenciesID=c71150e3ff7d1286f985c9d2f90e571b 
Importing 'GUID: c6e6884f5cba4055ad4ea399554017e3 - Path: Assets/TumbangPreso/Resources/UI/input/xelu/dark/Z_Key_Dark.png' with importer (TextureImporter)
Imported 'GUID: c6e6884f5cba4055ad4ea399554017e3' -> (Import Result ID: 'f7d3817a99f8cb08f98212c9dba60356') in 0.011 seconds [static and dynamic dependencies]. Details - ImportResultOutputID=d4832281e3556a3224d5c18395cbf3ec DependenciesID=0d1f5c930d86902a7da369b22868a692 StaticDependenciesID=9aa5dfad15856fda7bb4086d7f4118b9 
Importing 'GUID: c66d63e6c87142d29d478e9949a4fde9 - Path: Assets/TumbangPreso/Resources/UI/input/xelu/light/4_Key_Light.png' with importer (TextureImporter)
Imported 'GUID: c66d63e6c87142d29d478e9949a4fde9' -> (Import Result ID: 'b61e3d0c7ebbc8f84b6be297dfb6fd32') in 0.012 seconds [static and dynamic dependencies]. Details - ImportResultOutputID=1efca097c82978ea6645cb6a61fa7a57 DependenciesID=a09add4d2979f8062d2cdbe81beb7506 StaticDependenciesID=a08548c3eff277d61f040a9b8977f64d 
Importing 'GUID: d6bc2b904e134364b538fffbf123ecb5 - Path: Assets/TumbangPreso/Resources/UI/input/xelu/light/F7_Key_Light.png' with importer (TextureImporter)
Imported 'GUID: d6bc2b904e134364b538fffbf123ecb5' -> (Import Result ID: '0edc8778a7200e097f3ff9c20398642f') in 0.011 seconds [static and dynamic dependencies]. Details - ImportResultOutputID=d742f05740ebf0142d6437451f430035 DependenciesID=435426076e0b6786730010de5dfd9b71 StaticDependenciesID=5f0de3b5ba2ccdca6ca158e754b6c3bb 
Importing 'GUID: f6dc89b4fdc04864916c316570826f12 - Path: Assets/TumbangPreso/Resources/UI/input/xelu/dark/F_Key_Dark.png' with importer (TextureImporter)
Imported 'GUID: f6dc89b4fdc04864916c316570826f12' -> (Import Result ID: 'a02498c90895a9df3c622a6b92c89814') in 0.011 seconds [static and dynamic dependencies]. Details - ImportResultOutputID=84018df5b1b63f09ffbd9fc531f4aa70 DependenciesID=0f68ac6ba5c0d81e3c8c7cdb94a86355 StaticDependenciesID=09a8ebf57d31f938de233e46a536eb62 
Importing 'GUID: 07470cd4de6b46079a6166da7641d298 - Path: Assets/TumbangPreso/Resources/UI/input/xelu/dark/P_Key_Dark.png' with importer (TextureImporter)
Imported 'GUID: 07470cd4de6b46079a6166da7641d298' -> (Import Result ID: '50e129e97cfc3d06ce0a90d64d01992a') in 0.012 seconds [static and dynamic dependencies]. Details - ImportResultOutputID=30a68957ca759050c247beedc1ebf333 DependenciesID=0d9e93903a3315eca605841339711506 StaticDependenciesID=25767daadf73e6294a0936346a6b1d2e 
Importing 'GUID: 1742b6e0a373433ba4bc52bd3b0a94da - Path: Assets/TumbangPreso/Resources/UI/input/xelu/light/Arrow_Up_Key_Light.png' with importer (TextureImporter)
Imported 'GUID: 1742b6e0a373433ba4bc52bd3b0a94da' -> (Import Result ID: '272891c20ecc8b7309651a1d1161376a') in 0.011 seconds [static and dynamic dependencies]. Details - ImportResultOutputID=e3b9857aa72cea7c95445f64d20af5e0 DependenciesID=93d12c0a1c1dbeb91f4d2d26e325c760 StaticDependenciesID=a995c717634b92fbe86668f40f22e253 
Importing 'GUID: 170bee344b934563831329ba7d01ea5e - Path: Assets/TumbangPreso/Resources/UI/input/xelu/ps/PS5_R1.png' with importer (TextureImporter)
Imported 'GUID: 170bee344b934563831329ba7d01ea5e' -> (Import Result ID: '3bdd210ff1e4763be7aa8e48d84494fb') in 0.011 seconds [static and dynamic dependencies]. Details - ImportResultOutputID=b01ec3c3be470ad8608e99e4a346a4eb DependenciesID=568db329ca20094c67d8d70253e6d6db StaticDependenciesID=1555b236bb7e6e949a4eb10c65b1656d 
Importing 'GUID: 276838c25e064d9b82bc3e8110778b72 - Path: Assets/TumbangPreso/Resources/UI/input/xelu/light/Backspace_Key_Light.png' with importer (TextureImporter)
Imported 'GUID: 276838c25e064d9b82bc3e8110778b72' -> (Import Result ID: 'd9423e640753f78fecae8b914044f256') in 0.013 seconds [static and dynamic dependencies]. Details - ImportResultOutputID=7e313378c64cc5603269b7ddf2f6cb17 DependenciesID=a5a55eec773e9afffa9a21853cba0ee0 StaticDependenciesID=c80a99723ccfda2790da8469546cb40e 
Importing 'GUID: 5786e06a765c42dbbd2425453c4f38c6 - Path: Assets/TumbangPreso/Resources/UI/input/xelu/light/3_Key_Light.png' with importer (TextureImporter)
Imported 'GUID: 5786e06a765c42dbbd2425453c4f38c6' -> (Import Result ID: '2d633f682bb79440ad0abbc633b3f99e') in 0.013 seconds [static and dynamic dependencies]. Details - ImportResultOutputID=c8b612fcb3cd6814fc405e2dd0a6883e DependenciesID=face0aa621e6083f3ad8e3c06fb70dec StaticDependenciesID=9d8bcb92d7f15498dfde83a2b3b6c9ef 
Importing 'GUID: 67c7104009cb457e83d01716d2ef6d32 - Path: Assets/TumbangPreso/Resources/UI/mode-cards/CustomCard.png' with importer (TextureImporter)
Imported 'GUID: 67c7104009cb457e83d01716d2ef6d32' -> (Import Result ID: 'a5264aa4cb58344cc9cf1457a2f9db04') in 0.029 seconds [static and dynamic dependencies]. Details - ImportResultOutputID=3bafbad75a3c33b86ba84416d4e4c10b DependenciesID=695f3cb439e4b26cc4d7c8d240f7fb65 StaticDependenciesID=f3d6c03cef527a4a2731a31e66199470 
Importing 'GUID: 778750d61db04ba4868c6d5428a34324 - Path: Assets/TumbangPreso/Resources/UI/input/xelu/dark/2_Key_Dark.png' with importer (TextureImporter)
Imported 'GUID: 778750d61db04ba4868c6d5428a34324' -> (Import Result ID: '00bd663e3bf71652526be970e732b7e2') in 0.015 seconds [static and dynamic dependencies]. Details - ImportResultOutputID=42e12334e11d682a803c2994fe26867e DependenciesID=fbb0ccf310bcee208a0bb7bee9ab30ea StaticDependenciesID=18ece6d06b4f03d35dd31671cec52a00 
Importing 'GUID: a7888bdb52da45fe99f6b003b3014192 - Path: Assets/TumbangPreso/Resources/UI/input/xelu/dark/Arrow_Up_Key_Dark.png' with importer (TextureImporter)
Imported 'GUID: a7888bdb52da45fe99f6b003b3014192' -> (Import Result ID: '40accb9540e68e7e1087b43e4d1efa28') in 0.012 seconds [static and dynamic dependencies]. Details - ImportResultOutputID=2b4ef6ca084493f2907653b492c77357 DependenciesID=053882548492bdf6ba4a98f2dc65714d StaticDependenciesID=4c8fc6cefd1f900b517e78ba636c3737 
Importing 'GUID: c75fa7db4db242ac8ca86b36fdf7fded - Path: Assets/TumbangPreso/Resources/UI/input/xelu/dark/Arrow_Left_Key_Dark.png' with importer (TextureImporter)
Imported 'GUID: c75fa7db4db242ac8ca86b36fdf7fded' -> (Import Result ID: '18cb319fd237dc6b61ee6f30c16a5e28') in 0.011 seconds [static and dynamic dependencies]. Details - ImportResultOutputID=f6b1ab46754f7ddce59286aac61b6718 DependenciesID=470f1adfffdc7a9b042023a58a8dde0a StaticDependenciesID=259ff0caa07dad2e870f98596c7b889a 
Importing 'GUID: f7160040d11e49778cdac6acb3fb9efb - Path: Assets/TumbangPreso/Resources/UI/input/xelu/xbox/XboxSeriesX_B.png' with importer (TextureImporter)
Imported 'GUID: f7160040d11e49778cdac6acb3fb9efb' -> (Import Result ID: '6f70b8e891120d8d360b890aee8adfcd') in 0.013 seconds [static and dynamic dependencies]. Details - ImportResultOutputID=81141cb5734a239a44dac78e5e8f5940 DependenciesID=2099c8003784ec0e4fcd9505fe172993 StaticDependenciesID=a462c01a5c2b5b23498f8f1892258675 
Importing 'GUID: 082d4ddccf9c407dbf369b1e33445d17 - Path: Assets/TumbangPreso/Resources/UI/input/xelu/light/E_Key_Light.png' with importer (TextureImporter)
Imported 'GUID: 082d4ddccf9c407dbf369b1e33445d17' -> (Import Result ID: '1f3d859c7f95750ae93ead0496c3218a') in 0.014 seconds [static and dynamic dependencies]. Details - ImportResultOutputID=91b313e68c3e2844c0aed13b07b37dad DependenciesID=a46b5ebe26cc13e4d672a40b68a8f075 StaticDependenciesID=2af2322baeaf935bb7bdb09402ae0acd 
Importing 'GUID: 185ab08a7cae4b898a622da6ffbb90d9 - Path: Assets/TumbangPreso/Resources/UI/input/xelu/dark/I_Key_Dark.png' with importer (TextureImporter)
Imported 'GUID: 185ab08a7cae4b898a622da6ffbb90d9' -> (Import Result ID: '0a4649d9170c51417026bc2c9ebf1c08') in 0.013 seconds [static and dynamic dependencies]. Details - ImportResultOutputID=fdeb450636da7c09517641a41fc9dbc2 DependenciesID=33074723e49c6f6bb55951dfd7fd3dce StaticDependenciesID=442201835b893e2966ab9f4366b0ae4a 
Importing 'GUID: 282ef6eee5bf4a358f90902fa25efc61 - Path: Assets/TumbangPreso/Resources/UI/input/xelu/dark/S_Key_Dark.png' with importer (TextureImporter)
Imported 'GUID: 282ef6eee5bf4a358f90902fa25efc61' -> (Import Result ID: 'cf7aae42989371147a7b8bab05c5ec2f') in 0.013 seconds [static and dynamic dependencies]. Details - ImportResultOutputID=ea172b29326b02c49f325e1900028bae DependenciesID=3b682375c11772e26651fd07cdcec7cc StaticDependenciesID=9c28d20dd63c848866ed8ba6e6993fda 
Importing 'GUID: 38d8c36979d3467388eddff43578ab74 - Path: Assets/TumbangPreso/Resources/UI/input/xelu/dark/L_Key_Dark.png' with importer (TextureImporter)
Imported 'GUID: 38d8c36979d3467388eddff43578ab74' -> (Import Result ID: '45b6716603eff791f86af10db75897ad') in 0.028 seconds [static and dynamic dependencies]. Details - ImportResultOutputID=965c78798cc0cfd2a6e3cb7ec84a0781 DependenciesID=51510e9f154eeeb2e1a23e180d969043 StaticDependenciesID=bdf2fc4af3a6662453760e64b3c997ff 
Importing 'GUID: 8828257e3bff458aac74304d26d10a3c - Path: Assets/TumbangPreso/Resources/UI/input/xelu/dark/Bracket_Right_Key_Dark.png' with importer (TextureImporter)
Imported 'GUID: 8828257e3bff458aac74304d26d10a3c' -> (Import Result ID: 'a3356a623fe484c61bdeea066ff56d98') in 0.031 seconds [static and dynamic dependencies]. Details - ImportResultOutputID=af3ae78b574ac376b9e8f48b34c04c60 DependenciesID=57e139e6e6d998c3a813323b48b1f505 StaticDependenciesID=85b4ee63ccbbe6c9e2965328337a1d69 
Importing 'GUID: b8d78ea221c44b1a834fa9541267d3b2 - Path: Assets/TumbangPreso/Resources/UI/input/xelu/light/Space_Key_Light.png' with importer (TextureImporter)
Imported 'GUID: b8d78ea221c44b1a834fa9541267d3b2' -> (Import Result ID: '80573d8a3fcd7230810171e0ec6e4f01') in 0.011 seconds [static and dynamic dependencies]. Details - ImportResultOutputID=738d43a573bd119628c850aeac45084b DependenciesID=51065906323200c917cfcb19ed759d42 StaticDependenciesID=07970394a138e31bfa0a82271ed9a722 
Importing 'GUID: b8cd8d08a0154960b744b3d6cb0cdd1f - Path: Assets/TumbangPreso/Resources/UI/input/xelu/dark/F4_Key_Dark.png' with importer (TextureImporter)
Imported 'GUID: b8cd8d08a0154960b744b3d6cb0cdd1f' -> (Import Result ID: '1af9818e75b0667cd6421db047d8ea15') in 0.014 seconds [static and dynamic dependencies]. Details - ImportResultOutputID=8897c3a0bb5f8b606955f436854992a4 DependenciesID=b6b9c0fc92de9e0c498303b07436f256 StaticDependenciesID=f0bfe9db3ee0aac4d7a5776dc9acc2d7 
Importing 'GUID: c80c0a1e8a864d35bdefe3d683f93143 - Path: Assets/TumbangPreso/Resources/UI/input/xelu/light/Arrow_Left_Key_Light.png' with importer (TextureImporter)
Imported 'GUID: c80c0a1e8a864d35bdefe3d683f93143' -> (Import Result ID: 'ced0f78dbba69d2afc13aa7d6238c895') in 0.012 seconds [static and dynamic dependencies]. Details - ImportResultOutputID=4b447dbaa6db8e81d9200c97cc5fb9dc DependenciesID=0b84c4f79536173784e7a6107df9d542 StaticDependenciesID=e5eca05d513414a8e1ec74384e0c82cb 
Importing 'GUID: e80cac97ea734f47a5209f4b7fe1b81d - Path: Assets/TumbangPreso/Resources/UI/input/xelu/dark/Insert_Key_Dark.png' with importer (TextureImporter)
Imported 'GUID: e80cac97ea734f47a5209f4b7fe1b81d' -> (Import Result ID: 'c3a3d2e1b974fb36e5f6af1b3d0b4df5') in 0.012 seconds [static and dynamic dependencies]. Details - ImportResultOutputID=5f3db8b244891d85ed5c6f7772c0a625 DependenciesID=64cdceb8d10111c7062f37f54fe709f4 StaticDependenciesID=bb6253f9cc5d317d28d3ecc2a0ecb6cc 
Importing 'GUID: f8728cb105b54b00a481ddc80f21e326 - Path: Assets/TumbangPreso/Resources/UI/input/xelu/light/Slash_Key_Light.png' with importer (TextureImporter)
Imported 'GUID: f8728cb105b54b00a481ddc80f21e326' -> (Import Result ID: 'a9e09771228361893aba8efebf52156e') in 0.014 seconds [static and dynamic dependencies]. Details - ImportResultOutputID=13c4a9840fc821d1548262da03bd3f8f DependenciesID=5b8fb34a259a47d8cadc09517fd0ab70 StaticDependenciesID=9ab2dd4381527749ef19bf67f34850d1 
Importing 'GUID: 09a2274abb27459cbe0611045572f01f - Path: Assets/TumbangPreso/Resources/UI/input/xelu/ps/PS5_Dpad_Up.png' with importer (TextureImporter)
Imported 'GUID: 09a2274abb27459cbe0611045572f01f' -> (Import Result ID: 'db21169cf35a7dbc89a268d426c5c73a') in 0.015 seconds [static and dynamic dependencies]. Details - ImportResultOutputID=4321d1036c81b1529a2ac16b3ea35867 DependenciesID=8aa0ba80d4a34cafc0b061349187d314 StaticDependenciesID=95326c4ab615acf67b3c03c9722fd78a 
Importing 'GUID: 09b45d1761994993b8464ea6d4937b1e - Path: Assets/TumbangPreso/Resources/UI/input/xelu/dark/Ctrl_Key_Dark.png' with importer (TextureImporter)
Imported 'GUID: 09b45d1761994993b8464ea6d4937b1e' -> (Import Result ID: '3b1e5737601402cb40d00493741a6378') in 0.007 seconds [static and dynamic dependencies]. Details - ImportResultOutputID=f86e0ec1684c217f7848f27279fc2571 DependenciesID=745ee72a133302ac632e32b8fbee6b04 StaticDependenciesID=cc93cf67a0dccc966d31a5925f87875d 
Importing 'GUID: 1975a51777354a8b8e97cd8a1ac561db - Path: Assets/TumbangPreso/Resources/UI/input/xelu/ps/PS5_Left_Stick.png' with importer (TextureImporter)
Imported 'GUID: 1975a51777354a8b8e97cd8a1ac561db' -> (Import Result ID: 'c660d76f12efe7911a420208cf3676c4') in 0.013 seconds [static and dynamic dependencies]. Details - ImportResultOutputID=55a348bcf16482e9bffea08aac3d7cfd DependenciesID=e8976f29a894f8a9c6fdba09c44c5ece StaticDependenciesID=2a8329f0ba449001c08003e82eb16342 
Importing 'GUID: 19384597d0b942ecb280675de0e67b5c - Path: Assets/TumbangPreso/Resources/UI/input/xelu/ps/PS5_Triangle.png' with importer (TextureImporter)
Imported 'GUID: 19384597d0b942ecb280675de0e67b5c' -> (Import Result ID: '901d88e0d240c517a0e7c272f8428c98') in 0.013 seconds [static and dynamic dependencies]. Details - ImportResultOutputID=68332ba157151200f027b1e8bfa3a087 DependenciesID=4121b3826cbd8c9029f6ab930bb4c68f StaticDependenciesID=e8f1d1e6dc05a68fbd788950d8a50d5b 
Importing 'GUID: 198d39be01184618b227eb0acc5a30a9 - Path: Assets/TumbangPreso/Resources/UI/input/xelu/dark/Caps_Lock_Key_Dark.png' with importer (TextureImporter)
Imported 'GUID: 198d39be01184618b227eb0acc5a30a9' -> (Import Result ID: '3c7ea064ad7f0a383f9935fde20c0737') in 0.013 seconds [static and dynamic dependencies]. Details - ImportResultOutputID=e0fb17ee48ace5d202a52f51011e874b DependenciesID=3c66339d1ded5c1851f1febd7404cf4d StaticDependenciesID=b4f73d7792ece3dcfd7845429bad0c6b 
Importing 'GUID: 296524643e334912ab0f0b330e9770e2 - Path: Assets/TumbangPreso/Resources/UI/input/xelu/dark/Home_Key_Dark.png' with importer (TextureImporter)
Imported 'GUID: 296524643e334912ab0f0b330e9770e2' -> (Import Result ID: '25a0d0885a8b8796b72d275c7053358f') in 0.013 seconds [static and dynamic dependencies]. Details - ImportResultOutputID=100d7fcb78b0310db27ba7ce7c022b39 DependenciesID=ac6a9e90d0643b18c0653f2c0b9cf9e2 StaticDependenciesID=4d2203c2efcaef0ef8580161be6b51d4 
Importing 'GUID: 29ed24a9017f4fcfabacff3a347ab4c1 - Path: Assets/TumbangPreso/Resources/UI/input/xelu/dark/9_Key_Dark.png' with importer (TextureImporter)
Imported 'GUID: 29ed24a9017f4fcfabacff3a347ab4c1' -> (Import Result ID: '8105a7671caf999e0402910813abf9d8') in 0.012 seconds [static and dynamic dependencies]. Details - ImportResultOutputID=2479e5d4a0f4486cb074f301745c3b83 DependenciesID=1bd70f5d166fedd00fce5b71c4c4f973 StaticDependenciesID=8f06d9513ef52c248211473ea06f3db7 
Importing 'GUID: 49682e822f95408da9122c394fffdb21 - Path: Assets/TumbangPreso/Resources/UI/input/xelu/light/9_Key_Light.png' with importer (TextureImporter)
Imported 'GUID: 49682e822f95408da9122c394fffdb21' -> (Import Result ID: 'a1de2e330f8009a03046e05d01701ff8') in 0.012 seconds [static and dynamic dependencies]. Details - ImportResultOutputID=a84a7af224f839b325f2e2b06f91c739 DependenciesID=9f843a77afdba1d1319c919a003ebe6c StaticDependenciesID=cf8abc3d1439f3862112dfa108622d87 
Importing 'GUID: 59c064f096474a9283bde7a129ad40c6 - Path: Assets/TumbangPreso/Resources/UI/input/xelu/dark/Page_Up_Key_Dark.png' with importer (TextureImporter)
Imported 'GUID: 59c064f096474a9283bde7a129ad40c6' -> (Import Result ID: '98e2175aabf2787c6babccf65ffba34a') in 0.011 seconds [static and dynamic dependencies]. Details - ImportResultOutputID=374b821b9abf4a5be119c32ba345a77f DependenciesID=f805ec12a5fddec7109c984aa0e4c1be StaticDependenciesID=3a9fd4d00eb4c55460e34ad46820e6b7 
Importing 'GUID: 59d5e5a7ec014f668307b67bfa947ac9 - Path: Assets/TumbangPreso/Resources/UI/input/xelu/dark/D_Key_Dark.png' with importer (TextureImporter)
Imported 'GUID: 59d5e5a7ec014f668307b67bfa947ac9' -> (Import Result ID: '50a74325e22772d3a397f7ea6214221d') in 0.011 seconds [static and dynamic dependencies]. Details - ImportResultOutputID=4c04ea2d040dc9339221ba57ec51837e DependenciesID=b68798629024808901f2c49bc3f81be4 StaticDependenciesID=f47f3fdac364d309f7c9b74197799b3e 
Importing 'GUID: 59bb693f5e66418ba6f1b021f6ffa058 - Path: Assets/TumbangPreso/Resources/UI/input/xelu/xbox/XboxSeriesX_Menu.png' with importer (TextureImporter)
Imported 'GUID: 59bb693f5e66418ba6f1b021f6ffa058' -> (Import Result ID: '1521c9dd3069b2e28c312723d47eb4f3') in 0.013 seconds [static and dynamic dependencies]. Details - ImportResultOutputID=f530117b0b8e4fd89210d846f670a08a DependenciesID=3ee5e823d33a694b81d075e400865756 StaticDependenciesID=a5bc05e1d1bc3c97708f29eb8dcfda76 
Importing 'GUID: 69d98f2556534cb0bbca5d84540e6e71 - Path: Assets/TumbangPreso/Resources/UI/input/xelu/dark/K_Key_Dark.png' with importer (TextureImporter)
Imported 'GUID: 69d98f2556534cb0bbca5d84540e6e71' -> (Import Result ID: '176c06fe8c16315cee4e7a33d41736cf') in 0.004 seconds [static and dynamic dependencies]. Details - ImportResultOutputID=45cb4202db14e9320ad63071393fa73d DependenciesID=867a10a9652430041aef02f704786d93 StaticDependenciesID=b20bccf0aa78c9d9ff648fd8ab7c16b1 
Importing 'GUID: 9910eff14c644bce9f28178f9a8e6d7c - Path: Assets/TumbangPreso/Resources/UI/input/xelu/light/Esc_Key_Light.png' with importer (TextureImporter)
Imported 'GUID: 9910eff14c644bce9f28178f9a8e6d7c' -> (Import Result ID: 'ae057d64a3c3c2ef81014d1417b32b62') in 0.010 seconds [static and dynamic dependencies]. Details - ImportResultOutputID=31e202f453aa6e2807c349071f32a84e DependenciesID=5fd5202d1b70cc12e6b1e3079eb5d5f0 StaticDependenciesID=eb5748616a301998651c976d98ba98e3 
Importing 'GUID: a984ef31afc607f4695bb7dfe34e7ce7 - Path: Assets/TumbangPreso/Resources/UI/composition-redesign/home-court.png' with importer (TextureImporter)
Imported 'GUID: a984ef31afc607f4695bb7dfe34e7ce7' -> (Import Result ID: 'd80d87f3a713705d345762aa55f77070') in 0.064 seconds [static and dynamic dependencies]. Details - ImportResultOutputID=2ba5756be868bd360e9e19db42c8fb8c DependenciesID=3ecd589910095f775baa08cb83bed983 StaticDependenciesID=98c06bd0abe7e5b03484056778d23b08 
Importing 'GUID: b9a77e93bb374b098298fcacb14c60d7 - Path: Assets/TumbangPreso/Resources/UI/input/xelu/light/T_Key_Light.png' with importer (TextureImporter)
Imported 'GUID: b9a77e93bb374b098298fcacb14c60d7' -> (Import Result ID: 'cc55a6fd8abb993260ff4297050cefa4') in 0.012 seconds [static and dynamic dependencies]. Details - ImportResultOutputID=03acb5dc60f4bdc5be434a498b5667fc DependenciesID=161d3ab2ebd173f86a61e0b3098ef176 StaticDependenciesID=4644e346ed180113b9007fc300446ae8 
Importing 'GUID: e9dbd31a1c2143cea7116af8d5b4c47d - Path: Assets/TumbangPreso/Resources/UI/input/xelu/xbox/XboxSeriesX_Left_Stick_Click.png' with importer (TextureImporter)
Imported 'GUID: e9dbd31a1c2143cea7116af8d5b4c47d' -> (Import Result ID: 'ef0d0ead50bbdbb751da357bf58dabd4') in 0.014 seconds [static and dynamic dependencies]. Details - ImportResultOutputID=1403b974901f045bd339b0280b1b2c85 DependenciesID=715e0d3532f383ad23bea0e3a7e8cdb3 StaticDependenciesID=127b7a4066e649eb9605a7d7f40ddb36 
Importing 'GUID: 1ae5945159274666836e61278f32727a - Path: Assets/TumbangPreso/Resources/UI/input/xelu/light/S_Key_Light.png' with importer (TextureImporter)
Imported 'GUID: 1ae5945159274666836e61278f32727a' -> (Import Result ID: '860883d4a6545928b01f29278960e19c') in 0.013 seconds [static and dynamic dependencies]. Details - ImportResultOutputID=8d6dc4aed7b274d023bde090caa62e32 DependenciesID=59a87fdc338376eb4674a67f4e9e582b StaticDependenciesID=c68f1b0291e0d2beb7eb8f85e51a7ace 
Importing 'GUID: 2aa32e86ea0d4a0d90c257bcf99d8f5e - Path: Assets/TumbangPreso/Resources/UI/input/xelu/light/F5_Key_Light.png' with importer (TextureImporter)
Imported 'GUID: 2aa32e86ea0d4a0d90c257bcf99d8f5e' -> (Import Result ID: '3e11be380d7b89e6483b8c94621fabbf') in 0.021 seconds [static and dynamic dependencies]. Details - ImportResultOutputID=f255961648e0643fb72f5b6580ceada0 DependenciesID=1e3e8d0e764d20e618987e0b42510c0b StaticDependenciesID=1bf9d1e2ac07ab57fd0f231d2b083e82 
Importing 'GUID: 3a3dac52f0554c4fa7285b40fdf4ced5 - Path: Assets/TumbangPreso/Resources/UI/input/xelu/dark/Tilda_Key_Dark.png' with importer (TextureImporter)
Imported 'GUID: 3a3dac52f0554c4fa7285b40fdf4ced5' -> (Import Result ID: 'fb0e897a906242725a406c25d4bffc78') in 0.013 seconds [static and dynamic dependencies]. Details - ImportResultOutputID=f1d48c0dddb7bbaccccbe4f96fbf827c DependenciesID=7b23a5f48a78b717bbb599a7565f813d StaticDependenciesID=045e17facc8f113ef595e4f8597d5b7e 
Importing 'GUID: 5a351eab11204a6688a4eed5277a2d29 - Path: Assets/TumbangPreso/Resources/UI/input/xelu/dark/7_Key_Dark.png' with importer (TextureImporter)
Imported 'GUID: 5a351eab11204a6688a4eed5277a2d29' -> (Import Result ID: 'c3d77989d349863d4730f076db574abc') in 0.013 seconds [static and dynamic dependencies]. Details - ImportResultOutputID=e88e15e1f2522f6901f7a01adcb9bdf8 DependenciesID=07ebf4edbff20c1121c4b543c6ecddb0 StaticDependenciesID=4837bca2f06e87771305d382073d9064 
Importing 'GUID: 5a772ef2c52145aea3d3836fc493fd95 - Path: Assets/TumbangPreso/Resources/UI/map-cards/SaBubong.png' with importer (TextureImporter)
Imported 'GUID: 5a772ef2c52145aea3d3836fc493fd95' -> (Import Result ID: '87aeeecf52038afb4fbc1781176821d9') in 0.036 seconds [static and dynamic dependencies]. Details - ImportResultOutputID=3deae0d1234680ae1661ee216dfd397f DependenciesID=4acbc914430559d72aa92860637811ab StaticDependenciesID=a990388dc31bac8f5dcd9f5c145e86e4 
Importing 'GUID: 6aac39ccc23f4173aaad922db14bbe74 - Path: Assets/TumbangPreso/Resources/UI/input/xelu/dark/Y_Key_Dark.png' with importer (TextureImporter)
Imported 'GUID: 6aac39ccc23f4173aaad922db14bbe74' -> (Import Result ID: '34bd9e69b30e9381406730568e654629') in 0.012 seconds [static and dynamic dependencies]. Details - ImportResultOutputID=acb6dd69afea0568630210ceab062341 DependenciesID=0f3b33a15476fed39e15b3b72662191e StaticDependenciesID=f30be52d612c200b920e974ce9b65c03 
Importing 'GUID: 9a5f0625d7b848f7bba662ca281e79df - Path: Assets/TumbangPreso/Resources/UI/input/xelu/dark/V_Key_Dark.png' with importer (TextureImporter)
Imported 'GUID: 9a5f0625d7b848f7bba662ca281e79df' -> (Import Result ID: '0fa97fd239529a6e8524a4422fe2b23c') in 0.013 seconds [static and dynamic dependencies]. Details - ImportResultOutputID=15127478fc4fb1b32004eaf69a89dda0 DependenciesID=8600c4ee14e93479e5b651760ea67739 StaticDependenciesID=dd7025956af65c5d92215a37a528653c 
Importing 'GUID: aa68f36d0daa4c1393f5f1af77fc64a6 - Path: Assets/TumbangPreso/Resources/UI/input/xelu/light/R_Key_Light.png' with importer (TextureImporter)
Imported 'GUID: aa68f36d0daa4c1393f5f1af77fc64a6' -> (Import Result ID: '230b1b0a0a453941ccc938be59bfd48b') in 0.013 seconds [static and dynamic dependencies]. Details - ImportResultOutputID=de21ea05f1568661dcea0fb2a78064ef DependenciesID=2463d460aad12b403917a0428ce6869f StaticDependenciesID=290f12312b56e0382c68c4c1f302c071 
Importing 'GUID: ba38ce15ef184d77bceaeecea13c004f - Path: Assets/TumbangPreso/Resources/UI/input/xelu/ps/PS5_Options.png' with importer (TextureImporter)
Imported 'GUID: ba38ce15ef184d77bceaeecea13c004f' -> (Import Result ID: '12affeb89f24cf3ec4677da6a1784a3b') in 0.013 seconds [static and dynamic dependencies]. Details - ImportResultOutputID=25a4276f4801ddfc103a96ad9d9143c2 DependenciesID=023b364797c20a77715a2900a794d105 StaticDependenciesID=23bbc1609600bcdc719daeab2761ae2d 
Importing 'GUID: ea203462f1be46178ec2a8926578e08b - Path: Assets/TumbangPreso/Resources/UI/input/xelu/light/Enter_Key_Light.png' with importer (TextureImporter)
Imported 'GUID: ea203462f1be46178ec2a8926578e08b' -> (Import Result ID: '9844f5d4d994dbf2fc132a2a1932d0a1') in 0.014 seconds [static and dynamic dependencies]. Details - ImportResultOutputID=e408b2c1e4f69dd6ad0b82ea3f7f51f1 DependenciesID=1134760151383c075944c1cd39679624 StaticDependenciesID=74220f1cc6f1c9be26b23c51a52f6b1d 
Importing 'GUID: ea95365903874245bf05a4107efc4b47 - Path: Assets/TumbangPreso/Resources/UI/input/xelu/light/I_Key_Light.png' with importer (TextureImporter)
Imported 'GUID: ea95365903874245bf05a4107efc4b47' -> (Import Result ID: '23eefb9a8c6806960b7b3f064642b22b') in 0.016 seconds [static and dynamic dependencies]. Details - ImportResultOutputID=1fd94a3f5d0e228f221a4e28a8a1f46c DependenciesID=d6e6251ed032c4fd485cf1cd5f176ce6 StaticDependenciesID=2ce0e40e32af1f69cdfb7a4aa0bcedb8 
Importing 'GUID: fa04b090a19c4925a4442087d5e5a08f - Path: Assets/TumbangPreso/Resources/UI/input/xelu/dark/Slash_Key_Dark.png' with importer (TextureImporter)
Imported 'GUID: fa04b090a19c4925a4442087d5e5a08f' -> (Import Result ID: '7e6a865dfad0d76ece314ba090c5ecd8') in 0.016 seconds [static and dynamic dependencies]. Details - ImportResultOutputID=f9b91b3e8c15329f809aed7502a3c07e DependenciesID=d9623e150cb1ad381538a1964b2961fb StaticDependenciesID=7bb1996c32ace7bdb208092c9ab69c71 
Importing 'GUID: 0b7b24971f9a4aeca75d63330dd8e5e7 - Path: Assets/TumbangPreso/Resources/UI/input/xelu/light/F9_Key_Light.png' with importer (TextureImporter)
Imported 'GUID: 0b7b24971f9a4aeca75d63330dd8e5e7' -> (Import Result ID: 'a1d5c51efc67c9dac16fd7bc1d79bd09') in 0.012 seconds [static and dynamic dependencies]. Details - ImportResultOutputID=0110f566a8ae6881f1d2e122411bd4f3 DependenciesID=681c4c482b81b0c619ad11f845bf721b StaticDependenciesID=912f37467bcf0380d6218b4ed96b02a0 
Importing 'GUID: 1b49883bf9394511917e53b2cec289ca - Path: Assets/TumbangPreso/Resources/UI/input/xelu/dark/H_Key_Dark.png' with importer (TextureImporter)
Imported 'GUID: 1b49883bf9394511917e53b2cec289ca' -> (Import Result ID: 'c5d38decfabbbdc89650e2beb13b056e') in 0.012 seconds [static and dynamic dependencies]. Details - ImportResultOutputID=57810f954c5265c2a5c42c9306e34c38 DependenciesID=ca22777c77dce9ac7222abded72c788c StaticDependenciesID=93f6de77dd1aa596f95d966c35e6e55b 
Importing 'GUID: 3bd12aac06394a55ac82f595a0a49733 - Path: Assets/TumbangPreso/Resources/UI/input/xelu/light/G_Key_Light.png' with importer (TextureImporter)
Imported 'GUID: 3bd12aac06394a55ac82f595a0a49733' -> (Import Result ID: 'aa547048320901237bd979ccc21f8304') in 0.013 seconds [static and dynamic dependencies]. Details - ImportResultOutputID=999661c12cefa3580235b2a196dd959c DependenciesID=fa67d058edc9b5aa6e691d5e1773522a StaticDependenciesID=e33347447c96269bd71ab04b4e80cfdc 
Importing 'GUID: 3b1a1a3c8e6b4e6587894770b1830c0e - Path: Assets/TumbangPreso/Resources/UI/input/xelu/ps/PS5_Right_Stick_Click.png' with importer (TextureImporter)
Imported 'GUID: 3b1a1a3c8e6b4e6587894770b1830c0e' -> (Import Result ID: '48b3b3d8145ab2dd1df80d8ce084704f') in 0.012 seconds [static and dynamic dependencies]. Details - ImportResultOutputID=f30b436bbd57e8ae1102d0f03e54418f DependenciesID=62aa95198a09e27c98db1461134e2eca StaticDependenciesID=e612f5cae35e44ca34667c4cec9c1eec 
Importing 'GUID: 3b4c20a08b2f44b7b9d6ca6e6dd75566 - Path: Assets/TumbangPreso/Resources/UI/input/xelu/dark/Q_Key_Dark.png' with importer (TextureImporter)
Imported 'GUID: 3b4c20a08b2f44b7b9d6ca6e6dd75566' -> (Import Result ID: '7a52a0b1ae959680e57da9581982a9a7') in 0.022 seconds [static and dynamic dependencies]. Details - ImportResultOutputID=e5bed27acb8c997625a0f74c706718e7 DependenciesID=e3cb2dfafa8ae495c9605e81b21e3348 StaticDependenciesID=635b928c5eb51a6beae5ff85ebfdb9cf 
Importing 'GUID: 5b14b72f62f947f9a1b1c1bd5ef858c2 - Path: Assets/TumbangPreso/Resources/UI/input/xelu/light/N_Key_Light.png' with importer (TextureImporter)
Imported 'GUID: 5b14b72f62f947f9a1b1c1bd5ef858c2' -> (Import Result ID: 'b8bccd1bcb27724252cda7f3b002158e') in 0.027 seconds [static and dynamic dependencies]. Details - ImportResultOutputID=393782195977e2f36edfc6a3c096b28e DependenciesID=7f5cd8344431efa7ec6cfb0e653b0434 StaticDependenciesID=a7074d148afb5444059ccf796bc56195 
Importing 'GUID: 6b294ba7d8764978b04de39e5574cef8 - Path: Assets/TumbangPreso/Resources/UI/input/xelu/ps/PS5_Dpad.png' with importer (TextureImporter)
Imported 'GUID: 6b294ba7d8764978b04de39e5574cef8' -> (Import Result ID: '735a60ec1864ad41c12da21d85c9f8d1') in 0.015 seconds [static and dynamic dependencies]. Details - ImportResultOutputID=60a0e39a95d0b5dfd4e63e24f64db54f DependenciesID=89a9cfa7844998a8ba91b9d31b6bd143 StaticDependenciesID=bf5d05b63f365ccce2e92014e59a1325 
Importing 'GUID: 7bebdb15f34d4d78bd09d60b0beb7146 - Path: Assets/TumbangPreso/Resources/UI/input/xelu/xbox/XboxSeriesX_LT.png' with importer (TextureImporter)
Imported 'GUID: 7bebdb15f34d4d78bd09d60b0beb7146' -> (Import Result ID: 'f632e9598a3fcd0bc1c760d9d4346fff') in 0.012 seconds [static and dynamic dependencies]. Details - ImportResultOutputID=3aee460c5772b2dcccd6aa8fee898b71 DependenciesID=86a70abc2cf8cdcde496eb7faef6dd76 StaticDependenciesID=4cc4b5d6549cbf92a27770d396e9d91f 
Importing 'GUID: ab6d9c0540f641c482939911db279c10 - Path: Assets/TumbangPreso/Resources/UI/input/xelu/light/Tab_Key_Light.png' with importer (TextureImporter)
Imported 'GUID: ab6d9c0540f641c482939911db279c10' -> (Import Result ID: 'e99a666e837eb889559189095e31952d') in 0.013 seconds [static and dynamic dependencies]. Details - ImportResultOutputID=0485fd1d95d74292e51835ab28b79221 DependenciesID=b42eba05c3edf983da2017bdefacc89f StaticDependenciesID=4d2ab26c59cdc24725f6fff4f7643ee6 
Importing 'GUID: abdf42083ce14213a3d22e23979d3772 - Path: Assets/TumbangPreso/Resources/UI/input/xelu/ps/PS5_Dpad_Down.png' with importer (TextureImporter)
Imported 'GUID: abdf42083ce14213a3d22e23979d3772' -> (Import Result ID: '35e47f39a5ca4644e8d88da15c666e3e') in 0.005 seconds [static and dynamic dependencies]. Details - ImportResultOutputID=f360896f6d70447258f146a8893b0eb3 DependenciesID=30f1c220c2109aba5bcc6741c82b4749 StaticDependenciesID=a08a07c271e7a0ccf22a33d6cf1178f7 
Importing 'GUID: bb4e9fb396b44ce49517f826c6ff2bea - Path: Assets/TumbangPreso/Resources/UI/input/xelu/light/X_Key_Light.png' with importer (TextureImporter)
Imported 'GUID: bb4e9fb396b44ce49517f826c6ff2bea' -> (Import Result ID: '9e2d6c65848d9d79f97198178ddc321b') in 0.011 seconds [static and dynamic dependencies]. Details - ImportResultOutputID=bbf1f8123ad72e713a2b567b32a07d68 DependenciesID=32196b331f318ee32899398d36214862 StaticDependenciesID=3df3bf46f0d8d757c9ca7a5f1f6ce487 
Importing 'GUID: 0c5a1219907298c4e9a37b1695215d93 - Path: Assets/TumbangPreso/Resources/UI/map-cards/Kanto.png' with importer (TextureImporter)
Imported 'GUID: 0c5a1219907298c4e9a37b1695215d93' -> (Import Result ID: '8b52d8aa5a08e3e8fbf0c1e74e97df3b') in 0.030 seconds [static and dynamic dependencies]. Details - ImportResultOutputID=6d897af9a53ea6d01c55edd69d3585bf DependenciesID=5b9df619d55fb08e2b33a23c717ba271 StaticDependenciesID=a08f208074bee2407f799c733c3ade2f 
Importing 'GUID: 1c891d1b75c047688a0473cbb8c25f75 - Path: Assets/TumbangPreso/Resources/UI/input/xelu/dark/5_Key_Dark.png' with importer (TextureImporter)
Imported 'GUID: 1c891d1b75c047688a0473cbb8c25f75' -> (Import Result ID: 'd473b3d8538093d58b171dc466c31ce8') in 0.013 seconds [static and dynamic dependencies]. Details - ImportResultOutputID=3e1a9f6f11ade23ce694901afa178f8d DependenciesID=20d8838ba9f3a7e88608708c4de3c977 StaticDependenciesID=211d5276debacf39de3e2acecd690030 
Importing 'GUID: 3c33ea24ea67493aa7fa7d8f372afb39 - Path: Assets/TumbangPreso/Resources/UI/input/xelu/xbox/XboxSeriesX_View.png' with importer (TextureImporter)
Imported 'GUID: 3c33ea24ea67493aa7fa7d8f372afb39' -> (Import Result ID: '42b1679e6d78bd83e8918cb92c6e887f') in 0.012 seconds [static and dynamic dependencies]. Details - ImportResultOutputID=64e085c8b867758fe994c229d621368e DependenciesID=6e4d613717f5f830ea7ae7adfb9faaea StaticDependenciesID=6a7a34f8560cfb2be11f7ce74e5407f0 
Importing 'GUID: 4c16dfec869a48a1a34fc9e1a5292228 - Path: Assets/TumbangPreso/Resources/UI/input/xelu/dark/Win_Key_Dark.png' with importer (TextureImporter)
Imported 'GUID: 4c16dfec869a48a1a34fc9e1a5292228' -> (Import Result ID: 'a83e0e9f89c449a85b1e2a49888a88bf') in 0.012 seconds [static and dynamic dependencies]. Details - ImportResultOutputID=e9621b1d7502251d3c42d2e5353f00ae DependenciesID=a087e4e1ece445ee13a132f71c50da9e StaticDependenciesID=0429f2f06a41eb767a7aa8e47a927aea 
Importing 'GUID: 5ca49dee23bc40828bb727ceba3fbe49 - Path: Assets/TumbangPreso/Resources/UI/input/xelu/light/Q_Key_Light.png' with importer (TextureImporter)
Imported 'GUID: 5ca49dee23bc40828bb727ceba3fbe49' -> (Import Result ID: 'ca86992f79b9f9d1d2bc87264805b1aa') in 0.013 seconds [static and dynamic dependencies]. Details - ImportResultOutputID=6a7c465cca82c21de0ec8319b72747f2 DependenciesID=d9cac99f85c00cf621d25248eac44a98 StaticDependenciesID=356a04f5b489519ea77359a7bfecf145 
Importing 'GUID: 5c6bc8fb669a4b8888c2dc267d3a9947 - Path: Assets/TumbangPreso/Resources/UI/input/xelu/dark/F8_Key_Dark.png' with importer (TextureImporter)
Imported 'GUID: 5c6bc8fb669a4b8888c2dc267d3a9947' -> (Import Result ID: 'f684c5212c376b6e0b52b2b3204b8021') in 0.036 seconds [static and dynamic dependencies]. Details - ImportResultOutputID=3586d557809d975a751dd0ce023f3cdc DependenciesID=fb354312697a5aa65ad72c8550f45496 StaticDependenciesID=9bea0d942bcb4cbcabd14458182c6d36 
Importing 'GUID: 7c7f89efd52d441896492ff03d36f355 - Path: Assets/TumbangPreso/Resources/UI/input/xelu/light/Semicolon_Key_Light.png' with importer (TextureImporter)
Imported 'GUID: 7c7f89efd52d441896492ff03d36f355' -> (Import Result ID: '88fbf41a7b285b3591a7a32804705bd0') in 0.021 seconds [static and dynamic dependencies]. Details - ImportResultOutputID=b5da348997ac03f3b8bed77c7118950c DependenciesID=96045bffb27e169fcf2c3d82f5b442d4 StaticDependenciesID=88dc7eeebbf13cf9600287a8f610ba86 
Importing 'GUID: 8cfae8274c44484c98ed113bef6ee7eb - Path: Assets/TumbangPreso/Resources/UI/input/xelu/light/F2_Key_Light.png' with importer (TextureImporter)
Imported 'GUID: 8cfae8274c44484c98ed113bef6ee7eb' -> (Import Result ID: 'eaded3d4572ce555e76b6dc31003f8cd') in 0.018 seconds [static and dynamic dependencies]. Details - ImportResultOutputID=3dafa3a6050dd39c77ea5e887101ca14 DependenciesID=8085089d3229a68640fdf4b947740e76 StaticDependenciesID=6dcf30f1e50f29ac3c2a523d6a5790dc 
Importing 'GUID: acebb60acf844c75b5f180fe01bead81 - Path: Assets/TumbangPreso/Resources/UI/input/xelu/dark/F5_Key_Dark.png' with importer (TextureImporter)
Imported 'GUID: acebb60acf844c75b5f180fe01bead81' -> (Import Result ID: '321c7be8479bbb8576ec2e5f40c289b6') in 0.019 seconds [static and dynamic dependencies]. Details - ImportResultOutputID=05098fc3c98d2645933131396019a5ff DependenciesID=f43bccf753a7efc376211e9b9b227594 StaticDependenciesID=daad5bd38ad121fafaa9da2dcd3fad9f 
Importing 'GUID: bc82e046bd434023b16e2e395eb339b2 - Path: Assets/TumbangPreso/Resources/UI/input/xelu/light/Ctrl_Key_Light.png' with importer (TextureImporter)
Imported 'GUID: bc82e046bd434023b16e2e395eb339b2' -> (Import Result ID: 'b27d18d701b45fa8aa998ebd439bae62') in 0.020 seconds [static and dynamic dependencies]. Details - ImportResultOutputID=34d13936b5fb6ce6e3962103e5ef6e4b DependenciesID=e139ba5cf88b85de44d7064bb436995a StaticDependenciesID=c7d7d704fb46d058b309bcad9e1a9eef 
Importing 'GUID: dc5b9aa535ed40399e07557ea7dd6f94 - Path: Assets/TumbangPreso/Resources/UI/input/xelu/light/Y_Key_Light.png' with importer (TextureImporter)
Imported 'GUID: dc5b9aa535ed40399e07557ea7dd6f94' -> (Import Result ID: 'a73634d2db3de869d7478b4e5a023491') in 0.017 seconds [static and dynamic dependencies]. Details - ImportResultOutputID=713ece64c7dfb5b7096d2122e9a9c527 DependenciesID=e0423a70136333311796041b3c3757b1 StaticDependenciesID=bff42a32ab74f2389e59393478321ad2 
Importing 'GUID: ec51c442d71349beb340b13111a16ec9 - Path: Assets/TumbangPreso/Resources/UI/input/xelu/light/End_Key_Light.png' with importer (TextureImporter)
Imported 'GUID: ec51c442d71349beb340b13111a16ec9' -> (Import Result ID: '2f5e3c511a17c46c3a5efb103a7e50fa') in 0.017 seconds [static and dynamic dependencies]. Details - ImportResultOutputID=3f60fd69c19d39b11b0f2d5f9a84dcb5 DependenciesID=3a22a31d343fd2bb95e2dc64a09c6359 StaticDependenciesID=113fb11a4cece522cbe88d3fe56c138c 
Importing 'GUID: ec524f64afd1463f88db89f1d8ec0ef9 - Path: Assets/TumbangPreso/Resources/UI/input/xelu/dark/F2_Key_Dark.png' with importer (TextureImporter)
Imported 'GUID: ec524f64afd1463f88db89f1d8ec0ef9' -> (Import Result ID: '658fcdfcfaf194e9cf6b13dddfc622fb') in 0.013 seconds [static and dynamic dependencies]. Details - ImportResultOutputID=09dd01e71e0c00129d5a7289e6cd9c08 DependenciesID=e2d6b64699bc8bb78f0a99d14f1af64d StaticDependenciesID=8377180fb666eac0a420c26a7c3ad2c2 
Importing 'GUID: ec273c9d575f4b278d3067267ff67575 - Path: Assets/TumbangPreso/Resources/UI/input/xelu/light/6_Key_Light.png' with importer (TextureImporter)
Imported 'GUID: ec273c9d575f4b278d3067267ff67575' -> (Import Result ID: '19b91990bbed080e69eea06e426ec84e') in 0.019 seconds [static and dynamic dependencies]. Details - ImportResultOutputID=49f75c865d8cbdbe92628b0b97d005aa DependenciesID=d82068124f6aa8c9fd6f8f94629dcdcc StaticDependenciesID=450a137bb376932264009687e64c2df3 
Importing 'GUID: ec3f54b854084ef78bd25739c1dd27c2 - Path: Assets/TumbangPreso/Resources/UI/input/xelu/dark/Mouse_Simple_Key_Dark.png' with importer (TextureImporter)
Imported 'GUID: ec3f54b854084ef78bd25739c1dd27c2' -> (Import Result ID: 'd1d40a23b165e48e89951479efeffec3') in 0.016 seconds [static and dynamic dependencies]. Details - ImportResultOutputID=92500cbb6ac0ccd6750f12ce4db54a93 DependenciesID=3441d1196e06a3d6ae336188601e3d6d StaticDependenciesID=496ca041e85c24df0f743ba52f2e8a89 
Importing 'GUID: 1d58f05cd0134ab5a381fa8e73685bc0 - Path: Assets/TumbangPreso/Resources/UI/input/xelu/light/D_Key_Light.png' with importer (TextureImporter)
Imported 'GUID: 1d58f05cd0134ab5a381fa8e73685bc0' -> (Import Result ID: '3245ce7f4d44a00847e7f4948014b60f') in 0.016 seconds [static and dynamic dependencies]. Details - ImportResultOutputID=ab512856eadcf4bd7c000e5835a1dab4 DependenciesID=936045d21a5efe41b7816cdf6ddfe3cf StaticDependenciesID=4dacf39874337cb0aa66fbdb7792c568 
Importing 'GUID: 1dd8c8e58b754f73889c627d522ff272 - Path: Assets/TumbangPreso/Resources/UI/input/xelu/light/F11_Key_Light.png' with importer (TextureImporter)
Imported 'GUID: 1dd8c8e58b754f73889c627d522ff272' -> (Import Result ID: '07240b0042fa187e56e4e9ad7788d3fb') in 0.020 seconds [static and dynamic dependencies]. Details - ImportResultOutputID=8d96bb1fb0d726c610ef487b7b032311 DependenciesID=72fb9ea5f9ff5e4c2b69288e85d0aae8 StaticDependenciesID=47df7ca4946aa3268db3ae3921a6e3a4 
Importing 'GUID: 4d872d0ef4ff4608a0d53f8fa04010a3 - Path: Assets/TumbangPreso/Resources/UI/input/xelu/dark/E_Key_Dark.png' with importer (TextureImporter)
Imported 'GUID: 4d872d0ef4ff4608a0d53f8fa04010a3' -> (Import Result ID: 'e76ca44c552a8c20bf21cb474eb8aed8') in 0.019 seconds [static and dynamic dependencies]. Details - ImportResultOutputID=6ecd6876ffe0ef79440a3ad14d2f7229 DependenciesID=f642efe2e715e8619c20669aae6693aa StaticDependenciesID=8ff740c21144c33986cda1afa724017f 
Importing 'GUID: 4d5fca11cf1f43dcbd7b7a0548789be6 - Path: Assets/TumbangPreso/Resources/UI/input/xelu/xbox/XboxSeriesX_RT.png' with importer (TextureImporter)
Imported 'GUID: 4d5fca11cf1f43dcbd7b7a0548789be6' -> (Import Result ID: 'f47bcbb67c923f67b481f9bfdf749b84') in 0.015 seconds [static and dynamic dependencies]. Details - ImportResultOutputID=145b0ae1e91fa3c7d8b83acde9fd250f DependenciesID=9684de77aae597b43c8f8799ca8b7f30 StaticDependenciesID=19072fd581326e401e7fed38ae4d7ffa 
Importing 'GUID: 5dd20eaf02b142d4a0b42fab799c8a9f - Path: Assets/TumbangPreso/Resources/UI/input/xelu/light/Insert_Key_Light.png' with importer (TextureImporter)
Imported 'GUID: 5dd20eaf02b142d4a0b42fab799c8a9f' -> (Import Result ID: '8d73efda9b9e7fb23dcab9148eef74f7') in 0.020 seconds [static and dynamic dependencies]. Details - ImportResultOutputID=18b30358cdbce3714d143f33eda78d5d DependenciesID=d02676116265b4a28a479bb79eb1d0c4 StaticDependenciesID=79874b6bdf6f85d3511020dc7f85cf53 
Importing 'GUID: 5d98d867f27d4b7a8709f2d41852bad5 - Path: Assets/TumbangPreso/Resources/UI/input/xelu/light/F1_Key_Light.png' with importer (TextureImporter)
Imported 'GUID: 5d98d867f27d4b7a8709f2d41852bad5' -> (Import Result ID: '29fc6c7a3d5d8bf203c03b4db569b0b6') in 0.021 seconds [static and dynamic dependencies]. Details - ImportResultOutputID=c067737e359dad6e899175b930a80619 DependenciesID=a65278447c313986f2340a04a51b6f19 StaticDependenciesID=dd27b3590028dcb8151b0cff75359298 
Importing 'GUID: 5d2d83a50ee8430ebbf7431dc4dc5d97 - Path: Assets/TumbangPreso/Resources/UI/input/xelu/dark/Mouse_Middle_Key_Dark.png' with importer (TextureImporter)
Imported 'GUID: 5d2d83a50ee8430ebbf7431dc4dc5d97' -> (Import Result ID: '9f6f73d5bfa1c1422ff300972a16ba34') in 0.014 seconds [static and dynamic dependencies]. Details - ImportResultOutputID=7ff9538b49302e0f993985cee065158a DependenciesID=17d32e0ba9be841149730da616ef26fd StaticDependenciesID=01c7ec47a33e370e7ce59f087d04ca6c 
Importing 'GUID: 5d9ef8995b5b40bfaed9a8391222d8f7 - Path: Assets/TumbangPreso/Resources/UI/input/xelu/light/Win_Key_Light.png' with importer (TextureImporter)
Imported 'GUID: 5d9ef8995b5b40bfaed9a8391222d8f7' -> (Import Result ID: '46ca7d77e4d2adcfebc0d0aa531ed8b9') in 0.026 seconds [static and dynamic dependencies]. Details - ImportResultOutputID=a4f184f7ba73a30bdf5a76021314a596 DependenciesID=b7813ac3b4b83f50f5343b2d24fdf5e6 StaticDependenciesID=7ddedbd2715f4e78c533fcf57b0e1eee 
Importing 'GUID: 6df32ad5d6c88f04a84a9cbe7e72eb44 - Path: Assets/TumbangPreso/Resources/UI/map-cards/LagoonCove.png' with importer (TextureImporter)
Imported 'GUID: 6df32ad5d6c88f04a84a9cbe7e72eb44' -> (Import Result ID: '0b5f88d854b7fa28d6bad141b18228c7') in 0.040 seconds [static and dynamic dependencies]. Details - ImportResultOutputID=a9f39b202c0be64e026e1c0064452176 DependenciesID=4cf93c0544c4890234a6aeca3b8d8792 StaticDependenciesID=774f4ecba5e86e0c16b67957e42c21c2 
Importing 'GUID: 8de6e0e1dbfd402c8bbc92c79fcfbd37 - Path: Assets/TumbangPreso/Resources/UI/input/xelu/light/Mouse_Left_Key_Light.png' with importer (TextureImporter)
Imported 'GUID: 8de6e0e1dbfd402c8bbc92c79fcfbd37' -> (Import Result ID: 'd92f70454e14c05aa4fe7320fedd93c6') in 0.014 seconds [static and dynamic dependencies]. Details - ImportResultOutputID=0fa6cb4cf44461f72ad399ad8d485ca4 DependenciesID=28f0db0a66a0ee78f952f1138cefd65c StaticDependenciesID=7dcc27b08f497a2690b2b9da74525d61 
Importing 'GUID: 9d83af6328a94bd688240c76123cbb63 - Path: Assets/TumbangPreso/Resources/UI/input/xelu/xbox/XboxSeriesX_A.png' with importer (TextureImporter)
Imported 'GUID: 9d83af6328a94bd688240c76123cbb63' -> (Import Result ID: '273d846bd28d7f7851ccd9ac1a412365') in 0.015 seconds [static and dynamic dependencies]. Details - ImportResultOutputID=27ded3f92f5cd40e03913bb9c7c5aae9 DependenciesID=4d19813d8a8670b09ada17ccf95e52f7 StaticDependenciesID=d2ff9acad03281da1c5862ec168f5908 
Importing 'GUID: addcc9f101d542bfb50d62c958e292f4 - Path: Assets/TumbangPreso/Resources/UI/input/xelu/light/8_Key_Light.png' with importer (TextureImporter)
Imported 'GUID: addcc9f101d542bfb50d62c958e292f4' -> (Import Result ID: '08cca2f679db0ef2a33ade7ca00b7773') in 0.014 seconds [static and dynamic dependencies]. Details - ImportResultOutputID=c040838101ef6e7af24e3f302ab1d358 DependenciesID=5f6598cb74318c2018273925ae164a26 StaticDependenciesID=b4cccc2a65434f7a2dcd15d548206ee3 
Importing 'GUID: bdac78e0b7834b1298695f50c654bfba - Path: Assets/TumbangPreso/Resources/UI/input/xelu/light/A_Key_Light.png' with importer (TextureImporter)
Imported 'GUID: bdac78e0b7834b1298695f50c654bfba' -> (Import Result ID: 'b11aa696ba7e205899ddcf706bca99da') in 0.016 seconds [static and dynamic dependencies]. Details - ImportResultOutputID=643239b0e5d2c1ff4cc61883762c289f DependenciesID=ab657baf92684fc16895a49a023e684a StaticDependenciesID=13a9e0f5c83abacf9e29b6b95888f1e8 
Importing 'GUID: cdf731e3a1f044c9b9d8f122b59b2747 - Path: Assets/TumbangPreso/Resources/UI/input/xelu/light/1_Key_Light.png' with importer (TextureImporter)
Imported 'GUID: cdf731e3a1f044c9b9d8f122b59b2747' -> (Import Result ID: 'e8f49b862b7638f811579a97a0761346') in 0.013 seconds [static and dynamic dependencies]. Details - ImportResultOutputID=7f247a30f1bfaa9bf384c90762bd3164 DependenciesID=27de8603a32e586f3d7355ddb3823298 StaticDependenciesID=1f52047e277c634578f28c0fcaa019b9 
Importing 'GUID: ed18359349f342fab2069838348bea7f - Path: Assets/TumbangPreso/Resources/UI/input/xelu/light/Arrow_Right_Key_Light.png' with importer (TextureImporter)
Imported 'GUID: ed18359349f342fab2069838348bea7f' -> (Import Result ID: '39b6d92d1198a6f5881e231b0310ea81') in 0.012 seconds [static and dynamic dependencies]. Details - ImportResultOutputID=7b588d7c6ac1d3c4d7f46b7f0890fa99 DependenciesID=dd5570843cb8010fb694d95a1cf5dd5b StaticDependenciesID=d66118ffa64f82071834df909f60a99b 
Importing 'GUID: fdc38319b48f4c56b9e1c9db9c5dd283 - Path: Assets/TumbangPreso/Resources/UI/input/xelu/dark/B_Key_Dark.png' with importer (TextureImporter)
Imported 'GUID: fdc38319b48f4c56b9e1c9db9c5dd283' -> (Import Result ID: '3979436aca2d7ab247006986bf29810c') in 0.015 seconds [static and dynamic dependencies]. Details - ImportResultOutputID=a9a8f7718387653b977c5001befeacea DependenciesID=39385fec8f1af047c523efd29a8c3ddd StaticDependenciesID=77f53e39abdc7217d269d8f4849c52ab 
Importing 'GUID: fd9dd2ee68764535b8d03a5a23dec425 - Path: Assets/TumbangPreso/Resources/UI/input/xelu/dark/Plus_Key_Dark.png' with importer (TextureImporter)
Imported 'GUID: fd9dd2ee68764535b8d03a5a23dec425' -> (Import Result ID: '8c112edd5a806ea23b73cf3a2f877892') in 0.015 seconds [static and dynamic dependencies]. Details - ImportResultOutputID=7df094930195f94c6633bfd53e2e0744 DependenciesID=195b21e2d6b9bfbde102b7ca39ee0303 StaticDependenciesID=92348d0bf4c2a3a6b3a9ad50e4dd268a 
Importing 'GUID: 0e0513976d7e4b42b3725fee59277bd5 - Path: Assets/TumbangPreso/Resources/UI/input/xelu/light/F12_Key_Light.png' with importer (TextureImporter)
Imported 'GUID: 0e0513976d7e4b42b3725fee59277bd5' -> (Import Result ID: '41c6ae04b6a74294b5575a87c09ab1b4') in 0.015 seconds [static and dynamic dependencies]. Details - ImportResultOutputID=e459a249683e3e5da18b8ab0bf9310ef DependenciesID=ad650e37d0e28c458b71c60354b0b3a7 StaticDependenciesID=57049590bb3efddf5a4efafbc4aab466 
Importing 'GUID: 1e1f572fc0ed43b1844b279a723a09f4 - Path: Assets/TumbangPreso/Resources/UI/input/xelu/xbox/XboxSeriesX_Dpad_Up.png' with importer (TextureImporter)
Imported 'GUID: 1e1f572fc0ed43b1844b279a723a09f4' -> (Import Result ID: '5f8de1a8fc71897bbe010a2dcf7fe30c') in 0.004 seconds [static and dynamic dependencies]. Details - ImportResultOutputID=166b12cde964ebc25efb6b41d5710a62 DependenciesID=12317ffc586b19940c4c996879f8e534 StaticDependenciesID=b4f44231fe3e824139a91fb8e14c9db8 
Importing 'GUID: 4e9deba9abf0472986c92943197c69fe - Path: Assets/TumbangPreso/Resources/UI/input/xelu/light/Minus_Key_Light.png' with importer (TextureImporter)
Imported 'GUID: 4e9deba9abf0472986c92943197c69fe' -> (Import Result ID: 'f455fbbd7e2f3c3141b621eb13ed7357') in 0.015 seconds [static and dynamic dependencies]. Details - ImportResultOutputID=8a30fb02adece3faf9c9ba5d253d7324 DependenciesID=1284eede6404fb5d5b6a2ca2fd207cc4 StaticDependenciesID=2659f71b297dc833e1d5c2cba3d6d055 
Importing 'GUID: 5e3593a1f62b4062a4310b7c92c5ad26 - Path: Assets/TumbangPreso/Resources/UI/input/xelu/light/K_Key_Light.png' with importer (TextureImporter)
Imported 'GUID: 5e3593a1f62b4062a4310b7c92c5ad26' -> (Import Result ID: '2a7c9eca2dbf2985cacf23c5d876b638') in 0.017 seconds [static and dynamic dependencies]. Details - ImportResultOutputID=cd9e4076b24f90dbe4ac6a3f5b602393 DependenciesID=0a71e8f30ae8ec903572537cd5afd4af StaticDependenciesID=e57a05fff4f5ceb1667bfa7ca1dc720b 
Importing 'GUID: 5e87e5b7d95b4699b203f462254681d2 - Path: Assets/TumbangPreso/Resources/UI/input/xelu/light/Del_Key_Light.png' with importer (TextureImporter)
Imported 'GUID: 5e87e5b7d95b4699b203f462254681d2' -> (Import Result ID: 'f184a5fc8f2fa9dc704f56566f560a90') in 0.015 seconds [static and dynamic dependencies]. Details - ImportResultOutputID=c281a25714024b751858e8ab8281c32c DependenciesID=507402ee8ee522429cfae8673f1f1aeb StaticDependenciesID=662421ca2fffb2818b88e9ba1ad252b0 
Importing 'GUID: 6ec3756aecce4d31afd9176af7305f22 - Path: Assets/TumbangPreso/Resources/UI/input/xelu/light/F_Key_Light.png' with importer (TextureImporter)
Imported 'GUID: 6ec3756aecce4d31afd9176af7305f22' -> (Import Result ID: '2d0cd900d1b9957c0ac410a1a41e3d38') in 0.015 seconds [static and dynamic dependencies]. Details - ImportResultOutputID=b0ea2e9aa35b91de26757da23531d9c4 DependenciesID=3af9215696dbab88e504a108cc12b736 StaticDependenciesID=2d7dafe8eb5acde6ad1d379216e6a5ee 
Importing 'GUID: 9ecaf2d0556b47519cea14ae1e37798f - Path: Assets/TumbangPreso/Resources/UI/input/xelu/dark/Backspace_Key_Dark.png' with importer (TextureImporter)
Imported 'GUID: 9ecaf2d0556b47519cea14ae1e37798f' -> (Import Result ID: '639125558fa4da50a6d3d6125f6f33ab') in 0.014 seconds [static and dynamic dependencies]. Details - ImportResultOutputID=bccaf9b76fb9ccceb959707fca8392f0 DependenciesID=fb485fd801a7f096c74655aa9c17685b StaticDependenciesID=5fdcca995f3c85a863f13f8af508626a 
Importing 'GUID: beb4f74f4dc648168ead5d11e8c72484 - Path: Assets/TumbangPreso/Resources/UI/map-cards/Lagoon.png' with importer (TextureImporter)
Imported 'GUID: beb4f74f4dc648168ead5d11e8c72484' -> (Import Result ID: '685892375820831b60f9b3f950b2c20d') in 0.031 seconds [static and dynamic dependencies]. Details - ImportResultOutputID=e80e5bd433fb93c336983b60bec7828b DependenciesID=259a9aae36b5b62345dbdf6531c5755c StaticDependenciesID=feeea4a3691d7054c5c9f14cc8963889 
Importing 'GUID: bea5f1afd3314be2afa50ed22b16fc3b - Path: Assets/TumbangPreso/Resources/UI/input/xelu/dark/Arrow_Right_Key_Dark.png' with importer (TextureImporter)
Imported 'GUID: bea5f1afd3314be2afa50ed22b16fc3b' -> (Import Result ID: 'dea54e9a642eacf60a829933dd378912') in 0.012 seconds [static and dynamic dependencies]. Details - ImportResultOutputID=7353fda239e601a4bed92508d2e51ead DependenciesID=b2c104604004a801c22936657aa5d4a0 StaticDependenciesID=8affd79d5fb55b9efa92d605e5c4c0b4 
Importing 'GUID: be87795d97f04064807f7d2d45a39926 - Path: Assets/TumbangPreso/Resources/UI/input/xelu/light/U_Key_Light.png' with importer (TextureImporter)
Imported 'GUID: be87795d97f04064807f7d2d45a39926' -> (Import Result ID: '80e63908fd4c6ee7821436ec32a56f56') in 0.014 seconds [static and dynamic dependencies]. Details - ImportResultOutputID=1e98e3bccf20661b70f4dacb7598778a DependenciesID=138492a4fff15f6870ecb4e95f2d3885 StaticDependenciesID=b34cfe885a57b31ec79d5573a5b577c6 
Importing 'GUID: fe451db4ebd34fbc93a8b172fd538e6a - Path: Assets/TumbangPreso/Resources/UI/input/xelu/light/Alt_Key_Light.png' with importer (TextureImporter)
Imported 'GUID: fe451db4ebd34fbc93a8b172fd538e6a' -> (Import Result ID: '0d45848debc3d0bdbe5ad0973b5b651e') in 0.014 seconds [static and dynamic dependencies]. Details - ImportResultOutputID=62b303c25d72138ae5b544b737c4c455 DependenciesID=7208d81d10ca00f1ca815044614fe3b4 StaticDependenciesID=1a60b783bcf85879269c5e0c74f4d6a5 
Importing 'GUID: fee673a23104421eaff51a46844f41d1 - Path: Assets/TumbangPreso/Resources/UI/input/xelu/dark/F12_Key_Dark.png' with importer (TextureImporter)
Imported 'GUID: fee673a23104421eaff51a46844f41d1' -> (Import Result ID: '435d150bf1dd94af086a4af119104a23') in 0.014 seconds [static and dynamic dependencies]. Details - ImportResultOutputID=b4e705fe19f4cf55833f30736697ff41 DependenciesID=accafc043cd5b8a2cd5cbeb85f2320a2 StaticDependenciesID=1cc35dd889b81c7863b2490681ae21ce 
Importing 'GUID: 0fd8133c99114d3ab73a801448be84b8 - Path: Assets/TumbangPreso/Resources/UI/input/xelu/ps/PS5_Dpad_Right.png' with importer (TextureImporter)
Imported 'GUID: 0fd8133c99114d3ab73a801448be84b8' -> (Import Result ID: 'aa06c0bc12383b0c61687adb68dc04d8') in 0.014 seconds [static and dynamic dependencies]. Details - ImportResultOutputID=e584c0def09ae88254e82ff92bbae9e3 DependenciesID=fe57255ffc17cdf45594dbb99bfe0b9d StaticDependenciesID=951e1b783b38ca5cca9dd4c6dc7fdf93 
Importing 'GUID: 3ff4f8ddb98c405b931bd0a485d11e0a - Path: Assets/TumbangPreso/Resources/UI/input/xelu/light/F8_Key_Light.png' with importer (TextureImporter)
Imported 'GUID: 3ff4f8ddb98c405b931bd0a485d11e0a' -> (Import Result ID: '44fe9e4fe6c19ba5d6a13bc4418f5f2b') in 0.012 seconds [static and dynamic dependencies]. Details - ImportResultOutputID=f8e939a9e70d2a740ff289242ebb4269 DependenciesID=f1d13a9f289ecd8aff7efcfb2d6a77f9 StaticDependenciesID=7311f0d2ca5e78ceb38681a8bbae4674 
Importing 'GUID: 3f164d8d3fa54e3eadc4d0da68ed1f8b - Path: Assets/TumbangPreso/Resources/UI/input/xelu/dark/Esc_Key_Dark.png' with importer (TextureImporter)
Imported 'GUID: 3f164d8d3fa54e3eadc4d0da68ed1f8b' -> (Import Result ID: 'ba04835405d61876ba62aaf833d749a4') in 0.014 seconds [static and dynamic dependencies]. Details - ImportResultOutputID=accb475995243bf17cec582340a4152a DependenciesID=9f6282031790579eedcc4710ccda7c97 StaticDependenciesID=b7964db46e1f3b8d7e8c4edef071635c 
Importing 'GUID: 4f728a94046c4584a8ecdf98bd80fb87 - Path: Assets/TumbangPreso/Resources/UI/input/xelu/light/2_Key_Light.png' with importer (TextureImporter)
Imported 'GUID: 4f728a94046c4584a8ecdf98bd80fb87' -> (Import Result ID: '2887f43b9daf7404bfb3881d5ae7b468') in 0.006 seconds [static and dynamic dependencies]. Details - ImportResultOutputID=4b1f56e554ca8dcb80f749a1de7f8ac9 DependenciesID=9e03a37d7d059ba1fd58e41b90dde669 StaticDependenciesID=a9bd0dfb7af033471387b17ec2934d0a 
Importing 'GUID: 5f98ab3c9fb1450dba5cfe9264965eca - Path: Assets/TumbangPreso/Resources/UI/input/xelu/dark/Page_Down_Key_Dark.png' with importer (TextureImporter)
Imported 'GUID: 5f98ab3c9fb1450dba5cfe9264965eca' -> (Import Result ID: '2f82f54f89cdef35c8f1a61dc52cd4e2') in 0.012 seconds [static and dynamic dependencies]. Details - ImportResultOutputID=a9887ddbf24365d066a8d31dd36c3288 DependenciesID=7d2249b0e697cf301062ad0d59a275b5 StaticDependenciesID=b304aa02256f4a871c17b33f5f6d1510 
Importing 'GUID: 5f989cb0d7044ea1a4d1320ab7b6bdb6 - Path: Assets/TumbangPreso/Resources/UI/input/xelu/xbox/XboxSeriesX_Dpad.png' with importer (TextureImporter)
Imported 'GUID: 5f989cb0d7044ea1a4d1320ab7b6bdb6' -> (Import Result ID: '00df4f4f7c3d643712248445e21691e0') in 0.013 seconds [static and dynamic dependencies]. Details - ImportResultOutputID=707d64bf8ae49062e822a5fb8b297426 DependenciesID=23db69018d4c81019130a584f257f823 StaticDependenciesID=6a9f5481fea68edf61332d8f7794349a 
Importing 'GUID: 8f86ce0fe1cb424a9d971b290972bd63 - Path: Assets/TumbangPreso/Resources/UI/input/xelu/dark/Del_Key_Dark.png' with importer (TextureImporter)
Imported 'GUID: 8f86ce0fe1cb424a9d971b290972bd63' -> (Import Result ID: '9f063b3470fab055e7bd6e86d5564f34') in 0.013 seconds [static and dynamic dependencies]. Details - ImportResultOutputID=ee842c2c73c309453147c78f1ba6a163 DependenciesID=11c4e6d1d6b6e0b3fbb6b78853dcf6c3 StaticDependenciesID=d98afbcddfffdf2c3c11a8cfaf64e334 
Importing 'GUID: 8fded9a754fe4f47a66f2a9dcc2fa2c1 - Path: Assets/TumbangPreso/Resources/UI/input/xelu/xbox/XboxSeriesX_Left_Stick.png' with importer (TextureImporter)
Imported 'GUID: 8fded9a754fe4f47a66f2a9dcc2fa2c1' -> (Import Result ID: 'f795667942e50b95dad6767a5014020a') in 0.011 seconds [static and dynamic dependencies]. Details - ImportResultOutputID=f0a16eec8e5a3fb81552e4267d3e1a76 DependenciesID=821704c49398c973bf06bcc1edbc8803 StaticDependenciesID=c8e953c3873090e2ac3b2734485b6913 
Importing 'GUID: 9f60e0afe2d44e239b5b3b8c72e962fb - Path: Assets/TumbangPreso/Resources/UI/input/xelu/dark/Arrow_Down_Key_Dark.png' with importer (TextureImporter)
Imported 'GUID: 9f60e0afe2d44e239b5b3b8c72e962fb' -> (Import Result ID: '6c680c3b9c0753b3b893802362123100') in 0.012 seconds [static and dynamic dependencies]. Details - ImportResultOutputID=84c3701c3135a62a0719aa7c0a09a970 DependenciesID=96ab8e1143b6e36d18f5ca6bde895747 StaticDependenciesID=e8be173bfe2a0428062a30a8caaf80ad 
Importing 'GUID: 9fc99e4118914f769728e83e03128244 - Path: Assets/TumbangPreso/Resources/UI/input/xelu/dark/F6_Key_Dark.png' with importer (TextureImporter)
Imported 'GUID: 9fc99e4118914f769728e83e03128244' -> (Import Result ID: '822b9c433aa1cb074bb6cbaddf655da5') in 0.004 seconds [static and dynamic dependencies]. Details - ImportResultOutputID=e98ab6f497f4722d79e61497be05cb6c DependenciesID=5ade549f126fa4888712d70146c63791 StaticDependenciesID=4f54d75d7dfb1863cbe952699a1cde44 
Importing 'GUID: af93714ca93e4501a0b9453bb1e1da5c - Path: Assets/TumbangPreso/Resources/UI/input/xelu/dark/X_Key_Dark.png' with importer (TextureImporter)
Imported 'GUID: af93714ca93e4501a0b9453bb1e1da5c' -> (Import Result ID: 'f305c4bbde71c9d078ef6385426645b8') in 0.011 seconds [static and dynamic dependencies]. Details - ImportResultOutputID=8eac7eb8f72cd30923a6e8d0cae0e5a7 DependenciesID=b1069c4b337436c6d4fe8b5dcbc644bf StaticDependenciesID=4bbd1a5f41ad999902c8bf71567c6aae 
Importing 'GUID: bf74316e63d0433fa2d1f226ad9251d3 - Path: Assets/TumbangPreso/Resources/UI/input/xelu/dark/F10_Key_Dark.png' with importer (TextureImporter)
Imported 'GUID: bf74316e63d0433fa2d1f226ad9251d3' -> (Import Result ID: 'c2c212297446203f91261d45a7e83ea2') in 0.011 seconds [static and dynamic dependencies]. Details - ImportResultOutputID=8f6510a15054cbcf97e6bd1707d404ec DependenciesID=ff59bd7d34f0a3483b12c17492cb7d99 StaticDependenciesID=d3369c71fa7a74f5c39c3a4c88780845 
Importing 'GUID: bfd952f15ef74001831b9d80574e625e - Path: Assets/TumbangPreso/Resources/UI/input/xelu/dark/F7_Key_Dark.png' with importer (TextureImporter)
Imported 'GUID: bfd952f15ef74001831b9d80574e625e' -> (Import Result ID: '78e55af9d378439089fde35168e769db') in 0.012 seconds [static and dynamic dependencies]. Details - ImportResultOutputID=a6e487f2d56598bc6e094a357de38398 DependenciesID=1834f8c479a59918d0a1b79d17eafa67 StaticDependenciesID=08aeef8da6733f6043db9b3fefaa004d 
Importing 'GUID: cf516d1ee92141988592b39022275427 - Path: Assets/TumbangPreso/Resources/UI/mode-cards/HeroStrikeChoice.png' with importer (TextureImporter)
Imported 'GUID: cf516d1ee92141988592b39022275427' -> (Import Result ID: '67196fba0ff0312ecf9b216d53b37fd1') in 0.036 seconds [static and dynamic dependencies]. Details - ImportResultOutputID=f1e2c0feeea7dda4e683436b8179459d DependenciesID=ca1691067b518af27adbc0308626bf52 StaticDependenciesID=1b07b45be6ac230a3e3375c32e0a2bdc 
Importing 'GUID: ef85741a04224b8bbef435d46a403ae8 - Path: Assets/TumbangPreso/Resources/UI/input/xelu/light/Bracket_Right_Key_Light.png' with importer (TextureImporter)
Imported 'GUID: ef85741a04224b8bbef435d46a403ae8' -> (Import Result ID: '295221e6d7ee85e930700f76b7a2685d') in 0.011 seconds [static and dynamic dependencies]. Details - ImportResultOutputID=848b7d95c076f06c7f7e7134575aaa33 DependenciesID=26dafa33be3141b42ba97e12eb402c8e StaticDependenciesID=9ef249050ecbb574e06a47ded31391c9 
Importing 'GUID: ef96395e72234e1fa5dacc496accadb6 - Path: Assets/TumbangPreso/Resources/UI/input/xelu/dark/F3_Key_Dark.png' with importer (TextureImporter)
Imported 'GUID: ef96395e72234e1fa5dacc496accadb6' -> (Import Result ID: '85fca063fb15944bfe07a002b316be6e') in 0.012 seconds [static and dynamic dependencies]. Details - ImportResultOutputID=a6693ea63b4ced83f61798c4c681aecc DependenciesID=2090856d9ca2d4f2293771e2fae6f42b StaticDependenciesID=2d81147803e3a7d766477a906401f4a6 
Importing 'GUID: ef683d39cc55427daacd0e3ce4974d70 - Path: Assets/TumbangPreso/Resources/UI/input/xelu/light/Quote_Key_Light.png' with importer (TextureImporter)
Imported 'GUID: ef683d39cc55427daacd0e3ce4974d70' -> (Import Result ID: '05fe5561e2b7982e788bb29c879db84a') in 0.011 seconds [static and dynamic dependencies]. Details - ImportResultOutputID=3f98412a68e5a4a38cb80c1a372d4458 DependenciesID=5fdfb97e3ae2d44f5471f2f0cfa0528f StaticDependenciesID=2b2e799c28d8e298411a48131397fc05 
Starting new worker id: 0 with log in C:/Users/matth/Documents/Codex/work/tump-competition-candidate1003i/Logs/AssetImportWorkerHW0.log
Refreshing native plugins compatible for Editor in 2.40 ms, found 0 plugins.

Asset Pipeline Refresh (id=ac9d85ef8d3088b49b6d26b38dfe869d): Total: 35.642 seconds - Initiated by InitialRefreshV2(ForceSynchronousImport)
	(Values over 0.05ms)
	Summary:
		Imports: total=216 (actual=216, local cache=0, cache server=0)
		Asset DB Process Time: managed=184 ms, native=9467 ms
		Asset DB Callback time: managed=2357 ms, native=52 ms
		Scripting: domain reloads=1, domain reload time=2901 ms, compile time=20566 ms, other=112 ms
		Project Asset Count: scripts=1725, non-scripts=10556
		Asset File Changes: new=0, changed=217, moved=0, deleted=0
		Scan Filter Count: 0
	InvokePackagesCallback: 30.155ms
	ApplyChangesToAssetFolders: 1.169ms
	Scan: 211.505ms
	Collect global state as custom dependencies: 11.653ms
	OnSourceAssetsModified: 1.560ms
	CategorizeScriptCompilationAssets: 75.830ms
	ProcessAssetsWithTransientArtifactChanges: 155.364ms
	CategorizeAssets: 177.016ms
	CompileScripts: 20565.656ms
	ImportOutOfDateAssets: 8694.296ms (5061.195ms without children)
		ImportManagerImport: 3437.156ms (7.115ms without children)
			UpdateCategorizedAssets: 1.887ms
		UnloadImportedAssets: 2.146ms
		ReloadImportedAssets: 0.062ms
		EnsureUptoDateAssetsAreRegisteredWithGuidPM: 2.041ms
		ImportSchedulerStart: 191.742ms
	PostProcessAllAssets: 2377.345ms
		XRBuildSystem.XRAssetImported 1.625ms
		RaytracingShaderImportPostprocess 0.998ms
		ShaderAssetModifiedCallback 0.906ms
		PostProcessCallbackCreateDeferredMaterials 0.868ms
		ComputeShaderImportPostprocess 0.797ms
		SpeedTreeImporter.PostprocessAllAssets 0.672ms
		BlockShaderImporter.PostprocessAllAssets 0.385ms
		LocalizationDatabase.AssetDatabasePostprocessCallback 0.381ms
		AssemblyValidation.PostprocessAllAssets 0.357ms
		MonoPostProcessAllAssets: 2354.870ms
			UniversalRenderPipelineGlobalSettingsPostprocessor.OnPostprocessAllAssets 1830.153ms
			AssetPostprocessor.OnPostprocessAllAssets 88.334ms
			AssetPostprocessorProxy.OnPostprocessAllAssets 70.992ms
			StyleCatalogPostProcessor.OnPostprocessAllAssets 39.969ms
			SyncVS.PostprocessSyncProject 34.896ms
			NetworkPrefabProcessor.OnPostprocessAllAssets 23.849ms
			ShaderGraphAssetPostProcessor.OnPostprocessAllAssets 14.791ms
			BuilderAssetPostprocessor.OnPostprocessAllAssets 9.023ms
			WindowAssetPostprocessingWatcher.OnPostprocessAllAssets 6.540ms
			PostProcessor.OnPostprocessAllAssets 3.600ms
			AssetChangedListener.OnPostprocessAllAssets 3.572ms
			TextAssetPostProcessor.OnPostprocessAllAssets 3.459ms
			EditModeScopePostprocessor.OnPostprocessAllAssets 3.009ms
			MaterialPostprocessor.OnPostprocessAllAssets 2.918ms
			SpeedTree9Postprocessor.OnPostprocessAllAssets 2.814ms
			RetainedModeAssetPostprocessor.OnPostprocessAllAssets 2.503ms
			InputActionAssetPostprocessor.OnPostprocessAllAssets 2.044ms
			SampleDependencyImporterPostProcessor.OnPostprocessAllAssets 1.968ms
			InputActionJsonNameModifierAssetProcessor.OnPostprocessAllAssets 1.959ms
			ShaderReflectionAssetPostProcessor.OnPostprocessAllAssets 0.689ms
			ArtifactBrowserPostProcessor.OnPostprocessAllAssets 0.654ms
			TMPro_TexturePostProcessor.OnPostprocessAllAssets 0.642ms
			ReferencedClipsPostProcessor.OnPostprocessAllAssets 0.531ms
			AudioMixerPostprocessor.OnPostprocessAllAssets 0.479ms
			AssetEvents.OnPostprocessAllAssets 0.443ms
			ConfigAssetsTracker.OnPostprocessAllAssets 0.442ms
			AssetDatabaseCallbacks.OnPostprocessAllAssets 0.418ms
			ScenarioDriftAssetsTracker.OnPostprocessAllAssets 0.400ms
			ProjectSettingsPostprocessor.OnPostprocessAllAssets 0.251ms
			TerrainToolbarOverlayPostProcessor.OnPostprocessAllAssets 0.250ms
			SpeedTreePostProcessor.OnPostprocessAllAssets 0.210ms
			AudioContainerPostProcessor.OnPostprocessAllAssets 0.131ms
			RenderPipelineGlobalSettingsPostprocessor.OnPostprocessAllAssets 0.117ms
	PostAssetChangesProfiler: 6.830ms
	UnloadStreamsBegin: 2.812ms
	PersistCurrentRevisions: 0.938ms
	GenerateScriptTypeHashes: 11.276ms
	GenerateScriptTypeSerializationHashes: 24.011ms
	Untracked: 3321.897ms

Application.AssetDatabase Initial Refresh End
Launched and connected shader compiler UnityShaderCompiler.exe after 0.05 seconds
Worker ready: AssetImportWorkerHW0 0
Scanning for USB devices : 6.963ms
Initializing Unity extensions:
[MODES] ModeService[none].Initialize
[MODES] ModeService[none].LoadModes
[MODES] Loading mode Default (0) for mode-current-id-Tumbang Preso
Unloading 260 Unused Serialized files (Serialized files now loaded: 0)
Unloading 8053 unused Assets / (15.4 MB). Loaded Objects now: 9077.
Memory consumption went from 0.57 GB to 0.55 GB.
Total: 47.990700 ms (FindLiveObjects: 1.804300 ms CreateObjectMapping: 6.754400 ms MarkObjects: 15.811100 ms  DeleteObjects: 23.322100 ms)

D3D11 device created for Microsoft Media Foundation video decoding.
[Project] Loading completed in 46.495 seconds
	Project init time: 				45.909 seconds
		Template init time: 		0.000 seconds
		Package Manager init time: 		0.523 seconds
		Asset Database init time: 		1.016 seconds
		Global illumination init time: 	0.005 seconds
		Assemblies load time: 			5.480 seconds
		Unity extensions init time: 	0.044 seconds
		Asset Database refresh time: 	35.642 seconds
	Scene opening time: 			0.359 seconds
##utp:{"type":"ProjectInfo","version":2,"phase":"Immediate","time":1791269825176,"processId":22772,"projectLoad":46.4952872,"projectInit":45.9086062,"templateInit":0.0,"packageManagerInit":0.5230512,"assetDatabaseInit":1.016013,"globalIlluminationInit":0.0049157,"assembliesLoad":5.4796071,"unityExtensionsInit":0.0442395,"assetDatabaseRefresh":35.6422927,"sceneOpening":0.3591521}
##utp:{"type":"EditorInfo","version":2,"phase":"Immediate","time":1791269825177,"processId":22772,"editorVersion":"6000.5.8f1 (5cb7df797b7d)","branch":"6000.5/staging","buildType":"Release","platform":"Windows"}

Asset Pipeline Refresh (id=055445e1599c876439ea5d6e6d66f6f9): Total: 0.352 seconds - Initiated by RefreshV2(ForceSynchronousImport)
	(Values over 0.05ms)
	Summary:
		Imports: total=0 (actual=0, local cache=0, cache server=0)
		Asset DB Process Time: managed=0 ms, native=350 ms
		Asset DB Callback time: managed=0 ms, native=1 ms
		Scripting: domain reloads=0, domain reload time=0 ms, compile time=0 ms, other=0 ms
		Project Asset Count: scripts=1725, non-scripts=10556
		Asset File Changes: new=0, changed=0, moved=0, deleted=0
		Scan Filter Count: 0
	InvokePackagesCallback: 3.763ms
	ApplyChangesToAssetFolders: 0.296ms
	Scan: 17.048ms
	Collect global state as custom dependencies: 1.431ms
	ProcessAssetsWithTransientArtifactChanges: 0.311ms
	CategorizeAssets: 141.622ms
	CompileScripts: 0.083ms
	ImportOutOfDateAssets: 146.611ms (15.986ms without children)
		UnloadImportedAssets: 0.180ms
		EnsureUptoDateAssetsAreRegisteredWithGuidPM: 1.967ms
		ImportSchedulerStart: 128.425ms
	GatherAllCurrentPrimaryImportResultRevisions: 1.061ms
	UnloadStreamsBegin: 0.107ms
	PersistCurrentRevisions: 0.817ms
	Untracked: 33.105ms

[Licensing::Client] Successfully resolved entitlement details
[Licensing::Client] Successfully resolved entitlement details
Running tests for ExecutionSettings with details:
targetPlatform = 
playerHeartbeatTimeout = 600
filters[0] = 
   Filter with settings:
   testMode = PlayMode
   targetPlatform = 
   testNames = null
   groupNames = TumbangPreso.PlayTests.ArrivalViewOwnershipTests
   categoryNames = null
   assemblyNames = null
ignoreTests = {}
featureFlags = null

UnityEngine.Debug:ExtractStackTraceNoAlloc (byte*,int,string)
UnityEngine.StackTraceUtility:ExtractStackTrace ()
UnityEngine.DebugLogHandler:Internal_Log (UnityEngine.LogType,UnityEngine.LogOption,string,UnityEngine.Object)
UnityEngine.DebugLogHandler:LogFormat (UnityEngine.LogType,UnityEngine.Object,string,object[])
UnityEngine.Logger:Log (UnityEngine.LogType,object)
UnityEngine.Debug:Log (object)
UnityEditor.TestTools.TestRunner.CommandLineTest.Executer:InitializeAndExecuteRun (string[]) (at ./Library/PackageCache/com.unity.test-framework@1405238725ab/UnityEditor.TestRunner/CommandLineTest/Executer.cs:53)
UnityEditor.TestTools.TestRunner.CommandLineTest.TestStarter:InitializeAndExecuteRun () (at ./Library/PackageCache/com.unity.test-framework@1405238725ab/UnityEditor.TestRunner/CommandLineTest/TestStarter.cs:64)
UnityEditor.EditorApplication:Internal_CallUpdateFunctions ()

(Filename: ./Library/PackageCache/com.unity.test-framework@1405238725ab/UnityEditor.TestRunner/CommandLineTest/Executer.cs Line: 53)

[Licensing::Client] Successfully resolved entitlement details
Start Indexing on Editor startup
[Indexing] Starting Initial Indexing for Assets
[UnityConnectServicesConfig] config is NOT valid, switching to default
Created GICache directory at C:/Users/matth/AppData/LocalLow/Unity/Caches/GiCache. Took: 0.046s, timestamps: [46.506 - 46.552]
Unloading 3 Unused Serialized files (Serialized files now loaded: 0)
Unloading 2 unused Assets / (62.0 KB). Loaded Objects now: 9095.
Memory consumption went from 480.6 MB to 480.5 MB.
Total: 18.387200 ms (FindLiveObjects: 0.686900 ms CreateObjectMapping: 1.306500 ms MarkObjects: 16.341900 ms  DeleteObjects: 0.049900 ms)

Importing 'GUID: 5cbc87d9b1c2d314eb2c2384e870ca9e - Path: Assets/InitTestSceneb92fa44c-c13f-425f-ab51-4fd64efa8d56.unity' with importer (DefaultImporter)
Imported 'GUID: 5cbc87d9b1c2d314eb2c2384e870ca9e' -> (Import Result ID: 'd347e787cb17c1e1ff00c5deddaab491') in 0.003 seconds [static dependencies only]. Details - ImportResultOutputID=87a802b0d63674ccaaabc00a88fe80f4 DependenciesID=388ed82c8432c5816c3d89c24e9546c6 StaticDependenciesID=c9e644eb54e8f24ea0b7cc1b277bf6fe 
Refreshing native plugins compatible for Editor in 2.74 ms, found 0 plugins.
Asset Pipeline Refresh (id=67934fdf993abe64bafe785a6b59bede): Total: 0.255 seconds - Initiated by StopAssetImportingV2(NoUpdateAssetOptions)
Executing IPrebuildSetup for: Unity.PerformanceTesting.Editor.TestRunBuilder.
UnityEngine.Debug:ExtractStackTraceNoAlloc (byte*,int,string)
UnityEngine.StackTraceUtility:ExtractStackTrace ()
UnityEngine.DebugLogHandler:Internal_Log (UnityEngine.LogType,UnityEngine.LogOption,string,UnityEngine.Object)
UnityEngine.DebugLogHandler:LogFormat (UnityEngine.LogType,UnityEngine.Object,string,object[])
UnityEngine.Logger:Log (UnityEngine.LogType,object)
UnityEngine.Debug:Log (object)
UnityEditor.TestTools.TestRunner.TestRun.Tasks.BuildActionTaskBase`1/<ExecuteMethods>d__8<UnityEngine.TestTools.IPrebuildSetup>:MoveNext () (at ./Library/PackageCache/com.unity.test-framework@1405238725ab/UnityEditor.TestRunner/TestRun/Tasks/BuildActionTaskBase.cs:48)
UnityEditor.TestTools.TestRunner.TestRun.Tasks.BuildActionTaskBase`1/<Execute>d__7<UnityEngine.TestTools.IPrebuildSetup>:MoveNext () (at ./Library/PackageCache/com.unity.test-framework@1405238725ab/UnityEditor.TestRunner/TestRun/Tasks/BuildActionTaskBase.cs:34)
UnityEditor.TestTools.TestRunner.TestRun.TestJobRunner:ExecuteStep () (at ./Library/PackageCache/com.unity.test-framework@1405238725ab/UnityEditor.TestRunner/TestRun/TestJobRunner.cs:194)
UnityEditor.TestTools.TestRunner.TestRun.TestJobRunner:ExecuteCallback () (at ./Library/PackageCache/com.unity.test-framework@1405238725ab/UnityEditor.TestRunner/TestRun/TestJobRunner.cs:129)
UnityEditor.EditorApplication:Internal_CallUpdateFunctions ()

(Filename: ./Library/PackageCache/com.unity.test-framework@1405238725ab/UnityEditor.TestRunner/TestRun/Tasks/BuildActionTaskBase.cs Line: 48)

Entering Playmode with Reload Domain disabled.
If you experience any issues, please disable "Enter Play Mode Options" in Editor Settings
Entering Playmode with Reload Scene disabled. If you experience any issues, please disable "Enter Play Mode Options" in Editor Settings
[Audio] loaded 122 of 122 cues.
UnityEngine.Debug:ExtractStackTraceNoAlloc (byte*,int,string)
UnityEngine.StackTraceUtility:ExtractStackTrace ()
UnityEngine.DebugLogHandler:Internal_Log (UnityEngine.LogType,UnityEngine.LogOption,string,UnityEngine.Object)
UnityEngine.DebugLogHandler:LogFormat (UnityEngine.LogType,UnityEngine.Object,string,object[])
UnityEngine.Logger:Log (UnityEngine.LogType,object)
UnityEngine.Debug:Log (object)
TumbangPreso.AudioDirector:LoadCuesFromResources () (at Assets/TumbangPreso/Runtime/AudioDirector.cs:216)
TumbangPreso.AudioDirector:Awake () (at Assets/TumbangPreso/Runtime/AudioDirector.cs:71)
UnityEngine.GameObject:Internal_AddComponentWithType (System.Type)
UnityEngine.GameObject:AddComponent (System.Type)
UnityEngine.GameObject:AddComponent<TumbangPreso.AudioDirector> ()
TumbangPreso.GameServices:Ensure () (at Assets/TumbangPreso/Runtime/GameServices.cs:185)
TumbangPreso.UI.BootSting:Play () (at Assets/TumbangPreso/Runtime/UI/BootSting.cs:58)

(Filename: Assets/TumbangPreso/Runtime/AudioDirector.cs Line: 216)

[NetIdentity] UGS sign-in is disabled in batch mode. LAN hosting and joining are unaffected.
UnityEngine.Debug:ExtractStackTraceNoAlloc (byte*,int,string)
UnityEngine.StackTraceUtility:ExtractStackTrace ()
UnityEngine.DebugLogHandler:Internal_Log (UnityEngine.LogType,UnityEngine.LogOption,string,UnityEngine.Object)
UnityEngine.DebugLogHandler:LogFormat (UnityEngine.LogType,UnityEngine.Object,string,object[])
UnityEngine.Logger:Log (UnityEngine.LogType,object)
UnityEngine.Debug:LogWarning (object)
TumbangPreso.Net.NetIdentity:Settle (TumbangPreso.Net.OnlineState,string,System.Exception) (at Assets/TumbangPreso/Runtime/Net/NetIdentity.cs:408)
TumbangPreso.Net.NetIdentity/<AttemptSignInAsync>d__35:MoveNext () (at Assets/TumbangPreso/Runtime/Net/NetIdentity.cs:288)
System.Runtime.CompilerServices.AsyncTaskMethodBuilder`1<bool>:Start<TumbangPreso.Net.NetIdentity/<AttemptSignInAsync>d__35> (TumbangPreso.Net.NetIdentity/<AttemptSignInAsync>d__35&)
TumbangPreso.Net.NetIdentity:AttemptSignInAsync ()
TumbangPreso.Net.NetIdentity:EnsureSignedInAsync (string) (at Assets/TumbangPreso/Runtime/Net/NetIdentity.cs:253)
TumbangPreso.Net.PlayerAccount/<SignInAndRefreshAsync>d__71:MoveNext () (at Assets/TumbangPreso/Runtime/Net/PlayerAccount.cs:136)
System.Runtime.CompilerServices.AsyncTaskMethodBuilder:Start<TumbangPreso.Net.PlayerAccount/<SignInAndRefreshAsync>d__71> (TumbangPreso.Net.PlayerAccount/<SignInAndRefreshAsync>d__71&)
TumbangPreso.Net.PlayerAccount:SignInAndRefreshAsync (TumbangPreso.Core.AccountProfile,TumbangPreso.Core.AccountProfile)
TumbangPreso.Net.PlayerAccount/<InitialiseInternalAsync>d__69:MoveNext () (at Assets/TumbangPreso/Runtime/Net/PlayerAccount.cs:101)
System.Runtime.CompilerServices.AsyncTaskMethodBuilder:Start<TumbangPreso.Net.PlayerAccount/<InitialiseInternalAsync>d__69> (TumbangPreso.Net.PlayerAccount/<InitialiseInternalAsync>d__69&)
TumbangPreso.Net.PlayerAccount:InitialiseInternalAsync ()
TumbangPreso.Net.PlayerAccount:Awake () (at Assets/TumbangPreso/Runtime/Net/PlayerAccount.cs:77)
UnityEngine.GameObject:Internal_AddComponentWithType (System.Type)
UnityEngine.GameObject:AddComponent (System.Type)
UnityEngine.GameObject:AddComponent<TumbangPreso.Net.PlayerAccount> ()
TumbangPreso.GameServices:Ensure () (at Assets/TumbangPreso/Runtime/GameServices.cs:199)
TumbangPreso.UI.BootSting:Play () (at Assets/TumbangPreso/Runtime/UI/BootSting.cs:58)

(Filename: Assets/TumbangPreso/Runtime/Net/NetIdentity.cs Line: 408)

[Build] TUMBANG PRESO 1.0.0 | a1c58a370cc6+unverified | protocol 152 | Editor/WindowsEditor
UnityEngine.Debug:ExtractStackTraceNoAlloc (byte*,int,string)
UnityEngine.StackTraceUtility:ExtractStackTrace ()
UnityEngine.DebugLogHandler:Internal_Log (UnityEngine.LogType,UnityEngine.LogOption,string,UnityEngine.Object)
UnityEngine.DebugLogHandler:LogFormat (UnityEngine.LogType,UnityEngine.Object,string,object[])
UnityEngine.Logger:Log (UnityEngine.LogType,object)
UnityEngine.Debug:Log (object)
TumbangPreso.BuildIdentity:AnnounceOnLaunch () (at Assets/TumbangPreso/Runtime/BuildIdentity.cs:245)

(Filename: Assets/TumbangPreso/Runtime/BuildIdentity.cs Line: 245)

Unloading 153 Unused Serialized files (Serialized files now loaded: 0)
[Replay] this device cannot asynchronously read the replay format; the capture is the old synchronous copy, which is slower and correct.
UnityEngine.Debug:ExtractStackTraceNoAlloc (byte*,int,string)
UnityEngine.StackTraceUtility:ExtractStackTrace ()
UnityEngine.DebugLogHandler:Internal_Log (UnityEngine.LogType,UnityEngine.LogOption,string,UnityEngine.Object)
UnityEngine.DebugLogHandler:LogFormat (UnityEngine.LogType,UnityEngine.Object,string,object[])
UnityEngine.Logger:Log (UnityEngine.LogType,object)
UnityEngine.Debug:Log (object)
TumbangPreso.CameraSystem.SpectatorCamera:Awake () (at Assets/TumbangPreso/Runtime/Camera/SpectatorCamera.cs:588)
UnityEngine.GameObject:Internal_AddComponentWithType (System.Type)
UnityEngine.GameObject:AddComponent (System.Type)
UnityEngine.GameObject:AddComponent<TumbangPreso.CameraSystem.SpectatorCamera> ()
TumbangPreso.PlayTests.ArrivalViewOwnershipTests/<Before>d__18:MoveNext () (at Assets/TumbangPreso/Tests/PlayMode/ArrivalViewOwnershipTests.cs:33)
UnityEngine.TestTools.EnumeratorHelper/<ProgressOnEnumerator>d__5:MoveNext () (at ./Library/PackageCache/com.unity.test-framework@1405238725ab/UnityEngine.TestRunner/NUnitExtensions/Attributes/EnumeratorHelper.cs:35)
UnityEngine.TestTools.BeforeAfterTestCommandBase`1/<ExecuteEnumerable>d__16<System.Reflection.MethodInfo>:MoveNext () (at ./Library/PackageCache/com.unity.test-framework@1405238725ab/UnityEngine.TestRunner/NUnitExtensions/Commands/BeforeAfterTestCommandBase.cs:155)
UnityEngine.TestTools.BeforeAfterTestCommandBase`1/<ExecuteEnumerable>d__16<UnityEngine.TestTools.IOuterUnityTestAction>:MoveNext () (at ./Library/PackageCache/com.unity.test-framework@1405238725ab/UnityEngine.TestRunner/NUnitExtensions/Commands/BeforeAfterTestCommandBase.cs:212)
UnityEngine.TestTools.RetryCommand/<ExecuteEnumerable>d__2:MoveNext () (at ./Library/PackageCache/com.unity.test-framework@1405238725ab/UnityEngine.TestRunner/NUnitExtensions/Commands/RetryCommand.cs:37)
UnityEngine.TestTools.RepeatCommand/<ExecuteEnumerable>d__2:MoveNext () (at ./Library/PackageCache/com.unity.test-framework@1405238725ab/UnityEngine.TestRunner/NUnitExtensions/Commands/RepeatCommand.cs:36)
UnityEngine.TestTools.IgnoreTestCommand/<ExecuteEnumerable>d__3:MoveNext () (at ./Library/PackageCache/com.unity.test-framework@1405238725ab/UnityEngine.TestRunner/NUnitExtensions/Commands/IgnoreTestCommand.cs:42)
UnityEngine.TestTools.StrictCheckCommand/<ExecuteEnumerable>d__2:MoveNext () (at ./Library/PackageCache/com.unity.test-framework@1405238725ab/UnityEngine.TestRunner/NUnitExtensions/Commands/StrictCheckCommand.cs:29)
UnityEngine.TestRunner.NUnitExtensions.Runner.DefaultTestWorkItem/<PerformWork>d__2:MoveNext () (at ./Library/PackageCache/com.unity.test-framework@1405238725ab/UnityEngine.TestRunner/NUnitExtensions/Runner/DefaultTestWorkItem.cs:50)
UnityEngine.TestRunner.NUnitExtensions.Runner.CompositeWorkItem/<RunChildren>d__17:MoveNext () (at ./Library/PackageCache/com.unity.test-framework@1405238725ab/UnityEngine.TestRunner/NUnitExtensions/Runner/CompositeWorkItem.cs:207)
UnityEngine.TestRunner.NUnitExtensions.Runner.CompositeWorkItem/<PerformWork>d__13:MoveNext () (at ./Library/PackageCache/com.unity.test-framework@1405238725ab/UnityEngine.TestRunner/NUnitExtensions/Runner/CompositeWorkItem.cs:82)
UnityEngine.TestRunner.NUnitExtensions.Runner.CompositeWorkItem/<RunChildren>d__17:MoveNext () (at ./Library/PackageCache/com.unity.test-framework@1405238725ab/UnityEngine.TestRunner/NUnitExtensions/Runner/CompositeWorkItem.cs:207)
UnityEngine.TestRunner.NUnitExtensions.Runner.CompositeWorkItem/<PerformWork>d__13:MoveNext () (at ./Library/PackageCache/com.unity.test-framework@1405238725ab/UnityEngine.TestRunner/NUnitExtensions/Runner/CompositeWorkItem.cs:82)
UnityEngine.TestRunner.NUnitExtensions.Runner.CompositeWorkItem/<RunChildren>d__17:MoveNext () (at ./Library/PackageCache/com.unity.test-framework@1405238725ab/UnityEngine.TestRunner/NUnitExtensions/Runner/CompositeWorkItem.cs:207)
UnityEngine.TestRunner.NUnitExtensions.Runner.CompositeWorkItem/<PerformWork>d__13:MoveNext () (at ./Library/PackageCache/com.unity.test-framework@1405238725ab/UnityEngine.TestRunner/NUnitExtensions/Runner/CompositeWorkItem.cs:82)
UnityEngine.TestRunner.NUnitExtensions.Runner.CompositeWorkItem/<RunChildren>d__17:MoveNext () (at ./Library/PackageCache/com.unity.test-framework@1405238725ab/UnityEngine.TestRunner/NUnitExtensions/Runner/CompositeWorkItem.cs:207)
UnityEngine.TestRunner.NUnitExtensions.Runner.CompositeWorkItem/<PerformWork>d__13:MoveNext () (at ./Library/PackageCache/com.unity.test-framework@1405238725ab/UnityEngine.TestRunner/NUnitExtensions/Runner/CompositeWorkItem.cs:82)
UnityEngine.TestRunner.NUnitExtensions.Runner.CompositeWorkItem/<RunChildren>d__17:MoveNext () (at ./Library/PackageCache/com.unity.test-framework@1405238725ab/UnityEngine.TestRunner/NUnitExtensions/Runner/CompositeWorkItem.cs:207)
UnityEngine.TestRunner.NUnitExtensions.Runner.CompositeWorkItem/<PerformWork>d__13:MoveNext () (at ./Library/PackageCache/com.unity.test-framework@1405238725ab/UnityEngine.TestRunner/NUnitExtensions/Runner/CompositeWorkItem.cs:82)
UnityEngine.TestTools.TestRunner.PlaymodeTestsController/<TestRunnerCoroutine>d__24:MoveNext () (at ./Library/PackageCache/com.unity.test-framework@1405238725ab/UnityEngine.TestRunner/TestRunner/PlaymodeTestsController.cs:94)
UnityEngine.SetupCoroutine:InvokeMoveNext (System.Collections.IEnumerator,intptr)

(Filename: Assets/TumbangPreso/Runtime/Camera/SpectatorCamera.cs Line: 588)

Unloading 202 unused Assets / (144.5 KB). Loaded Objects now: 10614.
Memory consumption went from 0.54 GB to 0.54 GB.
Total: 46.500500 ms (FindLiveObjects: 1.160500 ms CreateObjectMapping: 2.334800 ms MarkObjects: 40.972900 ms  DeleteObjects: 2.029500 ms)

[Flow] unknown map 'PlayModeWorldReset_10', falling back to 'Eskinita'.
UnityEngine.Debug:ExtractStackTraceNoAlloc (byte*,int,string)
UnityEngine.StackTraceUtility:ExtractStackTrace ()
UnityEngine.DebugLogHandler:Internal_Log (UnityEngine.LogType,UnityEngine.LogOption,string,UnityEngine.Object)
UnityEngine.DebugLogHandler:LogFormat (UnityEngine.LogType,UnityEngine.Object,string,object[])
UnityEngine.Logger:Log (UnityEngine.LogType,object)
UnityEngine.Debug:LogWarning (object)
TumbangPreso.UI.SceneFlow:PreviewFor (string) (at Assets/TumbangPreso/Runtime/UI/SceneFlow.cs:214)
TumbangPreso.MatchArrivalPresentation/<RunCurrent>d__36:MoveNext () (at Assets/TumbangPreso/Runtime/MatchArrivalPresentation.cs:93)
TumbangPreso.MatchArrivalPresentation/<Run>d__34:MoveNext () (at Assets/TumbangPreso/Runtime/MatchArrivalPresentation.cs:51)
TumbangPreso.PlayTests.ArrivalViewOwnershipTests:Begin () (at Assets/TumbangPreso/Tests/PlayMode/ArrivalViewOwnershipTests.cs:45)
TumbangPreso.PlayTests.ArrivalViewOwnershipTests:ArrivalCancellationDoesNotReclaimTheSpectatorsGameplayBody () (at Assets/TumbangPreso/Tests/PlayMode/ArrivalViewOwnershipTests.cs:54)
System.Reflection.RuntimeMethodInfo:Invoke (object,System.Reflection.BindingFlags,System.Reflection.Binder,object[],System.Globalization.CultureInfo)
System.Reflection.MethodBase:Invoke (object,object[])
NUnit.Framework.Internal.Reflect:InvokeMethod (System.Reflection.MethodInfo,object,object[])
NUnit.Framework.Internal.MethodWrapper:Invoke (object,object[])
NUnit.Framework.Internal.Commands.TestMethodCommand:RunNonAsyncTestMethod (NUnit.Framework.Internal.ITestExecutionContext)
NUnit.Framework.Internal.Commands.TestMethodCommand:RunTestMethod (NUnit.Framework.Internal.ITestExecutionContext)
NUnit.Framework.Internal.Commands.TestMethodCommand:Execute (NUnit.Framework.Internal.ITestExecutionContext)
UnityEngine.TestTools.UnityTestMethodCommand:Execute (NUnit.Framework.Internal.ITestExecutionContext) (at ./Library/PackageCache/com.unity.test-framework@1405238725ab/UnityEngine.TestRunner/NUnitExtensions/Commands/UnityTestMethodCommand.cs:19)
UnityEngine.TestRunner.NUnitExtensions.Runner.UnityLogCheckDelegatingCommand/<>c__DisplayClass2_0:<Execute>b__0 () (at ./Library/PackageCache/com.unity.test-framework@1405238725ab/UnityEngine.TestRunner/NUnitExtensions/Runner/UnityLogCheckDelegatingCommand.cs:24)
UnityEngine.TestRunner.NUnitExtensions.Runner.UnityLogCheckDelegatingCommand:CaptureException (NUnit.Framework.Internal.TestResult,System.Action) (at ./Library/PackageCache/com.unity.test-framework@1405238725ab/UnityEngine.TestRunner/NUnitExtensions/Runner/UnityLogCheckDelegatingCommand.cs:72)
UnityEngine.TestRunner.NUnitExtensions.Runner.UnityLogCheckDelegatingCommand:ExecuteAndCheckLog (UnityEngine.TestTools.Logging.LogScope,NUnit.Framework.Internal.TestResult,System.Action) (at ./Library/PackageCache/com.unity.test-framework@1405238725ab/UnityEngine.TestRunner/NUnitExtensions/Runner/UnityLogCheckDelegatingCommand.cs:83)
UnityEngine.TestRunner.NUnitExtensions.Runner.UnityLogCheckDelegatingCommand:Execute (NUnit.Framework.Internal.ITestExecutionContext) (at ./Library/PackageCache/com.unity.test-framework@1405238725ab/UnityEngine.TestRunner/NUnitExtensions/Runner/UnityLogCheckDelegatingCommand.cs:24)
UnityEngine.TestRunner.NUnitExtensions.Runner.UnityLogCheckDelegatingCommand/<ExecuteEnumerable>d__3:MoveNext () (at ./Library/PackageCache/com.unity.test-framework@1405238725ab/UnityEngine.TestRunner/NUnitExtensions/Runner/UnityLogCheckDelegatingCommand.cs:35)
UnityEngine.TestTools.BeforeAfterTestCommandBase`1/<ExecuteEnumerable>d__16<NUnit.Framework.ITestAction>:MoveNext () (at ./Library/PackageCache/com.unity.test-framework@1405238725ab/UnityEngine.TestRunner/NUnitExtensions/Commands/BeforeAfterTestCommandBase.cs:212)
UnityEngine.TestTools.ImmediateEnumerableCommand:Execute (NUnit.Framework.Internal.ITestExecutionContext) (at ./Library/PackageCache/com.unity.test-framework@1405238725ab/UnityEngine.TestRunner/NUnitExtensions/Commands/ImmediateEnumerableCommand.cs:18)
UnityEngine.TestTools.BeforeAfterTestCommandBase`1/<ExecuteEnumerable>d__16<System.Reflection.MethodInfo>:MoveNext () (at ./Library/PackageCache/com.unity.test-framework@1405238725ab/UnityEngine.TestRunner/NUnitExtensions/Commands/BeforeAfterTestCommandBase.cs:219)
UnityEngine.TestTools.BeforeAfterTestCommandBase`1/<ExecuteEnumerable>d__16<System.Reflection.MethodInfo>:MoveNext () (at ./Library/PackageCache/com.unity.test-framework@1405238725ab/UnityEngine.TestRunner/NUnitExtensions/Commands/BeforeAfterTestCommandBase.cs:212)
UnityEngine.TestTools.BeforeAfterTestCommandBase`1/<ExecuteEnumerable>d__16<UnityEngine.TestTools.IOuterUnityTestAction>:MoveNext () (at ./Library/PackageCache/com.unity.test-framework@1405238725ab/UnityEngine.TestRunner/NUnitExtensions/Commands/BeforeAfterTestCommandBase.cs:212)
UnityEngine.TestTools.RetryCommand/<ExecuteEnumerable>d__2:MoveNext () (at ./Library/PackageCache/com.unity.test-framework@1405238725ab/UnityEngine.TestRunner/NUnitExtensions/Commands/RetryCommand.cs:37)
UnityEngine.TestTools.RepeatCommand/<ExecuteEnumerable>d__2:MoveNext () (at ./Library/PackageCache/com.unity.test-framework@1405238725ab/UnityEngine.TestRunner/NUnitExtensions/Commands/RepeatCommand.cs:36)
UnityEngine.TestTools.IgnoreTestCommand/<ExecuteEnumerable>d__3:MoveNext () (at ./Library/PackageCache/com.unity.test-framework@1405238725ab/UnityEngine.TestRunner/NUnitExtensions/Commands/IgnoreTestCommand.cs:42)
UnityEngine.TestTools.StrictCheckCommand/<ExecuteEnumerable>d__2:MoveNext () (at ./Library/PackageCache/com.unity.test-framework@1405238725ab/UnityEngine.TestRunner/NUnitExtensions/Commands/StrictCheckCommand.cs:29)
UnityEngine.TestRunner.NUnitExtensions.Runner.DefaultTestWorkItem/<PerformWork>d__2:MoveNext () (at ./Library/PackageCache/com.unity.test-framework@1405238725ab/UnityEngine.TestRunner/NUnitExtensions/Runner/DefaultTestWorkItem.cs:50)
UnityEngine.TestRunner.NUnitExtensions.Runner.CompositeWorkItem/<RunChildren>d__17:MoveNext () (at ./Library/PackageCache/com.unity.test-framework@1405238725ab/UnityEngine.TestRunner/NUnitExtensions/Runner/CompositeWorkItem.cs:207)
UnityEngine.TestRunner.NUnitExtensions.Runner.CompositeWorkItem/<PerformWork>d__13:MoveNext () (at ./Library/PackageCache/com.unity.test-framework@1405238725ab/UnityEngine.TestRunner/NUnitExtensions/Runner/CompositeWorkItem.cs:82)
UnityEngine.TestRunner.NUnitExtensions.Runner.CompositeWorkItem/<RunChildren>d__17:MoveNext () (at ./Library/PackageCache/com.unity.test-framework@1405238725ab/UnityEngine.TestRunner/NUnitExtensions/Runner/CompositeWorkItem.cs:207)
UnityEngine.TestRunner.NUnitExtensions.Runner.CompositeWorkItem/<PerformWork>d__13:MoveNext () (at ./Library/PackageCache/com.unity.test-framework@1405238725ab/UnityEngine.TestRunner/NUnitExtensions/Runner/CompositeWorkItem.cs:82)
UnityEngine.TestRunner.NUnitExtensions.Runner.CompositeWorkItem/<RunChildren>d__17:MoveNext () (at ./Library/PackageCache/com.unity.test-framework@1405238725ab/UnityEngine.TestRunner/NUnitExtensions/Runner/CompositeWorkItem.cs:207)
UnityEngine.TestRunner.NUnitExtensions.Runner.CompositeWorkItem/<PerformWork>d__13:MoveNext () (at ./Library/PackageCache/com.unity.test-framework@1405238725ab/UnityEngine.TestRunner/NUnitExtensions/Runner/CompositeWorkItem.cs:82)
UnityEngine.TestRunner.NUnitExtensions.Runner.CompositeWorkItem/<RunChildren>d__17:MoveNext () (at ./Library/PackageCache/com.unity.test-framework@1405238725ab/UnityEngine.TestRunner/NUnitExtensions/Runner/CompositeWorkItem.cs:207)
UnityEngine.TestRunner.NUnitExtensions.Runner.CompositeWorkItem/<PerformWork>d__13:MoveNext () (at ./Library/PackageCache/com.unity.test-framework@1405238725ab/UnityEngine.TestRunner/NUnitExtensions/Runner/CompositeWorkItem.cs:82)
UnityEngine.TestRunner.NUnitExtensions.Runner.CompositeWorkItem/<RunChildren>d__17:MoveNext () (at ./Library/PackageCache/com.unity.test-framework@1405238725ab/UnityEngine.TestRunner/NUnitExtensions/Runner/CompositeWorkItem.cs:207)
UnityEngine.TestRunner.NUnitExtensions.Runner.CompositeWorkItem/<PerformWork>d__13:MoveNext () (at ./Library/PackageCache/com.unity.test-framework@1405238725ab/UnityEngine.TestRunner/NUnitExtensions/Runner/CompositeWorkItem.cs:82)
UnityEngine.TestTools.TestRunner.PlaymodeTestsController/<TestRunnerCoroutine>d__24:MoveNext () (at ./Library/PackageCache/com.unity.test-framework@1405238725ab/UnityEngine.TestRunner/TestRunner/PlaymodeTestsController.cs:94)
UnityEngine.SetupCoroutine:InvokeMoveNext (System.Collections.IEnumerator,intptr)

(Filename: Assets/TumbangPreso/Runtime/UI/SceneFlow.cs Line: 214)

Unloading 17 Unused Serialized files (Serialized files now loaded: 0)
Unloading 18 unused Assets / (2.2 KB). Loaded Objects now: 9301.
Memory consumption went from 0.53 GB to 0.53 GB.
Total: 20.604600 ms (FindLiveObjects: 0.859800 ms CreateObjectMapping: 1.845100 ms MarkObjects: 17.759600 ms  DeleteObjects: 0.137500 ms)

Unloading 0 Unused Serialized files (Serialized files now loaded: 0)
Unloading 0 unused Assets / (0 B). Loaded Objects now: 9301.
Memory consumption went from 0.53 GB to 0.53 GB.
Total: 28.258300 ms (FindLiveObjects: 1.028500 ms CreateObjectMapping: 2.458300 ms MarkObjects: 24.729100 ms  DeleteObjects: 0.040400 ms)

[Replay] this device cannot asynchronously read the replay format; the capture is the old synchronous copy, which is slower and correct.
UnityEngine.Debug:ExtractStackTraceNoAlloc (byte*,int,string)
UnityEngine.StackTraceUtility:ExtractStackTrace ()
UnityEngine.DebugLogHandler:Internal_Log (UnityEngine.LogType,UnityEngine.LogOption,string,UnityEngine.Object)
UnityEngine.DebugLogHandler:LogFormat (UnityEngine.LogType,UnityEngine.Object,string,object[])
UnityEngine.Logger:Log (UnityEngine.LogType,object)
UnityEngine.Debug:Log (object)
TumbangPreso.CameraSystem.SpectatorCamera:Awake () (at Assets/TumbangPreso/Runtime/Camera/SpectatorCamera.cs:588)
UnityEngine.GameObject:Internal_AddComponentWithType (System.Type)
UnityEngine.GameObject:AddComponent (System.Type)
UnityEngine.GameObject:AddComponent<TumbangPreso.CameraSystem.SpectatorCamera> ()
TumbangPreso.PlayTests.ArrivalViewOwnershipTests/<Before>d__18:MoveNext () (at Assets/TumbangPreso/Tests/PlayMode/ArrivalViewOwnershipTests.cs:33)
UnityEngine.TestTools.EnumeratorHelper/<ProgressOnEnumerator>d__5:MoveNext () (at ./Library/PackageCache/com.unity.test-framework@1405238725ab/UnityEngine.TestRunner/NUnitExtensions/Attributes/EnumeratorHelper.cs:35)
UnityEngine.TestTools.BeforeAfterTestCommandBase`1/<ExecuteEnumerable>d__16<System.Reflection.MethodInfo>:MoveNext () (at ./Library/PackageCache/com.unity.test-framework@1405238725ab/UnityEngine.TestRunner/NUnitExtensions/Commands/BeforeAfterTestCommandBase.cs:155)
UnityEngine.TestTools.BeforeAfterTestCommandBase`1/<ExecuteEnumerable>d__16<UnityEngine.TestTools.IOuterUnityTestAction>:MoveNext () (at ./Library/PackageCache/com.unity.test-framework@1405238725ab/UnityEngine.TestRunner/NUnitExtensions/Commands/BeforeAfterTestCommandBase.cs:212)
UnityEngine.TestTools.RetryCommand/<ExecuteEnumerable>d__2:MoveNext () (at ./Library/PackageCache/com.unity.test-framework@1405238725ab/UnityEngine.TestRunner/NUnitExtensions/Commands/RetryCommand.cs:37)
UnityEngine.TestTools.RepeatCommand/<ExecuteEnumerable>d__2:MoveNext () (at ./Library/PackageCache/com.unity.test-framework@1405238725ab/UnityEngine.TestRunner/NUnitExtensions/Commands/RepeatCommand.cs:36)
UnityEngine.TestTools.IgnoreTestCommand/<ExecuteEnumerable>d__3:MoveNext () (at ./Library/PackageCache/com.unity.test-framework@1405238725ab/UnityEngine.TestRunner/NUnitExtensions/Commands/IgnoreTestCommand.cs:42)
UnityEngine.TestTools.StrictCheckCommand/<ExecuteEnumerable>d__2:MoveNext () (at ./Library/PackageCache/com.unity.test-framework@1405238725ab/UnityEngine.TestRunner/NUnitExtensions/Commands/StrictCheckCommand.cs:29)
UnityEngine.TestRunner.NUnitExtensions.Runner.DefaultTestWorkItem/<PerformWork>d__2:MoveNext () (at ./Library/PackageCache/com.unity.test-framework@1405238725ab/UnityEngine.TestRunner/NUnitExtensions/Runner/DefaultTestWorkItem.cs:50)
UnityEngine.TestRunner.NUnitExtensions.Runner.CompositeWorkItem/<RunChildren>d__17:MoveNext () (at ./Library/PackageCache/com.unity.test-framework@1405238725ab/UnityEngine.TestRunner/NUnitExtensions/Runner/CompositeWorkItem.cs:207)
UnityEngine.TestRunner.NUnitExtensions.Runner.CompositeWorkItem/<PerformWork>d__13:MoveNext () (at ./Library/PackageCache/com.unity.test-framework@1405238725ab/UnityEngine.TestRunner/NUnitExtensions/Runner/CompositeWorkItem.cs:82)
UnityEngine.TestRunner.NUnitExtensions.Runner.CompositeWorkItem/<RunChildren>d__17:MoveNext () (at ./Library/PackageCache/com.unity.test-framework@1405238725ab/UnityEngine.TestRunner/NUnitExtensions/Runner/CompositeWorkItem.cs:207)
UnityEngine.TestRunner.NUnitExtensions.Runner.CompositeWorkItem/<PerformWork>d__13:MoveNext () (at ./Library/PackageCache/com.unity.test-framework@1405238725ab/UnityEngine.TestRunner/NUnitExtensions/Runner/CompositeWorkItem.cs:82)
UnityEngine.TestRunner.NUnitExtensions.Runner.CompositeWorkItem/<RunChildren>d__17:MoveNext () (at ./Library/PackageCache/com.unity.test-framework@1405238725ab/UnityEngine.TestRunner/NUnitExtensions/Runner/CompositeWorkItem.cs:207)
UnityEngine.TestRunner.NUnitExtensions.Runner.CompositeWorkItem/<PerformWork>d__13:MoveNext () (at ./Library/PackageCache/com.unity.test-framework@1405238725ab/UnityEngine.TestRunner/NUnitExtensions/Runner/CompositeWorkItem.cs:82)
UnityEngine.TestRunner.NUnitExtensions.Runner.CompositeWorkItem/<RunChildren>d__17:MoveNext () (at ./Library/PackageCache/com.unity.test-framework@1405238725ab/UnityEngine.TestRunner/NUnitExtensions/Runner/CompositeWorkItem.cs:207)
UnityEngine.TestRunner.NUnitExtensions.Runner.CompositeWorkItem/<PerformWork>d__13:MoveNext () (at ./Library/PackageCache/com.unity.test-framework@1405238725ab/UnityEngine.TestRunner/NUnitExtensions/Runner/CompositeWorkItem.cs:82)
UnityEngine.TestRunner.NUnitExtensions.Runner.CompositeWorkItem/<RunChildren>d__17:MoveNext () (at ./Library/PackageCache/com.unity.test-framework@1405238725ab/UnityEngine.TestRunner/NUnitExtensions/Runner/CompositeWorkItem.cs:207)
UnityEngine.TestRunner.NUnitExtensions.Runner.CompositeWorkItem/<PerformWork>d__13:MoveNext () (at ./Library/PackageCache/com.unity.test-framework@1405238725ab/UnityEngine.TestRunner/NUnitExtensions/Runner/CompositeWorkItem.cs:82)
UnityEngine.TestTools.TestRunner.PlaymodeTestsController/<TestRunnerCoroutine>d__24:MoveNext () (at ./Library/PackageCache/com.unity.test-framework@1405238725ab/UnityEngine.TestRunner/TestRunner/PlaymodeTestsController.cs:94)
UnityEngine.SetupCoroutine:InvokeMoveNext (System.Collections.IEnumerator,intptr)

(Filename: Assets/TumbangPreso/Runtime/Camera/SpectatorCamera.cs Line: 588)

[Flow] unknown map 'PlayModeWorldReset_18', falling back to 'Eskinita'.
UnityEngine.Debug:ExtractStackTraceNoAlloc (byte*,int,string)
UnityEngine.StackTraceUtility:ExtractStackTrace ()
UnityEngine.DebugLogHandler:Internal_Log (UnityEngine.LogType,UnityEngine.LogOption,string,UnityEngine.Object)
UnityEngine.DebugLogHandler:LogFormat (UnityEngine.LogType,UnityEngine.Object,string,object[])
UnityEngine.Logger:Log (UnityEngine.LogType,object)
UnityEngine.Debug:LogWarning (object)
TumbangPreso.UI.SceneFlow:PreviewFor (string) (at Assets/TumbangPreso/Runtime/UI/SceneFlow.cs:214)
TumbangPreso.MatchArrivalPresentation/<RunCurrent>d__36:MoveNext () (at Assets/TumbangPreso/Runtime/MatchArrivalPresentation.cs:93)
TumbangPreso.MatchArrivalPresentation/<Run>d__34:MoveNext () (at Assets/TumbangPreso/Runtime/MatchArrivalPresentation.cs:51)
TumbangPreso.PlayTests.ArrivalViewOwnershipTests:Begin () (at Assets/TumbangPreso/Tests/PlayMode/ArrivalViewOwnershipTests.cs:45)
TumbangPreso.PlayTests.ArrivalViewOwnershipTests:ArrivalFinalHandoffHonorsLiveWatchOwnershipWithoutALaunchFlag () (at Assets/TumbangPreso/Tests/PlayMode/ArrivalViewOwnershipTests.cs:56)
System.Reflection.RuntimeMethodInfo:Invoke (object,System.Reflection.BindingFlags,System.Reflection.Binder,object[],System.Globalization.CultureInfo)
System.Reflection.MethodBase:Invoke (object,object[])
NUnit.Framework.Internal.Reflect:InvokeMethod (System.Reflection.MethodInfo,object,object[])
NUnit.Framework.Internal.MethodWrapper:Invoke (object,object[])
NUnit.Framework.Internal.Commands.TestMethodCommand:RunNonAsyncTestMethod (NUnit.Framework.Internal.ITestExecutionContext)
NUnit.Framework.Internal.Commands.TestMethodCommand:RunTestMethod (NUnit.Framework.Internal.ITestExecutionContext)
NUnit.Framework.Internal.Commands.TestMethodCommand:Execute (NUnit.Framework.Internal.ITestExecutionContext)
UnityEngine.TestTools.UnityTestMethodCommand:Execute (NUnit.Framework.Internal.ITestExecutionContext) (at ./Library/PackageCache/com.unity.test-framework@1405238725ab/UnityEngine.TestRunner/NUnitExtensions/Commands/UnityTestMethodCommand.cs:19)
UnityEngine.TestRunner.NUnitExtensions.Runner.UnityLogCheckDelegatingCommand/<>c__DisplayClass2_0:<Execute>b__0 () (at ./Library/PackageCache/com.unity.test-framework@1405238725ab/UnityEngine.TestRunner/NUnitExtensions/Runner/UnityLogCheckDelegatingCommand.cs:24)
UnityEngine.TestRunner.NUnitExtensions.Runner.UnityLogCheckDelegatingCommand:CaptureException (NUnit.Framework.Internal.TestResult,System.Action) (at ./Library/PackageCache/com.unity.test-framework@1405238725ab/UnityEngine.TestRunner/NUnitExtensions/Runner/UnityLogCheckDelegatingCommand.cs:72)
UnityEngine.TestRunner.NUnitExtensions.Runner.UnityLogCheckDelegatingCommand:ExecuteAndCheckLog (UnityEngine.TestTools.Logging.LogScope,NUnit.Framework.Internal.TestResult,System.Action) (at ./Library/PackageCache/com.unity.test-framework@1405238725ab/UnityEngine.TestRunner/NUnitExtensions/Runner/UnityLogCheckDelegatingCommand.cs:83)
UnityEngine.TestRunner.NUnitExtensions.Runner.UnityLogCheckDelegatingCommand:Execute (NUnit.Framework.Internal.ITestExecutionContext) (at ./Library/PackageCache/com.unity.test-framework@1405238725ab/UnityEngine.TestRunner/NUnitExtensions/Runner/UnityLogCheckDelegatingCommand.cs:24)
UnityEngine.TestRunner.NUnitExtensions.Runner.UnityLogCheckDelegatingCommand/<ExecuteEnumerable>d__3:MoveNext () (at ./Library/PackageCache/com.unity.test-framework@1405238725ab/UnityEngine.TestRunner/NUnitExtensions/Runner/UnityLogCheckDelegatingCommand.cs:35)
UnityEngine.TestTools.BeforeAfterTestCommandBase`1/<ExecuteEnumerable>d__16<NUnit.Framework.ITestAction>:MoveNext () (at ./Library/PackageCache/com.unity.test-framework@1405238725ab/UnityEngine.TestRunner/NUnitExtensions/Commands/BeforeAfterTestCommandBase.cs:212)
UnityEngine.TestTools.ImmediateEnumerableCommand:Execute (NUnit.Framework.Internal.ITestExecutionContext) (at ./Library/PackageCache/com.unity.test-framework@1405238725ab/UnityEngine.TestRunner/NUnitExtensions/Commands/ImmediateEnumerableCommand.cs:18)
UnityEngine.TestTools.BeforeAfterTestCommandBase`1/<ExecuteEnumerable>d__16<System.Reflection.MethodInfo>:MoveNext () (at ./Library/PackageCache/com.unity.test-framework@1405238725ab/UnityEngine.TestRunner/NUnitExtensions/Commands/BeforeAfterTestCommandBase.cs:219)
UnityEngine.TestTools.BeforeAfterTestCommandBase`1/<ExecuteEnumerable>d__16<System.Reflection.MethodInfo>:MoveNext () (at ./Library/PackageCache/com.unity.test-framework@1405238725ab/UnityEngine.TestRunner/NUnitExtensions/Commands/BeforeAfterTestCommandBase.cs:212)
UnityEngine.TestTools.BeforeAfterTestCommandBase`1/<ExecuteEnumerable>d__16<UnityEngine.TestTools.IOuterUnityTestAction>:MoveNext () (at ./Library/PackageCache/com.unity.test-framework@1405238725ab/UnityEngine.TestRunner/NUnitExtensions/Commands/BeforeAfterTestCommandBase.cs:212)
UnityEngine.TestTools.RetryCommand/<ExecuteEnumerable>d__2:MoveNext () (at ./Library/PackageCache/com.unity.test-framework@1405238725ab/UnityEngine.TestRunner/NUnitExtensions/Commands/RetryCommand.cs:37)
UnityEngine.TestTools.RepeatCommand/<ExecuteEnumerable>d__2:MoveNext () (at ./Library/PackageCache/com.unity.test-framework@1405238725ab/UnityEngine.TestRunner/NUnitExtensions/Commands/RepeatCommand.cs:36)
UnityEngine.TestTools.IgnoreTestCommand/<ExecuteEnumerable>d__3:MoveNext () (at ./Library/PackageCache/com.unity.test-framework@1405238725ab/UnityEngine.TestRunner/NUnitExtensions/Commands/IgnoreTestCommand.cs:42)
UnityEngine.TestTools.StrictCheckCommand/<ExecuteEnumerable>d__2:MoveNext () (at ./Library/PackageCache/com.unity.test-framework@1405238725ab/UnityEngine.TestRunner/NUnitExtensions/Commands/StrictCheckCommand.cs:29)
UnityEngine.TestRunner.NUnitExtensions.Runner.DefaultTestWorkItem/<PerformWork>d__2:MoveNext () (at ./Library/PackageCache/com.unity.test-framework@1405238725ab/UnityEngine.TestRunner/NUnitExtensions/Runner/DefaultTestWorkItem.cs:50)
UnityEngine.TestRunner.NUnitExtensions.Runner.CompositeWorkItem/<RunChildren>d__17:MoveNext () (at ./Library/PackageCache/com.unity.test-framework@1405238725ab/UnityEngine.TestRunner/NUnitExtensions/Runner/CompositeWorkItem.cs:207)
UnityEngine.TestRunner.NUnitExtensions.Runner.CompositeWorkItem/<PerformWork>d__13:MoveNext () (at ./Library/PackageCache/com.unity.test-framework@1405238725ab/UnityEngine.TestRunner/NUnitExtensions/Runner/CompositeWorkItem.cs:82)
UnityEngine.TestRunner.NUnitExtensions.Runner.CompositeWorkItem/<RunChildren>d__17:MoveNext () (at ./Library/PackageCache/com.unity.test-framework@1405238725ab/UnityEngine.TestRunner/NUnitExtensions/Runner/CompositeWorkItem.cs:207)
UnityEngine.TestRunner.NUnitExtensions.Runner.CompositeWorkItem/<PerformWork>d__13:MoveNext () (at ./Library/PackageCache/com.unity.test-framework@1405238725ab/UnityEngine.TestRunner/NUnitExtensions/Runner/CompositeWorkItem.cs:82)
UnityEngine.TestRunner.NUnitExtensions.Runner.CompositeWorkItem/<RunChildren>d__17:MoveNext () (at ./Library/PackageCache/com.unity.test-framework@1405238725ab/UnityEngine.TestRunner/NUnitExtensions/Runner/CompositeWorkItem.cs:207)
UnityEngine.TestRunner.NUnitExtensions.Runner.CompositeWorkItem/<PerformWork>d__13:MoveNext () (at ./Library/PackageCache/com.unity.test-framework@1405238725ab/UnityEngine.TestRunner/NUnitExtensions/Runner/CompositeWorkItem.cs:82)
UnityEngine.TestRunner.NUnitExtensions.Runner.CompositeWorkItem/<RunChildren>d__17:MoveNext () (at ./Library/PackageCache/com.unity.test-framework@1405238725ab/UnityEngine.TestRunner/NUnitExtensions/Runner/CompositeWorkItem.cs:207)
UnityEngine.TestRunner.NUnitExtensions.Runner.CompositeWorkItem/<PerformWork>d__13:MoveNext () (at ./Library/PackageCache/com.unity.test-framework@1405238725ab/UnityEngine.TestRunner/NUnitExtensions/Runner/CompositeWorkItem.cs:82)
UnityEngine.TestRunner.NUnitExtensions.Runner.CompositeWorkItem/<RunChildren>d__17:MoveNext () (at ./Library/PackageCache/com.unity.test-framework@1405238725ab/UnityEngine.TestRunner/NUnitExtensions/Runner/CompositeWorkItem.cs:207)
UnityEngine.TestRunner.NUnitExtensions.Runner.CompositeWorkItem/<PerformWork>d__13:MoveNext () (at ./Library/PackageCache/com.unity.test-framework@1405238725ab/UnityEngine.TestRunner/NUnitExtensions/Runner/CompositeWorkItem.cs:82)
UnityEngine.TestTools.TestRunner.PlaymodeTestsController/<TestRunnerCoroutine>d__24:MoveNext () (at ./Library/PackageCache/com.unity.test-framework@1405238725ab/UnityEngine.TestRunner/TestRunner/PlaymodeTestsController.cs:94)
UnityEngine.SetupCoroutine:InvokeMoveNext (System.Collections.IEnumerator,intptr)

(Filename: Assets/TumbangPreso/Runtime/UI/SceneFlow.cs Line: 214)

Unloading 2 Unused Serialized files (Serialized files now loaded: 0)
Unloading 28 unused Assets / (2.2 KB). Loaded Objects now: 9301.
Memory consumption went from 0.53 GB to 0.53 GB.
Total: 21.606000 ms (FindLiveObjects: 0.943700 ms CreateObjectMapping: 2.044800 ms MarkObjects: 18.475700 ms  DeleteObjects: 0.140100 ms)

Unloading 0 Unused Serialized files (Serialized files now loaded: 0)
Unloading 0 unused Assets / (0 B). Loaded Objects now: 9301.
Memory consumption went from 0.53 GB to 0.53 GB.
Total: 21.621200 ms (FindLiveObjects: 0.792400 ms CreateObjectMapping: 1.879900 ms MarkObjects: 18.904300 ms  DeleteObjects: 0.042300 ms)

[Replay] this device cannot asynchronously read the replay format; the capture is the old synchronous copy, which is slower and correct.
UnityEngine.Debug:ExtractStackTraceNoAlloc (byte*,int,string)
UnityEngine.StackTraceUtility:ExtractStackTrace ()
UnityEngine.DebugLogHandler:Internal_Log (UnityEngine.LogType,UnityEngine.LogOption,string,UnityEngine.Object)
UnityEngine.DebugLogHandler:LogFormat (UnityEngine.LogType,UnityEngine.Object,string,object[])
UnityEngine.Logger:Log (UnityEngine.LogType,object)
UnityEngine.Debug:Log (object)
TumbangPreso.CameraSystem.SpectatorCamera:Awake () (at Assets/TumbangPreso/Runtime/Camera/SpectatorCamera.cs:588)
UnityEngine.GameObject:Internal_AddComponentWithType (System.Type)
UnityEngine.GameObject:AddComponent (System.Type)
UnityEngine.GameObject:AddComponent<TumbangPreso.CameraSystem.SpectatorCamera> ()
TumbangPreso.PlayTests.ArrivalViewOwnershipTests/<Before>d__18:MoveNext () (at Assets/TumbangPreso/Tests/PlayMode/ArrivalViewOwnershipTests.cs:33)
UnityEngine.TestTools.EnumeratorHelper/<ProgressOnEnumerator>d__5:MoveNext () (at ./Library/PackageCache/com.unity.test-framework@1405238725ab/UnityEngine.TestRunner/NUnitExtensions/Attributes/EnumeratorHelper.cs:35)
UnityEngine.TestTools.BeforeAfterTestCommandBase`1/<ExecuteEnumerable>d__16<System.Reflection.MethodInfo>:MoveNext () (at ./Library/PackageCache/com.unity.test-framework@1405238725ab/UnityEngine.TestRunner/NUnitExtensions/Commands/BeforeAfterTestCommandBase.cs:155)
UnityEngine.TestTools.BeforeAfterTestCommandBase`1/<ExecuteEnumerable>d__16<UnityEngine.TestTools.IOuterUnityTestAction>:MoveNext () (at ./Library/PackageCache/com.unity.test-framework@1405238725ab/UnityEngine.TestRunner/NUnitExtensions/Commands/BeforeAfterTestCommandBase.cs:212)
UnityEngine.TestTools.RetryCommand/<ExecuteEnumerable>d__2:MoveNext () (at ./Library/PackageCache/com.unity.test-framework@1405238725ab/UnityEngine.TestRunner/NUnitExtensions/Commands/RetryCommand.cs:37)
UnityEngine.TestTools.RepeatCommand/<ExecuteEnumerable>d__2:MoveNext () (at ./Library/PackageCache/com.unity.test-framework@1405238725ab/UnityEngine.TestRunner/NUnitExtensions/Commands/RepeatCommand.cs:36)
UnityEngine.TestTools.IgnoreTestCommand/<ExecuteEnumerable>d__3:MoveNext () (at ./Library/PackageCache/com.unity.test-framework@1405238725ab/UnityEngine.TestRunner/NUnitExtensions/Commands/IgnoreTestCommand.cs:42)
UnityEngine.TestTools.StrictCheckCommand/<ExecuteEnumerable>d__2:MoveNext () (at ./Library/PackageCache/com.unity.test-framework@1405238725ab/UnityEngine.TestRunner/NUnitExtensions/Commands/StrictCheckCommand.cs:29)
UnityEngine.TestRunner.NUnitExtensions.Runner.DefaultTestWorkItem/<PerformWork>d__2:MoveNext () (at ./Library/PackageCache/com.unity.test-framework@1405238725ab/UnityEngine.TestRunner/NUnitExtensions/Runner/DefaultTestWorkItem.cs:50)
UnityEngine.TestRunner.NUnitExtensions.Runner.CompositeWorkItem/<RunChildren>d__17:MoveNext () (at ./Library/PackageCache/com.unity.test-framework@1405238725ab/UnityEngine.TestRunner/NUnitExtensions/Runner/CompositeWorkItem.cs:207)
UnityEngine.TestRunner.NUnitExtensions.Runner.CompositeWorkItem/<PerformWork>d__13:MoveNext () (at ./Library/PackageCache/com.unity.test-framework@1405238725ab/UnityEngine.TestRunner/NUnitExtensions/Runner/CompositeWorkItem.cs:82)
UnityEngine.TestRunner.NUnitExtensions.Runner.CompositeWorkItem/<RunChildren>d__17:MoveNext () (at ./Library/PackageCache/com.unity.test-framework@1405238725ab/UnityEngine.TestRunner/NUnitExtensions/Runner/CompositeWorkItem.cs:207)
UnityEngine.TestRunner.NUnitExtensions.Runner.CompositeWorkItem/<PerformWork>d__13:MoveNext () (at ./Library/PackageCache/com.unity.test-framework@1405238725ab/UnityEngine.TestRunner/NUnitExtensions/Runner/CompositeWorkItem.cs:82)
UnityEngine.TestRunner.NUnitExtensions.Runner.CompositeWorkItem/<RunChildren>d__17:MoveNext () (at ./Library/PackageCache/com.unity.test-framework@1405238725ab/UnityEngine.TestRunner/NUnitExtensions/Runner/CompositeWorkItem.cs:207)
UnityEngine.TestRunner.NUnitExtensions.Runner.CompositeWorkItem/<PerformWork>d__13:MoveNext () (at ./Library/PackageCache/com.unity.test-framework@1405238725ab/UnityEngine.TestRunner/NUnitExtensions/Runner/CompositeWorkItem.cs:82)
UnityEngine.TestRunner.NUnitExtensions.Runner.CompositeWorkItem/<RunChildren>d__17:MoveNext () (at ./Library/PackageCache/com.unity.test-framework@1405238725ab/UnityEngine.TestRunner/NUnitExtensions/Runner/CompositeWorkItem.cs:207)
UnityEngine.TestRunner.NUnitExtensions.Runner.CompositeWorkItem/<PerformWork>d__13:MoveNext () (at ./Library/PackageCache/com.unity.test-framework@1405238725ab/UnityEngine.TestRunner/NUnitExtensions/Runner/CompositeWorkItem.cs:82)
UnityEngine.TestRunner.NUnitExtensions.Runner.CompositeWorkItem/<RunChildren>d__17:MoveNext () (at ./Library/PackageCache/com.unity.test-framework@1405238725ab/UnityEngine.TestRunner/NUnitExtensions/Runner/CompositeWorkItem.cs:207)
UnityEngine.TestRunner.NUnitExtensions.Runner.CompositeWorkItem/<PerformWork>d__13:MoveNext () (at ./Library/PackageCache/com.unity.test-framework@1405238725ab/UnityEngine.TestRunner/NUnitExtensions/Runner/CompositeWorkItem.cs:82)
UnityEngine.TestTools.TestRunner.PlaymodeTestsController/<TestRunnerCoroutine>d__24:MoveNext () (at ./Library/PackageCache/com.unity.test-framework@1405238725ab/UnityEngine.TestRunner/TestRunner/PlaymodeTestsController.cs:94)
UnityEngine.SetupCoroutine:InvokeMoveNext (System.Collections.IEnumerator,intptr)

(Filename: Assets/TumbangPreso/Runtime/Camera/SpectatorCamera.cs Line: 588)

[Flow] unknown map 'PlayModeWorldReset_27', falling back to 'Eskinita'.
UnityEngine.Debug:ExtractStackTraceNoAlloc (byte*,int,string)
UnityEngine.StackTraceUtility:ExtractStackTrace ()
UnityEngine.DebugLogHandler:Internal_Log (UnityEngine.LogType,UnityEngine.LogOption,string,UnityEngine.Object)
UnityEngine.DebugLogHandler:LogFormat (UnityEngine.LogType,UnityEngine.Object,string,object[])
UnityEngine.Logger:Log (UnityEngine.LogType,object)
UnityEngine.Debug:LogWarning (object)
TumbangPreso.UI.SceneFlow:PreviewFor (string) (at Assets/TumbangPreso/Runtime/UI/SceneFlow.cs:214)
TumbangPreso.MatchArrivalPresentation/<RunCurrent>d__36:MoveNext () (at Assets/TumbangPreso/Runtime/MatchArrivalPresentation.cs:93)
TumbangPreso.MatchArrivalPresentation/<Run>d__34:MoveNext () (at Assets/TumbangPreso/Runtime/MatchArrivalPresentation.cs:51)
TumbangPreso.PlayTests.ArrivalViewOwnershipTests:Begin () (at Assets/TumbangPreso/Tests/PlayMode/ArrivalViewOwnershipTests.cs:45)
TumbangPreso.PlayTests.ArrivalViewOwnershipTests:NormalGameplayCancellationStillRestoresTheActiveFppView () (at Assets/TumbangPreso/Tests/PlayMode/ArrivalViewOwnershipTests.cs:58)
System.Reflection.RuntimeMethodInfo:Invoke (object,System.Reflection.BindingFlags,System.Reflection.Binder,object[],System.Globalization.CultureInfo)
System.Reflection.MethodBase:Invoke (object,object[])
NUnit.Framework.Internal.Reflect:InvokeMethod (System.Reflection.MethodInfo,object,object[])
NUnit.Framework.Internal.MethodWrapper:Invoke (object,object[])
NUnit.Framework.Internal.Commands.TestMethodCommand:RunNonAsyncTestMethod (NUnit.Framework.Internal.ITestExecutionContext)
NUnit.Framework.Internal.Commands.TestMethodCommand:RunTestMethod (NUnit.Framework.Internal.ITestExecutionContext)
NUnit.Framework.Internal.Commands.TestMethodCommand:Execute (NUnit.Framework.Internal.ITestExecutionContext)
UnityEngine.TestTools.UnityTestMethodCommand:Execute (NUnit.Framework.Internal.ITestExecutionContext) (at ./Library/PackageCache/com.unity.test-framework@1405238725ab/UnityEngine.TestRunner/NUnitExtensions/Commands/UnityTestMethodCommand.cs:19)
UnityEngine.TestRunner.NUnitExtensions.Runner.UnityLogCheckDelegatingCommand/<>c__DisplayClass2_0:<Execute>b__0 () (at ./Library/PackageCache/com.unity.test-framework@1405238725ab/UnityEngine.TestRunner/NUnitExtensions/Runner/UnityLogCheckDelegatingCommand.cs:24)
UnityEngine.TestRunner.NUnitExtensions.Runner.UnityLogCheckDelegatingCommand:CaptureException (NUnit.Framework.Internal.TestResult,System.Action) (at ./Library/PackageCache/com.unity.test-framework@1405238725ab/UnityEngine.TestRunner/NUnitExtensions/Runner/UnityLogCheckDelegatingCommand.cs:72)
UnityEngine.TestRunner.NUnitExtensions.Runner.UnityLogCheckDelegatingCommand:ExecuteAndCheckLog (UnityEngine.TestTools.Logging.LogScope,NUnit.Framework.Internal.TestResult,System.Action) (at ./Library/PackageCache/com.unity.test-framework@1405238725ab/UnityEngine.TestRunner/NUnitExtensions/Runner/UnityLogCheckDelegatingCommand.cs:83)
UnityEngine.TestRunner.NUnitExtensions.Runner.UnityLogCheckDelegatingCommand:Execute (NUnit.Framework.Internal.ITestExecutionContext) (at ./Library/PackageCache/com.unity.test-framework@1405238725ab/UnityEngine.TestRunner/NUnitExtensions/Runner/UnityLogCheckDelegatingCommand.cs:24)
UnityEngine.TestRunner.NUnitExtensions.Runner.UnityLogCheckDelegatingCommand/<ExecuteEnumerable>d__3:MoveNext () (at ./Library/PackageCache/com.unity.test-framework@1405238725ab/UnityEngine.TestRunner/NUnitExtensions/Runner/UnityLogCheckDelegatingCommand.cs:35)
UnityEngine.TestTools.BeforeAfterTestCommandBase`1/<ExecuteEnumerable>d__16<NUnit.Framework.ITestAction>:MoveNext () (at ./Library/PackageCache/com.unity.test-framework@1405238725ab/UnityEngine.TestRunner/NUnitExtensions/Commands/BeforeAfterTestCommandBase.cs:212)
UnityEngine.TestTools.ImmediateEnumerableCommand:Execute (NUnit.Framework.Internal.ITestExecutionContext) (at ./Library/PackageCache/com.unity.test-framework@1405238725ab/UnityEngine.TestRunner/NUnitExtensions/Commands/ImmediateEnumerableCommand.cs:18)
UnityEngine.TestTools.BeforeAfterTestCommandBase`1/<ExecuteEnumerable>d__16<System.Reflection.MethodInfo>:MoveNext () (at ./Library/PackageCache/com.unity.test-framework@1405238725ab/UnityEngine.TestRunner/NUnitExtensions/Commands/BeforeAfterTestCommandBase.cs:219)
UnityEngine.TestTools.BeforeAfterTestCommandBase`1/<ExecuteEnumerable>d__16<System.Reflection.MethodInfo>:MoveNext () (at ./Library/PackageCache/com.unity.test-framework@1405238725ab/UnityEngine.TestRunner/NUnitExtensions/Commands/BeforeAfterTestCommandBase.cs:212)
UnityEngine.TestTools.BeforeAfterTestCommandBase`1/<ExecuteEnumerable>d__16<UnityEngine.TestTools.IOuterUnityTestAction>:MoveNext () (at ./Library/PackageCache/com.unity.test-framework@1405238725ab/UnityEngine.TestRunner/NUnitExtensions/Commands/BeforeAfterTestCommandBase.cs:212)
UnityEngine.TestTools.RetryCommand/<ExecuteEnumerable>d__2:MoveNext () (at ./Library/PackageCache/com.unity.test-framework@1405238725ab/UnityEngine.TestRunner/NUnitExtensions/Commands/RetryCommand.cs:37)
UnityEngine.TestTools.RepeatCommand/<ExecuteEnumerable>d__2:MoveNext () (at ./Library/PackageCache/com.unity.test-framework@1405238725ab/UnityEngine.TestRunner/NUnitExtensions/Commands/RepeatCommand.cs:36)
UnityEngine.TestTools.IgnoreTestCommand/<ExecuteEnumerable>d__3:MoveNext () (at ./Library/PackageCache/com.unity.test-framework@1405238725ab/UnityEngine.TestRunner/NUnitExtensions/Commands/IgnoreTestCommand.cs:42)
UnityEngine.TestTools.StrictCheckCommand/<ExecuteEnumerable>d__2:MoveNext () (at ./Library/PackageCache/com.unity.test-framework@1405238725ab/UnityEngine.TestRunner/NUnitExtensions/Commands/StrictCheckCommand.cs:29)
UnityEngine.TestRunner.NUnitExtensions.Runner.DefaultTestWorkItem/<PerformWork>d__2:MoveNext () (at ./Library/PackageCache/com.unity.test-framework@1405238725ab/UnityEngine.TestRunner/NUnitExtensions/Runner/DefaultTestWorkItem.cs:50)
UnityEngine.TestRunner.NUnitExtensions.Runner.CompositeWorkItem/<RunChildren>d__17:MoveNext () (at ./Library/PackageCache/com.unity.test-framework@1405238725ab/UnityEngine.TestRunner/NUnitExtensions/Runner/CompositeWorkItem.cs:207)
UnityEngine.TestRunner.NUnitExtensions.Runner.CompositeWorkItem/<PerformWork>d__13:MoveNext () (at ./Library/PackageCache/com.unity.test-framework@1405238725ab/UnityEngine.TestRunner/NUnitExtensions/Runner/CompositeWorkItem.cs:82)
UnityEngine.TestRunner.NUnitExtensions.Runner.CompositeWorkItem/<RunChildren>d__17:MoveNext () (at ./Library/PackageCache/com.unity.test-framework@1405238725ab/UnityEngine.TestRunner/NUnitExtensions/Runner/CompositeWorkItem.cs:207)
UnityEngine.TestRunner.NUnitExtensions.Runner.CompositeWorkItem/<PerformWork>d__13:MoveNext () (at ./Library/PackageCache/com.unity.test-framework@1405238725ab/UnityEngine.TestRunner/NUnitExtensions/Runner/CompositeWorkItem.cs:82)
UnityEngine.TestRunner.NUnitExtensions.Runner.CompositeWorkItem/<RunChildren>d__17:MoveNext () (at ./Library/PackageCache/com.unity.test-framework@1405238725ab/UnityEngine.TestRunner/NUnitExtensions/Runner/CompositeWorkItem.cs:207)
UnityEngine.TestRunner.NUnitExtensions.Runner.CompositeWorkItem/<PerformWork>d__13:MoveNext () (at ./Library/PackageCache/com.unity.test-framework@1405238725ab/UnityEngine.TestRunner/NUnitExtensions/Runner/CompositeWorkItem.cs:82)
UnityEngine.TestRunner.NUnitExtensions.Runner.CompositeWorkItem/<RunChildren>d__17:MoveNext () (at ./Library/PackageCache/com.unity.test-framework@1405238725ab/UnityEngine.TestRunner/NUnitExtensions/Runner/CompositeWorkItem.cs:207)
UnityEngine.TestRunner.NUnitExtensions.Runner.CompositeWorkItem/<PerformWork>d__13:MoveNext () (at ./Library/PackageCache/com.unity.test-framework@1405238725ab/UnityEngine.TestRunner/NUnitExtensions/Runner/CompositeWorkItem.cs:82)
UnityEngine.TestRunner.NUnitExtensions.Runner.CompositeWorkItem/<RunChildren>d__17:MoveNext () (at ./Library/PackageCache/com.unity.test-framework@1405238725ab/UnityEngine.TestRunner/NUnitExtensions/Runner/CompositeWorkItem.cs:207)
UnityEngine.TestRunner.NUnitExtensions.Runner.CompositeWorkItem/<PerformWork>d__13:MoveNext () (at ./Library/PackageCache/com.unity.test-framework@1405238725ab/UnityEngine.TestRunner/NUnitExtensions/Runner/CompositeWorkItem.cs:82)
UnityEngine.TestTools.TestRunner.PlaymodeTestsController/<TestRunnerCoroutine>d__24:MoveNext () (at ./Library/PackageCache/com.unity.test-framework@1405238725ab/UnityEngine.TestRunner/TestRunner/PlaymodeTestsController.cs:94)
UnityEngine.SetupCoroutine:InvokeMoveNext (System.Collections.IEnumerator,intptr)

(Filename: Assets/TumbangPreso/Runtime/UI/SceneFlow.cs Line: 214)

Unloading 2 Unused Serialized files (Serialized files now loaded: 0)
Unloading 28 unused Assets / (4.4 KB). Loaded Objects now: 9301.
Memory consumption went from 0.53 GB to 0.53 GB.
Total: 20.592000 ms (FindLiveObjects: 0.761000 ms CreateObjectMapping: 1.899700 ms MarkObjects: 17.755400 ms  DeleteObjects: 0.174100 ms)

Unloading 0 Unused Serialized files (Serialized files now loaded: 0)
Unloading 0 unused Assets / (0 B). Loaded Objects now: 9301.
Memory consumption went from 0.53 GB to 0.53 GB.
Total: 51.020600 ms (FindLiveObjects: 0.736000 ms CreateObjectMapping: 1.708300 ms MarkObjects: 48.539600 ms  DeleteObjects: 0.035000 ms)

[Replay] this device cannot asynchronously read the replay format; the capture is the old synchronous copy, which is slower and correct.
UnityEngine.Debug:ExtractStackTraceNoAlloc (byte*,int,string)
UnityEngine.StackTraceUtility:ExtractStackTrace ()
UnityEngine.DebugLogHandler:Internal_Log (UnityEngine.LogType,UnityEngine.LogOption,string,UnityEngine.Object)
UnityEngine.DebugLogHandler:LogFormat (UnityEngine.LogType,UnityEngine.Object,string,object[])
UnityEngine.Logger:Log (UnityEngine.LogType,object)
UnityEngine.Debug:Log (object)
TumbangPreso.CameraSystem.SpectatorCamera:Awake () (at Assets/TumbangPreso/Runtime/Camera/SpectatorCamera.cs:588)
UnityEngine.GameObject:Internal_AddComponentWithType (System.Type)
UnityEngine.GameObject:AddComponent (System.Type)
UnityEngine.GameObject:AddComponent<TumbangPreso.CameraSystem.SpectatorCamera> ()
TumbangPreso.PlayTests.ArrivalViewOwnershipTests/<Before>d__18:MoveNext () (at Assets/TumbangPreso/Tests/PlayMode/ArrivalViewOwnershipTests.cs:33)
UnityEngine.TestTools.EnumeratorHelper/<ProgressOnEnumerator>d__5:MoveNext () (at ./Library/PackageCache/com.unity.test-framework@1405238725ab/UnityEngine.TestRunner/NUnitExtensions/Attributes/EnumeratorHelper.cs:35)
UnityEngine.TestTools.BeforeAfterTestCommandBase`1/<ExecuteEnumerable>d__16<System.Reflection.MethodInfo>:MoveNext () (at ./Library/PackageCache/com.unity.test-framework@1405238725ab/UnityEngine.TestRunner/NUnitExtensions/Commands/BeforeAfterTestCommandBase.cs:155)
UnityEngine.TestTools.BeforeAfterTestCommandBase`1/<ExecuteEnumerable>d__16<UnityEngine.TestTools.IOuterUnityTestAction>:MoveNext () (at ./Library/PackageCache/com.unity.test-framework@1405238725ab/UnityEngine.TestRunner/NUnitExtensions/Commands/BeforeAfterTestCommandBase.cs:212)
UnityEngine.TestTools.RetryCommand/<ExecuteEnumerable>d__2:MoveNext () (at ./Library/PackageCache/com.unity.test-framework@1405238725ab/UnityEngine.TestRunner/NUnitExtensions/Commands/RetryCommand.cs:37)
UnityEngine.TestTools.RepeatCommand/<ExecuteEnumerable>d__2:MoveNext () (at ./Library/PackageCache/com.unity.test-framework@1405238725ab/UnityEngine.TestRunner/NUnitExtensions/Commands/RepeatCommand.cs:36)
UnityEngine.TestTools.IgnoreTestCommand/<ExecuteEnumerable>d__3:MoveNext () (at ./Library/PackageCache/com.unity.test-framework@1405238725ab/UnityEngine.TestRunner/NUnitExtensions/Commands/IgnoreTestCommand.cs:42)
UnityEngine.TestTools.StrictCheckCommand/<ExecuteEnumerable>d__2:MoveNext () (at ./Library/PackageCache/com.unity.test-framework@1405238725ab/UnityEngine.TestRunner/NUnitExtensions/Commands/StrictCheckCommand.cs:29)
UnityEngine.TestRunner.NUnitExtensions.Runner.DefaultTestWorkItem/<PerformWork>d__2:MoveNext () (at ./Library/PackageCache/com.unity.test-framework@1405238725ab/UnityEngine.TestRunner/NUnitExtensions/Runner/DefaultTestWorkItem.cs:50)
UnityEngine.TestRunner.NUnitExtensions.Runner.CompositeWorkItem/<RunChildren>d__17:MoveNext () (at ./Library/PackageCache/com.unity.test-framework@1405238725ab/UnityEngine.TestRunner/NUnitExtensions/Runner/CompositeWorkItem.cs:207)
UnityEngine.TestRunner.NUnitExtensions.Runner.CompositeWorkItem/<PerformWork>d__13:MoveNext () (at ./Library/PackageCache/com.unity.test-framework@1405238725ab/UnityEngine.TestRunner/NUnitExtensions/Runner/CompositeWorkItem.cs:82)
UnityEngine.TestRunner.NUnitExtensions.Runner.CompositeWorkItem/<RunChildren>d__17:MoveNext () (at ./Library/PackageCache/com.unity.test-framework@1405238725ab/UnityEngine.TestRunner/NUnitExtensions/Runner/CompositeWorkItem.cs:207)
UnityEngine.TestRunner.NUnitExtensions.Runner.CompositeWorkItem/<PerformWork>d__13:MoveNext () (at ./Library/PackageCache/com.unity.test-framework@1405238725ab/UnityEngine.TestRunner/NUnitExtensions/Runner/CompositeWorkItem.cs:82)
UnityEngine.TestRunner.NUnitExtensions.Runner.CompositeWorkItem/<RunChildren>d__17:MoveNext () (at ./Library/PackageCache/com.unity.test-framework@1405238725ab/UnityEngine.TestRunner/NUnitExtensions/Runner/CompositeWorkItem.cs:207)
UnityEngine.TestRunner.NUnitExtensions.Runner.CompositeWorkItem/<PerformWork>d__13:MoveNext () (at ./Library/PackageCache/com.unity.test-framework@1405238725ab/UnityEngine.TestRunner/NUnitExtensions/Runner/CompositeWorkItem.cs:82)
UnityEngine.TestRunner.NUnitExtensions.Runner.CompositeWorkItem/<RunChildren>d__17:MoveNext () (at ./Library/PackageCache/com.unity.test-framework@1405238725ab/UnityEngine.TestRunner/NUnitExtensions/Runner/CompositeWorkItem.cs:207)
UnityEngine.TestRunner.NUnitExtensions.Runner.CompositeWorkItem/<PerformWork>d__13:MoveNext () (at ./Library/PackageCache/com.unity.test-framework@1405238725ab/UnityEngine.TestRunner/NUnitExtensions/Runner/CompositeWorkItem.cs:82)
UnityEngine.TestRunner.NUnitExtensions.Runner.CompositeWorkItem/<RunChildren>d__17:MoveNext () (at ./Library/PackageCache/com.unity.test-framework@1405238725ab/UnityEngine.TestRunner/NUnitExtensions/Runner/CompositeWorkItem.cs:207)
UnityEngine.TestRunner.NUnitExtensions.Runner.CompositeWorkItem/<PerformWork>d__13:MoveNext () (at ./Library/PackageCache/com.unity.test-framework@1405238725ab/UnityEngine.TestRunner/NUnitExtensions/Runner/CompositeWorkItem.cs:82)
UnityEngine.TestTools.TestRunner.PlaymodeTestsController/<TestRunnerCoroutine>d__24:MoveNext () (at ./Library/PackageCache/com.unity.test-framework@1405238725ab/UnityEngine.TestRunner/TestRunner/PlaymodeTestsController.cs:94)
UnityEngine.SetupCoroutine:InvokeMoveNext (System.Collections.IEnumerator,intptr)

(Filename: Assets/TumbangPreso/Runtime/Camera/SpectatorCamera.cs Line: 588)

[Flow] unknown map 'PlayModeWorldReset_36', falling back to 'Eskinita'.
UnityEngine.Debug:ExtractStackTraceNoAlloc (byte*,int,string)
UnityEngine.StackTraceUtility:ExtractStackTrace ()
UnityEngine.DebugLogHandler:Internal_Log (UnityEngine.LogType,UnityEngine.LogOption,string,UnityEngine.Object)
UnityEngine.DebugLogHandler:LogFormat (UnityEngine.LogType,UnityEngine.Object,string,object[])
UnityEngine.Logger:Log (UnityEngine.LogType,object)
UnityEngine.Debug:LogWarning (object)
TumbangPreso.UI.SceneFlow:PreviewFor (string) (at Assets/TumbangPreso/Runtime/UI/SceneFlow.cs:214)
TumbangPreso.MatchArrivalPresentation/<RunCurrent>d__36:MoveNext () (at Assets/TumbangPreso/Runtime/MatchArrivalPresentation.cs:93)
TumbangPreso.MatchArrivalPresentation/<Run>d__34:MoveNext () (at Assets/TumbangPreso/Runtime/MatchArrivalPresentation.cs:51)
TumbangPreso.PlayTests.ArrivalViewOwnershipTests:Begin () (at Assets/TumbangPreso/Tests/PlayMode/ArrivalViewOwnershipTests.cs:45)
TumbangPreso.PlayTests.ArrivalViewOwnershipTests:ReseatingBeforeArrivalReturnKeepsTheCurrentGameplayView () (at Assets/TumbangPreso/Tests/PlayMode/ArrivalViewOwnershipTests.cs:60)
System.Reflection.RuntimeMethodInfo:Invoke (object,System.Reflection.BindingFlags,System.Reflection.Binder,object[],System.Globalization.CultureInfo)
System.Reflection.MethodBase:Invoke (object,object[])
NUnit.Framework.Internal.Reflect:InvokeMethod (System.Reflection.MethodInfo,object,object[])
NUnit.Framework.Internal.MethodWrapper:Invoke (object,object[])
NUnit.Framework.Internal.Commands.TestMethodCommand:RunNonAsyncTestMethod (NUnit.Framework.Internal.ITestExecutionContext)
NUnit.Framework.Internal.Commands.TestMethodCommand:RunTestMethod (NUnit.Framework.Internal.ITestExecutionContext)
NUnit.Framework.Internal.Commands.TestMethodCommand:Execute (NUnit.Framework.Internal.ITestExecutionContext)
UnityEngine.TestTools.UnityTestMethodCommand:Execute (NUnit.Framework.Internal.ITestExecutionContext) (at ./Library/PackageCache/com.unity.test-framework@1405238725ab/UnityEngine.TestRunner/NUnitExtensions/Commands/UnityTestMethodCommand.cs:19)
UnityEngine.TestRunner.NUnitExtensions.Runner.UnityLogCheckDelegatingCommand/<>c__DisplayClass2_0:<Execute>b__0 () (at ./Library/PackageCache/com.unity.test-framework@1405238725ab/UnityEngine.TestRunner/NUnitExtensions/Runner/UnityLogCheckDelegatingCommand.cs:24)
UnityEngine.TestRunner.NUnitExtensions.Runner.UnityLogCheckDelegatingCommand:CaptureException (NUnit.Framework.Internal.TestResult,System.Action) (at ./Library/PackageCache/com.unity.test-framework@1405238725ab/UnityEngine.TestRunner/NUnitExtensions/Runner/UnityLogCheckDelegatingCommand.cs:72)
UnityEngine.TestRunner.NUnitExtensions.Runner.UnityLogCheckDelegatingCommand:ExecuteAndCheckLog (UnityEngine.TestTools.Logging.LogScope,NUnit.Framework.Internal.TestResult,System.Action) (at ./Library/PackageCache/com.unity.test-framework@1405238725ab/UnityEngine.TestRunner/NUnitExtensions/Runner/UnityLogCheckDelegatingCommand.cs:83)
UnityEngine.TestRunner.NUnitExtensions.Runner.UnityLogCheckDelegatingCommand:Execute (NUnit.Framework.Internal.ITestExecutionContext) (at ./Library/PackageCache/com.unity.test-framework@1405238725ab/UnityEngine.TestRunner/NUnitExtensions/Runner/UnityLogCheckDelegatingCommand.cs:24)
UnityEngine.TestRunner.NUnitExtensions.Runner.UnityLogCheckDelegatingCommand/<ExecuteEnumerable>d__3:MoveNext () (at ./Library/PackageCache/com.unity.test-framework@1405238725ab/UnityEngine.TestRunner/NUnitExtensions/Runner/UnityLogCheckDelegatingCommand.cs:35)
UnityEngine.TestTools.BeforeAfterTestCommandBase`1/<ExecuteEnumerable>d__16<NUnit.Framework.ITestAction>:MoveNext () (at ./Library/PackageCache/com.unity.test-framework@1405238725ab/UnityEngine.TestRunner/NUnitExtensions/Commands/BeforeAfterTestCommandBase.cs:212)
UnityEngine.TestTools.ImmediateEnumerableCommand:Execute (NUnit.Framework.Internal.ITestExecutionContext) (at ./Library/PackageCache/com.unity.test-framework@1405238725ab/UnityEngine.TestRunner/NUnitExtensions/Commands/ImmediateEnumerableCommand.cs:18)
UnityEngine.TestTools.BeforeAfterTestCommandBase`1/<ExecuteEnumerable>d__16<System.Reflection.MethodInfo>:MoveNext () (at ./Library/PackageCache/com.unity.test-framework@1405238725ab/UnityEngine.TestRunner/NUnitExtensions/Commands/BeforeAfterTestCommandBase.cs:219)
UnityEngine.TestTools.BeforeAfterTestCommandBase`1/<ExecuteEnumerable>d__16<System.Reflection.MethodInfo>:MoveNext () (at ./Library/PackageCache/com.unity.test-framework@1405238725ab/UnityEngine.TestRunner/NUnitExtensions/Commands/BeforeAfterTestCommandBase.cs:212)
UnityEngine.TestTools.BeforeAfterTestCommandBase`1/<ExecuteEnumerable>d__16<UnityEngine.TestTools.IOuterUnityTestAction>:MoveNext () (at ./Library/PackageCache/com.unity.test-framework@1405238725ab/UnityEngine.TestRunner/NUnitExtensions/Commands/BeforeAfterTestCommandBase.cs:212)
UnityEngine.TestTools.RetryCommand/<ExecuteEnumerable>d__2:MoveNext () (at ./Library/PackageCache/com.unity.test-framework@1405238725ab/UnityEngine.TestRunner/NUnitExtensions/Commands/RetryCommand.cs:37)
UnityEngine.TestTools.RepeatCommand/<ExecuteEnumerable>d__2:MoveNext () (at ./Library/PackageCache/com.unity.test-framework@1405238725ab/UnityEngine.TestRunner/NUnitExtensions/Commands/RepeatCommand.cs:36)
UnityEngine.TestTools.IgnoreTestCommand/<ExecuteEnumerable>d__3:MoveNext () (at ./Library/PackageCache/com.unity.test-framework@1405238725ab/UnityEngine.TestRunner/NUnitExtensions/Commands/IgnoreTestCommand.cs:42)
UnityEngine.TestTools.StrictCheckCommand/<ExecuteEnumerable>d__2:MoveNext () (at ./Library/PackageCache/com.unity.test-framework@1405238725ab/UnityEngine.TestRunner/NUnitExtensions/Commands/StrictCheckCommand.cs:29)
UnityEngine.TestRunner.NUnitExtensions.Runner.DefaultTestWorkItem/<PerformWork>d__2:MoveNext () (at ./Library/PackageCache/com.unity.test-framework@1405238725ab/UnityEngine.TestRunner/NUnitExtensions/Runner/DefaultTestWorkItem.cs:50)
UnityEngine.TestRunner.NUnitExtensions.Runner.CompositeWorkItem/<RunChildren>d__17:MoveNext () (at ./Library/PackageCache/com.unity.test-framework@1405238725ab/UnityEngine.TestRunner/NUnitExtensions/Runner/CompositeWorkItem.cs:207)
UnityEngine.TestRunner.NUnitExtensions.Runner.CompositeWorkItem/<PerformWork>d__13:MoveNext () (at ./Library/PackageCache/com.unity.test-framework@1405238725ab/UnityEngine.TestRunner/NUnitExtensions/Runner/CompositeWorkItem.cs:82)
UnityEngine.TestRunner.NUnitExtensions.Runner.CompositeWorkItem/<RunChildren>d__17:MoveNext () (at ./Library/PackageCache/com.unity.test-framework@1405238725ab/UnityEngine.TestRunner/NUnitExtensions/Runner/CompositeWorkItem.cs:207)
UnityEngine.TestRunner.NUnitExtensions.Runner.CompositeWorkItem/<PerformWork>d__13:MoveNext () (at ./Library/PackageCache/com.unity.test-framework@1405238725ab/UnityEngine.TestRunner/NUnitExtensions/Runner/CompositeWorkItem.cs:82)
UnityEngine.TestRunner.NUnitExtensions.Runner.CompositeWorkItem/<RunChildren>d__17:MoveNext () (at ./Library/PackageCache/com.unity.test-framework@1405238725ab/UnityEngine.TestRunner/NUnitExtensions/Runner/CompositeWorkItem.cs:207)
UnityEngine.TestRunner.NUnitExtensions.Runner.CompositeWorkItem/<PerformWork>d__13:MoveNext () (at ./Library/PackageCache/com.unity.test-framework@1405238725ab/UnityEngine.TestRunner/NUnitExtensions/Runner/CompositeWorkItem.cs:82)
UnityEngine.TestRunner.NUnitExtensions.Runner.CompositeWorkItem/<RunChildren>d__17:MoveNext () (at ./Library/PackageCache/com.unity.test-framework@1405238725ab/UnityEngine.TestRunner/NUnitExtensions/Runner/CompositeWorkItem.cs:207)
UnityEngine.TestRunner.NUnitExtensions.Runner.CompositeWorkItem/<PerformWork>d__13:MoveNext () (at ./Library/PackageCache/com.unity.test-framework@1405238725ab/UnityEngine.TestRunner/NUnitExtensions/Runner/CompositeWorkItem.cs:82)
UnityEngine.TestRunner.NUnitExtensions.Runner.CompositeWorkItem/<RunChildren>d__17:MoveNext () (at ./Library/PackageCache/com.unity.test-framework@1405238725ab/UnityEngine.TestRunner/NUnitExtensions/Runner/CompositeWorkItem.cs:207)
UnityEngine.TestRunner.NUnitExtensions.Runner.CompositeWorkItem/<PerformWork>d__13:MoveNext () (at ./Library/PackageCache/com.unity.test-framework@1405238725ab/UnityEngine.TestRunner/NUnitExtensions/Runner/CompositeWorkItem.cs:82)
UnityEngine.TestTools.TestRunner.PlaymodeTestsController/<TestRunnerCoroutine>d__24:MoveNext () (at ./Library/PackageCache/com.unity.test-framework@1405238725ab/UnityEngine.TestRunner/TestRunner/PlaymodeTestsController.cs:94)
UnityEngine.SetupCoroutine:InvokeMoveNext (System.Collections.IEnumerator,intptr)

(Filename: Assets/TumbangPreso/Runtime/UI/SceneFlow.cs Line: 214)

Unloading 2 Unused Serialized files (Serialized files now loaded: 0)
Unloading 28 unused Assets / (4.4 KB). Loaded Objects now: 9301.
Memory consumption went from 0.53 GB to 0.53 GB.
Total: 17.545700 ms (FindLiveObjects: 0.697500 ms CreateObjectMapping: 1.394900 ms MarkObjects: 15.364700 ms  DeleteObjects: 0.086400 ms)

Saving results to: C:/Users/matth/AppData/LocalLow/BH Studios/Tumbang Preso\TestResults.xml
Saving results to: C:\Users\matth\Documents\Codex\work\tump-competition-candidate1003i\Logs\arrival-view-ownership1006\candidate-native\results.xml
Saving results to: C:\Users\matth\Documents\Codex\work\tump-competition-candidate1003i\Logs\live-tests-20261006-065712-3689.xml
[LiveTests] Native NUnit result saved: C:\Users\matth\Documents\Codex\work\tump-competition-candidate1003i\Logs\live-tests-20261006-065712-3689.xml
UnityEngine.Debug:ExtractStackTraceNoAlloc (byte*,int,string)
UnityEngine.StackTraceUtility:ExtractStackTrace ()
UnityEngine.DebugLogHandler:Internal_Log (UnityEngine.LogType,UnityEngine.LogOption,string,UnityEngine.Object)
UnityEngine.DebugLogHandler:LogFormat (UnityEngine.LogType,UnityEngine.Object,string,object[])
UnityEngine.Logger:Log (UnityEngine.LogType,object)
UnityEngine.Debug:Log (object)
TumbangPreso.EditorTools.LiveTestResultRecorder/Recorder:RunFinished (UnityEditor.TestTools.TestRunner.Api.ITestResultAdaptor) (at Assets/TumbangPreso/Editor/LiveTestResultRecorder.cs:45)
UnityEditor.TestTools.TestRunner.Api.CallbacksDelegator/<>c__DisplayClass9_0:<RunFinished>b__0 (UnityEditor.TestTools.TestRunner.Api.ICallbacks) (at ./Library/PackageCache/com.unity.test-framework@1405238725ab/UnityEditor.TestRunner/Api/CallbacksDelegator.cs:55)
UnityEditor.TestTools.TestRunner.Api.CallbacksDelegator:TryInvokeAllCallbacks (System.Action`1<UnityEditor.TestTools.TestRunner.Api.ICallbacks>) (at ./Library/PackageCache/com.unity.test-framework@1405238725ab/UnityEditor.TestRunner/Api/CallbacksDelegator.cs:135)
UnityEditor.TestTools.TestRunner.Api.CallbacksDelegator:RunFinished (NUnit.Framework.Interfaces.ITestResult) (at ./Library/PackageCache/com.unity.test-framework@1405238725ab/UnityEditor.TestRunner/Api/CallbacksDelegator.cs:55)
UnityEngine.Events.InvokableCall`1<NUnit.Framework.Interfaces.ITestResult>:Invoke (NUnit.Framework.Interfaces.ITestResult)
UnityEngine.Events.UnityEvent`1<NUnit.Framework.Interfaces.ITestResult>:Invoke (NUnit.Framework.Interfaces.ITestResult)
UnityEngine.Events.InvokableCall`1<NUnit.Framework.Interfaces.ITestResult>:Invoke (NUnit.Framework.Interfaces.ITestResult)
UnityEngine.Events.UnityEvent`1<NUnit.Framework.Interfaces.ITestResult>:Invoke (NUnit.Framework.Interfaces.ITestResult)
UnityEngine.TestTools.TestRunner.PlaymodeTestsController/<TestRunnerCoroutine>d__24:MoveNext () (at ./Library/PackageCache/com.unity.test-framework@1405238725ab/UnityEngine.TestRunner/TestRunner/PlaymodeTestsController.cs:110)
UnityEngine.SetupCoroutine:InvokeMoveNext (System.Collections.IEnumerator,intptr)

(Filename: Assets/TumbangPreso/Editor/LiveTestResultRecorder.cs Line: 45)

Unloading 0 Unused Serialized files (Serialized files now loaded: 0)
Loaded scene 'Temp/__Backupscenes/0.backup'
	Deserialize:            3.241 ms
	Integration:            416.952 ms
	Integration of assets:  0.006 ms
	Thread Wait Time:       0.014 ms
	Total Operation Time:   420.213 ms
Unloading 0 unused Assets / (35.8 KB). Loaded Objects now: 9286.
Memory consumption went from 0.53 GB to 0.53 GB.
Total: 18.701400 ms (FindLiveObjects: 0.678800 ms CreateObjectMapping: 1.892800 ms MarkObjects: 16.073300 ms  DeleteObjects: 0.054900 ms)

Executing IPostBuildCleanup for: Unity.PerformanceTesting.Editor.TestRunBuilder.
UnityEngine.Debug:ExtractStackTraceNoAlloc (byte*,int,string)
UnityEngine.StackTraceUtility:ExtractStackTrace ()
UnityEngine.DebugLogHandler:Internal_Log (UnityEngine.LogType,UnityEngine.LogOption,string,UnityEngine.Object)
UnityEngine.DebugLogHandler:LogFormat (UnityEngine.LogType,UnityEngine.Object,string,object[])
UnityEngine.Logger:Log (UnityEngine.LogType,object)
UnityEngine.Debug:Log (object)
UnityEditor.TestTools.TestRunner.TestRun.Tasks.BuildActionTaskBase`1/<ExecuteMethods>d__8<UnityEngine.TestTools.IPostBuildCleanup>:MoveNext () (at ./Library/PackageCache/com.unity.test-framework@1405238725ab/UnityEditor.TestRunner/TestRun/Tasks/BuildActionTaskBase.cs:48)
UnityEditor.TestTools.TestRunner.TestRun.Tasks.BuildActionTaskBase`1/<Execute>d__7<UnityEngine.TestTools.IPostBuildCleanup>:MoveNext () (at ./Library/PackageCache/com.unity.test-framework@1405238725ab/UnityEditor.TestRunner/TestRun/Tasks/BuildActionTaskBase.cs:34)
UnityEditor.TestTools.TestRunner.TestRun.TestJobRunner:ExecuteStep () (at ./Library/PackageCache/com.unity.test-framework@1405238725ab/UnityEditor.TestRunner/TestRun/TestJobRunner.cs:194)
UnityEditor.TestTools.TestRunner.TestRun.TestJobRunner:ExecuteCallback () (at ./Library/PackageCache/com.unity.test-framework@1405238725ab/UnityEditor.TestRunner/TestRun/TestJobRunner.cs:129)
UnityEditor.EditorApplication:Internal_CallUpdateFunctions ()

(Filename: ./Library/PackageCache/com.unity.test-framework@1405238725ab/UnityEditor.TestRunner/TestRun/Tasks/BuildActionTaskBase.cs Line: 48)

Unloading 2 Unused Serialized files (Serialized files now loaded: 0)
Unloading 1 unused Assets / (1.0 KB). Loaded Objects now: 9256.
Memory consumption went from 0.53 GB to 0.53 GB.
Total: 26.394400 ms (FindLiveObjects: 0.818700 ms CreateObjectMapping: 1.672800 ms MarkObjects: 23.828800 ms  DeleteObjects: 0.072100 ms)

Refreshing native plugins compatible for Editor in 2.87 ms, found 0 plugins.

Asset Pipeline Refresh (id=7f0ef6e31c0e7984a81a0b52d9948c53): Total: 0.395 seconds - Initiated by StopAssetImportingV2(NoUpdateAssetOptions)
	(Values over 0.05ms)
	Summary:
		Imports: total=0 (actual=0, local cache=0, cache server=0)
		Asset DB Process Time: managed=0 ms, native=381 ms
		Asset DB Callback time: managed=3 ms, native=10 ms
		Scripting: domain reloads=0, domain reload time=0 ms, compile time=0 ms, other=0 ms
		Project Asset Count: scripts=1725, non-scripts=10556
		Asset File Changes: new=0, changed=0, moved=0, deleted=1
		Scan Filter Count: 2
	ApplyChangesToAssetFolders: 0.431ms
	Scan: 32.442ms
	Collect global state as custom dependencies: 1.932ms
	OnSourceAssetsModified: 0.132ms
	ProcessAssetsWithTransientArtifactChanges: 0.342ms
	CategorizeAssets: 70.644ms
	ImportOutOfDateAssets: 249.973ms (27.751ms without children)
		ReloadNativeAssets: 0.081ms
		UnloadImportedAssets: 0.689ms
		EnsureUptoDateAssetsAreRegisteredWithGuidPM: 4.471ms
		ImportSchedulerStart: 216.969ms
	PostProcessAllAssets: 9.513ms
		XRBuildSystem.XRAssetImported 6.389ms
		MonoPostProcessAllAssets: 2.927ms
			ShaderGraphAssetPostProcessor.OnPostprocessAllAssets 0.538ms
			AssetChangedListener.OnPostprocessAllAssets 0.500ms
			NetworkPrefabProcessor.OnPostprocessAllAssets 0.343ms
			AssetPostprocessorProxy.OnPostprocessAllAssets 0.232ms
			RetainedModeAssetPostprocessor.OnPostprocessAllAssets 0.141ms
			StyleCatalogPostProcessor.OnPostprocessAllAssets 0.071ms
	PostAssetChangesProfiler: 3.951ms
	GatherAllCurrentPrimaryImportResultRevisions: 0.868ms
	PersistCurrentRevisions: 0.899ms
	Untracked: 18.704ms

DisplayProgressbar: Undo
Test run completed. Exiting with code 0 (Ok). Run completed.
UnityEngine.Debug:ExtractStackTraceNoAlloc (byte*,int,string)
UnityEngine.StackTraceUtility:ExtractStackTrace ()
UnityEngine.DebugLogHandler:Internal_Log (UnityEngine.LogType,UnityEngine.LogOption,string,UnityEngine.Object)
UnityEngine.DebugLogHandler:LogFormat (UnityEngine.LogType,UnityEngine.Object,string,object[])
UnityEngine.Logger:Log (UnityEngine.LogType,object)
UnityEngine.Debug:Log (object)
UnityEditor.TestTools.TestRunner.CommandLineTest.Executer:ExitApplication (UnityEditor.TestTools.TestRunner.CommandLineTest.Executer/ReturnCodes,string) (at ./Library/PackageCache/com.unity.test-framework@1405238725ab/UnityEditor.TestRunner/CommandLineTest/Executer.cs:81)
UnityEditor.TestTools.TestRunner.CommandLineTest.Executer:ExitIfRunIsCompleted () (at ./Library/PackageCache/com.unity.test-framework@1405238725ab/UnityEditor.TestRunner/CommandLineTest/Executer.cs:74)
UnityEditor.EditorApplication:Internal_CallUpdateFunctions ()

(Filename: ./Library/PackageCache/com.unity.test-framework@1405238725ab/UnityEditor.TestRunner/CommandLineTest/Executer.cs Line: 81)

MonoPathRemapper: Attempts to remap: 56102; Successful remaps: 18194
Serialized file version minimum: 22, current 23
Pipeline Server stopped
[Physics::Module] Cleanup current backend.
[Physics::Module] Id: 0xf2b8ea05
Input System module state changed to: ShutdownInProgress.
Input Polling Thread exited.
Input System module state changed to: Shutdown.
[Licensing::IpcConnector] LicenseClient-matth-notifications channel disconnected successfully.
[Licensing::IpcConnector] LicenseClient-matth channel disconnected successfully.
Lingering sessions upon destruction of worker manager
AcceleratorClientConnectionCallback - disconnected - :0
Cleanup mono
CodeReloadManager destroyed
Checking for leaked weakptr:
  Found no leaked weakptrs.
[Package Manager] Server process was shutdown
##utp:{"type":"MemoryLeaks","version":2,"phase":"Immediate","time":1791269836087,"processId":22772,"allocatedMemory":29580706,"memoryLabels":[{"Default":254960},{"Permanent":15516},{"NewDelete":66795},{"Thread":4197560},{"Manager":33733},{"VertexData":8},{"Geometry":816},{"Texture":24},{"Shader":856532},{"Material":24},{"GfxDevice":55328},{"Animation":952},{"FreeType":8},{"FontEngine":736},{"Physics":2146},{"Physics2D":16},{"Serialization":824},{"Input":42840},{"JobScheduler":256},{"TextLib":280},{"Mono":310},{"MonoCode":64},{"ScriptingNativeRuntime":1635940},{"BaseObject":1632504},{"Resource":1208},{"Renderer":3080},{"Transform":4685},{"File":12904},{"WebCam":616},{"Culling":32},{"Terrain":11442},{"Wind":24},{"STL":40},{"String":13931},{"StaticString":3808},{"Utility":2673238},{"Curl":2478},{"PoolAlloc":2408},{"AI":80},{"TypeTree":20749},{"CodeReload":448},{"RuntimeInitializeOnLoadManager":64},{"Sprites":102},{"SpriteAtlas":120},{"GI":7816},{"Director":8296},{"CloudService":288},{"WebRequest":552},{"VR":47114},{"SceneManager":608},{"Video":208},{"LazyScriptCache":32},{"Camera":17},{"Secure":2377},{"SerializationCache":1576},{"APIUpdating":10320},{"Subsystems":336},{"VirtualTexturing":57888},{"StaticSafetyDebugInfo":278528},{"Analytics":424},{"Hierarchy":1176},{"UIElements":72},{"CoreStats":13688},{"Identifiers":6768},{"Gui":128},{"EditorUtility":131826},{"VersionControl":8},{"Undo":931},{"AssetDatabase":17410026},{"AssetImporter":40},{"EditorGi":328},{"UnityConnect":38929},{"Upm":1912},{"UpmDiagnostics":8},{"AssetCompliance":64},{"DrivenProperties":72},{"LocalIPC":211},{"ProfilerEditor":9746},{"CoreBusinessMetrics":3204},{"Windowing":456},{"Licensing":1232},{"AssetReference":32},{"IPCStream":32}]}
