Mono path[0] = 'C:/Users/matth/Documents/Codex/work/tump-competition-candidate1003i/Builds/release-ui-perf1008g/TumbangPreso_Data/Managed'
Mono config path = 'C:/Users/matth/Documents/Codex/work/tump-competition-candidate1003i/Builds/release-ui-perf1008g/MonoBleedingEdge/etc'
CodeReloadManager initialized
Input System module state changed to: Initialized.
[Physics::Module] Initialized fallback backend.
[Physics::Module] Id: 0xdecafbad
Initialize engine version: 6000.5.8f1 (5cb7df797b7d)
[Subsystems] Discovering subsystems at path C:/Users/matth/Documents/Codex/work/tump-competition-candidate1003i/Builds/release-ui-perf1008g/TumbangPreso_Data/UnitySubsystems
Forcing GfxDevice: Direct3D 11
GfxDevice: creating device client; kGfxThreadingModeClientWorkerJobs
Direct3D:
    Version:  Direct3D 11.0 [level 11.1]
    Renderer: AMD Radeon RX 6600 (ID=0x73ff)
    Vendor:   ATI
    VRAM:     8147 MB
    Driver:   32.0.21043.19003
Begin MonoManager ReloadAssembly
- Finished resetting the current domain, in  0.052 seconds
[Physics::Module] Selected backend.
[Physics::Module] Name: PhysX
[Physics::Module] Id: 0xf2b8ea05
[Physics::Module] SDK Version: 4.1.2
[Physics::Module] Integration Version: 1.0.0
[Physics::Module] Threading Mode: Multi-Threaded
D3D11 device created for Microsoft Media Foundation video decoding.
<RI> Initializing input.
Using Windows.Gaming.Input
<RI> Input initialized.
[Audio] loaded 122 of 122 cues.
[NetIdentity] Online sign-in is disabled for this local UI review.
UnloadTime: 0.942100 ms
[Build] TUMBANG PRESO 1.0.0 | ba28d4e0fb58+dirty | protocol 153 | StandaloneWindows64
Unexpected timestamp values detected. This can occur in H.264 videos not encoded with the baseline profile. Timestamps will be skewed to correct the playback for C:/Users/matth/Documents/Codex/work/tump-competition-candidate1003i/Builds/release-ui-perf1008g/TumbangPreso_Data/sharedassets0.resource
Color primaries 0 is unknown or unsupported by WindowsMediaFoundation. Falling back to default may result in color shift. C:/Users/matth/Documents/Codex/work/tump-competition-candidate1003i/Builds/release-ui-perf1008g/TumbangPreso_Data/sharedassets0.resource
Unloading 6 Unused Serialized files (Serialized files now loaded: 0)
UnloadTime: 2.004900 ms
[OwnerUiReview] 01-title-to-home
Unloading 19 unused Assets to reduce memory usage. Loaded Objects now: 4690.
Total: 3.075600 ms (FindLiveObjects: 0.253000 ms CreateObjectMapping: 0.358200 ms MarkObjects: 2.382200 ms  DeleteObjects: 0.081800 ms)

[HomeAssetTiming] stage=roster-resource-wait wall_ms=3715.639 scope=async-wait-not-main-thread-cost
[HomeAssetTiming] stage=roster-visual-preparation wall_ms=3157.544 scope=coroutine-total-includes-yields
[HomeAssetTiming] stage=gameplay-preparation wall_ms=2165.842 scope=coroutine-total-includes-yields
[HomeAssetTiming] stage=mode-posters wall_ms=210.027 scope=async-wait-includes-yields
First video frame not zero: 4 (0.133333s). Result may be out of sync. Please make sure tracks all start at 0 in C:/Users/matth/Documents/Codex/work/tump-competition-candidate1003i/Builds/release-ui-perf1008g/TumbangPreso_Data/resources.resource
Color primaries 0 is unknown or unsupported by WindowsMediaFoundation. Falling back to default may result in color shift. C:/Users/matth/Documents/Codex/work/tump-competition-candidate1003i/Builds/release-ui-perf1008g/TumbangPreso_Data/resources.resource
Unloading 5 Unused Serialized files (Serialized files now loaded: 0)
UnloadTime: 3.114500 ms
Unexpected timestamp values detected. This can occur in H.264 videos not encoded with the baseline profile. Timestamps will be skewed to correct the playback for C:/Users/matth/Documents/Codex/work/tump-competition-candidate1003i/Builds/release-ui-perf1008g/TumbangPreso_Data/resources.resource
Color primaries 0 is unknown or unsupported by WindowsMediaFoundation. Falling back to default may result in color shift. C:/Users/matth/Documents/Codex/work/tump-competition-candidate1003i/Builds/release-ui-perf1008g/TumbangPreso_Data/resources.resource
[MenuAssetLoad] resource=UI/portraits/bayan synchronous_cpu_ms=1.977 scope=opt-in-cpu-not-gpu-or-present
[MenuAssetLoad] resource=UI/portraits/dante synchronous_cpu_ms=1.486 scope=opt-in-cpu-not-gpu-or-present
[MenuAssetLoad] resource=UI/portraits/tsinelas synchronous_cpu_ms=1.283 scope=opt-in-cpu-not-gpu-or-present
[MenuAssetLoad] resource=UI/portraits/pasip synchronous_cpu_ms=15.530 scope=opt-in-cpu-not-gpu-or-present
First video frame not zero: 4 (0.133333s). Result may be out of sync. Please make sure tracks all start at 0 in C:/Users/matth/Documents/Codex/work/tump-competition-candidate1003i/Builds/release-ui-perf1008g/TumbangPreso_Data/resources.resource
Unloading 73 unused Assets to reduce memory usage. Loaded Objects now: 10219.
Total: 7.552600 ms (FindLiveObjects: 0.899800 ms CreateObjectMapping: 1.673300 ms MarkObjects: 4.846100 ms  DeleteObjects: 0.133000 ms)

[OwnerUiReview] 02-home-idle
[OwnerUiReview] menu-AvatarButton
[OwnerUiReview] menu-HeroButton
[ModelPreviewLoad] model=dante-redesign stage=prepare instantiate_ms=1.345 toon_ms=7.191 pet_ms=0.001 idle_bind_ms=0.311 prepare_cpu_ms=9.524 scope=opt-in-cpu-includes-probe-overhead
[ModelPreviewLoad] model=dante-redesign stage=first-step texture_cpu_ms=0.009 sample_cpu_ms=0.946 framing_cpu_ms=4.166 step_cpu_ms=5.667 scope=cpu-only-not-gpu-or-present
[HeroMenuLoad] stage=prepare wall_ms=196.216 scope=coroutine-wall-includes-yields-and-hidden-render-not-cpu-or-gpu-duration
[OwnerUiReview] menu-HeroButton-repeat
[ModelPreviewLoad] model=dante-redesign stage=prepare instantiate_ms=0.110 toon_ms=0.037 pet_ms=0.000 idle_bind_ms=0.041 prepare_cpu_ms=0.227 scope=opt-in-cpu-includes-probe-overhead
[ModelPreviewLoad] model=dante-redesign stage=first-step texture_cpu_ms=0.005 sample_cpu_ms=0.032 framing_cpu_ms=0.020 step_cpu_ms=0.062 scope=cpu-only-not-gpu-or-present
[HeroMenuLoad] stage=prepare wall_ms=133.432 scope=coroutine-wall-includes-yields-and-hidden-render-not-cpu-or-gpu-duration
[OwnerUiReview] menu-LoadoutButton
[MenuAssetLoad] resource=UI/portraits/crocs synchronous_cpu_ms=1.315 scope=opt-in-cpu-not-gpu-or-present
[MenuAssetLoad] resource=UI/portraits/pantulog synchronous_cpu_ms=0.920 scope=opt-in-cpu-not-gpu-or-present
[MenuAssetLoad] resource=UI/portraits/sike synchronous_cpu_ms=0.948 scope=opt-in-cpu-not-gpu-or-present
[MenuAssetLoad] resource=UI/portraits/spartan synchronous_cpu_ms=1.749 scope=opt-in-cpu-not-gpu-or-present
[MenuAssetLoad] resource=UI/portraits/alpombra synchronous_cpu_ms=1.346 scope=opt-in-cpu-not-gpu-or-present
[MenuAssetLoad] resource=UI/portraits/pambahay synchronous_cpu_ms=1.227 scope=opt-in-cpu-not-gpu-or-present
[MenuAssetLoad] resource=UI/portraits/heels synchronous_cpu_ms=1.918 scope=opt-in-cpu-not-gpu-or-present
[MenuAssetLoad] resource=UI/portraits/sandals synchronous_cpu_ms=1.095 scope=opt-in-cpu-not-gpu-or-present
[MenuAssetLoad] resource=UI/portraits/loafers synchronous_cpu_ms=0.985 scope=opt-in-cpu-not-gpu-or-present
[OwnerUiReview] menu-ShopButton
[MenuAssetLoad] resource=UI/mode-cards/HeroShopDoor synchronous_cpu_ms=0.192 scope=opt-in-cpu-not-gpu-or-present
[MenuAssetLoad] resource=UI/portraits/rafi synchronous_cpu_ms=1.999 scope=opt-in-cpu-not-gpu-or-present
[MenuAssetLoad] resource=UI/portraits/phaister synchronous_cpu_ms=0.938 scope=opt-in-cpu-not-gpu-or-present
[MenuAssetLoad] resource=UI/portraits/nemu synchronous_cpu_ms=0.959 scope=opt-in-cpu-not-gpu-or-present
[MenuAssetLoad] resource=UI/mode-cards/ItemShopDoor synchronous_cpu_ms=0.004 scope=opt-in-cpu-not-gpu-or-present
[MenuAssetLoad] resource=UI/portraits/karne synchronous_cpu_ms=1.664 scope=opt-in-cpu-not-gpu-or-present
[OwnerUiReview] menu-TaskButton
[OwnerUiReview] menu-MenuButton
[OwnerUiReview] menu-ModeCard
[OwnerUiReview] menu-profile
[OwnerUiReview] menu-settings
[OwnerUiReview] menu-hero-selection
[MenuAssetLoad] resource=UI/portraits/cheska synchronous_cpu_ms=1.456 scope=opt-in-cpu-not-gpu-or-present
[MenuAssetLoad] resource=UI/portraits/sean synchronous_cpu_ms=0.904 scope=opt-in-cpu-not-gpu-or-present
[MenuAssetLoad] resource=UI/portraits/zack synchronous_cpu_ms=1.478 scope=opt-in-cpu-not-gpu-or-present
[MenuAssetLoad] resource=UI/portraits/amihan synchronous_cpu_ms=0.894 scope=opt-in-cpu-not-gpu-or-present
[MenuAssetLoad] resource=UI/portraits/paete synchronous_cpu_ms=0.891 scope=opt-in-cpu-not-gpu-or-present
[ModelPreviewLoad] model=dante-redesign stage=prepare instantiate_ms=0.087 toon_ms=0.029 pet_ms=0.000 idle_bind_ms=0.018 prepare_cpu_ms=0.172 scope=opt-in-cpu-includes-probe-overhead
[ModelPreviewLoad] model=dante-redesign stage=first-step texture_cpu_ms=0.004 sample_cpu_ms=0.029 framing_cpu_ms=0.021 step_cpu_ms=0.058 scope=cpu-only-not-gpu-or-present
[OwnerUiReview] lobby-local-host
[Net] offline
[NetApproval] peer=0 approved=True reason=
[NetArrival] peer=0 seat=0 replaces=-1
[Net] connected as seat 1
[Net] hosting on 8910, join code BD99
[NetLifecycle] requested-stop server=True relay=False origin=  at TumbangPreso.Net.NetSession.Stop () [0x00000] in <bec440052353444fa12865bdc84fa501>:0 
  at TumbangPreso.UI.ConvertedMatchSetup.LeaveRoom () [0x00000] in <bec440052353444fa12865bdc84fa501>:0 
  at TumbangPreso.Diagnostics.OwnerUiPlayerReview+<PerformanceLobby>d__50.MoveNext () [0x00000] in <bec440052353444fa12865bdc84fa501>:0 
  at TumbangPreso.Diagnostics.OwnerUiPlayerReview+<Guard>d__104.MoveNext () [0x00000] in <bec440052353444fa12865bdc84fa501>:0 
  at UnityEngine.SetupCoroutine.InvokeMoveNext (System.Collections.IEnumerator enumerator, System.IntPtr returnValueAddress) [0x00000] in <78b8abfe2cc94360809513165a28ff6a>:0 
[Net] offline
[NetDisconnect] peer=0 local=0 server=True connected=False
[NetLifecycle] server-stopped wasHost=True requestedStop=True
[OwnerUiReview] classic-match-entry-and-round-start
[Net] offline
Unloading 5 Unused Serialized files (Serialized files now loaded: 0)
Cannot Pause a disabled VideoPlayer
UnloadTime: 8.563000 ms
[Env] 'Unlit/Transparent' has no colour property this pass knows; that surface keeps the kit's own colour.
[Env] repainted 371 of 1117 renderers, 161 with a roof variant.
[NearFade] 1349 occluder nodes matched, 246 renderers moved onto TumbangPreso/NearFade.
[MenuAssetLoad] resource=UI/portraits/maring synchronous_cpu_ms=1.387 scope=opt-in-cpu-not-gpu-or-present
[MenuAssetLoad] resource=UI/portraits/tikboy synchronous_cpu_ms=1.945 scope=opt-in-cpu-not-gpu-or-present
[MenuAssetLoad] resource=UI/portraits/lola_pacing synchronous_cpu_ms=1.097 scope=opt-in-cpu-not-gpu-or-present
[WorldLook] Eskinita: lifted 2 court ground slots over 2 material(s) by 1.6.
[AA] mode requested 0x MSAA + FXAA on; QualitySettings.antiAliasing 0; camera 'Main Camera' allowMSAA True, allowHDR True, path Forward; target delivered 1 sample(s), format ARGBHalf; device supportsMultisampledTextures 1
Unloading 453 unused Assets to reduce memory usage. Loaded Objects now: 17244.
Total: 7.584700 ms (FindLiveObjects: 1.545900 ms CreateObjectMapping: 1.705400 ms MarkObjects: 3.954100 ms  DeleteObjects: 0.379000 ms)

[ArenaPrewarm] drew 20 views in 0.22 s.
[HubLoading] Eskinita ready after 3.99 s.
[Slice] round 1 begins, taya is seat 0
[OwnerUiReview] classic-first-throw-and-hit
[OwnerUiReview] classic-return-to-home
[Net] offline
Unloading 5 Unused Serialized files (Serialized files now loaded: 0)
[LocalReplay] Some replay footage could not be recorded. Player pose history is incomplete.
UnloadTime: 17.169700 ms
Unloading 662 unused Assets to reduce memory usage. Loaded Objects now: 9026.
Total: 7.493200 ms (FindLiveObjects: 0.768200 ms CreateObjectMapping: 1.457800 ms MarkObjects: 4.330600 ms  DeleteObjects: 0.936100 ms)

Unexpected timestamp values detected. This can occur in H.264 videos not encoded with the baseline profile. Timestamps will be skewed to correct the playback for C:/Users/matth/Documents/Codex/work/tump-competition-candidate1003i/Builds/release-ui-perf1008g/TumbangPreso_Data/resources.resource
Color primaries 0 is unknown or unsupported by WindowsMediaFoundation. Falling back to default may result in color shift. C:/Users/matth/Documents/Codex/work/tump-competition-candidate1003i/Builds/release-ui-perf1008g/TumbangPreso_Data/resources.resource
First video frame not zero: 4 (0.133333s). Result may be out of sync. Please make sure tracks all start at 0 in C:/Users/matth/Documents/Codex/work/tump-competition-candidate1003i/Builds/release-ui-perf1008g/TumbangPreso_Data/resources.resource
[OwnerUiReview] hero-match-entry-and-round-start
[Net] offline
Unloading 5 Unused Serialized files (Serialized files now loaded: 0)
UnloadTime: 2.474000 ms
[Env] repainted 371 of 1117 renderers, 161 with a roof variant.
[NearFade] 1349 occluder nodes matched, 246 renderers moved onto TumbangPreso/NearFade.
[WorldLook] Eskinita: lifted 2 court ground slots over 2 material(s) by 1.6.
Unloading 60 unused Assets to reduce memory usage. Loaded Objects now: 17707.
Total: 11.065700 ms (FindLiveObjects: 1.476400 ms CreateObjectMapping: 2.185500 ms MarkObjects: 4.528300 ms  DeleteObjects: 2.875000 ms)

[ArenaPrewarm] drew 20 views in 0.23 s.
[HubLoading] Eskinita ready after 0.95 s.
[Slice] round 1 begins, taya is seat 0
[OwnerUiReview] first-throw-and-hit
[OwnerUiReview] dante-first-model-and-kit
[OwnerUiReview] dante-0-prepare-1
[OwnerUiReview] dante-dante_skill1-cast-1
[OwnerUiReview] dante-0-prepare-2
[OwnerUiReview] dante-dante_skill1-cast-2
[OwnerUiReview] dante-1-prepare-1
[OwnerUiReview] dante-dante_skill2-cast-1
[OwnerUiReview] dante-1-prepare-2
[OwnerUiReview] dante-dante_skill2-cast-2
[OwnerUiReview] dante-2-role-model-and-kit
[OwnerUiReview] dante-2-prepare-1
[OwnerUiReview] dante-dante_skill2d-cast-1
[LocalReplay] Some replay footage could not be recorded. Player pose history is incomplete.
[OwnerUiReview] dante-2-prepare-2
[OwnerUiReview] dante-dante_skill2d-cast-2
[OwnerUiReview] dante-3-prepare-1
[OwnerUiReview] dante-dante_ultimate-cast-1
[OwnerUiReview] dante-3-prepare-2
[OwnerUiReview] dante-dante_ultimate-cast-2
[OwnerUiReview] cheska-first-model-and-kit
[OwnerUiReview] cheska-0-prepare-1
[OwnerUiReview] cheska-cheska_skill1-cast-1
[LocalReplay] Some replay footage could not be recorded. Player pose history is incomplete.
[OwnerUiReview] cheska-0-prepare-2
[OwnerUiReview] cheska-cheska_skill1-cast-2
[OwnerUiReview] cheska-1-prepare-1
[OwnerUiReview] cheska-cheska_skill2-cast-1
[OwnerUiReview] cheska-1-prepare-2
[OwnerUiReview] cheska-cheska_skill2-cast-2
[OwnerUiReview] cheska-2-role-model-and-kit
[OwnerUiReview] cheska-2-prepare-1
[LocalReplay] Some replay footage could not be recorded. Player pose history is incomplete.
[OwnerUiReview] cheska-cheska_skill2d-cast-1
[OwnerUiReview] cheska-2-prepare-2
[OwnerUiReview] cheska-cheska_skill2d-cast-2
[OwnerUiReview] cheska-3-prepare-1
[OwnerUiReview] cheska-cheska_ultimate-cast-1
[OwnerUiReview] cheska-3-prepare-2
[OwnerUiReview] cheska-cheska_ultimate-cast-2
[OwnerUiReview] sean-first-model-and-kit
[OwnerUiReview] sean-0-prepare-1
[LocalReplay] Some replay footage could not be recorded. Player pose history is incomplete.
[OwnerUiReview] sean-sean_skill1-cast-1
[OwnerUiReview] sean-0-prepare-2
[OwnerUiReview] sean-sean_skill1-cast-2
[OwnerUiReview] sean-1-prepare-1
[OwnerUiReview] sean-sean_skill2-cast-1
[OwnerUiReview] sean-1-prepare-2
[OwnerUiReview] sean-sean_skill2-cast-2
[OwnerUiReview] sean-2-role-model-and-kit
[OwnerUiReview] sean-2-prepare-1
[OwnerUiReview] sean-sean_skill2d-cast-1
[LocalReplay] Some replay footage could not be recorded. Player pose history is incomplete.
[OwnerUiReview] sean-2-prepare-2
[OwnerUiReview] sean-sean_skill2d-cast-2
[OwnerUiReview] sean-3-prepare-1
[OwnerUiReview] sean-sean_ultimate-cast-1
[OwnerUiReview] sean-3-prepare-2
[OwnerUiReview] sean-sean_ultimate-cast-2
[OwnerUiReview] zack-first-model-and-kit
[OwnerUiReview] zack-0-prepare-1
[OwnerUiReview] zack-zack_skill1-cast-1
[LocalReplay] Some replay footage could not be recorded. Player pose history is incomplete.
[OwnerUiReview] zack-0-prepare-2
[OwnerUiReview] zack-zack_skill1-cast-2
[OwnerUiReview] zack-1-prepare-1
[OwnerUiReview] zack-zack_skill2-cast-1
[OwnerUiReview] zack-1-prepare-2
[OwnerUiReview] zack-zack_skill2-cast-2
[OwnerUiReview] zack-2-role-model-and-kit
[OwnerUiReview] zack-2-prepare-1
[OwnerUiReview] zack-zack_skill2d-cast-1
[LocalReplay] Some replay footage could not be recorded. Player pose history is incomplete.
[OwnerUiReview] zack-2-prepare-2
[OwnerUiReview] zack-zack_skill2d-cast-2
[OwnerUiReview] zack-3-prepare-1
[OwnerUiReview] zack-zack_ultimate-cast-1
[OwnerUiReview] zack-persistent-return
[Net] offline
Unloading 4 Unused Serialized files (Serialized files now loaded: 0)
[LocalReplay] Some replay footage could not be recorded. Player pose history is incomplete.
UnloadTime: 6.513400 ms
Unloading 776 unused Assets to reduce memory usage. Loaded Objects now: 9092.
Total: 8.017800 ms (FindLiveObjects: 0.600200 ms CreateObjectMapping: 1.289800 ms MarkObjects: 4.907900 ms  DeleteObjects: 1.219700 ms)

First video frame not zero: 4 (0.133333s). Result may be out of sync. Please make sure tracks all start at 0 in C:/Users/matth/Documents/Codex/work/tump-competition-candidate1003i/Builds/release-ui-perf1008g/TumbangPreso_Data/resources.resource
Color primaries 0 is unknown or unsupported by WindowsMediaFoundation. Falling back to default may result in color shift. C:/Users/matth/Documents/Codex/work/tump-competition-candidate1003i/Builds/release-ui-perf1008g/TumbangPreso_Data/resources.resource
Unexpected timestamp values detected. This can occur in H.264 videos not encoded with the baseline profile. Timestamps will be skewed to correct the playback for C:/Users/matth/Documents/Codex/work/tump-competition-candidate1003i/Builds/release-ui-perf1008g/TumbangPreso_Data/resources.resource
[OwnerUiReview] zack-persistent-fresh-match
[Net] offline
Unloading 5 Unused Serialized files (Serialized files now loaded: 0)
UnloadTime: 2.429700 ms
[Env] repainted 371 of 1117 renderers, 161 with a roof variant.
[NearFade] 1349 occluder nodes matched, 246 renderers moved onto TumbangPreso/NearFade.
[WorldLook] Eskinita: lifted 2 court ground slots over 2 material(s) by 1.6.
Unloading 60 unused Assets to reduce memory usage. Loaded Objects now: 17750.
Total: 15.064100 ms (FindLiveObjects: 1.417600 ms CreateObjectMapping: 1.687200 ms MarkObjects: 4.129700 ms  DeleteObjects: 7.829400 ms)

[ArenaPrewarm] drew 20 views in 0.24 s.
[HubLoading] Eskinita ready after 0.59 s.
[Slice] round 1 begins, taya is seat 0
[OwnerUiReview] zack-persistent-rebind
[OwnerUiReview] zack-3-prepare-2
[OwnerUiReview] zack-zack_ultimate-cast-2
[LocalReplay] Some replay footage could not be recorded. Player pose history is incomplete.
[OwnerUiReview] nemu-first-model-and-kit
[OwnerUiReview] nemu-0-prepare-1
[LocalReplay] Some replay footage could not be recorded. The recorded world changed within this segment.
[OwnerUiReview] nemu-nemu_skill1-cast-1
[OwnerUiReview] nemu-0-prepare-2
[OwnerUiReview] nemu-nemu_skill1-cast-2
[OwnerUiReview] nemu-1-prepare-1
[OwnerUiReview] nemu-nemu_skill2-cast-1
[OwnerUiReview] nemu-1-prepare-2
[OwnerUiReview] nemu-nemu_skill2-cast-2
[OwnerUiReview] nemu-2-role-model-and-kit
[LocalReplay] Some replay footage could not be recorded. The recorded world changed within this segment.
[OwnerUiReview] nemu-2-prepare-1
[OwnerUiReview] nemu-nemu_skill2d-cast-1
[OwnerUiReview] nemu-2-prepare-2
[OwnerUiReview] nemu-nemu_skill2d-cast-2
[OwnerUiReview] nemu-3-prepare-1
[OwnerUiReview] nemu-nemu_ultimate-cast-1
[OwnerUiReview] nemu-3-prepare-2
[OwnerUiReview] nemu-nemu_ultimate-cast-2
[OwnerUiReview] phaister-first-model-and-kit
[OwnerUiReview] phaister-0-prepare-1
[OwnerUiReview] phaister-phaister_skill1-cast-1
[LocalReplay] Some replay footage could not be recorded. The recorded world changed within this segment.
[OwnerUiReview] phaister-0-prepare-2
[OwnerUiReview] phaister-phaister_skill1-cast-2
[OwnerUiReview] phaister-1-prepare-1
[OwnerUiReview] phaister-phaister_skill2-cast-1
[OwnerUiReview] phaister-1-prepare-2
[OwnerUiReview] phaister-phaister_skill2-cast-2
[OwnerUiReview] phaister-2-role-model-and-kit
[OwnerUiReview] phaister-2-prepare-1
[OwnerUiReview] phaister-phaister_skill2d-cast-1
[LocalReplay] Some replay footage could not be recorded. The recorded world changed within this segment.
[OwnerUiReview] phaister-2-prepare-2
[OwnerUiReview] phaister-phaister_skill2d-cast-2
[OwnerUiReview] phaister-3-prepare-1
[OwnerUiReview] phaister-phaister_ultimate-cast-1
[LocalReplay] Some replay footage could not be recorded. The recorded world changed within this segment.
[OwnerUiReview] phaister-3-prepare-2
[OwnerUiReview] phaister-phaister_ultimate-cast-2
[LocalReplay] Invalid recorded object
[OwnerUiReview] rafi-first-model-and-kit
[OwnerUiReview] rafi-0-prepare-1
[LocalReplay] Invalid recorded object
[OwnerUiReview] rafi-rafi_skill1-cast-1
[LocalReplay] Invalid recorded object
[OwnerUiReview] rafi-0-prepare-2
[OwnerUiReview] rafi-rafi_skill1-cast-2
[LocalReplay] Invalid recorded object
[LocalReplay] Invalid recorded object
[OwnerUiReview] rafi-1-prepare-1
[OwnerUiReview] rafi-rafi_skill2-cast-1
[LocalReplay] Invalid recorded object
[LocalReplay] Invalid recorded object
[LocalReplay] Invalid recorded object
[OwnerUiReview] rafi-1-prepare-2
[OwnerUiReview] rafi-rafi_skill2-cast-2
[LocalReplay] Invalid recorded object
[LocalReplay] Invalid recorded object
[LocalReplay] Invalid recorded object
[LocalReplay] Invalid recorded object
[OwnerUiReview] rafi-2-role-model-and-kit
[OwnerUiReview] rafi-2-prepare-1
[OwnerUiReview] rafi-rafi_skill2d-cast-1
[LocalReplay] Invalid recorded object
[OwnerUiReview] rafi-2-prepare-2
[LocalReplay] Invalid recorded object
[OwnerUiReview] rafi-rafi_skill2d-cast-2
[LocalReplay] Invalid recorded object
[OwnerUiReview] rafi-3-prepare-1
[OwnerUiReview] rafi-rafi_ultimate-cast-1
[LocalReplay] Invalid recorded object
[LocalReplay] Invalid recorded object
[OwnerUiReview] rafi-3-prepare-2
[OwnerUiReview] rafi-rafi_ultimate-cast-2
[LocalReplay] Invalid recorded object
[OwnerUiReview] amihan-first-model-and-kit
[OwnerUiReview] amihan-0-prepare-1
[OwnerUiReview] amihan-amihan_skill1-cast-1
[LocalReplay] Invalid recorded object
[LocalReplay] Invalid recorded object
[OwnerUiReview] amihan-0-prepare-2
[OwnerUiReview] amihan-amihan_skill1-cast-2
[LocalReplay] Invalid recorded object
[OwnerUiReview] amihan-1-prepare-1
[LocalReplay] Invalid recorded object
[OwnerUiReview] amihan-amihan_skill2-cast-1
[LocalReplay] Invalid recorded object
[LocalReplay] Invalid recorded object
[OwnerUiReview] amihan-1-prepare-2
[OwnerUiReview] amihan-amihan_skill2-cast-2
[LocalReplay] Invalid recorded object
[LocalReplay] Invalid recorded object
[OwnerUiReview] amihan-2-role-model-and-kit
[LocalReplay] Invalid recorded object
[OwnerUiReview] amihan-2-prepare-1
[OwnerUiReview] amihan-amihan_skill2d-cast-1
[LocalReplay] Invalid recorded object
[OwnerUiReview] amihan-2-prepare-2
[OwnerUiReview] amihan-amihan_skill2d-cast-2
[LocalReplay] Invalid recorded object
[LocalReplay] Invalid recorded object
[OwnerUiReview] amihan-3-prepare-1
[OwnerUiReview] amihan-amihan_ultimate-cast-1
Non-Legacy animations cannot be sampled outside the Editor without an Animator. If you want to sample this clip outside the Editor, add an Animator Component to this GameObject
Non-Legacy animations cannot be sampled outside the Editor without an Animator. If you want to sample this clip outside the Editor, add an Animator Component to this GameObject
Non-Legacy animations cannot be sampled outside the Editor without an Animator. If you want to sample this clip outside the Editor, add an Animator Component to this GameObject
Non-Legacy animations cannot be sampled outside the Editor without an Animator. If you want to sample this clip outside the Editor, add an Animator Component to this GameObject
Non-Legacy animations cannot be sampled outside the Editor without an Animator. If you want to sample this clip outside the Editor, add an Animator Component to this GameObject
Non-Legacy animations cannot be sampled outside the Editor without an Animator. If you want to sample this clip outside the Editor, add an Animator Component to this GameObject
Non-Legacy animations cannot be sampled outside the Editor without an Animator. If you want to sample this clip outside the Editor, add an Animator Component to this GameObject
Non-Legacy animations cannot be sampled outside the Editor without an Animator. If you want to sample this clip outside the Editor, add an Animator Component to this GameObject
Non-Legacy animations cannot be sampled outside the Editor without an Animator. If you want to sample this clip outside the Editor, add an Animator Component to this GameObject
Non-Legacy animations cannot be sampled outside the Editor without an Animator. If you want to sample this clip outside the Editor, add an Animator Component to this GameObject
Non-Legacy animations cannot be sampled outside the Editor without an Animator. If you want to sample this clip outside the Editor, add an Animator Component to this GameObject
Non-Legacy animations cannot be sampled outside the Editor without an Animator. If you want to sample this clip outside the Editor, add an Animator Component to this GameObject
Non-Legacy animations cannot be sampled outside the Editor without an Animator. If you want to sample this clip outside the Editor, add an Animator Component to this GameObject
Non-Legacy animations cannot be sampled outside the Editor without an Animator. If you want to sample this clip outside the Editor, add an Animator Component to this GameObject
Non-Legacy animations cannot be sampled outside the Editor without an Animator. If you want to sample this clip outside the Editor, add an Animator Component to this GameObject
Non-Legacy animations cannot be sampled outside the Editor without an Animator. If you want to sample this clip outside the Editor, add an Animator Component to this GameObject
Non-Legacy animations cannot be sampled outside the Editor without an Animator. If you want to sample this clip outside the Editor, add an Animator Component to this GameObject
Non-Legacy animations cannot be sampled outside the Editor without an Animator. If you want to sample this clip outside the Editor, add an Animator Component to this GameObject
Non-Legacy animations cannot be sampled outside the Editor without an Animator. If you want to sample this clip outside the Editor, add an Animator Component to this GameObject
Non-Legacy animations cannot be sampled outside the Editor without an Animator. If you want to sample this clip outside the Editor, add an Animator Component to this GameObject
Non-Legacy animations cannot be sampled outside the Editor without an Animator. If you want to sample this clip outside the Editor, add an Animator Component to this GameObject
Non-Legacy animations cannot be sampled outside the Editor without an Animator. If you want to sample this clip outside the Editor, add an Animator Component to this GameObject
Non-Legacy animations cannot be sampled outside the Editor without an Animator. If you want to sample this clip outside the Editor, add an Animator Component to this GameObject
Non-Legacy animations cannot be sampled outside the Editor without an Animator. If you want to sample this clip outside the Editor, add an Animator Component to this GameObject
Non-Legacy animations cannot be sampled outside the Editor without an Animator. If you want to sample this clip outside the Editor, add an Animator Component to this GameObject
Non-Legacy animations cannot be sampled outside the Editor without an Animator. If you want to sample this clip outside the Editor, add an Animator Component to this GameObject
Non-Legacy animations cannot be sampled outside the Editor without an Animator. If you want to sample this clip outside the Editor, add an Animator Component to this GameObject
Non-Legacy animations cannot be sampled outside the Editor without an Animator. If you want to sample this clip outside the Editor, add an Animator Component to this GameObject
Non-Legacy animations cannot be sampled outside the Editor without an Animator. If you want to sample this clip outside the Editor, add an Animator Component to this GameObject
Non-Legacy animations cannot be sampled outside the Editor without an Animator. If you want to sample this clip outside the Editor, add an Animator Component to this GameObject
Non-Legacy animations cannot be sampled outside the Editor without an Animator. If you want to sample this clip outside the Editor, add an Animator Component to this GameObject
Non-Legacy animations cannot be sampled outside the Editor without an Animator. If you want to sample this clip outside the Editor, add an Animator Component to this GameObject
Non-Legacy animations cannot be sampled outside the Editor without an Animator. If you want to sample this clip outside the Editor, add an Animator Component to this GameObject
Non-Legacy animations cannot be sampled outside the Editor without an Animator. If you want to sample this clip outside the Editor, add an Animator Component to this GameObject
Non-Legacy animations cannot be sampled outside the Editor without an Animator. If you want to sample this clip outside the Editor, add an Animator Component to this GameObject
Non-Legacy animations cannot be sampled outside the Editor without an Animator. If you want to sample this clip outside the Editor, add an Animator Component to this GameObject
Non-Legacy animations cannot be sampled outside the Editor without an Animator. If you want to sample this clip outside the Editor, add an Animator Component to this GameObject
Non-Legacy animations cannot be sampled outside the Editor without an Animator. If you want to sample this clip outside the Editor, add an Animator Component to this GameObject
Non-Legacy animations cannot be sampled outside the Editor without an Animator. If you want to sample this clip outside the Editor, add an Animator Component to this GameObject
Non-Legacy animations cannot be sampled outside the Editor without an Animator. If you want to sample this clip outside the Editor, add an Animator Component to this GameObject
Non-Legacy animations cannot be sampled outside the Editor without an Animator. If you want to sample this clip outside the Editor, add an Animator Component to this GameObject
Non-Legacy animations cannot be sampled outside the Editor without an Animator. If you want to sample this clip outside the Editor, add an Animator Component to this GameObject
Non-Legacy animations cannot be sampled outside the Editor without an Animator. If you want to sample this clip outside the Editor, add an Animator Component to this GameObject
Non-Legacy animations cannot be sampled outside the Editor without an Animator. If you want to sample this clip outside the Editor, add an Animator Component to this GameObject
Non-Legacy animations cannot be sampled outside the Editor without an Animator. If you want to sample this clip outside the Editor, add an Animator Component to this GameObject
Non-Legacy animations cannot be sampled outside the Editor without an Animator. If you want to sample this clip outside the Editor, add an Animator Component to this GameObject
Non-Legacy animations cannot be sampled outside the Editor without an Animator. If you want to sample this clip outside the Editor, add an Animator Component to this GameObject
Non-Legacy animations cannot be sampled outside the Editor without an Animator. If you want to sample this clip outside the Editor, add an Animator Component to this GameObject
Non-Legacy animations cannot be sampled outside the Editor without an Animator. If you want to sample this clip outside the Editor, add an Animator Component to this GameObject
Non-Legacy animations cannot be sampled outside the Editor without an Animator. If you want to sample this clip outside the Editor, add an Animator Component to this GameObject
Non-Legacy animations cannot be sampled outside the Editor without an Animator. If you want to sample this clip outside the Editor, add an Animator Component to this GameObject
Non-Legacy animations cannot be sampled outside the Editor without an Animator. If you want to sample this clip outside the Editor, add an Animator Component to this GameObject
Non-Legacy animations cannot be sampled outside the Editor without an Animator. If you want to sample this clip outside the Editor, add an Animator Component to this GameObject
Non-Legacy animations cannot be sampled outside the Editor without an Animator. If you want to sample this clip outside the Editor, add an Animator Component to this GameObject
Non-Legacy animations cannot be sampled outside the Editor without an Animator. If you want to sample this clip outside the Editor, add an Animator Component to this GameObject
Non-Legacy animations cannot be sampled outside the Editor without an Animator. If you want to sample this clip outside the Editor, add an Animator Component to this GameObject
Non-Legacy animations cannot be sampled outside the Editor without an Animator. If you want to sample this clip outside the Editor, add an Animator Component to this GameObject
Non-Legacy animations cannot be sampled outside the Editor without an Animator. If you want to sample this clip outside the Editor, add an Animator Component to this GameObject
Non-Legacy animations cannot be sampled outside the Editor without an Animator. If you want to sample this clip outside the Editor, add an Animator Component to this GameObject
Non-Legacy animations cannot be sampled outside the Editor without an Animator. If you want to sample this clip outside the Editor, add an Animator Component to this GameObject
Non-Legacy animations cannot be sampled outside the Editor without an Animator. If you want to sample this clip outside the Editor, add an Animator Component to this GameObject
Non-Legacy animations cannot be sampled outside the Editor without an Animator. If you want to sample this clip outside the Editor, add an Animator Component to this GameObject
Non-Legacy animations cannot be sampled outside the Editor without an Animator. If you want to sample this clip outside the Editor, add an Animator Component to this GameObject
Non-Legacy animations cannot be sampled outside the Editor without an Animator. If you want to sample this clip outside the Editor, add an Animator Component to this GameObject
Non-Legacy animations cannot be sampled outside the Editor without an Animator. If you want to sample this clip outside the Editor, add an Animator Component to this GameObject
Non-Legacy animations cannot be sampled outside the Editor without an Animator. If you want to sample this clip outside the Editor, add an Animator Component to this GameObject
Non-Legacy animations cannot be sampled outside the Editor without an Animator. If you want to sample this clip outside the Editor, add an Animator Component to this GameObject
Non-Legacy animations cannot be sampled outside the Editor without an Animator. If you want to sample this clip outside the Editor, add an Animator Component to this GameObject
Non-Legacy animations cannot be sampled outside the Editor without an Animator. If you want to sample this clip outside the Editor, add an Animator Component to this GameObject
Non-Legacy animations cannot be sampled outside the Editor without an Animator. If you want to sample this clip outside the Editor, add an Animator Component to this GameObject
Non-Legacy animations cannot be sampled outside the Editor without an Animator. If you want to sample this clip outside the Editor, add an Animator Component to this GameObject
Non-Legacy animations cannot be sampled outside the Editor without an Animator. If you want to sample this clip outside the Editor, add an Animator Component to this GameObject
Non-Legacy animations cannot be sampled outside the Editor without an Animator. If you want to sample this clip outside the Editor, add an Animator Component to this GameObject
Non-Legacy animations cannot be sampled outside the Editor without an Animator. If you want to sample this clip outside the Editor, add an Animator Component to this GameObject
Non-Legacy animations cannot be sampled outside the Editor without an Animator. If you want to sample this clip outside the Editor, add an Animator Component to this GameObject
Non-Legacy animations cannot be sampled outside the Editor without an Animator. If you want to sample this clip outside the Editor, add an Animator Component to this GameObject
Non-Legacy animations cannot be sampled outside the Editor without an Animator. If you want to sample this clip outside the Editor, add an Animator Component to this GameObject
Non-Legacy animations cannot be sampled outside the Editor without an Animator. If you want to sample this clip outside the Editor, add an Animator Component to this GameObject
Non-Legacy animations cannot be sampled outside the Editor without an Animator. If you want to sample this clip outside the Editor, add an Animator Component to this GameObject
Non-Legacy animations cannot be sampled outside the Editor without an Animator. If you want to sample this clip outside the Editor, add an Animator Component to this GameObject
Non-Legacy animations cannot be sampled outside the Editor without an Animator. If you want to sample this clip outside the Editor, add an Animator Component to this GameObject
Non-Legacy animations cannot be sampled outside the Editor without an Animator. If you want to sample this clip outside the Editor, add an Animator Component to this GameObject
Non-Legacy animations cannot be sampled outside the Editor without an Animator. If you want to sample this clip outside the Editor, add an Animator Component to this GameObject
Non-Legacy animations cannot be sampled outside the Editor without an Animator. If you want to sample this clip outside the Editor, add an Animator Component to this GameObject
Non-Legacy animations cannot be sampled outside the Editor without an Animator. If you want to sample this clip outside the Editor, add an Animator Component to this GameObject
Non-Legacy animations cannot be sampled outside the Editor without an Animator. If you want to sample this clip outside the Editor, add an Animator Component to this GameObject
Non-Legacy animations cannot be sampled outside the Editor without an Animator. If you want to sample this clip outside the Editor, add an Animator Component to this GameObject
Non-Legacy animations cannot be sampled outside the Editor without an Animator. If you want to sample this clip outside the Editor, add an Animator Component to this GameObject
Non-Legacy animations cannot be sampled outside the Editor without an Animator. If you want to sample this clip outside the Editor, add an Animator Component to this GameObject
Non-Legacy animations cannot be sampled outside the Editor without an Animator. If you want to sample this clip outside the Editor, add an Animator Component to this GameObject
Non-Legacy animations cannot be sampled outside the Editor without an Animator. If you want to sample this clip outside the Editor, add an Animator Component to this GameObject
Non-Legacy animations cannot be sampled outside the Editor without an Animator. If you want to sample this clip outside the Editor, add an Animator Component to this GameObject
Non-Legacy animations cannot be sampled outside the Editor without an Animator. If you want to sample this clip outside the Editor, add an Animator Component to this GameObject
Non-Legacy animations cannot be sampled outside the Editor without an Animator. If you want to sample this clip outside the Editor, add an Animator Component to this GameObject
Non-Legacy animations cannot be sampled outside the Editor without an Animator. If you want to sample this clip outside the Editor, add an Animator Component to this GameObject
Non-Legacy animations cannot be sampled outside the Editor without an Animator. If you want to sample this clip outside the Editor, add an Animator Component to this GameObject
Non-Legacy animations cannot be sampled outside the Editor without an Animator. If you want to sample this clip outside the Editor, add an Animator Component to this GameObject
Non-Legacy animations cannot be sampled outside the Editor without an Animator. If you want to sample this clip outside the Editor, add an Animator Component to this GameObject
Non-Legacy animations cannot be sampled outside the Editor without an Animator. If you want to sample this clip outside the Editor, add an Animator Component to this GameObject
Non-Legacy animations cannot be sampled outside the Editor without an Animator. If you want to sample this clip outside the Editor, add an Animator Component to this GameObject
Non-Legacy animations cannot be sampled outside the Editor without an Animator. If you want to sample this clip outside the Editor, add an Animator Component to this GameObject
Non-Legacy animations cannot be sampled outside the Editor without an Animator. If you want to sample this clip outside the Editor, add an Animator Component to this GameObject
Non-Legacy animations cannot be sampled outside the Editor without an Animator. If you want to sample this clip outside the Editor, add an Animator Component to this GameObject
Non-Legacy animations cannot be sampled outside the Editor without an Animator. If you want to sample this clip outside the Editor, add an Animator Component to this GameObject
Non-Legacy animations cannot be sampled outside the Editor without an Animator. If you want to sample this clip outside the Editor, add an Animator Component to this GameObject
Non-Legacy animations cannot be sampled outside the Editor without an Animator. If you want to sample this clip outside the Editor, add an Animator Component to this GameObject
Non-Legacy animations cannot be sampled outside the Editor without an Animator. If you want to sample this clip outside the Editor, add an Animator Component to this GameObject
Non-Legacy animations cannot be sampled outside the Editor without an Animator. If you want to sample this clip outside the Editor, add an Animator Component to this GameObject
Non-Legacy animations cannot be sampled outside the Editor without an Animator. If you want to sample this clip outside the Editor, add an Animator Component to this GameObject
Non-Legacy animations cannot be sampled outside the Editor without an Animator. If you want to sample this clip outside the Editor, add an Animator Component to this GameObject
Non-Legacy animations cannot be sampled outside the Editor without an Animator. If you want to sample this clip outside the Editor, add an Animator Component to this GameObject
Non-Legacy animations cannot be sampled outside the Editor without an Animator. If you want to sample this clip outside the Editor, add an Animator Component to this GameObject
Non-Legacy animations cannot be sampled outside the Editor without an Animator. If you want to sample this clip outside the Editor, add an Animator Component to this GameObject
Non-Legacy animations cannot be sampled outside the Editor without an Animator. If you want to sample this clip outside the Editor, add an Animator Component to this GameObject
Non-Legacy animations cannot be sampled outside the Editor without an Animator. If you want to sample this clip outside the Editor, add an Animator Component to this GameObject
Non-Legacy animations cannot be sampled outside the Editor without an Animator. If you want to sample this clip outside the Editor, add an Animator Component to this GameObject
Non-Legacy animations cannot be sampled outside the Editor without an Animator. If you want to sample this clip outside the Editor, add an Animator Component to this GameObject
Non-Legacy animations cannot be sampled outside the Editor without an Animator. If you want to sample this clip outside the Editor, add an Animator Component to this GameObject
Non-Legacy animations cannot be sampled outside the Editor without an Animator. If you want to sample this clip outside the Editor, add an Animator Component to this GameObject
Non-Legacy animations cannot be sampled outside the Editor without an Animator. If you want to sample this clip outside the Editor, add an Animator Component to this GameObject
Non-Legacy animations cannot be sampled outside the Editor without an Animator. If you want to sample this clip outside the Editor, add an Animator Component to this GameObject
Non-Legacy animations cannot be sampled outside the Editor without an Animator. If you want to sample this clip outside the Editor, add an Animator Component to this GameObject
Non-Legacy animations cannot be sampled outside the Editor without an Animator. If you want to sample this clip outside the Editor, add an Animator Component to this GameObject
Non-Legacy animations cannot be sampled outside the Editor without an Animator. If you want to sample this clip outside the Editor, add an Animator Component to this GameObject
Non-Legacy animations cannot be sampled outside the Editor without an Animator. If you want to sample this clip outside the Editor, add an Animator Component to this GameObject
Non-Legacy animations cannot be sampled outside the Editor without an Animator. If you want to sample this clip outside the Editor, add an Animator Component to this GameObject
Non-Legacy animations cannot be sampled outside the Editor without an Animator. If you want to sample this clip outside the Editor, add an Animator Component to this GameObject
Non-Legacy animations cannot be sampled outside the Editor without an Animator. If you want to sample this clip outside the Editor, add an Animator Component to this GameObject
Non-Legacy animations cannot be sampled outside the Editor without an Animator. If you want to sample this clip outside the Editor, add an Animator Component to this GameObject
Non-Legacy animations cannot be sampled outside the Editor without an Animator. If you want to sample this clip outside the Editor, add an Animator Component to this GameObject
Non-Legacy animations cannot be sampled outside the Editor without an Animator. If you want to sample this clip outside the Editor, add an Animator Component to this GameObject
Non-Legacy animations cannot be sampled outside the Editor without an Animator. If you want to sample this clip outside the Editor, add an Animator Component to this GameObject
Non-Legacy animations cannot be sampled outside the Editor without an Animator. If you want to sample this clip outside the Editor, add an Animator Component to this GameObject
Non-Legacy animations cannot be sampled outside the Editor without an Animator. If you want to sample this clip outside the Editor, add an Animator Component to this GameObject
Non-Legacy animations cannot be sampled outside the Editor without an Animator. If you want to sample this clip outside the Editor, add an Animator Component to this GameObject
Non-Legacy animations cannot be sampled outside the Editor without an Animator. If you want to sample this clip outside the Editor, add an Animator Component to this GameObject
Non-Legacy animations cannot be sampled outside the Editor without an Animator. If you want to sample this clip outside the Editor, add an Animator Component to this GameObject
Non-Legacy animations cannot be sampled outside the Editor without an Animator. If you want to sample this clip outside the Editor, add an Animator Component to this GameObject
Non-Legacy animations cannot be sampled outside the Editor without an Animator. If you want to sample this clip outside the Editor, add an Animator Component to this GameObject
Non-Legacy animations cannot be sampled outside the Editor without an Animator. If you want to sample this clip outside the Editor, add an Animator Component to this GameObject
Non-Legacy animations cannot be sampled outside the Editor without an Animator. If you want to sample this clip outside the Editor, add an Animator Component to this GameObject
Non-Legacy animations cannot be sampled outside the Editor without an Animator. If you want to sample this clip outside the Editor, add an Animator Component to this GameObject
Non-Legacy animations cannot be sampled outside the Editor without an Animator. If you want to sample this clip outside the Editor, add an Animator Component to this GameObject
Non-Legacy animations cannot be sampled outside the Editor without an Animator. If you want to sample this clip outside the Editor, add an Animator Component to this GameObject
Non-Legacy animations cannot be sampled outside the Editor without an Animator. If you want to sample this clip outside the Editor, add an Animator Component to this GameObject
Non-Legacy animations cannot be sampled outside the Editor without an Animator. If you want to sample this clip outside the Editor, add an Animator Component to this GameObject
Non-Legacy animations cannot be sampled outside the Editor without an Animator. If you want to sample this clip outside the Editor, add an Animator Component to this GameObject
Non-Legacy animations cannot be sampled outside the Editor without an Animator. If you want to sample this clip outside the Editor, add an Animator Component to this GameObject
Non-Legacy animations cannot be sampled outside the Editor without an Animator. If you want to sample this clip outside the Editor, add an Animator Component to this GameObject
Non-Legacy animations cannot be sampled outside the Editor without an Animator. If you want to sample this clip outside the Editor, add an Animator Component to this GameObject
Non-Legacy animations cannot be sampled outside the Editor without an Animator. If you want to sample this clip outside the Editor, add an Animator Component to this GameObject
Non-Legacy animations cannot be sampled outside the Editor without an Animator. If you want to sample this clip outside the Editor, add an Animator Component to this GameObject
Non-Legacy animations cannot be sampled outside the Editor without an Animator. If you want to sample this clip outside the Editor, add an Animator Component to this GameObject
Non-Legacy animations cannot be sampled outside the Editor without an Animator. If you want to sample this clip outside the Editor, add an Animator Component to this GameObject
Non-Legacy animations cannot be sampled outside the Editor without an Animator. If you want to sample this clip outside the Editor, add an Animator Component to this GameObject
Non-Legacy animations cannot be sampled outside the Editor without an Animator. If you want to sample this clip outside the Editor, add an Animator Component to this GameObject
Non-Legacy animations cannot be sampled outside the Editor without an Animator. If you want to sample this clip outside the Editor, add an Animator Component to this GameObject
Non-Legacy animations cannot be sampled outside the Editor without an Animator. If you want to sample this clip outside the Editor, add an Animator Component to this GameObject
Non-Legacy animations cannot be sampled outside the Editor without an Animator. If you want to sample this clip outside the Editor, add an Animator Component to this GameObject
Non-Legacy animations cannot be sampled outside the Editor without an Animator. If you want to sample this clip outside the Editor, add an Animator Component to this GameObject
Non-Legacy animations cannot be sampled outside the Editor without an Animator. If you want to sample this clip outside the Editor, add an Animator Component to this GameObject
Non-Legacy animations cannot be sampled outside the Editor without an Animator. If you want to sample this clip outside the Editor, add an Animator Component to this GameObject
Non-Legacy animations cannot be sampled outside the Editor without an Animator. If you want to sample this clip outside the Editor, add an Animator Component to this GameObject
Non-Legacy animations cannot be sampled outside the Editor without an Animator. If you want to sample this clip outside the Editor, add an Animator Component to this GameObject
Non-Legacy animations cannot be sampled outside the Editor without an Animator. If you want to sample this clip outside the Editor, add an Animator Component to this GameObject
Non-Legacy animations cannot be sampled outside the Editor without an Animator. If you want to sample this clip outside the Editor, add an Animator Component to this GameObject
Non-Legacy animations cannot be sampled outside the Editor without an Animator. If you want to sample this clip outside the Editor, add an Animator Component to this GameObject
Non-Legacy animations cannot be sampled outside the Editor without an Animator. If you want to sample this clip outside the Editor, add an Animator Component to this GameObject
Non-Legacy animations cannot be sampled outside the Editor without an Animator. If you want to sample this clip outside the Editor, add an Animator Component to this GameObject
Non-Legacy animations cannot be sampled outside the Editor without an Animator. If you want to sample this clip outside the Editor, add an Animator Component to this GameObject
Non-Legacy animations cannot be sampled outside the Editor without an Animator. If you want to sample this clip outside the Editor, add an Animator Component to this GameObject
Non-Legacy animations cannot be sampled outside the Editor without an Animator. If you want to sample this clip outside the Editor, add an Animator Component to this GameObject
Non-Legacy animations cannot be sampled outside the Editor without an Animator. If you want to sample this clip outside the Editor, add an Animator Component to this GameObject
Non-Legacy animations cannot be sampled outside the Editor without an Animator. If you want to sample this clip outside the Editor, add an Animator Component to this GameObject
Non-Legacy animations cannot be sampled outside the Editor without an Animator. If you want to sample this clip outside the Editor, add an Animator Component to this GameObject
Non-Legacy animations cannot be sampled outside the Editor without an Animator. If you want to sample this clip outside the Editor, add an Animator Component to this GameObject
Non-Legacy animations cannot be sampled outside the Editor without an Animator. If you want to sample this clip outside the Editor, add an Animator Component to this GameObject
Non-Legacy animations cannot be sampled outside the Editor without an Animator. If you want to sample this clip outside the Editor, add an Animator Component to this GameObject
Non-Legacy animations cannot be sampled outside the Editor without an Animator. If you want to sample this clip outside the Editor, add an Animator Component to this GameObject
Non-Legacy animations cannot be sampled outside the Editor without an Animator. If you want to sample this clip outside the Editor, add an Animator Component to this GameObject
Non-Legacy animations cannot be sampled outside the Editor without an Animator. If you want to sample this clip outside the Editor, add an Animator Component to this GameObject
Non-Legacy animations cannot be sampled outside the Editor without an Animator. If you want to sample this clip outside the Editor, add an Animator Component to this GameObject
Non-Legacy animations cannot be sampled outside the Editor without an Animator. If you want to sample this clip outside the Editor, add an Animator Component to this GameObject
Non-Legacy animations cannot be sampled outside the Editor without an Animator. If you want to sample this clip outside the Editor, add an Animator Component to this GameObject
Non-Legacy animations cannot be sampled outside the Editor without an Animator. If you want to sample this clip outside the Editor, add an Animator Component to this GameObject
Non-Legacy animations cannot be sampled outside the Editor without an Animator. If you want to sample this clip outside the Editor, add an Animator Component to this GameObject
Non-Legacy animations cannot be sampled outside the Editor without an Animator. If you want to sample this clip outside the Editor, add an Animator Component to this GameObject
Non-Legacy animations cannot be sampled outside the Editor without an Animator. If you want to sample this clip outside the Editor, add an Animator Component to this GameObject
Non-Legacy animations cannot be sampled outside the Editor without an Animator. If you want to sample this clip outside the Editor, add an Animator Component to this GameObject
Non-Legacy animations cannot be sampled outside the Editor without an Animator. If you want to sample this clip outside the Editor, add an Animator Component to this GameObject
Non-Legacy animations cannot be sampled outside the Editor without an Animator. If you want to sample this clip outside the Editor, add an Animator Component to this GameObject
Non-Legacy animations cannot be sampled outside the Editor without an Animator. If you want to sample this clip outside the Editor, add an Animator Component to this GameObject
Non-Legacy animations cannot be sampled outside the Editor without an Animator. If you want to sample this clip outside the Editor, add an Animator Component to this GameObject
Non-Legacy animations cannot be sampled outside the Editor without an Animator. If you want to sample this clip outside the Editor, add an Animator Component to this GameObject
Non-Legacy animations cannot be sampled outside the Editor without an Animator. If you want to sample this clip outside the Editor, add an Animator Component to this GameObject
Non-Legacy animations cannot be sampled outside the Editor without an Animator. If you want to sample this clip outside the Editor, add an Animator Component to this GameObject
Non-Legacy animations cannot be sampled outside the Editor without an Animator. If you want to sample this clip outside the Editor, add an Animator Component to this GameObject
Non-Legacy animations cannot be sampled outside the Editor without an Animator. If you want to sample this clip outside the Editor, add an Animator Component to this GameObject
Non-Legacy animations cannot be sampled outside the Editor without an Animator. If you want to sample this clip outside the Editor, add an Animator Component to this GameObject
Non-Legacy animations cannot be sampled outside the Editor without an Animator. If you want to sample this clip outside the Editor, add an Animator Component to this GameObject
Non-Legacy animations cannot be sampled outside the Editor without an Animator. If you want to sample this clip outside the Editor, add an Animator Component to this GameObject
Non-Legacy animations cannot be sampled outside the Editor without an Animator. If you want to sample this clip outside the Editor, add an Animator Component to this GameObject
Non-Legacy animations cannot be sampled outside the Editor without an Animator. If you want to sample this clip outside the Editor, add an Animator Component to this GameObject
Non-Legacy animations cannot be sampled outside the Editor without an Animator. If you want to sample this clip outside the Editor, add an Animator Component to this GameObject
Non-Legacy animations cannot be sampled outside the Editor without an Animator. If you want to sample this clip outside the Editor, add an Animator Component to this GameObject
Non-Legacy animations cannot be sampled outside the Editor without an Animator. If you want to sample this clip outside the Editor, add an Animator Component to this GameObject
Non-Legacy animations cannot be sampled outside the Editor without an Animator. If you want to sample this clip outside the Editor, add an Animator Component to this GameObject
Non-Legacy animations cannot be sampled outside the Editor without an Animator. If you want to sample this clip outside the Editor, add an Animator Component to this GameObject
Non-Legacy animations cannot be sampled outside the Editor without an Animator. If you want to sample this clip outside the Editor, add an Animator Component to this GameObject
Non-Legacy animations cannot be sampled outside the Editor without an Animator. If you want to sample this clip outside the Editor, add an Animator Component to this GameObject
Non-Legacy animations cannot be sampled outside the Editor without an Animator. If you want to sample this clip outside the Editor, add an Animator Component to this GameObject
Non-Legacy animations cannot be sampled outside the Editor without an Animator. If you want to sample this clip outside the Editor, add an Animator Component to this GameObject
Non-Legacy animations cannot be sampled outside the Editor without an Animator. If you want to sample this clip outside the Editor, add an Animator Component to this GameObject
Non-Legacy animations cannot be sampled outside the Editor without an Animator. If you want to sample this clip outside the Editor, add an Animator Component to this GameObject
Non-Legacy animations cannot be sampled outside the Editor without an Animator. If you want to sample this clip outside the Editor, add an Animator Component to this GameObject
Non-Legacy animations cannot be sampled outside the Editor without an Animator. If you want to sample this clip outside the Editor, add an Animator Component to this GameObject
Non-Legacy animations cannot be sampled outside the Editor without an Animator. If you want to sample this clip outside the Editor, add an Animator Component to this GameObject
Non-Legacy animations cannot be sampled outside the Editor without an Animator. If you want to sample this clip outside the Editor, add an Animator Component to this GameObject
Non-Legacy animations cannot be sampled outside the Editor without an Animator. If you want to sample this clip outside the Editor, add an Animator Component to this GameObject
Non-Legacy animations cannot be sampled outside the Editor without an Animator. If you want to sample this clip outside the Editor, add an Animator Component to this GameObject
Non-Legacy animations cannot be sampled outside the Editor without an Animator. If you want to sample this clip outside the Editor, add an Animator Component to this GameObject
Non-Legacy animations cannot be sampled outside the Editor without an Animator. If you want to sample this clip outside the Editor, add an Animator Component to this GameObject
Non-Legacy animations cannot be sampled outside the Editor without an Animator. If you want to sample this clip outside the Editor, add an Animator Component to this GameObject
Non-Legacy animations cannot be sampled outside the Editor without an Animator. If you want to sample this clip outside the Editor, add an Animator Component to this GameObject
Non-Legacy animations cannot be sampled outside the Editor without an Animator. If you want to sample this clip outside the Editor, add an Animator Component to this GameObject
Non-Legacy animations cannot be sampled outside the Editor without an Animator. If you want to sample this clip outside the Editor, add an Animator Component to this GameObject
Non-Legacy animations cannot be sampled outside the Editor without an Animator. If you want to sample this clip outside the Editor, add an Animator Component to this GameObject
Non-Legacy animations cannot be sampled outside the Editor without an Animator. If you want to sample this clip outside the Editor, add an Animator Component to this GameObject
Non-Legacy animations cannot be sampled outside the Editor without an Animator. If you want to sample this clip outside the Editor, add an Animator Component to this GameObject
Non-Legacy animations cannot be sampled outside the Editor without an Animator. If you want to sample this clip outside the Editor, add an Animator Component to this GameObject
Non-Legacy animations cannot be sampled outside the Editor without an Animator. If you want to sample this clip outside the Editor, add an Animator Component to this GameObject
Non-Legacy animations cannot be sampled outside the Editor without an Animator. If you want to sample this clip outside the Editor, add an Animator Component to this GameObject
Non-Legacy animations cannot be sampled outside the Editor without an Animator. If you want to sample this clip outside the Editor, add an Animator Component to this GameObject
Non-Legacy animations cannot be sampled outside the Editor without an Animator. If you want to sample this clip outside the Editor, add an Animator Component to this GameObject
Non-Legacy animations cannot be sampled outside the Editor without an Animator. If you want to sample this clip outside the Editor, add an Animator Component to this GameObject
Non-Legacy animations cannot be sampled outside the Editor without an Animator. If you want to sample this clip outside the Editor, add an Animator Component to this GameObject
Non-Legacy animations cannot be sampled outside the Editor without an Animator. If you want to sample this clip outside the Editor, add an Animator Component to this GameObject
Non-Legacy animations cannot be sampled outside the Editor without an Animator. If you want to sample this clip outside the Editor, add an Animator Component to this GameObject
Non-Legacy animations cannot be sampled outside the Editor without an Animator. If you want to sample this clip outside the Editor, add an Animator Component to this GameObject
Non-Legacy animations cannot be sampled outside the Editor without an Animator. If you want to sample this clip outside the Editor, add an Animator Component to this GameObject
Non-Legacy animations cannot be sampled outside the Editor without an Animator. If you want to sample this clip outside the Editor, add an Animator Component to this GameObject
Non-Legacy animations cannot be sampled outside the Editor without an Animator. If you want to sample this clip outside the Editor, add an Animator Component to this GameObject
Non-Legacy animations cannot be sampled outside the Editor without an Animator. If you want to sample this clip outside the Editor, add an Animator Component to this GameObject
Non-Legacy animations cannot be sampled outside the Editor without an Animator. If you want to sample this clip outside the Editor, add an Animator Component to this GameObject
Non-Legacy animations cannot be sampled outside the Editor without an Animator. If you want to sample this clip outside the Editor, add an Animator Component to this GameObject
Non-Legacy animations cannot be sampled outside the Editor without an Animator. If you want to sample this clip outside the Editor, add an Animator Component to this GameObject
Non-Legacy animations cannot be sampled outside the Editor without an Animator. If you want to sample this clip outside the Editor, add an Animator Component to this GameObject
Non-Legacy animations cannot be sampled outside the Editor without an Animator. If you want to sample this clip outside the Editor, add an Animator Component to this GameObject
Non-Legacy animations cannot be sampled outside the Editor without an Animator. If you want to sample this clip outside the Editor, add an Animator Component to this GameObject
Non-Legacy animations cannot be sampled outside the Editor without an Animator. If you want to sample this clip outside the Editor, add an Animator Component to this GameObject
Non-Legacy animations cannot be sampled outside the Editor without an Animator. If you want to sample this clip outside the Editor, add an Animator Component to this GameObject
Non-Legacy animations cannot be sampled outside the Editor without an Animator. If you want to sample this clip outside the Editor, add an Animator Component to this GameObject
Non-Legacy animations cannot be sampled outside the Editor without an Animator. If you want to sample this clip outside the Editor, add an Animator Component to this GameObject
Non-Legacy animations cannot be sampled outside the Editor without an Animator. If you want to sample this clip outside the Editor, add an Animator Component to this GameObject
Non-Legacy animations cannot be sampled outside the Editor without an Animator. If you want to sample this clip outside the Editor, add an Animator Component to this GameObject
Non-Legacy animations cannot be sampled outside the Editor without an Animator. If you want to sample this clip outside the Editor, add an Animator Component to this GameObject
Non-Legacy animations cannot be sampled outside the Editor without an Animator. If you want to sample this clip outside the Editor, add an Animator Component to this GameObject
Non-Legacy animations cannot be sampled outside the Editor without an Animator. If you want to sample this clip outside the Editor, add an Animator Component to this GameObject
Non-Legacy animations cannot be sampled outside the Editor without an Animator. If you want to sample this clip outside the Editor, add an Animator Component to this GameObject
Non-Legacy animations cannot be sampled outside the Editor without an Animator. If you want to sample this clip outside the Editor, add an Animator Component to this GameObject
Non-Legacy animations cannot be sampled outside the Editor without an Animator. If you want to sample this clip outside the Editor, add an Animator Component to this GameObject
Non-Legacy animations cannot be sampled outside the Editor without an Animator. If you want to sample this clip outside the Editor, add an Animator Component to this GameObject
Non-Legacy animations cannot be sampled outside the Editor without an Animator. If you want to sample this clip outside the Editor, add an Animator Component to this GameObject
Non-Legacy animations cannot be sampled outside the Editor without an Animator. If you want to sample this clip outside the Editor, add an Animator Component to this GameObject
Non-Legacy animations cannot be sampled outside the Editor without an Animator. If you want to sample this clip outside the Editor, add an Animator Component to this GameObject
Non-Legacy animations cannot be sampled outside the Editor without an Animator. If you want to sample this clip outside the Editor, add an Animator Component to this GameObject
Non-Legacy animations cannot be sampled outside the Editor without an Animator. If you want to sample this clip outside the Editor, add an Animator Component to this GameObject
Non-Legacy animations cannot be sampled outside the Editor without an Animator. If you want to sample this clip outside the Editor, add an Animator Component to this GameObject
Non-Legacy animations cannot be sampled outside the Editor without an Animator. If you want to sample this clip outside the Editor, add an Animator Component to this GameObject
Non-Legacy animations cannot be sampled outside the Editor without an Animator. If you want to sample this clip outside the Editor, add an Animator Component to this GameObject
Non-Legacy animations cannot be sampled outside the Editor without an Animator. If you want to sample this clip outside the Editor, add an Animator Component to this GameObject
Non-Legacy animations cannot be sampled outside the Editor without an Animator. If you want to sample this clip outside the Editor, add an Animator Component to this GameObject
Non-Legacy animations cannot be sampled outside the Editor without an Animator. If you want to sample this clip outside the Editor, add an Animator Component to this GameObject
Non-Legacy animations cannot be sampled outside the Editor without an Animator. If you want to sample this clip outside the Editor, add an Animator Component to this GameObject
Non-Legacy animations cannot be sampled outside the Editor without an Animator. If you want to sample this clip outside the Editor, add an Animator Component to this GameObject
Non-Legacy animations cannot be sampled outside the Editor without an Animator. If you want to sample this clip outside the Editor, add an Animator Component to this GameObject
Non-Legacy animations cannot be sampled outside the Editor without an Animator. If you want to sample this clip outside the Editor, add an Animator Component to this GameObject
Non-Legacy animations cannot be sampled outside the Editor without an Animator. If you want to sample this clip outside the Editor, add an Animator Component to this GameObject
Non-Legacy animations cannot be sampled outside the Editor without an Animator. If you want to sample this clip outside the Editor, add an Animator Component to this GameObject
Non-Legacy animations cannot be sampled outside the Editor without an Animator. If you want to sample this clip outside the Editor, add an Animator Component to this GameObject
Non-Legacy animations cannot be sampled outside the Editor without an Animator. If you want to sample this clip outside the Editor, add an Animator Component to this GameObject
Non-Legacy animations cannot be sampled outside the Editor without an Animator. If you want to sample this clip outside the Editor, add an Animator Component to this GameObject
Non-Legacy animations cannot be sampled outside the Editor without an Animator. If you want to sample this clip outside the Editor, add an Animator Component to this GameObject
Non-Legacy animations cannot be sampled outside the Editor without an Animator. If you want to sample this clip outside the Editor, add an Animator Component to this GameObject
Non-Legacy animations cannot be sampled outside the Editor without an Animator. If you want to sample this clip outside the Editor, add an Animator Component to this GameObject
Non-Legacy animations cannot be sampled outside the Editor without an Animator. If you want to sample this clip outside the Editor, add an Animator Component to this GameObject
Non-Legacy animations cannot be sampled outside the Editor without an Animator. If you want to sample this clip outside the Editor, add an Animator Component to this GameObject
Non-Legacy animations cannot be sampled outside the Editor without an Animator. If you want to sample this clip outside the Editor, add an Animator Component to this GameObject
Non-Legacy animations cannot be sampled outside the Editor without an Animator. If you want to sample this clip outside the Editor, add an Animator Component to this GameObject
Non-Legacy animations cannot be sampled outside the Editor without an Animator. If you want to sample this clip outside the Editor, add an Animator Component to this GameObject
Non-Legacy animations cannot be sampled outside the Editor without an Animator. If you want to sample this clip outside the Editor, add an Animator Component to this GameObject
Non-Legacy animations cannot be sampled outside the Editor without an Animator. If you want to sample this clip outside the Editor, add an Animator Component to this GameObject
Non-Legacy animations cannot be sampled outside the Editor without an Animator. If you want to sample this clip outside the Editor, add an Animator Component to this GameObject
Non-Legacy animations cannot be sampled outside the Editor without an Animator. If you want to sample this clip outside the Editor, add an Animator Component to this GameObject
Non-Legacy animations cannot be sampled outside the Editor without an Animator. If you want to sample this clip outside the Editor, add an Animator Component to this GameObject
Non-Legacy animations cannot be sampled outside the Editor without an Animator. If you want to sample this clip outside the Editor, add an Animator Component to this GameObject
Non-Legacy animations cannot be sampled outside the Editor without an Animator. If you want to sample this clip outside the Editor, add an Animator Component to this GameObject
Non-Legacy animations cannot be sampled outside the Editor without an Animator. If you want to sample this clip outside the Editor, add an Animator Component to this GameObject
Non-Legacy animations cannot be sampled outside the Editor without an Animator. If you want to sample this clip outside the Editor, add an Animator Component to this GameObject
Non-Legacy animations cannot be sampled outside the Editor without an Animator. If you want to sample this clip outside the Editor, add an Animator Component to this GameObject
Non-Legacy animations cannot be sampled outside the Editor without an Animator. If you want to sample this clip outside the Editor, add an Animator Component to this GameObject
Non-Legacy animations cannot be sampled outside the Editor without an Animator. If you want to sample this clip outside the Editor, add an Animator Component to this GameObject
Non-Legacy animations cannot be sampled outside the Editor without an Animator. If you want to sample this clip outside the Editor, add an Animator Component to this GameObject
Non-Legacy animations cannot be sampled outside the Editor without an Animator. If you want to sample this clip outside the Editor, add an Animator Component to this GameObject
Non-Legacy animations cannot be sampled outside the Editor without an Animator. If you want to sample this clip outside the Editor, add an Animator Component to this GameObject
Non-Legacy animations cannot be sampled outside the Editor without an Animator. If you want to sample this clip outside the Editor, add an Animator Component to this GameObject
Non-Legacy animations cannot be sampled outside the Editor without an Animator. If you want to sample this clip outside the Editor, add an Animator Component to this GameObject
Non-Legacy animations cannot be sampled outside the Editor without an Animator. If you want to sample this clip outside the Editor, add an Animator Component to this GameObject
Non-Legacy animations cannot be sampled outside the Editor without an Animator. If you want to sample this clip outside the Editor, add an Animator Component to this GameObject
Non-Legacy animations cannot be sampled outside the Editor without an Animator. If you want to sample this clip outside the Editor, add an Animator Component to this GameObject
Non-Legacy animations cannot be sampled outside the Editor without an Animator. If you want to sample this clip outside the Editor, add an Animator Component to this GameObject
Non-Legacy animations cannot be sampled outside the Editor without an Animator. If you want to sample this clip outside the Editor, add an Animator Component to this GameObject
Non-Legacy animations cannot be sampled outside the Editor without an Animator. If you want to sample this clip outside the Editor, add an Animator Component to this GameObject
Non-Legacy animations cannot be sampled outside the Editor without an Animator. If you want to sample this clip outside the Editor, add an Animator Component to this GameObject
Non-Legacy animations cannot be sampled outside the Editor without an Animator. If you want to sample this clip outside the Editor, add an Animator Component to this GameObject
Non-Legacy animations cannot be sampled outside the Editor without an Animator. If you want to sample this clip outside the Editor, add an Animator Component to this GameObject
Non-Legacy animations cannot be sampled outside the Editor without an Animator. If you want to sample this clip outside the Editor, add an Animator Component to this GameObject
Non-Legacy animations cannot be sampled outside the Editor without an Animator. If you want to sample this clip outside the Editor, add an Animator Component to this GameObject
Non-Legacy animations cannot be sampled outside the Editor without an Animator. If you want to sample this clip outside the Editor, add an Animator Component to this GameObject
Non-Legacy animations cannot be sampled outside the Editor without an Animator. If you want to sample this clip outside the Editor, add an Animator Component to this GameObject
Non-Legacy animations cannot be sampled outside the Editor without an Animator. If you want to sample this clip outside the Editor, add an Animator Component to this GameObject
Non-Legacy animations cannot be sampled outside the Editor without an Animator. If you want to sample this clip outside the Editor, add an Animator Component to this GameObject
Non-Legacy animations cannot be sampled outside the Editor without an Animator. If you want to sample this clip outside the Editor, add an Animator Component to this GameObject
Non-Legacy animations cannot be sampled outside the Editor without an Animator. If you want to sample this clip outside the Editor, add an Animator Component to this GameObject
Non-Legacy animations cannot be sampled outside the Editor without an Animator. If you want to sample this clip outside the Editor, add an Animator Component to this GameObject
Non-Legacy animations cannot be sampled outside the Editor without an Animator. If you want to sample this clip outside the Editor, add an Animator Component to this GameObject
Non-Legacy animations cannot be sampled outside the Editor without an Animator. If you want to sample this clip outside the Editor, add an Animator Component to this GameObject
Non-Legacy animations cannot be sampled outside the Editor without an Animator. If you want to sample this clip outside the Editor, add an Animator Component to this GameObject
Non-Legacy animations cannot be sampled outside the Editor without an Animator. If you want to sample this clip outside the Editor, add an Animator Component to this GameObject
Non-Legacy animations cannot be sampled outside the Editor without an Animator. If you want to sample this clip outside the Editor, add an Animator Component to this GameObject
Non-Legacy animations cannot be sampled outside the Editor without an Animator. If you want to sample this clip outside the Editor, add an Animator Component to this GameObject
Non-Legacy animations cannot be sampled outside the Editor without an Animator. If you want to sample this clip outside the Editor, add an Animator Component to this GameObject
Non-Legacy animations cannot be sampled outside the Editor without an Animator. If you want to sample this clip outside the Editor, add an Animator Component to this GameObject
Non-Legacy animations cannot be sampled outside the Editor without an Animator. If you want to sample this clip outside the Editor, add an Animator Component to this GameObject
Non-Legacy animations cannot be sampled outside the Editor without an Animator. If you want to sample this clip outside the Editor, add an Animator Component to this GameObject
Non-Legacy animations cannot be sampled outside the Editor without an Animator. If you want to sample this clip outside the Editor, add an Animator Component to this GameObject
Non-Legacy animations cannot be sampled outside the Editor without an Animator. If you want to sample this clip outside the Editor, add an Animator Component to this GameObject
Non-Legacy animations cannot be sampled outside the Editor without an Animator. If you want to sample this clip outside the Editor, add an Animator Component to this GameObject
Non-Legacy animations cannot be sampled outside the Editor without an Animator. If you want to sample this clip outside the Editor, add an Animator Component to this GameObject
Non-Legacy animations cannot be sampled outside the Editor without an Animator. If you want to sample this clip outside the Editor, add an Animator Component to this GameObject
Non-Legacy animations cannot be sampled outside the Editor without an Animator. If you want to sample this clip outside the Editor, add an Animator Component to this GameObject
Non-Legacy animations cannot be sampled outside the Editor without an Animator. If you want to sample this clip outside the Editor, add an Animator Component to this GameObject
Non-Legacy animations cannot be sampled outside the Editor without an Animator. If you want to sample this clip outside the Editor, add an Animator Component to this GameObject
Non-Legacy animations cannot be sampled outside the Editor without an Animator. If you want to sample this clip outside the Editor, add an Animator Component to this GameObject
Non-Legacy animations cannot be sampled outside the Editor without an Animator. If you want to sample this clip outside the Editor, add an Animator Component to this GameObject
Non-Legacy animations cannot be sampled outside the Editor without an Animator. If you want to sample this clip outside the Editor, add an Animator Component to this GameObject
Non-Legacy animations cannot be sampled outside the Editor without an Animator. If you want to sample this clip outside the Editor, add an Animator Component to this GameObject
Non-Legacy animations cannot be sampled outside the Editor without an Animator. If you want to sample this clip outside the Editor, add an Animator Component to this GameObject
Non-Legacy animations cannot be sampled outside the Editor without an Animator. If you want to sample this clip outside the Editor, add an Animator Component to this GameObject
Non-Legacy animations cannot be sampled outside the Editor without an Animator. If you want to sample this clip outside the Editor, add an Animator Component to this GameObject
Non-Legacy animations cannot be sampled outside the Editor without an Animator. If you want to sample this clip outside the Editor, add an Animator Component to this GameObject
Non-Legacy animations cannot be sampled outside the Editor without an Animator. If you want to sample this clip outside the Editor, add an Animator Component to this GameObject
Non-Legacy animations cannot be sampled outside the Editor without an Animator. If you want to sample this clip outside the Editor, add an Animator Component to this GameObject
Non-Legacy animations cannot be sampled outside the Editor without an Animator. If you want to sample this clip outside the Editor, add an Animator Component to this GameObject
Non-Legacy animations cannot be sampled outside the Editor without an Animator. If you want to sample this clip outside the Editor, add an Animator Component to this GameObject
Non-Legacy animations cannot be sampled outside the Editor without an Animator. If you want to sample this clip outside the Editor, add an Animator Component to this GameObject
Non-Legacy animations cannot be sampled outside the Editor without an Animator. If you want to sample this clip outside the Editor, add an Animator Component to this GameObject
Non-Legacy animations cannot be sampled outside the Editor without an Animator. If you want to sample this clip outside the Editor, add an Animator Component to this GameObject
Non-Legacy animations cannot be sampled outside the Editor without an Animator. If you want to sample this clip outside the Editor, add an Animator Component to this GameObject
Non-Legacy animations cannot be sampled outside the Editor without an Animator. If you want to sample this clip outside the Editor, add an Animator Component to this GameObject
Non-Legacy animations cannot be sampled outside the Editor without an Animator. If you want to sample this clip outside the Editor, add an Animator Component to this GameObject
Non-Legacy animations cannot be sampled outside the Editor without an Animator. If you want to sample this clip outside the Editor, add an Animator Component to this GameObject
Non-Legacy animations cannot be sampled outside the Editor without an Animator. If you want to sample this clip outside the Editor, add an Animator Component to this GameObject
Non-Legacy animations cannot be sampled outside the Editor without an Animator. If you want to sample this clip outside the Editor, add an Animator Component to this GameObject
Non-Legacy animations cannot be sampled outside the Editor without an Animator. If you want to sample this clip outside the Editor, add an Animator Component to this GameObject
Non-Legacy animations cannot be sampled outside the Editor without an Animator. If you want to sample this clip outside the Editor, add an Animator Component to this GameObject
Non-Legacy animations cannot be sampled outside the Editor without an Animator. If you want to sample this clip outside the Editor, add an Animator Component to this GameObject
Non-Legacy animations cannot be sampled outside the Editor without an Animator. If you want to sample this clip outside the Editor, add an Animator Component to this GameObject
Non-Legacy animations cannot be sampled outside the Editor without an Animator. If you want to sample this clip outside the Editor, add an Animator Component to this GameObject
Non-Legacy animations cannot be sampled outside the Editor without an Animator. If you want to sample this clip outside the Editor, add an Animator Component to this GameObject
Non-Legacy animations cannot be sampled outside the Editor without an Animator. If you want to sample this clip outside the Editor, add an Animator Component to this GameObject
Non-Legacy animations cannot be sampled outside the Editor without an Animator. If you want to sample this clip outside the Editor, add an Animator Component to this GameObject
Non-Legacy animations cannot be sampled outside the Editor without an Animator. If you want to sample this clip outside the Editor, add an Animator Component to this GameObject
Non-Legacy animations cannot be sampled outside the Editor without an Animator. If you want to sample this clip outside the Editor, add an Animator Component to this GameObject
Non-Legacy animations cannot be sampled outside the Editor without an Animator. If you want to sample this clip outside the Editor, add an Animator Component to this GameObject
Non-Legacy animations cannot be sampled outside the Editor without an Animator. If you want to sample this clip outside the Editor, add an Animator Component to this GameObject
Non-Legacy animations cannot be sampled outside the Editor without an Animator. If you want to sample this clip outside the Editor, add an Animator Component to this GameObject
Non-Legacy animations cannot be sampled outside the Editor without an Animator. If you want to sample this clip outside the Editor, add an Animator Component to this GameObject
Non-Legacy animations cannot be sampled outside the Editor without an Animator. If you want to sample this clip outside the Editor, add an Animator Component to this GameObject
Non-Legacy animations cannot be sampled outside the Editor without an Animator. If you want to sample this clip outside the Editor, add an Animator Component to this GameObject
Non-Legacy animations cannot be sampled outside the Editor without an Animator. If you want to sample this clip outside the Editor, add an Animator Component to this GameObject
Non-Legacy animations cannot be sampled outside the Editor without an Animator. If you want to sample this clip outside the Editor, add an Animator Component to this GameObject
Non-Legacy animations cannot be sampled outside the Editor without an Animator. If you want to sample this clip outside the Editor, add an Animator Component to this GameObject
Non-Legacy animations cannot be sampled outside the Editor without an Animator. If you want to sample this clip outside the Editor, add an Animator Component to this GameObject
Non-Legacy animations cannot be sampled outside the Editor without an Animator. If you want to sample this clip outside the Editor, add an Animator Component to this GameObject
Non-Legacy animations cannot be sampled outside the Editor without an Animator. If you want to sample this clip outside the Editor, add an Animator Component to this GameObject
Non-Legacy animations cannot be sampled outside the Editor without an Animator. If you want to sample this clip outside the Editor, add an Animator Component to this GameObject
Non-Legacy animations cannot be sampled outside the Editor without an Animator. If you want to sample this clip outside the Editor, add an Animator Component to this GameObject
Non-Legacy animations cannot be sampled outside the Editor without an Animator. If you want to sample this clip outside the Editor, add an Animator Component to this GameObject
Non-Legacy animations cannot be sampled outside the Editor without an Animator. If you want to sample this clip outside the Editor, add an Animator Component to this GameObject
Non-Legacy animations cannot be sampled outside the Editor without an Animator. If you want to sample this clip outside the Editor, add an Animator Component to this GameObject
[LocalReplay] Invalid recorded object
[OwnerUiReview] amihan-3-prepare-2
[OwnerUiReview] amihan-amihan_ultimate-cast-2
Non-Legacy animations cannot be sampled outside the Editor without an Animator. If you want to sample this clip outside the Editor, add an Animator Component to this GameObject
Non-Legacy animations cannot be sampled outside the Editor without an Animator. If you want to sample this clip outside the Editor, add an Animator Component to this GameObject
Non-Legacy animations cannot be sampled outside the Editor without an Animator. If you want to sample this clip outside the Editor, add an Animator Component to this GameObject
Non-Legacy animations cannot be sampled outside the Editor without an Animator. If you want to sample this clip outside the Editor, add an Animator Component to this GameObject
Non-Legacy animations cannot be sampled outside the Editor without an Animator. If you want to sample this clip outside the Editor, add an Animator Component to this GameObject
Non-Legacy animations cannot be sampled outside the Editor without an Animator. If you want to sample this clip outside the Editor, add an Animator Component to this GameObject
Non-Legacy animations cannot be sampled outside the Editor without an Animator. If you want to sample this clip outside the Editor, add an Animator Component to this GameObject
Non-Legacy animations cannot be sampled outside the Editor without an Animator. If you want to sample this clip outside the Editor, add an Animator Component to this GameObject
Non-Legacy animations cannot be sampled outside the Editor without an Animator. If you want to sample this clip outside the Editor, add an Animator Component to this GameObject
Non-Legacy animations cannot be sampled outside the Editor without an Animator. If you want to sample this clip outside the Editor, add an Animator Component to this GameObject
Non-Legacy animations cannot be sampled outside the Editor without an Animator. If you want to sample this clip outside the Editor, add an Animator Component to this GameObject
Non-Legacy animations cannot be sampled outside the Editor without an Animator. If you want to sample this clip outside the Editor, add an Animator Component to this GameObject
Non-Legacy animations cannot be sampled outside the Editor without an Animator. If you want to sample this clip outside the Editor, add an Animator Component to this GameObject
Non-Legacy animations cannot be sampled outside the Editor without an Animator. If you want to sample this clip outside the Editor, add an Animator Component to this GameObject
Non-Legacy animations cannot be sampled outside the Editor without an Animator. If you want to sample this clip outside the Editor, add an Animator Component to this GameObject
Non-Legacy animations cannot be sampled outside the Editor without an Animator. If you want to sample this clip outside the Editor, add an Animator Component to this GameObject
Non-Legacy animations cannot be sampled outside the Editor without an Animator. If you want to sample this clip outside the Editor, add an Animator Component to this GameObject
Non-Legacy animations cannot be sampled outside the Editor without an Animator. If you want to sample this clip outside the Editor, add an Animator Component to this GameObject
Non-Legacy animations cannot be sampled outside the Editor without an Animator. If you want to sample this clip outside the Editor, add an Animator Component to this GameObject
Non-Legacy animations cannot be sampled outside the Editor without an Animator. If you want to sample this clip outside the Editor, add an Animator Component to this GameObject
Non-Legacy animations cannot be sampled outside the Editor without an Animator. If you want to sample this clip outside the Editor, add an Animator Component to this GameObject
Non-Legacy animations cannot be sampled outside the Editor without an Animator. If you want to sample this clip outside the Editor, add an Animator Component to this GameObject
Non-Legacy animations cannot be sampled outside the Editor without an Animator. If you want to sample this clip outside the Editor, add an Animator Component to this GameObject
Non-Legacy animations cannot be sampled outside the Editor without an Animator. If you want to sample this clip outside the Editor, add an Animator Component to this GameObject
Non-Legacy animations cannot be sampled outside the Editor without an Animator. If you want to sample this clip outside the Editor, add an Animator Component to this GameObject
Non-Legacy animations cannot be sampled outside the Editor without an Animator. If you want to sample this clip outside the Editor, add an Animator Component to this GameObject
Non-Legacy animations cannot be sampled outside the Editor without an Animator. If you want to sample this clip outside the Editor, add an Animator Component to this GameObject
Non-Legacy animations cannot be sampled outside the Editor without an Animator. If you want to sample this clip outside the Editor, add an Animator Component to this GameObject
Non-Legacy animations cannot be sampled outside the Editor without an Animator. If you want to sample this clip outside the Editor, add an Animator Component to this GameObject
Non-Legacy animations cannot be sampled outside the Editor without an Animator. If you want to sample this clip outside the Editor, add an Animator Component to this GameObject
Non-Legacy animations cannot be sampled outside the Editor without an Animator. If you want to sample this clip outside the Editor, add an Animator Component to this GameObject
Non-Legacy animations cannot be sampled outside the Editor without an Animator. If you want to sample this clip outside the Editor, add an Animator Component to this GameObject
Non-Legacy animations cannot be sampled outside the Editor without an Animator. If you want to sample this clip outside the Editor, add an Animator Component to this GameObject
Non-Legacy animations cannot be sampled outside the Editor without an Animator. If you want to sample this clip outside the Editor, add an Animator Component to this GameObject
Non-Legacy animations cannot be sampled outside the Editor without an Animator. If you want to sample this clip outside the Editor, add an Animator Component to this GameObject
Non-Legacy animations cannot be sampled outside the Editor without an Animator. If you want to sample this clip outside the Editor, add an Animator Component to this GameObject
Non-Legacy animations cannot be sampled outside the Editor without an Animator. If you want to sample this clip outside the Editor, add an Animator Component to this GameObject
Non-Legacy animations cannot be sampled outside the Editor without an Animator. If you want to sample this clip outside the Editor, add an Animator Component to this GameObject
Non-Legacy animations cannot be sampled outside the Editor without an Animator. If you want to sample this clip outside the Editor, add an Animator Component to this GameObject
Non-Legacy animations cannot be sampled outside the Editor without an Animator. If you want to sample this clip outside the Editor, add an Animator Component to this GameObject
Non-Legacy animations cannot be sampled outside the Editor without an Animator. If you want to sample this clip outside the Editor, add an Animator Component to this GameObject
Non-Legacy animations cannot be sampled outside the Editor without an Animator. If you want to sample this clip outside the Editor, add an Animator Component to this GameObject
Non-Legacy animations cannot be sampled outside the Editor without an Animator. If you want to sample this clip outside the Editor, add an Animator Component to this GameObject
Non-Legacy animations cannot be sampled outside the Editor without an Animator. If you want to sample this clip outside the Editor, add an Animator Component to this GameObject
Non-Legacy animations cannot be sampled outside the Editor without an Animator. If you want to sample this clip outside the Editor, add an Animator Component to this GameObject
Non-Legacy animations cannot be sampled outside the Editor without an Animator. If you want to sample this clip outside the Editor, add an Animator Component to this GameObject
Non-Legacy animations cannot be sampled outside the Editor without an Animator. If you want to sample this clip outside the Editor, add an Animator Component to this GameObject
Non-Legacy animations cannot be sampled outside the Editor without an Animator. If you want to sample this clip outside the Editor, add an Animator Component to this GameObject
Non-Legacy animations cannot be sampled outside the Editor without an Animator. If you want to sample this clip outside the Editor, add an Animator Component to this GameObject
Non-Legacy animations cannot be sampled outside the Editor without an Animator. If you want to sample this clip outside the Editor, add an Animator Component to this GameObject
Non-Legacy animations cannot be sampled outside the Editor without an Animator. If you want to sample this clip outside the Editor, add an Animator Component to this GameObject
Non-Legacy animations cannot be sampled outside the Editor without an Animator. If you want to sample this clip outside the Editor, add an Animator Component to this GameObject
Non-Legacy animations cannot be sampled outside the Editor without an Animator. If you want to sample this clip outside the Editor, add an Animator Component to this GameObject
Non-Legacy animations cannot be sampled outside the Editor without an Animator. If you want to sample this clip outside the Editor, add an Animator Component to this GameObject
Non-Legacy animations cannot be sampled outside the Editor without an Animator. If you want to sample this clip outside the Editor, add an Animator Component to this GameObject
Non-Legacy animations cannot be sampled outside the Editor without an Animator. If you want to sample this clip outside the Editor, add an Animator Component to this GameObject
Non-Legacy animations cannot be sampled outside the Editor without an Animator. If you want to sample this clip outside the Editor, add an Animator Component to this GameObject
Non-Legacy animations cannot be sampled outside the Editor without an Animator. If you want to sample this clip outside the Editor, add an Animator Component to this GameObject
Non-Legacy animations cannot be sampled outside the Editor without an Animator. If you want to sample this clip outside the Editor, add an Animator Component to this GameObject
Non-Legacy animations cannot be sampled outside the Editor without an Animator. If you want to sample this clip outside the Editor, add an Animator Component to this GameObject
Non-Legacy animations cannot be sampled outside the Editor without an Animator. If you want to sample this clip outside the Editor, add an Animator Component to this GameObject
Non-Legacy animations cannot be sampled outside the Editor without an Animator. If you want to sample this clip outside the Editor, add an Animator Component to this GameObject
Non-Legacy animations cannot be sampled outside the Editor without an Animator. If you want to sample this clip outside the Editor, add an Animator Component to this GameObject
Non-Legacy animations cannot be sampled outside the Editor without an Animator. If you want to sample this clip outside the Editor, add an Animator Component to this GameObject
Non-Legacy animations cannot be sampled outside the Editor without an Animator. If you want to sample this clip outside the Editor, add an Animator Component to this GameObject
Non-Legacy animations cannot be sampled outside the Editor without an Animator. If you want to sample this clip outside the Editor, add an Animator Component to this GameObject
Non-Legacy animations cannot be sampled outside the Editor without an Animator. If you want to sample this clip outside the Editor, add an Animator Component to this GameObject
Non-Legacy animations cannot be sampled outside the Editor without an Animator. If you want to sample this clip outside the Editor, add an Animator Component to this GameObject
Non-Legacy animations cannot be sampled outside the Editor without an Animator. If you want to sample this clip outside the Editor, add an Animator Component to this GameObject
Non-Legacy animations cannot be sampled outside the Editor without an Animator. If you want to sample this clip outside the Editor, add an Animator Component to this GameObject
Non-Legacy animations cannot be sampled outside the Editor without an Animator. If you want to sample this clip outside the Editor, add an Animator Component to this GameObject
Non-Legacy animations cannot be sampled outside the Editor without an Animator. If you want to sample this clip outside the Editor, add an Animator Component to this GameObject
Non-Legacy animations cannot be sampled outside the Editor without an Animator. If you want to sample this clip outside the Editor, add an Animator Component to this GameObject
Non-Legacy animations cannot be sampled outside the Editor without an Animator. If you want to sample this clip outside the Editor, add an Animator Component to this GameObject
Non-Legacy animations cannot be sampled outside the Editor without an Animator. If you want to sample this clip outside the Editor, add an Animator Component to this GameObject
Non-Legacy animations cannot be sampled outside the Editor without an Animator. If you want to sample this clip outside the Editor, add an Animator Component to this GameObject
Non-Legacy animations cannot be sampled outside the Editor without an Animator. If you want to sample this clip outside the Editor, add an Animator Component to this GameObject
Non-Legacy animations cannot be sampled outside the Editor without an Animator. If you want to sample this clip outside the Editor, add an Animator Component to this GameObject
Non-Legacy animations cannot be sampled outside the Editor without an Animator. If you want to sample this clip outside the Editor, add an Animator Component to this GameObject
Non-Legacy animations cannot be sampled outside the Editor without an Animator. If you want to sample this clip outside the Editor, add an Animator Component to this GameObject
Non-Legacy animations cannot be sampled outside the Editor without an Animator. If you want to sample this clip outside the Editor, add an Animator Component to this GameObject
Non-Legacy animations cannot be sampled outside the Editor without an Animator. If you want to sample this clip outside the Editor, add an Animator Component to this GameObject
Non-Legacy animations cannot be sampled outside the Editor without an Animator. If you want to sample this clip outside the Editor, add an Animator Component to this GameObject
Non-Legacy animations cannot be sampled outside the Editor without an Animator. If you want to sample this clip outside the Editor, add an Animator Component to this GameObject
Non-Legacy animations cannot be sampled outside the Editor without an Animator. If you want to sample this clip outside the Editor, add an Animator Component to this GameObject
Non-Legacy animations cannot be sampled outside the Editor without an Animator. If you want to sample this clip outside the Editor, add an Animator Component to this GameObject
Non-Legacy animations cannot be sampled outside the Editor without an Animator. If you want to sample this clip outside the Editor, add an Animator Component to this GameObject
Non-Legacy animations cannot be sampled outside the Editor without an Animator. If you want to sample this clip outside the Editor, add an Animator Component to this GameObject
Non-Legacy animations cannot be sampled outside the Editor without an Animator. If you want to sample this clip outside the Editor, add an Animator Component to this GameObject
Non-Legacy animations cannot be sampled outside the Editor without an Animator. If you want to sample this clip outside the Editor, add an Animator Component to this GameObject
Non-Legacy animations cannot be sampled outside the Editor without an Animator. If you want to sample this clip outside the Editor, add an Animator Component to this GameObject
Non-Legacy animations cannot be sampled outside the Editor without an Animator. If you want to sample this clip outside the Editor, add an Animator Component to this GameObject
Non-Legacy animations cannot be sampled outside the Editor without an Animator. If you want to sample this clip outside the Editor, add an Animator Component to this GameObject
Non-Legacy animations cannot be sampled outside the Editor without an Animator. If you want to sample this clip outside the Editor, add an Animator Component to this GameObject
Non-Legacy animations cannot be sampled outside the Editor without an Animator. If you want to sample this clip outside the Editor, add an Animator Component to this GameObject
Non-Legacy animations cannot be sampled outside the Editor without an Animator. If you want to sample this clip outside the Editor, add an Animator Component to this GameObject
Non-Legacy animations cannot be sampled outside the Editor without an Animator. If you want to sample this clip outside the Editor, add an Animator Component to this GameObject
Non-Legacy animations cannot be sampled outside the Editor without an Animator. If you want to sample this clip outside the Editor, add an Animator Component to this GameObject
Non-Legacy animations cannot be sampled outside the Editor without an Animator. If you want to sample this clip outside the Editor, add an Animator Component to this GameObject
Non-Legacy animations cannot be sampled outside the Editor without an Animator. If you want to sample this clip outside the Editor, add an Animator Component to this GameObject
Non-Legacy animations cannot be sampled outside the Editor without an Animator. If you want to sample this clip outside the Editor, add an Animator Component to this GameObject
Non-Legacy animations cannot be sampled outside the Editor without an Animator. If you want to sample this clip outside the Editor, add an Animator Component to this GameObject
Non-Legacy animations cannot be sampled outside the Editor without an Animator. If you want to sample this clip outside the Editor, add an Animator Component to this GameObject
Non-Legacy animations cannot be sampled outside the Editor without an Animator. If you want to sample this clip outside the Editor, add an Animator Component to this GameObject
Non-Legacy animations cannot be sampled outside the Editor without an Animator. If you want to sample this clip outside the Editor, add an Animator Component to this GameObject
Non-Legacy animations cannot be sampled outside the Editor without an Animator. If you want to sample this clip outside the Editor, add an Animator Component to this GameObject
Non-Legacy animations cannot be sampled outside the Editor without an Animator. If you want to sample this clip outside the Editor, add an Animator Component to this GameObject
Non-Legacy animations cannot be sampled outside the Editor without an Animator. If you want to sample this clip outside the Editor, add an Animator Component to this GameObject
Non-Legacy animations cannot be sampled outside the Editor without an Animator. If you want to sample this clip outside the Editor, add an Animator Component to this GameObject
Non-Legacy animations cannot be sampled outside the Editor without an Animator. If you want to sample this clip outside the Editor, add an Animator Component to this GameObject
Non-Legacy animations cannot be sampled outside the Editor without an Animator. If you want to sample this clip outside the Editor, add an Animator Component to this GameObject
Non-Legacy animations cannot be sampled outside the Editor without an Animator. If you want to sample this clip outside the Editor, add an Animator Component to this GameObject
Non-Legacy animations cannot be sampled outside the Editor without an Animator. If you want to sample this clip outside the Editor, add an Animator Component to this GameObject
Non-Legacy animations cannot be sampled outside the Editor without an Animator. If you want to sample this clip outside the Editor, add an Animator Component to this GameObject
Non-Legacy animations cannot be sampled outside the Editor without an Animator. If you want to sample this clip outside the Editor, add an Animator Component to this GameObject
Non-Legacy animations cannot be sampled outside the Editor without an Animator. If you want to sample this clip outside the Editor, add an Animator Component to this GameObject
Non-Legacy animations cannot be sampled outside the Editor without an Animator. If you want to sample this clip outside the Editor, add an Animator Component to this GameObject
Non-Legacy animations cannot be sampled outside the Editor without an Animator. If you want to sample this clip outside the Editor, add an Animator Component to this GameObject
Non-Legacy animations cannot be sampled outside the Editor without an Animator. If you want to sample this clip outside the Editor, add an Animator Component to this GameObject
Non-Legacy animations cannot be sampled outside the Editor without an Animator. If you want to sample this clip outside the Editor, add an Animator Component to this GameObject
Non-Legacy animations cannot be sampled outside the Editor without an Animator. If you want to sample this clip outside the Editor, add an Animator Component to this GameObject
Non-Legacy animations cannot be sampled outside the Editor without an Animator. If you want to sample this clip outside the Editor, add an Animator Component to this GameObject
Non-Legacy animations cannot be sampled outside the Editor without an Animator. If you want to sample this clip outside the Editor, add an Animator Component to this GameObject
Non-Legacy animations cannot be sampled outside the Editor without an Animator. If you want to sample this clip outside the Editor, add an Animator Component to this GameObject
Non-Legacy animations cannot be sampled outside the Editor without an Animator. If you want to sample this clip outside the Editor, add an Animator Component to this GameObject
Non-Legacy animations cannot be sampled outside the Editor without an Animator. If you want to sample this clip outside the Editor, add an Animator Component to this GameObject
Non-Legacy animations cannot be sampled outside the Editor without an Animator. If you want to sample this clip outside the Editor, add an Animator Component to this GameObject
Non-Legacy animations cannot be sampled outside the Editor without an Animator. If you want to sample this clip outside the Editor, add an Animator Component to this GameObject
Non-Legacy animations cannot be sampled outside the Editor without an Animator. If you want to sample this clip outside the Editor, add an Animator Component to this GameObject
Non-Legacy animations cannot be sampled outside the Editor without an Animator. If you want to sample this clip outside the Editor, add an Animator Component to this GameObject
Non-Legacy animations cannot be sampled outside the Editor without an Animator. If you want to sample this clip outside the Editor, add an Animator Component to this GameObject
Non-Legacy animations cannot be sampled outside the Editor without an Animator. If you want to sample this clip outside the Editor, add an Animator Component to this GameObject
Non-Legacy animations cannot be sampled outside the Editor without an Animator. If you want to sample this clip outside the Editor, add an Animator Component to this GameObject
Non-Legacy animations cannot be sampled outside the Editor without an Animator. If you want to sample this clip outside the Editor, add an Animator Component to this GameObject
Non-Legacy animations cannot be sampled outside the Editor without an Animator. If you want to sample this clip outside the Editor, add an Animator Component to this GameObject
Non-Legacy animations cannot be sampled outside the Editor without an Animator. If you want to sample this clip outside the Editor, add an Animator Component to this GameObject
Non-Legacy animations cannot be sampled outside the Editor without an Animator. If you want to sample this clip outside the Editor, add an Animator Component to this GameObject
Non-Legacy animations cannot be sampled outside the Editor without an Animator. If you want to sample this clip outside the Editor, add an Animator Component to this GameObject
Non-Legacy animations cannot be sampled outside the Editor without an Animator. If you want to sample this clip outside the Editor, add an Animator Component to this GameObject
Non-Legacy animations cannot be sampled outside the Editor without an Animator. If you want to sample this clip outside the Editor, add an Animator Component to this GameObject
Non-Legacy animations cannot be sampled outside the Editor without an Animator. If you want to sample this clip outside the Editor, add an Animator Component to this GameObject
Non-Legacy animations cannot be sampled outside the Editor without an Animator. If you want to sample this clip outside the Editor, add an Animator Component to this GameObject
Non-Legacy animations cannot be sampled outside the Editor without an Animator. If you want to sample this clip outside the Editor, add an Animator Component to this GameObject
Non-Legacy animations cannot be sampled outside the Editor without an Animator. If you want to sample this clip outside the Editor, add an Animator Component to this GameObject
Non-Legacy animations cannot be sampled outside the Editor without an Animator. If you want to sample this clip outside the Editor, add an Animator Component to this GameObject
Non-Legacy animations cannot be sampled outside the Editor without an Animator. If you want to sample this clip outside the Editor, add an Animator Component to this GameObject
Non-Legacy animations cannot be sampled outside the Editor without an Animator. If you want to sample this clip outside the Editor, add an Animator Component to this GameObject
Non-Legacy animations cannot be sampled outside the Editor without an Animator. If you want to sample this clip outside the Editor, add an Animator Component to this GameObject
Non-Legacy animations cannot be sampled outside the Editor without an Animator. If you want to sample this clip outside the Editor, add an Animator Component to this GameObject
Non-Legacy animations cannot be sampled outside the Editor without an Animator. If you want to sample this clip outside the Editor, add an Animator Component to this GameObject
Non-Legacy animations cannot be sampled outside the Editor without an Animator. If you want to sample this clip outside the Editor, add an Animator Component to this GameObject
Non-Legacy animations cannot be sampled outside the Editor without an Animator. If you want to sample this clip outside the Editor, add an Animator Component to this GameObject
Non-Legacy animations cannot be sampled outside the Editor without an Animator. If you want to sample this clip outside the Editor, add an Animator Component to this GameObject
Non-Legacy animations cannot be sampled outside the Editor without an Animator. If you want to sample this clip outside the Editor, add an Animator Component to this GameObject
Non-Legacy animations cannot be sampled outside the Editor without an Animator. If you want to sample this clip outside the Editor, add an Animator Component to this GameObject
Non-Legacy animations cannot be sampled outside the Editor without an Animator. If you want to sample this clip outside the Editor, add an Animator Component to this GameObject
Non-Legacy animations cannot be sampled outside the Editor without an Animator. If you want to sample this clip outside the Editor, add an Animator Component to this GameObject
Non-Legacy animations cannot be sampled outside the Editor without an Animator. If you want to sample this clip outside the Editor, add an Animator Component to this GameObject
Non-Legacy animations cannot be sampled outside the Editor without an Animator. If you want to sample this clip outside the Editor, add an Animator Component to this GameObject
Non-Legacy animations cannot be sampled outside the Editor without an Animator. If you want to sample this clip outside the Editor, add an Animator Component to this GameObject
Non-Legacy animations cannot be sampled outside the Editor without an Animator. If you want to sample this clip outside the Editor, add an Animator Component to this GameObject
Non-Legacy animations cannot be sampled outside the Editor without an Animator. If you want to sample this clip outside the Editor, add an Animator Component to this GameObject
Non-Legacy animations cannot be sampled outside the Editor without an Animator. If you want to sample this clip outside the Editor, add an Animator Component to this GameObject
Non-Legacy animations cannot be sampled outside the Editor without an Animator. If you want to sample this clip outside the Editor, add an Animator Component to this GameObject
Non-Legacy animations cannot be sampled outside the Editor without an Animator. If you want to sample this clip outside the Editor, add an Animator Component to this GameObject
Non-Legacy animations cannot be sampled outside the Editor without an Animator. If you want to sample this clip outside the Editor, add an Animator Component to this GameObject
Non-Legacy animations cannot be sampled outside the Editor without an Animator. If you want to sample this clip outside the Editor, add an Animator Component to this GameObject
Non-Legacy animations cannot be sampled outside the Editor without an Animator. If you want to sample this clip outside the Editor, add an Animator Component to this GameObject
Non-Legacy animations cannot be sampled outside the Editor without an Animator. If you want to sample this clip outside the Editor, add an Animator Component to this GameObject
Non-Legacy animations cannot be sampled outside the Editor without an Animator. If you want to sample this clip outside the Editor, add an Animator Component to this GameObject
Non-Legacy animations cannot be sampled outside the Editor without an Animator. If you want to sample this clip outside the Editor, add an Animator Component to this GameObject
Non-Legacy animations cannot be sampled outside the Editor without an Animator. If you want to sample this clip outside the Editor, add an Animator Component to this GameObject
Non-Legacy animations cannot be sampled outside the Editor without an Animator. If you want to sample this clip outside the Editor, add an Animator Component to this GameObject
Non-Legacy animations cannot be sampled outside the Editor without an Animator. If you want to sample this clip outside the Editor, add an Animator Component to this GameObject
Non-Legacy animations cannot be sampled outside the Editor without an Animator. If you want to sample this clip outside the Editor, add an Animator Component to this GameObject
Non-Legacy animations cannot be sampled outside the Editor without an Animator. If you want to sample this clip outside the Editor, add an Animator Component to this GameObject
Non-Legacy animations cannot be sampled outside the Editor without an Animator. If you want to sample this clip outside the Editor, add an Animator Component to this GameObject
Non-Legacy animations cannot be sampled outside the Editor without an Animator. If you want to sample this clip outside the Editor, add an Animator Component to this GameObject
Non-Legacy animations cannot be sampled outside the Editor without an Animator. If you want to sample this clip outside the Editor, add an Animator Component to this GameObject
Non-Legacy animations cannot be sampled outside the Editor without an Animator. If you want to sample this clip outside the Editor, add an Animator Component to this GameObject
Non-Legacy animations cannot be sampled outside the Editor without an Animator. If you want to sample this clip outside the Editor, add an Animator Component to this GameObject
Non-Legacy animations cannot be sampled outside the Editor without an Animator. If you want to sample this clip outside the Editor, add an Animator Component to this GameObject
Non-Legacy animations cannot be sampled outside the Editor without an Animator. If you want to sample this clip outside the Editor, add an Animator Component to this GameObject
Non-Legacy animations cannot be sampled outside the Editor without an Animator. If you want to sample this clip outside the Editor, add an Animator Component to this GameObject
Non-Legacy animations cannot be sampled outside the Editor without an Animator. If you want to sample this clip outside the Editor, add an Animator Component to this GameObject
Non-Legacy animations cannot be sampled outside the Editor without an Animator. If you want to sample this clip outside the Editor, add an Animator Component to this GameObject
Non-Legacy animations cannot be sampled outside the Editor without an Animator. If you want to sample this clip outside the Editor, add an Animator Component to this GameObject
Non-Legacy animations cannot be sampled outside the Editor without an Animator. If you want to sample this clip outside the Editor, add an Animator Component to this GameObject
Non-Legacy animations cannot be sampled outside the Editor without an Animator. If you want to sample this clip outside the Editor, add an Animator Component to this GameObject
Non-Legacy animations cannot be sampled outside the Editor without an Animator. If you want to sample this clip outside the Editor, add an Animator Component to this GameObject
Non-Legacy animations cannot be sampled outside the Editor without an Animator. If you want to sample this clip outside the Editor, add an Animator Component to this GameObject
Non-Legacy animations cannot be sampled outside the Editor without an Animator. If you want to sample this clip outside the Editor, add an Animator Component to this GameObject
Non-Legacy animations cannot be sampled outside the Editor without an Animator. If you want to sample this clip outside the Editor, add an Animator Component to this GameObject
Non-Legacy animations cannot be sampled outside the Editor without an Animator. If you want to sample this clip outside the Editor, add an Animator Component to this GameObject
Non-Legacy animations cannot be sampled outside the Editor without an Animator. If you want to sample this clip outside the Editor, add an Animator Component to this GameObject
Non-Legacy animations cannot be sampled outside the Editor without an Animator. If you want to sample this clip outside the Editor, add an Animator Component to this GameObject
Non-Legacy animations cannot be sampled outside the Editor without an Animator. If you want to sample this clip outside the Editor, add an Animator Component to this GameObject
Non-Legacy animations cannot be sampled outside the Editor without an Animator. If you want to sample this clip outside the Editor, add an Animator Component to this GameObject
Non-Legacy animations cannot be sampled outside the Editor without an Animator. If you want to sample this clip outside the Editor, add an Animator Component to this GameObject
Non-Legacy animations cannot be sampled outside the Editor without an Animator. If you want to sample this clip outside the Editor, add an Animator Component to this GameObject
Non-Legacy animations cannot be sampled outside the Editor without an Animator. If you want to sample this clip outside the Editor, add an Animator Component to this GameObject
Non-Legacy animations cannot be sampled outside the Editor without an Animator. If you want to sample this clip outside the Editor, add an Animator Component to this GameObject
Non-Legacy animations cannot be sampled outside the Editor without an Animator. If you want to sample this clip outside the Editor, add an Animator Component to this GameObject
Non-Legacy animations cannot be sampled outside the Editor without an Animator. If you want to sample this clip outside the Editor, add an Animator Component to this GameObject
Non-Legacy animations cannot be sampled outside the Editor without an Animator. If you want to sample this clip outside the Editor, add an Animator Component to this GameObject
Non-Legacy animations cannot be sampled outside the Editor without an Animator. If you want to sample this clip outside the Editor, add an Animator Component to this GameObject
Non-Legacy animations cannot be sampled outside the Editor without an Animator. If you want to sample this clip outside the Editor, add an Animator Component to this GameObject
Non-Legacy animations cannot be sampled outside the Editor without an Animator. If you want to sample this clip outside the Editor, add an Animator Component to this GameObject
Non-Legacy animations cannot be sampled outside the Editor without an Animator. If you want to sample this clip outside the Editor, add an Animator Component to this GameObject
Non-Legacy animations cannot be sampled outside the Editor without an Animator. If you want to sample this clip outside the Editor, add an Animator Component to this GameObject
Non-Legacy animations cannot be sampled outside the Editor without an Animator. If you want to sample this clip outside the Editor, add an Animator Component to this GameObject
Non-Legacy animations cannot be sampled outside the Editor without an Animator. If you want to sample this clip outside the Editor, add an Animator Component to this GameObject
Non-Legacy animations cannot be sampled outside the Editor without an Animator. If you want to sample this clip outside the Editor, add an Animator Component to this GameObject
Non-Legacy animations cannot be sampled outside the Editor without an Animator. If you want to sample this clip outside the Editor, add an Animator Component to this GameObject
Non-Legacy animations cannot be sampled outside the Editor without an Animator. If you want to sample this clip outside the Editor, add an Animator Component to this GameObject
Non-Legacy animations cannot be sampled outside the Editor without an Animator. If you want to sample this clip outside the Editor, add an Animator Component to this GameObject
Non-Legacy animations cannot be sampled outside the Editor without an Animator. If you want to sample this clip outside the Editor, add an Animator Component to this GameObject
Non-Legacy animations cannot be sampled outside the Editor without an Animator. If you want to sample this clip outside the Editor, add an Animator Component to this GameObject
Non-Legacy animations cannot be sampled outside the Editor without an Animator. If you want to sample this clip outside the Editor, add an Animator Component to this GameObject
Non-Legacy animations cannot be sampled outside the Editor without an Animator. If you want to sample this clip outside the Editor, add an Animator Component to this GameObject
Non-Legacy animations cannot be sampled outside the Editor without an Animator. If you want to sample this clip outside the Editor, add an Animator Component to this GameObject
Non-Legacy animations cannot be sampled outside the Editor without an Animator. If you want to sample this clip outside the Editor, add an Animator Component to this GameObject
Non-Legacy animations cannot be sampled outside the Editor without an Animator. If you want to sample this clip outside the Editor, add an Animator Component to this GameObject
Non-Legacy animations cannot be sampled outside the Editor without an Animator. If you want to sample this clip outside the Editor, add an Animator Component to this GameObject
Non-Legacy animations cannot be sampled outside the Editor without an Animator. If you want to sample this clip outside the Editor, add an Animator Component to this GameObject
Non-Legacy animations cannot be sampled outside the Editor without an Animator. If you want to sample this clip outside the Editor, add an Animator Component to this GameObject
Non-Legacy animations cannot be sampled outside the Editor without an Animator. If you want to sample this clip outside the Editor, add an Animator Component to this GameObject
Non-Legacy animations cannot be sampled outside the Editor without an Animator. If you want to sample this clip outside the Editor, add an Animator Component to this GameObject
Non-Legacy animations cannot be sampled outside the Editor without an Animator. If you want to sample this clip outside the Editor, add an Animator Component to this GameObject
Non-Legacy animations cannot be sampled outside the Editor without an Animator. If you want to sample this clip outside the Editor, add an Animator Component to this GameObject
Non-Legacy animations cannot be sampled outside the Editor without an Animator. If you want to sample this clip outside the Editor, add an Animator Component to this GameObject
Non-Legacy animations cannot be sampled outside the Editor without an Animator. If you want to sample this clip outside the Editor, add an Animator Component to this GameObject
Non-Legacy animations cannot be sampled outside the Editor without an Animator. If you want to sample this clip outside the Editor, add an Animator Component to this GameObject
Non-Legacy animations cannot be sampled outside the Editor without an Animator. If you want to sample this clip outside the Editor, add an Animator Component to this GameObject
Non-Legacy animations cannot be sampled outside the Editor without an Animator. If you want to sample this clip outside the Editor, add an Animator Component to this GameObject
Non-Legacy animations cannot be sampled outside the Editor without an Animator. If you want to sample this clip outside the Editor, add an Animator Component to this GameObject
Non-Legacy animations cannot be sampled outside the Editor without an Animator. If you want to sample this clip outside the Editor, add an Animator Component to this GameObject
Non-Legacy animations cannot be sampled outside the Editor without an Animator. If you want to sample this clip outside the Editor, add an Animator Component to this GameObject
Non-Legacy animations cannot be sampled outside the Editor without an Animator. If you want to sample this clip outside the Editor, add an Animator Component to this GameObject
Non-Legacy animations cannot be sampled outside the Editor without an Animator. If you want to sample this clip outside the Editor, add an Animator Component to this GameObject
Non-Legacy animations cannot be sampled outside the Editor without an Animator. If you want to sample this clip outside the Editor, add an Animator Component to this GameObject
Non-Legacy animations cannot be sampled outside the Editor without an Animator. If you want to sample this clip outside the Editor, add an Animator Component to this GameObject
Non-Legacy animations cannot be sampled outside the Editor without an Animator. If you want to sample this clip outside the Editor, add an Animator Component to this GameObject
Non-Legacy animations cannot be sampled outside the Editor without an Animator. If you want to sample this clip outside the Editor, add an Animator Component to this GameObject
Non-Legacy animations cannot be sampled outside the Editor without an Animator. If you want to sample this clip outside the Editor, add an Animator Component to this GameObject
Non-Legacy animations cannot be sampled outside the Editor without an Animator. If you want to sample this clip outside the Editor, add an Animator Component to this GameObject
Non-Legacy animations cannot be sampled outside the Editor without an Animator. If you want to sample this clip outside the Editor, add an Animator Component to this GameObject
Non-Legacy animations cannot be sampled outside the Editor without an Animator. If you want to sample this clip outside the Editor, add an Animator Component to this GameObject
Non-Legacy animations cannot be sampled outside the Editor without an Animator. If you want to sample this clip outside the Editor, add an Animator Component to this GameObject
Non-Legacy animations cannot be sampled outside the Editor without an Animator. If you want to sample this clip outside the Editor, add an Animator Component to this GameObject
Non-Legacy animations cannot be sampled outside the Editor without an Animator. If you want to sample this clip outside the Editor, add an Animator Component to this GameObject
Non-Legacy animations cannot be sampled outside the Editor without an Animator. If you want to sample this clip outside the Editor, add an Animator Component to this GameObject
Non-Legacy animations cannot be sampled outside the Editor without an Animator. If you want to sample this clip outside the Editor, add an Animator Component to this GameObject
Non-Legacy animations cannot be sampled outside the Editor without an Animator. If you want to sample this clip outside the Editor, add an Animator Component to this GameObject
Non-Legacy animations cannot be sampled outside the Editor without an Animator. If you want to sample this clip outside the Editor, add an Animator Component to this GameObject
Non-Legacy animations cannot be sampled outside the Editor without an Animator. If you want to sample this clip outside the Editor, add an Animator Component to this GameObject
Non-Legacy animations cannot be sampled outside the Editor without an Animator. If you want to sample this clip outside the Editor, add an Animator Component to this GameObject
Non-Legacy animations cannot be sampled outside the Editor without an Animator. If you want to sample this clip outside the Editor, add an Animator Component to this GameObject
Non-Legacy animations cannot be sampled outside the Editor without an Animator. If you want to sample this clip outside the Editor, add an Animator Component to this GameObject
Non-Legacy animations cannot be sampled outside the Editor without an Animator. If you want to sample this clip outside the Editor, add an Animator Component to this GameObject
Non-Legacy animations cannot be sampled outside the Editor without an Animator. If you want to sample this clip outside the Editor, add an Animator Component to this GameObject
Non-Legacy animations cannot be sampled outside the Editor without an Animator. If you want to sample this clip outside the Editor, add an Animator Component to this GameObject
Non-Legacy animations cannot be sampled outside the Editor without an Animator. If you want to sample this clip outside the Editor, add an Animator Component to this GameObject
Non-Legacy animations cannot be sampled outside the Editor without an Animator. If you want to sample this clip outside the Editor, add an Animator Component to this GameObject
Non-Legacy animations cannot be sampled outside the Editor without an Animator. If you want to sample this clip outside the Editor, add an Animator Component to this GameObject
Non-Legacy animations cannot be sampled outside the Editor without an Animator. If you want to sample this clip outside the Editor, add an Animator Component to this GameObject
Non-Legacy animations cannot be sampled outside the Editor without an Animator. If you want to sample this clip outside the Editor, add an Animator Component to this GameObject
Non-Legacy animations cannot be sampled outside the Editor without an Animator. If you want to sample this clip outside the Editor, add an Animator Component to this GameObject
Non-Legacy animations cannot be sampled outside the Editor without an Animator. If you want to sample this clip outside the Editor, add an Animator Component to this GameObject
Non-Legacy animations cannot be sampled outside the Editor without an Animator. If you want to sample this clip outside the Editor, add an Animator Component to this GameObject
Non-Legacy animations cannot be sampled outside the Editor without an Animator. If you want to sample this clip outside the Editor, add an Animator Component to this GameObject
Non-Legacy animations cannot be sampled outside the Editor without an Animator. If you want to sample this clip outside the Editor, add an Animator Component to this GameObject
Non-Legacy animations cannot be sampled outside the Editor without an Animator. If you want to sample this clip outside the Editor, add an Animator Component to this GameObject
Non-Legacy animations cannot be sampled outside the Editor without an Animator. If you want to sample this clip outside the Editor, add an Animator Component to this GameObject
Non-Legacy animations cannot be sampled outside the Editor without an Animator. If you want to sample this clip outside the Editor, add an Animator Component to this GameObject
Non-Legacy animations cannot be sampled outside the Editor without an Animator. If you want to sample this clip outside the Editor, add an Animator Component to this GameObject
Non-Legacy animations cannot be sampled outside the Editor without an Animator. If you want to sample this clip outside the Editor, add an Animator Component to this GameObject
Non-Legacy animations cannot be sampled outside the Editor without an Animator. If you want to sample this clip outside the Editor, add an Animator Component to this GameObject
Non-Legacy animations cannot be sampled outside the Editor without an Animator. If you want to sample this clip outside the Editor, add an Animator Component to this GameObject
Non-Legacy animations cannot be sampled outside the Editor without an Animator. If you want to sample this clip outside the Editor, add an Animator Component to this GameObject
Non-Legacy animations cannot be sampled outside the Editor without an Animator. If you want to sample this clip outside the Editor, add an Animator Component to this GameObject
Non-Legacy animations cannot be sampled outside the Editor without an Animator. If you want to sample this clip outside the Editor, add an Animator Component to this GameObject
Non-Legacy animations cannot be sampled outside the Editor without an Animator. If you want to sample this clip outside the Editor, add an Animator Component to this GameObject
Non-Legacy animations cannot be sampled outside the Editor without an Animator. If you want to sample this clip outside the Editor, add an Animator Component to this GameObject
Non-Legacy animations cannot be sampled outside the Editor without an Animator. If you want to sample this clip outside the Editor, add an Animator Component to this GameObject
Non-Legacy animations cannot be sampled outside the Editor without an Animator. If you want to sample this clip outside the Editor, add an Animator Component to this GameObject
Non-Legacy animations cannot be sampled outside the Editor without an Animator. If you want to sample this clip outside the Editor, add an Animator Component to this GameObject
Non-Legacy animations cannot be sampled outside the Editor without an Animator. If you want to sample this clip outside the Editor, add an Animator Component to this GameObject
Non-Legacy animations cannot be sampled outside the Editor without an Animator. If you want to sample this clip outside the Editor, add an Animator Component to this GameObject
Non-Legacy animations cannot be sampled outside the Editor without an Animator. If you want to sample this clip outside the Editor, add an Animator Component to this GameObject
Non-Legacy animations cannot be sampled outside the Editor without an Animator. If you want to sample this clip outside the Editor, add an Animator Component to this GameObject
Non-Legacy animations cannot be sampled outside the Editor without an Animator. If you want to sample this clip outside the Editor, add an Animator Component to this GameObject
Non-Legacy animations cannot be sampled outside the Editor without an Animator. If you want to sample this clip outside the Editor, add an Animator Component to this GameObject
Non-Legacy animations cannot be sampled outside the Editor without an Animator. If you want to sample this clip outside the Editor, add an Animator Component to this GameObject
Non-Legacy animations cannot be sampled outside the Editor without an Animator. If you want to sample this clip outside the Editor, add an Animator Component to this GameObject
Non-Legacy animations cannot be sampled outside the Editor without an Animator. If you want to sample this clip outside the Editor, add an Animator Component to this GameObject
Non-Legacy animations cannot be sampled outside the Editor without an Animator. If you want to sample this clip outside the Editor, add an Animator Component to this GameObject
Non-Legacy animations cannot be sampled outside the Editor without an Animator. If you want to sample this clip outside the Editor, add an Animator Component to this GameObject
Non-Legacy animations cannot be sampled outside the Editor without an Animator. If you want to sample this clip outside the Editor, add an Animator Component to this GameObject
Non-Legacy animations cannot be sampled outside the Editor without an Animator. If you want to sample this clip outside the Editor, add an Animator Component to this GameObject
Non-Legacy animations cannot be sampled outside the Editor without an Animator. If you want to sample this clip outside the Editor, add an Animator Component to this GameObject
Non-Legacy animations cannot be sampled outside the Editor without an Animator. If you want to sample this clip outside the Editor, add an Animator Component to this GameObject
Non-Legacy animations cannot be sampled outside the Editor without an Animator. If you want to sample this clip outside the Editor, add an Animator Component to this GameObject
Non-Legacy animations cannot be sampled outside the Editor without an Animator. If you want to sample this clip outside the Editor, add an Animator Component to this GameObject
Non-Legacy animations cannot be sampled outside the Editor without an Animator. If you want to sample this clip outside the Editor, add an Animator Component to this GameObject
Non-Legacy animations cannot be sampled outside the Editor without an Animator. If you want to sample this clip outside the Editor, add an Animator Component to this GameObject
Non-Legacy animations cannot be sampled outside the Editor without an Animator. If you want to sample this clip outside the Editor, add an Animator Component to this GameObject
Non-Legacy animations cannot be sampled outside the Editor without an Animator. If you want to sample this clip outside the Editor, add an Animator Component to this GameObject
Non-Legacy animations cannot be sampled outside the Editor without an Animator. If you want to sample this clip outside the Editor, add an Animator Component to this GameObject
Non-Legacy animations cannot be sampled outside the Editor without an Animator. If you want to sample this clip outside the Editor, add an Animator Component to this GameObject
Non-Legacy animations cannot be sampled outside the Editor without an Animator. If you want to sample this clip outside the Editor, add an Animator Component to this GameObject
Non-Legacy animations cannot be sampled outside the Editor without an Animator. If you want to sample this clip outside the Editor, add an Animator Component to this GameObject
Non-Legacy animations cannot be sampled outside the Editor without an Animator. If you want to sample this clip outside the Editor, add an Animator Component to this GameObject
Non-Legacy animations cannot be sampled outside the Editor without an Animator. If you want to sample this clip outside the Editor, add an Animator Component to this GameObject
Non-Legacy animations cannot be sampled outside the Editor without an Animator. If you want to sample this clip outside the Editor, add an Animator Component to this GameObject
Non-Legacy animations cannot be sampled outside the Editor without an Animator. If you want to sample this clip outside the Editor, add an Animator Component to this GameObject
Non-Legacy animations cannot be sampled outside the Editor without an Animator. If you want to sample this clip outside the Editor, add an Animator Component to this GameObject
Non-Legacy animations cannot be sampled outside the Editor without an Animator. If you want to sample this clip outside the Editor, add an Animator Component to this GameObject
Non-Legacy animations cannot be sampled outside the Editor without an Animator. If you want to sample this clip outside the Editor, add an Animator Component to this GameObject
Non-Legacy animations cannot be sampled outside the Editor without an Animator. If you want to sample this clip outside the Editor, add an Animator Component to this GameObject
Non-Legacy animations cannot be sampled outside the Editor without an Animator. If you want to sample this clip outside the Editor, add an Animator Component to this GameObject
Non-Legacy animations cannot be sampled outside the Editor without an Animator. If you want to sample this clip outside the Editor, add an Animator Component to this GameObject
Non-Legacy animations cannot be sampled outside the Editor without an Animator. If you want to sample this clip outside the Editor, add an Animator Component to this GameObject
Non-Legacy animations cannot be sampled outside the Editor without an Animator. If you want to sample this clip outside the Editor, add an Animator Component to this GameObject
Non-Legacy animations cannot be sampled outside the Editor without an Animator. If you want to sample this clip outside the Editor, add an Animator Component to this GameObject
Non-Legacy animations cannot be sampled outside the Editor without an Animator. If you want to sample this clip outside the Editor, add an Animator Component to this GameObject
Non-Legacy animations cannot be sampled outside the Editor without an Animator. If you want to sample this clip outside the Editor, add an Animator Component to this GameObject
Non-Legacy animations cannot be sampled outside the Editor without an Animator. If you want to sample this clip outside the Editor, add an Animator Component to this GameObject
Non-Legacy animations cannot be sampled outside the Editor without an Animator. If you want to sample this clip outside the Editor, add an Animator Component to this GameObject
Non-Legacy animations cannot be sampled outside the Editor without an Animator. If you want to sample this clip outside the Editor, add an Animator Component to this GameObject
Non-Legacy animations cannot be sampled outside the Editor without an Animator. If you want to sample this clip outside the Editor, add an Animator Component to this GameObject
Non-Legacy animations cannot be sampled outside the Editor without an Animator. If you want to sample this clip outside the Editor, add an Animator Component to this GameObject
Non-Legacy animations cannot be sampled outside the Editor without an Animator. If you want to sample this clip outside the Editor, add an Animator Component to this GameObject
Non-Legacy animations cannot be sampled outside the Editor without an Animator. If you want to sample this clip outside the Editor, add an Animator Component to this GameObject
Non-Legacy animations cannot be sampled outside the Editor without an Animator. If you want to sample this clip outside the Editor, add an Animator Component to this GameObject
Non-Legacy animations cannot be sampled outside the Editor without an Animator. If you want to sample this clip outside the Editor, add an Animator Component to this GameObject
Non-Legacy animations cannot be sampled outside the Editor without an Animator. If you want to sample this clip outside the Editor, add an Animator Component to this GameObject
Non-Legacy animations cannot be sampled outside the Editor without an Animator. If you want to sample this clip outside the Editor, add an Animator Component to this GameObject
Non-Legacy animations cannot be sampled outside the Editor without an Animator. If you want to sample this clip outside the Editor, add an Animator Component to this GameObject
Non-Legacy animations cannot be sampled outside the Editor without an Animator. If you want to sample this clip outside the Editor, add an Animator Component to this GameObject
Non-Legacy animations cannot be sampled outside the Editor without an Animator. If you want to sample this clip outside the Editor, add an Animator Component to this GameObject
Non-Legacy animations cannot be sampled outside the Editor without an Animator. If you want to sample this clip outside the Editor, add an Animator Component to this GameObject
Non-Legacy animations cannot be sampled outside the Editor without an Animator. If you want to sample this clip outside the Editor, add an Animator Component to this GameObject
Non-Legacy animations cannot be sampled outside the Editor without an Animator. If you want to sample this clip outside the Editor, add an Animator Component to this GameObject
Non-Legacy animations cannot be sampled outside the Editor without an Animator. If you want to sample this clip outside the Editor, add an Animator Component to this GameObject
Non-Legacy animations cannot be sampled outside the Editor without an Animator. If you want to sample this clip outside the Editor, add an Animator Component to this GameObject
Non-Legacy animations cannot be sampled outside the Editor without an Animator. If you want to sample this clip outside the Editor, add an Animator Component to this GameObject
Non-Legacy animations cannot be sampled outside the Editor without an Animator. If you want to sample this clip outside the Editor, add an Animator Component to this GameObject
Non-Legacy animations cannot be sampled outside the Editor without an Animator. If you want to sample this clip outside the Editor, add an Animator Component to this GameObject
Non-Legacy animations cannot be sampled outside the Editor without an Animator. If you want to sample this clip outside the Editor, add an Animator Component to this GameObject
Non-Legacy animations cannot be sampled outside the Editor without an Animator. If you want to sample this clip outside the Editor, add an Animator Component to this GameObject
Non-Legacy animations cannot be sampled outside the Editor without an Animator. If you want to sample this clip outside the Editor, add an Animator Component to this GameObject
Non-Legacy animations cannot be sampled outside the Editor without an Animator. If you want to sample this clip outside the Editor, add an Animator Component to this GameObject
Non-Legacy animations cannot be sampled outside the Editor without an Animator. If you want to sample this clip outside the Editor, add an Animator Component to this GameObject
Non-Legacy animations cannot be sampled outside the Editor without an Animator. If you want to sample this clip outside the Editor, add an Animator Component to this GameObject
Non-Legacy animations cannot be sampled outside the Editor without an Animator. If you want to sample this clip outside the Editor, add an Animator Component to this GameObject
Non-Legacy animations cannot be sampled outside the Editor without an Animator. If you want to sample this clip outside the Editor, add an Animator Component to this GameObject
Non-Legacy animations cannot be sampled outside the Editor without an Animator. If you want to sample this clip outside the Editor, add an Animator Component to this GameObject
Non-Legacy animations cannot be sampled outside the Editor without an Animator. If you want to sample this clip outside the Editor, add an Animator Component to this GameObject
Non-Legacy animations cannot be sampled outside the Editor without an Animator. If you want to sample this clip outside the Editor, add an Animator Component to this GameObject
Non-Legacy animations cannot be sampled outside the Editor without an Animator. If you want to sample this clip outside the Editor, add an Animator Component to this GameObject
Non-Legacy animations cannot be sampled outside the Editor without an Animator. If you want to sample this clip outside the Editor, add an Animator Component to this GameObject
Non-Legacy animations cannot be sampled outside the Editor without an Animator. If you want to sample this clip outside the Editor, add an Animator Component to this GameObject
Non-Legacy animations cannot be sampled outside the Editor without an Animator. If you want to sample this clip outside the Editor, add an Animator Component to this GameObject
Non-Legacy animations cannot be sampled outside the Editor without an Animator. If you want to sample this clip outside the Editor, add an Animator Component to this GameObject
Non-Legacy animations cannot be sampled outside the Editor without an Animator. If you want to sample this clip outside the Editor, add an Animator Component to this GameObject
Non-Legacy animations cannot be sampled outside the Editor without an Animator. If you want to sample this clip outside the Editor, add an Animator Component to this GameObject
Non-Legacy animations cannot be sampled outside the Editor without an Animator. If you want to sample this clip outside the Editor, add an Animator Component to this GameObject
Non-Legacy animations cannot be sampled outside the Editor without an Animator. If you want to sample this clip outside the Editor, add an Animator Component to this GameObject
Non-Legacy animations cannot be sampled outside the Editor without an Animator. If you want to sample this clip outside the Editor, add an Animator Component to this GameObject
Non-Legacy animations cannot be sampled outside the Editor without an Animator. If you want to sample this clip outside the Editor, add an Animator Component to this GameObject
Non-Legacy animations cannot be sampled outside the Editor without an Animator. If you want to sample this clip outside the Editor, add an Animator Component to this GameObject
Non-Legacy animations cannot be sampled outside the Editor without an Animator. If you want to sample this clip outside the Editor, add an Animator Component to this GameObject
Non-Legacy animations cannot be sampled outside the Editor without an Animator. If you want to sample this clip outside the Editor, add an Animator Component to this GameObject
Non-Legacy animations cannot be sampled outside the Editor without an Animator. If you want to sample this clip outside the Editor, add an Animator Component to this GameObject
Non-Legacy animations cannot be sampled outside the Editor without an Animator. If you want to sample this clip outside the Editor, add an Animator Component to this GameObject
Non-Legacy animations cannot be sampled outside the Editor without an Animator. If you want to sample this clip outside the Editor, add an Animator Component to this GameObject
Non-Legacy animations cannot be sampled outside the Editor without an Animator. If you want to sample this clip outside the Editor, add an Animator Component to this GameObject
Non-Legacy animations cannot be sampled outside the Editor without an Animator. If you want to sample this clip outside the Editor, add an Animator Component to this GameObject
Non-Legacy animations cannot be sampled outside the Editor without an Animator. If you want to sample this clip outside the Editor, add an Animator Component to this GameObject
Non-Legacy animations cannot be sampled outside the Editor without an Animator. If you want to sample this clip outside the Editor, add an Animator Component to this GameObject
Non-Legacy animations cannot be sampled outside the Editor without an Animator. If you want to sample this clip outside the Editor, add an Animator Component to this GameObject
Non-Legacy animations cannot be sampled outside the Editor without an Animator. If you want to sample this clip outside the Editor, add an Animator Component to this GameObject
Non-Legacy animations cannot be sampled outside the Editor without an Animator. If you want to sample this clip outside the Editor, add an Animator Component to this GameObject
Non-Legacy animations cannot be sampled outside the Editor without an Animator. If you want to sample this clip outside the Editor, add an Animator Component to this GameObject
Non-Legacy animations cannot be sampled outside the Editor without an Animator. If you want to sample this clip outside the Editor, add an Animator Component to this GameObject
Non-Legacy animations cannot be sampled outside the Editor without an Animator. If you want to sample this clip outside the Editor, add an Animator Component to this GameObject
Non-Legacy animations cannot be sampled outside the Editor without an Animator. If you want to sample this clip outside the Editor, add an Animator Component to this GameObject
Non-Legacy animations cannot be sampled outside the Editor without an Animator. If you want to sample this clip outside the Editor, add an Animator Component to this GameObject
Non-Legacy animations cannot be sampled outside the Editor without an Animator. If you want to sample this clip outside the Editor, add an Animator Component to this GameObject
Non-Legacy animations cannot be sampled outside the Editor without an Animator. If you want to sample this clip outside the Editor, add an Animator Component to this GameObject
Non-Legacy animations cannot be sampled outside the Editor without an Animator. If you want to sample this clip outside the Editor, add an Animator Component to this GameObject
Non-Legacy animations cannot be sampled outside the Editor without an Animator. If you want to sample this clip outside the Editor, add an Animator Component to this GameObject
Non-Legacy animations cannot be sampled outside the Editor without an Animator. If you want to sample this clip outside the Editor, add an Animator Component to this GameObject
Non-Legacy animations cannot be sampled outside the Editor without an Animator. If you want to sample this clip outside the Editor, add an Animator Component to this GameObject
Non-Legacy animations cannot be sampled outside the Editor without an Animator. If you want to sample this clip outside the Editor, add an Animator Component to this GameObject
Non-Legacy animations cannot be sampled outside the Editor without an Animator. If you want to sample this clip outside the Editor, add an Animator Component to this GameObject
Non-Legacy animations cannot be sampled outside the Editor without an Animator. If you want to sample this clip outside the Editor, add an Animator Component to this GameObject
Non-Legacy animations cannot be sampled outside the Editor without an Animator. If you want to sample this clip outside the Editor, add an Animator Component to this GameObject
Non-Legacy animations cannot be sampled outside the Editor without an Animator. If you want to sample this clip outside the Editor, add an Animator Component to this GameObject
Non-Legacy animations cannot be sampled outside the Editor without an Animator. If you want to sample this clip outside the Editor, add an Animator Component to this GameObject
Non-Legacy animations cannot be sampled outside the Editor without an Animator. If you want to sample this clip outside the Editor, add an Animator Component to this GameObject
Non-Legacy animations cannot be sampled outside the Editor without an Animator. If you want to sample this clip outside the Editor, add an Animator Component to this GameObject
Non-Legacy animations cannot be sampled outside the Editor without an Animator. If you want to sample this clip outside the Editor, add an Animator Component to this GameObject
Non-Legacy animations cannot be sampled outside the Editor without an Animator. If you want to sample this clip outside the Editor, add an Animator Component to this GameObject
Non-Legacy animations cannot be sampled outside the Editor without an Animator. If you want to sample this clip outside the Editor, add an Animator Component to this GameObject
Non-Legacy animations cannot be sampled outside the Editor without an Animator. If you want to sample this clip outside the Editor, add an Animator Component to this GameObject
Non-Legacy animations cannot be sampled outside the Editor without an Animator. If you want to sample this clip outside the Editor, add an Animator Component to this GameObject
Non-Legacy animations cannot be sampled outside the Editor without an Animator. If you want to sample this clip outside the Editor, add an Animator Component to this GameObject
Non-Legacy animations cannot be sampled outside the Editor without an Animator. If you want to sample this clip outside the Editor, add an Animator Component to this GameObject
Non-Legacy animations cannot be sampled outside the Editor without an Animator. If you want to sample this clip outside the Editor, add an Animator Component to this GameObject
Non-Legacy animations cannot be sampled outside the Editor without an Animator. If you want to sample this clip outside the Editor, add an Animator Component to this GameObject
Non-Legacy animations cannot be sampled outside the Editor without an Animator. If you want to sample this clip outside the Editor, add an Animator Component to this GameObject
Non-Legacy animations cannot be sampled outside the Editor without an Animator. If you want to sample this clip outside the Editor, add an Animator Component to this GameObject
Non-Legacy animations cannot be sampled outside the Editor without an Animator. If you want to sample this clip outside the Editor, add an Animator Component to this GameObject
[LocalReplay] Invalid recorded object
[LocalReplay] Invalid recorded object
[OwnerUiReview] paete-first-model-and-kit
[OwnerUiReview] paete-0-prepare-1
[OwnerUiReview] paete-paete_skill1-cast-1
[LocalReplay] Invalid recorded object
[LocalReplay] Invalid recorded object
[OwnerUiReview] paete-0-prepare-2
[OwnerUiReview] paete-paete_skill1-cast-2
[LocalReplay] Invalid recorded object
[OwnerUiReview] paete-1-prepare-1
[OwnerUiReview] paete-paete_skill2-cast-1
[LocalReplay] Invalid recorded object
[LocalReplay] Invalid recorded object
[LocalReplay] Invalid recorded object
[LocalReplay] Invalid recorded object
[OwnerUiReview] paete-1-prepare-2
[OwnerUiReview] paete-paete_skill2-cast-2
[LocalReplay] Invalid recorded object
[LocalReplay] Invalid recorded object
[LocalReplay] Invalid recorded object
[LocalReplay] Invalid recorded object
[OwnerUiReview] paete-2-role-model-and-kit
[LocalReplay] Invalid recorded object
[OwnerUiReview] paete-2-prepare-1
[OwnerUiReview] paete-paete_skill2d-cast-1
[LocalReplay] Invalid recorded object
[OwnerUiReview] paete-2-prepare-2
[LocalReplay] Invalid recorded object
[OwnerUiReview] paete-paete_skill2d-cast-2
[LocalReplay] Invalid recorded object
[OwnerUiReview] paete-3-prepare-1
[OwnerUiReview] paete-paete_ultimate-cast-1
[LocalReplay] Invalid recorded object
Non-Legacy animations cannot be sampled outside the Editor without an Animator. If you want to sample this clip outside the Editor, add an Animator Component to this GameObject
Non-Legacy animations cannot be sampled outside the Editor without an Animator. If you want to sample this clip outside the Editor, add an Animator Component to this GameObject
Non-Legacy animations cannot be sampled outside the Editor without an Animator. If you want to sample this clip outside the Editor, add an Animator Component to this GameObject
Non-Legacy animations cannot be sampled outside the Editor without an Animator. If you want to sample this clip outside the Editor, add an Animator Component to this GameObject
Non-Legacy animations cannot be sampled outside the Editor without an Animator. If you want to sample this clip outside the Editor, add an Animator Component to this GameObject
Non-Legacy animations cannot be sampled outside the Editor without an Animator. If you want to sample this clip outside the Editor, add an Animator Component to this GameObject
Non-Legacy animations cannot be sampled outside the Editor without an Animator. If you want to sample this clip outside the Editor, add an Animator Component to this GameObject
Non-Legacy animations cannot be sampled outside the Editor without an Animator. If you want to sample this clip outside the Editor, add an Animator Component to this GameObject
Non-Legacy animations cannot be sampled outside the Editor without an Animator. If you want to sample this clip outside the Editor, add an Animator Component to this GameObject
Non-Legacy animations cannot be sampled outside the Editor without an Animator. If you want to sample this clip outside the Editor, add an Animator Component to this GameObject
Non-Legacy animations cannot be sampled outside the Editor without an Animator. If you want to sample this clip outside the Editor, add an Animator Component to this GameObject
Non-Legacy animations cannot be sampled outside the Editor without an Animator. If you want to sample this clip outside the Editor, add an Animator Component to this GameObject
Non-Legacy animations cannot be sampled outside the Editor without an Animator. If you want to sample this clip outside the Editor, add an Animator Component to this GameObject
Non-Legacy animations cannot be sampled outside the Editor without an Animator. If you want to sample this clip outside the Editor, add an Animator Component to this GameObject
Non-Legacy animations cannot be sampled outside the Editor without an Animator. If you want to sample this clip outside the Editor, add an Animator Component to this GameObject
Non-Legacy animations cannot be sampled outside the Editor without an Animator. If you want to sample this clip outside the Editor, add an Animator Component to this GameObject
Non-Legacy animations cannot be sampled outside the Editor without an Animator. If you want to sample this clip outside the Editor, add an Animator Component to this GameObject
Non-Legacy animations cannot be sampled outside the Editor without an Animator. If you want to sample this clip outside the Editor, add an Animator Component to this GameObject
Non-Legacy animations cannot be sampled outside the Editor without an Animator. If you want to sample this clip outside the Editor, add an Animator Component to this GameObject
Non-Legacy animations cannot be sampled outside the Editor without an Animator. If you want to sample this clip outside the Editor, add an Animator Component to this GameObject
Non-Legacy animations cannot be sampled outside the Editor without an Animator. If you want to sample this clip outside the Editor, add an Animator Component to this GameObject
Non-Legacy animations cannot be sampled outside the Editor without an Animator. If you want to sample this clip outside the Editor, add an Animator Component to this GameObject
Non-Legacy animations cannot be sampled outside the Editor without an Animator. If you want to sample this clip outside the Editor, add an Animator Component to this GameObject
Non-Legacy animations cannot be sampled outside the Editor without an Animator. If you want to sample this clip outside the Editor, add an Animator Component to this GameObject
Non-Legacy animations cannot be sampled outside the Editor without an Animator. If you want to sample this clip outside the Editor, add an Animator Component to this GameObject
Non-Legacy animations cannot be sampled outside the Editor without an Animator. If you want to sample this clip outside the Editor, add an Animator Component to this GameObject
Non-Legacy animations cannot be sampled outside the Editor without an Animator. If you want to sample this clip outside the Editor, add an Animator Component to this GameObject
Non-Legacy animations cannot be sampled outside the Editor without an Animator. If you want to sample this clip outside the Editor, add an Animator Component to this GameObject
Non-Legacy animations cannot be sampled outside the Editor without an Animator. If you want to sample this clip outside the Editor, add an Animator Component to this GameObject
Non-Legacy animations cannot be sampled outside the Editor without an Animator. If you want to sample this clip outside the Editor, add an Animator Component to this GameObject
Non-Legacy animations cannot be sampled outside the Editor without an Animator. If you want to sample this clip outside the Editor, add an Animator Component to this GameObject
Non-Legacy animations cannot be sampled outside the Editor without an Animator. If you want to sample this clip outside the Editor, add an Animator Component to this GameObject
Non-Legacy animations cannot be sampled outside the Editor without an Animator. If you want to sample this clip outside the Editor, add an Animator Component to this GameObject
Non-Legacy animations cannot be sampled outside the Editor without an Animator. If you want to sample this clip outside the Editor, add an Animator Component to this GameObject
Non-Legacy animations cannot be sampled outside the Editor without an Animator. If you want to sample this clip outside the Editor, add an Animator Component to this GameObject
Non-Legacy animations cannot be sampled outside the Editor without an Animator. If you want to sample this clip outside the Editor, add an Animator Component to this GameObject
Non-Legacy animations cannot be sampled outside the Editor without an Animator. If you want to sample this clip outside the Editor, add an Animator Component to this GameObject
Non-Legacy animations cannot be sampled outside the Editor without an Animator. If you want to sample this clip outside the Editor, add an Animator Component to this GameObject
Non-Legacy animations cannot be sampled outside the Editor without an Animator. If you want to sample this clip outside the Editor, add an Animator Component to this GameObject
Non-Legacy animations cannot be sampled outside the Editor without an Animator. If you want to sample this clip outside the Editor, add an Animator Component to this GameObject
Non-Legacy animations cannot be sampled outside the Editor without an Animator. If you want to sample this clip outside the Editor, add an Animator Component to this GameObject
Non-Legacy animations cannot be sampled outside the Editor without an Animator. If you want to sample this clip outside the Editor, add an Animator Component to this GameObject
Non-Legacy animations cannot be sampled outside the Editor without an Animator. If you want to sample this clip outside the Editor, add an Animator Component to this GameObject
Non-Legacy animations cannot be sampled outside the Editor without an Animator. If you want to sample this clip outside the Editor, add an Animator Component to this GameObject
Non-Legacy animations cannot be sampled outside the Editor without an Animator. If you want to sample this clip outside the Editor, add an Animator Component to this GameObject
Non-Legacy animations cannot be sampled outside the Editor without an Animator. If you want to sample this clip outside the Editor, add an Animator Component to this GameObject
Non-Legacy animations cannot be sampled outside the Editor without an Animator. If you want to sample this clip outside the Editor, add an Animator Component to this GameObject
Non-Legacy animations cannot be sampled outside the Editor without an Animator. If you want to sample this clip outside the Editor, add an Animator Component to this GameObject
Non-Legacy animations cannot be sampled outside the Editor without an Animator. If you want to sample this clip outside the Editor, add an Animator Component to this GameObject
Non-Legacy animations cannot be sampled outside the Editor without an Animator. If you want to sample this clip outside the Editor, add an Animator Component to this GameObject
Non-Legacy animations cannot be sampled outside the Editor without an Animator. If you want to sample this clip outside the Editor, add an Animator Component to this GameObject
Non-Legacy animations cannot be sampled outside the Editor without an Animator. If you want to sample this clip outside the Editor, add an Animator Component to this GameObject
Non-Legacy animations cannot be sampled outside the Editor without an Animator. If you want to sample this clip outside the Editor, add an Animator Component to this GameObject
Non-Legacy animations cannot be sampled outside the Editor without an Animator. If you want to sample this clip outside the Editor, add an Animator Component to this GameObject
Non-Legacy animations cannot be sampled outside the Editor without an Animator. If you want to sample this clip outside the Editor, add an Animator Component to this GameObject
Non-Legacy animations cannot be sampled outside the Editor without an Animator. If you want to sample this clip outside the Editor, add an Animator Component to this GameObject
Non-Legacy animations cannot be sampled outside the Editor without an Animator. If you want to sample this clip outside the Editor, add an Animator Component to this GameObject
Non-Legacy animations cannot be sampled outside the Editor without an Animator. If you want to sample this clip outside the Editor, add an Animator Component to this GameObject
Non-Legacy animations cannot be sampled outside the Editor without an Animator. If you want to sample this clip outside the Editor, add an Animator Component to this GameObject
Non-Legacy animations cannot be sampled outside the Editor without an Animator. If you want to sample this clip outside the Editor, add an Animator Component to this GameObject
Non-Legacy animations cannot be sampled outside the Editor without an Animator. If you want to sample this clip outside the Editor, add an Animator Component to this GameObject
Non-Legacy animations cannot be sampled outside the Editor without an Animator. If you want to sample this clip outside the Editor, add an Animator Component to this GameObject
Non-Legacy animations cannot be sampled outside the Editor without an Animator. If you want to sample this clip outside the Editor, add an Animator Component to this GameObject
Non-Legacy animations cannot be sampled outside the Editor without an Animator. If you want to sample this clip outside the Editor, add an Animator Component to this GameObject
Non-Legacy animations cannot be sampled outside the Editor without an Animator. If you want to sample this clip outside the Editor, add an Animator Component to this GameObject
Non-Legacy animations cannot be sampled outside the Editor without an Animator. If you want to sample this clip outside the Editor, add an Animator Component to this GameObject
Non-Legacy animations cannot be sampled outside the Editor without an Animator. If you want to sample this clip outside the Editor, add an Animator Component to this GameObject
Non-Legacy animations cannot be sampled outside the Editor without an Animator. If you want to sample this clip outside the Editor, add an Animator Component to this GameObject
Non-Legacy animations cannot be sampled outside the Editor without an Animator. If you want to sample this clip outside the Editor, add an Animator Component to this GameObject
Non-Legacy animations cannot be sampled outside the Editor without an Animator. If you want to sample this clip outside the Editor, add an Animator Component to this GameObject
Non-Legacy animations cannot be sampled outside the Editor without an Animator. If you want to sample this clip outside the Editor, add an Animator Component to this GameObject
Non-Legacy animations cannot be sampled outside the Editor without an Animator. If you want to sample this clip outside the Editor, add an Animator Component to this GameObject
Non-Legacy animations cannot be sampled outside the Editor without an Animator. If you want to sample this clip outside the Editor, add an Animator Component to this GameObject
Non-Legacy animations cannot be sampled outside the Editor without an Animator. If you want to sample this clip outside the Editor, add an Animator Component to this GameObject
Non-Legacy animations cannot be sampled outside the Editor without an Animator. If you want to sample this clip outside the Editor, add an Animator Component to this GameObject
Non-Legacy animations cannot be sampled outside the Editor without an Animator. If you want to sample this clip outside the Editor, add an Animator Component to this GameObject
Non-Legacy animations cannot be sampled outside the Editor without an Animator. If you want to sample this clip outside the Editor, add an Animator Component to this GameObject
Non-Legacy animations cannot be sampled outside the Editor without an Animator. If you want to sample this clip outside the Editor, add an Animator Component to this GameObject
Non-Legacy animations cannot be sampled outside the Editor without an Animator. If you want to sample this clip outside the Editor, add an Animator Component to this GameObject
Non-Legacy animations cannot be sampled outside the Editor without an Animator. If you want to sample this clip outside the Editor, add an Animator Component to this GameObject
Non-Legacy animations cannot be sampled outside the Editor without an Animator. If you want to sample this clip outside the Editor, add an Animator Component to this GameObject
Non-Legacy animations cannot be sampled outside the Editor without an Animator. If you want to sample this clip outside the Editor, add an Animator Component to this GameObject
Non-Legacy animations cannot be sampled outside the Editor without an Animator. If you want to sample this clip outside the Editor, add an Animator Component to this GameObject
Non-Legacy animations cannot be sampled outside the Editor without an Animator. If you want to sample this clip outside the Editor, add an Animator Component to this GameObject
Non-Legacy animations cannot be sampled outside the Editor without an Animator. If you want to sample this clip outside the Editor, add an Animator Component to this GameObject
Non-Legacy animations cannot be sampled outside the Editor without an Animator. If you want to sample this clip outside the Editor, add an Animator Component to this GameObject
Non-Legacy animations cannot be sampled outside the Editor without an Animator. If you want to sample this clip outside the Editor, add an Animator Component to this GameObject
Non-Legacy animations cannot be sampled outside the Editor without an Animator. If you want to sample this clip outside the Editor, add an Animator Component to this GameObject
Non-Legacy animations cannot be sampled outside the Editor without an Animator. If you want to sample this clip outside the Editor, add an Animator Component to this GameObject
Non-Legacy animations cannot be sampled outside the Editor without an Animator. If you want to sample this clip outside the Editor, add an Animator Component to this GameObject
Non-Legacy animations cannot be sampled outside the Editor without an Animator. If you want to sample this clip outside the Editor, add an Animator Component to this GameObject
Non-Legacy animations cannot be sampled outside the Editor without an Animator. If you want to sample this clip outside the Editor, add an Animator Component to this GameObject
Non-Legacy animations cannot be sampled outside the Editor without an Animator. If you want to sample this clip outside the Editor, add an Animator Component to this GameObject
Non-Legacy animations cannot be sampled outside the Editor without an Animator. If you want to sample this clip outside the Editor, add an Animator Component to this GameObject
Non-Legacy animations cannot be sampled outside the Editor without an Animator. If you want to sample this clip outside the Editor, add an Animator Component to this GameObject
Non-Legacy animations cannot be sampled outside the Editor without an Animator. If you want to sample this clip outside the Editor, add an Animator Component to this GameObject
Non-Legacy animations cannot be sampled outside the Editor without an Animator. If you want to sample this clip outside the Editor, add an Animator Component to this GameObject
Non-Legacy animations cannot be sampled outside the Editor without an Animator. If you want to sample this clip outside the Editor, add an Animator Component to this GameObject
Non-Legacy animations cannot be sampled outside the Editor without an Animator. If you want to sample this clip outside the Editor, add an Animator Component to this GameObject
Non-Legacy animations cannot be sampled outside the Editor without an Animator. If you want to sample this clip outside the Editor, add an Animator Component to this GameObject
Non-Legacy animations cannot be sampled outside the Editor without an Animator. If you want to sample this clip outside the Editor, add an Animator Component to this GameObject
Non-Legacy animations cannot be sampled outside the Editor without an Animator. If you want to sample this clip outside the Editor, add an Animator Component to this GameObject
Non-Legacy animations cannot be sampled outside the Editor without an Animator. If you want to sample this clip outside the Editor, add an Animator Component to this GameObject
Non-Legacy animations cannot be sampled outside the Editor without an Animator. If you want to sample this clip outside the Editor, add an Animator Component to this GameObject
Non-Legacy animations cannot be sampled outside the Editor without an Animator. If you want to sample this clip outside the Editor, add an Animator Component to this GameObject
Non-Legacy animations cannot be sampled outside the Editor without an Animator. If you want to sample this clip outside the Editor, add an Animator Component to this GameObject
Non-Legacy animations cannot be sampled outside the Editor without an Animator. If you want to sample this clip outside the Editor, add an Animator Component to this GameObject
Non-Legacy animations cannot be sampled outside the Editor without an Animator. If you want to sample this clip outside the Editor, add an Animator Component to this GameObject
Non-Legacy animations cannot be sampled outside the Editor without an Animator. If you want to sample this clip outside the Editor, add an Animator Component to this GameObject
Non-Legacy animations cannot be sampled outside the Editor without an Animator. If you want to sample this clip outside the Editor, add an Animator Component to this GameObject
Non-Legacy animations cannot be sampled outside the Editor without an Animator. If you want to sample this clip outside the Editor, add an Animator Component to this GameObject
Non-Legacy animations cannot be sampled outside the Editor without an Animator. If you want to sample this clip outside the Editor, add an Animator Component to this GameObject
Non-Legacy animations cannot be sampled outside the Editor without an Animator. If you want to sample this clip outside the Editor, add an Animator Component to this GameObject
Non-Legacy animations cannot be sampled outside the Editor without an Animator. If you want to sample this clip outside the Editor, add an Animator Component to this GameObject
Non-Legacy animations cannot be sampled outside the Editor without an Animator. If you want to sample this clip outside the Editor, add an Animator Component to this GameObject
Non-Legacy animations cannot be sampled outside the Editor without an Animator. If you want to sample this clip outside the Editor, add an Animator Component to this GameObject
Non-Legacy animations cannot be sampled outside the Editor without an Animator. If you want to sample this clip outside the Editor, add an Animator Component to this GameObject
Non-Legacy animations cannot be sampled outside the Editor without an Animator. If you want to sample this clip outside the Editor, add an Animator Component to this GameObject
Non-Legacy animations cannot be sampled outside the Editor without an Animator. If you want to sample this clip outside the Editor, add an Animator Component to this GameObject
Non-Legacy animations cannot be sampled outside the Editor without an Animator. If you want to sample this clip outside the Editor, add an Animator Component to this GameObject
Non-Legacy animations cannot be sampled outside the Editor without an Animator. If you want to sample this clip outside the Editor, add an Animator Component to this GameObject
Non-Legacy animations cannot be sampled outside the Editor without an Animator. If you want to sample this clip outside the Editor, add an Animator Component to this GameObject
Non-Legacy animations cannot be sampled outside the Editor without an Animator. If you want to sample this clip outside the Editor, add an Animator Component to this GameObject
Non-Legacy animations cannot be sampled outside the Editor without an Animator. If you want to sample this clip outside the Editor, add an Animator Component to this GameObject
Non-Legacy animations cannot be sampled outside the Editor without an Animator. If you want to sample this clip outside the Editor, add an Animator Component to this GameObject
Non-Legacy animations cannot be sampled outside the Editor without an Animator. If you want to sample this clip outside the Editor, add an Animator Component to this GameObject
Non-Legacy animations cannot be sampled outside the Editor without an Animator. If you want to sample this clip outside the Editor, add an Animator Component to this GameObject
Non-Legacy animations cannot be sampled outside the Editor without an Animator. If you want to sample this clip outside the Editor, add an Animator Component to this GameObject
Non-Legacy animations cannot be sampled outside the Editor without an Animator. If you want to sample this clip outside the Editor, add an Animator Component to this GameObject
Non-Legacy animations cannot be sampled outside the Editor without an Animator. If you want to sample this clip outside the Editor, add an Animator Component to this GameObject
Non-Legacy animations cannot be sampled outside the Editor without an Animator. If you want to sample this clip outside the Editor, add an Animator Component to this GameObject
Non-Legacy animations cannot be sampled outside the Editor without an Animator. If you want to sample this clip outside the Editor, add an Animator Component to this GameObject
Non-Legacy animations cannot be sampled outside the Editor without an Animator. If you want to sample this clip outside the Editor, add an Animator Component to this GameObject
Non-Legacy animations cannot be sampled outside the Editor without an Animator. If you want to sample this clip outside the Editor, add an Animator Component to this GameObject
Non-Legacy animations cannot be sampled outside the Editor without an Animator. If you want to sample this clip outside the Editor, add an Animator Component to this GameObject
Non-Legacy animations cannot be sampled outside the Editor without an Animator. If you want to sample this clip outside the Editor, add an Animator Component to this GameObject
Non-Legacy animations cannot be sampled outside the Editor without an Animator. If you want to sample this clip outside the Editor, add an Animator Component to this GameObject
Non-Legacy animations cannot be sampled outside the Editor without an Animator. If you want to sample this clip outside the Editor, add an Animator Component to this GameObject
Non-Legacy animations cannot be sampled outside the Editor without an Animator. If you want to sample this clip outside the Editor, add an Animator Component to this GameObject
Non-Legacy animations cannot be sampled outside the Editor without an Animator. If you want to sample this clip outside the Editor, add an Animator Component to this GameObject
Non-Legacy animations cannot be sampled outside the Editor without an Animator. If you want to sample this clip outside the Editor, add an Animator Component to this GameObject
Non-Legacy animations cannot be sampled outside the Editor without an Animator. If you want to sample this clip outside the Editor, add an Animator Component to this GameObject
Non-Legacy animations cannot be sampled outside the Editor without an Animator. If you want to sample this clip outside the Editor, add an Animator Component to this GameObject
Non-Legacy animations cannot be sampled outside the Editor without an Animator. If you want to sample this clip outside the Editor, add an Animator Component to this GameObject
Non-Legacy animations cannot be sampled outside the Editor without an Animator. If you want to sample this clip outside the Editor, add an Animator Component to this GameObject
Non-Legacy animations cannot be sampled outside the Editor without an Animator. If you want to sample this clip outside the Editor, add an Animator Component to this GameObject
Non-Legacy animations cannot be sampled outside the Editor without an Animator. If you want to sample this clip outside the Editor, add an Animator Component to this GameObject
Non-Legacy animations cannot be sampled outside the Editor without an Animator. If you want to sample this clip outside the Editor, add an Animator Component to this GameObject
Non-Legacy animations cannot be sampled outside the Editor without an Animator. If you want to sample this clip outside the Editor, add an Animator Component to this GameObject
Non-Legacy animations cannot be sampled outside the Editor without an Animator. If you want to sample this clip outside the Editor, add an Animator Component to this GameObject
Non-Legacy animations cannot be sampled outside the Editor without an Animator. If you want to sample this clip outside the Editor, add an Animator Component to this GameObject
Non-Legacy animations cannot be sampled outside the Editor without an Animator. If you want to sample this clip outside the Editor, add an Animator Component to this GameObject
Non-Legacy animations cannot be sampled outside the Editor without an Animator. If you want to sample this clip outside the Editor, add an Animator Component to this GameObject
Non-Legacy animations cannot be sampled outside the Editor without an Animator. If you want to sample this clip outside the Editor, add an Animator Component to this GameObject
Non-Legacy animations cannot be sampled outside the Editor without an Animator. If you want to sample this clip outside the Editor, add an Animator Component to this GameObject
Non-Legacy animations cannot be sampled outside the Editor without an Animator. If you want to sample this clip outside the Editor, add an Animator Component to this GameObject
Non-Legacy animations cannot be sampled outside the Editor without an Animator. If you want to sample this clip outside the Editor, add an Animator Component to this GameObject
Non-Legacy animations cannot be sampled outside the Editor without an Animator. If you want to sample this clip outside the Editor, add an Animator Component to this GameObject
Non-Legacy animations cannot be sampled outside the Editor without an Animator. If you want to sample this clip outside the Editor, add an Animator Component to this GameObject
Non-Legacy animations cannot be sampled outside the Editor without an Animator. If you want to sample this clip outside the Editor, add an Animator Component to this GameObject
Non-Legacy animations cannot be sampled outside the Editor without an Animator. If you want to sample this clip outside the Editor, add an Animator Component to this GameObject
Non-Legacy animations cannot be sampled outside the Editor without an Animator. If you want to sample this clip outside the Editor, add an Animator Component to this GameObject
Non-Legacy animations cannot be sampled outside the Editor without an Animator. If you want to sample this clip outside the Editor, add an Animator Component to this GameObject
Non-Legacy animations cannot be sampled outside the Editor without an Animator. If you want to sample this clip outside the Editor, add an Animator Component to this GameObject
Non-Legacy animations cannot be sampled outside the Editor without an Animator. If you want to sample this clip outside the Editor, add an Animator Component to this GameObject
Non-Legacy animations cannot be sampled outside the Editor without an Animator. If you want to sample this clip outside the Editor, add an Animator Component to this GameObject
Non-Legacy animations cannot be sampled outside the Editor without an Animator. If you want to sample this clip outside the Editor, add an Animator Component to this GameObject
Non-Legacy animations cannot be sampled outside the Editor without an Animator. If you want to sample this clip outside the Editor, add an Animator Component to this GameObject
Non-Legacy animations cannot be sampled outside the Editor without an Animator. If you want to sample this clip outside the Editor, add an Animator Component to this GameObject
Non-Legacy animations cannot be sampled outside the Editor without an Animator. If you want to sample this clip outside the Editor, add an Animator Component to this GameObject
Non-Legacy animations cannot be sampled outside the Editor without an Animator. If you want to sample this clip outside the Editor, add an Animator Component to this GameObject
Non-Legacy animations cannot be sampled outside the Editor without an Animator. If you want to sample this clip outside the Editor, add an Animator Component to this GameObject
Non-Legacy animations cannot be sampled outside the Editor without an Animator. If you want to sample this clip outside the Editor, add an Animator Component to this GameObject
Non-Legacy animations cannot be sampled outside the Editor without an Animator. If you want to sample this clip outside the Editor, add an Animator Component to this GameObject
Non-Legacy animations cannot be sampled outside the Editor without an Animator. If you want to sample this clip outside the Editor, add an Animator Component to this GameObject
Non-Legacy animations cannot be sampled outside the Editor without an Animator. If you want to sample this clip outside the Editor, add an Animator Component to this GameObject
Non-Legacy animations cannot be sampled outside the Editor without an Animator. If you want to sample this clip outside the Editor, add an Animator Component to this GameObject
Non-Legacy animations cannot be sampled outside the Editor without an Animator. If you want to sample this clip outside the Editor, add an Animator Component to this GameObject
Non-Legacy animations cannot be sampled outside the Editor without an Animator. If you want to sample this clip outside the Editor, add an Animator Component to this GameObject
Non-Legacy animations cannot be sampled outside the Editor without an Animator. If you want to sample this clip outside the Editor, add an Animator Component to this GameObject
Non-Legacy animations cannot be sampled outside the Editor without an Animator. If you want to sample this clip outside the Editor, add an Animator Component to this GameObject
Non-Legacy animations cannot be sampled outside the Editor without an Animator. If you want to sample this clip outside the Editor, add an Animator Component to this GameObject
Non-Legacy animations cannot be sampled outside the Editor without an Animator. If you want to sample this clip outside the Editor, add an Animator Component to this GameObject
Non-Legacy animations cannot be sampled outside the Editor without an Animator. If you want to sample this clip outside the Editor, add an Animator Component to this GameObject
Non-Legacy animations cannot be sampled outside the Editor without an Animator. If you want to sample this clip outside the Editor, add an Animator Component to this GameObject
Non-Legacy animations cannot be sampled outside the Editor without an Animator. If you want to sample this clip outside the Editor, add an Animator Component to this GameObject
Non-Legacy animations cannot be sampled outside the Editor without an Animator. If you want to sample this clip outside the Editor, add an Animator Component to this GameObject
Non-Legacy animations cannot be sampled outside the Editor without an Animator. If you want to sample this clip outside the Editor, add an Animator Component to this GameObject
Non-Legacy animations cannot be sampled outside the Editor without an Animator. If you want to sample this clip outside the Editor, add an Animator Component to this GameObject
Non-Legacy animations cannot be sampled outside the Editor without an Animator. If you want to sample this clip outside the Editor, add an Animator Component to this GameObject
Non-Legacy animations cannot be sampled outside the Editor without an Animator. If you want to sample this clip outside the Editor, add an Animator Component to this GameObject
Non-Legacy animations cannot be sampled outside the Editor without an Animator. If you want to sample this clip outside the Editor, add an Animator Component to this GameObject
Non-Legacy animations cannot be sampled outside the Editor without an Animator. If you want to sample this clip outside the Editor, add an Animator Component to this GameObject
Non-Legacy animations cannot be sampled outside the Editor without an Animator. If you want to sample this clip outside the Editor, add an Animator Component to this GameObject
Non-Legacy animations cannot be sampled outside the Editor without an Animator. If you want to sample this clip outside the Editor, add an Animator Component to this GameObject
Non-Legacy animations cannot be sampled outside the Editor without an Animator. If you want to sample this clip outside the Editor, add an Animator Component to this GameObject
Non-Legacy animations cannot be sampled outside the Editor without an Animator. If you want to sample this clip outside the Editor, add an Animator Component to this GameObject
Non-Legacy animations cannot be sampled outside the Editor without an Animator. If you want to sample this clip outside the Editor, add an Animator Component to this GameObject
Non-Legacy animations cannot be sampled outside the Editor without an Animator. If you want to sample this clip outside the Editor, add an Animator Component to this GameObject
Non-Legacy animations cannot be sampled outside the Editor without an Animator. If you want to sample this clip outside the Editor, add an Animator Component to this GameObject
Non-Legacy animations cannot be sampled outside the Editor without an Animator. If you want to sample this clip outside the Editor, add an Animator Component to this GameObject
Non-Legacy animations cannot be sampled outside the Editor without an Animator. If you want to sample this clip outside the Editor, add an Animator Component to this GameObject
Non-Legacy animations cannot be sampled outside the Editor without an Animator. If you want to sample this clip outside the Editor, add an Animator Component to this GameObject
Non-Legacy animations cannot be sampled outside the Editor without an Animator. If you want to sample this clip outside the Editor, add an Animator Component to this GameObject
Non-Legacy animations cannot be sampled outside the Editor without an Animator. If you want to sample this clip outside the Editor, add an Animator Component to this GameObject
Non-Legacy animations cannot be sampled outside the Editor without an Animator. If you want to sample this clip outside the Editor, add an Animator Component to this GameObject
Non-Legacy animations cannot be sampled outside the Editor without an Animator. If you want to sample this clip outside the Editor, add an Animator Component to this GameObject
Non-Legacy animations cannot be sampled outside the Editor without an Animator. If you want to sample this clip outside the Editor, add an Animator Component to this GameObject
Non-Legacy animations cannot be sampled outside the Editor without an Animator. If you want to sample this clip outside the Editor, add an Animator Component to this GameObject
Non-Legacy animations cannot be sampled outside the Editor without an Animator. If you want to sample this clip outside the Editor, add an Animator Component to this GameObject
Non-Legacy animations cannot be sampled outside the Editor without an Animator. If you want to sample this clip outside the Editor, add an Animator Component to this GameObject
Non-Legacy animations cannot be sampled outside the Editor without an Animator. If you want to sample this clip outside the Editor, add an Animator Component to this GameObject
Non-Legacy animations cannot be sampled outside the Editor without an Animator. If you want to sample this clip outside the Editor, add an Animator Component to this GameObject
Non-Legacy animations cannot be sampled outside the Editor without an Animator. If you want to sample this clip outside the Editor, add an Animator Component to this GameObject
Non-Legacy animations cannot be sampled outside the Editor without an Animator. If you want to sample this clip outside the Editor, add an Animator Component to this GameObject
Non-Legacy animations cannot be sampled outside the Editor without an Animator. If you want to sample this clip outside the Editor, add an Animator Component to this GameObject
Non-Legacy animations cannot be sampled outside the Editor without an Animator. If you want to sample this clip outside the Editor, add an Animator Component to this GameObject
Non-Legacy animations cannot be sampled outside the Editor without an Animator. If you want to sample this clip outside the Editor, add an Animator Component to this GameObject
Non-Legacy animations cannot be sampled outside the Editor without an Animator. If you want to sample this clip outside the Editor, add an Animator Component to this GameObject
Non-Legacy animations cannot be sampled outside the Editor without an Animator. If you want to sample this clip outside the Editor, add an Animator Component to this GameObject
Non-Legacy animations cannot be sampled outside the Editor without an Animator. If you want to sample this clip outside the Editor, add an Animator Component to this GameObject
Non-Legacy animations cannot be sampled outside the Editor without an Animator. If you want to sample this clip outside the Editor, add an Animator Component to this GameObject
Non-Legacy animations cannot be sampled outside the Editor without an Animator. If you want to sample this clip outside the Editor, add an Animator Component to this GameObject
Non-Legacy animations cannot be sampled outside the Editor without an Animator. If you want to sample this clip outside the Editor, add an Animator Component to this GameObject
Non-Legacy animations cannot be sampled outside the Editor without an Animator. If you want to sample this clip outside the Editor, add an Animator Component to this GameObject
Non-Legacy animations cannot be sampled outside the Editor without an Animator. If you want to sample this clip outside the Editor, add an Animator Component to this GameObject
Non-Legacy animations cannot be sampled outside the Editor without an Animator. If you want to sample this clip outside the Editor, add an Animator Component to this GameObject
Non-Legacy animations cannot be sampled outside the Editor without an Animator. If you want to sample this clip outside the Editor, add an Animator Component to this GameObject
Non-Legacy animations cannot be sampled outside the Editor without an Animator. If you want to sample this clip outside the Editor, add an Animator Component to this GameObject
Non-Legacy animations cannot be sampled outside the Editor without an Animator. If you want to sample this clip outside the Editor, add an Animator Component to this GameObject
Non-Legacy animations cannot be sampled outside the Editor without an Animator. If you want to sample this clip outside the Editor, add an Animator Component to this GameObject
Non-Legacy animations cannot be sampled outside the Editor without an Animator. If you want to sample this clip outside the Editor, add an Animator Component to this GameObject
Non-Legacy animations cannot be sampled outside the Editor without an Animator. If you want to sample this clip outside the Editor, add an Animator Component to this GameObject
Non-Legacy animations cannot be sampled outside the Editor without an Animator. If you want to sample this clip outside the Editor, add an Animator Component to this GameObject
Non-Legacy animations cannot be sampled outside the Editor without an Animator. If you want to sample this clip outside the Editor, add an Animator Component to this GameObject
Non-Legacy animations cannot be sampled outside the Editor without an Animator. If you want to sample this clip outside the Editor, add an Animator Component to this GameObject
Non-Legacy animations cannot be sampled outside the Editor without an Animator. If you want to sample this clip outside the Editor, add an Animator Component to this GameObject
Non-Legacy animations cannot be sampled outside the Editor without an Animator. If you want to sample this clip outside the Editor, add an Animator Component to this GameObject
Non-Legacy animations cannot be sampled outside the Editor without an Animator. If you want to sample this clip outside the Editor, add an Animator Component to this GameObject
Non-Legacy animations cannot be sampled outside the Editor without an Animator. If you want to sample this clip outside the Editor, add an Animator Component to this GameObject
Non-Legacy animations cannot be sampled outside the Editor without an Animator. If you want to sample this clip outside the Editor, add an Animator Component to this GameObject
Non-Legacy animations cannot be sampled outside the Editor without an Animator. If you want to sample this clip outside the Editor, add an Animator Component to this GameObject
Non-Legacy animations cannot be sampled outside the Editor without an Animator. If you want to sample this clip outside the Editor, add an Animator Component to this GameObject
Non-Legacy animations cannot be sampled outside the Editor without an Animator. If you want to sample this clip outside the Editor, add an Animator Component to this GameObject
Non-Legacy animations cannot be sampled outside the Editor without an Animator. If you want to sample this clip outside the Editor, add an Animator Component to this GameObject
Non-Legacy animations cannot be sampled outside the Editor without an Animator. If you want to sample this clip outside the Editor, add an Animator Component to this GameObject
Non-Legacy animations cannot be sampled outside the Editor without an Animator. If you want to sample this clip outside the Editor, add an Animator Component to this GameObject
Non-Legacy animations cannot be sampled outside the Editor without an Animator. If you want to sample this clip outside the Editor, add an Animator Component to this GameObject
Non-Legacy animations cannot be sampled outside the Editor without an Animator. If you want to sample this clip outside the Editor, add an Animator Component to this GameObject
Non-Legacy animations cannot be sampled outside the Editor without an Animator. If you want to sample this clip outside the Editor, add an Animator Component to this GameObject
Non-Legacy animations cannot be sampled outside the Editor without an Animator. If you want to sample this clip outside the Editor, add an Animator Component to this GameObject
Non-Legacy animations cannot be sampled outside the Editor without an Animator. If you want to sample this clip outside the Editor, add an Animator Component to this GameObject
Non-Legacy animations cannot be sampled outside the Editor without an Animator. If you want to sample this clip outside the Editor, add an Animator Component to this GameObject
Non-Legacy animations cannot be sampled outside the Editor without an Animator. If you want to sample this clip outside the Editor, add an Animator Component to this GameObject
Non-Legacy animations cannot be sampled outside the Editor without an Animator. If you want to sample this clip outside the Editor, add an Animator Component to this GameObject
Non-Legacy animations cannot be sampled outside the Editor without an Animator. If you want to sample this clip outside the Editor, add an Animator Component to this GameObject
Non-Legacy animations cannot be sampled outside the Editor without an Animator. If you want to sample this clip outside the Editor, add an Animator Component to this GameObject
Non-Legacy animations cannot be sampled outside the Editor without an Animator. If you want to sample this clip outside the Editor, add an Animator Component to this GameObject
Non-Legacy animations cannot be sampled outside the Editor without an Animator. If you want to sample this clip outside the Editor, add an Animator Component to this GameObject
Non-Legacy animations cannot be sampled outside the Editor without an Animator. If you want to sample this clip outside the Editor, add an Animator Component to this GameObject
Non-Legacy animations cannot be sampled outside the Editor without an Animator. If you want to sample this clip outside the Editor, add an Animator Component to this GameObject
Non-Legacy animations cannot be sampled outside the Editor without an Animator. If you want to sample this clip outside the Editor, add an Animator Component to this GameObject
Non-Legacy animations cannot be sampled outside the Editor without an Animator. If you want to sample this clip outside the Editor, add an Animator Component to this GameObject
Non-Legacy animations cannot be sampled outside the Editor without an Animator. If you want to sample this clip outside the Editor, add an Animator Component to this GameObject
Non-Legacy animations cannot be sampled outside the Editor without an Animator. If you want to sample this clip outside the Editor, add an Animator Component to this GameObject
Non-Legacy animations cannot be sampled outside the Editor without an Animator. If you want to sample this clip outside the Editor, add an Animator Component to this GameObject
Non-Legacy animations cannot be sampled outside the Editor without an Animator. If you want to sample this clip outside the Editor, add an Animator Component to this GameObject
Non-Legacy animations cannot be sampled outside the Editor without an Animator. If you want to sample this clip outside the Editor, add an Animator Component to this GameObject
Non-Legacy animations cannot be sampled outside the Editor without an Animator. If you want to sample this clip outside the Editor, add an Animator Component to this GameObject
Non-Legacy animations cannot be sampled outside the Editor without an Animator. If you want to sample this clip outside the Editor, add an Animator Component to this GameObject
Non-Legacy animations cannot be sampled outside the Editor without an Animator. If you want to sample this clip outside the Editor, add an Animator Component to this GameObject
Non-Legacy animations cannot be sampled outside the Editor without an Animator. If you want to sample this clip outside the Editor, add an Animator Component to this GameObject
Non-Legacy animations cannot be sampled outside the Editor without an Animator. If you want to sample this clip outside the Editor, add an Animator Component to this GameObject
Non-Legacy animations cannot be sampled outside the Editor without an Animator. If you want to sample this clip outside the Editor, add an Animator Component to this GameObject
Non-Legacy animations cannot be sampled outside the Editor without an Animator. If you want to sample this clip outside the Editor, add an Animator Component to this GameObject
Non-Legacy animations cannot be sampled outside the Editor without an Animator. If you want to sample this clip outside the Editor, add an Animator Component to this GameObject
Non-Legacy animations cannot be sampled outside the Editor without an Animator. If you want to sample this clip outside the Editor, add an Animator Component to this GameObject
Non-Legacy animations cannot be sampled outside the Editor without an Animator. If you want to sample this clip outside the Editor, add an Animator Component to this GameObject
Non-Legacy animations cannot be sampled outside the Editor without an Animator. If you want to sample this clip outside the Editor, add an Animator Component to this GameObject
Non-Legacy animations cannot be sampled outside the Editor without an Animator. If you want to sample this clip outside the Editor, add an Animator Component to this GameObject
Non-Legacy animations cannot be sampled outside the Editor without an Animator. If you want to sample this clip outside the Editor, add an Animator Component to this GameObject
Non-Legacy animations cannot be sampled outside the Editor without an Animator. If you want to sample this clip outside the Editor, add an Animator Component to this GameObject
Non-Legacy animations cannot be sampled outside the Editor without an Animator. If you want to sample this clip outside the Editor, add an Animator Component to this GameObject
Non-Legacy animations cannot be sampled outside the Editor without an Animator. If you want to sample this clip outside the Editor, add an Animator Component to this GameObject
Non-Legacy animations cannot be sampled outside the Editor without an Animator. If you want to sample this clip outside the Editor, add an Animator Component to this GameObject
Non-Legacy animations cannot be sampled outside the Editor without an Animator. If you want to sample this clip outside the Editor, add an Animator Component to this GameObject
Non-Legacy animations cannot be sampled outside the Editor without an Animator. If you want to sample this clip outside the Editor, add an Animator Component to this GameObject
Non-Legacy animations cannot be sampled outside the Editor without an Animator. If you want to sample this clip outside the Editor, add an Animator Component to this GameObject
Non-Legacy animations cannot be sampled outside the Editor without an Animator. If you want to sample this clip outside the Editor, add an Animator Component to this GameObject
Non-Legacy animations cannot be sampled outside the Editor without an Animator. If you want to sample this clip outside the Editor, add an Animator Component to this GameObject
Non-Legacy animations cannot be sampled outside the Editor without an Animator. If you want to sample this clip outside the Editor, add an Animator Component to this GameObject
Non-Legacy animations cannot be sampled outside the Editor without an Animator. If you want to sample this clip outside the Editor, add an Animator Component to this GameObject
Non-Legacy animations cannot be sampled outside the Editor without an Animator. If you want to sample this clip outside the Editor, add an Animator Component to this GameObject
Non-Legacy animations cannot be sampled outside the Editor without an Animator. If you want to sample this clip outside the Editor, add an Animator Component to this GameObject
Non-Legacy animations cannot be sampled outside the Editor without an Animator. If you want to sample this clip outside the Editor, add an Animator Component to this GameObject
Non-Legacy animations cannot be sampled outside the Editor without an Animator. If you want to sample this clip outside the Editor, add an Animator Component to this GameObject
Non-Legacy animations cannot be sampled outside the Editor without an Animator. If you want to sample this clip outside the Editor, add an Animator Component to this GameObject
Non-Legacy animations cannot be sampled outside the Editor without an Animator. If you want to sample this clip outside the Editor, add an Animator Component to this GameObject
Non-Legacy animations cannot be sampled outside the Editor without an Animator. If you want to sample this clip outside the Editor, add an Animator Component to this GameObject
Non-Legacy animations cannot be sampled outside the Editor without an Animator. If you want to sample this clip outside the Editor, add an Animator Component to this GameObject
Non-Legacy animations cannot be sampled outside the Editor without an Animator. If you want to sample this clip outside the Editor, add an Animator Component to this GameObject
Non-Legacy animations cannot be sampled outside the Editor without an Animator. If you want to sample this clip outside the Editor, add an Animator Component to this GameObject
Non-Legacy animations cannot be sampled outside the Editor without an Animator. If you want to sample this clip outside the Editor, add an Animator Component to this GameObject
Non-Legacy animations cannot be sampled outside the Editor without an Animator. If you want to sample this clip outside the Editor, add an Animator Component to this GameObject
Non-Legacy animations cannot be sampled outside the Editor without an Animator. If you want to sample this clip outside the Editor, add an Animator Component to this GameObject
Non-Legacy animations cannot be sampled outside the Editor without an Animator. If you want to sample this clip outside the Editor, add an Animator Component to this GameObject
Non-Legacy animations cannot be sampled outside the Editor without an Animator. If you want to sample this clip outside the Editor, add an Animator Component to this GameObject
Non-Legacy animations cannot be sampled outside the Editor without an Animator. If you want to sample this clip outside the Editor, add an Animator Component to this GameObject
Non-Legacy animations cannot be sampled outside the Editor without an Animator. If you want to sample this clip outside the Editor, add an Animator Component to this GameObject
Non-Legacy animations cannot be sampled outside the Editor without an Animator. If you want to sample this clip outside the Editor, add an Animator Component to this GameObject
Non-Legacy animations cannot be sampled outside the Editor without an Animator. If you want to sample this clip outside the Editor, add an Animator Component to this GameObject
Non-Legacy animations cannot be sampled outside the Editor without an Animator. If you want to sample this clip outside the Editor, add an Animator Component to this GameObject
Non-Legacy animations cannot be sampled outside the Editor without an Animator. If you want to sample this clip outside the Editor, add an Animator Component to this GameObject
Non-Legacy animations cannot be sampled outside the Editor without an Animator. If you want to sample this clip outside the Editor, add an Animator Component to this GameObject
Non-Legacy animations cannot be sampled outside the Editor without an Animator. If you want to sample this clip outside the Editor, add an Animator Component to this GameObject
Non-Legacy animations cannot be sampled outside the Editor without an Animator. If you want to sample this clip outside the Editor, add an Animator Component to this GameObject
Non-Legacy animations cannot be sampled outside the Editor without an Animator. If you want to sample this clip outside the Editor, add an Animator Component to this GameObject
Non-Legacy animations cannot be sampled outside the Editor without an Animator. If you want to sample this clip outside the Editor, add an Animator Component to this GameObject
Non-Legacy animations cannot be sampled outside the Editor without an Animator. If you want to sample this clip outside the Editor, add an Animator Component to this GameObject
Non-Legacy animations cannot be sampled outside the Editor without an Animator. If you want to sample this clip outside the Editor, add an Animator Component to this GameObject
Non-Legacy animations cannot be sampled outside the Editor without an Animator. If you want to sample this clip outside the Editor, add an Animator Component to this GameObject
Non-Legacy animations cannot be sampled outside the Editor without an Animator. If you want to sample this clip outside the Editor, add an Animator Component to this GameObject
Non-Legacy animations cannot be sampled outside the Editor without an Animator. If you want to sample this clip outside the Editor, add an Animator Component to this GameObject
Non-Legacy animations cannot be sampled outside the Editor without an Animator. If you want to sample this clip outside the Editor, add an Animator Component to this GameObject
Non-Legacy animations cannot be sampled outside the Editor without an Animator. If you want to sample this clip outside the Editor, add an Animator Component to this GameObject
Non-Legacy animations cannot be sampled outside the Editor without an Animator. If you want to sample this clip outside the Editor, add an Animator Component to this GameObject
Non-Legacy animations cannot be sampled outside the Editor without an Animator. If you want to sample this clip outside the Editor, add an Animator Component to this GameObject
Non-Legacy animations cannot be sampled outside the Editor without an Animator. If you want to sample this clip outside the Editor, add an Animator Component to this GameObject
Non-Legacy animations cannot be sampled outside the Editor without an Animator. If you want to sample this clip outside the Editor, add an Animator Component to this GameObject
Non-Legacy animations cannot be sampled outside the Editor without an Animator. If you want to sample this clip outside the Editor, add an Animator Component to this GameObject
Non-Legacy animations cannot be sampled outside the Editor without an Animator. If you want to sample this clip outside the Editor, add an Animator Component to this GameObject
Non-Legacy animations cannot be sampled outside the Editor without an Animator. If you want to sample this clip outside the Editor, add an Animator Component to this GameObject
Non-Legacy animations cannot be sampled outside the Editor without an Animator. If you want to sample this clip outside the Editor, add an Animator Component to this GameObject
Non-Legacy animations cannot be sampled outside the Editor without an Animator. If you want to sample this clip outside the Editor, add an Animator Component to this GameObject
Non-Legacy animations cannot be sampled outside the Editor without an Animator. If you want to sample this clip outside the Editor, add an Animator Component to this GameObject
Non-Legacy animations cannot be sampled outside the Editor without an Animator. If you want to sample this clip outside the Editor, add an Animator Component to this GameObject
Non-Legacy animations cannot be sampled outside the Editor without an Animator. If you want to sample this clip outside the Editor, add an Animator Component to this GameObject
Non-Legacy animations cannot be sampled outside the Editor without an Animator. If you want to sample this clip outside the Editor, add an Animator Component to this GameObject
Non-Legacy animations cannot be sampled outside the Editor without an Animator. If you want to sample this clip outside the Editor, add an Animator Component to this GameObject
Non-Legacy animations cannot be sampled outside the Editor without an Animator. If you want to sample this clip outside the Editor, add an Animator Component to this GameObject
Non-Legacy animations cannot be sampled outside the Editor without an Animator. If you want to sample this clip outside the Editor, add an Animator Component to this GameObject
Non-Legacy animations cannot be sampled outside the Editor without an Animator. If you want to sample this clip outside the Editor, add an Animator Component to this GameObject
Non-Legacy animations cannot be sampled outside the Editor without an Animator. If you want to sample this clip outside the Editor, add an Animator Component to this GameObject
Non-Legacy animations cannot be sampled outside the Editor without an Animator. If you want to sample this clip outside the Editor, add an Animator Component to this GameObject
Non-Legacy animations cannot be sampled outside the Editor without an Animator. If you want to sample this clip outside the Editor, add an Animator Component to this GameObject
Non-Legacy animations cannot be sampled outside the Editor without an Animator. If you want to sample this clip outside the Editor, add an Animator Component to this GameObject
Non-Legacy animations cannot be sampled outside the Editor without an Animator. If you want to sample this clip outside the Editor, add an Animator Component to this GameObject
Non-Legacy animations cannot be sampled outside the Editor without an Animator. If you want to sample this clip outside the Editor, add an Animator Component to this GameObject
Non-Legacy animations cannot be sampled outside the Editor without an Animator. If you want to sample this clip outside the Editor, add an Animator Component to this GameObject
Non-Legacy animations cannot be sampled outside the Editor without an Animator. If you want to sample this clip outside the Editor, add an Animator Component to this GameObject
Non-Legacy animations cannot be sampled outside the Editor without an Animator. If you want to sample this clip outside the Editor, add an Animator Component to this GameObject
Non-Legacy animations cannot be sampled outside the Editor without an Animator. If you want to sample this clip outside the Editor, add an Animator Component to this GameObject
Non-Legacy animations cannot be sampled outside the Editor without an Animator. If you want to sample this clip outside the Editor, add an Animator Component to this GameObject
Non-Legacy animations cannot be sampled outside the Editor without an Animator. If you want to sample this clip outside the Editor, add an Animator Component to this GameObject
Non-Legacy animations cannot be sampled outside the Editor without an Animator. If you want to sample this clip outside the Editor, add an Animator Component to this GameObject
Non-Legacy animations cannot be sampled outside the Editor without an Animator. If you want to sample this clip outside the Editor, add an Animator Component to this GameObject
Non-Legacy animations cannot be sampled outside the Editor without an Animator. If you want to sample this clip outside the Editor, add an Animator Component to this GameObject
Non-Legacy animations cannot be sampled outside the Editor without an Animator. If you want to sample this clip outside the Editor, add an Animator Component to this GameObject
Non-Legacy animations cannot be sampled outside the Editor without an Animator. If you want to sample this clip outside the Editor, add an Animator Component to this GameObject
Non-Legacy animations cannot be sampled outside the Editor without an Animator. If you want to sample this clip outside the Editor, add an Animator Component to this GameObject
Non-Legacy animations cannot be sampled outside the Editor without an Animator. If you want to sample this clip outside the Editor, add an Animator Component to this GameObject
Non-Legacy animations cannot be sampled outside the Editor without an Animator. If you want to sample this clip outside the Editor, add an Animator Component to this GameObject
Non-Legacy animations cannot be sampled outside the Editor without an Animator. If you want to sample this clip outside the Editor, add an Animator Component to this GameObject
Non-Legacy animations cannot be sampled outside the Editor without an Animator. If you want to sample this clip outside the Editor, add an Animator Component to this GameObject
Non-Legacy animations cannot be sampled outside the Editor without an Animator. If you want to sample this clip outside the Editor, add an Animator Component to this GameObject
Non-Legacy animations cannot be sampled outside the Editor without an Animator. If you want to sample this clip outside the Editor, add an Animator Component to this GameObject
Non-Legacy animations cannot be sampled outside the Editor without an Animator. If you want to sample this clip outside the Editor, add an Animator Component to this GameObject
Non-Legacy animations cannot be sampled outside the Editor without an Animator. If you want to sample this clip outside the Editor, add an Animator Component to this GameObject
Non-Legacy animations cannot be sampled outside the Editor without an Animator. If you want to sample this clip outside the Editor, add an Animator Component to this GameObject
Non-Legacy animations cannot be sampled outside the Editor without an Animator. If you want to sample this clip outside the Editor, add an Animator Component to this GameObject
Non-Legacy animations cannot be sampled outside the Editor without an Animator. If you want to sample this clip outside the Editor, add an Animator Component to this GameObject
Non-Legacy animations cannot be sampled outside the Editor without an Animator. If you want to sample this clip outside the Editor, add an Animator Component to this GameObject
Non-Legacy animations cannot be sampled outside the Editor without an Animator. If you want to sample this clip outside the Editor, add an Animator Component to this GameObject
Non-Legacy animations cannot be sampled outside the Editor without an Animator. If you want to sample this clip outside the Editor, add an Animator Component to this GameObject
Non-Legacy animations cannot be sampled outside the Editor without an Animator. If you want to sample this clip outside the Editor, add an Animator Component to this GameObject
Non-Legacy animations cannot be sampled outside the Editor without an Animator. If you want to sample this clip outside the Editor, add an Animator Component to this GameObject
Non-Legacy animations cannot be sampled outside the Editor without an Animator. If you want to sample this clip outside the Editor, add an Animator Component to this GameObject
Non-Legacy animations cannot be sampled outside the Editor without an Animator. If you want to sample this clip outside the Editor, add an Animator Component to this GameObject
Non-Legacy animations cannot be sampled outside the Editor without an Animator. If you want to sample this clip outside the Editor, add an Animator Component to this GameObject
Non-Legacy animations cannot be sampled outside the Editor without an Animator. If you want to sample this clip outside the Editor, add an Animator Component to this GameObject
Non-Legacy animations cannot be sampled outside the Editor without an Animator. If you want to sample this clip outside the Editor, add an Animator Component to this GameObject
Non-Legacy animations cannot be sampled outside the Editor without an Animator. If you want to sample this clip outside the Editor, add an Animator Component to this GameObject
Non-Legacy animations cannot be sampled outside the Editor without an Animator. If you want to sample this clip outside the Editor, add an Animator Component to this GameObject
Non-Legacy animations cannot be sampled outside the Editor without an Animator. If you want to sample this clip outside the Editor, add an Animator Component to this GameObject
Non-Legacy animations cannot be sampled outside the Editor without an Animator. If you want to sample this clip outside the Editor, add an Animator Component to this GameObject
Non-Legacy animations cannot be sampled outside the Editor without an Animator. If you want to sample this clip outside the Editor, add an Animator Component to this GameObject
Non-Legacy animations cannot be sampled outside the Editor without an Animator. If you want to sample this clip outside the Editor, add an Animator Component to this GameObject
Non-Legacy animations cannot be sampled outside the Editor without an Animator. If you want to sample this clip outside the Editor, add an Animator Component to this GameObject
Non-Legacy animations cannot be sampled outside the Editor without an Animator. If you want to sample this clip outside the Editor, add an Animator Component to this GameObject
Non-Legacy animations cannot be sampled outside the Editor without an Animator. If you want to sample this clip outside the Editor, add an Animator Component to this GameObject
Non-Legacy animations cannot be sampled outside the Editor without an Animator. If you want to sample this clip outside the Editor, add an Animator Component to this GameObject
Non-Legacy animations cannot be sampled outside the Editor without an Animator. If you want to sample this clip outside the Editor, add an Animator Component to this GameObject
Non-Legacy animations cannot be sampled outside the Editor without an Animator. If you want to sample this clip outside the Editor, add an Animator Component to this GameObject
Non-Legacy animations cannot be sampled outside the Editor without an Animator. If you want to sample this clip outside the Editor, add an Animator Component to this GameObject
Non-Legacy animations cannot be sampled outside the Editor without an Animator. If you want to sample this clip outside the Editor, add an Animator Component to this GameObject
Non-Legacy animations cannot be sampled outside the Editor without an Animator. If you want to sample this clip outside the Editor, add an Animator Component to this GameObject
Non-Legacy animations cannot be sampled outside the Editor without an Animator. If you want to sample this clip outside the Editor, add an Animator Component to this GameObject
Non-Legacy animations cannot be sampled outside the Editor without an Animator. If you want to sample this clip outside the Editor, add an Animator Component to this GameObject
Non-Legacy animations cannot be sampled outside the Editor without an Animator. If you want to sample this clip outside the Editor, add an Animator Component to this GameObject
Non-Legacy animations cannot be sampled outside the Editor without an Animator. If you want to sample this clip outside the Editor, add an Animator Component to this GameObject
Non-Legacy animations cannot be sampled outside the Editor without an Animator. If you want to sample this clip outside the Editor, add an Animator Component to this GameObject
Non-Legacy animations cannot be sampled outside the Editor without an Animator. If you want to sample this clip outside the Editor, add an Animator Component to this GameObject
Non-Legacy animations cannot be sampled outside the Editor without an Animator. If you want to sample this clip outside the Editor, add an Animator Component to this GameObject
Non-Legacy animations cannot be sampled outside the Editor without an Animator. If you want to sample this clip outside the Editor, add an Animator Component to this GameObject
Non-Legacy animations cannot be sampled outside the Editor without an Animator. If you want to sample this clip outside the Editor, add an Animator Component to this GameObject
Non-Legacy animations cannot be sampled outside the Editor without an Animator. If you want to sample this clip outside the Editor, add an Animator Component to this GameObject
Non-Legacy animations cannot be sampled outside the Editor without an Animator. If you want to sample this clip outside the Editor, add an Animator Component to this GameObject
Non-Legacy animations cannot be sampled outside the Editor without an Animator. If you want to sample this clip outside the Editor, add an Animator Component to this GameObject
Non-Legacy animations cannot be sampled outside the Editor without an Animator. If you want to sample this clip outside the Editor, add an Animator Component to this GameObject
Non-Legacy animations cannot be sampled outside the Editor without an Animator. If you want to sample this clip outside the Editor, add an Animator Component to this GameObject
Non-Legacy animations cannot be sampled outside the Editor without an Animator. If you want to sample this clip outside the Editor, add an Animator Component to this GameObject
Non-Legacy animations cannot be sampled outside the Editor without an Animator. If you want to sample this clip outside the Editor, add an Animator Component to this GameObject
Non-Legacy animations cannot be sampled outside the Editor without an Animator. If you want to sample this clip outside the Editor, add an Animator Component to this GameObject
Non-Legacy animations cannot be sampled outside the Editor without an Animator. If you want to sample this clip outside the Editor, add an Animator Component to this GameObject
Non-Legacy animations cannot be sampled outside the Editor without an Animator. If you want to sample this clip outside the Editor, add an Animator Component to this GameObject
Non-Legacy animations cannot be sampled outside the Editor without an Animator. If you want to sample this clip outside the Editor, add an Animator Component to this GameObject
Non-Legacy animations cannot be sampled outside the Editor without an Animator. If you want to sample this clip outside the Editor, add an Animator Component to this GameObject
Non-Legacy animations cannot be sampled outside the Editor without an Animator. If you want to sample this clip outside the Editor, add an Animator Component to this GameObject
Non-Legacy animations cannot be sampled outside the Editor without an Animator. If you want to sample this clip outside the Editor, add an Animator Component to this GameObject
Non-Legacy animations cannot be sampled outside the Editor without an Animator. If you want to sample this clip outside the Editor, add an Animator Component to this GameObject
Non-Legacy animations cannot be sampled outside the Editor without an Animator. If you want to sample this clip outside the Editor, add an Animator Component to this GameObject
Non-Legacy animations cannot be sampled outside the Editor without an Animator. If you want to sample this clip outside the Editor, add an Animator Component to this GameObject
Non-Legacy animations cannot be sampled outside the Editor without an Animator. If you want to sample this clip outside the Editor, add an Animator Component to this GameObject
Non-Legacy animations cannot be sampled outside the Editor without an Animator. If you want to sample this clip outside the Editor, add an Animator Component to this GameObject
Non-Legacy animations cannot be sampled outside the Editor without an Animator. If you want to sample this clip outside the Editor, add an Animator Component to this GameObject
Non-Legacy animations cannot be sampled outside the Editor without an Animator. If you want to sample this clip outside the Editor, add an Animator Component to this GameObject
Non-Legacy animations cannot be sampled outside the Editor without an Animator. If you want to sample this clip outside the Editor, add an Animator Component to this GameObject
Non-Legacy animations cannot be sampled outside the Editor without an Animator. If you want to sample this clip outside the Editor, add an Animator Component to this GameObject
Non-Legacy animations cannot be sampled outside the Editor without an Animator. If you want to sample this clip outside the Editor, add an Animator Component to this GameObject
Non-Legacy animations cannot be sampled outside the Editor without an Animator. If you want to sample this clip outside the Editor, add an Animator Component to this GameObject
Non-Legacy animations cannot be sampled outside the Editor without an Animator. If you want to sample this clip outside the Editor, add an Animator Component to this GameObject
Non-Legacy animations cannot be sampled outside the Editor without an Animator. If you want to sample this clip outside the Editor, add an Animator Component to this GameObject
Non-Legacy animations cannot be sampled outside the Editor without an Animator. If you want to sample this clip outside the Editor, add an Animator Component to this GameObject
Non-Legacy animations cannot be sampled outside the Editor without an Animator. If you want to sample this clip outside the Editor, add an Animator Component to this GameObject
Non-Legacy animations cannot be sampled outside the Editor without an Animator. If you want to sample this clip outside the Editor, add an Animator Component to this GameObject
Non-Legacy animations cannot be sampled outside the Editor without an Animator. If you want to sample this clip outside the Editor, add an Animator Component to this GameObject
Non-Legacy animations cannot be sampled outside the Editor without an Animator. If you want to sample this clip outside the Editor, add an Animator Component to this GameObject
Non-Legacy animations cannot be sampled outside the Editor without an Animator. If you want to sample this clip outside the Editor, add an Animator Component to this GameObject
Non-Legacy animations cannot be sampled outside the Editor without an Animator. If you want to sample this clip outside the Editor, add an Animator Component to this GameObject
Non-Legacy animations cannot be sampled outside the Editor without an Animator. If you want to sample this clip outside the Editor, add an Animator Component to this GameObject
Non-Legacy animations cannot be sampled outside the Editor without an Animator. If you want to sample this clip outside the Editor, add an Animator Component to this GameObject
Non-Legacy animations cannot be sampled outside the Editor without an Animator. If you want to sample this clip outside the Editor, add an Animator Component to this GameObject
Non-Legacy animations cannot be sampled outside the Editor without an Animator. If you want to sample this clip outside the Editor, add an Animator Component to this GameObject
Non-Legacy animations cannot be sampled outside the Editor without an Animator. If you want to sample this clip outside the Editor, add an Animator Component to this GameObject
Non-Legacy animations cannot be sampled outside the Editor without an Animator. If you want to sample this clip outside the Editor, add an Animator Component to this GameObject
Non-Legacy animations cannot be sampled outside the Editor without an Animator. If you want to sample this clip outside the Editor, add an Animator Component to this GameObject
Non-Legacy animations cannot be sampled outside the Editor without an Animator. If you want to sample this clip outside the Editor, add an Animator Component to this GameObject
Non-Legacy animations cannot be sampled outside the Editor without an Animator. If you want to sample this clip outside the Editor, add an Animator Component to this GameObject
Non-Legacy animations cannot be sampled outside the Editor without an Animator. If you want to sample this clip outside the Editor, add an Animator Component to this GameObject
Non-Legacy animations cannot be sampled outside the Editor without an Animator. If you want to sample this clip outside the Editor, add an Animator Component to this GameObject
Non-Legacy animations cannot be sampled outside the Editor without an Animator. If you want to sample this clip outside the Editor, add an Animator Component to this GameObject
Non-Legacy animations cannot be sampled outside the Editor without an Animator. If you want to sample this clip outside the Editor, add an Animator Component to this GameObject
Non-Legacy animations cannot be sampled outside the Editor without an Animator. If you want to sample this clip outside the Editor, add an Animator Component to this GameObject
Non-Legacy animations cannot be sampled outside the Editor without an Animator. If you want to sample this clip outside the Editor, add an Animator Component to this GameObject
Non-Legacy animations cannot be sampled outside the Editor without an Animator. If you want to sample this clip outside the Editor, add an Animator Component to this GameObject
Non-Legacy animations cannot be sampled outside the Editor without an Animator. If you want to sample this clip outside the Editor, add an Animator Component to this GameObject
Non-Legacy animations cannot be sampled outside the Editor without an Animator. If you want to sample this clip outside the Editor, add an Animator Component to this GameObject
Non-Legacy animations cannot be sampled outside the Editor without an Animator. If you want to sample this clip outside the Editor, add an Animator Component to this GameObject
Non-Legacy animations cannot be sampled outside the Editor without an Animator. If you want to sample this clip outside the Editor, add an Animator Component to this GameObject
Non-Legacy animations cannot be sampled outside the Editor without an Animator. If you want to sample this clip outside the Editor, add an Animator Component to this GameObject
Non-Legacy animations cannot be sampled outside the Editor without an Animator. If you want to sample this clip outside the Editor, add an Animator Component to this GameObject
Non-Legacy animations cannot be sampled outside the Editor without an Animator. If you want to sample this clip outside the Editor, add an Animator Component to this GameObject
Non-Legacy animations cannot be sampled outside the Editor without an Animator. If you want to sample this clip outside the Editor, add an Animator Component to this GameObject
Non-Legacy animations cannot be sampled outside the Editor without an Animator. If you want to sample this clip outside the Editor, add an Animator Component to this GameObject
Non-Legacy animations cannot be sampled outside the Editor without an Animator. If you want to sample this clip outside the Editor, add an Animator Component to this GameObject
Non-Legacy animations cannot be sampled outside the Editor without an Animator. If you want to sample this clip outside the Editor, add an Animator Component to this GameObject
Non-Legacy animations cannot be sampled outside the Editor without an Animator. If you want to sample this clip outside the Editor, add an Animator Component to this GameObject
Non-Legacy animations cannot be sampled outside the Editor without an Animator. If you want to sample this clip outside the Editor, add an Animator Component to this GameObject
Non-Legacy animations cannot be sampled outside the Editor without an Animator. If you want to sample this clip outside the Editor, add an Animator Component to this GameObject
Non-Legacy animations cannot be sampled outside the Editor without an Animator. If you want to sample this clip outside the Editor, add an Animator Component to this GameObject
Non-Legacy animations cannot be sampled outside the Editor without an Animator. If you want to sample this clip outside the Editor, add an Animator Component to this GameObject
Non-Legacy animations cannot be sampled outside the Editor without an Animator. If you want to sample this clip outside the Editor, add an Animator Component to this GameObject
Non-Legacy animations cannot be sampled outside the Editor without an Animator. If you want to sample this clip outside the Editor, add an Animator Component to this GameObject
Non-Legacy animations cannot be sampled outside the Editor without an Animator. If you want to sample this clip outside the Editor, add an Animator Component to this GameObject
Non-Legacy animations cannot be sampled outside the Editor without an Animator. If you want to sample this clip outside the Editor, add an Animator Component to this GameObject
Non-Legacy animations cannot be sampled outside the Editor without an Animator. If you want to sample this clip outside the Editor, add an Animator Component to this GameObject
Non-Legacy animations cannot be sampled outside the Editor without an Animator. If you want to sample this clip outside the Editor, add an Animator Component to this GameObject
Non-Legacy animations cannot be sampled outside the Editor without an Animator. If you want to sample this clip outside the Editor, add an Animator Component to this GameObject
Non-Legacy animations cannot be sampled outside the Editor without an Animator. If you want to sample this clip outside the Editor, add an Animator Component to this GameObject
Non-Legacy animations cannot be sampled outside the Editor without an Animator. If you want to sample this clip outside the Editor, add an Animator Component to this GameObject
Non-Legacy animations cannot be sampled outside the Editor without an Animator. If you want to sample this clip outside the Editor, add an Animator Component to this GameObject
Non-Legacy animations cannot be sampled outside the Editor without an Animator. If you want to sample this clip outside the Editor, add an Animator Component to this GameObject
Non-Legacy animations cannot be sampled outside the Editor without an Animator. If you want to sample this clip outside the Editor, add an Animator Component to this GameObject
Non-Legacy animations cannot be sampled outside the Editor without an Animator. If you want to sample this clip outside the Editor, add an Animator Component to this GameObject
Non-Legacy animations cannot be sampled outside the Editor without an Animator. If you want to sample this clip outside the Editor, add an Animator Component to this GameObject
Non-Legacy animations cannot be sampled outside the Editor without an Animator. If you want to sample this clip outside the Editor, add an Animator Component to this GameObject
Non-Legacy animations cannot be sampled outside the Editor without an Animator. If you want to sample this clip outside the Editor, add an Animator Component to this GameObject
Non-Legacy animations cannot be sampled outside the Editor without an Animator. If you want to sample this clip outside the Editor, add an Animator Component to this GameObject
Non-Legacy animations cannot be sampled outside the Editor without an Animator. If you want to sample this clip outside the Editor, add an Animator Component to this GameObject
Non-Legacy animations cannot be sampled outside the Editor without an Animator. If you want to sample this clip outside the Editor, add an Animator Component to this GameObject
Non-Legacy animations cannot be sampled outside the Editor without an Animator. If you want to sample this clip outside the Editor, add an Animator Component to this GameObject
Non-Legacy animations cannot be sampled outside the Editor without an Animator. If you want to sample this clip outside the Editor, add an Animator Component to this GameObject
Non-Legacy animations cannot be sampled outside the Editor without an Animator. If you want to sample this clip outside the Editor, add an Animator Component to this GameObject
Non-Legacy animations cannot be sampled outside the Editor without an Animator. If you want to sample this clip outside the Editor, add an Animator Component to this GameObject
Non-Legacy animations cannot be sampled outside the Editor without an Animator. If you want to sample this clip outside the Editor, add an Animator Component to this GameObject
Non-Legacy animations cannot be sampled outside the Editor without an Animator. If you want to sample this clip outside the Editor, add an Animator Component to this GameObject
Non-Legacy animations cannot be sampled outside the Editor without an Animator. If you want to sample this clip outside the Editor, add an Animator Component to this GameObject
Non-Legacy animations cannot be sampled outside the Editor without an Animator. If you want to sample this clip outside the Editor, add an Animator Component to this GameObject
Non-Legacy animations cannot be sampled outside the Editor without an Animator. If you want to sample this clip outside the Editor, add an Animator Component to this GameObject
Non-Legacy animations cannot be sampled outside the Editor without an Animator. If you want to sample this clip outside the Editor, add an Animator Component to this GameObject
Non-Legacy animations cannot be sampled outside the Editor without an Animator. If you want to sample this clip outside the Editor, add an Animator Component to this GameObject
Non-Legacy animations cannot be sampled outside the Editor without an Animator. If you want to sample this clip outside the Editor, add an Animator Component to this GameObject
Non-Legacy animations cannot be sampled outside the Editor without an Animator. If you want to sample this clip outside the Editor, add an Animator Component to this GameObject
Non-Legacy animations cannot be sampled outside the Editor without an Animator. If you want to sample this clip outside the Editor, add an Animator Component to this GameObject
Non-Legacy animations cannot be sampled outside the Editor without an Animator. If you want to sample this clip outside the Editor, add an Animator Component to this GameObject
Non-Legacy animations cannot be sampled outside the Editor without an Animator. If you want to sample this clip outside the Editor, add an Animator Component to this GameObject
Non-Legacy animations cannot be sampled outside the Editor without an Animator. If you want to sample this clip outside the Editor, add an Animator Component to this GameObject
Non-Legacy animations cannot be sampled outside the Editor without an Animator. If you want to sample this clip outside the Editor, add an Animator Component to this GameObject
Non-Legacy animations cannot be sampled outside the Editor without an Animator. If you want to sample this clip outside the Editor, add an Animator Component to this GameObject
Non-Legacy animations cannot be sampled outside the Editor without an Animator. If you want to sample this clip outside the Editor, add an Animator Component to this GameObject
Non-Legacy animations cannot be sampled outside the Editor without an Animator. If you want to sample this clip outside the Editor, add an Animator Component to this GameObject
Non-Legacy animations cannot be sampled outside the Editor without an Animator. If you want to sample this clip outside the Editor, add an Animator Component to this GameObject
Non-Legacy animations cannot be sampled outside the Editor without an Animator. If you want to sample this clip outside the Editor, add an Animator Component to this GameObject
Non-Legacy animations cannot be sampled outside the Editor without an Animator. If you want to sample this clip outside the Editor, add an Animator Component to this GameObject
Non-Legacy animations cannot be sampled outside the Editor without an Animator. If you want to sample this clip outside the Editor, add an Animator Component to this GameObject
Non-Legacy animations cannot be sampled outside the Editor without an Animator. If you want to sample this clip outside the Editor, add an Animator Component to this GameObject
Non-Legacy animations cannot be sampled outside the Editor without an Animator. If you want to sample this clip outside the Editor, add an Animator Component to this GameObject
Non-Legacy animations cannot be sampled outside the Editor without an Animator. If you want to sample this clip outside the Editor, add an Animator Component to this GameObject
Non-Legacy animations cannot be sampled outside the Editor without an Animator. If you want to sample this clip outside the Editor, add an Animator Component to this GameObject
Non-Legacy animations cannot be sampled outside the Editor without an Animator. If you want to sample this clip outside the Editor, add an Animator Component to this GameObject
Non-Legacy animations cannot be sampled outside the Editor without an Animator. If you want to sample this clip outside the Editor, add an Animator Component to this GameObject
Non-Legacy animations cannot be sampled outside the Editor without an Animator. If you want to sample this clip outside the Editor, add an Animator Component to this GameObject
Non-Legacy animations cannot be sampled outside the Editor without an Animator. If you want to sample this clip outside the Editor, add an Animator Component to this GameObject
Non-Legacy animations cannot be sampled outside the Editor without an Animator. If you want to sample this clip outside the Editor, add an Animator Component to this GameObject
Non-Legacy animations cannot be sampled outside the Editor without an Animator. If you want to sample this clip outside the Editor, add an Animator Component to this GameObject
Non-Legacy animations cannot be sampled outside the Editor without an Animator. If you want to sample this clip outside the Editor, add an Animator Component to this GameObject
Non-Legacy animations cannot be sampled outside the Editor without an Animator. If you want to sample this clip outside the Editor, add an Animator Component to this GameObject
Non-Legacy animations cannot be sampled outside the Editor without an Animator. If you want to sample this clip outside the Editor, add an Animator Component to this GameObject
Non-Legacy animations cannot be sampled outside the Editor without an Animator. If you want to sample this clip outside the Editor, add an Animator Component to this GameObject
Non-Legacy animations cannot be sampled outside the Editor without an Animator. If you want to sample this clip outside the Editor, add an Animator Component to this GameObject
Non-Legacy animations cannot be sampled outside the Editor without an Animator. If you want to sample this clip outside the Editor, add an Animator Component to this GameObject
Non-Legacy animations cannot be sampled outside the Editor without an Animator. If you want to sample this clip outside the Editor, add an Animator Component to this GameObject
Non-Legacy animations cannot be sampled outside the Editor without an Animator. If you want to sample this clip outside the Editor, add an Animator Component to this GameObject
Non-Legacy animations cannot be sampled outside the Editor without an Animator. If you want to sample this clip outside the Editor, add an Animator Component to this GameObject
Non-Legacy animations cannot be sampled outside the Editor without an Animator. If you want to sample this clip outside the Editor, add an Animator Component to this GameObject
Non-Legacy animations cannot be sampled outside the Editor without an Animator. If you want to sample this clip outside the Editor, add an Animator Component to this GameObject
Non-Legacy animations cannot be sampled outside the Editor without an Animator. If you want to sample this clip outside the Editor, add an Animator Component to this GameObject
Non-Legacy animations cannot be sampled outside the Editor without an Animator. If you want to sample this clip outside the Editor, add an Animator Component to this GameObject
Non-Legacy animations cannot be sampled outside the Editor without an Animator. If you want to sample this clip outside the Editor, add an Animator Component to this GameObject
Non-Legacy animations cannot be sampled outside the Editor without an Animator. If you want to sample this clip outside the Editor, add an Animator Component to this GameObject
Non-Legacy animations cannot be sampled outside the Editor without an Animator. If you want to sample this clip outside the Editor, add an Animator Component to this GameObject
Non-Legacy animations cannot be sampled outside the Editor without an Animator. If you want to sample this clip outside the Editor, add an Animator Component to this GameObject
Non-Legacy animations cannot be sampled outside the Editor without an Animator. If you want to sample this clip outside the Editor, add an Animator Component to this GameObject
Non-Legacy animations cannot be sampled outside the Editor without an Animator. If you want to sample this clip outside the Editor, add an Animator Component to this GameObject
Non-Legacy animations cannot be sampled outside the Editor without an Animator. If you want to sample this clip outside the Editor, add an Animator Component to this GameObject
Non-Legacy animations cannot be sampled outside the Editor without an Animator. If you want to sample this clip outside the Editor, add an Animator Component to this GameObject
Non-Legacy animations cannot be sampled outside the Editor without an Animator. If you want to sample this clip outside the Editor, add an Animator Component to this GameObject
Non-Legacy animations cannot be sampled outside the Editor without an Animator. If you want to sample this clip outside the Editor, add an Animator Component to this GameObject
Non-Legacy animations cannot be sampled outside the Editor without an Animator. If you want to sample this clip outside the Editor, add an Animator Component to this GameObject
Non-Legacy animations cannot be sampled outside the Editor without an Animator. If you want to sample this clip outside the Editor, add an Animator Component to this GameObject
Non-Legacy animations cannot be sampled outside the Editor without an Animator. If you want to sample this clip outside the Editor, add an Animator Component to this GameObject
Non-Legacy animations cannot be sampled outside the Editor without an Animator. If you want to sample this clip outside the Editor, add an Animator Component to this GameObject
Non-Legacy animations cannot be sampled outside the Editor without an Animator. If you want to sample this clip outside the Editor, add an Animator Component to this GameObject
Non-Legacy animations cannot be sampled outside the Editor without an Animator. If you want to sample this clip outside the Editor, add an Animator Component to this GameObject
Non-Legacy animations cannot be sampled outside the Editor without an Animator. If you want to sample this clip outside the Editor, add an Animator Component to this GameObject
Non-Legacy animations cannot be sampled outside the Editor without an Animator. If you want to sample this clip outside the Editor, add an Animator Component to this GameObject
Non-Legacy animations cannot be sampled outside the Editor without an Animator. If you want to sample this clip outside the Editor, add an Animator Component to this GameObject
Non-Legacy animations cannot be sampled outside the Editor without an Animator. If you want to sample this clip outside the Editor, add an Animator Component to this GameObject
Non-Legacy animations cannot be sampled outside the Editor without an Animator. If you want to sample this clip outside the Editor, add an Animator Component to this GameObject
Non-Legacy animations cannot be sampled outside the Editor without an Animator. If you want to sample this clip outside the Editor, add an Animator Component to this GameObject
Non-Legacy animations cannot be sampled outside the Editor without an Animator. If you want to sample this clip outside the Editor, add an Animator Component to this GameObject
Non-Legacy animations cannot be sampled outside the Editor without an Animator. If you want to sample this clip outside the Editor, add an Animator Component to this GameObject
Non-Legacy animations cannot be sampled outside the Editor without an Animator. If you want to sample this clip outside the Editor, add an Animator Component to this GameObject
Non-Legacy animations cannot be sampled outside the Editor without an Animator. If you want to sample this clip outside the Editor, add an Animator Component to this GameObject
Non-Legacy animations cannot be sampled outside the Editor without an Animator. If you want to sample this clip outside the Editor, add an Animator Component to this GameObject
Non-Legacy animations cannot be sampled outside the Editor without an Animator. If you want to sample this clip outside the Editor, add an Animator Component to this GameObject
Non-Legacy animations cannot be sampled outside the Editor without an Animator. If you want to sample this clip outside the Editor, add an Animator Component to this GameObject
Non-Legacy animations cannot be sampled outside the Editor without an Animator. If you want to sample this clip outside the Editor, add an Animator Component to this GameObject
Non-Legacy animations cannot be sampled outside the Editor without an Animator. If you want to sample this clip outside the Editor, add an Animator Component to this GameObject
Non-Legacy animations cannot be sampled outside the Editor without an Animator. If you want to sample this clip outside the Editor, add an Animator Component to this GameObject
Non-Legacy animations cannot be sampled outside the Editor without an Animator. If you want to sample this clip outside the Editor, add an Animator Component to this GameObject
Non-Legacy animations cannot be sampled outside the Editor without an Animator. If you want to sample this clip outside the Editor, add an Animator Component to this GameObject
Non-Legacy animations cannot be sampled outside the Editor without an Animator. If you want to sample this clip outside the Editor, add an Animator Component to this GameObject
Non-Legacy animations cannot be sampled outside the Editor without an Animator. If you want to sample this clip outside the Editor, add an Animator Component to this GameObject
Non-Legacy animations cannot be sampled outside the Editor without an Animator. If you want to sample this clip outside the Editor, add an Animator Component to this GameObject
Non-Legacy animations cannot be sampled outside the Editor without an Animator. If you want to sample this clip outside the Editor, add an Animator Component to this GameObject
Non-Legacy animations cannot be sampled outside the Editor without an Animator. If you want to sample this clip outside the Editor, add an Animator Component to this GameObject
Non-Legacy animations cannot be sampled outside the Editor without an Animator. If you want to sample this clip outside the Editor, add an Animator Component to this GameObject
Non-Legacy animations cannot be sampled outside the Editor without an Animator. If you want to sample this clip outside the Editor, add an Animator Component to this GameObject
[LocalReplay] Invalid recorded object
[OwnerUiReview] paete-3-prepare-2
[OwnerUiReview] paete-paete_ultimate-cast-2
Non-Legacy animations cannot be sampled outside the Editor without an Animator. If you want to sample this clip outside the Editor, add an Animator Component to this GameObject
Non-Legacy animations cannot be sampled outside the Editor without an Animator. If you want to sample this clip outside the Editor, add an Animator Component to this GameObject
Non-Legacy animations cannot be sampled outside the Editor without an Animator. If you want to sample this clip outside the Editor, add an Animator Component to this GameObject
Non-Legacy animations cannot be sampled outside the Editor without an Animator. If you want to sample this clip outside the Editor, add an Animator Component to this GameObject
Non-Legacy animations cannot be sampled outside the Editor without an Animator. If you want to sample this clip outside the Editor, add an Animator Component to this GameObject
Non-Legacy animations cannot be sampled outside the Editor without an Animator. If you want to sample this clip outside the Editor, add an Animator Component to this GameObject
Non-Legacy animations cannot be sampled outside the Editor without an Animator. If you want to sample this clip outside the Editor, add an Animator Component to this GameObject
Non-Legacy animations cannot be sampled outside the Editor without an Animator. If you want to sample this clip outside the Editor, add an Animator Component to this GameObject
Non-Legacy animations cannot be sampled outside the Editor without an Animator. If you want to sample this clip outside the Editor, add an Animator Component to this GameObject
Non-Legacy animations cannot be sampled outside the Editor without an Animator. If you want to sample this clip outside the Editor, add an Animator Component to this GameObject
Non-Legacy animations cannot be sampled outside the Editor without an Animator. If you want to sample this clip outside the Editor, add an Animator Component to this GameObject
Non-Legacy animations cannot be sampled outside the Editor without an Animator. If you want to sample this clip outside the Editor, add an Animator Component to this GameObject
Non-Legacy animations cannot be sampled outside the Editor without an Animator. If you want to sample this clip outside the Editor, add an Animator Component to this GameObject
Non-Legacy animations cannot be sampled outside the Editor without an Animator. If you want to sample this clip outside the Editor, add an Animator Component to this GameObject
Non-Legacy animations cannot be sampled outside the Editor without an Animator. If you want to sample this clip outside the Editor, add an Animator Component to this GameObject
Non-Legacy animations cannot be sampled outside the Editor without an Animator. If you want to sample this clip outside the Editor, add an Animator Component to this GameObject
Non-Legacy animations cannot be sampled outside the Editor without an Animator. If you want to sample this clip outside the Editor, add an Animator Component to this GameObject
Non-Legacy animations cannot be sampled outside the Editor without an Animator. If you want to sample this clip outside the Editor, add an Animator Component to this GameObject
Non-Legacy animations cannot be sampled outside the Editor without an Animator. If you want to sample this clip outside the Editor, add an Animator Component to this GameObject
Non-Legacy animations cannot be sampled outside the Editor without an Animator. If you want to sample this clip outside the Editor, add an Animator Component to this GameObject
Non-Legacy animations cannot be sampled outside the Editor without an Animator. If you want to sample this clip outside the Editor, add an Animator Component to this GameObject
Non-Legacy animations cannot be sampled outside the Editor without an Animator. If you want to sample this clip outside the Editor, add an Animator Component to this GameObject
Non-Legacy animations cannot be sampled outside the Editor without an Animator. If you want to sample this clip outside the Editor, add an Animator Component to this GameObject
Non-Legacy animations cannot be sampled outside the Editor without an Animator. If you want to sample this clip outside the Editor, add an Animator Component to this GameObject
Non-Legacy animations cannot be sampled outside the Editor without an Animator. If you want to sample this clip outside the Editor, add an Animator Component to this GameObject
Non-Legacy animations cannot be sampled outside the Editor without an Animator. If you want to sample this clip outside the Editor, add an Animator Component to this GameObject
Non-Legacy animations cannot be sampled outside the Editor without an Animator. If you want to sample this clip outside the Editor, add an Animator Component to this GameObject
Non-Legacy animations cannot be sampled outside the Editor without an Animator. If you want to sample this clip outside the Editor, add an Animator Component to this GameObject
Non-Legacy animations cannot be sampled outside the Editor without an Animator. If you want to sample this clip outside the Editor, add an Animator Component to this GameObject
Non-Legacy animations cannot be sampled outside the Editor without an Animator. If you want to sample this clip outside the Editor, add an Animator Component to this GameObject
Non-Legacy animations cannot be sampled outside the Editor without an Animator. If you want to sample this clip outside the Editor, add an Animator Component to this GameObject
Non-Legacy animations cannot be sampled outside the Editor without an Animator. If you want to sample this clip outside the Editor, add an Animator Component to this GameObject
Non-Legacy animations cannot be sampled outside the Editor without an Animator. If you want to sample this clip outside the Editor, add an Animator Component to this GameObject
Non-Legacy animations cannot be sampled outside the Editor without an Animator. If you want to sample this clip outside the Editor, add an Animator Component to this GameObject
Non-Legacy animations cannot be sampled outside the Editor without an Animator. If you want to sample this clip outside the Editor, add an Animator Component to this GameObject
Non-Legacy animations cannot be sampled outside the Editor without an Animator. If you want to sample this clip outside the Editor, add an Animator Component to this GameObject
Non-Legacy animations cannot be sampled outside the Editor without an Animator. If you want to sample this clip outside the Editor, add an Animator Component to this GameObject
Non-Legacy animations cannot be sampled outside the Editor without an Animator. If you want to sample this clip outside the Editor, add an Animator Component to this GameObject
Non-Legacy animations cannot be sampled outside the Editor without an Animator. If you want to sample this clip outside the Editor, add an Animator Component to this GameObject
Non-Legacy animations cannot be sampled outside the Editor without an Animator. If you want to sample this clip outside the Editor, add an Animator Component to this GameObject
Non-Legacy animations cannot be sampled outside the Editor without an Animator. If you want to sample this clip outside the Editor, add an Animator Component to this GameObject
Non-Legacy animations cannot be sampled outside the Editor without an Animator. If you want to sample this clip outside the Editor, add an Animator Component to this GameObject
Non-Legacy animations cannot be sampled outside the Editor without an Animator. If you want to sample this clip outside the Editor, add an Animator Component to this GameObject
Non-Legacy animations cannot be sampled outside the Editor without an Animator. If you want to sample this clip outside the Editor, add an Animator Component to this GameObject
Non-Legacy animations cannot be sampled outside the Editor without an Animator. If you want to sample this clip outside the Editor, add an Animator Component to this GameObject
Non-Legacy animations cannot be sampled outside the Editor without an Animator. If you want to sample this clip outside the Editor, add an Animator Component to this GameObject
Non-Legacy animations cannot be sampled outside the Editor without an Animator. If you want to sample this clip outside the Editor, add an Animator Component to this GameObject
Non-Legacy animations cannot be sampled outside the Editor without an Animator. If you want to sample this clip outside the Editor, add an Animator Component to this GameObject
Non-Legacy animations cannot be sampled outside the Editor without an Animator. If you want to sample this clip outside the Editor, add an Animator Component to this GameObject
Non-Legacy animations cannot be sampled outside the Editor without an Animator. If you want to sample this clip outside the Editor, add an Animator Component to this GameObject
Non-Legacy animations cannot be sampled outside the Editor without an Animator. If you want to sample this clip outside the Editor, add an Animator Component to this GameObject
Non-Legacy animations cannot be sampled outside the Editor without an Animator. If you want to sample this clip outside the Editor, add an Animator Component to this GameObject
Non-Legacy animations cannot be sampled outside the Editor without an Animator. If you want to sample this clip outside the Editor, add an Animator Component to this GameObject
Non-Legacy animations cannot be sampled outside the Editor without an Animator. If you want to sample this clip outside the Editor, add an Animator Component to this GameObject
Non-Legacy animations cannot be sampled outside the Editor without an Animator. If you want to sample this clip outside the Editor, add an Animator Component to this GameObject
Non-Legacy animations cannot be sampled outside the Editor without an Animator. If you want to sample this clip outside the Editor, add an Animator Component to this GameObject
Non-Legacy animations cannot be sampled outside the Editor without an Animator. If you want to sample this clip outside the Editor, add an Animator Component to this GameObject
Non-Legacy animations cannot be sampled outside the Editor without an Animator. If you want to sample this clip outside the Editor, add an Animator Component to this GameObject
Non-Legacy animations cannot be sampled outside the Editor without an Animator. If you want to sample this clip outside the Editor, add an Animator Component to this GameObject
Non-Legacy animations cannot be sampled outside the Editor without an Animator. If you want to sample this clip outside the Editor, add an Animator Component to this GameObject
Non-Legacy animations cannot be sampled outside the Editor without an Animator. If you want to sample this clip outside the Editor, add an Animator Component to this GameObject
Non-Legacy animations cannot be sampled outside the Editor without an Animator. If you want to sample this clip outside the Editor, add an Animator Component to this GameObject
Non-Legacy animations cannot be sampled outside the Editor without an Animator. If you want to sample this clip outside the Editor, add an Animator Component to this GameObject
Non-Legacy animations cannot be sampled outside the Editor without an Animator. If you want to sample this clip outside the Editor, add an Animator Component to this GameObject
Non-Legacy animations cannot be sampled outside the Editor without an Animator. If you want to sample this clip outside the Editor, add an Animator Component to this GameObject
Non-Legacy animations cannot be sampled outside the Editor without an Animator. If you want to sample this clip outside the Editor, add an Animator Component to this GameObject
Non-Legacy animations cannot be sampled outside the Editor without an Animator. If you want to sample this clip outside the Editor, add an Animator Component to this GameObject
Non-Legacy animations cannot be sampled outside the Editor without an Animator. If you want to sample this clip outside the Editor, add an Animator Component to this GameObject
Non-Legacy animations cannot be sampled outside the Editor without an Animator. If you want to sample this clip outside the Editor, add an Animator Component to this GameObject
Non-Legacy animations cannot be sampled outside the Editor without an Animator. If you want to sample this clip outside the Editor, add an Animator Component to this GameObject
Non-Legacy animations cannot be sampled outside the Editor without an Animator. If you want to sample this clip outside the Editor, add an Animator Component to this GameObject
Non-Legacy animations cannot be sampled outside the Editor without an Animator. If you want to sample this clip outside the Editor, add an Animator Component to this GameObject
Non-Legacy animations cannot be sampled outside the Editor without an Animator. If you want to sample this clip outside the Editor, add an Animator Component to this GameObject
Non-Legacy animations cannot be sampled outside the Editor without an Animator. If you want to sample this clip outside the Editor, add an Animator Component to this GameObject
Non-Legacy animations cannot be sampled outside the Editor without an Animator. If you want to sample this clip outside the Editor, add an Animator Component to this GameObject
Non-Legacy animations cannot be sampled outside the Editor without an Animator. If you want to sample this clip outside the Editor, add an Animator Component to this GameObject
Non-Legacy animations cannot be sampled outside the Editor without an Animator. If you want to sample this clip outside the Editor, add an Animator Component to this GameObject
Non-Legacy animations cannot be sampled outside the Editor without an Animator. If you want to sample this clip outside the Editor, add an Animator Component to this GameObject
Non-Legacy animations cannot be sampled outside the Editor without an Animator. If you want to sample this clip outside the Editor, add an Animator Component to this GameObject
Non-Legacy animations cannot be sampled outside the Editor without an Animator. If you want to sample this clip outside the Editor, add an Animator Component to this GameObject
Non-Legacy animations cannot be sampled outside the Editor without an Animator. If you want to sample this clip outside the Editor, add an Animator Component to this GameObject
Non-Legacy animations cannot be sampled outside the Editor without an Animator. If you want to sample this clip outside the Editor, add an Animator Component to this GameObject
Non-Legacy animations cannot be sampled outside the Editor without an Animator. If you want to sample this clip outside the Editor, add an Animator Component to this GameObject
Non-Legacy animations cannot be sampled outside the Editor without an Animator. If you want to sample this clip outside the Editor, add an Animator Component to this GameObject
Non-Legacy animations cannot be sampled outside the Editor without an Animator. If you want to sample this clip outside the Editor, add an Animator Component to this GameObject
Non-Legacy animations cannot be sampled outside the Editor without an Animator. If you want to sample this clip outside the Editor, add an Animator Component to this GameObject
Non-Legacy animations cannot be sampled outside the Editor without an Animator. If you want to sample this clip outside the Editor, add an Animator Component to this GameObject
Non-Legacy animations cannot be sampled outside the Editor without an Animator. If you want to sample this clip outside the Editor, add an Animator Component to this GameObject
Non-Legacy animations cannot be sampled outside the Editor without an Animator. If you want to sample this clip outside the Editor, add an Animator Component to this GameObject
Non-Legacy animations cannot be sampled outside the Editor without an Animator. If you want to sample this clip outside the Editor, add an Animator Component to this GameObject
Non-Legacy animations cannot be sampled outside the Editor without an Animator. If you want to sample this clip outside the Editor, add an Animator Component to this GameObject
Non-Legacy animations cannot be sampled outside the Editor without an Animator. If you want to sample this clip outside the Editor, add an Animator Component to this GameObject
Non-Legacy animations cannot be sampled outside the Editor without an Animator. If you want to sample this clip outside the Editor, add an Animator Component to this GameObject
Non-Legacy animations cannot be sampled outside the Editor without an Animator. If you want to sample this clip outside the Editor, add an Animator Component to this GameObject
Non-Legacy animations cannot be sampled outside the Editor without an Animator. If you want to sample this clip outside the Editor, add an Animator Component to this GameObject
Non-Legacy animations cannot be sampled outside the Editor without an Animator. If you want to sample this clip outside the Editor, add an Animator Component to this GameObject
Non-Legacy animations cannot be sampled outside the Editor without an Animator. If you want to sample this clip outside the Editor, add an Animator Component to this GameObject
Non-Legacy animations cannot be sampled outside the Editor without an Animator. If you want to sample this clip outside the Editor, add an Animator Component to this GameObject
Non-Legacy animations cannot be sampled outside the Editor without an Animator. If you want to sample this clip outside the Editor, add an Animator Component to this GameObject
Non-Legacy animations cannot be sampled outside the Editor without an Animator. If you want to sample this clip outside the Editor, add an Animator Component to this GameObject
Non-Legacy animations cannot be sampled outside the Editor without an Animator. If you want to sample this clip outside the Editor, add an Animator Component to this GameObject
Non-Legacy animations cannot be sampled outside the Editor without an Animator. If you want to sample this clip outside the Editor, add an Animator Component to this GameObject
Non-Legacy animations cannot be sampled outside the Editor without an Animator. If you want to sample this clip outside the Editor, add an Animator Component to this GameObject
Non-Legacy animations cannot be sampled outside the Editor without an Animator. If you want to sample this clip outside the Editor, add an Animator Component to this GameObject
Non-Legacy animations cannot be sampled outside the Editor without an Animator. If you want to sample this clip outside the Editor, add an Animator Component to this GameObject
Non-Legacy animations cannot be sampled outside the Editor without an Animator. If you want to sample this clip outside the Editor, add an Animator Component to this GameObject
Non-Legacy animations cannot be sampled outside the Editor without an Animator. If you want to sample this clip outside the Editor, add an Animator Component to this GameObject
Non-Legacy animations cannot be sampled outside the Editor without an Animator. If you want to sample this clip outside the Editor, add an Animator Component to this GameObject
Non-Legacy animations cannot be sampled outside the Editor without an Animator. If you want to sample this clip outside the Editor, add an Animator Component to this GameObject
Non-Legacy animations cannot be sampled outside the Editor without an Animator. If you want to sample this clip outside the Editor, add an Animator Component to this GameObject
Non-Legacy animations cannot be sampled outside the Editor without an Animator. If you want to sample this clip outside the Editor, add an Animator Component to this GameObject
Non-Legacy animations cannot be sampled outside the Editor without an Animator. If you want to sample this clip outside the Editor, add an Animator Component to this GameObject
Non-Legacy animations cannot be sampled outside the Editor without an Animator. If you want to sample this clip outside the Editor, add an Animator Component to this GameObject
Non-Legacy animations cannot be sampled outside the Editor without an Animator. If you want to sample this clip outside the Editor, add an Animator Component to this GameObject
Non-Legacy animations cannot be sampled outside the Editor without an Animator. If you want to sample this clip outside the Editor, add an Animator Component to this GameObject
Non-Legacy animations cannot be sampled outside the Editor without an Animator. If you want to sample this clip outside the Editor, add an Animator Component to this GameObject
Non-Legacy animations cannot be sampled outside the Editor without an Animator. If you want to sample this clip outside the Editor, add an Animator Component to this GameObject
Non-Legacy animations cannot be sampled outside the Editor without an Animator. If you want to sample this clip outside the Editor, add an Animator Component to this GameObject
Non-Legacy animations cannot be sampled outside the Editor without an Animator. If you want to sample this clip outside the Editor, add an Animator Component to this GameObject
Non-Legacy animations cannot be sampled outside the Editor without an Animator. If you want to sample this clip outside the Editor, add an Animator Component to this GameObject
Non-Legacy animations cannot be sampled outside the Editor without an Animator. If you want to sample this clip outside the Editor, add an Animator Component to this GameObject
Non-Legacy animations cannot be sampled outside the Editor without an Animator. If you want to sample this clip outside the Editor, add an Animator Component to this GameObject
Non-Legacy animations cannot be sampled outside the Editor without an Animator. If you want to sample this clip outside the Editor, add an Animator Component to this GameObject
Non-Legacy animations cannot be sampled outside the Editor without an Animator. If you want to sample this clip outside the Editor, add an Animator Component to this GameObject
Non-Legacy animations cannot be sampled outside the Editor without an Animator. If you want to sample this clip outside the Editor, add an Animator Component to this GameObject
Non-Legacy animations cannot be sampled outside the Editor without an Animator. If you want to sample this clip outside the Editor, add an Animator Component to this GameObject
Non-Legacy animations cannot be sampled outside the Editor without an Animator. If you want to sample this clip outside the Editor, add an Animator Component to this GameObject
Non-Legacy animations cannot be sampled outside the Editor without an Animator. If you want to sample this clip outside the Editor, add an Animator Component to this GameObject
Non-Legacy animations cannot be sampled outside the Editor without an Animator. If you want to sample this clip outside the Editor, add an Animator Component to this GameObject
Non-Legacy animations cannot be sampled outside the Editor without an Animator. If you want to sample this clip outside the Editor, add an Animator Component to this GameObject
Non-Legacy animations cannot be sampled outside the Editor without an Animator. If you want to sample this clip outside the Editor, add an Animator Component to this GameObject
Non-Legacy animations cannot be sampled outside the Editor without an Animator. If you want to sample this clip outside the Editor, add an Animator Component to this GameObject
Non-Legacy animations cannot be sampled outside the Editor without an Animator. If you want to sample this clip outside the Editor, add an Animator Component to this GameObject
Non-Legacy animations cannot be sampled outside the Editor without an Animator. If you want to sample this clip outside the Editor, add an Animator Component to this GameObject
Non-Legacy animations cannot be sampled outside the Editor without an Animator. If you want to sample this clip outside the Editor, add an Animator Component to this GameObject
Non-Legacy animations cannot be sampled outside the Editor without an Animator. If you want to sample this clip outside the Editor, add an Animator Component to this GameObject
Non-Legacy animations cannot be sampled outside the Editor without an Animator. If you want to sample this clip outside the Editor, add an Animator Component to this GameObject
Non-Legacy animations cannot be sampled outside the Editor without an Animator. If you want to sample this clip outside the Editor, add an Animator Component to this GameObject
Non-Legacy animations cannot be sampled outside the Editor without an Animator. If you want to sample this clip outside the Editor, add an Animator Component to this GameObject
Non-Legacy animations cannot be sampled outside the Editor without an Animator. If you want to sample this clip outside the Editor, add an Animator Component to this GameObject
Non-Legacy animations cannot be sampled outside the Editor without an Animator. If you want to sample this clip outside the Editor, add an Animator Component to this GameObject
Non-Legacy animations cannot be sampled outside the Editor without an Animator. If you want to sample this clip outside the Editor, add an Animator Component to this GameObject
Non-Legacy animations cannot be sampled outside the Editor without an Animator. If you want to sample this clip outside the Editor, add an Animator Component to this GameObject
Non-Legacy animations cannot be sampled outside the Editor without an Animator. If you want to sample this clip outside the Editor, add an Animator Component to this GameObject
Non-Legacy animations cannot be sampled outside the Editor without an Animator. If you want to sample this clip outside the Editor, add an Animator Component to this GameObject
Non-Legacy animations cannot be sampled outside the Editor without an Animator. If you want to sample this clip outside the Editor, add an Animator Component to this GameObject
Non-Legacy animations cannot be sampled outside the Editor without an Animator. If you want to sample this clip outside the Editor, add an Animator Component to this GameObject
Non-Legacy animations cannot be sampled outside the Editor without an Animator. If you want to sample this clip outside the Editor, add an Animator Component to this GameObject
Non-Legacy animations cannot be sampled outside the Editor without an Animator. If you want to sample this clip outside the Editor, add an Animator Component to this GameObject
Non-Legacy animations cannot be sampled outside the Editor without an Animator. If you want to sample this clip outside the Editor, add an Animator Component to this GameObject
Non-Legacy animations cannot be sampled outside the Editor without an Animator. If you want to sample this clip outside the Editor, add an Animator Component to this GameObject
Non-Legacy animations cannot be sampled outside the Editor without an Animator. If you want to sample this clip outside the Editor, add an Animator Component to this GameObject
Non-Legacy animations cannot be sampled outside the Editor without an Animator. If you want to sample this clip outside the Editor, add an Animator Component to this GameObject
Non-Legacy animations cannot be sampled outside the Editor without an Animator. If you want to sample this clip outside the Editor, add an Animator Component to this GameObject
Non-Legacy animations cannot be sampled outside the Editor without an Animator. If you want to sample this clip outside the Editor, add an Animator Component to this GameObject
Non-Legacy animations cannot be sampled outside the Editor without an Animator. If you want to sample this clip outside the Editor, add an Animator Component to this GameObject
Non-Legacy animations cannot be sampled outside the Editor without an Animator. If you want to sample this clip outside the Editor, add an Animator Component to this GameObject
Non-Legacy animations cannot be sampled outside the Editor without an Animator. If you want to sample this clip outside the Editor, add an Animator Component to this GameObject
Non-Legacy animations cannot be sampled outside the Editor without an Animator. If you want to sample this clip outside the Editor, add an Animator Component to this GameObject
Non-Legacy animations cannot be sampled outside the Editor without an Animator. If you want to sample this clip outside the Editor, add an Animator Component to this GameObject
Non-Legacy animations cannot be sampled outside the Editor without an Animator. If you want to sample this clip outside the Editor, add an Animator Component to this GameObject
Non-Legacy animations cannot be sampled outside the Editor without an Animator. If you want to sample this clip outside the Editor, add an Animator Component to this GameObject
Non-Legacy animations cannot be sampled outside the Editor without an Animator. If you want to sample this clip outside the Editor, add an Animator Component to this GameObject
Non-Legacy animations cannot be sampled outside the Editor without an Animator. If you want to sample this clip outside the Editor, add an Animator Component to this GameObject
Non-Legacy animations cannot be sampled outside the Editor without an Animator. If you want to sample this clip outside the Editor, add an Animator Component to this GameObject
Non-Legacy animations cannot be sampled outside the Editor without an Animator. If you want to sample this clip outside the Editor, add an Animator Component to this GameObject
Non-Legacy animations cannot be sampled outside the Editor without an Animator. If you want to sample this clip outside the Editor, add an Animator Component to this GameObject
Non-Legacy animations cannot be sampled outside the Editor without an Animator. If you want to sample this clip outside the Editor, add an Animator Component to this GameObject
Non-Legacy animations cannot be sampled outside the Editor without an Animator. If you want to sample this clip outside the Editor, add an Animator Component to this GameObject
Non-Legacy animations cannot be sampled outside the Editor without an Animator. If you want to sample this clip outside the Editor, add an Animator Component to this GameObject
Non-Legacy animations cannot be sampled outside the Editor without an Animator. If you want to sample this clip outside the Editor, add an Animator Component to this GameObject
Non-Legacy animations cannot be sampled outside the Editor without an Animator. If you want to sample this clip outside the Editor, add an Animator Component to this GameObject
Non-Legacy animations cannot be sampled outside the Editor without an Animator. If you want to sample this clip outside the Editor, add an Animator Component to this GameObject
Non-Legacy animations cannot be sampled outside the Editor without an Animator. If you want to sample this clip outside the Editor, add an Animator Component to this GameObject
Non-Legacy animations cannot be sampled outside the Editor without an Animator. If you want to sample this clip outside the Editor, add an Animator Component to this GameObject
Non-Legacy animations cannot be sampled outside the Editor without an Animator. If you want to sample this clip outside the Editor, add an Animator Component to this GameObject
Non-Legacy animations cannot be sampled outside the Editor without an Animator. If you want to sample this clip outside the Editor, add an Animator Component to this GameObject
Non-Legacy animations cannot be sampled outside the Editor without an Animator. If you want to sample this clip outside the Editor, add an Animator Component to this GameObject
Non-Legacy animations cannot be sampled outside the Editor without an Animator. If you want to sample this clip outside the Editor, add an Animator Component to this GameObject
Non-Legacy animations cannot be sampled outside the Editor without an Animator. If you want to sample this clip outside the Editor, add an Animator Component to this GameObject
Non-Legacy animations cannot be sampled outside the Editor without an Animator. If you want to sample this clip outside the Editor, add an Animator Component to this GameObject
Non-Legacy animations cannot be sampled outside the Editor without an Animator. If you want to sample this clip outside the Editor, add an Animator Component to this GameObject
Non-Legacy animations cannot be sampled outside the Editor without an Animator. If you want to sample this clip outside the Editor, add an Animator Component to this GameObject
Non-Legacy animations cannot be sampled outside the Editor without an Animator. If you want to sample this clip outside the Editor, add an Animator Component to this GameObject
Non-Legacy animations cannot be sampled outside the Editor without an Animator. If you want to sample this clip outside the Editor, add an Animator Component to this GameObject
Non-Legacy animations cannot be sampled outside the Editor without an Animator. If you want to sample this clip outside the Editor, add an Animator Component to this GameObject
Non-Legacy animations cannot be sampled outside the Editor without an Animator. If you want to sample this clip outside the Editor, add an Animator Component to this GameObject
Non-Legacy animations cannot be sampled outside the Editor without an Animator. If you want to sample this clip outside the Editor, add an Animator Component to this GameObject
Non-Legacy animations cannot be sampled outside the Editor without an Animator. If you want to sample this clip outside the Editor, add an Animator Component to this GameObject
Non-Legacy animations cannot be sampled outside the Editor without an Animator. If you want to sample this clip outside the Editor, add an Animator Component to this GameObject
Non-Legacy animations cannot be sampled outside the Editor without an Animator. If you want to sample this clip outside the Editor, add an Animator Component to this GameObject
Non-Legacy animations cannot be sampled outside the Editor without an Animator. If you want to sample this clip outside the Editor, add an Animator Component to this GameObject
Non-Legacy animations cannot be sampled outside the Editor without an Animator. If you want to sample this clip outside the Editor, add an Animator Component to this GameObject
Non-Legacy animations cannot be sampled outside the Editor without an Animator. If you want to sample this clip outside the Editor, add an Animator Component to this GameObject
Non-Legacy animations cannot be sampled outside the Editor without an Animator. If you want to sample this clip outside the Editor, add an Animator Component to this GameObject
Non-Legacy animations cannot be sampled outside the Editor without an Animator. If you want to sample this clip outside the Editor, add an Animator Component to this GameObject
Non-Legacy animations cannot be sampled outside the Editor without an Animator. If you want to sample this clip outside the Editor, add an Animator Component to this GameObject
Non-Legacy animations cannot be sampled outside the Editor without an Animator. If you want to sample this clip outside the Editor, add an Animator Component to this GameObject
Non-Legacy animations cannot be sampled outside the Editor without an Animator. If you want to sample this clip outside the Editor, add an Animator Component to this GameObject
Non-Legacy animations cannot be sampled outside the Editor without an Animator. If you want to sample this clip outside the Editor, add an Animator Component to this GameObject
Non-Legacy animations cannot be sampled outside the Editor without an Animator. If you want to sample this clip outside the Editor, add an Animator Component to this GameObject
Non-Legacy animations cannot be sampled outside the Editor without an Animator. If you want to sample this clip outside the Editor, add an Animator Component to this GameObject
Non-Legacy animations cannot be sampled outside the Editor without an Animator. If you want to sample this clip outside the Editor, add an Animator Component to this GameObject
Non-Legacy animations cannot be sampled outside the Editor without an Animator. If you want to sample this clip outside the Editor, add an Animator Component to this GameObject
Non-Legacy animations cannot be sampled outside the Editor without an Animator. If you want to sample this clip outside the Editor, add an Animator Component to this GameObject
Non-Legacy animations cannot be sampled outside the Editor without an Animator. If you want to sample this clip outside the Editor, add an Animator Component to this GameObject
Non-Legacy animations cannot be sampled outside the Editor without an Animator. If you want to sample this clip outside the Editor, add an Animator Component to this GameObject
Non-Legacy animations cannot be sampled outside the Editor without an Animator. If you want to sample this clip outside the Editor, add an Animator Component to this GameObject
Non-Legacy animations cannot be sampled outside the Editor without an Animator. If you want to sample this clip outside the Editor, add an Animator Component to this GameObject
Non-Legacy animations cannot be sampled outside the Editor without an Animator. If you want to sample this clip outside the Editor, add an Animator Component to this GameObject
Non-Legacy animations cannot be sampled outside the Editor without an Animator. If you want to sample this clip outside the Editor, add an Animator Component to this GameObject
Non-Legacy animations cannot be sampled outside the Editor without an Animator. If you want to sample this clip outside the Editor, add an Animator Component to this GameObject
Non-Legacy animations cannot be sampled outside the Editor without an Animator. If you want to sample this clip outside the Editor, add an Animator Component to this GameObject
Non-Legacy animations cannot be sampled outside the Editor without an Animator. If you want to sample this clip outside the Editor, add an Animator Component to this GameObject
Non-Legacy animations cannot be sampled outside the Editor without an Animator. If you want to sample this clip outside the Editor, add an Animator Component to this GameObject
Non-Legacy animations cannot be sampled outside the Editor without an Animator. If you want to sample this clip outside the Editor, add an Animator Component to this GameObject
Non-Legacy animations cannot be sampled outside the Editor without an Animator. If you want to sample this clip outside the Editor, add an Animator Component to this GameObject
Non-Legacy animations cannot be sampled outside the Editor without an Animator. If you want to sample this clip outside the Editor, add an Animator Component to this GameObject
Non-Legacy animations cannot be sampled outside the Editor without an Animator. If you want to sample this clip outside the Editor, add an Animator Component to this GameObject
Non-Legacy animations cannot be sampled outside the Editor without an Animator. If you want to sample this clip outside the Editor, add an Animator Component to this GameObject
Non-Legacy animations cannot be sampled outside the Editor without an Animator. If you want to sample this clip outside the Editor, add an Animator Component to this GameObject
Non-Legacy animations cannot be sampled outside the Editor without an Animator. If you want to sample this clip outside the Editor, add an Animator Component to this GameObject
Non-Legacy animations cannot be sampled outside the Editor without an Animator. If you want to sample this clip outside the Editor, add an Animator Component to this GameObject
Non-Legacy animations cannot be sampled outside the Editor without an Animator. If you want to sample this clip outside the Editor, add an Animator Component to this GameObject
Non-Legacy animations cannot be sampled outside the Editor without an Animator. If you want to sample this clip outside the Editor, add an Animator Component to this GameObject
Non-Legacy animations cannot be sampled outside the Editor without an Animator. If you want to sample this clip outside the Editor, add an Animator Component to this GameObject
Non-Legacy animations cannot be sampled outside the Editor without an Animator. If you want to sample this clip outside the Editor, add an Animator Component to this GameObject
Non-Legacy animations cannot be sampled outside the Editor without an Animator. If you want to sample this clip outside the Editor, add an Animator Component to this GameObject
Non-Legacy animations cannot be sampled outside the Editor without an Animator. If you want to sample this clip outside the Editor, add an Animator Component to this GameObject
Non-Legacy animations cannot be sampled outside the Editor without an Animator. If you want to sample this clip outside the Editor, add an Animator Component to this GameObject
Non-Legacy animations cannot be sampled outside the Editor without an Animator. If you want to sample this clip outside the Editor, add an Animator Component to this GameObject
Non-Legacy animations cannot be sampled outside the Editor without an Animator. If you want to sample this clip outside the Editor, add an Animator Component to this GameObject
Non-Legacy animations cannot be sampled outside the Editor without an Animator. If you want to sample this clip outside the Editor, add an Animator Component to this GameObject
Non-Legacy animations cannot be sampled outside the Editor without an Animator. If you want to sample this clip outside the Editor, add an Animator Component to this GameObject
Non-Legacy animations cannot be sampled outside the Editor without an Animator. If you want to sample this clip outside the Editor, add an Animator Component to this GameObject
Non-Legacy animations cannot be sampled outside the Editor without an Animator. If you want to sample this clip outside the Editor, add an Animator Component to this GameObject
Non-Legacy animations cannot be sampled outside the Editor without an Animator. If you want to sample this clip outside the Editor, add an Animator Component to this GameObject
Non-Legacy animations cannot be sampled outside the Editor without an Animator. If you want to sample this clip outside the Editor, add an Animator Component to this GameObject
Non-Legacy animations cannot be sampled outside the Editor without an Animator. If you want to sample this clip outside the Editor, add an Animator Component to this GameObject
Non-Legacy animations cannot be sampled outside the Editor without an Animator. If you want to sample this clip outside the Editor, add an Animator Component to this GameObject
Non-Legacy animations cannot be sampled outside the Editor without an Animator. If you want to sample this clip outside the Editor, add an Animator Component to this GameObject
Non-Legacy animations cannot be sampled outside the Editor without an Animator. If you want to sample this clip outside the Editor, add an Animator Component to this GameObject
Non-Legacy animations cannot be sampled outside the Editor without an Animator. If you want to sample this clip outside the Editor, add an Animator Component to this GameObject
Non-Legacy animations cannot be sampled outside the Editor without an Animator. If you want to sample this clip outside the Editor, add an Animator Component to this GameObject
Non-Legacy animations cannot be sampled outside the Editor without an Animator. If you want to sample this clip outside the Editor, add an Animator Component to this GameObject
Non-Legacy animations cannot be sampled outside the Editor without an Animator. If you want to sample this clip outside the Editor, add an Animator Component to this GameObject
Non-Legacy animations cannot be sampled outside the Editor without an Animator. If you want to sample this clip outside the Editor, add an Animator Component to this GameObject
Non-Legacy animations cannot be sampled outside the Editor without an Animator. If you want to sample this clip outside the Editor, add an Animator Component to this GameObject
Non-Legacy animations cannot be sampled outside the Editor without an Animator. If you want to sample this clip outside the Editor, add an Animator Component to this GameObject
Non-Legacy animations cannot be sampled outside the Editor without an Animator. If you want to sample this clip outside the Editor, add an Animator Component to this GameObject
Non-Legacy animations cannot be sampled outside the Editor without an Animator. If you want to sample this clip outside the Editor, add an Animator Component to this GameObject
Non-Legacy animations cannot be sampled outside the Editor without an Animator. If you want to sample this clip outside the Editor, add an Animator Component to this GameObject
Non-Legacy animations cannot be sampled outside the Editor without an Animator. If you want to sample this clip outside the Editor, add an Animator Component to this GameObject
Non-Legacy animations cannot be sampled outside the Editor without an Animator. If you want to sample this clip outside the Editor, add an Animator Component to this GameObject
Non-Legacy animations cannot be sampled outside the Editor without an Animator. If you want to sample this clip outside the Editor, add an Animator Component to this GameObject
Non-Legacy animations cannot be sampled outside the Editor without an Animator. If you want to sample this clip outside the Editor, add an Animator Component to this GameObject
Non-Legacy animations cannot be sampled outside the Editor without an Animator. If you want to sample this clip outside the Editor, add an Animator Component to this GameObject
Non-Legacy animations cannot be sampled outside the Editor without an Animator. If you want to sample this clip outside the Editor, add an Animator Component to this GameObject
Non-Legacy animations cannot be sampled outside the Editor without an Animator. If you want to sample this clip outside the Editor, add an Animator Component to this GameObject
Non-Legacy animations cannot be sampled outside the Editor without an Animator. If you want to sample this clip outside the Editor, add an Animator Component to this GameObject
Non-Legacy animations cannot be sampled outside the Editor without an Animator. If you want to sample this clip outside the Editor, add an Animator Component to this GameObject
Non-Legacy animations cannot be sampled outside the Editor without an Animator. If you want to sample this clip outside the Editor, add an Animator Component to this GameObject
Non-Legacy animations cannot be sampled outside the Editor without an Animator. If you want to sample this clip outside the Editor, add an Animator Component to this GameObject
Non-Legacy animations cannot be sampled outside the Editor without an Animator. If you want to sample this clip outside the Editor, add an Animator Component to this GameObject
Non-Legacy animations cannot be sampled outside the Editor without an Animator. If you want to sample this clip outside the Editor, add an Animator Component to this GameObject
Non-Legacy animations cannot be sampled outside the Editor without an Animator. If you want to sample this clip outside the Editor, add an Animator Component to this GameObject
Non-Legacy animations cannot be sampled outside the Editor without an Animator. If you want to sample this clip outside the Editor, add an Animator Component to this GameObject
Non-Legacy animations cannot be sampled outside the Editor without an Animator. If you want to sample this clip outside the Editor, add an Animator Component to this GameObject
Non-Legacy animations cannot be sampled outside the Editor without an Animator. If you want to sample this clip outside the Editor, add an Animator Component to this GameObject
Non-Legacy animations cannot be sampled outside the Editor without an Animator. If you want to sample this clip outside the Editor, add an Animator Component to this GameObject
Non-Legacy animations cannot be sampled outside the Editor without an Animator. If you want to sample this clip outside the Editor, add an Animator Component to this GameObject
Non-Legacy animations cannot be sampled outside the Editor without an Animator. If you want to sample this clip outside the Editor, add an Animator Component to this GameObject
Non-Legacy animations cannot be sampled outside the Editor without an Animator. If you want to sample this clip outside the Editor, add an Animator Component to this GameObject
Non-Legacy animations cannot be sampled outside the Editor without an Animator. If you want to sample this clip outside the Editor, add an Animator Component to this GameObject
Non-Legacy animations cannot be sampled outside the Editor without an Animator. If you want to sample this clip outside the Editor, add an Animator Component to this GameObject
Non-Legacy animations cannot be sampled outside the Editor without an Animator. If you want to sample this clip outside the Editor, add an Animator Component to this GameObject
Non-Legacy animations cannot be sampled outside the Editor without an Animator. If you want to sample this clip outside the Editor, add an Animator Component to this GameObject
Non-Legacy animations cannot be sampled outside the Editor without an Animator. If you want to sample this clip outside the Editor, add an Animator Component to this GameObject
Non-Legacy animations cannot be sampled outside the Editor without an Animator. If you want to sample this clip outside the Editor, add an Animator Component to this GameObject
Non-Legacy animations cannot be sampled outside the Editor without an Animator. If you want to sample this clip outside the Editor, add an Animator Component to this GameObject
Non-Legacy animations cannot be sampled outside the Editor without an Animator. If you want to sample this clip outside the Editor, add an Animator Component to this GameObject
Non-Legacy animations cannot be sampled outside the Editor without an Animator. If you want to sample this clip outside the Editor, add an Animator Component to this GameObject
Non-Legacy animations cannot be sampled outside the Editor without an Animator. If you want to sample this clip outside the Editor, add an Animator Component to this GameObject
Non-Legacy animations cannot be sampled outside the Editor without an Animator. If you want to sample this clip outside the Editor, add an Animator Component to this GameObject
Non-Legacy animations cannot be sampled outside the Editor without an Animator. If you want to sample this clip outside the Editor, add an Animator Component to this GameObject
Non-Legacy animations cannot be sampled outside the Editor without an Animator. If you want to sample this clip outside the Editor, add an Animator Component to this GameObject
Non-Legacy animations cannot be sampled outside the Editor without an Animator. If you want to sample this clip outside the Editor, add an Animator Component to this GameObject
Non-Legacy animations cannot be sampled outside the Editor without an Animator. If you want to sample this clip outside the Editor, add an Animator Component to this GameObject
Non-Legacy animations cannot be sampled outside the Editor without an Animator. If you want to sample this clip outside the Editor, add an Animator Component to this GameObject
Non-Legacy animations cannot be sampled outside the Editor without an Animator. If you want to sample this clip outside the Editor, add an Animator Component to this GameObject
Non-Legacy animations cannot be sampled outside the Editor without an Animator. If you want to sample this clip outside the Editor, add an Animator Component to this GameObject
Non-Legacy animations cannot be sampled outside the Editor without an Animator. If you want to sample this clip outside the Editor, add an Animator Component to this GameObject
Non-Legacy animations cannot be sampled outside the Editor without an Animator. If you want to sample this clip outside the Editor, add an Animator Component to this GameObject
Non-Legacy animations cannot be sampled outside the Editor without an Animator. If you want to sample this clip outside the Editor, add an Animator Component to this GameObject
Non-Legacy animations cannot be sampled outside the Editor without an Animator. If you want to sample this clip outside the Editor, add an Animator Component to this GameObject
Non-Legacy animations cannot be sampled outside the Editor without an Animator. If you want to sample this clip outside the Editor, add an Animator Component to this GameObject
Non-Legacy animations cannot be sampled outside the Editor without an Animator. If you want to sample this clip outside the Editor, add an Animator Component to this GameObject
Non-Legacy animations cannot be sampled outside the Editor without an Animator. If you want to sample this clip outside the Editor, add an Animator Component to this GameObject
Non-Legacy animations cannot be sampled outside the Editor without an Animator. If you want to sample this clip outside the Editor, add an Animator Component to this GameObject
Non-Legacy animations cannot be sampled outside the Editor without an Animator. If you want to sample this clip outside the Editor, add an Animator Component to this GameObject
Non-Legacy animations cannot be sampled outside the Editor without an Animator. If you want to sample this clip outside the Editor, add an Animator Component to this GameObject
Non-Legacy animations cannot be sampled outside the Editor without an Animator. If you want to sample this clip outside the Editor, add an Animator Component to this GameObject
Non-Legacy animations cannot be sampled outside the Editor without an Animator. If you want to sample this clip outside the Editor, add an Animator Component to this GameObject
Non-Legacy animations cannot be sampled outside the Editor without an Animator. If you want to sample this clip outside the Editor, add an Animator Component to this GameObject
Non-Legacy animations cannot be sampled outside the Editor without an Animator. If you want to sample this clip outside the Editor, add an Animator Component to this GameObject
Non-Legacy animations cannot be sampled outside the Editor without an Animator. If you want to sample this clip outside the Editor, add an Animator Component to this GameObject
Non-Legacy animations cannot be sampled outside the Editor without an Animator. If you want to sample this clip outside the Editor, add an Animator Component to this GameObject
Non-Legacy animations cannot be sampled outside the Editor without an Animator. If you want to sample this clip outside the Editor, add an Animator Component to this GameObject
Non-Legacy animations cannot be sampled outside the Editor without an Animator. If you want to sample this clip outside the Editor, add an Animator Component to this GameObject
Non-Legacy animations cannot be sampled outside the Editor without an Animator. If you want to sample this clip outside the Editor, add an Animator Component to this GameObject
Non-Legacy animations cannot be sampled outside the Editor without an Animator. If you want to sample this clip outside the Editor, add an Animator Component to this GameObject
Non-Legacy animations cannot be sampled outside the Editor without an Animator. If you want to sample this clip outside the Editor, add an Animator Component to this GameObject
Non-Legacy animations cannot be sampled outside the Editor without an Animator. If you want to sample this clip outside the Editor, add an Animator Component to this GameObject
Non-Legacy animations cannot be sampled outside the Editor without an Animator. If you want to sample this clip outside the Editor, add an Animator Component to this GameObject
Non-Legacy animations cannot be sampled outside the Editor without an Animator. If you want to sample this clip outside the Editor, add an Animator Component to this GameObject
Non-Legacy animations cannot be sampled outside the Editor without an Animator. If you want to sample this clip outside the Editor, add an Animator Component to this GameObject
Non-Legacy animations cannot be sampled outside the Editor without an Animator. If you want to sample this clip outside the Editor, add an Animator Component to this GameObject
Non-Legacy animations cannot be sampled outside the Editor without an Animator. If you want to sample this clip outside the Editor, add an Animator Component to this GameObject
Non-Legacy animations cannot be sampled outside the Editor without an Animator. If you want to sample this clip outside the Editor, add an Animator Component to this GameObject
Non-Legacy animations cannot be sampled outside the Editor without an Animator. If you want to sample this clip outside the Editor, add an Animator Component to this GameObject
Non-Legacy animations cannot be sampled outside the Editor without an Animator. If you want to sample this clip outside the Editor, add an Animator Component to this GameObject
Non-Legacy animations cannot be sampled outside the Editor without an Animator. If you want to sample this clip outside the Editor, add an Animator Component to this GameObject
Non-Legacy animations cannot be sampled outside the Editor without an Animator. If you want to sample this clip outside the Editor, add an Animator Component to this GameObject
Non-Legacy animations cannot be sampled outside the Editor without an Animator. If you want to sample this clip outside the Editor, add an Animator Component to this GameObject
Non-Legacy animations cannot be sampled outside the Editor without an Animator. If you want to sample this clip outside the Editor, add an Animator Component to this GameObject
Non-Legacy animations cannot be sampled outside the Editor without an Animator. If you want to sample this clip outside the Editor, add an Animator Component to this GameObject
Non-Legacy animations cannot be sampled outside the Editor without an Animator. If you want to sample this clip outside the Editor, add an Animator Component to this GameObject
Non-Legacy animations cannot be sampled outside the Editor without an Animator. If you want to sample this clip outside the Editor, add an Animator Component to this GameObject
Non-Legacy animations cannot be sampled outside the Editor without an Animator. If you want to sample this clip outside the Editor, add an Animator Component to this GameObject
Non-Legacy animations cannot be sampled outside the Editor without an Animator. If you want to sample this clip outside the Editor, add an Animator Component to this GameObject
Non-Legacy animations cannot be sampled outside the Editor without an Animator. If you want to sample this clip outside the Editor, add an Animator Component to this GameObject
Non-Legacy animations cannot be sampled outside the Editor without an Animator. If you want to sample this clip outside the Editor, add an Animator Component to this GameObject
Non-Legacy animations cannot be sampled outside the Editor without an Animator. If you want to sample this clip outside the Editor, add an Animator Component to this GameObject
Non-Legacy animations cannot be sampled outside the Editor without an Animator. If you want to sample this clip outside the Editor, add an Animator Component to this GameObject
Non-Legacy animations cannot be sampled outside the Editor without an Animator. If you want to sample this clip outside the Editor, add an Animator Component to this GameObject
Non-Legacy animations cannot be sampled outside the Editor without an Animator. If you want to sample this clip outside the Editor, add an Animator Component to this GameObject
Non-Legacy animations cannot be sampled outside the Editor without an Animator. If you want to sample this clip outside the Editor, add an Animator Component to this GameObject
Non-Legacy animations cannot be sampled outside the Editor without an Animator. If you want to sample this clip outside the Editor, add an Animator Component to this GameObject
Non-Legacy animations cannot be sampled outside the Editor without an Animator. If you want to sample this clip outside the Editor, add an Animator Component to this GameObject
Non-Legacy animations cannot be sampled outside the Editor without an Animator. If you want to sample this clip outside the Editor, add an Animator Component to this GameObject
Non-Legacy animations cannot be sampled outside the Editor without an Animator. If you want to sample this clip outside the Editor, add an Animator Component to this GameObject
Non-Legacy animations cannot be sampled outside the Editor without an Animator. If you want to sample this clip outside the Editor, add an Animator Component to this GameObject
Non-Legacy animations cannot be sampled outside the Editor without an Animator. If you want to sample this clip outside the Editor, add an Animator Component to this GameObject
Non-Legacy animations cannot be sampled outside the Editor without an Animator. If you want to sample this clip outside the Editor, add an Animator Component to this GameObject
Non-Legacy animations cannot be sampled outside the Editor without an Animator. If you want to sample this clip outside the Editor, add an Animator Component to this GameObject
Non-Legacy animations cannot be sampled outside the Editor without an Animator. If you want to sample this clip outside the Editor, add an Animator Component to this GameObject
Non-Legacy animations cannot be sampled outside the Editor without an Animator. If you want to sample this clip outside the Editor, add an Animator Component to this GameObject
Non-Legacy animations cannot be sampled outside the Editor without an Animator. If you want to sample this clip outside the Editor, add an Animator Component to this GameObject
Non-Legacy animations cannot be sampled outside the Editor without an Animator. If you want to sample this clip outside the Editor, add an Animator Component to this GameObject
Non-Legacy animations cannot be sampled outside the Editor without an Animator. If you want to sample this clip outside the Editor, add an Animator Component to this GameObject
Non-Legacy animations cannot be sampled outside the Editor without an Animator. If you want to sample this clip outside the Editor, add an Animator Component to this GameObject
Non-Legacy animations cannot be sampled outside the Editor without an Animator. If you want to sample this clip outside the Editor, add an Animator Component to this GameObject
Non-Legacy animations cannot be sampled outside the Editor without an Animator. If you want to sample this clip outside the Editor, add an Animator Component to this GameObject
Non-Legacy animations cannot be sampled outside the Editor without an Animator. If you want to sample this clip outside the Editor, add an Animator Component to this GameObject
Non-Legacy animations cannot be sampled outside the Editor without an Animator. If you want to sample this clip outside the Editor, add an Animator Component to this GameObject
Non-Legacy animations cannot be sampled outside the Editor without an Animator. If you want to sample this clip outside the Editor, add an Animator Component to this GameObject
Non-Legacy animations cannot be sampled outside the Editor without an Animator. If you want to sample this clip outside the Editor, add an Animator Component to this GameObject
Non-Legacy animations cannot be sampled outside the Editor without an Animator. If you want to sample this clip outside the Editor, add an Animator Component to this GameObject
Non-Legacy animations cannot be sampled outside the Editor without an Animator. If you want to sample this clip outside the Editor, add an Animator Component to this GameObject
Non-Legacy animations cannot be sampled outside the Editor without an Animator. If you want to sample this clip outside the Editor, add an Animator Component to this GameObject
Non-Legacy animations cannot be sampled outside the Editor without an Animator. If you want to sample this clip outside the Editor, add an Animator Component to this GameObject
Non-Legacy animations cannot be sampled outside the Editor without an Animator. If you want to sample this clip outside the Editor, add an Animator Component to this GameObject
Non-Legacy animations cannot be sampled outside the Editor without an Animator. If you want to sample this clip outside the Editor, add an Animator Component to this GameObject
Non-Legacy animations cannot be sampled outside the Editor without an Animator. If you want to sample this clip outside the Editor, add an Animator Component to this GameObject
Non-Legacy animations cannot be sampled outside the Editor without an Animator. If you want to sample this clip outside the Editor, add an Animator Component to this GameObject
Non-Legacy animations cannot be sampled outside the Editor without an Animator. If you want to sample this clip outside the Editor, add an Animator Component to this GameObject
Non-Legacy animations cannot be sampled outside the Editor without an Animator. If you want to sample this clip outside the Editor, add an Animator Component to this GameObject
Non-Legacy animations cannot be sampled outside the Editor without an Animator. If you want to sample this clip outside the Editor, add an Animator Component to this GameObject
Non-Legacy animations cannot be sampled outside the Editor without an Animator. If you want to sample this clip outside the Editor, add an Animator Component to this GameObject
Non-Legacy animations cannot be sampled outside the Editor without an Animator. If you want to sample this clip outside the Editor, add an Animator Component to this GameObject
Non-Legacy animations cannot be sampled outside the Editor without an Animator. If you want to sample this clip outside the Editor, add an Animator Component to this GameObject
Non-Legacy animations cannot be sampled outside the Editor without an Animator. If you want to sample this clip outside the Editor, add an Animator Component to this GameObject
Non-Legacy animations cannot be sampled outside the Editor without an Animator. If you want to sample this clip outside the Editor, add an Animator Component to this GameObject
Non-Legacy animations cannot be sampled outside the Editor without an Animator. If you want to sample this clip outside the Editor, add an Animator Component to this GameObject
Non-Legacy animations cannot be sampled outside the Editor without an Animator. If you want to sample this clip outside the Editor, add an Animator Component to this GameObject
Non-Legacy animations cannot be sampled outside the Editor without an Animator. If you want to sample this clip outside the Editor, add an Animator Component to this GameObject
Non-Legacy animations cannot be sampled outside the Editor without an Animator. If you want to sample this clip outside the Editor, add an Animator Component to this GameObject
Non-Legacy animations cannot be sampled outside the Editor without an Animator. If you want to sample this clip outside the Editor, add an Animator Component to this GameObject
Non-Legacy animations cannot be sampled outside the Editor without an Animator. If you want to sample this clip outside the Editor, add an Animator Component to this GameObject
Non-Legacy animations cannot be sampled outside the Editor without an Animator. If you want to sample this clip outside the Editor, add an Animator Component to this GameObject
Non-Legacy animations cannot be sampled outside the Editor without an Animator. If you want to sample this clip outside the Editor, add an Animator Component to this GameObject
Non-Legacy animations cannot be sampled outside the Editor without an Animator. If you want to sample this clip outside the Editor, add an Animator Component to this GameObject
Non-Legacy animations cannot be sampled outside the Editor without an Animator. If you want to sample this clip outside the Editor, add an Animator Component to this GameObject
Non-Legacy animations cannot be sampled outside the Editor without an Animator. If you want to sample this clip outside the Editor, add an Animator Component to this GameObject
Non-Legacy animations cannot be sampled outside the Editor without an Animator. If you want to sample this clip outside the Editor, add an Animator Component to this GameObject
Non-Legacy animations cannot be sampled outside the Editor without an Animator. If you want to sample this clip outside the Editor, add an Animator Component to this GameObject
Non-Legacy animations cannot be sampled outside the Editor without an Animator. If you want to sample this clip outside the Editor, add an Animator Component to this GameObject
Non-Legacy animations cannot be sampled outside the Editor without an Animator. If you want to sample this clip outside the Editor, add an Animator Component to this GameObject
Non-Legacy animations cannot be sampled outside the Editor without an Animator. If you want to sample this clip outside the Editor, add an Animator Component to this GameObject
Non-Legacy animations cannot be sampled outside the Editor without an Animator. If you want to sample this clip outside the Editor, add an Animator Component to this GameObject
Non-Legacy animations cannot be sampled outside the Editor without an Animator. If you want to sample this clip outside the Editor, add an Animator Component to this GameObject
Non-Legacy animations cannot be sampled outside the Editor without an Animator. If you want to sample this clip outside the Editor, add an Animator Component to this GameObject
Non-Legacy animations cannot be sampled outside the Editor without an Animator. If you want to sample this clip outside the Editor, add an Animator Component to this GameObject
Non-Legacy animations cannot be sampled outside the Editor without an Animator. If you want to sample this clip outside the Editor, add an Animator Component to this GameObject
Non-Legacy animations cannot be sampled outside the Editor without an Animator. If you want to sample this clip outside the Editor, add an Animator Component to this GameObject
Non-Legacy animations cannot be sampled outside the Editor without an Animator. If you want to sample this clip outside the Editor, add an Animator Component to this GameObject
Non-Legacy animations cannot be sampled outside the Editor without an Animator. If you want to sample this clip outside the Editor, add an Animator Component to this GameObject
Non-Legacy animations cannot be sampled outside the Editor without an Animator. If you want to sample this clip outside the Editor, add an Animator Component to this GameObject
Non-Legacy animations cannot be sampled outside the Editor without an Animator. If you want to sample this clip outside the Editor, add an Animator Component to this GameObject
Non-Legacy animations cannot be sampled outside the Editor without an Animator. If you want to sample this clip outside the Editor, add an Animator Component to this GameObject
Non-Legacy animations cannot be sampled outside the Editor without an Animator. If you want to sample this clip outside the Editor, add an Animator Component to this GameObject
Non-Legacy animations cannot be sampled outside the Editor without an Animator. If you want to sample this clip outside the Editor, add an Animator Component to this GameObject
Non-Legacy animations cannot be sampled outside the Editor without an Animator. If you want to sample this clip outside the Editor, add an Animator Component to this GameObject
Non-Legacy animations cannot be sampled outside the Editor without an Animator. If you want to sample this clip outside the Editor, add an Animator Component to this GameObject
Non-Legacy animations cannot be sampled outside the Editor without an Animator. If you want to sample this clip outside the Editor, add an Animator Component to this GameObject
Non-Legacy animations cannot be sampled outside the Editor without an Animator. If you want to sample this clip outside the Editor, add an Animator Component to this GameObject
Non-Legacy animations cannot be sampled outside the Editor without an Animator. If you want to sample this clip outside the Editor, add an Animator Component to this GameObject
Non-Legacy animations cannot be sampled outside the Editor without an Animator. If you want to sample this clip outside the Editor, add an Animator Component to this GameObject
Non-Legacy animations cannot be sampled outside the Editor without an Animator. If you want to sample this clip outside the Editor, add an Animator Component to this GameObject
Non-Legacy animations cannot be sampled outside the Editor without an Animator. If you want to sample this clip outside the Editor, add an Animator Component to this GameObject
Non-Legacy animations cannot be sampled outside the Editor without an Animator. If you want to sample this clip outside the Editor, add an Animator Component to this GameObject
Non-Legacy animations cannot be sampled outside the Editor without an Animator. If you want to sample this clip outside the Editor, add an Animator Component to this GameObject
Non-Legacy animations cannot be sampled outside the Editor without an Animator. If you want to sample this clip outside the Editor, add an Animator Component to this GameObject
Non-Legacy animations cannot be sampled outside the Editor without an Animator. If you want to sample this clip outside the Editor, add an Animator Component to this GameObject
Non-Legacy animations cannot be sampled outside the Editor without an Animator. If you want to sample this clip outside the Editor, add an Animator Component to this GameObject
Non-Legacy animations cannot be sampled outside the Editor without an Animator. If you want to sample this clip outside the Editor, add an Animator Component to this GameObject
Non-Legacy animations cannot be sampled outside the Editor without an Animator. If you want to sample this clip outside the Editor, add an Animator Component to this GameObject
Non-Legacy animations cannot be sampled outside the Editor without an Animator. If you want to sample this clip outside the Editor, add an Animator Component to this GameObject
Non-Legacy animations cannot be sampled outside the Editor without an Animator. If you want to sample this clip outside the Editor, add an Animator Component to this GameObject
Non-Legacy animations cannot be sampled outside the Editor without an Animator. If you want to sample this clip outside the Editor, add an Animator Component to this GameObject
Non-Legacy animations cannot be sampled outside the Editor without an Animator. If you want to sample this clip outside the Editor, add an Animator Component to this GameObject
Non-Legacy animations cannot be sampled outside the Editor without an Animator. If you want to sample this clip outside the Editor, add an Animator Component to this GameObject
Non-Legacy animations cannot be sampled outside the Editor without an Animator. If you want to sample this clip outside the Editor, add an Animator Component to this GameObject
Non-Legacy animations cannot be sampled outside the Editor without an Animator. If you want to sample this clip outside the Editor, add an Animator Component to this GameObject
Non-Legacy animations cannot be sampled outside the Editor without an Animator. If you want to sample this clip outside the Editor, add an Animator Component to this GameObject
Non-Legacy animations cannot be sampled outside the Editor without an Animator. If you want to sample this clip outside the Editor, add an Animator Component to this GameObject
Non-Legacy animations cannot be sampled outside the Editor without an Animator. If you want to sample this clip outside the Editor, add an Animator Component to this GameObject
Non-Legacy animations cannot be sampled outside the Editor without an Animator. If you want to sample this clip outside the Editor, add an Animator Component to this GameObject
Non-Legacy animations cannot be sampled outside the Editor without an Animator. If you want to sample this clip outside the Editor, add an Animator Component to this GameObject
Non-Legacy animations cannot be sampled outside the Editor without an Animator. If you want to sample this clip outside the Editor, add an Animator Component to this GameObject
Non-Legacy animations cannot be sampled outside the Editor without an Animator. If you want to sample this clip outside the Editor, add an Animator Component to this GameObject
Non-Legacy animations cannot be sampled outside the Editor without an Animator. If you want to sample this clip outside the Editor, add an Animator Component to this GameObject
Non-Legacy animations cannot be sampled outside the Editor without an Animator. If you want to sample this clip outside the Editor, add an Animator Component to this GameObject
Non-Legacy animations cannot be sampled outside the Editor without an Animator. If you want to sample this clip outside the Editor, add an Animator Component to this GameObject
Non-Legacy animations cannot be sampled outside the Editor without an Animator. If you want to sample this clip outside the Editor, add an Animator Component to this GameObject
Non-Legacy animations cannot be sampled outside the Editor without an Animator. If you want to sample this clip outside the Editor, add an Animator Component to this GameObject
Non-Legacy animations cannot be sampled outside the Editor without an Animator. If you want to sample this clip outside the Editor, add an Animator Component to this GameObject
Non-Legacy animations cannot be sampled outside the Editor without an Animator. If you want to sample this clip outside the Editor, add an Animator Component to this GameObject
Non-Legacy animations cannot be sampled outside the Editor without an Animator. If you want to sample this clip outside the Editor, add an Animator Component to this GameObject
Non-Legacy animations cannot be sampled outside the Editor without an Animator. If you want to sample this clip outside the Editor, add an Animator Component to this GameObject
Non-Legacy animations cannot be sampled outside the Editor without an Animator. If you want to sample this clip outside the Editor, add an Animator Component to this GameObject
Non-Legacy animations cannot be sampled outside the Editor without an Animator. If you want to sample this clip outside the Editor, add an Animator Component to this GameObject
Non-Legacy animations cannot be sampled outside the Editor without an Animator. If you want to sample this clip outside the Editor, add an Animator Component to this GameObject
Non-Legacy animations cannot be sampled outside the Editor without an Animator. If you want to sample this clip outside the Editor, add an Animator Component to this GameObject
Non-Legacy animations cannot be sampled outside the Editor without an Animator. If you want to sample this clip outside the Editor, add an Animator Component to this GameObject
Non-Legacy animations cannot be sampled outside the Editor without an Animator. If you want to sample this clip outside the Editor, add an Animator Component to this GameObject
Non-Legacy animations cannot be sampled outside the Editor without an Animator. If you want to sample this clip outside the Editor, add an Animator Component to this GameObject
Non-Legacy animations cannot be sampled outside the Editor without an Animator. If you want to sample this clip outside the Editor, add an Animator Component to this GameObject
Non-Legacy animations cannot be sampled outside the Editor without an Animator. If you want to sample this clip outside the Editor, add an Animator Component to this GameObject
Non-Legacy animations cannot be sampled outside the Editor without an Animator. If you want to sample this clip outside the Editor, add an Animator Component to this GameObject
Non-Legacy animations cannot be sampled outside the Editor without an Animator. If you want to sample this clip outside the Editor, add an Animator Component to this GameObject
Non-Legacy animations cannot be sampled outside the Editor without an Animator. If you want to sample this clip outside the Editor, add an Animator Component to this GameObject
Non-Legacy animations cannot be sampled outside the Editor without an Animator. If you want to sample this clip outside the Editor, add an Animator Component to this GameObject
Non-Legacy animations cannot be sampled outside the Editor without an Animator. If you want to sample this clip outside the Editor, add an Animator Component to this GameObject
Non-Legacy animations cannot be sampled outside the Editor without an Animator. If you want to sample this clip outside the Editor, add an Animator Component to this GameObject
Non-Legacy animations cannot be sampled outside the Editor without an Animator. If you want to sample this clip outside the Editor, add an Animator Component to this GameObject
Non-Legacy animations cannot be sampled outside the Editor without an Animator. If you want to sample this clip outside the Editor, add an Animator Component to this GameObject
Non-Legacy animations cannot be sampled outside the Editor without an Animator. If you want to sample this clip outside the Editor, add an Animator Component to this GameObject
Non-Legacy animations cannot be sampled outside the Editor without an Animator. If you want to sample this clip outside the Editor, add an Animator Component to this GameObject
Non-Legacy animations cannot be sampled outside the Editor without an Animator. If you want to sample this clip outside the Editor, add an Animator Component to this GameObject
Non-Legacy animations cannot be sampled outside the Editor without an Animator. If you want to sample this clip outside the Editor, add an Animator Component to this GameObject
Non-Legacy animations cannot be sampled outside the Editor without an Animator. If you want to sample this clip outside the Editor, add an Animator Component to this GameObject
Non-Legacy animations cannot be sampled outside the Editor without an Animator. If you want to sample this clip outside the Editor, add an Animator Component to this GameObject
Non-Legacy animations cannot be sampled outside the Editor without an Animator. If you want to sample this clip outside the Editor, add an Animator Component to this GameObject
Non-Legacy animations cannot be sampled outside the Editor without an Animator. If you want to sample this clip outside the Editor, add an Animator Component to this GameObject
Non-Legacy animations cannot be sampled outside the Editor without an Animator. If you want to sample this clip outside the Editor, add an Animator Component to this GameObject
Non-Legacy animations cannot be sampled outside the Editor without an Animator. If you want to sample this clip outside the Editor, add an Animator Component to this GameObject
Non-Legacy animations cannot be sampled outside the Editor without an Animator. If you want to sample this clip outside the Editor, add an Animator Component to this GameObject
Non-Legacy animations cannot be sampled outside the Editor without an Animator. If you want to sample this clip outside the Editor, add an Animator Component to this GameObject
Non-Legacy animations cannot be sampled outside the Editor without an Animator. If you want to sample this clip outside the Editor, add an Animator Component to this GameObject
Non-Legacy animations cannot be sampled outside the Editor without an Animator. If you want to sample this clip outside the Editor, add an Animator Component to this GameObject
Non-Legacy animations cannot be sampled outside the Editor without an Animator. If you want to sample this clip outside the Editor, add an Animator Component to this GameObject
Non-Legacy animations cannot be sampled outside the Editor without an Animator. If you want to sample this clip outside the Editor, add an Animator Component to this GameObject
Non-Legacy animations cannot be sampled outside the Editor without an Animator. If you want to sample this clip outside the Editor, add an Animator Component to this GameObject
Non-Legacy animations cannot be sampled outside the Editor without an Animator. If you want to sample this clip outside the Editor, add an Animator Component to this GameObject
Non-Legacy animations cannot be sampled outside the Editor without an Animator. If you want to sample this clip outside the Editor, add an Animator Component to this GameObject
Non-Legacy animations cannot be sampled outside the Editor without an Animator. If you want to sample this clip outside the Editor, add an Animator Component to this GameObject
Non-Legacy animations cannot be sampled outside the Editor without an Animator. If you want to sample this clip outside the Editor, add an Animator Component to this GameObject
Non-Legacy animations cannot be sampled outside the Editor without an Animator. If you want to sample this clip outside the Editor, add an Animator Component to this GameObject
Non-Legacy animations cannot be sampled outside the Editor without an Animator. If you want to sample this clip outside the Editor, add an Animator Component to this GameObject
Non-Legacy animations cannot be sampled outside the Editor without an Animator. If you want to sample this clip outside the Editor, add an Animator Component to this GameObject
Non-Legacy animations cannot be sampled outside the Editor without an Animator. If you want to sample this clip outside the Editor, add an Animator Component to this GameObject
Non-Legacy animations cannot be sampled outside the Editor without an Animator. If you want to sample this clip outside the Editor, add an Animator Component to this GameObject
Non-Legacy animations cannot be sampled outside the Editor without an Animator. If you want to sample this clip outside the Editor, add an Animator Component to this GameObject
Non-Legacy animations cannot be sampled outside the Editor without an Animator. If you want to sample this clip outside the Editor, add an Animator Component to this GameObject
Non-Legacy animations cannot be sampled outside the Editor without an Animator. If you want to sample this clip outside the Editor, add an Animator Component to this GameObject
Non-Legacy animations cannot be sampled outside the Editor without an Animator. If you want to sample this clip outside the Editor, add an Animator Component to this GameObject
Non-Legacy animations cannot be sampled outside the Editor without an Animator. If you want to sample this clip outside the Editor, add an Animator Component to this GameObject
Non-Legacy animations cannot be sampled outside the Editor without an Animator. If you want to sample this clip outside the Editor, add an Animator Component to this GameObject
Non-Legacy animations cannot be sampled outside the Editor without an Animator. If you want to sample this clip outside the Editor, add an Animator Component to this GameObject
Non-Legacy animations cannot be sampled outside the Editor without an Animator. If you want to sample this clip outside the Editor, add an Animator Component to this GameObject
Non-Legacy animations cannot be sampled outside the Editor without an Animator. If you want to sample this clip outside the Editor, add an Animator Component to this GameObject
Non-Legacy animations cannot be sampled outside the Editor without an Animator. If you want to sample this clip outside the Editor, add an Animator Component to this GameObject
Non-Legacy animations cannot be sampled outside the Editor without an Animator. If you want to sample this clip outside the Editor, add an Animator Component to this GameObject
Non-Legacy animations cannot be sampled outside the Editor without an Animator. If you want to sample this clip outside the Editor, add an Animator Component to this GameObject
Non-Legacy animations cannot be sampled outside the Editor without an Animator. If you want to sample this clip outside the Editor, add an Animator Component to this GameObject
Non-Legacy animations cannot be sampled outside the Editor without an Animator. If you want to sample this clip outside the Editor, add an Animator Component to this GameObject
Non-Legacy animations cannot be sampled outside the Editor without an Animator. If you want to sample this clip outside the Editor, add an Animator Component to this GameObject
Non-Legacy animations cannot be sampled outside the Editor without an Animator. If you want to sample this clip outside the Editor, add an Animator Component to this GameObject
Non-Legacy animations cannot be sampled outside the Editor without an Animator. If you want to sample this clip outside the Editor, add an Animator Component to this GameObject
Non-Legacy animations cannot be sampled outside the Editor without an Animator. If you want to sample this clip outside the Editor, add an Animator Component to this GameObject
Non-Legacy animations cannot be sampled outside the Editor without an Animator. If you want to sample this clip outside the Editor, add an Animator Component to this GameObject
Non-Legacy animations cannot be sampled outside the Editor without an Animator. If you want to sample this clip outside the Editor, add an Animator Component to this GameObject
Non-Legacy animations cannot be sampled outside the Editor without an Animator. If you want to sample this clip outside the Editor, add an Animator Component to this GameObject
Non-Legacy animations cannot be sampled outside the Editor without an Animator. If you want to sample this clip outside the Editor, add an Animator Component to this GameObject
Non-Legacy animations cannot be sampled outside the Editor without an Animator. If you want to sample this clip outside the Editor, add an Animator Component to this GameObject
Non-Legacy animations cannot be sampled outside the Editor without an Animator. If you want to sample this clip outside the Editor, add an Animator Component to this GameObject
Non-Legacy animations cannot be sampled outside the Editor without an Animator. If you want to sample this clip outside the Editor, add an Animator Component to this GameObject
Non-Legacy animations cannot be sampled outside the Editor without an Animator. If you want to sample this clip outside the Editor, add an Animator Component to this GameObject
Non-Legacy animations cannot be sampled outside the Editor without an Animator. If you want to sample this clip outside the Editor, add an Animator Component to this GameObject
Non-Legacy animations cannot be sampled outside the Editor without an Animator. If you want to sample this clip outside the Editor, add an Animator Component to this GameObject
Non-Legacy animations cannot be sampled outside the Editor without an Animator. If you want to sample this clip outside the Editor, add an Animator Component to this GameObject
Non-Legacy animations cannot be sampled outside the Editor without an Animator. If you want to sample this clip outside the Editor, add an Animator Component to this GameObject
Non-Legacy animations cannot be sampled outside the Editor without an Animator. If you want to sample this clip outside the Editor, add an Animator Component to this GameObject
Non-Legacy animations cannot be sampled outside the Editor without an Animator. If you want to sample this clip outside the Editor, add an Animator Component to this GameObject
Non-Legacy animations cannot be sampled outside the Editor without an Animator. If you want to sample this clip outside the Editor, add an Animator Component to this GameObject
Non-Legacy animations cannot be sampled outside the Editor without an Animator. If you want to sample this clip outside the Editor, add an Animator Component to this GameObject
Non-Legacy animations cannot be sampled outside the Editor without an Animator. If you want to sample this clip outside the Editor, add an Animator Component to this GameObject
Non-Legacy animations cannot be sampled outside the Editor without an Animator. If you want to sample this clip outside the Editor, add an Animator Component to this GameObject
Non-Legacy animations cannot be sampled outside the Editor without an Animator. If you want to sample this clip outside the Editor, add an Animator Component to this GameObject
Non-Legacy animations cannot be sampled outside the Editor without an Animator. If you want to sample this clip outside the Editor, add an Animator Component to this GameObject
Non-Legacy animations cannot be sampled outside the Editor without an Animator. If you want to sample this clip outside the Editor, add an Animator Component to this GameObject
Non-Legacy animations cannot be sampled outside the Editor without an Animator. If you want to sample this clip outside the Editor, add an Animator Component to this GameObject
Non-Legacy animations cannot be sampled outside the Editor without an Animator. If you want to sample this clip outside the Editor, add an Animator Component to this GameObject
Non-Legacy animations cannot be sampled outside the Editor without an Animator. If you want to sample this clip outside the Editor, add an Animator Component to this GameObject
Non-Legacy animations cannot be sampled outside the Editor without an Animator. If you want to sample this clip outside the Editor, add an Animator Component to this GameObject
Non-Legacy animations cannot be sampled outside the Editor without an Animator. If you want to sample this clip outside the Editor, add an Animator Component to this GameObject
Non-Legacy animations cannot be sampled outside the Editor without an Animator. If you want to sample this clip outside the Editor, add an Animator Component to this GameObject
Non-Legacy animations cannot be sampled outside the Editor without an Animator. If you want to sample this clip outside the Editor, add an Animator Component to this GameObject
Non-Legacy animations cannot be sampled outside the Editor without an Animator. If you want to sample this clip outside the Editor, add an Animator Component to this GameObject
Non-Legacy animations cannot be sampled outside the Editor without an Animator. If you want to sample this clip outside the Editor, add an Animator Component to this GameObject
Non-Legacy animations cannot be sampled outside the Editor without an Animator. If you want to sample this clip outside the Editor, add an Animator Component to this GameObject
Non-Legacy animations cannot be sampled outside the Editor without an Animator. If you want to sample this clip outside the Editor, add an Animator Component to this GameObject
Non-Legacy animations cannot be sampled outside the Editor without an Animator. If you want to sample this clip outside the Editor, add an Animator Component to this GameObject
Non-Legacy animations cannot be sampled outside the Editor without an Animator. If you want to sample this clip outside the Editor, add an Animator Component to this GameObject
Non-Legacy animations cannot be sampled outside the Editor without an Animator. If you want to sample this clip outside the Editor, add an Animator Component to this GameObject
Non-Legacy animations cannot be sampled outside the Editor without an Animator. If you want to sample this clip outside the Editor, add an Animator Component to this GameObject
Non-Legacy animations cannot be sampled outside the Editor without an Animator. If you want to sample this clip outside the Editor, add an Animator Component to this GameObject
Non-Legacy animations cannot be sampled outside the Editor without an Animator. If you want to sample this clip outside the Editor, add an Animator Component to this GameObject
Non-Legacy animations cannot be sampled outside the Editor without an Animator. If you want to sample this clip outside the Editor, add an Animator Component to this GameObject
Non-Legacy animations cannot be sampled outside the Editor without an Animator. If you want to sample this clip outside the Editor, add an Animator Component to this GameObject
Non-Legacy animations cannot be sampled outside the Editor without an Animator. If you want to sample this clip outside the Editor, add an Animator Component to this GameObject
Non-Legacy animations cannot be sampled outside the Editor without an Animator. If you want to sample this clip outside the Editor, add an Animator Component to this GameObject
Non-Legacy animations cannot be sampled outside the Editor without an Animator. If you want to sample this clip outside the Editor, add an Animator Component to this GameObject
Non-Legacy animations cannot be sampled outside the Editor without an Animator. If you want to sample this clip outside the Editor, add an Animator Component to this GameObject
Non-Legacy animations cannot be sampled outside the Editor without an Animator. If you want to sample this clip outside the Editor, add an Animator Component to this GameObject
Non-Legacy animations cannot be sampled outside the Editor without an Animator. If you want to sample this clip outside the Editor, add an Animator Component to this GameObject
Non-Legacy animations cannot be sampled outside the Editor without an Animator. If you want to sample this clip outside the Editor, add an Animator Component to this GameObject
Non-Legacy animations cannot be sampled outside the Editor without an Animator. If you want to sample this clip outside the Editor, add an Animator Component to this GameObject
Non-Legacy animations cannot be sampled outside the Editor without an Animator. If you want to sample this clip outside the Editor, add an Animator Component to this GameObject
Non-Legacy animations cannot be sampled outside the Editor without an Animator. If you want to sample this clip outside the Editor, add an Animator Component to this GameObject
Non-Legacy animations cannot be sampled outside the Editor without an Animator. If you want to sample this clip outside the Editor, add an Animator Component to this GameObject
Non-Legacy animations cannot be sampled outside the Editor without an Animator. If you want to sample this clip outside the Editor, add an Animator Component to this GameObject
Non-Legacy animations cannot be sampled outside the Editor without an Animator. If you want to sample this clip outside the Editor, add an Animator Component to this GameObject
Non-Legacy animations cannot be sampled outside the Editor without an Animator. If you want to sample this clip outside the Editor, add an Animator Component to this GameObject
Non-Legacy animations cannot be sampled outside the Editor without an Animator. If you want to sample this clip outside the Editor, add an Animator Component to this GameObject
Non-Legacy animations cannot be sampled outside the Editor without an Animator. If you want to sample this clip outside the Editor, add an Animator Component to this GameObject
Non-Legacy animations cannot be sampled outside the Editor without an Animator. If you want to sample this clip outside the Editor, add an Animator Component to this GameObject
Non-Legacy animations cannot be sampled outside the Editor without an Animator. If you want to sample this clip outside the Editor, add an Animator Component to this GameObject
Non-Legacy animations cannot be sampled outside the Editor without an Animator. If you want to sample this clip outside the Editor, add an Animator Component to this GameObject
Non-Legacy animations cannot be sampled outside the Editor without an Animator. If you want to sample this clip outside the Editor, add an Animator Component to this GameObject
Non-Legacy animations cannot be sampled outside the Editor without an Animator. If you want to sample this clip outside the Editor, add an Animator Component to this GameObject
Non-Legacy animations cannot be sampled outside the Editor without an Animator. If you want to sample this clip outside the Editor, add an Animator Component to this GameObject
Non-Legacy animations cannot be sampled outside the Editor without an Animator. If you want to sample this clip outside the Editor, add an Animator Component to this GameObject
Non-Legacy animations cannot be sampled outside the Editor without an Animator. If you want to sample this clip outside the Editor, add an Animator Component to this GameObject
Non-Legacy animations cannot be sampled outside the Editor without an Animator. If you want to sample this clip outside the Editor, add an Animator Component to this GameObject
Non-Legacy animations cannot be sampled outside the Editor without an Animator. If you want to sample this clip outside the Editor, add an Animator Component to this GameObject
Non-Legacy animations cannot be sampled outside the Editor without an Animator. If you want to sample this clip outside the Editor, add an Animator Component to this GameObject
Non-Legacy animations cannot be sampled outside the Editor without an Animator. If you want to sample this clip outside the Editor, add an Animator Component to this GameObject
Non-Legacy animations cannot be sampled outside the Editor without an Animator. If you want to sample this clip outside the Editor, add an Animator Component to this GameObject
Non-Legacy animations cannot be sampled outside the Editor without an Animator. If you want to sample this clip outside the Editor, add an Animator Component to this GameObject
Non-Legacy animations cannot be sampled outside the Editor without an Animator. If you want to sample this clip outside the Editor, add an Animator Component to this GameObject
Non-Legacy animations cannot be sampled outside the Editor without an Animator. If you want to sample this clip outside the Editor, add an Animator Component to this GameObject
Non-Legacy animations cannot be sampled outside the Editor without an Animator. If you want to sample this clip outside the Editor, add an Animator Component to this GameObject
Non-Legacy animations cannot be sampled outside the Editor without an Animator. If you want to sample this clip outside the Editor, add an Animator Component to this GameObject
Non-Legacy animations cannot be sampled outside the Editor without an Animator. If you want to sample this clip outside the Editor, add an Animator Component to this GameObject
Non-Legacy animations cannot be sampled outside the Editor without an Animator. If you want to sample this clip outside the Editor, add an Animator Component to this GameObject
Non-Legacy animations cannot be sampled outside the Editor without an Animator. If you want to sample this clip outside the Editor, add an Animator Component to this GameObject
Non-Legacy animations cannot be sampled outside the Editor without an Animator. If you want to sample this clip outside the Editor, add an Animator Component to this GameObject
Non-Legacy animations cannot be sampled outside the Editor without an Animator. If you want to sample this clip outside the Editor, add an Animator Component to this GameObject
Non-Legacy animations cannot be sampled outside the Editor without an Animator. If you want to sample this clip outside the Editor, add an Animator Component to this GameObject
Non-Legacy animations cannot be sampled outside the Editor without an Animator. If you want to sample this clip outside the Editor, add an Animator Component to this GameObject
Non-Legacy animations cannot be sampled outside the Editor without an Animator. If you want to sample this clip outside the Editor, add an Animator Component to this GameObject
Non-Legacy animations cannot be sampled outside the Editor without an Animator. If you want to sample this clip outside the Editor, add an Animator Component to this GameObject
Non-Legacy animations cannot be sampled outside the Editor without an Animator. If you want to sample this clip outside the Editor, add an Animator Component to this GameObject
Non-Legacy animations cannot be sampled outside the Editor without an Animator. If you want to sample this clip outside the Editor, add an Animator Component to this GameObject
Non-Legacy animations cannot be sampled outside the Editor without an Animator. If you want to sample this clip outside the Editor, add an Animator Component to this GameObject
Non-Legacy animations cannot be sampled outside the Editor without an Animator. If you want to sample this clip outside the Editor, add an Animator Component to this GameObject
Non-Legacy animations cannot be sampled outside the Editor without an Animator. If you want to sample this clip outside the Editor, add an Animator Component to this GameObject
Non-Legacy animations cannot be sampled outside the Editor without an Animator. If you want to sample this clip outside the Editor, add an Animator Component to this GameObject
Non-Legacy animations cannot be sampled outside the Editor without an Animator. If you want to sample this clip outside the Editor, add an Animator Component to this GameObject
Non-Legacy animations cannot be sampled outside the Editor without an Animator. If you want to sample this clip outside the Editor, add an Animator Component to this GameObject
Non-Legacy animations cannot be sampled outside the Editor without an Animator. If you want to sample this clip outside the Editor, add an Animator Component to this GameObject
Non-Legacy animations cannot be sampled outside the Editor without an Animator. If you want to sample this clip outside the Editor, add an Animator Component to this GameObject
Non-Legacy animations cannot be sampled outside the Editor without an Animator. If you want to sample this clip outside the Editor, add an Animator Component to this GameObject
Non-Legacy animations cannot be sampled outside the Editor without an Animator. If you want to sample this clip outside the Editor, add an Animator Component to this GameObject
Non-Legacy animations cannot be sampled outside the Editor without an Animator. If you want to sample this clip outside the Editor, add an Animator Component to this GameObject
Non-Legacy animations cannot be sampled outside the Editor without an Animator. If you want to sample this clip outside the Editor, add an Animator Component to this GameObject
Non-Legacy animations cannot be sampled outside the Editor without an Animator. If you want to sample this clip outside the Editor, add an Animator Component to this GameObject
Non-Legacy animations cannot be sampled outside the Editor without an Animator. If you want to sample this clip outside the Editor, add an Animator Component to this GameObject
Non-Legacy animations cannot be sampled outside the Editor without an Animator. If you want to sample this clip outside the Editor, add an Animator Component to this GameObject
Non-Legacy animations cannot be sampled outside the Editor without an Animator. If you want to sample this clip outside the Editor, add an Animator Component to this GameObject
Non-Legacy animations cannot be sampled outside the Editor without an Animator. If you want to sample this clip outside the Editor, add an Animator Component to this GameObject
Non-Legacy animations cannot be sampled outside the Editor without an Animator. If you want to sample this clip outside the Editor, add an Animator Component to this GameObject
Non-Legacy animations cannot be sampled outside the Editor without an Animator. If you want to sample this clip outside the Editor, add an Animator Component to this GameObject
Non-Legacy animations cannot be sampled outside the Editor without an Animator. If you want to sample this clip outside the Editor, add an Animator Component to this GameObject
[LocalReplay] Invalid recorded object
[LocalReplay] Invalid recorded object
[OwnerUiReview] return-to-home
[Net] offline
Unloading 4 Unused Serialized files (Serialized files now loaded: 0)
[LocalReplay] Invalid recorded object
UnloadTime: 7.342900 ms
Unloading 985 unused Assets to reduce memory usage. Loaded Objects now: 9329.
Total: 8.520300 ms (FindLiveObjects: 0.672900 ms CreateObjectMapping: 1.237400 ms MarkObjects: 4.779100 ms  DeleteObjects: 1.830700 ms)

Unexpected timestamp values detected. This can occur in H.264 videos not encoded with the baseline profile. Timestamps will be skewed to correct the playback for C:/Users/matth/Documents/Codex/work/tump-competition-candidate1003i/Builds/release-ui-perf1008g/TumbangPreso_Data/resources.resource
Color primaries 0 is unknown or unsupported by WindowsMediaFoundation. Falling back to default may result in color shift. C:/Users/matth/Documents/Codex/work/tump-competition-candidate1003i/Builds/release-ui-perf1008g/TumbangPreso_Data/resources.resource
First video frame not zero: 4 (0.133333s). Result may be out of sync. Please make sure tracks all start at 0 in C:/Users/matth/Documents/Codex/work/tump-competition-candidate1003i/Builds/release-ui-perf1008g/TumbangPreso_Data/resources.resource
[OwnerUiReview] Classic-result-match-entry
[Net] offline
Unloading 5 Unused Serialized files (Serialized files now loaded: 0)
UnloadTime: 2.396900 ms
[Env] repainted 371 of 1117 renderers, 161 with a roof variant.
[NearFade] 1349 occluder nodes matched, 246 renderers moved onto TumbangPreso/NearFade.
[WorldLook] Eskinita: lifted 2 court ground slots over 2 material(s) by 1.6.
Unloading 60 unused Assets to reduce memory usage. Loaded Objects now: 17548.
Total: 9.639400 ms (FindLiveObjects: 1.865500 ms CreateObjectMapping: 1.929100 ms MarkObjects: 5.634500 ms  DeleteObjects: 0.210000 ms)

[ArenaPrewarm] drew 20 views in 0.24 s.
[HubLoading] Eskinita ready after 0.51 s.
[Slice] round 1 begins, taya is seat 0
[OwnerUiReview] Classic-natural-custom-round-and-match-end
[ModelPreviewLoad] model=character-female-f stage=prepare instantiate_ms=0.086 toon_ms=0.026 pet_ms=0.000 idle_bind_ms=0.013 prepare_cpu_ms=0.160 scope=opt-in-cpu-includes-probe-overhead
[Slice] match over. scores: 580 / 0 / 0 / 150. seat 0 wins
[ModelPreviewLoad] model=character-female-f stage=first-step texture_cpu_ms=0.005 sample_cpu_ms=0.019 framing_cpu_ms=0.024 step_cpu_ms=0.051 scope=cpu-only-not-gpu-or-present
[OwnerUiReview] classic-result-return
[Net] offline
Unloading 4 Unused Serialized files (Serialized files now loaded: 0)
UnloadTime: 5.895800 ms
Unloading 669 unused Assets to reduce memory usage. Loaded Objects now: 9308.
Total: 7.882400 ms (FindLiveObjects: 0.660700 ms CreateObjectMapping: 1.418200 ms MarkObjects: 4.860700 ms  DeleteObjects: 0.942600 ms)

Unexpected timestamp values detected. This can occur in H.264 videos not encoded with the baseline profile. Timestamps will be skewed to correct the playback for C:/Users/matth/Documents/Codex/work/tump-competition-candidate1003i/Builds/release-ui-perf1008g/TumbangPreso_Data/resources.resource
Color primaries 0 is unknown or unsupported by WindowsMediaFoundation. Falling back to default may result in color shift. C:/Users/matth/Documents/Codex/work/tump-competition-candidate1003i/Builds/release-ui-perf1008g/TumbangPreso_Data/resources.resource
First video frame not zero: 4 (0.133333s). Result may be out of sync. Please make sure tracks all start at 0 in C:/Users/matth/Documents/Codex/work/tump-competition-candidate1003i/Builds/release-ui-perf1008g/TumbangPreso_Data/resources.resource
[OwnerUiReview] HeroStrike-result-match-entry
[Net] offline
Unloading 5 Unused Serialized files (Serialized files now loaded: 0)
UnloadTime: 3.043500 ms
[Env] repainted 371 of 1117 renderers, 161 with a roof variant.
[NearFade] 1349 occluder nodes matched, 246 renderers moved onto TumbangPreso/NearFade.
[WorldLook] Eskinita: lifted 2 court ground slots over 2 material(s) by 1.6.
Unloading 60 unused Assets to reduce memory usage. Loaded Objects now: 17969.
Total: 14.405000 ms (FindLiveObjects: 1.449900 ms CreateObjectMapping: 2.606100 ms MarkObjects: 5.757200 ms  DeleteObjects: 4.591300 ms)

[ArenaPrewarm] drew 20 views in 0.27 s.
[HubLoading] Eskinita ready after 0.56 s.
[Slice] round 1 begins, taya is seat 0
[OwnerUiReview] HeroStrike-natural-custom-round-and-match-end
[ModelPreviewLoad] model=cheska-redesign stage=prepare instantiate_ms=0.070 toon_ms=0.024 pet_ms=0.000 idle_bind_ms=0.014 prepare_cpu_ms=0.143 scope=opt-in-cpu-includes-probe-overhead
[Slice] match over. scores: 680 / 0 / 150 / 0. seat 0 wins
[ModelPreviewLoad] model=cheska-redesign stage=first-step texture_cpu_ms=0.004 sample_cpu_ms=0.021 framing_cpu_ms=0.016 step_cpu_ms=0.045 scope=cpu-only-not-gpu-or-present
[OwnerUiReview] general boot and first-use performance route complete
[OwnerUiReview] PASS
[Physics::Module] Cleanup current backend.
[Physics::Module] Id: 0xf2b8ea05
Input System module state changed to: ShutdownInProgress.
Input Polling Thread exited.
Input System module state changed to: Shutdown.
CodeReloadManager destroyed
