frame,seat,root_metres,animated_metres,error_metres
2,0,0.000205343182,0.000205343182,0
3,0,0.000226400036,0.000226400036,0
4,0,0.000271880417,0.000271880417,0
5,0,0.000252734055,0.000252734055,0
6,0,0.000271880417,0.000271880417,0
7,0,0.000287670468,0.000287670468,0
8,0,0.000307302253,0.000307302253,0
9,0,0.000328359078,0.000328359078,0
10,0,0.000365216343,0.000365216343,0
11,0,0.000420744967,0.000420744967,0
12,0,0.00043366407,0.00043366407,0
13,0,0.00043366407,0.00043366407,0
14,0,0.000433189067,0.000433189067,0
15,0,0.000463344069,0.000463344069,0
16,0,0.0004839259,0.0004839259,0
17,0,0.0005523736,0.0005523736,0
17,1,3.63930158E-05,3.637192E-05,2.10966391E-08
18,0,0.000616514939,0.000616514939,0
18,1,6.791373E-05,6.795222E-05,3.84898158E-08
19,0,0.00064762,0.00064762,0
19,1,9.76957745E-05,9.765271E-05,4.30663931E-08
20,0,0.000623702654,0.000623702654,0
20,1,0.000117749092,0.000117770083,2.09911377E-08
21,0,0.0006002395,0.0006002395,0
21,1,0.0001330538,0.0001330538,0
22,0,0.000616029545,0.000616029545,0
22,1,0.000154120964,0.000154120964,0
23,0,0.000625613146,0.000625613146,0
23,1,0.000172338216,0.000173288165,9.49949E-07
24,0,0.0006275132,0.0006275132,0
24,1,0.00018954277,0.000188592719,9.500509E-07
25,0,0.000645719934,0.000645719934,0
25,1,0.000208689133,0.000208689133,0
26,0,0.0006658163,0.0006658163,0
26,1,0.000230706413,0.000230706413,0
27,0,0.0006897441,0.0006897441,0
27,1,0.000251794525,0.000251794525,0
28,0,0.0006782604,0.0006782604,0
28,1,0.000261295558,0.000261336449,4.08908818E-08
29,0,0.0007438372,0.0007438372,0
29,1,0.000299692067,0.000299649953,4.21132427E-08
30,0,0.0008893454,0.0008893454,0
30,1,0.00037530635,0.000375264557,4.17931E-08
31,0,0.0009793458,0.0009793458,0
31,1,0.000433633075,0.0004336745,4.141475E-08
32,0,0.000850577664,0.000850577664,0
32,1,0.000392490067,0.000392490067,0
33,0,0.0008304709,0.0008304709,0
33,1,0.000395381765,0.000395381765,0
34,0,0.000790267659,0.000790267659,0
34,1,0.0003876777,0.0003876983,2.0605512E-08
35,0,0.000817551743,0.000817551743,0
35,1,0.000411678135,0.0004116572,2.09256541E-08
36,0,0.000908016751,0.000908016751,0
36,1,0.00046812545,0.00046812545,0
37,0,0.0008711595,0.0008711595,0
37,1,0.000460462761,0.000460462761,0
38,0,0.000866378134,0.000866378134,0
38,1,0.0004681463,0.000468146318,2.910383E-11
39,0,0.0009017895,0.0009017895,0
39,1,0.000496834633,0.000496834633,0
39,2,1.43051147E-05,1.43051147E-05,0
40,0,0.000902275,0.000902275,0
40,1,0.000506439,0.000506439,0
40,2,3.528595E-05,3.52859461E-05,3.637979E-12
41,0,0.000964980864,0.0009649808,5.820766E-11
41,1,0.000552352867,0.000552352867,0
41,2,5.91278076E-05,5.91278076E-05,0
42,0,0.00109277817,0.00109277817,0
42,1,0.0006366218,0.0006366218,0
42,2,9.250641E-05,9.25064E-05,7.275958E-12
43,0,0.00110091583,0.00110091583,0
43,1,0.00065289723,0.00065289723,0
43,2,0.000118255615,0.000118255615,0
44,0,0.00111719128,0.00111719128,0
44,1,0.0006749145,0.0006749145,0
44,2,0.00014591217,0.00014591217,0
45,0,0.00115596945,0.00115596945,0
45,1,0.0007093655,0.0007093654,5.820766E-11
45,2,0.0001745224,0.0001745224,0
46,0,0.00117223454,0.00117223454,0
46,1,0.0007294827,0.0007294827,0
46,2,0.000201225281,0.000201225281,0
47,0,0.001155009,0.001155009,0
47,1,0.0007304327,0.0007304327,0
47,2,0.000221252441,0.000221252441,0
48,0,0.00106262311,0.00106262311,0
48,1,0.0006797063,0.0006797063,0
48,2,0.000222206116,0.0002222061,1.45519152E-11
49,0,0.00111432036,0.00111432036,0
49,1,0.000721819932,0.000721799152,2.07801349E-08
49,2,0.000250816345,0.000250816345,0
50,0,0.00124403858,0.00124403858,0
50,1,0.0008146809,0.000814701663,2.07801349E-08
50,2,0.000301361084,0.000301361055,2.910383E-11
51,0,0.00112101226,0.00112101226,0
51,1,0.0007428664,0.0007428664,0
51,2,0.000288963318,0.0002889633,2.910383E-11
52,0,0.00113108126,0.00113108126,0
52,1,0.000757283531,0.0007572417,4.18513082E-08
52,2,0.0003080368,0.000308036775,2.910383E-11
53,0,0.00113441679,0.00113441679,0
53,1,0.0007667632,0.000766804558,4.13856469E-08
53,2,0.000326156616,0.0003261566,2.910383E-11
54,0,0.001143515,0.001143515,0
54,1,0.000779300753,0.000779259,4.17348929E-08
54,2,0.00034236908,0.00034236908,0
55,0,0.00122537767,0.00122537767,0
55,1,0.0008434108,0.0008434108,0
55,2,0.00038433075,0.00038433075,0
56,0,0.00141922676,0.00141922676,0
56,1,0.0009850358,0.0009860273,9.915093E-07
56,2,0.000465393066,0.000465393066,0
57,0,0.00136656908,0.00136656908,0
57,1,0.000959239,0.0009582889,9.50123649E-07
57,2,0.000467300415,0.000467300415,0
58,0,0.00123159448,0.00123159448,0
58,1,0.000871190743,0.000871149066,4.16766852E-08
58,2,0.000436782837,0.0004367828,2.910383E-11
59,0,0.00131918851,0.00131918851,0
59,1,0.000940051163,0.000940092665,4.15020622E-08
59,2,0.000484466553,0.000484466553,0
60,0,0.00146804273,0.00146804273,0
60,1,0.00105402083,0.00105402071,1.16415322E-10
60,2,0.0005559921,0.0005559921,0
61,0,0.00145368814,0.00145368814,0
61,1,0.00105302921,0.00105302921,0
61,2,0.000569343567,0.000569343567,0
62,0,0.00145177764,0.00145177764,0
62,1,0.00105693343,0.0010588126,1.87917612E-06
62,2,0.0005865097,0.0005865097,0
62,3,2.38847351E-05,2.391803E-05,3.3294782E-08
63,0,0.00137949851,0.00137949851,0
63,1,0.00101566582,0.00101378642,1.879409E-06
63,2,0.0005722046,0.0005722046,0
63,3,4.69726947E-05,4.7876445E-05,9.03750333E-07
64,0,0.00142113725,0.00142113725,0
64,1,0.00105114991,0.00105114991,0
64,2,0.0006046295,0.0006046295,0
64,3,7.46250153E-05,7.371454E-05,9.10476956E-07
65,0,0.00135364989,0.00135364989,0
65,1,0.00100709451,0.00100709451,0
65,2,0.0005893707,0.000589370669,5.820766E-11
65,3,9.28609E-05,9.28609E-05,0
66,0,0.00134934357,0.00134934357,0
66,1,0.00101093622,0.0010109361,1.16415322E-10
66,2,0.000599861145,0.000599861145,0
66,3,0.000113907452,0.000113907452,0
67,0,0.001395774,0.001395774,0
67,1,0.001050179,0.001050179,0
67,2,0.0006341934,0.0006341934,0
67,3,0.000138816336,0.000138816336,0
68,0,0.00139912,0.00139912,0
68,1,0.0010578417,0.00105879176,9.50065441E-07
68,2,0.000647544861,0.000647544861,0
68,3,0.00015988361,0.00015988361,0
69,0,0.00144603581,0.00144603581,0
69,1,0.00110185554,0.00110090547,9.50065441E-07
69,2,0.0006828308,0.0006828308,0
69,3,0.0001857218,0.0001857218,0
70,0,0.00144267944,0.00144267944,0
70,1,0.00110383891,0.00110379723,4.16766852E-08
70,2,0.0006933212,0.0006933212,0
70,3,0.000206810088,0.0002067683,4.17931E-08
71,0,0.001592019,0.001592019,0
71,1,0.00122346717,0.001224417,9.498326E-07
71,2,0.0007791519,0.0007791519,0
71,3,0.000250782352,0.0002508236,4.12401278E-08
72,0,0.00152166083,0.00152166083,0
72,1,0.00117749092,0.00117654086,9.50065441E-07
72,2,0.000759124756,0.000759124756,0
72,3,0.000262307236,0.000262307236,0
73,0,0.001474745,0.001474745,0
73,1,0.00114586938,0.00114591082,4.14438546E-08
73,2,0.000746727,0.000746727,0
73,3,0.000273832848,0.0002737909,4.193862E-08
74,0,0.00147715129,0.00147715129,0
74,1,0.00115262356,0.00115262356,0
74,2,0.000759124756,0.000759124756,0
74,3,0.0002929166,0.000292937271,2.066372E-08
75,0,0.00152500672,0.00152500672,0
75,1,0.00119568722,0.00119568722,0
75,2,0.0007953644,0.0007953644,0
75,3,0.000320675725,0.0003206964,2.066372E-08
76,0,0.00151448348,0.00151448348,0
76,1,0.00119279558,0.0011928163,2.07219273E-08
76,2,0.0008010864,0.000801086368,5.820766E-11
76,3,0.000337942678,0.000337942678,0
77,0,0.00152022531,0.00152022531,0
77,1,0.00120239984,0.001202379,2.08383426E-08
77,2,0.0008163452,0.0008163452,0
77,3,0.000358018355,0.00035706826,9.50094545E-07
78,0,0.00154032174,0.00154032186,1.16415322E-10
78,1,0.00122251711,0.00122251711,0
78,2,0.0008363724,0.0008363723,5.820766E-11
78,3,0.000378177268,0.000379106321,9.290525E-07
79,0,0.00166860444,0.00166860444,0
79,1,0.00132973259,0.00132971175,2.08383426E-08
79,2,0.000918388367,0.000918388367,0
79,3,0.0004307828,0.000430803571,2.07801349E-08
80,0,0.00156474533,0.00156474533,0
80,1,0.00125310558,0.00125312631,2.07219273E-08
80,2,0.000872612,0.000872612,0
80,3,0.000421240838,0.000421219971,2.08674464E-08
81,0,0.00166381267,0.00166381267,0
81,1,0.00133640366,0.0013364245,2.08383426E-08
81,2,0.0009384155,0.000938415469,5.820766E-11
81,3,0.0004671754,0.000467154663,2.07510311E-08
82,0,0.00184140715,0.00184140715,0
82,1,0.00148577441,0.00148575357,2.08383426E-08
82,2,0.00105190277,0.00105190277,0
82,3,0.0005379776,0.000538019056,4.14438546E-08
83,0,0.00175476307,0.00175476307,0
83,1,0.00142162258,0.00142162258,0
83,2,0.00101470947,0.00101470947,0
83,3,0.0005313272,0.0005322772,9.50007234E-07
84,0,0.00163845986,0.00163845986,0
84,1,0.00133159116,0.00133163261,4.14438546E-08
84,2,0.0009584427,0.0009584427,0
84,3,0.0005150517,0.00051503093,2.07801349E-08
85,0,0.00171311409,0.00171311409,0
85,1,0.00139772613,0.00139768445,4.16766852E-08
85,2,0.00101184845,0.00101184845,0
85,3,0.000557186257,0.000556215353,9.709038E-07
86,0,0.00176769262,0.00176769262,0
86,1,0.00144651078,0.00144746085,9.50065441E-07
86,2,0.00105571747,0.00105571735,1.16415322E-10
86,3,0.000591554563,0.0005916164,6.18165359E-08
87,0,0.0018806603,0.00188066019,1.16415322E-10
87,1,0.00154511351,0.00154416345,9.50065441E-07
87,2,0.00113391876,0.00113391876,0
87,3,0.000649076246,0.000649055466,2.07801349E-08
88,0,0.00193187222,0.00193187222,0
88,1,0.001592969,0.001592969,0
88,2,0.00117874146,0.00117874134,1.16415322E-10
88,3,0.00068643986,0.0006863981,4.17348929E-08
89,0,0.00208695349,0.00208695349,0
89,1,0.00172705611,0.00172701431,4.17931E-08
89,2,0.001285553,0.001285553,0
89,3,0.000764821831,0.0007649045,8.265488E-08
90,0,0.001998399,0.001998399,0
90,1,0.00165999169,0.00165999169,0
90,2,0.001244545,0.001244545,0
90,3,0.0007524917,0.000752449967,4.17348929E-08
91,0,0.00187969988,0.00187969988,0
91,1,0.00156611856,0.00156616,4.14438546E-08
91,2,0.00118160248,0.00118160236,1.16415322E-10
91,3,0.000726611761,0.000726611761,0
92,0,0.00186533493,0.00186533493,0
92,1,0.00155853888,0.00155853888,0
92,2,0.00118255615,0.001182556,1.16415322E-10
92,3,0.000738137169,0.0007380954,4.17931E-08
93,0,0.00192086352,0.00192086364,1.16415322E-10
93,1,0.00161019457,0.00161019457,0
93,2,0.00122833252,0.0012283324,1.16415322E-10
93,3,0.0007754173,0.0007763881,9.707874E-07
94,0,0.0019558,0.0019558,0
94,1,0.00164369552,0.00164371624,2.07219273E-08
94,2,0.00126075745,0.00126075745,0
94,3,0.000809847668,0.000808918267,9.294017E-07
95,0,0.00200894312,0.00200894312,0
95,1,0.00169446354,0.00169446354,0
95,2,0.00130653381,0.0013065337,1.16415322E-10
95,3,0.0008482026,0.0008482026,0
96,0,0.00237223855,0.00237223855,0
96,1,0.002006568,0.002006547,2.09547579E-08
96,2,0.00155639648,0.00155639648,0
96,3,0.00102432,0.00102337,9.50065441E-07
97,0,0.00202568318,0.00202568318,0
97,1,0.00171838084,0.00171838072,1.16415322E-10
97,2,0.00133991241,0.00133991241,0
97,3,0.00089221634,0.0008931664,9.50065441E-07
98,0,0.00203621667,0.00203621667,0
98,1,0.00173178536,0.00173178525,1.16415322E-10
98,2,0.00135707855,0.00135707855,0
98,3,0.0009142336,0.0009142544,2.07801349E-08
99,0,0.00206302572,0.00206302572,0
99,1,0.00175956532,0.00175956532,0
99,2,0.00138568878,0.00138568878,0
99,3,0.0009439762,0.000943913648,6.25732355E-08
100,0,0.00207834085,0.00207834085,0
100,1,0.00177778245,0.00177774066,4.17931E-08
100,2,0.001405716,0.00140571583,1.16415322E-10
100,3,0.000966839551,0.000966880936,4.13856469E-08
101,0,0.00211663358,0.00211663358,0
101,1,0.00181411265,0.00181411265,0
101,2,0.00144195557,0.00144195557,0
101,3,0.00100141531,0.00100137352,4.17931E-08
102,0,0.002194169,0.002194169,0
102,1,0.00188588561,0.001885927,4.14438546E-08
102,2,0.00150489807,0.001504898,1.16415322E-10
102,3,0.00105490873,0.00105495006,4.132744E-08
103,0,0.00237415941,0.00237415941,0
103,1,0.00204674,0.00204674,0
103,2,0.00164031982,0.00164031982,0
103,3,0.00116123632,0.00116123632,0
104,0,0.00251679658,0.00251679658,0
104,1,0.00217502262,0.002175043,2.04890966E-08
104,2,0.00175189972,0.0017518996,1.16415322E-10
104,3,0.00125217624,0.00125217624,0
105,0,0.00240047253,0.00240047253,0
105,1,0.00208028243,0.00208024075,4.16766852E-08
105,2,0.00168228149,0.00168228149,0
105,3,0.00121384207,0.00121388352,4.14438546E-08
106,0,0.00227123988,0.00227123988,0
106,1,0.001972117,0.00197209627,2.07219273E-08
106,2,0.00160312653,0.00160312641,1.16415322E-10
106,3,0.00116604893,0.00116600725,4.16766852E-08
107,0,0.00215923251,0.00215923251,0
107,1,0.001880123,0.00188016437,4.132744E-08
107,2,0.00153255463,0.00153255463,0
107,3,0.00112294359,0.00112294359,0
108,0,0.002319106,0.002319106,0
108,1,0.00202377257,0.00202377257,0
108,2,0.00165557861,0.0016555785,1.16415322E-10
108,3,0.00122245483,0.00122249627,4.14438546E-08
109,0,0.00245600124,0.00245600124,0
109,1,0.002147305,0.00214726361,4.14438546E-08
109,2,0.00176429749,0.00176429749,0
109,3,0.001311578,0.00131248625,9.08272341E-07
110,0,0.00243877573,0.00243877573,0
110,1,0.0021376384,0.00213770079,6.239861E-08
110,2,0.00176334381,0.00176334381,0
110,3,0.00132209074,0.001321099,9.917421E-07
111,0,0.00235739863,0.00235739863,0
111,1,0.00207074056,0.00207067817,6.239861E-08
111,2,0.00171375275,0.00171375275,0
111,3,0.00129143987,0.00129238993,9.50065441E-07
112,0,0.00244164676,0.00244164676,0
112,1,0.002150093,0.00215013418,4.12110239E-08
112,2,0.00178432465,0.00178432465,0
112,3,0.0013555293,0.00135555,2.07219273E-08
113,0,0.00273075257,0.00273075257,0
113,1,0.00240862067,0.00240862067,0
113,2,0.00200748444,0.00200748444,0
113,3,0.00153550925,0.0015345799,9.293435E-07
114,0,0.00286621251,0.00286621251,0
114,1,0.00253498252,0.00253498252,0
114,2,0.002120018,0.002120018,0
114,3,0.00163223257,0.00163223257,0
115,0,0.0025234886,0.0025234886,0
115,1,0.002236262,0.00223630317,4.12110239E-08
115,2,0.00187778473,0.00187778461,1.16415322E-10
115,3,0.00145417359,0.00145417359,0
116,0,0.00272597116,0.00272597116,0
116,1,0.00242107525,0.00242105452,2.07219273E-08
116,2,0.002038002,0.00203800178,2.32830644E-10
116,3,0.00158914807,0.00158914807,0
117,0,0.00293418532,0.00293418532,0
117,1,0.002611589,0.002611568,2.09547579E-08
117,2,0.00220680237,0.00220680214,2.32830644E-10
117,3,0.001730877,0.0017308353,4.16766852E-08
118,0,0.00253545772,0.00253545772,0
118,1,0.00226123328,0.00226119161,4.16766852E-08
118,2,0.00191688538,0.00191688538,0
118,3,0.00151157111,0.00151161267,4.156027E-08
119,0,0.002942798,0.002942798,0
119,1,0.002629702,0.00262974342,4.14438546E-08
119,2,0.00223636627,0.002236366,2.32830644E-10
119,3,0.00177292828,0.001772949,2.07219273E-08
120,0,0.00296386518,0.00296386518,0
120,1,0.00265370263,0.00265370263,0
120,2,0.00226402283,0.00226402259,2.32830644E-10
120,3,0.00180552073,0.00180549989,2.08383426E-08
121,0,0.00389724527,0.00389724527,0
121,1,0.00349804247,0.00349804247,0
121,2,0.00299453735,0.00299453735,0
121,3,0.00240287883,0.00240287883,0
122,0,0.00400015432,0.00400015432,0
122,1,0.003599516,0.003599516,0
122,2,0.00309371948,0.00309371948,0
122,3,0.00250055245,0.00250051077,4.16766852E-08
123,0,0.003756529,0.003756529,0
123,1,0.003388927,0.00338890613,2.09547579E-08
123,2,0.00292396545,0.00292396545,0
123,3,0.00237704068,0.00237799063,9.49949E-07
124,0,0.004250978,0.004250978,0
124,1,0.00384362717,0.003843648,2.07219273E-08
124,2,0.003329277,0.00332927681,2.32830644E-10
124,3,0.0027244424,0.00272357534,8.670613E-07
125,0,0.003246269,0.003246269,0
125,1,0.002942798,0.00294279773,2.32830644E-10
125,2,0.00255584717,0.002555847,2.32830644E-10
125,3,0.0021032705,0.002103229,4.14438546E-08
126,0,0.003899641,0.00389964134,2.32830644E-10
126,1,0.003541127,0.003541127,0
126,2,0.00308609,0.00308609,0
126,3,0.00255315821,0.00255315821,0
127,0,0.003875703,0.003875703,0
127,1,0.00352772255,0.00352772255,0
127,2,0.00308418274,0.00308418274,0
127,3,0.0025646626,0.0025646626,0
128,0,0.0034602352,0.0034602352,0
128,1,0.003155308,0.003155308,0
128,2,0.00276660919,0.00276660919,0
128,3,0.002310968,0.002310968,0
129,0,0.004082492,0.004082492,0
129,1,0.003729699,0.00372974062,4.16766852E-08
129,2,0.00328063965,0.00328063965,0
129,3,0.00275325519,0.00275325519,0
130,0,0.00379959261,0.00379959261,0
130,1,0.00347893778,0.003478896,4.16766852E-08
130,2,0.00306797028,0.00306797028,0
130,3,0.00258765067,0.00258763,2.07219273E-08
131,0,0.004306021,0.004306021,0
131,1,0.00394989271,0.00394989271,0
131,2,0.0034942627,0.00349426246,2.32830644E-10
131,3,0.00296002347,0.00296004442,2.09547579E-08
132,0,0.00344711985,0.00344711985,0
132,1,0.0031773462,0.0031773462,0
132,2,0.0028181076,0.0028181076,0
132,3,0.00239808718,0.00239806646,2.07219273E-08
133,0,0.00375802559,0.00375802559,0
133,1,0.003471192,0.00347123342,4.14438546E-08
133,2,0.00308513641,0.00308513618,2.32830644E-10
133,3,0.00263453531,0.00263455627,2.09547579E-08
134,0,0.00323561835,0.00323561835,0
134,1,0.002992616,0.00299257436,4.16766852E-08
134,2,0.002667427,0.002667427,0
134,3,0.00228612148,0.00228607981,4.16766852E-08
135,0,0.00380001147,0.00380001171,2.32830644E-10
135,1,0.00352103077,0.00352103054,2.32830644E-10
135,2,0.00314331055,0.00314331055,0
135,3,0.00270347879,0.00270347879,0
136,0,0.00359342922,0.00359342922,0
136,1,0.0033343588,0.003334338,2.07219273E-08
136,2,0.00298500061,0.00298500061,0
136,3,0.00257608388,0.00257612555,4.16766852E-08
137,0,0.003707457,0.003707457,0
137,1,0.00344537455,0.003445395,2.04890966E-08
137,2,0.00309085846,0.00309085846,0
137,3,0.00267666974,0.00267666974,0
138,0,0.00366976438,0.00366976438,0
138,1,0.00341571518,0.00341571518,0
138,2,0.00306987762,0.00306987762,0
138,3,0.0026670862,0.0026670862,0
139,0,0.003813848,0.00381384813,2.32830644E-10
139,1,0.00355552323,0.00355548132,4.19095159E-08
139,2,0.00320243835,0.00320243812,2.32830644E-10
139,3,0.00279057724,0.002790598,2.07219273E-08
140,0,0.00378999161,0.00378999137,2.32830644E-10
140,1,0.0035382146,0.003538256,4.14438546E-08
140,2,0.00319385529,0.00319385529,0
140,3,0.00279251882,0.002792498,2.07219273E-08
141,0,0.003492769,0.003492769,0
141,1,0.00326446514,0.00326446514,0
141,2,0.00295257568,0.00295257545,2.32830644E-10
141,3,0.00258860062,0.00258860062,0
142,0,0.0035419038,0.0035419038,0
142,1,0.00331519172,0.00331519172,0
142,2,0.00300312042,0.00300312042,0
142,3,0.00264031882,0.00264027715,4.16766852E-08
143,0,0.003502785,0.003502785,0
143,1,0.00328259915,0.00328264083,4.16766852E-08
143,2,0.00298023224,0.002980232,2.32830644E-10
143,3,0.002626852,0.00262689334,4.14438546E-08
144,0,0.00392930163,0.00392930163,0
144,1,0.00368764764,0.00368760619,4.14438546E-08
144,2,0.00335216522,0.00335216522,0
144,3,0.00296384445,0.00296384445,0
145,0,0.004554291,0.004554291,0
145,1,0.00428019324,0.00428017229,2.09547579E-08
145,2,0.003900528,0.00390052772,2.32830644E-10
145,3,0.00345689966,0.00345689966,0
146,0,0.0048171645,0.0048171645,0
146,1,0.004520627,0.00452063652,9.313226E-09
146,2,0.00413894653,0.00413894653,0
146,3,0.0036818434,0.0036818434,0
147,0,0.00500466,0.00500466,0
147,1,0.00470218342,0.004702183,4.656613E-10
147,2,0.0043182373,0.004318237,4.656613E-10
147,3,0.00385223981,0.00385223981,0
148,0,0.00418692874,0.00418692874,0
148,1,0.00393980229,0.00393980229,0
148,2,0.0036239624,0.0036239624,0
148,3,0.0032434396,0.003243398,4.16766852E-08
149,0,0.00408674125,0.00408674125,0
149,1,0.00385106425,0.00385105633,7.916242E-09
149,2,0.00354862213,0.00354862213,0
149,3,0.00318304659,0.003183088,4.14438546E-08
150,0,0.00439875759,0.00439875759,0
150,1,0.004149709,0.00414971635,7.450581E-09
150,2,0.00383090973,0.0038309095,2.32830644E-10
150,3,0.00344539527,0.00344539527,0
151,0,0.00522459857,0.00522459857,0
151,1,0.004935958,0.00493595749,4.656613E-10
151,2,0.004565239,0.004565239,0
151,3,0.004115518,0.00411648862,9.704381E-07
152,0,0.00451946165,0.00451946165,0
152,1,0.00427567447,0.00427567447,0
152,2,0.003962517,0.003962517,0
152,3,0.00358421169,0.00358324079,9.709038E-07
153,0,0.004610586,0.004610586,0
153,1,0.004367264,0.004367264,0
153,2,0.004053116,0.004053116,0
153,3,0.00367418071,0.00367418071,0
154,0,0.00477374857,0.00477374857,0
154,1,0.004527575,0.004527575,0
154,2,0.004210472,0.004210472,0
154,3,0.00382454321,0.00382450176,4.14438546E-08
155,0,0.00509387441,0.00509387441,0
155,1,0.00483769644,0.004837681,1.53668225E-08
155,2,0.004506111,0.004506111,0
155,3,0.00410498446,0.00410498446,0
156,0,0.003778542,0.003778542,0
156,1,0.00359341386,0.00359342922,1.53668225E-08
156,2,0.00335216522,0.00335216522,0
156,3,0.00305957627,0.003059597,2.07219273E-08
157,0,0.00385869341,0.00385869318,2.32830644E-10
157,1,0.00367167452,0.00367167429,2.32830644E-10
157,2,0.00342941284,0.00342941284,0
157,3,0.00313616171,0.00313618244,2.07219273E-08
158,0,0.003887796,0.003887796,0
158,1,0.00370411319,0.00370411319,0
158,2,0.00346374512,0.00346374512,0
158,3,0.00317352521,0.00317350449,2.07219273E-08
159,0,0.00379810133,0.00379810133,0
159,1,0.00362110231,0.003621102,2.32830644E-10
159,2,0.00339126587,0.00339126587,0
159,3,0.0031122237,0.00311224442,2.07219273E-08
160,0,0.00395936146,0.00395936146,0
160,1,0.003779499,0.003779499,0
160,2,0.00354385376,0.00354385353,2.32830644E-10
160,3,0.0032568234,0.00325680245,2.09547579E-08
161,0,0.003806211,0.00380621129,2.32830644E-10
161,1,0.00363541534,0.00363541534,0
161,2,0.0034122467,0.0034122467,0
161,3,0.00314289518,0.00314287446,2.07219273E-08
162,0,0.00369791384,0.00369791384,0
162,1,0.00353523158,0.00353523158,0
162,2,0.00332260132,0.00332260132,0
162,3,0.00306438887,0.00306438887,0
163,0,0.0035185318,0.0035185318,0
163,1,0.00336728,0.00336728757,7.683411E-09
163,2,0.003168106,0.003168106,0
163,3,0.00292456,0.00292555173,9.916257E-07
164,0,0.00378665165,0.00378665142,2.32830644E-10
164,1,0.003625899,0.00362587557,2.3515895E-08
164,2,0.00341510773,0.00341510773,0
164,3,0.00316016236,0.00315917074,9.916257E-07
165,0,0.00372940325,0.00372940325,0
165,1,0.00357435038,0.00357435038,0
165,2,0.00336933136,0.00336933136,0
165,3,0.00312172412,0.00312180724,8.312054E-08
166,0,0.00369839044,0.00369839044,0
166,1,0.00354762282,0.00354763051,7.683411E-09
166,2,0.00334835052,0.00334835052,0
166,3,0.00310557336,0.0031055524,2.09547579E-08
167,0,0.00360869942,0.00360869942,0
167,1,0.00346462731,0.0034646194,7.916242E-09
167,2,0.00327301025,0.00327301025,0
167,3,0.00304051326,0.00304045063,6.263144E-08
168,0,0.00355001749,0.00355001749,0
168,1,0.003410219,0.00341022667,7.683411E-09
168,2,0.00322532654,0.00322532654,0
168,3,0.00299924565,0.002999287,4.14438546E-08
169,0,0.003848197,0.00384819671,2.32830644E-10
169,1,0.003699355,0.00369934738,7.683411E-09
169,2,0.003501892,0.00350189186,2.32830644E-10
169,3,0.00326248212,0.00326252356,4.14438546E-08
170,0,0.00369696063,0.00369696063,0
170,1,0.00355715468,0.00355717,1.53668225E-08
170,2,0.003370285,0.003370285,0
170,3,0.00314293685,0.00314289518,4.16766852E-08
171,0,0.00361632858,0.00361632858,0
171,1,0.003481792,0.003481792,0
171,2,0.00330257416,0.00330257416,0
171,3,0.00308446446,0.00308351452,9.49949E-07
172,0,0.00337254163,0.00337254163,0
172,1,0.00324897817,0.00324897817,0
172,2,0.00308418274,0.00308418274,0
172,3,0.00288350042,0.002884409,9.08505172E-07
173,0,0.00339496438,0.00339496438,0
173,1,0.003272823,0.00327282283,2.32830644E-10
173,2,0.003109932,0.003109932,0
173,3,0.00291020563,0.002910247,4.14438546E-08
174,0,0.00450610137,0.00450610137,0
174,1,0.004347217,0.004347232,1.53668225E-08
174,2,0.004134178,0.004134178,0
174,3,0.00387522788,0.00387522788,0
175,0,0.0041187075,0.0041187075,0
175,1,0.00397799863,0.00397796743,3.11993062E-08
175,2,0.003786087,0.003786087,0
175,3,0.003543503,0.003543482,2.09547579E-08
176,0,0.0052918666,0.0052918666,0
176,1,0.005113426,0.005113434,7.916242E-09
176,2,0.00487422943,0.00487422943,0
176,3,0.00456574047,0.00456574047,0
177,0,0.00576800248,0.00576800248,0
177,1,0.00558002247,0.00558003038,7.916242E-09
177,2,0.00532341,0.00532341,0
177,3,0.004996039,0.00499606971,3.0733645E-08
178,0,0.004833384,0.004833384,0
178,1,0.004680245,0.004680245,0
178,2,0.004471779,0.004471779,0
178,3,0.00420317147,0.004203156,1.53668225E-08
179,0,0.00467117457,0.00467117457,0
179,1,0.0045266063,0.004526614,7.916242E-09
179,2,0.0043296814,0.004329681,4.656613E-10
179,3,0.00407529948,0.00407529157,7.916242E-09
180,0,0.005659705,0.005659705,0
180,1,0.005489386,0.00548937824,7.916242E-09
180,2,0.005255699,0.005255699,0
180,3,0.004953123,0.00495313061,7.450581E-09
181,0,0.004566213,0.004566213,0
181,1,0.004432157,0.004432157,0
181,2,0.00424766541,0.00424766541,0
181,3,0.00401040632,0.00401040632,0
182,0,0.00472175563,0.00472175563,0
182,1,0.00458864775,0.00458864,7.916242E-09
182,2,0.00440216064,0.00440216064,0
182,3,0.004160225,0.004160217,7.916242E-09
183,0,0.00486693531,0.00486693531,0
183,1,0.00472030928,0.00472031673,7.450581E-09
183,2,0.0045337677,0.0045337677,0
183,3,0.00429091,0.00429093326,2.32830644E-08
184,0,0.005563576,0.005563576,0
184,1,0.00540159363,0.005401593,4.656613E-10
184,2,0.00519275665,0.00519275665,0
184,3,0.00492069963,0.004920692,7.450581E-09
185,0,0.00414065365,0.00414065365,0
185,1,0.00402280549,0.004023766,9.606592E-07
185,2,0.003870964,0.00387096382,2.32830644E-10
185,3,0.003672651,0.00367262773,2.32830644E-08
186,0,0.004291257,0.004291257,0
186,1,0.00417260826,0.004171663,9.452924E-07
186,2,0.00401783,0.00401783,0
186,3,0.00381575036,0.00381575851,8.14907253E-09
187,0,0.00438497262,0.00438497262,0
187,1,0.00426518964,0.00426517427,1.53668225E-08
187,2,0.0041103363,0.0041103363,0
187,3,0.003908301,0.00390830869,7.916242E-09
188,0,0.00445335265,0.00445335265,0
188,1,0.00433577877,0.00433577877,0
188,2,0.004181862,0.004181862,0
188,3,0.00397988176,0.003979874,7.916242E-09
189,0,0.00454658363,0.00454658363,0
189,1,0.004428345,0.004428345,0
189,2,0.004275322,0.004275322,0
189,3,0.004074331,0.004074339,7.916242E-09
190,0,0.0042051943,0.0042051943,0
190,1,0.004099144,0.004099144,0
190,2,0.00395965576,0.00395965576,0
190,3,0.00377663178,0.00377663155,2.32830644E-10
191,0,0.004453828,0.004453828,0
191,1,0.00434342725,0.004343412,1.53668225E-08
191,2,0.00419998169,0.00419998169,0
191,3,0.004009453,0.004009453,0
192,0,0.00460635126,0.00460635126,0
192,1,0.004495113,0.00449512852,1.53668225E-08
192,2,0.00434970856,0.004349708,4.656613E-10
192,3,0.004156389,0.00415639672,7.916242E-09
193,0,0.00469050324,0.00469050324,0
193,1,0.00458101463,0.00458100671,7.916242E-09
193,2,0.00443553925,0.00443553925,0
193,3,0.004242283,0.004243228,9.452924E-07
194,0,0.00475600362,0.00475600362,0
194,1,0.00464683771,0.004646845,7.450581E-09
194,2,0.00450325,0.00450325,0
194,3,0.00431384,0.00431287941,9.606592E-07
195,0,0.004611133,0.004611133,0
195,1,0.004507535,0.00450848835,9.53208655E-07
195,2,0.00437355042,0.00437355,4.656613E-10
195,3,0.00419074157,0.00419074949,7.916242E-09
196,0,0.004441394,0.004441394,0
196,1,0.00435163965,0.00435065944,9.80217E-07
196,2,0.004217148,0.004217148,0
196,3,0.0040466655,0.0040466655,0
197,0,0.00467377156,0.00467377156,0
197,1,0.00458430964,0.00458434457,3.49245965E-08
197,2,0.00444316864,0.00444316864,0
197,3,0.00426708069,0.00426708069,0
198,0,0.004724927,0.004724927,0
198,1,0.00463792169,0.004637921,4.656613E-10
198,2,0.004497528,0.004497528,0
198,3,0.00432337169,0.0043233796,7.916242E-09
199,0,0.00408040173,0.00408040173,0
199,1,0.00400771527,0.00400771527,0
199,2,0.00389003754,0.00389003754,0
199,3,0.00374229439,0.00374228647,7.916242E-09
200,0,0.004177939,0.004177939,0
200,1,0.004105288,0.00410527,1.816079E-08
200,2,0.00398635864,0.00398635864,0
200,3,0.00383675122,0.00383769674,9.45525244E-07
201,0,0.00386907067,0.00386907067,0
201,1,0.00380307715,0.0038040455,9.683426E-07
201,2,0.00369644165,0.00369644142,2.32830644E-10
201,3,0.00356290466,0.00356194354,9.611249E-07
202,0,0.004299394,0.004299394,0
202,1,0.00422957866,0.00422862731,9.51346E-07
202,2,0.00411129,0.00411129,0
202,3,0.00396459224,0.0039646076,1.53668225E-08
203,0,0.00483393855,0.00483393855,0
203,1,0.00475743925,0.004757439,4.656613E-10
203,2,0.004629135,0.004629135,0
203,3,0.00446745567,0.00446745567,0
204,0,0.004425613,0.004425613,0
204,1,0.00435675774,0.00435770862,9.50880349E-07
204,2,0.00424194336,0.00424194336,0
204,3,0.00409820676,0.004098199,7.916242E-09
205,0,0.004966868,0.004966868,0
205,1,0.00489416439,0.00489323074,9.336509E-07
205,2,0.004767418,0.004767418,0
205,3,0.004607719,0.004607719,0
206,0,0.00479999976,0.00479999976,0
206,1,0.004731637,0.004731637,0
206,2,0.00461292267,0.00461292267,0
206,3,0.00446365075,0.004463643,7.916242E-09
207,0,0.00420566974,0.00420566974,0
207,1,0.004147346,0.004147329,1.72294676E-08
207,2,0.00404644,0.00404644,0
207,3,0.00391687965,0.003917848,9.685755E-07
208,0,0.004492082,0.004492082,0
208,1,0.00443231454,0.00443231454,0
208,2,0.0043258667,0.00432586623,4.656613E-10
208,3,0.004192656,0.0041917027,9.53208655E-07
209,0,0.004758399,0.004758399,0
209,1,0.00469716964,0.004697205,3.53902578E-08
209,2,0.004588127,0.00458812667,4.656613E-10
209,3,0.004450283,0.004450283,0
210,0,0.004665159,0.004665159,0
210,1,0.00460734637,0.00460731145,3.49245965E-08
210,2,0.00450229645,0.00450229645,0
210,3,0.00436919369,0.00436917832,1.53668225E-08
211,0,0.00450116163,0.00450116163,0
211,1,0.004448518,0.00444855355,3.53902578E-08
211,2,0.00434970856,0.004349708,4.656613E-10
211,3,0.004225087,0.00422510225,1.53668225E-08
212,0,0.0053106444,0.0053106444,0
212,1,0.005249969,0.00524993427,3.49245965E-08
212,2,0.00513744354,0.00513744354,0
212,3,0.00499321055,0.00499321055,0
213,0,0.004868371,0.004868371,0
213,1,0.00481577124,0.00481577124,0
213,2,0.004714966,0.00471496535,4.656613E-10
213,3,0.004586718,0.004586726,7.916242E-09
214,0,0.0051165116,0.0051165116,0
214,1,0.00506340154,0.005063437,3.53902578E-08
214,2,0.004961014,0.00496101333,4.656613E-10
214,3,0.004829118,0.004830048,9.299256E-07
215,0,0.004950612,0.004950612,0
215,1,0.004901878,0.004901843,3.49245965E-08
215,2,0.004805565,0.00480556441,4.656613E-10
215,3,0.00468308153,0.00468214368,9.37841833E-07
216,0,0.004882716,0.004882716,0
216,1,0.004837734,0.004837769,3.49245965E-08
216,2,0.00474452972,0.00474452972,0
216,3,0.004625852,0.004625852,0
217,0,0.004979294,0.004979294,0
217,1,0.004935324,0.0049353065,1.76951289E-08
217,2,0.004843712,0.004843712,0
217,3,0.004726044,0.004726044,0
218,0,0.00536563,0.00536563,0
218,1,0.00531975,0.00531973224,1.76951289E-08
218,2,0.00522518158,0.00522518158,0
218,3,0.00510200346,0.005101988,1.53668225E-08
219,0,0.00487315236,0.00487315236,0
219,1,0.00483489828,0.00483489828,0
219,2,0.004750252,0.0047502513,4.656613E-10
219,3,0.004641111,0.00464207167,9.606592E-07
220,0,0.005032844,0.005032844,0
220,1,0.00499650976,0.00499650929,4.656613E-10
220,2,0.0049123764,0.0049123764,0
220,3,0.0048042736,0.004803328,9.457581E-07
221,0,0.005203543,0.005203543,0
221,1,0.005166733,0.005166733,0
221,2,0.005083084,0.005083084,0
221,3,0.00497412356,0.00497412356,0
222,0,0.004625954,0.004625954,0
222,1,0.00459582824,0.00459582824,0
222,2,0.00452327728,0.00452327728,0
222,3,0.00442929752,0.00442929,7.450581E-09
223,0,0.004437572,0.004437572,0
223,1,0.0044103344,0.0044103167,1.76951289E-08
223,2,0.00434398651,0.00434398651,0
223,3,0.00425378839,0.00425378839,0
224,0,0.00451359572,0.00451359572,0
224,1,0.004488727,0.004488727,0
224,2,0.004421234,0.00442123367,4.656613E-10
224,3,0.004344341,0.004344323,1.76951289E-08
225,0,0.0044810744,0.0044810744,0
225,1,0.00445714826,0.004457166,1.76951289E-08
225,2,0.00439357758,0.004393577,4.656613E-10
225,3,0.00431948947,0.00431947224,1.72294676E-08
226,0,0.004971174,0.004971174,0
226,1,0.004946755,0.00494679,3.53902578E-08
226,2,0.004878998,0.004878998,0
226,3,0.00479948,0.004799515,3.49245965E-08
227,0,0.004510913,0.004510913,0
227,1,0.004476293,0.004476293,0
227,2,0.00441741943,0.004417419,4.656613E-10
227,3,0.00434818026,0.00434816256,1.76951289E-08
228,0,0.00452315062,0.00452315062,0
228,1,0.00440748129,0.0044074636,1.76951289E-08
228,2,0.004350662,0.004350662,0
228,3,0.004286026,0.00428504,9.862706E-07
229,0,0.0046028,0.0046028,0
229,1,0.004486825,0.00448680762,1.72294676E-08
229,2,0.00443172455,0.00443172455,0
229,3,0.00436531752,0.00436633872,1.0211952E-06
230,0,0.004157126,0.004157126,0
230,1,0.004053631,0.004053631,0
230,2,0.00400447845,0.004004478,4.656613E-10
230,3,0.00394846732,0.003948432,3.53902578E-08
231,0,0.004113164,0.004113164,0
231,1,0.004012541,0.004012506,3.49245965E-08
231,2,0.00396633148,0.00396633148,0
231,3,0.00391208,0.003912098,1.76951289E-08
232,0,0.004397548,0.004397548,0
232,1,0.00429074652,0.00429078145,3.49245965E-08
232,2,0.004242897,0.00424289657,4.656613E-10
232,3,0.00418752,0.00418750243,1.76951289E-08
233,0,0.00415223837,0.00415223837,0
233,1,0.004053631,0.004053631,0
233,2,0.004009247,0.004009247,0
233,3,0.00395892933,0.00395896425,3.49245965E-08
234,0,0.004757237,0.004757237,0
234,1,0.004645548,0.004645548,0
234,2,0.004597664,0.004597664,0
234,3,0.004541353,0.004541318,3.49245965E-08
235,0,0.00464479672,0.00464479672,0
235,1,0.004536545,0.004536545,0
235,2,0.004491806,0.004491806,0
235,3,0.00443995837,0.00443995837,0
236,0,0.004330622,0.004330622,0
236,1,0.004231463,0.004231498,3.49245965E-08
236,2,0.00419139862,0.004191398,4.656613E-10
236,3,0.00414447533,0.00414447533,0
237,0,0.0045285034,0.0045285034,0
237,1,0.00442662556,0.004426573,5.26197255E-08
237,2,0.004385948,0.00438594772,4.656613E-10
237,3,0.004340554,0.00434051873,3.53902578E-08
238,0,0.00459695561,0.00459695561,0
238,1,0.00449540233,0.00449542,1.76951289E-08
238,2,0.00445652,0.00445651961,4.656613E-10
238,3,0.00441121543,0.004411268,5.26197255E-08
239,0,0.004032997,0.004032997,0
239,1,0.00394461025,0.00394461025,0
239,2,0.00391101837,0.00391101837,0
239,3,0.0038738437,0.0038738437,0
240,0,0.004282729,0.004282729,0
240,1,0.004190391,0.004190391,0
240,2,0.00415706635,0.00415706635,0
240,3,0.0041186735,0.004118656,1.76951289E-08
241,0,0.00413612742,0.00413612742,0
241,1,0.00404884,0.00404884,0
241,2,0.00401783,0.00401783,0
241,3,0.00398286432,0.00398286432,0
242,0,0.00405645231,0.00405645231,0
242,1,0.00401769625,0.0040177363,4.004687E-08
242,2,0.00394248962,0.00394248962,0
242,3,0.003909227,0.003909227,0
243,0,0.00421968149,0.00421968149,0
243,1,0.004224104,0.00422405172,5.21540642E-08
243,2,0.00410461426,0.00410461426,0
243,3,0.00407180656,0.00407180656,0
244,0,0.004206467,0.004206467,0
244,1,0.00421138061,0.00421138,4.656613E-10
244,2,0.00409317,0.00409317,0
244,3,0.004063177,0.004063177,0
245,0,0.00645976746,0.00645976746,0
245,1,0.00647006,0.00647006,0
245,2,0.006292343,0.006292343,0
245,3,0.00624827435,0.00624827435,0
246,0,0.00616850425,0.00616850425,0
246,1,0.00618073624,0.006180736,4.656613E-10
246,2,0.00601387024,0.00601387024,0
246,3,0.00597570557,0.005975723,1.72294676E-08
247,0,0.006114249,0.006114249,0
247,1,0.00612979056,0.00612984272,5.21540642E-08
247,2,0.00596714,0.00596714,0
247,3,0.005932731,0.00593271339,1.76951289E-08
248,0,0.00610597432,0.00610597432,0
248,1,0.00612312,0.006123068,5.21540642E-08
248,2,0.005964279,0.00596427871,4.656613E-10
248,3,0.005933647,0.005933647,0
249,0,0.00518773124,0.00518773124,0
249,1,0.00520529,0.005205342,5.21540642E-08
249,2,0.00507068634,0.00507068634,0
249,3,0.00504811434,0.00504814927,3.49245965E-08
250,0,0.006395246,0.006395246,0
250,1,0.006418236,0.006418184,5.21540642E-08
250,2,0.006257057,0.006257057,0
250,3,0.006232036,0.006232001,3.49245965E-08
251,0,0.00546285743,0.00546285743,0
251,1,0.00548478635,0.00548489066,1.04308128E-07
251,2,0.005350113,0.005350113,0
251,3,0.00533121545,0.00533121545,0
252,0,0.00621295767,0.00621295767,0
252,1,0.006240422,0.0062403176,1.04308128E-07
252,2,0.006088257,0.006088257,0
252,3,0.006070425,0.00607038941,3.53902578E-08
253,0,0.00664303824,0.00664303824,0
253,1,0.006675182,0.006675234,5.21540642E-08
253,2,0.0065164566,0.006516456,4.656613E-10
253,3,0.00650164625,0.00650168164,3.53902578E-08
254,0,0.00560211437,0.00560211437,0
254,1,0.005631518,0.005631466,5.21540642E-08
254,2,0.00549984,0.00549983932,4.656613E-10
254,3,0.005488987,0.005488987,0
255,0,0.00718690362,0.00718690362,0
255,1,0.007227452,0.00722745154,4.656613E-10
255,2,0.00706195831,0.00706195831,0
255,3,0.00705340737,0.0070534423,3.49245965E-08
256,0,0.00733836647,0.00733836647,0
256,1,0.00738282,0.00738282,0
256,2,0.007218361,0.00721836044,4.656613E-10
256,3,0.00721318647,0.00721315155,3.49245965E-08
257,0,0.00722013367,0.00722013367,0
257,1,0.00726743136,0.00726753566,1.04308128E-07
257,2,0.00710773468,0.00710773468,0
257,3,0.00710890349,0.00710890349,0
258,0,0.00593002141,0.00593002141,0
258,1,0.00597070064,0.005970596,1.0477379E-07
258,2,0.00584316254,0.00584316254,0
258,3,0.00584569061,0.005846642,9.51346E-07
259,0,0.00554105872,0.00554105872,0
259,1,0.00558155542,0.00558160758,5.21540642E-08
259,2,0.005464554,0.00546455337,4.656613E-10
259,3,0.00546989543,0.00546986,3.53902578E-08
260,0,0.005601649,0.005601649,0
260,1,0.00564424135,0.00564418873,5.26197255E-08
260,2,0.00552845,0.00552844955,4.656613E-10
260,3,0.005536717,0.00553583633,8.805655E-07
261,0,0.005381243,0.005381243,0
261,1,0.005424222,0.005424222,0
261,2,0.00531387329,0.005313873,4.656613E-10
261,3,0.00532457558,0.0053245225,5.30853868E-08
262,0,0.00574775925,0.00574775925,0
262,1,0.00579474773,0.00579469558,5.21540642E-08
262,2,0.00567913055,0.00567913,4.656613E-10
262,3,0.005691688,0.00569267431,9.862706E-07
263,0,0.006724136,0.006724136,0
263,1,0.00678265654,0.00678270869,5.21540642E-08
263,2,0.006649971,0.006649971,0
263,3,0.00667090155,0.006669968,9.336509E-07
264,0,0.00595593359,0.00595593359,0
264,1,0.006008714,0.006008766,5.21540642E-08
264,2,0.00589561462,0.00589561462,0
264,3,0.005942665,0.005942549,1.15949661E-07
265,0,0.005629966,0.005629966,0
265,1,0.0056823073,0.005682255,5.21540642E-08
265,2,0.00557518,0.00557517959,4.656613E-10
265,3,0.005720373,0.005720373,0
266,0,0.005610468,0.005610468,0
266,1,0.00566467037,0.00566467,4.656613E-10
266,2,0.005560875,0.005560875,0
266,3,0.005707545,0.00570770167,1.56462193E-07
267,0,0.005558565,0.005558565,0
267,1,0.0055708494,0.0055708494,0
267,2,0.00547122955,0.00547122955,0
267,3,0.00561786443,0.00561776,1.04308128E-07
268,0,0.00571603933,0.00571603933,0
268,1,0.00547899446,0.00547899446,0
268,2,0.005381584,0.0053815837,4.656613E-10
268,3,0.005527766,0.00552787026,1.04308128E-07
269,0,0.00562850945,0.00562850945,0
269,1,0.00539593166,0.00539593166,0
269,2,0.005302429,0.00530242873,4.656613E-10
269,3,0.005449721,0.005449669,5.21540642E-08
270,0,0.00572383264,0.00572383264,0
270,1,0.0054897,0.0054897,0
270,2,0.005396843,0.00539684249,4.656613E-10
270,3,0.00554731628,0.00554742059,1.04308128E-07
271,0,0.005910713,0.005910713,0
271,1,0.00567051442,0.005670514,4.656613E-10
271,2,0.00557518,0.00557517959,4.656613E-10
271,3,0.005733253,0.005734079,8.260831E-07
272,0,0.005987044,0.005987044,0
272,1,0.005744889,0.00574488845,4.656613E-10
272,2,0.005651474,0.00565147353,4.656613E-10
272,3,0.00581621146,0.00581517629,1.035165E-06
273,0,0.00620172871,0.00620172871,0
273,1,0.005953011,0.00595295941,5.16884029E-08
273,2,0.00585842133,0.00585842133,0
273,3,0.006029091,0.00602924731,1.56462193E-07
274,0,0.00523708,0.00523708,0
274,1,0.00502835447,0.00502840662,5.21540642E-08
274,2,0.004948616,0.00494861556,4.656613E-10
274,3,0.005096885,0.00509683276,5.21540642E-08
275,0,0.007012968,0.007012968,0
275,1,0.00673491973,0.00673491973,0
275,2,0.006632805,0.006632805,0
275,3,0.006831689,0.00683163665,5.21540642E-08
276,0,0.00769235846,0.007692358,4.656613E-10
276,1,0.00739068165,0.00739068165,0
276,2,0.00728034973,0.00728034973,0
276,3,0.00750400033,0.00750400033,0
277,0,0.00706654,0.00706654,0
277,1,0.00679144869,0.006791553,1.04308128E-07
277,2,0.00669288635,0.00669288635,0
277,3,0.00690104533,0.00690104533,0
278,0,0.006763659,0.006763659,0
278,1,0.00671609538,0.00671593938,1.55996531E-07
278,2,0.00641059875,0.00641059875,0
278,3,0.00661254767,0.006612704,1.56462193E-07
279,0,0.00697077531,0.00697077531,0
279,1,0.007065567,0.007065567,0
279,2,0.006611824,0.006611824,0
279,3,0.00682294834,0.006822844,1.04308128E-07
280,0,0.00619867444,0.00619867444,0
280,1,0.00628465461,0.00628474448,8.987263E-08
280,2,0.005882263,0.005882263,0
280,3,0.00607403554,0.00607414,1.04308128E-07
281,0,0.00582885044,0.00582885044,0
281,1,0.00591186667,0.00591177633,9.033829E-08
281,2,0.00553512573,0.00553512573,0
281,3,0.00571659859,0.00571649428,1.04308128E-07
282,0,0.005877287,0.005877287,0
282,1,0.005962249,0.005962249,0
282,2,0.005584717,0.005584717,0
282,3,0.00576924859,0.00576924859,0
283,0,0.004760112,0.004760112,0
283,1,0.004830244,0.004830244,0
283,2,0.00452518463,0.00452518463,0
283,3,0.00467748335,0.004676605,8.782372E-07
284,0,0.005303536,0.005303536,0
284,1,0.00538322749,0.00538322749,0
284,2,0.00504398346,0.005043983,4.656613E-10
284,3,0.005214239,0.00521511724,8.782372E-07
285,0,0.00475134561,0.00475134561,0
285,1,0.00482325256,0.00482307235,1.80210918E-07
285,2,0.00452137,0.00452137,0
285,3,0.00467557041,0.00467557041,0
286,0,0.00482767634,0.00482767634,0
286,1,0.00490205176,0.004902232,1.80210918E-07
286,2,0.00459671,0.00459671,0
286,3,0.00475382339,0.00475382339,0
287,0,0.00482802745,0.00482802745,0
287,1,0.004903295,0.004903295,0
287,2,0.004597664,0.004597664,0
287,3,0.00475770235,0.00475770235,0
288,0,0.004786943,0.004786943,0
288,1,0.00486221071,0.00486221071,0
288,2,0.00456142426,0.00456142426,0
288,3,0.00472056726,0.00472056726,0
289,0,0.0051279,0.0051279,0
289,1,0.00521038426,0.005210294,9.033829E-08
289,2,0.004887581,0.004887581,0
289,3,0.00505974935,0.00506068,9.308569E-07
290,0,0.005692839,0.005692839,0
290,1,0.0057848827,0.005785063,1.80210918E-07
290,2,0.005429268,0.00542926742,4.656613E-10
290,3,0.005623604,0.005622674,9.30391252E-07
291,0,0.00486522,0.00486522,0
291,1,0.004945443,0.004945533,8.987263E-08
291,2,0.00464248657,0.00464248657,0
291,3,0.004809474,0.004809474,0
292,0,0.00471433345,0.00471433345,0
292,1,0.004793322,0.004793142,1.80210918E-07
292,2,0.004500389,0.00450038863,4.656613E-10
292,3,0.004662951,0.004662951,0
293,0,0.004583944,0.004583944,0
293,1,0.004661203,0.004661203,0
293,2,0.004377365,0.00437736465,4.656613E-10
293,3,0.00453680474,0.00453680474,0
294,0,0.00507175969,0.00507175969,0
294,1,0.005158668,0.00515875826,9.033829E-08
294,2,0.004845619,0.00484561874,4.656613E-10
294,3,0.005023545,0.005023545,0
295,0,0.005022837,0.005022837,0
295,1,0.00510943867,0.00510934833,9.033829E-08
295,2,0.00480175,0.00480174972,4.656613E-10
295,3,0.004979635,0.004979531,1.04308128E-07
296,0,0.005022305,0.005022305,0
296,1,0.005110502,0.00511041144,9.033829E-08
296,2,0.004802704,0.004802704,0
296,3,0.004981444,0.00498154853,1.04308128E-07
297,0,0.004709108,0.004709108,0
297,1,0.00479198853,0.0047920784,8.987263E-08
297,2,0.004504204,0.00450420333,4.656613E-10
297,3,0.004673657,0.004673657,0
298,0,0.00462210923,0.00462210923,0
298,1,0.00470547657,0.00470547657,0
298,2,0.004424095,0.004424095,0
298,3,0.0045915246,0.0045915246,0
299,0,0.00524686463,0.00524686463,0
299,1,0.00534117,0.00534117,0
299,2,0.0050239563,0.005023956,4.656613E-10
299,3,0.00521511724,0.00521511724,0
300,0,0.006118582,0.006118582,0
300,1,0.00623099227,0.0062310826,9.033829E-08
300,2,0.00586032867,0.00586032867,0
300,3,0.00608593272,0.00608593272,0
301,0,0.00462746574,0.00462746574,0
301,1,0.004712919,0.004712829,8.987263E-08
301,2,0.00443458557,0.00443458557,0
301,3,0.00460621342,0.00460621342,0
302,0,0.00444363942,0.00444363942,0
302,1,0.00452713761,0.00452722749,8.987263E-08
302,2,0.004260063,0.004260063,0
302,3,0.004425399,0.004425399,0
303,0,0.004913877,0.004913877,0
303,1,0.005006457,0.005006367,9.033829E-08
303,2,0.00471305847,0.00471305847,0
303,3,0.00489745056,0.00489750272,5.21540642E-08
304,0,0.004815765,0.004815765,0
304,1,0.00490745762,0.004907548,9.033829E-08
304,2,0.004620552,0.004620552,0
304,3,0.005056306,0.00505621638,8.940697E-08
305,0,0.00522703,0.00522703,0
305,1,0.00532779936,0.005327709,9.033829E-08
305,2,0.00501728058,0.00501728058,0
305,3,0.00549763348,0.00549763348,0
306,0,0.0052023246,0.0052023246,0
306,1,0.00530397752,0.00530397752,0
306,2,0.004995346,0.004995346,0
306,3,0.005475235,0.005475235,0
307,0,0.00470007537,0.00470007537,0
307,1,0.00479216874,0.00479216827,4.656613E-10
307,2,0.004515648,0.004515648,0
307,3,0.00495048845,0.00495057832,8.987263E-08
308,0,0.00483794743,0.00483794743,0
308,1,0.00493419869,0.00493419869,0
308,2,0.00464916229,0.00464916229,0
308,3,0.00509916758,0.00509907724,9.033829E-08
309,0,0.005304255,0.005304255,0
309,1,0.005102087,0.005102087,0
309,2,0.004808426,0.004808426,0
309,3,0.00527422735,0.00527422735,0
310,0,0.004846054,0.004846054,0
310,1,0.00455202255,0.00455202255,0
310,2,0.00429058075,0.00429058028,4.656613E-10
310,3,0.00470760325,0.00470760325,0
311,0,0.00498044258,0.00498044258,0
311,1,0.00467785262,0.00467785262,0
311,2,0.00441169739,0.00441169739,0
311,3,0.004841398,0.004841398,0
312,0,0.00570350839,0.00570350839,0
312,1,0.00535940565,0.00535949552,8.987263E-08
312,2,0.00505352,0.00505352,0
312,3,0.00554713327,0.00554713327,0
313,0,0.005076392,0.005076392,0
313,1,0.00477056345,0.004770473,9.033829E-08
313,2,0.00449943542,0.00449943542,0
313,3,0.00494039757,0.00494039757,0
314,0,0.00541083375,0.00541083375,0
314,1,0.005084734,0.005084734,0
314,2,0.00479793549,0.004797935,4.656613E-10
314,3,0.00526909158,0.00526909158,0
315,0,0.005438089,0.005438089,0
315,1,0.005112358,0.005112358,0
315,2,0.00482368469,0.00482368469,0
315,3,0.00529884174,0.00529884174,0
316,0,0.005225682,0.005225682,0
316,1,0.004913566,0.004913566,0
316,2,0.004637718,0.004637718,0
316,3,0.0050949147,0.0050949147,0
317,0,0.0052403016,0.0052403016,0
317,1,0.004928,0.00492809,9.033829E-08
317,2,0.00465202332,0.00465202332,0
317,3,0.005112538,0.005112448,9.033829E-08
318,0,0.005465751,0.005465751,0
318,1,0.00514034228,0.005140252,9.033829E-08
318,2,0.00485420227,0.00485420227,0
318,3,0.005334881,0.005334971,8.987263E-08
319,0,0.005259232,0.005259232,0
319,1,0.004947569,0.004947569,0
319,2,0.00467205048,0.00467205048,0
319,3,0.0051371525,0.0051371525,0
320,0,0.00538131269,0.00538131269,0
320,1,0.00506303832,0.00506303832,0
320,2,0.0047826767,0.004782676,4.656613E-10
320,3,0.00525873061,0.00525873061,0
321,0,0.00527047832,0.00527047832,0
321,1,0.004990706,0.0049908,9.359792E-08
321,2,0.004685402,0.004685402,0
321,3,0.0051544155,0.00515459571,1.80210918E-07
322,0,0.00513588637,0.00513588637,0
322,1,0.005250344,0.00525021972,1.24331564E-07
322,2,0.0045671463,0.0045671463,0
322,3,0.0050250534,0.005024873,1.80210918E-07
323,0,0.00554430066,0.00554430066,0
323,1,0.00566950534,0.005669505,4.656613E-10
323,2,0.00493335724,0.004933357,4.656613E-10
323,3,0.005427682,0.005427682,0
324,0,0.00547693437,0.00547693437,0
324,1,0.005601343,0.005601343,0
324,2,0.00487422943,0.00487422943,0
324,3,0.00536481151,0.00536481151,0
325,0,0.005376549,0.005376549,0
325,1,0.005499567,0.00549969124,1.24331564E-07
325,2,0.004787445,0.004787445,0
325,3,0.00526997447,0.005270065,9.033829E-08
326,0,0.005170889,0.005170889,0
326,1,0.00529033039,0.005290205,1.25262886E-07
326,2,0.00460529327,0.00460529327,0
326,3,0.005071273,0.005071273,0
327,0,0.005651496,0.005651496,0
327,1,0.005782527,0.00578265171,1.24797225E-07
327,2,0.00503444672,0.00503444672,0
327,3,0.00554616,0.0055460697,9.033829E-08
328,0,0.00500996364,0.00500996364,0
328,1,0.00512713939,0.005127014,1.25262886E-07
328,2,0.004465103,0.00446510268,4.656613E-10
328,3,0.004918702,0.004918702,0
329,0,0.00514355535,0.00514355535,0
329,1,0.005264403,0.005264652,2.491288E-07
329,2,0.00458622,0.00458622,0
329,3,0.005052767,0.005052767,0
330,0,0.005028222,0.005028222,0
330,1,0.005147257,0.005147132,1.24797225E-07
330,2,0.00448417664,0.00448417664,0
330,3,0.004942253,0.00494234357,9.033829E-08
331,0,0.00495774765,0.00495774765,0
331,1,0.00507659558,0.00507647032,1.25262886E-07
331,2,0.00442314148,0.00442314148,0
331,3,0.00487469835,0.004874608,9.033829E-08
332,0,0.005033845,0.005033845,0
332,1,0.005154942,0.005154942,0
332,2,0.0044927597,0.00449275924,4.656613E-10
332,3,0.004952795,0.004952795,0
333,0,0.005155473,0.005155473,0
333,1,0.005279334,0.005279334,0
333,2,0.00460243225,0.00460243225,0
333,3,0.00507525541,0.00507525541,0
334,0,0.005178168,0.005178168,0
334,1,0.0053046383,0.0053046383,0
334,2,0.004623413,0.00462341262,4.656613E-10
334,3,0.00509987026,0.00510005048,1.80210918E-07
335,0,0.00581732672,0.00581732672,0
335,1,0.005959587,0.005959587,0
335,2,0.005197525,0.005197525,0
335,3,0.005732734,0.005732554,1.80210918E-07
336,0,0.00524255075,0.00524255075,0
336,1,0.00537198829,0.00537198829,0
336,2,0.00468444824,0.00468444824,0
336,3,0.005169119,0.005169119,0
337,0,0.004944315,0.004944315,0
337,1,0.005066661,0.005066661,0
337,2,0.00442028046,0.00442028046,0
337,3,0.00487752724,0.00487761758,9.033829E-08
338,0,0.00494200364,0.00494200364,0
338,1,0.0050653494,0.0050653494,0
338,2,0.004418373,0.004418373,0
338,3,0.00487770746,0.00487761758,8.987263E-08
339,0,0.005117752,0.005117752,0
339,1,0.005246659,0.005246659,0
339,2,0.00457763672,0.00457763672,0
339,3,0.00505374046,0.00505365,9.033829E-08
340,0,0.004993547,0.004993547,0
340,1,0.005119205,0.00511920452,4.656613E-10
340,2,0.004467964,0.004467964,0
340,3,0.00493313558,0.00493322546,8.987263E-08
341,0,0.00497422647,0.00497422647,0
341,1,0.0051000244,0.005100274,2.4959445E-07
341,2,0.00445270538,0.004452705,4.656613E-10
341,3,0.00491666561,0.004916756,9.033829E-08
342,0,0.004949938,0.004949938,0
342,1,0.00507684471,0.00507659558,2.491288E-07
342,2,0.00443172455,0.00443172455,0
342,3,0.00489612343,0.004896033,9.033829E-08
343,0,0.00494822,0.00494822,0
343,1,0.00507540861,0.005075408,4.656613E-10
343,2,0.004430771,0.004430771,0
343,3,0.00489524053,0.00489515,9.033829E-08
344,0,0.004925853,0.004925853,0
344,1,0.0050531663,0.0050531663,0
344,2,0.004412651,0.004412651,0
344,3,0.004876374,0.004876464,9.033829E-08
345,0,0.0048741065,0.0048741065,0
345,1,0.005000498,0.005000498,0
345,2,0.00436782837,0.00436782837,0
345,3,0.00482705468,0.00482705468,0
346,0,0.004943128,0.004943128,0
346,1,0.00507222163,0.00507222163,0
346,2,0.004430771,0.004430771,0
346,3,0.00489718653,0.00489718653,0
347,0,0.00495635765,0.00495635765,0
347,1,0.00508665433,0.005086654,4.656613E-10
347,2,0.00444412231,0.00444412231,0
347,3,0.004913566,0.004913566,0
348,0,0.00487774564,0.00487774564,0
348,1,0.005006996,0.005006996,0
348,2,0.004374504,0.004374504,0
348,3,0.00519685773,0.00519685773,0
349,0,0.0049650264,0.0049650264,0
349,1,0.005096838,0.00509683741,4.656613E-10
349,2,0.00445461273,0.00445461273,0
349,3,0.005350559,0.005350808,2.491288E-07
350,0,0.00494233146,0.00494233146,0
350,1,0.00507434644,0.00507434644,0
350,2,0.00443553925,0.00443553925,0
350,3,0.00532962848,0.005329379,2.4959445E-07
351,0,0.004966151,0.004966151,0
351,1,0.005098962,0.00509896176,4.656613E-10
351,2,0.00445747375,0.00445747375,0
351,3,0.00535649341,0.005356618,1.24797225E-07
352,0,0.00499440636,0.00499440636,0
352,1,0.00512832636,0.005128326,4.656613E-10
352,2,0.00448417664,0.00448417664,0
352,3,0.00539091928,0.00539079448,1.24797225E-07
353,0,0.00499460939,0.00499460939,0
353,1,0.005130326,0.005130326,0
353,2,0.004486084,0.004486084,0
353,3,0.005392605,0.00539235538,2.4959445E-07
354,0,0.00496893143,0.00496893143,0
354,1,0.00510439835,0.00510439835,0
354,2,0.00446414948,0.00446414948,0
354,3,0.0053672404,0.00536749,2.4959445E-07
355,0,0.00513872923,0.00513872923,0
355,1,0.00527920946,0.00527920946,0
355,2,0.004617691,0.004617691,0
355,3,0.00555398548,0.005554235,2.4959445E-07
356,0,0.00527635,0.00527635,0
356,1,0.005288206,0.005288206,0
356,2,0.004627228,0.00462722732,4.656613E-10
356,3,0.00556454342,0.00556454342,0
357,0,0.00552777853,0.00552777853,0
357,1,0.00513788639,0.00513813552,2.491288E-07
357,2,0.00449562073,0.00449562073,0
357,3,0.00540809939,0.005407975,1.24331564E-07
358,0,0.0054756077,0.0054756077,0
358,1,0.00509021524,0.005089965,2.500601E-07
358,2,0.00445461273,0.00445461273,0
358,3,0.00535980472,0.00535968039,1.24331564E-07
359,0,0.00560102751,0.00560102751,0
359,1,0.00520736072,0.00520736072,0
359,2,0.00455760956,0.00455760956,0
359,3,0.005484885,0.005484885,0
360,0,0.0056769615,0.0056769615,0
360,1,0.005279334,0.00527920946,1.24331564E-07
360,2,0.004620552,0.004620552,0
360,3,0.00556204468,0.00556216948,1.24797225E-07
361,0,0.00568857742,0.00568857742,0
361,1,0.005289268,0.005289393,1.24797225E-07
361,2,0.004631996,0.004631996,0
361,3,0.0055748513,0.005574727,1.24331564E-07
362,0,0.00623387471,0.00623387471,0
362,1,0.005798022,0.005798271,2.491288E-07
362,2,0.00507640839,0.00507640839,0
362,3,0.00611378159,0.00611378159,0
363,0,0.00612107851,0.00612107851,0
363,1,0.00569449551,0.005694246,2.4959445E-07
363,2,0.00498771667,0.00498771667,0
363,3,0.00600525877,0.00600525877,0
364,0,0.00612498634,0.00612498634,0
364,1,0.00569862,0.00569861941,4.656613E-10
364,2,0.0049905777,0.0049905777,0
364,3,0.006011318,0.006011193,1.24797225E-07
365,0,0.00649764063,0.00649764063,0
365,1,0.00604536943,0.00604561856,2.491288E-07
365,2,0.005296707,0.005296707,0
365,3,0.0063809976,0.0063811224,1.24797225E-07
366,0,0.005835303,0.005835303,0
366,1,0.0054303417,0.0054303417,0
366,2,0.004758835,0.00475883437,4.656613E-10
366,3,0.00573354447,0.00573354447,0
367,0,0.00646732748,0.00646732748,0
367,1,0.0060200654,0.006019816,2.4959445E-07
367,2,0.00527477264,0.00527477264,0
367,3,0.00635756832,0.00635756832,0
368,0,0.005817018,0.005817018,0
368,1,0.005947764,0.005947764,0
368,2,0.004746437,0.00474643661,4.656613E-10
368,3,0.005720174,0.005720174,0
369,0,0.00582904555,0.00582904555,0
369,1,0.00600031437,0.00600016164,1.527369E-07
369,2,0.004757881,0.004757881,0
369,3,0.005735544,0.005735544,0
370,0,0.006334124,0.006334124,0
370,1,0.006520309,0.006520765,4.558824E-07
370,2,0.005170822,0.00517082168,4.656613E-10
370,3,0.006234488,0.00623473758,2.4959445E-07
371,0,0.00528475549,0.00528475549,0
371,1,0.00544112734,0.00544112734,0
371,2,0.00431537628,0.00431537628,0
371,3,0.005204548,0.005204299,2.491288E-07
372,0,0.00553057157,0.00553057157,0
372,1,0.005695842,0.005695538,3.04076821E-07
372,2,0.00451755524,0.00451755524,0
372,3,0.00544821052,0.00544821052,0
373,0,0.006250969,0.006250969,0
373,1,0.00643705856,0.00643705856,0
373,2,0.005106926,0.005106926,0
373,3,0.00616088929,0.00616088929,0
374,0,0.007241422,0.007241422,0
374,1,0.00745964237,0.007459642,4.656613E-10
374,2,0.005918503,0.005918503,0
374,3,0.00714115845,0.00714103365,1.24797225E-07
375,0,0.006387637,0.006387637,0
375,1,0.00658019958,0.006580352,1.52271241E-07
375,2,0.00522232056,0.00522232,4.656613E-10
375,3,0.006301464,0.00630183844,3.74391675E-07
376,0,0.005901104,0.005901104,0
376,1,0.006079561,0.00607940927,1.5180558E-07
376,2,0.00482654572,0.00482654572,0
376,3,0.005825261,0.00582501153,2.4959445E-07
377,0,0.00528281741,0.00528281741,0
377,1,0.005444244,0.005444396,1.5180558E-07
377,2,0.00432109833,0.00432109833,0
377,3,0.005216482,0.005216607,1.24797225E-07
378,0,0.005571202,0.005571202,0
378,1,0.00574141927,0.00574157154,1.52271241E-07
378,2,0.004558563,0.004558563,0
378,3,0.0055039404,0.005503816,1.24331564E-07
379,0,0.00577426562,0.00577426562,0
379,1,0.005952052,0.005951596,4.558824E-07
379,2,0.00472545624,0.00472545624,0
379,3,0.0057057417,0.0057057417,0
380,0,0.005406527,0.005406527,0
380,1,0.005573248,0.005573248,0
380,2,0.0044260025,0.0044260025,0
380,3,0.00534606073,0.00534606073,0
381,0,0.00532065472,0.00532065472,0
381,1,0.005484475,0.00548462663,1.5180558E-07
381,2,0.00435638428,0.00435638428,0
381,3,0.00526146544,0.00526146544,0
382,0,0.00552803837,0.00552803837,0
382,1,0.00570030138,0.00570030138,0
382,2,0.00452804565,0.004528045,4.656613E-10
382,3,0.00547045236,0.00547020324,2.491288E-07
383,0,0.00546503067,0.00546503067,0
383,1,0.00563521637,0.00563521637,0
383,2,0.00447654724,0.004476547,4.656613E-10
383,3,0.00540878763,0.00540916156,3.73926E-07
384,0,0.005294921,0.005294921,0
384,1,0.005460787,0.005460787,0
384,2,0.004339218,0.004339218,0
384,3,0.00524347229,0.00524322269,2.4959445E-07
385,0,0.00554546854,0.00554546854,0
385,1,0.00571953,0.00571953,0
385,2,0.004545212,0.004545212,0
385,3,0.00549281947,0.00549294427,1.24797225E-07
386,0,0.005507967,0.005507967,0
386,1,0.00568168052,0.00568168,4.656613E-10
386,2,0.004515648,0.004515648,0
386,3,0.00545789534,0.00545814447,2.491288E-07
387,0,0.005288404,0.005288404,0
387,1,0.005455872,0.005455872,0
387,2,0.004336357,0.004336357,0
387,3,0.00524253445,0.00524228532,2.491288E-07
388,0,0.00529644731,0.00529644731,0
388,1,0.00546420738,0.00546451146,3.04076821E-07
388,2,0.00434398651,0.00434398651,0
388,3,0.005252344,0.005252344,0
389,0,0.00538373832,0.00538373832,0
389,1,0.00555612147,0.005555818,3.03611159E-07
389,2,0.00441741943,0.004417419,4.656613E-10
389,3,0.005341687,0.005341687,0
390,0,0.00531804562,0.00531804562,0
390,1,0.00548759149,0.00548789464,3.031455E-07
390,2,0.00436401367,0.00436401367,0
390,3,0.0052778977,0.0052778977,0
391,0,0.00532285264,0.00532285264,0
391,1,0.005494305,0.005494153,1.5180558E-07
391,2,0.004368782,0.004368782,0
391,3,0.005458133,0.00545786368,2.69152224E-07
392,0,0.005633614,0.005633614,0
392,1,0.005815016,0.00581471249,3.03611159E-07
392,2,0.00462532043,0.00462532043,0
392,3,0.006185612,0.006185916,3.03611159E-07
393,0,0.005618717,0.005618717,0
393,1,0.005800551,0.005800702,1.51339918E-07
393,2,0.00461387634,0.00461387634,0
393,3,0.006172058,0.006172058,0
394,0,0.00560441567,0.00560441567,0
394,1,0.00578610972,0.00578610925,4.656613E-10
394,2,0.004603386,0.00460338546,4.656613E-10
394,3,0.006159543,0.00615939125,1.5180558E-07
395,0,0.00549880834,0.00549880834,0
395,1,0.00567826023,0.00567826023,0
395,2,0.00451755524,0.00451755524,0
395,3,0.006044397,0.00604485255,4.55416739E-07
396,0,0.00579314632,0.00579314632,0
396,1,0.00598184532,0.00598184532,0
396,2,0.004760742,0.004760742,0
396,3,0.006371366,0.00637106225,3.03611159E-07
397,0,0.005489498,0.005489498,0
397,1,0.005670508,0.00567066,1.52271241E-07
397,2,0.004511833,0.004511833,0
397,3,0.006039634,0.006039634,0
398,0,0.00563607132,0.00563607132,0
398,1,0.00582081825,0.00582097,1.5180558E-07
398,2,0.0046339035,0.0046339035,0
398,3,0.00620304234,0.00620304234,0
399,0,0.005670628,0.005670628,0
399,1,0.005858212,0.005857908,3.03611159E-07
399,2,0.00466346741,0.004663467,4.656613E-10
399,3,0.006243553,0.006243553,0
400,0,0.0054996633,0.0054996633,0
400,1,0.0056821364,0.0056821364,0
400,2,0.00452327728,0.00452327728,0
400,3,0.006057064,0.00605736766,3.03611159E-07
401,0,0.00670313,0.00670313,0
401,1,0.006926069,0.006926373,3.04076821E-07
401,2,0.00551509857,0.00551509857,0
401,3,0.00738606974,0.007385766,3.03611159E-07
402,0,0.005301698,0.005301698,0
402,1,0.005478673,0.005478369,3.04076821E-07
402,2,0.00436306,0.00436306,0
402,3,0.00584405,0.00584405,0
403,0,0.00532870553,0.00532870553,0
403,1,0.005496231,0.005496231,0
403,2,0.004377365,0.00437736465,4.656613E-10
403,3,0.005863862,0.005863862,0
404,0,0.00578072248,0.00578072248,0
404,1,0.0053939037,0.00539405551,1.5180558E-07
404,2,0.00429725647,0.00429725647,0
404,3,0.00575662,0.00575662,0
405,0,0.005781734,0.005781734,0
405,1,0.005396437,0.005396285,1.5180558E-07
405,2,0.00429821,0.00429820968,4.656613E-10
405,3,0.00575988833,0.0057600406,1.52271241E-07
406,0,0.005863593,0.005863593,0
406,1,0.0054729986,0.0054729986,0
406,2,0.00436115265,0.00436115265,0
406,3,0.00584420236,0.00584389828,3.04076821E-07
407,0,0.00577557972,0.00577557972,0
407,1,0.00539137,0.005391674,3.04076821E-07
407,2,0.004296303,0.004296303,0
407,3,0.00575781055,0.005757963,1.52271241E-07
408,0,0.00588922,0.00588922,0
408,1,0.005498029,0.005497877,1.5180558E-07
408,2,0.004380226,0.004380226,0
408,3,0.00587354,0.00587354,0
409,0,0.00581427524,0.00581427524,0
409,1,0.00542934751,0.00542934751,0
409,2,0.00432682037,0.00432682037,0
409,3,0.00579996733,0.00579996733,0
410,0,0.005818321,0.005818321,0
410,1,0.00543264,0.005432488,1.52271241E-07
410,2,0.004330635,0.004330635,0
410,3,0.00580680836,0.00580680836,0
411,0,0.005813264,0.005813264,0
411,1,0.005428764,0.005428764,0
411,2,0.004327774,0.004327774,0
411,3,0.00580323627,0.00580323627,0
412,0,0.005807024,0.005807024,0
412,1,0.00542339357,0.00542339357,0
412,2,0.00432395935,0.00432395935,0
412,3,0.005798321,0.005798625,3.03611159E-07
413,0,0.006024528,0.006024528,0
413,1,0.005627464,0.005627464,0
413,2,0.00448703766,0.00448703766,0
413,3,0.00601893524,0.006018631,3.04076821E-07
414,0,0.006452627,0.006452627,0
414,1,0.006027726,0.006027726,0
414,2,0.004807472,0.004807472,0
414,3,0.00644807937,0.00644807937,0
415,0,0.00621943874,0.00621943874,0
415,1,0.006429087,0.00642908644,4.656613E-10
415,2,0.0046339035,0.0046339035,0
415,3,0.00621763524,0.00621763524,0
416,0,0.006447565,0.006447565,0
416,1,0.006672823,0.0066728224,4.656613E-10
416,2,0.004805565,0.00480556441,4.656613E-10
416,3,0.00644762348,0.00644792756,3.04076821E-07
417,0,0.005699452,0.005699452,0
417,1,0.005898403,0.00589857437,1.71363354E-07
417,2,0.00424766541,0.00424766541,0
417,3,0.00570121268,0.005700909,3.03611159E-07
418,0,0.006144494,0.006144494,0
418,1,0.00636056345,0.00636056345,0
418,2,0.00458145142,0.00458145142,0
418,3,0.00614940934,0.00614940934,0
419,0,0.0066059744,0.0066059744,0
419,1,0.006838071,0.006838071,0
419,2,0.00492668152,0.00492668152,0
419,3,0.00661267852,0.00661267852,0
420,0,0.005815201,0.005815201,0
420,1,0.00602099067,0.00602082,1.70897692E-07
420,2,0.004337311,0.004337311,0
420,3,0.00582319964,0.00582335144,1.5180558E-07
421,0,0.0057593924,0.0057593924,0
421,1,0.005962983,0.005962983,0
421,2,0.00429725647,0.00429725647,0
421,3,0.005768983,0.00576883135,1.5180558E-07
422,0,0.00576698035,0.00576698035,0
422,1,0.00597259356,0.00597259356,0
422,2,0.004303932,0.004303932,0
422,3,0.00577954855,0.00577954855,0
423,0,0.005682087,0.005682087,0
423,1,0.00588391162,0.00588391162,0
423,2,0.00424098969,0.00424098969,0
423,3,0.005695842,0.0056955386,3.03611159E-07
424,0,0.00576183759,0.00576183759,0
424,1,0.005967542,0.005967542,0
424,2,0.004301071,0.004301071,0
424,3,0.00577627961,0.00577658368,3.04076821E-07
425,0,0.005651146,0.005651146,0
425,1,0.00585304573,0.005853388,3.42261046E-07
425,2,0.004219055,0.00421905471,4.656613E-10
425,3,0.00566827832,0.00566843,1.5180558E-07
426,0,0.005763609,0.005763609,0
426,1,0.0059709237,0.00597058143,3.42261046E-07
426,2,0.004304886,0.004304886,0
426,3,0.005782537,0.005782537,0
427,0,0.005762849,0.005762849,0
427,1,0.005971074,0.00597107364,4.656613E-10
427,2,0.004304886,0.004304886,0
427,3,0.00578461541,0.005784463,1.52271241E-07
428,0,0.005726851,0.005726851,0
428,1,0.00593314366,0.00593314366,0
428,2,0.004278183,0.00427818252,4.656613E-10
428,3,0.00574902,0.00574902,0
429,0,0.00569920056,0.00569920056,0
429,1,0.0059056594,0.0059056594,0
429,2,0.0042591095,0.0042591095,0
429,3,0.00572325429,0.00572310248,1.5180558E-07
430,0,0.005721457,0.005721457,0
430,1,0.005928927,0.005928927,0
430,2,0.00427627563,0.00427627563,0
430,3,0.00574722141,0.00574767729,4.558824E-07
431,0,0.00597327342,0.00597327342,0
431,1,0.00619077729,0.006190777,4.656613E-10
431,2,0.004465103,0.00446510268,4.656613E-10
431,3,0.00600284757,0.006002544,3.03611159E-07
432,0,0.00575045543,0.00575045543,0
432,1,0.0059601143,0.00596045656,3.42261046E-07
432,2,0.004299164,0.004299164,0
432,3,0.005780004,0.005780004,0
433,0,0.005733005,0.005733005,0
433,1,0.005943097,0.00594275445,3.427267E-07
433,2,0.00428771973,0.00428771973,0
433,3,0.00576465158,0.00576465158,0
434,0,0.005693384,0.005693384,0
434,1,0.00590195647,0.00590195647,0
434,2,0.0042591095,0.0042591095,0
434,3,0.00572682638,0.00572667457,1.5180558E-07
435,0,0.0056867213,0.0056867213,0
435,1,0.00589570636,0.00589570636,0
435,2,0.004254341,0.00425434066,4.656613E-10
435,3,0.005720569,0.00572087243,3.03611159E-07
436,0,0.005701309,0.005701309,0
436,1,0.005911396,0.005911396,0
436,2,0.004265785,0.004265785,0
436,3,0.00574636133,0.005746209,1.52271241E-07
437,0,0.00574337551,0.00574337551,0
437,1,0.00595624,0.00595624,0
437,2,0.00429821,0.00429820968,4.656613E-10
437,3,0.00640440127,0.00640440127,0
438,0,0.0057200226,0.0057200226,0
438,1,0.005931795,0.005931795,0
438,2,0.00428199768,0.004281997,4.656613E-10
438,3,0.00637978548,0.006379614,1.71363354E-07
439,0,0.005671042,0.005671042,0
439,1,0.00588204945,0.00588204945,0
439,2,0.00424671173,0.00424671127,4.656613E-10
439,3,0.00632751361,0.006327685,1.71363354E-07
440,0,0.00574598741,0.00574598741,0
440,1,0.005959793,0.00595979253,4.656613E-10
440,2,0.00430297852,0.00430297852,0
440,3,0.006412835,0.0064126635,1.71363354E-07
441,0,0.00573309045,0.00573309045,0
441,1,0.0059468,0.0059468,0
441,2,0.004293442,0.004293442,0
441,3,0.006399007,0.00639934931,3.42261046E-07
442,0,0.005742953,0.005742953,0
442,1,0.005958595,0.005958595,0
442,2,0.004302025,0.00430202438,4.656613E-10
442,3,0.00641349843,0.00641367,1.71363354E-07
443,0,0.005666745,0.005666745,0
443,1,0.005878175,0.0058785174,3.42261046E-07
443,2,0.004245758,0.004245758,0
443,3,0.00632971851,0.006329376,3.427267E-07
444,0,0.00579463039,0.00579463039,0
444,1,0.00601289934,0.00601289934,0
444,2,0.004343033,0.004343033,0
444,3,0.006475039,0.00647520972,1.70897692E-07
445,0,0.00572963338,0.00572963338,0
445,1,0.005945965,0.00594545156,5.136244E-07
445,2,0.00429439545,0.004294395,4.656613E-10
445,3,0.0064037377,0.00640356634,1.71363354E-07
446,0,0.00578274531,0.00578274531,0
446,1,0.00600142637,0.00600159727,1.70897692E-07
446,2,0.00433540344,0.00433540344,0
446,3,0.0064657703,0.0064657703,0
447,0,0.005792019,0.005792019,0
447,1,0.00601204345,0.00601204345,0
447,2,0.004343033,0.004343033,0
447,3,0.00647724327,0.00647724327,0
448,0,0.00572010828,0.00572010828,0
448,1,0.00593753159,0.00593736069,1.70897692E-07
448,2,0.004289627,0.004289627,0
448,3,0.006398836,0.006398836,0
449,0,0.005696418,0.005696418,0
449,1,0.00591274444,0.005912916,1.71363354E-07
449,2,0.00427341461,0.00427341461,0
449,3,0.006374562,0.006374562,0
450,0,0.005574344,0.005574344,0
450,1,0.00578662474,0.00578662474,0
450,2,0.004181862,0.004181862,0
450,3,0.00623883167,0.00623883167,0
451,0,0.005634792,0.005634792,0
451,1,0.005850691,0.005850691,0
451,2,0.004228592,0.004228592,0
451,3,0.006309298,0.006309469,1.71363354E-07
452,0,0.00566733349,0.00566733349,0
452,1,0.005885089,0.005885089,0
452,2,0.00425338745,0.00425338745,0
452,3,0.006347078,0.006346907,1.70897692E-07
453,0,0.005642632,0.005642632,0
453,1,0.005858782,0.005858953,1.70897692E-07
453,2,0.00423526764,0.00423526764,0
453,3,0.00632111356,0.00632111356,0
454,0,0.00563816354,0.00563816354,0
454,1,0.005855421,0.005855079,3.42261046E-07
454,2,0.00423240662,0.00423240662,0
454,3,0.00631723925,0.00631723925,0
455,0,0.00594968535,0.00594968535,0
455,1,0.00591004733,0.00591021869,1.71363354E-07
455,2,0.00427341461,0.00427341461,0
455,3,0.006378437,0.006378437,0
456,0,0.006166638,0.006166638,0
456,1,0.00584529666,0.005845296,4.656613E-10
456,2,0.00422668457,0.004226684,4.656613E-10
456,3,0.00630981149,0.006309983,1.71363354E-07
457,0,0.006151649,0.006151649,0
457,1,0.00583281741,0.00583281741,0
457,2,0.004217148,0.004217148,0
457,3,0.0062975036,0.00629733223,1.71363354E-07
458,0,0.00609041145,0.00609041145,0
458,1,0.005774488,0.005774488,0
458,2,0.00417709351,0.00417709351,0
458,3,0.0062357923,0.00623596366,1.71363354E-07
459,0,0.006072127,0.006072127,0
459,1,0.005758456,0.005758456,0
459,2,0.00416469574,0.00416469574,0
459,3,0.00621926738,0.00621909648,1.70897692E-07
460,0,0.006098044,0.006098044,0
460,1,0.00578275044,0.00578275044,0
460,2,0.00418281555,0.004182815,4.656613E-10
460,3,0.00624675164,0.00624709437,3.427267E-07
461,0,0.006014429,0.006014429,0
461,1,0.005704001,0.005704001,0
461,2,0.004125595,0.004125595,0
461,3,0.006163464,0.00616312167,3.42261046E-07
462,0,0.006130982,0.006130982,0
462,1,0.00581511529,0.00581511529,0
462,2,0.004207611,0.004207611,0
462,3,0.006284018,0.006284018,0
463,0,0.006328065,0.006328065,0
463,1,0.00600228272,0.00600228272,0
463,2,0.004343033,0.004343033,0
463,3,0.00648803171,0.00648803171,0
464,0,0.006357035,0.006357035,0
464,1,0.00603008829,0.006030259,1.70897692E-07
464,2,0.00436306,0.00436306,0
464,3,0.00651973253,0.00651973253,0
465,0,0.0060453536,0.0060453536,0
465,1,0.00618673256,0.00618655048,1.82073563E-07
465,2,0.00415039063,0.00415039063,0
465,3,0.00620173663,0.00620156527,1.71363354E-07
466,0,0.0059455,0.0059455,0
466,1,0.00618123123,0.006181231,4.656613E-10
466,2,0.00408363342,0.00408363342,0
466,3,0.00610158173,0.00610158173,0
467,0,0.00611532247,0.00611532247,0
467,1,0.00635712128,0.00635748962,3.68338078E-07
467,2,0.004199028,0.00419902755,4.656613E-10
467,3,0.00627558446,0.006275927,3.427267E-07
468,0,0.006043676,0.006043676,0
468,1,0.00628392771,0.00628355937,3.68338078E-07
468,2,0.0041513443,0.004151344,4.656613E-10
468,3,0.006205611,0.006205611,0
469,0,0.0060415375,0.0060415375,0
469,1,0.00628245436,0.006282454,4.656613E-10
469,2,0.0041513443,0.004151344,4.656613E-10
469,3,0.00620443374,0.00620426238,1.71363354E-07
470,0,0.006058816,0.006058816,0
470,1,0.00629998231,0.00629998231,0
470,2,0.00416278839,0.00416278839,0
470,3,0.00622348441,0.00622365531,1.70897692E-07
471,0,0.00603274675,0.00603274675,0
471,1,0.006274032,0.006274032,0
471,2,0.00414562225,0.00414562225,0
471,3,0.00619903952,0.006198868,1.71363354E-07
472,0,0.00603680639,0.00603680639,0
472,1,0.00627861172,0.00627861125,4.656613E-10
472,2,0.00415039063,0.00415039063,0
472,3,0.00620443374,0.00620426238,1.71363354E-07
473,0,0.00606635632,0.00606635632,0
473,1,0.00630974676,0.0063097463,4.656613E-10
473,2,0.004169464,0.004169464,0
473,3,0.0062357923,0.00623613456,3.42261046E-07
474,0,0.00610210374,0.00610210374,0
474,1,0.006347357,0.006347357,0
474,2,0.004196167,0.004196167,0
474,3,0.006274921,0.00627474952,1.71363354E-07
475,0,0.005963969,0.005963969,0
475,1,0.00620473456,0.00620473456,0
475,2,0.00410175323,0.00410175323,0
475,3,0.00613445975,0.00613445975,0
476,0,0.005918911,0.005918911,0
476,1,0.00615772838,0.00615772838,0
476,2,0.00407123566,0.00407123566,0
476,3,0.00608927337,0.00608927337,0
477,0,0.006158518,0.006158518,0
477,1,0.006407311,0.006407495,1.83936208E-07
477,2,0.00423622131,0.00423622131,0
477,3,0.006338302,0.006338302,0
478,0,0.00600301335,0.00600301335,0
478,1,0.00624673953,0.00624655467,1.84867531E-07
478,2,0.00413036346,0.00413036346,0
478,3,0.00617881166,0.00617881166,0
479,0,0.00599470967,0.00599470967,0
479,1,0.006237949,0.00623794831,4.656613E-10
479,2,0.00412464142,0.00412464142,0
479,3,0.00617239,0.00617239,0
480,0,0.00608320674,0.00608320674,0
480,1,0.00633093342,0.006331118,1.8440187E-07
480,2,0.004187584,0.00418758346,4.656613E-10
480,3,0.00626513874,0.00626513874,0
481,0,0.005959817,0.005959817,0
481,1,0.006203392,0.006203208,1.83936208E-07
481,2,0.00410175323,0.00410175323,0
481,3,0.006139683,0.006139683,0
482,0,0.006022338,0.006022338,0
482,1,0.00626847846,0.006268294,1.8440187E-07
482,2,0.004146576,0.004146576,0
482,3,0.00620578229,0.00620578229,0
483,0,0.00606702734,0.00606702734,0
483,1,0.00631530071,0.006315484,1.83470547E-07
483,2,0.004178047,0.004178047,0
483,3,0.006252831,0.006252831,0
484,0,0.005980484,0.005980484,0
484,1,0.006226105,0.006226105,0
484,2,0.00411891937,0.00411891937,0
484,3,0.00642494066,0.006425118,1.7741695E-07
485,0,0.005981675,0.005981675,0
485,1,0.00622763159,0.00622763159,0
485,2,0.00412082672,0.00412082672,0
485,3,0.006758616,0.00675880024,1.8440187E-07
486,0,0.00648534,0.00648534,0
486,1,0.00675190426,0.00675190426,0
486,2,0.0044670105,0.0044670105,0
486,3,0.007328867,0.00732849864,3.68338078E-07
487,0,0.00614826055,0.00614826055,0
487,1,0.006402732,0.006402547,1.84867531E-07
487,2,0.004237175,0.004237175,0
487,3,0.00695069134,0.00695069134,0
488,0,0.0064172335,0.0064172335,0
488,1,0.00668187,0.00668223854,3.68338078E-07
488,2,0.004422188,0.004422188,0
488,3,0.007255964,0.007255964,0
489,0,0.00661669765,0.00661669765,0
489,1,0.006891105,0.006890921,1.83936208E-07
489,2,0.00456047058,0.00456047,4.656613E-10
489,3,0.00748375431,0.00748375431,0
490,0,0.00628554,0.00628554,0
490,1,0.00654664263,0.00654664263,0
490,2,0.004333496,0.004333496,0
490,3,0.007111447,0.00711163133,1.8440187E-07
491,0,0.006206583,0.006206583,0
491,1,0.00646537077,0.00646537077,0
491,2,0.00428009033,0.00428009033,0
491,3,0.00702377828,0.00702359434,1.83936208E-07
492,0,0.00628998131,0.00628998131,0
492,1,0.00655182824,0.00655182824,0
492,2,0.004337311,0.004337311,0
492,3,0.00712023769,0.00712023769,0
493,0,0.006518081,0.006518081,0
493,1,0.00679030363,0.00679048756,1.83936208E-07
493,2,0.00449562073,0.00449562073,0
493,3,0.00737947831,0.00737966271,1.8440187E-07
494,0,0.00674156751,0.00674156751,0
494,1,0.00702377828,0.00702359434,1.83936208E-07
494,2,0.00465106964,0.004651069,4.656613E-10
494,3,0.007635535,0.007635351,1.8440187E-07
495,0,0.007305799,0.007305799,0
495,1,0.00761184841,0.007611848,4.656613E-10
495,2,0.00504112244,0.00504112244,0
495,3,0.008276848,0.008276664,1.8440187E-07
496,0,0.006447105,0.006447105,0
496,1,0.0067181373,0.0067183217,1.8440187E-07
496,2,0.00444889069,0.00444889,4.656613E-10
496,3,0.007305417,0.00730560161,1.8440187E-07
497,0,0.0063906447,0.0063906447,0
497,1,0.00666007772,0.006659893,1.84867531E-07
497,2,0.00441169739,0.00441169739,0
497,3,0.007243752,0.007243752,0
498,0,0.00679277768,0.00679277768,0
498,1,0.007079575,0.007079575,0
498,2,0.004688263,0.004688263,0
498,3,0.00770178,0.00770177972,4.656613E-10
499,0,0.0071600317,0.0071600317,0
499,1,0.00746330433,0.00746330433,0
499,2,0.00494480133,0.004944801,4.656613E-10
499,3,0.008120487,0.008120487,0
500,0,0.00618081726,0.00618081726,0
500,1,0.00644321041,0.00644321,4.656613E-10
500,2,0.00426769257,0.00426769257,0
500,3,0.007012172,0.007012172,0
501,0,0.006562573,0.006562573,0
501,1,0.006840678,0.006840493,1.84867531E-07
501,2,0.0045337677,0.0045337677,0
501,3,0.007446513,0.007446513,0
502,0,0.00658566738,0.00658566738,0
502,1,0.006866313,0.006866497,1.83936208E-07
502,2,0.00454902649,0.00454902649,0
502,3,0.00747496355,0.00747496355,0
503,0,0.00616444,0.00616444,0
503,1,0.00642733974,0.00642733974,0
503,2,0.0042591095,0.0042591095,0
503,3,0.00699838065,0.00699838065,0
504,0,0.006701287,0.006701287,0
504,1,0.006987143,0.00698714238,4.656613E-10
504,2,0.00463104248,0.004631042,4.656613E-10
504,3,0.00760976924,0.00760995364,1.8440187E-07
505,0,0.00667302,0.00667302,0
505,1,0.00695887627,0.00695887627,0
505,2,0.004611969,0.00461196853,4.656613E-10
505,3,0.00758034457,0.00758016,1.8440187E-07
506,0,0.00676748529,0.00676748529,0
506,1,0.00705741439,0.00705759833,1.83936208E-07
506,2,0.004678726,0.00467872573,4.656613E-10
506,3,0.007689752,0.007689752,0
507,0,0.006376319,0.006376319,0
507,1,0.00658522639,0.006585042,1.8440187E-07
507,2,0.00436496735,0.00436496735,0
507,3,0.007175797,0.007175797,0
508,0,0.009037106,0.009037106,0
508,1,0.008764669,0.008764669,0
508,2,0.00581169128,0.00581169128,0
508,3,0.009552631,0.009552815,1.8440187E-07
509,0,0.007113842,0.007113842,0
509,1,0.00690008,0.00690007955,4.656613E-10
509,2,0.0045747757,0.0045747757,0
509,3,0.00752228452,0.0075221,1.8440187E-07
510,0,0.008769391,0.008769391,0
510,1,0.008507323,0.008507323,0
510,2,0.00564098358,0.00564098358,0
510,3,0.009275203,0.009275203,0
511,0,0.008801723,0.008801723,0
511,1,0.008539195,0.008539195,0
511,2,0.005662918,0.00566291763,4.656613E-10
511,3,0.009312813,0.009312813,0
512,0,0.00656582462,0.00656582462,0
512,1,0.006369464,0.00636946363,4.656613E-10
512,2,0.004224777,0.004224777,0
512,3,0.0069489805,0.0069489805,0
513,0,0.00820225,0.00820225,0
513,1,0.007959547,0.007959547,0
513,2,0.005279541,0.005279541,0
513,3,0.008683712,0.008683712,0
514,0,0.006735211,0.006735211,0
514,1,0.006991598,0.00699159736,4.656613E-10
514,2,0.00433540344,0.00433540344,0
514,3,0.00713147549,0.00713147549,0
515,0,0.00695676031,0.00695676031,0
515,1,0.00726042828,0.007260428,4.656613E-10
515,2,0.00447845459,0.00447845459,0
515,3,0.007369399,0.007369399,0
516,0,0.00677870028,0.00677870028,0
516,1,0.00707579358,0.00707579358,0
516,2,0.00436496735,0.00436496735,0
516,3,0.00718148146,0.00718148146,0
517,0,0.007093148,0.007093148,0
517,1,0.00740425335,0.007404253,4.656613E-10
517,2,0.00456905365,0.00456905365,0
517,3,0.00751678459,0.00751678459,0
518,0,0.007112172,0.00711217243,4.656613E-10
518,1,0.00742523558,0.007425235,4.656613E-10
518,2,0.00458049774,0.00458049774,0
518,3,0.00753949769,0.007539498,4.656613E-10
519,0,0.007147321,0.007147321,0
519,1,0.007461676,0.00746167637,4.656613E-10
519,2,0.00460529327,0.00460529327,0
519,3,0.00757766,0.00757766,0
520,0,0.007048178,0.007048178,0
520,1,0.00735943066,0.00735962251,1.9185245E-07
520,2,0.004541397,0.004541397,0
520,3,0.007475754,0.007475754,0
521,0,0.00704889232,0.00704889232,0
521,1,0.007360008,0.00735981576,1.92318112E-07
521,2,0.004542351,0.004542351,0
521,3,0.00747704273,0.00747704273,0
522,0,0.0058566723,0.0058566723,0
522,1,0.006115944,0.00611594366,4.656613E-10
522,2,0.003774643,0.003774643,0
522,3,0.00621426152,0.00621426152,0
523,0,0.006174267,0.006174267,0
523,1,0.0064480314,0.00644822372,1.92318112E-07
523,2,0.0039806366,0.003980636,4.656613E-10
523,3,0.006552802,0.006552802,0
524,0,0.00710197,0.00710197,0
524,1,0.007417802,0.00741760945,1.92318112E-07
524,2,0.00457859039,0.00457859039,0
524,3,0.00753931375,0.007539498,1.8440187E-07
525,0,0.007085422,0.00708542252,4.656613E-10
525,1,0.007401203,0.007401203,0
525,2,0.00457000732,0.00457000732,0
525,3,0.007523627,0.007523443,1.83936208E-07
526,0,0.00688199,0.00688199,0
526,1,0.0071883304,0.00718833,4.656613E-10
526,2,0.00443744659,0.004437446,4.656613E-10
526,3,0.00730944425,0.00730944425,0
527,0,0.00693444535,0.00693444535,0
527,1,0.0072440356,0.0072440356,0
527,2,0.004473686,0.004473686,0
527,3,0.00736708241,0.00736708241,0
528,0,0.006564488,0.006564488,0
528,1,0.00685833162,0.00685833162,0
528,2,0.00423526764,0.00423526764,0
528,3,0.00733499462,0.00733499462,0
529,0,0.00583817065,0.00583817065,0
529,1,0.00609973,0.00609972933,4.656613E-10
529,2,0.00376701355,0.00376701355,0
529,3,0.0066731195,0.0066731195,0
530,0,0.005807982,0.005807982,0
530,1,0.00606807135,0.00606807135,0
530,2,0.00374794,0.00374793983,2.32830644E-10
530,3,0.006640306,0.006640306,0
531,0,0.005718715,0.005718715,0
531,1,0.00597613165,0.00597613165,0
531,2,0.0036907196,0.0036907196,0
531,3,0.00653979275,0.006539985,1.92318112E-07
532,0,0.0058674966,0.0058674966,0
532,1,0.00613196567,0.00613196567,0
532,2,0.00378799438,0.00378799438,0
532,3,0.00671145646,0.00671126368,1.92783773E-07
533,0,0.005990817,0.005990817,0
533,1,0.006260154,0.006260154,0
533,2,0.00386714935,0.00386714912,2.32830644E-10
533,3,0.00685319258,0.00685319258,0
534,0,0.00660654856,0.00660654856,0
534,1,0.006905064,0.00690506352,4.656613E-10
534,2,0.004265785,0.004265785,0
534,3,0.007559909,0.007559909,0
535,0,0.00656344043,0.00656344043,0
535,1,0.00685967831,0.00685967831,0
535,2,0.00423812866,0.00423812866,0
535,3,0.00751221459,0.00751221459,0
536,0,0.00654527172,0.00654527172,0
536,1,0.00684230961,0.006842309,4.656613E-10
536,2,0.00422763824,0.00422763824,0
536,3,0.007493527,0.007493527,0
537,0,0.00650049374,0.00650049374,0
537,1,0.00679596234,0.006795962,4.656613E-10
537,2,0.004199028,0.00419902755,4.656613E-10
537,3,0.007443552,0.007443552,0
538,0,0.00668895245,0.00668895245,0
538,1,0.00699281273,0.00699281273,0
538,2,0.004322052,0.00432205154,4.656613E-10
538,3,0.007661192,0.007661192,0
539,0,0.006471642,0.006471642,0
539,1,0.006765444,0.006765636,1.92318112E-07
539,2,0.004181862,0.004181862,0
539,3,0.007413982,0.007413982,0
540,0,0.00641942676,0.00641942676,0
540,1,0.006712418,0.00671222573,1.92318112E-07
540,2,0.00414848328,0.00414848328,0
540,3,0.007356573,0.007356573,0
541,0,0.006869877,0.006869877,0
541,1,0.0071835625,0.0071835625,0
541,2,0.00444030762,0.00444030762,0
541,3,0.007873309,0.007873309,0
542,0,0.00690011028,0.00690011028,0
542,1,0.007215606,0.007215606,0
542,2,0.004460335,0.004460335,0
542,3,0.007911068,0.007911068,0
543,0,0.005532115,0.005532115,0
543,1,0.00578633,0.00578632951,4.656613E-10
543,2,0.00357723236,0.00357723213,2.32830644E-10
543,3,0.00634274958,0.006342942,1.92318112E-07
544,0,0.005683092,0.005683092,0
544,1,0.00594370347,0.005943703,4.656613E-10
544,2,0.00367450714,0.003674507,2.32830644E-10
544,3,0.006518989,0.00651879655,1.92318112E-07
545,0,0.00557021471,0.00557021471,0
545,1,0.005825821,0.005825821,0
545,2,0.003602028,0.003602028,0
545,3,0.006389482,0.006389482,0
546,0,0.00548185455,0.00548185455,0
546,1,0.005733689,0.005733689,0
546,2,0.003545761,0.00354576088,2.32830644E-10
546,3,0.006289147,0.006289147,0
547,0,0.00553850457,0.00553850457,0
547,1,0.005793956,0.005793956,0
547,2,0.00358295441,0.00358295417,2.32830644E-10
547,3,0.006356477,0.006356477,0
548,0,0.005495396,0.005495396,0
548,1,0.005748955,0.005748955,0
548,2,0.00355529785,0.00355529762,2.32830644E-10
548,3,0.00630707853,0.00630707853,0
549,0,0.00535653159,0.00535653159,0
549,1,0.005603976,0.005603976,0
549,2,0.00346565247,0.00346565247,0
549,3,0.006149705,0.006149705,0
550,0,0.00545004476,0.00545004476,0
550,1,0.005702786,0.005702786,0
550,2,0.00352668762,0.00352668762,0
550,3,0.006258436,0.006258436,0
551,0,0.005402931,0.005402931,0
551,1,0.005653003,0.005653003,0
551,2,0.00349712372,0.00349712372,0
551,3,0.006205218,0.006205218,0
552,0,0.00540016545,0.00540016545,0
552,1,0.00564976037,0.00564976037,0
552,2,0.00349521637,0.00349521637,0
552,3,0.0062025385,0.006202731,1.92318112E-07
553,0,0.005417809,0.005417809,0
553,1,0.005670165,0.005670165,0
553,2,0.00350761414,0.003507614,2.32830644E-10
553,3,0.00622505974,0.00622486742,1.92318112E-07
554,0,0.00554894749,0.00554894749,0
554,1,0.005806364,0.005806364,0
554,2,0.00359153748,0.00359153748,0
554,3,0.006375741,0.006375741,0
555,0,0.005342942,0.005342942,0
555,1,0.00559233734,0.00559233734,0
555,2,0.00345993042,0.00345993019,2.32830644E-10
555,3,0.006140746,0.006140746,0
556,0,0.00546492264,0.00546492264,0
556,1,0.00571919233,0.00571919233,0
556,2,0.00353908539,0.00353908539,0
556,3,0.006282084,0.006282084,0
557,0,0.00648127729,0.00648127729,0
557,1,0.006784516,0.006784516,0
557,2,0.00419807434,0.00419807434,0
557,3,0.00745214,0.00745214,0
558,0,0.006061249,0.006061249,0
558,1,0.006344275,0.006344275,0
558,2,0.00392532349,0.003925323,4.656613E-10
558,3,0.006970498,0.00697049825,4.656613E-10
559,0,0.006493864,0.006493864,0
559,1,0.006797872,0.006797872,0
559,2,0.004207611,0.004207611,0
559,3,0.00747044245,0.00747044245,0
560,0,0.00620989,0.00620989,0
560,1,0.0065012495,0.0065012495,0
560,2,0.004023552,0.004023552,0
560,3,0.007144841,0.007144841,0
561,0,0.005755719,0.005755719,0
561,1,0.006026107,0.006026107,0
561,2,0.00372982025,0.00372982,2.32830644E-10
561,3,0.00662333658,0.00662333658,0
562,0,0.005975853,0.005975853,0
562,1,0.00617317436,0.006173174,4.656613E-10
562,2,0.003821373,0.00382137275,2.32830644E-10
562,3,0.006786426,0.006786426,0
563,0,0.00626472,0.00626472,0
563,1,0.006239735,0.006239735,0
563,2,0.003862381,0.003862381,0
563,3,0.00686024176,0.00686024176,0
564,0,0.00600173138,0.00600173138,0
564,1,0.00597765669,0.00597765669,0
564,2,0.00370025635,0.003700256,2.32830644E-10
564,3,0.006573169,0.006573169,0
565,0,0.006094773,0.006094773,0
565,1,0.006070737,0.006070737,0
565,2,0.00375843048,0.00375843048,0
565,3,0.00667655468,0.00667655468,0
566,0,0.00579904858,0.00579904858,0
566,1,0.005776986,0.005776986,0
566,2,0.00357723236,0.00357723213,2.32830644E-10
566,3,0.006354759,0.006354759,0
567,0,0.00543334428,0.00543334428,0
567,1,0.005412855,0.005412855,0
567,2,0.00335121155,0.00335121132,2.32830644E-10
567,3,0.005954765,0.005954572,1.92783773E-07
568,0,0.00553554529,0.00553554529,0
568,1,0.005539162,0.005539162,0
568,2,0.0034160614,0.0034160614,0
568,3,0.006067494,0.00606768625,1.92318112E-07
569,0,0.005461697,0.005461697,0
569,1,0.00572032435,0.005720324,4.656613E-10
569,2,0.00336933136,0.00336933136,0
569,3,0.00598738529,0.00598738529,0
570,0,0.005384509,0.005384509,0
570,1,0.00564070558,0.00564070558,0
570,2,0.00332260132,0.00332260132,0
570,3,0.005904212,0.005904212,0
571,0,0.00537505373,0.00537505373,0
571,1,0.005630785,0.005630785,0
571,2,0.003317833,0.003317833,0
571,3,0.00589525327,0.00589525327,0
572,0,0.00552284857,0.00552284857,0
572,1,0.005786584,0.005786584,0
572,2,0.003408432,0.00340843177,2.32830644E-10
572,3,0.00605815044,0.00605815044,0
573,0,0.005372327,0.005372327,0
573,1,0.005627741,0.005627741,0
573,2,0.0033159256,0.0033159256,0
573,3,0.005893343,0.005893343,0
574,0,0.00537739974,0.00537739974,0
574,1,0.00563495653,0.00563495653,0
574,2,0.0033197403,0.0033197403,0
574,3,0.005901354,0.005901354,0
575,0,0.005322019,0.005322019,0
575,1,0.00557562942,0.00557562942,0
575,2,0.00328636169,0.00328636169,0
575,3,0.00584031735,0.00584031735,0
576,0,0.0053951554,0.0053951554,0
576,1,0.0056538675,0.005653867,4.656613E-10
576,2,0.00333118439,0.00333118415,2.32830644E-10
576,3,0.005922336,0.005922336,0
577,0,0.005312514,0.005312514,0
577,1,0.005567175,0.0055671744,4.656613E-10
577,2,0.00328063965,0.00328063965,0
577,3,0.00583230658,0.00583230658,0
578,0,0.00529677328,0.00529677328,0
578,1,0.00555077149,0.00555077149,0
578,2,0.00327205658,0.00327205635,2.32830644E-10
578,3,0.0058159,0.0058159,0
579,0,0.0053118025,0.0053118025,0
579,1,0.00556683633,0.00556683633,0
579,2,0.00328063965,0.00328063965,0
579,3,0.005833832,0.005833832,0
580,0,0.00526855467,0.00526855467,0
580,1,0.00552174263,0.00552174263,0
580,2,0.00325489044,0.00325489044,0
580,3,0.00578747038,0.00578747038,0
581,0,0.00529766828,0.00529766828,0
581,1,0.00555361854,0.005553618,4.656613E-10
581,2,0.00327301025,0.00327301025,0
581,3,0.00582086062,0.00582086062,0
582,0,0.005351379,0.005351379,0
582,1,0.005609027,0.005609027,0
582,2,0.00330734253,0.0033073423,2.32830644E-10
582,3,0.006158042,0.00615823828,1.96509063E-07
583,0,0.00517619,0.00517619,0
583,1,0.00542645343,0.00542645343,0
583,2,0.00319862366,0.00319862342,2.32830644E-10
583,3,0.005981136,0.005980939,1.96974725E-07
584,0,0.00518697,0.00518697,0
584,1,0.005436966,0.005436966,0
584,2,0.00320529938,0.00320529938,0
584,3,0.005994157,0.005994157,0
585,0,0.005521327,0.005521327,0
585,1,0.005788698,0.005788698,0
585,2,0.00341320038,0.00341320038,0
585,3,0.00638233032,0.00638233032,0
586,0,0.0060046413,0.0060046413,0
586,1,0.00629583467,0.006295834,4.656613E-10
586,2,0.00371170044,0.00371170044,0
586,3,0.00694143772,0.00694143772,0
587,0,0.005841486,0.005841486,0
587,1,0.00612456258,0.00612456258,0
587,2,0.00361156464,0.00361156464,0
587,3,0.00675410125,0.00675410125,0
588,0,0.00607486768,0.00607486768,0
588,1,0.00636956329,0.00636956329,0
588,2,0.00375652313,0.00375652313,0
588,3,0.007026017,0.007026017,0
589,0,0.005861232,0.005861232,0
589,1,0.00614632061,0.00614632061,0
589,2,0.003624916,0.00362491584,2.32830644E-10
589,3,0.006779692,0.006779692,0
590,0,0.006046318,0.006046318,0
590,1,0.006341267,0.006341267,0
590,2,0.003739357,0.003739357,0
590,3,0.006995663,0.006995663,0
591,0,0.005889155,0.005889155,0
591,1,0.00617633574,0.00617633527,4.656613E-10
591,2,0.003643036,0.00364303566,2.32830644E-10
591,3,0.00681520347,0.00681520347,0
592,0,0.00589953037,0.00589953037,0
592,1,0.0061869896,0.0061869896,0
592,2,0.00365066528,0.003650665,2.32830644E-10
592,3,0.00682763243,0.00682763243,0
593,0,0.005821631,0.005821631,0
593,1,0.00610624347,0.00610624347,0
593,2,0.003602028,0.003602028,0
593,3,0.00674015051,0.00674015051,0
594,0,0.00587120233,0.00587120233,0
594,1,0.006159285,0.006159285,0
594,2,0.00363254547,0.00363254524,2.32830644E-10
594,3,0.00679747574,0.00679747574,0
595,0,0.00495917536,0.00495917536,0
595,1,0.00520194229,0.00520194229,0
595,2,0.00306987762,0.00306987762,0
595,3,0.00574360462,0.00574360462,0
596,0,0.0049099843,0.0049099843,0
596,1,0.005150902,0.005150902,0
596,2,0.00303840637,0.00303840637,0
596,3,0.00568692666,0.00568692666,0
597,0,0.00490576029,0.00490576029,0
597,1,0.005146928,0.005146928,0
597,2,0.003036499,0.003036499,0
597,3,0.005683094,0.005683094,0
598,0,0.00498175761,0.00498175761,0
598,1,0.005226744,0.005226744,0
598,2,0.00308513641,0.00308513618,2.32830644E-10
598,3,0.00577190053,0.00577190053,0
599,0,0.00484420359,0.00484420359,0
599,1,0.00508238748,0.00508238748,0
599,2,0.00299930573,0.00299930573,0
599,3,0.005613593,0.005613593,0
600,0,0.00495492667,0.00495492667,0
600,1,0.005199237,0.00519923633,4.656613E-10
600,2,0.00306797028,0.00306797028,0
600,3,0.005743407,0.005743407,0
601,0,0.004888385,0.004888385,0
601,1,0.005129539,0.00512953848,4.656613E-10
601,2,0.00302696228,0.00302696228,0
601,3,0.00566688832,0.00566688832,0
602,0,0.00490262872,0.00490262872,0
602,1,0.005144081,0.005144081,0
602,2,0.003036499,0.003036499,0
602,3,0.00568329124,0.00568329124,0
603,0,0.00482551428,0.00482551428,0
603,1,0.00506367348,0.00506367348,0
603,2,0.00298881531,0.00298881531,0
603,3,0.00559580931,0.00559580931,0
604,0,0.00480601471,0.00480601471,0
604,1,0.005044565,0.0050445646,4.656613E-10
604,2,0.00297737122,0.00297737122,0
604,3,0.00557371275,0.00557371275,0
605,0,0.00475333631,0.00475333631,0
605,1,0.00498862052,0.00498862052,0
605,2,0.00294494629,0.00294494629,0
605,3,0.005514274,0.005514274,0
606,0,0.004694936,0.004694936,0
606,1,0.00492791273,0.00492791273,0
606,2,0.00290870667,0.00290870643,2.32830644E-10
606,3,0.005446548,0.005446548,0
607,0,0.004725008,0.004725008,0
607,1,0.00495905569,0.00495905569,0
607,2,0.00292778015,0.00292778015,0
607,3,0.00548259541,0.00548259541,0
608,0,0.004768587,0.004768587,0
608,1,0.0050056153,0.0050056153,0
608,2,0.00295543671,0.00295543671,0
608,3,0.00553357974,0.00553357974,0
609,0,0.00468992628,0.00468992628,0
609,1,0.00492408,0.00492408,0
609,2,0.00290679932,0.002906799,2.32830644E-10
609,3,0.0054442375,0.0054442375,0
610,0,0.004595349,0.004595349,0
610,1,0.004824028,0.004824028,0
610,2,0.00284862518,0.00284862518,0
610,3,0.00533480057,0.00533480057,0
611,0,0.00473023951,0.00473023951,0
611,1,0.00496553769,0.00496553769,0
611,2,0.00293159485,0.00293159485,0
611,3,0.005491783,0.005491783,0
612,0,0.00461717043,0.00461717043,0
612,1,0.004847505,0.00484750466,4.656613E-10
612,2,0.0028629303,0.00286293,2.32830644E-10
612,3,0.005361716,0.005361716,0
613,0,0.004642391,0.004642391,0
613,1,0.00487427926,0.00487427926,0
613,2,0.002878189,0.002878189,0
613,3,0.00539246434,0.00539246434,0
614,0,0.00469455542,0.00469455542,0
614,1,0.00492923753,0.004929237,4.656613E-10
614,2,0.00291156769,0.00291156769,0
614,3,0.00545303058,0.00545303058,0
615,0,0.00465475675,0.00465475675,0
615,1,0.004888174,0.004888174,0
615,2,0.00288677216,0.002886772,2.32830644E-10
615,3,0.005407937,0.005407937,0
616,0,0.004748732,0.004748732,0
616,1,0.00498616835,0.00498616835,0
616,2,0.00294494629,0.00294494629,0
616,3,0.005518304,0.005518304,0
617,0,0.005508986,0.005508986,0
617,1,0.00578525942,0.005785259,4.656613E-10
617,2,0.00341796875,0.00341796875,0
617,3,0.00640203059,0.00640203059,0
618,0,0.00533509627,0.00533509627,0
618,1,0.005602883,0.005602883,0
618,2,0.00330924988,0.00330924965,2.32830644E-10
618,3,0.00620074337,0.00620074337,0
619,0,0.005238127,0.005238127,0
619,1,0.005501704,0.005501704,0
619,2,0.003250122,0.00325012184,2.32830644E-10
619,3,0.006090376,0.006090376,0
620,0,0.005131811,0.005131811,0
620,1,0.00538981473,0.00538981473,0
620,2,0.00318431854,0.00318431831,2.32830644E-10
620,3,0.005966847,0.005966847,0
621,0,0.004489097,0.004489097,0
621,1,0.00471538,0.00471538,0
621,2,0.00278568268,0.00278568245,2.32830644E-10
621,3,0.00522138923,0.00522138923,0
622,0,0.004412719,0.004412719,0
622,1,0.004635761,0.00463576056,4.656613E-10
622,2,0.00273895264,0.00273895264,0
622,3,0.005133372,0.005133372,0
623,0,0.00451085437,0.00451085437,0
623,1,0.004738124,0.004738124,0
623,2,0.00279903412,0.00279903412,0
623,3,0.005247713,0.005247713,0
624,0,0.004420075,0.004420075,0
624,1,0.00464376528,0.00464376528,0
624,2,0.00274467468,0.00274467468,0
624,3,0.005142362,0.005142362,0
625,0,0.004378532,0.004378532,0
625,1,0.00459985528,0.00459985528,0
625,2,0.0027179718,0.0027179718,0
625,3,0.00509554939,0.00509554939,0
626,0,0.004400734,0.004400734,0
626,1,0.004623191,0.004623191,0
626,2,0.002732277,0.00273227668,2.32830644E-10
626,3,0.005121929,0.005121929,0
627,0,0.004325744,0.004325744,0
627,1,0.004545235,0.00454523461,4.656613E-10
627,2,0.00268554688,0.00268554688,0
627,3,0.00503557455,0.00503557455,0
628,0,0.004344948,0.004344948,0
628,1,0.00456532976,0.00456532976,0
628,2,0.00269889832,0.00269889832,0
628,3,0.005058516,0.005058516,0
629,0,0.00433459738,0.00433459738,0
629,1,0.0045542256,0.0045542256,0
629,2,0.0026922226,0.0026922226,0
629,3,0.00504667871,0.00504667871,0
630,0,0.00446327357,0.00446327357,0
630,1,0.00469111372,0.00469111372,0
630,2,0.00277233124,0.00277233124,0
630,3,0.00519810943,0.00519810943,0
631,0,0.00429327646,0.00429327646,0
631,1,0.00451110443,0.00451110443,0
631,2,0.00266647339,0.00266647339,0
631,3,0.00500065461,0.00500065461,0
632,0,0.00425607059,0.00425607059,0
632,1,0.004472493,0.004472493,0
632,2,0.00264358521,0.00264358521,0
632,3,0.00495733647,0.00495733647,0
633,0,0.00438553235,0.00438553235,0
633,1,0.00460977573,0.00460977573,0
633,2,0.00272464752,0.00272464752,0
633,3,0.00511043053,0.00511043053,0
634,0,0.00424659066,0.00424659066,0
634,1,0.0044629667,0.0044629667,0
634,2,0.00263881683,0.0026388166,2.32830644E-10
634,3,0.0049481485,0.0049481485,0
635,0,0.00423792,0.00423792,0
635,1,0.00439538248,0.00439538248,0
635,2,0.00259876251,0.00259876251,0
635,3,0.004874082,0.004874082,0
636,0,0.00438478123,0.00438478123,0
636,1,0.004494251,0.004494251,0
636,2,0.00265693665,0.00265693641,2.32830644E-10
636,3,0.00498326542,0.00498326542,0
637,0,0.0042270245,0.0042270245,0
637,1,0.004331969,0.00433196872,4.656613E-10
637,2,0.00256156921,0.002561569,2.32830644E-10
637,3,0.0048043835,0.0048043835,0
638,0,0.00423536543,0.00423536543,0
638,1,0.004340368,0.004340368,0
638,2,0.00256633759,0.00256633759,0
638,3,0.00481430441,0.00481430441,0
639,0,0.004231777,0.004231777,0
639,1,0.004337127,0.004337127,0
639,2,0.002565384,0.002565384,0
639,3,0.00481066853,0.00481066853,0
640,0,0.0042589237,0.0042589237,0
640,1,0.00447531976,0.00447531976,0
640,2,0.0025806427,0.0025806427,0
640,3,0.00484367227,0.00484367227,0
641,0,0.00413779356,0.00413779356,0
641,1,0.00435073953,0.00435073953,0
641,2,0.00250911713,0.00250911713,0
641,3,0.00470545935,0.00470545935,0
642,0,0.004244061,0.004244061,0
642,1,0.00446216436,0.00446216436,0
642,2,0.00257205963,0.00257205963,0
642,3,0.00482673338,0.00482673338,0
643,0,0.00412654364,0.00412654364,0
643,1,0.004339104,0.004339104,0
643,2,0.00250244141,0.00250244117,2.32830644E-10
643,3,0.004693622,0.004693622,0
644,0,0.004088397,0.004088397,0
644,1,0.00429804251,0.00429804251,0
644,2,0.00247859955,0.00247859932,2.32830644E-10
644,3,0.004651967,0.004651967,0
645,0,0.00411385531,0.00411385531,0
645,1,0.00432627136,0.00432627136,0
645,2,0.002494812,0.002494812,0
645,3,0.00468085473,0.00468085473,0
646,0,0.00416314555,0.00416314555,0
646,1,0.004377724,0.00437772367,4.656613E-10
646,2,0.002524376,0.002524376,0
646,3,0.004737729,0.004737729,0
647,0,0.004062011,0.004062011,0
647,1,0.00427217828,0.00427217828,0
647,2,0.00246334076,0.00246334076,0
647,3,0.0046235295,0.0046235295,0
648,0,0.00400644774,0.00400644774,0
648,1,0.004213526,0.004213526,0
648,2,0.00243091583,0.0024309156,2.32830644E-10
648,3,0.00456110248,0.00456110248,0
649,0,0.00461188,0.00461188,0
649,1,0.00485073263,0.00485073263,0
649,2,0.00279712677,0.00279712677,0
649,3,0.005376934,0.005376934,0
650,0,0.00407790765,0.00407790765,0
650,1,0.00428864872,0.00428864872,0
650,2,0.00247478485,0.00247478485,0
650,3,0.004762778,0.004762778,0
651,0,0.003904908,0.003904908,0
651,1,0.004107059,0.00410705851,4.656613E-10
651,2,0.002368927,0.002368927,0
651,3,0.004561033,0.004561033,0
652,0,0.00391183468,0.00391183468,0
652,1,0.00411493331,0.00411493331,0
652,2,0.00237369537,0.00237369537,0
652,3,0.00457055029,0.00457055029,0
653,0,0.003941155,0.003941155,0
653,1,0.00414547976,0.00414547976,0
653,2,0.00239181519,0.00239181519,0
653,3,0.00460513355,0.00460513355,0
654,0,0.00382697652,0.00382697652,0
654,1,0.004026057,0.004026057,0
654,2,0.002322197,0.002322197,0
654,3,0.00447287876,0.00447287876,0
655,0,0.00388852577,0.00388852577,0
655,1,0.00409078831,0.00409078831,0
655,2,0.002360344,0.002360344,0
655,3,0.00454436336,0.00454436336,0
656,0,0.004055489,0.004055489,0
656,1,0.004266698,0.004266698,0
656,2,0.00246143341,0.00246143341,0
656,3,0.00474142563,0.00474142563,0
657,0,0.004409467,0.004409467,0
657,1,0.00463859644,0.00463859644,0
657,2,0.00267696381,0.00267696357,2.32830644E-10
657,3,0.0051547843,0.0051547843,0
658,0,0.00433689263,0.00433689263,0
658,1,0.004563474,0.004563474,0
658,2,0.00263309479,0.00263309455,2.32830644E-10
658,3,0.00507114176,0.00507114176,0
659,0,0.003801861,0.003801861,0
659,1,0.00400039274,0.00400039274,0
659,2,0.00230789185,0.00230789161,2.32830644E-10
659,3,0.004446692,0.004446692,0
660,0,0.003781249,0.003781249,0
660,1,0.003978841,0.003978841,0
660,2,0.00229644775,0.00229644775,0
660,3,0.00442242343,0.00442242343,0
661,0,0.00375359226,0.00375359226,0
661,1,0.00394961424,0.00394961424,0
661,2,0.00227928162,0.00227928162,0
661,3,0.004391278,0.004391278,0
662,0,0.003845782,0.003845782,0
662,1,0.00404740963,0.00404740963,0
662,2,0.002336502,0.002336502,0
662,3,0.00449946476,0.00449946476,0
663,0,0.00385589176,0.00385589176,0
663,1,0.004057601,0.004057601,0
663,2,0.00234127045,0.00234127045,0
663,3,0.00451242039,0.00451242039,0
664,0,0.00372069632,0.00372069632,0
664,1,0.003915952,0.003915952,0
664,2,0.00226020813,0.002260208,2.32830644E-10
664,3,0.00435437728,0.00435437728,0
665,0,0.00356680178,0.00356680178,0
665,1,0.00375387236,0.00375387236,0
665,2,0.002166748,0.002166748,0
665,3,0.00417438336,0.00417438336,0
666,0,0.003636835,0.003636835,0
666,1,0.003827798,0.00382779771,2.32830644E-10
666,2,0.00220966339,0.00220966339,0
666,3,0.00425710436,0.00425710436,0
667,0,0.00360995042,0.00360995042,0
667,1,0.0037997684,0.0037997684,0
667,2,0.0021944046,0.0021944046,0
667,3,0.00422727969,0.00422727969,0
668,0,0.003624931,0.003624931,0
668,1,0.00381596317,0.00381596317,0
668,2,0.002202034,0.002202034,0
668,3,0.004244472,0.004244472,0
669,0,0.00376628083,0.0037662806,2.32830644E-10
669,1,0.00396396639,0.00396396639,0
669,2,0.00228881836,0.00228881836,0
669,3,0.004410788,0.004410788,0
670,0,0.0041154,0.0041154,0
670,1,0.00433255,0.00433255,0
670,2,0.00250148773,0.00250148773,0
670,3,0.00481998641,0.00481998641,0
671,0,0.00403575553,0.00403575553,0
671,1,0.004248708,0.004248708,0
671,2,0.00245285034,0.00245285034,0
671,3,0.00472819433,0.00472819433,0
672,0,0.00377831515,0.00377831515,0
672,1,0.003977521,0.003977521,0
672,2,0.00229740143,0.00229740143,0
672,3,0.00442665955,0.00442665955,0
673,0,0.0034381405,0.0034381405,0
673,1,0.003619898,0.00361989788,2.32830644E-10
673,2,0.00208950043,0.00208950019,2.32830644E-10
673,3,0.0040286975,0.0040286975,0
674,0,0.00341586582,0.00341586582,0
674,1,0.00359695,0.00359694986,2.32830644E-10
674,2,0.00207710266,0.00207710266,0
674,3,0.004003109,0.004003109,0
675,0,0.00344351,0.00344351,0
675,1,0.00362545461,0.00362545438,2.32830644E-10
675,2,0.0020942688,0.0020942688,0
675,3,0.004036895,0.004036895,0
676,0,0.00334084313,0.00334084313,0
676,1,0.00351789058,0.00351789058,0
676,2,0.00203132629,0.00203132629,0
676,3,0.00391575275,0.00391575275,0
677,0,0.003322025,0.003322025,0
677,1,0.00349795818,0.00349795818,0
677,2,0.0020198822,0.0020198822,0
677,3,0.00389440055,0.00389440032,2.32830644E-10
678,0,0.00331651233,0.00331651233,0
678,1,0.00349280075,0.00349280052,2.32830644E-10
678,2,0.00201702118,0.00201702118,0
678,3,0.003889167,0.00388916722,2.32830644E-10
679,0,0.00335172517,0.00335172517,0
679,1,0.00352970185,0.00352970185,0
679,2,0.00203895569,0.00203895569,0
679,3,0.00393122574,0.00393122574,0
680,0,0.00329986843,0.00329986843,0
680,1,0.00347560854,0.0034756083,2.32830644E-10
680,2,0.00200748444,0.00200748444,0
680,3,0.003870455,0.003870455,0
681,0,0.003209485,0.003209485,0
681,1,0.00337995542,0.00337995542,0
681,2,0.00195217133,0.00195217121,1.16415322E-10
681,3,0.00376448687,0.00376448664,2.32830644E-10
682,0,0.003282857,0.003282857,0
682,1,0.00345771853,0.00345771853,0
682,2,0.00199794769,0.00199794769,0
682,3,0.00385154388,0.00385154388,0
683,0,0.003198603,0.003198603,0
683,1,0.00336864288,0.00336864288,0
683,2,0.00194549561,0.00194549549,1.16415322E-10
683,3,0.00375235267,0.00375235267,0
684,0,0.003186699,0.003186699,0
684,1,0.00335598644,0.00335598644,0
684,2,0.00193977356,0.00193977356,0
684,3,0.00373971974,0.00373971974,0
685,0,0.0032425113,0.0032425113,0
685,1,0.00341605861,0.00341605837,2.32830644E-10
685,2,0.00197315216,0.00197315216,0
685,3,0.003804926,0.00380492629,2.32830644E-10
686,0,0.00321742077,0.00321742077,0
686,1,0.00338957249,0.00338957226,2.32830644E-10
686,2,0.00195789337,0.00195789337,0
686,3,0.00377774169,0.00377774169,0
687,0,0.0031464966,0.0031464966,0
687,1,0.003313828,0.003313828,0
687,2,0.001914978,0.001914978,0
687,3,0.003693102,0.003693102,0
688,0,0.00309554324,0.00309554324,0
688,1,0.00326135429,0.00326135429,0
688,2,0.00188446045,0.00188446045,0
688,3,0.003634649,0.003634649,0
689,0,0.00314137642,0.00314137642,0
689,1,0.00330969132,0.003309691,2.32830644E-10
689,2,0.001912117,0.001912117,0
689,3,0.00368866627,0.00368866627,0
690,0,0.0030509932,0.0030509932,0
690,1,0.00321505941,0.00321505941,0
690,2,0.00185775757,0.00185775757,0
690,3,0.00358319655,0.00358319655,0
691,0,0.00302307447,0.00302307447,0
691,1,0.00318501121,0.003185011,2.32830644E-10
691,2,0.00184059143,0.00184059143,0
691,3,0.00355063146,0.00355063146,0
692,0,0.003040491,0.003040491,0
692,1,0.00320352358,0.00320352358,0
692,2,0.00185203552,0.00185203541,1.16415322E-10
692,3,0.003571162,0.003571162,0
693,0,0.00299875624,0.00299875624,0
693,1,0.003159423,0.003159423,0
693,2,0.00182533264,0.00182533253,1.16415322E-10
693,3,0.00352354674,0.00352354674,0
694,0,0.003394612,0.003394612,0
694,1,0.003577241,0.003577241,0
694,2,0.002067566,0.002067566,0
694,3,0.00398803549,0.00398803549,0
695,0,0.0033788716,0.0033788716,0
695,1,0.00356094656,0.00356094656,0
695,2,0.00205802917,0.002058029,2.32830644E-10
695,3,0.003971166,0.003971166,0
696,0,0.00331945857,0.00331945857,0
696,1,0.00349795818,0.00349795818,0
696,2,0.00202178955,0.00202178955,0
696,3,0.0039017,0.00390170026,2.32830644E-10
697,0,0.00327414228,0.00327414228,0
697,1,0.0034497208,0.00344972056,2.32830644E-10
697,2,0.00199508667,0.00199508667,0
697,3,0.00384820532,0.00384820532,0
698,0,0.00322394888,0.00322394888,0
698,1,0.00339836814,0.00339836814,0
698,2,0.00196361542,0.00196361542,0
698,3,0.00379037461,0.00379037461,0
699,0,0.00282835448,0.00282835448,0
699,1,0.00298067322,0.00298067322,0
699,2,0.00172328949,0.00172328937,1.16415322E-10
699,3,0.00332474173,0.00332474173,0
700,0,0.00276626344,0.00276626344,0
700,1,0.00291616516,0.00291616516,0
700,2,0.00168609619,0.00168609619,0
700,3,0.00325367972,0.00325367972,0
701,0,0.00281554763,0.00281554763,0
701,1,0.0029674184,0.0029674184,0
701,2,0.0017156601,0.0017156601,0
701,3,0.00331151043,0.00331151043,0
702,0,0.00273297518,0.00273297518,0
702,1,0.002881083,0.002881083,0
702,2,0.00166511536,0.00166511536,0
702,3,0.003214537,0.003214537,0
703,0,0.00268316781,0.00268316781,0
703,1,0.002828087,0.002828087,0
703,2,0.00163555145,0.00163555145,0
703,3,0.00315660657,0.00315660657,0
704,0,0.00270455237,0.00270455237,0
704,1,0.00285145757,0.00285145734,2.32830644E-10
704,2,0.00164890289,0.00164890278,1.16415322E-10
704,3,0.00318219513,0.00318219513,0
705,0,0.00269148988,0.00269148988,0
705,1,0.00283728144,0.00283728144,0
705,2,0.00164031982,0.00164031982,0
705,3,0.00316732051,0.00316732051,0
706,0,0.00262914342,0.00262914342,0
706,1,0.002771776,0.002771776,0
706,2,0.00160312653,0.00160312641,1.16415322E-10
706,3,0.00309391739,0.00309391739,0
707,0,0.00269303471,0.00269303471,0
707,1,0.002839124,0.002839124,0
707,2,0.0016412735,0.0016412735,0
707,3,0.00316913961,0.00316913961,0
708,0,0.003152894,0.003152894,0
708,1,0.00332404347,0.00332404347,0
708,2,0.00192260742,0.00192260731,1.16415322E-10
708,3,0.00371099217,0.00371099217,0
709,0,0.00295279827,0.00295279827,0
709,1,0.0031136265,0.00311362627,2.32830644E-10
709,2,0.00180053711,0.001800537,1.16415322E-10
709,3,0.00347662973,0.00347662973,0
710,0,0.00293781143,0.00293781143,0
710,1,0.00309745548,0.00309745548,0
710,2,0.001791954,0.001791954,0
710,3,0.00345933787,0.00345933787,0
711,0,0.002885967,0.002885967,0
711,1,0.00304316287,0.00304316287,0
711,2,0.00175952911,0.00175952911,0
711,3,0.0033980452,0.0033980452,0
712,0,0.00284064445,0.00284064445,0
712,1,0.00299532455,0.00299532455,0
712,2,0.00173282623,0.00173282623,0
712,3,0.003346094,0.003346094,0
713,0,0.00270928629,0.00270928629,0
713,1,0.00285721361,0.00285721337,2.32830644E-10
713,2,0.00165271759,0.00165271747,1.16415322E-10
713,3,0.00319138938,0.00319138938,0
714,0,0.00237270584,0.00237270584,0
714,1,0.00250190869,0.00250190869,0
714,2,0.00144767761,0.00144767761,0
714,3,0.00279462431,0.00279462431,0
715,0,0.00235119718,0.00235119718,0
715,1,0.00248068,0.00248068,0
715,2,0.00143432617,0.00143432617,0
715,3,0.00277147675,0.00277147675,0
716,0,0.002354274,0.002354274,0
716,1,0.0024826983,0.0024826983,0
716,2,0.00143623352,0.00143623352,0
716,3,0.00277359481,0.00277359481,0
717,0,0.00233276538,0.00233276538,0
717,1,0.00246034865,0.00246034865,0
717,2,0.00142383575,0.00142383575,0
717,3,0.002749227,0.002749227,0
718,0,0.00227322825,0.00227322825,0
718,1,0.002397959,0.002397959,0
718,2,0.00138759613,0.00138759613,0
718,3,0.00267956126,0.00267956126,0
719,0,0.002267217,0.002267217,0
719,1,0.00239180378,0.00239180378,0
719,2,0.00138378143,0.00138378143,0
719,3,0.00267268438,0.00267268438,0
720,0,0.00225044228,0.00225044228,0
720,1,0.00237329165,0.00237329141,2.32830644E-10
720,2,0.001373291,0.001373291,0
720,3,0.00265265256,0.00265265256,0
721,0,0.00222931965,0.00222931965,0
721,1,0.00235164026,0.00235164026,0
721,2,0.00135993958,0.00135993958,0
721,3,0.002628707,0.002628707,0
722,0,0.00218296912,0.00218296912,0
722,1,0.002302928,0.002302928,0
722,2,0.00133323669,0.00133323669,0
722,3,0.00257379236,0.00257379236,0
723,0,0.00220294576,0.00220294576,0
723,1,0.00232445588,0.00232445565,2.32830644E-10
723,2,0.00134468079,0.00134468079,0
723,3,0.00259816041,0.00259816041,0
724,0,0.002135479,0.002135479,0
724,1,0.00225247256,0.00225247233,2.32830644E-10
724,2,0.00130367279,0.00130367267,1.16415322E-10
724,3,0.00251880172,0.00251880172,0
725,0,0.002247882,0.002247882,0
725,1,0.002371772,0.002371772,0
725,2,0.00137233734,0.00137233734,0
725,3,0.0026519543,0.0026519543,0
726,0,0.00208464684,0.00208464684,0
726,1,0.002199277,0.002199277,0
726,2,0.00127315521,0.00127315521,0
726,3,0.00245852978,0.00245852978,0
727,0,0.00207172148,0.00207172148,0
727,1,0.002185324,0.002185324,0
727,2,0.00126457214,0.00126457214,0
727,3,0.0024445767,0.0024445767,0
728,0,0.002018971,0.002018971,0
728,1,0.00213063252,0.00213063252,0
728,2,0.00123310089,0.00123310089,0
728,3,0.00238228659,0.00238228659,0
729,0,0.00202114484,0.00202114484,0
729,1,0.00213295012,0.00213295012,0
729,2,0.00123500824,0.00123500824,0
729,3,0.00238542585,0.00238542585,0
730,0,0.001969045,0.001969045,0
730,1,0.00207763631,0.00207763631,0
730,2,0.00120258331,0.0012025832,1.16415322E-10
730,3,0.0023241567,0.0023241567,0
731,0,0.00198849849,0.00198849849,0
731,1,0.00209826673,0.00209826673,0
731,2,0.0012140274,0.0012140274,0
731,3,0.00234700483,0.00234700483,0
732,0,0.001924361,0.00192436087,1.16415322E-10
732,1,0.00203051977,0.00203051954,2.32830644E-10
732,2,0.00117588043,0.00117588043,0
732,3,0.00227188249,0.00227188249,0
733,0,0.00189171452,0.00189171464,1.16415322E-10
733,1,0.001996758,0.001996758,0
733,2,0.00115585327,0.00115585316,1.16415322E-10
733,3,0.00223386055,0.00223386055,0
734,0,0.00186585181,0.00186585181,0
734,1,0.00196925062,0.00196925062,0
734,2,0.00113964081,0.00113964081,0
734,3,0.00220331387,0.00220331387,0
735,0,0.00183807,0.00183807,0
735,1,0.00193962536,0.00193962536,0
735,2,0.00112342834,0.00112342834,0
735,3,0.002170573,0.002170573,0
736,0,0.001780333,0.001780333,0
736,1,0.00187885482,0.00187885482,0
736,2,0.00108718872,0.00108718872,0
736,3,0.002102204,0.002102204,0
737,0,0.001789035,0.001789035,0
737,1,0.00188867142,0.00188867142,0
737,2,0.00109386444,0.00109386444,0
737,3,0.00211363984,0.00211363984,0
738,0,0.00174768665,0.00174768665,0
738,1,0.00184457062,0.00184457051,1.16415322E-10
738,2,0.00106811523,0.00106811523,0
738,3,0.002064804,0.002064804,0
739,0,0.00171785278,0.00171785278,0
739,1,0.00181334955,0.00181334943,1.16415322E-10
739,2,0.00104999542,0.00104999542,0
739,3,0.00202972186,0.00202972186,0
740,0,0.00177379872,0.00177379872,0
740,1,0.00187227735,0.00187227735,0
740,2,0.0010843277,0.0010843277,0
740,3,0.002096049,0.002096049,0
741,0,0.00166280335,0.00166280335,0
741,1,0.00175549509,0.00175549509,0
741,2,0.00101661682,0.00101661682,0
741,3,0.00196571252,0.00196571252,0
742,0,0.00164257758,0.0016425777,1.16415322E-10
742,1,0.00173376757,0.00173376757,0
742,2,0.00100326538,0.00100326538,0
742,3,0.00194042327,0.00194042316,1.16415322E-10
743,0,0.00161492068,0.00161492068,0
743,1,0.00170503976,0.00170503976,0
743,2,0.0009880066,0.0009880066,0
743,3,0.00190940162,0.00190940173,1.16415322E-10
744,0,0.00156806281,0.00156806281,0
744,1,0.00165560562,0.00165560562,0
744,2,0.0009584427,0.0009584427,0
744,3,0.00185326638,0.00185326638,0
745,0,0.00154271361,0.00154271361,0
745,1,0.00162901974,0.00162901962,1.16415322E-10
745,2,0.0009431839,0.0009431839,0
745,3,0.00182416337,0.00182416337,0
746,0,0.00153656863,0.00153656863,0
746,1,0.00162182,0.00162182,0
746,2,0.0009393692,0.000939369143,5.820766E-11
746,3,0.00181666447,0.00181666447,0
747,0,0.00160263234,0.00160263234,0
747,1,0.00169230718,0.00169230707,1.16415322E-10
747,2,0.0009803772,0.0009803771,1.16415322E-10
747,3,0.00189554819,0.00189554831,1.16415322E-10
748,0,0.00146871572,0.00146871572,0
748,1,0.00155085779,0.00155085768,1.16415322E-10
748,2,0.0008983612,0.000898361148,5.820766E-11
748,3,0.00173648412,0.00173648412,0
749,0,0.00142774719,0.00142774719,0
749,1,0.00150787772,0.00150787761,1.16415322E-10
749,2,0.0008735657,0.0008735656,5.820766E-11
749,3,0.00168896851,0.00168896851,0
750,0,0.00143465982,0.00143465982,0
750,1,0.00151455507,0.00151455507,0
750,2,0.0008773804,0.0008773803,5.820766E-11
750,3,0.00169706589,0.00169706589,0
751,0,0.001389979,0.001389979,0
751,1,0.0014677376,0.00146773749,1.16415322E-10
751,2,0.0008497238,0.000849723758,5.820766E-11
751,3,0.0016443691,0.0016443691,0
752,0,0.00133019255,0.00133019255,0
752,1,0.0014051483,0.0014051483,0
752,2,0.000814437866,0.0008144378,5.820766E-11
752,3,0.00157400523,0.00157400523,0
753,0,0.00137448881,0.00137448881,0
753,1,0.00145084492,0.00145084492,0
753,2,0.0008401871,0.000840187,5.820766E-11
753,3,0.00162588048,0.00162588048,0
754,0,0.00166779454,0.00166779454,0
754,1,0.00176187314,0.00176187314,0
754,2,0.00102043152,0.00102043152,0
754,3,0.00197420875,0.00197420875,0
755,0,0.00125875312,0.00125875312,0
755,1,0.0013292043,0.0013292043,0
755,2,0.000770568848,0.000770568848,0
755,3,0.001490187,0.001490187,0
756,0,0.00122354657,0.00122354657,0
756,1,0.00129252649,0.00129252649,0
756,2,0.000748634338,0.000748634338,0
756,3,0.00144770578,0.00144770578,0
757,0,0.00121983117,0.00121983117,0
757,1,0.00128846581,0.00128846569,1.16415322E-10
757,2,0.000746727,0.000746727,0
757,3,0.00144468993,0.00144468993,0
758,0,0.00116439711,0.00116439711,0
758,1,0.00122981356,0.00122981356,0
758,2,0.0007123947,0.000712394656,5.820766E-11
758,3,0.00137856242,0.00137856242,0
759,0,0.00111651607,0.00111651607,0
759,1,0.00118017977,0.00118017977,0
759,2,0.0006837845,0.0006837845,0
759,3,0.00132252707,0.00132252707,0
760,0,0.00112240552,0.00112240552,0
760,1,0.00118441612,0.00118441612,0
760,2,0.0006866455,0.0006866455,0
760,3,0.00132870558,0.00132870558,0
761,0,0.00108924543,0.00108924543,0
761,1,0.00115095335,0.00115095335,0
761,2,0.000666618347,0.000666618347,0
761,3,0.00129070762,0.00129070762,0
762,0,0.00113136612,0.00113136612,0
762,1,0.00119555288,0.00119555288,0
762,2,0.0006933212,0.0006933212,0
762,3,0.001339719,0.001339719,0
763,0,0.00119307567,0.00119307567,0
763,1,0.00125973811,0.00125973811,0
763,2,0.0007305145,0.0007305145,0
763,3,0.00141364452,0.00141364452,0
764,0,0.00102945813,0.00102945813,0
764,1,0.001087965,0.001087965,0
764,2,0.0006303787,0.0006303787,0
764,3,0.00121929881,0.00121929881,0
765,0,0.00101243018,0.00101243018,0
765,1,0.00106925331,0.00106925331,0
765,2,0.000618934631,0.000618934631,0
765,3,0.00119958969,0.00119958969,0
766,0,0.00104367035,0.00104367035,0
766,1,0.0011033382,0.0011033382,0
766,2,0.000639915466,0.0006399154,5.820766E-11
766,3,0.00123701326,0.00123701326,0
767,0,0.00101959845,0.00101959845,0
767,1,0.00107755011,0.00107755011,0
767,2,0.0006246567,0.0006246567,0
767,3,0.00120878418,0.00120878418,0
768,0,0.00087173155,0.00087173155,0
768,1,0.0009202054,0.0009202053,5.820766E-11
768,2,0.000533103943,0.000533103943,0
768,3,0.0010326514,0.0010326514,0
769,0,0.0008925953,0.0008925953,0
769,1,0.0009437753,0.0009437753,0
769,2,0.000547409058,0.000547409058,0
769,3,0.00105883833,0.00105883833,0
770,0,0.000800292939,0.000800292939,0
770,1,0.000845505449,0.000845505449,0
770,2,0.0004901886,0.00049018854,5.820766E-11
770,3,0.0009484343,0.000948434346,5.820766E-11
771,0,0.000753434259,0.000753434259,0
771,1,0.000796047447,0.000796047447,0
771,2,0.000461578369,0.00046157834,2.910383E-11
771,3,0.0008933201,0.0008933201,0
772,0,0.000752665044,0.000752665044,0
772,1,0.0007953493,0.0007953493,0
772,2,0.0004606247,0.0004606247,0
772,3,0.000892099633,0.000892099633,0
773,0,0.000724755751,0.000724755751,0
773,1,0.0007661229,0.0007661229,0
773,2,0.000444412231,0.0004444122,2.910383E-11
773,3,0.000859757653,0.000859757653,0
774,0,0.0007540725,0.0007540725,0
774,1,0.0007970685,0.000797068467,5.820766E-11
774,2,0.000461578369,0.00046157834,2.910383E-11
774,3,0.000894740049,0.000894740049,0
775,0,0.0006830188,0.0006830188,0
775,1,0.000721523538,0.0007215235,5.820766E-11
775,2,0.000418663025,0.000418663,2.910383E-11
775,3,0.000809801044,0.000809801044,0
776,1,0.0006104213,0.0006104213,0
776,2,0.000353813171,0.000353813171,0
776,3,0.000684722036,0.000684722036,0
777,3,0.0006683516,0.0006683516,0
