# Generated from the supplied official PC Express logo. Registered mark omitted.
mtllib env_pc_express_logo_3d.mtl
o PCExpressOfficialRaisedLogo
v 0.084583 4.029553 -3.162000
v 0.084583 4.014106 -3.162000
v 0.146611 3.929146 -3.162000
v 0.146611 3.913699 -3.162000
v 0.174806 3.882805 -3.162000
v 0.174806 3.867358 -3.162000
v 0.208639 3.828740 -3.162000
v 0.208639 3.813293 -3.162000
v 0.236833 3.782398 -3.162000
v 0.236833 3.766951 -3.162000
v 0.253750 3.743780 -3.162000
v 0.265028 3.743780 -3.162000
v 0.310139 3.890528 -3.162000
v 0.473667 3.890528 -3.162000
v 0.428556 3.751504 -3.162000
v 0.422917 3.751504 -3.162000
v 0.422917 3.736057 -3.162000
v 0.417278 3.736057 -3.162000
v 0.417278 3.720610 -3.162000
v 0.406000 3.705163 -3.162000
v 0.406000 3.689715 -3.162000
v 0.400361 3.689715 -3.162000
v 0.400361 3.674268 -3.162000
v 0.394722 3.674268 -3.162000
v 0.394722 3.658821 -3.162000
v 0.389083 3.658821 -3.162000
v 0.389083 3.643374 -3.162000
v 0.383444 3.643374 -3.162000
v 0.383444 3.627927 -3.162000
v 0.377806 3.627927 -3.162000
v 0.377806 3.612480 -3.162000
v 0.372167 3.612480 -3.162000
v 0.372167 3.597033 -3.162000
v 0.366528 3.597033 -3.162000
v 0.366528 3.581585 -3.162000
v 0.360889 3.581585 -3.162000
v 0.360889 3.566138 -3.162000
v 0.406000 3.504350 -3.162000
v 0.406000 3.488902 -3.162000
v 0.439833 3.450285 -3.162000
v 0.439833 3.434837 -3.162000
v 0.468028 3.403943 -3.162000
v 0.468028 3.388496 -3.162000
v 0.490583 3.365325 -3.162000
v 0.490583 3.349878 -3.162000
v 0.518778 3.318984 -3.162000
v 0.518778 3.303537 -3.162000
v 0.552611 3.264919 -3.162000
v 0.552611 3.249472 -3.162000
v 0.586444 3.210854 -3.162000
v 0.586444 3.195407 -3.162000
v 0.614639 3.164512 -3.162000
v 0.614639 3.149065 -3.162000
v 0.648472 3.110447 -3.162000
v 0.648472 3.095000 -3.162000
v 0.490583 3.095000 -3.162000
v 0.462389 3.133618 -3.162000
v 0.462389 3.149065 -3.162000
v 0.434194 3.179959 -3.162000
v 0.434194 3.195407 -3.162000
v 0.400361 3.234024 -3.162000
v 0.400361 3.249472 -3.162000
v 0.383444 3.264919 -3.162000
v 0.383444 3.280366 -3.162000
v 0.321417 3.365325 -3.162000
v 0.321417 3.380772 -3.162000
v 0.310139 3.396220 -3.162000
v 0.293222 3.388496 -3.162000
v 0.248111 3.249472 -3.162000
v 0.090222 3.249472 -3.162000
v 0.090222 3.272642 -3.162000
v 0.095861 3.272642 -3.162000
v 0.140972 3.411667 -3.162000
v 0.146611 3.411667 -3.162000
v 0.146611 3.434837 -3.162000
v 0.152250 3.434837 -3.162000
v 0.174806 3.512073 -3.162000
v 0.180444 3.512073 -3.162000
v 0.180444 3.527520 -3.162000
v 0.186083 3.527520 -3.162000
v 0.191722 3.558415 -3.162000
v 0.197361 3.558415 -3.162000
v 0.197361 3.581585 -3.162000
v 0.146611 3.651098 -3.162000
v 0.146611 3.666545 -3.162000
v 0.112778 3.705163 -3.162000
v 0.112778 3.720610 -3.162000
v 0.084583 3.751504 -3.162000
v 0.084583 3.766951 -3.162000
v 0.050750 3.805569 -3.162000
v 0.050750 3.821016 -3.162000
v 0.022556 3.851911 -3.162000
v 0.022556 3.867358 -3.162000
v 0.005639 3.890528 -3.162000
v 0.000000 3.890528 -3.162000
v 0.000000 3.875081 -3.162000
v 0.005639 3.875081 -3.162000
v 0.005639 3.836463 -3.162000
v 0.011278 3.836463 -3.162000
v 0.011278 3.782398 -3.162000
v 0.016917 3.782398 -3.162000
v 0.016917 3.743780 -3.162000
v 0.022556 3.743780 -3.162000
v 0.033833 3.604756 -3.162000
v 0.039472 3.604756 -3.162000
v 0.039472 3.573862 -3.162000
v 0.045111 3.573862 -3.162000
v 0.039472 3.558415 -3.162000
v 0.045111 3.558415 -3.162000
v 0.045111 3.527520 -3.162000
v 0.050750 3.527520 -3.162000
v 0.062028 3.388496 -3.162000
v 0.067667 3.388496 -3.162000
v 0.084583 3.249472 -3.162000
v -0.056389 3.249472 -3.162000
v -0.062028 3.272642 -3.162000
v -0.067667 3.272642 -3.162000
v -0.067667 3.326707 -3.162000
v -0.073306 3.326707 -3.162000
v -0.073306 3.373049 -3.162000
v -0.078944 3.373049 -3.162000
v -0.078944 3.411667 -3.162000
v -0.084583 3.411667 -3.162000
v -0.090222 3.488902 -3.162000
v -0.203000 3.488902 -3.162000
v -0.203000 3.496626 -3.162000
v -0.242472 3.496626 -3.162000
v -0.242472 3.504350 -3.162000
v -0.259389 3.504350 -3.162000
v -0.259389 3.512073 -3.162000
v -0.276306 3.512073 -3.162000
v -0.287583 3.527520 -3.162000
v -0.298861 3.527520 -3.162000
v -0.343972 3.589309 -3.162000
v -0.360889 3.651098 -3.162000
v -0.366528 3.651098 -3.162000
v -0.366528 3.681992 -3.162000
v -0.372167 3.681992 -3.162000
v -0.372167 3.797846 -3.162000
v -0.360889 3.813293 -3.162000
v -0.360889 3.828740 -3.162000
v -0.349611 3.836463 -3.162000
v -0.349611 3.851911 -3.162000
v -0.338333 3.851911 -3.162000
v -0.332694 3.867358 -3.162000
v -0.310139 3.875081 -3.162000
v -0.310139 3.882805 -3.162000
v -0.293222 3.882805 -3.162000
v -0.293222 3.890528 -3.162000
v 0.000000 3.890528 -3.162000
v 0.000000 3.905976 -3.162000
v -0.028194 3.936870 -3.162000
v -0.028194 3.952317 -3.162000
v -0.062028 3.990935 -3.162000
v -0.062028 4.006382 -3.162000
v -0.090222 4.045000 -3.162000
v 0.073306 4.045000 -3.162000
v 1.257472 3.998659 -3.162000
v 1.296944 3.998659 -3.162000
v 1.296944 3.990935 -3.162000
v 1.336417 3.983211 -3.162000
v 1.347694 3.967764 -3.162000
v 1.364611 3.967764 -3.162000
v 1.364611 3.960041 -3.162000
v 1.398444 3.944593 -3.162000
v 1.398444 3.936870 -3.162000
v 1.409722 3.936870 -3.162000
v 1.409722 3.929146 -3.162000
v 1.421000 3.929146 -3.162000
v 1.443556 3.898252 -3.162000
v 1.454833 3.898252 -3.162000
v 1.483028 3.944593 -3.162000
v 1.516861 3.960041 -3.162000
v 1.516861 3.967764 -3.162000
v 1.528139 3.967764 -3.162000
v 1.528139 3.975488 -3.162000
v 1.545056 3.975488 -3.162000
v 1.545056 3.983211 -3.162000
v 1.567611 3.983211 -3.162000
v 1.567611 3.990935 -3.162000
v 1.922861 3.990935 -3.162000
v 1.928500 3.944593 -3.162000
v 1.934139 3.944593 -3.162000
v 1.928500 3.929146 -3.162000
v 1.934139 3.929146 -3.162000
v 1.934139 3.898252 -3.162000
v 1.939778 3.898252 -3.162000
v 1.939778 3.851911 -3.162000
v 1.945417 3.851911 -3.162000
v 1.945417 3.805569 -3.162000
v 1.951056 3.805569 -3.162000
v 1.951056 3.759228 -3.162000
v 1.956694 3.759228 -3.162000
v 1.956694 3.712886 -3.162000
v 1.962333 3.712886 -3.162000
v 1.962333 3.666545 -3.162000
v 1.967972 3.666545 -3.162000
v 1.967972 3.627927 -3.162000
v 1.973611 3.627927 -3.162000
v 1.973611 3.589309 -3.162000
v 1.979250 3.589309 -3.162000
v 1.973611 3.573862 -3.162000
v 1.979250 3.573862 -3.162000
v 1.979250 3.550691 -3.162000
v 1.984889 3.550691 -3.162000
v 1.984889 3.496626 -3.162000
v 1.990528 3.496626 -3.162000
v 1.990528 3.458008 -3.162000
v 1.996167 3.458008 -3.162000
v 1.996167 3.403943 -3.162000
v 2.001806 3.403943 -3.162000
v 2.001806 3.365325 -3.162000
v 2.007444 3.365325 -3.162000
v 2.018722 3.226301 -3.162000
v 2.024361 3.226301 -3.162000
v 2.024361 3.195407 -3.162000
v 2.030000 3.195407 -3.162000
v 2.024361 3.179959 -3.162000
v 2.030000 3.179959 -3.162000
v 2.030000 3.149065 -3.162000
v 1.742417 3.149065 -3.162000
v 1.714222 3.388496 -3.162000
v 1.629639 3.396220 -3.162000
v 1.629639 3.403943 -3.162000
v 1.584528 3.411667 -3.162000
v 1.584528 3.419390 -3.162000
v 1.573250 3.411667 -3.162000
v 1.573250 3.388496 -3.162000
v 1.567611 3.388496 -3.162000
v 1.567611 3.365325 -3.162000
v 1.561972 3.365325 -3.162000
v 1.550694 3.311260 -3.162000
v 1.539417 3.303537 -3.162000
v 1.539417 3.288089 -3.162000
v 1.522500 3.272642 -3.162000
v 1.522500 3.257195 -3.162000
v 1.505583 3.234024 -3.162000
v 1.494306 3.234024 -3.162000
v 1.477389 3.203130 -3.162000
v 1.454833 3.195407 -3.162000
v 1.449194 3.179959 -3.162000
v 1.432278 3.179959 -3.162000
v 1.421000 3.164512 -3.162000
v 1.409722 3.164512 -3.162000
v 1.409722 3.156789 -3.162000
v 1.387167 3.156789 -3.162000
v 1.387167 3.149065 -3.162000
v 1.347694 3.149065 -3.162000
v 1.347694 3.141341 -3.162000
v 1.268750 3.141341 -3.162000
v 1.268750 3.149065 -3.162000
v 1.195444 3.156789 -3.162000
v 1.195444 3.164512 -3.162000
v 1.178528 3.164512 -3.162000
v 1.178528 3.172236 -3.162000
v 1.161611 3.172236 -3.162000
v 1.161611 3.179959 -3.162000
v 1.144694 3.179959 -3.162000
v 1.144694 3.187683 -3.162000
v 1.110861 3.203130 -3.162000
v 1.110861 3.210854 -3.162000
v 1.099583 3.210854 -3.162000
v 1.093944 3.226301 -3.162000
v 1.082667 3.226301 -3.162000
v 1.077028 3.241748 -3.162000
v 1.065750 3.241748 -3.162000
v 1.020639 3.303537 -3.162000
v 1.009361 3.342154 -3.162000
v 0.998083 3.349878 -3.162000
v 0.969889 3.442561 -3.162000
v 0.964250 3.442561 -3.162000
v 0.958611 3.488902 -3.162000
v 0.952972 3.488902 -3.162000
v 0.936056 3.651098 -3.162000
v 0.941694 3.651098 -3.162000
v 0.941694 3.736057 -3.162000
v 0.947333 3.736057 -3.162000
v 0.952972 3.790122 -3.162000
v 0.964250 3.805569 -3.162000
v 0.964250 3.828740 -3.162000
v 0.981167 3.851911 -3.162000
v 0.981167 3.867358 -3.162000
v 1.031917 3.936870 -3.162000
v 1.043194 3.936870 -3.162000
v 1.048833 3.952317 -3.162000
v 1.082667 3.967764 -3.162000
v 1.082667 3.975488 -3.162000
v 1.093944 3.975488 -3.162000
v 1.093944 3.983211 -3.162000
v 1.110861 3.983211 -3.162000
v 1.110861 3.990935 -3.162000
v 1.133417 3.990935 -3.162000
v 1.133417 3.998659 -3.162000
v 1.167250 3.998659 -3.162000
v 1.167250 4.006382 -3.162000
v 1.257472 4.006382 -3.162000
v 1.172889 3.975488 -3.162000
v 1.172889 3.967764 -3.162000
v 1.139056 3.967764 -3.162000
v 1.139056 3.960041 -3.162000
v 1.099583 3.952317 -3.162000
v 1.099583 3.944593 -3.162000
v 1.077028 3.936870 -3.162000
v 1.077028 3.929146 -3.162000
v 1.065750 3.929146 -3.162000
v 1.065750 3.921423 -3.162000
v 1.054472 3.921423 -3.162000
v 0.992444 3.836463 -3.162000
v 0.981167 3.782398 -3.162000
v 0.975528 3.782398 -3.162000
v 0.975528 3.759228 -3.162000
v 0.969889 3.759228 -3.162000
v 0.969889 3.720610 -3.162000
v 0.964250 3.720610 -3.162000
v 0.964250 3.689715 -3.162000
v 0.958611 3.689715 -3.162000
v 0.958611 3.597033 -3.162000
v 0.964250 3.597033 -3.162000
v 0.975528 3.496626 -3.162000
v 0.981167 3.496626 -3.162000
v 0.986806 3.450285 -3.162000
v 0.998083 3.434837 -3.162000
v 1.003722 3.396220 -3.162000
v 1.020639 3.373049 -3.162000
v 1.020639 3.357602 -3.162000
v 1.031917 3.349878 -3.162000
v 1.031917 3.334431 -3.162000
v 1.088306 3.257195 -3.162000
v 1.099583 3.257195 -3.162000
v 1.105222 3.241748 -3.162000
v 1.139056 3.226301 -3.162000
v 1.139056 3.218577 -3.162000
v 1.150333 3.218577 -3.162000
v 1.150333 3.210854 -3.162000
v 1.161611 3.210854 -3.162000
v 1.161611 3.203130 -3.162000
v 1.201083 3.195407 -3.162000
v 1.201083 3.187683 -3.162000
v 1.229278 3.187683 -3.162000
v 1.229278 3.179959 -3.162000
v 1.336417 3.172236 -3.162000
v 1.336417 3.179959 -3.162000
v 1.381528 3.179959 -3.162000
v 1.381528 3.187683 -3.162000
v 1.404083 3.187683 -3.162000
v 1.404083 3.195407 -3.162000
v 1.437917 3.210854 -3.162000
v 1.437917 3.218577 -3.162000
v 1.449194 3.218577 -3.162000
v 1.449194 3.226301 -3.162000
v 1.460472 3.226301 -3.162000
v 1.466111 3.241748 -3.162000
v 1.477389 3.241748 -3.162000
v 1.511222 3.288089 -3.162000
v 1.511222 3.303537 -3.162000
v 1.528139 3.318984 -3.162000
v 1.539417 3.365325 -3.162000
v 1.545056 3.365325 -3.162000
v 1.550694 3.411667 -3.162000
v 1.556333 3.411667 -3.162000
v 1.556333 3.458008 -3.162000
v 1.573250 3.458008 -3.162000
v 1.573250 3.450285 -3.162000
v 1.590167 3.450285 -3.162000
v 1.590167 3.442561 -3.162000
v 1.607083 3.442561 -3.162000
v 1.607083 3.434837 -3.162000
v 1.635278 3.434837 -3.162000
v 1.635278 3.427114 -3.162000
v 1.731139 3.427114 -3.162000
v 1.748056 3.272642 -3.162000
v 1.753694 3.272642 -3.162000
v 1.753694 3.218577 -3.162000
v 1.759333 3.218577 -3.162000
v 1.764972 3.179959 -3.162000
v 1.770611 3.187683 -3.162000
v 1.996167 3.187683 -3.162000
v 2.001806 3.179959 -3.162000
v 1.996167 3.280366 -3.162000
v 1.990528 3.280366 -3.162000
v 1.990528 3.311260 -3.162000
v 1.984889 3.311260 -3.162000
v 1.990528 3.326707 -3.162000
v 1.984889 3.326707 -3.162000
v 1.984889 3.357602 -3.162000
v 1.979250 3.357602 -3.162000
v 1.956694 3.589309 -3.162000
v 1.951056 3.589309 -3.162000
v 1.951056 3.627927 -3.162000
v 1.945417 3.627927 -3.162000
v 1.945417 3.681992 -3.162000
v 1.939778 3.681992 -3.162000
v 1.939778 3.705163 -3.162000
v 1.934139 3.705163 -3.162000
v 1.939778 3.720610 -3.162000
v 1.934139 3.720610 -3.162000
v 1.934139 3.759228 -3.162000
v 1.928500 3.759228 -3.162000
v 1.928500 3.797846 -3.162000
v 1.922861 3.797846 -3.162000
v 1.922861 3.844187 -3.162000
v 1.917222 3.844187 -3.162000
v 1.905944 3.960041 -3.162000
v 1.573250 3.960041 -3.162000
v 1.573250 3.952317 -3.162000
v 1.550694 3.952317 -3.162000
v 1.550694 3.944593 -3.162000
v 1.533778 3.944593 -3.162000
v 1.522500 3.929146 -3.162000
v 1.511222 3.929146 -3.162000
v 1.511222 3.921423 -3.162000
v 1.499944 3.921423 -3.162000
v 1.460472 3.867358 -3.162000
v 1.460472 3.851911 -3.162000
v 1.449194 3.851911 -3.162000
v 1.415361 3.898252 -3.162000
v 1.392806 3.905976 -3.162000
v 1.387167 3.921423 -3.162000
v 1.364611 3.929146 -3.162000
v 1.364611 3.936870 -3.162000
v 1.347694 3.936870 -3.162000
v 1.347694 3.944593 -3.162000
v 1.330778 3.944593 -3.162000
v 1.330778 3.952317 -3.162000
v 1.313861 3.952317 -3.162000
v 1.313861 3.960041 -3.162000
v 1.257472 3.967764 -3.162000
v 1.251833 3.975488 -3.162000
v 1.257472 3.898252 -3.162000
v 1.291306 3.898252 -3.162000
v 1.291306 3.890528 -3.162000
v 1.313861 3.890528 -3.162000
v 1.313861 3.882805 -3.162000
v 1.330778 3.882805 -3.162000
v 1.330778 3.875081 -3.162000
v 1.347694 3.875081 -3.162000
v 1.358972 3.859634 -3.162000
v 1.370250 3.859634 -3.162000
v 1.375889 3.844187 -3.162000
v 1.387167 3.844187 -3.162000
v 1.392806 3.828740 -3.162000
v 1.404083 3.828740 -3.162000
v 1.443556 3.774675 -3.162000
v 1.460472 3.720610 -3.162000
v 1.471750 3.712886 -3.162000
v 1.477389 3.674268 -3.162000
v 1.488667 3.658821 -3.162000
v 1.488667 3.635650 -3.162000
v 1.494306 3.635650 -3.162000
v 1.494306 3.612480 -3.162000
v 1.499944 3.612480 -3.162000
v 1.499944 3.581585 -3.162000
v 1.505583 3.581585 -3.162000
v 1.505583 3.419390 -3.162000
v 1.499944 3.419390 -3.162000
v 1.488667 3.357602 -3.162000
v 1.477389 3.349878 -3.162000
v 1.477389 3.334431 -3.162000
v 1.437917 3.280366 -3.162000
v 1.415361 3.272642 -3.162000
v 1.415361 3.264919 -3.162000
v 1.398444 3.264919 -3.162000
v 1.398444 3.257195 -3.162000
v 1.381528 3.257195 -3.162000
v 1.381528 3.249472 -3.162000
v 1.353333 3.249472 -3.162000
v 1.353333 3.241748 -3.162000
v 1.246194 3.241748 -3.162000
v 1.246194 3.249472 -3.162000
v 1.212361 3.249472 -3.162000
v 1.212361 3.257195 -3.162000
v 1.178528 3.264919 -3.162000
v 1.167250 3.280366 -3.162000
v 1.155972 3.280366 -3.162000
v 1.155972 3.288089 -3.162000
v 1.144694 3.288089 -3.162000
v 1.139056 3.303537 -3.162000
v 1.127778 3.303537 -3.162000
v 1.065750 3.388496 -3.162000
v 1.065750 3.403943 -3.162000
v 1.054472 3.411667 -3.162000
v 1.043194 3.458008 -3.162000
v 1.037556 3.458008 -3.162000
v 1.031917 3.504350 -3.162000
v 1.026278 3.504350 -3.162000
v 1.026278 3.519797 -3.162000
v 1.172889 3.519797 -3.162000
v 1.172889 3.496626 -3.162000
v 1.178528 3.496626 -3.162000
v 1.189806 3.450285 -3.162000
v 1.195444 3.450285 -3.162000
v 1.195444 3.434837 -3.162000
v 1.206722 3.419390 -3.162000
v 1.218000 3.419390 -3.162000
v 1.223639 3.403943 -3.162000
v 1.234917 3.403943 -3.162000
v 1.234917 3.396220 -3.162000
v 1.251833 3.396220 -3.162000
v 1.251833 3.388496 -3.162000
v 1.313861 3.388496 -3.162000
v 1.313861 3.396220 -3.162000
v 1.336417 3.403943 -3.162000
v 1.353333 3.427114 -3.162000
v 1.353333 3.450285 -3.162000
v 1.364611 3.465732 -3.162000
v 1.364611 3.550691 -3.162000
v 1.358972 3.550691 -3.162000
v 1.358972 3.581585 -3.162000
v 1.353333 3.581585 -3.162000
v 1.353333 3.612480 -3.162000
v 1.347694 3.612480 -3.162000
v 1.347694 3.643374 -3.162000
v 1.336417 3.658821 -3.162000
v 1.336417 3.674268 -3.162000
v 1.330778 3.674268 -3.162000
v 1.330778 3.689715 -3.162000
v 1.296944 3.736057 -3.162000
v 1.274389 3.743780 -3.162000
v 1.274389 3.751504 -3.162000
v 1.223639 3.759228 -3.162000
v 1.223639 3.751504 -3.162000
v 1.201083 3.751504 -3.162000
v 1.189806 3.736057 -3.162000
v 1.178528 3.736057 -3.162000
v 1.172889 3.712886 -3.162000
v 1.161611 3.705163 -3.162000
v 1.150333 3.651098 -3.162000
v 1.015000 3.651098 -3.162000
v 1.009361 3.658821 -3.162000
v 1.009361 3.712886 -3.162000
v 1.015000 3.712886 -3.162000
v 1.015000 3.736057 -3.162000
v 1.020639 3.736057 -3.162000
v 1.020639 3.759228 -3.162000
v 1.026278 3.759228 -3.162000
v 1.026278 3.782398 -3.162000
v 1.048833 3.813293 -3.162000
v 1.048833 3.828740 -3.162000
v 1.060111 3.844187 -3.162000
v 1.071389 3.844187 -3.162000
v 1.082667 3.867358 -3.162000
v 1.105222 3.875081 -3.162000
v 1.105222 3.882805 -3.162000
v 1.122139 3.882805 -3.162000
v 1.122139 3.890528 -3.162000
v 1.144694 3.890528 -3.162000
v 1.144694 3.898252 -3.162000
v 1.178528 3.898252 -3.162000
v 1.178528 3.905976 -3.162000
v 1.257472 3.905976 -3.162000
v -1.409722 3.898252 -3.162000
v -1.358972 3.898252 -3.162000
v -1.358972 3.890528 -3.162000
v -1.330778 3.890528 -3.162000
v -1.319500 3.875081 -3.162000
v -1.291306 3.867358 -3.162000
v -1.285667 3.851911 -3.162000
v -1.274389 3.851911 -3.162000
v -1.234917 3.797846 -3.162000
v -1.234917 3.782398 -3.162000
v -1.223639 3.774675 -3.162000
v -1.218000 3.720610 -3.162000
v -1.212361 3.720610 -3.162000
v -1.212361 3.643374 -3.162000
v -1.218000 3.643374 -3.162000
v -1.218000 3.620203 -3.162000
v -1.229278 3.612480 -3.162000
v -1.229278 3.597033 -3.162000
v -1.240556 3.581585 -3.162000
v -1.251833 3.581585 -3.162000
v -1.263111 3.558415 -3.162000
v -1.291306 3.550691 -3.162000
v -1.302583 3.535244 -3.162000
v -1.319500 3.535244 -3.162000
v -1.319500 3.527520 -3.162000
v -1.336417 3.527520 -3.162000
v -1.336417 3.519797 -3.162000
v -1.381528 3.512073 -3.162000
v -1.381528 3.504350 -3.162000
v -1.398444 3.504350 -3.162000
v -1.398444 3.496626 -3.162000
v -1.426639 3.488902 -3.162000
v -1.443556 3.465732 -3.162000
v -1.443556 3.419390 -3.162000
v -1.437917 3.419390 -3.162000
v -1.437917 3.403943 -3.162000
v -1.415361 3.373049 -3.162000
v -1.398444 3.373049 -3.162000
v -1.398444 3.365325 -3.162000
v -1.342056 3.365325 -3.162000
v -1.342056 3.373049 -3.162000
v -1.325139 3.373049 -3.162000
v -1.313861 3.388496 -3.162000
v -1.302583 3.442561 -3.162000
v -1.296944 3.442561 -3.162000
v -1.302583 3.458008 -3.162000
v -1.161611 3.458008 -3.162000
v -1.167250 3.357602 -3.162000
v -1.172889 3.357602 -3.162000
v -1.178528 3.326707 -3.162000
v -1.184167 3.326707 -3.162000
v -1.184167 3.311260 -3.162000
v -1.212361 3.272642 -3.162000
v -1.234917 3.264919 -3.162000
v -1.234917 3.257195 -3.162000
v -1.251833 3.257195 -3.162000
v -1.251833 3.249472 -3.162000
v -1.285667 3.249472 -3.162000
v -1.285667 3.241748 -3.162000
v -1.409722 3.241748 -3.162000
v -1.409722 3.249472 -3.162000
v -1.460472 3.257195 -3.162000
v -1.460472 3.264919 -3.162000
v -1.494306 3.280366 -3.162000
v -1.494306 3.288089 -3.162000
v -1.505583 3.288089 -3.162000
v -1.522500 3.318984 -3.162000
v -1.533778 3.318984 -3.162000
v -1.545056 3.334431 -3.162000
v -1.545056 3.349878 -3.162000
v -1.561972 3.365325 -3.162000
v -1.573250 3.411667 -3.162000
v -1.578889 3.411667 -3.162000
v -1.578889 3.434837 -3.162000
v -1.590167 3.419390 -3.162000
v -1.590167 3.365325 -3.162000
v -1.595806 3.365325 -3.162000
v -1.601444 3.334431 -3.162000
v -1.607083 3.334431 -3.162000
v -1.607083 3.318984 -3.162000
v -1.640917 3.272642 -3.162000
v -1.663472 3.264919 -3.162000
v -1.663472 3.257195 -3.162000
v -1.680389 3.257195 -3.162000
v -1.680389 3.249472 -3.162000
v -1.714222 3.249472 -3.162000
v -1.714222 3.241748 -3.162000
v -1.838278 3.241748 -3.162000
v -1.838278 3.249472 -3.162000
v -1.866472 3.249472 -3.162000
v -1.866472 3.257195 -3.162000
v -1.883389 3.257195 -3.162000
v -1.883389 3.264919 -3.162000
v -1.900306 3.264919 -3.162000
v -1.917222 3.288089 -3.162000
v -1.939778 3.295813 -3.162000
v -1.984889 3.357602 -3.162000
v -1.984889 3.373049 -3.162000
v -2.001806 3.396220 -3.162000
v -2.001806 3.419390 -3.162000
v -2.007444 3.419390 -3.162000
v -2.013083 3.535244 -3.162000
v -2.007444 3.535244 -3.162000
v -2.001806 3.573862 -3.162000
v -1.967972 3.620203 -3.162000
v -1.934139 3.635650 -3.162000
v -1.934139 3.643374 -3.162000
v -1.917222 3.643374 -3.162000
v -1.917222 3.651098 -3.162000
v -1.900306 3.651098 -3.162000
v -1.900306 3.658821 -3.162000
v -1.883389 3.658821 -3.162000
v -1.883389 3.666545 -3.162000
v -1.860833 3.666545 -3.162000
v -1.860833 3.674268 -3.162000
v -1.838278 3.674268 -3.162000
v -1.838278 3.681992 -3.162000
v -1.815722 3.681992 -3.162000
v -1.815722 3.689715 -3.162000
v -1.787528 3.697439 -3.162000
v -1.770611 3.720610 -3.162000
v -1.770611 3.736057 -3.162000
v -1.781889 3.751504 -3.162000
v -1.781889 3.766951 -3.162000
v -1.798806 3.774675 -3.162000
v -1.798806 3.782398 -3.162000
v -1.860833 3.782398 -3.162000
v -1.860833 3.774675 -3.162000
v -1.872111 3.774675 -3.162000
v -1.889028 3.751504 -3.162000
v -1.894667 3.712886 -3.162000
v -2.030000 3.712886 -3.162000
v -2.030000 3.782398 -3.162000
v -2.024361 3.782398 -3.162000
v -2.018722 3.821016 -3.162000
v -2.007444 3.828740 -3.162000
v -2.007444 3.844187 -3.162000
v -1.996167 3.859634 -3.162000
v -1.984889 3.859634 -3.162000
v -1.967972 3.882805 -3.162000
v -1.934139 3.890528 -3.162000
v -1.934139 3.898252 -3.162000
v -1.832639 3.905976 -3.162000
v -1.832639 3.898252 -3.162000
v -1.781889 3.898252 -3.162000
v -1.781889 3.890528 -3.162000
v -1.759333 3.890528 -3.162000
v -1.759333 3.882805 -3.162000
v -1.742417 3.882805 -3.162000
v -1.742417 3.875081 -3.162000
v -1.719861 3.867358 -3.162000
v -1.719861 3.859634 -3.162000
v -1.708583 3.859634 -3.162000
v -1.702944 3.844187 -3.162000
v -1.691667 3.844187 -3.162000
v -1.663472 3.805569 -3.162000
v -1.646556 3.743780 -3.162000
v -1.640917 3.743780 -3.162000
v -1.640917 3.712886 -3.162000
v -1.635278 3.712886 -3.162000
v -1.635278 3.658821 -3.162000
v -1.640917 3.658821 -3.162000
v -1.652194 3.604756 -3.162000
v -1.680389 3.566138 -3.162000
v -1.714222 3.550691 -3.162000
v -1.714222 3.542967 -3.162000
v -1.725500 3.542967 -3.162000
v -1.725500 3.535244 -3.162000
v -1.759333 3.527520 -3.162000
v -1.759333 3.519797 -3.162000
v -1.787528 3.519797 -3.162000
v -1.787528 3.512073 -3.162000
v -1.810083 3.512073 -3.162000
v -1.810083 3.504350 -3.162000
v -1.827000 3.504350 -3.162000
v -1.838278 3.488902 -3.162000
v -1.849556 3.488902 -3.162000
v -1.866472 3.465732 -3.162000
v -1.866472 3.450285 -3.162000
v -1.872111 3.450285 -3.162000
v -1.866472 3.411667 -3.162000
v -1.860833 3.411667 -3.162000
v -1.860833 3.396220 -3.162000
v -1.849556 3.380772 -3.162000
v -1.827000 3.373049 -3.162000
v -1.827000 3.365325 -3.162000
v -1.764972 3.365325 -3.162000
v -1.764972 3.373049 -3.162000
v -1.753694 3.373049 -3.162000
v -1.731139 3.403943 -3.162000
v -1.725500 3.458008 -3.162000
v -1.590167 3.458008 -3.162000
v -1.584528 3.465732 -3.162000
v -1.578889 3.566138 -3.162000
v -1.533778 3.627927 -3.162000
v -1.505583 3.635650 -3.162000
v -1.494306 3.651098 -3.162000
v -1.471750 3.651098 -3.162000
v -1.460472 3.666545 -3.162000
v -1.437917 3.666545 -3.162000
v -1.437917 3.674268 -3.162000
v -1.409722 3.674268 -3.162000
v -1.409722 3.681992 -3.162000
v -1.370250 3.689715 -3.162000
v -1.370250 3.697439 -3.162000
v -1.358972 3.697439 -3.162000
v -1.347694 3.712886 -3.162000
v -1.347694 3.751504 -3.162000
v -1.364611 3.774675 -3.162000
v -1.375889 3.774675 -3.162000
v -1.375889 3.782398 -3.162000
v -1.437917 3.782398 -3.162000
v -1.437917 3.774675 -3.162000
v -1.449194 3.774675 -3.162000
v -1.460472 3.759228 -3.162000
v -1.460472 3.743780 -3.162000
v -1.466111 3.743780 -3.162000
v -1.466111 3.712886 -3.162000
v -1.601444 3.712886 -3.162000
v -1.607083 3.720610 -3.162000
v -1.595806 3.813293 -3.162000
v -1.561972 3.867358 -3.162000
v -1.528139 3.882805 -3.162000
v -1.528139 3.890528 -3.162000
v -1.505583 3.890528 -3.162000
v -1.505583 3.898252 -3.162000
v -1.409722 3.905976 -3.162000
v 1.872111 3.797846 -3.162000
v 1.877750 3.797846 -3.162000
v 1.877750 3.774675 -3.162000
v 1.883389 3.774675 -3.162000
v 1.877750 3.759228 -3.162000
v 1.883389 3.759228 -3.162000
v 1.883389 3.728333 -3.162000
v 1.889028 3.728333 -3.162000
v 1.889028 3.681992 -3.162000
v 1.894667 3.681992 -3.162000
v 1.917222 3.458008 -3.162000
v 1.922861 3.458008 -3.162000
v 1.922861 3.403943 -3.162000
v 1.928500 3.403943 -3.162000
v 1.928500 3.380772 -3.162000
v 1.934139 3.380772 -3.162000
v 1.945417 3.249472 -3.162000
v 1.804444 3.249472 -3.162000
v 1.798806 3.311260 -3.162000
v 1.793167 3.311260 -3.162000
v 1.793167 3.334431 -3.162000
v 1.787528 3.334431 -3.162000
v 1.781889 3.427114 -3.162000
v 1.776250 3.427114 -3.162000
v 1.776250 3.481179 -3.162000
v 1.770611 3.488902 -3.162000
v 1.680389 3.488902 -3.162000
v 1.680389 3.496626 -3.162000
v 1.629639 3.496626 -3.162000
v 1.629639 3.504350 -3.162000
v 1.607083 3.504350 -3.162000
v 1.607083 3.512073 -3.162000
v 1.590167 3.512073 -3.162000
v 1.578889 3.527520 -3.162000
v 1.567611 3.527520 -3.162000
v 1.516861 3.597033 -3.162000
v 1.505583 3.643374 -3.162000
v 1.499944 3.643374 -3.162000
v 1.499944 3.666545 -3.162000
v 1.494306 3.666545 -3.162000
v 1.494306 3.705163 -3.162000
v 1.488667 3.705163 -3.162000
v 1.488667 3.782398 -3.162000
v 1.494306 3.782398 -3.162000
v 1.494306 3.805569 -3.162000
v 1.499944 3.805569 -3.162000
v 1.499944 3.828740 -3.162000
v 1.528139 3.867358 -3.162000
v 1.550694 3.875081 -3.162000
v 1.550694 3.882805 -3.162000
v 1.567611 3.882805 -3.162000
v 1.567611 3.890528 -3.162000
v 1.866472 3.890528 -3.162000
v 0.952972 3.249472 -3.162000
v 0.558250 3.249472 -3.162000
v 0.541333 3.388496 -3.162000
v 0.789444 3.388496 -3.162000
v 0.783806 3.488902 -3.162000
v 0.778167 3.488902 -3.162000
v 0.778167 3.519797 -3.162000
v 0.541333 3.519797 -3.162000
v 0.535694 3.550691 -3.162000
v 0.541333 3.558415 -3.162000
v 0.535694 3.558415 -3.162000
v 0.535694 3.589309 -3.162000
v 0.530056 3.589309 -3.162000
v 0.535694 3.604756 -3.162000
v 0.530056 3.604756 -3.162000
v 0.524417 3.651098 -3.162000
v 0.755611 3.651098 -3.162000
v 0.749972 3.751504 -3.162000
v 0.744333 3.759228 -3.162000
v 0.496222 3.759228 -3.162000
v 0.490583 3.805569 -3.162000
v 0.484944 3.805569 -3.162000
v 0.490583 3.821016 -3.162000
v 0.484944 3.821016 -3.162000
v 0.484944 3.851911 -3.162000
v 0.479306 3.851911 -3.162000
v 0.479306 3.890528 -3.162000
v 0.874028 3.890528 -3.162000
v -0.406000 3.774675 -3.162000
v -0.400361 3.774675 -3.162000
v -0.400361 3.728333 -3.162000
v -0.394722 3.728333 -3.162000
v -0.394722 3.697439 -3.162000
v -0.389083 3.697439 -3.162000
v -0.394722 3.681992 -3.162000
v -0.389083 3.681992 -3.162000
v -0.389083 3.658821 -3.162000
v -0.383444 3.658821 -3.162000
v -0.383444 3.604756 -3.162000
v -0.377806 3.604756 -3.162000
v -0.377806 3.566138 -3.162000
v -0.372167 3.566138 -3.162000
v -0.372167 3.519797 -3.162000
v -0.366528 3.519797 -3.162000
v -0.366528 3.473455 -3.162000
v -0.360889 3.473455 -3.162000
v -0.360889 3.427114 -3.162000
v -0.355250 3.427114 -3.162000
v -0.349611 3.334431 -3.162000
v -0.343972 3.334431 -3.162000
v -0.332694 3.257195 -3.162000
v -0.338333 3.249472 -3.162000
v -0.479306 3.249472 -3.162000
v -0.507500 3.488902 -3.162000
v -0.524417 3.488902 -3.162000
v -0.603361 3.249472 -3.162000
v -0.744333 3.249472 -3.162000
v -0.721778 3.326707 -3.162000
v -0.716139 3.326707 -3.162000
v -0.716139 3.349878 -3.162000
v -0.704861 3.365325 -3.162000
v -0.704861 3.380772 -3.162000
v -0.699222 3.380772 -3.162000
v -0.699222 3.403943 -3.162000
v -0.687944 3.419390 -3.162000
v -0.687944 3.434837 -3.162000
v -0.682306 3.434837 -3.162000
v -0.682306 3.450285 -3.162000
v -0.676667 3.450285 -3.162000
v -0.665389 3.504350 -3.162000
v -0.682306 3.504350 -3.162000
v -0.693583 3.519797 -3.162000
v -0.716139 3.527520 -3.162000
v -0.761250 3.589309 -3.162000
v -0.778167 3.651098 -3.162000
v -0.783806 3.651098 -3.162000
v -0.789444 3.797846 -3.162000
v -0.783806 3.797846 -3.162000
v -0.778167 3.828740 -3.162000
v -0.772528 3.828740 -3.162000
v -0.772528 3.844187 -3.162000
v -0.755611 3.851911 -3.162000
v -0.744333 3.875081 -3.162000
v -0.704861 3.882805 -3.162000
v -0.704861 3.890528 -3.162000
v -0.417278 3.890528 -3.162000
v -0.817639 3.774675 -3.162000
v -0.812000 3.774675 -3.162000
v -0.812000 3.728333 -3.162000
v -0.806361 3.728333 -3.162000
v -0.806361 3.681992 -3.162000
v -0.800722 3.681992 -3.162000
v -0.800722 3.635650 -3.162000
v -0.795083 3.635650 -3.162000
v -0.795083 3.597033 -3.162000
v -0.789444 3.597033 -3.162000
v -0.789444 3.542967 -3.162000
v -0.783806 3.542967 -3.162000
v -0.778167 3.473455 -3.162000
v -0.772528 3.473455 -3.162000
v -0.749972 3.249472 -3.162000
v -1.139056 3.249472 -3.162000
v -1.144694 3.295813 -3.162000
v -1.150333 3.295813 -3.162000
v -1.155972 3.373049 -3.162000
v -1.161611 3.373049 -3.162000
v -1.155972 3.388496 -3.162000
v -0.913500 3.388496 -3.162000
v -0.907861 3.411667 -3.162000
v -0.913500 3.411667 -3.162000
v -0.913500 3.434837 -3.162000
v -0.919139 3.434837 -3.162000
v -0.913500 3.450285 -3.162000
v -0.919139 3.450285 -3.162000
v -0.919139 3.481179 -3.162000
v -0.924778 3.481179 -3.162000
v -0.924778 3.519797 -3.162000
v -1.155972 3.519797 -3.162000
v -1.161611 3.550691 -3.162000
v -1.167250 3.550691 -3.162000
v -1.167250 3.597033 -3.162000
v -1.172889 3.597033 -3.162000
v -1.172889 3.643374 -3.162000
v -1.178528 3.651098 -3.162000
v -0.947333 3.651098 -3.162000
v -0.941694 3.666545 -3.162000
v -0.947333 3.666545 -3.162000
v -0.947333 3.712886 -3.162000
v -0.952972 3.712886 -3.162000
v -0.958611 3.759228 -3.162000
v -1.206722 3.759228 -3.162000
v -1.223639 3.890528 -3.162000
v -0.828917 3.890528 -3.162000
v 1.669111 3.766951 -3.162000
v 1.669111 3.759228 -3.162000
v 1.652194 3.759228 -3.162000
v 1.635278 3.736057 -3.162000
v 1.629639 3.697439 -3.162000
v 1.635278 3.697439 -3.162000
v 1.635278 3.674268 -3.162000
v 1.640917 3.674268 -3.162000
v 1.640917 3.658821 -3.162000
v 1.663472 3.627927 -3.162000
v 1.686028 3.627927 -3.162000
v 1.686028 3.620203 -3.162000
v 1.753694 3.620203 -3.162000
v 1.753694 3.666545 -3.162000
v 1.748056 3.666545 -3.162000
v 1.748056 3.689715 -3.162000
v 1.742417 3.689715 -3.162000
v 1.748056 3.705163 -3.162000
v 1.742417 3.705163 -3.162000
v 1.742417 3.736057 -3.162000
v 1.736778 3.736057 -3.162000
v 1.736778 3.766951 -3.162000
v 1.731139 3.766951 -3.162000
v -0.186083 3.766951 -3.162000
v -0.186083 3.759228 -3.162000
v -0.214278 3.759228 -3.162000
v -0.231194 3.736057 -3.162000
v -0.225556 3.658821 -3.162000
v -0.203000 3.627927 -3.162000
v -0.186083 3.627927 -3.162000
v -0.186083 3.620203 -3.162000
v -0.112778 3.620203 -3.162000
v -0.124056 3.759228 -3.162000
v -0.135333 3.766951 -3.162000
v -0.603361 3.766951 -3.162000
v -0.603361 3.759228 -3.162000
v -0.625917 3.759228 -3.162000
v -0.648472 3.728333 -3.162000
v -0.642833 3.658821 -3.162000
v -0.625917 3.635650 -3.162000
v -0.603361 3.627927 -3.162000
v -0.603361 3.620203 -3.162000
v -0.524417 3.620203 -3.162000
v -0.530056 3.666545 -3.162000
v -0.535694 3.666545 -3.162000
v -0.535694 3.712886 -3.162000
v -0.541333 3.712886 -3.162000
v -0.541333 3.759228 -3.162000
v -0.552611 3.766951 -3.162000
v 0.084583 4.029553 -3.205000
v 0.084583 4.014106 -3.205000
v 0.146611 3.929146 -3.205000
v 0.146611 3.913699 -3.205000
v 0.174806 3.882805 -3.205000
v 0.174806 3.867358 -3.205000
v 0.208639 3.828740 -3.205000
v 0.208639 3.813293 -3.205000
v 0.236833 3.782398 -3.205000
v 0.236833 3.766951 -3.205000
v 0.253750 3.743780 -3.205000
v 0.265028 3.743780 -3.205000
v 0.310139 3.890528 -3.205000
v 0.473667 3.890528 -3.205000
v 0.428556 3.751504 -3.205000
v 0.422917 3.751504 -3.205000
v 0.422917 3.736057 -3.205000
v 0.417278 3.736057 -3.205000
v 0.417278 3.720610 -3.205000
v 0.406000 3.705163 -3.205000
v 0.406000 3.689715 -3.205000
v 0.400361 3.689715 -3.205000
v 0.400361 3.674268 -3.205000
v 0.394722 3.674268 -3.205000
v 0.394722 3.658821 -3.205000
v 0.389083 3.658821 -3.205000
v 0.389083 3.643374 -3.205000
v 0.383444 3.643374 -3.205000
v 0.383444 3.627927 -3.205000
v 0.377806 3.627927 -3.205000
v 0.377806 3.612480 -3.205000
v 0.372167 3.612480 -3.205000
v 0.372167 3.597033 -3.205000
v 0.366528 3.597033 -3.205000
v 0.366528 3.581585 -3.205000
v 0.360889 3.581585 -3.205000
v 0.360889 3.566138 -3.205000
v 0.406000 3.504350 -3.205000
v 0.406000 3.488902 -3.205000
v 0.439833 3.450285 -3.205000
v 0.439833 3.434837 -3.205000
v 0.468028 3.403943 -3.205000
v 0.468028 3.388496 -3.205000
v 0.490583 3.365325 -3.205000
v 0.490583 3.349878 -3.205000
v 0.518778 3.318984 -3.205000
v 0.518778 3.303537 -3.205000
v 0.552611 3.264919 -3.205000
v 0.552611 3.249472 -3.205000
v 0.586444 3.210854 -3.205000
v 0.586444 3.195407 -3.205000
v 0.614639 3.164512 -3.205000
v 0.614639 3.149065 -3.205000
v 0.648472 3.110447 -3.205000
v 0.648472 3.095000 -3.205000
v 0.490583 3.095000 -3.205000
v 0.462389 3.133618 -3.205000
v 0.462389 3.149065 -3.205000
v 0.434194 3.179959 -3.205000
v 0.434194 3.195407 -3.205000
v 0.400361 3.234024 -3.205000
v 0.400361 3.249472 -3.205000
v 0.383444 3.264919 -3.205000
v 0.383444 3.280366 -3.205000
v 0.321417 3.365325 -3.205000
v 0.321417 3.380772 -3.205000
v 0.310139 3.396220 -3.205000
v 0.293222 3.388496 -3.205000
v 0.248111 3.249472 -3.205000
v 0.090222 3.249472 -3.205000
v 0.090222 3.272642 -3.205000
v 0.095861 3.272642 -3.205000
v 0.140972 3.411667 -3.205000
v 0.146611 3.411667 -3.205000
v 0.146611 3.434837 -3.205000
v 0.152250 3.434837 -3.205000
v 0.174806 3.512073 -3.205000
v 0.180444 3.512073 -3.205000
v 0.180444 3.527520 -3.205000
v 0.186083 3.527520 -3.205000
v 0.191722 3.558415 -3.205000
v 0.197361 3.558415 -3.205000
v 0.197361 3.581585 -3.205000
v 0.146611 3.651098 -3.205000
v 0.146611 3.666545 -3.205000
v 0.112778 3.705163 -3.205000
v 0.112778 3.720610 -3.205000
v 0.084583 3.751504 -3.205000
v 0.084583 3.766951 -3.205000
v 0.050750 3.805569 -3.205000
v 0.050750 3.821016 -3.205000
v 0.022556 3.851911 -3.205000
v 0.022556 3.867358 -3.205000
v 0.005639 3.890528 -3.205000
v 0.000000 3.890528 -3.205000
v 0.000000 3.875081 -3.205000
v 0.005639 3.875081 -3.205000
v 0.005639 3.836463 -3.205000
v 0.011278 3.836463 -3.205000
v 0.011278 3.782398 -3.205000
v 0.016917 3.782398 -3.205000
v 0.016917 3.743780 -3.205000
v 0.022556 3.743780 -3.205000
v 0.033833 3.604756 -3.205000
v 0.039472 3.604756 -3.205000
v 0.039472 3.573862 -3.205000
v 0.045111 3.573862 -3.205000
v 0.039472 3.558415 -3.205000
v 0.045111 3.558415 -3.205000
v 0.045111 3.527520 -3.205000
v 0.050750 3.527520 -3.205000
v 0.062028 3.388496 -3.205000
v 0.067667 3.388496 -3.205000
v 0.084583 3.249472 -3.205000
v -0.056389 3.249472 -3.205000
v -0.062028 3.272642 -3.205000
v -0.067667 3.272642 -3.205000
v -0.067667 3.326707 -3.205000
v -0.073306 3.326707 -3.205000
v -0.073306 3.373049 -3.205000
v -0.078944 3.373049 -3.205000
v -0.078944 3.411667 -3.205000
v -0.084583 3.411667 -3.205000
v -0.090222 3.488902 -3.205000
v -0.203000 3.488902 -3.205000
v -0.203000 3.496626 -3.205000
v -0.242472 3.496626 -3.205000
v -0.242472 3.504350 -3.205000
v -0.259389 3.504350 -3.205000
v -0.259389 3.512073 -3.205000
v -0.276306 3.512073 -3.205000
v -0.287583 3.527520 -3.205000
v -0.298861 3.527520 -3.205000
v -0.343972 3.589309 -3.205000
v -0.360889 3.651098 -3.205000
v -0.366528 3.651098 -3.205000
v -0.366528 3.681992 -3.205000
v -0.372167 3.681992 -3.205000
v -0.372167 3.797846 -3.205000
v -0.360889 3.813293 -3.205000
v -0.360889 3.828740 -3.205000
v -0.349611 3.836463 -3.205000
v -0.349611 3.851911 -3.205000
v -0.338333 3.851911 -3.205000
v -0.332694 3.867358 -3.205000
v -0.310139 3.875081 -3.205000
v -0.310139 3.882805 -3.205000
v -0.293222 3.882805 -3.205000
v -0.293222 3.890528 -3.205000
v 0.000000 3.890528 -3.205000
v 0.000000 3.905976 -3.205000
v -0.028194 3.936870 -3.205000
v -0.028194 3.952317 -3.205000
v -0.062028 3.990935 -3.205000
v -0.062028 4.006382 -3.205000
v -0.090222 4.045000 -3.205000
v 0.073306 4.045000 -3.205000
v 1.257472 3.998659 -3.205000
v 1.296944 3.998659 -3.205000
v 1.296944 3.990935 -3.205000
v 1.336417 3.983211 -3.205000
v 1.347694 3.967764 -3.205000
v 1.364611 3.967764 -3.205000
v 1.364611 3.960041 -3.205000
v 1.398444 3.944593 -3.205000
v 1.398444 3.936870 -3.205000
v 1.409722 3.936870 -3.205000
v 1.409722 3.929146 -3.205000
v 1.421000 3.929146 -3.205000
v 1.443556 3.898252 -3.205000
v 1.454833 3.898252 -3.205000
v 1.483028 3.944593 -3.205000
v 1.516861 3.960041 -3.205000
v 1.516861 3.967764 -3.205000
v 1.528139 3.967764 -3.205000
v 1.528139 3.975488 -3.205000
v 1.545056 3.975488 -3.205000
v 1.545056 3.983211 -3.205000
v 1.567611 3.983211 -3.205000
v 1.567611 3.990935 -3.205000
v 1.922861 3.990935 -3.205000
v 1.928500 3.944593 -3.205000
v 1.934139 3.944593 -3.205000
v 1.928500 3.929146 -3.205000
v 1.934139 3.929146 -3.205000
v 1.934139 3.898252 -3.205000
v 1.939778 3.898252 -3.205000
v 1.939778 3.851911 -3.205000
v 1.945417 3.851911 -3.205000
v 1.945417 3.805569 -3.205000
v 1.951056 3.805569 -3.205000
v 1.951056 3.759228 -3.205000
v 1.956694 3.759228 -3.205000
v 1.956694 3.712886 -3.205000
v 1.962333 3.712886 -3.205000
v 1.962333 3.666545 -3.205000
v 1.967972 3.666545 -3.205000
v 1.967972 3.627927 -3.205000
v 1.973611 3.627927 -3.205000
v 1.973611 3.589309 -3.205000
v 1.979250 3.589309 -3.205000
v 1.973611 3.573862 -3.205000
v 1.979250 3.573862 -3.205000
v 1.979250 3.550691 -3.205000
v 1.984889 3.550691 -3.205000
v 1.984889 3.496626 -3.205000
v 1.990528 3.496626 -3.205000
v 1.990528 3.458008 -3.205000
v 1.996167 3.458008 -3.205000
v 1.996167 3.403943 -3.205000
v 2.001806 3.403943 -3.205000
v 2.001806 3.365325 -3.205000
v 2.007444 3.365325 -3.205000
v 2.018722 3.226301 -3.205000
v 2.024361 3.226301 -3.205000
v 2.024361 3.195407 -3.205000
v 2.030000 3.195407 -3.205000
v 2.024361 3.179959 -3.205000
v 2.030000 3.179959 -3.205000
v 2.030000 3.149065 -3.205000
v 1.742417 3.149065 -3.205000
v 1.714222 3.388496 -3.205000
v 1.629639 3.396220 -3.205000
v 1.629639 3.403943 -3.205000
v 1.584528 3.411667 -3.205000
v 1.584528 3.419390 -3.205000
v 1.573250 3.411667 -3.205000
v 1.573250 3.388496 -3.205000
v 1.567611 3.388496 -3.205000
v 1.567611 3.365325 -3.205000
v 1.561972 3.365325 -3.205000
v 1.550694 3.311260 -3.205000
v 1.539417 3.303537 -3.205000
v 1.539417 3.288089 -3.205000
v 1.522500 3.272642 -3.205000
v 1.522500 3.257195 -3.205000
v 1.505583 3.234024 -3.205000
v 1.494306 3.234024 -3.205000
v 1.477389 3.203130 -3.205000
v 1.454833 3.195407 -3.205000
v 1.449194 3.179959 -3.205000
v 1.432278 3.179959 -3.205000
v 1.421000 3.164512 -3.205000
v 1.409722 3.164512 -3.205000
v 1.409722 3.156789 -3.205000
v 1.387167 3.156789 -3.205000
v 1.387167 3.149065 -3.205000
v 1.347694 3.149065 -3.205000
v 1.347694 3.141341 -3.205000
v 1.268750 3.141341 -3.205000
v 1.268750 3.149065 -3.205000
v 1.195444 3.156789 -3.205000
v 1.195444 3.164512 -3.205000
v 1.178528 3.164512 -3.205000
v 1.178528 3.172236 -3.205000
v 1.161611 3.172236 -3.205000
v 1.161611 3.179959 -3.205000
v 1.144694 3.179959 -3.205000
v 1.144694 3.187683 -3.205000
v 1.110861 3.203130 -3.205000
v 1.110861 3.210854 -3.205000
v 1.099583 3.210854 -3.205000
v 1.093944 3.226301 -3.205000
v 1.082667 3.226301 -3.205000
v 1.077028 3.241748 -3.205000
v 1.065750 3.241748 -3.205000
v 1.020639 3.303537 -3.205000
v 1.009361 3.342154 -3.205000
v 0.998083 3.349878 -3.205000
v 0.969889 3.442561 -3.205000
v 0.964250 3.442561 -3.205000
v 0.958611 3.488902 -3.205000
v 0.952972 3.488902 -3.205000
v 0.936056 3.651098 -3.205000
v 0.941694 3.651098 -3.205000
v 0.941694 3.736057 -3.205000
v 0.947333 3.736057 -3.205000
v 0.952972 3.790122 -3.205000
v 0.964250 3.805569 -3.205000
v 0.964250 3.828740 -3.205000
v 0.981167 3.851911 -3.205000
v 0.981167 3.867358 -3.205000
v 1.031917 3.936870 -3.205000
v 1.043194 3.936870 -3.205000
v 1.048833 3.952317 -3.205000
v 1.082667 3.967764 -3.205000
v 1.082667 3.975488 -3.205000
v 1.093944 3.975488 -3.205000
v 1.093944 3.983211 -3.205000
v 1.110861 3.983211 -3.205000
v 1.110861 3.990935 -3.205000
v 1.133417 3.990935 -3.205000
v 1.133417 3.998659 -3.205000
v 1.167250 3.998659 -3.205000
v 1.167250 4.006382 -3.205000
v 1.257472 4.006382 -3.205000
v 1.172889 3.975488 -3.205000
v 1.172889 3.967764 -3.205000
v 1.139056 3.967764 -3.205000
v 1.139056 3.960041 -3.205000
v 1.099583 3.952317 -3.205000
v 1.099583 3.944593 -3.205000
v 1.077028 3.936870 -3.205000
v 1.077028 3.929146 -3.205000
v 1.065750 3.929146 -3.205000
v 1.065750 3.921423 -3.205000
v 1.054472 3.921423 -3.205000
v 0.992444 3.836463 -3.205000
v 0.981167 3.782398 -3.205000
v 0.975528 3.782398 -3.205000
v 0.975528 3.759228 -3.205000
v 0.969889 3.759228 -3.205000
v 0.969889 3.720610 -3.205000
v 0.964250 3.720610 -3.205000
v 0.964250 3.689715 -3.205000
v 0.958611 3.689715 -3.205000
v 0.958611 3.597033 -3.205000
v 0.964250 3.597033 -3.205000
v 0.975528 3.496626 -3.205000
v 0.981167 3.496626 -3.205000
v 0.986806 3.450285 -3.205000
v 0.998083 3.434837 -3.205000
v 1.003722 3.396220 -3.205000
v 1.020639 3.373049 -3.205000
v 1.020639 3.357602 -3.205000
v 1.031917 3.349878 -3.205000
v 1.031917 3.334431 -3.205000
v 1.088306 3.257195 -3.205000
v 1.099583 3.257195 -3.205000
v 1.105222 3.241748 -3.205000
v 1.139056 3.226301 -3.205000
v 1.139056 3.218577 -3.205000
v 1.150333 3.218577 -3.205000
v 1.150333 3.210854 -3.205000
v 1.161611 3.210854 -3.205000
v 1.161611 3.203130 -3.205000
v 1.201083 3.195407 -3.205000
v 1.201083 3.187683 -3.205000
v 1.229278 3.187683 -3.205000
v 1.229278 3.179959 -3.205000
v 1.336417 3.172236 -3.205000
v 1.336417 3.179959 -3.205000
v 1.381528 3.179959 -3.205000
v 1.381528 3.187683 -3.205000
v 1.404083 3.187683 -3.205000
v 1.404083 3.195407 -3.205000
v 1.437917 3.210854 -3.205000
v 1.437917 3.218577 -3.205000
v 1.449194 3.218577 -3.205000
v 1.449194 3.226301 -3.205000
v 1.460472 3.226301 -3.205000
v 1.466111 3.241748 -3.205000
v 1.477389 3.241748 -3.205000
v 1.511222 3.288089 -3.205000
v 1.511222 3.303537 -3.205000
v 1.528139 3.318984 -3.205000
v 1.539417 3.365325 -3.205000
v 1.545056 3.365325 -3.205000
v 1.550694 3.411667 -3.205000
v 1.556333 3.411667 -3.205000
v 1.556333 3.458008 -3.205000
v 1.573250 3.458008 -3.205000
v 1.573250 3.450285 -3.205000
v 1.590167 3.450285 -3.205000
v 1.590167 3.442561 -3.205000
v 1.607083 3.442561 -3.205000
v 1.607083 3.434837 -3.205000
v 1.635278 3.434837 -3.205000
v 1.635278 3.427114 -3.205000
v 1.731139 3.427114 -3.205000
v 1.748056 3.272642 -3.205000
v 1.753694 3.272642 -3.205000
v 1.753694 3.218577 -3.205000
v 1.759333 3.218577 -3.205000
v 1.764972 3.179959 -3.205000
v 1.770611 3.187683 -3.205000
v 1.996167 3.187683 -3.205000
v 2.001806 3.179959 -3.205000
v 1.996167 3.280366 -3.205000
v 1.990528 3.280366 -3.205000
v 1.990528 3.311260 -3.205000
v 1.984889 3.311260 -3.205000
v 1.990528 3.326707 -3.205000
v 1.984889 3.326707 -3.205000
v 1.984889 3.357602 -3.205000
v 1.979250 3.357602 -3.205000
v 1.956694 3.589309 -3.205000
v 1.951056 3.589309 -3.205000
v 1.951056 3.627927 -3.205000
v 1.945417 3.627927 -3.205000
v 1.945417 3.681992 -3.205000
v 1.939778 3.681992 -3.205000
v 1.939778 3.705163 -3.205000
v 1.934139 3.705163 -3.205000
v 1.939778 3.720610 -3.205000
v 1.934139 3.720610 -3.205000
v 1.934139 3.759228 -3.205000
v 1.928500 3.759228 -3.205000
v 1.928500 3.797846 -3.205000
v 1.922861 3.797846 -3.205000
v 1.922861 3.844187 -3.205000
v 1.917222 3.844187 -3.205000
v 1.905944 3.960041 -3.205000
v 1.573250 3.960041 -3.205000
v 1.573250 3.952317 -3.205000
v 1.550694 3.952317 -3.205000
v 1.550694 3.944593 -3.205000
v 1.533778 3.944593 -3.205000
v 1.522500 3.929146 -3.205000
v 1.511222 3.929146 -3.205000
v 1.511222 3.921423 -3.205000
v 1.499944 3.921423 -3.205000
v 1.460472 3.867358 -3.205000
v 1.460472 3.851911 -3.205000
v 1.449194 3.851911 -3.205000
v 1.415361 3.898252 -3.205000
v 1.392806 3.905976 -3.205000
v 1.387167 3.921423 -3.205000
v 1.364611 3.929146 -3.205000
v 1.364611 3.936870 -3.205000
v 1.347694 3.936870 -3.205000
v 1.347694 3.944593 -3.205000
v 1.330778 3.944593 -3.205000
v 1.330778 3.952317 -3.205000
v 1.313861 3.952317 -3.205000
v 1.313861 3.960041 -3.205000
v 1.257472 3.967764 -3.205000
v 1.251833 3.975488 -3.205000
v 1.257472 3.898252 -3.205000
v 1.291306 3.898252 -3.205000
v 1.291306 3.890528 -3.205000
v 1.313861 3.890528 -3.205000
v 1.313861 3.882805 -3.205000
v 1.330778 3.882805 -3.205000
v 1.330778 3.875081 -3.205000
v 1.347694 3.875081 -3.205000
v 1.358972 3.859634 -3.205000
v 1.370250 3.859634 -3.205000
v 1.375889 3.844187 -3.205000
v 1.387167 3.844187 -3.205000
v 1.392806 3.828740 -3.205000
v 1.404083 3.828740 -3.205000
v 1.443556 3.774675 -3.205000
v 1.460472 3.720610 -3.205000
v 1.471750 3.712886 -3.205000
v 1.477389 3.674268 -3.205000
v 1.488667 3.658821 -3.205000
v 1.488667 3.635650 -3.205000
v 1.494306 3.635650 -3.205000
v 1.494306 3.612480 -3.205000
v 1.499944 3.612480 -3.205000
v 1.499944 3.581585 -3.205000
v 1.505583 3.581585 -3.205000
v 1.505583 3.419390 -3.205000
v 1.499944 3.419390 -3.205000
v 1.488667 3.357602 -3.205000
v 1.477389 3.349878 -3.205000
v 1.477389 3.334431 -3.205000
v 1.437917 3.280366 -3.205000
v 1.415361 3.272642 -3.205000
v 1.415361 3.264919 -3.205000
v 1.398444 3.264919 -3.205000
v 1.398444 3.257195 -3.205000
v 1.381528 3.257195 -3.205000
v 1.381528 3.249472 -3.205000
v 1.353333 3.249472 -3.205000
v 1.353333 3.241748 -3.205000
v 1.246194 3.241748 -3.205000
v 1.246194 3.249472 -3.205000
v 1.212361 3.249472 -3.205000
v 1.212361 3.257195 -3.205000
v 1.178528 3.264919 -3.205000
v 1.167250 3.280366 -3.205000
v 1.155972 3.280366 -3.205000
v 1.155972 3.288089 -3.205000
v 1.144694 3.288089 -3.205000
v 1.139056 3.303537 -3.205000
v 1.127778 3.303537 -3.205000
v 1.065750 3.388496 -3.205000
v 1.065750 3.403943 -3.205000
v 1.054472 3.411667 -3.205000
v 1.043194 3.458008 -3.205000
v 1.037556 3.458008 -3.205000
v 1.031917 3.504350 -3.205000
v 1.026278 3.504350 -3.205000
v 1.026278 3.519797 -3.205000
v 1.172889 3.519797 -3.205000
v 1.172889 3.496626 -3.205000
v 1.178528 3.496626 -3.205000
v 1.189806 3.450285 -3.205000
v 1.195444 3.450285 -3.205000
v 1.195444 3.434837 -3.205000
v 1.206722 3.419390 -3.205000
v 1.218000 3.419390 -3.205000
v 1.223639 3.403943 -3.205000
v 1.234917 3.403943 -3.205000
v 1.234917 3.396220 -3.205000
v 1.251833 3.396220 -3.205000
v 1.251833 3.388496 -3.205000
v 1.313861 3.388496 -3.205000
v 1.313861 3.396220 -3.205000
v 1.336417 3.403943 -3.205000
v 1.353333 3.427114 -3.205000
v 1.353333 3.450285 -3.205000
v 1.364611 3.465732 -3.205000
v 1.364611 3.550691 -3.205000
v 1.358972 3.550691 -3.205000
v 1.358972 3.581585 -3.205000
v 1.353333 3.581585 -3.205000
v 1.353333 3.612480 -3.205000
v 1.347694 3.612480 -3.205000
v 1.347694 3.643374 -3.205000
v 1.336417 3.658821 -3.205000
v 1.336417 3.674268 -3.205000
v 1.330778 3.674268 -3.205000
v 1.330778 3.689715 -3.205000
v 1.296944 3.736057 -3.205000
v 1.274389 3.743780 -3.205000
v 1.274389 3.751504 -3.205000
v 1.223639 3.759228 -3.205000
v 1.223639 3.751504 -3.205000
v 1.201083 3.751504 -3.205000
v 1.189806 3.736057 -3.205000
v 1.178528 3.736057 -3.205000
v 1.172889 3.712886 -3.205000
v 1.161611 3.705163 -3.205000
v 1.150333 3.651098 -3.205000
v 1.015000 3.651098 -3.205000
v 1.009361 3.658821 -3.205000
v 1.009361 3.712886 -3.205000
v 1.015000 3.712886 -3.205000
v 1.015000 3.736057 -3.205000
v 1.020639 3.736057 -3.205000
v 1.020639 3.759228 -3.205000
v 1.026278 3.759228 -3.205000
v 1.026278 3.782398 -3.205000
v 1.048833 3.813293 -3.205000
v 1.048833 3.828740 -3.205000
v 1.060111 3.844187 -3.205000
v 1.071389 3.844187 -3.205000
v 1.082667 3.867358 -3.205000
v 1.105222 3.875081 -3.205000
v 1.105222 3.882805 -3.205000
v 1.122139 3.882805 -3.205000
v 1.122139 3.890528 -3.205000
v 1.144694 3.890528 -3.205000
v 1.144694 3.898252 -3.205000
v 1.178528 3.898252 -3.205000
v 1.178528 3.905976 -3.205000
v 1.257472 3.905976 -3.205000
v -1.409722 3.898252 -3.205000
v -1.358972 3.898252 -3.205000
v -1.358972 3.890528 -3.205000
v -1.330778 3.890528 -3.205000
v -1.319500 3.875081 -3.205000
v -1.291306 3.867358 -3.205000
v -1.285667 3.851911 -3.205000
v -1.274389 3.851911 -3.205000
v -1.234917 3.797846 -3.205000
v -1.234917 3.782398 -3.205000
v -1.223639 3.774675 -3.205000
v -1.218000 3.720610 -3.205000
v -1.212361 3.720610 -3.205000
v -1.212361 3.643374 -3.205000
v -1.218000 3.643374 -3.205000
v -1.218000 3.620203 -3.205000
v -1.229278 3.612480 -3.205000
v -1.229278 3.597033 -3.205000
v -1.240556 3.581585 -3.205000
v -1.251833 3.581585 -3.205000
v -1.263111 3.558415 -3.205000
v -1.291306 3.550691 -3.205000
v -1.302583 3.535244 -3.205000
v -1.319500 3.535244 -3.205000
v -1.319500 3.527520 -3.205000
v -1.336417 3.527520 -3.205000
v -1.336417 3.519797 -3.205000
v -1.381528 3.512073 -3.205000
v -1.381528 3.504350 -3.205000
v -1.398444 3.504350 -3.205000
v -1.398444 3.496626 -3.205000
v -1.426639 3.488902 -3.205000
v -1.443556 3.465732 -3.205000
v -1.443556 3.419390 -3.205000
v -1.437917 3.419390 -3.205000
v -1.437917 3.403943 -3.205000
v -1.415361 3.373049 -3.205000
v -1.398444 3.373049 -3.205000
v -1.398444 3.365325 -3.205000
v -1.342056 3.365325 -3.205000
v -1.342056 3.373049 -3.205000
v -1.325139 3.373049 -3.205000
v -1.313861 3.388496 -3.205000
v -1.302583 3.442561 -3.205000
v -1.296944 3.442561 -3.205000
v -1.302583 3.458008 -3.205000
v -1.161611 3.458008 -3.205000
v -1.167250 3.357602 -3.205000
v -1.172889 3.357602 -3.205000
v -1.178528 3.326707 -3.205000
v -1.184167 3.326707 -3.205000
v -1.184167 3.311260 -3.205000
v -1.212361 3.272642 -3.205000
v -1.234917 3.264919 -3.205000
v -1.234917 3.257195 -3.205000
v -1.251833 3.257195 -3.205000
v -1.251833 3.249472 -3.205000
v -1.285667 3.249472 -3.205000
v -1.285667 3.241748 -3.205000
v -1.409722 3.241748 -3.205000
v -1.409722 3.249472 -3.205000
v -1.460472 3.257195 -3.205000
v -1.460472 3.264919 -3.205000
v -1.494306 3.280366 -3.205000
v -1.494306 3.288089 -3.205000
v -1.505583 3.288089 -3.205000
v -1.522500 3.318984 -3.205000
v -1.533778 3.318984 -3.205000
v -1.545056 3.334431 -3.205000
v -1.545056 3.349878 -3.205000
v -1.561972 3.365325 -3.205000
v -1.573250 3.411667 -3.205000
v -1.578889 3.411667 -3.205000
v -1.578889 3.434837 -3.205000
v -1.590167 3.419390 -3.205000
v -1.590167 3.365325 -3.205000
v -1.595806 3.365325 -3.205000
v -1.601444 3.334431 -3.205000
v -1.607083 3.334431 -3.205000
v -1.607083 3.318984 -3.205000
v -1.640917 3.272642 -3.205000
v -1.663472 3.264919 -3.205000
v -1.663472 3.257195 -3.205000
v -1.680389 3.257195 -3.205000
v -1.680389 3.249472 -3.205000
v -1.714222 3.249472 -3.205000
v -1.714222 3.241748 -3.205000
v -1.838278 3.241748 -3.205000
v -1.838278 3.249472 -3.205000
v -1.866472 3.249472 -3.205000
v -1.866472 3.257195 -3.205000
v -1.883389 3.257195 -3.205000
v -1.883389 3.264919 -3.205000
v -1.900306 3.264919 -3.205000
v -1.917222 3.288089 -3.205000
v -1.939778 3.295813 -3.205000
v -1.984889 3.357602 -3.205000
v -1.984889 3.373049 -3.205000
v -2.001806 3.396220 -3.205000
v -2.001806 3.419390 -3.205000
v -2.007444 3.419390 -3.205000
v -2.013083 3.535244 -3.205000
v -2.007444 3.535244 -3.205000
v -2.001806 3.573862 -3.205000
v -1.967972 3.620203 -3.205000
v -1.934139 3.635650 -3.205000
v -1.934139 3.643374 -3.205000
v -1.917222 3.643374 -3.205000
v -1.917222 3.651098 -3.205000
v -1.900306 3.651098 -3.205000
v -1.900306 3.658821 -3.205000
v -1.883389 3.658821 -3.205000
v -1.883389 3.666545 -3.205000
v -1.860833 3.666545 -3.205000
v -1.860833 3.674268 -3.205000
v -1.838278 3.674268 -3.205000
v -1.838278 3.681992 -3.205000
v -1.815722 3.681992 -3.205000
v -1.815722 3.689715 -3.205000
v -1.787528 3.697439 -3.205000
v -1.770611 3.720610 -3.205000
v -1.770611 3.736057 -3.205000
v -1.781889 3.751504 -3.205000
v -1.781889 3.766951 -3.205000
v -1.798806 3.774675 -3.205000
v -1.798806 3.782398 -3.205000
v -1.860833 3.782398 -3.205000
v -1.860833 3.774675 -3.205000
v -1.872111 3.774675 -3.205000
v -1.889028 3.751504 -3.205000
v -1.894667 3.712886 -3.205000
v -2.030000 3.712886 -3.205000
v -2.030000 3.782398 -3.205000
v -2.024361 3.782398 -3.205000
v -2.018722 3.821016 -3.205000
v -2.007444 3.828740 -3.205000
v -2.007444 3.844187 -3.205000
v -1.996167 3.859634 -3.205000
v -1.984889 3.859634 -3.205000
v -1.967972 3.882805 -3.205000
v -1.934139 3.890528 -3.205000
v -1.934139 3.898252 -3.205000
v -1.832639 3.905976 -3.205000
v -1.832639 3.898252 -3.205000
v -1.781889 3.898252 -3.205000
v -1.781889 3.890528 -3.205000
v -1.759333 3.890528 -3.205000
v -1.759333 3.882805 -3.205000
v -1.742417 3.882805 -3.205000
v -1.742417 3.875081 -3.205000
v -1.719861 3.867358 -3.205000
v -1.719861 3.859634 -3.205000
v -1.708583 3.859634 -3.205000
v -1.702944 3.844187 -3.205000
v -1.691667 3.844187 -3.205000
v -1.663472 3.805569 -3.205000
v -1.646556 3.743780 -3.205000
v -1.640917 3.743780 -3.205000
v -1.640917 3.712886 -3.205000
v -1.635278 3.712886 -3.205000
v -1.635278 3.658821 -3.205000
v -1.640917 3.658821 -3.205000
v -1.652194 3.604756 -3.205000
v -1.680389 3.566138 -3.205000
v -1.714222 3.550691 -3.205000
v -1.714222 3.542967 -3.205000
v -1.725500 3.542967 -3.205000
v -1.725500 3.535244 -3.205000
v -1.759333 3.527520 -3.205000
v -1.759333 3.519797 -3.205000
v -1.787528 3.519797 -3.205000
v -1.787528 3.512073 -3.205000
v -1.810083 3.512073 -3.205000
v -1.810083 3.504350 -3.205000
v -1.827000 3.504350 -3.205000
v -1.838278 3.488902 -3.205000
v -1.849556 3.488902 -3.205000
v -1.866472 3.465732 -3.205000
v -1.866472 3.450285 -3.205000
v -1.872111 3.450285 -3.205000
v -1.866472 3.411667 -3.205000
v -1.860833 3.411667 -3.205000
v -1.860833 3.396220 -3.205000
v -1.849556 3.380772 -3.205000
v -1.827000 3.373049 -3.205000
v -1.827000 3.365325 -3.205000
v -1.764972 3.365325 -3.205000
v -1.764972 3.373049 -3.205000
v -1.753694 3.373049 -3.205000
v -1.731139 3.403943 -3.205000
v -1.725500 3.458008 -3.205000
v -1.590167 3.458008 -3.205000
v -1.584528 3.465732 -3.205000
v -1.578889 3.566138 -3.205000
v -1.533778 3.627927 -3.205000
v -1.505583 3.635650 -3.205000
v -1.494306 3.651098 -3.205000
v -1.471750 3.651098 -3.205000
v -1.460472 3.666545 -3.205000
v -1.437917 3.666545 -3.205000
v -1.437917 3.674268 -3.205000
v -1.409722 3.674268 -3.205000
v -1.409722 3.681992 -3.205000
v -1.370250 3.689715 -3.205000
v -1.370250 3.697439 -3.205000
v -1.358972 3.697439 -3.205000
v -1.347694 3.712886 -3.205000
v -1.347694 3.751504 -3.205000
v -1.364611 3.774675 -3.205000
v -1.375889 3.774675 -3.205000
v -1.375889 3.782398 -3.205000
v -1.437917 3.782398 -3.205000
v -1.437917 3.774675 -3.205000
v -1.449194 3.774675 -3.205000
v -1.460472 3.759228 -3.205000
v -1.460472 3.743780 -3.205000
v -1.466111 3.743780 -3.205000
v -1.466111 3.712886 -3.205000
v -1.601444 3.712886 -3.205000
v -1.607083 3.720610 -3.205000
v -1.595806 3.813293 -3.205000
v -1.561972 3.867358 -3.205000
v -1.528139 3.882805 -3.205000
v -1.528139 3.890528 -3.205000
v -1.505583 3.890528 -3.205000
v -1.505583 3.898252 -3.205000
v -1.409722 3.905976 -3.205000
v 1.872111 3.797846 -3.205000
v 1.877750 3.797846 -3.205000
v 1.877750 3.774675 -3.205000
v 1.883389 3.774675 -3.205000
v 1.877750 3.759228 -3.205000
v 1.883389 3.759228 -3.205000
v 1.883389 3.728333 -3.205000
v 1.889028 3.728333 -3.205000
v 1.889028 3.681992 -3.205000
v 1.894667 3.681992 -3.205000
v 1.917222 3.458008 -3.205000
v 1.922861 3.458008 -3.205000
v 1.922861 3.403943 -3.205000
v 1.928500 3.403943 -3.205000
v 1.928500 3.380772 -3.205000
v 1.934139 3.380772 -3.205000
v 1.945417 3.249472 -3.205000
v 1.804444 3.249472 -3.205000
v 1.798806 3.311260 -3.205000
v 1.793167 3.311260 -3.205000
v 1.793167 3.334431 -3.205000
v 1.787528 3.334431 -3.205000
v 1.781889 3.427114 -3.205000
v 1.776250 3.427114 -3.205000
v 1.776250 3.481179 -3.205000
v 1.770611 3.488902 -3.205000
v 1.680389 3.488902 -3.205000
v 1.680389 3.496626 -3.205000
v 1.629639 3.496626 -3.205000
v 1.629639 3.504350 -3.205000
v 1.607083 3.504350 -3.205000
v 1.607083 3.512073 -3.205000
v 1.590167 3.512073 -3.205000
v 1.578889 3.527520 -3.205000
v 1.567611 3.527520 -3.205000
v 1.516861 3.597033 -3.205000
v 1.505583 3.643374 -3.205000
v 1.499944 3.643374 -3.205000
v 1.499944 3.666545 -3.205000
v 1.494306 3.666545 -3.205000
v 1.494306 3.705163 -3.205000
v 1.488667 3.705163 -3.205000
v 1.488667 3.782398 -3.205000
v 1.494306 3.782398 -3.205000
v 1.494306 3.805569 -3.205000
v 1.499944 3.805569 -3.205000
v 1.499944 3.828740 -3.205000
v 1.528139 3.867358 -3.205000
v 1.550694 3.875081 -3.205000
v 1.550694 3.882805 -3.205000
v 1.567611 3.882805 -3.205000
v 1.567611 3.890528 -3.205000
v 1.866472 3.890528 -3.205000
v 0.952972 3.249472 -3.205000
v 0.558250 3.249472 -3.205000
v 0.541333 3.388496 -3.205000
v 0.789444 3.388496 -3.205000
v 0.783806 3.488902 -3.205000
v 0.778167 3.488902 -3.205000
v 0.778167 3.519797 -3.205000
v 0.541333 3.519797 -3.205000
v 0.535694 3.550691 -3.205000
v 0.541333 3.558415 -3.205000
v 0.535694 3.558415 -3.205000
v 0.535694 3.589309 -3.205000
v 0.530056 3.589309 -3.205000
v 0.535694 3.604756 -3.205000
v 0.530056 3.604756 -3.205000
v 0.524417 3.651098 -3.205000
v 0.755611 3.651098 -3.205000
v 0.749972 3.751504 -3.205000
v 0.744333 3.759228 -3.205000
v 0.496222 3.759228 -3.205000
v 0.490583 3.805569 -3.205000
v 0.484944 3.805569 -3.205000
v 0.490583 3.821016 -3.205000
v 0.484944 3.821016 -3.205000
v 0.484944 3.851911 -3.205000
v 0.479306 3.851911 -3.205000
v 0.479306 3.890528 -3.205000
v 0.874028 3.890528 -3.205000
v -0.406000 3.774675 -3.205000
v -0.400361 3.774675 -3.205000
v -0.400361 3.728333 -3.205000
v -0.394722 3.728333 -3.205000
v -0.394722 3.697439 -3.205000
v -0.389083 3.697439 -3.205000
v -0.394722 3.681992 -3.205000
v -0.389083 3.681992 -3.205000
v -0.389083 3.658821 -3.205000
v -0.383444 3.658821 -3.205000
v -0.383444 3.604756 -3.205000
v -0.377806 3.604756 -3.205000
v -0.377806 3.566138 -3.205000
v -0.372167 3.566138 -3.205000
v -0.372167 3.519797 -3.205000
v -0.366528 3.519797 -3.205000
v -0.366528 3.473455 -3.205000
v -0.360889 3.473455 -3.205000
v -0.360889 3.427114 -3.205000
v -0.355250 3.427114 -3.205000
v -0.349611 3.334431 -3.205000
v -0.343972 3.334431 -3.205000
v -0.332694 3.257195 -3.205000
v -0.338333 3.249472 -3.205000
v -0.479306 3.249472 -3.205000
v -0.507500 3.488902 -3.205000
v -0.524417 3.488902 -3.205000
v -0.603361 3.249472 -3.205000
v -0.744333 3.249472 -3.205000
v -0.721778 3.326707 -3.205000
v -0.716139 3.326707 -3.205000
v -0.716139 3.349878 -3.205000
v -0.704861 3.365325 -3.205000
v -0.704861 3.380772 -3.205000
v -0.699222 3.380772 -3.205000
v -0.699222 3.403943 -3.205000
v -0.687944 3.419390 -3.205000
v -0.687944 3.434837 -3.205000
v -0.682306 3.434837 -3.205000
v -0.682306 3.450285 -3.205000
v -0.676667 3.450285 -3.205000
v -0.665389 3.504350 -3.205000
v -0.682306 3.504350 -3.205000
v -0.693583 3.519797 -3.205000
v -0.716139 3.527520 -3.205000
v -0.761250 3.589309 -3.205000
v -0.778167 3.651098 -3.205000
v -0.783806 3.651098 -3.205000
v -0.789444 3.797846 -3.205000
v -0.783806 3.797846 -3.205000
v -0.778167 3.828740 -3.205000
v -0.772528 3.828740 -3.205000
v -0.772528 3.844187 -3.205000
v -0.755611 3.851911 -3.205000
v -0.744333 3.875081 -3.205000
v -0.704861 3.882805 -3.205000
v -0.704861 3.890528 -3.205000
v -0.417278 3.890528 -3.205000
v -0.817639 3.774675 -3.205000
v -0.812000 3.774675 -3.205000
v -0.812000 3.728333 -3.205000
v -0.806361 3.728333 -3.205000
v -0.806361 3.681992 -3.205000
v -0.800722 3.681992 -3.205000
v -0.800722 3.635650 -3.205000
v -0.795083 3.635650 -3.205000
v -0.795083 3.597033 -3.205000
v -0.789444 3.597033 -3.205000
v -0.789444 3.542967 -3.205000
v -0.783806 3.542967 -3.205000
v -0.778167 3.473455 -3.205000
v -0.772528 3.473455 -3.205000
v -0.749972 3.249472 -3.205000
v -1.139056 3.249472 -3.205000
v -1.144694 3.295813 -3.205000
v -1.150333 3.295813 -3.205000
v -1.155972 3.373049 -3.205000
v -1.161611 3.373049 -3.205000
v -1.155972 3.388496 -3.205000
v -0.913500 3.388496 -3.205000
v -0.907861 3.411667 -3.205000
v -0.913500 3.411667 -3.205000
v -0.913500 3.434837 -3.205000
v -0.919139 3.434837 -3.205000
v -0.913500 3.450285 -3.205000
v -0.919139 3.450285 -3.205000
v -0.919139 3.481179 -3.205000
v -0.924778 3.481179 -3.205000
v -0.924778 3.519797 -3.205000
v -1.155972 3.519797 -3.205000
v -1.161611 3.550691 -3.205000
v -1.167250 3.550691 -3.205000
v -1.167250 3.597033 -3.205000
v -1.172889 3.597033 -3.205000
v -1.172889 3.643374 -3.205000
v -1.178528 3.651098 -3.205000
v -0.947333 3.651098 -3.205000
v -0.941694 3.666545 -3.205000
v -0.947333 3.666545 -3.205000
v -0.947333 3.712886 -3.205000
v -0.952972 3.712886 -3.205000
v -0.958611 3.759228 -3.205000
v -1.206722 3.759228 -3.205000
v -1.223639 3.890528 -3.205000
v -0.828917 3.890528 -3.205000
v 1.669111 3.766951 -3.205000
v 1.669111 3.759228 -3.205000
v 1.652194 3.759228 -3.205000
v 1.635278 3.736057 -3.205000
v 1.629639 3.697439 -3.205000
v 1.635278 3.697439 -3.205000
v 1.635278 3.674268 -3.205000
v 1.640917 3.674268 -3.205000
v 1.640917 3.658821 -3.205000
v 1.663472 3.627927 -3.205000
v 1.686028 3.627927 -3.205000
v 1.686028 3.620203 -3.205000
v 1.753694 3.620203 -3.205000
v 1.753694 3.666545 -3.205000
v 1.748056 3.666545 -3.205000
v 1.748056 3.689715 -3.205000
v 1.742417 3.689715 -3.205000
v 1.748056 3.705163 -3.205000
v 1.742417 3.705163 -3.205000
v 1.742417 3.736057 -3.205000
v 1.736778 3.736057 -3.205000
v 1.736778 3.766951 -3.205000
v 1.731139 3.766951 -3.205000
v -0.186083 3.766951 -3.205000
v -0.186083 3.759228 -3.205000
v -0.214278 3.759228 -3.205000
v -0.231194 3.736057 -3.205000
v -0.225556 3.658821 -3.205000
v -0.203000 3.627927 -3.205000
v -0.186083 3.627927 -3.205000
v -0.186083 3.620203 -3.205000
v -0.112778 3.620203 -3.205000
v -0.124056 3.759228 -3.205000
v -0.135333 3.766951 -3.205000
v -0.603361 3.766951 -3.205000
v -0.603361 3.759228 -3.205000
v -0.625917 3.759228 -3.205000
v -0.648472 3.728333 -3.205000
v -0.642833 3.658821 -3.205000
v -0.625917 3.635650 -3.205000
v -0.603361 3.627927 -3.205000
v -0.603361 3.620203 -3.205000
v -0.524417 3.620203 -3.205000
v -0.530056 3.666545 -3.205000
v -0.535694 3.666545 -3.205000
v -0.535694 3.712886 -3.205000
v -0.541333 3.712886 -3.205000
v -0.541333 3.759228 -3.205000
v -0.552611 3.766951 -3.205000
v 0.084583 4.029553 -3.205000
v 0.084583 4.029553 -3.162000
v 0.084583 4.014106 -3.205000
v 0.084583 4.014106 -3.162000
v 0.146611 3.929146 -3.205000
v 0.146611 3.929146 -3.162000
v 0.146611 3.913699 -3.205000
v 0.146611 3.913699 -3.162000
v 0.174806 3.882805 -3.205000
v 0.174806 3.882805 -3.162000
v 0.174806 3.867358 -3.205000
v 0.174806 3.867358 -3.162000
v 0.208639 3.828740 -3.205000
v 0.208639 3.828740 -3.162000
v 0.208639 3.813293 -3.205000
v 0.208639 3.813293 -3.162000
v 0.236833 3.782398 -3.205000
v 0.236833 3.782398 -3.162000
v 0.236833 3.766951 -3.205000
v 0.236833 3.766951 -3.162000
v 0.253750 3.743780 -3.205000
v 0.253750 3.743780 -3.162000
v 0.265028 3.743780 -3.205000
v 0.265028 3.743780 -3.162000
v 0.310139 3.890528 -3.205000
v 0.310139 3.890528 -3.162000
v 0.473667 3.890528 -3.205000
v 0.473667 3.890528 -3.162000
v 0.428556 3.751504 -3.205000
v 0.428556 3.751504 -3.162000
v 0.422917 3.751504 -3.205000
v 0.422917 3.751504 -3.162000
v 0.422917 3.736057 -3.205000
v 0.422917 3.736057 -3.162000
v 0.417278 3.736057 -3.205000
v 0.417278 3.736057 -3.162000
v 0.417278 3.720610 -3.205000
v 0.417278 3.720610 -3.162000
v 0.406000 3.705163 -3.205000
v 0.406000 3.705163 -3.162000
v 0.406000 3.689715 -3.205000
v 0.406000 3.689715 -3.162000
v 0.400361 3.689715 -3.205000
v 0.400361 3.689715 -3.162000
v 0.400361 3.674268 -3.205000
v 0.400361 3.674268 -3.162000
v 0.394722 3.674268 -3.205000
v 0.394722 3.674268 -3.162000
v 0.394722 3.658821 -3.205000
v 0.394722 3.658821 -3.162000
v 0.389083 3.658821 -3.205000
v 0.389083 3.658821 -3.162000
v 0.389083 3.643374 -3.205000
v 0.389083 3.643374 -3.162000
v 0.383444 3.643374 -3.205000
v 0.383444 3.643374 -3.162000
v 0.383444 3.627927 -3.205000
v 0.383444 3.627927 -3.162000
v 0.377806 3.627927 -3.205000
v 0.377806 3.627927 -3.162000
v 0.377806 3.612480 -3.205000
v 0.377806 3.612480 -3.162000
v 0.372167 3.612480 -3.205000
v 0.372167 3.612480 -3.162000
v 0.372167 3.597033 -3.205000
v 0.372167 3.597033 -3.162000
v 0.366528 3.597033 -3.205000
v 0.366528 3.597033 -3.162000
v 0.366528 3.581585 -3.205000
v 0.366528 3.581585 -3.162000
v 0.360889 3.581585 -3.205000
v 0.360889 3.581585 -3.162000
v 0.360889 3.566138 -3.205000
v 0.360889 3.566138 -3.162000
v 0.406000 3.504350 -3.205000
v 0.406000 3.504350 -3.162000
v 0.406000 3.488902 -3.205000
v 0.406000 3.488902 -3.162000
v 0.439833 3.450285 -3.205000
v 0.439833 3.450285 -3.162000
v 0.439833 3.434837 -3.205000
v 0.439833 3.434837 -3.162000
v 0.468028 3.403943 -3.205000
v 0.468028 3.403943 -3.162000
v 0.468028 3.388496 -3.205000
v 0.468028 3.388496 -3.162000
v 0.490583 3.365325 -3.205000
v 0.490583 3.365325 -3.162000
v 0.490583 3.349878 -3.205000
v 0.490583 3.349878 -3.162000
v 0.518778 3.318984 -3.205000
v 0.518778 3.318984 -3.162000
v 0.518778 3.303537 -3.205000
v 0.518778 3.303537 -3.162000
v 0.552611 3.264919 -3.205000
v 0.552611 3.264919 -3.162000
v 0.552611 3.249472 -3.205000
v 0.552611 3.249472 -3.162000
v 0.586444 3.210854 -3.205000
v 0.586444 3.210854 -3.162000
v 0.586444 3.195407 -3.205000
v 0.586444 3.195407 -3.162000
v 0.614639 3.164512 -3.205000
v 0.614639 3.164512 -3.162000
v 0.614639 3.149065 -3.205000
v 0.614639 3.149065 -3.162000
v 0.648472 3.110447 -3.205000
v 0.648472 3.110447 -3.162000
v 0.648472 3.095000 -3.205000
v 0.648472 3.095000 -3.162000
v 0.490583 3.095000 -3.205000
v 0.490583 3.095000 -3.162000
v 0.462389 3.133618 -3.205000
v 0.462389 3.133618 -3.162000
v 0.462389 3.149065 -3.205000
v 0.462389 3.149065 -3.162000
v 0.434194 3.179959 -3.205000
v 0.434194 3.179959 -3.162000
v 0.434194 3.195407 -3.205000
v 0.434194 3.195407 -3.162000
v 0.400361 3.234024 -3.205000
v 0.400361 3.234024 -3.162000
v 0.400361 3.249472 -3.205000
v 0.400361 3.249472 -3.162000
v 0.383444 3.264919 -3.205000
v 0.383444 3.264919 -3.162000
v 0.383444 3.280366 -3.205000
v 0.383444 3.280366 -3.162000
v 0.321417 3.365325 -3.205000
v 0.321417 3.365325 -3.162000
v 0.321417 3.380772 -3.205000
v 0.321417 3.380772 -3.162000
v 0.310139 3.396220 -3.205000
v 0.310139 3.396220 -3.162000
v 0.293222 3.388496 -3.205000
v 0.293222 3.388496 -3.162000
v 0.248111 3.249472 -3.205000
v 0.248111 3.249472 -3.162000
v 0.090222 3.249472 -3.205000
v 0.090222 3.249472 -3.162000
v 0.090222 3.272642 -3.205000
v 0.090222 3.272642 -3.162000
v 0.095861 3.272642 -3.205000
v 0.095861 3.272642 -3.162000
v 0.140972 3.411667 -3.205000
v 0.140972 3.411667 -3.162000
v 0.146611 3.411667 -3.205000
v 0.146611 3.411667 -3.162000
v 0.146611 3.434837 -3.205000
v 0.146611 3.434837 -3.162000
v 0.152250 3.434837 -3.205000
v 0.152250 3.434837 -3.162000
v 0.174806 3.512073 -3.205000
v 0.174806 3.512073 -3.162000
v 0.180444 3.512073 -3.205000
v 0.180444 3.512073 -3.162000
v 0.180444 3.527520 -3.205000
v 0.180444 3.527520 -3.162000
v 0.186083 3.527520 -3.205000
v 0.186083 3.527520 -3.162000
v 0.191722 3.558415 -3.205000
v 0.191722 3.558415 -3.162000
v 0.197361 3.558415 -3.205000
v 0.197361 3.558415 -3.162000
v 0.197361 3.581585 -3.205000
v 0.197361 3.581585 -3.162000
v 0.146611 3.651098 -3.205000
v 0.146611 3.651098 -3.162000
v 0.146611 3.666545 -3.205000
v 0.146611 3.666545 -3.162000
v 0.112778 3.705163 -3.205000
v 0.112778 3.705163 -3.162000
v 0.112778 3.720610 -3.205000
v 0.112778 3.720610 -3.162000
v 0.084583 3.751504 -3.205000
v 0.084583 3.751504 -3.162000
v 0.084583 3.766951 -3.205000
v 0.084583 3.766951 -3.162000
v 0.050750 3.805569 -3.205000
v 0.050750 3.805569 -3.162000
v 0.050750 3.821016 -3.205000
v 0.050750 3.821016 -3.162000
v 0.022556 3.851911 -3.205000
v 0.022556 3.851911 -3.162000
v 0.022556 3.867358 -3.205000
v 0.022556 3.867358 -3.162000
v 0.005639 3.890528 -3.205000
v 0.005639 3.890528 -3.162000
v 0.000000 3.890528 -3.205000
v 0.000000 3.890528 -3.162000
v 0.000000 3.875081 -3.205000
v 0.000000 3.875081 -3.162000
v 0.005639 3.875081 -3.205000
v 0.005639 3.875081 -3.162000
v 0.005639 3.836463 -3.205000
v 0.005639 3.836463 -3.162000
v 0.011278 3.836463 -3.205000
v 0.011278 3.836463 -3.162000
v 0.011278 3.782398 -3.205000
v 0.011278 3.782398 -3.162000
v 0.016917 3.782398 -3.205000
v 0.016917 3.782398 -3.162000
v 0.016917 3.743780 -3.205000
v 0.016917 3.743780 -3.162000
v 0.022556 3.743780 -3.205000
v 0.022556 3.743780 -3.162000
v 0.033833 3.604756 -3.205000
v 0.033833 3.604756 -3.162000
v 0.039472 3.604756 -3.205000
v 0.039472 3.604756 -3.162000
v 0.039472 3.573862 -3.205000
v 0.039472 3.573862 -3.162000
v 0.045111 3.573862 -3.205000
v 0.045111 3.573862 -3.162000
v 0.039472 3.558415 -3.205000
v 0.039472 3.558415 -3.162000
v 0.045111 3.558415 -3.205000
v 0.045111 3.558415 -3.162000
v 0.045111 3.527520 -3.205000
v 0.045111 3.527520 -3.162000
v 0.050750 3.527520 -3.205000
v 0.050750 3.527520 -3.162000
v 0.062028 3.388496 -3.205000
v 0.062028 3.388496 -3.162000
v 0.067667 3.388496 -3.205000
v 0.067667 3.388496 -3.162000
v 0.084583 3.249472 -3.205000
v 0.084583 3.249472 -3.162000
v -0.056389 3.249472 -3.205000
v -0.056389 3.249472 -3.162000
v -0.062028 3.272642 -3.205000
v -0.062028 3.272642 -3.162000
v -0.067667 3.272642 -3.205000
v -0.067667 3.272642 -3.162000
v -0.067667 3.326707 -3.205000
v -0.067667 3.326707 -3.162000
v -0.073306 3.326707 -3.205000
v -0.073306 3.326707 -3.162000
v -0.073306 3.373049 -3.205000
v -0.073306 3.373049 -3.162000
v -0.078944 3.373049 -3.205000
v -0.078944 3.373049 -3.162000
v -0.078944 3.411667 -3.205000
v -0.078944 3.411667 -3.162000
v -0.084583 3.411667 -3.205000
v -0.084583 3.411667 -3.162000
v -0.090222 3.488902 -3.205000
v -0.090222 3.488902 -3.162000
v -0.203000 3.488902 -3.205000
v -0.203000 3.488902 -3.162000
v -0.203000 3.496626 -3.205000
v -0.203000 3.496626 -3.162000
v -0.242472 3.496626 -3.205000
v -0.242472 3.496626 -3.162000
v -0.242472 3.504350 -3.205000
v -0.242472 3.504350 -3.162000
v -0.259389 3.504350 -3.205000
v -0.259389 3.504350 -3.162000
v -0.259389 3.512073 -3.205000
v -0.259389 3.512073 -3.162000
v -0.276306 3.512073 -3.205000
v -0.276306 3.512073 -3.162000
v -0.287583 3.527520 -3.205000
v -0.287583 3.527520 -3.162000
v -0.298861 3.527520 -3.205000
v -0.298861 3.527520 -3.162000
v -0.343972 3.589309 -3.205000
v -0.343972 3.589309 -3.162000
v -0.360889 3.651098 -3.205000
v -0.360889 3.651098 -3.162000
v -0.366528 3.651098 -3.205000
v -0.366528 3.651098 -3.162000
v -0.366528 3.681992 -3.205000
v -0.366528 3.681992 -3.162000
v -0.372167 3.681992 -3.205000
v -0.372167 3.681992 -3.162000
v -0.372167 3.797846 -3.205000
v -0.372167 3.797846 -3.162000
v -0.360889 3.813293 -3.205000
v -0.360889 3.813293 -3.162000
v -0.360889 3.828740 -3.205000
v -0.360889 3.828740 -3.162000
v -0.349611 3.836463 -3.205000
v -0.349611 3.836463 -3.162000
v -0.349611 3.851911 -3.205000
v -0.349611 3.851911 -3.162000
v -0.338333 3.851911 -3.205000
v -0.338333 3.851911 -3.162000
v -0.332694 3.867358 -3.205000
v -0.332694 3.867358 -3.162000
v -0.310139 3.875081 -3.205000
v -0.310139 3.875081 -3.162000
v -0.310139 3.882805 -3.205000
v -0.310139 3.882805 -3.162000
v -0.293222 3.882805 -3.205000
v -0.293222 3.882805 -3.162000
v -0.293222 3.890528 -3.205000
v -0.293222 3.890528 -3.162000
v 0.000000 3.890528 -3.205000
v 0.000000 3.890528 -3.162000
v 0.000000 3.905976 -3.205000
v 0.000000 3.905976 -3.162000
v -0.028194 3.936870 -3.205000
v -0.028194 3.936870 -3.162000
v -0.028194 3.952317 -3.205000
v -0.028194 3.952317 -3.162000
v -0.062028 3.990935 -3.205000
v -0.062028 3.990935 -3.162000
v -0.062028 4.006382 -3.205000
v -0.062028 4.006382 -3.162000
v -0.090222 4.045000 -3.205000
v -0.090222 4.045000 -3.162000
v 0.073306 4.045000 -3.205000
v 0.073306 4.045000 -3.162000
v 1.257472 3.998659 -3.205000
v 1.257472 3.998659 -3.162000
v 1.296944 3.998659 -3.205000
v 1.296944 3.998659 -3.162000
v 1.296944 3.990935 -3.205000
v 1.296944 3.990935 -3.162000
v 1.336417 3.983211 -3.205000
v 1.336417 3.983211 -3.162000
v 1.347694 3.967764 -3.205000
v 1.347694 3.967764 -3.162000
v 1.364611 3.967764 -3.205000
v 1.364611 3.967764 -3.162000
v 1.364611 3.960041 -3.205000
v 1.364611 3.960041 -3.162000
v 1.398444 3.944593 -3.205000
v 1.398444 3.944593 -3.162000
v 1.398444 3.936870 -3.205000
v 1.398444 3.936870 -3.162000
v 1.409722 3.936870 -3.205000
v 1.409722 3.936870 -3.162000
v 1.409722 3.929146 -3.205000
v 1.409722 3.929146 -3.162000
v 1.421000 3.929146 -3.205000
v 1.421000 3.929146 -3.162000
v 1.443556 3.898252 -3.205000
v 1.443556 3.898252 -3.162000
v 1.454833 3.898252 -3.205000
v 1.454833 3.898252 -3.162000
v 1.483028 3.944593 -3.205000
v 1.483028 3.944593 -3.162000
v 1.516861 3.960041 -3.205000
v 1.516861 3.960041 -3.162000
v 1.516861 3.967764 -3.205000
v 1.516861 3.967764 -3.162000
v 1.528139 3.967764 -3.205000
v 1.528139 3.967764 -3.162000
v 1.528139 3.975488 -3.205000
v 1.528139 3.975488 -3.162000
v 1.545056 3.975488 -3.205000
v 1.545056 3.975488 -3.162000
v 1.545056 3.983211 -3.205000
v 1.545056 3.983211 -3.162000
v 1.567611 3.983211 -3.205000
v 1.567611 3.983211 -3.162000
v 1.567611 3.990935 -3.205000
v 1.567611 3.990935 -3.162000
v 1.922861 3.990935 -3.205000
v 1.922861 3.990935 -3.162000
v 1.928500 3.944593 -3.205000
v 1.928500 3.944593 -3.162000
v 1.934139 3.944593 -3.205000
v 1.934139 3.944593 -3.162000
v 1.928500 3.929146 -3.205000
v 1.928500 3.929146 -3.162000
v 1.934139 3.929146 -3.205000
v 1.934139 3.929146 -3.162000
v 1.934139 3.898252 -3.205000
v 1.934139 3.898252 -3.162000
v 1.939778 3.898252 -3.205000
v 1.939778 3.898252 -3.162000
v 1.939778 3.851911 -3.205000
v 1.939778 3.851911 -3.162000
v 1.945417 3.851911 -3.205000
v 1.945417 3.851911 -3.162000
v 1.945417 3.805569 -3.205000
v 1.945417 3.805569 -3.162000
v 1.951056 3.805569 -3.205000
v 1.951056 3.805569 -3.162000
v 1.951056 3.759228 -3.205000
v 1.951056 3.759228 -3.162000
v 1.956694 3.759228 -3.205000
v 1.956694 3.759228 -3.162000
v 1.956694 3.712886 -3.205000
v 1.956694 3.712886 -3.162000
v 1.962333 3.712886 -3.205000
v 1.962333 3.712886 -3.162000
v 1.962333 3.666545 -3.205000
v 1.962333 3.666545 -3.162000
v 1.967972 3.666545 -3.205000
v 1.967972 3.666545 -3.162000
v 1.967972 3.627927 -3.205000
v 1.967972 3.627927 -3.162000
v 1.973611 3.627927 -3.205000
v 1.973611 3.627927 -3.162000
v 1.973611 3.589309 -3.205000
v 1.973611 3.589309 -3.162000
v 1.979250 3.589309 -3.205000
v 1.979250 3.589309 -3.162000
v 1.973611 3.573862 -3.205000
v 1.973611 3.573862 -3.162000
v 1.979250 3.573862 -3.205000
v 1.979250 3.573862 -3.162000
v 1.979250 3.550691 -3.205000
v 1.979250 3.550691 -3.162000
v 1.984889 3.550691 -3.205000
v 1.984889 3.550691 -3.162000
v 1.984889 3.496626 -3.205000
v 1.984889 3.496626 -3.162000
v 1.990528 3.496626 -3.205000
v 1.990528 3.496626 -3.162000
v 1.990528 3.458008 -3.205000
v 1.990528 3.458008 -3.162000
v 1.996167 3.458008 -3.205000
v 1.996167 3.458008 -3.162000
v 1.996167 3.403943 -3.205000
v 1.996167 3.403943 -3.162000
v 2.001806 3.403943 -3.205000
v 2.001806 3.403943 -3.162000
v 2.001806 3.365325 -3.205000
v 2.001806 3.365325 -3.162000
v 2.007444 3.365325 -3.205000
v 2.007444 3.365325 -3.162000
v 2.018722 3.226301 -3.205000
v 2.018722 3.226301 -3.162000
v 2.024361 3.226301 -3.205000
v 2.024361 3.226301 -3.162000
v 2.024361 3.195407 -3.205000
v 2.024361 3.195407 -3.162000
v 2.030000 3.195407 -3.205000
v 2.030000 3.195407 -3.162000
v 2.024361 3.179959 -3.205000
v 2.024361 3.179959 -3.162000
v 2.030000 3.179959 -3.205000
v 2.030000 3.179959 -3.162000
v 2.030000 3.149065 -3.205000
v 2.030000 3.149065 -3.162000
v 1.742417 3.149065 -3.205000
v 1.742417 3.149065 -3.162000
v 1.714222 3.388496 -3.205000
v 1.714222 3.388496 -3.162000
v 1.629639 3.396220 -3.205000
v 1.629639 3.396220 -3.162000
v 1.629639 3.403943 -3.205000
v 1.629639 3.403943 -3.162000
v 1.584528 3.411667 -3.205000
v 1.584528 3.411667 -3.162000
v 1.584528 3.419390 -3.205000
v 1.584528 3.419390 -3.162000
v 1.573250 3.411667 -3.205000
v 1.573250 3.411667 -3.162000
v 1.573250 3.388496 -3.205000
v 1.573250 3.388496 -3.162000
v 1.567611 3.388496 -3.205000
v 1.567611 3.388496 -3.162000
v 1.567611 3.365325 -3.205000
v 1.567611 3.365325 -3.162000
v 1.561972 3.365325 -3.205000
v 1.561972 3.365325 -3.162000
v 1.550694 3.311260 -3.205000
v 1.550694 3.311260 -3.162000
v 1.539417 3.303537 -3.205000
v 1.539417 3.303537 -3.162000
v 1.539417 3.288089 -3.205000
v 1.539417 3.288089 -3.162000
v 1.522500 3.272642 -3.205000
v 1.522500 3.272642 -3.162000
v 1.522500 3.257195 -3.205000
v 1.522500 3.257195 -3.162000
v 1.505583 3.234024 -3.205000
v 1.505583 3.234024 -3.162000
v 1.494306 3.234024 -3.205000
v 1.494306 3.234024 -3.162000
v 1.477389 3.203130 -3.205000
v 1.477389 3.203130 -3.162000
v 1.454833 3.195407 -3.205000
v 1.454833 3.195407 -3.162000
v 1.449194 3.179959 -3.205000
v 1.449194 3.179959 -3.162000
v 1.432278 3.179959 -3.205000
v 1.432278 3.179959 -3.162000
v 1.421000 3.164512 -3.205000
v 1.421000 3.164512 -3.162000
v 1.409722 3.164512 -3.205000
v 1.409722 3.164512 -3.162000
v 1.409722 3.156789 -3.205000
v 1.409722 3.156789 -3.162000
v 1.387167 3.156789 -3.205000
v 1.387167 3.156789 -3.162000
v 1.387167 3.149065 -3.205000
v 1.387167 3.149065 -3.162000
v 1.347694 3.149065 -3.205000
v 1.347694 3.149065 -3.162000
v 1.347694 3.141341 -3.205000
v 1.347694 3.141341 -3.162000
v 1.268750 3.141341 -3.205000
v 1.268750 3.141341 -3.162000
v 1.268750 3.149065 -3.205000
v 1.268750 3.149065 -3.162000
v 1.195444 3.156789 -3.205000
v 1.195444 3.156789 -3.162000
v 1.195444 3.164512 -3.205000
v 1.195444 3.164512 -3.162000
v 1.178528 3.164512 -3.205000
v 1.178528 3.164512 -3.162000
v 1.178528 3.172236 -3.205000
v 1.178528 3.172236 -3.162000
v 1.161611 3.172236 -3.205000
v 1.161611 3.172236 -3.162000
v 1.161611 3.179959 -3.205000
v 1.161611 3.179959 -3.162000
v 1.144694 3.179959 -3.205000
v 1.144694 3.179959 -3.162000
v 1.144694 3.187683 -3.205000
v 1.144694 3.187683 -3.162000
v 1.110861 3.203130 -3.205000
v 1.110861 3.203130 -3.162000
v 1.110861 3.210854 -3.205000
v 1.110861 3.210854 -3.162000
v 1.099583 3.210854 -3.205000
v 1.099583 3.210854 -3.162000
v 1.093944 3.226301 -3.205000
v 1.093944 3.226301 -3.162000
v 1.082667 3.226301 -3.205000
v 1.082667 3.226301 -3.162000
v 1.077028 3.241748 -3.205000
v 1.077028 3.241748 -3.162000
v 1.065750 3.241748 -3.205000
v 1.065750 3.241748 -3.162000
v 1.020639 3.303537 -3.205000
v 1.020639 3.303537 -3.162000
v 1.009361 3.342154 -3.205000
v 1.009361 3.342154 -3.162000
v 0.998083 3.349878 -3.205000
v 0.998083 3.349878 -3.162000
v 0.969889 3.442561 -3.205000
v 0.969889 3.442561 -3.162000
v 0.964250 3.442561 -3.205000
v 0.964250 3.442561 -3.162000
v 0.958611 3.488902 -3.205000
v 0.958611 3.488902 -3.162000
v 0.952972 3.488902 -3.205000
v 0.952972 3.488902 -3.162000
v 0.936056 3.651098 -3.205000
v 0.936056 3.651098 -3.162000
v 0.941694 3.651098 -3.205000
v 0.941694 3.651098 -3.162000
v 0.941694 3.736057 -3.205000
v 0.941694 3.736057 -3.162000
v 0.947333 3.736057 -3.205000
v 0.947333 3.736057 -3.162000
v 0.952972 3.790122 -3.205000
v 0.952972 3.790122 -3.162000
v 0.964250 3.805569 -3.205000
v 0.964250 3.805569 -3.162000
v 0.964250 3.828740 -3.205000
v 0.964250 3.828740 -3.162000
v 0.981167 3.851911 -3.205000
v 0.981167 3.851911 -3.162000
v 0.981167 3.867358 -3.205000
v 0.981167 3.867358 -3.162000
v 1.031917 3.936870 -3.205000
v 1.031917 3.936870 -3.162000
v 1.043194 3.936870 -3.205000
v 1.043194 3.936870 -3.162000
v 1.048833 3.952317 -3.205000
v 1.048833 3.952317 -3.162000
v 1.082667 3.967764 -3.205000
v 1.082667 3.967764 -3.162000
v 1.082667 3.975488 -3.205000
v 1.082667 3.975488 -3.162000
v 1.093944 3.975488 -3.205000
v 1.093944 3.975488 -3.162000
v 1.093944 3.983211 -3.205000
v 1.093944 3.983211 -3.162000
v 1.110861 3.983211 -3.205000
v 1.110861 3.983211 -3.162000
v 1.110861 3.990935 -3.205000
v 1.110861 3.990935 -3.162000
v 1.133417 3.990935 -3.205000
v 1.133417 3.990935 -3.162000
v 1.133417 3.998659 -3.205000
v 1.133417 3.998659 -3.162000
v 1.167250 3.998659 -3.205000
v 1.167250 3.998659 -3.162000
v 1.167250 4.006382 -3.205000
v 1.167250 4.006382 -3.162000
v 1.257472 4.006382 -3.205000
v 1.257472 4.006382 -3.162000
v 1.172889 3.975488 -3.205000
v 1.172889 3.975488 -3.162000
v 1.172889 3.967764 -3.205000
v 1.172889 3.967764 -3.162000
v 1.139056 3.967764 -3.205000
v 1.139056 3.967764 -3.162000
v 1.139056 3.960041 -3.205000
v 1.139056 3.960041 -3.162000
v 1.099583 3.952317 -3.205000
v 1.099583 3.952317 -3.162000
v 1.099583 3.944593 -3.205000
v 1.099583 3.944593 -3.162000
v 1.077028 3.936870 -3.205000
v 1.077028 3.936870 -3.162000
v 1.077028 3.929146 -3.205000
v 1.077028 3.929146 -3.162000
v 1.065750 3.929146 -3.205000
v 1.065750 3.929146 -3.162000
v 1.065750 3.921423 -3.205000
v 1.065750 3.921423 -3.162000
v 1.054472 3.921423 -3.205000
v 1.054472 3.921423 -3.162000
v 0.992444 3.836463 -3.205000
v 0.992444 3.836463 -3.162000
v 0.981167 3.782398 -3.205000
v 0.981167 3.782398 -3.162000
v 0.975528 3.782398 -3.205000
v 0.975528 3.782398 -3.162000
v 0.975528 3.759228 -3.205000
v 0.975528 3.759228 -3.162000
v 0.969889 3.759228 -3.205000
v 0.969889 3.759228 -3.162000
v 0.969889 3.720610 -3.205000
v 0.969889 3.720610 -3.162000
v 0.964250 3.720610 -3.205000
v 0.964250 3.720610 -3.162000
v 0.964250 3.689715 -3.205000
v 0.964250 3.689715 -3.162000
v 0.958611 3.689715 -3.205000
v 0.958611 3.689715 -3.162000
v 0.958611 3.597033 -3.205000
v 0.958611 3.597033 -3.162000
v 0.964250 3.597033 -3.205000
v 0.964250 3.597033 -3.162000
v 0.975528 3.496626 -3.205000
v 0.975528 3.496626 -3.162000
v 0.981167 3.496626 -3.205000
v 0.981167 3.496626 -3.162000
v 0.986806 3.450285 -3.205000
v 0.986806 3.450285 -3.162000
v 0.998083 3.434837 -3.205000
v 0.998083 3.434837 -3.162000
v 1.003722 3.396220 -3.205000
v 1.003722 3.396220 -3.162000
v 1.020639 3.373049 -3.205000
v 1.020639 3.373049 -3.162000
v 1.020639 3.357602 -3.205000
v 1.020639 3.357602 -3.162000
v 1.031917 3.349878 -3.205000
v 1.031917 3.349878 -3.162000
v 1.031917 3.334431 -3.205000
v 1.031917 3.334431 -3.162000
v 1.088306 3.257195 -3.205000
v 1.088306 3.257195 -3.162000
v 1.099583 3.257195 -3.205000
v 1.099583 3.257195 -3.162000
v 1.105222 3.241748 -3.205000
v 1.105222 3.241748 -3.162000
v 1.139056 3.226301 -3.205000
v 1.139056 3.226301 -3.162000
v 1.139056 3.218577 -3.205000
v 1.139056 3.218577 -3.162000
v 1.150333 3.218577 -3.205000
v 1.150333 3.218577 -3.162000
v 1.150333 3.210854 -3.205000
v 1.150333 3.210854 -3.162000
v 1.161611 3.210854 -3.205000
v 1.161611 3.210854 -3.162000
v 1.161611 3.203130 -3.205000
v 1.161611 3.203130 -3.162000
v 1.201083 3.195407 -3.205000
v 1.201083 3.195407 -3.162000
v 1.201083 3.187683 -3.205000
v 1.201083 3.187683 -3.162000
v 1.229278 3.187683 -3.205000
v 1.229278 3.187683 -3.162000
v 1.229278 3.179959 -3.205000
v 1.229278 3.179959 -3.162000
v 1.336417 3.172236 -3.205000
v 1.336417 3.172236 -3.162000
v 1.336417 3.179959 -3.205000
v 1.336417 3.179959 -3.162000
v 1.381528 3.179959 -3.205000
v 1.381528 3.179959 -3.162000
v 1.381528 3.187683 -3.205000
v 1.381528 3.187683 -3.162000
v 1.404083 3.187683 -3.205000
v 1.404083 3.187683 -3.162000
v 1.404083 3.195407 -3.205000
v 1.404083 3.195407 -3.162000
v 1.437917 3.210854 -3.205000
v 1.437917 3.210854 -3.162000
v 1.437917 3.218577 -3.205000
v 1.437917 3.218577 -3.162000
v 1.449194 3.218577 -3.205000
v 1.449194 3.218577 -3.162000
v 1.449194 3.226301 -3.205000
v 1.449194 3.226301 -3.162000
v 1.460472 3.226301 -3.205000
v 1.460472 3.226301 -3.162000
v 1.466111 3.241748 -3.205000
v 1.466111 3.241748 -3.162000
v 1.477389 3.241748 -3.205000
v 1.477389 3.241748 -3.162000
v 1.511222 3.288089 -3.205000
v 1.511222 3.288089 -3.162000
v 1.511222 3.303537 -3.205000
v 1.511222 3.303537 -3.162000
v 1.528139 3.318984 -3.205000
v 1.528139 3.318984 -3.162000
v 1.539417 3.365325 -3.205000
v 1.539417 3.365325 -3.162000
v 1.545056 3.365325 -3.205000
v 1.545056 3.365325 -3.162000
v 1.550694 3.411667 -3.205000
v 1.550694 3.411667 -3.162000
v 1.556333 3.411667 -3.205000
v 1.556333 3.411667 -3.162000
v 1.556333 3.458008 -3.205000
v 1.556333 3.458008 -3.162000
v 1.573250 3.458008 -3.205000
v 1.573250 3.458008 -3.162000
v 1.573250 3.450285 -3.205000
v 1.573250 3.450285 -3.162000
v 1.590167 3.450285 -3.205000
v 1.590167 3.450285 -3.162000
v 1.590167 3.442561 -3.205000
v 1.590167 3.442561 -3.162000
v 1.607083 3.442561 -3.205000
v 1.607083 3.442561 -3.162000
v 1.607083 3.434837 -3.205000
v 1.607083 3.434837 -3.162000
v 1.635278 3.434837 -3.205000
v 1.635278 3.434837 -3.162000
v 1.635278 3.427114 -3.205000
v 1.635278 3.427114 -3.162000
v 1.731139 3.427114 -3.205000
v 1.731139 3.427114 -3.162000
v 1.748056 3.272642 -3.205000
v 1.748056 3.272642 -3.162000
v 1.753694 3.272642 -3.205000
v 1.753694 3.272642 -3.162000
v 1.753694 3.218577 -3.205000
v 1.753694 3.218577 -3.162000
v 1.759333 3.218577 -3.205000
v 1.759333 3.218577 -3.162000
v 1.764972 3.179959 -3.205000
v 1.764972 3.179959 -3.162000
v 1.770611 3.187683 -3.205000
v 1.770611 3.187683 -3.162000
v 1.996167 3.187683 -3.205000
v 1.996167 3.187683 -3.162000
v 2.001806 3.179959 -3.205000
v 2.001806 3.179959 -3.162000
v 1.996167 3.280366 -3.205000
v 1.996167 3.280366 -3.162000
v 1.990528 3.280366 -3.205000
v 1.990528 3.280366 -3.162000
v 1.990528 3.311260 -3.205000
v 1.990528 3.311260 -3.162000
v 1.984889 3.311260 -3.205000
v 1.984889 3.311260 -3.162000
v 1.990528 3.326707 -3.205000
v 1.990528 3.326707 -3.162000
v 1.984889 3.326707 -3.205000
v 1.984889 3.326707 -3.162000
v 1.984889 3.357602 -3.205000
v 1.984889 3.357602 -3.162000
v 1.979250 3.357602 -3.205000
v 1.979250 3.357602 -3.162000
v 1.956694 3.589309 -3.205000
v 1.956694 3.589309 -3.162000
v 1.951056 3.589309 -3.205000
v 1.951056 3.589309 -3.162000
v 1.951056 3.627927 -3.205000
v 1.951056 3.627927 -3.162000
v 1.945417 3.627927 -3.205000
v 1.945417 3.627927 -3.162000
v 1.945417 3.681992 -3.205000
v 1.945417 3.681992 -3.162000
v 1.939778 3.681992 -3.205000
v 1.939778 3.681992 -3.162000
v 1.939778 3.705163 -3.205000
v 1.939778 3.705163 -3.162000
v 1.934139 3.705163 -3.205000
v 1.934139 3.705163 -3.162000
v 1.939778 3.720610 -3.205000
v 1.939778 3.720610 -3.162000
v 1.934139 3.720610 -3.205000
v 1.934139 3.720610 -3.162000
v 1.934139 3.759228 -3.205000
v 1.934139 3.759228 -3.162000
v 1.928500 3.759228 -3.205000
v 1.928500 3.759228 -3.162000
v 1.928500 3.797846 -3.205000
v 1.928500 3.797846 -3.162000
v 1.922861 3.797846 -3.205000
v 1.922861 3.797846 -3.162000
v 1.922861 3.844187 -3.205000
v 1.922861 3.844187 -3.162000
v 1.917222 3.844187 -3.205000
v 1.917222 3.844187 -3.162000
v 1.905944 3.960041 -3.205000
v 1.905944 3.960041 -3.162000
v 1.573250 3.960041 -3.205000
v 1.573250 3.960041 -3.162000
v 1.573250 3.952317 -3.205000
v 1.573250 3.952317 -3.162000
v 1.550694 3.952317 -3.205000
v 1.550694 3.952317 -3.162000
v 1.550694 3.944593 -3.205000
v 1.550694 3.944593 -3.162000
v 1.533778 3.944593 -3.205000
v 1.533778 3.944593 -3.162000
v 1.522500 3.929146 -3.205000
v 1.522500 3.929146 -3.162000
v 1.511222 3.929146 -3.205000
v 1.511222 3.929146 -3.162000
v 1.511222 3.921423 -3.205000
v 1.511222 3.921423 -3.162000
v 1.499944 3.921423 -3.205000
v 1.499944 3.921423 -3.162000
v 1.460472 3.867358 -3.205000
v 1.460472 3.867358 -3.162000
v 1.460472 3.851911 -3.205000
v 1.460472 3.851911 -3.162000
v 1.449194 3.851911 -3.205000
v 1.449194 3.851911 -3.162000
v 1.415361 3.898252 -3.205000
v 1.415361 3.898252 -3.162000
v 1.392806 3.905976 -3.205000
v 1.392806 3.905976 -3.162000
v 1.387167 3.921423 -3.205000
v 1.387167 3.921423 -3.162000
v 1.364611 3.929146 -3.205000
v 1.364611 3.929146 -3.162000
v 1.364611 3.936870 -3.205000
v 1.364611 3.936870 -3.162000
v 1.347694 3.936870 -3.205000
v 1.347694 3.936870 -3.162000
v 1.347694 3.944593 -3.205000
v 1.347694 3.944593 -3.162000
v 1.330778 3.944593 -3.205000
v 1.330778 3.944593 -3.162000
v 1.330778 3.952317 -3.205000
v 1.330778 3.952317 -3.162000
v 1.313861 3.952317 -3.205000
v 1.313861 3.952317 -3.162000
v 1.313861 3.960041 -3.205000
v 1.313861 3.960041 -3.162000
v 1.257472 3.967764 -3.205000
v 1.257472 3.967764 -3.162000
v 1.251833 3.975488 -3.205000
v 1.251833 3.975488 -3.162000
v 1.257472 3.898252 -3.205000
v 1.257472 3.898252 -3.162000
v 1.291306 3.898252 -3.205000
v 1.291306 3.898252 -3.162000
v 1.291306 3.890528 -3.205000
v 1.291306 3.890528 -3.162000
v 1.313861 3.890528 -3.205000
v 1.313861 3.890528 -3.162000
v 1.313861 3.882805 -3.205000
v 1.313861 3.882805 -3.162000
v 1.330778 3.882805 -3.205000
v 1.330778 3.882805 -3.162000
v 1.330778 3.875081 -3.205000
v 1.330778 3.875081 -3.162000
v 1.347694 3.875081 -3.205000
v 1.347694 3.875081 -3.162000
v 1.358972 3.859634 -3.205000
v 1.358972 3.859634 -3.162000
v 1.370250 3.859634 -3.205000
v 1.370250 3.859634 -3.162000
v 1.375889 3.844187 -3.205000
v 1.375889 3.844187 -3.162000
v 1.387167 3.844187 -3.205000
v 1.387167 3.844187 -3.162000
v 1.392806 3.828740 -3.205000
v 1.392806 3.828740 -3.162000
v 1.404083 3.828740 -3.205000
v 1.404083 3.828740 -3.162000
v 1.443556 3.774675 -3.205000
v 1.443556 3.774675 -3.162000
v 1.460472 3.720610 -3.205000
v 1.460472 3.720610 -3.162000
v 1.471750 3.712886 -3.205000
v 1.471750 3.712886 -3.162000
v 1.477389 3.674268 -3.205000
v 1.477389 3.674268 -3.162000
v 1.488667 3.658821 -3.205000
v 1.488667 3.658821 -3.162000
v 1.488667 3.635650 -3.205000
v 1.488667 3.635650 -3.162000
v 1.494306 3.635650 -3.205000
v 1.494306 3.635650 -3.162000
v 1.494306 3.612480 -3.205000
v 1.494306 3.612480 -3.162000
v 1.499944 3.612480 -3.205000
v 1.499944 3.612480 -3.162000
v 1.499944 3.581585 -3.205000
v 1.499944 3.581585 -3.162000
v 1.505583 3.581585 -3.205000
v 1.505583 3.581585 -3.162000
v 1.505583 3.419390 -3.205000
v 1.505583 3.419390 -3.162000
v 1.499944 3.419390 -3.205000
v 1.499944 3.419390 -3.162000
v 1.488667 3.357602 -3.205000
v 1.488667 3.357602 -3.162000
v 1.477389 3.349878 -3.205000
v 1.477389 3.349878 -3.162000
v 1.477389 3.334431 -3.205000
v 1.477389 3.334431 -3.162000
v 1.437917 3.280366 -3.205000
v 1.437917 3.280366 -3.162000
v 1.415361 3.272642 -3.205000
v 1.415361 3.272642 -3.162000
v 1.415361 3.264919 -3.205000
v 1.415361 3.264919 -3.162000
v 1.398444 3.264919 -3.205000
v 1.398444 3.264919 -3.162000
v 1.398444 3.257195 -3.205000
v 1.398444 3.257195 -3.162000
v 1.381528 3.257195 -3.205000
v 1.381528 3.257195 -3.162000
v 1.381528 3.249472 -3.205000
v 1.381528 3.249472 -3.162000
v 1.353333 3.249472 -3.205000
v 1.353333 3.249472 -3.162000
v 1.353333 3.241748 -3.205000
v 1.353333 3.241748 -3.162000
v 1.246194 3.241748 -3.205000
v 1.246194 3.241748 -3.162000
v 1.246194 3.249472 -3.205000
v 1.246194 3.249472 -3.162000
v 1.212361 3.249472 -3.205000
v 1.212361 3.249472 -3.162000
v 1.212361 3.257195 -3.205000
v 1.212361 3.257195 -3.162000
v 1.178528 3.264919 -3.205000
v 1.178528 3.264919 -3.162000
v 1.167250 3.280366 -3.205000
v 1.167250 3.280366 -3.162000
v 1.155972 3.280366 -3.205000
v 1.155972 3.280366 -3.162000
v 1.155972 3.288089 -3.205000
v 1.155972 3.288089 -3.162000
v 1.144694 3.288089 -3.205000
v 1.144694 3.288089 -3.162000
v 1.139056 3.303537 -3.205000
v 1.139056 3.303537 -3.162000
v 1.127778 3.303537 -3.205000
v 1.127778 3.303537 -3.162000
v 1.065750 3.388496 -3.205000
v 1.065750 3.388496 -3.162000
v 1.065750 3.403943 -3.205000
v 1.065750 3.403943 -3.162000
v 1.054472 3.411667 -3.205000
v 1.054472 3.411667 -3.162000
v 1.043194 3.458008 -3.205000
v 1.043194 3.458008 -3.162000
v 1.037556 3.458008 -3.205000
v 1.037556 3.458008 -3.162000
v 1.031917 3.504350 -3.205000
v 1.031917 3.504350 -3.162000
v 1.026278 3.504350 -3.205000
v 1.026278 3.504350 -3.162000
v 1.026278 3.519797 -3.205000
v 1.026278 3.519797 -3.162000
v 1.172889 3.519797 -3.205000
v 1.172889 3.519797 -3.162000
v 1.172889 3.496626 -3.205000
v 1.172889 3.496626 -3.162000
v 1.178528 3.496626 -3.205000
v 1.178528 3.496626 -3.162000
v 1.189806 3.450285 -3.205000
v 1.189806 3.450285 -3.162000
v 1.195444 3.450285 -3.205000
v 1.195444 3.450285 -3.162000
v 1.195444 3.434837 -3.205000
v 1.195444 3.434837 -3.162000
v 1.206722 3.419390 -3.205000
v 1.206722 3.419390 -3.162000
v 1.218000 3.419390 -3.205000
v 1.218000 3.419390 -3.162000
v 1.223639 3.403943 -3.205000
v 1.223639 3.403943 -3.162000
v 1.234917 3.403943 -3.205000
v 1.234917 3.403943 -3.162000
v 1.234917 3.396220 -3.205000
v 1.234917 3.396220 -3.162000
v 1.251833 3.396220 -3.205000
v 1.251833 3.396220 -3.162000
v 1.251833 3.388496 -3.205000
v 1.251833 3.388496 -3.162000
v 1.313861 3.388496 -3.205000
v 1.313861 3.388496 -3.162000
v 1.313861 3.396220 -3.205000
v 1.313861 3.396220 -3.162000
v 1.336417 3.403943 -3.205000
v 1.336417 3.403943 -3.162000
v 1.353333 3.427114 -3.205000
v 1.353333 3.427114 -3.162000
v 1.353333 3.450285 -3.205000
v 1.353333 3.450285 -3.162000
v 1.364611 3.465732 -3.205000
v 1.364611 3.465732 -3.162000
v 1.364611 3.550691 -3.205000
v 1.364611 3.550691 -3.162000
v 1.358972 3.550691 -3.205000
v 1.358972 3.550691 -3.162000
v 1.358972 3.581585 -3.205000
v 1.358972 3.581585 -3.162000
v 1.353333 3.581585 -3.205000
v 1.353333 3.581585 -3.162000
v 1.353333 3.612480 -3.205000
v 1.353333 3.612480 -3.162000
v 1.347694 3.612480 -3.205000
v 1.347694 3.612480 -3.162000
v 1.347694 3.643374 -3.205000
v 1.347694 3.643374 -3.162000
v 1.336417 3.658821 -3.205000
v 1.336417 3.658821 -3.162000
v 1.336417 3.674268 -3.205000
v 1.336417 3.674268 -3.162000
v 1.330778 3.674268 -3.205000
v 1.330778 3.674268 -3.162000
v 1.330778 3.689715 -3.205000
v 1.330778 3.689715 -3.162000
v 1.296944 3.736057 -3.205000
v 1.296944 3.736057 -3.162000
v 1.274389 3.743780 -3.205000
v 1.274389 3.743780 -3.162000
v 1.274389 3.751504 -3.205000
v 1.274389 3.751504 -3.162000
v 1.223639 3.759228 -3.205000
v 1.223639 3.759228 -3.162000
v 1.223639 3.751504 -3.205000
v 1.223639 3.751504 -3.162000
v 1.201083 3.751504 -3.205000
v 1.201083 3.751504 -3.162000
v 1.189806 3.736057 -3.205000
v 1.189806 3.736057 -3.162000
v 1.178528 3.736057 -3.205000
v 1.178528 3.736057 -3.162000
v 1.172889 3.712886 -3.205000
v 1.172889 3.712886 -3.162000
v 1.161611 3.705163 -3.205000
v 1.161611 3.705163 -3.162000
v 1.150333 3.651098 -3.205000
v 1.150333 3.651098 -3.162000
v 1.015000 3.651098 -3.205000
v 1.015000 3.651098 -3.162000
v 1.009361 3.658821 -3.205000
v 1.009361 3.658821 -3.162000
v 1.009361 3.712886 -3.205000
v 1.009361 3.712886 -3.162000
v 1.015000 3.712886 -3.205000
v 1.015000 3.712886 -3.162000
v 1.015000 3.736057 -3.205000
v 1.015000 3.736057 -3.162000
v 1.020639 3.736057 -3.205000
v 1.020639 3.736057 -3.162000
v 1.020639 3.759228 -3.205000
v 1.020639 3.759228 -3.162000
v 1.026278 3.759228 -3.205000
v 1.026278 3.759228 -3.162000
v 1.026278 3.782398 -3.205000
v 1.026278 3.782398 -3.162000
v 1.048833 3.813293 -3.205000
v 1.048833 3.813293 -3.162000
v 1.048833 3.828740 -3.205000
v 1.048833 3.828740 -3.162000
v 1.060111 3.844187 -3.205000
v 1.060111 3.844187 -3.162000
v 1.071389 3.844187 -3.205000
v 1.071389 3.844187 -3.162000
v 1.082667 3.867358 -3.205000
v 1.082667 3.867358 -3.162000
v 1.105222 3.875081 -3.205000
v 1.105222 3.875081 -3.162000
v 1.105222 3.882805 -3.205000
v 1.105222 3.882805 -3.162000
v 1.122139 3.882805 -3.205000
v 1.122139 3.882805 -3.162000
v 1.122139 3.890528 -3.205000
v 1.122139 3.890528 -3.162000
v 1.144694 3.890528 -3.205000
v 1.144694 3.890528 -3.162000
v 1.144694 3.898252 -3.205000
v 1.144694 3.898252 -3.162000
v 1.178528 3.898252 -3.205000
v 1.178528 3.898252 -3.162000
v 1.178528 3.905976 -3.205000
v 1.178528 3.905976 -3.162000
v 1.257472 3.905976 -3.205000
v 1.257472 3.905976 -3.162000
v -1.409722 3.898252 -3.205000
v -1.409722 3.898252 -3.162000
v -1.358972 3.898252 -3.205000
v -1.358972 3.898252 -3.162000
v -1.358972 3.890528 -3.205000
v -1.358972 3.890528 -3.162000
v -1.330778 3.890528 -3.205000
v -1.330778 3.890528 -3.162000
v -1.319500 3.875081 -3.205000
v -1.319500 3.875081 -3.162000
v -1.291306 3.867358 -3.205000
v -1.291306 3.867358 -3.162000
v -1.285667 3.851911 -3.205000
v -1.285667 3.851911 -3.162000
v -1.274389 3.851911 -3.205000
v -1.274389 3.851911 -3.162000
v -1.234917 3.797846 -3.205000
v -1.234917 3.797846 -3.162000
v -1.234917 3.782398 -3.205000
v -1.234917 3.782398 -3.162000
v -1.223639 3.774675 -3.205000
v -1.223639 3.774675 -3.162000
v -1.218000 3.720610 -3.205000
v -1.218000 3.720610 -3.162000
v -1.212361 3.720610 -3.205000
v -1.212361 3.720610 -3.162000
v -1.212361 3.643374 -3.205000
v -1.212361 3.643374 -3.162000
v -1.218000 3.643374 -3.205000
v -1.218000 3.643374 -3.162000
v -1.218000 3.620203 -3.205000
v -1.218000 3.620203 -3.162000
v -1.229278 3.612480 -3.205000
v -1.229278 3.612480 -3.162000
v -1.229278 3.597033 -3.205000
v -1.229278 3.597033 -3.162000
v -1.240556 3.581585 -3.205000
v -1.240556 3.581585 -3.162000
v -1.251833 3.581585 -3.205000
v -1.251833 3.581585 -3.162000
v -1.263111 3.558415 -3.205000
v -1.263111 3.558415 -3.162000
v -1.291306 3.550691 -3.205000
v -1.291306 3.550691 -3.162000
v -1.302583 3.535244 -3.205000
v -1.302583 3.535244 -3.162000
v -1.319500 3.535244 -3.205000
v -1.319500 3.535244 -3.162000
v -1.319500 3.527520 -3.205000
v -1.319500 3.527520 -3.162000
v -1.336417 3.527520 -3.205000
v -1.336417 3.527520 -3.162000
v -1.336417 3.519797 -3.205000
v -1.336417 3.519797 -3.162000
v -1.381528 3.512073 -3.205000
v -1.381528 3.512073 -3.162000
v -1.381528 3.504350 -3.205000
v -1.381528 3.504350 -3.162000
v -1.398444 3.504350 -3.205000
v -1.398444 3.504350 -3.162000
v -1.398444 3.496626 -3.205000
v -1.398444 3.496626 -3.162000
v -1.426639 3.488902 -3.205000
v -1.426639 3.488902 -3.162000
v -1.443556 3.465732 -3.205000
v -1.443556 3.465732 -3.162000
v -1.443556 3.419390 -3.205000
v -1.443556 3.419390 -3.162000
v -1.437917 3.419390 -3.205000
v -1.437917 3.419390 -3.162000
v -1.437917 3.403943 -3.205000
v -1.437917 3.403943 -3.162000
v -1.415361 3.373049 -3.205000
v -1.415361 3.373049 -3.162000
v -1.398444 3.373049 -3.205000
v -1.398444 3.373049 -3.162000
v -1.398444 3.365325 -3.205000
v -1.398444 3.365325 -3.162000
v -1.342056 3.365325 -3.205000
v -1.342056 3.365325 -3.162000
v -1.342056 3.373049 -3.205000
v -1.342056 3.373049 -3.162000
v -1.325139 3.373049 -3.205000
v -1.325139 3.373049 -3.162000
v -1.313861 3.388496 -3.205000
v -1.313861 3.388496 -3.162000
v -1.302583 3.442561 -3.205000
v -1.302583 3.442561 -3.162000
v -1.296944 3.442561 -3.205000
v -1.296944 3.442561 -3.162000
v -1.302583 3.458008 -3.205000
v -1.302583 3.458008 -3.162000
v -1.161611 3.458008 -3.205000
v -1.161611 3.458008 -3.162000
v -1.167250 3.357602 -3.205000
v -1.167250 3.357602 -3.162000
v -1.172889 3.357602 -3.205000
v -1.172889 3.357602 -3.162000
v -1.178528 3.326707 -3.205000
v -1.178528 3.326707 -3.162000
v -1.184167 3.326707 -3.205000
v -1.184167 3.326707 -3.162000
v -1.184167 3.311260 -3.205000
v -1.184167 3.311260 -3.162000
v -1.212361 3.272642 -3.205000
v -1.212361 3.272642 -3.162000
v -1.234917 3.264919 -3.205000
v -1.234917 3.264919 -3.162000
v -1.234917 3.257195 -3.205000
v -1.234917 3.257195 -3.162000
v -1.251833 3.257195 -3.205000
v -1.251833 3.257195 -3.162000
v -1.251833 3.249472 -3.205000
v -1.251833 3.249472 -3.162000
v -1.285667 3.249472 -3.205000
v -1.285667 3.249472 -3.162000
v -1.285667 3.241748 -3.205000
v -1.285667 3.241748 -3.162000
v -1.409722 3.241748 -3.205000
v -1.409722 3.241748 -3.162000
v -1.409722 3.249472 -3.205000
v -1.409722 3.249472 -3.162000
v -1.460472 3.257195 -3.205000
v -1.460472 3.257195 -3.162000
v -1.460472 3.264919 -3.205000
v -1.460472 3.264919 -3.162000
v -1.494306 3.280366 -3.205000
v -1.494306 3.280366 -3.162000
v -1.494306 3.288089 -3.205000
v -1.494306 3.288089 -3.162000
v -1.505583 3.288089 -3.205000
v -1.505583 3.288089 -3.162000
v -1.522500 3.318984 -3.205000
v -1.522500 3.318984 -3.162000
v -1.533778 3.318984 -3.205000
v -1.533778 3.318984 -3.162000
v -1.545056 3.334431 -3.205000
v -1.545056 3.334431 -3.162000
v -1.545056 3.349878 -3.205000
v -1.545056 3.349878 -3.162000
v -1.561972 3.365325 -3.205000
v -1.561972 3.365325 -3.162000
v -1.573250 3.411667 -3.205000
v -1.573250 3.411667 -3.162000
v -1.578889 3.411667 -3.205000
v -1.578889 3.411667 -3.162000
v -1.578889 3.434837 -3.205000
v -1.578889 3.434837 -3.162000
v -1.590167 3.419390 -3.205000
v -1.590167 3.419390 -3.162000
v -1.590167 3.365325 -3.205000
v -1.590167 3.365325 -3.162000
v -1.595806 3.365325 -3.205000
v -1.595806 3.365325 -3.162000
v -1.601444 3.334431 -3.205000
v -1.601444 3.334431 -3.162000
v -1.607083 3.334431 -3.205000
v -1.607083 3.334431 -3.162000
v -1.607083 3.318984 -3.205000
v -1.607083 3.318984 -3.162000
v -1.640917 3.272642 -3.205000
v -1.640917 3.272642 -3.162000
v -1.663472 3.264919 -3.205000
v -1.663472 3.264919 -3.162000
v -1.663472 3.257195 -3.205000
v -1.663472 3.257195 -3.162000
v -1.680389 3.257195 -3.205000
v -1.680389 3.257195 -3.162000
v -1.680389 3.249472 -3.205000
v -1.680389 3.249472 -3.162000
v -1.714222 3.249472 -3.205000
v -1.714222 3.249472 -3.162000
v -1.714222 3.241748 -3.205000
v -1.714222 3.241748 -3.162000
v -1.838278 3.241748 -3.205000
v -1.838278 3.241748 -3.162000
v -1.838278 3.249472 -3.205000
v -1.838278 3.249472 -3.162000
v -1.866472 3.249472 -3.205000
v -1.866472 3.249472 -3.162000
v -1.866472 3.257195 -3.205000
v -1.866472 3.257195 -3.162000
v -1.883389 3.257195 -3.205000
v -1.883389 3.257195 -3.162000
v -1.883389 3.264919 -3.205000
v -1.883389 3.264919 -3.162000
v -1.900306 3.264919 -3.205000
v -1.900306 3.264919 -3.162000
v -1.917222 3.288089 -3.205000
v -1.917222 3.288089 -3.162000
v -1.939778 3.295813 -3.205000
v -1.939778 3.295813 -3.162000
v -1.984889 3.357602 -3.205000
v -1.984889 3.357602 -3.162000
v -1.984889 3.373049 -3.205000
v -1.984889 3.373049 -3.162000
v -2.001806 3.396220 -3.205000
v -2.001806 3.396220 -3.162000
v -2.001806 3.419390 -3.205000
v -2.001806 3.419390 -3.162000
v -2.007444 3.419390 -3.205000
v -2.007444 3.419390 -3.162000
v -2.013083 3.535244 -3.205000
v -2.013083 3.535244 -3.162000
v -2.007444 3.535244 -3.205000
v -2.007444 3.535244 -3.162000
v -2.001806 3.573862 -3.205000
v -2.001806 3.573862 -3.162000
v -1.967972 3.620203 -3.205000
v -1.967972 3.620203 -3.162000
v -1.934139 3.635650 -3.205000
v -1.934139 3.635650 -3.162000
v -1.934139 3.643374 -3.205000
v -1.934139 3.643374 -3.162000
v -1.917222 3.643374 -3.205000
v -1.917222 3.643374 -3.162000
v -1.917222 3.651098 -3.205000
v -1.917222 3.651098 -3.162000
v -1.900306 3.651098 -3.205000
v -1.900306 3.651098 -3.162000
v -1.900306 3.658821 -3.205000
v -1.900306 3.658821 -3.162000
v -1.883389 3.658821 -3.205000
v -1.883389 3.658821 -3.162000
v -1.883389 3.666545 -3.205000
v -1.883389 3.666545 -3.162000
v -1.860833 3.666545 -3.205000
v -1.860833 3.666545 -3.162000
v -1.860833 3.674268 -3.205000
v -1.860833 3.674268 -3.162000
v -1.838278 3.674268 -3.205000
v -1.838278 3.674268 -3.162000
v -1.838278 3.681992 -3.205000
v -1.838278 3.681992 -3.162000
v -1.815722 3.681992 -3.205000
v -1.815722 3.681992 -3.162000
v -1.815722 3.689715 -3.205000
v -1.815722 3.689715 -3.162000
v -1.787528 3.697439 -3.205000
v -1.787528 3.697439 -3.162000
v -1.770611 3.720610 -3.205000
v -1.770611 3.720610 -3.162000
v -1.770611 3.736057 -3.205000
v -1.770611 3.736057 -3.162000
v -1.781889 3.751504 -3.205000
v -1.781889 3.751504 -3.162000
v -1.781889 3.766951 -3.205000
v -1.781889 3.766951 -3.162000
v -1.798806 3.774675 -3.205000
v -1.798806 3.774675 -3.162000
v -1.798806 3.782398 -3.205000
v -1.798806 3.782398 -3.162000
v -1.860833 3.782398 -3.205000
v -1.860833 3.782398 -3.162000
v -1.860833 3.774675 -3.205000
v -1.860833 3.774675 -3.162000
v -1.872111 3.774675 -3.205000
v -1.872111 3.774675 -3.162000
v -1.889028 3.751504 -3.205000
v -1.889028 3.751504 -3.162000
v -1.894667 3.712886 -3.205000
v -1.894667 3.712886 -3.162000
v -2.030000 3.712886 -3.205000
v -2.030000 3.712886 -3.162000
v -2.030000 3.782398 -3.205000
v -2.030000 3.782398 -3.162000
v -2.024361 3.782398 -3.205000
v -2.024361 3.782398 -3.162000
v -2.018722 3.821016 -3.205000
v -2.018722 3.821016 -3.162000
v -2.007444 3.828740 -3.205000
v -2.007444 3.828740 -3.162000
v -2.007444 3.844187 -3.205000
v -2.007444 3.844187 -3.162000
v -1.996167 3.859634 -3.205000
v -1.996167 3.859634 -3.162000
v -1.984889 3.859634 -3.205000
v -1.984889 3.859634 -3.162000
v -1.967972 3.882805 -3.205000
v -1.967972 3.882805 -3.162000
v -1.934139 3.890528 -3.205000
v -1.934139 3.890528 -3.162000
v -1.934139 3.898252 -3.205000
v -1.934139 3.898252 -3.162000
v -1.832639 3.905976 -3.205000
v -1.832639 3.905976 -3.162000
v -1.832639 3.898252 -3.205000
v -1.832639 3.898252 -3.162000
v -1.781889 3.898252 -3.205000
v -1.781889 3.898252 -3.162000
v -1.781889 3.890528 -3.205000
v -1.781889 3.890528 -3.162000
v -1.759333 3.890528 -3.205000
v -1.759333 3.890528 -3.162000
v -1.759333 3.882805 -3.205000
v -1.759333 3.882805 -3.162000
v -1.742417 3.882805 -3.205000
v -1.742417 3.882805 -3.162000
v -1.742417 3.875081 -3.205000
v -1.742417 3.875081 -3.162000
v -1.719861 3.867358 -3.205000
v -1.719861 3.867358 -3.162000
v -1.719861 3.859634 -3.205000
v -1.719861 3.859634 -3.162000
v -1.708583 3.859634 -3.205000
v -1.708583 3.859634 -3.162000
v -1.702944 3.844187 -3.205000
v -1.702944 3.844187 -3.162000
v -1.691667 3.844187 -3.205000
v -1.691667 3.844187 -3.162000
v -1.663472 3.805569 -3.205000
v -1.663472 3.805569 -3.162000
v -1.646556 3.743780 -3.205000
v -1.646556 3.743780 -3.162000
v -1.640917 3.743780 -3.205000
v -1.640917 3.743780 -3.162000
v -1.640917 3.712886 -3.205000
v -1.640917 3.712886 -3.162000
v -1.635278 3.712886 -3.205000
v -1.635278 3.712886 -3.162000
v -1.635278 3.658821 -3.205000
v -1.635278 3.658821 -3.162000
v -1.640917 3.658821 -3.205000
v -1.640917 3.658821 -3.162000
v -1.652194 3.604756 -3.205000
v -1.652194 3.604756 -3.162000
v -1.680389 3.566138 -3.205000
v -1.680389 3.566138 -3.162000
v -1.714222 3.550691 -3.205000
v -1.714222 3.550691 -3.162000
v -1.714222 3.542967 -3.205000
v -1.714222 3.542967 -3.162000
v -1.725500 3.542967 -3.205000
v -1.725500 3.542967 -3.162000
v -1.725500 3.535244 -3.205000
v -1.725500 3.535244 -3.162000
v -1.759333 3.527520 -3.205000
v -1.759333 3.527520 -3.162000
v -1.759333 3.519797 -3.205000
v -1.759333 3.519797 -3.162000
v -1.787528 3.519797 -3.205000
v -1.787528 3.519797 -3.162000
v -1.787528 3.512073 -3.205000
v -1.787528 3.512073 -3.162000
v -1.810083 3.512073 -3.205000
v -1.810083 3.512073 -3.162000
v -1.810083 3.504350 -3.205000
v -1.810083 3.504350 -3.162000
v -1.827000 3.504350 -3.205000
v -1.827000 3.504350 -3.162000
v -1.838278 3.488902 -3.205000
v -1.838278 3.488902 -3.162000
v -1.849556 3.488902 -3.205000
v -1.849556 3.488902 -3.162000
v -1.866472 3.465732 -3.205000
v -1.866472 3.465732 -3.162000
v -1.866472 3.450285 -3.205000
v -1.866472 3.450285 -3.162000
v -1.872111 3.450285 -3.205000
v -1.872111 3.450285 -3.162000
v -1.866472 3.411667 -3.205000
v -1.866472 3.411667 -3.162000
v -1.860833 3.411667 -3.205000
v -1.860833 3.411667 -3.162000
v -1.860833 3.396220 -3.205000
v -1.860833 3.396220 -3.162000
v -1.849556 3.380772 -3.205000
v -1.849556 3.380772 -3.162000
v -1.827000 3.373049 -3.205000
v -1.827000 3.373049 -3.162000
v -1.827000 3.365325 -3.205000
v -1.827000 3.365325 -3.162000
v -1.764972 3.365325 -3.205000
v -1.764972 3.365325 -3.162000
v -1.764972 3.373049 -3.205000
v -1.764972 3.373049 -3.162000
v -1.753694 3.373049 -3.205000
v -1.753694 3.373049 -3.162000
v -1.731139 3.403943 -3.205000
v -1.731139 3.403943 -3.162000
v -1.725500 3.458008 -3.205000
v -1.725500 3.458008 -3.162000
v -1.590167 3.458008 -3.205000
v -1.590167 3.458008 -3.162000
v -1.584528 3.465732 -3.205000
v -1.584528 3.465732 -3.162000
v -1.578889 3.566138 -3.205000
v -1.578889 3.566138 -3.162000
v -1.533778 3.627927 -3.205000
v -1.533778 3.627927 -3.162000
v -1.505583 3.635650 -3.205000
v -1.505583 3.635650 -3.162000
v -1.494306 3.651098 -3.205000
v -1.494306 3.651098 -3.162000
v -1.471750 3.651098 -3.205000
v -1.471750 3.651098 -3.162000
v -1.460472 3.666545 -3.205000
v -1.460472 3.666545 -3.162000
v -1.437917 3.666545 -3.205000
v -1.437917 3.666545 -3.162000
v -1.437917 3.674268 -3.205000
v -1.437917 3.674268 -3.162000
v -1.409722 3.674268 -3.205000
v -1.409722 3.674268 -3.162000
v -1.409722 3.681992 -3.205000
v -1.409722 3.681992 -3.162000
v -1.370250 3.689715 -3.205000
v -1.370250 3.689715 -3.162000
v -1.370250 3.697439 -3.205000
v -1.370250 3.697439 -3.162000
v -1.358972 3.697439 -3.205000
v -1.358972 3.697439 -3.162000
v -1.347694 3.712886 -3.205000
v -1.347694 3.712886 -3.162000
v -1.347694 3.751504 -3.205000
v -1.347694 3.751504 -3.162000
v -1.364611 3.774675 -3.205000
v -1.364611 3.774675 -3.162000
v -1.375889 3.774675 -3.205000
v -1.375889 3.774675 -3.162000
v -1.375889 3.782398 -3.205000
v -1.375889 3.782398 -3.162000
v -1.437917 3.782398 -3.205000
v -1.437917 3.782398 -3.162000
v -1.437917 3.774675 -3.205000
v -1.437917 3.774675 -3.162000
v -1.449194 3.774675 -3.205000
v -1.449194 3.774675 -3.162000
v -1.460472 3.759228 -3.205000
v -1.460472 3.759228 -3.162000
v -1.460472 3.743780 -3.205000
v -1.460472 3.743780 -3.162000
v -1.466111 3.743780 -3.205000
v -1.466111 3.743780 -3.162000
v -1.466111 3.712886 -3.205000
v -1.466111 3.712886 -3.162000
v -1.601444 3.712886 -3.205000
v -1.601444 3.712886 -3.162000
v -1.607083 3.720610 -3.205000
v -1.607083 3.720610 -3.162000
v -1.595806 3.813293 -3.205000
v -1.595806 3.813293 -3.162000
v -1.561972 3.867358 -3.205000
v -1.561972 3.867358 -3.162000
v -1.528139 3.882805 -3.205000
v -1.528139 3.882805 -3.162000
v -1.528139 3.890528 -3.205000
v -1.528139 3.890528 -3.162000
v -1.505583 3.890528 -3.205000
v -1.505583 3.890528 -3.162000
v -1.505583 3.898252 -3.205000
v -1.505583 3.898252 -3.162000
v -1.409722 3.905976 -3.205000
v -1.409722 3.905976 -3.162000
v 1.872111 3.797846 -3.205000
v 1.872111 3.797846 -3.162000
v 1.877750 3.797846 -3.205000
v 1.877750 3.797846 -3.162000
v 1.877750 3.774675 -3.205000
v 1.877750 3.774675 -3.162000
v 1.883389 3.774675 -3.205000
v 1.883389 3.774675 -3.162000
v 1.877750 3.759228 -3.205000
v 1.877750 3.759228 -3.162000
v 1.883389 3.759228 -3.205000
v 1.883389 3.759228 -3.162000
v 1.883389 3.728333 -3.205000
v 1.883389 3.728333 -3.162000
v 1.889028 3.728333 -3.205000
v 1.889028 3.728333 -3.162000
v 1.889028 3.681992 -3.205000
v 1.889028 3.681992 -3.162000
v 1.894667 3.681992 -3.205000
v 1.894667 3.681992 -3.162000
v 1.917222 3.458008 -3.205000
v 1.917222 3.458008 -3.162000
v 1.922861 3.458008 -3.205000
v 1.922861 3.458008 -3.162000
v 1.922861 3.403943 -3.205000
v 1.922861 3.403943 -3.162000
v 1.928500 3.403943 -3.205000
v 1.928500 3.403943 -3.162000
v 1.928500 3.380772 -3.205000
v 1.928500 3.380772 -3.162000
v 1.934139 3.380772 -3.205000
v 1.934139 3.380772 -3.162000
v 1.945417 3.249472 -3.205000
v 1.945417 3.249472 -3.162000
v 1.804444 3.249472 -3.205000
v 1.804444 3.249472 -3.162000
v 1.798806 3.311260 -3.205000
v 1.798806 3.311260 -3.162000
v 1.793167 3.311260 -3.205000
v 1.793167 3.311260 -3.162000
v 1.793167 3.334431 -3.205000
v 1.793167 3.334431 -3.162000
v 1.787528 3.334431 -3.205000
v 1.787528 3.334431 -3.162000
v 1.781889 3.427114 -3.205000
v 1.781889 3.427114 -3.162000
v 1.776250 3.427114 -3.205000
v 1.776250 3.427114 -3.162000
v 1.776250 3.481179 -3.205000
v 1.776250 3.481179 -3.162000
v 1.770611 3.488902 -3.205000
v 1.770611 3.488902 -3.162000
v 1.680389 3.488902 -3.205000
v 1.680389 3.488902 -3.162000
v 1.680389 3.496626 -3.205000
v 1.680389 3.496626 -3.162000
v 1.629639 3.496626 -3.205000
v 1.629639 3.496626 -3.162000
v 1.629639 3.504350 -3.205000
v 1.629639 3.504350 -3.162000
v 1.607083 3.504350 -3.205000
v 1.607083 3.504350 -3.162000
v 1.607083 3.512073 -3.205000
v 1.607083 3.512073 -3.162000
v 1.590167 3.512073 -3.205000
v 1.590167 3.512073 -3.162000
v 1.578889 3.527520 -3.205000
v 1.578889 3.527520 -3.162000
v 1.567611 3.527520 -3.205000
v 1.567611 3.527520 -3.162000
v 1.516861 3.597033 -3.205000
v 1.516861 3.597033 -3.162000
v 1.505583 3.643374 -3.205000
v 1.505583 3.643374 -3.162000
v 1.499944 3.643374 -3.205000
v 1.499944 3.643374 -3.162000
v 1.499944 3.666545 -3.205000
v 1.499944 3.666545 -3.162000
v 1.494306 3.666545 -3.205000
v 1.494306 3.666545 -3.162000
v 1.494306 3.705163 -3.205000
v 1.494306 3.705163 -3.162000
v 1.488667 3.705163 -3.205000
v 1.488667 3.705163 -3.162000
v 1.488667 3.782398 -3.205000
v 1.488667 3.782398 -3.162000
v 1.494306 3.782398 -3.205000
v 1.494306 3.782398 -3.162000
v 1.494306 3.805569 -3.205000
v 1.494306 3.805569 -3.162000
v 1.499944 3.805569 -3.205000
v 1.499944 3.805569 -3.162000
v 1.499944 3.828740 -3.205000
v 1.499944 3.828740 -3.162000
v 1.528139 3.867358 -3.205000
v 1.528139 3.867358 -3.162000
v 1.550694 3.875081 -3.205000
v 1.550694 3.875081 -3.162000
v 1.550694 3.882805 -3.205000
v 1.550694 3.882805 -3.162000
v 1.567611 3.882805 -3.205000
v 1.567611 3.882805 -3.162000
v 1.567611 3.890528 -3.205000
v 1.567611 3.890528 -3.162000
v 1.866472 3.890528 -3.205000
v 1.866472 3.890528 -3.162000
v 0.952972 3.249472 -3.205000
v 0.952972 3.249472 -3.162000
v 0.558250 3.249472 -3.205000
v 0.558250 3.249472 -3.162000
v 0.541333 3.388496 -3.205000
v 0.541333 3.388496 -3.162000
v 0.789444 3.388496 -3.205000
v 0.789444 3.388496 -3.162000
v 0.783806 3.488902 -3.205000
v 0.783806 3.488902 -3.162000
v 0.778167 3.488902 -3.205000
v 0.778167 3.488902 -3.162000
v 0.778167 3.519797 -3.205000
v 0.778167 3.519797 -3.162000
v 0.541333 3.519797 -3.205000
v 0.541333 3.519797 -3.162000
v 0.535694 3.550691 -3.205000
v 0.535694 3.550691 -3.162000
v 0.541333 3.558415 -3.205000
v 0.541333 3.558415 -3.162000
v 0.535694 3.558415 -3.205000
v 0.535694 3.558415 -3.162000
v 0.535694 3.589309 -3.205000
v 0.535694 3.589309 -3.162000
v 0.530056 3.589309 -3.205000
v 0.530056 3.589309 -3.162000
v 0.535694 3.604756 -3.205000
v 0.535694 3.604756 -3.162000
v 0.530056 3.604756 -3.205000
v 0.530056 3.604756 -3.162000
v 0.524417 3.651098 -3.205000
v 0.524417 3.651098 -3.162000
v 0.755611 3.651098 -3.205000
v 0.755611 3.651098 -3.162000
v 0.749972 3.751504 -3.205000
v 0.749972 3.751504 -3.162000
v 0.744333 3.759228 -3.205000
v 0.744333 3.759228 -3.162000
v 0.496222 3.759228 -3.205000
v 0.496222 3.759228 -3.162000
v 0.490583 3.805569 -3.205000
v 0.490583 3.805569 -3.162000
v 0.484944 3.805569 -3.205000
v 0.484944 3.805569 -3.162000
v 0.490583 3.821016 -3.205000
v 0.490583 3.821016 -3.162000
v 0.484944 3.821016 -3.205000
v 0.484944 3.821016 -3.162000
v 0.484944 3.851911 -3.205000
v 0.484944 3.851911 -3.162000
v 0.479306 3.851911 -3.205000
v 0.479306 3.851911 -3.162000
v 0.479306 3.890528 -3.205000
v 0.479306 3.890528 -3.162000
v 0.874028 3.890528 -3.205000
v 0.874028 3.890528 -3.162000
v -0.406000 3.774675 -3.205000
v -0.406000 3.774675 -3.162000
v -0.400361 3.774675 -3.205000
v -0.400361 3.774675 -3.162000
v -0.400361 3.728333 -3.205000
v -0.400361 3.728333 -3.162000
v -0.394722 3.728333 -3.205000
v -0.394722 3.728333 -3.162000
v -0.394722 3.697439 -3.205000
v -0.394722 3.697439 -3.162000
v -0.389083 3.697439 -3.205000
v -0.389083 3.697439 -3.162000
v -0.394722 3.681992 -3.205000
v -0.394722 3.681992 -3.162000
v -0.389083 3.681992 -3.205000
v -0.389083 3.681992 -3.162000
v -0.389083 3.658821 -3.205000
v -0.389083 3.658821 -3.162000
v -0.383444 3.658821 -3.205000
v -0.383444 3.658821 -3.162000
v -0.383444 3.604756 -3.205000
v -0.383444 3.604756 -3.162000
v -0.377806 3.604756 -3.205000
v -0.377806 3.604756 -3.162000
v -0.377806 3.566138 -3.205000
v -0.377806 3.566138 -3.162000
v -0.372167 3.566138 -3.205000
v -0.372167 3.566138 -3.162000
v -0.372167 3.519797 -3.205000
v -0.372167 3.519797 -3.162000
v -0.366528 3.519797 -3.205000
v -0.366528 3.519797 -3.162000
v -0.366528 3.473455 -3.205000
v -0.366528 3.473455 -3.162000
v -0.360889 3.473455 -3.205000
v -0.360889 3.473455 -3.162000
v -0.360889 3.427114 -3.205000
v -0.360889 3.427114 -3.162000
v -0.355250 3.427114 -3.205000
v -0.355250 3.427114 -3.162000
v -0.349611 3.334431 -3.205000
v -0.349611 3.334431 -3.162000
v -0.343972 3.334431 -3.205000
v -0.343972 3.334431 -3.162000
v -0.332694 3.257195 -3.205000
v -0.332694 3.257195 -3.162000
v -0.338333 3.249472 -3.205000
v -0.338333 3.249472 -3.162000
v -0.479306 3.249472 -3.205000
v -0.479306 3.249472 -3.162000
v -0.507500 3.488902 -3.205000
v -0.507500 3.488902 -3.162000
v -0.524417 3.488902 -3.205000
v -0.524417 3.488902 -3.162000
v -0.603361 3.249472 -3.205000
v -0.603361 3.249472 -3.162000
v -0.744333 3.249472 -3.205000
v -0.744333 3.249472 -3.162000
v -0.721778 3.326707 -3.205000
v -0.721778 3.326707 -3.162000
v -0.716139 3.326707 -3.205000
v -0.716139 3.326707 -3.162000
v -0.716139 3.349878 -3.205000
v -0.716139 3.349878 -3.162000
v -0.704861 3.365325 -3.205000
v -0.704861 3.365325 -3.162000
v -0.704861 3.380772 -3.205000
v -0.704861 3.380772 -3.162000
v -0.699222 3.380772 -3.205000
v -0.699222 3.380772 -3.162000
v -0.699222 3.403943 -3.205000
v -0.699222 3.403943 -3.162000
v -0.687944 3.419390 -3.205000
v -0.687944 3.419390 -3.162000
v -0.687944 3.434837 -3.205000
v -0.687944 3.434837 -3.162000
v -0.682306 3.434837 -3.205000
v -0.682306 3.434837 -3.162000
v -0.682306 3.450285 -3.205000
v -0.682306 3.450285 -3.162000
v -0.676667 3.450285 -3.205000
v -0.676667 3.450285 -3.162000
v -0.665389 3.504350 -3.205000
v -0.665389 3.504350 -3.162000
v -0.682306 3.504350 -3.205000
v -0.682306 3.504350 -3.162000
v -0.693583 3.519797 -3.205000
v -0.693583 3.519797 -3.162000
v -0.716139 3.527520 -3.205000
v -0.716139 3.527520 -3.162000
v -0.761250 3.589309 -3.205000
v -0.761250 3.589309 -3.162000
v -0.778167 3.651098 -3.205000
v -0.778167 3.651098 -3.162000
v -0.783806 3.651098 -3.205000
v -0.783806 3.651098 -3.162000
v -0.789444 3.797846 -3.205000
v -0.789444 3.797846 -3.162000
v -0.783806 3.797846 -3.205000
v -0.783806 3.797846 -3.162000
v -0.778167 3.828740 -3.205000
v -0.778167 3.828740 -3.162000
v -0.772528 3.828740 -3.205000
v -0.772528 3.828740 -3.162000
v -0.772528 3.844187 -3.205000
v -0.772528 3.844187 -3.162000
v -0.755611 3.851911 -3.205000
v -0.755611 3.851911 -3.162000
v -0.744333 3.875081 -3.205000
v -0.744333 3.875081 -3.162000
v -0.704861 3.882805 -3.205000
v -0.704861 3.882805 -3.162000
v -0.704861 3.890528 -3.205000
v -0.704861 3.890528 -3.162000
v -0.417278 3.890528 -3.205000
v -0.417278 3.890528 -3.162000
v -0.817639 3.774675 -3.205000
v -0.817639 3.774675 -3.162000
v -0.812000 3.774675 -3.205000
v -0.812000 3.774675 -3.162000
v -0.812000 3.728333 -3.205000
v -0.812000 3.728333 -3.162000
v -0.806361 3.728333 -3.205000
v -0.806361 3.728333 -3.162000
v -0.806361 3.681992 -3.205000
v -0.806361 3.681992 -3.162000
v -0.800722 3.681992 -3.205000
v -0.800722 3.681992 -3.162000
v -0.800722 3.635650 -3.205000
v -0.800722 3.635650 -3.162000
v -0.795083 3.635650 -3.205000
v -0.795083 3.635650 -3.162000
v -0.795083 3.597033 -3.205000
v -0.795083 3.597033 -3.162000
v -0.789444 3.597033 -3.205000
v -0.789444 3.597033 -3.162000
v -0.789444 3.542967 -3.205000
v -0.789444 3.542967 -3.162000
v -0.783806 3.542967 -3.205000
v -0.783806 3.542967 -3.162000
v -0.778167 3.473455 -3.205000
v -0.778167 3.473455 -3.162000
v -0.772528 3.473455 -3.205000
v -0.772528 3.473455 -3.162000
v -0.749972 3.249472 -3.205000
v -0.749972 3.249472 -3.162000
v -1.139056 3.249472 -3.205000
v -1.139056 3.249472 -3.162000
v -1.144694 3.295813 -3.205000
v -1.144694 3.295813 -3.162000
v -1.150333 3.295813 -3.205000
v -1.150333 3.295813 -3.162000
v -1.155972 3.373049 -3.205000
v -1.155972 3.373049 -3.162000
v -1.161611 3.373049 -3.205000
v -1.161611 3.373049 -3.162000
v -1.155972 3.388496 -3.205000
v -1.155972 3.388496 -3.162000
v -0.913500 3.388496 -3.205000
v -0.913500 3.388496 -3.162000
v -0.907861 3.411667 -3.205000
v -0.907861 3.411667 -3.162000
v -0.913500 3.411667 -3.205000
v -0.913500 3.411667 -3.162000
v -0.913500 3.434837 -3.205000
v -0.913500 3.434837 -3.162000
v -0.919139 3.434837 -3.205000
v -0.919139 3.434837 -3.162000
v -0.913500 3.450285 -3.205000
v -0.913500 3.450285 -3.162000
v -0.919139 3.450285 -3.205000
v -0.919139 3.450285 -3.162000
v -0.919139 3.481179 -3.205000
v -0.919139 3.481179 -3.162000
v -0.924778 3.481179 -3.205000
v -0.924778 3.481179 -3.162000
v -0.924778 3.519797 -3.205000
v -0.924778 3.519797 -3.162000
v -1.155972 3.519797 -3.205000
v -1.155972 3.519797 -3.162000
v -1.161611 3.550691 -3.205000
v -1.161611 3.550691 -3.162000
v -1.167250 3.550691 -3.205000
v -1.167250 3.550691 -3.162000
v -1.167250 3.597033 -3.205000
v -1.167250 3.597033 -3.162000
v -1.172889 3.597033 -3.205000
v -1.172889 3.597033 -3.162000
v -1.172889 3.643374 -3.205000
v -1.172889 3.643374 -3.162000
v -1.178528 3.651098 -3.205000
v -1.178528 3.651098 -3.162000
v -0.947333 3.651098 -3.205000
v -0.947333 3.651098 -3.162000
v -0.941694 3.666545 -3.205000
v -0.941694 3.666545 -3.162000
v -0.947333 3.666545 -3.205000
v -0.947333 3.666545 -3.162000
v -0.947333 3.712886 -3.205000
v -0.947333 3.712886 -3.162000
v -0.952972 3.712886 -3.205000
v -0.952972 3.712886 -3.162000
v -0.958611 3.759228 -3.205000
v -0.958611 3.759228 -3.162000
v -1.206722 3.759228 -3.205000
v -1.206722 3.759228 -3.162000
v -1.223639 3.890528 -3.205000
v -1.223639 3.890528 -3.162000
v -0.828917 3.890528 -3.205000
v -0.828917 3.890528 -3.162000
v 1.669111 3.766951 -3.205000
v 1.669111 3.766951 -3.162000
v 1.669111 3.759228 -3.205000
v 1.669111 3.759228 -3.162000
v 1.652194 3.759228 -3.205000
v 1.652194 3.759228 -3.162000
v 1.635278 3.736057 -3.205000
v 1.635278 3.736057 -3.162000
v 1.629639 3.697439 -3.205000
v 1.629639 3.697439 -3.162000
v 1.635278 3.697439 -3.205000
v 1.635278 3.697439 -3.162000
v 1.635278 3.674268 -3.205000
v 1.635278 3.674268 -3.162000
v 1.640917 3.674268 -3.205000
v 1.640917 3.674268 -3.162000
v 1.640917 3.658821 -3.205000
v 1.640917 3.658821 -3.162000
v 1.663472 3.627927 -3.205000
v 1.663472 3.627927 -3.162000
v 1.686028 3.627927 -3.205000
v 1.686028 3.627927 -3.162000
v 1.686028 3.620203 -3.205000
v 1.686028 3.620203 -3.162000
v 1.753694 3.620203 -3.205000
v 1.753694 3.620203 -3.162000
v 1.753694 3.666545 -3.205000
v 1.753694 3.666545 -3.162000
v 1.748056 3.666545 -3.205000
v 1.748056 3.666545 -3.162000
v 1.748056 3.689715 -3.205000
v 1.748056 3.689715 -3.162000
v 1.742417 3.689715 -3.205000
v 1.742417 3.689715 -3.162000
v 1.748056 3.705163 -3.205000
v 1.748056 3.705163 -3.162000
v 1.742417 3.705163 -3.205000
v 1.742417 3.705163 -3.162000
v 1.742417 3.736057 -3.205000
v 1.742417 3.736057 -3.162000
v 1.736778 3.736057 -3.205000
v 1.736778 3.736057 -3.162000
v 1.736778 3.766951 -3.205000
v 1.736778 3.766951 -3.162000
v 1.731139 3.766951 -3.205000
v 1.731139 3.766951 -3.162000
v -0.186083 3.766951 -3.205000
v -0.186083 3.766951 -3.162000
v -0.186083 3.759228 -3.205000
v -0.186083 3.759228 -3.162000
v -0.214278 3.759228 -3.205000
v -0.214278 3.759228 -3.162000
v -0.231194 3.736057 -3.205000
v -0.231194 3.736057 -3.162000
v -0.225556 3.658821 -3.205000
v -0.225556 3.658821 -3.162000
v -0.203000 3.627927 -3.205000
v -0.203000 3.627927 -3.162000
v -0.186083 3.627927 -3.205000
v -0.186083 3.627927 -3.162000
v -0.186083 3.620203 -3.205000
v -0.186083 3.620203 -3.162000
v -0.112778 3.620203 -3.205000
v -0.112778 3.620203 -3.162000
v -0.124056 3.759228 -3.205000
v -0.124056 3.759228 -3.162000
v -0.135333 3.766951 -3.205000
v -0.135333 3.766951 -3.162000
v -0.603361 3.766951 -3.205000
v -0.603361 3.766951 -3.162000
v -0.603361 3.759228 -3.205000
v -0.603361 3.759228 -3.162000
v -0.625917 3.759228 -3.205000
v -0.625917 3.759228 -3.162000
v -0.648472 3.728333 -3.205000
v -0.648472 3.728333 -3.162000
v -0.642833 3.658821 -3.205000
v -0.642833 3.658821 -3.162000
v -0.625917 3.635650 -3.205000
v -0.625917 3.635650 -3.162000
v -0.603361 3.627927 -3.205000
v -0.603361 3.627927 -3.162000
v -0.603361 3.620203 -3.205000
v -0.603361 3.620203 -3.162000
v -0.524417 3.620203 -3.205000
v -0.524417 3.620203 -3.162000
v -0.530056 3.666545 -3.205000
v -0.530056 3.666545 -3.162000
v -0.535694 3.666545 -3.205000
v -0.535694 3.666545 -3.162000
v -0.535694 3.712886 -3.205000
v -0.535694 3.712886 -3.162000
v -0.541333 3.712886 -3.205000
v -0.541333 3.712886 -3.162000
v -0.541333 3.759228 -3.205000
v -0.541333 3.759228 -3.162000
v -0.552611 3.766951 -3.205000
v -0.552611 3.766951 -3.162000
v 0.084583 4.029553 -3.198000
v 0.084583 4.014106 -3.198000
v 0.146611 3.929146 -3.198000
v 0.146611 3.913699 -3.198000
v 0.174806 3.882805 -3.198000
v 0.174806 3.867358 -3.198000
v 0.208639 3.828740 -3.198000
v 0.208639 3.813293 -3.198000
v 0.236833 3.782398 -3.198000
v 0.236833 3.766951 -3.198000
v 0.253750 3.743780 -3.198000
v 0.265028 3.743780 -3.198000
v 0.310139 3.890528 -3.198000
v 0.473667 3.890528 -3.198000
v 0.428556 3.751504 -3.198000
v 0.422917 3.751504 -3.198000
v 0.422917 3.736057 -3.198000
v 0.417278 3.736057 -3.198000
v 0.417278 3.720610 -3.198000
v 0.406000 3.705163 -3.198000
v 0.406000 3.689715 -3.198000
v 0.400361 3.689715 -3.198000
v 0.400361 3.674268 -3.198000
v 0.394722 3.674268 -3.198000
v 0.394722 3.658821 -3.198000
v 0.389083 3.658821 -3.198000
v 0.389083 3.643374 -3.198000
v 0.383444 3.643374 -3.198000
v 0.383444 3.627927 -3.198000
v 0.377806 3.627927 -3.198000
v 0.377806 3.612480 -3.198000
v 0.372167 3.612480 -3.198000
v 0.372167 3.597033 -3.198000
v 0.366528 3.597033 -3.198000
v 0.366528 3.581585 -3.198000
v 0.360889 3.581585 -3.198000
v 0.360889 3.566138 -3.198000
v 0.406000 3.504350 -3.198000
v 0.406000 3.488902 -3.198000
v 0.439833 3.450285 -3.198000
v 0.439833 3.434837 -3.198000
v 0.468028 3.403943 -3.198000
v 0.468028 3.388496 -3.198000
v 0.490583 3.365325 -3.198000
v 0.490583 3.349878 -3.198000
v 0.518778 3.318984 -3.198000
v 0.518778 3.303537 -3.198000
v 0.552611 3.264919 -3.198000
v 0.552611 3.249472 -3.198000
v 0.586444 3.210854 -3.198000
v 0.586444 3.195407 -3.198000
v 0.614639 3.164512 -3.198000
v 0.614639 3.149065 -3.198000
v 0.648472 3.110447 -3.198000
v 0.648472 3.095000 -3.198000
v 0.490583 3.095000 -3.198000
v 0.462389 3.133618 -3.198000
v 0.462389 3.149065 -3.198000
v 0.434194 3.179959 -3.198000
v 0.434194 3.195407 -3.198000
v 0.400361 3.234024 -3.198000
v 0.400361 3.249472 -3.198000
v 0.383444 3.264919 -3.198000
v 0.383444 3.280366 -3.198000
v 0.321417 3.365325 -3.198000
v 0.321417 3.380772 -3.198000
v 0.310139 3.396220 -3.198000
v 0.293222 3.388496 -3.198000
v 0.248111 3.249472 -3.198000
v 0.090222 3.249472 -3.198000
v 0.090222 3.272642 -3.198000
v 0.095861 3.272642 -3.198000
v 0.140972 3.411667 -3.198000
v 0.146611 3.411667 -3.198000
v 0.146611 3.434837 -3.198000
v 0.152250 3.434837 -3.198000
v 0.174806 3.512073 -3.198000
v 0.180444 3.512073 -3.198000
v 0.180444 3.527520 -3.198000
v 0.186083 3.527520 -3.198000
v 0.191722 3.558415 -3.198000
v 0.197361 3.558415 -3.198000
v 0.197361 3.581585 -3.198000
v 0.146611 3.651098 -3.198000
v 0.146611 3.666545 -3.198000
v 0.112778 3.705163 -3.198000
v 0.112778 3.720610 -3.198000
v 0.084583 3.751504 -3.198000
v 0.084583 3.766951 -3.198000
v 0.050750 3.805569 -3.198000
v 0.050750 3.821016 -3.198000
v 0.022556 3.851911 -3.198000
v 0.022556 3.867358 -3.198000
v 0.005639 3.890528 -3.198000
v 0.000000 3.890528 -3.198000
v 0.000000 3.875081 -3.198000
v 0.005639 3.875081 -3.198000
v 0.005639 3.836463 -3.198000
v 0.011278 3.836463 -3.198000
v 0.011278 3.782398 -3.198000
v 0.016917 3.782398 -3.198000
v 0.016917 3.743780 -3.198000
v 0.022556 3.743780 -3.198000
v 0.033833 3.604756 -3.198000
v 0.039472 3.604756 -3.198000
v 0.039472 3.573862 -3.198000
v 0.045111 3.573862 -3.198000
v 0.039472 3.558415 -3.198000
v 0.045111 3.558415 -3.198000
v 0.045111 3.527520 -3.198000
v 0.050750 3.527520 -3.198000
v 0.062028 3.388496 -3.198000
v 0.067667 3.388496 -3.198000
v 0.084583 3.249472 -3.198000
v -0.056389 3.249472 -3.198000
v -0.062028 3.272642 -3.198000
v -0.067667 3.272642 -3.198000
v -0.067667 3.326707 -3.198000
v -0.073306 3.326707 -3.198000
v -0.073306 3.373049 -3.198000
v -0.078944 3.373049 -3.198000
v -0.078944 3.411667 -3.198000
v -0.084583 3.411667 -3.198000
v -0.090222 3.488902 -3.198000
v -0.203000 3.488902 -3.198000
v -0.203000 3.496626 -3.198000
v -0.242472 3.496626 -3.198000
v -0.242472 3.504350 -3.198000
v -0.259389 3.504350 -3.198000
v -0.259389 3.512073 -3.198000
v -0.276306 3.512073 -3.198000
v -0.287583 3.527520 -3.198000
v -0.298861 3.527520 -3.198000
v -0.343972 3.589309 -3.198000
v -0.360889 3.651098 -3.198000
v -0.366528 3.651098 -3.198000
v -0.366528 3.681992 -3.198000
v -0.372167 3.681992 -3.198000
v -0.372167 3.797846 -3.198000
v -0.360889 3.813293 -3.198000
v -0.360889 3.828740 -3.198000
v -0.349611 3.836463 -3.198000
v -0.349611 3.851911 -3.198000
v -0.338333 3.851911 -3.198000
v -0.332694 3.867358 -3.198000
v -0.310139 3.875081 -3.198000
v -0.310139 3.882805 -3.198000
v -0.293222 3.882805 -3.198000
v -0.293222 3.890528 -3.198000
v 0.000000 3.890528 -3.198000
v 0.000000 3.905976 -3.198000
v -0.028194 3.936870 -3.198000
v -0.028194 3.952317 -3.198000
v -0.062028 3.990935 -3.198000
v -0.062028 4.006382 -3.198000
v -0.090222 4.045000 -3.198000
v 0.073306 4.045000 -3.198000
v 1.257472 3.998659 -3.198000
v 1.296944 3.998659 -3.198000
v 1.296944 3.990935 -3.198000
v 1.336417 3.983211 -3.198000
v 1.347694 3.967764 -3.198000
v 1.364611 3.967764 -3.198000
v 1.364611 3.960041 -3.198000
v 1.398444 3.944593 -3.198000
v 1.398444 3.936870 -3.198000
v 1.409722 3.936870 -3.198000
v 1.409722 3.929146 -3.198000
v 1.421000 3.929146 -3.198000
v 1.443556 3.898252 -3.198000
v 1.454833 3.898252 -3.198000
v 1.483028 3.944593 -3.198000
v 1.516861 3.960041 -3.198000
v 1.516861 3.967764 -3.198000
v 1.528139 3.967764 -3.198000
v 1.528139 3.975488 -3.198000
v 1.545056 3.975488 -3.198000
v 1.545056 3.983211 -3.198000
v 1.567611 3.983211 -3.198000
v 1.567611 3.990935 -3.198000
v 1.922861 3.990935 -3.198000
v 1.928500 3.944593 -3.198000
v 1.934139 3.944593 -3.198000
v 1.928500 3.929146 -3.198000
v 1.934139 3.929146 -3.198000
v 1.934139 3.898252 -3.198000
v 1.939778 3.898252 -3.198000
v 1.939778 3.851911 -3.198000
v 1.945417 3.851911 -3.198000
v 1.945417 3.805569 -3.198000
v 1.951056 3.805569 -3.198000
v 1.951056 3.759228 -3.198000
v 1.956694 3.759228 -3.198000
v 1.956694 3.712886 -3.198000
v 1.962333 3.712886 -3.198000
v 1.962333 3.666545 -3.198000
v 1.967972 3.666545 -3.198000
v 1.967972 3.627927 -3.198000
v 1.973611 3.627927 -3.198000
v 1.973611 3.589309 -3.198000
v 1.979250 3.589309 -3.198000
v 1.973611 3.573862 -3.198000
v 1.979250 3.573862 -3.198000
v 1.979250 3.550691 -3.198000
v 1.984889 3.550691 -3.198000
v 1.984889 3.496626 -3.198000
v 1.990528 3.496626 -3.198000
v 1.990528 3.458008 -3.198000
v 1.996167 3.458008 -3.198000
v 1.996167 3.403943 -3.198000
v 2.001806 3.403943 -3.198000
v 2.001806 3.365325 -3.198000
v 2.007444 3.365325 -3.198000
v 2.018722 3.226301 -3.198000
v 2.024361 3.226301 -3.198000
v 2.024361 3.195407 -3.198000
v 2.030000 3.195407 -3.198000
v 2.024361 3.179959 -3.198000
v 2.030000 3.179959 -3.198000
v 2.030000 3.149065 -3.198000
v 1.742417 3.149065 -3.198000
v 1.714222 3.388496 -3.198000
v 1.629639 3.396220 -3.198000
v 1.629639 3.403943 -3.198000
v 1.584528 3.411667 -3.198000
v 1.584528 3.419390 -3.198000
v 1.573250 3.411667 -3.198000
v 1.573250 3.388496 -3.198000
v 1.567611 3.388496 -3.198000
v 1.567611 3.365325 -3.198000
v 1.561972 3.365325 -3.198000
v 1.550694 3.311260 -3.198000
v 1.539417 3.303537 -3.198000
v 1.539417 3.288089 -3.198000
v 1.522500 3.272642 -3.198000
v 1.522500 3.257195 -3.198000
v 1.505583 3.234024 -3.198000
v 1.494306 3.234024 -3.198000
v 1.477389 3.203130 -3.198000
v 1.454833 3.195407 -3.198000
v 1.449194 3.179959 -3.198000
v 1.432278 3.179959 -3.198000
v 1.421000 3.164512 -3.198000
v 1.409722 3.164512 -3.198000
v 1.409722 3.156789 -3.198000
v 1.387167 3.156789 -3.198000
v 1.387167 3.149065 -3.198000
v 1.347694 3.149065 -3.198000
v 1.347694 3.141341 -3.198000
v 1.268750 3.141341 -3.198000
v 1.268750 3.149065 -3.198000
v 1.195444 3.156789 -3.198000
v 1.195444 3.164512 -3.198000
v 1.178528 3.164512 -3.198000
v 1.178528 3.172236 -3.198000
v 1.161611 3.172236 -3.198000
v 1.161611 3.179959 -3.198000
v 1.144694 3.179959 -3.198000
v 1.144694 3.187683 -3.198000
v 1.110861 3.203130 -3.198000
v 1.110861 3.210854 -3.198000
v 1.099583 3.210854 -3.198000
v 1.093944 3.226301 -3.198000
v 1.082667 3.226301 -3.198000
v 1.077028 3.241748 -3.198000
v 1.065750 3.241748 -3.198000
v 1.020639 3.303537 -3.198000
v 1.009361 3.342154 -3.198000
v 0.998083 3.349878 -3.198000
v 0.969889 3.442561 -3.198000
v 0.964250 3.442561 -3.198000
v 0.958611 3.488902 -3.198000
v 0.952972 3.488902 -3.198000
v 0.936056 3.651098 -3.198000
v 0.941694 3.651098 -3.198000
v 0.941694 3.736057 -3.198000
v 0.947333 3.736057 -3.198000
v 0.952972 3.790122 -3.198000
v 0.964250 3.805569 -3.198000
v 0.964250 3.828740 -3.198000
v 0.981167 3.851911 -3.198000
v 0.981167 3.867358 -3.198000
v 1.031917 3.936870 -3.198000
v 1.043194 3.936870 -3.198000
v 1.048833 3.952317 -3.198000
v 1.082667 3.967764 -3.198000
v 1.082667 3.975488 -3.198000
v 1.093944 3.975488 -3.198000
v 1.093944 3.983211 -3.198000
v 1.110861 3.983211 -3.198000
v 1.110861 3.990935 -3.198000
v 1.133417 3.990935 -3.198000
v 1.133417 3.998659 -3.198000
v 1.167250 3.998659 -3.198000
v 1.167250 4.006382 -3.198000
v 1.257472 4.006382 -3.198000
v 1.172889 3.975488 -3.198000
v 1.172889 3.967764 -3.198000
v 1.139056 3.967764 -3.198000
v 1.139056 3.960041 -3.198000
v 1.099583 3.952317 -3.198000
v 1.099583 3.944593 -3.198000
v 1.077028 3.936870 -3.198000
v 1.077028 3.929146 -3.198000
v 1.065750 3.929146 -3.198000
v 1.065750 3.921423 -3.198000
v 1.054472 3.921423 -3.198000
v 0.992444 3.836463 -3.198000
v 0.981167 3.782398 -3.198000
v 0.975528 3.782398 -3.198000
v 0.975528 3.759228 -3.198000
v 0.969889 3.759228 -3.198000
v 0.969889 3.720610 -3.198000
v 0.964250 3.720610 -3.198000
v 0.964250 3.689715 -3.198000
v 0.958611 3.689715 -3.198000
v 0.958611 3.597033 -3.198000
v 0.964250 3.597033 -3.198000
v 0.975528 3.496626 -3.198000
v 0.981167 3.496626 -3.198000
v 0.986806 3.450285 -3.198000
v 0.998083 3.434837 -3.198000
v 1.003722 3.396220 -3.198000
v 1.020639 3.373049 -3.198000
v 1.020639 3.357602 -3.198000
v 1.031917 3.349878 -3.198000
v 1.031917 3.334431 -3.198000
v 1.088306 3.257195 -3.198000
v 1.099583 3.257195 -3.198000
v 1.105222 3.241748 -3.198000
v 1.139056 3.226301 -3.198000
v 1.139056 3.218577 -3.198000
v 1.150333 3.218577 -3.198000
v 1.150333 3.210854 -3.198000
v 1.161611 3.210854 -3.198000
v 1.161611 3.203130 -3.198000
v 1.201083 3.195407 -3.198000
v 1.201083 3.187683 -3.198000
v 1.229278 3.187683 -3.198000
v 1.229278 3.179959 -3.198000
v 1.336417 3.172236 -3.198000
v 1.336417 3.179959 -3.198000
v 1.381528 3.179959 -3.198000
v 1.381528 3.187683 -3.198000
v 1.404083 3.187683 -3.198000
v 1.404083 3.195407 -3.198000
v 1.437917 3.210854 -3.198000
v 1.437917 3.218577 -3.198000
v 1.449194 3.218577 -3.198000
v 1.449194 3.226301 -3.198000
v 1.460472 3.226301 -3.198000
v 1.466111 3.241748 -3.198000
v 1.477389 3.241748 -3.198000
v 1.511222 3.288089 -3.198000
v 1.511222 3.303537 -3.198000
v 1.528139 3.318984 -3.198000
v 1.539417 3.365325 -3.198000
v 1.545056 3.365325 -3.198000
v 1.550694 3.411667 -3.198000
v 1.556333 3.411667 -3.198000
v 1.556333 3.458008 -3.198000
v 1.573250 3.458008 -3.198000
v 1.573250 3.450285 -3.198000
v 1.590167 3.450285 -3.198000
v 1.590167 3.442561 -3.198000
v 1.607083 3.442561 -3.198000
v 1.607083 3.434837 -3.198000
v 1.635278 3.434837 -3.198000
v 1.635278 3.427114 -3.198000
v 1.731139 3.427114 -3.198000
v 1.748056 3.272642 -3.198000
v 1.753694 3.272642 -3.198000
v 1.753694 3.218577 -3.198000
v 1.759333 3.218577 -3.198000
v 1.764972 3.179959 -3.198000
v 1.770611 3.187683 -3.198000
v 1.996167 3.187683 -3.198000
v 2.001806 3.179959 -3.198000
v 1.996167 3.280366 -3.198000
v 1.990528 3.280366 -3.198000
v 1.990528 3.311260 -3.198000
v 1.984889 3.311260 -3.198000
v 1.990528 3.326707 -3.198000
v 1.984889 3.326707 -3.198000
v 1.984889 3.357602 -3.198000
v 1.979250 3.357602 -3.198000
v 1.956694 3.589309 -3.198000
v 1.951056 3.589309 -3.198000
v 1.951056 3.627927 -3.198000
v 1.945417 3.627927 -3.198000
v 1.945417 3.681992 -3.198000
v 1.939778 3.681992 -3.198000
v 1.939778 3.705163 -3.198000
v 1.934139 3.705163 -3.198000
v 1.939778 3.720610 -3.198000
v 1.934139 3.720610 -3.198000
v 1.934139 3.759228 -3.198000
v 1.928500 3.759228 -3.198000
v 1.928500 3.797846 -3.198000
v 1.922861 3.797846 -3.198000
v 1.922861 3.844187 -3.198000
v 1.917222 3.844187 -3.198000
v 1.905944 3.960041 -3.198000
v 1.573250 3.960041 -3.198000
v 1.573250 3.952317 -3.198000
v 1.550694 3.952317 -3.198000
v 1.550694 3.944593 -3.198000
v 1.533778 3.944593 -3.198000
v 1.522500 3.929146 -3.198000
v 1.511222 3.929146 -3.198000
v 1.511222 3.921423 -3.198000
v 1.499944 3.921423 -3.198000
v 1.460472 3.867358 -3.198000
v 1.460472 3.851911 -3.198000
v 1.449194 3.851911 -3.198000
v 1.415361 3.898252 -3.198000
v 1.392806 3.905976 -3.198000
v 1.387167 3.921423 -3.198000
v 1.364611 3.929146 -3.198000
v 1.364611 3.936870 -3.198000
v 1.347694 3.936870 -3.198000
v 1.347694 3.944593 -3.198000
v 1.330778 3.944593 -3.198000
v 1.330778 3.952317 -3.198000
v 1.313861 3.952317 -3.198000
v 1.313861 3.960041 -3.198000
v 1.257472 3.967764 -3.198000
v 1.251833 3.975488 -3.198000
v 1.257472 3.898252 -3.198000
v 1.291306 3.898252 -3.198000
v 1.291306 3.890528 -3.198000
v 1.313861 3.890528 -3.198000
v 1.313861 3.882805 -3.198000
v 1.330778 3.882805 -3.198000
v 1.330778 3.875081 -3.198000
v 1.347694 3.875081 -3.198000
v 1.358972 3.859634 -3.198000
v 1.370250 3.859634 -3.198000
v 1.375889 3.844187 -3.198000
v 1.387167 3.844187 -3.198000
v 1.392806 3.828740 -3.198000
v 1.404083 3.828740 -3.198000
v 1.443556 3.774675 -3.198000
v 1.460472 3.720610 -3.198000
v 1.471750 3.712886 -3.198000
v 1.477389 3.674268 -3.198000
v 1.488667 3.658821 -3.198000
v 1.488667 3.635650 -3.198000
v 1.494306 3.635650 -3.198000
v 1.494306 3.612480 -3.198000
v 1.499944 3.612480 -3.198000
v 1.499944 3.581585 -3.198000
v 1.505583 3.581585 -3.198000
v 1.505583 3.419390 -3.198000
v 1.499944 3.419390 -3.198000
v 1.488667 3.357602 -3.198000
v 1.477389 3.349878 -3.198000
v 1.477389 3.334431 -3.198000
v 1.437917 3.280366 -3.198000
v 1.415361 3.272642 -3.198000
v 1.415361 3.264919 -3.198000
v 1.398444 3.264919 -3.198000
v 1.398444 3.257195 -3.198000
v 1.381528 3.257195 -3.198000
v 1.381528 3.249472 -3.198000
v 1.353333 3.249472 -3.198000
v 1.353333 3.241748 -3.198000
v 1.246194 3.241748 -3.198000
v 1.246194 3.249472 -3.198000
v 1.212361 3.249472 -3.198000
v 1.212361 3.257195 -3.198000
v 1.178528 3.264919 -3.198000
v 1.167250 3.280366 -3.198000
v 1.155972 3.280366 -3.198000
v 1.155972 3.288089 -3.198000
v 1.144694 3.288089 -3.198000
v 1.139056 3.303537 -3.198000
v 1.127778 3.303537 -3.198000
v 1.065750 3.388496 -3.198000
v 1.065750 3.403943 -3.198000
v 1.054472 3.411667 -3.198000
v 1.043194 3.458008 -3.198000
v 1.037556 3.458008 -3.198000
v 1.031917 3.504350 -3.198000
v 1.026278 3.504350 -3.198000
v 1.026278 3.519797 -3.198000
v 1.172889 3.519797 -3.198000
v 1.172889 3.496626 -3.198000
v 1.178528 3.496626 -3.198000
v 1.189806 3.450285 -3.198000
v 1.195444 3.450285 -3.198000
v 1.195444 3.434837 -3.198000
v 1.206722 3.419390 -3.198000
v 1.218000 3.419390 -3.198000
v 1.223639 3.403943 -3.198000
v 1.234917 3.403943 -3.198000
v 1.234917 3.396220 -3.198000
v 1.251833 3.396220 -3.198000
v 1.251833 3.388496 -3.198000
v 1.313861 3.388496 -3.198000
v 1.313861 3.396220 -3.198000
v 1.336417 3.403943 -3.198000
v 1.353333 3.427114 -3.198000
v 1.353333 3.450285 -3.198000
v 1.364611 3.465732 -3.198000
v 1.364611 3.550691 -3.198000
v 1.358972 3.550691 -3.198000
v 1.358972 3.581585 -3.198000
v 1.353333 3.581585 -3.198000
v 1.353333 3.612480 -3.198000
v 1.347694 3.612480 -3.198000
v 1.347694 3.643374 -3.198000
v 1.336417 3.658821 -3.198000
v 1.336417 3.674268 -3.198000
v 1.330778 3.674268 -3.198000
v 1.330778 3.689715 -3.198000
v 1.296944 3.736057 -3.198000
v 1.274389 3.743780 -3.198000
v 1.274389 3.751504 -3.198000
v 1.223639 3.759228 -3.198000
v 1.223639 3.751504 -3.198000
v 1.201083 3.751504 -3.198000
v 1.189806 3.736057 -3.198000
v 1.178528 3.736057 -3.198000
v 1.172889 3.712886 -3.198000
v 1.161611 3.705163 -3.198000
v 1.150333 3.651098 -3.198000
v 1.015000 3.651098 -3.198000
v 1.009361 3.658821 -3.198000
v 1.009361 3.712886 -3.198000
v 1.015000 3.712886 -3.198000
v 1.015000 3.736057 -3.198000
v 1.020639 3.736057 -3.198000
v 1.020639 3.759228 -3.198000
v 1.026278 3.759228 -3.198000
v 1.026278 3.782398 -3.198000
v 1.048833 3.813293 -3.198000
v 1.048833 3.828740 -3.198000
v 1.060111 3.844187 -3.198000
v 1.071389 3.844187 -3.198000
v 1.082667 3.867358 -3.198000
v 1.105222 3.875081 -3.198000
v 1.105222 3.882805 -3.198000
v 1.122139 3.882805 -3.198000
v 1.122139 3.890528 -3.198000
v 1.144694 3.890528 -3.198000
v 1.144694 3.898252 -3.198000
v 1.178528 3.898252 -3.198000
v 1.178528 3.905976 -3.198000
v 1.257472 3.905976 -3.198000
v -1.409722 3.898252 -3.198000
v -1.358972 3.898252 -3.198000
v -1.358972 3.890528 -3.198000
v -1.330778 3.890528 -3.198000
v -1.319500 3.875081 -3.198000
v -1.291306 3.867358 -3.198000
v -1.285667 3.851911 -3.198000
v -1.274389 3.851911 -3.198000
v -1.234917 3.797846 -3.198000
v -1.234917 3.782398 -3.198000
v -1.223639 3.774675 -3.198000
v -1.218000 3.720610 -3.198000
v -1.212361 3.720610 -3.198000
v -1.212361 3.643374 -3.198000
v -1.218000 3.643374 -3.198000
v -1.218000 3.620203 -3.198000
v -1.229278 3.612480 -3.198000
v -1.229278 3.597033 -3.198000
v -1.240556 3.581585 -3.198000
v -1.251833 3.581585 -3.198000
v -1.263111 3.558415 -3.198000
v -1.291306 3.550691 -3.198000
v -1.302583 3.535244 -3.198000
v -1.319500 3.535244 -3.198000
v -1.319500 3.527520 -3.198000
v -1.336417 3.527520 -3.198000
v -1.336417 3.519797 -3.198000
v -1.381528 3.512073 -3.198000
v -1.381528 3.504350 -3.198000
v -1.398444 3.504350 -3.198000
v -1.398444 3.496626 -3.198000
v -1.426639 3.488902 -3.198000
v -1.443556 3.465732 -3.198000
v -1.443556 3.419390 -3.198000
v -1.437917 3.419390 -3.198000
v -1.437917 3.403943 -3.198000
v -1.415361 3.373049 -3.198000
v -1.398444 3.373049 -3.198000
v -1.398444 3.365325 -3.198000
v -1.342056 3.365325 -3.198000
v -1.342056 3.373049 -3.198000
v -1.325139 3.373049 -3.198000
v -1.313861 3.388496 -3.198000
v -1.302583 3.442561 -3.198000
v -1.296944 3.442561 -3.198000
v -1.302583 3.458008 -3.198000
v -1.161611 3.458008 -3.198000
v -1.167250 3.357602 -3.198000
v -1.172889 3.357602 -3.198000
v -1.178528 3.326707 -3.198000
v -1.184167 3.326707 -3.198000
v -1.184167 3.311260 -3.198000
v -1.212361 3.272642 -3.198000
v -1.234917 3.264919 -3.198000
v -1.234917 3.257195 -3.198000
v -1.251833 3.257195 -3.198000
v -1.251833 3.249472 -3.198000
v -1.285667 3.249472 -3.198000
v -1.285667 3.241748 -3.198000
v -1.409722 3.241748 -3.198000
v -1.409722 3.249472 -3.198000
v -1.460472 3.257195 -3.198000
v -1.460472 3.264919 -3.198000
v -1.494306 3.280366 -3.198000
v -1.494306 3.288089 -3.198000
v -1.505583 3.288089 -3.198000
v -1.522500 3.318984 -3.198000
v -1.533778 3.318984 -3.198000
v -1.545056 3.334431 -3.198000
v -1.545056 3.349878 -3.198000
v -1.561972 3.365325 -3.198000
v -1.573250 3.411667 -3.198000
v -1.578889 3.411667 -3.198000
v -1.578889 3.434837 -3.198000
v -1.590167 3.419390 -3.198000
v -1.590167 3.365325 -3.198000
v -1.595806 3.365325 -3.198000
v -1.601444 3.334431 -3.198000
v -1.607083 3.334431 -3.198000
v -1.607083 3.318984 -3.198000
v -1.640917 3.272642 -3.198000
v -1.663472 3.264919 -3.198000
v -1.663472 3.257195 -3.198000
v -1.680389 3.257195 -3.198000
v -1.680389 3.249472 -3.198000
v -1.714222 3.249472 -3.198000
v -1.714222 3.241748 -3.198000
v -1.838278 3.241748 -3.198000
v -1.838278 3.249472 -3.198000
v -1.866472 3.249472 -3.198000
v -1.866472 3.257195 -3.198000
v -1.883389 3.257195 -3.198000
v -1.883389 3.264919 -3.198000
v -1.900306 3.264919 -3.198000
v -1.917222 3.288089 -3.198000
v -1.939778 3.295813 -3.198000
v -1.984889 3.357602 -3.198000
v -1.984889 3.373049 -3.198000
v -2.001806 3.396220 -3.198000
v -2.001806 3.419390 -3.198000
v -2.007444 3.419390 -3.198000
v -2.013083 3.535244 -3.198000
v -2.007444 3.535244 -3.198000
v -2.001806 3.573862 -3.198000
v -1.967972 3.620203 -3.198000
v -1.934139 3.635650 -3.198000
v -1.934139 3.643374 -3.198000
v -1.917222 3.643374 -3.198000
v -1.917222 3.651098 -3.198000
v -1.900306 3.651098 -3.198000
v -1.900306 3.658821 -3.198000
v -1.883389 3.658821 -3.198000
v -1.883389 3.666545 -3.198000
v -1.860833 3.666545 -3.198000
v -1.860833 3.674268 -3.198000
v -1.838278 3.674268 -3.198000
v -1.838278 3.681992 -3.198000
v -1.815722 3.681992 -3.198000
v -1.815722 3.689715 -3.198000
v -1.787528 3.697439 -3.198000
v -1.770611 3.720610 -3.198000
v -1.770611 3.736057 -3.198000
v -1.781889 3.751504 -3.198000
v -1.781889 3.766951 -3.198000
v -1.798806 3.774675 -3.198000
v -1.798806 3.782398 -3.198000
v -1.860833 3.782398 -3.198000
v -1.860833 3.774675 -3.198000
v -1.872111 3.774675 -3.198000
v -1.889028 3.751504 -3.198000
v -1.894667 3.712886 -3.198000
v -2.030000 3.712886 -3.198000
v -2.030000 3.782398 -3.198000
v -2.024361 3.782398 -3.198000
v -2.018722 3.821016 -3.198000
v -2.007444 3.828740 -3.198000
v -2.007444 3.844187 -3.198000
v -1.996167 3.859634 -3.198000
v -1.984889 3.859634 -3.198000
v -1.967972 3.882805 -3.198000
v -1.934139 3.890528 -3.198000
v -1.934139 3.898252 -3.198000
v -1.832639 3.905976 -3.198000
v -1.832639 3.898252 -3.198000
v -1.781889 3.898252 -3.198000
v -1.781889 3.890528 -3.198000
v -1.759333 3.890528 -3.198000
v -1.759333 3.882805 -3.198000
v -1.742417 3.882805 -3.198000
v -1.742417 3.875081 -3.198000
v -1.719861 3.867358 -3.198000
v -1.719861 3.859634 -3.198000
v -1.708583 3.859634 -3.198000
v -1.702944 3.844187 -3.198000
v -1.691667 3.844187 -3.198000
v -1.663472 3.805569 -3.198000
v -1.646556 3.743780 -3.198000
v -1.640917 3.743780 -3.198000
v -1.640917 3.712886 -3.198000
v -1.635278 3.712886 -3.198000
v -1.635278 3.658821 -3.198000
v -1.640917 3.658821 -3.198000
v -1.652194 3.604756 -3.198000
v -1.680389 3.566138 -3.198000
v -1.714222 3.550691 -3.198000
v -1.714222 3.542967 -3.198000
v -1.725500 3.542967 -3.198000
v -1.725500 3.535244 -3.198000
v -1.759333 3.527520 -3.198000
v -1.759333 3.519797 -3.198000
v -1.787528 3.519797 -3.198000
v -1.787528 3.512073 -3.198000
v -1.810083 3.512073 -3.198000
v -1.810083 3.504350 -3.198000
v -1.827000 3.504350 -3.198000
v -1.838278 3.488902 -3.198000
v -1.849556 3.488902 -3.198000
v -1.866472 3.465732 -3.198000
v -1.866472 3.450285 -3.198000
v -1.872111 3.450285 -3.198000
v -1.866472 3.411667 -3.198000
v -1.860833 3.411667 -3.198000
v -1.860833 3.396220 -3.198000
v -1.849556 3.380772 -3.198000
v -1.827000 3.373049 -3.198000
v -1.827000 3.365325 -3.198000
v -1.764972 3.365325 -3.198000
v -1.764972 3.373049 -3.198000
v -1.753694 3.373049 -3.198000
v -1.731139 3.403943 -3.198000
v -1.725500 3.458008 -3.198000
v -1.590167 3.458008 -3.198000
v -1.584528 3.465732 -3.198000
v -1.578889 3.566138 -3.198000
v -1.533778 3.627927 -3.198000
v -1.505583 3.635650 -3.198000
v -1.494306 3.651098 -3.198000
v -1.471750 3.651098 -3.198000
v -1.460472 3.666545 -3.198000
v -1.437917 3.666545 -3.198000
v -1.437917 3.674268 -3.198000
v -1.409722 3.674268 -3.198000
v -1.409722 3.681992 -3.198000
v -1.370250 3.689715 -3.198000
v -1.370250 3.697439 -3.198000
v -1.358972 3.697439 -3.198000
v -1.347694 3.712886 -3.198000
v -1.347694 3.751504 -3.198000
v -1.364611 3.774675 -3.198000
v -1.375889 3.774675 -3.198000
v -1.375889 3.782398 -3.198000
v -1.437917 3.782398 -3.198000
v -1.437917 3.774675 -3.198000
v -1.449194 3.774675 -3.198000
v -1.460472 3.759228 -3.198000
v -1.460472 3.743780 -3.198000
v -1.466111 3.743780 -3.198000
v -1.466111 3.712886 -3.198000
v -1.601444 3.712886 -3.198000
v -1.607083 3.720610 -3.198000
v -1.595806 3.813293 -3.198000
v -1.561972 3.867358 -3.198000
v -1.528139 3.882805 -3.198000
v -1.528139 3.890528 -3.198000
v -1.505583 3.890528 -3.198000
v -1.505583 3.898252 -3.198000
v -1.409722 3.905976 -3.198000
v 1.872111 3.797846 -3.198000
v 1.877750 3.797846 -3.198000
v 1.877750 3.774675 -3.198000
v 1.883389 3.774675 -3.198000
v 1.877750 3.759228 -3.198000
v 1.883389 3.759228 -3.198000
v 1.883389 3.728333 -3.198000
v 1.889028 3.728333 -3.198000
v 1.889028 3.681992 -3.198000
v 1.894667 3.681992 -3.198000
v 1.917222 3.458008 -3.198000
v 1.922861 3.458008 -3.198000
v 1.922861 3.403943 -3.198000
v 1.928500 3.403943 -3.198000
v 1.928500 3.380772 -3.198000
v 1.934139 3.380772 -3.198000
v 1.945417 3.249472 -3.198000
v 1.804444 3.249472 -3.198000
v 1.798806 3.311260 -3.198000
v 1.793167 3.311260 -3.198000
v 1.793167 3.334431 -3.198000
v 1.787528 3.334431 -3.198000
v 1.781889 3.427114 -3.198000
v 1.776250 3.427114 -3.198000
v 1.776250 3.481179 -3.198000
v 1.770611 3.488902 -3.198000
v 1.680389 3.488902 -3.198000
v 1.680389 3.496626 -3.198000
v 1.629639 3.496626 -3.198000
v 1.629639 3.504350 -3.198000
v 1.607083 3.504350 -3.198000
v 1.607083 3.512073 -3.198000
v 1.590167 3.512073 -3.198000
v 1.578889 3.527520 -3.198000
v 1.567611 3.527520 -3.198000
v 1.516861 3.597033 -3.198000
v 1.505583 3.643374 -3.198000
v 1.499944 3.643374 -3.198000
v 1.499944 3.666545 -3.198000
v 1.494306 3.666545 -3.198000
v 1.494306 3.705163 -3.198000
v 1.488667 3.705163 -3.198000
v 1.488667 3.782398 -3.198000
v 1.494306 3.782398 -3.198000
v 1.494306 3.805569 -3.198000
v 1.499944 3.805569 -3.198000
v 1.499944 3.828740 -3.198000
v 1.528139 3.867358 -3.198000
v 1.550694 3.875081 -3.198000
v 1.550694 3.882805 -3.198000
v 1.567611 3.882805 -3.198000
v 1.567611 3.890528 -3.198000
v 1.866472 3.890528 -3.198000
v 0.952972 3.249472 -3.198000
v 0.558250 3.249472 -3.198000
v 0.541333 3.388496 -3.198000
v 0.789444 3.388496 -3.198000
v 0.783806 3.488902 -3.198000
v 0.778167 3.488902 -3.198000
v 0.778167 3.519797 -3.198000
v 0.541333 3.519797 -3.198000
v 0.535694 3.550691 -3.198000
v 0.541333 3.558415 -3.198000
v 0.535694 3.558415 -3.198000
v 0.535694 3.589309 -3.198000
v 0.530056 3.589309 -3.198000
v 0.535694 3.604756 -3.198000
v 0.530056 3.604756 -3.198000
v 0.524417 3.651098 -3.198000
v 0.755611 3.651098 -3.198000
v 0.749972 3.751504 -3.198000
v 0.744333 3.759228 -3.198000
v 0.496222 3.759228 -3.198000
v 0.490583 3.805569 -3.198000
v 0.484944 3.805569 -3.198000
v 0.490583 3.821016 -3.198000
v 0.484944 3.821016 -3.198000
v 0.484944 3.851911 -3.198000
v 0.479306 3.851911 -3.198000
v 0.479306 3.890528 -3.198000
v 0.874028 3.890528 -3.198000
v -0.406000 3.774675 -3.198000
v -0.400361 3.774675 -3.198000
v -0.400361 3.728333 -3.198000
v -0.394722 3.728333 -3.198000
v -0.394722 3.697439 -3.198000
v -0.389083 3.697439 -3.198000
v -0.394722 3.681992 -3.198000
v -0.389083 3.681992 -3.198000
v -0.389083 3.658821 -3.198000
v -0.383444 3.658821 -3.198000
v -0.383444 3.604756 -3.198000
v -0.377806 3.604756 -3.198000
v -0.377806 3.566138 -3.198000
v -0.372167 3.566138 -3.198000
v -0.372167 3.519797 -3.198000
v -0.366528 3.519797 -3.198000
v -0.366528 3.473455 -3.198000
v -0.360889 3.473455 -3.198000
v -0.360889 3.427114 -3.198000
v -0.355250 3.427114 -3.198000
v -0.349611 3.334431 -3.198000
v -0.343972 3.334431 -3.198000
v -0.332694 3.257195 -3.198000
v -0.338333 3.249472 -3.198000
v -0.479306 3.249472 -3.198000
v -0.507500 3.488902 -3.198000
v -0.524417 3.488902 -3.198000
v -0.603361 3.249472 -3.198000
v -0.744333 3.249472 -3.198000
v -0.721778 3.326707 -3.198000
v -0.716139 3.326707 -3.198000
v -0.716139 3.349878 -3.198000
v -0.704861 3.365325 -3.198000
v -0.704861 3.380772 -3.198000
v -0.699222 3.380772 -3.198000
v -0.699222 3.403943 -3.198000
v -0.687944 3.419390 -3.198000
v -0.687944 3.434837 -3.198000
v -0.682306 3.434837 -3.198000
v -0.682306 3.450285 -3.198000
v -0.676667 3.450285 -3.198000
v -0.665389 3.504350 -3.198000
v -0.682306 3.504350 -3.198000
v -0.693583 3.519797 -3.198000
v -0.716139 3.527520 -3.198000
v -0.761250 3.589309 -3.198000
v -0.778167 3.651098 -3.198000
v -0.783806 3.651098 -3.198000
v -0.789444 3.797846 -3.198000
v -0.783806 3.797846 -3.198000
v -0.778167 3.828740 -3.198000
v -0.772528 3.828740 -3.198000
v -0.772528 3.844187 -3.198000
v -0.755611 3.851911 -3.198000
v -0.744333 3.875081 -3.198000
v -0.704861 3.882805 -3.198000
v -0.704861 3.890528 -3.198000
v -0.417278 3.890528 -3.198000
v -0.817639 3.774675 -3.198000
v -0.812000 3.774675 -3.198000
v -0.812000 3.728333 -3.198000
v -0.806361 3.728333 -3.198000
v -0.806361 3.681992 -3.198000
v -0.800722 3.681992 -3.198000
v -0.800722 3.635650 -3.198000
v -0.795083 3.635650 -3.198000
v -0.795083 3.597033 -3.198000
v -0.789444 3.597033 -3.198000
v -0.789444 3.542967 -3.198000
v -0.783806 3.542967 -3.198000
v -0.778167 3.473455 -3.198000
v -0.772528 3.473455 -3.198000
v -0.749972 3.249472 -3.198000
v -1.139056 3.249472 -3.198000
v -1.144694 3.295813 -3.198000
v -1.150333 3.295813 -3.198000
v -1.155972 3.373049 -3.198000
v -1.161611 3.373049 -3.198000
v -1.155972 3.388496 -3.198000
v -0.913500 3.388496 -3.198000
v -0.907861 3.411667 -3.198000
v -0.913500 3.411667 -3.198000
v -0.913500 3.434837 -3.198000
v -0.919139 3.434837 -3.198000
v -0.913500 3.450285 -3.198000
v -0.919139 3.450285 -3.198000
v -0.919139 3.481179 -3.198000
v -0.924778 3.481179 -3.198000
v -0.924778 3.519797 -3.198000
v -1.155972 3.519797 -3.198000
v -1.161611 3.550691 -3.198000
v -1.167250 3.550691 -3.198000
v -1.167250 3.597033 -3.198000
v -1.172889 3.597033 -3.198000
v -1.172889 3.643374 -3.198000
v -1.178528 3.651098 -3.198000
v -0.947333 3.651098 -3.198000
v -0.941694 3.666545 -3.198000
v -0.947333 3.666545 -3.198000
v -0.947333 3.712886 -3.198000
v -0.952972 3.712886 -3.198000
v -0.958611 3.759228 -3.198000
v -1.206722 3.759228 -3.198000
v -1.223639 3.890528 -3.198000
v -0.828917 3.890528 -3.198000
v 1.669111 3.766951 -3.198000
v 1.669111 3.759228 -3.198000
v 1.652194 3.759228 -3.198000
v 1.635278 3.736057 -3.198000
v 1.629639 3.697439 -3.198000
v 1.635278 3.697439 -3.198000
v 1.635278 3.674268 -3.198000
v 1.640917 3.674268 -3.198000
v 1.640917 3.658821 -3.198000
v 1.663472 3.627927 -3.198000
v 1.686028 3.627927 -3.198000
v 1.686028 3.620203 -3.198000
v 1.753694 3.620203 -3.198000
v 1.753694 3.666545 -3.198000
v 1.748056 3.666545 -3.198000
v 1.748056 3.689715 -3.198000
v 1.742417 3.689715 -3.198000
v 1.748056 3.705163 -3.198000
v 1.742417 3.705163 -3.198000
v 1.742417 3.736057 -3.198000
v 1.736778 3.736057 -3.198000
v 1.736778 3.766951 -3.198000
v 1.731139 3.766951 -3.198000
v -0.186083 3.766951 -3.198000
v -0.186083 3.759228 -3.198000
v -0.214278 3.759228 -3.198000
v -0.231194 3.736057 -3.198000
v -0.225556 3.658821 -3.198000
v -0.203000 3.627927 -3.198000
v -0.186083 3.627927 -3.198000
v -0.186083 3.620203 -3.198000
v -0.112778 3.620203 -3.198000
v -0.124056 3.759228 -3.198000
v -0.135333 3.766951 -3.198000
v -0.603361 3.766951 -3.198000
v -0.603361 3.759228 -3.198000
v -0.625917 3.759228 -3.198000
v -0.648472 3.728333 -3.198000
v -0.642833 3.658821 -3.198000
v -0.625917 3.635650 -3.198000
v -0.603361 3.627927 -3.198000
v -0.603361 3.620203 -3.198000
v -0.524417 3.620203 -3.198000
v -0.530056 3.666545 -3.198000
v -0.535694 3.666545 -3.198000
v -0.535694 3.712886 -3.198000
v -0.541333 3.712886 -3.198000
v -0.541333 3.759228 -3.198000
v -0.552611 3.766951 -3.198000
v 0.084583 4.029553 -3.245000
v 0.084583 4.014106 -3.245000
v 0.146611 3.929146 -3.245000
v 0.146611 3.913699 -3.245000
v 0.174806 3.882805 -3.245000
v 0.174806 3.867358 -3.245000
v 0.208639 3.828740 -3.245000
v 0.208639 3.813293 -3.245000
v 0.236833 3.782398 -3.245000
v 0.236833 3.766951 -3.245000
v 0.253750 3.743780 -3.245000
v 0.265028 3.743780 -3.245000
v 0.310139 3.890528 -3.245000
v 0.473667 3.890528 -3.245000
v 0.428556 3.751504 -3.245000
v 0.422917 3.751504 -3.245000
v 0.422917 3.736057 -3.245000
v 0.417278 3.736057 -3.245000
v 0.417278 3.720610 -3.245000
v 0.406000 3.705163 -3.245000
v 0.406000 3.689715 -3.245000
v 0.400361 3.689715 -3.245000
v 0.400361 3.674268 -3.245000
v 0.394722 3.674268 -3.245000
v 0.394722 3.658821 -3.245000
v 0.389083 3.658821 -3.245000
v 0.389083 3.643374 -3.245000
v 0.383444 3.643374 -3.245000
v 0.383444 3.627927 -3.245000
v 0.377806 3.627927 -3.245000
v 0.377806 3.612480 -3.245000
v 0.372167 3.612480 -3.245000
v 0.372167 3.597033 -3.245000
v 0.366528 3.597033 -3.245000
v 0.366528 3.581585 -3.245000
v 0.360889 3.581585 -3.245000
v 0.360889 3.566138 -3.245000
v 0.406000 3.504350 -3.245000
v 0.406000 3.488902 -3.245000
v 0.439833 3.450285 -3.245000
v 0.439833 3.434837 -3.245000
v 0.468028 3.403943 -3.245000
v 0.468028 3.388496 -3.245000
v 0.490583 3.365325 -3.245000
v 0.490583 3.349878 -3.245000
v 0.518778 3.318984 -3.245000
v 0.518778 3.303537 -3.245000
v 0.552611 3.264919 -3.245000
v 0.552611 3.249472 -3.245000
v 0.586444 3.210854 -3.245000
v 0.586444 3.195407 -3.245000
v 0.614639 3.164512 -3.245000
v 0.614639 3.149065 -3.245000
v 0.648472 3.110447 -3.245000
v 0.648472 3.095000 -3.245000
v 0.490583 3.095000 -3.245000
v 0.462389 3.133618 -3.245000
v 0.462389 3.149065 -3.245000
v 0.434194 3.179959 -3.245000
v 0.434194 3.195407 -3.245000
v 0.400361 3.234024 -3.245000
v 0.400361 3.249472 -3.245000
v 0.383444 3.264919 -3.245000
v 0.383444 3.280366 -3.245000
v 0.321417 3.365325 -3.245000
v 0.321417 3.380772 -3.245000
v 0.310139 3.396220 -3.245000
v 0.293222 3.388496 -3.245000
v 0.248111 3.249472 -3.245000
v 0.090222 3.249472 -3.245000
v 0.090222 3.272642 -3.245000
v 0.095861 3.272642 -3.245000
v 0.140972 3.411667 -3.245000
v 0.146611 3.411667 -3.245000
v 0.146611 3.434837 -3.245000
v 0.152250 3.434837 -3.245000
v 0.174806 3.512073 -3.245000
v 0.180444 3.512073 -3.245000
v 0.180444 3.527520 -3.245000
v 0.186083 3.527520 -3.245000
v 0.191722 3.558415 -3.245000
v 0.197361 3.558415 -3.245000
v 0.197361 3.581585 -3.245000
v 0.146611 3.651098 -3.245000
v 0.146611 3.666545 -3.245000
v 0.112778 3.705163 -3.245000
v 0.112778 3.720610 -3.245000
v 0.084583 3.751504 -3.245000
v 0.084583 3.766951 -3.245000
v 0.050750 3.805569 -3.245000
v 0.050750 3.821016 -3.245000
v 0.022556 3.851911 -3.245000
v 0.022556 3.867358 -3.245000
v 0.005639 3.890528 -3.245000
v 0.000000 3.890528 -3.245000
v 0.000000 3.875081 -3.245000
v 0.005639 3.875081 -3.245000
v 0.005639 3.836463 -3.245000
v 0.011278 3.836463 -3.245000
v 0.011278 3.782398 -3.245000
v 0.016917 3.782398 -3.245000
v 0.016917 3.743780 -3.245000
v 0.022556 3.743780 -3.245000
v 0.033833 3.604756 -3.245000
v 0.039472 3.604756 -3.245000
v 0.039472 3.573862 -3.245000
v 0.045111 3.573862 -3.245000
v 0.039472 3.558415 -3.245000
v 0.045111 3.558415 -3.245000
v 0.045111 3.527520 -3.245000
v 0.050750 3.527520 -3.245000
v 0.062028 3.388496 -3.245000
v 0.067667 3.388496 -3.245000
v 0.084583 3.249472 -3.245000
v -0.056389 3.249472 -3.245000
v -0.062028 3.272642 -3.245000
v -0.067667 3.272642 -3.245000
v -0.067667 3.326707 -3.245000
v -0.073306 3.326707 -3.245000
v -0.073306 3.373049 -3.245000
v -0.078944 3.373049 -3.245000
v -0.078944 3.411667 -3.245000
v -0.084583 3.411667 -3.245000
v -0.090222 3.488902 -3.245000
v -0.203000 3.488902 -3.245000
v -0.203000 3.496626 -3.245000
v -0.242472 3.496626 -3.245000
v -0.242472 3.504350 -3.245000
v -0.259389 3.504350 -3.245000
v -0.259389 3.512073 -3.245000
v -0.276306 3.512073 -3.245000
v -0.287583 3.527520 -3.245000
v -0.298861 3.527520 -3.245000
v -0.343972 3.589309 -3.245000
v -0.360889 3.651098 -3.245000
v -0.366528 3.651098 -3.245000
v -0.366528 3.681992 -3.245000
v -0.372167 3.681992 -3.245000
v -0.372167 3.797846 -3.245000
v -0.360889 3.813293 -3.245000
v -0.360889 3.828740 -3.245000
v -0.349611 3.836463 -3.245000
v -0.349611 3.851911 -3.245000
v -0.338333 3.851911 -3.245000
v -0.332694 3.867358 -3.245000
v -0.310139 3.875081 -3.245000
v -0.310139 3.882805 -3.245000
v -0.293222 3.882805 -3.245000
v -0.293222 3.890528 -3.245000
v 0.000000 3.890528 -3.245000
v 0.000000 3.905976 -3.245000
v -0.028194 3.936870 -3.245000
v -0.028194 3.952317 -3.245000
v -0.062028 3.990935 -3.245000
v -0.062028 4.006382 -3.245000
v -0.090222 4.045000 -3.245000
v 0.073306 4.045000 -3.245000
v 1.257472 3.998659 -3.245000
v 1.296944 3.998659 -3.245000
v 1.296944 3.990935 -3.245000
v 1.336417 3.983211 -3.245000
v 1.347694 3.967764 -3.245000
v 1.364611 3.967764 -3.245000
v 1.364611 3.960041 -3.245000
v 1.398444 3.944593 -3.245000
v 1.398444 3.936870 -3.245000
v 1.409722 3.936870 -3.245000
v 1.409722 3.929146 -3.245000
v 1.421000 3.929146 -3.245000
v 1.443556 3.898252 -3.245000
v 1.454833 3.898252 -3.245000
v 1.483028 3.944593 -3.245000
v 1.516861 3.960041 -3.245000
v 1.516861 3.967764 -3.245000
v 1.528139 3.967764 -3.245000
v 1.528139 3.975488 -3.245000
v 1.545056 3.975488 -3.245000
v 1.545056 3.983211 -3.245000
v 1.567611 3.983211 -3.245000
v 1.567611 3.990935 -3.245000
v 1.922861 3.990935 -3.245000
v 1.928500 3.944593 -3.245000
v 1.934139 3.944593 -3.245000
v 1.928500 3.929146 -3.245000
v 1.934139 3.929146 -3.245000
v 1.934139 3.898252 -3.245000
v 1.939778 3.898252 -3.245000
v 1.939778 3.851911 -3.245000
v 1.945417 3.851911 -3.245000
v 1.945417 3.805569 -3.245000
v 1.951056 3.805569 -3.245000
v 1.951056 3.759228 -3.245000
v 1.956694 3.759228 -3.245000
v 1.956694 3.712886 -3.245000
v 1.962333 3.712886 -3.245000
v 1.962333 3.666545 -3.245000
v 1.967972 3.666545 -3.245000
v 1.967972 3.627927 -3.245000
v 1.973611 3.627927 -3.245000
v 1.973611 3.589309 -3.245000
v 1.979250 3.589309 -3.245000
v 1.973611 3.573862 -3.245000
v 1.979250 3.573862 -3.245000
v 1.979250 3.550691 -3.245000
v 1.984889 3.550691 -3.245000
v 1.984889 3.496626 -3.245000
v 1.990528 3.496626 -3.245000
v 1.990528 3.458008 -3.245000
v 1.996167 3.458008 -3.245000
v 1.996167 3.403943 -3.245000
v 2.001806 3.403943 -3.245000
v 2.001806 3.365325 -3.245000
v 2.007444 3.365325 -3.245000
v 2.018722 3.226301 -3.245000
v 2.024361 3.226301 -3.245000
v 2.024361 3.195407 -3.245000
v 2.030000 3.195407 -3.245000
v 2.024361 3.179959 -3.245000
v 2.030000 3.179959 -3.245000
v 2.030000 3.149065 -3.245000
v 1.742417 3.149065 -3.245000
v 1.714222 3.388496 -3.245000
v 1.629639 3.396220 -3.245000
v 1.629639 3.403943 -3.245000
v 1.584528 3.411667 -3.245000
v 1.584528 3.419390 -3.245000
v 1.573250 3.411667 -3.245000
v 1.573250 3.388496 -3.245000
v 1.567611 3.388496 -3.245000
v 1.567611 3.365325 -3.245000
v 1.561972 3.365325 -3.245000
v 1.550694 3.311260 -3.245000
v 1.539417 3.303537 -3.245000
v 1.539417 3.288089 -3.245000
v 1.522500 3.272642 -3.245000
v 1.522500 3.257195 -3.245000
v 1.505583 3.234024 -3.245000
v 1.494306 3.234024 -3.245000
v 1.477389 3.203130 -3.245000
v 1.454833 3.195407 -3.245000
v 1.449194 3.179959 -3.245000
v 1.432278 3.179959 -3.245000
v 1.421000 3.164512 -3.245000
v 1.409722 3.164512 -3.245000
v 1.409722 3.156789 -3.245000
v 1.387167 3.156789 -3.245000
v 1.387167 3.149065 -3.245000
v 1.347694 3.149065 -3.245000
v 1.347694 3.141341 -3.245000
v 1.268750 3.141341 -3.245000
v 1.268750 3.149065 -3.245000
v 1.195444 3.156789 -3.245000
v 1.195444 3.164512 -3.245000
v 1.178528 3.164512 -3.245000
v 1.178528 3.172236 -3.245000
v 1.161611 3.172236 -3.245000
v 1.161611 3.179959 -3.245000
v 1.144694 3.179959 -3.245000
v 1.144694 3.187683 -3.245000
v 1.110861 3.203130 -3.245000
v 1.110861 3.210854 -3.245000
v 1.099583 3.210854 -3.245000
v 1.093944 3.226301 -3.245000
v 1.082667 3.226301 -3.245000
v 1.077028 3.241748 -3.245000
v 1.065750 3.241748 -3.245000
v 1.020639 3.303537 -3.245000
v 1.009361 3.342154 -3.245000
v 0.998083 3.349878 -3.245000
v 0.969889 3.442561 -3.245000
v 0.964250 3.442561 -3.245000
v 0.958611 3.488902 -3.245000
v 0.952972 3.488902 -3.245000
v 0.936056 3.651098 -3.245000
v 0.941694 3.651098 -3.245000
v 0.941694 3.736057 -3.245000
v 0.947333 3.736057 -3.245000
v 0.952972 3.790122 -3.245000
v 0.964250 3.805569 -3.245000
v 0.964250 3.828740 -3.245000
v 0.981167 3.851911 -3.245000
v 0.981167 3.867358 -3.245000
v 1.031917 3.936870 -3.245000
v 1.043194 3.936870 -3.245000
v 1.048833 3.952317 -3.245000
v 1.082667 3.967764 -3.245000
v 1.082667 3.975488 -3.245000
v 1.093944 3.975488 -3.245000
v 1.093944 3.983211 -3.245000
v 1.110861 3.983211 -3.245000
v 1.110861 3.990935 -3.245000
v 1.133417 3.990935 -3.245000
v 1.133417 3.998659 -3.245000
v 1.167250 3.998659 -3.245000
v 1.167250 4.006382 -3.245000
v 1.257472 4.006382 -3.245000
v 1.172889 3.975488 -3.245000
v 1.172889 3.967764 -3.245000
v 1.139056 3.967764 -3.245000
v 1.139056 3.960041 -3.245000
v 1.099583 3.952317 -3.245000
v 1.099583 3.944593 -3.245000
v 1.077028 3.936870 -3.245000
v 1.077028 3.929146 -3.245000
v 1.065750 3.929146 -3.245000
v 1.065750 3.921423 -3.245000
v 1.054472 3.921423 -3.245000
v 0.992444 3.836463 -3.245000
v 0.981167 3.782398 -3.245000
v 0.975528 3.782398 -3.245000
v 0.975528 3.759228 -3.245000
v 0.969889 3.759228 -3.245000
v 0.969889 3.720610 -3.245000
v 0.964250 3.720610 -3.245000
v 0.964250 3.689715 -3.245000
v 0.958611 3.689715 -3.245000
v 0.958611 3.597033 -3.245000
v 0.964250 3.597033 -3.245000
v 0.975528 3.496626 -3.245000
v 0.981167 3.496626 -3.245000
v 0.986806 3.450285 -3.245000
v 0.998083 3.434837 -3.245000
v 1.003722 3.396220 -3.245000
v 1.020639 3.373049 -3.245000
v 1.020639 3.357602 -3.245000
v 1.031917 3.349878 -3.245000
v 1.031917 3.334431 -3.245000
v 1.088306 3.257195 -3.245000
v 1.099583 3.257195 -3.245000
v 1.105222 3.241748 -3.245000
v 1.139056 3.226301 -3.245000
v 1.139056 3.218577 -3.245000
v 1.150333 3.218577 -3.245000
v 1.150333 3.210854 -3.245000
v 1.161611 3.210854 -3.245000
v 1.161611 3.203130 -3.245000
v 1.201083 3.195407 -3.245000
v 1.201083 3.187683 -3.245000
v 1.229278 3.187683 -3.245000
v 1.229278 3.179959 -3.245000
v 1.336417 3.172236 -3.245000
v 1.336417 3.179959 -3.245000
v 1.381528 3.179959 -3.245000
v 1.381528 3.187683 -3.245000
v 1.404083 3.187683 -3.245000
v 1.404083 3.195407 -3.245000
v 1.437917 3.210854 -3.245000
v 1.437917 3.218577 -3.245000
v 1.449194 3.218577 -3.245000
v 1.449194 3.226301 -3.245000
v 1.460472 3.226301 -3.245000
v 1.466111 3.241748 -3.245000
v 1.477389 3.241748 -3.245000
v 1.511222 3.288089 -3.245000
v 1.511222 3.303537 -3.245000
v 1.528139 3.318984 -3.245000
v 1.539417 3.365325 -3.245000
v 1.545056 3.365325 -3.245000
v 1.550694 3.411667 -3.245000
v 1.556333 3.411667 -3.245000
v 1.556333 3.458008 -3.245000
v 1.573250 3.458008 -3.245000
v 1.573250 3.450285 -3.245000
v 1.590167 3.450285 -3.245000
v 1.590167 3.442561 -3.245000
v 1.607083 3.442561 -3.245000
v 1.607083 3.434837 -3.245000
v 1.635278 3.434837 -3.245000
v 1.635278 3.427114 -3.245000
v 1.731139 3.427114 -3.245000
v 1.748056 3.272642 -3.245000
v 1.753694 3.272642 -3.245000
v 1.753694 3.218577 -3.245000
v 1.759333 3.218577 -3.245000
v 1.764972 3.179959 -3.245000
v 1.770611 3.187683 -3.245000
v 1.996167 3.187683 -3.245000
v 2.001806 3.179959 -3.245000
v 1.996167 3.280366 -3.245000
v 1.990528 3.280366 -3.245000
v 1.990528 3.311260 -3.245000
v 1.984889 3.311260 -3.245000
v 1.990528 3.326707 -3.245000
v 1.984889 3.326707 -3.245000
v 1.984889 3.357602 -3.245000
v 1.979250 3.357602 -3.245000
v 1.956694 3.589309 -3.245000
v 1.951056 3.589309 -3.245000
v 1.951056 3.627927 -3.245000
v 1.945417 3.627927 -3.245000
v 1.945417 3.681992 -3.245000
v 1.939778 3.681992 -3.245000
v 1.939778 3.705163 -3.245000
v 1.934139 3.705163 -3.245000
v 1.939778 3.720610 -3.245000
v 1.934139 3.720610 -3.245000
v 1.934139 3.759228 -3.245000
v 1.928500 3.759228 -3.245000
v 1.928500 3.797846 -3.245000
v 1.922861 3.797846 -3.245000
v 1.922861 3.844187 -3.245000
v 1.917222 3.844187 -3.245000
v 1.905944 3.960041 -3.245000
v 1.573250 3.960041 -3.245000
v 1.573250 3.952317 -3.245000
v 1.550694 3.952317 -3.245000
v 1.550694 3.944593 -3.245000
v 1.533778 3.944593 -3.245000
v 1.522500 3.929146 -3.245000
v 1.511222 3.929146 -3.245000
v 1.511222 3.921423 -3.245000
v 1.499944 3.921423 -3.245000
v 1.460472 3.867358 -3.245000
v 1.460472 3.851911 -3.245000
v 1.449194 3.851911 -3.245000
v 1.415361 3.898252 -3.245000
v 1.392806 3.905976 -3.245000
v 1.387167 3.921423 -3.245000
v 1.364611 3.929146 -3.245000
v 1.364611 3.936870 -3.245000
v 1.347694 3.936870 -3.245000
v 1.347694 3.944593 -3.245000
v 1.330778 3.944593 -3.245000
v 1.330778 3.952317 -3.245000
v 1.313861 3.952317 -3.245000
v 1.313861 3.960041 -3.245000
v 1.257472 3.967764 -3.245000
v 1.251833 3.975488 -3.245000
v 1.257472 3.898252 -3.245000
v 1.291306 3.898252 -3.245000
v 1.291306 3.890528 -3.245000
v 1.313861 3.890528 -3.245000
v 1.313861 3.882805 -3.245000
v 1.330778 3.882805 -3.245000
v 1.330778 3.875081 -3.245000
v 1.347694 3.875081 -3.245000
v 1.358972 3.859634 -3.245000
v 1.370250 3.859634 -3.245000
v 1.375889 3.844187 -3.245000
v 1.387167 3.844187 -3.245000
v 1.392806 3.828740 -3.245000
v 1.404083 3.828740 -3.245000
v 1.443556 3.774675 -3.245000
v 1.460472 3.720610 -3.245000
v 1.471750 3.712886 -3.245000
v 1.477389 3.674268 -3.245000
v 1.488667 3.658821 -3.245000
v 1.488667 3.635650 -3.245000
v 1.494306 3.635650 -3.245000
v 1.494306 3.612480 -3.245000
v 1.499944 3.612480 -3.245000
v 1.499944 3.581585 -3.245000
v 1.505583 3.581585 -3.245000
v 1.505583 3.419390 -3.245000
v 1.499944 3.419390 -3.245000
v 1.488667 3.357602 -3.245000
v 1.477389 3.349878 -3.245000
v 1.477389 3.334431 -3.245000
v 1.437917 3.280366 -3.245000
v 1.415361 3.272642 -3.245000
v 1.415361 3.264919 -3.245000
v 1.398444 3.264919 -3.245000
v 1.398444 3.257195 -3.245000
v 1.381528 3.257195 -3.245000
v 1.381528 3.249472 -3.245000
v 1.353333 3.249472 -3.245000
v 1.353333 3.241748 -3.245000
v 1.246194 3.241748 -3.245000
v 1.246194 3.249472 -3.245000
v 1.212361 3.249472 -3.245000
v 1.212361 3.257195 -3.245000
v 1.178528 3.264919 -3.245000
v 1.167250 3.280366 -3.245000
v 1.155972 3.280366 -3.245000
v 1.155972 3.288089 -3.245000
v 1.144694 3.288089 -3.245000
v 1.139056 3.303537 -3.245000
v 1.127778 3.303537 -3.245000
v 1.065750 3.388496 -3.245000
v 1.065750 3.403943 -3.245000
v 1.054472 3.411667 -3.245000
v 1.043194 3.458008 -3.245000
v 1.037556 3.458008 -3.245000
v 1.031917 3.504350 -3.245000
v 1.026278 3.504350 -3.245000
v 1.026278 3.519797 -3.245000
v 1.172889 3.519797 -3.245000
v 1.172889 3.496626 -3.245000
v 1.178528 3.496626 -3.245000
v 1.189806 3.450285 -3.245000
v 1.195444 3.450285 -3.245000
v 1.195444 3.434837 -3.245000
v 1.206722 3.419390 -3.245000
v 1.218000 3.419390 -3.245000
v 1.223639 3.403943 -3.245000
v 1.234917 3.403943 -3.245000
v 1.234917 3.396220 -3.245000
v 1.251833 3.396220 -3.245000
v 1.251833 3.388496 -3.245000
v 1.313861 3.388496 -3.245000
v 1.313861 3.396220 -3.245000
v 1.336417 3.403943 -3.245000
v 1.353333 3.427114 -3.245000
v 1.353333 3.450285 -3.245000
v 1.364611 3.465732 -3.245000
v 1.364611 3.550691 -3.245000
v 1.358972 3.550691 -3.245000
v 1.358972 3.581585 -3.245000
v 1.353333 3.581585 -3.245000
v 1.353333 3.612480 -3.245000
v 1.347694 3.612480 -3.245000
v 1.347694 3.643374 -3.245000
v 1.336417 3.658821 -3.245000
v 1.336417 3.674268 -3.245000
v 1.330778 3.674268 -3.245000
v 1.330778 3.689715 -3.245000
v 1.296944 3.736057 -3.245000
v 1.274389 3.743780 -3.245000
v 1.274389 3.751504 -3.245000
v 1.223639 3.759228 -3.245000
v 1.223639 3.751504 -3.245000
v 1.201083 3.751504 -3.245000
v 1.189806 3.736057 -3.245000
v 1.178528 3.736057 -3.245000
v 1.172889 3.712886 -3.245000
v 1.161611 3.705163 -3.245000
v 1.150333 3.651098 -3.245000
v 1.015000 3.651098 -3.245000
v 1.009361 3.658821 -3.245000
v 1.009361 3.712886 -3.245000
v 1.015000 3.712886 -3.245000
v 1.015000 3.736057 -3.245000
v 1.020639 3.736057 -3.245000
v 1.020639 3.759228 -3.245000
v 1.026278 3.759228 -3.245000
v 1.026278 3.782398 -3.245000
v 1.048833 3.813293 -3.245000
v 1.048833 3.828740 -3.245000
v 1.060111 3.844187 -3.245000
v 1.071389 3.844187 -3.245000
v 1.082667 3.867358 -3.245000
v 1.105222 3.875081 -3.245000
v 1.105222 3.882805 -3.245000
v 1.122139 3.882805 -3.245000
v 1.122139 3.890528 -3.245000
v 1.144694 3.890528 -3.245000
v 1.144694 3.898252 -3.245000
v 1.178528 3.898252 -3.245000
v 1.178528 3.905976 -3.245000
v 1.257472 3.905976 -3.245000
v -1.409722 3.898252 -3.245000
v -1.358972 3.898252 -3.245000
v -1.358972 3.890528 -3.245000
v -1.330778 3.890528 -3.245000
v -1.319500 3.875081 -3.245000
v -1.291306 3.867358 -3.245000
v -1.285667 3.851911 -3.245000
v -1.274389 3.851911 -3.245000
v -1.234917 3.797846 -3.245000
v -1.234917 3.782398 -3.245000
v -1.223639 3.774675 -3.245000
v -1.218000 3.720610 -3.245000
v -1.212361 3.720610 -3.245000
v -1.212361 3.643374 -3.245000
v -1.218000 3.643374 -3.245000
v -1.218000 3.620203 -3.245000
v -1.229278 3.612480 -3.245000
v -1.229278 3.597033 -3.245000
v -1.240556 3.581585 -3.245000
v -1.251833 3.581585 -3.245000
v -1.263111 3.558415 -3.245000
v -1.291306 3.550691 -3.245000
v -1.302583 3.535244 -3.245000
v -1.319500 3.535244 -3.245000
v -1.319500 3.527520 -3.245000
v -1.336417 3.527520 -3.245000
v -1.336417 3.519797 -3.245000
v -1.381528 3.512073 -3.245000
v -1.381528 3.504350 -3.245000
v -1.398444 3.504350 -3.245000
v -1.398444 3.496626 -3.245000
v -1.426639 3.488902 -3.245000
v -1.443556 3.465732 -3.245000
v -1.443556 3.419390 -3.245000
v -1.437917 3.419390 -3.245000
v -1.437917 3.403943 -3.245000
v -1.415361 3.373049 -3.245000
v -1.398444 3.373049 -3.245000
v -1.398444 3.365325 -3.245000
v -1.342056 3.365325 -3.245000
v -1.342056 3.373049 -3.245000
v -1.325139 3.373049 -3.245000
v -1.313861 3.388496 -3.245000
v -1.302583 3.442561 -3.245000
v -1.296944 3.442561 -3.245000
v -1.302583 3.458008 -3.245000
v -1.161611 3.458008 -3.245000
v -1.167250 3.357602 -3.245000
v -1.172889 3.357602 -3.245000
v -1.178528 3.326707 -3.245000
v -1.184167 3.326707 -3.245000
v -1.184167 3.311260 -3.245000
v -1.212361 3.272642 -3.245000
v -1.234917 3.264919 -3.245000
v -1.234917 3.257195 -3.245000
v -1.251833 3.257195 -3.245000
v -1.251833 3.249472 -3.245000
v -1.285667 3.249472 -3.245000
v -1.285667 3.241748 -3.245000
v -1.409722 3.241748 -3.245000
v -1.409722 3.249472 -3.245000
v -1.460472 3.257195 -3.245000
v -1.460472 3.264919 -3.245000
v -1.494306 3.280366 -3.245000
v -1.494306 3.288089 -3.245000
v -1.505583 3.288089 -3.245000
v -1.522500 3.318984 -3.245000
v -1.533778 3.318984 -3.245000
v -1.545056 3.334431 -3.245000
v -1.545056 3.349878 -3.245000
v -1.561972 3.365325 -3.245000
v -1.573250 3.411667 -3.245000
v -1.578889 3.411667 -3.245000
v -1.578889 3.434837 -3.245000
v -1.590167 3.419390 -3.245000
v -1.590167 3.365325 -3.245000
v -1.595806 3.365325 -3.245000
v -1.601444 3.334431 -3.245000
v -1.607083 3.334431 -3.245000
v -1.607083 3.318984 -3.245000
v -1.640917 3.272642 -3.245000
v -1.663472 3.264919 -3.245000
v -1.663472 3.257195 -3.245000
v -1.680389 3.257195 -3.245000
v -1.680389 3.249472 -3.245000
v -1.714222 3.249472 -3.245000
v -1.714222 3.241748 -3.245000
v -1.838278 3.241748 -3.245000
v -1.838278 3.249472 -3.245000
v -1.866472 3.249472 -3.245000
v -1.866472 3.257195 -3.245000
v -1.883389 3.257195 -3.245000
v -1.883389 3.264919 -3.245000
v -1.900306 3.264919 -3.245000
v -1.917222 3.288089 -3.245000
v -1.939778 3.295813 -3.245000
v -1.984889 3.357602 -3.245000
v -1.984889 3.373049 -3.245000
v -2.001806 3.396220 -3.245000
v -2.001806 3.419390 -3.245000
v -2.007444 3.419390 -3.245000
v -2.013083 3.535244 -3.245000
v -2.007444 3.535244 -3.245000
v -2.001806 3.573862 -3.245000
v -1.967972 3.620203 -3.245000
v -1.934139 3.635650 -3.245000
v -1.934139 3.643374 -3.245000
v -1.917222 3.643374 -3.245000
v -1.917222 3.651098 -3.245000
v -1.900306 3.651098 -3.245000
v -1.900306 3.658821 -3.245000
v -1.883389 3.658821 -3.245000
v -1.883389 3.666545 -3.245000
v -1.860833 3.666545 -3.245000
v -1.860833 3.674268 -3.245000
v -1.838278 3.674268 -3.245000
v -1.838278 3.681992 -3.245000
v -1.815722 3.681992 -3.245000
v -1.815722 3.689715 -3.245000
v -1.787528 3.697439 -3.245000
v -1.770611 3.720610 -3.245000
v -1.770611 3.736057 -3.245000
v -1.781889 3.751504 -3.245000
v -1.781889 3.766951 -3.245000
v -1.798806 3.774675 -3.245000
v -1.798806 3.782398 -3.245000
v -1.860833 3.782398 -3.245000
v -1.860833 3.774675 -3.245000
v -1.872111 3.774675 -3.245000
v -1.889028 3.751504 -3.245000
v -1.894667 3.712886 -3.245000
v -2.030000 3.712886 -3.245000
v -2.030000 3.782398 -3.245000
v -2.024361 3.782398 -3.245000
v -2.018722 3.821016 -3.245000
v -2.007444 3.828740 -3.245000
v -2.007444 3.844187 -3.245000
v -1.996167 3.859634 -3.245000
v -1.984889 3.859634 -3.245000
v -1.967972 3.882805 -3.245000
v -1.934139 3.890528 -3.245000
v -1.934139 3.898252 -3.245000
v -1.832639 3.905976 -3.245000
v -1.832639 3.898252 -3.245000
v -1.781889 3.898252 -3.245000
v -1.781889 3.890528 -3.245000
v -1.759333 3.890528 -3.245000
v -1.759333 3.882805 -3.245000
v -1.742417 3.882805 -3.245000
v -1.742417 3.875081 -3.245000
v -1.719861 3.867358 -3.245000
v -1.719861 3.859634 -3.245000
v -1.708583 3.859634 -3.245000
v -1.702944 3.844187 -3.245000
v -1.691667 3.844187 -3.245000
v -1.663472 3.805569 -3.245000
v -1.646556 3.743780 -3.245000
v -1.640917 3.743780 -3.245000
v -1.640917 3.712886 -3.245000
v -1.635278 3.712886 -3.245000
v -1.635278 3.658821 -3.245000
v -1.640917 3.658821 -3.245000
v -1.652194 3.604756 -3.245000
v -1.680389 3.566138 -3.245000
v -1.714222 3.550691 -3.245000
v -1.714222 3.542967 -3.245000
v -1.725500 3.542967 -3.245000
v -1.725500 3.535244 -3.245000
v -1.759333 3.527520 -3.245000
v -1.759333 3.519797 -3.245000
v -1.787528 3.519797 -3.245000
v -1.787528 3.512073 -3.245000
v -1.810083 3.512073 -3.245000
v -1.810083 3.504350 -3.245000
v -1.827000 3.504350 -3.245000
v -1.838278 3.488902 -3.245000
v -1.849556 3.488902 -3.245000
v -1.866472 3.465732 -3.245000
v -1.866472 3.450285 -3.245000
v -1.872111 3.450285 -3.245000
v -1.866472 3.411667 -3.245000
v -1.860833 3.411667 -3.245000
v -1.860833 3.396220 -3.245000
v -1.849556 3.380772 -3.245000
v -1.827000 3.373049 -3.245000
v -1.827000 3.365325 -3.245000
v -1.764972 3.365325 -3.245000
v -1.764972 3.373049 -3.245000
v -1.753694 3.373049 -3.245000
v -1.731139 3.403943 -3.245000
v -1.725500 3.458008 -3.245000
v -1.590167 3.458008 -3.245000
v -1.584528 3.465732 -3.245000
v -1.578889 3.566138 -3.245000
v -1.533778 3.627927 -3.245000
v -1.505583 3.635650 -3.245000
v -1.494306 3.651098 -3.245000
v -1.471750 3.651098 -3.245000
v -1.460472 3.666545 -3.245000
v -1.437917 3.666545 -3.245000
v -1.437917 3.674268 -3.245000
v -1.409722 3.674268 -3.245000
v -1.409722 3.681992 -3.245000
v -1.370250 3.689715 -3.245000
v -1.370250 3.697439 -3.245000
v -1.358972 3.697439 -3.245000
v -1.347694 3.712886 -3.245000
v -1.347694 3.751504 -3.245000
v -1.364611 3.774675 -3.245000
v -1.375889 3.774675 -3.245000
v -1.375889 3.782398 -3.245000
v -1.437917 3.782398 -3.245000
v -1.437917 3.774675 -3.245000
v -1.449194 3.774675 -3.245000
v -1.460472 3.759228 -3.245000
v -1.460472 3.743780 -3.245000
v -1.466111 3.743780 -3.245000
v -1.466111 3.712886 -3.245000
v -1.601444 3.712886 -3.245000
v -1.607083 3.720610 -3.245000
v -1.595806 3.813293 -3.245000
v -1.561972 3.867358 -3.245000
v -1.528139 3.882805 -3.245000
v -1.528139 3.890528 -3.245000
v -1.505583 3.890528 -3.245000
v -1.505583 3.898252 -3.245000
v -1.409722 3.905976 -3.245000
v 1.872111 3.797846 -3.245000
v 1.877750 3.797846 -3.245000
v 1.877750 3.774675 -3.245000
v 1.883389 3.774675 -3.245000
v 1.877750 3.759228 -3.245000
v 1.883389 3.759228 -3.245000
v 1.883389 3.728333 -3.245000
v 1.889028 3.728333 -3.245000
v 1.889028 3.681992 -3.245000
v 1.894667 3.681992 -3.245000
v 1.917222 3.458008 -3.245000
v 1.922861 3.458008 -3.245000
v 1.922861 3.403943 -3.245000
v 1.928500 3.403943 -3.245000
v 1.928500 3.380772 -3.245000
v 1.934139 3.380772 -3.245000
v 1.945417 3.249472 -3.245000
v 1.804444 3.249472 -3.245000
v 1.798806 3.311260 -3.245000
v 1.793167 3.311260 -3.245000
v 1.793167 3.334431 -3.245000
v 1.787528 3.334431 -3.245000
v 1.781889 3.427114 -3.245000
v 1.776250 3.427114 -3.245000
v 1.776250 3.481179 -3.245000
v 1.770611 3.488902 -3.245000
v 1.680389 3.488902 -3.245000
v 1.680389 3.496626 -3.245000
v 1.629639 3.496626 -3.245000
v 1.629639 3.504350 -3.245000
v 1.607083 3.504350 -3.245000
v 1.607083 3.512073 -3.245000
v 1.590167 3.512073 -3.245000
v 1.578889 3.527520 -3.245000
v 1.567611 3.527520 -3.245000
v 1.516861 3.597033 -3.245000
v 1.505583 3.643374 -3.245000
v 1.499944 3.643374 -3.245000
v 1.499944 3.666545 -3.245000
v 1.494306 3.666545 -3.245000
v 1.494306 3.705163 -3.245000
v 1.488667 3.705163 -3.245000
v 1.488667 3.782398 -3.245000
v 1.494306 3.782398 -3.245000
v 1.494306 3.805569 -3.245000
v 1.499944 3.805569 -3.245000
v 1.499944 3.828740 -3.245000
v 1.528139 3.867358 -3.245000
v 1.550694 3.875081 -3.245000
v 1.550694 3.882805 -3.245000
v 1.567611 3.882805 -3.245000
v 1.567611 3.890528 -3.245000
v 1.866472 3.890528 -3.245000
v 0.952972 3.249472 -3.245000
v 0.558250 3.249472 -3.245000
v 0.541333 3.388496 -3.245000
v 0.789444 3.388496 -3.245000
v 0.783806 3.488902 -3.245000
v 0.778167 3.488902 -3.245000
v 0.778167 3.519797 -3.245000
v 0.541333 3.519797 -3.245000
v 0.535694 3.550691 -3.245000
v 0.541333 3.558415 -3.245000
v 0.535694 3.558415 -3.245000
v 0.535694 3.589309 -3.245000
v 0.530056 3.589309 -3.245000
v 0.535694 3.604756 -3.245000
v 0.530056 3.604756 -3.245000
v 0.524417 3.651098 -3.245000
v 0.755611 3.651098 -3.245000
v 0.749972 3.751504 -3.245000
v 0.744333 3.759228 -3.245000
v 0.496222 3.759228 -3.245000
v 0.490583 3.805569 -3.245000
v 0.484944 3.805569 -3.245000
v 0.490583 3.821016 -3.245000
v 0.484944 3.821016 -3.245000
v 0.484944 3.851911 -3.245000
v 0.479306 3.851911 -3.245000
v 0.479306 3.890528 -3.245000
v 0.874028 3.890528 -3.245000
v -0.406000 3.774675 -3.245000
v -0.400361 3.774675 -3.245000
v -0.400361 3.728333 -3.245000
v -0.394722 3.728333 -3.245000
v -0.394722 3.697439 -3.245000
v -0.389083 3.697439 -3.245000
v -0.394722 3.681992 -3.245000
v -0.389083 3.681992 -3.245000
v -0.389083 3.658821 -3.245000
v -0.383444 3.658821 -3.245000
v -0.383444 3.604756 -3.245000
v -0.377806 3.604756 -3.245000
v -0.377806 3.566138 -3.245000
v -0.372167 3.566138 -3.245000
v -0.372167 3.519797 -3.245000
v -0.366528 3.519797 -3.245000
v -0.366528 3.473455 -3.245000
v -0.360889 3.473455 -3.245000
v -0.360889 3.427114 -3.245000
v -0.355250 3.427114 -3.245000
v -0.349611 3.334431 -3.245000
v -0.343972 3.334431 -3.245000
v -0.332694 3.257195 -3.245000
v -0.338333 3.249472 -3.245000
v -0.479306 3.249472 -3.245000
v -0.507500 3.488902 -3.245000
v -0.524417 3.488902 -3.245000
v -0.603361 3.249472 -3.245000
v -0.744333 3.249472 -3.245000
v -0.721778 3.326707 -3.245000
v -0.716139 3.326707 -3.245000
v -0.716139 3.349878 -3.245000
v -0.704861 3.365325 -3.245000
v -0.704861 3.380772 -3.245000
v -0.699222 3.380772 -3.245000
v -0.699222 3.403943 -3.245000
v -0.687944 3.419390 -3.245000
v -0.687944 3.434837 -3.245000
v -0.682306 3.434837 -3.245000
v -0.682306 3.450285 -3.245000
v -0.676667 3.450285 -3.245000
v -0.665389 3.504350 -3.245000
v -0.682306 3.504350 -3.245000
v -0.693583 3.519797 -3.245000
v -0.716139 3.527520 -3.245000
v -0.761250 3.589309 -3.245000
v -0.778167 3.651098 -3.245000
v -0.783806 3.651098 -3.245000
v -0.789444 3.797846 -3.245000
v -0.783806 3.797846 -3.245000
v -0.778167 3.828740 -3.245000
v -0.772528 3.828740 -3.245000
v -0.772528 3.844187 -3.245000
v -0.755611 3.851911 -3.245000
v -0.744333 3.875081 -3.245000
v -0.704861 3.882805 -3.245000
v -0.704861 3.890528 -3.245000
v -0.417278 3.890528 -3.245000
v -0.817639 3.774675 -3.245000
v -0.812000 3.774675 -3.245000
v -0.812000 3.728333 -3.245000
v -0.806361 3.728333 -3.245000
v -0.806361 3.681992 -3.245000
v -0.800722 3.681992 -3.245000
v -0.800722 3.635650 -3.245000
v -0.795083 3.635650 -3.245000
v -0.795083 3.597033 -3.245000
v -0.789444 3.597033 -3.245000
v -0.789444 3.542967 -3.245000
v -0.783806 3.542967 -3.245000
v -0.778167 3.473455 -3.245000
v -0.772528 3.473455 -3.245000
v -0.749972 3.249472 -3.245000
v -1.139056 3.249472 -3.245000
v -1.144694 3.295813 -3.245000
v -1.150333 3.295813 -3.245000
v -1.155972 3.373049 -3.245000
v -1.161611 3.373049 -3.245000
v -1.155972 3.388496 -3.245000
v -0.913500 3.388496 -3.245000
v -0.907861 3.411667 -3.245000
v -0.913500 3.411667 -3.245000
v -0.913500 3.434837 -3.245000
v -0.919139 3.434837 -3.245000
v -0.913500 3.450285 -3.245000
v -0.919139 3.450285 -3.245000
v -0.919139 3.481179 -3.245000
v -0.924778 3.481179 -3.245000
v -0.924778 3.519797 -3.245000
v -1.155972 3.519797 -3.245000
v -1.161611 3.550691 -3.245000
v -1.167250 3.550691 -3.245000
v -1.167250 3.597033 -3.245000
v -1.172889 3.597033 -3.245000
v -1.172889 3.643374 -3.245000
v -1.178528 3.651098 -3.245000
v -0.947333 3.651098 -3.245000
v -0.941694 3.666545 -3.245000
v -0.947333 3.666545 -3.245000
v -0.947333 3.712886 -3.245000
v -0.952972 3.712886 -3.245000
v -0.958611 3.759228 -3.245000
v -1.206722 3.759228 -3.245000
v -1.223639 3.890528 -3.245000
v -0.828917 3.890528 -3.245000
v 1.669111 3.766951 -3.245000
v 1.669111 3.759228 -3.245000
v 1.652194 3.759228 -3.245000
v 1.635278 3.736057 -3.245000
v 1.629639 3.697439 -3.245000
v 1.635278 3.697439 -3.245000
v 1.635278 3.674268 -3.245000
v 1.640917 3.674268 -3.245000
v 1.640917 3.658821 -3.245000
v 1.663472 3.627927 -3.245000
v 1.686028 3.627927 -3.245000
v 1.686028 3.620203 -3.245000
v 1.753694 3.620203 -3.245000
v 1.753694 3.666545 -3.245000
v 1.748056 3.666545 -3.245000
v 1.748056 3.689715 -3.245000
v 1.742417 3.689715 -3.245000
v 1.748056 3.705163 -3.245000
v 1.742417 3.705163 -3.245000
v 1.742417 3.736057 -3.245000
v 1.736778 3.736057 -3.245000
v 1.736778 3.766951 -3.245000
v 1.731139 3.766951 -3.245000
v -0.186083 3.766951 -3.245000
v -0.186083 3.759228 -3.245000
v -0.214278 3.759228 -3.245000
v -0.231194 3.736057 -3.245000
v -0.225556 3.658821 -3.245000
v -0.203000 3.627927 -3.245000
v -0.186083 3.627927 -3.245000
v -0.186083 3.620203 -3.245000
v -0.112778 3.620203 -3.245000
v -0.124056 3.759228 -3.245000
v -0.135333 3.766951 -3.245000
v -0.603361 3.766951 -3.245000
v -0.603361 3.759228 -3.245000
v -0.625917 3.759228 -3.245000
v -0.648472 3.728333 -3.245000
v -0.642833 3.658821 -3.245000
v -0.625917 3.635650 -3.245000
v -0.603361 3.627927 -3.245000
v -0.603361 3.620203 -3.245000
v -0.524417 3.620203 -3.245000
v -0.530056 3.666545 -3.245000
v -0.535694 3.666545 -3.245000
v -0.535694 3.712886 -3.245000
v -0.541333 3.712886 -3.245000
v -0.541333 3.759228 -3.245000
v -0.552611 3.766951 -3.245000
v 0.084583 4.029553 -3.245000
v 0.084583 4.029553 -3.198000
v 0.084583 4.014106 -3.245000
v 0.084583 4.014106 -3.198000
v 0.146611 3.929146 -3.245000
v 0.146611 3.929146 -3.198000
v 0.146611 3.913699 -3.245000
v 0.146611 3.913699 -3.198000
v 0.174806 3.882805 -3.245000
v 0.174806 3.882805 -3.198000
v 0.174806 3.867358 -3.245000
v 0.174806 3.867358 -3.198000
v 0.208639 3.828740 -3.245000
v 0.208639 3.828740 -3.198000
v 0.208639 3.813293 -3.245000
v 0.208639 3.813293 -3.198000
v 0.236833 3.782398 -3.245000
v 0.236833 3.782398 -3.198000
v 0.236833 3.766951 -3.245000
v 0.236833 3.766951 -3.198000
v 0.253750 3.743780 -3.245000
v 0.253750 3.743780 -3.198000
v 0.265028 3.743780 -3.245000
v 0.265028 3.743780 -3.198000
v 0.310139 3.890528 -3.245000
v 0.310139 3.890528 -3.198000
v 0.473667 3.890528 -3.245000
v 0.473667 3.890528 -3.198000
v 0.428556 3.751504 -3.245000
v 0.428556 3.751504 -3.198000
v 0.422917 3.751504 -3.245000
v 0.422917 3.751504 -3.198000
v 0.422917 3.736057 -3.245000
v 0.422917 3.736057 -3.198000
v 0.417278 3.736057 -3.245000
v 0.417278 3.736057 -3.198000
v 0.417278 3.720610 -3.245000
v 0.417278 3.720610 -3.198000
v 0.406000 3.705163 -3.245000
v 0.406000 3.705163 -3.198000
v 0.406000 3.689715 -3.245000
v 0.406000 3.689715 -3.198000
v 0.400361 3.689715 -3.245000
v 0.400361 3.689715 -3.198000
v 0.400361 3.674268 -3.245000
v 0.400361 3.674268 -3.198000
v 0.394722 3.674268 -3.245000
v 0.394722 3.674268 -3.198000
v 0.394722 3.658821 -3.245000
v 0.394722 3.658821 -3.198000
v 0.389083 3.658821 -3.245000
v 0.389083 3.658821 -3.198000
v 0.389083 3.643374 -3.245000
v 0.389083 3.643374 -3.198000
v 0.383444 3.643374 -3.245000
v 0.383444 3.643374 -3.198000
v 0.383444 3.627927 -3.245000
v 0.383444 3.627927 -3.198000
v 0.377806 3.627927 -3.245000
v 0.377806 3.627927 -3.198000
v 0.377806 3.612480 -3.245000
v 0.377806 3.612480 -3.198000
v 0.372167 3.612480 -3.245000
v 0.372167 3.612480 -3.198000
v 0.372167 3.597033 -3.245000
v 0.372167 3.597033 -3.198000
v 0.366528 3.597033 -3.245000
v 0.366528 3.597033 -3.198000
v 0.366528 3.581585 -3.245000
v 0.366528 3.581585 -3.198000
v 0.360889 3.581585 -3.245000
v 0.360889 3.581585 -3.198000
v 0.360889 3.566138 -3.245000
v 0.360889 3.566138 -3.198000
v 0.406000 3.504350 -3.245000
v 0.406000 3.504350 -3.198000
v 0.406000 3.488902 -3.245000
v 0.406000 3.488902 -3.198000
v 0.439833 3.450285 -3.245000
v 0.439833 3.450285 -3.198000
v 0.439833 3.434837 -3.245000
v 0.439833 3.434837 -3.198000
v 0.468028 3.403943 -3.245000
v 0.468028 3.403943 -3.198000
v 0.468028 3.388496 -3.245000
v 0.468028 3.388496 -3.198000
v 0.490583 3.365325 -3.245000
v 0.490583 3.365325 -3.198000
v 0.490583 3.349878 -3.245000
v 0.490583 3.349878 -3.198000
v 0.518778 3.318984 -3.245000
v 0.518778 3.318984 -3.198000
v 0.518778 3.303537 -3.245000
v 0.518778 3.303537 -3.198000
v 0.552611 3.264919 -3.245000
v 0.552611 3.264919 -3.198000
v 0.552611 3.249472 -3.245000
v 0.552611 3.249472 -3.198000
v 0.586444 3.210854 -3.245000
v 0.586444 3.210854 -3.198000
v 0.586444 3.195407 -3.245000
v 0.586444 3.195407 -3.198000
v 0.614639 3.164512 -3.245000
v 0.614639 3.164512 -3.198000
v 0.614639 3.149065 -3.245000
v 0.614639 3.149065 -3.198000
v 0.648472 3.110447 -3.245000
v 0.648472 3.110447 -3.198000
v 0.648472 3.095000 -3.245000
v 0.648472 3.095000 -3.198000
v 0.490583 3.095000 -3.245000
v 0.490583 3.095000 -3.198000
v 0.462389 3.133618 -3.245000
v 0.462389 3.133618 -3.198000
v 0.462389 3.149065 -3.245000
v 0.462389 3.149065 -3.198000
v 0.434194 3.179959 -3.245000
v 0.434194 3.179959 -3.198000
v 0.434194 3.195407 -3.245000
v 0.434194 3.195407 -3.198000
v 0.400361 3.234024 -3.245000
v 0.400361 3.234024 -3.198000
v 0.400361 3.249472 -3.245000
v 0.400361 3.249472 -3.198000
v 0.383444 3.264919 -3.245000
v 0.383444 3.264919 -3.198000
v 0.383444 3.280366 -3.245000
v 0.383444 3.280366 -3.198000
v 0.321417 3.365325 -3.245000
v 0.321417 3.365325 -3.198000
v 0.321417 3.380772 -3.245000
v 0.321417 3.380772 -3.198000
v 0.310139 3.396220 -3.245000
v 0.310139 3.396220 -3.198000
v 0.293222 3.388496 -3.245000
v 0.293222 3.388496 -3.198000
v 0.248111 3.249472 -3.245000
v 0.248111 3.249472 -3.198000
v 0.090222 3.249472 -3.245000
v 0.090222 3.249472 -3.198000
v 0.090222 3.272642 -3.245000
v 0.090222 3.272642 -3.198000
v 0.095861 3.272642 -3.245000
v 0.095861 3.272642 -3.198000
v 0.140972 3.411667 -3.245000
v 0.140972 3.411667 -3.198000
v 0.146611 3.411667 -3.245000
v 0.146611 3.411667 -3.198000
v 0.146611 3.434837 -3.245000
v 0.146611 3.434837 -3.198000
v 0.152250 3.434837 -3.245000
v 0.152250 3.434837 -3.198000
v 0.174806 3.512073 -3.245000
v 0.174806 3.512073 -3.198000
v 0.180444 3.512073 -3.245000
v 0.180444 3.512073 -3.198000
v 0.180444 3.527520 -3.245000
v 0.180444 3.527520 -3.198000
v 0.186083 3.527520 -3.245000
v 0.186083 3.527520 -3.198000
v 0.191722 3.558415 -3.245000
v 0.191722 3.558415 -3.198000
v 0.197361 3.558415 -3.245000
v 0.197361 3.558415 -3.198000
v 0.197361 3.581585 -3.245000
v 0.197361 3.581585 -3.198000
v 0.146611 3.651098 -3.245000
v 0.146611 3.651098 -3.198000
v 0.146611 3.666545 -3.245000
v 0.146611 3.666545 -3.198000
v 0.112778 3.705163 -3.245000
v 0.112778 3.705163 -3.198000
v 0.112778 3.720610 -3.245000
v 0.112778 3.720610 -3.198000
v 0.084583 3.751504 -3.245000
v 0.084583 3.751504 -3.198000
v 0.084583 3.766951 -3.245000
v 0.084583 3.766951 -3.198000
v 0.050750 3.805569 -3.245000
v 0.050750 3.805569 -3.198000
v 0.050750 3.821016 -3.245000
v 0.050750 3.821016 -3.198000
v 0.022556 3.851911 -3.245000
v 0.022556 3.851911 -3.198000
v 0.022556 3.867358 -3.245000
v 0.022556 3.867358 -3.198000
v 0.005639 3.890528 -3.245000
v 0.005639 3.890528 -3.198000
v 0.000000 3.890528 -3.245000
v 0.000000 3.890528 -3.198000
v 0.000000 3.875081 -3.245000
v 0.000000 3.875081 -3.198000
v 0.005639 3.875081 -3.245000
v 0.005639 3.875081 -3.198000
v 0.005639 3.836463 -3.245000
v 0.005639 3.836463 -3.198000
v 0.011278 3.836463 -3.245000
v 0.011278 3.836463 -3.198000
v 0.011278 3.782398 -3.245000
v 0.011278 3.782398 -3.198000
v 0.016917 3.782398 -3.245000
v 0.016917 3.782398 -3.198000
v 0.016917 3.743780 -3.245000
v 0.016917 3.743780 -3.198000
v 0.022556 3.743780 -3.245000
v 0.022556 3.743780 -3.198000
v 0.033833 3.604756 -3.245000
v 0.033833 3.604756 -3.198000
v 0.039472 3.604756 -3.245000
v 0.039472 3.604756 -3.198000
v 0.039472 3.573862 -3.245000
v 0.039472 3.573862 -3.198000
v 0.045111 3.573862 -3.245000
v 0.045111 3.573862 -3.198000
v 0.039472 3.558415 -3.245000
v 0.039472 3.558415 -3.198000
v 0.045111 3.558415 -3.245000
v 0.045111 3.558415 -3.198000
v 0.045111 3.527520 -3.245000
v 0.045111 3.527520 -3.198000
v 0.050750 3.527520 -3.245000
v 0.050750 3.527520 -3.198000
v 0.062028 3.388496 -3.245000
v 0.062028 3.388496 -3.198000
v 0.067667 3.388496 -3.245000
v 0.067667 3.388496 -3.198000
v 0.084583 3.249472 -3.245000
v 0.084583 3.249472 -3.198000
v -0.056389 3.249472 -3.245000
v -0.056389 3.249472 -3.198000
v -0.062028 3.272642 -3.245000
v -0.062028 3.272642 -3.198000
v -0.067667 3.272642 -3.245000
v -0.067667 3.272642 -3.198000
v -0.067667 3.326707 -3.245000
v -0.067667 3.326707 -3.198000
v -0.073306 3.326707 -3.245000
v -0.073306 3.326707 -3.198000
v -0.073306 3.373049 -3.245000
v -0.073306 3.373049 -3.198000
v -0.078944 3.373049 -3.245000
v -0.078944 3.373049 -3.198000
v -0.078944 3.411667 -3.245000
v -0.078944 3.411667 -3.198000
v -0.084583 3.411667 -3.245000
v -0.084583 3.411667 -3.198000
v -0.090222 3.488902 -3.245000
v -0.090222 3.488902 -3.198000
v -0.203000 3.488902 -3.245000
v -0.203000 3.488902 -3.198000
v -0.203000 3.496626 -3.245000
v -0.203000 3.496626 -3.198000
v -0.242472 3.496626 -3.245000
v -0.242472 3.496626 -3.198000
v -0.242472 3.504350 -3.245000
v -0.242472 3.504350 -3.198000
v -0.259389 3.504350 -3.245000
v -0.259389 3.504350 -3.198000
v -0.259389 3.512073 -3.245000
v -0.259389 3.512073 -3.198000
v -0.276306 3.512073 -3.245000
v -0.276306 3.512073 -3.198000
v -0.287583 3.527520 -3.245000
v -0.287583 3.527520 -3.198000
v -0.298861 3.527520 -3.245000
v -0.298861 3.527520 -3.198000
v -0.343972 3.589309 -3.245000
v -0.343972 3.589309 -3.198000
v -0.360889 3.651098 -3.245000
v -0.360889 3.651098 -3.198000
v -0.366528 3.651098 -3.245000
v -0.366528 3.651098 -3.198000
v -0.366528 3.681992 -3.245000
v -0.366528 3.681992 -3.198000
v -0.372167 3.681992 -3.245000
v -0.372167 3.681992 -3.198000
v -0.372167 3.797846 -3.245000
v -0.372167 3.797846 -3.198000
v -0.360889 3.813293 -3.245000
v -0.360889 3.813293 -3.198000
v -0.360889 3.828740 -3.245000
v -0.360889 3.828740 -3.198000
v -0.349611 3.836463 -3.245000
v -0.349611 3.836463 -3.198000
v -0.349611 3.851911 -3.245000
v -0.349611 3.851911 -3.198000
v -0.338333 3.851911 -3.245000
v -0.338333 3.851911 -3.198000
v -0.332694 3.867358 -3.245000
v -0.332694 3.867358 -3.198000
v -0.310139 3.875081 -3.245000
v -0.310139 3.875081 -3.198000
v -0.310139 3.882805 -3.245000
v -0.310139 3.882805 -3.198000
v -0.293222 3.882805 -3.245000
v -0.293222 3.882805 -3.198000
v -0.293222 3.890528 -3.245000
v -0.293222 3.890528 -3.198000
v 0.000000 3.890528 -3.245000
v 0.000000 3.890528 -3.198000
v 0.000000 3.905976 -3.245000
v 0.000000 3.905976 -3.198000
v -0.028194 3.936870 -3.245000
v -0.028194 3.936870 -3.198000
v -0.028194 3.952317 -3.245000
v -0.028194 3.952317 -3.198000
v -0.062028 3.990935 -3.245000
v -0.062028 3.990935 -3.198000
v -0.062028 4.006382 -3.245000
v -0.062028 4.006382 -3.198000
v -0.090222 4.045000 -3.245000
v -0.090222 4.045000 -3.198000
v 0.073306 4.045000 -3.245000
v 0.073306 4.045000 -3.198000
v 1.257472 3.998659 -3.245000
v 1.257472 3.998659 -3.198000
v 1.296944 3.998659 -3.245000
v 1.296944 3.998659 -3.198000
v 1.296944 3.990935 -3.245000
v 1.296944 3.990935 -3.198000
v 1.336417 3.983211 -3.245000
v 1.336417 3.983211 -3.198000
v 1.347694 3.967764 -3.245000
v 1.347694 3.967764 -3.198000
v 1.364611 3.967764 -3.245000
v 1.364611 3.967764 -3.198000
v 1.364611 3.960041 -3.245000
v 1.364611 3.960041 -3.198000
v 1.398444 3.944593 -3.245000
v 1.398444 3.944593 -3.198000
v 1.398444 3.936870 -3.245000
v 1.398444 3.936870 -3.198000
v 1.409722 3.936870 -3.245000
v 1.409722 3.936870 -3.198000
v 1.409722 3.929146 -3.245000
v 1.409722 3.929146 -3.198000
v 1.421000 3.929146 -3.245000
v 1.421000 3.929146 -3.198000
v 1.443556 3.898252 -3.245000
v 1.443556 3.898252 -3.198000
v 1.454833 3.898252 -3.245000
v 1.454833 3.898252 -3.198000
v 1.483028 3.944593 -3.245000
v 1.483028 3.944593 -3.198000
v 1.516861 3.960041 -3.245000
v 1.516861 3.960041 -3.198000
v 1.516861 3.967764 -3.245000
v 1.516861 3.967764 -3.198000
v 1.528139 3.967764 -3.245000
v 1.528139 3.967764 -3.198000
v 1.528139 3.975488 -3.245000
v 1.528139 3.975488 -3.198000
v 1.545056 3.975488 -3.245000
v 1.545056 3.975488 -3.198000
v 1.545056 3.983211 -3.245000
v 1.545056 3.983211 -3.198000
v 1.567611 3.983211 -3.245000
v 1.567611 3.983211 -3.198000
v 1.567611 3.990935 -3.245000
v 1.567611 3.990935 -3.198000
v 1.922861 3.990935 -3.245000
v 1.922861 3.990935 -3.198000
v 1.928500 3.944593 -3.245000
v 1.928500 3.944593 -3.198000
v 1.934139 3.944593 -3.245000
v 1.934139 3.944593 -3.198000
v 1.928500 3.929146 -3.245000
v 1.928500 3.929146 -3.198000
v 1.934139 3.929146 -3.245000
v 1.934139 3.929146 -3.198000
v 1.934139 3.898252 -3.245000
v 1.934139 3.898252 -3.198000
v 1.939778 3.898252 -3.245000
v 1.939778 3.898252 -3.198000
v 1.939778 3.851911 -3.245000
v 1.939778 3.851911 -3.198000
v 1.945417 3.851911 -3.245000
v 1.945417 3.851911 -3.198000
v 1.945417 3.805569 -3.245000
v 1.945417 3.805569 -3.198000
v 1.951056 3.805569 -3.245000
v 1.951056 3.805569 -3.198000
v 1.951056 3.759228 -3.245000
v 1.951056 3.759228 -3.198000
v 1.956694 3.759228 -3.245000
v 1.956694 3.759228 -3.198000
v 1.956694 3.712886 -3.245000
v 1.956694 3.712886 -3.198000
v 1.962333 3.712886 -3.245000
v 1.962333 3.712886 -3.198000
v 1.962333 3.666545 -3.245000
v 1.962333 3.666545 -3.198000
v 1.967972 3.666545 -3.245000
v 1.967972 3.666545 -3.198000
v 1.967972 3.627927 -3.245000
v 1.967972 3.627927 -3.198000
v 1.973611 3.627927 -3.245000
v 1.973611 3.627927 -3.198000
v 1.973611 3.589309 -3.245000
v 1.973611 3.589309 -3.198000
v 1.979250 3.589309 -3.245000
v 1.979250 3.589309 -3.198000
v 1.973611 3.573862 -3.245000
v 1.973611 3.573862 -3.198000
v 1.979250 3.573862 -3.245000
v 1.979250 3.573862 -3.198000
v 1.979250 3.550691 -3.245000
v 1.979250 3.550691 -3.198000
v 1.984889 3.550691 -3.245000
v 1.984889 3.550691 -3.198000
v 1.984889 3.496626 -3.245000
v 1.984889 3.496626 -3.198000
v 1.990528 3.496626 -3.245000
v 1.990528 3.496626 -3.198000
v 1.990528 3.458008 -3.245000
v 1.990528 3.458008 -3.198000
v 1.996167 3.458008 -3.245000
v 1.996167 3.458008 -3.198000
v 1.996167 3.403943 -3.245000
v 1.996167 3.403943 -3.198000
v 2.001806 3.403943 -3.245000
v 2.001806 3.403943 -3.198000
v 2.001806 3.365325 -3.245000
v 2.001806 3.365325 -3.198000
v 2.007444 3.365325 -3.245000
v 2.007444 3.365325 -3.198000
v 2.018722 3.226301 -3.245000
v 2.018722 3.226301 -3.198000
v 2.024361 3.226301 -3.245000
v 2.024361 3.226301 -3.198000
v 2.024361 3.195407 -3.245000
v 2.024361 3.195407 -3.198000
v 2.030000 3.195407 -3.245000
v 2.030000 3.195407 -3.198000
v 2.024361 3.179959 -3.245000
v 2.024361 3.179959 -3.198000
v 2.030000 3.179959 -3.245000
v 2.030000 3.179959 -3.198000
v 2.030000 3.149065 -3.245000
v 2.030000 3.149065 -3.198000
v 1.742417 3.149065 -3.245000
v 1.742417 3.149065 -3.198000
v 1.714222 3.388496 -3.245000
v 1.714222 3.388496 -3.198000
v 1.629639 3.396220 -3.245000
v 1.629639 3.396220 -3.198000
v 1.629639 3.403943 -3.245000
v 1.629639 3.403943 -3.198000
v 1.584528 3.411667 -3.245000
v 1.584528 3.411667 -3.198000
v 1.584528 3.419390 -3.245000
v 1.584528 3.419390 -3.198000
v 1.573250 3.411667 -3.245000
v 1.573250 3.411667 -3.198000
v 1.573250 3.388496 -3.245000
v 1.573250 3.388496 -3.198000
v 1.567611 3.388496 -3.245000
v 1.567611 3.388496 -3.198000
v 1.567611 3.365325 -3.245000
v 1.567611 3.365325 -3.198000
v 1.561972 3.365325 -3.245000
v 1.561972 3.365325 -3.198000
v 1.550694 3.311260 -3.245000
v 1.550694 3.311260 -3.198000
v 1.539417 3.303537 -3.245000
v 1.539417 3.303537 -3.198000
v 1.539417 3.288089 -3.245000
v 1.539417 3.288089 -3.198000
v 1.522500 3.272642 -3.245000
v 1.522500 3.272642 -3.198000
v 1.522500 3.257195 -3.245000
v 1.522500 3.257195 -3.198000
v 1.505583 3.234024 -3.245000
v 1.505583 3.234024 -3.198000
v 1.494306 3.234024 -3.245000
v 1.494306 3.234024 -3.198000
v 1.477389 3.203130 -3.245000
v 1.477389 3.203130 -3.198000
v 1.454833 3.195407 -3.245000
v 1.454833 3.195407 -3.198000
v 1.449194 3.179959 -3.245000
v 1.449194 3.179959 -3.198000
v 1.432278 3.179959 -3.245000
v 1.432278 3.179959 -3.198000
v 1.421000 3.164512 -3.245000
v 1.421000 3.164512 -3.198000
v 1.409722 3.164512 -3.245000
v 1.409722 3.164512 -3.198000
v 1.409722 3.156789 -3.245000
v 1.409722 3.156789 -3.198000
v 1.387167 3.156789 -3.245000
v 1.387167 3.156789 -3.198000
v 1.387167 3.149065 -3.245000
v 1.387167 3.149065 -3.198000
v 1.347694 3.149065 -3.245000
v 1.347694 3.149065 -3.198000
v 1.347694 3.141341 -3.245000
v 1.347694 3.141341 -3.198000
v 1.268750 3.141341 -3.245000
v 1.268750 3.141341 -3.198000
v 1.268750 3.149065 -3.245000
v 1.268750 3.149065 -3.198000
v 1.195444 3.156789 -3.245000
v 1.195444 3.156789 -3.198000
v 1.195444 3.164512 -3.245000
v 1.195444 3.164512 -3.198000
v 1.178528 3.164512 -3.245000
v 1.178528 3.164512 -3.198000
v 1.178528 3.172236 -3.245000
v 1.178528 3.172236 -3.198000
v 1.161611 3.172236 -3.245000
v 1.161611 3.172236 -3.198000
v 1.161611 3.179959 -3.245000
v 1.161611 3.179959 -3.198000
v 1.144694 3.179959 -3.245000
v 1.144694 3.179959 -3.198000
v 1.144694 3.187683 -3.245000
v 1.144694 3.187683 -3.198000
v 1.110861 3.203130 -3.245000
v 1.110861 3.203130 -3.198000
v 1.110861 3.210854 -3.245000
v 1.110861 3.210854 -3.198000
v 1.099583 3.210854 -3.245000
v 1.099583 3.210854 -3.198000
v 1.093944 3.226301 -3.245000
v 1.093944 3.226301 -3.198000
v 1.082667 3.226301 -3.245000
v 1.082667 3.226301 -3.198000
v 1.077028 3.241748 -3.245000
v 1.077028 3.241748 -3.198000
v 1.065750 3.241748 -3.245000
v 1.065750 3.241748 -3.198000
v 1.020639 3.303537 -3.245000
v 1.020639 3.303537 -3.198000
v 1.009361 3.342154 -3.245000
v 1.009361 3.342154 -3.198000
v 0.998083 3.349878 -3.245000
v 0.998083 3.349878 -3.198000
v 0.969889 3.442561 -3.245000
v 0.969889 3.442561 -3.198000
v 0.964250 3.442561 -3.245000
v 0.964250 3.442561 -3.198000
v 0.958611 3.488902 -3.245000
v 0.958611 3.488902 -3.198000
v 0.952972 3.488902 -3.245000
v 0.952972 3.488902 -3.198000
v 0.936056 3.651098 -3.245000
v 0.936056 3.651098 -3.198000
v 0.941694 3.651098 -3.245000
v 0.941694 3.651098 -3.198000
v 0.941694 3.736057 -3.245000
v 0.941694 3.736057 -3.198000
v 0.947333 3.736057 -3.245000
v 0.947333 3.736057 -3.198000
v 0.952972 3.790122 -3.245000
v 0.952972 3.790122 -3.198000
v 0.964250 3.805569 -3.245000
v 0.964250 3.805569 -3.198000
v 0.964250 3.828740 -3.245000
v 0.964250 3.828740 -3.198000
v 0.981167 3.851911 -3.245000
v 0.981167 3.851911 -3.198000
v 0.981167 3.867358 -3.245000
v 0.981167 3.867358 -3.198000
v 1.031917 3.936870 -3.245000
v 1.031917 3.936870 -3.198000
v 1.043194 3.936870 -3.245000
v 1.043194 3.936870 -3.198000
v 1.048833 3.952317 -3.245000
v 1.048833 3.952317 -3.198000
v 1.082667 3.967764 -3.245000
v 1.082667 3.967764 -3.198000
v 1.082667 3.975488 -3.245000
v 1.082667 3.975488 -3.198000
v 1.093944 3.975488 -3.245000
v 1.093944 3.975488 -3.198000
v 1.093944 3.983211 -3.245000
v 1.093944 3.983211 -3.198000
v 1.110861 3.983211 -3.245000
v 1.110861 3.983211 -3.198000
v 1.110861 3.990935 -3.245000
v 1.110861 3.990935 -3.198000
v 1.133417 3.990935 -3.245000
v 1.133417 3.990935 -3.198000
v 1.133417 3.998659 -3.245000
v 1.133417 3.998659 -3.198000
v 1.167250 3.998659 -3.245000
v 1.167250 3.998659 -3.198000
v 1.167250 4.006382 -3.245000
v 1.167250 4.006382 -3.198000
v 1.257472 4.006382 -3.245000
v 1.257472 4.006382 -3.198000
v 1.172889 3.975488 -3.245000
v 1.172889 3.975488 -3.198000
v 1.172889 3.967764 -3.245000
v 1.172889 3.967764 -3.198000
v 1.139056 3.967764 -3.245000
v 1.139056 3.967764 -3.198000
v 1.139056 3.960041 -3.245000
v 1.139056 3.960041 -3.198000
v 1.099583 3.952317 -3.245000
v 1.099583 3.952317 -3.198000
v 1.099583 3.944593 -3.245000
v 1.099583 3.944593 -3.198000
v 1.077028 3.936870 -3.245000
v 1.077028 3.936870 -3.198000
v 1.077028 3.929146 -3.245000
v 1.077028 3.929146 -3.198000
v 1.065750 3.929146 -3.245000
v 1.065750 3.929146 -3.198000
v 1.065750 3.921423 -3.245000
v 1.065750 3.921423 -3.198000
v 1.054472 3.921423 -3.245000
v 1.054472 3.921423 -3.198000
v 0.992444 3.836463 -3.245000
v 0.992444 3.836463 -3.198000
v 0.981167 3.782398 -3.245000
v 0.981167 3.782398 -3.198000
v 0.975528 3.782398 -3.245000
v 0.975528 3.782398 -3.198000
v 0.975528 3.759228 -3.245000
v 0.975528 3.759228 -3.198000
v 0.969889 3.759228 -3.245000
v 0.969889 3.759228 -3.198000
v 0.969889 3.720610 -3.245000
v 0.969889 3.720610 -3.198000
v 0.964250 3.720610 -3.245000
v 0.964250 3.720610 -3.198000
v 0.964250 3.689715 -3.245000
v 0.964250 3.689715 -3.198000
v 0.958611 3.689715 -3.245000
v 0.958611 3.689715 -3.198000
v 0.958611 3.597033 -3.245000
v 0.958611 3.597033 -3.198000
v 0.964250 3.597033 -3.245000
v 0.964250 3.597033 -3.198000
v 0.975528 3.496626 -3.245000
v 0.975528 3.496626 -3.198000
v 0.981167 3.496626 -3.245000
v 0.981167 3.496626 -3.198000
v 0.986806 3.450285 -3.245000
v 0.986806 3.450285 -3.198000
v 0.998083 3.434837 -3.245000
v 0.998083 3.434837 -3.198000
v 1.003722 3.396220 -3.245000
v 1.003722 3.396220 -3.198000
v 1.020639 3.373049 -3.245000
v 1.020639 3.373049 -3.198000
v 1.020639 3.357602 -3.245000
v 1.020639 3.357602 -3.198000
v 1.031917 3.349878 -3.245000
v 1.031917 3.349878 -3.198000
v 1.031917 3.334431 -3.245000
v 1.031917 3.334431 -3.198000
v 1.088306 3.257195 -3.245000
v 1.088306 3.257195 -3.198000
v 1.099583 3.257195 -3.245000
v 1.099583 3.257195 -3.198000
v 1.105222 3.241748 -3.245000
v 1.105222 3.241748 -3.198000
v 1.139056 3.226301 -3.245000
v 1.139056 3.226301 -3.198000
v 1.139056 3.218577 -3.245000
v 1.139056 3.218577 -3.198000
v 1.150333 3.218577 -3.245000
v 1.150333 3.218577 -3.198000
v 1.150333 3.210854 -3.245000
v 1.150333 3.210854 -3.198000
v 1.161611 3.210854 -3.245000
v 1.161611 3.210854 -3.198000
v 1.161611 3.203130 -3.245000
v 1.161611 3.203130 -3.198000
v 1.201083 3.195407 -3.245000
v 1.201083 3.195407 -3.198000
v 1.201083 3.187683 -3.245000
v 1.201083 3.187683 -3.198000
v 1.229278 3.187683 -3.245000
v 1.229278 3.187683 -3.198000
v 1.229278 3.179959 -3.245000
v 1.229278 3.179959 -3.198000
v 1.336417 3.172236 -3.245000
v 1.336417 3.172236 -3.198000
v 1.336417 3.179959 -3.245000
v 1.336417 3.179959 -3.198000
v 1.381528 3.179959 -3.245000
v 1.381528 3.179959 -3.198000
v 1.381528 3.187683 -3.245000
v 1.381528 3.187683 -3.198000
v 1.404083 3.187683 -3.245000
v 1.404083 3.187683 -3.198000
v 1.404083 3.195407 -3.245000
v 1.404083 3.195407 -3.198000
v 1.437917 3.210854 -3.245000
v 1.437917 3.210854 -3.198000
v 1.437917 3.218577 -3.245000
v 1.437917 3.218577 -3.198000
v 1.449194 3.218577 -3.245000
v 1.449194 3.218577 -3.198000
v 1.449194 3.226301 -3.245000
v 1.449194 3.226301 -3.198000
v 1.460472 3.226301 -3.245000
v 1.460472 3.226301 -3.198000
v 1.466111 3.241748 -3.245000
v 1.466111 3.241748 -3.198000
v 1.477389 3.241748 -3.245000
v 1.477389 3.241748 -3.198000
v 1.511222 3.288089 -3.245000
v 1.511222 3.288089 -3.198000
v 1.511222 3.303537 -3.245000
v 1.511222 3.303537 -3.198000
v 1.528139 3.318984 -3.245000
v 1.528139 3.318984 -3.198000
v 1.539417 3.365325 -3.245000
v 1.539417 3.365325 -3.198000
v 1.545056 3.365325 -3.245000
v 1.545056 3.365325 -3.198000
v 1.550694 3.411667 -3.245000
v 1.550694 3.411667 -3.198000
v 1.556333 3.411667 -3.245000
v 1.556333 3.411667 -3.198000
v 1.556333 3.458008 -3.245000
v 1.556333 3.458008 -3.198000
v 1.573250 3.458008 -3.245000
v 1.573250 3.458008 -3.198000
v 1.573250 3.450285 -3.245000
v 1.573250 3.450285 -3.198000
v 1.590167 3.450285 -3.245000
v 1.590167 3.450285 -3.198000
v 1.590167 3.442561 -3.245000
v 1.590167 3.442561 -3.198000
v 1.607083 3.442561 -3.245000
v 1.607083 3.442561 -3.198000
v 1.607083 3.434837 -3.245000
v 1.607083 3.434837 -3.198000
v 1.635278 3.434837 -3.245000
v 1.635278 3.434837 -3.198000
v 1.635278 3.427114 -3.245000
v 1.635278 3.427114 -3.198000
v 1.731139 3.427114 -3.245000
v 1.731139 3.427114 -3.198000
v 1.748056 3.272642 -3.245000
v 1.748056 3.272642 -3.198000
v 1.753694 3.272642 -3.245000
v 1.753694 3.272642 -3.198000
v 1.753694 3.218577 -3.245000
v 1.753694 3.218577 -3.198000
v 1.759333 3.218577 -3.245000
v 1.759333 3.218577 -3.198000
v 1.764972 3.179959 -3.245000
v 1.764972 3.179959 -3.198000
v 1.770611 3.187683 -3.245000
v 1.770611 3.187683 -3.198000
v 1.996167 3.187683 -3.245000
v 1.996167 3.187683 -3.198000
v 2.001806 3.179959 -3.245000
v 2.001806 3.179959 -3.198000
v 1.996167 3.280366 -3.245000
v 1.996167 3.280366 -3.198000
v 1.990528 3.280366 -3.245000
v 1.990528 3.280366 -3.198000
v 1.990528 3.311260 -3.245000
v 1.990528 3.311260 -3.198000
v 1.984889 3.311260 -3.245000
v 1.984889 3.311260 -3.198000
v 1.990528 3.326707 -3.245000
v 1.990528 3.326707 -3.198000
v 1.984889 3.326707 -3.245000
v 1.984889 3.326707 -3.198000
v 1.984889 3.357602 -3.245000
v 1.984889 3.357602 -3.198000
v 1.979250 3.357602 -3.245000
v 1.979250 3.357602 -3.198000
v 1.956694 3.589309 -3.245000
v 1.956694 3.589309 -3.198000
v 1.951056 3.589309 -3.245000
v 1.951056 3.589309 -3.198000
v 1.951056 3.627927 -3.245000
v 1.951056 3.627927 -3.198000
v 1.945417 3.627927 -3.245000
v 1.945417 3.627927 -3.198000
v 1.945417 3.681992 -3.245000
v 1.945417 3.681992 -3.198000
v 1.939778 3.681992 -3.245000
v 1.939778 3.681992 -3.198000
v 1.939778 3.705163 -3.245000
v 1.939778 3.705163 -3.198000
v 1.934139 3.705163 -3.245000
v 1.934139 3.705163 -3.198000
v 1.939778 3.720610 -3.245000
v 1.939778 3.720610 -3.198000
v 1.934139 3.720610 -3.245000
v 1.934139 3.720610 -3.198000
v 1.934139 3.759228 -3.245000
v 1.934139 3.759228 -3.198000
v 1.928500 3.759228 -3.245000
v 1.928500 3.759228 -3.198000
v 1.928500 3.797846 -3.245000
v 1.928500 3.797846 -3.198000
v 1.922861 3.797846 -3.245000
v 1.922861 3.797846 -3.198000
v 1.922861 3.844187 -3.245000
v 1.922861 3.844187 -3.198000
v 1.917222 3.844187 -3.245000
v 1.917222 3.844187 -3.198000
v 1.905944 3.960041 -3.245000
v 1.905944 3.960041 -3.198000
v 1.573250 3.960041 -3.245000
v 1.573250 3.960041 -3.198000
v 1.573250 3.952317 -3.245000
v 1.573250 3.952317 -3.198000
v 1.550694 3.952317 -3.245000
v 1.550694 3.952317 -3.198000
v 1.550694 3.944593 -3.245000
v 1.550694 3.944593 -3.198000
v 1.533778 3.944593 -3.245000
v 1.533778 3.944593 -3.198000
v 1.522500 3.929146 -3.245000
v 1.522500 3.929146 -3.198000
v 1.511222 3.929146 -3.245000
v 1.511222 3.929146 -3.198000
v 1.511222 3.921423 -3.245000
v 1.511222 3.921423 -3.198000
v 1.499944 3.921423 -3.245000
v 1.499944 3.921423 -3.198000
v 1.460472 3.867358 -3.245000
v 1.460472 3.867358 -3.198000
v 1.460472 3.851911 -3.245000
v 1.460472 3.851911 -3.198000
v 1.449194 3.851911 -3.245000
v 1.449194 3.851911 -3.198000
v 1.415361 3.898252 -3.245000
v 1.415361 3.898252 -3.198000
v 1.392806 3.905976 -3.245000
v 1.392806 3.905976 -3.198000
v 1.387167 3.921423 -3.245000
v 1.387167 3.921423 -3.198000
v 1.364611 3.929146 -3.245000
v 1.364611 3.929146 -3.198000
v 1.364611 3.936870 -3.245000
v 1.364611 3.936870 -3.198000
v 1.347694 3.936870 -3.245000
v 1.347694 3.936870 -3.198000
v 1.347694 3.944593 -3.245000
v 1.347694 3.944593 -3.198000
v 1.330778 3.944593 -3.245000
v 1.330778 3.944593 -3.198000
v 1.330778 3.952317 -3.245000
v 1.330778 3.952317 -3.198000
v 1.313861 3.952317 -3.245000
v 1.313861 3.952317 -3.198000
v 1.313861 3.960041 -3.245000
v 1.313861 3.960041 -3.198000
v 1.257472 3.967764 -3.245000
v 1.257472 3.967764 -3.198000
v 1.251833 3.975488 -3.245000
v 1.251833 3.975488 -3.198000
v 1.257472 3.898252 -3.245000
v 1.257472 3.898252 -3.198000
v 1.291306 3.898252 -3.245000
v 1.291306 3.898252 -3.198000
v 1.291306 3.890528 -3.245000
v 1.291306 3.890528 -3.198000
v 1.313861 3.890528 -3.245000
v 1.313861 3.890528 -3.198000
v 1.313861 3.882805 -3.245000
v 1.313861 3.882805 -3.198000
v 1.330778 3.882805 -3.245000
v 1.330778 3.882805 -3.198000
v 1.330778 3.875081 -3.245000
v 1.330778 3.875081 -3.198000
v 1.347694 3.875081 -3.245000
v 1.347694 3.875081 -3.198000
v 1.358972 3.859634 -3.245000
v 1.358972 3.859634 -3.198000
v 1.370250 3.859634 -3.245000
v 1.370250 3.859634 -3.198000
v 1.375889 3.844187 -3.245000
v 1.375889 3.844187 -3.198000
v 1.387167 3.844187 -3.245000
v 1.387167 3.844187 -3.198000
v 1.392806 3.828740 -3.245000
v 1.392806 3.828740 -3.198000
v 1.404083 3.828740 -3.245000
v 1.404083 3.828740 -3.198000
v 1.443556 3.774675 -3.245000
v 1.443556 3.774675 -3.198000
v 1.460472 3.720610 -3.245000
v 1.460472 3.720610 -3.198000
v 1.471750 3.712886 -3.245000
v 1.471750 3.712886 -3.198000
v 1.477389 3.674268 -3.245000
v 1.477389 3.674268 -3.198000
v 1.488667 3.658821 -3.245000
v 1.488667 3.658821 -3.198000
v 1.488667 3.635650 -3.245000
v 1.488667 3.635650 -3.198000
v 1.494306 3.635650 -3.245000
v 1.494306 3.635650 -3.198000
v 1.494306 3.612480 -3.245000
v 1.494306 3.612480 -3.198000
v 1.499944 3.612480 -3.245000
v 1.499944 3.612480 -3.198000
v 1.499944 3.581585 -3.245000
v 1.499944 3.581585 -3.198000
v 1.505583 3.581585 -3.245000
v 1.505583 3.581585 -3.198000
v 1.505583 3.419390 -3.245000
v 1.505583 3.419390 -3.198000
v 1.499944 3.419390 -3.245000
v 1.499944 3.419390 -3.198000
v 1.488667 3.357602 -3.245000
v 1.488667 3.357602 -3.198000
v 1.477389 3.349878 -3.245000
v 1.477389 3.349878 -3.198000
v 1.477389 3.334431 -3.245000
v 1.477389 3.334431 -3.198000
v 1.437917 3.280366 -3.245000
v 1.437917 3.280366 -3.198000
v 1.415361 3.272642 -3.245000
v 1.415361 3.272642 -3.198000
v 1.415361 3.264919 -3.245000
v 1.415361 3.264919 -3.198000
v 1.398444 3.264919 -3.245000
v 1.398444 3.264919 -3.198000
v 1.398444 3.257195 -3.245000
v 1.398444 3.257195 -3.198000
v 1.381528 3.257195 -3.245000
v 1.381528 3.257195 -3.198000
v 1.381528 3.249472 -3.245000
v 1.381528 3.249472 -3.198000
v 1.353333 3.249472 -3.245000
v 1.353333 3.249472 -3.198000
v 1.353333 3.241748 -3.245000
v 1.353333 3.241748 -3.198000
v 1.246194 3.241748 -3.245000
v 1.246194 3.241748 -3.198000
v 1.246194 3.249472 -3.245000
v 1.246194 3.249472 -3.198000
v 1.212361 3.249472 -3.245000
v 1.212361 3.249472 -3.198000
v 1.212361 3.257195 -3.245000
v 1.212361 3.257195 -3.198000
v 1.178528 3.264919 -3.245000
v 1.178528 3.264919 -3.198000
v 1.167250 3.280366 -3.245000
v 1.167250 3.280366 -3.198000
v 1.155972 3.280366 -3.245000
v 1.155972 3.280366 -3.198000
v 1.155972 3.288089 -3.245000
v 1.155972 3.288089 -3.198000
v 1.144694 3.288089 -3.245000
v 1.144694 3.288089 -3.198000
v 1.139056 3.303537 -3.245000
v 1.139056 3.303537 -3.198000
v 1.127778 3.303537 -3.245000
v 1.127778 3.303537 -3.198000
v 1.065750 3.388496 -3.245000
v 1.065750 3.388496 -3.198000
v 1.065750 3.403943 -3.245000
v 1.065750 3.403943 -3.198000
v 1.054472 3.411667 -3.245000
v 1.054472 3.411667 -3.198000
v 1.043194 3.458008 -3.245000
v 1.043194 3.458008 -3.198000
v 1.037556 3.458008 -3.245000
v 1.037556 3.458008 -3.198000
v 1.031917 3.504350 -3.245000
v 1.031917 3.504350 -3.198000
v 1.026278 3.504350 -3.245000
v 1.026278 3.504350 -3.198000
v 1.026278 3.519797 -3.245000
v 1.026278 3.519797 -3.198000
v 1.172889 3.519797 -3.245000
v 1.172889 3.519797 -3.198000
v 1.172889 3.496626 -3.245000
v 1.172889 3.496626 -3.198000
v 1.178528 3.496626 -3.245000
v 1.178528 3.496626 -3.198000
v 1.189806 3.450285 -3.245000
v 1.189806 3.450285 -3.198000
v 1.195444 3.450285 -3.245000
v 1.195444 3.450285 -3.198000
v 1.195444 3.434837 -3.245000
v 1.195444 3.434837 -3.198000
v 1.206722 3.419390 -3.245000
v 1.206722 3.419390 -3.198000
v 1.218000 3.419390 -3.245000
v 1.218000 3.419390 -3.198000
v 1.223639 3.403943 -3.245000
v 1.223639 3.403943 -3.198000
v 1.234917 3.403943 -3.245000
v 1.234917 3.403943 -3.198000
v 1.234917 3.396220 -3.245000
v 1.234917 3.396220 -3.198000
v 1.251833 3.396220 -3.245000
v 1.251833 3.396220 -3.198000
v 1.251833 3.388496 -3.245000
v 1.251833 3.388496 -3.198000
v 1.313861 3.388496 -3.245000
v 1.313861 3.388496 -3.198000
v 1.313861 3.396220 -3.245000
v 1.313861 3.396220 -3.198000
v 1.336417 3.403943 -3.245000
v 1.336417 3.403943 -3.198000
v 1.353333 3.427114 -3.245000
v 1.353333 3.427114 -3.198000
v 1.353333 3.450285 -3.245000
v 1.353333 3.450285 -3.198000
v 1.364611 3.465732 -3.245000
v 1.364611 3.465732 -3.198000
v 1.364611 3.550691 -3.245000
v 1.364611 3.550691 -3.198000
v 1.358972 3.550691 -3.245000
v 1.358972 3.550691 -3.198000
v 1.358972 3.581585 -3.245000
v 1.358972 3.581585 -3.198000
v 1.353333 3.581585 -3.245000
v 1.353333 3.581585 -3.198000
v 1.353333 3.612480 -3.245000
v 1.353333 3.612480 -3.198000
v 1.347694 3.612480 -3.245000
v 1.347694 3.612480 -3.198000
v 1.347694 3.643374 -3.245000
v 1.347694 3.643374 -3.198000
v 1.336417 3.658821 -3.245000
v 1.336417 3.658821 -3.198000
v 1.336417 3.674268 -3.245000
v 1.336417 3.674268 -3.198000
v 1.330778 3.674268 -3.245000
v 1.330778 3.674268 -3.198000
v 1.330778 3.689715 -3.245000
v 1.330778 3.689715 -3.198000
v 1.296944 3.736057 -3.245000
v 1.296944 3.736057 -3.198000
v 1.274389 3.743780 -3.245000
v 1.274389 3.743780 -3.198000
v 1.274389 3.751504 -3.245000
v 1.274389 3.751504 -3.198000
v 1.223639 3.759228 -3.245000
v 1.223639 3.759228 -3.198000
v 1.223639 3.751504 -3.245000
v 1.223639 3.751504 -3.198000
v 1.201083 3.751504 -3.245000
v 1.201083 3.751504 -3.198000
v 1.189806 3.736057 -3.245000
v 1.189806 3.736057 -3.198000
v 1.178528 3.736057 -3.245000
v 1.178528 3.736057 -3.198000
v 1.172889 3.712886 -3.245000
v 1.172889 3.712886 -3.198000
v 1.161611 3.705163 -3.245000
v 1.161611 3.705163 -3.198000
v 1.150333 3.651098 -3.245000
v 1.150333 3.651098 -3.198000
v 1.015000 3.651098 -3.245000
v 1.015000 3.651098 -3.198000
v 1.009361 3.658821 -3.245000
v 1.009361 3.658821 -3.198000
v 1.009361 3.712886 -3.245000
v 1.009361 3.712886 -3.198000
v 1.015000 3.712886 -3.245000
v 1.015000 3.712886 -3.198000
v 1.015000 3.736057 -3.245000
v 1.015000 3.736057 -3.198000
v 1.020639 3.736057 -3.245000
v 1.020639 3.736057 -3.198000
v 1.020639 3.759228 -3.245000
v 1.020639 3.759228 -3.198000
v 1.026278 3.759228 -3.245000
v 1.026278 3.759228 -3.198000
v 1.026278 3.782398 -3.245000
v 1.026278 3.782398 -3.198000
v 1.048833 3.813293 -3.245000
v 1.048833 3.813293 -3.198000
v 1.048833 3.828740 -3.245000
v 1.048833 3.828740 -3.198000
v 1.060111 3.844187 -3.245000
v 1.060111 3.844187 -3.198000
v 1.071389 3.844187 -3.245000
v 1.071389 3.844187 -3.198000
v 1.082667 3.867358 -3.245000
v 1.082667 3.867358 -3.198000
v 1.105222 3.875081 -3.245000
v 1.105222 3.875081 -3.198000
v 1.105222 3.882805 -3.245000
v 1.105222 3.882805 -3.198000
v 1.122139 3.882805 -3.245000
v 1.122139 3.882805 -3.198000
v 1.122139 3.890528 -3.245000
v 1.122139 3.890528 -3.198000
v 1.144694 3.890528 -3.245000
v 1.144694 3.890528 -3.198000
v 1.144694 3.898252 -3.245000
v 1.144694 3.898252 -3.198000
v 1.178528 3.898252 -3.245000
v 1.178528 3.898252 -3.198000
v 1.178528 3.905976 -3.245000
v 1.178528 3.905976 -3.198000
v 1.257472 3.905976 -3.245000
v 1.257472 3.905976 -3.198000
v -1.409722 3.898252 -3.245000
v -1.409722 3.898252 -3.198000
v -1.358972 3.898252 -3.245000
v -1.358972 3.898252 -3.198000
v -1.358972 3.890528 -3.245000
v -1.358972 3.890528 -3.198000
v -1.330778 3.890528 -3.245000
v -1.330778 3.890528 -3.198000
v -1.319500 3.875081 -3.245000
v -1.319500 3.875081 -3.198000
v -1.291306 3.867358 -3.245000
v -1.291306 3.867358 -3.198000
v -1.285667 3.851911 -3.245000
v -1.285667 3.851911 -3.198000
v -1.274389 3.851911 -3.245000
v -1.274389 3.851911 -3.198000
v -1.234917 3.797846 -3.245000
v -1.234917 3.797846 -3.198000
v -1.234917 3.782398 -3.245000
v -1.234917 3.782398 -3.198000
v -1.223639 3.774675 -3.245000
v -1.223639 3.774675 -3.198000
v -1.218000 3.720610 -3.245000
v -1.218000 3.720610 -3.198000
v -1.212361 3.720610 -3.245000
v -1.212361 3.720610 -3.198000
v -1.212361 3.643374 -3.245000
v -1.212361 3.643374 -3.198000
v -1.218000 3.643374 -3.245000
v -1.218000 3.643374 -3.198000
v -1.218000 3.620203 -3.245000
v -1.218000 3.620203 -3.198000
v -1.229278 3.612480 -3.245000
v -1.229278 3.612480 -3.198000
v -1.229278 3.597033 -3.245000
v -1.229278 3.597033 -3.198000
v -1.240556 3.581585 -3.245000
v -1.240556 3.581585 -3.198000
v -1.251833 3.581585 -3.245000
v -1.251833 3.581585 -3.198000
v -1.263111 3.558415 -3.245000
v -1.263111 3.558415 -3.198000
v -1.291306 3.550691 -3.245000
v -1.291306 3.550691 -3.198000
v -1.302583 3.535244 -3.245000
v -1.302583 3.535244 -3.198000
v -1.319500 3.535244 -3.245000
v -1.319500 3.535244 -3.198000
v -1.319500 3.527520 -3.245000
v -1.319500 3.527520 -3.198000
v -1.336417 3.527520 -3.245000
v -1.336417 3.527520 -3.198000
v -1.336417 3.519797 -3.245000
v -1.336417 3.519797 -3.198000
v -1.381528 3.512073 -3.245000
v -1.381528 3.512073 -3.198000
v -1.381528 3.504350 -3.245000
v -1.381528 3.504350 -3.198000
v -1.398444 3.504350 -3.245000
v -1.398444 3.504350 -3.198000
v -1.398444 3.496626 -3.245000
v -1.398444 3.496626 -3.198000
v -1.426639 3.488902 -3.245000
v -1.426639 3.488902 -3.198000
v -1.443556 3.465732 -3.245000
v -1.443556 3.465732 -3.198000
v -1.443556 3.419390 -3.245000
v -1.443556 3.419390 -3.198000
v -1.437917 3.419390 -3.245000
v -1.437917 3.419390 -3.198000
v -1.437917 3.403943 -3.245000
v -1.437917 3.403943 -3.198000
v -1.415361 3.373049 -3.245000
v -1.415361 3.373049 -3.198000
v -1.398444 3.373049 -3.245000
v -1.398444 3.373049 -3.198000
v -1.398444 3.365325 -3.245000
v -1.398444 3.365325 -3.198000
v -1.342056 3.365325 -3.245000
v -1.342056 3.365325 -3.198000
v -1.342056 3.373049 -3.245000
v -1.342056 3.373049 -3.198000
v -1.325139 3.373049 -3.245000
v -1.325139 3.373049 -3.198000
v -1.313861 3.388496 -3.245000
v -1.313861 3.388496 -3.198000
v -1.302583 3.442561 -3.245000
v -1.302583 3.442561 -3.198000
v -1.296944 3.442561 -3.245000
v -1.296944 3.442561 -3.198000
v -1.302583 3.458008 -3.245000
v -1.302583 3.458008 -3.198000
v -1.161611 3.458008 -3.245000
v -1.161611 3.458008 -3.198000
v -1.167250 3.357602 -3.245000
v -1.167250 3.357602 -3.198000
v -1.172889 3.357602 -3.245000
v -1.172889 3.357602 -3.198000
v -1.178528 3.326707 -3.245000
v -1.178528 3.326707 -3.198000
v -1.184167 3.326707 -3.245000
v -1.184167 3.326707 -3.198000
v -1.184167 3.311260 -3.245000
v -1.184167 3.311260 -3.198000
v -1.212361 3.272642 -3.245000
v -1.212361 3.272642 -3.198000
v -1.234917 3.264919 -3.245000
v -1.234917 3.264919 -3.198000
v -1.234917 3.257195 -3.245000
v -1.234917 3.257195 -3.198000
v -1.251833 3.257195 -3.245000
v -1.251833 3.257195 -3.198000
v -1.251833 3.249472 -3.245000
v -1.251833 3.249472 -3.198000
v -1.285667 3.249472 -3.245000
v -1.285667 3.249472 -3.198000
v -1.285667 3.241748 -3.245000
v -1.285667 3.241748 -3.198000
v -1.409722 3.241748 -3.245000
v -1.409722 3.241748 -3.198000
v -1.409722 3.249472 -3.245000
v -1.409722 3.249472 -3.198000
v -1.460472 3.257195 -3.245000
v -1.460472 3.257195 -3.198000
v -1.460472 3.264919 -3.245000
v -1.460472 3.264919 -3.198000
v -1.494306 3.280366 -3.245000
v -1.494306 3.280366 -3.198000
v -1.494306 3.288089 -3.245000
v -1.494306 3.288089 -3.198000
v -1.505583 3.288089 -3.245000
v -1.505583 3.288089 -3.198000
v -1.522500 3.318984 -3.245000
v -1.522500 3.318984 -3.198000
v -1.533778 3.318984 -3.245000
v -1.533778 3.318984 -3.198000
v -1.545056 3.334431 -3.245000
v -1.545056 3.334431 -3.198000
v -1.545056 3.349878 -3.245000
v -1.545056 3.349878 -3.198000
v -1.561972 3.365325 -3.245000
v -1.561972 3.365325 -3.198000
v -1.573250 3.411667 -3.245000
v -1.573250 3.411667 -3.198000
v -1.578889 3.411667 -3.245000
v -1.578889 3.411667 -3.198000
v -1.578889 3.434837 -3.245000
v -1.578889 3.434837 -3.198000
v -1.590167 3.419390 -3.245000
v -1.590167 3.419390 -3.198000
v -1.590167 3.365325 -3.245000
v -1.590167 3.365325 -3.198000
v -1.595806 3.365325 -3.245000
v -1.595806 3.365325 -3.198000
v -1.601444 3.334431 -3.245000
v -1.601444 3.334431 -3.198000
v -1.607083 3.334431 -3.245000
v -1.607083 3.334431 -3.198000
v -1.607083 3.318984 -3.245000
v -1.607083 3.318984 -3.198000
v -1.640917 3.272642 -3.245000
v -1.640917 3.272642 -3.198000
v -1.663472 3.264919 -3.245000
v -1.663472 3.264919 -3.198000
v -1.663472 3.257195 -3.245000
v -1.663472 3.257195 -3.198000
v -1.680389 3.257195 -3.245000
v -1.680389 3.257195 -3.198000
v -1.680389 3.249472 -3.245000
v -1.680389 3.249472 -3.198000
v -1.714222 3.249472 -3.245000
v -1.714222 3.249472 -3.198000
v -1.714222 3.241748 -3.245000
v -1.714222 3.241748 -3.198000
v -1.838278 3.241748 -3.245000
v -1.838278 3.241748 -3.198000
v -1.838278 3.249472 -3.245000
v -1.838278 3.249472 -3.198000
v -1.866472 3.249472 -3.245000
v -1.866472 3.249472 -3.198000
v -1.866472 3.257195 -3.245000
v -1.866472 3.257195 -3.198000
v -1.883389 3.257195 -3.245000
v -1.883389 3.257195 -3.198000
v -1.883389 3.264919 -3.245000
v -1.883389 3.264919 -3.198000
v -1.900306 3.264919 -3.245000
v -1.900306 3.264919 -3.198000
v -1.917222 3.288089 -3.245000
v -1.917222 3.288089 -3.198000
v -1.939778 3.295813 -3.245000
v -1.939778 3.295813 -3.198000
v -1.984889 3.357602 -3.245000
v -1.984889 3.357602 -3.198000
v -1.984889 3.373049 -3.245000
v -1.984889 3.373049 -3.198000
v -2.001806 3.396220 -3.245000
v -2.001806 3.396220 -3.198000
v -2.001806 3.419390 -3.245000
v -2.001806 3.419390 -3.198000
v -2.007444 3.419390 -3.245000
v -2.007444 3.419390 -3.198000
v -2.013083 3.535244 -3.245000
v -2.013083 3.535244 -3.198000
v -2.007444 3.535244 -3.245000
v -2.007444 3.535244 -3.198000
v -2.001806 3.573862 -3.245000
v -2.001806 3.573862 -3.198000
v -1.967972 3.620203 -3.245000
v -1.967972 3.620203 -3.198000
v -1.934139 3.635650 -3.245000
v -1.934139 3.635650 -3.198000
v -1.934139 3.643374 -3.245000
v -1.934139 3.643374 -3.198000
v -1.917222 3.643374 -3.245000
v -1.917222 3.643374 -3.198000
v -1.917222 3.651098 -3.245000
v -1.917222 3.651098 -3.198000
v -1.900306 3.651098 -3.245000
v -1.900306 3.651098 -3.198000
v -1.900306 3.658821 -3.245000
v -1.900306 3.658821 -3.198000
v -1.883389 3.658821 -3.245000
v -1.883389 3.658821 -3.198000
v -1.883389 3.666545 -3.245000
v -1.883389 3.666545 -3.198000
v -1.860833 3.666545 -3.245000
v -1.860833 3.666545 -3.198000
v -1.860833 3.674268 -3.245000
v -1.860833 3.674268 -3.198000
v -1.838278 3.674268 -3.245000
v -1.838278 3.674268 -3.198000
v -1.838278 3.681992 -3.245000
v -1.838278 3.681992 -3.198000
v -1.815722 3.681992 -3.245000
v -1.815722 3.681992 -3.198000
v -1.815722 3.689715 -3.245000
v -1.815722 3.689715 -3.198000
v -1.787528 3.697439 -3.245000
v -1.787528 3.697439 -3.198000
v -1.770611 3.720610 -3.245000
v -1.770611 3.720610 -3.198000
v -1.770611 3.736057 -3.245000
v -1.770611 3.736057 -3.198000
v -1.781889 3.751504 -3.245000
v -1.781889 3.751504 -3.198000
v -1.781889 3.766951 -3.245000
v -1.781889 3.766951 -3.198000
v -1.798806 3.774675 -3.245000
v -1.798806 3.774675 -3.198000
v -1.798806 3.782398 -3.245000
v -1.798806 3.782398 -3.198000
v -1.860833 3.782398 -3.245000
v -1.860833 3.782398 -3.198000
v -1.860833 3.774675 -3.245000
v -1.860833 3.774675 -3.198000
v -1.872111 3.774675 -3.245000
v -1.872111 3.774675 -3.198000
v -1.889028 3.751504 -3.245000
v -1.889028 3.751504 -3.198000
v -1.894667 3.712886 -3.245000
v -1.894667 3.712886 -3.198000
v -2.030000 3.712886 -3.245000
v -2.030000 3.712886 -3.198000
v -2.030000 3.782398 -3.245000
v -2.030000 3.782398 -3.198000
v -2.024361 3.782398 -3.245000
v -2.024361 3.782398 -3.198000
v -2.018722 3.821016 -3.245000
v -2.018722 3.821016 -3.198000
v -2.007444 3.828740 -3.245000
v -2.007444 3.828740 -3.198000
v -2.007444 3.844187 -3.245000
v -2.007444 3.844187 -3.198000
v -1.996167 3.859634 -3.245000
v -1.996167 3.859634 -3.198000
v -1.984889 3.859634 -3.245000
v -1.984889 3.859634 -3.198000
v -1.967972 3.882805 -3.245000
v -1.967972 3.882805 -3.198000
v -1.934139 3.890528 -3.245000
v -1.934139 3.890528 -3.198000
v -1.934139 3.898252 -3.245000
v -1.934139 3.898252 -3.198000
v -1.832639 3.905976 -3.245000
v -1.832639 3.905976 -3.198000
v -1.832639 3.898252 -3.245000
v -1.832639 3.898252 -3.198000
v -1.781889 3.898252 -3.245000
v -1.781889 3.898252 -3.198000
v -1.781889 3.890528 -3.245000
v -1.781889 3.890528 -3.198000
v -1.759333 3.890528 -3.245000
v -1.759333 3.890528 -3.198000
v -1.759333 3.882805 -3.245000
v -1.759333 3.882805 -3.198000
v -1.742417 3.882805 -3.245000
v -1.742417 3.882805 -3.198000
v -1.742417 3.875081 -3.245000
v -1.742417 3.875081 -3.198000
v -1.719861 3.867358 -3.245000
v -1.719861 3.867358 -3.198000
v -1.719861 3.859634 -3.245000
v -1.719861 3.859634 -3.198000
v -1.708583 3.859634 -3.245000
v -1.708583 3.859634 -3.198000
v -1.702944 3.844187 -3.245000
v -1.702944 3.844187 -3.198000
v -1.691667 3.844187 -3.245000
v -1.691667 3.844187 -3.198000
v -1.663472 3.805569 -3.245000
v -1.663472 3.805569 -3.198000
v -1.646556 3.743780 -3.245000
v -1.646556 3.743780 -3.198000
v -1.640917 3.743780 -3.245000
v -1.640917 3.743780 -3.198000
v -1.640917 3.712886 -3.245000
v -1.640917 3.712886 -3.198000
v -1.635278 3.712886 -3.245000
v -1.635278 3.712886 -3.198000
v -1.635278 3.658821 -3.245000
v -1.635278 3.658821 -3.198000
v -1.640917 3.658821 -3.245000
v -1.640917 3.658821 -3.198000
v -1.652194 3.604756 -3.245000
v -1.652194 3.604756 -3.198000
v -1.680389 3.566138 -3.245000
v -1.680389 3.566138 -3.198000
v -1.714222 3.550691 -3.245000
v -1.714222 3.550691 -3.198000
v -1.714222 3.542967 -3.245000
v -1.714222 3.542967 -3.198000
v -1.725500 3.542967 -3.245000
v -1.725500 3.542967 -3.198000
v -1.725500 3.535244 -3.245000
v -1.725500 3.535244 -3.198000
v -1.759333 3.527520 -3.245000
v -1.759333 3.527520 -3.198000
v -1.759333 3.519797 -3.245000
v -1.759333 3.519797 -3.198000
v -1.787528 3.519797 -3.245000
v -1.787528 3.519797 -3.198000
v -1.787528 3.512073 -3.245000
v -1.787528 3.512073 -3.198000
v -1.810083 3.512073 -3.245000
v -1.810083 3.512073 -3.198000
v -1.810083 3.504350 -3.245000
v -1.810083 3.504350 -3.198000
v -1.827000 3.504350 -3.245000
v -1.827000 3.504350 -3.198000
v -1.838278 3.488902 -3.245000
v -1.838278 3.488902 -3.198000
v -1.849556 3.488902 -3.245000
v -1.849556 3.488902 -3.198000
v -1.866472 3.465732 -3.245000
v -1.866472 3.465732 -3.198000
v -1.866472 3.450285 -3.245000
v -1.866472 3.450285 -3.198000
v -1.872111 3.450285 -3.245000
v -1.872111 3.450285 -3.198000
v -1.866472 3.411667 -3.245000
v -1.866472 3.411667 -3.198000
v -1.860833 3.411667 -3.245000
v -1.860833 3.411667 -3.198000
v -1.860833 3.396220 -3.245000
v -1.860833 3.396220 -3.198000
v -1.849556 3.380772 -3.245000
v -1.849556 3.380772 -3.198000
v -1.827000 3.373049 -3.245000
v -1.827000 3.373049 -3.198000
v -1.827000 3.365325 -3.245000
v -1.827000 3.365325 -3.198000
v -1.764972 3.365325 -3.245000
v -1.764972 3.365325 -3.198000
v -1.764972 3.373049 -3.245000
v -1.764972 3.373049 -3.198000
v -1.753694 3.373049 -3.245000
v -1.753694 3.373049 -3.198000
v -1.731139 3.403943 -3.245000
v -1.731139 3.403943 -3.198000
v -1.725500 3.458008 -3.245000
v -1.725500 3.458008 -3.198000
v -1.590167 3.458008 -3.245000
v -1.590167 3.458008 -3.198000
v -1.584528 3.465732 -3.245000
v -1.584528 3.465732 -3.198000
v -1.578889 3.566138 -3.245000
v -1.578889 3.566138 -3.198000
v -1.533778 3.627927 -3.245000
v -1.533778 3.627927 -3.198000
v -1.505583 3.635650 -3.245000
v -1.505583 3.635650 -3.198000
v -1.494306 3.651098 -3.245000
v -1.494306 3.651098 -3.198000
v -1.471750 3.651098 -3.245000
v -1.471750 3.651098 -3.198000
v -1.460472 3.666545 -3.245000
v -1.460472 3.666545 -3.198000
v -1.437917 3.666545 -3.245000
v -1.437917 3.666545 -3.198000
v -1.437917 3.674268 -3.245000
v -1.437917 3.674268 -3.198000
v -1.409722 3.674268 -3.245000
v -1.409722 3.674268 -3.198000
v -1.409722 3.681992 -3.245000
v -1.409722 3.681992 -3.198000
v -1.370250 3.689715 -3.245000
v -1.370250 3.689715 -3.198000
v -1.370250 3.697439 -3.245000
v -1.370250 3.697439 -3.198000
v -1.358972 3.697439 -3.245000
v -1.358972 3.697439 -3.198000
v -1.347694 3.712886 -3.245000
v -1.347694 3.712886 -3.198000
v -1.347694 3.751504 -3.245000
v -1.347694 3.751504 -3.198000
v -1.364611 3.774675 -3.245000
v -1.364611 3.774675 -3.198000
v -1.375889 3.774675 -3.245000
v -1.375889 3.774675 -3.198000
v -1.375889 3.782398 -3.245000
v -1.375889 3.782398 -3.198000
v -1.437917 3.782398 -3.245000
v -1.437917 3.782398 -3.198000
v -1.437917 3.774675 -3.245000
v -1.437917 3.774675 -3.198000
v -1.449194 3.774675 -3.245000
v -1.449194 3.774675 -3.198000
v -1.460472 3.759228 -3.245000
v -1.460472 3.759228 -3.198000
v -1.460472 3.743780 -3.245000
v -1.460472 3.743780 -3.198000
v -1.466111 3.743780 -3.245000
v -1.466111 3.743780 -3.198000
v -1.466111 3.712886 -3.245000
v -1.466111 3.712886 -3.198000
v -1.601444 3.712886 -3.245000
v -1.601444 3.712886 -3.198000
v -1.607083 3.720610 -3.245000
v -1.607083 3.720610 -3.198000
v -1.595806 3.813293 -3.245000
v -1.595806 3.813293 -3.198000
v -1.561972 3.867358 -3.245000
v -1.561972 3.867358 -3.198000
v -1.528139 3.882805 -3.245000
v -1.528139 3.882805 -3.198000
v -1.528139 3.890528 -3.245000
v -1.528139 3.890528 -3.198000
v -1.505583 3.890528 -3.245000
v -1.505583 3.890528 -3.198000
v -1.505583 3.898252 -3.245000
v -1.505583 3.898252 -3.198000
v -1.409722 3.905976 -3.245000
v -1.409722 3.905976 -3.198000
v 1.872111 3.797846 -3.245000
v 1.872111 3.797846 -3.198000
v 1.877750 3.797846 -3.245000
v 1.877750 3.797846 -3.198000
v 1.877750 3.774675 -3.245000
v 1.877750 3.774675 -3.198000
v 1.883389 3.774675 -3.245000
v 1.883389 3.774675 -3.198000
v 1.877750 3.759228 -3.245000
v 1.877750 3.759228 -3.198000
v 1.883389 3.759228 -3.245000
v 1.883389 3.759228 -3.198000
v 1.883389 3.728333 -3.245000
v 1.883389 3.728333 -3.198000
v 1.889028 3.728333 -3.245000
v 1.889028 3.728333 -3.198000
v 1.889028 3.681992 -3.245000
v 1.889028 3.681992 -3.198000
v 1.894667 3.681992 -3.245000
v 1.894667 3.681992 -3.198000
v 1.917222 3.458008 -3.245000
v 1.917222 3.458008 -3.198000
v 1.922861 3.458008 -3.245000
v 1.922861 3.458008 -3.198000
v 1.922861 3.403943 -3.245000
v 1.922861 3.403943 -3.198000
v 1.928500 3.403943 -3.245000
v 1.928500 3.403943 -3.198000
v 1.928500 3.380772 -3.245000
v 1.928500 3.380772 -3.198000
v 1.934139 3.380772 -3.245000
v 1.934139 3.380772 -3.198000
v 1.945417 3.249472 -3.245000
v 1.945417 3.249472 -3.198000
v 1.804444 3.249472 -3.245000
v 1.804444 3.249472 -3.198000
v 1.798806 3.311260 -3.245000
v 1.798806 3.311260 -3.198000
v 1.793167 3.311260 -3.245000
v 1.793167 3.311260 -3.198000
v 1.793167 3.334431 -3.245000
v 1.793167 3.334431 -3.198000
v 1.787528 3.334431 -3.245000
v 1.787528 3.334431 -3.198000
v 1.781889 3.427114 -3.245000
v 1.781889 3.427114 -3.198000
v 1.776250 3.427114 -3.245000
v 1.776250 3.427114 -3.198000
v 1.776250 3.481179 -3.245000
v 1.776250 3.481179 -3.198000
v 1.770611 3.488902 -3.245000
v 1.770611 3.488902 -3.198000
v 1.680389 3.488902 -3.245000
v 1.680389 3.488902 -3.198000
v 1.680389 3.496626 -3.245000
v 1.680389 3.496626 -3.198000
v 1.629639 3.496626 -3.245000
v 1.629639 3.496626 -3.198000
v 1.629639 3.504350 -3.245000
v 1.629639 3.504350 -3.198000
v 1.607083 3.504350 -3.245000
v 1.607083 3.504350 -3.198000
v 1.607083 3.512073 -3.245000
v 1.607083 3.512073 -3.198000
v 1.590167 3.512073 -3.245000
v 1.590167 3.512073 -3.198000
v 1.578889 3.527520 -3.245000
v 1.578889 3.527520 -3.198000
v 1.567611 3.527520 -3.245000
v 1.567611 3.527520 -3.198000
v 1.516861 3.597033 -3.245000
v 1.516861 3.597033 -3.198000
v 1.505583 3.643374 -3.245000
v 1.505583 3.643374 -3.198000
v 1.499944 3.643374 -3.245000
v 1.499944 3.643374 -3.198000
v 1.499944 3.666545 -3.245000
v 1.499944 3.666545 -3.198000
v 1.494306 3.666545 -3.245000
v 1.494306 3.666545 -3.198000
v 1.494306 3.705163 -3.245000
v 1.494306 3.705163 -3.198000
v 1.488667 3.705163 -3.245000
v 1.488667 3.705163 -3.198000
v 1.488667 3.782398 -3.245000
v 1.488667 3.782398 -3.198000
v 1.494306 3.782398 -3.245000
v 1.494306 3.782398 -3.198000
v 1.494306 3.805569 -3.245000
v 1.494306 3.805569 -3.198000
v 1.499944 3.805569 -3.245000
v 1.499944 3.805569 -3.198000
v 1.499944 3.828740 -3.245000
v 1.499944 3.828740 -3.198000
v 1.528139 3.867358 -3.245000
v 1.528139 3.867358 -3.198000
v 1.550694 3.875081 -3.245000
v 1.550694 3.875081 -3.198000
v 1.550694 3.882805 -3.245000
v 1.550694 3.882805 -3.198000
v 1.567611 3.882805 -3.245000
v 1.567611 3.882805 -3.198000
v 1.567611 3.890528 -3.245000
v 1.567611 3.890528 -3.198000
v 1.866472 3.890528 -3.245000
v 1.866472 3.890528 -3.198000
v 0.952972 3.249472 -3.245000
v 0.952972 3.249472 -3.198000
v 0.558250 3.249472 -3.245000
v 0.558250 3.249472 -3.198000
v 0.541333 3.388496 -3.245000
v 0.541333 3.388496 -3.198000
v 0.789444 3.388496 -3.245000
v 0.789444 3.388496 -3.198000
v 0.783806 3.488902 -3.245000
v 0.783806 3.488902 -3.198000
v 0.778167 3.488902 -3.245000
v 0.778167 3.488902 -3.198000
v 0.778167 3.519797 -3.245000
v 0.778167 3.519797 -3.198000
v 0.541333 3.519797 -3.245000
v 0.541333 3.519797 -3.198000
v 0.535694 3.550691 -3.245000
v 0.535694 3.550691 -3.198000
v 0.541333 3.558415 -3.245000
v 0.541333 3.558415 -3.198000
v 0.535694 3.558415 -3.245000
v 0.535694 3.558415 -3.198000
v 0.535694 3.589309 -3.245000
v 0.535694 3.589309 -3.198000
v 0.530056 3.589309 -3.245000
v 0.530056 3.589309 -3.198000
v 0.535694 3.604756 -3.245000
v 0.535694 3.604756 -3.198000
v 0.530056 3.604756 -3.245000
v 0.530056 3.604756 -3.198000
v 0.524417 3.651098 -3.245000
v 0.524417 3.651098 -3.198000
v 0.755611 3.651098 -3.245000
v 0.755611 3.651098 -3.198000
v 0.749972 3.751504 -3.245000
v 0.749972 3.751504 -3.198000
v 0.744333 3.759228 -3.245000
v 0.744333 3.759228 -3.198000
v 0.496222 3.759228 -3.245000
v 0.496222 3.759228 -3.198000
v 0.490583 3.805569 -3.245000
v 0.490583 3.805569 -3.198000
v 0.484944 3.805569 -3.245000
v 0.484944 3.805569 -3.198000
v 0.490583 3.821016 -3.245000
v 0.490583 3.821016 -3.198000
v 0.484944 3.821016 -3.245000
v 0.484944 3.821016 -3.198000
v 0.484944 3.851911 -3.245000
v 0.484944 3.851911 -3.198000
v 0.479306 3.851911 -3.245000
v 0.479306 3.851911 -3.198000
v 0.479306 3.890528 -3.245000
v 0.479306 3.890528 -3.198000
v 0.874028 3.890528 -3.245000
v 0.874028 3.890528 -3.198000
v -0.406000 3.774675 -3.245000
v -0.406000 3.774675 -3.198000
v -0.400361 3.774675 -3.245000
v -0.400361 3.774675 -3.198000
v -0.400361 3.728333 -3.245000
v -0.400361 3.728333 -3.198000
v -0.394722 3.728333 -3.245000
v -0.394722 3.728333 -3.198000
v -0.394722 3.697439 -3.245000
v -0.394722 3.697439 -3.198000
v -0.389083 3.697439 -3.245000
v -0.389083 3.697439 -3.198000
v -0.394722 3.681992 -3.245000
v -0.394722 3.681992 -3.198000
v -0.389083 3.681992 -3.245000
v -0.389083 3.681992 -3.198000
v -0.389083 3.658821 -3.245000
v -0.389083 3.658821 -3.198000
v -0.383444 3.658821 -3.245000
v -0.383444 3.658821 -3.198000
v -0.383444 3.604756 -3.245000
v -0.383444 3.604756 -3.198000
v -0.377806 3.604756 -3.245000
v -0.377806 3.604756 -3.198000
v -0.377806 3.566138 -3.245000
v -0.377806 3.566138 -3.198000
v -0.372167 3.566138 -3.245000
v -0.372167 3.566138 -3.198000
v -0.372167 3.519797 -3.245000
v -0.372167 3.519797 -3.198000
v -0.366528 3.519797 -3.245000
v -0.366528 3.519797 -3.198000
v -0.366528 3.473455 -3.245000
v -0.366528 3.473455 -3.198000
v -0.360889 3.473455 -3.245000
v -0.360889 3.473455 -3.198000
v -0.360889 3.427114 -3.245000
v -0.360889 3.427114 -3.198000
v -0.355250 3.427114 -3.245000
v -0.355250 3.427114 -3.198000
v -0.349611 3.334431 -3.245000
v -0.349611 3.334431 -3.198000
v -0.343972 3.334431 -3.245000
v -0.343972 3.334431 -3.198000
v -0.332694 3.257195 -3.245000
v -0.332694 3.257195 -3.198000
v -0.338333 3.249472 -3.245000
v -0.338333 3.249472 -3.198000
v -0.479306 3.249472 -3.245000
v -0.479306 3.249472 -3.198000
v -0.507500 3.488902 -3.245000
v -0.507500 3.488902 -3.198000
v -0.524417 3.488902 -3.245000
v -0.524417 3.488902 -3.198000
v -0.603361 3.249472 -3.245000
v -0.603361 3.249472 -3.198000
v -0.744333 3.249472 -3.245000
v -0.744333 3.249472 -3.198000
v -0.721778 3.326707 -3.245000
v -0.721778 3.326707 -3.198000
v -0.716139 3.326707 -3.245000
v -0.716139 3.326707 -3.198000
v -0.716139 3.349878 -3.245000
v -0.716139 3.349878 -3.198000
v -0.704861 3.365325 -3.245000
v -0.704861 3.365325 -3.198000
v -0.704861 3.380772 -3.245000
v -0.704861 3.380772 -3.198000
v -0.699222 3.380772 -3.245000
v -0.699222 3.380772 -3.198000
v -0.699222 3.403943 -3.245000
v -0.699222 3.403943 -3.198000
v -0.687944 3.419390 -3.245000
v -0.687944 3.419390 -3.198000
v -0.687944 3.434837 -3.245000
v -0.687944 3.434837 -3.198000
v -0.682306 3.434837 -3.245000
v -0.682306 3.434837 -3.198000
v -0.682306 3.450285 -3.245000
v -0.682306 3.450285 -3.198000
v -0.676667 3.450285 -3.245000
v -0.676667 3.450285 -3.198000
v -0.665389 3.504350 -3.245000
v -0.665389 3.504350 -3.198000
v -0.682306 3.504350 -3.245000
v -0.682306 3.504350 -3.198000
v -0.693583 3.519797 -3.245000
v -0.693583 3.519797 -3.198000
v -0.716139 3.527520 -3.245000
v -0.716139 3.527520 -3.198000
v -0.761250 3.589309 -3.245000
v -0.761250 3.589309 -3.198000
v -0.778167 3.651098 -3.245000
v -0.778167 3.651098 -3.198000
v -0.783806 3.651098 -3.245000
v -0.783806 3.651098 -3.198000
v -0.789444 3.797846 -3.245000
v -0.789444 3.797846 -3.198000
v -0.783806 3.797846 -3.245000
v -0.783806 3.797846 -3.198000
v -0.778167 3.828740 -3.245000
v -0.778167 3.828740 -3.198000
v -0.772528 3.828740 -3.245000
v -0.772528 3.828740 -3.198000
v -0.772528 3.844187 -3.245000
v -0.772528 3.844187 -3.198000
v -0.755611 3.851911 -3.245000
v -0.755611 3.851911 -3.198000
v -0.744333 3.875081 -3.245000
v -0.744333 3.875081 -3.198000
v -0.704861 3.882805 -3.245000
v -0.704861 3.882805 -3.198000
v -0.704861 3.890528 -3.245000
v -0.704861 3.890528 -3.198000
v -0.417278 3.890528 -3.245000
v -0.417278 3.890528 -3.198000
v -0.817639 3.774675 -3.245000
v -0.817639 3.774675 -3.198000
v -0.812000 3.774675 -3.245000
v -0.812000 3.774675 -3.198000
v -0.812000 3.728333 -3.245000
v -0.812000 3.728333 -3.198000
v -0.806361 3.728333 -3.245000
v -0.806361 3.728333 -3.198000
v -0.806361 3.681992 -3.245000
v -0.806361 3.681992 -3.198000
v -0.800722 3.681992 -3.245000
v -0.800722 3.681992 -3.198000
v -0.800722 3.635650 -3.245000
v -0.800722 3.635650 -3.198000
v -0.795083 3.635650 -3.245000
v -0.795083 3.635650 -3.198000
v -0.795083 3.597033 -3.245000
v -0.795083 3.597033 -3.198000
v -0.789444 3.597033 -3.245000
v -0.789444 3.597033 -3.198000
v -0.789444 3.542967 -3.245000
v -0.789444 3.542967 -3.198000
v -0.783806 3.542967 -3.245000
v -0.783806 3.542967 -3.198000
v -0.778167 3.473455 -3.245000
v -0.778167 3.473455 -3.198000
v -0.772528 3.473455 -3.245000
v -0.772528 3.473455 -3.198000
v -0.749972 3.249472 -3.245000
v -0.749972 3.249472 -3.198000
v -1.139056 3.249472 -3.245000
v -1.139056 3.249472 -3.198000
v -1.144694 3.295813 -3.245000
v -1.144694 3.295813 -3.198000
v -1.150333 3.295813 -3.245000
v -1.150333 3.295813 -3.198000
v -1.155972 3.373049 -3.245000
v -1.155972 3.373049 -3.198000
v -1.161611 3.373049 -3.245000
v -1.161611 3.373049 -3.198000
v -1.155972 3.388496 -3.245000
v -1.155972 3.388496 -3.198000
v -0.913500 3.388496 -3.245000
v -0.913500 3.388496 -3.198000
v -0.907861 3.411667 -3.245000
v -0.907861 3.411667 -3.198000
v -0.913500 3.411667 -3.245000
v -0.913500 3.411667 -3.198000
v -0.913500 3.434837 -3.245000
v -0.913500 3.434837 -3.198000
v -0.919139 3.434837 -3.245000
v -0.919139 3.434837 -3.198000
v -0.913500 3.450285 -3.245000
v -0.913500 3.450285 -3.198000
v -0.919139 3.450285 -3.245000
v -0.919139 3.450285 -3.198000
v -0.919139 3.481179 -3.245000
v -0.919139 3.481179 -3.198000
v -0.924778 3.481179 -3.245000
v -0.924778 3.481179 -3.198000
v -0.924778 3.519797 -3.245000
v -0.924778 3.519797 -3.198000
v -1.155972 3.519797 -3.245000
v -1.155972 3.519797 -3.198000
v -1.161611 3.550691 -3.245000
v -1.161611 3.550691 -3.198000
v -1.167250 3.550691 -3.245000
v -1.167250 3.550691 -3.198000
v -1.167250 3.597033 -3.245000
v -1.167250 3.597033 -3.198000
v -1.172889 3.597033 -3.245000
v -1.172889 3.597033 -3.198000
v -1.172889 3.643374 -3.245000
v -1.172889 3.643374 -3.198000
v -1.178528 3.651098 -3.245000
v -1.178528 3.651098 -3.198000
v -0.947333 3.651098 -3.245000
v -0.947333 3.651098 -3.198000
v -0.941694 3.666545 -3.245000
v -0.941694 3.666545 -3.198000
v -0.947333 3.666545 -3.245000
v -0.947333 3.666545 -3.198000
v -0.947333 3.712886 -3.245000
v -0.947333 3.712886 -3.198000
v -0.952972 3.712886 -3.245000
v -0.952972 3.712886 -3.198000
v -0.958611 3.759228 -3.245000
v -0.958611 3.759228 -3.198000
v -1.206722 3.759228 -3.245000
v -1.206722 3.759228 -3.198000
v -1.223639 3.890528 -3.245000
v -1.223639 3.890528 -3.198000
v -0.828917 3.890528 -3.245000
v -0.828917 3.890528 -3.198000
v 1.669111 3.766951 -3.245000
v 1.669111 3.766951 -3.198000
v 1.669111 3.759228 -3.245000
v 1.669111 3.759228 -3.198000
v 1.652194 3.759228 -3.245000
v 1.652194 3.759228 -3.198000
v 1.635278 3.736057 -3.245000
v 1.635278 3.736057 -3.198000
v 1.629639 3.697439 -3.245000
v 1.629639 3.697439 -3.198000
v 1.635278 3.697439 -3.245000
v 1.635278 3.697439 -3.198000
v 1.635278 3.674268 -3.245000
v 1.635278 3.674268 -3.198000
v 1.640917 3.674268 -3.245000
v 1.640917 3.674268 -3.198000
v 1.640917 3.658821 -3.245000
v 1.640917 3.658821 -3.198000
v 1.663472 3.627927 -3.245000
v 1.663472 3.627927 -3.198000
v 1.686028 3.627927 -3.245000
v 1.686028 3.627927 -3.198000
v 1.686028 3.620203 -3.245000
v 1.686028 3.620203 -3.198000
v 1.753694 3.620203 -3.245000
v 1.753694 3.620203 -3.198000
v 1.753694 3.666545 -3.245000
v 1.753694 3.666545 -3.198000
v 1.748056 3.666545 -3.245000
v 1.748056 3.666545 -3.198000
v 1.748056 3.689715 -3.245000
v 1.748056 3.689715 -3.198000
v 1.742417 3.689715 -3.245000
v 1.742417 3.689715 -3.198000
v 1.748056 3.705163 -3.245000
v 1.748056 3.705163 -3.198000
v 1.742417 3.705163 -3.245000
v 1.742417 3.705163 -3.198000
v 1.742417 3.736057 -3.245000
v 1.742417 3.736057 -3.198000
v 1.736778 3.736057 -3.245000
v 1.736778 3.736057 -3.198000
v 1.736778 3.766951 -3.245000
v 1.736778 3.766951 -3.198000
v 1.731139 3.766951 -3.245000
v 1.731139 3.766951 -3.198000
v -0.186083 3.766951 -3.245000
v -0.186083 3.766951 -3.198000
v -0.186083 3.759228 -3.245000
v -0.186083 3.759228 -3.198000
v -0.214278 3.759228 -3.245000
v -0.214278 3.759228 -3.198000
v -0.231194 3.736057 -3.245000
v -0.231194 3.736057 -3.198000
v -0.225556 3.658821 -3.245000
v -0.225556 3.658821 -3.198000
v -0.203000 3.627927 -3.245000
v -0.203000 3.627927 -3.198000
v -0.186083 3.627927 -3.245000
v -0.186083 3.627927 -3.198000
v -0.186083 3.620203 -3.245000
v -0.186083 3.620203 -3.198000
v -0.112778 3.620203 -3.245000
v -0.112778 3.620203 -3.198000
v -0.124056 3.759228 -3.245000
v -0.124056 3.759228 -3.198000
v -0.135333 3.766951 -3.245000
v -0.135333 3.766951 -3.198000
v -0.603361 3.766951 -3.245000
v -0.603361 3.766951 -3.198000
v -0.603361 3.759228 -3.245000
v -0.603361 3.759228 -3.198000
v -0.625917 3.759228 -3.245000
v -0.625917 3.759228 -3.198000
v -0.648472 3.728333 -3.245000
v -0.648472 3.728333 -3.198000
v -0.642833 3.658821 -3.245000
v -0.642833 3.658821 -3.198000
v -0.625917 3.635650 -3.245000
v -0.625917 3.635650 -3.198000
v -0.603361 3.627927 -3.245000
v -0.603361 3.627927 -3.198000
v -0.603361 3.620203 -3.245000
v -0.603361 3.620203 -3.198000
v -0.524417 3.620203 -3.245000
v -0.524417 3.620203 -3.198000
v -0.530056 3.666545 -3.245000
v -0.530056 3.666545 -3.198000
v -0.535694 3.666545 -3.245000
v -0.535694 3.666545 -3.198000
v -0.535694 3.712886 -3.245000
v -0.535694 3.712886 -3.198000
v -0.541333 3.712886 -3.245000
v -0.541333 3.712886 -3.198000
v -0.541333 3.759228 -3.245000
v -0.541333 3.759228 -3.198000
v -0.552611 3.766951 -3.245000
v -0.552611 3.766951 -3.198000

usemtl logo_return_blue
s 1
f 155 157 156
f 155 1 157
f 155 2 1
f 155 3 2
f 154 3 155
f 294 296 295
f 294 158 296
f 292 294 293
f 292 158 294
f 292 159 158
f 292 160 159
f 153 3 154
f 290 292 291
f 290 160 292
f 290 161 160
f 179 181 180
f 179 403 181
f 403 182 181
f 288 290 289
f 288 161 290
f 288 297 161
f 297 428 161
f 428 162 161
f 177 179 178
f 177 403 179
f 286 288 287
f 286 297 288
f 286 298 297
f 427 162 428
f 175 177 176
f 175 403 177
f 285 299 286
f 299 298 286
f 285 300 299
f 426 162 427
f 426 163 162
f 426 164 163
f 173 175 174
f 173 403 175
f 285 301 300
f 425 164 426
f 425 424 164
f 424 165 164
f 172 404 173
f 404 403 173
f 172 406 404
f 406 405 404
f 402 182 403
f 152 3 153
f 284 301 285
f 284 302 301
f 423 165 424
f 172 407 406
f 284 303 302
f 422 165 423
f 421 165 422
f 421 166 165
f 171 408 172
f 408 407 172
f 171 410 408
f 410 409 408
f 402 184 182
f 184 183 182
f 151 3 152
f 282 284 283
f 282 307 284
f 307 303 284
f 307 305 303
f 305 304 303
f 420 166 421
f 419 166 420
f 419 167 166
f 419 168 167
f 151 4 3
f 307 306 305
f 418 168 419
f 418 169 168
f 418 170 169
f 171 412 410
f 412 411 410
f 402 185 184
f 402 186 185
f 282 308 307
f 417 170 418
f 171 413 412
f 151 5 4
f 692 694 693
f 776 551 777
f 150 94 151
f 94 5 151
f 548 550 549
f 548 429 550
f 416 170 417
f 691 694 692
f 691 695 694
f 691 696 695
f 775 551 776
f 775 552 551
f 775 553 552
f 546 548 547
f 546 429 548
f 546 430 429
f 546 431 430
f 415 170 416
f 415 171 170
f 415 413 171
f 402 187 186
f 402 188 187
f 690 696 691
f 690 697 696
f 690 698 697
f 773 775 774
f 773 553 775
f 773 554 553
f 773 555 554
f 961 963 962
f 961 917 963
f 914 916 915
f 914 859 916
f 96 94 95
f 96 97 94
f 97 93 94
f 12 14 13
f 12 16 14
f 16 15 14
f 856 858 857
f 856 855 858
f 855 849 858
f 849 848 858
f 848 831 858
f 544 546 545
f 544 431 546
f 544 432 431
f 544 433 432
f 828 830 829
f 828 778 830
f 689 698 690
f 689 699 698
f 689 700 699
f 772 555 773
f 913 859 914
f 542 544 543
f 542 433 544
f 542 434 433
f 542 435 434
f 826 828 827
f 826 778 828
f 689 701 700
f 772 556 555
f 912 859 913
f 98 93 97
f 541 435 542
f 541 436 435
f 541 437 436
f 825 778 826
f 689 702 701
f 771 556 772
f 771 557 556
f 98 92 93
f 281 308 282
f 540 437 541
f 415 414 413
f 824 778 825
f 687 689 688
f 687 702 689
f 687 703 702
f 687 704 703
f 540 438 437
f 540 439 438
f 771 558 557
f 771 559 558
f 911 859 912
f 98 99 92
f 99 91 92
f 854 853 855
f 853 849 855
f 280 308 281
f 402 189 188
f 402 401 189
f 401 190 189
f 686 704 687
f 686 705 704
f 686 706 705
f 910 859 911
f 538 540 539
f 538 439 540
f 538 440 439
f 538 441 440
f 400 190 401
f 100 91 99
f 280 309 308
f 685 706 686
f 908 910 909
f 908 859 910
f 279 309 280
f 537 441 538
f 537 442 441
f 537 443 442
f 823 778 824
f 684 706 685
f 100 90 91
f 852 851 853
f 851 849 853
f 770 762 771
f 762 559 771
f 536 443 537
f 684 677 706
f 677 676 706
f 676 707 706
f 100 101 90
f 101 89 90
f 850 849 851
f 278 309 279
f 821 823 822
f 821 778 823
f 400 191 190
f 400 399 191
f 399 192 191
f 762 560 559
f 906 908 907
f 906 1000 908
f 1000 998 908
f 998 859 908
f 821 779 778
f 821 780 779
f 398 192 399
f 277 310 278
f 310 309 278
f 682 684 683
f 682 677 684
f 682 679 677
f 679 678 677
f 675 707 676
f 770 764 762
f 764 763 762
f 761 560 762
f 760 560 761
f 760 561 560
f 102 89 101
f 277 312 310
f 312 311 310
f 535 443 536
f 819 821 820
f 819 964 821
f 964 780 821
f 682 680 679
f 674 707 675
f 770 765 764
f 759 561 760
f 758 561 759
f 758 562 561
f 961 918 917
f 961 960 918
f 960 919 918
f 998 860 859
f 998 1012 860
f 1012 861 860
f 535 520 443
f 520 519 443
f 519 444 443
f 964 781 780
f 964 986 781
f 986 985 781
f 985 782 781
f 673 707 674
f 1000 999 998
f 1011 861 1012
f 988 997 987
f 988 996 997
f 102 88 89
f 819 966 964
f 966 965 964
f 984 782 985
f 770 767 765
f 767 766 765
f 959 919 960
f 906 1001 1000
f 1010 861 1011
f 990 988 989
f 990 996 988
f 990 995 996
f 277 313 312
f 533 535 534
f 533 520 535
f 533 522 520
f 522 521 520
f 819 967 966
f 984 783 782
f 984 983 783
f 983 784 783
f 397 192 398
f 396 192 397
f 396 193 192
f 396 395 193
f 395 194 193
f 682 681 680
f 672 707 673
f 757 562 758
f 102 103 88
f 103 87 88
f 12 17 16
f 847 831 848
f 533 523 522
f 518 444 519
f 672 708 707
f 672 709 708
f 770 768 767
f 104 87 103
f 517 444 518
f 671 709 672
f 991 995 990
f 275 277 276
f 275 314 277
f 314 313 277
f 531 533 532
f 531 524 533
f 524 523 533
f 531 525 524
f 516 444 517
f 819 818 967
f 818 968 967
f 982 784 983
f 959 920 919
f 959 958 920
f 958 921 920
f 906 1002 1001
f 1010 862 861
f 1010 1009 862
f 1009 863 862
f 982 785 784
f 982 981 785
f 981 786 785
f 670 709 671
f 769 768 770
f 757 563 562
f 757 564 563
f 104 86 87
f 275 316 314
f 316 315 314
f 516 445 444
f 394 194 395
f 670 710 709
f 670 711 710
f 756 564 757
f 957 921 958
f 1008 863 1009
f 529 531 530
f 529 525 531
f 529 526 525
f 516 446 445
f 394 195 194
f 394 393 195
f 393 196 195
f 104 85 86
f 529 527 526
f 817 968 818
f 980 979 981
f 979 786 981
f 392 391 393
f 391 196 393
f 669 711 670
f 754 756 755
f 754 564 756
f 1008 864 863
f 1008 865 864
f 817 969 968
f 817 970 969
f 668 711 669
f 753 564 754
f 275 317 316
f 515 446 516
f 978 786 979
f 666 668 667
f 666 711 668
f 752 564 753
f 957 922 921
f 957 956 922
f 956 923 922
f 1008 866 865
f 1008 1007 866
f 1007 867 866
f 978 787 786
f 978 977 787
f 977 788 787
f 390 196 391
f 664 666 665
f 664 711 666
f 750 752 751
f 750 564 752
f 514 446 515
f 513 446 514
f 513 447 446
f 817 971 970
f 817 816 971
f 816 972 971
f 662 664 663
f 662 711 664
f 748 750 749
f 748 564 750
f 955 923 956
f 1006 867 1007
f 104 84 85
f 815 972 816
f 976 788 977
f 390 197 196
f 390 198 197
f 660 662 661
f 660 712 662
f 712 711 662
f 660 713 712
f 906 905 1002
f 905 1003 1002
f 1006 868 867
f 1006 869 868
f 992 993 991
f 993 995 991
f 528 527 529
f 512 447 513
f 512 448 447
f 815 814 972
f 814 973 972
f 658 660 659
f 658 713 660
f 746 748 747
f 746 565 748
f 565 564 748
f 953 955 954
f 953 923 955
f 904 1003 905
f 104 105 84
f 105 83 84
f 845 847 846
f 845 844 847
f 844 837 847
f 837 831 847
f 273 275 274
f 273 317 275
f 656 658 657
f 656 713 658
f 746 566 565
f 952 923 953
f 511 448 512
f 813 973 814
f 655 713 656
f 745 566 746
f 952 924 923
f 952 925 924
f 904 1004 1003
f 511 449 448
f 511 450 449
f 744 566 745
f 904 1005 1004
f 994 995 993
f 813 974 973
f 813 975 974
f 389 198 390
f 388 198 389
f 388 199 198
f 388 200 199
f 654 713 655
f 744 567 566
f 904 1006 1005
f 904 869 1006
f 813 976 975
f 813 788 976
f 744 568 567
f 510 450 511
f 509 450 510
f 509 451 450
f 509 452 451
f 654 714 713
f 904 870 869
f 904 871 870
f 106 83 105
f 843 842 844
f 842 837 844
f 744 570 568
f 570 569 568
f 951 925 952
f 950 925 951
f 950 926 925
f 950 949 926
f 949 927 926
f 273 318 317
f 273 319 318
f 812 811 813
f 811 803 813
f 803 788 813
f 903 871 904
f 841 840 842
f 840 837 842
f 387 200 388
f 386 202 387
f 202 200 387
f 202 201 200
f 744 571 570
f 106 107 83
f 107 82 83
f 508 452 509
f 507 452 508
f 507 453 452
f 507 506 453
f 506 454 453
f 653 714 654
f 108 82 107
f 386 204 202
f 204 203 202
f 653 715 714
f 743 572 744
f 572 571 744
f 903 872 871
f 903 873 872
f 109 82 108
f 110 81 109
f 81 82 109
f 110 80 81
f 839 837 840
f 653 717 715
f 717 716 715
f 743 574 572
f 574 573 572
f 948 927 949
f 838 837 839
f 505 454 506
f 386 205 204
f 386 206 205
f 653 718 717
f 948 928 927
f 948 947 928
f 947 929 928
f 651 653 652
f 651 725 653
f 725 723 653
f 723 721 653
f 721 719 653
f 719 718 653
f 743 576 574
f 576 575 574
f 721 720 719
f 743 578 576
f 578 577 576
f 902 873 903
f 111 80 110
f 112 79 111
f 79 80 111
f 112 77 79
f 77 78 79
f 810 809 811
f 809 803 811
f 723 722 721
f 946 945 947
f 945 929 947
f 901 873 902
f 901 874 873
f 901 900 874
f 900 884 874
f 884 875 874
f 836 835 837
f 835 831 837
f 485 487 486
f 485 484 487
f 484 488 487
f 725 724 723
f 743 580 578
f 580 579 578
f 112 75 77
f 75 76 77
f 808 807 809
f 807 803 809
f 651 727 725
f 727 726 725
f 743 581 580
f 899 885 900
f 885 884 900
f 483 488 484
f 806 805 807
f 805 803 807
f 743 582 581
f 273 320 319
f 273 272 320
f 272 321 320
f 483 489 488
f 483 482 489
f 482 490 489
f 804 803 805
f 386 207 206
f 386 208 207
f 651 728 727
f 743 583 582
f 899 886 885
f 883 875 884
f 834 831 835
f 271 321 272
f 802 788 803
f 944 929 945
f 801 788 802
f 944 930 929
f 944 943 930
f 943 931 930
f 883 876 875
f 883 877 876
f 651 730 728
f 730 729 728
f 742 583 743
f 742 584 583
f 504 454 505
f 740 742 741
f 740 624 742
f 624 584 742
f 595 597 596
f 595 598 597
f 481 490 482
f 360 362 361
f 360 363 362
f 801 789 788
f 801 800 789
f 800 790 789
f 386 209 208
f 386 210 209
f 651 650 730
f 650 731 730
f 942 941 943
f 941 931 943
f 897 899 898
f 897 886 899
f 271 270 321
f 270 322 321
f 481 491 490
f 481 492 491
f 503 454 504
f 360 364 363
f 360 365 364
f 593 595 594
f 593 598 595
f 269 322 270
f 360 366 365
f 360 367 366
f 740 625 624
f 623 584 624
f 940 939 941
f 939 931 941
f 895 897 896
f 895 886 897
f 112 73 75
f 73 74 75
f 269 323 322
f 481 493 492
f 360 368 367
f 360 226 368
f 226 369 368
f 883 878 877
f 883 879 878
f 502 455 503
f 455 454 503
f 226 370 369
f 226 222 370
f 222 371 370
f 799 790 800
f 649 731 650
f 740 626 625
f 623 585 584
f 623 622 585
f 622 586 585
f 894 886 895
f 481 494 493
f 481 495 494
f 502 456 455
f 360 227 226
f 225 224 226
f 224 222 226
f 649 732 731
f 649 733 732
f 621 586 622
f 938 931 939
f 112 113 73
f 113 72 73
f 480 495 481
f 358 360 359
f 358 227 360
f 358 229 227
f 229 228 227
f 739 626 740
f 621 587 586
f 893 886 894
f 479 495 480
f 479 496 495
f 479 497 496
f 501 456 502
f 223 222 224
f 799 791 790
f 799 792 791
f 386 211 210
f 386 212 211
f 648 733 649
f 648 734 733
f 68 66 67
f 269 324 323
f 479 498 497
f 479 499 498
f 500 456 501
f 592 598 593
f 936 938 937
f 936 935 938
f 935 931 938
f 114 71 113
f 71 72 113
f 69 66 68
f 832 834 833
f 832 831 834
f 478 499 479
f 478 500 499
f 478 456 500
f 358 230 229
f 221 371 222
f 648 735 734
f 891 893 892
f 891 886 893
f 69 65 66
f 799 793 792
f 799 798 793
f 798 794 793
f 647 735 648
f 647 736 735
f 737 739 738
f 737 626 739
f 621 588 587
f 621 589 588
f 590 592 591
f 590 598 592
f 934 933 935
f 933 931 935
f 269 325 324
f 647 737 736
f 647 627 737
f 627 626 737
f 647 628 627
f 620 589 621
f 620 590 589
f 620 599 590
f 599 598 590
f 890 886 891
f 69 64 65
f 356 358 357
f 356 231 358
f 231 230 358
f 356 232 231
f 386 213 212
f 386 385 213
f 385 214 213
f 646 629 647
f 629 628 647
f 620 600 599
f 269 326 325
f 478 457 456
f 384 383 385
f 383 214 385
f 619 600 620
f 889 886 890
f 268 326 269
f 268 327 326
f 478 458 457
f 267 327 268
f 646 630 629
f 618 601 619
f 601 600 619
f 883 880 879
f 883 881 880
f 267 328 327
f 478 477 458
f 477 459 458
f 797 796 798
f 796 794 798
f 618 617 601
f 617 602 601
f 887 889 888
f 887 886 889
f 382 381 383
f 381 214 383
f 646 631 630
f 616 602 617
f 355 232 356
f 616 615 602
f 615 603 602
f 355 233 232
f 795 794 796
f 380 379 381
f 379 214 381
f 266 328 267
f 476 475 477
f 475 459 477
f 354 233 355
f 354 234 233
f 645 631 646
f 932 931 933
f 644 631 645
f 614 603 615
f 474 459 475
f 353 234 354
f 353 235 234
f 613 603 614
f 69 63 64
f 473 459 474
f 472 459 473
f 472 460 459
f 378 214 379
f 644 632 631
f 613 604 603
f 114 70 71
f 472 461 460
f 353 236 235
f 221 372 371
f 221 373 372
f 643 632 644
f 642 632 643
f 642 633 632
f 612 604 613
f 612 605 604
f 69 62 63
f 471 462 472
f 462 461 472
f 471 463 462
f 641 633 642
f 640 634 641
f 634 633 641
f 640 635 634
f 611 606 612
f 606 605 612
f 611 607 606
f 883 882 881
f 266 329 328
f 266 330 329
f 470 464 471
f 464 463 471
f 470 465 464
f 353 237 236
f 639 635 640
f 638 636 639
f 636 635 639
f 638 637 636
f 610 608 611
f 608 607 611
f 610 609 608
f 469 465 470
f 468 466 469
f 466 465 469
f 468 467 466
f 265 330 266
f 264 330 265
f 264 331 330
f 351 353 352
f 351 238 353
f 238 237 353
f 351 239 238
f 263 331 264
f 262 331 263
f 262 332 331
f 349 351 350
f 349 239 351
f 378 215 214
f 378 216 215
f 262 333 332
f 262 334 333
f 347 349 348
f 347 239 349
f 221 374 373
f 221 375 374
f 261 334 262
f 260 334 261
f 260 335 334
f 260 336 335
f 346 239 347
f 259 336 260
f 259 337 336
f 346 240 239
f 259 338 337
f 345 240 346
f 345 241 240
f 378 217 216
f 378 218 217
f 258 338 259
f 258 339 338
f 258 340 339
f 343 345 344
f 343 241 345
f 375 377 376
f 375 378 377
f 257 340 258
f 256 340 257
f 256 341 340
f 341 343 342
f 341 242 343
f 242 241 343
f 341 243 242
f 221 378 375
f 221 218 378
f 221 219 218
f 221 220 219
f 255 341 256
f 254 341 255
f 254 243 341
f 253 243 254
f 252 244 253
f 244 243 253
f 252 245 244
f 251 246 252
f 246 245 252
f 251 247 246
f 250 248 251
f 248 247 251
f 250 249 248
f 1167 1168 1169
f 1167 1169 1013
f 1167 1013 1014
f 1167 1014 1015
f 1166 1167 1015
f 1306 1307 1308
f 1306 1308 1170
f 1304 1305 1306
f 1304 1306 1170
f 1304 1170 1171
f 1304 1171 1172
f 1165 1166 1015
f 1302 1303 1304
f 1302 1304 1172
f 1302 1172 1173
f 1191 1192 1193
f 1191 1193 1415
f 1415 1193 1194
f 1300 1301 1302
f 1300 1302 1173
f 1300 1173 1309
f 1309 1173 1440
f 1440 1173 1174
f 1189 1190 1191
f 1189 1191 1415
f 1298 1299 1300
f 1298 1300 1309
f 1298 1309 1310
f 1439 1440 1174
f 1187 1188 1189
f 1187 1189 1415
f 1297 1298 1311
f 1311 1298 1310
f 1297 1311 1312
f 1438 1439 1174
f 1438 1174 1175
f 1438 1175 1176
f 1185 1186 1187
f 1185 1187 1415
f 1297 1312 1313
f 1437 1438 1176
f 1437 1176 1436
f 1436 1176 1177
f 1184 1185 1416
f 1416 1185 1415
f 1184 1416 1418
f 1418 1416 1417
f 1414 1415 1194
f 1164 1165 1015
f 1296 1297 1313
f 1296 1313 1314
f 1435 1436 1177
f 1184 1418 1419
f 1296 1314 1315
f 1434 1435 1177
f 1433 1434 1177
f 1433 1177 1178
f 1183 1184 1420
f 1420 1184 1419
f 1183 1420 1422
f 1422 1420 1421
f 1414 1194 1196
f 1196 1194 1195
f 1163 1164 1015
f 1294 1295 1296
f 1294 1296 1319
f 1319 1296 1315
f 1319 1315 1317
f 1317 1315 1316
f 1432 1433 1178
f 1431 1432 1178
f 1431 1178 1179
f 1431 1179 1180
f 1163 1015 1016
f 1319 1317 1318
f 1430 1431 1180
f 1430 1180 1181
f 1430 1181 1182
f 1183 1422 1424
f 1424 1422 1423
f 1414 1196 1197
f 1414 1197 1198
f 1294 1319 1320
f 1429 1430 1182
f 1183 1424 1425
f 1163 1016 1017
f 1704 1705 1706
f 1788 1789 1563
f 1162 1163 1106
f 1106 1163 1017
f 1560 1561 1562
f 1560 1562 1441
f 1428 1429 1182
f 1703 1704 1706
f 1703 1706 1707
f 1703 1707 1708
f 1787 1788 1563
f 1787 1563 1564
f 1787 1564 1565
f 1558 1559 1560
f 1558 1560 1441
f 1558 1441 1442
f 1558 1442 1443
f 1427 1428 1182
f 1427 1182 1183
f 1427 1183 1425
f 1414 1198 1199
f 1414 1199 1200
f 1702 1703 1708
f 1702 1708 1709
f 1702 1709 1710
f 1785 1786 1787
f 1785 1787 1565
f 1785 1565 1566
f 1785 1566 1567
f 1973 1974 1975
f 1973 1975 1929
f 1926 1927 1928
f 1926 1928 1871
f 1108 1107 1106
f 1108 1106 1109
f 1109 1106 1105
f 1024 1025 1026
f 1024 1026 1028
f 1028 1026 1027
f 1868 1869 1870
f 1868 1870 1867
f 1867 1870 1861
f 1861 1870 1860
f 1860 1870 1843
f 1556 1557 1558
f 1556 1558 1443
f 1556 1443 1444
f 1556 1444 1445
f 1840 1841 1842
f 1840 1842 1790
f 1701 1702 1710
f 1701 1710 1711
f 1701 1711 1712
f 1784 1785 1567
f 1925 1926 1871
f 1554 1555 1556
f 1554 1556 1445
f 1554 1445 1446
f 1554 1446 1447
f 1838 1839 1840
f 1838 1840 1790
f 1701 1712 1713
f 1784 1567 1568
f 1924 1925 1871
f 1110 1109 1105
f 1553 1554 1447
f 1553 1447 1448
f 1553 1448 1449
f 1837 1838 1790
f 1701 1713 1714
f 1783 1784 1568
f 1783 1568 1569
f 1110 1105 1104
f 1293 1294 1320
f 1552 1553 1449
f 1427 1425 1426
f 1836 1837 1790
f 1699 1700 1701
f 1699 1701 1714
f 1699 1714 1715
f 1699 1715 1716
f 1552 1449 1450
f 1552 1450 1451
f 1783 1569 1570
f 1783 1570 1571
f 1923 1924 1871
f 1110 1104 1111
f 1111 1104 1103
f 1866 1867 1865
f 1865 1867 1861
f 1292 1293 1320
f 1414 1200 1201
f 1414 1201 1413
f 1413 1201 1202
f 1698 1699 1716
f 1698 1716 1717
f 1698 1717 1718
f 1922 1923 1871
f 1550 1551 1552
f 1550 1552 1451
f 1550 1451 1452
f 1550 1452 1453
f 1412 1413 1202
f 1112 1111 1103
f 1292 1320 1321
f 1697 1698 1718
f 1920 1921 1922
f 1920 1922 1871
f 1291 1292 1321
f 1549 1550 1453
f 1549 1453 1454
f 1549 1454 1455
f 1835 1836 1790
f 1696 1697 1718
f 1112 1103 1102
f 1864 1865 1863
f 1863 1865 1861
f 1782 1783 1774
f 1774 1783 1571
f 1548 1549 1455
f 1696 1718 1689
f 1689 1718 1688
f 1688 1718 1719
f 1112 1102 1113
f 1113 1102 1101
f 1862 1863 1861
f 1290 1291 1321
f 1833 1834 1835
f 1833 1835 1790
f 1412 1202 1203
f 1412 1203 1411
f 1411 1203 1204
f 1774 1571 1572
f 1918 1919 1920
f 1918 1920 2012
f 2012 1920 2010
f 2010 1920 1871
f 1833 1790 1791
f 1833 1791 1792
f 1410 1411 1204
f 1289 1290 1322
f 1322 1290 1321
f 1694 1695 1696
f 1694 1696 1689
f 1694 1689 1691
f 1691 1689 1690
f 1687 1688 1719
f 1782 1774 1776
f 1776 1774 1775
f 1773 1774 1572
f 1772 1773 1572
f 1772 1572 1573
f 1114 1113 1101
f 1289 1322 1324
f 1324 1322 1323
f 1547 1548 1455
f 1831 1832 1833
f 1831 1833 1976
f 1976 1833 1792
f 1694 1691 1692
f 1686 1687 1719
f 1782 1776 1777
f 1771 1772 1573
f 1770 1771 1573
f 1770 1573 1574
f 1973 1929 1930
f 1973 1930 1972
f 1972 1930 1931
f 2010 1871 1872
f 2010 1872 2024
f 2024 1872 1873
f 1547 1455 1532
f 1532 1455 1531
f 1531 1455 1456
f 1976 1792 1793
f 1976 1793 1998
f 1998 1793 1997
f 1997 1793 1794
f 1685 1686 1719
f 2012 2010 2011
f 2023 2024 1873
f 2000 1999 2009
f 2000 2009 2008
f 1114 1101 1100
f 1831 1976 1978
f 1978 1976 1977
f 1996 1997 1794
f 1782 1777 1779
f 1779 1777 1778
f 1971 1972 1931
f 1918 2012 2013
f 2022 2023 1873
f 2002 2001 2000
f 2002 2000 2008
f 2002 2008 2007
f 1289 1324 1325
f 1545 1546 1547
f 1545 1547 1532
f 1545 1532 1534
f 1534 1532 1533
f 1831 1978 1979
f 1996 1794 1795
f 1996 1795 1995
f 1995 1795 1796
f 1409 1410 1204
f 1408 1409 1204
f 1408 1204 1205
f 1408 1205 1407
f 1407 1205 1206
f 1694 1692 1693
f 1684 1685 1719
f 1769 1770 1574
f 1114 1100 1115
f 1115 1100 1099
f 1024 1028 1029
f 1859 1860 1843
f 1545 1534 1535
f 1530 1531 1456
f 1684 1719 1720
f 1684 1720 1721
f 1782 1779 1780
f 1116 1115 1099
f 1529 1530 1456
f 1683 1684 1721
f 2003 2002 2007
f 1287 1288 1289
f 1287 1289 1326
f 1326 1289 1325
f 1543 1544 1545
f 1543 1545 1536
f 1536 1545 1535
f 1543 1536 1537
f 1528 1529 1456
f 1831 1979 1830
f 1830 1979 1980
f 1994 1995 1796
f 1971 1931 1932
f 1971 1932 1970
f 1970 1932 1933
f 1918 2013 2014
f 2022 1873 1874
f 2022 1874 2021
f 2021 1874 1875
f 1994 1796 1797
f 1994 1797 1993
f 1993 1797 1798
f 1682 1683 1721
f 1781 1782 1780
f 1769 1574 1575
f 1769 1575 1576
f 1116 1099 1098
f 1287 1326 1328
f 1328 1326 1327
f 1528 1456 1457
f 1406 1407 1206
f 1682 1721 1722
f 1682 1722 1723
f 1768 1769 1576
f 1969 1970 1933
f 2020 2021 1875
f 1541 1542 1543
f 1541 1543 1537
f 1541 1537 1538
f 1528 1457 1458
f 1406 1206 1207
f 1406 1207 1405
f 1405 1207 1208
f 1116 1098 1097
f 1541 1538 1539
f 1829 1830 1980
f 1992 1993 1991
f 1991 1993 1798
f 1404 1405 1403
f 1403 1405 1208
f 1681 1682 1723
f 1766 1767 1768
f 1766 1768 1576
f 2020 1875 1876
f 2020 1876 1877
f 1829 1980 1981
f 1829 1981 1982
f 1680 1681 1723
f 1765 1766 1576
f 1287 1328 1329
f 1527 1528 1458
f 1990 1991 1798
f 1678 1679 1680
f 1678 1680 1723
f 1764 1765 1576
f 1969 1933 1934
f 1969 1934 1968
f 1968 1934 1935
f 2020 1877 1878
f 2020 1878 2019
f 2019 1878 1879
f 1990 1798 1799
f 1990 1799 1989
f 1989 1799 1800
f 1402 1403 1208
f 1676 1677 1678
f 1676 1678 1723
f 1762 1763 1764
f 1762 1764 1576
f 1526 1527 1458
f 1525 1526 1458
f 1525 1458 1459
f 1829 1982 1983
f 1829 1983 1828
f 1828 1983 1984
f 1674 1675 1676
f 1674 1676 1723
f 1760 1761 1762
f 1760 1762 1576
f 1967 1968 1935
f 2018 2019 1879
f 1116 1097 1096
f 1827 1828 1984
f 1988 1989 1800
f 1402 1208 1209
f 1402 1209 1210
f 1672 1673 1674
f 1672 1674 1724
f 1724 1674 1723
f 1672 1724 1725
f 1918 2014 1917
f 1917 2014 2015
f 2018 1879 1880
f 2018 1880 1881
f 2004 2003 2005
f 2005 2003 2007
f 1540 1541 1539
f 1524 1525 1459
f 1524 1459 1460
f 1827 1984 1826
f 1826 1984 1985
f 1670 1671 1672
f 1670 1672 1725
f 1758 1759 1760
f 1758 1760 1577
f 1577 1760 1576
f 1965 1966 1967
f 1965 1967 1935
f 1916 1917 2015
f 1116 1096 1117
f 1117 1096 1095
f 1857 1858 1859
f 1857 1859 1856
f 1856 1859 1849
f 1849 1859 1843
f 1285 1286 1287
f 1285 1287 1329
f 1668 1669 1670
f 1668 1670 1725
f 1758 1577 1578
f 1964 1965 1935
f 1523 1524 1460
f 1825 1826 1985
f 1667 1668 1725
f 1757 1758 1578
f 1964 1935 1936
f 1964 1936 1937
f 1916 2015 2016
f 1523 1460 1461
f 1523 1461 1462
f 1756 1757 1578
f 1916 2016 2017
f 2006 2005 2007
f 1825 1985 1986
f 1825 1986 1987
f 1401 1402 1210
f 1400 1401 1210
f 1400 1210 1211
f 1400 1211 1212
f 1666 1667 1725
f 1756 1578 1579
f 1916 2017 2018
f 1916 2018 1881
f 1825 1987 1988
f 1825 1988 1800
f 1756 1579 1580
f 1522 1523 1462
f 1521 1522 1462
f 1521 1462 1463
f 1521 1463 1464
f 1666 1725 1726
f 1916 1881 1882
f 1916 1882 1883
f 1118 1117 1095
f 1855 1856 1854
f 1854 1856 1849
f 1756 1580 1582
f 1582 1580 1581
f 1963 1964 1937
f 1962 1963 1937
f 1962 1937 1938
f 1962 1938 1961
f 1961 1938 1939
f 1285 1329 1330
f 1285 1330 1331
f 1824 1825 1823
f 1823 1825 1815
f 1815 1825 1800
f 1915 1916 1883
f 1853 1854 1852
f 1852 1854 1849
f 1399 1400 1212
f 1398 1399 1214
f 1214 1399 1212
f 1214 1212 1213
f 1756 1582 1583
f 1118 1095 1119
f 1119 1095 1094
f 1520 1521 1464
f 1519 1520 1464
f 1519 1464 1465
f 1519 1465 1518
f 1518 1465 1466
f 1665 1666 1726
f 1120 1119 1094
f 1398 1214 1216
f 1216 1214 1215
f 1665 1726 1727
f 1755 1756 1584
f 1584 1756 1583
f 1915 1883 1884
f 1915 1884 1885
f 1121 1120 1094
f 1122 1121 1093
f 1093 1121 1094
f 1122 1093 1092
f 1851 1852 1849
f 1665 1727 1729
f 1729 1727 1728
f 1755 1584 1586
f 1586 1584 1585
f 1960 1961 1939
f 1850 1851 1849
f 1517 1518 1466
f 1398 1216 1217
f 1398 1217 1218
f 1665 1729 1730
f 1960 1939 1940
f 1960 1940 1959
f 1959 1940 1941
f 1663 1664 1665
f 1663 1665 1737
f 1737 1665 1735
f 1735 1665 1733
f 1733 1665 1731
f 1731 1665 1730
f 1755 1586 1588
f 1588 1586 1587
f 1733 1731 1732
f 1755 1588 1590
f 1590 1588 1589
f 1914 1915 1885
f 1123 1122 1092
f 1124 1123 1091
f 1091 1123 1092
f 1124 1091 1089
f 1089 1091 1090
f 1822 1823 1821
f 1821 1823 1815
f 1735 1733 1734
f 1958 1959 1957
f 1957 1959 1941
f 1913 1914 1885
f 1913 1885 1886
f 1913 1886 1912
f 1912 1886 1896
f 1896 1886 1887
f 1848 1849 1847
f 1847 1849 1843
f 1497 1498 1499
f 1497 1499 1496
f 1496 1499 1500
f 1737 1735 1736
f 1755 1590 1592
f 1592 1590 1591
f 1124 1089 1087
f 1087 1089 1088
f 1820 1821 1819
f 1819 1821 1815
f 1663 1737 1739
f 1739 1737 1738
f 1755 1592 1593
f 1911 1912 1897
f 1897 1912 1896
f 1495 1496 1500
f 1818 1819 1817
f 1817 1819 1815
f 1755 1593 1594
f 1285 1331 1332
f 1285 1332 1284
f 1284 1332 1333
f 1495 1500 1501
f 1495 1501 1494
f 1494 1501 1502
f 1816 1817 1815
f 1398 1218 1219
f 1398 1219 1220
f 1663 1739 1740
f 1755 1594 1595
f 1911 1897 1898
f 1895 1896 1887
f 1846 1847 1843
f 1283 1284 1333
f 1814 1815 1800
f 1956 1957 1941
f 1813 1814 1800
f 1956 1941 1942
f 1956 1942 1955
f 1955 1942 1943
f 1895 1887 1888
f 1895 1888 1889
f 1663 1740 1742
f 1742 1740 1741
f 1754 1755 1595
f 1754 1595 1596
f 1516 1517 1466
f 1752 1753 1754
f 1752 1754 1636
f 1636 1754 1596
f 1607 1608 1609
f 1607 1609 1610
f 1493 1494 1502
f 1372 1373 1374
f 1372 1374 1375
f 1813 1800 1801
f 1813 1801 1812
f 1812 1801 1802
f 1398 1220 1221
f 1398 1221 1222
f 1663 1742 1662
f 1662 1742 1743
f 1954 1955 1953
f 1953 1955 1943
f 1909 1910 1911
f 1909 1911 1898
f 1283 1333 1282
f 1282 1333 1334
f 1493 1502 1503
f 1493 1503 1504
f 1515 1516 1466
f 1372 1375 1376
f 1372 1376 1377
f 1605 1606 1607
f 1605 1607 1610
f 1281 1282 1334
f 1372 1377 1378
f 1372 1378 1379
f 1752 1636 1637
f 1635 1636 1596
f 1952 1953 1951
f 1951 1953 1943
f 1907 1908 1909
f 1907 1909 1898
f 1124 1087 1085
f 1085 1087 1086
f 1281 1334 1335
f 1493 1504 1505
f 1372 1379 1380
f 1372 1380 1238
f 1238 1380 1381
f 1895 1889 1890
f 1895 1890 1891
f 1514 1515 1467
f 1467 1515 1466
f 1238 1381 1382
f 1238 1382 1234
f 1234 1382 1383
f 1811 1812 1802
f 1661 1662 1743
f 1752 1637 1638
f 1635 1596 1597
f 1635 1597 1634
f 1634 1597 1598
f 1906 1907 1898
f 1493 1505 1506
f 1493 1506 1507
f 1514 1467 1468
f 1372 1238 1239
f 1237 1238 1236
f 1236 1238 1234
f 1661 1743 1744
f 1661 1744 1745
f 1633 1634 1598
f 1950 1951 1943
f 1124 1085 1125
f 1125 1085 1084
f 1492 1493 1507
f 1370 1371 1372
f 1370 1372 1239
f 1370 1239 1241
f 1241 1239 1240
f 1751 1752 1638
f 1633 1598 1599
f 1905 1906 1898
f 1491 1492 1507
f 1491 1507 1508
f 1491 1508 1509
f 1513 1514 1468
f 1235 1236 1234
f 1811 1802 1803
f 1811 1803 1804
f 1398 1222 1223
f 1398 1223 1224
f 1660 1661 1745
f 1660 1745 1746
f 1080 1079 1078
f 1281 1335 1336
f 1491 1509 1510
f 1491 1510 1511
f 1512 1513 1468
f 1604 1605 1610
f 1948 1949 1950
f 1948 1950 1947
f 1947 1950 1943
f 1126 1125 1083
f 1083 1125 1084
f 1081 1080 1078
f 1844 1845 1846
f 1844 1846 1843
f 1490 1491 1511
f 1490 1511 1512
f 1490 1512 1468
f 1370 1241 1242
f 1233 1234 1383
f 1660 1746 1747
f 1903 1904 1905
f 1903 1905 1898
f 1081 1078 1077
f 1811 1804 1805
f 1811 1805 1810
f 1810 1805 1806
f 1659 1660 1747
f 1659 1747 1748
f 1749 1750 1751
f 1749 1751 1638
f 1633 1599 1600
f 1633 1600 1601
f 1602 1603 1604
f 1602 1604 1610
f 1946 1947 1945
f 1945 1947 1943
f 1281 1336 1337
f 1659 1748 1749
f 1659 1749 1639
f 1639 1749 1638
f 1659 1639 1640
f 1632 1633 1601
f 1632 1601 1602
f 1632 1602 1611
f 1611 1602 1610
f 1902 1903 1898
f 1081 1077 1076
f 1368 1369 1370
f 1368 1370 1243
f 1243 1370 1242
f 1368 1243 1244
f 1398 1224 1225
f 1398 1225 1397
f 1397 1225 1226
f 1658 1659 1641
f 1641 1659 1640
f 1632 1611 1612
f 1281 1337 1338
f 1490 1468 1469
f 1396 1397 1395
f 1395 1397 1226
f 1631 1632 1612
f 1901 1902 1898
f 1280 1281 1338
f 1280 1338 1339
f 1490 1469 1470
f 1279 1280 1339
f 1658 1641 1642
f 1630 1631 1613
f 1613 1631 1612
f 1895 1891 1892
f 1895 1892 1893
f 1279 1339 1340
f 1490 1470 1489
f 1489 1470 1471
f 1809 1810 1808
f 1808 1810 1806
f 1630 1613 1629
f 1629 1613 1614
f 1899 1900 1901
f 1899 1901 1898
f 1394 1395 1393
f 1393 1395 1226
f 1658 1642 1643
f 1628 1629 1614
f 1367 1368 1244
f 1628 1614 1627
f 1627 1614 1615
f 1367 1244 1245
f 1807 1808 1806
f 1392 1393 1391
f 1391 1393 1226
f 1278 1279 1340
f 1488 1489 1487
f 1487 1489 1471
f 1366 1367 1245
f 1366 1245 1246
f 1657 1658 1643
f 1944 1945 1943
f 1656 1657 1643
f 1626 1627 1615
f 1486 1487 1471
f 1365 1366 1246
f 1365 1246 1247
f 1625 1626 1615
f 1081 1076 1075
f 1485 1486 1471
f 1484 1485 1471
f 1484 1471 1472
f 1390 1391 1226
f 1656 1643 1644
f 1625 1615 1616
f 1126 1083 1082
f 1484 1472 1473
f 1365 1247 1248
f 1233 1383 1384
f 1233 1384 1385
f 1655 1656 1644
f 1654 1655 1644
f 1654 1644 1645
f 1624 1625 1616
f 1624 1616 1617
f 1081 1075 1074
f 1483 1484 1474
f 1474 1484 1473
f 1483 1474 1475
f 1653 1654 1645
f 1652 1653 1646
f 1646 1653 1645
f 1652 1646 1647
f 1623 1624 1618
f 1618 1624 1617
f 1623 1618 1619
f 1895 1893 1894
f 1278 1340 1341
f 1278 1341 1342
f 1482 1483 1476
f 1476 1483 1475
f 1482 1476 1477
f 1365 1248 1249
f 1651 1652 1647
f 1650 1651 1648
f 1648 1651 1647
f 1650 1648 1649
f 1622 1623 1620
f 1620 1623 1619
f 1622 1620 1621
f 1481 1482 1477
f 1480 1481 1478
f 1478 1481 1477
f 1480 1478 1479
f 1277 1278 1342
f 1276 1277 1342
f 1276 1342 1343
f 1363 1364 1365
f 1363 1365 1250
f 1250 1365 1249
f 1363 1250 1251
f 1275 1276 1343
f 1274 1275 1343
f 1274 1343 1344
f 1361 1362 1363
f 1361 1363 1251
f 1390 1226 1227
f 1390 1227 1228
f 1274 1344 1345
f 1274 1345 1346
f 1359 1360 1361
f 1359 1361 1251
f 1233 1385 1386
f 1233 1386 1387
f 1273 1274 1346
f 1272 1273 1346
f 1272 1346 1347
f 1272 1347 1348
f 1358 1359 1251
f 1271 1272 1348
f 1271 1348 1349
f 1358 1251 1252
f 1271 1349 1350
f 1357 1358 1252
f 1357 1252 1253
f 1390 1228 1229
f 1390 1229 1230
f 1270 1271 1350
f 1270 1350 1351
f 1270 1351 1352
f 1355 1356 1357
f 1355 1357 1253
f 1387 1388 1389
f 1387 1389 1390
f 1269 1270 1352
f 1268 1269 1352
f 1268 1352 1353
f 1353 1354 1355
f 1353 1355 1254
f 1254 1355 1253
f 1353 1254 1255
f 1233 1387 1390
f 1233 1390 1230
f 1233 1230 1231
f 1233 1231 1232
f 1267 1268 1353
f 1266 1267 1353
f 1266 1353 1255
f 1265 1266 1255
f 1264 1265 1256
f 1256 1265 1255
f 1264 1256 1257
f 1263 1264 1258
f 1258 1264 1257
f 1263 1258 1259
f 1262 1263 1260
f 1260 1263 1259
f 1262 1260 1261
f 2026 2028 2027 2025
f 2028 2030 2029 2027
f 2030 2032 2031 2029
f 2032 2034 2033 2031
f 2034 2036 2035 2033
f 2036 2038 2037 2035
f 2038 2040 2039 2037
f 2040 2042 2041 2039
f 2042 2044 2043 2041
f 2044 2046 2045 2043
f 2046 2048 2047 2045
f 2048 2050 2049 2047
f 2050 2052 2051 2049
f 2052 2054 2053 2051
f 2054 2056 2055 2053
f 2056 2058 2057 2055
f 2058 2060 2059 2057
f 2060 2062 2061 2059
f 2062 2064 2063 2061
f 2064 2066 2065 2063
f 2066 2068 2067 2065
f 2068 2070 2069 2067
f 2070 2072 2071 2069
f 2072 2074 2073 2071
f 2074 2076 2075 2073
f 2076 2078 2077 2075
f 2078 2080 2079 2077
f 2080 2082 2081 2079
f 2082 2084 2083 2081
f 2084 2086 2085 2083
f 2086 2088 2087 2085
f 2088 2090 2089 2087
f 2090 2092 2091 2089
f 2092 2094 2093 2091
f 2094 2096 2095 2093
f 2096 2098 2097 2095
f 2098 2100 2099 2097
f 2100 2102 2101 2099
f 2102 2104 2103 2101
f 2104 2106 2105 2103
f 2106 2108 2107 2105
f 2108 2110 2109 2107
f 2110 2112 2111 2109
f 2112 2114 2113 2111
f 2114 2116 2115 2113
f 2116 2118 2117 2115
f 2118 2120 2119 2117
f 2120 2122 2121 2119
f 2122 2124 2123 2121
f 2124 2126 2125 2123
f 2126 2128 2127 2125
f 2128 2130 2129 2127
f 2130 2132 2131 2129
f 2132 2134 2133 2131
f 2134 2136 2135 2133
f 2136 2138 2137 2135
f 2138 2140 2139 2137
f 2140 2142 2141 2139
f 2142 2144 2143 2141
f 2144 2146 2145 2143
f 2146 2148 2147 2145
f 2148 2150 2149 2147
f 2150 2152 2151 2149
f 2152 2154 2153 2151
f 2154 2156 2155 2153
f 2156 2158 2157 2155
f 2158 2160 2159 2157
f 2160 2162 2161 2159
f 2162 2164 2163 2161
f 2164 2166 2165 2163
f 2166 2168 2167 2165
f 2168 2170 2169 2167
f 2170 2172 2171 2169
f 2172 2174 2173 2171
f 2174 2176 2175 2173
f 2176 2178 2177 2175
f 2178 2180 2179 2177
f 2180 2182 2181 2179
f 2182 2184 2183 2181
f 2184 2186 2185 2183
f 2186 2188 2187 2185
f 2188 2190 2189 2187
f 2190 2192 2191 2189
f 2192 2194 2193 2191
f 2194 2196 2195 2193
f 2196 2198 2197 2195
f 2198 2200 2199 2197
f 2200 2202 2201 2199
f 2202 2204 2203 2201
f 2204 2206 2205 2203
f 2206 2208 2207 2205
f 2208 2210 2209 2207
f 2210 2212 2211 2209
f 2212 2214 2213 2211
f 2214 2216 2215 2213
f 2216 2218 2217 2215
f 2218 2220 2219 2217
f 2220 2222 2221 2219
f 2222 2224 2223 2221
f 2224 2226 2225 2223
f 2226 2228 2227 2225
f 2228 2230 2229 2227
f 2230 2232 2231 2229
f 2232 2234 2233 2231
f 2234 2236 2235 2233
f 2236 2238 2237 2235
f 2238 2240 2239 2237
f 2240 2242 2241 2239
f 2242 2244 2243 2241
f 2244 2246 2245 2243
f 2246 2248 2247 2245
f 2248 2250 2249 2247
f 2250 2252 2251 2249
f 2252 2254 2253 2251
f 2254 2256 2255 2253
f 2256 2258 2257 2255
f 2258 2260 2259 2257
f 2260 2262 2261 2259
f 2262 2264 2263 2261
f 2264 2266 2265 2263
f 2266 2268 2267 2265
f 2268 2270 2269 2267
f 2270 2272 2271 2269
f 2272 2274 2273 2271
f 2274 2276 2275 2273
f 2276 2278 2277 2275
f 2278 2280 2279 2277
f 2280 2282 2281 2279
f 2282 2284 2283 2281
f 2284 2286 2285 2283
f 2286 2288 2287 2285
f 2288 2290 2289 2287
f 2290 2292 2291 2289
f 2292 2294 2293 2291
f 2294 2296 2295 2293
f 2296 2298 2297 2295
f 2298 2300 2299 2297
f 2300 2302 2301 2299
f 2302 2304 2303 2301
f 2304 2306 2305 2303
f 2306 2308 2307 2305
f 2308 2310 2309 2307
f 2310 2312 2311 2309
f 2312 2314 2313 2311
f 2314 2316 2315 2313
f 2316 2318 2317 2315
f 2318 2320 2319 2317
f 2320 2322 2321 2319
f 2322 2324 2323 2321
f 2324 2326 2325 2323
f 2326 2328 2327 2325
f 2328 2330 2329 2327
f 2330 2332 2331 2329
f 2332 2334 2333 2331
f 2334 2336 2335 2333
f 2336 2338 2337 2335
f 2338 2026 2025 2337
f 2340 2342 2341 2339
f 2342 2344 2343 2341
f 2344 2346 2345 2343
f 2346 2348 2347 2345
f 2348 2350 2349 2347
f 2350 2352 2351 2349
f 2352 2354 2353 2351
f 2354 2356 2355 2353
f 2356 2358 2357 2355
f 2358 2360 2359 2357
f 2360 2362 2361 2359
f 2362 2364 2363 2361
f 2364 2366 2365 2363
f 2366 2368 2367 2365
f 2368 2370 2369 2367
f 2370 2372 2371 2369
f 2372 2374 2373 2371
f 2374 2376 2375 2373
f 2376 2378 2377 2375
f 2378 2380 2379 2377
f 2380 2382 2381 2379
f 2382 2384 2383 2381
f 2384 2386 2385 2383
f 2386 2388 2387 2385
f 2388 2390 2389 2387
f 2390 2392 2391 2389
f 2392 2394 2393 2391
f 2394 2396 2395 2393
f 2396 2398 2397 2395
f 2398 2400 2399 2397
f 2400 2402 2401 2399
f 2402 2404 2403 2401
f 2404 2406 2405 2403
f 2406 2408 2407 2405
f 2408 2410 2409 2407
f 2410 2412 2411 2409
f 2412 2414 2413 2411
f 2414 2416 2415 2413
f 2416 2418 2417 2415
f 2418 2420 2419 2417
f 2420 2422 2421 2419
f 2422 2424 2423 2421
f 2424 2426 2425 2423
f 2426 2428 2427 2425
f 2428 2430 2429 2427
f 2430 2432 2431 2429
f 2432 2434 2433 2431
f 2434 2436 2435 2433
f 2436 2438 2437 2435
f 2438 2440 2439 2437
f 2440 2442 2441 2439
f 2442 2444 2443 2441
f 2444 2446 2445 2443
f 2446 2448 2447 2445
f 2448 2450 2449 2447
f 2450 2452 2451 2449
f 2452 2454 2453 2451
f 2454 2456 2455 2453
f 2456 2458 2457 2455
f 2458 2460 2459 2457
f 2460 2462 2461 2459
f 2462 2464 2463 2461
f 2464 2466 2465 2463
f 2466 2468 2467 2465
f 2468 2470 2469 2467
f 2470 2472 2471 2469
f 2472 2474 2473 2471
f 2474 2476 2475 2473
f 2476 2478 2477 2475
f 2478 2480 2479 2477
f 2480 2482 2481 2479
f 2482 2484 2483 2481
f 2484 2486 2485 2483
f 2486 2488 2487 2485
f 2488 2490 2489 2487
f 2490 2492 2491 2489
f 2492 2494 2493 2491
f 2494 2496 2495 2493
f 2496 2498 2497 2495
f 2498 2500 2499 2497
f 2500 2502 2501 2499
f 2502 2504 2503 2501
f 2504 2506 2505 2503
f 2506 2508 2507 2505
f 2508 2510 2509 2507
f 2510 2512 2511 2509
f 2512 2514 2513 2511
f 2514 2516 2515 2513
f 2516 2518 2517 2515
f 2518 2520 2519 2517
f 2520 2522 2521 2519
f 2522 2524 2523 2521
f 2524 2526 2525 2523
f 2526 2528 2527 2525
f 2528 2530 2529 2527
f 2530 2532 2531 2529
f 2532 2534 2533 2531
f 2534 2536 2535 2533
f 2536 2538 2537 2535
f 2538 2540 2539 2537
f 2540 2542 2541 2539
f 2542 2544 2543 2541
f 2544 2546 2545 2543
f 2546 2548 2547 2545
f 2548 2550 2549 2547
f 2550 2552 2551 2549
f 2552 2554 2553 2551
f 2554 2556 2555 2553
f 2556 2558 2557 2555
f 2558 2560 2559 2557
f 2560 2562 2561 2559
f 2562 2564 2563 2561
f 2564 2566 2565 2563
f 2566 2568 2567 2565
f 2568 2570 2569 2567
f 2570 2572 2571 2569
f 2572 2574 2573 2571
f 2574 2576 2575 2573
f 2576 2578 2577 2575
f 2578 2580 2579 2577
f 2580 2582 2581 2579
f 2582 2584 2583 2581
f 2584 2586 2585 2583
f 2586 2588 2587 2585
f 2588 2590 2589 2587
f 2590 2592 2591 2589
f 2592 2594 2593 2591
f 2594 2596 2595 2593
f 2596 2598 2597 2595
f 2598 2600 2599 2597
f 2600 2602 2601 2599
f 2602 2604 2603 2601
f 2604 2606 2605 2603
f 2606 2608 2607 2605
f 2608 2610 2609 2607
f 2610 2612 2611 2609
f 2612 2614 2613 2611
f 2614 2616 2615 2613
f 2616 2340 2339 2615
f 2618 2620 2619 2617
f 2620 2622 2621 2619
f 2622 2624 2623 2621
f 2624 2626 2625 2623
f 2626 2628 2627 2625
f 2628 2630 2629 2627
f 2630 2632 2631 2629
f 2632 2634 2633 2631
f 2634 2636 2635 2633
f 2636 2638 2637 2635
f 2638 2640 2639 2637
f 2640 2642 2641 2639
f 2642 2644 2643 2641
f 2644 2646 2645 2643
f 2646 2648 2647 2645
f 2648 2650 2649 2647
f 2650 2652 2651 2649
f 2652 2654 2653 2651
f 2654 2656 2655 2653
f 2656 2658 2657 2655
f 2658 2660 2659 2657
f 2660 2662 2661 2659
f 2662 2664 2663 2661
f 2664 2666 2665 2663
f 2666 2668 2667 2665
f 2668 2670 2669 2667
f 2670 2672 2671 2669
f 2672 2674 2673 2671
f 2674 2676 2675 2673
f 2676 2678 2677 2675
f 2678 2680 2679 2677
f 2680 2682 2681 2679
f 2682 2684 2683 2681
f 2684 2686 2685 2683
f 2686 2688 2687 2685
f 2688 2690 2689 2687
f 2690 2692 2691 2689
f 2692 2694 2693 2691
f 2694 2696 2695 2693
f 2696 2698 2697 2695
f 2698 2700 2699 2697
f 2700 2702 2701 2699
f 2702 2704 2703 2701
f 2704 2706 2705 2703
f 2706 2708 2707 2705
f 2708 2710 2709 2707
f 2710 2712 2711 2709
f 2712 2714 2713 2711
f 2714 2716 2715 2713
f 2716 2718 2717 2715
f 2718 2720 2719 2717
f 2720 2722 2721 2719
f 2722 2724 2723 2721
f 2724 2726 2725 2723
f 2726 2728 2727 2725
f 2728 2730 2729 2727
f 2730 2732 2731 2729
f 2732 2734 2733 2731
f 2734 2736 2735 2733
f 2736 2738 2737 2735
f 2738 2740 2739 2737
f 2740 2742 2741 2739
f 2742 2744 2743 2741
f 2744 2746 2745 2743
f 2746 2748 2747 2745
f 2748 2750 2749 2747
f 2750 2752 2751 2749
f 2752 2754 2753 2751
f 2754 2756 2755 2753
f 2756 2758 2757 2755
f 2758 2760 2759 2757
f 2760 2762 2761 2759
f 2762 2764 2763 2761
f 2764 2766 2765 2763
f 2766 2768 2767 2765
f 2768 2770 2769 2767
f 2770 2772 2771 2769
f 2772 2774 2773 2771
f 2774 2776 2775 2773
f 2776 2778 2777 2775
f 2778 2780 2779 2777
f 2780 2782 2781 2779
f 2782 2784 2783 2781
f 2784 2786 2785 2783
f 2786 2788 2787 2785
f 2788 2790 2789 2787
f 2790 2792 2791 2789
f 2792 2794 2793 2791
f 2794 2796 2795 2793
f 2796 2798 2797 2795
f 2798 2800 2799 2797
f 2800 2802 2801 2799
f 2802 2804 2803 2801
f 2804 2806 2805 2803
f 2806 2808 2807 2805
f 2808 2810 2809 2807
f 2810 2812 2811 2809
f 2812 2814 2813 2811
f 2814 2816 2815 2813
f 2816 2818 2817 2815
f 2818 2820 2819 2817
f 2820 2822 2821 2819
f 2822 2824 2823 2821
f 2824 2826 2825 2823
f 2826 2828 2827 2825
f 2828 2830 2829 2827
f 2830 2832 2831 2829
f 2832 2834 2833 2831
f 2834 2836 2835 2833
f 2836 2838 2837 2835
f 2838 2840 2839 2837
f 2840 2842 2841 2839
f 2842 2844 2843 2841
f 2844 2846 2845 2843
f 2846 2848 2847 2845
f 2848 2850 2849 2847
f 2850 2852 2851 2849
f 2852 2854 2853 2851
f 2854 2856 2855 2853
f 2856 2858 2857 2855
f 2858 2860 2859 2857
f 2860 2862 2861 2859
f 2862 2864 2863 2861
f 2864 2866 2865 2863
f 2866 2868 2867 2865
f 2868 2870 2869 2867
f 2870 2872 2871 2869
f 2872 2874 2873 2871
f 2874 2876 2875 2873
f 2876 2878 2877 2875
f 2878 2880 2879 2877
f 2880 2618 2617 2879
f 2882 2884 2883 2881
f 2884 2886 2885 2883
f 2886 2888 2887 2885
f 2888 2890 2889 2887
f 2890 2892 2891 2889
f 2892 2894 2893 2891
f 2894 2896 2895 2893
f 2896 2898 2897 2895
f 2898 2900 2899 2897
f 2900 2902 2901 2899
f 2902 2904 2903 2901
f 2904 2906 2905 2903
f 2906 2908 2907 2905
f 2908 2910 2909 2907
f 2910 2912 2911 2909
f 2912 2914 2913 2911
f 2914 2916 2915 2913
f 2916 2918 2917 2915
f 2918 2920 2919 2917
f 2920 2922 2921 2919
f 2922 2924 2923 2921
f 2924 2926 2925 2923
f 2926 2928 2927 2925
f 2928 2930 2929 2927
f 2930 2932 2931 2929
f 2932 2934 2933 2931
f 2934 2936 2935 2933
f 2936 2938 2937 2935
f 2938 2940 2939 2937
f 2940 2942 2941 2939
f 2942 2944 2943 2941
f 2944 2946 2945 2943
f 2946 2948 2947 2945
f 2948 2950 2949 2947
f 2950 2952 2951 2949
f 2952 2954 2953 2951
f 2954 2956 2955 2953
f 2956 2958 2957 2955
f 2958 2960 2959 2957
f 2960 2962 2961 2959
f 2962 2964 2963 2961
f 2964 2966 2965 2963
f 2966 2968 2967 2965
f 2968 2970 2969 2967
f 2970 2972 2971 2969
f 2972 2974 2973 2971
f 2974 2976 2975 2973
f 2976 2978 2977 2975
f 2978 2980 2979 2977
f 2980 2982 2981 2979
f 2982 2984 2983 2981
f 2984 2986 2985 2983
f 2986 2988 2987 2985
f 2988 2990 2989 2987
f 2990 2992 2991 2989
f 2992 2994 2993 2991
f 2994 2996 2995 2993
f 2996 2998 2997 2995
f 2998 3000 2999 2997
f 3000 3002 3001 2999
f 3002 3004 3003 3001
f 3004 3006 3005 3003
f 3006 3008 3007 3005
f 3008 3010 3009 3007
f 3010 3012 3011 3009
f 3012 3014 3013 3011
f 3014 3016 3015 3013
f 3016 3018 3017 3015
f 3018 3020 3019 3017
f 3020 3022 3021 3019
f 3022 3024 3023 3021
f 3024 3026 3025 3023
f 3026 3028 3027 3025
f 3028 3030 3029 3027
f 3030 3032 3031 3029
f 3032 3034 3033 3031
f 3034 3036 3035 3033
f 3036 3038 3037 3035
f 3038 3040 3039 3037
f 3040 3042 3041 3039
f 3042 3044 3043 3041
f 3044 3046 3045 3043
f 3046 3048 3047 3045
f 3048 3050 3049 3047
f 3050 3052 3051 3049
f 3052 3054 3053 3051
f 3054 3056 3055 3053
f 3056 3058 3057 3055
f 3058 3060 3059 3057
f 3060 3062 3061 3059
f 3062 3064 3063 3061
f 3064 3066 3065 3063
f 3066 3068 3067 3065
f 3068 3070 3069 3067
f 3070 3072 3071 3069
f 3072 3074 3073 3071
f 3074 3076 3075 3073
f 3076 3078 3077 3075
f 3078 3080 3079 3077
f 3080 3082 3081 3079
f 3082 3084 3083 3081
f 3084 3086 3085 3083
f 3086 3088 3087 3085
f 3088 3090 3089 3087
f 3090 3092 3091 3089
f 3092 3094 3093 3091
f 3094 3096 3095 3093
f 3096 3098 3097 3095
f 3098 3100 3099 3097
f 3100 3102 3101 3099
f 3102 3104 3103 3101
f 3104 3106 3105 3103
f 3106 3108 3107 3105
f 3108 3110 3109 3107
f 3110 3112 3111 3109
f 3112 3114 3113 3111
f 3114 3116 3115 3113
f 3116 3118 3117 3115
f 3118 3120 3119 3117
f 3120 3122 3121 3119
f 3122 3124 3123 3121
f 3124 2882 2881 3123
f 3126 3128 3127 3125
f 3128 3130 3129 3127
f 3130 3132 3131 3129
f 3132 3134 3133 3131
f 3134 3136 3135 3133
f 3136 3138 3137 3135
f 3138 3140 3139 3137
f 3140 3142 3141 3139
f 3142 3144 3143 3141
f 3144 3146 3145 3143
f 3146 3148 3147 3145
f 3148 3150 3149 3147
f 3150 3152 3151 3149
f 3152 3154 3153 3151
f 3154 3156 3155 3153
f 3156 3158 3157 3155
f 3158 3160 3159 3157
f 3160 3162 3161 3159
f 3162 3164 3163 3161
f 3164 3166 3165 3163
f 3166 3168 3167 3165
f 3168 3170 3169 3167
f 3170 3172 3171 3169
f 3172 3174 3173 3171
f 3174 3176 3175 3173
f 3176 3178 3177 3175
f 3178 3180 3179 3177
f 3180 3182 3181 3179
f 3182 3184 3183 3181
f 3184 3186 3185 3183
f 3186 3188 3187 3185
f 3188 3190 3189 3187
f 3190 3192 3191 3189
f 3192 3194 3193 3191
f 3194 3196 3195 3193
f 3196 3198 3197 3195
f 3198 3200 3199 3197
f 3200 3202 3201 3199
f 3202 3204 3203 3201
f 3204 3206 3205 3203
f 3206 3208 3207 3205
f 3208 3210 3209 3207
f 3210 3212 3211 3209
f 3212 3214 3213 3211
f 3214 3216 3215 3213
f 3216 3218 3217 3215
f 3218 3220 3219 3217
f 3220 3222 3221 3219
f 3222 3224 3223 3221
f 3224 3226 3225 3223
f 3226 3228 3227 3225
f 3228 3230 3229 3227
f 3230 3232 3231 3229
f 3232 3234 3233 3231
f 3234 3236 3235 3233
f 3236 3238 3237 3235
f 3238 3240 3239 3237
f 3240 3242 3241 3239
f 3242 3244 3243 3241
f 3244 3246 3245 3243
f 3246 3248 3247 3245
f 3248 3250 3249 3247
f 3250 3252 3251 3249
f 3252 3254 3253 3251
f 3254 3256 3255 3253
f 3256 3258 3257 3255
f 3258 3260 3259 3257
f 3260 3262 3261 3259
f 3262 3264 3263 3261
f 3264 3266 3265 3263
f 3266 3268 3267 3265
f 3268 3270 3269 3267
f 3270 3272 3271 3269
f 3272 3274 3273 3271
f 3274 3276 3275 3273
f 3276 3278 3277 3275
f 3278 3280 3279 3277
f 3280 3282 3281 3279
f 3282 3284 3283 3281
f 3284 3286 3285 3283
f 3286 3288 3287 3285
f 3288 3290 3289 3287
f 3290 3292 3291 3289
f 3292 3294 3293 3291
f 3294 3296 3295 3293
f 3296 3298 3297 3295
f 3298 3300 3299 3297
f 3300 3302 3301 3299
f 3302 3304 3303 3301
f 3304 3306 3305 3303
f 3306 3308 3307 3305
f 3308 3310 3309 3307
f 3310 3312 3311 3309
f 3312 3314 3313 3311
f 3314 3316 3315 3313
f 3316 3318 3317 3315
f 3318 3320 3319 3317
f 3320 3322 3321 3319
f 3322 3324 3323 3321
f 3324 3326 3325 3323
f 3326 3328 3327 3325
f 3328 3330 3329 3327
f 3330 3332 3331 3329
f 3332 3334 3333 3331
f 3334 3336 3335 3333
f 3336 3338 3337 3335
f 3338 3340 3339 3337
f 3340 3342 3341 3339
f 3342 3344 3343 3341
f 3344 3346 3345 3343
f 3346 3348 3347 3345
f 3348 3350 3349 3347
f 3350 3352 3351 3349
f 3352 3354 3353 3351
f 3354 3356 3355 3353
f 3356 3358 3357 3355
f 3358 3360 3359 3357
f 3360 3362 3361 3359
f 3362 3364 3363 3361
f 3364 3366 3365 3363
f 3366 3368 3367 3365
f 3368 3370 3369 3367
f 3370 3372 3371 3369
f 3372 3374 3373 3371
f 3374 3376 3375 3373
f 3376 3378 3377 3375
f 3378 3380 3379 3377
f 3380 3382 3381 3379
f 3382 3384 3383 3381
f 3384 3386 3385 3383
f 3386 3388 3387 3385
f 3388 3390 3389 3387
f 3390 3392 3391 3389
f 3392 3394 3393 3391
f 3394 3396 3395 3393
f 3396 3398 3397 3395
f 3398 3400 3399 3397
f 3400 3402 3401 3399
f 3402 3404 3403 3401
f 3404 3406 3405 3403
f 3406 3408 3407 3405
f 3408 3410 3409 3407
f 3410 3412 3411 3409
f 3412 3414 3413 3411
f 3414 3416 3415 3413
f 3416 3418 3417 3415
f 3418 3420 3419 3417
f 3420 3422 3421 3419
f 3422 3424 3423 3421
f 3424 3426 3425 3423
f 3426 3428 3427 3425
f 3428 3430 3429 3427
f 3430 3432 3431 3429
f 3432 3434 3433 3431
f 3434 3436 3435 3433
f 3436 3438 3437 3435
f 3438 3440 3439 3437
f 3440 3442 3441 3439
f 3442 3444 3443 3441
f 3444 3446 3445 3443
f 3446 3448 3447 3445
f 3448 3450 3449 3447
f 3450 3452 3451 3449
f 3452 3454 3453 3451
f 3454 3456 3455 3453
f 3456 3458 3457 3455
f 3458 3460 3459 3457
f 3460 3462 3461 3459
f 3462 3464 3463 3461
f 3464 3466 3465 3463
f 3466 3468 3467 3465
f 3468 3470 3469 3467
f 3470 3472 3471 3469
f 3472 3474 3473 3471
f 3474 3476 3475 3473
f 3476 3478 3477 3475
f 3478 3480 3479 3477
f 3480 3482 3481 3479
f 3482 3484 3483 3481
f 3484 3486 3485 3483
f 3486 3488 3487 3485
f 3488 3490 3489 3487
f 3490 3492 3491 3489
f 3492 3494 3493 3491
f 3494 3496 3495 3493
f 3496 3498 3497 3495
f 3498 3500 3499 3497
f 3500 3502 3501 3499
f 3502 3504 3503 3501
f 3504 3506 3505 3503
f 3506 3508 3507 3505
f 3508 3510 3509 3507
f 3510 3512 3511 3509
f 3512 3514 3513 3511
f 3514 3516 3515 3513
f 3516 3518 3517 3515
f 3518 3520 3519 3517
f 3520 3522 3521 3519
f 3522 3524 3523 3521
f 3524 3526 3525 3523
f 3526 3528 3527 3525
f 3528 3530 3529 3527
f 3530 3532 3531 3529
f 3532 3534 3533 3531
f 3534 3536 3535 3533
f 3536 3538 3537 3535
f 3538 3540 3539 3537
f 3540 3542 3541 3539
f 3542 3544 3543 3541
f 3544 3546 3545 3543
f 3546 3548 3547 3545
f 3548 3550 3549 3547
f 3550 3552 3551 3549
f 3552 3554 3553 3551
f 3554 3556 3555 3553
f 3556 3558 3557 3555
f 3558 3560 3559 3557
f 3560 3562 3561 3559
f 3562 3564 3563 3561
f 3564 3566 3565 3563
f 3566 3568 3567 3565
f 3568 3570 3569 3567
f 3570 3572 3571 3569
f 3572 3574 3573 3571
f 3574 3576 3575 3573
f 3576 3578 3577 3575
f 3578 3126 3125 3577
f 3580 3582 3581 3579
f 3582 3584 3583 3581
f 3584 3586 3585 3583
f 3586 3588 3587 3585
f 3588 3590 3589 3587
f 3590 3592 3591 3589
f 3592 3594 3593 3591
f 3594 3596 3595 3593
f 3596 3598 3597 3595
f 3598 3600 3599 3597
f 3600 3602 3601 3599
f 3602 3604 3603 3601
f 3604 3606 3605 3603
f 3606 3608 3607 3605
f 3608 3610 3609 3607
f 3610 3612 3611 3609
f 3612 3614 3613 3611
f 3614 3616 3615 3613
f 3616 3618 3617 3615
f 3618 3620 3619 3617
f 3620 3622 3621 3619
f 3622 3624 3623 3621
f 3624 3626 3625 3623
f 3626 3628 3627 3625
f 3628 3630 3629 3627
f 3630 3632 3631 3629
f 3632 3634 3633 3631
f 3634 3636 3635 3633
f 3636 3638 3637 3635
f 3638 3640 3639 3637
f 3640 3642 3641 3639
f 3642 3644 3643 3641
f 3644 3646 3645 3643
f 3646 3648 3647 3645
f 3648 3650 3649 3647
f 3650 3652 3651 3649
f 3652 3654 3653 3651
f 3654 3656 3655 3653
f 3656 3658 3657 3655
f 3658 3660 3659 3657
f 3660 3662 3661 3659
f 3662 3664 3663 3661
f 3664 3666 3665 3663
f 3666 3668 3667 3665
f 3668 3670 3669 3667
f 3670 3672 3671 3669
f 3672 3674 3673 3671
f 3674 3676 3675 3673
f 3676 3678 3677 3675
f 3678 3680 3679 3677
f 3680 3682 3681 3679
f 3682 3684 3683 3681
f 3684 3580 3579 3683
f 3686 3688 3687 3685
f 3688 3690 3689 3687
f 3690 3692 3691 3689
f 3692 3694 3693 3691
f 3694 3696 3695 3693
f 3696 3698 3697 3695
f 3698 3700 3699 3697
f 3700 3702 3701 3699
f 3702 3704 3703 3701
f 3704 3706 3705 3703
f 3706 3708 3707 3705
f 3708 3710 3709 3707
f 3710 3712 3711 3709
f 3712 3714 3713 3711
f 3714 3716 3715 3713
f 3716 3718 3717 3715
f 3718 3720 3719 3717
f 3720 3722 3721 3719
f 3722 3724 3723 3721
f 3724 3726 3725 3723
f 3726 3728 3727 3725
f 3728 3730 3729 3727
f 3730 3732 3731 3729
f 3732 3734 3733 3731
f 3734 3736 3735 3733
f 3736 3738 3737 3735
f 3738 3740 3739 3737
f 3740 3686 3685 3739
f 3742 3744 3743 3741
f 3744 3746 3745 3743
f 3746 3748 3747 3745
f 3748 3750 3749 3747
f 3750 3752 3751 3749
f 3752 3754 3753 3751
f 3754 3756 3755 3753
f 3756 3758 3757 3755
f 3758 3760 3759 3757
f 3760 3762 3761 3759
f 3762 3764 3763 3761
f 3764 3766 3765 3763
f 3766 3768 3767 3765
f 3768 3770 3769 3767
f 3770 3772 3771 3769
f 3772 3774 3773 3771
f 3774 3776 3775 3773
f 3776 3778 3777 3775
f 3778 3780 3779 3777
f 3780 3782 3781 3779
f 3782 3784 3783 3781
f 3784 3786 3785 3783
f 3786 3788 3787 3785
f 3788 3790 3789 3787
f 3790 3792 3791 3789
f 3792 3794 3793 3791
f 3794 3796 3795 3793
f 3796 3798 3797 3795
f 3798 3800 3799 3797
f 3800 3802 3801 3799
f 3802 3804 3803 3801
f 3804 3806 3805 3803
f 3806 3808 3807 3805
f 3808 3810 3809 3807
f 3810 3812 3811 3809
f 3812 3814 3813 3811
f 3814 3816 3815 3813
f 3816 3818 3817 3815
f 3818 3820 3819 3817
f 3820 3822 3821 3819
f 3822 3824 3823 3821
f 3824 3826 3825 3823
f 3826 3828 3827 3825
f 3828 3830 3829 3827
f 3830 3832 3831 3829
f 3832 3834 3833 3831
f 3834 3836 3835 3833
f 3836 3838 3837 3835
f 3838 3840 3839 3837
f 3840 3842 3841 3839
f 3842 3844 3843 3841
f 3844 3846 3845 3843
f 3846 3848 3847 3845
f 3848 3850 3849 3847
f 3850 3852 3851 3849
f 3852 3854 3853 3851
f 3854 3856 3855 3853
f 3856 3742 3741 3855
f 3858 3860 3859 3857
f 3860 3862 3861 3859
f 3862 3864 3863 3861
f 3864 3866 3865 3863
f 3866 3868 3867 3865
f 3868 3870 3869 3867
f 3870 3872 3871 3869
f 3872 3874 3873 3871
f 3874 3876 3875 3873
f 3876 3878 3877 3875
f 3878 3880 3879 3877
f 3880 3882 3881 3879
f 3882 3884 3883 3881
f 3884 3886 3885 3883
f 3886 3888 3887 3885
f 3888 3890 3889 3887
f 3890 3892 3891 3889
f 3892 3894 3893 3891
f 3894 3896 3895 3893
f 3896 3898 3897 3895
f 3898 3900 3899 3897
f 3900 3902 3901 3899
f 3902 3904 3903 3901
f 3904 3906 3905 3903
f 3906 3908 3907 3905
f 3908 3910 3909 3907
f 3910 3912 3911 3909
f 3912 3914 3913 3911
f 3914 3916 3915 3913
f 3916 3918 3917 3915
f 3918 3920 3919 3917
f 3920 3922 3921 3919
f 3922 3924 3923 3921
f 3924 3926 3925 3923
f 3926 3928 3927 3925
f 3928 3930 3929 3927
f 3930 3932 3931 3929
f 3932 3934 3933 3931
f 3934 3936 3935 3933
f 3936 3938 3937 3935
f 3938 3940 3939 3937
f 3940 3942 3941 3939
f 3942 3944 3943 3941
f 3944 3946 3945 3943
f 3946 3948 3947 3945
f 3948 3950 3949 3947
f 3950 3858 3857 3949
f 3952 3954 3953 3951
f 3954 3956 3955 3953
f 3956 3958 3957 3955
f 3958 3960 3959 3957
f 3960 3962 3961 3959
f 3962 3964 3963 3961
f 3964 3966 3965 3963
f 3966 3968 3967 3965
f 3968 3970 3969 3967
f 3970 3972 3971 3969
f 3972 3974 3973 3971
f 3974 3976 3975 3973
f 3976 3978 3977 3975
f 3978 3980 3979 3977
f 3980 3982 3981 3979
f 3982 3984 3983 3981
f 3984 3986 3985 3983
f 3986 3988 3987 3985
f 3988 3990 3989 3987
f 3990 3992 3991 3989
f 3992 3994 3993 3991
f 3994 3996 3995 3993
f 3996 3952 3951 3995
f 3998 4000 3999 3997
f 4000 4002 4001 3999
f 4002 4004 4003 4001
f 4004 4006 4005 4003
f 4006 4008 4007 4005
f 4008 4010 4009 4007
f 4010 4012 4011 4009
f 4012 4014 4013 4011
f 4014 4016 4015 4013
f 4016 4018 4017 4015
f 4018 3998 3997 4017
f 4020 4022 4021 4019
f 4022 4024 4023 4021
f 4024 4026 4025 4023
f 4026 4028 4027 4025
f 4028 4030 4029 4027
f 4030 4032 4031 4029
f 4032 4034 4033 4031
f 4034 4036 4035 4033
f 4036 4038 4037 4035
f 4038 4040 4039 4037
f 4040 4042 4041 4039
f 4042 4044 4043 4041
f 4044 4046 4045 4043
f 4046 4048 4047 4045
f 4048 4020 4019 4047

usemtl logo_face_white
s 1
f 4203 4205 4204
f 4203 4049 4205
f 4203 4050 4049
f 4203 4051 4050
f 4202 4051 4203
f 4342 4344 4343
f 4342 4206 4344
f 4340 4342 4341
f 4340 4206 4342
f 4340 4207 4206
f 4340 4208 4207
f 4201 4051 4202
f 4338 4340 4339
f 4338 4208 4340
f 4338 4209 4208
f 4227 4229 4228
f 4227 4451 4229
f 4451 4230 4229
f 4336 4338 4337
f 4336 4209 4338
f 4336 4345 4209
f 4345 4476 4209
f 4476 4210 4209
f 4225 4227 4226
f 4225 4451 4227
f 4334 4336 4335
f 4334 4345 4336
f 4334 4346 4345
f 4475 4210 4476
f 4223 4225 4224
f 4223 4451 4225
f 4333 4347 4334
f 4347 4346 4334
f 4333 4348 4347
f 4474 4210 4475
f 4474 4211 4210
f 4474 4212 4211
f 4221 4223 4222
f 4221 4451 4223
f 4333 4349 4348
f 4473 4212 4474
f 4473 4472 4212
f 4472 4213 4212
f 4220 4452 4221
f 4452 4451 4221
f 4220 4454 4452
f 4454 4453 4452
f 4450 4230 4451
f 4200 4051 4201
f 4332 4349 4333
f 4332 4350 4349
f 4471 4213 4472
f 4220 4455 4454
f 4332 4351 4350
f 4470 4213 4471
f 4469 4213 4470
f 4469 4214 4213
f 4219 4456 4220
f 4456 4455 4220
f 4219 4458 4456
f 4458 4457 4456
f 4450 4232 4230
f 4232 4231 4230
f 4199 4051 4200
f 4330 4332 4331
f 4330 4355 4332
f 4355 4351 4332
f 4355 4353 4351
f 4353 4352 4351
f 4468 4214 4469
f 4467 4214 4468
f 4467 4215 4214
f 4467 4216 4215
f 4199 4052 4051
f 4355 4354 4353
f 4466 4216 4467
f 4466 4217 4216
f 4466 4218 4217
f 4219 4460 4458
f 4460 4459 4458
f 4450 4233 4232
f 4450 4234 4233
f 4330 4356 4355
f 4465 4218 4466
f 4219 4461 4460
f 4199 4053 4052
f 4740 4742 4741
f 4824 4599 4825
f 4198 4142 4199
f 4142 4053 4199
f 4596 4598 4597
f 4596 4477 4598
f 4464 4218 4465
f 4739 4742 4740
f 4739 4743 4742
f 4739 4744 4743
f 4823 4599 4824
f 4823 4600 4599
f 4823 4601 4600
f 4594 4596 4595
f 4594 4477 4596
f 4594 4478 4477
f 4594 4479 4478
f 4463 4218 4464
f 4463 4219 4218
f 4463 4461 4219
f 4450 4235 4234
f 4450 4236 4235
f 4738 4744 4739
f 4738 4745 4744
f 4738 4746 4745
f 4821 4823 4822
f 4821 4601 4823
f 4821 4602 4601
f 4821 4603 4602
f 5009 5011 5010
f 5009 4965 5011
f 4962 4964 4963
f 4962 4907 4964
f 4144 4142 4143
f 4144 4145 4142
f 4145 4141 4142
f 4060 4062 4061
f 4060 4064 4062
f 4064 4063 4062
f 4904 4906 4905
f 4904 4903 4906
f 4903 4897 4906
f 4897 4896 4906
f 4896 4879 4906
f 4592 4594 4593
f 4592 4479 4594
f 4592 4480 4479
f 4592 4481 4480
f 4876 4878 4877
f 4876 4826 4878
f 4737 4746 4738
f 4737 4747 4746
f 4737 4748 4747
f 4820 4603 4821
f 4961 4907 4962
f 4590 4592 4591
f 4590 4481 4592
f 4590 4482 4481
f 4590 4483 4482
f 4874 4876 4875
f 4874 4826 4876
f 4737 4749 4748
f 4820 4604 4603
f 4960 4907 4961
f 4146 4141 4145
f 4589 4483 4590
f 4589 4484 4483
f 4589 4485 4484
f 4873 4826 4874
f 4737 4750 4749
f 4819 4604 4820
f 4819 4605 4604
f 4146 4140 4141
f 4329 4356 4330
f 4588 4485 4589
f 4463 4462 4461
f 4872 4826 4873
f 4735 4737 4736
f 4735 4750 4737
f 4735 4751 4750
f 4735 4752 4751
f 4588 4486 4485
f 4588 4487 4486
f 4819 4606 4605
f 4819 4607 4606
f 4959 4907 4960
f 4146 4147 4140
f 4147 4139 4140
f 4902 4901 4903
f 4901 4897 4903
f 4328 4356 4329
f 4450 4237 4236
f 4450 4449 4237
f 4449 4238 4237
f 4734 4752 4735
f 4734 4753 4752
f 4734 4754 4753
f 4958 4907 4959
f 4586 4588 4587
f 4586 4487 4588
f 4586 4488 4487
f 4586 4489 4488
f 4448 4238 4449
f 4148 4139 4147
f 4328 4357 4356
f 4733 4754 4734
f 4956 4958 4957
f 4956 4907 4958
f 4327 4357 4328
f 4585 4489 4586
f 4585 4490 4489
f 4585 4491 4490
f 4871 4826 4872
f 4732 4754 4733
f 4148 4138 4139
f 4900 4899 4901
f 4899 4897 4901
f 4818 4810 4819
f 4810 4607 4819
f 4584 4491 4585
f 4732 4725 4754
f 4725 4724 4754
f 4724 4755 4754
f 4148 4149 4138
f 4149 4137 4138
f 4898 4897 4899
f 4326 4357 4327
f 4869 4871 4870
f 4869 4826 4871
f 4448 4239 4238
f 4448 4447 4239
f 4447 4240 4239
f 4810 4608 4607
f 4954 4956 4955
f 4954 5048 4956
f 5048 5046 4956
f 5046 4907 4956
f 4869 4827 4826
f 4869 4828 4827
f 4446 4240 4447
f 4325 4358 4326
f 4358 4357 4326
f 4730 4732 4731
f 4730 4725 4732
f 4730 4727 4725
f 4727 4726 4725
f 4723 4755 4724
f 4818 4812 4810
f 4812 4811 4810
f 4809 4608 4810
f 4808 4608 4809
f 4808 4609 4608
f 4150 4137 4149
f 4325 4360 4358
f 4360 4359 4358
f 4583 4491 4584
f 4867 4869 4868
f 4867 5012 4869
f 5012 4828 4869
f 4730 4728 4727
f 4722 4755 4723
f 4818 4813 4812
f 4807 4609 4808
f 4806 4609 4807
f 4806 4610 4609
f 5009 4966 4965
f 5009 5008 4966
f 5008 4967 4966
f 5046 4908 4907
f 5046 5060 4908
f 5060 4909 4908
f 4583 4568 4491
f 4568 4567 4491
f 4567 4492 4491
f 5012 4829 4828
f 5012 5034 4829
f 5034 5033 4829
f 5033 4830 4829
f 4721 4755 4722
f 5048 5047 5046
f 5059 4909 5060
f 5036 5045 5035
f 5036 5044 5045
f 4150 4136 4137
f 4867 5014 5012
f 5014 5013 5012
f 5032 4830 5033
f 4818 4815 4813
f 4815 4814 4813
f 5007 4967 5008
f 4954 5049 5048
f 5058 4909 5059
f 5038 5036 5037
f 5038 5044 5036
f 5038 5043 5044
f 4325 4361 4360
f 4581 4583 4582
f 4581 4568 4583
f 4581 4570 4568
f 4570 4569 4568
f 4867 5015 5014
f 5032 4831 4830
f 5032 5031 4831
f 5031 4832 4831
f 4445 4240 4446
f 4444 4240 4445
f 4444 4241 4240
f 4444 4443 4241
f 4443 4242 4241
f 4730 4729 4728
f 4720 4755 4721
f 4805 4610 4806
f 4150 4151 4136
f 4151 4135 4136
f 4060 4065 4064
f 4895 4879 4896
f 4581 4571 4570
f 4566 4492 4567
f 4720 4756 4755
f 4720 4757 4756
f 4818 4816 4815
f 4152 4135 4151
f 4565 4492 4566
f 4719 4757 4720
f 5039 5043 5038
f 4323 4325 4324
f 4323 4362 4325
f 4362 4361 4325
f 4579 4581 4580
f 4579 4572 4581
f 4572 4571 4581
f 4579 4573 4572
f 4564 4492 4565
f 4867 4866 5015
f 4866 5016 5015
f 5030 4832 5031
f 5007 4968 4967
f 5007 5006 4968
f 5006 4969 4968
f 4954 5050 5049
f 5058 4910 4909
f 5058 5057 4910
f 5057 4911 4910
f 5030 4833 4832
f 5030 5029 4833
f 5029 4834 4833
f 4718 4757 4719
f 4817 4816 4818
f 4805 4611 4610
f 4805 4612 4611
f 4152 4134 4135
f 4323 4364 4362
f 4364 4363 4362
f 4564 4493 4492
f 4442 4242 4443
f 4718 4758 4757
f 4718 4759 4758
f 4804 4612 4805
f 5005 4969 5006
f 5056 4911 5057
f 4577 4579 4578
f 4577 4573 4579
f 4577 4574 4573
f 4564 4494 4493
f 4442 4243 4242
f 4442 4441 4243
f 4441 4244 4243
f 4152 4133 4134
f 4577 4575 4574
f 4865 5016 4866
f 5028 5027 5029
f 5027 4834 5029
f 4440 4439 4441
f 4439 4244 4441
f 4717 4759 4718
f 4802 4804 4803
f 4802 4612 4804
f 5056 4912 4911
f 5056 4913 4912
f 4865 5017 5016
f 4865 5018 5017
f 4716 4759 4717
f 4801 4612 4802
f 4323 4365 4364
f 4563 4494 4564
f 5026 4834 5027
f 4714 4716 4715
f 4714 4759 4716
f 4800 4612 4801
f 5005 4970 4969
f 5005 5004 4970
f 5004 4971 4970
f 5056 4914 4913
f 5056 5055 4914
f 5055 4915 4914
f 5026 4835 4834
f 5026 5025 4835
f 5025 4836 4835
f 4438 4244 4439
f 4712 4714 4713
f 4712 4759 4714
f 4798 4800 4799
f 4798 4612 4800
f 4562 4494 4563
f 4561 4494 4562
f 4561 4495 4494
f 4865 5019 5018
f 4865 4864 5019
f 4864 5020 5019
f 4710 4712 4711
f 4710 4759 4712
f 4796 4798 4797
f 4796 4612 4798
f 5003 4971 5004
f 5054 4915 5055
f 4152 4132 4133
f 4863 5020 4864
f 5024 4836 5025
f 4438 4245 4244
f 4438 4246 4245
f 4708 4710 4709
f 4708 4760 4710
f 4760 4759 4710
f 4708 4761 4760
f 4954 4953 5050
f 4953 5051 5050
f 5054 4916 4915
f 5054 4917 4916
f 5040 5041 5039
f 5041 5043 5039
f 4576 4575 4577
f 4560 4495 4561
f 4560 4496 4495
f 4863 4862 5020
f 4862 5021 5020
f 4706 4708 4707
f 4706 4761 4708
f 4794 4796 4795
f 4794 4613 4796
f 4613 4612 4796
f 5001 5003 5002
f 5001 4971 5003
f 4952 5051 4953
f 4152 4153 4132
f 4153 4131 4132
f 4893 4895 4894
f 4893 4892 4895
f 4892 4885 4895
f 4885 4879 4895
f 4321 4323 4322
f 4321 4365 4323
f 4704 4706 4705
f 4704 4761 4706
f 4794 4614 4613
f 5000 4971 5001
f 4559 4496 4560
f 4861 5021 4862
f 4703 4761 4704
f 4793 4614 4794
f 5000 4972 4971
f 5000 4973 4972
f 4952 5052 5051
f 4559 4497 4496
f 4559 4498 4497
f 4792 4614 4793
f 4952 5053 5052
f 5042 5043 5041
f 4861 5022 5021
f 4861 5023 5022
f 4437 4246 4438
f 4436 4246 4437
f 4436 4247 4246
f 4436 4248 4247
f 4702 4761 4703
f 4792 4615 4614
f 4952 5054 5053
f 4952 4917 5054
f 4861 5024 5023
f 4861 4836 5024
f 4792 4616 4615
f 4558 4498 4559
f 4557 4498 4558
f 4557 4499 4498
f 4557 4500 4499
f 4702 4762 4761
f 4952 4918 4917
f 4952 4919 4918
f 4154 4131 4153
f 4891 4890 4892
f 4890 4885 4892
f 4792 4618 4616
f 4618 4617 4616
f 4999 4973 5000
f 4998 4973 4999
f 4998 4974 4973
f 4998 4997 4974
f 4997 4975 4974
f 4321 4366 4365
f 4321 4367 4366
f 4860 4859 4861
f 4859 4851 4861
f 4851 4836 4861
f 4951 4919 4952
f 4889 4888 4890
f 4888 4885 4890
f 4435 4248 4436
f 4434 4250 4435
f 4250 4248 4435
f 4250 4249 4248
f 4792 4619 4618
f 4154 4155 4131
f 4155 4130 4131
f 4556 4500 4557
f 4555 4500 4556
f 4555 4501 4500
f 4555 4554 4501
f 4554 4502 4501
f 4701 4762 4702
f 4156 4130 4155
f 4434 4252 4250
f 4252 4251 4250
f 4701 4763 4762
f 4791 4620 4792
f 4620 4619 4792
f 4951 4920 4919
f 4951 4921 4920
f 4157 4130 4156
f 4158 4129 4157
f 4129 4130 4157
f 4158 4128 4129
f 4887 4885 4888
f 4701 4765 4763
f 4765 4764 4763
f 4791 4622 4620
f 4622 4621 4620
f 4996 4975 4997
f 4886 4885 4887
f 4553 4502 4554
f 4434 4253 4252
f 4434 4254 4253
f 4701 4766 4765
f 4996 4976 4975
f 4996 4995 4976
f 4995 4977 4976
f 4699 4701 4700
f 4699 4773 4701
f 4773 4771 4701
f 4771 4769 4701
f 4769 4767 4701
f 4767 4766 4701
f 4791 4624 4622
f 4624 4623 4622
f 4769 4768 4767
f 4791 4626 4624
f 4626 4625 4624
f 4950 4921 4951
f 4159 4128 4158
f 4160 4127 4159
f 4127 4128 4159
f 4160 4125 4127
f 4125 4126 4127
f 4858 4857 4859
f 4857 4851 4859
f 4771 4770 4769
f 4994 4993 4995
f 4993 4977 4995
f 4949 4921 4950
f 4949 4922 4921
f 4949 4948 4922
f 4948 4932 4922
f 4932 4923 4922
f 4884 4883 4885
f 4883 4879 4885
f 4533 4535 4534
f 4533 4532 4535
f 4532 4536 4535
f 4773 4772 4771
f 4791 4628 4626
f 4628 4627 4626
f 4160 4123 4125
f 4123 4124 4125
f 4856 4855 4857
f 4855 4851 4857
f 4699 4775 4773
f 4775 4774 4773
f 4791 4629 4628
f 4947 4933 4948
f 4933 4932 4948
f 4531 4536 4532
f 4854 4853 4855
f 4853 4851 4855
f 4791 4630 4629
f 4321 4368 4367
f 4321 4320 4368
f 4320 4369 4368
f 4531 4537 4536
f 4531 4530 4537
f 4530 4538 4537
f 4852 4851 4853
f 4434 4255 4254
f 4434 4256 4255
f 4699 4776 4775
f 4791 4631 4630
f 4947 4934 4933
f 4931 4923 4932
f 4882 4879 4883
f 4319 4369 4320
f 4850 4836 4851
f 4992 4977 4993
f 4849 4836 4850
f 4992 4978 4977
f 4992 4991 4978
f 4991 4979 4978
f 4931 4924 4923
f 4931 4925 4924
f 4699 4778 4776
f 4778 4777 4776
f 4790 4631 4791
f 4790 4632 4631
f 4552 4502 4553
f 4788 4790 4789
f 4788 4672 4790
f 4672 4632 4790
f 4643 4645 4644
f 4643 4646 4645
f 4529 4538 4530
f 4408 4410 4409
f 4408 4411 4410
f 4849 4837 4836
f 4849 4848 4837
f 4848 4838 4837
f 4434 4257 4256
f 4434 4258 4257
f 4699 4698 4778
f 4698 4779 4778
f 4990 4989 4991
f 4989 4979 4991
f 4945 4947 4946
f 4945 4934 4947
f 4319 4318 4369
f 4318 4370 4369
f 4529 4539 4538
f 4529 4540 4539
f 4551 4502 4552
f 4408 4412 4411
f 4408 4413 4412
f 4641 4643 4642
f 4641 4646 4643
f 4317 4370 4318
f 4408 4414 4413
f 4408 4415 4414
f 4788 4673 4672
f 4671 4632 4672
f 4988 4987 4989
f 4987 4979 4989
f 4943 4945 4944
f 4943 4934 4945
f 4160 4121 4123
f 4121 4122 4123
f 4317 4371 4370
f 4529 4541 4540
f 4408 4416 4415
f 4408 4274 4416
f 4274 4417 4416
f 4931 4926 4925
f 4931 4927 4926
f 4550 4503 4551
f 4503 4502 4551
f 4274 4418 4417
f 4274 4270 4418
f 4270 4419 4418
f 4847 4838 4848
f 4697 4779 4698
f 4788 4674 4673
f 4671 4633 4632
f 4671 4670 4633
f 4670 4634 4633
f 4942 4934 4943
f 4529 4542 4541
f 4529 4543 4542
f 4550 4504 4503
f 4408 4275 4274
f 4273 4272 4274
f 4272 4270 4274
f 4697 4780 4779
f 4697 4781 4780
f 4669 4634 4670
f 4986 4979 4987
f 4160 4161 4121
f 4161 4120 4121
f 4528 4543 4529
f 4406 4408 4407
f 4406 4275 4408
f 4406 4277 4275
f 4277 4276 4275
f 4787 4674 4788
f 4669 4635 4634
f 4941 4934 4942
f 4527 4543 4528
f 4527 4544 4543
f 4527 4545 4544
f 4549 4504 4550
f 4271 4270 4272
f 4847 4839 4838
f 4847 4840 4839
f 4434 4259 4258
f 4434 4260 4259
f 4696 4781 4697
f 4696 4782 4781
f 4116 4114 4115
f 4317 4372 4371
f 4527 4546 4545
f 4527 4547 4546
f 4548 4504 4549
f 4640 4646 4641
f 4984 4986 4985
f 4984 4983 4986
f 4983 4979 4986
f 4162 4119 4161
f 4119 4120 4161
f 4117 4114 4116
f 4880 4882 4881
f 4880 4879 4882
f 4526 4547 4527
f 4526 4548 4547
f 4526 4504 4548
f 4406 4278 4277
f 4269 4419 4270
f 4696 4783 4782
f 4939 4941 4940
f 4939 4934 4941
f 4117 4113 4114
f 4847 4841 4840
f 4847 4846 4841
f 4846 4842 4841
f 4695 4783 4696
f 4695 4784 4783
f 4785 4787 4786
f 4785 4674 4787
f 4669 4636 4635
f 4669 4637 4636
f 4638 4640 4639
f 4638 4646 4640
f 4982 4981 4983
f 4981 4979 4983
f 4317 4373 4372
f 4695 4785 4784
f 4695 4675 4785
f 4675 4674 4785
f 4695 4676 4675
f 4668 4637 4669
f 4668 4638 4637
f 4668 4647 4638
f 4647 4646 4638
f 4938 4934 4939
f 4117 4112 4113
f 4404 4406 4405
f 4404 4279 4406
f 4279 4278 4406
f 4404 4280 4279
f 4434 4261 4260
f 4434 4433 4261
f 4433 4262 4261
f 4694 4677 4695
f 4677 4676 4695
f 4668 4648 4647
f 4317 4374 4373
f 4526 4505 4504
f 4432 4431 4433
f 4431 4262 4433
f 4667 4648 4668
f 4937 4934 4938
f 4316 4374 4317
f 4316 4375 4374
f 4526 4506 4505
f 4315 4375 4316
f 4694 4678 4677
f 4666 4649 4667
f 4649 4648 4667
f 4931 4928 4927
f 4931 4929 4928
f 4315 4376 4375
f 4526 4525 4506
f 4525 4507 4506
f 4845 4844 4846
f 4844 4842 4846
f 4666 4665 4649
f 4665 4650 4649
f 4935 4937 4936
f 4935 4934 4937
f 4430 4429 4431
f 4429 4262 4431
f 4694 4679 4678
f 4664 4650 4665
f 4403 4280 4404
f 4664 4663 4650
f 4663 4651 4650
f 4403 4281 4280
f 4843 4842 4844
f 4428 4427 4429
f 4427 4262 4429
f 4314 4376 4315
f 4524 4523 4525
f 4523 4507 4525
f 4402 4281 4403
f 4402 4282 4281
f 4693 4679 4694
f 4980 4979 4981
f 4692 4679 4693
f 4662 4651 4663
f 4522 4507 4523
f 4401 4282 4402
f 4401 4283 4282
f 4661 4651 4662
f 4117 4111 4112
f 4521 4507 4522
f 4520 4507 4521
f 4520 4508 4507
f 4426 4262 4427
f 4692 4680 4679
f 4661 4652 4651
f 4162 4118 4119
f 4520 4509 4508
f 4401 4284 4283
f 4269 4420 4419
f 4269 4421 4420
f 4691 4680 4692
f 4690 4680 4691
f 4690 4681 4680
f 4660 4652 4661
f 4660 4653 4652
f 4117 4110 4111
f 4519 4510 4520
f 4510 4509 4520
f 4519 4511 4510
f 4689 4681 4690
f 4688 4682 4689
f 4682 4681 4689
f 4688 4683 4682
f 4659 4654 4660
f 4654 4653 4660
f 4659 4655 4654
f 4931 4930 4929
f 4314 4377 4376
f 4314 4378 4377
f 4518 4512 4519
f 4512 4511 4519
f 4518 4513 4512
f 4401 4285 4284
f 4687 4683 4688
f 4686 4684 4687
f 4684 4683 4687
f 4686 4685 4684
f 4658 4656 4659
f 4656 4655 4659
f 4658 4657 4656
f 4517 4513 4518
f 4516 4514 4517
f 4514 4513 4517
f 4516 4515 4514
f 4313 4378 4314
f 4312 4378 4313
f 4312 4379 4378
f 4399 4401 4400
f 4399 4286 4401
f 4286 4285 4401
f 4399 4287 4286
f 4311 4379 4312
f 4310 4379 4311
f 4310 4380 4379
f 4397 4399 4398
f 4397 4287 4399
f 4426 4263 4262
f 4426 4264 4263
f 4310 4381 4380
f 4310 4382 4381
f 4395 4397 4396
f 4395 4287 4397
f 4269 4422 4421
f 4269 4423 4422
f 4309 4382 4310
f 4308 4382 4309
f 4308 4383 4382
f 4308 4384 4383
f 4394 4287 4395
f 4307 4384 4308
f 4307 4385 4384
f 4394 4288 4287
f 4307 4386 4385
f 4393 4288 4394
f 4393 4289 4288
f 4426 4265 4264
f 4426 4266 4265
f 4306 4386 4307
f 4306 4387 4386
f 4306 4388 4387
f 4391 4393 4392
f 4391 4289 4393
f 4423 4425 4424
f 4423 4426 4425
f 4305 4388 4306
f 4304 4388 4305
f 4304 4389 4388
f 4389 4391 4390
f 4389 4290 4391
f 4290 4289 4391
f 4389 4291 4290
f 4269 4426 4423
f 4269 4266 4426
f 4269 4267 4266
f 4269 4268 4267
f 4303 4389 4304
f 4302 4389 4303
f 4302 4291 4389
f 4301 4291 4302
f 4300 4292 4301
f 4292 4291 4301
f 4300 4293 4292
f 4299 4294 4300
f 4294 4293 4300
f 4299 4295 4294
f 4298 4296 4299
f 4296 4295 4299
f 4298 4297 4296
f 5215 5216 5217
f 5215 5217 5061
f 5215 5061 5062
f 5215 5062 5063
f 5214 5215 5063
f 5354 5355 5356
f 5354 5356 5218
f 5352 5353 5354
f 5352 5354 5218
f 5352 5218 5219
f 5352 5219 5220
f 5213 5214 5063
f 5350 5351 5352
f 5350 5352 5220
f 5350 5220 5221
f 5239 5240 5241
f 5239 5241 5463
f 5463 5241 5242
f 5348 5349 5350
f 5348 5350 5221
f 5348 5221 5357
f 5357 5221 5488
f 5488 5221 5222
f 5237 5238 5239
f 5237 5239 5463
f 5346 5347 5348
f 5346 5348 5357
f 5346 5357 5358
f 5487 5488 5222
f 5235 5236 5237
f 5235 5237 5463
f 5345 5346 5359
f 5359 5346 5358
f 5345 5359 5360
f 5486 5487 5222
f 5486 5222 5223
f 5486 5223 5224
f 5233 5234 5235
f 5233 5235 5463
f 5345 5360 5361
f 5485 5486 5224
f 5485 5224 5484
f 5484 5224 5225
f 5232 5233 5464
f 5464 5233 5463
f 5232 5464 5466
f 5466 5464 5465
f 5462 5463 5242
f 5212 5213 5063
f 5344 5345 5361
f 5344 5361 5362
f 5483 5484 5225
f 5232 5466 5467
f 5344 5362 5363
f 5482 5483 5225
f 5481 5482 5225
f 5481 5225 5226
f 5231 5232 5468
f 5468 5232 5467
f 5231 5468 5470
f 5470 5468 5469
f 5462 5242 5244
f 5244 5242 5243
f 5211 5212 5063
f 5342 5343 5344
f 5342 5344 5367
f 5367 5344 5363
f 5367 5363 5365
f 5365 5363 5364
f 5480 5481 5226
f 5479 5480 5226
f 5479 5226 5227
f 5479 5227 5228
f 5211 5063 5064
f 5367 5365 5366
f 5478 5479 5228
f 5478 5228 5229
f 5478 5229 5230
f 5231 5470 5472
f 5472 5470 5471
f 5462 5244 5245
f 5462 5245 5246
f 5342 5367 5368
f 5477 5478 5230
f 5231 5472 5473
f 5211 5064 5065
f 5752 5753 5754
f 5836 5837 5611
f 5210 5211 5154
f 5154 5211 5065
f 5608 5609 5610
f 5608 5610 5489
f 5476 5477 5230
f 5751 5752 5754
f 5751 5754 5755
f 5751 5755 5756
f 5835 5836 5611
f 5835 5611 5612
f 5835 5612 5613
f 5606 5607 5608
f 5606 5608 5489
f 5606 5489 5490
f 5606 5490 5491
f 5475 5476 5230
f 5475 5230 5231
f 5475 5231 5473
f 5462 5246 5247
f 5462 5247 5248
f 5750 5751 5756
f 5750 5756 5757
f 5750 5757 5758
f 5833 5834 5835
f 5833 5835 5613
f 5833 5613 5614
f 5833 5614 5615
f 6021 6022 6023
f 6021 6023 5977
f 5974 5975 5976
f 5974 5976 5919
f 5156 5155 5154
f 5156 5154 5157
f 5157 5154 5153
f 5072 5073 5074
f 5072 5074 5076
f 5076 5074 5075
f 5916 5917 5918
f 5916 5918 5915
f 5915 5918 5909
f 5909 5918 5908
f 5908 5918 5891
f 5604 5605 5606
f 5604 5606 5491
f 5604 5491 5492
f 5604 5492 5493
f 5888 5889 5890
f 5888 5890 5838
f 5749 5750 5758
f 5749 5758 5759
f 5749 5759 5760
f 5832 5833 5615
f 5973 5974 5919
f 5602 5603 5604
f 5602 5604 5493
f 5602 5493 5494
f 5602 5494 5495
f 5886 5887 5888
f 5886 5888 5838
f 5749 5760 5761
f 5832 5615 5616
f 5972 5973 5919
f 5158 5157 5153
f 5601 5602 5495
f 5601 5495 5496
f 5601 5496 5497
f 5885 5886 5838
f 5749 5761 5762
f 5831 5832 5616
f 5831 5616 5617
f 5158 5153 5152
f 5341 5342 5368
f 5600 5601 5497
f 5475 5473 5474
f 5884 5885 5838
f 5747 5748 5749
f 5747 5749 5762
f 5747 5762 5763
f 5747 5763 5764
f 5600 5497 5498
f 5600 5498 5499
f 5831 5617 5618
f 5831 5618 5619
f 5971 5972 5919
f 5158 5152 5159
f 5159 5152 5151
f 5914 5915 5913
f 5913 5915 5909
f 5340 5341 5368
f 5462 5248 5249
f 5462 5249 5461
f 5461 5249 5250
f 5746 5747 5764
f 5746 5764 5765
f 5746 5765 5766
f 5970 5971 5919
f 5598 5599 5600
f 5598 5600 5499
f 5598 5499 5500
f 5598 5500 5501
f 5460 5461 5250
f 5160 5159 5151
f 5340 5368 5369
f 5745 5746 5766
f 5968 5969 5970
f 5968 5970 5919
f 5339 5340 5369
f 5597 5598 5501
f 5597 5501 5502
f 5597 5502 5503
f 5883 5884 5838
f 5744 5745 5766
f 5160 5151 5150
f 5912 5913 5911
f 5911 5913 5909
f 5830 5831 5822
f 5822 5831 5619
f 5596 5597 5503
f 5744 5766 5737
f 5737 5766 5736
f 5736 5766 5767
f 5160 5150 5161
f 5161 5150 5149
f 5910 5911 5909
f 5338 5339 5369
f 5881 5882 5883
f 5881 5883 5838
f 5460 5250 5251
f 5460 5251 5459
f 5459 5251 5252
f 5822 5619 5620
f 5966 5967 5968
f 5966 5968 6060
f 6060 5968 6058
f 6058 5968 5919
f 5881 5838 5839
f 5881 5839 5840
f 5458 5459 5252
f 5337 5338 5370
f 5370 5338 5369
f 5742 5743 5744
f 5742 5744 5737
f 5742 5737 5739
f 5739 5737 5738
f 5735 5736 5767
f 5830 5822 5824
f 5824 5822 5823
f 5821 5822 5620
f 5820 5821 5620
f 5820 5620 5621
f 5162 5161 5149
f 5337 5370 5372
f 5372 5370 5371
f 5595 5596 5503
f 5879 5880 5881
f 5879 5881 6024
f 6024 5881 5840
f 5742 5739 5740
f 5734 5735 5767
f 5830 5824 5825
f 5819 5820 5621
f 5818 5819 5621
f 5818 5621 5622
f 6021 5977 5978
f 6021 5978 6020
f 6020 5978 5979
f 6058 5919 5920
f 6058 5920 6072
f 6072 5920 5921
f 5595 5503 5580
f 5580 5503 5579
f 5579 5503 5504
f 6024 5840 5841
f 6024 5841 6046
f 6046 5841 6045
f 6045 5841 5842
f 5733 5734 5767
f 6060 6058 6059
f 6071 6072 5921
f 6048 6047 6057
f 6048 6057 6056
f 5162 5149 5148
f 5879 6024 6026
f 6026 6024 6025
f 6044 6045 5842
f 5830 5825 5827
f 5827 5825 5826
f 6019 6020 5979
f 5966 6060 6061
f 6070 6071 5921
f 6050 6049 6048
f 6050 6048 6056
f 6050 6056 6055
f 5337 5372 5373
f 5593 5594 5595
f 5593 5595 5580
f 5593 5580 5582
f 5582 5580 5581
f 5879 6026 6027
f 6044 5842 5843
f 6044 5843 6043
f 6043 5843 5844
f 5457 5458 5252
f 5456 5457 5252
f 5456 5252 5253
f 5456 5253 5455
f 5455 5253 5254
f 5742 5740 5741
f 5732 5733 5767
f 5817 5818 5622
f 5162 5148 5163
f 5163 5148 5147
f 5072 5076 5077
f 5907 5908 5891
f 5593 5582 5583
f 5578 5579 5504
f 5732 5767 5768
f 5732 5768 5769
f 5830 5827 5828
f 5164 5163 5147
f 5577 5578 5504
f 5731 5732 5769
f 6051 6050 6055
f 5335 5336 5337
f 5335 5337 5374
f 5374 5337 5373
f 5591 5592 5593
f 5591 5593 5584
f 5584 5593 5583
f 5591 5584 5585
f 5576 5577 5504
f 5879 6027 5878
f 5878 6027 6028
f 6042 6043 5844
f 6019 5979 5980
f 6019 5980 6018
f 6018 5980 5981
f 5966 6061 6062
f 6070 5921 5922
f 6070 5922 6069
f 6069 5922 5923
f 6042 5844 5845
f 6042 5845 6041
f 6041 5845 5846
f 5730 5731 5769
f 5829 5830 5828
f 5817 5622 5623
f 5817 5623 5624
f 5164 5147 5146
f 5335 5374 5376
f 5376 5374 5375
f 5576 5504 5505
f 5454 5455 5254
f 5730 5769 5770
f 5730 5770 5771
f 5816 5817 5624
f 6017 6018 5981
f 6068 6069 5923
f 5589 5590 5591
f 5589 5591 5585
f 5589 5585 5586
f 5576 5505 5506
f 5454 5254 5255
f 5454 5255 5453
f 5453 5255 5256
f 5164 5146 5145
f 5589 5586 5587
f 5877 5878 6028
f 6040 6041 6039
f 6039 6041 5846
f 5452 5453 5451
f 5451 5453 5256
f 5729 5730 5771
f 5814 5815 5816
f 5814 5816 5624
f 6068 5923 5924
f 6068 5924 5925
f 5877 6028 6029
f 5877 6029 6030
f 5728 5729 5771
f 5813 5814 5624
f 5335 5376 5377
f 5575 5576 5506
f 6038 6039 5846
f 5726 5727 5728
f 5726 5728 5771
f 5812 5813 5624
f 6017 5981 5982
f 6017 5982 6016
f 6016 5982 5983
f 6068 5925 5926
f 6068 5926 6067
f 6067 5926 5927
f 6038 5846 5847
f 6038 5847 6037
f 6037 5847 5848
f 5450 5451 5256
f 5724 5725 5726
f 5724 5726 5771
f 5810 5811 5812
f 5810 5812 5624
f 5574 5575 5506
f 5573 5574 5506
f 5573 5506 5507
f 5877 6030 6031
f 5877 6031 5876
f 5876 6031 6032
f 5722 5723 5724
f 5722 5724 5771
f 5808 5809 5810
f 5808 5810 5624
f 6015 6016 5983
f 6066 6067 5927
f 5164 5145 5144
f 5875 5876 6032
f 6036 6037 5848
f 5450 5256 5257
f 5450 5257 5258
f 5720 5721 5722
f 5720 5722 5772
f 5772 5722 5771
f 5720 5772 5773
f 5966 6062 5965
f 5965 6062 6063
f 6066 5927 5928
f 6066 5928 5929
f 6052 6051 6053
f 6053 6051 6055
f 5588 5589 5587
f 5572 5573 5507
f 5572 5507 5508
f 5875 6032 5874
f 5874 6032 6033
f 5718 5719 5720
f 5718 5720 5773
f 5806 5807 5808
f 5806 5808 5625
f 5625 5808 5624
f 6013 6014 6015
f 6013 6015 5983
f 5964 5965 6063
f 5164 5144 5165
f 5165 5144 5143
f 5905 5906 5907
f 5905 5907 5904
f 5904 5907 5897
f 5897 5907 5891
f 5333 5334 5335
f 5333 5335 5377
f 5716 5717 5718
f 5716 5718 5773
f 5806 5625 5626
f 6012 6013 5983
f 5571 5572 5508
f 5873 5874 6033
f 5715 5716 5773
f 5805 5806 5626
f 6012 5983 5984
f 6012 5984 5985
f 5964 6063 6064
f 5571 5508 5509
f 5571 5509 5510
f 5804 5805 5626
f 5964 6064 6065
f 6054 6053 6055
f 5873 6033 6034
f 5873 6034 6035
f 5449 5450 5258
f 5448 5449 5258
f 5448 5258 5259
f 5448 5259 5260
f 5714 5715 5773
f 5804 5626 5627
f 5964 6065 6066
f 5964 6066 5929
f 5873 6035 6036
f 5873 6036 5848
f 5804 5627 5628
f 5570 5571 5510
f 5569 5570 5510
f 5569 5510 5511
f 5569 5511 5512
f 5714 5773 5774
f 5964 5929 5930
f 5964 5930 5931
f 5166 5165 5143
f 5903 5904 5902
f 5902 5904 5897
f 5804 5628 5630
f 5630 5628 5629
f 6011 6012 5985
f 6010 6011 5985
f 6010 5985 5986
f 6010 5986 6009
f 6009 5986 5987
f 5333 5377 5378
f 5333 5378 5379
f 5872 5873 5871
f 5871 5873 5863
f 5863 5873 5848
f 5963 5964 5931
f 5901 5902 5900
f 5900 5902 5897
f 5447 5448 5260
f 5446 5447 5262
f 5262 5447 5260
f 5262 5260 5261
f 5804 5630 5631
f 5166 5143 5167
f 5167 5143 5142
f 5568 5569 5512
f 5567 5568 5512
f 5567 5512 5513
f 5567 5513 5566
f 5566 5513 5514
f 5713 5714 5774
f 5168 5167 5142
f 5446 5262 5264
f 5264 5262 5263
f 5713 5774 5775
f 5803 5804 5632
f 5632 5804 5631
f 5963 5931 5932
f 5963 5932 5933
f 5169 5168 5142
f 5170 5169 5141
f 5141 5169 5142
f 5170 5141 5140
f 5899 5900 5897
f 5713 5775 5777
f 5777 5775 5776
f 5803 5632 5634
f 5634 5632 5633
f 6008 6009 5987
f 5898 5899 5897
f 5565 5566 5514
f 5446 5264 5265
f 5446 5265 5266
f 5713 5777 5778
f 6008 5987 5988
f 6008 5988 6007
f 6007 5988 5989
f 5711 5712 5713
f 5711 5713 5785
f 5785 5713 5783
f 5783 5713 5781
f 5781 5713 5779
f 5779 5713 5778
f 5803 5634 5636
f 5636 5634 5635
f 5781 5779 5780
f 5803 5636 5638
f 5638 5636 5637
f 5962 5963 5933
f 5171 5170 5140
f 5172 5171 5139
f 5139 5171 5140
f 5172 5139 5137
f 5137 5139 5138
f 5870 5871 5869
f 5869 5871 5863
f 5783 5781 5782
f 6006 6007 6005
f 6005 6007 5989
f 5961 5962 5933
f 5961 5933 5934
f 5961 5934 5960
f 5960 5934 5944
f 5944 5934 5935
f 5896 5897 5895
f 5895 5897 5891
f 5545 5546 5547
f 5545 5547 5544
f 5544 5547 5548
f 5785 5783 5784
f 5803 5638 5640
f 5640 5638 5639
f 5172 5137 5135
f 5135 5137 5136
f 5868 5869 5867
f 5867 5869 5863
f 5711 5785 5787
f 5787 5785 5786
f 5803 5640 5641
f 5959 5960 5945
f 5945 5960 5944
f 5543 5544 5548
f 5866 5867 5865
f 5865 5867 5863
f 5803 5641 5642
f 5333 5379 5380
f 5333 5380 5332
f 5332 5380 5381
f 5543 5548 5549
f 5543 5549 5542
f 5542 5549 5550
f 5864 5865 5863
f 5446 5266 5267
f 5446 5267 5268
f 5711 5787 5788
f 5803 5642 5643
f 5959 5945 5946
f 5943 5944 5935
f 5894 5895 5891
f 5331 5332 5381
f 5862 5863 5848
f 6004 6005 5989
f 5861 5862 5848
f 6004 5989 5990
f 6004 5990 6003
f 6003 5990 5991
f 5943 5935 5936
f 5943 5936 5937
f 5711 5788 5790
f 5790 5788 5789
f 5802 5803 5643
f 5802 5643 5644
f 5564 5565 5514
f 5800 5801 5802
f 5800 5802 5684
f 5684 5802 5644
f 5655 5656 5657
f 5655 5657 5658
f 5541 5542 5550
f 5420 5421 5422
f 5420 5422 5423
f 5861 5848 5849
f 5861 5849 5860
f 5860 5849 5850
f 5446 5268 5269
f 5446 5269 5270
f 5711 5790 5710
f 5710 5790 5791
f 6002 6003 6001
f 6001 6003 5991
f 5957 5958 5959
f 5957 5959 5946
f 5331 5381 5330
f 5330 5381 5382
f 5541 5550 5551
f 5541 5551 5552
f 5563 5564 5514
f 5420 5423 5424
f 5420 5424 5425
f 5653 5654 5655
f 5653 5655 5658
f 5329 5330 5382
f 5420 5425 5426
f 5420 5426 5427
f 5800 5684 5685
f 5683 5684 5644
f 6000 6001 5999
f 5999 6001 5991
f 5955 5956 5957
f 5955 5957 5946
f 5172 5135 5133
f 5133 5135 5134
f 5329 5382 5383
f 5541 5552 5553
f 5420 5427 5428
f 5420 5428 5286
f 5286 5428 5429
f 5943 5937 5938
f 5943 5938 5939
f 5562 5563 5515
f 5515 5563 5514
f 5286 5429 5430
f 5286 5430 5282
f 5282 5430 5431
f 5859 5860 5850
f 5709 5710 5791
f 5800 5685 5686
f 5683 5644 5645
f 5683 5645 5682
f 5682 5645 5646
f 5954 5955 5946
f 5541 5553 5554
f 5541 5554 5555
f 5562 5515 5516
f 5420 5286 5287
f 5285 5286 5284
f 5284 5286 5282
f 5709 5791 5792
f 5709 5792 5793
f 5681 5682 5646
f 5998 5999 5991
f 5172 5133 5173
f 5173 5133 5132
f 5540 5541 5555
f 5418 5419 5420
f 5418 5420 5287
f 5418 5287 5289
f 5289 5287 5288
f 5799 5800 5686
f 5681 5646 5647
f 5953 5954 5946
f 5539 5540 5555
f 5539 5555 5556
f 5539 5556 5557
f 5561 5562 5516
f 5283 5284 5282
f 5859 5850 5851
f 5859 5851 5852
f 5446 5270 5271
f 5446 5271 5272
f 5708 5709 5793
f 5708 5793 5794
f 5128 5127 5126
f 5329 5383 5384
f 5539 5557 5558
f 5539 5558 5559
f 5560 5561 5516
f 5652 5653 5658
f 5996 5997 5998
f 5996 5998 5995
f 5995 5998 5991
f 5174 5173 5131
f 5131 5173 5132
f 5129 5128 5126
f 5892 5893 5894
f 5892 5894 5891
f 5538 5539 5559
f 5538 5559 5560
f 5538 5560 5516
f 5418 5289 5290
f 5281 5282 5431
f 5708 5794 5795
f 5951 5952 5953
f 5951 5953 5946
f 5129 5126 5125
f 5859 5852 5853
f 5859 5853 5858
f 5858 5853 5854
f 5707 5708 5795
f 5707 5795 5796
f 5797 5798 5799
f 5797 5799 5686
f 5681 5647 5648
f 5681 5648 5649
f 5650 5651 5652
f 5650 5652 5658
f 5994 5995 5993
f 5993 5995 5991
f 5329 5384 5385
f 5707 5796 5797
f 5707 5797 5687
f 5687 5797 5686
f 5707 5687 5688
f 5680 5681 5649
f 5680 5649 5650
f 5680 5650 5659
f 5659 5650 5658
f 5950 5951 5946
f 5129 5125 5124
f 5416 5417 5418
f 5416 5418 5291
f 5291 5418 5290
f 5416 5291 5292
f 5446 5272 5273
f 5446 5273 5445
f 5445 5273 5274
f 5706 5707 5689
f 5689 5707 5688
f 5680 5659 5660
f 5329 5385 5386
f 5538 5516 5517
f 5444 5445 5443
f 5443 5445 5274
f 5679 5680 5660
f 5949 5950 5946
f 5328 5329 5386
f 5328 5386 5387
f 5538 5517 5518
f 5327 5328 5387
f 5706 5689 5690
f 5678 5679 5661
f 5661 5679 5660
f 5943 5939 5940
f 5943 5940 5941
f 5327 5387 5388
f 5538 5518 5537
f 5537 5518 5519
f 5857 5858 5856
f 5856 5858 5854
f 5678 5661 5677
f 5677 5661 5662
f 5947 5948 5949
f 5947 5949 5946
f 5442 5443 5441
f 5441 5443 5274
f 5706 5690 5691
f 5676 5677 5662
f 5415 5416 5292
f 5676 5662 5675
f 5675 5662 5663
f 5415 5292 5293
f 5855 5856 5854
f 5440 5441 5439
f 5439 5441 5274
f 5326 5327 5388
f 5536 5537 5535
f 5535 5537 5519
f 5414 5415 5293
f 5414 5293 5294
f 5705 5706 5691
f 5992 5993 5991
f 5704 5705 5691
f 5674 5675 5663
f 5534 5535 5519
f 5413 5414 5294
f 5413 5294 5295
f 5673 5674 5663
f 5129 5124 5123
f 5533 5534 5519
f 5532 5533 5519
f 5532 5519 5520
f 5438 5439 5274
f 5704 5691 5692
f 5673 5663 5664
f 5174 5131 5130
f 5532 5520 5521
f 5413 5295 5296
f 5281 5431 5432
f 5281 5432 5433
f 5703 5704 5692
f 5702 5703 5692
f 5702 5692 5693
f 5672 5673 5664
f 5672 5664 5665
f 5129 5123 5122
f 5531 5532 5522
f 5522 5532 5521
f 5531 5522 5523
f 5701 5702 5693
f 5700 5701 5694
f 5694 5701 5693
f 5700 5694 5695
f 5671 5672 5666
f 5666 5672 5665
f 5671 5666 5667
f 5943 5941 5942
f 5326 5388 5389
f 5326 5389 5390
f 5530 5531 5524
f 5524 5531 5523
f 5530 5524 5525
f 5413 5296 5297
f 5699 5700 5695
f 5698 5699 5696
f 5696 5699 5695
f 5698 5696 5697
f 5670 5671 5668
f 5668 5671 5667
f 5670 5668 5669
f 5529 5530 5525
f 5528 5529 5526
f 5526 5529 5525
f 5528 5526 5527
f 5325 5326 5390
f 5324 5325 5390
f 5324 5390 5391
f 5411 5412 5413
f 5411 5413 5298
f 5298 5413 5297
f 5411 5298 5299
f 5323 5324 5391
f 5322 5323 5391
f 5322 5391 5392
f 5409 5410 5411
f 5409 5411 5299
f 5438 5274 5275
f 5438 5275 5276
f 5322 5392 5393
f 5322 5393 5394
f 5407 5408 5409
f 5407 5409 5299
f 5281 5433 5434
f 5281 5434 5435
f 5321 5322 5394
f 5320 5321 5394
f 5320 5394 5395
f 5320 5395 5396
f 5406 5407 5299
f 5319 5320 5396
f 5319 5396 5397
f 5406 5299 5300
f 5319 5397 5398
f 5405 5406 5300
f 5405 5300 5301
f 5438 5276 5277
f 5438 5277 5278
f 5318 5319 5398
f 5318 5398 5399
f 5318 5399 5400
f 5403 5404 5405
f 5403 5405 5301
f 5435 5436 5437
f 5435 5437 5438
f 5317 5318 5400
f 5316 5317 5400
f 5316 5400 5401
f 5401 5402 5403
f 5401 5403 5302
f 5302 5403 5301
f 5401 5302 5303
f 5281 5435 5438
f 5281 5438 5278
f 5281 5278 5279
f 5281 5279 5280
f 5315 5316 5401
f 5314 5315 5401
f 5314 5401 5303
f 5313 5314 5303
f 5312 5313 5304
f 5304 5313 5303
f 5312 5304 5305
f 5311 5312 5306
f 5306 5312 5305
f 5311 5306 5307
f 5310 5311 5308
f 5308 5311 5307
f 5310 5308 5309
f 6074 6076 6075 6073
f 6076 6078 6077 6075
f 6078 6080 6079 6077
f 6080 6082 6081 6079
f 6082 6084 6083 6081
f 6084 6086 6085 6083
f 6086 6088 6087 6085
f 6088 6090 6089 6087
f 6090 6092 6091 6089
f 6092 6094 6093 6091
f 6094 6096 6095 6093
f 6096 6098 6097 6095
f 6098 6100 6099 6097
f 6100 6102 6101 6099
f 6102 6104 6103 6101
f 6104 6106 6105 6103
f 6106 6108 6107 6105
f 6108 6110 6109 6107
f 6110 6112 6111 6109
f 6112 6114 6113 6111
f 6114 6116 6115 6113
f 6116 6118 6117 6115
f 6118 6120 6119 6117
f 6120 6122 6121 6119
f 6122 6124 6123 6121
f 6124 6126 6125 6123
f 6126 6128 6127 6125
f 6128 6130 6129 6127
f 6130 6132 6131 6129
f 6132 6134 6133 6131
f 6134 6136 6135 6133
f 6136 6138 6137 6135
f 6138 6140 6139 6137
f 6140 6142 6141 6139
f 6142 6144 6143 6141
f 6144 6146 6145 6143
f 6146 6148 6147 6145
f 6148 6150 6149 6147
f 6150 6152 6151 6149
f 6152 6154 6153 6151
f 6154 6156 6155 6153
f 6156 6158 6157 6155
f 6158 6160 6159 6157
f 6160 6162 6161 6159
f 6162 6164 6163 6161
f 6164 6166 6165 6163
f 6166 6168 6167 6165
f 6168 6170 6169 6167
f 6170 6172 6171 6169
f 6172 6174 6173 6171
f 6174 6176 6175 6173
f 6176 6178 6177 6175
f 6178 6180 6179 6177
f 6180 6182 6181 6179
f 6182 6184 6183 6181
f 6184 6186 6185 6183
f 6186 6188 6187 6185
f 6188 6190 6189 6187
f 6190 6192 6191 6189
f 6192 6194 6193 6191
f 6194 6196 6195 6193
f 6196 6198 6197 6195
f 6198 6200 6199 6197
f 6200 6202 6201 6199
f 6202 6204 6203 6201
f 6204 6206 6205 6203
f 6206 6208 6207 6205
f 6208 6210 6209 6207
f 6210 6212 6211 6209
f 6212 6214 6213 6211
f 6214 6216 6215 6213
f 6216 6218 6217 6215
f 6218 6220 6219 6217
f 6220 6222 6221 6219
f 6222 6224 6223 6221
f 6224 6226 6225 6223
f 6226 6228 6227 6225
f 6228 6230 6229 6227
f 6230 6232 6231 6229
f 6232 6234 6233 6231
f 6234 6236 6235 6233
f 6236 6238 6237 6235
f 6238 6240 6239 6237
f 6240 6242 6241 6239
f 6242 6244 6243 6241
f 6244 6246 6245 6243
f 6246 6248 6247 6245
f 6248 6250 6249 6247
f 6250 6252 6251 6249
f 6252 6254 6253 6251
f 6254 6256 6255 6253
f 6256 6258 6257 6255
f 6258 6260 6259 6257
f 6260 6262 6261 6259
f 6262 6264 6263 6261
f 6264 6266 6265 6263
f 6266 6268 6267 6265
f 6268 6270 6269 6267
f 6270 6272 6271 6269
f 6272 6274 6273 6271
f 6274 6276 6275 6273
f 6276 6278 6277 6275
f 6278 6280 6279 6277
f 6280 6282 6281 6279
f 6282 6284 6283 6281
f 6284 6286 6285 6283
f 6286 6288 6287 6285
f 6288 6290 6289 6287
f 6290 6292 6291 6289
f 6292 6294 6293 6291
f 6294 6296 6295 6293
f 6296 6298 6297 6295
f 6298 6300 6299 6297
f 6300 6302 6301 6299
f 6302 6304 6303 6301
f 6304 6306 6305 6303
f 6306 6308 6307 6305
f 6308 6310 6309 6307
f 6310 6312 6311 6309
f 6312 6314 6313 6311
f 6314 6316 6315 6313
f 6316 6318 6317 6315
f 6318 6320 6319 6317
f 6320 6322 6321 6319
f 6322 6324 6323 6321
f 6324 6326 6325 6323
f 6326 6328 6327 6325
f 6328 6330 6329 6327
f 6330 6332 6331 6329
f 6332 6334 6333 6331
f 6334 6336 6335 6333
f 6336 6338 6337 6335
f 6338 6340 6339 6337
f 6340 6342 6341 6339
f 6342 6344 6343 6341
f 6344 6346 6345 6343
f 6346 6348 6347 6345
f 6348 6350 6349 6347
f 6350 6352 6351 6349
f 6352 6354 6353 6351
f 6354 6356 6355 6353
f 6356 6358 6357 6355
f 6358 6360 6359 6357
f 6360 6362 6361 6359
f 6362 6364 6363 6361
f 6364 6366 6365 6363
f 6366 6368 6367 6365
f 6368 6370 6369 6367
f 6370 6372 6371 6369
f 6372 6374 6373 6371
f 6374 6376 6375 6373
f 6376 6378 6377 6375
f 6378 6380 6379 6377
f 6380 6382 6381 6379
f 6382 6384 6383 6381
f 6384 6386 6385 6383
f 6386 6074 6073 6385
f 6388 6390 6389 6387
f 6390 6392 6391 6389
f 6392 6394 6393 6391
f 6394 6396 6395 6393
f 6396 6398 6397 6395
f 6398 6400 6399 6397
f 6400 6402 6401 6399
f 6402 6404 6403 6401
f 6404 6406 6405 6403
f 6406 6408 6407 6405
f 6408 6410 6409 6407
f 6410 6412 6411 6409
f 6412 6414 6413 6411
f 6414 6416 6415 6413
f 6416 6418 6417 6415
f 6418 6420 6419 6417
f 6420 6422 6421 6419
f 6422 6424 6423 6421
f 6424 6426 6425 6423
f 6426 6428 6427 6425
f 6428 6430 6429 6427
f 6430 6432 6431 6429
f 6432 6434 6433 6431
f 6434 6436 6435 6433
f 6436 6438 6437 6435
f 6438 6440 6439 6437
f 6440 6442 6441 6439
f 6442 6444 6443 6441
f 6444 6446 6445 6443
f 6446 6448 6447 6445
f 6448 6450 6449 6447
f 6450 6452 6451 6449
f 6452 6454 6453 6451
f 6454 6456 6455 6453
f 6456 6458 6457 6455
f 6458 6460 6459 6457
f 6460 6462 6461 6459
f 6462 6464 6463 6461
f 6464 6466 6465 6463
f 6466 6468 6467 6465
f 6468 6470 6469 6467
f 6470 6472 6471 6469
f 6472 6474 6473 6471
f 6474 6476 6475 6473
f 6476 6478 6477 6475
f 6478 6480 6479 6477
f 6480 6482 6481 6479
f 6482 6484 6483 6481
f 6484 6486 6485 6483
f 6486 6488 6487 6485
f 6488 6490 6489 6487
f 6490 6492 6491 6489
f 6492 6494 6493 6491
f 6494 6496 6495 6493
f 6496 6498 6497 6495
f 6498 6500 6499 6497
f 6500 6502 6501 6499
f 6502 6504 6503 6501
f 6504 6506 6505 6503
f 6506 6508 6507 6505
f 6508 6510 6509 6507
f 6510 6512 6511 6509
f 6512 6514 6513 6511
f 6514 6516 6515 6513
f 6516 6518 6517 6515
f 6518 6520 6519 6517
f 6520 6522 6521 6519
f 6522 6524 6523 6521
f 6524 6526 6525 6523
f 6526 6528 6527 6525
f 6528 6530 6529 6527
f 6530 6532 6531 6529
f 6532 6534 6533 6531
f 6534 6536 6535 6533
f 6536 6538 6537 6535
f 6538 6540 6539 6537
f 6540 6542 6541 6539
f 6542 6544 6543 6541
f 6544 6546 6545 6543
f 6546 6548 6547 6545
f 6548 6550 6549 6547
f 6550 6552 6551 6549
f 6552 6554 6553 6551
f 6554 6556 6555 6553
f 6556 6558 6557 6555
f 6558 6560 6559 6557
f 6560 6562 6561 6559
f 6562 6564 6563 6561
f 6564 6566 6565 6563
f 6566 6568 6567 6565
f 6568 6570 6569 6567
f 6570 6572 6571 6569
f 6572 6574 6573 6571
f 6574 6576 6575 6573
f 6576 6578 6577 6575
f 6578 6580 6579 6577
f 6580 6582 6581 6579
f 6582 6584 6583 6581
f 6584 6586 6585 6583
f 6586 6588 6587 6585
f 6588 6590 6589 6587
f 6590 6592 6591 6589
f 6592 6594 6593 6591
f 6594 6596 6595 6593
f 6596 6598 6597 6595
f 6598 6600 6599 6597
f 6600 6602 6601 6599
f 6602 6604 6603 6601
f 6604 6606 6605 6603
f 6606 6608 6607 6605
f 6608 6610 6609 6607
f 6610 6612 6611 6609
f 6612 6614 6613 6611
f 6614 6616 6615 6613
f 6616 6618 6617 6615
f 6618 6620 6619 6617
f 6620 6622 6621 6619
f 6622 6624 6623 6621
f 6624 6626 6625 6623
f 6626 6628 6627 6625
f 6628 6630 6629 6627
f 6630 6632 6631 6629
f 6632 6634 6633 6631
f 6634 6636 6635 6633
f 6636 6638 6637 6635
f 6638 6640 6639 6637
f 6640 6642 6641 6639
f 6642 6644 6643 6641
f 6644 6646 6645 6643
f 6646 6648 6647 6645
f 6648 6650 6649 6647
f 6650 6652 6651 6649
f 6652 6654 6653 6651
f 6654 6656 6655 6653
f 6656 6658 6657 6655
f 6658 6660 6659 6657
f 6660 6662 6661 6659
f 6662 6664 6663 6661
f 6664 6388 6387 6663
f 6666 6668 6667 6665
f 6668 6670 6669 6667
f 6670 6672 6671 6669
f 6672 6674 6673 6671
f 6674 6676 6675 6673
f 6676 6678 6677 6675
f 6678 6680 6679 6677
f 6680 6682 6681 6679
f 6682 6684 6683 6681
f 6684 6686 6685 6683
f 6686 6688 6687 6685
f 6688 6690 6689 6687
f 6690 6692 6691 6689
f 6692 6694 6693 6691
f 6694 6696 6695 6693
f 6696 6698 6697 6695
f 6698 6700 6699 6697
f 6700 6702 6701 6699
f 6702 6704 6703 6701
f 6704 6706 6705 6703
f 6706 6708 6707 6705
f 6708 6710 6709 6707
f 6710 6712 6711 6709
f 6712 6714 6713 6711
f 6714 6716 6715 6713
f 6716 6718 6717 6715
f 6718 6720 6719 6717
f 6720 6722 6721 6719
f 6722 6724 6723 6721
f 6724 6726 6725 6723
f 6726 6728 6727 6725
f 6728 6730 6729 6727
f 6730 6732 6731 6729
f 6732 6734 6733 6731
f 6734 6736 6735 6733
f 6736 6738 6737 6735
f 6738 6740 6739 6737
f 6740 6742 6741 6739
f 6742 6744 6743 6741
f 6744 6746 6745 6743
f 6746 6748 6747 6745
f 6748 6750 6749 6747
f 6750 6752 6751 6749
f 6752 6754 6753 6751
f 6754 6756 6755 6753
f 6756 6758 6757 6755
f 6758 6760 6759 6757
f 6760 6762 6761 6759
f 6762 6764 6763 6761
f 6764 6766 6765 6763
f 6766 6768 6767 6765
f 6768 6770 6769 6767
f 6770 6772 6771 6769
f 6772 6774 6773 6771
f 6774 6776 6775 6773
f 6776 6778 6777 6775
f 6778 6780 6779 6777
f 6780 6782 6781 6779
f 6782 6784 6783 6781
f 6784 6786 6785 6783
f 6786 6788 6787 6785
f 6788 6790 6789 6787
f 6790 6792 6791 6789
f 6792 6794 6793 6791
f 6794 6796 6795 6793
f 6796 6798 6797 6795
f 6798 6800 6799 6797
f 6800 6802 6801 6799
f 6802 6804 6803 6801
f 6804 6806 6805 6803
f 6806 6808 6807 6805
f 6808 6810 6809 6807
f 6810 6812 6811 6809
f 6812 6814 6813 6811
f 6814 6816 6815 6813
f 6816 6818 6817 6815
f 6818 6820 6819 6817
f 6820 6822 6821 6819
f 6822 6824 6823 6821
f 6824 6826 6825 6823
f 6826 6828 6827 6825
f 6828 6830 6829 6827
f 6830 6832 6831 6829
f 6832 6834 6833 6831
f 6834 6836 6835 6833
f 6836 6838 6837 6835
f 6838 6840 6839 6837
f 6840 6842 6841 6839
f 6842 6844 6843 6841
f 6844 6846 6845 6843
f 6846 6848 6847 6845
f 6848 6850 6849 6847
f 6850 6852 6851 6849
f 6852 6854 6853 6851
f 6854 6856 6855 6853
f 6856 6858 6857 6855
f 6858 6860 6859 6857
f 6860 6862 6861 6859
f 6862 6864 6863 6861
f 6864 6866 6865 6863
f 6866 6868 6867 6865
f 6868 6870 6869 6867
f 6870 6872 6871 6869
f 6872 6874 6873 6871
f 6874 6876 6875 6873
f 6876 6878 6877 6875
f 6878 6880 6879 6877
f 6880 6882 6881 6879
f 6882 6884 6883 6881
f 6884 6886 6885 6883
f 6886 6888 6887 6885
f 6888 6890 6889 6887
f 6890 6892 6891 6889
f 6892 6894 6893 6891
f 6894 6896 6895 6893
f 6896 6898 6897 6895
f 6898 6900 6899 6897
f 6900 6902 6901 6899
f 6902 6904 6903 6901
f 6904 6906 6905 6903
f 6906 6908 6907 6905
f 6908 6910 6909 6907
f 6910 6912 6911 6909
f 6912 6914 6913 6911
f 6914 6916 6915 6913
f 6916 6918 6917 6915
f 6918 6920 6919 6917
f 6920 6922 6921 6919
f 6922 6924 6923 6921
f 6924 6926 6925 6923
f 6926 6928 6927 6925
f 6928 6666 6665 6927
f 6930 6932 6931 6929
f 6932 6934 6933 6931
f 6934 6936 6935 6933
f 6936 6938 6937 6935
f 6938 6940 6939 6937
f 6940 6942 6941 6939
f 6942 6944 6943 6941
f 6944 6946 6945 6943
f 6946 6948 6947 6945
f 6948 6950 6949 6947
f 6950 6952 6951 6949
f 6952 6954 6953 6951
f 6954 6956 6955 6953
f 6956 6958 6957 6955
f 6958 6960 6959 6957
f 6960 6962 6961 6959
f 6962 6964 6963 6961
f 6964 6966 6965 6963
f 6966 6968 6967 6965
f 6968 6970 6969 6967
f 6970 6972 6971 6969
f 6972 6974 6973 6971
f 6974 6976 6975 6973
f 6976 6978 6977 6975
f 6978 6980 6979 6977
f 6980 6982 6981 6979
f 6982 6984 6983 6981
f 6984 6986 6985 6983
f 6986 6988 6987 6985
f 6988 6990 6989 6987
f 6990 6992 6991 6989
f 6992 6994 6993 6991
f 6994 6996 6995 6993
f 6996 6998 6997 6995
f 6998 7000 6999 6997
f 7000 7002 7001 6999
f 7002 7004 7003 7001
f 7004 7006 7005 7003
f 7006 7008 7007 7005
f 7008 7010 7009 7007
f 7010 7012 7011 7009
f 7012 7014 7013 7011
f 7014 7016 7015 7013
f 7016 7018 7017 7015
f 7018 7020 7019 7017
f 7020 7022 7021 7019
f 7022 7024 7023 7021
f 7024 7026 7025 7023
f 7026 7028 7027 7025
f 7028 7030 7029 7027
f 7030 7032 7031 7029
f 7032 7034 7033 7031
f 7034 7036 7035 7033
f 7036 7038 7037 7035
f 7038 7040 7039 7037
f 7040 7042 7041 7039
f 7042 7044 7043 7041
f 7044 7046 7045 7043
f 7046 7048 7047 7045
f 7048 7050 7049 7047
f 7050 7052 7051 7049
f 7052 7054 7053 7051
f 7054 7056 7055 7053
f 7056 7058 7057 7055
f 7058 7060 7059 7057
f 7060 7062 7061 7059
f 7062 7064 7063 7061
f 7064 7066 7065 7063
f 7066 7068 7067 7065
f 7068 7070 7069 7067
f 7070 7072 7071 7069
f 7072 7074 7073 7071
f 7074 7076 7075 7073
f 7076 7078 7077 7075
f 7078 7080 7079 7077
f 7080 7082 7081 7079
f 7082 7084 7083 7081
f 7084 7086 7085 7083
f 7086 7088 7087 7085
f 7088 7090 7089 7087
f 7090 7092 7091 7089
f 7092 7094 7093 7091
f 7094 7096 7095 7093
f 7096 7098 7097 7095
f 7098 7100 7099 7097
f 7100 7102 7101 7099
f 7102 7104 7103 7101
f 7104 7106 7105 7103
f 7106 7108 7107 7105
f 7108 7110 7109 7107
f 7110 7112 7111 7109
f 7112 7114 7113 7111
f 7114 7116 7115 7113
f 7116 7118 7117 7115
f 7118 7120 7119 7117
f 7120 7122 7121 7119
f 7122 7124 7123 7121
f 7124 7126 7125 7123
f 7126 7128 7127 7125
f 7128 7130 7129 7127
f 7130 7132 7131 7129
f 7132 7134 7133 7131
f 7134 7136 7135 7133
f 7136 7138 7137 7135
f 7138 7140 7139 7137
f 7140 7142 7141 7139
f 7142 7144 7143 7141
f 7144 7146 7145 7143
f 7146 7148 7147 7145
f 7148 7150 7149 7147
f 7150 7152 7151 7149
f 7152 7154 7153 7151
f 7154 7156 7155 7153
f 7156 7158 7157 7155
f 7158 7160 7159 7157
f 7160 7162 7161 7159
f 7162 7164 7163 7161
f 7164 7166 7165 7163
f 7166 7168 7167 7165
f 7168 7170 7169 7167
f 7170 7172 7171 7169
f 7172 6930 6929 7171
f 7174 7176 7175 7173
f 7176 7178 7177 7175
f 7178 7180 7179 7177
f 7180 7182 7181 7179
f 7182 7184 7183 7181
f 7184 7186 7185 7183
f 7186 7188 7187 7185
f 7188 7190 7189 7187
f 7190 7192 7191 7189
f 7192 7194 7193 7191
f 7194 7196 7195 7193
f 7196 7198 7197 7195
f 7198 7200 7199 7197
f 7200 7202 7201 7199
f 7202 7204 7203 7201
f 7204 7206 7205 7203
f 7206 7208 7207 7205
f 7208 7210 7209 7207
f 7210 7212 7211 7209
f 7212 7214 7213 7211
f 7214 7216 7215 7213
f 7216 7218 7217 7215
f 7218 7220 7219 7217
f 7220 7222 7221 7219
f 7222 7224 7223 7221
f 7224 7226 7225 7223
f 7226 7228 7227 7225
f 7228 7230 7229 7227
f 7230 7232 7231 7229
f 7232 7234 7233 7231
f 7234 7236 7235 7233
f 7236 7238 7237 7235
f 7238 7240 7239 7237
f 7240 7242 7241 7239
f 7242 7244 7243 7241
f 7244 7246 7245 7243
f 7246 7248 7247 7245
f 7248 7250 7249 7247
f 7250 7252 7251 7249
f 7252 7254 7253 7251
f 7254 7256 7255 7253
f 7256 7258 7257 7255
f 7258 7260 7259 7257
f 7260 7262 7261 7259
f 7262 7264 7263 7261
f 7264 7266 7265 7263
f 7266 7268 7267 7265
f 7268 7270 7269 7267
f 7270 7272 7271 7269
f 7272 7274 7273 7271
f 7274 7276 7275 7273
f 7276 7278 7277 7275
f 7278 7280 7279 7277
f 7280 7282 7281 7279
f 7282 7284 7283 7281
f 7284 7286 7285 7283
f 7286 7288 7287 7285
f 7288 7290 7289 7287
f 7290 7292 7291 7289
f 7292 7294 7293 7291
f 7294 7296 7295 7293
f 7296 7298 7297 7295
f 7298 7300 7299 7297
f 7300 7302 7301 7299
f 7302 7304 7303 7301
f 7304 7306 7305 7303
f 7306 7308 7307 7305
f 7308 7310 7309 7307
f 7310 7312 7311 7309
f 7312 7314 7313 7311
f 7314 7316 7315 7313
f 7316 7318 7317 7315
f 7318 7320 7319 7317
f 7320 7322 7321 7319
f 7322 7324 7323 7321
f 7324 7326 7325 7323
f 7326 7328 7327 7325
f 7328 7330 7329 7327
f 7330 7332 7331 7329
f 7332 7334 7333 7331
f 7334 7336 7335 7333
f 7336 7338 7337 7335
f 7338 7340 7339 7337
f 7340 7342 7341 7339
f 7342 7344 7343 7341
f 7344 7346 7345 7343
f 7346 7348 7347 7345
f 7348 7350 7349 7347
f 7350 7352 7351 7349
f 7352 7354 7353 7351
f 7354 7356 7355 7353
f 7356 7358 7357 7355
f 7358 7360 7359 7357
f 7360 7362 7361 7359
f 7362 7364 7363 7361
f 7364 7366 7365 7363
f 7366 7368 7367 7365
f 7368 7370 7369 7367
f 7370 7372 7371 7369
f 7372 7374 7373 7371
f 7374 7376 7375 7373
f 7376 7378 7377 7375
f 7378 7380 7379 7377
f 7380 7382 7381 7379
f 7382 7384 7383 7381
f 7384 7386 7385 7383
f 7386 7388 7387 7385
f 7388 7390 7389 7387
f 7390 7392 7391 7389
f 7392 7394 7393 7391
f 7394 7396 7395 7393
f 7396 7398 7397 7395
f 7398 7400 7399 7397
f 7400 7402 7401 7399
f 7402 7404 7403 7401
f 7404 7406 7405 7403
f 7406 7408 7407 7405
f 7408 7410 7409 7407
f 7410 7412 7411 7409
f 7412 7414 7413 7411
f 7414 7416 7415 7413
f 7416 7418 7417 7415
f 7418 7420 7419 7417
f 7420 7422 7421 7419
f 7422 7424 7423 7421
f 7424 7426 7425 7423
f 7426 7428 7427 7425
f 7428 7430 7429 7427
f 7430 7432 7431 7429
f 7432 7434 7433 7431
f 7434 7436 7435 7433
f 7436 7438 7437 7435
f 7438 7440 7439 7437
f 7440 7442 7441 7439
f 7442 7444 7443 7441
f 7444 7446 7445 7443
f 7446 7448 7447 7445
f 7448 7450 7449 7447
f 7450 7452 7451 7449
f 7452 7454 7453 7451
f 7454 7456 7455 7453
f 7456 7458 7457 7455
f 7458 7460 7459 7457
f 7460 7462 7461 7459
f 7462 7464 7463 7461
f 7464 7466 7465 7463
f 7466 7468 7467 7465
f 7468 7470 7469 7467
f 7470 7472 7471 7469
f 7472 7474 7473 7471
f 7474 7476 7475 7473
f 7476 7478 7477 7475
f 7478 7480 7479 7477
f 7480 7482 7481 7479
f 7482 7484 7483 7481
f 7484 7486 7485 7483
f 7486 7488 7487 7485
f 7488 7490 7489 7487
f 7490 7492 7491 7489
f 7492 7494 7493 7491
f 7494 7496 7495 7493
f 7496 7498 7497 7495
f 7498 7500 7499 7497
f 7500 7502 7501 7499
f 7502 7504 7503 7501
f 7504 7506 7505 7503
f 7506 7508 7507 7505
f 7508 7510 7509 7507
f 7510 7512 7511 7509
f 7512 7514 7513 7511
f 7514 7516 7515 7513
f 7516 7518 7517 7515
f 7518 7520 7519 7517
f 7520 7522 7521 7519
f 7522 7524 7523 7521
f 7524 7526 7525 7523
f 7526 7528 7527 7525
f 7528 7530 7529 7527
f 7530 7532 7531 7529
f 7532 7534 7533 7531
f 7534 7536 7535 7533
f 7536 7538 7537 7535
f 7538 7540 7539 7537
f 7540 7542 7541 7539
f 7542 7544 7543 7541
f 7544 7546 7545 7543
f 7546 7548 7547 7545
f 7548 7550 7549 7547
f 7550 7552 7551 7549
f 7552 7554 7553 7551
f 7554 7556 7555 7553
f 7556 7558 7557 7555
f 7558 7560 7559 7557
f 7560 7562 7561 7559
f 7562 7564 7563 7561
f 7564 7566 7565 7563
f 7566 7568 7567 7565
f 7568 7570 7569 7567
f 7570 7572 7571 7569
f 7572 7574 7573 7571
f 7574 7576 7575 7573
f 7576 7578 7577 7575
f 7578 7580 7579 7577
f 7580 7582 7581 7579
f 7582 7584 7583 7581
f 7584 7586 7585 7583
f 7586 7588 7587 7585
f 7588 7590 7589 7587
f 7590 7592 7591 7589
f 7592 7594 7593 7591
f 7594 7596 7595 7593
f 7596 7598 7597 7595
f 7598 7600 7599 7597
f 7600 7602 7601 7599
f 7602 7604 7603 7601
f 7604 7606 7605 7603
f 7606 7608 7607 7605
f 7608 7610 7609 7607
f 7610 7612 7611 7609
f 7612 7614 7613 7611
f 7614 7616 7615 7613
f 7616 7618 7617 7615
f 7618 7620 7619 7617
f 7620 7622 7621 7619
f 7622 7624 7623 7621
f 7624 7626 7625 7623
f 7626 7174 7173 7625
f 7628 7630 7629 7627
f 7630 7632 7631 7629
f 7632 7634 7633 7631
f 7634 7636 7635 7633
f 7636 7638 7637 7635
f 7638 7640 7639 7637
f 7640 7642 7641 7639
f 7642 7644 7643 7641
f 7644 7646 7645 7643
f 7646 7648 7647 7645
f 7648 7650 7649 7647
f 7650 7652 7651 7649
f 7652 7654 7653 7651
f 7654 7656 7655 7653
f 7656 7658 7657 7655
f 7658 7660 7659 7657
f 7660 7662 7661 7659
f 7662 7664 7663 7661
f 7664 7666 7665 7663
f 7666 7668 7667 7665
f 7668 7670 7669 7667
f 7670 7672 7671 7669
f 7672 7674 7673 7671
f 7674 7676 7675 7673
f 7676 7678 7677 7675
f 7678 7680 7679 7677
f 7680 7682 7681 7679
f 7682 7684 7683 7681
f 7684 7686 7685 7683
f 7686 7688 7687 7685
f 7688 7690 7689 7687
f 7690 7692 7691 7689
f 7692 7694 7693 7691
f 7694 7696 7695 7693
f 7696 7698 7697 7695
f 7698 7700 7699 7697
f 7700 7702 7701 7699
f 7702 7704 7703 7701
f 7704 7706 7705 7703
f 7706 7708 7707 7705
f 7708 7710 7709 7707
f 7710 7712 7711 7709
f 7712 7714 7713 7711
f 7714 7716 7715 7713
f 7716 7718 7717 7715
f 7718 7720 7719 7717
f 7720 7722 7721 7719
f 7722 7724 7723 7721
f 7724 7726 7725 7723
f 7726 7728 7727 7725
f 7728 7730 7729 7727
f 7730 7732 7731 7729
f 7732 7628 7627 7731
f 7734 7736 7735 7733
f 7736 7738 7737 7735
f 7738 7740 7739 7737
f 7740 7742 7741 7739
f 7742 7744 7743 7741
f 7744 7746 7745 7743
f 7746 7748 7747 7745
f 7748 7750 7749 7747
f 7750 7752 7751 7749
f 7752 7754 7753 7751
f 7754 7756 7755 7753
f 7756 7758 7757 7755
f 7758 7760 7759 7757
f 7760 7762 7761 7759
f 7762 7764 7763 7761
f 7764 7766 7765 7763
f 7766 7768 7767 7765
f 7768 7770 7769 7767
f 7770 7772 7771 7769
f 7772 7774 7773 7771
f 7774 7776 7775 7773
f 7776 7778 7777 7775
f 7778 7780 7779 7777
f 7780 7782 7781 7779
f 7782 7784 7783 7781
f 7784 7786 7785 7783
f 7786 7788 7787 7785
f 7788 7734 7733 7787
f 7790 7792 7791 7789
f 7792 7794 7793 7791
f 7794 7796 7795 7793
f 7796 7798 7797 7795
f 7798 7800 7799 7797
f 7800 7802 7801 7799
f 7802 7804 7803 7801
f 7804 7806 7805 7803
f 7806 7808 7807 7805
f 7808 7810 7809 7807
f 7810 7812 7811 7809
f 7812 7814 7813 7811
f 7814 7816 7815 7813
f 7816 7818 7817 7815
f 7818 7820 7819 7817
f 7820 7822 7821 7819
f 7822 7824 7823 7821
f 7824 7826 7825 7823
f 7826 7828 7827 7825
f 7828 7830 7829 7827
f 7830 7832 7831 7829
f 7832 7834 7833 7831
f 7834 7836 7835 7833
f 7836 7838 7837 7835
f 7838 7840 7839 7837
f 7840 7842 7841 7839
f 7842 7844 7843 7841
f 7844 7846 7845 7843
f 7846 7848 7847 7845
f 7848 7850 7849 7847
f 7850 7852 7851 7849
f 7852 7854 7853 7851
f 7854 7856 7855 7853
f 7856 7858 7857 7855
f 7858 7860 7859 7857
f 7860 7862 7861 7859
f 7862 7864 7863 7861
f 7864 7866 7865 7863
f 7866 7868 7867 7865
f 7868 7870 7869 7867
f 7870 7872 7871 7869
f 7872 7874 7873 7871
f 7874 7876 7875 7873
f 7876 7878 7877 7875
f 7878 7880 7879 7877
f 7880 7882 7881 7879
f 7882 7884 7883 7881
f 7884 7886 7885 7883
f 7886 7888 7887 7885
f 7888 7890 7889 7887
f 7890 7892 7891 7889
f 7892 7894 7893 7891
f 7894 7896 7895 7893
f 7896 7898 7897 7895
f 7898 7900 7899 7897
f 7900 7902 7901 7899
f 7902 7904 7903 7901
f 7904 7790 7789 7903
f 7906 7908 7907 7905
f 7908 7910 7909 7907
f 7910 7912 7911 7909
f 7912 7914 7913 7911
f 7914 7916 7915 7913
f 7916 7918 7917 7915
f 7918 7920 7919 7917
f 7920 7922 7921 7919
f 7922 7924 7923 7921
f 7924 7926 7925 7923
f 7926 7928 7927 7925
f 7928 7930 7929 7927
f 7930 7932 7931 7929
f 7932 7934 7933 7931
f 7934 7936 7935 7933
f 7936 7938 7937 7935
f 7938 7940 7939 7937
f 7940 7942 7941 7939
f 7942 7944 7943 7941
f 7944 7946 7945 7943
f 7946 7948 7947 7945
f 7948 7950 7949 7947
f 7950 7952 7951 7949
f 7952 7954 7953 7951
f 7954 7956 7955 7953
f 7956 7958 7957 7955
f 7958 7960 7959 7957
f 7960 7962 7961 7959
f 7962 7964 7963 7961
f 7964 7966 7965 7963
f 7966 7968 7967 7965
f 7968 7970 7969 7967
f 7970 7972 7971 7969
f 7972 7974 7973 7971
f 7974 7976 7975 7973
f 7976 7978 7977 7975
f 7978 7980 7979 7977
f 7980 7982 7981 7979
f 7982 7984 7983 7981
f 7984 7986 7985 7983
f 7986 7988 7987 7985
f 7988 7990 7989 7987
f 7990 7992 7991 7989
f 7992 7994 7993 7991
f 7994 7996 7995 7993
f 7996 7998 7997 7995
f 7998 7906 7905 7997
f 8000 8002 8001 7999
f 8002 8004 8003 8001
f 8004 8006 8005 8003
f 8006 8008 8007 8005
f 8008 8010 8009 8007
f 8010 8012 8011 8009
f 8012 8014 8013 8011
f 8014 8016 8015 8013
f 8016 8018 8017 8015
f 8018 8020 8019 8017
f 8020 8022 8021 8019
f 8022 8024 8023 8021
f 8024 8026 8025 8023
f 8026 8028 8027 8025
f 8028 8030 8029 8027
f 8030 8032 8031 8029
f 8032 8034 8033 8031
f 8034 8036 8035 8033
f 8036 8038 8037 8035
f 8038 8040 8039 8037
f 8040 8042 8041 8039
f 8042 8044 8043 8041
f 8044 8000 7999 8043
f 8046 8048 8047 8045
f 8048 8050 8049 8047
f 8050 8052 8051 8049
f 8052 8054 8053 8051
f 8054 8056 8055 8053
f 8056 8058 8057 8055
f 8058 8060 8059 8057
f 8060 8062 8061 8059
f 8062 8064 8063 8061
f 8064 8066 8065 8063
f 8066 8046 8045 8065
f 8068 8070 8069 8067
f 8070 8072 8071 8069
f 8072 8074 8073 8071
f 8074 8076 8075 8073
f 8076 8078 8077 8075
f 8078 8080 8079 8077
f 8080 8082 8081 8079
f 8082 8084 8083 8081
f 8084 8086 8085 8083
f 8086 8088 8087 8085
f 8088 8090 8089 8087
f 8090 8092 8091 8089
f 8092 8094 8093 8091
f 8094 8096 8095 8093
f 8096 8068 8067 8095
