# Authored by tools/author_neighborhood_models.py
mtllib env_shade_tree.mtl
o ShadeTree
usemtl bark
v 0.329852 3.692709 -0.100000
v 0.287901 3.697535 0.015660
v 0.260480 -0.004655 0.218468
v 0.339721 -0.013772 0.000000
vt 0.329852 3.592709
vt 0.287901 3.713195
vt 0.260480 0.213813
vt 0.339721 -0.013772
vn 0.940165 0.011690 0.340519
vn 0.940165 0.011690 0.340519
vn 0.940165 0.011690 0.340519
vn 0.940165 0.011690 0.340519
f 1/1/1 2/2/2 3/3/3
f 1/1/1 3/3/3 4/4/4
v 0.287901 3.697535 0.015660
v 0.181425 3.703515 0.077201
v 0.059358 0.006640 0.334713
v 0.260480 -0.004655 0.218468
vt 0.287901 3.713195
vt 0.181425 3.780716
vt 0.059358 0.341352
vt 0.260480 0.213813
vn 0.501767 0.043609 0.863903
vn 0.501767 0.043609 0.863903
vn 0.501767 0.043609 0.863903
vn 0.501767 0.043609 0.863903
f 5/5/5 6/6/6 7/7/7
f 5/5/5 7/7/7 8/8/8
v 0.181425 3.703515 0.077201
v 0.060244 3.707850 0.055828
v -0.169538 0.014828 0.294341
v 0.059358 0.006640 0.334713
vt 0.181425 3.780716
vt 0.060244 3.763678
vt -0.169538 0.309170
vt 0.059358 0.341352
vn -0.170645 0.074075 0.982544
vn -0.170645 0.074075 0.982544
vn -0.170645 0.074075 0.982544
vn -0.170645 0.074075 0.982544
f 9/9/9 10/10/10 11/11/11
f 9/9/9 11/11/11 12/12/12
v 0.060244 3.707850 0.055828
v -0.018939 3.708512 -0.038459
v -0.319106 0.016078 0.116244
v -0.169538 0.014828 0.294341
vt 0.060244 3.763678
vt -0.018939 3.670053
vt -0.319106 0.132323
vt -0.169538 0.309170
vn -0.762442 0.088834 0.640930
vn -0.762442 0.088834 0.640930
vn -0.762442 0.088834 0.640930
vn -0.762442 0.088834 0.640930
f 13/13/13 14/14/14 15/15/15
f 13/13/13 15/15/15 16/16/16
v -0.018939 3.708512 -0.038459
v -0.019073 3.705191 -0.161541
v -0.319360 0.009805 -0.116244
v -0.319106 0.016078 0.116244
vt -0.018939 3.670053
vt -0.019073 3.543650
vt -0.319360 -0.106439
vt -0.319106 0.132323
vn -0.996715 0.080980 -0.001095
vn -0.996715 0.080980 -0.001095
vn -0.996715 0.080980 -0.001095
vn -0.996715 0.080980 -0.001095
f 17/17/17 18/18/18 19/19/19
f 17/17/17 19/19/19 20/20/20
v -0.019073 3.705191 -0.161541
v 0.059903 3.699441 -0.255828
v -0.170182 -0.001056 -0.294341
v -0.319360 0.009805 -0.116244
vt -0.019073 3.543650
vt 0.059903 3.443613
vt -0.170182 -0.295397
vt -0.319360 -0.106439
vn -0.763846 0.054187 -0.643120
vn -0.763846 0.054187 -0.643120
vn -0.763846 0.054187 -0.643120
vn -0.763846 0.054187 -0.643120
f 21/21/21 22/22/22 23/23/23
f 21/21/21 23/23/23 24/24/24
v 0.059903 3.699441 -0.255828
v 0.181037 3.693953 -0.277201
v 0.058626 -0.011423 -0.334713
v -0.170182 -0.001056 -0.294341
vt 0.059903 3.443613
vt 0.181037 3.416752
vt 0.058626 -0.346136
vt -0.170182 -0.295397
vn -0.172797 0.020993 -0.984734
vn -0.172797 0.020993 -0.984734
vn -0.172797 0.020993 -0.984734
vn -0.172797 0.020993 -0.984734
f 25/25/25 26/26/26 27/27/27
f 25/25/25 27/27/27 28/28/28
v 0.181037 3.693953 -0.277201
v 0.287648 3.691294 -0.215660
v 0.260002 -0.016445 -0.218468
v 0.058626 -0.011423 -0.334713
vt 0.181037 3.416752
vt 0.287648 3.475634
vt 0.260002 -0.234913
vt 0.058626 -0.346136
vn 0.499875 -0.003071 -0.866092
vn 0.499875 -0.003071 -0.866092
vn 0.499875 -0.003071 -0.866092
vn 0.499875 -0.003071 -0.866092
f 29/29/29 30/30/30 31/31/31
f 29/29/29 31/31/31 32/32/32
v 0.287648 3.691294 -0.215660
v 0.329852 3.692709 -0.100000
v 0.339721 -0.013772 0.000000
v 0.260002 -0.016445 -0.218468
vt 0.287648 3.475634
vt 0.329852 3.592709
vt 0.339721 -0.013772
vt 0.260002 -0.234913
vn 0.939417 -0.006745 -0.342709
vn 0.939417 -0.006745 -0.342709
vn 0.939417 -0.006745 -0.342709
vn 0.939417 -0.006745 -0.342709
f 33/33/33 34/34/34 35/35/35
f 33/33/33 35/35/35 36/36/36
v 0.287648 3.691294 -0.215660
v 0.181037 3.693953 -0.277201
v 0.059903 3.699441 -0.255828
v -0.019073 3.705191 -0.161541
v -0.018939 3.708512 -0.038459
v 0.060244 3.707850 0.055828
v 0.181425 3.703515 0.077201
v 0.287901 3.697535 0.015660
v 0.329852 3.692709 -0.100000
vt 0.287648 3.475634
vt 0.181037 3.416752
vt 0.059903 3.443613
vt -0.019073 3.543650
vt -0.018939 3.670053
vt 0.060244 3.763678
vt 0.181425 3.780716
vt 0.287901 3.713195
vt 0.329852 3.592709
vn 0.040493 0.998815 -0.026995
vn 0.040493 0.998815 -0.026995
vn 0.040493 0.998815 -0.026995
vn 0.040493 0.998815 -0.026995
vn 0.040493 0.998815 -0.026995
vn 0.040493 0.998815 -0.026995
vn 0.040493 0.998815 -0.026995
vn 0.040493 0.998815 -0.026995
vn 0.040493 0.998815 -0.026995
f 37/37/37 38/38/38 39/39/39
f 37/37/37 39/39/39 40/40/40
f 37/37/37 40/40/40 41/41/41
f 37/37/37 41/41/41 42/42/42
f 37/37/37 42/42/42 43/43/43
f 37/37/37 43/43/43 44/44/44
f 37/37/37 44/44/44 45/45/45
v 0.339721 -0.013772 0.000000
v 0.260480 -0.004655 0.218468
v 0.059358 0.006640 0.334713
v -0.169538 0.014828 0.294341
v -0.319106 0.016078 0.116244
v -0.319360 0.009805 -0.116244
v -0.170182 -0.001056 -0.294341
v 0.058626 -0.011423 -0.334713
v 0.260002 -0.016445 -0.218468
vt 0.339721 -0.013772
vt 0.260480 0.213813
vt 0.059358 0.341352
vt -0.169538 0.309170
vt -0.319106 0.132323
vt -0.319360 -0.106439
vt -0.170182 -0.295397
vt 0.058626 -0.346136
vt 0.260002 -0.234913
vn -0.040493 -0.998815 0.026995
vn -0.040493 -0.998815 0.026995
vn -0.040493 -0.998815 0.026995
vn -0.040493 -0.998815 0.026995
vn -0.040493 -0.998815 0.026995
vn -0.040493 -0.998815 0.026995
vn -0.040493 -0.998815 0.026995
vn -0.040493 -0.998815 0.026995
vn -0.040493 -0.998815 0.026995
f 46/46/46 47/47/47 48/48/48
f 46/46/46 48/48/48 49/49/49
f 46/46/46 49/49/49 50/50/50
f 46/46/46 50/50/50 51/51/51
f 46/46/46 51/51/51 52/52/52
f 46/46/46 52/52/52 53/53/53
f 46/46/46 53/53/53 54/54/54
v -2.155060 5.339754 -0.550000
v -2.168859 5.334167 -0.511753
v 0.183042 2.791113 0.001993
v 0.219839 2.806012 -0.100000
vt -2.155060 4.789754
vt -2.168859 4.822415
vt 0.183042 2.793105
vt 0.219839 2.706012
vn 0.656817 0.675246 0.335610
vn 0.656817 0.675246 0.335610
vn 0.656817 0.675246 0.335610
vn 0.656817 0.675246 0.335610
f 55/55/55 56/56/56 57/57/57
f 55/55/55 57/57/57 58/58/58
v -2.168859 5.334167 -0.511753
v -2.197229 5.312593 -0.491402
v 0.107388 2.733581 0.056262
v 0.183042 2.791113 0.001993
vt -2.168859 4.822415
vt -2.197229 4.821191
vt 0.107388 2.789843
vt 0.183042 2.793105
vn 0.282989 0.434460 0.855080
vn 0.282989 0.434460 0.855080
vn 0.282989 0.434460 0.855080
vn 0.282989 0.434460 0.855080
f 59/59/59 60/60/60 61/61/61
f 59/59/59 61/61/61 62/62/62
v -2.197229 5.312593 -0.491402
v -2.226896 5.285126 -0.498470
v 0.028277 2.660336 0.037414
v 0.107388 2.733581 0.056262
vt -2.197229 4.821191
vt -2.226896 4.786656
vt 0.028277 2.697751
vt 0.107388 2.789843
vn -0.231503 -0.000287 0.972834
vn -0.231503 -0.000287 0.972834
vn -0.231503 -0.000287 0.972834
vn -0.231503 -0.000287 0.972834
f 63/63/63 64/64/64 65/65/65
f 63/63/63 65/65/65 66/66/66
v -2.226896 5.285126 -0.498470
v -2.243978 5.264619 -0.529649
v -0.017274 2.605651 -0.045731
v 0.028277 2.660336 0.037414
vt -2.226896 4.786656
vt -2.243978 4.734970
vt -0.017274 2.559920
vt 0.028277 2.697751
vn -0.645924 -0.425573 0.633774
vn -0.645924 -0.425573 0.633774
vn -0.645924 -0.425573 0.633774
vn -0.645924 -0.425573 0.633774
f 67/67/67 68/68/68 69/69/69
f 67/67/67 69/69/69 70/70/70
v -2.243978 5.264619 -0.529649
v -2.240482 5.260667 -0.570351
v -0.007951 2.595112 -0.154269
v -0.017274 2.605651 -0.045731
vt -2.243978 4.734970
vt -2.240482 4.690316
vt -0.007951 2.440843
vt -0.017274 2.559920
vn -0.766360 -0.642402 -0.003450
vn -0.766360 -0.642402 -0.003450
vn -0.766360 -0.642402 -0.003450
vn -0.766360 -0.642402 -0.003450
f 71/71/71 72/72/72 73/73/73
f 71/71/71 73/73/73 74/74/74
v -2.240482 5.260667 -0.570351
v -2.218044 5.275119 -0.601530
v 0.051883 2.633652 -0.237414
v -0.007951 2.595112 -0.154269
vt -2.240482 4.690316
vt -2.218044 4.673589
vt 0.051883 2.396238
vt -0.007951 2.440843
vn -0.536459 -0.549317 -0.640674
vn -0.536459 -0.549317 -0.640674
vn -0.536459 -0.549317 -0.640674
vn -0.536459 -0.549317 -0.640674
f 75/75/75 76/76/76 77/77/77
f 75/75/75 77/77/77 78/78/78
v -2.218044 5.275119 -0.601530
v -2.187163 5.301214 -0.608598
v 0.134232 2.703236 -0.256262
v 0.051883 2.633652 -0.237414
vt -2.218044 4.673589
vt -2.187163 4.692616
vt 0.134232 2.446975
vt 0.051883 2.396238
vn -0.063793 -0.189873 -0.979734
vn -0.063793 -0.189873 -0.979734
vn -0.063793 -0.189873 -0.979734
vn -0.063793 -0.189873 -0.979734
f 79/79/79 80/80/80 81/81/81
f 79/79/79 81/81/81 82/82/82
v -2.187163 5.301214 -0.608598
v -2.162289 5.326740 -0.588247
v 0.200563 2.771307 -0.201993
v 0.134232 2.703236 -0.256262
vt -2.187163 4.692616
vt -2.162289 4.738493
vt 0.200563 2.569314
vt 0.134232 2.446975
vn 0.430471 0.267742 -0.861980
vn 0.430471 0.267742 -0.861980
vn 0.430471 0.267742 -0.861980
vn 0.430471 0.267742 -0.861980
f 83/83/83 84/84/84 85/85/85
f 83/83/83 85/85/85 86/86/86
v -2.162289 5.326740 -0.588247
v -2.155060 5.339754 -0.550000
v 0.219839 2.806012 -0.100000
v 0.200563 2.771307 -0.201993
vt -2.162289 4.738493
vt -2.155060 4.789754
vt 0.219839 2.706012
vt 0.200563 2.569314
vn 0.715062 0.609404 -0.342510
vn 0.715062 0.609404 -0.342510
vn 0.715062 0.609404 -0.342510
vn 0.715062 0.609404 -0.342510
f 87/87/87 88/88/88 89/89/89
f 87/87/87 89/89/89 90/90/90
v -2.162289 5.326740 -0.588247
v -2.187163 5.301214 -0.608598
v -2.218044 5.275119 -0.601530
v -2.240482 5.260667 -0.570351
v -2.243978 5.264619 -0.529649
v -2.226896 5.285126 -0.498470
v -2.197229 5.312593 -0.491402
v -2.168859 5.334167 -0.511753
v -2.155060 5.339754 -0.550000
vt -2.162289 4.738493
vt -2.187163 4.692616
vt -2.218044 4.673589
vt -2.240482 4.690316
vt -2.243978 4.734970
vt -2.226896 4.786656
vt -2.197229 4.821191
vt -2.168859 4.822415
vt -2.155060 4.789754
vn -0.657076 0.742781 -0.128558
vn -0.657076 0.742781 -0.128558
vn -0.657076 0.742781 -0.128558
vn -0.657076 0.742781 -0.128558
vn -0.657076 0.742781 -0.128558
vn -0.657076 0.742781 -0.128558
vn -0.657076 0.742781 -0.128558
vn -0.657076 0.742781 -0.128558
vn -0.657076 0.742781 -0.128558
f 91/91/91 92/92/92 93/93/93
f 91/91/91 93/93/93 94/94/94
f 91/91/91 94/94/94 95/95/95
f 91/91/91 95/95/95 96/96/96
f 91/91/91 96/96/96 97/97/97
f 91/91/91 97/97/97 98/98/98
f 91/91/91 98/98/98 99/99/99
v 0.219839 2.806012 -0.100000
v 0.183042 2.791113 0.001993
v 0.107388 2.733581 0.056262
v 0.028277 2.660336 0.037414
v -0.017274 2.605651 -0.045731
v -0.007951 2.595112 -0.154269
v 0.051883 2.633652 -0.237414
v 0.134232 2.703236 -0.256262
v 0.200563 2.771307 -0.201993
vt 0.219839 2.706012
vt 0.183042 2.793105
vt 0.107388 2.789843
vt 0.028277 2.697751
vt -0.017274 2.559920
vt -0.007951 2.440843
vt 0.051883 2.396238
vt 0.134232 2.446975
vt 0.200563 2.569314
vn 0.657076 -0.742781 0.128558
vn 0.657076 -0.742781 0.128558
vn 0.657076 -0.742781 0.128558
vn 0.657076 -0.742781 0.128558
vn 0.657076 -0.742781 0.128558
vn 0.657076 -0.742781 0.128558
vn 0.657076 -0.742781 0.128558
vn 0.657076 -0.742781 0.128558
vn 0.657076 -0.742781 0.128558
f 100/100/100 101/101/101 102/102/102
f 100/100/100 102/102/102 103/103/103
f 100/100/100 103/103/103 104/104/104
f 100/100/100 104/104/104 105/105/105
f 100/100/100 105/105/105 106/106/106
f 100/100/100 106/106/106 107/107/107
f 100/100/100 107/107/107 108/108/108
v 2.343187 5.408348 0.200000
v 2.330526 5.415441 0.238391
v 0.211402 3.107843 0.002376
v 0.245166 3.088929 -0.100000
vt 2.343187 5.608348
vt 2.330526 5.653832
vt 0.211402 3.110218
vt 0.245166 2.988929
vn 0.674073 -0.654115 0.343161
vn 0.674073 -0.654115 0.343161
vn 0.674073 -0.654115 0.343161
vn 0.674073 -0.654115 0.343161
f 109/109/109 110/110/110 111/111/111
f 109/109/109 111/111/111 112/112/112
v 2.330526 5.415441 0.238391
v 2.303581 5.438704 0.258818
v 0.139549 3.169878 0.056849
v 0.211402 3.107843 0.002376
vt 2.330526 5.653832
vt 2.303581 5.697522
vt 0.139549 3.226726
vt 0.211402 3.110218
vn 0.322994 -0.385035 0.864536
vn 0.322994 -0.385035 0.864536
vn 0.322994 -0.385035 0.864536
vn 0.322994 -0.385035 0.864536
f 113/113/113 114/114/114 115/115/115
f 113/113/113 115/115/115 116/116/116
v 2.303581 5.438704 0.258818
v 2.274960 5.467253 0.251724
v 0.063228 3.246007 0.037930
v 0.139549 3.169878 0.056849
vt 2.303581 5.697522
vt 2.274960 5.718977
vt 0.063228 3.283938
vt 0.139549 3.226726
vn -0.169547 0.074234 0.982722
vn -0.169547 0.074234 0.982722
vn -0.169547 0.074234 0.982722
vn -0.169547 0.074234 0.982722
f 117/117/117 118/118/118 119/119/119
f 117/117/117 119/119/119 120/120/120
v 2.274960 5.467253 0.251724
v 2.258056 5.487729 0.220427
v 0.018150 3.300610 -0.045527
v 0.063228 3.246007 0.037930
vt 2.274960 5.718977
vt 2.258056 5.708156
vt 0.018150 3.255083
vt 0.063228 3.283938
vn -0.573083 0.508796 0.642419
vn -0.573083 0.508796 0.642419
vn -0.573083 0.508796 0.642419
vn -0.573083 0.508796 0.642419
f 121/121/121 122/122/122 123/123/123
f 121/121/121 123/123/123 124/124/124
v 2.258056 5.487729 0.220427
v 2.260778 5.490551 0.179573
v 0.025409 3.308136 -0.154473
v 0.018150 3.300610 -0.045527
vt 2.258056 5.708156
vt 2.260778 5.670124
vt 0.025409 3.153663
vt 0.018150 3.255083
vn -0.698796 0.715315 0.002857
vn -0.698796 0.715315 0.002857
vn -0.698796 0.715315 0.002857
vn -0.698796 0.715315 0.002857
f 125/125/125 126/126/126 127/127/127
f 125/125/125 127/127/127 128/128/128
v 2.260778 5.490551 0.179573
v 2.281852 5.474399 0.148276
v 0.081606 3.265064 -0.237930
v 0.025409 3.308136 -0.154473
vt 2.260778 5.670124
vt 2.281852 5.622675
vt 0.081606 3.027133
vt 0.025409 3.153663
vn -0.487864 0.597157 -0.636704
vn -0.487864 0.597157 -0.636704
vn -0.487864 0.597157 -0.636704
vn -0.487864 0.597157 -0.636704
f 129/129/129 130/130/130 131/131/131
f 129/129/129 131/131/131 132/132/132
v 2.281852 5.474399 0.148276
v 2.311418 5.446830 0.141182
v 0.160448 3.191548 -0.256849
v 0.081606 3.265064 -0.237930
vt 2.281852 5.622675
vt 2.311418 5.588012
vt 0.160448 2.934699
vt 0.081606 3.027133
vn -0.038984 0.209611 -0.977008
vn -0.038984 0.209611 -0.977008
vn -0.038984 0.209611 -0.977008
vn -0.038984 0.209611 -0.977008
f 133/133/133 134/134/134 135/135/135
f 133/133/133 135/135/135 136/136/136
v 2.311418 5.446830 0.141182
v 2.335641 5.420745 0.161609
v 0.225043 3.121987 -0.202376
v 0.160448 3.191548 -0.256849
vt 2.311418 5.588012
vt 2.335641 5.582354
vt 0.225043 2.919611
vt 0.160448 2.934699
vn 0.437809 -0.265987 -0.858821
vn 0.437809 -0.265987 -0.858821
vn 0.437809 -0.265987 -0.858821
vn 0.437809 -0.265987 -0.858821
f 137/137/137 138/138/138 139/139/139
f 137/137/137 139/139/139 140/140/140
v 2.335641 5.420745 0.161609
v 2.343187 5.408348 0.200000
v 0.245166 3.088929 -0.100000
v 0.225043 3.121987 -0.202376
vt 2.335641 5.582354
vt 2.343187 5.608348
vt 0.245166 2.988929
vt 0.225043 2.919611
vn 0.719417 -0.607099 -0.337446
vn 0.719417 -0.607099 -0.337446
vn 0.719417 -0.607099 -0.337446
vn 0.719417 -0.607099 -0.337446
f 141/141/141 142/142/142 143/143/143
f 141/141/141 143/143/143 144/144/144
v 2.335641 5.420745 0.161609
v 2.311418 5.446830 0.141182
v 2.281852 5.474399 0.148276
v 2.260778 5.490551 0.179573
v 2.258056 5.487729 0.220427
v 2.274960 5.467253 0.251724
v 2.303581 5.438704 0.258818
v 2.330526 5.415441 0.238391
v 2.343187 5.408348 0.200000
vt 2.335641 5.582354
vt 2.311418 5.588012
vt 2.281852 5.622675
vt 2.260778 5.670124
vt 2.258056 5.708156
vt 2.274960 5.718977
vt 2.303581 5.697522
vt 2.330526 5.653832
vt 2.343187 5.608348
vn 0.691020 0.716495 0.095533
vn 0.691020 0.716495 0.095533
vn 0.691020 0.716495 0.095533
vn 0.691020 0.716495 0.095533
vn 0.691020 0.716495 0.095533
vn 0.691020 0.716495 0.095533
vn 0.691020 0.716495 0.095533
vn 0.691020 0.716495 0.095533
vn 0.691020 0.716495 0.095533
f 145/145/145 146/146/146 147/147/147
f 145/145/145 147/147/147 148/148/148
f 145/145/145 148/148/148 149/149/149
f 145/145/145 149/149/149 150/150/150
f 145/145/145 150/150/150 151/151/151
f 145/145/145 151/151/151 152/152/152
f 145/145/145 152/152/152 153/153/153
v 0.245166 3.088929 -0.100000
v 0.211402 3.107843 0.002376
v 0.139549 3.169878 0.056849
v 0.063228 3.246007 0.037930
v 0.018150 3.300610 -0.045527
v 0.025409 3.308136 -0.154473
v 0.081606 3.265064 -0.237930
v 0.160448 3.191548 -0.256849
v 0.225043 3.121987 -0.202376
vt 0.245166 2.988929
vt 0.211402 3.110218
vt 0.139549 3.226726
vt 0.063228 3.283938
vt 0.018150 3.255083
vt 0.025409 3.153663
vt 0.081606 3.027133
vt 0.160448 2.934699
vt 0.225043 2.919611
vn -0.691020 -0.716495 -0.095533
vn -0.691020 -0.716495 -0.095533
vn -0.691020 -0.716495 -0.095533
vn -0.691020 -0.716495 -0.095533
vn -0.691020 -0.716495 -0.095533
vn -0.691020 -0.716495 -0.095533
vn -0.691020 -0.716495 -0.095533
vn -0.691020 -0.716495 -0.095533
vn -0.691020 -0.716495 -0.095533
f 154/154/154 155/155/155 156/156/156
f 154/154/154 156/156/156 157/157/157
f 154/154/154 157/157/157 158/158/158
f 154/154/154 158/158/158 159/159/159
f 154/154/154 159/159/159 160/160/160
f 154/154/154 160/160/160 161/161/161
f 154/154/154 161/161/161 162/162/162
v 0.259981 5.598500 1.900000
v 0.245267 5.571593 1.927275
v 0.270712 3.524248 -0.027266
v 0.309950 3.596001 -0.100000
vt 0.259981 7.498500
vt 0.245267 7.498868
vt 0.270712 3.496982
vt 0.309950 3.496001
vn 0.933428 -0.241598 0.265221
vn 0.933428 -0.241598 0.265221
vn 0.933428 -0.241598 0.265221
vn 0.933428 -0.241598 0.265221
f 163/163/163 164/164/164 165/165/165
f 163/163/163 165/165/165 166/166/166
v 0.245267 5.571593 1.927275
v 0.209372 5.557977 1.941788
v 0.174991 3.487940 0.011436
v 0.270712 3.524248 -0.027266
vt 0.245267 7.498868
vt 0.209372 7.499766
vt 0.174991 3.499375
vt 0.270712 3.496982
vn 0.484861 -0.600765 0.635602
vn 0.484861 -0.600765 0.635602
vn 0.484861 -0.600765 0.635602
vn 0.484861 -0.600765 0.635602
f 167/167/167 168/168/168 169/169/169
f 167/167/167 169/169/169 170/170/170
v 0.209372 5.557977 1.941788
v 0.169091 5.564025 1.936748
v 0.067577 3.504066 -0.002005
v 0.174991 3.487940 0.011436
vt 0.209372 7.499766
vt 0.169091 7.500773
vt 0.067577 3.502061
vt 0.174991 3.499375
vn -0.190303 -0.667845 0.719561
vn -0.190303 -0.667845 0.719561
vn -0.190303 -0.667845 0.719561
vn -0.190303 -0.667845 0.719561
f 171/171/171 172/172/172 173/173/173
f 171/171/171 173/173/173 174/174/174
v 0.169091 5.564025 1.936748
v 0.143273 5.586905 1.914513
v -0.001271 3.565081 -0.061299
v 0.067577 3.504066 -0.002005
vt 0.169091 7.500773
vt 0.143273 7.501418
vt -0.001271 3.503782
vt 0.067577 3.502061
vn -0.776148 -0.411449 0.477812
vn -0.776148 -0.411449 0.477812
vn -0.776148 -0.411449 0.477812
vn -0.776148 -0.411449 0.477812
f 175/175/175 176/176/176 177/177/177
f 175/175/175 177/177/177 178/178/178
v 0.143273 5.586905 1.914513
v 0.143999 5.615913 1.885487
v 0.000663 3.642435 -0.138701
v -0.001271 3.565081 -0.061299
vt 0.143273 7.501418
vt 0.143999 7.501400
vt 0.000663 3.503733
vt -0.001271 3.503782
vn -0.998550 0.048450 0.023472
vn -0.998550 0.048450 0.023472
vn -0.998550 0.048450 0.023472
vn -0.998550 0.048450 0.023472
f 179/179/179 180/180/180 181/181/181
f 179/179/179 181/181/181 182/182/182
v 0.143999 5.615913 1.885487
v 0.170927 5.637475 1.863252
v 0.072473 3.699933 -0.197995
v 0.000663 3.642435 -0.138701
vt 0.143999 7.501400
vt 0.170927 7.500727
vt 0.072473 3.501938
vt 0.000663 3.503733
vn -0.753445 0.496663 -0.430868
vn -0.753445 0.496663 -0.430868
vn -0.753445 0.496663 -0.430868
vn -0.753445 0.496663 -0.430868
f 183/183/183 184/184/184 185/185/185
f 183/183/183 185/185/185 186/186/186
v 0.170927 5.637475 1.863252
v 0.211460 5.641502 1.858212
v 0.180559 3.710672 -0.211436
v 0.072473 3.699933 -0.197995
vt 0.170927 7.500727
vt 0.211460 7.499714
vt 0.180559 3.499236
vt 0.072473 3.501938
vn -0.155520 0.723464 -0.672617
vn -0.155520 0.723464 -0.672617
vn -0.155520 0.723464 -0.672617
vn -0.155520 0.723464 -0.672617
f 187/187/187 188/188/188 189/189/189
f 187/187/187 189/189/189 190/190/190
v 0.211460 5.641502 1.858212
v 0.246630 5.626110 1.872725
v 0.274346 3.669626 -0.172734
v 0.180559 3.710672 -0.211436
vt 0.211460 7.499714
vt 0.246630 7.498834
vt 0.274346 3.496891
vt 0.180559 3.499236
vn 0.515449 0.622731 -0.588658
vn 0.515449 0.622731 -0.588658
vn 0.515449 0.622731 -0.588658
vn 0.515449 0.622731 -0.588658
f 191/191/191 192/192/192 193/193/193
f 191/191/191 193/193/193 194/194/194
v 0.246630 5.626110 1.872725
v 0.259981 5.598500 1.900000
v 0.309950 3.596001 -0.100000
v 0.274346 3.669626 -0.172734
vt 0.246630 7.498834
vt 0.259981 7.498500
vt 0.309950 3.496001
vt 0.274346 3.496891
vn 0.945508 0.241598 -0.218277
vn 0.945508 0.241598 -0.218277
vn 0.945508 0.241598 -0.218277
vn 0.945508 0.241598 -0.218277
f 195/195/195 196/196/196 197/197/197
f 195/195/195 197/197/197 198/198/198
v 0.246630 5.626110 1.872725
v 0.211460 5.641502 1.858212
v 0.170927 5.637475 1.863252
v 0.143999 5.615913 1.885487
v 0.143273 5.586905 1.914513
v 0.169091 5.564025 1.936748
v 0.209372 5.557977 1.941788
v 0.245267 5.571593 1.927275
v 0.259981 5.598500 1.900000
vt 0.246630 7.498834
vt 0.211460 7.499714
vt 0.170927 7.500727
vt 0.143999 7.501400
vt 0.143273 7.501418
vt 0.169091 7.500773
vt 0.209372 7.499766
vt 0.245267 7.498868
vt 0.259981 7.498500
vn 0.017675 0.706996 0.706996
vn 0.017675 0.706996 0.706996
vn 0.017675 0.706996 0.706996
vn 0.017675 0.706996 0.706996
vn 0.017675 0.706996 0.706996
vn 0.017675 0.706996 0.706996
vn 0.017675 0.706996 0.706996
vn 0.017675 0.706996 0.706996
vn 0.017675 0.706996 0.706996
f 199/199/199 200/200/200 201/201/201
f 199/199/199 201/201/201 202/202/202
f 199/199/199 202/202/202 203/203/203
f 199/199/199 203/203/203 204/204/204
f 199/199/199 204/204/204 205/205/205
f 199/199/199 205/205/205 206/206/206
f 199/199/199 206/206/206 207/207/207
v 0.309950 3.596001 -0.100000
v 0.270712 3.524248 -0.027266
v 0.174991 3.487940 0.011436
v 0.067577 3.504066 -0.002005
v -0.001271 3.565081 -0.061299
v 0.000663 3.642435 -0.138701
v 0.072473 3.699933 -0.197995
v 0.180559 3.710672 -0.211436
v 0.274346 3.669626 -0.172734
vt 0.309950 3.496001
vt 0.270712 3.496982
vt 0.174991 3.499375
vt 0.067577 3.502061
vt -0.001271 3.503782
vt 0.000663 3.503733
vt 0.072473 3.501938
vt 0.180559 3.499236
vt 0.274346 3.496891
vn -0.017675 -0.706996 -0.706996
vn -0.017675 -0.706996 -0.706996
vn -0.017675 -0.706996 -0.706996
vn -0.017675 -0.706996 -0.706996
vn -0.017675 -0.706996 -0.706996
vn -0.017675 -0.706996 -0.706996
vn -0.017675 -0.706996 -0.706996
vn -0.017675 -0.706996 -0.706996
vn -0.017675 -0.706996 -0.706996
f 208/208/208 209/209/209 210/210/210
f 208/208/208 210/210/210 211/211/211
f 208/208/208 211/211/211 212/212/212
f 208/208/208 212/212/212 213/213/213
f 208/208/208 213/213/213 214/214/214
f 208/208/208 214/214/214 215/215/215
f 208/208/208 215/215/215 216/216/216
v -0.744851 5.123635 -1.800000
v -0.766823 5.139267 -1.769058
v 0.188473 3.104712 -0.017489
v 0.247063 3.063027 -0.100000
vt -0.744851 3.323635
vt -0.766823 3.370208
vt 0.188473 3.087223
vt 0.247063 2.963027
vn 0.772439 0.581840 0.254559
vn 0.772439 0.581840 0.254559
vn 0.772439 0.581840 0.254559
vn 0.772439 0.581840 0.254559
f 217/217/217 218/218/218 219/219/219
f 217/217/217 219/219/219 220/220/220
v -0.766823 5.139267 -1.769058
v -0.804318 5.136525 -1.752595
v 0.088485 3.097400 0.026414
v 0.188473 3.104712 -0.017489
vt -0.766823 3.370208
vt -0.804318 3.383930
vt 0.088485 3.123815
vt 0.188473 3.087223
vn 0.245365 0.696088 0.674728
vn 0.245365 0.696088 0.674728
vn 0.245365 0.696088 0.674728
vn 0.245365 0.696088 0.674728
f 221/221/221 222/222/222 223/223/223
f 221/221/221 223/223/223 224/224/224
v -0.804318 5.136525 -1.752595
v -0.839793 5.116693 -1.758312
v -0.006115 3.044514 0.011167
v 0.088485 3.097400 0.026414
vt -0.804318 3.383930
vt -0.839793 3.358380
vt -0.006115 3.055681
vt 0.088485 3.123815
vn -0.401396 0.496008 0.769973
vn -0.401396 0.496008 0.769973
vn -0.401396 0.496008 0.769973
vn -0.401396 0.496008 0.769973
f 225/225/225 226/226/226 227/227/227
f 225/225/225 227/227/227 228/228/228
v -0.839793 5.116693 -1.758312
v -0.856648 5.089050 -1.783536
v -0.051062 2.970800 -0.056097
v -0.006115 3.044514 0.011167
vt -0.839793 3.358380
vt -0.856648 3.305514
vt -0.051062 2.914703
vt -0.006115 3.055681
vn -0.865215 0.075219 0.495727
vn -0.865215 0.075219 0.495727
vn -0.865215 0.075219 0.495727
vn -0.865215 0.075219 0.495727
f 229/229/229 230/230/230 231/231/231
f 229/229/229 231/231/231 232/232/232
v -0.856648 5.089050 -1.783536
v -0.846997 5.066531 -1.816464
v -0.025326 2.910748 -0.143903
v -0.051062 2.970800 -0.056097
vt -0.856648 3.305514
vt -0.846997 3.250067
vt -0.025326 2.766845
vt -0.051062 2.914703
vn -0.929068 -0.369386 -0.019687
vn -0.929068 -0.369386 -0.019687
vn -0.929068 -0.369386 -0.019687
vn -0.929068 -0.369386 -0.019687
f 233/233/233 234/234/234 235/235/235
f 233/233/233 235/235/235 236/236/236
v -0.846997 5.066531 -1.816464
v -0.815356 5.059672 -1.841688
v 0.059052 2.892459 -0.211167
v -0.025326 2.910748 -0.143903
vt -0.846997 3.250067
vt -0.815356 3.217984
vt 0.059052 2.681292
vt -0.025326 2.766845
vn -0.563076 -0.629772 -0.535101
vn -0.563076 -0.629772 -0.535101
vn -0.563076 -0.629772 -0.535101
vn -0.563076 -0.629772 -0.535101
f 237/237/237 238/238/238 239/239/239
f 237/237/237 239/239/239 240/240/240
v -0.815356 5.059672 -1.841688
v -0.776529 5.071683 -1.847405
v 0.162590 2.924489 -0.226414
v 0.059052 2.892459 -0.211167
vt -0.815356 3.217984
vt -0.776529 3.224278
vt 0.162590 2.698074
vt 0.059052 2.681292
vn 0.061508 -0.584102 -0.809347
vn 0.061508 -0.584102 -0.809347
vn 0.061508 -0.584102 -0.809347
vn 0.061508 -0.584102 -0.809347
f 241/241/241 242/242/242 243/243/243
f 241/241/241 243/243/243 244/244/244
v -0.776529 5.071683 -1.847405
v -0.748685 5.096944 -1.830942
v 0.236841 2.991852 -0.182511
v 0.162590 2.924489 -0.226414
vt -0.776529 3.224278
vt -0.748685 3.266003
vt 0.236841 2.809340
vt 0.162590 2.698074
vn 0.652436 -0.253744 -0.714102
vn 0.652436 -0.253744 -0.714102
vn 0.652436 -0.253744 -0.714102
vn 0.652436 -0.253744 -0.714102
f 245/245/245 246/246/246 247/247/247
f 245/245/245 247/247/247 248/248/248
v -0.748685 5.096944 -1.830942
v -0.744851 5.123635 -1.800000
v 0.247063 3.063027 -0.100000
v 0.236841 2.991852 -0.182511
vt -0.748685 3.266003
vt -0.744851 3.323635
vt 0.247063 2.963027
vt 0.236841 2.809340
vn 0.933204 0.206722 -0.293933
vn 0.933204 0.206722 -0.293933
vn 0.933204 0.206722 -0.293933
vn 0.933204 0.206722 -0.293933
f 249/249/249 250/250/250 251/251/251
f 249/249/249 251/251/251 252/252/252
v -0.748685 5.096944 -1.830942
v -0.776529 5.071683 -1.847405
v -0.815356 5.059672 -1.841688
v -0.846997 5.066531 -1.816464
v -0.856648 5.089050 -1.783536
v -0.839793 5.116693 -1.758312
v -0.804318 5.136525 -1.752595
v -0.766823 5.139267 -1.769058
v -0.744851 5.123635 -1.800000
vt -0.748685 3.266003
vt -0.776529 3.224278
vt -0.815356 3.217984
vt -0.846997 3.250067
vt -0.856648 3.305514
vt -0.839793 3.358380
vt -0.804318 3.383930
vt -0.766823 3.370208
vt -0.744851 3.323635
vn -0.316033 0.737410 -0.596951
vn -0.316033 0.737410 -0.596951
vn -0.316033 0.737410 -0.596951
vn -0.316033 0.737410 -0.596951
vn -0.316033 0.737410 -0.596951
vn -0.316033 0.737410 -0.596951
vn -0.316033 0.737410 -0.596951
vn -0.316033 0.737410 -0.596951
vn -0.316033 0.737410 -0.596951
f 253/253/253 254/254/254 255/255/255
f 253/253/253 255/255/255 256/256/256
f 253/253/253 256/256/256 257/257/257
f 253/253/253 257/257/257 258/258/258
f 253/253/253 258/258/258 259/259/259
f 253/253/253 259/259/259 260/260/260
f 253/253/253 260/260/260 261/261/261
v 0.247063 3.063027 -0.100000
v 0.188473 3.104712 -0.017489
v 0.088485 3.097400 0.026414
v -0.006115 3.044514 0.011167
v -0.051062 2.970800 -0.056097
v -0.025326 2.910748 -0.143903
v 0.059052 2.892459 -0.211167
v 0.162590 2.924489 -0.226414
v 0.236841 2.991852 -0.182511
vt 0.247063 2.963027
vt 0.188473 3.087223
vt 0.088485 3.123815
vt -0.006115 3.055681
vt -0.051062 2.914703
vt -0.025326 2.766845
vt 0.059052 2.681292
vt 0.162590 2.698074
vt 0.236841 2.809340
vn 0.316033 -0.737410 0.596951
vn 0.316033 -0.737410 0.596951
vn 0.316033 -0.737410 0.596951
vn 0.316033 -0.737410 0.596951
vn 0.316033 -0.737410 0.596951
vn 0.316033 -0.737410 0.596951
vn 0.316033 -0.737410 0.596951
vn 0.316033 -0.737410 0.596951
vn 0.316033 -0.737410 0.596951
f 262/262/262 263/263/263 264/264/264
f 262/262/262 264/264/264 265/265/265
f 262/262/262 265/265/265 266/266/266
f 262/262/262 266/266/266 267/267/267
f 262/262/262 267/267/267 268/268/268
f 262/262/262 268/268/268 269/269/269
f 262/262/262 269/269/269 270/270/270
usemtl leaf_shadow
v 0.000000 7.250000 0.000000
v 1.700000 7.042339 0.000000
v 1.430131 7.042339 -0.729865
vt 0.000000 7.250000
vt 1.700000 7.042339
vt 1.430131 6.312474
vn 0.121130 0.991626 -0.044788
vn 0.121130 0.991626 -0.044788
vn 0.121130 0.991626 -0.044788
f 271/271/271 272/272/272 273/273/273
v 0.000000 4.150000 0.000000
v 1.430131 4.357661 -0.729865
v 1.700000 4.357661 0.000000
vt 0.000000 4.150000
vt 1.430131 3.627796
vt 1.700000 4.357661
vn 0.121130 -0.991626 -0.044788
vn 0.121130 -0.991626 -0.044788
vn 0.121130 -0.991626 -0.044788
f 274/274/274 275/275/275 276/276/276
v 1.700000 7.042339 0.000000
v 2.944486 6.475000 0.000000
v 2.477060 6.475000 -1.264163
v 1.430131 7.042339 -0.729865
vt 1.700000 7.042339
vt 2.944486 6.475000
vt 2.477060 5.210837
vt 1.430131 6.312474
vn 0.410016 0.899390 -0.151604
vn 0.410016 0.899390 -0.151604
vn 0.410016 0.899390 -0.151604
vn 0.410016 0.899390 -0.151604
f 277/277/277 278/278/278 279/279/279
f 277/277/277 279/279/279 280/280/280
v 2.944486 6.475000 0.000000
v 3.400000 5.700000 0.000000
v 2.860262 5.700000 -1.459730
v 2.477060 6.475000 -1.264163
vt 2.944486 6.475000
vt 3.400000 5.700000
vt 2.860262 4.240270
vt 2.477060 5.210837
vn 0.821391 0.482780 -0.303711
vn 0.821391 0.482780 -0.303711
vn 0.821391 0.482780 -0.303711
vn 0.821391 0.482780 -0.303711
f 281/281/281 282/282/282 283/283/283
f 281/281/281 283/283/283 284/284/284
v 3.400000 5.700000 0.000000
v 2.944486 4.925000 0.000000
v 2.477060 4.925000 -1.264163
v 2.860262 5.700000 -1.459730
vt 3.400000 5.700000
vt 2.944486 4.925000
vt 2.477060 3.660837
vt 2.860262 4.240270
vn 0.821391 -0.482780 -0.303711
vn 0.821391 -0.482780 -0.303711
vn 0.821391 -0.482780 -0.303711
vn 0.821391 -0.482780 -0.303711
f 285/285/285 286/286/286 287/287/287
f 285/285/285 287/287/287 288/288/288
v 2.944486 4.925000 0.000000
v 1.700000 4.357661 0.000000
v 1.430131 4.357661 -0.729865
v 2.477060 4.925000 -1.264163
vt 2.944486 4.925000
vt 1.700000 4.357661
vt 1.430131 3.627796
vt 2.477060 3.660837
vn 0.410016 -0.899390 -0.151604
vn 0.410016 -0.899390 -0.151604
vn 0.410016 -0.899390 -0.151604
vn 0.410016 -0.899390 -0.151604
f 289/289/289 290/290/290 291/291/291
f 289/289/289 291/291/291 292/292/292
v 0.000000 7.250000 0.000000
v 1.430131 7.042339 -0.729865
v 0.706206 7.042339 -1.228003
vt 0.000000 7.250000
vt 1.430131 6.312474
vt 0.706206 5.814336
vn 0.082483 0.989357 -0.119870
vn 0.082483 0.989357 -0.119870
vn 0.082483 0.989357 -0.119870
f 293/293/293 294/294/294 295/295/295
v 0.000000 4.150000 0.000000
v 0.706206 4.357661 -1.228003
v 1.430131 4.357661 -0.729865
vt 0.000000 4.150000
vt 0.706206 3.129657
vt 1.430131 3.627796
vn 0.082483 -0.989357 -0.119870
vn 0.082483 -0.989357 -0.119870
vn 0.082483 -0.989357 -0.119870
f 296/296/296 297/297/297 298/298/298
v 1.430131 7.042339 -0.729865
v 2.477060 6.475000 -1.264163
v 1.223184 6.475000 -2.126964
v 0.706206 7.042339 -1.228003
vt 1.430131 6.312474
vt 2.477060 5.210837
vt 1.223184 4.348036
vt 0.706206 5.814336
vn 0.272757 0.876630 -0.396388
vn 0.272757 0.876630 -0.396388
vn 0.272757 0.876630 -0.396388
vn 0.272757 0.876630 -0.396388
f 299/299/299 300/300/300 301/301/301
f 299/299/299 301/301/301 302/302/302
v 2.477060 6.475000 -1.264163
v 2.860262 5.700000 -1.459730
v 1.412411 5.700000 -2.456006
v 1.223184 6.475000 -2.126964
vt 2.477060 5.210837
vt 2.860262 4.240270
vt 1.412411 3.243994
vt 1.223184 4.348036
vn 0.509409 0.438692 -0.740305
vn 0.509409 0.438692 -0.740305
vn 0.509409 0.438692 -0.740305
vn 0.509409 0.438692 -0.740305
f 303/303/303 304/304/304 305/305/305
f 303/303/303 305/305/305 306/306/306
v 2.860262 5.700000 -1.459730
v 2.477060 4.925000 -1.264163
v 1.223184 4.925000 -2.126964
v 1.412411 5.700000 -2.456006
vt 2.860262 4.240270
vt 2.477060 3.660837
vt 1.223184 2.798036
vt 1.412411 3.243994
vn 0.509409 -0.438692 -0.740305
vn 0.509409 -0.438692 -0.740305
vn 0.509409 -0.438692 -0.740305
vn 0.509409 -0.438692 -0.740305
f 307/307/307 308/308/308 309/309/309
f 307/307/307 309/309/309 310/310/310
v 2.477060 4.925000 -1.264163
v 1.430131 4.357661 -0.729865
v 0.706206 4.357661 -1.228003
v 1.223184 4.925000 -2.126964
vt 2.477060 3.660837
vt 1.430131 3.627796
vt 0.706206 3.129657
vt 1.223184 2.798036
vn 0.272757 -0.876630 -0.396388
vn 0.272757 -0.876630 -0.396388
vn 0.272757 -0.876630 -0.396388
vn 0.272757 -0.876630 -0.396388
f 311/311/311 312/312/312 313/313/313
f 311/311/311 313/313/313 314/314/314
v 0.000000 7.250000 0.000000
v 0.706206 7.042339 -1.228003
v -0.241935 7.042339 -1.336259
vt 0.000000 7.250000
vt 0.706206 5.814336
vt -0.241935 5.706080
vn 0.017891 0.987484 -0.156699
vn 0.017891 0.987484 -0.156699
vn 0.017891 0.987484 -0.156699
f 315/315/315 316/316/316 317/317/317
v 0.000000 4.150000 0.000000
v -0.241935 4.357661 -1.336259
v 0.706206 4.357661 -1.228003
vt 0.000000 4.150000
vt -0.241935 3.021402
vt 0.706206 3.129657
vn 0.017891 -0.987484 -0.156699
vn 0.017891 -0.987484 -0.156699
vn 0.017891 -0.987484 -0.156699
f 318/318/318 319/319/319 320/320/320
v 0.706206 7.042339 -1.228003
v 1.223184 6.475000 -2.126964
v -0.419044 6.475000 -2.314468
v -0.241935 7.042339 -1.336259
vt 0.706206 5.814336
vt 1.223184 4.348036
vt -0.419044 4.160532
vt -0.241935 5.706080
vn 0.058082 0.858980 -0.508705
vn 0.058082 0.858980 -0.508705
vn 0.058082 0.858980 -0.508705
vn 0.058082 0.858980 -0.508705
f 321/321/321 322/322/322 323/323/323
f 321/321/321 323/323/323 324/324/324
v 1.223184 6.475000 -2.126964
v 1.412411 5.700000 -2.456006
v -0.483870 5.700000 -2.672518
v -0.419044 6.475000 -2.314468
vt 1.223184 4.348036
vt 1.412411 3.243994
vt -0.483870 3.027482
vt -0.419044 4.160532
vn 0.103467 0.410007 -0.906195
vn 0.103467 0.410007 -0.906195
vn 0.103467 0.410007 -0.906195
vn 0.103467 0.410007 -0.906195
f 325/325/325 326/326/326 327/327/327
f 325/325/325 327/327/327 328/328/328
v 1.412411 5.700000 -2.456006
v 1.223184 4.925000 -2.126964
v -0.419044 4.925000 -2.314468
v -0.483870 5.700000 -2.672518
vt 1.412411 3.243994
vt 1.223184 2.798036
vt -0.419044 2.610532
vt -0.483870 3.027482
vn 0.103467 -0.410007 -0.906195
vn 0.103467 -0.410007 -0.906195
vn 0.103467 -0.410007 -0.906195
vn 0.103467 -0.410007 -0.906195
f 329/329/329 330/330/330 331/331/331
f 329/329/329 331/331/331 332/332/332
v 1.223184 4.925000 -2.126964
v 0.706206 4.357661 -1.228003
v -0.241935 4.357661 -1.336259
v -0.419044 4.925000 -2.314468
vt 1.223184 2.798036
vt 0.706206 3.129657
vt -0.241935 3.021402
vt -0.419044 2.610532
vn 0.058082 -0.858980 -0.508705
vn 0.058082 -0.858980 -0.508705
vn 0.058082 -0.858980 -0.508705
vn 0.058082 -0.858980 -0.508705
f 333/333/333 334/334/334 335/335/335
f 333/333/333 335/335/335 336/336/336
v 0.000000 7.250000 0.000000
v -0.241935 7.042339 -1.336259
v -1.113263 7.042339 -1.020262
vt 0.000000 7.250000
vt -0.241935 5.706080
vt -1.113263 6.022077
vn -0.052262 0.988181 -0.144106
vn -0.052262 0.988181 -0.144106
vn -0.052262 0.988181 -0.144106
f 337/337/337 338/338/338 339/339/339
v 0.000000 4.150000 0.000000
v -1.113263 4.357661 -1.020262
v -0.241935 4.357661 -1.336259
vt 0.000000 4.150000
vt -1.113263 3.337399
vt -0.241935 3.021402
vn -0.052262 -0.988181 -0.144106
vn -0.052262 -0.988181 -0.144106
vn -0.052262 -0.988181 -0.144106
f 340/340/340 341/341/341 342/342/342
v -0.241935 7.042339 -1.336259
v -0.419044 6.475000 -2.314468
v -1.928229 6.475000 -1.767145
v -1.113263 7.042339 -1.020262
vt -0.241935 5.706080
vt -0.419044 4.160532
vt -1.928229 4.707855
vt -1.113263 6.022077
vn -0.170815 0.865434 -0.471005
vn -0.170815 0.865434 -0.471005
vn -0.170815 0.865434 -0.471005
vn -0.170815 0.865434 -0.471005
f 343/343/343 344/344/344 345/345/345
f 343/343/343 345/345/345 346/346/346
v -0.419044 6.475000 -2.314468
v -0.483870 5.700000 -2.672518
v -2.226526 5.700000 -2.040524
v -1.928229 6.475000 -1.767145
vt -0.419044 4.160532
vt -0.483870 3.027482
vt -2.226526 3.659476
vt -1.928229 4.707855
vn -0.309401 0.420030 -0.853139
vn -0.309401 0.420030 -0.853139
vn -0.309401 0.420030 -0.853139
vn -0.309401 0.420030 -0.853139
f 347/347/347 348/348/348 349/349/349
f 347/347/347 349/349/349 350/350/350
v -0.483870 5.700000 -2.672518
v -0.419044 4.925000 -2.314468
v -1.928229 4.925000 -1.767145
v -2.226526 5.700000 -2.040524
vt -0.483870 3.027482
vt -0.419044 2.610532
vt -1.928229 3.157855
vt -2.226526 3.659476
vn -0.309401 -0.420030 -0.853139
vn -0.309401 -0.420030 -0.853139
vn -0.309401 -0.420030 -0.853139
vn -0.309401 -0.420030 -0.853139
f 351/351/351 352/352/352 353/353/353
f 351/351/351 353/353/353 354/354/354
v -0.419044 4.925000 -2.314468
v -0.241935 4.357661 -1.336259
v -1.113263 4.357661 -1.020262
v -1.928229 4.925000 -1.767145
vt -0.419044 2.610532
vt -0.241935 3.021402
vt -1.113263 3.337399
vt -1.928229 3.157855
vn -0.170815 -0.865434 -0.471005
vn -0.170815 -0.865434 -0.471005
vn -0.170815 -0.865434 -0.471005
vn -0.170815 -0.865434 -0.471005
f 355/355/355 356/356/356 357/357/357
f 355/355/355 357/357/357 358/358/358
v 0.000000 7.250000 0.000000
v -1.113263 7.042339 -1.020262
v -1.631138 7.042339 -0.380339
vt 0.000000 7.250000
vt -1.113263 6.022077
vt -1.631138 6.662000
vn -0.106098 0.990642 -0.085863
vn -0.106098 0.990642 -0.085863
vn -0.106098 0.990642 -0.085863
f 359/359/359 360/360/360 361/361/361
v 0.000000 4.150000 0.000000
v -1.631138 4.357661 -0.380339
v -1.113263 4.357661 -1.020262
vt 0.000000 4.150000
vt -1.631138 3.977322
vt -1.113263 3.337399
vn -0.106098 -0.990642 -0.085863
vn -0.106098 -0.990642 -0.085863
vn -0.106098 -0.990642 -0.085863
f 362/362/362 363/363/363 364/364/364
v -1.113263 7.042339 -1.020262
v -1.928229 6.475000 -1.767145
v -2.825214 6.475000 -0.658766
v -1.631138 7.042339 -0.380339
vt -1.113263 6.022077
vt -1.928229 4.707855
vt -2.825214 5.816234
vt -1.631138 6.662000
vn -0.355465 0.889321 -0.287669
vn -0.355465 0.889321 -0.287669
vn -0.355465 0.889321 -0.287669
vn -0.355465 0.889321 -0.287669
f 365/365/365 366/366/366 367/367/367
f 365/365/365 367/367/367 368/368/368
v -1.928229 6.475000 -1.767145
v -2.226526 5.700000 -2.040524
v -3.262276 5.700000 -0.760678
v -2.825214 6.475000 -0.658766
vt -1.928229 4.707855
vt -2.226526 3.659476
vt -3.262276 4.939322
vt -2.825214 5.816234
vn -0.689356 0.462124 -0.557880
vn -0.689356 0.462124 -0.557880
vn -0.689356 0.462124 -0.557880
vn -0.689356 0.462124 -0.557880
f 369/369/369 370/370/370 371/371/371
f 369/369/369 371/371/371 372/372/372
v -2.226526 5.700000 -2.040524
v -1.928229 4.925000 -1.767145
v -2.825214 4.925000 -0.658766
v -3.262276 5.700000 -0.760678
vt -2.226526 3.659476
vt -1.928229 3.157855
vt -2.825214 4.266234
vt -3.262276 4.939322
vn -0.689356 -0.462124 -0.557880
vn -0.689356 -0.462124 -0.557880
vn -0.689356 -0.462124 -0.557880
vn -0.689356 -0.462124 -0.557880
f 373/373/373 374/374/374 375/375/375
f 373/373/373 375/375/375 376/376/376
v -1.928229 4.925000 -1.767145
v -1.113263 4.357661 -1.020262
v -1.631138 4.357661 -0.380339
v -2.825214 4.925000 -0.658766
vt -1.928229 3.157855
vt -1.113263 3.337399
vt -1.631138 3.977322
vt -2.825214 4.266234
vn -0.355465 -0.889321 -0.287669
vn -0.355465 -0.889321 -0.287669
vn -0.355465 -0.889321 -0.287669
vn -0.355465 -0.889321 -0.287669
f 377/377/377 378/378/378 379/379/379
f 377/377/377 379/379/379 380/380/380
v 0.000000 7.250000 0.000000
v -1.631138 7.042339 -0.380339
v -1.631138 7.042339 0.380339
vt 0.000000 7.250000
vt -1.631138 6.662000
vt -1.631138 7.422678
vn -0.126291 0.991993 -0.000000
vn -0.126291 0.991993 -0.000000
vn -0.126291 0.991993 -0.000000
f 381/381/381 382/382/382 383/383/383
v 0.000000 4.150000 0.000000
v -1.631138 4.357661 0.380339
v -1.631138 4.357661 -0.380339
vt 0.000000 4.150000
vt -1.631138 4.738000
vt -1.631138 3.977322
vn -0.126291 -0.991993 -0.000000
vn -0.126291 -0.991993 -0.000000
vn -0.126291 -0.991993 -0.000000
f 384/384/384 385/385/385 386/386/386
v -1.631138 7.042339 -0.380339
v -2.825214 6.475000 -0.658766
v -2.825214 6.475000 0.658766
v -1.631138 7.042339 0.380339
vt -1.631138 6.662000
vt -2.825214 5.816234
vt -2.825214 7.133766
vt -1.631138 7.422678
vn -0.429151 0.903233 -0.000000
vn -0.429151 0.903233 -0.000000
vn -0.429151 0.903233 -0.000000
vn -0.429151 0.903233 -0.000000
f 387/387/387 388/388/388 389/389/389
f 387/387/387 389/389/389 390/390/390
v -2.825214 6.475000 -0.658766
v -3.262276 5.700000 -0.760678
v -3.262276 5.700000 0.760678
v -2.825214 6.475000 0.658766
vt -2.825214 5.816234
vt -3.262276 4.939322
vt -3.262276 6.460678
vt -2.825214 7.133766
vn -0.871035 0.491221 -0.000000
vn -0.871035 0.491221 -0.000000
vn -0.871035 0.491221 -0.000000
vn -0.871035 0.491221 -0.000000
f 391/391/391 392/392/392 393/393/393
f 391/391/391 393/393/393 394/394/394
v -3.262276 5.700000 -0.760678
v -2.825214 4.925000 -0.658766
v -2.825214 4.925000 0.658766
v -3.262276 5.700000 0.760678
vt -3.262276 4.939322
vt -2.825214 4.266234
vt -2.825214 5.583766
vt -3.262276 6.460678
vn -0.871035 -0.491221 -0.000000
vn -0.871035 -0.491221 -0.000000
vn -0.871035 -0.491221 -0.000000
vn -0.871035 -0.491221 -0.000000
f 395/395/395 396/396/396 397/397/397
f 395/395/395 397/397/397 398/398/398
v -2.825214 4.925000 -0.658766
v -1.631138 4.357661 -0.380339
v -1.631138 4.357661 0.380339
v -2.825214 4.925000 0.658766
vt -2.825214 4.266234
vt -1.631138 3.977322
vt -1.631138 4.738000
vt -2.825214 5.583766
vn -0.429151 -0.903233 -0.000000
vn -0.429151 -0.903233 -0.000000
vn -0.429151 -0.903233 -0.000000
vn -0.429151 -0.903233 -0.000000
f 399/399/399 400/400/400 401/401/401
f 399/399/399 401/401/401 402/402/402
v 0.000000 7.250000 0.000000
v -1.631138 7.042339 0.380339
v -1.113263 7.042339 1.020262
vt 0.000000 7.250000
vt -1.631138 7.422678
vt -1.113263 8.062601
vn -0.106098 0.990642 0.085863
vn -0.106098 0.990642 0.085863
vn -0.106098 0.990642 0.085863
f 403/403/403 404/404/404 405/405/405
v 0.000000 4.150000 0.000000
v -1.113263 4.357661 1.020262
v -1.631138 4.357661 0.380339
vt 0.000000 4.150000
vt -1.113263 5.377923
vt -1.631138 4.738000
vn -0.106098 -0.990642 0.085863
vn -0.106098 -0.990642 0.085863
vn -0.106098 -0.990642 0.085863
f 406/406/406 407/407/407 408/408/408
v -1.631138 7.042339 0.380339
v -2.825214 6.475000 0.658766
v -1.928229 6.475000 1.767145
v -1.113263 7.042339 1.020262
vt -1.631138 7.422678
vt -2.825214 7.133766
vt -1.928229 8.242145
vt -1.113263 8.062601
vn -0.355465 0.889321 0.287669
vn -0.355465 0.889321 0.287669
vn -0.355465 0.889321 0.287669
vn -0.355465 0.889321 0.287669
f 409/409/409 410/410/410 411/411/411
f 409/409/409 411/411/411 412/412/412
v -2.825214 6.475000 0.658766
v -3.262276 5.700000 0.760678
v -2.226526 5.700000 2.040524
v -1.928229 6.475000 1.767145
vt -2.825214 7.133766
vt -3.262276 6.460678
vt -2.226526 7.740524
vt -1.928229 8.242145
vn -0.689356 0.462124 0.557880
vn -0.689356 0.462124 0.557880
vn -0.689356 0.462124 0.557880
vn -0.689356 0.462124 0.557880
f 413/413/413 414/414/414 415/415/415
f 413/413/413 415/415/415 416/416/416
v -3.262276 5.700000 0.760678
v -2.825214 4.925000 0.658766
v -1.928229 4.925000 1.767145
v -2.226526 5.700000 2.040524
vt -3.262276 6.460678
vt -2.825214 5.583766
vt -1.928229 6.692145
vt -2.226526 7.740524
vn -0.689356 -0.462124 0.557880
vn -0.689356 -0.462124 0.557880
vn -0.689356 -0.462124 0.557880
vn -0.689356 -0.462124 0.557880
f 417/417/417 418/418/418 419/419/419
f 417/417/417 419/419/419 420/420/420
v -2.825214 4.925000 0.658766
v -1.631138 4.357661 0.380339
v -1.113263 4.357661 1.020262
v -1.928229 4.925000 1.767145
vt -2.825214 5.583766
vt -1.631138 4.738000
vt -1.113263 5.377923
vt -1.928229 6.692145
vn -0.355465 -0.889321 0.287669
vn -0.355465 -0.889321 0.287669
vn -0.355465 -0.889321 0.287669
vn -0.355465 -0.889321 0.287669
f 421/421/421 422/422/422 423/423/423
f 421/421/421 423/423/423 424/424/424
v 0.000000 7.250000 0.000000
v -1.113263 7.042339 1.020262
v -0.241935 7.042339 1.336259
vt 0.000000 7.250000
vt -1.113263 8.062601
vt -0.241935 8.378598
vn -0.052262 0.988181 0.144106
vn -0.052262 0.988181 0.144106
vn -0.052262 0.988181 0.144106
f 425/425/425 426/426/426 427/427/427
v 0.000000 4.150000 0.000000
v -0.241935 4.357661 1.336259
v -1.113263 4.357661 1.020262
vt 0.000000 4.150000
vt -0.241935 5.693920
vt -1.113263 5.377923
vn -0.052262 -0.988181 0.144106
vn -0.052262 -0.988181 0.144106
vn -0.052262 -0.988181 0.144106
f 428/428/428 429/429/429 430/430/430
v -1.113263 7.042339 1.020262
v -1.928229 6.475000 1.767145
v -0.419044 6.475000 2.314468
v -0.241935 7.042339 1.336259
vt -1.113263 8.062601
vt -1.928229 8.242145
vt -0.419044 8.789468
vt -0.241935 8.378598
vn -0.170815 0.865434 0.471005
vn -0.170815 0.865434 0.471005
vn -0.170815 0.865434 0.471005
vn -0.170815 0.865434 0.471005
f 431/431/431 432/432/432 433/433/433
f 431/431/431 433/433/433 434/434/434
v -1.928229 6.475000 1.767145
v -2.226526 5.700000 2.040524
v -0.483870 5.700000 2.672518
v -0.419044 6.475000 2.314468
vt -1.928229 8.242145
vt -2.226526 7.740524
vt -0.483870 8.372518
vt -0.419044 8.789468
vn -0.309401 0.420030 0.853139
vn -0.309401 0.420030 0.853139
vn -0.309401 0.420030 0.853139
vn -0.309401 0.420030 0.853139
f 435/435/435 436/436/436 437/437/437
f 435/435/435 437/437/437 438/438/438
v -2.226526 5.700000 2.040524
v -1.928229 4.925000 1.767145
v -0.419044 4.925000 2.314468
v -0.483870 5.700000 2.672518
vt -2.226526 7.740524
vt -1.928229 6.692145
vt -0.419044 7.239468
vt -0.483870 8.372518
vn -0.309401 -0.420030 0.853139
vn -0.309401 -0.420030 0.853139
vn -0.309401 -0.420030 0.853139
vn -0.309401 -0.420030 0.853139
f 439/439/439 440/440/440 441/441/441
f 439/439/439 441/441/441 442/442/442
v -1.928229 4.925000 1.767145
v -1.113263 4.357661 1.020262
v -0.241935 4.357661 1.336259
v -0.419044 4.925000 2.314468
vt -1.928229 6.692145
vt -1.113263 5.377923
vt -0.241935 5.693920
vt -0.419044 7.239468
vn -0.170815 -0.865434 0.471005
vn -0.170815 -0.865434 0.471005
vn -0.170815 -0.865434 0.471005
vn -0.170815 -0.865434 0.471005
f 443/443/443 444/444/444 445/445/445
f 443/443/443 445/445/445 446/446/446
v 0.000000 7.250000 0.000000
v -0.241935 7.042339 1.336259
v 0.706206 7.042339 1.228003
vt 0.000000 7.250000
vt -0.241935 8.378598
vt 0.706206 8.270343
vn 0.017891 0.987484 0.156699
vn 0.017891 0.987484 0.156699
vn 0.017891 0.987484 0.156699
f 447/447/447 448/448/448 449/449/449
v 0.000000 4.150000 0.000000
v 0.706206 4.357661 1.228003
v -0.241935 4.357661 1.336259
vt 0.000000 4.150000
vt 0.706206 5.585664
vt -0.241935 5.693920
vn 0.017891 -0.987484 0.156699
vn 0.017891 -0.987484 0.156699
vn 0.017891 -0.987484 0.156699
f 450/450/450 451/451/451 452/452/452
v -0.241935 7.042339 1.336259
v -0.419044 6.475000 2.314468
v 1.223184 6.475000 2.126964
v 0.706206 7.042339 1.228003
vt -0.241935 8.378598
vt -0.419044 8.789468
vt 1.223184 8.601964
vt 0.706206 8.270343
vn 0.058082 0.858980 0.508705
vn 0.058082 0.858980 0.508705
vn 0.058082 0.858980 0.508705
vn 0.058082 0.858980 0.508705
f 453/453/453 454/454/454 455/455/455
f 453/453/453 455/455/455 456/456/456
v -0.419044 6.475000 2.314468
v -0.483870 5.700000 2.672518
v 1.412411 5.700000 2.456006
v 1.223184 6.475000 2.126964
vt -0.419044 8.789468
vt -0.483870 8.372518
vt 1.412411 8.156006
vt 1.223184 8.601964
vn 0.103467 0.410007 0.906195
vn 0.103467 0.410007 0.906195
vn 0.103467 0.410007 0.906195
vn 0.103467 0.410007 0.906195
f 457/457/457 458/458/458 459/459/459
f 457/457/457 459/459/459 460/460/460
v -0.483870 5.700000 2.672518
v -0.419044 4.925000 2.314468
v 1.223184 4.925000 2.126964
v 1.412411 5.700000 2.456006
vt -0.483870 8.372518
vt -0.419044 7.239468
vt 1.223184 7.051964
vt 1.412411 8.156006
vn 0.103467 -0.410007 0.906195
vn 0.103467 -0.410007 0.906195
vn 0.103467 -0.410007 0.906195
vn 0.103467 -0.410007 0.906195
f 461/461/461 462/462/462 463/463/463
f 461/461/461 463/463/463 464/464/464
v -0.419044 4.925000 2.314468
v -0.241935 4.357661 1.336259
v 0.706206 4.357661 1.228003
v 1.223184 4.925000 2.126964
vt -0.419044 7.239468
vt -0.241935 5.693920
vt 0.706206 5.585664
vt 1.223184 7.051964
vn 0.058082 -0.858980 0.508705
vn 0.058082 -0.858980 0.508705
vn 0.058082 -0.858980 0.508705
vn 0.058082 -0.858980 0.508705
f 465/465/465 466/466/466 467/467/467
f 465/465/465 467/467/467 468/468/468
v 0.000000 7.250000 0.000000
v 0.706206 7.042339 1.228003
v 1.430131 7.042339 0.729865
vt 0.000000 7.250000
vt 0.706206 8.270343
vt 1.430131 7.772204
vn 0.082483 0.989357 0.119870
vn 0.082483 0.989357 0.119870
vn 0.082483 0.989357 0.119870
f 469/469/469 470/470/470 471/471/471
v 0.000000 4.150000 0.000000
v 1.430131 4.357661 0.729865
v 0.706206 4.357661 1.228003
vt 0.000000 4.150000
vt 1.430131 5.087526
vt 0.706206 5.585664
vn 0.082483 -0.989357 0.119870
vn 0.082483 -0.989357 0.119870
vn 0.082483 -0.989357 0.119870
f 472/472/472 473/473/473 474/474/474
v 0.706206 7.042339 1.228003
v 1.223184 6.475000 2.126964
v 2.477060 6.475000 1.264163
v 1.430131 7.042339 0.729865
vt 0.706206 8.270343
vt 1.223184 8.601964
vt 2.477060 7.739163
vt 1.430131 7.772204
vn 0.272757 0.876630 0.396388
vn 0.272757 0.876630 0.396388
vn 0.272757 0.876630 0.396388
vn 0.272757 0.876630 0.396388
f 475/475/475 476/476/476 477/477/477
f 475/475/475 477/477/477 478/478/478
v 1.223184 6.475000 2.126964
v 1.412411 5.700000 2.456006
v 2.860262 5.700000 1.459730
v 2.477060 6.475000 1.264163
vt 1.223184 8.601964
vt 1.412411 8.156006
vt 2.860262 7.159730
vt 2.477060 7.739163
vn 0.509409 0.438692 0.740305
vn 0.509409 0.438692 0.740305
vn 0.509409 0.438692 0.740305
vn 0.509409 0.438692 0.740305
f 479/479/479 480/480/480 481/481/481
f 479/479/479 481/481/481 482/482/482
v 1.412411 5.700000 2.456006
v 1.223184 4.925000 2.126964
v 2.477060 4.925000 1.264163
v 2.860262 5.700000 1.459730
vt 1.412411 8.156006
vt 1.223184 7.051964
vt 2.477060 6.189163
vt 2.860262 7.159730
vn 0.509409 -0.438692 0.740305
vn 0.509409 -0.438692 0.740305
vn 0.509409 -0.438692 0.740305
vn 0.509409 -0.438692 0.740305
f 483/483/483 484/484/484 485/485/485
f 483/483/483 485/485/485 486/486/486
v 1.223184 4.925000 2.126964
v 0.706206 4.357661 1.228003
v 1.430131 4.357661 0.729865
v 2.477060 4.925000 1.264163
vt 1.223184 7.051964
vt 0.706206 5.585664
vt 1.430131 5.087526
vt 2.477060 6.189163
vn 0.272757 -0.876630 0.396388
vn 0.272757 -0.876630 0.396388
vn 0.272757 -0.876630 0.396388
vn 0.272757 -0.876630 0.396388
f 487/487/487 488/488/488 489/489/489
f 487/487/487 489/489/489 490/490/490
v 0.000000 7.250000 0.000000
v 1.430131 7.042339 0.729865
v 1.700000 7.042339 0.000000
vt 0.000000 7.250000
vt 1.430131 7.772204
vt 1.700000 7.042339
vn 0.121130 0.991626 0.044788
vn 0.121130 0.991626 0.044788
vn 0.121130 0.991626 0.044788
f 491/491/491 492/492/492 493/493/493
v 0.000000 4.150000 0.000000
v 1.700000 4.357661 0.000000
v 1.430131 4.357661 0.729865
vt 0.000000 4.150000
vt 1.700000 4.357661
vt 1.430131 5.087526
vn 0.121130 -0.991626 0.044788
vn 0.121130 -0.991626 0.044788
vn 0.121130 -0.991626 0.044788
f 494/494/494 495/495/495 496/496/496
v 1.430131 7.042339 0.729865
v 2.477060 6.475000 1.264163
v 2.944486 6.475000 0.000000
v 1.700000 7.042339 0.000000
vt 1.430131 7.772204
vt 2.477060 7.739163
vt 2.944486 6.475000
vt 1.700000 7.042339
vn 0.410016 0.899390 0.151604
vn 0.410016 0.899390 0.151604
vn 0.410016 0.899390 0.151604
vn 0.410016 0.899390 0.151604
f 497/497/497 498/498/498 499/499/499
f 497/497/497 499/499/499 500/500/500
v 2.477060 6.475000 1.264163
v 2.860262 5.700000 1.459730
v 3.400000 5.700000 0.000000
v 2.944486 6.475000 0.000000
vt 2.477060 7.739163
vt 2.860262 7.159730
vt 3.400000 5.700000
vt 2.944486 6.475000
vn 0.821391 0.482780 0.303711
vn 0.821391 0.482780 0.303711
vn 0.821391 0.482780 0.303711
vn 0.821391 0.482780 0.303711
f 501/501/501 502/502/502 503/503/503
f 501/501/501 503/503/503 504/504/504
v 2.860262 5.700000 1.459730
v 2.477060 4.925000 1.264163
v 2.944486 4.925000 0.000000
v 3.400000 5.700000 0.000000
vt 2.860262 7.159730
vt 2.477060 6.189163
vt 2.944486 4.925000
vt 3.400000 5.700000
vn 0.821391 -0.482780 0.303711
vn 0.821391 -0.482780 0.303711
vn 0.821391 -0.482780 0.303711
vn 0.821391 -0.482780 0.303711
f 505/505/505 506/506/506 507/507/507
f 505/505/505 507/507/507 508/508/508
v 2.477060 4.925000 1.264163
v 1.430131 4.357661 0.729865
v 1.700000 4.357661 0.000000
v 2.944486 4.925000 0.000000
vt 2.477060 6.189163
vt 1.430131 5.087526
vt 1.700000 4.357661
vt 2.944486 4.925000
vn 0.410016 -0.899390 0.151604
vn 0.410016 -0.899390 0.151604
vn 0.410016 -0.899390 0.151604
vn 0.410016 -0.899390 0.151604
f 509/509/509 510/510/510 511/511/511
f 509/509/509 511/511/511 512/512/512
v 0.200000 6.500000 2.000000
v 1.200000 6.366025 2.000000
v 1.041254 6.366025 1.513423
vt 0.200000 8.500000
vt 1.200000 8.366025
vt 1.041254 7.879449
vn 0.132664 0.990216 -0.043282
vn 0.132664 0.990216 -0.043282
vn 0.132664 0.990216 -0.043282
f 513/513/513 514/514/514 515/515/515
v 0.200000 4.500000 2.000000
v 1.041254 4.633975 1.513423
v 1.200000 4.633975 2.000000
vt 0.200000 6.500000
vt 1.041254 6.147398
vt 1.200000 6.633975
vn 0.132664 -0.990216 -0.043282
vn 0.132664 -0.990216 -0.043282
vn 0.132664 -0.990216 -0.043282
f 516/516/516 517/517/517 518/518/518
v 1.200000 6.366025 2.000000
v 1.932051 6.000000 2.000000
v 1.657094 6.000000 1.157224
v 1.041254 6.366025 1.513423
vt 1.200000 8.366025
vt 1.932051 8.000000
vt 1.657094 7.157224
vt 1.041254 7.879449
vn 0.442528 0.885056 -0.144376
vn 0.442528 0.885056 -0.144376
vn 0.442528 0.885056 -0.144376
vn 0.442528 0.885056 -0.144376
f 519/519/519 520/520/520 521/521/521
f 519/519/519 521/521/521 522/522/522
v 1.932051 6.000000 2.000000
v 2.200000 5.500000 2.000000
v 1.882507 5.500000 1.026847
v 1.657094 6.000000 1.157224
vt 1.932051 8.000000
vt 2.200000 7.500000
vt 1.882507 6.526847
vt 1.657094 7.157224
vn 0.847084 0.453951 -0.276363
vn 0.847084 0.453951 -0.276363
vn 0.847084 0.453951 -0.276363
vn 0.847084 0.453951 -0.276363
f 523/523/523 524/524/524 525/525/525
f 523/523/523 525/525/525 526/526/526
v 2.200000 5.500000 2.000000
v 1.932051 5.000000 2.000000
v 1.657094 5.000000 1.157224
v 1.882507 5.500000 1.026847
vt 2.200000 7.500000
vt 1.932051 7.000000
vt 1.657094 6.157224
vt 1.882507 6.526847
vn 0.847084 -0.453951 -0.276363
vn 0.847084 -0.453951 -0.276363
vn 0.847084 -0.453951 -0.276363
vn 0.847084 -0.453951 -0.276363
f 527/527/527 528/528/528 529/529/529
f 527/527/527 529/529/529 530/530/530
v 1.932051 5.000000 2.000000
v 1.200000 4.633975 2.000000
v 1.041254 4.633975 1.513423
v 1.657094 5.000000 1.157224
vt 1.932051 7.000000
vt 1.200000 6.633975
vt 1.041254 6.147398
vt 1.657094 6.157224
vn 0.442528 -0.885056 -0.144376
vn 0.442528 -0.885056 -0.144376
vn 0.442528 -0.885056 -0.144376
vn 0.442528 -0.885056 -0.144376
f 531/531/531 532/532/532 533/533/533
f 531/531/531 533/533/533 534/534/534
v 0.200000 6.500000 2.000000
v 1.041254 6.366025 1.513423
v 0.615415 6.366025 1.181331
vt 0.200000 8.500000
vt 1.041254 7.879449
vt 0.615415 7.547357
vn 0.090444 0.989126 -0.115976
vn 0.090444 0.989126 -0.115976
vn 0.090444 0.989126 -0.115976
f 535/535/535 536/536/536 537/537/537
v 0.200000 4.500000 2.000000
v 0.615415 4.633975 1.181331
v 1.041254 4.633975 1.513423
vt 0.200000 6.500000
vt 0.615415 5.815306
vt 1.041254 6.147398
vn 0.090444 -0.989126 -0.115976
vn 0.090444 -0.989126 -0.115976
vn 0.090444 -0.989126 -0.115976
f 538/538/538 539/539/539 540/540/540
v 1.041254 6.366025 1.513423
v 1.657094 6.000000 1.157224
v 0.919520 6.000000 0.582024
v 0.615415 6.366025 1.181331
vt 1.041254 7.879449
vt 1.657094 7.157224
vt 0.919520 6.582024
vt 0.615415 7.547357
vn 0.298390 0.874393 -0.382622
vn 0.298390 0.874393 -0.382622
vn 0.298390 0.874393 -0.382622
vn 0.298390 0.874393 -0.382622
f 541/541/541 542/542/542 543/543/543
f 541/541/541 543/543/543 544/544/544
v 1.657094 6.000000 1.157224
v 1.882507 5.500000 1.026847
v 1.030830 5.500000 0.362662
v 0.919520 6.000000 0.582024
vt 1.657094 7.157224
vt 1.882507 6.526847
vt 1.030830 5.862662
vt 0.919520 6.582024
vn 0.553781 0.434824 -0.710109
vn 0.553781 0.434824 -0.710109
vn 0.553781 0.434824 -0.710109
vn 0.553781 0.434824 -0.710109
f 545/545/545 546/546/546 547/547/547
f 545/545/545 547/547/547 548/548/548
v 1.882507 5.500000 1.026847
v 1.657094 5.000000 1.157224
v 0.919520 5.000000 0.582024
v 1.030830 5.500000 0.362662
vt 1.882507 6.526847
vt 1.657094 6.157224
vt 0.919520 5.582024
vt 1.030830 5.862662
vn 0.553781 -0.434824 -0.710109
vn 0.553781 -0.434824 -0.710109
vn 0.553781 -0.434824 -0.710109
vn 0.553781 -0.434824 -0.710109
f 549/549/549 550/550/550 551/551/551
f 549/549/549 551/551/551 552/552/552
v 1.657094 5.000000 1.157224
v 1.041254 4.633975 1.513423
v 0.615415 4.633975 1.181331
v 0.919520 5.000000 0.582024
vt 1.657094 6.157224
vt 1.041254 6.147398
vt 0.615415 5.815306
vt 0.919520 5.582024
vn 0.298390 -0.874393 -0.382622
vn 0.298390 -0.874393 -0.382622
vn 0.298390 -0.874393 -0.382622
vn 0.298390 -0.874393 -0.382622
f 553/553/553 554/554/554 555/555/555
f 553/553/553 555/555/555 556/556/556
v 0.200000 6.500000 2.000000
v 0.615415 6.366025 1.181331
v 0.057685 6.366025 1.109161
vt 0.200000 8.500000
vt 0.615415 7.547357
vt 0.057685 7.475186
vn 0.019637 0.988223 -0.151757
vn 0.019637 0.988223 -0.151757
vn 0.019637 0.988223 -0.151757
f 557/557/557 558/558/558 559/559/559
v 0.200000 4.500000 2.000000
v 0.057685 4.633975 1.109161
v 0.615415 4.633975 1.181331
vt 0.200000 6.500000
vt 0.057685 5.743135
vt 0.615415 5.815306
vn 0.019637 -0.988223 -0.151757
vn 0.019637 -0.988223 -0.151757
vn 0.019637 -0.988223 -0.151757
f 560/560/560 561/561/561 562/562/562
v 0.615415 6.366025 1.181331
v 0.919520 6.000000 0.582024
v -0.046497 6.000000 0.457021
v 0.057685 6.366025 1.109161
vt 0.615415 7.547357
vt 0.919520 6.582024
vt -0.046497 6.457021
vt 0.057685 7.475186
vn 0.064211 0.865821 -0.496216
vn 0.064211 0.865821 -0.496216
vn 0.064211 0.865821 -0.496216
vn 0.064211 0.865821 -0.496216
f 563/563/563 564/564/564 565/565/565
f 563/563/563 565/565/565 566/566/566
v 0.919520 6.000000 0.582024
v 1.030830 5.500000 0.362662
v -0.084630 5.500000 0.218321
v -0.046497 6.000000 0.457021
vt 0.919520 6.582024
vt 1.030830 5.862662
vt -0.084630 5.718321
vt -0.046497 6.457021
vn 0.116425 0.420648 -0.899723
vn 0.116425 0.420648 -0.899723
vn 0.116425 0.420648 -0.899723
vn 0.116425 0.420648 -0.899723
f 567/567/567 568/568/568 569/569/569
f 567/567/567 569/569/569 570/570/570
v 1.030830 5.500000 0.362662
v 0.919520 5.000000 0.582024
v -0.046497 5.000000 0.457021
v -0.084630 5.500000 0.218321
vt 1.030830 5.862662
vt 0.919520 5.582024
vt -0.046497 5.457021
vt -0.084630 5.718321
vn 0.116425 -0.420648 -0.899723
vn 0.116425 -0.420648 -0.899723
vn 0.116425 -0.420648 -0.899723
vn 0.116425 -0.420648 -0.899723
f 571/571/571 572/572/572 573/573/573
f 571/571/571 573/573/573 574/574/574
v 0.919520 5.000000 0.582024
v 0.615415 4.633975 1.181331
v 0.057685 4.633975 1.109161
v -0.046497 5.000000 0.457021
vt 0.919520 5.582024
vt 0.615415 5.815306
vt 0.057685 5.743135
vt -0.046497 5.457021
vn 0.064211 -0.865821 -0.496216
vn 0.064211 -0.865821 -0.496216
vn 0.064211 -0.865821 -0.496216
vn 0.064211 -0.865821 -0.496216
f 575/575/575 576/576/576 577/577/577
f 575/575/575 577/577/577 578/578/578
v 0.200000 6.500000 2.000000
v 0.057685 6.366025 1.109161
v -0.454861 6.366025 1.319825
vt 0.200000 8.500000
vt 0.057685 7.475186
vt -0.454861 7.685851
vn -0.057341 0.988559 -0.139510
vn -0.057341 0.988559 -0.139510
vn -0.057341 0.988559 -0.139510
f 579/579/579 580/580/580 581/581/581
v 0.200000 4.500000 2.000000
v -0.454861 4.633975 1.319825
v 0.057685 4.633975 1.109161
vt 0.200000 6.500000
vt -0.454861 5.953800
vt 0.057685 5.743135
vn -0.057341 -0.988559 -0.139510
vn -0.057341 -0.988559 -0.139510
vn -0.057341 -0.988559 -0.139510
f 582/582/582 583/583/583 584/584/584
v 0.057685 6.366025 1.109161
v -0.046497 6.000000 0.457021
v -0.934252 6.000000 0.821903
v -0.454861 6.366025 1.319825
vt 0.057685 7.475186
vt -0.046497 6.457021
vt -0.934252 6.821903
vt -0.454861 7.685851
vn -0.188115 0.868987 -0.457683
vn -0.188115 0.868987 -0.457683
vn -0.188115 0.868987 -0.457683
vn -0.188115 0.868987 -0.457683
f 585/585/585 586/586/586 587/587/587
f 585/585/585 587/587/587 588/588/588
v -0.046497 6.000000 0.457021
v -0.084630 5.500000 0.218321
v -1.109721 5.500000 0.639651
v -0.934252 6.000000 0.821903
vt -0.046497 6.457021
vt -0.084630 5.718321
vt -1.109721 6.139651
vt -0.934252 6.821903
vn -0.343979 0.425769 -0.836899
vn -0.343979 0.425769 -0.836899
vn -0.343979 0.425769 -0.836899
vn -0.343979 0.425769 -0.836899
f 589/589/589 590/590/590 591/591/591
f 589/589/589 591/591/591 592/592/592
v -0.084630 5.500000 0.218321
v -0.046497 5.000000 0.457021
v -0.934252 5.000000 0.821903
v -1.109721 5.500000 0.639651
vt -0.084630 5.718321
vt -0.046497 5.457021
vt -0.934252 5.821903
vt -1.109721 6.139651
vn -0.343979 -0.425769 -0.836899
vn -0.343979 -0.425769 -0.836899
vn -0.343979 -0.425769 -0.836899
vn -0.343979 -0.425769 -0.836899
f 593/593/593 594/594/594 595/595/595
f 593/593/593 595/595/595 596/596/596
v -0.046497 5.000000 0.457021
v 0.057685 4.633975 1.109161
v -0.454861 4.633975 1.319825
v -0.934252 5.000000 0.821903
vt -0.046497 5.457021
vt 0.057685 5.743135
vt -0.454861 5.953800
vt -0.934252 5.821903
vn -0.188115 -0.868987 -0.457683
vn -0.188115 -0.868987 -0.457683
vn -0.188115 -0.868987 -0.457683
vn -0.188115 -0.868987 -0.457683
f 597/597/597 598/598/598 599/599/599
f 597/597/597 599/599/599 600/600/600
v 0.200000 6.500000 2.000000
v -0.454861 6.366025 1.319825
v -0.759493 6.366025 1.746441
vt 0.200000 8.500000
vt -0.454861 7.685851
vt -0.759493 8.112466
vn -0.116260 0.989743 -0.083017
vn -0.116260 0.989743 -0.083017
vn -0.116260 0.989743 -0.083017
f 601/601/601 602/602/602 603/603/603
v 0.200000 4.500000 2.000000
v -0.759493 4.633975 1.746441
v -0.454861 4.633975 1.319825
vt 0.200000 6.500000
vt -0.759493 6.380415
vt -0.454861 5.953800
vn -0.116260 -0.989743 -0.083017
vn -0.116260 -0.989743 -0.083017
vn -0.116260 -0.989743 -0.083017
f 604/604/604 605/605/605 606/606/606
v -0.454861 6.366025 1.319825
v -0.934252 6.000000 0.821903
v -1.461891 6.000000 1.560822
v -0.759493 6.366025 1.746441
vt -0.454861 7.685851
vt -0.934252 6.821903
vt -1.461891 7.560822
vt -0.759493 8.112466
vn -0.385950 0.880392 -0.275595
vn -0.385950 0.880392 -0.275595
vn -0.385950 0.880392 -0.275595
vn -0.385950 0.880392 -0.275595
f 607/607/607 608/608/608 609/609/609
f 607/607/607 609/609/609 610/610/610
v -0.934252 6.000000 0.821903
v -1.109721 5.500000 0.639651
v -1.718986 5.500000 1.492881
v -1.461891 6.000000 1.560822
vt -0.934252 6.821903
vt -1.109721 6.139651
vt -1.718986 6.992881
vt -1.461891 7.560822
vn -0.728650 0.445366 -0.520306
vn -0.728650 0.445366 -0.520306
vn -0.728650 0.445366 -0.520306
vn -0.728650 0.445366 -0.520306
f 611/611/611 612/612/612 613/613/613
f 611/611/611 613/613/613 614/614/614
v -1.109721 5.500000 0.639651
v -0.934252 5.000000 0.821903
v -1.461891 5.000000 1.560822
v -1.718986 5.500000 1.492881
vt -1.109721 6.139651
vt -0.934252 5.821903
vt -1.461891 6.560822
vt -1.718986 6.992881
vn -0.728650 -0.445366 -0.520306
vn -0.728650 -0.445366 -0.520306
vn -0.728650 -0.445366 -0.520306
vn -0.728650 -0.445366 -0.520306
f 615/615/615 616/616/616 617/617/617
f 615/615/615 617/617/617 618/618/618
v -0.934252 5.000000 0.821903
v -0.454861 4.633975 1.319825
v -0.759493 4.633975 1.746441
v -1.461891 5.000000 1.560822
vt -0.934252 5.821903
vt -0.454861 5.953800
vt -0.759493 6.380415
vt -1.461891 6.560822
vn -0.385950 -0.880392 -0.275595
vn -0.385950 -0.880392 -0.275595
vn -0.385950 -0.880392 -0.275595
vn -0.385950 -0.880392 -0.275595
f 619/619/619 620/620/620 621/621/621
f 619/619/619 621/621/621 622/622/622
v 0.200000 6.500000 2.000000
v -0.759493 6.366025 1.746441
v -0.759493 6.366025 2.253559
vt 0.200000 8.500000
vt -0.759493 8.112466
vt -0.759493 8.619585
vn -0.138289 0.990392 0.000000
vn -0.138289 0.990392 0.000000
vn -0.138289 0.990392 0.000000
f 623/623/623 624/624/624 625/625/625
v 0.200000 4.500000 2.000000
v -0.759493 4.633975 2.253559
v -0.759493 4.633975 1.746441
vt 0.200000 6.500000
vt -0.759493 6.887534
vt -0.759493 6.380415
vn -0.138289 -0.990392 0.000000
vn -0.138289 -0.990392 0.000000
vn -0.138289 -0.990392 0.000000
f 626/626/626 627/627/627 628/628/628
v -0.759493 6.366025 1.746441
v -1.461891 6.000000 1.560822
v -1.461891 6.000000 2.439178
v -0.759493 6.366025 2.253559
vt -0.759493 8.112466
vt -1.461891 7.560822
vt -1.461891 8.439178
vt -0.759493 8.619585
vn -0.462126 0.886814 -0.000000
vn -0.462126 0.886814 -0.000000
vn -0.462126 0.886814 -0.000000
vn -0.462126 0.886814 -0.000000
f 629/629/629 630/630/630 631/631/631
f 629/629/629 631/631/631 632/632/632
v -1.461891 6.000000 1.560822
v -1.718986 5.500000 1.492881
v -1.718986 5.500000 2.507119
v -1.461891 6.000000 2.439178
vt -1.461891 7.560822
vt -1.718986 6.992881
vt -1.718986 8.007119
vt -1.461891 8.439178
vn -0.889322 0.457281 -0.000000
vn -0.889322 0.457281 -0.000000
vn -0.889322 0.457281 -0.000000
vn -0.889322 0.457281 -0.000000
f 633/633/633 634/634/634 635/635/635
f 633/633/633 635/635/635 636/636/636
v -1.718986 5.500000 1.492881
v -1.461891 5.000000 1.560822
v -1.461891 5.000000 2.439178
v -1.718986 5.500000 2.507119
vt -1.718986 6.992881
vt -1.461891 6.560822
vt -1.461891 7.439178
vt -1.718986 8.007119
vn -0.889322 -0.457281 -0.000000
vn -0.889322 -0.457281 -0.000000
vn -0.889322 -0.457281 -0.000000
vn -0.889322 -0.457281 -0.000000
f 637/637/637 638/638/638 639/639/639
f 637/637/637 639/639/639 640/640/640
v -1.461891 5.000000 1.560822
v -0.759493 4.633975 1.746441
v -0.759493 4.633975 2.253559
v -1.461891 5.000000 2.439178
vt -1.461891 6.560822
vt -0.759493 6.380415
vt -0.759493 6.887534
vt -1.461891 7.439178
vn -0.462126 -0.886814 0.000000
vn -0.462126 -0.886814 0.000000
vn -0.462126 -0.886814 0.000000
vn -0.462126 -0.886814 0.000000
f 641/641/641 642/642/642 643/643/643
f 641/641/641 643/643/643 644/644/644
v 0.200000 6.500000 2.000000
v -0.759493 6.366025 2.253559
v -0.454861 6.366025 2.680175
vt 0.200000 8.500000
vt -0.759493 8.619585
vt -0.454861 9.046200
vn -0.116260 0.989743 0.083017
vn -0.116260 0.989743 0.083017
vn -0.116260 0.989743 0.083017
f 645/645/645 646/646/646 647/647/647
v 0.200000 4.500000 2.000000
v -0.454861 4.633975 2.680175
v -0.759493 4.633975 2.253559
vt 0.200000 6.500000
vt -0.454861 7.314149
vt -0.759493 6.887534
vn -0.116260 -0.989743 0.083017
vn -0.116260 -0.989743 0.083017
vn -0.116260 -0.989743 0.083017
f 648/648/648 649/649/649 650/650/650
v -0.759493 6.366025 2.253559
v -1.461891 6.000000 2.439178
v -0.934252 6.000000 3.178097
v -0.454861 6.366025 2.680175
vt -0.759493 8.619585
vt -1.461891 8.439178
vt -0.934252 9.178097
vt -0.454861 9.046200
vn -0.385950 0.880392 0.275595
vn -0.385950 0.880392 0.275595
vn -0.385950 0.880392 0.275595
vn -0.385950 0.880392 0.275595
f 651/651/651 652/652/652 653/653/653
f 651/651/651 653/653/653 654/654/654
v -1.461891 6.000000 2.439178
v -1.718986 5.500000 2.507119
v -1.109721 5.500000 3.360349
v -0.934252 6.000000 3.178097
vt -1.461891 8.439178
vt -1.718986 8.007119
vt -1.109721 8.860349
vt -0.934252 9.178097
vn -0.728650 0.445366 0.520306
vn -0.728650 0.445366 0.520306
vn -0.728650 0.445366 0.520306
vn -0.728650 0.445366 0.520306
f 655/655/655 656/656/656 657/657/657
f 655/655/655 657/657/657 658/658/658
v -1.718986 5.500000 2.507119
v -1.461891 5.000000 2.439178
v -0.934252 5.000000 3.178097
v -1.109721 5.500000 3.360349
vt -1.718986 8.007119
vt -1.461891 7.439178
vt -0.934252 8.178097
vt -1.109721 8.860349
vn -0.728650 -0.445366 0.520306
vn -0.728650 -0.445366 0.520306
vn -0.728650 -0.445366 0.520306
vn -0.728650 -0.445366 0.520306
f 659/659/659 660/660/660 661/661/661
f 659/659/659 661/661/661 662/662/662
v -1.461891 5.000000 2.439178
v -0.759493 4.633975 2.253559
v -0.454861 4.633975 2.680175
v -0.934252 5.000000 3.178097
vt -1.461891 7.439178
vt -0.759493 6.887534
vt -0.454861 7.314149
vt -0.934252 8.178097
vn -0.385950 -0.880392 0.275595
vn -0.385950 -0.880392 0.275595
vn -0.385950 -0.880392 0.275595
vn -0.385950 -0.880392 0.275595
f 663/663/663 664/664/664 665/665/665
f 663/663/663 665/665/665 666/666/666
v 0.200000 6.500000 2.000000
v -0.454861 6.366025 2.680175
v 0.057685 6.366025 2.890839
vt 0.200000 8.500000
vt -0.454861 9.046200
vt 0.057685 9.256865
vn -0.057341 0.988559 0.139510
vn -0.057341 0.988559 0.139510
vn -0.057341 0.988559 0.139510
f 667/667/667 668/668/668 669/669/669
v 0.200000 4.500000 2.000000
v 0.057685 4.633975 2.890839
v -0.454861 4.633975 2.680175
vt 0.200000 6.500000
vt 0.057685 7.524814
vt -0.454861 7.314149
vn -0.057341 -0.988559 0.139510
vn -0.057341 -0.988559 0.139510
vn -0.057341 -0.988559 0.139510
f 670/670/670 671/671/671 672/672/672
v -0.454861 6.366025 2.680175
v -0.934252 6.000000 3.178097
v -0.046497 6.000000 3.542979
v 0.057685 6.366025 2.890839
vt -0.454861 9.046200
vt -0.934252 9.178097
vt -0.046497 9.542979
vt 0.057685 9.256865
vn -0.188115 0.868987 0.457683
vn -0.188115 0.868987 0.457683
vn -0.188115 0.868987 0.457683
vn -0.188115 0.868987 0.457683
f 673/673/673 674/674/674 675/675/675
f 673/673/673 675/675/675 676/676/676
v -0.934252 6.000000 3.178097
v -1.109721 5.500000 3.360349
v -0.084630 5.500000 3.781679
v -0.046497 6.000000 3.542979
vt -0.934252 9.178097
vt -1.109721 8.860349
vt -0.084630 9.281679
vt -0.046497 9.542979
vn -0.343979 0.425769 0.836899
vn -0.343979 0.425769 0.836899
vn -0.343979 0.425769 0.836899
vn -0.343979 0.425769 0.836899
f 677/677/677 678/678/678 679/679/679
f 677/677/677 679/679/679 680/680/680
v -1.109721 5.500000 3.360349
v -0.934252 5.000000 3.178097
v -0.046497 5.000000 3.542979
v -0.084630 5.500000 3.781679
vt -1.109721 8.860349
vt -0.934252 8.178097
vt -0.046497 8.542979
vt -0.084630 9.281679
vn -0.343979 -0.425769 0.836899
vn -0.343979 -0.425769 0.836899
vn -0.343979 -0.425769 0.836899
vn -0.343979 -0.425769 0.836899
f 681/681/681 682/682/682 683/683/683
f 681/681/681 683/683/683 684/684/684
v -0.934252 5.000000 3.178097
v -0.454861 4.633975 2.680175
v 0.057685 4.633975 2.890839
v -0.046497 5.000000 3.542979
vt -0.934252 8.178097
vt -0.454861 7.314149
vt 0.057685 7.524814
vt -0.046497 8.542979
vn -0.188115 -0.868987 0.457683
vn -0.188115 -0.868987 0.457683
vn -0.188115 -0.868987 0.457683
vn -0.188115 -0.868987 0.457683
f 685/685/685 686/686/686 687/687/687
f 685/685/685 687/687/687 688/688/688
v 0.200000 6.500000 2.000000
v 0.057685 6.366025 2.890839
v 0.615415 6.366025 2.818669
vt 0.200000 8.500000
vt 0.057685 9.256865
vt 0.615415 9.184694
vn 0.019637 0.988223 0.151757
vn 0.019637 0.988223 0.151757
vn 0.019637 0.988223 0.151757
f 689/689/689 690/690/690 691/691/691
v 0.200000 4.500000 2.000000
v 0.615415 4.633975 2.818669
v 0.057685 4.633975 2.890839
vt 0.200000 6.500000
vt 0.615415 7.452643
vt 0.057685 7.524814
vn 0.019637 -0.988223 0.151757
vn 0.019637 -0.988223 0.151757
vn 0.019637 -0.988223 0.151757
f 692/692/692 693/693/693 694/694/694
v 0.057685 6.366025 2.890839
v -0.046497 6.000000 3.542979
v 0.919520 6.000000 3.417976
v 0.615415 6.366025 2.818669
vt 0.057685 9.256865
vt -0.046497 9.542979
vt 0.919520 9.417976
vt 0.615415 9.184694
vn 0.064211 0.865821 0.496216
vn 0.064211 0.865821 0.496216
vn 0.064211 0.865821 0.496216
vn 0.064211 0.865821 0.496216
f 695/695/695 696/696/696 697/697/697
f 695/695/695 697/697/697 698/698/698
v -0.046497 6.000000 3.542979
v -0.084630 5.500000 3.781679
v 1.030830 5.500000 3.637338
v 0.919520 6.000000 3.417976
vt -0.046497 9.542979
vt -0.084630 9.281679
vt 1.030830 9.137338
vt 0.919520 9.417976
vn 0.116425 0.420648 0.899723
vn 0.116425 0.420648 0.899723
vn 0.116425 0.420648 0.899723
vn 0.116425 0.420648 0.899723
f 699/699/699 700/700/700 701/701/701
f 699/699/699 701/701/701 702/702/702
v -0.084630 5.500000 3.781679
v -0.046497 5.000000 3.542979
v 0.919520 5.000000 3.417976
v 1.030830 5.500000 3.637338
vt -0.084630 9.281679
vt -0.046497 8.542979
vt 0.919520 8.417976
vt 1.030830 9.137338
vn 0.116425 -0.420648 0.899723
vn 0.116425 -0.420648 0.899723
vn 0.116425 -0.420648 0.899723
vn 0.116425 -0.420648 0.899723
f 703/703/703 704/704/704 705/705/705
f 703/703/703 705/705/705 706/706/706
v -0.046497 5.000000 3.542979
v 0.057685 4.633975 2.890839
v 0.615415 4.633975 2.818669
v 0.919520 5.000000 3.417976
vt -0.046497 8.542979
vt 0.057685 7.524814
vt 0.615415 7.452643
vt 0.919520 8.417976
vn 0.064211 -0.865821 0.496216
vn 0.064211 -0.865821 0.496216
vn 0.064211 -0.865821 0.496216
vn 0.064211 -0.865821 0.496216
f 707/707/707 708/708/708 709/709/709
f 707/707/707 709/709/709 710/710/710
v 0.200000 6.500000 2.000000
v 0.615415 6.366025 2.818669
v 1.041254 6.366025 2.486577
vt 0.200000 8.500000
vt 0.615415 9.184694
vt 1.041254 8.852602
vn 0.090444 0.989126 0.115976
vn 0.090444 0.989126 0.115976
vn 0.090444 0.989126 0.115976
f 711/711/711 712/712/712 713/713/713
v 0.200000 4.500000 2.000000
v 1.041254 4.633975 2.486577
v 0.615415 4.633975 2.818669
vt 0.200000 6.500000
vt 1.041254 7.120551
vt 0.615415 7.452643
vn 0.090444 -0.989126 0.115976
vn 0.090444 -0.989126 0.115976
vn 0.090444 -0.989126 0.115976
f 714/714/714 715/715/715 716/716/716
v 0.615415 6.366025 2.818669
v 0.919520 6.000000 3.417976
v 1.657094 6.000000 2.842776
v 1.041254 6.366025 2.486577
vt 0.615415 9.184694
vt 0.919520 9.417976
vt 1.657094 8.842776
vt 1.041254 8.852602
vn 0.298390 0.874393 0.382622
vn 0.298390 0.874393 0.382622
vn 0.298390 0.874393 0.382622
vn 0.298390 0.874393 0.382622
f 717/717/717 718/718/718 719/719/719
f 717/717/717 719/719/719 720/720/720
v 0.919520 6.000000 3.417976
v 1.030830 5.500000 3.637338
v 1.882507 5.500000 2.973153
v 1.657094 6.000000 2.842776
vt 0.919520 9.417976
vt 1.030830 9.137338
vt 1.882507 8.473153
vt 1.657094 8.842776
vn 0.553781 0.434824 0.710109
vn 0.553781 0.434824 0.710109
vn 0.553781 0.434824 0.710109
vn 0.553781 0.434824 0.710109
f 721/721/721 722/722/722 723/723/723
f 721/721/721 723/723/723 724/724/724
v 1.030830 5.500000 3.637338
v 0.919520 5.000000 3.417976
v 1.657094 5.000000 2.842776
v 1.882507 5.500000 2.973153
vt 1.030830 9.137338
vt 0.919520 8.417976
vt 1.657094 7.842776
vt 1.882507 8.473153
vn 0.553781 -0.434824 0.710109
vn 0.553781 -0.434824 0.710109
vn 0.553781 -0.434824 0.710109
vn 0.553781 -0.434824 0.710109
f 725/725/725 726/726/726 727/727/727
f 725/725/725 727/727/727 728/728/728
v 0.919520 5.000000 3.417976
v 0.615415 4.633975 2.818669
v 1.041254 4.633975 2.486577
v 1.657094 5.000000 2.842776
vt 0.919520 8.417976
vt 0.615415 7.452643
vt 1.041254 7.120551
vt 1.657094 7.842776
vn 0.298390 -0.874393 0.382622
vn 0.298390 -0.874393 0.382622
vn 0.298390 -0.874393 0.382622
vn 0.298390 -0.874393 0.382622
f 729/729/729 730/730/730 731/731/731
f 729/729/729 731/731/731 732/732/732
v 0.200000 6.500000 2.000000
v 1.041254 6.366025 2.486577
v 1.200000 6.366025 2.000000
vt 0.200000 8.500000
vt 1.041254 8.852602
vt 1.200000 8.366025
vn 0.132664 0.990216 0.043282
vn 0.132664 0.990216 0.043282
vn 0.132664 0.990216 0.043282
f 733/733/733 734/734/734 735/735/735
v 0.200000 4.500000 2.000000
v 1.200000 4.633975 2.000000
v 1.041254 4.633975 2.486577
vt 0.200000 6.500000
vt 1.200000 6.633975
vt 1.041254 7.120551
vn 0.132664 -0.990216 0.043282
vn 0.132664 -0.990216 0.043282
vn 0.132664 -0.990216 0.043282
f 736/736/736 737/737/737 738/738/738
v 1.041254 6.366025 2.486577
v 1.657094 6.000000 2.842776
v 1.932051 6.000000 2.000000
v 1.200000 6.366025 2.000000
vt 1.041254 8.852602
vt 1.657094 8.842776
vt 1.932051 8.000000
vt 1.200000 8.366025
vn 0.442528 0.885056 0.144376
vn 0.442528 0.885056 0.144376
vn 0.442528 0.885056 0.144376
vn 0.442528 0.885056 0.144376
f 739/739/739 740/740/740 741/741/741
f 739/739/739 741/741/741 742/742/742
v 1.657094 6.000000 2.842776
v 1.882507 5.500000 2.973153
v 2.200000 5.500000 2.000000
v 1.932051 6.000000 2.000000
vt 1.657094 8.842776
vt 1.882507 8.473153
vt 2.200000 7.500000
vt 1.932051 8.000000
vn 0.847084 0.453951 0.276363
vn 0.847084 0.453951 0.276363
vn 0.847084 0.453951 0.276363
vn 0.847084 0.453951 0.276363
f 743/743/743 744/744/744 745/745/745
f 743/743/743 745/745/745 746/746/746
v 1.882507 5.500000 2.973153
v 1.657094 5.000000 2.842776
v 1.932051 5.000000 2.000000
v 2.200000 5.500000 2.000000
vt 1.882507 8.473153
vt 1.657094 7.842776
vt 1.932051 7.000000
vt 2.200000 7.500000
vn 0.847084 -0.453951 0.276363
vn 0.847084 -0.453951 0.276363
vn 0.847084 -0.453951 0.276363
vn 0.847084 -0.453951 0.276363
f 747/747/747 748/748/748 749/749/749
f 747/747/747 749/749/749 750/750/750
v 1.657094 5.000000 2.842776
v 1.041254 4.633975 2.486577
v 1.200000 4.633975 2.000000
v 1.932051 5.000000 2.000000
vt 1.657094 7.842776
vt 1.041254 7.120551
vt 1.200000 6.633975
vt 1.932051 7.000000
vn 0.442528 -0.885056 0.144376
vn 0.442528 -0.885056 0.144376
vn 0.442528 -0.885056 0.144376
vn 0.442528 -0.885056 0.144376
f 751/751/751 752/752/752 753/753/753
f 751/751/751 753/753/753 754/754/754
usemtl leaf
v -2.200000 6.700000 -0.600000
v -1.200000 6.545929 -0.600000
v -1.358746 6.545929 -1.086577
vt -2.200000 6.100000
vt -1.200000 5.945929
vt -1.358746 5.459352
vn 0.152086 0.987121 -0.049618
vn 0.152086 0.987121 -0.049618
vn 0.152086 0.987121 -0.049618
f 755/755/755 756/756/756 757/757/757
v -2.200000 4.400000 -0.600000
v -1.358746 4.554071 -1.086577
v -1.200000 4.554071 -0.600000
vt -2.200000 3.800000
vt -1.358746 3.467494
vt -1.200000 3.954071
vn 0.152086 -0.987121 -0.049618
vn 0.152086 -0.987121 -0.049618
vn 0.152086 -0.987121 -0.049618
f 758/758/758 759/759/759 760/760/760
v -1.200000 6.545929 -0.600000
v -0.467949 6.125000 -0.600000
v -0.742906 6.125000 -1.442776
v -1.358746 6.545929 -1.086577
vt -1.200000 5.945929
vt -0.467949 5.525000
vt -0.742906 4.682224
vt -1.358746 5.459352
vn 0.492007 0.855665 -0.160518
vn 0.492007 0.855665 -0.160518
vn 0.492007 0.855665 -0.160518
vn 0.492007 0.855665 -0.160518
f 761/761/761 762/762/762 763/763/763
f 761/761/761 763/763/763 764/764/764
v -0.467949 6.125000 -0.600000
v -0.200000 5.550000 -0.600000
v -0.517493 5.550000 -1.573153
v -0.742906 6.125000 -1.442776
vt -0.467949 5.525000
vt -0.200000 4.950000
vt -0.517493 3.976847
vt -0.742906 4.682224
vn 0.869206 0.405049 -0.283580
vn 0.869206 0.405049 -0.283580
vn 0.869206 0.405049 -0.283580
vn 0.869206 0.405049 -0.283580
f 765/765/765 766/766/766 767/767/767
f 765/765/765 767/767/767 768/768/768
v -0.200000 5.550000 -0.600000
v -0.467949 4.975000 -0.600000
v -0.742906 4.975000 -1.442776
v -0.517493 5.550000 -1.573153
vt -0.200000 4.950000
vt -0.467949 4.375000
vt -0.742906 3.532224
vt -0.517493 3.976847
vn 0.869206 -0.405049 -0.283580
vn 0.869206 -0.405049 -0.283580
vn 0.869206 -0.405049 -0.283580
vn 0.869206 -0.405049 -0.283580
f 769/769/769 770/770/770 771/771/771
f 769/769/769 771/771/771 772/772/772
v -0.467949 4.975000 -0.600000
v -1.200000 4.554071 -0.600000
v -1.358746 4.554071 -1.086577
v -0.742906 4.975000 -1.442776
vt -0.467949 4.375000
vt -1.200000 3.954071
vt -1.358746 3.467494
vt -0.742906 3.532224
vn 0.492007 -0.855665 -0.160518
vn 0.492007 -0.855665 -0.160518
vn 0.492007 -0.855665 -0.160518
vn 0.492007 -0.855665 -0.160518
f 773/773/773 774/774/774 775/775/775
f 773/773/773 775/775/775 776/776/776
v -2.200000 6.700000 -0.600000
v -1.358746 6.545929 -1.086577
v -1.784585 6.545929 -1.418669
vt -2.200000 6.100000
vt -1.358746 5.459352
vt -1.784585 5.127260
vn 0.103650 0.985694 -0.132909
vn 0.103650 0.985694 -0.132909
vn 0.103650 0.985694 -0.132909
f 777/777/777 778/778/778 779/779/779
v -2.200000 4.400000 -0.600000
v -1.784585 4.554071 -1.418669
v -1.358746 4.554071 -1.086577
vt -2.200000 3.800000
vt -1.784585 3.135402
vt -1.358746 3.467494
vn 0.103650 -0.985694 -0.132909
vn 0.103650 -0.985694 -0.132909
vn 0.103650 -0.985694 -0.132909
f 780/780/780 781/781/781 782/782/782
v -1.358746 6.545929 -1.086577
v -0.742906 6.125000 -1.442776
v -1.480480 6.125000 -2.017976
v -1.784585 6.545929 -1.418669
vt -1.358746 5.459352
vt -0.742906 4.682224
vt -1.480480 4.107024
vt -1.784585 5.127260
vn 0.330819 0.842976 -0.424206
vn 0.330819 0.842976 -0.424206
vn 0.330819 0.842976 -0.424206
vn 0.330819 0.842976 -0.424206
f 783/783/783 784/784/784 785/785/785
f 783/783/783 785/785/785 786/786/786
v -0.742906 6.125000 -1.442776
v -0.517493 5.550000 -1.573153
v -1.369170 5.550000 -2.237338
v -1.480480 6.125000 -2.017976
vt -0.742906 4.682224
vt -0.517493 3.976847
vt -1.369170 3.312662
vt -1.480480 4.107024
vn 0.567007 0.387138 -0.727068
vn 0.567007 0.387138 -0.727068
vn 0.567007 0.387138 -0.727068
vn 0.567007 0.387138 -0.727068
f 787/787/787 788/788/788 789/789/789
f 787/787/787 789/789/789 790/790/790
v -0.517493 5.550000 -1.573153
v -0.742906 4.975000 -1.442776
v -1.480480 4.975000 -2.017976
v -1.369170 5.550000 -2.237338
vt -0.517493 3.976847
vt -0.742906 3.532224
vt -1.480480 2.957024
vt -1.369170 3.312662
vn 0.567007 -0.387138 -0.727068
vn 0.567007 -0.387138 -0.727068
vn 0.567007 -0.387138 -0.727068
vn 0.567007 -0.387138 -0.727068
f 791/791/791 792/792/792 793/793/793
f 791/791/791 793/793/793 794/794/794
v -0.742906 4.975000 -1.442776
v -1.358746 4.554071 -1.086577
v -1.784585 4.554071 -1.418669
v -1.480480 4.975000 -2.017976
vt -0.742906 3.532224
vt -1.358746 3.467494
vt -1.784585 3.135402
vt -1.480480 2.957024
vn 0.330819 -0.842976 -0.424206
vn 0.330819 -0.842976 -0.424206
vn 0.330819 -0.842976 -0.424206
vn 0.330819 -0.842976 -0.424206
f 795/795/795 796/796/796 797/797/797
f 795/795/795 797/797/797 798/798/798
v -2.200000 6.700000 -0.600000
v -1.784585 6.545929 -1.418669
v -2.342315 6.545929 -1.490839
vt -2.200000 6.100000
vt -1.784585 5.127260
vt -2.342315 5.055090
vn 0.022498 0.984512 -0.173866
vn 0.022498 0.984512 -0.173866
vn 0.022498 0.984512 -0.173866
f 799/799/799 800/800/800 801/801/801
v -2.200000 4.400000 -0.600000
v -2.342315 4.554071 -1.490839
v -1.784585 4.554071 -1.418669
vt -2.200000 3.800000
vt -2.342315 3.063231
vt -1.784585 3.135402
vn 0.022498 -0.984512 -0.173866
vn 0.022498 -0.984512 -0.173866
vn 0.022498 -0.984512 -0.173866
f 802/802/802 803/803/803 804/804/804
v -1.784585 6.545929 -1.418669
v -1.480480 6.125000 -2.017976
v -2.446497 6.125000 -2.142979
v -2.342315 6.545929 -1.490839
vt -1.784585 5.127260
vt -1.480480 4.107024
vt -2.446497 3.982021
vt -2.342315 5.055090
vn 0.071030 0.832852 -0.548919
vn 0.071030 0.832852 -0.548919
vn 0.071030 0.832852 -0.548919
vn 0.071030 0.832852 -0.548919
f 805/805/805 806/806/806 807/807/807
f 805/805/805 807/807/807 808/808/808
v -1.480480 6.125000 -2.017976
v -1.369170 5.550000 -2.237338
v -2.484630 5.550000 -2.381679
v -2.446497 6.125000 -2.142979
vt -1.480480 4.107024
vt -1.369170 3.312662
vt -2.484630 3.168321
vt -2.446497 3.982021
vn 0.119021 0.373937 -0.919785
vn 0.119021 0.373937 -0.919785
vn 0.119021 0.373937 -0.919785
vn 0.119021 0.373937 -0.919785
f 809/809/809 810/810/810 811/811/811
f 809/809/809 811/811/811 812/812/812
v -1.369170 5.550000 -2.237338
v -1.480480 4.975000 -2.017976
v -2.446497 4.975000 -2.142979
v -2.484630 5.550000 -2.381679
vt -1.369170 3.312662
vt -1.480480 2.957024
vt -2.446497 2.832021
vt -2.484630 3.168321
vn 0.119021 -0.373937 -0.919785
vn 0.119021 -0.373937 -0.919785
vn 0.119021 -0.373937 -0.919785
vn 0.119021 -0.373937 -0.919785
f 813/813/813 814/814/814 815/815/815
f 813/813/813 815/815/815 816/816/816
v -1.480480 4.975000 -2.017976
v -1.784585 4.554071 -1.418669
v -2.342315 4.554071 -1.490839
v -2.446497 4.975000 -2.142979
vt -1.480480 2.957024
vt -1.784585 3.135402
vt -2.342315 3.063231
vt -2.446497 2.832021
vn 0.071030 -0.832852 -0.548919
vn 0.071030 -0.832852 -0.548919
vn 0.071030 -0.832852 -0.548919
vn 0.071030 -0.832852 -0.548919
f 817/817/817 818/818/818 819/819/819
f 817/817/817 819/819/819 820/820/820
v -2.200000 6.700000 -0.600000
v -2.342315 6.545929 -1.490839
v -2.854861 6.545929 -1.280175
vt -2.200000 6.100000
vt -2.342315 5.055090
vt -2.854861 5.265755
vn -0.065702 0.984952 -0.159852
vn -0.065702 0.984952 -0.159852
vn -0.065702 0.984952 -0.159852
f 821/821/821 822/822/822 823/823/823
v -2.200000 4.400000 -0.600000
v -2.854861 4.554071 -1.280175
v -2.342315 4.554071 -1.490839
vt -2.200000 3.800000
vt -2.854861 3.273896
vt -2.342315 3.063231
vn -0.065702 -0.984952 -0.159852
vn -0.065702 -0.984952 -0.159852
vn -0.065702 -0.984952 -0.159852
f 824/824/824 825/825/825 826/826/826
v -2.342315 6.545929 -1.490839
v -2.446497 6.125000 -2.142979
v -3.334252 6.125000 -1.778097
v -2.854861 6.545929 -1.280175
vt -2.342315 5.055090
vt -2.446497 3.982021
vt -3.334252 4.346903
vt -2.854861 5.265755
vn -0.208266 0.836583 -0.506709
vn -0.208266 0.836583 -0.506709
vn -0.208266 0.836583 -0.506709
vn -0.208266 0.836583 -0.506709
f 827/827/827 828/828/828 829/829/829
f 827/827/827 829/829/829 830/830/830
v -2.446497 6.125000 -2.142979
v -2.484630 5.550000 -2.381679
v -3.509721 5.550000 -1.960349
v -3.334252 6.125000 -1.778097
vt -2.446497 3.982021
vt -2.484630 3.168321
vt -3.509721 3.589651
vt -3.334252 4.346903
vn -0.351844 0.378699 -0.856033
vn -0.351844 0.378699 -0.856033
vn -0.351844 0.378699 -0.856033
vn -0.351844 0.378699 -0.856033
f 831/831/831 832/832/832 833/833/833
f 831/831/831 833/833/833 834/834/834
v -2.484630 5.550000 -2.381679
v -2.446497 4.975000 -2.142979
v -3.334252 4.975000 -1.778097
v -3.509721 5.550000 -1.960349
vt -2.484630 3.168321
vt -2.446497 2.832021
vt -3.334252 3.196903
vt -3.509721 3.589651
vn -0.351844 -0.378699 -0.856033
vn -0.351844 -0.378699 -0.856033
vn -0.351844 -0.378699 -0.856033
vn -0.351844 -0.378699 -0.856033
f 835/835/835 836/836/836 837/837/837
f 835/835/835 837/837/837 838/838/838
v -2.446497 4.975000 -2.142979
v -2.342315 4.554071 -1.490839
v -2.854861 4.554071 -1.280175
v -3.334252 4.975000 -1.778097
vt -2.446497 2.832021
vt -2.342315 3.063231
vt -2.854861 3.273896
vt -3.334252 3.196903
vn -0.208266 -0.836583 -0.506709
vn -0.208266 -0.836583 -0.506709
vn -0.208266 -0.836583 -0.506709
vn -0.208266 -0.836583 -0.506709
f 839/839/839 840/840/840 841/841/841
f 839/839/839 841/841/841 842/842/842
v -2.200000 6.700000 -0.600000
v -2.854861 6.545929 -1.280175
v -3.159493 6.545929 -0.853559
vt -2.200000 6.100000
vt -2.854861 5.265755
vt -3.159493 5.692370
vn -0.133261 0.986502 -0.095157
vn -0.133261 0.986502 -0.095157
vn -0.133261 0.986502 -0.095157
f 843/843/843 844/844/844 845/845/845
v -2.200000 4.400000 -0.600000
v -3.159493 4.554071 -0.853559
v -2.854861 4.554071 -1.280175
vt -2.200000 3.800000
vt -3.159493 3.700511
vt -2.854861 3.273896
vn -0.133261 -0.986502 -0.095157
vn -0.133261 -0.986502 -0.095157
vn -0.133261 -0.986502 -0.095157
f 846/846/846 847/847/847 848/848/848
v -2.854861 6.545929 -1.280175
v -3.334252 6.125000 -1.778097
v -3.861891 6.125000 -1.039178
v -3.159493 6.545929 -0.853559
vt -2.854861 5.265755
vt -3.334252 4.346903
vt -3.861891 5.085822
vt -3.159493 5.692370
vn -0.428572 0.850101 -0.306029
vn -0.428572 0.850101 -0.306029
vn -0.428572 0.850101 -0.306029
vn -0.428572 0.850101 -0.306029
f 849/849/849 850/850/850 851/851/851
f 849/849/849 851/851/851 852/852/852
v -3.334252 6.125000 -1.778097
v -3.509721 5.550000 -1.960349
v -4.118986 5.550000 -1.107119
v -3.861891 6.125000 -1.039178
vt -3.334252 4.346903
vt -3.509721 3.589651
vt -4.118986 4.442881
vt -3.861891 5.085822
vn -0.746939 0.396994 -0.533365
vn -0.746939 0.396994 -0.533365
vn -0.746939 0.396994 -0.533365
vn -0.746939 0.396994 -0.533365
f 853/853/853 854/854/854 855/855/855
f 853/853/853 855/855/855 856/856/856
v -3.509721 5.550000 -1.960349
v -3.334252 4.975000 -1.778097
v -3.861891 4.975000 -1.039178
v -4.118986 5.550000 -1.107119
vt -3.509721 3.589651
vt -3.334252 3.196903
vt -3.861891 3.935822
vt -4.118986 4.442881
vn -0.746939 -0.396994 -0.533365
vn -0.746939 -0.396994 -0.533365
vn -0.746939 -0.396994 -0.533365
vn -0.746939 -0.396994 -0.533365
f 857/857/857 858/858/858 859/859/859
f 857/857/857 859/859/859 860/860/860
v -3.334252 4.975000 -1.778097
v -2.854861 4.554071 -1.280175
v -3.159493 4.554071 -0.853559
v -3.861891 4.975000 -1.039178
vt -3.334252 3.196903
vt -2.854861 3.273896
vt -3.159493 3.700511
vt -3.861891 3.935822
vn -0.428572 -0.850101 -0.306029
vn -0.428572 -0.850101 -0.306029
vn -0.428572 -0.850101 -0.306029
vn -0.428572 -0.850101 -0.306029
f 861/861/861 862/862/862 863/863/863
f 861/861/861 863/863/863 864/864/864
v -2.200000 6.700000 -0.600000
v -3.159493 6.545929 -0.853559
v -3.159493 6.545929 -0.346441
vt -2.200000 6.100000
vt -3.159493 5.692370
vt -3.159493 6.199489
vn -0.158544 0.987352 0.000000
vn -0.158544 0.987352 0.000000
vn -0.158544 0.987352 0.000000
f 865/865/865 866/866/866 867/867/867
v -2.200000 4.400000 -0.600000
v -3.159493 4.554071 -0.346441
v -3.159493 4.554071 -0.853559
vt -2.200000 3.800000
vt -3.159493 4.207630
vt -3.159493 3.700511
vn -0.158544 -0.987352 0.000000
vn -0.158544 -0.987352 0.000000
vn -0.158544 -0.987352 0.000000
f 868/868/868 869/869/869 870/870/870
v -3.159493 6.545929 -0.853559
v -3.861891 6.125000 -1.039178
v -3.861891 6.125000 -0.160822
v -3.159493 6.545929 -0.346441
vt -3.159493 5.692370
vt -3.861891 5.085822
vt -3.861891 5.964178
vt -3.159493 6.199489
vn -0.514038 0.857767 0.000000
vn -0.514038 0.857767 0.000000
vn -0.514038 0.857767 0.000000
vn -0.514038 0.857767 0.000000
f 871/871/871 872/872/872 873/873/873
f 871/871/871 873/873/873 874/874/874
v -3.861891 6.125000 -1.039178
v -4.118986 5.550000 -1.107119
v -4.118986 5.550000 -0.092881
v -3.861891 6.125000 -0.160822
vt -3.861891 5.085822
vt -4.118986 4.442881
vt -4.118986 5.457119
vt -3.861891 5.964178
vn -0.912902 0.408179 0.000000
vn -0.912902 0.408179 0.000000
vn -0.912902 0.408179 0.000000
vn -0.912902 0.408179 0.000000
f 875/875/875 876/876/876 877/877/877
f 875/875/875 877/877/877 878/878/878
v -4.118986 5.550000 -1.107119
v -3.861891 4.975000 -1.039178
v -3.861891 4.975000 -0.160822
v -4.118986 5.550000 -0.092881
vt -4.118986 4.442881
vt -3.861891 3.935822
vt -3.861891 4.814178
vt -4.118986 5.457119
vn -0.912902 -0.408179 0.000000
vn -0.912902 -0.408179 0.000000
vn -0.912902 -0.408179 0.000000
vn -0.912902 -0.408179 0.000000
f 879/879/879 880/880/880 881/881/881
f 879/879/879 881/881/881 882/882/882
v -3.861891 4.975000 -1.039178
v -3.159493 4.554071 -0.853559
v -3.159493 4.554071 -0.346441
v -3.861891 4.975000 -0.160822
vt -3.861891 3.935822
vt -3.159493 3.700511
vt -3.159493 4.207630
vt -3.861891 4.814178
vn -0.514038 -0.857767 0.000000
vn -0.514038 -0.857767 0.000000
vn -0.514038 -0.857767 0.000000
vn -0.514038 -0.857767 0.000000
f 883/883/883 884/884/884 885/885/885
f 883/883/883 885/885/885 886/886/886
v -2.200000 6.700000 -0.600000
v -3.159493 6.545929 -0.346441
v -2.854861 6.545929 0.080175
vt -2.200000 6.100000
vt -3.159493 6.199489
vt -2.854861 6.626104
vn -0.133261 0.986502 0.095157
vn -0.133261 0.986502 0.095157
vn -0.133261 0.986502 0.095157
f 887/887/887 888/888/888 889/889/889
v -2.200000 4.400000 -0.600000
v -2.854861 4.554071 0.080175
v -3.159493 4.554071 -0.346441
vt -2.200000 3.800000
vt -2.854861 4.634245
vt -3.159493 4.207630
vn -0.133261 -0.986502 0.095157
vn -0.133261 -0.986502 0.095157
vn -0.133261 -0.986502 0.095157
f 890/890/890 891/891/891 892/892/892
v -3.159493 6.545929 -0.346441
v -3.861891 6.125000 -0.160822
v -3.334252 6.125000 0.578097
v -2.854861 6.545929 0.080175
vt -3.159493 6.199489
vt -3.861891 5.964178
vt -3.334252 6.703097
vt -2.854861 6.626104
vn -0.428572 0.850101 0.306029
vn -0.428572 0.850101 0.306029
vn -0.428572 0.850101 0.306029
vn -0.428572 0.850101 0.306029
f 893/893/893 894/894/894 895/895/895
f 893/893/893 895/895/895 896/896/896
v -3.861891 6.125000 -0.160822
v -4.118986 5.550000 -0.092881
v -3.509721 5.550000 0.760349
v -3.334252 6.125000 0.578097
vt -3.861891 5.964178
vt -4.118986 5.457119
vt -3.509721 6.310349
vt -3.334252 6.703097
vn -0.746939 0.396994 0.533365
vn -0.746939 0.396994 0.533365
vn -0.746939 0.396994 0.533365
vn -0.746939 0.396994 0.533365
f 897/897/897 898/898/898 899/899/899
f 897/897/897 899/899/899 900/900/900
v -4.118986 5.550000 -0.092881
v -3.861891 4.975000 -0.160822
v -3.334252 4.975000 0.578097
v -3.509721 5.550000 0.760349
vt -4.118986 5.457119
vt -3.861891 4.814178
vt -3.334252 5.553097
vt -3.509721 6.310349
vn -0.746939 -0.396994 0.533365
vn -0.746939 -0.396994 0.533365
vn -0.746939 -0.396994 0.533365
vn -0.746939 -0.396994 0.533365
f 901/901/901 902/902/902 903/903/903
f 901/901/901 903/903/903 904/904/904
v -3.861891 4.975000 -0.160822
v -3.159493 4.554071 -0.346441
v -2.854861 4.554071 0.080175
v -3.334252 4.975000 0.578097
vt -3.861891 4.814178
vt -3.159493 4.207630
vt -2.854861 4.634245
vt -3.334252 5.553097
vn -0.428572 -0.850101 0.306029
vn -0.428572 -0.850101 0.306029
vn -0.428572 -0.850101 0.306029
vn -0.428572 -0.850101 0.306029
f 905/905/905 906/906/906 907/907/907
f 905/905/905 907/907/907 908/908/908
v -2.200000 6.700000 -0.600000
v -2.854861 6.545929 0.080175
v -2.342315 6.545929 0.290839
vt -2.200000 6.100000
vt -2.854861 6.626104
vt -2.342315 6.836769
vn -0.065702 0.984952 0.159852
vn -0.065702 0.984952 0.159852
vn -0.065702 0.984952 0.159852
f 909/909/909 910/910/910 911/911/911
v -2.200000 4.400000 -0.600000
v -2.342315 4.554071 0.290839
v -2.854861 4.554071 0.080175
vt -2.200000 3.800000
vt -2.342315 4.844910
vt -2.854861 4.634245
vn -0.065702 -0.984952 0.159852
vn -0.065702 -0.984952 0.159852
vn -0.065702 -0.984952 0.159852
f 912/912/912 913/913/913 914/914/914
v -2.854861 6.545929 0.080175
v -3.334252 6.125000 0.578097
v -2.446497 6.125000 0.942979
v -2.342315 6.545929 0.290839
vt -2.854861 6.626104
vt -3.334252 6.703097
vt -2.446497 7.067979
vt -2.342315 6.836769
vn -0.208266 0.836583 0.506709
vn -0.208266 0.836583 0.506709
vn -0.208266 0.836583 0.506709
vn -0.208266 0.836583 0.506709
f 915/915/915 916/916/916 917/917/917
f 915/915/915 917/917/917 918/918/918
v -3.334252 6.125000 0.578097
v -3.509721 5.550000 0.760349
v -2.484630 5.550000 1.181679
v -2.446497 6.125000 0.942979
vt -3.334252 6.703097
vt -3.509721 6.310349
vt -2.484630 6.731679
vt -2.446497 7.067979
vn -0.351844 0.378699 0.856033
vn -0.351844 0.378699 0.856033
vn -0.351844 0.378699 0.856033
vn -0.351844 0.378699 0.856033
f 919/919/919 920/920/920 921/921/921
f 919/919/919 921/921/921 922/922/922
v -3.509721 5.550000 0.760349
v -3.334252 4.975000 0.578097
v -2.446497 4.975000 0.942979
v -2.484630 5.550000 1.181679
vt -3.509721 6.310349
vt -3.334252 5.553097
vt -2.446497 5.917979
vt -2.484630 6.731679
vn -0.351844 -0.378699 0.856033
vn -0.351844 -0.378699 0.856033
vn -0.351844 -0.378699 0.856033
vn -0.351844 -0.378699 0.856033
f 923/923/923 924/924/924 925/925/925
f 923/923/923 925/925/925 926/926/926
v -3.334252 4.975000 0.578097
v -2.854861 4.554071 0.080175
v -2.342315 4.554071 0.290839
v -2.446497 4.975000 0.942979
vt -3.334252 5.553097
vt -2.854861 4.634245
vt -2.342315 4.844910
vt -2.446497 5.917979
vn -0.208266 -0.836583 0.506709
vn -0.208266 -0.836583 0.506709
vn -0.208266 -0.836583 0.506709
vn -0.208266 -0.836583 0.506709
f 927/927/927 928/928/928 929/929/929
f 927/927/927 929/929/929 930/930/930
v -2.200000 6.700000 -0.600000
v -2.342315 6.545929 0.290839
v -1.784585 6.545929 0.218669
vt -2.200000 6.100000
vt -2.342315 6.836769
vt -1.784585 6.764598
vn 0.022498 0.984512 0.173866
vn 0.022498 0.984512 0.173866
vn 0.022498 0.984512 0.173866
f 931/931/931 932/932/932 933/933/933
v -2.200000 4.400000 -0.600000
v -1.784585 4.554071 0.218669
v -2.342315 4.554071 0.290839
vt -2.200000 3.800000
vt -1.784585 4.772740
vt -2.342315 4.844910
vn 0.022498 -0.984512 0.173866
vn 0.022498 -0.984512 0.173866
vn 0.022498 -0.984512 0.173866
f 934/934/934 935/935/935 936/936/936
v -2.342315 6.545929 0.290839
v -2.446497 6.125000 0.942979
v -1.480480 6.125000 0.817976
v -1.784585 6.545929 0.218669
vt -2.342315 6.836769
vt -2.446497 7.067979
vt -1.480480 6.942976
vt -1.784585 6.764598
vn 0.071030 0.832852 0.548919
vn 0.071030 0.832852 0.548919
vn 0.071030 0.832852 0.548919
vn 0.071030 0.832852 0.548919
f 937/937/937 938/938/938 939/939/939
f 937/937/937 939/939/939 940/940/940
v -2.446497 6.125000 0.942979
v -2.484630 5.550000 1.181679
v -1.369170 5.550000 1.037338
v -1.480480 6.125000 0.817976
vt -2.446497 7.067979
vt -2.484630 6.731679
vt -1.369170 6.587338
vt -1.480480 6.942976
vn 0.119021 0.373937 0.919785
vn 0.119021 0.373937 0.919785
vn 0.119021 0.373937 0.919785
vn 0.119021 0.373937 0.919785
f 941/941/941 942/942/942 943/943/943
f 941/941/941 943/943/943 944/944/944
v -2.484630 5.550000 1.181679
v -2.446497 4.975000 0.942979
v -1.480480 4.975000 0.817976
v -1.369170 5.550000 1.037338
vt -2.484630 6.731679
vt -2.446497 5.917979
vt -1.480480 5.792976
vt -1.369170 6.587338
vn 0.119021 -0.373937 0.919785
vn 0.119021 -0.373937 0.919785
vn 0.119021 -0.373937 0.919785
vn 0.119021 -0.373937 0.919785
f 945/945/945 946/946/946 947/947/947
f 945/945/945 947/947/947 948/948/948
v -2.446497 4.975000 0.942979
v -2.342315 4.554071 0.290839
v -1.784585 4.554071 0.218669
v -1.480480 4.975000 0.817976
vt -2.446497 5.917979
vt -2.342315 4.844910
vt -1.784585 4.772740
vt -1.480480 5.792976
vn 0.071030 -0.832852 0.548919
vn 0.071030 -0.832852 0.548919
vn 0.071030 -0.832852 0.548919
vn 0.071030 -0.832852 0.548919
f 949/949/949 950/950/950 951/951/951
f 949/949/949 951/951/951 952/952/952
v -2.200000 6.700000 -0.600000
v -1.784585 6.545929 0.218669
v -1.358746 6.545929 -0.113423
vt -2.200000 6.100000
vt -1.784585 6.764598
vt -1.358746 6.432506
vn 0.103650 0.985694 0.132909
vn 0.103650 0.985694 0.132909
vn 0.103650 0.985694 0.132909
f 953/953/953 954/954/954 955/955/955
v -2.200000 4.400000 -0.600000
v -1.358746 4.554071 -0.113423
v -1.784585 4.554071 0.218669
vt -2.200000 3.800000
vt -1.358746 4.440648
vt -1.784585 4.772740
vn 0.103650 -0.985694 0.132909
vn 0.103650 -0.985694 0.132909
vn 0.103650 -0.985694 0.132909
f 956/956/956 957/957/957 958/958/958
v -1.784585 6.545929 0.218669
v -1.480480 6.125000 0.817976
v -0.742906 6.125000 0.242776
v -1.358746 6.545929 -0.113423
vt -1.784585 6.764598
vt -1.480480 6.942976
vt -0.742906 6.367776
vt -1.358746 6.432506
vn 0.330819 0.842976 0.424206
vn 0.330819 0.842976 0.424206
vn 0.330819 0.842976 0.424206
vn 0.330819 0.842976 0.424206
f 959/959/959 960/960/960 961/961/961
f 959/959/959 961/961/961 962/962/962
v -1.480480 6.125000 0.817976
v -1.369170 5.550000 1.037338
v -0.517493 5.550000 0.373153
v -0.742906 6.125000 0.242776
vt -1.480480 6.942976
vt -1.369170 6.587338
vt -0.517493 5.923153
vt -0.742906 6.367776
vn 0.567007 0.387138 0.727068
vn 0.567007 0.387138 0.727068
vn 0.567007 0.387138 0.727068
vn 0.567007 0.387138 0.727068
f 963/963/963 964/964/964 965/965/965
f 963/963/963 965/965/965 966/966/966
v -1.369170 5.550000 1.037338
v -1.480480 4.975000 0.817976
v -0.742906 4.975000 0.242776
v -0.517493 5.550000 0.373153
vt -1.369170 6.587338
vt -1.480480 5.792976
vt -0.742906 5.217776
vt -0.517493 5.923153
vn 0.567007 -0.387138 0.727068
vn 0.567007 -0.387138 0.727068
vn 0.567007 -0.387138 0.727068
vn 0.567007 -0.387138 0.727068
f 967/967/967 968/968/968 969/969/969
f 967/967/967 969/969/969 970/970/970
v -1.480480 4.975000 0.817976
v -1.784585 4.554071 0.218669
v -1.358746 4.554071 -0.113423
v -0.742906 4.975000 0.242776
vt -1.480480 5.792976
vt -1.784585 4.772740
vt -1.358746 4.440648
vt -0.742906 5.217776
vn 0.330819 -0.842976 0.424206
vn 0.330819 -0.842976 0.424206
vn 0.330819 -0.842976 0.424206
vn 0.330819 -0.842976 0.424206
f 971/971/971 972/972/972 973/973/973
f 971/971/971 973/973/973 974/974/974
v -2.200000 6.700000 -0.600000
v -1.358746 6.545929 -0.113423
v -1.200000 6.545929 -0.600000
vt -2.200000 6.100000
vt -1.358746 6.432506
vt -1.200000 5.945929
vn 0.152086 0.987121 0.049618
vn 0.152086 0.987121 0.049618
vn 0.152086 0.987121 0.049618
f 975/975/975 976/976/976 977/977/977
v -2.200000 4.400000 -0.600000
v -1.200000 4.554071 -0.600000
v -1.358746 4.554071 -0.113423
vt -2.200000 3.800000
vt -1.200000 3.954071
vt -1.358746 4.440648
vn 0.152086 -0.987121 0.049618
vn 0.152086 -0.987121 0.049618
vn 0.152086 -0.987121 0.049618
f 978/978/978 979/979/979 980/980/980
v -1.358746 6.545929 -0.113423
v -0.742906 6.125000 0.242776
v -0.467949 6.125000 -0.600000
v -1.200000 6.545929 -0.600000
vt -1.358746 6.432506
vt -0.742906 6.367776
vt -0.467949 5.525000
vt -1.200000 5.945929
vn 0.492007 0.855665 0.160518
vn 0.492007 0.855665 0.160518
vn 0.492007 0.855665 0.160518
vn 0.492007 0.855665 0.160518
f 981/981/981 982/982/982 983/983/983
f 981/981/981 983/983/983 984/984/984
v -0.742906 6.125000 0.242776
v -0.517493 5.550000 0.373153
v -0.200000 5.550000 -0.600000
v -0.467949 6.125000 -0.600000
vt -0.742906 6.367776
vt -0.517493 5.923153
vt -0.200000 4.950000
vt -0.467949 5.525000
vn 0.869206 0.405049 0.283580
vn 0.869206 0.405049 0.283580
vn 0.869206 0.405049 0.283580
vn 0.869206 0.405049 0.283580
f 985/985/985 986/986/986 987/987/987
f 985/985/985 987/987/987 988/988/988
v -0.517493 5.550000 0.373153
v -0.742906 4.975000 0.242776
v -0.467949 4.975000 -0.600000
v -0.200000 5.550000 -0.600000
vt -0.517493 5.923153
vt -0.742906 5.217776
vt -0.467949 4.375000
vt -0.200000 4.950000
vn 0.869206 -0.405049 0.283580
vn 0.869206 -0.405049 0.283580
vn 0.869206 -0.405049 0.283580
vn 0.869206 -0.405049 0.283580
f 989/989/989 990/990/990 991/991/991
f 989/989/989 991/991/991 992/992/992
v -0.742906 4.975000 0.242776
v -1.358746 4.554071 -0.113423
v -1.200000 4.554071 -0.600000
v -0.467949 4.975000 -0.600000
vt -0.742906 5.217776
vt -1.358746 4.440648
vt -1.200000 3.954071
vt -0.467949 4.375000
vn 0.492007 -0.855665 0.160518
vn 0.492007 -0.855665 0.160518
vn 0.492007 -0.855665 0.160518
vn 0.492007 -0.855665 0.160518
f 993/993/993 994/994/994 995/995/995
f 993/993/993 995/995/995 996/996/996
v 2.300000 6.850000 0.300000
v 3.400000 6.682532 0.300000
v 3.225379 6.682532 -0.213609
vt 2.300000 7.150000
vt 3.400000 6.982532
vt 3.225379 6.468923
vn 0.150313 0.987317 -0.051105
vn 0.150313 0.987317 -0.051105
vn 0.150313 0.987317 -0.051105
f 997/997/997 998/998/998 999/999/999
v 2.300000 4.350000 0.300000
v 3.225379 4.517468 -0.213609
v 3.400000 4.517468 0.300000
vt 2.300000 4.650000
vt 3.225379 4.303859
vt 3.400000 4.817468
vn 0.150313 -0.987317 -0.051105
vn 0.150313 -0.987317 -0.051105
vn 0.150313 -0.987317 -0.051105
f 1000/1000/1000 1001/1001/1001 1002/1002/1002
v 3.400000 6.682532 0.300000
v 4.205256 6.225000 0.300000
v 3.902803 6.225000 -0.589596
v 3.225379 6.682532 -0.213609
vt 3.400000 6.982532
vt 4.205256 6.525000
vt 3.902803 5.635404
vt 3.225379 6.468923
vn 0.487186 0.857446 -0.165638
vn 0.487186 0.857446 -0.165638
vn 0.487186 0.857446 -0.165638
vn 0.487186 0.857446 -0.165638
f 1003/1003/1003 1004/1004/1004 1005/1005/1005
f 1003/1003/1003 1005/1005/1005 1006/1006/1006
v 4.205256 6.225000 0.300000
v 4.500000 5.600000 0.300000
v 4.150758 5.600000 -0.727218
v 3.902803 6.225000 -0.589596
vt 4.205256 6.525000
vt 4.500000 5.900000
vt 4.150758 4.872782
vt 3.902803 5.635404
vn 0.864517 0.407698 -0.293926
vn 0.864517 0.407698 -0.293926
vn 0.864517 0.407698 -0.293926
vn 0.864517 0.407698 -0.293926
f 1007/1007/1007 1008/1008/1008 1009/1009/1009
f 1007/1007/1007 1009/1009/1009 1010/1010/1010
v 4.500000 5.600000 0.300000
v 4.205256 4.975000 0.300000
v 3.902803 4.975000 -0.589596
v 4.150758 5.600000 -0.727218
vt 4.500000 5.900000
vt 4.205256 5.275000
vt 3.902803 4.385404
vt 4.150758 4.872782
vn 0.864517 -0.407698 -0.293926
vn 0.864517 -0.407698 -0.293926
vn 0.864517 -0.407698 -0.293926
vn 0.864517 -0.407698 -0.293926
f 1011/1011/1011 1012/1012/1012 1013/1013/1013
f 1011/1011/1011 1013/1013/1013 1014/1014/1014
v 4.205256 4.975000 0.300000
v 3.400000 4.517468 0.300000
v 3.225379 4.517468 -0.213609
v 3.902803 4.975000 -0.589596
vt 4.205256 5.275000
vt 3.400000 4.817468
vt 3.225379 4.303859
vt 3.902803 4.385404
vn 0.487186 -0.857446 -0.165638
vn 0.487186 -0.857446 -0.165638
vn 0.487186 -0.857446 -0.165638
vn 0.487186 -0.857446 -0.165638
f 1015/1015/1015 1016/1016/1016 1017/1017/1017
f 1015/1015/1015 1017/1017/1017 1018/1018/1018
v 2.300000 6.850000 0.300000
v 3.225379 6.682532 -0.213609
v 2.756957 6.682532 -0.564150
vt 2.300000 7.150000
vt 3.225379 6.468923
vt 2.756957 6.118381
vn 0.102379 0.985293 -0.136808
vn 0.102379 0.985293 -0.136808
vn 0.102379 0.985293 -0.136808
f 1019/1019/1019 1020/1020/1020 1021/1021/1021
v 2.300000 4.350000 0.300000
v 2.756957 4.517468 -0.564150
v 3.225379 4.517468 -0.213609
vt 2.300000 4.650000
vt 2.756957 3.953318
vt 3.225379 4.303859
vn 0.102379 -0.985293 -0.136808
vn 0.102379 -0.985293 -0.136808
vn 0.102379 -0.985293 -0.136808
f 1022/1022/1022 1023/1023/1023 1024/1024/1024
v 3.225379 6.682532 -0.213609
v 3.902803 6.225000 -0.589596
v 3.091472 6.225000 -1.196752
v 2.756957 6.682532 -0.564150
vt 3.225379 6.468923
vt 3.902803 5.635404
vt 3.091472 5.028248
vt 2.756957 6.118381
vn 0.325550 0.839505 -0.435027
vn 0.325550 0.839505 -0.435027
vn 0.325550 0.839505 -0.435027
vn 0.325550 0.839505 -0.435027
f 1025/1025/1025 1026/1026/1026 1027/1027/1027
f 1025/1025/1025 1027/1027/1027 1028/1028/1028
v 3.902803 6.225000 -0.589596
v 4.150758 5.600000 -0.727218
v 3.213913 5.600000 -1.428301
v 3.091472 6.225000 -1.196752
vt 3.902803 5.635404
vt 4.150758 4.872782
vt 3.213913 4.171699
vt 3.091472 5.028248
vn 0.553587 0.382511 -0.739748
vn 0.553587 0.382511 -0.739748
vn 0.553587 0.382511 -0.739748
vn 0.553587 0.382511 -0.739748
f 1029/1029/1029 1030/1030/1030 1031/1031/1031
f 1029/1029/1029 1031/1031/1031 1032/1032/1032
v 4.150758 5.600000 -0.727218
v 3.902803 4.975000 -0.589596
v 3.091472 4.975000 -1.196752
v 3.213913 5.600000 -1.428301
vt 4.150758 4.872782
vt 3.902803 4.385404
vt 3.091472 3.778248
vt 3.213913 4.171699
vn 0.553587 -0.382511 -0.739748
vn 0.553587 -0.382511 -0.739748
vn 0.553587 -0.382511 -0.739748
vn 0.553587 -0.382511 -0.739748
f 1033/1033/1033 1034/1034/1034 1035/1035/1035
f 1033/1033/1033 1035/1035/1035 1036/1036/1036
v 3.902803 4.975000 -0.589596
v 3.225379 4.517468 -0.213609
v 2.756957 4.517468 -0.564150
v 3.091472 4.975000 -1.196752
vt 3.902803 4.385404
vt 3.225379 4.303859
vt 2.756957 3.953318
vt 3.091472 3.778248
vn 0.325550 -0.839505 -0.435027
vn 0.325550 -0.839505 -0.435027
vn 0.325550 -0.839505 -0.435027
vn 0.325550 -0.839505 -0.435027
f 1037/1037/1037 1038/1038/1038 1039/1039/1039
f 1037/1037/1037 1039/1039/1039 1040/1040/1040
v 2.300000 6.850000 0.300000
v 2.756957 6.682532 -0.564150
v 2.143454 6.682532 -0.640330
vt 2.300000 7.150000
vt 2.756957 6.118381
vt 2.143454 6.042201
vn 0.022211 0.983621 -0.178876
vn 0.022211 0.983621 -0.178876
vn 0.022211 0.983621 -0.178876
f 1041/1041/1041 1042/1042/1042 1043/1043/1043
v 2.300000 4.350000 0.300000
v 2.143454 4.517468 -0.640330
v 2.756957 4.517468 -0.564150
vt 2.300000 4.650000
vt 2.143454 3.877138
vt 2.756957 3.953318
vn 0.022211 -0.983621 -0.178876
vn 0.022211 -0.983621 -0.178876
vn 0.022211 -0.983621 -0.178876
f 1044/1044/1044 1045/1045/1045 1046/1046/1046
v 2.756957 6.682532 -0.564150
v 3.091472 6.225000 -1.196752
v 2.028854 6.225000 -1.328700
v 2.143454 6.682532 -0.640330
vt 2.756957 6.118381
vt 3.091472 5.028248
vt 2.028854 4.896300
vt 2.143454 6.042201
vn 0.069562 0.825426 -0.560208
vn 0.069562 0.825426 -0.560208
vn 0.069562 0.825426 -0.560208
vn 0.069562 0.825426 -0.560208
f 1047/1047/1047 1048/1048/1048 1049/1049/1049
f 1047/1047/1047 1049/1049/1049 1050/1050/1050
v 3.091472 6.225000 -1.196752
v 3.213913 5.600000 -1.428301
v 1.986907 5.600000 -1.580661
v 2.028854 6.225000 -1.328700
vt 3.091472 5.028248
vt 3.213913 4.171699
vt 1.986907 4.019339
vt 2.028854 4.896300
vn 0.114734 0.364795 -0.923992
vn 0.114734 0.364795 -0.923992
vn 0.114734 0.364795 -0.923992
vn 0.114734 0.364795 -0.923992
f 1051/1051/1051 1052/1052/1052 1053/1053/1053
f 1051/1051/1051 1053/1053/1053 1054/1054/1054
v 3.213913 5.600000 -1.428301
v 3.091472 4.975000 -1.196752
v 2.028854 4.975000 -1.328700
v 1.986907 5.600000 -1.580661
vt 3.213913 4.171699
vt 3.091472 3.778248
vt 2.028854 3.646300
vt 1.986907 4.019339
vn 0.114734 -0.364795 -0.923992
vn 0.114734 -0.364795 -0.923992
vn 0.114734 -0.364795 -0.923992
vn 0.114734 -0.364795 -0.923992
f 1055/1055/1055 1056/1056/1056 1057/1057/1057
f 1055/1055/1055 1057/1057/1057 1058/1058/1058
v 3.091472 4.975000 -1.196752
v 2.756957 4.517468 -0.564150
v 2.143454 4.517468 -0.640330
v 2.028854 4.975000 -1.328700
vt 3.091472 3.778248
vt 2.756957 3.953318
vt 2.143454 3.877138
vt 2.028854 3.646300
vn 0.069562 -0.825426 -0.560208
vn 0.069562 -0.825426 -0.560208
vn 0.069562 -0.825426 -0.560208
vn 0.069562 -0.825426 -0.560208
f 1059/1059/1059 1060/1060/1060 1061/1061/1061
f 1059/1059/1059 1061/1061/1061 1062/1062/1062
v 2.300000 6.850000 0.300000
v 2.143454 6.682532 -0.640330
v 1.579653 6.682532 -0.417962
vt 2.300000 7.150000
vt 2.143454 6.042201
vt 1.579653 6.264570
vn -0.064876 0.984243 -0.164488
vn -0.064876 0.984243 -0.164488
vn -0.064876 0.984243 -0.164488
f 1063/1063/1063 1064/1064/1064 1065/1065/1065
v 2.300000 4.350000 0.300000
v 1.579653 4.517468 -0.417962
v 2.143454 4.517468 -0.640330
vt 2.300000 4.650000
vt 1.579653 4.099506
vt 2.143454 3.877138
vn -0.064876 -0.984243 -0.164488
vn -0.064876 -0.984243 -0.164488
vn -0.064876 -0.984243 -0.164488
f 1066/1066/1066 1067/1067/1067 1068/1068/1068
v 2.143454 6.682532 -0.640330
v 2.028854 6.225000 -1.328700
v 1.052323 6.225000 -0.943547
v 1.579653 6.682532 -0.417962
vt 2.143454 6.042201
vt 2.028854 4.896300
vt 1.052323 5.281453
vt 1.579653 6.264570
vn -0.204322 0.830591 -0.518045
vn -0.204322 0.830591 -0.518045
vn -0.204322 0.830591 -0.518045
vn -0.204322 0.830591 -0.518045
f 1069/1069/1069 1070/1070/1070 1071/1071/1071
f 1069/1069/1069 1071/1071/1071 1072/1072/1072
v 2.028854 6.225000 -1.328700
v 1.986907 5.600000 -1.580661
v 0.859306 5.600000 -1.135924
v 1.052323 6.225000 -0.943547
vt 2.028854 4.896300
vt 1.986907 4.019339
vt 0.859306 4.464076
vt 1.052323 5.281453
vn -0.340702 0.371108 -0.863829
vn -0.340702 0.371108 -0.863829
vn -0.340702 0.371108 -0.863829
vn -0.340702 0.371108 -0.863829
f 1073/1073/1073 1074/1074/1074 1075/1075/1075
f 1073/1073/1073 1075/1075/1075 1076/1076/1076
v 1.986907 5.600000 -1.580661
v 2.028854 4.975000 -1.328700
v 1.052323 4.975000 -0.943547
v 0.859306 5.600000 -1.135924
vt 1.986907 4.019339
vt 2.028854 3.646300
vt 1.052323 4.031453
vt 0.859306 4.464076
vn -0.340702 -0.371108 -0.863829
vn -0.340702 -0.371108 -0.863829
vn -0.340702 -0.371108 -0.863829
vn -0.340702 -0.371108 -0.863829
f 1077/1077/1077 1078/1078/1078 1079/1079/1079
f 1077/1077/1077 1079/1079/1079 1080/1080/1080
v 2.028854 4.975000 -1.328700
v 2.143454 4.517468 -0.640330
v 1.579653 4.517468 -0.417962
v 1.052323 4.975000 -0.943547
vt 2.028854 3.646300
vt 2.143454 3.877138
vt 1.579653 4.099506
vt 1.052323 4.031453
vn -0.204322 -0.830591 -0.518045
vn -0.204322 -0.830591 -0.518045
vn -0.204322 -0.830591 -0.518045
vn -0.204322 -0.830591 -0.518045
f 1081/1081/1081 1082/1082/1082 1083/1083/1083
f 1081/1081/1081 1083/1083/1083 1084/1084/1084
v 2.300000 6.850000 0.300000
v 1.579653 6.682532 -0.417962
v 1.244558 6.682532 0.032354
vt 2.300000 7.150000
vt 1.579653 6.264570
vt 1.244558 6.714886
vn -0.131673 0.986439 -0.097982
vn -0.131673 0.986439 -0.097982
vn -0.131673 0.986439 -0.097982
f 1085/1085/1085 1086/1086/1086 1087/1087/1087
v 2.300000 4.350000 0.300000
v 1.244558 4.517468 0.032354
v 1.579653 4.517468 -0.417962
vt 2.300000 4.650000
vt 1.244558 4.549822
vt 1.579653 4.099506
vn -0.131673 -0.986439 -0.097982
vn -0.131673 -0.986439 -0.097982
vn -0.131673 -0.986439 -0.097982
f 1088/1088/1088 1089/1089/1089 1090/1090/1090
v 1.579653 6.682532 -0.417962
v 1.052323 6.225000 -0.943547
v 0.471920 6.225000 -0.163576
v 1.244558 6.682532 0.032354
vt 1.579653 6.264570
vt 1.052323 5.281453
vt 0.471920 6.061424
vt 1.244558 6.714886
vn -0.423210 0.849539 -0.314925
vn -0.423210 0.849539 -0.314925
vn -0.423210 0.849539 -0.314925
vn -0.423210 0.849539 -0.314925
f 1091/1091/1091 1092/1092/1092 1093/1093/1093
f 1091/1091/1091 1093/1093/1093 1094/1094/1094
v 1.052323 6.225000 -0.943547
v 0.859306 5.600000 -1.135924
v 0.189115 5.600000 -0.235292
v 0.471920 6.225000 -0.163576
vt 1.052323 5.281453
vt 0.859306 4.464076
vt 0.189115 5.364708
vt 0.471920 6.061424
vn -0.736601 0.396198 -0.548130
vn -0.736601 0.396198 -0.548130
vn -0.736601 0.396198 -0.548130
vn -0.736601 0.396198 -0.548130
f 1095/1095/1095 1096/1096/1096 1097/1097/1097
f 1095/1095/1095 1097/1097/1097 1098/1098/1098
v 0.859306 5.600000 -1.135924
v 1.052323 4.975000 -0.943547
v 0.471920 4.975000 -0.163576
v 0.189115 5.600000 -0.235292
vt 0.859306 4.464076
vt 1.052323 4.031453
vt 0.471920 4.811424
vt 0.189115 5.364708
vn -0.736601 -0.396198 -0.548130
vn -0.736601 -0.396198 -0.548130
vn -0.736601 -0.396198 -0.548130
vn -0.736601 -0.396198 -0.548130
f 1099/1099/1099 1100/1100/1100 1101/1101/1101
f 1099/1099/1099 1101/1101/1101 1102/1102/1102
v 1.052323 4.975000 -0.943547
v 1.579653 4.517468 -0.417962
v 1.244558 4.517468 0.032354
v 0.471920 4.975000 -0.163576
vt 1.052323 4.031453
vt 1.579653 4.099506
vt 1.244558 4.549822
vt 0.471920 4.811424
vn -0.423210 -0.849539 -0.314925
vn -0.423210 -0.849539 -0.314925
vn -0.423210 -0.849539 -0.314925
vn -0.423210 -0.849539 -0.314925
f 1103/1103/1103 1104/1104/1104 1105/1105/1105
f 1103/1103/1103 1105/1105/1105 1106/1106/1106
v 2.300000 6.850000 0.300000
v 1.244558 6.682532 0.032354
v 1.244558 6.682532 0.567646
vt 2.300000 7.150000
vt 1.244558 6.714886
vt 1.244558 7.250178
vn -0.156711 0.987645 -0.000000
vn -0.156711 0.987645 -0.000000
vn -0.156711 0.987645 -0.000000
f 1107/1107/1107 1108/1108/1108 1109/1109/1109
v 2.300000 4.350000 0.300000
v 1.244558 4.517468 0.567646
v 1.244558 4.517468 0.032354
vt 2.300000 4.650000
vt 1.244558 5.085114
vt 1.244558 4.549822
vn -0.156711 -0.987645 -0.000000
vn -0.156711 -0.987645 -0.000000
vn -0.156711 -0.987645 -0.000000
f 1110/1110/1110 1111/1111/1111 1112/1112/1112
v 1.244558 6.682532 0.032354
v 0.471920 6.225000 -0.163576
v 0.471920 6.225000 0.763576
v 1.244558 6.682532 0.567646
vt 1.244558 6.714886
vt 0.471920 6.061424
vt 0.471920 6.988576
vt 1.244558 7.250178
vn -0.509532 0.860451 -0.000000
vn -0.509532 0.860451 -0.000000
vn -0.509532 0.860451 -0.000000
vn -0.509532 0.860451 -0.000000
f 1113/1113/1113 1114/1114/1114 1115/1115/1115
f 1113/1113/1113 1115/1115/1115 1116/1116/1116
v 0.471920 6.225000 -0.163576
v 0.189115 5.600000 -0.235292
v 0.189115 5.600000 0.835292
v 0.471920 6.225000 0.763576
vt 0.471920 6.061424
vt 0.189115 5.364708
vt 0.189115 6.435292
vt 0.471920 6.988576
vn -0.911071 0.412249 0.000000
vn -0.911071 0.412249 0.000000
vn -0.911071 0.412249 0.000000
vn -0.911071 0.412249 0.000000
f 1117/1117/1117 1118/1118/1118 1119/1119/1119
f 1117/1117/1117 1119/1119/1119 1120/1120/1120
v 0.189115 5.600000 -0.235292
v 0.471920 4.975000 -0.163576
v 0.471920 4.975000 0.763576
v 0.189115 5.600000 0.835292
vt 0.189115 5.364708
vt 0.471920 4.811424
vt 0.471920 5.738576
vt 0.189115 6.435292
vn -0.911071 -0.412249 -0.000000
vn -0.911071 -0.412249 -0.000000
vn -0.911071 -0.412249 -0.000000
vn -0.911071 -0.412249 -0.000000
f 1121/1121/1121 1122/1122/1122 1123/1123/1123
f 1121/1121/1121 1123/1123/1123 1124/1124/1124
v 0.471920 4.975000 -0.163576
v 1.244558 4.517468 0.032354
v 1.244558 4.517468 0.567646
v 0.471920 4.975000 0.763576
vt 0.471920 4.811424
vt 1.244558 4.549822
vt 1.244558 5.085114
vt 0.471920 5.738576
vn -0.509532 -0.860451 -0.000000
vn -0.509532 -0.860451 -0.000000
vn -0.509532 -0.860451 -0.000000
vn -0.509532 -0.860451 -0.000000
f 1125/1125/1125 1126/1126/1126 1127/1127/1127
f 1125/1125/1125 1127/1127/1127 1128/1128/1128
v 2.300000 6.850000 0.300000
v 1.244558 6.682532 0.567646
v 1.579653 6.682532 1.017962
vt 2.300000 7.150000
vt 1.244558 7.250178
vt 1.579653 7.700494
vn -0.131673 0.986439 0.097982
vn -0.131673 0.986439 0.097982
vn -0.131673 0.986439 0.097982
f 1129/1129/1129 1130/1130/1130 1131/1131/1131
v 2.300000 4.350000 0.300000
v 1.579653 4.517468 1.017962
v 1.244558 4.517468 0.567646
vt 2.300000 4.650000
vt 1.579653 5.535430
vt 1.244558 5.085114
vn -0.131673 -0.986439 0.097982
vn -0.131673 -0.986439 0.097982
vn -0.131673 -0.986439 0.097982
f 1132/1132/1132 1133/1133/1133 1134/1134/1134
v 1.244558 6.682532 0.567646
v 0.471920 6.225000 0.763576
v 1.052323 6.225000 1.543547
v 1.579653 6.682532 1.017962
vt 1.244558 7.250178
vt 0.471920 6.988576
vt 1.052323 7.768547
vt 1.579653 7.700494
vn -0.423210 0.849539 0.314925
vn -0.423210 0.849539 0.314925
vn -0.423210 0.849539 0.314925
vn -0.423210 0.849539 0.314925
f 1135/1135/1135 1136/1136/1136 1137/1137/1137
f 1135/1135/1135 1137/1137/1137 1138/1138/1138
v 0.471920 6.225000 0.763576
v 0.189115 5.600000 0.835292
v 0.859306 5.600000 1.735924
v 1.052323 6.225000 1.543547
vt 0.471920 6.988576
vt 0.189115 6.435292
vt 0.859306 7.335924
vt 1.052323 7.768547
vn -0.736601 0.396198 0.548130
vn -0.736601 0.396198 0.548130
vn -0.736601 0.396198 0.548130
vn -0.736601 0.396198 0.548130
f 1139/1139/1139 1140/1140/1140 1141/1141/1141
f 1139/1139/1139 1141/1141/1141 1142/1142/1142
v 0.189115 5.600000 0.835292
v 0.471920 4.975000 0.763576
v 1.052323 4.975000 1.543547
v 0.859306 5.600000 1.735924
vt 0.189115 6.435292
vt 0.471920 5.738576
vt 1.052323 6.518547
vt 0.859306 7.335924
vn -0.736601 -0.396198 0.548130
vn -0.736601 -0.396198 0.548130
vn -0.736601 -0.396198 0.548130
vn -0.736601 -0.396198 0.548130
f 1143/1143/1143 1144/1144/1144 1145/1145/1145
f 1143/1143/1143 1145/1145/1145 1146/1146/1146
v 0.471920 4.975000 0.763576
v 1.244558 4.517468 0.567646
v 1.579653 4.517468 1.017962
v 1.052323 4.975000 1.543547
vt 0.471920 5.738576
vt 1.244558 5.085114
vt 1.579653 5.535430
vt 1.052323 6.518547
vn -0.423210 -0.849539 0.314925
vn -0.423210 -0.849539 0.314925
vn -0.423210 -0.849539 0.314925
vn -0.423210 -0.849539 0.314925
f 1147/1147/1147 1148/1148/1148 1149/1149/1149
f 1147/1147/1147 1149/1149/1149 1150/1150/1150
v 2.300000 6.850000 0.300000
v 1.579653 6.682532 1.017962
v 2.143454 6.682532 1.240330
vt 2.300000 7.150000
vt 1.579653 7.700494
vt 2.143454 7.922862
vn -0.064876 0.984243 0.164488
vn -0.064876 0.984243 0.164488
vn -0.064876 0.984243 0.164488
f 1151/1151/1151 1152/1152/1152 1153/1153/1153
v 2.300000 4.350000 0.300000
v 2.143454 4.517468 1.240330
v 1.579653 4.517468 1.017962
vt 2.300000 4.650000
vt 2.143454 5.757799
vt 1.579653 5.535430
vn -0.064876 -0.984243 0.164488
vn -0.064876 -0.984243 0.164488
vn -0.064876 -0.984243 0.164488
f 1154/1154/1154 1155/1155/1155 1156/1156/1156
v 1.579653 6.682532 1.017962
v 1.052323 6.225000 1.543547
v 2.028854 6.225000 1.928700
v 2.143454 6.682532 1.240330
vt 1.579653 7.700494
vt 1.052323 7.768547
vt 2.028854 8.153700
vt 2.143454 7.922862
vn -0.204322 0.830591 0.518045
vn -0.204322 0.830591 0.518045
vn -0.204322 0.830591 0.518045
vn -0.204322 0.830591 0.518045
f 1157/1157/1157 1158/1158/1158 1159/1159/1159
f 1157/1157/1157 1159/1159/1159 1160/1160/1160
v 1.052323 6.225000 1.543547
v 0.859306 5.600000 1.735924
v 1.986907 5.600000 2.180661
v 2.028854 6.225000 1.928700
vt 1.052323 7.768547
vt 0.859306 7.335924
vt 1.986907 7.780661
vt 2.028854 8.153700
vn -0.340702 0.371108 0.863829
vn -0.340702 0.371108 0.863829
vn -0.340702 0.371108 0.863829
vn -0.340702 0.371108 0.863829
f 1161/1161/1161 1162/1162/1162 1163/1163/1163
f 1161/1161/1161 1163/1163/1163 1164/1164/1164
v 0.859306 5.600000 1.735924
v 1.052323 4.975000 1.543547
v 2.028854 4.975000 1.928700
v 1.986907 5.600000 2.180661
vt 0.859306 7.335924
vt 1.052323 6.518547
vt 2.028854 6.903700
vt 1.986907 7.780661
vn -0.340702 -0.371108 0.863829
vn -0.340702 -0.371108 0.863829
vn -0.340702 -0.371108 0.863829
vn -0.340702 -0.371108 0.863829
f 1165/1165/1165 1166/1166/1166 1167/1167/1167
f 1165/1165/1165 1167/1167/1167 1168/1168/1168
v 1.052323 4.975000 1.543547
v 1.579653 4.517468 1.017962
v 2.143454 4.517468 1.240330
v 2.028854 4.975000 1.928700
vt 1.052323 6.518547
vt 1.579653 5.535430
vt 2.143454 5.757799
vt 2.028854 6.903700
vn -0.204322 -0.830591 0.518045
vn -0.204322 -0.830591 0.518045
vn -0.204322 -0.830591 0.518045
vn -0.204322 -0.830591 0.518045
f 1169/1169/1169 1170/1170/1170 1171/1171/1171
f 1169/1169/1169 1171/1171/1171 1172/1172/1172
v 2.300000 6.850000 0.300000
v 2.143454 6.682532 1.240330
v 2.756957 6.682532 1.164150
vt 2.300000 7.150000
vt 2.143454 7.922862
vt 2.756957 7.846682
vn 0.022211 0.983621 0.178876
vn 0.022211 0.983621 0.178876
vn 0.022211 0.983621 0.178876
f 1173/1173/1173 1174/1174/1174 1175/1175/1175
v 2.300000 4.350000 0.300000
v 2.756957 4.517468 1.164150
v 2.143454 4.517468 1.240330
vt 2.300000 4.650000
vt 2.756957 5.681619
vt 2.143454 5.757799
vn 0.022211 -0.983621 0.178876
vn 0.022211 -0.983621 0.178876
vn 0.022211 -0.983621 0.178876
f 1176/1176/1176 1177/1177/1177 1178/1178/1178
v 2.143454 6.682532 1.240330
v 2.028854 6.225000 1.928700
v 3.091472 6.225000 1.796752
v 2.756957 6.682532 1.164150
vt 2.143454 7.922862
vt 2.028854 8.153700
vt 3.091472 8.021752
vt 2.756957 7.846682
vn 0.069562 0.825426 0.560208
vn 0.069562 0.825426 0.560208
vn 0.069562 0.825426 0.560208
vn 0.069562 0.825426 0.560208
f 1179/1179/1179 1180/1180/1180 1181/1181/1181
f 1179/1179/1179 1181/1181/1181 1182/1182/1182
v 2.028854 6.225000 1.928700
v 1.986907 5.600000 2.180661
v 3.213913 5.600000 2.028301
v 3.091472 6.225000 1.796752
vt 2.028854 8.153700
vt 1.986907 7.780661
vt 3.213913 7.628301
vt 3.091472 8.021752
vn 0.114734 0.364795 0.923992
vn 0.114734 0.364795 0.923992
vn 0.114734 0.364795 0.923992
vn 0.114734 0.364795 0.923992
f 1183/1183/1183 1184/1184/1184 1185/1185/1185
f 1183/1183/1183 1185/1185/1185 1186/1186/1186
v 1.986907 5.600000 2.180661
v 2.028854 4.975000 1.928700
v 3.091472 4.975000 1.796752
v 3.213913 5.600000 2.028301
vt 1.986907 7.780661
vt 2.028854 6.903700
vt 3.091472 6.771752
vt 3.213913 7.628301
vn 0.114734 -0.364795 0.923992
vn 0.114734 -0.364795 0.923992
vn 0.114734 -0.364795 0.923992
vn 0.114734 -0.364795 0.923992
f 1187/1187/1187 1188/1188/1188 1189/1189/1189
f 1187/1187/1187 1189/1189/1189 1190/1190/1190
v 2.028854 4.975000 1.928700
v 2.143454 4.517468 1.240330
v 2.756957 4.517468 1.164150
v 3.091472 4.975000 1.796752
vt 2.028854 6.903700
vt 2.143454 5.757799
vt 2.756957 5.681619
vt 3.091472 6.771752
vn 0.069562 -0.825426 0.560208
vn 0.069562 -0.825426 0.560208
vn 0.069562 -0.825426 0.560208
vn 0.069562 -0.825426 0.560208
f 1191/1191/1191 1192/1192/1192 1193/1193/1193
f 1191/1191/1191 1193/1193/1193 1194/1194/1194
v 2.300000 6.850000 0.300000
v 2.756957 6.682532 1.164150
v 3.225379 6.682532 0.813609
vt 2.300000 7.150000
vt 2.756957 7.846682
vt 3.225379 7.496141
vn 0.102379 0.985293 0.136808
vn 0.102379 0.985293 0.136808
vn 0.102379 0.985293 0.136808
f 1195/1195/1195 1196/1196/1196 1197/1197/1197
v 2.300000 4.350000 0.300000
v 3.225379 4.517468 0.813609
v 2.756957 4.517468 1.164150
vt 2.300000 4.650000
vt 3.225379 5.331077
vt 2.756957 5.681619
vn 0.102379 -0.985293 0.136808
vn 0.102379 -0.985293 0.136808
vn 0.102379 -0.985293 0.136808
f 1198/1198/1198 1199/1199/1199 1200/1200/1200
v 2.756957 6.682532 1.164150
v 3.091472 6.225000 1.796752
v 3.902803 6.225000 1.189596
v 3.225379 6.682532 0.813609
vt 2.756957 7.846682
vt 3.091472 8.021752
vt 3.902803 7.414596
vt 3.225379 7.496141
vn 0.325550 0.839505 0.435027
vn 0.325550 0.839505 0.435027
vn 0.325550 0.839505 0.435027
vn 0.325550 0.839505 0.435027
f 1201/1201/1201 1202/1202/1202 1203/1203/1203
f 1201/1201/1201 1203/1203/1203 1204/1204/1204
v 3.091472 6.225000 1.796752
v 3.213913 5.600000 2.028301
v 4.150758 5.600000 1.327218
v 3.902803 6.225000 1.189596
vt 3.091472 8.021752
vt 3.213913 7.628301
vt 4.150758 6.927218
vt 3.902803 7.414596
vn 0.553587 0.382511 0.739748
vn 0.553587 0.382511 0.739748
vn 0.553587 0.382511 0.739748
vn 0.553587 0.382511 0.739748
f 1205/1205/1205 1206/1206/1206 1207/1207/1207
f 1205/1205/1205 1207/1207/1207 1208/1208/1208
v 3.213913 5.600000 2.028301
v 3.091472 4.975000 1.796752
v 3.902803 4.975000 1.189596
v 4.150758 5.600000 1.327218
vt 3.213913 7.628301
vt 3.091472 6.771752
vt 3.902803 6.164596
vt 4.150758 6.927218
vn 0.553587 -0.382511 0.739748
vn 0.553587 -0.382511 0.739748
vn 0.553587 -0.382511 0.739748
vn 0.553587 -0.382511 0.739748
f 1209/1209/1209 1210/1210/1210 1211/1211/1211
f 1209/1209/1209 1211/1211/1211 1212/1212/1212
v 3.091472 4.975000 1.796752
v 2.756957 4.517468 1.164150
v 3.225379 4.517468 0.813609
v 3.902803 4.975000 1.189596
vt 3.091472 6.771752
vt 2.756957 5.681619
vt 3.225379 5.331077
vt 3.902803 6.164596
vn 0.325550 -0.839505 0.435027
vn 0.325550 -0.839505 0.435027
vn 0.325550 -0.839505 0.435027
vn 0.325550 -0.839505 0.435027
f 1213/1213/1213 1214/1214/1214 1215/1215/1215
f 1213/1213/1213 1215/1215/1215 1216/1216/1216
v 2.300000 6.850000 0.300000
v 3.225379 6.682532 0.813609
v 3.400000 6.682532 0.300000
vt 2.300000 7.150000
vt 3.225379 7.496141
vt 3.400000 6.982532
vn 0.150313 0.987317 0.051105
vn 0.150313 0.987317 0.051105
vn 0.150313 0.987317 0.051105
f 1217/1217/1217 1218/1218/1218 1219/1219/1219
v 2.300000 4.350000 0.300000
v 3.400000 4.517468 0.300000
v 3.225379 4.517468 0.813609
vt 2.300000 4.650000
vt 3.400000 4.817468
vt 3.225379 5.331077
vn 0.150313 -0.987317 0.051105
vn 0.150313 -0.987317 0.051105
vn 0.150313 -0.987317 0.051105
f 1220/1220/1220 1221/1221/1221 1222/1222/1222
v 3.225379 6.682532 0.813609
v 3.902803 6.225000 1.189596
v 4.205256 6.225000 0.300000
v 3.400000 6.682532 0.300000
vt 3.225379 7.496141
vt 3.902803 7.414596
vt 4.205256 6.525000
vt 3.400000 6.982532
vn 0.487186 0.857446 0.165638
vn 0.487186 0.857446 0.165638
vn 0.487186 0.857446 0.165638
vn 0.487186 0.857446 0.165638
f 1223/1223/1223 1224/1224/1224 1225/1225/1225
f 1223/1223/1223 1225/1225/1225 1226/1226/1226
v 3.902803 6.225000 1.189596
v 4.150758 5.600000 1.327218
v 4.500000 5.600000 0.300000
v 4.205256 6.225000 0.300000
vt 3.902803 7.414596
vt 4.150758 6.927218
vt 4.500000 5.900000
vt 4.205256 6.525000
vn 0.864517 0.407698 0.293926
vn 0.864517 0.407698 0.293926
vn 0.864517 0.407698 0.293926
vn 0.864517 0.407698 0.293926
f 1227/1227/1227 1228/1228/1228 1229/1229/1229
f 1227/1227/1227 1229/1229/1229 1230/1230/1230
v 4.150758 5.600000 1.327218
v 3.902803 4.975000 1.189596
v 4.205256 4.975000 0.300000
v 4.500000 5.600000 0.300000
vt 4.150758 6.927218
vt 3.902803 6.164596
vt 4.205256 5.275000
vt 4.500000 5.900000
vn 0.864517 -0.407698 0.293926
vn 0.864517 -0.407698 0.293926
vn 0.864517 -0.407698 0.293926
vn 0.864517 -0.407698 0.293926
f 1231/1231/1231 1232/1232/1232 1233/1233/1233
f 1231/1231/1231 1233/1233/1233 1234/1234/1234
v 3.902803 4.975000 1.189596
v 3.225379 4.517468 0.813609
v 3.400000 4.517468 0.300000
v 4.205256 4.975000 0.300000
vt 3.902803 6.164596
vt 3.225379 5.331077
vt 3.400000 4.817468
vt 4.205256 5.275000
vn 0.487186 -0.857446 0.165638
vn 0.487186 -0.857446 0.165638
vn 0.487186 -0.857446 0.165638
vn 0.487186 -0.857446 0.165638
f 1235/1235/1235 1236/1236/1236 1237/1237/1237
f 1235/1235/1235 1237/1237/1237 1238/1238/1238
v -0.900000 6.300000 -2.000000
v 0.050000 6.166025 -2.000000
v -0.100809 6.166025 -2.446029
vt -0.900000 4.300000
vt 0.050000 4.166025
vt -0.100809 3.719997
vn 0.139489 0.989100 -0.047163
vn 0.139489 0.989100 -0.047163
vn 0.139489 0.989100 -0.047163
f 1239/1239/1239 1240/1240/1240 1241/1241/1241
v -0.900000 4.300000 -2.000000
v -0.100809 4.433975 -2.446029
v 0.050000 4.433975 -2.000000
vt -0.900000 2.300000
vt -0.100809 1.987946
vt 0.050000 2.433975
vn 0.139489 -0.989100 -0.047163
vn 0.139489 -0.989100 -0.047163
vn 0.139489 -0.989100 -0.047163
f 1242/1242/1242 1243/1243/1243 1244/1244/1244
v 0.050000 6.166025 -2.000000
v 0.745448 5.800000 -2.000000
v 0.484239 5.800000 -2.772544
v -0.100809 6.166025 -2.446029
vt 0.050000 4.166025
vt 0.745448 3.800000
vt 0.484239 3.027456
vt -0.100809 3.719997
vn 0.460077 0.874146 -0.155559
vn 0.460077 0.874146 -0.155559
vn 0.460077 0.874146 -0.155559
vn 0.460077 0.874146 -0.155559
f 1245/1245/1245 1246/1246/1246 1247/1247/1247
f 1245/1245/1245 1247/1247/1247 1248/1248/1248
v 0.745448 5.800000 -2.000000
v 1.000000 5.300000 -2.000000
v 0.698382 5.300000 -2.892057
v 0.484239 5.800000 -2.772544
vt 0.745448 3.800000
vt 1.000000 3.300000
vt 0.698382 2.407943
vt 0.484239 3.027456
vn 0.853266 0.434401 -0.288502
vn 0.853266 0.434401 -0.288502
vn 0.853266 0.434401 -0.288502
vn 0.853266 0.434401 -0.288502
f 1249/1249/1249 1250/1250/1250 1251/1251/1251
f 1249/1249/1249 1251/1251/1251 1252/1252/1252
v 1.000000 5.300000 -2.000000
v 0.745448 4.800000 -2.000000
v 0.484239 4.800000 -2.772544
v 0.698382 5.300000 -2.892057
vt 1.000000 3.300000
vt 0.745448 2.800000
vt 0.484239 2.027456
vt 0.698382 2.407943
vn 0.853266 -0.434401 -0.288502
vn 0.853266 -0.434401 -0.288502
vn 0.853266 -0.434401 -0.288502
vn 0.853266 -0.434401 -0.288502
f 1253/1253/1253 1254/1254/1254 1255/1255/1255
f 1253/1253/1253 1255/1255/1255 1256/1256/1256
v 0.745448 4.800000 -2.000000
v 0.050000 4.433975 -2.000000
v -0.100809 4.433975 -2.446029
v 0.484239 4.800000 -2.772544
vt 0.745448 2.800000
vt 0.050000 2.433975
vt -0.100809 1.987946
vt 0.484239 2.027456
vn 0.460077 -0.874146 -0.155559
vn 0.460077 -0.874146 -0.155559
vn 0.460077 -0.874146 -0.155559
vn 0.460077 -0.874146 -0.155559
f 1257/1257/1257 1258/1258/1258 1259/1259/1259
f 1257/1257/1257 1259/1259/1259 1260/1260/1260
v -0.900000 6.300000 -2.000000
v -0.100809 6.166025 -2.446029
v -0.505356 6.166025 -2.750446
vt -0.900000 4.300000
vt -0.100809 3.719997
vt -0.505356 3.415579
vn 0.095041 0.987428 -0.126302
vn 0.095041 0.987428 -0.126302
vn 0.095041 0.987428 -0.126302
f 1261/1261/1261 1262/1262/1262 1263/1263/1263
v -0.900000 4.300000 -2.000000
v -0.505356 4.433975 -2.750446
v -0.100809 4.433975 -2.446029
vt -0.900000 2.300000
vt -0.505356 1.683528
vt -0.100809 1.987946
vn 0.095041 -0.987428 -0.126302
vn 0.095041 -0.987428 -0.126302
vn 0.095041 -0.987428 -0.126302
f 1264/1264/1264 1265/1265/1265 1266/1266/1266
v -0.100809 6.166025 -2.446029
v 0.484239 5.800000 -2.772544
v -0.216456 5.800000 -3.299811
v -0.505356 6.166025 -2.750446
vt -0.100809 3.719997
vt 0.484239 3.027456
vt -0.216456 2.500189
vt -0.505356 3.415579
vn 0.308374 0.858467 -0.409804
vn 0.308374 0.858467 -0.409804
vn 0.308374 0.858467 -0.409804
vn 0.308374 0.858467 -0.409804
f 1267/1267/1267 1268/1268/1268 1269/1269/1269
f 1267/1267/1267 1269/1269/1269 1270/1270/1270
v 0.484239 5.800000 -2.772544
v 0.698382 5.300000 -2.892057
v -0.110711 5.300000 -3.500893
v -0.216456 5.800000 -3.299811
vt 0.484239 3.027456
vt 0.698382 2.407943
vt -0.110711 1.799107
vt -0.216456 2.500189
vn 0.548620 0.409233 -0.729071
vn 0.548620 0.409233 -0.729071
vn 0.548620 0.409233 -0.729071
vn 0.548620 0.409233 -0.729071
f 1271/1271/1271 1272/1272/1272 1273/1273/1273
f 1271/1271/1271 1273/1273/1273 1274/1274/1274
v 0.698382 5.300000 -2.892057
v 0.484239 4.800000 -2.772544
v -0.216456 4.800000 -3.299811
v -0.110711 5.300000 -3.500893
vt 0.698382 2.407943
vt 0.484239 2.027456
vt -0.216456 1.500189
vt -0.110711 1.799107
vn 0.548620 -0.409233 -0.729071
vn 0.548620 -0.409233 -0.729071
vn 0.548620 -0.409233 -0.729071
vn 0.548620 -0.409233 -0.729071
f 1275/1275/1275 1276/1276/1276 1277/1277/1277
f 1275/1275/1275 1277/1277/1277 1278/1278/1278
v 0.484239 4.800000 -2.772544
v -0.100809 4.433975 -2.446029
v -0.505356 4.433975 -2.750446
v -0.216456 4.800000 -3.299811
vt 0.484239 2.027456
vt -0.100809 1.987946
vt -0.505356 1.683528
vt -0.216456 1.500189
vn 0.308374 -0.858467 -0.409804
vn 0.308374 -0.858467 -0.409804
vn 0.308374 -0.858467 -0.409804
vn 0.308374 -0.858467 -0.409804
f 1279/1279/1279 1280/1280/1280 1281/1281/1281
f 1279/1279/1279 1281/1281/1281 1282/1282/1282
v -0.900000 6.300000 -2.000000
v -0.505356 6.166025 -2.750446
v -1.035199 6.166025 -2.816603
vt -0.900000 4.300000
vt -0.505356 3.415579
vt -1.035199 3.349423
vn 0.020626 0.986046 -0.165189
vn 0.020626 0.986046 -0.165189
vn 0.020626 0.986046 -0.165189
f 1283/1283/1283 1284/1284/1284 1285/1285/1285
v -0.900000 4.300000 -2.000000
v -1.035199 4.433975 -2.816603
v -0.505356 4.433975 -2.750446
vt -0.900000 2.300000
vt -1.035199 1.617372
vt -0.505356 1.683528
vn 0.020626 -0.986046 -0.165189
vn 0.020626 -0.986046 -0.165189
vn 0.020626 -0.986046 -0.165189
f 1286/1286/1286 1287/1287/1287 1288/1288/1288
v -0.505356 6.166025 -2.750446
v -0.216456 5.800000 -3.299811
v -1.134172 5.800000 -3.414397
v -1.035199 6.166025 -2.816603
vt -0.505356 3.415579
vt -0.216456 2.500189
vt -1.134172 2.385603
vt -1.035199 3.349423
vn 0.066048 0.846064 -0.528974
vn 0.066048 0.846064 -0.528974
vn 0.066048 0.846064 -0.528974
vn 0.066048 0.846064 -0.528974
f 1289/1289/1289 1290/1290/1290 1291/1291/1291
f 1289/1289/1289 1291/1291/1291 1292/1292/1292
v -0.216456 5.800000 -3.299811
v -0.110711 5.300000 -3.500893
v -1.170398 5.300000 -3.633205
v -1.134172 5.800000 -3.414397
vt -0.216456 2.500189
vt -0.110711 1.799107
vt -1.170398 1.666795
vt -1.134172 2.385603
vn 0.114016 0.391349 -0.913152
vn 0.114016 0.391349 -0.913152
vn 0.114016 0.391349 -0.913152
vn 0.114016 0.391349 -0.913152
f 1293/1293/1293 1294/1294/1294 1295/1295/1295
f 1293/1293/1293 1295/1295/1295 1296/1296/1296
v -0.110711 5.300000 -3.500893
v -0.216456 4.800000 -3.299811
v -1.134172 4.800000 -3.414397
v -1.170398 5.300000 -3.633205
vt -0.110711 1.799107
vt -0.216456 1.500189
vt -1.134172 1.385603
vt -1.170398 1.666795
vn 0.114016 -0.391349 -0.913152
vn 0.114016 -0.391349 -0.913152
vn 0.114016 -0.391349 -0.913152
vn 0.114016 -0.391349 -0.913152
f 1297/1297/1297 1298/1298/1298 1299/1299/1299
f 1297/1297/1297 1299/1299/1299 1300/1300/1300
v -0.216456 4.800000 -3.299811
v -0.505356 4.433975 -2.750446
v -1.035199 4.433975 -2.816603
v -1.134172 4.800000 -3.414397
vt -0.216456 1.500189
vt -0.505356 1.683528
vt -1.035199 1.617372
vt -1.134172 1.385603
vn 0.066048 -0.846064 -0.528974
vn 0.066048 -0.846064 -0.528974
vn 0.066048 -0.846064 -0.528974
vn 0.066048 -0.846064 -0.528974
f 1301/1301/1301 1302/1302/1302 1303/1303/1303
f 1301/1301/1301 1303/1303/1303 1304/1304/1304
v -0.900000 6.300000 -2.000000
v -1.035199 6.166025 -2.816603
v -1.522118 6.166025 -2.623493
vt -0.900000 4.300000
vt -1.035199 3.349423
vt -1.522118 3.542532
vn -0.060237 0.986561 -0.151885
vn -0.060237 0.986561 -0.151885
vn -0.060237 0.986561 -0.151885
f 1305/1305/1305 1306/1306/1306 1307/1307/1307
v -0.900000 4.300000 -2.000000
v -1.522118 4.433975 -2.623493
v -1.035199 4.433975 -2.816603
vt -0.900000 2.300000
vt -1.522118 1.810481
vt -1.035199 1.617372
vn -0.060237 -0.986561 -0.151885
vn -0.060237 -0.986561 -0.151885
vn -0.060237 -0.986561 -0.151885
f 1308/1308/1308 1309/1309/1309 1310/1310/1310
v -1.035199 6.166025 -2.816603
v -1.134172 5.800000 -3.414397
v -1.977539 5.800000 -3.079922
v -1.522118 6.166025 -2.623493
vt -1.035199 3.349423
vt -1.134172 2.385603
vt -1.977539 2.720078
vt -1.522118 3.542532
vn -0.193832 0.850625 -0.488740
vn -0.193832 0.850625 -0.488740
vn -0.193832 0.850625 -0.488740
vn -0.193832 0.850625 -0.488740
f 1311/1311/1311 1312/1312/1312 1313/1313/1313
f 1311/1311/1311 1313/1313/1313 1314/1314/1314
v -1.134172 5.800000 -3.414397
v -1.170398 5.300000 -3.633205
v -2.144235 5.300000 -3.246987
v -1.977539 5.800000 -3.079922
vt -1.134172 2.385603
vt -1.170398 1.666795
vt -2.144235 2.053013
vt -1.977539 2.720078
vn -0.338245 0.397738 -0.852874
vn -0.338245 0.397738 -0.852874
vn -0.338245 0.397738 -0.852874
vn -0.338245 0.397738 -0.852874
f 1315/1315/1315 1316/1316/1316 1317/1317/1317
f 1315/1315/1315 1317/1317/1317 1318/1318/1318
v -1.170398 5.300000 -3.633205
v -1.134172 4.800000 -3.414397
v -1.977539 4.800000 -3.079922
v -2.144235 5.300000 -3.246987
vt -1.170398 1.666795
vt -1.134172 1.385603
vt -1.977539 1.720078
vt -2.144235 2.053013
vn -0.338245 -0.397738 -0.852874
vn -0.338245 -0.397738 -0.852874
vn -0.338245 -0.397738 -0.852874
vn -0.338245 -0.397738 -0.852874
f 1319/1319/1319 1320/1320/1320 1321/1321/1321
f 1319/1319/1319 1321/1321/1321 1322/1322/1322
v -1.134172 4.800000 -3.414397
v -1.035199 4.433975 -2.816603
v -1.522118 4.433975 -2.623493
v -1.977539 4.800000 -3.079922
vt -1.134172 1.385603
vt -1.035199 1.617372
vt -1.522118 1.810481
vt -1.977539 1.720078
vn -0.193832 -0.850625 -0.488740
vn -0.193832 -0.850625 -0.488740
vn -0.193832 -0.850625 -0.488740
vn -0.193832 -0.850625 -0.488740
f 1323/1323/1323 1324/1324/1324 1325/1325/1325
f 1323/1323/1323 1325/1325/1325 1326/1326/1326
v -0.900000 6.300000 -2.000000
v -1.522118 6.166025 -2.623493
v -1.811518 6.166025 -2.232429
vt -0.900000 4.300000
vt -1.522118 3.542532
vt -1.811518 3.933596
vn -0.122210 0.988375 -0.090439
vn -0.122210 0.988375 -0.090439
vn -0.122210 0.988375 -0.090439
f 1327/1327/1327 1328/1328/1328 1329/1329/1329
v -0.900000 4.300000 -2.000000
v -1.811518 4.433975 -2.232429
v -1.522118 4.433975 -2.623493
vt -0.900000 2.300000
vt -1.811518 2.201545
vt -1.522118 1.810481
vn -0.122210 -0.988375 -0.090439
vn -0.122210 -0.988375 -0.090439
vn -0.122210 -0.988375 -0.090439
f 1330/1330/1330 1331/1331/1331 1332/1332/1332
v -1.522118 6.166025 -2.623493
v -1.977539 5.800000 -3.079922
v -2.478796 5.800000 -2.402579
v -1.811518 6.166025 -2.232429
vt -1.522118 3.542532
vt -1.977539 2.720078
vt -2.478796 3.397421
vt -1.811518 3.933596
vn -0.400200 0.867253 -0.296162
vn -0.400200 0.867253 -0.296162
vn -0.400200 0.867253 -0.296162
vn -0.400200 0.867253 -0.296162
f 1333/1333/1333 1334/1334/1334 1335/1335/1335
f 1333/1333/1333 1335/1335/1335 1336/1336/1336
v -1.977539 5.800000 -3.079922
v -2.144235 5.300000 -3.246987
v -2.723037 5.300000 -2.464859
v -2.478796 5.800000 -2.402579
vt -1.977539 2.720078
vt -2.144235 2.053013
vt -2.723037 2.835141
vt -2.478796 3.397421
vn -0.728393 0.422948 -0.539035
vn -0.728393 0.422948 -0.539035
vn -0.728393 0.422948 -0.539035
vn -0.728393 0.422948 -0.539035
f 1337/1337/1337 1338/1338/1338 1339/1339/1339
f 1337/1337/1337 1339/1339/1339 1340/1340/1340
v -2.144235 5.300000 -3.246987
v -1.977539 4.800000 -3.079922
v -2.478796 4.800000 -2.402579
v -2.723037 5.300000 -2.464859
vt -2.144235 2.053013
vt -1.977539 1.720078
vt -2.478796 2.397421
vt -2.723037 2.835141
vn -0.728393 -0.422948 -0.539035
vn -0.728393 -0.422948 -0.539035
vn -0.728393 -0.422948 -0.539035
vn -0.728393 -0.422948 -0.539035
f 1341/1341/1341 1342/1342/1342 1343/1343/1343
f 1341/1341/1341 1343/1343/1343 1344/1344/1344
v -1.977539 4.800000 -3.079922
v -1.522118 4.433975 -2.623493
v -1.811518 4.433975 -2.232429
v -2.478796 4.800000 -2.402579
vt -1.977539 1.720078
vt -1.522118 1.810481
vt -1.811518 2.201545
vt -2.478796 2.397421
vn -0.400200 -0.867253 -0.296162
vn -0.400200 -0.867253 -0.296162
vn -0.400200 -0.867253 -0.296162
vn -0.400200 -0.867253 -0.296162
f 1345/1345/1345 1346/1346/1346 1347/1347/1347
f 1345/1345/1345 1347/1347/1347 1348/1348/1348
v -0.900000 6.300000 -2.000000
v -1.811518 6.166025 -2.232429
v -1.811518 6.166025 -1.767571
vt -0.900000 4.300000
vt -1.811518 3.933596
vt -1.811518 4.398455
vn -0.145417 0.989370 -0.000000
vn -0.145417 0.989370 -0.000000
vn -0.145417 0.989370 -0.000000
f 1349/1349/1349 1350/1350/1350 1351/1351/1351
v -0.900000 4.300000 -2.000000
v -1.811518 4.433975 -1.767571
v -1.811518 4.433975 -2.232429
vt -0.900000 2.300000
vt -1.811518 2.666404
vt -1.811518 2.201545
vn -0.145417 -0.989370 -0.000000
vn -0.145417 -0.989370 -0.000000
vn -0.145417 -0.989370 -0.000000
f 1352/1352/1352 1353/1353/1353 1354/1354/1354
v -1.811518 6.166025 -2.232429
v -2.478796 5.800000 -2.402579
v -2.478796 5.800000 -1.597421
v -1.811518 6.166025 -1.767571
vt -1.811518 3.933596
vt -2.478796 3.397421
vt -2.478796 4.202579
vt -1.811518 4.398455
vn -0.480933 0.876758 0.000000
vn -0.480933 0.876758 0.000000
vn -0.480933 0.876758 0.000000
vn -0.480933 0.876758 0.000000
f 1355/1355/1355 1356/1356/1356 1357/1357/1357
f 1355/1355/1355 1357/1357/1357 1358/1358/1358
v -2.478796 5.800000 -2.402579
v -2.723037 5.300000 -2.464859
v -2.723037 5.300000 -1.535141
v -2.478796 5.800000 -1.597421
vt -2.478796 3.397421
vt -2.723037 2.835141
vt -2.723037 3.764859
vt -2.478796 4.202579
vn -0.898529 0.438914 0.000000
vn -0.898529 0.438914 0.000000
vn -0.898529 0.438914 0.000000
vn -0.898529 0.438914 0.000000
f 1359/1359/1359 1360/1360/1360 1361/1361/1361
f 1359/1359/1359 1361/1361/1361 1362/1362/1362
v -2.723037 5.300000 -2.464859
v -2.478796 4.800000 -2.402579
v -2.478796 4.800000 -1.597421
v -2.723037 5.300000 -1.535141
vt -2.723037 2.835141
vt -2.478796 2.397421
vt -2.478796 3.202579
vt -2.723037 3.764859
vn -0.898529 -0.438914 -0.000000
vn -0.898529 -0.438914 -0.000000
vn -0.898529 -0.438914 -0.000000
vn -0.898529 -0.438914 -0.000000
f 1363/1363/1363 1364/1364/1364 1365/1365/1365
f 1363/1363/1363 1365/1365/1365 1366/1366/1366
v -2.478796 4.800000 -2.402579
v -1.811518 4.433975 -2.232429
v -1.811518 4.433975 -1.767571
v -2.478796 4.800000 -1.597421
vt -2.478796 2.397421
vt -1.811518 2.201545
vt -1.811518 2.666404
vt -2.478796 3.202579
vn -0.480933 -0.876758 -0.000000
vn -0.480933 -0.876758 -0.000000
vn -0.480933 -0.876758 -0.000000
vn -0.480933 -0.876758 -0.000000
f 1367/1367/1367 1368/1368/1368 1369/1369/1369
f 1367/1367/1367 1369/1369/1369 1370/1370/1370
v -0.900000 6.300000 -2.000000
v -1.811518 6.166025 -1.767571
v -1.522118 6.166025 -1.376507
vt -0.900000 4.300000
vt -1.811518 4.398455
vt -1.522118 4.789519
vn -0.122210 0.988375 0.090439
vn -0.122210 0.988375 0.090439
vn -0.122210 0.988375 0.090439
f 1371/1371/1371 1372/1372/1372 1373/1373/1373
v -0.900000 4.300000 -2.000000
v -1.522118 4.433975 -1.376507
v -1.811518 4.433975 -1.767571
vt -0.900000 2.300000
vt -1.522118 3.057468
vt -1.811518 2.666404
vn -0.122210 -0.988375 0.090439
vn -0.122210 -0.988375 0.090439
vn -0.122210 -0.988375 0.090439
f 1374/1374/1374 1375/1375/1375 1376/1376/1376
v -1.811518 6.166025 -1.767571
v -2.478796 5.800000 -1.597421
v -1.977539 5.800000 -0.920078
v -1.522118 6.166025 -1.376507
vt -1.811518 4.398455
vt -2.478796 4.202579
vt -1.977539 4.879922
vt -1.522118 4.789519
vn -0.400200 0.867253 0.296162
vn -0.400200 0.867253 0.296162
vn -0.400200 0.867253 0.296162
vn -0.400200 0.867253 0.296162
f 1377/1377/1377 1378/1378/1378 1379/1379/1379
f 1377/1377/1377 1379/1379/1379 1380/1380/1380
v -2.478796 5.800000 -1.597421
v -2.723037 5.300000 -1.535141
v -2.144235 5.300000 -0.753013
v -1.977539 5.800000 -0.920078
vt -2.478796 4.202579
vt -2.723037 3.764859
vt -2.144235 4.546987
vt -1.977539 4.879922
vn -0.728393 0.422948 0.539035
vn -0.728393 0.422948 0.539035
vn -0.728393 0.422948 0.539035
vn -0.728393 0.422948 0.539035
f 1381/1381/1381 1382/1382/1382 1383/1383/1383
f 1381/1381/1381 1383/1383/1383 1384/1384/1384
v -2.723037 5.300000 -1.535141
v -2.478796 4.800000 -1.597421
v -1.977539 4.800000 -0.920078
v -2.144235 5.300000 -0.753013
vt -2.723037 3.764859
vt -2.478796 3.202579
vt -1.977539 3.879922
vt -2.144235 4.546987
vn -0.728393 -0.422948 0.539035
vn -0.728393 -0.422948 0.539035
vn -0.728393 -0.422948 0.539035
vn -0.728393 -0.422948 0.539035
f 1385/1385/1385 1386/1386/1386 1387/1387/1387
f 1385/1385/1385 1387/1387/1387 1388/1388/1388
v -2.478796 4.800000 -1.597421
v -1.811518 4.433975 -1.767571
v -1.522118 4.433975 -1.376507
v -1.977539 4.800000 -0.920078
vt -2.478796 3.202579
vt -1.811518 2.666404
vt -1.522118 3.057468
vt -1.977539 3.879922
vn -0.400200 -0.867253 0.296162
vn -0.400200 -0.867253 0.296162
vn -0.400200 -0.867253 0.296162
vn -0.400200 -0.867253 0.296162
f 1389/1389/1389 1390/1390/1390 1391/1391/1391
f 1389/1389/1389 1391/1391/1391 1392/1392/1392
v -0.900000 6.300000 -2.000000
v -1.522118 6.166025 -1.376507
v -1.035199 6.166025 -1.183397
vt -0.900000 4.300000
vt -1.522118 4.789519
vt -1.035199 4.982628
vn -0.060237 0.986561 0.151885
vn -0.060237 0.986561 0.151885
vn -0.060237 0.986561 0.151885
f 1393/1393/1393 1394/1394/1394 1395/1395/1395
v -0.900000 4.300000 -2.000000
v -1.035199 4.433975 -1.183397
v -1.522118 4.433975 -1.376507
vt -0.900000 2.300000
vt -1.035199 3.250577
vt -1.522118 3.057468
vn -0.060237 -0.986561 0.151885
vn -0.060237 -0.986561 0.151885
vn -0.060237 -0.986561 0.151885
f 1396/1396/1396 1397/1397/1397 1398/1398/1398
v -1.522118 6.166025 -1.376507
v -1.977539 5.800000 -0.920078
v -1.134172 5.800000 -0.585603
v -1.035199 6.166025 -1.183397
vt -1.522118 4.789519
vt -1.977539 4.879922
vt -1.134172 5.214397
vt -1.035199 4.982628
vn -0.193832 0.850625 0.488740
vn -0.193832 0.850625 0.488740
vn -0.193832 0.850625 0.488740
vn -0.193832 0.850625 0.488740
f 1399/1399/1399 1400/1400/1400 1401/1401/1401
f 1399/1399/1399 1401/1401/1401 1402/1402/1402
v -1.977539 5.800000 -0.920078
v -2.144235 5.300000 -0.753013
v -1.170398 5.300000 -0.366795
v -1.134172 5.800000 -0.585603
vt -1.977539 4.879922
vt -2.144235 4.546987
vt -1.170398 4.933205
vt -1.134172 5.214397
vn -0.338245 0.397738 0.852874
vn -0.338245 0.397738 0.852874
vn -0.338245 0.397738 0.852874
vn -0.338245 0.397738 0.852874
f 1403/1403/1403 1404/1404/1404 1405/1405/1405
f 1403/1403/1403 1405/1405/1405 1406/1406/1406
v -2.144235 5.300000 -0.753013
v -1.977539 4.800000 -0.920078
v -1.134172 4.800000 -0.585603
v -1.170398 5.300000 -0.366795
vt -2.144235 4.546987
vt -1.977539 3.879922
vt -1.134172 4.214397
vt -1.170398 4.933205
vn -0.338245 -0.397738 0.852874
vn -0.338245 -0.397738 0.852874
vn -0.338245 -0.397738 0.852874
vn -0.338245 -0.397738 0.852874
f 1407/1407/1407 1408/1408/1408 1409/1409/1409
f 1407/1407/1407 1409/1409/1409 1410/1410/1410
v -1.977539 4.800000 -0.920078
v -1.522118 4.433975 -1.376507
v -1.035199 4.433975 -1.183397
v -1.134172 4.800000 -0.585603
vt -1.977539 3.879922
vt -1.522118 3.057468
vt -1.035199 3.250577
vt -1.134172 4.214397
vn -0.193832 -0.850625 0.488740
vn -0.193832 -0.850625 0.488740
vn -0.193832 -0.850625 0.488740
vn -0.193832 -0.850625 0.488740
f 1411/1411/1411 1412/1412/1412 1413/1413/1413
f 1411/1411/1411 1413/1413/1413 1414/1414/1414
v -0.900000 6.300000 -2.000000
v -1.035199 6.166025 -1.183397
v -0.505356 6.166025 -1.249554
vt -0.900000 4.300000
vt -1.035199 4.982628
vt -0.505356 4.916472
vn 0.020626 0.986046 0.165189
vn 0.020626 0.986046 0.165189
vn 0.020626 0.986046 0.165189
f 1415/1415/1415 1416/1416/1416 1417/1417/1417
v -0.900000 4.300000 -2.000000
v -0.505356 4.433975 -1.249554
v -1.035199 4.433975 -1.183397
vt -0.900000 2.300000
vt -0.505356 3.184421
vt -1.035199 3.250577
vn 0.020626 -0.986046 0.165189
vn 0.020626 -0.986046 0.165189
vn 0.020626 -0.986046 0.165189
f 1418/1418/1418 1419/1419/1419 1420/1420/1420
v -1.035199 6.166025 -1.183397
v -1.134172 5.800000 -0.585603
v -0.216456 5.800000 -0.700189
v -0.505356 6.166025 -1.249554
vt -1.035199 4.982628
vt -1.134172 5.214397
vt -0.216456 5.099811
vt -0.505356 4.916472
vn 0.066048 0.846064 0.528974
vn 0.066048 0.846064 0.528974
vn 0.066048 0.846064 0.528974
vn 0.066048 0.846064 0.528974
f 1421/1421/1421 1422/1422/1422 1423/1423/1423
f 1421/1421/1421 1423/1423/1423 1424/1424/1424
v -1.134172 5.800000 -0.585603
v -1.170398 5.300000 -0.366795
v -0.110711 5.300000 -0.499107
v -0.216456 5.800000 -0.700189
vt -1.134172 5.214397
vt -1.170398 4.933205
vt -0.110711 4.800893
vt -0.216456 5.099811
vn 0.114016 0.391349 0.913152
vn 0.114016 0.391349 0.913152
vn 0.114016 0.391349 0.913152
vn 0.114016 0.391349 0.913152
f 1425/1425/1425 1426/1426/1426 1427/1427/1427
f 1425/1425/1425 1427/1427/1427 1428/1428/1428
v -1.170398 5.300000 -0.366795
v -1.134172 4.800000 -0.585603
v -0.216456 4.800000 -0.700189
v -0.110711 5.300000 -0.499107
vt -1.170398 4.933205
vt -1.134172 4.214397
vt -0.216456 4.099811
vt -0.110711 4.800893
vn 0.114016 -0.391349 0.913152
vn 0.114016 -0.391349 0.913152
vn 0.114016 -0.391349 0.913152
vn 0.114016 -0.391349 0.913152
f 1429/1429/1429 1430/1430/1430 1431/1431/1431
f 1429/1429/1429 1431/1431/1431 1432/1432/1432
v -1.134172 4.800000 -0.585603
v -1.035199 4.433975 -1.183397
v -0.505356 4.433975 -1.249554
v -0.216456 4.800000 -0.700189
vt -1.134172 4.214397
vt -1.035199 3.250577
vt -0.505356 3.184421
vt -0.216456 4.099811
vn 0.066048 -0.846064 0.528974
vn 0.066048 -0.846064 0.528974
vn 0.066048 -0.846064 0.528974
vn 0.066048 -0.846064 0.528974
f 1433/1433/1433 1434/1434/1434 1435/1435/1435
f 1433/1433/1433 1435/1435/1435 1436/1436/1436
v -0.900000 6.300000 -2.000000
v -0.505356 6.166025 -1.249554
v -0.100809 6.166025 -1.553971
vt -0.900000 4.300000
vt -0.505356 4.916472
vt -0.100809 4.612054
vn 0.095041 0.987428 0.126302
vn 0.095041 0.987428 0.126302
vn 0.095041 0.987428 0.126302
f 1437/1437/1437 1438/1438/1438 1439/1439/1439
v -0.900000 4.300000 -2.000000
v -0.100809 4.433975 -1.553971
v -0.505356 4.433975 -1.249554
vt -0.900000 2.300000
vt -0.100809 2.880003
vt -0.505356 3.184421
vn 0.095041 -0.987428 0.126302
vn 0.095041 -0.987428 0.126302
vn 0.095041 -0.987428 0.126302
f 1440/1440/1440 1441/1441/1441 1442/1442/1442
v -0.505356 6.166025 -1.249554
v -0.216456 5.800000 -0.700189
v 0.484239 5.800000 -1.227456
v -0.100809 6.166025 -1.553971
vt -0.505356 4.916472
vt -0.216456 5.099811
vt 0.484239 4.572544
vt -0.100809 4.612054
vn 0.308374 0.858467 0.409804
vn 0.308374 0.858467 0.409804
vn 0.308374 0.858467 0.409804
vn 0.308374 0.858467 0.409804
f 1443/1443/1443 1444/1444/1444 1445/1445/1445
f 1443/1443/1443 1445/1445/1445 1446/1446/1446
v -0.216456 5.800000 -0.700189
v -0.110711 5.300000 -0.499107
v 0.698382 5.300000 -1.107943
v 0.484239 5.800000 -1.227456
vt -0.216456 5.099811
vt -0.110711 4.800893
vt 0.698382 4.192057
vt 0.484239 4.572544
vn 0.548620 0.409233 0.729071
vn 0.548620 0.409233 0.729071
vn 0.548620 0.409233 0.729071
vn 0.548620 0.409233 0.729071
f 1447/1447/1447 1448/1448/1448 1449/1449/1449
f 1447/1447/1447 1449/1449/1449 1450/1450/1450
v -0.110711 5.300000 -0.499107
v -0.216456 4.800000 -0.700189
v 0.484239 4.800000 -1.227456
v 0.698382 5.300000 -1.107943
vt -0.110711 4.800893
vt -0.216456 4.099811
vt 0.484239 3.572544
vt 0.698382 4.192057
vn 0.548620 -0.409233 0.729071
vn 0.548620 -0.409233 0.729071
vn 0.548620 -0.409233 0.729071
vn 0.548620 -0.409233 0.729071
f 1451/1451/1451 1452/1452/1452 1453/1453/1453
f 1451/1451/1451 1453/1453/1453 1454/1454/1454
v -0.216456 4.800000 -0.700189
v -0.505356 4.433975 -1.249554
v -0.100809 4.433975 -1.553971
v 0.484239 4.800000 -1.227456
vt -0.216456 4.099811
vt -0.505356 3.184421
vt -0.100809 2.880003
vt 0.484239 3.572544
vn 0.308374 -0.858467 0.409804
vn 0.308374 -0.858467 0.409804
vn 0.308374 -0.858467 0.409804
vn 0.308374 -0.858467 0.409804
f 1455/1455/1455 1456/1456/1456 1457/1457/1457
f 1455/1455/1455 1457/1457/1457 1458/1458/1458
v -0.900000 6.300000 -2.000000
v -0.100809 6.166025 -1.553971
v 0.050000 6.166025 -2.000000
vt -0.900000 4.300000
vt -0.100809 4.612054
vt 0.050000 4.166025
vn 0.139489 0.989100 0.047163
vn 0.139489 0.989100 0.047163
vn 0.139489 0.989100 0.047163
f 1459/1459/1459 1460/1460/1460 1461/1461/1461
v -0.900000 4.300000 -2.000000
v 0.050000 4.433975 -2.000000
v -0.100809 4.433975 -1.553971
vt -0.900000 2.300000
vt 0.050000 2.433975
vt -0.100809 2.880003
vn 0.139489 -0.989100 0.047163
vn 0.139489 -0.989100 0.047163
vn 0.139489 -0.989100 0.047163
f 1462/1462/1462 1463/1463/1463 1464/1464/1464
v -0.100809 6.166025 -1.553971
v 0.484239 5.800000 -1.227456
v 0.745448 5.800000 -2.000000
v 0.050000 6.166025 -2.000000
vt -0.100809 4.612054
vt 0.484239 4.572544
vt 0.745448 3.800000
vt 0.050000 4.166025
vn 0.460077 0.874146 0.155559
vn 0.460077 0.874146 0.155559
vn 0.460077 0.874146 0.155559
vn 0.460077 0.874146 0.155559
f 1465/1465/1465 1466/1466/1466 1467/1467/1467
f 1465/1465/1465 1467/1467/1467 1468/1468/1468
v 0.484239 5.800000 -1.227456
v 0.698382 5.300000 -1.107943
v 1.000000 5.300000 -2.000000
v 0.745448 5.800000 -2.000000
vt 0.484239 4.572544
vt 0.698382 4.192057
vt 1.000000 3.300000
vt 0.745448 3.800000
vn 0.853266 0.434401 0.288502
vn 0.853266 0.434401 0.288502
vn 0.853266 0.434401 0.288502
vn 0.853266 0.434401 0.288502
f 1469/1469/1469 1470/1470/1470 1471/1471/1471
f 1469/1469/1469 1471/1471/1471 1472/1472/1472
v 0.698382 5.300000 -1.107943
v 0.484239 4.800000 -1.227456
v 0.745448 4.800000 -2.000000
v 1.000000 5.300000 -2.000000
vt 0.698382 4.192057
vt 0.484239 3.572544
vt 0.745448 2.800000
vt 1.000000 3.300000
vn 0.853266 -0.434401 0.288502
vn 0.853266 -0.434401 0.288502
vn 0.853266 -0.434401 0.288502
vn 0.853266 -0.434401 0.288502
f 1473/1473/1473 1474/1474/1474 1475/1475/1475
f 1473/1473/1473 1475/1475/1475 1476/1476/1476
v 0.484239 4.800000 -1.227456
v -0.100809 4.433975 -1.553971
v 0.050000 4.433975 -2.000000
v 0.745448 4.800000 -2.000000
vt 0.484239 3.572544
vt -0.100809 2.880003
vt 0.050000 2.433975
vt 0.745448 2.800000
vn 0.460077 -0.874146 0.155559
vn 0.460077 -0.874146 0.155559
vn 0.460077 -0.874146 0.155559
vn 0.460077 -0.874146 0.155559
f 1477/1477/1477 1478/1478/1478 1479/1479/1479
f 1477/1477/1477 1479/1479/1479 1480/1480/1480
usemtl leaf_light
v 0.200000 7.550000 -0.350000
v 1.250000 7.402628 -0.350000
v 1.083316 7.402628 -0.904157
vt 0.200000 7.200000
vt 1.250000 7.052628
vt 1.083316 6.498471
vn 0.138871 0.989429 -0.041771
vn 0.138871 0.989429 -0.041771
vn 0.138871 0.989429 -0.041771
f 1481/1481/1481 1482/1482/1482 1483/1483/1483
v 0.200000 5.350000 -0.350000
v 1.083316 5.497372 -0.904157
v 1.250000 5.497372 -0.350000
vt 0.200000 5.000000
vt 1.083316 4.593215
vt 1.250000 5.147372
vn 0.138871 -0.989429 -0.041771
vn 0.138871 -0.989429 -0.041771
vn 0.138871 -0.989429 -0.041771
f 1484/1484/1484 1485/1485/1485 1486/1486/1486
v 1.250000 7.402628 -0.350000
v 2.018653 7.000000 -0.350000
v 1.729949 7.000000 -1.309828
v 1.083316 7.402628 -0.904157
vt 1.250000 7.052628
vt 2.018653 6.650000
vt 1.729949 5.690172
vt 1.083316 6.498471
vn 0.459553 0.877328 -0.138228
vn 0.459553 0.877328 -0.138228
vn 0.459553 0.877328 -0.138228
vn 0.459553 0.877328 -0.138228
f 1487/1487/1487 1488/1488/1488 1489/1489/1489
f 1487/1487/1487 1489/1489/1489 1490/1490/1490
v 2.018653 7.000000 -0.350000
v 2.300000 6.450000 -0.350000
v 1.966632 6.450000 -1.458314
v 1.729949 7.000000 -1.309828
vt 2.018653 6.650000
vt 2.300000 6.100000
vt 1.966632 4.991686
vt 1.729949 5.690172
vn 0.859980 0.439913 -0.258672
vn 0.859980 0.439913 -0.258672
vn 0.859980 0.439913 -0.258672
vn 0.859980 0.439913 -0.258672
f 1491/1491/1491 1492/1492/1492 1493/1493/1493
f 1491/1491/1491 1493/1493/1493 1494/1494/1494
v 2.300000 6.450000 -0.350000
v 2.018653 5.900000 -0.350000
v 1.729949 5.900000 -1.309828
v 1.966632 6.450000 -1.458314
vt 2.300000 6.100000
vt 2.018653 5.550000
vt 1.729949 4.590172
vt 1.966632 4.991686
vn 0.859980 -0.439913 -0.258672
vn 0.859980 -0.439913 -0.258672
vn 0.859980 -0.439913 -0.258672
vn 0.859980 -0.439913 -0.258672
f 1495/1495/1495 1496/1496/1496 1497/1497/1497
f 1495/1495/1495 1497/1497/1497 1498/1498/1498
v 2.018653 5.900000 -0.350000
v 1.250000 5.497372 -0.350000
v 1.083316 5.497372 -0.904157
v 1.729949 5.900000 -1.309828
vt 2.018653 5.550000
vt 1.250000 5.147372
vt 1.083316 4.593215
vt 1.729949 4.590172
vn 0.459553 -0.877328 -0.138228
vn 0.459553 -0.877328 -0.138228
vn 0.459553 -0.877328 -0.138228
vn 0.459553 -0.877328 -0.138228
f 1499/1499/1499 1500/1500/1500 1501/1501/1501
f 1499/1499/1499 1501/1501/1501 1502/1502/1502
v 0.200000 7.550000 -0.350000
v 1.083316 7.402628 -0.904157
v 0.636186 7.402628 -1.282373
vt 0.200000 7.200000
vt 1.083316 6.498471
vt 0.636186 6.120255
vn 0.094756 0.989178 -0.112022
vn 0.094756 0.989178 -0.112022
vn 0.094756 0.989178 -0.112022
f 1503/1503/1503 1504/1504/1504 1505/1505/1505
v 0.200000 5.350000 -0.350000
v 0.636186 5.497372 -1.282373
v 1.083316 5.497372 -0.904157
vt 0.200000 5.000000
vt 0.636186 4.214999
vt 1.083316 4.593215
vn 0.094756 -0.989178 -0.112022
vn 0.094756 -0.989178 -0.112022
vn 0.094756 -0.989178 -0.112022
f 1506/1506/1506 1507/1507/1507 1508/1508/1508
v 1.083316 7.402628 -0.904157
v 1.729949 7.000000 -1.309828
v 0.955496 7.000000 -1.964917
v 0.636186 7.402628 -1.282373
vt 1.083316 6.498471
vt 1.729949 5.690172
vt 0.955496 5.035083
vt 0.636186 6.120255
vn 0.312778 0.874895 -0.369769
vn 0.312778 0.874895 -0.369769
vn 0.312778 0.874895 -0.369769
vn 0.312778 0.874895 -0.369769
f 1509/1509/1509 1510/1510/1510 1511/1511/1511
f 1509/1509/1509 1511/1511/1511 1512/1512/1512
v 1.729949 7.000000 -1.309828
v 1.966632 6.450000 -1.458314
v 1.072372 6.450000 -2.214746
v 0.955496 7.000000 -1.964917
vt 1.729949 5.690172
vt 1.966632 4.991686
vt 1.072372 4.235254
vt 0.955496 5.035083
vn 0.581300 0.435685 -0.687218
vn 0.581300 0.435685 -0.687218
vn 0.581300 0.435685 -0.687218
vn 0.581300 0.435685 -0.687218
f 1513/1513/1513 1514/1514/1514 1515/1515/1515
f 1513/1513/1513 1515/1515/1515 1516/1516/1516
v 1.966632 6.450000 -1.458314
v 1.729949 5.900000 -1.309828
v 0.955496 5.900000 -1.964917
v 1.072372 6.450000 -2.214746
vt 1.966632 4.991686
vt 1.729949 4.590172
vt 0.955496 3.935083
vt 1.072372 4.235254
vn 0.581300 -0.435685 -0.687218
vn 0.581300 -0.435685 -0.687218
vn 0.581300 -0.435685 -0.687218
vn 0.581300 -0.435685 -0.687218
f 1517/1517/1517 1518/1518/1518 1519/1519/1519
f 1517/1517/1517 1519/1519/1519 1520/1520/1520
v 1.729949 5.900000 -1.309828
v 1.083316 5.497372 -0.904157
v 0.636186 5.497372 -1.282373
v 0.955496 5.900000 -1.964917
vt 1.729949 4.590172
vt 1.083316 4.593215
vt 0.636186 4.214999
vt 0.955496 3.935083
vn 0.312778 -0.874895 -0.369769
vn 0.312778 -0.874895 -0.369769
vn 0.312778 -0.874895 -0.369769
vn 0.312778 -0.874895 -0.369769
f 1521/1521/1521 1522/1522/1522 1523/1523/1523
f 1521/1521/1521 1523/1523/1523 1524/1524/1524
v 0.200000 7.550000 -0.350000
v 0.636186 7.402628 -1.282373
v 0.050569 7.402628 -1.364567
vt 0.200000 7.200000
vt 0.636186 6.120255
vt 0.050569 6.038061
vn 0.020588 0.988969 -0.146686
vn 0.020588 0.988969 -0.146686
vn 0.020588 0.988969 -0.146686
f 1525/1525/1525 1526/1526/1526 1527/1527/1527
v 0.200000 5.350000 -0.350000
v 0.050569 5.497372 -1.364567
v 0.636186 5.497372 -1.282373
vt 0.200000 5.000000
vt 0.050569 4.132805
vt 0.636186 4.214999
vn 0.020588 -0.988969 -0.146686
vn 0.020588 -0.988969 -0.146686
vn 0.020588 -0.988969 -0.146686
f 1528/1528/1528 1529/1529/1529 1530/1530/1530
v 0.636186 7.402628 -1.282373
v 0.955496 7.000000 -1.964917
v -0.058821 7.000000 -2.107282
v 0.050569 7.402628 -1.364567
vt 0.636186 6.120255
vt 0.955496 5.035083
vt -0.058821 4.892718
vt 0.050569 6.038061
vn 0.067817 0.872888 -0.483184
vn 0.067817 0.872888 -0.483184
vn 0.067817 0.872888 -0.483184
vn 0.067817 0.872888 -0.483184
f 1531/1531/1531 1532/1532/1532 1533/1533/1533
f 1531/1531/1531 1533/1533/1533 1534/1534/1534
v 0.955496 7.000000 -1.964917
v 1.072372 6.450000 -2.214746
v -0.098861 6.450000 -2.379134
v -0.058821 7.000000 -2.107282
vt 0.955496 5.035083
vt 1.072372 4.235254
vt -0.098861 4.070866
vt -0.058821 4.892718
vn 0.125336 0.432263 -0.892995
vn 0.125336 0.432263 -0.892995
vn 0.125336 0.432263 -0.892995
vn 0.125336 0.432263 -0.892995
f 1535/1535/1535 1536/1536/1536 1537/1537/1537
f 1535/1535/1535 1537/1537/1537 1538/1538/1538
v 1.072372 6.450000 -2.214746
v 0.955496 5.900000 -1.964917
v -0.058821 5.900000 -2.107282
v -0.098861 6.450000 -2.379134
vt 1.072372 4.235254
vt 0.955496 3.935083
vt -0.058821 3.792718
vt -0.098861 4.070866
vn 0.125336 -0.432263 -0.892995
vn 0.125336 -0.432263 -0.892995
vn 0.125336 -0.432263 -0.892995
vn 0.125336 -0.432263 -0.892995
f 1539/1539/1539 1540/1540/1540 1541/1541/1541
f 1539/1539/1539 1541/1541/1541 1542/1542/1542
v 0.955496 5.900000 -1.964917
v 0.636186 5.497372 -1.282373
v 0.050569 5.497372 -1.364567
v -0.058821 5.900000 -2.107282
vt 0.955496 3.935083
vt 0.636186 4.214999
vt 0.050569 4.132805
vt -0.058821 3.792718
vn 0.067817 -0.872888 -0.483184
vn 0.067817 -0.872888 -0.483184
vn 0.067817 -0.872888 -0.483184
vn 0.067817 -0.872888 -0.483184
f 1543/1543/1543 1544/1544/1544 1545/1545/1545
f 1543/1543/1543 1545/1545/1545 1546/1546/1546
v 0.200000 7.550000 -0.350000
v 0.050569 7.402628 -1.364567
v -0.487604 7.402628 -1.124643
vt 0.200000 7.200000
vt 0.050569 6.038061
vt -0.487604 6.277985
vn -0.060101 0.989047 -0.134813
vn -0.060101 0.989047 -0.134813
vn -0.060101 0.989047 -0.134813
f 1547/1547/1547 1548/1548/1548 1549/1549/1549
v 0.200000 5.350000 -0.350000
v -0.487604 5.497372 -1.124643
v 0.050569 5.497372 -1.364567
vt 0.200000 5.000000
vt -0.487604 4.372729
vt 0.050569 4.132805
vn -0.060101 -0.989047 -0.134813
vn -0.060101 -0.989047 -0.134813
vn -0.060101 -0.989047 -0.134813
f 1550/1550/1550 1551/1551/1551 1552/1552/1552
v 0.050569 7.402628 -1.364567
v -0.058821 7.000000 -2.107282
v -0.990965 7.000000 -1.691722
v -0.487604 7.402628 -1.124643
vt 0.050569 6.038061
vt -0.058821 4.892718
vt -0.990965 5.308278
vt -0.487604 6.277985
vn -0.198127 0.873635 -0.444419
vn -0.198127 0.873635 -0.444419
vn -0.198127 0.873635 -0.444419
vn -0.198127 0.873635 -0.444419
f 1553/1553/1553 1554/1554/1554 1555/1555/1555
f 1553/1553/1553 1555/1555/1555 1556/1556/1556
v -0.058821 7.000000 -2.107282
v -0.098861 6.450000 -2.379134
v -1.175208 6.450000 -1.899287
v -0.990965 7.000000 -1.691722
vt -0.058821 4.892718
vt -0.098861 4.070866
vt -1.175208 4.550713
vt -0.990965 5.308278
vn -0.366927 0.433529 -0.823054
vn -0.366927 0.433529 -0.823054
vn -0.366927 0.433529 -0.823054
vn -0.366927 0.433529 -0.823054
f 1557/1557/1557 1558/1558/1558 1559/1559/1559
f 1557/1557/1557 1559/1559/1559 1560/1560/1560
v -0.098861 6.450000 -2.379134
v -0.058821 5.900000 -2.107282
v -0.990965 5.900000 -1.691722
v -1.175208 6.450000 -1.899287
vt -0.098861 4.070866
vt -0.058821 3.792718
vt -0.990965 4.208278
vt -1.175208 4.550713
vn -0.366927 -0.433529 -0.823054
vn -0.366927 -0.433529 -0.823054
vn -0.366927 -0.433529 -0.823054
vn -0.366927 -0.433529 -0.823054
f 1561/1561/1561 1562/1562/1562 1563/1563/1563
f 1561/1561/1561 1563/1563/1563 1564/1564/1564
v -0.058821 5.900000 -2.107282
v 0.050569 5.497372 -1.364567
v -0.487604 5.497372 -1.124643
v -0.990965 5.900000 -1.691722
vt -0.058821 3.792718
vt 0.050569 4.132805
vt -0.487604 4.372729
vt -0.990965 4.208278
vn -0.198127 -0.873635 -0.444419
vn -0.198127 -0.873635 -0.444419
vn -0.198127 -0.873635 -0.444419
vn -0.198127 -0.873635 -0.444419
f 1565/1565/1565 1566/1566/1566 1567/1567/1567
f 1565/1565/1565 1567/1567/1567 1568/1568/1568
v 0.200000 7.550000 -0.350000
v -0.487604 7.402628 -1.124643
v -0.807468 7.402628 -0.638776
vt 0.200000 7.200000
vt -0.487604 6.277985
vt -0.807468 6.763852
vn -0.121744 0.989320 -0.080148
vn -0.121744 0.989320 -0.080148
vn -0.121744 0.989320 -0.080148
f 1569/1569/1569 1570/1570/1570 1571/1571/1571
v 0.200000 5.350000 -0.350000
v -0.807468 5.497372 -0.638776
v -0.487604 5.497372 -1.124643
vt 0.200000 5.000000
vt -0.807468 4.858596
vt -0.487604 4.372729
vn -0.121744 -0.989320 -0.080148
vn -0.121744 -0.989320 -0.080148
vn -0.121744 -0.989320 -0.080148
f 1572/1572/1572 1573/1573/1573 1574/1574/1574
v -0.487604 7.402628 -1.124643
v -0.990965 7.000000 -1.691722
v -1.544985 7.000000 -0.850174
v -0.807468 7.402628 -0.638776
vt -0.487604 6.277985
vt -0.990965 5.308278
vt -1.544985 6.149826
vt -0.807468 6.763852
vn -0.402437 0.876272 -0.264938
vn -0.402437 0.876272 -0.264938
vn -0.402437 0.876272 -0.264938
vn -0.402437 0.876272 -0.264938
f 1575/1575/1575 1576/1576/1576 1577/1577/1577
f 1575/1575/1575 1577/1577/1577 1578/1578/1578
v -0.990965 7.000000 -1.691722
v -1.175208 6.450000 -1.899287
v -1.814935 6.450000 -0.927552
v -1.544985 7.000000 -0.850174
vt -0.990965 5.308278
vt -1.175208 4.550713
vt -1.814935 5.522448
vt -1.544985 6.149826
vn -0.750840 0.438068 -0.494304
vn -0.750840 0.438068 -0.494304
vn -0.750840 0.438068 -0.494304
vn -0.750840 0.438068 -0.494304
f 1579/1579/1579 1580/1580/1580 1581/1581/1581
f 1579/1579/1579 1581/1581/1581 1582/1582/1582
v -1.175208 6.450000 -1.899287
v -0.990965 5.900000 -1.691722
v -1.544985 5.900000 -0.850174
v -1.814935 6.450000 -0.927552
vt -1.175208 4.550713
vt -0.990965 4.208278
vt -1.544985 5.049826
vt -1.814935 5.522448
vn -0.750840 -0.438068 -0.494304
vn -0.750840 -0.438068 -0.494304
vn -0.750840 -0.438068 -0.494304
vn -0.750840 -0.438068 -0.494304
f 1583/1583/1583 1584/1584/1584 1585/1585/1585
f 1583/1583/1583 1585/1585/1585 1586/1586/1586
v -0.990965 5.900000 -1.691722
v -0.487604 5.497372 -1.124643
v -0.807468 5.497372 -0.638776
v -1.544985 5.900000 -0.850174
vt -0.990965 4.208278
vt -0.487604 4.372729
vt -0.807468 4.858596
vt -1.544985 5.049826
vn -0.402437 -0.876272 -0.264938
vn -0.402437 -0.876272 -0.264938
vn -0.402437 -0.876272 -0.264938
vn -0.402437 -0.876272 -0.264938
f 1587/1587/1587 1588/1588/1588 1589/1589/1589
f 1587/1587/1587 1589/1589/1589 1590/1590/1590
v 0.200000 7.550000 -0.350000
v -0.807468 7.402628 -0.638776
v -0.807468 7.402628 -0.061224
vt 0.200000 7.200000
vt -0.807468 6.763852
vt -0.807468 7.341404
vn -0.144739 0.989470 -0.000000
vn -0.144739 0.989470 -0.000000
vn -0.144739 0.989470 -0.000000
f 1591/1591/1591 1592/1592/1592 1593/1593/1593
v 0.200000 5.350000 -0.350000
v -0.807468 5.497372 -0.061224
v -0.807468 5.497372 -0.638776
vt 0.200000 5.000000
vt -0.807468 5.436148
vt -0.807468 4.858596
vn -0.144739 -0.989470 -0.000000
vn -0.144739 -0.989470 -0.000000
vn -0.144739 -0.989470 -0.000000
f 1594/1594/1594 1595/1595/1595 1596/1596/1596
v -0.807468 7.402628 -0.638776
v -1.544985 7.000000 -0.850174
v -1.544985 7.000000 0.150174
v -0.807468 7.402628 -0.061224
vt -0.807468 6.763852
vt -1.544985 6.149826
vt -1.544985 7.150174
vt -0.807468 7.341404
vn -0.479169 0.877723 -0.000000
vn -0.479169 0.877723 -0.000000
vn -0.479169 0.877723 -0.000000
vn -0.479169 0.877723 -0.000000
f 1597/1597/1597 1598/1598/1598 1599/1599/1599
f 1597/1597/1597 1599/1599/1599 1600/1600/1600
v -1.544985 7.000000 -0.850174
v -1.814935 6.450000 -0.927552
v -1.814935 6.450000 0.227552
v -1.544985 7.000000 0.150174
vt -1.544985 6.149826
vt -1.814935 5.522448
vt -1.814935 6.677552
vt -1.544985 7.150174
vn -0.897700 0.440608 0.000000
vn -0.897700 0.440608 0.000000
vn -0.897700 0.440608 0.000000
vn -0.897700 0.440608 0.000000
f 1601/1601/1601 1602/1602/1602 1603/1603/1603
f 1601/1601/1601 1603/1603/1603 1604/1604/1604
v -1.814935 6.450000 -0.927552
v -1.544985 5.900000 -0.850174
v -1.544985 5.900000 0.150174
v -1.814935 6.450000 0.227552
vt -1.814935 5.522448
vt -1.544985 5.049826
vt -1.544985 6.050174
vt -1.814935 6.677552
vn -0.897700 -0.440608 -0.000000
vn -0.897700 -0.440608 -0.000000
vn -0.897700 -0.440608 -0.000000
vn -0.897700 -0.440608 -0.000000
f 1605/1605/1605 1606/1606/1606 1607/1607/1607
f 1605/1605/1605 1607/1607/1607 1608/1608/1608
v -1.544985 5.900000 -0.850174
v -0.807468 5.497372 -0.638776
v -0.807468 5.497372 -0.061224
v -1.544985 5.900000 0.150174
vt -1.544985 5.049826
vt -0.807468 4.858596
vt -0.807468 5.436148
vt -1.544985 6.050174
vn -0.479169 -0.877723 -0.000000
vn -0.479169 -0.877723 -0.000000
vn -0.479169 -0.877723 -0.000000
vn -0.479169 -0.877723 -0.000000
f 1609/1609/1609 1610/1610/1610 1611/1611/1611
f 1609/1609/1609 1611/1611/1611 1612/1612/1612
v 0.200000 7.550000 -0.350000
v -0.807468 7.402628 -0.061224
v -0.487604 7.402628 0.424643
vt 0.200000 7.200000
vt -0.807468 7.341404
vt -0.487604 7.827271
vn -0.121744 0.989320 0.080148
vn -0.121744 0.989320 0.080148
vn -0.121744 0.989320 0.080148
f 1613/1613/1613 1614/1614/1614 1615/1615/1615
v 0.200000 5.350000 -0.350000
v -0.487604 5.497372 0.424643
v -0.807468 5.497372 -0.061224
vt 0.200000 5.000000
vt -0.487604 5.922015
vt -0.807468 5.436148
vn -0.121744 -0.989320 0.080148
vn -0.121744 -0.989320 0.080148
vn -0.121744 -0.989320 0.080148
f 1616/1616/1616 1617/1617/1617 1618/1618/1618
v -0.807468 7.402628 -0.061224
v -1.544985 7.000000 0.150174
v -0.990965 7.000000 0.991722
v -0.487604 7.402628 0.424643
vt -0.807468 7.341404
vt -1.544985 7.150174
vt -0.990965 7.991722
vt -0.487604 7.827271
vn -0.402437 0.876272 0.264938
vn -0.402437 0.876272 0.264938
vn -0.402437 0.876272 0.264938
vn -0.402437 0.876272 0.264938
f 1619/1619/1619 1620/1620/1620 1621/1621/1621
f 1619/1619/1619 1621/1621/1621 1622/1622/1622
v -1.544985 7.000000 0.150174
v -1.814935 6.450000 0.227552
v -1.175208 6.450000 1.199287
v -0.990965 7.000000 0.991722
vt -1.544985 7.150174
vt -1.814935 6.677552
vt -1.175208 7.649287
vt -0.990965 7.991722
vn -0.750840 0.438068 0.494304
vn -0.750840 0.438068 0.494304
vn -0.750840 0.438068 0.494304
vn -0.750840 0.438068 0.494304
f 1623/1623/1623 1624/1624/1624 1625/1625/1625
f 1623/1623/1623 1625/1625/1625 1626/1626/1626
v -1.814935 6.450000 0.227552
v -1.544985 5.900000 0.150174
v -0.990965 5.900000 0.991722
v -1.175208 6.450000 1.199287
vt -1.814935 6.677552
vt -1.544985 6.050174
vt -0.990965 6.891722
vt -1.175208 7.649287
vn -0.750840 -0.438068 0.494304
vn -0.750840 -0.438068 0.494304
vn -0.750840 -0.438068 0.494304
vn -0.750840 -0.438068 0.494304
f 1627/1627/1627 1628/1628/1628 1629/1629/1629
f 1627/1627/1627 1629/1629/1629 1630/1630/1630
v -1.544985 5.900000 0.150174
v -0.807468 5.497372 -0.061224
v -0.487604 5.497372 0.424643
v -0.990965 5.900000 0.991722
vt -1.544985 6.050174
vt -0.807468 5.436148
vt -0.487604 5.922015
vt -0.990965 6.891722
vn -0.402437 -0.876272 0.264938
vn -0.402437 -0.876272 0.264938
vn -0.402437 -0.876272 0.264938
vn -0.402437 -0.876272 0.264938
f 1631/1631/1631 1632/1632/1632 1633/1633/1633
f 1631/1631/1631 1633/1633/1633 1634/1634/1634
v 0.200000 7.550000 -0.350000
v -0.487604 7.402628 0.424643
v 0.050569 7.402628 0.664567
vt 0.200000 7.200000
vt -0.487604 7.827271
vt 0.050569 8.067195
vn -0.060101 0.989047 0.134813
vn -0.060101 0.989047 0.134813
vn -0.060101 0.989047 0.134813
f 1635/1635/1635 1636/1636/1636 1637/1637/1637
v 0.200000 5.350000 -0.350000
v 0.050569 5.497372 0.664567
v -0.487604 5.497372 0.424643
vt 0.200000 5.000000
vt 0.050569 6.161939
vt -0.487604 5.922015
vn -0.060101 -0.989047 0.134813
vn -0.060101 -0.989047 0.134813
vn -0.060101 -0.989047 0.134813
f 1638/1638/1638 1639/1639/1639 1640/1640/1640
v -0.487604 7.402628 0.424643
v -0.990965 7.000000 0.991722
v -0.058821 7.000000 1.407282
v 0.050569 7.402628 0.664567
vt -0.487604 7.827271
vt -0.990965 7.991722
vt -0.058821 8.407282
vt 0.050569 8.067195
vn -0.198127 0.873635 0.444419
vn -0.198127 0.873635 0.444419
vn -0.198127 0.873635 0.444419
vn -0.198127 0.873635 0.444419
f 1641/1641/1641 1642/1642/1642 1643/1643/1643
f 1641/1641/1641 1643/1643/1643 1644/1644/1644
v -0.990965 7.000000 0.991722
v -1.175208 6.450000 1.199287
v -0.098861 6.450000 1.679134
v -0.058821 7.000000 1.407282
vt -0.990965 7.991722
vt -1.175208 7.649287
vt -0.098861 8.129134
vt -0.058821 8.407282
vn -0.366927 0.433529 0.823054
vn -0.366927 0.433529 0.823054
vn -0.366927 0.433529 0.823054
vn -0.366927 0.433529 0.823054
f 1645/1645/1645 1646/1646/1646 1647/1647/1647
f 1645/1645/1645 1647/1647/1647 1648/1648/1648
v -1.175208 6.450000 1.199287
v -0.990965 5.900000 0.991722
v -0.058821 5.900000 1.407282
v -0.098861 6.450000 1.679134
vt -1.175208 7.649287
vt -0.990965 6.891722
vt -0.058821 7.307282
vt -0.098861 8.129134
vn -0.366927 -0.433529 0.823054
vn -0.366927 -0.433529 0.823054
vn -0.366927 -0.433529 0.823054
vn -0.366927 -0.433529 0.823054
f 1649/1649/1649 1650/1650/1650 1651/1651/1651
f 1649/1649/1649 1651/1651/1651 1652/1652/1652
v -0.990965 5.900000 0.991722
v -0.487604 5.497372 0.424643
v 0.050569 5.497372 0.664567
v -0.058821 5.900000 1.407282
vt -0.990965 6.891722
vt -0.487604 5.922015
vt 0.050569 6.161939
vt -0.058821 7.307282
vn -0.198127 -0.873635 0.444419
vn -0.198127 -0.873635 0.444419
vn -0.198127 -0.873635 0.444419
vn -0.198127 -0.873635 0.444419
f 1653/1653/1653 1654/1654/1654 1655/1655/1655
f 1653/1653/1653 1655/1655/1655 1656/1656/1656
v 0.200000 7.550000 -0.350000
v 0.050569 7.402628 0.664567
v 0.636186 7.402628 0.582373
vt 0.200000 7.200000
vt 0.050569 8.067195
vt 0.636186 7.985001
vn 0.020588 0.988969 0.146686
vn 0.020588 0.988969 0.146686
vn 0.020588 0.988969 0.146686
f 1657/1657/1657 1658/1658/1658 1659/1659/1659
v 0.200000 5.350000 -0.350000
v 0.636186 5.497372 0.582373
v 0.050569 5.497372 0.664567
vt 0.200000 5.000000
vt 0.636186 6.079745
vt 0.050569 6.161939
vn 0.020588 -0.988969 0.146686
vn 0.020588 -0.988969 0.146686
vn 0.020588 -0.988969 0.146686
f 1660/1660/1660 1661/1661/1661 1662/1662/1662
v 0.050569 7.402628 0.664567
v -0.058821 7.000000 1.407282
v 0.955496 7.000000 1.264917
v 0.636186 7.402628 0.582373
vt 0.050569 8.067195
vt -0.058821 8.407282
vt 0.955496 8.264917
vt 0.636186 7.985001
vn 0.067817 0.872888 0.483184
vn 0.067817 0.872888 0.483184
vn 0.067817 0.872888 0.483184
vn 0.067817 0.872888 0.483184
f 1663/1663/1663 1664/1664/1664 1665/1665/1665
f 1663/1663/1663 1665/1665/1665 1666/1666/1666
v -0.058821 7.000000 1.407282
v -0.098861 6.450000 1.679134
v 1.072372 6.450000 1.514746
v 0.955496 7.000000 1.264917
vt -0.058821 8.407282
vt -0.098861 8.129134
vt 1.072372 7.964746
vt 0.955496 8.264917
vn 0.125336 0.432263 0.892995
vn 0.125336 0.432263 0.892995
vn 0.125336 0.432263 0.892995
vn 0.125336 0.432263 0.892995
f 1667/1667/1667 1668/1668/1668 1669/1669/1669
f 1667/1667/1667 1669/1669/1669 1670/1670/1670
v -0.098861 6.450000 1.679134
v -0.058821 5.900000 1.407282
v 0.955496 5.900000 1.264917
v 1.072372 6.450000 1.514746
vt -0.098861 8.129134
vt -0.058821 7.307282
vt 0.955496 7.164917
vt 1.072372 7.964746
vn 0.125336 -0.432263 0.892995
vn 0.125336 -0.432263 0.892995
vn 0.125336 -0.432263 0.892995
vn 0.125336 -0.432263 0.892995
f 1671/1671/1671 1672/1672/1672 1673/1673/1673
f 1671/1671/1671 1673/1673/1673 1674/1674/1674
v -0.058821 5.900000 1.407282
v 0.050569 5.497372 0.664567
v 0.636186 5.497372 0.582373
v 0.955496 5.900000 1.264917
vt -0.058821 7.307282
vt 0.050569 6.161939
vt 0.636186 6.079745
vt 0.955496 7.164917
vn 0.067817 -0.872888 0.483184
vn 0.067817 -0.872888 0.483184
vn 0.067817 -0.872888 0.483184
vn 0.067817 -0.872888 0.483184
f 1675/1675/1675 1676/1676/1676 1677/1677/1677
f 1675/1675/1675 1677/1677/1677 1678/1678/1678
v 0.200000 7.550000 -0.350000
v 0.636186 7.402628 0.582373
v 1.083316 7.402628 0.204157
vt 0.200000 7.200000
vt 0.636186 7.985001
vt 1.083316 7.606785
vn 0.094756 0.989178 0.112022
vn 0.094756 0.989178 0.112022
vn 0.094756 0.989178 0.112022
f 1679/1679/1679 1680/1680/1680 1681/1681/1681
v 0.200000 5.350000 -0.350000
v 1.083316 5.497372 0.204157
v 0.636186 5.497372 0.582373
vt 0.200000 5.000000
vt 1.083316 5.701529
vt 0.636186 6.079745
vn 0.094756 -0.989178 0.112022
vn 0.094756 -0.989178 0.112022
vn 0.094756 -0.989178 0.112022
f 1682/1682/1682 1683/1683/1683 1684/1684/1684
v 0.636186 7.402628 0.582373
v 0.955496 7.000000 1.264917
v 1.729949 7.000000 0.609828
v 1.083316 7.402628 0.204157
vt 0.636186 7.985001
vt 0.955496 8.264917
vt 1.729949 7.609828
vt 1.083316 7.606785
vn 0.312778 0.874895 0.369769
vn 0.312778 0.874895 0.369769
vn 0.312778 0.874895 0.369769
vn 0.312778 0.874895 0.369769
f 1685/1685/1685 1686/1686/1686 1687/1687/1687
f 1685/1685/1685 1687/1687/1687 1688/1688/1688
v 0.955496 7.000000 1.264917
v 1.072372 6.450000 1.514746
v 1.966632 6.450000 0.758314
v 1.729949 7.000000 0.609828
vt 0.955496 8.264917
vt 1.072372 7.964746
vt 1.966632 7.208314
vt 1.729949 7.609828
vn 0.581300 0.435685 0.687218
vn 0.581300 0.435685 0.687218
vn 0.581300 0.435685 0.687218
vn 0.581300 0.435685 0.687218
f 1689/1689/1689 1690/1690/1690 1691/1691/1691
f 1689/1689/1689 1691/1691/1691 1692/1692/1692
v 1.072372 6.450000 1.514746
v 0.955496 5.900000 1.264917
v 1.729949 5.900000 0.609828
v 1.966632 6.450000 0.758314
vt 1.072372 7.964746
vt 0.955496 7.164917
vt 1.729949 6.509828
vt 1.966632 7.208314
vn 0.581300 -0.435685 0.687218
vn 0.581300 -0.435685 0.687218
vn 0.581300 -0.435685 0.687218
vn 0.581300 -0.435685 0.687218
f 1693/1693/1693 1694/1694/1694 1695/1695/1695
f 1693/1693/1693 1695/1695/1695 1696/1696/1696
v 0.955496 5.900000 1.264917
v 0.636186 5.497372 0.582373
v 1.083316 5.497372 0.204157
v 1.729949 5.900000 0.609828
vt 0.955496 7.164917
vt 0.636186 6.079745
vt 1.083316 5.701529
vt 1.729949 6.509828
vn 0.312778 -0.874895 0.369769
vn 0.312778 -0.874895 0.369769
vn 0.312778 -0.874895 0.369769
vn 0.312778 -0.874895 0.369769
f 1697/1697/1697 1698/1698/1698 1699/1699/1699
f 1697/1697/1697 1699/1699/1699 1700/1700/1700
v 0.200000 7.550000 -0.350000
v 1.083316 7.402628 0.204157
v 1.250000 7.402628 -0.350000
vt 0.200000 7.200000
vt 1.083316 7.606785
vt 1.250000 7.052628
vn 0.138871 0.989429 0.041771
vn 0.138871 0.989429 0.041771
vn 0.138871 0.989429 0.041771
f 1701/1701/1701 1702/1702/1702 1703/1703/1703
v 0.200000 5.350000 -0.350000
v 1.250000 5.497372 -0.350000
v 1.083316 5.497372 0.204157
vt 0.200000 5.000000
vt 1.250000 5.147372
vt 1.083316 5.701529
vn 0.138871 -0.989429 0.041771
vn 0.138871 -0.989429 0.041771
vn 0.138871 -0.989429 0.041771
f 1704/1704/1704 1705/1705/1705 1706/1706/1706
v 1.083316 7.402628 0.204157
v 1.729949 7.000000 0.609828
v 2.018653 7.000000 -0.350000
v 1.250000 7.402628 -0.350000
vt 1.083316 7.606785
vt 1.729949 7.609828
vt 2.018653 6.650000
vt 1.250000 7.052628
vn 0.459553 0.877328 0.138228
vn 0.459553 0.877328 0.138228
vn 0.459553 0.877328 0.138228
vn 0.459553 0.877328 0.138228
f 1707/1707/1707 1708/1708/1708 1709/1709/1709
f 1707/1707/1707 1709/1709/1709 1710/1710/1710
v 1.729949 7.000000 0.609828
v 1.966632 6.450000 0.758314
v 2.300000 6.450000 -0.350000
v 2.018653 7.000000 -0.350000
vt 1.729949 7.609828
vt 1.966632 7.208314
vt 2.300000 6.100000
vt 2.018653 6.650000
vn 0.859980 0.439913 0.258672
vn 0.859980 0.439913 0.258672
vn 0.859980 0.439913 0.258672
vn 0.859980 0.439913 0.258672
f 1711/1711/1711 1712/1712/1712 1713/1713/1713
f 1711/1711/1711 1713/1713/1713 1714/1714/1714
v 1.966632 6.450000 0.758314
v 1.729949 5.900000 0.609828
v 2.018653 5.900000 -0.350000
v 2.300000 6.450000 -0.350000
vt 1.966632 7.208314
vt 1.729949 6.509828
vt 2.018653 5.550000
vt 2.300000 6.100000
vn 0.859980 -0.439913 0.258672
vn 0.859980 -0.439913 0.258672
vn 0.859980 -0.439913 0.258672
vn 0.859980 -0.439913 0.258672
f 1715/1715/1715 1716/1716/1716 1717/1717/1717
f 1715/1715/1715 1717/1717/1717 1718/1718/1718
v 1.729949 5.900000 0.609828
v 1.083316 5.497372 0.204157
v 1.250000 5.497372 -0.350000
v 2.018653 5.900000 -0.350000
vt 1.729949 6.509828
vt 1.083316 5.701529
vt 1.250000 5.147372
vt 2.018653 5.550000
vn 0.459553 -0.877328 0.138228
vn 0.459553 -0.877328 0.138228
vn 0.459553 -0.877328 0.138228
vn 0.459553 -0.877328 0.138228
f 1719/1719/1719 1720/1720/1720 1721/1721/1721
f 1719/1719/1719 1721/1721/1721 1722/1722/1722
