# Authored by tools/author_neighborhood_models.py
mtllib env_church_facade.mtl
o ChurchFacade
usemtl stone
v 2.825000 0.000000 0.500000
v 2.825000 6.200000 0.500000
v -2.825000 6.200000 0.500000
v -2.825000 0.000000 0.500000
vt 2.825000 0.500000
vt 2.825000 6.700000
vt -2.825000 6.700000
vt -2.825000 0.500000
vn 0.000000 -0.000000 1.000000
vn 0.000000 -0.000000 1.000000
vn 0.000000 -0.000000 1.000000
vn 0.000000 -0.000000 1.000000
f 1/1/1 2/2/2 3/3/3
f 1/1/1 3/3/3 4/4/4
v -2.825000 6.200000 -0.700000
v 2.825000 6.200000 -0.700000
v 2.825000 0.000000 -0.700000
v -2.825000 0.000000 -0.700000
vt -2.825000 5.500000
vt 2.825000 5.500000
vt 2.825000 -0.700000
vt -2.825000 -0.700000
vn 0.000000 0.000000 -1.000000
vn 0.000000 0.000000 -1.000000
vn 0.000000 0.000000 -1.000000
vn 0.000000 0.000000 -1.000000
f 5/5/5 6/6/6 7/7/7
f 5/5/5 7/7/7 8/8/8
v -2.825000 6.200000 0.500000
v -2.825000 6.200000 -0.700000
v -2.825000 0.000000 -0.700000
v -2.825000 0.000000 0.500000
vt -2.825000 6.700000
vt -2.825000 5.500000
vt -2.825000 -0.700000
vt -2.825000 0.500000
vn -1.000000 0.000000 -0.000000
vn -1.000000 0.000000 -0.000000
vn -1.000000 0.000000 -0.000000
vn -1.000000 0.000000 -0.000000
f 9/9/9 10/10/10 11/11/11
f 9/9/9 11/11/11 12/12/12
v 2.825000 0.000000 -0.700000
v 2.825000 6.200000 -0.700000
v 2.825000 6.200000 0.500000
v 2.825000 0.000000 0.500000
vt 2.825000 -0.700000
vt 2.825000 5.500000
vt 2.825000 6.700000
vt 2.825000 0.500000
vn 1.000000 0.000000 0.000000
vn 1.000000 0.000000 0.000000
vn 1.000000 0.000000 0.000000
vn 1.000000 0.000000 0.000000
f 13/13/13 14/14/14 15/15/15
f 13/13/13 15/15/15 16/16/16
v -2.825000 0.000000 -0.700000
v 2.825000 0.000000 -0.700000
v 2.825000 0.000000 0.500000
v -2.825000 0.000000 0.500000
vt -2.825000 -0.700000
vt 2.825000 -0.700000
vt 2.825000 0.500000
vt -2.825000 0.500000
vn 0.000000 -1.000000 0.000000
vn 0.000000 -1.000000 0.000000
vn 0.000000 -1.000000 0.000000
vn 0.000000 -1.000000 0.000000
f 17/17/17 18/18/18 19/19/19
f 17/17/17 19/19/19 20/20/20
v 2.825000 6.200000 0.500000
v 2.825000 6.200000 -0.700000
v -2.825000 6.200000 -0.700000
v -2.825000 6.200000 0.500000
vt 2.825000 6.700000
vt 2.825000 5.500000
vt -2.825000 5.500000
vt -2.825000 6.700000
vn 0.000000 1.000000 0.000000
vn 0.000000 1.000000 0.000000
vn 0.000000 1.000000 0.000000
vn 0.000000 1.000000 0.000000
f 21/21/21 22/22/22 23/23/23
f 21/21/21 23/23/23 24/24/24
v -2.800000 6.100000 0.560000
v 2.800000 6.100000 0.560000
v 0.000000 7.950000 0.560000
vt -2.800000 6.660000
vt 2.800000 6.660000
vt 0.000000 8.510000
vn 0.000000 0.000000 1.000000
vn 0.000000 0.000000 1.000000
vn 0.000000 0.000000 1.000000
f 25/25/25 26/26/26 27/27/27
v 0.000000 7.950000 -0.660000
v 2.800000 6.100000 -0.660000
v -2.800000 6.100000 -0.660000
vt 0.000000 7.290000
vt 2.800000 5.440000
vt -2.800000 5.440000
vn 0.000000 -0.000000 -1.000000
vn 0.000000 -0.000000 -1.000000
vn 0.000000 -0.000000 -1.000000
f 28/28/28 29/29/29 30/30/30
v -2.800000 6.100000 -0.660000
v 2.800000 6.100000 -0.660000
v 2.800000 6.100000 0.560000
v -2.800000 6.100000 0.560000
vt -2.800000 5.440000
vt 2.800000 5.440000
vt 2.800000 6.660000
vt -2.800000 6.660000
vn 0.000000 -1.000000 0.000000
vn 0.000000 -1.000000 0.000000
vn 0.000000 -1.000000 0.000000
vn 0.000000 -1.000000 0.000000
f 31/31/31 32/32/32 33/33/33
f 31/31/31 33/33/33 34/34/34
v 2.800000 6.100000 -0.660000
v 0.000000 7.950000 -0.660000
v 0.000000 7.950000 0.560000
v 2.800000 6.100000 0.560000
vt 2.800000 5.440000
vt 0.000000 7.290000
vt 0.000000 8.510000
vt 2.800000 6.660000
vn 0.551257 0.834335 0.000000
vn 0.551257 0.834335 0.000000
vn 0.551257 0.834335 0.000000
vn 0.551257 0.834335 0.000000
f 35/35/35 36/36/36 37/37/37
f 35/35/35 37/37/37 38/38/38
v 0.000000 7.950000 -0.660000
v -2.800000 6.100000 -0.660000
v -2.800000 6.100000 0.560000
v 0.000000 7.950000 0.560000
vt 0.000000 7.290000
vt -2.800000 5.440000
vt -2.800000 6.660000
vt 0.000000 8.510000
vn -0.551257 0.834335 0.000000
vn -0.551257 0.834335 0.000000
vn -0.551257 0.834335 0.000000
vn -0.551257 0.834335 0.000000
f 39/39/39 40/40/40 41/41/41
f 39/39/39 41/41/41 42/42/42
v 3.000000 0.070000 0.790000
v 3.000000 0.230000 0.790000
v -3.000000 0.230000 0.790000
v -3.000000 0.070000 0.790000
vt 3.000000 0.860000
vt 3.000000 1.020000
vt -3.000000 1.020000
vt -3.000000 0.860000
vn 0.000000 -0.000000 1.000000
vn 0.000000 -0.000000 1.000000
vn 0.000000 -0.000000 1.000000
vn 0.000000 -0.000000 1.000000
f 43/43/43 44/44/44 45/45/45
f 43/43/43 45/45/45 46/46/46
v -3.000000 0.230000 0.490000
v 3.000000 0.230000 0.490000
v 3.000000 0.070000 0.490000
v -3.000000 0.070000 0.490000
vt -3.000000 0.720000
vt 3.000000 0.720000
vt 3.000000 0.560000
vt -3.000000 0.560000
vn 0.000000 0.000000 -1.000000
vn 0.000000 0.000000 -1.000000
vn 0.000000 0.000000 -1.000000
vn 0.000000 0.000000 -1.000000
f 47/47/47 48/48/48 49/49/49
f 47/47/47 49/49/49 50/50/50
v -3.000000 0.230000 0.790000
v -3.000000 0.230000 0.490000
v -3.000000 0.070000 0.490000
v -3.000000 0.070000 0.790000
vt -3.000000 1.020000
vt -3.000000 0.720000
vt -3.000000 0.560000
vt -3.000000 0.860000
vn -1.000000 0.000000 -0.000000
vn -1.000000 0.000000 -0.000000
vn -1.000000 0.000000 -0.000000
vn -1.000000 0.000000 -0.000000
f 51/51/51 52/52/52 53/53/53
f 51/51/51 53/53/53 54/54/54
v 3.000000 0.070000 0.490000
v 3.000000 0.230000 0.490000
v 3.000000 0.230000 0.790000
v 3.000000 0.070000 0.790000
vt 3.000000 0.560000
vt 3.000000 0.720000
vt 3.000000 1.020000
vt 3.000000 0.860000
vn 1.000000 0.000000 0.000000
vn 1.000000 0.000000 0.000000
vn 1.000000 0.000000 0.000000
vn 1.000000 0.000000 0.000000
f 55/55/55 56/56/56 57/57/57
f 55/55/55 57/57/57 58/58/58
v -3.000000 0.070000 0.490000
v 3.000000 0.070000 0.490000
v 3.000000 0.070000 0.790000
v -3.000000 0.070000 0.790000
vt -3.000000 0.560000
vt 3.000000 0.560000
vt 3.000000 0.860000
vt -3.000000 0.860000
vn 0.000000 -1.000000 0.000000
vn 0.000000 -1.000000 0.000000
vn 0.000000 -1.000000 0.000000
vn 0.000000 -1.000000 0.000000
f 59/59/59 60/60/60 61/61/61
f 59/59/59 61/61/61 62/62/62
v 3.000000 0.230000 0.790000
v 3.000000 0.230000 0.490000
v -3.000000 0.230000 0.490000
v -3.000000 0.230000 0.790000
vt 3.000000 1.020000
vt 3.000000 0.720000
vt -3.000000 0.720000
vt -3.000000 1.020000
vn 0.000000 1.000000 0.000000
vn 0.000000 1.000000 0.000000
vn 0.000000 1.000000 0.000000
vn 0.000000 1.000000 0.000000
f 63/63/63 64/64/64 65/65/65
f 63/63/63 65/65/65 66/66/66
v 2.950000 0.920000 0.790000
v 2.950000 1.080000 0.790000
v -2.950000 1.080000 0.790000
v -2.950000 0.920000 0.790000
vt 2.950000 1.710000
vt 2.950000 1.870000
vt -2.950000 1.870000
vt -2.950000 1.710000
vn 0.000000 -0.000000 1.000000
vn 0.000000 -0.000000 1.000000
vn 0.000000 -0.000000 1.000000
vn 0.000000 -0.000000 1.000000
f 67/67/67 68/68/68 69/69/69
f 67/67/67 69/69/69 70/70/70
v -2.950000 1.080000 0.490000
v 2.950000 1.080000 0.490000
v 2.950000 0.920000 0.490000
v -2.950000 0.920000 0.490000
vt -2.950000 1.570000
vt 2.950000 1.570000
vt 2.950000 1.410000
vt -2.950000 1.410000
vn 0.000000 0.000000 -1.000000
vn 0.000000 0.000000 -1.000000
vn 0.000000 0.000000 -1.000000
vn 0.000000 0.000000 -1.000000
f 71/71/71 72/72/72 73/73/73
f 71/71/71 73/73/73 74/74/74
v -2.950000 1.080000 0.790000
v -2.950000 1.080000 0.490000
v -2.950000 0.920000 0.490000
v -2.950000 0.920000 0.790000
vt -2.950000 1.870000
vt -2.950000 1.570000
vt -2.950000 1.410000
vt -2.950000 1.710000
vn -1.000000 0.000000 -0.000000
vn -1.000000 0.000000 -0.000000
vn -1.000000 0.000000 -0.000000
vn -1.000000 0.000000 -0.000000
f 75/75/75 76/76/76 77/77/77
f 75/75/75 77/77/77 78/78/78
v 2.950000 0.920000 0.490000
v 2.950000 1.080000 0.490000
v 2.950000 1.080000 0.790000
v 2.950000 0.920000 0.790000
vt 2.950000 1.410000
vt 2.950000 1.570000
vt 2.950000 1.870000
vt 2.950000 1.710000
vn 1.000000 0.000000 0.000000
vn 1.000000 0.000000 0.000000
vn 1.000000 0.000000 0.000000
vn 1.000000 0.000000 0.000000
f 79/79/79 80/80/80 81/81/81
f 79/79/79 81/81/81 82/82/82
v -2.950000 0.920000 0.490000
v 2.950000 0.920000 0.490000
v 2.950000 0.920000 0.790000
v -2.950000 0.920000 0.790000
vt -2.950000 1.410000
vt 2.950000 1.410000
vt 2.950000 1.710000
vt -2.950000 1.710000
vn 0.000000 -1.000000 0.000000
vn 0.000000 -1.000000 0.000000
vn 0.000000 -1.000000 0.000000
vn 0.000000 -1.000000 0.000000
f 83/83/83 84/84/84 85/85/85
f 83/83/83 85/85/85 86/86/86
v 2.950000 1.080000 0.790000
v 2.950000 1.080000 0.490000
v -2.950000 1.080000 0.490000
v -2.950000 1.080000 0.790000
vt 2.950000 1.870000
vt 2.950000 1.570000
vt -2.950000 1.570000
vt -2.950000 1.870000
vn 0.000000 1.000000 0.000000
vn 0.000000 1.000000 0.000000
vn 0.000000 1.000000 0.000000
vn 0.000000 1.000000 0.000000
f 87/87/87 88/88/88 89/89/89
f 87/87/87 89/89/89 90/90/90
v 3.000000 4.020000 0.790000
v 3.000000 4.180000 0.790000
v -3.000000 4.180000 0.790000
v -3.000000 4.020000 0.790000
vt 3.000000 4.810000
vt 3.000000 4.970000
vt -3.000000 4.970000
vt -3.000000 4.810000
vn 0.000000 -0.000000 1.000000
vn 0.000000 -0.000000 1.000000
vn 0.000000 -0.000000 1.000000
vn 0.000000 -0.000000 1.000000
f 91/91/91 92/92/92 93/93/93
f 91/91/91 93/93/93 94/94/94
v -3.000000 4.180000 0.490000
v 3.000000 4.180000 0.490000
v 3.000000 4.020000 0.490000
v -3.000000 4.020000 0.490000
vt -3.000000 4.670000
vt 3.000000 4.670000
vt 3.000000 4.510000
vt -3.000000 4.510000
vn 0.000000 0.000000 -1.000000
vn 0.000000 0.000000 -1.000000
vn 0.000000 0.000000 -1.000000
vn 0.000000 0.000000 -1.000000
f 95/95/95 96/96/96 97/97/97
f 95/95/95 97/97/97 98/98/98
v -3.000000 4.180000 0.790000
v -3.000000 4.180000 0.490000
v -3.000000 4.020000 0.490000
v -3.000000 4.020000 0.790000
vt -3.000000 4.970000
vt -3.000000 4.670000
vt -3.000000 4.510000
vt -3.000000 4.810000
vn -1.000000 0.000000 -0.000000
vn -1.000000 0.000000 -0.000000
vn -1.000000 0.000000 -0.000000
vn -1.000000 0.000000 -0.000000
f 99/99/99 100/100/100 101/101/101
f 99/99/99 101/101/101 102/102/102
v 3.000000 4.020000 0.490000
v 3.000000 4.180000 0.490000
v 3.000000 4.180000 0.790000
v 3.000000 4.020000 0.790000
vt 3.000000 4.510000
vt 3.000000 4.670000
vt 3.000000 4.970000
vt 3.000000 4.810000
vn 1.000000 0.000000 0.000000
vn 1.000000 0.000000 0.000000
vn 1.000000 0.000000 0.000000
vn 1.000000 0.000000 0.000000
f 103/103/103 104/104/104 105/105/105
f 103/103/103 105/105/105 106/106/106
v -3.000000 4.020000 0.490000
v 3.000000 4.020000 0.490000
v 3.000000 4.020000 0.790000
v -3.000000 4.020000 0.790000
vt -3.000000 4.510000
vt 3.000000 4.510000
vt 3.000000 4.810000
vt -3.000000 4.810000
vn 0.000000 -1.000000 0.000000
vn 0.000000 -1.000000 0.000000
vn 0.000000 -1.000000 0.000000
vn 0.000000 -1.000000 0.000000
f 107/107/107 108/108/108 109/109/109
f 107/107/107 109/109/109 110/110/110
v 3.000000 4.180000 0.790000
v 3.000000 4.180000 0.490000
v -3.000000 4.180000 0.490000
v -3.000000 4.180000 0.790000
vt 3.000000 4.970000
vt 3.000000 4.670000
vt -3.000000 4.670000
vt -3.000000 4.970000
vn 0.000000 1.000000 0.000000
vn 0.000000 1.000000 0.000000
vn 0.000000 1.000000 0.000000
vn 0.000000 1.000000 0.000000
f 111/111/111 112/112/112 113/113/113
f 111/111/111 113/113/113 114/114/114
v 3.000000 5.970000 0.790000
v 3.000000 6.130000 0.790000
v -3.000000 6.130000 0.790000
v -3.000000 5.970000 0.790000
vt 3.000000 6.760000
vt 3.000000 6.920000
vt -3.000000 6.920000
vt -3.000000 6.760000
vn 0.000000 -0.000000 1.000000
vn 0.000000 -0.000000 1.000000
vn 0.000000 -0.000000 1.000000
vn 0.000000 -0.000000 1.000000
f 115/115/115 116/116/116 117/117/117
f 115/115/115 117/117/117 118/118/118
v -3.000000 6.130000 0.490000
v 3.000000 6.130000 0.490000
v 3.000000 5.970000 0.490000
v -3.000000 5.970000 0.490000
vt -3.000000 6.620000
vt 3.000000 6.620000
vt 3.000000 6.460000
vt -3.000000 6.460000
vn 0.000000 0.000000 -1.000000
vn 0.000000 0.000000 -1.000000
vn 0.000000 0.000000 -1.000000
vn 0.000000 0.000000 -1.000000
f 119/119/119 120/120/120 121/121/121
f 119/119/119 121/121/121 122/122/122
v -3.000000 6.130000 0.790000
v -3.000000 6.130000 0.490000
v -3.000000 5.970000 0.490000
v -3.000000 5.970000 0.790000
vt -3.000000 6.920000
vt -3.000000 6.620000
vt -3.000000 6.460000
vt -3.000000 6.760000
vn -1.000000 0.000000 -0.000000
vn -1.000000 0.000000 -0.000000
vn -1.000000 0.000000 -0.000000
vn -1.000000 0.000000 -0.000000
f 123/123/123 124/124/124 125/125/125
f 123/123/123 125/125/125 126/126/126
v 3.000000 5.970000 0.490000
v 3.000000 6.130000 0.490000
v 3.000000 6.130000 0.790000
v 3.000000 5.970000 0.790000
vt 3.000000 6.460000
vt 3.000000 6.620000
vt 3.000000 6.920000
vt 3.000000 6.760000
vn 1.000000 0.000000 0.000000
vn 1.000000 0.000000 0.000000
vn 1.000000 0.000000 0.000000
vn 1.000000 0.000000 0.000000
f 127/127/127 128/128/128 129/129/129
f 127/127/127 129/129/129 130/130/130
v -3.000000 5.970000 0.490000
v 3.000000 5.970000 0.490000
v 3.000000 5.970000 0.790000
v -3.000000 5.970000 0.790000
vt -3.000000 6.460000
vt 3.000000 6.460000
vt 3.000000 6.760000
vt -3.000000 6.760000
vn 0.000000 -1.000000 0.000000
vn 0.000000 -1.000000 0.000000
vn 0.000000 -1.000000 0.000000
vn 0.000000 -1.000000 0.000000
f 131/131/131 132/132/132 133/133/133
f 131/131/131 133/133/133 134/134/134
v 3.000000 6.130000 0.790000
v 3.000000 6.130000 0.490000
v -3.000000 6.130000 0.490000
v -3.000000 6.130000 0.790000
vt 3.000000 6.920000
vt 3.000000 6.620000
vt -3.000000 6.620000
vt -3.000000 6.920000
vn 0.000000 1.000000 0.000000
vn 0.000000 1.000000 0.000000
vn 0.000000 1.000000 0.000000
vn 0.000000 1.000000 0.000000
f 135/135/135 136/136/136 137/137/137
f 135/135/135 137/137/137 138/138/138
v -2.485000 0.050000 0.850000
v -2.485000 3.950000 0.850000
v -2.815000 3.950000 0.850000
v -2.815000 0.050000 0.850000
vt -2.485000 0.900000
vt -2.485000 4.800000
vt -2.815000 4.800000
vt -2.815000 0.900000
vn 0.000000 -0.000000 1.000000
vn 0.000000 -0.000000 1.000000
vn 0.000000 -0.000000 1.000000
vn 0.000000 -0.000000 1.000000
f 139/139/139 140/140/140 141/141/141
f 139/139/139 141/141/141 142/142/142
v -2.815000 3.950000 0.470000
v -2.485000 3.950000 0.470000
v -2.485000 0.050000 0.470000
v -2.815000 0.050000 0.470000
vt -2.815000 4.420000
vt -2.485000 4.420000
vt -2.485000 0.520000
vt -2.815000 0.520000
vn 0.000000 0.000000 -1.000000
vn 0.000000 0.000000 -1.000000
vn 0.000000 0.000000 -1.000000
vn 0.000000 0.000000 -1.000000
f 143/143/143 144/144/144 145/145/145
f 143/143/143 145/145/145 146/146/146
v -2.815000 3.950000 0.850000
v -2.815000 3.950000 0.470000
v -2.815000 0.050000 0.470000
v -2.815000 0.050000 0.850000
vt -2.815000 4.800000
vt -2.815000 4.420000
vt -2.815000 0.520000
vt -2.815000 0.900000
vn -1.000000 0.000000 -0.000000
vn -1.000000 0.000000 -0.000000
vn -1.000000 0.000000 -0.000000
vn -1.000000 0.000000 -0.000000
f 147/147/147 148/148/148 149/149/149
f 147/147/147 149/149/149 150/150/150
v -2.485000 0.050000 0.470000
v -2.485000 3.950000 0.470000
v -2.485000 3.950000 0.850000
v -2.485000 0.050000 0.850000
vt -2.485000 0.520000
vt -2.485000 4.420000
vt -2.485000 4.800000
vt -2.485000 0.900000
vn 1.000000 0.000000 0.000000
vn 1.000000 0.000000 0.000000
vn 1.000000 0.000000 0.000000
vn 1.000000 0.000000 0.000000
f 151/151/151 152/152/152 153/153/153
f 151/151/151 153/153/153 154/154/154
v -2.815000 0.050000 0.470000
v -2.485000 0.050000 0.470000
v -2.485000 0.050000 0.850000
v -2.815000 0.050000 0.850000
vt -2.815000 0.520000
vt -2.485000 0.520000
vt -2.485000 0.900000
vt -2.815000 0.900000
vn 0.000000 -1.000000 0.000000
vn 0.000000 -1.000000 0.000000
vn 0.000000 -1.000000 0.000000
vn 0.000000 -1.000000 0.000000
f 155/155/155 156/156/156 157/157/157
f 155/155/155 157/157/157 158/158/158
v -2.485000 3.950000 0.850000
v -2.485000 3.950000 0.470000
v -2.815000 3.950000 0.470000
v -2.815000 3.950000 0.850000
vt -2.485000 4.800000
vt -2.485000 4.420000
vt -2.815000 4.420000
vt -2.815000 4.800000
vn 0.000000 1.000000 0.000000
vn 0.000000 1.000000 0.000000
vn 0.000000 1.000000 0.000000
vn 0.000000 1.000000 0.000000
f 159/159/159 160/160/160 161/161/161
f 159/159/159 161/161/161 162/162/162
v -2.410000 0.140000 0.910000
v -2.410000 0.300000 0.910000
v -2.890000 0.300000 0.910000
v -2.890000 0.140000 0.910000
vt -2.410000 1.050000
vt -2.410000 1.210000
vt -2.890000 1.210000
vt -2.890000 1.050000
vn 0.000000 -0.000000 1.000000
vn 0.000000 -0.000000 1.000000
vn 0.000000 -0.000000 1.000000
vn 0.000000 -0.000000 1.000000
f 163/163/163 164/164/164 165/165/165
f 163/163/163 165/165/165 166/166/166
v -2.890000 0.300000 0.470000
v -2.410000 0.300000 0.470000
v -2.410000 0.140000 0.470000
v -2.890000 0.140000 0.470000
vt -2.890000 0.770000
vt -2.410000 0.770000
vt -2.410000 0.610000
vt -2.890000 0.610000
vn 0.000000 0.000000 -1.000000
vn 0.000000 0.000000 -1.000000
vn 0.000000 0.000000 -1.000000
vn 0.000000 0.000000 -1.000000
f 167/167/167 168/168/168 169/169/169
f 167/167/167 169/169/169 170/170/170
v -2.890000 0.300000 0.910000
v -2.890000 0.300000 0.470000
v -2.890000 0.140000 0.470000
v -2.890000 0.140000 0.910000
vt -2.890000 1.210000
vt -2.890000 0.770000
vt -2.890000 0.610000
vt -2.890000 1.050000
vn -1.000000 0.000000 -0.000000
vn -1.000000 0.000000 -0.000000
vn -1.000000 0.000000 -0.000000
vn -1.000000 0.000000 -0.000000
f 171/171/171 172/172/172 173/173/173
f 171/171/171 173/173/173 174/174/174
v -2.410000 0.140000 0.470000
v -2.410000 0.300000 0.470000
v -2.410000 0.300000 0.910000
v -2.410000 0.140000 0.910000
vt -2.410000 0.610000
vt -2.410000 0.770000
vt -2.410000 1.210000
vt -2.410000 1.050000
vn 1.000000 0.000000 0.000000
vn 1.000000 0.000000 0.000000
vn 1.000000 0.000000 0.000000
vn 1.000000 0.000000 0.000000
f 175/175/175 176/176/176 177/177/177
f 175/175/175 177/177/177 178/178/178
v -2.890000 0.140000 0.470000
v -2.410000 0.140000 0.470000
v -2.410000 0.140000 0.910000
v -2.890000 0.140000 0.910000
vt -2.890000 0.610000
vt -2.410000 0.610000
vt -2.410000 1.050000
vt -2.890000 1.050000
vn 0.000000 -1.000000 0.000000
vn 0.000000 -1.000000 0.000000
vn 0.000000 -1.000000 0.000000
vn 0.000000 -1.000000 0.000000
f 179/179/179 180/180/180 181/181/181
f 179/179/179 181/181/181 182/182/182
v -2.410000 0.300000 0.910000
v -2.410000 0.300000 0.470000
v -2.890000 0.300000 0.470000
v -2.890000 0.300000 0.910000
vt -2.410000 1.210000
vt -2.410000 0.770000
vt -2.890000 0.770000
vt -2.890000 1.210000
vn 0.000000 1.000000 0.000000
vn 0.000000 1.000000 0.000000
vn 0.000000 1.000000 0.000000
vn 0.000000 1.000000 0.000000
f 183/183/183 184/184/184 185/185/185
f 183/183/183 185/185/185 186/186/186
v -2.410000 3.750000 0.910000
v -2.410000 3.910000 0.910000
v -2.890000 3.910000 0.910000
v -2.890000 3.750000 0.910000
vt -2.410000 4.660000
vt -2.410000 4.820000
vt -2.890000 4.820000
vt -2.890000 4.660000
vn 0.000000 -0.000000 1.000000
vn 0.000000 -0.000000 1.000000
vn 0.000000 -0.000000 1.000000
vn 0.000000 -0.000000 1.000000
f 187/187/187 188/188/188 189/189/189
f 187/187/187 189/189/189 190/190/190
v -2.890000 3.910000 0.470000
v -2.410000 3.910000 0.470000
v -2.410000 3.750000 0.470000
v -2.890000 3.750000 0.470000
vt -2.890000 4.380000
vt -2.410000 4.380000
vt -2.410000 4.220000
vt -2.890000 4.220000
vn 0.000000 0.000000 -1.000000
vn 0.000000 0.000000 -1.000000
vn 0.000000 0.000000 -1.000000
vn 0.000000 0.000000 -1.000000
f 191/191/191 192/192/192 193/193/193
f 191/191/191 193/193/193 194/194/194
v -2.890000 3.910000 0.910000
v -2.890000 3.910000 0.470000
v -2.890000 3.750000 0.470000
v -2.890000 3.750000 0.910000
vt -2.890000 4.820000
vt -2.890000 4.380000
vt -2.890000 4.220000
vt -2.890000 4.660000
vn -1.000000 0.000000 -0.000000
vn -1.000000 0.000000 -0.000000
vn -1.000000 0.000000 -0.000000
vn -1.000000 0.000000 -0.000000
f 195/195/195 196/196/196 197/197/197
f 195/195/195 197/197/197 198/198/198
v -2.410000 3.750000 0.470000
v -2.410000 3.910000 0.470000
v -2.410000 3.910000 0.910000
v -2.410000 3.750000 0.910000
vt -2.410000 4.220000
vt -2.410000 4.380000
vt -2.410000 4.820000
vt -2.410000 4.660000
vn 1.000000 0.000000 0.000000
vn 1.000000 0.000000 0.000000
vn 1.000000 0.000000 0.000000
vn 1.000000 0.000000 0.000000
f 199/199/199 200/200/200 201/201/201
f 199/199/199 201/201/201 202/202/202
v -2.890000 3.750000 0.470000
v -2.410000 3.750000 0.470000
v -2.410000 3.750000 0.910000
v -2.890000 3.750000 0.910000
vt -2.890000 4.220000
vt -2.410000 4.220000
vt -2.410000 4.660000
vt -2.890000 4.660000
vn 0.000000 -1.000000 0.000000
vn 0.000000 -1.000000 0.000000
vn 0.000000 -1.000000 0.000000
vn 0.000000 -1.000000 0.000000
f 203/203/203 204/204/204 205/205/205
f 203/203/203 205/205/205 206/206/206
v -2.410000 3.910000 0.910000
v -2.410000 3.910000 0.470000
v -2.890000 3.910000 0.470000
v -2.890000 3.910000 0.910000
vt -2.410000 4.820000
vt -2.410000 4.380000
vt -2.890000 4.380000
vt -2.890000 4.820000
vn 0.000000 1.000000 0.000000
vn 0.000000 1.000000 0.000000
vn 0.000000 1.000000 0.000000
vn 0.000000 1.000000 0.000000
f 207/207/207 208/208/208 209/209/209
f 207/207/207 209/209/209 210/210/210
v -2.410000 3.940000 0.910000
v -2.410000 4.100000 0.910000
v -2.890000 4.100000 0.910000
v -2.890000 3.940000 0.910000
vt -2.410000 4.850000
vt -2.410000 5.010000
vt -2.890000 5.010000
vt -2.890000 4.850000
vn 0.000000 -0.000000 1.000000
vn 0.000000 -0.000000 1.000000
vn 0.000000 -0.000000 1.000000
vn 0.000000 -0.000000 1.000000
f 211/211/211 212/212/212 213/213/213
f 211/211/211 213/213/213 214/214/214
v -2.890000 4.100000 0.470000
v -2.410000 4.100000 0.470000
v -2.410000 3.940000 0.470000
v -2.890000 3.940000 0.470000
vt -2.890000 4.570000
vt -2.410000 4.570000
vt -2.410000 4.410000
vt -2.890000 4.410000
vn 0.000000 0.000000 -1.000000
vn 0.000000 0.000000 -1.000000
vn 0.000000 0.000000 -1.000000
vn 0.000000 0.000000 -1.000000
f 215/215/215 216/216/216 217/217/217
f 215/215/215 217/217/217 218/218/218
v -2.890000 4.100000 0.910000
v -2.890000 4.100000 0.470000
v -2.890000 3.940000 0.470000
v -2.890000 3.940000 0.910000
vt -2.890000 5.010000
vt -2.890000 4.570000
vt -2.890000 4.410000
vt -2.890000 4.850000
vn -1.000000 0.000000 -0.000000
vn -1.000000 0.000000 -0.000000
vn -1.000000 0.000000 -0.000000
vn -1.000000 0.000000 -0.000000
f 219/219/219 220/220/220 221/221/221
f 219/219/219 221/221/221 222/222/222
v -2.410000 3.940000 0.470000
v -2.410000 4.100000 0.470000
v -2.410000 4.100000 0.910000
v -2.410000 3.940000 0.910000
vt -2.410000 4.410000
vt -2.410000 4.570000
vt -2.410000 5.010000
vt -2.410000 4.850000
vn 1.000000 0.000000 0.000000
vn 1.000000 0.000000 0.000000
vn 1.000000 0.000000 0.000000
vn 1.000000 0.000000 0.000000
f 223/223/223 224/224/224 225/225/225
f 223/223/223 225/225/225 226/226/226
v -2.890000 3.940000 0.470000
v -2.410000 3.940000 0.470000
v -2.410000 3.940000 0.910000
v -2.890000 3.940000 0.910000
vt -2.890000 4.410000
vt -2.410000 4.410000
vt -2.410000 4.850000
vt -2.890000 4.850000
vn 0.000000 -1.000000 0.000000
vn 0.000000 -1.000000 0.000000
vn 0.000000 -1.000000 0.000000
vn 0.000000 -1.000000 0.000000
f 227/227/227 228/228/228 229/229/229
f 227/227/227 229/229/229 230/230/230
v -2.410000 4.100000 0.910000
v -2.410000 4.100000 0.470000
v -2.890000 4.100000 0.470000
v -2.890000 4.100000 0.910000
vt -2.410000 5.010000
vt -2.410000 4.570000
vt -2.890000 4.570000
vt -2.890000 5.010000
vn 0.000000 1.000000 0.000000
vn 0.000000 1.000000 0.000000
vn 0.000000 1.000000 0.000000
vn 0.000000 1.000000 0.000000
f 231/231/231 232/232/232 233/233/233
f 231/231/231 233/233/233 234/234/234
v -2.535000 4.165000 0.780000
v -2.535000 5.895000 0.780000
v -2.765000 5.895000 0.780000
v -2.765000 4.165000 0.780000
vt -2.535000 4.945000
vt -2.535000 6.675000
vt -2.765000 6.675000
vt -2.765000 4.945000
vn 0.000000 -0.000000 1.000000
vn 0.000000 -0.000000 1.000000
vn 0.000000 -0.000000 1.000000
vn 0.000000 -0.000000 1.000000
f 235/235/235 236/236/236 237/237/237
f 235/235/235 237/237/237 238/238/238
v -2.765000 5.895000 0.520000
v -2.535000 5.895000 0.520000
v -2.535000 4.165000 0.520000
v -2.765000 4.165000 0.520000
vt -2.765000 6.415000
vt -2.535000 6.415000
vt -2.535000 4.685000
vt -2.765000 4.685000
vn 0.000000 0.000000 -1.000000
vn 0.000000 0.000000 -1.000000
vn 0.000000 0.000000 -1.000000
vn 0.000000 0.000000 -1.000000
f 239/239/239 240/240/240 241/241/241
f 239/239/239 241/241/241 242/242/242
v -2.765000 5.895000 0.780000
v -2.765000 5.895000 0.520000
v -2.765000 4.165000 0.520000
v -2.765000 4.165000 0.780000
vt -2.765000 6.675000
vt -2.765000 6.415000
vt -2.765000 4.685000
vt -2.765000 4.945000
vn -1.000000 0.000000 -0.000000
vn -1.000000 0.000000 -0.000000
vn -1.000000 0.000000 -0.000000
vn -1.000000 0.000000 -0.000000
f 243/243/243 244/244/244 245/245/245
f 243/243/243 245/245/245 246/246/246
v -2.535000 4.165000 0.520000
v -2.535000 5.895000 0.520000
v -2.535000 5.895000 0.780000
v -2.535000 4.165000 0.780000
vt -2.535000 4.685000
vt -2.535000 6.415000
vt -2.535000 6.675000
vt -2.535000 4.945000
vn 1.000000 0.000000 0.000000
vn 1.000000 0.000000 0.000000
vn 1.000000 0.000000 0.000000
vn 1.000000 0.000000 0.000000
f 247/247/247 248/248/248 249/249/249
f 247/247/247 249/249/249 250/250/250
v -2.765000 4.165000 0.520000
v -2.535000 4.165000 0.520000
v -2.535000 4.165000 0.780000
v -2.765000 4.165000 0.780000
vt -2.765000 4.685000
vt -2.535000 4.685000
vt -2.535000 4.945000
vt -2.765000 4.945000
vn 0.000000 -1.000000 0.000000
vn 0.000000 -1.000000 0.000000
vn 0.000000 -1.000000 0.000000
vn 0.000000 -1.000000 0.000000
f 251/251/251 252/252/252 253/253/253
f 251/251/251 253/253/253 254/254/254
v -2.535000 5.895000 0.780000
v -2.535000 5.895000 0.520000
v -2.765000 5.895000 0.520000
v -2.765000 5.895000 0.780000
vt -2.535000 6.675000
vt -2.535000 6.415000
vt -2.765000 6.415000
vt -2.765000 6.675000
vn 0.000000 1.000000 0.000000
vn 0.000000 1.000000 0.000000
vn 0.000000 1.000000 0.000000
vn 0.000000 1.000000 0.000000
f 255/255/255 256/256/256 257/257/257
f 255/255/255 257/257/257 258/258/258
v -2.440000 5.895000 0.880000
v -2.440000 6.025000 0.880000
v -2.860000 6.025000 0.880000
v -2.860000 5.895000 0.880000
vt -2.440000 6.775000
vt -2.440000 6.905000
vt -2.860000 6.905000
vt -2.860000 6.775000
vn 0.000000 -0.000000 1.000000
vn 0.000000 -0.000000 1.000000
vn 0.000000 -0.000000 1.000000
vn 0.000000 -0.000000 1.000000
f 259/259/259 260/260/260 261/261/261
f 259/259/259 261/261/261 262/262/262
v -2.860000 6.025000 0.520000
v -2.440000 6.025000 0.520000
v -2.440000 5.895000 0.520000
v -2.860000 5.895000 0.520000
vt -2.860000 6.545000
vt -2.440000 6.545000
vt -2.440000 6.415000
vt -2.860000 6.415000
vn 0.000000 0.000000 -1.000000
vn 0.000000 0.000000 -1.000000
vn 0.000000 0.000000 -1.000000
vn 0.000000 0.000000 -1.000000
f 263/263/263 264/264/264 265/265/265
f 263/263/263 265/265/265 266/266/266
v -2.860000 6.025000 0.880000
v -2.860000 6.025000 0.520000
v -2.860000 5.895000 0.520000
v -2.860000 5.895000 0.880000
vt -2.860000 6.905000
vt -2.860000 6.545000
vt -2.860000 6.415000
vt -2.860000 6.775000
vn -1.000000 0.000000 -0.000000
vn -1.000000 0.000000 -0.000000
vn -1.000000 0.000000 -0.000000
vn -1.000000 0.000000 -0.000000
f 267/267/267 268/268/268 269/269/269
f 267/267/267 269/269/269 270/270/270
v -2.440000 5.895000 0.520000
v -2.440000 6.025000 0.520000
v -2.440000 6.025000 0.880000
v -2.440000 5.895000 0.880000
vt -2.440000 6.415000
vt -2.440000 6.545000
vt -2.440000 6.905000
vt -2.440000 6.775000
vn 1.000000 0.000000 0.000000
vn 1.000000 0.000000 0.000000
vn 1.000000 0.000000 0.000000
vn 1.000000 0.000000 0.000000
f 271/271/271 272/272/272 273/273/273
f 271/271/271 273/273/273 274/274/274
v -2.860000 5.895000 0.520000
v -2.440000 5.895000 0.520000
v -2.440000 5.895000 0.880000
v -2.860000 5.895000 0.880000
vt -2.860000 6.415000
vt -2.440000 6.415000
vt -2.440000 6.775000
vt -2.860000 6.775000
vn 0.000000 -1.000000 0.000000
vn 0.000000 -1.000000 0.000000
vn 0.000000 -1.000000 0.000000
vn 0.000000 -1.000000 0.000000
f 275/275/275 276/276/276 277/277/277
f 275/275/275 277/277/277 278/278/278
v -2.440000 6.025000 0.880000
v -2.440000 6.025000 0.520000
v -2.860000 6.025000 0.520000
v -2.860000 6.025000 0.880000
vt -2.440000 6.905000
vt -2.440000 6.545000
vt -2.860000 6.545000
vt -2.860000 6.905000
vn 0.000000 1.000000 0.000000
vn 0.000000 1.000000 0.000000
vn 0.000000 1.000000 0.000000
vn 0.000000 1.000000 0.000000
f 279/279/279 280/280/280 281/281/281
f 279/279/279 281/281/281 282/282/282
v -1.235000 0.050000 0.850000
v -1.235000 3.950000 0.850000
v -1.565000 3.950000 0.850000
v -1.565000 0.050000 0.850000
vt -1.235000 0.900000
vt -1.235000 4.800000
vt -1.565000 4.800000
vt -1.565000 0.900000
vn 0.000000 -0.000000 1.000000
vn 0.000000 -0.000000 1.000000
vn 0.000000 -0.000000 1.000000
vn 0.000000 -0.000000 1.000000
f 283/283/283 284/284/284 285/285/285
f 283/283/283 285/285/285 286/286/286
v -1.565000 3.950000 0.470000
v -1.235000 3.950000 0.470000
v -1.235000 0.050000 0.470000
v -1.565000 0.050000 0.470000
vt -1.565000 4.420000
vt -1.235000 4.420000
vt -1.235000 0.520000
vt -1.565000 0.520000
vn 0.000000 0.000000 -1.000000
vn 0.000000 0.000000 -1.000000
vn 0.000000 0.000000 -1.000000
vn 0.000000 0.000000 -1.000000
f 287/287/287 288/288/288 289/289/289
f 287/287/287 289/289/289 290/290/290
v -1.565000 3.950000 0.850000
v -1.565000 3.950000 0.470000
v -1.565000 0.050000 0.470000
v -1.565000 0.050000 0.850000
vt -1.565000 4.800000
vt -1.565000 4.420000
vt -1.565000 0.520000
vt -1.565000 0.900000
vn -1.000000 0.000000 -0.000000
vn -1.000000 0.000000 -0.000000
vn -1.000000 0.000000 -0.000000
vn -1.000000 0.000000 -0.000000
f 291/291/291 292/292/292 293/293/293
f 291/291/291 293/293/293 294/294/294
v -1.235000 0.050000 0.470000
v -1.235000 3.950000 0.470000
v -1.235000 3.950000 0.850000
v -1.235000 0.050000 0.850000
vt -1.235000 0.520000
vt -1.235000 4.420000
vt -1.235000 4.800000
vt -1.235000 0.900000
vn 1.000000 0.000000 0.000000
vn 1.000000 0.000000 0.000000
vn 1.000000 0.000000 0.000000
vn 1.000000 0.000000 0.000000
f 295/295/295 296/296/296 297/297/297
f 295/295/295 297/297/297 298/298/298
v -1.565000 0.050000 0.470000
v -1.235000 0.050000 0.470000
v -1.235000 0.050000 0.850000
v -1.565000 0.050000 0.850000
vt -1.565000 0.520000
vt -1.235000 0.520000
vt -1.235000 0.900000
vt -1.565000 0.900000
vn 0.000000 -1.000000 0.000000
vn 0.000000 -1.000000 0.000000
vn 0.000000 -1.000000 0.000000
vn 0.000000 -1.000000 0.000000
f 299/299/299 300/300/300 301/301/301
f 299/299/299 301/301/301 302/302/302
v -1.235000 3.950000 0.850000
v -1.235000 3.950000 0.470000
v -1.565000 3.950000 0.470000
v -1.565000 3.950000 0.850000
vt -1.235000 4.800000
vt -1.235000 4.420000
vt -1.565000 4.420000
vt -1.565000 4.800000
vn 0.000000 1.000000 0.000000
vn 0.000000 1.000000 0.000000
vn 0.000000 1.000000 0.000000
vn 0.000000 1.000000 0.000000
f 303/303/303 304/304/304 305/305/305
f 303/303/303 305/305/305 306/306/306
v -1.160000 0.140000 0.910000
v -1.160000 0.300000 0.910000
v -1.640000 0.300000 0.910000
v -1.640000 0.140000 0.910000
vt -1.160000 1.050000
vt -1.160000 1.210000
vt -1.640000 1.210000
vt -1.640000 1.050000
vn 0.000000 -0.000000 1.000000
vn 0.000000 -0.000000 1.000000
vn 0.000000 -0.000000 1.000000
vn 0.000000 -0.000000 1.000000
f 307/307/307 308/308/308 309/309/309
f 307/307/307 309/309/309 310/310/310
v -1.640000 0.300000 0.470000
v -1.160000 0.300000 0.470000
v -1.160000 0.140000 0.470000
v -1.640000 0.140000 0.470000
vt -1.640000 0.770000
vt -1.160000 0.770000
vt -1.160000 0.610000
vt -1.640000 0.610000
vn 0.000000 0.000000 -1.000000
vn 0.000000 0.000000 -1.000000
vn 0.000000 0.000000 -1.000000
vn 0.000000 0.000000 -1.000000
f 311/311/311 312/312/312 313/313/313
f 311/311/311 313/313/313 314/314/314
v -1.640000 0.300000 0.910000
v -1.640000 0.300000 0.470000
v -1.640000 0.140000 0.470000
v -1.640000 0.140000 0.910000
vt -1.640000 1.210000
vt -1.640000 0.770000
vt -1.640000 0.610000
vt -1.640000 1.050000
vn -1.000000 0.000000 -0.000000
vn -1.000000 0.000000 -0.000000
vn -1.000000 0.000000 -0.000000
vn -1.000000 0.000000 -0.000000
f 315/315/315 316/316/316 317/317/317
f 315/315/315 317/317/317 318/318/318
v -1.160000 0.140000 0.470000
v -1.160000 0.300000 0.470000
v -1.160000 0.300000 0.910000
v -1.160000 0.140000 0.910000
vt -1.160000 0.610000
vt -1.160000 0.770000
vt -1.160000 1.210000
vt -1.160000 1.050000
vn 1.000000 0.000000 0.000000
vn 1.000000 0.000000 0.000000
vn 1.000000 0.000000 0.000000
vn 1.000000 0.000000 0.000000
f 319/319/319 320/320/320 321/321/321
f 319/319/319 321/321/321 322/322/322
v -1.640000 0.140000 0.470000
v -1.160000 0.140000 0.470000
v -1.160000 0.140000 0.910000
v -1.640000 0.140000 0.910000
vt -1.640000 0.610000
vt -1.160000 0.610000
vt -1.160000 1.050000
vt -1.640000 1.050000
vn 0.000000 -1.000000 0.000000
vn 0.000000 -1.000000 0.000000
vn 0.000000 -1.000000 0.000000
vn 0.000000 -1.000000 0.000000
f 323/323/323 324/324/324 325/325/325
f 323/323/323 325/325/325 326/326/326
v -1.160000 0.300000 0.910000
v -1.160000 0.300000 0.470000
v -1.640000 0.300000 0.470000
v -1.640000 0.300000 0.910000
vt -1.160000 1.210000
vt -1.160000 0.770000
vt -1.640000 0.770000
vt -1.640000 1.210000
vn 0.000000 1.000000 0.000000
vn 0.000000 1.000000 0.000000
vn 0.000000 1.000000 0.000000
vn 0.000000 1.000000 0.000000
f 327/327/327 328/328/328 329/329/329
f 327/327/327 329/329/329 330/330/330
v -1.160000 3.750000 0.910000
v -1.160000 3.910000 0.910000
v -1.640000 3.910000 0.910000
v -1.640000 3.750000 0.910000
vt -1.160000 4.660000
vt -1.160000 4.820000
vt -1.640000 4.820000
vt -1.640000 4.660000
vn 0.000000 -0.000000 1.000000
vn 0.000000 -0.000000 1.000000
vn 0.000000 -0.000000 1.000000
vn 0.000000 -0.000000 1.000000
f 331/331/331 332/332/332 333/333/333
f 331/331/331 333/333/333 334/334/334
v -1.640000 3.910000 0.470000
v -1.160000 3.910000 0.470000
v -1.160000 3.750000 0.470000
v -1.640000 3.750000 0.470000
vt -1.640000 4.380000
vt -1.160000 4.380000
vt -1.160000 4.220000
vt -1.640000 4.220000
vn 0.000000 0.000000 -1.000000
vn 0.000000 0.000000 -1.000000
vn 0.000000 0.000000 -1.000000
vn 0.000000 0.000000 -1.000000
f 335/335/335 336/336/336 337/337/337
f 335/335/335 337/337/337 338/338/338
v -1.640000 3.910000 0.910000
v -1.640000 3.910000 0.470000
v -1.640000 3.750000 0.470000
v -1.640000 3.750000 0.910000
vt -1.640000 4.820000
vt -1.640000 4.380000
vt -1.640000 4.220000
vt -1.640000 4.660000
vn -1.000000 0.000000 -0.000000
vn -1.000000 0.000000 -0.000000
vn -1.000000 0.000000 -0.000000
vn -1.000000 0.000000 -0.000000
f 339/339/339 340/340/340 341/341/341
f 339/339/339 341/341/341 342/342/342
v -1.160000 3.750000 0.470000
v -1.160000 3.910000 0.470000
v -1.160000 3.910000 0.910000
v -1.160000 3.750000 0.910000
vt -1.160000 4.220000
vt -1.160000 4.380000
vt -1.160000 4.820000
vt -1.160000 4.660000
vn 1.000000 0.000000 0.000000
vn 1.000000 0.000000 0.000000
vn 1.000000 0.000000 0.000000
vn 1.000000 0.000000 0.000000
f 343/343/343 344/344/344 345/345/345
f 343/343/343 345/345/345 346/346/346
v -1.640000 3.750000 0.470000
v -1.160000 3.750000 0.470000
v -1.160000 3.750000 0.910000
v -1.640000 3.750000 0.910000
vt -1.640000 4.220000
vt -1.160000 4.220000
vt -1.160000 4.660000
vt -1.640000 4.660000
vn 0.000000 -1.000000 0.000000
vn 0.000000 -1.000000 0.000000
vn 0.000000 -1.000000 0.000000
vn 0.000000 -1.000000 0.000000
f 347/347/347 348/348/348 349/349/349
f 347/347/347 349/349/349 350/350/350
v -1.160000 3.910000 0.910000
v -1.160000 3.910000 0.470000
v -1.640000 3.910000 0.470000
v -1.640000 3.910000 0.910000
vt -1.160000 4.820000
vt -1.160000 4.380000
vt -1.640000 4.380000
vt -1.640000 4.820000
vn 0.000000 1.000000 0.000000
vn 0.000000 1.000000 0.000000
vn 0.000000 1.000000 0.000000
vn 0.000000 1.000000 0.000000
f 351/351/351 352/352/352 353/353/353
f 351/351/351 353/353/353 354/354/354
v -1.160000 3.940000 0.910000
v -1.160000 4.100000 0.910000
v -1.640000 4.100000 0.910000
v -1.640000 3.940000 0.910000
vt -1.160000 4.850000
vt -1.160000 5.010000
vt -1.640000 5.010000
vt -1.640000 4.850000
vn 0.000000 -0.000000 1.000000
vn 0.000000 -0.000000 1.000000
vn 0.000000 -0.000000 1.000000
vn 0.000000 -0.000000 1.000000
f 355/355/355 356/356/356 357/357/357
f 355/355/355 357/357/357 358/358/358
v -1.640000 4.100000 0.470000
v -1.160000 4.100000 0.470000
v -1.160000 3.940000 0.470000
v -1.640000 3.940000 0.470000
vt -1.640000 4.570000
vt -1.160000 4.570000
vt -1.160000 4.410000
vt -1.640000 4.410000
vn 0.000000 0.000000 -1.000000
vn 0.000000 0.000000 -1.000000
vn 0.000000 0.000000 -1.000000
vn 0.000000 0.000000 -1.000000
f 359/359/359 360/360/360 361/361/361
f 359/359/359 361/361/361 362/362/362
v -1.640000 4.100000 0.910000
v -1.640000 4.100000 0.470000
v -1.640000 3.940000 0.470000
v -1.640000 3.940000 0.910000
vt -1.640000 5.010000
vt -1.640000 4.570000
vt -1.640000 4.410000
vt -1.640000 4.850000
vn -1.000000 0.000000 -0.000000
vn -1.000000 0.000000 -0.000000
vn -1.000000 0.000000 -0.000000
vn -1.000000 0.000000 -0.000000
f 363/363/363 364/364/364 365/365/365
f 363/363/363 365/365/365 366/366/366
v -1.160000 3.940000 0.470000
v -1.160000 4.100000 0.470000
v -1.160000 4.100000 0.910000
v -1.160000 3.940000 0.910000
vt -1.160000 4.410000
vt -1.160000 4.570000
vt -1.160000 5.010000
vt -1.160000 4.850000
vn 1.000000 0.000000 0.000000
vn 1.000000 0.000000 0.000000
vn 1.000000 0.000000 0.000000
vn 1.000000 0.000000 0.000000
f 367/367/367 368/368/368 369/369/369
f 367/367/367 369/369/369 370/370/370
v -1.640000 3.940000 0.470000
v -1.160000 3.940000 0.470000
v -1.160000 3.940000 0.910000
v -1.640000 3.940000 0.910000
vt -1.640000 4.410000
vt -1.160000 4.410000
vt -1.160000 4.850000
vt -1.640000 4.850000
vn 0.000000 -1.000000 0.000000
vn 0.000000 -1.000000 0.000000
vn 0.000000 -1.000000 0.000000
vn 0.000000 -1.000000 0.000000
f 371/371/371 372/372/372 373/373/373
f 371/371/371 373/373/373 374/374/374
v -1.160000 4.100000 0.910000
v -1.160000 4.100000 0.470000
v -1.640000 4.100000 0.470000
v -1.640000 4.100000 0.910000
vt -1.160000 5.010000
vt -1.160000 4.570000
vt -1.640000 4.570000
vt -1.640000 5.010000
vn 0.000000 1.000000 0.000000
vn 0.000000 1.000000 0.000000
vn 0.000000 1.000000 0.000000
vn 0.000000 1.000000 0.000000
f 375/375/375 376/376/376 377/377/377
f 375/375/375 377/377/377 378/378/378
v -1.285000 4.165000 0.780000
v -1.285000 5.895000 0.780000
v -1.515000 5.895000 0.780000
v -1.515000 4.165000 0.780000
vt -1.285000 4.945000
vt -1.285000 6.675000
vt -1.515000 6.675000
vt -1.515000 4.945000
vn 0.000000 -0.000000 1.000000
vn 0.000000 -0.000000 1.000000
vn 0.000000 -0.000000 1.000000
vn 0.000000 -0.000000 1.000000
f 379/379/379 380/380/380 381/381/381
f 379/379/379 381/381/381 382/382/382
v -1.515000 5.895000 0.520000
v -1.285000 5.895000 0.520000
v -1.285000 4.165000 0.520000
v -1.515000 4.165000 0.520000
vt -1.515000 6.415000
vt -1.285000 6.415000
vt -1.285000 4.685000
vt -1.515000 4.685000
vn 0.000000 0.000000 -1.000000
vn 0.000000 0.000000 -1.000000
vn 0.000000 0.000000 -1.000000
vn 0.000000 0.000000 -1.000000
f 383/383/383 384/384/384 385/385/385
f 383/383/383 385/385/385 386/386/386
v -1.515000 5.895000 0.780000
v -1.515000 5.895000 0.520000
v -1.515000 4.165000 0.520000
v -1.515000 4.165000 0.780000
vt -1.515000 6.675000
vt -1.515000 6.415000
vt -1.515000 4.685000
vt -1.515000 4.945000
vn -1.000000 0.000000 -0.000000
vn -1.000000 0.000000 -0.000000
vn -1.000000 0.000000 -0.000000
vn -1.000000 0.000000 -0.000000
f 387/387/387 388/388/388 389/389/389
f 387/387/387 389/389/389 390/390/390
v -1.285000 4.165000 0.520000
v -1.285000 5.895000 0.520000
v -1.285000 5.895000 0.780000
v -1.285000 4.165000 0.780000
vt -1.285000 4.685000
vt -1.285000 6.415000
vt -1.285000 6.675000
vt -1.285000 4.945000
vn 1.000000 0.000000 0.000000
vn 1.000000 0.000000 0.000000
vn 1.000000 0.000000 0.000000
vn 1.000000 0.000000 0.000000
f 391/391/391 392/392/392 393/393/393
f 391/391/391 393/393/393 394/394/394
v -1.515000 4.165000 0.520000
v -1.285000 4.165000 0.520000
v -1.285000 4.165000 0.780000
v -1.515000 4.165000 0.780000
vt -1.515000 4.685000
vt -1.285000 4.685000
vt -1.285000 4.945000
vt -1.515000 4.945000
vn 0.000000 -1.000000 0.000000
vn 0.000000 -1.000000 0.000000
vn 0.000000 -1.000000 0.000000
vn 0.000000 -1.000000 0.000000
f 395/395/395 396/396/396 397/397/397
f 395/395/395 397/397/397 398/398/398
v -1.285000 5.895000 0.780000
v -1.285000 5.895000 0.520000
v -1.515000 5.895000 0.520000
v -1.515000 5.895000 0.780000
vt -1.285000 6.675000
vt -1.285000 6.415000
vt -1.515000 6.415000
vt -1.515000 6.675000
vn 0.000000 1.000000 0.000000
vn 0.000000 1.000000 0.000000
vn 0.000000 1.000000 0.000000
vn 0.000000 1.000000 0.000000
f 399/399/399 400/400/400 401/401/401
f 399/399/399 401/401/401 402/402/402
v -1.190000 5.895000 0.880000
v -1.190000 6.025000 0.880000
v -1.610000 6.025000 0.880000
v -1.610000 5.895000 0.880000
vt -1.190000 6.775000
vt -1.190000 6.905000
vt -1.610000 6.905000
vt -1.610000 6.775000
vn 0.000000 -0.000000 1.000000
vn 0.000000 -0.000000 1.000000
vn 0.000000 -0.000000 1.000000
vn 0.000000 -0.000000 1.000000
f 403/403/403 404/404/404 405/405/405
f 403/403/403 405/405/405 406/406/406
v -1.610000 6.025000 0.520000
v -1.190000 6.025000 0.520000
v -1.190000 5.895000 0.520000
v -1.610000 5.895000 0.520000
vt -1.610000 6.545000
vt -1.190000 6.545000
vt -1.190000 6.415000
vt -1.610000 6.415000
vn 0.000000 0.000000 -1.000000
vn 0.000000 0.000000 -1.000000
vn 0.000000 0.000000 -1.000000
vn 0.000000 0.000000 -1.000000
f 407/407/407 408/408/408 409/409/409
f 407/407/407 409/409/409 410/410/410
v -1.610000 6.025000 0.880000
v -1.610000 6.025000 0.520000
v -1.610000 5.895000 0.520000
v -1.610000 5.895000 0.880000
vt -1.610000 6.905000
vt -1.610000 6.545000
vt -1.610000 6.415000
vt -1.610000 6.775000
vn -1.000000 0.000000 -0.000000
vn -1.000000 0.000000 -0.000000
vn -1.000000 0.000000 -0.000000
vn -1.000000 0.000000 -0.000000
f 411/411/411 412/412/412 413/413/413
f 411/411/411 413/413/413 414/414/414
v -1.190000 5.895000 0.520000
v -1.190000 6.025000 0.520000
v -1.190000 6.025000 0.880000
v -1.190000 5.895000 0.880000
vt -1.190000 6.415000
vt -1.190000 6.545000
vt -1.190000 6.905000
vt -1.190000 6.775000
vn 1.000000 0.000000 0.000000
vn 1.000000 0.000000 0.000000
vn 1.000000 0.000000 0.000000
vn 1.000000 0.000000 0.000000
f 415/415/415 416/416/416 417/417/417
f 415/415/415 417/417/417 418/418/418
v -1.610000 5.895000 0.520000
v -1.190000 5.895000 0.520000
v -1.190000 5.895000 0.880000
v -1.610000 5.895000 0.880000
vt -1.610000 6.415000
vt -1.190000 6.415000
vt -1.190000 6.775000
vt -1.610000 6.775000
vn 0.000000 -1.000000 0.000000
vn 0.000000 -1.000000 0.000000
vn 0.000000 -1.000000 0.000000
vn 0.000000 -1.000000 0.000000
f 419/419/419 420/420/420 421/421/421
f 419/419/419 421/421/421 422/422/422
v -1.190000 6.025000 0.880000
v -1.190000 6.025000 0.520000
v -1.610000 6.025000 0.520000
v -1.610000 6.025000 0.880000
vt -1.190000 6.905000
vt -1.190000 6.545000
vt -1.610000 6.545000
vt -1.610000 6.905000
vn 0.000000 1.000000 0.000000
vn 0.000000 1.000000 0.000000
vn 0.000000 1.000000 0.000000
vn 0.000000 1.000000 0.000000
f 423/423/423 424/424/424 425/425/425
f 423/423/423 425/425/425 426/426/426
v 1.565000 0.050000 0.850000
v 1.565000 3.950000 0.850000
v 1.235000 3.950000 0.850000
v 1.235000 0.050000 0.850000
vt 1.565000 0.900000
vt 1.565000 4.800000
vt 1.235000 4.800000
vt 1.235000 0.900000
vn 0.000000 -0.000000 1.000000
vn 0.000000 -0.000000 1.000000
vn 0.000000 -0.000000 1.000000
vn 0.000000 -0.000000 1.000000
f 427/427/427 428/428/428 429/429/429
f 427/427/427 429/429/429 430/430/430
v 1.235000 3.950000 0.470000
v 1.565000 3.950000 0.470000
v 1.565000 0.050000 0.470000
v 1.235000 0.050000 0.470000
vt 1.235000 4.420000
vt 1.565000 4.420000
vt 1.565000 0.520000
vt 1.235000 0.520000
vn 0.000000 0.000000 -1.000000
vn 0.000000 0.000000 -1.000000
vn 0.000000 0.000000 -1.000000
vn 0.000000 0.000000 -1.000000
f 431/431/431 432/432/432 433/433/433
f 431/431/431 433/433/433 434/434/434
v 1.235000 3.950000 0.850000
v 1.235000 3.950000 0.470000
v 1.235000 0.050000 0.470000
v 1.235000 0.050000 0.850000
vt 1.235000 4.800000
vt 1.235000 4.420000
vt 1.235000 0.520000
vt 1.235000 0.900000
vn -1.000000 0.000000 -0.000000
vn -1.000000 0.000000 -0.000000
vn -1.000000 0.000000 -0.000000
vn -1.000000 0.000000 -0.000000
f 435/435/435 436/436/436 437/437/437
f 435/435/435 437/437/437 438/438/438
v 1.565000 0.050000 0.470000
v 1.565000 3.950000 0.470000
v 1.565000 3.950000 0.850000
v 1.565000 0.050000 0.850000
vt 1.565000 0.520000
vt 1.565000 4.420000
vt 1.565000 4.800000
vt 1.565000 0.900000
vn 1.000000 0.000000 0.000000
vn 1.000000 0.000000 0.000000
vn 1.000000 0.000000 0.000000
vn 1.000000 0.000000 0.000000
f 439/439/439 440/440/440 441/441/441
f 439/439/439 441/441/441 442/442/442
v 1.235000 0.050000 0.470000
v 1.565000 0.050000 0.470000
v 1.565000 0.050000 0.850000
v 1.235000 0.050000 0.850000
vt 1.235000 0.520000
vt 1.565000 0.520000
vt 1.565000 0.900000
vt 1.235000 0.900000
vn 0.000000 -1.000000 0.000000
vn 0.000000 -1.000000 0.000000
vn 0.000000 -1.000000 0.000000
vn 0.000000 -1.000000 0.000000
f 443/443/443 444/444/444 445/445/445
f 443/443/443 445/445/445 446/446/446
v 1.565000 3.950000 0.850000
v 1.565000 3.950000 0.470000
v 1.235000 3.950000 0.470000
v 1.235000 3.950000 0.850000
vt 1.565000 4.800000
vt 1.565000 4.420000
vt 1.235000 4.420000
vt 1.235000 4.800000
vn 0.000000 1.000000 0.000000
vn 0.000000 1.000000 0.000000
vn 0.000000 1.000000 0.000000
vn 0.000000 1.000000 0.000000
f 447/447/447 448/448/448 449/449/449
f 447/447/447 449/449/449 450/450/450
v 1.640000 0.140000 0.910000
v 1.640000 0.300000 0.910000
v 1.160000 0.300000 0.910000
v 1.160000 0.140000 0.910000
vt 1.640000 1.050000
vt 1.640000 1.210000
vt 1.160000 1.210000
vt 1.160000 1.050000
vn 0.000000 -0.000000 1.000000
vn 0.000000 -0.000000 1.000000
vn 0.000000 -0.000000 1.000000
vn 0.000000 -0.000000 1.000000
f 451/451/451 452/452/452 453/453/453
f 451/451/451 453/453/453 454/454/454
v 1.160000 0.300000 0.470000
v 1.640000 0.300000 0.470000
v 1.640000 0.140000 0.470000
v 1.160000 0.140000 0.470000
vt 1.160000 0.770000
vt 1.640000 0.770000
vt 1.640000 0.610000
vt 1.160000 0.610000
vn 0.000000 0.000000 -1.000000
vn 0.000000 0.000000 -1.000000
vn 0.000000 0.000000 -1.000000
vn 0.000000 0.000000 -1.000000
f 455/455/455 456/456/456 457/457/457
f 455/455/455 457/457/457 458/458/458
v 1.160000 0.300000 0.910000
v 1.160000 0.300000 0.470000
v 1.160000 0.140000 0.470000
v 1.160000 0.140000 0.910000
vt 1.160000 1.210000
vt 1.160000 0.770000
vt 1.160000 0.610000
vt 1.160000 1.050000
vn -1.000000 0.000000 -0.000000
vn -1.000000 0.000000 -0.000000
vn -1.000000 0.000000 -0.000000
vn -1.000000 0.000000 -0.000000
f 459/459/459 460/460/460 461/461/461
f 459/459/459 461/461/461 462/462/462
v 1.640000 0.140000 0.470000
v 1.640000 0.300000 0.470000
v 1.640000 0.300000 0.910000
v 1.640000 0.140000 0.910000
vt 1.640000 0.610000
vt 1.640000 0.770000
vt 1.640000 1.210000
vt 1.640000 1.050000
vn 1.000000 0.000000 0.000000
vn 1.000000 0.000000 0.000000
vn 1.000000 0.000000 0.000000
vn 1.000000 0.000000 0.000000
f 463/463/463 464/464/464 465/465/465
f 463/463/463 465/465/465 466/466/466
v 1.160000 0.140000 0.470000
v 1.640000 0.140000 0.470000
v 1.640000 0.140000 0.910000
v 1.160000 0.140000 0.910000
vt 1.160000 0.610000
vt 1.640000 0.610000
vt 1.640000 1.050000
vt 1.160000 1.050000
vn 0.000000 -1.000000 0.000000
vn 0.000000 -1.000000 0.000000
vn 0.000000 -1.000000 0.000000
vn 0.000000 -1.000000 0.000000
f 467/467/467 468/468/468 469/469/469
f 467/467/467 469/469/469 470/470/470
v 1.640000 0.300000 0.910000
v 1.640000 0.300000 0.470000
v 1.160000 0.300000 0.470000
v 1.160000 0.300000 0.910000
vt 1.640000 1.210000
vt 1.640000 0.770000
vt 1.160000 0.770000
vt 1.160000 1.210000
vn 0.000000 1.000000 0.000000
vn 0.000000 1.000000 0.000000
vn 0.000000 1.000000 0.000000
vn 0.000000 1.000000 0.000000
f 471/471/471 472/472/472 473/473/473
f 471/471/471 473/473/473 474/474/474
v 1.640000 3.750000 0.910000
v 1.640000 3.910000 0.910000
v 1.160000 3.910000 0.910000
v 1.160000 3.750000 0.910000
vt 1.640000 4.660000
vt 1.640000 4.820000
vt 1.160000 4.820000
vt 1.160000 4.660000
vn 0.000000 -0.000000 1.000000
vn 0.000000 -0.000000 1.000000
vn 0.000000 -0.000000 1.000000
vn 0.000000 -0.000000 1.000000
f 475/475/475 476/476/476 477/477/477
f 475/475/475 477/477/477 478/478/478
v 1.160000 3.910000 0.470000
v 1.640000 3.910000 0.470000
v 1.640000 3.750000 0.470000
v 1.160000 3.750000 0.470000
vt 1.160000 4.380000
vt 1.640000 4.380000
vt 1.640000 4.220000
vt 1.160000 4.220000
vn 0.000000 0.000000 -1.000000
vn 0.000000 0.000000 -1.000000
vn 0.000000 0.000000 -1.000000
vn 0.000000 0.000000 -1.000000
f 479/479/479 480/480/480 481/481/481
f 479/479/479 481/481/481 482/482/482
v 1.160000 3.910000 0.910000
v 1.160000 3.910000 0.470000
v 1.160000 3.750000 0.470000
v 1.160000 3.750000 0.910000
vt 1.160000 4.820000
vt 1.160000 4.380000
vt 1.160000 4.220000
vt 1.160000 4.660000
vn -1.000000 0.000000 -0.000000
vn -1.000000 0.000000 -0.000000
vn -1.000000 0.000000 -0.000000
vn -1.000000 0.000000 -0.000000
f 483/483/483 484/484/484 485/485/485
f 483/483/483 485/485/485 486/486/486
v 1.640000 3.750000 0.470000
v 1.640000 3.910000 0.470000
v 1.640000 3.910000 0.910000
v 1.640000 3.750000 0.910000
vt 1.640000 4.220000
vt 1.640000 4.380000
vt 1.640000 4.820000
vt 1.640000 4.660000
vn 1.000000 0.000000 0.000000
vn 1.000000 0.000000 0.000000
vn 1.000000 0.000000 0.000000
vn 1.000000 0.000000 0.000000
f 487/487/487 488/488/488 489/489/489
f 487/487/487 489/489/489 490/490/490
v 1.160000 3.750000 0.470000
v 1.640000 3.750000 0.470000
v 1.640000 3.750000 0.910000
v 1.160000 3.750000 0.910000
vt 1.160000 4.220000
vt 1.640000 4.220000
vt 1.640000 4.660000
vt 1.160000 4.660000
vn 0.000000 -1.000000 0.000000
vn 0.000000 -1.000000 0.000000
vn 0.000000 -1.000000 0.000000
vn 0.000000 -1.000000 0.000000
f 491/491/491 492/492/492 493/493/493
f 491/491/491 493/493/493 494/494/494
v 1.640000 3.910000 0.910000
v 1.640000 3.910000 0.470000
v 1.160000 3.910000 0.470000
v 1.160000 3.910000 0.910000
vt 1.640000 4.820000
vt 1.640000 4.380000
vt 1.160000 4.380000
vt 1.160000 4.820000
vn 0.000000 1.000000 0.000000
vn 0.000000 1.000000 0.000000
vn 0.000000 1.000000 0.000000
vn 0.000000 1.000000 0.000000
f 495/495/495 496/496/496 497/497/497
f 495/495/495 497/497/497 498/498/498
v 1.640000 3.940000 0.910000
v 1.640000 4.100000 0.910000
v 1.160000 4.100000 0.910000
v 1.160000 3.940000 0.910000
vt 1.640000 4.850000
vt 1.640000 5.010000
vt 1.160000 5.010000
vt 1.160000 4.850000
vn 0.000000 -0.000000 1.000000
vn 0.000000 -0.000000 1.000000
vn 0.000000 -0.000000 1.000000
vn 0.000000 -0.000000 1.000000
f 499/499/499 500/500/500 501/501/501
f 499/499/499 501/501/501 502/502/502
v 1.160000 4.100000 0.470000
v 1.640000 4.100000 0.470000
v 1.640000 3.940000 0.470000
v 1.160000 3.940000 0.470000
vt 1.160000 4.570000
vt 1.640000 4.570000
vt 1.640000 4.410000
vt 1.160000 4.410000
vn 0.000000 0.000000 -1.000000
vn 0.000000 0.000000 -1.000000
vn 0.000000 0.000000 -1.000000
vn 0.000000 0.000000 -1.000000
f 503/503/503 504/504/504 505/505/505
f 503/503/503 505/505/505 506/506/506
v 1.160000 4.100000 0.910000
v 1.160000 4.100000 0.470000
v 1.160000 3.940000 0.470000
v 1.160000 3.940000 0.910000
vt 1.160000 5.010000
vt 1.160000 4.570000
vt 1.160000 4.410000
vt 1.160000 4.850000
vn -1.000000 0.000000 -0.000000
vn -1.000000 0.000000 -0.000000
vn -1.000000 0.000000 -0.000000
vn -1.000000 0.000000 -0.000000
f 507/507/507 508/508/508 509/509/509
f 507/507/507 509/509/509 510/510/510
v 1.640000 3.940000 0.470000
v 1.640000 4.100000 0.470000
v 1.640000 4.100000 0.910000
v 1.640000 3.940000 0.910000
vt 1.640000 4.410000
vt 1.640000 4.570000
vt 1.640000 5.010000
vt 1.640000 4.850000
vn 1.000000 0.000000 0.000000
vn 1.000000 0.000000 0.000000
vn 1.000000 0.000000 0.000000
vn 1.000000 0.000000 0.000000
f 511/511/511 512/512/512 513/513/513
f 511/511/511 513/513/513 514/514/514
v 1.160000 3.940000 0.470000
v 1.640000 3.940000 0.470000
v 1.640000 3.940000 0.910000
v 1.160000 3.940000 0.910000
vt 1.160000 4.410000
vt 1.640000 4.410000
vt 1.640000 4.850000
vt 1.160000 4.850000
vn 0.000000 -1.000000 0.000000
vn 0.000000 -1.000000 0.000000
vn 0.000000 -1.000000 0.000000
vn 0.000000 -1.000000 0.000000
f 515/515/515 516/516/516 517/517/517
f 515/515/515 517/517/517 518/518/518
v 1.640000 4.100000 0.910000
v 1.640000 4.100000 0.470000
v 1.160000 4.100000 0.470000
v 1.160000 4.100000 0.910000
vt 1.640000 5.010000
vt 1.640000 4.570000
vt 1.160000 4.570000
vt 1.160000 5.010000
vn 0.000000 1.000000 0.000000
vn 0.000000 1.000000 0.000000
vn 0.000000 1.000000 0.000000
vn 0.000000 1.000000 0.000000
f 519/519/519 520/520/520 521/521/521
f 519/519/519 521/521/521 522/522/522
v 1.515000 4.165000 0.780000
v 1.515000 5.895000 0.780000
v 1.285000 5.895000 0.780000
v 1.285000 4.165000 0.780000
vt 1.515000 4.945000
vt 1.515000 6.675000
vt 1.285000 6.675000
vt 1.285000 4.945000
vn 0.000000 -0.000000 1.000000
vn 0.000000 -0.000000 1.000000
vn 0.000000 -0.000000 1.000000
vn 0.000000 -0.000000 1.000000
f 523/523/523 524/524/524 525/525/525
f 523/523/523 525/525/525 526/526/526
v 1.285000 5.895000 0.520000
v 1.515000 5.895000 0.520000
v 1.515000 4.165000 0.520000
v 1.285000 4.165000 0.520000
vt 1.285000 6.415000
vt 1.515000 6.415000
vt 1.515000 4.685000
vt 1.285000 4.685000
vn 0.000000 0.000000 -1.000000
vn 0.000000 0.000000 -1.000000
vn 0.000000 0.000000 -1.000000
vn 0.000000 0.000000 -1.000000
f 527/527/527 528/528/528 529/529/529
f 527/527/527 529/529/529 530/530/530
v 1.285000 5.895000 0.780000
v 1.285000 5.895000 0.520000
v 1.285000 4.165000 0.520000
v 1.285000 4.165000 0.780000
vt 1.285000 6.675000
vt 1.285000 6.415000
vt 1.285000 4.685000
vt 1.285000 4.945000
vn -1.000000 0.000000 -0.000000
vn -1.000000 0.000000 -0.000000
vn -1.000000 0.000000 -0.000000
vn -1.000000 0.000000 -0.000000
f 531/531/531 532/532/532 533/533/533
f 531/531/531 533/533/533 534/534/534
v 1.515000 4.165000 0.520000
v 1.515000 5.895000 0.520000
v 1.515000 5.895000 0.780000
v 1.515000 4.165000 0.780000
vt 1.515000 4.685000
vt 1.515000 6.415000
vt 1.515000 6.675000
vt 1.515000 4.945000
vn 1.000000 0.000000 0.000000
vn 1.000000 0.000000 0.000000
vn 1.000000 0.000000 0.000000
vn 1.000000 0.000000 0.000000
f 535/535/535 536/536/536 537/537/537
f 535/535/535 537/537/537 538/538/538
v 1.285000 4.165000 0.520000
v 1.515000 4.165000 0.520000
v 1.515000 4.165000 0.780000
v 1.285000 4.165000 0.780000
vt 1.285000 4.685000
vt 1.515000 4.685000
vt 1.515000 4.945000
vt 1.285000 4.945000
vn 0.000000 -1.000000 0.000000
vn 0.000000 -1.000000 0.000000
vn 0.000000 -1.000000 0.000000
vn 0.000000 -1.000000 0.000000
f 539/539/539 540/540/540 541/541/541
f 539/539/539 541/541/541 542/542/542
v 1.515000 5.895000 0.780000
v 1.515000 5.895000 0.520000
v 1.285000 5.895000 0.520000
v 1.285000 5.895000 0.780000
vt 1.515000 6.675000
vt 1.515000 6.415000
vt 1.285000 6.415000
vt 1.285000 6.675000
vn 0.000000 1.000000 0.000000
vn 0.000000 1.000000 0.000000
vn 0.000000 1.000000 0.000000
vn 0.000000 1.000000 0.000000
f 543/543/543 544/544/544 545/545/545
f 543/543/543 545/545/545 546/546/546
v 1.610000 5.895000 0.880000
v 1.610000 6.025000 0.880000
v 1.190000 6.025000 0.880000
v 1.190000 5.895000 0.880000
vt 1.610000 6.775000
vt 1.610000 6.905000
vt 1.190000 6.905000
vt 1.190000 6.775000
vn 0.000000 -0.000000 1.000000
vn 0.000000 -0.000000 1.000000
vn 0.000000 -0.000000 1.000000
vn 0.000000 -0.000000 1.000000
f 547/547/547 548/548/548 549/549/549
f 547/547/547 549/549/549 550/550/550
v 1.190000 6.025000 0.520000
v 1.610000 6.025000 0.520000
v 1.610000 5.895000 0.520000
v 1.190000 5.895000 0.520000
vt 1.190000 6.545000
vt 1.610000 6.545000
vt 1.610000 6.415000
vt 1.190000 6.415000
vn 0.000000 0.000000 -1.000000
vn 0.000000 0.000000 -1.000000
vn 0.000000 0.000000 -1.000000
vn 0.000000 0.000000 -1.000000
f 551/551/551 552/552/552 553/553/553
f 551/551/551 553/553/553 554/554/554
v 1.190000 6.025000 0.880000
v 1.190000 6.025000 0.520000
v 1.190000 5.895000 0.520000
v 1.190000 5.895000 0.880000
vt 1.190000 6.905000
vt 1.190000 6.545000
vt 1.190000 6.415000
vt 1.190000 6.775000
vn -1.000000 0.000000 -0.000000
vn -1.000000 0.000000 -0.000000
vn -1.000000 0.000000 -0.000000
vn -1.000000 0.000000 -0.000000
f 555/555/555 556/556/556 557/557/557
f 555/555/555 557/557/557 558/558/558
v 1.610000 5.895000 0.520000
v 1.610000 6.025000 0.520000
v 1.610000 6.025000 0.880000
v 1.610000 5.895000 0.880000
vt 1.610000 6.415000
vt 1.610000 6.545000
vt 1.610000 6.905000
vt 1.610000 6.775000
vn 1.000000 0.000000 0.000000
vn 1.000000 0.000000 0.000000
vn 1.000000 0.000000 0.000000
vn 1.000000 0.000000 0.000000
f 559/559/559 560/560/560 561/561/561
f 559/559/559 561/561/561 562/562/562
v 1.190000 5.895000 0.520000
v 1.610000 5.895000 0.520000
v 1.610000 5.895000 0.880000
v 1.190000 5.895000 0.880000
vt 1.190000 6.415000
vt 1.610000 6.415000
vt 1.610000 6.775000
vt 1.190000 6.775000
vn 0.000000 -1.000000 0.000000
vn 0.000000 -1.000000 0.000000
vn 0.000000 -1.000000 0.000000
vn 0.000000 -1.000000 0.000000
f 563/563/563 564/564/564 565/565/565
f 563/563/563 565/565/565 566/566/566
v 1.610000 6.025000 0.880000
v 1.610000 6.025000 0.520000
v 1.190000 6.025000 0.520000
v 1.190000 6.025000 0.880000
vt 1.610000 6.905000
vt 1.610000 6.545000
vt 1.190000 6.545000
vt 1.190000 6.905000
vn 0.000000 1.000000 0.000000
vn 0.000000 1.000000 0.000000
vn 0.000000 1.000000 0.000000
vn 0.000000 1.000000 0.000000
f 567/567/567 568/568/568 569/569/569
f 567/567/567 569/569/569 570/570/570
v 2.815000 0.050000 0.850000
v 2.815000 3.950000 0.850000
v 2.485000 3.950000 0.850000
v 2.485000 0.050000 0.850000
vt 2.815000 0.900000
vt 2.815000 4.800000
vt 2.485000 4.800000
vt 2.485000 0.900000
vn 0.000000 -0.000000 1.000000
vn 0.000000 -0.000000 1.000000
vn 0.000000 -0.000000 1.000000
vn 0.000000 -0.000000 1.000000
f 571/571/571 572/572/572 573/573/573
f 571/571/571 573/573/573 574/574/574
v 2.485000 3.950000 0.470000
v 2.815000 3.950000 0.470000
v 2.815000 0.050000 0.470000
v 2.485000 0.050000 0.470000
vt 2.485000 4.420000
vt 2.815000 4.420000
vt 2.815000 0.520000
vt 2.485000 0.520000
vn 0.000000 0.000000 -1.000000
vn 0.000000 0.000000 -1.000000
vn 0.000000 0.000000 -1.000000
vn 0.000000 0.000000 -1.000000
f 575/575/575 576/576/576 577/577/577
f 575/575/575 577/577/577 578/578/578
v 2.485000 3.950000 0.850000
v 2.485000 3.950000 0.470000
v 2.485000 0.050000 0.470000
v 2.485000 0.050000 0.850000
vt 2.485000 4.800000
vt 2.485000 4.420000
vt 2.485000 0.520000
vt 2.485000 0.900000
vn -1.000000 0.000000 -0.000000
vn -1.000000 0.000000 -0.000000
vn -1.000000 0.000000 -0.000000
vn -1.000000 0.000000 -0.000000
f 579/579/579 580/580/580 581/581/581
f 579/579/579 581/581/581 582/582/582
v 2.815000 0.050000 0.470000
v 2.815000 3.950000 0.470000
v 2.815000 3.950000 0.850000
v 2.815000 0.050000 0.850000
vt 2.815000 0.520000
vt 2.815000 4.420000
vt 2.815000 4.800000
vt 2.815000 0.900000
vn 1.000000 0.000000 0.000000
vn 1.000000 0.000000 0.000000
vn 1.000000 0.000000 0.000000
vn 1.000000 0.000000 0.000000
f 583/583/583 584/584/584 585/585/585
f 583/583/583 585/585/585 586/586/586
v 2.485000 0.050000 0.470000
v 2.815000 0.050000 0.470000
v 2.815000 0.050000 0.850000
v 2.485000 0.050000 0.850000
vt 2.485000 0.520000
vt 2.815000 0.520000
vt 2.815000 0.900000
vt 2.485000 0.900000
vn 0.000000 -1.000000 0.000000
vn 0.000000 -1.000000 0.000000
vn 0.000000 -1.000000 0.000000
vn 0.000000 -1.000000 0.000000
f 587/587/587 588/588/588 589/589/589
f 587/587/587 589/589/589 590/590/590
v 2.815000 3.950000 0.850000
v 2.815000 3.950000 0.470000
v 2.485000 3.950000 0.470000
v 2.485000 3.950000 0.850000
vt 2.815000 4.800000
vt 2.815000 4.420000
vt 2.485000 4.420000
vt 2.485000 4.800000
vn 0.000000 1.000000 0.000000
vn 0.000000 1.000000 0.000000
vn 0.000000 1.000000 0.000000
vn 0.000000 1.000000 0.000000
f 591/591/591 592/592/592 593/593/593
f 591/591/591 593/593/593 594/594/594
v 2.890000 0.140000 0.910000
v 2.890000 0.300000 0.910000
v 2.410000 0.300000 0.910000
v 2.410000 0.140000 0.910000
vt 2.890000 1.050000
vt 2.890000 1.210000
vt 2.410000 1.210000
vt 2.410000 1.050000
vn 0.000000 -0.000000 1.000000
vn 0.000000 -0.000000 1.000000
vn 0.000000 -0.000000 1.000000
vn 0.000000 -0.000000 1.000000
f 595/595/595 596/596/596 597/597/597
f 595/595/595 597/597/597 598/598/598
v 2.410000 0.300000 0.470000
v 2.890000 0.300000 0.470000
v 2.890000 0.140000 0.470000
v 2.410000 0.140000 0.470000
vt 2.410000 0.770000
vt 2.890000 0.770000
vt 2.890000 0.610000
vt 2.410000 0.610000
vn 0.000000 0.000000 -1.000000
vn 0.000000 0.000000 -1.000000
vn 0.000000 0.000000 -1.000000
vn 0.000000 0.000000 -1.000000
f 599/599/599 600/600/600 601/601/601
f 599/599/599 601/601/601 602/602/602
v 2.410000 0.300000 0.910000
v 2.410000 0.300000 0.470000
v 2.410000 0.140000 0.470000
v 2.410000 0.140000 0.910000
vt 2.410000 1.210000
vt 2.410000 0.770000
vt 2.410000 0.610000
vt 2.410000 1.050000
vn -1.000000 0.000000 -0.000000
vn -1.000000 0.000000 -0.000000
vn -1.000000 0.000000 -0.000000
vn -1.000000 0.000000 -0.000000
f 603/603/603 604/604/604 605/605/605
f 603/603/603 605/605/605 606/606/606
v 2.890000 0.140000 0.470000
v 2.890000 0.300000 0.470000
v 2.890000 0.300000 0.910000
v 2.890000 0.140000 0.910000
vt 2.890000 0.610000
vt 2.890000 0.770000
vt 2.890000 1.210000
vt 2.890000 1.050000
vn 1.000000 0.000000 0.000000
vn 1.000000 0.000000 0.000000
vn 1.000000 0.000000 0.000000
vn 1.000000 0.000000 0.000000
f 607/607/607 608/608/608 609/609/609
f 607/607/607 609/609/609 610/610/610
v 2.410000 0.140000 0.470000
v 2.890000 0.140000 0.470000
v 2.890000 0.140000 0.910000
v 2.410000 0.140000 0.910000
vt 2.410000 0.610000
vt 2.890000 0.610000
vt 2.890000 1.050000
vt 2.410000 1.050000
vn 0.000000 -1.000000 0.000000
vn 0.000000 -1.000000 0.000000
vn 0.000000 -1.000000 0.000000
vn 0.000000 -1.000000 0.000000
f 611/611/611 612/612/612 613/613/613
f 611/611/611 613/613/613 614/614/614
v 2.890000 0.300000 0.910000
v 2.890000 0.300000 0.470000
v 2.410000 0.300000 0.470000
v 2.410000 0.300000 0.910000
vt 2.890000 1.210000
vt 2.890000 0.770000
vt 2.410000 0.770000
vt 2.410000 1.210000
vn 0.000000 1.000000 0.000000
vn 0.000000 1.000000 0.000000
vn 0.000000 1.000000 0.000000
vn 0.000000 1.000000 0.000000
f 615/615/615 616/616/616 617/617/617
f 615/615/615 617/617/617 618/618/618
v 2.890000 3.750000 0.910000
v 2.890000 3.910000 0.910000
v 2.410000 3.910000 0.910000
v 2.410000 3.750000 0.910000
vt 2.890000 4.660000
vt 2.890000 4.820000
vt 2.410000 4.820000
vt 2.410000 4.660000
vn 0.000000 -0.000000 1.000000
vn 0.000000 -0.000000 1.000000
vn 0.000000 -0.000000 1.000000
vn 0.000000 -0.000000 1.000000
f 619/619/619 620/620/620 621/621/621
f 619/619/619 621/621/621 622/622/622
v 2.410000 3.910000 0.470000
v 2.890000 3.910000 0.470000
v 2.890000 3.750000 0.470000
v 2.410000 3.750000 0.470000
vt 2.410000 4.380000
vt 2.890000 4.380000
vt 2.890000 4.220000
vt 2.410000 4.220000
vn 0.000000 0.000000 -1.000000
vn 0.000000 0.000000 -1.000000
vn 0.000000 0.000000 -1.000000
vn 0.000000 0.000000 -1.000000
f 623/623/623 624/624/624 625/625/625
f 623/623/623 625/625/625 626/626/626
v 2.410000 3.910000 0.910000
v 2.410000 3.910000 0.470000
v 2.410000 3.750000 0.470000
v 2.410000 3.750000 0.910000
vt 2.410000 4.820000
vt 2.410000 4.380000
vt 2.410000 4.220000
vt 2.410000 4.660000
vn -1.000000 0.000000 -0.000000
vn -1.000000 0.000000 -0.000000
vn -1.000000 0.000000 -0.000000
vn -1.000000 0.000000 -0.000000
f 627/627/627 628/628/628 629/629/629
f 627/627/627 629/629/629 630/630/630
v 2.890000 3.750000 0.470000
v 2.890000 3.910000 0.470000
v 2.890000 3.910000 0.910000
v 2.890000 3.750000 0.910000
vt 2.890000 4.220000
vt 2.890000 4.380000
vt 2.890000 4.820000
vt 2.890000 4.660000
vn 1.000000 0.000000 0.000000
vn 1.000000 0.000000 0.000000
vn 1.000000 0.000000 0.000000
vn 1.000000 0.000000 0.000000
f 631/631/631 632/632/632 633/633/633
f 631/631/631 633/633/633 634/634/634
v 2.410000 3.750000 0.470000
v 2.890000 3.750000 0.470000
v 2.890000 3.750000 0.910000
v 2.410000 3.750000 0.910000
vt 2.410000 4.220000
vt 2.890000 4.220000
vt 2.890000 4.660000
vt 2.410000 4.660000
vn 0.000000 -1.000000 0.000000
vn 0.000000 -1.000000 0.000000
vn 0.000000 -1.000000 0.000000
vn 0.000000 -1.000000 0.000000
f 635/635/635 636/636/636 637/637/637
f 635/635/635 637/637/637 638/638/638
v 2.890000 3.910000 0.910000
v 2.890000 3.910000 0.470000
v 2.410000 3.910000 0.470000
v 2.410000 3.910000 0.910000
vt 2.890000 4.820000
vt 2.890000 4.380000
vt 2.410000 4.380000
vt 2.410000 4.820000
vn 0.000000 1.000000 0.000000
vn 0.000000 1.000000 0.000000
vn 0.000000 1.000000 0.000000
vn 0.000000 1.000000 0.000000
f 639/639/639 640/640/640 641/641/641
f 639/639/639 641/641/641 642/642/642
v 2.890000 3.940000 0.910000
v 2.890000 4.100000 0.910000
v 2.410000 4.100000 0.910000
v 2.410000 3.940000 0.910000
vt 2.890000 4.850000
vt 2.890000 5.010000
vt 2.410000 5.010000
vt 2.410000 4.850000
vn 0.000000 -0.000000 1.000000
vn 0.000000 -0.000000 1.000000
vn 0.000000 -0.000000 1.000000
vn 0.000000 -0.000000 1.000000
f 643/643/643 644/644/644 645/645/645
f 643/643/643 645/645/645 646/646/646
v 2.410000 4.100000 0.470000
v 2.890000 4.100000 0.470000
v 2.890000 3.940000 0.470000
v 2.410000 3.940000 0.470000
vt 2.410000 4.570000
vt 2.890000 4.570000
vt 2.890000 4.410000
vt 2.410000 4.410000
vn 0.000000 0.000000 -1.000000
vn 0.000000 0.000000 -1.000000
vn 0.000000 0.000000 -1.000000
vn 0.000000 0.000000 -1.000000
f 647/647/647 648/648/648 649/649/649
f 647/647/647 649/649/649 650/650/650
v 2.410000 4.100000 0.910000
v 2.410000 4.100000 0.470000
v 2.410000 3.940000 0.470000
v 2.410000 3.940000 0.910000
vt 2.410000 5.010000
vt 2.410000 4.570000
vt 2.410000 4.410000
vt 2.410000 4.850000
vn -1.000000 0.000000 -0.000000
vn -1.000000 0.000000 -0.000000
vn -1.000000 0.000000 -0.000000
vn -1.000000 0.000000 -0.000000
f 651/651/651 652/652/652 653/653/653
f 651/651/651 653/653/653 654/654/654
v 2.890000 3.940000 0.470000
v 2.890000 4.100000 0.470000
v 2.890000 4.100000 0.910000
v 2.890000 3.940000 0.910000
vt 2.890000 4.410000
vt 2.890000 4.570000
vt 2.890000 5.010000
vt 2.890000 4.850000
vn 1.000000 0.000000 0.000000
vn 1.000000 0.000000 0.000000
vn 1.000000 0.000000 0.000000
vn 1.000000 0.000000 0.000000
f 655/655/655 656/656/656 657/657/657
f 655/655/655 657/657/657 658/658/658
v 2.410000 3.940000 0.470000
v 2.890000 3.940000 0.470000
v 2.890000 3.940000 0.910000
v 2.410000 3.940000 0.910000
vt 2.410000 4.410000
vt 2.890000 4.410000
vt 2.890000 4.850000
vt 2.410000 4.850000
vn 0.000000 -1.000000 0.000000
vn 0.000000 -1.000000 0.000000
vn 0.000000 -1.000000 0.000000
vn 0.000000 -1.000000 0.000000
f 659/659/659 660/660/660 661/661/661
f 659/659/659 661/661/661 662/662/662
v 2.890000 4.100000 0.910000
v 2.890000 4.100000 0.470000
v 2.410000 4.100000 0.470000
v 2.410000 4.100000 0.910000
vt 2.890000 5.010000
vt 2.890000 4.570000
vt 2.410000 4.570000
vt 2.410000 5.010000
vn 0.000000 1.000000 0.000000
vn 0.000000 1.000000 0.000000
vn 0.000000 1.000000 0.000000
vn 0.000000 1.000000 0.000000
f 663/663/663 664/664/664 665/665/665
f 663/663/663 665/665/665 666/666/666
v 2.765000 4.165000 0.780000
v 2.765000 5.895000 0.780000
v 2.535000 5.895000 0.780000
v 2.535000 4.165000 0.780000
vt 2.765000 4.945000
vt 2.765000 6.675000
vt 2.535000 6.675000
vt 2.535000 4.945000
vn 0.000000 -0.000000 1.000000
vn 0.000000 -0.000000 1.000000
vn 0.000000 -0.000000 1.000000
vn 0.000000 -0.000000 1.000000
f 667/667/667 668/668/668 669/669/669
f 667/667/667 669/669/669 670/670/670
v 2.535000 5.895000 0.520000
v 2.765000 5.895000 0.520000
v 2.765000 4.165000 0.520000
v 2.535000 4.165000 0.520000
vt 2.535000 6.415000
vt 2.765000 6.415000
vt 2.765000 4.685000
vt 2.535000 4.685000
vn 0.000000 0.000000 -1.000000
vn 0.000000 0.000000 -1.000000
vn 0.000000 0.000000 -1.000000
vn 0.000000 0.000000 -1.000000
f 671/671/671 672/672/672 673/673/673
f 671/671/671 673/673/673 674/674/674
v 2.535000 5.895000 0.780000
v 2.535000 5.895000 0.520000
v 2.535000 4.165000 0.520000
v 2.535000 4.165000 0.780000
vt 2.535000 6.675000
vt 2.535000 6.415000
vt 2.535000 4.685000
vt 2.535000 4.945000
vn -1.000000 0.000000 -0.000000
vn -1.000000 0.000000 -0.000000
vn -1.000000 0.000000 -0.000000
vn -1.000000 0.000000 -0.000000
f 675/675/675 676/676/676 677/677/677
f 675/675/675 677/677/677 678/678/678
v 2.765000 4.165000 0.520000
v 2.765000 5.895000 0.520000
v 2.765000 5.895000 0.780000
v 2.765000 4.165000 0.780000
vt 2.765000 4.685000
vt 2.765000 6.415000
vt 2.765000 6.675000
vt 2.765000 4.945000
vn 1.000000 0.000000 0.000000
vn 1.000000 0.000000 0.000000
vn 1.000000 0.000000 0.000000
vn 1.000000 0.000000 0.000000
f 679/679/679 680/680/680 681/681/681
f 679/679/679 681/681/681 682/682/682
v 2.535000 4.165000 0.520000
v 2.765000 4.165000 0.520000
v 2.765000 4.165000 0.780000
v 2.535000 4.165000 0.780000
vt 2.535000 4.685000
vt 2.765000 4.685000
vt 2.765000 4.945000
vt 2.535000 4.945000
vn 0.000000 -1.000000 0.000000
vn 0.000000 -1.000000 0.000000
vn 0.000000 -1.000000 0.000000
vn 0.000000 -1.000000 0.000000
f 683/683/683 684/684/684 685/685/685
f 683/683/683 685/685/685 686/686/686
v 2.765000 5.895000 0.780000
v 2.765000 5.895000 0.520000
v 2.535000 5.895000 0.520000
v 2.535000 5.895000 0.780000
vt 2.765000 6.675000
vt 2.765000 6.415000
vt 2.535000 6.415000
vt 2.535000 6.675000
vn 0.000000 1.000000 0.000000
vn 0.000000 1.000000 0.000000
vn 0.000000 1.000000 0.000000
vn 0.000000 1.000000 0.000000
f 687/687/687 688/688/688 689/689/689
f 687/687/687 689/689/689 690/690/690
v 2.860000 5.895000 0.880000
v 2.860000 6.025000 0.880000
v 2.440000 6.025000 0.880000
v 2.440000 5.895000 0.880000
vt 2.860000 6.775000
vt 2.860000 6.905000
vt 2.440000 6.905000
vt 2.440000 6.775000
vn 0.000000 -0.000000 1.000000
vn 0.000000 -0.000000 1.000000
vn 0.000000 -0.000000 1.000000
vn 0.000000 -0.000000 1.000000
f 691/691/691 692/692/692 693/693/693
f 691/691/691 693/693/693 694/694/694
v 2.440000 6.025000 0.520000
v 2.860000 6.025000 0.520000
v 2.860000 5.895000 0.520000
v 2.440000 5.895000 0.520000
vt 2.440000 6.545000
vt 2.860000 6.545000
vt 2.860000 6.415000
vt 2.440000 6.415000
vn 0.000000 0.000000 -1.000000
vn 0.000000 0.000000 -1.000000
vn 0.000000 0.000000 -1.000000
vn 0.000000 0.000000 -1.000000
f 695/695/695 696/696/696 697/697/697
f 695/695/695 697/697/697 698/698/698
v 2.440000 6.025000 0.880000
v 2.440000 6.025000 0.520000
v 2.440000 5.895000 0.520000
v 2.440000 5.895000 0.880000
vt 2.440000 6.905000
vt 2.440000 6.545000
vt 2.440000 6.415000
vt 2.440000 6.775000
vn -1.000000 0.000000 -0.000000
vn -1.000000 0.000000 -0.000000
vn -1.000000 0.000000 -0.000000
vn -1.000000 0.000000 -0.000000
f 699/699/699 700/700/700 701/701/701
f 699/699/699 701/701/701 702/702/702
v 2.860000 5.895000 0.520000
v 2.860000 6.025000 0.520000
v 2.860000 6.025000 0.880000
v 2.860000 5.895000 0.880000
vt 2.860000 6.415000
vt 2.860000 6.545000
vt 2.860000 6.905000
vt 2.860000 6.775000
vn 1.000000 0.000000 0.000000
vn 1.000000 0.000000 0.000000
vn 1.000000 0.000000 0.000000
vn 1.000000 0.000000 0.000000
f 703/703/703 704/704/704 705/705/705
f 703/703/703 705/705/705 706/706/706
v 2.440000 5.895000 0.520000
v 2.860000 5.895000 0.520000
v 2.860000 5.895000 0.880000
v 2.440000 5.895000 0.880000
vt 2.440000 6.415000
vt 2.860000 6.415000
vt 2.860000 6.775000
vt 2.440000 6.775000
vn 0.000000 -1.000000 0.000000
vn 0.000000 -1.000000 0.000000
vn 0.000000 -1.000000 0.000000
vn 0.000000 -1.000000 0.000000
f 707/707/707 708/708/708 709/709/709
f 707/707/707 709/709/709 710/710/710
v 2.860000 6.025000 0.880000
v 2.860000 6.025000 0.520000
v 2.440000 6.025000 0.520000
v 2.440000 6.025000 0.880000
vt 2.860000 6.905000
vt 2.860000 6.545000
vt 2.440000 6.545000
vt 2.440000 6.905000
vn 0.000000 1.000000 0.000000
vn 0.000000 1.000000 0.000000
vn 0.000000 1.000000 0.000000
vn 0.000000 1.000000 0.000000
f 711/711/711 712/712/712 713/713/713
f 711/711/711 713/713/713 714/714/714
v -1.000000 0.100000 0.820000
v -1.000000 2.150000 0.820000
v -1.220000 2.150000 0.820000
v -1.220000 0.100000 0.820000
vt -1.000000 0.920000
vt -1.000000 2.970000
vt -1.220000 2.970000
vt -1.220000 0.920000
vn 0.000000 -0.000000 1.000000
vn 0.000000 -0.000000 1.000000
vn 0.000000 -0.000000 1.000000
vn 0.000000 -0.000000 1.000000
f 715/715/715 716/716/716 717/717/717
f 715/715/715 717/717/717 718/718/718
v -1.220000 2.150000 0.540000
v -1.000000 2.150000 0.540000
v -1.000000 0.100000 0.540000
v -1.220000 0.100000 0.540000
vt -1.220000 2.690000
vt -1.000000 2.690000
vt -1.000000 0.640000
vt -1.220000 0.640000
vn 0.000000 0.000000 -1.000000
vn 0.000000 0.000000 -1.000000
vn 0.000000 0.000000 -1.000000
vn 0.000000 0.000000 -1.000000
f 719/719/719 720/720/720 721/721/721
f 719/719/719 721/721/721 722/722/722
v -1.220000 2.150000 0.820000
v -1.220000 2.150000 0.540000
v -1.220000 0.100000 0.540000
v -1.220000 0.100000 0.820000
vt -1.220000 2.970000
vt -1.220000 2.690000
vt -1.220000 0.640000
vt -1.220000 0.920000
vn -1.000000 0.000000 -0.000000
vn -1.000000 0.000000 -0.000000
vn -1.000000 0.000000 -0.000000
vn -1.000000 0.000000 -0.000000
f 723/723/723 724/724/724 725/725/725
f 723/723/723 725/725/725 726/726/726
v -1.000000 0.100000 0.540000
v -1.000000 2.150000 0.540000
v -1.000000 2.150000 0.820000
v -1.000000 0.100000 0.820000
vt -1.000000 0.640000
vt -1.000000 2.690000
vt -1.000000 2.970000
vt -1.000000 0.920000
vn 1.000000 0.000000 0.000000
vn 1.000000 0.000000 0.000000
vn 1.000000 0.000000 0.000000
vn 1.000000 0.000000 0.000000
f 727/727/727 728/728/728 729/729/729
f 727/727/727 729/729/729 730/730/730
v -1.220000 0.100000 0.540000
v -1.000000 0.100000 0.540000
v -1.000000 0.100000 0.820000
v -1.220000 0.100000 0.820000
vt -1.220000 0.640000
vt -1.000000 0.640000
vt -1.000000 0.920000
vt -1.220000 0.920000
vn 0.000000 -1.000000 0.000000
vn 0.000000 -1.000000 0.000000
vn 0.000000 -1.000000 0.000000
vn 0.000000 -1.000000 0.000000
f 731/731/731 732/732/732 733/733/733
f 731/731/731 733/733/733 734/734/734
v -1.000000 2.150000 0.820000
v -1.000000 2.150000 0.540000
v -1.220000 2.150000 0.540000
v -1.220000 2.150000 0.820000
vt -1.000000 2.970000
vt -1.000000 2.690000
vt -1.220000 2.690000
vt -1.220000 2.970000
vn 0.000000 1.000000 0.000000
vn 0.000000 1.000000 0.000000
vn 0.000000 1.000000 0.000000
vn 0.000000 1.000000 0.000000
f 735/735/735 736/736/736 737/737/737
f 735/735/735 737/737/737 738/738/738
v 1.220000 0.100000 0.820000
v 1.220000 2.150000 0.820000
v 1.000000 2.150000 0.820000
v 1.000000 0.100000 0.820000
vt 1.220000 0.920000
vt 1.220000 2.970000
vt 1.000000 2.970000
vt 1.000000 0.920000
vn 0.000000 -0.000000 1.000000
vn 0.000000 -0.000000 1.000000
vn 0.000000 -0.000000 1.000000
vn 0.000000 -0.000000 1.000000
f 739/739/739 740/740/740 741/741/741
f 739/739/739 741/741/741 742/742/742
v 1.000000 2.150000 0.540000
v 1.220000 2.150000 0.540000
v 1.220000 0.100000 0.540000
v 1.000000 0.100000 0.540000
vt 1.000000 2.690000
vt 1.220000 2.690000
vt 1.220000 0.640000
vt 1.000000 0.640000
vn 0.000000 0.000000 -1.000000
vn 0.000000 0.000000 -1.000000
vn 0.000000 0.000000 -1.000000
vn 0.000000 0.000000 -1.000000
f 743/743/743 744/744/744 745/745/745
f 743/743/743 745/745/745 746/746/746
v 1.000000 2.150000 0.820000
v 1.000000 2.150000 0.540000
v 1.000000 0.100000 0.540000
v 1.000000 0.100000 0.820000
vt 1.000000 2.970000
vt 1.000000 2.690000
vt 1.000000 0.640000
vt 1.000000 0.920000
vn -1.000000 0.000000 -0.000000
vn -1.000000 0.000000 -0.000000
vn -1.000000 0.000000 -0.000000
vn -1.000000 0.000000 -0.000000
f 747/747/747 748/748/748 749/749/749
f 747/747/747 749/749/749 750/750/750
v 1.220000 0.100000 0.540000
v 1.220000 2.150000 0.540000
v 1.220000 2.150000 0.820000
v 1.220000 0.100000 0.820000
vt 1.220000 0.640000
vt 1.220000 2.690000
vt 1.220000 2.970000
vt 1.220000 0.920000
vn 1.000000 0.000000 0.000000
vn 1.000000 0.000000 0.000000
vn 1.000000 0.000000 0.000000
vn 1.000000 0.000000 0.000000
f 751/751/751 752/752/752 753/753/753
f 751/751/751 753/753/753 754/754/754
v 1.000000 0.100000 0.540000
v 1.220000 0.100000 0.540000
v 1.220000 0.100000 0.820000
v 1.000000 0.100000 0.820000
vt 1.000000 0.640000
vt 1.220000 0.640000
vt 1.220000 0.920000
vt 1.000000 0.920000
vn 0.000000 -1.000000 0.000000
vn 0.000000 -1.000000 0.000000
vn 0.000000 -1.000000 0.000000
vn 0.000000 -1.000000 0.000000
f 755/755/755 756/756/756 757/757/757
f 755/755/755 757/757/757 758/758/758
v 1.220000 2.150000 0.820000
v 1.220000 2.150000 0.540000
v 1.000000 2.150000 0.540000
v 1.000000 2.150000 0.820000
vt 1.220000 2.970000
vt 1.220000 2.690000
vt 1.000000 2.690000
vt 1.000000 2.970000
vn 0.000000 1.000000 0.000000
vn 0.000000 1.000000 0.000000
vn 0.000000 1.000000 0.000000
vn 0.000000 1.000000 0.000000
f 759/759/759 760/760/760 761/761/761
f 759/759/759 761/761/761 762/762/762
v 1.000000 2.150000 0.820000
v 1.220000 2.150000 0.820000
v 1.196558 2.388010 0.820000
v 0.980785 2.345090 0.820000
vt 1.000000 2.970000
vt 1.220000 2.970000
vt 1.196558 3.208010
vt 0.980785 3.165090
vn 0.000000 0.000000 1.000000
vn 0.000000 0.000000 1.000000
vn 0.000000 0.000000 1.000000
vn 0.000000 0.000000 1.000000
f 763/763/763 764/764/764 765/765/765
f 763/763/763 765/765/765 766/766/766
v 0.980785 2.345090 0.540000
v 1.196558 2.388010 0.540000
v 1.220000 2.150000 0.540000
v 1.000000 2.150000 0.540000
vt 0.980785 2.885090
vt 1.196558 2.928010
vt 1.220000 2.690000
vt 1.000000 2.690000
vn 0.000000 0.000000 -1.000000
vn 0.000000 0.000000 -1.000000
vn 0.000000 0.000000 -1.000000
vn 0.000000 0.000000 -1.000000
f 767/767/767 768/768/768 769/769/769
f 767/767/767 769/769/769 770/770/770
v 1.000000 2.150000 0.540000
v 1.220000 2.150000 0.540000
v 1.220000 2.150000 0.820000
v 1.000000 2.150000 0.820000
vt 1.000000 2.690000
vt 1.220000 2.690000
vt 1.220000 2.970000
vt 1.000000 2.970000
vn 0.000000 -1.000000 0.000000
vn 0.000000 -1.000000 0.000000
vn 0.000000 -1.000000 0.000000
vn 0.000000 -1.000000 0.000000
f 771/771/771 772/772/772 773/773/773
f 771/771/771 773/773/773 774/774/774
v 1.220000 2.150000 0.540000
v 1.196558 2.388010 0.540000
v 1.196558 2.388010 0.820000
v 1.220000 2.150000 0.820000
vt 1.220000 2.690000
vt 1.196558 2.928010
vt 1.196558 3.208010
vt 1.220000 2.970000
vn 0.995185 0.098017 0.000000
vn 0.995185 0.098017 0.000000
vn 0.995185 0.098017 0.000000
vn 0.995185 0.098017 0.000000
f 775/775/775 776/776/776 777/777/777
f 775/775/775 777/777/777 778/778/778
v 1.196558 2.388010 0.540000
v 0.980785 2.345090 0.540000
v 0.980785 2.345090 0.820000
v 1.196558 2.388010 0.820000
vt 1.196558 2.928010
vt 0.980785 2.885090
vt 0.980785 3.165090
vt 1.196558 3.208010
vn -0.195090 0.980785 0.000000
vn -0.195090 0.980785 0.000000
vn -0.195090 0.980785 0.000000
vn -0.195090 0.980785 0.000000
f 779/779/779 780/780/780 781/781/781
f 779/779/779 781/781/781 782/782/782
v 0.980785 2.345090 0.540000
v 1.000000 2.150000 0.540000
v 1.000000 2.150000 0.820000
v 0.980785 2.345090 0.820000
vt 0.980785 2.885090
vt 1.000000 2.690000
vt 1.000000 2.970000
vt 0.980785 3.165090
vn -0.995185 -0.098017 0.000000
vn -0.995185 -0.098017 0.000000
vn -0.995185 -0.098017 0.000000
vn -0.995185 -0.098017 0.000000
f 783/783/783 784/784/784 785/785/785
f 783/783/783 785/785/785 786/786/786
v 0.980785 2.345090 0.820000
v 1.196558 2.388010 0.820000
v 1.127133 2.616874 0.820000
v 0.923880 2.532683 0.820000
vt 0.980785 3.165090
vt 1.196558 3.208010
vt 1.127133 3.436874
vt 0.923880 3.352683
vn 0.000000 0.000000 1.000000
vn 0.000000 0.000000 1.000000
vn 0.000000 0.000000 1.000000
vn 0.000000 0.000000 1.000000
f 787/787/787 788/788/788 789/789/789
f 787/787/787 789/789/789 790/790/790
v 0.923880 2.532683 0.540000
v 1.127133 2.616874 0.540000
v 1.196558 2.388010 0.540000
v 0.980785 2.345090 0.540000
vt 0.923880 3.072683
vt 1.127133 3.156874
vt 1.196558 2.928010
vt 0.980785 2.885090
vn 0.000000 0.000000 -1.000000
vn 0.000000 0.000000 -1.000000
vn 0.000000 0.000000 -1.000000
vn 0.000000 0.000000 -1.000000
f 791/791/791 792/792/792 793/793/793
f 791/791/791 793/793/793 794/794/794
v 0.980785 2.345090 0.540000
v 1.196558 2.388010 0.540000
v 1.196558 2.388010 0.820000
v 0.980785 2.345090 0.820000
vt 0.980785 2.885090
vt 1.196558 2.928010
vt 1.196558 3.208010
vt 0.980785 3.165090
vn 0.195090 -0.980785 0.000000
vn 0.195090 -0.980785 0.000000
vn 0.195090 -0.980785 0.000000
vn 0.195090 -0.980785 0.000000
f 795/795/795 796/796/796 797/797/797
f 795/795/795 797/797/797 798/798/798
v 1.196558 2.388010 0.540000
v 1.127133 2.616874 0.540000
v 1.127133 2.616874 0.820000
v 1.196558 2.388010 0.820000
vt 1.196558 2.928010
vt 1.127133 3.156874
vt 1.127133 3.436874
vt 1.196558 3.208010
vn 0.956940 0.290285 0.000000
vn 0.956940 0.290285 0.000000
vn 0.956940 0.290285 0.000000
vn 0.956940 0.290285 0.000000
f 799/799/799 800/800/800 801/801/801
f 799/799/799 801/801/801 802/802/802
v 1.127133 2.616874 0.540000
v 0.923880 2.532683 0.540000
v 0.923880 2.532683 0.820000
v 1.127133 2.616874 0.820000
vt 1.127133 3.156874
vt 0.923880 3.072683
vt 0.923880 3.352683
vt 1.127133 3.436874
vn -0.382683 0.923880 0.000000
vn -0.382683 0.923880 0.000000
vn -0.382683 0.923880 0.000000
vn -0.382683 0.923880 0.000000
f 803/803/803 804/804/804 805/805/805
f 803/803/803 805/805/805 806/806/806
v 0.923880 2.532683 0.540000
v 0.980785 2.345090 0.540000
v 0.980785 2.345090 0.820000
v 0.923880 2.532683 0.820000
vt 0.923880 3.072683
vt 0.980785 2.885090
vt 0.980785 3.165090
vt 0.923880 3.352683
vn -0.956940 -0.290285 0.000000
vn -0.956940 -0.290285 0.000000
vn -0.956940 -0.290285 0.000000
vn -0.956940 -0.290285 0.000000
f 807/807/807 808/808/808 809/809/809
f 807/807/807 809/809/809 810/810/810
v 0.923880 2.532683 0.820000
v 1.127133 2.616874 0.820000
v 1.014393 2.827796 0.820000
v 0.831470 2.705570 0.820000
vt 0.923880 3.352683
vt 1.127133 3.436874
vt 1.014393 3.647796
vt 0.831470 3.525570
vn 0.000000 0.000000 1.000000
vn 0.000000 0.000000 1.000000
vn 0.000000 0.000000 1.000000
vn 0.000000 0.000000 1.000000
f 811/811/811 812/812/812 813/813/813
f 811/811/811 813/813/813 814/814/814
v 0.831470 2.705570 0.540000
v 1.014393 2.827796 0.540000
v 1.127133 2.616874 0.540000
v 0.923880 2.532683 0.540000
vt 0.831470 3.245570
vt 1.014393 3.367796
vt 1.127133 3.156874
vt 0.923880 3.072683
vn 0.000000 0.000000 -1.000000
vn 0.000000 0.000000 -1.000000
vn 0.000000 0.000000 -1.000000
vn 0.000000 0.000000 -1.000000
f 815/815/815 816/816/816 817/817/817
f 815/815/815 817/817/817 818/818/818
v 0.923880 2.532683 0.540000
v 1.127133 2.616874 0.540000
v 1.127133 2.616874 0.820000
v 0.923880 2.532683 0.820000
vt 0.923880 3.072683
vt 1.127133 3.156874
vt 1.127133 3.436874
vt 0.923880 3.352683
vn 0.382683 -0.923880 0.000000
vn 0.382683 -0.923880 0.000000
vn 0.382683 -0.923880 0.000000
vn 0.382683 -0.923880 0.000000
f 819/819/819 820/820/820 821/821/821
f 819/819/819 821/821/821 822/822/822
v 1.127133 2.616874 0.540000
v 1.014393 2.827796 0.540000
v 1.014393 2.827796 0.820000
v 1.127133 2.616874 0.820000
vt 1.127133 3.156874
vt 1.014393 3.367796
vt 1.014393 3.647796
vt 1.127133 3.436874
vn 0.881921 0.471397 0.000000
vn 0.881921 0.471397 0.000000
vn 0.881921 0.471397 0.000000
vn 0.881921 0.471397 0.000000
f 823/823/823 824/824/824 825/825/825
f 823/823/823 825/825/825 826/826/826
v 1.014393 2.827796 0.540000
v 0.831470 2.705570 0.540000
v 0.831470 2.705570 0.820000
v 1.014393 2.827796 0.820000
vt 1.014393 3.367796
vt 0.831470 3.245570
vt 0.831470 3.525570
vt 1.014393 3.647796
vn -0.555570 0.831470 0.000000
vn -0.555570 0.831470 0.000000
vn -0.555570 0.831470 0.000000
vn -0.555570 0.831470 0.000000
f 827/827/827 828/828/828 829/829/829
f 827/827/827 829/829/829 830/830/830
v 0.831470 2.705570 0.540000
v 0.923880 2.532683 0.540000
v 0.923880 2.532683 0.820000
v 0.831470 2.705570 0.820000
vt 0.831470 3.245570
vt 0.923880 3.072683
vt 0.923880 3.352683
vt 0.831470 3.525570
vn -0.881921 -0.471397 0.000000
vn -0.881921 -0.471397 0.000000
vn -0.881921 -0.471397 0.000000
vn -0.881921 -0.471397 0.000000
f 831/831/831 832/832/832 833/833/833
f 831/831/831 833/833/833 834/834/834
v 0.831470 2.705570 0.820000
v 1.014393 2.827796 0.820000
v 0.862670 3.012670 0.820000
v 0.707107 2.857107 0.820000
vt 0.831470 3.525570
vt 1.014393 3.647796
vt 0.862670 3.832670
vt 0.707107 3.677107
vn 0.000000 0.000000 1.000000
vn 0.000000 0.000000 1.000000
vn 0.000000 0.000000 1.000000
vn 0.000000 0.000000 1.000000
f 835/835/835 836/836/836 837/837/837
f 835/835/835 837/837/837 838/838/838
v 0.707107 2.857107 0.540000
v 0.862670 3.012670 0.540000
v 1.014393 2.827796 0.540000
v 0.831470 2.705570 0.540000
vt 0.707107 3.397107
vt 0.862670 3.552670
vt 1.014393 3.367796
vt 0.831470 3.245570
vn 0.000000 0.000000 -1.000000
vn 0.000000 0.000000 -1.000000
vn 0.000000 0.000000 -1.000000
vn 0.000000 0.000000 -1.000000
f 839/839/839 840/840/840 841/841/841
f 839/839/839 841/841/841 842/842/842
v 0.831470 2.705570 0.540000
v 1.014393 2.827796 0.540000
v 1.014393 2.827796 0.820000
v 0.831470 2.705570 0.820000
vt 0.831470 3.245570
vt 1.014393 3.367796
vt 1.014393 3.647796
vt 0.831470 3.525570
vn 0.555570 -0.831470 0.000000
vn 0.555570 -0.831470 0.000000
vn 0.555570 -0.831470 0.000000
vn 0.555570 -0.831470 0.000000
f 843/843/843 844/844/844 845/845/845
f 843/843/843 845/845/845 846/846/846
v 1.014393 2.827796 0.540000
v 0.862670 3.012670 0.540000
v 0.862670 3.012670 0.820000
v 1.014393 2.827796 0.820000
vt 1.014393 3.367796
vt 0.862670 3.552670
vt 0.862670 3.832670
vt 1.014393 3.647796
vn 0.773010 0.634393 0.000000
vn 0.773010 0.634393 0.000000
vn 0.773010 0.634393 0.000000
vn 0.773010 0.634393 0.000000
f 847/847/847 848/848/848 849/849/849
f 847/847/847 849/849/849 850/850/850
v 0.862670 3.012670 0.540000
v 0.707107 2.857107 0.540000
v 0.707107 2.857107 0.820000
v 0.862670 3.012670 0.820000
vt 0.862670 3.552670
vt 0.707107 3.397107
vt 0.707107 3.677107
vt 0.862670 3.832670
vn -0.707107 0.707107 0.000000
vn -0.707107 0.707107 0.000000
vn -0.707107 0.707107 0.000000
vn -0.707107 0.707107 0.000000
f 851/851/851 852/852/852 853/853/853
f 851/851/851 853/853/853 854/854/854
v 0.707107 2.857107 0.540000
v 0.831470 2.705570 0.540000
v 0.831470 2.705570 0.820000
v 0.707107 2.857107 0.820000
vt 0.707107 3.397107
vt 0.831470 3.245570
vt 0.831470 3.525570
vt 0.707107 3.677107
vn -0.773010 -0.634393 0.000000
vn -0.773010 -0.634393 0.000000
vn -0.773010 -0.634393 0.000000
vn -0.773010 -0.634393 0.000000
f 855/855/855 856/856/856 857/857/857
f 855/855/855 857/857/857 858/858/858
v 0.707107 2.857107 0.820000
v 0.862670 3.012670 0.820000
v 0.677796 3.164393 0.820000
v 0.555570 2.981470 0.820000
vt 0.707107 3.677107
vt 0.862670 3.832670
vt 0.677796 3.984393
vt 0.555570 3.801470
vn 0.000000 -0.000000 1.000000
vn 0.000000 -0.000000 1.000000
vn 0.000000 -0.000000 1.000000
vn 0.000000 -0.000000 1.000000
f 859/859/859 860/860/860 861/861/861
f 859/859/859 861/861/861 862/862/862
v 0.555570 2.981470 0.540000
v 0.677796 3.164393 0.540000
v 0.862670 3.012670 0.540000
v 0.707107 2.857107 0.540000
vt 0.555570 3.521470
vt 0.677796 3.704393
vt 0.862670 3.552670
vt 0.707107 3.397107
vn 0.000000 0.000000 -1.000000
vn 0.000000 0.000000 -1.000000
vn 0.000000 0.000000 -1.000000
vn 0.000000 0.000000 -1.000000
f 863/863/863 864/864/864 865/865/865
f 863/863/863 865/865/865 866/866/866
v 0.707107 2.857107 0.540000
v 0.862670 3.012670 0.540000
v 0.862670 3.012670 0.820000
v 0.707107 2.857107 0.820000
vt 0.707107 3.397107
vt 0.862670 3.552670
vt 0.862670 3.832670
vt 0.707107 3.677107
vn 0.707107 -0.707107 0.000000
vn 0.707107 -0.707107 0.000000
vn 0.707107 -0.707107 0.000000
vn 0.707107 -0.707107 0.000000
f 867/867/867 868/868/868 869/869/869
f 867/867/867 869/869/869 870/870/870
v 0.862670 3.012670 0.540000
v 0.677796 3.164393 0.540000
v 0.677796 3.164393 0.820000
v 0.862670 3.012670 0.820000
vt 0.862670 3.552670
vt 0.677796 3.704393
vt 0.677796 3.984393
vt 0.862670 3.832670
vn 0.634393 0.773010 0.000000
vn 0.634393 0.773010 0.000000
vn 0.634393 0.773010 0.000000
vn 0.634393 0.773010 0.000000
f 871/871/871 872/872/872 873/873/873
f 871/871/871 873/873/873 874/874/874
v 0.677796 3.164393 0.540000
v 0.555570 2.981470 0.540000
v 0.555570 2.981470 0.820000
v 0.677796 3.164393 0.820000
vt 0.677796 3.704393
vt 0.555570 3.521470
vt 0.555570 3.801470
vt 0.677796 3.984393
vn -0.831470 0.555570 0.000000
vn -0.831470 0.555570 0.000000
vn -0.831470 0.555570 0.000000
vn -0.831470 0.555570 0.000000
f 875/875/875 876/876/876 877/877/877
f 875/875/875 877/877/877 878/878/878
v 0.555570 2.981470 0.540000
v 0.707107 2.857107 0.540000
v 0.707107 2.857107 0.820000
v 0.555570 2.981470 0.820000
vt 0.555570 3.521470
vt 0.707107 3.397107
vt 0.707107 3.677107
vt 0.555570 3.801470
vn -0.634393 -0.773010 0.000000
vn -0.634393 -0.773010 0.000000
vn -0.634393 -0.773010 0.000000
vn -0.634393 -0.773010 0.000000
f 879/879/879 880/880/880 881/881/881
f 879/879/879 881/881/881 882/882/882
v 0.555570 2.981470 0.820000
v 0.677796 3.164393 0.820000
v 0.466874 3.277133 0.820000
v 0.382683 3.073880 0.820000
vt 0.555570 3.801470
vt 0.677796 3.984393
vt 0.466874 4.097133
vt 0.382683 3.893880
vn 0.000000 -0.000000 1.000000
vn 0.000000 -0.000000 1.000000
vn 0.000000 -0.000000 1.000000
vn 0.000000 -0.000000 1.000000
f 883/883/883 884/884/884 885/885/885
f 883/883/883 885/885/885 886/886/886
v 0.382683 3.073880 0.540000
v 0.466874 3.277133 0.540000
v 0.677796 3.164393 0.540000
v 0.555570 2.981470 0.540000
vt 0.382683 3.613880
vt 0.466874 3.817133
vt 0.677796 3.704393
vt 0.555570 3.521470
vn 0.000000 0.000000 -1.000000
vn 0.000000 0.000000 -1.000000
vn 0.000000 0.000000 -1.000000
vn 0.000000 0.000000 -1.000000
f 887/887/887 888/888/888 889/889/889
f 887/887/887 889/889/889 890/890/890
v 0.555570 2.981470 0.540000
v 0.677796 3.164393 0.540000
v 0.677796 3.164393 0.820000
v 0.555570 2.981470 0.820000
vt 0.555570 3.521470
vt 0.677796 3.704393
vt 0.677796 3.984393
vt 0.555570 3.801470
vn 0.831470 -0.555570 0.000000
vn 0.831470 -0.555570 0.000000
vn 0.831470 -0.555570 0.000000
vn 0.831470 -0.555570 0.000000
f 891/891/891 892/892/892 893/893/893
f 891/891/891 893/893/893 894/894/894
v 0.677796 3.164393 0.540000
v 0.466874 3.277133 0.540000
v 0.466874 3.277133 0.820000
v 0.677796 3.164393 0.820000
vt 0.677796 3.704393
vt 0.466874 3.817133
vt 0.466874 4.097133
vt 0.677796 3.984393
vn 0.471397 0.881921 0.000000
vn 0.471397 0.881921 0.000000
vn 0.471397 0.881921 0.000000
vn 0.471397 0.881921 0.000000
f 895/895/895 896/896/896 897/897/897
f 895/895/895 897/897/897 898/898/898
v 0.466874 3.277133 0.540000
v 0.382683 3.073880 0.540000
v 0.382683 3.073880 0.820000
v 0.466874 3.277133 0.820000
vt 0.466874 3.817133
vt 0.382683 3.613880
vt 0.382683 3.893880
vt 0.466874 4.097133
vn -0.923880 0.382683 0.000000
vn -0.923880 0.382683 0.000000
vn -0.923880 0.382683 0.000000
vn -0.923880 0.382683 0.000000
f 899/899/899 900/900/900 901/901/901
f 899/899/899 901/901/901 902/902/902
v 0.382683 3.073880 0.540000
v 0.555570 2.981470 0.540000
v 0.555570 2.981470 0.820000
v 0.382683 3.073880 0.820000
vt 0.382683 3.613880
vt 0.555570 3.521470
vt 0.555570 3.801470
vt 0.382683 3.893880
vn -0.471397 -0.881921 0.000000
vn -0.471397 -0.881921 0.000000
vn -0.471397 -0.881921 0.000000
vn -0.471397 -0.881921 0.000000
f 903/903/903 904/904/904 905/905/905
f 903/903/903 905/905/905 906/906/906
v 0.382683 3.073880 0.820000
v 0.466874 3.277133 0.820000
v 0.238010 3.346558 0.820000
v 0.195090 3.130785 0.820000
vt 0.382683 3.893880
vt 0.466874 4.097133
vt 0.238010 4.166558
vt 0.195090 3.950785
vn 0.000000 -0.000000 1.000000
vn 0.000000 -0.000000 1.000000
vn 0.000000 -0.000000 1.000000
vn 0.000000 -0.000000 1.000000
f 907/907/907 908/908/908 909/909/909
f 907/907/907 909/909/909 910/910/910
v 0.195090 3.130785 0.540000
v 0.238010 3.346558 0.540000
v 0.466874 3.277133 0.540000
v 0.382683 3.073880 0.540000
vt 0.195090 3.670785
vt 0.238010 3.886558
vt 0.466874 3.817133
vt 0.382683 3.613880
vn 0.000000 0.000000 -1.000000
vn 0.000000 0.000000 -1.000000
vn 0.000000 0.000000 -1.000000
vn 0.000000 0.000000 -1.000000
f 911/911/911 912/912/912 913/913/913
f 911/911/911 913/913/913 914/914/914
v 0.382683 3.073880 0.540000
v 0.466874 3.277133 0.540000
v 0.466874 3.277133 0.820000
v 0.382683 3.073880 0.820000
vt 0.382683 3.613880
vt 0.466874 3.817133
vt 0.466874 4.097133
vt 0.382683 3.893880
vn 0.923880 -0.382683 0.000000
vn 0.923880 -0.382683 0.000000
vn 0.923880 -0.382683 0.000000
vn 0.923880 -0.382683 0.000000
f 915/915/915 916/916/916 917/917/917
f 915/915/915 917/917/917 918/918/918
v 0.466874 3.277133 0.540000
v 0.238010 3.346558 0.540000
v 0.238010 3.346558 0.820000
v 0.466874 3.277133 0.820000
vt 0.466874 3.817133
vt 0.238010 3.886558
vt 0.238010 4.166558
vt 0.466874 4.097133
vn 0.290285 0.956940 0.000000
vn 0.290285 0.956940 0.000000
vn 0.290285 0.956940 0.000000
vn 0.290285 0.956940 0.000000
f 919/919/919 920/920/920 921/921/921
f 919/919/919 921/921/921 922/922/922
v 0.238010 3.346558 0.540000
v 0.195090 3.130785 0.540000
v 0.195090 3.130785 0.820000
v 0.238010 3.346558 0.820000
vt 0.238010 3.886558
vt 0.195090 3.670785
vt 0.195090 3.950785
vt 0.238010 4.166558
vn -0.980785 0.195090 0.000000
vn -0.980785 0.195090 0.000000
vn -0.980785 0.195090 0.000000
vn -0.980785 0.195090 0.000000
f 923/923/923 924/924/924 925/925/925
f 923/923/923 925/925/925 926/926/926
v 0.195090 3.130785 0.540000
v 0.382683 3.073880 0.540000
v 0.382683 3.073880 0.820000
v 0.195090 3.130785 0.820000
vt 0.195090 3.670785
vt 0.382683 3.613880
vt 0.382683 3.893880
vt 0.195090 3.950785
vn -0.290285 -0.956940 0.000000
vn -0.290285 -0.956940 0.000000
vn -0.290285 -0.956940 0.000000
vn -0.290285 -0.956940 0.000000
f 927/927/927 928/928/928 929/929/929
f 927/927/927 929/929/929 930/930/930
v 0.195090 3.130785 0.820000
v 0.238010 3.346558 0.820000
v 0.000000 3.370000 0.820000
v 0.000000 3.150000 0.820000
vt 0.195090 3.950785
vt 0.238010 4.166558
vt 0.000000 4.190000
vt 0.000000 3.970000
vn 0.000000 -0.000000 1.000000
vn 0.000000 -0.000000 1.000000
vn 0.000000 -0.000000 1.000000
vn 0.000000 -0.000000 1.000000
f 931/931/931 932/932/932 933/933/933
f 931/931/931 933/933/933 934/934/934
v 0.000000 3.150000 0.540000
v 0.000000 3.370000 0.540000
v 0.238010 3.346558 0.540000
v 0.195090 3.130785 0.540000
vt 0.000000 3.690000
vt 0.000000 3.910000
vt 0.238010 3.886558
vt 0.195090 3.670785
vn 0.000000 0.000000 -1.000000
vn 0.000000 0.000000 -1.000000
vn 0.000000 0.000000 -1.000000
vn 0.000000 0.000000 -1.000000
f 935/935/935 936/936/936 937/937/937
f 935/935/935 937/937/937 938/938/938
v 0.195090 3.130785 0.540000
v 0.238010 3.346558 0.540000
v 0.238010 3.346558 0.820000
v 0.195090 3.130785 0.820000
vt 0.195090 3.670785
vt 0.238010 3.886558
vt 0.238010 4.166558
vt 0.195090 3.950785
vn 0.980785 -0.195090 0.000000
vn 0.980785 -0.195090 0.000000
vn 0.980785 -0.195090 0.000000
vn 0.980785 -0.195090 0.000000
f 939/939/939 940/940/940 941/941/941
f 939/939/939 941/941/941 942/942/942
v 0.238010 3.346558 0.540000
v 0.000000 3.370000 0.540000
v 0.000000 3.370000 0.820000
v 0.238010 3.346558 0.820000
vt 0.238010 3.886558
vt 0.000000 3.910000
vt 0.000000 4.190000
vt 0.238010 4.166558
vn 0.098017 0.995185 0.000000
vn 0.098017 0.995185 0.000000
vn 0.098017 0.995185 0.000000
vn 0.098017 0.995185 0.000000
f 943/943/943 944/944/944 945/945/945
f 943/943/943 945/945/945 946/946/946
v 0.000000 3.370000 0.540000
v 0.000000 3.150000 0.540000
v 0.000000 3.150000 0.820000
v 0.000000 3.370000 0.820000
vt 0.000000 3.910000
vt 0.000000 3.690000
vt 0.000000 3.970000
vt 0.000000 4.190000
vn -1.000000 0.000000 0.000000
vn -1.000000 0.000000 0.000000
vn -1.000000 0.000000 0.000000
vn -1.000000 0.000000 0.000000
f 947/947/947 948/948/948 949/949/949
f 947/947/947 949/949/949 950/950/950
v 0.000000 3.150000 0.540000
v 0.195090 3.130785 0.540000
v 0.195090 3.130785 0.820000
v 0.000000 3.150000 0.820000
vt 0.000000 3.690000
vt 0.195090 3.670785
vt 0.195090 3.950785
vt 0.000000 3.970000
vn -0.098017 -0.995185 0.000000
vn -0.098017 -0.995185 0.000000
vn -0.098017 -0.995185 0.000000
vn -0.098017 -0.995185 0.000000
f 951/951/951 952/952/952 953/953/953
f 951/951/951 953/953/953 954/954/954
v 0.000000 3.150000 0.820000
v 0.000000 3.370000 0.820000
v -0.238010 3.346558 0.820000
v -0.195090 3.130785 0.820000
vt 0.000000 3.970000
vt 0.000000 4.190000
vt -0.238010 4.166558
vt -0.195090 3.950785
vn 0.000000 -0.000000 1.000000
vn 0.000000 -0.000000 1.000000
vn 0.000000 -0.000000 1.000000
vn 0.000000 -0.000000 1.000000
f 955/955/955 956/956/956 957/957/957
f 955/955/955 957/957/957 958/958/958
v -0.195090 3.130785 0.540000
v -0.238010 3.346558 0.540000
v 0.000000 3.370000 0.540000
v 0.000000 3.150000 0.540000
vt -0.195090 3.670785
vt -0.238010 3.886558
vt 0.000000 3.910000
vt 0.000000 3.690000
vn 0.000000 0.000000 -1.000000
vn 0.000000 0.000000 -1.000000
vn 0.000000 0.000000 -1.000000
vn 0.000000 0.000000 -1.000000
f 959/959/959 960/960/960 961/961/961
f 959/959/959 961/961/961 962/962/962
v 0.000000 3.150000 0.540000
v 0.000000 3.370000 0.540000
v 0.000000 3.370000 0.820000
v 0.000000 3.150000 0.820000
vt 0.000000 3.690000
vt 0.000000 3.910000
vt 0.000000 4.190000
vt 0.000000 3.970000
vn 1.000000 -0.000000 0.000000
vn 1.000000 -0.000000 0.000000
vn 1.000000 -0.000000 0.000000
vn 1.000000 -0.000000 0.000000
f 963/963/963 964/964/964 965/965/965
f 963/963/963 965/965/965 966/966/966
v 0.000000 3.370000 0.540000
v -0.238010 3.346558 0.540000
v -0.238010 3.346558 0.820000
v 0.000000 3.370000 0.820000
vt 0.000000 3.910000
vt -0.238010 3.886558
vt -0.238010 4.166558
vt 0.000000 4.190000
vn -0.098017 0.995185 0.000000
vn -0.098017 0.995185 0.000000
vn -0.098017 0.995185 0.000000
vn -0.098017 0.995185 0.000000
f 967/967/967 968/968/968 969/969/969
f 967/967/967 969/969/969 970/970/970
v -0.238010 3.346558 0.540000
v -0.195090 3.130785 0.540000
v -0.195090 3.130785 0.820000
v -0.238010 3.346558 0.820000
vt -0.238010 3.886558
vt -0.195090 3.670785
vt -0.195090 3.950785
vt -0.238010 4.166558
vn -0.980785 -0.195090 0.000000
vn -0.980785 -0.195090 0.000000
vn -0.980785 -0.195090 0.000000
vn -0.980785 -0.195090 0.000000
f 971/971/971 972/972/972 973/973/973
f 971/971/971 973/973/973 974/974/974
v -0.195090 3.130785 0.540000
v 0.000000 3.150000 0.540000
v 0.000000 3.150000 0.820000
v -0.195090 3.130785 0.820000
vt -0.195090 3.670785
vt 0.000000 3.690000
vt 0.000000 3.970000
vt -0.195090 3.950785
vn 0.098017 -0.995185 0.000000
vn 0.098017 -0.995185 0.000000
vn 0.098017 -0.995185 0.000000
vn 0.098017 -0.995185 0.000000
f 975/975/975 976/976/976 977/977/977
f 975/975/975 977/977/977 978/978/978
v -0.195090 3.130785 0.820000
v -0.238010 3.346558 0.820000
v -0.466874 3.277133 0.820000
v -0.382683 3.073880 0.820000
vt -0.195090 3.950785
vt -0.238010 4.166558
vt -0.466874 4.097133
vt -0.382683 3.893880
vn 0.000000 0.000000 1.000000
vn 0.000000 0.000000 1.000000
vn 0.000000 0.000000 1.000000
vn 0.000000 0.000000 1.000000
f 979/979/979 980/980/980 981/981/981
f 979/979/979 981/981/981 982/982/982
v -0.382683 3.073880 0.540000
v -0.466874 3.277133 0.540000
v -0.238010 3.346558 0.540000
v -0.195090 3.130785 0.540000
vt -0.382683 3.613880
vt -0.466874 3.817133
vt -0.238010 3.886558
vt -0.195090 3.670785
vn 0.000000 0.000000 -1.000000
vn 0.000000 0.000000 -1.000000
vn 0.000000 0.000000 -1.000000
vn 0.000000 0.000000 -1.000000
f 983/983/983 984/984/984 985/985/985
f 983/983/983 985/985/985 986/986/986
v -0.195090 3.130785 0.540000
v -0.238010 3.346558 0.540000
v -0.238010 3.346558 0.820000
v -0.195090 3.130785 0.820000
vt -0.195090 3.670785
vt -0.238010 3.886558
vt -0.238010 4.166558
vt -0.195090 3.950785
vn 0.980785 0.195090 0.000000
vn 0.980785 0.195090 0.000000
vn 0.980785 0.195090 0.000000
vn 0.980785 0.195090 0.000000
f 987/987/987 988/988/988 989/989/989
f 987/987/987 989/989/989 990/990/990
v -0.238010 3.346558 0.540000
v -0.466874 3.277133 0.540000
v -0.466874 3.277133 0.820000
v -0.238010 3.346558 0.820000
vt -0.238010 3.886558
vt -0.466874 3.817133
vt -0.466874 4.097133
vt -0.238010 4.166558
vn -0.290285 0.956940 0.000000
vn -0.290285 0.956940 0.000000
vn -0.290285 0.956940 0.000000
vn -0.290285 0.956940 0.000000
f 991/991/991 992/992/992 993/993/993
f 991/991/991 993/993/993 994/994/994
v -0.466874 3.277133 0.540000
v -0.382683 3.073880 0.540000
v -0.382683 3.073880 0.820000
v -0.466874 3.277133 0.820000
vt -0.466874 3.817133
vt -0.382683 3.613880
vt -0.382683 3.893880
vt -0.466874 4.097133
vn -0.923880 -0.382683 0.000000
vn -0.923880 -0.382683 0.000000
vn -0.923880 -0.382683 0.000000
vn -0.923880 -0.382683 0.000000
f 995/995/995 996/996/996 997/997/997
f 995/995/995 997/997/997 998/998/998
v -0.382683 3.073880 0.540000
v -0.195090 3.130785 0.540000
v -0.195090 3.130785 0.820000
v -0.382683 3.073880 0.820000
vt -0.382683 3.613880
vt -0.195090 3.670785
vt -0.195090 3.950785
vt -0.382683 3.893880
vn 0.290285 -0.956940 0.000000
vn 0.290285 -0.956940 0.000000
vn 0.290285 -0.956940 0.000000
vn 0.290285 -0.956940 0.000000
f 999/999/999 1000/1000/1000 1001/1001/1001
f 999/999/999 1001/1001/1001 1002/1002/1002
v -0.382683 3.073880 0.820000
v -0.466874 3.277133 0.820000
v -0.677796 3.164393 0.820000
v -0.555570 2.981470 0.820000
vt -0.382683 3.893880
vt -0.466874 4.097133
vt -0.677796 3.984393
vt -0.555570 3.801470
vn 0.000000 0.000000 1.000000
vn 0.000000 0.000000 1.000000
vn 0.000000 0.000000 1.000000
vn 0.000000 0.000000 1.000000
f 1003/1003/1003 1004/1004/1004 1005/1005/1005
f 1003/1003/1003 1005/1005/1005 1006/1006/1006
v -0.555570 2.981470 0.540000
v -0.677796 3.164393 0.540000
v -0.466874 3.277133 0.540000
v -0.382683 3.073880 0.540000
vt -0.555570 3.521470
vt -0.677796 3.704393
vt -0.466874 3.817133
vt -0.382683 3.613880
vn 0.000000 0.000000 -1.000000
vn 0.000000 0.000000 -1.000000
vn 0.000000 0.000000 -1.000000
vn 0.000000 0.000000 -1.000000
f 1007/1007/1007 1008/1008/1008 1009/1009/1009
f 1007/1007/1007 1009/1009/1009 1010/1010/1010
v -0.382683 3.073880 0.540000
v -0.466874 3.277133 0.540000
v -0.466874 3.277133 0.820000
v -0.382683 3.073880 0.820000
vt -0.382683 3.613880
vt -0.466874 3.817133
vt -0.466874 4.097133
vt -0.382683 3.893880
vn 0.923880 0.382683 0.000000
vn 0.923880 0.382683 0.000000
vn 0.923880 0.382683 0.000000
vn 0.923880 0.382683 0.000000
f 1011/1011/1011 1012/1012/1012 1013/1013/1013
f 1011/1011/1011 1013/1013/1013 1014/1014/1014
v -0.466874 3.277133 0.540000
v -0.677796 3.164393 0.540000
v -0.677796 3.164393 0.820000
v -0.466874 3.277133 0.820000
vt -0.466874 3.817133
vt -0.677796 3.704393
vt -0.677796 3.984393
vt -0.466874 4.097133
vn -0.471397 0.881921 0.000000
vn -0.471397 0.881921 0.000000
vn -0.471397 0.881921 0.000000
vn -0.471397 0.881921 0.000000
f 1015/1015/1015 1016/1016/1016 1017/1017/1017
f 1015/1015/1015 1017/1017/1017 1018/1018/1018
v -0.677796 3.164393 0.540000
v -0.555570 2.981470 0.540000
v -0.555570 2.981470 0.820000
v -0.677796 3.164393 0.820000
vt -0.677796 3.704393
vt -0.555570 3.521470
vt -0.555570 3.801470
vt -0.677796 3.984393
vn -0.831470 -0.555570 0.000000
vn -0.831470 -0.555570 0.000000
vn -0.831470 -0.555570 0.000000
vn -0.831470 -0.555570 0.000000
f 1019/1019/1019 1020/1020/1020 1021/1021/1021
f 1019/1019/1019 1021/1021/1021 1022/1022/1022
v -0.555570 2.981470 0.540000
v -0.382683 3.073880 0.540000
v -0.382683 3.073880 0.820000
v -0.555570 2.981470 0.820000
vt -0.555570 3.521470
vt -0.382683 3.613880
vt -0.382683 3.893880
vt -0.555570 3.801470
vn 0.471397 -0.881921 0.000000
vn 0.471397 -0.881921 0.000000
vn 0.471397 -0.881921 0.000000
vn 0.471397 -0.881921 0.000000
f 1023/1023/1023 1024/1024/1024 1025/1025/1025
f 1023/1023/1023 1025/1025/1025 1026/1026/1026
v -0.555570 2.981470 0.820000
v -0.677796 3.164393 0.820000
v -0.862670 3.012670 0.820000
v -0.707107 2.857107 0.820000
vt -0.555570 3.801470
vt -0.677796 3.984393
vt -0.862670 3.832670
vt -0.707107 3.677107
vn 0.000000 0.000000 1.000000
vn 0.000000 0.000000 1.000000
vn 0.000000 0.000000 1.000000
vn 0.000000 0.000000 1.000000
f 1027/1027/1027 1028/1028/1028 1029/1029/1029
f 1027/1027/1027 1029/1029/1029 1030/1030/1030
v -0.707107 2.857107 0.540000
v -0.862670 3.012670 0.540000
v -0.677796 3.164393 0.540000
v -0.555570 2.981470 0.540000
vt -0.707107 3.397107
vt -0.862670 3.552670
vt -0.677796 3.704393
vt -0.555570 3.521470
vn 0.000000 0.000000 -1.000000
vn 0.000000 0.000000 -1.000000
vn 0.000000 0.000000 -1.000000
vn 0.000000 0.000000 -1.000000
f 1031/1031/1031 1032/1032/1032 1033/1033/1033
f 1031/1031/1031 1033/1033/1033 1034/1034/1034
v -0.555570 2.981470 0.540000
v -0.677796 3.164393 0.540000
v -0.677796 3.164393 0.820000
v -0.555570 2.981470 0.820000
vt -0.555570 3.521470
vt -0.677796 3.704393
vt -0.677796 3.984393
vt -0.555570 3.801470
vn 0.831470 0.555570 0.000000
vn 0.831470 0.555570 0.000000
vn 0.831470 0.555570 0.000000
vn 0.831470 0.555570 0.000000
f 1035/1035/1035 1036/1036/1036 1037/1037/1037
f 1035/1035/1035 1037/1037/1037 1038/1038/1038
v -0.677796 3.164393 0.540000
v -0.862670 3.012670 0.540000
v -0.862670 3.012670 0.820000
v -0.677796 3.164393 0.820000
vt -0.677796 3.704393
vt -0.862670 3.552670
vt -0.862670 3.832670
vt -0.677796 3.984393
vn -0.634393 0.773010 0.000000
vn -0.634393 0.773010 0.000000
vn -0.634393 0.773010 0.000000
vn -0.634393 0.773010 0.000000
f 1039/1039/1039 1040/1040/1040 1041/1041/1041
f 1039/1039/1039 1041/1041/1041 1042/1042/1042
v -0.862670 3.012670 0.540000
v -0.707107 2.857107 0.540000
v -0.707107 2.857107 0.820000
v -0.862670 3.012670 0.820000
vt -0.862670 3.552670
vt -0.707107 3.397107
vt -0.707107 3.677107
vt -0.862670 3.832670
vn -0.707107 -0.707107 0.000000
vn -0.707107 -0.707107 0.000000
vn -0.707107 -0.707107 0.000000
vn -0.707107 -0.707107 0.000000
f 1043/1043/1043 1044/1044/1044 1045/1045/1045
f 1043/1043/1043 1045/1045/1045 1046/1046/1046
v -0.707107 2.857107 0.540000
v -0.555570 2.981470 0.540000
v -0.555570 2.981470 0.820000
v -0.707107 2.857107 0.820000
vt -0.707107 3.397107
vt -0.555570 3.521470
vt -0.555570 3.801470
vt -0.707107 3.677107
vn 0.634393 -0.773010 0.000000
vn 0.634393 -0.773010 0.000000
vn 0.634393 -0.773010 0.000000
vn 0.634393 -0.773010 0.000000
f 1047/1047/1047 1048/1048/1048 1049/1049/1049
f 1047/1047/1047 1049/1049/1049 1050/1050/1050
v -0.707107 2.857107 0.820000
v -0.862670 3.012670 0.820000
v -1.014393 2.827796 0.820000
v -0.831470 2.705570 0.820000
vt -0.707107 3.677107
vt -0.862670 3.832670
vt -1.014393 3.647796
vt -0.831470 3.525570
vn 0.000000 0.000000 1.000000
vn 0.000000 0.000000 1.000000
vn 0.000000 0.000000 1.000000
vn 0.000000 0.000000 1.000000
f 1051/1051/1051 1052/1052/1052 1053/1053/1053
f 1051/1051/1051 1053/1053/1053 1054/1054/1054
v -0.831470 2.705570 0.540000
v -1.014393 2.827796 0.540000
v -0.862670 3.012670 0.540000
v -0.707107 2.857107 0.540000
vt -0.831470 3.245570
vt -1.014393 3.367796
vt -0.862670 3.552670
vt -0.707107 3.397107
vn 0.000000 0.000000 -1.000000
vn 0.000000 0.000000 -1.000000
vn 0.000000 0.000000 -1.000000
vn 0.000000 0.000000 -1.000000
f 1055/1055/1055 1056/1056/1056 1057/1057/1057
f 1055/1055/1055 1057/1057/1057 1058/1058/1058
v -0.707107 2.857107 0.540000
v -0.862670 3.012670 0.540000
v -0.862670 3.012670 0.820000
v -0.707107 2.857107 0.820000
vt -0.707107 3.397107
vt -0.862670 3.552670
vt -0.862670 3.832670
vt -0.707107 3.677107
vn 0.707107 0.707107 0.000000
vn 0.707107 0.707107 0.000000
vn 0.707107 0.707107 0.000000
vn 0.707107 0.707107 0.000000
f 1059/1059/1059 1060/1060/1060 1061/1061/1061
f 1059/1059/1059 1061/1061/1061 1062/1062/1062
v -0.862670 3.012670 0.540000
v -1.014393 2.827796 0.540000
v -1.014393 2.827796 0.820000
v -0.862670 3.012670 0.820000
vt -0.862670 3.552670
vt -1.014393 3.367796
vt -1.014393 3.647796
vt -0.862670 3.832670
vn -0.773010 0.634393 0.000000
vn -0.773010 0.634393 0.000000
vn -0.773010 0.634393 0.000000
vn -0.773010 0.634393 0.000000
f 1063/1063/1063 1064/1064/1064 1065/1065/1065
f 1063/1063/1063 1065/1065/1065 1066/1066/1066
v -1.014393 2.827796 0.540000
v -0.831470 2.705570 0.540000
v -0.831470 2.705570 0.820000
v -1.014393 2.827796 0.820000
vt -1.014393 3.367796
vt -0.831470 3.245570
vt -0.831470 3.525570
vt -1.014393 3.647796
vn -0.555570 -0.831470 0.000000
vn -0.555570 -0.831470 0.000000
vn -0.555570 -0.831470 0.000000
vn -0.555570 -0.831470 0.000000
f 1067/1067/1067 1068/1068/1068 1069/1069/1069
f 1067/1067/1067 1069/1069/1069 1070/1070/1070
v -0.831470 2.705570 0.540000
v -0.707107 2.857107 0.540000
v -0.707107 2.857107 0.820000
v -0.831470 2.705570 0.820000
vt -0.831470 3.245570
vt -0.707107 3.397107
vt -0.707107 3.677107
vt -0.831470 3.525570
vn 0.773010 -0.634393 0.000000
vn 0.773010 -0.634393 0.000000
vn 0.773010 -0.634393 0.000000
vn 0.773010 -0.634393 0.000000
f 1071/1071/1071 1072/1072/1072 1073/1073/1073
f 1071/1071/1071 1073/1073/1073 1074/1074/1074
v -0.831470 2.705570 0.820000
v -1.014393 2.827796 0.820000
v -1.127133 2.616874 0.820000
v -0.923880 2.532683 0.820000
vt -0.831470 3.525570
vt -1.014393 3.647796
vt -1.127133 3.436874
vt -0.923880 3.352683
vn 0.000000 0.000000 1.000000
vn 0.000000 0.000000 1.000000
vn 0.000000 0.000000 1.000000
vn 0.000000 0.000000 1.000000
f 1075/1075/1075 1076/1076/1076 1077/1077/1077
f 1075/1075/1075 1077/1077/1077 1078/1078/1078
v -0.923880 2.532683 0.540000
v -1.127133 2.616874 0.540000
v -1.014393 2.827796 0.540000
v -0.831470 2.705570 0.540000
vt -0.923880 3.072683
vt -1.127133 3.156874
vt -1.014393 3.367796
vt -0.831470 3.245570
vn 0.000000 0.000000 -1.000000
vn 0.000000 0.000000 -1.000000
vn 0.000000 0.000000 -1.000000
vn 0.000000 0.000000 -1.000000
f 1079/1079/1079 1080/1080/1080 1081/1081/1081
f 1079/1079/1079 1081/1081/1081 1082/1082/1082
v -0.831470 2.705570 0.540000
v -1.014393 2.827796 0.540000
v -1.014393 2.827796 0.820000
v -0.831470 2.705570 0.820000
vt -0.831470 3.245570
vt -1.014393 3.367796
vt -1.014393 3.647796
vt -0.831470 3.525570
vn 0.555570 0.831470 0.000000
vn 0.555570 0.831470 0.000000
vn 0.555570 0.831470 0.000000
vn 0.555570 0.831470 0.000000
f 1083/1083/1083 1084/1084/1084 1085/1085/1085
f 1083/1083/1083 1085/1085/1085 1086/1086/1086
v -1.014393 2.827796 0.540000
v -1.127133 2.616874 0.540000
v -1.127133 2.616874 0.820000
v -1.014393 2.827796 0.820000
vt -1.014393 3.367796
vt -1.127133 3.156874
vt -1.127133 3.436874
vt -1.014393 3.647796
vn -0.881921 0.471397 0.000000
vn -0.881921 0.471397 0.000000
vn -0.881921 0.471397 0.000000
vn -0.881921 0.471397 0.000000
f 1087/1087/1087 1088/1088/1088 1089/1089/1089
f 1087/1087/1087 1089/1089/1089 1090/1090/1090
v -1.127133 2.616874 0.540000
v -0.923880 2.532683 0.540000
v -0.923880 2.532683 0.820000
v -1.127133 2.616874 0.820000
vt -1.127133 3.156874
vt -0.923880 3.072683
vt -0.923880 3.352683
vt -1.127133 3.436874
vn -0.382683 -0.923880 0.000000
vn -0.382683 -0.923880 0.000000
vn -0.382683 -0.923880 0.000000
vn -0.382683 -0.923880 0.000000
f 1091/1091/1091 1092/1092/1092 1093/1093/1093
f 1091/1091/1091 1093/1093/1093 1094/1094/1094
v -0.923880 2.532683 0.540000
v -0.831470 2.705570 0.540000
v -0.831470 2.705570 0.820000
v -0.923880 2.532683 0.820000
vt -0.923880 3.072683
vt -0.831470 3.245570
vt -0.831470 3.525570
vt -0.923880 3.352683
vn 0.881921 -0.471397 0.000000
vn 0.881921 -0.471397 0.000000
vn 0.881921 -0.471397 0.000000
vn 0.881921 -0.471397 0.000000
f 1095/1095/1095 1096/1096/1096 1097/1097/1097
f 1095/1095/1095 1097/1097/1097 1098/1098/1098
v -0.923880 2.532683 0.820000
v -1.127133 2.616874 0.820000
v -1.196558 2.388010 0.820000
v -0.980785 2.345090 0.820000
vt -0.923880 3.352683
vt -1.127133 3.436874
vt -1.196558 3.208010
vt -0.980785 3.165090
vn 0.000000 0.000000 1.000000
vn 0.000000 0.000000 1.000000
vn 0.000000 0.000000 1.000000
vn 0.000000 0.000000 1.000000
f 1099/1099/1099 1100/1100/1100 1101/1101/1101
f 1099/1099/1099 1101/1101/1101 1102/1102/1102
v -0.980785 2.345090 0.540000
v -1.196558 2.388010 0.540000
v -1.127133 2.616874 0.540000
v -0.923880 2.532683 0.540000
vt -0.980785 2.885090
vt -1.196558 2.928010
vt -1.127133 3.156874
vt -0.923880 3.072683
vn 0.000000 0.000000 -1.000000
vn 0.000000 0.000000 -1.000000
vn 0.000000 0.000000 -1.000000
vn 0.000000 0.000000 -1.000000
f 1103/1103/1103 1104/1104/1104 1105/1105/1105
f 1103/1103/1103 1105/1105/1105 1106/1106/1106
v -0.923880 2.532683 0.540000
v -1.127133 2.616874 0.540000
v -1.127133 2.616874 0.820000
v -0.923880 2.532683 0.820000
vt -0.923880 3.072683
vt -1.127133 3.156874
vt -1.127133 3.436874
vt -0.923880 3.352683
vn 0.382683 0.923880 0.000000
vn 0.382683 0.923880 0.000000
vn 0.382683 0.923880 0.000000
vn 0.382683 0.923880 0.000000
f 1107/1107/1107 1108/1108/1108 1109/1109/1109
f 1107/1107/1107 1109/1109/1109 1110/1110/1110
v -1.127133 2.616874 0.540000
v -1.196558 2.388010 0.540000
v -1.196558 2.388010 0.820000
v -1.127133 2.616874 0.820000
vt -1.127133 3.156874
vt -1.196558 2.928010
vt -1.196558 3.208010
vt -1.127133 3.436874
vn -0.956940 0.290285 0.000000
vn -0.956940 0.290285 0.000000
vn -0.956940 0.290285 0.000000
vn -0.956940 0.290285 0.000000
f 1111/1111/1111 1112/1112/1112 1113/1113/1113
f 1111/1111/1111 1113/1113/1113 1114/1114/1114
v -1.196558 2.388010 0.540000
v -0.980785 2.345090 0.540000
v -0.980785 2.345090 0.820000
v -1.196558 2.388010 0.820000
vt -1.196558 2.928010
vt -0.980785 2.885090
vt -0.980785 3.165090
vt -1.196558 3.208010
vn -0.195090 -0.980785 0.000000
vn -0.195090 -0.980785 0.000000
vn -0.195090 -0.980785 0.000000
vn -0.195090 -0.980785 0.000000
f 1115/1115/1115 1116/1116/1116 1117/1117/1117
f 1115/1115/1115 1117/1117/1117 1118/1118/1118
v -0.980785 2.345090 0.540000
v -0.923880 2.532683 0.540000
v -0.923880 2.532683 0.820000
v -0.980785 2.345090 0.820000
vt -0.980785 2.885090
vt -0.923880 3.072683
vt -0.923880 3.352683
vt -0.980785 3.165090
vn 0.956940 -0.290285 0.000000
vn 0.956940 -0.290285 0.000000
vn 0.956940 -0.290285 0.000000
vn 0.956940 -0.290285 0.000000
f 1119/1119/1119 1120/1120/1120 1121/1121/1121
f 1119/1119/1119 1121/1121/1121 1122/1122/1122
v -0.980785 2.345090 0.820000
v -1.196558 2.388010 0.820000
v -1.220000 2.150000 0.820000
v -1.000000 2.150000 0.820000
vt -0.980785 3.165090
vt -1.196558 3.208010
vt -1.220000 2.970000
vt -1.000000 2.970000
vn 0.000000 0.000000 1.000000
vn 0.000000 0.000000 1.000000
vn 0.000000 0.000000 1.000000
vn 0.000000 0.000000 1.000000
f 1123/1123/1123 1124/1124/1124 1125/1125/1125
f 1123/1123/1123 1125/1125/1125 1126/1126/1126
v -1.000000 2.150000 0.540000
v -1.220000 2.150000 0.540000
v -1.196558 2.388010 0.540000
v -0.980785 2.345090 0.540000
vt -1.000000 2.690000
vt -1.220000 2.690000
vt -1.196558 2.928010
vt -0.980785 2.885090
vn 0.000000 0.000000 -1.000000
vn 0.000000 0.000000 -1.000000
vn 0.000000 0.000000 -1.000000
vn 0.000000 0.000000 -1.000000
f 1127/1127/1127 1128/1128/1128 1129/1129/1129
f 1127/1127/1127 1129/1129/1129 1130/1130/1130
v -0.980785 2.345090 0.540000
v -1.196558 2.388010 0.540000
v -1.196558 2.388010 0.820000
v -0.980785 2.345090 0.820000
vt -0.980785 2.885090
vt -1.196558 2.928010
vt -1.196558 3.208010
vt -0.980785 3.165090
vn 0.195090 0.980785 0.000000
vn 0.195090 0.980785 0.000000
vn 0.195090 0.980785 0.000000
vn 0.195090 0.980785 0.000000
f 1131/1131/1131 1132/1132/1132 1133/1133/1133
f 1131/1131/1131 1133/1133/1133 1134/1134/1134
v -1.196558 2.388010 0.540000
v -1.220000 2.150000 0.540000
v -1.220000 2.150000 0.820000
v -1.196558 2.388010 0.820000
vt -1.196558 2.928010
vt -1.220000 2.690000
vt -1.220000 2.970000
vt -1.196558 3.208010
vn -0.995185 0.098017 0.000000
vn -0.995185 0.098017 0.000000
vn -0.995185 0.098017 0.000000
vn -0.995185 0.098017 0.000000
f 1135/1135/1135 1136/1136/1136 1137/1137/1137
f 1135/1135/1135 1137/1137/1137 1138/1138/1138
v -1.220000 2.150000 0.540000
v -1.000000 2.150000 0.540000
v -1.000000 2.150000 0.820000
v -1.220000 2.150000 0.820000
vt -1.220000 2.690000
vt -1.000000 2.690000
vt -1.000000 2.970000
vt -1.220000 2.970000
vn 0.000000 -1.000000 0.000000
vn 0.000000 -1.000000 0.000000
vn 0.000000 -1.000000 0.000000
vn 0.000000 -1.000000 0.000000
f 1139/1139/1139 1140/1140/1140 1141/1141/1141
f 1139/1139/1139 1141/1141/1141 1142/1142/1142
v -1.000000 2.150000 0.540000
v -0.980785 2.345090 0.540000
v -0.980785 2.345090 0.820000
v -1.000000 2.150000 0.820000
vt -1.000000 2.690000
vt -0.980785 2.885090
vt -0.980785 3.165090
vt -1.000000 2.970000
vn 0.995185 -0.098017 0.000000
vn 0.995185 -0.098017 0.000000
vn 0.995185 -0.098017 0.000000
vn 0.995185 -0.098017 0.000000
f 1143/1143/1143 1144/1144/1144 1145/1145/1145
f 1143/1143/1143 1145/1145/1145 1146/1146/1146
v -2.310000 1.180000 0.700000
v -2.310000 2.350000 0.700000
v -2.410000 2.350000 0.700000
v -2.410000 1.180000 0.700000
vt -2.310000 1.880000
vt -2.310000 3.050000
vt -2.410000 3.050000
vt -2.410000 1.880000
vn 0.000000 -0.000000 1.000000
vn 0.000000 -0.000000 1.000000
vn 0.000000 -0.000000 1.000000
vn 0.000000 -0.000000 1.000000
f 1147/1147/1147 1148/1148/1148 1149/1149/1149
f 1147/1147/1147 1149/1149/1149 1150/1150/1150
v -2.410000 2.350000 0.520000
v -2.310000 2.350000 0.520000
v -2.310000 1.180000 0.520000
v -2.410000 1.180000 0.520000
vt -2.410000 2.870000
vt -2.310000 2.870000
vt -2.310000 1.700000
vt -2.410000 1.700000
vn 0.000000 0.000000 -1.000000
vn 0.000000 0.000000 -1.000000
vn 0.000000 0.000000 -1.000000
vn 0.000000 0.000000 -1.000000
f 1151/1151/1151 1152/1152/1152 1153/1153/1153
f 1151/1151/1151 1153/1153/1153 1154/1154/1154
v -2.410000 2.350000 0.700000
v -2.410000 2.350000 0.520000
v -2.410000 1.180000 0.520000
v -2.410000 1.180000 0.700000
vt -2.410000 3.050000
vt -2.410000 2.870000
vt -2.410000 1.700000
vt -2.410000 1.880000
vn -1.000000 0.000000 -0.000000
vn -1.000000 0.000000 -0.000000
vn -1.000000 0.000000 -0.000000
vn -1.000000 0.000000 -0.000000
f 1155/1155/1155 1156/1156/1156 1157/1157/1157
f 1155/1155/1155 1157/1157/1157 1158/1158/1158
v -2.310000 1.180000 0.520000
v -2.310000 2.350000 0.520000
v -2.310000 2.350000 0.700000
v -2.310000 1.180000 0.700000
vt -2.310000 1.700000
vt -2.310000 2.870000
vt -2.310000 3.050000
vt -2.310000 1.880000
vn 1.000000 0.000000 0.000000
vn 1.000000 0.000000 0.000000
vn 1.000000 0.000000 0.000000
vn 1.000000 0.000000 0.000000
f 1159/1159/1159 1160/1160/1160 1161/1161/1161
f 1159/1159/1159 1161/1161/1161 1162/1162/1162
v -2.410000 1.180000 0.520000
v -2.310000 1.180000 0.520000
v -2.310000 1.180000 0.700000
v -2.410000 1.180000 0.700000
vt -2.410000 1.700000
vt -2.310000 1.700000
vt -2.310000 1.880000
vt -2.410000 1.880000
vn 0.000000 -1.000000 0.000000
vn 0.000000 -1.000000 0.000000
vn 0.000000 -1.000000 0.000000
vn 0.000000 -1.000000 0.000000
f 1163/1163/1163 1164/1164/1164 1165/1165/1165
f 1163/1163/1163 1165/1165/1165 1166/1166/1166
v -2.310000 2.350000 0.700000
v -2.310000 2.350000 0.520000
v -2.410000 2.350000 0.520000
v -2.410000 2.350000 0.700000
vt -2.310000 3.050000
vt -2.310000 2.870000
vt -2.410000 2.870000
vt -2.410000 3.050000
vn 0.000000 1.000000 0.000000
vn 0.000000 1.000000 0.000000
vn 0.000000 1.000000 0.000000
vn 0.000000 1.000000 0.000000
f 1167/1167/1167 1168/1168/1168 1169/1169/1169
f 1167/1167/1167 1169/1169/1169 1170/1170/1170
v -1.590000 1.180000 0.700000
v -1.590000 2.350000 0.700000
v -1.690000 2.350000 0.700000
v -1.690000 1.180000 0.700000
vt -1.590000 1.880000
vt -1.590000 3.050000
vt -1.690000 3.050000
vt -1.690000 1.880000
vn 0.000000 -0.000000 1.000000
vn 0.000000 -0.000000 1.000000
vn 0.000000 -0.000000 1.000000
vn 0.000000 -0.000000 1.000000
f 1171/1171/1171 1172/1172/1172 1173/1173/1173
f 1171/1171/1171 1173/1173/1173 1174/1174/1174
v -1.690000 2.350000 0.520000
v -1.590000 2.350000 0.520000
v -1.590000 1.180000 0.520000
v -1.690000 1.180000 0.520000
vt -1.690000 2.870000
vt -1.590000 2.870000
vt -1.590000 1.700000
vt -1.690000 1.700000
vn 0.000000 0.000000 -1.000000
vn 0.000000 0.000000 -1.000000
vn 0.000000 0.000000 -1.000000
vn 0.000000 0.000000 -1.000000
f 1175/1175/1175 1176/1176/1176 1177/1177/1177
f 1175/1175/1175 1177/1177/1177 1178/1178/1178
v -1.690000 2.350000 0.700000
v -1.690000 2.350000 0.520000
v -1.690000 1.180000 0.520000
v -1.690000 1.180000 0.700000
vt -1.690000 3.050000
vt -1.690000 2.870000
vt -1.690000 1.700000
vt -1.690000 1.880000
vn -1.000000 0.000000 -0.000000
vn -1.000000 0.000000 -0.000000
vn -1.000000 0.000000 -0.000000
vn -1.000000 0.000000 -0.000000
f 1179/1179/1179 1180/1180/1180 1181/1181/1181
f 1179/1179/1179 1181/1181/1181 1182/1182/1182
v -1.590000 1.180000 0.520000
v -1.590000 2.350000 0.520000
v -1.590000 2.350000 0.700000
v -1.590000 1.180000 0.700000
vt -1.590000 1.700000
vt -1.590000 2.870000
vt -1.590000 3.050000
vt -1.590000 1.880000
vn 1.000000 0.000000 0.000000
vn 1.000000 0.000000 0.000000
vn 1.000000 0.000000 0.000000
vn 1.000000 0.000000 0.000000
f 1183/1183/1183 1184/1184/1184 1185/1185/1185
f 1183/1183/1183 1185/1185/1185 1186/1186/1186
v -1.690000 1.180000 0.520000
v -1.590000 1.180000 0.520000
v -1.590000 1.180000 0.700000
v -1.690000 1.180000 0.700000
vt -1.690000 1.700000
vt -1.590000 1.700000
vt -1.590000 1.880000
vt -1.690000 1.880000
vn 0.000000 -1.000000 0.000000
vn 0.000000 -1.000000 0.000000
vn 0.000000 -1.000000 0.000000
vn 0.000000 -1.000000 0.000000
f 1187/1187/1187 1188/1188/1188 1189/1189/1189
f 1187/1187/1187 1189/1189/1189 1190/1190/1190
v -1.590000 2.350000 0.700000
v -1.590000 2.350000 0.520000
v -1.690000 2.350000 0.520000
v -1.690000 2.350000 0.700000
vt -1.590000 3.050000
vt -1.590000 2.870000
vt -1.690000 2.870000
vt -1.690000 3.050000
vn 0.000000 1.000000 0.000000
vn 0.000000 1.000000 0.000000
vn 0.000000 1.000000 0.000000
vn 0.000000 1.000000 0.000000
f 1191/1191/1191 1192/1192/1192 1193/1193/1193
f 1191/1191/1191 1193/1193/1193 1194/1194/1194
v -1.690000 2.350000 0.700000
v -1.590000 2.350000 0.700000
v -1.597878 2.429987 0.700000
v -1.695957 2.410478 0.700000
vt -1.690000 3.050000
vt -1.590000 3.050000
vt -1.597878 3.129987
vt -1.695957 3.110478
vn 0.000000 0.000000 1.000000
vn 0.000000 0.000000 1.000000
vn 0.000000 0.000000 1.000000
vn 0.000000 0.000000 1.000000
f 1195/1195/1195 1196/1196/1196 1197/1197/1197
f 1195/1195/1195 1197/1197/1197 1198/1198/1198
v -1.695957 2.410478 0.520000
v -1.597878 2.429987 0.520000
v -1.590000 2.350000 0.520000
v -1.690000 2.350000 0.520000
vt -1.695957 2.930478
vt -1.597878 2.949987
vt -1.590000 2.870000
vt -1.690000 2.870000
vn 0.000000 0.000000 -1.000000
vn 0.000000 0.000000 -1.000000
vn 0.000000 0.000000 -1.000000
vn 0.000000 0.000000 -1.000000
f 1199/1199/1199 1200/1200/1200 1201/1201/1201
f 1199/1199/1199 1201/1201/1201 1202/1202/1202
v -1.690000 2.350000 0.520000
v -1.590000 2.350000 0.520000
v -1.590000 2.350000 0.700000
v -1.690000 2.350000 0.700000
vt -1.690000 2.870000
vt -1.590000 2.870000
vt -1.590000 3.050000
vt -1.690000 3.050000
vn 0.000000 -1.000000 0.000000
vn 0.000000 -1.000000 0.000000
vn 0.000000 -1.000000 0.000000
vn 0.000000 -1.000000 0.000000
f 1203/1203/1203 1204/1204/1204 1205/1205/1205
f 1203/1203/1203 1205/1205/1205 1206/1206/1206
v -1.590000 2.350000 0.520000
v -1.597878 2.429987 0.520000
v -1.597878 2.429987 0.700000
v -1.590000 2.350000 0.700000
vt -1.590000 2.870000
vt -1.597878 2.949987
vt -1.597878 3.129987
vt -1.590000 3.050000
vn 0.995185 0.098017 0.000000
vn 0.995185 0.098017 0.000000
vn 0.995185 0.098017 0.000000
vn 0.995185 0.098017 0.000000
f 1207/1207/1207 1208/1208/1208 1209/1209/1209
f 1207/1207/1207 1209/1209/1209 1210/1210/1210
v -1.597878 2.429987 0.520000
v -1.695957 2.410478 0.520000
v -1.695957 2.410478 0.700000
v -1.597878 2.429987 0.700000
vt -1.597878 2.949987
vt -1.695957 2.930478
vt -1.695957 3.110478
vt -1.597878 3.129987
vn -0.195090 0.980785 0.000000
vn -0.195090 0.980785 0.000000
vn -0.195090 0.980785 0.000000
vn -0.195090 0.980785 0.000000
f 1211/1211/1211 1212/1212/1212 1213/1213/1213
f 1211/1211/1211 1213/1213/1213 1214/1214/1214
v -1.695957 2.410478 0.520000
v -1.690000 2.350000 0.520000
v -1.690000 2.350000 0.700000
v -1.695957 2.410478 0.700000
vt -1.695957 2.930478
vt -1.690000 2.870000
vt -1.690000 3.050000
vt -1.695957 3.110478
vn -0.995185 -0.098017 0.000000
vn -0.995185 -0.098017 0.000000
vn -0.995185 -0.098017 0.000000
vn -0.995185 -0.098017 0.000000
f 1215/1215/1215 1216/1216/1216 1217/1217/1217
f 1215/1215/1215 1217/1217/1217 1218/1218/1218
v -1.695957 2.410478 0.700000
v -1.597878 2.429987 0.700000
v -1.621209 2.506900 0.700000
v -1.713597 2.468632 0.700000
vt -1.695957 3.110478
vt -1.597878 3.129987
vt -1.621209 3.206900
vt -1.713597 3.168632
vn 0.000000 0.000000 1.000000
vn 0.000000 0.000000 1.000000
vn 0.000000 0.000000 1.000000
vn 0.000000 0.000000 1.000000
f 1219/1219/1219 1220/1220/1220 1221/1221/1221
f 1219/1219/1219 1221/1221/1221 1222/1222/1222
v -1.713597 2.468632 0.520000
v -1.621209 2.506900 0.520000
v -1.597878 2.429987 0.520000
v -1.695957 2.410478 0.520000
vt -1.713597 2.988632
vt -1.621209 3.026900
vt -1.597878 2.949987
vt -1.695957 2.930478
vn 0.000000 0.000000 -1.000000
vn 0.000000 0.000000 -1.000000
vn 0.000000 0.000000 -1.000000
vn 0.000000 0.000000 -1.000000
f 1223/1223/1223 1224/1224/1224 1225/1225/1225
f 1223/1223/1223 1225/1225/1225 1226/1226/1226
v -1.695957 2.410478 0.520000
v -1.597878 2.429987 0.520000
v -1.597878 2.429987 0.700000
v -1.695957 2.410478 0.700000
vt -1.695957 2.930478
vt -1.597878 2.949987
vt -1.597878 3.129987
vt -1.695957 3.110478
vn 0.195090 -0.980785 0.000000
vn 0.195090 -0.980785 0.000000
vn 0.195090 -0.980785 0.000000
vn 0.195090 -0.980785 0.000000
f 1227/1227/1227 1228/1228/1228 1229/1229/1229
f 1227/1227/1227 1229/1229/1229 1230/1230/1230
v -1.597878 2.429987 0.520000
v -1.621209 2.506900 0.520000
v -1.621209 2.506900 0.700000
v -1.597878 2.429987 0.700000
vt -1.597878 2.949987
vt -1.621209 3.026900
vt -1.621209 3.206900
vt -1.597878 3.129987
vn 0.956940 0.290285 0.000000
vn 0.956940 0.290285 0.000000
vn 0.956940 0.290285 0.000000
vn 0.956940 0.290285 0.000000
f 1231/1231/1231 1232/1232/1232 1233/1233/1233
f 1231/1231/1231 1233/1233/1233 1234/1234/1234
v -1.621209 2.506900 0.520000
v -1.713597 2.468632 0.520000
v -1.713597 2.468632 0.700000
v -1.621209 2.506900 0.700000
vt -1.621209 3.026900
vt -1.713597 2.988632
vt -1.713597 3.168632
vt -1.621209 3.206900
vn -0.382683 0.923880 0.000000
vn -0.382683 0.923880 0.000000
vn -0.382683 0.923880 0.000000
vn -0.382683 0.923880 0.000000
f 1235/1235/1235 1236/1236/1236 1237/1237/1237
f 1235/1235/1235 1237/1237/1237 1238/1238/1238
v -1.713597 2.468632 0.520000
v -1.695957 2.410478 0.520000
v -1.695957 2.410478 0.700000
v -1.713597 2.468632 0.700000
vt -1.713597 2.988632
vt -1.695957 2.930478
vt -1.695957 3.110478
vt -1.713597 3.168632
vn -0.956940 -0.290285 0.000000
vn -0.956940 -0.290285 0.000000
vn -0.956940 -0.290285 0.000000
vn -0.956940 -0.290285 0.000000
f 1239/1239/1239 1240/1240/1240 1241/1241/1241
f 1239/1239/1239 1241/1241/1241 1242/1242/1242
v -1.713597 2.468632 0.700000
v -1.621209 2.506900 0.700000
v -1.659097 2.577784 0.700000
v -1.742244 2.522227 0.700000
vt -1.713597 3.168632
vt -1.621209 3.206900
vt -1.659097 3.277784
vt -1.742244 3.222227
vn 0.000000 0.000000 1.000000
vn 0.000000 0.000000 1.000000
vn 0.000000 0.000000 1.000000
vn 0.000000 0.000000 1.000000
f 1243/1243/1243 1244/1244/1244 1245/1245/1245
f 1243/1243/1243 1245/1245/1245 1246/1246/1246
v -1.742244 2.522227 0.520000
v -1.659097 2.577784 0.520000
v -1.621209 2.506900 0.520000
v -1.713597 2.468632 0.520000
vt -1.742244 3.042227
vt -1.659097 3.097784
vt -1.621209 3.026900
vt -1.713597 2.988632
vn 0.000000 0.000000 -1.000000
vn 0.000000 0.000000 -1.000000
vn 0.000000 0.000000 -1.000000
vn 0.000000 0.000000 -1.000000
f 1247/1247/1247 1248/1248/1248 1249/1249/1249
f 1247/1247/1247 1249/1249/1249 1250/1250/1250
v -1.713597 2.468632 0.520000
v -1.621209 2.506900 0.520000
v -1.621209 2.506900 0.700000
v -1.713597 2.468632 0.700000
vt -1.713597 2.988632
vt -1.621209 3.026900
vt -1.621209 3.206900
vt -1.713597 3.168632
vn 0.382683 -0.923880 0.000000
vn 0.382683 -0.923880 0.000000
vn 0.382683 -0.923880 0.000000
vn 0.382683 -0.923880 0.000000
f 1251/1251/1251 1252/1252/1252 1253/1253/1253
f 1251/1251/1251 1253/1253/1253 1254/1254/1254
v -1.621209 2.506900 0.520000
v -1.659097 2.577784 0.520000
v -1.659097 2.577784 0.700000
v -1.621209 2.506900 0.700000
vt -1.621209 3.026900
vt -1.659097 3.097784
vt -1.659097 3.277784
vt -1.621209 3.206900
vn 0.881921 0.471397 0.000000
vn 0.881921 0.471397 0.000000
vn 0.881921 0.471397 0.000000
vn 0.881921 0.471397 0.000000
f 1255/1255/1255 1256/1256/1256 1257/1257/1257
f 1255/1255/1255 1257/1257/1257 1258/1258/1258
v -1.659097 2.577784 0.520000
v -1.742244 2.522227 0.520000
v -1.742244 2.522227 0.700000
v -1.659097 2.577784 0.700000
vt -1.659097 3.097784
vt -1.742244 3.042227
vt -1.742244 3.222227
vt -1.659097 3.277784
vn -0.555570 0.831470 0.000000
vn -0.555570 0.831470 0.000000
vn -0.555570 0.831470 0.000000
vn -0.555570 0.831470 0.000000
f 1259/1259/1259 1260/1260/1260 1261/1261/1261
f 1259/1259/1259 1261/1261/1261 1262/1262/1262
v -1.742244 2.522227 0.520000
v -1.713597 2.468632 0.520000
v -1.713597 2.468632 0.700000
v -1.742244 2.522227 0.700000
vt -1.742244 3.042227
vt -1.713597 2.988632
vt -1.713597 3.168632
vt -1.742244 3.222227
vn -0.881921 -0.471397 0.000000
vn -0.881921 -0.471397 0.000000
vn -0.881921 -0.471397 0.000000
vn -0.881921 -0.471397 0.000000
f 1263/1263/1263 1264/1264/1264 1265/1265/1265
f 1263/1263/1263 1265/1265/1265 1266/1266/1266
v -1.742244 2.522227 0.700000
v -1.659097 2.577784 0.700000
v -1.710086 2.639914 0.700000
v -1.780797 2.569203 0.700000
vt -1.742244 3.222227
vt -1.659097 3.277784
vt -1.710086 3.339914
vt -1.780797 3.269203
vn 0.000000 0.000000 1.000000
vn 0.000000 0.000000 1.000000
vn 0.000000 0.000000 1.000000
vn 0.000000 0.000000 1.000000
f 1267/1267/1267 1268/1268/1268 1269/1269/1269
f 1267/1267/1267 1269/1269/1269 1270/1270/1270
v -1.780797 2.569203 0.520000
v -1.710086 2.639914 0.520000
v -1.659097 2.577784 0.520000
v -1.742244 2.522227 0.520000
vt -1.780797 3.089203
vt -1.710086 3.159914
vt -1.659097 3.097784
vt -1.742244 3.042227
vn 0.000000 0.000000 -1.000000
vn 0.000000 0.000000 -1.000000
vn 0.000000 0.000000 -1.000000
vn 0.000000 0.000000 -1.000000
f 1271/1271/1271 1272/1272/1272 1273/1273/1273
f 1271/1271/1271 1273/1273/1273 1274/1274/1274
v -1.742244 2.522227 0.520000
v -1.659097 2.577784 0.520000
v -1.659097 2.577784 0.700000
v -1.742244 2.522227 0.700000
vt -1.742244 3.042227
vt -1.659097 3.097784
vt -1.659097 3.277784
vt -1.742244 3.222227
vn 0.555570 -0.831470 0.000000
vn 0.555570 -0.831470 0.000000
vn 0.555570 -0.831470 0.000000
vn 0.555570 -0.831470 0.000000
f 1275/1275/1275 1276/1276/1276 1277/1277/1277
f 1275/1275/1275 1277/1277/1277 1278/1278/1278
v -1.659097 2.577784 0.520000
v -1.710086 2.639914 0.520000
v -1.710086 2.639914 0.700000
v -1.659097 2.577784 0.700000
vt -1.659097 3.097784
vt -1.710086 3.159914
vt -1.710086 3.339914
vt -1.659097 3.277784
vn 0.773010 0.634393 0.000000
vn 0.773010 0.634393 0.000000
vn 0.773010 0.634393 0.000000
vn 0.773010 0.634393 0.000000
f 1279/1279/1279 1280/1280/1280 1281/1281/1281
f 1279/1279/1279 1281/1281/1281 1282/1282/1282
v -1.710086 2.639914 0.520000
v -1.780797 2.569203 0.520000
v -1.780797 2.569203 0.700000
v -1.710086 2.639914 0.700000
vt -1.710086 3.159914
vt -1.780797 3.089203
vt -1.780797 3.269203
vt -1.710086 3.339914
vn -0.707107 0.707107 0.000000
vn -0.707107 0.707107 0.000000
vn -0.707107 0.707107 0.000000
vn -0.707107 0.707107 0.000000
f 1283/1283/1283 1284/1284/1284 1285/1285/1285
f 1283/1283/1283 1285/1285/1285 1286/1286/1286
v -1.780797 2.569203 0.520000
v -1.742244 2.522227 0.520000
v -1.742244 2.522227 0.700000
v -1.780797 2.569203 0.700000
vt -1.780797 3.089203
vt -1.742244 3.042227
vt -1.742244 3.222227
vt -1.780797 3.269203
vn -0.773010 -0.634393 0.000000
vn -0.773010 -0.634393 0.000000
vn -0.773010 -0.634393 0.000000
vn -0.773010 -0.634393 0.000000
f 1287/1287/1287 1288/1288/1288 1289/1289/1289
f 1287/1287/1287 1289/1289/1289 1290/1290/1290
v -1.780797 2.569203 0.700000
v -1.710086 2.639914 0.700000
v -1.772216 2.690903 0.700000
v -1.827773 2.607756 0.700000
vt -1.780797 3.269203
vt -1.710086 3.339914
vt -1.772216 3.390903
vt -1.827773 3.307756
vn 0.000000 0.000000 1.000000
vn 0.000000 0.000000 1.000000
vn 0.000000 0.000000 1.000000
vn 0.000000 0.000000 1.000000
f 1291/1291/1291 1292/1292/1292 1293/1293/1293
f 1291/1291/1291 1293/1293/1293 1294/1294/1294
v -1.827773 2.607756 0.520000
v -1.772216 2.690903 0.520000
v -1.710086 2.639914 0.520000
v -1.780797 2.569203 0.520000
vt -1.827773 3.127756
vt -1.772216 3.210903
vt -1.710086 3.159914
vt -1.780797 3.089203
vn 0.000000 0.000000 -1.000000
vn 0.000000 0.000000 -1.000000
vn 0.000000 0.000000 -1.000000
vn 0.000000 0.000000 -1.000000
f 1295/1295/1295 1296/1296/1296 1297/1297/1297
f 1295/1295/1295 1297/1297/1297 1298/1298/1298
v -1.780797 2.569203 0.520000
v -1.710086 2.639914 0.520000
v -1.710086 2.639914 0.700000
v -1.780797 2.569203 0.700000
vt -1.780797 3.089203
vt -1.710086 3.159914
vt -1.710086 3.339914
vt -1.780797 3.269203
vn 0.707107 -0.707107 0.000000
vn 0.707107 -0.707107 0.000000
vn 0.707107 -0.707107 0.000000
vn 0.707107 -0.707107 0.000000
f 1299/1299/1299 1300/1300/1300 1301/1301/1301
f 1299/1299/1299 1301/1301/1301 1302/1302/1302
v -1.710086 2.639914 0.520000
v -1.772216 2.690903 0.520000
v -1.772216 2.690903 0.700000
v -1.710086 2.639914 0.700000
vt -1.710086 3.159914
vt -1.772216 3.210903
vt -1.772216 3.390903
vt -1.710086 3.339914
vn 0.634393 0.773010 0.000000
vn 0.634393 0.773010 0.000000
vn 0.634393 0.773010 0.000000
vn 0.634393 0.773010 0.000000
f 1303/1303/1303 1304/1304/1304 1305/1305/1305
f 1303/1303/1303 1305/1305/1305 1306/1306/1306
v -1.772216 2.690903 0.520000
v -1.827773 2.607756 0.520000
v -1.827773 2.607756 0.700000
v -1.772216 2.690903 0.700000
vt -1.772216 3.210903
vt -1.827773 3.127756
vt -1.827773 3.307756
vt -1.772216 3.390903
vn -0.831470 0.555570 0.000000
vn -0.831470 0.555570 0.000000
vn -0.831470 0.555570 0.000000
vn -0.831470 0.555570 0.000000
f 1307/1307/1307 1308/1308/1308 1309/1309/1309
f 1307/1307/1307 1309/1309/1309 1310/1310/1310
v -1.827773 2.607756 0.520000
v -1.780797 2.569203 0.520000
v -1.780797 2.569203 0.700000
v -1.827773 2.607756 0.700000
vt -1.827773 3.127756
vt -1.780797 3.089203
vt -1.780797 3.269203
vt -1.827773 3.307756
vn -0.634393 -0.773010 0.000000
vn -0.634393 -0.773010 0.000000
vn -0.634393 -0.773010 0.000000
vn -0.634393 -0.773010 0.000000
f 1311/1311/1311 1312/1312/1312 1313/1313/1313
f 1311/1311/1311 1313/1313/1313 1314/1314/1314
v -1.827773 2.607756 0.700000
v -1.772216 2.690903 0.700000
v -1.843100 2.728791 0.700000
v -1.881368 2.636403 0.700000
vt -1.827773 3.307756
vt -1.772216 3.390903
vt -1.843100 3.428791
vt -1.881368 3.336403
vn 0.000000 -0.000000 1.000000
vn 0.000000 -0.000000 1.000000
vn 0.000000 -0.000000 1.000000
vn 0.000000 -0.000000 1.000000
f 1315/1315/1315 1316/1316/1316 1317/1317/1317
f 1315/1315/1315 1317/1317/1317 1318/1318/1318
v -1.881368 2.636403 0.520000
v -1.843100 2.728791 0.520000
v -1.772216 2.690903 0.520000
v -1.827773 2.607756 0.520000
vt -1.881368 3.156403
vt -1.843100 3.248791
vt -1.772216 3.210903
vt -1.827773 3.127756
vn 0.000000 0.000000 -1.000000
vn 0.000000 0.000000 -1.000000
vn 0.000000 0.000000 -1.000000
vn 0.000000 0.000000 -1.000000
f 1319/1319/1319 1320/1320/1320 1321/1321/1321
f 1319/1319/1319 1321/1321/1321 1322/1322/1322
v -1.827773 2.607756 0.520000
v -1.772216 2.690903 0.520000
v -1.772216 2.690903 0.700000
v -1.827773 2.607756 0.700000
vt -1.827773 3.127756
vt -1.772216 3.210903
vt -1.772216 3.390903
vt -1.827773 3.307756
vn 0.831470 -0.555570 0.000000
vn 0.831470 -0.555570 0.000000
vn 0.831470 -0.555570 0.000000
vn 0.831470 -0.555570 0.000000
f 1323/1323/1323 1324/1324/1324 1325/1325/1325
f 1323/1323/1323 1325/1325/1325 1326/1326/1326
v -1.772216 2.690903 0.520000
v -1.843100 2.728791 0.520000
v -1.843100 2.728791 0.700000
v -1.772216 2.690903 0.700000
vt -1.772216 3.210903
vt -1.843100 3.248791
vt -1.843100 3.428791
vt -1.772216 3.390903
vn 0.471397 0.881921 0.000000
vn 0.471397 0.881921 0.000000
vn 0.471397 0.881921 0.000000
vn 0.471397 0.881921 0.000000
f 1327/1327/1327 1328/1328/1328 1329/1329/1329
f 1327/1327/1327 1329/1329/1329 1330/1330/1330
v -1.843100 2.728791 0.520000
v -1.881368 2.636403 0.520000
v -1.881368 2.636403 0.700000
v -1.843100 2.728791 0.700000
vt -1.843100 3.248791
vt -1.881368 3.156403
vt -1.881368 3.336403
vt -1.843100 3.428791
vn -0.923880 0.382683 0.000000
vn -0.923880 0.382683 0.000000
vn -0.923880 0.382683 0.000000
vn -0.923880 0.382683 0.000000
f 1331/1331/1331 1332/1332/1332 1333/1333/1333
f 1331/1331/1331 1333/1333/1333 1334/1334/1334
v -1.881368 2.636403 0.520000
v -1.827773 2.607756 0.520000
v -1.827773 2.607756 0.700000
v -1.881368 2.636403 0.700000
vt -1.881368 3.156403
vt -1.827773 3.127756
vt -1.827773 3.307756
vt -1.881368 3.336403
vn -0.471397 -0.881921 0.000000
vn -0.471397 -0.881921 0.000000
vn -0.471397 -0.881921 0.000000
vn -0.471397 -0.881921 0.000000
f 1335/1335/1335 1336/1336/1336 1337/1337/1337
f 1335/1335/1335 1337/1337/1337 1338/1338/1338
v -1.881368 2.636403 0.700000
v -1.843100 2.728791 0.700000
v -1.920013 2.752122 0.700000
v -1.939522 2.654043 0.700000
vt -1.881368 3.336403
vt -1.843100 3.428791
vt -1.920013 3.452122
vt -1.939522 3.354043
vn 0.000000 -0.000000 1.000000
vn 0.000000 -0.000000 1.000000
vn 0.000000 -0.000000 1.000000
vn 0.000000 -0.000000 1.000000
f 1339/1339/1339 1340/1340/1340 1341/1341/1341
f 1339/1339/1339 1341/1341/1341 1342/1342/1342
v -1.939522 2.654043 0.520000
v -1.920013 2.752122 0.520000
v -1.843100 2.728791 0.520000
v -1.881368 2.636403 0.520000
vt -1.939522 3.174043
vt -1.920013 3.272122
vt -1.843100 3.248791
vt -1.881368 3.156403
vn 0.000000 0.000000 -1.000000
vn 0.000000 0.000000 -1.000000
vn 0.000000 0.000000 -1.000000
vn 0.000000 0.000000 -1.000000
f 1343/1343/1343 1344/1344/1344 1345/1345/1345
f 1343/1343/1343 1345/1345/1345 1346/1346/1346
v -1.881368 2.636403 0.520000
v -1.843100 2.728791 0.520000
v -1.843100 2.728791 0.700000
v -1.881368 2.636403 0.700000
vt -1.881368 3.156403
vt -1.843100 3.248791
vt -1.843100 3.428791
vt -1.881368 3.336403
vn 0.923880 -0.382683 0.000000
vn 0.923880 -0.382683 0.000000
vn 0.923880 -0.382683 0.000000
vn 0.923880 -0.382683 0.000000
f 1347/1347/1347 1348/1348/1348 1349/1349/1349
f 1347/1347/1347 1349/1349/1349 1350/1350/1350
v -1.843100 2.728791 0.520000
v -1.920013 2.752122 0.520000
v -1.920013 2.752122 0.700000
v -1.843100 2.728791 0.700000
vt -1.843100 3.248791
vt -1.920013 3.272122
vt -1.920013 3.452122
vt -1.843100 3.428791
vn 0.290285 0.956940 0.000000
vn 0.290285 0.956940 0.000000
vn 0.290285 0.956940 0.000000
vn 0.290285 0.956940 0.000000
f 1351/1351/1351 1352/1352/1352 1353/1353/1353
f 1351/1351/1351 1353/1353/1353 1354/1354/1354
v -1.920013 2.752122 0.520000
v -1.939522 2.654043 0.520000
v -1.939522 2.654043 0.700000
v -1.920013 2.752122 0.700000
vt -1.920013 3.272122
vt -1.939522 3.174043
vt -1.939522 3.354043
vt -1.920013 3.452122
vn -0.980785 0.195090 0.000000
vn -0.980785 0.195090 0.000000
vn -0.980785 0.195090 0.000000
vn -0.980785 0.195090 0.000000
f 1355/1355/1355 1356/1356/1356 1357/1357/1357
f 1355/1355/1355 1357/1357/1357 1358/1358/1358
v -1.939522 2.654043 0.520000
v -1.881368 2.636403 0.520000
v -1.881368 2.636403 0.700000
v -1.939522 2.654043 0.700000
vt -1.939522 3.174043
vt -1.881368 3.156403
vt -1.881368 3.336403
vt -1.939522 3.354043
vn -0.290285 -0.956940 0.000000
vn -0.290285 -0.956940 0.000000
vn -0.290285 -0.956940 0.000000
vn -0.290285 -0.956940 0.000000
f 1359/1359/1359 1360/1360/1360 1361/1361/1361
f 1359/1359/1359 1361/1361/1361 1362/1362/1362
v -1.939522 2.654043 0.700000
v -1.920013 2.752122 0.700000
v -2.000000 2.760000 0.700000
v -2.000000 2.660000 0.700000
vt -1.939522 3.354043
vt -1.920013 3.452122
vt -2.000000 3.460000
vt -2.000000 3.360000
vn 0.000000 -0.000000 1.000000
vn 0.000000 -0.000000 1.000000
vn 0.000000 -0.000000 1.000000
vn 0.000000 -0.000000 1.000000
f 1363/1363/1363 1364/1364/1364 1365/1365/1365
f 1363/1363/1363 1365/1365/1365 1366/1366/1366
v -2.000000 2.660000 0.520000
v -2.000000 2.760000 0.520000
v -1.920013 2.752122 0.520000
v -1.939522 2.654043 0.520000
vt -2.000000 3.180000
vt -2.000000 3.280000
vt -1.920013 3.272122
vt -1.939522 3.174043
vn 0.000000 0.000000 -1.000000
vn 0.000000 0.000000 -1.000000
vn 0.000000 0.000000 -1.000000
vn 0.000000 0.000000 -1.000000
f 1367/1367/1367 1368/1368/1368 1369/1369/1369
f 1367/1367/1367 1369/1369/1369 1370/1370/1370
v -1.939522 2.654043 0.520000
v -1.920013 2.752122 0.520000
v -1.920013 2.752122 0.700000
v -1.939522 2.654043 0.700000
vt -1.939522 3.174043
vt -1.920013 3.272122
vt -1.920013 3.452122
vt -1.939522 3.354043
vn 0.980785 -0.195090 0.000000
vn 0.980785 -0.195090 0.000000
vn 0.980785 -0.195090 0.000000
vn 0.980785 -0.195090 0.000000
f 1371/1371/1371 1372/1372/1372 1373/1373/1373
f 1371/1371/1371 1373/1373/1373 1374/1374/1374
v -1.920013 2.752122 0.520000
v -2.000000 2.760000 0.520000
v -2.000000 2.760000 0.700000
v -1.920013 2.752122 0.700000
vt -1.920013 3.272122
vt -2.000000 3.280000
vt -2.000000 3.460000
vt -1.920013 3.452122
vn 0.098017 0.995185 0.000000
vn 0.098017 0.995185 0.000000
vn 0.098017 0.995185 0.000000
vn 0.098017 0.995185 0.000000
f 1375/1375/1375 1376/1376/1376 1377/1377/1377
f 1375/1375/1375 1377/1377/1377 1378/1378/1378
v -2.000000 2.760000 0.520000
v -2.000000 2.660000 0.520000
v -2.000000 2.660000 0.700000
v -2.000000 2.760000 0.700000
vt -2.000000 3.280000
vt -2.000000 3.180000
vt -2.000000 3.360000
vt -2.000000 3.460000
vn -1.000000 0.000000 0.000000
vn -1.000000 0.000000 0.000000
vn -1.000000 0.000000 0.000000
vn -1.000000 0.000000 0.000000
f 1379/1379/1379 1380/1380/1380 1381/1381/1381
f 1379/1379/1379 1381/1381/1381 1382/1382/1382
v -2.000000 2.660000 0.520000
v -1.939522 2.654043 0.520000
v -1.939522 2.654043 0.700000
v -2.000000 2.660000 0.700000
vt -2.000000 3.180000
vt -1.939522 3.174043
vt -1.939522 3.354043
vt -2.000000 3.360000
vn -0.098017 -0.995185 0.000000
vn -0.098017 -0.995185 0.000000
vn -0.098017 -0.995185 0.000000
vn -0.098017 -0.995185 0.000000
f 1383/1383/1383 1384/1384/1384 1385/1385/1385
f 1383/1383/1383 1385/1385/1385 1386/1386/1386
v -2.000000 2.660000 0.700000
v -2.000000 2.760000 0.700000
v -2.079987 2.752122 0.700000
v -2.060478 2.654043 0.700000
vt -2.000000 3.360000
vt -2.000000 3.460000
vt -2.079987 3.452122
vt -2.060478 3.354043
vn 0.000000 -0.000000 1.000000
vn 0.000000 -0.000000 1.000000
vn 0.000000 -0.000000 1.000000
vn 0.000000 -0.000000 1.000000
f 1387/1387/1387 1388/1388/1388 1389/1389/1389
f 1387/1387/1387 1389/1389/1389 1390/1390/1390
v -2.060478 2.654043 0.520000
v -2.079987 2.752122 0.520000
v -2.000000 2.760000 0.520000
v -2.000000 2.660000 0.520000
vt -2.060478 3.174043
vt -2.079987 3.272122
vt -2.000000 3.280000
vt -2.000000 3.180000
vn 0.000000 0.000000 -1.000000
vn 0.000000 0.000000 -1.000000
vn 0.000000 0.000000 -1.000000
vn 0.000000 0.000000 -1.000000
f 1391/1391/1391 1392/1392/1392 1393/1393/1393
f 1391/1391/1391 1393/1393/1393 1394/1394/1394
v -2.000000 2.660000 0.520000
v -2.000000 2.760000 0.520000
v -2.000000 2.760000 0.700000
v -2.000000 2.660000 0.700000
vt -2.000000 3.180000
vt -2.000000 3.280000
vt -2.000000 3.460000
vt -2.000000 3.360000
vn 1.000000 0.000000 0.000000
vn 1.000000 0.000000 0.000000
vn 1.000000 0.000000 0.000000
vn 1.000000 0.000000 0.000000
f 1395/1395/1395 1396/1396/1396 1397/1397/1397
f 1395/1395/1395 1397/1397/1397 1398/1398/1398
v -2.000000 2.760000 0.520000
v -2.079987 2.752122 0.520000
v -2.079987 2.752122 0.700000
v -2.000000 2.760000 0.700000
vt -2.000000 3.280000
vt -2.079987 3.272122
vt -2.079987 3.452122
vt -2.000000 3.460000
vn -0.098017 0.995185 0.000000
vn -0.098017 0.995185 0.000000
vn -0.098017 0.995185 0.000000
vn -0.098017 0.995185 0.000000
f 1399/1399/1399 1400/1400/1400 1401/1401/1401
f 1399/1399/1399 1401/1401/1401 1402/1402/1402
v -2.079987 2.752122 0.520000
v -2.060478 2.654043 0.520000
v -2.060478 2.654043 0.700000
v -2.079987 2.752122 0.700000
vt -2.079987 3.272122
vt -2.060478 3.174043
vt -2.060478 3.354043
vt -2.079987 3.452122
vn -0.980785 -0.195090 0.000000
vn -0.980785 -0.195090 0.000000
vn -0.980785 -0.195090 0.000000
vn -0.980785 -0.195090 0.000000
f 1403/1403/1403 1404/1404/1404 1405/1405/1405
f 1403/1403/1403 1405/1405/1405 1406/1406/1406
v -2.060478 2.654043 0.520000
v -2.000000 2.660000 0.520000
v -2.000000 2.660000 0.700000
v -2.060478 2.654043 0.700000
vt -2.060478 3.174043
vt -2.000000 3.180000
vt -2.000000 3.360000
vt -2.060478 3.354043
vn 0.098017 -0.995185 0.000000
vn 0.098017 -0.995185 0.000000
vn 0.098017 -0.995185 0.000000
vn 0.098017 -0.995185 0.000000
f 1407/1407/1407 1408/1408/1408 1409/1409/1409
f 1407/1407/1407 1409/1409/1409 1410/1410/1410
v -2.060478 2.654043 0.700000
v -2.079987 2.752122 0.700000
v -2.156900 2.728791 0.700000
v -2.118632 2.636403 0.700000
vt -2.060478 3.354043
vt -2.079987 3.452122
vt -2.156900 3.428791
vt -2.118632 3.336403
vn 0.000000 0.000000 1.000000
vn 0.000000 0.000000 1.000000
vn 0.000000 0.000000 1.000000
vn 0.000000 0.000000 1.000000
f 1411/1411/1411 1412/1412/1412 1413/1413/1413
f 1411/1411/1411 1413/1413/1413 1414/1414/1414
v -2.118632 2.636403 0.520000
v -2.156900 2.728791 0.520000
v -2.079987 2.752122 0.520000
v -2.060478 2.654043 0.520000
vt -2.118632 3.156403
vt -2.156900 3.248791
vt -2.079987 3.272122
vt -2.060478 3.174043
vn 0.000000 0.000000 -1.000000
vn 0.000000 0.000000 -1.000000
vn 0.000000 0.000000 -1.000000
vn 0.000000 0.000000 -1.000000
f 1415/1415/1415 1416/1416/1416 1417/1417/1417
f 1415/1415/1415 1417/1417/1417 1418/1418/1418
v -2.060478 2.654043 0.520000
v -2.079987 2.752122 0.520000
v -2.079987 2.752122 0.700000
v -2.060478 2.654043 0.700000
vt -2.060478 3.174043
vt -2.079987 3.272122
vt -2.079987 3.452122
vt -2.060478 3.354043
vn 0.980785 0.195090 0.000000
vn 0.980785 0.195090 0.000000
vn 0.980785 0.195090 0.000000
vn 0.980785 0.195090 0.000000
f 1419/1419/1419 1420/1420/1420 1421/1421/1421
f 1419/1419/1419 1421/1421/1421 1422/1422/1422
v -2.079987 2.752122 0.520000
v -2.156900 2.728791 0.520000
v -2.156900 2.728791 0.700000
v -2.079987 2.752122 0.700000
vt -2.079987 3.272122
vt -2.156900 3.248791
vt -2.156900 3.428791
vt -2.079987 3.452122
vn -0.290285 0.956940 0.000000
vn -0.290285 0.956940 0.000000
vn -0.290285 0.956940 0.000000
vn -0.290285 0.956940 0.000000
f 1423/1423/1423 1424/1424/1424 1425/1425/1425
f 1423/1423/1423 1425/1425/1425 1426/1426/1426
v -2.156900 2.728791 0.520000
v -2.118632 2.636403 0.520000
v -2.118632 2.636403 0.700000
v -2.156900 2.728791 0.700000
vt -2.156900 3.248791
vt -2.118632 3.156403
vt -2.118632 3.336403
vt -2.156900 3.428791
vn -0.923880 -0.382683 0.000000
vn -0.923880 -0.382683 0.000000
vn -0.923880 -0.382683 0.000000
vn -0.923880 -0.382683 0.000000
f 1427/1427/1427 1428/1428/1428 1429/1429/1429
f 1427/1427/1427 1429/1429/1429 1430/1430/1430
v -2.118632 2.636403 0.520000
v -2.060478 2.654043 0.520000
v -2.060478 2.654043 0.700000
v -2.118632 2.636403 0.700000
vt -2.118632 3.156403
vt -2.060478 3.174043
vt -2.060478 3.354043
vt -2.118632 3.336403
vn 0.290285 -0.956940 0.000000
vn 0.290285 -0.956940 0.000000
vn 0.290285 -0.956940 0.000000
vn 0.290285 -0.956940 0.000000
f 1431/1431/1431 1432/1432/1432 1433/1433/1433
f 1431/1431/1431 1433/1433/1433 1434/1434/1434
v -2.118632 2.636403 0.700000
v -2.156900 2.728791 0.700000
v -2.227784 2.690903 0.700000
v -2.172227 2.607756 0.700000
vt -2.118632 3.336403
vt -2.156900 3.428791
vt -2.227784 3.390903
vt -2.172227 3.307756
vn 0.000000 0.000000 1.000000
vn 0.000000 0.000000 1.000000
vn 0.000000 0.000000 1.000000
vn 0.000000 0.000000 1.000000
f 1435/1435/1435 1436/1436/1436 1437/1437/1437
f 1435/1435/1435 1437/1437/1437 1438/1438/1438
v -2.172227 2.607756 0.520000
v -2.227784 2.690903 0.520000
v -2.156900 2.728791 0.520000
v -2.118632 2.636403 0.520000
vt -2.172227 3.127756
vt -2.227784 3.210903
vt -2.156900 3.248791
vt -2.118632 3.156403
vn 0.000000 0.000000 -1.000000
vn 0.000000 0.000000 -1.000000
vn 0.000000 0.000000 -1.000000
vn 0.000000 0.000000 -1.000000
f 1439/1439/1439 1440/1440/1440 1441/1441/1441
f 1439/1439/1439 1441/1441/1441 1442/1442/1442
v -2.118632 2.636403 0.520000
v -2.156900 2.728791 0.520000
v -2.156900 2.728791 0.700000
v -2.118632 2.636403 0.700000
vt -2.118632 3.156403
vt -2.156900 3.248791
vt -2.156900 3.428791
vt -2.118632 3.336403
vn 0.923880 0.382683 0.000000
vn 0.923880 0.382683 0.000000
vn 0.923880 0.382683 0.000000
vn 0.923880 0.382683 0.000000
f 1443/1443/1443 1444/1444/1444 1445/1445/1445
f 1443/1443/1443 1445/1445/1445 1446/1446/1446
v -2.156900 2.728791 0.520000
v -2.227784 2.690903 0.520000
v -2.227784 2.690903 0.700000
v -2.156900 2.728791 0.700000
vt -2.156900 3.248791
vt -2.227784 3.210903
vt -2.227784 3.390903
vt -2.156900 3.428791
vn -0.471397 0.881921 0.000000
vn -0.471397 0.881921 0.000000
vn -0.471397 0.881921 0.000000
vn -0.471397 0.881921 0.000000
f 1447/1447/1447 1448/1448/1448 1449/1449/1449
f 1447/1447/1447 1449/1449/1449 1450/1450/1450
v -2.227784 2.690903 0.520000
v -2.172227 2.607756 0.520000
v -2.172227 2.607756 0.700000
v -2.227784 2.690903 0.700000
vt -2.227784 3.210903
vt -2.172227 3.127756
vt -2.172227 3.307756
vt -2.227784 3.390903
vn -0.831470 -0.555570 0.000000
vn -0.831470 -0.555570 0.000000
vn -0.831470 -0.555570 0.000000
vn -0.831470 -0.555570 0.000000
f 1451/1451/1451 1452/1452/1452 1453/1453/1453
f 1451/1451/1451 1453/1453/1453 1454/1454/1454
v -2.172227 2.607756 0.520000
v -2.118632 2.636403 0.520000
v -2.118632 2.636403 0.700000
v -2.172227 2.607756 0.700000
vt -2.172227 3.127756
vt -2.118632 3.156403
vt -2.118632 3.336403
vt -2.172227 3.307756
vn 0.471397 -0.881921 0.000000
vn 0.471397 -0.881921 0.000000
vn 0.471397 -0.881921 0.000000
vn 0.471397 -0.881921 0.000000
f 1455/1455/1455 1456/1456/1456 1457/1457/1457
f 1455/1455/1455 1457/1457/1457 1458/1458/1458
v -2.172227 2.607756 0.700000
v -2.227784 2.690903 0.700000
v -2.289914 2.639914 0.700000
v -2.219203 2.569203 0.700000
vt -2.172227 3.307756
vt -2.227784 3.390903
vt -2.289914 3.339914
vt -2.219203 3.269203
vn 0.000000 0.000000 1.000000
vn 0.000000 0.000000 1.000000
vn 0.000000 0.000000 1.000000
vn 0.000000 0.000000 1.000000
f 1459/1459/1459 1460/1460/1460 1461/1461/1461
f 1459/1459/1459 1461/1461/1461 1462/1462/1462
v -2.219203 2.569203 0.520000
v -2.289914 2.639914 0.520000
v -2.227784 2.690903 0.520000
v -2.172227 2.607756 0.520000
vt -2.219203 3.089203
vt -2.289914 3.159914
vt -2.227784 3.210903
vt -2.172227 3.127756
vn 0.000000 0.000000 -1.000000
vn 0.000000 0.000000 -1.000000
vn 0.000000 0.000000 -1.000000
vn 0.000000 0.000000 -1.000000
f 1463/1463/1463 1464/1464/1464 1465/1465/1465
f 1463/1463/1463 1465/1465/1465 1466/1466/1466
v -2.172227 2.607756 0.520000
v -2.227784 2.690903 0.520000
v -2.227784 2.690903 0.700000
v -2.172227 2.607756 0.700000
vt -2.172227 3.127756
vt -2.227784 3.210903
vt -2.227784 3.390903
vt -2.172227 3.307756
vn 0.831470 0.555570 0.000000
vn 0.831470 0.555570 0.000000
vn 0.831470 0.555570 0.000000
vn 0.831470 0.555570 0.000000
f 1467/1467/1467 1468/1468/1468 1469/1469/1469
f 1467/1467/1467 1469/1469/1469 1470/1470/1470
v -2.227784 2.690903 0.520000
v -2.289914 2.639914 0.520000
v -2.289914 2.639914 0.700000
v -2.227784 2.690903 0.700000
vt -2.227784 3.210903
vt -2.289914 3.159914
vt -2.289914 3.339914
vt -2.227784 3.390903
vn -0.634393 0.773010 0.000000
vn -0.634393 0.773010 0.000000
vn -0.634393 0.773010 0.000000
vn -0.634393 0.773010 0.000000
f 1471/1471/1471 1472/1472/1472 1473/1473/1473
f 1471/1471/1471 1473/1473/1473 1474/1474/1474
v -2.289914 2.639914 0.520000
v -2.219203 2.569203 0.520000
v -2.219203 2.569203 0.700000
v -2.289914 2.639914 0.700000
vt -2.289914 3.159914
vt -2.219203 3.089203
vt -2.219203 3.269203
vt -2.289914 3.339914
vn -0.707107 -0.707107 0.000000
vn -0.707107 -0.707107 0.000000
vn -0.707107 -0.707107 0.000000
vn -0.707107 -0.707107 0.000000
f 1475/1475/1475 1476/1476/1476 1477/1477/1477
f 1475/1475/1475 1477/1477/1477 1478/1478/1478
v -2.219203 2.569203 0.520000
v -2.172227 2.607756 0.520000
v -2.172227 2.607756 0.700000
v -2.219203 2.569203 0.700000
vt -2.219203 3.089203
vt -2.172227 3.127756
vt -2.172227 3.307756
vt -2.219203 3.269203
vn 0.634393 -0.773010 0.000000
vn 0.634393 -0.773010 0.000000
vn 0.634393 -0.773010 0.000000
vn 0.634393 -0.773010 0.000000
f 1479/1479/1479 1480/1480/1480 1481/1481/1481
f 1479/1479/1479 1481/1481/1481 1482/1482/1482
v -2.219203 2.569203 0.700000
v -2.289914 2.639914 0.700000
v -2.340903 2.577784 0.700000
v -2.257756 2.522227 0.700000
vt -2.219203 3.269203
vt -2.289914 3.339914
vt -2.340903 3.277784
vt -2.257756 3.222227
vn 0.000000 0.000000 1.000000
vn 0.000000 0.000000 1.000000
vn 0.000000 0.000000 1.000000
vn 0.000000 0.000000 1.000000
f 1483/1483/1483 1484/1484/1484 1485/1485/1485
f 1483/1483/1483 1485/1485/1485 1486/1486/1486
v -2.257756 2.522227 0.520000
v -2.340903 2.577784 0.520000
v -2.289914 2.639914 0.520000
v -2.219203 2.569203 0.520000
vt -2.257756 3.042227
vt -2.340903 3.097784
vt -2.289914 3.159914
vt -2.219203 3.089203
vn 0.000000 0.000000 -1.000000
vn 0.000000 0.000000 -1.000000
vn 0.000000 0.000000 -1.000000
vn 0.000000 0.000000 -1.000000
f 1487/1487/1487 1488/1488/1488 1489/1489/1489
f 1487/1487/1487 1489/1489/1489 1490/1490/1490
v -2.219203 2.569203 0.520000
v -2.289914 2.639914 0.520000
v -2.289914 2.639914 0.700000
v -2.219203 2.569203 0.700000
vt -2.219203 3.089203
vt -2.289914 3.159914
vt -2.289914 3.339914
vt -2.219203 3.269203
vn 0.707107 0.707107 0.000000
vn 0.707107 0.707107 0.000000
vn 0.707107 0.707107 0.000000
vn 0.707107 0.707107 0.000000
f 1491/1491/1491 1492/1492/1492 1493/1493/1493
f 1491/1491/1491 1493/1493/1493 1494/1494/1494
v -2.289914 2.639914 0.520000
v -2.340903 2.577784 0.520000
v -2.340903 2.577784 0.700000
v -2.289914 2.639914 0.700000
vt -2.289914 3.159914
vt -2.340903 3.097784
vt -2.340903 3.277784
vt -2.289914 3.339914
vn -0.773010 0.634393 0.000000
vn -0.773010 0.634393 0.000000
vn -0.773010 0.634393 0.000000
vn -0.773010 0.634393 0.000000
f 1495/1495/1495 1496/1496/1496 1497/1497/1497
f 1495/1495/1495 1497/1497/1497 1498/1498/1498
v -2.340903 2.577784 0.520000
v -2.257756 2.522227 0.520000
v -2.257756 2.522227 0.700000
v -2.340903 2.577784 0.700000
vt -2.340903 3.097784
vt -2.257756 3.042227
vt -2.257756 3.222227
vt -2.340903 3.277784
vn -0.555570 -0.831470 0.000000
vn -0.555570 -0.831470 0.000000
vn -0.555570 -0.831470 0.000000
vn -0.555570 -0.831470 0.000000
f 1499/1499/1499 1500/1500/1500 1501/1501/1501
f 1499/1499/1499 1501/1501/1501 1502/1502/1502
v -2.257756 2.522227 0.520000
v -2.219203 2.569203 0.520000
v -2.219203 2.569203 0.700000
v -2.257756 2.522227 0.700000
vt -2.257756 3.042227
vt -2.219203 3.089203
vt -2.219203 3.269203
vt -2.257756 3.222227
vn 0.773010 -0.634393 0.000000
vn 0.773010 -0.634393 0.000000
vn 0.773010 -0.634393 0.000000
vn 0.773010 -0.634393 0.000000
f 1503/1503/1503 1504/1504/1504 1505/1505/1505
f 1503/1503/1503 1505/1505/1505 1506/1506/1506
v -2.257756 2.522227 0.700000
v -2.340903 2.577784 0.700000
v -2.378791 2.506900 0.700000
v -2.286403 2.468632 0.700000
vt -2.257756 3.222227
vt -2.340903 3.277784
vt -2.378791 3.206900
vt -2.286403 3.168632
vn 0.000000 0.000000 1.000000
vn 0.000000 0.000000 1.000000
vn 0.000000 0.000000 1.000000
vn 0.000000 0.000000 1.000000
f 1507/1507/1507 1508/1508/1508 1509/1509/1509
f 1507/1507/1507 1509/1509/1509 1510/1510/1510
v -2.286403 2.468632 0.520000
v -2.378791 2.506900 0.520000
v -2.340903 2.577784 0.520000
v -2.257756 2.522227 0.520000
vt -2.286403 2.988632
vt -2.378791 3.026900
vt -2.340903 3.097784
vt -2.257756 3.042227
vn 0.000000 0.000000 -1.000000
vn 0.000000 0.000000 -1.000000
vn 0.000000 0.000000 -1.000000
vn 0.000000 0.000000 -1.000000
f 1511/1511/1511 1512/1512/1512 1513/1513/1513
f 1511/1511/1511 1513/1513/1513 1514/1514/1514
v -2.257756 2.522227 0.520000
v -2.340903 2.577784 0.520000
v -2.340903 2.577784 0.700000
v -2.257756 2.522227 0.700000
vt -2.257756 3.042227
vt -2.340903 3.097784
vt -2.340903 3.277784
vt -2.257756 3.222227
vn 0.555570 0.831470 0.000000
vn 0.555570 0.831470 0.000000
vn 0.555570 0.831470 0.000000
vn 0.555570 0.831470 0.000000
f 1515/1515/1515 1516/1516/1516 1517/1517/1517
f 1515/1515/1515 1517/1517/1517 1518/1518/1518
v -2.340903 2.577784 0.520000
v -2.378791 2.506900 0.520000
v -2.378791 2.506900 0.700000
v -2.340903 2.577784 0.700000
vt -2.340903 3.097784
vt -2.378791 3.026900
vt -2.378791 3.206900
vt -2.340903 3.277784
vn -0.881921 0.471397 0.000000
vn -0.881921 0.471397 0.000000
vn -0.881921 0.471397 0.000000
vn -0.881921 0.471397 0.000000
f 1519/1519/1519 1520/1520/1520 1521/1521/1521
f 1519/1519/1519 1521/1521/1521 1522/1522/1522
v -2.378791 2.506900 0.520000
v -2.286403 2.468632 0.520000
v -2.286403 2.468632 0.700000
v -2.378791 2.506900 0.700000
vt -2.378791 3.026900
vt -2.286403 2.988632
vt -2.286403 3.168632
vt -2.378791 3.206900
vn -0.382683 -0.923880 0.000000
vn -0.382683 -0.923880 0.000000
vn -0.382683 -0.923880 0.000000
vn -0.382683 -0.923880 0.000000
f 1523/1523/1523 1524/1524/1524 1525/1525/1525
f 1523/1523/1523 1525/1525/1525 1526/1526/1526
v -2.286403 2.468632 0.520000
v -2.257756 2.522227 0.520000
v -2.257756 2.522227 0.700000
v -2.286403 2.468632 0.700000
vt -2.286403 2.988632
vt -2.257756 3.042227
vt -2.257756 3.222227
vt -2.286403 3.168632
vn 0.881921 -0.471397 0.000000
vn 0.881921 -0.471397 0.000000
vn 0.881921 -0.471397 0.000000
vn 0.881921 -0.471397 0.000000
f 1527/1527/1527 1528/1528/1528 1529/1529/1529
f 1527/1527/1527 1529/1529/1529 1530/1530/1530
v -2.286403 2.468632 0.700000
v -2.378791 2.506900 0.700000
v -2.402122 2.429987 0.700000
v -2.304043 2.410478 0.700000
vt -2.286403 3.168632
vt -2.378791 3.206900
vt -2.402122 3.129987
vt -2.304043 3.110478
vn 0.000000 0.000000 1.000000
vn 0.000000 0.000000 1.000000
vn 0.000000 0.000000 1.000000
vn 0.000000 0.000000 1.000000
f 1531/1531/1531 1532/1532/1532 1533/1533/1533
f 1531/1531/1531 1533/1533/1533 1534/1534/1534
v -2.304043 2.410478 0.520000
v -2.402122 2.429987 0.520000
v -2.378791 2.506900 0.520000
v -2.286403 2.468632 0.520000
vt -2.304043 2.930478
vt -2.402122 2.949987
vt -2.378791 3.026900
vt -2.286403 2.988632
vn 0.000000 0.000000 -1.000000
vn 0.000000 0.000000 -1.000000
vn 0.000000 0.000000 -1.000000
vn 0.000000 0.000000 -1.000000
f 1535/1535/1535 1536/1536/1536 1537/1537/1537
f 1535/1535/1535 1537/1537/1537 1538/1538/1538
v -2.286403 2.468632 0.520000
v -2.378791 2.506900 0.520000
v -2.378791 2.506900 0.700000
v -2.286403 2.468632 0.700000
vt -2.286403 2.988632
vt -2.378791 3.026900
vt -2.378791 3.206900
vt -2.286403 3.168632
vn 0.382683 0.923880 0.000000
vn 0.382683 0.923880 0.000000
vn 0.382683 0.923880 0.000000
vn 0.382683 0.923880 0.000000
f 1539/1539/1539 1540/1540/1540 1541/1541/1541
f 1539/1539/1539 1541/1541/1541 1542/1542/1542
v -2.378791 2.506900 0.520000
v -2.402122 2.429987 0.520000
v -2.402122 2.429987 0.700000
v -2.378791 2.506900 0.700000
vt -2.378791 3.026900
vt -2.402122 2.949987
vt -2.402122 3.129987
vt -2.378791 3.206900
vn -0.956940 0.290285 0.000000
vn -0.956940 0.290285 0.000000
vn -0.956940 0.290285 0.000000
vn -0.956940 0.290285 0.000000
f 1543/1543/1543 1544/1544/1544 1545/1545/1545
f 1543/1543/1543 1545/1545/1545 1546/1546/1546
v -2.402122 2.429987 0.520000
v -2.304043 2.410478 0.520000
v -2.304043 2.410478 0.700000
v -2.402122 2.429987 0.700000
vt -2.402122 2.949987
vt -2.304043 2.930478
vt -2.304043 3.110478
vt -2.402122 3.129987
vn -0.195090 -0.980785 0.000000
vn -0.195090 -0.980785 0.000000
vn -0.195090 -0.980785 0.000000
vn -0.195090 -0.980785 0.000000
f 1547/1547/1547 1548/1548/1548 1549/1549/1549
f 1547/1547/1547 1549/1549/1549 1550/1550/1550
v -2.304043 2.410478 0.520000
v -2.286403 2.468632 0.520000
v -2.286403 2.468632 0.700000
v -2.304043 2.410478 0.700000
vt -2.304043 2.930478
vt -2.286403 2.988632
vt -2.286403 3.168632
vt -2.304043 3.110478
vn 0.956940 -0.290285 0.000000
vn 0.956940 -0.290285 0.000000
vn 0.956940 -0.290285 0.000000
vn 0.956940 -0.290285 0.000000
f 1551/1551/1551 1552/1552/1552 1553/1553/1553
f 1551/1551/1551 1553/1553/1553 1554/1554/1554
v -2.304043 2.410478 0.700000
v -2.402122 2.429987 0.700000
v -2.410000 2.350000 0.700000
v -2.310000 2.350000 0.700000
vt -2.304043 3.110478
vt -2.402122 3.129987
vt -2.410000 3.050000
vt -2.310000 3.050000
vn 0.000000 0.000000 1.000000
vn 0.000000 0.000000 1.000000
vn 0.000000 0.000000 1.000000
vn 0.000000 0.000000 1.000000
f 1555/1555/1555 1556/1556/1556 1557/1557/1557
f 1555/1555/1555 1557/1557/1557 1558/1558/1558
v -2.310000 2.350000 0.520000
v -2.410000 2.350000 0.520000
v -2.402122 2.429987 0.520000
v -2.304043 2.410478 0.520000
vt -2.310000 2.870000
vt -2.410000 2.870000
vt -2.402122 2.949987
vt -2.304043 2.930478
vn 0.000000 0.000000 -1.000000
vn 0.000000 0.000000 -1.000000
vn 0.000000 0.000000 -1.000000
vn 0.000000 0.000000 -1.000000
f 1559/1559/1559 1560/1560/1560 1561/1561/1561
f 1559/1559/1559 1561/1561/1561 1562/1562/1562
v -2.304043 2.410478 0.520000
v -2.402122 2.429987 0.520000
v -2.402122 2.429987 0.700000
v -2.304043 2.410478 0.700000
vt -2.304043 2.930478
vt -2.402122 2.949987
vt -2.402122 3.129987
vt -2.304043 3.110478
vn 0.195090 0.980785 0.000000
vn 0.195090 0.980785 0.000000
vn 0.195090 0.980785 0.000000
vn 0.195090 0.980785 0.000000
f 1563/1563/1563 1564/1564/1564 1565/1565/1565
f 1563/1563/1563 1565/1565/1565 1566/1566/1566
v -2.402122 2.429987 0.520000
v -2.410000 2.350000 0.520000
v -2.410000 2.350000 0.700000
v -2.402122 2.429987 0.700000
vt -2.402122 2.949987
vt -2.410000 2.870000
vt -2.410000 3.050000
vt -2.402122 3.129987
vn -0.995185 0.098017 0.000000
vn -0.995185 0.098017 0.000000
vn -0.995185 0.098017 0.000000
vn -0.995185 0.098017 0.000000
f 1567/1567/1567 1568/1568/1568 1569/1569/1569
f 1567/1567/1567 1569/1569/1569 1570/1570/1570
v -2.410000 2.350000 0.520000
v -2.310000 2.350000 0.520000
v -2.310000 2.350000 0.700000
v -2.410000 2.350000 0.700000
vt -2.410000 2.870000
vt -2.310000 2.870000
vt -2.310000 3.050000
vt -2.410000 3.050000
vn 0.000000 -1.000000 0.000000
vn 0.000000 -1.000000 0.000000
vn 0.000000 -1.000000 0.000000
vn 0.000000 -1.000000 0.000000
f 1571/1571/1571 1572/1572/1572 1573/1573/1573
f 1571/1571/1571 1573/1573/1573 1574/1574/1574
v -2.310000 2.350000 0.520000
v -2.304043 2.410478 0.520000
v -2.304043 2.410478 0.700000
v -2.310000 2.350000 0.700000
vt -2.310000 2.870000
vt -2.304043 2.930478
vt -2.304043 3.110478
vt -2.310000 3.050000
vn 0.995185 -0.098017 0.000000
vn 0.995185 -0.098017 0.000000
vn 0.995185 -0.098017 0.000000
vn 0.995185 -0.098017 0.000000
f 1575/1575/1575 1576/1576/1576 1577/1577/1577
f 1575/1575/1575 1577/1577/1577 1578/1578/1578
v -1.540000 1.080000 0.920000
v -1.540000 1.200000 0.920000
v -2.460000 1.200000 0.920000
v -2.460000 1.080000 0.920000
vt -1.540000 2.000000
vt -1.540000 2.120000
vt -2.460000 2.120000
vt -2.460000 2.000000
vn 0.000000 -0.000000 1.000000
vn 0.000000 -0.000000 1.000000
vn 0.000000 -0.000000 1.000000
vn 0.000000 -0.000000 1.000000
f 1579/1579/1579 1580/1580/1580 1581/1581/1581
f 1579/1579/1579 1581/1581/1581 1582/1582/1582
v -2.460000 1.200000 0.540000
v -1.540000 1.200000 0.540000
v -1.540000 1.080000 0.540000
v -2.460000 1.080000 0.540000
vt -2.460000 1.740000
vt -1.540000 1.740000
vt -1.540000 1.620000
vt -2.460000 1.620000
vn 0.000000 0.000000 -1.000000
vn 0.000000 0.000000 -1.000000
vn 0.000000 0.000000 -1.000000
vn 0.000000 0.000000 -1.000000
f 1583/1583/1583 1584/1584/1584 1585/1585/1585
f 1583/1583/1583 1585/1585/1585 1586/1586/1586
v -2.460000 1.200000 0.920000
v -2.460000 1.200000 0.540000
v -2.460000 1.080000 0.540000
v -2.460000 1.080000 0.920000
vt -2.460000 2.120000
vt -2.460000 1.740000
vt -2.460000 1.620000
vt -2.460000 2.000000
vn -1.000000 0.000000 -0.000000
vn -1.000000 0.000000 -0.000000
vn -1.000000 0.000000 -0.000000
vn -1.000000 0.000000 -0.000000
f 1587/1587/1587 1588/1588/1588 1589/1589/1589
f 1587/1587/1587 1589/1589/1589 1590/1590/1590
v -1.540000 1.080000 0.540000
v -1.540000 1.200000 0.540000
v -1.540000 1.200000 0.920000
v -1.540000 1.080000 0.920000
vt -1.540000 1.620000
vt -1.540000 1.740000
vt -1.540000 2.120000
vt -1.540000 2.000000
vn 1.000000 0.000000 0.000000
vn 1.000000 0.000000 0.000000
vn 1.000000 0.000000 0.000000
vn 1.000000 0.000000 0.000000
f 1591/1591/1591 1592/1592/1592 1593/1593/1593
f 1591/1591/1591 1593/1593/1593 1594/1594/1594
v -2.460000 1.080000 0.540000
v -1.540000 1.080000 0.540000
v -1.540000 1.080000 0.920000
v -2.460000 1.080000 0.920000
vt -2.460000 1.620000
vt -1.540000 1.620000
vt -1.540000 2.000000
vt -2.460000 2.000000
vn 0.000000 -1.000000 0.000000
vn 0.000000 -1.000000 0.000000
vn 0.000000 -1.000000 0.000000
vn 0.000000 -1.000000 0.000000
f 1595/1595/1595 1596/1596/1596 1597/1597/1597
f 1595/1595/1595 1597/1597/1597 1598/1598/1598
v -1.540000 1.200000 0.920000
v -1.540000 1.200000 0.540000
v -2.460000 1.200000 0.540000
v -2.460000 1.200000 0.920000
vt -1.540000 2.120000
vt -1.540000 1.740000
vt -2.460000 1.740000
vt -2.460000 2.120000
vn 0.000000 1.000000 0.000000
vn 0.000000 1.000000 0.000000
vn 0.000000 1.000000 0.000000
vn 0.000000 1.000000 0.000000
f 1599/1599/1599 1600/1600/1600 1601/1601/1601
f 1599/1599/1599 1601/1601/1601 1602/1602/1602
v 1.690000 1.180000 0.700000
v 1.690000 2.350000 0.700000
v 1.590000 2.350000 0.700000
v 1.590000 1.180000 0.700000
vt 1.690000 1.880000
vt 1.690000 3.050000
vt 1.590000 3.050000
vt 1.590000 1.880000
vn 0.000000 -0.000000 1.000000
vn 0.000000 -0.000000 1.000000
vn 0.000000 -0.000000 1.000000
vn 0.000000 -0.000000 1.000000
f 1603/1603/1603 1604/1604/1604 1605/1605/1605
f 1603/1603/1603 1605/1605/1605 1606/1606/1606
v 1.590000 2.350000 0.520000
v 1.690000 2.350000 0.520000
v 1.690000 1.180000 0.520000
v 1.590000 1.180000 0.520000
vt 1.590000 2.870000
vt 1.690000 2.870000
vt 1.690000 1.700000
vt 1.590000 1.700000
vn 0.000000 0.000000 -1.000000
vn 0.000000 0.000000 -1.000000
vn 0.000000 0.000000 -1.000000
vn 0.000000 0.000000 -1.000000
f 1607/1607/1607 1608/1608/1608 1609/1609/1609
f 1607/1607/1607 1609/1609/1609 1610/1610/1610
v 1.590000 2.350000 0.700000
v 1.590000 2.350000 0.520000
v 1.590000 1.180000 0.520000
v 1.590000 1.180000 0.700000
vt 1.590000 3.050000
vt 1.590000 2.870000
vt 1.590000 1.700000
vt 1.590000 1.880000
vn -1.000000 0.000000 -0.000000
vn -1.000000 0.000000 -0.000000
vn -1.000000 0.000000 -0.000000
vn -1.000000 0.000000 -0.000000
f 1611/1611/1611 1612/1612/1612 1613/1613/1613
f 1611/1611/1611 1613/1613/1613 1614/1614/1614
v 1.690000 1.180000 0.520000
v 1.690000 2.350000 0.520000
v 1.690000 2.350000 0.700000
v 1.690000 1.180000 0.700000
vt 1.690000 1.700000
vt 1.690000 2.870000
vt 1.690000 3.050000
vt 1.690000 1.880000
vn 1.000000 0.000000 0.000000
vn 1.000000 0.000000 0.000000
vn 1.000000 0.000000 0.000000
vn 1.000000 0.000000 0.000000
f 1615/1615/1615 1616/1616/1616 1617/1617/1617
f 1615/1615/1615 1617/1617/1617 1618/1618/1618
v 1.590000 1.180000 0.520000
v 1.690000 1.180000 0.520000
v 1.690000 1.180000 0.700000
v 1.590000 1.180000 0.700000
vt 1.590000 1.700000
vt 1.690000 1.700000
vt 1.690000 1.880000
vt 1.590000 1.880000
vn 0.000000 -1.000000 0.000000
vn 0.000000 -1.000000 0.000000
vn 0.000000 -1.000000 0.000000
vn 0.000000 -1.000000 0.000000
f 1619/1619/1619 1620/1620/1620 1621/1621/1621
f 1619/1619/1619 1621/1621/1621 1622/1622/1622
v 1.690000 2.350000 0.700000
v 1.690000 2.350000 0.520000
v 1.590000 2.350000 0.520000
v 1.590000 2.350000 0.700000
vt 1.690000 3.050000
vt 1.690000 2.870000
vt 1.590000 2.870000
vt 1.590000 3.050000
vn 0.000000 1.000000 0.000000
vn 0.000000 1.000000 0.000000
vn 0.000000 1.000000 0.000000
vn 0.000000 1.000000 0.000000
f 1623/1623/1623 1624/1624/1624 1625/1625/1625
f 1623/1623/1623 1625/1625/1625 1626/1626/1626
v 2.410000 1.180000 0.700000
v 2.410000 2.350000 0.700000
v 2.310000 2.350000 0.700000
v 2.310000 1.180000 0.700000
vt 2.410000 1.880000
vt 2.410000 3.050000
vt 2.310000 3.050000
vt 2.310000 1.880000
vn 0.000000 -0.000000 1.000000
vn 0.000000 -0.000000 1.000000
vn 0.000000 -0.000000 1.000000
vn 0.000000 -0.000000 1.000000
f 1627/1627/1627 1628/1628/1628 1629/1629/1629
f 1627/1627/1627 1629/1629/1629 1630/1630/1630
v 2.310000 2.350000 0.520000
v 2.410000 2.350000 0.520000
v 2.410000 1.180000 0.520000
v 2.310000 1.180000 0.520000
vt 2.310000 2.870000
vt 2.410000 2.870000
vt 2.410000 1.700000
vt 2.310000 1.700000
vn 0.000000 0.000000 -1.000000
vn 0.000000 0.000000 -1.000000
vn 0.000000 0.000000 -1.000000
vn 0.000000 0.000000 -1.000000
f 1631/1631/1631 1632/1632/1632 1633/1633/1633
f 1631/1631/1631 1633/1633/1633 1634/1634/1634
v 2.310000 2.350000 0.700000
v 2.310000 2.350000 0.520000
v 2.310000 1.180000 0.520000
v 2.310000 1.180000 0.700000
vt 2.310000 3.050000
vt 2.310000 2.870000
vt 2.310000 1.700000
vt 2.310000 1.880000
vn -1.000000 0.000000 -0.000000
vn -1.000000 0.000000 -0.000000
vn -1.000000 0.000000 -0.000000
vn -1.000000 0.000000 -0.000000
f 1635/1635/1635 1636/1636/1636 1637/1637/1637
f 1635/1635/1635 1637/1637/1637 1638/1638/1638
v 2.410000 1.180000 0.520000
v 2.410000 2.350000 0.520000
v 2.410000 2.350000 0.700000
v 2.410000 1.180000 0.700000
vt 2.410000 1.700000
vt 2.410000 2.870000
vt 2.410000 3.050000
vt 2.410000 1.880000
vn 1.000000 0.000000 0.000000
vn 1.000000 0.000000 0.000000
vn 1.000000 0.000000 0.000000
vn 1.000000 0.000000 0.000000
f 1639/1639/1639 1640/1640/1640 1641/1641/1641
f 1639/1639/1639 1641/1641/1641 1642/1642/1642
v 2.310000 1.180000 0.520000
v 2.410000 1.180000 0.520000
v 2.410000 1.180000 0.700000
v 2.310000 1.180000 0.700000
vt 2.310000 1.700000
vt 2.410000 1.700000
vt 2.410000 1.880000
vt 2.310000 1.880000
vn 0.000000 -1.000000 0.000000
vn 0.000000 -1.000000 0.000000
vn 0.000000 -1.000000 0.000000
vn 0.000000 -1.000000 0.000000
f 1643/1643/1643 1644/1644/1644 1645/1645/1645
f 1643/1643/1643 1645/1645/1645 1646/1646/1646
v 2.410000 2.350000 0.700000
v 2.410000 2.350000 0.520000
v 2.310000 2.350000 0.520000
v 2.310000 2.350000 0.700000
vt 2.410000 3.050000
vt 2.410000 2.870000
vt 2.310000 2.870000
vt 2.310000 3.050000
vn 0.000000 1.000000 0.000000
vn 0.000000 1.000000 0.000000
vn 0.000000 1.000000 0.000000
vn 0.000000 1.000000 0.000000
f 1647/1647/1647 1648/1648/1648 1649/1649/1649
f 1647/1647/1647 1649/1649/1649 1650/1650/1650
v 2.310000 2.350000 0.700000
v 2.410000 2.350000 0.700000
v 2.402122 2.429987 0.700000
v 2.304043 2.410478 0.700000
vt 2.310000 3.050000
vt 2.410000 3.050000
vt 2.402122 3.129987
vt 2.304043 3.110478
vn 0.000000 0.000000 1.000000
vn 0.000000 0.000000 1.000000
vn 0.000000 0.000000 1.000000
vn 0.000000 0.000000 1.000000
f 1651/1651/1651 1652/1652/1652 1653/1653/1653
f 1651/1651/1651 1653/1653/1653 1654/1654/1654
v 2.304043 2.410478 0.520000
v 2.402122 2.429987 0.520000
v 2.410000 2.350000 0.520000
v 2.310000 2.350000 0.520000
vt 2.304043 2.930478
vt 2.402122 2.949987
vt 2.410000 2.870000
vt 2.310000 2.870000
vn 0.000000 0.000000 -1.000000
vn 0.000000 0.000000 -1.000000
vn 0.000000 0.000000 -1.000000
vn 0.000000 0.000000 -1.000000
f 1655/1655/1655 1656/1656/1656 1657/1657/1657
f 1655/1655/1655 1657/1657/1657 1658/1658/1658
v 2.310000 2.350000 0.520000
v 2.410000 2.350000 0.520000
v 2.410000 2.350000 0.700000
v 2.310000 2.350000 0.700000
vt 2.310000 2.870000
vt 2.410000 2.870000
vt 2.410000 3.050000
vt 2.310000 3.050000
vn 0.000000 -1.000000 0.000000
vn 0.000000 -1.000000 0.000000
vn 0.000000 -1.000000 0.000000
vn 0.000000 -1.000000 0.000000
f 1659/1659/1659 1660/1660/1660 1661/1661/1661
f 1659/1659/1659 1661/1661/1661 1662/1662/1662
v 2.410000 2.350000 0.520000
v 2.402122 2.429987 0.520000
v 2.402122 2.429987 0.700000
v 2.410000 2.350000 0.700000
vt 2.410000 2.870000
vt 2.402122 2.949987
vt 2.402122 3.129987
vt 2.410000 3.050000
vn 0.995185 0.098017 0.000000
vn 0.995185 0.098017 0.000000
vn 0.995185 0.098017 0.000000
vn 0.995185 0.098017 0.000000
f 1663/1663/1663 1664/1664/1664 1665/1665/1665
f 1663/1663/1663 1665/1665/1665 1666/1666/1666
v 2.402122 2.429987 0.520000
v 2.304043 2.410478 0.520000
v 2.304043 2.410478 0.700000
v 2.402122 2.429987 0.700000
vt 2.402122 2.949987
vt 2.304043 2.930478
vt 2.304043 3.110478
vt 2.402122 3.129987
vn -0.195090 0.980785 0.000000
vn -0.195090 0.980785 0.000000
vn -0.195090 0.980785 0.000000
vn -0.195090 0.980785 0.000000
f 1667/1667/1667 1668/1668/1668 1669/1669/1669
f 1667/1667/1667 1669/1669/1669 1670/1670/1670
v 2.304043 2.410478 0.520000
v 2.310000 2.350000 0.520000
v 2.310000 2.350000 0.700000
v 2.304043 2.410478 0.700000
vt 2.304043 2.930478
vt 2.310000 2.870000
vt 2.310000 3.050000
vt 2.304043 3.110478
vn -0.995185 -0.098017 0.000000
vn -0.995185 -0.098017 0.000000
vn -0.995185 -0.098017 0.000000
vn -0.995185 -0.098017 0.000000
f 1671/1671/1671 1672/1672/1672 1673/1673/1673
f 1671/1671/1671 1673/1673/1673 1674/1674/1674
v 2.304043 2.410478 0.700000
v 2.402122 2.429987 0.700000
v 2.378791 2.506900 0.700000
v 2.286403 2.468632 0.700000
vt 2.304043 3.110478
vt 2.402122 3.129987
vt 2.378791 3.206900
vt 2.286403 3.168632
vn 0.000000 0.000000 1.000000
vn 0.000000 0.000000 1.000000
vn 0.000000 0.000000 1.000000
vn 0.000000 0.000000 1.000000
f 1675/1675/1675 1676/1676/1676 1677/1677/1677
f 1675/1675/1675 1677/1677/1677 1678/1678/1678
v 2.286403 2.468632 0.520000
v 2.378791 2.506900 0.520000
v 2.402122 2.429987 0.520000
v 2.304043 2.410478 0.520000
vt 2.286403 2.988632
vt 2.378791 3.026900
vt 2.402122 2.949987
vt 2.304043 2.930478
vn 0.000000 0.000000 -1.000000
vn 0.000000 0.000000 -1.000000
vn 0.000000 0.000000 -1.000000
vn 0.000000 0.000000 -1.000000
f 1679/1679/1679 1680/1680/1680 1681/1681/1681
f 1679/1679/1679 1681/1681/1681 1682/1682/1682
v 2.304043 2.410478 0.520000
v 2.402122 2.429987 0.520000
v 2.402122 2.429987 0.700000
v 2.304043 2.410478 0.700000
vt 2.304043 2.930478
vt 2.402122 2.949987
vt 2.402122 3.129987
vt 2.304043 3.110478
vn 0.195090 -0.980785 0.000000
vn 0.195090 -0.980785 0.000000
vn 0.195090 -0.980785 0.000000
vn 0.195090 -0.980785 0.000000
f 1683/1683/1683 1684/1684/1684 1685/1685/1685
f 1683/1683/1683 1685/1685/1685 1686/1686/1686
v 2.402122 2.429987 0.520000
v 2.378791 2.506900 0.520000
v 2.378791 2.506900 0.700000
v 2.402122 2.429987 0.700000
vt 2.402122 2.949987
vt 2.378791 3.026900
vt 2.378791 3.206900
vt 2.402122 3.129987
vn 0.956940 0.290285 0.000000
vn 0.956940 0.290285 0.000000
vn 0.956940 0.290285 0.000000
vn 0.956940 0.290285 0.000000
f 1687/1687/1687 1688/1688/1688 1689/1689/1689
f 1687/1687/1687 1689/1689/1689 1690/1690/1690
v 2.378791 2.506900 0.520000
v 2.286403 2.468632 0.520000
v 2.286403 2.468632 0.700000
v 2.378791 2.506900 0.700000
vt 2.378791 3.026900
vt 2.286403 2.988632
vt 2.286403 3.168632
vt 2.378791 3.206900
vn -0.382683 0.923880 0.000000
vn -0.382683 0.923880 0.000000
vn -0.382683 0.923880 0.000000
vn -0.382683 0.923880 0.000000
f 1691/1691/1691 1692/1692/1692 1693/1693/1693
f 1691/1691/1691 1693/1693/1693 1694/1694/1694
v 2.286403 2.468632 0.520000
v 2.304043 2.410478 0.520000
v 2.304043 2.410478 0.700000
v 2.286403 2.468632 0.700000
vt 2.286403 2.988632
vt 2.304043 2.930478
vt 2.304043 3.110478
vt 2.286403 3.168632
vn -0.956940 -0.290285 0.000000
vn -0.956940 -0.290285 0.000000
vn -0.956940 -0.290285 0.000000
vn -0.956940 -0.290285 0.000000
f 1695/1695/1695 1696/1696/1696 1697/1697/1697
f 1695/1695/1695 1697/1697/1697 1698/1698/1698
v 2.286403 2.468632 0.700000
v 2.378791 2.506900 0.700000
v 2.340903 2.577784 0.700000
v 2.257756 2.522227 0.700000
vt 2.286403 3.168632
vt 2.378791 3.206900
vt 2.340903 3.277784
vt 2.257756 3.222227
vn 0.000000 0.000000 1.000000
vn 0.000000 0.000000 1.000000
vn 0.000000 0.000000 1.000000
vn 0.000000 0.000000 1.000000
f 1699/1699/1699 1700/1700/1700 1701/1701/1701
f 1699/1699/1699 1701/1701/1701 1702/1702/1702
v 2.257756 2.522227 0.520000
v 2.340903 2.577784 0.520000
v 2.378791 2.506900 0.520000
v 2.286403 2.468632 0.520000
vt 2.257756 3.042227
vt 2.340903 3.097784
vt 2.378791 3.026900
vt 2.286403 2.988632
vn 0.000000 0.000000 -1.000000
vn 0.000000 0.000000 -1.000000
vn 0.000000 0.000000 -1.000000
vn 0.000000 0.000000 -1.000000
f 1703/1703/1703 1704/1704/1704 1705/1705/1705
f 1703/1703/1703 1705/1705/1705 1706/1706/1706
v 2.286403 2.468632 0.520000
v 2.378791 2.506900 0.520000
v 2.378791 2.506900 0.700000
v 2.286403 2.468632 0.700000
vt 2.286403 2.988632
vt 2.378791 3.026900
vt 2.378791 3.206900
vt 2.286403 3.168632
vn 0.382683 -0.923880 0.000000
vn 0.382683 -0.923880 0.000000
vn 0.382683 -0.923880 0.000000
vn 0.382683 -0.923880 0.000000
f 1707/1707/1707 1708/1708/1708 1709/1709/1709
f 1707/1707/1707 1709/1709/1709 1710/1710/1710
v 2.378791 2.506900 0.520000
v 2.340903 2.577784 0.520000
v 2.340903 2.577784 0.700000
v 2.378791 2.506900 0.700000
vt 2.378791 3.026900
vt 2.340903 3.097784
vt 2.340903 3.277784
vt 2.378791 3.206900
vn 0.881921 0.471397 0.000000
vn 0.881921 0.471397 0.000000
vn 0.881921 0.471397 0.000000
vn 0.881921 0.471397 0.000000
f 1711/1711/1711 1712/1712/1712 1713/1713/1713
f 1711/1711/1711 1713/1713/1713 1714/1714/1714
v 2.340903 2.577784 0.520000
v 2.257756 2.522227 0.520000
v 2.257756 2.522227 0.700000
v 2.340903 2.577784 0.700000
vt 2.340903 3.097784
vt 2.257756 3.042227
vt 2.257756 3.222227
vt 2.340903 3.277784
vn -0.555570 0.831470 0.000000
vn -0.555570 0.831470 0.000000
vn -0.555570 0.831470 0.000000
vn -0.555570 0.831470 0.000000
f 1715/1715/1715 1716/1716/1716 1717/1717/1717
f 1715/1715/1715 1717/1717/1717 1718/1718/1718
v 2.257756 2.522227 0.520000
v 2.286403 2.468632 0.520000
v 2.286403 2.468632 0.700000
v 2.257756 2.522227 0.700000
vt 2.257756 3.042227
vt 2.286403 2.988632
vt 2.286403 3.168632
vt 2.257756 3.222227
vn -0.881921 -0.471397 0.000000
vn -0.881921 -0.471397 0.000000
vn -0.881921 -0.471397 0.000000
vn -0.881921 -0.471397 0.000000
f 1719/1719/1719 1720/1720/1720 1721/1721/1721
f 1719/1719/1719 1721/1721/1721 1722/1722/1722
v 2.257756 2.522227 0.700000
v 2.340903 2.577784 0.700000
v 2.289914 2.639914 0.700000
v 2.219203 2.569203 0.700000
vt 2.257756 3.222227
vt 2.340903 3.277784
vt 2.289914 3.339914
vt 2.219203 3.269203
vn 0.000000 0.000000 1.000000
vn 0.000000 0.000000 1.000000
vn 0.000000 0.000000 1.000000
vn 0.000000 0.000000 1.000000
f 1723/1723/1723 1724/1724/1724 1725/1725/1725
f 1723/1723/1723 1725/1725/1725 1726/1726/1726
v 2.219203 2.569203 0.520000
v 2.289914 2.639914 0.520000
v 2.340903 2.577784 0.520000
v 2.257756 2.522227 0.520000
vt 2.219203 3.089203
vt 2.289914 3.159914
vt 2.340903 3.097784
vt 2.257756 3.042227
vn 0.000000 0.000000 -1.000000
vn 0.000000 0.000000 -1.000000
vn 0.000000 0.000000 -1.000000
vn 0.000000 0.000000 -1.000000
f 1727/1727/1727 1728/1728/1728 1729/1729/1729
f 1727/1727/1727 1729/1729/1729 1730/1730/1730
v 2.257756 2.522227 0.520000
v 2.340903 2.577784 0.520000
v 2.340903 2.577784 0.700000
v 2.257756 2.522227 0.700000
vt 2.257756 3.042227
vt 2.340903 3.097784
vt 2.340903 3.277784
vt 2.257756 3.222227
vn 0.555570 -0.831470 0.000000
vn 0.555570 -0.831470 0.000000
vn 0.555570 -0.831470 0.000000
vn 0.555570 -0.831470 0.000000
f 1731/1731/1731 1732/1732/1732 1733/1733/1733
f 1731/1731/1731 1733/1733/1733 1734/1734/1734
v 2.340903 2.577784 0.520000
v 2.289914 2.639914 0.520000
v 2.289914 2.639914 0.700000
v 2.340903 2.577784 0.700000
vt 2.340903 3.097784
vt 2.289914 3.159914
vt 2.289914 3.339914
vt 2.340903 3.277784
vn 0.773010 0.634393 0.000000
vn 0.773010 0.634393 0.000000
vn 0.773010 0.634393 0.000000
vn 0.773010 0.634393 0.000000
f 1735/1735/1735 1736/1736/1736 1737/1737/1737
f 1735/1735/1735 1737/1737/1737 1738/1738/1738
v 2.289914 2.639914 0.520000
v 2.219203 2.569203 0.520000
v 2.219203 2.569203 0.700000
v 2.289914 2.639914 0.700000
vt 2.289914 3.159914
vt 2.219203 3.089203
vt 2.219203 3.269203
vt 2.289914 3.339914
vn -0.707107 0.707107 0.000000
vn -0.707107 0.707107 0.000000
vn -0.707107 0.707107 0.000000
vn -0.707107 0.707107 0.000000
f 1739/1739/1739 1740/1740/1740 1741/1741/1741
f 1739/1739/1739 1741/1741/1741 1742/1742/1742
v 2.219203 2.569203 0.520000
v 2.257756 2.522227 0.520000
v 2.257756 2.522227 0.700000
v 2.219203 2.569203 0.700000
vt 2.219203 3.089203
vt 2.257756 3.042227
vt 2.257756 3.222227
vt 2.219203 3.269203
vn -0.773010 -0.634393 0.000000
vn -0.773010 -0.634393 0.000000
vn -0.773010 -0.634393 0.000000
vn -0.773010 -0.634393 0.000000
f 1743/1743/1743 1744/1744/1744 1745/1745/1745
f 1743/1743/1743 1745/1745/1745 1746/1746/1746
v 2.219203 2.569203 0.700000
v 2.289914 2.639914 0.700000
v 2.227784 2.690903 0.700000
v 2.172227 2.607756 0.700000
vt 2.219203 3.269203
vt 2.289914 3.339914
vt 2.227784 3.390903
vt 2.172227 3.307756
vn 0.000000 0.000000 1.000000
vn 0.000000 0.000000 1.000000
vn 0.000000 0.000000 1.000000
vn 0.000000 0.000000 1.000000
f 1747/1747/1747 1748/1748/1748 1749/1749/1749
f 1747/1747/1747 1749/1749/1749 1750/1750/1750
v 2.172227 2.607756 0.520000
v 2.227784 2.690903 0.520000
v 2.289914 2.639914 0.520000
v 2.219203 2.569203 0.520000
vt 2.172227 3.127756
vt 2.227784 3.210903
vt 2.289914 3.159914
vt 2.219203 3.089203
vn 0.000000 0.000000 -1.000000
vn 0.000000 0.000000 -1.000000
vn 0.000000 0.000000 -1.000000
vn 0.000000 0.000000 -1.000000
f 1751/1751/1751 1752/1752/1752 1753/1753/1753
f 1751/1751/1751 1753/1753/1753 1754/1754/1754
v 2.219203 2.569203 0.520000
v 2.289914 2.639914 0.520000
v 2.289914 2.639914 0.700000
v 2.219203 2.569203 0.700000
vt 2.219203 3.089203
vt 2.289914 3.159914
vt 2.289914 3.339914
vt 2.219203 3.269203
vn 0.707107 -0.707107 0.000000
vn 0.707107 -0.707107 0.000000
vn 0.707107 -0.707107 0.000000
vn 0.707107 -0.707107 0.000000
f 1755/1755/1755 1756/1756/1756 1757/1757/1757
f 1755/1755/1755 1757/1757/1757 1758/1758/1758
v 2.289914 2.639914 0.520000
v 2.227784 2.690903 0.520000
v 2.227784 2.690903 0.700000
v 2.289914 2.639914 0.700000
vt 2.289914 3.159914
vt 2.227784 3.210903
vt 2.227784 3.390903
vt 2.289914 3.339914
vn 0.634393 0.773010 0.000000
vn 0.634393 0.773010 0.000000
vn 0.634393 0.773010 0.000000
vn 0.634393 0.773010 0.000000
f 1759/1759/1759 1760/1760/1760 1761/1761/1761
f 1759/1759/1759 1761/1761/1761 1762/1762/1762
v 2.227784 2.690903 0.520000
v 2.172227 2.607756 0.520000
v 2.172227 2.607756 0.700000
v 2.227784 2.690903 0.700000
vt 2.227784 3.210903
vt 2.172227 3.127756
vt 2.172227 3.307756
vt 2.227784 3.390903
vn -0.831470 0.555570 0.000000
vn -0.831470 0.555570 0.000000
vn -0.831470 0.555570 0.000000
vn -0.831470 0.555570 0.000000
f 1763/1763/1763 1764/1764/1764 1765/1765/1765
f 1763/1763/1763 1765/1765/1765 1766/1766/1766
v 2.172227 2.607756 0.520000
v 2.219203 2.569203 0.520000
v 2.219203 2.569203 0.700000
v 2.172227 2.607756 0.700000
vt 2.172227 3.127756
vt 2.219203 3.089203
vt 2.219203 3.269203
vt 2.172227 3.307756
vn -0.634393 -0.773010 0.000000
vn -0.634393 -0.773010 0.000000
vn -0.634393 -0.773010 0.000000
vn -0.634393 -0.773010 0.000000
f 1767/1767/1767 1768/1768/1768 1769/1769/1769
f 1767/1767/1767 1769/1769/1769 1770/1770/1770
v 2.172227 2.607756 0.700000
v 2.227784 2.690903 0.700000
v 2.156900 2.728791 0.700000
v 2.118632 2.636403 0.700000
vt 2.172227 3.307756
vt 2.227784 3.390903
vt 2.156900 3.428791
vt 2.118632 3.336403
vn 0.000000 -0.000000 1.000000
vn 0.000000 -0.000000 1.000000
vn 0.000000 -0.000000 1.000000
vn 0.000000 -0.000000 1.000000
f 1771/1771/1771 1772/1772/1772 1773/1773/1773
f 1771/1771/1771 1773/1773/1773 1774/1774/1774
v 2.118632 2.636403 0.520000
v 2.156900 2.728791 0.520000
v 2.227784 2.690903 0.520000
v 2.172227 2.607756 0.520000
vt 2.118632 3.156403
vt 2.156900 3.248791
vt 2.227784 3.210903
vt 2.172227 3.127756
vn 0.000000 0.000000 -1.000000
vn 0.000000 0.000000 -1.000000
vn 0.000000 0.000000 -1.000000
vn 0.000000 0.000000 -1.000000
f 1775/1775/1775 1776/1776/1776 1777/1777/1777
f 1775/1775/1775 1777/1777/1777 1778/1778/1778
v 2.172227 2.607756 0.520000
v 2.227784 2.690903 0.520000
v 2.227784 2.690903 0.700000
v 2.172227 2.607756 0.700000
vt 2.172227 3.127756
vt 2.227784 3.210903
vt 2.227784 3.390903
vt 2.172227 3.307756
vn 0.831470 -0.555570 0.000000
vn 0.831470 -0.555570 0.000000
vn 0.831470 -0.555570 0.000000
vn 0.831470 -0.555570 0.000000
f 1779/1779/1779 1780/1780/1780 1781/1781/1781
f 1779/1779/1779 1781/1781/1781 1782/1782/1782
v 2.227784 2.690903 0.520000
v 2.156900 2.728791 0.520000
v 2.156900 2.728791 0.700000
v 2.227784 2.690903 0.700000
vt 2.227784 3.210903
vt 2.156900 3.248791
vt 2.156900 3.428791
vt 2.227784 3.390903
vn 0.471397 0.881921 0.000000
vn 0.471397 0.881921 0.000000
vn 0.471397 0.881921 0.000000
vn 0.471397 0.881921 0.000000
f 1783/1783/1783 1784/1784/1784 1785/1785/1785
f 1783/1783/1783 1785/1785/1785 1786/1786/1786
v 2.156900 2.728791 0.520000
v 2.118632 2.636403 0.520000
v 2.118632 2.636403 0.700000
v 2.156900 2.728791 0.700000
vt 2.156900 3.248791
vt 2.118632 3.156403
vt 2.118632 3.336403
vt 2.156900 3.428791
vn -0.923880 0.382683 0.000000
vn -0.923880 0.382683 0.000000
vn -0.923880 0.382683 0.000000
vn -0.923880 0.382683 0.000000
f 1787/1787/1787 1788/1788/1788 1789/1789/1789
f 1787/1787/1787 1789/1789/1789 1790/1790/1790
v 2.118632 2.636403 0.520000
v 2.172227 2.607756 0.520000
v 2.172227 2.607756 0.700000
v 2.118632 2.636403 0.700000
vt 2.118632 3.156403
vt 2.172227 3.127756
vt 2.172227 3.307756
vt 2.118632 3.336403
vn -0.471397 -0.881921 0.000000
vn -0.471397 -0.881921 0.000000
vn -0.471397 -0.881921 0.000000
vn -0.471397 -0.881921 0.000000
f 1791/1791/1791 1792/1792/1792 1793/1793/1793
f 1791/1791/1791 1793/1793/1793 1794/1794/1794
v 2.118632 2.636403 0.700000
v 2.156900 2.728791 0.700000
v 2.079987 2.752122 0.700000
v 2.060478 2.654043 0.700000
vt 2.118632 3.336403
vt 2.156900 3.428791
vt 2.079987 3.452122
vt 2.060478 3.354043
vn 0.000000 -0.000000 1.000000
vn 0.000000 -0.000000 1.000000
vn 0.000000 -0.000000 1.000000
vn 0.000000 -0.000000 1.000000
f 1795/1795/1795 1796/1796/1796 1797/1797/1797
f 1795/1795/1795 1797/1797/1797 1798/1798/1798
v 2.060478 2.654043 0.520000
v 2.079987 2.752122 0.520000
v 2.156900 2.728791 0.520000
v 2.118632 2.636403 0.520000
vt 2.060478 3.174043
vt 2.079987 3.272122
vt 2.156900 3.248791
vt 2.118632 3.156403
vn 0.000000 0.000000 -1.000000
vn 0.000000 0.000000 -1.000000
vn 0.000000 0.000000 -1.000000
vn 0.000000 0.000000 -1.000000
f 1799/1799/1799 1800/1800/1800 1801/1801/1801
f 1799/1799/1799 1801/1801/1801 1802/1802/1802
v 2.118632 2.636403 0.520000
v 2.156900 2.728791 0.520000
v 2.156900 2.728791 0.700000
v 2.118632 2.636403 0.700000
vt 2.118632 3.156403
vt 2.156900 3.248791
vt 2.156900 3.428791
vt 2.118632 3.336403
vn 0.923880 -0.382683 0.000000
vn 0.923880 -0.382683 0.000000
vn 0.923880 -0.382683 0.000000
vn 0.923880 -0.382683 0.000000
f 1803/1803/1803 1804/1804/1804 1805/1805/1805
f 1803/1803/1803 1805/1805/1805 1806/1806/1806
v 2.156900 2.728791 0.520000
v 2.079987 2.752122 0.520000
v 2.079987 2.752122 0.700000
v 2.156900 2.728791 0.700000
vt 2.156900 3.248791
vt 2.079987 3.272122
vt 2.079987 3.452122
vt 2.156900 3.428791
vn 0.290285 0.956940 0.000000
vn 0.290285 0.956940 0.000000
vn 0.290285 0.956940 0.000000
vn 0.290285 0.956940 0.000000
f 1807/1807/1807 1808/1808/1808 1809/1809/1809
f 1807/1807/1807 1809/1809/1809 1810/1810/1810
v 2.079987 2.752122 0.520000
v 2.060478 2.654043 0.520000
v 2.060478 2.654043 0.700000
v 2.079987 2.752122 0.700000
vt 2.079987 3.272122
vt 2.060478 3.174043
vt 2.060478 3.354043
vt 2.079987 3.452122
vn -0.980785 0.195090 0.000000
vn -0.980785 0.195090 0.000000
vn -0.980785 0.195090 0.000000
vn -0.980785 0.195090 0.000000
f 1811/1811/1811 1812/1812/1812 1813/1813/1813
f 1811/1811/1811 1813/1813/1813 1814/1814/1814
v 2.060478 2.654043 0.520000
v 2.118632 2.636403 0.520000
v 2.118632 2.636403 0.700000
v 2.060478 2.654043 0.700000
vt 2.060478 3.174043
vt 2.118632 3.156403
vt 2.118632 3.336403
vt 2.060478 3.354043
vn -0.290285 -0.956940 0.000000
vn -0.290285 -0.956940 0.000000
vn -0.290285 -0.956940 0.000000
vn -0.290285 -0.956940 0.000000
f 1815/1815/1815 1816/1816/1816 1817/1817/1817
f 1815/1815/1815 1817/1817/1817 1818/1818/1818
v 2.060478 2.654043 0.700000
v 2.079987 2.752122 0.700000
v 2.000000 2.760000 0.700000
v 2.000000 2.660000 0.700000
vt 2.060478 3.354043
vt 2.079987 3.452122
vt 2.000000 3.460000
vt 2.000000 3.360000
vn 0.000000 -0.000000 1.000000
vn 0.000000 -0.000000 1.000000
vn 0.000000 -0.000000 1.000000
vn 0.000000 -0.000000 1.000000
f 1819/1819/1819 1820/1820/1820 1821/1821/1821
f 1819/1819/1819 1821/1821/1821 1822/1822/1822
v 2.000000 2.660000 0.520000
v 2.000000 2.760000 0.520000
v 2.079987 2.752122 0.520000
v 2.060478 2.654043 0.520000
vt 2.000000 3.180000
vt 2.000000 3.280000
vt 2.079987 3.272122
vt 2.060478 3.174043
vn 0.000000 0.000000 -1.000000
vn 0.000000 0.000000 -1.000000
vn 0.000000 0.000000 -1.000000
vn 0.000000 0.000000 -1.000000
f 1823/1823/1823 1824/1824/1824 1825/1825/1825
f 1823/1823/1823 1825/1825/1825 1826/1826/1826
v 2.060478 2.654043 0.520000
v 2.079987 2.752122 0.520000
v 2.079987 2.752122 0.700000
v 2.060478 2.654043 0.700000
vt 2.060478 3.174043
vt 2.079987 3.272122
vt 2.079987 3.452122
vt 2.060478 3.354043
vn 0.980785 -0.195090 0.000000
vn 0.980785 -0.195090 0.000000
vn 0.980785 -0.195090 0.000000
vn 0.980785 -0.195090 0.000000
f 1827/1827/1827 1828/1828/1828 1829/1829/1829
f 1827/1827/1827 1829/1829/1829 1830/1830/1830
v 2.079987 2.752122 0.520000
v 2.000000 2.760000 0.520000
v 2.000000 2.760000 0.700000
v 2.079987 2.752122 0.700000
vt 2.079987 3.272122
vt 2.000000 3.280000
vt 2.000000 3.460000
vt 2.079987 3.452122
vn 0.098017 0.995185 0.000000
vn 0.098017 0.995185 0.000000
vn 0.098017 0.995185 0.000000
vn 0.098017 0.995185 0.000000
f 1831/1831/1831 1832/1832/1832 1833/1833/1833
f 1831/1831/1831 1833/1833/1833 1834/1834/1834
v 2.000000 2.760000 0.520000
v 2.000000 2.660000 0.520000
v 2.000000 2.660000 0.700000
v 2.000000 2.760000 0.700000
vt 2.000000 3.280000
vt 2.000000 3.180000
vt 2.000000 3.360000
vt 2.000000 3.460000
vn -1.000000 0.000000 0.000000
vn -1.000000 0.000000 0.000000
vn -1.000000 0.000000 0.000000
vn -1.000000 0.000000 0.000000
f 1835/1835/1835 1836/1836/1836 1837/1837/1837
f 1835/1835/1835 1837/1837/1837 1838/1838/1838
v 2.000000 2.660000 0.520000
v 2.060478 2.654043 0.520000
v 2.060478 2.654043 0.700000
v 2.000000 2.660000 0.700000
vt 2.000000 3.180000
vt 2.060478 3.174043
vt 2.060478 3.354043
vt 2.000000 3.360000
vn -0.098017 -0.995185 0.000000
vn -0.098017 -0.995185 0.000000
vn -0.098017 -0.995185 0.000000
vn -0.098017 -0.995185 0.000000
f 1839/1839/1839 1840/1840/1840 1841/1841/1841
f 1839/1839/1839 1841/1841/1841 1842/1842/1842
v 2.000000 2.660000 0.700000
v 2.000000 2.760000 0.700000
v 1.920013 2.752122 0.700000
v 1.939522 2.654043 0.700000
vt 2.000000 3.360000
vt 2.000000 3.460000
vt 1.920013 3.452122
vt 1.939522 3.354043
vn 0.000000 -0.000000 1.000000
vn 0.000000 -0.000000 1.000000
vn 0.000000 -0.000000 1.000000
vn 0.000000 -0.000000 1.000000
f 1843/1843/1843 1844/1844/1844 1845/1845/1845
f 1843/1843/1843 1845/1845/1845 1846/1846/1846
v 1.939522 2.654043 0.520000
v 1.920013 2.752122 0.520000
v 2.000000 2.760000 0.520000
v 2.000000 2.660000 0.520000
vt 1.939522 3.174043
vt 1.920013 3.272122
vt 2.000000 3.280000
vt 2.000000 3.180000
vn 0.000000 0.000000 -1.000000
vn 0.000000 0.000000 -1.000000
vn 0.000000 0.000000 -1.000000
vn 0.000000 0.000000 -1.000000
f 1847/1847/1847 1848/1848/1848 1849/1849/1849
f 1847/1847/1847 1849/1849/1849 1850/1850/1850
v 2.000000 2.660000 0.520000
v 2.000000 2.760000 0.520000
v 2.000000 2.760000 0.700000
v 2.000000 2.660000 0.700000
vt 2.000000 3.180000
vt 2.000000 3.280000
vt 2.000000 3.460000
vt 2.000000 3.360000
vn 1.000000 0.000000 0.000000
vn 1.000000 0.000000 0.000000
vn 1.000000 0.000000 0.000000
vn 1.000000 0.000000 0.000000
f 1851/1851/1851 1852/1852/1852 1853/1853/1853
f 1851/1851/1851 1853/1853/1853 1854/1854/1854
v 2.000000 2.760000 0.520000
v 1.920013 2.752122 0.520000
v 1.920013 2.752122 0.700000
v 2.000000 2.760000 0.700000
vt 2.000000 3.280000
vt 1.920013 3.272122
vt 1.920013 3.452122
vt 2.000000 3.460000
vn -0.098017 0.995185 0.000000
vn -0.098017 0.995185 0.000000
vn -0.098017 0.995185 0.000000
vn -0.098017 0.995185 0.000000
f 1855/1855/1855 1856/1856/1856 1857/1857/1857
f 1855/1855/1855 1857/1857/1857 1858/1858/1858
v 1.920013 2.752122 0.520000
v 1.939522 2.654043 0.520000
v 1.939522 2.654043 0.700000
v 1.920013 2.752122 0.700000
vt 1.920013 3.272122
vt 1.939522 3.174043
vt 1.939522 3.354043
vt 1.920013 3.452122
vn -0.980785 -0.195090 0.000000
vn -0.980785 -0.195090 0.000000
vn -0.980785 -0.195090 0.000000
vn -0.980785 -0.195090 0.000000
f 1859/1859/1859 1860/1860/1860 1861/1861/1861
f 1859/1859/1859 1861/1861/1861 1862/1862/1862
v 1.939522 2.654043 0.520000
v 2.000000 2.660000 0.520000
v 2.000000 2.660000 0.700000
v 1.939522 2.654043 0.700000
vt 1.939522 3.174043
vt 2.000000 3.180000
vt 2.000000 3.360000
vt 1.939522 3.354043
vn 0.098017 -0.995185 0.000000
vn 0.098017 -0.995185 0.000000
vn 0.098017 -0.995185 0.000000
vn 0.098017 -0.995185 0.000000
f 1863/1863/1863 1864/1864/1864 1865/1865/1865
f 1863/1863/1863 1865/1865/1865 1866/1866/1866
v 1.939522 2.654043 0.700000
v 1.920013 2.752122 0.700000
v 1.843100 2.728791 0.700000
v 1.881368 2.636403 0.700000
vt 1.939522 3.354043
vt 1.920013 3.452122
vt 1.843100 3.428791
vt 1.881368 3.336403
vn 0.000000 0.000000 1.000000
vn 0.000000 0.000000 1.000000
vn 0.000000 0.000000 1.000000
vn 0.000000 0.000000 1.000000
f 1867/1867/1867 1868/1868/1868 1869/1869/1869
f 1867/1867/1867 1869/1869/1869 1870/1870/1870
v 1.881368 2.636403 0.520000
v 1.843100 2.728791 0.520000
v 1.920013 2.752122 0.520000
v 1.939522 2.654043 0.520000
vt 1.881368 3.156403
vt 1.843100 3.248791
vt 1.920013 3.272122
vt 1.939522 3.174043
vn 0.000000 0.000000 -1.000000
vn 0.000000 0.000000 -1.000000
vn 0.000000 0.000000 -1.000000
vn 0.000000 0.000000 -1.000000
f 1871/1871/1871 1872/1872/1872 1873/1873/1873
f 1871/1871/1871 1873/1873/1873 1874/1874/1874
v 1.939522 2.654043 0.520000
v 1.920013 2.752122 0.520000
v 1.920013 2.752122 0.700000
v 1.939522 2.654043 0.700000
vt 1.939522 3.174043
vt 1.920013 3.272122
vt 1.920013 3.452122
vt 1.939522 3.354043
vn 0.980785 0.195090 0.000000
vn 0.980785 0.195090 0.000000
vn 0.980785 0.195090 0.000000
vn 0.980785 0.195090 0.000000
f 1875/1875/1875 1876/1876/1876 1877/1877/1877
f 1875/1875/1875 1877/1877/1877 1878/1878/1878
v 1.920013 2.752122 0.520000
v 1.843100 2.728791 0.520000
v 1.843100 2.728791 0.700000
v 1.920013 2.752122 0.700000
vt 1.920013 3.272122
vt 1.843100 3.248791
vt 1.843100 3.428791
vt 1.920013 3.452122
vn -0.290285 0.956940 0.000000
vn -0.290285 0.956940 0.000000
vn -0.290285 0.956940 0.000000
vn -0.290285 0.956940 0.000000
f 1879/1879/1879 1880/1880/1880 1881/1881/1881
f 1879/1879/1879 1881/1881/1881 1882/1882/1882
v 1.843100 2.728791 0.520000
v 1.881368 2.636403 0.520000
v 1.881368 2.636403 0.700000
v 1.843100 2.728791 0.700000
vt 1.843100 3.248791
vt 1.881368 3.156403
vt 1.881368 3.336403
vt 1.843100 3.428791
vn -0.923880 -0.382683 0.000000
vn -0.923880 -0.382683 0.000000
vn -0.923880 -0.382683 0.000000
vn -0.923880 -0.382683 0.000000
f 1883/1883/1883 1884/1884/1884 1885/1885/1885
f 1883/1883/1883 1885/1885/1885 1886/1886/1886
v 1.881368 2.636403 0.520000
v 1.939522 2.654043 0.520000
v 1.939522 2.654043 0.700000
v 1.881368 2.636403 0.700000
vt 1.881368 3.156403
vt 1.939522 3.174043
vt 1.939522 3.354043
vt 1.881368 3.336403
vn 0.290285 -0.956940 0.000000
vn 0.290285 -0.956940 0.000000
vn 0.290285 -0.956940 0.000000
vn 0.290285 -0.956940 0.000000
f 1887/1887/1887 1888/1888/1888 1889/1889/1889
f 1887/1887/1887 1889/1889/1889 1890/1890/1890
v 1.881368 2.636403 0.700000
v 1.843100 2.728791 0.700000
v 1.772216 2.690903 0.700000
v 1.827773 2.607756 0.700000
vt 1.881368 3.336403
vt 1.843100 3.428791
vt 1.772216 3.390903
vt 1.827773 3.307756
vn 0.000000 0.000000 1.000000
vn 0.000000 0.000000 1.000000
vn 0.000000 0.000000 1.000000
vn 0.000000 0.000000 1.000000
f 1891/1891/1891 1892/1892/1892 1893/1893/1893
f 1891/1891/1891 1893/1893/1893 1894/1894/1894
v 1.827773 2.607756 0.520000
v 1.772216 2.690903 0.520000
v 1.843100 2.728791 0.520000
v 1.881368 2.636403 0.520000
vt 1.827773 3.127756
vt 1.772216 3.210903
vt 1.843100 3.248791
vt 1.881368 3.156403
vn 0.000000 0.000000 -1.000000
vn 0.000000 0.000000 -1.000000
vn 0.000000 0.000000 -1.000000
vn 0.000000 0.000000 -1.000000
f 1895/1895/1895 1896/1896/1896 1897/1897/1897
f 1895/1895/1895 1897/1897/1897 1898/1898/1898
v 1.881368 2.636403 0.520000
v 1.843100 2.728791 0.520000
v 1.843100 2.728791 0.700000
v 1.881368 2.636403 0.700000
vt 1.881368 3.156403
vt 1.843100 3.248791
vt 1.843100 3.428791
vt 1.881368 3.336403
vn 0.923880 0.382683 0.000000
vn 0.923880 0.382683 0.000000
vn 0.923880 0.382683 0.000000
vn 0.923880 0.382683 0.000000
f 1899/1899/1899 1900/1900/1900 1901/1901/1901
f 1899/1899/1899 1901/1901/1901 1902/1902/1902
v 1.843100 2.728791 0.520000
v 1.772216 2.690903 0.520000
v 1.772216 2.690903 0.700000
v 1.843100 2.728791 0.700000
vt 1.843100 3.248791
vt 1.772216 3.210903
vt 1.772216 3.390903
vt 1.843100 3.428791
vn -0.471397 0.881921 0.000000
vn -0.471397 0.881921 0.000000
vn -0.471397 0.881921 0.000000
vn -0.471397 0.881921 0.000000
f 1903/1903/1903 1904/1904/1904 1905/1905/1905
f 1903/1903/1903 1905/1905/1905 1906/1906/1906
v 1.772216 2.690903 0.520000
v 1.827773 2.607756 0.520000
v 1.827773 2.607756 0.700000
v 1.772216 2.690903 0.700000
vt 1.772216 3.210903
vt 1.827773 3.127756
vt 1.827773 3.307756
vt 1.772216 3.390903
vn -0.831470 -0.555570 0.000000
vn -0.831470 -0.555570 0.000000
vn -0.831470 -0.555570 0.000000
vn -0.831470 -0.555570 0.000000
f 1907/1907/1907 1908/1908/1908 1909/1909/1909
f 1907/1907/1907 1909/1909/1909 1910/1910/1910
v 1.827773 2.607756 0.520000
v 1.881368 2.636403 0.520000
v 1.881368 2.636403 0.700000
v 1.827773 2.607756 0.700000
vt 1.827773 3.127756
vt 1.881368 3.156403
vt 1.881368 3.336403
vt 1.827773 3.307756
vn 0.471397 -0.881921 0.000000
vn 0.471397 -0.881921 0.000000
vn 0.471397 -0.881921 0.000000
vn 0.471397 -0.881921 0.000000
f 1911/1911/1911 1912/1912/1912 1913/1913/1913
f 1911/1911/1911 1913/1913/1913 1914/1914/1914
v 1.827773 2.607756 0.700000
v 1.772216 2.690903 0.700000
v 1.710086 2.639914 0.700000
v 1.780797 2.569203 0.700000
vt 1.827773 3.307756
vt 1.772216 3.390903
vt 1.710086 3.339914
vt 1.780797 3.269203
vn 0.000000 0.000000 1.000000
vn 0.000000 0.000000 1.000000
vn 0.000000 0.000000 1.000000
vn 0.000000 0.000000 1.000000
f 1915/1915/1915 1916/1916/1916 1917/1917/1917
f 1915/1915/1915 1917/1917/1917 1918/1918/1918
v 1.780797 2.569203 0.520000
v 1.710086 2.639914 0.520000
v 1.772216 2.690903 0.520000
v 1.827773 2.607756 0.520000
vt 1.780797 3.089203
vt 1.710086 3.159914
vt 1.772216 3.210903
vt 1.827773 3.127756
vn 0.000000 0.000000 -1.000000
vn 0.000000 0.000000 -1.000000
vn 0.000000 0.000000 -1.000000
vn 0.000000 0.000000 -1.000000
f 1919/1919/1919 1920/1920/1920 1921/1921/1921
f 1919/1919/1919 1921/1921/1921 1922/1922/1922
v 1.827773 2.607756 0.520000
v 1.772216 2.690903 0.520000
v 1.772216 2.690903 0.700000
v 1.827773 2.607756 0.700000
vt 1.827773 3.127756
vt 1.772216 3.210903
vt 1.772216 3.390903
vt 1.827773 3.307756
vn 0.831470 0.555570 0.000000
vn 0.831470 0.555570 0.000000
vn 0.831470 0.555570 0.000000
vn 0.831470 0.555570 0.000000
f 1923/1923/1923 1924/1924/1924 1925/1925/1925
f 1923/1923/1923 1925/1925/1925 1926/1926/1926
v 1.772216 2.690903 0.520000
v 1.710086 2.639914 0.520000
v 1.710086 2.639914 0.700000
v 1.772216 2.690903 0.700000
vt 1.772216 3.210903
vt 1.710086 3.159914
vt 1.710086 3.339914
vt 1.772216 3.390903
vn -0.634393 0.773010 0.000000
vn -0.634393 0.773010 0.000000
vn -0.634393 0.773010 0.000000
vn -0.634393 0.773010 0.000000
f 1927/1927/1927 1928/1928/1928 1929/1929/1929
f 1927/1927/1927 1929/1929/1929 1930/1930/1930
v 1.710086 2.639914 0.520000
v 1.780797 2.569203 0.520000
v 1.780797 2.569203 0.700000
v 1.710086 2.639914 0.700000
vt 1.710086 3.159914
vt 1.780797 3.089203
vt 1.780797 3.269203
vt 1.710086 3.339914
vn -0.707107 -0.707107 0.000000
vn -0.707107 -0.707107 0.000000
vn -0.707107 -0.707107 0.000000
vn -0.707107 -0.707107 0.000000
f 1931/1931/1931 1932/1932/1932 1933/1933/1933
f 1931/1931/1931 1933/1933/1933 1934/1934/1934
v 1.780797 2.569203 0.520000
v 1.827773 2.607756 0.520000
v 1.827773 2.607756 0.700000
v 1.780797 2.569203 0.700000
vt 1.780797 3.089203
vt 1.827773 3.127756
vt 1.827773 3.307756
vt 1.780797 3.269203
vn 0.634393 -0.773010 0.000000
vn 0.634393 -0.773010 0.000000
vn 0.634393 -0.773010 0.000000
vn 0.634393 -0.773010 0.000000
f 1935/1935/1935 1936/1936/1936 1937/1937/1937
f 1935/1935/1935 1937/1937/1937 1938/1938/1938
v 1.780797 2.569203 0.700000
v 1.710086 2.639914 0.700000
v 1.659097 2.577784 0.700000
v 1.742244 2.522227 0.700000
vt 1.780797 3.269203
vt 1.710086 3.339914
vt 1.659097 3.277784
vt 1.742244 3.222227
vn 0.000000 0.000000 1.000000
vn 0.000000 0.000000 1.000000
vn 0.000000 0.000000 1.000000
vn 0.000000 0.000000 1.000000
f 1939/1939/1939 1940/1940/1940 1941/1941/1941
f 1939/1939/1939 1941/1941/1941 1942/1942/1942
v 1.742244 2.522227 0.520000
v 1.659097 2.577784 0.520000
v 1.710086 2.639914 0.520000
v 1.780797 2.569203 0.520000
vt 1.742244 3.042227
vt 1.659097 3.097784
vt 1.710086 3.159914
vt 1.780797 3.089203
vn 0.000000 0.000000 -1.000000
vn 0.000000 0.000000 -1.000000
vn 0.000000 0.000000 -1.000000
vn 0.000000 0.000000 -1.000000
f 1943/1943/1943 1944/1944/1944 1945/1945/1945
f 1943/1943/1943 1945/1945/1945 1946/1946/1946
v 1.780797 2.569203 0.520000
v 1.710086 2.639914 0.520000
v 1.710086 2.639914 0.700000
v 1.780797 2.569203 0.700000
vt 1.780797 3.089203
vt 1.710086 3.159914
vt 1.710086 3.339914
vt 1.780797 3.269203
vn 0.707107 0.707107 0.000000
vn 0.707107 0.707107 0.000000
vn 0.707107 0.707107 0.000000
vn 0.707107 0.707107 0.000000
f 1947/1947/1947 1948/1948/1948 1949/1949/1949
f 1947/1947/1947 1949/1949/1949 1950/1950/1950
v 1.710086 2.639914 0.520000
v 1.659097 2.577784 0.520000
v 1.659097 2.577784 0.700000
v 1.710086 2.639914 0.700000
vt 1.710086 3.159914
vt 1.659097 3.097784
vt 1.659097 3.277784
vt 1.710086 3.339914
vn -0.773010 0.634393 0.000000
vn -0.773010 0.634393 0.000000
vn -0.773010 0.634393 0.000000
vn -0.773010 0.634393 0.000000
f 1951/1951/1951 1952/1952/1952 1953/1953/1953
f 1951/1951/1951 1953/1953/1953 1954/1954/1954
v 1.659097 2.577784 0.520000
v 1.742244 2.522227 0.520000
v 1.742244 2.522227 0.700000
v 1.659097 2.577784 0.700000
vt 1.659097 3.097784
vt 1.742244 3.042227
vt 1.742244 3.222227
vt 1.659097 3.277784
vn -0.555570 -0.831470 0.000000
vn -0.555570 -0.831470 0.000000
vn -0.555570 -0.831470 0.000000
vn -0.555570 -0.831470 0.000000
f 1955/1955/1955 1956/1956/1956 1957/1957/1957
f 1955/1955/1955 1957/1957/1957 1958/1958/1958
v 1.742244 2.522227 0.520000
v 1.780797 2.569203 0.520000
v 1.780797 2.569203 0.700000
v 1.742244 2.522227 0.700000
vt 1.742244 3.042227
vt 1.780797 3.089203
vt 1.780797 3.269203
vt 1.742244 3.222227
vn 0.773010 -0.634393 0.000000
vn 0.773010 -0.634393 0.000000
vn 0.773010 -0.634393 0.000000
vn 0.773010 -0.634393 0.000000
f 1959/1959/1959 1960/1960/1960 1961/1961/1961
f 1959/1959/1959 1961/1961/1961 1962/1962/1962
v 1.742244 2.522227 0.700000
v 1.659097 2.577784 0.700000
v 1.621209 2.506900 0.700000
v 1.713597 2.468632 0.700000
vt 1.742244 3.222227
vt 1.659097 3.277784
vt 1.621209 3.206900
vt 1.713597 3.168632
vn 0.000000 0.000000 1.000000
vn 0.000000 0.000000 1.000000
vn 0.000000 0.000000 1.000000
vn 0.000000 0.000000 1.000000
f 1963/1963/1963 1964/1964/1964 1965/1965/1965
f 1963/1963/1963 1965/1965/1965 1966/1966/1966
v 1.713597 2.468632 0.520000
v 1.621209 2.506900 0.520000
v 1.659097 2.577784 0.520000
v 1.742244 2.522227 0.520000
vt 1.713597 2.988632
vt 1.621209 3.026900
vt 1.659097 3.097784
vt 1.742244 3.042227
vn 0.000000 0.000000 -1.000000
vn 0.000000 0.000000 -1.000000
vn 0.000000 0.000000 -1.000000
vn 0.000000 0.000000 -1.000000
f 1967/1967/1967 1968/1968/1968 1969/1969/1969
f 1967/1967/1967 1969/1969/1969 1970/1970/1970
v 1.742244 2.522227 0.520000
v 1.659097 2.577784 0.520000
v 1.659097 2.577784 0.700000
v 1.742244 2.522227 0.700000
vt 1.742244 3.042227
vt 1.659097 3.097784
vt 1.659097 3.277784
vt 1.742244 3.222227
vn 0.555570 0.831470 0.000000
vn 0.555570 0.831470 0.000000
vn 0.555570 0.831470 0.000000
vn 0.555570 0.831470 0.000000
f 1971/1971/1971 1972/1972/1972 1973/1973/1973
f 1971/1971/1971 1973/1973/1973 1974/1974/1974
v 1.659097 2.577784 0.520000
v 1.621209 2.506900 0.520000
v 1.621209 2.506900 0.700000
v 1.659097 2.577784 0.700000
vt 1.659097 3.097784
vt 1.621209 3.026900
vt 1.621209 3.206900
vt 1.659097 3.277784
vn -0.881921 0.471397 0.000000
vn -0.881921 0.471397 0.000000
vn -0.881921 0.471397 0.000000
vn -0.881921 0.471397 0.000000
f 1975/1975/1975 1976/1976/1976 1977/1977/1977
f 1975/1975/1975 1977/1977/1977 1978/1978/1978
v 1.621209 2.506900 0.520000
v 1.713597 2.468632 0.520000
v 1.713597 2.468632 0.700000
v 1.621209 2.506900 0.700000
vt 1.621209 3.026900
vt 1.713597 2.988632
vt 1.713597 3.168632
vt 1.621209 3.206900
vn -0.382683 -0.923880 0.000000
vn -0.382683 -0.923880 0.000000
vn -0.382683 -0.923880 0.000000
vn -0.382683 -0.923880 0.000000
f 1979/1979/1979 1980/1980/1980 1981/1981/1981
f 1979/1979/1979 1981/1981/1981 1982/1982/1982
v 1.713597 2.468632 0.520000
v 1.742244 2.522227 0.520000
v 1.742244 2.522227 0.700000
v 1.713597 2.468632 0.700000
vt 1.713597 2.988632
vt 1.742244 3.042227
vt 1.742244 3.222227
vt 1.713597 3.168632
vn 0.881921 -0.471397 0.000000
vn 0.881921 -0.471397 0.000000
vn 0.881921 -0.471397 0.000000
vn 0.881921 -0.471397 0.000000
f 1983/1983/1983 1984/1984/1984 1985/1985/1985
f 1983/1983/1983 1985/1985/1985 1986/1986/1986
v 1.713597 2.468632 0.700000
v 1.621209 2.506900 0.700000
v 1.597878 2.429987 0.700000
v 1.695957 2.410478 0.700000
vt 1.713597 3.168632
vt 1.621209 3.206900
vt 1.597878 3.129987
vt 1.695957 3.110478
vn 0.000000 0.000000 1.000000
vn 0.000000 0.000000 1.000000
vn 0.000000 0.000000 1.000000
vn 0.000000 0.000000 1.000000
f 1987/1987/1987 1988/1988/1988 1989/1989/1989
f 1987/1987/1987 1989/1989/1989 1990/1990/1990
v 1.695957 2.410478 0.520000
v 1.597878 2.429987 0.520000
v 1.621209 2.506900 0.520000
v 1.713597 2.468632 0.520000
vt 1.695957 2.930478
vt 1.597878 2.949987
vt 1.621209 3.026900
vt 1.713597 2.988632
vn 0.000000 0.000000 -1.000000
vn 0.000000 0.000000 -1.000000
vn 0.000000 0.000000 -1.000000
vn 0.000000 0.000000 -1.000000
f 1991/1991/1991 1992/1992/1992 1993/1993/1993
f 1991/1991/1991 1993/1993/1993 1994/1994/1994
v 1.713597 2.468632 0.520000
v 1.621209 2.506900 0.520000
v 1.621209 2.506900 0.700000
v 1.713597 2.468632 0.700000
vt 1.713597 2.988632
vt 1.621209 3.026900
vt 1.621209 3.206900
vt 1.713597 3.168632
vn 0.382683 0.923880 0.000000
vn 0.382683 0.923880 0.000000
vn 0.382683 0.923880 0.000000
vn 0.382683 0.923880 0.000000
f 1995/1995/1995 1996/1996/1996 1997/1997/1997
f 1995/1995/1995 1997/1997/1997 1998/1998/1998
v 1.621209 2.506900 0.520000
v 1.597878 2.429987 0.520000
v 1.597878 2.429987 0.700000
v 1.621209 2.506900 0.700000
vt 1.621209 3.026900
vt 1.597878 2.949987
vt 1.597878 3.129987
vt 1.621209 3.206900
vn -0.956940 0.290285 0.000000
vn -0.956940 0.290285 0.000000
vn -0.956940 0.290285 0.000000
vn -0.956940 0.290285 0.000000
f 1999/1999/1999 2000/2000/2000 2001/2001/2001
f 1999/1999/1999 2001/2001/2001 2002/2002/2002
v 1.597878 2.429987 0.520000
v 1.695957 2.410478 0.520000
v 1.695957 2.410478 0.700000
v 1.597878 2.429987 0.700000
vt 1.597878 2.949987
vt 1.695957 2.930478
vt 1.695957 3.110478
vt 1.597878 3.129987
vn -0.195090 -0.980785 0.000000
vn -0.195090 -0.980785 0.000000
vn -0.195090 -0.980785 0.000000
vn -0.195090 -0.980785 0.000000
f 2003/2003/2003 2004/2004/2004 2005/2005/2005
f 2003/2003/2003 2005/2005/2005 2006/2006/2006
v 1.695957 2.410478 0.520000
v 1.713597 2.468632 0.520000
v 1.713597 2.468632 0.700000
v 1.695957 2.410478 0.700000
vt 1.695957 2.930478
vt 1.713597 2.988632
vt 1.713597 3.168632
vt 1.695957 3.110478
vn 0.956940 -0.290285 0.000000
vn 0.956940 -0.290285 0.000000
vn 0.956940 -0.290285 0.000000
vn 0.956940 -0.290285 0.000000
f 2007/2007/2007 2008/2008/2008 2009/2009/2009
f 2007/2007/2007 2009/2009/2009 2010/2010/2010
v 1.695957 2.410478 0.700000
v 1.597878 2.429987 0.700000
v 1.590000 2.350000 0.700000
v 1.690000 2.350000 0.700000
vt 1.695957 3.110478
vt 1.597878 3.129987
vt 1.590000 3.050000
vt 1.690000 3.050000
vn 0.000000 0.000000 1.000000
vn 0.000000 0.000000 1.000000
vn 0.000000 0.000000 1.000000
vn 0.000000 0.000000 1.000000
f 2011/2011/2011 2012/2012/2012 2013/2013/2013
f 2011/2011/2011 2013/2013/2013 2014/2014/2014
v 1.690000 2.350000 0.520000
v 1.590000 2.350000 0.520000
v 1.597878 2.429987 0.520000
v 1.695957 2.410478 0.520000
vt 1.690000 2.870000
vt 1.590000 2.870000
vt 1.597878 2.949987
vt 1.695957 2.930478
vn 0.000000 0.000000 -1.000000
vn 0.000000 0.000000 -1.000000
vn 0.000000 0.000000 -1.000000
vn 0.000000 0.000000 -1.000000
f 2015/2015/2015 2016/2016/2016 2017/2017/2017
f 2015/2015/2015 2017/2017/2017 2018/2018/2018
v 1.695957 2.410478 0.520000
v 1.597878 2.429987 0.520000
v 1.597878 2.429987 0.700000
v 1.695957 2.410478 0.700000
vt 1.695957 2.930478
vt 1.597878 2.949987
vt 1.597878 3.129987
vt 1.695957 3.110478
vn 0.195090 0.980785 0.000000
vn 0.195090 0.980785 0.000000
vn 0.195090 0.980785 0.000000
vn 0.195090 0.980785 0.000000
f 2019/2019/2019 2020/2020/2020 2021/2021/2021
f 2019/2019/2019 2021/2021/2021 2022/2022/2022
v 1.597878 2.429987 0.520000
v 1.590000 2.350000 0.520000
v 1.590000 2.350000 0.700000
v 1.597878 2.429987 0.700000
vt 1.597878 2.949987
vt 1.590000 2.870000
vt 1.590000 3.050000
vt 1.597878 3.129987
vn -0.995185 0.098017 0.000000
vn -0.995185 0.098017 0.000000
vn -0.995185 0.098017 0.000000
vn -0.995185 0.098017 0.000000
f 2023/2023/2023 2024/2024/2024 2025/2025/2025
f 2023/2023/2023 2025/2025/2025 2026/2026/2026
v 1.590000 2.350000 0.520000
v 1.690000 2.350000 0.520000
v 1.690000 2.350000 0.700000
v 1.590000 2.350000 0.700000
vt 1.590000 2.870000
vt 1.690000 2.870000
vt 1.690000 3.050000
vt 1.590000 3.050000
vn 0.000000 -1.000000 0.000000
vn 0.000000 -1.000000 0.000000
vn 0.000000 -1.000000 0.000000
vn 0.000000 -1.000000 0.000000
f 2027/2027/2027 2028/2028/2028 2029/2029/2029
f 2027/2027/2027 2029/2029/2029 2030/2030/2030
v 1.690000 2.350000 0.520000
v 1.695957 2.410478 0.520000
v 1.695957 2.410478 0.700000
v 1.690000 2.350000 0.700000
vt 1.690000 2.870000
vt 1.695957 2.930478
vt 1.695957 3.110478
vt 1.690000 3.050000
vn 0.995185 -0.098017 0.000000
vn 0.995185 -0.098017 0.000000
vn 0.995185 -0.098017 0.000000
vn 0.995185 -0.098017 0.000000
f 2031/2031/2031 2032/2032/2032 2033/2033/2033
f 2031/2031/2031 2033/2033/2033 2034/2034/2034
v 2.460000 1.080000 0.920000
v 2.460000 1.200000 0.920000
v 1.540000 1.200000 0.920000
v 1.540000 1.080000 0.920000
vt 2.460000 2.000000
vt 2.460000 2.120000
vt 1.540000 2.120000
vt 1.540000 2.000000
vn 0.000000 -0.000000 1.000000
vn 0.000000 -0.000000 1.000000
vn 0.000000 -0.000000 1.000000
vn 0.000000 -0.000000 1.000000
f 2035/2035/2035 2036/2036/2036 2037/2037/2037
f 2035/2035/2035 2037/2037/2037 2038/2038/2038
v 1.540000 1.200000 0.540000
v 2.460000 1.200000 0.540000
v 2.460000 1.080000 0.540000
v 1.540000 1.080000 0.540000
vt 1.540000 1.740000
vt 2.460000 1.740000
vt 2.460000 1.620000
vt 1.540000 1.620000
vn 0.000000 0.000000 -1.000000
vn 0.000000 0.000000 -1.000000
vn 0.000000 0.000000 -1.000000
vn 0.000000 0.000000 -1.000000
f 2039/2039/2039 2040/2040/2040 2041/2041/2041
f 2039/2039/2039 2041/2041/2041 2042/2042/2042
v 1.540000 1.200000 0.920000
v 1.540000 1.200000 0.540000
v 1.540000 1.080000 0.540000
v 1.540000 1.080000 0.920000
vt 1.540000 2.120000
vt 1.540000 1.740000
vt 1.540000 1.620000
vt 1.540000 2.000000
vn -1.000000 0.000000 -0.000000
vn -1.000000 0.000000 -0.000000
vn -1.000000 0.000000 -0.000000
vn -1.000000 0.000000 -0.000000
f 2043/2043/2043 2044/2044/2044 2045/2045/2045
f 2043/2043/2043 2045/2045/2045 2046/2046/2046
v 2.460000 1.080000 0.540000
v 2.460000 1.200000 0.540000
v 2.460000 1.200000 0.920000
v 2.460000 1.080000 0.920000
vt 2.460000 1.620000
vt 2.460000 1.740000
vt 2.460000 2.120000
vt 2.460000 2.000000
vn 1.000000 0.000000 0.000000
vn 1.000000 0.000000 0.000000
vn 1.000000 0.000000 0.000000
vn 1.000000 0.000000 0.000000
f 2047/2047/2047 2048/2048/2048 2049/2049/2049
f 2047/2047/2047 2049/2049/2049 2050/2050/2050
v 1.540000 1.080000 0.540000
v 2.460000 1.080000 0.540000
v 2.460000 1.080000 0.920000
v 1.540000 1.080000 0.920000
vt 1.540000 1.620000
vt 2.460000 1.620000
vt 2.460000 2.000000
vt 1.540000 2.000000
vn 0.000000 -1.000000 0.000000
vn 0.000000 -1.000000 0.000000
vn 0.000000 -1.000000 0.000000
vn 0.000000 -1.000000 0.000000
f 2051/2051/2051 2052/2052/2052 2053/2053/2053
f 2051/2051/2051 2053/2053/2053 2054/2054/2054
v 2.460000 1.200000 0.920000
v 2.460000 1.200000 0.540000
v 1.540000 1.200000 0.540000
v 1.540000 1.200000 0.920000
vt 2.460000 2.120000
vt 2.460000 1.740000
vt 1.540000 1.740000
vt 1.540000 2.120000
vn 0.000000 1.000000 0.000000
vn 0.000000 1.000000 0.000000
vn 0.000000 1.000000 0.000000
vn 0.000000 1.000000 0.000000
f 2055/2055/2055 2056/2056/2056 2057/2057/2057
f 2055/2055/2055 2057/2057/2057 2058/2058/2058
v -0.460000 4.430000 0.730000
v -0.460000 5.040000 0.730000
v -0.590000 5.040000 0.730000
v -0.590000 4.430000 0.730000
vt -0.460000 5.160000
vt -0.460000 5.770000
vt -0.590000 5.770000
vt -0.590000 5.160000
vn 0.000000 -0.000000 1.000000
vn 0.000000 -0.000000 1.000000
vn 0.000000 -0.000000 1.000000
vn 0.000000 -0.000000 1.000000
f 2059/2059/2059 2060/2060/2060 2061/2061/2061
f 2059/2059/2059 2061/2061/2061 2062/2062/2062
v -0.590000 5.040000 0.530000
v -0.460000 5.040000 0.530000
v -0.460000 4.430000 0.530000
v -0.590000 4.430000 0.530000
vt -0.590000 5.570000
vt -0.460000 5.570000
vt -0.460000 4.960000
vt -0.590000 4.960000
vn 0.000000 0.000000 -1.000000
vn 0.000000 0.000000 -1.000000
vn 0.000000 0.000000 -1.000000
vn 0.000000 0.000000 -1.000000
f 2063/2063/2063 2064/2064/2064 2065/2065/2065
f 2063/2063/2063 2065/2065/2065 2066/2066/2066
v -0.590000 5.040000 0.730000
v -0.590000 5.040000 0.530000
v -0.590000 4.430000 0.530000
v -0.590000 4.430000 0.730000
vt -0.590000 5.770000
vt -0.590000 5.570000
vt -0.590000 4.960000
vt -0.590000 5.160000
vn -1.000000 0.000000 -0.000000
vn -1.000000 0.000000 -0.000000
vn -1.000000 0.000000 -0.000000
vn -1.000000 0.000000 -0.000000
f 2067/2067/2067 2068/2068/2068 2069/2069/2069
f 2067/2067/2067 2069/2069/2069 2070/2070/2070
v -0.460000 4.430000 0.530000
v -0.460000 5.040000 0.530000
v -0.460000 5.040000 0.730000
v -0.460000 4.430000 0.730000
vt -0.460000 4.960000
vt -0.460000 5.570000
vt -0.460000 5.770000
vt -0.460000 5.160000
vn 1.000000 0.000000 0.000000
vn 1.000000 0.000000 0.000000
vn 1.000000 0.000000 0.000000
vn 1.000000 0.000000 0.000000
f 2071/2071/2071 2072/2072/2072 2073/2073/2073
f 2071/2071/2071 2073/2073/2073 2074/2074/2074
v -0.590000 4.430000 0.530000
v -0.460000 4.430000 0.530000
v -0.460000 4.430000 0.730000
v -0.590000 4.430000 0.730000
vt -0.590000 4.960000
vt -0.460000 4.960000
vt -0.460000 5.160000
vt -0.590000 5.160000
vn 0.000000 -1.000000 0.000000
vn 0.000000 -1.000000 0.000000
vn 0.000000 -1.000000 0.000000
vn 0.000000 -1.000000 0.000000
f 2075/2075/2075 2076/2076/2076 2077/2077/2077
f 2075/2075/2075 2077/2077/2077 2078/2078/2078
v -0.460000 5.040000 0.730000
v -0.460000 5.040000 0.530000
v -0.590000 5.040000 0.530000
v -0.590000 5.040000 0.730000
vt -0.460000 5.770000
vt -0.460000 5.570000
vt -0.590000 5.570000
vt -0.590000 5.770000
vn 0.000000 1.000000 0.000000
vn 0.000000 1.000000 0.000000
vn 0.000000 1.000000 0.000000
vn 0.000000 1.000000 0.000000
f 2079/2079/2079 2080/2080/2080 2081/2081/2081
f 2079/2079/2079 2081/2081/2081 2082/2082/2082
v 0.590000 4.430000 0.730000
v 0.590000 5.040000 0.730000
v 0.460000 5.040000 0.730000
v 0.460000 4.430000 0.730000
vt 0.590000 5.160000
vt 0.590000 5.770000
vt 0.460000 5.770000
vt 0.460000 5.160000
vn 0.000000 -0.000000 1.000000
vn 0.000000 -0.000000 1.000000
vn 0.000000 -0.000000 1.000000
vn 0.000000 -0.000000 1.000000
f 2083/2083/2083 2084/2084/2084 2085/2085/2085
f 2083/2083/2083 2085/2085/2085 2086/2086/2086
v 0.460000 5.040000 0.530000
v 0.590000 5.040000 0.530000
v 0.590000 4.430000 0.530000
v 0.460000 4.430000 0.530000
vt 0.460000 5.570000
vt 0.590000 5.570000
vt 0.590000 4.960000
vt 0.460000 4.960000
vn 0.000000 0.000000 -1.000000
vn 0.000000 0.000000 -1.000000
vn 0.000000 0.000000 -1.000000
vn 0.000000 0.000000 -1.000000
f 2087/2087/2087 2088/2088/2088 2089/2089/2089
f 2087/2087/2087 2089/2089/2089 2090/2090/2090
v 0.460000 5.040000 0.730000
v 0.460000 5.040000 0.530000
v 0.460000 4.430000 0.530000
v 0.460000 4.430000 0.730000
vt 0.460000 5.770000
vt 0.460000 5.570000
vt 0.460000 4.960000
vt 0.460000 5.160000
vn -1.000000 0.000000 -0.000000
vn -1.000000 0.000000 -0.000000
vn -1.000000 0.000000 -0.000000
vn -1.000000 0.000000 -0.000000
f 2091/2091/2091 2092/2092/2092 2093/2093/2093
f 2091/2091/2091 2093/2093/2093 2094/2094/2094
v 0.590000 4.430000 0.530000
v 0.590000 5.040000 0.530000
v 0.590000 5.040000 0.730000
v 0.590000 4.430000 0.730000
vt 0.590000 4.960000
vt 0.590000 5.570000
vt 0.590000 5.770000
vt 0.590000 5.160000
vn 1.000000 0.000000 0.000000
vn 1.000000 0.000000 0.000000
vn 1.000000 0.000000 0.000000
vn 1.000000 0.000000 0.000000
f 2095/2095/2095 2096/2096/2096 2097/2097/2097
f 2095/2095/2095 2097/2097/2097 2098/2098/2098
v 0.460000 4.430000 0.530000
v 0.590000 4.430000 0.530000
v 0.590000 4.430000 0.730000
v 0.460000 4.430000 0.730000
vt 0.460000 4.960000
vt 0.590000 4.960000
vt 0.590000 5.160000
vt 0.460000 5.160000
vn 0.000000 -1.000000 0.000000
vn 0.000000 -1.000000 0.000000
vn 0.000000 -1.000000 0.000000
vn 0.000000 -1.000000 0.000000
f 2099/2099/2099 2100/2100/2100 2101/2101/2101
f 2099/2099/2099 2101/2101/2101 2102/2102/2102
v 0.590000 5.040000 0.730000
v 0.590000 5.040000 0.530000
v 0.460000 5.040000 0.530000
v 0.460000 5.040000 0.730000
vt 0.590000 5.770000
vt 0.590000 5.570000
vt 0.460000 5.570000
vt 0.460000 5.770000
vn 0.000000 1.000000 0.000000
vn 0.000000 1.000000 0.000000
vn 0.000000 1.000000 0.000000
vn 0.000000 1.000000 0.000000
f 2103/2103/2103 2104/2104/2104 2105/2105/2105
f 2103/2103/2103 2105/2105/2105 2106/2106/2106
v 0.460000 5.040000 0.730000
v 0.590000 5.040000 0.730000
v 0.578663 5.155103 0.730000
v 0.451161 5.129742 0.730000
vt 0.460000 5.770000
vt 0.590000 5.770000
vt 0.578663 5.885103
vt 0.451161 5.859742
vn 0.000000 0.000000 1.000000
vn 0.000000 0.000000 1.000000
vn 0.000000 0.000000 1.000000
vn 0.000000 0.000000 1.000000
f 2107/2107/2107 2108/2108/2108 2109/2109/2109
f 2107/2107/2107 2109/2109/2109 2110/2110/2110
v 0.451161 5.129742 0.530000
v 0.578663 5.155103 0.530000
v 0.590000 5.040000 0.530000
v 0.460000 5.040000 0.530000
vt 0.451161 5.659742
vt 0.578663 5.685103
vt 0.590000 5.570000
vt 0.460000 5.570000
vn 0.000000 0.000000 -1.000000
vn 0.000000 0.000000 -1.000000
vn 0.000000 0.000000 -1.000000
vn 0.000000 0.000000 -1.000000
f 2111/2111/2111 2112/2112/2112 2113/2113/2113
f 2111/2111/2111 2113/2113/2113 2114/2114/2114
v 0.460000 5.040000 0.530000
v 0.590000 5.040000 0.530000
v 0.590000 5.040000 0.730000
v 0.460000 5.040000 0.730000
vt 0.460000 5.570000
vt 0.590000 5.570000
vt 0.590000 5.770000
vt 0.460000 5.770000
vn 0.000000 -1.000000 0.000000
vn 0.000000 -1.000000 0.000000
vn 0.000000 -1.000000 0.000000
vn 0.000000 -1.000000 0.000000
f 2115/2115/2115 2116/2116/2116 2117/2117/2117
f 2115/2115/2115 2117/2117/2117 2118/2118/2118
v 0.590000 5.040000 0.530000
v 0.578663 5.155103 0.530000
v 0.578663 5.155103 0.730000
v 0.590000 5.040000 0.730000
vt 0.590000 5.570000
vt 0.578663 5.685103
vt 0.578663 5.885103
vt 0.590000 5.770000
vn 0.995185 0.098017 0.000000
vn 0.995185 0.098017 0.000000
vn 0.995185 0.098017 0.000000
vn 0.995185 0.098017 0.000000
f 2119/2119/2119 2120/2120/2120 2121/2121/2121
f 2119/2119/2119 2121/2121/2121 2122/2122/2122
v 0.578663 5.155103 0.530000
v 0.451161 5.129742 0.530000
v 0.451161 5.129742 0.730000
v 0.578663 5.155103 0.730000
vt 0.578663 5.685103
vt 0.451161 5.659742
vt 0.451161 5.859742
vt 0.578663 5.885103
vn -0.195090 0.980785 0.000000
vn -0.195090 0.980785 0.000000
vn -0.195090 0.980785 0.000000
vn -0.195090 0.980785 0.000000
f 2123/2123/2123 2124/2124/2124 2125/2125/2125
f 2123/2123/2123 2125/2125/2125 2126/2126/2126
v 0.451161 5.129742 0.530000
v 0.460000 5.040000 0.530000
v 0.460000 5.040000 0.730000
v 0.451161 5.129742 0.730000
vt 0.451161 5.659742
vt 0.460000 5.570000
vt 0.460000 5.770000
vt 0.451161 5.859742
vn -0.995185 -0.098017 0.000000
vn -0.995185 -0.098017 0.000000
vn -0.995185 -0.098017 0.000000
vn -0.995185 -0.098017 0.000000
f 2127/2127/2127 2128/2128/2128 2129/2129/2129
f 2127/2127/2127 2129/2129/2129 2130/2130/2130
v 0.451161 5.129742 0.730000
v 0.578663 5.155103 0.730000
v 0.545089 5.265783 0.730000
v 0.424985 5.216034 0.730000
vt 0.451161 5.859742
vt 0.578663 5.885103
vt 0.545089 5.995783
vt 0.424985 5.946034
vn 0.000000 0.000000 1.000000
vn 0.000000 0.000000 1.000000
vn 0.000000 0.000000 1.000000
vn 0.000000 0.000000 1.000000
f 2131/2131/2131 2132/2132/2132 2133/2133/2133
f 2131/2131/2131 2133/2133/2133 2134/2134/2134
v 0.424985 5.216034 0.530000
v 0.545089 5.265783 0.530000
v 0.578663 5.155103 0.530000
v 0.451161 5.129742 0.530000
vt 0.424985 5.746034
vt 0.545089 5.795783
vt 0.578663 5.685103
vt 0.451161 5.659742
vn 0.000000 0.000000 -1.000000
vn 0.000000 0.000000 -1.000000
vn 0.000000 0.000000 -1.000000
vn 0.000000 0.000000 -1.000000
f 2135/2135/2135 2136/2136/2136 2137/2137/2137
f 2135/2135/2135 2137/2137/2137 2138/2138/2138
v 0.451161 5.129742 0.530000
v 0.578663 5.155103 0.530000
v 0.578663 5.155103 0.730000
v 0.451161 5.129742 0.730000
vt 0.451161 5.659742
vt 0.578663 5.685103
vt 0.578663 5.885103
vt 0.451161 5.859742
vn 0.195090 -0.980785 0.000000
vn 0.195090 -0.980785 0.000000
vn 0.195090 -0.980785 0.000000
vn 0.195090 -0.980785 0.000000
f 2139/2139/2139 2140/2140/2140 2141/2141/2141
f 2139/2139/2139 2141/2141/2141 2142/2142/2142
v 0.578663 5.155103 0.530000
v 0.545089 5.265783 0.530000
v 0.545089 5.265783 0.730000
v 0.578663 5.155103 0.730000
vt 0.578663 5.685103
vt 0.545089 5.795783
vt 0.545089 5.995783
vt 0.578663 5.885103
vn 0.956940 0.290285 0.000000
vn 0.956940 0.290285 0.000000
vn 0.956940 0.290285 0.000000
vn 0.956940 0.290285 0.000000
f 2143/2143/2143 2144/2144/2144 2145/2145/2145
f 2143/2143/2143 2145/2145/2145 2146/2146/2146
v 0.545089 5.265783 0.530000
v 0.424985 5.216034 0.530000
v 0.424985 5.216034 0.730000
v 0.545089 5.265783 0.730000
vt 0.545089 5.795783
vt 0.424985 5.746034
vt 0.424985 5.946034
vt 0.545089 5.995783
vn -0.382683 0.923880 0.000000
vn -0.382683 0.923880 0.000000
vn -0.382683 0.923880 0.000000
vn -0.382683 0.923880 0.000000
f 2147/2147/2147 2148/2148/2148 2149/2149/2149
f 2147/2147/2147 2149/2149/2149 2150/2150/2150
v 0.424985 5.216034 0.530000
v 0.451161 5.129742 0.530000
v 0.451161 5.129742 0.730000
v 0.424985 5.216034 0.730000
vt 0.424985 5.746034
vt 0.451161 5.659742
vt 0.451161 5.859742
vt 0.424985 5.946034
vn -0.956940 -0.290285 0.000000
vn -0.956940 -0.290285 0.000000
vn -0.956940 -0.290285 0.000000
vn -0.956940 -0.290285 0.000000
f 2151/2151/2151 2152/2152/2152 2153/2153/2153
f 2151/2151/2151 2153/2153/2153 2154/2154/2154
v 0.424985 5.216034 0.730000
v 0.545089 5.265783 0.730000
v 0.490567 5.367786 0.730000
v 0.382476 5.295562 0.730000
vt 0.424985 5.946034
vt 0.545089 5.995783
vt 0.490567 6.097786
vt 0.382476 6.025562
vn 0.000000 0.000000 1.000000
vn 0.000000 0.000000 1.000000
vn 0.000000 0.000000 1.000000
vn 0.000000 0.000000 1.000000
f 2155/2155/2155 2156/2156/2156 2157/2157/2157
f 2155/2155/2155 2157/2157/2157 2158/2158/2158
v 0.382476 5.295562 0.530000
v 0.490567 5.367786 0.530000
v 0.545089 5.265783 0.530000
v 0.424985 5.216034 0.530000
vt 0.382476 5.825562
vt 0.490567 5.897786
vt 0.545089 5.795783
vt 0.424985 5.746034
vn 0.000000 0.000000 -1.000000
vn 0.000000 0.000000 -1.000000
vn 0.000000 0.000000 -1.000000
vn 0.000000 0.000000 -1.000000
f 2159/2159/2159 2160/2160/2160 2161/2161/2161
f 2159/2159/2159 2161/2161/2161 2162/2162/2162
v 0.424985 5.216034 0.530000
v 0.545089 5.265783 0.530000
v 0.545089 5.265783 0.730000
v 0.424985 5.216034 0.730000
vt 0.424985 5.746034
vt 0.545089 5.795783
vt 0.545089 5.995783
vt 0.424985 5.946034
vn 0.382683 -0.923880 0.000000
vn 0.382683 -0.923880 0.000000
vn 0.382683 -0.923880 0.000000
vn 0.382683 -0.923880 0.000000
f 2163/2163/2163 2164/2164/2164 2165/2165/2165
f 2163/2163/2163 2165/2165/2165 2166/2166/2166
v 0.545089 5.265783 0.530000
v 0.490567 5.367786 0.530000
v 0.490567 5.367786 0.730000
v 0.545089 5.265783 0.730000
vt 0.545089 5.795783
vt 0.490567 5.897786
vt 0.490567 6.097786
vt 0.545089 5.995783
vn 0.881921 0.471397 0.000000
vn 0.881921 0.471397 0.000000
vn 0.881921 0.471397 0.000000
vn 0.881921 0.471397 0.000000
f 2167/2167/2167 2168/2168/2168 2169/2169/2169
f 2167/2167/2167 2169/2169/2169 2170/2170/2170
v 0.490567 5.367786 0.530000
v 0.382476 5.295562 0.530000
v 0.382476 5.295562 0.730000
v 0.490567 5.367786 0.730000
vt 0.490567 5.897786
vt 0.382476 5.825562
vt 0.382476 6.025562
vt 0.490567 6.097786
vn -0.555570 0.831470 0.000000
vn -0.555570 0.831470 0.000000
vn -0.555570 0.831470 0.000000
vn -0.555570 0.831470 0.000000
f 2171/2171/2171 2172/2172/2172 2173/2173/2173
f 2171/2171/2171 2173/2173/2173 2174/2174/2174
v 0.382476 5.295562 0.530000
v 0.424985 5.216034 0.530000
v 0.424985 5.216034 0.730000
v 0.382476 5.295562 0.730000
vt 0.382476 5.825562
vt 0.424985 5.746034
vt 0.424985 5.946034
vt 0.382476 6.025562
vn -0.881921 -0.471397 0.000000
vn -0.881921 -0.471397 0.000000
vn -0.881921 -0.471397 0.000000
vn -0.881921 -0.471397 0.000000
f 2175/2175/2175 2176/2176/2176 2177/2177/2177
f 2175/2175/2175 2177/2177/2177 2178/2178/2178
v 0.382476 5.295562 0.730000
v 0.490567 5.367786 0.730000
v 0.417193 5.457193 0.730000
v 0.325269 5.365269 0.730000
vt 0.382476 6.025562
vt 0.490567 6.097786
vt 0.417193 6.187193
vt 0.325269 6.095269
vn 0.000000 0.000000 1.000000
vn 0.000000 0.000000 1.000000
vn 0.000000 0.000000 1.000000
vn 0.000000 0.000000 1.000000
f 2179/2179/2179 2180/2180/2180 2181/2181/2181
f 2179/2179/2179 2181/2181/2181 2182/2182/2182
v 0.325269 5.365269 0.530000
v 0.417193 5.457193 0.530000
v 0.490567 5.367786 0.530000
v 0.382476 5.295562 0.530000
vt 0.325269 5.895269
vt 0.417193 5.987193
vt 0.490567 5.897786
vt 0.382476 5.825562
vn 0.000000 0.000000 -1.000000
vn 0.000000 0.000000 -1.000000
vn 0.000000 0.000000 -1.000000
vn 0.000000 0.000000 -1.000000
f 2183/2183/2183 2184/2184/2184 2185/2185/2185
f 2183/2183/2183 2185/2185/2185 2186/2186/2186
v 0.382476 5.295562 0.530000
v 0.490567 5.367786 0.530000
v 0.490567 5.367786 0.730000
v 0.382476 5.295562 0.730000
vt 0.382476 5.825562
vt 0.490567 5.897786
vt 0.490567 6.097786
vt 0.382476 6.025562
vn 0.555570 -0.831470 0.000000
vn 0.555570 -0.831470 0.000000
vn 0.555570 -0.831470 0.000000
vn 0.555570 -0.831470 0.000000
f 2187/2187/2187 2188/2188/2188 2189/2189/2189
f 2187/2187/2187 2189/2189/2189 2190/2190/2190
v 0.490567 5.367786 0.530000
v 0.417193 5.457193 0.530000
v 0.417193 5.457193 0.730000
v 0.490567 5.367786 0.730000
vt 0.490567 5.897786
vt 0.417193 5.987193
vt 0.417193 6.187193
vt 0.490567 6.097786
vn 0.773010 0.634393 0.000000
vn 0.773010 0.634393 0.000000
vn 0.773010 0.634393 0.000000
vn 0.773010 0.634393 0.000000
f 2191/2191/2191 2192/2192/2192 2193/2193/2193
f 2191/2191/2191 2193/2193/2193 2194/2194/2194
v 0.417193 5.457193 0.530000
v 0.325269 5.365269 0.530000
v 0.325269 5.365269 0.730000
v 0.417193 5.457193 0.730000
vt 0.417193 5.987193
vt 0.325269 5.895269
vt 0.325269 6.095269
vt 0.417193 6.187193
vn -0.707107 0.707107 0.000000
vn -0.707107 0.707107 0.000000
vn -0.707107 0.707107 0.000000
vn -0.707107 0.707107 0.000000
f 2195/2195/2195 2196/2196/2196 2197/2197/2197
f 2195/2195/2195 2197/2197/2197 2198/2198/2198
v 0.325269 5.365269 0.530000
v 0.382476 5.295562 0.530000
v 0.382476 5.295562 0.730000
v 0.325269 5.365269 0.730000
vt 0.325269 5.895269
vt 0.382476 5.825562
vt 0.382476 6.025562
vt 0.325269 6.095269
vn -0.773010 -0.634393 0.000000
vn -0.773010 -0.634393 0.000000
vn -0.773010 -0.634393 0.000000
vn -0.773010 -0.634393 0.000000
f 2199/2199/2199 2200/2200/2200 2201/2201/2201
f 2199/2199/2199 2201/2201/2201 2202/2202/2202
v 0.325269 5.365269 0.730000
v 0.417193 5.457193 0.730000
v 0.327786 5.530567 0.730000
v 0.255562 5.422476 0.730000
vt 0.325269 6.095269
vt 0.417193 6.187193
vt 0.327786 6.260567
vt 0.255562 6.152476
vn 0.000000 0.000000 1.000000
vn 0.000000 0.000000 1.000000
vn 0.000000 0.000000 1.000000
vn 0.000000 0.000000 1.000000
f 2203/2203/2203 2204/2204/2204 2205/2205/2205
f 2203/2203/2203 2205/2205/2205 2206/2206/2206
v 0.255562 5.422476 0.530000
v 0.327786 5.530567 0.530000
v 0.417193 5.457193 0.530000
v 0.325269 5.365269 0.530000
vt 0.255562 5.952476
vt 0.327786 6.060567
vt 0.417193 5.987193
vt 0.325269 5.895269
vn 0.000000 0.000000 -1.000000
vn 0.000000 0.000000 -1.000000
vn 0.000000 0.000000 -1.000000
vn 0.000000 0.000000 -1.000000
f 2207/2207/2207 2208/2208/2208 2209/2209/2209
f 2207/2207/2207 2209/2209/2209 2210/2210/2210
v 0.325269 5.365269 0.530000
v 0.417193 5.457193 0.530000
v 0.417193 5.457193 0.730000
v 0.325269 5.365269 0.730000
vt 0.325269 5.895269
vt 0.417193 5.987193
vt 0.417193 6.187193
vt 0.325269 6.095269
vn 0.707107 -0.707107 0.000000
vn 0.707107 -0.707107 0.000000
vn 0.707107 -0.707107 0.000000
vn 0.707107 -0.707107 0.000000
f 2211/2211/2211 2212/2212/2212 2213/2213/2213
f 2211/2211/2211 2213/2213/2213 2214/2214/2214
v 0.417193 5.457193 0.530000
v 0.327786 5.530567 0.530000
v 0.327786 5.530567 0.730000
v 0.417193 5.457193 0.730000
vt 0.417193 5.987193
vt 0.327786 6.060567
vt 0.327786 6.260567
vt 0.417193 6.187193
vn 0.634393 0.773010 0.000000
vn 0.634393 0.773010 0.000000
vn 0.634393 0.773010 0.000000
vn 0.634393 0.773010 0.000000
f 2215/2215/2215 2216/2216/2216 2217/2217/2217
f 2215/2215/2215 2217/2217/2217 2218/2218/2218
v 0.327786 5.530567 0.530000
v 0.255562 5.422476 0.530000
v 0.255562 5.422476 0.730000
v 0.327786 5.530567 0.730000
vt 0.327786 6.060567
vt 0.255562 5.952476
vt 0.255562 6.152476
vt 0.327786 6.260567
vn -0.831470 0.555570 0.000000
vn -0.831470 0.555570 0.000000
vn -0.831470 0.555570 0.000000
vn -0.831470 0.555570 0.000000
f 2219/2219/2219 2220/2220/2220 2221/2221/2221
f 2219/2219/2219 2221/2221/2221 2222/2222/2222
v 0.255562 5.422476 0.530000
v 0.325269 5.365269 0.530000
v 0.325269 5.365269 0.730000
v 0.255562 5.422476 0.730000
vt 0.255562 5.952476
vt 0.325269 5.895269
vt 0.325269 6.095269
vt 0.255562 6.152476
vn -0.634393 -0.773010 0.000000
vn -0.634393 -0.773010 0.000000
vn -0.634393 -0.773010 0.000000
vn -0.634393 -0.773010 0.000000
f 2223/2223/2223 2224/2224/2224 2225/2225/2225
f 2223/2223/2223 2225/2225/2225 2226/2226/2226
v 0.255562 5.422476 0.730000
v 0.327786 5.530567 0.730000
v 0.225783 5.585089 0.730000
v 0.176034 5.464985 0.730000
vt 0.255562 6.152476
vt 0.327786 6.260567
vt 0.225783 6.315089
vt 0.176034 6.194985
vn 0.000000 -0.000000 1.000000
vn 0.000000 -0.000000 1.000000
vn 0.000000 -0.000000 1.000000
vn 0.000000 -0.000000 1.000000
f 2227/2227/2227 2228/2228/2228 2229/2229/2229
f 2227/2227/2227 2229/2229/2229 2230/2230/2230
v 0.176034 5.464985 0.530000
v 0.225783 5.585089 0.530000
v 0.327786 5.530567 0.530000
v 0.255562 5.422476 0.530000
vt 0.176034 5.994985
vt 0.225783 6.115089
vt 0.327786 6.060567
vt 0.255562 5.952476
vn 0.000000 0.000000 -1.000000
vn 0.000000 0.000000 -1.000000
vn 0.000000 0.000000 -1.000000
vn 0.000000 0.000000 -1.000000
f 2231/2231/2231 2232/2232/2232 2233/2233/2233
f 2231/2231/2231 2233/2233/2233 2234/2234/2234
v 0.255562 5.422476 0.530000
v 0.327786 5.530567 0.530000
v 0.327786 5.530567 0.730000
v 0.255562 5.422476 0.730000
vt 0.255562 5.952476
vt 0.327786 6.060567
vt 0.327786 6.260567
vt 0.255562 6.152476
vn 0.831470 -0.555570 0.000000
vn 0.831470 -0.555570 0.000000
vn 0.831470 -0.555570 0.000000
vn 0.831470 -0.555570 0.000000
f 2235/2235/2235 2236/2236/2236 2237/2237/2237
f 2235/2235/2235 2237/2237/2237 2238/2238/2238
v 0.327786 5.530567 0.530000
v 0.225783 5.585089 0.530000
v 0.225783 5.585089 0.730000
v 0.327786 5.530567 0.730000
vt 0.327786 6.060567
vt 0.225783 6.115089
vt 0.225783 6.315089
vt 0.327786 6.260567
vn 0.471397 0.881921 0.000000
vn 0.471397 0.881921 0.000000
vn 0.471397 0.881921 0.000000
vn 0.471397 0.881921 0.000000
f 2239/2239/2239 2240/2240/2240 2241/2241/2241
f 2239/2239/2239 2241/2241/2241 2242/2242/2242
v 0.225783 5.585089 0.530000
v 0.176034 5.464985 0.530000
v 0.176034 5.464985 0.730000
v 0.225783 5.585089 0.730000
vt 0.225783 6.115089
vt 0.176034 5.994985
vt 0.176034 6.194985
vt 0.225783 6.315089
vn -0.923880 0.382683 0.000000
vn -0.923880 0.382683 0.000000
vn -0.923880 0.382683 0.000000
vn -0.923880 0.382683 0.000000
f 2243/2243/2243 2244/2244/2244 2245/2245/2245
f 2243/2243/2243 2245/2245/2245 2246/2246/2246
v 0.176034 5.464985 0.530000
v 0.255562 5.422476 0.530000
v 0.255562 5.422476 0.730000
v 0.176034 5.464985 0.730000
vt 0.176034 5.994985
vt 0.255562 5.952476
vt 0.255562 6.152476
vt 0.176034 6.194985
vn -0.471397 -0.881921 0.000000
vn -0.471397 -0.881921 0.000000
vn -0.471397 -0.881921 0.000000
vn -0.471397 -0.881921 0.000000
f 2247/2247/2247 2248/2248/2248 2249/2249/2249
f 2247/2247/2247 2249/2249/2249 2250/2250/2250
v 0.176034 5.464985 0.730000
v 0.225783 5.585089 0.730000
v 0.115103 5.618663 0.730000
v 0.089742 5.491161 0.730000
vt 0.176034 6.194985
vt 0.225783 6.315089
vt 0.115103 6.348663
vt 0.089742 6.221161
vn 0.000000 -0.000000 1.000000
vn 0.000000 -0.000000 1.000000
vn 0.000000 -0.000000 1.000000
vn 0.000000 -0.000000 1.000000
f 2251/2251/2251 2252/2252/2252 2253/2253/2253
f 2251/2251/2251 2253/2253/2253 2254/2254/2254
v 0.089742 5.491161 0.530000
v 0.115103 5.618663 0.530000
v 0.225783 5.585089 0.530000
v 0.176034 5.464985 0.530000
vt 0.089742 6.021161
vt 0.115103 6.148663
vt 0.225783 6.115089
vt 0.176034 5.994985
vn 0.000000 0.000000 -1.000000
vn 0.000000 0.000000 -1.000000
vn 0.000000 0.000000 -1.000000
vn 0.000000 0.000000 -1.000000
f 2255/2255/2255 2256/2256/2256 2257/2257/2257
f 2255/2255/2255 2257/2257/2257 2258/2258/2258
v 0.176034 5.464985 0.530000
v 0.225783 5.585089 0.530000
v 0.225783 5.585089 0.730000
v 0.176034 5.464985 0.730000
vt 0.176034 5.994985
vt 0.225783 6.115089
vt 0.225783 6.315089
vt 0.176034 6.194985
vn 0.923880 -0.382683 0.000000
vn 0.923880 -0.382683 0.000000
vn 0.923880 -0.382683 0.000000
vn 0.923880 -0.382683 0.000000
f 2259/2259/2259 2260/2260/2260 2261/2261/2261
f 2259/2259/2259 2261/2261/2261 2262/2262/2262
v 0.225783 5.585089 0.530000
v 0.115103 5.618663 0.530000
v 0.115103 5.618663 0.730000
v 0.225783 5.585089 0.730000
vt 0.225783 6.115089
vt 0.115103 6.148663
vt 0.115103 6.348663
vt 0.225783 6.315089
vn 0.290285 0.956940 0.000000
vn 0.290285 0.956940 0.000000
vn 0.290285 0.956940 0.000000
vn 0.290285 0.956940 0.000000
f 2263/2263/2263 2264/2264/2264 2265/2265/2265
f 2263/2263/2263 2265/2265/2265 2266/2266/2266
v 0.115103 5.618663 0.530000
v 0.089742 5.491161 0.530000
v 0.089742 5.491161 0.730000
v 0.115103 5.618663 0.730000
vt 0.115103 6.148663
vt 0.089742 6.021161
vt 0.089742 6.221161
vt 0.115103 6.348663
vn -0.980785 0.195090 0.000000
vn -0.980785 0.195090 0.000000
vn -0.980785 0.195090 0.000000
vn -0.980785 0.195090 0.000000
f 2267/2267/2267 2268/2268/2268 2269/2269/2269
f 2267/2267/2267 2269/2269/2269 2270/2270/2270
v 0.089742 5.491161 0.530000
v 0.176034 5.464985 0.530000
v 0.176034 5.464985 0.730000
v 0.089742 5.491161 0.730000
vt 0.089742 6.021161
vt 0.176034 5.994985
vt 0.176034 6.194985
vt 0.089742 6.221161
vn -0.290285 -0.956940 0.000000
vn -0.290285 -0.956940 0.000000
vn -0.290285 -0.956940 0.000000
vn -0.290285 -0.956940 0.000000
f 2271/2271/2271 2272/2272/2272 2273/2273/2273
f 2271/2271/2271 2273/2273/2273 2274/2274/2274
v 0.089742 5.491161 0.730000
v 0.115103 5.618663 0.730000
v 0.000000 5.630000 0.730000
v 0.000000 5.500000 0.730000
vt 0.089742 6.221161
vt 0.115103 6.348663
vt 0.000000 6.360000
vt 0.000000 6.230000
vn 0.000000 -0.000000 1.000000
vn 0.000000 -0.000000 1.000000
vn 0.000000 -0.000000 1.000000
vn 0.000000 -0.000000 1.000000
f 2275/2275/2275 2276/2276/2276 2277/2277/2277
f 2275/2275/2275 2277/2277/2277 2278/2278/2278
v 0.000000 5.500000 0.530000
v 0.000000 5.630000 0.530000
v 0.115103 5.618663 0.530000
v 0.089742 5.491161 0.530000
vt 0.000000 6.030000
vt 0.000000 6.160000
vt 0.115103 6.148663
vt 0.089742 6.021161
vn 0.000000 0.000000 -1.000000
vn 0.000000 0.000000 -1.000000
vn 0.000000 0.000000 -1.000000
vn 0.000000 0.000000 -1.000000
f 2279/2279/2279 2280/2280/2280 2281/2281/2281
f 2279/2279/2279 2281/2281/2281 2282/2282/2282
v 0.089742 5.491161 0.530000
v 0.115103 5.618663 0.530000
v 0.115103 5.618663 0.730000
v 0.089742 5.491161 0.730000
vt 0.089742 6.021161
vt 0.115103 6.148663
vt 0.115103 6.348663
vt 0.089742 6.221161
vn 0.980785 -0.195090 0.000000
vn 0.980785 -0.195090 0.000000
vn 0.980785 -0.195090 0.000000
vn 0.980785 -0.195090 0.000000
f 2283/2283/2283 2284/2284/2284 2285/2285/2285
f 2283/2283/2283 2285/2285/2285 2286/2286/2286
v 0.115103 5.618663 0.530000
v 0.000000 5.630000 0.530000
v 0.000000 5.630000 0.730000
v 0.115103 5.618663 0.730000
vt 0.115103 6.148663
vt 0.000000 6.160000
vt 0.000000 6.360000
vt 0.115103 6.348663
vn 0.098017 0.995185 0.000000
vn 0.098017 0.995185 0.000000
vn 0.098017 0.995185 0.000000
vn 0.098017 0.995185 0.000000
f 2287/2287/2287 2288/2288/2288 2289/2289/2289
f 2287/2287/2287 2289/2289/2289 2290/2290/2290
v 0.000000 5.630000 0.530000
v 0.000000 5.500000 0.530000
v 0.000000 5.500000 0.730000
v 0.000000 5.630000 0.730000
vt 0.000000 6.160000
vt 0.000000 6.030000
vt 0.000000 6.230000
vt 0.000000 6.360000
vn -1.000000 0.000000 0.000000
vn -1.000000 0.000000 0.000000
vn -1.000000 0.000000 0.000000
vn -1.000000 0.000000 0.000000
f 2291/2291/2291 2292/2292/2292 2293/2293/2293
f 2291/2291/2291 2293/2293/2293 2294/2294/2294
v 0.000000 5.500000 0.530000
v 0.089742 5.491161 0.530000
v 0.089742 5.491161 0.730000
v 0.000000 5.500000 0.730000
vt 0.000000 6.030000
vt 0.089742 6.021161
vt 0.089742 6.221161
vt 0.000000 6.230000
vn -0.098017 -0.995185 0.000000
vn -0.098017 -0.995185 0.000000
vn -0.098017 -0.995185 0.000000
vn -0.098017 -0.995185 0.000000
f 2295/2295/2295 2296/2296/2296 2297/2297/2297
f 2295/2295/2295 2297/2297/2297 2298/2298/2298
v 0.000000 5.500000 0.730000
v 0.000000 5.630000 0.730000
v -0.115103 5.618663 0.730000
v -0.089742 5.491161 0.730000
vt 0.000000 6.230000
vt 0.000000 6.360000
vt -0.115103 6.348663
vt -0.089742 6.221161
vn 0.000000 -0.000000 1.000000
vn 0.000000 -0.000000 1.000000
vn 0.000000 -0.000000 1.000000
vn 0.000000 -0.000000 1.000000
f 2299/2299/2299 2300/2300/2300 2301/2301/2301
f 2299/2299/2299 2301/2301/2301 2302/2302/2302
v -0.089742 5.491161 0.530000
v -0.115103 5.618663 0.530000
v 0.000000 5.630000 0.530000
v 0.000000 5.500000 0.530000
vt -0.089742 6.021161
vt -0.115103 6.148663
vt 0.000000 6.160000
vt 0.000000 6.030000
vn 0.000000 0.000000 -1.000000
vn 0.000000 0.000000 -1.000000
vn 0.000000 0.000000 -1.000000
vn 0.000000 0.000000 -1.000000
f 2303/2303/2303 2304/2304/2304 2305/2305/2305
f 2303/2303/2303 2305/2305/2305 2306/2306/2306
v 0.000000 5.500000 0.530000
v 0.000000 5.630000 0.530000
v 0.000000 5.630000 0.730000
v 0.000000 5.500000 0.730000
vt 0.000000 6.030000
vt 0.000000 6.160000
vt 0.000000 6.360000
vt 0.000000 6.230000
vn 1.000000 -0.000000 0.000000
vn 1.000000 -0.000000 0.000000
vn 1.000000 -0.000000 0.000000
vn 1.000000 -0.000000 0.000000
f 2307/2307/2307 2308/2308/2308 2309/2309/2309
f 2307/2307/2307 2309/2309/2309 2310/2310/2310
v 0.000000 5.630000 0.530000
v -0.115103 5.618663 0.530000
v -0.115103 5.618663 0.730000
v 0.000000 5.630000 0.730000
vt 0.000000 6.160000
vt -0.115103 6.148663
vt -0.115103 6.348663
vt 0.000000 6.360000
vn -0.098017 0.995185 0.000000
vn -0.098017 0.995185 0.000000
vn -0.098017 0.995185 0.000000
vn -0.098017 0.995185 0.000000
f 2311/2311/2311 2312/2312/2312 2313/2313/2313
f 2311/2311/2311 2313/2313/2313 2314/2314/2314
v -0.115103 5.618663 0.530000
v -0.089742 5.491161 0.530000
v -0.089742 5.491161 0.730000
v -0.115103 5.618663 0.730000
vt -0.115103 6.148663
vt -0.089742 6.021161
vt -0.089742 6.221161
vt -0.115103 6.348663
vn -0.980785 -0.195090 0.000000
vn -0.980785 -0.195090 0.000000
vn -0.980785 -0.195090 0.000000
vn -0.980785 -0.195090 0.000000
f 2315/2315/2315 2316/2316/2316 2317/2317/2317
f 2315/2315/2315 2317/2317/2317 2318/2318/2318
v -0.089742 5.491161 0.530000
v 0.000000 5.500000 0.530000
v 0.000000 5.500000 0.730000
v -0.089742 5.491161 0.730000
vt -0.089742 6.021161
vt 0.000000 6.030000
vt 0.000000 6.230000
vt -0.089742 6.221161
vn 0.098017 -0.995185 0.000000
vn 0.098017 -0.995185 0.000000
vn 0.098017 -0.995185 0.000000
vn 0.098017 -0.995185 0.000000
f 2319/2319/2319 2320/2320/2320 2321/2321/2321
f 2319/2319/2319 2321/2321/2321 2322/2322/2322
v -0.089742 5.491161 0.730000
v -0.115103 5.618663 0.730000
v -0.225783 5.585089 0.730000
v -0.176034 5.464985 0.730000
vt -0.089742 6.221161
vt -0.115103 6.348663
vt -0.225783 6.315089
vt -0.176034 6.194985
vn 0.000000 0.000000 1.000000
vn 0.000000 0.000000 1.000000
vn 0.000000 0.000000 1.000000
vn 0.000000 0.000000 1.000000
f 2323/2323/2323 2324/2324/2324 2325/2325/2325
f 2323/2323/2323 2325/2325/2325 2326/2326/2326
v -0.176034 5.464985 0.530000
v -0.225783 5.585089 0.530000
v -0.115103 5.618663 0.530000
v -0.089742 5.491161 0.530000
vt -0.176034 5.994985
vt -0.225783 6.115089
vt -0.115103 6.148663
vt -0.089742 6.021161
vn 0.000000 0.000000 -1.000000
vn 0.000000 0.000000 -1.000000
vn 0.000000 0.000000 -1.000000
vn 0.000000 0.000000 -1.000000
f 2327/2327/2327 2328/2328/2328 2329/2329/2329
f 2327/2327/2327 2329/2329/2329 2330/2330/2330
v -0.089742 5.491161 0.530000
v -0.115103 5.618663 0.530000
v -0.115103 5.618663 0.730000
v -0.089742 5.491161 0.730000
vt -0.089742 6.021161
vt -0.115103 6.148663
vt -0.115103 6.348663
vt -0.089742 6.221161
vn 0.980785 0.195090 0.000000
vn 0.980785 0.195090 0.000000
vn 0.980785 0.195090 0.000000
vn 0.980785 0.195090 0.000000
f 2331/2331/2331 2332/2332/2332 2333/2333/2333
f 2331/2331/2331 2333/2333/2333 2334/2334/2334
v -0.115103 5.618663 0.530000
v -0.225783 5.585089 0.530000
v -0.225783 5.585089 0.730000
v -0.115103 5.618663 0.730000
vt -0.115103 6.148663
vt -0.225783 6.115089
vt -0.225783 6.315089
vt -0.115103 6.348663
vn -0.290285 0.956940 0.000000
vn -0.290285 0.956940 0.000000
vn -0.290285 0.956940 0.000000
vn -0.290285 0.956940 0.000000
f 2335/2335/2335 2336/2336/2336 2337/2337/2337
f 2335/2335/2335 2337/2337/2337 2338/2338/2338
v -0.225783 5.585089 0.530000
v -0.176034 5.464985 0.530000
v -0.176034 5.464985 0.730000
v -0.225783 5.585089 0.730000
vt -0.225783 6.115089
vt -0.176034 5.994985
vt -0.176034 6.194985
vt -0.225783 6.315089
vn -0.923880 -0.382683 0.000000
vn -0.923880 -0.382683 0.000000
vn -0.923880 -0.382683 0.000000
vn -0.923880 -0.382683 0.000000
f 2339/2339/2339 2340/2340/2340 2341/2341/2341
f 2339/2339/2339 2341/2341/2341 2342/2342/2342
v -0.176034 5.464985 0.530000
v -0.089742 5.491161 0.530000
v -0.089742 5.491161 0.730000
v -0.176034 5.464985 0.730000
vt -0.176034 5.994985
vt -0.089742 6.021161
vt -0.089742 6.221161
vt -0.176034 6.194985
vn 0.290285 -0.956940 0.000000
vn 0.290285 -0.956940 0.000000
vn 0.290285 -0.956940 0.000000
vn 0.290285 -0.956940 0.000000
f 2343/2343/2343 2344/2344/2344 2345/2345/2345
f 2343/2343/2343 2345/2345/2345 2346/2346/2346
v -0.176034 5.464985 0.730000
v -0.225783 5.585089 0.730000
v -0.327786 5.530567 0.730000
v -0.255562 5.422476 0.730000
vt -0.176034 6.194985
vt -0.225783 6.315089
vt -0.327786 6.260567
vt -0.255562 6.152476
vn 0.000000 0.000000 1.000000
vn 0.000000 0.000000 1.000000
vn 0.000000 0.000000 1.000000
vn 0.000000 0.000000 1.000000
f 2347/2347/2347 2348/2348/2348 2349/2349/2349
f 2347/2347/2347 2349/2349/2349 2350/2350/2350
v -0.255562 5.422476 0.530000
v -0.327786 5.530567 0.530000
v -0.225783 5.585089 0.530000
v -0.176034 5.464985 0.530000
vt -0.255562 5.952476
vt -0.327786 6.060567
vt -0.225783 6.115089
vt -0.176034 5.994985
vn 0.000000 0.000000 -1.000000
vn 0.000000 0.000000 -1.000000
vn 0.000000 0.000000 -1.000000
vn 0.000000 0.000000 -1.000000
f 2351/2351/2351 2352/2352/2352 2353/2353/2353
f 2351/2351/2351 2353/2353/2353 2354/2354/2354
v -0.176034 5.464985 0.530000
v -0.225783 5.585089 0.530000
v -0.225783 5.585089 0.730000
v -0.176034 5.464985 0.730000
vt -0.176034 5.994985
vt -0.225783 6.115089
vt -0.225783 6.315089
vt -0.176034 6.194985
vn 0.923880 0.382683 0.000000
vn 0.923880 0.382683 0.000000
vn 0.923880 0.382683 0.000000
vn 0.923880 0.382683 0.000000
f 2355/2355/2355 2356/2356/2356 2357/2357/2357
f 2355/2355/2355 2357/2357/2357 2358/2358/2358
v -0.225783 5.585089 0.530000
v -0.327786 5.530567 0.530000
v -0.327786 5.530567 0.730000
v -0.225783 5.585089 0.730000
vt -0.225783 6.115089
vt -0.327786 6.060567
vt -0.327786 6.260567
vt -0.225783 6.315089
vn -0.471397 0.881921 0.000000
vn -0.471397 0.881921 0.000000
vn -0.471397 0.881921 0.000000
vn -0.471397 0.881921 0.000000
f 2359/2359/2359 2360/2360/2360 2361/2361/2361
f 2359/2359/2359 2361/2361/2361 2362/2362/2362
v -0.327786 5.530567 0.530000
v -0.255562 5.422476 0.530000
v -0.255562 5.422476 0.730000
v -0.327786 5.530567 0.730000
vt -0.327786 6.060567
vt -0.255562 5.952476
vt -0.255562 6.152476
vt -0.327786 6.260567
vn -0.831470 -0.555570 0.000000
vn -0.831470 -0.555570 0.000000
vn -0.831470 -0.555570 0.000000
vn -0.831470 -0.555570 0.000000
f 2363/2363/2363 2364/2364/2364 2365/2365/2365
f 2363/2363/2363 2365/2365/2365 2366/2366/2366
v -0.255562 5.422476 0.530000
v -0.176034 5.464985 0.530000
v -0.176034 5.464985 0.730000
v -0.255562 5.422476 0.730000
vt -0.255562 5.952476
vt -0.176034 5.994985
vt -0.176034 6.194985
vt -0.255562 6.152476
vn 0.471397 -0.881921 0.000000
vn 0.471397 -0.881921 0.000000
vn 0.471397 -0.881921 0.000000
vn 0.471397 -0.881921 0.000000
f 2367/2367/2367 2368/2368/2368 2369/2369/2369
f 2367/2367/2367 2369/2369/2369 2370/2370/2370
v -0.255562 5.422476 0.730000
v -0.327786 5.530567 0.730000
v -0.417193 5.457193 0.730000
v -0.325269 5.365269 0.730000
vt -0.255562 6.152476
vt -0.327786 6.260567
vt -0.417193 6.187193
vt -0.325269 6.095269
vn 0.000000 0.000000 1.000000
vn 0.000000 0.000000 1.000000
vn 0.000000 0.000000 1.000000
vn 0.000000 0.000000 1.000000
f 2371/2371/2371 2372/2372/2372 2373/2373/2373
f 2371/2371/2371 2373/2373/2373 2374/2374/2374
v -0.325269 5.365269 0.530000
v -0.417193 5.457193 0.530000
v -0.327786 5.530567 0.530000
v -0.255562 5.422476 0.530000
vt -0.325269 5.895269
vt -0.417193 5.987193
vt -0.327786 6.060567
vt -0.255562 5.952476
vn 0.000000 0.000000 -1.000000
vn 0.000000 0.000000 -1.000000
vn 0.000000 0.000000 -1.000000
vn 0.000000 0.000000 -1.000000
f 2375/2375/2375 2376/2376/2376 2377/2377/2377
f 2375/2375/2375 2377/2377/2377 2378/2378/2378
v -0.255562 5.422476 0.530000
v -0.327786 5.530567 0.530000
v -0.327786 5.530567 0.730000
v -0.255562 5.422476 0.730000
vt -0.255562 5.952476
vt -0.327786 6.060567
vt -0.327786 6.260567
vt -0.255562 6.152476
vn 0.831470 0.555570 0.000000
vn 0.831470 0.555570 0.000000
vn 0.831470 0.555570 0.000000
vn 0.831470 0.555570 0.000000
f 2379/2379/2379 2380/2380/2380 2381/2381/2381
f 2379/2379/2379 2381/2381/2381 2382/2382/2382
v -0.327786 5.530567 0.530000
v -0.417193 5.457193 0.530000
v -0.417193 5.457193 0.730000
v -0.327786 5.530567 0.730000
vt -0.327786 6.060567
vt -0.417193 5.987193
vt -0.417193 6.187193
vt -0.327786 6.260567
vn -0.634393 0.773010 0.000000
vn -0.634393 0.773010 0.000000
vn -0.634393 0.773010 0.000000
vn -0.634393 0.773010 0.000000
f 2383/2383/2383 2384/2384/2384 2385/2385/2385
f 2383/2383/2383 2385/2385/2385 2386/2386/2386
v -0.417193 5.457193 0.530000
v -0.325269 5.365269 0.530000
v -0.325269 5.365269 0.730000
v -0.417193 5.457193 0.730000
vt -0.417193 5.987193
vt -0.325269 5.895269
vt -0.325269 6.095269
vt -0.417193 6.187193
vn -0.707107 -0.707107 0.000000
vn -0.707107 -0.707107 0.000000
vn -0.707107 -0.707107 0.000000
vn -0.707107 -0.707107 0.000000
f 2387/2387/2387 2388/2388/2388 2389/2389/2389
f 2387/2387/2387 2389/2389/2389 2390/2390/2390
v -0.325269 5.365269 0.530000
v -0.255562 5.422476 0.530000
v -0.255562 5.422476 0.730000
v -0.325269 5.365269 0.730000
vt -0.325269 5.895269
vt -0.255562 5.952476
vt -0.255562 6.152476
vt -0.325269 6.095269
vn 0.634393 -0.773010 0.000000
vn 0.634393 -0.773010 0.000000
vn 0.634393 -0.773010 0.000000
vn 0.634393 -0.773010 0.000000
f 2391/2391/2391 2392/2392/2392 2393/2393/2393
f 2391/2391/2391 2393/2393/2393 2394/2394/2394
v -0.325269 5.365269 0.730000
v -0.417193 5.457193 0.730000
v -0.490567 5.367786 0.730000
v -0.382476 5.295562 0.730000
vt -0.325269 6.095269
vt -0.417193 6.187193
vt -0.490567 6.097786
vt -0.382476 6.025562
vn 0.000000 0.000000 1.000000
vn 0.000000 0.000000 1.000000
vn 0.000000 0.000000 1.000000
vn 0.000000 0.000000 1.000000
f 2395/2395/2395 2396/2396/2396 2397/2397/2397
f 2395/2395/2395 2397/2397/2397 2398/2398/2398
v -0.382476 5.295562 0.530000
v -0.490567 5.367786 0.530000
v -0.417193 5.457193 0.530000
v -0.325269 5.365269 0.530000
vt -0.382476 5.825562
vt -0.490567 5.897786
vt -0.417193 5.987193
vt -0.325269 5.895269
vn 0.000000 0.000000 -1.000000
vn 0.000000 0.000000 -1.000000
vn 0.000000 0.000000 -1.000000
vn 0.000000 0.000000 -1.000000
f 2399/2399/2399 2400/2400/2400 2401/2401/2401
f 2399/2399/2399 2401/2401/2401 2402/2402/2402
v -0.325269 5.365269 0.530000
v -0.417193 5.457193 0.530000
v -0.417193 5.457193 0.730000
v -0.325269 5.365269 0.730000
vt -0.325269 5.895269
vt -0.417193 5.987193
vt -0.417193 6.187193
vt -0.325269 6.095269
vn 0.707107 0.707107 0.000000
vn 0.707107 0.707107 0.000000
vn 0.707107 0.707107 0.000000
vn 0.707107 0.707107 0.000000
f 2403/2403/2403 2404/2404/2404 2405/2405/2405
f 2403/2403/2403 2405/2405/2405 2406/2406/2406
v -0.417193 5.457193 0.530000
v -0.490567 5.367786 0.530000
v -0.490567 5.367786 0.730000
v -0.417193 5.457193 0.730000
vt -0.417193 5.987193
vt -0.490567 5.897786
vt -0.490567 6.097786
vt -0.417193 6.187193
vn -0.773010 0.634393 0.000000
vn -0.773010 0.634393 0.000000
vn -0.773010 0.634393 0.000000
vn -0.773010 0.634393 0.000000
f 2407/2407/2407 2408/2408/2408 2409/2409/2409
f 2407/2407/2407 2409/2409/2409 2410/2410/2410
v -0.490567 5.367786 0.530000
v -0.382476 5.295562 0.530000
v -0.382476 5.295562 0.730000
v -0.490567 5.367786 0.730000
vt -0.490567 5.897786
vt -0.382476 5.825562
vt -0.382476 6.025562
vt -0.490567 6.097786
vn -0.555570 -0.831470 0.000000
vn -0.555570 -0.831470 0.000000
vn -0.555570 -0.831470 0.000000
vn -0.555570 -0.831470 0.000000
f 2411/2411/2411 2412/2412/2412 2413/2413/2413
f 2411/2411/2411 2413/2413/2413 2414/2414/2414
v -0.382476 5.295562 0.530000
v -0.325269 5.365269 0.530000
v -0.325269 5.365269 0.730000
v -0.382476 5.295562 0.730000
vt -0.382476 5.825562
vt -0.325269 5.895269
vt -0.325269 6.095269
vt -0.382476 6.025562
vn 0.773010 -0.634393 0.000000
vn 0.773010 -0.634393 0.000000
vn 0.773010 -0.634393 0.000000
vn 0.773010 -0.634393 0.000000
f 2415/2415/2415 2416/2416/2416 2417/2417/2417
f 2415/2415/2415 2417/2417/2417 2418/2418/2418
v -0.382476 5.295562 0.730000
v -0.490567 5.367786 0.730000
v -0.545089 5.265783 0.730000
v -0.424985 5.216034 0.730000
vt -0.382476 6.025562
vt -0.490567 6.097786
vt -0.545089 5.995783
vt -0.424985 5.946034
vn 0.000000 0.000000 1.000000
vn 0.000000 0.000000 1.000000
vn 0.000000 0.000000 1.000000
vn 0.000000 0.000000 1.000000
f 2419/2419/2419 2420/2420/2420 2421/2421/2421
f 2419/2419/2419 2421/2421/2421 2422/2422/2422
v -0.424985 5.216034 0.530000
v -0.545089 5.265783 0.530000
v -0.490567 5.367786 0.530000
v -0.382476 5.295562 0.530000
vt -0.424985 5.746034
vt -0.545089 5.795783
vt -0.490567 5.897786
vt -0.382476 5.825562
vn 0.000000 0.000000 -1.000000
vn 0.000000 0.000000 -1.000000
vn 0.000000 0.000000 -1.000000
vn 0.000000 0.000000 -1.000000
f 2423/2423/2423 2424/2424/2424 2425/2425/2425
f 2423/2423/2423 2425/2425/2425 2426/2426/2426
v -0.382476 5.295562 0.530000
v -0.490567 5.367786 0.530000
v -0.490567 5.367786 0.730000
v -0.382476 5.295562 0.730000
vt -0.382476 5.825562
vt -0.490567 5.897786
vt -0.490567 6.097786
vt -0.382476 6.025562
vn 0.555570 0.831470 0.000000
vn 0.555570 0.831470 0.000000
vn 0.555570 0.831470 0.000000
vn 0.555570 0.831470 0.000000
f 2427/2427/2427 2428/2428/2428 2429/2429/2429
f 2427/2427/2427 2429/2429/2429 2430/2430/2430
v -0.490567 5.367786 0.530000
v -0.545089 5.265783 0.530000
v -0.545089 5.265783 0.730000
v -0.490567 5.367786 0.730000
vt -0.490567 5.897786
vt -0.545089 5.795783
vt -0.545089 5.995783
vt -0.490567 6.097786
vn -0.881921 0.471397 0.000000
vn -0.881921 0.471397 0.000000
vn -0.881921 0.471397 0.000000
vn -0.881921 0.471397 0.000000
f 2431/2431/2431 2432/2432/2432 2433/2433/2433
f 2431/2431/2431 2433/2433/2433 2434/2434/2434
v -0.545089 5.265783 0.530000
v -0.424985 5.216034 0.530000
v -0.424985 5.216034 0.730000
v -0.545089 5.265783 0.730000
vt -0.545089 5.795783
vt -0.424985 5.746034
vt -0.424985 5.946034
vt -0.545089 5.995783
vn -0.382683 -0.923880 0.000000
vn -0.382683 -0.923880 0.000000
vn -0.382683 -0.923880 0.000000
vn -0.382683 -0.923880 0.000000
f 2435/2435/2435 2436/2436/2436 2437/2437/2437
f 2435/2435/2435 2437/2437/2437 2438/2438/2438
v -0.424985 5.216034 0.530000
v -0.382476 5.295562 0.530000
v -0.382476 5.295562 0.730000
v -0.424985 5.216034 0.730000
vt -0.424985 5.746034
vt -0.382476 5.825562
vt -0.382476 6.025562
vt -0.424985 5.946034
vn 0.881921 -0.471397 0.000000
vn 0.881921 -0.471397 0.000000
vn 0.881921 -0.471397 0.000000
vn 0.881921 -0.471397 0.000000
f 2439/2439/2439 2440/2440/2440 2441/2441/2441
f 2439/2439/2439 2441/2441/2441 2442/2442/2442
v -0.424985 5.216034 0.730000
v -0.545089 5.265783 0.730000
v -0.578663 5.155103 0.730000
v -0.451161 5.129742 0.730000
vt -0.424985 5.946034
vt -0.545089 5.995783
vt -0.578663 5.885103
vt -0.451161 5.859742
vn 0.000000 0.000000 1.000000
vn 0.000000 0.000000 1.000000
vn 0.000000 0.000000 1.000000
vn 0.000000 0.000000 1.000000
f 2443/2443/2443 2444/2444/2444 2445/2445/2445
f 2443/2443/2443 2445/2445/2445 2446/2446/2446
v -0.451161 5.129742 0.530000
v -0.578663 5.155103 0.530000
v -0.545089 5.265783 0.530000
v -0.424985 5.216034 0.530000
vt -0.451161 5.659742
vt -0.578663 5.685103
vt -0.545089 5.795783
vt -0.424985 5.746034
vn 0.000000 0.000000 -1.000000
vn 0.000000 0.000000 -1.000000
vn 0.000000 0.000000 -1.000000
vn 0.000000 0.000000 -1.000000
f 2447/2447/2447 2448/2448/2448 2449/2449/2449
f 2447/2447/2447 2449/2449/2449 2450/2450/2450
v -0.424985 5.216034 0.530000
v -0.545089 5.265783 0.530000
v -0.545089 5.265783 0.730000
v -0.424985 5.216034 0.730000
vt -0.424985 5.746034
vt -0.545089 5.795783
vt -0.545089 5.995783
vt -0.424985 5.946034
vn 0.382683 0.923880 0.000000
vn 0.382683 0.923880 0.000000
vn 0.382683 0.923880 0.000000
vn 0.382683 0.923880 0.000000
f 2451/2451/2451 2452/2452/2452 2453/2453/2453
f 2451/2451/2451 2453/2453/2453 2454/2454/2454
v -0.545089 5.265783 0.530000
v -0.578663 5.155103 0.530000
v -0.578663 5.155103 0.730000
v -0.545089 5.265783 0.730000
vt -0.545089 5.795783
vt -0.578663 5.685103
vt -0.578663 5.885103
vt -0.545089 5.995783
vn -0.956940 0.290285 0.000000
vn -0.956940 0.290285 0.000000
vn -0.956940 0.290285 0.000000
vn -0.956940 0.290285 0.000000
f 2455/2455/2455 2456/2456/2456 2457/2457/2457
f 2455/2455/2455 2457/2457/2457 2458/2458/2458
v -0.578663 5.155103 0.530000
v -0.451161 5.129742 0.530000
v -0.451161 5.129742 0.730000
v -0.578663 5.155103 0.730000
vt -0.578663 5.685103
vt -0.451161 5.659742
vt -0.451161 5.859742
vt -0.578663 5.885103
vn -0.195090 -0.980785 0.000000
vn -0.195090 -0.980785 0.000000
vn -0.195090 -0.980785 0.000000
vn -0.195090 -0.980785 0.000000
f 2459/2459/2459 2460/2460/2460 2461/2461/2461
f 2459/2459/2459 2461/2461/2461 2462/2462/2462
v -0.451161 5.129742 0.530000
v -0.424985 5.216034 0.530000
v -0.424985 5.216034 0.730000
v -0.451161 5.129742 0.730000
vt -0.451161 5.659742
vt -0.424985 5.746034
vt -0.424985 5.946034
vt -0.451161 5.859742
vn 0.956940 -0.290285 0.000000
vn 0.956940 -0.290285 0.000000
vn 0.956940 -0.290285 0.000000
vn 0.956940 -0.290285 0.000000
f 2463/2463/2463 2464/2464/2464 2465/2465/2465
f 2463/2463/2463 2465/2465/2465 2466/2466/2466
v -0.451161 5.129742 0.730000
v -0.578663 5.155103 0.730000
v -0.590000 5.040000 0.730000
v -0.460000 5.040000 0.730000
vt -0.451161 5.859742
vt -0.578663 5.885103
vt -0.590000 5.770000
vt -0.460000 5.770000
vn 0.000000 0.000000 1.000000
vn 0.000000 0.000000 1.000000
vn 0.000000 0.000000 1.000000
vn 0.000000 0.000000 1.000000
f 2467/2467/2467 2468/2468/2468 2469/2469/2469
f 2467/2467/2467 2469/2469/2469 2470/2470/2470
v -0.460000 5.040000 0.530000
v -0.590000 5.040000 0.530000
v -0.578663 5.155103 0.530000
v -0.451161 5.129742 0.530000
vt -0.460000 5.570000
vt -0.590000 5.570000
vt -0.578663 5.685103
vt -0.451161 5.659742
vn 0.000000 0.000000 -1.000000
vn 0.000000 0.000000 -1.000000
vn 0.000000 0.000000 -1.000000
vn 0.000000 0.000000 -1.000000
f 2471/2471/2471 2472/2472/2472 2473/2473/2473
f 2471/2471/2471 2473/2473/2473 2474/2474/2474
v -0.451161 5.129742 0.530000
v -0.578663 5.155103 0.530000
v -0.578663 5.155103 0.730000
v -0.451161 5.129742 0.730000
vt -0.451161 5.659742
vt -0.578663 5.685103
vt -0.578663 5.885103
vt -0.451161 5.859742
vn 0.195090 0.980785 0.000000
vn 0.195090 0.980785 0.000000
vn 0.195090 0.980785 0.000000
vn 0.195090 0.980785 0.000000
f 2475/2475/2475 2476/2476/2476 2477/2477/2477
f 2475/2475/2475 2477/2477/2477 2478/2478/2478
v -0.578663 5.155103 0.530000
v -0.590000 5.040000 0.530000
v -0.590000 5.040000 0.730000
v -0.578663 5.155103 0.730000
vt -0.578663 5.685103
vt -0.590000 5.570000
vt -0.590000 5.770000
vt -0.578663 5.885103
vn -0.995185 0.098017 0.000000
vn -0.995185 0.098017 0.000000
vn -0.995185 0.098017 0.000000
vn -0.995185 0.098017 0.000000
f 2479/2479/2479 2480/2480/2480 2481/2481/2481
f 2479/2479/2479 2481/2481/2481 2482/2482/2482
v -0.590000 5.040000 0.530000
v -0.460000 5.040000 0.530000
v -0.460000 5.040000 0.730000
v -0.590000 5.040000 0.730000
vt -0.590000 5.570000
vt -0.460000 5.570000
vt -0.460000 5.770000
vt -0.590000 5.770000
vn 0.000000 -1.000000 0.000000
vn 0.000000 -1.000000 0.000000
vn 0.000000 -1.000000 0.000000
vn 0.000000 -1.000000 0.000000
f 2483/2483/2483 2484/2484/2484 2485/2485/2485
f 2483/2483/2483 2485/2485/2485 2486/2486/2486
v -0.460000 5.040000 0.530000
v -0.451161 5.129742 0.530000
v -0.451161 5.129742 0.730000
v -0.460000 5.040000 0.730000
vt -0.460000 5.570000
vt -0.451161 5.659742
vt -0.451161 5.859742
vt -0.460000 5.770000
vn 0.995185 -0.098017 0.000000
vn 0.995185 -0.098017 0.000000
vn 0.995185 -0.098017 0.000000
vn 0.995185 -0.098017 0.000000
f 2487/2487/2487 2488/2488/2488 2489/2489/2489
f 2487/2487/2487 2489/2489/2489 2490/2490/2490
v -0.220000 6.500000 0.700000
v -0.220000 6.940000 0.700000
v -0.310000 6.940000 0.700000
v -0.310000 6.500000 0.700000
vt -0.220000 7.200000
vt -0.220000 7.640000
vt -0.310000 7.640000
vt -0.310000 7.200000
vn 0.000000 -0.000000 1.000000
vn 0.000000 -0.000000 1.000000
vn 0.000000 -0.000000 1.000000
vn 0.000000 -0.000000 1.000000
f 2491/2491/2491 2492/2492/2492 2493/2493/2493
f 2491/2491/2491 2493/2493/2493 2494/2494/2494
v -0.310000 6.940000 0.600000
v -0.220000 6.940000 0.600000
v -0.220000 6.500000 0.600000
v -0.310000 6.500000 0.600000
vt -0.310000 7.540000
vt -0.220000 7.540000
vt -0.220000 7.100000
vt -0.310000 7.100000
vn 0.000000 0.000000 -1.000000
vn 0.000000 0.000000 -1.000000
vn 0.000000 0.000000 -1.000000
vn 0.000000 0.000000 -1.000000
f 2495/2495/2495 2496/2496/2496 2497/2497/2497
f 2495/2495/2495 2497/2497/2497 2498/2498/2498
v -0.310000 6.940000 0.700000
v -0.310000 6.940000 0.600000
v -0.310000 6.500000 0.600000
v -0.310000 6.500000 0.700000
vt -0.310000 7.640000
vt -0.310000 7.540000
vt -0.310000 7.100000
vt -0.310000 7.200000
vn -1.000000 0.000000 -0.000000
vn -1.000000 0.000000 -0.000000
vn -1.000000 0.000000 -0.000000
vn -1.000000 0.000000 -0.000000
f 2499/2499/2499 2500/2500/2500 2501/2501/2501
f 2499/2499/2499 2501/2501/2501 2502/2502/2502
v -0.220000 6.500000 0.600000
v -0.220000 6.940000 0.600000
v -0.220000 6.940000 0.700000
v -0.220000 6.500000 0.700000
vt -0.220000 7.100000
vt -0.220000 7.540000
vt -0.220000 7.640000
vt -0.220000 7.200000
vn 1.000000 0.000000 0.000000
vn 1.000000 0.000000 0.000000
vn 1.000000 0.000000 0.000000
vn 1.000000 0.000000 0.000000
f 2503/2503/2503 2504/2504/2504 2505/2505/2505
f 2503/2503/2503 2505/2505/2505 2506/2506/2506
v -0.310000 6.500000 0.600000
v -0.220000 6.500000 0.600000
v -0.220000 6.500000 0.700000
v -0.310000 6.500000 0.700000
vt -0.310000 7.100000
vt -0.220000 7.100000
vt -0.220000 7.200000
vt -0.310000 7.200000
vn 0.000000 -1.000000 0.000000
vn 0.000000 -1.000000 0.000000
vn 0.000000 -1.000000 0.000000
vn 0.000000 -1.000000 0.000000
f 2507/2507/2507 2508/2508/2508 2509/2509/2509
f 2507/2507/2507 2509/2509/2509 2510/2510/2510
v -0.220000 6.940000 0.700000
v -0.220000 6.940000 0.600000
v -0.310000 6.940000 0.600000
v -0.310000 6.940000 0.700000
vt -0.220000 7.640000
vt -0.220000 7.540000
vt -0.310000 7.540000
vt -0.310000 7.640000
vn 0.000000 1.000000 0.000000
vn 0.000000 1.000000 0.000000
vn 0.000000 1.000000 0.000000
vn 0.000000 1.000000 0.000000
f 2511/2511/2511 2512/2512/2512 2513/2513/2513
f 2511/2511/2511 2513/2513/2513 2514/2514/2514
v 0.310000 6.500000 0.700000
v 0.310000 6.940000 0.700000
v 0.220000 6.940000 0.700000
v 0.220000 6.500000 0.700000
vt 0.310000 7.200000
vt 0.310000 7.640000
vt 0.220000 7.640000
vt 0.220000 7.200000
vn 0.000000 -0.000000 1.000000
vn 0.000000 -0.000000 1.000000
vn 0.000000 -0.000000 1.000000
vn 0.000000 -0.000000 1.000000
f 2515/2515/2515 2516/2516/2516 2517/2517/2517
f 2515/2515/2515 2517/2517/2517 2518/2518/2518
v 0.220000 6.940000 0.600000
v 0.310000 6.940000 0.600000
v 0.310000 6.500000 0.600000
v 0.220000 6.500000 0.600000
vt 0.220000 7.540000
vt 0.310000 7.540000
vt 0.310000 7.100000
vt 0.220000 7.100000
vn 0.000000 0.000000 -1.000000
vn 0.000000 0.000000 -1.000000
vn 0.000000 0.000000 -1.000000
vn 0.000000 0.000000 -1.000000
f 2519/2519/2519 2520/2520/2520 2521/2521/2521
f 2519/2519/2519 2521/2521/2521 2522/2522/2522
v 0.220000 6.940000 0.700000
v 0.220000 6.940000 0.600000
v 0.220000 6.500000 0.600000
v 0.220000 6.500000 0.700000
vt 0.220000 7.640000
vt 0.220000 7.540000
vt 0.220000 7.100000
vt 0.220000 7.200000
vn -1.000000 0.000000 -0.000000
vn -1.000000 0.000000 -0.000000
vn -1.000000 0.000000 -0.000000
vn -1.000000 0.000000 -0.000000
f 2523/2523/2523 2524/2524/2524 2525/2525/2525
f 2523/2523/2523 2525/2525/2525 2526/2526/2526
v 0.310000 6.500000 0.600000
v 0.310000 6.940000 0.600000
v 0.310000 6.940000 0.700000
v 0.310000 6.500000 0.700000
vt 0.310000 7.100000
vt 0.310000 7.540000
vt 0.310000 7.640000
vt 0.310000 7.200000
vn 1.000000 0.000000 0.000000
vn 1.000000 0.000000 0.000000
vn 1.000000 0.000000 0.000000
vn 1.000000 0.000000 0.000000
f 2527/2527/2527 2528/2528/2528 2529/2529/2529
f 2527/2527/2527 2529/2529/2529 2530/2530/2530
v 0.220000 6.500000 0.600000
v 0.310000 6.500000 0.600000
v 0.310000 6.500000 0.700000
v 0.220000 6.500000 0.700000
vt 0.220000 7.100000
vt 0.310000 7.100000
vt 0.310000 7.200000
vt 0.220000 7.200000
vn 0.000000 -1.000000 0.000000
vn 0.000000 -1.000000 0.000000
vn 0.000000 -1.000000 0.000000
vn 0.000000 -1.000000 0.000000
f 2531/2531/2531 2532/2532/2532 2533/2533/2533
f 2531/2531/2531 2533/2533/2533 2534/2534/2534
v 0.310000 6.940000 0.700000
v 0.310000 6.940000 0.600000
v 0.220000 6.940000 0.600000
v 0.220000 6.940000 0.700000
vt 0.310000 7.640000
vt 0.310000 7.540000
vt 0.220000 7.540000
vt 0.220000 7.640000
vn 0.000000 1.000000 0.000000
vn 0.000000 1.000000 0.000000
vn 0.000000 1.000000 0.000000
vn 0.000000 1.000000 0.000000
f 2535/2535/2535 2536/2536/2536 2537/2537/2537
f 2535/2535/2535 2537/2537/2537 2538/2538/2538
v 0.220000 6.940000 0.700000
v 0.310000 6.940000 0.700000
v 0.304043 7.000478 0.700000
v 0.215773 6.982920 0.700000
vt 0.220000 7.640000
vt 0.310000 7.640000
vt 0.304043 7.700478
vt 0.215773 7.682920
vn 0.000000 0.000000 1.000000
vn 0.000000 0.000000 1.000000
vn 0.000000 0.000000 1.000000
vn 0.000000 0.000000 1.000000
f 2539/2539/2539 2540/2540/2540 2541/2541/2541
f 2539/2539/2539 2541/2541/2541 2542/2542/2542
v 0.215773 6.982920 0.600000
v 0.304043 7.000478 0.600000
v 0.310000 6.940000 0.600000
v 0.220000 6.940000 0.600000
vt 0.215773 7.582920
vt 0.304043 7.600478
vt 0.310000 7.540000
vt 0.220000 7.540000
vn 0.000000 0.000000 -1.000000
vn 0.000000 0.000000 -1.000000
vn 0.000000 0.000000 -1.000000
vn 0.000000 0.000000 -1.000000
f 2543/2543/2543 2544/2544/2544 2545/2545/2545
f 2543/2543/2543 2545/2545/2545 2546/2546/2546
v 0.220000 6.940000 0.600000
v 0.310000 6.940000 0.600000
v 0.310000 6.940000 0.700000
v 0.220000 6.940000 0.700000
vt 0.220000 7.540000
vt 0.310000 7.540000
vt 0.310000 7.640000
vt 0.220000 7.640000
vn 0.000000 -1.000000 0.000000
vn 0.000000 -1.000000 0.000000
vn 0.000000 -1.000000 0.000000
vn 0.000000 -1.000000 0.000000
f 2547/2547/2547 2548/2548/2548 2549/2549/2549
f 2547/2547/2547 2549/2549/2549 2550/2550/2550
v 0.310000 6.940000 0.600000
v 0.304043 7.000478 0.600000
v 0.304043 7.000478 0.700000
v 0.310000 6.940000 0.700000
vt 0.310000 7.540000
vt 0.304043 7.600478
vt 0.304043 7.700478
vt 0.310000 7.640000
vn 0.995185 0.098017 0.000000
vn 0.995185 0.098017 0.000000
vn 0.995185 0.098017 0.000000
vn 0.995185 0.098017 0.000000
f 2551/2551/2551 2552/2552/2552 2553/2553/2553
f 2551/2551/2551 2553/2553/2553 2554/2554/2554
v 0.304043 7.000478 0.600000
v 0.215773 6.982920 0.600000
v 0.215773 6.982920 0.700000
v 0.304043 7.000478 0.700000
vt 0.304043 7.600478
vt 0.215773 7.582920
vt 0.215773 7.682920
vt 0.304043 7.700478
vn -0.195090 0.980785 0.000000
vn -0.195090 0.980785 0.000000
vn -0.195090 0.980785 0.000000
vn -0.195090 0.980785 0.000000
f 2555/2555/2555 2556/2556/2556 2557/2557/2557
f 2555/2555/2555 2557/2557/2557 2558/2558/2558
v 0.215773 6.982920 0.600000
v 0.220000 6.940000 0.600000
v 0.220000 6.940000 0.700000
v 0.215773 6.982920 0.700000
vt 0.215773 7.582920
vt 0.220000 7.540000
vt 0.220000 7.640000
vt 0.215773 7.682920
vn -0.995185 -0.098017 0.000000
vn -0.995185 -0.098017 0.000000
vn -0.995185 -0.098017 0.000000
vn -0.995185 -0.098017 0.000000
f 2559/2559/2559 2560/2560/2560 2561/2561/2561
f 2559/2559/2559 2561/2561/2561 2562/2562/2562
v 0.215773 6.982920 0.700000
v 0.304043 7.000478 0.700000
v 0.286403 7.058632 0.700000
v 0.203253 7.024190 0.700000
vt 0.215773 7.682920
vt 0.304043 7.700478
vt 0.286403 7.758632
vt 0.203253 7.724190
vn 0.000000 0.000000 1.000000
vn 0.000000 0.000000 1.000000
vn 0.000000 0.000000 1.000000
vn 0.000000 0.000000 1.000000
f 2563/2563/2563 2564/2564/2564 2565/2565/2565
f 2563/2563/2563 2565/2565/2565 2566/2566/2566
v 0.203253 7.024190 0.600000
v 0.286403 7.058632 0.600000
v 0.304043 7.000478 0.600000
v 0.215773 6.982920 0.600000
vt 0.203253 7.624190
vt 0.286403 7.658632
vt 0.304043 7.600478
vt 0.215773 7.582920
vn 0.000000 0.000000 -1.000000
vn 0.000000 0.000000 -1.000000
vn 0.000000 0.000000 -1.000000
vn 0.000000 0.000000 -1.000000
f 2567/2567/2567 2568/2568/2568 2569/2569/2569
f 2567/2567/2567 2569/2569/2569 2570/2570/2570
v 0.215773 6.982920 0.600000
v 0.304043 7.000478 0.600000
v 0.304043 7.000478 0.700000
v 0.215773 6.982920 0.700000
vt 0.215773 7.582920
vt 0.304043 7.600478
vt 0.304043 7.700478
vt 0.215773 7.682920
vn 0.195090 -0.980785 0.000000
vn 0.195090 -0.980785 0.000000
vn 0.195090 -0.980785 0.000000
vn 0.195090 -0.980785 0.000000
f 2571/2571/2571 2572/2572/2572 2573/2573/2573
f 2571/2571/2571 2573/2573/2573 2574/2574/2574
v 0.304043 7.000478 0.600000
v 0.286403 7.058632 0.600000
v 0.286403 7.058632 0.700000
v 0.304043 7.000478 0.700000
vt 0.304043 7.600478
vt 0.286403 7.658632
vt 0.286403 7.758632
vt 0.304043 7.700478
vn 0.956940 0.290285 0.000000
vn 0.956940 0.290285 0.000000
vn 0.956940 0.290285 0.000000
vn 0.956940 0.290285 0.000000
f 2575/2575/2575 2576/2576/2576 2577/2577/2577
f 2575/2575/2575 2577/2577/2577 2578/2578/2578
v 0.286403 7.058632 0.600000
v 0.203253 7.024190 0.600000
v 0.203253 7.024190 0.700000
v 0.286403 7.058632 0.700000
vt 0.286403 7.658632
vt 0.203253 7.624190
vt 0.203253 7.724190
vt 0.286403 7.758632
vn -0.382683 0.923880 0.000000
vn -0.382683 0.923880 0.000000
vn -0.382683 0.923880 0.000000
vn -0.382683 0.923880 0.000000
f 2579/2579/2579 2580/2580/2580 2581/2581/2581
f 2579/2579/2579 2581/2581/2581 2582/2582/2582
v 0.203253 7.024190 0.600000
v 0.215773 6.982920 0.600000
v 0.215773 6.982920 0.700000
v 0.203253 7.024190 0.700000
vt 0.203253 7.624190
vt 0.215773 7.582920
vt 0.215773 7.682920
vt 0.203253 7.724190
vn -0.956940 -0.290285 0.000000
vn -0.956940 -0.290285 0.000000
vn -0.956940 -0.290285 0.000000
vn -0.956940 -0.290285 0.000000
f 2583/2583/2583 2584/2584/2584 2585/2585/2585
f 2583/2583/2583 2585/2585/2585 2586/2586/2586
v 0.203253 7.024190 0.700000
v 0.286403 7.058632 0.700000
v 0.257756 7.112227 0.700000
v 0.182923 7.062225 0.700000
vt 0.203253 7.724190
vt 0.286403 7.758632
vt 0.257756 7.812227
vt 0.182923 7.762225
vn 0.000000 0.000000 1.000000
vn 0.000000 0.000000 1.000000
vn 0.000000 0.000000 1.000000
vn 0.000000 0.000000 1.000000
f 2587/2587/2587 2588/2588/2588 2589/2589/2589
f 2587/2587/2587 2589/2589/2589 2590/2590/2590
v 0.182923 7.062225 0.600000
v 0.257756 7.112227 0.600000
v 0.286403 7.058632 0.600000
v 0.203253 7.024190 0.600000
vt 0.182923 7.662225
vt 0.257756 7.712227
vt 0.286403 7.658632
vt 0.203253 7.624190
vn 0.000000 0.000000 -1.000000
vn 0.000000 0.000000 -1.000000
vn 0.000000 0.000000 -1.000000
vn 0.000000 0.000000 -1.000000
f 2591/2591/2591 2592/2592/2592 2593/2593/2593
f 2591/2591/2591 2593/2593/2593 2594/2594/2594
v 0.203253 7.024190 0.600000
v 0.286403 7.058632 0.600000
v 0.286403 7.058632 0.700000
v 0.203253 7.024190 0.700000
vt 0.203253 7.624190
vt 0.286403 7.658632
vt 0.286403 7.758632
vt 0.203253 7.724190
vn 0.382683 -0.923880 0.000000
vn 0.382683 -0.923880 0.000000
vn 0.382683 -0.923880 0.000000
vn 0.382683 -0.923880 0.000000
f 2595/2595/2595 2596/2596/2596 2597/2597/2597
f 2595/2595/2595 2597/2597/2597 2598/2598/2598
v 0.286403 7.058632 0.600000
v 0.257756 7.112227 0.600000
v 0.257756 7.112227 0.700000
v 0.286403 7.058632 0.700000
vt 0.286403 7.658632
vt 0.257756 7.712227
vt 0.257756 7.812227
vt 0.286403 7.758632
vn 0.881921 0.471397 0.000000
vn 0.881921 0.471397 0.000000
vn 0.881921 0.471397 0.000000
vn 0.881921 0.471397 0.000000
f 2599/2599/2599 2600/2600/2600 2601/2601/2601
f 2599/2599/2599 2601/2601/2601 2602/2602/2602
v 0.257756 7.112227 0.600000
v 0.182923 7.062225 0.600000
v 0.182923 7.062225 0.700000
v 0.257756 7.112227 0.700000
vt 0.257756 7.712227
vt 0.182923 7.662225
vt 0.182923 7.762225
vt 0.257756 7.812227
vn -0.555570 0.831470 0.000000
vn -0.555570 0.831470 0.000000
vn -0.555570 0.831470 0.000000
vn -0.555570 0.831470 0.000000
f 2603/2603/2603 2604/2604/2604 2605/2605/2605
f 2603/2603/2603 2605/2605/2605 2606/2606/2606
v 0.182923 7.062225 0.600000
v 0.203253 7.024190 0.600000
v 0.203253 7.024190 0.700000
v 0.182923 7.062225 0.700000
vt 0.182923 7.662225
vt 0.203253 7.624190
vt 0.203253 7.724190
vt 0.182923 7.762225
vn -0.881921 -0.471397 0.000000
vn -0.881921 -0.471397 0.000000
vn -0.881921 -0.471397 0.000000
vn -0.881921 -0.471397 0.000000
f 2607/2607/2607 2608/2608/2608 2609/2609/2609
f 2607/2607/2607 2609/2609/2609 2610/2610/2610
v 0.182923 7.062225 0.700000
v 0.257756 7.112227 0.700000
v 0.219203 7.159203 0.700000
v 0.155563 7.095563 0.700000
vt 0.182923 7.762225
vt 0.257756 7.812227
vt 0.219203 7.859203
vt 0.155563 7.795563
vn 0.000000 0.000000 1.000000
vn 0.000000 0.000000 1.000000
vn 0.000000 0.000000 1.000000
vn 0.000000 0.000000 1.000000
f 2611/2611/2611 2612/2612/2612 2613/2613/2613
f 2611/2611/2611 2613/2613/2613 2614/2614/2614
v 0.155563 7.095563 0.600000
v 0.219203 7.159203 0.600000
v 0.257756 7.112227 0.600000
v 0.182923 7.062225 0.600000
vt 0.155563 7.695563
vt 0.219203 7.759203
vt 0.257756 7.712227
vt 0.182923 7.662225
vn 0.000000 0.000000 -1.000000
vn 0.000000 0.000000 -1.000000
vn 0.000000 0.000000 -1.000000
vn 0.000000 0.000000 -1.000000
f 2615/2615/2615 2616/2616/2616 2617/2617/2617
f 2615/2615/2615 2617/2617/2617 2618/2618/2618
v 0.182923 7.062225 0.600000
v 0.257756 7.112227 0.600000
v 0.257756 7.112227 0.700000
v 0.182923 7.062225 0.700000
vt 0.182923 7.662225
vt 0.257756 7.712227
vt 0.257756 7.812227
vt 0.182923 7.762225
vn 0.555570 -0.831470 0.000000
vn 0.555570 -0.831470 0.000000
vn 0.555570 -0.831470 0.000000
vn 0.555570 -0.831470 0.000000
f 2619/2619/2619 2620/2620/2620 2621/2621/2621
f 2619/2619/2619 2621/2621/2621 2622/2622/2622
v 0.257756 7.112227 0.600000
v 0.219203 7.159203 0.600000
v 0.219203 7.159203 0.700000
v 0.257756 7.112227 0.700000
vt 0.257756 7.712227
vt 0.219203 7.759203
vt 0.219203 7.859203
vt 0.257756 7.812227
vn 0.773010 0.634393 0.000000
vn 0.773010 0.634393 0.000000
vn 0.773010 0.634393 0.000000
vn 0.773010 0.634393 0.000000
f 2623/2623/2623 2624/2624/2624 2625/2625/2625
f 2623/2623/2623 2625/2625/2625 2626/2626/2626
v 0.219203 7.159203 0.600000
v 0.155563 7.095563 0.600000
v 0.155563 7.095563 0.700000
v 0.219203 7.159203 0.700000
vt 0.219203 7.759203
vt 0.155563 7.695563
vt 0.155563 7.795563
vt 0.219203 7.859203
vn -0.707107 0.707107 0.000000
vn -0.707107 0.707107 0.000000
vn -0.707107 0.707107 0.000000
vn -0.707107 0.707107 0.000000
f 2627/2627/2627 2628/2628/2628 2629/2629/2629
f 2627/2627/2627 2629/2629/2629 2630/2630/2630
v 0.155563 7.095563 0.600000
v 0.182923 7.062225 0.600000
v 0.182923 7.062225 0.700000
v 0.155563 7.095563 0.700000
vt 0.155563 7.695563
vt 0.182923 7.662225
vt 0.182923 7.762225
vt 0.155563 7.795563
vn -0.773010 -0.634393 0.000000
vn -0.773010 -0.634393 0.000000
vn -0.773010 -0.634393 0.000000
vn -0.773010 -0.634393 0.000000
f 2631/2631/2631 2632/2632/2632 2633/2633/2633
f 2631/2631/2631 2633/2633/2633 2634/2634/2634
v 0.155563 7.095563 0.700000
v 0.219203 7.159203 0.700000
v 0.172227 7.197756 0.700000
v 0.122225 7.122923 0.700000
vt 0.155563 7.795563
vt 0.219203 7.859203
vt 0.172227 7.897756
vt 0.122225 7.822923
vn 0.000000 0.000000 1.000000
vn 0.000000 0.000000 1.000000
vn 0.000000 0.000000 1.000000
vn 0.000000 0.000000 1.000000
f 2635/2635/2635 2636/2636/2636 2637/2637/2637
f 2635/2635/2635 2637/2637/2637 2638/2638/2638
v 0.122225 7.122923 0.600000
v 0.172227 7.197756 0.600000
v 0.219203 7.159203 0.600000
v 0.155563 7.095563 0.600000
vt 0.122225 7.722923
vt 0.172227 7.797756
vt 0.219203 7.759203
vt 0.155563 7.695563
vn 0.000000 0.000000 -1.000000
vn 0.000000 0.000000 -1.000000
vn 0.000000 0.000000 -1.000000
vn 0.000000 0.000000 -1.000000
f 2639/2639/2639 2640/2640/2640 2641/2641/2641
f 2639/2639/2639 2641/2641/2641 2642/2642/2642
v 0.155563 7.095563 0.600000
v 0.219203 7.159203 0.600000
v 0.219203 7.159203 0.700000
v 0.155563 7.095563 0.700000
vt 0.155563 7.695563
vt 0.219203 7.759203
vt 0.219203 7.859203
vt 0.155563 7.795563
vn 0.707107 -0.707107 0.000000
vn 0.707107 -0.707107 0.000000
vn 0.707107 -0.707107 0.000000
vn 0.707107 -0.707107 0.000000
f 2643/2643/2643 2644/2644/2644 2645/2645/2645
f 2643/2643/2643 2645/2645/2645 2646/2646/2646
v 0.219203 7.159203 0.600000
v 0.172227 7.197756 0.600000
v 0.172227 7.197756 0.700000
v 0.219203 7.159203 0.700000
vt 0.219203 7.759203
vt 0.172227 7.797756
vt 0.172227 7.897756
vt 0.219203 7.859203
vn 0.634393 0.773010 0.000000
vn 0.634393 0.773010 0.000000
vn 0.634393 0.773010 0.000000
vn 0.634393 0.773010 0.000000
f 2647/2647/2647 2648/2648/2648 2649/2649/2649
f 2647/2647/2647 2649/2649/2649 2650/2650/2650
v 0.172227 7.197756 0.600000
v 0.122225 7.122923 0.600000
v 0.122225 7.122923 0.700000
v 0.172227 7.197756 0.700000
vt 0.172227 7.797756
vt 0.122225 7.722923
vt 0.122225 7.822923
vt 0.172227 7.897756
vn -0.831470 0.555570 0.000000
vn -0.831470 0.555570 0.000000
vn -0.831470 0.555570 0.000000
vn -0.831470 0.555570 0.000000
f 2651/2651/2651 2652/2652/2652 2653/2653/2653
f 2651/2651/2651 2653/2653/2653 2654/2654/2654
v 0.122225 7.122923 0.600000
v 0.155563 7.095563 0.600000
v 0.155563 7.095563 0.700000
v 0.122225 7.122923 0.700000
vt 0.122225 7.722923
vt 0.155563 7.695563
vt 0.155563 7.795563
vt 0.122225 7.822923
vn -0.634393 -0.773010 0.000000
vn -0.634393 -0.773010 0.000000
vn -0.634393 -0.773010 0.000000
vn -0.634393 -0.773010 0.000000
f 2655/2655/2655 2656/2656/2656 2657/2657/2657
f 2655/2655/2655 2657/2657/2657 2658/2658/2658
v 0.122225 7.122923 0.700000
v 0.172227 7.197756 0.700000
v 0.118632 7.226403 0.700000
v 0.084190 7.143253 0.700000
vt 0.122225 7.822923
vt 0.172227 7.897756
vt 0.118632 7.926403
vt 0.084190 7.843253
vn 0.000000 -0.000000 1.000000
vn 0.000000 -0.000000 1.000000
vn 0.000000 -0.000000 1.000000
vn 0.000000 -0.000000 1.000000
f 2659/2659/2659 2660/2660/2660 2661/2661/2661
f 2659/2659/2659 2661/2661/2661 2662/2662/2662
v 0.084190 7.143253 0.600000
v 0.118632 7.226403 0.600000
v 0.172227 7.197756 0.600000
v 0.122225 7.122923 0.600000
vt 0.084190 7.743253
vt 0.118632 7.826403
vt 0.172227 7.797756
vt 0.122225 7.722923
vn 0.000000 0.000000 -1.000000
vn 0.000000 0.000000 -1.000000
vn 0.000000 0.000000 -1.000000
vn 0.000000 0.000000 -1.000000
f 2663/2663/2663 2664/2664/2664 2665/2665/2665
f 2663/2663/2663 2665/2665/2665 2666/2666/2666
v 0.122225 7.122923 0.600000
v 0.172227 7.197756 0.600000
v 0.172227 7.197756 0.700000
v 0.122225 7.122923 0.700000
vt 0.122225 7.722923
vt 0.172227 7.797756
vt 0.172227 7.897756
vt 0.122225 7.822923
vn 0.831470 -0.555570 0.000000
vn 0.831470 -0.555570 0.000000
vn 0.831470 -0.555570 0.000000
vn 0.831470 -0.555570 0.000000
f 2667/2667/2667 2668/2668/2668 2669/2669/2669
f 2667/2667/2667 2669/2669/2669 2670/2670/2670
v 0.172227 7.197756 0.600000
v 0.118632 7.226403 0.600000
v 0.118632 7.226403 0.700000
v 0.172227 7.197756 0.700000
vt 0.172227 7.797756
vt 0.118632 7.826403
vt 0.118632 7.926403
vt 0.172227 7.897756
vn 0.471397 0.881921 0.000000
vn 0.471397 0.881921 0.000000
vn 0.471397 0.881921 0.000000
vn 0.471397 0.881921 0.000000
f 2671/2671/2671 2672/2672/2672 2673/2673/2673
f 2671/2671/2671 2673/2673/2673 2674/2674/2674
v 0.118632 7.226403 0.600000
v 0.084190 7.143253 0.600000
v 0.084190 7.143253 0.700000
v 0.118632 7.226403 0.700000
vt 0.118632 7.826403
vt 0.084190 7.743253
vt 0.084190 7.843253
vt 0.118632 7.926403
vn -0.923880 0.382683 0.000000
vn -0.923880 0.382683 0.000000
vn -0.923880 0.382683 0.000000
vn -0.923880 0.382683 0.000000
f 2675/2675/2675 2676/2676/2676 2677/2677/2677
f 2675/2675/2675 2677/2677/2677 2678/2678/2678
v 0.084190 7.143253 0.600000
v 0.122225 7.122923 0.600000
v 0.122225 7.122923 0.700000
v 0.084190 7.143253 0.700000
vt 0.084190 7.743253
vt 0.122225 7.722923
vt 0.122225 7.822923
vt 0.084190 7.843253
vn -0.471397 -0.881921 0.000000
vn -0.471397 -0.881921 0.000000
vn -0.471397 -0.881921 0.000000
vn -0.471397 -0.881921 0.000000
f 2679/2679/2679 2680/2680/2680 2681/2681/2681
f 2679/2679/2679 2681/2681/2681 2682/2682/2682
v 0.084190 7.143253 0.700000
v 0.118632 7.226403 0.700000
v 0.060478 7.244043 0.700000
v 0.042920 7.155773 0.700000
vt 0.084190 7.843253
vt 0.118632 7.926403
vt 0.060478 7.944043
vt 0.042920 7.855773
vn 0.000000 -0.000000 1.000000
vn 0.000000 -0.000000 1.000000
vn 0.000000 -0.000000 1.000000
vn 0.000000 -0.000000 1.000000
f 2683/2683/2683 2684/2684/2684 2685/2685/2685
f 2683/2683/2683 2685/2685/2685 2686/2686/2686
v 0.042920 7.155773 0.600000
v 0.060478 7.244043 0.600000
v 0.118632 7.226403 0.600000
v 0.084190 7.143253 0.600000
vt 0.042920 7.755773
vt 0.060478 7.844043
vt 0.118632 7.826403
vt 0.084190 7.743253
vn 0.000000 0.000000 -1.000000
vn 0.000000 0.000000 -1.000000
vn 0.000000 0.000000 -1.000000
vn 0.000000 0.000000 -1.000000
f 2687/2687/2687 2688/2688/2688 2689/2689/2689
f 2687/2687/2687 2689/2689/2689 2690/2690/2690
v 0.084190 7.143253 0.600000
v 0.118632 7.226403 0.600000
v 0.118632 7.226403 0.700000
v 0.084190 7.143253 0.700000
vt 0.084190 7.743253
vt 0.118632 7.826403
vt 0.118632 7.926403
vt 0.084190 7.843253
vn 0.923880 -0.382683 0.000000
vn 0.923880 -0.382683 0.000000
vn 0.923880 -0.382683 0.000000
vn 0.923880 -0.382683 0.000000
f 2691/2691/2691 2692/2692/2692 2693/2693/2693
f 2691/2691/2691 2693/2693/2693 2694/2694/2694
v 0.118632 7.226403 0.600000
v 0.060478 7.244043 0.600000
v 0.060478 7.244043 0.700000
v 0.118632 7.226403 0.700000
vt 0.118632 7.826403
vt 0.060478 7.844043
vt 0.060478 7.944043
vt 0.118632 7.926403
vn 0.290285 0.956940 0.000000
vn 0.290285 0.956940 0.000000
vn 0.290285 0.956940 0.000000
vn 0.290285 0.956940 0.000000
f 2695/2695/2695 2696/2696/2696 2697/2697/2697
f 2695/2695/2695 2697/2697/2697 2698/2698/2698
v 0.060478 7.244043 0.600000
v 0.042920 7.155773 0.600000
v 0.042920 7.155773 0.700000
v 0.060478 7.244043 0.700000
vt 0.060478 7.844043
vt 0.042920 7.755773
vt 0.042920 7.855773
vt 0.060478 7.944043
vn -0.980785 0.195090 0.000000
vn -0.980785 0.195090 0.000000
vn -0.980785 0.195090 0.000000
vn -0.980785 0.195090 0.000000
f 2699/2699/2699 2700/2700/2700 2701/2701/2701
f 2699/2699/2699 2701/2701/2701 2702/2702/2702
v 0.042920 7.155773 0.600000
v 0.084190 7.143253 0.600000
v 0.084190 7.143253 0.700000
v 0.042920 7.155773 0.700000
vt 0.042920 7.755773
vt 0.084190 7.743253
vt 0.084190 7.843253
vt 0.042920 7.855773
vn -0.290285 -0.956940 0.000000
vn -0.290285 -0.956940 0.000000
vn -0.290285 -0.956940 0.000000
vn -0.290285 -0.956940 0.000000
f 2703/2703/2703 2704/2704/2704 2705/2705/2705
f 2703/2703/2703 2705/2705/2705 2706/2706/2706
v 0.042920 7.155773 0.700000
v 0.060478 7.244043 0.700000
v 0.000000 7.250000 0.700000
v 0.000000 7.160000 0.700000
vt 0.042920 7.855773
vt 0.060478 7.944043
vt 0.000000 7.950000
vt 0.000000 7.860000
vn 0.000000 -0.000000 1.000000
vn 0.000000 -0.000000 1.000000
vn 0.000000 -0.000000 1.000000
vn 0.000000 -0.000000 1.000000
f 2707/2707/2707 2708/2708/2708 2709/2709/2709
f 2707/2707/2707 2709/2709/2709 2710/2710/2710
v 0.000000 7.160000 0.600000
v 0.000000 7.250000 0.600000
v 0.060478 7.244043 0.600000
v 0.042920 7.155773 0.600000
vt 0.000000 7.760000
vt 0.000000 7.850000
vt 0.060478 7.844043
vt 0.042920 7.755773
vn 0.000000 0.000000 -1.000000
vn 0.000000 0.000000 -1.000000
vn 0.000000 0.000000 -1.000000
vn 0.000000 0.000000 -1.000000
f 2711/2711/2711 2712/2712/2712 2713/2713/2713
f 2711/2711/2711 2713/2713/2713 2714/2714/2714
v 0.042920 7.155773 0.600000
v 0.060478 7.244043 0.600000
v 0.060478 7.244043 0.700000
v 0.042920 7.155773 0.700000
vt 0.042920 7.755773
vt 0.060478 7.844043
vt 0.060478 7.944043
vt 0.042920 7.855773
vn 0.980785 -0.195090 0.000000
vn 0.980785 -0.195090 0.000000
vn 0.980785 -0.195090 0.000000
vn 0.980785 -0.195090 0.000000
f 2715/2715/2715 2716/2716/2716 2717/2717/2717
f 2715/2715/2715 2717/2717/2717 2718/2718/2718
v 0.060478 7.244043 0.600000
v 0.000000 7.250000 0.600000
v 0.000000 7.250000 0.700000
v 0.060478 7.244043 0.700000
vt 0.060478 7.844043
vt 0.000000 7.850000
vt 0.000000 7.950000
vt 0.060478 7.944043
vn 0.098017 0.995185 0.000000
vn 0.098017 0.995185 0.000000
vn 0.098017 0.995185 0.000000
vn 0.098017 0.995185 0.000000
f 2719/2719/2719 2720/2720/2720 2721/2721/2721
f 2719/2719/2719 2721/2721/2721 2722/2722/2722
v 0.000000 7.250000 0.600000
v 0.000000 7.160000 0.600000
v 0.000000 7.160000 0.700000
v 0.000000 7.250000 0.700000
vt 0.000000 7.850000
vt 0.000000 7.760000
vt 0.000000 7.860000
vt 0.000000 7.950000
vn -1.000000 0.000000 0.000000
vn -1.000000 0.000000 0.000000
vn -1.000000 0.000000 0.000000
vn -1.000000 0.000000 0.000000
f 2723/2723/2723 2724/2724/2724 2725/2725/2725
f 2723/2723/2723 2725/2725/2725 2726/2726/2726
v 0.000000 7.160000 0.600000
v 0.042920 7.155773 0.600000
v 0.042920 7.155773 0.700000
v 0.000000 7.160000 0.700000
vt 0.000000 7.760000
vt 0.042920 7.755773
vt 0.042920 7.855773
vt 0.000000 7.860000
vn -0.098017 -0.995185 0.000000
vn -0.098017 -0.995185 0.000000
vn -0.098017 -0.995185 0.000000
vn -0.098017 -0.995185 0.000000
f 2727/2727/2727 2728/2728/2728 2729/2729/2729
f 2727/2727/2727 2729/2729/2729 2730/2730/2730
v 0.000000 7.160000 0.700000
v 0.000000 7.250000 0.700000
v -0.060478 7.244043 0.700000
v -0.042920 7.155773 0.700000
vt 0.000000 7.860000
vt 0.000000 7.950000
vt -0.060478 7.944043
vt -0.042920 7.855773
vn 0.000000 -0.000000 1.000000
vn 0.000000 -0.000000 1.000000
vn 0.000000 -0.000000 1.000000
vn 0.000000 -0.000000 1.000000
f 2731/2731/2731 2732/2732/2732 2733/2733/2733
f 2731/2731/2731 2733/2733/2733 2734/2734/2734
v -0.042920 7.155773 0.600000
v -0.060478 7.244043 0.600000
v 0.000000 7.250000 0.600000
v 0.000000 7.160000 0.600000
vt -0.042920 7.755773
vt -0.060478 7.844043
vt 0.000000 7.850000
vt 0.000000 7.760000
vn 0.000000 0.000000 -1.000000
vn 0.000000 0.000000 -1.000000
vn 0.000000 0.000000 -1.000000
vn 0.000000 0.000000 -1.000000
f 2735/2735/2735 2736/2736/2736 2737/2737/2737
f 2735/2735/2735 2737/2737/2737 2738/2738/2738
v 0.000000 7.160000 0.600000
v 0.000000 7.250000 0.600000
v 0.000000 7.250000 0.700000
v 0.000000 7.160000 0.700000
vt 0.000000 7.760000
vt 0.000000 7.850000
vt 0.000000 7.950000
vt 0.000000 7.860000
vn 1.000000 -0.000000 0.000000
vn 1.000000 -0.000000 0.000000
vn 1.000000 -0.000000 0.000000
vn 1.000000 -0.000000 0.000000
f 2739/2739/2739 2740/2740/2740 2741/2741/2741
f 2739/2739/2739 2741/2741/2741 2742/2742/2742
v 0.000000 7.250000 0.600000
v -0.060478 7.244043 0.600000
v -0.060478 7.244043 0.700000
v 0.000000 7.250000 0.700000
vt 0.000000 7.850000
vt -0.060478 7.844043
vt -0.060478 7.944043
vt 0.000000 7.950000
vn -0.098017 0.995185 0.000000
vn -0.098017 0.995185 0.000000
vn -0.098017 0.995185 0.000000
vn -0.098017 0.995185 0.000000
f 2743/2743/2743 2744/2744/2744 2745/2745/2745
f 2743/2743/2743 2745/2745/2745 2746/2746/2746
v -0.060478 7.244043 0.600000
v -0.042920 7.155773 0.600000
v -0.042920 7.155773 0.700000
v -0.060478 7.244043 0.700000
vt -0.060478 7.844043
vt -0.042920 7.755773
vt -0.042920 7.855773
vt -0.060478 7.944043
vn -0.980785 -0.195090 0.000000
vn -0.980785 -0.195090 0.000000
vn -0.980785 -0.195090 0.000000
vn -0.980785 -0.195090 0.000000
f 2747/2747/2747 2748/2748/2748 2749/2749/2749
f 2747/2747/2747 2749/2749/2749 2750/2750/2750
v -0.042920 7.155773 0.600000
v 0.000000 7.160000 0.600000
v 0.000000 7.160000 0.700000
v -0.042920 7.155773 0.700000
vt -0.042920 7.755773
vt 0.000000 7.760000
vt 0.000000 7.860000
vt -0.042920 7.855773
vn 0.098017 -0.995185 0.000000
vn 0.098017 -0.995185 0.000000
vn 0.098017 -0.995185 0.000000
vn 0.098017 -0.995185 0.000000
f 2751/2751/2751 2752/2752/2752 2753/2753/2753
f 2751/2751/2751 2753/2753/2753 2754/2754/2754
v -0.042920 7.155773 0.700000
v -0.060478 7.244043 0.700000
v -0.118632 7.226403 0.700000
v -0.084190 7.143253 0.700000
vt -0.042920 7.855773
vt -0.060478 7.944043
vt -0.118632 7.926403
vt -0.084190 7.843253
vn 0.000000 0.000000 1.000000
vn 0.000000 0.000000 1.000000
vn 0.000000 0.000000 1.000000
vn 0.000000 0.000000 1.000000
f 2755/2755/2755 2756/2756/2756 2757/2757/2757
f 2755/2755/2755 2757/2757/2757 2758/2758/2758
v -0.084190 7.143253 0.600000
v -0.118632 7.226403 0.600000
v -0.060478 7.244043 0.600000
v -0.042920 7.155773 0.600000
vt -0.084190 7.743253
vt -0.118632 7.826403
vt -0.060478 7.844043
vt -0.042920 7.755773
vn 0.000000 0.000000 -1.000000
vn 0.000000 0.000000 -1.000000
vn 0.000000 0.000000 -1.000000
vn 0.000000 0.000000 -1.000000
f 2759/2759/2759 2760/2760/2760 2761/2761/2761
f 2759/2759/2759 2761/2761/2761 2762/2762/2762
v -0.042920 7.155773 0.600000
v -0.060478 7.244043 0.600000
v -0.060478 7.244043 0.700000
v -0.042920 7.155773 0.700000
vt -0.042920 7.755773
vt -0.060478 7.844043
vt -0.060478 7.944043
vt -0.042920 7.855773
vn 0.980785 0.195090 0.000000
vn 0.980785 0.195090 0.000000
vn 0.980785 0.195090 0.000000
vn 0.980785 0.195090 0.000000
f 2763/2763/2763 2764/2764/2764 2765/2765/2765
f 2763/2763/2763 2765/2765/2765 2766/2766/2766
v -0.060478 7.244043 0.600000
v -0.118632 7.226403 0.600000
v -0.118632 7.226403 0.700000
v -0.060478 7.244043 0.700000
vt -0.060478 7.844043
vt -0.118632 7.826403
vt -0.118632 7.926403
vt -0.060478 7.944043
vn -0.290285 0.956940 0.000000
vn -0.290285 0.956940 0.000000
vn -0.290285 0.956940 0.000000
vn -0.290285 0.956940 0.000000
f 2767/2767/2767 2768/2768/2768 2769/2769/2769
f 2767/2767/2767 2769/2769/2769 2770/2770/2770
v -0.118632 7.226403 0.600000
v -0.084190 7.143253 0.600000
v -0.084190 7.143253 0.700000
v -0.118632 7.226403 0.700000
vt -0.118632 7.826403
vt -0.084190 7.743253
vt -0.084190 7.843253
vt -0.118632 7.926403
vn -0.923880 -0.382683 0.000000
vn -0.923880 -0.382683 0.000000
vn -0.923880 -0.382683 0.000000
vn -0.923880 -0.382683 0.000000
f 2771/2771/2771 2772/2772/2772 2773/2773/2773
f 2771/2771/2771 2773/2773/2773 2774/2774/2774
v -0.084190 7.143253 0.600000
v -0.042920 7.155773 0.600000
v -0.042920 7.155773 0.700000
v -0.084190 7.143253 0.700000
vt -0.084190 7.743253
vt -0.042920 7.755773
vt -0.042920 7.855773
vt -0.084190 7.843253
vn 0.290285 -0.956940 0.000000
vn 0.290285 -0.956940 0.000000
vn 0.290285 -0.956940 0.000000
vn 0.290285 -0.956940 0.000000
f 2775/2775/2775 2776/2776/2776 2777/2777/2777
f 2775/2775/2775 2777/2777/2777 2778/2778/2778
v -0.084190 7.143253 0.700000
v -0.118632 7.226403 0.700000
v -0.172227 7.197756 0.700000
v -0.122225 7.122923 0.700000
vt -0.084190 7.843253
vt -0.118632 7.926403
vt -0.172227 7.897756
vt -0.122225 7.822923
vn 0.000000 0.000000 1.000000
vn 0.000000 0.000000 1.000000
vn 0.000000 0.000000 1.000000
vn 0.000000 0.000000 1.000000
f 2779/2779/2779 2780/2780/2780 2781/2781/2781
f 2779/2779/2779 2781/2781/2781 2782/2782/2782
v -0.122225 7.122923 0.600000
v -0.172227 7.197756 0.600000
v -0.118632 7.226403 0.600000
v -0.084190 7.143253 0.600000
vt -0.122225 7.722923
vt -0.172227 7.797756
vt -0.118632 7.826403
vt -0.084190 7.743253
vn 0.000000 0.000000 -1.000000
vn 0.000000 0.000000 -1.000000
vn 0.000000 0.000000 -1.000000
vn 0.000000 0.000000 -1.000000
f 2783/2783/2783 2784/2784/2784 2785/2785/2785
f 2783/2783/2783 2785/2785/2785 2786/2786/2786
v -0.084190 7.143253 0.600000
v -0.118632 7.226403 0.600000
v -0.118632 7.226403 0.700000
v -0.084190 7.143253 0.700000
vt -0.084190 7.743253
vt -0.118632 7.826403
vt -0.118632 7.926403
vt -0.084190 7.843253
vn 0.923880 0.382683 0.000000
vn 0.923880 0.382683 0.000000
vn 0.923880 0.382683 0.000000
vn 0.923880 0.382683 0.000000
f 2787/2787/2787 2788/2788/2788 2789/2789/2789
f 2787/2787/2787 2789/2789/2789 2790/2790/2790
v -0.118632 7.226403 0.600000
v -0.172227 7.197756 0.600000
v -0.172227 7.197756 0.700000
v -0.118632 7.226403 0.700000
vt -0.118632 7.826403
vt -0.172227 7.797756
vt -0.172227 7.897756
vt -0.118632 7.926403
vn -0.471397 0.881921 0.000000
vn -0.471397 0.881921 0.000000
vn -0.471397 0.881921 0.000000
vn -0.471397 0.881921 0.000000
f 2791/2791/2791 2792/2792/2792 2793/2793/2793
f 2791/2791/2791 2793/2793/2793 2794/2794/2794
v -0.172227 7.197756 0.600000
v -0.122225 7.122923 0.600000
v -0.122225 7.122923 0.700000
v -0.172227 7.197756 0.700000
vt -0.172227 7.797756
vt -0.122225 7.722923
vt -0.122225 7.822923
vt -0.172227 7.897756
vn -0.831470 -0.555570 0.000000
vn -0.831470 -0.555570 0.000000
vn -0.831470 -0.555570 0.000000
vn -0.831470 -0.555570 0.000000
f 2795/2795/2795 2796/2796/2796 2797/2797/2797
f 2795/2795/2795 2797/2797/2797 2798/2798/2798
v -0.122225 7.122923 0.600000
v -0.084190 7.143253 0.600000
v -0.084190 7.143253 0.700000
v -0.122225 7.122923 0.700000
vt -0.122225 7.722923
vt -0.084190 7.743253
vt -0.084190 7.843253
vt -0.122225 7.822923
vn 0.471397 -0.881921 0.000000
vn 0.471397 -0.881921 0.000000
vn 0.471397 -0.881921 0.000000
vn 0.471397 -0.881921 0.000000
f 2799/2799/2799 2800/2800/2800 2801/2801/2801
f 2799/2799/2799 2801/2801/2801 2802/2802/2802
v -0.122225 7.122923 0.700000
v -0.172227 7.197756 0.700000
v -0.219203 7.159203 0.700000
v -0.155563 7.095563 0.700000
vt -0.122225 7.822923
vt -0.172227 7.897756
vt -0.219203 7.859203
vt -0.155563 7.795563
vn 0.000000 0.000000 1.000000
vn 0.000000 0.000000 1.000000
vn 0.000000 0.000000 1.000000
vn 0.000000 0.000000 1.000000
f 2803/2803/2803 2804/2804/2804 2805/2805/2805
f 2803/2803/2803 2805/2805/2805 2806/2806/2806
v -0.155563 7.095563 0.600000
v -0.219203 7.159203 0.600000
v -0.172227 7.197756 0.600000
v -0.122225 7.122923 0.600000
vt -0.155563 7.695563
vt -0.219203 7.759203
vt -0.172227 7.797756
vt -0.122225 7.722923
vn 0.000000 0.000000 -1.000000
vn 0.000000 0.000000 -1.000000
vn 0.000000 0.000000 -1.000000
vn 0.000000 0.000000 -1.000000
f 2807/2807/2807 2808/2808/2808 2809/2809/2809
f 2807/2807/2807 2809/2809/2809 2810/2810/2810
v -0.122225 7.122923 0.600000
v -0.172227 7.197756 0.600000
v -0.172227 7.197756 0.700000
v -0.122225 7.122923 0.700000
vt -0.122225 7.722923
vt -0.172227 7.797756
vt -0.172227 7.897756
vt -0.122225 7.822923
vn 0.831470 0.555570 0.000000
vn 0.831470 0.555570 0.000000
vn 0.831470 0.555570 0.000000
vn 0.831470 0.555570 0.000000
f 2811/2811/2811 2812/2812/2812 2813/2813/2813
f 2811/2811/2811 2813/2813/2813 2814/2814/2814
v -0.172227 7.197756 0.600000
v -0.219203 7.159203 0.600000
v -0.219203 7.159203 0.700000
v -0.172227 7.197756 0.700000
vt -0.172227 7.797756
vt -0.219203 7.759203
vt -0.219203 7.859203
vt -0.172227 7.897756
vn -0.634393 0.773010 0.000000
vn -0.634393 0.773010 0.000000
vn -0.634393 0.773010 0.000000
vn -0.634393 0.773010 0.000000
f 2815/2815/2815 2816/2816/2816 2817/2817/2817
f 2815/2815/2815 2817/2817/2817 2818/2818/2818
v -0.219203 7.159203 0.600000
v -0.155563 7.095563 0.600000
v -0.155563 7.095563 0.700000
v -0.219203 7.159203 0.700000
vt -0.219203 7.759203
vt -0.155563 7.695563
vt -0.155563 7.795563
vt -0.219203 7.859203
vn -0.707107 -0.707107 0.000000
vn -0.707107 -0.707107 0.000000
vn -0.707107 -0.707107 0.000000
vn -0.707107 -0.707107 0.000000
f 2819/2819/2819 2820/2820/2820 2821/2821/2821
f 2819/2819/2819 2821/2821/2821 2822/2822/2822
v -0.155563 7.095563 0.600000
v -0.122225 7.122923 0.600000
v -0.122225 7.122923 0.700000
v -0.155563 7.095563 0.700000
vt -0.155563 7.695563
vt -0.122225 7.722923
vt -0.122225 7.822923
vt -0.155563 7.795563
vn 0.634393 -0.773010 0.000000
vn 0.634393 -0.773010 0.000000
vn 0.634393 -0.773010 0.000000
vn 0.634393 -0.773010 0.000000
f 2823/2823/2823 2824/2824/2824 2825/2825/2825
f 2823/2823/2823 2825/2825/2825 2826/2826/2826
v -0.155563 7.095563 0.700000
v -0.219203 7.159203 0.700000
v -0.257756 7.112227 0.700000
v -0.182923 7.062225 0.700000
vt -0.155563 7.795563
vt -0.219203 7.859203
vt -0.257756 7.812227
vt -0.182923 7.762225
vn 0.000000 0.000000 1.000000
vn 0.000000 0.000000 1.000000
vn 0.000000 0.000000 1.000000
vn 0.000000 0.000000 1.000000
f 2827/2827/2827 2828/2828/2828 2829/2829/2829
f 2827/2827/2827 2829/2829/2829 2830/2830/2830
v -0.182923 7.062225 0.600000
v -0.257756 7.112227 0.600000
v -0.219203 7.159203 0.600000
v -0.155563 7.095563 0.600000
vt -0.182923 7.662225
vt -0.257756 7.712227
vt -0.219203 7.759203
vt -0.155563 7.695563
vn 0.000000 0.000000 -1.000000
vn 0.000000 0.000000 -1.000000
vn 0.000000 0.000000 -1.000000
vn 0.000000 0.000000 -1.000000
f 2831/2831/2831 2832/2832/2832 2833/2833/2833
f 2831/2831/2831 2833/2833/2833 2834/2834/2834
v -0.155563 7.095563 0.600000
v -0.219203 7.159203 0.600000
v -0.219203 7.159203 0.700000
v -0.155563 7.095563 0.700000
vt -0.155563 7.695563
vt -0.219203 7.759203
vt -0.219203 7.859203
vt -0.155563 7.795563
vn 0.707107 0.707107 0.000000
vn 0.707107 0.707107 0.000000
vn 0.707107 0.707107 0.000000
vn 0.707107 0.707107 0.000000
f 2835/2835/2835 2836/2836/2836 2837/2837/2837
f 2835/2835/2835 2837/2837/2837 2838/2838/2838
v -0.219203 7.159203 0.600000
v -0.257756 7.112227 0.600000
v -0.257756 7.112227 0.700000
v -0.219203 7.159203 0.700000
vt -0.219203 7.759203
vt -0.257756 7.712227
vt -0.257756 7.812227
vt -0.219203 7.859203
vn -0.773010 0.634393 0.000000
vn -0.773010 0.634393 0.000000
vn -0.773010 0.634393 0.000000
vn -0.773010 0.634393 0.000000
f 2839/2839/2839 2840/2840/2840 2841/2841/2841
f 2839/2839/2839 2841/2841/2841 2842/2842/2842
v -0.257756 7.112227 0.600000
v -0.182923 7.062225 0.600000
v -0.182923 7.062225 0.700000
v -0.257756 7.112227 0.700000
vt -0.257756 7.712227
vt -0.182923 7.662225
vt -0.182923 7.762225
vt -0.257756 7.812227
vn -0.555570 -0.831470 0.000000
vn -0.555570 -0.831470 0.000000
vn -0.555570 -0.831470 0.000000
vn -0.555570 -0.831470 0.000000
f 2843/2843/2843 2844/2844/2844 2845/2845/2845
f 2843/2843/2843 2845/2845/2845 2846/2846/2846
v -0.182923 7.062225 0.600000
v -0.155563 7.095563 0.600000
v -0.155563 7.095563 0.700000
v -0.182923 7.062225 0.700000
vt -0.182923 7.662225
vt -0.155563 7.695563
vt -0.155563 7.795563
vt -0.182923 7.762225
vn 0.773010 -0.634393 0.000000
vn 0.773010 -0.634393 0.000000
vn 0.773010 -0.634393 0.000000
vn 0.773010 -0.634393 0.000000
f 2847/2847/2847 2848/2848/2848 2849/2849/2849
f 2847/2847/2847 2849/2849/2849 2850/2850/2850
v -0.182923 7.062225 0.700000
v -0.257756 7.112227 0.700000
v -0.286403 7.058632 0.700000
v -0.203253 7.024190 0.700000
vt -0.182923 7.762225
vt -0.257756 7.812227
vt -0.286403 7.758632
vt -0.203253 7.724190
vn 0.000000 0.000000 1.000000
vn 0.000000 0.000000 1.000000
vn 0.000000 0.000000 1.000000
vn 0.000000 0.000000 1.000000
f 2851/2851/2851 2852/2852/2852 2853/2853/2853
f 2851/2851/2851 2853/2853/2853 2854/2854/2854
v -0.203253 7.024190 0.600000
v -0.286403 7.058632 0.600000
v -0.257756 7.112227 0.600000
v -0.182923 7.062225 0.600000
vt -0.203253 7.624190
vt -0.286403 7.658632
vt -0.257756 7.712227
vt -0.182923 7.662225
vn 0.000000 0.000000 -1.000000
vn 0.000000 0.000000 -1.000000
vn 0.000000 0.000000 -1.000000
vn 0.000000 0.000000 -1.000000
f 2855/2855/2855 2856/2856/2856 2857/2857/2857
f 2855/2855/2855 2857/2857/2857 2858/2858/2858
v -0.182923 7.062225 0.600000
v -0.257756 7.112227 0.600000
v -0.257756 7.112227 0.700000
v -0.182923 7.062225 0.700000
vt -0.182923 7.662225
vt -0.257756 7.712227
vt -0.257756 7.812227
vt -0.182923 7.762225
vn 0.555570 0.831470 0.000000
vn 0.555570 0.831470 0.000000
vn 0.555570 0.831470 0.000000
vn 0.555570 0.831470 0.000000
f 2859/2859/2859 2860/2860/2860 2861/2861/2861
f 2859/2859/2859 2861/2861/2861 2862/2862/2862
v -0.257756 7.112227 0.600000
v -0.286403 7.058632 0.600000
v -0.286403 7.058632 0.700000
v -0.257756 7.112227 0.700000
vt -0.257756 7.712227
vt -0.286403 7.658632
vt -0.286403 7.758632
vt -0.257756 7.812227
vn -0.881921 0.471397 0.000000
vn -0.881921 0.471397 0.000000
vn -0.881921 0.471397 0.000000
vn -0.881921 0.471397 0.000000
f 2863/2863/2863 2864/2864/2864 2865/2865/2865
f 2863/2863/2863 2865/2865/2865 2866/2866/2866
v -0.286403 7.058632 0.600000
v -0.203253 7.024190 0.600000
v -0.203253 7.024190 0.700000
v -0.286403 7.058632 0.700000
vt -0.286403 7.658632
vt -0.203253 7.624190
vt -0.203253 7.724190
vt -0.286403 7.758632
vn -0.382683 -0.923880 0.000000
vn -0.382683 -0.923880 0.000000
vn -0.382683 -0.923880 0.000000
vn -0.382683 -0.923880 0.000000
f 2867/2867/2867 2868/2868/2868 2869/2869/2869
f 2867/2867/2867 2869/2869/2869 2870/2870/2870
v -0.203253 7.024190 0.600000
v -0.182923 7.062225 0.600000
v -0.182923 7.062225 0.700000
v -0.203253 7.024190 0.700000
vt -0.203253 7.624190
vt -0.182923 7.662225
vt -0.182923 7.762225
vt -0.203253 7.724190
vn 0.881921 -0.471397 0.000000
vn 0.881921 -0.471397 0.000000
vn 0.881921 -0.471397 0.000000
vn 0.881921 -0.471397 0.000000
f 2871/2871/2871 2872/2872/2872 2873/2873/2873
f 2871/2871/2871 2873/2873/2873 2874/2874/2874
v -0.203253 7.024190 0.700000
v -0.286403 7.058632 0.700000
v -0.304043 7.000478 0.700000
v -0.215773 6.982920 0.700000
vt -0.203253 7.724190
vt -0.286403 7.758632
vt -0.304043 7.700478
vt -0.215773 7.682920
vn 0.000000 0.000000 1.000000
vn 0.000000 0.000000 1.000000
vn 0.000000 0.000000 1.000000
vn 0.000000 0.000000 1.000000
f 2875/2875/2875 2876/2876/2876 2877/2877/2877
f 2875/2875/2875 2877/2877/2877 2878/2878/2878
v -0.215773 6.982920 0.600000
v -0.304043 7.000478 0.600000
v -0.286403 7.058632 0.600000
v -0.203253 7.024190 0.600000
vt -0.215773 7.582920
vt -0.304043 7.600478
vt -0.286403 7.658632
vt -0.203253 7.624190
vn 0.000000 0.000000 -1.000000
vn 0.000000 0.000000 -1.000000
vn 0.000000 0.000000 -1.000000
vn 0.000000 0.000000 -1.000000
f 2879/2879/2879 2880/2880/2880 2881/2881/2881
f 2879/2879/2879 2881/2881/2881 2882/2882/2882
v -0.203253 7.024190 0.600000
v -0.286403 7.058632 0.600000
v -0.286403 7.058632 0.700000
v -0.203253 7.024190 0.700000
vt -0.203253 7.624190
vt -0.286403 7.658632
vt -0.286403 7.758632
vt -0.203253 7.724190
vn 0.382683 0.923880 0.000000
vn 0.382683 0.923880 0.000000
vn 0.382683 0.923880 0.000000
vn 0.382683 0.923880 0.000000
f 2883/2883/2883 2884/2884/2884 2885/2885/2885
f 2883/2883/2883 2885/2885/2885 2886/2886/2886
v -0.286403 7.058632 0.600000
v -0.304043 7.000478 0.600000
v -0.304043 7.000478 0.700000
v -0.286403 7.058632 0.700000
vt -0.286403 7.658632
vt -0.304043 7.600478
vt -0.304043 7.700478
vt -0.286403 7.758632
vn -0.956940 0.290285 0.000000
vn -0.956940 0.290285 0.000000
vn -0.956940 0.290285 0.000000
vn -0.956940 0.290285 0.000000
f 2887/2887/2887 2888/2888/2888 2889/2889/2889
f 2887/2887/2887 2889/2889/2889 2890/2890/2890
v -0.304043 7.000478 0.600000
v -0.215773 6.982920 0.600000
v -0.215773 6.982920 0.700000
v -0.304043 7.000478 0.700000
vt -0.304043 7.600478
vt -0.215773 7.582920
vt -0.215773 7.682920
vt -0.304043 7.700478
vn -0.195090 -0.980785 0.000000
vn -0.195090 -0.980785 0.000000
vn -0.195090 -0.980785 0.000000
vn -0.195090 -0.980785 0.000000
f 2891/2891/2891 2892/2892/2892 2893/2893/2893
f 2891/2891/2891 2893/2893/2893 2894/2894/2894
v -0.215773 6.982920 0.600000
v -0.203253 7.024190 0.600000
v -0.203253 7.024190 0.700000
v -0.215773 6.982920 0.700000
vt -0.215773 7.582920
vt -0.203253 7.624190
vt -0.203253 7.724190
vt -0.215773 7.682920
vn 0.956940 -0.290285 0.000000
vn 0.956940 -0.290285 0.000000
vn 0.956940 -0.290285 0.000000
vn 0.956940 -0.290285 0.000000
f 2895/2895/2895 2896/2896/2896 2897/2897/2897
f 2895/2895/2895 2897/2897/2897 2898/2898/2898
v -0.215773 6.982920 0.700000
v -0.304043 7.000478 0.700000
v -0.310000 6.940000 0.700000
v -0.220000 6.940000 0.700000
vt -0.215773 7.682920
vt -0.304043 7.700478
vt -0.310000 7.640000
vt -0.220000 7.640000
vn 0.000000 0.000000 1.000000
vn 0.000000 0.000000 1.000000
vn 0.000000 0.000000 1.000000
vn 0.000000 0.000000 1.000000
f 2899/2899/2899 2900/2900/2900 2901/2901/2901
f 2899/2899/2899 2901/2901/2901 2902/2902/2902
v -0.220000 6.940000 0.600000
v -0.310000 6.940000 0.600000
v -0.304043 7.000478 0.600000
v -0.215773 6.982920 0.600000
vt -0.220000 7.540000
vt -0.310000 7.540000
vt -0.304043 7.600478
vt -0.215773 7.582920
vn 0.000000 0.000000 -1.000000
vn 0.000000 0.000000 -1.000000
vn 0.000000 0.000000 -1.000000
vn 0.000000 0.000000 -1.000000
f 2903/2903/2903 2904/2904/2904 2905/2905/2905
f 2903/2903/2903 2905/2905/2905 2906/2906/2906
v -0.215773 6.982920 0.600000
v -0.304043 7.000478 0.600000
v -0.304043 7.000478 0.700000
v -0.215773 6.982920 0.700000
vt -0.215773 7.582920
vt -0.304043 7.600478
vt -0.304043 7.700478
vt -0.215773 7.682920
vn 0.195090 0.980785 0.000000
vn 0.195090 0.980785 0.000000
vn 0.195090 0.980785 0.000000
vn 0.195090 0.980785 0.000000
f 2907/2907/2907 2908/2908/2908 2909/2909/2909
f 2907/2907/2907 2909/2909/2909 2910/2910/2910
v -0.304043 7.000478 0.600000
v -0.310000 6.940000 0.600000
v -0.310000 6.940000 0.700000
v -0.304043 7.000478 0.700000
vt -0.304043 7.600478
vt -0.310000 7.540000
vt -0.310000 7.640000
vt -0.304043 7.700478
vn -0.995185 0.098017 0.000000
vn -0.995185 0.098017 0.000000
vn -0.995185 0.098017 0.000000
vn -0.995185 0.098017 0.000000
f 2911/2911/2911 2912/2912/2912 2913/2913/2913
f 2911/2911/2911 2913/2913/2913 2914/2914/2914
v -0.310000 6.940000 0.600000
v -0.220000 6.940000 0.600000
v -0.220000 6.940000 0.700000
v -0.310000 6.940000 0.700000
vt -0.310000 7.540000
vt -0.220000 7.540000
vt -0.220000 7.640000
vt -0.310000 7.640000
vn 0.000000 -1.000000 0.000000
vn 0.000000 -1.000000 0.000000
vn 0.000000 -1.000000 0.000000
vn 0.000000 -1.000000 0.000000
f 2915/2915/2915 2916/2916/2916 2917/2917/2917
f 2915/2915/2915 2917/2917/2917 2918/2918/2918
v -0.220000 6.940000 0.600000
v -0.215773 6.982920 0.600000
v -0.215773 6.982920 0.700000
v -0.220000 6.940000 0.700000
vt -0.220000 7.540000
vt -0.215773 7.582920
vt -0.215773 7.682920
vt -0.220000 7.640000
vn 0.995185 -0.098017 0.000000
vn 0.995185 -0.098017 0.000000
vn 0.995185 -0.098017 0.000000
vn 0.995185 -0.098017 0.000000
f 2919/2919/2919 2920/2920/2920 2921/2921/2921
f 2919/2919/2919 2921/2921/2921 2922/2922/2922
v 0.005000 7.796280 0.780000
v 0.005000 7.926280 0.780000
v -0.245000 7.926280 0.780000
v -0.245000 7.796280 0.780000
vt 0.005000 8.576280
vt 0.005000 8.706280
vt -0.245000 8.706280
vt -0.245000 8.576280
vn 0.000000 -0.000000 1.000000
vn 0.000000 -0.000000 1.000000
vn 0.000000 -0.000000 1.000000
vn 0.000000 -0.000000 1.000000
f 2923/2923/2923 2924/2924/2924 2925/2925/2925
f 2923/2923/2923 2925/2925/2925 2926/2926/2926
v -0.245000 7.926280 0.540000
v 0.005000 7.926280 0.540000
v 0.005000 7.796280 0.540000
v -0.245000 7.796280 0.540000
vt -0.245000 8.466280
vt 0.005000 8.466280
vt 0.005000 8.336280
vt -0.245000 8.336280
vn 0.000000 0.000000 -1.000000
vn 0.000000 0.000000 -1.000000
vn 0.000000 0.000000 -1.000000
vn 0.000000 0.000000 -1.000000
f 2927/2927/2927 2928/2928/2928 2929/2929/2929
f 2927/2927/2927 2929/2929/2929 2930/2930/2930
v -0.245000 7.926280 0.780000
v -0.245000 7.926280 0.540000
v -0.245000 7.796280 0.540000
v -0.245000 7.796280 0.780000
vt -0.245000 8.706280
vt -0.245000 8.466280
vt -0.245000 8.336280
vt -0.245000 8.576280
vn -1.000000 0.000000 -0.000000
vn -1.000000 0.000000 -0.000000
vn -1.000000 0.000000 -0.000000
vn -1.000000 0.000000 -0.000000
f 2931/2931/2931 2932/2932/2932 2933/2933/2933
f 2931/2931/2931 2933/2933/2933 2934/2934/2934
v 0.005000 7.796280 0.540000
v 0.005000 7.926280 0.540000
v 0.005000 7.926280 0.780000
v 0.005000 7.796280 0.780000
vt 0.005000 8.336280
vt 0.005000 8.466280
vt 0.005000 8.706280
vt 0.005000 8.576280
vn 1.000000 0.000000 0.000000
vn 1.000000 0.000000 0.000000
vn 1.000000 0.000000 0.000000
vn 1.000000 0.000000 0.000000
f 2935/2935/2935 2936/2936/2936 2937/2937/2937
f 2935/2935/2935 2937/2937/2937 2938/2938/2938
v -0.245000 7.796280 0.540000
v 0.005000 7.796280 0.540000
v 0.005000 7.796280 0.780000
v -0.245000 7.796280 0.780000
vt -0.245000 8.336280
vt 0.005000 8.336280
vt 0.005000 8.576280
vt -0.245000 8.576280
vn 0.000000 -1.000000 0.000000
vn 0.000000 -1.000000 0.000000
vn 0.000000 -1.000000 0.000000
vn 0.000000 -1.000000 0.000000
f 2939/2939/2939 2940/2940/2940 2941/2941/2941
f 2939/2939/2939 2941/2941/2941 2942/2942/2942
v 0.005000 7.926280 0.780000
v 0.005000 7.926280 0.540000
v -0.245000 7.926280 0.540000
v -0.245000 7.926280 0.780000
vt 0.005000 8.706280
vt 0.005000 8.466280
vt -0.245000 8.466280
vt -0.245000 8.706280
vn 0.000000 1.000000 0.000000
vn 0.000000 1.000000 0.000000
vn 0.000000 1.000000 0.000000
vn 0.000000 1.000000 0.000000
f 2943/2943/2943 2944/2944/2944 2945/2945/2945
f 2943/2943/2943 2945/2945/2945 2946/2946/2946
v -0.221000 7.648024 0.780000
v -0.221000 7.778024 0.780000
v -0.471000 7.778024 0.780000
v -0.471000 7.648024 0.780000
vt -0.221000 8.428024
vt -0.221000 8.558024
vt -0.471000 8.558024
vt -0.471000 8.428024
vn 0.000000 -0.000000 1.000000
vn 0.000000 -0.000000 1.000000
vn 0.000000 -0.000000 1.000000
vn 0.000000 -0.000000 1.000000
f 2947/2947/2947 2948/2948/2948 2949/2949/2949
f 2947/2947/2947 2949/2949/2949 2950/2950/2950
v -0.471000 7.778024 0.540000
v -0.221000 7.778024 0.540000
v -0.221000 7.648024 0.540000
v -0.471000 7.648024 0.540000
vt -0.471000 8.318024
vt -0.221000 8.318024
vt -0.221000 8.188024
vt -0.471000 8.188024
vn 0.000000 0.000000 -1.000000
vn 0.000000 0.000000 -1.000000
vn 0.000000 0.000000 -1.000000
vn 0.000000 0.000000 -1.000000
f 2951/2951/2951 2952/2952/2952 2953/2953/2953
f 2951/2951/2951 2953/2953/2953 2954/2954/2954
v -0.471000 7.778024 0.780000
v -0.471000 7.778024 0.540000
v -0.471000 7.648024 0.540000
v -0.471000 7.648024 0.780000
vt -0.471000 8.558024
vt -0.471000 8.318024
vt -0.471000 8.188024
vt -0.471000 8.428024
vn -1.000000 0.000000 -0.000000
vn -1.000000 0.000000 -0.000000
vn -1.000000 0.000000 -0.000000
vn -1.000000 0.000000 -0.000000
f 2955/2955/2955 2956/2956/2956 2957/2957/2957
f 2955/2955/2955 2957/2957/2957 2958/2958/2958
v -0.221000 7.648024 0.540000
v -0.221000 7.778024 0.540000
v -0.221000 7.778024 0.780000
v -0.221000 7.648024 0.780000
vt -0.221000 8.188024
vt -0.221000 8.318024
vt -0.221000 8.558024
vt -0.221000 8.428024
vn 1.000000 0.000000 0.000000
vn 1.000000 0.000000 0.000000
vn 1.000000 0.000000 0.000000
vn 1.000000 0.000000 0.000000
f 2959/2959/2959 2960/2960/2960 2961/2961/2961
f 2959/2959/2959 2961/2961/2961 2962/2962/2962
v -0.471000 7.648024 0.540000
v -0.221000 7.648024 0.540000
v -0.221000 7.648024 0.780000
v -0.471000 7.648024 0.780000
vt -0.471000 8.188024
vt -0.221000 8.188024
vt -0.221000 8.428024
vt -0.471000 8.428024
vn 0.000000 -1.000000 0.000000
vn 0.000000 -1.000000 0.000000
vn 0.000000 -1.000000 0.000000
vn 0.000000 -1.000000 0.000000
f 2963/2963/2963 2964/2964/2964 2965/2965/2965
f 2963/2963/2963 2965/2965/2965 2966/2966/2966
v -0.221000 7.778024 0.780000
v -0.221000 7.778024 0.540000
v -0.471000 7.778024 0.540000
v -0.471000 7.778024 0.780000
vt -0.221000 8.558024
vt -0.221000 8.318024
vt -0.471000 8.318024
vt -0.471000 8.558024
vn 0.000000 1.000000 0.000000
vn 0.000000 1.000000 0.000000
vn 0.000000 1.000000 0.000000
vn 0.000000 1.000000 0.000000
f 2967/2967/2967 2968/2968/2968 2969/2969/2969
f 2967/2967/2967 2969/2969/2969 2970/2970/2970
v -0.447000 7.499768 0.780000
v -0.447000 7.629768 0.780000
v -0.697000 7.629768 0.780000
v -0.697000 7.499768 0.780000
vt -0.447000 8.279768
vt -0.447000 8.409768
vt -0.697000 8.409768
vt -0.697000 8.279768
vn 0.000000 -0.000000 1.000000
vn 0.000000 -0.000000 1.000000
vn 0.000000 -0.000000 1.000000
vn 0.000000 -0.000000 1.000000
f 2971/2971/2971 2972/2972/2972 2973/2973/2973
f 2971/2971/2971 2973/2973/2973 2974/2974/2974
v -0.697000 7.629768 0.540000
v -0.447000 7.629768 0.540000
v -0.447000 7.499768 0.540000
v -0.697000 7.499768 0.540000
vt -0.697000 8.169768
vt -0.447000 8.169768
vt -0.447000 8.039768
vt -0.697000 8.039768
vn 0.000000 0.000000 -1.000000
vn 0.000000 0.000000 -1.000000
vn 0.000000 0.000000 -1.000000
vn 0.000000 0.000000 -1.000000
f 2975/2975/2975 2976/2976/2976 2977/2977/2977
f 2975/2975/2975 2977/2977/2977 2978/2978/2978
v -0.697000 7.629768 0.780000
v -0.697000 7.629768 0.540000
v -0.697000 7.499768 0.540000
v -0.697000 7.499768 0.780000
vt -0.697000 8.409768
vt -0.697000 8.169768
vt -0.697000 8.039768
vt -0.697000 8.279768
vn -1.000000 0.000000 -0.000000
vn -1.000000 0.000000 -0.000000
vn -1.000000 0.000000 -0.000000
vn -1.000000 0.000000 -0.000000
f 2979/2979/2979 2980/2980/2980 2981/2981/2981
f 2979/2979/2979 2981/2981/2981 2982/2982/2982
v -0.447000 7.499768 0.540000
v -0.447000 7.629768 0.540000
v -0.447000 7.629768 0.780000
v -0.447000 7.499768 0.780000
vt -0.447000 8.039768
vt -0.447000 8.169768
vt -0.447000 8.409768
vt -0.447000 8.279768
vn 1.000000 0.000000 0.000000
vn 1.000000 0.000000 0.000000
vn 1.000000 0.000000 0.000000
vn 1.000000 0.000000 0.000000
f 2983/2983/2983 2984/2984/2984 2985/2985/2985
f 2983/2983/2983 2985/2985/2985 2986/2986/2986
v -0.697000 7.499768 0.540000
v -0.447000 7.499768 0.540000
v -0.447000 7.499768 0.780000
v -0.697000 7.499768 0.780000
vt -0.697000 8.039768
vt -0.447000 8.039768
vt -0.447000 8.279768
vt -0.697000 8.279768
vn 0.000000 -1.000000 0.000000
vn 0.000000 -1.000000 0.000000
vn 0.000000 -1.000000 0.000000
vn 0.000000 -1.000000 0.000000
f 2987/2987/2987 2988/2988/2988 2989/2989/2989
f 2987/2987/2987 2989/2989/2989 2990/2990/2990
v -0.447000 7.629768 0.780000
v -0.447000 7.629768 0.540000
v -0.697000 7.629768 0.540000
v -0.697000 7.629768 0.780000
vt -0.447000 8.409768
vt -0.447000 8.169768
vt -0.697000 8.169768
vt -0.697000 8.409768
vn 0.000000 1.000000 0.000000
vn 0.000000 1.000000 0.000000
vn 0.000000 1.000000 0.000000
vn 0.000000 1.000000 0.000000
f 2991/2991/2991 2992/2992/2992 2993/2993/2993
f 2991/2991/2991 2993/2993/2993 2994/2994/2994
v -0.673000 7.351512 0.780000
v -0.673000 7.481512 0.780000
v -0.923000 7.481512 0.780000
v -0.923000 7.351512 0.780000
vt -0.673000 8.131512
vt -0.673000 8.261512
vt -0.923000 8.261512
vt -0.923000 8.131512
vn 0.000000 -0.000000 1.000000
vn 0.000000 -0.000000 1.000000
vn 0.000000 -0.000000 1.000000
vn 0.000000 -0.000000 1.000000
f 2995/2995/2995 2996/2996/2996 2997/2997/2997
f 2995/2995/2995 2997/2997/2997 2998/2998/2998
v -0.923000 7.481512 0.540000
v -0.673000 7.481512 0.540000
v -0.673000 7.351512 0.540000
v -0.923000 7.351512 0.540000
vt -0.923000 8.021512
vt -0.673000 8.021512
vt -0.673000 7.891512
vt -0.923000 7.891512
vn 0.000000 0.000000 -1.000000
vn 0.000000 0.000000 -1.000000
vn 0.000000 0.000000 -1.000000
vn 0.000000 0.000000 -1.000000
f 2999/2999/2999 3000/3000/3000 3001/3001/3001
f 2999/2999/2999 3001/3001/3001 3002/3002/3002
v -0.923000 7.481512 0.780000
v -0.923000 7.481512 0.540000
v -0.923000 7.351512 0.540000
v -0.923000 7.351512 0.780000
vt -0.923000 8.261512
vt -0.923000 8.021512
vt -0.923000 7.891512
vt -0.923000 8.131512
vn -1.000000 0.000000 -0.000000
vn -1.000000 0.000000 -0.000000
vn -1.000000 0.000000 -0.000000
vn -1.000000 0.000000 -0.000000
f 3003/3003/3003 3004/3004/3004 3005/3005/3005
f 3003/3003/3003 3005/3005/3005 3006/3006/3006
v -0.673000 7.351512 0.540000
v -0.673000 7.481512 0.540000
v -0.673000 7.481512 0.780000
v -0.673000 7.351512 0.780000
vt -0.673000 7.891512
vt -0.673000 8.021512
vt -0.673000 8.261512
vt -0.673000 8.131512
vn 1.000000 0.000000 0.000000
vn 1.000000 0.000000 0.000000
vn 1.000000 0.000000 0.000000
vn 1.000000 0.000000 0.000000
f 3007/3007/3007 3008/3008/3008 3009/3009/3009
f 3007/3007/3007 3009/3009/3009 3010/3010/3010
v -0.923000 7.351512 0.540000
v -0.673000 7.351512 0.540000
v -0.673000 7.351512 0.780000
v -0.923000 7.351512 0.780000
vt -0.923000 7.891512
vt -0.673000 7.891512
vt -0.673000 8.131512
vt -0.923000 8.131512
vn 0.000000 -1.000000 0.000000
vn 0.000000 -1.000000 0.000000
vn 0.000000 -1.000000 0.000000
vn 0.000000 -1.000000 0.000000
f 3011/3011/3011 3012/3012/3012 3013/3013/3013
f 3011/3011/3011 3013/3013/3013 3014/3014/3014
v -0.673000 7.481512 0.780000
v -0.673000 7.481512 0.540000
v -0.923000 7.481512 0.540000
v -0.923000 7.481512 0.780000
vt -0.673000 8.261512
vt -0.673000 8.021512
vt -0.923000 8.021512
vt -0.923000 8.261512
vn 0.000000 1.000000 0.000000
vn 0.000000 1.000000 0.000000
vn 0.000000 1.000000 0.000000
vn 0.000000 1.000000 0.000000
f 3015/3015/3015 3016/3016/3016 3017/3017/3017
f 3015/3015/3015 3017/3017/3017 3018/3018/3018
v -0.899000 7.203256 0.780000
v -0.899000 7.333256 0.780000
v -1.149000 7.333256 0.780000
v -1.149000 7.203256 0.780000
vt -0.899000 7.983256
vt -0.899000 8.113256
vt -1.149000 8.113256
vt -1.149000 7.983256
vn 0.000000 -0.000000 1.000000
vn 0.000000 -0.000000 1.000000
vn 0.000000 -0.000000 1.000000
vn 0.000000 -0.000000 1.000000
f 3019/3019/3019 3020/3020/3020 3021/3021/3021
f 3019/3019/3019 3021/3021/3021 3022/3022/3022
v -1.149000 7.333256 0.540000
v -0.899000 7.333256 0.540000
v -0.899000 7.203256 0.540000
v -1.149000 7.203256 0.540000
vt -1.149000 7.873256
vt -0.899000 7.873256
vt -0.899000 7.743256
vt -1.149000 7.743256
vn 0.000000 0.000000 -1.000000
vn 0.000000 0.000000 -1.000000
vn 0.000000 0.000000 -1.000000
vn 0.000000 0.000000 -1.000000
f 3023/3023/3023 3024/3024/3024 3025/3025/3025
f 3023/3023/3023 3025/3025/3025 3026/3026/3026
v -1.149000 7.333256 0.780000
v -1.149000 7.333256 0.540000
v -1.149000 7.203256 0.540000
v -1.149000 7.203256 0.780000
vt -1.149000 8.113256
vt -1.149000 7.873256
vt -1.149000 7.743256
vt -1.149000 7.983256
vn -1.000000 0.000000 -0.000000
vn -1.000000 0.000000 -0.000000
vn -1.000000 0.000000 -0.000000
vn -1.000000 0.000000 -0.000000
f 3027/3027/3027 3028/3028/3028 3029/3029/3029
f 3027/3027/3027 3029/3029/3029 3030/3030/3030
v -0.899000 7.203256 0.540000
v -0.899000 7.333256 0.540000
v -0.899000 7.333256 0.780000
v -0.899000 7.203256 0.780000
vt -0.899000 7.743256
vt -0.899000 7.873256
vt -0.899000 8.113256
vt -0.899000 7.983256
vn 1.000000 0.000000 0.000000
vn 1.000000 0.000000 0.000000
vn 1.000000 0.000000 0.000000
vn 1.000000 0.000000 0.000000
f 3031/3031/3031 3032/3032/3032 3033/3033/3033
f 3031/3031/3031 3033/3033/3033 3034/3034/3034
v -1.149000 7.203256 0.540000
v -0.899000 7.203256 0.540000
v -0.899000 7.203256 0.780000
v -1.149000 7.203256 0.780000
vt -1.149000 7.743256
vt -0.899000 7.743256
vt -0.899000 7.983256
vt -1.149000 7.983256
vn 0.000000 -1.000000 0.000000
vn 0.000000 -1.000000 0.000000
vn 0.000000 -1.000000 0.000000
vn 0.000000 -1.000000 0.000000
f 3035/3035/3035 3036/3036/3036 3037/3037/3037
f 3035/3035/3035 3037/3037/3037 3038/3038/3038
v -0.899000 7.333256 0.780000
v -0.899000 7.333256 0.540000
v -1.149000 7.333256 0.540000
v -1.149000 7.333256 0.780000
vt -0.899000 8.113256
vt -0.899000 7.873256
vt -1.149000 7.873256
vt -1.149000 8.113256
vn 0.000000 1.000000 0.000000
vn 0.000000 1.000000 0.000000
vn 0.000000 1.000000 0.000000
vn 0.000000 1.000000 0.000000
f 3039/3039/3039 3040/3040/3040 3041/3041/3041
f 3039/3039/3039 3041/3041/3041 3042/3042/3042
v -1.125000 7.055000 0.780000
v -1.125000 7.185000 0.780000
v -1.375000 7.185000 0.780000
v -1.375000 7.055000 0.780000
vt -1.125000 7.835000
vt -1.125000 7.965000
vt -1.375000 7.965000
vt -1.375000 7.835000
vn 0.000000 -0.000000 1.000000
vn 0.000000 -0.000000 1.000000
vn 0.000000 -0.000000 1.000000
vn 0.000000 -0.000000 1.000000
f 3043/3043/3043 3044/3044/3044 3045/3045/3045
f 3043/3043/3043 3045/3045/3045 3046/3046/3046
v -1.375000 7.185000 0.540000
v -1.125000 7.185000 0.540000
v -1.125000 7.055000 0.540000
v -1.375000 7.055000 0.540000
vt -1.375000 7.725000
vt -1.125000 7.725000
vt -1.125000 7.595000
vt -1.375000 7.595000
vn 0.000000 0.000000 -1.000000
vn 0.000000 0.000000 -1.000000
vn 0.000000 0.000000 -1.000000
vn 0.000000 0.000000 -1.000000
f 3047/3047/3047 3048/3048/3048 3049/3049/3049
f 3047/3047/3047 3049/3049/3049 3050/3050/3050
v -1.375000 7.185000 0.780000
v -1.375000 7.185000 0.540000
v -1.375000 7.055000 0.540000
v -1.375000 7.055000 0.780000
vt -1.375000 7.965000
vt -1.375000 7.725000
vt -1.375000 7.595000
vt -1.375000 7.835000
vn -1.000000 0.000000 -0.000000
vn -1.000000 0.000000 -0.000000
vn -1.000000 0.000000 -0.000000
vn -1.000000 0.000000 -0.000000
f 3051/3051/3051 3052/3052/3052 3053/3053/3053
f 3051/3051/3051 3053/3053/3053 3054/3054/3054
v -1.125000 7.055000 0.540000
v -1.125000 7.185000 0.540000
v -1.125000 7.185000 0.780000
v -1.125000 7.055000 0.780000
vt -1.125000 7.595000
vt -1.125000 7.725000
vt -1.125000 7.965000
vt -1.125000 7.835000
vn 1.000000 0.000000 0.000000
vn 1.000000 0.000000 0.000000
vn 1.000000 0.000000 0.000000
vn 1.000000 0.000000 0.000000
f 3055/3055/3055 3056/3056/3056 3057/3057/3057
f 3055/3055/3055 3057/3057/3057 3058/3058/3058
v -1.375000 7.055000 0.540000
v -1.125000 7.055000 0.540000
v -1.125000 7.055000 0.780000
v -1.375000 7.055000 0.780000
vt -1.375000 7.595000
vt -1.125000 7.595000
vt -1.125000 7.835000
vt -1.375000 7.835000
vn 0.000000 -1.000000 0.000000
vn 0.000000 -1.000000 0.000000
vn 0.000000 -1.000000 0.000000
vn 0.000000 -1.000000 0.000000
f 3059/3059/3059 3060/3060/3060 3061/3061/3061
f 3059/3059/3059 3061/3061/3061 3062/3062/3062
v -1.125000 7.185000 0.780000
v -1.125000 7.185000 0.540000
v -1.375000 7.185000 0.540000
v -1.375000 7.185000 0.780000
vt -1.125000 7.965000
vt -1.125000 7.725000
vt -1.375000 7.725000
vt -1.375000 7.965000
vn 0.000000 1.000000 0.000000
vn 0.000000 1.000000 0.000000
vn 0.000000 1.000000 0.000000
vn 0.000000 1.000000 0.000000
f 3063/3063/3063 3064/3064/3064 3065/3065/3065
f 3063/3063/3063 3065/3065/3065 3066/3066/3066
v -1.351000 6.906744 0.780000
v -1.351000 7.036744 0.780000
v -1.601000 7.036744 0.780000
v -1.601000 6.906744 0.780000
vt -1.351000 7.686744
vt -1.351000 7.816744
vt -1.601000 7.816744
vt -1.601000 7.686744
vn 0.000000 -0.000000 1.000000
vn 0.000000 -0.000000 1.000000
vn 0.000000 -0.000000 1.000000
vn 0.000000 -0.000000 1.000000
f 3067/3067/3067 3068/3068/3068 3069/3069/3069
f 3067/3067/3067 3069/3069/3069 3070/3070/3070
v -1.601000 7.036744 0.540000
v -1.351000 7.036744 0.540000
v -1.351000 6.906744 0.540000
v -1.601000 6.906744 0.540000
vt -1.601000 7.576744
vt -1.351000 7.576744
vt -1.351000 7.446744
vt -1.601000 7.446744
vn 0.000000 0.000000 -1.000000
vn 0.000000 0.000000 -1.000000
vn 0.000000 0.000000 -1.000000
vn 0.000000 0.000000 -1.000000
f 3071/3071/3071 3072/3072/3072 3073/3073/3073
f 3071/3071/3071 3073/3073/3073 3074/3074/3074
v -1.601000 7.036744 0.780000
v -1.601000 7.036744 0.540000
v -1.601000 6.906744 0.540000
v -1.601000 6.906744 0.780000
vt -1.601000 7.816744
vt -1.601000 7.576744
vt -1.601000 7.446744
vt -1.601000 7.686744
vn -1.000000 0.000000 -0.000000
vn -1.000000 0.000000 -0.000000
vn -1.000000 0.000000 -0.000000
vn -1.000000 0.000000 -0.000000
f 3075/3075/3075 3076/3076/3076 3077/3077/3077
f 3075/3075/3075 3077/3077/3077 3078/3078/3078
v -1.351000 6.906744 0.540000
v -1.351000 7.036744 0.540000
v -1.351000 7.036744 0.780000
v -1.351000 6.906744 0.780000
vt -1.351000 7.446744
vt -1.351000 7.576744
vt -1.351000 7.816744
vt -1.351000 7.686744
vn 1.000000 0.000000 0.000000
vn 1.000000 0.000000 0.000000
vn 1.000000 0.000000 0.000000
vn 1.000000 0.000000 0.000000
f 3079/3079/3079 3080/3080/3080 3081/3081/3081
f 3079/3079/3079 3081/3081/3081 3082/3082/3082
v -1.601000 6.906744 0.540000
v -1.351000 6.906744 0.540000
v -1.351000 6.906744 0.780000
v -1.601000 6.906744 0.780000
vt -1.601000 7.446744
vt -1.351000 7.446744
vt -1.351000 7.686744
vt -1.601000 7.686744
vn 0.000000 -1.000000 0.000000
vn 0.000000 -1.000000 0.000000
vn 0.000000 -1.000000 0.000000
vn 0.000000 -1.000000 0.000000
f 3083/3083/3083 3084/3084/3084 3085/3085/3085
f 3083/3083/3083 3085/3085/3085 3086/3086/3086
v -1.351000 7.036744 0.780000
v -1.351000 7.036744 0.540000
v -1.601000 7.036744 0.540000
v -1.601000 7.036744 0.780000
vt -1.351000 7.816744
vt -1.351000 7.576744
vt -1.601000 7.576744
vt -1.601000 7.816744
vn 0.000000 1.000000 0.000000
vn 0.000000 1.000000 0.000000
vn 0.000000 1.000000 0.000000
vn 0.000000 1.000000 0.000000
f 3087/3087/3087 3088/3088/3088 3089/3089/3089
f 3087/3087/3087 3089/3089/3089 3090/3090/3090
v -1.577000 6.758488 0.780000
v -1.577000 6.888488 0.780000
v -1.827000 6.888488 0.780000
v -1.827000 6.758488 0.780000
vt -1.577000 7.538488
vt -1.577000 7.668488
vt -1.827000 7.668488
vt -1.827000 7.538488
vn 0.000000 -0.000000 1.000000
vn 0.000000 -0.000000 1.000000
vn 0.000000 -0.000000 1.000000
vn 0.000000 -0.000000 1.000000
f 3091/3091/3091 3092/3092/3092 3093/3093/3093
f 3091/3091/3091 3093/3093/3093 3094/3094/3094
v -1.827000 6.888488 0.540000
v -1.577000 6.888488 0.540000
v -1.577000 6.758488 0.540000
v -1.827000 6.758488 0.540000
vt -1.827000 7.428488
vt -1.577000 7.428488
vt -1.577000 7.298488
vt -1.827000 7.298488
vn 0.000000 0.000000 -1.000000
vn 0.000000 0.000000 -1.000000
vn 0.000000 0.000000 -1.000000
vn 0.000000 0.000000 -1.000000
f 3095/3095/3095 3096/3096/3096 3097/3097/3097
f 3095/3095/3095 3097/3097/3097 3098/3098/3098
v -1.827000 6.888488 0.780000
v -1.827000 6.888488 0.540000
v -1.827000 6.758488 0.540000
v -1.827000 6.758488 0.780000
vt -1.827000 7.668488
vt -1.827000 7.428488
vt -1.827000 7.298488
vt -1.827000 7.538488
vn -1.000000 0.000000 -0.000000
vn -1.000000 0.000000 -0.000000
vn -1.000000 0.000000 -0.000000
vn -1.000000 0.000000 -0.000000
f 3099/3099/3099 3100/3100/3100 3101/3101/3101
f 3099/3099/3099 3101/3101/3101 3102/3102/3102
v -1.577000 6.758488 0.540000
v -1.577000 6.888488 0.540000
v -1.577000 6.888488 0.780000
v -1.577000 6.758488 0.780000
vt -1.577000 7.298488
vt -1.577000 7.428488
vt -1.577000 7.668488
vt -1.577000 7.538488
vn 1.000000 0.000000 0.000000
vn 1.000000 0.000000 0.000000
vn 1.000000 0.000000 0.000000
vn 1.000000 0.000000 0.000000
f 3103/3103/3103 3104/3104/3104 3105/3105/3105
f 3103/3103/3103 3105/3105/3105 3106/3106/3106
v -1.827000 6.758488 0.540000
v -1.577000 6.758488 0.540000
v -1.577000 6.758488 0.780000
v -1.827000 6.758488 0.780000
vt -1.827000 7.298488
vt -1.577000 7.298488
vt -1.577000 7.538488
vt -1.827000 7.538488
vn 0.000000 -1.000000 0.000000
vn 0.000000 -1.000000 0.000000
vn 0.000000 -1.000000 0.000000
vn 0.000000 -1.000000 0.000000
f 3107/3107/3107 3108/3108/3108 3109/3109/3109
f 3107/3107/3107 3109/3109/3109 3110/3110/3110
v -1.577000 6.888488 0.780000
v -1.577000 6.888488 0.540000
v -1.827000 6.888488 0.540000
v -1.827000 6.888488 0.780000
vt -1.577000 7.668488
vt -1.577000 7.428488
vt -1.827000 7.428488
vt -1.827000 7.668488
vn 0.000000 1.000000 0.000000
vn 0.000000 1.000000 0.000000
vn 0.000000 1.000000 0.000000
vn 0.000000 1.000000 0.000000
f 3111/3111/3111 3112/3112/3112 3113/3113/3113
f 3111/3111/3111 3113/3113/3113 3114/3114/3114
v -1.803000 6.610232 0.780000
v -1.803000 6.740232 0.780000
v -2.053000 6.740232 0.780000
v -2.053000 6.610232 0.780000
vt -1.803000 7.390232
vt -1.803000 7.520232
vt -2.053000 7.520232
vt -2.053000 7.390232
vn 0.000000 -0.000000 1.000000
vn 0.000000 -0.000000 1.000000
vn 0.000000 -0.000000 1.000000
vn 0.000000 -0.000000 1.000000
f 3115/3115/3115 3116/3116/3116 3117/3117/3117
f 3115/3115/3115 3117/3117/3117 3118/3118/3118
v -2.053000 6.740232 0.540000
v -1.803000 6.740232 0.540000
v -1.803000 6.610232 0.540000
v -2.053000 6.610232 0.540000
vt -2.053000 7.280232
vt -1.803000 7.280232
vt -1.803000 7.150232
vt -2.053000 7.150232
vn 0.000000 0.000000 -1.000000
vn 0.000000 0.000000 -1.000000
vn 0.000000 0.000000 -1.000000
vn 0.000000 0.000000 -1.000000
f 3119/3119/3119 3120/3120/3120 3121/3121/3121
f 3119/3119/3119 3121/3121/3121 3122/3122/3122
v -2.053000 6.740232 0.780000
v -2.053000 6.740232 0.540000
v -2.053000 6.610232 0.540000
v -2.053000 6.610232 0.780000
vt -2.053000 7.520232
vt -2.053000 7.280232
vt -2.053000 7.150232
vt -2.053000 7.390232
vn -1.000000 0.000000 -0.000000
vn -1.000000 0.000000 -0.000000
vn -1.000000 0.000000 -0.000000
vn -1.000000 0.000000 -0.000000
f 3123/3123/3123 3124/3124/3124 3125/3125/3125
f 3123/3123/3123 3125/3125/3125 3126/3126/3126
v -1.803000 6.610232 0.540000
v -1.803000 6.740232 0.540000
v -1.803000 6.740232 0.780000
v -1.803000 6.610232 0.780000
vt -1.803000 7.150232
vt -1.803000 7.280232
vt -1.803000 7.520232
vt -1.803000 7.390232
vn 1.000000 0.000000 0.000000
vn 1.000000 0.000000 0.000000
vn 1.000000 0.000000 0.000000
vn 1.000000 0.000000 0.000000
f 3127/3127/3127 3128/3128/3128 3129/3129/3129
f 3127/3127/3127 3129/3129/3129 3130/3130/3130
v -2.053000 6.610232 0.540000
v -1.803000 6.610232 0.540000
v -1.803000 6.610232 0.780000
v -2.053000 6.610232 0.780000
vt -2.053000 7.150232
vt -1.803000 7.150232
vt -1.803000 7.390232
vt -2.053000 7.390232
vn 0.000000 -1.000000 0.000000
vn 0.000000 -1.000000 0.000000
vn 0.000000 -1.000000 0.000000
vn 0.000000 -1.000000 0.000000
f 3131/3131/3131 3132/3132/3132 3133/3133/3133
f 3131/3131/3131 3133/3133/3133 3134/3134/3134
v -1.803000 6.740232 0.780000
v -1.803000 6.740232 0.540000
v -2.053000 6.740232 0.540000
v -2.053000 6.740232 0.780000
vt -1.803000 7.520232
vt -1.803000 7.280232
vt -2.053000 7.280232
vt -2.053000 7.520232
vn 0.000000 1.000000 0.000000
vn 0.000000 1.000000 0.000000
vn 0.000000 1.000000 0.000000
vn 0.000000 1.000000 0.000000
f 3135/3135/3135 3136/3136/3136 3137/3137/3137
f 3135/3135/3135 3137/3137/3137 3138/3138/3138
v -2.029000 6.461976 0.780000
v -2.029000 6.591976 0.780000
v -2.279000 6.591976 0.780000
v -2.279000 6.461976 0.780000
vt -2.029000 7.241976
vt -2.029000 7.371976
vt -2.279000 7.371976
vt -2.279000 7.241976
vn 0.000000 -0.000000 1.000000
vn 0.000000 -0.000000 1.000000
vn 0.000000 -0.000000 1.000000
vn 0.000000 -0.000000 1.000000
f 3139/3139/3139 3140/3140/3140 3141/3141/3141
f 3139/3139/3139 3141/3141/3141 3142/3142/3142
v -2.279000 6.591976 0.540000
v -2.029000 6.591976 0.540000
v -2.029000 6.461976 0.540000
v -2.279000 6.461976 0.540000
vt -2.279000 7.131976
vt -2.029000 7.131976
vt -2.029000 7.001976
vt -2.279000 7.001976
vn 0.000000 0.000000 -1.000000
vn 0.000000 0.000000 -1.000000
vn 0.000000 0.000000 -1.000000
vn 0.000000 0.000000 -1.000000
f 3143/3143/3143 3144/3144/3144 3145/3145/3145
f 3143/3143/3143 3145/3145/3145 3146/3146/3146
v -2.279000 6.591976 0.780000
v -2.279000 6.591976 0.540000
v -2.279000 6.461976 0.540000
v -2.279000 6.461976 0.780000
vt -2.279000 7.371976
vt -2.279000 7.131976
vt -2.279000 7.001976
vt -2.279000 7.241976
vn -1.000000 0.000000 -0.000000
vn -1.000000 0.000000 -0.000000
vn -1.000000 0.000000 -0.000000
vn -1.000000 0.000000 -0.000000
f 3147/3147/3147 3148/3148/3148 3149/3149/3149
f 3147/3147/3147 3149/3149/3149 3150/3150/3150
v -2.029000 6.461976 0.540000
v -2.029000 6.591976 0.540000
v -2.029000 6.591976 0.780000
v -2.029000 6.461976 0.780000
vt -2.029000 7.001976
vt -2.029000 7.131976
vt -2.029000 7.371976
vt -2.029000 7.241976
vn 1.000000 0.000000 0.000000
vn 1.000000 0.000000 0.000000
vn 1.000000 0.000000 0.000000
vn 1.000000 0.000000 0.000000
f 3151/3151/3151 3152/3152/3152 3153/3153/3153
f 3151/3151/3151 3153/3153/3153 3154/3154/3154
v -2.279000 6.461976 0.540000
v -2.029000 6.461976 0.540000
v -2.029000 6.461976 0.780000
v -2.279000 6.461976 0.780000
vt -2.279000 7.001976
vt -2.029000 7.001976
vt -2.029000 7.241976
vt -2.279000 7.241976
vn 0.000000 -1.000000 0.000000
vn 0.000000 -1.000000 0.000000
vn 0.000000 -1.000000 0.000000
vn 0.000000 -1.000000 0.000000
f 3155/3155/3155 3156/3156/3156 3157/3157/3157
f 3155/3155/3155 3157/3157/3157 3158/3158/3158
v -2.029000 6.591976 0.780000
v -2.029000 6.591976 0.540000
v -2.279000 6.591976 0.540000
v -2.279000 6.591976 0.780000
vt -2.029000 7.371976
vt -2.029000 7.131976
vt -2.279000 7.131976
vt -2.279000 7.371976
vn 0.000000 1.000000 0.000000
vn 0.000000 1.000000 0.000000
vn 0.000000 1.000000 0.000000
vn 0.000000 1.000000 0.000000
f 3159/3159/3159 3160/3160/3160 3161/3161/3161
f 3159/3159/3159 3161/3161/3161 3162/3162/3162
v -2.255000 6.313720 0.780000
v -2.255000 6.443720 0.780000
v -2.505000 6.443720 0.780000
v -2.505000 6.313720 0.780000
vt -2.255000 7.093720
vt -2.255000 7.223720
vt -2.505000 7.223720
vt -2.505000 7.093720
vn 0.000000 -0.000000 1.000000
vn 0.000000 -0.000000 1.000000
vn 0.000000 -0.000000 1.000000
vn 0.000000 -0.000000 1.000000
f 3163/3163/3163 3164/3164/3164 3165/3165/3165
f 3163/3163/3163 3165/3165/3165 3166/3166/3166
v -2.505000 6.443720 0.540000
v -2.255000 6.443720 0.540000
v -2.255000 6.313720 0.540000
v -2.505000 6.313720 0.540000
vt -2.505000 6.983720
vt -2.255000 6.983720
vt -2.255000 6.853720
vt -2.505000 6.853720
vn 0.000000 0.000000 -1.000000
vn 0.000000 0.000000 -1.000000
vn 0.000000 0.000000 -1.000000
vn 0.000000 0.000000 -1.000000
f 3167/3167/3167 3168/3168/3168 3169/3169/3169
f 3167/3167/3167 3169/3169/3169 3170/3170/3170
v -2.505000 6.443720 0.780000
v -2.505000 6.443720 0.540000
v -2.505000 6.313720 0.540000
v -2.505000 6.313720 0.780000
vt -2.505000 7.223720
vt -2.505000 6.983720
vt -2.505000 6.853720
vt -2.505000 7.093720
vn -1.000000 0.000000 -0.000000
vn -1.000000 0.000000 -0.000000
vn -1.000000 0.000000 -0.000000
vn -1.000000 0.000000 -0.000000
f 3171/3171/3171 3172/3172/3172 3173/3173/3173
f 3171/3171/3171 3173/3173/3173 3174/3174/3174
v -2.255000 6.313720 0.540000
v -2.255000 6.443720 0.540000
v -2.255000 6.443720 0.780000
v -2.255000 6.313720 0.780000
vt -2.255000 6.853720
vt -2.255000 6.983720
vt -2.255000 7.223720
vt -2.255000 7.093720
vn 1.000000 0.000000 0.000000
vn 1.000000 0.000000 0.000000
vn 1.000000 0.000000 0.000000
vn 1.000000 0.000000 0.000000
f 3175/3175/3175 3176/3176/3176 3177/3177/3177
f 3175/3175/3175 3177/3177/3177 3178/3178/3178
v -2.505000 6.313720 0.540000
v -2.255000 6.313720 0.540000
v -2.255000 6.313720 0.780000
v -2.505000 6.313720 0.780000
vt -2.505000 6.853720
vt -2.255000 6.853720
vt -2.255000 7.093720
vt -2.505000 7.093720
vn 0.000000 -1.000000 0.000000
vn 0.000000 -1.000000 0.000000
vn 0.000000 -1.000000 0.000000
vn 0.000000 -1.000000 0.000000
f 3179/3179/3179 3180/3180/3180 3181/3181/3181
f 3179/3179/3179 3181/3181/3181 3182/3182/3182
v -2.255000 6.443720 0.780000
v -2.255000 6.443720 0.540000
v -2.505000 6.443720 0.540000
v -2.505000 6.443720 0.780000
vt -2.255000 7.223720
vt -2.255000 6.983720
vt -2.505000 6.983720
vt -2.505000 7.223720
vn 0.000000 1.000000 0.000000
vn 0.000000 1.000000 0.000000
vn 0.000000 1.000000 0.000000
vn 0.000000 1.000000 0.000000
f 3183/3183/3183 3184/3184/3184 3185/3185/3185
f 3183/3183/3183 3185/3185/3185 3186/3186/3186
v -2.481000 6.165464 0.780000
v -2.481000 6.295464 0.780000
v -2.731000 6.295464 0.780000
v -2.731000 6.165464 0.780000
vt -2.481000 6.945464
vt -2.481000 7.075464
vt -2.731000 7.075464
vt -2.731000 6.945464
vn 0.000000 -0.000000 1.000000
vn 0.000000 -0.000000 1.000000
vn 0.000000 -0.000000 1.000000
vn 0.000000 -0.000000 1.000000
f 3187/3187/3187 3188/3188/3188 3189/3189/3189
f 3187/3187/3187 3189/3189/3189 3190/3190/3190
v -2.731000 6.295464 0.540000
v -2.481000 6.295464 0.540000
v -2.481000 6.165464 0.540000
v -2.731000 6.165464 0.540000
vt -2.731000 6.835464
vt -2.481000 6.835464
vt -2.481000 6.705464
vt -2.731000 6.705464
vn 0.000000 0.000000 -1.000000
vn 0.000000 0.000000 -1.000000
vn 0.000000 0.000000 -1.000000
vn 0.000000 0.000000 -1.000000
f 3191/3191/3191 3192/3192/3192 3193/3193/3193
f 3191/3191/3191 3193/3193/3193 3194/3194/3194
v -2.731000 6.295464 0.780000
v -2.731000 6.295464 0.540000
v -2.731000 6.165464 0.540000
v -2.731000 6.165464 0.780000
vt -2.731000 7.075464
vt -2.731000 6.835464
vt -2.731000 6.705464
vt -2.731000 6.945464
vn -1.000000 0.000000 -0.000000
vn -1.000000 0.000000 -0.000000
vn -1.000000 0.000000 -0.000000
vn -1.000000 0.000000 -0.000000
f 3195/3195/3195 3196/3196/3196 3197/3197/3197
f 3195/3195/3195 3197/3197/3197 3198/3198/3198
v -2.481000 6.165464 0.540000
v -2.481000 6.295464 0.540000
v -2.481000 6.295464 0.780000
v -2.481000 6.165464 0.780000
vt -2.481000 6.705464
vt -2.481000 6.835464
vt -2.481000 7.075464
vt -2.481000 6.945464
vn 1.000000 0.000000 0.000000
vn 1.000000 0.000000 0.000000
vn 1.000000 0.000000 0.000000
vn 1.000000 0.000000 0.000000
f 3199/3199/3199 3200/3200/3200 3201/3201/3201
f 3199/3199/3199 3201/3201/3201 3202/3202/3202
v -2.731000 6.165464 0.540000
v -2.481000 6.165464 0.540000
v -2.481000 6.165464 0.780000
v -2.731000 6.165464 0.780000
vt -2.731000 6.705464
vt -2.481000 6.705464
vt -2.481000 6.945464
vt -2.731000 6.945464
vn 0.000000 -1.000000 0.000000
vn 0.000000 -1.000000 0.000000
vn 0.000000 -1.000000 0.000000
vn 0.000000 -1.000000 0.000000
f 3203/3203/3203 3204/3204/3204 3205/3205/3205
f 3203/3203/3203 3205/3205/3205 3206/3206/3206
v -2.481000 6.295464 0.780000
v -2.481000 6.295464 0.540000
v -2.731000 6.295464 0.540000
v -2.731000 6.295464 0.780000
vt -2.481000 7.075464
vt -2.481000 6.835464
vt -2.731000 6.835464
vt -2.731000 7.075464
vn 0.000000 1.000000 0.000000
vn 0.000000 1.000000 0.000000
vn 0.000000 1.000000 0.000000
vn 0.000000 1.000000 0.000000
f 3207/3207/3207 3208/3208/3208 3209/3209/3209
f 3207/3207/3207 3209/3209/3209 3210/3210/3210
v 0.245000 7.796280 0.780000
v 0.245000 7.926280 0.780000
v -0.005000 7.926280 0.780000
v -0.005000 7.796280 0.780000
vt 0.245000 8.576280
vt 0.245000 8.706280
vt -0.005000 8.706280
vt -0.005000 8.576280
vn 0.000000 -0.000000 1.000000
vn 0.000000 -0.000000 1.000000
vn 0.000000 -0.000000 1.000000
vn 0.000000 -0.000000 1.000000
f 3211/3211/3211 3212/3212/3212 3213/3213/3213
f 3211/3211/3211 3213/3213/3213 3214/3214/3214
v -0.005000 7.926280 0.540000
v 0.245000 7.926280 0.540000
v 0.245000 7.796280 0.540000
v -0.005000 7.796280 0.540000
vt -0.005000 8.466280
vt 0.245000 8.466280
vt 0.245000 8.336280
vt -0.005000 8.336280
vn 0.000000 0.000000 -1.000000
vn 0.000000 0.000000 -1.000000
vn 0.000000 0.000000 -1.000000
vn 0.000000 0.000000 -1.000000
f 3215/3215/3215 3216/3216/3216 3217/3217/3217
f 3215/3215/3215 3217/3217/3217 3218/3218/3218
v -0.005000 7.926280 0.780000
v -0.005000 7.926280 0.540000
v -0.005000 7.796280 0.540000
v -0.005000 7.796280 0.780000
vt -0.005000 8.706280
vt -0.005000 8.466280
vt -0.005000 8.336280
vt -0.005000 8.576280
vn -1.000000 0.000000 -0.000000
vn -1.000000 0.000000 -0.000000
vn -1.000000 0.000000 -0.000000
vn -1.000000 0.000000 -0.000000
f 3219/3219/3219 3220/3220/3220 3221/3221/3221
f 3219/3219/3219 3221/3221/3221 3222/3222/3222
v 0.245000 7.796280 0.540000
v 0.245000 7.926280 0.540000
v 0.245000 7.926280 0.780000
v 0.245000 7.796280 0.780000
vt 0.245000 8.336280
vt 0.245000 8.466280
vt 0.245000 8.706280
vt 0.245000 8.576280
vn 1.000000 0.000000 0.000000
vn 1.000000 0.000000 0.000000
vn 1.000000 0.000000 0.000000
vn 1.000000 0.000000 0.000000
f 3223/3223/3223 3224/3224/3224 3225/3225/3225
f 3223/3223/3223 3225/3225/3225 3226/3226/3226
v -0.005000 7.796280 0.540000
v 0.245000 7.796280 0.540000
v 0.245000 7.796280 0.780000
v -0.005000 7.796280 0.780000
vt -0.005000 8.336280
vt 0.245000 8.336280
vt 0.245000 8.576280
vt -0.005000 8.576280
vn 0.000000 -1.000000 0.000000
vn 0.000000 -1.000000 0.000000
vn 0.000000 -1.000000 0.000000
vn 0.000000 -1.000000 0.000000
f 3227/3227/3227 3228/3228/3228 3229/3229/3229
f 3227/3227/3227 3229/3229/3229 3230/3230/3230
v 0.245000 7.926280 0.780000
v 0.245000 7.926280 0.540000
v -0.005000 7.926280 0.540000
v -0.005000 7.926280 0.780000
vt 0.245000 8.706280
vt 0.245000 8.466280
vt -0.005000 8.466280
vt -0.005000 8.706280
vn 0.000000 1.000000 0.000000
vn 0.000000 1.000000 0.000000
vn 0.000000 1.000000 0.000000
vn 0.000000 1.000000 0.000000
f 3231/3231/3231 3232/3232/3232 3233/3233/3233
f 3231/3231/3231 3233/3233/3233 3234/3234/3234
v 0.471000 7.648024 0.780000
v 0.471000 7.778024 0.780000
v 0.221000 7.778024 0.780000
v 0.221000 7.648024 0.780000
vt 0.471000 8.428024
vt 0.471000 8.558024
vt 0.221000 8.558024
vt 0.221000 8.428024
vn 0.000000 -0.000000 1.000000
vn 0.000000 -0.000000 1.000000
vn 0.000000 -0.000000 1.000000
vn 0.000000 -0.000000 1.000000
f 3235/3235/3235 3236/3236/3236 3237/3237/3237
f 3235/3235/3235 3237/3237/3237 3238/3238/3238
v 0.221000 7.778024 0.540000
v 0.471000 7.778024 0.540000
v 0.471000 7.648024 0.540000
v 0.221000 7.648024 0.540000
vt 0.221000 8.318024
vt 0.471000 8.318024
vt 0.471000 8.188024
vt 0.221000 8.188024
vn 0.000000 0.000000 -1.000000
vn 0.000000 0.000000 -1.000000
vn 0.000000 0.000000 -1.000000
vn 0.000000 0.000000 -1.000000
f 3239/3239/3239 3240/3240/3240 3241/3241/3241
f 3239/3239/3239 3241/3241/3241 3242/3242/3242
v 0.221000 7.778024 0.780000
v 0.221000 7.778024 0.540000
v 0.221000 7.648024 0.540000
v 0.221000 7.648024 0.780000
vt 0.221000 8.558024
vt 0.221000 8.318024
vt 0.221000 8.188024
vt 0.221000 8.428024
vn -1.000000 0.000000 -0.000000
vn -1.000000 0.000000 -0.000000
vn -1.000000 0.000000 -0.000000
vn -1.000000 0.000000 -0.000000
f 3243/3243/3243 3244/3244/3244 3245/3245/3245
f 3243/3243/3243 3245/3245/3245 3246/3246/3246
v 0.471000 7.648024 0.540000
v 0.471000 7.778024 0.540000
v 0.471000 7.778024 0.780000
v 0.471000 7.648024 0.780000
vt 0.471000 8.188024
vt 0.471000 8.318024
vt 0.471000 8.558024
vt 0.471000 8.428024
vn 1.000000 0.000000 0.000000
vn 1.000000 0.000000 0.000000
vn 1.000000 0.000000 0.000000
vn 1.000000 0.000000 0.000000
f 3247/3247/3247 3248/3248/3248 3249/3249/3249
f 3247/3247/3247 3249/3249/3249 3250/3250/3250
v 0.221000 7.648024 0.540000
v 0.471000 7.648024 0.540000
v 0.471000 7.648024 0.780000
v 0.221000 7.648024 0.780000
vt 0.221000 8.188024
vt 0.471000 8.188024
vt 0.471000 8.428024
vt 0.221000 8.428024
vn 0.000000 -1.000000 0.000000
vn 0.000000 -1.000000 0.000000
vn 0.000000 -1.000000 0.000000
vn 0.000000 -1.000000 0.000000
f 3251/3251/3251 3252/3252/3252 3253/3253/3253
f 3251/3251/3251 3253/3253/3253 3254/3254/3254
v 0.471000 7.778024 0.780000
v 0.471000 7.778024 0.540000
v 0.221000 7.778024 0.540000
v 0.221000 7.778024 0.780000
vt 0.471000 8.558024
vt 0.471000 8.318024
vt 0.221000 8.318024
vt 0.221000 8.558024
vn 0.000000 1.000000 0.000000
vn 0.000000 1.000000 0.000000
vn 0.000000 1.000000 0.000000
vn 0.000000 1.000000 0.000000
f 3255/3255/3255 3256/3256/3256 3257/3257/3257
f 3255/3255/3255 3257/3257/3257 3258/3258/3258
v 0.697000 7.499768 0.780000
v 0.697000 7.629768 0.780000
v 0.447000 7.629768 0.780000
v 0.447000 7.499768 0.780000
vt 0.697000 8.279768
vt 0.697000 8.409768
vt 0.447000 8.409768
vt 0.447000 8.279768
vn 0.000000 -0.000000 1.000000
vn 0.000000 -0.000000 1.000000
vn 0.000000 -0.000000 1.000000
vn 0.000000 -0.000000 1.000000
f 3259/3259/3259 3260/3260/3260 3261/3261/3261
f 3259/3259/3259 3261/3261/3261 3262/3262/3262
v 0.447000 7.629768 0.540000
v 0.697000 7.629768 0.540000
v 0.697000 7.499768 0.540000
v 0.447000 7.499768 0.540000
vt 0.447000 8.169768
vt 0.697000 8.169768
vt 0.697000 8.039768
vt 0.447000 8.039768
vn 0.000000 0.000000 -1.000000
vn 0.000000 0.000000 -1.000000
vn 0.000000 0.000000 -1.000000
vn 0.000000 0.000000 -1.000000
f 3263/3263/3263 3264/3264/3264 3265/3265/3265
f 3263/3263/3263 3265/3265/3265 3266/3266/3266
v 0.447000 7.629768 0.780000
v 0.447000 7.629768 0.540000
v 0.447000 7.499768 0.540000
v 0.447000 7.499768 0.780000
vt 0.447000 8.409768
vt 0.447000 8.169768
vt 0.447000 8.039768
vt 0.447000 8.279768
vn -1.000000 0.000000 -0.000000
vn -1.000000 0.000000 -0.000000
vn -1.000000 0.000000 -0.000000
vn -1.000000 0.000000 -0.000000
f 3267/3267/3267 3268/3268/3268 3269/3269/3269
f 3267/3267/3267 3269/3269/3269 3270/3270/3270
v 0.697000 7.499768 0.540000
v 0.697000 7.629768 0.540000
v 0.697000 7.629768 0.780000
v 0.697000 7.499768 0.780000
vt 0.697000 8.039768
vt 0.697000 8.169768
vt 0.697000 8.409768
vt 0.697000 8.279768
vn 1.000000 0.000000 0.000000
vn 1.000000 0.000000 0.000000
vn 1.000000 0.000000 0.000000
vn 1.000000 0.000000 0.000000
f 3271/3271/3271 3272/3272/3272 3273/3273/3273
f 3271/3271/3271 3273/3273/3273 3274/3274/3274
v 0.447000 7.499768 0.540000
v 0.697000 7.499768 0.540000
v 0.697000 7.499768 0.780000
v 0.447000 7.499768 0.780000
vt 0.447000 8.039768
vt 0.697000 8.039768
vt 0.697000 8.279768
vt 0.447000 8.279768
vn 0.000000 -1.000000 0.000000
vn 0.000000 -1.000000 0.000000
vn 0.000000 -1.000000 0.000000
vn 0.000000 -1.000000 0.000000
f 3275/3275/3275 3276/3276/3276 3277/3277/3277
f 3275/3275/3275 3277/3277/3277 3278/3278/3278
v 0.697000 7.629768 0.780000
v 0.697000 7.629768 0.540000
v 0.447000 7.629768 0.540000
v 0.447000 7.629768 0.780000
vt 0.697000 8.409768
vt 0.697000 8.169768
vt 0.447000 8.169768
vt 0.447000 8.409768
vn 0.000000 1.000000 0.000000
vn 0.000000 1.000000 0.000000
vn 0.000000 1.000000 0.000000
vn 0.000000 1.000000 0.000000
f 3279/3279/3279 3280/3280/3280 3281/3281/3281
f 3279/3279/3279 3281/3281/3281 3282/3282/3282
v 0.923000 7.351512 0.780000
v 0.923000 7.481512 0.780000
v 0.673000 7.481512 0.780000
v 0.673000 7.351512 0.780000
vt 0.923000 8.131512
vt 0.923000 8.261512
vt 0.673000 8.261512
vt 0.673000 8.131512
vn 0.000000 -0.000000 1.000000
vn 0.000000 -0.000000 1.000000
vn 0.000000 -0.000000 1.000000
vn 0.000000 -0.000000 1.000000
f 3283/3283/3283 3284/3284/3284 3285/3285/3285
f 3283/3283/3283 3285/3285/3285 3286/3286/3286
v 0.673000 7.481512 0.540000
v 0.923000 7.481512 0.540000
v 0.923000 7.351512 0.540000
v 0.673000 7.351512 0.540000
vt 0.673000 8.021512
vt 0.923000 8.021512
vt 0.923000 7.891512
vt 0.673000 7.891512
vn 0.000000 0.000000 -1.000000
vn 0.000000 0.000000 -1.000000
vn 0.000000 0.000000 -1.000000
vn 0.000000 0.000000 -1.000000
f 3287/3287/3287 3288/3288/3288 3289/3289/3289
f 3287/3287/3287 3289/3289/3289 3290/3290/3290
v 0.673000 7.481512 0.780000
v 0.673000 7.481512 0.540000
v 0.673000 7.351512 0.540000
v 0.673000 7.351512 0.780000
vt 0.673000 8.261512
vt 0.673000 8.021512
vt 0.673000 7.891512
vt 0.673000 8.131512
vn -1.000000 0.000000 -0.000000
vn -1.000000 0.000000 -0.000000
vn -1.000000 0.000000 -0.000000
vn -1.000000 0.000000 -0.000000
f 3291/3291/3291 3292/3292/3292 3293/3293/3293
f 3291/3291/3291 3293/3293/3293 3294/3294/3294
v 0.923000 7.351512 0.540000
v 0.923000 7.481512 0.540000
v 0.923000 7.481512 0.780000
v 0.923000 7.351512 0.780000
vt 0.923000 7.891512
vt 0.923000 8.021512
vt 0.923000 8.261512
vt 0.923000 8.131512
vn 1.000000 0.000000 0.000000
vn 1.000000 0.000000 0.000000
vn 1.000000 0.000000 0.000000
vn 1.000000 0.000000 0.000000
f 3295/3295/3295 3296/3296/3296 3297/3297/3297
f 3295/3295/3295 3297/3297/3297 3298/3298/3298
v 0.673000 7.351512 0.540000
v 0.923000 7.351512 0.540000
v 0.923000 7.351512 0.780000
v 0.673000 7.351512 0.780000
vt 0.673000 7.891512
vt 0.923000 7.891512
vt 0.923000 8.131512
vt 0.673000 8.131512
vn 0.000000 -1.000000 0.000000
vn 0.000000 -1.000000 0.000000
vn 0.000000 -1.000000 0.000000
vn 0.000000 -1.000000 0.000000
f 3299/3299/3299 3300/3300/3300 3301/3301/3301
f 3299/3299/3299 3301/3301/3301 3302/3302/3302
v 0.923000 7.481512 0.780000
v 0.923000 7.481512 0.540000
v 0.673000 7.481512 0.540000
v 0.673000 7.481512 0.780000
vt 0.923000 8.261512
vt 0.923000 8.021512
vt 0.673000 8.021512
vt 0.673000 8.261512
vn 0.000000 1.000000 0.000000
vn 0.000000 1.000000 0.000000
vn 0.000000 1.000000 0.000000
vn 0.000000 1.000000 0.000000
f 3303/3303/3303 3304/3304/3304 3305/3305/3305
f 3303/3303/3303 3305/3305/3305 3306/3306/3306
v 1.149000 7.203256 0.780000
v 1.149000 7.333256 0.780000
v 0.899000 7.333256 0.780000
v 0.899000 7.203256 0.780000
vt 1.149000 7.983256
vt 1.149000 8.113256
vt 0.899000 8.113256
vt 0.899000 7.983256
vn 0.000000 -0.000000 1.000000
vn 0.000000 -0.000000 1.000000
vn 0.000000 -0.000000 1.000000
vn 0.000000 -0.000000 1.000000
f 3307/3307/3307 3308/3308/3308 3309/3309/3309
f 3307/3307/3307 3309/3309/3309 3310/3310/3310
v 0.899000 7.333256 0.540000
v 1.149000 7.333256 0.540000
v 1.149000 7.203256 0.540000
v 0.899000 7.203256 0.540000
vt 0.899000 7.873256
vt 1.149000 7.873256
vt 1.149000 7.743256
vt 0.899000 7.743256
vn 0.000000 0.000000 -1.000000
vn 0.000000 0.000000 -1.000000
vn 0.000000 0.000000 -1.000000
vn 0.000000 0.000000 -1.000000
f 3311/3311/3311 3312/3312/3312 3313/3313/3313
f 3311/3311/3311 3313/3313/3313 3314/3314/3314
v 0.899000 7.333256 0.780000
v 0.899000 7.333256 0.540000
v 0.899000 7.203256 0.540000
v 0.899000 7.203256 0.780000
vt 0.899000 8.113256
vt 0.899000 7.873256
vt 0.899000 7.743256
vt 0.899000 7.983256
vn -1.000000 0.000000 -0.000000
vn -1.000000 0.000000 -0.000000
vn -1.000000 0.000000 -0.000000
vn -1.000000 0.000000 -0.000000
f 3315/3315/3315 3316/3316/3316 3317/3317/3317
f 3315/3315/3315 3317/3317/3317 3318/3318/3318
v 1.149000 7.203256 0.540000
v 1.149000 7.333256 0.540000
v 1.149000 7.333256 0.780000
v 1.149000 7.203256 0.780000
vt 1.149000 7.743256
vt 1.149000 7.873256
vt 1.149000 8.113256
vt 1.149000 7.983256
vn 1.000000 0.000000 0.000000
vn 1.000000 0.000000 0.000000
vn 1.000000 0.000000 0.000000
vn 1.000000 0.000000 0.000000
f 3319/3319/3319 3320/3320/3320 3321/3321/3321
f 3319/3319/3319 3321/3321/3321 3322/3322/3322
v 0.899000 7.203256 0.540000
v 1.149000 7.203256 0.540000
v 1.149000 7.203256 0.780000
v 0.899000 7.203256 0.780000
vt 0.899000 7.743256
vt 1.149000 7.743256
vt 1.149000 7.983256
vt 0.899000 7.983256
vn 0.000000 -1.000000 0.000000
vn 0.000000 -1.000000 0.000000
vn 0.000000 -1.000000 0.000000
vn 0.000000 -1.000000 0.000000
f 3323/3323/3323 3324/3324/3324 3325/3325/3325
f 3323/3323/3323 3325/3325/3325 3326/3326/3326
v 1.149000 7.333256 0.780000
v 1.149000 7.333256 0.540000
v 0.899000 7.333256 0.540000
v 0.899000 7.333256 0.780000
vt 1.149000 8.113256
vt 1.149000 7.873256
vt 0.899000 7.873256
vt 0.899000 8.113256
vn 0.000000 1.000000 0.000000
vn 0.000000 1.000000 0.000000
vn 0.000000 1.000000 0.000000
vn 0.000000 1.000000 0.000000
f 3327/3327/3327 3328/3328/3328 3329/3329/3329
f 3327/3327/3327 3329/3329/3329 3330/3330/3330
v 1.375000 7.055000 0.780000
v 1.375000 7.185000 0.780000
v 1.125000 7.185000 0.780000
v 1.125000 7.055000 0.780000
vt 1.375000 7.835000
vt 1.375000 7.965000
vt 1.125000 7.965000
vt 1.125000 7.835000
vn 0.000000 -0.000000 1.000000
vn 0.000000 -0.000000 1.000000
vn 0.000000 -0.000000 1.000000
vn 0.000000 -0.000000 1.000000
f 3331/3331/3331 3332/3332/3332 3333/3333/3333
f 3331/3331/3331 3333/3333/3333 3334/3334/3334
v 1.125000 7.185000 0.540000
v 1.375000 7.185000 0.540000
v 1.375000 7.055000 0.540000
v 1.125000 7.055000 0.540000
vt 1.125000 7.725000
vt 1.375000 7.725000
vt 1.375000 7.595000
vt 1.125000 7.595000
vn 0.000000 0.000000 -1.000000
vn 0.000000 0.000000 -1.000000
vn 0.000000 0.000000 -1.000000
vn 0.000000 0.000000 -1.000000
f 3335/3335/3335 3336/3336/3336 3337/3337/3337
f 3335/3335/3335 3337/3337/3337 3338/3338/3338
v 1.125000 7.185000 0.780000
v 1.125000 7.185000 0.540000
v 1.125000 7.055000 0.540000
v 1.125000 7.055000 0.780000
vt 1.125000 7.965000
vt 1.125000 7.725000
vt 1.125000 7.595000
vt 1.125000 7.835000
vn -1.000000 0.000000 -0.000000
vn -1.000000 0.000000 -0.000000
vn -1.000000 0.000000 -0.000000
vn -1.000000 0.000000 -0.000000
f 3339/3339/3339 3340/3340/3340 3341/3341/3341
f 3339/3339/3339 3341/3341/3341 3342/3342/3342
v 1.375000 7.055000 0.540000
v 1.375000 7.185000 0.540000
v 1.375000 7.185000 0.780000
v 1.375000 7.055000 0.780000
vt 1.375000 7.595000
vt 1.375000 7.725000
vt 1.375000 7.965000
vt 1.375000 7.835000
vn 1.000000 0.000000 0.000000
vn 1.000000 0.000000 0.000000
vn 1.000000 0.000000 0.000000
vn 1.000000 0.000000 0.000000
f 3343/3343/3343 3344/3344/3344 3345/3345/3345
f 3343/3343/3343 3345/3345/3345 3346/3346/3346
v 1.125000 7.055000 0.540000
v 1.375000 7.055000 0.540000
v 1.375000 7.055000 0.780000
v 1.125000 7.055000 0.780000
vt 1.125000 7.595000
vt 1.375000 7.595000
vt 1.375000 7.835000
vt 1.125000 7.835000
vn 0.000000 -1.000000 0.000000
vn 0.000000 -1.000000 0.000000
vn 0.000000 -1.000000 0.000000
vn 0.000000 -1.000000 0.000000
f 3347/3347/3347 3348/3348/3348 3349/3349/3349
f 3347/3347/3347 3349/3349/3349 3350/3350/3350
v 1.375000 7.185000 0.780000
v 1.375000 7.185000 0.540000
v 1.125000 7.185000 0.540000
v 1.125000 7.185000 0.780000
vt 1.375000 7.965000
vt 1.375000 7.725000
vt 1.125000 7.725000
vt 1.125000 7.965000
vn 0.000000 1.000000 0.000000
vn 0.000000 1.000000 0.000000
vn 0.000000 1.000000 0.000000
vn 0.000000 1.000000 0.000000
f 3351/3351/3351 3352/3352/3352 3353/3353/3353
f 3351/3351/3351 3353/3353/3353 3354/3354/3354
v 1.601000 6.906744 0.780000
v 1.601000 7.036744 0.780000
v 1.351000 7.036744 0.780000
v 1.351000 6.906744 0.780000
vt 1.601000 7.686744
vt 1.601000 7.816744
vt 1.351000 7.816744
vt 1.351000 7.686744
vn 0.000000 -0.000000 1.000000
vn 0.000000 -0.000000 1.000000
vn 0.000000 -0.000000 1.000000
vn 0.000000 -0.000000 1.000000
f 3355/3355/3355 3356/3356/3356 3357/3357/3357
f 3355/3355/3355 3357/3357/3357 3358/3358/3358
v 1.351000 7.036744 0.540000
v 1.601000 7.036744 0.540000
v 1.601000 6.906744 0.540000
v 1.351000 6.906744 0.540000
vt 1.351000 7.576744
vt 1.601000 7.576744
vt 1.601000 7.446744
vt 1.351000 7.446744
vn 0.000000 0.000000 -1.000000
vn 0.000000 0.000000 -1.000000
vn 0.000000 0.000000 -1.000000
vn 0.000000 0.000000 -1.000000
f 3359/3359/3359 3360/3360/3360 3361/3361/3361
f 3359/3359/3359 3361/3361/3361 3362/3362/3362
v 1.351000 7.036744 0.780000
v 1.351000 7.036744 0.540000
v 1.351000 6.906744 0.540000
v 1.351000 6.906744 0.780000
vt 1.351000 7.816744
vt 1.351000 7.576744
vt 1.351000 7.446744
vt 1.351000 7.686744
vn -1.000000 0.000000 -0.000000
vn -1.000000 0.000000 -0.000000
vn -1.000000 0.000000 -0.000000
vn -1.000000 0.000000 -0.000000
f 3363/3363/3363 3364/3364/3364 3365/3365/3365
f 3363/3363/3363 3365/3365/3365 3366/3366/3366
v 1.601000 6.906744 0.540000
v 1.601000 7.036744 0.540000
v 1.601000 7.036744 0.780000
v 1.601000 6.906744 0.780000
vt 1.601000 7.446744
vt 1.601000 7.576744
vt 1.601000 7.816744
vt 1.601000 7.686744
vn 1.000000 0.000000 0.000000
vn 1.000000 0.000000 0.000000
vn 1.000000 0.000000 0.000000
vn 1.000000 0.000000 0.000000
f 3367/3367/3367 3368/3368/3368 3369/3369/3369
f 3367/3367/3367 3369/3369/3369 3370/3370/3370
v 1.351000 6.906744 0.540000
v 1.601000 6.906744 0.540000
v 1.601000 6.906744 0.780000
v 1.351000 6.906744 0.780000
vt 1.351000 7.446744
vt 1.601000 7.446744
vt 1.601000 7.686744
vt 1.351000 7.686744
vn 0.000000 -1.000000 0.000000
vn 0.000000 -1.000000 0.000000
vn 0.000000 -1.000000 0.000000
vn 0.000000 -1.000000 0.000000
f 3371/3371/3371 3372/3372/3372 3373/3373/3373
f 3371/3371/3371 3373/3373/3373 3374/3374/3374
v 1.601000 7.036744 0.780000
v 1.601000 7.036744 0.540000
v 1.351000 7.036744 0.540000
v 1.351000 7.036744 0.780000
vt 1.601000 7.816744
vt 1.601000 7.576744
vt 1.351000 7.576744
vt 1.351000 7.816744
vn 0.000000 1.000000 0.000000
vn 0.000000 1.000000 0.000000
vn 0.000000 1.000000 0.000000
vn 0.000000 1.000000 0.000000
f 3375/3375/3375 3376/3376/3376 3377/3377/3377
f 3375/3375/3375 3377/3377/3377 3378/3378/3378
v 1.827000 6.758488 0.780000
v 1.827000 6.888488 0.780000
v 1.577000 6.888488 0.780000
v 1.577000 6.758488 0.780000
vt 1.827000 7.538488
vt 1.827000 7.668488
vt 1.577000 7.668488
vt 1.577000 7.538488
vn 0.000000 -0.000000 1.000000
vn 0.000000 -0.000000 1.000000
vn 0.000000 -0.000000 1.000000
vn 0.000000 -0.000000 1.000000
f 3379/3379/3379 3380/3380/3380 3381/3381/3381
f 3379/3379/3379 3381/3381/3381 3382/3382/3382
v 1.577000 6.888488 0.540000
v 1.827000 6.888488 0.540000
v 1.827000 6.758488 0.540000
v 1.577000 6.758488 0.540000
vt 1.577000 7.428488
vt 1.827000 7.428488
vt 1.827000 7.298488
vt 1.577000 7.298488
vn 0.000000 0.000000 -1.000000
vn 0.000000 0.000000 -1.000000
vn 0.000000 0.000000 -1.000000
vn 0.000000 0.000000 -1.000000
f 3383/3383/3383 3384/3384/3384 3385/3385/3385
f 3383/3383/3383 3385/3385/3385 3386/3386/3386
v 1.577000 6.888488 0.780000
v 1.577000 6.888488 0.540000
v 1.577000 6.758488 0.540000
v 1.577000 6.758488 0.780000
vt 1.577000 7.668488
vt 1.577000 7.428488
vt 1.577000 7.298488
vt 1.577000 7.538488
vn -1.000000 0.000000 -0.000000
vn -1.000000 0.000000 -0.000000
vn -1.000000 0.000000 -0.000000
vn -1.000000 0.000000 -0.000000
f 3387/3387/3387 3388/3388/3388 3389/3389/3389
f 3387/3387/3387 3389/3389/3389 3390/3390/3390
v 1.827000 6.758488 0.540000
v 1.827000 6.888488 0.540000
v 1.827000 6.888488 0.780000
v 1.827000 6.758488 0.780000
vt 1.827000 7.298488
vt 1.827000 7.428488
vt 1.827000 7.668488
vt 1.827000 7.538488
vn 1.000000 0.000000 0.000000
vn 1.000000 0.000000 0.000000
vn 1.000000 0.000000 0.000000
vn 1.000000 0.000000 0.000000
f 3391/3391/3391 3392/3392/3392 3393/3393/3393
f 3391/3391/3391 3393/3393/3393 3394/3394/3394
v 1.577000 6.758488 0.540000
v 1.827000 6.758488 0.540000
v 1.827000 6.758488 0.780000
v 1.577000 6.758488 0.780000
vt 1.577000 7.298488
vt 1.827000 7.298488
vt 1.827000 7.538488
vt 1.577000 7.538488
vn 0.000000 -1.000000 0.000000
vn 0.000000 -1.000000 0.000000
vn 0.000000 -1.000000 0.000000
vn 0.000000 -1.000000 0.000000
f 3395/3395/3395 3396/3396/3396 3397/3397/3397
f 3395/3395/3395 3397/3397/3397 3398/3398/3398
v 1.827000 6.888488 0.780000
v 1.827000 6.888488 0.540000
v 1.577000 6.888488 0.540000
v 1.577000 6.888488 0.780000
vt 1.827000 7.668488
vt 1.827000 7.428488
vt 1.577000 7.428488
vt 1.577000 7.668488
vn 0.000000 1.000000 0.000000
vn 0.000000 1.000000 0.000000
vn 0.000000 1.000000 0.000000
vn 0.000000 1.000000 0.000000
f 3399/3399/3399 3400/3400/3400 3401/3401/3401
f 3399/3399/3399 3401/3401/3401 3402/3402/3402
v 2.053000 6.610232 0.780000
v 2.053000 6.740232 0.780000
v 1.803000 6.740232 0.780000
v 1.803000 6.610232 0.780000
vt 2.053000 7.390232
vt 2.053000 7.520232
vt 1.803000 7.520232
vt 1.803000 7.390232
vn 0.000000 -0.000000 1.000000
vn 0.000000 -0.000000 1.000000
vn 0.000000 -0.000000 1.000000
vn 0.000000 -0.000000 1.000000
f 3403/3403/3403 3404/3404/3404 3405/3405/3405
f 3403/3403/3403 3405/3405/3405 3406/3406/3406
v 1.803000 6.740232 0.540000
v 2.053000 6.740232 0.540000
v 2.053000 6.610232 0.540000
v 1.803000 6.610232 0.540000
vt 1.803000 7.280232
vt 2.053000 7.280232
vt 2.053000 7.150232
vt 1.803000 7.150232
vn 0.000000 0.000000 -1.000000
vn 0.000000 0.000000 -1.000000
vn 0.000000 0.000000 -1.000000
vn 0.000000 0.000000 -1.000000
f 3407/3407/3407 3408/3408/3408 3409/3409/3409
f 3407/3407/3407 3409/3409/3409 3410/3410/3410
v 1.803000 6.740232 0.780000
v 1.803000 6.740232 0.540000
v 1.803000 6.610232 0.540000
v 1.803000 6.610232 0.780000
vt 1.803000 7.520232
vt 1.803000 7.280232
vt 1.803000 7.150232
vt 1.803000 7.390232
vn -1.000000 0.000000 -0.000000
vn -1.000000 0.000000 -0.000000
vn -1.000000 0.000000 -0.000000
vn -1.000000 0.000000 -0.000000
f 3411/3411/3411 3412/3412/3412 3413/3413/3413
f 3411/3411/3411 3413/3413/3413 3414/3414/3414
v 2.053000 6.610232 0.540000
v 2.053000 6.740232 0.540000
v 2.053000 6.740232 0.780000
v 2.053000 6.610232 0.780000
vt 2.053000 7.150232
vt 2.053000 7.280232
vt 2.053000 7.520232
vt 2.053000 7.390232
vn 1.000000 0.000000 0.000000
vn 1.000000 0.000000 0.000000
vn 1.000000 0.000000 0.000000
vn 1.000000 0.000000 0.000000
f 3415/3415/3415 3416/3416/3416 3417/3417/3417
f 3415/3415/3415 3417/3417/3417 3418/3418/3418
v 1.803000 6.610232 0.540000
v 2.053000 6.610232 0.540000
v 2.053000 6.610232 0.780000
v 1.803000 6.610232 0.780000
vt 1.803000 7.150232
vt 2.053000 7.150232
vt 2.053000 7.390232
vt 1.803000 7.390232
vn 0.000000 -1.000000 0.000000
vn 0.000000 -1.000000 0.000000
vn 0.000000 -1.000000 0.000000
vn 0.000000 -1.000000 0.000000
f 3419/3419/3419 3420/3420/3420 3421/3421/3421
f 3419/3419/3419 3421/3421/3421 3422/3422/3422
v 2.053000 6.740232 0.780000
v 2.053000 6.740232 0.540000
v 1.803000 6.740232 0.540000
v 1.803000 6.740232 0.780000
vt 2.053000 7.520232
vt 2.053000 7.280232
vt 1.803000 7.280232
vt 1.803000 7.520232
vn 0.000000 1.000000 0.000000
vn 0.000000 1.000000 0.000000
vn 0.000000 1.000000 0.000000
vn 0.000000 1.000000 0.000000
f 3423/3423/3423 3424/3424/3424 3425/3425/3425
f 3423/3423/3423 3425/3425/3425 3426/3426/3426
v 2.279000 6.461976 0.780000
v 2.279000 6.591976 0.780000
v 2.029000 6.591976 0.780000
v 2.029000 6.461976 0.780000
vt 2.279000 7.241976
vt 2.279000 7.371976
vt 2.029000 7.371976
vt 2.029000 7.241976
vn 0.000000 -0.000000 1.000000
vn 0.000000 -0.000000 1.000000
vn 0.000000 -0.000000 1.000000
vn 0.000000 -0.000000 1.000000
f 3427/3427/3427 3428/3428/3428 3429/3429/3429
f 3427/3427/3427 3429/3429/3429 3430/3430/3430
v 2.029000 6.591976 0.540000
v 2.279000 6.591976 0.540000
v 2.279000 6.461976 0.540000
v 2.029000 6.461976 0.540000
vt 2.029000 7.131976
vt 2.279000 7.131976
vt 2.279000 7.001976
vt 2.029000 7.001976
vn 0.000000 0.000000 -1.000000
vn 0.000000 0.000000 -1.000000
vn 0.000000 0.000000 -1.000000
vn 0.000000 0.000000 -1.000000
f 3431/3431/3431 3432/3432/3432 3433/3433/3433
f 3431/3431/3431 3433/3433/3433 3434/3434/3434
v 2.029000 6.591976 0.780000
v 2.029000 6.591976 0.540000
v 2.029000 6.461976 0.540000
v 2.029000 6.461976 0.780000
vt 2.029000 7.371976
vt 2.029000 7.131976
vt 2.029000 7.001976
vt 2.029000 7.241976
vn -1.000000 0.000000 -0.000000
vn -1.000000 0.000000 -0.000000
vn -1.000000 0.000000 -0.000000
vn -1.000000 0.000000 -0.000000
f 3435/3435/3435 3436/3436/3436 3437/3437/3437
f 3435/3435/3435 3437/3437/3437 3438/3438/3438
v 2.279000 6.461976 0.540000
v 2.279000 6.591976 0.540000
v 2.279000 6.591976 0.780000
v 2.279000 6.461976 0.780000
vt 2.279000 7.001976
vt 2.279000 7.131976
vt 2.279000 7.371976
vt 2.279000 7.241976
vn 1.000000 0.000000 0.000000
vn 1.000000 0.000000 0.000000
vn 1.000000 0.000000 0.000000
vn 1.000000 0.000000 0.000000
f 3439/3439/3439 3440/3440/3440 3441/3441/3441
f 3439/3439/3439 3441/3441/3441 3442/3442/3442
v 2.029000 6.461976 0.540000
v 2.279000 6.461976 0.540000
v 2.279000 6.461976 0.780000
v 2.029000 6.461976 0.780000
vt 2.029000 7.001976
vt 2.279000 7.001976
vt 2.279000 7.241976
vt 2.029000 7.241976
vn 0.000000 -1.000000 0.000000
vn 0.000000 -1.000000 0.000000
vn 0.000000 -1.000000 0.000000
vn 0.000000 -1.000000 0.000000
f 3443/3443/3443 3444/3444/3444 3445/3445/3445
f 3443/3443/3443 3445/3445/3445 3446/3446/3446
v 2.279000 6.591976 0.780000
v 2.279000 6.591976 0.540000
v 2.029000 6.591976 0.540000
v 2.029000 6.591976 0.780000
vt 2.279000 7.371976
vt 2.279000 7.131976
vt 2.029000 7.131976
vt 2.029000 7.371976
vn 0.000000 1.000000 0.000000
vn 0.000000 1.000000 0.000000
vn 0.000000 1.000000 0.000000
vn 0.000000 1.000000 0.000000
f 3447/3447/3447 3448/3448/3448 3449/3449/3449
f 3447/3447/3447 3449/3449/3449 3450/3450/3450
v 2.505000 6.313720 0.780000
v 2.505000 6.443720 0.780000
v 2.255000 6.443720 0.780000
v 2.255000 6.313720 0.780000
vt 2.505000 7.093720
vt 2.505000 7.223720
vt 2.255000 7.223720
vt 2.255000 7.093720
vn 0.000000 -0.000000 1.000000
vn 0.000000 -0.000000 1.000000
vn 0.000000 -0.000000 1.000000
vn 0.000000 -0.000000 1.000000
f 3451/3451/3451 3452/3452/3452 3453/3453/3453
f 3451/3451/3451 3453/3453/3453 3454/3454/3454
v 2.255000 6.443720 0.540000
v 2.505000 6.443720 0.540000
v 2.505000 6.313720 0.540000
v 2.255000 6.313720 0.540000
vt 2.255000 6.983720
vt 2.505000 6.983720
vt 2.505000 6.853720
vt 2.255000 6.853720
vn 0.000000 0.000000 -1.000000
vn 0.000000 0.000000 -1.000000
vn 0.000000 0.000000 -1.000000
vn 0.000000 0.000000 -1.000000
f 3455/3455/3455 3456/3456/3456 3457/3457/3457
f 3455/3455/3455 3457/3457/3457 3458/3458/3458
v 2.255000 6.443720 0.780000
v 2.255000 6.443720 0.540000
v 2.255000 6.313720 0.540000
v 2.255000 6.313720 0.780000
vt 2.255000 7.223720
vt 2.255000 6.983720
vt 2.255000 6.853720
vt 2.255000 7.093720
vn -1.000000 0.000000 -0.000000
vn -1.000000 0.000000 -0.000000
vn -1.000000 0.000000 -0.000000
vn -1.000000 0.000000 -0.000000
f 3459/3459/3459 3460/3460/3460 3461/3461/3461
f 3459/3459/3459 3461/3461/3461 3462/3462/3462
v 2.505000 6.313720 0.540000
v 2.505000 6.443720 0.540000
v 2.505000 6.443720 0.780000
v 2.505000 6.313720 0.780000
vt 2.505000 6.853720
vt 2.505000 6.983720
vt 2.505000 7.223720
vt 2.505000 7.093720
vn 1.000000 0.000000 0.000000
vn 1.000000 0.000000 0.000000
vn 1.000000 0.000000 0.000000
vn 1.000000 0.000000 0.000000
f 3463/3463/3463 3464/3464/3464 3465/3465/3465
f 3463/3463/3463 3465/3465/3465 3466/3466/3466
v 2.255000 6.313720 0.540000
v 2.505000 6.313720 0.540000
v 2.505000 6.313720 0.780000
v 2.255000 6.313720 0.780000
vt 2.255000 6.853720
vt 2.505000 6.853720
vt 2.505000 7.093720
vt 2.255000 7.093720
vn 0.000000 -1.000000 0.000000
vn 0.000000 -1.000000 0.000000
vn 0.000000 -1.000000 0.000000
vn 0.000000 -1.000000 0.000000
f 3467/3467/3467 3468/3468/3468 3469/3469/3469
f 3467/3467/3467 3469/3469/3469 3470/3470/3470
v 2.505000 6.443720 0.780000
v 2.505000 6.443720 0.540000
v 2.255000 6.443720 0.540000
v 2.255000 6.443720 0.780000
vt 2.505000 7.223720
vt 2.505000 6.983720
vt 2.255000 6.983720
vt 2.255000 7.223720
vn 0.000000 1.000000 0.000000
vn 0.000000 1.000000 0.000000
vn 0.000000 1.000000 0.000000
vn 0.000000 1.000000 0.000000
f 3471/3471/3471 3472/3472/3472 3473/3473/3473
f 3471/3471/3471 3473/3473/3473 3474/3474/3474
v 2.731000 6.165464 0.780000
v 2.731000 6.295464 0.780000
v 2.481000 6.295464 0.780000
v 2.481000 6.165464 0.780000
vt 2.731000 6.945464
vt 2.731000 7.075464
vt 2.481000 7.075464
vt 2.481000 6.945464
vn 0.000000 -0.000000 1.000000
vn 0.000000 -0.000000 1.000000
vn 0.000000 -0.000000 1.000000
vn 0.000000 -0.000000 1.000000
f 3475/3475/3475 3476/3476/3476 3477/3477/3477
f 3475/3475/3475 3477/3477/3477 3478/3478/3478
v 2.481000 6.295464 0.540000
v 2.731000 6.295464 0.540000
v 2.731000 6.165464 0.540000
v 2.481000 6.165464 0.540000
vt 2.481000 6.835464
vt 2.731000 6.835464
vt 2.731000 6.705464
vt 2.481000 6.705464
vn 0.000000 0.000000 -1.000000
vn 0.000000 0.000000 -1.000000
vn 0.000000 0.000000 -1.000000
vn 0.000000 0.000000 -1.000000
f 3479/3479/3479 3480/3480/3480 3481/3481/3481
f 3479/3479/3479 3481/3481/3481 3482/3482/3482
v 2.481000 6.295464 0.780000
v 2.481000 6.295464 0.540000
v 2.481000 6.165464 0.540000
v 2.481000 6.165464 0.780000
vt 2.481000 7.075464
vt 2.481000 6.835464
vt 2.481000 6.705464
vt 2.481000 6.945464
vn -1.000000 0.000000 -0.000000
vn -1.000000 0.000000 -0.000000
vn -1.000000 0.000000 -0.000000
vn -1.000000 0.000000 -0.000000
f 3483/3483/3483 3484/3484/3484 3485/3485/3485
f 3483/3483/3483 3485/3485/3485 3486/3486/3486
v 2.731000 6.165464 0.540000
v 2.731000 6.295464 0.540000
v 2.731000 6.295464 0.780000
v 2.731000 6.165464 0.780000
vt 2.731000 6.705464
vt 2.731000 6.835464
vt 2.731000 7.075464
vt 2.731000 6.945464
vn 1.000000 0.000000 0.000000
vn 1.000000 0.000000 0.000000
vn 1.000000 0.000000 0.000000
vn 1.000000 0.000000 0.000000
f 3487/3487/3487 3488/3488/3488 3489/3489/3489
f 3487/3487/3487 3489/3489/3489 3490/3490/3490
v 2.481000 6.165464 0.540000
v 2.731000 6.165464 0.540000
v 2.731000 6.165464 0.780000
v 2.481000 6.165464 0.780000
vt 2.481000 6.705464
vt 2.731000 6.705464
vt 2.731000 6.945464
vt 2.481000 6.945464
vn 0.000000 -1.000000 0.000000
vn 0.000000 -1.000000 0.000000
vn 0.000000 -1.000000 0.000000
vn 0.000000 -1.000000 0.000000
f 3491/3491/3491 3492/3492/3492 3493/3493/3493
f 3491/3491/3491 3493/3493/3493 3494/3494/3494
v 2.731000 6.295464 0.780000
v 2.731000 6.295464 0.540000
v 2.481000 6.295464 0.540000
v 2.481000 6.295464 0.780000
vt 2.731000 7.075464
vt 2.731000 6.835464
vt 2.481000 6.835464
vt 2.481000 7.075464
vn 0.000000 1.000000 0.000000
vn 0.000000 1.000000 0.000000
vn 0.000000 1.000000 0.000000
vn 0.000000 1.000000 0.000000
f 3495/3495/3495 3496/3496/3496 3497/3497/3497
f 3495/3495/3495 3497/3497/3497 3498/3498/3498
usemtl timber
v -0.860000 0.120000 0.570000
v 0.860000 0.120000 0.570000
v 0.860000 2.090000 0.570000
v 0.843475 2.257778 0.570000
v 0.794536 2.419108 0.570000
v 0.715064 2.567790 0.570000
v 0.608112 2.698112 0.570000
v 0.477790 2.805064 0.570000
v 0.329108 2.884536 0.570000
v 0.167778 2.933475 0.570000
v 0.000000 2.950000 0.570000
v -0.167778 2.933475 0.570000
v -0.329108 2.884536 0.570000
v -0.477790 2.805064 0.570000
v -0.608112 2.698112 0.570000
v -0.715064 2.567790 0.570000
v -0.794536 2.419108 0.570000
v -0.843475 2.257778 0.570000
v -0.860000 2.090000 0.570000
vt -0.860000 0.690000
vt 0.860000 0.690000
vt 0.860000 2.660000
vt 0.843475 2.827778
vt 0.794536 2.989108
vt 0.715064 3.137790
vt 0.608112 3.268112
vt 0.477790 3.375064
vt 0.329108 3.454536
vt 0.167778 3.503475
vt 0.000000 3.520000
vt -0.167778 3.503475
vt -0.329108 3.454536
vt -0.477790 3.375064
vt -0.608112 3.268112
vt -0.715064 3.137790
vt -0.794536 2.989108
vt -0.843475 2.827778
vt -0.860000 2.660000
vn 0.000000 0.000000 1.000000
vn 0.000000 0.000000 1.000000
vn 0.000000 0.000000 1.000000
vn 0.000000 0.000000 1.000000
vn 0.000000 0.000000 1.000000
vn 0.000000 0.000000 1.000000
vn 0.000000 0.000000 1.000000
vn 0.000000 0.000000 1.000000
vn 0.000000 0.000000 1.000000
vn 0.000000 0.000000 1.000000
vn 0.000000 0.000000 1.000000
vn 0.000000 0.000000 1.000000
vn 0.000000 0.000000 1.000000
vn 0.000000 0.000000 1.000000
vn 0.000000 0.000000 1.000000
vn 0.000000 0.000000 1.000000
vn 0.000000 0.000000 1.000000
vn 0.000000 0.000000 1.000000
vn 0.000000 0.000000 1.000000
f 3499/3499/3499 3500/3500/3500 3501/3501/3501
f 3499/3499/3499 3501/3501/3501 3502/3502/3502
f 3499/3499/3499 3502/3502/3502 3503/3503/3503
f 3499/3499/3499 3503/3503/3503 3504/3504/3504
f 3499/3499/3499 3504/3504/3504 3505/3505/3505
f 3499/3499/3499 3505/3505/3505 3506/3506/3506
f 3499/3499/3499 3506/3506/3506 3507/3507/3507
f 3499/3499/3499 3507/3507/3507 3508/3508/3508
f 3499/3499/3499 3508/3508/3508 3509/3509/3509
f 3499/3499/3499 3509/3509/3509 3510/3510/3510
f 3499/3499/3499 3510/3510/3510 3511/3511/3511
f 3499/3499/3499 3511/3511/3511 3512/3512/3512
f 3499/3499/3499 3512/3512/3512 3513/3513/3513
f 3499/3499/3499 3513/3513/3513 3514/3514/3514
f 3499/3499/3499 3514/3514/3514 3515/3515/3515
f 3499/3499/3499 3515/3515/3515 3516/3516/3516
f 3499/3499/3499 3516/3516/3516 3517/3517/3517
v -0.860000 2.090000 0.545000
v -0.843475 2.257778 0.545000
v -0.794536 2.419108 0.545000
v -0.715064 2.567790 0.545000
v -0.608112 2.698112 0.545000
v -0.477790 2.805064 0.545000
v -0.329108 2.884536 0.545000
v -0.167778 2.933475 0.545000
v 0.000000 2.950000 0.545000
v 0.167778 2.933475 0.545000
v 0.329108 2.884536 0.545000
v 0.477790 2.805064 0.545000
v 0.608112 2.698112 0.545000
v 0.715064 2.567790 0.545000
v 0.794536 2.419108 0.545000
v 0.843475 2.257778 0.545000
v 0.860000 2.090000 0.545000
v 0.860000 0.120000 0.545000
v -0.860000 0.120000 0.545000
vt -0.860000 2.635000
vt -0.843475 2.802778
vt -0.794536 2.964108
vt -0.715064 3.112790
vt -0.608112 3.243112
vt -0.477790 3.350064
vt -0.329108 3.429536
vt -0.167778 3.478475
vt 0.000000 3.495000
vt 0.167778 3.478475
vt 0.329108 3.429536
vt 0.477790 3.350064
vt 0.608112 3.243112
vt 0.715064 3.112790
vt 0.794536 2.964108
vt 0.843475 2.802778
vt 0.860000 2.635000
vt 0.860000 0.665000
vt -0.860000 0.665000
vn 0.000000 0.000000 -1.000000
vn 0.000000 0.000000 -1.000000
vn 0.000000 0.000000 -1.000000
vn 0.000000 0.000000 -1.000000
vn 0.000000 0.000000 -1.000000
vn 0.000000 0.000000 -1.000000
vn 0.000000 0.000000 -1.000000
vn 0.000000 0.000000 -1.000000
vn 0.000000 0.000000 -1.000000
vn 0.000000 0.000000 -1.000000
vn 0.000000 0.000000 -1.000000
vn 0.000000 0.000000 -1.000000
vn 0.000000 0.000000 -1.000000
vn 0.000000 0.000000 -1.000000
vn 0.000000 0.000000 -1.000000
vn 0.000000 0.000000 -1.000000
vn 0.000000 0.000000 -1.000000
vn 0.000000 0.000000 -1.000000
vn 0.000000 0.000000 -1.000000
f 3518/3518/3518 3519/3519/3519 3520/3520/3520
f 3518/3518/3518 3520/3520/3520 3521/3521/3521
f 3518/3518/3518 3521/3521/3521 3522/3522/3522
f 3518/3518/3518 3522/3522/3522 3523/3523/3523
f 3518/3518/3518 3523/3523/3523 3524/3524/3524
f 3518/3518/3518 3524/3524/3524 3525/3525/3525
f 3518/3518/3518 3525/3525/3525 3526/3526/3526
f 3518/3518/3518 3526/3526/3526 3527/3527/3527
f 3518/3518/3518 3527/3527/3527 3528/3528/3528
f 3518/3518/3518 3528/3528/3528 3529/3529/3529
f 3518/3518/3518 3529/3529/3529 3530/3530/3530
f 3518/3518/3518 3530/3530/3530 3531/3531/3531
f 3518/3518/3518 3531/3531/3531 3532/3532/3532
f 3518/3518/3518 3532/3532/3532 3533/3533/3533
f 3518/3518/3518 3533/3533/3533 3534/3534/3534
f 3518/3518/3518 3534/3534/3534 3535/3535/3535
f 3518/3518/3518 3535/3535/3535 3536/3536/3536
v -0.860000 0.120000 0.545000
v 0.860000 0.120000 0.545000
v 0.860000 0.120000 0.570000
v -0.860000 0.120000 0.570000
vt -0.860000 0.665000
vt 0.860000 0.665000
vt 0.860000 0.690000
vt -0.860000 0.690000
vn 0.000000 -1.000000 0.000000
vn 0.000000 -1.000000 0.000000
vn 0.000000 -1.000000 0.000000
vn 0.000000 -1.000000 0.000000
f 3537/3537/3537 3538/3538/3538 3539/3539/3539
f 3537/3537/3537 3539/3539/3539 3540/3540/3540
v 0.860000 0.120000 0.545000
v 0.860000 2.090000 0.545000
v 0.860000 2.090000 0.570000
v 0.860000 0.120000 0.570000
vt 0.860000 0.665000
vt 0.860000 2.635000
vt 0.860000 2.660000
vt 0.860000 0.690000
vn 1.000000 0.000000 0.000000
vn 1.000000 0.000000 0.000000
vn 1.000000 0.000000 0.000000
vn 1.000000 0.000000 0.000000
f 3541/3541/3541 3542/3542/3542 3543/3543/3543
f 3541/3541/3541 3543/3543/3543 3544/3544/3544
v 0.860000 2.090000 0.545000
v 0.843475 2.257778 0.545000
v 0.843475 2.257778 0.570000
v 0.860000 2.090000 0.570000
vt 0.860000 2.635000
vt 0.843475 2.802778
vt 0.843475 2.827778
vt 0.860000 2.660000
vn 0.995185 0.098017 0.000000
vn 0.995185 0.098017 0.000000
vn 0.995185 0.098017 0.000000
vn 0.995185 0.098017 0.000000
f 3545/3545/3545 3546/3546/3546 3547/3547/3547
f 3545/3545/3545 3547/3547/3547 3548/3548/3548
v 0.843475 2.257778 0.545000
v 0.794536 2.419108 0.545000
v 0.794536 2.419108 0.570000
v 0.843475 2.257778 0.570000
vt 0.843475 2.802778
vt 0.794536 2.964108
vt 0.794536 2.989108
vt 0.843475 2.827778
vn 0.956940 0.290285 0.000000
vn 0.956940 0.290285 0.000000
vn 0.956940 0.290285 0.000000
vn 0.956940 0.290285 0.000000
f 3549/3549/3549 3550/3550/3550 3551/3551/3551
f 3549/3549/3549 3551/3551/3551 3552/3552/3552
v 0.794536 2.419108 0.545000
v 0.715064 2.567790 0.545000
v 0.715064 2.567790 0.570000
v 0.794536 2.419108 0.570000
vt 0.794536 2.964108
vt 0.715064 3.112790
vt 0.715064 3.137790
vt 0.794536 2.989108
vn 0.881921 0.471397 0.000000
vn 0.881921 0.471397 0.000000
vn 0.881921 0.471397 0.000000
vn 0.881921 0.471397 0.000000
f 3553/3553/3553 3554/3554/3554 3555/3555/3555
f 3553/3553/3553 3555/3555/3555 3556/3556/3556
v 0.715064 2.567790 0.545000
v 0.608112 2.698112 0.545000
v 0.608112 2.698112 0.570000
v 0.715064 2.567790 0.570000
vt 0.715064 3.112790
vt 0.608112 3.243112
vt 0.608112 3.268112
vt 0.715064 3.137790
vn 0.773010 0.634393 0.000000
vn 0.773010 0.634393 0.000000
vn 0.773010 0.634393 0.000000
vn 0.773010 0.634393 0.000000
f 3557/3557/3557 3558/3558/3558 3559/3559/3559
f 3557/3557/3557 3559/3559/3559 3560/3560/3560
v 0.608112 2.698112 0.545000
v 0.477790 2.805064 0.545000
v 0.477790 2.805064 0.570000
v 0.608112 2.698112 0.570000
vt 0.608112 3.243112
vt 0.477790 3.350064
vt 0.477790 3.375064
vt 0.608112 3.268112
vn 0.634393 0.773010 0.000000
vn 0.634393 0.773010 0.000000
vn 0.634393 0.773010 0.000000
vn 0.634393 0.773010 0.000000
f 3561/3561/3561 3562/3562/3562 3563/3563/3563
f 3561/3561/3561 3563/3563/3563 3564/3564/3564
v 0.477790 2.805064 0.545000
v 0.329108 2.884536 0.545000
v 0.329108 2.884536 0.570000
v 0.477790 2.805064 0.570000
vt 0.477790 3.350064
vt 0.329108 3.429536
vt 0.329108 3.454536
vt 0.477790 3.375064
vn 0.471397 0.881921 0.000000
vn 0.471397 0.881921 0.000000
vn 0.471397 0.881921 0.000000
vn 0.471397 0.881921 0.000000
f 3565/3565/3565 3566/3566/3566 3567/3567/3567
f 3565/3565/3565 3567/3567/3567 3568/3568/3568
v 0.329108 2.884536 0.545000
v 0.167778 2.933475 0.545000
v 0.167778 2.933475 0.570000
v 0.329108 2.884536 0.570000
vt 0.329108 3.429536
vt 0.167778 3.478475
vt 0.167778 3.503475
vt 0.329108 3.454536
vn 0.290285 0.956940 0.000000
vn 0.290285 0.956940 0.000000
vn 0.290285 0.956940 0.000000
vn 0.290285 0.956940 0.000000
f 3569/3569/3569 3570/3570/3570 3571/3571/3571
f 3569/3569/3569 3571/3571/3571 3572/3572/3572
v 0.167778 2.933475 0.545000
v 0.000000 2.950000 0.545000
v 0.000000 2.950000 0.570000
v 0.167778 2.933475 0.570000
vt 0.167778 3.478475
vt 0.000000 3.495000
vt 0.000000 3.520000
vt 0.167778 3.503475
vn 0.098017 0.995185 0.000000
vn 0.098017 0.995185 0.000000
vn 0.098017 0.995185 0.000000
vn 0.098017 0.995185 0.000000
f 3573/3573/3573 3574/3574/3574 3575/3575/3575
f 3573/3573/3573 3575/3575/3575 3576/3576/3576
v 0.000000 2.950000 0.545000
v -0.167778 2.933475 0.545000
v -0.167778 2.933475 0.570000
v 0.000000 2.950000 0.570000
vt 0.000000 3.495000
vt -0.167778 3.478475
vt -0.167778 3.503475
vt 0.000000 3.520000
vn -0.098017 0.995185 0.000000
vn -0.098017 0.995185 0.000000
vn -0.098017 0.995185 0.000000
vn -0.098017 0.995185 0.000000
f 3577/3577/3577 3578/3578/3578 3579/3579/3579
f 3577/3577/3577 3579/3579/3579 3580/3580/3580
v -0.167778 2.933475 0.545000
v -0.329108 2.884536 0.545000
v -0.329108 2.884536 0.570000
v -0.167778 2.933475 0.570000
vt -0.167778 3.478475
vt -0.329108 3.429536
vt -0.329108 3.454536
vt -0.167778 3.503475
vn -0.290285 0.956940 0.000000
vn -0.290285 0.956940 0.000000
vn -0.290285 0.956940 0.000000
vn -0.290285 0.956940 0.000000
f 3581/3581/3581 3582/3582/3582 3583/3583/3583
f 3581/3581/3581 3583/3583/3583 3584/3584/3584
v -0.329108 2.884536 0.545000
v -0.477790 2.805064 0.545000
v -0.477790 2.805064 0.570000
v -0.329108 2.884536 0.570000
vt -0.329108 3.429536
vt -0.477790 3.350064
vt -0.477790 3.375064
vt -0.329108 3.454536
vn -0.471397 0.881921 0.000000
vn -0.471397 0.881921 0.000000
vn -0.471397 0.881921 0.000000
vn -0.471397 0.881921 0.000000
f 3585/3585/3585 3586/3586/3586 3587/3587/3587
f 3585/3585/3585 3587/3587/3587 3588/3588/3588
v -0.477790 2.805064 0.545000
v -0.608112 2.698112 0.545000
v -0.608112 2.698112 0.570000
v -0.477790 2.805064 0.570000
vt -0.477790 3.350064
vt -0.608112 3.243112
vt -0.608112 3.268112
vt -0.477790 3.375064
vn -0.634393 0.773010 0.000000
vn -0.634393 0.773010 0.000000
vn -0.634393 0.773010 0.000000
vn -0.634393 0.773010 0.000000
f 3589/3589/3589 3590/3590/3590 3591/3591/3591
f 3589/3589/3589 3591/3591/3591 3592/3592/3592
v -0.608112 2.698112 0.545000
v -0.715064 2.567790 0.545000
v -0.715064 2.567790 0.570000
v -0.608112 2.698112 0.570000
vt -0.608112 3.243112
vt -0.715064 3.112790
vt -0.715064 3.137790
vt -0.608112 3.268112
vn -0.773010 0.634393 0.000000
vn -0.773010 0.634393 0.000000
vn -0.773010 0.634393 0.000000
vn -0.773010 0.634393 0.000000
f 3593/3593/3593 3594/3594/3594 3595/3595/3595
f 3593/3593/3593 3595/3595/3595 3596/3596/3596
v -0.715064 2.567790 0.545000
v -0.794536 2.419108 0.545000
v -0.794536 2.419108 0.570000
v -0.715064 2.567790 0.570000
vt -0.715064 3.112790
vt -0.794536 2.964108
vt -0.794536 2.989108
vt -0.715064 3.137790
vn -0.881921 0.471397 0.000000
vn -0.881921 0.471397 0.000000
vn -0.881921 0.471397 0.000000
vn -0.881921 0.471397 0.000000
f 3597/3597/3597 3598/3598/3598 3599/3599/3599
f 3597/3597/3597 3599/3599/3599 3600/3600/3600
v -0.794536 2.419108 0.545000
v -0.843475 2.257778 0.545000
v -0.843475 2.257778 0.570000
v -0.794536 2.419108 0.570000
vt -0.794536 2.964108
vt -0.843475 2.802778
vt -0.843475 2.827778
vt -0.794536 2.989108
vn -0.956940 0.290285 0.000000
vn -0.956940 0.290285 0.000000
vn -0.956940 0.290285 0.000000
vn -0.956940 0.290285 0.000000
f 3601/3601/3601 3602/3602/3602 3603/3603/3603
f 3601/3601/3601 3603/3603/3603 3604/3604/3604
v -0.843475 2.257778 0.545000
v -0.860000 2.090000 0.545000
v -0.860000 2.090000 0.570000
v -0.843475 2.257778 0.570000
vt -0.843475 2.802778
vt -0.860000 2.635000
vt -0.860000 2.660000
vt -0.843475 2.827778
vn -0.995185 0.098017 0.000000
vn -0.995185 0.098017 0.000000
vn -0.995185 0.098017 0.000000
vn -0.995185 0.098017 0.000000
f 3605/3605/3605 3606/3606/3606 3607/3607/3607
f 3605/3605/3605 3607/3607/3607 3608/3608/3608
v -0.860000 2.090000 0.545000
v -0.860000 0.120000 0.545000
v -0.860000 0.120000 0.570000
v -0.860000 2.090000 0.570000
vt -0.860000 2.635000
vt -0.860000 0.665000
vt -0.860000 0.690000
vt -0.860000 2.660000
vn -1.000000 0.000000 0.000000
vn -1.000000 0.000000 0.000000
vn -1.000000 0.000000 0.000000
vn -1.000000 0.000000 0.000000
f 3609/3609/3609 3610/3610/3610 3611/3611/3611
f 3609/3609/3609 3611/3611/3611 3612/3612/3612
v 0.845000 0.527500 0.645000
v 0.845000 0.572500 0.645000
v -0.845000 0.572500 0.645000
v -0.845000 0.527500 0.645000
vt 0.845000 1.172500
vt 0.845000 1.217500
vt -0.845000 1.217500
vt -0.845000 1.172500
vn 0.000000 -0.000000 1.000000
vn 0.000000 -0.000000 1.000000
vn 0.000000 -0.000000 1.000000
vn 0.000000 -0.000000 1.000000
f 3613/3613/3613 3614/3614/3614 3615/3615/3615
f 3613/3613/3613 3615/3615/3615 3616/3616/3616
v -0.845000 0.572500 0.595000
v 0.845000 0.572500 0.595000
v 0.845000 0.527500 0.595000
v -0.845000 0.527500 0.595000
vt -0.845000 1.167500
vt 0.845000 1.167500
vt 0.845000 1.122500
vt -0.845000 1.122500
vn 0.000000 0.000000 -1.000000
vn 0.000000 0.000000 -1.000000
vn 0.000000 0.000000 -1.000000
vn 0.000000 0.000000 -1.000000
f 3617/3617/3617 3618/3618/3618 3619/3619/3619
f 3617/3617/3617 3619/3619/3619 3620/3620/3620
v -0.845000 0.572500 0.645000
v -0.845000 0.572500 0.595000
v -0.845000 0.527500 0.595000
v -0.845000 0.527500 0.645000
vt -0.845000 1.217500
vt -0.845000 1.167500
vt -0.845000 1.122500
vt -0.845000 1.172500
vn -1.000000 0.000000 -0.000000
vn -1.000000 0.000000 -0.000000
vn -1.000000 0.000000 -0.000000
vn -1.000000 0.000000 -0.000000
f 3621/3621/3621 3622/3622/3622 3623/3623/3623
f 3621/3621/3621 3623/3623/3623 3624/3624/3624
v 0.845000 0.527500 0.595000
v 0.845000 0.572500 0.595000
v 0.845000 0.572500 0.645000
v 0.845000 0.527500 0.645000
vt 0.845000 1.122500
vt 0.845000 1.167500
vt 0.845000 1.217500
vt 0.845000 1.172500
vn 1.000000 0.000000 0.000000
vn 1.000000 0.000000 0.000000
vn 1.000000 0.000000 0.000000
vn 1.000000 0.000000 0.000000
f 3625/3625/3625 3626/3626/3626 3627/3627/3627
f 3625/3625/3625 3627/3627/3627 3628/3628/3628
v -0.845000 0.527500 0.595000
v 0.845000 0.527500 0.595000
v 0.845000 0.527500 0.645000
v -0.845000 0.527500 0.645000
vt -0.845000 1.122500
vt 0.845000 1.122500
vt 0.845000 1.172500
vt -0.845000 1.172500
vn 0.000000 -1.000000 0.000000
vn 0.000000 -1.000000 0.000000
vn 0.000000 -1.000000 0.000000
vn 0.000000 -1.000000 0.000000
f 3629/3629/3629 3630/3630/3630 3631/3631/3631
f 3629/3629/3629 3631/3631/3631 3632/3632/3632
v 0.845000 0.572500 0.645000
v 0.845000 0.572500 0.595000
v -0.845000 0.572500 0.595000
v -0.845000 0.572500 0.645000
vt 0.845000 1.217500
vt 0.845000 1.167500
vt -0.845000 1.167500
vt -0.845000 1.217500
vn 0.000000 1.000000 0.000000
vn 0.000000 1.000000 0.000000
vn 0.000000 1.000000 0.000000
vn 0.000000 1.000000 0.000000
f 3633/3633/3633 3634/3634/3634 3635/3635/3635
f 3633/3633/3633 3635/3635/3635 3636/3636/3636
v 0.845000 1.227500 0.645000
v 0.845000 1.272500 0.645000
v -0.845000 1.272500 0.645000
v -0.845000 1.227500 0.645000
vt 0.845000 1.872500
vt 0.845000 1.917500
vt -0.845000 1.917500
vt -0.845000 1.872500
vn 0.000000 -0.000000 1.000000
vn 0.000000 -0.000000 1.000000
vn 0.000000 -0.000000 1.000000
vn 0.000000 -0.000000 1.000000
f 3637/3637/3637 3638/3638/3638 3639/3639/3639
f 3637/3637/3637 3639/3639/3639 3640/3640/3640
v -0.845000 1.272500 0.595000
v 0.845000 1.272500 0.595000
v 0.845000 1.227500 0.595000
v -0.845000 1.227500 0.595000
vt -0.845000 1.867500
vt 0.845000 1.867500
vt 0.845000 1.822500
vt -0.845000 1.822500
vn 0.000000 0.000000 -1.000000
vn 0.000000 0.000000 -1.000000
vn 0.000000 0.000000 -1.000000
vn 0.000000 0.000000 -1.000000
f 3641/3641/3641 3642/3642/3642 3643/3643/3643
f 3641/3641/3641 3643/3643/3643 3644/3644/3644
v -0.845000 1.272500 0.645000
v -0.845000 1.272500 0.595000
v -0.845000 1.227500 0.595000
v -0.845000 1.227500 0.645000
vt -0.845000 1.917500
vt -0.845000 1.867500
vt -0.845000 1.822500
vt -0.845000 1.872500
vn -1.000000 0.000000 -0.000000
vn -1.000000 0.000000 -0.000000
vn -1.000000 0.000000 -0.000000
vn -1.000000 0.000000 -0.000000
f 3645/3645/3645 3646/3646/3646 3647/3647/3647
f 3645/3645/3645 3647/3647/3647 3648/3648/3648
v 0.845000 1.227500 0.595000
v 0.845000 1.272500 0.595000
v 0.845000 1.272500 0.645000
v 0.845000 1.227500 0.645000
vt 0.845000 1.822500
vt 0.845000 1.867500
vt 0.845000 1.917500
vt 0.845000 1.872500
vn 1.000000 0.000000 0.000000
vn 1.000000 0.000000 0.000000
vn 1.000000 0.000000 0.000000
vn 1.000000 0.000000 0.000000
f 3649/3649/3649 3650/3650/3650 3651/3651/3651
f 3649/3649/3649 3651/3651/3651 3652/3652/3652
v -0.845000 1.227500 0.595000
v 0.845000 1.227500 0.595000
v 0.845000 1.227500 0.645000
v -0.845000 1.227500 0.645000
vt -0.845000 1.822500
vt 0.845000 1.822500
vt 0.845000 1.872500
vt -0.845000 1.872500
vn 0.000000 -1.000000 0.000000
vn 0.000000 -1.000000 0.000000
vn 0.000000 -1.000000 0.000000
vn 0.000000 -1.000000 0.000000
f 3653/3653/3653 3654/3654/3654 3655/3655/3655
f 3653/3653/3653 3655/3655/3655 3656/3656/3656
v 0.845000 1.272500 0.645000
v 0.845000 1.272500 0.595000
v -0.845000 1.272500 0.595000
v -0.845000 1.272500 0.645000
vt 0.845000 1.917500
vt 0.845000 1.867500
vt -0.845000 1.867500
vt -0.845000 1.917500
vn 0.000000 1.000000 0.000000
vn 0.000000 1.000000 0.000000
vn 0.000000 1.000000 0.000000
vn 0.000000 1.000000 0.000000
f 3657/3657/3657 3658/3658/3658 3659/3659/3659
f 3657/3657/3657 3659/3659/3659 3660/3660/3660
v 0.845000 1.897500 0.645000
v 0.845000 1.942500 0.645000
v -0.845000 1.942500 0.645000
v -0.845000 1.897500 0.645000
vt 0.845000 2.542500
vt 0.845000 2.587500
vt -0.845000 2.587500
vt -0.845000 2.542500
vn 0.000000 -0.000000 1.000000
vn 0.000000 -0.000000 1.000000
vn 0.000000 -0.000000 1.000000
vn 0.000000 -0.000000 1.000000
f 3661/3661/3661 3662/3662/3662 3663/3663/3663
f 3661/3661/3661 3663/3663/3663 3664/3664/3664
v -0.845000 1.942500 0.595000
v 0.845000 1.942500 0.595000
v 0.845000 1.897500 0.595000
v -0.845000 1.897500 0.595000
vt -0.845000 2.537500
vt 0.845000 2.537500
vt 0.845000 2.492500
vt -0.845000 2.492500
vn 0.000000 0.000000 -1.000000
vn 0.000000 0.000000 -1.000000
vn 0.000000 0.000000 -1.000000
vn 0.000000 0.000000 -1.000000
f 3665/3665/3665 3666/3666/3666 3667/3667/3667
f 3665/3665/3665 3667/3667/3667 3668/3668/3668
v -0.845000 1.942500 0.645000
v -0.845000 1.942500 0.595000
v -0.845000 1.897500 0.595000
v -0.845000 1.897500 0.645000
vt -0.845000 2.587500
vt -0.845000 2.537500
vt -0.845000 2.492500
vt -0.845000 2.542500
vn -1.000000 0.000000 -0.000000
vn -1.000000 0.000000 -0.000000
vn -1.000000 0.000000 -0.000000
vn -1.000000 0.000000 -0.000000
f 3669/3669/3669 3670/3670/3670 3671/3671/3671
f 3669/3669/3669 3671/3671/3671 3672/3672/3672
v 0.845000 1.897500 0.595000
v 0.845000 1.942500 0.595000
v 0.845000 1.942500 0.645000
v 0.845000 1.897500 0.645000
vt 0.845000 2.492500
vt 0.845000 2.537500
vt 0.845000 2.587500
vt 0.845000 2.542500
vn 1.000000 0.000000 0.000000
vn 1.000000 0.000000 0.000000
vn 1.000000 0.000000 0.000000
vn 1.000000 0.000000 0.000000
f 3673/3673/3673 3674/3674/3674 3675/3675/3675
f 3673/3673/3673 3675/3675/3675 3676/3676/3676
v -0.845000 1.897500 0.595000
v 0.845000 1.897500 0.595000
v 0.845000 1.897500 0.645000
v -0.845000 1.897500 0.645000
vt -0.845000 2.492500
vt 0.845000 2.492500
vt 0.845000 2.542500
vt -0.845000 2.542500
vn 0.000000 -1.000000 0.000000
vn 0.000000 -1.000000 0.000000
vn 0.000000 -1.000000 0.000000
vn 0.000000 -1.000000 0.000000
f 3677/3677/3677 3678/3678/3678 3679/3679/3679
f 3677/3677/3677 3679/3679/3679 3680/3680/3680
v 0.845000 1.942500 0.645000
v 0.845000 1.942500 0.595000
v -0.845000 1.942500 0.595000
v -0.845000 1.942500 0.645000
vt 0.845000 2.587500
vt 0.845000 2.537500
vt -0.845000 2.537500
vt -0.845000 2.587500
vn 0.000000 1.000000 0.000000
vn 0.000000 1.000000 0.000000
vn 0.000000 1.000000 0.000000
vn 0.000000 1.000000 0.000000
f 3681/3681/3681 3682/3682/3682 3683/3683/3683
f 3681/3681/3681 3683/3683/3683 3684/3684/3684
v -0.252500 4.520000 0.582500
v -0.252500 5.240000 0.582500
v -0.287500 5.240000 0.582500
v -0.287500 4.520000 0.582500
vt -0.252500 5.102500
vt -0.252500 5.822500
vt -0.287500 5.822500
vt -0.287500 5.102500
vn 0.000000 -0.000000 1.000000
vn 0.000000 -0.000000 1.000000
vn 0.000000 -0.000000 1.000000
vn 0.000000 -0.000000 1.000000
f 3685/3685/3685 3686/3686/3686 3687/3687/3687
f 3685/3685/3685 3687/3687/3687 3688/3688/3688
v -0.287500 5.240000 0.537500
v -0.252500 5.240000 0.537500
v -0.252500 4.520000 0.537500
v -0.287500 4.520000 0.537500
vt -0.287500 5.777500
vt -0.252500 5.777500
vt -0.252500 5.057500
vt -0.287500 5.057500
vn 0.000000 0.000000 -1.000000
vn 0.000000 0.000000 -1.000000
vn 0.000000 0.000000 -1.000000
vn 0.000000 0.000000 -1.000000
f 3689/3689/3689 3690/3690/3690 3691/3691/3691
f 3689/3689/3689 3691/3691/3691 3692/3692/3692
v -0.287500 5.240000 0.582500
v -0.287500 5.240000 0.537500
v -0.287500 4.520000 0.537500
v -0.287500 4.520000 0.582500
vt -0.287500 5.822500
vt -0.287500 5.777500
vt -0.287500 5.057500
vt -0.287500 5.102500
vn -1.000000 0.000000 -0.000000
vn -1.000000 0.000000 -0.000000
vn -1.000000 0.000000 -0.000000
vn -1.000000 0.000000 -0.000000
f 3693/3693/3693 3694/3694/3694 3695/3695/3695
f 3693/3693/3693 3695/3695/3695 3696/3696/3696
v -0.252500 4.520000 0.537500
v -0.252500 5.240000 0.537500
v -0.252500 5.240000 0.582500
v -0.252500 4.520000 0.582500
vt -0.252500 5.057500
vt -0.252500 5.777500
vt -0.252500 5.822500
vt -0.252500 5.102500
vn 1.000000 0.000000 0.000000
vn 1.000000 0.000000 0.000000
vn 1.000000 0.000000 0.000000
vn 1.000000 0.000000 0.000000
f 3697/3697/3697 3698/3698/3698 3699/3699/3699
f 3697/3697/3697 3699/3699/3699 3700/3700/3700
v -0.287500 4.520000 0.537500
v -0.252500 4.520000 0.537500
v -0.252500 4.520000 0.582500
v -0.287500 4.520000 0.582500
vt -0.287500 5.057500
vt -0.252500 5.057500
vt -0.252500 5.102500
vt -0.287500 5.102500
vn 0.000000 -1.000000 0.000000
vn 0.000000 -1.000000 0.000000
vn 0.000000 -1.000000 0.000000
vn 0.000000 -1.000000 0.000000
f 3701/3701/3701 3702/3702/3702 3703/3703/3703
f 3701/3701/3701 3703/3703/3703 3704/3704/3704
v -0.252500 5.240000 0.582500
v -0.252500 5.240000 0.537500
v -0.287500 5.240000 0.537500
v -0.287500 5.240000 0.582500
vt -0.252500 5.822500
vt -0.252500 5.777500
vt -0.287500 5.777500
vt -0.287500 5.822500
vn 0.000000 1.000000 0.000000
vn 0.000000 1.000000 0.000000
vn 0.000000 1.000000 0.000000
vn 0.000000 1.000000 0.000000
f 3705/3705/3705 3706/3706/3706 3707/3707/3707
f 3705/3705/3705 3707/3707/3707 3708/3708/3708
v 0.017500 4.520000 0.582500
v 0.017500 5.240000 0.582500
v -0.017500 5.240000 0.582500
v -0.017500 4.520000 0.582500
vt 0.017500 5.102500
vt 0.017500 5.822500
vt -0.017500 5.822500
vt -0.017500 5.102500
vn 0.000000 -0.000000 1.000000
vn 0.000000 -0.000000 1.000000
vn 0.000000 -0.000000 1.000000
vn 0.000000 -0.000000 1.000000
f 3709/3709/3709 3710/3710/3710 3711/3711/3711
f 3709/3709/3709 3711/3711/3711 3712/3712/3712
v -0.017500 5.240000 0.537500
v 0.017500 5.240000 0.537500
v 0.017500 4.520000 0.537500
v -0.017500 4.520000 0.537500
vt -0.017500 5.777500
vt 0.017500 5.777500
vt 0.017500 5.057500
vt -0.017500 5.057500
vn 0.000000 0.000000 -1.000000
vn 0.000000 0.000000 -1.000000
vn 0.000000 0.000000 -1.000000
vn 0.000000 0.000000 -1.000000
f 3713/3713/3713 3714/3714/3714 3715/3715/3715
f 3713/3713/3713 3715/3715/3715 3716/3716/3716
v -0.017500 5.240000 0.582500
v -0.017500 5.240000 0.537500
v -0.017500 4.520000 0.537500
v -0.017500 4.520000 0.582500
vt -0.017500 5.822500
vt -0.017500 5.777500
vt -0.017500 5.057500
vt -0.017500 5.102500
vn -1.000000 0.000000 -0.000000
vn -1.000000 0.000000 -0.000000
vn -1.000000 0.000000 -0.000000
vn -1.000000 0.000000 -0.000000
f 3717/3717/3717 3718/3718/3718 3719/3719/3719
f 3717/3717/3717 3719/3719/3719 3720/3720/3720
v 0.017500 4.520000 0.537500
v 0.017500 5.240000 0.537500
v 0.017500 5.240000 0.582500
v 0.017500 4.520000 0.582500
vt 0.017500 5.057500
vt 0.017500 5.777500
vt 0.017500 5.822500
vt 0.017500 5.102500
vn 1.000000 0.000000 0.000000
vn 1.000000 0.000000 0.000000
vn 1.000000 0.000000 0.000000
vn 1.000000 0.000000 0.000000
f 3721/3721/3721 3722/3722/3722 3723/3723/3723
f 3721/3721/3721 3723/3723/3723 3724/3724/3724
v -0.017500 4.520000 0.537500
v 0.017500 4.520000 0.537500
v 0.017500 4.520000 0.582500
v -0.017500 4.520000 0.582500
vt -0.017500 5.057500
vt 0.017500 5.057500
vt 0.017500 5.102500
vt -0.017500 5.102500
vn 0.000000 -1.000000 0.000000
vn 0.000000 -1.000000 0.000000
vn 0.000000 -1.000000 0.000000
vn 0.000000 -1.000000 0.000000
f 3725/3725/3725 3726/3726/3726 3727/3727/3727
f 3725/3725/3725 3727/3727/3727 3728/3728/3728
v 0.017500 5.240000 0.582500
v 0.017500 5.240000 0.537500
v -0.017500 5.240000 0.537500
v -0.017500 5.240000 0.582500
vt 0.017500 5.822500
vt 0.017500 5.777500
vt -0.017500 5.777500
vt -0.017500 5.822500
vn 0.000000 1.000000 0.000000
vn 0.000000 1.000000 0.000000
vn 0.000000 1.000000 0.000000
vn 0.000000 1.000000 0.000000
f 3729/3729/3729 3730/3730/3730 3731/3731/3731
f 3729/3729/3729 3731/3731/3731 3732/3732/3732
v 0.287500 4.520000 0.582500
v 0.287500 5.240000 0.582500
v 0.252500 5.240000 0.582500
v 0.252500 4.520000 0.582500
vt 0.287500 5.102500
vt 0.287500 5.822500
vt 0.252500 5.822500
vt 0.252500 5.102500
vn 0.000000 -0.000000 1.000000
vn 0.000000 -0.000000 1.000000
vn 0.000000 -0.000000 1.000000
vn 0.000000 -0.000000 1.000000
f 3733/3733/3733 3734/3734/3734 3735/3735/3735
f 3733/3733/3733 3735/3735/3735 3736/3736/3736
v 0.252500 5.240000 0.537500
v 0.287500 5.240000 0.537500
v 0.287500 4.520000 0.537500
v 0.252500 4.520000 0.537500
vt 0.252500 5.777500
vt 0.287500 5.777500
vt 0.287500 5.057500
vt 0.252500 5.057500
vn 0.000000 0.000000 -1.000000
vn 0.000000 0.000000 -1.000000
vn 0.000000 0.000000 -1.000000
vn 0.000000 0.000000 -1.000000
f 3737/3737/3737 3738/3738/3738 3739/3739/3739
f 3737/3737/3737 3739/3739/3739 3740/3740/3740
v 0.252500 5.240000 0.582500
v 0.252500 5.240000 0.537500
v 0.252500 4.520000 0.537500
v 0.252500 4.520000 0.582500
vt 0.252500 5.822500
vt 0.252500 5.777500
vt 0.252500 5.057500
vt 0.252500 5.102500
vn -1.000000 0.000000 -0.000000
vn -1.000000 0.000000 -0.000000
vn -1.000000 0.000000 -0.000000
vn -1.000000 0.000000 -0.000000
f 3741/3741/3741 3742/3742/3742 3743/3743/3743
f 3741/3741/3741 3743/3743/3743 3744/3744/3744
v 0.287500 4.520000 0.537500
v 0.287500 5.240000 0.537500
v 0.287500 5.240000 0.582500
v 0.287500 4.520000 0.582500
vt 0.287500 5.057500
vt 0.287500 5.777500
vt 0.287500 5.822500
vt 0.287500 5.102500
vn 1.000000 0.000000 0.000000
vn 1.000000 0.000000 0.000000
vn 1.000000 0.000000 0.000000
vn 1.000000 0.000000 0.000000
f 3745/3745/3745 3746/3746/3746 3747/3747/3747
f 3745/3745/3745 3747/3747/3747 3748/3748/3748
v 0.252500 4.520000 0.537500
v 0.287500 4.520000 0.537500
v 0.287500 4.520000 0.582500
v 0.252500 4.520000 0.582500
vt 0.252500 5.057500
vt 0.287500 5.057500
vt 0.287500 5.102500
vt 0.252500 5.102500
vn 0.000000 -1.000000 0.000000
vn 0.000000 -1.000000 0.000000
vn 0.000000 -1.000000 0.000000
vn 0.000000 -1.000000 0.000000
f 3749/3749/3749 3750/3750/3750 3751/3751/3751
f 3749/3749/3749 3751/3751/3751 3752/3752/3752
v 0.287500 5.240000 0.582500
v 0.287500 5.240000 0.537500
v 0.252500 5.240000 0.537500
v 0.252500 5.240000 0.582500
vt 0.287500 5.822500
vt 0.287500 5.777500
vt 0.252500 5.777500
vt 0.252500 5.822500
vn 0.000000 1.000000 0.000000
vn 0.000000 1.000000 0.000000
vn 0.000000 1.000000 0.000000
vn 0.000000 1.000000 0.000000
f 3753/3753/3753 3754/3754/3754 3755/3755/3755
f 3753/3753/3753 3755/3755/3755 3756/3756/3756
v 0.425000 4.817500 0.597500
v 0.425000 4.862500 0.597500
v -0.425000 4.862500 0.597500
v -0.425000 4.817500 0.597500
vt 0.425000 5.415000
vt 0.425000 5.460000
vt -0.425000 5.460000
vt -0.425000 5.415000
vn 0.000000 -0.000000 1.000000
vn 0.000000 -0.000000 1.000000
vn 0.000000 -0.000000 1.000000
vn 0.000000 -0.000000 1.000000
f 3757/3757/3757 3758/3758/3758 3759/3759/3759
f 3757/3757/3757 3759/3759/3759 3760/3760/3760
v -0.425000 4.862500 0.562500
v 0.425000 4.862500 0.562500
v 0.425000 4.817500 0.562500
v -0.425000 4.817500 0.562500
vt -0.425000 5.425000
vt 0.425000 5.425000
vt 0.425000 5.380000
vt -0.425000 5.380000
vn 0.000000 0.000000 -1.000000
vn 0.000000 0.000000 -1.000000
vn 0.000000 0.000000 -1.000000
vn 0.000000 0.000000 -1.000000
f 3761/3761/3761 3762/3762/3762 3763/3763/3763
f 3761/3761/3761 3763/3763/3763 3764/3764/3764
v -0.425000 4.862500 0.597500
v -0.425000 4.862500 0.562500
v -0.425000 4.817500 0.562500
v -0.425000 4.817500 0.597500
vt -0.425000 5.460000
vt -0.425000 5.425000
vt -0.425000 5.380000
vt -0.425000 5.415000
vn -1.000000 0.000000 -0.000000
vn -1.000000 0.000000 -0.000000
vn -1.000000 0.000000 -0.000000
vn -1.000000 0.000000 -0.000000
f 3765/3765/3765 3766/3766/3766 3767/3767/3767
f 3765/3765/3765 3767/3767/3767 3768/3768/3768
v 0.425000 4.817500 0.562500
v 0.425000 4.862500 0.562500
v 0.425000 4.862500 0.597500
v 0.425000 4.817500 0.597500
vt 0.425000 5.380000
vt 0.425000 5.425000
vt 0.425000 5.460000
vt 0.425000 5.415000
vn 1.000000 0.000000 0.000000
vn 1.000000 0.000000 0.000000
vn 1.000000 0.000000 0.000000
vn 1.000000 0.000000 0.000000
f 3769/3769/3769 3770/3770/3770 3771/3771/3771
f 3769/3769/3769 3771/3771/3771 3772/3772/3772
v -0.425000 4.817500 0.562500
v 0.425000 4.817500 0.562500
v 0.425000 4.817500 0.597500
v -0.425000 4.817500 0.597500
vt -0.425000 5.380000
vt 0.425000 5.380000
vt 0.425000 5.415000
vt -0.425000 5.415000
vn 0.000000 -1.000000 0.000000
vn 0.000000 -1.000000 0.000000
vn 0.000000 -1.000000 0.000000
vn 0.000000 -1.000000 0.000000
f 3773/3773/3773 3774/3774/3774 3775/3775/3775
f 3773/3773/3773 3775/3775/3775 3776/3776/3776
v 0.425000 4.862500 0.597500
v 0.425000 4.862500 0.562500
v -0.425000 4.862500 0.562500
v -0.425000 4.862500 0.597500
vt 0.425000 5.460000
vt 0.425000 5.425000
vt -0.425000 5.425000
vt -0.425000 5.460000
vn 0.000000 1.000000 0.000000
vn 0.000000 1.000000 0.000000
vn 0.000000 1.000000 0.000000
vn 0.000000 1.000000 0.000000
f 3777/3777/3777 3778/3778/3778 3779/3779/3779
f 3777/3777/3777 3779/3779/3779 3780/3780/3780
v 0.050000 7.680000 -0.020000
v 0.050000 8.400000 -0.020000
v -0.050000 8.400000 -0.020000
v -0.050000 7.680000 -0.020000
vt 0.050000 7.660000
vt 0.050000 8.380000
vt -0.050000 8.380000
vt -0.050000 7.660000
vn 0.000000 -0.000000 1.000000
vn 0.000000 -0.000000 1.000000
vn 0.000000 -0.000000 1.000000
vn 0.000000 -0.000000 1.000000
f 3781/3781/3781 3782/3782/3782 3783/3783/3783
f 3781/3781/3781 3783/3783/3783 3784/3784/3784
v -0.050000 8.400000 -0.140000
v 0.050000 8.400000 -0.140000
v 0.050000 7.680000 -0.140000
v -0.050000 7.680000 -0.140000
vt -0.050000 8.260000
vt 0.050000 8.260000
vt 0.050000 7.540000
vt -0.050000 7.540000
vn 0.000000 0.000000 -1.000000
vn 0.000000 0.000000 -1.000000
vn 0.000000 0.000000 -1.000000
vn 0.000000 0.000000 -1.000000
f 3785/3785/3785 3786/3786/3786 3787/3787/3787
f 3785/3785/3785 3787/3787/3787 3788/3788/3788
v -0.050000 8.400000 -0.020000
v -0.050000 8.400000 -0.140000
v -0.050000 7.680000 -0.140000
v -0.050000 7.680000 -0.020000
vt -0.050000 8.380000
vt -0.050000 8.260000
vt -0.050000 7.540000
vt -0.050000 7.660000
vn -1.000000 0.000000 -0.000000
vn -1.000000 0.000000 -0.000000
vn -1.000000 0.000000 -0.000000
vn -1.000000 0.000000 -0.000000
f 3789/3789/3789 3790/3790/3790 3791/3791/3791
f 3789/3789/3789 3791/3791/3791 3792/3792/3792
v 0.050000 7.680000 -0.140000
v 0.050000 8.400000 -0.140000
v 0.050000 8.400000 -0.020000
v 0.050000 7.680000 -0.020000
vt 0.050000 7.540000
vt 0.050000 8.260000
vt 0.050000 8.380000
vt 0.050000 7.660000
vn 1.000000 0.000000 0.000000
vn 1.000000 0.000000 0.000000
vn 1.000000 0.000000 0.000000
vn 1.000000 0.000000 0.000000
f 3793/3793/3793 3794/3794/3794 3795/3795/3795
f 3793/3793/3793 3795/3795/3795 3796/3796/3796
v -0.050000 7.680000 -0.140000
v 0.050000 7.680000 -0.140000
v 0.050000 7.680000 -0.020000
v -0.050000 7.680000 -0.020000
vt -0.050000 7.540000
vt 0.050000 7.540000
vt 0.050000 7.660000
vt -0.050000 7.660000
vn 0.000000 -1.000000 0.000000
vn 0.000000 -1.000000 0.000000
vn 0.000000 -1.000000 0.000000
vn 0.000000 -1.000000 0.000000
f 3797/3797/3797 3798/3798/3798 3799/3799/3799
f 3797/3797/3797 3799/3799/3799 3800/3800/3800
v 0.050000 8.400000 -0.020000
v 0.050000 8.400000 -0.140000
v -0.050000 8.400000 -0.140000
v -0.050000 8.400000 -0.020000
vt 0.050000 8.380000
vt 0.050000 8.260000
vt -0.050000 8.260000
vt -0.050000 8.380000
vn 0.000000 1.000000 0.000000
vn 0.000000 1.000000 0.000000
vn 0.000000 1.000000 0.000000
vn 0.000000 1.000000 0.000000
f 3801/3801/3801 3802/3802/3802 3803/3803/3803
f 3801/3801/3801 3803/3803/3803 3804/3804/3804
v 0.235000 8.125000 -0.020000
v 0.235000 8.215000 -0.020000
v -0.235000 8.215000 -0.020000
v -0.235000 8.125000 -0.020000
vt 0.235000 8.105000
vt 0.235000 8.195000
vt -0.235000 8.195000
vt -0.235000 8.105000
vn 0.000000 -0.000000 1.000000
vn 0.000000 -0.000000 1.000000
vn 0.000000 -0.000000 1.000000
vn 0.000000 -0.000000 1.000000
f 3805/3805/3805 3806/3806/3806 3807/3807/3807
f 3805/3805/3805 3807/3807/3807 3808/3808/3808
v -0.235000 8.215000 -0.140000
v 0.235000 8.215000 -0.140000
v 0.235000 8.125000 -0.140000
v -0.235000 8.125000 -0.140000
vt -0.235000 8.075000
vt 0.235000 8.075000
vt 0.235000 7.985000
vt -0.235000 7.985000
vn 0.000000 0.000000 -1.000000
vn 0.000000 0.000000 -1.000000
vn 0.000000 0.000000 -1.000000
vn 0.000000 0.000000 -1.000000
f 3809/3809/3809 3810/3810/3810 3811/3811/3811
f 3809/3809/3809 3811/3811/3811 3812/3812/3812
v -0.235000 8.215000 -0.020000
v -0.235000 8.215000 -0.140000
v -0.235000 8.125000 -0.140000
v -0.235000 8.125000 -0.020000
vt -0.235000 8.195000
vt -0.235000 8.075000
vt -0.235000 7.985000
vt -0.235000 8.105000
vn -1.000000 0.000000 -0.000000
vn -1.000000 0.000000 -0.000000
vn -1.000000 0.000000 -0.000000
vn -1.000000 0.000000 -0.000000
f 3813/3813/3813 3814/3814/3814 3815/3815/3815
f 3813/3813/3813 3815/3815/3815 3816/3816/3816
v 0.235000 8.125000 -0.140000
v 0.235000 8.215000 -0.140000
v 0.235000 8.215000 -0.020000
v 0.235000 8.125000 -0.020000
vt 0.235000 7.985000
vt 0.235000 8.075000
vt 0.235000 8.195000
vt 0.235000 8.105000
vn 1.000000 0.000000 0.000000
vn 1.000000 0.000000 0.000000
vn 1.000000 0.000000 0.000000
vn 1.000000 0.000000 0.000000
f 3817/3817/3817 3818/3818/3818 3819/3819/3819
f 3817/3817/3817 3819/3819/3819 3820/3820/3820
v -0.235000 8.125000 -0.140000
v 0.235000 8.125000 -0.140000
v 0.235000 8.125000 -0.020000
v -0.235000 8.125000 -0.020000
vt -0.235000 7.985000
vt 0.235000 7.985000
vt 0.235000 8.105000
vt -0.235000 8.105000
vn 0.000000 -1.000000 0.000000
vn 0.000000 -1.000000 0.000000
vn 0.000000 -1.000000 0.000000
vn 0.000000 -1.000000 0.000000
f 3821/3821/3821 3822/3822/3822 3823/3823/3823
f 3821/3821/3821 3823/3823/3823 3824/3824/3824
v 0.235000 8.215000 -0.020000
v 0.235000 8.215000 -0.140000
v -0.235000 8.215000 -0.140000
v -0.235000 8.215000 -0.020000
vt 0.235000 8.195000
vt 0.235000 8.075000
vt -0.235000 8.075000
vt -0.235000 8.195000
vn 0.000000 1.000000 0.000000
vn 0.000000 1.000000 0.000000
vn 0.000000 1.000000 0.000000
vn 0.000000 1.000000 0.000000
f 3825/3825/3825 3826/3826/3826 3827/3827/3827
f 3825/3825/3825 3827/3827/3827 3828/3828/3828
usemtl dark
v -1.000000 0.120000 0.525000
v 1.000000 0.120000 0.525000
v 1.000000 2.150000 0.525000
v 0.980785 2.345090 0.525000
v 0.923880 2.532683 0.525000
v 0.831470 2.705570 0.525000
v 0.707107 2.857107 0.525000
v 0.555570 2.981470 0.525000
v 0.382683 3.073880 0.525000
v 0.195090 3.130785 0.525000
v 0.000000 3.150000 0.525000
v -0.195090 3.130785 0.525000
v -0.382683 3.073880 0.525000
v -0.555570 2.981470 0.525000
v -0.707107 2.857107 0.525000
v -0.831470 2.705570 0.525000
v -0.923880 2.532683 0.525000
v -0.980785 2.345090 0.525000
v -1.000000 2.150000 0.525000
vt -1.000000 0.645000
vt 1.000000 0.645000
vt 1.000000 2.675000
vt 0.980785 2.870090
vt 0.923880 3.057683
vt 0.831470 3.230570
vt 0.707107 3.382107
vt 0.555570 3.506470
vt 0.382683 3.598880
vt 0.195090 3.655785
vt 0.000000 3.675000
vt -0.195090 3.655785
vt -0.382683 3.598880
vt -0.555570 3.506470
vt -0.707107 3.382107
vt -0.831470 3.230570
vt -0.923880 3.057683
vt -0.980785 2.870090
vt -1.000000 2.675000
vn 0.000000 0.000000 1.000000
vn 0.000000 0.000000 1.000000
vn 0.000000 0.000000 1.000000
vn 0.000000 0.000000 1.000000
vn 0.000000 0.000000 1.000000
vn 0.000000 0.000000 1.000000
vn 0.000000 0.000000 1.000000
vn 0.000000 0.000000 1.000000
vn 0.000000 0.000000 1.000000
vn 0.000000 0.000000 1.000000
vn 0.000000 0.000000 1.000000
vn 0.000000 0.000000 1.000000
vn 0.000000 0.000000 1.000000
vn 0.000000 0.000000 1.000000
vn 0.000000 0.000000 1.000000
vn 0.000000 0.000000 1.000000
vn 0.000000 0.000000 1.000000
vn 0.000000 0.000000 1.000000
vn 0.000000 0.000000 1.000000
f 3829/3829/3829 3830/3830/3830 3831/3831/3831
f 3829/3829/3829 3831/3831/3831 3832/3832/3832
f 3829/3829/3829 3832/3832/3832 3833/3833/3833
f 3829/3829/3829 3833/3833/3833 3834/3834/3834
f 3829/3829/3829 3834/3834/3834 3835/3835/3835
f 3829/3829/3829 3835/3835/3835 3836/3836/3836
f 3829/3829/3829 3836/3836/3836 3837/3837/3837
f 3829/3829/3829 3837/3837/3837 3838/3838/3838
f 3829/3829/3829 3838/3838/3838 3839/3839/3839
f 3829/3829/3829 3839/3839/3839 3840/3840/3840
f 3829/3829/3829 3840/3840/3840 3841/3841/3841
f 3829/3829/3829 3841/3841/3841 3842/3842/3842
f 3829/3829/3829 3842/3842/3842 3843/3843/3843
f 3829/3829/3829 3843/3843/3843 3844/3844/3844
f 3829/3829/3829 3844/3844/3844 3845/3845/3845
f 3829/3829/3829 3845/3845/3845 3846/3846/3846
f 3829/3829/3829 3846/3846/3846 3847/3847/3847
v -1.000000 2.150000 0.500000
v -0.980785 2.345090 0.500000
v -0.923880 2.532683 0.500000
v -0.831470 2.705570 0.500000
v -0.707107 2.857107 0.500000
v -0.555570 2.981470 0.500000
v -0.382683 3.073880 0.500000
v -0.195090 3.130785 0.500000
v 0.000000 3.150000 0.500000
v 0.195090 3.130785 0.500000
v 0.382683 3.073880 0.500000
v 0.555570 2.981470 0.500000
v 0.707107 2.857107 0.500000
v 0.831470 2.705570 0.500000
v 0.923880 2.532683 0.500000
v 0.980785 2.345090 0.500000
v 1.000000 2.150000 0.500000
v 1.000000 0.120000 0.500000
v -1.000000 0.120000 0.500000
vt -1.000000 2.650000
vt -0.980785 2.845090
vt -0.923880 3.032683
vt -0.831470 3.205570
vt -0.707107 3.357107
vt -0.555570 3.481470
vt -0.382683 3.573880
vt -0.195090 3.630785
vt 0.000000 3.650000
vt 0.195090 3.630785
vt 0.382683 3.573880
vt 0.555570 3.481470
vt 0.707107 3.357107
vt 0.831470 3.205570
vt 0.923880 3.032683
vt 0.980785 2.845090
vt 1.000000 2.650000
vt 1.000000 0.620000
vt -1.000000 0.620000
vn 0.000000 0.000000 -1.000000
vn 0.000000 0.000000 -1.000000
vn 0.000000 0.000000 -1.000000
vn 0.000000 0.000000 -1.000000
vn 0.000000 0.000000 -1.000000
vn 0.000000 0.000000 -1.000000
vn 0.000000 0.000000 -1.000000
vn 0.000000 0.000000 -1.000000
vn 0.000000 0.000000 -1.000000
vn 0.000000 0.000000 -1.000000
vn 0.000000 0.000000 -1.000000
vn 0.000000 0.000000 -1.000000
vn 0.000000 0.000000 -1.000000
vn 0.000000 0.000000 -1.000000
vn 0.000000 0.000000 -1.000000
vn 0.000000 0.000000 -1.000000
vn 0.000000 0.000000 -1.000000
vn 0.000000 0.000000 -1.000000
vn 0.000000 0.000000 -1.000000
f 3848/3848/3848 3849/3849/3849 3850/3850/3850
f 3848/3848/3848 3850/3850/3850 3851/3851/3851
f 3848/3848/3848 3851/3851/3851 3852/3852/3852
f 3848/3848/3848 3852/3852/3852 3853/3853/3853
f 3848/3848/3848 3853/3853/3853 3854/3854/3854
f 3848/3848/3848 3854/3854/3854 3855/3855/3855
f 3848/3848/3848 3855/3855/3855 3856/3856/3856
f 3848/3848/3848 3856/3856/3856 3857/3857/3857
f 3848/3848/3848 3857/3857/3857 3858/3858/3858
f 3848/3848/3848 3858/3858/3858 3859/3859/3859
f 3848/3848/3848 3859/3859/3859 3860/3860/3860
f 3848/3848/3848 3860/3860/3860 3861/3861/3861
f 3848/3848/3848 3861/3861/3861 3862/3862/3862
f 3848/3848/3848 3862/3862/3862 3863/3863/3863
f 3848/3848/3848 3863/3863/3863 3864/3864/3864
f 3848/3848/3848 3864/3864/3864 3865/3865/3865
f 3848/3848/3848 3865/3865/3865 3866/3866/3866
v -1.000000 0.120000 0.500000
v 1.000000 0.120000 0.500000
v 1.000000 0.120000 0.525000
v -1.000000 0.120000 0.525000
vt -1.000000 0.620000
vt 1.000000 0.620000
vt 1.000000 0.645000
vt -1.000000 0.645000
vn 0.000000 -1.000000 0.000000
vn 0.000000 -1.000000 0.000000
vn 0.000000 -1.000000 0.000000
vn 0.000000 -1.000000 0.000000
f 3867/3867/3867 3868/3868/3868 3869/3869/3869
f 3867/3867/3867 3869/3869/3869 3870/3870/3870
v 1.000000 0.120000 0.500000
v 1.000000 2.150000 0.500000
v 1.000000 2.150000 0.525000
v 1.000000 0.120000 0.525000
vt 1.000000 0.620000
vt 1.000000 2.650000
vt 1.000000 2.675000
vt 1.000000 0.645000
vn 1.000000 0.000000 0.000000
vn 1.000000 0.000000 0.000000
vn 1.000000 0.000000 0.000000
vn 1.000000 0.000000 0.000000
f 3871/3871/3871 3872/3872/3872 3873/3873/3873
f 3871/3871/3871 3873/3873/3873 3874/3874/3874
v 1.000000 2.150000 0.500000
v 0.980785 2.345090 0.500000
v 0.980785 2.345090 0.525000
v 1.000000 2.150000 0.525000
vt 1.000000 2.650000
vt 0.980785 2.845090
vt 0.980785 2.870090
vt 1.000000 2.675000
vn 0.995185 0.098017 0.000000
vn 0.995185 0.098017 0.000000
vn 0.995185 0.098017 0.000000
vn 0.995185 0.098017 0.000000
f 3875/3875/3875 3876/3876/3876 3877/3877/3877
f 3875/3875/3875 3877/3877/3877 3878/3878/3878
v 0.980785 2.345090 0.500000
v 0.923880 2.532683 0.500000
v 0.923880 2.532683 0.525000
v 0.980785 2.345090 0.525000
vt 0.980785 2.845090
vt 0.923880 3.032683
vt 0.923880 3.057683
vt 0.980785 2.870090
vn 0.956940 0.290285 0.000000
vn 0.956940 0.290285 0.000000
vn 0.956940 0.290285 0.000000
vn 0.956940 0.290285 0.000000
f 3879/3879/3879 3880/3880/3880 3881/3881/3881
f 3879/3879/3879 3881/3881/3881 3882/3882/3882
v 0.923880 2.532683 0.500000
v 0.831470 2.705570 0.500000
v 0.831470 2.705570 0.525000
v 0.923880 2.532683 0.525000
vt 0.923880 3.032683
vt 0.831470 3.205570
vt 0.831470 3.230570
vt 0.923880 3.057683
vn 0.881921 0.471397 0.000000
vn 0.881921 0.471397 0.000000
vn 0.881921 0.471397 0.000000
vn 0.881921 0.471397 0.000000
f 3883/3883/3883 3884/3884/3884 3885/3885/3885
f 3883/3883/3883 3885/3885/3885 3886/3886/3886
v 0.831470 2.705570 0.500000
v 0.707107 2.857107 0.500000
v 0.707107 2.857107 0.525000
v 0.831470 2.705570 0.525000
vt 0.831470 3.205570
vt 0.707107 3.357107
vt 0.707107 3.382107
vt 0.831470 3.230570
vn 0.773010 0.634393 0.000000
vn 0.773010 0.634393 0.000000
vn 0.773010 0.634393 0.000000
vn 0.773010 0.634393 0.000000
f 3887/3887/3887 3888/3888/3888 3889/3889/3889
f 3887/3887/3887 3889/3889/3889 3890/3890/3890
v 0.707107 2.857107 0.500000
v 0.555570 2.981470 0.500000
v 0.555570 2.981470 0.525000
v 0.707107 2.857107 0.525000
vt 0.707107 3.357107
vt 0.555570 3.481470
vt 0.555570 3.506470
vt 0.707107 3.382107
vn 0.634393 0.773010 0.000000
vn 0.634393 0.773010 0.000000
vn 0.634393 0.773010 0.000000
vn 0.634393 0.773010 0.000000
f 3891/3891/3891 3892/3892/3892 3893/3893/3893
f 3891/3891/3891 3893/3893/3893 3894/3894/3894
v 0.555570 2.981470 0.500000
v 0.382683 3.073880 0.500000
v 0.382683 3.073880 0.525000
v 0.555570 2.981470 0.525000
vt 0.555570 3.481470
vt 0.382683 3.573880
vt 0.382683 3.598880
vt 0.555570 3.506470
vn 0.471397 0.881921 0.000000
vn 0.471397 0.881921 0.000000
vn 0.471397 0.881921 0.000000
vn 0.471397 0.881921 0.000000
f 3895/3895/3895 3896/3896/3896 3897/3897/3897
f 3895/3895/3895 3897/3897/3897 3898/3898/3898
v 0.382683 3.073880 0.500000
v 0.195090 3.130785 0.500000
v 0.195090 3.130785 0.525000
v 0.382683 3.073880 0.525000
vt 0.382683 3.573880
vt 0.195090 3.630785
vt 0.195090 3.655785
vt 0.382683 3.598880
vn 0.290285 0.956940 0.000000
vn 0.290285 0.956940 0.000000
vn 0.290285 0.956940 0.000000
vn 0.290285 0.956940 0.000000
f 3899/3899/3899 3900/3900/3900 3901/3901/3901
f 3899/3899/3899 3901/3901/3901 3902/3902/3902
v 0.195090 3.130785 0.500000
v 0.000000 3.150000 0.500000
v 0.000000 3.150000 0.525000
v 0.195090 3.130785 0.525000
vt 0.195090 3.630785
vt 0.000000 3.650000
vt 0.000000 3.675000
vt 0.195090 3.655785
vn 0.098017 0.995185 0.000000
vn 0.098017 0.995185 0.000000
vn 0.098017 0.995185 0.000000
vn 0.098017 0.995185 0.000000
f 3903/3903/3903 3904/3904/3904 3905/3905/3905
f 3903/3903/3903 3905/3905/3905 3906/3906/3906
v 0.000000 3.150000 0.500000
v -0.195090 3.130785 0.500000
v -0.195090 3.130785 0.525000
v 0.000000 3.150000 0.525000
vt 0.000000 3.650000
vt -0.195090 3.630785
vt -0.195090 3.655785
vt 0.000000 3.675000
vn -0.098017 0.995185 0.000000
vn -0.098017 0.995185 0.000000
vn -0.098017 0.995185 0.000000
vn -0.098017 0.995185 0.000000
f 3907/3907/3907 3908/3908/3908 3909/3909/3909
f 3907/3907/3907 3909/3909/3909 3910/3910/3910
v -0.195090 3.130785 0.500000
v -0.382683 3.073880 0.500000
v -0.382683 3.073880 0.525000
v -0.195090 3.130785 0.525000
vt -0.195090 3.630785
vt -0.382683 3.573880
vt -0.382683 3.598880
vt -0.195090 3.655785
vn -0.290285 0.956940 0.000000
vn -0.290285 0.956940 0.000000
vn -0.290285 0.956940 0.000000
vn -0.290285 0.956940 0.000000
f 3911/3911/3911 3912/3912/3912 3913/3913/3913
f 3911/3911/3911 3913/3913/3913 3914/3914/3914
v -0.382683 3.073880 0.500000
v -0.555570 2.981470 0.500000
v -0.555570 2.981470 0.525000
v -0.382683 3.073880 0.525000
vt -0.382683 3.573880
vt -0.555570 3.481470
vt -0.555570 3.506470
vt -0.382683 3.598880
vn -0.471397 0.881921 0.000000
vn -0.471397 0.881921 0.000000
vn -0.471397 0.881921 0.000000
vn -0.471397 0.881921 0.000000
f 3915/3915/3915 3916/3916/3916 3917/3917/3917
f 3915/3915/3915 3917/3917/3917 3918/3918/3918
v -0.555570 2.981470 0.500000
v -0.707107 2.857107 0.500000
v -0.707107 2.857107 0.525000
v -0.555570 2.981470 0.525000
vt -0.555570 3.481470
vt -0.707107 3.357107
vt -0.707107 3.382107
vt -0.555570 3.506470
vn -0.634393 0.773010 0.000000
vn -0.634393 0.773010 0.000000
vn -0.634393 0.773010 0.000000
vn -0.634393 0.773010 0.000000
f 3919/3919/3919 3920/3920/3920 3921/3921/3921
f 3919/3919/3919 3921/3921/3921 3922/3922/3922
v -0.707107 2.857107 0.500000
v -0.831470 2.705570 0.500000
v -0.831470 2.705570 0.525000
v -0.707107 2.857107 0.525000
vt -0.707107 3.357107
vt -0.831470 3.205570
vt -0.831470 3.230570
vt -0.707107 3.382107
vn -0.773010 0.634393 0.000000
vn -0.773010 0.634393 0.000000
vn -0.773010 0.634393 0.000000
vn -0.773010 0.634393 0.000000
f 3923/3923/3923 3924/3924/3924 3925/3925/3925
f 3923/3923/3923 3925/3925/3925 3926/3926/3926
v -0.831470 2.705570 0.500000
v -0.923880 2.532683 0.500000
v -0.923880 2.532683 0.525000
v -0.831470 2.705570 0.525000
vt -0.831470 3.205570
vt -0.923880 3.032683
vt -0.923880 3.057683
vt -0.831470 3.230570
vn -0.881921 0.471397 0.000000
vn -0.881921 0.471397 0.000000
vn -0.881921 0.471397 0.000000
vn -0.881921 0.471397 0.000000
f 3927/3927/3927 3928/3928/3928 3929/3929/3929
f 3927/3927/3927 3929/3929/3929 3930/3930/3930
v -0.923880 2.532683 0.500000
v -0.980785 2.345090 0.500000
v -0.980785 2.345090 0.525000
v -0.923880 2.532683 0.525000
vt -0.923880 3.032683
vt -0.980785 2.845090
vt -0.980785 2.870090
vt -0.923880 3.057683
vn -0.956940 0.290285 0.000000
vn -0.956940 0.290285 0.000000
vn -0.956940 0.290285 0.000000
vn -0.956940 0.290285 0.000000
f 3931/3931/3931 3932/3932/3932 3933/3933/3933
f 3931/3931/3931 3933/3933/3933 3934/3934/3934
v -0.980785 2.345090 0.500000
v -1.000000 2.150000 0.500000
v -1.000000 2.150000 0.525000
v -0.980785 2.345090 0.525000
vt -0.980785 2.845090
vt -1.000000 2.650000
vt -1.000000 2.675000
vt -0.980785 2.870090
vn -0.995185 0.098017 0.000000
vn -0.995185 0.098017 0.000000
vn -0.995185 0.098017 0.000000
vn -0.995185 0.098017 0.000000
f 3935/3935/3935 3936/3936/3936 3937/3937/3937
f 3935/3935/3935 3937/3937/3937 3938/3938/3938
v -1.000000 2.150000 0.500000
v -1.000000 0.120000 0.500000
v -1.000000 0.120000 0.525000
v -1.000000 2.150000 0.525000
vt -1.000000 2.650000
vt -1.000000 0.620000
vt -1.000000 0.645000
vt -1.000000 2.675000
vn -1.000000 0.000000 0.000000
vn -1.000000 0.000000 0.000000
vn -1.000000 0.000000 0.000000
vn -1.000000 0.000000 0.000000
f 3939/3939/3939 3940/3940/3940 3941/3941/3941
f 3939/3939/3939 3941/3941/3941 3942/3942/3942
v -0.602500 0.145000 0.632500
v -0.602500 2.015000 0.632500
v -0.637500 2.015000 0.632500
v -0.637500 0.145000 0.632500
vt -0.602500 0.777500
vt -0.602500 2.647500
vt -0.637500 2.647500
vt -0.637500 0.777500
vn 0.000000 -0.000000 1.000000
vn 0.000000 -0.000000 1.000000
vn 0.000000 -0.000000 1.000000
vn 0.000000 -0.000000 1.000000
f 3943/3943/3943 3944/3944/3944 3945/3945/3945
f 3943/3943/3943 3945/3945/3945 3946/3946/3946
v -0.637500 2.015000 0.587500
v -0.602500 2.015000 0.587500
v -0.602500 0.145000 0.587500
v -0.637500 0.145000 0.587500
vt -0.637500 2.602500
vt -0.602500 2.602500
vt -0.602500 0.732500
vt -0.637500 0.732500
vn 0.000000 0.000000 -1.000000
vn 0.000000 0.000000 -1.000000
vn 0.000000 0.000000 -1.000000
vn 0.000000 0.000000 -1.000000
f 3947/3947/3947 3948/3948/3948 3949/3949/3949
f 3947/3947/3947 3949/3949/3949 3950/3950/3950
v -0.637500 2.015000 0.632500
v -0.637500 2.015000 0.587500
v -0.637500 0.145000 0.587500
v -0.637500 0.145000 0.632500
vt -0.637500 2.647500
vt -0.637500 2.602500
vt -0.637500 0.732500
vt -0.637500 0.777500
vn -1.000000 0.000000 -0.000000
vn -1.000000 0.000000 -0.000000
vn -1.000000 0.000000 -0.000000
vn -1.000000 0.000000 -0.000000
f 3951/3951/3951 3952/3952/3952 3953/3953/3953
f 3951/3951/3951 3953/3953/3953 3954/3954/3954
v -0.602500 0.145000 0.587500
v -0.602500 2.015000 0.587500
v -0.602500 2.015000 0.632500
v -0.602500 0.145000 0.632500
vt -0.602500 0.732500
vt -0.602500 2.602500
vt -0.602500 2.647500
vt -0.602500 0.777500
vn 1.000000 0.000000 0.000000
vn 1.000000 0.000000 0.000000
vn 1.000000 0.000000 0.000000
vn 1.000000 0.000000 0.000000
f 3955/3955/3955 3956/3956/3956 3957/3957/3957
f 3955/3955/3955 3957/3957/3957 3958/3958/3958
v -0.637500 0.145000 0.587500
v -0.602500 0.145000 0.587500
v -0.602500 0.145000 0.632500
v -0.637500 0.145000 0.632500
vt -0.637500 0.732500
vt -0.602500 0.732500
vt -0.602500 0.777500
vt -0.637500 0.777500
vn 0.000000 -1.000000 0.000000
vn 0.000000 -1.000000 0.000000
vn 0.000000 -1.000000 0.000000
vn 0.000000 -1.000000 0.000000
f 3959/3959/3959 3960/3960/3960 3961/3961/3961
f 3959/3959/3959 3961/3961/3961 3962/3962/3962
v -0.602500 2.015000 0.632500
v -0.602500 2.015000 0.587500
v -0.637500 2.015000 0.587500
v -0.637500 2.015000 0.632500
vt -0.602500 2.647500
vt -0.602500 2.602500
vt -0.637500 2.602500
vt -0.637500 2.647500
vn 0.000000 1.000000 0.000000
vn 0.000000 1.000000 0.000000
vn 0.000000 1.000000 0.000000
vn 0.000000 1.000000 0.000000
f 3963/3963/3963 3964/3964/3964 3965/3965/3965
f 3963/3963/3963 3965/3965/3965 3966/3966/3966
v -0.292500 0.145000 0.632500
v -0.292500 2.015000 0.632500
v -0.327500 2.015000 0.632500
v -0.327500 0.145000 0.632500
vt -0.292500 0.777500
vt -0.292500 2.647500
vt -0.327500 2.647500
vt -0.327500 0.777500
vn 0.000000 -0.000000 1.000000
vn 0.000000 -0.000000 1.000000
vn 0.000000 -0.000000 1.000000
vn 0.000000 -0.000000 1.000000
f 3967/3967/3967 3968/3968/3968 3969/3969/3969
f 3967/3967/3967 3969/3969/3969 3970/3970/3970
v -0.327500 2.015000 0.587500
v -0.292500 2.015000 0.587500
v -0.292500 0.145000 0.587500
v -0.327500 0.145000 0.587500
vt -0.327500 2.602500
vt -0.292500 2.602500
vt -0.292500 0.732500
vt -0.327500 0.732500
vn 0.000000 0.000000 -1.000000
vn 0.000000 0.000000 -1.000000
vn 0.000000 0.000000 -1.000000
vn 0.000000 0.000000 -1.000000
f 3971/3971/3971 3972/3972/3972 3973/3973/3973
f 3971/3971/3971 3973/3973/3973 3974/3974/3974
v -0.327500 2.015000 0.632500
v -0.327500 2.015000 0.587500
v -0.327500 0.145000 0.587500
v -0.327500 0.145000 0.632500
vt -0.327500 2.647500
vt -0.327500 2.602500
vt -0.327500 0.732500
vt -0.327500 0.777500
vn -1.000000 0.000000 -0.000000
vn -1.000000 0.000000 -0.000000
vn -1.000000 0.000000 -0.000000
vn -1.000000 0.000000 -0.000000
f 3975/3975/3975 3976/3976/3976 3977/3977/3977
f 3975/3975/3975 3977/3977/3977 3978/3978/3978
v -0.292500 0.145000 0.587500
v -0.292500 2.015000 0.587500
v -0.292500 2.015000 0.632500
v -0.292500 0.145000 0.632500
vt -0.292500 0.732500
vt -0.292500 2.602500
vt -0.292500 2.647500
vt -0.292500 0.777500
vn 1.000000 0.000000 0.000000
vn 1.000000 0.000000 0.000000
vn 1.000000 0.000000 0.000000
vn 1.000000 0.000000 0.000000
f 3979/3979/3979 3980/3980/3980 3981/3981/3981
f 3979/3979/3979 3981/3981/3981 3982/3982/3982
v -0.327500 0.145000 0.587500
v -0.292500 0.145000 0.587500
v -0.292500 0.145000 0.632500
v -0.327500 0.145000 0.632500
vt -0.327500 0.732500
vt -0.292500 0.732500
vt -0.292500 0.777500
vt -0.327500 0.777500
vn 0.000000 -1.000000 0.000000
vn 0.000000 -1.000000 0.000000
vn 0.000000 -1.000000 0.000000
vn 0.000000 -1.000000 0.000000
f 3983/3983/3983 3984/3984/3984 3985/3985/3985
f 3983/3983/3983 3985/3985/3985 3986/3986/3986
v -0.292500 2.015000 0.632500
v -0.292500 2.015000 0.587500
v -0.327500 2.015000 0.587500
v -0.327500 2.015000 0.632500
vt -0.292500 2.647500
vt -0.292500 2.602500
vt -0.327500 2.602500
vt -0.327500 2.647500
vn 0.000000 1.000000 0.000000
vn 0.000000 1.000000 0.000000
vn 0.000000 1.000000 0.000000
vn 0.000000 1.000000 0.000000
f 3987/3987/3987 3988/3988/3988 3989/3989/3989
f 3987/3987/3987 3989/3989/3989 3990/3990/3990
v 0.017500 0.145000 0.632500
v 0.017500 2.015000 0.632500
v -0.017500 2.015000 0.632500
v -0.017500 0.145000 0.632500
vt 0.017500 0.777500
vt 0.017500 2.647500
vt -0.017500 2.647500
vt -0.017500 0.777500
vn 0.000000 -0.000000 1.000000
vn 0.000000 -0.000000 1.000000
vn 0.000000 -0.000000 1.000000
vn 0.000000 -0.000000 1.000000
f 3991/3991/3991 3992/3992/3992 3993/3993/3993
f 3991/3991/3991 3993/3993/3993 3994/3994/3994
v -0.017500 2.015000 0.587500
v 0.017500 2.015000 0.587500
v 0.017500 0.145000 0.587500
v -0.017500 0.145000 0.587500
vt -0.017500 2.602500
vt 0.017500 2.602500
vt 0.017500 0.732500
vt -0.017500 0.732500
vn 0.000000 0.000000 -1.000000
vn 0.000000 0.000000 -1.000000
vn 0.000000 0.000000 -1.000000
vn 0.000000 0.000000 -1.000000
f 3995/3995/3995 3996/3996/3996 3997/3997/3997
f 3995/3995/3995 3997/3997/3997 3998/3998/3998
v -0.017500 2.015000 0.632500
v -0.017500 2.015000 0.587500
v -0.017500 0.145000 0.587500
v -0.017500 0.145000 0.632500
vt -0.017500 2.647500
vt -0.017500 2.602500
vt -0.017500 0.732500
vt -0.017500 0.777500
vn -1.000000 0.000000 -0.000000
vn -1.000000 0.000000 -0.000000
vn -1.000000 0.000000 -0.000000
vn -1.000000 0.000000 -0.000000
f 3999/3999/3999 4000/4000/4000 4001/4001/4001
f 3999/3999/3999 4001/4001/4001 4002/4002/4002
v 0.017500 0.145000 0.587500
v 0.017500 2.015000 0.587500
v 0.017500 2.015000 0.632500
v 0.017500 0.145000 0.632500
vt 0.017500 0.732500
vt 0.017500 2.602500
vt 0.017500 2.647500
vt 0.017500 0.777500
vn 1.000000 0.000000 0.000000
vn 1.000000 0.000000 0.000000
vn 1.000000 0.000000 0.000000
vn 1.000000 0.000000 0.000000
f 4003/4003/4003 4004/4004/4004 4005/4005/4005
f 4003/4003/4003 4005/4005/4005 4006/4006/4006
v -0.017500 0.145000 0.587500
v 0.017500 0.145000 0.587500
v 0.017500 0.145000 0.632500
v -0.017500 0.145000 0.632500
vt -0.017500 0.732500
vt 0.017500 0.732500
vt 0.017500 0.777500
vt -0.017500 0.777500
vn 0.000000 -1.000000 0.000000
vn 0.000000 -1.000000 0.000000
vn 0.000000 -1.000000 0.000000
vn 0.000000 -1.000000 0.000000
f 4007/4007/4007 4008/4008/4008 4009/4009/4009
f 4007/4007/4007 4009/4009/4009 4010/4010/4010
v 0.017500 2.015000 0.632500
v 0.017500 2.015000 0.587500
v -0.017500 2.015000 0.587500
v -0.017500 2.015000 0.632500
vt 0.017500 2.647500
vt 0.017500 2.602500
vt -0.017500 2.602500
vt -0.017500 2.647500
vn 0.000000 1.000000 0.000000
vn 0.000000 1.000000 0.000000
vn 0.000000 1.000000 0.000000
vn 0.000000 1.000000 0.000000
f 4011/4011/4011 4012/4012/4012 4013/4013/4013
f 4011/4011/4011 4013/4013/4013 4014/4014/4014
v 0.327500 0.145000 0.632500
v 0.327500 2.015000 0.632500
v 0.292500 2.015000 0.632500
v 0.292500 0.145000 0.632500
vt 0.327500 0.777500
vt 0.327500 2.647500
vt 0.292500 2.647500
vt 0.292500 0.777500
vn 0.000000 -0.000000 1.000000
vn 0.000000 -0.000000 1.000000
vn 0.000000 -0.000000 1.000000
vn 0.000000 -0.000000 1.000000
f 4015/4015/4015 4016/4016/4016 4017/4017/4017
f 4015/4015/4015 4017/4017/4017 4018/4018/4018
v 0.292500 2.015000 0.587500
v 0.327500 2.015000 0.587500
v 0.327500 0.145000 0.587500
v 0.292500 0.145000 0.587500
vt 0.292500 2.602500
vt 0.327500 2.602500
vt 0.327500 0.732500
vt 0.292500 0.732500
vn 0.000000 0.000000 -1.000000
vn 0.000000 0.000000 -1.000000
vn 0.000000 0.000000 -1.000000
vn 0.000000 0.000000 -1.000000
f 4019/4019/4019 4020/4020/4020 4021/4021/4021
f 4019/4019/4019 4021/4021/4021 4022/4022/4022
v 0.292500 2.015000 0.632500
v 0.292500 2.015000 0.587500
v 0.292500 0.145000 0.587500
v 0.292500 0.145000 0.632500
vt 0.292500 2.647500
vt 0.292500 2.602500
vt 0.292500 0.732500
vt 0.292500 0.777500
vn -1.000000 0.000000 -0.000000
vn -1.000000 0.000000 -0.000000
vn -1.000000 0.000000 -0.000000
vn -1.000000 0.000000 -0.000000
f 4023/4023/4023 4024/4024/4024 4025/4025/4025
f 4023/4023/4023 4025/4025/4025 4026/4026/4026
v 0.327500 0.145000 0.587500
v 0.327500 2.015000 0.587500
v 0.327500 2.015000 0.632500
v 0.327500 0.145000 0.632500
vt 0.327500 0.732500
vt 0.327500 2.602500
vt 0.327500 2.647500
vt 0.327500 0.777500
vn 1.000000 0.000000 0.000000
vn 1.000000 0.000000 0.000000
vn 1.000000 0.000000 0.000000
vn 1.000000 0.000000 0.000000
f 4027/4027/4027 4028/4028/4028 4029/4029/4029
f 4027/4027/4027 4029/4029/4029 4030/4030/4030
v 0.292500 0.145000 0.587500
v 0.327500 0.145000 0.587500
v 0.327500 0.145000 0.632500
v 0.292500 0.145000 0.632500
vt 0.292500 0.732500
vt 0.327500 0.732500
vt 0.327500 0.777500
vt 0.292500 0.777500
vn 0.000000 -1.000000 0.000000
vn 0.000000 -1.000000 0.000000
vn 0.000000 -1.000000 0.000000
vn 0.000000 -1.000000 0.000000
f 4031/4031/4031 4032/4032/4032 4033/4033/4033
f 4031/4031/4031 4033/4033/4033 4034/4034/4034
v 0.327500 2.015000 0.632500
v 0.327500 2.015000 0.587500
v 0.292500 2.015000 0.587500
v 0.292500 2.015000 0.632500
vt 0.327500 2.647500
vt 0.327500 2.602500
vt 0.292500 2.602500
vt 0.292500 2.647500
vn 0.000000 1.000000 0.000000
vn 0.000000 1.000000 0.000000
vn 0.000000 1.000000 0.000000
vn 0.000000 1.000000 0.000000
f 4035/4035/4035 4036/4036/4036 4037/4037/4037
f 4035/4035/4035 4037/4037/4037 4038/4038/4038
v 0.637500 0.145000 0.632500
v 0.637500 2.015000 0.632500
v 0.602500 2.015000 0.632500
v 0.602500 0.145000 0.632500
vt 0.637500 0.777500
vt 0.637500 2.647500
vt 0.602500 2.647500
vt 0.602500 0.777500
vn 0.000000 -0.000000 1.000000
vn 0.000000 -0.000000 1.000000
vn 0.000000 -0.000000 1.000000
vn 0.000000 -0.000000 1.000000
f 4039/4039/4039 4040/4040/4040 4041/4041/4041
f 4039/4039/4039 4041/4041/4041 4042/4042/4042
v 0.602500 2.015000 0.587500
v 0.637500 2.015000 0.587500
v 0.637500 0.145000 0.587500
v 0.602500 0.145000 0.587500
vt 0.602500 2.602500
vt 0.637500 2.602500
vt 0.637500 0.732500
vt 0.602500 0.732500
vn 0.000000 0.000000 -1.000000
vn 0.000000 0.000000 -1.000000
vn 0.000000 0.000000 -1.000000
vn 0.000000 0.000000 -1.000000
f 4043/4043/4043 4044/4044/4044 4045/4045/4045
f 4043/4043/4043 4045/4045/4045 4046/4046/4046
v 0.602500 2.015000 0.632500
v 0.602500 2.015000 0.587500
v 0.602500 0.145000 0.587500
v 0.602500 0.145000 0.632500
vt 0.602500 2.647500
vt 0.602500 2.602500
vt 0.602500 0.732500
vt 0.602500 0.777500
vn -1.000000 0.000000 -0.000000
vn -1.000000 0.000000 -0.000000
vn -1.000000 0.000000 -0.000000
vn -1.000000 0.000000 -0.000000
f 4047/4047/4047 4048/4048/4048 4049/4049/4049
f 4047/4047/4047 4049/4049/4049 4050/4050/4050
v 0.637500 0.145000 0.587500
v 0.637500 2.015000 0.587500
v 0.637500 2.015000 0.632500
v 0.637500 0.145000 0.632500
vt 0.637500 0.732500
vt 0.637500 2.602500
vt 0.637500 2.647500
vt 0.637500 0.777500
vn 1.000000 0.000000 0.000000
vn 1.000000 0.000000 0.000000
vn 1.000000 0.000000 0.000000
vn 1.000000 0.000000 0.000000
f 4051/4051/4051 4052/4052/4052 4053/4053/4053
f 4051/4051/4051 4053/4053/4053 4054/4054/4054
v 0.602500 0.145000 0.587500
v 0.637500 0.145000 0.587500
v 0.637500 0.145000 0.632500
v 0.602500 0.145000 0.632500
vt 0.602500 0.732500
vt 0.637500 0.732500
vt 0.637500 0.777500
vt 0.602500 0.777500
vn 0.000000 -1.000000 0.000000
vn 0.000000 -1.000000 0.000000
vn 0.000000 -1.000000 0.000000
vn 0.000000 -1.000000 0.000000
f 4055/4055/4055 4056/4056/4056 4057/4057/4057
f 4055/4055/4055 4057/4057/4057 4058/4058/4058
v 0.637500 2.015000 0.632500
v 0.637500 2.015000 0.587500
v 0.602500 2.015000 0.587500
v 0.602500 2.015000 0.632500
vt 0.637500 2.647500
vt 0.637500 2.602500
vt 0.602500 2.602500
vt 0.602500 2.647500
vn 0.000000 1.000000 0.000000
vn 0.000000 1.000000 0.000000
vn 0.000000 1.000000 0.000000
vn 0.000000 1.000000 0.000000
f 4059/4059/4059 4060/4060/4060 4061/4061/4061
f 4059/4059/4059 4061/4061/4061 4062/4062/4062
v -0.133130 1.160000 0.666870
v -0.160000 1.160000 0.678000
v -0.186870 1.160000 0.666870
v -0.198000 1.160000 0.640000
v -0.186870 1.160000 0.613130
v -0.160000 1.160000 0.602000
v -0.133130 1.160000 0.613130
v -0.122000 1.160000 0.640000
vt -0.133130 1.826870
vt -0.160000 1.838000
vt -0.186870 1.826870
vt -0.198000 1.800000
vt -0.186870 1.773130
vt -0.160000 1.762000
vt -0.133130 1.773130
vt -0.122000 1.800000
vn 0.000000 -1.000000 0.000000
vn 0.000000 -1.000000 0.000000
vn 0.000000 -1.000000 0.000000
vn 0.000000 -1.000000 0.000000
vn 0.000000 -1.000000 0.000000
vn 0.000000 -1.000000 0.000000
vn 0.000000 -1.000000 0.000000
vn 0.000000 -1.000000 0.000000
f 4063/4063/4063 4064/4064/4064 4065/4065/4065
f 4063/4063/4063 4065/4065/4065 4066/4066/4066
f 4063/4063/4063 4066/4066/4066 4067/4067/4067
f 4063/4063/4063 4067/4067/4067 4068/4068/4068
f 4063/4063/4063 4068/4068/4068 4069/4069/4069
f 4063/4063/4063 4069/4069/4069 4070/4070/4070
v -0.122000 1.280000 0.640000
v -0.133130 1.280000 0.613130
v -0.160000 1.280000 0.602000
v -0.186870 1.280000 0.613130
v -0.198000 1.280000 0.640000
v -0.186870 1.280000 0.666870
v -0.160000 1.280000 0.678000
v -0.133130 1.280000 0.666870
vt -0.122000 1.920000
vt -0.133130 1.893130
vt -0.160000 1.882000
vt -0.186870 1.893130
vt -0.198000 1.920000
vt -0.186870 1.946870
vt -0.160000 1.958000
vt -0.133130 1.946870
vn 0.000000 1.000000 0.000000
vn 0.000000 1.000000 0.000000
vn 0.000000 1.000000 0.000000
vn 0.000000 1.000000 0.000000
vn 0.000000 1.000000 0.000000
vn 0.000000 1.000000 0.000000
vn 0.000000 1.000000 0.000000
vn 0.000000 1.000000 0.000000
f 4071/4071/4071 4072/4072/4072 4073/4073/4073
f 4071/4071/4071 4073/4073/4073 4074/4074/4074
f 4071/4071/4071 4074/4074/4074 4075/4075/4075
f 4071/4071/4071 4075/4075/4075 4076/4076/4076
f 4071/4071/4071 4076/4076/4076 4077/4077/4077
f 4071/4071/4071 4077/4077/4077 4078/4078/4078
v -0.133130 1.160000 0.613130
v -0.133130 1.280000 0.613130
v -0.122000 1.280000 0.640000
v -0.122000 1.160000 0.640000
vt -0.133130 1.773130
vt -0.133130 1.893130
vt -0.122000 1.920000
vt -0.122000 1.800000
vn 0.923880 0.000000 -0.382683
vn 0.923880 0.000000 -0.382683
vn 0.923880 0.000000 -0.382683
vn 0.923880 0.000000 -0.382683
f 4079/4079/4079 4080/4080/4080 4081/4081/4081
f 4079/4079/4079 4081/4081/4081 4082/4082/4082
v -0.160000 1.160000 0.602000
v -0.160000 1.280000 0.602000
v -0.133130 1.280000 0.613130
v -0.133130 1.160000 0.613130
vt -0.160000 1.762000
vt -0.160000 1.882000
vt -0.133130 1.893130
vt -0.133130 1.773130
vn 0.382683 0.000000 -0.923880
vn 0.382683 0.000000 -0.923880
vn 0.382683 0.000000 -0.923880
vn 0.382683 0.000000 -0.923880
f 4083/4083/4083 4084/4084/4084 4085/4085/4085
f 4083/4083/4083 4085/4085/4085 4086/4086/4086
v -0.186870 1.160000 0.613130
v -0.186870 1.280000 0.613130
v -0.160000 1.280000 0.602000
v -0.160000 1.160000 0.602000
vt -0.186870 1.773130
vt -0.186870 1.893130
vt -0.160000 1.882000
vt -0.160000 1.762000
vn -0.382683 0.000000 -0.923880
vn -0.382683 0.000000 -0.923880
vn -0.382683 0.000000 -0.923880
vn -0.382683 0.000000 -0.923880
f 4087/4087/4087 4088/4088/4088 4089/4089/4089
f 4087/4087/4087 4089/4089/4089 4090/4090/4090
v -0.198000 1.160000 0.640000
v -0.198000 1.280000 0.640000
v -0.186870 1.280000 0.613130
v -0.186870 1.160000 0.613130
vt -0.198000 1.800000
vt -0.198000 1.920000
vt -0.186870 1.893130
vt -0.186870 1.773130
vn -0.923880 0.000000 -0.382683
vn -0.923880 0.000000 -0.382683
vn -0.923880 0.000000 -0.382683
vn -0.923880 0.000000 -0.382683
f 4091/4091/4091 4092/4092/4092 4093/4093/4093
f 4091/4091/4091 4093/4093/4093 4094/4094/4094
v -0.186870 1.160000 0.666870
v -0.186870 1.280000 0.666870
v -0.198000 1.280000 0.640000
v -0.198000 1.160000 0.640000
vt -0.186870 1.826870
vt -0.186870 1.946870
vt -0.198000 1.920000
vt -0.198000 1.800000
vn -0.923880 0.000000 0.382683
vn -0.923880 0.000000 0.382683
vn -0.923880 0.000000 0.382683
vn -0.923880 0.000000 0.382683
f 4095/4095/4095 4096/4096/4096 4097/4097/4097
f 4095/4095/4095 4097/4097/4097 4098/4098/4098
v -0.160000 1.160000 0.678000
v -0.160000 1.280000 0.678000
v -0.186870 1.280000 0.666870
v -0.186870 1.160000 0.666870
vt -0.160000 1.838000
vt -0.160000 1.958000
vt -0.186870 1.946870
vt -0.186870 1.826870
vn -0.382683 0.000000 0.923880
vn -0.382683 0.000000 0.923880
vn -0.382683 0.000000 0.923880
vn -0.382683 0.000000 0.923880
f 4099/4099/4099 4100/4100/4100 4101/4101/4101
f 4099/4099/4099 4101/4101/4101 4102/4102/4102
v -0.133130 1.160000 0.666870
v -0.133130 1.280000 0.666870
v -0.160000 1.280000 0.678000
v -0.160000 1.160000 0.678000
vt -0.133130 1.826870
vt -0.133130 1.946870
vt -0.160000 1.958000
vt -0.160000 1.838000
vn 0.382683 -0.000000 0.923880
vn 0.382683 -0.000000 0.923880
vn 0.382683 -0.000000 0.923880
vn 0.382683 -0.000000 0.923880
f 4103/4103/4103 4104/4104/4104 4105/4105/4105
f 4103/4103/4103 4105/4105/4105 4106/4106/4106
v -0.122000 1.160000 0.640000
v -0.122000 1.280000 0.640000
v -0.133130 1.280000 0.666870
v -0.133130 1.160000 0.666870
vt -0.122000 1.800000
vt -0.122000 1.920000
vt -0.133130 1.946870
vt -0.133130 1.826870
vn 0.923880 -0.000000 0.382683
vn 0.923880 -0.000000 0.382683
vn 0.923880 -0.000000 0.382683
vn 0.923880 -0.000000 0.382683
f 4107/4107/4107 4108/4108/4108 4109/4109/4109
f 4107/4107/4107 4109/4109/4109 4110/4110/4110
v 0.186870 1.160000 0.666870
v 0.160000 1.160000 0.678000
v 0.133130 1.160000 0.666870
v 0.122000 1.160000 0.640000
v 0.133130 1.160000 0.613130
v 0.160000 1.160000 0.602000
v 0.186870 1.160000 0.613130
v 0.198000 1.160000 0.640000
vt 0.186870 1.826870
vt 0.160000 1.838000
vt 0.133130 1.826870
vt 0.122000 1.800000
vt 0.133130 1.773130
vt 0.160000 1.762000
vt 0.186870 1.773130
vt 0.198000 1.800000
vn 0.000000 -1.000000 0.000000
vn 0.000000 -1.000000 0.000000
vn 0.000000 -1.000000 0.000000
vn 0.000000 -1.000000 0.000000
vn 0.000000 -1.000000 0.000000
vn 0.000000 -1.000000 0.000000
vn 0.000000 -1.000000 0.000000
vn 0.000000 -1.000000 0.000000
f 4111/4111/4111 4112/4112/4112 4113/4113/4113
f 4111/4111/4111 4113/4113/4113 4114/4114/4114
f 4111/4111/4111 4114/4114/4114 4115/4115/4115
f 4111/4111/4111 4115/4115/4115 4116/4116/4116
f 4111/4111/4111 4116/4116/4116 4117/4117/4117
f 4111/4111/4111 4117/4117/4117 4118/4118/4118
v 0.198000 1.280000 0.640000
v 0.186870 1.280000 0.613130
v 0.160000 1.280000 0.602000
v 0.133130 1.280000 0.613130
v 0.122000 1.280000 0.640000
v 0.133130 1.280000 0.666870
v 0.160000 1.280000 0.678000
v 0.186870 1.280000 0.666870
vt 0.198000 1.920000
vt 0.186870 1.893130
vt 0.160000 1.882000
vt 0.133130 1.893130
vt 0.122000 1.920000
vt 0.133130 1.946870
vt 0.160000 1.958000
vt 0.186870 1.946870
vn 0.000000 1.000000 0.000000
vn 0.000000 1.000000 0.000000
vn 0.000000 1.000000 0.000000
vn 0.000000 1.000000 0.000000
vn 0.000000 1.000000 0.000000
vn 0.000000 1.000000 0.000000
vn 0.000000 1.000000 0.000000
vn 0.000000 1.000000 0.000000
f 4119/4119/4119 4120/4120/4120 4121/4121/4121
f 4119/4119/4119 4121/4121/4121 4122/4122/4122
f 4119/4119/4119 4122/4122/4122 4123/4123/4123
f 4119/4119/4119 4123/4123/4123 4124/4124/4124
f 4119/4119/4119 4124/4124/4124 4125/4125/4125
f 4119/4119/4119 4125/4125/4125 4126/4126/4126
v 0.186870 1.160000 0.613130
v 0.186870 1.280000 0.613130
v 0.198000 1.280000 0.640000
v 0.198000 1.160000 0.640000
vt 0.186870 1.773130
vt 0.186870 1.893130
vt 0.198000 1.920000
vt 0.198000 1.800000
vn 0.923880 0.000000 -0.382683
vn 0.923880 0.000000 -0.382683
vn 0.923880 0.000000 -0.382683
vn 0.923880 0.000000 -0.382683
f 4127/4127/4127 4128/4128/4128 4129/4129/4129
f 4127/4127/4127 4129/4129/4129 4130/4130/4130
v 0.160000 1.160000 0.602000
v 0.160000 1.280000 0.602000
v 0.186870 1.280000 0.613130
v 0.186870 1.160000 0.613130
vt 0.160000 1.762000
vt 0.160000 1.882000
vt 0.186870 1.893130
vt 0.186870 1.773130
vn 0.382683 0.000000 -0.923880
vn 0.382683 0.000000 -0.923880
vn 0.382683 0.000000 -0.923880
vn 0.382683 0.000000 -0.923880
f 4131/4131/4131 4132/4132/4132 4133/4133/4133
f 4131/4131/4131 4133/4133/4133 4134/4134/4134
v 0.133130 1.160000 0.613130
v 0.133130 1.280000 0.613130
v 0.160000 1.280000 0.602000
v 0.160000 1.160000 0.602000
vt 0.133130 1.773130
vt 0.133130 1.893130
vt 0.160000 1.882000
vt 0.160000 1.762000
vn -0.382683 0.000000 -0.923880
vn -0.382683 0.000000 -0.923880
vn -0.382683 0.000000 -0.923880
vn -0.382683 0.000000 -0.923880
f 4135/4135/4135 4136/4136/4136 4137/4137/4137
f 4135/4135/4135 4137/4137/4137 4138/4138/4138
v 0.122000 1.160000 0.640000
v 0.122000 1.280000 0.640000
v 0.133130 1.280000 0.613130
v 0.133130 1.160000 0.613130
vt 0.122000 1.800000
vt 0.122000 1.920000
vt 0.133130 1.893130
vt 0.133130 1.773130
vn -0.923880 0.000000 -0.382683
vn -0.923880 0.000000 -0.382683
vn -0.923880 0.000000 -0.382683
vn -0.923880 0.000000 -0.382683
f 4139/4139/4139 4140/4140/4140 4141/4141/4141
f 4139/4139/4139 4141/4141/4141 4142/4142/4142
v 0.133130 1.160000 0.666870
v 0.133130 1.280000 0.666870
v 0.122000 1.280000 0.640000
v 0.122000 1.160000 0.640000
vt 0.133130 1.826870
vt 0.133130 1.946870
vt 0.122000 1.920000
vt 0.122000 1.800000
vn -0.923880 0.000000 0.382683
vn -0.923880 0.000000 0.382683
vn -0.923880 0.000000 0.382683
vn -0.923880 0.000000 0.382683
f 4143/4143/4143 4144/4144/4144 4145/4145/4145
f 4143/4143/4143 4145/4145/4145 4146/4146/4146
v 0.160000 1.160000 0.678000
v 0.160000 1.280000 0.678000
v 0.133130 1.280000 0.666870
v 0.133130 1.160000 0.666870
vt 0.160000 1.838000
vt 0.160000 1.958000
vt 0.133130 1.946870
vt 0.133130 1.826870
vn -0.382683 0.000000 0.923880
vn -0.382683 0.000000 0.923880
vn -0.382683 0.000000 0.923880
vn -0.382683 0.000000 0.923880
f 4147/4147/4147 4148/4148/4148 4149/4149/4149
f 4147/4147/4147 4149/4149/4149 4150/4150/4150
v 0.186870 1.160000 0.666870
v 0.186870 1.280000 0.666870
v 0.160000 1.280000 0.678000
v 0.160000 1.160000 0.678000
vt 0.186870 1.826870
vt 0.186870 1.946870
vt 0.160000 1.958000
vt 0.160000 1.838000
vn 0.382683 -0.000000 0.923880
vn 0.382683 -0.000000 0.923880
vn 0.382683 -0.000000 0.923880
vn 0.382683 -0.000000 0.923880
f 4151/4151/4151 4152/4152/4152 4153/4153/4153
f 4151/4151/4151 4153/4153/4153 4154/4154/4154
v 0.198000 1.160000 0.640000
v 0.198000 1.280000 0.640000
v 0.186870 1.280000 0.666870
v 0.186870 1.160000 0.666870
vt 0.198000 1.800000
vt 0.198000 1.920000
vt 0.186870 1.946870
vt 0.186870 1.826870
vn 0.923880 -0.000000 0.382683
vn 0.923880 -0.000000 0.382683
vn 0.923880 -0.000000 0.382683
vn 0.923880 -0.000000 0.382683
f 4155/4155/4155 4156/4156/4156 4157/4157/4157
f 4155/4155/4155 4157/4157/4157 4158/4158/4158
v -2.310000 1.200000 0.525000
v -1.690000 1.200000 0.525000
v -1.690000 2.350000 0.525000
v -1.695957 2.410478 0.525000
v -1.713597 2.468632 0.525000
v -1.742244 2.522227 0.525000
v -1.780797 2.569203 0.525000
v -1.827773 2.607756 0.525000
v -1.881368 2.636403 0.525000
v -1.939522 2.654043 0.525000
v -2.000000 2.660000 0.525000
v -2.060478 2.654043 0.525000
v -2.118632 2.636403 0.525000
v -2.172227 2.607756 0.525000
v -2.219203 2.569203 0.525000
v -2.257756 2.522227 0.525000
v -2.286403 2.468632 0.525000
v -2.304043 2.410478 0.525000
v -2.310000 2.350000 0.525000
vt -2.310000 1.725000
vt -1.690000 1.725000
vt -1.690000 2.875000
vt -1.695957 2.935478
vt -1.713597 2.993632
vt -1.742244 3.047227
vt -1.780797 3.094203
vt -1.827773 3.132756
vt -1.881368 3.161403
vt -1.939522 3.179043
vt -2.000000 3.185000
vt -2.060478 3.179043
vt -2.118632 3.161403
vt -2.172227 3.132756
vt -2.219203 3.094203
vt -2.257756 3.047227
vt -2.286403 2.993632
vt -2.304043 2.935478
vt -2.310000 2.875000
vn 0.000000 0.000000 1.000000
vn 0.000000 0.000000 1.000000
vn 0.000000 0.000000 1.000000
vn 0.000000 0.000000 1.000000
vn 0.000000 0.000000 1.000000
vn 0.000000 0.000000 1.000000
vn 0.000000 0.000000 1.000000
vn 0.000000 0.000000 1.000000
vn 0.000000 0.000000 1.000000
vn 0.000000 0.000000 1.000000
vn 0.000000 0.000000 1.000000
vn 0.000000 0.000000 1.000000
vn 0.000000 0.000000 1.000000
vn 0.000000 0.000000 1.000000
vn 0.000000 0.000000 1.000000
vn 0.000000 0.000000 1.000000
vn 0.000000 0.000000 1.000000
vn 0.000000 0.000000 1.000000
vn 0.000000 0.000000 1.000000
f 4159/4159/4159 4160/4160/4160 4161/4161/4161
f 4159/4159/4159 4161/4161/4161 4162/4162/4162
f 4159/4159/4159 4162/4162/4162 4163/4163/4163
f 4159/4159/4159 4163/4163/4163 4164/4164/4164
f 4159/4159/4159 4164/4164/4164 4165/4165/4165
f 4159/4159/4159 4165/4165/4165 4166/4166/4166
f 4159/4159/4159 4166/4166/4166 4167/4167/4167
f 4159/4159/4159 4167/4167/4167 4168/4168/4168
f 4159/4159/4159 4168/4168/4168 4169/4169/4169
f 4159/4159/4159 4169/4169/4169 4170/4170/4170
f 4159/4159/4159 4170/4170/4170 4171/4171/4171
f 4159/4159/4159 4171/4171/4171 4172/4172/4172
f 4159/4159/4159 4172/4172/4172 4173/4173/4173
f 4159/4159/4159 4173/4173/4173 4174/4174/4174
f 4159/4159/4159 4174/4174/4174 4175/4175/4175
f 4159/4159/4159 4175/4175/4175 4176/4176/4176
f 4159/4159/4159 4176/4176/4176 4177/4177/4177
v -2.310000 2.350000 0.495000
v -2.304043 2.410478 0.495000
v -2.286403 2.468632 0.495000
v -2.257756 2.522227 0.495000
v -2.219203 2.569203 0.495000
v -2.172227 2.607756 0.495000
v -2.118632 2.636403 0.495000
v -2.060478 2.654043 0.495000
v -2.000000 2.660000 0.495000
v -1.939522 2.654043 0.495000
v -1.881368 2.636403 0.495000
v -1.827773 2.607756 0.495000
v -1.780797 2.569203 0.495000
v -1.742244 2.522227 0.495000
v -1.713597 2.468632 0.495000
v -1.695957 2.410478 0.495000
v -1.690000 2.350000 0.495000
v -1.690000 1.200000 0.495000
v -2.310000 1.200000 0.495000
vt -2.310000 2.845000
vt -2.304043 2.905478
vt -2.286403 2.963632
vt -2.257756 3.017227
vt -2.219203 3.064203
vt -2.172227 3.102756
vt -2.118632 3.131403
vt -2.060478 3.149043
vt -2.000000 3.155000
vt -1.939522 3.149043
vt -1.881368 3.131403
vt -1.827773 3.102756
vt -1.780797 3.064203
vt -1.742244 3.017227
vt -1.713597 2.963632
vt -1.695957 2.905478
vt -1.690000 2.845000
vt -1.690000 1.695000
vt -2.310000 1.695000
vn 0.000000 0.000000 -1.000000
vn 0.000000 0.000000 -1.000000
vn 0.000000 0.000000 -1.000000
vn 0.000000 0.000000 -1.000000
vn 0.000000 0.000000 -1.000000
vn 0.000000 0.000000 -1.000000
vn 0.000000 0.000000 -1.000000
vn 0.000000 0.000000 -1.000000
vn 0.000000 0.000000 -1.000000
vn 0.000000 0.000000 -1.000000
vn 0.000000 0.000000 -1.000000
vn 0.000000 0.000000 -1.000000
vn 0.000000 0.000000 -1.000000
vn 0.000000 0.000000 -1.000000
vn 0.000000 0.000000 -1.000000
vn 0.000000 0.000000 -1.000000
vn 0.000000 0.000000 -1.000000
vn 0.000000 0.000000 -1.000000
vn 0.000000 0.000000 -1.000000
f 4178/4178/4178 4179/4179/4179 4180/4180/4180
f 4178/4178/4178 4180/4180/4180 4181/4181/4181
f 4178/4178/4178 4181/4181/4181 4182/4182/4182
f 4178/4178/4178 4182/4182/4182 4183/4183/4183
f 4178/4178/4178 4183/4183/4183 4184/4184/4184
f 4178/4178/4178 4184/4184/4184 4185/4185/4185
f 4178/4178/4178 4185/4185/4185 4186/4186/4186
f 4178/4178/4178 4186/4186/4186 4187/4187/4187
f 4178/4178/4178 4187/4187/4187 4188/4188/4188
f 4178/4178/4178 4188/4188/4188 4189/4189/4189
f 4178/4178/4178 4189/4189/4189 4190/4190/4190
f 4178/4178/4178 4190/4190/4190 4191/4191/4191
f 4178/4178/4178 4191/4191/4191 4192/4192/4192
f 4178/4178/4178 4192/4192/4192 4193/4193/4193
f 4178/4178/4178 4193/4193/4193 4194/4194/4194
f 4178/4178/4178 4194/4194/4194 4195/4195/4195
f 4178/4178/4178 4195/4195/4195 4196/4196/4196
v -2.310000 1.200000 0.495000
v -1.690000 1.200000 0.495000
v -1.690000 1.200000 0.525000
v -2.310000 1.200000 0.525000
vt -2.310000 1.695000
vt -1.690000 1.695000
vt -1.690000 1.725000
vt -2.310000 1.725000
vn 0.000000 -1.000000 0.000000
vn 0.000000 -1.000000 0.000000
vn 0.000000 -1.000000 0.000000
vn 0.000000 -1.000000 0.000000
f 4197/4197/4197 4198/4198/4198 4199/4199/4199
f 4197/4197/4197 4199/4199/4199 4200/4200/4200
v -1.690000 1.200000 0.495000
v -1.690000 2.350000 0.495000
v -1.690000 2.350000 0.525000
v -1.690000 1.200000 0.525000
vt -1.690000 1.695000
vt -1.690000 2.845000
vt -1.690000 2.875000
vt -1.690000 1.725000
vn 1.000000 0.000000 0.000000
vn 1.000000 0.000000 0.000000
vn 1.000000 0.000000 0.000000
vn 1.000000 0.000000 0.000000
f 4201/4201/4201 4202/4202/4202 4203/4203/4203
f 4201/4201/4201 4203/4203/4203 4204/4204/4204
v -1.690000 2.350000 0.495000
v -1.695957 2.410478 0.495000
v -1.695957 2.410478 0.525000
v -1.690000 2.350000 0.525000
vt -1.690000 2.845000
vt -1.695957 2.905478
vt -1.695957 2.935478
vt -1.690000 2.875000
vn 0.995185 0.098017 0.000000
vn 0.995185 0.098017 0.000000
vn 0.995185 0.098017 0.000000
vn 0.995185 0.098017 0.000000
f 4205/4205/4205 4206/4206/4206 4207/4207/4207
f 4205/4205/4205 4207/4207/4207 4208/4208/4208
v -1.695957 2.410478 0.495000
v -1.713597 2.468632 0.495000
v -1.713597 2.468632 0.525000
v -1.695957 2.410478 0.525000
vt -1.695957 2.905478
vt -1.713597 2.963632
vt -1.713597 2.993632
vt -1.695957 2.935478
vn 0.956940 0.290285 0.000000
vn 0.956940 0.290285 0.000000
vn 0.956940 0.290285 0.000000
vn 0.956940 0.290285 0.000000
f 4209/4209/4209 4210/4210/4210 4211/4211/4211
f 4209/4209/4209 4211/4211/4211 4212/4212/4212
v -1.713597 2.468632 0.495000
v -1.742244 2.522227 0.495000
v -1.742244 2.522227 0.525000
v -1.713597 2.468632 0.525000
vt -1.713597 2.963632
vt -1.742244 3.017227
vt -1.742244 3.047227
vt -1.713597 2.993632
vn 0.881921 0.471397 0.000000
vn 0.881921 0.471397 0.000000
vn 0.881921 0.471397 0.000000
vn 0.881921 0.471397 0.000000
f 4213/4213/4213 4214/4214/4214 4215/4215/4215
f 4213/4213/4213 4215/4215/4215 4216/4216/4216
v -1.742244 2.522227 0.495000
v -1.780797 2.569203 0.495000
v -1.780797 2.569203 0.525000
v -1.742244 2.522227 0.525000
vt -1.742244 3.017227
vt -1.780797 3.064203
vt -1.780797 3.094203
vt -1.742244 3.047227
vn 0.773010 0.634393 0.000000
vn 0.773010 0.634393 0.000000
vn 0.773010 0.634393 0.000000
vn 0.773010 0.634393 0.000000
f 4217/4217/4217 4218/4218/4218 4219/4219/4219
f 4217/4217/4217 4219/4219/4219 4220/4220/4220
v -1.780797 2.569203 0.495000
v -1.827773 2.607756 0.495000
v -1.827773 2.607756 0.525000
v -1.780797 2.569203 0.525000
vt -1.780797 3.064203
vt -1.827773 3.102756
vt -1.827773 3.132756
vt -1.780797 3.094203
vn 0.634393 0.773010 0.000000
vn 0.634393 0.773010 0.000000
vn 0.634393 0.773010 0.000000
vn 0.634393 0.773010 0.000000
f 4221/4221/4221 4222/4222/4222 4223/4223/4223
f 4221/4221/4221 4223/4223/4223 4224/4224/4224
v -1.827773 2.607756 0.495000
v -1.881368 2.636403 0.495000
v -1.881368 2.636403 0.525000
v -1.827773 2.607756 0.525000
vt -1.827773 3.102756
vt -1.881368 3.131403
vt -1.881368 3.161403
vt -1.827773 3.132756
vn 0.471397 0.881921 0.000000
vn 0.471397 0.881921 0.000000
vn 0.471397 0.881921 0.000000
vn 0.471397 0.881921 0.000000
f 4225/4225/4225 4226/4226/4226 4227/4227/4227
f 4225/4225/4225 4227/4227/4227 4228/4228/4228
v -1.881368 2.636403 0.495000
v -1.939522 2.654043 0.495000
v -1.939522 2.654043 0.525000
v -1.881368 2.636403 0.525000
vt -1.881368 3.131403
vt -1.939522 3.149043
vt -1.939522 3.179043
vt -1.881368 3.161403
vn 0.290285 0.956940 0.000000
vn 0.290285 0.956940 0.000000
vn 0.290285 0.956940 0.000000
vn 0.290285 0.956940 0.000000
f 4229/4229/4229 4230/4230/4230 4231/4231/4231
f 4229/4229/4229 4231/4231/4231 4232/4232/4232
v -1.939522 2.654043 0.495000
v -2.000000 2.660000 0.495000
v -2.000000 2.660000 0.525000
v -1.939522 2.654043 0.525000
vt -1.939522 3.149043
vt -2.000000 3.155000
vt -2.000000 3.185000
vt -1.939522 3.179043
vn 0.098017 0.995185 0.000000
vn 0.098017 0.995185 0.000000
vn 0.098017 0.995185 0.000000
vn 0.098017 0.995185 0.000000
f 4233/4233/4233 4234/4234/4234 4235/4235/4235
f 4233/4233/4233 4235/4235/4235 4236/4236/4236
v -2.000000 2.660000 0.495000
v -2.060478 2.654043 0.495000
v -2.060478 2.654043 0.525000
v -2.000000 2.660000 0.525000
vt -2.000000 3.155000
vt -2.060478 3.149043
vt -2.060478 3.179043
vt -2.000000 3.185000
vn -0.098017 0.995185 0.000000
vn -0.098017 0.995185 0.000000
vn -0.098017 0.995185 0.000000
vn -0.098017 0.995185 0.000000
f 4237/4237/4237 4238/4238/4238 4239/4239/4239
f 4237/4237/4237 4239/4239/4239 4240/4240/4240
v -2.060478 2.654043 0.495000
v -2.118632 2.636403 0.495000
v -2.118632 2.636403 0.525000
v -2.060478 2.654043 0.525000
vt -2.060478 3.149043
vt -2.118632 3.131403
vt -2.118632 3.161403
vt -2.060478 3.179043
vn -0.290285 0.956940 0.000000
vn -0.290285 0.956940 0.000000
vn -0.290285 0.956940 0.000000
vn -0.290285 0.956940 0.000000
f 4241/4241/4241 4242/4242/4242 4243/4243/4243
f 4241/4241/4241 4243/4243/4243 4244/4244/4244
v -2.118632 2.636403 0.495000
v -2.172227 2.607756 0.495000
v -2.172227 2.607756 0.525000
v -2.118632 2.636403 0.525000
vt -2.118632 3.131403
vt -2.172227 3.102756
vt -2.172227 3.132756
vt -2.118632 3.161403
vn -0.471397 0.881921 0.000000
vn -0.471397 0.881921 0.000000
vn -0.471397 0.881921 0.000000
vn -0.471397 0.881921 0.000000
f 4245/4245/4245 4246/4246/4246 4247/4247/4247
f 4245/4245/4245 4247/4247/4247 4248/4248/4248
v -2.172227 2.607756 0.495000
v -2.219203 2.569203 0.495000
v -2.219203 2.569203 0.525000
v -2.172227 2.607756 0.525000
vt -2.172227 3.102756
vt -2.219203 3.064203
vt -2.219203 3.094203
vt -2.172227 3.132756
vn -0.634393 0.773010 0.000000
vn -0.634393 0.773010 0.000000
vn -0.634393 0.773010 0.000000
vn -0.634393 0.773010 0.000000
f 4249/4249/4249 4250/4250/4250 4251/4251/4251
f 4249/4249/4249 4251/4251/4251 4252/4252/4252
v -2.219203 2.569203 0.495000
v -2.257756 2.522227 0.495000
v -2.257756 2.522227 0.525000
v -2.219203 2.569203 0.525000
vt -2.219203 3.064203
vt -2.257756 3.017227
vt -2.257756 3.047227
vt -2.219203 3.094203
vn -0.773010 0.634393 0.000000
vn -0.773010 0.634393 0.000000
vn -0.773010 0.634393 0.000000
vn -0.773010 0.634393 0.000000
f 4253/4253/4253 4254/4254/4254 4255/4255/4255
f 4253/4253/4253 4255/4255/4255 4256/4256/4256
v -2.257756 2.522227 0.495000
v -2.286403 2.468632 0.495000
v -2.286403 2.468632 0.525000
v -2.257756 2.522227 0.525000
vt -2.257756 3.017227
vt -2.286403 2.963632
vt -2.286403 2.993632
vt -2.257756 3.047227
vn -0.881921 0.471397 0.000000
vn -0.881921 0.471397 0.000000
vn -0.881921 0.471397 0.000000
vn -0.881921 0.471397 0.000000
f 4257/4257/4257 4258/4258/4258 4259/4259/4259
f 4257/4257/4257 4259/4259/4259 4260/4260/4260
v -2.286403 2.468632 0.495000
v -2.304043 2.410478 0.495000
v -2.304043 2.410478 0.525000
v -2.286403 2.468632 0.525000
vt -2.286403 2.963632
vt -2.304043 2.905478
vt -2.304043 2.935478
vt -2.286403 2.993632
vn -0.956940 0.290285 0.000000
vn -0.956940 0.290285 0.000000
vn -0.956940 0.290285 0.000000
vn -0.956940 0.290285 0.000000
f 4261/4261/4261 4262/4262/4262 4263/4263/4263
f 4261/4261/4261 4263/4263/4263 4264/4264/4264
v -2.304043 2.410478 0.495000
v -2.310000 2.350000 0.495000
v -2.310000 2.350000 0.525000
v -2.304043 2.410478 0.525000
vt -2.304043 2.905478
vt -2.310000 2.845000
vt -2.310000 2.875000
vt -2.304043 2.935478
vn -0.995185 0.098017 0.000000
vn -0.995185 0.098017 0.000000
vn -0.995185 0.098017 0.000000
vn -0.995185 0.098017 0.000000
f 4265/4265/4265 4266/4266/4266 4267/4267/4267
f 4265/4265/4265 4267/4267/4267 4268/4268/4268
v -2.310000 2.350000 0.495000
v -2.310000 1.200000 0.495000
v -2.310000 1.200000 0.525000
v -2.310000 2.350000 0.525000
vt -2.310000 2.845000
vt -2.310000 1.695000
vt -2.310000 1.725000
vt -2.310000 2.875000
vn -1.000000 0.000000 0.000000
vn -1.000000 0.000000 0.000000
vn -1.000000 0.000000 0.000000
vn -1.000000 0.000000 0.000000
f 4269/4269/4269 4270/4270/4270 4271/4271/4271
f 4269/4269/4269 4271/4271/4271 4272/4272/4272
v 1.690000 1.200000 0.525000
v 2.310000 1.200000 0.525000
v 2.310000 2.350000 0.525000
v 2.304043 2.410478 0.525000
v 2.286403 2.468632 0.525000
v 2.257756 2.522227 0.525000
v 2.219203 2.569203 0.525000
v 2.172227 2.607756 0.525000
v 2.118632 2.636403 0.525000
v 2.060478 2.654043 0.525000
v 2.000000 2.660000 0.525000
v 1.939522 2.654043 0.525000
v 1.881368 2.636403 0.525000
v 1.827773 2.607756 0.525000
v 1.780797 2.569203 0.525000
v 1.742244 2.522227 0.525000
v 1.713597 2.468632 0.525000
v 1.695957 2.410478 0.525000
v 1.690000 2.350000 0.525000
vt 1.690000 1.725000
vt 2.310000 1.725000
vt 2.310000 2.875000
vt 2.304043 2.935478
vt 2.286403 2.993632
vt 2.257756 3.047227
vt 2.219203 3.094203
vt 2.172227 3.132756
vt 2.118632 3.161403
vt 2.060478 3.179043
vt 2.000000 3.185000
vt 1.939522 3.179043
vt 1.881368 3.161403
vt 1.827773 3.132756
vt 1.780797 3.094203
vt 1.742244 3.047227
vt 1.713597 2.993632
vt 1.695957 2.935478
vt 1.690000 2.875000
vn 0.000000 0.000000 1.000000
vn 0.000000 0.000000 1.000000
vn 0.000000 0.000000 1.000000
vn 0.000000 0.000000 1.000000
vn 0.000000 0.000000 1.000000
vn 0.000000 0.000000 1.000000
vn 0.000000 0.000000 1.000000
vn 0.000000 0.000000 1.000000
vn 0.000000 0.000000 1.000000
vn 0.000000 0.000000 1.000000
vn 0.000000 0.000000 1.000000
vn 0.000000 0.000000 1.000000
vn 0.000000 0.000000 1.000000
vn 0.000000 0.000000 1.000000
vn 0.000000 0.000000 1.000000
vn 0.000000 0.000000 1.000000
vn 0.000000 0.000000 1.000000
vn 0.000000 0.000000 1.000000
vn 0.000000 0.000000 1.000000
f 4273/4273/4273 4274/4274/4274 4275/4275/4275
f 4273/4273/4273 4275/4275/4275 4276/4276/4276
f 4273/4273/4273 4276/4276/4276 4277/4277/4277
f 4273/4273/4273 4277/4277/4277 4278/4278/4278
f 4273/4273/4273 4278/4278/4278 4279/4279/4279
f 4273/4273/4273 4279/4279/4279 4280/4280/4280
f 4273/4273/4273 4280/4280/4280 4281/4281/4281
f 4273/4273/4273 4281/4281/4281 4282/4282/4282
f 4273/4273/4273 4282/4282/4282 4283/4283/4283
f 4273/4273/4273 4283/4283/4283 4284/4284/4284
f 4273/4273/4273 4284/4284/4284 4285/4285/4285
f 4273/4273/4273 4285/4285/4285 4286/4286/4286
f 4273/4273/4273 4286/4286/4286 4287/4287/4287
f 4273/4273/4273 4287/4287/4287 4288/4288/4288
f 4273/4273/4273 4288/4288/4288 4289/4289/4289
f 4273/4273/4273 4289/4289/4289 4290/4290/4290
f 4273/4273/4273 4290/4290/4290 4291/4291/4291
v 1.690000 2.350000 0.495000
v 1.695957 2.410478 0.495000
v 1.713597 2.468632 0.495000
v 1.742244 2.522227 0.495000
v 1.780797 2.569203 0.495000
v 1.827773 2.607756 0.495000
v 1.881368 2.636403 0.495000
v 1.939522 2.654043 0.495000
v 2.000000 2.660000 0.495000
v 2.060478 2.654043 0.495000
v 2.118632 2.636403 0.495000
v 2.172227 2.607756 0.495000
v 2.219203 2.569203 0.495000
v 2.257756 2.522227 0.495000
v 2.286403 2.468632 0.495000
v 2.304043 2.410478 0.495000
v 2.310000 2.350000 0.495000
v 2.310000 1.200000 0.495000
v 1.690000 1.200000 0.495000
vt 1.690000 2.845000
vt 1.695957 2.905478
vt 1.713597 2.963632
vt 1.742244 3.017227
vt 1.780797 3.064203
vt 1.827773 3.102756
vt 1.881368 3.131403
vt 1.939522 3.149043
vt 2.000000 3.155000
vt 2.060478 3.149043
vt 2.118632 3.131403
vt 2.172227 3.102756
vt 2.219203 3.064203
vt 2.257756 3.017227
vt 2.286403 2.963632
vt 2.304043 2.905478
vt 2.310000 2.845000
vt 2.310000 1.695000
vt 1.690000 1.695000
vn 0.000000 0.000000 -1.000000
vn 0.000000 0.000000 -1.000000
vn 0.000000 0.000000 -1.000000
vn 0.000000 0.000000 -1.000000
vn 0.000000 0.000000 -1.000000
vn 0.000000 0.000000 -1.000000
vn 0.000000 0.000000 -1.000000
vn 0.000000 0.000000 -1.000000
vn 0.000000 0.000000 -1.000000
vn 0.000000 0.000000 -1.000000
vn 0.000000 0.000000 -1.000000
vn 0.000000 0.000000 -1.000000
vn 0.000000 0.000000 -1.000000
vn 0.000000 0.000000 -1.000000
vn 0.000000 0.000000 -1.000000
vn 0.000000 0.000000 -1.000000
vn 0.000000 0.000000 -1.000000
vn 0.000000 0.000000 -1.000000
vn 0.000000 0.000000 -1.000000
f 4292/4292/4292 4293/4293/4293 4294/4294/4294
f 4292/4292/4292 4294/4294/4294 4295/4295/4295
f 4292/4292/4292 4295/4295/4295 4296/4296/4296
f 4292/4292/4292 4296/4296/4296 4297/4297/4297
f 4292/4292/4292 4297/4297/4297 4298/4298/4298
f 4292/4292/4292 4298/4298/4298 4299/4299/4299
f 4292/4292/4292 4299/4299/4299 4300/4300/4300
f 4292/4292/4292 4300/4300/4300 4301/4301/4301
f 4292/4292/4292 4301/4301/4301 4302/4302/4302
f 4292/4292/4292 4302/4302/4302 4303/4303/4303
f 4292/4292/4292 4303/4303/4303 4304/4304/4304
f 4292/4292/4292 4304/4304/4304 4305/4305/4305
f 4292/4292/4292 4305/4305/4305 4306/4306/4306
f 4292/4292/4292 4306/4306/4306 4307/4307/4307
f 4292/4292/4292 4307/4307/4307 4308/4308/4308
f 4292/4292/4292 4308/4308/4308 4309/4309/4309
f 4292/4292/4292 4309/4309/4309 4310/4310/4310
v 1.690000 1.200000 0.495000
v 2.310000 1.200000 0.495000
v 2.310000 1.200000 0.525000
v 1.690000 1.200000 0.525000
vt 1.690000 1.695000
vt 2.310000 1.695000
vt 2.310000 1.725000
vt 1.690000 1.725000
vn 0.000000 -1.000000 0.000000
vn 0.000000 -1.000000 0.000000
vn 0.000000 -1.000000 0.000000
vn 0.000000 -1.000000 0.000000
f 4311/4311/4311 4312/4312/4312 4313/4313/4313
f 4311/4311/4311 4313/4313/4313 4314/4314/4314
v 2.310000 1.200000 0.495000
v 2.310000 2.350000 0.495000
v 2.310000 2.350000 0.525000
v 2.310000 1.200000 0.525000
vt 2.310000 1.695000
vt 2.310000 2.845000
vt 2.310000 2.875000
vt 2.310000 1.725000
vn 1.000000 0.000000 0.000000
vn 1.000000 0.000000 0.000000
vn 1.000000 0.000000 0.000000
vn 1.000000 0.000000 0.000000
f 4315/4315/4315 4316/4316/4316 4317/4317/4317
f 4315/4315/4315 4317/4317/4317 4318/4318/4318
v 2.310000 2.350000 0.495000
v 2.304043 2.410478 0.495000
v 2.304043 2.410478 0.525000
v 2.310000 2.350000 0.525000
vt 2.310000 2.845000
vt 2.304043 2.905478
vt 2.304043 2.935478
vt 2.310000 2.875000
vn 0.995185 0.098017 0.000000
vn 0.995185 0.098017 0.000000
vn 0.995185 0.098017 0.000000
vn 0.995185 0.098017 0.000000
f 4319/4319/4319 4320/4320/4320 4321/4321/4321
f 4319/4319/4319 4321/4321/4321 4322/4322/4322
v 2.304043 2.410478 0.495000
v 2.286403 2.468632 0.495000
v 2.286403 2.468632 0.525000
v 2.304043 2.410478 0.525000
vt 2.304043 2.905478
vt 2.286403 2.963632
vt 2.286403 2.993632
vt 2.304043 2.935478
vn 0.956940 0.290285 0.000000
vn 0.956940 0.290285 0.000000
vn 0.956940 0.290285 0.000000
vn 0.956940 0.290285 0.000000
f 4323/4323/4323 4324/4324/4324 4325/4325/4325
f 4323/4323/4323 4325/4325/4325 4326/4326/4326
v 2.286403 2.468632 0.495000
v 2.257756 2.522227 0.495000
v 2.257756 2.522227 0.525000
v 2.286403 2.468632 0.525000
vt 2.286403 2.963632
vt 2.257756 3.017227
vt 2.257756 3.047227
vt 2.286403 2.993632
vn 0.881921 0.471397 0.000000
vn 0.881921 0.471397 0.000000
vn 0.881921 0.471397 0.000000
vn 0.881921 0.471397 0.000000
f 4327/4327/4327 4328/4328/4328 4329/4329/4329
f 4327/4327/4327 4329/4329/4329 4330/4330/4330
v 2.257756 2.522227 0.495000
v 2.219203 2.569203 0.495000
v 2.219203 2.569203 0.525000
v 2.257756 2.522227 0.525000
vt 2.257756 3.017227
vt 2.219203 3.064203
vt 2.219203 3.094203
vt 2.257756 3.047227
vn 0.773010 0.634393 0.000000
vn 0.773010 0.634393 0.000000
vn 0.773010 0.634393 0.000000
vn 0.773010 0.634393 0.000000
f 4331/4331/4331 4332/4332/4332 4333/4333/4333
f 4331/4331/4331 4333/4333/4333 4334/4334/4334
v 2.219203 2.569203 0.495000
v 2.172227 2.607756 0.495000
v 2.172227 2.607756 0.525000
v 2.219203 2.569203 0.525000
vt 2.219203 3.064203
vt 2.172227 3.102756
vt 2.172227 3.132756
vt 2.219203 3.094203
vn 0.634393 0.773010 0.000000
vn 0.634393 0.773010 0.000000
vn 0.634393 0.773010 0.000000
vn 0.634393 0.773010 0.000000
f 4335/4335/4335 4336/4336/4336 4337/4337/4337
f 4335/4335/4335 4337/4337/4337 4338/4338/4338
v 2.172227 2.607756 0.495000
v 2.118632 2.636403 0.495000
v 2.118632 2.636403 0.525000
v 2.172227 2.607756 0.525000
vt 2.172227 3.102756
vt 2.118632 3.131403
vt 2.118632 3.161403
vt 2.172227 3.132756
vn 0.471397 0.881921 0.000000
vn 0.471397 0.881921 0.000000
vn 0.471397 0.881921 0.000000
vn 0.471397 0.881921 0.000000
f 4339/4339/4339 4340/4340/4340 4341/4341/4341
f 4339/4339/4339 4341/4341/4341 4342/4342/4342
v 2.118632 2.636403 0.495000
v 2.060478 2.654043 0.495000
v 2.060478 2.654043 0.525000
v 2.118632 2.636403 0.525000
vt 2.118632 3.131403
vt 2.060478 3.149043
vt 2.060478 3.179043
vt 2.118632 3.161403
vn 0.290285 0.956940 0.000000
vn 0.290285 0.956940 0.000000
vn 0.290285 0.956940 0.000000
vn 0.290285 0.956940 0.000000
f 4343/4343/4343 4344/4344/4344 4345/4345/4345
f 4343/4343/4343 4345/4345/4345 4346/4346/4346
v 2.060478 2.654043 0.495000
v 2.000000 2.660000 0.495000
v 2.000000 2.660000 0.525000
v 2.060478 2.654043 0.525000
vt 2.060478 3.149043
vt 2.000000 3.155000
vt 2.000000 3.185000
vt 2.060478 3.179043
vn 0.098017 0.995185 0.000000
vn 0.098017 0.995185 0.000000
vn 0.098017 0.995185 0.000000
vn 0.098017 0.995185 0.000000
f 4347/4347/4347 4348/4348/4348 4349/4349/4349
f 4347/4347/4347 4349/4349/4349 4350/4350/4350
v 2.000000 2.660000 0.495000
v 1.939522 2.654043 0.495000
v 1.939522 2.654043 0.525000
v 2.000000 2.660000 0.525000
vt 2.000000 3.155000
vt 1.939522 3.149043
vt 1.939522 3.179043
vt 2.000000 3.185000
vn -0.098017 0.995185 0.000000
vn -0.098017 0.995185 0.000000
vn -0.098017 0.995185 0.000000
vn -0.098017 0.995185 0.000000
f 4351/4351/4351 4352/4352/4352 4353/4353/4353
f 4351/4351/4351 4353/4353/4353 4354/4354/4354
v 1.939522 2.654043 0.495000
v 1.881368 2.636403 0.495000
v 1.881368 2.636403 0.525000
v 1.939522 2.654043 0.525000
vt 1.939522 3.149043
vt 1.881368 3.131403
vt 1.881368 3.161403
vt 1.939522 3.179043
vn -0.290285 0.956940 0.000000
vn -0.290285 0.956940 0.000000
vn -0.290285 0.956940 0.000000
vn -0.290285 0.956940 0.000000
f 4355/4355/4355 4356/4356/4356 4357/4357/4357
f 4355/4355/4355 4357/4357/4357 4358/4358/4358
v 1.881368 2.636403 0.495000
v 1.827773 2.607756 0.495000
v 1.827773 2.607756 0.525000
v 1.881368 2.636403 0.525000
vt 1.881368 3.131403
vt 1.827773 3.102756
vt 1.827773 3.132756
vt 1.881368 3.161403
vn -0.471397 0.881921 0.000000
vn -0.471397 0.881921 0.000000
vn -0.471397 0.881921 0.000000
vn -0.471397 0.881921 0.000000
f 4359/4359/4359 4360/4360/4360 4361/4361/4361
f 4359/4359/4359 4361/4361/4361 4362/4362/4362
v 1.827773 2.607756 0.495000
v 1.780797 2.569203 0.495000
v 1.780797 2.569203 0.525000
v 1.827773 2.607756 0.525000
vt 1.827773 3.102756
vt 1.780797 3.064203
vt 1.780797 3.094203
vt 1.827773 3.132756
vn -0.634393 0.773010 0.000000
vn -0.634393 0.773010 0.000000
vn -0.634393 0.773010 0.000000
vn -0.634393 0.773010 0.000000
f 4363/4363/4363 4364/4364/4364 4365/4365/4365
f 4363/4363/4363 4365/4365/4365 4366/4366/4366
v 1.780797 2.569203 0.495000
v 1.742244 2.522227 0.495000
v 1.742244 2.522227 0.525000
v 1.780797 2.569203 0.525000
vt 1.780797 3.064203
vt 1.742244 3.017227
vt 1.742244 3.047227
vt 1.780797 3.094203
vn -0.773010 0.634393 0.000000
vn -0.773010 0.634393 0.000000
vn -0.773010 0.634393 0.000000
vn -0.773010 0.634393 0.000000
f 4367/4367/4367 4368/4368/4368 4369/4369/4369
f 4367/4367/4367 4369/4369/4369 4370/4370/4370
v 1.742244 2.522227 0.495000
v 1.713597 2.468632 0.495000
v 1.713597 2.468632 0.525000
v 1.742244 2.522227 0.525000
vt 1.742244 3.017227
vt 1.713597 2.963632
vt 1.713597 2.993632
vt 1.742244 3.047227
vn -0.881921 0.471397 0.000000
vn -0.881921 0.471397 0.000000
vn -0.881921 0.471397 0.000000
vn -0.881921 0.471397 0.000000
f 4371/4371/4371 4372/4372/4372 4373/4373/4373
f 4371/4371/4371 4373/4373/4373 4374/4374/4374
v 1.713597 2.468632 0.495000
v 1.695957 2.410478 0.495000
v 1.695957 2.410478 0.525000
v 1.713597 2.468632 0.525000
vt 1.713597 2.963632
vt 1.695957 2.905478
vt 1.695957 2.935478
vt 1.713597 2.993632
vn -0.956940 0.290285 0.000000
vn -0.956940 0.290285 0.000000
vn -0.956940 0.290285 0.000000
vn -0.956940 0.290285 0.000000
f 4375/4375/4375 4376/4376/4376 4377/4377/4377
f 4375/4375/4375 4377/4377/4377 4378/4378/4378
v 1.695957 2.410478 0.495000
v 1.690000 2.350000 0.495000
v 1.690000 2.350000 0.525000
v 1.695957 2.410478 0.525000
vt 1.695957 2.905478
vt 1.690000 2.845000
vt 1.690000 2.875000
vt 1.695957 2.935478
vn -0.995185 0.098017 0.000000
vn -0.995185 0.098017 0.000000
vn -0.995185 0.098017 0.000000
vn -0.995185 0.098017 0.000000
f 4379/4379/4379 4380/4380/4380 4381/4381/4381
f 4379/4379/4379 4381/4381/4381 4382/4382/4382
v 1.690000 2.350000 0.495000
v 1.690000 1.200000 0.495000
v 1.690000 1.200000 0.525000
v 1.690000 2.350000 0.525000
vt 1.690000 2.845000
vt 1.690000 1.695000
vt 1.690000 1.725000
vt 1.690000 2.875000
vn -1.000000 0.000000 0.000000
vn -1.000000 0.000000 0.000000
vn -1.000000 0.000000 0.000000
vn -1.000000 0.000000 0.000000
f 4383/4383/4383 4384/4384/4384 4385/4385/4385
f 4383/4383/4383 4385/4385/4385 4386/4386/4386
v -0.460000 4.460000 0.525000
v 0.460000 4.460000 0.525000
v 0.460000 5.040000 0.525000
v 0.451161 5.129742 0.525000
v 0.424985 5.216034 0.525000
v 0.382476 5.295562 0.525000
v 0.325269 5.365269 0.525000
v 0.255562 5.422476 0.525000
v 0.176034 5.464985 0.525000
v 0.089742 5.491161 0.525000
v 0.000000 5.500000 0.525000
v -0.089742 5.491161 0.525000
v -0.176034 5.464985 0.525000
v -0.255562 5.422476 0.525000
v -0.325269 5.365269 0.525000
v -0.382476 5.295562 0.525000
v -0.424985 5.216034 0.525000
v -0.451161 5.129742 0.525000
v -0.460000 5.040000 0.525000
vt -0.460000 4.985000
vt 0.460000 4.985000
vt 0.460000 5.565000
vt 0.451161 5.654742
vt 0.424985 5.741034
vt 0.382476 5.820562
vt 0.325269 5.890269
vt 0.255562 5.947476
vt 0.176034 5.989985
vt 0.089742 6.016161
vt 0.000000 6.025000
vt -0.089742 6.016161
vt -0.176034 5.989985
vt -0.255562 5.947476
vt -0.325269 5.890269
vt -0.382476 5.820562
vt -0.424985 5.741034
vt -0.451161 5.654742
vt -0.460000 5.565000
vn 0.000000 0.000000 1.000000
vn 0.000000 0.000000 1.000000
vn 0.000000 0.000000 1.000000
vn 0.000000 0.000000 1.000000
vn 0.000000 0.000000 1.000000
vn 0.000000 0.000000 1.000000
vn 0.000000 0.000000 1.000000
vn 0.000000 0.000000 1.000000
vn 0.000000 0.000000 1.000000
vn 0.000000 0.000000 1.000000
vn 0.000000 0.000000 1.000000
vn 0.000000 0.000000 1.000000
vn 0.000000 0.000000 1.000000
vn 0.000000 0.000000 1.000000
vn 0.000000 0.000000 1.000000
vn 0.000000 0.000000 1.000000
vn 0.000000 0.000000 1.000000
vn 0.000000 0.000000 1.000000
vn 0.000000 0.000000 1.000000
f 4387/4387/4387 4388/4388/4388 4389/4389/4389
f 4387/4387/4387 4389/4389/4389 4390/4390/4390
f 4387/4387/4387 4390/4390/4390 4391/4391/4391
f 4387/4387/4387 4391/4391/4391 4392/4392/4392
f 4387/4387/4387 4392/4392/4392 4393/4393/4393
f 4387/4387/4387 4393/4393/4393 4394/4394/4394
f 4387/4387/4387 4394/4394/4394 4395/4395/4395
f 4387/4387/4387 4395/4395/4395 4396/4396/4396
f 4387/4387/4387 4396/4396/4396 4397/4397/4397
f 4387/4387/4387 4397/4397/4397 4398/4398/4398
f 4387/4387/4387 4398/4398/4398 4399/4399/4399
f 4387/4387/4387 4399/4399/4399 4400/4400/4400
f 4387/4387/4387 4400/4400/4400 4401/4401/4401
f 4387/4387/4387 4401/4401/4401 4402/4402/4402
f 4387/4387/4387 4402/4402/4402 4403/4403/4403
f 4387/4387/4387 4403/4403/4403 4404/4404/4404
f 4387/4387/4387 4404/4404/4404 4405/4405/4405
v -0.460000 5.040000 0.500000
v -0.451161 5.129742 0.500000
v -0.424985 5.216034 0.500000
v -0.382476 5.295562 0.500000
v -0.325269 5.365269 0.500000
v -0.255562 5.422476 0.500000
v -0.176034 5.464985 0.500000
v -0.089742 5.491161 0.500000
v 0.000000 5.500000 0.500000
v 0.089742 5.491161 0.500000
v 0.176034 5.464985 0.500000
v 0.255562 5.422476 0.500000
v 0.325269 5.365269 0.500000
v 0.382476 5.295562 0.500000
v 0.424985 5.216034 0.500000
v 0.451161 5.129742 0.500000
v 0.460000 5.040000 0.500000
v 0.460000 4.460000 0.500000
v -0.460000 4.460000 0.500000
vt -0.460000 5.540000
vt -0.451161 5.629742
vt -0.424985 5.716034
vt -0.382476 5.795562
vt -0.325269 5.865269
vt -0.255562 5.922476
vt -0.176034 5.964985
vt -0.089742 5.991161
vt 0.000000 6.000000
vt 0.089742 5.991161
vt 0.176034 5.964985
vt 0.255562 5.922476
vt 0.325269 5.865269
vt 0.382476 5.795562
vt 0.424985 5.716034
vt 0.451161 5.629742
vt 0.460000 5.540000
vt 0.460000 4.960000
vt -0.460000 4.960000
vn 0.000000 0.000000 -1.000000
vn 0.000000 0.000000 -1.000000
vn 0.000000 0.000000 -1.000000
vn 0.000000 0.000000 -1.000000
vn 0.000000 0.000000 -1.000000
vn 0.000000 0.000000 -1.000000
vn 0.000000 0.000000 -1.000000
vn 0.000000 0.000000 -1.000000
vn 0.000000 0.000000 -1.000000
vn 0.000000 0.000000 -1.000000
vn 0.000000 0.000000 -1.000000
vn 0.000000 0.000000 -1.000000
vn 0.000000 0.000000 -1.000000
vn 0.000000 0.000000 -1.000000
vn 0.000000 0.000000 -1.000000
vn 0.000000 0.000000 -1.000000
vn 0.000000 0.000000 -1.000000
vn 0.000000 0.000000 -1.000000
vn 0.000000 0.000000 -1.000000
f 4406/4406/4406 4407/4407/4407 4408/4408/4408
f 4406/4406/4406 4408/4408/4408 4409/4409/4409
f 4406/4406/4406 4409/4409/4409 4410/4410/4410
f 4406/4406/4406 4410/4410/4410 4411/4411/4411
f 4406/4406/4406 4411/4411/4411 4412/4412/4412
f 4406/4406/4406 4412/4412/4412 4413/4413/4413
f 4406/4406/4406 4413/4413/4413 4414/4414/4414
f 4406/4406/4406 4414/4414/4414 4415/4415/4415
f 4406/4406/4406 4415/4415/4415 4416/4416/4416
f 4406/4406/4406 4416/4416/4416 4417/4417/4417
f 4406/4406/4406 4417/4417/4417 4418/4418/4418
f 4406/4406/4406 4418/4418/4418 4419/4419/4419
f 4406/4406/4406 4419/4419/4419 4420/4420/4420
f 4406/4406/4406 4420/4420/4420 4421/4421/4421
f 4406/4406/4406 4421/4421/4421 4422/4422/4422
f 4406/4406/4406 4422/4422/4422 4423/4423/4423
f 4406/4406/4406 4423/4423/4423 4424/4424/4424
v -0.460000 4.460000 0.500000
v 0.460000 4.460000 0.500000
v 0.460000 4.460000 0.525000
v -0.460000 4.460000 0.525000
vt -0.460000 4.960000
vt 0.460000 4.960000
vt 0.460000 4.985000
vt -0.460000 4.985000
vn 0.000000 -1.000000 0.000000
vn 0.000000 -1.000000 0.000000
vn 0.000000 -1.000000 0.000000
vn 0.000000 -1.000000 0.000000
f 4425/4425/4425 4426/4426/4426 4427/4427/4427
f 4425/4425/4425 4427/4427/4427 4428/4428/4428
v 0.460000 4.460000 0.500000
v 0.460000 5.040000 0.500000
v 0.460000 5.040000 0.525000
v 0.460000 4.460000 0.525000
vt 0.460000 4.960000
vt 0.460000 5.540000
vt 0.460000 5.565000
vt 0.460000 4.985000
vn 1.000000 0.000000 0.000000
vn 1.000000 0.000000 0.000000
vn 1.000000 0.000000 0.000000
vn 1.000000 0.000000 0.000000
f 4429/4429/4429 4430/4430/4430 4431/4431/4431
f 4429/4429/4429 4431/4431/4431 4432/4432/4432
v 0.460000 5.040000 0.500000
v 0.451161 5.129742 0.500000
v 0.451161 5.129742 0.525000
v 0.460000 5.040000 0.525000
vt 0.460000 5.540000
vt 0.451161 5.629742
vt 0.451161 5.654742
vt 0.460000 5.565000
vn 0.995185 0.098017 0.000000
vn 0.995185 0.098017 0.000000
vn 0.995185 0.098017 0.000000
vn 0.995185 0.098017 0.000000
f 4433/4433/4433 4434/4434/4434 4435/4435/4435
f 4433/4433/4433 4435/4435/4435 4436/4436/4436
v 0.451161 5.129742 0.500000
v 0.424985 5.216034 0.500000
v 0.424985 5.216034 0.525000
v 0.451161 5.129742 0.525000
vt 0.451161 5.629742
vt 0.424985 5.716034
vt 0.424985 5.741034
vt 0.451161 5.654742
vn 0.956940 0.290285 0.000000
vn 0.956940 0.290285 0.000000
vn 0.956940 0.290285 0.000000
vn 0.956940 0.290285 0.000000
f 4437/4437/4437 4438/4438/4438 4439/4439/4439
f 4437/4437/4437 4439/4439/4439 4440/4440/4440
v 0.424985 5.216034 0.500000
v 0.382476 5.295562 0.500000
v 0.382476 5.295562 0.525000
v 0.424985 5.216034 0.525000
vt 0.424985 5.716034
vt 0.382476 5.795562
vt 0.382476 5.820562
vt 0.424985 5.741034
vn 0.881921 0.471397 0.000000
vn 0.881921 0.471397 0.000000
vn 0.881921 0.471397 0.000000
vn 0.881921 0.471397 0.000000
f 4441/4441/4441 4442/4442/4442 4443/4443/4443
f 4441/4441/4441 4443/4443/4443 4444/4444/4444
v 0.382476 5.295562 0.500000
v 0.325269 5.365269 0.500000
v 0.325269 5.365269 0.525000
v 0.382476 5.295562 0.525000
vt 0.382476 5.795562
vt 0.325269 5.865269
vt 0.325269 5.890269
vt 0.382476 5.820562
vn 0.773010 0.634393 0.000000
vn 0.773010 0.634393 0.000000
vn 0.773010 0.634393 0.000000
vn 0.773010 0.634393 0.000000
f 4445/4445/4445 4446/4446/4446 4447/4447/4447
f 4445/4445/4445 4447/4447/4447 4448/4448/4448
v 0.325269 5.365269 0.500000
v 0.255562 5.422476 0.500000
v 0.255562 5.422476 0.525000
v 0.325269 5.365269 0.525000
vt 0.325269 5.865269
vt 0.255562 5.922476
vt 0.255562 5.947476
vt 0.325269 5.890269
vn 0.634393 0.773010 0.000000
vn 0.634393 0.773010 0.000000
vn 0.634393 0.773010 0.000000
vn 0.634393 0.773010 0.000000
f 4449/4449/4449 4450/4450/4450 4451/4451/4451
f 4449/4449/4449 4451/4451/4451 4452/4452/4452
v 0.255562 5.422476 0.500000
v 0.176034 5.464985 0.500000
v 0.176034 5.464985 0.525000
v 0.255562 5.422476 0.525000
vt 0.255562 5.922476
vt 0.176034 5.964985
vt 0.176034 5.989985
vt 0.255562 5.947476
vn 0.471397 0.881921 0.000000
vn 0.471397 0.881921 0.000000
vn 0.471397 0.881921 0.000000
vn 0.471397 0.881921 0.000000
f 4453/4453/4453 4454/4454/4454 4455/4455/4455
f 4453/4453/4453 4455/4455/4455 4456/4456/4456
v 0.176034 5.464985 0.500000
v 0.089742 5.491161 0.500000
v 0.089742 5.491161 0.525000
v 0.176034 5.464985 0.525000
vt 0.176034 5.964985
vt 0.089742 5.991161
vt 0.089742 6.016161
vt 0.176034 5.989985
vn 0.290285 0.956940 0.000000
vn 0.290285 0.956940 0.000000
vn 0.290285 0.956940 0.000000
vn 0.290285 0.956940 0.000000
f 4457/4457/4457 4458/4458/4458 4459/4459/4459
f 4457/4457/4457 4459/4459/4459 4460/4460/4460
v 0.089742 5.491161 0.500000
v 0.000000 5.500000 0.500000
v 0.000000 5.500000 0.525000
v 0.089742 5.491161 0.525000
vt 0.089742 5.991161
vt 0.000000 6.000000
vt 0.000000 6.025000
vt 0.089742 6.016161
vn 0.098017 0.995185 0.000000
vn 0.098017 0.995185 0.000000
vn 0.098017 0.995185 0.000000
vn 0.098017 0.995185 0.000000
f 4461/4461/4461 4462/4462/4462 4463/4463/4463
f 4461/4461/4461 4463/4463/4463 4464/4464/4464
v 0.000000 5.500000 0.500000
v -0.089742 5.491161 0.500000
v -0.089742 5.491161 0.525000
v 0.000000 5.500000 0.525000
vt 0.000000 6.000000
vt -0.089742 5.991161
vt -0.089742 6.016161
vt 0.000000 6.025000
vn -0.098017 0.995185 0.000000
vn -0.098017 0.995185 0.000000
vn -0.098017 0.995185 0.000000
vn -0.098017 0.995185 0.000000
f 4465/4465/4465 4466/4466/4466 4467/4467/4467
f 4465/4465/4465 4467/4467/4467 4468/4468/4468
v -0.089742 5.491161 0.500000
v -0.176034 5.464985 0.500000
v -0.176034 5.464985 0.525000
v -0.089742 5.491161 0.525000
vt -0.089742 5.991161
vt -0.176034 5.964985
vt -0.176034 5.989985
vt -0.089742 6.016161
vn -0.290285 0.956940 0.000000
vn -0.290285 0.956940 0.000000
vn -0.290285 0.956940 0.000000
vn -0.290285 0.956940 0.000000
f 4469/4469/4469 4470/4470/4470 4471/4471/4471
f 4469/4469/4469 4471/4471/4471 4472/4472/4472
v -0.176034 5.464985 0.500000
v -0.255562 5.422476 0.500000
v -0.255562 5.422476 0.525000
v -0.176034 5.464985 0.525000
vt -0.176034 5.964985
vt -0.255562 5.922476
vt -0.255562 5.947476
vt -0.176034 5.989985
vn -0.471397 0.881921 0.000000
vn -0.471397 0.881921 0.000000
vn -0.471397 0.881921 0.000000
vn -0.471397 0.881921 0.000000
f 4473/4473/4473 4474/4474/4474 4475/4475/4475
f 4473/4473/4473 4475/4475/4475 4476/4476/4476
v -0.255562 5.422476 0.500000
v -0.325269 5.365269 0.500000
v -0.325269 5.365269 0.525000
v -0.255562 5.422476 0.525000
vt -0.255562 5.922476
vt -0.325269 5.865269
vt -0.325269 5.890269
vt -0.255562 5.947476
vn -0.634393 0.773010 0.000000
vn -0.634393 0.773010 0.000000
vn -0.634393 0.773010 0.000000
vn -0.634393 0.773010 0.000000
f 4477/4477/4477 4478/4478/4478 4479/4479/4479
f 4477/4477/4477 4479/4479/4479 4480/4480/4480
v -0.325269 5.365269 0.500000
v -0.382476 5.295562 0.500000
v -0.382476 5.295562 0.525000
v -0.325269 5.365269 0.525000
vt -0.325269 5.865269
vt -0.382476 5.795562
vt -0.382476 5.820562
vt -0.325269 5.890269
vn -0.773010 0.634393 0.000000
vn -0.773010 0.634393 0.000000
vn -0.773010 0.634393 0.000000
vn -0.773010 0.634393 0.000000
f 4481/4481/4481 4482/4482/4482 4483/4483/4483
f 4481/4481/4481 4483/4483/4483 4484/4484/4484
v -0.382476 5.295562 0.500000
v -0.424985 5.216034 0.500000
v -0.424985 5.216034 0.525000
v -0.382476 5.295562 0.525000
vt -0.382476 5.795562
vt -0.424985 5.716034
vt -0.424985 5.741034
vt -0.382476 5.820562
vn -0.881921 0.471397 0.000000
vn -0.881921 0.471397 0.000000
vn -0.881921 0.471397 0.000000
vn -0.881921 0.471397 0.000000
f 4485/4485/4485 4486/4486/4486 4487/4487/4487
f 4485/4485/4485 4487/4487/4487 4488/4488/4488
v -0.424985 5.216034 0.500000
v -0.451161 5.129742 0.500000
v -0.451161 5.129742 0.525000
v -0.424985 5.216034 0.525000
vt -0.424985 5.716034
vt -0.451161 5.629742
vt -0.451161 5.654742
vt -0.424985 5.741034
vn -0.956940 0.290285 0.000000
vn -0.956940 0.290285 0.000000
vn -0.956940 0.290285 0.000000
vn -0.956940 0.290285 0.000000
f 4489/4489/4489 4490/4490/4490 4491/4491/4491
f 4489/4489/4489 4491/4491/4491 4492/4492/4492
v -0.451161 5.129742 0.500000
v -0.460000 5.040000 0.500000
v -0.460000 5.040000 0.525000
v -0.451161 5.129742 0.525000
vt -0.451161 5.629742
vt -0.460000 5.540000
vt -0.460000 5.565000
vt -0.451161 5.654742
vn -0.995185 0.098017 0.000000
vn -0.995185 0.098017 0.000000
vn -0.995185 0.098017 0.000000
vn -0.995185 0.098017 0.000000
f 4493/4493/4493 4494/4494/4494 4495/4495/4495
f 4493/4493/4493 4495/4495/4495 4496/4496/4496
v -0.460000 5.040000 0.500000
v -0.460000 4.460000 0.500000
v -0.460000 4.460000 0.525000
v -0.460000 5.040000 0.525000
vt -0.460000 5.540000
vt -0.460000 4.960000
vt -0.460000 4.985000
vt -0.460000 5.565000
vn -1.000000 0.000000 0.000000
vn -1.000000 0.000000 0.000000
vn -1.000000 0.000000 0.000000
vn -1.000000 0.000000 0.000000
f 4497/4497/4497 4498/4498/4498 4499/4499/4499
f 4497/4497/4497 4499/4499/4499 4500/4500/4500
v -0.220000 6.520000 0.580000
v 0.220000 6.520000 0.580000
v 0.220000 6.940000 0.580000
v 0.215773 6.982920 0.580000
v 0.203253 7.024190 0.580000
v 0.182923 7.062225 0.580000
v 0.155563 7.095563 0.580000
v 0.122225 7.122923 0.580000
v 0.084190 7.143253 0.580000
v 0.042920 7.155773 0.580000
v 0.000000 7.160000 0.580000
v -0.042920 7.155773 0.580000
v -0.084190 7.143253 0.580000
v -0.122225 7.122923 0.580000
v -0.155563 7.095563 0.580000
v -0.182923 7.062225 0.580000
v -0.203253 7.024190 0.580000
v -0.215773 6.982920 0.580000
v -0.220000 6.940000 0.580000
vt -0.220000 7.100000
vt 0.220000 7.100000
vt 0.220000 7.520000
vt 0.215773 7.562920
vt 0.203253 7.604190
vt 0.182923 7.642225
vt 0.155563 7.675563
vt 0.122225 7.702923
vt 0.084190 7.723253
vt 0.042920 7.735773
vt 0.000000 7.740000
vt -0.042920 7.735773
vt -0.084190 7.723253
vt -0.122225 7.702923
vt -0.155563 7.675563
vt -0.182923 7.642225
vt -0.203253 7.604190
vt -0.215773 7.562920
vt -0.220000 7.520000
vn 0.000000 0.000000 1.000000
vn 0.000000 0.000000 1.000000
vn 0.000000 0.000000 1.000000
vn 0.000000 0.000000 1.000000
vn 0.000000 0.000000 1.000000
vn 0.000000 0.000000 1.000000
vn 0.000000 0.000000 1.000000
vn 0.000000 0.000000 1.000000
vn 0.000000 0.000000 1.000000
vn 0.000000 0.000000 1.000000
vn 0.000000 0.000000 1.000000
vn 0.000000 0.000000 1.000000
vn 0.000000 0.000000 1.000000
vn 0.000000 0.000000 1.000000
vn 0.000000 0.000000 1.000000
vn 0.000000 0.000000 1.000000
vn 0.000000 0.000000 1.000000
vn 0.000000 0.000000 1.000000
vn 0.000000 0.000000 1.000000
f 4501/4501/4501 4502/4502/4502 4503/4503/4503
f 4501/4501/4501 4503/4503/4503 4504/4504/4504
f 4501/4501/4501 4504/4504/4504 4505/4505/4505
f 4501/4501/4501 4505/4505/4505 4506/4506/4506
f 4501/4501/4501 4506/4506/4506 4507/4507/4507
f 4501/4501/4501 4507/4507/4507 4508/4508/4508
f 4501/4501/4501 4508/4508/4508 4509/4509/4509
f 4501/4501/4501 4509/4509/4509 4510/4510/4510
f 4501/4501/4501 4510/4510/4510 4511/4511/4511
f 4501/4501/4501 4511/4511/4511 4512/4512/4512
f 4501/4501/4501 4512/4512/4512 4513/4513/4513
f 4501/4501/4501 4513/4513/4513 4514/4514/4514
f 4501/4501/4501 4514/4514/4514 4515/4515/4515
f 4501/4501/4501 4515/4515/4515 4516/4516/4516
f 4501/4501/4501 4516/4516/4516 4517/4517/4517
f 4501/4501/4501 4517/4517/4517 4518/4518/4518
f 4501/4501/4501 4518/4518/4518 4519/4519/4519
v -0.220000 6.940000 0.560000
v -0.215773 6.982920 0.560000
v -0.203253 7.024190 0.560000
v -0.182923 7.062225 0.560000
v -0.155563 7.095563 0.560000
v -0.122225 7.122923 0.560000
v -0.084190 7.143253 0.560000
v -0.042920 7.155773 0.560000
v 0.000000 7.160000 0.560000
v 0.042920 7.155773 0.560000
v 0.084190 7.143253 0.560000
v 0.122225 7.122923 0.560000
v 0.155563 7.095563 0.560000
v 0.182923 7.062225 0.560000
v 0.203253 7.024190 0.560000
v 0.215773 6.982920 0.560000
v 0.220000 6.940000 0.560000
v 0.220000 6.520000 0.560000
v -0.220000 6.520000 0.560000
vt -0.220000 7.500000
vt -0.215773 7.542920
vt -0.203253 7.584190
vt -0.182923 7.622225
vt -0.155563 7.655563
vt -0.122225 7.682923
vt -0.084190 7.703253
vt -0.042920 7.715773
vt 0.000000 7.720000
vt 0.042920 7.715773
vt 0.084190 7.703253
vt 0.122225 7.682923
vt 0.155563 7.655563
vt 0.182923 7.622225
vt 0.203253 7.584190
vt 0.215773 7.542920
vt 0.220000 7.500000
vt 0.220000 7.080000
vt -0.220000 7.080000
vn 0.000000 0.000000 -1.000000
vn 0.000000 0.000000 -1.000000
vn 0.000000 0.000000 -1.000000
vn 0.000000 0.000000 -1.000000
vn 0.000000 0.000000 -1.000000
vn 0.000000 0.000000 -1.000000
vn 0.000000 0.000000 -1.000000
vn 0.000000 0.000000 -1.000000
vn 0.000000 0.000000 -1.000000
vn 0.000000 0.000000 -1.000000
vn 0.000000 0.000000 -1.000000
vn 0.000000 0.000000 -1.000000
vn 0.000000 0.000000 -1.000000
vn 0.000000 0.000000 -1.000000
vn 0.000000 0.000000 -1.000000
vn 0.000000 0.000000 -1.000000
vn 0.000000 0.000000 -1.000000
vn 0.000000 0.000000 -1.000000
vn 0.000000 0.000000 -1.000000
f 4520/4520/4520 4521/4521/4521 4522/4522/4522
f 4520/4520/4520 4522/4522/4522 4523/4523/4523
f 4520/4520/4520 4523/4523/4523 4524/4524/4524
f 4520/4520/4520 4524/4524/4524 4525/4525/4525
f 4520/4520/4520 4525/4525/4525 4526/4526/4526
f 4520/4520/4520 4526/4526/4526 4527/4527/4527
f 4520/4520/4520 4527/4527/4527 4528/4528/4528
f 4520/4520/4520 4528/4528/4528 4529/4529/4529
f 4520/4520/4520 4529/4529/4529 4530/4530/4530
f 4520/4520/4520 4530/4530/4530 4531/4531/4531
f 4520/4520/4520 4531/4531/4531 4532/4532/4532
f 4520/4520/4520 4532/4532/4532 4533/4533/4533
f 4520/4520/4520 4533/4533/4533 4534/4534/4534
f 4520/4520/4520 4534/4534/4534 4535/4535/4535
f 4520/4520/4520 4535/4535/4535 4536/4536/4536
f 4520/4520/4520 4536/4536/4536 4537/4537/4537
f 4520/4520/4520 4537/4537/4537 4538/4538/4538
v -0.220000 6.520000 0.560000
v 0.220000 6.520000 0.560000
v 0.220000 6.520000 0.580000
v -0.220000 6.520000 0.580000
vt -0.220000 7.080000
vt 0.220000 7.080000
vt 0.220000 7.100000
vt -0.220000 7.100000
vn 0.000000 -1.000000 0.000000
vn 0.000000 -1.000000 0.000000
vn 0.000000 -1.000000 0.000000
vn 0.000000 -1.000000 0.000000
f 4539/4539/4539 4540/4540/4540 4541/4541/4541
f 4539/4539/4539 4541/4541/4541 4542/4542/4542
v 0.220000 6.520000 0.560000
v 0.220000 6.940000 0.560000
v 0.220000 6.940000 0.580000
v 0.220000 6.520000 0.580000
vt 0.220000 7.080000
vt 0.220000 7.500000
vt 0.220000 7.520000
vt 0.220000 7.100000
vn 1.000000 0.000000 0.000000
vn 1.000000 0.000000 0.000000
vn 1.000000 0.000000 0.000000
vn 1.000000 0.000000 0.000000
f 4543/4543/4543 4544/4544/4544 4545/4545/4545
f 4543/4543/4543 4545/4545/4545 4546/4546/4546
v 0.220000 6.940000 0.560000
v 0.215773 6.982920 0.560000
v 0.215773 6.982920 0.580000
v 0.220000 6.940000 0.580000
vt 0.220000 7.500000
vt 0.215773 7.542920
vt 0.215773 7.562920
vt 0.220000 7.520000
vn 0.995185 0.098017 0.000000
vn 0.995185 0.098017 0.000000
vn 0.995185 0.098017 0.000000
vn 0.995185 0.098017 0.000000
f 4547/4547/4547 4548/4548/4548 4549/4549/4549
f 4547/4547/4547 4549/4549/4549 4550/4550/4550
v 0.215773 6.982920 0.560000
v 0.203253 7.024190 0.560000
v 0.203253 7.024190 0.580000
v 0.215773 6.982920 0.580000
vt 0.215773 7.542920
vt 0.203253 7.584190
vt 0.203253 7.604190
vt 0.215773 7.562920
vn 0.956940 0.290285 0.000000
vn 0.956940 0.290285 0.000000
vn 0.956940 0.290285 0.000000
vn 0.956940 0.290285 0.000000
f 4551/4551/4551 4552/4552/4552 4553/4553/4553
f 4551/4551/4551 4553/4553/4553 4554/4554/4554
v 0.203253 7.024190 0.560000
v 0.182923 7.062225 0.560000
v 0.182923 7.062225 0.580000
v 0.203253 7.024190 0.580000
vt 0.203253 7.584190
vt 0.182923 7.622225
vt 0.182923 7.642225
vt 0.203253 7.604190
vn 0.881921 0.471397 0.000000
vn 0.881921 0.471397 0.000000
vn 0.881921 0.471397 0.000000
vn 0.881921 0.471397 0.000000
f 4555/4555/4555 4556/4556/4556 4557/4557/4557
f 4555/4555/4555 4557/4557/4557 4558/4558/4558
v 0.182923 7.062225 0.560000
v 0.155563 7.095563 0.560000
v 0.155563 7.095563 0.580000
v 0.182923 7.062225 0.580000
vt 0.182923 7.622225
vt 0.155563 7.655563
vt 0.155563 7.675563
vt 0.182923 7.642225
vn 0.773010 0.634393 0.000000
vn 0.773010 0.634393 0.000000
vn 0.773010 0.634393 0.000000
vn 0.773010 0.634393 0.000000
f 4559/4559/4559 4560/4560/4560 4561/4561/4561
f 4559/4559/4559 4561/4561/4561 4562/4562/4562
v 0.155563 7.095563 0.560000
v 0.122225 7.122923 0.560000
v 0.122225 7.122923 0.580000
v 0.155563 7.095563 0.580000
vt 0.155563 7.655563
vt 0.122225 7.682923
vt 0.122225 7.702923
vt 0.155563 7.675563
vn 0.634393 0.773010 0.000000
vn 0.634393 0.773010 0.000000
vn 0.634393 0.773010 0.000000
vn 0.634393 0.773010 0.000000
f 4563/4563/4563 4564/4564/4564 4565/4565/4565
f 4563/4563/4563 4565/4565/4565 4566/4566/4566
v 0.122225 7.122923 0.560000
v 0.084190 7.143253 0.560000
v 0.084190 7.143253 0.580000
v 0.122225 7.122923 0.580000
vt 0.122225 7.682923
vt 0.084190 7.703253
vt 0.084190 7.723253
vt 0.122225 7.702923
vn 0.471397 0.881921 0.000000
vn 0.471397 0.881921 0.000000
vn 0.471397 0.881921 0.000000
vn 0.471397 0.881921 0.000000
f 4567/4567/4567 4568/4568/4568 4569/4569/4569
f 4567/4567/4567 4569/4569/4569 4570/4570/4570
v 0.084190 7.143253 0.560000
v 0.042920 7.155773 0.560000
v 0.042920 7.155773 0.580000
v 0.084190 7.143253 0.580000
vt 0.084190 7.703253
vt 0.042920 7.715773
vt 0.042920 7.735773
vt 0.084190 7.723253
vn 0.290285 0.956940 0.000000
vn 0.290285 0.956940 0.000000
vn 0.290285 0.956940 0.000000
vn 0.290285 0.956940 0.000000
f 4571/4571/4571 4572/4572/4572 4573/4573/4573
f 4571/4571/4571 4573/4573/4573 4574/4574/4574
v 0.042920 7.155773 0.560000
v 0.000000 7.160000 0.560000
v 0.000000 7.160000 0.580000
v 0.042920 7.155773 0.580000
vt 0.042920 7.715773
vt 0.000000 7.720000
vt 0.000000 7.740000
vt 0.042920 7.735773
vn 0.098017 0.995185 0.000000
vn 0.098017 0.995185 0.000000
vn 0.098017 0.995185 0.000000
vn 0.098017 0.995185 0.000000
f 4575/4575/4575 4576/4576/4576 4577/4577/4577
f 4575/4575/4575 4577/4577/4577 4578/4578/4578
v 0.000000 7.160000 0.560000
v -0.042920 7.155773 0.560000
v -0.042920 7.155773 0.580000
v 0.000000 7.160000 0.580000
vt 0.000000 7.720000
vt -0.042920 7.715773
vt -0.042920 7.735773
vt 0.000000 7.740000
vn -0.098017 0.995185 0.000000
vn -0.098017 0.995185 0.000000
vn -0.098017 0.995185 0.000000
vn -0.098017 0.995185 0.000000
f 4579/4579/4579 4580/4580/4580 4581/4581/4581
f 4579/4579/4579 4581/4581/4581 4582/4582/4582
v -0.042920 7.155773 0.560000
v -0.084190 7.143253 0.560000
v -0.084190 7.143253 0.580000
v -0.042920 7.155773 0.580000
vt -0.042920 7.715773
vt -0.084190 7.703253
vt -0.084190 7.723253
vt -0.042920 7.735773
vn -0.290285 0.956940 0.000000
vn -0.290285 0.956940 0.000000
vn -0.290285 0.956940 0.000000
vn -0.290285 0.956940 0.000000
f 4583/4583/4583 4584/4584/4584 4585/4585/4585
f 4583/4583/4583 4585/4585/4585 4586/4586/4586
v -0.084190 7.143253 0.560000
v -0.122225 7.122923 0.560000
v -0.122225 7.122923 0.580000
v -0.084190 7.143253 0.580000
vt -0.084190 7.703253
vt -0.122225 7.682923
vt -0.122225 7.702923
vt -0.084190 7.723253
vn -0.471397 0.881921 0.000000
vn -0.471397 0.881921 0.000000
vn -0.471397 0.881921 0.000000
vn -0.471397 0.881921 0.000000
f 4587/4587/4587 4588/4588/4588 4589/4589/4589
f 4587/4587/4587 4589/4589/4589 4590/4590/4590
v -0.122225 7.122923 0.560000
v -0.155563 7.095563 0.560000
v -0.155563 7.095563 0.580000
v -0.122225 7.122923 0.580000
vt -0.122225 7.682923
vt -0.155563 7.655563
vt -0.155563 7.675563
vt -0.122225 7.702923
vn -0.634393 0.773010 0.000000
vn -0.634393 0.773010 0.000000
vn -0.634393 0.773010 0.000000
vn -0.634393 0.773010 0.000000
f 4591/4591/4591 4592/4592/4592 4593/4593/4593
f 4591/4591/4591 4593/4593/4593 4594/4594/4594
v -0.155563 7.095563 0.560000
v -0.182923 7.062225 0.560000
v -0.182923 7.062225 0.580000
v -0.155563 7.095563 0.580000
vt -0.155563 7.655563
vt -0.182923 7.622225
vt -0.182923 7.642225
vt -0.155563 7.675563
vn -0.773010 0.634393 0.000000
vn -0.773010 0.634393 0.000000
vn -0.773010 0.634393 0.000000
vn -0.773010 0.634393 0.000000
f 4595/4595/4595 4596/4596/4596 4597/4597/4597
f 4595/4595/4595 4597/4597/4597 4598/4598/4598
v -0.182923 7.062225 0.560000
v -0.203253 7.024190 0.560000
v -0.203253 7.024190 0.580000
v -0.182923 7.062225 0.580000
vt -0.182923 7.622225
vt -0.203253 7.584190
vt -0.203253 7.604190
vt -0.182923 7.642225
vn -0.881921 0.471397 0.000000
vn -0.881921 0.471397 0.000000
vn -0.881921 0.471397 0.000000
vn -0.881921 0.471397 0.000000
f 4599/4599/4599 4600/4600/4600 4601/4601/4601
f 4599/4599/4599 4601/4601/4601 4602/4602/4602
v -0.203253 7.024190 0.560000
v -0.215773 6.982920 0.560000
v -0.215773 6.982920 0.580000
v -0.203253 7.024190 0.580000
vt -0.203253 7.584190
vt -0.215773 7.542920
vt -0.215773 7.562920
vt -0.203253 7.604190
vn -0.956940 0.290285 0.000000
vn -0.956940 0.290285 0.000000
vn -0.956940 0.290285 0.000000
vn -0.956940 0.290285 0.000000
f 4603/4603/4603 4604/4604/4604 4605/4605/4605
f 4603/4603/4603 4605/4605/4605 4606/4606/4606
v -0.215773 6.982920 0.560000
v -0.220000 6.940000 0.560000
v -0.220000 6.940000 0.580000
v -0.215773 6.982920 0.580000
vt -0.215773 7.542920
vt -0.220000 7.500000
vt -0.220000 7.520000
vt -0.215773 7.562920
vn -0.995185 0.098017 0.000000
vn -0.995185 0.098017 0.000000
vn -0.995185 0.098017 0.000000
vn -0.995185 0.098017 0.000000
f 4607/4607/4607 4608/4608/4608 4609/4609/4609
f 4607/4607/4607 4609/4609/4609 4610/4610/4610
v -0.220000 6.940000 0.560000
v -0.220000 6.520000 0.560000
v -0.220000 6.520000 0.580000
v -0.220000 6.940000 0.580000
vt -0.220000 7.500000
vt -0.220000 7.080000
vt -0.220000 7.100000
vt -0.220000 7.520000
vn -1.000000 0.000000 0.000000
vn -1.000000 0.000000 0.000000
vn -1.000000 0.000000 0.000000
vn -1.000000 0.000000 0.000000
f 4611/4611/4611 4612/4612/4612 4613/4613/4613
f 4611/4611/4611 4613/4613/4613 4614/4614/4614
