# Converted from crocs.glb by tools/models/glb_tool.py - DO NOT EDIT BY HAND.
# Geometry is carried through unchanged; only scale, yaw and origin move.
mtllib tsinelas_crocs.mtl
o tsinelas_crocs
v 0.05922 -0.01681 -0.08355
v 0.06431 -0.01668 -0.07659
v 0.06280 -0.01094 -0.08332
v 0.06813 -0.02470 -0.06412
v 0.06112 -0.02297 -0.07590
v 0.03745 -0.01544 -0.13915
v 0.04183 -0.00817 -0.13708
v 0.03933 -0.01163 -0.14694
v 0.02270 -0.05097 -0.08055
v 0.03079 -0.04946 -0.07135
v 0.03096 -0.04478 -0.08094
v 0.03982 -0.03809 -0.08093
v 0.04479 -0.02953 -0.08710
v 0.03523 -0.03634 -0.08962
v 0.05367 -0.01719 -0.09118
v 0.05400 -0.02297 -0.08439
v 0.06250 -0.00125 -0.09232
v 0.06631 -0.00294 -0.08421
v 0.06848 0.00555 -0.08603
v 0.05019 0.00793 -0.15775
v 0.05390 0.01368 -0.16839
v 0.05136 0.00804 -0.17243
v 0.04518 -0.00083 -0.16099
v 0.04704 0.00086 -0.17121
v 0.04305 -0.00605 -0.17411
v 0.02531 -0.03051 -0.15483
v 0.01815 -0.04015 -0.14665
v 0.02628 -0.02971 -0.14442
v 0.00604 -0.05410 -0.15321
v 0.01282 -0.04599 -0.15367
v 0.00982 -0.04871 -0.16249
v 0.05974 0.03395 -0.16439
v 0.06001 0.03791 -0.17302
v 0.05830 0.02678 -0.16857
v 0.05820 0.03411 -0.13773
v 0.05772 0.04580 -0.14303
v 0.05831 0.03430 -0.14687
v 0.06059 0.03583 -0.11742
v 0.05741 0.04679 -0.12488
v 0.05856 0.03342 -0.12623
v 0.00374 -0.05822 -0.13469
v 0.00177 -0.05952 -0.14259
v -0.00188 -0.06406 -0.13026
v 0.01991 -0.06416 -0.05035
v 0.01900 -0.06084 -0.05919
v 0.01229 -0.06615 -0.05418
v 0.03392 -0.05325 -0.05946
v 0.06617 0.03370 -0.08858
v 0.06632 0.02348 -0.09361
v 0.06961 0.02310 -0.08368
v -0.04605 -0.08015 -0.06822
v -0.04515 -0.08106 -0.07981
v -0.04824 -0.07708 -0.07173
v -0.04354 -0.08039 -0.09857
v -0.04231 -0.07822 -0.11225
v -0.04640 -0.07581 -0.10303
v -0.02870 -0.06405 -0.15774
v -0.02451 -0.05762 -0.16903
v -0.02957 -0.05638 -0.16409
v -0.00345 -0.01946 -0.20162
v -0.00078 -0.02596 -0.20020
v 0.00495 -0.01604 -0.20552
v 0.02830 0.07135 -0.15260
v 0.03417 0.07005 -0.15731
v 0.03448 0.07058 -0.14831
v 0.03781 0.05974 -0.18890
v 0.03677 0.06405 -0.18212
v 0.03163 0.06217 -0.18734
v 0.03259 0.07150 -0.13333
v 0.03057 0.07188 -0.12459
v 0.02578 0.07224 -0.13068
v 0.02547 0.06970 -0.08495
v 0.02998 0.06994 -0.09310
v 0.03186 0.06808 -0.08092
v 0.02388 0.07113 -0.10610
v 0.02547 0.06970 -0.08495
v 0.01496 0.05895 -0.09998
v 0.06445 -0.02018 -0.08728
v 0.06831 -0.01397 -0.08699
v 0.06967 -0.01976 -0.08031
v 0.07281 -0.02818 -0.06781
v 0.06589 -0.02688 -0.07953
v 0.04348 -0.01946 -0.13970
v 0.04555 -0.01539 -0.14717
v 0.04816 -0.01169 -0.13766
v 0.05896 -0.02065 -0.09472
v 0.05873 -0.02715 -0.08792
v 0.06829 -0.00405 -0.09562
v 0.07482 0.00429 -0.08912
v 0.07212 -0.00546 -0.08770
v 0.05663 0.00457 -0.15742
v 0.05774 0.00457 -0.17201
v 0.06053 0.01074 -0.16792
v 0.05145 -0.00452 -0.16076
v 0.04919 -0.00995 -0.17384
v 0.05329 -0.00289 -0.17080
v 0.03103 -0.03502 -0.15518
v 0.03206 -0.03413 -0.14487
v 0.02378 -0.04476 -0.14710
v 0.01056 -0.05942 -0.15372
v 0.01452 -0.05365 -0.16340
v 0.01820 -0.05077 -0.15409
v 0.06678 0.03291 -0.16401
v 0.06527 0.02518 -0.16817
v 0.06666 0.03843 -0.17325
v 0.06524 0.03361 -0.13791
v 0.06536 0.03343 -0.14663
v 0.06427 0.04741 -0.14296
v 0.06948 0.03310 -0.10758
v 0.06757 0.03611 -0.11673
v 0.06443 0.04901 -0.10814
v 0.02275 -0.07036 -0.05272
v 0.01549 -0.07234 -0.05625
v 0.02223 -0.06693 -0.06148
v 0.03713 -0.05911 -0.06223
v 0.07278 0.03554 -0.09000
v 0.07640 0.02374 -0.08592
v 0.07318 0.02368 -0.09578
v 0.02789 0.06608 0.02417
v 0.02646 0.06546 0.04783
v 0.03239 0.06407 0.04359
v 0.03322 0.07563 -0.09287
v 0.02661 0.07774 -0.08170
v 0.03523 0.07414 -0.08048
v 0.02673 0.08130 -0.13099
v 0.03371 0.07755 -0.12402
v 0.03590 0.07758 -0.13305
v 0.03778 0.07543 -0.15796
v 0.02921 0.08067 -0.15350
v 0.03802 0.07651 -0.14865
v 0.03264 0.06931 -0.19247
v 0.04044 0.06918 -0.18374
v 0.04149 0.06452 -0.19188
v -0.03477 -0.06182 -0.16867
v -0.02524 -0.06280 -0.17292
v -0.02980 -0.06987 -0.16125
v -0.05218 -0.08238 -0.10375
v -0.04400 -0.08432 -0.11384
v -0.04537 -0.08696 -0.09951
v -0.05351 -0.08374 -0.07051
v -0.04693 -0.08731 -0.07986
v -0.04760 -0.08632 -0.06798
v -0.00695 -0.02172 -0.20824
v 0.00568 -0.01879 -0.21137
v -0.00042 -0.02966 -0.20599
v 0.03856 -0.03447 -0.10988
v 0.04188 -0.02519 -0.12236
v 0.04942 -0.01867 -0.11398
v 0.01159 -0.05947 -0.13811
v 0.00568 -0.06621 -0.13713
v 0.01101 -0.05959 -0.14330
v 0.04931 -0.03422 -0.09029
v 0.04406 -0.04305 -0.08413
v 0.03981 -0.04129 -0.09231
v 0.03288 -0.04847 -0.09067
v 0.03137 -0.05342 -0.08224
v 0.02514 -0.05408 -0.09423
v -0.04216 -0.08013 -0.05040
v -0.04550 -0.07649 -0.04266
v -0.03629 -0.08153 -0.04163
v -0.02240 -0.08883 -0.09838
v -0.03514 -0.09092 -0.07983
v -0.03554 -0.08963 -0.09963
v -0.00331 -0.07789 -0.09546
v -0.00414 -0.07758 -0.10509
v -0.03244 -0.08706 -0.11384
v -0.00582 -0.07025 -0.15863
v -0.01457 -0.07973 -0.13772
v -0.01940 -0.07282 -0.15864
v -0.01336 -0.06602 -0.16998
v 0.02034 -0.03424 -0.19804
v 0.00869 -0.03356 -0.20272
v 0.01529 -0.02298 -0.20888
v 0.02725 -0.03717 -0.18125
v 0.03399 -0.02857 -0.18683
v 0.02423 -0.01546 -0.21106
v 0.05518 0.00194 -0.19618
v 0.05216 0.01840 -0.20883
v 0.06035 0.01092 -0.19365
v 0.03068 -0.02019 -0.20503
v 0.05990 0.05403 -0.18213
v 0.05093 0.05983 -0.18865
v 0.05061 0.06500 -0.17828
v 0.04790 0.07109 -0.14630
v 0.05620 0.06406 -0.14604
v 0.04892 0.06950 -0.15759
v 0.04528 0.06924 -0.08148
v 0.05444 0.06302 -0.08523
v 0.04356 0.07077 -0.09487
v 0.05424 0.06544 -0.12648
v 0.04599 0.07231 -0.13093
v 0.04444 0.07269 -0.12012
v 0.05694 0.05909 -0.06457
v 0.05881 0.05601 -0.05061
v 0.06733 0.04811 -0.06647
v -0.02372 -0.08187 -0.09771
v -0.00750 -0.07236 -0.09458
v -0.00899 -0.07264 -0.10458
v -0.03467 -0.08283 -0.09869
v -0.03184 -0.08072 -0.11244
v -0.03450 -0.08448 -0.07954
v -0.02026 -0.07796 -0.11820
v -0.00479 -0.06792 -0.11620
v -0.00785 -0.06385 -0.15609
v -0.01364 -0.06052 -0.16653
v -0.01941 -0.06667 -0.15547
v 0.01761 -0.02950 -0.19350
v 0.02185 -0.03321 -0.17943
v 0.02906 -0.02420 -0.18519
v 0.01409 -0.01966 -0.20340
v 0.02237 -0.01236 -0.20561
v 0.00769 -0.02941 -0.19728
v 0.02731 -0.01637 -0.20005
v 0.03688 -0.00139 -0.20369
v 0.04187 -0.00754 -0.19124
v 0.04770 0.00210 -0.19398
v 0.04696 0.05516 -0.18568
v 0.05456 0.05008 -0.18004
v 0.04671 0.06001 -0.17671
v 0.04507 0.06422 -0.15711
v 0.05098 0.05918 -0.14599
v 0.04391 0.06535 -0.14608
v 0.04020 0.06511 -0.09514
v 0.04973 0.05736 -0.08562
v 0.04157 0.06322 -0.08192
v 0.04922 0.06036 -0.12667
v 0.04091 0.06718 -0.12046
v 0.04215 0.06647 -0.13109
v 0.05415 0.05032 -0.05160
v 0.05218 0.05345 -0.06523
v 0.06197 0.04372 -0.06651
v -0.00408 -0.08933 0.04585
v -0.01371 -0.08370 0.07507
v -0.02191 -0.08247 0.04783
v -0.02338 -0.09062 -0.04814
v -0.04478 -0.08612 -0.04994
v -0.03369 -0.08975 -0.05309
v -0.05103 -0.08248 -0.04097
v 0.01267 -0.08752 0.11027
v -0.00802 -0.08272 0.10417
v 0.00541 -0.09002 0.08212
v 0.07139 0.04604 0.02867
v 0.05334 0.05549 0.03518
v 0.05875 0.05363 0.05525
v 0.06177 0.05190 0.07757
v 0.07956 0.04037 0.09156
v 0.07700 0.04409 0.06437
v 0.03862 0.05670 -0.03298
v 0.04761 0.05232 -0.03579
v 0.04860 0.05116 -0.01160
v 0.00238 -0.09799 0.05607
v 0.00752 -0.09807 0.04639
v 0.01165 -0.09872 0.05095
v 0.00833 -0.09798 0.06580
v 0.01271 -0.09839 0.06181
v 0.07666 0.05535 0.06718
v 0.08210 0.05019 0.07709
v 0.08511 0.04821 0.07262
v -0.00949 -0.09532 0.05685
v -0.00799 -0.09569 0.05113
v 0.00153 -0.09701 0.04456
v 0.06635 0.06039 0.06802
v 0.06745 0.05991 0.06225
v 0.00273 -0.09701 0.06789
v -0.00321 -0.09632 0.06601
v -0.00731 -0.09576 0.06215
v -0.00425 -0.09612 0.04638
v 0.01354 -0.09878 0.05584
v 0.06815 0.05905 0.07405
v 0.07205 0.05667 0.07807
v 0.08589 0.04783 0.06644
v 0.07077 0.05796 0.05770
v 0.07721 0.05344 0.07929
v 0.07524 0.05524 0.05573
v 0.09286 0.04232 0.05568
v 0.08249 0.05042 0.05071
v 0.08825 0.04676 0.05779
v 0.06743 0.05985 0.05188
v 0.07444 0.05602 0.04995
v 0.07297 0.05608 0.04353
v 0.08374 0.04959 0.06064
v 0.08015 0.05244 0.05774
v 0.10004 0.03779 0.03704
v 0.10027 0.03889 0.03079
v 0.09117 0.04605 0.03336
v 0.00785 -0.09566 0.01831
v 0.01335 -0.09647 0.01703
v 0.01725 -0.09755 0.02733
v 0.01777 -0.09889 0.04699
v 0.01073 -0.09783 0.03923
v 0.02209 -0.09882 0.04427
v 0.02102 -0.09850 0.05537
v 0.00106 -0.09619 0.03799
v -0.00052 -0.09504 0.03152
v -0.00731 -0.09414 0.03984
v 0.09158 0.04353 0.06589
v 0.08813 0.04845 0.02136
v 0.08264 0.05131 0.02404
v 0.02799 -0.10007 0.02625
v 0.02874 -0.09985 0.03123
v 0.01693 -0.08429 0.05579
v 0.00415 -0.08040 0.05716
v 0.01474 -0.08327 0.06293
v 0.01436 -0.08385 0.04927
v 0.00953 -0.08279 0.04575
v 0.00232 -0.08162 0.04422
v -0.00332 -0.08105 0.04579
v -0.00730 -0.08032 0.05001
v -0.00874 -0.07975 0.05674
v -0.00611 -0.07982 0.06386
v -0.00103 -0.08051 0.06804
v 0.00448 -0.08169 0.06955
v 0.01027 -0.08280 0.06810
v 0.05948 0.04434 0.07505
v 0.06671 0.03851 0.06846
v 0.06292 0.04202 0.07813
v 0.05759 0.04529 0.07004
v 0.05800 0.04525 0.06283
v 0.06112 0.04326 0.05796
v 0.06527 0.04142 0.05540
v 0.07097 0.03798 0.05706
v 0.07436 0.03565 0.06230
v 0.07500 0.03508 0.06650
v 0.07533 0.03532 0.07290
v 0.07171 0.03721 0.07770
v 0.06674 0.04016 0.07958
v 0.07376 0.01985 -0.07440
v 0.07567 0.01664 -0.06988
v 0.07639 0.01949 -0.06431
v 0.07298 0.02435 -0.07382
v 0.07047 0.01384 -0.08264
v 0.07161 0.01868 -0.07969
v 0.06834 0.01486 -0.08735
v 0.07294 0.00497 -0.07699
v 0.07104 0.00817 -0.08152
v 0.07230 0.00093 -0.07705
v 0.07620 0.01099 -0.06875
v 0.07508 0.00614 -0.07170
v 0.07592 0.00211 -0.06875
v 0.07777 0.00962 -0.06424
v 0.06089 0.03089 -0.11615
v 0.06183 0.02857 -0.11113
v 0.06259 0.03269 -0.10646
v 0.05801 0.02409 -0.12314
v 0.05931 0.02902 -0.12113
v 0.05685 0.02454 -0.12879
v 0.05875 0.01658 -0.11580
v 0.05777 0.01898 -0.12099
v 0.05576 0.01572 -0.12527
v 0.05769 0.01205 -0.11489
v 0.06159 0.02334 -0.10884
v 0.06038 0.01832 -0.11067
v 0.06146 0.01472 -0.10527
v 0.06304 0.02314 -0.10316
v 0.05682 0.02616 -0.14963
v 0.05584 0.02167 -0.15176
v 0.05423 0.01806 -0.14740
v 0.05632 0.02600 -0.14434
v 0.05909 0.03263 -0.15605
v 0.05817 0.03070 -0.15141
v 0.05964 0.03683 -0.15642
v 0.05805 0.02636 -0.16294
v 0.05905 0.03084 -0.16082
v 0.05579 0.01986 -0.15655
v 0.05670 0.02180 -0.16118
v 0.05573 0.01875 -0.16444
v 0.05409 0.01562 -0.15666
v 0.04894 0.00554 -0.14677
v 0.04814 0.00369 -0.14175
v 0.05002 0.00732 -0.13701
v 0.05099 0.01012 -0.14699
v 0.04557 -0.00041 -0.15345
v 0.04793 0.00388 -0.15166
v 0.04254 -0.00656 -0.14638
v 0.04332 -0.00478 -0.15126
v 0.04094 -0.00833 -0.15592
v 0.04595 -0.00057 -0.13965
v 0.04363 -0.00481 -0.14158
v 0.04602 -0.00080 -0.13385
v 0.04941 0.00247 -0.18936
v 0.05158 0.00633 -0.18718
v 0.05404 0.01293 -0.19220
v 0.04535 -0.00387 -0.18406
v 0.04682 -0.00178 -0.18812
v 0.04156 -0.00907 -0.18302
v 0.04790 0.00107 -0.17671
v 0.04577 -0.00274 -0.17931
v 0.05197 0.00744 -0.18226
v 0.05047 0.00530 -0.17792
v 0.05418 0.01215 -0.18116
v 0.02828 -0.02639 -0.17607
v 0.03092 -0.02291 -0.17263
v 0.03447 -0.01830 -0.17666
v 0.02274 -0.03259 -0.16990
v 0.02481 -0.03058 -0.17485
v 0.01641 -0.04022 -0.17124
v 0.02690 -0.02862 -0.16098
v 0.02382 -0.03168 -0.16397
v 0.01999 -0.03673 -0.16085
v 0.03171 -0.02204 -0.16686
v 0.03026 -0.02443 -0.16219
v 0.03245 -0.02135 -0.15615
v 0.03601 -0.01628 -0.16607
v 0.01481 -0.04557 -0.13871
v 0.01281 -0.04829 -0.13471
v 0.01484 -0.04604 -0.12978
v 0.01801 -0.04144 -0.13739
v 0.01139 -0.04851 -0.14732
v 0.01421 -0.04566 -0.14392
v 0.00593 -0.05528 -0.14274
v 0.00799 -0.05252 -0.14690
v 0.00940 -0.05223 -0.13427
v 0.00654 -0.05513 -0.13762
v 0.00827 -0.05357 -0.12984
v 0.00853 -0.05726 -0.10284
v 0.00664 -0.05965 -0.09815
v 0.01010 -0.05731 -0.09255
v 0.01207 -0.05364 -0.10210
v 0.00299 -0.06094 -0.11170
v 0.00705 -0.05773 -0.10846
v 0.01037 -0.05346 -0.11197
v 0.00340 -0.05970 -0.11688
v -0.00327 -0.06754 -0.10544
v -0.00129 -0.06511 -0.11054
v 0.00240 -0.06355 -0.09678
v -0.00191 -0.06674 -0.09992
v 0.00186 -0.06471 -0.09066
v 0.00988 -0.06638 -0.05880
v 0.00483 -0.06923 -0.05948
v 0.00368 -0.07116 -0.05332
v 0.01323 -0.06168 -0.06802
v 0.01338 -0.06328 -0.06237
v 0.01840 -0.05801 -0.06902
v 0.00339 -0.06623 -0.07304
v 0.00894 -0.06275 -0.07219
v 0.01164 -0.05949 -0.07827
v 0.00177 -0.06599 -0.08007
v 0.00062 -0.07054 -0.06415
v -0.00010 -0.06943 -0.07034
v -0.00824 -0.07444 -0.07654
v -0.00761 -0.07631 -0.05612
v 0.02161 -0.04479 -0.10137
v 0.02276 -0.04183 -0.10589
v 0.01914 -0.04359 -0.11078
v 0.01754 -0.04813 -0.10209
v 0.02747 -0.04231 -0.09336
v 0.02356 -0.04500 -0.09620
v 0.02050 -0.04879 -0.09240
v 0.02832 -0.04331 -0.08835
v 0.03222 -0.03535 -0.09902
v 0.03105 -0.03832 -0.09452
v 0.03659 -0.03079 -0.09849
v 0.02636 -0.03783 -0.10704
v 0.03026 -0.03516 -0.10421
v 0.03337 -0.02982 -0.10785
v 0.02609 -0.03594 -0.11184
v 0.03598 -0.01941 -0.13093
v 0.03427 -0.02243 -0.12651
v 0.03612 -0.02097 -0.12100
v 0.03861 -0.01564 -0.12907
v 0.03233 -0.02277 -0.13974
v 0.03516 -0.01958 -0.13638
v 0.03235 -0.02163 -0.14532
v 0.02741 -0.03012 -0.13480
v 0.02912 -0.02713 -0.13911
v 0.02362 -0.03439 -0.13614
v 0.03103 -0.02688 -0.12583
v 0.02816 -0.03008 -0.12928
v 0.02356 -0.03593 -0.12738
v 0.02984 -0.02895 -0.12255
v 0.05734 -0.00071 -0.10202
v 0.05897 -0.00371 -0.09670
v 0.06019 0.00450 -0.10181
v 0.05060 -0.00633 -0.10872
v 0.05414 -0.00176 -0.10686
v 0.05428 0.00298 -0.11220
v 0.04845 -0.00495 -0.11462
v 0.04941 -0.01410 -0.10085
v 0.04867 -0.01095 -0.10649
v 0.04365 -0.01489 -0.11182
v 0.04615 -0.02047 -0.09926
v 0.05712 -0.00910 -0.09419
v 0.05299 -0.01353 -0.09585
v 0.05920 -0.00981 -0.08954
v 0.05779 -0.02675 -0.07546
v 0.05966 -0.02969 -0.06974
v 0.04803 -0.03102 -0.08131
v 0.05330 -0.02723 -0.08005
v 0.04640 -0.03894 -0.07201
v 0.04493 -0.03601 -0.07789
v 0.04229 -0.04260 -0.07135
v 0.05677 -0.03491 -0.06631
v 0.05157 -0.03844 -0.06730
v 0.04834 -0.04299 -0.06373
v 0.05676 -0.04023 -0.05839
v 0.07567 0.01664 -0.06988
v 0.07639 0.01949 -0.06431
v 0.07376 0.01985 -0.07440
v 0.07298 0.02435 -0.07382
v 0.07696 -0.00758 -0.06288
v 0.06975 -0.00657 -0.07610
v 0.04701 -0.00268 -0.12424
v 0.05154 0.00564 -0.12423
v 0.04277 -0.00985 -0.12580
v 0.05672 0.02530 -0.13709
v 0.05429 0.01702 -0.13705
v 0.05692 0.01958 -0.17577
v 0.02791 -0.03258 -0.11760
v 0.03331 -0.02671 -0.11537
v 0.00600 -0.05666 -0.12417
v 0.01295 -0.04928 -0.12145
v 0.02087 -0.04044 -0.11961
v 0.05897 0.02773 -0.18543
v 0.05883 0.04434 -0.15922
v 0.05799 0.04716 -0.10652
v 0.06017 0.04594 -0.08737
v 0.06904 0.03354 -0.07146
v 0.07157 0.03060 -0.05570
v 0.06495 0.03936 -0.04776
v 0.07413 0.02900 -0.03944
v 0.06750 0.03671 -0.02996
v 0.06538 0.01527 -0.09524
v 0.06459 0.00862 -0.09481
v 0.00628 -0.07276 -0.04186
v -0.00611 -0.07857 -0.03526
v -0.00265 -0.07922 -0.01664
v 0.01039 -0.07422 -0.02758
v 0.02587 -0.06556 -0.03958
v 0.04175 -0.05404 -0.05007
v 0.08077 0.00702 -0.05631
v 0.07912 0.01933 -0.04924
v -0.02106 0.02820 0.02744
v -0.03328 0.00461 0.02924
v -0.03093 0.00782 0.05654
v -0.02040 0.02799 0.05594
v -0.05129 -0.03780 0.03134
v -0.05084 -0.03802 0.05746
v -0.04089 -0.01280 0.05706
v -0.04262 -0.01407 0.03060
v -0.00611 0.04928 0.05416
v -0.01058 0.04380 0.02817
v -0.04763 -0.06494 0.02963
v -0.04575 -0.06323 0.05316
v 0.08220 0.03187 -0.02501
v 0.07958 0.03321 -0.04001
v 0.07246 0.04159 -0.03009
v 0.07492 0.03991 -0.01228
v 0.01473 -0.08320 -0.01114
v 0.00179 -0.08697 0.00312
v -0.00127 -0.08595 -0.01720
v 0.01237 -0.08075 -0.02892
v 0.06570 -0.04764 -0.05241
v 0.04926 -0.06260 -0.04283
v 0.04466 -0.05963 -0.05301
v 0.06042 -0.04498 -0.06194
v 0.07931 -0.03029 -0.05691
v 0.08278 -0.00894 -0.06617
v 0.08810 -0.01174 -0.05562
v 0.08702 0.00784 -0.05876
v 0.09104 0.00609 -0.04898
v 0.08515 0.02208 -0.05066
v 0.08840 0.02105 -0.03824
v 0.03163 -0.07485 -0.02842
v 0.02829 -0.07173 -0.04174
v 0.06617 0.03773 0.14393
v 0.06312 0.03125 0.16642
v 0.05394 0.03313 0.16627
v 0.05641 0.03943 0.14338
v 0.05816 0.02027 0.18517
v 0.04931 0.02306 0.18432
v 0.05099 0.00362 0.19957
v 0.04060 -0.01717 0.20632
v 0.03059 -0.01293 0.20367
v 0.04138 0.00730 0.19747
v 0.02967 -0.03764 0.20342
v 0.02059 -0.05364 0.19177
v 0.01153 -0.04846 0.18970
v 0.02024 -0.03289 0.20100
v 0.04060 -0.01717 0.20632
v 0.03059 -0.01293 0.20367
v 0.01295 -0.06580 0.17151
v 0.00482 -0.05954 0.17026
v -0.03736 -0.07241 -0.13754
v -0.03960 -0.06743 -0.13583
v -0.01744 -0.03892 -0.18564
v -0.01375 -0.04291 -0.18705
v 0.02995 0.02848 -0.21106
v 0.03609 0.04686 -0.20256
v 0.02967 0.04861 -0.20153
v 0.02331 0.02992 -0.20986
v 0.01080 0.00556 -0.20982
v 0.01735 0.00559 -0.21171
v 0.02833 0.07147 -0.10679
v 0.02388 0.07113 -0.10610
v 0.03345 0.06488 -0.05962
v 0.02766 0.06451 -0.05930
v 0.11110 -0.01136 -0.01051
v 0.10385 -0.00659 -0.01770
v 0.10252 -0.02063 -0.02522
v 0.10992 -0.02497 -0.01737
v 0.09367 0.01939 0.01452
v 0.10046 0.00726 -0.00458
v 0.10756 0.00297 0.00313
v 0.09988 0.01581 0.02344
v 0.08965 0.02635 0.05040
v 0.08433 0.02921 0.03800
v 0.05511 -0.08235 0.01728
v 0.07506 -0.07190 -0.00323
v 0.06767 -0.06768 -0.01143
v 0.04751 -0.07931 0.00932
v 0.08434 -0.05229 -0.02362
v 0.09251 -0.05647 -0.01580
v 0.09624 -0.03523 -0.02767
v 0.10417 -0.03941 -0.01966
v 0.03749 -0.08658 0.04319
v 0.02974 -0.08478 0.03390
v 0.01736 -0.08582 0.05719
v 0.02398 -0.08688 0.07196
v 0.06779 -0.04539 -0.04093
v 0.08034 -0.02913 -0.04532
v 0.07471 -0.02719 -0.05309
v 0.06224 -0.04297 -0.04883
v 0.08770 -0.01260 -0.04383
v 0.08250 -0.01077 -0.05214
v 0.04670 -0.05695 -0.03988
v 0.05180 -0.05983 -0.03053
v 0.02976 -0.06856 -0.02633
v 0.03386 -0.07160 -0.01396
v 0.01707 -0.07883 0.00640
v 0.01351 -0.07651 -0.00993
v 0.08271 0.01770 -0.03680
v 0.08692 0.01532 -0.02607
v 0.08093 0.02509 -0.01081
v 0.07711 0.02727 -0.02436
v 0.08964 0.00245 -0.03734
v 0.08503 0.00475 -0.04643
v 0.07344 0.03311 0.00529
v 0.07020 0.03480 -0.01198
v 0.00539 -0.08124 0.02313
v 0.00123 -0.07998 0.00362
v -0.02829 -0.07507 -0.13641
v 0.03412 0.06878 -0.17008
v 0.02930 0.06820 -0.17088
v 0.04419 0.05962 -0.06093
v 0.04523 0.04238 -0.19962
v 0.03905 0.02399 -0.20828
v 0.02654 0.00087 -0.20978
v -0.00410 -0.04655 -0.18370
v 0.09332 0.02723 0.05322
v 0.08965 0.02635 0.05040
v 0.09988 0.01581 0.02344
v 0.10381 0.01641 0.02542
v 0.10756 0.00297 0.00313
v 0.11180 0.00318 0.00453
v 0.11110 -0.01136 -0.01051
v 0.11546 -0.01182 -0.00969
v 0.10992 -0.02497 -0.01737
v 0.11423 -0.02621 -0.01672
v 0.10417 -0.03941 -0.01966
v 0.10823 -0.04155 -0.01914
v 0.09251 -0.05647 -0.01580
v 0.09609 -0.05934 -0.01520
v 0.07506 -0.07190 -0.00323
v 0.07793 -0.07532 -0.00218
v 0.05511 -0.08235 0.01728
v 0.05772 -0.08570 0.01874
v 0.03749 -0.08658 0.04319
v 0.04000 -0.08967 0.04537
v 0.02398 -0.08688 0.07196
v 0.02605 -0.08993 0.07557
v 0.01499 -0.06923 0.17240
v 0.01295 -0.06580 0.17151
v 0.02059 -0.05364 0.19177
v 0.02293 -0.05665 0.19332
v 0.02967 -0.03764 0.20342
v 0.03235 -0.04011 0.20539
v 0.04060 -0.01717 0.20632
v 0.04365 -0.01883 0.20831
v 0.04365 -0.01883 0.20831
v 0.04060 -0.01717 0.20632
v 0.05099 0.00362 0.19957
v 0.05432 0.00300 0.20121
v 0.05816 0.02027 0.18517
v 0.06169 0.02040 0.18637
v 0.06312 0.03125 0.16642
v 0.06659 0.03143 0.16733
v 0.06617 0.03773 0.14393
v 0.06984 0.03817 0.14449
v 0.03615 0.06681 -0.05711
v 0.03345 0.06488 -0.05962
v 0.04419 0.05962 -0.06093
v 0.04515 0.06252 -0.05789
v 0.04887 0.05422 -0.04863
v 0.04940 0.05753 -0.04794
v 0.04765 0.06519 -0.06017
v 0.05216 0.05972 -0.04787
v 0.03209 0.07254 -0.09460
v 0.02998 0.06994 -0.09310
v 0.02833 0.07147 -0.10679
v 0.03071 0.07371 -0.10670
v 0.03057 0.07188 -0.12459
v 0.03260 0.07432 -0.12303
v 0.04091 0.06718 -0.12046
v 0.04168 0.07044 -0.11902
v 0.04292 0.06483 -0.10729
v 0.04378 0.06802 -0.10718
v 0.04378 0.06802 -0.10718
v 0.04292 0.06483 -0.10729
v 0.04020 0.06511 -0.09514
v 0.04090 0.06854 -0.09664
v 0.04444 0.07269 -0.12012
v 0.04639 0.07020 -0.10692
v 0.04639 0.07020 -0.10692
v 0.04356 0.07077 -0.09487
v 0.03668 0.07213 -0.15870
v 0.03417 0.07005 -0.15731
v 0.03412 0.06878 -0.17008
v 0.03682 0.07072 -0.17029
v 0.03677 0.06405 -0.18212
v 0.03909 0.06663 -0.18164
v 0.04671 0.06001 -0.17671
v 0.04773 0.06348 -0.17648
v 0.04902 0.06116 -0.16573
v 0.05026 0.06420 -0.16641
v 0.05026 0.06420 -0.16641
v 0.04902 0.06116 -0.16573
v 0.04507 0.06422 -0.15711
v 0.04635 0.06714 -0.15904
v 0.05061 0.06500 -0.17828
v 0.05301 0.06608 -0.16653
v 0.05301 0.06608 -0.16653
v 0.04892 0.06950 -0.15759
v 0.01763 0.00241 -0.21437
v 0.01735 0.00559 -0.21171
v 0.00495 -0.01604 -0.20552
v 0.00669 -0.01640 -0.20874
v 0.01409 -0.01966 -0.20340
v 0.01478 -0.01970 -0.20711
v 0.02237 -0.01236 -0.20561
v 0.02284 -0.01249 -0.20932
v 0.02284 -0.01249 -0.20932
v 0.02237 -0.01236 -0.20561
v 0.02654 0.00087 -0.20978
v 0.02539 -0.00179 -0.21302
v 0.01529 -0.02298 -0.20888
v 0.02423 -0.01546 -0.21106
v 0.02423 -0.01546 -0.21106
v 0.02848 -0.00082 -0.21570
v -0.00583 -0.05039 -0.18477
v -0.00410 -0.04655 -0.18370
v -0.01375 -0.04291 -0.18705
v -0.01441 -0.04706 -0.18782
v -0.02451 -0.05762 -0.16903
v -0.02364 -0.05964 -0.17201
v -0.01364 -0.06052 -0.16653
v -0.01367 -0.06227 -0.16979
v -0.00571 -0.05499 -0.17358
v -0.00598 -0.05730 -0.17590
v -0.00598 -0.05730 -0.17590
v -0.00571 -0.05499 -0.17358
v -0.01336 -0.06602 -0.16998
v -0.00491 -0.06019 -0.17722
v -0.00491 -0.06019 -0.17722
v -0.00344 -0.05122 -0.18816
v -0.03827 -0.07633 -0.13662
v -0.03736 -0.07241 -0.13754
v -0.04231 -0.07822 -0.11225
v -0.04223 -0.08108 -0.11481
v -0.03184 -0.08072 -0.11244
v -0.03261 -0.08337 -0.11512
v -0.02686 -0.07870 -0.12331
v -0.02765 -0.08166 -0.12455
v -0.02765 -0.08166 -0.12455
v -0.02686 -0.07870 -0.12331
v -0.02829 -0.07507 -0.13641
v -0.03017 -0.07882 -0.13563
v -0.03244 -0.08706 -0.11384
v -0.02680 -0.08490 -0.12485
v -0.02680 -0.08490 -0.12485
v -0.02846 -0.08115 -0.13865
v -0.04544 -0.08445 -0.07832
v -0.04515 -0.08106 -0.07981
v -0.04605 -0.08015 -0.06822
v -0.04619 -0.08340 -0.06829
v -0.03088 -0.08779 -0.06680
v -0.03006 -0.08465 -0.06701
v -0.03450 -0.08448 -0.07954
v -0.03556 -0.08771 -0.07687
v -0.03036 -0.09103 -0.06711
v -0.03514 -0.09092 -0.07983
v -0.00731 -0.02570 0.14239
v -0.00237 -0.02388 0.16898
v -0.00254 -0.04505 0.16841
v -0.00710 -0.05108 0.14251
v 0.00132 0.00031 0.14173
v 0.01774 0.02156 0.14052
v 0.01979 0.01944 0.16614
v 0.00541 -0.00058 0.16858
v 0.00772 -0.02590 0.19125
v 0.00374 -0.04039 0.18556
v 0.02795 0.01404 0.18694
v 0.01619 -0.00533 0.19204
v -0.01106 -0.03025 0.08541
v -0.00934 -0.02843 0.11420
v -0.01062 -0.05571 0.11172
v -0.01455 -0.05811 0.08174
v 0.01748 0.01719 0.08425
v 0.01818 0.02057 0.11287
v 0.00070 -0.00135 0.11364
v 0.00024 -0.00423 0.08433
v 0.01395 0.01298 0.05530
v -0.00219 -0.00698 0.05551
v 0.00976 0.01178 0.02667
v -0.00576 -0.00849 0.02732
v -0.02019 -0.05812 0.05395
v -0.01419 -0.03035 0.05702
v -0.02683 -0.05762 0.02785
v -0.01854 -0.03024 0.02981
v 0.00701 0.01353 0.00451
v -0.00934 -0.00918 0.00541
v -0.02298 -0.03148 0.00720
v -0.03251 -0.05917 0.00524
v -0.01303 0.00888 -0.13200
v 0.00053 0.03602 -0.13216
v -0.00266 0.03339 -0.10345
v -0.01824 0.00467 -0.10282
v -0.00242 0.02973 -0.07270
v 0.00134 0.02346 -0.04244
v -0.01592 -0.00508 -0.04039
v -0.01931 0.00030 -0.07126
v 0.01556 0.05285 -0.06844
v 0.02067 0.04662 -0.03942
v 0.03206 0.03384 0.03061
v 0.02913 0.03590 0.00815
v 0.03609 0.03376 0.05630
v 0.03903 0.03495 0.08343
v 0.03963 0.03624 0.11286
v 0.03851 0.03528 0.14045
v 0.03762 0.03127 0.16436
v 0.03824 0.02506 0.18024
v 0.01465 0.05785 -0.13154
v 0.02967 0.04861 -0.20153
v 0.02216 0.04500 -0.18823
v 0.01512 0.02585 -0.19483
v 0.02331 0.02992 -0.20986
v 0.00335 0.00104 -0.19584
v 0.01080 0.00556 -0.20982
v 0.00521 0.01982 -0.17408
v -0.00458 0.01393 -0.15347
v -0.01720 -0.01720 -0.15465
v -0.00684 -0.00795 -0.17583
v 0.01468 0.04180 -0.17107
v 0.00714 0.03883 -0.15258
v -0.01402 -0.02593 -0.17972
v -0.00526 -0.01477 -0.19242
v 0.02437 0.05411 -0.18179
v 0.03163 0.06217 -0.18734
v 0.02024 -0.03289 0.20100
v 0.03059 -0.01293 0.20367
v 0.04138 0.00730 0.19747
v 0.04931 0.02306 0.18432
v 0.05394 0.03313 0.16627
v 0.05641 0.03943 0.14338
v 0.05714 0.04295 0.11455
v 0.05649 0.04463 0.08041
v -0.00430 -0.07331 0.10521
v 0.00053 -0.06765 0.14285
v 0.00482 -0.05954 0.17026
v 0.01153 -0.04846 0.18970
v -0.00987 -0.07497 0.07303
v -0.02577 -0.07416 0.02339
v -0.01756 -0.07491 0.04683
v 0.05306 0.04618 0.05338
v 0.04858 0.04756 0.03317
v 0.00471 0.01725 -0.01661
v 0.02537 0.04025 -0.01428
v -0.01252 -0.00854 -0.01494
v -0.02728 -0.03271 -0.01374
v -0.03742 -0.05985 -0.01538
v -0.03152 -0.03256 -0.03958
v -0.04182 -0.05956 -0.04021
v -0.04550 -0.07649 -0.04266
v -0.04034 -0.07471 -0.01851
v -0.03366 -0.07419 0.00185
v 0.04498 0.04934 0.01289
v 0.03890 0.05301 -0.00889
v 0.03280 0.05825 -0.03242
v -0.03960 -0.06743 -0.13583
v -0.03451 -0.05069 -0.13113
v -0.04069 -0.05649 -0.10207
v -0.04640 -0.07581 -0.10303
v -0.04371 -0.05909 -0.07168
v -0.04824 -0.07708 -0.07173
v 0.02766 0.06451 -0.05930
v 0.02578 0.07224 -0.13068
v -0.02594 -0.02412 -0.13132
v -0.01744 -0.03892 -0.18564
v -0.02489 -0.03936 -0.15864
v -0.02957 -0.05638 -0.16409
v -0.00345 -0.01946 -0.20162
v 0.02160 0.05595 -0.16998
v 0.02930 0.06820 -0.17088
v 0.02830 0.07135 -0.15260
v 0.01814 0.05743 -0.15241
v 0.07996 0.02004 -0.07686
v 0.07966 0.02574 -0.07569
v 0.08296 0.02116 -0.06600
v 0.08186 0.01685 -0.07233
v 0.07666 0.01391 -0.08517
v 0.07507 0.01462 -0.09002
v 0.07780 0.01883 -0.08218
v 0.07910 0.00498 -0.07954
v 0.07868 -0.00010 -0.08015
v 0.07720 0.00818 -0.08407
v 0.08240 0.01111 -0.07124
v 0.08445 0.01000 -0.06664
v 0.08244 0.00160 -0.07161
v 0.08126 0.00619 -0.07423
v 0.06729 0.03000 -0.11775
v 0.06823 0.02773 -0.11277
v 0.06442 0.02308 -0.12473
v 0.06387 0.02323 -0.12982
v 0.06553 0.03335 -0.12680
v 0.06572 0.02807 -0.12271
v 0.06511 0.01568 -0.11766
v 0.06428 0.01020 -0.11709
v 0.06251 0.01375 -0.12675
v 0.06416 0.01793 -0.12265
v 0.06798 0.02259 -0.11068
v 0.06994 0.02278 -0.10523
v 0.06815 0.01352 -0.10772
v 0.06672 0.01762 -0.11265
v 0.06327 0.02448 -0.14911
v 0.06336 0.02424 -0.14428
v 0.06109 0.01575 -0.14725
v 0.06227 0.01995 -0.15123
v 0.06556 0.03103 -0.15549
v 0.06667 0.03615 -0.15596
v 0.06463 0.02906 -0.15087
v 0.06449 0.02467 -0.16237
v 0.06550 0.02919 -0.16025
v 0.06221 0.01813 -0.15599
v 0.06089 0.01312 -0.15619
v 0.06260 0.01643 -0.16391
v 0.06314 0.02008 -0.16061
v 0.05481 0.00234 -0.14682
v 0.05752 0.00696 -0.14698
v 0.05652 0.00415 -0.13762
v 0.05404 0.00057 -0.14196
v 0.05141 -0.00368 -0.15350
v 0.05374 0.00057 -0.15162
v 0.04845 -0.00970 -0.14658
v 0.04719 -0.01204 -0.15597
v 0.04922 -0.00795 -0.15142
v 0.05187 -0.00369 -0.13989
v 0.05241 -0.00419 -0.13460
v 0.04955 -0.00794 -0.14179
v 0.05515 -0.00087 -0.18972
v 0.05739 0.00310 -0.18731
v 0.05101 -0.00740 -0.18404
v 0.04746 -0.01316 -0.18322
v 0.04742 -0.01078 -0.19315
v 0.05242 -0.00533 -0.18846
v 0.05365 -0.00236 -0.17641
v 0.05150 -0.00619 -0.17907
v 0.05778 0.00413 -0.18211
v 0.06061 0.00905 -0.18112
v 0.05624 0.00191 -0.17764
v 0.03341 -0.03060 -0.17613
v 0.04009 -0.02278 -0.17688
v 0.03600 -0.02725 -0.17267
v 0.02804 -0.03657 -0.17010
v 0.02146 -0.04475 -0.17230
v 0.03004 -0.03466 -0.17491
v 0.03212 -0.03279 -0.16143
v 0.02562 -0.04124 -0.16136
v 0.02912 -0.03570 -0.16446
v 0.03678 -0.02640 -0.16708
v 0.04189 -0.02055 -0.16613
v 0.03828 -0.02570 -0.15639
v 0.03540 -0.02869 -0.16252
v 0.01640 -0.05290 -0.14779
v 0.01925 -0.05004 -0.14441
v 0.01299 -0.06219 -0.10366
v 0.01702 -0.05886 -0.10323
v 0.01470 -0.06281 -0.09375
v 0.01105 -0.06459 -0.09902
v 0.00685 -0.06844 -0.09774
v 0.00646 -0.07020 -0.09158
v 0.00273 -0.07142 -0.10072
v 0.01317 -0.07197 -0.06035
v 0.00683 -0.07744 -0.05491
v 0.00801 -0.07493 -0.06090
v 0.01643 -0.06736 -0.06950
v 0.02191 -0.06405 -0.07101
v 0.01669 -0.06888 -0.06394
v 0.00725 -0.07157 -0.07404
v 0.00608 -0.07169 -0.08101
v 0.01564 -0.06537 -0.07975
v 0.01230 -0.06836 -0.07344
v 0.00404 -0.07612 -0.06520
v -0.00451 -0.08243 -0.05694
v -0.00440 -0.08020 -0.07712
v 0.00382 -0.07474 -0.07122
v 0.03671 -0.03993 -0.10092
v 0.04150 -0.03553 -0.10092
v 0.03554 -0.04291 -0.09643
v 0.03765 -0.02678 -0.14039
v 0.03820 -0.02596 -0.14577
v 0.04050 -0.02357 -0.13704
v 0.03272 -0.03412 -0.13550
v 0.02935 -0.03884 -0.13682
v 0.03444 -0.03114 -0.13976
v 0.06236 -0.00405 -0.10486
v 0.06623 0.00193 -0.10471
v 0.06399 -0.00689 -0.09974
v 0.05590 -0.00951 -0.11128
v 0.05442 -0.00842 -0.11688
v 0.06030 -0.00016 -0.11465
v 0.05929 -0.00509 -0.10947
v 0.05480 -0.01670 -0.10373
v 0.05142 -0.02436 -0.10221
v 0.05412 -0.01386 -0.10902
v 0.06218 -0.01214 -0.09733
v 0.06471 -0.01300 -0.09305
v 0.05813 -0.01622 -0.09909
v 0.06171 -0.03113 -0.07862
v 0.06369 -0.03391 -0.07293
v 0.05203 -0.03543 -0.08436
v 0.05718 -0.03170 -0.08314
v 0.06065 -0.03917 -0.06961
v 0.05208 -0.04810 -0.06711
v 0.05542 -0.04265 -0.07076
v 0.04626 -0.04767 -0.07464
v 0.05046 -0.04304 -0.07535
v 0.02803 -0.04960 -0.09807
v 0.02251 -0.05318 -0.10371
v 0.02611 -0.04938 -0.10321
v 0.04457 -0.01970 -0.13005
v 0.04132 -0.02338 -0.13165
v 0.02361 -0.04607 -0.13796
v 0.01983 -0.04996 -0.13921
v 0.01298 -0.05690 -0.14737
v 0.00153 -0.07212 -0.10597
v 0.07559 -0.00882 -0.07959
v 0.05786 0.00254 -0.12584
v 0.05324 -0.00611 -0.12575
v 0.04893 -0.01348 -0.12710
v 0.06377 0.02370 -0.13750
v 0.06111 0.01472 -0.13765
v 0.06364 0.01735 -0.17555
v 0.03444 -0.05515 -0.07397
v 0.06531 0.02710 -0.18655
v 0.06543 0.04573 -0.15913
v 0.06311 0.05020 -0.12603
v 0.06588 0.04969 -0.08772
v 0.07530 0.03662 -0.07225
v 0.07017 0.04398 -0.04774
v 0.07751 0.03430 -0.05624
v 0.07210 0.01457 -0.09784
v 0.07103 0.00717 -0.09771
v 0.00890 -0.07922 -0.04341
v -0.00395 -0.08506 -0.03606
v 0.05222 0.00061 -0.18796
v 0.05515 -0.00087 -0.18972
v 0.05739 0.00310 -0.18731
v 0.05377 0.00347 -0.18604
v 0.05778 0.00413 -0.18211
v 0.05408 0.00438 -0.18235
v 0.05624 0.00191 -0.17764
v 0.05292 0.00277 -0.17906
v 0.05365 -0.00236 -0.17641
v 0.05095 -0.00047 -0.17813
v 0.05150 -0.00619 -0.17907
v 0.04934 -0.00339 -0.18013
v 0.05101 -0.00740 -0.18404
v 0.04905 -0.00426 -0.18380
v 0.04905 -0.00426 -0.18380
v 0.05101 -0.00740 -0.18404
v 0.05242 -0.00533 -0.18846
v 0.05028 -0.00258 -0.18699
v 0.06385 0.02892 -0.11692
v 0.06729 0.03000 -0.11775
v 0.06823 0.02773 -0.11277
v 0.06456 0.02713 -0.11303
v 0.06798 0.02259 -0.11068
v 0.06433 0.02303 -0.11132
v 0.06433 0.02303 -0.11132
v 0.06798 0.02259 -0.11068
v 0.06672 0.01762 -0.11265
v 0.06332 0.01909 -0.11281
v 0.06511 0.01568 -0.11766
v 0.06210 0.01768 -0.11672
v 0.06416 0.01793 -0.12265
v 0.06141 0.01951 -0.12071
v 0.06442 0.02308 -0.12473
v 0.06161 0.02352 -0.12235
v 0.06572 0.02807 -0.12271
v 0.06262 0.02741 -0.12078
v 0.07677 0.01841 -0.07587
v 0.07996 0.02004 -0.07686
v 0.08186 0.01685 -0.07233
v 0.07828 0.01589 -0.07230
v 0.08240 0.01111 -0.07124
v 0.07870 0.01136 -0.07144
v 0.07870 0.01136 -0.07144
v 0.08240 0.01111 -0.07124
v 0.08126 0.00619 -0.07423
v 0.07779 0.00747 -0.07379
v 0.07910 0.00498 -0.07954
v 0.07610 0.00650 -0.07799
v 0.07720 0.00818 -0.08407
v 0.07460 0.00903 -0.08158
v 0.07666 0.01391 -0.08517
v 0.07417 0.01357 -0.08244
v 0.07780 0.01883 -0.08218
v 0.07507 0.01745 -0.08008
v 0.05897 -0.00376 -0.10325
v 0.06236 -0.00405 -0.10486
v 0.06399 -0.00689 -0.09974
v 0.06043 -0.00607 -0.09908
v 0.06218 -0.01214 -0.09733
v 0.05897 -0.01029 -0.09715
v 0.05813 -0.01622 -0.09909
v 0.05557 -0.01360 -0.09844
v 0.05557 -0.01360 -0.09844
v 0.05813 -0.01622 -0.09909
v 0.05480 -0.01670 -0.10373
v 0.05278 -0.01390 -0.10219
v 0.05412 -0.01386 -0.10902
v 0.05235 -0.01151 -0.10665
v 0.05590 -0.00951 -0.11128
v 0.05385 -0.00817 -0.10843
v 0.05929 -0.00509 -0.10947
v 0.05654 -0.00458 -0.10697
v 0.05110 0.00255 -0.14677
v 0.05481 0.00234 -0.14682
v 0.05404 0.00057 -0.14196
v 0.05052 0.00113 -0.14299
v 0.05187 -0.00369 -0.13989
v 0.04884 -0.00212 -0.14140
v 0.04955 -0.00794 -0.14179
v 0.04707 -0.00538 -0.14286
v 0.04845 -0.00970 -0.14658
v 0.04624 -0.00672 -0.14651
v 0.04624 -0.00672 -0.14651
v 0.04845 -0.00970 -0.14658
v 0.04922 -0.00795 -0.15142
v 0.04683 -0.00536 -0.15022
v 0.05141 -0.00368 -0.15350
v 0.04851 -0.00203 -0.15186
v 0.05374 0.00057 -0.15162
v 0.05028 0.00126 -0.15046
v 0.03768 -0.02259 -0.13173
v 0.04132 -0.02338 -0.13165
v 0.03962 -0.02636 -0.12741
v 0.03633 -0.02491 -0.12832
v 0.03636 -0.03077 -0.12686
v 0.03383 -0.02828 -0.12773
v 0.03383 -0.02828 -0.12773
v 0.03636 -0.03077 -0.12686
v 0.03346 -0.03403 -0.13017
v 0.03165 -0.03074 -0.13040
v 0.03272 -0.03412 -0.13550
v 0.03105 -0.03089 -0.13469
v 0.03444 -0.03114 -0.13976
v 0.03236 -0.02859 -0.13803
v 0.03765 -0.02678 -0.14039
v 0.03485 -0.02522 -0.13853
v 0.04050 -0.02357 -0.13704
v 0.03705 -0.02273 -0.13592
v 0.03061 -0.02871 -0.17437
v 0.03341 -0.03060 -0.17613
v 0.03600 -0.02725 -0.17267
v 0.03252 -0.02615 -0.17171
v 0.03678 -0.02640 -0.16708
v 0.03315 -0.02545 -0.16722
v 0.03540 -0.02869 -0.16252
v 0.03218 -0.02722 -0.16362
v 0.03212 -0.03279 -0.16143
v 0.02963 -0.03036 -0.16274
v 0.02912 -0.03570 -0.16446
v 0.02730 -0.03244 -0.16507
v 0.02804 -0.03657 -0.17010
v 0.02653 -0.03301 -0.16969
v 0.02653 -0.03301 -0.16969
v 0.02804 -0.03657 -0.17010
v 0.03004 -0.03466 -0.17491
v 0.02804 -0.03178 -0.17360
v 0.01629 -0.04888 -0.13944
v 0.01983 -0.04996 -0.13921
v 0.01784 -0.05268 -0.13521
v 0.01476 -0.05098 -0.13639
v 0.01476 -0.05098 -0.13639
v 0.01784 -0.05268 -0.13521
v 0.01443 -0.05662 -0.13477
v 0.01215 -0.05399 -0.13605
v 0.00994 -0.05618 -0.13863
v 0.01159 -0.05947 -0.13811
v 0.01101 -0.05959 -0.14330
v 0.00946 -0.05626 -0.14261
v 0.01298 -0.05690 -0.14737
v 0.01101 -0.05417 -0.14565
v 0.01640 -0.05290 -0.14779
v 0.01366 -0.05114 -0.14599
v 0.01925 -0.05004 -0.14441
v 0.01583 -0.04895 -0.14342
v 0.02505 -0.04604 -0.10203
v 0.02611 -0.04938 -0.10321
v 0.02729 -0.04641 -0.10770
v 0.02596 -0.04372 -0.10551
v 0.03088 -0.04241 -0.10889
v 0.02875 -0.04061 -0.10642
v 0.03477 -0.03973 -0.10606
v 0.03178 -0.03854 -0.10425
v 0.03671 -0.03993 -0.10092
v 0.03328 -0.03869 -0.10024
v 0.03554 -0.04291 -0.09643
v 0.03237 -0.04100 -0.09676
v 0.03237 -0.04100 -0.09676
v 0.03554 -0.04291 -0.09643
v 0.03194 -0.04692 -0.09526
v 0.02957 -0.04411 -0.09584
v 0.02803 -0.04960 -0.09807
v 0.02654 -0.04620 -0.09802
v 0.01095 -0.06911 -0.06111
v 0.01317 -0.07197 -0.06035
v 0.00801 -0.07493 -0.06090
v 0.00700 -0.07137 -0.06166
v 0.00404 -0.07612 -0.06520
v 0.00390 -0.07217 -0.06541
v 0.00382 -0.07474 -0.07122
v 0.00334 -0.07116 -0.06980
v 0.00725 -0.07157 -0.07404
v 0.00582 -0.06883 -0.07181
v 0.01230 -0.06836 -0.07344
v 0.01012 -0.06613 -0.07130
v 0.01643 -0.06736 -0.06950
v 0.01360 -0.06535 -0.06828
v 0.01669 -0.06888 -0.06394
v 0.01373 -0.06663 -0.06393
v 0.01317 -0.07197 -0.06035
v 0.01095 -0.06911 -0.06111
v 0.05857 -0.03018 -0.07670
v 0.06171 -0.03113 -0.07862
v 0.06369 -0.03391 -0.07293
v 0.06011 -0.03253 -0.07230
v 0.06065 -0.03917 -0.06961
v 0.05798 -0.03649 -0.06952
v 0.05798 -0.03649 -0.06952
v 0.06065 -0.03917 -0.06961
v 0.05542 -0.04265 -0.07076
v 0.05368 -0.03935 -0.07023
v 0.05046 -0.04304 -0.07535
v 0.04939 -0.03971 -0.07397
v 0.04906 -0.04024 -0.08098
v 0.04820 -0.03749 -0.07865
v 0.05203 -0.03543 -0.08436
v 0.05073 -0.03355 -0.08141
v 0.05718 -0.03170 -0.08314
v 0.05497 -0.03055 -0.08033
v 0.00957 -0.06074 -0.10354
v 0.01299 -0.06219 -0.10366
v 0.01105 -0.06459 -0.09902
v 0.00803 -0.06262 -0.09992
v 0.00685 -0.06844 -0.09774
v 0.00468 -0.06560 -0.09886
v 0.00273 -0.07142 -0.10072
v 0.00137 -0.06786 -0.10137
v 0.00153 -0.07212 -0.10597
v 0.00025 -0.06859 -0.10565
v 0.00025 -0.06859 -0.10565
v 0.00153 -0.07212 -0.10597
v 0.00346 -0.06973 -0.11088
v 0.00181 -0.06672 -0.10943
v 0.00761 -0.06572 -0.11223
v 0.00519 -0.06358 -0.11039
v 0.01156 -0.06262 -0.10920
v 0.00841 -0.06112 -0.10789
v 0.06019 0.02534 -0.15099
v 0.06327 0.02448 -0.14911
v 0.06227 0.01995 -0.15123
v 0.05944 0.02191 -0.15259
v 0.06221 0.01813 -0.15599
v 0.05940 0.02052 -0.15622
v 0.05940 0.02052 -0.15622
v 0.06221 0.01813 -0.15599
v 0.06314 0.02008 -0.16061
v 0.06010 0.02200 -0.15973
v 0.06449 0.02467 -0.16237
v 0.06113 0.02549 -0.16106
v 0.06550 0.02919 -0.16025
v 0.06189 0.02894 -0.15945
v 0.06556 0.03103 -0.15549
v 0.06193 0.03031 -0.15584
v 0.06463 0.02906 -0.15087
v 0.06122 0.02883 -0.15234
v 0.04941 0.00247 -0.18936
v 0.05158 0.00633 -0.18718
v 0.05197 0.00744 -0.18226
v 0.05047 0.00530 -0.17792
v 0.04790 0.00107 -0.17671
v 0.04577 -0.00274 -0.17931
v 0.04535 -0.00387 -0.18406
v 0.04535 -0.00387 -0.18406
v 0.04682 -0.00178 -0.18812
v 0.06089 0.03089 -0.11615
v 0.06183 0.02857 -0.11113
v 0.06159 0.02334 -0.10884
v 0.06159 0.02334 -0.10884
v 0.06038 0.01832 -0.11067
v 0.05875 0.01658 -0.11580
v 0.05777 0.01898 -0.12099
v 0.05801 0.02409 -0.12314
v 0.05931 0.02902 -0.12113
v 0.07376 0.01985 -0.07440
v 0.07567 0.01664 -0.06988
v 0.07620 0.01099 -0.06875
v 0.07620 0.01099 -0.06875
v 0.07508 0.00614 -0.07170
v 0.07294 0.00497 -0.07699
v 0.07104 0.00817 -0.08152
v 0.07047 0.01384 -0.08264
v 0.07161 0.01868 -0.07969
v 0.05734 -0.00071 -0.10202
v 0.05897 -0.00371 -0.09670
v 0.05712 -0.00910 -0.09419
v 0.05299 -0.01353 -0.09585
v 0.05299 -0.01353 -0.09585
v 0.04941 -0.01410 -0.10085
v 0.04867 -0.01095 -0.10649
v 0.05060 -0.00633 -0.10872
v 0.05414 -0.00176 -0.10686
v 0.04894 0.00554 -0.14677
v 0.04814 0.00369 -0.14175
v 0.04595 -0.00057 -0.13965
v 0.04363 -0.00481 -0.14158
v 0.04254 -0.00656 -0.14638
v 0.04254 -0.00656 -0.14638
v 0.04332 -0.00478 -0.15126
v 0.04557 -0.00041 -0.15345
v 0.04793 0.00388 -0.15166
v 0.03598 -0.01941 -0.13093
v 0.03427 -0.02243 -0.12651
v 0.03103 -0.02688 -0.12583
v 0.03103 -0.02688 -0.12583
v 0.02816 -0.03008 -0.12928
v 0.02741 -0.03012 -0.13480
v 0.02912 -0.02713 -0.13911
v 0.03233 -0.02277 -0.13974
v 0.03516 -0.01958 -0.13638
v 0.02828 -0.02639 -0.17607
v 0.03092 -0.02291 -0.17263
v 0.03171 -0.02204 -0.16686
v 0.03026 -0.02443 -0.16219
v 0.02690 -0.02862 -0.16098
v 0.02382 -0.03168 -0.16397
v 0.02274 -0.03259 -0.16990
v 0.02274 -0.03259 -0.16990
v 0.02481 -0.03058 -0.17485
v 0.01481 -0.04557 -0.13871
v 0.01281 -0.04829 -0.13471
v 0.01281 -0.04829 -0.13471
v 0.00940 -0.05223 -0.13427
v 0.00654 -0.05513 -0.13762
v 0.00593 -0.05528 -0.14274
v 0.00799 -0.05252 -0.14690
v 0.01139 -0.04851 -0.14732
v 0.01421 -0.04566 -0.14392
v 0.02161 -0.04479 -0.10137
v 0.02276 -0.04183 -0.10589
v 0.02636 -0.03783 -0.10704
v 0.03026 -0.03516 -0.10421
v 0.03222 -0.03535 -0.09902
v 0.03105 -0.03832 -0.09452
v 0.03105 -0.03832 -0.09452
v 0.02747 -0.04231 -0.09336
v 0.02356 -0.04500 -0.09620
v 0.00988 -0.06638 -0.05880
v 0.00483 -0.06923 -0.05948
v 0.00062 -0.07054 -0.06415
v -0.00010 -0.06943 -0.07034
v 0.00339 -0.06623 -0.07304
v 0.00894 -0.06275 -0.07219
v 0.01323 -0.06168 -0.06802
v 0.01338 -0.06328 -0.06237
v 0.00988 -0.06638 -0.05880
v 0.05779 -0.02675 -0.07546
v 0.05966 -0.02969 -0.06974
v 0.05677 -0.03491 -0.06631
v 0.05677 -0.03491 -0.06631
v 0.05157 -0.03844 -0.06730
v 0.04640 -0.03894 -0.07201
v 0.04493 -0.03601 -0.07789
v 0.04803 -0.03102 -0.08131
v 0.05330 -0.02723 -0.08005
v 0.00853 -0.05726 -0.10284
v 0.00664 -0.05965 -0.09815
v 0.00240 -0.06355 -0.09678
v -0.00191 -0.06674 -0.09992
v -0.00327 -0.06754 -0.10544
v -0.00327 -0.06754 -0.10544
v -0.00129 -0.06511 -0.11054
v 0.00299 -0.06094 -0.11170
v 0.00705 -0.05773 -0.10846
v 0.05682 0.02616 -0.14963
v 0.05584 0.02167 -0.15176
v 0.05579 0.01986 -0.15655
v 0.05579 0.01986 -0.15655
v 0.05670 0.02180 -0.16118
v 0.05805 0.02636 -0.16294
v 0.05905 0.03084 -0.16082
v 0.05909 0.03263 -0.15605
v 0.05817 0.03070 -0.15141
v 0.02088 0.06563 0.04852
v 0.02139 0.06568 0.02567
v 0.02088 0.06563 0.04852
v 0.01500 0.06797 0.06323
v 0.02392 0.06643 0.06203
v -0.04000 -0.06922 0.06071
v -0.04729 -0.06268 0.07381
v -0.05084 -0.05877 0.07103
v -0.04575 -0.06323 0.05316
v 0.03466 0.05048 0.17012
v 0.03797 0.05662 0.14451
v 0.02094 0.06500 0.14341
v 0.02027 0.05745 0.17041
v 0.04017 0.05939 0.11131
v 0.03840 0.06093 0.08058
v 0.02157 0.06798 0.08061
v 0.02146 0.06787 0.11029
v 0.02303 0.06913 -0.00135
v 0.01692 0.06849 -0.00055
v 0.02139 0.06568 0.02567
v -0.05781 -0.07404 -0.01430
v -0.05021 -0.07342 0.00535
v -0.05350 -0.06789 0.00451
v -0.05981 -0.07052 -0.01257
v -0.03395 -0.06976 0.08530
v -0.04624 -0.06156 0.08858
v -0.02825 -0.06837 0.11603
v -0.04150 -0.06005 0.11786
v -0.01842 -0.05502 0.17442
v -0.00972 -0.04112 0.19648
v -0.02046 -0.03458 0.19694
v -0.02963 -0.04793 0.17559
v 0.00021 -0.02348 0.20808
v -0.01059 -0.01748 0.20802
v 0.02280 0.02174 0.20310
v 0.03052 0.03921 0.18875
v 0.01801 0.04535 0.18920
v 0.01126 0.02707 0.20326
v 0.03558 0.06234 0.06034
v -0.04418 -0.07148 0.03021
v -0.04763 -0.06494 0.02963
v 0.01156 -0.00137 0.21028
v 0.00039 0.00402 0.21011
v 0.01156 -0.00137 0.21028
v 0.00039 0.00402 0.21011
v 0.01739 0.07435 -0.02516
v 0.01340 0.07443 -0.02295
v -0.02325 -0.06415 0.14712
v -0.03642 -0.05575 0.14890
v -0.03412 -0.03051 -0.07079
v -0.03188 -0.02759 -0.10217
v 0.03674 0.07050 -0.05898
v 0.01892 0.00410 -0.21776
v -0.01396 -0.04725 -0.19187
v -0.03894 -0.07816 -0.14009
v 0.03472 0.06716 -0.02978
v 0.02984 0.07319 -0.05554
v 0.01190 0.08097 -0.05101
v 0.03037 0.05392 -0.20922
v 0.02319 0.03262 -0.21866
v 0.00999 0.03691 -0.21899
v 0.01682 0.05778 -0.21097
v 0.04178 0.02443 -0.21432
v 0.03239 0.02904 -0.21718
v 0.03931 0.04988 -0.20740
v 0.04876 0.04532 -0.20440
v 0.00967 0.00586 -0.21841
v -0.00253 0.01158 -0.21810
v 0.01892 0.00410 -0.21776
v 0.02848 -0.00082 -0.21570
v 0.02092 -0.03619 0.20986
v 0.03265 -0.01350 0.21301
v 0.02994 -0.04036 0.20800
v 0.02003 -0.05765 0.19533
v 0.01103 -0.05424 0.19709
v 0.04169 -0.01815 0.21107
v 0.05839 0.03960 0.17101
v 0.06142 0.04641 0.14626
v 0.06568 0.03425 0.16891
v 0.06074 0.02316 0.18824
v 0.05335 0.02866 0.18996
v 0.06901 0.04132 0.14528
v 0.04456 0.01040 0.20549
v 0.05287 0.00491 0.20362
v 0.04169 -0.01815 0.21107
v 0.03265 -0.01350 0.21301
v 0.00283 -0.06787 0.17514
v 0.01189 -0.07078 0.17363
v 0.01095 0.08512 -0.08163
v 0.03674 0.07050 -0.05898
v 0.04765 0.06519 -0.06017
v 0.03322 0.07563 -0.09287
v 0.03175 0.07684 -0.10643
v 0.02577 0.08011 -0.10566
v 0.01165 0.08702 -0.10683
v 0.03175 0.07684 -0.10643
v 0.01342 0.08763 -0.13355
v 0.03371 0.07755 -0.12402
v 0.01625 0.08637 -0.15763
v 0.03778 0.07543 -0.15796
v 0.03801 0.07373 -0.17098
v 0.03152 0.07783 -0.17343
v 0.01866 0.08212 -0.17741
v 0.03801 0.07373 -0.17098
v 0.01918 0.07289 -0.19606
v 0.04044 0.06918 -0.18374
v -0.02229 -0.04434 -0.19138
v -0.04608 -0.05389 -0.16949
v -0.03311 -0.03636 -0.19194
v -0.02846 -0.08115 -0.13865
v -0.03894 -0.07816 -0.14009
v -0.02524 -0.06280 -0.17292
v -0.04554 -0.07455 -0.13972
v -0.05714 -0.06787 -0.13941
v -0.01396 -0.04725 -0.19187
v -0.04400 -0.08432 -0.11384
v -0.04693 -0.08731 -0.07986
v -0.04760 -0.08632 -0.06798
v -0.06390 -0.07611 -0.10336
v -0.06586 -0.07684 -0.06815
v -0.01864 -0.01466 -0.20803
v -0.00344 -0.05122 -0.18816
v 0.00568 -0.01879 -0.21137
v 0.02435 -0.04848 -0.11205
v 0.02729 -0.04641 -0.10770
v 0.02923 -0.04043 -0.12823
v 0.03346 -0.03403 -0.13017
v 0.03477 -0.03973 -0.10606
v 0.03962 -0.02636 -0.12741
v 0.00843 -0.06487 -0.11729
v 0.01551 -0.05854 -0.11277
v 0.01156 -0.06262 -0.10920
v 0.00761 -0.06572 -0.11223
v 0.02036 -0.05078 -0.13039
v 0.01784 -0.05268 -0.13521
v 0.03125 -0.04080 -0.11339
v 0.03088 -0.04241 -0.10889
v 0.03556 -0.03333 -0.12371
v 0.03636 -0.03077 -0.12686
v -0.00072 -0.07355 -0.11615
v 0.00346 -0.06973 -0.11088
v 0.01367 -0.05843 -0.13038
v 0.01443 -0.05662 -0.13477
v 0.03194 -0.04692 -0.09526
v 0.04906 -0.04024 -0.08098
v -0.04331 -0.08315 -0.05113
v -0.04216 -0.08013 -0.05040
v 0.00947 -0.07623 0.13290
v 0.00053 -0.06765 0.14285
v 0.01195 -0.07862 0.13952
v 0.00947 -0.07623 0.13290
v 0.00213 -0.08017 0.09608
v -0.00430 -0.07331 0.10521
v -0.00455 -0.08095 0.06512
v -0.00987 -0.07497 0.07303
v -0.01099 -0.07969 0.04153
v -0.01756 -0.07491 0.04683
v -0.01857 -0.07886 0.01933
v -0.02577 -0.07416 0.02339
v -0.02615 -0.07893 -0.00138
v -0.03366 -0.07419 0.00185
v -0.03221 -0.08008 -0.02149
v -0.04034 -0.07471 -0.01851
v 0.04781 0.05701 -0.03596
v 0.04761 0.05232 -0.03579
v 0.03862 0.05670 -0.03298
v 0.04058 0.06049 -0.03292
v 0.06339 0.04426 0.04666
v 0.06767 0.04203 0.07485
v 0.05649 0.04463 0.08041
v 0.05306 0.04618 0.05338
v 0.07031 0.03981 0.10713
v 0.05714 0.04295 0.11455
v 0.07031 0.03981 0.10713
v 0.07378 0.04054 0.11316
v 0.03890 0.05301 -0.00889
v 0.03280 0.05825 -0.03242
v 0.04940 0.05753 -0.04794
v 0.04887 0.05422 -0.04863
v 0.05450 0.04759 0.00882
v 0.04498 0.04934 0.01289
v 0.05908 0.04538 0.02821
v 0.04858 0.04756 0.03317
v 0.03818 -0.09239 0.04386
v 0.02401 -0.09258 0.07420
v 0.02830 -0.09184 0.03199
v 0.04692 -0.08565 0.00622
v 0.05629 -0.08807 0.01662
v 0.01543 -0.09286 0.05569
v 0.10862 -0.04171 -0.02256
v 0.11506 -0.02537 -0.01994
v 0.09581 -0.06045 -0.01847
v 0.09966 -0.03708 -0.03329
v 0.08626 -0.05617 -0.02893
v 0.10697 -0.02008 -0.03031
v 0.10452 0.01943 0.02383
v 0.11266 0.00580 0.00244
v 0.09395 0.03037 0.05174
v 0.09754 0.02501 0.01259
v 0.08789 0.03519 0.03623
v 0.10485 0.01189 -0.00732
v 0.07704 -0.07713 -0.00500
v 0.06822 -0.07300 -0.01589
v 0.11641 -0.00994 -0.01237
v 0.10857 -0.00367 -0.02161
v 0.06292 0.05045 0.10975
v -0.00331 -0.07844 0.13872
v 0.09560 -0.00072 -0.02879
v 0.09431 -0.01546 -0.03562
v 0.08723 -0.03137 -0.03779
v 0.09249 0.01246 -0.01622
v 0.08636 0.02301 0.00129
v 0.07814 0.03164 0.02034
v 0.05845 -0.06316 -0.02157
v 0.03875 -0.07550 -0.00175
v 0.07475 -0.04802 -0.03354
v 0.02145 -0.08202 0.02142
v 0.01037 -0.08394 0.04083
v -0.02335 -0.09043 -0.07036
v -0.03036 -0.09103 -0.06711
v -0.01877 -0.08492 -0.11991
v -0.02680 -0.08490 -0.12485
v 0.00110 -0.06181 -0.17214
v 0.00793 -0.05170 -0.18404
v -0.00491 -0.06019 -0.17722
v 0.04010 -0.00418 -0.20931
v 0.05867 0.03931 -0.19969
v 0.05301 0.06608 -0.16653
v 0.05881 0.06054 -0.16385
v 0.05389 0.06475 -0.10602
v 0.04639 0.07020 -0.10692
v 0.05216 0.05972 -0.04787
v 0.06060 0.05345 -0.03680
v 0.00021 -0.08198 0.05713
v 0.00730 -0.08262 0.08271
v 0.01363 -0.08196 0.10637
v -0.00430 -0.08091 0.03784
v -0.01015 -0.08051 0.01494
v -0.02368 -0.08319 -0.04843
v -0.03309 -0.08358 -0.05424
v -0.01997 -0.08234 -0.02558
v -0.01538 -0.08113 -0.00569
v -0.02443 -0.08326 -0.07039
v -0.03006 -0.08465 -0.06701
v -0.02686 -0.07870 -0.12331
v -0.01654 -0.07307 -0.13589
v 0.00550 -0.04610 -0.18033
v -0.00121 -0.05572 -0.16913
v -0.00571 -0.05499 -0.17358
v 0.04789 0.01932 -0.20375
v 0.05374 0.03717 -0.19560
v 0.04902 0.06116 -0.16573
v 0.05332 0.05606 -0.16323
v 0.04903 0.05949 -0.10633
v 0.04292 0.06483 -0.10729
v 0.05612 0.04754 -0.03754
v 0.05876 0.04459 -0.01985
v 0.04887 0.05422 -0.04863
v 0.06219 0.04203 -0.00076
v 0.06530 0.04057 0.01926
v 0.06913 0.03949 0.03898
v 0.07563 0.03589 0.08834
v 0.07256 0.03812 0.06544
v 0.07889 0.03692 0.09351
v 0.07563 0.03589 0.08834
v 0.01363 -0.08196 0.10637
v 0.01531 -0.08476 0.11191
v 0.07951 0.03805 0.01189
v 0.08772 0.02938 -0.00605
v 0.01881 -0.08749 0.01243
v 0.03683 -0.07995 -0.01037
v 0.05667 -0.06711 -0.02963
v 0.07401 -0.05107 -0.04162
v 0.08783 -0.03276 -0.04623
v 0.09603 -0.01418 -0.04403
v 0.09794 0.00312 -0.03633
v 0.09455 0.01806 -0.02322
v 0.00672 -0.09026 0.03124
v 0.00874 -0.08161 0.13599
v -0.04580 -0.08114 -0.01752
v -0.03849 -0.08084 0.00289
v -0.02018 -0.08982 -0.02486
v -0.01599 -0.08857 -0.00487
v -0.03011 -0.08136 0.02451
v -0.01098 -0.08804 0.01555
v -0.04478 -0.08612 -0.04994
v -0.03369 -0.08975 -0.05309
v -0.03385 -0.08634 -0.05401
v -0.03088 -0.08779 -0.06680
v -0.03036 -0.09103 -0.06711
v -0.06402 -0.07425 -0.03491
v 0.07318 0.04467 0.11030
v 0.06661 0.04801 -0.00065
v 0.04756 0.05833 0.01557
v 0.06317 0.05061 -0.01944
v 0.05089 0.05897 -0.03386
v 0.05089 0.05897 -0.03386
v 0.05216 0.05972 -0.04787
v 0.04069 0.06224 -0.00635
v 0.04110 0.06406 -0.03125
v 0.04110 0.06406 -0.03125
v -0.05350 -0.06789 0.00451
v -0.05751 -0.04828 0.00065
v -0.06546 -0.06582 -0.02722
v -0.05981 -0.07052 -0.01257
v -0.06546 -0.06582 -0.02722
v -0.06742 -0.07023 -0.06728
v -0.06573 -0.06965 -0.10221
v -0.05666 -0.02728 -0.10166
v -0.05815 -0.02901 -0.06767
v -0.04017 0.00858 -0.07009
v -0.03789 0.01246 -0.10366
v -0.06771 -0.06448 -0.09898
v -0.06887 -0.06399 -0.06919
v -0.06771 -0.06448 -0.09898
v -0.06887 -0.06399 -0.06919
v -0.05893 -0.06213 -0.13989
v -0.04820 -0.02079 -0.13671
v -0.03262 0.01814 -0.13618
v -0.06146 -0.05914 -0.13921
v -0.06146 -0.05914 -0.13921
v -0.04734 -0.04832 -0.17081
v -0.03937 -0.00902 -0.16891
v -0.02356 0.02579 -0.16619
v -0.04967 -0.04455 -0.17113
v -0.04967 -0.04455 -0.17113
v -0.03476 -0.02981 -0.19211
v -0.03653 -0.02669 -0.19354
v -0.02138 -0.01207 -0.20738
v -0.02608 -0.01118 -0.20518
v -0.00683 0.01269 -0.21571
v -0.02327 0.00288 -0.19527
v -0.03653 -0.02669 -0.19354
v -0.01462 0.00790 -0.21213
v -0.02608 -0.01118 -0.20518
v -0.01462 0.00790 -0.21213
v 0.00504 0.03774 -0.21636
v -0.01188 0.03399 -0.19296
v -0.00006 0.03820 -0.21438
v -0.00006 0.03820 -0.21438
v 0.01238 0.05876 -0.20900
v 0.00024 0.06028 -0.18843
v 0.00746 0.05991 -0.20668
v 0.00746 0.05991 -0.20668
v 0.01566 0.07270 -0.19666
v 0.01355 0.08041 -0.17999
v 0.00863 0.07271 -0.19172
v 0.01021 0.08445 -0.15975
v -0.00855 0.05821 -0.16318
v 0.00728 0.07633 -0.18399
v 0.00863 0.07271 -0.19172
v 0.00728 0.07633 -0.18399
v 0.00497 0.08150 -0.16458
v 0.00497 0.08150 -0.16458
v 0.00680 0.08545 -0.13532
v -0.01471 0.05515 -0.13542
v 0.00178 0.08383 -0.13746
v 0.00178 0.08383 -0.13746
v 0.00475 0.08449 -0.10732
v -0.01849 0.05143 -0.10500
v 0.00060 0.08414 -0.10641
v 0.00060 0.08414 -0.10641
v 0.00467 0.07771 -0.04592
v 0.00407 0.08242 -0.08077
v -0.02031 0.04693 -0.07403
v -0.00012 0.08233 -0.08224
v -0.00012 0.08233 -0.08224
v 0.01692 0.06849 -0.00055
v -0.00710 0.05357 -0.00526
v -0.00128 0.07531 -0.04761
v 0.01340 0.07443 -0.02295
v 0.00467 0.07771 -0.04592
v -0.01477 0.05126 -0.01884
v -0.00128 0.07531 -0.04761
v -0.02141 0.03999 -0.04042
v -0.02170 0.03137 0.00202
v -0.02372 0.03500 -0.00649
v -0.03485 0.00665 0.00307
v -0.03940 0.00525 -0.03603
v -0.03909 0.00477 0.00111
v -0.05694 -0.02707 -0.03200
v -0.04834 -0.01927 0.00142
v -0.05311 -0.02168 -0.00396
v -0.06676 -0.05830 -0.03013
v -0.06110 -0.04214 -0.01463
v -0.06676 -0.05830 -0.03013
v -0.05424 -0.04946 0.08302
v -0.05138 -0.04775 0.11767
v -0.05084 -0.05877 0.07103
v -0.05424 -0.04946 0.08302
v -0.04185 -0.01630 0.08309
v -0.04455 -0.01619 0.09166
v -0.05597 -0.04399 0.08728
v -0.02940 0.01082 0.08375
v -0.04414 -0.01437 0.11582
v -0.02826 0.01346 0.11465
v -0.03212 0.01153 0.09288
v -0.01541 0.03761 0.08235
v 0.00550 0.06731 0.07713
v 0.00550 0.06731 0.07713
v -0.01538 0.04426 0.09077
v 0.01500 0.06797 0.06323
v 0.00039 0.06834 0.08405
v 0.00490 0.06902 0.11073
v -0.01652 0.04350 0.11332
v -0.00051 0.06875 0.11115
v -0.00051 0.06875 0.11115
v 0.00039 0.06834 0.08405
v 0.00527 0.06646 0.14341
v -0.01443 0.04344 0.14681
v -0.02580 0.01509 0.14670
v -0.00046 0.06441 0.14860
v -0.00046 0.06441 0.14860
v 0.00626 0.05810 0.17208
v -0.00043 0.05436 0.17511
v 0.00602 0.04660 0.19021
v -0.00223 0.04446 0.18662
v -0.00964 0.03665 0.17694
v -0.00043 0.05436 0.17511
v -0.00055 0.03035 0.19958
v -0.00464 0.03432 0.19563
v -0.00464 0.03432 0.19563
v -0.00223 0.04446 0.18662
v -0.01962 0.01365 0.17740
v -0.00888 0.00812 0.20647
v -0.01316 0.01192 0.20388
v -0.01316 0.01192 0.20388
v -0.02387 -0.00946 0.20263
v -0.01850 -0.01275 0.20547
v -0.00888 0.00812 0.20647
v -0.01316 0.01192 0.20388
v -0.02917 -0.02768 0.19524
v -0.03247 -0.02242 0.19262
v -0.03830 -0.03668 0.17692
v -0.03844 -0.01225 0.14968
v -0.03059 -0.00997 0.17834
v -0.02387 -0.00946 0.20263
v -0.04088 -0.03206 0.17626
v -0.03247 -0.02242 0.19262
v -0.04088 -0.03206 0.17626
v -0.04674 -0.04315 0.14992
v -0.05362 -0.04231 0.11584
v -0.04885 -0.03826 0.15013
v -0.05362 -0.04231 0.11584
v -0.05597 -0.04399 0.08728
v -0.04885 -0.03826 0.15013
v -0.03309 -0.08358 -0.05424
v -0.03006 -0.08465 -0.06701
v 0.01708 -0.09553 0.01589
v 0.02114 -0.09687 0.02186
v 0.09902 0.03883 0.02783
v 0.09285 0.04345 0.02726
v 0.00933 -0.09835 0.04204
v 0.01571 -0.09922 0.04772
v 0.01399 -0.09842 0.04875
v 0.00855 -0.09760 0.04388
v 0.01658 -0.09911 0.06386
v 0.01078 -0.09814 0.07018
v 0.00988 -0.09737 0.06822
v 0.01486 -0.09823 0.06270
v -0.01431 -0.09444 0.05711
v -0.01254 -0.09479 0.04885
v -0.01018 -0.09435 0.05006
v -0.01203 -0.09414 0.05712
v 0.00110 -0.09703 0.04021
v 0.00140 -0.09636 0.04227
v 0.00276 -0.09690 0.07277
v -0.00549 -0.09563 0.07094
v -0.00431 -0.09517 0.06903
v 0.00284 -0.09626 0.07056
v -0.01173 -0.09476 0.06522
v -0.00975 -0.09448 0.06410
v -0.00690 -0.09569 0.04263
v -0.00561 -0.09526 0.04450
v 0.01846 -0.09948 0.05558
v 0.01638 -0.09866 0.05553
v 0.08398 0.04997 0.08041
v 0.08841 0.04712 0.07439
v 0.08631 0.04750 0.07332
v 0.08257 0.04976 0.07858
v 0.06511 0.06246 0.06042
v 0.06386 0.06300 0.06830
v 0.06529 0.06123 0.06813
v 0.06636 0.06074 0.06142
v 0.06601 0.06149 0.07592
v 0.07105 0.05822 0.08128
v 0.07148 0.05703 0.07931
v 0.06712 0.05987 0.07469
v 0.08954 0.04647 0.06645
v 0.08725 0.04709 0.06647
v 0.06941 0.06006 0.05443
v 0.07011 0.05871 0.05625
v 0.07760 0.05398 0.08291
v 0.07718 0.05343 0.08068
v 0.07553 0.05619 0.05194
v 0.07545 0.05543 0.05403
v 0.08703 0.04827 0.05877
v 0.08199 0.05177 0.05354
v 0.08103 0.05176 0.05537
v 0.08526 0.04866 0.05987
v 0.00855 -0.09760 0.04388
v 0.01399 -0.09842 0.04875
v 0.01486 -0.09823 0.06270
v 0.00988 -0.09737 0.06822
v -0.01203 -0.09414 0.05712
v -0.01018 -0.09435 0.05006
v 0.00140 -0.09636 0.04227
v 0.00284 -0.09626 0.07056
v -0.00431 -0.09517 0.06903
v -0.00975 -0.09448 0.06410
v -0.00561 -0.09526 0.04450
v 0.01638 -0.09866 0.05553
v 0.08257 0.04976 0.07858
v 0.08631 0.04750 0.07332
v 0.06636 0.06074 0.06142
v 0.06529 0.06123 0.06813
v 0.06712 0.05987 0.07469
v 0.07148 0.05703 0.07931
v 0.08725 0.04709 0.06647
v 0.07011 0.05871 0.05625
v 0.07718 0.05343 0.08068
v 0.07545 0.05543 0.05403
v 0.08526 0.04866 0.05987
v 0.08103 0.05176 0.05537
v 0.01823 -0.09782 0.06523
v 0.01175 -0.09675 0.07212
v 0.00271 -0.09531 0.07480
v -0.00648 -0.09392 0.07254
v -0.01333 -0.09293 0.06596
v -0.01600 -0.09258 0.05683
v -0.01380 -0.09296 0.04761
v 0.08419 0.04840 0.08188
v 0.08947 0.04488 0.07513
v 0.06270 0.06223 0.05945
v 0.06149 0.06281 0.06862
v 0.06393 0.06099 0.07715
v 0.06944 0.05711 0.08302
v 0.07683 0.05254 0.08472
v 0.09581 -0.02237 -0.05602
v 0.10420 -0.02614 -0.05008
v 0.09900 -0.03771 -0.05178
v 0.09027 -0.03375 -0.05815
v 0.09303 -0.04785 -0.05131
v 0.08460 -0.04425 -0.05748
v 0.09235 -0.06169 -0.04097
v 0.08529 -0.05774 -0.04884
v 0.09998 -0.05220 -0.04323
v 0.10651 -0.04193 -0.04353
v 0.11150 -0.03044 -0.04223
v 0.09716 -0.00971 -0.05508
v 0.09952 -0.01131 -0.05202
v 0.09341 -0.02097 -0.05891
v 0.08961 -0.01934 -0.05978
v 0.09417 -0.00867 -0.05611
v 0.08754 -0.03240 -0.06148
v 0.08203 -0.04315 -0.06067
v 0.08426 -0.03093 -0.06227
v 0.07822 -0.04141 -0.06196
v 0.10280 -0.05397 -0.04176
v 0.10462 -0.05508 -0.03859
v 0.09718 -0.06447 -0.03718
v 0.09528 -0.06361 -0.03958
v 0.10974 -0.04355 -0.04202
v 0.11122 -0.04446 -0.03886
v 0.11432 -0.03173 -0.04080
v 0.11630 -0.03266 -0.03781
v 0.11035 -0.03206 -0.03339
v 0.11912 -0.02178 -0.03462
v 0.11331 -0.02216 -0.03066
v 0.08790 -0.02081 -0.05282
v 0.08260 -0.03064 -0.05490
v 0.07751 -0.03994 -0.05435
v 0.07181 -0.05134 -0.05974
v 0.07117 -0.04855 -0.05278
v 0.10640 -0.04236 -0.03408
v 0.10071 -0.05162 -0.03390
v 0.09960 -0.02631 -0.04310
v 0.11035 -0.03206 -0.03339
v 0.11331 -0.02216 -0.03066
v 0.10255 -0.01644 -0.04007
v 0.08972 -0.04558 -0.04394
v 0.10071 -0.05162 -0.03390
v 0.10640 -0.04236 -0.03408
v 0.09504 -0.03634 -0.04426
v 0.08790 -0.02081 -0.05282
v 0.08260 -0.03064 -0.05490
v 0.07751 -0.03994 -0.05435
v 0.10763 -0.01497 -0.04635
v 0.07765 -0.05394 -0.05496
v 0.11071 -0.00278 -0.04074
v 0.10264 0.00082 -0.04493
v 0.07881 -0.06660 -0.04461
v 0.07080 -0.06278 -0.05003
v 0.07595 -0.07679 -0.03187
v 0.06957 -0.07340 -0.03874
v 0.08440 -0.06999 -0.03704
v 0.11483 -0.01918 -0.03885
v 0.11672 -0.00633 -0.03310
v 0.10055 0.00237 -0.04751
v 0.10145 0.01334 -0.03813
v 0.10361 0.01142 -0.03537
v 0.07485 -0.05301 -0.05847
v 0.06811 -0.06199 -0.05332
v 0.09751 0.00337 -0.04896
v 0.06493 -0.06040 -0.05507
v 0.07844 -0.07885 -0.03056
v 0.08674 -0.07173 -0.03578
v 0.11791 -0.02048 -0.03732
v 0.08879 -0.07291 -0.03360
v 0.11950 -0.00730 -0.03161
v 0.12077 -0.00877 -0.02863
v 0.09132 -0.01083 -0.04963
v 0.11458 -0.01031 -0.02560
v 0.09448 -0.00007 -0.04282
v 0.09132 -0.01083 -0.04963
v 0.09447 -0.06041 -0.03198
v 0.08737 -0.06807 -0.02870
v 0.06496 -0.05656 -0.04867
v 0.09448 -0.00007 -0.04282
v 0.10471 -0.00517 -0.03416
v 0.08343 -0.05416 -0.04197
v 0.07117 -0.04855 -0.05278
v 0.06496 -0.05656 -0.04867
v 0.07674 -0.06203 -0.03825
v 0.11458 -0.01031 -0.02560
v 0.09447 -0.06041 -0.03198
v 0.08737 -0.06807 -0.02870
v 0.09830 0.01406 -0.03946
v 0.08052 -0.07992 -0.02890
v 0.11037 0.00858 -0.03060
v 0.09402 0.03925 0.00601
v 0.09921 0.03610 0.01003
v 0.10247 0.03137 0.00102
v 0.09714 0.03426 -0.00289
v 0.09195 0.04252 0.01330
v 0.09601 0.03987 0.01820
v 0.10540 0.02602 -0.00821
v 0.09976 0.02881 -0.01212
v 0.08993 0.04563 0.02124
v 0.10880 0.01832 -0.01919
v 0.10262 0.02113 -0.02344
v 0.06360 -0.07009 -0.04398
v 0.06190 -0.07960 -0.03188
v 0.05622 -0.07661 -0.03651
v 0.05431 -0.08478 -0.02466
v 0.04891 -0.08202 -0.02876
v 0.04700 -0.08920 -0.01661
v 0.04157 -0.08656 -0.02054
v 0.04026 -0.09265 -0.00860
v 0.03483 -0.09015 -0.01232
v 0.03417 -0.09527 -0.00010
v 0.02869 -0.09286 -0.00404
v 0.02506 -0.09694 0.01481
v 0.02019 -0.09517 0.00976
v 0.02906 -0.09666 0.00775
v 0.02343 -0.09447 0.00360
v 0.03576 -0.09848 0.01172
v 0.04073 -0.09710 0.00419
v 0.03209 -0.09879 0.01724
v 0.02861 -0.09884 0.02282
v 0.04672 -0.09468 -0.00396
v 0.05332 -0.09159 -0.01152
v 0.06819 -0.08264 -0.02569
v 0.06055 -0.08741 -0.01908
v 0.11676 0.00482 -0.02455
v 0.11471 0.01457 -0.01393
v 0.11086 0.02215 -0.00357
v 0.10786 0.02736 0.00542
v 0.10167 0.03551 0.02086
v 0.10450 0.03205 0.01433
v 0.09012 0.04526 0.01232
v 0.08541 0.04741 0.01281
v 0.09221 0.04197 0.00405
v 0.08893 0.04286 0.00287
v 0.09537 0.03675 -0.00512
v 0.09147 0.03743 -0.00620
v 0.09797 0.03112 -0.01452
v 0.09450 0.03192 -0.01594
v 0.10061 0.02313 -0.02588
v 0.09713 0.02377 -0.02724
v 0.06071 -0.06950 -0.04727
v 0.05357 -0.07627 -0.03946
v 0.05800 -0.06812 -0.04920
v 0.05062 -0.07453 -0.04136
v 0.04619 -0.08199 -0.03142
v 0.03901 -0.08661 -0.02282
v 0.04371 -0.08117 -0.03335
v 0.03683 -0.08588 -0.02502
v 0.03210 -0.09026 -0.01456
v 0.02607 -0.09305 -0.00602
v 0.02977 -0.08973 -0.01632
v 0.02348 -0.09217 -0.00756
v 0.02069 -0.09487 0.00171
v 0.01809 -0.09436 0.00065
v 0.01705 -0.09571 0.00934
v 0.01267 -0.09505 0.00929
v 0.03264 -0.10024 0.01976
v 0.03395 -0.10056 0.02323
v 0.03731 -0.10037 0.01318
v 0.03893 -0.10058 0.01494
v 0.04239 -0.09890 0.00529
v 0.04429 -0.09921 0.00705
v 0.04856 -0.09663 -0.00298
v 0.05038 -0.09725 -0.00170
v 0.05516 -0.09336 -0.01070
v 0.05728 -0.09375 -0.00922
v 0.06272 -0.08929 -0.01822
v 0.06472 -0.09007 -0.01710
v 0.07040 -0.08444 -0.02478
v 0.07278 -0.08502 -0.02288
v 0.11973 0.00407 -0.02305
v 0.11766 0.01381 -0.01243
v 0.12090 0.00254 -0.02075
v 0.11891 0.01203 -0.01040
v 0.11393 0.02134 -0.00201
v 0.11053 0.02656 0.00728
v 0.11521 0.01950 0.00018
v 0.11152 0.02443 0.00953
v 0.10705 0.03126 0.01630
v 0.10357 0.03505 0.02327
v 0.10826 0.02929 0.01804
v 0.10417 0.03332 0.02748
v 0.11493 -0.00049 -0.01791
v 0.11292 0.00843 -0.00794
v 0.11493 -0.00049 -0.01791
v 0.10508 0.00428 -0.02600
v 0.10936 0.01526 0.00207
v 0.05793 -0.06335 -0.04393
v 0.05091 -0.06982 -0.03709
v 0.09517 0.00954 -0.03450
v 0.09517 0.00954 -0.03450
v 0.09418 0.01859 -0.02289
v 0.08025 -0.07486 -0.02410
v 0.07285 -0.08002 -0.01916
v 0.09116 0.02619 -0.01211
v 0.08853 0.03166 -0.00283
v 0.09835 0.02895 0.02771
v 0.09456 0.03228 0.03738
v 0.08531 0.03691 0.00584
v 0.08201 0.04122 0.01509
v 0.10235 0.02493 0.01927
v 0.07809 0.04510 0.02513
v 0.10579 0.02041 0.01073
v 0.04353 -0.07521 -0.03011
v 0.03669 -0.07968 -0.02204
v 0.03001 -0.08317 -0.01430
v 0.06563 -0.08434 -0.01336
v 0.05813 -0.08804 -0.00640
v 0.05160 -0.09076 0.00087
v 0.04491 -0.09257 0.00894
v 0.01386 -0.08839 0.01090
v 0.00853 -0.08863 0.01896
v 0.03956 -0.09342 0.01654
v 0.03445 -0.09316 0.02428
v 0.02953 -0.09212 0.03201
v 0.01885 -0.08767 0.00255
v 0.02421 -0.08592 -0.00531
v 0.08979 0.03461 0.02154
v 0.09835 0.02895 0.02771
v 0.09456 0.03228 0.03738
v 0.08582 0.03812 0.03136
v 0.07809 0.04510 0.02513
v 0.08201 0.04122 0.01509
v 0.08531 0.03691 0.00584
v 0.09351 0.03042 0.01281
v 0.08853 0.03166 -0.00283
v 0.09693 0.02562 0.00423
v 0.10235 0.02493 0.01927
v 0.10579 0.02041 0.01073
v 0.09116 0.02619 -0.01211
v 0.10009 0.02027 -0.00472
v 0.10936 0.01526 0.00207
v 0.09418 0.01859 -0.02289
v 0.10350 0.01317 -0.01516
v 0.11292 0.00843 -0.00794
v 0.06210 -0.07447 -0.02780
v 0.07285 -0.08002 -0.01916
v 0.08025 -0.07486 -0.02410
v 0.06951 -0.06864 -0.03355
v 0.05793 -0.06335 -0.04393
v 0.05091 -0.06982 -0.03709
v 0.04751 -0.08330 -0.01395
v 0.05813 -0.08804 -0.00640
v 0.06563 -0.08434 -0.01336
v 0.05469 -0.07919 -0.02142
v 0.04353 -0.07521 -0.03011
v 0.03669 -0.07968 -0.02204
v 0.04086 -0.08638 -0.00651
v 0.03001 -0.08317 -0.01430
v 0.02421 -0.08592 -0.00531
v 0.03462 -0.08875 0.00204
v 0.05160 -0.09076 0.00087
v 0.04491 -0.09257 0.00894
v 0.01885 -0.08767 0.00255
v 0.02922 -0.08992 0.00978
v 0.02417 -0.09008 0.01781
v 0.01904 -0.08960 0.02569
v 0.02953 -0.09212 0.03201
v 0.03445 -0.09316 0.02428
v 0.03956 -0.09342 0.01654
v 0.01386 -0.08839 0.01090
v 0.00853 -0.08863 0.01896
v 0.01795 -0.09017 0.06459
v 0.02116 -0.09087 0.05518
v 0.01798 -0.08907 0.05496
v 0.01631 -0.08919 0.06366
v 0.01795 -0.09017 0.06459
v 0.02116 -0.09087 0.05518
v 0.02318 -0.09122 0.04443
v 0.01646 -0.08928 0.04957
v 0.02318 -0.09122 0.04443
v 0.01190 -0.08864 0.03825
v 0.00066 -0.08774 0.03181
v 0.01027 -0.08784 0.04416
v 0.00066 -0.08774 0.03181
v 0.00233 -0.08570 0.04253
v -0.00532 -0.08661 0.04092
v -0.01113 -0.08572 0.04861
v -0.00532 -0.08661 0.04092
v -0.00420 -0.08511 0.04451
v -0.01113 -0.08572 0.04861
v -0.00897 -0.08501 0.04912
v -0.01347 -0.08532 0.05757
v -0.01182 -0.08590 0.06587
v -0.01347 -0.08532 0.05757
v -0.01054 -0.08414 0.05733
v -0.01182 -0.08590 0.06587
v -0.00816 -0.08404 0.06431
v -0.00485 -0.08657 0.07180
v -0.00485 -0.08657 0.07180
v -0.00282 -0.08492 0.06923
v 0.00351 -0.08796 0.07436
v 0.00351 -0.08796 0.07436
v 0.00419 -0.08580 0.07085
v 0.01166 -0.08913 0.07148
v 0.01083 -0.08688 0.06891
v 0.01166 -0.08913 0.07148
v 0.06569 0.05052 0.08214
v 0.06023 0.05484 0.07694
v 0.06269 0.05152 0.07520
v 0.06639 0.04888 0.07971
v 0.06569 0.05052 0.08214
v 0.06023 0.05484 0.07694
v 0.05840 0.05579 0.06922
v 0.05840 0.05579 0.06922
v 0.06091 0.05241 0.06952
v 0.05974 0.05514 0.06027
v 0.06177 0.05223 0.06184
v 0.05974 0.05514 0.06027
v 0.06370 0.05287 0.05303
v 0.06895 0.04962 0.04389
v 0.06546 0.04994 0.05585
v 0.06370 0.05287 0.05303
v 0.06895 0.04962 0.04389
v 0.06917 0.04718 0.05379
v 0.07794 0.04227 0.04994
v 0.08817 0.03621 0.05567
v 0.07603 0.04275 0.05552
v 0.08817 0.03621 0.05567
v 0.07951 0.04017 0.06053
v 0.08616 0.03774 0.06617
v 0.08040 0.03862 0.06652
v 0.08616 0.03774 0.06617
v 0.08412 0.03926 0.07465
v 0.08412 0.03926 0.07465
v 0.08081 0.03979 0.07368
v 0.07924 0.04253 0.08130
v 0.07311 0.04640 0.08433
v 0.07608 0.04258 0.07961
v 0.07924 0.04253 0.08130
v 0.07098 0.04544 0.08131
v 0.07311 0.04640 0.08433
vt 0.66889 0.79760
vt 0.66674 0.78676
vt 0.66016 0.79630
vt 0.67546 0.76904
vt 0.67574 0.78679
vt 0.67157 0.87388
vt 0.66146 0.86985
vt 0.66532 0.88261
vt 0.73191 0.81234
vt 0.72721 0.79739
vt 0.71933 0.80820
vt 0.70595 0.80347
vt 0.69178 0.80836
vt 0.70509 0.81599
vt 0.67158 0.80934
vt 0.67887 0.80069
vt 0.64797 0.80856
vt 0.64888 0.79690
vt 0.63755 0.79952
vt 0.63784 0.89276
vt 0.62936 0.90518
vt 0.63624 0.91029
vt 0.64936 0.89768
vt 0.64565 0.90966
vt 0.65416 0.91437
vt 0.69107 0.89804
vt 0.70668 0.89170
vt 0.69188 0.88502
vt 0.72561 0.90601
vt 0.71382 0.90289
vt 0.71600 0.91499
vt 0.60504 0.90208
vt 0.60084 0.91274
vt 0.61344 0.90591
vt 0.60442 0.87046
vt 0.59011 0.87905
vt 0.60459 0.88156
vt 0.60127 0.84588
vt 0.58751 0.85757
vt 0.60467 0.85649
vt 0.73557 0.88547
vt 0.73604 0.89573
vt 0.74622 0.88349
vt 0.75781 0.78053
vt 0.75206 0.79077
vt 0.76451 0.78942
vt 0.73244 0.78213
vt 0.60210 0.80919
vt 0.61563 0.81306
vt 0.61489 0.79991
vt 0.82896 0.84139
vt 0.82219 0.85271
vt 0.83200 0.84727
vt 0.81076 0.87233
vt 0.80236 0.88669
vt 0.81348 0.88091
vt 0.76357 0.93141
vt 0.75138 0.94244
vt 0.76013 0.94391
vt 0.69298 0.97975
vt 0.69631 0.97092
vt 0.68115 0.97486
vt 0.54240 0.90288
vt 0.55098 0.90699
vt 0.54882 0.89550
vt 0.57169 0.94596
vt 0.56459 0.93911
vt 0.56393 0.94953
vt 0.54348 0.87732
vt 0.53977 0.86728
vt 0.53461 0.87568
vt 0.53134 0.82110
vt 0.53753 0.83022
vt 0.53875 0.81541
vt 0.78359 0.52703
vt 0.78450 0.50091
vt 0.76567 0.51859
vt 0.26328 0.77790
vt 0.27274 0.77786
vt 0.26729 0.76832
vt 0.25975 0.75114
vt 0.25702 0.76704
vt 0.24897 0.84292
vt 0.25400 0.85138
vt 0.26027 0.84073
vt 0.25879 0.78793
vt 0.25162 0.77888
vt 0.28390 0.79009
vt 0.29775 0.78304
vt 0.28478 0.77962
vt 0.27948 0.86351
vt 0.27785 0.87988
vt 0.28597 0.87614
vt 0.26719 0.86658
vt 0.25967 0.88158
vt 0.26871 0.87809
vt 0.22585 0.86309
vt 0.22694 0.85089
vt 0.21139 0.85558
vt 0.18998 0.86765
vt 0.19862 0.87744
vt 0.20279 0.86534
vt 0.31169 0.87797
vt 0.30240 0.87969
vt 0.31487 0.88982
vt 0.31959 0.85012
vt 0.31673 0.85969
vt 0.33384 0.86167
vt 0.32823 0.81562
vt 0.32930 0.82740
vt 0.34820 0.82402
vt 0.17223 0.74779
vt 0.16456 0.75473
vt 0.17689 0.75815
vt 0.19776 0.75363
vt 0.33694 0.79608
vt 0.32359 0.78606
vt 0.32022 0.79791
vt 0.45401 0.68957
vt 0.46286 0.65998
vt 0.45446 0.66359
vt 0.40291 0.83052
vt 0.41590 0.82104
vt 0.40583 0.81463
vt 0.39490 0.88077
vt 0.39026 0.86784
vt 0.38365 0.87653
vt 0.36623 0.90236
vt 0.37898 0.90473
vt 0.37254 0.89237
vt 0.34403 0.94169
vt 0.34634 0.92719
vt 0.33750 0.93254
vt 0.14284 0.91142
vt 0.15588 0.90855
vt 0.14419 0.89596
vt 0.09388 0.83991
vt 0.10849 0.84664
vt 0.10147 0.83034
vt 0.07993 0.80168
vt 0.09206 0.80864
vt 0.08687 0.79583
vt 0.20937 0.95503
vt 0.22442 0.94656
vt 0.20889 0.94160
vt 0.22991 0.80920
vt 0.24247 0.82334
vt 0.25440 0.81264
vt 0.18933 0.84954
vt 0.17859 0.85036
vt 0.18905 0.85560
vt 0.23685 0.78349
vt 0.22283 0.77737
vt 0.22227 0.78843
vt 0.20928 0.78847
vt 0.20181 0.77903
vt 0.19807 0.79467
vt 0.83278 0.81969
vt 0.84159 0.81352
vt 0.83052 0.80644
vt 0.12810 0.81749
vt 0.10627 0.80221
vt 0.11325 0.82500
vt 0.15341 0.80635
vt 0.15513 0.81760
vt 0.12205 0.83969
vt 0.16890 0.87909
vt 0.15035 0.85885
vt 0.15379 0.88575
vt 0.16637 0.89654
vt 0.22097 0.91652
vt 0.21302 0.92935
vt 0.22782 0.93488
vt 0.22210 0.89444
vt 0.23387 0.89883
vt 0.23990 0.93400
vt 0.27156 0.90622
vt 0.28484 0.92426
vt 0.28182 0.90385
vt 0.23971 0.92180
vt 0.32826 0.90729
vt 0.33289 0.92085
vt 0.34404 0.91295
vt 0.36330 0.88179
vt 0.35266 0.87462
vt 0.35604 0.89245
vt 0.39265 0.80948
vt 0.37819 0.80770
vt 0.38899 0.82555
vt 0.36329 0.85486
vt 0.37303 0.86632
vt 0.37996 0.85491
vt 0.38260 0.78223
vt 0.38474 0.76467
vt 0.36393 0.77663
vt 0.78947 0.85914
vt 0.76952 0.84615
vt 0.76729 0.85827
vt 0.80095 0.86658
vt 0.79101 0.87993
vt 0.81035 0.84552
vt 0.77605 0.87979
vt 0.75623 0.86901
vt 0.74319 0.91604
vt 0.74274 0.93136
vt 0.75598 0.92184
vt 0.68712 0.94810
vt 0.69069 0.92964
vt 0.67711 0.93317
vt 0.67828 0.96331
vt 0.66615 0.96192
vt 0.69331 0.95935
vt 0.66797 0.95157
vt 0.64830 0.95268
vt 0.65344 0.93534
vt 0.64151 0.93659
vt 0.57963 0.93572
vt 0.58688 0.92464
vt 0.57184 0.92577
vt 0.56482 0.90202
vt 0.57212 0.88632
vt 0.56105 0.88923
vt 0.55208 0.82962
vt 0.56551 0.81511
vt 0.55234 0.81388
vt 0.56762 0.86373
vt 0.55331 0.85889
vt 0.55646 0.87152
vt 0.56739 0.77316
vt 0.56658 0.79030
vt 0.58346 0.78661
vt 0.09723 0.64448
vt 0.07714 0.61300
vt 0.07421 0.64819
vt 0.10963 0.76135
vt 0.08409 0.77334
vt 0.09943 0.77171
vt 0.07239 0.76580
vt 0.10205 0.56493
vt 0.07798 0.57682
vt 0.09907 0.59921
vt 0.40008 0.66675
vt 0.42549 0.66656
vt 0.42448 0.64099
vt 0.42509 0.61379
vt 0.40302 0.59206
vt 0.40316 0.62376
vt 0.53817 0.76038
vt 0.55223 0.75793
vt 0.54278 0.73222
vt 0.86025 0.22819
vt 0.86052 0.26671
vt 0.83849 0.25867
vt 0.82636 0.20594
vt 0.81878 0.22477
vt 0.85809 0.36011
vt 0.82170 0.38180
vt 0.81561 0.36223
vt 0.89420 0.20290
vt 0.90005 0.22254
vt 0.88329 0.26105
vt 0.89273 0.38339
vt 0.89816 0.36439
vt 0.83984 0.19093
vt 0.85996 0.18677
vt 0.87853 0.19141
vt 0.89817 0.24403
vt 0.82455 0.24539
vt 0.87727 0.39740
vt 0.85840 0.40263
vt 0.82007 0.34032
vt 0.89387 0.34359
vt 0.83739 0.39719
vt 0.88012 0.32751
vt 0.92666 0.92914
vt 0.94484 0.93137
vt 0.93323 0.93523
vt 0.96456 0.94436
vt 0.95686 0.93684
vt 0.96224 0.93124
vt 0.83743 0.32520
vt 0.85784 0.32335
vt 0.92870 0.90230
vt 0.93299 0.89575
vt 0.94467 0.90713
vt 0.95784 0.56558
vt 0.95306 0.57127
vt 0.94222 0.56027
vt 0.92969 0.53571
vt 0.94208 0.54041
vt 0.92606 0.54187
vt 0.92179 0.52716
vt 0.95414 0.53535
vt 0.96004 0.54180
vt 0.96262 0.52713
vt 0.92417 0.94240
vt 0.95525 0.89647
vt 0.96049 0.90335
vt 0.93124 0.57194
vt 0.92718 0.56568
vt 0.93265 0.44637
vt 0.94555 0.45452
vt 0.93132 0.45493
vt 0.93884 0.44109
vt 0.94550 0.44010
vt 0.95403 0.44237
vt 0.95908 0.44687
vt 0.96110 0.45321
vt 0.95918 0.46082
vt 0.95294 0.46658
vt 0.94560 0.46793
vt 0.93874 0.46685
vt 0.93326 0.46251
vt 0.94956 0.02746
vt 0.94409 0.03834
vt 0.94405 0.02663
vt 0.95390 0.03099
vt 0.95676 0.03766
vt 0.95521 0.04386
vt 0.95180 0.04834
vt 0.94414 0.05057
vt 0.93798 0.04808
vt 0.93543 0.04447
vt 0.93215 0.03836
vt 0.93437 0.03162
vt 0.93925 0.02719
vt 0.61806 0.78643
vt 0.62142 0.77935
vt 0.61668 0.77307
vt 0.61236 0.78698
vt 0.62630 0.79650
vt 0.61988 0.79354
vt 0.62579 0.80311
vt 0.63698 0.78645
vt 0.63343 0.79355
vt 0.64212 0.78612
vt 0.62831 0.77630
vt 0.63490 0.77927
vt 0.63943 0.77469
vt 0.62906 0.77005
vt 0.60747 0.84352
vt 0.61050 0.83678
vt 0.60494 0.83157
vt 0.61646 0.85108
vt 0.60983 0.84946
vt 0.61640 0.85820
vt 0.62652 0.84066
vt 0.62333 0.84762
vt 0.62791 0.85294
vt 0.63246 0.83940
vt 0.61742 0.83287
vt 0.62415 0.83435
vt 0.62817 0.82697
vt 0.61703 0.82555
vt 0.61496 0.88379
vt 0.62036 0.88585
vt 0.62514 0.88033
vt 0.61507 0.87733
vt 0.60682 0.89240
vt 0.60928 0.88665
vt 0.60169 0.89332
vt 0.61377 0.89916
vt 0.60865 0.89744
vt 0.62199 0.89128
vt 0.61922 0.89670
vt 0.62312 0.90049
vt 0.62756 0.89129
vt 0.64184 0.87983
vt 0.64457 0.87394
vt 0.63986 0.86780
vt 0.63568 0.87980
vt 0.64945 0.88847
vt 0.64385 0.88578
vt 0.65812 0.88100
vt 0.65535 0.88657
vt 0.65990 0.89290
vt 0.65058 0.87183
vt 0.65621 0.87486
vt 0.65142 0.86473
vt 0.64115 0.93065
vt 0.63717 0.92762
vt 0.62890 0.93280
vt 0.64891 0.92577
vt 0.64590 0.93008
vt 0.65637 0.92573
vt 0.64433 0.91620
vt 0.64838 0.91998
vt 0.63648 0.92195
vt 0.63925 0.91717
vt 0.63055 0.92019
vt 0.68172 0.92278
vt 0.67799 0.91729
vt 0.67043 0.92072
vt 0.69116 0.91766
vt 0.68736 0.92291
vt 0.70210 0.92231
vt 0.68680 0.90478
vt 0.69076 0.90988
vt 0.69881 0.90794
vt 0.67755 0.90983
vt 0.68098 0.90477
vt 0.67775 0.89643
vt 0.66935 0.90721
vt 0.71573 0.88391
vt 0.72029 0.88022
vt 0.71820 0.87324
vt 0.70996 0.88069
vt 0.71890 0.89618
vt 0.71527 0.89054
vt 0.72928 0.89384
vt 0.72462 0.89761
vt 0.72612 0.88172
vt 0.72979 0.88739
vt 0.72962 0.87710
vt 0.74108 0.84559
vt 0.74598 0.84130
vt 0.74338 0.83293
vt 0.73535 0.84270
vt 0.74615 0.85916
vt 0.74116 0.85297
vt 0.73358 0.85504
vt 0.74284 0.86477
vt 0.75828 0.85591
vt 0.75321 0.86050
vt 0.75313 0.84243
vt 0.75817 0.84867
vt 0.75706 0.83584
vt 0.76460 0.79593
vt 0.77121 0.79988
vt 0.77657 0.79388
vt 0.75400 0.80390
vt 0.75742 0.79761
vt 0.74609 0.80195
vt 0.76459 0.81540
vt 0.75718 0.81104
vt 0.74955 0.81613
vt 0.76263 0.82408
vt 0.77408 0.80754
vt 0.77123 0.81472
vt 0.77931 0.82658
vt 0.78938 0.80391
vt 0.72022 0.83678
vt 0.71533 0.84133
vt 0.71822 0.84876
vt 0.72617 0.83968
vt 0.71561 0.82428
vt 0.72035 0.82972
vt 0.72751 0.82698
vt 0.71758 0.81809
vt 0.70356 0.82837
vt 0.70862 0.82370
vt 0.69602 0.82570
vt 0.70844 0.84077
vt 0.70355 0.83543
vt 0.69503 0.83820
vt 0.70545 0.84639
vt 0.67784 0.86455
vt 0.68267 0.85988
vt 0.68112 0.85255
vt 0.67252 0.86131
vt 0.68227 0.87671
vt 0.67779 0.87146
vt 0.68001 0.88332
vt 0.69332 0.87316
vt 0.68861 0.87750
vt 0.69976 0.87641
vt 0.68942 0.86053
vt 0.69379 0.86612
vt 0.70318 0.86598
vt 0.69311 0.85720
vt 0.64869 0.82262
vt 0.65213 0.81500
vt 0.64126 0.82179
vt 0.65818 0.83281
vt 0.65105 0.82963
vt 0.64499 0.83640
vt 0.65708 0.84072
vt 0.66920 0.82319
vt 0.66504 0.83052
vt 0.67153 0.83867
vt 0.67846 0.82235
vt 0.65992 0.81207
vt 0.66725 0.81553
vt 0.66012 0.80558
vt 0.68205 0.78778
vt 0.68522 0.77969
vt 0.69242 0.79984
vt 0.68478 0.79570
vt 0.70448 0.78943
vt 0.70095 0.79729
vt 0.71136 0.79081
vt 0.69381 0.77697
vt 0.70125 0.78090
vt 0.70931 0.77856
vt 0.70158 0.76764
vt 0.62142 0.77935
vt 0.61668 0.77307
vt 0.61806 0.78643
vt 0.61236 0.78698
vt 0.65077 0.76543
vt 0.65219 0.78492
vt 0.65406 0.85288
vt 0.64204 0.85193
vt 0.66427 0.85591
vt 0.61566 0.86848
vt 0.62653 0.86771
vt 0.62181 0.91391
vt 0.69927 0.85227
vt 0.69015 0.84711
vt 0.73583 0.87179
vt 0.72491 0.86458
vt 0.71141 0.85818
vt 0.61249 0.92533
vt 0.59278 0.89802
vt 0.58554 0.83560
vt 0.58503 0.81220
vt 0.59968 0.78778
vt 0.59916 0.76729
vt 0.58326 0.76235
vt 0.59587 0.74687
vt 0.57950 0.74051
vt 0.62631 0.81371
vt 0.63489 0.81225
vt 0.78084 0.77994
vt 0.79989 0.78072
vt 0.80689 0.75878
vt 0.78517 0.76208
vt 0.75841 0.76510
vt 0.73005 0.76687
vt 0.63062 0.75876
vt 0.61297 0.75401
vt 0.22339 0.32945
vt 0.25603 0.32628
vt 0.25037 0.29315
vt 0.22245 0.29454
vt 0.31268 0.32196
vt 0.31158 0.29008
vt 0.27845 0.29173
vt 0.28166 0.32390
vt 0.19102 0.29720
vt 0.20022 0.32910
vt 0.34625 0.32138
vt 0.34294 0.29384
vt 0.35736 0.71981
vt 0.35324 0.73772
vt 0.37100 0.73202
vt 0.37596 0.71072
vt 0.14113 0.70338
vt 0.11935 0.69219
vt 0.12413 0.71672
vt 0.14640 0.72461
vt 0.23228 0.73262
vt 0.20175 0.72638
vt 0.20229 0.74012
vt 0.23180 0.74602
vt 0.26139 0.73593
vt 0.28803 0.75082
vt 0.28827 0.73632
vt 0.31217 0.74681
vt 0.31320 0.73396
vt 0.33328 0.74361
vt 0.33630 0.72844
vt 0.17049 0.71640
vt 0.17346 0.73304
vt 0.53851 0.55433
vt 0.53825 0.52643
vt 0.52681 0.52610
vt 0.52667 0.55653
vt 0.53799 0.50000
vt 0.52667 0.49888
vt 0.53825 0.47048
vt 0.53706 0.44021
vt 0.52751 0.44014
vt 0.52679 0.46942
vt 0.85469 0.48544
vt 0.85467 0.51136
vt 0.86715 0.51213
vt 0.86661 0.48430
vt 0.85351 0.45708
vt 0.86507 0.45693
vt 0.85430 0.54245
vt 0.86704 0.54341
vt 0.78516 0.91283
vt 0.79073 0.91718
vt 0.72856 0.96707
vt 0.72561 0.96072
vt 0.61551 0.97342
vt 0.59057 0.96150
vt 0.58578 0.96829
vt 0.61442 0.98162
vt 0.65232 0.98682
vt 0.64811 0.97960
vt 0.53591 0.84659
vt 0.53037 0.84634
vt 0.53737 0.79067
vt 0.53029 0.79166
vt 0.64261 0.68586
vt 0.63823 0.69920
vt 0.65714 0.70513
vt 0.66000 0.69093
vt 0.59306 0.67514
vt 0.61650 0.68975
vt 0.62090 0.67629
vt 0.59665 0.66130
vt 0.57340 0.64088
vt 0.57057 0.65738
vt 0.76817 0.68350
vt 0.73431 0.69162
vt 0.73432 0.70633
vt 0.77007 0.69763
vt 0.70299 0.70973
vt 0.70318 0.69474
vt 0.67671 0.70893
vt 0.67820 0.69419
vt 0.79816 0.66872
vt 0.80102 0.68386
vt 0.82287 0.66747
vt 0.82167 0.64751
vt 0.70356 0.74085
vt 0.67619 0.73986
vt 0.67610 0.75233
vt 0.70301 0.75337
vt 0.65269 0.73663
vt 0.65249 0.74945
vt 0.73244 0.75244
vt 0.73429 0.73881
vt 0.76337 0.74834
vt 0.76764 0.73236
vt 0.79879 0.72169
vt 0.79277 0.74131
vt 0.61146 0.73753
vt 0.61129 0.72271
vt 0.59052 0.71062
vt 0.59248 0.72802
vt 0.63188 0.73130
vt 0.63122 0.74465
vt 0.57084 0.69853
vt 0.57460 0.71910
vt 0.82039 0.71160
vt 0.81426 0.73491
vt 0.77666 0.90479
vt 0.55509 0.92453
vt 0.54994 0.92819
vt 0.55324 0.78917
vt 0.59683 0.95056
vt 0.61938 0.96125
vt 0.64999 0.96727
vt 0.72079 0.94818
vt 0.37299 0.62706
vt 0.36782 0.62479
vt 0.34469 0.64682
vt 0.34856 0.65062
vt 0.32224 0.66072
vt 0.32492 0.66553
vt 0.30219 0.66841
vt 0.30357 0.67367
vt 0.28526 0.67072
vt 0.28582 0.67620
vt 0.26714 0.67081
vt 0.26682 0.67645
vt 0.24281 0.66728
vt 0.24161 0.67279
vt 0.21303 0.65874
vt 0.21075 0.66385
vt 0.18135 0.64462
vt 0.17826 0.64918
vt 0.15357 0.62410
vt 0.14924 0.62749
vt 0.13138 0.59831
vt 0.12540 0.59936
vt 0.09183 0.48921
vt 0.09669 0.48902
vt 0.09819 0.45982
vt 0.09324 0.45935
vt 0.10023 0.43218
vt 0.09527 0.43196
vt 0.10163 0.40225
vt 0.09685 0.40201
vt 0.42162 0.41563
vt 0.41641 0.41536
vt 0.41495 0.44750
vt 0.41966 0.44771
vt 0.41368 0.47730
vt 0.41826 0.47753
vt 0.41303 0.50436
vt 0.41728 0.50459
vt 0.41166 0.53167
vt 0.41591 0.53262
vt 0.90925 0.05950
vt 0.90566 0.05950
vt 0.90566 0.06933
vt 0.90925 0.06933
vt 0.90566 0.08094
vt 0.90925 0.08094
vt 0.91264 0.06933
vt 0.91264 0.08094
vt 0.60634 0.04192
vt 0.60216 0.04192
vt 0.60216 0.05757
vt 0.60634 0.05757
vt 0.60216 0.07820
vt 0.60634 0.07820
vt 0.60216 0.09199
vt 0.60634 0.09199
vt 0.60216 0.10752
vt 0.60634 0.10752
vt 0.60634 0.01497
vt 0.60216 0.01497
vt 0.60216 0.02903
vt 0.60634 0.02903
vt 0.61058 0.09199
vt 0.61058 0.10752
vt 0.61058 0.01497
vt 0.61058 0.02903
vt 0.68831 0.04060
vt 0.68413 0.04060
vt 0.68413 0.05550
vt 0.68831 0.05550
vt 0.68413 0.07107
vt 0.68831 0.07107
vt 0.68413 0.08479
vt 0.68831 0.08479
vt 0.68413 0.09812
vt 0.68831 0.09812
vt 0.68831 0.01497
vt 0.68413 0.01497
vt 0.68413 0.02647
vt 0.68831 0.02647
vt 0.69248 0.08479
vt 0.69248 0.09812
vt 0.69248 0.01497
vt 0.69248 0.02647
vt 0.67281 0.04256
vt 0.66822 0.04256
vt 0.66822 0.07161
vt 0.67281 0.07161
vt 0.66822 0.08307
vt 0.67281 0.08307
vt 0.66822 0.09650
vt 0.67281 0.09650
vt 0.67281 0.01497
vt 0.66822 0.01497
vt 0.66822 0.03089
vt 0.67281 0.03089
vt 0.67699 0.08307
vt 0.67699 0.09650
vt 0.67699 0.01497
vt 0.67699 0.03089
vt 0.64062 0.08411
vt 0.64510 0.08411
vt 0.64510 0.07152
vt 0.64062 0.07152
vt 0.64510 0.04246
vt 0.64062 0.04246
vt 0.64510 0.02891
vt 0.64062 0.02891
vt 0.64510 0.01497
vt 0.64062 0.01497
vt 0.64062 0.09906
vt 0.64510 0.09906
vt 0.63641 0.02891
vt 0.63641 0.01497
vt 0.63641 0.09906
vt 0.63641 0.08411
vt 0.65686 0.04140
vt 0.65232 0.04140
vt 0.65232 0.07088
vt 0.65686 0.07088
vt 0.65232 0.08348
vt 0.65686 0.08348
vt 0.65232 0.09723
vt 0.65686 0.09723
vt 0.65686 0.01497
vt 0.65232 0.01497
vt 0.65232 0.03025
vt 0.65686 0.03025
vt 0.66106 0.08348
vt 0.66106 0.09723
vt 0.66106 0.01497
vt 0.66106 0.03025
vt 0.62216 0.04312
vt 0.61806 0.04312
vt 0.61806 0.05630
vt 0.62216 0.05630
vt 0.62216 0.01497
vt 0.61806 0.01497
vt 0.61806 0.02973
vt 0.62216 0.02973
vt 0.62636 0.01497
vt 0.62636 0.02973
vt 0.67344 0.21879
vt 0.67968 0.18722
vt 0.65520 0.18356
vt 0.64356 0.21421
vt 0.70570 0.22163
vt 0.73736 0.22241
vt 0.73621 0.19200
vt 0.70791 0.18961
vt 0.68356 0.15828
vt 0.66495 0.16273
vt 0.73660 0.16457
vt 0.70980 0.15875
vt 0.66348 0.28666
vt 0.66770 0.25215
vt 0.63458 0.25134
vt 0.62876 0.28784
vt 0.73275 0.29004
vt 0.73696 0.25558
vt 0.70277 0.25468
vt 0.69859 0.28959
vt 0.72529 0.32502
vt 0.69333 0.32428
vt 0.72020 0.35984
vt 0.68866 0.35849
vt 0.62559 0.32223
vt 0.66076 0.32120
vt 0.62245 0.35483
vt 0.65759 0.35455
vt 0.71934 0.38708
vt 0.68495 0.38523
vt 0.65293 0.38220
vt 0.61702 0.38264
vt 0.69417 0.55390
vt 0.73074 0.55585
vt 0.72792 0.52091
vt 0.68857 0.51820
vt 0.72606 0.48348
vt 0.72363 0.44578
vt 0.68320 0.44163
vt 0.68518 0.47979
vt 0.76165 0.47959
vt 0.76037 0.44293
vt 0.75889 0.35512
vt 0.75794 0.38276
vt 0.76290 0.32366
vt 0.76723 0.29043
vt 0.76910 0.25418
vt 0.76691 0.22040
vt 0.76127 0.19128
vt 0.75511 0.17129
vt 0.76220 0.55691
vt 0.75618 0.64476
vt 0.74897 0.62714
vt 0.72389 0.63451
vt 0.73183 0.65433
vt 0.69034 0.63419
vt 0.69842 0.65253
vt 0.71320 0.60771
vt 0.70279 0.58114
vt 0.66198 0.58104
vt 0.67626 0.60834
vt 0.74245 0.60507
vt 0.73621 0.58142
vt 0.65249 0.61206
vt 0.66862 0.62879
vt 0.76046 0.61938
vt 0.77288 0.62741
vt 0.68104 0.13778
vt 0.71051 0.13471
vt 0.74083 0.14270
vt 0.76443 0.16022
vt 0.77967 0.18411
vt 0.78861 0.21390
vt 0.79200 0.25094
vt 0.79151 0.29356
vt 0.61122 0.25510
vt 0.62235 0.20868
vt 0.63731 0.17494
vt 0.65676 0.15123
vt 0.60623 0.29454
vt 0.60169 0.35723
vt 0.60380 0.32735
vt 0.78861 0.32686
vt 0.78512 0.35182
vt 0.72075 0.41332
vt 0.75852 0.41091
vt 0.68286 0.41017
vt 0.64827 0.40778
vt 0.61290 0.40802
vt 0.64485 0.43933
vt 0.60977 0.43847
vt 0.58858 0.44011
vt 0.59420 0.41041
vt 0.59832 0.38472
vt 0.78321 0.37675
vt 0.78112 0.40440
vt 0.78078 0.43457
vt 0.59606 0.55502
vt 0.61751 0.55010
vt 0.60985 0.51395
vt 0.58536 0.51409
vt 0.60749 0.47670
vt 0.58502 0.47566
vt 0.78215 0.46880
vt 0.78427 0.55733
vt 0.65137 0.55148
vt 0.63599 0.61892
vt 0.63331 0.58487
vt 0.61167 0.59092
vt 0.66380 0.64060
vt 0.76167 0.60452
vt 0.77913 0.60675
vt 0.78325 0.58438
vt 0.76239 0.58267
vt 0.32200 0.77370
vt 0.32929 0.77442
vt 0.32659 0.76098
vt 0.31915 0.76695
vt 0.31154 0.78134
vt 0.31072 0.78749
vt 0.31890 0.77971
vt 0.30137 0.77119
vt 0.29495 0.77046
vt 0.30428 0.77783
vt 0.31194 0.76346
vt 0.31221 0.75721
vt 0.29984 0.76032
vt 0.30453 0.76521
vt 0.32168 0.82638
vt 0.31998 0.81988
vt 0.31064 0.83132
vt 0.30931 0.83720
vt 0.32284 0.83779
vt 0.31777 0.83108
vt 0.30255 0.82110
vt 0.29584 0.81896
vt 0.29792 0.83104
vt 0.30436 0.82730
vt 0.31372 0.81569
vt 0.31591 0.80909
vt 0.30327 0.80881
vt 0.30649 0.81613
vt 0.30529 0.85954
vt 0.30647 0.85390
vt 0.29548 0.85471
vt 0.29964 0.86030
vt 0.31142 0.86833
vt 0.31718 0.87077
vt 0.31023 0.86291
vt 0.30324 0.87301
vt 0.30853 0.87245
vt 0.29690 0.86481
vt 0.29079 0.86385
vt 0.29356 0.87285
vt 0.29854 0.86996
vt 0.27785 0.85153
vt 0.28429 0.85247
vt 0.28226 0.84171
vt 0.27643 0.84626
vt 0.26871 0.85818
vt 0.27458 0.85633
vt 0.26174 0.85092
vt 0.25775 0.86129
vt 0.26340 0.85606
vt 0.27088 0.84392
vt 0.27111 0.83759
vt 0.26477 0.84586
vt 0.26931 0.89857
vt 0.27360 0.89596
vt 0.26284 0.89311
vt 0.25539 0.89227
vt 0.25706 0.90354
vt 0.26482 0.89772
vt 0.26894 0.88464
vt 0.26451 0.88768
vt 0.27516 0.89061
vt 0.28169 0.89012
vt 0.27354 0.88585
vt 0.23106 0.88655
vt 0.24219 0.88602
vt 0.23514 0.88168
vt 0.22327 0.88136
vt 0.21157 0.88574
vt 0.22599 0.88627
vt 0.22911 0.87005
vt 0.21709 0.87178
vt 0.22488 0.87461
vt 0.23672 0.87513
vt 0.24569 0.87345
vt 0.23912 0.86268
vt 0.23451 0.87036
vt 0.19870 0.85848
vt 0.20292 0.85359
vt 0.18231 0.80925
vt 0.18852 0.80745
vt 0.18127 0.79749
vt 0.17788 0.80483
vt 0.17074 0.80504
vt 0.16733 0.79812
vt 0.16530 0.81000
vt 0.16383 0.76045
vt 0.15172 0.75646
vt 0.15648 0.76294
vt 0.17331 0.76937
vt 0.18153 0.76914
vt 0.17080 0.76312
vt 0.16201 0.77767
vt 0.16292 0.78613
vt 0.17660 0.78122
vt 0.16931 0.77513
vt 0.15279 0.76916
vt 0.13741 0.76319
vt 0.14546 0.78600
vt 0.15546 0.77595
vt 0.22239 0.79923
vt 0.23047 0.79806
vt 0.21786 0.79459
vt 0.23750 0.84410
vt 0.23883 0.85036
vt 0.24281 0.83994
vt 0.22721 0.84016
vt 0.22038 0.84231
vt 0.23118 0.84431
vt 0.28009 0.80218
vt 0.28913 0.80237
vt 0.27795 0.79547
vt 0.26894 0.80929
vt 0.26897 0.81627
vt 0.28213 0.81436
vt 0.27649 0.80753
vt 0.25988 0.80019
vt 0.24941 0.79789
vt 0.26272 0.80651
vt 0.27051 0.79223
vt 0.27134 0.78626
vt 0.26280 0.79431
vt 0.24945 0.76683
vt 0.24737 0.75931
vt 0.23720 0.77555
vt 0.24542 0.77314
vt 0.23885 0.75582
vt 0.22229 0.75450
vt 0.23080 0.75840
vt 0.21874 0.76525
vt 0.22662 0.76520
vt 0.20519 0.79842
vt 0.19818 0.80629
vt 0.20446 0.80472
vt 0.25002 0.83188
vt 0.24398 0.83399
vt 0.20963 0.84511
vt 0.20337 0.84746
vt 0.19301 0.85935
vt 0.16458 0.81641
vt 0.28327 0.76835
vt 0.28265 0.82803
vt 0.27026 0.82707
vt 0.25951 0.82830
vt 0.30777 0.84614
vt 0.29643 0.84369
vt 0.29215 0.88576
vt 0.20129 0.76834
vt 0.29987 0.89972
vt 0.32678 0.87817
vt 0.34340 0.84462
vt 0.35671 0.80124
vt 0.34474 0.77605
vt 0.36654 0.75329
vt 0.34812 0.75674
vt 0.30802 0.79713
vt 0.29853 0.79476
vt 0.14883 0.74252
vt 0.12894 0.73930
vt 0.87944 0.04750
vt 0.88390 0.04750
vt 0.88390 0.04215
vt 0.87944 0.04215
vt 0.88390 0.03669
vt 0.87944 0.03669
vt 0.88390 0.03124
vt 0.87944 0.03124
vt 0.88390 0.02577
vt 0.87944 0.02577
vt 0.88390 0.02031
vt 0.87944 0.02031
vt 0.88390 0.01497
vt 0.87944 0.01497
vt 0.87944 0.05834
vt 0.88390 0.05834
vt 0.88390 0.05303
vt 0.87944 0.05303
vt 0.78397 0.02710
vt 0.78842 0.02710
vt 0.78842 0.02109
vt 0.78397 0.02109
vt 0.78842 0.01497
vt 0.78397 0.01497
vt 0.78397 0.06320
vt 0.78842 0.06320
vt 0.78842 0.05724
vt 0.78397 0.05724
vt 0.78842 0.05120
vt 0.78397 0.05120
vt 0.78842 0.04506
vt 0.78397 0.04506
vt 0.78842 0.03905
vt 0.78397 0.03905
vt 0.78842 0.03309
vt 0.78397 0.03309
vt 0.76805 0.02768
vt 0.77250 0.02768
vt 0.77250 0.02131
vt 0.76805 0.02131
vt 0.77250 0.01497
vt 0.76805 0.01497
vt 0.76805 0.06580
vt 0.77250 0.06580
vt 0.77250 0.05946
vt 0.76805 0.05946
vt 0.77250 0.05310
vt 0.76805 0.05310
vt 0.77250 0.04673
vt 0.76805 0.04673
vt 0.77250 0.04038
vt 0.76805 0.04038
vt 0.77250 0.03404
vt 0.76805 0.03404
vt 0.73634 0.04672
vt 0.73184 0.04672
vt 0.73184 0.05350
vt 0.73634 0.05350
vt 0.73184 0.06018
vt 0.73634 0.06018
vt 0.73184 0.06688
vt 0.73634 0.06688
vt 0.73634 0.01497
vt 0.73184 0.01497
vt 0.73184 0.02143
vt 0.73634 0.02143
vt 0.73184 0.02830
vt 0.73634 0.02830
vt 0.73184 0.03401
vt 0.73634 0.03401
vt 0.73184 0.04049
vt 0.73634 0.04049
vt 0.86352 0.03743
vt 0.86798 0.03743
vt 0.86798 0.03173
vt 0.86352 0.03173
vt 0.86798 0.02613
vt 0.86352 0.02613
vt 0.86798 0.02055
vt 0.86352 0.02055
vt 0.86798 0.01497
vt 0.86352 0.01497
vt 0.86352 0.05990
vt 0.86798 0.05990
vt 0.86798 0.05430
vt 0.86352 0.05430
vt 0.86798 0.04862
vt 0.86352 0.04862
vt 0.86798 0.04303
vt 0.86352 0.04303
vt 0.83171 0.02688
vt 0.83616 0.02688
vt 0.83616 0.02090
vt 0.83171 0.02090
vt 0.83616 0.01497
vt 0.83171 0.01497
vt 0.83171 0.06228
vt 0.83616 0.06228
vt 0.83616 0.05638
vt 0.83171 0.05638
vt 0.83616 0.05042
vt 0.83171 0.05042
vt 0.83616 0.04452
vt 0.83171 0.04452
vt 0.83616 0.03865
vt 0.83171 0.03865
vt 0.83616 0.03278
vt 0.83171 0.03278
vt 0.79999 0.02684
vt 0.79546 0.02684
vt 0.79546 0.03271
vt 0.79999 0.03271
vt 0.79546 0.03902
vt 0.79999 0.03902
vt 0.79546 0.04476
vt 0.79999 0.04476
vt 0.79546 0.05057
vt 0.79999 0.05057
vt 0.79546 0.05610
vt 0.79999 0.05610
vt 0.79546 0.06257
vt 0.79999 0.06257
vt 0.79999 0.01497
vt 0.79546 0.01497
vt 0.79546 0.02104
vt 0.79999 0.02104
vt 0.84760 0.02057
vt 0.85207 0.02057
vt 0.85207 0.01497
vt 0.84760 0.01497
vt 0.84760 0.05996
vt 0.85207 0.05996
vt 0.85207 0.05435
vt 0.84760 0.05435
vt 0.84760 0.04871
vt 0.85207 0.04871
vt 0.85207 0.04313
vt 0.84760 0.04313
vt 0.85207 0.03746
vt 0.84760 0.03746
vt 0.85207 0.03181
vt 0.84760 0.03181
vt 0.85207 0.02618
vt 0.84760 0.02618
vt 0.81581 0.04467
vt 0.82026 0.04467
vt 0.82026 0.03873
vt 0.81581 0.03873
vt 0.82026 0.03279
vt 0.81581 0.03279
vt 0.82026 0.02685
vt 0.81581 0.02685
vt 0.82026 0.02091
vt 0.81581 0.02091
vt 0.82026 0.01497
vt 0.81581 0.01497
vt 0.81581 0.06248
vt 0.82026 0.06248
vt 0.82026 0.05655
vt 0.81581 0.05655
vt 0.82026 0.05061
vt 0.81581 0.05061
vt 0.72048 0.01497
vt 0.71594 0.01497
vt 0.71594 0.02134
vt 0.72048 0.02134
vt 0.71594 0.02808
vt 0.72048 0.02808
vt 0.71594 0.03462
vt 0.72048 0.03462
vt 0.71594 0.04032
vt 0.72048 0.04032
vt 0.71594 0.04724
vt 0.72048 0.04724
vt 0.71594 0.05367
vt 0.72048 0.05367
vt 0.71594 0.05996
vt 0.72048 0.05996
vt 0.71594 0.06636
vt 0.72048 0.06636
vt 0.70456 0.05840
vt 0.70003 0.05840
vt 0.70003 0.06561
vt 0.70456 0.06561
vt 0.70003 0.07299
vt 0.70456 0.07299
vt 0.70456 0.01497
vt 0.70003 0.01497
vt 0.70003 0.02200
vt 0.70456 0.02200
vt 0.70003 0.02964
vt 0.70456 0.02964
vt 0.70003 0.03686
vt 0.70456 0.03686
vt 0.70003 0.04421
vt 0.70456 0.04421
vt 0.70003 0.05140
vt 0.70456 0.05140
vt 0.75225 0.04055
vt 0.74775 0.04055
vt 0.74775 0.04658
vt 0.75225 0.04658
vt 0.74775 0.05294
vt 0.75225 0.05294
vt 0.74775 0.05948
vt 0.75225 0.05948
vt 0.74775 0.06558
vt 0.75225 0.06558
vt 0.75225 0.01497
vt 0.74775 0.01497
vt 0.74775 0.02128
vt 0.75225 0.02128
vt 0.74775 0.02778
vt 0.75225 0.02778
vt 0.74775 0.03429
vt 0.75225 0.03429
vt 0.89534 0.04761
vt 0.89090 0.04761
vt 0.89090 0.05304
vt 0.89534 0.05304
vt 0.89090 0.05849
vt 0.89534 0.05849
vt 0.89534 0.01497
vt 0.89090 0.01497
vt 0.89090 0.02042
vt 0.89534 0.02042
vt 0.89090 0.02585
vt 0.89534 0.02585
vt 0.89090 0.03128
vt 0.89534 0.03128
vt 0.89090 0.03672
vt 0.89534 0.03672
vt 0.89090 0.04217
vt 0.89534 0.04217
vt 0.87499 0.04750
vt 0.87499 0.04215
vt 0.87499 0.03669
vt 0.87499 0.03124
vt 0.87499 0.02577
vt 0.87499 0.02031
vt 0.87499 0.01497
vt 0.87499 0.05834
vt 0.87499 0.05303
vt 0.77956 0.02710
vt 0.77956 0.02109
vt 0.77956 0.01497
vt 0.77956 0.06320
vt 0.77956 0.05724
vt 0.77956 0.05120
vt 0.77956 0.04506
vt 0.77956 0.03905
vt 0.77956 0.03309
vt 0.76365 0.02768
vt 0.76365 0.02131
vt 0.76365 0.01497
vt 0.76365 0.06580
vt 0.76365 0.05946
vt 0.76365 0.05310
vt 0.76365 0.04673
vt 0.76365 0.04038
vt 0.76365 0.03404
vt 0.74073 0.04672
vt 0.74073 0.05350
vt 0.74073 0.06018
vt 0.74073 0.06688
vt 0.74073 0.01497
vt 0.74073 0.02143
vt 0.74073 0.02830
vt 0.74073 0.03401
vt 0.74073 0.04049
vt 0.85908 0.03743
vt 0.85908 0.03173
vt 0.85908 0.02613
vt 0.85908 0.02055
vt 0.85908 0.01497
vt 0.85908 0.05990
vt 0.85908 0.05430
vt 0.85908 0.04862
vt 0.85908 0.04303
vt 0.82727 0.02688
vt 0.82727 0.02090
vt 0.82727 0.01497
vt 0.82727 0.06228
vt 0.82727 0.05638
vt 0.82727 0.05042
vt 0.82727 0.04452
vt 0.82727 0.03865
vt 0.82727 0.03278
vt 0.80442 0.02684
vt 0.80442 0.03271
vt 0.80442 0.03902
vt 0.80442 0.04476
vt 0.80442 0.05057
vt 0.80442 0.05610
vt 0.80442 0.06257
vt 0.80442 0.01497
vt 0.80442 0.02104
vt 0.84318 0.02057
vt 0.84318 0.01497
vt 0.84318 0.05996
vt 0.84318 0.05435
vt 0.84318 0.04871
vt 0.84318 0.04313
vt 0.84318 0.03746
vt 0.84318 0.03181
vt 0.84318 0.02618
vt 0.81137 0.04467
vt 0.81137 0.03873
vt 0.81137 0.03279
vt 0.81137 0.02685
vt 0.81137 0.02091
vt 0.81137 0.01497
vt 0.81137 0.06248
vt 0.81137 0.05655
vt 0.81137 0.05061
vt 0.72495 0.01497
vt 0.72495 0.02134
vt 0.72495 0.02808
vt 0.72495 0.03462
vt 0.72495 0.04032
vt 0.72495 0.04724
vt 0.72495 0.05367
vt 0.72495 0.05996
vt 0.72495 0.06636
vt 0.70901 0.05840
vt 0.70901 0.06561
vt 0.70901 0.07299
vt 0.70901 0.01497
vt 0.70901 0.02200
vt 0.70901 0.02964
vt 0.70901 0.03686
vt 0.70901 0.04421
vt 0.70901 0.05140
vt 0.75667 0.04055
vt 0.75667 0.04658
vt 0.75667 0.05294
vt 0.75667 0.05948
vt 0.75667 0.06558
vt 0.75667 0.01497
vt 0.75667 0.02128
vt 0.75667 0.02778
vt 0.75667 0.03429
vt 0.89977 0.04761
vt 0.89977 0.05304
vt 0.89977 0.05849
vt 0.89977 0.01497
vt 0.89977 0.02042
vt 0.89977 0.02585
vt 0.89977 0.03128
vt 0.89977 0.03672
vt 0.89977 0.04217
vt 0.15294 0.30525
vt 0.15286 0.33230
vt 0.46967 0.66059
vt 0.48033 0.64307
vt 0.46928 0.64273
vt 0.04445 0.63746
vt 0.03037 0.62216
vt 0.02439 0.62638
vt 0.03591 0.64864
vt 0.46301 0.50804
vt 0.45918 0.54010
vt 0.48083 0.54417
vt 0.48188 0.50925
vt 0.45515 0.57958
vt 0.45433 0.61657
vt 0.47550 0.62045
vt 0.47875 0.58466
vt 0.45086 0.72364
vt 0.45839 0.72463
vt 0.46219 0.68973
vt 0.05122 0.73794
vt 0.05236 0.71036
vt 0.04468 0.71262
vt 0.04598 0.73681
vt 0.04643 0.60520
vt 0.02830 0.60328
vt 0.04750 0.56600
vt 0.02851 0.56571
vt 0.04526 0.48680
vt 0.04513 0.45693
vt 0.02772 0.45656
vt 0.02800 0.48659
vt 0.04719 0.42987
vt 0.02989 0.42915
vt 0.46427 0.45160
vt 0.46394 0.48090
vt 0.48120 0.48157
vt 0.48104 0.45234
vt 0.45440 0.64192
vt 0.04970 0.67718
vt 0.04083 0.67919
vt 0.04875 0.39941
vt 0.03362 0.39857
vt 0.46956 0.41842
vt 0.48513 0.41948
vt 0.44921 0.75635
vt 0.45466 0.75512
vt 0.04766 0.52422
vt 0.02852 0.52336
vt 0.64395 0.47731
vt 0.64638 0.51550
vt 0.91264 0.05950
vt 0.67699 0.04256
vt 0.63641 0.07152
vt 0.66106 0.04140
vt 0.42534 0.75323
vt 0.42240 0.78753
vt 0.44660 0.79183
vt 0.31942 0.95445
vt 0.29108 0.96245
vt 0.29197 0.97857
vt 0.32331 0.97048
vt 0.28739 0.93887
vt 0.28962 0.95097
vt 0.31575 0.94373
vt 0.31223 0.93217
vt 0.25377 0.96298
vt 0.25216 0.97844
vt 0.25709 0.95275
vt 0.25587 0.94081
vt 0.07882 0.43148
vt 0.07968 0.40110
vt 0.09109 0.43215
vt 0.08890 0.45939
vt 0.07714 0.45854
vt 0.09269 0.40179
vt 0.43210 0.50422
vt 0.43030 0.53409
vt 0.42119 0.50441
vt 0.42238 0.47773
vt 0.43349 0.47830
vt 0.41974 0.53307
vt 0.43541 0.44882
vt 0.42376 0.44778
vt 0.42638 0.41587
vt 0.43967 0.41659
vt 0.07589 0.48817
vt 0.08747 0.48931
vt 0.43549 0.83000
vt 0.41245 0.78810
vt 0.39769 0.78298
vt 0.61058 0.04192
vt 0.61058 0.05757
vt 0.40738 0.85089
vt 0.42413 0.86104
vt 0.39942 0.84830
vt 0.40862 0.89311
vt 0.61058 0.07820
vt 0.38987 0.91961
vt 0.69248 0.04060
vt 0.69248 0.05550
vt 0.36305 0.92475
vt 0.37145 0.93977
vt 0.35707 0.91668
vt 0.34970 0.95760
vt 0.69248 0.07107
vt 0.17249 0.93694
vt 0.13109 0.92484
vt 0.16482 0.95173
vt 0.13421 0.86659
vt 0.12355 0.87565
vt 0.63641 0.04246
vt 0.11520 0.88079
vt 0.10079 0.89014
vt 0.18009 0.92893
vt 0.66106 0.07088
vt 0.62636 0.04312
vt 0.62636 0.05630
vt 0.07855 0.84695
vt 0.06272 0.80570
vt 0.20423 0.97061
vt 0.18623 0.91561
vt 0.67699 0.07161
vt 0.20524 0.81513
vt 0.20884 0.80924
vt 0.21845 0.83243
vt 0.22786 0.83401
vt 0.22146 0.80548
vt 0.23992 0.82962
vt 0.17848 0.82645
vt 0.18904 0.81879
vt 0.18146 0.81594
vt 0.17594 0.82081
vt 0.20241 0.83735
vt 0.19941 0.84373
vt 0.21820 0.81478
vt 0.21577 0.80957
vt 0.22976 0.82602
vt 0.23312 0.82969
vt 0.16353 0.82880
vt 0.16898 0.82106
vt 0.19053 0.83981
vt 0.19354 0.84464
vt 0.21069 0.79424
vt 0.22910 0.77229
vt 0.62216 0.07777
vt 0.61806 0.07777
vt 0.85146 0.58894
vt 0.86561 0.57982
vt 0.09658 0.52937
vt 0.10333 0.53464
vt 0.85135 0.63481
vt 0.86355 0.62810
vt 0.84936 0.67300
vt 0.86097 0.66837
vt 0.84717 0.70273
vt 0.85874 0.70191
vt 0.84460 0.73114
vt 0.85627 0.73195
vt 0.84181 0.75772
vt 0.85340 0.75936
vt 0.83720 0.78266
vt 0.84962 0.78485
vt 0.90925 0.02688
vt 0.90566 0.02688
vt 0.90566 0.03550
vt 0.90925 0.03550
vt 0.54191 0.66256
vt 0.54247 0.63047
vt 0.52833 0.62991
vt 0.52860 0.66105
vt 0.54453 0.59468
vt 0.52801 0.59100
vt 0.40260 0.57100
vt 0.40915 0.56747
vt 0.53024 0.73420
vt 0.53081 0.76217
vt 0.90925 0.01548
vt 0.90566 0.01548
vt 0.54244 0.70724
vt 0.52987 0.70812
vt 0.54250 0.68438
vt 0.52925 0.68517
vt 0.14646 0.63092
vt 0.12236 0.60257
vt 0.13923 0.64824
vt 0.17036 0.66915
vt 0.17627 0.65291
vt 0.11738 0.62640
vt 0.26675 0.68063
vt 0.28629 0.68030
vt 0.24092 0.67690
vt 0.26627 0.69820
vt 0.23816 0.69459
vt 0.28831 0.69738
vt 0.35094 0.65415
vt 0.32669 0.66931
vt 0.37571 0.63042
vt 0.35661 0.67052
vt 0.38008 0.65056
vt 0.33263 0.68510
vt 0.20953 0.66787
vt 0.20614 0.68523
vt 0.30469 0.67763
vt 0.30952 0.69323
vt 0.42694 0.57592
vt 0.07769 0.53427
vt 0.63382 0.71757
vt 0.65385 0.72276
vt 0.67590 0.72664
vt 0.61257 0.70812
vt 0.59057 0.69416
vt 0.56981 0.67980
vt 0.73484 0.72430
vt 0.77121 0.71581
vt 0.70305 0.72771
vt 0.80285 0.70274
vt 0.82340 0.68939
vt 0.11753 0.78646
vt 0.10812 0.78575
vt 0.13952 0.84030
vt 0.13145 0.84949
vt 0.18249 0.89213
vt 0.19626 0.90408
vt 0.17808 0.90140
vt 0.25875 0.92541
vt 0.30799 0.91920
vt 0.34842 0.89918
vt 0.34149 0.89161
vt 0.37105 0.83174
vt 0.38124 0.83751
vt 0.39472 0.76504
vt 0.38754 0.74755
vt 0.84105 0.67867
vt 0.84166 0.64638
vt 0.84097 0.61702
vt 0.83795 0.70231
vt 0.83282 0.73030
vt 0.81287 0.80584
vt 0.82005 0.81783
vt 0.82121 0.77933
vt 0.82729 0.75540
vt 0.80292 0.82983
vt 0.81086 0.82956
vt 0.78126 0.88904
vt 0.76371 0.89770
vt 0.71302 0.93814
vt 0.72823 0.92784
vt 0.73050 0.93555
vt 0.62308 0.94871
vt 0.60307 0.93990
vt 0.57079 0.91120
vt 0.57812 0.90611
vt 0.56641 0.83958
vt 0.55640 0.84256
vt 0.56461 0.75575
vt 0.56088 0.73490
vt 0.55948 0.77217
vt 0.55714 0.71240
vt 0.55363 0.68948
vt 0.55156 0.66661
vt 0.55271 0.61127
vt 0.55034 0.63689
vt 0.39998 0.58830
vt 0.39300 0.58853
vt 0.11271 0.56340
vt 0.10566 0.56135
vt 0.38096 0.68142
vt 0.35990 0.69608
vt 0.13577 0.67467
vt 0.16717 0.69331
vt 0.20213 0.70756
vt 0.23440 0.71601
vt 0.26393 0.71962
vt 0.28984 0.71942
vt 0.31349 0.71627
vt 0.33705 0.70866
vt 0.11465 0.65767
vt 0.09296 0.53525
vt 0.06899 0.73599
vt 0.06985 0.70855
vt 0.10419 0.73340
vt 0.10118 0.70855
vt 0.07205 0.67919
vt 0.09928 0.68271
vt 0.62636 0.07777
vt 0.62636 0.09080
vt 0.62216 0.09080
vt 0.62216 0.10706
vt 0.62636 0.10706
vt 0.05222 0.76545
vt 0.41330 0.57231
vt 0.39449 0.70261
vt 0.42616 0.69242
vt 0.39116 0.72606
vt 0.40203 0.74941
vt 0.91264 0.02688
vt 0.91264 0.01548
vt 0.42656 0.72188
vt 0.41638 0.75159
vt 0.91264 0.03550
vt 0.35222 0.35141
vt 0.32857 0.35910
vt 0.35366 0.39212
vt 0.35736 0.37276
vt 0.04027 0.75861
vt 0.05472 0.80782
vt 0.07086 0.85040
vt 0.30888 0.48489
vt 0.30998 0.44371
vt 0.25958 0.44845
vt 0.25580 0.48934
vt 0.35583 0.48027
vt 0.35437 0.44396
vt 0.06318 0.85034
vt 0.04822 0.81302
vt 0.09636 0.89642
vt 0.29933 0.52817
vt 0.24844 0.52914
vt 0.34870 0.52982
vt 0.09220 0.89911
vt 0.13036 0.93243
vt 0.28330 0.56793
vt 0.23689 0.56655
vt 0.32818 0.57005
vt 0.12821 0.93753
vt 0.16578 0.96041
vt 0.16659 0.96543
vt 0.20356 0.97522
vt 0.19804 0.97918
vt 0.24963 0.98365
vt 0.26353 0.60282
vt 0.30292 0.59914
vt 0.25445 0.62484
vt 0.28102 0.61473
vt 0.23551 0.98781
vt 0.29170 0.98537
vt 0.22321 0.60067
vt 0.21360 0.62921
vt 0.29035 0.99198
vt 0.32605 0.97542
vt 0.18788 0.59666
vt 0.18544 0.62039
vt 0.32943 0.98125
vt 0.35052 0.96171
vt 0.37240 0.94746
vt 0.35981 0.96643
vt 0.39384 0.92708
vt 0.19346 0.56461
vt 0.16638 0.59210
vt 0.17001 0.60197
vt 0.37164 0.95893
vt 0.16095 0.56805
vt 0.39488 0.93764
vt 0.41475 0.89967
vt 0.19863 0.53028
vt 0.15867 0.53469
vt 0.41895 0.90564
vt 0.43219 0.86531
vt 0.20317 0.49305
vt 0.15734 0.49678
vt 0.43727 0.86622
vt 0.45747 0.78812
vt 0.44434 0.83189
vt 0.20754 0.45518
vt 0.15852 0.46721
vt 0.44853 0.83556
vt 0.15464 0.36405
vt 0.18898 0.37074
vt 0.46443 0.79260
vt 0.15286 0.39206
vt 0.15770 0.42166
vt 0.19730 0.38810
vt 0.16514 0.42462
vt 0.21404 0.41384
vt 0.22132 0.36076
vt 0.21923 0.37216
vt 0.25557 0.35817
vt 0.26117 0.40702
vt 0.26013 0.36221
vt 0.30553 0.40070
vt 0.29132 0.35938
vt 0.29647 0.36703
vt 0.34504 0.39687
vt 0.32345 0.37890
vt 0.03201 0.76502
vt 0.01112 0.61135
vt 0.00918 0.56673
vt 0.33639 0.27250
vt 0.32480 0.25847
vt 0.28200 0.25984
vt 0.28288 0.24887
vt 0.31933 0.25207
vt 0.24556 0.26008
vt 0.27997 0.21959
vt 0.24145 0.22166
vt 0.24602 0.24846
vt 0.20873 0.26238
vt 0.16489 0.26903
vt 0.49405 0.62775
vt 0.20155 0.25134
vt 0.15626 0.28675
vt 0.16681 0.25895
vt 0.49853 0.58659
vt 0.20269 0.22395
vt 0.16656 0.22643
vt 0.50511 0.58684
vt 0.50104 0.62016
vt 0.49924 0.54475
vt 0.20093 0.18332
vt 0.23775 0.18262
vt 0.17049 0.18097
vt 0.50643 0.53760
vt 0.49814 0.50535
vt 0.50596 0.49799
vt 0.49540 0.47772
vt 0.50590 0.47556
vt 0.20512 0.14575
vt 0.18092 0.14811
vt 0.49752 0.45192
vt 0.50485 0.45599
vt 0.20465 0.12212
vt 0.19247 0.13358
vt 0.23544 0.14453
vt 0.49706 0.42024
vt 0.50121 0.42049
vt 0.23343 0.11141
vt 0.00895 0.42851
vt 0.01723 0.42887
vt 0.02236 0.39796
vt 0.01517 0.39758
vt 0.01320 0.45654
vt 0.00518 0.45565
vt 0.01006 0.48435
vt 0.27401 0.17829
vt 0.26692 0.14283
vt 0.26239 0.11256
vt 0.29647 0.14472
vt 0.28124 0.12469
vt 0.00366 0.48413
vt 0.00850 0.52253
vt 0.31552 0.21805
vt 0.30785 0.17666
vt 0.00195 0.56913
vt 0.00396 0.60613
vt 0.00195 0.52189
vt 0.61806 0.09080
vt 0.61806 0.10706
vt 0.95014 0.57635
vt 0.94230 0.57158
vt 0.93592 0.89292
vt 0.94460 0.89814
vt 0.94205 0.53626
vt 0.93168 0.53360
vt 0.93331 0.53134
vt 0.94203 0.53358
vt 0.92321 0.51600
vt 0.92594 0.50686
vt 0.92805 0.50849
vt 0.92574 0.51649
vt 0.95775 0.50593
vt 0.96102 0.51482
vt 0.95803 0.51524
vt 0.95558 0.50741
vt 0.95256 0.53284
vt 0.95110 0.53070
vt 0.93256 0.50036
vt 0.94177 0.49762
vt 0.94179 0.50026
vt 0.93381 0.50267
vt 0.95073 0.49978
vt 0.94947 0.50211
vt 0.95963 0.52471
vt 0.95713 0.52371
vt 0.92475 0.52580
vt 0.92728 0.52489
vt 0.92973 0.96278
vt 0.92674 0.95402
vt 0.92935 0.95359
vt 0.93180 0.96115
vt 0.96257 0.95462
vt 0.95982 0.96287
vt 0.95762 0.96130
vt 0.95992 0.95422
vt 0.95355 0.96871
vt 0.94512 0.97102
vt 0.94510 0.96830
vt 0.95224 0.96634
vt 0.92812 0.94455
vt 0.93078 0.94557
vt 0.96111 0.94573
vt 0.95854 0.94657
vt 0.93648 0.96876
vt 0.93761 0.96632
vt 0.95469 0.93842
vt 0.95308 0.94030
vt 0.93502 0.93739
vt 0.94487 0.93519
vt 0.94488 0.93760
vt 0.93652 0.93954
vt 0.86059 0.27683
vt 0.83399 0.26997
vt 0.81084 0.22462
vt 0.81790 0.20020
vt 0.90198 0.19690
vt 0.90947 0.22083
vt 0.88830 0.26803
vt 0.83550 0.18241
vt 0.85988 0.17507
vt 0.88331 0.18071
vt 0.90671 0.24669
vt 0.81556 0.25028
vt 0.81781 0.38587
vt 0.81032 0.36279
vt 0.90369 0.36470
vt 0.89667 0.38633
vt 0.88025 0.40173
vt 0.85843 0.40769
vt 0.81470 0.33829
vt 0.89949 0.34134
vt 0.83556 0.40165
vt 0.88281 0.32220
vt 0.83224 0.31986
vt 0.85777 0.31395
vt 0.92058 0.51503
vt 0.92375 0.50491
vt 0.93148 0.49769
vt 0.94175 0.49470
vt 0.95241 0.49743
vt 0.96032 0.50460
vt 0.96388 0.51480
vt 0.92769 0.96417
vt 0.92385 0.95403
vt 0.96551 0.95506
vt 0.96198 0.96464
vt 0.95477 0.97129
vt 0.94514 0.97402
vt 0.93519 0.97120
vt 0.95674 0.75006
vt 0.94356 0.75096
vt 0.94346 0.73698
vt 0.95701 0.73605
vt 0.94338 0.72441
vt 0.95625 0.72339
vt 0.93015 0.71054
vt 0.94328 0.71094
vt 0.92962 0.72415
vt 0.92928 0.73767
vt 0.92967 0.75177
vt 0.96156 0.76388
vt 0.95651 0.76422
vt 0.96156 0.74982
vt 0.96665 0.74997
vt 0.96555 0.76380
vt 0.96228 0.73589
vt 0.96113 0.72346
vt 0.96652 0.73578
vt 0.96625 0.72321
vt 0.92505 0.72453
vt 0.92047 0.72464
vt 0.92170 0.71128
vt 0.92549 0.71104
vt 0.92434 0.73816
vt 0.92011 0.73854
vt 0.92533 0.75206
vt 0.92094 0.75292
vt 0.91143 0.75305
vt 0.92158 0.76627
vt 0.91310 0.76742
vt 0.97545 0.75041
vt 0.97576 0.73575
vt 0.97537 0.72241
vt 0.96527 0.71086
vt 0.97383 0.70943
vt 0.91151 0.73832
vt 0.91202 0.72396
vt 0.94477 0.23229
vt 0.92536 0.23094
vt 0.92551 0.21880
vt 0.94473 0.22003
vt 0.94486 0.25607
vt 0.92497 0.25524
vt 0.92447 0.24320
vt 0.94482 0.24455
vt 0.96437 0.23338
vt 0.96557 0.24570
vt 0.96496 0.25687
vt 0.94366 0.76491
vt 0.95571 0.71075
vt 0.94377 0.78076
vt 0.95568 0.78122
vt 0.94319 0.69875
vt 0.95462 0.69797
vt 0.93206 0.68362
vt 0.94309 0.68462
vt 0.93119 0.69730
vt 0.93007 0.76585
vt 0.93139 0.78262
vt 0.96014 0.78084
vt 0.95927 0.79793
vt 0.95450 0.79825
vt 0.96098 0.71096
vt 0.95945 0.69834
vt 0.96435 0.78063
vt 0.96408 0.69820
vt 0.92792 0.68384
vt 0.92719 0.69753
vt 0.92537 0.76597
vt 0.92333 0.69752
vt 0.92718 0.78273
vt 0.92304 0.78327
vt 0.97423 0.76489
vt 0.91440 0.78456
vt 0.97348 0.78226
vt 0.96415 0.22089
vt 0.91346 0.70999
vt 0.91505 0.69620
vt 0.97251 0.69636
vt 0.96224 0.20560
vt 0.94468 0.20472
vt 0.94490 0.26759
vt 0.96523 0.26801
vt 0.96411 0.27936
vt 0.94494 0.27940
vt 0.92724 0.20360
vt 0.92512 0.26724
vt 0.92611 0.27950
vt 0.96342 0.79783
vt 0.92461 0.68404
vt 0.94390 0.79877
vt 0.95293 0.86938
vt 0.94440 0.86957
vt 0.94428 0.85315
vt 0.95295 0.85304
vt 0.95242 0.88166
vt 0.94450 0.88386
vt 0.94417 0.83676
vt 0.95311 0.83676
vt 0.95189 0.89386
vt 0.94403 0.81773
vt 0.95374 0.81755
vt 0.95303 0.68517
vt 0.94300 0.67140
vt 0.95192 0.67173
vt 0.94291 0.65811
vt 0.95115 0.65825
vt 0.94281 0.64432
vt 0.95099 0.64432
vt 0.94271 0.63050
vt 0.95093 0.63033
vt 0.94260 0.61519
vt 0.95115 0.61520
vt 0.94240 0.58574
vt 0.95073 0.58820
vt 0.94250 0.59987
vt 0.95130 0.60007
vt 0.93295 0.60069
vt 0.93300 0.61563
vt 0.93323 0.58908
vt 0.93349 0.57750
vt 0.93320 0.63064
vt 0.93306 0.64399
vt 0.93251 0.67051
vt 0.93312 0.65744
vt 0.93239 0.79948
vt 0.93339 0.81810
vt 0.93432 0.83683
vt 0.93445 0.85307
vt 0.93534 0.88110
vt 0.93468 0.86928
vt 0.95643 0.88309
vt 0.96160 0.88678
vt 0.95756 0.86971
vt 0.96176 0.86990
vt 0.95752 0.85321
vt 0.96233 0.85355
vt 0.95761 0.83676
vt 0.96215 0.83686
vt 0.95823 0.81739
vt 0.96273 0.81743
vt 0.95807 0.68551
vt 0.95647 0.67200
vt 0.96233 0.68560
vt 0.96112 0.67194
vt 0.95555 0.65831
vt 0.95502 0.64433
vt 0.95935 0.65825
vt 0.95874 0.64476
vt 0.95508 0.63029
vt 0.95505 0.61500
vt 0.95864 0.63023
vt 0.95886 0.61474
vt 0.95527 0.59969
vt 0.95851 0.59922
vt 0.95415 0.58550
vt 0.95851 0.58238
vt 0.93036 0.58608
vt 0.92677 0.58265
vt 0.92943 0.60011
vt 0.92665 0.59943
vt 0.92970 0.61535
vt 0.92658 0.61499
vt 0.92980 0.63064
vt 0.92707 0.63062
vt 0.92985 0.64416
vt 0.92678 0.64433
vt 0.92962 0.65775
vt 0.92683 0.65809
vt 0.92895 0.67078
vt 0.92536 0.67103
vt 0.92806 0.79964
vt 0.92908 0.81818
vt 0.92454 0.79997
vt 0.92552 0.81825
vt 0.92988 0.83688
vt 0.93011 0.85331
vt 0.92618 0.83705
vt 0.92635 0.85362
vt 0.93047 0.86959
vt 0.93180 0.88263
vt 0.92713 0.86956
vt 0.92750 0.88606
vt 0.91579 0.80103
vt 0.91661 0.81936
vt 0.92778 0.18838
vt 0.94462 0.18946
vt 0.91714 0.83755
vt 0.97042 0.68373
vt 0.96868 0.67037
vt 0.96158 0.19027
vt 0.97220 0.79899
vt 0.97157 0.81828
vt 0.91655 0.68272
vt 0.91789 0.66997
vt 0.97120 0.83725
vt 0.97108 0.85386
vt 0.91873 0.88630
vt 0.91930 0.90199
vt 0.97084 0.87068
vt 0.97052 0.88736
vt 0.91808 0.87041
vt 0.96986 0.90368
vt 0.91760 0.85396
vt 0.96757 0.65731
vt 0.96718 0.64367
vt 0.96703 0.62991
vt 0.91859 0.65744
vt 0.91896 0.64394
vt 0.91854 0.63056
vt 0.91819 0.61498
vt 0.96723 0.58216
vt 0.96689 0.56580
vt 0.91784 0.59942
vt 0.91790 0.58282
vt 0.91801 0.56651
vt 0.96717 0.59896
vt 0.96705 0.61443
vt 0.94433 0.10607
vt 0.92940 0.10635
vt 0.92919 0.09094
vt 0.94428 0.09040
vt 0.95932 0.09027
vt 0.95902 0.10583
vt 0.95965 0.12162
vt 0.94439 0.12174
vt 0.95963 0.13767
vt 0.94444 0.13767
vt 0.92911 0.12179
vt 0.92923 0.13765
vt 0.96023 0.15361
vt 0.94450 0.15361
vt 0.92888 0.15348
vt 0.96055 0.17192
vt 0.94456 0.17152
vt 0.92866 0.17100
vt 0.94502 0.30335
vt 0.92780 0.30360
vt 0.92661 0.29178
vt 0.94498 0.29120
vt 0.96370 0.29079
vt 0.96232 0.30328
vt 0.94511 0.32853
vt 0.92893 0.32837
vt 0.92842 0.31540
vt 0.94506 0.31552
vt 0.96190 0.31578
vt 0.96129 0.32880
vt 0.94516 0.34154
vt 0.96152 0.34184
vt 0.96083 0.35651
vt 0.94521 0.35645
vt 0.92895 0.34128
vt 0.92948 0.35643
vt 0.96098 0.37116
vt 0.94526 0.37136
vt 0.94532 0.38751
vt 0.94537 0.40366
vt 0.93010 0.40396
vt 0.92990 0.38780
vt 0.92953 0.37154
vt 0.96070 0.38710
vt 0.96087 0.40286
vt 0.91143 0.51313
vt 0.91293 0.52823
vt 0.92857 0.44270
vt 0.92408 0.45421
vt 0.92143 0.45409
vt 0.92461 0.44059
vt 0.91690 0.54381
vt 0.93383 0.43692
vt 0.92908 0.42612
vt 0.94545 0.42612
vt 0.96178 0.42533
vt 0.94548 0.43403
vt 0.96907 0.54285
vt 0.95565 0.43765
vt 0.97230 0.52720
vt 0.97249 0.51267
vt 0.96565 0.43962
vt 0.96286 0.44382
vt 0.96964 0.45272
vt 0.96676 0.45230
vt 0.96682 0.49894
vt 0.95612 0.49035
vt 0.96702 0.46596
vt 0.96368 0.46391
vt 0.95908 0.47544
vt 0.95598 0.47105
vt 0.94170 0.48692
vt 0.94563 0.47803
vt 0.94562 0.47362
vt 0.92799 0.49010
vt 0.93369 0.47568
vt 0.93577 0.47094
vt 0.91724 0.49916
vt 0.92863 0.46430
vt 0.92510 0.46692
vt 0.94519 0.98182
vt 0.95865 0.97827
vt 0.95422 0.02064
vt 0.94402 0.01816
vt 0.94401 0.01450
vt 0.95775 0.01618
vt 0.96849 0.97032
vt 0.96612 0.02514
vt 0.96117 0.02702
vt 0.97407 0.95737
vt 0.96488 0.03822
vt 0.96964 0.03860
vt 0.97431 0.94462
vt 0.97160 0.93031
vt 0.96147 0.04901
vt 0.96640 0.05091
vt 0.96139 0.06434
vt 0.95566 0.05428
vt 0.94418 0.06446
vt 0.92753 0.06579
vt 0.94416 0.05774
vt 0.91740 0.92785
vt 0.93505 0.05443
vt 0.91501 0.94252
vt 0.92920 0.04815
vt 0.92346 0.05241
vt 0.91488 0.95637
vt 0.92040 0.04000
vt 0.92461 0.03889
vt 0.92124 0.96982
vt 0.93142 0.97825
vt 0.92786 0.02721
vt 0.92335 0.02695
vt 0.93489 0.02090
vt 0.93119 0.01785
vn -0.71853 0.46399 0.51810
vn -0.74844 0.42062 0.51276
vn -0.75337 0.41945 0.50645
vn -0.70872 0.50598 0.49163
vn -0.67694 0.52537 0.51550
vn -0.83855 0.53746 0.08925
vn -0.86578 0.49484 0.07460
vn -0.84421 0.53502 0.03259
vn -0.56912 0.76933 0.29022
vn -0.50005 0.78805 0.35907
vn -0.56027 0.74121 0.36974
vn -0.55811 0.69956 0.44624
vn -0.60622 0.65281 0.45425
vn -0.63560 0.68297 0.35995
vn -0.71577 0.51153 0.47541
vn -0.65036 0.57108 0.50090
vn -0.81301 0.37476 0.44561
vn -0.79543 0.36265 0.48557
vn -0.87217 0.19419 0.44900
vn -0.88870 0.45674 -0.03995
vn -0.91265 0.40316 -0.06732
vn -0.88228 0.46387 -0.08003
vn -0.86137 0.50738 -0.02478
vn -0.85253 0.51509 -0.08870
vn -0.83602 0.54554 -0.05878
vn -0.78193 0.62294 0.02303
vn -0.78667 0.61400 0.06444
vn -0.78714 0.61242 0.07317
vn -0.69170 0.71307 0.11441
vn -0.76882 0.63596 0.06690
vn -0.69265 0.70691 0.14321
vn -0.99349 0.11313 -0.01349
vn -0.99470 -0.07527 0.07010
vn -0.97223 0.23341 -0.01727
vn -0.99766 0.06697 0.01370
vn -0.97328 -0.22732 -0.03250
vn -0.99401 0.09069 -0.06103
vn -0.97927 -0.08774 0.18258
vn -0.95021 -0.30575 0.06021
vn -0.98736 0.03796 0.15385
vn -0.71379 0.69864 0.04903
vn -0.65892 0.74573 0.09857
vn -0.64910 0.75636 0.08111
vn -0.39986 0.85987 0.31739
vn -0.45887 0.83389 0.30669
vn -0.45350 0.85265 0.25947
vn -0.44038 0.81811 0.36981
vn -0.93617 -0.28836 0.20108
vn -0.95116 -0.03271 0.30697
vn -0.93529 -0.13070 0.32885
vn 0.95682 0.28544 -0.05502
vn 0.73475 0.62371 0.26671
vn 0.95593 0.29350 -0.00705
vn 0.56126 0.81692 0.13279
vn 0.77316 0.63410 0.01205
vn 0.96429 0.21480 0.15494
vn 0.46983 0.70421 0.53229
vn 0.68351 0.59649 0.42072
vn 0.87750 0.12275 0.46361
vn 0.65146 -0.00641 0.75865
vn 0.18601 0.45632 0.87016
vn 0.44194 0.38284 0.81124
vn 0.30068 -0.94559 0.12429
vn -0.06410 -0.98921 -0.13173
vn -0.31597 -0.94798 0.03860
vn -0.34054 -0.74863 0.56884
vn -0.13653 -0.76614 0.62800
vn 0.31178 -0.80349 0.50715
vn -0.28712 -0.95785 0.00869
vn -0.06662 -0.97183 0.22605
vn 0.31472 -0.94838 0.03902
vn 0.29680 -0.94411 -0.14343
vn -0.06372 -0.94312 -0.32628
vn -0.28359 -0.95156 -0.11879
vn 0.43986 -0.89642 -0.05430
vn 0.29680 -0.94411 -0.14343
vn 0.80136 -0.59490 -0.06264
vn 0.71734 -0.46916 -0.51508
vn 0.75544 -0.41948 -0.50334
vn 0.75291 -0.42750 -0.50037
vn 0.70812 -0.51647 -0.48148
vn 0.66290 -0.56148 -0.49528
vn 0.81914 -0.56944 -0.06887
vn 0.86382 -0.50266 -0.03390
vn 0.87647 -0.47025 -0.10330
vn 0.71194 -0.48768 -0.50527
vn 0.64672 -0.59511 -0.47706
vn 0.79391 -0.38536 -0.47032
vn 0.88678 -0.17585 -0.42744
vn 0.80176 -0.35375 -0.48171
vn 0.87938 -0.47244 0.05910
vn 0.87703 -0.47820 0.04622
vn 0.91564 -0.39738 0.06083
vn 0.86135 -0.50479 0.05719
vn 0.84853 -0.52820 0.03174
vn 0.85782 -0.51232 0.04095
vn 0.78486 -0.61692 -0.05842
vn 0.80023 -0.59842 -0.03916
vn 0.76666 -0.63976 -0.05430
vn 0.69087 -0.71563 -0.10279
vn 0.68022 -0.71499 -0.16155
vn 0.75240 -0.65638 -0.05527
vn 0.99139 -0.12824 0.02646
vn 0.97563 -0.21712 0.03174
vn 0.99178 0.08610 -0.09468
vn 0.99932 -0.03678 -0.00408
vn 0.99485 -0.09385 0.03831
vn 0.96981 0.24082 0.03830
vn 0.97164 0.13543 -0.19384
vn 0.98029 0.11016 -0.16397
vn 0.90803 0.41126 -0.07962
vn 0.40506 -0.86099 -0.30762
vn 0.43164 -0.84970 -0.30280
vn 0.42962 -0.84289 -0.32397
vn 0.44799 -0.81795 -0.36092
vn 0.93273 0.29782 -0.20325
vn 0.94443 0.11175 -0.30913
vn 0.95059 0.04564 -0.30709
vn 0.19078 0.98046 0.04791
vn 0.16310 0.98661 -0.00271
vn 0.32597 0.94517 0.01964
vn 0.59378 0.77420 -0.21921
vn 0.41136 0.90777 0.08209
vn 0.41243 0.90727 0.08222
vn 0.41720 0.90756 0.04781
vn 0.55350 0.76666 0.32538
vn 0.42260 0.90538 0.04116
vn 0.67595 0.66784 -0.31158
vn 0.44080 0.89572 -0.05804
vn 0.45850 0.88723 -0.05095
vn 0.41099 0.76919 -0.48933
vn 0.62212 0.78235 -0.02981
vn 0.47566 0.71066 -0.51837
vn -0.39492 -0.69900 -0.59619
vn 0.09886 -0.69445 -0.71272
vn -0.26582 -0.81211 -0.51944
vn -0.49320 -0.85242 -0.17358
vn -0.10577 -0.90050 -0.42179
vn -0.38205 -0.91479 -0.13115
vn -0.47141 -0.88165 0.02159
vn -0.15051 -0.96389 0.21967
vn 0.31660 -0.94803 0.03174
vn -0.18613 -0.36521 -0.91213
vn 0.29328 -0.28806 -0.91160
vn -0.08040 -0.50279 -0.86066
vn 0.71426 -0.64691 -0.26711
vn 0.77159 -0.59973 -0.21206
vn 0.79921 -0.53046 -0.28262
vn 0.92708 -0.20573 -0.31337
vn 0.66749 -0.73797 -0.09925
vn 0.97583 -0.19348 0.10162
vn 0.62214 -0.65635 -0.42679
vn 0.58653 -0.68834 -0.42681
vn 0.61248 -0.68952 -0.38657
vn 0.62831 -0.69673 -0.34613
vn 0.57083 -0.75295 -0.32745
vn 0.65141 -0.71153 -0.26340
vn 0.57711 0.69479 -0.42920
vn 0.86536 0.47077 -0.17181
vn 0.32555 0.93527 -0.13886
vn 0.26572 -0.95925 -0.09607
vn -0.29981 -0.92292 0.24151
vn -0.09599 -0.98766 -0.12371
vn 0.59396 -0.79966 -0.08809
vn 0.60747 -0.79087 -0.07422
vn -0.25142 -0.83791 -0.48445
vn 0.38153 -0.87440 -0.29976
vn 0.35483 -0.90849 -0.22076
vn 0.01290 -0.89503 -0.44582
vn -0.03479 -0.61016 -0.79151
vn 0.42793 -0.67717 -0.59860
vn 0.14115 -0.61743 -0.77386
vn 0.13478 -0.20566 -0.96930
vn 0.68926 -0.69581 -0.20190
vn 0.70490 -0.66178 -0.25528
vn -0.05355 -0.32087 -0.94561
vn 0.80759 -0.43803 -0.39487
vn 0.68894 -0.15750 -0.70750
vn 0.90934 -0.30880 -0.27882
vn 0.50302 -0.58266 -0.63835
vn 0.80665 0.51301 -0.29349
vn 0.59218 0.65457 -0.46995
vn 0.33028 0.94282 -0.04486
vn 0.56386 0.82520 -0.03339
vn 0.76124 0.64847 -0.00163
vn 0.36614 0.83830 -0.40396
vn 0.50917 0.85803 0.06739
vn 0.65551 0.75441 0.03438
vn 0.25249 0.94187 -0.22164
vn 0.73064 0.68210 0.03014
vn 0.54205 0.83966 0.03390
vn 0.22218 0.91989 0.32315
vn 0.65837 0.74924 0.07203
vn 0.63654 0.76717 0.07916
vn 0.77466 0.63237 0.00426
vn -0.29565 0.95134 0.08683
vn -0.59337 0.80194 0.06926
vn -0.58291 0.80844 0.08153
vn 0.08625 0.98902 0.12003
vn -0.16948 0.97516 -0.14265
vn -0.17445 0.92497 0.33764
vn -0.40432 0.90302 0.14520
vn -0.63696 0.76540 0.09193
vn -0.40734 0.86953 0.27927
vn -0.17829 0.97680 0.11863
vn -0.02847 0.90125 0.43236
vn -0.44145 0.68465 0.57998
vn -0.68239 0.70123 0.20644
vn -0.70916 0.65842 0.25213
vn -0.23001 0.81257 0.53557
vn -0.63081 0.60558 0.48513
vn -0.14807 0.62851 0.76358
vn -0.51847 0.59026 0.61869
vn -0.58889 0.43867 0.67881
vn -0.74702 0.60157 0.28298
vn -0.77207 0.48465 0.41113
vn -0.59940 -0.64420 0.47511
vn -0.81430 -0.50391 0.28808
vn -0.79744 -0.37220 0.47493
vn -0.70975 -0.62967 -0.31586
vn -0.76792 -0.64042 -0.01240
vn -0.57038 -0.82130 0.01134
vn -0.70747 -0.62750 -0.32517
vn -0.66758 -0.74316 -0.04527
vn -0.53007 -0.84480 -0.07310
vn -0.74053 -0.67174 -0.01955
vn -0.76693 -0.59672 0.23609
vn -0.55563 -0.83129 -0.01512
vn -0.65285 -0.75303 -0.08201
vn -0.67201 -0.73799 -0.06138
vn -0.76394 -0.64518 -0.01169
vn -0.25587 -0.96634 0.02693
vn -0.43691 -0.89400 0.09938
vn -0.43613 -0.89507 0.09294
vn -0.00035 -0.99564 0.09323
vn -0.09388 -0.98750 -0.12660
vn -0.54064 -0.79326 -0.28009
vn -0.37962 -0.91605 0.12938
vn 0.12704 -0.96917 0.21114
vn -0.37957 -0.91378 0.14469
vn -0.22167 -0.97161 0.08263
vn 0.52220 0.85196 -0.03843
vn 0.41594 0.90936 -0.00794
vn 0.41239 0.91098 -0.00707
vn 0.44529 0.89512 0.02199
vn 0.79505 0.58632 0.15532
vn 0.54750 0.83680 0.00356
vn -0.08451 -0.88923 -0.44959
vn -0.72446 -0.61201 -0.31719
vn -0.40498 -0.91222 -0.06207
vn -0.14436 -0.98949 0.00857
vn -0.08928 -0.98725 -0.13181
vn -0.02819 -0.99780 -0.06000
vn -0.05345 -0.98809 0.14426
vn -0.00884 -0.99630 0.08552
vn 0.53740 0.84300 0.02356
vn 0.57984 0.81278 0.05633
vn 0.57397 0.81823 0.03252
vn -0.32831 -0.94455 0.00669
vn -0.31689 -0.94476 -0.08376
vn -0.16552 -0.97268 -0.16278
vn 0.52876 0.84834 0.02721
vn 0.52672 0.84958 0.02800
vn -0.13597 -0.97383 0.18210
vn -0.21515 -0.96323 0.16095
vn -0.28705 -0.95323 0.09464
vn -0.24756 -0.95748 -0.14813
vn -0.00857 -0.99967 0.02403
vn 0.52216 0.85246 0.02579
vn 0.51551 0.85584 0.04225
vn 0.56853 0.82225 0.02611
vn 0.53189 0.84596 0.03805
vn 0.54842 0.83369 0.06486
vn 0.52598 0.85038 0.01409
vn 0.94811 0.28101 0.14869
vn 0.60967 0.78457 -0.11294
vn 0.70990 0.69538 -0.11170
vn -0.14190 0.86806 -0.47575
vn 0.50370 0.83579 -0.21849
vn 0.01370 0.93660 -0.35012
vn 0.58981 0.80726 0.02143
vn 0.56271 0.82665 -0.00320
vn 0.91538 0.22099 0.33652
vn 0.65700 0.75281 -0.04033
vn 0.60967 0.79265 0.00321
vn -0.59585 -0.71719 -0.36138
vn -0.01254 -0.99579 -0.09075
vn -0.14066 -0.98528 -0.09713
vn 0.07438 -0.99355 -0.08557
vn -0.09036 -0.98619 -0.13876
vn 0.47077 -0.87168 0.13617
vn 0.67023 -0.72933 0.13738
vn -0.20149 -0.95127 -0.23343
vn -0.59465 -0.69978 -0.39585
vn -0.66589 -0.52012 -0.53485
vn 0.98183 0.14316 0.12457
vn 0.64158 0.76358 -0.07292
vn -0.05899 0.95786 -0.28111
vn -0.27597 -0.94914 -0.15159
vn 0.35141 -0.89035 0.28946
vn 0.70398 0.70821 -0.05341
vn 0.16491 0.98610 -0.02015
vn 0.64610 0.71553 0.26563
vn 0.60981 0.71889 -0.33367
vn 0.39797 0.74696 -0.53261
vn 0.08540 0.79300 -0.60321
vn -0.22137 0.81250 -0.53930
vn -0.44236 0.83373 -0.33047
vn -0.51455 0.85746 0.00087
vn -0.39399 0.85878 0.32751
vn -0.14662 0.82053 0.55248
vn 0.15484 0.76632 0.62352
vn 0.43487 0.73340 0.52250
vn -0.85969 -0.32305 0.39570
vn -0.49163 -0.87080 -0.00230
vn -0.65447 -0.47218 0.59051
vn -0.96179 -0.25329 0.10395
vn -0.92769 -0.28027 -0.24664
vn -0.73517 -0.42011 -0.53200
vn -0.43021 -0.62307 -0.65322
vn -0.13274 -0.82906 -0.54318
vn 0.04506 -0.95228 -0.30187
vn 0.11129 -0.99200 -0.05956
vn 0.08713 -0.96708 0.23909
vn -0.08805 -0.84608 0.52573
vn -0.36935 -0.66570 0.64840
vn -0.94808 -0.20912 0.23962
vn -0.94808 -0.20912 0.23962
vn -0.94808 -0.20912 0.23962
vn -0.94808 -0.20912 0.23962
vn -0.57732 -0.09744 0.81068
vn -0.65790 -0.47813 0.58185
vn -0.91784 0.02299 0.39629
vn -0.71755 0.55837 0.41633
vn -0.58927 0.32794 0.73839
vn -0.87521 0.20137 0.43983
vn -0.97706 0.06622 -0.20241
vn -0.88960 0.45532 0.03595
vn -0.92218 0.11496 0.36929
vn -0.95854 -0.04988 0.28057
vn -0.87416 -0.45199 0.17761
vn -0.93955 -0.29468 -0.17438
vn -0.97743 -0.13331 0.16388
vn -0.69911 0.12318 0.70432
vn -0.78719 -0.27640 0.55130
vn -0.97120 0.18089 0.15509
vn -0.70919 0.66556 0.23257
vn -0.65167 0.51194 0.55968
vn -0.93089 0.29441 0.21626
vn -0.90544 0.29902 0.30127
vn -0.95386 0.09400 -0.28515
vn -0.86129 0.49674 -0.10685
vn -0.92677 0.18614 0.32626
vn -0.96449 0.04835 0.25967
vn -0.77620 0.21967 -0.59098
vn -0.67852 0.60222 -0.42065
vn -0.94001 0.33959 -0.03246
vn -0.97023 0.23992 -0.03306
vn -0.93451 -0.34504 -0.08741
vn -0.87405 -0.17371 -0.45373
vn -0.99671 0.03594 -0.07268
vn -0.85618 0.20428 0.47457
vn -0.93561 -0.18754 0.29911
vn -0.65382 0.75551 -0.04149
vn -0.73328 0.59396 0.33093
vn -0.93564 0.34986 -0.04654
vn -0.91983 0.38743 -0.06165
vn -0.99758 -0.06846 0.01213
vn -0.94082 0.06132 -0.33332
vn -0.89917 0.42995 0.08153
vn -0.90805 0.41886 -0.00087
vn -0.73344 0.42764 0.52839
vn -0.92538 0.09499 0.36694
vn -0.48653 0.87340 0.02149
vn -0.55161 0.74045 0.38399
vn -0.85302 0.52165 0.01529
vn -0.77444 0.40012 -0.49006
vn -0.58322 0.73622 -0.34328
vn -0.87836 0.46885 0.09306
vn -0.69960 0.34862 0.62371
vn -0.93079 0.03146 0.36421
vn -0.90029 0.32352 0.29124
vn -0.42518 0.90221 0.07236
vn -0.50360 0.70951 0.49293
vn -0.79952 0.60047 0.01403
vn -0.65844 0.48409 -0.57629
vn -0.48256 0.79771 -0.36164
vn -0.99263 -0.06003 -0.10527
vn -0.86862 0.13636 -0.47634
vn -0.92073 0.38960 -0.02182
vn -0.72912 0.45005 0.51560
vn -0.94156 0.19129 0.27725
vn -0.79507 0.60588 0.02775
vn -0.36552 0.92658 0.08857
vn -0.46531 0.78290 0.41298
vn -0.70956 0.68972 0.14429
vn -0.61415 0.63926 -0.46278
vn -0.41881 0.88056 -0.22186
vn -0.76920 0.63708 0.04957
vn -0.98917 0.13353 -0.06099
vn -0.87302 0.29649 -0.38720
vn -0.81002 0.58625 0.01341
vn -0.82434 0.56609 -0.00393
vn -0.98100 0.16606 -0.10031
vn -0.82277 0.38648 -0.41675
vn -0.76499 0.64125 0.05988
vn -0.78779 0.61213 0.06847
vn -0.72915 0.40663 0.55045
vn -0.93767 0.17594 0.29971
vn -0.29366 0.93353 0.20564
vn -0.46174 0.72429 0.51205
vn -0.55371 0.69895 -0.45263
vn -0.33679 0.92209 -0.19060
vn -0.73700 0.67468 0.04060
vn -0.96257 0.27028 0.02025
vn -0.82280 0.46851 -0.32171
vn -0.64204 0.75158 0.15139
vn -0.70202 0.69524 0.15429
vn -0.62466 0.51231 0.58936
vn -0.86729 0.28909 0.40527
vn -0.72549 0.67724 0.12250
vn -0.70535 0.70313 0.08998
vn -0.24308 0.96159 0.12751
vn -0.36539 0.79983 0.47619
vn -0.54271 0.74286 -0.39195
vn -0.31523 0.92521 -0.21121
vn -0.63679 0.76443 0.10071
vn -0.60079 0.74449 -0.29118
vn -0.25727 0.93058 -0.26043
vn -0.43919 0.87659 0.19671
vn -0.81137 0.44404 0.38014
vn -0.84666 0.53109 -0.03342
vn -0.49934 0.81845 0.28426
vn -0.37118 0.68741 0.62426
vn -0.58280 0.51723 0.62676
vn -0.55650 0.80228 0.21597
vn -0.60011 0.78803 0.13740
vn -0.07037 0.99745 -0.01210
vn -0.16020 0.91497 0.37036
vn -0.53948 0.83696 0.09198
vn -0.42193 0.89925 0.11542
vn -0.17799 0.93639 0.30247
vn -0.28543 0.71691 0.63606
vn -0.71540 0.67387 0.18465
vn -0.66802 0.71048 0.22131
vn -0.59711 0.75876 -0.26027
vn -0.30537 0.94975 -0.06874
vn -0.62482 0.74351 0.23831
vn -0.62538 0.72023 0.30029
vn -0.96045 0.22245 0.16750
vn -0.87349 0.45993 -0.15964
vn -0.68492 0.64626 0.33650
vn -0.54797 0.40695 0.73083
vn -0.82149 0.20004 0.53399
vn -0.72079 0.62941 0.29034
vn -0.71426 0.65936 0.23468
vn -0.99456 0.09186 -0.04916
vn -0.87692 0.32659 -0.35265
vn -0.79214 0.58690 0.16753
vn -0.82873 0.54282 0.13622
vn -0.72476 0.35838 0.58846
vn -0.93471 0.10428 0.33977
vn -0.80491 0.58829 0.07772
vn -0.35553 0.90544 0.23191
vn -0.48087 0.69191 0.53854
vn -0.77413 0.62573 0.09588
vn -0.63704 0.66228 -0.39441
vn -0.42076 0.89484 -0.14909
vn -0.76736 0.63349 0.09924
vn -0.77838 0.61511 0.12556
vn -0.91040 -0.06180 0.40909
vn -0.98887 0.11495 0.09451
vn -0.85053 0.33389 0.40635
vn -0.50234 0.34201 0.79416
vn -0.72981 0.03807 0.68259
vn -0.83621 0.42667 0.34453
vn -0.81709 0.47916 0.32058
vn -0.41752 0.83090 0.36781
vn -0.38524 0.67233 0.63211
vn -0.78379 0.54224 0.30275
vn -0.70326 0.57921 0.41224
vn -0.86429 0.49818 -0.06940
vn -0.60432 0.79067 0.09816
vn -0.76413 0.44896 0.46318
vn -0.82940 0.15441 0.53689
vn -0.92145 0.33588 0.19522
vn -0.27351 0.45375 0.84811
vn -0.57952 0.20700 0.78823
vn -0.15514 0.94126 0.29992
vn -0.09222 0.76931 0.63218
vn -0.51113 0.73903 0.43884
vn -0.73457 0.67831 -0.01726
vn -0.39822 0.91576 0.05304
vn -0.49893 0.75126 0.43206
vn -0.54289 0.70714 0.45301
vn -0.91382 -0.37477 -0.15647
vn -0.93905 -0.29332 0.17931
vn -0.78352 -0.59710 0.17196
vn -0.93267 -0.27920 0.22840
vn -0.86776 0.21676 0.44722
vn -0.81011 0.33783 0.47915
vn -0.85597 0.47323 0.20826
vn -0.86785 0.44297 0.22497
vn -0.84679 0.50001 0.18152
vn -0.97522 0.21458 0.05391
vn -0.94392 0.31883 0.08577
vn -0.95223 0.30358 -0.03318
vn -0.75311 0.63759 0.16217
vn -0.75613 0.61753 0.21661
vn -0.72205 0.68897 0.06296
vn -0.74349 0.66352 0.08342
vn -0.75412 0.64825 0.10520
vn -0.97625 0.07469 0.20337
vn -0.96880 -0.24714 -0.01848
vn -0.88407 -0.46451 0.05149
vn -0.82775 -0.55907 0.04763
vn -0.87896 -0.46704 0.09641
vn -0.83561 -0.54618 0.05864
vn -0.74155 -0.67087 -0.00627
vn -0.78709 -0.61172 0.07931
vn -0.70506 -0.70885 0.02046
vn -0.92702 0.09113 0.36377
vn -0.89457 0.19050 0.40430
vn -0.37213 0.90642 0.19981
vn -0.29968 0.94922 0.09574
vn -0.19883 0.97721 0.07432
vn -0.29250 0.93902 0.18079
vn -0.34981 0.88833 0.29748
vn -0.41598 0.81869 0.39585
vn -0.94183 -0.10976 0.31765
vn -0.89498 -0.40738 0.18181
vn -0.85669 0.51300 0.05403
vn -0.88795 0.45631 0.05761
vn -0.89392 0.44792 0.01665
vn -0.85858 0.51268 0.00180
vn -0.98942 0.09287 0.11148
vn -0.99406 0.10548 -0.02697
vn -0.91817 0.39537 0.02531
vn -0.91708 0.39339 0.06478
vn -0.70499 0.70178 -0.10243
vn -0.70249 0.70902 0.06165
vn -0.92796 -0.33052 0.17220
vn -0.91500 -0.40313 -0.01588
vn 0.73622 0.66919 -0.10082
vn 0.79387 0.60282 -0.07983
vn 0.71777 0.69588 -0.02382
vn 0.67554 0.73548 -0.05203
vn 0.17754 -0.96628 -0.18651
vn 0.07577 -0.99278 -0.09294
vn 0.20837 -0.97507 -0.07633
vn 0.29456 -0.93955 -0.17459
vn 0.50571 -0.69115 -0.51630
vn 0.36532 -0.82980 -0.42188
vn 0.42683 -0.81947 -0.38248
vn 0.55050 -0.69890 -0.45661
vn 0.68416 -0.46437 -0.56239
vn 0.87715 -0.22364 -0.42497
vn 0.84025 -0.14327 -0.52293
vn 0.95002 0.09993 -0.29578
vn 0.90118 0.20420 -0.38232
vn 0.90163 0.39590 -0.17417
vn 0.84256 0.49380 -0.21505
vn 0.26568 -0.91624 -0.29987
vn 0.35803 -0.88866 -0.28653
vn -0.01754 -0.98429 -0.17569
vn -0.01016 -0.92029 -0.39112
vn -0.01790 -0.93047 -0.36594
vn 0.02454 -0.98559 -0.16736
vn 0.03475 -0.77514 -0.63083
vn 0.00036 -0.77670 -0.62987
vn 0.14287 -0.53512 -0.83261
vn 0.29709 -0.23531 -0.92540
vn 0.33298 -0.25330 -0.90828
vn 0.15118 -0.53505 -0.83118
vn 0.47107 0.09928 -0.87649
vn 0.62079 0.38926 -0.68051
vn 0.61208 0.40961 -0.67644
vn 0.47708 0.09120 -0.87411
vn 0.29709 -0.23531 -0.92540
vn 0.33298 -0.25330 -0.90828
vn 0.71426 0.57135 -0.40421
vn 0.70853 0.57925 -0.40305
vn 0.70004 0.42245 0.57574
vn 0.95881 0.02770 0.28269
vn 0.82169 -0.01807 0.56965
vn 0.41479 0.23526 0.87898
vn -0.09406 -0.19737 0.97581
vn -0.25147 -0.52836 0.81093
vn 0.46289 -0.58978 0.66174
vn 0.55485 -0.40248 0.72812
vn 0.63959 -0.23751 0.73111
vn 0.16940 -0.21368 0.96211
vn 0.38486 -0.92127 -0.05614
vn 0.43986 -0.89642 -0.05430
vn -0.01298 -0.99969 -0.02102
vn 0.38578 -0.89153 -0.23739
vn -0.51978 -0.51183 0.68400
vn -0.79824 -0.37769 0.46921
vn -0.75844 -0.01818 0.65148
vn -0.49222 -0.15801 0.85601
vn -0.64390 -0.75145 0.14393
vn -0.73553 -0.61860 0.27627
vn -0.46245 -0.75072 0.47175
vn -0.38050 -0.87427 0.30144
vn -0.31809 -0.93061 0.18109
vn -0.57839 -0.81332 0.06304
vn 0.25565 0.83601 0.48553
vn 0.09561 0.71370 0.69389
vn -0.16188 0.83497 0.52595
vn -0.01640 0.93979 0.34135
vn -0.37412 0.64444 0.66688
vn -0.12700 0.51045 0.85048
vn -0.59642 0.35329 0.72074
vn -0.34871 0.20858 0.91373
vn 0.34152 0.89740 0.27935
vn 0.06048 0.98420 0.16644
vn 0.14999 0.98832 0.02685
vn 0.43570 0.89305 0.11234
vn -0.45520 0.68281 0.57146
vn -0.64416 0.43151 0.63156
vn -0.68447 0.47440 0.55358
vn -0.50686 0.69595 0.50868
vn -0.80601 0.08120 0.58631
vn -0.84390 0.15458 0.51375
vn -0.37245 0.82974 0.41570
vn -0.29997 0.83886 0.45424
vn -0.27845 0.91474 0.29277
vn -0.17574 0.93181 0.31757
vn -0.06555 0.97877 0.19420
vn -0.19473 0.96553 0.17274
vn -0.84595 -0.49265 0.20413
vn -0.78770 -0.56756 0.23961
vn -0.67907 -0.72361 0.12346
vn -0.73970 -0.66690 0.08992
vn -0.85877 -0.28562 0.42537
vn -0.90649 -0.19664 0.37364
vn -0.61878 -0.78194 0.07528
vn -0.67016 -0.74102 0.04209
vn 0.04894 0.99469 0.09058
vn -0.08905 0.99337 0.07269
vn -0.28568 0.79510 0.53497
vn 0.32939 -0.90766 0.26009
vn 0.46208 -0.84445 0.27090
vn -0.66685 -0.71914 0.19531
vn -0.53961 -0.41599 0.73197
vn -0.40239 -0.05428 0.91386
vn -0.59692 0.08717 0.79755
vn -0.44804 0.53502 0.71625
vn 0.61753 -0.65502 0.43544
vn -0.31809 -0.93061 0.18109
vn -0.38050 -0.87427 0.30144
vn 0.57535 -0.62070 0.53264
vn -0.46245 -0.75072 0.47175
vn 0.53384 -0.55951 0.63401
vn -0.51978 -0.51183 0.68400
vn 0.51333 -0.47024 0.71789
vn -0.49222 -0.15801 0.85601
vn 0.51739 -0.37430 0.76955
vn -0.34871 0.20858 0.91373
vn 0.55862 -0.28048 0.78056
vn -0.12700 0.51045 0.85048
vn 0.62675 -0.19029 0.75563
vn 0.09561 0.71370 0.69389
vn 0.70024 -0.11240 0.70500
vn 0.25565 0.83601 0.48553
vn 0.78541 -0.02702 0.61839
vn 0.34152 0.89740 0.27935
vn 0.86958 0.03632 0.49246
vn 0.43570 0.89305 0.11234
vn 0.93354 0.00923 0.35835
vn 0.94960 -0.30416 -0.07576
vn 0.71426 0.57135 -0.40421
vn 0.62079 0.38926 -0.68051
vn 0.91863 -0.35812 -0.16695
vn 0.47107 0.09928 -0.87649
vn 0.89156 -0.40921 -0.19407
vn 0.29709 -0.23531 -0.92540
vn 0.86756 -0.45780 -0.19432
vn 0.86756 -0.45780 -0.19432
vn 0.29709 -0.23531 -0.92540
vn 0.14287 -0.53512 -0.83261
vn 0.85282 -0.49269 -0.17309
vn 0.03475 -0.77514 -0.63083
vn 0.83765 -0.52917 -0.13532
vn -0.01016 -0.92029 -0.39112
vn 0.82530 -0.55915 -0.07895
vn -0.01754 -0.98429 -0.17569
vn 0.83189 -0.55481 0.01215
vn 0.79074 -0.39156 0.47054
vn -0.01298 -0.99969 -0.02102
vn -0.66685 -0.71914 0.19531
vn -0.46597 0.17415 0.86749
vn -0.90156 -0.43241 0.01425
vn -0.85164 0.47522 0.22109
vn 0.33183 0.85432 0.40002
vn 0.01491 0.97587 0.21784
vn 0.53654 -0.29366 -0.79113
vn -0.06372 -0.94312 -0.32628
vn 0.38486 -0.92127 -0.05614
vn 0.85687 -0.51450 -0.03255
vn -0.06662 -0.97183 0.22605
vn 0.45349 -0.34041 0.82369
vn -0.76693 -0.59672 0.23609
vn -0.65818 0.35859 0.66198
vn -0.93641 -0.34748 -0.04903
vn -0.84923 0.52801 0.00349
vn -0.84923 0.52801 0.00349
vn -0.93641 -0.34748 -0.04903
vn -0.70747 -0.62750 -0.32517
vn -0.58902 0.38713 -0.70935
vn 0.22218 0.91989 0.32315
vn -0.00732 0.99847 0.05483
vn -0.00732 0.99847 0.05483
vn 0.25249 0.94187 -0.22164
vn 0.57574 -0.48899 -0.65529
vn -0.06410 -0.98921 -0.13173
vn 0.32939 -0.90766 0.26009
vn 0.80895 -0.54793 0.21302
vn -0.13653 -0.76614 0.62800
vn 0.40535 -0.03867 0.91334
vn -0.79744 -0.37220 0.47493
vn -0.58439 0.61602 0.52821
vn -0.96711 -0.25223 -0.03285
vn -0.77876 0.58888 -0.21625
vn -0.77876 0.58888 -0.21625
vn -0.96711 -0.25223 -0.03285
vn -0.70975 -0.62967 -0.31586
vn -0.43236 0.22911 -0.87211
vn 0.33028 0.94282 -0.04486
vn 0.13374 0.96569 -0.22261
vn 0.13374 0.96569 -0.22261
vn 0.36614 0.83830 -0.40396
vn 0.38032 -0.88265 0.27620
vn 0.16940 -0.21368 0.96211
vn 0.44194 0.38284 0.81124
vn 0.96466 0.26090 -0.03678
vn -0.23001 0.81257 0.53557
vn -0.13310 0.83382 -0.53576
vn -0.63081 0.60558 0.48513
vn -0.80563 0.35935 -0.47099
vn -0.80563 0.35935 -0.47099
vn -0.63081 0.60558 0.48513
vn -0.59692 0.08717 0.79755
vn -0.88045 -0.41938 -0.22119
vn 0.13478 -0.20566 -0.96930
vn -0.05355 -0.32087 -0.94561
vn -0.05355 -0.32087 -0.94561
vn -0.00135 -0.35168 -0.93612
vn -0.88653 -0.39816 0.23565
vn -0.44804 0.53502 0.71625
vn 0.41479 0.23526 0.87898
vn 0.42776 -0.69715 0.57533
vn 0.68351 0.59649 0.42072
vn 0.92654 0.10122 -0.36233
vn -0.17829 0.97680 0.11863
vn -0.25454 0.50146 -0.82689
vn -0.65124 0.73130 0.20270
vn -0.90754 0.14601 -0.39376
vn -0.90754 0.14601 -0.39376
vn -0.65124 0.73130 0.20270
vn -0.03479 -0.61016 -0.79151
vn -0.35802 -0.63076 -0.68845
vn -0.35802 -0.63076 -0.68845
vn -0.18130 -0.80649 -0.56276
vn 0.59214 -0.47252 0.65276
vn 0.70004 0.42245 0.57574
vn 0.77316 0.63410 0.01205
vn 0.79124 -0.09539 -0.60402
vn -0.16948 0.97516 -0.14265
vn -0.53532 0.21187 -0.81765
vn -0.61132 0.78650 0.08781
vn -0.98764 0.04832 -0.14908
vn -0.98764 0.04832 -0.14908
vn -0.61132 0.78650 0.08781
vn -0.28568 0.79510 0.53497
vn -0.75875 -0.23883 0.60602
vn -0.25142 -0.83791 -0.48445
vn -0.49395 -0.82409 -0.27728
vn -0.49395 -0.82409 -0.27728
vn -0.26043 -0.95763 -0.12300
vn 0.67352 -0.21144 0.70829
vn 0.73475 0.62371 0.26671
vn 0.95682 0.28544 -0.05502
vn 0.95486 -0.29484 -0.03616
vn -0.99607 0.05683 0.06790
vn -0.61969 0.78408 0.03483
vn -0.17445 0.92497 0.33764
vn -0.61864 0.01861 0.78546
vn -0.59240 -0.80457 0.04152
vn -0.29981 -0.92292 0.24151
vn 0.97944 -0.16771 -0.11208
vn 0.94137 -0.16918 -0.29188
vn 0.92323 0.20057 -0.32774
vn 0.96299 0.20270 -0.17766
vn 0.87802 -0.47362 -0.06899
vn 0.68342 -0.72827 -0.05058
vn 0.65582 -0.70619 -0.26682
vn 0.84068 -0.45562 -0.29270
vn 0.77417 -0.09864 -0.62525
vn 0.81356 0.18270 -0.55204
vn 0.47517 -0.63899 -0.60490
vn 0.65416 -0.39263 -0.64646
vn 0.96240 -0.25982 -0.07930
vn 0.97801 -0.20198 -0.05187
vn 0.97613 0.17231 -0.13220
vn 0.97985 0.11534 -0.16304
vn 0.71234 -0.70145 0.02334
vn 0.69420 -0.71885 0.03656
vn 0.87020 -0.49249 0.01403
vn 0.85513 -0.51838 -0.00597
vn 0.73241 -0.67942 -0.04440
vn 0.83707 -0.54318 -0.06537
vn 0.74820 -0.65400 -0.11168
vn 0.82402 -0.55539 -0.11192
vn 0.97494 0.03361 -0.21991
vn 0.93558 -0.32673 -0.13391
vn 0.96716 -0.06329 -0.24618
vn 0.90919 -0.38462 -0.15951
vn 0.76118 -0.62672 -0.16684
vn 0.82215 -0.55119 -0.14235
vn 0.89412 -0.41614 -0.16550
vn 0.95822 -0.15506 -0.24035
vn 0.89750 -0.40628 0.17155
vn 0.85983 -0.49442 0.12745
vn 0.85230 -0.52289 -0.01336
vn 0.89994 -0.43438 0.03763
vn 0.82744 -0.54187 -0.14738
vn 0.79559 -0.56112 -0.22845
vn 0.84668 -0.50197 -0.17652
vn 0.87820 -0.46841 -0.09675
vn 0.78072 -0.59424 -0.19329
vn 0.75071 -0.60204 -0.27199
vn 0.66936 -0.73034 -0.13627
vn 0.69705 -0.68752 -0.20354
vn 0.62700 -0.77535 -0.07552
vn 0.56119 -0.82764 -0.00915
vn 0.48252 -0.87588 -0.00330
vn 0.41063 -0.90713 -0.09218
vn 0.34706 -0.89360 -0.28464
vn 0.27518 -0.80752 -0.52172
vn 0.81627 -0.57091 0.08811
vn 0.46289 -0.58978 0.66174
vn 0.84213 -0.43552 0.31802
vn 0.85242 -0.41965 0.31190
vn 0.55485 -0.40248 0.72812
vn 0.86222 -0.40683 0.30177
vn 0.63959 -0.23751 0.73111
vn 0.86827 -0.40494 0.28659
vn 0.87929 -0.39623 0.26430
vn 0.89852 -0.36150 0.24896
vn 0.87925 -0.39553 0.26547
vn 0.85804 -0.43277 0.27654
vn 0.85639 -0.46009 0.23436
vn 0.88973 -0.37095 0.26603
vn 0.87153 -0.38291 0.30629
vn 0.82879 -0.46792 0.30686
vn 0.31178 -0.80349 0.50715
vn 0.47708 0.09120 -0.87411
vn 0.33298 -0.25330 -0.90828
vn 0.15118 -0.53505 -0.83118
vn 0.00036 -0.77670 -0.62987
vn -0.01790 -0.93047 -0.36594
vn 0.02454 -0.98559 -0.16736
vn 0.06290 -0.99629 -0.05879
vn 0.12851 -0.99076 -0.04337
vn 0.77723 0.60412 -0.17596
vn 0.74757 0.62142 -0.23446
vn 0.70853 0.57925 -0.40305
vn 0.61208 0.40961 -0.67644
vn 0.79078 0.58564 -0.17805
vn 0.79459 0.55471 -0.24684
vn 0.78536 0.58204 -0.21082
vn 0.19457 -0.97834 -0.07062
vn 0.23534 -0.96630 -0.10431
vn 0.77512 -0.59336 -0.21704
vn 0.72256 -0.63700 -0.26858
vn 0.82898 -0.53262 -0.17064
vn 0.88999 -0.42488 -0.16553
vn 0.95239 -0.22764 -0.20281
vn 0.90089 -0.41208 -0.13632
vn 0.95516 -0.26827 -0.12532
vn 0.86536 0.47077 -0.17181
vn 0.86596 0.43863 -0.24024
vn 0.82583 0.49672 -0.26699
vn 0.25879 -0.95084 -0.17007
vn 0.27823 -0.92986 -0.24073
vn 0.32532 -0.90398 -0.27748
vn 0.95881 0.02770 0.28269
vn 0.93417 -0.31234 0.17256
vn 0.95125 -0.29247 0.09788
vn 0.96429 0.21480 0.15494
vn 0.95910 -0.28287 -0.01045
vn 0.95593 0.29350 -0.00705
vn 0.38578 -0.89153 -0.23739
vn 0.31472 -0.94838 0.03902
vn 0.92253 -0.33826 0.18578
vn 0.82169 -0.01807 0.56965
vn 0.91226 -0.34196 0.22550
vn 0.87750 0.12275 0.46361
vn 0.65146 -0.00641 0.75865
vn 0.83569 -0.49087 0.24630
vn 0.46208 -0.84445 0.27090
vn 0.30068 -0.94559 0.12429
vn 0.82435 -0.53697 0.17918
vn 0.80252 -0.45653 -0.38412
vn 0.94287 0.23669 -0.23448
vn 0.94237 0.27118 -0.19596
vn 0.68200 -0.22514 -0.69584
vn 0.98220 -0.09759 0.16047
vn 0.93438 -0.03311 -0.35472
vn 0.91653 -0.39874 -0.03113
vn 0.82656 0.50454 -0.24949
vn 0.88970 -0.15181 -0.43057
vn 0.95752 0.28036 0.06744
vn 0.60909 0.13750 -0.78109
vn 0.95294 0.05708 -0.29775
vn 0.92215 -0.08433 -0.37752
vn 0.67238 0.43148 -0.60144
vn 0.78180 -0.59288 -0.19309
vn 0.70341 -0.42349 -0.57084
vn 0.93302 -0.14162 0.33078
vn 0.97910 -0.17026 -0.11123
vn 0.99465 -0.00424 -0.10322
vn 0.86423 -0.46989 0.17975
vn 0.88718 0.40042 -0.22928
vn 0.91923 -0.25115 -0.30322
vn 0.94410 -0.26890 -0.19070
vn 0.96255 0.21299 0.16774
vn 0.66906 -0.06786 -0.74010
vn 0.95407 -0.03526 -0.29749
vn 0.92257 -0.16207 -0.35014
vn 0.74282 0.27647 -0.60974
vn 0.85743 -0.19491 -0.47625
vn 0.97309 -0.22998 -0.01428
vn 0.95051 -0.31063 0.00652
vn 0.94051 0.14668 -0.30646
vn 0.70930 -0.70274 0.05518
vn 0.99547 -0.06193 0.07213
vn 0.77206 -0.54660 -0.32427
vn 0.77425 -0.21786 0.59420
vn 0.70532 -0.56416 0.42924
vn 0.95362 0.28754 0.08899
vn 0.94067 -0.33226 0.06885
vn 0.94824 -0.30676 0.08210
vn 0.87812 0.13515 0.45895
vn 0.48052 -0.87695 -0.00814
vn 0.88681 -0.46214 0.00036
vn 0.88588 -0.45131 -0.10735
vn 0.54978 -0.72623 -0.41271
vn 0.74526 -0.39600 0.53645
vn 0.55349 -0.73500 0.39170
vn 0.99671 0.07142 -0.03845
vn 0.86941 -0.49390 0.01370
vn 0.93170 -0.06712 0.35698
vn 0.71640 -0.38795 -0.57989
vn 0.87389 -0.46460 -0.14303
vn 0.90241 -0.05982 -0.42670
vn 0.75509 -0.52210 0.39654
vn 0.59870 -0.76313 0.24329
vn 0.99728 -0.04517 0.05824
vn 0.81349 -0.57961 -0.04775
vn 0.76133 -0.56999 -0.30900
vn 0.91611 -0.24602 0.31657
vn 0.78789 -0.37663 -0.48722
vn 0.95557 -0.08896 -0.28101
vn 0.50974 -0.85659 -0.08013
vn 0.91287 -0.40807 -0.01193
vn 0.59096 -0.70615 -0.39003
vn 0.59800 -0.66017 0.45450
vn 0.77176 -0.63478 -0.03792
vn 0.36714 -0.89452 0.25503
vn 0.98827 -0.14837 0.03608
vn 0.71305 -0.68265 -0.15982
vn 0.86064 -0.33600 0.38262
vn 0.70041 -0.42544 -0.57308
vn 0.77749 -0.62269 -0.08810
vn 0.91628 -0.17421 -0.36067
vn 0.31811 -0.94173 -0.10936
vn 0.80607 -0.59181 -0.00444
vn 0.79948 -0.59921 -0.04221
vn 0.45016 -0.75773 -0.47244
vn 0.55730 -0.69862 0.44873
vn 0.34455 -0.92060 0.18380
vn 0.16935 -0.96597 -0.19553
vn 0.66499 -0.72906 -0.16207
vn 0.61987 -0.76391 -0.17943
vn 0.28370 -0.79088 -0.54224
vn 0.56219 -0.53239 -0.63285
vn 0.62712 -0.76622 -0.14012
vn 0.85438 -0.32158 -0.40819
vn 0.21422 -0.68121 -0.70004
vn 0.42883 -0.87300 -0.23230
vn 0.55083 -0.53501 -0.64058
vn -0.01156 -0.99919 -0.03866
vn 0.46614 -0.83999 -0.27770
vn -0.03348 -0.88422 -0.46587
vn 0.62311 -0.68333 0.38050
vn 0.59658 -0.79612 -0.10146
vn 0.54458 -0.81608 -0.19350
vn 0.27901 -0.90672 0.31625
vn 0.82340 -0.46934 -0.31897
vn 0.42549 -0.89637 -0.12439
vn 0.54148 -0.83701 -0.07888
vn 0.85620 -0.50254 0.11991
vn 0.17428 -0.92517 -0.33717
vn 0.65563 -0.67160 -0.34510
vn 0.24584 -0.70047 -0.67001
vn 0.62042 -0.64702 0.44323
vn 0.79875 -0.60106 -0.02706
vn 0.41450 -0.89183 0.18119
vn 0.99156 -0.10897 0.07029
vn 0.80241 -0.59149 -0.07930
vn 0.86097 -0.32387 0.39221
vn 0.38692 -0.86606 -0.31658
vn 0.83832 -0.36212 -0.40755
vn 0.29785 -0.65056 -0.69861
vn 0.85767 -0.48038 0.18339
vn 0.82936 -0.48425 -0.27868
vn 0.83665 -0.44386 -0.32094
vn 0.62139 -0.78196 0.04917
vn 0.92553 0.09745 -0.36592
vn 0.71921 -0.55341 -0.42008
vn 0.98997 -0.13689 0.03485
vn 0.39379 -0.27995 -0.87553
vn 0.74165 -0.43726 -0.50868
vn 0.64696 0.03589 -0.76168
vn 0.18888 -0.93751 -0.29222
vn 0.15269 -0.76181 -0.62955
vn 0.73557 -0.67300 0.07754
vn 0.41835 -0.90819 -0.01327
vn 0.28174 -0.45881 -0.84268
vn 0.52116 -0.72746 -0.44631
vn 0.54354 -0.21559 -0.81123
vn 0.54603 -0.70915 -0.44605
vn 0.83525 -0.15041 -0.52889
vn 0.81598 -0.22124 -0.53407
vn 0.70576 -0.67565 -0.21310
vn 0.96569 -0.22436 -0.13078
vn 0.79741 -0.58420 -0.15112
vn 0.34518 -0.90649 -0.24315
vn 0.75687 -0.64776 -0.08694
vn 0.29520 -0.92805 -0.22713
vn 0.81870 -0.39823 0.41369
vn 0.96479 -0.26221 0.02044
vn 0.81980 -0.33586 -0.46381
vn 0.87113 -0.43727 -0.22345
vn 0.85700 -0.47187 -0.20710
vn 0.84704 -0.50012 -0.18001
vn 0.97738 -0.20577 -0.04879
vn 0.94429 -0.31845 -0.08313
vn 0.95879 -0.28403 0.00693
vn 0.49014 -0.79291 -0.36202
vn 0.97313 -0.06064 -0.22212
vn 0.96766 0.25185 0.01432
vn 0.94013 0.34017 -0.02083
vn 0.83555 0.54631 -0.05837
vn 0.87984 0.46465 -0.09993
vn 0.75124 0.66003 0.00199
vn 0.84100 0.53776 -0.05955
vn 0.92650 -0.09328 -0.36455
vn 0.89313 -0.19605 -0.40482
vn 0.36818 -0.90988 -0.19121
vn 0.30171 -0.94878 -0.09373
vn -0.02230 -0.13032 0.99122
vn 0.75509 -0.52210 0.39654
vn 0.59870 -0.76313 0.24329
vn -0.37807 -0.69938 0.60658
vn 0.50974 -0.85659 -0.08013
vn -0.48186 -0.86201 -0.15732
vn 0.59096 -0.70615 -0.39003
vn -0.27079 -0.52893 -0.80430
vn 0.78789 -0.37663 -0.48722
vn 0.11345 0.10621 -0.98785
vn 0.95557 -0.08896 -0.28101
vn 0.43759 0.67418 -0.59498
vn 0.99728 -0.04517 0.05824
vn 0.53051 0.83405 0.15138
vn 0.53051 0.83405 0.15138
vn 0.99728 -0.04517 0.05824
vn 0.91611 -0.24602 0.31657
vn 0.34003 0.48199 0.80750
vn -0.14386 -0.98960 -0.00095
vn 0.78180 -0.59288 -0.19309
vn 0.70341 -0.42349 -0.57084
vn -0.27640 -0.67997 -0.67915
vn 0.66906 -0.06786 -0.74010
vn -0.27702 0.01932 -0.96067
vn -0.27702 0.01932 -0.96067
vn 0.66906 -0.06786 -0.74010
vn 0.74282 0.27647 -0.60974
vn -0.11491 0.72981 -0.67392
vn 0.88718 0.40042 -0.22928
vn 0.13247 0.99109 0.01364
vn 0.96255 0.21299 0.16774
vn 0.27948 0.67741 0.68045
vn 0.93302 -0.14162 0.33078
vn 0.24062 -0.02861 0.97020
vn 0.86423 -0.46989 0.17975
vn 0.06325 -0.72350 0.68742
vn -0.04656 -0.98249 -0.18043
vn 0.80252 -0.45653 -0.38412
vn 0.68200 -0.22514 -0.69584
vn -0.29316 -0.56690 -0.76985
vn 0.60909 0.13750 -0.78109
vn -0.37035 0.18163 -0.91096
vn -0.37035 0.18163 -0.91096
vn 0.60909 0.13750 -0.78109
vn 0.67238 0.43148 -0.60144
vn -0.22140 0.82467 -0.52048
vn 0.82656 0.50454 -0.24949
vn 0.06506 0.98293 0.17209
vn 0.95752 0.28036 0.06744
vn 0.31095 0.56712 0.76268
vn 0.98220 -0.09759 0.16047
vn 0.37526 -0.18130 0.90902
vn 0.91653 -0.39874 -0.03113
vn 0.22670 -0.82571 0.51654
vn -0.51386 -0.85158 0.10376
vn 0.38692 -0.86606 -0.31658
vn 0.29785 -0.65056 -0.69861
vn -0.66536 -0.50104 -0.55340
vn 0.39379 -0.27995 -0.87553
vn -0.43859 0.20314 -0.87543
vn 0.64696 0.03589 -0.76168
vn 0.03444 0.79373 -0.60729
vn 0.03444 0.79373 -0.60729
vn 0.64696 0.03589 -0.76168
vn 0.92553 0.09745 -0.36592
vn 0.44315 0.89596 0.02941
vn 0.98997 -0.13689 0.03485
vn 0.56910 0.52067 0.63642
vn 0.85767 -0.48038 0.18339
vn 0.35154 -0.13760 0.92600
vn 0.62139 -0.78196 0.04917
vn -0.10911 -0.70938 0.69633
vn -0.48457 -0.87473 0.00573
vn 0.48052 -0.87695 -0.00814
vn 0.54978 -0.72623 -0.41271
vn -0.35773 -0.62312 -0.69552
vn 0.71640 -0.38795 -0.57989
vn -0.03842 0.00095 -0.99926
vn 0.90241 -0.05982 -0.42670
vn 0.30461 0.62703 -0.71697
vn 0.99671 0.07142 -0.03845
vn 0.46841 0.88339 -0.01441
vn 0.46841 0.88339 -0.01441
vn 0.99671 0.07142 -0.03845
vn 0.93170 -0.06712 0.35698
vn 0.35276 0.62828 0.69342
vn 0.74526 -0.39600 0.53645
vn 0.01836 0.02222 0.99958
vn 0.55349 -0.73500 0.39170
vn -0.33969 -0.60724 0.71825
vn -0.60290 -0.75103 -0.26918
vn 0.34518 -0.90649 -0.24315
vn 0.45094 -0.66838 -0.59154
vn -0.38788 -0.32391 -0.86292
vn 0.68654 -0.32820 -0.64881
vn 0.04849 0.30135 -0.95228
vn 0.04849 0.30135 -0.95228
vn 0.68654 -0.32820 -0.64881
vn 0.92614 -0.11052 -0.36062
vn 0.46851 0.74546 -0.47412
vn 0.99156 -0.10897 0.07029
vn 0.59704 0.75148 0.28076
vn 0.86097 -0.32387 0.39221
vn 0.36244 0.33811 0.86852
vn 0.62042 -0.64702 0.44323
vn -0.08801 -0.27447 0.95756
vn 0.41450 -0.89183 0.18119
vn -0.48548 -0.72796 0.48413
vn -0.15131 -0.17953 0.97205
vn 0.59800 -0.66017 0.45450
vn 0.36714 -0.89452 0.25503
vn -0.55262 -0.65309 0.51777
vn 0.31811 -0.94173 -0.10936
vn -0.64889 -0.74456 -0.15679
vn 0.45016 -0.75773 -0.47244
vn -0.41445 -0.42454 -0.80498
vn 0.70041 -0.42544 -0.57308
vn 0.07487 0.20655 -0.97557
vn 0.91628 -0.17421 -0.36067
vn 0.47465 0.69005 -0.54638
vn 0.98827 -0.14837 0.03608
vn 0.59307 0.79327 0.13783
vn 0.59307 0.79327 0.13783
vn 0.98827 -0.14837 0.03608
vn 0.86064 -0.33600 0.38262
vn 0.36745 0.47176 0.80151
vn -0.64422 -0.70355 -0.29999
vn 0.29520 -0.92805 -0.22713
vn 0.44588 -0.71406 -0.53973
vn -0.35243 -0.30289 -0.88547
vn -0.35243 -0.30289 -0.88547
vn 0.44588 -0.71406 -0.53973
vn 0.70422 -0.41455 -0.57638
vn 0.14237 0.27334 -0.95132
vn 0.54852 0.69484 -0.46511
vn 0.92708 -0.20573 -0.31337
vn 0.97583 -0.19348 0.10162
vn 0.63548 0.71310 0.29605
vn 0.81870 -0.39823 0.41369
vn 0.34637 0.31032 0.88528
vn 0.55730 -0.69862 0.44873
vn -0.15196 -0.27326 0.94986
vn 0.34455 -0.92060 0.18380
vn -0.55900 -0.69047 0.45909
vn 0.73574 0.65842 0.15863
vn 0.96569 -0.22436 -0.13078
vn 0.87605 -0.43356 0.21111
vn 0.56906 0.24793 0.78403
vn 0.61639 -0.73181 0.29072
vn 0.06925 -0.31160 0.94769
vn 0.33154 -0.94153 0.06006
vn -0.46844 -0.68665 0.55595
vn 0.17428 -0.92517 -0.33717
vn -0.73684 -0.65747 -0.15750
vn 0.24584 -0.70047 -0.67001
vn -0.57657 -0.23999 -0.78101
vn -0.57657 -0.23999 -0.78101
vn 0.24584 -0.70047 -0.67001
vn 0.51005 -0.41293 -0.75455
vn -0.07487 0.31679 -0.94554
vn 0.81598 -0.22124 -0.53407
vn 0.46932 0.68540 -0.55675
vn -0.35072 0.04509 -0.93539
vn 0.21422 -0.68121 -0.70004
vn 0.55083 -0.53501 -0.64058
vn 0.30359 0.39491 -0.86711
vn 0.82340 -0.46934 -0.31897
vn 0.76060 0.56295 -0.32338
vn 0.85620 -0.50254 0.11991
vn 0.74623 0.43205 0.50643
vn 0.62311 -0.68333 0.38050
vn 0.25477 0.00548 0.96699
vn 0.27901 -0.90672 0.31625
vn -0.28643 -0.35579 0.88959
vn -0.01156 -0.99919 -0.03866
vn -0.78277 -0.52809 0.32923
vn -0.03348 -0.88422 -0.46587
vn -0.81440 -0.34474 -0.46681
vn 0.21422 -0.68121 -0.70004
vn -0.35072 0.04509 -0.93539
vn -0.63465 -0.73566 0.23668
vn 0.18888 -0.93751 -0.29222
vn 0.15269 -0.76181 -0.62955
vn -0.80263 -0.40869 -0.43446
vn 0.28174 -0.45881 -0.84268
vn -0.47612 0.22633 -0.84976
vn -0.47612 0.22633 -0.84976
vn 0.28174 -0.45881 -0.84268
vn 0.54354 -0.21559 -0.81123
vn 0.10748 0.68977 -0.71601
vn 0.83525 -0.15041 -0.52889
vn 0.60915 0.76796 -0.19793
vn 0.92850 -0.34608 -0.13456
vn 0.77602 0.41159 0.47790
vn 0.73557 -0.67300 0.07754
vn 0.43305 -0.20563 0.87760
vn 0.41835 -0.90819 -0.01327
vn -0.16263 -0.65264 0.74001
vn -0.74700 -0.64438 -0.16358
vn 0.16935 -0.96597 -0.19553
vn 0.28370 -0.79088 -0.54224
vn -0.50044 -0.30117 -0.81170
vn 0.56219 -0.53239 -0.63285
vn 0.02039 0.21430 -0.97655
vn 0.85438 -0.32158 -0.40819
vn 0.50767 0.62218 -0.59595
vn 0.96479 -0.26221 0.02044
vn 0.68706 0.71139 0.14790
vn 0.68706 0.71139 0.14790
vn 0.96479 -0.26221 0.02044
vn 0.82026 -0.42214 0.38596
vn 0.43198 0.37610 0.81972
vn 0.53634 -0.70688 0.46115
vn -0.07893 -0.17114 0.98208
vn 0.27684 -0.93513 0.22113
vn -0.55712 -0.58916 0.58524
vn 0.08704 0.01586 -0.99608
vn 0.85743 -0.19491 -0.47625
vn 0.94051 0.14668 -0.30646
vn 0.24217 0.69585 -0.67613
vn 0.95362 0.28754 0.08899
vn 0.25477 0.96626 0.03788
vn 0.25477 0.96626 0.03788
vn 0.95362 0.28754 0.08899
vn 0.87812 0.13515 0.45895
vn 0.11497 0.67349 0.73020
vn 0.77425 -0.21786 0.59420
vn -0.09069 -0.01557 0.99576
vn 0.70532 -0.56416 0.42924
vn -0.23739 -0.69689 0.67675
vn 0.70930 -0.70274 0.05518
vn -0.24316 -0.96930 -0.03643
vn 0.77206 -0.54660 -0.32427
vn -0.11206 -0.67595 -0.72838
vn -0.69960 0.34862 0.62371
vn -0.93079 0.03146 0.36421
vn -0.99263 -0.06003 -0.10527
vn -0.86862 0.13636 -0.47634
vn -0.65844 0.48409 -0.57629
vn -0.48256 0.79771 -0.36164
vn -0.42518 0.90221 0.07236
vn -0.42518 0.90221 0.07236
vn -0.50360 0.70951 0.49293
vn -0.87416 -0.45199 0.17761
vn -0.93955 -0.29468 -0.17438
vn -0.95386 0.09400 -0.28515
vn -0.95386 0.09400 -0.28515
vn -0.86129 0.49674 -0.10685
vn -0.70919 0.66556 0.23257
vn -0.65167 0.51194 0.55968
vn -0.69911 0.12318 0.70432
vn -0.78719 -0.27640 0.55130
vn -0.78352 -0.59710 0.17196
vn -0.91382 -0.37477 -0.15647
vn -0.97706 0.06622 -0.20241
vn -0.97706 0.06622 -0.20241
vn -0.88960 0.45532 0.03595
vn -0.71755 0.55837 0.41633
vn -0.58927 0.32794 0.73839
vn -0.57732 -0.09744 0.81068
vn -0.65790 -0.47813 0.58185
vn -0.91040 -0.06180 0.40909
vn -0.98887 0.11495 0.09451
vn -0.86429 0.49818 -0.06940
vn -0.60432 0.79067 0.09816
vn -0.60432 0.79067 0.09816
vn -0.41752 0.83090 0.36781
vn -0.38524 0.67233 0.63211
vn -0.50234 0.34201 0.79416
vn -0.72981 0.03807 0.68259
vn -0.99758 -0.06846 0.01213
vn -0.94082 0.06132 -0.33332
vn -0.77444 0.40012 -0.49006
vn -0.58322 0.73622 -0.34328
vn -0.48653 0.87340 0.02149
vn -0.48653 0.87340 0.02149
vn -0.55161 0.74045 0.38399
vn -0.73344 0.42764 0.52839
vn -0.92538 0.09499 0.36694
vn -0.99456 0.09186 -0.04916
vn -0.87692 0.32659 -0.35265
vn -0.63704 0.66228 -0.39441
vn -0.63704 0.66228 -0.39441
vn -0.42076 0.89484 -0.14909
vn -0.35553 0.90544 0.23191
vn -0.48087 0.69191 0.53854
vn -0.72476 0.35838 0.58846
vn -0.93471 0.10428 0.33977
vn -0.72912 0.45005 0.51560
vn -0.94156 0.19129 0.27725
vn -0.98917 0.13353 -0.06099
vn -0.87302 0.29649 -0.38720
vn -0.61415 0.63926 -0.46278
vn -0.41881 0.88056 -0.22186
vn -0.36552 0.92658 0.08857
vn -0.36552 0.92658 0.08857
vn -0.46531 0.78290 0.41298
vn -0.98100 0.16606 -0.10031
vn -0.82277 0.38648 -0.41675
vn -0.82277 0.38648 -0.41675
vn -0.55371 0.69895 -0.45263
vn -0.33679 0.92209 -0.19060
vn -0.29366 0.93353 0.20564
vn -0.46174 0.72429 0.51205
vn -0.72915 0.40663 0.55045
vn -0.93767 0.17594 0.29971
vn -0.17799 0.93639 0.30247
vn -0.28543 0.71691 0.63606
vn -0.54797 0.40695 0.73083
vn -0.82149 0.20004 0.53399
vn -0.96045 0.22245 0.16750
vn -0.87349 0.45993 -0.15964
vn -0.87349 0.45993 -0.15964
vn -0.59711 0.75876 -0.26027
vn -0.30537 0.94975 -0.06874
vn -0.60079 0.74449 -0.29118
vn -0.25727 0.93058 -0.26043
vn -0.07037 0.99745 -0.01210
vn -0.16020 0.91497 0.37036
vn -0.37118 0.68741 0.62426
vn -0.58280 0.51723 0.62676
vn -0.81137 0.44404 0.38014
vn -0.84666 0.53109 -0.03342
vn -0.60079 0.74449 -0.29118
vn -0.82940 0.15441 0.53689
vn -0.92145 0.33588 0.19522
vn -0.73457 0.67831 -0.01726
vn -0.73457 0.67831 -0.01726
vn -0.39822 0.91576 0.05304
vn -0.15514 0.94126 0.29992
vn -0.09222 0.76931 0.63218
vn -0.27351 0.45375 0.84811
vn -0.57952 0.20700 0.78823
vn -0.96257 0.27028 0.02025
vn -0.82280 0.46851 -0.32171
vn -0.54271 0.74286 -0.39195
vn -0.31523 0.92521 -0.21121
vn -0.24308 0.96159 0.12751
vn -0.24308 0.96159 0.12751
vn -0.36539 0.79983 0.47619
vn -0.62466 0.51231 0.58936
vn -0.86729 0.28909 0.40527
vn -0.77620 0.21967 -0.59098
vn -0.67852 0.60222 -0.42065
vn -0.65382 0.75551 -0.04149
vn -0.65382 0.75551 -0.04149
vn -0.73328 0.59396 0.33093
vn -0.85618 0.20428 0.47457
vn -0.93561 -0.18754 0.29911
vn -0.93451 -0.34504 -0.08741
vn -0.87405 -0.17371 -0.45373
vn -0.26536 0.95661 -0.12031
vn -0.30480 0.94981 0.07041
vn -0.26536 0.95661 -0.12031
vn -0.14052 0.97820 -0.15293
vn 0.20409 0.97871 -0.02197
vn -0.63863 -0.76372 0.09427
vn -0.70720 -0.70342 0.07116
vn -0.87669 -0.47950 -0.03867
vn -0.91500 -0.40313 -0.01588
vn 0.38228 0.82984 0.40649
vn 0.40119 0.89713 0.18493
vn 0.25612 0.94964 0.18051
vn 0.25627 0.87455 0.41168
vn 0.39191 0.91795 0.06135
vn 0.37208 0.92811 0.01330
vn 0.20777 0.97814 -0.00844
vn 0.23428 0.97126 0.04203
vn 0.18665 0.97417 0.12711
vn -0.29383 0.93033 0.21942
vn -0.30480 0.94981 0.07041
vn -0.68037 -0.69153 0.24266
vn -0.68303 -0.68550 0.25211
vn -0.90311 -0.30648 0.30077
vn -0.88087 -0.35395 0.31429
vn -0.52584 -0.84177 0.12216
vn -0.69206 -0.71044 0.12779
vn -0.51285 -0.84320 0.16123
vn -0.66107 -0.73141 0.16741
vn -0.44763 -0.75776 0.47479
vn -0.34996 -0.56792 0.74498
vn -0.42281 -0.51027 0.74890
vn -0.55134 -0.67903 0.48471
vn -0.18629 -0.24818 0.95063
vn -0.26119 -0.18694 0.94701
vn 0.16243 0.41118 0.89697
vn 0.30511 0.66685 0.67987
vn 0.20169 0.68787 0.69725
vn 0.05286 0.43187 0.90038
vn 0.34795 0.93747 0.00860
vn -0.70375 -0.68692 0.18133
vn -0.92796 -0.33052 0.17220
vn -0.00823 0.10129 0.99482
vn -0.11040 0.15458 0.98179
vn -0.00823 0.10129 0.99482
vn -0.11040 0.15458 0.98179
vn 0.18139 0.96678 0.18011
vn -0.22239 0.93837 0.26457
vn -0.49088 -0.82889 0.26830
vn -0.62139 -0.73015 0.28417
vn 0.92422 -0.37957 -0.04181
vn 0.93428 -0.34676 0.08289
vn 0.62741 0.73548 0.25576
vn 0.20650 -0.42550 -0.88108
vn -0.01056 -0.82247 -0.56872
vn -0.14154 -0.97476 -0.17267
vn 0.42866 0.89674 0.11006
vn 0.41539 0.90120 0.12367
vn 0.10045 0.98170 0.16181
vn 0.30527 0.49751 -0.81197
vn 0.14382 0.14708 -0.97861
vn -0.15882 0.24032 -0.95761
vn 0.02599 0.55079 -0.83424
vn 0.40036 0.05695 -0.91459
vn 0.26030 0.11939 -0.95812
vn 0.41178 0.46792 -0.78197
vn 0.53786 0.41433 -0.73419
vn -0.04058 -0.14785 -0.98818
vn -0.26609 -0.04195 -0.96304
vn 0.20650 -0.42550 -0.88108
vn -0.00135 -0.35168 -0.93612
vn -0.10356 -0.31380 0.94383
vn 0.08021 0.04979 0.99553
vn 0.35349 -0.51009 0.78412
vn 0.22541 -0.77588 0.58924
vn -0.25600 -0.63253 0.73101
vn 0.50556 -0.17953 0.84391
vn 0.48258 0.77257 0.41260
vn 0.47128 0.85816 0.20359
vn 0.82077 0.45186 0.34950
vn 0.77174 0.31936 0.54994
vn 0.41500 0.61453 0.67092
vn 0.81380 0.54461 0.20280
vn 0.26441 0.36864 0.89118
vn 0.65351 0.11464 0.74818
vn 0.50556 -0.17953 0.84391
vn 0.08021 0.04979 0.99553
vn -0.33276 -0.82564 0.45562
vn 0.17404 -0.91468 0.36479
vn 0.04362 0.99371 0.10312
vn 0.62741 0.73548 0.25576
vn 0.33183 0.85432 0.40002
vn 0.59378 0.77420 -0.21921
vn 0.91884 0.39344 0.03048
vn 0.43630 0.89746 0.06480
vn 0.04762 0.99744 0.05334
vn 0.91884 0.39344 0.03048
vn 0.06168 0.99809 -0.00352
vn 0.55350 0.76666 0.32538
vn 0.08149 0.99057 -0.11014
vn 0.67595 0.66784 -0.31158
vn 0.93679 0.34974 -0.01000
vn 0.44095 0.87041 -0.21898
vn 0.13105 0.94371 -0.30369
vn 0.93679 0.34974 -0.01000
vn 0.15152 0.80299 -0.57641
vn 0.62212 0.78235 -0.02981
vn -0.31393 -0.54596 -0.77677
vn -0.63335 -0.49471 -0.59509
vn -0.50811 -0.39498 -0.76538
vn -0.26043 -0.95763 -0.12300
vn -0.14154 -0.97476 -0.17267
vn 0.09886 -0.69445 -0.71272
vn -0.47482 -0.78919 -0.38951
vn -0.72372 -0.57039 -0.38843
vn -0.01056 -0.82247 -0.56872
vn -0.10577 -0.90050 -0.42179
vn -0.15051 -0.96389 0.21967
vn 0.31660 -0.94803 0.03174
vn -0.77942 -0.60419 -0.16571
vn -0.79525 -0.60610 0.01498
vn -0.36675 -0.25642 -0.89428
vn -0.18130 -0.80649 -0.56276
vn 0.29328 -0.28806 -0.91160
vn 0.73887 -0.65654 -0.15171
vn 0.87605 -0.43356 0.21111
vn 0.78261 -0.61146 -0.11679
vn 0.92614 -0.11052 -0.36062
vn 0.33154 -0.94153 0.06006
vn 0.45094 -0.66838 -0.59154
vn 0.69588 -0.71644 -0.04969
vn 0.70786 -0.69891 -0.10227
vn 0.27684 -0.93513 0.22113
vn 0.53634 -0.70688 0.46115
vn 0.74578 -0.65898 -0.09778
vn 0.44588 -0.71406 -0.53973
vn 0.72554 -0.66337 -0.18313
vn 0.61639 -0.73181 0.29072
vn 0.77121 -0.60670 -0.19276
vn 0.68654 -0.32820 -0.64881
vn 0.63496 -0.76971 -0.06618
vn 0.82026 -0.42214 0.38596
vn 0.72952 -0.67741 -0.09443
vn 0.70422 -0.41455 -0.57638
vn 0.51005 -0.41293 -0.75455
vn 0.92850 -0.34608 -0.13456
vn 0.47088 -0.26750 -0.84066
vn 0.57711 0.69479 -0.42920
vn 0.64032 0.74804 -0.17441
vn 0.74757 0.62142 -0.23446
vn 0.97431 -0.21042 0.08022
vn 0.64032 0.74804 -0.17441
vn 0.42744 0.89366 -0.13666
vn 0.77723 0.60412 -0.17596
vn 0.41375 0.90609 -0.08839
vn 0.79078 0.58564 -0.17805
vn 0.36706 0.92695 -0.07771
vn 0.78536 0.58204 -0.21082
vn 0.33126 0.93782 -0.10371
vn 0.79459 0.55471 -0.24684
vn 0.32257 0.93702 -0.13396
vn 0.82583 0.49672 -0.26699
vn 0.31877 0.93831 -0.13403
vn 0.86596 0.43863 -0.24024
vn -0.60581 0.50089 -0.61814
vn -0.72446 -0.61201 -0.31719
vn -0.08451 -0.88923 -0.44959
vn 0.54095 -0.01722 -0.84088
vn -0.40596 -0.91379 0.01324
vn -0.43090 -0.90232 -0.01226
vn 0.12851 -0.99076 -0.04337
vn 0.19457 -0.97834 -0.07062
vn -0.19717 -0.98037 -0.00108
vn 0.06290 -0.99629 -0.05879
vn -0.19717 -0.98037 -0.00108
vn 0.77873 -0.59465 0.19993
vn 0.27823 -0.92986 -0.24073
vn 0.32532 -0.90398 -0.27748
vn -0.85164 0.47522 0.22109
vn -0.90156 -0.43241 0.01425
vn -0.39819 -0.91679 -0.03057
vn 0.25879 -0.95084 -0.17007
vn -0.39463 -0.91880 0.00903
vn 0.23534 -0.96630 -0.10431
vn 0.38658 -0.91313 0.12939
vn 0.33844 -0.92215 0.18733
vn -0.00291 -0.98928 -0.14598
vn 0.07154 -0.94663 -0.31429
vn 0.41265 -0.91066 0.02053
vn -0.08324 -0.99644 -0.01314
vn 0.83654 -0.45340 -0.30761
vn 0.95700 -0.15316 -0.24637
vn 0.66529 -0.69887 -0.26263
vn 0.62630 -0.36700 -0.68780
vn 0.41341 -0.65468 -0.63284
vn 0.78243 -0.00304 -0.62273
vn 0.91319 0.37895 0.14995
vn 0.95209 0.30133 0.05224
vn 0.89029 0.41295 0.19199
vn 0.67471 0.72745 -0.12486
vn 0.61793 0.78471 -0.04892
vn 0.76434 0.59160 -0.25651
vn 0.50202 -0.85448 -0.13355
vn 0.21023 -0.84408 -0.49329
vn 0.98641 0.12857 -0.10230
vn 0.82339 0.34924 -0.44729
vn 0.44881 0.89102 0.06824
vn -0.36488 -0.89750 0.24770
vn -0.82620 -0.34246 0.44733
vn -0.77954 0.02290 0.62593
vn -0.61478 0.38969 0.68570
vn -0.75318 -0.60371 0.26124
vn -0.64300 -0.75171 0.14661
vn -0.57844 -0.81107 0.08707
vn -0.22088 0.83789 0.49915
vn -0.07754 0.93620 0.34281
vn -0.40732 0.66381 0.62725
vn 0.03007 0.97937 0.19985
vn 0.14057 0.98702 0.07770
vn 0.24724 -0.96843 -0.03177
vn -0.59240 -0.80457 0.04152
vn 0.33051 -0.92977 -0.16215
vn -0.49395 -0.82409 -0.27728
vn 0.41490 -0.82178 -0.39055
vn 0.42721 -0.76734 -0.47820
vn -0.35802 -0.63076 -0.68845
vn 0.55431 -0.41828 -0.71958
vn 0.79081 0.24257 -0.56194
vn 0.13374 0.96569 -0.22261
vn 0.82059 0.56685 -0.07284
vn 0.71154 0.70222 0.02457
vn -0.00732 0.99847 0.05483
vn 0.01491 0.97587 0.21784
vn 0.61509 0.78656 0.05463
vn 0.20699 0.97833 -0.00420
vn 0.22927 0.97111 -0.06617
vn 0.53358 0.84542 -0.02347
vn 0.14838 0.98881 0.01525
vn 0.07273 0.99730 -0.00988
vn -0.10976 0.99369 -0.02300
vn -0.39020 0.80187 -0.45249
vn -0.05438 0.99830 -0.02115
vn 0.01256 0.99946 -0.03041
vn -0.30107 0.95313 0.02987
vn -0.61969 0.78408 0.03483
vn -0.61132 0.78650 0.08781
vn -0.38678 0.89787 0.21032
vn -0.45346 0.76271 0.46113
vn -0.45114 0.81537 0.36283
vn -0.65124 0.73130 0.20270
vn -0.66220 0.10568 0.74184
vn -0.79024 -0.24786 0.56044
vn -0.96711 -0.25223 -0.03285
vn -0.83303 -0.54988 0.06081
vn -0.72360 -0.68960 -0.02906
vn -0.93641 -0.34748 -0.04903
vn -0.62306 -0.78007 -0.05734
vn -0.61044 -0.79203 -0.00762
vn -0.90156 -0.43241 0.01425
vn -0.60549 -0.79547 0.02468
vn -0.58460 -0.80928 0.05746
vn -0.57332 -0.81722 0.05879
vn -0.32081 -0.94036 0.11312
vn -0.58215 -0.81273 0.02383
vn 0.66458 -0.65220 0.36465
vn -0.32081 -0.94036 0.11312
vn 0.53358 0.84542 -0.02347
vn 0.96873 -0.08669 0.23248
vn 0.61458 0.78487 -0.07916
vn 0.67320 0.72714 -0.13440
vn 0.03497 -0.97892 -0.20125
vn 0.13415 -0.93302 -0.33388
vn 0.26699 -0.83671 -0.47815
vn 0.44183 -0.66943 -0.59720
vn 0.63921 -0.40806 -0.65184
vn 0.79925 -0.05710 -0.59828
vn 0.84968 0.30055 -0.43327
vn 0.78223 0.56988 -0.25170
vn -0.06533 -0.99406 -0.08702
vn 0.16933 -0.95424 0.24647
vn -0.38133 -0.91352 0.14164
vn -0.39376 -0.90705 0.14904
vn -0.01042 -0.99947 0.03074
vn -0.06787 -0.99694 0.03877
vn -0.41672 -0.90143 0.11736
vn -0.14926 -0.98873 0.01201
vn -0.09388 -0.98750 -0.12660
vn -0.54064 -0.79326 -0.28009
vn -0.73827 0.01746 -0.67427
vn -0.99607 0.05683 0.06790
vn -0.59240 -0.80457 0.04152
vn -0.75045 -0.64432 0.14724
vn 0.80985 0.56868 0.14402
vn 0.57133 0.82049 -0.01927
vn 0.42529 0.90491 0.01596
vn 0.59577 0.80291 0.02004
vn 0.22059 0.96409 -0.14788
vn 0.22059 0.96409 -0.14788
vn 0.01491 0.97587 0.21784
vn 0.44368 0.89405 0.06192
vn 0.62713 0.72840 -0.27594
vn 0.62713 0.72840 -0.27594
vn -0.90311 -0.30648 0.30077
vn -0.95786 0.06324 0.28019
vn -0.96058 -0.18788 0.20490
vn -0.88087 -0.35395 0.31429
vn -0.96058 -0.18788 0.20490
vn -0.97230 -0.23344 0.01193
vn -0.94506 -0.29724 -0.13602
vn -0.93183 0.35502 -0.07512
vn -0.92969 0.36835 -0.00065
vn -0.89245 0.45061 0.02197
vn -0.90172 0.42971 -0.04746
vn -0.99332 -0.02203 -0.11325
vn -0.99943 0.03368 0.00202
vn -0.99332 -0.02203 -0.11325
vn -0.99943 0.03368 0.00202
vn -0.86149 -0.36708 -0.35083
vn -0.92582 0.35069 -0.14097
vn -0.90220 0.41494 -0.11771
vn -0.95766 -0.07406 -0.27821
vn -0.95766 -0.07406 -0.27821
vn -0.71501 -0.38924 -0.58074
vn -0.90406 0.35356 -0.24016
vn -0.88596 0.41075 -0.21529
vn -0.86910 -0.09816 -0.48479
vn -0.86910 -0.09816 -0.48479
vn -0.55218 -0.35291 -0.75535
vn -0.76875 -0.05644 -0.63706
vn -0.44346 -0.20280 -0.87305
vn -0.62063 -0.04294 -0.78293
vn -0.42796 0.04929 -0.90245
vn -0.87103 0.36416 -0.32968
vn -0.76875 -0.05644 -0.63706
vn -0.70021 0.22682 -0.67695
vn -0.62063 -0.04294 -0.78293
vn -0.70021 0.22682 -0.67695
vn -0.38077 0.29719 -0.87561
vn -0.85639 0.40246 -0.32346
vn -0.65117 0.36608 -0.66480
vn -0.65117 0.36608 -0.66480
vn -0.25751 0.56728 -0.78223
vn -0.84251 0.44778 -0.29945
vn -0.60672 0.53592 -0.58709
vn -0.60672 0.53592 -0.58709
vn -0.17966 0.80222 -0.56935
vn -0.22620 0.91147 -0.34360
vn -0.50137 0.70842 -0.49676
vn -0.29969 0.93899 -0.16877
vn -0.86831 0.45443 -0.19883
vn -0.61457 0.71168 -0.34031
vn -0.50137 0.70842 -0.49676
vn -0.61457 0.71168 -0.34031
vn -0.64111 0.74120 -0.19901
vn -0.64111 0.74120 -0.19901
vn -0.29306 0.95500 -0.04566
vn -0.87958 0.46508 -0.10018
vn -0.61693 0.78317 -0.07769
vn -0.61693 0.78317 -0.07769
vn -0.23951 0.97025 0.03529
vn -0.88040 0.47375 -0.02140
vn -0.55784 0.82983 0.01373
vn -0.55784 0.82983 0.01373
vn -0.38311 0.89443 0.23071
vn -0.25936 0.95972 0.10800
vn -0.87540 0.48171 0.04027
vn -0.57095 0.81606 0.08982
vn -0.57095 0.81606 0.08982
vn -0.29383 0.93033 0.21942
vn -0.65271 0.71602 0.24758
vn -0.68835 0.71106 0.14344
vn -0.22239 0.93837 0.26457
vn -0.38311 0.89443 0.23071
vn -0.74216 0.63156 0.22437
vn -0.68835 0.71106 0.14344
vn -0.87570 0.48116 0.04040
vn -0.80251 0.53599 0.26210
vn -0.82317 0.52088 0.22599
vn -0.82927 0.43070 0.35610
vn -0.88580 0.46290 0.03282
vn -0.83927 0.43831 0.32172
vn -0.92164 0.38696 0.02913
vn -0.88487 0.32769 0.33111
vn -0.89261 0.33553 0.30112
vn -0.98698 0.12091 0.10606
vn -0.94995 0.19100 0.24722
vn -0.98698 0.12091 0.10606
vn -0.98515 -0.16421 -0.05020
vn -0.86338 -0.48117 0.15180
vn -0.87669 -0.47950 -0.03867
vn -0.98515 -0.16421 -0.05020
vn -0.90250 0.39352 -0.17503
vn -0.90136 0.39963 -0.16685
vn -0.98518 0.12625 -0.11615
vn -0.88910 0.43360 -0.14662
vn -0.91256 0.40345 0.06676
vn -0.90323 0.42532 0.05734
vn -0.89374 0.43016 -0.12723
vn -0.85294 0.47861 -0.20837
vn -0.38764 0.90520 -0.17420
vn -0.38764 0.90520 -0.17420
vn -0.86575 0.46083 -0.19519
vn -0.14052 0.97820 -0.15293
vn -0.61151 0.76349 -0.20770
vn -0.00255 0.99953 0.03041
vn -0.88312 0.46803 0.03230
vn -0.50437 0.86310 0.02593
vn -0.50437 0.86310 0.02593
vn -0.61151 0.76349 -0.20770
vn -0.05468 0.97941 0.19435
vn -0.88203 0.45055 0.13796
vn -0.90171 0.40939 0.13901
vn -0.56125 0.80597 0.18815
vn -0.56125 0.80597 0.18815
vn -0.09009 0.89900 0.42859
vn -0.59905 0.71446 0.36151
vn -0.14001 0.72065 0.67902
vn -0.53398 0.65217 0.53809
vn -0.86623 0.43689 0.24243
vn -0.59905 0.71446 0.36151
vn -0.20875 0.49253 0.84489
vn -0.64075 0.51141 0.57262
vn -0.64075 0.51141 0.57262
vn -0.53398 0.65217 0.53809
vn -0.88442 0.40715 0.22809
vn -0.30227 0.24990 0.91988
vn -0.67892 0.38150 0.62732
vn -0.67892 0.38150 0.62732
vn -0.77074 0.22983 0.59426
vn -0.44810 -0.05297 0.89241
vn -0.30227 0.24990 0.91988
vn -0.67892 0.38150 0.62732
vn -0.62282 -0.32624 0.71110
vn -0.82745 -0.00712 0.56149
vn -0.74674 -0.46866 0.47195
vn -0.90222 0.40433 0.15007
vn -0.88730 0.40635 0.21811
vn -0.77074 0.22983 0.59426
vn -0.93088 0.02606 0.36440
vn -0.82745 -0.00712 0.56149
vn -0.93088 0.02606 0.36440
vn -0.81887 -0.50202 0.27827
vn -0.99395 -0.00621 0.10962
vn -0.97342 -0.00854 0.22888
vn -0.99395 -0.00621 0.10962
vn -0.98518 0.12625 -0.11615
vn -0.97342 -0.00854 0.22888
vn -0.39020 0.80187 -0.45249
vn -0.61969 0.78408 0.03483
vn 0.02819 -0.99539 -0.09170
vn -0.14749 -0.97120 -0.18711
vn 0.56274 0.80705 -0.17886
vn 0.66439 0.73647 -0.12730
vn -0.15861 -0.98726 0.01245
vn -0.10217 -0.99472 0.00986
vn -0.16191 -0.98642 0.02741
vn -0.16767 -0.98536 0.03075
vn 0.00069 -0.99466 0.10324
vn -0.05967 -0.98525 0.16040
vn -0.15775 -0.98748 -0.00042
vn -0.17073 -0.98530 0.00611
vn -0.34444 -0.93873 0.01219
vn -0.31258 -0.94728 -0.07039
vn -0.16941 -0.98554 -0.00117
vn -0.15966 -0.98717 0.00042
vn -0.17987 -0.98348 -0.02035
vn -0.16153 -0.98654 0.02525
vn -0.14639 -0.97209 0.18332
vn -0.23593 -0.95689 0.16939
vn -0.14731 -0.98907 0.00623
vn -0.15111 -0.98852 0.00109
vn -0.31092 -0.94410 0.10960
vn -0.14932 -0.98874 0.00980
vn -0.23252 -0.96966 -0.07547
vn -0.16243 -0.98666 0.01041
vn -0.02048 -0.99913 0.03645
vn -0.16907 -0.98538 0.02108
vn 0.58059 0.80669 0.11028
vn 0.59014 0.80568 0.05121
vn 0.38627 0.92011 -0.06473
vn 0.45546 0.87959 -0.13738
vn 0.42458 0.90538 -0.00454
vn 0.40107 0.91525 0.03823
vn 0.70170 0.71245 0.00541
vn 0.67579 0.72760 0.11794
vn 0.41639 0.90216 0.11280
vn 0.46003 0.86922 0.18120
vn 0.59812 0.78714 -0.15058
vn 0.67221 0.73374 -0.09876
vn 0.57502 0.81765 0.02812
vn 0.38113 0.92349 0.04369
vn 0.48646 0.87360 -0.01306
vn 0.61622 0.76054 0.20460
vn 0.52945 0.82872 0.18141
vn 0.52953 0.83374 -0.15644
vn 0.53888 0.84230 -0.01206
vn 0.54324 0.81522 0.20076
vn 0.56193 0.82694 0.02024
vn 0.55855 0.82946 0.00454
vn 0.49707 0.85438 0.15149
vn 0.44352 0.88828 0.11934
vn -0.16767 -0.98536 0.03075
vn -0.16191 -0.98642 0.02741
vn -0.17073 -0.98530 0.00611
vn -0.15775 -0.98748 -0.00042
vn -0.15966 -0.98717 0.00042
vn -0.16941 -0.98554 -0.00117
vn -0.16153 -0.98654 0.02525
vn -0.15111 -0.98852 0.00109
vn -0.14731 -0.98907 0.00623
vn -0.14932 -0.98874 0.00980
vn -0.16243 -0.98666 0.01041
vn -0.16907 -0.98538 0.02108
vn 0.45546 0.87959 -0.13738
vn 0.38627 0.92011 -0.06473
vn 0.67579 0.72760 0.11794
vn 0.70170 0.71245 0.00541
vn 0.67221 0.73374 -0.09876
vn 0.59812 0.78714 -0.15058
vn 0.38113 0.92349 0.04369
vn 0.61622 0.76054 0.20460
vn 0.52953 0.83374 -0.15644
vn 0.54324 0.81522 0.20076
vn 0.44352 0.88828 0.11934
vn 0.49707 0.85438 0.15149
vn 0.73532 -0.48942 0.46880
vn 0.42505 -0.45132 0.78463
vn -0.03840 -0.40662 0.91279
vn -0.48964 -0.33459 0.80517
vn -0.83258 -0.27292 0.48200
vn -0.97745 -0.21048 0.01695
vn -0.88361 -0.21589 -0.41548
vn 0.63753 0.07333 0.76693
vn 0.89639 -0.06246 0.43883
vn -0.50680 0.80101 -0.31865
vn -0.56363 0.82162 0.08520
vn -0.42359 0.73939 0.52333
vn -0.14255 0.52935 0.83634
vn 0.24852 0.29575 0.92237
vn 0.66379 -0.07098 -0.74455
vn 0.64023 -0.05896 -0.76591
vn 0.57050 -0.25498 -0.78072
vn 0.59713 -0.25889 -0.75922
vn 0.47888 -0.43388 -0.76316
vn 0.51867 -0.43873 -0.73383
vn 0.30075 -0.52748 -0.79455
vn 0.38387 -0.57135 -0.72540
vn 0.40400 -0.39217 -0.82643
vn 0.50480 -0.22661 -0.83296
vn 0.58318 -0.03995 -0.81136
vn 0.61964 0.16870 -0.76655
vn 0.70203 0.10912 -0.70373
vn 0.54418 0.00630 -0.83894
vn -0.41921 0.41364 -0.80819
vn -0.36001 0.49713 -0.78947
vn 0.47821 -0.17836 -0.85994
vn 0.41540 -0.37436 -0.82903
vn -0.45780 0.31381 -0.83183
vn -0.48010 0.18536 -0.85740
vn 0.47612 -0.43063 -0.76673
vn 0.81841 -0.56497 0.10493
vn 0.75420 -0.65587 0.03175
vn 0.32611 -0.54587 -0.77180
vn 0.58999 -0.27634 -0.75865
vn 0.87814 -0.45549 0.14629
vn 0.66766 -0.08460 -0.73965
vn 0.92521 -0.34449 0.15913
vn -0.05166 -0.16093 0.98561
vn 0.93999 -0.26774 0.21149
vn -0.10511 -0.31930 0.94181
vn -0.88715 0.29877 0.35170
vn -0.83312 0.42141 0.35823
vn -0.77899 0.53153 0.33264
vn -0.51083 0.05119 -0.85816
vn -0.72309 0.62896 0.28557
vn 0.00953 -0.03984 0.99916
vn 0.08675 0.04119 0.99538
vn -0.63179 0.07542 0.77146
vn -0.05166 -0.16093 0.98561
vn -0.10511 -0.31930 0.94181
vn -0.68338 -0.12303 0.71962
vn -0.48050 0.40744 0.77661
vn 0.08675 0.04119 0.99538
vn 0.00953 -0.03984 0.99916
vn -0.56220 0.25343 0.78721
vn -0.88715 0.29877 0.35170
vn -0.83312 0.42141 0.35823
vn -0.77899 0.53153 0.33264
vn 0.67891 0.11682 -0.72487
vn 0.42697 -0.58588 -0.68880
vn 0.69802 0.33619 -0.63225
vn 0.72324 0.31539 -0.61438
vn 0.26798 -0.69537 -0.66681
vn 0.32331 -0.70712 -0.62885
vn 0.06267 -0.71497 -0.69634
vn 0.15967 -0.78092 -0.60388
vn 0.18462 -0.64391 -0.74249
vn 0.63979 0.13314 -0.75693
vn 0.66388 0.34291 -0.66459
vn 0.66651 0.35817 -0.65382
vn 0.65352 0.54598 -0.52423
vn 0.72912 0.49901 -0.46837
vn 0.34757 -0.54712 -0.76149
vn 0.28150 -0.68771 -0.66919
vn -0.31880 0.59825 -0.73516
vn -0.52897 -0.09082 -0.84377
vn 0.05001 -0.69756 -0.71478
vn 0.17100 -0.63047 -0.75714
vn 0.73313 0.09465 -0.67347
vn 0.67105 -0.74048 -0.03710
vn 0.76606 0.28214 -0.57754
vn 0.94486 -0.21304 0.24870
vn -0.93815 0.16538 0.30418
vn -0.11845 -0.50073 0.85746
vn -0.97514 0.01221 0.22126
vn -0.93815 0.16538 0.30418
vn 0.19755 0.12084 0.97282
vn 0.31407 0.17773 0.93261
vn -0.67111 0.70910 0.21630
vn -0.97514 0.01221 0.22126
vn -0.70494 -0.33401 0.62570
vn -0.38111 0.54950 0.74351
vn -0.72309 0.62896 0.28557
vn -0.67111 0.70910 0.21630
vn -0.27709 0.66394 0.69456
vn -0.11845 -0.50073 0.85746
vn 0.19755 0.12084 0.97282
vn 0.31407 0.17773 0.93261
vn -0.34798 0.67458 -0.65104
vn 0.59298 -0.80441 -0.03607
vn 0.67917 0.54445 -0.49224
vn 0.73284 0.67348 -0.09682
vn 0.63386 0.75913 -0.14815
vn 0.63367 0.74665 -0.20242
vn 0.72755 0.66961 -0.14930
vn 0.74669 0.66220 -0.06279
vn 0.63714 0.76258 -0.11191
vn 0.63460 0.72545 -0.26647
vn 0.72208 0.65545 -0.22133
vn 0.76432 0.64140 -0.06649
vn 0.65120 0.66377 -0.36789
vn 0.72424 0.60575 -0.32946
vn 0.23948 -0.79677 -0.55480
vn 0.09100 -0.82200 -0.56218
vn 0.18713 -0.84973 -0.49290
vn 0.02458 -0.85793 -0.51318
vn 0.13583 -0.89056 -0.43412
vn -0.03036 -0.88825 -0.45836
vn 0.08833 -0.92159 -0.37799
vn -0.07522 -0.91585 -0.39442
vn 0.04771 -0.94594 -0.32080
vn -0.11941 -0.94138 -0.31551
vn 0.01534 -0.96943 -0.24488
vn -0.20029 -0.96846 -0.14825
vn -0.00260 -0.99694 -0.07818
vn -0.16834 -0.96045 -0.22181
vn -0.00781 -0.98803 -0.15409
vn -0.33662 -0.88658 -0.31728
vn -0.28544 -0.86889 -0.40442
vn -0.37563 -0.88978 -0.25921
vn -0.33593 -0.90211 -0.27083
vn -0.23425 -0.84213 -0.48574
vn -0.17770 -0.81284 -0.55472
vn -0.03042 -0.74843 -0.66252
vn -0.11016 -0.78233 -0.61305
vn 0.62704 0.56192 -0.53951
vn 0.57986 0.70159 -0.41417
vn 0.56169 0.76903 -0.30511
vn 0.56418 0.79156 -0.23482
vn 0.55836 0.81220 -0.16903
vn 0.56536 0.80287 -0.18915
vn 0.63358 0.76167 -0.13580
vn -0.30996 0.83736 -0.45028
vn 0.62280 0.75929 -0.18868
vn -0.34972 0.77749 -0.52269
vn 0.61333 0.75059 -0.24584
vn -0.37921 0.74191 -0.55296
vn 0.61925 0.72390 -0.30414
vn -0.37946 0.72450 -0.57542
vn 0.62861 0.66672 -0.40041
vn -0.36949 0.70817 -0.60163
vn 0.21458 -0.78459 -0.58170
vn 0.17261 -0.84357 -0.50852
vn -0.55478 -0.19703 -0.80833
vn -0.56678 -0.28940 -0.77137
vn 0.17215 -0.89270 -0.41647
vn 0.15764 -0.93182 -0.32689
vn -0.54130 -0.40125 -0.73891
vn -0.53274 -0.49242 -0.68826
vn 0.10688 -0.95531 -0.27559
vn 0.05477 -0.97202 -0.22841
vn -0.58463 -0.51089 -0.63024
vn -0.64621 -0.49977 -0.57674
vn 0.02719 -0.98804 -0.15178
vn -0.68326 -0.50888 -0.52364
vn 0.02010 -0.99618 -0.08500
vn -0.70487 -0.53323 -0.46778
vn -0.32171 -0.92526 -0.20097
vn 0.51023 -0.78415 0.35322
vn -0.28507 -0.91846 -0.27417
vn 0.53414 -0.79521 0.28694
vn -0.24891 -0.89413 -0.37227
vn 0.53327 -0.81804 0.21548
vn -0.21746 -0.85614 -0.46876
vn 0.51575 -0.84483 0.14234
vn -0.17005 -0.82005 -0.54644
vn 0.50829 -0.85719 0.08285
vn -0.11001 -0.78215 -0.61330
vn 0.51299 -0.85748 0.03959
vn -0.03248 -0.74496 -0.66632
vn 0.54172 -0.84054 0.00516
vn 0.74197 0.48483 -0.46306
vn 0.69600 0.63892 -0.32765
vn 0.95497 -0.14747 0.25747
vn 0.94983 -0.06004 0.30695
vn 0.67525 0.70786 -0.20729
vn 0.68337 0.71757 -0.13454
vn 0.93034 -0.03391 0.36514
vn 0.91888 -0.05495 0.39070
vn 0.68087 0.72667 -0.09142
vn 0.68220 0.72849 -0.06259
vn 0.91036 -0.05821 0.40970
vn 0.91032 -0.06201 0.40924
vn -0.08046 -0.67986 0.72892
vn -0.03108 -0.78854 0.61420
vn -0.08046 -0.67986 0.72892
vn -0.68760 -0.53334 0.49270
vn -0.01480 -0.84499 0.53457
vn -0.62837 0.76432 0.14480
vn -0.60995 0.78912 0.07250
vn -0.98312 -0.14060 0.11706
vn -0.98312 -0.14060 0.11706
vn -0.96939 -0.24552 -0.00141
vn 0.40312 0.21679 0.88910
vn 0.46269 0.25229 0.84986
vn -0.95256 -0.29047 -0.09090
vn -0.94678 -0.28930 -0.14113
vn -0.01377 -0.92297 0.38462
vn 0.05818 -0.95049 0.30526
vn -0.94113 -0.27734 -0.19328
vn -0.94155 -0.24131 -0.23507
vn -0.02928 -0.89737 0.44031
vn -0.92389 -0.21793 -0.31453
vn -0.02214 -0.87372 0.48592
vn -0.59948 0.80029 -0.01216
vn -0.58134 0.80900 -0.08699
vn -0.55808 0.82017 -0.12593
vn 0.52753 0.29990 0.79484
vn 0.58671 0.35597 0.72736
vn 0.62997 0.41738 0.65492
vn 0.66409 0.47884 0.57419
vn -0.49980 0.82093 -0.27619
vn -0.50780 0.79274 -0.33721
vn 0.69471 0.52546 0.49119
vn 0.71398 0.55453 0.42747
vn 0.73013 0.57159 0.37442
vn -0.50439 0.83627 -0.21506
vn -0.53364 0.83117 -0.15612
vn -0.62906 -0.77448 0.06679
vn -0.01377 -0.92297 0.38462
vn 0.05818 -0.95049 0.30526
vn -0.59610 -0.80285 -0.01029
vn -0.92389 -0.21793 -0.31453
vn -0.94155 -0.24131 -0.23507
vn -0.94113 -0.27734 -0.19328
vn -0.63776 -0.75834 0.13488
vn -0.94678 -0.28930 -0.14113
vn -0.63776 -0.74511 0.19512
vn -0.02928 -0.89737 0.44031
vn -0.02214 -0.87372 0.48592
vn -0.95256 -0.29047 -0.09090
vn -0.63532 -0.72927 0.25404
vn -0.01480 -0.84499 0.53457
vn -0.96939 -0.24552 -0.00141
vn -0.65265 -0.66994 0.35389
vn -0.03108 -0.78854 0.61420
vn -0.10204 0.80752 0.58095
vn 0.46269 0.25229 0.84986
vn 0.40312 0.21679 0.88910
vn -0.18276 0.74607 0.64030
vn -0.62837 0.76432 0.14480
vn -0.60995 0.78912 0.07250
vn 0.01909 0.89456 0.44654
vn 0.58671 0.35597 0.72736
vn 0.52753 0.29990 0.79484
vn -0.03484 0.85655 0.51489
vn -0.59948 0.80029 -0.01216
vn -0.58134 0.80900 -0.08699
vn 0.06645 0.92685 0.36951
vn -0.55808 0.82017 -0.12593
vn -0.53364 0.83117 -0.15612
vn 0.10794 0.95306 0.28290
vn 0.62997 0.41738 0.65492
vn 0.66409 0.47884 0.57419
vn -0.50439 0.83627 -0.21506
vn 0.14458 0.97214 0.18449
vn 0.16379 0.98245 0.08929
vn 0.15720 0.98708 0.03097
vn 0.73013 0.57159 0.37442
vn 0.71398 0.55453 0.42747
vn 0.69471 0.52546 0.49119
vn -0.49980 0.82093 -0.27619
vn -0.50780 0.79274 -0.33721
vn 0.77391 0.49473 0.39537
vn 0.83397 0.52934 0.15588
vn 0.75355 0.65739 -0.00225
vn 0.73818 0.57875 0.34660
vn 0.77391 0.49473 0.39537
vn 0.83397 0.52934 0.15588
vn 0.69954 0.69879 0.14949
vn 0.62292 0.71493 -0.31756
vn 0.69954 0.69879 0.14949
vn 0.19513 0.97962 -0.04755
vn -0.35112 0.84908 -0.39468
vn 0.40384 0.74144 -0.53589
vn -0.35112 0.84908 -0.39468
vn 0.05438 0.76638 -0.64009
vn -0.52076 0.69524 -0.49543
vn -0.61671 0.69986 -0.36037
vn -0.52076 0.69524 -0.49543
vn -0.33755 0.73244 -0.59127
vn -0.61671 0.69986 -0.36037
vn -0.59743 0.71148 -0.36996
vn -0.72298 0.69086 -0.00310
vn -0.63448 0.63866 0.43538
vn -0.72298 0.69086 -0.00310
vn -0.68920 0.72432 0.01917
vn -0.63448 0.63866 0.43538
vn -0.56175 0.70957 0.42538
vn -0.32868 0.57728 0.74748
vn -0.32868 0.57728 0.74748
vn -0.27525 0.65965 0.69935
vn 0.10051 0.51259 0.85273
vn 0.10051 0.51259 0.85273
vn 0.10789 0.59478 0.79662
vn 0.53475 0.47030 0.70204
vn 0.50876 0.55455 0.65852
vn 0.53475 0.47030 0.70204
vn -0.62431 -0.29905 0.72166
vn -0.88805 -0.16364 0.42964
vn -0.88368 -0.19128 0.42724
vn -0.65809 -0.32559 0.67890
vn -0.62431 -0.29905 0.72166
vn -0.88805 -0.16364 0.42964
vn -0.99180 -0.11383 0.05806
vn -0.99180 -0.11383 0.05806
vn -0.98912 -0.10991 0.09775
vn -0.94322 -0.16454 -0.28856
vn -0.94747 -0.14477 -0.28522
vn -0.94322 -0.16454 -0.28856
vn -0.86856 -0.20215 -0.45249
vn -0.84103 -0.38187 -0.38320
vn -0.78599 -0.28516 -0.54854
vn -0.86856 -0.20215 -0.45249
vn -0.84103 -0.38187 -0.38320
vn -0.50866 -0.54865 -0.66352
vn -0.53614 -0.83881 -0.09459
vn 0.03197 -0.99284 0.11507
vn -0.16251 -0.81921 -0.54999
vn 0.03197 -0.99284 0.11507
vn 0.05368 -0.95689 -0.28543
vn 0.28145 -0.94323 0.17637
vn 0.18567 -0.98243 -0.01907
vn 0.28145 -0.94323 0.17637
vn 0.24416 -0.88591 0.39439
vn 0.24416 -0.88591 0.39439
vn 0.18941 -0.93061 0.31318
vn 0.08092 -0.72854 0.68021
vn -0.24428 -0.49825 0.83191
vn 0.01706 -0.76716 0.64123
vn 0.08092 -0.72854 0.68021
vn -0.31293 -0.53565 0.78431
vn -0.24428 -0.49825 0.83191
usemtl m0
f 1/1/1 2/2/2 3/3/3
f 4/4/4 2/2/2 5/5/5
f 6/6/6 7/7/7 8/8/8
f 9/9/9 10/10/10 11/11/11
f 12/12/12 13/13/13 14/14/14
f 15/15/15 16/16/16 1/1/1
f 17/17/17 18/18/18 19/19/19
f 20/20/20 21/21/21 22/22/22
f 23/23/23 24/24/24 25/25/25
f 26/26/26 27/27/27 28/28/28
f 29/29/29 30/30/30 31/31/31
f 32/32/32 33/33/33 34/34/34
f 35/35/35 36/36/36 37/37/37
f 38/38/38 39/39/39 40/40/40
f 41/41/41 42/42/42 43/43/43
f 44/44/44 45/45/45 46/46/46
f 47/47/47 45/45/45 44/44/44
f 48/48/48 49/49/49 50/50/50
f 51/51/51 52/52/52 53/53/53
f 54/54/54 55/55/55 56/56/56
f 57/57/57 58/58/58 59/59/59
f 60/60/60 61/61/61 62/62/62
f 63/63/63 64/64/64 65/65/65
f 66/66/66 67/67/67 68/68/68
f 69/69/69 70/70/70 71/71/71
f 72/72/72 73/73/73 74/74/74
f 75/75/75 76/76/76 77/77/77
f 78/78/78 79/79/79 80/80/80
f 81/81/81 82/82/82 80/80/80
f 83/83/83 84/84/84 85/85/85
f 86/86/86 78/78/78 87/87/87
f 88/88/88 89/89/89 90/90/90
f 91/91/91 92/92/92 93/93/93
f 94/94/94 95/95/95 96/96/96
f 97/97/97 98/98/98 99/99/99
f 100/100/100 101/101/101 102/102/102
f 103/103/103 104/104/104 105/105/105
f 106/106/106 107/107/107 108/108/108
f 109/109/109 110/110/110 111/111/111
f 112/112/112 113/113/113 114/114/114
f 115/115/115 112/112/112 114/114/114
f 116/116/116 117/117/117 118/118/118
f 119/119/119 120/120/120 121/121/121
f 122/122/122 123/123/123 124/124/124
f 125/125/125 126/126/126 127/127/127
f 128/128/128 129/129/129 130/130/130
f 131/131/131 132/132/132 133/133/133
f 134/134/134 135/135/135 136/136/136
f 137/137/137 138/138/138 139/139/139
f 140/140/140 141/141/141 142/142/142
f 143/143/143 144/144/144 145/145/145
f 146/146/146 147/147/147 148/148/148
f 149/149/149 150/150/150 151/151/151
f 152/152/152 153/153/153 154/154/154
f 155/155/155 156/156/156 157/157/157
f 158/158/158 159/159/159 160/160/160
f 161/161/161 162/162/162 163/163/163
f 164/164/164 161/161/161 165/165/165
f 161/161/161 163/163/163 166/166/166
f 150/150/150 167/167/167 100/100/100
f 168/168/168 167/167/167 150/150/150
f 167/167/167 169/169/169 170/170/170
f 171/171/171 172/172/172 173/173/173
f 174/174/174 171/171/171 175/175/175
f 171/171/171 173/173/173 176/176/176
f 177/177/177 178/178/178 179/179/179
f 171/171/171 180/180/180 175/175/175
f 176/176/176 180/180/180 171/171/171
f 181/181/181 182/182/182 183/183/183
f 184/184/184 185/185/185 186/186/186
f 187/187/187 188/188/188 189/189/189
f 190/190/190 191/191/191 192/192/192
f 193/193/193 194/194/194 195/195/195
f 196/196/196 197/197/197 198/198/198
f 199/199/199 196/196/196 200/200/200
f 201/201/201 196/196/196 199/199/199
f 202/202/202 198/198/198 203/203/203
f 202/202/202 196/196/196 198/198/198
f 204/204/204 42/42/42 29/29/29
f 204/204/204 205/205/205 206/206/206
f 207/207/207 208/208/208 209/209/209
f 210/210/210 207/207/207 211/211/211
f 207/207/207 210/210/210 212/212/212
f 213/213/213 207/207/207 209/209/209
f 213/213/213 211/211/211 207/207/207
f 214/214/214 215/215/215 216/216/216
f 217/217/217 218/218/218 219/219/219
f 220/220/220 221/221/221 222/222/222
f 223/223/223 224/224/224 225/225/225
f 226/226/226 227/227/227 228/228/228
f 229/229/229 230/230/230 231/231/231
f 232/232/232 233/233/233 234/234/234
f 235/235/235 236/236/236 237/237/237
f 235/235/235 238/238/238 236/236/236
f 239/239/239 240/240/240 241/241/241
f 242/242/242 243/243/243 244/244/244
f 245/245/245 246/246/246 247/247/247
f 248/248/248 249/249/249 250/250/250
f 327/327/327 328/328/328 329/329/329
f 327/327/327 329/329/329 330/330/330
f 331/331/331 332/332/332 50/50/50
f 331/331/331 50/50/50 333/333/333
f 334/334/334 335/335/335 19/19/19
f 334/334/334 19/19/19 336/336/336
f 337/337/337 338/338/338 339/339/339
f 337/337/337 339/339/339 340/340/340
f 341/341/341 342/342/342 343/343/343
f 341/341/341 343/343/343 38/38/38
f 344/344/344 345/345/345 40/40/40
f 344/344/344 40/40/40 346/346/346
f 347/347/347 348/348/348 349/349/349
f 347/347/347 349/349/349 350/350/350
f 351/351/351 352/352/352 353/353/353
f 351/351/351 353/353/353 354/354/354
f 355/355/355 356/356/356 357/357/357
f 355/355/355 357/357/357 358/358/358
f 359/359/359 360/360/360 37/37/37
f 359/359/359 37/37/37 361/361/361
f 362/362/362 363/363/363 32/32/32
f 362/362/362 32/32/32 34/34/34
f 364/364/364 365/365/365 366/366/366
f 364/364/364 366/366/366 367/367/367
f 368/368/368 369/369/369 370/370/370
f 368/368/368 370/370/370 371/371/371
f 372/372/372 373/373/373 20/20/20
f 372/372/372 20/20/20 23/23/23
f 374/374/374 375/375/375 376/376/376
f 374/374/374 376/376/376 8/8/8
f 377/377/377 378/378/378 7/7/7
f 377/377/377 7/7/7 379/379/379
f 380/380/380 381/381/381 382/382/382
f 380/380/380 382/382/382 216/216/216
f 383/383/383 384/384/384 215/215/215
f 383/383/383 215/215/215 385/385/385
f 386/386/386 387/387/387 25/25/25
f 386/386/386 25/25/25 24/24/24
f 388/388/388 389/389/389 22/22/22
f 388/388/388 22/22/22 390/390/390
f 391/391/391 392/392/392 393/393/393
f 391/391/391 393/393/393 209/209/209
f 394/394/394 395/395/395 208/208/208
f 394/394/394 208/208/208 396/396/396
f 397/397/397 398/398/398 399/399/399
f 397/397/397 399/399/399 26/26/26
f 400/400/400 401/401/401 402/402/402
f 400/400/400 402/402/402 403/403/403
f 404/404/404 405/405/405 406/406/406
f 404/404/404 406/406/406 407/407/407
f 408/408/408 409/409/409 27/27/27
f 408/408/408 27/27/27 30/30/30
f 410/410/410 411/411/411 29/29/29
f 410/410/410 29/29/29 42/42/42
f 412/412/412 413/413/413 41/41/41
f 412/412/412 41/41/41 414/414/414
f 415/415/415 416/416/416 417/417/417
f 415/415/415 417/417/417 418/418/418
f 419/419/419 420/420/420 421/421/421
f 419/419/419 421/421/421 422/422/422
f 423/423/423 424/424/424 203/203/203
f 423/423/423 203/203/203 198/198/198
f 425/425/425 426/426/426 197/197/197
f 425/425/425 197/197/197 427/427/427
f 428/428/428 429/429/429 430/430/430
f 428/428/428 430/430/430 46/46/46
f 431/431/431 432/432/432 45/45/45
f 431/431/431 45/45/45 433/433/433
f 434/434/434 435/435/435 436/436/436
f 434/434/434 436/436/436 437/437/437
f 438/438/438 439/439/439 440/440/440
f 438/438/438 440/440/440 441/441/441
f 442/442/442 443/443/443 444/444/444
f 442/442/442 444/444/444 445/445/445
f 446/446/446 447/447/447 448/448/448
f 446/446/446 448/448/448 449/449/449
f 450/450/450 451/451/451 14/14/14
f 450/450/450 14/14/14 452/452/452
f 453/453/453 454/454/454 455/455/455
f 453/453/453 455/455/455 456/456/456
f 457/457/457 458/458/458 459/459/459
f 457/457/457 459/459/459 460/460/460
f 461/461/461 462/462/462 6/6/6
f 461/461/461 6/6/6 463/463/463
f 464/464/464 465/465/465 28/28/28
f 464/464/464 28/28/28 466/466/466
f 467/467/467 468/468/468 469/469/469
f 467/467/467 469/469/469 470/470/470
f 471/471/471 472/472/472 17/17/17
f 471/471/471 17/17/17 473/473/473
f 474/474/474 475/475/475 476/476/476
f 474/474/474 476/476/476 477/477/477
f 478/478/478 479/479/479 480/480/480
f 478/478/478 480/480/480 481/481/481
f 482/482/482 483/483/483 15/15/15
f 482/482/482 15/15/15 484/484/484
f 485/485/485 486/486/486 4/4/4
f 485/485/485 4/4/4 5/5/5
f 487/487/487 488/488/488 16/16/16
f 487/487/487 16/16/16 13/13/13
f 489/489/489 490/490/490 12/12/12
f 489/489/489 12/12/12 491/491/491
f 492/492/492 493/493/493 494/494/494
f 492/492/492 494/494/494 495/495/495
f 369/369/369 377/377/377 379/379/379
f 369/369/369 379/379/379 370/370/370
f 375/375/375 372/372/372 23/23/23
f 375/375/375 23/23/23 376/376/376
f 373/373/373 368/368/368 371/371/371
f 373/373/373 371/371/371 20/20/20
f 378/378/378 374/374/374 8/8/8
f 378/378/378 8/8/8 7/7/7
f 360/360/360 355/355/355 358/358/358
f 360/360/360 358/358/358 37/37/37
f 365/365/365 362/362/362 34/34/34
f 365/365/365 34/34/34 366/366/366
f 363/363/363 359/359/359 361/361/361
f 363/363/363 361/361/361 32/32/32
f 356/356/356 364/364/364 367/367/367
f 356/356/356 367/367/367 357/357/357
f 348/348/348 344/344/344 346/346/346
f 348/348/348 346/346/346 349/349/349
f 342/342/342 351/351/351 354/354/354
f 342/342/342 354/354/354 343/343/343
f 345/345/345 341/341/341 38/38/38
f 345/345/345 38/38/38 40/40/40
f 352/352/352 347/347/347 350/350/350
f 352/352/352 350/350/350 353/353/353
f 496/496/496 337/337/337 340/340/340
f 496/496/496 340/340/340 497/497/497
f 335/335/335 331/331/331 333/333/333
f 335/335/335 333/333/333 19/19/19
f 332/332/332 498/498/498 499/499/499
f 332/332/332 499/499/499 50/50/50
f 338/338/338 334/334/334 336/336/336
f 338/338/338 336/336/336 339/339/339
f 472/472/472 482/482/482 484/484/484
f 472/472/472 484/484/484 17/17/17
f 479/479/479 474/474/474 477/477/477
f 479/479/479 477/477/477 480/480/480
f 475/475/475 471/471/471 473/473/473
f 475/475/475 473/473/473 476/476/476
f 483/483/483 478/478/478 481/481/481
f 483/483/483 481/481/481 15/15/15
f 486/486/486 492/492/492 495/495/495
f 486/486/486 495/495/495 4/4/4
f 490/490/490 487/487/487 13/13/13
f 490/490/490 13/13/13 12/12/12
f 488/488/488 485/485/485 5/5/5
f 488/488/488 5/5/5 16/16/16
f 493/493/493 489/489/489 491/491/491
f 493/493/493 491/491/491 494/494/494
f 451/451/451 446/446/446 449/449/449
f 451/451/451 449/449/449 14/14/14
f 443/443/443 453/453/453 456/456/456
f 443/443/443 456/456/456 444/444/444
f 454/454/454 450/450/450 452/452/452
f 454/454/454 452/452/452 455/455/455
f 447/447/447 442/442/442 445/445/445
f 447/447/447 445/445/445 448/448/448
f 462/462/462 457/457/457 460/460/460
f 462/462/462 460/460/460 6/6/6
f 468/468/468 464/464/464 466/466/466
f 468/468/468 466/466/466 469/469/469
f 465/465/465 461/461/461 463/463/463
f 465/465/465 463/463/463 28/28/28
f 458/458/458 467/467/467 470/470/470
f 458/458/458 470/470/470 459/459/459
f 392/392/392 400/400/400 403/403/403
f 392/392/392 403/403/403 393/393/393
f 398/398/398 394/394/394 396/396/396
f 398/398/398 396/396/396 399/399/399
f 395/395/395 391/391/391 209/209/209
f 395/395/395 209/209/209 208/208/208
f 401/401/401 397/397/397 26/26/26
f 401/401/401 26/26/26 402/402/402
f 389/389/389 386/386/386 24/24/24
f 389/389/389 24/24/24 22/22/22
f 384/384/384 380/380/380 216/216/216
f 384/384/384 216/216/216 215/215/215
f 381/381/381 388/388/388 390/390/390
f 381/381/381 390/390/390 382/382/382
f 387/387/387 383/383/383 385/385/385
f 387/387/387 385/385/385 25/25/25
f 409/409/409 404/404/404 407/407/407
f 409/409/409 407/407/407 27/27/27
f 413/413/413 410/410/410 42/42/42
f 413/413/413 42/42/42 41/41/41
f 411/411/411 408/408/408 30/30/30
f 411/411/411 30/30/30 29/29/29
f 405/405/405 412/412/412 414/414/414
f 405/405/405 414/414/414 406/406/406
f 420/420/420 415/415/415 418/418/418
f 420/420/420 418/418/418 421/421/421
f 426/426/426 423/423/423 198/198/198
f 426/426/426 198/198/198 197/197/197
f 424/424/424 419/419/419 422/422/422
f 424/424/424 422/422/422 203/203/203
f 416/416/416 425/425/425 427/427/427
f 416/416/416 427/427/427 417/417/417
f 435/435/435 431/431/431 433/433/433
f 435/435/435 433/433/433 436/436/436
f 429/429/429 438/438/438 441/441/441
f 429/429/429 441/441/441 430/430/430
f 439/439/439 434/434/434 437/437/437
f 439/439/439 437/437/437 440/440/440
f 432/432/432 428/428/428 46/46/46
f 432/432/432 46/46/46 45/45/45
f 500/500/500 501/501/501 2/2/2
f 500/500/500 2/2/2 4/4/4
f 2/2/2 501/501/501 18/18/18
f 2/2/2 18/18/18 3/3/3
f 336/336/336 501/501/501 500/500/500
f 336/336/336 500/500/500 339/339/339
f 18/18/18 501/501/501 336/336/336
f 18/18/18 336/336/336 19/19/19
f 5/5/5 2/2/2 1/1/1
f 5/5/5 1/1/1 16/16/16
f 17/17/17 484/484/484 3/3/3
f 17/17/17 3/3/3 18/18/18
f 1/1/1 3/3/3 484/484/484
f 1/1/1 484/484/484 15/15/15
f 379/379/379 502/502/502 503/503/503
f 379/379/379 503/503/503 370/370/370
f 504/504/504 502/502/502 379/379/379
f 504/504/504 379/379/379 7/7/7
f 477/477/477 502/502/502 504/504/504
f 477/477/477 504/504/504 480/480/480
f 503/503/503 502/502/502 477/477/477
f 503/503/503 477/477/477 476/476/476
f 476/476/476 350/350/350 349/349/349
f 476/476/476 349/349/349 503/503/503
f 473/473/473 353/353/353 350/350/350
f 473/473/473 350/350/350 476/476/476
f 16/16/16 15/15/15 481/481/481
f 16/16/16 481/481/481 13/13/13
f 358/358/358 505/505/505 35/35/35
f 358/358/358 35/35/35 37/37/37
f 506/506/506 505/505/505 358/358/358
f 506/506/506 358/358/358 357/357/357
f 22/22/22 21/21/21 507/507/507
f 22/22/22 507/507/507 390/390/390
f 507/507/507 21/21/21 366/366/366
f 507/507/507 366/366/366 34/34/34
f 367/367/367 20/20/20 371/371/371
f 367/367/367 371/371/371 357/357/357
f 346/346/346 505/505/505 506/506/506
f 346/346/346 506/506/506 349/349/349
f 35/35/35 505/505/505 346/346/346
f 35/35/35 346/346/346 40/40/40
f 370/370/370 506/506/506 357/357/357
f 370/370/370 357/357/357 371/371/371
f 503/503/503 349/349/349 506/506/506
f 503/503/503 506/506/506 370/370/370
f 6/6/6 460/460/460 504/504/504
f 6/6/6 504/504/504 7/7/7
f 480/480/480 504/504/504 460/460/460
f 480/480/480 460/460/460 459/459/459
f 10/10/10 491/491/491 12/12/12
f 10/10/10 12/12/12 11/11/11
f 491/491/491 10/10/10 47/47/47
f 491/491/491 47/47/47 494/494/494
f 14/14/14 449/449/449 11/11/11
f 14/14/14 11/11/11 12/12/12
f 433/433/433 10/10/10 9/9/9
f 433/433/433 9/9/9 436/436/436
f 47/47/47 10/10/10 433/433/433
f 47/47/47 433/433/433 45/45/45
f 9/9/9 11/11/11 449/449/449
f 9/9/9 449/449/449 448/448/448
f 13/13/13 481/481/481 452/452/452
f 13/13/13 452/452/452 14/14/14
f 470/470/470 508/508/508 509/509/509
f 470/470/470 509/509/509 459/459/459
f 452/452/452 481/481/481 480/480/480
f 452/452/452 480/480/480 455/455/455
f 459/459/459 509/509/509 455/455/455
f 459/459/459 455/455/455 480/480/480
f 418/418/418 417/417/417 448/448/448
f 418/418/418 448/448/448 445/445/445
f 445/445/445 444/444/444 421/421/421
f 445/445/445 421/421/421 418/418/418
f 427/427/427 437/437/437 436/436/436
f 427/427/427 436/436/436 417/417/417
f 448/448/448 417/417/417 436/436/436
f 448/448/448 436/436/436 9/9/9
f 437/437/437 427/427/427 197/197/197
f 437/437/437 197/197/197 440/440/440
f 414/414/414 510/510/510 511/511/511
f 414/414/414 511/511/511 406/406/406
f 399/399/399 30/30/30 27/27/27
f 399/399/399 27/27/27 26/26/26
f 466/466/466 407/407/407 406/406/406
f 466/466/466 406/406/406 469/469/469
f 407/407/407 466/466/466 28/28/28
f 407/407/407 28/28/28 27/27/27
f 406/406/406 511/511/511 512/512/512
f 406/406/406 512/512/512 469/469/469
f 512/512/512 508/508/508 470/470/470
f 512/512/512 470/470/470 469/469/469
f 367/367/367 366/366/366 21/21/21
f 367/367/367 21/21/21 20/20/20
f 24/24/24 23/23/23 20/20/20
f 24/24/24 20/20/20 22/22/22
f 403/403/403 25/25/25 385/385/385
f 403/403/403 385/385/385 393/393/393
f 376/376/376 403/403/403 402/402/402
f 376/376/376 402/402/402 8/8/8
f 23/23/23 25/25/25 403/403/403
f 23/23/23 403/403/403 376/376/376
f 8/8/8 402/402/402 463/463/463
f 8/8/8 463/463/463 6/6/6
f 463/463/463 402/402/402 26/26/26
f 463/463/463 26/26/26 28/28/28
f 30/30/30 399/399/399 396/396/396
f 30/30/30 396/396/396 31/31/31
f 393/393/393 385/385/385 215/215/215
f 393/393/393 215/215/215 209/209/209
f 390/390/390 507/507/507 513/513/513
f 390/390/390 513/513/513 382/382/382
f 34/34/34 33/33/33 513/513/513
f 34/34/34 513/513/513 507/507/507
f 32/32/32 361/361/361 514/514/514
f 32/32/32 514/514/514 33/33/33
f 361/361/361 37/37/37 36/36/36
f 361/361/361 36/36/36 514/514/514
f 36/36/36 35/35/35 40/40/40
f 36/36/36 40/40/40 39/39/39
f 343/343/343 515/515/515 39/39/39
f 343/343/343 39/39/39 38/38/38
f 343/343/343 48/48/48 516/516/516
f 343/343/343 516/516/516 515/515/515
f 517/517/517 518/518/518 519/519/519
f 517/517/517 519/519/519 231/231/231
f 48/48/48 517/517/517 231/231/231
f 48/48/48 231/231/231 516/516/516
f 520/520/520 521/521/521 519/519/519
f 520/520/520 519/519/519 518/518/518
f 50/50/50 49/49/49 522/522/522
f 50/50/50 522/522/522 333/333/333
f 353/353/353 522/522/522 49/49/49
f 353/353/353 49/49/49 354/354/354
f 523/523/523 19/19/19 333/333/333
f 523/523/523 333/333/333 522/522/522
f 353/353/353 473/473/473 523/523/523
f 353/353/353 523/523/523 522/522/522
f 19/19/19 523/523/523 473/473/473
f 19/19/19 473/473/473 17/17/17
f 511/511/511 510/510/510 422/422/422
f 511/511/511 422/422/422 421/421/421
f 512/512/512 511/511/511 421/421/421
f 512/512/512 421/421/421 444/444/444
f 456/456/456 508/508/508 512/512/512
f 456/456/456 512/512/512 444/444/444
f 509/509/509 508/508/508 456/456/456
f 509/509/509 456/456/456 455/455/455
f 43/43/43 510/510/510 414/414/414
f 43/43/43 414/414/414 41/41/41
f 422/422/422 510/510/510 43/43/43
f 422/422/422 43/43/43 203/203/203
f 524/524/524 430/430/430 441/441/441
f 524/524/524 441/441/441 525/525/525
f 526/526/526 527/527/527 524/524/524
f 526/526/526 524/524/524 525/525/525
f 524/524/524 44/44/44 46/46/46
f 524/524/524 46/46/46 430/430/430
f 44/44/44 524/524/524 527/527/527
f 44/44/44 527/527/527 528/528/528
f 47/47/47 44/44/44 528/528/528
f 47/47/47 528/528/528 529/529/529
f 494/494/494 47/47/47 529/529/529
f 494/494/494 529/529/529 495/495/495
f 340/340/340 339/339/339 500/500/500
f 340/340/340 500/500/500 530/530/530
f 531/531/531 497/497/497 340/340/340
f 531/531/531 340/340/340 530/530/530
f 517/517/517 499/499/499 497/497/497
f 517/517/517 497/497/497 518/518/518
f 499/499/499 517/517/517 48/48/48
f 499/499/499 48/48/48 50/50/50
f 49/49/49 48/48/48 343/343/343
f 49/49/49 343/343/343 354/354/354
f 520/520/520 518/518/518 497/497/497
f 520/520/520 497/497/497 531/531/531
f 532/532/532 533/533/533 534/534/534
f 532/532/532 534/534/534 535/535/535
f 536/536/536 537/537/537 538/538/538
f 536/536/536 538/538/538 539/539/539
f 540/540/540 541/541/541 532/532/532
f 540/540/540 532/532/532 535/535/535
f 538/538/538 534/534/534 533/533/533
f 538/538/538 533/533/533 539/539/539
f 536/536/536 542/542/542 543/543/543
f 536/536/536 543/543/543 537/537/537
f 544/544/544 545/545/545 546/546/546
f 544/544/544 546/546/546 547/547/547
f 548/548/548 549/549/549 550/550/550
f 548/548/548 550/550/550 551/551/551
f 552/552/552 553/553/553 554/554/554
f 552/552/552 554/554/554 555/555/555
f 81/81/81 556/556/556 552/552/552
f 81/81/81 552/552/552 555/555/555
f 557/557/557 558/558/558 556/556/556
f 557/557/557 556/556/556 81/81/81
f 559/559/559 560/560/560 558/558/558
f 559/559/559 558/558/558 557/557/557
f 560/560/560 559/559/559 561/561/561
f 560/560/560 561/561/561 562/562/562
f 545/545/545 544/544/544 562/562/562
f 545/545/545 562/562/562 561/561/561
f 554/554/554 553/553/553 563/563/563
f 554/554/554 563/563/563 564/564/564
f 564/564/564 563/563/563 548/548/548
f 564/564/564 548/548/548 551/551/551
f 565/565/565 566/566/566 567/567/567
f 565/565/565 567/567/567 568/568/568
f 566/566/566 569/569/569 570/570/570
f 566/566/566 570/570/570 567/567/567
f 571/571/571 572/572/572 573/573/573
f 571/571/571 573/573/573 574/574/574
f 569/569/569 571/571/571 574/574/574
f 569/569/569 574/574/574 570/570/570
f 575/575/575 576/576/576 577/577/577
f 575/575/575 577/577/577 578/578/578
f 579/579/579 575/575/575 578/578/578
f 579/579/579 578/578/578 580/580/580
f 576/576/576 581/581/581 582/582/582
f 576/576/576 582/582/582 577/577/577
f 583/583/583 57/57/57 59/59/59
f 583/583/583 59/59/59 584/584/584
f 61/61/61 60/60/60 585/585/585
f 61/61/61 585/585/585 586/586/586
f 587/587/587 588/588/588 589/589/589
f 587/587/587 589/589/589 590/590/590
f 590/590/590 591/591/591 592/592/592
f 590/590/590 592/592/592 587/587/587
f 65/65/65 69/69/69 71/71/71
f 65/65/65 71/71/71 63/63/63
f 588/588/588 66/66/66 68/68/68
f 588/588/588 68/68/68 589/589/589
f 593/593/593 73/73/73 72/72/72
f 593/593/593 72/72/72 594/594/594
f 71/71/71 70/70/70 593/593/593
f 71/71/71 593/593/593 594/594/594
f 74/74/74 595/595/595 596/596/596
f 74/74/74 596/596/596 72/72/72
f 597/597/597 598/598/598 599/599/599
f 597/597/597 599/599/599 600/600/600
f 601/601/601 602/602/602 603/603/603
f 601/601/601 603/603/603 604/604/604
f 604/604/604 605/605/605 606/606/606
f 604/604/604 606/606/606 601/601/601
f 603/603/603 602/602/602 598/598/598
f 603/603/603 598/598/598 597/597/597
f 607/607/607 608/608/608 609/609/609
f 607/607/607 609/609/609 610/610/610
f 611/611/611 609/609/609 608/608/608
f 611/611/611 608/608/608 612/612/612
f 613/613/613 611/611/611 612/612/612
f 613/613/613 612/612/612 614/614/614
f 615/615/615 607/607/607 610/610/610
f 615/615/615 610/610/610 616/616/616
f 616/616/616 617/617/617 618/618/618
f 616/616/616 618/618/618 615/615/615
f 619/619/619 620/620/620 621/621/621
f 619/619/619 621/621/621 622/622/622
f 600/600/600 599/599/599 613/613/613
f 600/600/600 613/613/613 614/614/614
f 621/621/621 620/620/620 623/623/623
f 621/621/621 623/623/623 624/624/624
f 625/625/625 626/626/626 619/619/619
f 625/625/625 619/619/619 622/622/622
f 625/625/625 627/627/627 628/628/628
f 625/625/625 628/628/628 626/626/626
f 629/629/629 628/628/628 627/627/627
f 629/629/629 627/627/627 630/630/630
f 631/631/631 632/632/632 633/633/633
f 631/631/631 633/633/633 634/634/634
f 635/635/635 632/632/632 631/631/631
f 635/635/635 631/631/631 636/636/636
f 623/623/623 635/635/635 636/636/636
f 623/623/623 636/636/636 624/624/624
f 633/633/633 637/637/637 638/638/638
f 633/633/633 638/638/638 634/634/634
f 639/639/639 629/629/629 630/630/630
f 639/639/639 630/630/630 640/640/640
f 634/634/634 638/638/638 521/521/521
f 634/634/634 521/521/521 520/520/520
f 630/630/630 527/527/527 526/526/526
f 630/630/630 526/526/526 640/640/640
f 622/622/622 495/495/495 529/529/529
f 622/622/622 529/529/529 625/625/625
f 4/4/4 495/495/495 622/622/622
f 4/4/4 622/622/622 621/621/621
f 500/500/500 4/4/4 621/621/621
f 500/500/500 621/621/621 624/624/624
f 530/530/530 500/500/500 624/624/624
f 530/530/530 624/624/624 636/636/636
f 636/636/636 631/631/631 531/531/531
f 636/636/636 531/531/531 530/530/530
f 520/520/520 531/531/531 631/631/631
f 520/520/520 631/631/631 634/634/634
f 529/529/529 528/528/528 627/627/627
f 529/529/529 627/627/627 625/625/625
f 528/528/528 527/527/527 630/630/630
f 528/528/528 630/630/630 627/627/627
f 641/641/641 206/206/206 57/57/57
f 641/641/641 57/57/57 583/583/583
f 642/642/642 64/64/64 63/63/63
f 642/642/642 63/63/63 643/643/643
f 68/68/68 67/67/67 642/642/642
f 68/68/68 642/642/642 643/643/643
f 59/59/59 58/58/58 586/586/586
f 59/59/59 586/586/586 585/585/585
f 206/206/206 205/205/205 58/58/58
f 206/206/206 58/58/58 57/57/57
f 74/74/74 225/225/225 644/644/644
f 74/74/74 644/644/644 595/595/595
f 73/73/73 223/223/223 225/225/225
f 73/73/73 225/225/225 74/74/74
f 69/69/69 228/228/228 227/227/227
f 69/69/69 227/227/227 70/70/70
f 222/222/222 228/228/228 69/69/69
f 222/222/222 69/69/69 65/65/65
f 64/64/64 220/220/220 222/222/222
f 64/64/64 222/222/222 65/65/65
f 66/66/66 217/217/217 219/219/219
f 66/66/66 219/219/219 67/67/67
f 645/645/645 217/217/217 66/66/66
f 645/645/645 66/66/66 588/588/588
f 646/646/646 645/645/645 588/588/588
f 646/646/646 588/588/588 587/587/587
f 646/646/646 587/587/587 592/592/592
f 646/646/646 592/592/592 647/647/647
f 60/60/60 62/62/62 592/592/592
f 60/60/60 592/592/592 591/591/591
f 212/212/212 210/210/210 62/62/62
f 212/212/212 62/62/62 61/61/61
f 586/586/586 648/648/648 212/212/212
f 586/586/586 212/212/212 61/61/61
f 56/56/56 55/55/55 583/583/583
f 56/56/56 583/583/583 584/584/584
f 199/199/199 200/200/200 55/55/55
f 199/199/199 55/55/55 54/54/54
f 52/52/52 201/201/201 199/199/199
f 52/52/52 199/199/199 54/54/54
f 53/53/53 52/52/52 54/54/54
f 53/53/53 54/54/54 56/56/56
f 649/649/649 650/650/650 651/651/651
f 649/649/649 651/651/651 652/652/652
f 652/652/652 651/651/651 653/653/653
f 652/652/652 653/653/653 654/654/654
f 654/654/654 653/653/653 655/655/655
f 654/654/654 655/655/655 656/656/656
f 656/656/656 655/655/655 657/657/657
f 656/656/656 657/657/657 658/658/658
f 658/658/658 657/657/657 659/659/659
f 658/658/658 659/659/659 660/660/660
f 660/660/660 659/659/659 661/661/661
f 660/660/660 661/661/661 662/662/662
f 662/662/662 661/661/661 663/663/663
f 662/662/662 663/663/663 664/664/664
f 664/664/664 663/663/663 665/665/665
f 664/664/664 665/665/665 666/666/666
f 666/666/666 665/665/665 667/667/667
f 666/666/666 667/667/667 668/668/668
f 668/668/668 667/667/667 669/669/669
f 668/668/668 669/669/669 670/670/670
f 671/671/671 672/672/672 673/673/673
f 671/671/671 673/673/673 674/674/674
f 674/674/674 673/673/673 675/675/675
f 674/674/674 675/675/675 676/676/676
f 676/676/676 675/675/675 677/677/677
f 676/676/676 677/677/677 678/678/678
f 679/679/679 680/680/680 681/681/681
f 679/679/679 681/681/681 682/682/682
f 682/682/682 681/681/681 683/683/683
f 682/682/682 683/683/683 684/684/684
f 684/684/684 683/683/683 685/685/685
f 684/684/684 685/685/685 686/686/686
f 686/686/686 685/685/685 687/687/687
f 686/686/686 687/687/687 688/688/688
f 689/689/689 690/690/690 691/691/691
f 689/689/689 691/691/691 692/692/692
f 692/692/692 691/691/691 693/693/693
f 692/692/692 693/693/693 694/694/694
f 695/695/695 692/692/692 694/694/694
f 695/695/695 694/694/694 696/696/696
f 697/697/697 698/698/698 699/699/699
f 697/697/697 699/699/699 700/700/700
f 700/700/700 699/699/699 701/701/701
f 700/700/700 701/701/701 702/702/702
f 702/702/702 701/701/701 703/703/703
f 702/702/702 703/703/703 704/704/704
f 704/704/704 703/703/703 705/705/705
f 704/704/704 705/705/705 706/706/706
f 707/707/707 708/708/708 709/709/709
f 707/707/707 709/709/709 710/710/710
f 710/710/710 709/709/709 698/698/698
f 710/710/710 698/698/698 697/697/697
f 711/711/711 704/704/704 706/706/706
f 711/711/711 706/706/706 712/712/712
f 713/713/713 707/707/707 710/710/710
f 713/713/713 710/710/710 714/714/714
f 715/715/715 716/716/716 717/717/717
f 715/715/715 717/717/717 718/718/718
f 718/718/718 717/717/717 719/719/719
f 718/718/718 719/719/719 720/720/720
f 720/720/720 719/719/719 721/721/721
f 720/720/720 721/721/721 722/722/722
f 722/722/722 721/721/721 723/723/723
f 722/722/722 723/723/723 724/724/724
f 725/725/725 726/726/726 727/727/727
f 725/725/725 727/727/727 728/728/728
f 728/728/728 727/727/727 716/716/716
f 728/728/728 716/716/716 715/715/715
f 729/729/729 722/722/722 724/724/724
f 729/729/729 724/724/724 730/730/730
f 731/731/731 725/725/725 728/728/728
f 731/731/731 728/728/728 732/732/732
f 733/733/733 734/734/734 735/735/735
f 733/733/733 735/735/735 736/736/736
f 736/736/736 735/735/735 737/737/737
f 736/736/736 737/737/737 738/738/738
f 738/738/738 737/737/737 739/739/739
f 738/738/738 739/739/739 740/740/740
f 741/741/741 742/742/742 743/743/743
f 741/741/741 743/743/743 744/744/744
f 744/744/744 743/743/743 734/734/734
f 744/744/744 734/734/734 733/733/733
f 745/745/745 738/738/738 740/740/740
f 745/745/745 740/740/740 746/746/746
f 747/747/747 741/741/741 744/744/744
f 747/747/747 744/744/744 748/748/748
f 749/749/749 750/750/750 751/751/751
f 749/749/749 751/751/751 752/752/752
f 752/752/752 751/751/751 753/753/753
f 752/752/752 753/753/753 754/754/754
f 754/754/754 753/753/753 755/755/755
f 754/754/754 755/755/755 756/756/756
f 756/756/756 755/755/755 757/757/757
f 756/756/756 757/757/757 758/758/758
f 759/759/759 760/760/760 750/750/750
f 759/759/759 750/750/750 749/749/749
f 761/761/761 756/756/756 758/758/758
f 761/761/761 758/758/758 762/762/762
f 763/763/763 759/759/759 749/749/749
f 763/763/763 749/749/749 764/764/764
f 765/765/765 766/766/766 767/767/767
f 765/765/765 767/767/767 768/768/768
f 768/768/768 767/767/767 769/769/769
f 768/768/768 769/769/769 770/770/770
f 770/770/770 769/769/769 771/771/771
f 770/770/770 771/771/771 772/772/772
f 773/773/773 774/774/774 775/775/775
f 773/773/773 775/775/775 776/776/776
f 776/776/776 775/775/775 766/766/766
f 776/776/776 766/766/766 765/765/765
f 777/777/777 770/770/770 772/772/772
f 777/777/777 772/772/772 778/778/778
f 779/779/779 773/773/773 776/776/776
f 779/779/779 776/776/776 780/780/780
f 781/781/781 782/782/782 783/783/783
f 781/781/781 783/783/783 784/784/784
f 785/785/785 786/786/786 787/787/787
f 785/785/785 787/787/787 788/788/788
f 788/788/788 787/787/787 782/782/782
f 788/788/788 782/782/782 781/781/781
f 789/789/789 785/785/785 788/788/788
f 789/789/789 788/788/788 790/790/790
f 791/791/791 792/792/792 793/793/793
f 791/791/791 793/793/793 794/794/794
f 795/795/795 796/796/796 797/797/797
f 795/795/795 797/797/797 798/798/798
f 792/792/792 799/799/799 800/800/800
f 792/792/792 800/800/800 793/793/793
f 797/797/797 801/801/801 802/802/802
f 797/797/797 802/802/802 798/798/798
f 803/803/803 804/804/804 805/805/805
f 803/803/803 805/805/805 806/806/806
f 807/807/807 808/808/808 809/809/809
f 807/807/807 809/809/809 810/810/810
f 811/811/811 807/807/807 810/810/810
f 811/811/811 810/810/810 812/812/812
f 813/813/813 811/811/811 812/812/812
f 813/813/813 812/812/812 814/814/814
f 815/815/815 816/816/816 803/803/803
f 815/815/815 803/803/803 806/806/806
f 817/817/817 818/818/818 816/816/816
f 817/817/817 816/816/816 815/815/815
f 804/804/804 791/791/791 794/794/794
f 804/804/804 794/794/794 805/805/805
f 809/809/809 808/808/808 796/796/796
f 809/809/809 796/796/796 795/795/795
f 819/819/819 813/813/813 814/814/814
f 819/819/819 814/814/814 820/820/820
f 821/821/821 818/818/818 817/817/817
f 821/821/821 817/817/817 822/822/822
f 823/823/823 824/824/824 825/825/825
f 823/823/823 825/825/825 826/826/826
f 827/827/827 828/828/828 829/829/829
f 827/827/827 829/829/829 830/830/830
f 826/826/826 825/825/825 827/827/827
f 826/826/826 827/827/827 830/830/830
f 827/827/827 825/825/825 77/77/77
f 827/827/827 77/77/77 831/831/831
f 832/832/832 828/828/828 827/827/827
f 832/832/832 827/827/827 831/831/831
f 833/833/833 813/813/813 819/819/819
f 833/833/833 819/819/819 834/834/834
f 835/835/835 811/811/811 813/813/813
f 835/835/835 813/813/813 833/833/833
f 836/836/836 807/807/807 811/811/811
f 836/836/836 811/811/811 835/835/835
f 836/836/836 837/837/837 808/808/808
f 836/836/836 808/808/808 807/807/807
f 796/796/796 808/808/808 837/837/837
f 796/796/796 837/837/837 838/838/838
f 797/797/797 796/796/796 838/838/838
f 797/797/797 838/838/838 839/839/839
f 840/840/840 801/801/801 797/797/797
f 840/840/840 797/797/797 839/839/839
f 818/818/818 821/821/821 820/820/820
f 818/818/818 820/820/820 814/814/814
f 816/816/816 818/818/818 814/814/814
f 816/816/816 814/814/814 812/812/812
f 803/803/803 816/816/816 812/812/812
f 803/803/803 812/812/812 810/810/810
f 809/809/809 804/804/804 803/803/803
f 809/809/809 803/803/803 810/810/810
f 795/795/795 791/791/791 804/804/804
f 795/795/795 804/804/804 809/809/809
f 798/798/798 792/792/792 791/791/791
f 798/798/798 791/791/791 795/795/795
f 802/802/802 799/799/799 792/792/792
f 802/802/802 792/792/792 798/798/798
f 841/841/841 77/77/77 825/825/825
f 841/841/841 825/825/825 824/824/824
f 842/842/842 843/843/843 844/844/844
f 842/842/842 844/844/844 845/845/845
f 845/845/845 844/844/844 846/846/846
f 845/845/845 846/846/846 847/847/847
f 848/848/848 849/849/849 850/850/850
f 848/848/848 850/850/850 851/851/851
f 852/852/852 853/853/853 849/849/849
f 852/852/852 849/849/849 848/848/848
f 846/846/846 851/851/851 854/854/854
f 846/846/846 854/854/854 855/855/855
f 856/856/856 843/843/843 842/842/842
f 856/856/856 842/842/842 857/857/857
f 858/858/858 799/799/799 802/802/802
f 858/858/858 802/802/802 859/859/859
f 859/859/859 802/802/802 801/801/801
f 859/859/859 801/801/801 860/860/860
f 860/860/860 801/801/801 840/840/840
f 860/860/860 840/840/840 861/861/861
f 861/861/861 840/840/840 839/839/839
f 861/861/861 839/839/839 862/862/862
f 862/862/862 839/839/839 838/838/838
f 862/862/862 838/838/838 863/863/863
f 863/863/863 838/838/838 837/837/837
f 863/863/863 837/837/837 864/864/864
f 864/864/864 837/837/837 836/836/836
f 864/864/864 836/836/836 865/865/865
f 866/866/866 805/805/805 794/794/794
f 866/866/866 794/794/794 867/867/867
f 867/867/867 794/794/794 793/793/793
f 867/867/867 793/793/793 868/868/868
f 868/868/868 793/793/793 800/800/800
f 868/868/868 800/800/800 869/869/869
f 869/869/869 800/800/800 799/799/799
f 869/869/869 799/799/799 858/858/858
f 870/870/870 806/806/806 805/805/805
f 870/870/870 805/805/805 866/866/866
f 871/871/871 817/817/817 815/815/815
f 871/871/871 815/815/815 872/872/872
f 872/872/872 815/815/815 806/806/806
f 872/872/872 806/806/806 870/870/870
f 865/865/865 836/836/836 835/835/835
f 865/865/865 835/835/835 873/873/873
f 873/873/873 835/835/835 833/833/833
f 873/873/873 833/833/833 874/874/874
f 819/819/819 875/875/875 876/876/876
f 819/819/819 876/876/876 834/834/834
f 877/877/877 875/875/875 819/819/819
f 877/877/877 819/819/819 820/820/820
f 821/821/821 878/878/878 877/877/877
f 821/821/821 877/877/877 820/820/820
f 879/879/879 878/878/878 821/821/821
f 879/879/879 821/821/821 822/822/822
f 875/875/875 828/828/828 832/832/832
f 875/875/875 832/832/832 876/876/876
f 828/828/828 875/875/875 877/877/877
f 828/828/828 877/877/877 829/829/829
f 878/878/878 880/880/880 829/829/829
f 878/878/878 829/829/829 877/877/877
f 881/881/881 880/880/880 878/878/878
f 881/881/881 878/878/878 879/879/879
f 882/882/882 881/881/881 879/879/879
f 882/882/882 879/879/879 883/883/883
f 883/883/883 879/879/879 822/822/822
f 883/883/883 822/822/822 884/884/884
f 884/884/884 822/822/822 817/817/817
f 884/884/884 817/817/817 871/871/871
f 874/874/874 833/833/833 834/834/834
f 874/874/874 834/834/834 885/885/885
f 885/885/885 834/834/834 876/876/876
f 885/885/885 876/876/876 886/886/886
f 886/886/886 876/876/876 832/832/832
f 886/886/886 832/832/832 887/887/887
f 888/888/888 889/889/889 890/890/890
f 888/888/888 890/890/890 891/891/891
f 891/891/891 890/890/890 892/892/892
f 891/891/891 892/892/892 893/893/893
f 893/893/893 892/892/892 881/881/881
f 893/893/893 881/881/881 882/882/882
f 887/887/887 832/832/832 831/831/831
f 887/887/887 831/831/831 894/894/894
f 894/894/894 831/831/831 77/77/77
f 894/894/894 77/77/77 76/76/76
f 75/75/75 77/77/77 841/841/841
f 75/75/75 841/841/841 895/895/895
f 849/849/849 823/823/823 896/896/896
f 849/849/849 896/896/896 850/850/850
f 853/853/853 824/824/824 823/823/823
f 853/853/853 823/823/823 849/849/849
f 897/897/897 854/854/854 898/898/898
f 897/897/897 898/898/898 899/899/899
f 899/899/899 898/898/898 889/889/889
f 899/899/899 889/889/889 888/888/888
f 898/898/898 850/850/850 896/896/896
f 898/898/898 896/896/896 889/889/889
f 854/854/854 851/851/851 850/850/850
f 854/854/854 850/850/850 898/898/898
f 900/900/900 855/855/855 854/854/854
f 900/900/900 854/854/854 897/897/897
f 900/900/900 847/847/847 846/846/846
f 900/900/900 846/846/846 855/855/855
f 844/844/844 848/848/848 851/851/851
f 844/844/844 851/851/851 846/846/846
f 843/843/843 852/852/852 848/848/848
f 843/843/843 848/848/848 844/844/844
f 901/901/901 852/852/852 843/843/843
f 901/901/901 843/843/843 856/856/856
f 902/902/902 901/901/901 856/856/856
f 902/902/902 856/856/856 857/857/857
f 903/903/903 904/904/904 901/901/901
f 903/903/903 901/901/901 902/902/902
f 903/903/903 895/895/895 841/841/841
f 903/903/903 841/841/841 904/904/904
f 904/904/904 853/853/853 852/852/852
f 904/904/904 852/852/852 901/901/901
f 841/841/841 824/824/824 853/853/853
f 841/841/841 853/853/853 904/904/904
f 905/905/905 906/906/906 907/907/907
f 905/905/905 907/907/907 908/908/908
f 909/909/909 910/910/910 117/117/117
f 909/909/909 117/117/117 911/911/911
f 912/912/912 913/913/913 89/89/89
f 912/912/912 89/89/89 914/914/914
f 915/915/915 916/916/916 917/917/917
f 915/915/915 917/917/917 918/918/918
f 919/919/919 110/110/110 109/109/109
f 919/919/919 109/109/109 920/920/920
f 921/921/921 922/922/922 923/923/923
f 921/921/921 923/923/923 924/924/924
f 925/925/925 926/926/926 927/927/927
f 925/925/925 927/927/927 928/928/928
f 929/929/929 930/930/930 931/931/931
f 929/929/929 931/931/931 932/932/932
f 933/933/933 934/934/934 935/935/935
f 933/933/933 935/935/935 936/936/936
f 937/937/937 938/938/938 107/107/107
f 937/937/937 107/107/107 939/939/939
f 940/940/940 104/104/104 103/103/103
f 940/940/940 103/103/103 941/941/941
f 942/942/942 943/943/943 944/944/944
f 942/942/942 944/944/944 945/945/945
f 946/946/946 947/947/947 948/948/948
f 946/946/946 948/948/948 949/949/949
f 950/950/950 94/94/94 91/91/91
f 950/950/950 91/91/91 951/951/951
f 952/952/952 84/84/84 953/953/953
f 952/952/952 953/953/953 954/954/954
f 955/955/955 956/956/956 85/85/85
f 955/955/955 85/85/85 957/957/957
f 958/958/958 177/177/177 179/179/179
f 958/958/958 179/179/179 959/959/959
f 960/960/960 961/961/961 962/962/962
f 960/960/960 962/962/962 963/963/963
f 964/964/964 96/96/96 95/95/95
f 964/964/964 95/95/95 965/965/965
f 966/966/966 967/967/967 92/92/92
f 966/966/966 92/92/92 968/968/968
f 969/969/969 175/175/175 970/970/970
f 969/969/969 970/970/970 971/971/971
f 972/972/972 973/973/973 174/174/174
f 972/972/972 174/174/174 974/974/974
f 975/975/975 97/97/97 976/976/976
f 975/975/975 976/976/976 977/977/977
f 978/978/978 979/979/979 980/980/980
f 978/978/978 980/980/980 981/981/981
f 982/982/982 102/102/102 99/99/99
f 982/982/982 99/99/99 983/983/983
f 984/984/984 985/985/985 986/986/986
f 984/984/984 986/986/986 987/987/987
f 988/988/988 989/989/989 164/164/164
f 988/988/988 164/164/164 990/990/990
f 991/991/991 113/113/113 992/992/992
f 991/991/991 992/992/992 993/993/993
f 994/994/994 995/995/995 114/114/114
f 994/994/994 114/114/114 996/996/996
f 997/997/997 998/998/998 999/999/999
f 997/997/997 999/999/999 1000/1000/1000
f 1001/1001/1001 1002/1002/1002 1003/1003/1003
f 1001/1001/1001 1003/1003/1003 1004/1004/1004
f 1005/1005/1005 1006/1006/1006 154/154/154
f 1005/1005/1005 154/154/154 1007/1007/1007
f 1008/1008/1008 1009/1009/1009 83/83/83
f 1008/1008/1008 83/83/83 1010/1010/1010
f 1011/1011/1011 1012/1012/1012 98/98/98
f 1011/1011/1011 98/98/98 1013/1013/1013
f 1014/1014/1014 1015/1015/1015 88/88/88
f 1014/1014/1014 88/88/88 1016/1016/1016
f 1017/1017/1017 1018/1018/1018 1019/1019/1019
f 1017/1017/1017 1019/1019/1019 1020/1020/1020
f 1021/1021/1021 1022/1022/1022 148/148/148
f 1021/1021/1021 148/148/148 1023/1023/1023
f 1024/1024/1024 1025/1025/1025 86/86/86
f 1024/1024/1024 86/86/86 1026/1026/1026
f 1027/1027/1027 82/82/82 81/81/81
f 1027/1027/1027 81/81/81 1028/1028/1028
f 1029/1029/1029 152/152/152 87/87/87
f 1029/1029/1029 87/87/87 1030/1030/1030
f 1031/1031/1031 555/555/555 1032/1032/1032
f 1031/1031/1031 1032/1032/1032 1033/1033/1033
f 949/949/949 948/948/948 956/956/956
f 949/949/949 956/956/956 955/955/955
f 954/954/954 953/953/953 94/94/94
f 954/954/954 94/94/94 950/950/950
f 951/951/951 91/91/91 947/947/947
f 951/951/951 947/947/947 946/946/946
f 957/957/957 85/85/85 84/84/84
f 957/957/957 84/84/84 952/952/952
f 939/939/939 107/107/107 934/934/934
f 939/939/939 934/934/934 933/933/933
f 945/945/945 944/944/944 104/104/104
f 945/945/945 104/104/104 940/940/940
f 941/941/941 103/103/103 938/938/938
f 941/941/941 938/938/938 937/937/937
f 936/936/936 935/935/935 943/943/943
f 936/936/936 943/943/943 942/942/942
f 928/928/928 927/927/927 922/922/922
f 928/928/928 922/922/922 921/921/921
f 920/920/920 109/109/109 930/930/930
f 920/920/920 930/930/930 929/929/929
f 924/924/924 923/923/923 110/110/110
f 924/924/924 110/110/110 919/919/919
f 932/932/932 931/931/931 926/926/926
f 932/932/932 926/926/926 925/925/925
f 908/908/908 907/907/907 916/916/916
f 908/908/908 916/916/916 915/915/915
f 914/914/914 89/89/89 910/910/910
f 914/914/914 910/910/910 909/909/909
f 911/911/911 117/117/117 906/906/906
f 911/911/911 906/906/906 905/905/905
f 918/918/918 917/917/917 913/913/913
f 918/918/918 913/913/913 912/912/912
f 1016/1016/1016 88/88/88 1025/1025/1025
f 1016/1016/1016 1025/1025/1025 1024/1024/1024
f 1023/1023/1023 148/148/148 1018/1018/1018
f 1023/1023/1023 1018/1018/1018 1017/1017/1017
f 1020/1020/1020 1019/1019/1019 1015/1015/1015
f 1020/1020/1020 1015/1015/1015 1014/1014/1014
f 1026/1026/1026 86/86/86 1022/1022/1022
f 1026/1026/1026 1022/1022/1022 1021/1021/1021
f 1028/1028/1028 81/81/81 555/555/555
f 1028/1028/1028 555/555/555 1031/1031/1031
f 1030/1030/1030 87/87/87 82/82/82
f 1030/1030/1030 82/82/82 1027/1027/1027
f 1033/1033/1033 1032/1032/1032 1034/1034/1034
f 1033/1033/1033 1034/1034/1034 1035/1035/1035
f 1036/1036/1036 157/157/157 1037/1037/1037
f 1036/1036/1036 1037/1037/1037 1038/1038/1038
f 1010/1010/1010 83/83/83 1039/1039/1039
f 1010/1010/1010 1039/1039/1039 1040/1040/1040
f 1013/1013/1013 98/98/98 1009/1009/1009
f 1013/1013/1013 1009/1009/1009 1008/1008/1008
f 971/971/971 970/970/970 979/979/979
f 971/971/971 979/979/979 978/978/978
f 977/977/977 976/976/976 973/973/973
f 977/977/977 973/973/973 972/972/972
f 974/974/974 174/174/174 175/175/175
f 974/974/974 175/175/175 969/969/969
f 981/981/981 980/980/980 97/97/97
f 981/981/981 97/97/97 975/975/975
f 968/968/968 92/92/92 96/96/96
f 968/968/968 96/96/96 964/964/964
f 963/963/963 962/962/962 177/177/177
f 963/963/963 177/177/177 958/958/958
f 959/959/959 179/179/179 967/967/967
f 959/959/959 967/967/967 966/966/966
f 965/965/965 95/95/95 961/961/961
f 965/965/965 961/961/961 960/960/960
f 983/983/983 99/99/99 1041/1041/1041
f 983/983/983 1041/1041/1041 1042/1042/1042
f 1043/1043/1043 100/100/100 102/102/102
f 1043/1043/1043 102/102/102 982/982/982
f 990/990/990 164/164/164 165/165/165
f 990/990/990 165/165/165 1044/1044/1044
f 987/987/987 986/986/986 989/989/989
f 987/987/987 989/989/989 988/988/988
f 1000/1000/1000 999/999/999 995/995/995
f 1000/1000/1000 995/995/995 994/994/994
f 993/993/993 992/992/992 1002/1002/1002
f 993/993/993 1002/1002/1002 1001/1001/1001
f 1004/1004/1004 1003/1003/1003 998/998/998
f 1004/1004/1004 998/998/998 997/997/997
f 996/996/996 114/114/114 113/113/113
f 996/996/996 113/113/113 991/991/991
f 557/557/557 81/81/81 80/80/80
f 557/557/557 80/80/80 1045/1045/1045
f 80/80/80 79/79/79 90/90/90
f 80/80/80 90/90/90 1045/1045/1045
f 913/913/913 917/917/917 557/557/557
f 913/913/913 557/557/557 1045/1045/1045
f 90/90/90 89/89/89 913/913/913
f 90/90/90 913/913/913 1045/1045/1045
f 82/82/82 87/87/87 78/78/78
f 82/82/82 78/78/78 80/80/80
f 88/88/88 90/90/90 79/79/79
f 88/88/88 79/79/79 1025/1025/1025
f 78/78/78 86/86/86 1025/1025/1025
f 78/78/78 1025/1025/1025 79/79/79
f 956/956/956 948/948/948 1046/1046/1046
f 956/956/956 1046/1046/1046 1047/1047/1047
f 1048/1048/1048 85/85/85 956/956/956
f 1048/1048/1048 956/956/956 1047/1047/1047
f 1018/1018/1018 148/148/148 1048/1048/1048
f 1018/1018/1018 1048/1048/1048 1047/1047/1047
f 1046/1046/1046 1019/1019/1019 1018/1018/1018
f 1046/1046/1046 1018/1018/1018 1047/1047/1047
f 1019/1019/1019 1046/1046/1046 927/927/927
f 1019/1019/1019 927/927/927 926/926/926
f 1015/1015/1015 1019/1019/1019 926/926/926
f 1015/1015/1015 926/926/926 931/931/931
f 87/87/87 152/152/152 1022/1022/1022
f 87/87/87 1022/1022/1022 86/86/86
f 934/934/934 107/107/107 106/106/106
f 934/934/934 106/106/106 1049/1049/1049
f 1050/1050/1050 935/935/935 934/934/934
f 1050/1050/1050 934/934/934 1049/1049/1049
f 92/92/92 967/967/967 1051/1051/1051
f 92/92/92 1051/1051/1051 93/93/93
f 1051/1051/1051 104/104/104 944/944/944
f 1051/1051/1051 944/944/944 93/93/93
f 943/943/943 935/935/935 947/947/947
f 943/943/943 947/947/947 91/91/91
f 922/922/922 927/927/927 1050/1050/1050
f 922/922/922 1050/1050/1050 1049/1049/1049
f 106/106/106 923/923/923 922/922/922
f 106/106/106 922/922/922 1049/1049/1049
f 948/948/948 947/947/947 935/935/935
f 948/948/948 935/935/935 1050/1050/1050
f 1046/1046/1046 948/948/948 1050/1050/1050
f 1046/1046/1046 1050/1050/1050 927/927/927
f 83/83/83 85/85/85 1048/1048/1048
f 83/83/83 1048/1048/1048 1039/1039/1039
f 115/115/115 114/114/114 995/995/995
f 115/115/115 995/995/995 1052/1052/1052
f 152/152/152 154/154/154 1006/1006/1006
f 152/152/152 1006/1006/1006 1022/1022/1022
f 985/985/985 1037/1037/1037 157/157/157
f 985/985/985 157/157/157 986/986/986
f 989/989/989 986/986/986 999/999/999
f 989/989/989 999/999/999 998/998/998
f 998/998/998 1003/1003/1003 164/164/164
f 998/998/998 164/164/164 989/989/989
f 976/976/976 97/97/97 99/99/99
f 976/976/976 99/99/99 102/102/102
f 1041/1041/1041 99/99/99 98/98/98
f 1041/1041/1041 98/98/98 1012/1012/1012
f 943/943/943 91/91/91 93/93/93
f 943/943/943 93/93/93 944/944/944
f 96/96/96 92/92/92 91/91/91
f 96/96/96 91/91/91 94/94/94
f 979/979/979 970/970/970 961/961/961
f 979/979/979 961/961/961 95/95/95
f 953/953/953 84/84/84 980/980/980
f 953/953/953 980/980/980 979/979/979
f 94/94/94 953/953/953 979/979/979
f 94/94/94 979/979/979 95/95/95
f 84/84/84 83/83/83 1009/1009/1009
f 84/84/84 1009/1009/1009 980/980/980
f 1009/1009/1009 98/98/98 97/97/97
f 1009/1009/1009 97/97/97 980/980/980
f 102/102/102 101/101/101 973/973/973
f 102/102/102 973/973/973 976/976/976
f 970/970/970 175/175/175 962/962/962
f 970/970/970 962/962/962 961/961/961
f 967/967/967 179/179/179 1053/1053/1053
f 967/967/967 1053/1053/1053 1051/1051/1051
f 104/104/104 1051/1051/1051 1053/1053/1053
f 104/104/104 1053/1053/1053 105/105/105
f 103/103/103 105/105/105 1054/1054/1054
f 103/103/103 1054/1054/1054 938/938/938
f 938/938/938 1054/1054/1054 108/108/108
f 938/938/938 108/108/108 107/107/107
f 110/110/110 923/923/923 1055/1055/1055
f 110/110/110 1055/1055/1055 111/111/111
f 108/108/108 1055/1055/1055 923/923/923
f 108/108/108 923/923/923 106/106/106
f 109/109/109 111/111/111 1056/1056/1056
f 109/109/109 1056/1056/1056 116/116/116
f 1057/1057/1057 195/195/195 1058/1058/1058
f 1057/1057/1057 1058/1058/1058 1059/1059/1059
f 116/116/116 1056/1056/1056 195/195/195
f 116/116/116 195/195/195 1057/1057/1057
f 545/545/545 1059/1059/1059 1058/1058/1058
f 545/545/545 1058/1058/1058 546/546/546
f 117/117/117 910/910/910 1060/1060/1060
f 117/117/117 1060/1060/1060 118/118/118
f 931/931/931 930/930/930 118/118/118
f 931/931/931 118/118/118 1060/1060/1060
f 1061/1061/1061 1060/1060/1060 910/910/910
f 1061/1061/1061 910/910/910 89/89/89
f 931/931/931 1060/1060/1060 1061/1061/1061
f 931/931/931 1061/1061/1061 1015/1015/1015
f 89/89/89 88/88/88 1015/1015/1015
f 89/89/89 1015/1015/1015 1061/1061/1061
f 1062/1062/1062 1063/1063/1063 1002/1002/1002
f 1062/1062/1062 1002/1002/1002 992/992/992
f 550/550/550 1063/1063/1063 1062/1062/1062
f 550/550/550 1062/1062/1062 551/551/551
f 1062/1062/1062 992/992/992 113/113/113
f 1062/1062/1062 113/113/113 112/112/112
f 112/112/112 564/564/564 551/551/551
f 112/112/112 551/551/551 1062/1062/1062
f 115/115/115 554/554/554 564/564/564
f 115/115/115 564/564/564 112/112/112
f 1032/1032/1032 555/555/555 554/554/554
f 1032/1032/1032 554/554/554 115/115/115
f 916/916/916 559/559/559 557/557/557
f 916/916/916 557/557/557 917/917/917
f 561/561/561 559/559/559 916/916/916
f 561/561/561 916/916/916 907/907/907
f 1057/1057/1057 1059/1059/1059 907/907/907
f 1057/1057/1057 907/907/907 906/906/906
f 906/906/906 117/117/117 116/116/116
f 906/906/906 116/116/116 1057/1057/1057
f 118/118/118 930/930/930 109/109/109
f 118/118/118 109/109/109 116/116/116
f 545/545/545 561/561/561 907/907/907
f 545/545/545 907/907/907 1059/1059/1059
f 1064/1064/1064 1065/1065/1065 1066/1066/1066
f 1064/1064/1064 1066/1066/1066 1067/1067/1067
f 1067/1067/1067 1066/1066/1066 1068/1068/1068
f 1067/1067/1067 1068/1068/1068 1069/1069/1069
f 1069/1069/1069 1068/1068/1068 1070/1070/1070
f 1069/1069/1069 1070/1070/1070 1071/1071/1071
f 1071/1071/1071 1070/1070/1070 1072/1072/1072
f 1071/1071/1071 1072/1072/1072 1073/1073/1073
f 1073/1073/1073 1072/1072/1072 1074/1074/1074
f 1073/1073/1073 1074/1074/1074 1075/1075/1075
f 1075/1075/1075 1074/1074/1074 1076/1076/1076
f 1075/1075/1075 1076/1076/1076 1077/1077/1077
f 1078/1078/1078 1079/1079/1079 1080/1080/1080
f 1078/1078/1078 1080/1080/1080 1081/1081/1081
f 1081/1081/1081 1080/1080/1080 1065/1065/1065
f 1081/1081/1081 1065/1065/1065 1064/1064/1064
f 1082/1082/1082 1083/1083/1083 1084/1084/1084
f 1082/1082/1082 1084/1084/1084 1085/1085/1085
f 1085/1085/1085 1084/1084/1084 1086/1086/1086
f 1085/1085/1085 1086/1086/1086 1087/1087/1087
f 1088/1088/1088 1089/1089/1089 1090/1090/1090
f 1088/1088/1088 1090/1090/1090 1091/1091/1091
f 1091/1091/1091 1090/1090/1090 1092/1092/1092
f 1091/1091/1091 1092/1092/1092 1093/1093/1093
f 1093/1093/1093 1092/1092/1092 1094/1094/1094
f 1093/1093/1093 1094/1094/1094 1095/1095/1095
f 1095/1095/1095 1094/1094/1094 1096/1096/1096
f 1095/1095/1095 1096/1096/1096 1097/1097/1097
f 1097/1097/1097 1096/1096/1096 1098/1098/1098
f 1097/1097/1097 1098/1098/1098 1099/1099/1099
f 1099/1099/1099 1098/1098/1098 1083/1083/1083
f 1099/1099/1099 1083/1083/1083 1082/1082/1082
f 1100/1100/1100 1101/1101/1101 1102/1102/1102
f 1100/1100/1100 1102/1102/1102 1103/1103/1103
f 1103/1103/1103 1102/1102/1102 1104/1104/1104
f 1103/1103/1103 1104/1104/1104 1105/1105/1105
f 1106/1106/1106 1107/1107/1107 1108/1108/1108
f 1106/1106/1106 1108/1108/1108 1109/1109/1109
f 1109/1109/1109 1108/1108/1108 1110/1110/1110
f 1109/1109/1109 1110/1110/1110 1111/1111/1111
f 1111/1111/1111 1110/1110/1110 1112/1112/1112
f 1111/1111/1111 1112/1112/1112 1113/1113/1113
f 1113/1113/1113 1112/1112/1112 1114/1114/1114
f 1113/1113/1113 1114/1114/1114 1115/1115/1115
f 1115/1115/1115 1114/1114/1114 1116/1116/1116
f 1115/1115/1115 1116/1116/1116 1117/1117/1117
f 1117/1117/1117 1116/1116/1116 1101/1101/1101
f 1117/1117/1117 1101/1101/1101 1100/1100/1100
f 1118/1118/1118 1119/1119/1119 1120/1120/1120
f 1118/1118/1118 1120/1120/1120 1121/1121/1121
f 1121/1121/1121 1120/1120/1120 1122/1122/1122
f 1121/1121/1121 1122/1122/1122 1123/1123/1123
f 1123/1123/1123 1122/1122/1122 1124/1124/1124
f 1123/1123/1123 1124/1124/1124 1125/1125/1125
f 1126/1126/1126 1127/1127/1127 1128/1128/1128
f 1126/1126/1126 1128/1128/1128 1129/1129/1129
f 1129/1129/1129 1128/1128/1128 1130/1130/1130
f 1129/1129/1129 1130/1130/1130 1131/1131/1131
f 1131/1131/1131 1130/1130/1130 1132/1132/1132
f 1131/1131/1131 1132/1132/1132 1133/1133/1133
f 1133/1133/1133 1132/1132/1132 1134/1134/1134
f 1133/1133/1133 1134/1134/1134 1135/1135/1135
f 1135/1135/1135 1134/1134/1134 1119/1119/1119
f 1135/1135/1135 1119/1119/1119 1118/1118/1118
f 1136/1136/1136 1137/1137/1137 1138/1138/1138
f 1136/1136/1136 1138/1138/1138 1139/1139/1139
f 1139/1139/1139 1138/1138/1138 1140/1140/1140
f 1139/1139/1139 1140/1140/1140 1141/1141/1141
f 1141/1141/1141 1140/1140/1140 1142/1142/1142
f 1141/1141/1141 1142/1142/1142 1143/1143/1143
f 1143/1143/1143 1142/1142/1142 1144/1144/1144
f 1143/1143/1143 1144/1144/1144 1145/1145/1145
f 1146/1146/1146 1147/1147/1147 1148/1148/1148
f 1146/1146/1146 1148/1148/1148 1149/1149/1149
f 1149/1149/1149 1148/1148/1148 1150/1150/1150
f 1149/1149/1149 1150/1150/1150 1151/1151/1151
f 1151/1151/1151 1150/1150/1150 1152/1152/1152
f 1151/1151/1151 1152/1152/1152 1153/1153/1153
f 1153/1153/1153 1152/1152/1152 1137/1137/1137
f 1153/1153/1153 1137/1137/1137 1136/1136/1136
f 1154/1154/1154 1155/1155/1155 1156/1156/1156
f 1154/1154/1154 1156/1156/1156 1157/1157/1157
f 1157/1157/1157 1156/1156/1156 1158/1158/1158
f 1157/1157/1157 1158/1158/1158 1159/1159/1159
f 1160/1160/1160 1161/1161/1161 1162/1162/1162
f 1160/1160/1160 1162/1162/1162 1163/1163/1163
f 1163/1163/1163 1162/1162/1162 1164/1164/1164
f 1163/1163/1163 1164/1164/1164 1165/1165/1165
f 1165/1165/1165 1164/1164/1164 1166/1166/1166
f 1165/1165/1165 1166/1166/1166 1167/1167/1167
f 1167/1167/1167 1166/1166/1166 1168/1168/1168
f 1167/1167/1167 1168/1168/1168 1169/1169/1169
f 1169/1169/1169 1168/1168/1168 1170/1170/1170
f 1169/1169/1169 1170/1170/1170 1171/1171/1171
f 1171/1171/1171 1170/1170/1170 1155/1155/1155
f 1171/1171/1171 1155/1155/1155 1154/1154/1154
f 1172/1172/1172 1173/1173/1173 1174/1174/1174
f 1172/1172/1172 1174/1174/1174 1175/1175/1175
f 1175/1175/1175 1174/1174/1174 1176/1176/1176
f 1175/1175/1175 1176/1176/1176 1177/1177/1177
f 1177/1177/1177 1176/1176/1176 1178/1178/1178
f 1177/1177/1177 1178/1178/1178 1179/1179/1179
f 1179/1179/1179 1178/1178/1178 1180/1180/1180
f 1179/1179/1179 1180/1180/1180 1181/1181/1181
f 1181/1181/1181 1180/1180/1180 1182/1182/1182
f 1181/1181/1181 1182/1182/1182 1183/1183/1183
f 1183/1183/1183 1182/1182/1182 1184/1184/1184
f 1183/1183/1183 1184/1184/1184 1185/1185/1185
f 1186/1186/1186 1187/1187/1187 1188/1188/1188
f 1186/1186/1186 1188/1188/1188 1189/1189/1189
f 1189/1189/1189 1188/1188/1188 1173/1173/1173
f 1189/1189/1189 1173/1173/1173 1172/1172/1172
f 1190/1190/1190 1191/1191/1191 1192/1192/1192
f 1190/1190/1190 1192/1192/1192 1193/1193/1193
f 1194/1194/1194 1195/1195/1195 1196/1196/1196
f 1194/1194/1194 1196/1196/1196 1197/1197/1197
f 1198/1198/1198 1199/1199/1199 1200/1200/1200
f 1198/1198/1198 1200/1200/1200 1201/1201/1201
f 1201/1201/1201 1200/1200/1200 1202/1202/1202
f 1201/1201/1201 1202/1202/1202 1203/1203/1203
f 1203/1203/1203 1202/1202/1202 1204/1204/1204
f 1203/1203/1203 1204/1204/1204 1205/1205/1205
f 1205/1205/1205 1204/1204/1204 1206/1206/1206
f 1205/1205/1205 1206/1206/1206 1207/1207/1207
f 1207/1207/1207 1206/1206/1206 1191/1191/1191
f 1207/1207/1207 1191/1191/1191 1190/1190/1190
f 1208/1208/1208 1209/1209/1209 1210/1210/1210
f 1208/1208/1208 1210/1210/1210 1211/1211/1211
f 1211/1211/1211 1210/1210/1210 1212/1212/1212
f 1211/1211/1211 1212/1212/1212 1213/1213/1213
f 1213/1213/1213 1212/1212/1212 1214/1214/1214
f 1213/1213/1213 1214/1214/1214 1215/1215/1215
f 1215/1215/1215 1214/1214/1214 1216/1216/1216
f 1215/1215/1215 1216/1216/1216 1217/1217/1217
f 1217/1217/1217 1216/1216/1216 1218/1218/1218
f 1217/1217/1217 1218/1218/1218 1219/1219/1219
f 1220/1220/1220 1221/1221/1221 1222/1222/1222
f 1220/1220/1220 1222/1222/1222 1223/1223/1223
f 1223/1223/1223 1222/1222/1222 1224/1224/1224
f 1223/1223/1223 1224/1224/1224 1225/1225/1225
f 1225/1225/1225 1224/1224/1224 1209/1209/1209
f 1225/1225/1225 1209/1209/1209 1208/1208/1208
f 1226/1226/1226 1227/1227/1227 1228/1228/1228
f 1226/1226/1226 1228/1228/1228 1229/1229/1229
f 1229/1229/1229 1228/1228/1228 1230/1230/1230
f 1229/1229/1229 1230/1230/1230 1231/1231/1231
f 1231/1231/1231 1230/1230/1230 1232/1232/1232
f 1231/1231/1231 1232/1232/1232 1233/1233/1233
f 1233/1233/1233 1232/1232/1232 1234/1234/1234
f 1233/1233/1233 1234/1234/1234 1235/1235/1235
f 1235/1235/1235 1234/1234/1234 1236/1236/1236
f 1235/1235/1235 1236/1236/1236 1237/1237/1237
f 1237/1237/1237 1236/1236/1236 1238/1238/1238
f 1237/1237/1237 1238/1238/1238 1239/1239/1239
f 1239/1239/1239 1238/1238/1238 1240/1240/1240
f 1239/1239/1239 1240/1240/1240 1241/1241/1241
f 1241/1241/1241 1240/1240/1240 1242/1242/1242
f 1241/1241/1241 1242/1242/1242 1243/1243/1243
f 1244/1244/1244 1245/1245/1245 1246/1246/1246
f 1244/1244/1244 1246/1246/1246 1247/1247/1247
f 1247/1247/1247 1246/1246/1246 1248/1248/1248
f 1247/1247/1247 1248/1248/1248 1249/1249/1249
f 1250/1250/1250 1251/1251/1251 1252/1252/1252
f 1250/1250/1250 1252/1252/1252 1253/1253/1253
f 1253/1253/1253 1252/1252/1252 1254/1254/1254
f 1253/1253/1253 1254/1254/1254 1255/1255/1255
f 1255/1255/1255 1254/1254/1254 1256/1256/1256
f 1255/1255/1255 1256/1256/1256 1257/1257/1257
f 1257/1257/1257 1256/1256/1256 1258/1258/1258
f 1257/1257/1257 1258/1258/1258 1259/1259/1259
f 1259/1259/1259 1258/1258/1258 1260/1260/1260
f 1259/1259/1259 1260/1260/1260 1261/1261/1261
f 1261/1261/1261 1260/1260/1260 1245/1245/1245
f 1261/1261/1261 1245/1245/1245 1244/1244/1244
f 1262/1262/1262 1263/1263/1263 1264/1264/1264
f 1262/1262/1262 1264/1264/1264 1265/1265/1265
f 1265/1265/1265 1264/1264/1264 1266/1266/1266
f 1265/1265/1265 1266/1266/1266 1267/1267/1267
f 1267/1267/1267 1266/1266/1266 1268/1268/1268
f 1267/1267/1267 1268/1268/1268 1269/1269/1269
f 1269/1269/1269 1268/1268/1268 1270/1270/1270
f 1269/1269/1269 1270/1270/1270 1271/1271/1271
f 1272/1272/1272 1273/1273/1273 1274/1274/1274
f 1272/1272/1272 1274/1274/1274 1275/1275/1275
f 1275/1275/1275 1274/1274/1274 1276/1276/1276
f 1275/1275/1275 1276/1276/1276 1277/1277/1277
f 1277/1277/1277 1276/1276/1276 1278/1278/1278
f 1277/1277/1277 1278/1278/1278 1279/1279/1279
f 1279/1279/1279 1278/1278/1278 1263/1263/1263
f 1279/1279/1279 1263/1263/1263 1262/1262/1262
f 1280/1280/1280 1281/1281/1281 1282/1282/1282
f 1280/1280/1280 1282/1282/1282 1283/1283/1283
f 1283/1283/1283 1282/1282/1282 1284/1284/1284
f 1283/1283/1283 1284/1284/1284 1285/1285/1285
f 1286/1286/1286 1287/1287/1287 1288/1288/1288
f 1286/1286/1286 1288/1288/1288 1289/1289/1289
f 1289/1289/1289 1288/1288/1288 1290/1290/1290
f 1289/1289/1289 1290/1290/1290 1291/1291/1291
f 1291/1291/1291 1290/1290/1290 1292/1292/1292
f 1291/1291/1291 1292/1292/1292 1293/1293/1293
f 1293/1293/1293 1292/1292/1292 1294/1294/1294
f 1293/1293/1293 1294/1294/1294 1295/1295/1295
f 1295/1295/1295 1294/1294/1294 1296/1296/1296
f 1295/1295/1295 1296/1296/1296 1297/1297/1297
f 1297/1297/1297 1296/1296/1296 1281/1281/1281
f 1297/1297/1297 1281/1281/1281 1280/1280/1280
f 1298/1298/1298 1064/1064/1064 1067/1067/1067
f 1298/1298/1298 1067/1067/1067 1299/1299/1299
f 1299/1299/1299 1067/1067/1067 1069/1069/1069
f 1299/1299/1299 1069/1069/1069 1300/1300/1300
f 1300/1300/1300 1069/1069/1069 1071/1071/1071
f 1300/1300/1300 1071/1071/1071 1301/1301/1301
f 1301/1301/1301 1071/1071/1071 1073/1073/1073
f 1301/1301/1301 1073/1073/1073 1302/1302/1302
f 1302/1302/1302 1073/1073/1073 1075/1075/1075
f 1302/1302/1302 1075/1075/1075 1303/1303/1303
f 1303/1303/1303 1075/1075/1075 1077/1077/1077
f 1303/1303/1303 1077/1077/1077 1304/1304/1304
f 1305/1305/1305 1078/1078/1078 1081/1081/1081
f 1305/1305/1305 1081/1081/1081 1306/1306/1306
f 1306/1306/1306 1081/1081/1081 1064/1064/1064
f 1306/1306/1306 1064/1064/1064 1298/1298/1298
f 1307/1307/1307 1082/1082/1082 1085/1085/1085
f 1307/1307/1307 1085/1085/1085 1308/1308/1308
f 1308/1308/1308 1085/1085/1085 1087/1087/1087
f 1308/1308/1308 1087/1087/1087 1309/1309/1309
f 1310/1310/1310 1088/1088/1088 1091/1091/1091
f 1310/1310/1310 1091/1091/1091 1311/1311/1311
f 1311/1311/1311 1091/1091/1091 1093/1093/1093
f 1311/1311/1311 1093/1093/1093 1312/1312/1312
f 1312/1312/1312 1093/1093/1093 1095/1095/1095
f 1312/1312/1312 1095/1095/1095 1313/1313/1313
f 1313/1313/1313 1095/1095/1095 1097/1097/1097
f 1313/1313/1313 1097/1097/1097 1314/1314/1314
f 1314/1314/1314 1097/1097/1097 1099/1099/1099
f 1314/1314/1314 1099/1099/1099 1315/1315/1315
f 1315/1315/1315 1099/1099/1099 1082/1082/1082
f 1315/1315/1315 1082/1082/1082 1307/1307/1307
f 1316/1316/1316 1100/1100/1100 1103/1103/1103
f 1316/1316/1316 1103/1103/1103 1317/1317/1317
f 1317/1317/1317 1103/1103/1103 1105/1105/1105
f 1317/1317/1317 1105/1105/1105 1318/1318/1318
f 1319/1319/1319 1106/1106/1106 1109/1109/1109
f 1319/1319/1319 1109/1109/1109 1320/1320/1320
f 1320/1320/1320 1109/1109/1109 1111/1111/1111
f 1320/1320/1320 1111/1111/1111 1321/1321/1321
f 1321/1321/1321 1111/1111/1111 1113/1113/1113
f 1321/1321/1321 1113/1113/1113 1322/1322/1322
f 1322/1322/1322 1113/1113/1113 1115/1115/1115
f 1322/1322/1322 1115/1115/1115 1323/1323/1323
f 1323/1323/1323 1115/1115/1115 1117/1117/1117
f 1323/1323/1323 1117/1117/1117 1324/1324/1324
f 1324/1324/1324 1117/1117/1117 1100/1100/1100
f 1324/1324/1324 1100/1100/1100 1316/1316/1316
f 1325/1325/1325 1118/1118/1118 1121/1121/1121
f 1325/1325/1325 1121/1121/1121 1326/1326/1326
f 1326/1326/1326 1121/1121/1121 1123/1123/1123
f 1326/1326/1326 1123/1123/1123 1327/1327/1327
f 1327/1327/1327 1123/1123/1123 1125/1125/1125
f 1327/1327/1327 1125/1125/1125 1328/1328/1328
f 1329/1329/1329 1126/1126/1126 1129/1129/1129
f 1329/1329/1329 1129/1129/1129 1330/1330/1330
f 1330/1330/1330 1129/1129/1129 1131/1131/1131
f 1330/1330/1330 1131/1131/1131 1331/1331/1331
f 1331/1331/1331 1131/1131/1131 1133/1133/1133
f 1331/1331/1331 1133/1133/1133 1332/1332/1332
f 1332/1332/1332 1133/1133/1133 1135/1135/1135
f 1332/1332/1332 1135/1135/1135 1333/1333/1333
f 1333/1333/1333 1135/1135/1135 1118/1118/1118
f 1333/1333/1333 1118/1118/1118 1325/1325/1325
f 1334/1334/1334 1136/1136/1136 1139/1139/1139
f 1334/1334/1334 1139/1139/1139 1335/1335/1335
f 1335/1335/1335 1139/1139/1139 1141/1141/1141
f 1335/1335/1335 1141/1141/1141 1336/1336/1336
f 1336/1336/1336 1141/1141/1141 1143/1143/1143
f 1336/1336/1336 1143/1143/1143 1337/1337/1337
f 1337/1337/1337 1143/1143/1143 1145/1145/1145
f 1337/1337/1337 1145/1145/1145 1338/1338/1338
f 1339/1339/1339 1146/1146/1146 1149/1149/1149
f 1339/1339/1339 1149/1149/1149 1340/1340/1340
f 1340/1340/1340 1149/1149/1149 1151/1151/1151
f 1340/1340/1340 1151/1151/1151 1341/1341/1341
f 1341/1341/1341 1151/1151/1151 1153/1153/1153
f 1341/1341/1341 1153/1153/1153 1342/1342/1342
f 1342/1342/1342 1153/1153/1153 1136/1136/1136
f 1342/1342/1342 1136/1136/1136 1334/1334/1334
f 1343/1343/1343 1154/1154/1154 1157/1157/1157
f 1343/1343/1343 1157/1157/1157 1344/1344/1344
f 1344/1344/1344 1157/1157/1157 1159/1159/1159
f 1344/1344/1344 1159/1159/1159 1345/1345/1345
f 1346/1346/1346 1160/1160/1160 1163/1163/1163
f 1346/1346/1346 1163/1163/1163 1347/1347/1347
f 1347/1347/1347 1163/1163/1163 1165/1165/1165
f 1347/1347/1347 1165/1165/1165 1348/1348/1348
f 1348/1348/1348 1165/1165/1165 1167/1167/1167
f 1348/1348/1348 1167/1167/1167 1349/1349/1349
f 1349/1349/1349 1167/1167/1167 1169/1169/1169
f 1349/1349/1349 1169/1169/1169 1350/1350/1350
f 1350/1350/1350 1169/1169/1169 1171/1171/1171
f 1350/1350/1350 1171/1171/1171 1351/1351/1351
f 1351/1351/1351 1171/1171/1171 1154/1154/1154
f 1351/1351/1351 1154/1154/1154 1343/1343/1343
f 1352/1352/1352 1172/1172/1172 1175/1175/1175
f 1352/1352/1352 1175/1175/1175 1353/1353/1353
f 1353/1353/1353 1175/1175/1175 1177/1177/1177
f 1353/1353/1353 1177/1177/1177 1354/1354/1354
f 1354/1354/1354 1177/1177/1177 1179/1179/1179
f 1354/1354/1354 1179/1179/1179 1355/1355/1355
f 1355/1355/1355 1179/1179/1179 1181/1181/1181
f 1355/1355/1355 1181/1181/1181 1356/1356/1356
f 1356/1356/1356 1181/1181/1181 1183/1183/1183
f 1356/1356/1356 1183/1183/1183 1357/1357/1357
f 1357/1357/1357 1183/1183/1183 1185/1185/1185
f 1357/1357/1357 1185/1185/1185 1358/1358/1358
f 1359/1359/1359 1186/1186/1186 1189/1189/1189
f 1359/1359/1359 1189/1189/1189 1360/1360/1360
f 1360/1360/1360 1189/1189/1189 1172/1172/1172
f 1360/1360/1360 1172/1172/1172 1352/1352/1352
f 1361/1361/1361 1190/1190/1190 1193/1193/1193
f 1361/1361/1361 1193/1193/1193 1362/1362/1362
f 1363/1363/1363 1194/1194/1194 1197/1197/1197
f 1363/1363/1363 1197/1197/1197 1364/1364/1364
f 1364/1364/1364 1197/1197/1197 1198/1198/1198
f 1364/1364/1364 1198/1198/1198 1365/1365/1365
f 1365/1365/1365 1198/1198/1198 1201/1201/1201
f 1365/1365/1365 1201/1201/1201 1366/1366/1366
f 1366/1366/1366 1201/1201/1201 1203/1203/1203
f 1366/1366/1366 1203/1203/1203 1367/1367/1367
f 1367/1367/1367 1203/1203/1203 1205/1205/1205
f 1367/1367/1367 1205/1205/1205 1368/1368/1368
f 1368/1368/1368 1205/1205/1205 1207/1207/1207
f 1368/1368/1368 1207/1207/1207 1369/1369/1369
f 1369/1369/1369 1207/1207/1207 1190/1190/1190
f 1369/1369/1369 1190/1190/1190 1361/1361/1361
f 1370/1370/1370 1208/1208/1208 1211/1211/1211
f 1370/1370/1370 1211/1211/1211 1371/1371/1371
f 1371/1371/1371 1211/1211/1211 1213/1213/1213
f 1371/1371/1371 1213/1213/1213 1372/1372/1372
f 1372/1372/1372 1213/1213/1213 1215/1215/1215
f 1372/1372/1372 1215/1215/1215 1373/1373/1373
f 1373/1373/1373 1215/1215/1215 1217/1217/1217
f 1373/1373/1373 1217/1217/1217 1374/1374/1374
f 1374/1374/1374 1217/1217/1217 1219/1219/1219
f 1374/1374/1374 1219/1219/1219 1375/1375/1375
f 1376/1376/1376 1220/1220/1220 1223/1223/1223
f 1376/1376/1376 1223/1223/1223 1377/1377/1377
f 1377/1377/1377 1223/1223/1223 1225/1225/1225
f 1377/1377/1377 1225/1225/1225 1378/1378/1378
f 1378/1378/1378 1225/1225/1225 1208/1208/1208
f 1378/1378/1378 1208/1208/1208 1370/1370/1370
f 1379/1379/1379 1226/1226/1226 1229/1229/1229
f 1379/1379/1379 1229/1229/1229 1380/1380/1380
f 1380/1380/1380 1229/1229/1229 1231/1231/1231
f 1380/1380/1380 1231/1231/1231 1381/1381/1381
f 1381/1381/1381 1231/1231/1231 1233/1233/1233
f 1381/1381/1381 1233/1233/1233 1382/1382/1382
f 1382/1382/1382 1233/1233/1233 1235/1235/1235
f 1382/1382/1382 1235/1235/1235 1383/1383/1383
f 1383/1383/1383 1235/1235/1235 1237/1237/1237
f 1383/1383/1383 1237/1237/1237 1384/1384/1384
f 1384/1384/1384 1237/1237/1237 1239/1239/1239
f 1384/1384/1384 1239/1239/1239 1385/1385/1385
f 1385/1385/1385 1239/1239/1239 1241/1241/1241
f 1385/1385/1385 1241/1241/1241 1386/1386/1386
f 1386/1386/1386 1241/1241/1241 1243/1243/1243
f 1386/1386/1386 1243/1243/1243 1387/1387/1387
f 1388/1388/1388 1244/1244/1244 1247/1247/1247
f 1388/1388/1388 1247/1247/1247 1389/1389/1389
f 1389/1389/1389 1247/1247/1247 1249/1249/1249
f 1389/1389/1389 1249/1249/1249 1390/1390/1390
f 1391/1391/1391 1250/1250/1250 1253/1253/1253
f 1391/1391/1391 1253/1253/1253 1392/1392/1392
f 1392/1392/1392 1253/1253/1253 1255/1255/1255
f 1392/1392/1392 1255/1255/1255 1393/1393/1393
f 1393/1393/1393 1255/1255/1255 1257/1257/1257
f 1393/1393/1393 1257/1257/1257 1394/1394/1394
f 1394/1394/1394 1257/1257/1257 1259/1259/1259
f 1394/1394/1394 1259/1259/1259 1395/1395/1395
f 1395/1395/1395 1259/1259/1259 1261/1261/1261
f 1395/1395/1395 1261/1261/1261 1396/1396/1396
f 1396/1396/1396 1261/1261/1261 1244/1244/1244
f 1396/1396/1396 1244/1244/1244 1388/1388/1388
f 1397/1397/1397 1262/1262/1262 1265/1265/1265
f 1397/1397/1397 1265/1265/1265 1398/1398/1398
f 1398/1398/1398 1265/1265/1265 1267/1267/1267
f 1398/1398/1398 1267/1267/1267 1399/1399/1399
f 1399/1399/1399 1267/1267/1267 1269/1269/1269
f 1399/1399/1399 1269/1269/1269 1400/1400/1400
f 1400/1400/1400 1269/1269/1269 1271/1271/1271
f 1400/1400/1400 1271/1271/1271 1401/1401/1401
f 1402/1402/1402 1272/1272/1272 1275/1275/1275
f 1402/1402/1402 1275/1275/1275 1403/1403/1403
f 1403/1403/1403 1275/1275/1275 1277/1277/1277
f 1403/1403/1403 1277/1277/1277 1404/1404/1404
f 1404/1404/1404 1277/1277/1277 1279/1279/1279
f 1404/1404/1404 1279/1279/1279 1405/1405/1405
f 1405/1405/1405 1279/1279/1279 1262/1262/1262
f 1405/1405/1405 1262/1262/1262 1397/1397/1397
f 1406/1406/1406 1280/1280/1280 1283/1283/1283
f 1406/1406/1406 1283/1283/1283 1407/1407/1407
f 1407/1407/1407 1283/1283/1283 1285/1285/1285
f 1407/1407/1407 1285/1285/1285 1408/1408/1408
f 1409/1409/1409 1286/1286/1286 1289/1289/1289
f 1409/1409/1409 1289/1289/1289 1410/1410/1410
f 1410/1410/1410 1289/1289/1289 1291/1291/1291
f 1410/1410/1410 1291/1291/1291 1411/1411/1411
f 1411/1411/1411 1291/1291/1291 1293/1293/1293
f 1411/1411/1411 1293/1293/1293 1412/1412/1412
f 1412/1412/1412 1293/1293/1293 1295/1295/1295
f 1412/1412/1412 1295/1295/1295 1413/1413/1413
f 1413/1413/1413 1295/1295/1295 1297/1297/1297
f 1413/1413/1413 1297/1297/1297 1414/1414/1414
f 1414/1414/1414 1297/1297/1297 1280/1280/1280
f 1414/1414/1414 1280/1280/1280 1406/1406/1406
f 1415/1415/1415 1416/1416/1416 541/541/541
f 1415/1415/1415 541/541/541 540/540/540
f 120/120/120 1417/1417/1417 1418/1418/1418
f 120/120/120 1418/1418/1418 1419/1419/1419
f 1420/1420/1420 1421/1421/1421 1422/1422/1422
f 1420/1420/1420 1422/1422/1422 1423/1423/1423
f 1424/1424/1424 1425/1425/1425 1426/1426/1426
f 1424/1424/1424 1426/1426/1426 1427/1427/1427
f 1428/1428/1428 1429/1429/1429 1430/1430/1430
f 1428/1428/1428 1430/1430/1430 1431/1431/1431
f 119/119/119 1432/1432/1432 1433/1433/1433
f 119/119/119 1433/1433/1433 1434/1434/1434
f 120/120/120 119/119/119 1434/1434/1434
f 120/120/120 1434/1434/1434 1417/1417/1417
f 1435/1435/1435 1436/1436/1436 1437/1437/1437
f 1435/1435/1435 1437/1437/1437 1438/1438/1438
f 1420/1420/1420 1439/1439/1439 1440/1440/1440
f 1420/1420/1420 1440/1440/1440 1421/1421/1421
f 1440/1440/1440 1439/1439/1439 1441/1441/1441
f 1440/1440/1440 1441/1441/1441 1442/1442/1442
f 1443/1443/1443 1444/1444/1444 1445/1445/1445
f 1443/1443/1443 1445/1445/1445 1446/1446/1446
f 1444/1444/1444 1447/1447/1447 1448/1448/1448
f 1444/1444/1444 1448/1448/1448 1445/1445/1445
f 1449/1449/1449 1450/1450/1450 1451/1451/1451
f 1449/1449/1449 1451/1451/1451 1452/1452/1452
f 1450/1450/1450 1424/1424/1424 1427/1427/1427
f 1450/1450/1450 1427/1427/1427 1451/1451/1451
f 1453/1453/1453 121/121/121 120/120/120
f 1453/1453/1453 120/120/120 1419/1419/1419
f 1453/1453/1453 1419/1419/1419 1430/1430/1430
f 1453/1453/1453 1430/1430/1430 1429/1429/1429
f 1436/1436/1436 1454/1454/1454 1455/1455/1455
f 1436/1436/1436 1455/1455/1455 1437/1437/1437
f 1454/1454/1454 1420/1420/1420 1423/1423/1423
f 1454/1454/1454 1423/1423/1423 1455/1455/1455
f 1447/1447/1447 1456/1456/1456 1457/1457/1457
f 1447/1447/1447 1457/1457/1457 1448/1448/1448
f 1458/1458/1458 1449/1449/1449 1452/1452/1452
f 1458/1458/1458 1452/1452/1452 1459/1459/1459
f 1432/1432/1432 1460/1460/1460 1461/1461/1461
f 1432/1432/1432 1461/1461/1461 1433/1433/1433
f 1462/1462/1462 1463/1463/1463 1442/1442/1442
f 1462/1462/1462 1442/1442/1442 1441/1441/1441
f 892/892/892 1464/1464/1464 880/880/880
f 892/892/892 880/880/880 881/881/881
f 1465/1465/1465 890/890/890 889/889/889
f 1465/1465/1465 889/889/889 896/896/896
f 1466/1466/1466 689/689/689 692/692/692
f 1466/1466/1466 692/692/692 695/695/695
f 733/733/733 1467/1467/1467 748/748/748
f 733/733/733 748/748/748 744/744/744
f 752/752/752 1468/1468/1468 764/764/764
f 752/752/752 764/764/764 749/749/749
f 765/765/765 1469/1469/1469 780/780/780
f 765/765/765 780/780/780 776/776/776
f 1470/1470/1470 1471/1471/1471 1472/1472/1472
f 1470/1470/1470 1472/1472/1472 1460/1460/1460
f 1473/1473/1473 1474/1474/1474 1475/1475/1475
f 1473/1473/1473 1475/1475/1475 1476/1476/1476
f 1477/1477/1477 1478/1478/1478 1479/1479/1479
f 1477/1477/1477 1479/1479/1479 1480/1480/1480
f 1474/1474/1474 1481/1481/1481 1482/1482/1482
f 1474/1474/1474 1482/1482/1482 1475/1475/1475
f 1478/1478/1478 1474/1474/1474 1473/1473/1473
f 1478/1478/1478 1473/1473/1473 1479/1479/1479
f 1474/1474/1474 1478/1478/1478 1483/1483/1483
f 1474/1474/1474 1483/1483/1483 1481/1481/1481
f 1478/1478/1478 1477/1477/1477 1484/1484/1484
f 1478/1478/1478 1484/1484/1484 1483/1483/1483
f 1485/1485/1485 1486/1486/1486 1456/1456/1456
f 1485/1485/1485 1456/1456/1456 1447/1447/1447
f 676/676/676 1487/1487/1487 1488/1488/1488
f 676/676/676 1488/1488/1488 674/674/674
f 1489/1489/1489 1485/1485/1485 1447/1447/1447
f 1489/1489/1489 1447/1447/1447 1444/1444/1444
f 1487/1487/1487 1485/1485/1485 1489/1489/1489
f 1487/1487/1487 1489/1489/1489 1488/1488/1488
f 1485/1485/1485 1487/1487/1487 1490/1490/1490
f 1485/1485/1485 1490/1490/1490 1486/1486/1486
f 1487/1487/1487 676/676/676 678/678/678
f 1487/1487/1487 678/678/678 1490/1490/1490
f 1491/1491/1491 1492/1492/1492 1425/1425/1425
f 1491/1491/1491 1425/1425/1425 1424/1424/1424
f 686/686/686 1493/1493/1493 1494/1494/1494
f 686/686/686 1494/1494/1494 684/684/684
f 1495/1495/1495 1491/1491/1491 1424/1424/1424
f 1495/1495/1495 1424/1424/1424 1450/1450/1450
f 1493/1493/1493 1491/1491/1491 1495/1495/1495
f 1493/1493/1493 1495/1495/1495 1494/1494/1494
f 1491/1491/1491 1493/1493/1493 1496/1496/1496
f 1491/1491/1491 1496/1496/1496 1492/1492/1492
f 1493/1493/1493 686/686/686 688/688/688
f 1493/1493/1493 688/688/688 1496/1496/1496
f 1497/1497/1497 1495/1495/1495 1450/1450/1450
f 1497/1497/1497 1450/1450/1450 1449/1449/1449
f 682/682/682 1498/1498/1498 1499/1499/1499
f 682/682/682 1499/1499/1499 679/679/679
f 1500/1500/1500 1497/1497/1497 1449/1449/1449
f 1500/1500/1500 1449/1449/1449 1458/1458/1458
f 1498/1498/1498 1497/1497/1497 1500/1500/1500
f 1498/1498/1498 1500/1500/1500 1499/1499/1499
f 1497/1497/1497 1498/1498/1498 1494/1494/1494
f 1497/1497/1497 1494/1494/1494 1495/1495/1495
f 1498/1498/1498 682/682/682 684/684/684
f 1498/1498/1498 684/684/684 1494/1494/1494
f 1501/1501/1501 1489/1489/1489 1444/1444/1444
f 1501/1501/1501 1444/1444/1444 1443/1443/1443
f 1501/1501/1501 1502/1502/1502 1488/1488/1488
f 1501/1501/1501 1488/1488/1488 1489/1489/1489
f 1502/1502/1502 671/671/671 674/674/674
f 1502/1502/1502 674/674/674 1488/1488/1488
f 1471/1471/1471 123/123/123 1503/1503/1503
f 1471/1471/1471 1503/1503/1503 1472/1472/1472
f 187/187/187 124/124/124 1504/1504/1504
f 187/187/187 1504/1504/1504 1505/1505/1505
f 189/189/189 122/122/122 124/124/124
f 189/189/189 124/124/124 187/187/187
f 1506/1506/1506 697/697/697 700/700/700
f 1506/1506/1506 700/700/700 1507/1507/1507
f 697/697/697 1506/1506/1506 714/714/714
f 697/697/697 714/714/714 710/710/710
f 123/123/123 1508/1508/1508 1509/1509/1509
f 123/123/123 1509/1509/1509 1503/1503/1503
f 124/124/124 123/123/123 1471/1471/1471
f 124/124/124 1471/1471/1471 1504/1504/1504
f 123/123/123 122/122/122 1510/1510/1510
f 123/123/123 1510/1510/1510 1508/1508/1508
f 1508/1508/1508 125/125/125 1511/1511/1511
f 1508/1508/1508 1511/1511/1511 1509/1509/1509
f 126/126/126 192/192/192 191/191/191
f 126/126/126 191/191/191 127/127/127
f 702/702/702 1512/1512/1512 1507/1507/1507
f 702/702/702 1507/1507/1507 700/700/700
f 1512/1512/1512 702/702/702 704/704/704
f 1512/1512/1512 704/704/704 711/711/711
f 126/126/126 125/125/125 1508/1508/1508
f 126/126/126 1508/1508/1508 1510/1510/1510
f 125/125/125 129/129/129 1513/1513/1513
f 125/125/125 1513/1513/1513 1511/1511/1511
f 184/184/184 130/130/130 127/127/127
f 184/184/184 127/127/127 191/191/191
f 186/186/186 128/128/128 130/130/130
f 186/186/186 130/130/130 184/184/184
f 1514/1514/1514 715/715/715 718/718/718
f 1514/1514/1514 718/718/718 1515/1515/1515
f 715/715/715 1514/1514/1514 732/732/732
f 715/715/715 732/732/732 728/728/728
f 129/129/129 1516/1516/1516 1517/1517/1517
f 129/129/129 1517/1517/1517 1513/1513/1513
f 130/130/130 129/129/129 125/125/125
f 130/130/130 125/125/125 127/127/127
f 129/129/129 128/128/128 1518/1518/1518
f 129/129/129 1518/1518/1518 1516/1516/1516
f 1516/1516/1516 131/131/131 1519/1519/1519
f 1516/1516/1516 1519/1519/1519 1517/1517/1517
f 133/133/133 182/182/182 1480/1480/1480
f 133/133/133 1480/1480/1480 1479/1479/1479
f 720/720/720 1520/1520/1520 1515/1515/1515
f 720/720/720 1515/1515/1515 718/718/718
f 132/132/132 183/183/183 182/182/182
f 132/132/132 182/182/182 133/133/133
f 1520/1520/1520 720/720/720 722/722/722
f 1520/1520/1520 722/722/722 729/729/729
f 131/131/131 1473/1473/1473 1476/1476/1476
f 131/131/131 1476/1476/1476 1519/1519/1519
f 132/132/132 131/131/131 1516/1516/1516
f 132/132/132 1516/1516/1516 1518/1518/1518
f 131/131/131 133/133/133 1479/1479/1479
f 131/131/131 1479/1479/1479 1473/1473/1473
f 1521/1521/1521 134/134/134 1522/1522/1522
f 1521/1521/1521 1522/1522/1522 1523/1523/1523
f 136/136/136 169/169/169 1524/1524/1524
f 136/136/136 1524/1524/1524 1525/1525/1525
f 135/135/135 170/170/170 169/169/169
f 135/135/135 169/169/169 136/136/136
f 754/754/754 1526/1526/1526 1468/1468/1468
f 754/754/754 1468/1468/1468 752/752/752
f 1526/1526/1526 754/754/754 756/756/756
f 1526/1526/1526 756/756/756 761/761/761
f 134/134/134 1527/1527/1527 1528/1528/1528
f 134/134/134 1528/1528/1528 1522/1522/1522
f 135/135/135 134/134/134 1521/1521/1521
f 135/135/135 1521/1521/1521 1529/1529/1529
f 134/134/134 136/136/136 1525/1525/1525
f 134/134/134 1525/1525/1525 1527/1527/1527
f 138/138/138 166/166/166 163/163/163
f 138/138/138 163/163/163 139/139/139
f 768/768/768 1530/1530/1530 1469/1469/1469
f 768/768/768 1469/1469/1469 765/765/765
f 1530/1530/1530 768/768/768 770/770/770
f 1530/1530/1530 770/770/770 777/777/777
f 162/162/162 141/141/141 139/139/139
f 162/162/162 139/139/139 163/163/163
f 1531/1531/1531 781/781/781 784/784/784
f 1531/1531/1531 784/784/784 1532/1532/1532
f 781/781/781 1531/1531/1531 790/790/790
f 781/781/781 790/790/790 788/788/788
f 1527/1527/1527 137/137/137 1533/1533/1533
f 1527/1527/1527 1533/1533/1533 1528/1528/1528
f 138/138/138 137/137/137 1527/1527/1527
f 138/138/138 1527/1527/1527 1525/1525/1525
f 137/137/137 140/140/140 1534/1534/1534
f 137/137/137 1534/1534/1534 1533/1533/1533
f 141/141/141 140/140/140 137/137/137
f 141/141/141 137/137/137 139/139/139
f 236/236/236 238/238/238 140/140/140
f 236/236/236 140/140/140 142/142/142
f 1481/1481/1481 143/143/143 1535/1535/1535
f 1481/1481/1481 1535/1535/1535 1482/1482/1482
f 145/145/145 172/172/172 1536/1536/1536
f 145/145/145 1536/1536/1536 1529/1529/1529
f 144/144/144 173/173/173 172/172/172
f 144/144/144 172/172/172 145/145/145
f 736/736/736 1537/1537/1537 1467/1467/1467
f 736/736/736 1467/1467/1467 733/733/733
f 1537/1537/1537 736/736/736 738/738/738
f 1537/1537/1537 738/738/738 745/745/745
f 143/143/143 1521/1521/1521 1523/1523/1523
f 143/143/143 1523/1523/1523 1535/1535/1535
f 144/144/144 143/143/143 1481/1481/1481
f 144/144/144 1481/1481/1481 1483/1483/1483
f 143/143/143 145/145/145 1529/1529/1529
f 143/143/143 1529/1529/1529 1521/1521/1521
f 1037/1037/1037 1538/1538/1538 1539/1539/1539
f 1037/1037/1037 1539/1539/1539 1038/1038/1038
f 1540/1540/1540 1012/1012/1012 1011/1011/1011
f 1540/1540/1540 1011/1011/1011 1541/1541/1541
f 146/146/146 1006/1006/1006 1005/1005/1005
f 146/146/146 1005/1005/1005 1542/1542/1542
f 146/146/146 148/148/148 1022/1022/1022
f 146/146/146 1022/1022/1022 1006/1006/1006
f 1039/1039/1039 147/147/147 1543/1543/1543
f 1039/1039/1039 1543/1543/1543 1040/1040/1040
f 148/148/148 147/147/147 1039/1039/1039
f 148/148/148 1039/1039/1039 1048/1048/1048
f 1544/1544/1544 1545/1545/1545 1546/1546/1546
f 1544/1544/1544 1546/1546/1546 1547/1547/1547
f 1041/1041/1041 1548/1548/1548 1549/1549/1549
f 1041/1041/1041 1549/1549/1549 1042/1042/1042
f 1540/1540/1540 1548/1548/1548 1041/1041/1041
f 1540/1540/1540 1041/1041/1041 1012/1012/1012
f 1545/1545/1545 1548/1548/1548 1540/1540/1540
f 1545/1545/1545 1540/1540/1540 1538/1538/1538
f 1545/1545/1545 985/985/985 984/984/984
f 1545/1545/1545 984/984/984 1546/1546/1546
f 1545/1545/1545 1538/1538/1538 1037/1037/1037
f 1545/1545/1545 1037/1037/1037 985/985/985
f 1538/1538/1538 1550/1550/1550 1551/1551/1551
f 1538/1538/1538 1551/1551/1551 1539/1539/1539
f 147/147/147 1552/1552/1552 1553/1553/1553
f 147/147/147 1553/1553/1553 1543/1543/1543
f 1550/1550/1550 146/146/146 1542/1542/1542
f 1550/1550/1550 1542/1542/1542 1551/1551/1551
f 1552/1552/1552 1550/1550/1550 1538/1538/1538
f 1552/1552/1552 1538/1538/1538 1540/1540/1540
f 1550/1550/1550 1552/1552/1552 147/147/147
f 1550/1550/1550 147/147/147 146/146/146
f 1552/1552/1552 1540/1540/1540 1541/1541/1541
f 1552/1552/1552 1541/1541/1541 1553/1553/1553
f 1554/1554/1554 1555/1555/1555 1044/1044/1044
f 1554/1554/1554 1044/1044/1044 165/165/165
f 1554/1554/1554 1544/1544/1544 1547/1547/1547
f 1554/1554/1554 1547/1547/1547 1555/1555/1555
f 1199/1199/1199 1198/1198/1198 1197/1197/1197
f 1199/1199/1199 1197/1197/1197 1196/1196/1196
f 1548/1548/1548 1556/1556/1556 1557/1557/1557
f 1548/1548/1548 1557/1557/1557 1549/1549/1549
f 1544/1544/1544 1556/1556/1556 1548/1548/1548
f 1544/1544/1544 1548/1548/1548 1545/1545/1545
f 151/151/151 150/150/150 100/100/100
f 151/151/151 100/100/100 1043/1043/1043
f 150/150/150 1556/1556/1556 1544/1544/1544
f 150/150/150 1544/1544/1544 1554/1554/1554
f 1556/1556/1556 150/150/150 149/149/149
f 1556/1556/1556 149/149/149 1557/1557/1557
f 155/155/155 157/157/157 1036/1036/1036
f 155/155/155 1036/1036/1036 1558/1558/1558
f 154/154/154 155/155/155 1558/1558/1558
f 154/154/154 1558/1558/1558 1007/1007/1007
f 153/153/153 152/152/152 1029/1029/1029
f 153/153/153 1029/1029/1029 1559/1559/1559
f 1034/1034/1034 153/153/153 1559/1559/1559
f 1034/1034/1034 1559/1559/1559 1035/1035/1035
f 115/115/115 1052/1052/1052 1034/1034/1034
f 115/115/115 1034/1034/1034 1032/1032/1032
f 157/157/157 156/156/156 999/999/999
f 157/157/157 999/999/999 986/986/986
f 156/156/156 1052/1052/1052 995/995/995
f 156/156/156 995/995/995 999/999/999
f 156/156/156 153/153/153 1034/1034/1034
f 156/156/156 1034/1034/1034 1052/1052/1052
f 153/153/153 156/156/156 155/155/155
f 153/153/153 155/155/155 154/154/154
f 1464/1464/1464 830/830/830 829/829/829
f 1464/1464/1464 829/829/829 880/880/880
f 1464/1464/1464 1465/1465/1465 826/826/826
f 1464/1464/1464 826/826/826 830/830/830
f 1465/1465/1465 1464/1464/1464 892/892/892
f 1465/1465/1465 892/892/892 890/890/890
f 1465/1465/1465 896/896/896 823/823/823
f 1465/1465/1465 823/823/823 826/826/826
f 1560/1560/1560 784/784/784 783/783/783
f 1560/1560/1560 783/783/783 1561/1561/1561
f 1562/1562/1562 1563/1563/1563 582/582/582
f 1562/1562/1562 582/582/582 581/581/581
f 1564/1564/1564 1565/1565/1565 672/672/672
f 1564/1564/1564 672/672/672 671/671/671
f 1562/1562/1562 1566/1566/1566 1567/1567/1567
f 1562/1562/1562 1567/1567/1567 1563/1563/1563
f 1566/1566/1566 1568/1568/1568 1569/1569/1569
f 1566/1566/1566 1569/1569/1569 1567/1567/1567
f 1568/1568/1568 1570/1570/1570 1571/1571/1571
f 1568/1568/1568 1571/1571/1571 1569/1569/1569
f 1570/1570/1570 1572/1572/1572 1573/1573/1573
f 1570/1570/1570 1573/1573/1573 1571/1571/1571
f 1572/1572/1572 1574/1574/1574 1575/1575/1575
f 1572/1572/1572 1575/1575/1575 1573/1573/1573
f 1574/1574/1574 1576/1576/1576 1577/1577/1577
f 1574/1574/1574 1577/1577/1577 1575/1575/1575
f 1576/1576/1576 160/160/160 159/159/159
f 1576/1576/1576 159/159/159 1577/1577/1577
f 158/158/158 51/51/51 53/53/53
f 158/158/158 53/53/53 159/159/159
f 1578/1578/1578 1579/1579/1579 1580/1580/1580
f 1578/1578/1578 1580/1580/1580 1581/1581/1581
f 1582/1582/1582 1583/1583/1583 1584/1584/1584
f 1582/1582/1582 1584/1584/1584 1585/1585/1585
f 1583/1583/1583 1586/1586/1586 1587/1587/1587
f 1583/1583/1583 1587/1587/1587 1584/1584/1584
f 1586/1586/1586 565/565/565 568/568/568
f 1586/1586/1586 568/568/568 1587/1587/1587
f 1588/1588/1588 1589/1589/1589 688/688/688
f 1588/1588/1588 688/688/688 687/687/687
f 248/248/248 250/250/250 1590/1590/1590
f 248/248/248 1590/1590/1590 1591/1591/1591
f 1578/1578/1578 1592/1592/1592 1593/1593/1593
f 1578/1578/1578 1593/1593/1593 1579/1579/1579
f 250/250/250 1594/1594/1594 1595/1595/1595
f 250/250/250 1595/1595/1595 1590/1590/1590
f 1594/1594/1594 1596/1596/1596 1597/1597/1597
f 1594/1594/1594 1597/1597/1597 1595/1595/1595
f 1596/1596/1596 1582/1582/1582 1585/1585/1585
f 1596/1596/1596 1585/1585/1585 1597/1597/1597
f 1598/1598/1598 668/668/668 670/670/670
f 1598/1598/1598 670/670/670 1599/1599/1599
f 1598/1598/1598 1600/1600/1600 1601/1601/1601
f 1598/1598/1598 1601/1601/1601 1602/1602/1602
f 1600/1600/1600 1598/1598/1598 1599/1599/1599
f 1600/1600/1600 1599/1599/1599 1603/1603/1603
f 668/668/668 1598/1598/1598 1602/1602/1602
f 668/668/668 1602/1602/1602 666/666/666
f 660/660/660 1604/1604/1604 1605/1605/1605
f 660/660/660 1605/1605/1605 658/658/658
f 1604/1604/1604 660/660/660 662/662/662
f 1604/1604/1604 662/662/662 1606/1606/1606
f 1607/1607/1607 1604/1604/1604 1606/1606/1606
f 1607/1607/1607 1606/1606/1606 1608/1608/1608
f 1604/1604/1604 1607/1607/1607 1609/1609/1609
f 1604/1604/1604 1609/1609/1609 1605/1605/1605
f 1610/1610/1610 652/652/652 654/654/654
f 1610/1610/1610 654/654/654 1611/1611/1611
f 652/652/652 1610/1610/1610 1612/1612/1612
f 652/652/652 1612/1612/1612 649/649/649
f 1610/1610/1610 1613/1613/1613 1614/1614/1614
f 1610/1610/1610 1614/1614/1614 1612/1612/1612
f 1613/1613/1613 1610/1610/1610 1611/1611/1611
f 1613/1613/1613 1611/1611/1611 1615/1615/1615
f 664/664/664 1616/1616/1616 1606/1606/1606
f 664/664/664 1606/1606/1606 662/662/662
f 1616/1616/1616 664/664/664 666/666/666
f 1616/1616/1616 666/666/666 1602/1602/1602
f 1617/1617/1617 1616/1616/1616 1602/1602/1602
f 1617/1617/1617 1602/1602/1602 1601/1601/1601
f 1616/1616/1616 1617/1617/1617 1608/1608/1608
f 1616/1616/1616 1608/1608/1608 1606/1606/1606
f 1618/1618/1618 656/656/656 658/658/658
f 1618/1618/1618 658/658/658 1605/1605/1605
f 1618/1618/1618 1619/1619/1619 1615/1615/1615
f 1618/1618/1618 1615/1615/1615 1611/1611/1611
f 656/656/656 1618/1618/1618 1611/1611/1611
f 656/656/656 1611/1611/1611 654/654/654
f 1619/1619/1619 1618/1618/1618 1605/1605/1605
f 1619/1619/1619 1605/1605/1605 1609/1609/1609
f 1425/1425/1425 1428/1428/1428 1431/1431/1431
f 1425/1425/1425 1431/1431/1431 1426/1426/1426
f 1492/1492/1492 1620/1620/1620 1428/1428/1428
f 1492/1492/1492 1428/1428/1428 1425/1425/1425
f 1462/1462/1462 1443/1443/1443 1446/1446/1446
f 1462/1462/1462 1446/1446/1446 1463/1463/1463
f 1621/1621/1621 1501/1501/1501 1443/1443/1443
f 1621/1621/1621 1443/1443/1443 1462/1462/1462
f 1622/1622/1622 1623/1623/1623 599/599/599
f 1622/1622/1622 599/599/599 598/598/598
f 1624/1624/1624 1623/1623/1623 623/623/623
f 1624/1624/1624 623/623/623 620/620/620
f 1623/1623/1623 1622/1622/1622 635/635/635
f 1623/1623/1623 635/635/635 623/623/623
f 1625/1625/1625 1626/1626/1626 633/633/633
f 1625/1625/1625 633/633/633 632/632/632
f 1625/1625/1625 1622/1622/1622 598/598/598
f 1625/1625/1625 598/598/598 602/602/602
f 1622/1622/1622 1625/1625/1625 632/632/632
f 1622/1622/1622 632/632/632 635/635/635
f 1626/1626/1626 1625/1625/1625 602/602/602
f 1626/1626/1626 602/602/602 601/601/601
f 1627/1627/1627 1626/1626/1626 601/601/601
f 1627/1627/1627 601/601/601 606/606/606
f 633/633/633 1626/1626/1626 1627/1627/1627
f 633/633/633 1627/1627/1627 637/637/637
f 1628/1628/1628 1629/1629/1629 610/610/610
f 1628/1628/1628 610/610/610 609/609/609
f 1628/1628/1628 1630/1630/1630 619/619/619
f 1628/1628/1628 619/619/619 626/626/626
f 1629/1629/1629 1628/1628/1628 626/626/626
f 1629/1629/1629 626/626/626 628/628/628
f 1629/1629/1629 1631/1631/1631 616/616/616
f 1629/1629/1629 616/616/616 610/610/610
f 1631/1631/1631 1632/1632/1632 617/617/617
f 1631/1631/1631 617/617/617 616/616/616
f 1631/1631/1631 629/629/629 639/639/639
f 1631/1631/1631 639/639/639 1632/1632/1632
f 1631/1631/1631 1629/1629/1629 628/628/628
f 1631/1631/1631 628/628/628 629/629/629
f 1623/1623/1623 1624/1624/1624 613/613/613
f 1623/1623/1623 613/613/613 599/599/599
f 1624/1624/1624 1630/1630/1630 611/611/611
f 1624/1624/1624 611/611/611 613/613/613
f 1630/1630/1630 1624/1624/1624 620/620/620
f 1630/1630/1630 620/620/620 619/619/619
f 1630/1630/1630 1628/1628/1628 609/609/609
f 1630/1630/1630 609/609/609 611/611/611
f 1633/1633/1633 161/161/161 164/164/164
f 1633/1633/1633 164/164/164 1003/1003/1003
f 162/162/162 161/161/161 1633/1633/1633
f 162/162/162 1633/1633/1633 1634/1634/1634
f 168/168/168 1635/1635/1635 1636/1636/1636
f 168/168/168 1636/1636/1636 1524/1524/1524
f 168/168/168 150/150/150 1554/1554/1554
f 168/168/168 1554/1554/1554 1635/1635/1635
f 1635/1635/1635 1554/1554/1554 165/165/165
f 1635/1635/1635 165/165/165 161/161/161
f 1636/1636/1636 1635/1635/1635 161/161/161
f 1636/1636/1636 161/161/161 166/166/166
f 169/169/169 167/167/167 168/168/168
f 169/169/169 168/168/168 1524/1524/1524
f 1637/1637/1637 1638/1638/1638 973/973/973
f 1637/1637/1637 973/973/973 101/101/101
f 1638/1638/1638 171/171/171 174/174/174
f 1638/1638/1638 174/174/174 973/973/973
f 1638/1638/1638 1536/1536/1536 172/172/172
f 1638/1638/1638 172/172/172 171/171/171
f 1638/1638/1638 1637/1637/1637 1639/1639/1639
f 1638/1638/1638 1639/1639/1639 1536/1536/1536
f 1637/1637/1637 101/101/101 100/100/100
f 1637/1637/1637 100/100/100 167/167/167
f 1639/1639/1639 1637/1637/1637 167/167/167
f 1639/1639/1639 167/167/167 170/170/170
f 180/180/180 1640/1640/1640 962/962/962
f 180/180/180 962/962/962 175/175/175
f 1640/1640/1640 180/180/180 176/176/176
f 1640/1640/1640 176/176/176 1484/1484/1484
f 1640/1640/1640 178/178/178 177/177/177
f 1640/1640/1640 177/177/177 962/962/962
f 1477/1477/1477 178/178/178 1640/1640/1640
f 1477/1477/1477 1640/1640/1640 1484/1484/1484
f 178/178/178 1641/1641/1641 1053/1053/1053
f 178/178/178 1053/1053/1053 179/179/179
f 1641/1641/1641 1480/1480/1480 182/182/182
f 1641/1641/1641 182/182/182 181/181/181
f 1480/1480/1480 1641/1641/1641 178/178/178
f 1480/1480/1480 178/178/178 1477/1477/1477
f 1641/1641/1641 181/181/181 105/105/105
f 1641/1641/1641 105/105/105 1053/1053/1053
f 181/181/181 183/183/183 1642/1642/1642
f 181/181/181 1642/1642/1642 1643/1643/1643
f 181/181/181 1643/1643/1643 1054/1054/1054
f 181/181/181 1054/1054/1054 105/105/105
f 1643/1643/1643 1642/1642/1642 186/186/186
f 1643/1643/1643 186/186/186 185/185/185
f 1643/1643/1643 185/185/185 108/108/108
f 1643/1643/1643 108/108/108 1054/1054/1054
f 185/185/185 184/184/184 191/191/191
f 185/185/185 191/191/191 190/190/190
f 190/190/190 1644/1644/1644 111/111/111
f 190/190/190 111/111/111 1055/1055/1055
f 1645/1645/1645 1644/1644/1644 190/190/190
f 1645/1645/1645 190/190/190 192/192/192
f 185/185/185 190/190/190 1055/1055/1055
f 185/185/185 1055/1055/1055 108/108/108
f 1644/1644/1644 188/188/188 1056/1056/1056
f 1644/1644/1644 1056/1056/1056 111/111/111
f 188/188/188 187/187/187 1505/1505/1505
f 188/188/188 1505/1505/1505 193/193/193
f 189/189/189 188/188/188 1644/1644/1644
f 189/189/189 1644/1644/1644 1645/1645/1645
f 188/188/188 193/193/193 195/195/195
f 188/188/188 195/195/195 1056/1056/1056
f 194/194/194 193/193/193 1505/1505/1505
f 194/194/194 1505/1505/1505 1646/1646/1646
f 194/194/194 1647/1647/1647 1058/1058/1058
f 194/194/194 1058/1058/1058 195/195/195
f 1648/1648/1648 1649/1649/1649 617/617/617
f 1648/1648/1648 617/617/617 1632/1632/1632
f 1649/1649/1649 1566/1566/1566 1562/1562/1562
f 1649/1649/1649 1562/1562/1562 1650/1650/1650
f 1648/1648/1648 1568/1568/1568 1566/1566/1566
f 1648/1648/1648 1566/1566/1566 1649/1649/1649
f 1648/1648/1648 1632/1632/1632 639/639/639
f 1648/1648/1648 639/639/639 1651/1651/1651
f 1651/1651/1651 1570/1570/1570 1568/1568/1568
f 1651/1651/1651 1568/1568/1568 1648/1648/1648
f 1570/1570/1570 1651/1651/1651 1652/1652/1652
f 1570/1570/1570 1652/1652/1652 1572/1572/1572
f 1652/1652/1652 1651/1651/1651 639/639/639
f 1652/1652/1652 639/639/639 640/640/640
f 158/158/158 160/160/160 1653/1653/1653
f 158/158/158 1653/1653/1653 1654/1654/1654
f 1653/1653/1653 1655/1655/1655 525/525/525
f 1653/1653/1653 525/525/525 441/441/441
f 1655/1655/1655 1656/1656/1656 526/526/526
f 1655/1655/1655 526/526/526 525/525/525
f 1576/1576/1576 1655/1655/1655 1653/1653/1653
f 1576/1576/1576 1653/1653/1653 160/160/160
f 1656/1656/1656 1655/1655/1655 1576/1576/1576
f 1656/1656/1656 1576/1576/1576 1574/1574/1574
f 1656/1656/1656 1652/1652/1652 640/640/640
f 1656/1656/1656 640/640/640 526/526/526
f 1656/1656/1656 1574/1574/1574 1572/1572/1572
f 1656/1656/1656 1572/1572/1572 1652/1652/1652
f 1657/1657/1657 1653/1653/1653 441/441/441
f 1657/1657/1657 441/441/441 440/440/440
f 196/196/196 1657/1657/1657 440/440/440
f 196/196/196 440/440/440 197/197/197
f 196/196/196 201/201/201 1658/1658/1658
f 196/196/196 1658/1658/1658 1657/1657/1657
f 202/202/202 1659/1659/1659 200/200/200
f 202/202/202 200/200/200 196/196/196
f 1660/1660/1660 202/202/202 203/203/203
f 1660/1660/1660 203/203/203 43/43/43
f 1660/1660/1660 641/641/641 1659/1659/1659
f 1660/1660/1660 1659/1659/1659 202/202/202
f 204/204/204 1660/1660/1660 43/43/43
f 204/204/204 43/43/43 42/42/42
f 204/204/204 206/206/206 641/641/641
f 204/204/204 641/641/641 1660/1660/1660
f 207/207/207 1661/1661/1661 396/396/396
f 207/207/207 396/396/396 208/208/208
f 1661/1661/1661 1662/1662/1662 31/31/31
f 1661/1661/1661 31/31/31 396/396/396
f 1661/1661/1661 648/648/648 1663/1663/1663
f 1661/1661/1661 1663/1663/1663 1662/1662/1662
f 1662/1662/1662 204/204/204 29/29/29
f 1662/1662/1662 29/29/29 31/31/31
f 1662/1662/1662 1663/1663/1663 205/205/205
f 1662/1662/1662 205/205/205 204/204/204
f 207/207/207 212/212/212 648/648/648
f 207/207/207 648/648/648 1661/1661/1661
f 214/214/214 213/213/213 209/209/209
f 214/214/214 209/209/209 215/215/215
f 213/213/213 214/214/214 647/647/647
f 213/213/213 647/647/647 211/211/211
f 1664/1664/1664 214/214/214 216/216/216
f 1664/1664/1664 216/216/216 382/382/382
f 1664/1664/1664 646/646/646 647/647/647
f 1664/1664/1664 647/647/647 214/214/214
f 1665/1665/1665 1664/1664/1664 382/382/382
f 1665/1665/1665 382/382/382 513/513/513
f 1665/1665/1665 645/645/645 646/646/646
f 1665/1665/1665 646/646/646 1664/1664/1664
f 218/218/218 1665/1665/1665 513/513/513
f 218/218/218 513/513/513 33/33/33
f 218/218/218 217/217/217 645/645/645
f 218/218/218 645/645/645 1665/1665/1665
f 221/221/221 220/220/220 1666/1666/1666
f 221/221/221 1666/1666/1666 1667/1667/1667
f 1667/1667/1667 218/218/218 33/33/33
f 1667/1667/1667 33/33/33 514/514/514
f 1667/1667/1667 1666/1666/1666 219/219/219
f 1667/1667/1667 219/219/219 218/218/218
f 221/221/221 1667/1667/1667 514/514/514
f 221/221/221 514/514/514 36/36/36
f 222/222/222 221/221/221 226/226/226
f 222/222/222 226/226/226 228/228/228
f 224/224/224 230/230/230 644/644/644
f 224/224/224 644/644/644 225/225/225
f 1668/1668/1668 226/226/226 39/39/39
f 1668/1668/1668 39/39/39 515/515/515
f 224/224/224 1668/1668/1668 515/515/515
f 224/224/224 515/515/515 516/516/516
f 226/226/226 1668/1668/1668 1669/1669/1669
f 226/226/226 1669/1669/1669 227/227/227
f 1668/1668/1668 224/224/224 223/223/223
f 1668/1668/1668 223/223/223 1669/1669/1669
f 226/226/226 221/221/221 36/36/36
f 226/226/226 36/36/36 39/39/39
f 1670/1670/1670 229/229/229 231/231/231
f 1670/1670/1670 231/231/231 519/519/519
f 249/249/249 1670/1670/1670 1671/1671/1671
f 249/249/249 1671/1671/1671 250/250/250
f 229/229/229 1670/1670/1670 249/249/249
f 229/229/229 249/249/249 1672/1672/1672
f 230/230/230 229/229/229 1672/1672/1672
f 230/230/230 1672/1672/1672 644/644/644
f 230/230/230 224/224/224 516/516/516
f 230/230/230 516/516/516 231/231/231
f 638/638/638 1673/1673/1673 1671/1671/1671
f 638/638/638 1671/1671/1671 521/521/521
f 1671/1671/1671 1670/1670/1670 519/519/519
f 1671/1671/1671 519/519/519 521/521/521
f 1671/1671/1671 1673/1673/1673 1594/1594/1594
f 1671/1671/1671 1594/1594/1594 250/250/250
f 1674/1674/1674 1596/1596/1596 1594/1594/1594
f 1674/1674/1674 1594/1594/1594 1673/1673/1673
f 637/637/637 1674/1674/1674 1673/1673/1673
f 637/637/637 1673/1673/1673 638/638/638
f 1596/1596/1596 1674/1674/1674 1675/1675/1675
f 1596/1596/1596 1675/1675/1675 1582/1582/1582
f 1676/1676/1676 1677/1677/1677 606/606/606
f 1676/1676/1676 606/606/606 605/605/605
f 1677/1677/1677 1675/1675/1675 1627/1627/1627
f 1677/1677/1677 1627/1627/1627 606/606/606
f 1677/1677/1677 1583/1583/1583 1582/1582/1582
f 1677/1677/1677 1582/1582/1582 1675/1675/1675
f 1627/1627/1627 1675/1675/1675 1674/1674/1674
f 1627/1627/1627 1674/1674/1674 637/637/637
f 1678/1678/1678 1679/1679/1679 650/650/650
f 1678/1678/1678 650/650/650 649/649/649
f 1676/1676/1676 1586/1586/1586 1583/1583/1583
f 1676/1676/1676 1583/1583/1583 1677/1677/1677
f 1679/1679/1679 1678/1678/1678 1589/1589/1589
f 1679/1679/1679 1589/1589/1589 1588/1588/1588
f 1650/1650/1650 618/618/618 617/617/617
f 1650/1650/1650 617/617/617 1649/1649/1649
f 1680/1680/1680 1681/1681/1681 670/670/670
f 1680/1680/1680 670/670/670 669/669/669
f 1681/1681/1681 1680/1680/1680 1565/1565/1565
f 1681/1681/1681 1565/1565/1565 1564/1564/1564
f 1682/1682/1682 1683/1683/1683 544/544/544
f 1682/1682/1682 544/544/544 547/547/547
f 1684/1684/1684 1685/1685/1685 1601/1601/1601
f 1684/1684/1684 1601/1601/1601 1600/1600/1600
f 1685/1685/1685 1684/1684/1684 548/548/548
f 1685/1685/1685 548/548/548 563/563/563
f 1685/1685/1685 1686/1686/1686 1617/1617/1617
f 1685/1685/1685 1617/1617/1617 1601/1601/1601
f 1687/1687/1687 1686/1686/1686 553/553/553
f 1687/1687/1687 553/553/553 552/552/552
f 1686/1686/1686 1685/1685/1685 563/563/563
f 1686/1686/1686 563/563/563 553/553/553
f 1686/1686/1686 1687/1687/1687 1608/1608/1608
f 1686/1686/1686 1608/1608/1608 1617/1617/1617
f 1687/1687/1687 1688/1688/1688 1607/1607/1607
f 1687/1687/1687 1607/1607/1607 1608/1608/1608
f 1688/1688/1688 1687/1687/1687 552/552/552
f 1688/1688/1688 552/552/552 556/556/556
f 1689/1689/1689 1688/1688/1688 556/556/556
f 1689/1689/1689 556/556/556 558/558/558
f 1688/1688/1688 1689/1689/1689 1609/1609/1609
f 1688/1688/1688 1609/1609/1609 1607/1607/1607
f 1689/1689/1689 1690/1690/1690 1619/1619/1619
f 1689/1689/1689 1619/1619/1619 1609/1609/1609
f 1690/1690/1690 1689/1689/1689 558/558/558
f 1690/1690/1690 558/558/558 560/560/560
f 1690/1690/1690 1691/1691/1691 1615/1615/1615
f 1690/1690/1690 1615/1615/1615 1619/1619/1619
f 1691/1691/1691 1683/1683/1683 1613/1613/1613
f 1691/1691/1691 1613/1613/1613 1615/1615/1615
f 1683/1683/1683 1691/1691/1691 562/562/562
f 1683/1683/1683 562/562/562 544/544/544
f 1691/1691/1691 1690/1690/1690 560/560/560
f 1691/1691/1691 560/560/560 562/562/562
f 1683/1683/1683 1682/1682/1682 1614/1614/1614
f 1683/1683/1683 1614/1614/1614 1613/1613/1613
f 1692/1692/1692 1684/1684/1684 1600/1600/1600
f 1692/1692/1692 1600/1600/1600 1603/1603/1603
f 1684/1684/1684 1692/1692/1692 549/549/549
f 1684/1684/1684 549/549/549 548/548/548
f 1693/1693/1693 1502/1502/1502 1501/1501/1501
f 1693/1693/1693 1501/1501/1501 1621/1621/1621
f 1693/1693/1693 1564/1564/1564 671/671/671
f 1693/1693/1693 671/671/671 1502/1502/1502
f 239/239/239 241/241/241 1603/1603/1603
f 239/239/239 1603/1603/1603 1599/1599/1599
f 1694/1694/1694 1695/1695/1695 1436/1436/1436
f 1694/1694/1694 1436/1436/1436 1435/1435/1435
f 1694/1694/1694 1696/1696/1696 1697/1697/1697
f 1694/1694/1694 1697/1697/1697 1695/1695/1695
f 1697/1697/1697 1696/1696/1696 1063/1063/1063
f 1697/1697/1697 1063/1063/1063 550/550/550
f 1695/1695/1695 1698/1698/1698 1454/1454/1454
f 1695/1695/1695 1454/1454/1454 1436/1436/1436
f 1699/1699/1699 1698/1698/1698 1695/1695/1695
f 1699/1699/1699 1695/1695/1695 1697/1697/1697
f 1699/1699/1699 1697/1697/1697 550/550/550
f 1699/1699/1699 550/550/550 549/549/549
f 232/232/232 1699/1699/1699 549/549/549
f 232/232/232 549/549/549 1692/1692/1692
f 1698/1698/1698 234/234/234 1420/1420/1420
f 1698/1698/1698 1420/1420/1420 1454/1454/1454
f 234/234/234 233/233/233 1439/1439/1439
f 234/234/234 1439/1439/1439 1420/1420/1420
f 241/241/241 232/232/232 1692/1692/1692
f 241/241/241 1692/1692/1692 1603/1603/1603
f 232/232/232 234/234/234 1698/1698/1698
f 232/232/232 1698/1698/1698 1699/1699/1699
f 235/235/235 1633/1633/1633 1003/1003/1003
f 235/235/235 1003/1003/1003 1002/1002/1002
f 1560/1560/1560 1700/1700/1700 1532/1532/1532
f 1560/1560/1560 1532/1532/1532 784/784/784
f 1701/1701/1701 1702/1702/1702 1703/1703/1703
f 1701/1701/1701 1703/1703/1703 1704/1704/1704
f 1702/1702/1702 1701/1701/1701 1700/1700/1700
f 1702/1702/1702 1700/1700/1700 1560/1560/1560
f 238/238/238 1694/1694/1694 1435/1435/1435
f 238/238/238 1435/1435/1435 1705/1705/1705
f 140/140/140 238/238/238 1705/1705/1705
f 140/140/140 1705/1705/1705 1534/1534/1534
f 1696/1696/1696 235/235/235 1002/1002/1002
f 1696/1696/1696 1002/1002/1002 1063/1063/1063
f 235/235/235 237/237/237 1634/1634/1634
f 235/235/235 1634/1634/1634 1633/1633/1633
f 238/238/238 235/235/235 1696/1696/1696
f 238/238/238 1696/1696/1696 1694/1694/1694
f 240/240/240 1621/1621/1621 1462/1462/1462
f 240/240/240 1462/1462/1462 1441/1441/1441
f 233/233/233 240/240/240 1441/1441/1441
f 233/233/233 1441/1441/1441 1439/1439/1439
f 241/241/241 240/240/240 233/233/233
f 241/241/241 233/233/233 232/232/232
f 240/240/240 239/239/239 1693/1693/1693
f 240/240/240 1693/1693/1693 1621/1621/1621
f 1681/1681/1681 239/239/239 1599/1599/1599
f 1681/1681/1681 1599/1599/1599 670/670/670
f 239/239/239 1681/1681/1681 1564/1564/1564
f 239/239/239 1564/1564/1564 1693/1693/1693
f 1496/1496/1496 1706/1706/1706 1620/1620/1620
f 1496/1496/1496 1620/1620/1620 1492/1492/1492
f 1589/1589/1589 1706/1706/1706 1496/1496/1496
f 1589/1589/1589 1496/1496/1496 688/688/688
f 247/247/247 246/246/246 1612/1612/1612
f 247/247/247 1612/1612/1612 1614/1614/1614
f 1707/1707/1707 242/242/242 1682/1682/1682
f 1707/1707/1707 1682/1682/1682 547/547/547
f 244/244/244 243/243/243 121/121/121
f 244/244/244 121/121/121 1453/1453/1453
f 243/243/243 1708/1708/1708 119/119/119
f 243/243/243 119/119/119 121/121/121
f 242/242/242 247/247/247 1614/1614/1614
f 242/242/242 1614/1614/1614 1682/1682/1682
f 243/243/243 242/242/242 1707/1707/1707
f 243/243/243 1707/1707/1707 1708/1708/1708
f 1620/1620/1620 245/245/245 1429/1429/1429
f 1620/1620/1620 1429/1429/1429 1428/1428/1428
f 245/245/245 244/244/244 1453/1453/1453
f 245/245/245 1453/1453/1453 1429/1429/1429
f 245/245/245 247/247/247 242/242/242
f 245/245/245 242/242/242 244/244/244
f 246/246/246 245/245/245 1620/1620/1620
f 246/246/246 1620/1620/1620 1706/1706/1706
f 246/246/246 1678/1678/1678 649/649/649
f 246/246/246 649/649/649 1612/1612/1612
f 1678/1678/1678 246/246/246 1706/1706/1706
f 1678/1678/1678 1706/1706/1706 1589/1589/1589
f 1647/1647/1647 1709/1709/1709 546/546/546
f 1647/1647/1647 546/546/546 1058/1058/1058
f 1709/1709/1709 1707/1707/1707 547/547/547
f 1709/1709/1709 547/547/547 546/546/546
f 1646/1646/1646 1710/1710/1710 1647/1647/1647
f 1646/1646/1646 1647/1647/1647 194/194/194
f 1578/1578/1578 1711/1711/1711 1712/1712/1712
f 1578/1578/1578 1712/1712/1712 1592/1592/1592
f 1709/1709/1709 1713/1713/1713 1708/1708/1708
f 1709/1709/1709 1708/1708/1708 1707/1707/1707
f 1708/1708/1708 1713/1713/1713 1432/1432/1432
f 1708/1708/1708 1432/1432/1432 119/119/119
f 1713/1713/1713 1470/1470/1470 1460/1460/1460
f 1713/1713/1713 1460/1460/1460 1432/1432/1432
f 1713/1713/1713 1710/1710/1710 1714/1714/1714
f 1713/1713/1713 1714/1714/1714 1470/1470/1470
f 1710/1710/1710 1713/1713/1713 1709/1709/1709
f 1710/1710/1710 1709/1709/1709 1647/1647/1647
f 1714/1714/1714 1504/1504/1504 1471/1471/1471
f 1714/1714/1714 1471/1471/1471 1470/1470/1470
f 1715/1715/1715 1581/1581/1581 689/689/689
f 1715/1715/1715 689/689/689 1466/1466/1466
f 1581/1581/1581 1715/1715/1715 1711/1711/1711
f 1581/1581/1581 1711/1711/1711 1578/1578/1578
f 1716/1716/1716 1717/1717/1717 1718/1718/1718
f 1716/1716/1716 1718/1718/1718 1719/1719/1719
f 1720/1720/1720 1705/1705/1705 1435/1435/1435
f 1720/1720/1720 1435/1435/1435 1438/1438/1438
f 1721/1721/1721 1534/1534/1534 1705/1705/1705
f 1721/1721/1721 1705/1705/1705 1720/1720/1720
f 1722/1722/1722 1533/1533/1533 1534/1534/1534
f 1722/1722/1722 1534/1534/1534 1721/1721/1721
f 1723/1723/1723 1724/1724/1724 1725/1725/1725
f 1723/1723/1723 1725/1725/1725 1726/1726/1726
f 1727/1727/1727 1728/1728/1728 1724/1724/1724
f 1727/1727/1727 1724/1724/1724 1723/1723/1723
f 1729/1729/1729 1722/1722/1722 1721/1721/1721
f 1729/1729/1729 1721/1721/1721 1730/1730/1730
f 1731/1731/1731 1528/1528/1528 1533/1533/1533
f 1731/1731/1731 1533/1533/1533 1722/1722/1722
f 1732/1732/1732 1723/1723/1723 1726/1726/1726
f 1732/1732/1732 1726/1726/1726 1733/1733/1733
f 1734/1734/1734 1727/1727/1727 1723/1723/1723
f 1734/1734/1734 1723/1723/1723 1732/1732/1732
f 1735/1735/1735 1731/1731/1731 1722/1722/1722
f 1735/1735/1735 1722/1722/1722 1729/1729/1729
f 1736/1736/1736 1522/1522/1522 1528/1528/1528
f 1736/1736/1736 1528/1528/1528 1731/1731/1731
f 1737/1737/1737 1732/1732/1732 1733/1733/1733
f 1737/1737/1737 1733/1733/1733 1738/1738/1738
f 1739/1739/1739 1734/1734/1734 1732/1732/1732
f 1739/1739/1739 1732/1732/1732 1737/1737/1737
f 1740/1740/1740 1736/1736/1736 1731/1731/1731
f 1740/1740/1740 1731/1731/1731 1735/1735/1735
f 1741/1741/1741 1523/1523/1523 1522/1522/1522
f 1741/1741/1741 1522/1522/1522 1736/1736/1736
f 1742/1742/1742 1741/1741/1741 1736/1736/1736
f 1742/1742/1742 1736/1736/1736 1740/1740/1740
f 1743/1743/1743 1535/1535/1535 1523/1523/1523
f 1743/1743/1743 1523/1523/1523 1741/1741/1741
f 1744/1744/1744 1743/1743/1743 1741/1741/1741
f 1744/1744/1744 1741/1741/1741 1742/1742/1742
f 1745/1745/1745 1482/1482/1482 1535/1535/1535
f 1745/1745/1745 1535/1535/1535 1743/1743/1743
f 1737/1737/1737 1746/1746/1746 1747/1747/1747
f 1737/1737/1737 1747/1747/1747 1739/1739/1739
f 1748/1748/1748 1749/1749/1749 1747/1747/1747
f 1748/1748/1748 1747/1747/1747 1746/1746/1746
f 1750/1750/1750 1745/1745/1745 1743/1743/1743
f 1750/1750/1750 1743/1743/1743 1744/1744/1744
f 1751/1751/1751 1475/1475/1475 1482/1482/1482
f 1751/1751/1751 1482/1482/1482 1745/1745/1745
f 1746/1746/1746 1752/1752/1752 1753/1753/1753
f 1746/1746/1746 1753/1753/1753 1748/1748/1748
f 1752/1752/1752 1746/1746/1746 1737/1737/1737
f 1752/1752/1752 1737/1737/1737 1738/1738/1738
f 1754/1754/1754 1751/1751/1751 1745/1745/1745
f 1754/1754/1754 1745/1745/1745 1750/1750/1750
f 1755/1755/1755 1476/1476/1476 1475/1475/1475
f 1755/1755/1755 1475/1475/1475 1751/1751/1751
f 1756/1756/1756 1757/1757/1757 1753/1753/1753
f 1756/1756/1756 1753/1753/1753 1752/1752/1752
f 1758/1758/1758 1755/1755/1755 1751/1751/1751
f 1758/1758/1758 1751/1751/1751 1754/1754/1754
f 1519/1519/1519 1759/1759/1759 1760/1760/1760
f 1519/1519/1519 1760/1760/1760 1517/1517/1517
f 1759/1759/1759 1519/1519/1519 1476/1476/1476
f 1759/1759/1759 1476/1476/1476 1755/1755/1755
f 1761/1761/1761 1759/1759/1759 1755/1755/1755
f 1761/1761/1761 1755/1755/1755 1758/1758/1758
f 1762/1762/1762 1513/1513/1513 1517/1517/1517
f 1762/1762/1762 1517/1517/1517 1760/1760/1760
f 1738/1738/1738 1763/1763/1763 1756/1756/1756
f 1738/1738/1738 1756/1756/1756 1752/1752/1752
f 1764/1764/1764 1765/1765/1765 1757/1757/1757
f 1764/1764/1764 1757/1757/1757 1756/1756/1756
f 1761/1761/1761 1766/1766/1766 1760/1760/1760
f 1761/1761/1761 1760/1760/1760 1759/1759/1759
f 1767/1767/1767 1764/1764/1764 1756/1756/1756
f 1767/1767/1767 1756/1756/1756 1763/1763/1763
f 1766/1766/1766 1768/1768/1768 1762/1762/1762
f 1766/1766/1766 1762/1762/1762 1760/1760/1760
f 1769/1769/1769 1511/1511/1511 1513/1513/1513
f 1769/1769/1769 1513/1513/1513 1762/1762/1762
f 1770/1770/1770 1763/1763/1763 1738/1738/1738
f 1770/1770/1770 1738/1738/1738 1733/1733/1733
f 1771/1771/1771 1767/1767/1767 1763/1763/1763
f 1771/1771/1771 1763/1763/1763 1770/1770/1770
f 1772/1772/1772 1769/1769/1769 1762/1762/1762
f 1772/1772/1772 1762/1762/1762 1768/1768/1768
f 1773/1773/1773 1509/1509/1509 1511/1511/1511
f 1773/1773/1773 1511/1511/1511 1769/1769/1769
f 1770/1770/1770 1774/1774/1774 1775/1775/1775
f 1770/1770/1770 1775/1775/1775 1771/1771/1771
f 1774/1774/1774 1770/1770/1770 1733/1733/1733
f 1774/1774/1774 1733/1733/1733 1726/1726/1726
f 1776/1776/1776 1773/1773/1773 1769/1769/1769
f 1776/1776/1776 1769/1769/1769 1772/1772/1772
f 1472/1472/1472 1777/1777/1777 1461/1461/1461
f 1472/1472/1472 1461/1461/1461 1460/1460/1460
f 1778/1778/1778 1503/1503/1503 1509/1509/1509
f 1778/1778/1778 1509/1509/1509 1773/1773/1773
f 1774/1774/1774 1779/1779/1779 1780/1780/1780
f 1774/1774/1774 1780/1780/1780 1775/1775/1775
f 1779/1779/1779 1774/1774/1774 1726/1726/1726
f 1779/1779/1779 1726/1726/1726 1725/1725/1725
f 1781/1781/1781 1778/1778/1778 1773/1773/1773
f 1781/1781/1781 1773/1773/1773 1776/1776/1776
f 1777/1777/1777 1472/1472/1472 1503/1503/1503
f 1777/1777/1777 1503/1503/1503 1778/1778/1778
f 1782/1782/1782 1783/1783/1783 541/541/541
f 1782/1782/1782 541/541/541 1416/1416/1416
f 1784/1784/1784 1777/1777/1777 1778/1778/1778
f 1784/1784/1784 1778/1778/1778 1781/1781/1781
f 1783/1783/1783 1782/1782/1782 1785/1785/1785
f 1783/1783/1783 1785/1785/1785 1786/1786/1786
f 1787/1787/1787 1783/1783/1783 1786/1786/1786
f 1787/1787/1787 1786/1786/1786 1788/1788/1788
f 1779/1779/1779 1789/1789/1789 1788/1788/1788
f 1779/1779/1779 1788/1788/1788 1780/1780/1780
f 1790/1790/1790 532/532/532 541/541/541
f 1790/1790/1790 541/541/541 1783/1783/1783
f 1787/1787/1787 1791/1791/1791 1790/1790/1790
f 1787/1787/1787 1790/1790/1790 1783/1783/1783
f 1789/1789/1789 1791/1791/1791 1787/1787/1787
f 1789/1789/1789 1787/1787/1787 1788/1788/1788
f 1790/1790/1790 1792/1792/1792 533/533/533
f 1790/1790/1790 533/533/533 532/532/532
f 1789/1789/1789 1793/1793/1793 1794/1794/1794
f 1789/1789/1789 1794/1794/1794 1791/1791/1791
f 1793/1793/1793 1789/1789/1789 1779/1779/1779
f 1793/1793/1793 1779/1779/1779 1725/1725/1725
f 1794/1794/1794 1792/1792/1792 1790/1790/1790
f 1794/1794/1794 1790/1790/1790 1791/1791/1791
f 1724/1724/1724 1795/1795/1795 1793/1793/1793
f 1724/1724/1724 1793/1793/1793 1725/1725/1725
f 1796/1796/1796 539/539/539 533/533/533
f 1796/1796/1796 533/533/533 1792/1792/1792
f 1794/1794/1794 1797/1797/1797 1796/1796/1796
f 1794/1794/1794 1796/1796/1796 1792/1792/1792
f 1795/1795/1795 1797/1797/1797 1794/1794/1794
f 1795/1795/1795 1794/1794/1794 1793/1793/1793
f 1796/1796/1796 1717/1717/1717 536/536/536
f 1796/1796/1796 536/536/536 539/539/539
f 1717/1717/1717 1716/1716/1716 542/542/542
f 1717/1717/1717 542/542/542 536/536/536
f 1728/1728/1728 1798/1798/1798 1795/1795/1795
f 1728/1728/1728 1795/1795/1795 1724/1724/1724
f 1798/1798/1798 1799/1799/1799 1797/1797/1797
f 1798/1798/1798 1797/1797/1797 1795/1795/1795
f 1799/1799/1799 1798/1798/1798 1718/1718/1718
f 1799/1799/1799 1718/1718/1718 1717/1717/1717
f 1800/1800/1800 1730/1730/1730 1721/1721/1721
f 1800/1800/1800 1721/1721/1721 1720/1720/1720
f 1799/1799/1799 1717/1717/1717 1796/1796/1796
f 1799/1799/1799 1796/1796/1796 1797/1797/1797
f 1440/1440/1440 1801/1801/1801 1422/1422/1422
f 1440/1440/1440 1422/1422/1422 1421/1421/1421
f 1801/1801/1801 1440/1440/1440 1442/1442/1442
f 1801/1801/1801 1442/1442/1442 1802/1802/1802
f 1803/1803/1803 1804/1804/1804 537/537/537
f 1803/1803/1803 537/537/537 543/543/543
f 1805/1805/1805 538/538/538 537/537/537
f 1805/1805/1805 537/537/537 1804/1804/1804
f 1806/1806/1806 1805/1805/1805 1804/1804/1804
f 1806/1806/1806 1804/1804/1804 1807/1807/1807
f 1805/1805/1805 1808/1808/1808 534/534/534
f 1805/1805/1805 534/534/534 538/538/538
f 1809/1809/1809 1810/1810/1810 1811/1811/1811
f 1809/1809/1809 1811/1811/1811 1806/1806/1806
f 1811/1811/1811 1808/1808/1808 1805/1805/1805
f 1811/1811/1811 1805/1805/1805 1806/1806/1806
f 1812/1812/1812 1813/1813/1813 540/540/540
f 1812/1812/1812 540/540/540 535/535/535
f 1814/1814/1814 1430/1430/1430 1419/1419/1419
f 1814/1814/1814 1419/1419/1419 1418/1418/1418
f 1812/1812/1812 535/535/535 534/534/534
f 1812/1812/1812 534/534/534 1808/1808/1808
f 1815/1815/1815 1812/1812/1812 1808/1808/1808
f 1815/1815/1815 1808/1808/1808 1811/1811/1811
f 1813/1813/1813 1816/1816/1816 1415/1415/1415
f 1813/1813/1813 1415/1415/1415 540/540/540
f 1817/1817/1817 1813/1813/1813 1812/1812/1812
f 1817/1817/1817 1812/1812/1812 1815/1815/1815
f 1818/1818/1818 1431/1431/1431 1430/1430/1430
f 1818/1818/1818 1430/1430/1430 1814/1814/1814
f 1819/1819/1819 1815/1815/1815 1811/1811/1811
f 1819/1819/1819 1811/1811/1811 1810/1810/1810
f 1820/1820/1820 1817/1817/1817 1815/1815/1815
f 1820/1820/1820 1815/1815/1815 1819/1819/1819
f 1821/1821/1821 1818/1818/1818 1814/1814/1814
f 1821/1821/1821 1814/1814/1814 1822/1822/1822
f 1823/1823/1823 1426/1426/1426 1431/1431/1431
f 1823/1823/1823 1431/1431/1431 1818/1818/1818
f 1824/1824/1824 1819/1819/1819 1810/1810/1810
f 1824/1824/1824 1810/1810/1810 1825/1825/1825
f 1826/1826/1826 1820/1820/1820 1819/1819/1819
f 1826/1826/1826 1819/1819/1819 1824/1824/1824
f 1827/1827/1827 1823/1823/1823 1818/1818/1818
f 1827/1827/1827 1818/1818/1818 1821/1821/1821
f 1828/1828/1828 1427/1427/1427 1426/1426/1426
f 1828/1828/1828 1426/1426/1426 1823/1823/1823
f 1829/1829/1829 1828/1828/1828 1823/1823/1823
f 1829/1829/1829 1823/1823/1823 1827/1827/1827
f 1830/1830/1830 1451/1451/1451 1427/1427/1427
f 1830/1830/1830 1427/1427/1427 1828/1828/1828
f 1831/1831/1831 1830/1830/1830 1828/1828/1828
f 1831/1831/1831 1828/1828/1828 1829/1829/1829
f 1824/1824/1824 1832/1832/1832 1833/1833/1833
f 1824/1824/1824 1833/1833/1833 1826/1826/1826
f 1834/1834/1834 1452/1452/1452 1451/1451/1451
f 1834/1834/1834 1451/1451/1451 1830/1830/1830
f 1831/1831/1831 1835/1835/1835 1834/1834/1834
f 1831/1831/1831 1834/1834/1834 1830/1830/1830
f 1832/1832/1832 1836/1836/1836 1837/1837/1837
f 1832/1832/1832 1837/1837/1837 1833/1833/1833
f 1838/1838/1838 1832/1832/1832 1824/1824/1824
f 1838/1838/1838 1824/1824/1824 1825/1825/1825
f 1839/1839/1839 1834/1834/1834 1835/1835/1835
f 1839/1839/1839 1835/1835/1835 1840/1840/1840
f 1839/1839/1839 1459/1459/1459 1452/1452/1452
f 1839/1839/1839 1452/1452/1452 1834/1834/1834
f 1838/1838/1838 1841/1841/1841 1836/1836/1836
f 1838/1838/1838 1836/1836/1836 1832/1832/1832
f 1842/1842/1842 1843/1843/1843 1844/1844/1844
f 1842/1842/1842 1844/1844/1844 1845/1845/1845
f 1843/1843/1843 1448/1448/1448 1457/1457/1457
f 1843/1843/1843 1457/1457/1457 1844/1844/1844
f 1846/1846/1846 1445/1445/1445 1448/1448/1448
f 1846/1846/1846 1448/1448/1448 1843/1843/1843
f 1847/1847/1847 1846/1846/1846 1843/1843/1843
f 1847/1847/1847 1843/1843/1843 1842/1842/1842
f 1848/1848/1848 1446/1446/1446 1445/1445/1445
f 1848/1848/1848 1445/1445/1445 1846/1846/1846
f 1809/1809/1809 1849/1849/1849 1825/1825/1825
f 1809/1809/1809 1825/1825/1825 1810/1810/1810
f 1850/1850/1850 1851/1851/1851 1841/1841/1841
f 1850/1850/1850 1841/1841/1841 1838/1838/1838
f 1852/1852/1852 1853/1853/1853 1851/1851/1851
f 1852/1852/1852 1851/1851/1851 1850/1850/1850
f 1854/1854/1854 1848/1848/1848 1846/1846/1846
f 1854/1854/1854 1846/1846/1846 1847/1847/1847
f 1855/1855/1855 1463/1463/1463 1446/1446/1446
f 1855/1855/1855 1446/1446/1446 1848/1848/1848
f 1463/1463/1463 1855/1855/1855 1802/1802/1802
f 1463/1463/1463 1802/1802/1802 1442/1442/1442
f 1849/1849/1849 1850/1850/1850 1838/1838/1838
f 1849/1849/1849 1838/1838/1838 1825/1825/1825
f 1807/1807/1807 1856/1856/1856 1809/1809/1809
f 1807/1807/1807 1809/1809/1809 1806/1806/1806
f 1856/1856/1856 1857/1857/1857 1849/1849/1849
f 1856/1856/1856 1849/1849/1849 1809/1809/1809
f 1858/1858/1858 1859/1859/1859 1801/1801/1801
f 1858/1858/1858 1801/1801/1801 1802/1802/1802
f 1860/1860/1860 1858/1858/1858 1802/1802/1802
f 1860/1860/1860 1802/1802/1802 1855/1855/1855
f 1857/1857/1857 1852/1852/1852 1850/1850/1850
f 1857/1857/1857 1850/1850/1850 1849/1849/1849
f 1860/1860/1860 1855/1855/1855 1848/1848/1848
f 1860/1860/1860 1848/1848/1848 1854/1854/1854
f 1561/1561/1561 1861/1861/1861 1702/1702/1702
f 1561/1561/1561 1702/1702/1702 1560/1560/1560
f 1702/1702/1702 1861/1861/1861 1862/1862/1862
f 1702/1702/1702 1862/1862/1862 1703/1703/1703
f 1653/1653/1653 1657/1657/1657 1658/1658/1658
f 1653/1653/1653 1658/1658/1658 1654/1654/1654
f 1581/1581/1581 1580/1580/1580 690/690/690
f 1581/1581/1581 690/690/690 689/689/689
f 1591/1591/1591 596/596/596 595/595/595
f 1591/1591/1591 595/595/595 248/248/248
f 251/251/251 252/252/252 253/253/253
f 254/254/254 251/251/251 255/255/255
f 256/256/256 257/257/257 258/258/258
f 251/251/251 259/259/259 260/260/260
f 251/251/251 261/261/261 252/252/252
f 262/262/262 256/256/256 263/263/263
f 251/251/251 264/264/264 265/265/265
f 251/251/251 265/265/265 266/266/266
f 251/251/251 266/266/266 259/259/259
f 267/267/267 251/251/251 260/260/260
f 251/251/251 268/268/268 255/255/255
f 264/264/264 251/251/251 254/254/254
f 267/267/267 261/261/261 251/251/251
f 251/251/251 253/253/253 268/268/268
f 269/269/269 270/270/270 256/256/256
f 271/271/271 256/256/256 258/258/258
f 263/263/263 256/256/256 272/272/272
f 256/256/256 270/270/270 273/273/273
f 272/272/272 256/256/256 274/274/274
f 275/275/275 276/276/276 277/277/277
f 278/278/278 279/279/279 280/280/280
f 256/256/256 281/281/281 282/282/282
f 269/269/269 256/256/256 262/262/262
f 256/256/256 273/273/273 257/257/257
f 274/274/274 256/256/256 282/282/282
f 271/271/271 281/281/281 256/256/256
f 283/283/283 284/284/284 285/285/285
f 286/286/286 287/287/287 288/288/288
f 289/289/289 290/290/290 291/291/291
f 291/291/291 292/292/292 289/289/289
f 293/293/293 294/294/294 290/290/290
f 295/295/295 294/294/294 293/293/293
f 280/280/280 279/279/279 276/276/276
f 275/275/275 277/277/277 296/296/296
f 297/297/297 298/298/298 285/285/285
f 299/299/299 300/300/300 288/288/288
f 301/301/301 302/302/302 303/303/303
f 304/304/304 302/302/302 301/301/301
f 305/305/305 302/302/302 304/304/304
f 306/306/306 302/302/302 305/305/305
f 307/307/307 302/302/302 306/306/306
f 308/308/308 302/302/302 307/307/307
f 309/309/309 302/302/302 308/308/308
f 310/310/310 302/302/302 309/309/309
f 311/311/311 302/302/302 310/310/310
f 312/312/312 302/302/302 311/311/311
f 303/303/303 302/302/302 313/313/313
f 313/313/313 302/302/302 312/312/312
f 314/314/314 315/315/315 316/316/316
f 317/317/317 315/315/315 314/314/314
f 318/318/318 315/315/315 317/317/317
f 319/319/319 315/315/315 318/318/318
f 320/320/320 315/315/315 319/319/319
f 321/321/321 315/315/315 320/320/320
f 322/322/322 315/315/315 321/321/321
f 323/323/323 315/315/315 322/322/322
f 324/324/324 315/315/315 323/323/323
f 325/325/325 315/315/315 324/324/324
f 316/316/316 315/315/315 326/326/326
f 326/326/326 315/315/315 325/325/325
f 275/275/275 283/283/283 285/285/285
f 275/275/275 285/285/285 276/276/276
f 290/290/290 288/288/288 300/300/300
f 290/290/290 300/300/300 291/291/291
f 286/286/286 288/288/288 290/290/290
f 286/286/286 290/290/290 294/294/294
f 285/285/285 298/298/298 280/280/280
f 285/285/285 280/280/280 276/276/276
f 288/288/288 287/287/287 1863/1863/1863
f 288/288/288 1863/1863/1863 1864/1864/1864
f 285/285/285 284/284/284 1865/1865/1865
f 285/285/285 1865/1865/1865 1866/1866/1866
f 1867/1867/1867 1868/1868/1868 1869/1869/1869
f 1867/1867/1867 1869/1869/1869 1870/1870/1870
f 1871/1871/1871 1872/1872/1872 1873/1873/1873
f 1871/1871/1871 1873/1873/1873 1874/1874/1874
f 1875/1875/1875 1876/1876/1876 1877/1877/1877
f 1875/1875/1875 1877/1877/1877 1878/1878/1878
f 1879/1879/1879 1867/1867/1867 1870/1870/1870
f 1879/1879/1879 1870/1870/1870 1880/1880/1880
f 1881/1881/1881 1882/1882/1882 1883/1883/1883
f 1881/1881/1881 1883/1883/1883 1884/1884/1884
f 1882/1882/1882 1885/1885/1885 1886/1886/1886
f 1882/1882/1882 1886/1886/1886 1883/1883/1883
f 1885/1885/1885 1875/1875/1875 1878/1878/1878
f 1885/1885/1885 1878/1878/1878 1886/1886/1886
f 1876/1876/1876 1887/1887/1887 1888/1888/1888
f 1876/1876/1876 1888/1888/1888 1877/1877/1877
f 1889/1889/1889 1871/1871/1871 1874/1874/1874
f 1889/1889/1889 1874/1874/1874 1890/1890/1890
f 1872/1872/1872 1881/1881/1881 1884/1884/1884
f 1872/1872/1872 1884/1884/1884 1873/1873/1873
f 1887/1887/1887 1879/1879/1879 1880/1880/1880
f 1887/1887/1887 1880/1880/1880 1888/1888/1888
f 1868/1868/1868 1889/1889/1889 1890/1890/1890
f 1868/1868/1868 1890/1890/1890 1869/1869/1869
f 1891/1891/1891 1892/1892/1892 1893/1893/1893
f 1891/1891/1891 1893/1893/1893 1894/1894/1894
f 1895/1895/1895 1896/1896/1896 1897/1897/1897
f 1895/1895/1895 1897/1897/1897 1898/1898/1898
f 1899/1899/1899 1900/1900/1900 1901/1901/1901
f 1899/1899/1899 1901/1901/1901 1902/1902/1902
f 1892/1892/1892 1903/1903/1903 1904/1904/1904
f 1892/1892/1892 1904/1904/1904 1893/1893/1893
f 1905/1905/1905 1895/1895/1895 1898/1898/1898
f 1905/1905/1905 1898/1898/1898 1906/1906/1906
f 1900/1900/1900 1907/1907/1907 1908/1908/1908
f 1900/1900/1900 1908/1908/1908 1901/1901/1901
f 1909/1909/1909 1905/1905/1905 1906/1906/1906
f 1909/1909/1909 1906/1906/1906 1910/1910/1910
f 1911/1911/1911 1912/1912/1912 1913/1913/1913
f 1911/1911/1911 1913/1913/1913 1914/1914/1914
f 1896/1896/1896 1899/1899/1899 1902/1902/1902
f 1896/1896/1896 1902/1902/1902 1897/1897/1897
f 1907/1907/1907 1891/1891/1891 1894/1894/1894
f 1907/1907/1907 1894/1894/1894 1908/1908/1908
f 1912/1912/1912 1909/1909/1909 1910/1910/1910
f 1912/1912/1912 1910/1910/1910 1913/1913/1913
f 1903/1903/1903 1911/1911/1911 1914/1914/1914
f 1903/1903/1903 1914/1914/1914 1904/1904/1904
f 1915/1915/1915 1916/1916/1916 253/253/253
f 1915/1915/1915 253/253/253 252/252/252
f 1917/1917/1917 1918/1918/1918 254/254/254
f 1917/1917/1917 254/254/254 255/255/255
f 1919/1919/1919 1920/1920/1920 260/260/260
f 1919/1919/1919 260/260/260 259/259/259
f 1921/1921/1921 1915/1915/1915 252/252/252
f 1921/1921/1921 252/252/252 261/261/261
f 1922/1922/1922 1923/1923/1923 265/265/265
f 1922/1922/1922 265/265/265 264/264/264
f 1923/1923/1923 1924/1924/1924 266/266/266
f 1923/1923/1923 266/266/266 265/265/265
f 1924/1924/1924 1919/1919/1919 259/259/259
f 1924/1924/1924 259/259/259 266/266/266
f 1920/1920/1920 1925/1925/1925 267/267/267
f 1920/1920/1920 267/267/267 260/260/260
f 1926/1926/1926 1917/1917/1917 255/255/255
f 1926/1926/1926 255/255/255 268/268/268
f 1918/1918/1918 1922/1922/1922 264/264/264
f 1918/1918/1918 264/264/264 254/254/254
f 1925/1925/1925 1921/1921/1921 261/261/261
f 1925/1925/1925 261/261/261 267/267/267
f 1916/1916/1916 1926/1926/1926 268/268/268
f 1916/1916/1916 268/268/268 253/253/253
f 1927/1927/1927 1928/1928/1928 258/258/258
f 1927/1927/1927 258/258/258 257/257/257
f 1929/1929/1929 1930/1930/1930 262/262/262
f 1929/1929/1929 262/262/262 263/263/263
f 1931/1931/1931 1932/1932/1932 270/270/270
f 1931/1931/1931 270/270/270 269/269/269
f 1928/1928/1928 1933/1933/1933 271/271/271
f 1928/1928/1928 271/271/271 258/258/258
f 1934/1934/1934 1929/1929/1929 263/263/263
f 1934/1934/1934 263/263/263 272/272/272
f 1932/1932/1932 1935/1935/1935 273/273/273
f 1932/1932/1932 273/273/273 270/270/270
f 1936/1936/1936 1934/1934/1934 272/272/272
f 1936/1936/1936 272/272/272 274/274/274
f 1937/1937/1937 1938/1938/1938 282/282/282
f 1937/1937/1937 282/282/282 281/281/281
f 1930/1930/1930 1931/1931/1931 269/269/269
f 1930/1930/1930 269/269/269 262/262/262
f 1935/1935/1935 1927/1927/1927 257/257/257
f 1935/1935/1935 257/257/257 273/273/273
f 1938/1938/1938 1936/1936/1936 274/274/274
f 1938/1938/1938 274/274/274 282/282/282
f 1933/1933/1933 1937/1937/1937 281/281/281
f 1933/1933/1933 281/281/281 271/271/271
f 290/290/290 289/289/289 1868/1868/1868
f 290/290/290 1868/1868/1868 1867/1867/1867
f 289/289/289 292/292/292 1889/1889/1889
f 289/289/289 1889/1889/1889 1868/1868/1868
f 292/292/292 1939/1939/1939 1871/1871/1871
f 292/292/292 1871/1871/1871 1889/1889/1889
f 1939/1939/1939 1940/1940/1940 1872/1872/1872
f 1939/1939/1939 1872/1872/1872 1871/1871/1871
f 1940/1940/1940 1941/1941/1941 1881/1881/1881
f 1940/1940/1940 1881/1881/1881 1872/1872/1872
f 1941/1941/1941 1942/1942/1942 1882/1882/1882
f 1941/1941/1941 1882/1882/1882 1881/1881/1881
f 1942/1942/1942 1943/1943/1943 1885/1885/1885
f 1942/1942/1942 1885/1885/1885 1882/1882/1882
f 1943/1943/1943 1944/1944/1944 1875/1875/1875
f 1943/1943/1943 1875/1875/1875 1885/1885/1885
f 1944/1944/1944 1945/1945/1945 1876/1876/1876
f 1944/1944/1944 1876/1876/1876 1875/1875/1875
f 1945/1945/1945 295/295/295 1887/1887/1887
f 1945/1945/1945 1887/1887/1887 1876/1876/1876
f 295/295/295 293/293/293 1879/1879/1879
f 295/295/295 1879/1879/1879 1887/1887/1887
f 293/293/293 290/290/290 1867/1867/1867
f 293/293/293 1867/1867/1867 1879/1879/1879
f 1946/1946/1946 1947/1947/1947 1892/1892/1892
f 1946/1946/1946 1892/1892/1892 1891/1891/1891
f 1947/1947/1947 296/296/296 1903/1903/1903
f 1947/1947/1947 1903/1903/1903 1892/1892/1892
f 296/296/296 277/277/277 1911/1911/1911
f 296/296/296 1911/1911/1911 1903/1903/1903
f 277/277/277 276/276/276 1912/1912/1912
f 277/277/277 1912/1912/1912 1911/1911/1911
f 276/276/276 279/279/279 1909/1909/1909
f 276/276/276 1909/1909/1909 1912/1912/1912
f 279/279/279 278/278/278 1905/1905/1905
f 279/279/279 1905/1905/1905 1909/1909/1909
f 278/278/278 1948/1948/1948 1895/1895/1895
f 278/278/278 1895/1895/1895 1905/1905/1905
f 1948/1948/1948 1949/1949/1949 1896/1896/1896
f 1948/1948/1948 1896/1896/1896 1895/1895/1895
f 1949/1949/1949 1950/1950/1950 1899/1899/1899
f 1949/1949/1949 1899/1899/1899 1896/1896/1896
f 1950/1950/1950 1951/1951/1951 1900/1900/1900
f 1950/1950/1950 1900/1900/1900 1899/1899/1899
f 1951/1951/1951 1952/1952/1952 1907/1907/1907
f 1951/1951/1951 1907/1907/1907 1900/1900/1900
f 1952/1952/1952 1946/1946/1946 1891/1891/1891
f 1952/1952/1952 1891/1891/1891 1907/1907/1907
f 1953/1953/1953 1954/1954/1954 1955/1955/1955
f 1953/1953/1953 1955/1955/1955 1956/1956/1956
f 1956/1956/1956 1955/1955/1955 1957/1957/1957
f 1956/1956/1956 1957/1957/1957 1958/1958/1958
f 1959/1959/1959 1960/1960/1960 1957/1957/1957
f 1959/1959/1959 1957/1957/1957 1961/1961/1961
f 1961/1961/1961 1957/1957/1957 1955/1955/1955
f 1961/1961/1961 1955/1955/1955 1962/1962/1962
f 1962/1962/1962 1955/1955/1955 1954/1954/1954
f 1962/1962/1962 1954/1954/1954 1963/1963/1963
f 1964/1964/1964 1965/1965/1965 1953/1953/1953
f 1964/1964/1964 1953/1953/1953 1966/1966/1966
f 1966/1966/1966 1967/1967/1967 1968/1968/1968
f 1966/1966/1966 1968/1968/1968 1964/1964/1964
f 1969/1969/1969 1956/1956/1956 1958/1958/1958
f 1969/1969/1969 1958/1958/1958 1970/1970/1970
f 1969/1969/1969 1971/1971/1971 1967/1967/1967
f 1969/1969/1969 1967/1967/1967 1966/1966/1966
f 1970/1970/1970 1972/1972/1972 1971/1971/1971
f 1970/1970/1970 1971/1971/1971 1969/1969/1969
f 1966/1966/1966 1953/1953/1953 1956/1956/1956
f 1966/1966/1966 1956/1956/1956 1969/1969/1969
f 1973/1973/1973 1974/1974/1974 1975/1975/1975
f 1973/1973/1973 1975/1975/1975 1976/1976/1976
f 1976/1976/1976 1959/1959/1959 1961/1961/1961
f 1976/1976/1976 1961/1961/1961 1973/1973/1973
f 1977/1977/1977 1978/1978/1978 1974/1974/1974
f 1977/1977/1977 1974/1974/1974 1973/1973/1973
f 1979/1979/1979 1980/1980/1980 1978/1978/1978
f 1979/1979/1979 1978/1978/1978 1977/1977/1977
f 1973/1973/1973 1961/1961/1961 1962/1962/1962
f 1973/1973/1973 1962/1962/1962 1977/1977/1977
f 1977/1977/1977 1962/1962/1962 1963/1963/1963
f 1977/1977/1977 1963/1963/1963 1979/1979/1979
f 1981/1981/1981 1980/1980/1980 1982/1982/1982
f 1981/1981/1981 1982/1982/1982 1983/1983/1983
f 1984/1984/1984 1967/1967/1967 1971/1971/1971
f 1984/1984/1984 1971/1971/1971 1985/1985/1985
f 1985/1985/1985 1971/1971/1971 1972/1972/1972
f 1985/1985/1985 1972/1972/1972 1986/1986/1986
f 1972/1972/1972 1987/1987/1987 1988/1988/1988
f 1972/1972/1972 1988/1988/1988 1986/1986/1986
f 1989/1989/1989 1978/1978/1978 1980/1980/1980
f 1989/1989/1989 1980/1980/1980 1981/1981/1981
f 1990/1990/1990 1974/1974/1974 1978/1978/1978
f 1990/1990/1990 1978/1978/1978 1989/1989/1989
f 1991/1991/1991 1992/1992/1992 1993/1993/1993
f 1991/1991/1991 1993/1993/1993 1994/1994/1994
f 1995/1995/1995 1996/1996/1996 1997/1997/1997
f 1995/1995/1995 1997/1997/1997 1998/1998/1998
f 1991/1991/1991 1999/1999/1999 2000/2000/2000
f 1991/1991/1991 2000/2000/2000 1998/1998/1998
f 1998/1998/1998 2000/2000/2000 2001/2001/2001
f 1998/1998/1998 2001/2001/2001 1995/1995/1995
f 1998/1998/1998 1997/1997/1997 1992/1992/1992
f 1998/1998/1998 1992/1992/1992 1991/1991/1991
f 2002/2002/2002 1954/1954/1954 1953/1953/1953
f 2002/2002/2002 1953/1953/1953 1965/1965/1965
f 1958/1958/1958 1957/1957/1957 1960/1960/1960
f 1958/1958/1958 1960/1960/1960 2003/2003/2003
f 2004/2004/2004 2002/2002/2002 1965/1965/1965
f 2004/2004/2004 1965/1965/1965 2005/2005/2005
f 2003/2003/2003 1960/1960/1960 2006/2006/2006
f 2003/2003/2003 2006/2006/2006 2007/2007/2007
f 2008/2008/2008 2009/2009/2009 2006/2006/2006
f 2008/2008/2008 2006/2006/2006 2010/2010/2010
f 2006/2006/2006 1960/1960/1960 1959/1959/1959
f 2006/2006/2006 1959/1959/1959 2010/2010/2010
f 1963/1963/1963 1954/1954/1954 2002/2002/2002
f 1963/1963/1963 2002/2002/2002 2011/2011/2011
f 2011/2011/2011 2002/2002/2002 2004/2004/2004
f 2011/2011/2011 2004/2004/2004 2012/2012/2012
f 2005/2005/2005 1965/1965/1965 1964/1964/1964
f 2005/2005/2005 1964/1964/1964 2013/2013/2013
f 2014/2014/2014 2015/2015/2015 2005/2005/2005
f 2014/2014/2014 2005/2005/2005 2013/2013/2013
f 2016/2016/2016 2003/2003/2003 2007/2007/2007
f 2016/2016/2016 2007/2007/2007 2017/2017/2017
f 2013/2013/2013 1964/1964/1964 1968/1968/1968
f 2013/2013/2013 1968/1968/1968 2018/2018/2018
f 2016/2016/2016 1987/1987/1987 1972/1972/1972
f 2016/2016/2016 1972/1972/1972 1970/1970/1970
f 2017/2017/2017 2019/2019/2019 1987/1987/1987
f 2017/2017/2017 1987/1987/1987 2016/2016/2016
f 1970/1970/1970 1958/1958/1958 2003/2003/2003
f 1970/1970/1970 2003/2003/2003 2016/2016/2016
f 2020/2020/2020 2008/2008/2008 2010/2010/2010
f 2020/2020/2020 2010/2010/2010 2021/2021/2021
f 2010/2010/2010 1959/1959/1959 1976/1976/1976
f 2010/2010/2010 1976/1976/1976 2021/2021/2021
f 2022/2022/2022 1982/1982/1982 1980/1980/1980
f 2022/2022/2022 1980/1980/1980 1979/1979/1979
f 2021/2021/2021 1976/1976/1976 1975/1975/1975
f 2021/2021/2021 1975/1975/1975 2023/2023/2023
f 2024/2024/2024 2025/2025/2025 1982/1982/1982
f 2024/2024/2024 1982/1982/1982 2022/2022/2022
f 1979/1979/1979 1963/1963/1963 2011/2011/2011
f 1979/1979/1979 2011/2011/2011 2022/2022/2022
f 2022/2022/2022 2011/2011/2011 2012/2012/2012
f 2022/2022/2022 2012/2012/2012 2024/2024/2024
f 2026/2026/2026 1968/1968/1968 1967/1967/1967
f 2026/2026/2026 1967/1967/1967 1984/1984/1984
f 2027/2027/2027 1983/1983/1983 1982/1982/1982
f 2027/2027/2027 1982/1982/1982 2025/2025/2025
f 2028/2028/2028 2018/2018/2018 1968/1968/1968
f 2028/2028/2028 1968/1968/1968 2026/2026/2026
f 2029/2029/2029 1999/1999/1999 1991/1991/1991
f 2029/2029/2029 1991/1991/1991 1994/1994/1994
f 2030/2030/2030 1975/1975/1975 1974/1974/1974
f 2030/2030/2030 1974/1974/1974 1990/1990/1990
f 2031/2031/2031 2023/2023/2023 1975/1975/1975
f 2031/2031/2031 1975/1975/1975 2030/2030/2030
f 2032/2032/2032 1988/1988/1988 1987/1987/1987
f 2032/2032/2032 1987/1987/1987 2019/2019/2019
f 2033/2033/2033 2029/2029/2029 1994/1994/1994
f 2033/2033/2033 1994/1994/1994 2034/2034/2034
f 2035/2035/2035 2036/2036/2036 2037/2037/2037
f 2035/2035/2035 2037/2037/2037 2038/2038/2038
f 2034/2034/2034 1994/1994/1994 1993/1993/1993
f 2034/2034/2034 1993/1993/1993 2039/2039/2039
f 2035/2035/2035 2040/2040/2040 1996/1996/1996
f 2035/2035/2035 1996/1996/1996 1995/1995/1995
f 2038/2038/2038 2041/2041/2041 2040/2040/2040
f 2038/2038/2038 2040/2040/2040 2035/2035/2035
f 1995/1995/1995 2001/2001/2001 2036/2036/2036
f 1995/1995/1995 2036/2036/2036 2035/2035/2035
f 2042/2042/2042 2014/2014/2014 2013/2013/2013
f 2042/2042/2042 2013/2013/2013 2018/2018/2018
f 2043/2043/2043 2020/2020/2020 2021/2021/2021
f 2043/2043/2043 2021/2021/2021 2023/2023/2023
f 2044/2044/2044 2004/2004/2004 2005/2005/2005
f 2044/2044/2044 2005/2005/2005 2015/2015/2015
f 2045/2045/2045 2046/2046/2046 2047/2047/2047
f 2045/2045/2045 2047/2047/2047 2048/2048/2048
f 2049/2049/2049 2050/2050/2050 2046/2046/2046
f 2049/2049/2049 2046/2046/2046 2045/2045/2045
f 2048/2048/2048 2047/2047/2047 2051/2051/2051
f 2048/2048/2048 2051/2051/2051 2052/2052/2052
f 2049/2049/2049 2053/2053/2053 1866/1866/1866
f 2049/2049/2049 1866/1866/1866 2050/2050/2050
f 2052/2052/2052 2051/2051/2051 2054/2054/2054
f 2052/2052/2052 2054/2054/2054 2055/2055/2055
f 2007/2007/2007 2006/2006/2006 2009/2009/2009
f 2007/2007/2007 2009/2009/2009 2056/2056/2056
f 2054/2054/2054 2044/2044/2044 2015/2015/2015
f 2054/2054/2054 2015/2015/2015 2055/2055/2055
f 2056/2056/2056 2009/2009/2009 2057/2057/2057
f 2056/2056/2056 2057/2057/2057 2058/2058/2058
f 2058/2058/2058 2057/2057/2057 2059/2059/2059
f 2058/2058/2058 2059/2059/2059 2060/2060/2060
f 2060/2060/2060 2059/2059/2059 2061/2061/2061
f 2060/2060/2060 2061/2061/2061 2062/2062/2062
f 2062/2062/2062 2061/2061/2061 2063/2063/2063
f 2062/2062/2062 2063/2063/2063 2064/2064/2064
f 2064/2064/2064 2063/2063/2063 2065/2065/2065
f 2064/2064/2064 2065/2065/2065 2066/2066/2066
f 2067/2067/2067 1864/1864/1864 1863/1863/1863
f 2067/2067/2067 1863/1863/1863 2068/2068/2068
f 2066/2066/2066 2065/2065/2065 2069/2069/2069
f 2066/2066/2066 2069/2069/2069 2070/2070/2070
f 2070/2070/2070 2069/2069/2069 2067/2067/2067
f 2070/2070/2070 2067/2067/2067 2068/2068/2068
f 2071/2071/2071 2069/2069/2069 2065/2065/2065
f 2071/2071/2071 2065/2065/2065 2072/2072/2072
f 2073/2073/2073 2067/2067/2067 2069/2069/2069
f 2073/2073/2073 2069/2069/2069 2071/2071/2071
f 2073/2073/2073 2074/2074/2074 1864/1864/1864
f 2073/2073/2073 1864/1864/1864 2067/2067/2067
f 2072/2072/2072 2065/2065/2065 2063/2063/2063
f 2072/2072/2072 2063/2063/2063 2075/2075/2075
f 2075/2075/2075 2063/2063/2063 2061/2061/2061
f 2075/2075/2075 2061/2061/2061 2076/2076/2076
f 2057/2057/2057 2009/2009/2009 2008/2008/2008
f 2057/2057/2057 2008/2008/2008 2077/2077/2077
f 2076/2076/2076 2061/2061/2061 2059/2059/2059
f 2076/2076/2076 2059/2059/2059 2078/2078/2078
f 2078/2078/2078 2059/2059/2059 2057/2057/2057
f 2078/2078/2078 2057/2057/2057 2077/2077/2077
f 2012/2012/2012 2004/2004/2004 2044/2044/2044
f 2012/2012/2012 2044/2044/2044 2079/2079/2079
f 2079/2079/2079 2044/2044/2044 2054/2054/2054
f 2079/2079/2079 2054/2054/2054 2080/2080/2080
f 2080/2080/2080 2054/2054/2054 2051/2051/2051
f 2080/2080/2080 2051/2051/2051 2081/2081/2081
f 2081/2081/2081 2051/2051/2051 2047/2047/2047
f 2081/2081/2081 2047/2047/2047 2082/2082/2082
f 2050/2050/2050 1866/1866/1866 1865/1865/1865
f 2050/2050/2050 1865/1865/1865 2083/2083/2083
f 2082/2082/2082 2047/2047/2047 2046/2046/2046
f 2082/2082/2082 2046/2046/2046 2084/2084/2084
f 2084/2084/2084 2046/2046/2046 2050/2050/2050
f 2084/2084/2084 2050/2050/2050 2083/2083/2083
f 2085/2085/2085 2086/2086/2086 298/298/298
f 2085/2085/2085 298/298/298 297/297/297
f 297/297/297 285/285/285 1866/1866/1866
f 297/297/297 1866/1866/1866 2053/2053/2053
f 297/297/297 2053/2053/2053 2049/2049/2049
f 297/297/297 2049/2049/2049 2085/2085/2085
f 2087/2087/2087 2088/2088/2088 2086/2086/2086
f 2087/2087/2087 2086/2086/2086 2085/2085/2085
f 2085/2085/2085 2049/2049/2049 2045/2045/2045
f 2085/2085/2085 2045/2045/2045 2087/2087/2087
f 2089/2089/2089 2090/2090/2090 2088/2088/2088
f 2089/2089/2089 2088/2088/2088 2087/2087/2087
f 2087/2087/2087 2045/2045/2045 2048/2048/2048
f 2087/2087/2087 2048/2048/2048 2089/2089/2089
f 2091/2091/2091 2092/2092/2092 2090/2090/2090
f 2091/2091/2091 2090/2090/2090 2089/2089/2089
f 2093/2093/2093 2014/2014/2014 2042/2042/2042
f 2093/2093/2093 2042/2042/2042 2094/2094/2094
f 2093/2093/2093 2094/2094/2094 2092/2092/2092
f 2093/2093/2093 2092/2092/2092 2091/2091/2091
f 2089/2089/2089 2048/2048/2048 2052/2052/2052
f 2089/2089/2089 2052/2052/2052 2091/2091/2091
f 2091/2091/2091 2052/2052/2052 2055/2055/2055
f 2091/2091/2091 2055/2055/2055 2093/2093/2093
f 2095/2095/2095 2056/2056/2056 2058/2058/2058
f 2095/2095/2095 2058/2058/2058 2096/2096/2096
f 2055/2055/2055 2015/2015/2015 2014/2014/2014
f 2055/2055/2055 2014/2014/2014 2093/2093/2093
f 2095/2095/2095 2097/2097/2097 2019/2019/2019
f 2095/2095/2095 2019/2019/2019 2017/2017/2017
f 2096/2096/2096 2098/2098/2098 2097/2097/2097
f 2096/2096/2096 2097/2097/2097 2095/2095/2095
f 2017/2017/2017 2007/2007/2007 2056/2056/2056
f 2017/2017/2017 2056/2056/2056 2095/2095/2095
f 2099/2099/2099 2060/2060/2060 2062/2062/2062
f 2099/2099/2099 2062/2062/2062 2100/2100/2100
f 2099/2099/2099 2101/2101/2101 2098/2098/2098
f 2099/2099/2099 2098/2098/2098 2096/2096/2096
f 2100/2100/2100 2102/2102/2102 2101/2101/2101
f 2100/2100/2100 2101/2101/2101 2099/2099/2099
f 2096/2096/2096 2058/2058/2058 2060/2060/2060
f 2096/2096/2096 2060/2060/2060 2099/2099/2099
f 2103/2103/2103 2064/2064/2064 2066/2066/2066
f 2103/2103/2103 2066/2066/2066 2104/2104/2104
f 2103/2103/2103 2105/2105/2105 2102/2102/2102
f 2103/2103/2103 2102/2102/2102 2100/2100/2100
f 2104/2104/2104 2106/2106/2106 2105/2105/2105
f 2104/2104/2104 2105/2105/2105 2103/2103/2103
f 2100/2100/2100 2062/2062/2062 2064/2064/2064
f 2100/2100/2100 2064/2064/2064 2103/2103/2103
f 2107/2107/2107 2108/2108/2108 2106/2106/2106
f 2107/2107/2107 2106/2106/2106 2104/2104/2104
f 2109/2109/2109 287/287/287 286/286/286
f 2109/2109/2109 286/286/286 2110/2110/2110
f 2109/2109/2109 2110/2110/2110 2108/2108/2108
f 2109/2109/2109 2108/2108/2108 2107/2107/2107
f 2104/2104/2104 2066/2066/2066 2070/2070/2070
f 2104/2104/2104 2070/2070/2070 2107/2107/2107
f 2107/2107/2107 2070/2070/2070 2068/2068/2068
f 2107/2107/2107 2068/2068/2068 2109/2109/2109
f 2068/2068/2068 1863/1863/1863 287/287/287
f 2068/2068/2068 287/287/287 2109/2109/2109
f 2111/2111/2111 2112/2112/2112 300/300/300
f 2111/2111/2111 300/300/300 299/299/299
f 299/299/299 288/288/288 1864/1864/1864
f 299/299/299 1864/1864/1864 2074/2074/2074
f 299/299/299 2074/2074/2074 2073/2073/2073
f 299/299/299 2073/2073/2073 2111/2111/2111
f 2111/2111/2111 2073/2073/2073 2071/2071/2071
f 2111/2111/2111 2071/2071/2071 2113/2113/2113
f 2113/2113/2113 2114/2114/2114 2112/2112/2112
f 2113/2113/2113 2112/2112/2112 2111/2111/2111
f 2115/2115/2115 2116/2116/2116 2114/2114/2114
f 2115/2115/2115 2114/2114/2114 2113/2113/2113
f 2113/2113/2113 2071/2071/2071 2072/2072/2072
f 2113/2113/2113 2072/2072/2072 2115/2115/2115
f 2117/2117/2117 2118/2118/2118 2116/2116/2116
f 2117/2117/2117 2116/2116/2116 2115/2115/2115
f 2119/2119/2119 2120/2120/2120 2118/2118/2118
f 2119/2119/2119 2118/2118/2118 2117/2117/2117
f 2115/2115/2115 2072/2072/2072 2075/2075/2075
f 2115/2115/2115 2075/2075/2075 2117/2117/2117
f 2117/2117/2117 2075/2075/2075 2076/2076/2076
f 2117/2117/2117 2076/2076/2076 2119/2119/2119
f 2121/2121/2121 2122/2122/2122 2120/2120/2120
f 2121/2121/2121 2120/2120/2120 2119/2119/2119
f 2123/2123/2123 2020/2020/2020 2043/2043/2043
f 2123/2123/2123 2043/2043/2043 2124/2124/2124
f 2123/2123/2123 2124/2124/2124 2122/2122/2122
f 2123/2123/2123 2122/2122/2122 2121/2121/2121
f 2119/2119/2119 2076/2076/2076 2078/2078/2078
f 2119/2119/2119 2078/2078/2078 2121/2121/2121
f 2121/2121/2121 2078/2078/2078 2077/2077/2077
f 2121/2121/2121 2077/2077/2077 2123/2123/2123
f 2125/2125/2125 2079/2079/2079 2080/2080/2080
f 2125/2125/2125 2080/2080/2080 2126/2126/2126
f 2077/2077/2077 2008/2008/2008 2020/2020/2020
f 2077/2077/2077 2020/2020/2020 2123/2123/2123
f 2125/2125/2125 2127/2127/2127 2025/2025/2025
f 2125/2125/2125 2025/2025/2025 2024/2024/2024
f 2126/2126/2126 2128/2128/2128 2127/2127/2127
f 2126/2126/2126 2127/2127/2127 2125/2125/2125
f 2024/2024/2024 2012/2012/2012 2079/2079/2079
f 2024/2024/2024 2079/2079/2079 2125/2125/2125
f 2129/2129/2129 2081/2081/2081 2082/2082/2082
f 2129/2129/2129 2082/2082/2082 2130/2130/2130
f 2129/2129/2129 2131/2131/2131 2128/2128/2128
f 2129/2129/2129 2128/2128/2128 2126/2126/2126
f 2130/2130/2130 2132/2132/2132 2131/2131/2131
f 2130/2130/2130 2131/2131/2131 2129/2129/2129
f 2126/2126/2126 2080/2080/2080 2081/2081/2081
f 2126/2126/2126 2081/2081/2081 2129/2129/2129
f 2133/2133/2133 2084/2084/2084 2083/2083/2083
f 2133/2133/2133 2083/2083/2083 2134/2134/2134
f 2083/2083/2083 1865/1865/1865 284/284/284
f 2083/2083/2083 284/284/284 2134/2134/2134
f 2133/2133/2133 2135/2135/2135 2132/2132/2132
f 2133/2133/2133 2132/2132/2132 2130/2130/2130
f 2134/2134/2134 2136/2136/2136 2135/2135/2135
f 2134/2134/2134 2135/2135/2135 2133/2133/2133
f 2130/2130/2130 2082/2082/2082 2084/2084/2084
f 2130/2130/2130 2084/2084/2084 2133/2133/2133
f 2134/2134/2134 284/284/284 283/283/283
f 2134/2134/2134 283/283/283 2136/2136/2136
f 2027/2027/2027 2025/2025/2025 2127/2127/2127
f 2027/2027/2027 2127/2127/2127 2137/2137/2137
f 2137/2137/2137 2127/2127/2127 2128/2128/2128
f 2137/2137/2137 2128/2128/2128 2138/2138/2138
f 2139/2139/2139 2140/2140/2140 2034/2034/2034
f 2139/2139/2139 2034/2034/2034 2039/2039/2039
f 2128/2128/2128 2131/2131/2131 2141/2141/2141
f 2128/2128/2128 2141/2141/2141 2138/2138/2138
f 2032/2032/2032 2019/2019/2019 2097/2097/2097
f 2032/2032/2032 2097/2097/2097 2142/2142/2142
f 2142/2142/2142 2097/2097/2097 2098/2098/2098
f 2142/2142/2142 2098/2098/2098 2143/2143/2143
f 2144/2144/2144 2033/2033/2033 2034/2034/2034
f 2144/2144/2144 2034/2034/2034 2140/2140/2140
f 2042/2042/2042 2018/2018/2018 2028/2028/2028
f 2042/2042/2042 2028/2028/2028 2145/2145/2145
f 2145/2145/2145 2146/2146/2146 2094/2094/2094
f 2145/2145/2145 2094/2094/2094 2042/2042/2042
f 2147/2147/2147 2043/2043/2043 2023/2023/2023
f 2147/2147/2147 2023/2023/2023 2031/2031/2031
f 2148/2148/2148 2124/2124/2124 2043/2043/2043
f 2148/2148/2148 2043/2043/2043 2147/2147/2147
f 2149/2149/2149 2092/2092/2092 2094/2094/2094
f 2149/2149/2149 2094/2094/2094 2146/2146/2146
f 2150/2150/2150 2090/2090/2090 2092/2092/2092
f 2150/2150/2150 2092/2092/2092 2149/2149/2149
f 2151/2151/2151 2136/2136/2136 283/283/283
f 2151/2151/2151 283/283/283 2152/2152/2152
f 2153/2153/2153 2088/2088/2088 2090/2090/2090
f 2153/2153/2153 2090/2090/2090 2150/2150/2150
f 2154/2154/2154 2086/2086/2086 2088/2088/2088
f 2154/2154/2154 2088/2088/2088 2153/2153/2153
f 2155/2155/2155 2135/2135/2135 2136/2136/2136
f 2155/2155/2155 2136/2136/2136 2151/2151/2151
f 2154/2154/2154 2156/2156/2156 298/298/298
f 2154/2154/2154 298/298/298 2086/2086/2086
f 2157/2157/2157 2132/2132/2132 2135/2135/2135
f 2157/2157/2157 2135/2135/2135 2155/2155/2155
f 2157/2157/2157 2141/2141/2141 2131/2131/2131
f 2157/2157/2157 2131/2131/2131 2132/2132/2132
f 2143/2143/2143 2098/2098/2098 2101/2101/2101
f 2143/2143/2143 2101/2101/2101 2158/2158/2158
f 2158/2158/2158 2101/2101/2101 2102/2102/2102
f 2158/2158/2158 2102/2102/2102 2159/2159/2159
f 2102/2102/2102 2105/2105/2105 2160/2160/2160
f 2102/2102/2102 2160/2160/2160 2159/2159/2159
f 2161/2161/2161 2122/2122/2122 2124/2124/2124
f 2161/2161/2161 2124/2124/2124 2148/2148/2148
f 2162/2162/2162 2120/2120/2120 2122/2122/2122
f 2162/2162/2162 2122/2122/2122 2161/2161/2161
f 2163/2163/2163 2118/2118/2118 2120/2120/2120
f 2163/2163/2163 2120/2120/2120 2162/2162/2162
f 2164/2164/2164 2116/2116/2116 2118/2118/2118
f 2164/2164/2164 2118/2118/2118 2163/2163/2163
f 2165/2165/2165 2110/2110/2110 286/286/286
f 2165/2165/2165 286/286/286 2166/2166/2166
f 2167/2167/2167 2114/2114/2114 2116/2116/2116
f 2167/2167/2167 2116/2116/2116 2164/2164/2164
f 2168/2168/2168 2112/2112/2112 2114/2114/2114
f 2168/2168/2168 2114/2114/2114 2167/2167/2167
f 2168/2168/2168 2169/2169/2169 300/300/300
f 2168/2168/2168 300/300/300 2112/2112/2112
f 2170/2170/2170 2108/2108/2108 2110/2110/2110
f 2170/2170/2170 2110/2110/2110 2165/2165/2165
f 2171/2171/2171 2106/2106/2106 2108/2108/2108
f 2171/2171/2171 2108/2108/2108 2170/2170/2170
f 2171/2171/2171 2160/2160/2160 2105/2105/2105
f 2171/2171/2171 2105/2105/2105 2106/2106/2106
f 2172/2172/2172 2173/2173/2173 2174/2174/2174
f 2172/2172/2172 2174/2174/2174 2175/2175/2175
f 2175/2175/2175 2176/2176/2176 2177/2177/2177
f 2175/2175/2175 2177/2177/2177 2172/2172/2172
f 2172/2172/2172 2177/2177/2177 2178/2178/2178
f 2172/2172/2172 2178/2178/2178 2179/2179/2179
f 2179/2179/2179 2178/2178/2178 2180/2180/2180
f 2179/2179/2179 2180/2180/2180 2181/2181/2181
f 2179/2179/2179 2182/2182/2182 2173/2173/2173
f 2179/2179/2179 2173/2173/2173 2172/2172/2172
f 2181/2181/2181 2183/2183/2183 2182/2182/2182
f 2181/2181/2181 2182/2182/2182 2179/2179/2179
f 2181/2181/2181 2180/2180/2180 2184/2184/2184
f 2181/2181/2181 2184/2184/2184 2185/2185/2185
f 2185/2185/2185 2186/2186/2186 2183/2183/2183
f 2185/2185/2185 2183/2183/2183 2181/2181/2181
f 2187/2187/2187 2144/2144/2144 2140/2140/2140
f 2187/2187/2187 2140/2140/2140 2188/2188/2188
f 2185/2185/2185 2184/2184/2184 2187/2187/2187
f 2185/2185/2185 2187/2187/2187 2188/2188/2188
f 2188/2188/2188 2189/2189/2189 2186/2186/2186
f 2188/2188/2188 2186/2186/2186 2185/2185/2185
f 2190/2190/2190 2191/2191/2191 2192/2192/2192
f 2190/2190/2190 2192/2192/2192 2193/2193/2193
f 2188/2188/2188 2140/2140/2140 2139/2139/2139
f 2188/2188/2188 2139/2139/2139 2189/2189/2189
f 2038/2038/2038 2037/2037/2037 2194/2194/2194
f 2038/2038/2038 2194/2194/2194 2193/2193/2193
f 2193/2193/2193 2194/2194/2194 2195/2195/2195
f 2193/2193/2193 2195/2195/2195 2190/2190/2190
f 2193/2193/2193 2192/2192/2192 2041/2041/2041
f 2193/2193/2193 2041/2041/2041 2038/2038/2038
f 2196/2196/2196 2197/2197/2197 2198/2198/2198
f 2196/2196/2196 2198/2198/2198 2199/2199/2199
f 2190/2190/2190 2195/2195/2195 2200/2200/2200
f 2190/2190/2190 2200/2200/2200 2199/2199/2199
f 2199/2199/2199 2200/2200/2200 2201/2201/2201
f 2199/2199/2199 2201/2201/2201 2196/2196/2196
f 2199/2199/2199 2198/2198/2198 2191/2191/2191
f 2199/2199/2199 2191/2191/2191 2190/2190/2190
f 2202/2202/2202 2203/2203/2203 2204/2204/2204
f 2202/2202/2202 2204/2204/2204 2205/2205/2205
f 2202/2202/2202 2206/2206/2206 2197/2197/2197
f 2202/2202/2202 2197/2197/2197 2196/2196/2196
f 2205/2205/2205 2207/2207/2207 2206/2206/2206
f 2205/2205/2205 2206/2206/2206 2202/2202/2202
f 2196/2196/2196 2201/2201/2201 2203/2203/2203
f 2196/2196/2196 2203/2203/2203 2202/2202/2202
f 2205/2205/2205 2204/2204/2204 2208/2208/2208
f 2205/2205/2205 2208/2208/2208 2209/2209/2209
f 2210/2210/2210 2211/2211/2211 2212/2212/2212
f 2210/2210/2210 2212/2212/2212 2213/2213/2213
f 2209/2209/2209 2214/2214/2214 2207/2207/2207
f 2209/2209/2209 2207/2207/2207 2205/2205/2205
f 2210/2210/2210 2213/2213/2213 2214/2214/2214
f 2210/2210/2210 2214/2214/2214 2209/2209/2209
f 2209/2209/2209 2208/2208/2208 2215/2215/2215
f 2209/2209/2209 2215/2215/2215 2210/2210/2210
f 2215/2215/2215 2216/2216/2216 2211/2211/2211
f 2215/2215/2215 2211/2211/2211 2210/2210/2210
f 2217/2217/2217 1939/1939/1939 292/292/292
f 2217/2217/2217 292/292/292 2218/2218/2218
f 2219/2219/2219 2220/2220/2220 2221/2221/2221
f 2219/2219/2219 2221/2221/2221 2222/2222/2222
f 2223/2223/2223 291/291/291 300/300/300
f 2223/2223/2223 300/300/300 2169/2169/2169
f 2218/2218/2218 292/292/292 291/291/291
f 2218/2218/2218 291/291/291 2223/2223/2223
f 2224/2224/2224 304/304/304 301/301/301
f 2224/2224/2224 301/301/301 2219/2219/2219
f 2224/2224/2224 2219/2219/2219 2222/2222/2222
f 2224/2224/2224 2222/2222/2222 2225/2225/2225
f 2226/2226/2226 2211/2211/2211 2216/2216/2216
f 2226/2226/2226 2216/2216/2216 2227/2227/2227
f 2226/2226/2226 2225/2225/2225 2212/2212/2212
f 2226/2226/2226 2212/2212/2212 2211/2211/2211
f 2228/2228/2228 305/305/305 304/304/304
f 2228/2228/2228 304/304/304 2224/2224/2224
f 2228/2228/2228 2224/2224/2224 2225/2225/2225
f 2228/2228/2228 2225/2225/2225 2226/2226/2226
f 2166/2166/2166 286/286/286 294/294/294
f 2166/2166/2166 294/294/294 2229/2229/2229
f 2228/2228/2228 2226/2226/2226 2227/2227/2227
f 2228/2228/2228 2227/2227/2227 2230/2230/2230
f 306/306/306 305/305/305 2228/2228/2228
f 306/306/306 2228/2228/2228 2230/2230/2230
f 2231/2231/2231 295/295/295 1945/1945/1945
f 2231/2231/2231 1945/1945/1945 2232/2232/2232
f 2229/2229/2229 294/294/294 295/295/295
f 2229/2229/2229 295/295/295 2231/2231/2231
f 2230/2230/2230 2227/2227/2227 2233/2233/2233
f 2230/2230/2230 2233/2233/2233 2234/2234/2234
f 307/307/307 306/306/306 2230/2230/2230
f 307/307/307 2230/2230/2230 2234/2234/2234
f 2234/2234/2234 2233/2233/2233 2235/2235/2235
f 2234/2234/2234 2235/2235/2235 2236/2236/2236
f 308/308/308 307/307/307 2234/2234/2234
f 308/308/308 2234/2234/2234 2236/2236/2236
f 2237/2237/2237 1944/1944/1944 1943/1943/1943
f 2237/2237/2237 1943/1943/1943 2238/2238/2238
f 2232/2232/2232 1945/1945/1945 1944/1944/1944
f 2232/2232/2232 1944/1944/1944 2237/2237/2237
f 2236/2236/2236 2235/2235/2235 2239/2239/2239
f 2236/2236/2236 2239/2239/2239 2240/2240/2240
f 309/309/309 308/308/308 2236/2236/2236
f 309/309/309 2236/2236/2236 2240/2240/2240
f 2240/2240/2240 2239/2239/2239 2241/2241/2241
f 2240/2240/2240 2241/2241/2241 2242/2242/2242
f 310/310/310 309/309/309 2240/2240/2240
f 310/310/310 2240/2240/2240 2242/2242/2242
f 2238/2238/2238 1943/1943/1943 1942/1942/1942
f 2238/2238/2238 1942/1942/1942 2243/2243/2243
f 2242/2242/2242 2241/2241/2241 2244/2244/2244
f 2242/2242/2242 2244/2244/2244 2245/2245/2245
f 311/311/311 310/310/310 2242/2242/2242
f 311/311/311 2242/2242/2242 2245/2245/2245
f 2243/2243/2243 1942/1942/1942 1941/1941/1941
f 2243/2243/2243 1941/1941/1941 2246/2246/2246
f 2245/2245/2245 2244/2244/2244 2247/2247/2247
f 2245/2245/2245 2247/2247/2247 2248/2248/2248
f 312/312/312 311/311/311 2245/2245/2245
f 312/312/312 2245/2245/2245 2248/2248/2248
f 2249/2249/2249 1940/1940/1940 1939/1939/1939
f 2249/2249/2249 1939/1939/1939 2217/2217/2217
f 2246/2246/2246 1941/1941/1941 1940/1940/1940
f 2246/2246/2246 1940/1940/1940 2249/2249/2249
f 2220/2220/2220 303/303/303 313/313/313
f 2220/2220/2220 313/313/313 2250/2250/2250
f 2219/2219/2219 301/301/301 303/303/303
f 2219/2219/2219 303/303/303 2220/2220/2220
f 2250/2250/2250 2251/2251/2251 2221/2221/2221
f 2250/2250/2250 2221/2221/2221 2220/2220/2220
f 2250/2250/2250 313/313/313 312/312/312
f 2250/2250/2250 312/312/312 2248/2248/2248
f 2250/2250/2250 2248/2248/2248 2247/2247/2247
f 2250/2250/2250 2247/2247/2247 2251/2251/2251
f 2252/2252/2252 1951/1951/1951 1950/1950/1950
f 2252/2252/2252 1950/1950/1950 2253/2253/2253
f 2254/2254/2254 2255/2255/2255 2256/2256/2256
f 2254/2254/2254 2256/2256/2256 2257/2257/2257
f 2253/2253/2253 1950/1950/1950 1949/1949/1949
f 2253/2253/2253 1949/1949/1949 2258/2258/2258
f 2254/2254/2254 2257/2257/2257 2259/2259/2259
f 2254/2254/2254 2259/2259/2259 2260/2260/2260
f 317/317/317 314/314/314 2254/2254/2254
f 317/317/317 2254/2254/2254 2260/2260/2260
f 2258/2258/2258 1949/1949/1949 1948/1948/1948
f 2258/2258/2258 1948/1948/1948 2261/2261/2261
f 2262/2262/2262 318/318/318 317/317/317
f 2262/2262/2262 317/317/317 2260/2260/2260
f 2262/2262/2262 2260/2260/2260 2259/2259/2259
f 2262/2262/2262 2259/2259/2259 2263/2263/2263
f 2264/2264/2264 278/278/278 280/280/280
f 2264/2264/2264 280/280/280 2265/2265/2265
f 2261/2261/2261 1948/1948/1948 278/278/278
f 2261/2261/2261 278/278/278 2264/2264/2264
f 2266/2266/2266 319/319/319 318/318/318
f 2266/2266/2266 318/318/318 2262/2262/2262
f 2266/2266/2266 2262/2262/2262 2263/2263/2263
f 2266/2266/2266 2263/2263/2263 2267/2267/2267
f 2265/2265/2265 280/280/280 298/298/298
f 2265/2265/2265 298/298/298 2156/2156/2156
f 2266/2266/2266 2267/2267/2267 2268/2268/2268
f 2266/2266/2266 2268/2268/2268 2269/2269/2269
f 320/320/320 319/319/319 2266/2266/2266
f 320/320/320 2266/2266/2266 2269/2269/2269
f 2270/2270/2270 2175/2175/2175 2174/2174/2174
f 2270/2270/2270 2174/2174/2174 2271/2271/2271
f 2270/2270/2270 2268/2268/2268 2176/2176/2176
f 2270/2270/2270 2176/2176/2176 2175/2175/2175
f 2269/2269/2269 2268/2268/2268 2270/2270/2270
f 2269/2269/2269 2270/2270/2270 2272/2272/2272
f 321/321/321 320/320/320 2269/2269/2269
f 321/321/321 2269/2269/2269 2272/2272/2272
f 2152/2152/2152 283/283/283 275/275/275
f 2152/2152/2152 275/275/275 2273/2273/2273
f 2272/2272/2272 2270/2270/2270 2271/2271/2271
f 2272/2272/2272 2271/2271/2271 2274/2274/2274
f 322/322/322 321/321/321 2272/2272/2272
f 322/322/322 2272/2272/2272 2274/2274/2274
f 2273/2273/2273 275/275/275 296/296/296
f 2273/2273/2273 296/296/296 2275/2275/2275
f 2276/2276/2276 323/323/323 322/322/322
f 2276/2276/2276 322/322/322 2274/2274/2274
f 2276/2276/2276 2274/2274/2274 2271/2271/2271
f 2276/2276/2276 2271/2271/2271 2277/2277/2277
f 2275/2275/2275 296/296/296 1947/1947/1947
f 2275/2275/2275 1947/1947/1947 2278/2278/2278
f 2276/2276/2276 2277/2277/2277 2279/2279/2279
f 2276/2276/2276 2279/2279/2279 2280/2280/2280
f 324/324/324 323/323/323 2276/2276/2276
f 324/324/324 2276/2276/2276 2280/2280/2280
f 2281/2281/2281 1946/1946/1946 1952/1952/1952
f 2281/2281/2281 1952/1952/1952 2282/2282/2282
f 2278/2278/2278 1947/1947/1947 1946/1946/1946
f 2278/2278/2278 1946/1946/1946 2281/2281/2281
f 2283/2283/2283 325/325/325 324/324/324
f 2283/2283/2283 324/324/324 2280/2280/2280
f 2283/2283/2283 2280/2280/2280 2279/2279/2279
f 2283/2283/2283 2279/2279/2279 2284/2284/2284
f 2282/2282/2282 1952/1952/1952 1951/1951/1951
f 2282/2282/2282 1951/1951/1951 2252/2252/2252
f 2255/2255/2255 316/316/316 326/326/326
f 2255/2255/2255 326/326/326 2285/2285/2285
f 2254/2254/2254 314/314/314 316/316/316
f 2254/2254/2254 316/316/316 2255/2255/2255
f 2285/2285/2285 2286/2286/2286 2256/2256/2256
f 2285/2285/2285 2256/2256/2256 2255/2255/2255
f 2283/2283/2283 2284/2284/2284 2286/2286/2286
f 2283/2283/2283 2286/2286/2286 2285/2285/2285
f 326/326/326 325/325/325 2283/2283/2283
f 326/326/326 2283/2283/2283 2285/2285/2285
