bird,view,seconds,x,y,z,visible,state
maya,before,0.002,-3.000,0.102,4.000,True,idle|wait=29.97|panic=0.00|target=1|speed=0.00|near=False|yaw=0.0|peeing=False|peeCooldown=153.2|aerial=False|glide=False|legs=0|activity=Watch|site=-1|visits=0|perch=-1|birdPhase=2|landings=0
maya,before,0.108,-3.000,0.102,4.000,True,idle|wait=29.76|panic=0.00|target=1|speed=0.00|near=False|yaw=0.0|peeing=False|peeCooldown=153.2|aerial=False|glide=False|legs=0|activity=Watch|site=-1|visits=0|perch=-1|birdPhase=2|landings=0
maya,before,0.209,-3.000,0.102,4.000,True,idle|wait=29.65|panic=0.00|target=1|speed=0.00|near=False|yaw=0.0|peeing=False|peeCooldown=153.2|aerial=False|glide=False|legs=0|activity=Watch|site=-1|visits=0|perch=-1|birdPhase=2|landings=0
maya,before,0.310,-3.000,0.102,4.000,True,idle|wait=29.55|panic=0.00|target=1|speed=0.00|near=False|yaw=0.0|peeing=False|peeCooldown=153.2|aerial=False|glide=False|legs=0|activity=Watch|site=-1|visits=0|perch=-1|birdPhase=2|landings=0
maya,before,0.412,-3.000,0.102,4.000,True,idle|wait=29.45|panic=0.00|target=1|speed=0.00|near=False|yaw=0.0|peeing=False|peeCooldown=153.2|aerial=False|glide=False|legs=0|activity=Watch|site=-1|visits=0|perch=-1|birdPhase=2|landings=0
maya,before,0.512,-3.000,0.102,4.000,True,idle|wait=29.35|panic=0.00|target=1|speed=0.00|near=False|yaw=0.0|peeing=False|peeCooldown=153.2|aerial=False|glide=False|legs=0|activity=Watch|site=-1|visits=0|perch=-1|birdPhase=2|landings=0
maya,before,0.613,-3.000,0.102,4.000,True,idle|wait=29.25|panic=0.00|target=1|speed=0.00|near=False|yaw=0.0|peeing=False|peeCooldown=153.2|aerial=False|glide=False|legs=0|activity=Watch|site=-1|visits=0|perch=-1|birdPhase=2|landings=0
maya,before,0.715,-3.000,0.102,4.000,True,idle|wait=29.14|panic=0.00|target=1|speed=0.00|near=False|yaw=0.0|peeing=False|peeCooldown=153.2|aerial=False|glide=False|legs=0|activity=Watch|site=-1|visits=0|perch=-1|birdPhase=2|landings=0
maya,before,0.816,-3.000,0.102,4.000,True,idle|wait=29.04|panic=0.00|target=1|speed=0.00|near=False|yaw=0.0|peeing=False|peeCooldown=153.2|aerial=False|glide=False|legs=0|activity=Watch|site=-1|visits=0|perch=-1|birdPhase=2|landings=0
maya,before,0.917,-3.000,0.102,4.000,True,peck|wait=28.94|panic=0.00|target=1|speed=0.00|near=False|yaw=0.0|peeing=False|peeCooldown=153.2|aerial=False|glide=False|legs=0|activity=Watch|site=-1|visits=0|perch=-1|birdPhase=2|landings=0
maya,before,1.021,-3.000,0.102,4.000,True,peck|wait=28.87|panic=0.00|target=1|speed=0.00|near=True|yaw=0.0|peeing=False|peeCooldown=153.2|aerial=False|glide=False|legs=0|activity=Watch|site=-1|visits=0|perch=-1|birdPhase=2|landings=0
maya,before,1.129,-3.000,0.326,4.298,True,fly|wait=28.84|panic=0.00|target=1|speed=0.00|near=True|yaw=0.0|peeing=False|peeCooldown=153.2|aerial=False|glide=False|legs=0|activity=Watch|site=-1|visits=0|perch=-1|birdPhase=3|landings=0
maya,before,1.230,-3.000,0.712,4.813,True,fly|wait=28.84|panic=0.00|target=1|speed=0.00|near=True|yaw=0.0|peeing=False|peeCooldown=153.2|aerial=False|glide=False|legs=0|activity=Watch|site=-1|visits=0|perch=-1|birdPhase=3|landings=0
maya,before,1.331,-3.000,1.014,5.216,True,fly|wait=28.84|panic=0.00|target=1|speed=0.00|near=True|yaw=0.0|peeing=False|peeCooldown=153.2|aerial=False|glide=False|legs=0|activity=Watch|site=-1|visits=0|perch=-1|birdPhase=3|landings=0
maya,before,1.436,-3.000,1.312,5.614,True,fly|wait=28.84|panic=0.00|target=1|speed=0.00|near=True|yaw=0.0|peeing=False|peeCooldown=153.2|aerial=False|glide=False|legs=0|activity=Watch|site=-1|visits=0|perch=-1|birdPhase=3|landings=0
maya,before,1.537,-3.000,1.621,6.026,True,fly|wait=28.84|panic=0.00|target=1|speed=0.00|near=True|yaw=0.0|peeing=False|peeCooldown=153.2|aerial=False|glide=False|legs=0|activity=Watch|site=-1|visits=0|perch=-1|birdPhase=3|landings=0
maya,before,1.638,-3.000,1.916,6.419,True,fly|wait=28.84|panic=0.00|target=1|speed=0.00|near=False|yaw=0.0|peeing=False|peeCooldown=153.2|aerial=False|glide=False|legs=0|activity=Watch|site=-1|visits=0|perch=-1|birdPhase=3|landings=0
maya,before,1.738,-3.000,2.134,6.710,True,fly|wait=28.84|panic=0.00|target=1|speed=0.00|near=False|yaw=0.0|peeing=False|peeCooldown=153.2|aerial=False|glide=False|legs=0|activity=Watch|site=-1|visits=0|perch=-1|birdPhase=3|landings=0
maya,before,1.847,-3.000,2.456,7.139,True,fly|wait=28.84|panic=0.00|target=1|speed=0.00|near=False|yaw=0.0|peeing=False|peeCooldown=153.2|aerial=False|glide=False|legs=0|activity=Watch|site=-1|visits=0|perch=-1|birdPhase=3|landings=0
maya,before,1.948,-3.000,2.833,7.642,True,fly|wait=28.84|panic=0.00|target=1|speed=0.00|near=False|yaw=0.0|peeing=False|peeCooldown=153.2|aerial=False|glide=False|legs=0|activity=Watch|site=-1|visits=0|perch=-1|birdPhase=3|landings=0
maya,before,2.052,-3.000,3.062,7.946,True,fly|wait=28.84|panic=0.00|target=1|speed=0.00|near=False|yaw=0.0|peeing=False|peeCooldown=153.2|aerial=False|glide=False|legs=0|activity=Watch|site=-1|visits=0|perch=-1|birdPhase=3|landings=0
maya,before,2.159,-3.000,3.102,8.000,False,fly|wait=18.39|panic=0.00|target=1|speed=0.00|near=False|yaw=0.0|peeing=False|peeCooldown=153.2|aerial=False|glide=False|legs=0|activity=Watch|site=-1|visits=0|perch=-1|birdPhase=0|landings=0
maya,before,2.259,-3.000,3.102,8.000,False,fly|wait=18.29|panic=0.00|target=1|speed=0.00|near=False|yaw=0.0|peeing=False|peeCooldown=153.2|aerial=False|glide=False|legs=0|activity=Watch|site=-1|visits=0|perch=-1|birdPhase=0|landings=0
maya,before,2.360,-3.000,3.102,8.000,False,fly|wait=18.19|panic=0.00|target=1|speed=0.00|near=False|yaw=0.0|peeing=False|peeCooldown=153.2|aerial=False|glide=False|legs=0|activity=Watch|site=-1|visits=0|perch=-1|birdPhase=0|landings=0
maya,before,2.467,-3.000,3.102,8.000,False,fly|wait=18.08|panic=0.00|target=1|speed=0.00|near=False|yaw=0.0|peeing=False|peeCooldown=153.2|aerial=False|glide=False|legs=0|activity=Watch|site=-1|visits=0|perch=-1|birdPhase=0|landings=0
maya,before,2.568,-3.000,3.102,8.000,False,fly|wait=17.95|panic=0.00|target=1|speed=0.00|near=False|yaw=0.0|peeing=False|peeCooldown=153.2|aerial=False|glide=False|legs=0|activity=Watch|site=-1|visits=0|perch=-1|birdPhase=0|landings=0
maya,before,2.671,-3.000,3.102,8.000,False,fly|wait=17.88|panic=0.00|target=1|speed=0.00|near=False|yaw=0.0|peeing=False|peeCooldown=153.2|aerial=False|glide=False|legs=0|activity=Watch|site=-1|visits=0|perch=-1|birdPhase=0|landings=0
maya,before,2.772,-3.000,3.102,8.000,False,fly|wait=17.75|panic=0.00|target=1|speed=0.00|near=False|yaw=0.0|peeing=False|peeCooldown=153.2|aerial=False|glide=False|legs=0|activity=Watch|site=-1|visits=0|perch=-1|birdPhase=0|landings=0
maya,before,2.879,-3.000,3.102,8.000,False,fly|wait=17.67|panic=0.00|target=1|speed=0.00|near=False|yaw=0.0|peeing=False|peeCooldown=153.2|aerial=False|glide=False|legs=0|activity=Watch|site=-1|visits=0|perch=-1|birdPhase=0|landings=0
maya,before,2.982,-3.000,3.102,8.000,False,fly|wait=17.56|panic=0.00|target=1|speed=0.00|near=False|yaw=0.0|peeing=False|peeCooldown=153.2|aerial=False|glide=False|legs=0|activity=Watch|site=-1|visits=0|perch=-1|birdPhase=0|landings=0
maya,before,3.085,-3.000,3.102,8.000,False,fly|wait=17.46|panic=0.00|target=1|speed=0.00|near=False|yaw=0.0|peeing=False|peeCooldown=153.2|aerial=False|glide=False|legs=0|activity=Watch|site=-1|visits=0|perch=-1|birdPhase=0|landings=0
maya,before,3.198,-3.000,3.102,8.000,False,fly|wait=17.36|panic=0.00|target=1|speed=0.00|near=False|yaw=0.0|peeing=False|peeCooldown=153.2|aerial=False|glide=False|legs=0|activity=Watch|site=-1|visits=0|perch=-1|birdPhase=0|landings=0
maya,before,3.298,-3.000,3.102,8.000,False,fly|wait=17.25|panic=0.00|target=1|speed=0.00|near=False|yaw=0.0|peeing=False|peeCooldown=153.2|aerial=False|glide=False|legs=0|activity=Watch|site=-1|visits=0|perch=-1|birdPhase=0|landings=0
maya,before,3.404,-3.000,3.102,8.000,False,fly|wait=17.15|panic=0.00|target=1|speed=0.00|near=False|yaw=0.0|peeing=False|peeCooldown=153.2|aerial=False|glide=False|legs=0|activity=Watch|site=-1|visits=0|perch=-1|birdPhase=0|landings=0
maya,before,3.510,-3.000,3.102,8.000,False,fly|wait=17.04|panic=0.00|target=1|speed=0.00|near=False|yaw=0.0|peeing=False|peeCooldown=153.2|aerial=False|glide=False|legs=0|activity=Watch|site=-1|visits=0|perch=-1|birdPhase=0|landings=0
maya,before,3.614,-3.000,3.102,8.000,False,fly|wait=16.91|panic=0.00|target=1|speed=0.00|near=False|yaw=0.0|peeing=False|peeCooldown=153.2|aerial=False|glide=False|legs=0|activity=Watch|site=-1|visits=0|perch=-1|birdPhase=0|landings=0
maya,before,3.717,-3.000,3.102,8.000,False,fly|wait=16.80|panic=0.00|target=1|speed=0.00|near=False|yaw=0.0|peeing=False|peeCooldown=153.2|aerial=False|glide=False|legs=0|activity=Watch|site=-1|visits=0|perch=-1|birdPhase=0|landings=0
maya,before,3.818,-3.000,3.102,8.000,False,fly|wait=16.70|panic=0.00|target=1|speed=0.00|near=False|yaw=0.0|peeing=False|peeCooldown=153.2|aerial=False|glide=False|legs=0|activity=Watch|site=-1|visits=0|perch=-1|birdPhase=0|landings=0
maya,before,3.919,-3.000,3.102,8.000,False,fly|wait=16.60|panic=0.00|target=1|speed=0.00|near=False|yaw=0.0|peeing=False|peeCooldown=153.2|aerial=False|glide=False|legs=0|activity=Watch|site=-1|visits=0|perch=-1|birdPhase=0|landings=0
maya,before,4.019,-3.000,3.102,8.000,False,fly|wait=16.50|panic=0.00|target=1|speed=0.00|near=False|yaw=0.0|peeing=False|peeCooldown=153.2|aerial=False|glide=False|legs=0|activity=Watch|site=-1|visits=0|perch=-1|birdPhase=0|landings=0
maya,before,4.122,-3.000,3.102,8.000,False,fly|wait=16.43|panic=0.00|target=1|speed=0.00|near=False|yaw=0.0|peeing=False|peeCooldown=153.2|aerial=False|glide=False|legs=0|activity=Watch|site=-1|visits=0|perch=-1|birdPhase=0|landings=0
maya,before,4.222,-3.000,3.102,8.000,False,fly|wait=16.32|panic=0.00|target=1|speed=0.00|near=False|yaw=0.0|peeing=False|peeCooldown=153.2|aerial=False|glide=False|legs=0|activity=Watch|site=-1|visits=0|perch=-1|birdPhase=0|landings=0
maya,before,4.332,-3.000,3.102,8.000,False,fly|wait=16.22|panic=0.00|target=1|speed=0.00|near=False|yaw=0.0|peeing=False|peeCooldown=153.2|aerial=False|glide=False|legs=0|activity=Watch|site=-1|visits=0|perch=-1|birdPhase=0|landings=0
maya,before,4.433,-3.000,3.102,8.000,False,fly|wait=16.09|panic=0.00|target=1|speed=0.00|near=False|yaw=0.0|peeing=False|peeCooldown=153.2|aerial=False|glide=False|legs=0|activity=Watch|site=-1|visits=0|perch=-1|birdPhase=0|landings=0
maya,before,4.535,-3.000,3.102,8.000,False,fly|wait=16.01|panic=0.00|target=1|speed=0.00|near=False|yaw=0.0|peeing=False|peeCooldown=153.2|aerial=False|glide=False|legs=0|activity=Watch|site=-1|visits=0|perch=-1|birdPhase=0|landings=0
maya,before,4.637,-3.000,3.102,8.000,False,fly|wait=15.88|panic=0.00|target=1|speed=0.00|near=False|yaw=0.0|peeing=False|peeCooldown=153.2|aerial=False|glide=False|legs=0|activity=Watch|site=-1|visits=0|perch=-1|birdPhase=0|landings=0
maya,before,4.742,-3.000,3.102,8.000,False,fly|wait=15.81|panic=0.00|target=1|speed=0.00|near=False|yaw=0.0|peeing=False|peeCooldown=153.2|aerial=False|glide=False|legs=0|activity=Watch|site=-1|visits=0|perch=-1|birdPhase=0|landings=0
maya,before,4.843,-3.000,3.102,8.000,False,fly|wait=15.68|panic=0.00|target=1|speed=0.00|near=False|yaw=0.0|peeing=False|peeCooldown=153.2|aerial=False|glide=False|legs=0|activity=Watch|site=-1|visits=0|perch=-1|birdPhase=0|landings=0
maya,before,4.945,-3.000,3.102,8.000,False,fly|wait=15.60|panic=0.00|target=1|speed=0.00|near=False|yaw=0.0|peeing=False|peeCooldown=153.2|aerial=False|glide=False|legs=0|activity=Watch|site=-1|visits=0|perch=-1|birdPhase=0|landings=0
maya,before,5.051,-3.000,3.102,8.000,False,fly|wait=15.50|panic=0.00|target=1|speed=0.00|near=False|yaw=0.0|peeing=False|peeCooldown=153.2|aerial=False|glide=False|legs=0|activity=Watch|site=-1|visits=0|perch=-1|birdPhase=0|landings=0
maya,before,5.153,-3.000,3.102,8.000,False,fly|wait=15.37|panic=0.00|target=1|speed=0.00|near=False|yaw=0.0|peeing=False|peeCooldown=153.2|aerial=False|glide=False|legs=0|activity=Watch|site=-1|visits=0|perch=-1|birdPhase=0|landings=0
maya,before,5.257,-3.000,3.102,8.000,False,fly|wait=15.29|panic=0.00|target=1|speed=0.00|near=False|yaw=0.0|peeing=False|peeCooldown=153.2|aerial=False|glide=False|legs=0|activity=Watch|site=-1|visits=0|perch=-1|birdPhase=0|landings=0
maya,before,5.364,-3.000,3.102,8.000,False,fly|wait=15.19|panic=0.00|target=1|speed=0.00|near=False|yaw=0.0|peeing=False|peeCooldown=153.2|aerial=False|glide=False|legs=0|activity=Watch|site=-1|visits=0|perch=-1|birdPhase=0|landings=0
maya,before,5.464,-3.000,3.102,8.000,False,fly|wait=15.06|panic=0.00|target=1|speed=0.00|near=False|yaw=0.0|peeing=False|peeCooldown=153.2|aerial=False|glide=False|legs=0|activity=Watch|site=-1|visits=0|perch=-1|birdPhase=0|landings=0
maya,before,5.567,-3.000,3.102,8.000,False,fly|wait=14.95|panic=0.00|target=1|speed=0.00|near=False|yaw=0.0|peeing=False|peeCooldown=153.2|aerial=False|glide=False|legs=0|activity=Watch|site=-1|visits=0|perch=-1|birdPhase=0|landings=0
maya,before,5.677,-3.000,3.102,8.000,False,fly|wait=14.87|panic=0.00|target=1|speed=0.00|near=False|yaw=0.0|peeing=False|peeCooldown=153.2|aerial=False|glide=False|legs=0|activity=Watch|site=-1|visits=0|perch=-1|birdPhase=0|landings=0
maya,before,5.777,-3.000,3.102,8.000,False,fly|wait=14.76|panic=0.00|target=1|speed=0.00|near=False|yaw=0.0|peeing=False|peeCooldown=153.2|aerial=False|glide=False|legs=0|activity=Watch|site=-1|visits=0|perch=-1|birdPhase=0|landings=0
maya,before,5.885,-3.000,3.102,8.000,False,fly|wait=14.66|panic=0.00|target=1|speed=0.00|near=False|yaw=0.0|peeing=False|peeCooldown=153.2|aerial=False|glide=False|legs=0|activity=Watch|site=-1|visits=0|perch=-1|birdPhase=0|landings=0
maya,before,5.986,-3.000,3.102,8.000,False,fly|wait=14.54|panic=0.00|target=1|speed=0.00|near=False|yaw=0.0|peeing=False|peeCooldown=153.2|aerial=False|glide=False|legs=0|activity=Watch|site=-1|visits=0|perch=-1|birdPhase=0|landings=0
maya,after,0.000,-3.000,0.102,4.000,True,idle|wait=29.97|panic=0.00|target=1|speed=0.00|near=False|yaw=0.0|peeing=False|peeCooldown=111.5|aerial=False|glide=False|legs=0|activity=Watch|site=-1|visits=0|perch=0|birdPhase=2|landings=0
maya,after,0.101,-3.000,0.102,4.000,True,idle|wait=29.81|panic=0.00|target=1|speed=0.00|near=False|yaw=0.0|peeing=False|peeCooldown=111.5|aerial=False|glide=False|legs=0|activity=Watch|site=-1|visits=0|perch=0|birdPhase=2|landings=0
maya,after,0.203,-3.000,0.102,4.000,True,idle|wait=29.71|panic=0.00|target=1|speed=0.00|near=False|yaw=0.0|peeing=False|peeCooldown=111.5|aerial=False|glide=False|legs=0|activity=Watch|site=-1|visits=0|perch=0|birdPhase=2|landings=0
maya,after,0.305,-3.000,0.102,4.000,True,idle|wait=29.60|panic=0.00|target=1|speed=0.00|near=False|yaw=0.0|peeing=False|peeCooldown=111.5|aerial=False|glide=False|legs=0|activity=Watch|site=-1|visits=0|perch=0|birdPhase=2|landings=0
maya,after,0.406,-3.000,0.102,4.000,True,idle|wait=29.50|panic=0.00|target=1|speed=0.00|near=False|yaw=0.0|peeing=False|peeCooldown=111.5|aerial=False|glide=False|legs=0|activity=Watch|site=-1|visits=0|perch=0|birdPhase=2|landings=0
maya,after,0.507,-3.000,0.102,4.000,True,idle|wait=29.43|panic=0.00|target=1|speed=0.00|near=False|yaw=0.0|peeing=False|peeCooldown=111.5|aerial=False|glide=False|legs=0|activity=Watch|site=-1|visits=0|perch=0|birdPhase=2|landings=0
maya,after,0.610,-3.000,0.102,4.000,True,idle|wait=29.30|panic=0.00|target=1|speed=0.00|near=False|yaw=0.0|peeing=False|peeCooldown=111.5|aerial=False|glide=False|legs=0|activity=Watch|site=-1|visits=0|perch=0|birdPhase=2|landings=0
maya,after,0.711,-3.000,0.102,4.000,True,idle|wait=29.23|panic=0.00|target=1|speed=0.00|near=False|yaw=0.0|peeing=False|peeCooldown=111.5|aerial=False|glide=False|legs=0|activity=Watch|site=-1|visits=0|perch=0|birdPhase=2|landings=0
maya,after,0.816,-3.000,0.102,4.000,True,idle|wait=29.13|panic=0.00|target=1|speed=0.00|near=False|yaw=0.0|peeing=False|peeCooldown=111.5|aerial=False|glide=False|legs=0|activity=Watch|site=-1|visits=0|perch=0|birdPhase=2|landings=0
maya,after,0.921,-3.000,0.102,4.000,True,idle|wait=29.02|panic=0.00|target=1|speed=0.00|near=False|yaw=0.0|peeing=False|peeCooldown=111.5|aerial=False|glide=False|legs=0|activity=Watch|site=-1|visits=0|perch=0|birdPhase=2|landings=0
maya,after,1.025,-3.000,0.102,4.000,True,fly|wait=28.89|panic=0.00|target=1|speed=0.00|near=True|yaw=0.0|peeing=False|peeCooldown=111.5|aerial=False|glide=False|legs=0|activity=Watch|site=-1|visits=0|perch=0|birdPhase=3|landings=0
maya,after,1.127,-3.427,0.255,4.000,True,fly|wait=28.89|panic=0.00|target=1|speed=4.28|near=True|yaw=295.7|peeing=False|peeCooldown=111.5|aerial=False|glide=False|legs=0|activity=Watch|site=-1|visits=0|perch=0|birdPhase=3|landings=0
maya,after,1.227,-3.837,0.404,4.000,True,fly|wait=28.89|panic=0.00|target=1|speed=4.40|near=True|yaw=277.9|peeing=False|peeCooldown=111.5|aerial=False|glide=False|legs=0|activity=Watch|site=-1|visits=0|perch=0|birdPhase=3|landings=0
maya,after,1.330,-4.266,0.560,4.000,True,fly|wait=28.89|panic=0.00|target=1|speed=4.51|near=True|yaw=272.3|peeing=False|peeCooldown=111.5|aerial=False|glide=False|legs=0|activity=Watch|site=-1|visits=0|perch=0|birdPhase=3|landings=0
maya,after,1.431,-4.706,0.720,4.000,True,fly|wait=28.89|panic=0.00|target=1|speed=4.64|near=False|yaw=270.7|peeing=False|peeCooldown=111.5|aerial=False|glide=False|legs=0|activity=Watch|site=-1|visits=0|perch=0|birdPhase=3|landings=0
maya,after,1.534,-5.023,0.837,4.000,True,fly|wait=28.89|panic=0.00|target=1|speed=4.72|near=False|yaw=270.3|peeing=False|peeCooldown=111.5|aerial=False|glide=False|legs=0|activity=Watch|site=-1|visits=0|perch=0|birdPhase=3|landings=0
maya,after,1.636,-5.487,1.007,4.000,True,fly|wait=28.89|panic=0.00|target=1|speed=4.83|near=False|yaw=270.1|peeing=False|peeCooldown=111.5|aerial=False|glide=False|legs=0|activity=Watch|site=-1|visits=0|perch=0|birdPhase=3|landings=0
maya,after,1.740,-5.969,1.185,4.000,True,fly|wait=28.89|panic=0.00|target=1|speed=4.94|near=False|yaw=270.0|peeing=False|peeCooldown=111.5|aerial=False|glide=False|legs=0|activity=Watch|site=-1|visits=0|perch=0|birdPhase=3|landings=0
maya,after,1.841,-6.448,1.362,4.000,True,fly|wait=28.89|panic=0.00|target=1|speed=5.04|near=False|yaw=270.0|peeing=False|peeCooldown=111.5|aerial=False|glide=False|legs=0|activity=Watch|site=-1|visits=0|perch=0|birdPhase=3|landings=0
maya,after,1.942,-7.061,1.589,4.000,True,fly|wait=28.89|panic=0.00|target=1|speed=5.15|near=False|yaw=270.0|peeing=False|peeCooldown=111.5|aerial=False|glide=False|legs=0|activity=Watch|site=-1|visits=0|perch=0|birdPhase=3|landings=0
maya,after,2.045,-7.453,1.734,4.000,True,fly|wait=28.89|panic=0.00|target=1|speed=5.24|near=False|yaw=270.0|peeing=False|peeCooldown=111.5|aerial=False|glide=False|legs=0|activity=Watch|site=-1|visits=0|perch=0|birdPhase=3|landings=0
maya,after,2.155,-7.976,1.927,4.000,True,fly|wait=28.89|panic=0.00|target=1|speed=5.33|near=False|yaw=270.0|peeing=False|peeCooldown=111.5|aerial=False|glide=False|legs=0|activity=Watch|site=-1|visits=0|perch=0|birdPhase=3|landings=0
maya,after,2.255,-8.504,2.123,4.000,True,fly|wait=28.89|panic=0.00|target=1|speed=5.41|near=False|yaw=270.0|peeing=False|peeCooldown=111.5|aerial=False|glide=False|legs=0|activity=Watch|site=-1|visits=0|perch=0|birdPhase=3|landings=0
maya,after,2.371,-9.046,2.323,4.000,True,fly|wait=28.89|panic=0.00|target=1|speed=5.49|near=False|yaw=270.0|peeing=False|peeCooldown=111.5|aerial=False|glide=False|legs=0|activity=Watch|site=-1|visits=0|perch=0|birdPhase=3|landings=0
maya,after,2.472,-9.734,2.578,4.000,True,fly|wait=28.89|panic=0.00|target=1|speed=5.59|near=False|yaw=270.0|peeing=False|peeCooldown=111.5|aerial=False|glide=False|legs=0|activity=Watch|site=-1|visits=0|perch=0|birdPhase=3|landings=0
maya,after,2.574,-10.278,2.779,4.000,True,fly|wait=28.89|panic=0.00|target=1|speed=5.66|near=False|yaw=270.0|peeing=False|peeCooldown=111.5|aerial=False|glide=False|legs=0|activity=Watch|site=-1|visits=0|perch=0|birdPhase=3|landings=0
maya,after,2.675,-10.814,2.976,4.000,True,fly|wait=28.89|panic=0.00|target=1|speed=5.72|near=False|yaw=270.0|peeing=False|peeCooldown=111.5|aerial=False|glide=False|legs=0|activity=Watch|site=-1|visits=0|perch=0|birdPhase=3|landings=0
maya,after,2.777,-11.356,3.176,4.000,True,fly|wait=28.89|panic=0.00|target=1|speed=5.77|near=False|yaw=270.0|peeing=False|peeCooldown=111.5|aerial=False|glide=False|legs=0|activity=Watch|site=-1|visits=0|perch=0|birdPhase=3|landings=0
maya,after,2.881,-11.748,3.319,4.000,True,fly|wait=28.89|panic=0.00|target=1|speed=5.82|near=False|yaw=270.0|peeing=False|peeCooldown=111.5|aerial=False|glide=False|legs=0|activity=Watch|site=-1|visits=0|perch=0|birdPhase=3|landings=0
maya,after,2.985,-12.478,3.586,4.000,True,fly|wait=28.89|panic=0.00|target=1|speed=5.88|near=False|yaw=270.0|peeing=False|peeCooldown=111.5|aerial=False|glide=False|legs=0|activity=Watch|site=-1|visits=0|perch=0|birdPhase=3|landings=0
maya,after,3.086,-13.066,3.801,4.000,True,fly|wait=28.89|panic=0.00|target=1|speed=5.93|near=False|yaw=270.0|peeing=False|peeCooldown=111.5|aerial=False|glide=False|legs=0|activity=Watch|site=-1|visits=0|perch=0|birdPhase=3|landings=0
maya,after,3.187,-13.629,4.005,4.000,True,fly|wait=28.89|panic=0.00|target=1|speed=5.97|near=False|yaw=270.0|peeing=False|peeCooldown=111.5|aerial=False|glide=False|legs=0|activity=Watch|site=-1|visits=0|perch=0|birdPhase=3|landings=0
maya,after,3.288,-14.199,4.211,4.000,True,fly|wait=28.89|panic=0.00|target=1|speed=6.01|near=False|yaw=270.0|peeing=False|peeCooldown=111.5|aerial=False|glide=False|legs=0|activity=Watch|site=-1|visits=0|perch=0|birdPhase=3|landings=0
maya,after,3.401,-14.685,4.386,4.000,True,fly|wait=28.89|panic=0.00|target=1|speed=6.04|near=False|yaw=270.0|peeing=False|peeCooldown=111.5|aerial=False|glide=False|legs=0|activity=Watch|site=-1|visits=0|perch=0|birdPhase=3|landings=0
maya,after,3.511,-15.299,4.606,4.000,True,fly|wait=28.89|panic=0.00|target=1|speed=6.07|near=False|yaw=270.0|peeing=False|peeCooldown=111.5|aerial=False|glide=False|legs=0|activity=Watch|site=-1|visits=0|perch=0|birdPhase=3|landings=0
maya,after,3.617,-15.916,4.825,4.000,True,fly|wait=28.89|panic=0.00|target=1|speed=6.10|near=False|yaw=270.0|peeing=False|peeCooldown=111.5|aerial=False|glide=False|legs=0|activity=Watch|site=-1|visits=0|perch=0|birdPhase=3|landings=0
maya,after,3.720,-16.513,5.037,4.000,True,fly|wait=28.89|panic=0.00|target=1|speed=6.12|near=False|yaw=270.0|peeing=False|peeCooldown=111.5|aerial=False|glide=False|legs=0|activity=Watch|site=-1|visits=0|perch=0|birdPhase=3|landings=0
maya,after,3.823,-17.266,5.302,4.000,True,fly|wait=28.89|panic=0.00|target=1|speed=6.14|near=False|yaw=270.0|peeing=False|peeCooldown=111.5|aerial=False|glide=False|legs=0|activity=Watch|site=-1|visits=0|perch=0|birdPhase=3|landings=0
maya,after,3.923,-17.684,5.448,4.000,True,fly|wait=28.89|panic=0.00|target=1|speed=6.15|near=False|yaw=270.0|peeing=False|peeCooldown=111.5|aerial=False|glide=False|legs=0|activity=Watch|site=-1|visits=0|perch=0|birdPhase=3|landings=0
maya,after,4.024,-18.416,5.702,4.000,True,fly|wait=28.89|panic=0.00|target=1|speed=6.16|near=False|yaw=270.0|peeing=False|peeCooldown=111.5|aerial=False|glide=False|legs=0|activity=Watch|site=-1|visits=0|perch=0|birdPhase=3|landings=0
maya,after,4.127,-19.034,5.914,4.000,True,fly|wait=28.89|panic=0.00|target=1|speed=6.17|near=False|yaw=270.0|peeing=False|peeCooldown=111.5|aerial=False|glide=False|legs=0|activity=Watch|site=-1|visits=0|perch=0|birdPhase=3|landings=0
maya,after,4.228,-19.629,6.117,4.000,True,fly|wait=28.89|panic=0.00|target=1|speed=6.17|near=False|yaw=270.0|peeing=False|peeCooldown=111.5|aerial=False|glide=False|legs=0|activity=Watch|site=-1|visits=0|perch=0|birdPhase=3|landings=0
maya,after,4.333,-20.092,6.273,4.000,True,fly|wait=28.89|panic=0.00|target=1|speed=6.16|near=False|yaw=270.0|peeing=False|peeCooldown=111.5|aerial=False|glide=False|legs=0|activity=Watch|site=-1|visits=0|perch=0|birdPhase=3|landings=0
maya,after,4.445,-20.722,6.485,4.000,True,fly|wait=28.89|panic=0.00|target=1|speed=6.15|near=False|yaw=270.0|peeing=False|peeCooldown=111.5|aerial=False|glide=False|legs=0|activity=Watch|site=-1|visits=0|perch=0|birdPhase=3|landings=0
maya,after,4.550,-21.354,6.694,4.000,True,fly|wait=28.89|panic=0.00|target=1|speed=6.14|near=False|yaw=270.0|peeing=False|peeCooldown=111.5|aerial=False|glide=False|legs=0|activity=Watch|site=-1|visits=0|perch=0|birdPhase=3|landings=0
maya,after,4.657,-21.938,6.886,4.000,True,fly|wait=28.89|panic=0.00|target=1|speed=6.12|near=False|yaw=270.0|peeing=False|peeCooldown=111.5|aerial=False|glide=False|legs=0|activity=Watch|site=-1|visits=0|perch=0|birdPhase=3|landings=0
maya,after,4.758,-22.716,7.139,4.000,True,fly|wait=28.89|panic=0.00|target=1|speed=6.09|near=False|yaw=270.0|peeing=False|peeCooldown=111.5|aerial=False|glide=False|legs=0|activity=Watch|site=-1|visits=0|perch=0|birdPhase=3|landings=0
maya,after,4.860,-23.151,7.278,4.000,True,fly|wait=28.89|panic=0.00|target=1|speed=6.07|near=False|yaw=270.0|peeing=False|peeCooldown=111.5|aerial=False|glide=False|legs=0|activity=Watch|site=-1|visits=0|perch=0|birdPhase=3|landings=0
maya,after,4.966,-23.878,7.508,4.000,True,fly|wait=28.89|panic=0.00|target=1|speed=6.04|near=False|yaw=270.0|peeing=False|peeCooldown=111.5|aerial=False|glide=False|legs=0|activity=Watch|site=-1|visits=0|perch=0|birdPhase=3|landings=0
maya,after,5.073,-24.332,7.649,4.000,True,fly|wait=28.89|panic=0.00|target=1|speed=6.00|near=False|yaw=270.0|peeing=False|peeCooldown=111.5|aerial=False|glide=False|legs=0|activity=Watch|site=-1|visits=0|perch=0|birdPhase=3|landings=0
maya,after,5.181,-24.964,7.844,4.000,True,fly|wait=28.89|panic=0.00|target=1|speed=5.96|near=False|yaw=270.0|peeing=False|peeCooldown=111.5|aerial=False|glide=False|legs=0|activity=Watch|site=-1|visits=0|perch=0|birdPhase=3|landings=0
maya,after,5.284,-25.715,8.070,4.000,True,fly|wait=28.89|panic=0.00|target=1|speed=5.90|near=False|yaw=270.0|peeing=False|peeCooldown=111.5|aerial=False|glide=False|legs=0|activity=Watch|site=-1|visits=0|perch=0|birdPhase=3|landings=0
maya,after,5.384,-26.303,8.244,4.000,True,fly|wait=28.89|panic=0.00|target=1|speed=5.85|near=False|yaw=270.0|peeing=False|peeCooldown=111.5|aerial=False|glide=False|legs=0|activity=Watch|site=-1|visits=0|perch=0|birdPhase=3|landings=0
maya,after,5.485,-26.868,8.409,4.000,True,fly|wait=28.89|panic=0.00|target=1|speed=5.80|near=False|yaw=270.0|peeing=False|peeCooldown=111.5|aerial=False|glide=False|legs=0|activity=Watch|site=-1|visits=0|perch=0|birdPhase=3|landings=0
maya,after,5.586,-27.428,8.568,4.000,True,fly|wait=28.89|panic=0.00|target=1|speed=5.75|near=False|yaw=270.0|peeing=False|peeCooldown=111.5|aerial=False|glide=False|legs=0|activity=Watch|site=-1|visits=0|perch=0|birdPhase=3|landings=0
maya,after,5.689,-27.989,8.725,4.000,True,fly|wait=28.89|panic=0.00|target=1|speed=5.69|near=False|yaw=270.0|peeing=False|peeCooldown=111.5|aerial=False|glide=False|legs=0|activity=Watch|site=-1|visits=0|perch=0|birdPhase=3|landings=0
maya,after,5.791,-28.545,8.877,4.000,True,fly|wait=28.89|panic=0.00|target=1|speed=5.63|near=False|yaw=270.0|peeing=False|peeCooldown=111.5|aerial=False|glide=False|legs=0|activity=Watch|site=-1|visits=0|perch=0|birdPhase=3|landings=0
maya,after,5.892,-29.090,9.022,4.000,True,fly|wait=28.89|panic=0.00|target=1|speed=5.56|near=False|yaw=270.0|peeing=False|peeCooldown=111.5|aerial=False|glide=False|legs=0|activity=Watch|site=-1|visits=0|perch=0|birdPhase=3|landings=0
maya,after,5.994,-29.488,9.125,4.000,True,fly|wait=28.89|panic=0.00|target=1|speed=5.50|near=False|yaw=270.0|peeing=False|peeCooldown=111.5|aerial=False|glide=False|legs=0|activity=Watch|site=-1|visits=0|perch=0|birdPhase=3|landings=0
maya,after,6.096,-30.160,9.295,4.000,True,fly|wait=28.89|panic=0.00|target=1|speed=5.41|near=False|yaw=270.0|peeing=False|peeCooldown=111.5|aerial=False|glide=False|legs=0|activity=Watch|site=-1|visits=0|perch=0|birdPhase=3|landings=0
maya,after,6.199,-30.564,9.394,4.000,True,fly|wait=28.89|panic=0.00|target=1|speed=5.34|near=False|yaw=270.0|peeing=False|peeCooldown=111.5|aerial=False|glide=False|legs=0|activity=Watch|site=-1|visits=0|perch=0|birdPhase=3|landings=0
maya,after,6.306,-31.106,9.523,4.000,True,fly|wait=28.89|panic=0.00|target=1|speed=5.25|near=False|yaw=270.0|peeing=False|peeCooldown=111.5|aerial=False|glide=False|legs=0|activity=Watch|site=-1|visits=0|perch=0|birdPhase=3|landings=0
maya,after,6.408,-31.775,9.676,4.000,True,fly|wait=28.89|panic=0.00|target=1|speed=5.15|near=False|yaw=270.0|peeing=False|peeCooldown=111.5|aerial=False|glide=False|legs=0|activity=Watch|site=-1|visits=0|perch=0|birdPhase=3|landings=0
maya,after,6.512,-32.132,9.754,4.000,True,fly|wait=28.89|panic=0.00|target=1|speed=5.07|near=False|yaw=270.0|peeing=False|peeCooldown=111.5|aerial=False|glide=False|legs=0|activity=Watch|site=-1|visits=0|perch=0|birdPhase=3|landings=0
maya,after,6.619,-32.783,9.889,4.000,True,fly|wait=28.89|panic=0.00|target=1|speed=4.96|near=False|yaw=270.0|peeing=False|peeCooldown=111.5|aerial=False|glide=False|legs=0|activity=Watch|site=-1|visits=0|perch=0|birdPhase=3|landings=0
maya,after,6.719,-33.289,9.989,4.000,True,fly|wait=28.89|panic=0.00|target=1|speed=4.86|near=False|yaw=270.0|peeing=False|peeCooldown=111.5|aerial=False|glide=False|legs=0|activity=Watch|site=-1|visits=0|perch=0|birdPhase=3|landings=0
maya,after,6.820,-33.767,10.077,4.000,True,fly|wait=28.89|panic=0.00|target=1|speed=4.76|near=False|yaw=270.0|peeing=False|peeCooldown=111.5|aerial=False|glide=False|legs=0|activity=Watch|site=-1|visits=0|perch=0|birdPhase=3|landings=0
maya,after,6.922,-34.112,10.137,4.000,True,fly|wait=28.89|panic=0.00|target=1|speed=4.67|near=False|yaw=270.0|peeing=False|peeCooldown=111.5|aerial=False|glide=False|legs=0|activity=Watch|site=-1|visits=0|perch=0|birdPhase=3|landings=0
maya,after,7.028,-34.598,10.216,4.000,True,fly|wait=28.89|panic=0.00|target=1|speed=4.55|near=False|yaw=270.0|peeing=False|peeCooldown=111.5|aerial=False|glide=False|legs=0|activity=Watch|site=-1|visits=0|perch=0|birdPhase=3|landings=0
maya,after,7.130,-35.172,10.300,4.000,True,fly|wait=28.89|panic=0.00|target=1|speed=4.41|near=False|yaw=270.0|peeing=False|peeCooldown=111.5|aerial=False|glide=False|legs=0|activity=Watch|site=-1|visits=0|perch=0|birdPhase=3|landings=0
maya,after,7.235,-35.505,10.344,4.000,True,fly|wait=28.89|panic=0.00|target=1|speed=4.32|near=False|yaw=270.0|peeing=False|peeCooldown=111.5|aerial=False|glide=False|legs=0|activity=Watch|site=-1|visits=0|perch=0|birdPhase=3|landings=0
maya,after,7.336,-36.049,10.406,4.000,True,fly|wait=28.89|panic=0.00|target=1|speed=4.17|near=False|yaw=270.0|peeing=False|peeCooldown=111.5|aerial=False|glide=False|legs=0|activity=Watch|site=-1|visits=0|perch=0|birdPhase=3|landings=0
maya,after,7.440,-36.360,10.436,4.000,True,fly|wait=28.89|panic=0.00|target=1|speed=4.08|near=False|yaw=270.0|peeing=False|peeCooldown=111.5|aerial=False|glide=False|legs=0|activity=Watch|site=-1|visits=0|perch=0|birdPhase=3|landings=0
maya,after,7.544,-36.762,10.469,4.000,True,fly|wait=28.89|panic=0.00|target=1|speed=3.95|near=False|yaw=270.0|peeing=False|peeCooldown=111.5|aerial=False|glide=False|legs=0|activity=Watch|site=-1|visits=0|perch=0|birdPhase=3|landings=0
maya,after,7.644,-37.155,10.493,4.000,True,fly|wait=28.89|panic=0.00|target=1|speed=3.83|near=False|yaw=270.0|peeing=False|peeCooldown=111.5|aerial=False|glide=False|legs=0|activity=Watch|site=-1|visits=0|perch=0|birdPhase=3|landings=0
maya,after,7.750,-37.556,10.508,4.000,True,fly|wait=28.89|panic=0.00|target=1|speed=3.70|near=False|yaw=270.0|peeing=False|peeCooldown=111.5|aerial=False|glide=False|legs=0|activity=Watch|site=-1|visits=0|perch=0|birdPhase=3|landings=0
maya,after,7.852,-38.033,10.513,4.000,True,fly|wait=28.89|panic=0.00|target=1|speed=3.53|near=False|yaw=270.0|peeing=False|peeCooldown=111.5|aerial=False|glide=False|legs=0|activity=Watch|site=-1|visits=0|perch=0|birdPhase=3|landings=0
maya,after,7.954,-38.378,10.505,4.000,True,fly|wait=28.89|panic=0.00|target=1|speed=3.41|near=False|yaw=270.0|peeing=False|peeCooldown=111.5|aerial=False|glide=False|legs=0|activity=Watch|site=-1|visits=0|perch=0|birdPhase=3|landings=0
maya,arrival,0.000,4.631,8.068,31.920,True,fly|wait=28.89|panic=0.00|target=1|speed=9.26|near=False|yaw=201.7|peeing=False|peeCooldown=111.5|aerial=False|glide=False|legs=0|activity=Watch|site=-1|visits=0|perch=1|birdPhase=1|landings=0
maya,arrival,0.102,4.294,7.881,31.062,True,fly|wait=28.89|panic=0.00|target=1|speed=9.17|near=False|yaw=201.5|peeing=False|peeCooldown=111.5|aerial=False|glide=False|legs=0|activity=Watch|site=-1|visits=0|perch=1|birdPhase=1|landings=0
maya,arrival,0.202,3.965,7.693,30.217,True,fly|wait=28.89|panic=0.00|target=1|speed=9.07|near=False|yaw=201.3|peeing=False|peeCooldown=111.5|aerial=False|glide=False|legs=0|activity=Watch|site=-1|visits=0|perch=1|birdPhase=1|landings=0
maya,arrival,0.304,3.641,7.501,29.376,True,fly|wait=28.89|panic=0.00|target=1|speed=8.97|near=False|yaw=201.1|peeing=False|peeCooldown=111.5|aerial=False|glide=False|legs=0|activity=Watch|site=-1|visits=0|perch=1|birdPhase=1|landings=0
maya,arrival,0.404,3.329,7.310,28.560,True,fly|wait=28.89|panic=0.00|target=1|speed=8.87|near=False|yaw=201.0|peeing=False|peeCooldown=111.5|aerial=False|glide=False|legs=0|activity=Watch|site=-1|visits=0|perch=1|birdPhase=1|landings=0
maya,arrival,0.505,3.027,7.121,27.765,True,fly|wait=28.89|panic=0.00|target=1|speed=8.76|near=False|yaw=200.8|peeing=False|peeCooldown=111.5|aerial=False|glide=False|legs=0|activity=Watch|site=-1|visits=0|perch=1|birdPhase=1|landings=0
maya,arrival,0.610,2.716,6.920,26.942,True,fly|wait=28.89|panic=0.00|target=1|speed=8.66|near=False|yaw=200.7|peeing=False|peeCooldown=111.5|aerial=False|glide=False|legs=0|activity=Watch|site=-1|visits=0|perch=1|birdPhase=1|landings=0
maya,arrival,0.713,2.491,6.771,26.340,True,fly|wait=28.89|panic=0.00|target=1|speed=8.55|near=False|yaw=200.6|peeing=False|peeCooldown=111.5|aerial=False|glide=False|legs=0|activity=Watch|site=-1|visits=0|perch=1|birdPhase=1|landings=0
maya,arrival,0.821,2.192,6.569,25.535,True,fly|wait=28.89|panic=0.00|target=1|speed=8.43|near=False|yaw=200.4|peeing=False|peeCooldown=111.5|aerial=False|glide=False|legs=0|activity=Watch|site=-1|visits=0|perch=1|birdPhase=1|landings=0
maya,arrival,0.922,1.819,6.308,24.522,True,fly|wait=28.89|panic=0.00|target=1|speed=8.27|near=False|yaw=200.2|peeing=False|peeCooldown=111.5|aerial=False|glide=False|legs=0|activity=Watch|site=-1|visits=0|perch=1|birdPhase=1|landings=0
maya,arrival,1.023,1.539,6.108,23.756,True,fly|wait=28.89|panic=0.00|target=1|speed=8.12|near=False|yaw=200.1|peeing=False|peeCooldown=111.5|aerial=False|glide=False|legs=0|activity=Watch|site=-1|visits=0|perch=1|birdPhase=1|landings=0
maya,arrival,1.123,1.346,5.967,23.226,True,fly|wait=28.89|panic=0.00|target=1|speed=8.02|near=False|yaw=200.0|peeing=False|peeCooldown=111.5|aerial=False|glide=False|legs=0|activity=Watch|site=-1|visits=0|perch=1|birdPhase=1|landings=0
maya,arrival,1.224,1.078,5.768,22.484,True,fly|wait=28.89|panic=0.00|target=1|speed=7.88|near=False|yaw=199.9|peeing=False|peeCooldown=111.5|aerial=False|glide=False|legs=0|activity=Watch|site=-1|visits=0|perch=1|birdPhase=1|landings=0
maya,arrival,1.336,0.805,5.560,21.725,True,fly|wait=28.89|panic=0.00|target=1|speed=7.73|near=False|yaw=199.8|peeing=False|peeCooldown=111.5|aerial=False|glide=False|legs=0|activity=Watch|site=-1|visits=0|perch=1|birdPhase=1|landings=0
maya,arrival,1.442,0.481,5.308,20.815,True,fly|wait=28.89|panic=0.00|target=1|speed=7.56|near=False|yaw=199.6|peeing=False|peeCooldown=111.5|aerial=False|glide=False|legs=0|activity=Watch|site=-1|visits=0|perch=1|birdPhase=1|landings=0
maya,arrival,1.545,0.229,5.107,20.104,True,fly|wait=28.89|panic=0.00|target=1|speed=7.38|near=False|yaw=199.5|peeing=False|peeCooldown=111.5|aerial=False|glide=False|legs=0|activity=Watch|site=-1|visits=0|perch=1|birdPhase=1|landings=0
maya,arrival,1.645,-0.016,4.909,19.409,True,fly|wait=28.89|panic=0.00|target=1|speed=7.22|near=False|yaw=199.4|peeing=False|peeCooldown=111.5|aerial=False|glide=False|legs=0|activity=Watch|site=-1|visits=0|perch=1|birdPhase=1|landings=0
maya,arrival,1.748,-0.248,4.717,18.747,True,fly|wait=28.89|panic=0.00|target=1|speed=7.06|near=False|yaw=199.3|peeing=False|peeCooldown=111.5|aerial=False|glide=False|legs=0|activity=Watch|site=-1|visits=0|perch=1|birdPhase=1|landings=0
maya,arrival,1.849,-0.472,4.529,18.102,True,fly|wait=28.89|panic=0.00|target=1|speed=6.90|near=False|yaw=199.2|peeing=False|peeCooldown=111.5|aerial=False|glide=False|legs=0|activity=Watch|site=-1|visits=0|perch=1|birdPhase=1|landings=0
maya,arrival,1.949,-0.688,4.344,17.479,True,fly|wait=28.89|panic=0.00|target=1|speed=6.74|near=False|yaw=199.1|peeing=False|peeCooldown=111.5|aerial=False|glide=False|legs=0|activity=Watch|site=-1|visits=0|perch=1|birdPhase=1|landings=0
maya,arrival,2.051,-0.900,4.160,16.863,True,fly|wait=28.89|panic=0.00|target=1|speed=6.57|near=False|yaw=199.0|peeing=False|peeCooldown=111.5|aerial=False|glide=False|legs=0|activity=Watch|site=-1|visits=0|perch=1|birdPhase=1|landings=0
maya,arrival,2.153,-1.106,3.978,16.261,True,fly|wait=28.89|panic=0.00|target=1|speed=6.43|near=False|yaw=198.9|peeing=False|peeCooldown=111.5|aerial=False|glide=False|legs=0|activity=Watch|site=-1|visits=0|perch=1|birdPhase=1|landings=0
maya,arrival,2.253,-1.302,3.802,15.687,True,fly|wait=28.89|panic=0.00|target=1|speed=6.26|near=False|yaw=198.9|peeing=False|peeCooldown=111.5|aerial=False|glide=False|legs=0|activity=Watch|site=-1|visits=0|perch=1|birdPhase=1|landings=0
maya,arrival,2.354,-1.496,3.626,15.115,True,fly|wait=28.89|panic=0.00|target=1|speed=6.06|near=False|yaw=198.8|peeing=False|peeCooldown=111.5|aerial=False|glide=False|legs=0|activity=Watch|site=-1|visits=0|perch=1|birdPhase=1|landings=0
maya,arrival,2.465,-1.639,3.495,14.694,True,fly|wait=28.89|panic=0.00|target=1|speed=5.93|near=False|yaw=198.7|peeing=False|peeCooldown=111.5|aerial=False|glide=False|legs=0|activity=Watch|site=-1|visits=0|perch=1|birdPhase=1|landings=0
maya,arrival,2.572,-1.835,3.311,14.110,True,fly|wait=28.89|panic=0.00|target=1|speed=5.75|near=False|yaw=198.6|peeing=False|peeCooldown=111.5|aerial=False|glide=False|legs=0|activity=Watch|site=-1|visits=0|perch=1|birdPhase=1|landings=0
maya,arrival,2.678,-2.019,3.137,13.562,True,fly|wait=28.89|panic=0.00|target=1|speed=5.56|near=False|yaw=198.5|peeing=False|peeCooldown=111.5|aerial=False|glide=False|legs=0|activity=Watch|site=-1|visits=0|perch=1|birdPhase=1|landings=0
maya,arrival,2.786,-2.200,2.964,13.020,True,fly|wait=28.89|panic=0.00|target=1|speed=5.37|near=False|yaw=198.5|peeing=False|peeCooldown=111.5|aerial=False|glide=False|legs=0|activity=Watch|site=-1|visits=0|perch=1|birdPhase=1|landings=0
maya,arrival,2.894,-2.368,2.799,12.512,True,fly|wait=28.89|panic=0.00|target=1|speed=5.19|near=False|yaw=198.4|peeing=False|peeCooldown=111.5|aerial=False|glide=False|legs=0|activity=Watch|site=-1|visits=0|perch=1|birdPhase=1|landings=0
maya,arrival,3.000,-2.532,2.638,12.017,True,fly|wait=28.89|panic=0.00|target=1|speed=5.00|near=False|yaw=198.3|peeing=False|peeCooldown=111.5|aerial=False|glide=False|legs=0|activity=Watch|site=-1|visits=0|perch=1|birdPhase=1|landings=0
maya,arrival,3.101,-2.719,2.451,11.449,True,fly|wait=28.89|panic=0.00|target=1|speed=4.79|near=False|yaw=198.2|peeing=False|peeCooldown=111.5|aerial=False|glide=False|legs=0|activity=Watch|site=-1|visits=0|perch=1|birdPhase=1|landings=0
maya,arrival,3.209,-2.828,2.341,11.120,True,fly|wait=28.89|panic=0.00|target=1|speed=4.63|near=False|yaw=198.2|peeing=False|peeCooldown=111.5|aerial=False|glide=False|legs=0|activity=Watch|site=-1|visits=0|perch=1|birdPhase=1|landings=0
maya,arrival,3.309,-3.003,2.162,10.585,True,fly|wait=28.89|panic=0.00|target=1|speed=4.43|near=False|yaw=198.1|peeing=False|peeCooldown=111.5|aerial=False|glide=False|legs=0|activity=Watch|site=-1|visits=0|perch=1|birdPhase=1|landings=0
maya,arrival,3.412,-3.133,2.026,10.184,True,fly|wait=28.89|panic=0.00|target=1|speed=4.22|near=False|yaw=198.1|peeing=False|peeCooldown=111.5|aerial=False|glide=False|legs=0|activity=Watch|site=-1|visits=0|perch=1|birdPhase=1|landings=0
maya,arrival,3.513,-3.223,1.932,9.907,True,fly|wait=28.89|panic=0.00|target=1|speed=4.09|near=False|yaw=198.0|peeing=False|peeCooldown=111.5|aerial=False|glide=False|legs=0|activity=Watch|site=-1|visits=0|perch=1|birdPhase=1|landings=0
maya,arrival,3.618,-3.346,1.802,9.528,True,fly|wait=28.89|panic=0.00|target=1|speed=3.91|near=False|yaw=198.0|peeing=False|peeCooldown=111.5|aerial=False|glide=False|legs=0|activity=Watch|site=-1|visits=0|perch=1|birdPhase=1|landings=0
maya,arrival,3.724,-3.465,1.675,9.162,True,fly|wait=28.89|panic=0.00|target=1|speed=3.73|near=False|yaw=197.9|peeing=False|peeCooldown=111.5|aerial=False|glide=False|legs=0|activity=Watch|site=-1|visits=0|perch=1|birdPhase=1|landings=0
maya,arrival,3.825,-3.600,1.529,8.743,True,fly|wait=28.89|panic=0.00|target=1|speed=3.53|near=False|yaw=197.9|peeing=False|peeCooldown=111.5|aerial=False|glide=False|legs=0|activity=Watch|site=-1|visits=0|perch=1|birdPhase=1|landings=0
maya,arrival,3.927,-3.701,1.418,8.427,True,fly|wait=28.89|panic=0.00|target=1|speed=3.33|near=False|yaw=197.8|peeing=False|peeCooldown=111.5|aerial=False|glide=False|legs=0|activity=Watch|site=-1|visits=0|perch=1|birdPhase=1|landings=0
maya,arrival,4.032,-3.775,1.336,8.198,True,fly|wait=28.89|panic=0.00|target=1|speed=3.21|near=False|yaw=197.8|peeing=False|peeCooldown=111.5|aerial=False|glide=False|legs=0|activity=Watch|site=-1|visits=0|perch=1|birdPhase=1|landings=0
maya,arrival,4.133,-3.890,1.207,7.838,True,fly|wait=28.89|panic=0.00|target=1|speed=2.99|near=False|yaw=197.8|peeing=False|peeCooldown=111.5|aerial=False|glide=False|legs=0|activity=Watch|site=-1|visits=0|perch=1|birdPhase=1|landings=0
maya,arrival,4.235,-3.975,1.112,7.572,True,fly|wait=28.89|panic=0.00|target=1|speed=2.82|near=False|yaw=197.7|peeing=False|peeCooldown=111.5|aerial=False|glide=False|legs=0|activity=Watch|site=-1|visits=0|perch=1|birdPhase=1|landings=0
maya,arrival,4.342,-4.036,1.042,7.381,True,fly|wait=28.89|panic=0.00|target=1|speed=2.70|near=False|yaw=197.7|peeing=False|peeCooldown=111.5|aerial=False|glide=False|legs=0|activity=Watch|site=-1|visits=0|perch=1|birdPhase=1|landings=0
maya,arrival,4.442,-4.132,0.932,7.081,True,fly|wait=28.89|panic=0.00|target=1|speed=2.51|near=False|yaw=197.7|peeing=False|peeCooldown=111.5|aerial=False|glide=False|legs=0|activity=Watch|site=-1|visits=0|perch=1|birdPhase=1|landings=0
maya,arrival,4.544,-4.203,0.849,6.856,True,fly|wait=28.89|panic=0.00|target=1|speed=2.33|near=False|yaw=197.7|peeing=False|peeCooldown=111.5|aerial=False|glide=False|legs=0|activity=Watch|site=-1|visits=0|perch=1|birdPhase=1|landings=0
maya,arrival,4.645,-4.268,0.773,6.654,True,fly|wait=28.89|panic=0.00|target=1|speed=2.17|near=False|yaw=197.7|peeing=False|peeCooldown=111.5|aerial=False|glide=False|legs=0|activity=Watch|site=-1|visits=0|perch=1|birdPhase=1|landings=0
maya,arrival,4.751,-4.313,0.720,6.512,True,fly|wait=28.89|panic=0.00|target=1|speed=2.06|near=False|yaw=197.6|peeing=False|peeCooldown=111.5|aerial=False|glide=False|legs=0|activity=Watch|site=-1|visits=0|perch=1|birdPhase=1|landings=0
maya,arrival,4.852,-4.386,0.633,6.283,True,fly|wait=28.89|panic=0.00|target=1|speed=1.89|near=False|yaw=197.6|peeing=False|peeCooldown=111.5|aerial=False|glide=False|legs=0|activity=Watch|site=-1|visits=0|perch=1|birdPhase=1|landings=0
maya,arrival,4.954,-4.438,0.569,6.118,True,fly|wait=28.89|panic=0.00|target=1|speed=1.74|near=False|yaw=197.6|peeing=False|peeCooldown=111.5|aerial=False|glide=False|legs=0|activity=Watch|site=-1|visits=0|perch=1|birdPhase=1|landings=0
maya,arrival,5.064,-4.477,0.522,5.997,True,fly|wait=28.89|panic=0.00|target=1|speed=1.61|near=False|yaw=197.6|peeing=False|peeCooldown=111.5|aerial=False|glide=False|legs=0|activity=Watch|site=-1|visits=0|perch=1|birdPhase=1|landings=0
maya,arrival,5.168,-4.522,0.467,5.855,True,fly|wait=28.89|panic=0.00|target=1|speed=1.47|near=False|yaw=197.6|peeing=False|peeCooldown=111.5|aerial=False|glide=False|legs=0|activity=Watch|site=-1|visits=0|perch=1|birdPhase=1|landings=0
maya,arrival,5.270,-4.563,0.416,5.728,True,fly|wait=28.89|panic=0.00|target=1|speed=1.33|near=False|yaw=197.6|peeing=False|peeCooldown=111.5|aerial=False|glide=False|legs=0|activity=Watch|site=-1|visits=0|perch=1|birdPhase=1|landings=0
maya,arrival,5.377,-4.599,0.370,5.612,True,fly|wait=28.89|panic=0.00|target=1|speed=1.20|near=False|yaw=197.7|peeing=False|peeCooldown=111.5|aerial=False|glide=False|legs=0|activity=Watch|site=-1|visits=0|perch=1|birdPhase=1|landings=0
maya,arrival,5.483,-4.642,0.315,5.479,True,fly|wait=28.89|panic=0.00|target=1|speed=1.06|near=False|yaw=197.8|peeing=False|peeCooldown=111.5|aerial=False|glide=False|legs=0|activity=Watch|site=-1|visits=0|perch=1|birdPhase=1|landings=0
maya,arrival,5.584,-4.664,0.287,5.412,True,fly|wait=28.89|panic=0.00|target=1|speed=0.95|near=False|yaw=197.8|peeing=False|peeCooldown=111.5|aerial=False|glide=False|legs=0|activity=Watch|site=-1|visits=0|perch=1|birdPhase=1|landings=0
maya,arrival,5.687,-4.690,0.253,5.330,True,fly|wait=28.89|panic=0.00|target=1|speed=0.84|near=False|yaw=197.9|peeing=False|peeCooldown=111.5|aerial=False|glide=False|legs=0|activity=Watch|site=-1|visits=0|perch=1|birdPhase=1|landings=0
maya,arrival,5.793,-4.714,0.222,5.258,True,fly|wait=28.89|panic=0.00|target=1|speed=0.73|near=False|yaw=198.0|peeing=False|peeCooldown=111.5|aerial=False|glide=False|legs=0|activity=Watch|site=-1|visits=0|perch=1|birdPhase=1|landings=0
maya,arrival,5.904,-4.735,0.194,5.193,True,fly|wait=28.89|panic=0.00|target=1|speed=0.63|near=False|yaw=198.1|peeing=False|peeCooldown=111.5|aerial=False|glide=False|legs=0|activity=Watch|site=-1|visits=0|perch=1|birdPhase=1|landings=0
maya,arrival,6.017,-4.753,0.169,5.139,True,fly|wait=28.89|panic=0.00|target=1|speed=0.53|near=False|yaw=198.3|peeing=False|peeCooldown=111.5|aerial=False|glide=False|legs=0|activity=Watch|site=-1|visits=0|perch=1|birdPhase=1|landings=0
maya,arrival,6.119,-4.767,0.149,5.096,True,fly|wait=28.89|panic=0.00|target=1|speed=0.44|near=False|yaw=198.4|peeing=False|peeCooldown=111.5|aerial=False|glide=False|legs=0|activity=Watch|site=-1|visits=0|perch=1|birdPhase=1|landings=0
maya,arrival,6.219,-4.779,0.132,5.059,True,idle|wait=28.89|panic=0.00|target=1|speed=0.35|near=False|yaw=198.6|peeing=False|peeCooldown=111.5|aerial=False|glide=False|legs=0|activity=Watch|site=-1|visits=0|perch=1|birdPhase=1|landings=0
maya,arrival,6.321,-4.791,0.115,5.025,True,idle|wait=28.89|panic=0.00|target=1|speed=0.26|near=False|yaw=198.9|peeing=False|peeCooldown=111.5|aerial=False|glide=False|legs=0|activity=Watch|site=-1|visits=0|perch=1|birdPhase=1|landings=0
maya,arrival,6.424,-4.796,0.108,5.011,True,idle|wait=28.89|panic=0.00|target=1|speed=0.19|near=False|yaw=199.1|peeing=False|peeCooldown=111.5|aerial=False|glide=False|legs=0|activity=Watch|site=-1|visits=0|perch=1|birdPhase=1|landings=0
maya,arrival,6.525,-4.800,0.102,5.000,True,idle|wait=4.48|panic=0.00|target=1|speed=0.00|near=False|yaw=199.4|peeing=False|peeCooldown=111.5|aerial=False|glide=False|legs=0|activity=Watch|site=-1|visits=0|perch=1|birdPhase=2|landings=1
maya,arrival,6.627,-4.800,0.102,5.000,True,idle|wait=4.38|panic=0.00|target=1|speed=0.00|near=False|yaw=199.4|peeing=False|peeCooldown=111.5|aerial=False|glide=False|legs=0|activity=Watch|site=-1|visits=0|perch=1|birdPhase=2|landings=1
maya,arrival,6.727,-4.800,0.102,5.000,True,idle|wait=4.28|panic=0.00|target=1|speed=0.00|near=False|yaw=199.4|peeing=False|peeCooldown=111.5|aerial=False|glide=False|legs=0|activity=Watch|site=-1|visits=0|perch=1|birdPhase=2|landings=1
maya,arrival,6.828,-4.800,0.102,5.000,True,idle|wait=4.18|panic=0.00|target=1|speed=0.00|near=False|yaw=199.4|peeing=False|peeCooldown=111.5|aerial=False|glide=False|legs=0|activity=Watch|site=-1|visits=0|perch=1|birdPhase=2|landings=1
maya,arrival,6.943,-4.800,0.102,5.000,True,idle|wait=4.10|panic=0.00|target=1|speed=0.00|near=False|yaw=199.4|peeing=False|peeCooldown=111.5|aerial=False|glide=False|legs=0|activity=Watch|site=-1|visits=0|perch=1|birdPhase=2|landings=1
maya,arrival,7.047,-4.800,0.102,5.000,True,idle|wait=3.99|panic=0.00|target=1|speed=0.00|near=False|yaw=199.4|peeing=False|peeCooldown=111.5|aerial=False|glide=False|legs=0|activity=Watch|site=-1|visits=0|perch=1|birdPhase=2|landings=1
maya,arrival,7.153,-4.800,0.102,5.000,True,idle|wait=3.89|panic=0.00|target=1|speed=0.00|near=False|yaw=199.4|peeing=False|peeCooldown=111.5|aerial=False|glide=False|legs=0|activity=Watch|site=-1|visits=0|perch=1|birdPhase=2|landings=1
maya,arrival,7.255,-4.800,0.102,5.000,True,idle|wait=3.75|panic=0.00|target=1|speed=0.00|near=False|yaw=199.4|peeing=False|peeCooldown=111.5|aerial=False|glide=False|legs=0|activity=Watch|site=-1|visits=0|perch=1|birdPhase=2|landings=1
maya,arrival,7.356,-4.800,0.102,5.000,True,idle|wait=3.68|panic=0.00|target=1|speed=0.00|near=False|yaw=199.4|peeing=False|peeCooldown=111.5|aerial=False|glide=False|legs=0|activity=Watch|site=-1|visits=0|perch=1|birdPhase=2|landings=1
maya,arrival,7.465,-4.800,0.102,5.000,True,idle|wait=3.58|panic=0.00|target=1|speed=0.00|near=False|yaw=199.4|peeing=False|peeCooldown=111.5|aerial=False|glide=False|legs=0|activity=Watch|site=-1|visits=0|perch=1|birdPhase=2|landings=1
maya,arrival,7.570,-4.800,0.102,5.000,True,idle|wait=3.44|panic=0.00|target=1|speed=0.00|near=False|yaw=199.4|peeing=False|peeCooldown=111.5|aerial=False|glide=False|legs=0|activity=Watch|site=-1|visits=0|perch=1|birdPhase=2|landings=1
maya,arrival,7.672,-4.800,0.102,5.000,True,idle|wait=3.34|panic=0.00|target=1|speed=0.00|near=False|yaw=199.4|peeing=False|peeCooldown=111.5|aerial=False|glide=False|legs=0|activity=Watch|site=-1|visits=0|perch=1|birdPhase=2|landings=1
maya,arrival,7.773,-4.800,0.102,5.000,True,idle|wait=3.24|panic=0.00|target=1|speed=0.00|near=False|yaw=199.4|peeing=False|peeCooldown=111.5|aerial=False|glide=False|legs=0|activity=Watch|site=-1|visits=0|perch=1|birdPhase=2|landings=1
maya,arrival,7.874,-4.800,0.102,5.000,True,idle|wait=3.16|panic=0.00|target=1|speed=0.00|near=False|yaw=199.4|peeing=False|peeCooldown=111.5|aerial=False|glide=False|legs=0|activity=Watch|site=-1|visits=0|perch=1|birdPhase=2|landings=1
maya,arrival,7.980,-4.800,0.102,5.000,True,idle|wait=3.06|panic=0.00|target=1|speed=0.00|near=False|yaw=199.4|peeing=False|peeCooldown=111.5|aerial=False|glide=False|legs=0|activity=Watch|site=-1|visits=0|perch=1|birdPhase=2|landings=1
kalapati,before,0.000,4.000,0.102,-4.000,True,idle|wait=29.98|panic=0.00|target=1|speed=0.00|near=False|yaw=0.0|peeing=False|peeCooldown=153.5|aerial=False|glide=False|legs=0|activity=Watch|site=-1|visits=0|perch=-1|birdPhase=2|landings=0
kalapati,before,0.101,4.000,0.102,-4.000,True,idle|wait=29.82|panic=0.00|target=1|speed=0.00|near=False|yaw=0.0|peeing=False|peeCooldown=153.5|aerial=False|glide=False|legs=0|activity=Watch|site=-1|visits=0|perch=-1|birdPhase=2|landings=0
kalapati,before,0.201,4.000,0.102,-4.000,True,idle|wait=29.72|panic=0.00|target=1|speed=0.00|near=False|yaw=0.0|peeing=False|peeCooldown=153.5|aerial=False|glide=False|legs=0|activity=Watch|site=-1|visits=0|perch=-1|birdPhase=2|landings=0
kalapati,before,0.304,4.000,0.102,-4.000,True,idle|wait=29.61|panic=0.00|target=1|speed=0.00|near=False|yaw=0.0|peeing=False|peeCooldown=153.5|aerial=False|glide=False|legs=0|activity=Watch|site=-1|visits=0|perch=-1|birdPhase=2|landings=0
kalapati,before,0.407,4.000,0.102,-4.000,True,idle|wait=29.51|panic=0.00|target=1|speed=0.00|near=False|yaw=0.0|peeing=False|peeCooldown=153.5|aerial=False|glide=False|legs=0|activity=Watch|site=-1|visits=0|perch=-1|birdPhase=2|landings=0
kalapati,before,0.507,4.000,0.102,-4.000,True,idle|wait=29.42|panic=0.00|target=1|speed=0.00|near=False|yaw=0.0|peeing=False|peeCooldown=153.5|aerial=False|glide=False|legs=0|activity=Watch|site=-1|visits=0|perch=-1|birdPhase=2|landings=0
kalapati,before,0.608,4.000,0.102,-4.000,True,idle|wait=29.31|panic=0.00|target=1|speed=0.00|near=False|yaw=0.0|peeing=False|peeCooldown=153.5|aerial=False|glide=False|legs=0|activity=Watch|site=-1|visits=0|perch=-1|birdPhase=2|landings=0
kalapati,before,0.709,4.000,0.102,-4.000,True,idle|wait=29.21|panic=0.00|target=1|speed=0.00|near=False|yaw=0.0|peeing=False|peeCooldown=153.5|aerial=False|glide=False|legs=0|activity=Watch|site=-1|visits=0|perch=-1|birdPhase=2|landings=0
kalapati,before,0.810,4.000,0.102,-4.000,True,idle|wait=29.11|panic=0.00|target=1|speed=0.00|near=False|yaw=0.0|peeing=False|peeCooldown=153.5|aerial=False|glide=False|legs=0|activity=Watch|site=-1|visits=0|perch=-1|birdPhase=2|landings=0
kalapati,before,0.911,4.000,0.102,-4.000,True,idle|wait=29.01|panic=0.00|target=1|speed=0.00|near=False|yaw=0.0|peeing=False|peeCooldown=153.5|aerial=False|glide=False|legs=0|activity=Watch|site=-1|visits=0|perch=-1|birdPhase=2|landings=0
kalapati,before,1.012,4.000,0.110,-3.989,True,fly|wait=28.91|panic=0.00|target=1|speed=0.00|near=True|yaw=0.0|peeing=False|peeCooldown=153.5|aerial=False|glide=False|legs=0|activity=Watch|site=-1|visits=0|perch=-1|birdPhase=3|landings=0
kalapati,before,1.112,4.000,0.350,-3.670,True,fly|wait=28.91|panic=0.00|target=1|speed=0.00|near=True|yaw=0.0|peeing=False|peeCooldown=153.5|aerial=False|glide=False|legs=0|activity=Watch|site=-1|visits=0|perch=-1|birdPhase=3|landings=0
kalapati,before,1.216,4.000,0.538,-3.419,True,fly|wait=28.91|panic=0.00|target=1|speed=0.00|near=True|yaw=0.0|peeing=False|peeCooldown=153.5|aerial=False|glide=False|legs=0|activity=Watch|site=-1|visits=0|perch=-1|birdPhase=3|landings=0
kalapati,before,1.316,4.000,0.779,-3.098,True,fly|wait=28.91|panic=0.00|target=1|speed=0.00|near=True|yaw=0.0|peeing=False|peeCooldown=153.5|aerial=False|glide=False|legs=0|activity=Watch|site=-1|visits=0|perch=-1|birdPhase=3|landings=0
kalapati,before,1.427,4.000,1.022,-2.773,True,fly|wait=28.91|panic=0.00|target=1|speed=0.00|near=True|yaw=0.0|peeing=False|peeCooldown=153.5|aerial=False|glide=False|legs=0|activity=Watch|site=-1|visits=0|perch=-1|birdPhase=3|landings=0
kalapati,before,1.530,4.000,1.278,-2.432,True,fly|wait=28.91|panic=0.00|target=1|speed=0.00|near=True|yaw=0.0|peeing=False|peeCooldown=153.5|aerial=False|glide=False|legs=0|activity=Watch|site=-1|visits=0|perch=-1|birdPhase=3|landings=0
kalapati,before,1.634,4.000,1.516,-2.115,True,fly|wait=28.91|panic=0.00|target=1|speed=0.00|near=True|yaw=0.0|peeing=False|peeCooldown=153.5|aerial=False|glide=False|legs=0|activity=Watch|site=-1|visits=0|perch=-1|birdPhase=3|landings=0
kalapati,before,1.737,4.000,1.761,-1.788,True,fly|wait=28.91|panic=0.00|target=1|speed=0.00|near=True|yaw=0.0|peeing=False|peeCooldown=153.5|aerial=False|glide=False|legs=0|activity=Watch|site=-1|visits=0|perch=-1|birdPhase=3|landings=0
kalapati,before,1.839,4.000,2.005,-1.463,True,fly|wait=28.91|panic=0.00|target=1|speed=0.00|near=False|yaw=0.0|peeing=False|peeCooldown=153.5|aerial=False|glide=False|legs=0|activity=Watch|site=-1|visits=0|perch=-1|birdPhase=3|landings=0
kalapati,before,1.940,4.000,2.320,-1.043,True,fly|wait=28.91|panic=0.00|target=1|speed=0.00|near=False|yaw=0.0|peeing=False|peeCooldown=153.5|aerial=False|glide=False|legs=0|activity=Watch|site=-1|visits=0|perch=-1|birdPhase=3|landings=0
kalapati,before,2.043,4.000,2.491,-0.815,True,fly|wait=28.91|panic=0.00|target=1|speed=0.00|near=False|yaw=0.0|peeing=False|peeCooldown=153.5|aerial=False|glide=False|legs=0|activity=Watch|site=-1|visits=0|perch=-1|birdPhase=3|landings=0
kalapati,before,2.147,4.000,2.735,-0.489,True,fly|wait=28.91|panic=0.00|target=1|speed=0.00|near=False|yaw=0.0|peeing=False|peeCooldown=153.5|aerial=False|glide=False|legs=0|activity=Watch|site=-1|visits=0|perch=-1|birdPhase=3|landings=0
kalapati,before,2.249,4.000,2.980,-0.162,True,fly|wait=28.91|panic=0.00|target=1|speed=0.00|near=False|yaw=0.0|peeing=False|peeCooldown=153.5|aerial=False|glide=False|legs=0|activity=Watch|site=-1|visits=0|perch=-1|birdPhase=3|landings=0
kalapati,before,2.349,4.000,3.102,0.000,False,fly|wait=32.85|panic=0.00|target=1|speed=0.00|near=False|yaw=0.0|peeing=False|peeCooldown=153.5|aerial=False|glide=False|legs=0|activity=Watch|site=-1|visits=0|perch=-1|birdPhase=0|landings=0
kalapati,before,2.452,4.000,3.102,0.000,False,fly|wait=32.74|panic=0.00|target=1|speed=0.00|near=False|yaw=0.0|peeing=False|peeCooldown=153.5|aerial=False|glide=False|legs=0|activity=Watch|site=-1|visits=0|perch=-1|birdPhase=0|landings=0
kalapati,before,2.554,4.000,3.102,0.000,False,fly|wait=32.64|panic=0.00|target=1|speed=0.00|near=False|yaw=0.0|peeing=False|peeCooldown=153.5|aerial=False|glide=False|legs=0|activity=Watch|site=-1|visits=0|perch=-1|birdPhase=0|landings=0
kalapati,before,2.657,4.000,3.102,0.000,False,fly|wait=32.56|panic=0.00|target=1|speed=0.00|near=False|yaw=0.0|peeing=False|peeCooldown=153.5|aerial=False|glide=False|legs=0|activity=Watch|site=-1|visits=0|perch=-1|birdPhase=0|landings=0
kalapati,before,2.770,4.000,3.102,0.000,False,fly|wait=32.45|panic=0.00|target=1|speed=0.00|near=False|yaw=0.0|peeing=False|peeCooldown=153.5|aerial=False|glide=False|legs=0|activity=Watch|site=-1|visits=0|perch=-1|birdPhase=0|landings=0
kalapati,before,2.875,4.000,3.102,0.000,False,fly|wait=32.35|panic=0.00|target=1|speed=0.00|near=False|yaw=0.0|peeing=False|peeCooldown=153.5|aerial=False|glide=False|legs=0|activity=Watch|site=-1|visits=0|perch=-1|birdPhase=0|landings=0
kalapati,before,2.975,4.000,3.102,0.000,False,fly|wait=32.25|panic=0.00|target=1|speed=0.00|near=False|yaw=0.0|peeing=False|peeCooldown=153.5|aerial=False|glide=False|legs=0|activity=Watch|site=-1|visits=0|perch=-1|birdPhase=0|landings=0
kalapati,before,3.077,4.000,3.102,0.000,False,fly|wait=32.15|panic=0.00|target=1|speed=0.00|near=False|yaw=0.0|peeing=False|peeCooldown=153.5|aerial=False|glide=False|legs=0|activity=Watch|site=-1|visits=0|perch=-1|birdPhase=0|landings=0
kalapati,before,3.183,4.000,3.102,0.000,False,fly|wait=32.04|panic=0.00|target=1|speed=0.00|near=False|yaw=0.0|peeing=False|peeCooldown=153.5|aerial=False|glide=False|legs=0|activity=Watch|site=-1|visits=0|perch=-1|birdPhase=0|landings=0
kalapati,before,3.288,4.000,3.102,0.000,False,fly|wait=31.91|panic=0.00|target=1|speed=0.00|near=False|yaw=0.0|peeing=False|peeCooldown=153.5|aerial=False|glide=False|legs=0|activity=Watch|site=-1|visits=0|perch=-1|birdPhase=0|landings=0
kalapati,before,3.388,4.000,3.102,0.000,False,fly|wait=31.81|panic=0.00|target=1|speed=0.00|near=False|yaw=0.0|peeing=False|peeCooldown=153.5|aerial=False|glide=False|legs=0|activity=Watch|site=-1|visits=0|perch=-1|birdPhase=0|landings=0
kalapati,before,3.490,4.000,3.102,0.000,False,fly|wait=31.70|panic=0.00|target=1|speed=0.00|near=False|yaw=0.0|peeing=False|peeCooldown=153.5|aerial=False|glide=False|legs=0|activity=Watch|site=-1|visits=0|perch=-1|birdPhase=0|landings=0
kalapati,before,3.591,4.000,3.102,0.000,False,fly|wait=31.60|panic=0.00|target=1|speed=0.00|near=False|yaw=0.0|peeing=False|peeCooldown=153.5|aerial=False|glide=False|legs=0|activity=Watch|site=-1|visits=0|perch=-1|birdPhase=0|landings=0
kalapati,before,3.699,4.000,3.102,0.000,False,fly|wait=31.52|panic=0.00|target=1|speed=0.00|near=False|yaw=0.0|peeing=False|peeCooldown=153.5|aerial=False|glide=False|legs=0|activity=Watch|site=-1|visits=0|perch=-1|birdPhase=0|landings=0
kalapati,before,3.800,4.000,3.102,0.000,False,fly|wait=31.39|panic=0.00|target=1|speed=0.00|near=False|yaw=0.0|peeing=False|peeCooldown=153.5|aerial=False|glide=False|legs=0|activity=Watch|site=-1|visits=0|perch=-1|birdPhase=0|landings=0
kalapati,before,3.900,4.000,3.102,0.000,False,fly|wait=31.29|panic=0.00|target=1|speed=0.00|near=False|yaw=0.0|peeing=False|peeCooldown=153.5|aerial=False|glide=False|legs=0|activity=Watch|site=-1|visits=0|perch=-1|birdPhase=0|landings=0
kalapati,before,4.005,4.000,3.102,0.000,False,fly|wait=31.22|panic=0.00|target=1|speed=0.00|near=False|yaw=0.0|peeing=False|peeCooldown=153.5|aerial=False|glide=False|legs=0|activity=Watch|site=-1|visits=0|perch=-1|birdPhase=0|landings=0
kalapati,before,4.106,4.000,3.102,0.000,False,fly|wait=31.09|panic=0.00|target=1|speed=0.00|near=False|yaw=0.0|peeing=False|peeCooldown=153.5|aerial=False|glide=False|legs=0|activity=Watch|site=-1|visits=0|perch=-1|birdPhase=0|landings=0
kalapati,before,4.213,4.000,3.102,0.000,False,fly|wait=31.01|panic=0.00|target=1|speed=0.00|near=False|yaw=0.0|peeing=False|peeCooldown=153.5|aerial=False|glide=False|legs=0|activity=Watch|site=-1|visits=0|perch=-1|birdPhase=0|landings=0
kalapati,before,4.320,4.000,3.102,0.000,False,fly|wait=30.88|panic=0.00|target=1|speed=0.00|near=False|yaw=0.0|peeing=False|peeCooldown=153.5|aerial=False|glide=False|legs=0|activity=Watch|site=-1|visits=0|perch=-1|birdPhase=0|landings=0
kalapati,before,4.422,4.000,3.102,0.000,False,fly|wait=30.77|panic=0.00|target=1|speed=0.00|near=False|yaw=0.0|peeing=False|peeCooldown=153.5|aerial=False|glide=False|legs=0|activity=Watch|site=-1|visits=0|perch=-1|birdPhase=0|landings=0
kalapati,before,4.522,4.000,3.102,0.000,False,fly|wait=30.67|panic=0.00|target=1|speed=0.00|near=False|yaw=0.0|peeing=False|peeCooldown=153.5|aerial=False|glide=False|legs=0|activity=Watch|site=-1|visits=0|perch=-1|birdPhase=0|landings=0
kalapati,before,4.634,4.000,3.102,0.000,False,fly|wait=30.59|panic=0.00|target=1|speed=0.00|near=False|yaw=0.0|peeing=False|peeCooldown=153.5|aerial=False|glide=False|legs=0|activity=Watch|site=-1|visits=0|perch=-1|birdPhase=0|landings=0
kalapati,before,4.741,4.000,3.102,0.000,False,fly|wait=30.48|panic=0.00|target=1|speed=0.00|near=False|yaw=0.0|peeing=False|peeCooldown=153.5|aerial=False|glide=False|legs=0|activity=Watch|site=-1|visits=0|perch=-1|birdPhase=0|landings=0
kalapati,before,4.846,4.000,3.102,0.000,False,fly|wait=30.38|panic=0.00|target=1|speed=0.00|near=False|yaw=0.0|peeing=False|peeCooldown=153.5|aerial=False|glide=False|legs=0|activity=Watch|site=-1|visits=0|perch=-1|birdPhase=0|landings=0
kalapati,before,4.955,4.000,3.102,0.000,False,fly|wait=30.27|panic=0.00|target=1|speed=0.00|near=False|yaw=0.0|peeing=False|peeCooldown=153.5|aerial=False|glide=False|legs=0|activity=Watch|site=-1|visits=0|perch=-1|birdPhase=0|landings=0
kalapati,before,5.057,4.000,3.102,0.000,False,fly|wait=30.14|panic=0.00|target=1|speed=0.00|near=False|yaw=0.0|peeing=False|peeCooldown=153.5|aerial=False|glide=False|legs=0|activity=Watch|site=-1|visits=0|perch=-1|birdPhase=0|landings=0
kalapati,before,5.158,4.000,3.102,0.000,False,fly|wait=30.04|panic=0.00|target=1|speed=0.00|near=False|yaw=0.0|peeing=False|peeCooldown=153.5|aerial=False|glide=False|legs=0|activity=Watch|site=-1|visits=0|perch=-1|birdPhase=0|landings=0
kalapati,before,5.262,4.000,3.102,0.000,False,fly|wait=29.96|panic=0.00|target=1|speed=0.00|near=False|yaw=0.0|peeing=False|peeCooldown=153.5|aerial=False|glide=False|legs=0|activity=Watch|site=-1|visits=0|perch=-1|birdPhase=0|landings=0
kalapati,before,5.366,4.000,3.102,0.000,False,fly|wait=29.83|panic=0.00|target=1|speed=0.00|near=False|yaw=0.0|peeing=False|peeCooldown=153.5|aerial=False|glide=False|legs=0|activity=Watch|site=-1|visits=0|perch=-1|birdPhase=0|landings=0
kalapati,before,5.466,4.000,3.102,0.000,False,fly|wait=29.73|panic=0.00|target=1|speed=0.00|near=False|yaw=0.0|peeing=False|peeCooldown=153.5|aerial=False|glide=False|legs=0|activity=Watch|site=-1|visits=0|perch=-1|birdPhase=0|landings=0
kalapati,before,5.570,4.000,3.102,0.000,False,fly|wait=29.63|panic=0.00|target=1|speed=0.00|near=False|yaw=0.0|peeing=False|peeCooldown=153.5|aerial=False|glide=False|legs=0|activity=Watch|site=-1|visits=0|perch=-1|birdPhase=0|landings=0
kalapati,before,5.672,4.000,3.102,0.000,False,fly|wait=29.52|panic=0.00|target=1|speed=0.00|near=False|yaw=0.0|peeing=False|peeCooldown=153.5|aerial=False|glide=False|legs=0|activity=Watch|site=-1|visits=0|perch=-1|birdPhase=0|landings=0
kalapati,before,5.772,4.000,3.102,0.000,False,fly|wait=29.42|panic=0.00|target=1|speed=0.00|near=False|yaw=0.0|peeing=False|peeCooldown=153.5|aerial=False|glide=False|legs=0|activity=Watch|site=-1|visits=0|perch=-1|birdPhase=0|landings=0
kalapati,before,5.874,4.000,3.102,0.000,False,fly|wait=29.35|panic=0.00|target=1|speed=0.00|near=False|yaw=0.0|peeing=False|peeCooldown=153.5|aerial=False|glide=False|legs=0|activity=Watch|site=-1|visits=0|perch=-1|birdPhase=0|landings=0
kalapati,before,5.976,4.000,3.102,0.000,False,fly|wait=29.22|panic=0.00|target=1|speed=0.00|near=False|yaw=0.0|peeing=False|peeCooldown=153.5|aerial=False|glide=False|legs=0|activity=Watch|site=-1|visits=0|perch=-1|birdPhase=0|landings=0
kalapati,after,0.000,4.000,0.102,-4.000,True,idle|wait=29.98|panic=0.00|target=1|speed=0.00|near=False|yaw=0.0|peeing=False|peeCooldown=172.4|aerial=False|glide=False|legs=0|activity=Watch|site=-1|visits=0|perch=0|birdPhase=2|landings=0
kalapati,after,0.101,4.000,0.102,-4.000,True,idle|wait=29.82|panic=0.00|target=1|speed=0.00|near=False|yaw=0.0|peeing=False|peeCooldown=172.4|aerial=False|glide=False|legs=0|activity=Watch|site=-1|visits=0|perch=0|birdPhase=2|landings=0
kalapati,after,0.202,4.000,0.102,-4.000,True,idle|wait=29.72|panic=0.00|target=1|speed=0.00|near=False|yaw=0.0|peeing=False|peeCooldown=172.4|aerial=False|glide=False|legs=0|activity=Watch|site=-1|visits=0|perch=0|birdPhase=2|landings=0
kalapati,after,0.303,4.000,0.102,-4.000,True,idle|wait=29.62|panic=0.00|target=1|speed=0.00|near=False|yaw=0.0|peeing=False|peeCooldown=172.4|aerial=False|glide=False|legs=0|activity=Watch|site=-1|visits=0|perch=0|birdPhase=2|landings=0
kalapati,after,0.411,4.000,0.102,-4.000,True,idle|wait=29.52|panic=0.00|target=1|speed=0.00|near=False|yaw=0.0|peeing=False|peeCooldown=172.4|aerial=False|glide=False|legs=0|activity=Watch|site=-1|visits=0|perch=0|birdPhase=2|landings=0
kalapati,after,0.513,4.000,0.102,-4.000,True,idle|wait=29.41|panic=0.00|target=1|speed=0.00|near=False|yaw=0.0|peeing=False|peeCooldown=172.4|aerial=False|glide=False|legs=0|activity=Watch|site=-1|visits=0|perch=0|birdPhase=2|landings=0
kalapati,after,0.616,4.000,0.102,-4.000,True,idle|wait=29.31|panic=0.00|target=1|speed=0.00|near=False|yaw=0.0|peeing=False|peeCooldown=172.4|aerial=False|glide=False|legs=0|activity=Watch|site=-1|visits=0|perch=0|birdPhase=2|landings=0
kalapati,after,0.726,4.000,0.102,-4.000,True,idle|wait=29.23|panic=0.00|target=1|speed=0.00|near=False|yaw=0.0|peeing=False|peeCooldown=172.4|aerial=False|glide=False|legs=0|activity=Watch|site=-1|visits=0|perch=0|birdPhase=2|landings=0
kalapati,after,0.827,4.000,0.102,-4.000,True,idle|wait=29.10|panic=0.00|target=1|speed=0.00|near=False|yaw=0.0|peeing=False|peeCooldown=172.4|aerial=False|glide=False|legs=0|activity=Watch|site=-1|visits=0|perch=0|birdPhase=2|landings=0
kalapati,after,0.927,4.000,0.102,-4.000,True,peck|wait=29.00|panic=0.00|target=1|speed=0.00|near=False|yaw=0.0|peeing=False|peeCooldown=172.4|aerial=False|glide=False|legs=0|activity=Watch|site=-1|visits=0|perch=0|birdPhase=2|landings=0
kalapati,after,1.031,4.000,0.102,-4.000,True,peck|wait=28.93|panic=0.00|target=1|speed=0.00|near=True|yaw=0.0|peeing=False|peeCooldown=172.4|aerial=False|glide=False|legs=0|activity=Watch|site=-1|visits=0|perch=0|birdPhase=2|landings=0
kalapati,after,1.131,3.747,0.197,-4.000,True,fly|wait=28.89|panic=0.00|target=1|speed=4.10|near=True|yaw=311.4|peeing=False|peeCooldown=172.4|aerial=False|glide=False|legs=0|activity=Watch|site=-1|visits=0|perch=0|birdPhase=3|landings=0
kalapati,after,1.235,3.342,0.350,-4.000,True,fly|wait=28.89|panic=0.00|target=1|speed=4.22|near=True|yaw=282.3|peeing=False|peeCooldown=172.4|aerial=False|glide=False|legs=0|activity=Watch|site=-1|visits=0|perch=0|birdPhase=3|landings=0
kalapati,after,1.342,2.931,0.504,-4.000,True,fly|wait=28.89|panic=0.00|target=1|speed=4.33|near=True|yaw=273.6|peeing=False|peeCooldown=172.4|aerial=False|glide=False|legs=0|activity=Watch|site=-1|visits=0|perch=0|birdPhase=3|landings=0
kalapati,after,1.450,2.364,0.717,-4.000,True,fly|wait=28.89|panic=0.00|target=1|speed=4.46|near=False|yaw=270.7|peeing=False|peeCooldown=172.4|aerial=False|glide=False|legs=0|activity=Watch|site=-1|visits=0|perch=0|birdPhase=3|landings=0
kalapati,after,1.555,1.911,0.887,-4.000,True,fly|wait=28.89|panic=0.00|target=1|speed=4.58|near=False|yaw=270.2|peeing=False|peeCooldown=172.4|aerial=False|glide=False|legs=0|activity=Watch|site=-1|visits=0|perch=0|birdPhase=3|landings=0
kalapati,after,1.656,1.449,1.060,-4.000,True,fly|wait=28.89|panic=0.00|target=1|speed=4.69|near=False|yaw=270.1|peeing=False|peeCooldown=172.4|aerial=False|glide=False|legs=0|activity=Watch|site=-1|visits=0|perch=0|birdPhase=3|landings=0
kalapati,after,1.757,1.016,1.221,-4.000,True,fly|wait=28.89|panic=0.00|target=1|speed=4.77|near=False|yaw=270.0|peeing=False|peeCooldown=172.4|aerial=False|glide=False|legs=0|activity=Watch|site=-1|visits=0|perch=0|birdPhase=3|landings=0
kalapati,after,1.859,0.542,1.398,-4.000,True,fly|wait=28.89|panic=0.00|target=1|speed=4.87|near=False|yaw=270.0|peeing=False|peeCooldown=172.4|aerial=False|glide=False|legs=0|activity=Watch|site=-1|visits=0|perch=0|birdPhase=3|landings=0
kalapati,after,1.959,0.083,1.568,-4.000,True,fly|wait=28.89|panic=0.00|target=1|speed=4.96|near=False|yaw=270.0|peeing=False|peeCooldown=172.4|aerial=False|glide=False|legs=0|activity=Watch|site=-1|visits=0|perch=0|birdPhase=3|landings=0
kalapati,after,2.059,-0.383,1.740,-4.000,True,fly|wait=28.89|panic=0.00|target=1|speed=5.03|near=False|yaw=270.0|peeing=False|peeCooldown=172.4|aerial=False|glide=False|legs=0|activity=Watch|site=-1|visits=0|perch=0|birdPhase=3|landings=0
kalapati,after,2.162,-0.879,1.923,-4.000,True,fly|wait=28.89|panic=0.00|target=1|speed=5.12|near=False|yaw=270.0|peeing=False|peeCooldown=172.4|aerial=False|glide=False|legs=0|activity=Watch|site=-1|visits=0|perch=0|birdPhase=3|landings=0
kalapati,after,2.264,-1.369,2.103,-4.000,True,fly|wait=28.89|panic=0.00|target=1|speed=5.19|near=False|yaw=270.0|peeing=False|peeCooldown=172.4|aerial=False|glide=False|legs=0|activity=Watch|site=-1|visits=0|perch=0|birdPhase=3|landings=0
kalapati,after,2.365,-1.860,2.283,-4.000,True,fly|wait=28.89|panic=0.00|target=1|speed=5.26|near=False|yaw=270.0|peeing=False|peeCooldown=172.4|aerial=False|glide=False|legs=0|activity=Watch|site=-1|visits=0|perch=0|birdPhase=3|landings=0
kalapati,after,2.467,-2.255,2.427,-4.000,True,fly|wait=28.89|panic=0.00|target=1|speed=5.32|near=False|yaw=270.0|peeing=False|peeCooldown=172.4|aerial=False|glide=False|legs=0|activity=Watch|site=-1|visits=0|perch=0|birdPhase=3|landings=0
kalapati,after,2.579,-2.782,2.617,-4.000,True,fly|wait=28.89|panic=0.00|target=1|speed=5.38|near=False|yaw=270.0|peeing=False|peeCooldown=172.4|aerial=False|glide=False|legs=0|activity=Watch|site=-1|visits=0|perch=0|birdPhase=3|landings=0
kalapati,after,2.681,-3.461,2.862,-4.000,True,fly|wait=28.89|panic=0.00|target=1|speed=5.45|near=False|yaw=270.0|peeing=False|peeCooldown=172.4|aerial=False|glide=False|legs=0|activity=Watch|site=-1|visits=0|perch=0|birdPhase=3|landings=0
kalapati,after,2.783,-3.829,2.994,-4.000,True,fly|wait=28.89|panic=0.00|target=1|speed=5.50|near=False|yaw=270.0|peeing=False|peeCooldown=172.4|aerial=False|glide=False|legs=0|activity=Watch|site=-1|visits=0|perch=0|birdPhase=3|landings=0
kalapati,after,2.883,-4.357,3.183,-4.000,True,fly|wait=28.89|panic=0.00|target=1|speed=5.55|near=False|yaw=270.0|peeing=False|peeCooldown=172.4|aerial=False|glide=False|legs=0|activity=Watch|site=-1|visits=0|perch=0|birdPhase=3|landings=0
kalapati,after,2.988,-4.913,3.381,-4.000,True,fly|wait=28.89|panic=0.00|target=1|speed=5.60|near=False|yaw=270.0|peeing=False|peeCooldown=172.4|aerial=False|glide=False|legs=0|activity=Watch|site=-1|visits=0|perch=0|birdPhase=3|landings=0
kalapati,after,3.094,-5.462,3.575,-4.000,True,fly|wait=28.89|panic=0.00|target=1|speed=5.65|near=False|yaw=270.0|peeing=False|peeCooldown=172.4|aerial=False|glide=False|legs=0|activity=Watch|site=-1|visits=0|perch=0|birdPhase=3|landings=0
kalapati,after,3.195,-6.173,3.824,-4.000,True,fly|wait=28.89|panic=0.00|target=1|speed=5.70|near=False|yaw=270.0|peeing=False|peeCooldown=172.4|aerial=False|glide=False|legs=0|activity=Watch|site=-1|visits=0|perch=0|birdPhase=3|landings=0
kalapati,after,3.299,-6.566,3.960,-4.000,True,fly|wait=28.89|panic=0.00|target=1|speed=5.72|near=False|yaw=270.0|peeing=False|peeCooldown=172.4|aerial=False|glide=False|legs=0|activity=Watch|site=-1|visits=0|perch=0|birdPhase=3|landings=0
kalapati,after,3.402,-7.129,4.155,-4.000,True,fly|wait=28.89|panic=0.00|target=1|speed=5.75|near=False|yaw=270.0|peeing=False|peeCooldown=172.4|aerial=False|glide=False|legs=0|activity=Watch|site=-1|visits=0|perch=0|birdPhase=3|landings=0
kalapati,after,3.504,-7.685,4.346,-4.000,True,fly|wait=28.89|panic=0.00|target=1|speed=5.78|near=False|yaw=270.0|peeing=False|peeCooldown=172.4|aerial=False|glide=False|legs=0|activity=Watch|site=-1|visits=0|perch=0|birdPhase=3|landings=0
kalapati,after,3.605,-8.397,4.588,-4.000,True,fly|wait=28.89|panic=0.00|target=1|speed=5.81|near=False|yaw=270.0|peeing=False|peeCooldown=172.4|aerial=False|glide=False|legs=0|activity=Watch|site=-1|visits=0|perch=0|birdPhase=3|landings=0
kalapati,after,3.707,-8.963,4.779,-4.000,True,fly|wait=28.89|panic=0.00|target=1|speed=5.83|near=False|yaw=270.0|peeing=False|peeCooldown=172.4|aerial=False|glide=False|legs=0|activity=Watch|site=-1|visits=0|perch=0|birdPhase=3|landings=0
kalapati,after,3.808,-9.521,4.966,-4.000,True,fly|wait=28.89|panic=0.00|target=1|speed=5.84|near=False|yaw=270.0|peeing=False|peeCooldown=172.4|aerial=False|glide=False|legs=0|activity=Watch|site=-1|visits=0|perch=0|birdPhase=3|landings=0
kalapati,after,3.912,-9.928,5.101,-4.000,True,fly|wait=28.89|panic=0.00|target=1|speed=5.85|near=False|yaw=270.0|peeing=False|peeCooldown=172.4|aerial=False|glide=False|legs=0|activity=Watch|site=-1|visits=0|perch=0|birdPhase=3|landings=0
kalapati,after,4.014,-10.674,5.346,-4.000,True,fly|wait=28.89|panic=0.00|target=1|speed=5.86|near=False|yaw=270.0|peeing=False|peeCooldown=172.4|aerial=False|glide=False|legs=0|activity=Watch|site=-1|visits=0|perch=0|birdPhase=3|landings=0
kalapati,after,4.116,-11.244,5.531,-4.000,True,fly|wait=28.89|panic=0.00|target=1|speed=5.86|near=False|yaw=270.0|peeing=False|peeCooldown=172.4|aerial=False|glide=False|legs=0|activity=Watch|site=-1|visits=0|perch=0|birdPhase=3|landings=0
kalapati,after,4.217,-11.809,5.712,-4.000,True,fly|wait=28.89|panic=0.00|target=1|speed=5.86|near=False|yaw=270.0|peeing=False|peeCooldown=172.4|aerial=False|glide=False|legs=0|activity=Watch|site=-1|visits=0|perch=0|birdPhase=3|landings=0
kalapati,after,4.321,-12.220,5.843,-4.000,True,fly|wait=28.89|panic=0.00|target=1|speed=5.86|near=False|yaw=270.0|peeing=False|peeCooldown=172.4|aerial=False|glide=False|legs=0|activity=Watch|site=-1|visits=0|perch=0|birdPhase=3|landings=0
kalapati,after,4.423,-12.946,6.071,-4.000,True,fly|wait=28.89|panic=0.00|target=1|speed=5.85|near=False|yaw=270.0|peeing=False|peeCooldown=172.4|aerial=False|glide=False|legs=0|activity=Watch|site=-1|visits=0|perch=0|birdPhase=3|landings=0
kalapati,after,4.527,-13.523,6.250,-4.000,True,fly|wait=28.89|panic=0.00|target=1|speed=5.84|near=False|yaw=270.0|peeing=False|peeCooldown=172.4|aerial=False|glide=False|legs=0|activity=Watch|site=-1|visits=0|perch=0|birdPhase=3|landings=0
kalapati,after,4.632,-13.946,6.380,-4.000,True,fly|wait=28.89|panic=0.00|target=1|speed=5.82|near=False|yaw=270.0|peeing=False|peeCooldown=172.4|aerial=False|glide=False|legs=0|activity=Watch|site=-1|visits=0|perch=0|birdPhase=3|landings=0
kalapati,after,4.738,-14.519,6.554,-4.000,True,fly|wait=28.89|panic=0.00|target=1|speed=5.80|near=False|yaw=270.0|peeing=False|peeCooldown=172.4|aerial=False|glide=False|legs=0|activity=Watch|site=-1|visits=0|perch=0|birdPhase=3|landings=0
kalapati,after,4.842,-15.097,6.726,-4.000,True,fly|wait=28.89|panic=0.00|target=1|speed=5.78|near=False|yaw=270.0|peeing=False|peeCooldown=172.4|aerial=False|glide=False|legs=0|activity=Watch|site=-1|visits=0|perch=0|birdPhase=3|landings=0
kalapati,after,4.943,-15.836,6.943,-4.000,True,fly|wait=28.89|panic=0.00|target=1|speed=5.74|near=False|yaw=270.0|peeing=False|peeCooldown=172.4|aerial=False|glide=False|legs=0|activity=Watch|site=-1|visits=0|perch=0|birdPhase=3|landings=0
kalapati,after,5.045,-16.398,7.104,-4.000,True,fly|wait=28.89|panic=0.00|target=1|speed=5.71|near=False|yaw=270.0|peeing=False|peeCooldown=172.4|aerial=False|glide=False|legs=0|activity=Watch|site=-1|visits=0|perch=0|birdPhase=3|landings=0
kalapati,after,5.147,-16.956,7.262,-4.000,True,fly|wait=28.89|panic=0.00|target=1|speed=5.67|near=False|yaw=270.0|peeing=False|peeCooldown=172.4|aerial=False|glide=False|legs=0|activity=Watch|site=-1|visits=0|perch=0|birdPhase=3|landings=0
kalapati,after,5.249,-17.514,7.416,-4.000,True,fly|wait=28.89|panic=0.00|target=1|speed=5.63|near=False|yaw=270.0|peeing=False|peeCooldown=172.4|aerial=False|glide=False|legs=0|activity=Watch|site=-1|visits=0|perch=0|birdPhase=3|landings=0
kalapati,after,5.349,-17.917,7.526,-4.000,True,fly|wait=28.89|panic=0.00|target=1|speed=5.60|near=False|yaw=270.0|peeing=False|peeCooldown=172.4|aerial=False|glide=False|legs=0|activity=Watch|site=-1|visits=0|perch=0|birdPhase=3|landings=0
kalapati,after,5.451,-18.596,7.707,-4.000,True,fly|wait=28.89|panic=0.00|target=1|speed=5.54|near=False|yaw=270.0|peeing=False|peeCooldown=172.4|aerial=False|glide=False|legs=0|activity=Watch|site=-1|visits=0|perch=0|birdPhase=3|landings=0
kalapati,after,5.552,-19.135,7.848,-4.000,True,fly|wait=28.89|panic=0.00|target=1|speed=5.49|near=False|yaw=270.0|peeing=False|peeCooldown=172.4|aerial=False|glide=False|legs=0|activity=Watch|site=-1|visits=0|perch=0|birdPhase=3|landings=0
kalapati,after,5.653,-19.552,7.954,-4.000,True,fly|wait=28.89|panic=0.00|target=1|speed=5.44|near=False|yaw=270.0|peeing=False|peeCooldown=172.4|aerial=False|glide=False|legs=0|activity=Watch|site=-1|visits=0|perch=0|birdPhase=3|landings=0
kalapati,after,5.756,-20.092,8.088,-4.000,True,fly|wait=28.89|panic=0.00|target=1|speed=5.38|near=False|yaw=270.0|peeing=False|peeCooldown=172.4|aerial=False|glide=False|legs=0|activity=Watch|site=-1|visits=0|perch=0|birdPhase=3|landings=0
kalapati,after,5.858,-20.627,8.217,-4.000,True,fly|wait=28.89|panic=0.00|target=1|speed=5.32|near=False|yaw=270.0|peeing=False|peeCooldown=172.4|aerial=False|glide=False|legs=0|activity=Watch|site=-1|visits=0|perch=0|birdPhase=3|landings=0
kalapati,after,5.973,-21.180,8.347,-4.000,True,fly|wait=28.89|panic=0.00|target=1|speed=5.25|near=False|yaw=270.0|peeing=False|peeCooldown=172.4|aerial=False|glide=False|legs=0|activity=Watch|site=-1|visits=0|perch=0|birdPhase=3|landings=0
kalapati,after,6.077,-21.714,8.468,-4.000,True,fly|wait=28.89|panic=0.00|target=1|speed=5.18|near=False|yaw=270.0|peeing=False|peeCooldown=172.4|aerial=False|glide=False|legs=0|activity=Watch|site=-1|visits=0|perch=0|birdPhase=3|landings=0
kalapati,after,6.181,-22.211,8.576,-4.000,True,fly|wait=28.89|panic=0.00|target=1|speed=5.11|near=False|yaw=270.0|peeing=False|peeCooldown=172.4|aerial=False|glide=False|legs=0|activity=Watch|site=-1|visits=0|perch=0|birdPhase=3|landings=0
kalapati,after,6.285,-22.887,8.717,-4.000,True,fly|wait=28.89|panic=0.00|target=1|speed=5.01|near=False|yaw=270.0|peeing=False|peeCooldown=172.4|aerial=False|glide=False|legs=0|activity=Watch|site=-1|visits=0|perch=0|birdPhase=3|landings=0
kalapati,after,6.387,-23.386,8.815,-4.000,True,fly|wait=28.89|panic=0.00|target=1|speed=4.93|near=False|yaw=270.0|peeing=False|peeCooldown=172.4|aerial=False|glide=False|legs=0|activity=Watch|site=-1|visits=0|perch=0|birdPhase=3|landings=0
kalapati,after,6.489,-23.712,8.877,-4.000,True,fly|wait=28.89|panic=0.00|target=1|speed=4.86|near=False|yaw=270.0|peeing=False|peeCooldown=172.4|aerial=False|glide=False|legs=0|activity=Watch|site=-1|visits=0|perch=0|birdPhase=3|landings=0
kalapati,after,6.594,-24.347,8.991,-4.000,True,fly|wait=28.89|panic=0.00|target=1|speed=4.76|near=False|yaw=270.0|peeing=False|peeCooldown=172.4|aerial=False|glide=False|legs=0|activity=Watch|site=-1|visits=0|perch=0|birdPhase=3|landings=0
kalapati,after,6.695,-24.840,9.073,-4.000,True,fly|wait=28.89|panic=0.00|target=1|speed=4.66|near=False|yaw=270.0|peeing=False|peeCooldown=172.4|aerial=False|glide=False|legs=0|activity=Watch|site=-1|visits=0|perch=0|birdPhase=3|landings=0
kalapati,after,6.797,-25.174,9.125,-4.000,True,fly|wait=28.89|panic=0.00|target=1|speed=4.58|near=False|yaw=270.0|peeing=False|peeCooldown=172.4|aerial=False|glide=False|legs=0|activity=Watch|site=-1|visits=0|perch=0|birdPhase=3|landings=0
kalapati,after,6.900,-25.638,9.192,-4.000,True,fly|wait=28.89|panic=0.00|target=1|speed=4.48|near=False|yaw=270.0|peeing=False|peeCooldown=172.4|aerial=False|glide=False|legs=0|activity=Watch|site=-1|visits=0|perch=0|birdPhase=3|landings=0
kalapati,after,7.009,-26.100,9.253,-4.000,True,fly|wait=28.89|panic=0.00|target=1|speed=4.38|near=False|yaw=270.0|peeing=False|peeCooldown=172.4|aerial=False|glide=False|legs=0|activity=Watch|site=-1|visits=0|perch=0|birdPhase=3|landings=0
kalapati,after,7.110,-26.538,9.305,-4.000,True,fly|wait=28.89|panic=0.00|target=1|speed=4.28|near=False|yaw=270.0|peeing=False|peeCooldown=172.4|aerial=False|glide=False|legs=0|activity=Watch|site=-1|visits=0|perch=0|birdPhase=3|landings=0
kalapati,after,7.214,-26.988,9.351,-4.000,True,fly|wait=28.89|panic=0.00|target=1|speed=4.16|near=False|yaw=270.0|peeing=False|peeCooldown=172.4|aerial=False|glide=False|legs=0|activity=Watch|site=-1|visits=0|perch=0|birdPhase=3|landings=0
kalapati,after,7.317,-27.526,9.396,-4.000,True,fly|wait=28.89|panic=0.00|target=1|speed=4.02|near=False|yaw=270.0|peeing=False|peeCooldown=172.4|aerial=False|glide=False|legs=0|activity=Watch|site=-1|visits=0|perch=0|birdPhase=3|landings=0
kalapati,after,7.419,-27.808,9.415,-4.000,True,fly|wait=28.89|panic=0.00|target=1|speed=3.95|near=False|yaw=270.0|peeing=False|peeCooldown=172.4|aerial=False|glide=False|legs=0|activity=Watch|site=-1|visits=0|perch=0|birdPhase=3|landings=0
kalapati,after,7.521,-28.322,9.439,-4.000,True,fly|wait=28.89|panic=0.00|target=1|speed=3.80|near=False|yaw=270.0|peeing=False|peeCooldown=172.4|aerial=False|glide=False|legs=0|activity=Watch|site=-1|visits=0|perch=0|birdPhase=3|landings=0
kalapati,after,7.622,-28.613,9.446,-4.000,True,fly|wait=28.89|panic=0.00|target=1|speed=3.71|near=False|yaw=270.0|peeing=False|peeCooldown=172.4|aerial=False|glide=False|legs=0|activity=Watch|site=-1|visits=0|perch=0|birdPhase=3|landings=0
kalapati,after,7.723,-29.063,9.447,-4.000,True,fly|wait=28.89|panic=0.00|target=1|speed=3.58|near=False|yaw=270.0|peeing=False|peeCooldown=172.4|aerial=False|glide=False|legs=0|activity=Watch|site=-1|visits=0|perch=0|birdPhase=3|landings=0
kalapati,after,7.826,-29.343,9.441,-4.000,True,fly|wait=28.89|panic=0.00|target=1|speed=3.47|near=False|yaw=270.0|peeing=False|peeCooldown=172.4|aerial=False|glide=False|legs=0|activity=Watch|site=-1|visits=0|perch=0|birdPhase=3|landings=0
kalapati,after,7.936,-29.714,9.424,-4.000,True,fly|wait=28.89|panic=0.00|target=1|speed=3.34|near=False|yaw=270.0|peeing=False|peeCooldown=172.4|aerial=False|glide=False|legs=0|activity=Watch|site=-1|visits=0|perch=0|birdPhase=3|landings=0
kalapati,arrival,0.000,14.831,7.623,24.676,True,fly|wait=28.89|panic=0.00|target=1|speed=10.94|near=False|yaw=204.3|peeing=False|peeCooldown=172.4|aerial=False|glide=False|legs=0|activity=Watch|site=-1|visits=0|perch=1|birdPhase=1|landings=0
kalapati,arrival,0.100,14.406,7.437,23.693,True,fly|wait=28.89|panic=0.00|target=1|speed=10.81|near=False|yaw=203.6|peeing=False|peeCooldown=172.4|aerial=False|glide=False|legs=0|activity=Watch|site=-1|visits=0|perch=1|birdPhase=1|landings=0
kalapati,arrival,0.200,13.997,7.247,22.718,True,fly|wait=28.89|panic=0.00|target=1|speed=10.67|near=False|yaw=202.9|peeing=False|peeCooldown=172.4|aerial=False|glide=False|legs=0|activity=Watch|site=-1|visits=0|perch=1|birdPhase=1|landings=0
kalapati,arrival,0.303,13.597,7.051,21.734,True,fly|wait=28.89|panic=0.00|target=1|speed=10.53|near=False|yaw=202.3|peeing=False|peeCooldown=172.4|aerial=False|glide=False|legs=0|activity=Watch|site=-1|visits=0|perch=1|birdPhase=1|landings=0
kalapati,arrival,0.404,13.215,6.853,20.767,True,fly|wait=28.89|panic=0.00|target=1|speed=10.38|near=False|yaw=201.7|peeing=False|peeCooldown=172.4|aerial=False|glide=False|legs=0|activity=Watch|site=-1|visits=0|perch=1|birdPhase=1|landings=0
kalapati,arrival,0.505,12.845,6.652,19.801,True,fly|wait=28.89|panic=0.00|target=1|speed=10.22|near=False|yaw=201.1|peeing=False|peeCooldown=172.4|aerial=False|glide=False|legs=0|activity=Watch|site=-1|visits=0|perch=1|birdPhase=1|landings=0
kalapati,arrival,0.607,12.492,6.450,18.851,True,fly|wait=28.89|panic=0.00|target=1|speed=10.06|near=False|yaw=200.5|peeing=False|peeCooldown=172.4|aerial=False|glide=False|legs=0|activity=Watch|site=-1|visits=0|perch=1|birdPhase=1|landings=0
kalapati,arrival,0.709,12.158,6.249,17.926,True,fly|wait=28.89|panic=0.00|target=1|speed=9.90|near=False|yaw=200.0|peeing=False|peeCooldown=172.4|aerial=False|glide=False|legs=0|activity=Watch|site=-1|visits=0|perch=1|birdPhase=1|landings=0
kalapati,arrival,0.809,11.836,6.046,17.008,True,fly|wait=28.89|panic=0.00|target=1|speed=9.73|near=False|yaw=199.5|peeing=False|peeCooldown=172.4|aerial=False|glide=False|legs=0|activity=Watch|site=-1|visits=0|perch=1|birdPhase=1|landings=0
kalapati,arrival,0.911,11.612,5.900,16.356,True,fly|wait=28.89|panic=0.00|target=1|speed=9.61|near=False|yaw=199.1|peeing=False|peeCooldown=172.4|aerial=False|glide=False|legs=0|activity=Watch|site=-1|visits=0|perch=1|birdPhase=1|landings=0
kalapati,arrival,1.022,11.300,5.687,15.421,True,fly|wait=28.89|panic=0.00|target=1|speed=9.42|near=False|yaw=198.6|peeing=False|peeCooldown=172.4|aerial=False|glide=False|legs=0|activity=Watch|site=-1|visits=0|perch=1|birdPhase=1|landings=0
kalapati,arrival,1.123,10.929,5.422,14.276,True,fly|wait=28.89|panic=0.00|target=1|speed=9.20|near=False|yaw=198.0|peeing=False|peeCooldown=172.4|aerial=False|glide=False|legs=0|activity=Watch|site=-1|visits=0|perch=1|birdPhase=1|landings=0
kalapati,arrival,1.224,10.724,5.269,13.625,True,fly|wait=28.89|panic=0.00|target=1|speed=9.04|near=False|yaw=197.6|peeing=False|peeCooldown=172.4|aerial=False|glide=False|legs=0|activity=Watch|site=-1|visits=0|perch=1|birdPhase=1|landings=0
kalapati,arrival,1.329,10.451,5.057,12.739,True,fly|wait=28.89|panic=0.00|target=1|speed=8.84|near=False|yaw=197.2|peeing=False|peeCooldown=172.4|aerial=False|glide=False|legs=0|activity=Watch|site=-1|visits=0|perch=1|birdPhase=1|landings=0
kalapati,arrival,1.432,10.199,4.853,11.896,True,fly|wait=28.89|panic=0.00|target=1|speed=8.64|near=False|yaw=196.8|peeing=False|peeCooldown=172.4|aerial=False|glide=False|legs=0|activity=Watch|site=-1|visits=0|perch=1|birdPhase=1|landings=0
kalapati,arrival,1.543,9.957,4.649,11.064,True,fly|wait=28.89|panic=0.00|target=1|speed=8.43|near=False|yaw=196.3|peeing=False|peeCooldown=172.4|aerial=False|glide=False|legs=0|activity=Watch|site=-1|visits=0|perch=1|birdPhase=1|landings=0
kalapati,arrival,1.644,9.669,4.397,10.048,True,fly|wait=28.89|panic=0.00|target=1|speed=8.19|near=False|yaw=195.8|peeing=False|peeCooldown=172.4|aerial=False|glide=False|legs=0|activity=Watch|site=-1|visits=0|perch=1|birdPhase=1|landings=0
kalapati,arrival,1.747,9.511,4.252,9.475,True,fly|wait=28.89|panic=0.00|target=1|speed=8.01|near=False|yaw=195.6|peeing=False|peeCooldown=172.4|aerial=False|glide=False|legs=0|activity=Watch|site=-1|visits=0|perch=1|birdPhase=1|landings=0
kalapati,arrival,1.856,9.304,4.056,8.705,True,fly|wait=28.89|panic=0.00|target=1|speed=7.79|near=False|yaw=195.2|peeing=False|peeCooldown=172.4|aerial=False|glide=False|legs=0|activity=Watch|site=-1|visits=0|perch=1|birdPhase=1|landings=0
kalapati,arrival,1.960,9.107,3.864,7.960,True,fly|wait=28.89|panic=0.00|target=1|speed=7.58|near=False|yaw=194.8|peeing=False|peeCooldown=172.4|aerial=False|glide=False|legs=0|activity=Watch|site=-1|visits=0|perch=1|birdPhase=1|landings=0
kalapati,arrival,2.062,8.924,3.678,7.245,True,fly|wait=28.89|panic=0.00|target=1|speed=7.36|near=False|yaw=194.5|peeing=False|peeCooldown=172.4|aerial=False|glide=False|legs=0|activity=Watch|site=-1|visits=0|perch=1|birdPhase=1|landings=0
kalapati,arrival,2.162,8.746,3.492,6.537,True,fly|wait=28.89|panic=0.00|target=1|speed=7.13|near=False|yaw=194.2|peeing=False|peeCooldown=172.4|aerial=False|glide=False|legs=0|activity=Watch|site=-1|visits=0|perch=1|birdPhase=1|landings=0
kalapati,arrival,2.268,8.576,3.308,5.845,True,fly|wait=28.89|panic=0.00|target=1|speed=6.90|near=False|yaw=193.8|peeing=False|peeCooldown=172.4|aerial=False|glide=False|legs=0|activity=Watch|site=-1|visits=0|perch=1|birdPhase=1|landings=0
kalapati,arrival,2.375,8.410,3.121,5.151,True,fly|wait=28.89|panic=0.00|target=1|speed=6.66|near=False|yaw=193.5|peeing=False|peeCooldown=172.4|aerial=False|glide=False|legs=0|activity=Watch|site=-1|visits=0|perch=1|birdPhase=1|landings=0
kalapati,arrival,2.477,8.223,2.902,4.346,True,fly|wait=28.89|panic=0.00|target=1|speed=6.37|near=False|yaw=193.2|peeing=False|peeCooldown=172.4|aerial=False|glide=False|legs=0|activity=Watch|site=-1|visits=0|perch=1|birdPhase=1|landings=0
kalapati,arrival,2.583,8.122,2.781,3.904,True,fly|wait=28.89|panic=0.00|target=1|speed=6.21|near=False|yaw=193.0|peeing=False|peeCooldown=172.4|aerial=False|glide=False|legs=0|activity=Watch|site=-1|visits=0|perch=1|birdPhase=1|landings=0
kalapati,arrival,2.684,7.990,2.619,3.318,True,fly|wait=28.89|panic=0.00|target=1|speed=5.98|near=False|yaw=192.7|peeing=False|peeCooldown=172.4|aerial=False|glide=False|legs=0|activity=Watch|site=-1|visits=0|perch=1|birdPhase=1|landings=0
kalapati,arrival,2.786,7.831,2.415,2.591,True,fly|wait=28.89|panic=0.00|target=1|speed=5.68|near=False|yaw=192.4|peeing=False|peeCooldown=172.4|aerial=False|glide=False|legs=0|activity=Watch|site=-1|visits=0|perch=1|birdPhase=1|landings=0
kalapati,arrival,2.887,7.748,2.306,2.204,True,fly|wait=28.89|panic=0.00|target=1|speed=5.51|near=False|yaw=192.2|peeing=False|peeCooldown=172.4|aerial=False|glide=False|legs=0|activity=Watch|site=-1|visits=0|perch=1|birdPhase=1|landings=0
kalapati,arrival,2.987,7.640,2.159,1.688,True,fly|wait=28.89|panic=0.00|target=1|speed=5.28|near=False|yaw=192.0|peeing=False|peeCooldown=172.4|aerial=False|glide=False|legs=0|activity=Watch|site=-1|visits=0|perch=1|birdPhase=1|landings=0
kalapati,arrival,3.087,7.538,2.018,1.197,True,fly|wait=28.89|panic=0.00|target=1|speed=5.06|near=False|yaw=191.7|peeing=False|peeCooldown=172.4|aerial=False|glide=False|legs=0|activity=Watch|site=-1|visits=0|perch=1|birdPhase=1|landings=0
kalapati,arrival,3.196,7.438,1.875,0.703,True,fly|wait=28.89|panic=0.00|target=1|speed=4.82|near=False|yaw=191.5|peeing=False|peeCooldown=172.4|aerial=False|glide=False|legs=0|activity=Watch|site=-1|visits=0|perch=1|birdPhase=1|landings=0
kalapati,arrival,3.299,7.344,1.737,0.232,True,fly|wait=28.89|panic=0.00|target=1|speed=4.58|near=False|yaw=191.3|peeing=False|peeCooldown=172.4|aerial=False|glide=False|legs=0|activity=Watch|site=-1|visits=0|perch=1|birdPhase=1|landings=0
kalapati,arrival,3.399,7.261,1.613,-0.189,True,fly|wait=28.89|panic=0.00|target=1|speed=4.36|near=False|yaw=191.1|peeing=False|peeCooldown=172.4|aerial=False|glide=False|legs=0|activity=Watch|site=-1|visits=0|perch=1|birdPhase=1|landings=0
kalapati,arrival,3.510,7.182,1.490,-0.600,True,fly|wait=28.89|panic=0.00|target=1|speed=4.13|near=False|yaw=191.0|peeing=False|peeCooldown=172.4|aerial=False|glide=False|legs=0|activity=Watch|site=-1|visits=0|perch=1|birdPhase=1|landings=0
kalapati,arrival,3.611,7.107,1.373,-0.991,True,fly|wait=28.89|panic=0.00|target=1|speed=3.90|near=False|yaw=190.8|peeing=False|peeCooldown=172.4|aerial=False|glide=False|legs=0|activity=Watch|site=-1|visits=0|perch=1|birdPhase=1|landings=0
kalapati,arrival,3.712,7.021,1.233,-1.449,True,fly|wait=28.89|panic=0.00|target=1|speed=3.65|near=False|yaw=190.6|peeing=False|peeCooldown=172.4|aerial=False|glide=False|legs=0|activity=Watch|site=-1|visits=0|perch=1|birdPhase=1|landings=0
kalapati,arrival,3.813,6.959,1.130,-1.787,True,fly|wait=28.89|panic=0.00|target=1|speed=3.43|near=False|yaw=190.5|peeing=False|peeCooldown=172.4|aerial=False|glide=False|legs=0|activity=Watch|site=-1|visits=0|perch=1|birdPhase=1|landings=0
kalapati,arrival,3.917,6.916,1.057,-2.022,True,fly|wait=28.89|panic=0.00|target=1|speed=3.25|near=False|yaw=190.4|peeing=False|peeCooldown=172.4|aerial=False|glide=False|legs=0|activity=Watch|site=-1|visits=0|perch=1|birdPhase=1|landings=0
kalapati,arrival,4.026,6.860,0.960,-2.330,True,fly|wait=28.89|panic=0.00|target=1|speed=3.03|near=False|yaw=190.3|peeing=False|peeCooldown=172.4|aerial=False|glide=False|legs=0|activity=Watch|site=-1|visits=0|perch=1|birdPhase=1|landings=0
kalapati,arrival,4.128,6.808,0.869,-2.619,True,fly|wait=28.89|panic=0.00|target=1|speed=2.82|near=False|yaw=190.2|peeing=False|peeCooldown=172.4|aerial=False|glide=False|legs=0|activity=Watch|site=-1|visits=0|perch=1|birdPhase=1|landings=0
kalapati,arrival,4.231,6.748,0.762,-2.953,True,fly|wait=28.89|panic=0.00|target=1|speed=2.58|near=False|yaw=190.1|peeing=False|peeCooldown=172.4|aerial=False|glide=False|legs=0|activity=Watch|site=-1|visits=0|perch=1|birdPhase=1|landings=0
kalapati,arrival,4.332,6.707,0.685,-3.189,True,fly|wait=28.89|panic=0.00|target=1|speed=2.35|near=False|yaw=190.1|peeing=False|peeCooldown=172.4|aerial=False|glide=False|legs=0|activity=Watch|site=-1|visits=0|perch=1|birdPhase=1|landings=0
kalapati,arrival,4.436,6.679,0.634,-3.345,True,fly|wait=28.89|panic=0.00|target=1|speed=2.22|near=False|yaw=190.1|peeing=False|peeCooldown=172.4|aerial=False|glide=False|legs=0|activity=Watch|site=-1|visits=0|perch=1|birdPhase=1|landings=0
kalapati,arrival,4.539,6.643,0.566,-3.550,True,fly|wait=28.89|panic=0.00|target=1|speed=2.02|near=False|yaw=190.0|peeing=False|peeCooldown=172.4|aerial=False|glide=False|legs=0|activity=Watch|site=-1|visits=0|perch=1|birdPhase=1|landings=0
kalapati,arrival,4.641,6.601,0.487,-3.783,True,fly|wait=28.89|panic=0.00|target=1|speed=1.79|near=False|yaw=190.1|peeing=False|peeCooldown=172.4|aerial=False|glide=False|legs=0|activity=Watch|site=-1|visits=0|perch=1|birdPhase=1|landings=0
kalapati,arrival,4.753,6.580,0.446,-3.904,True,fly|wait=28.89|panic=0.00|target=1|speed=1.66|near=False|yaw=190.1|peeing=False|peeCooldown=172.4|aerial=False|glide=False|legs=0|activity=Watch|site=-1|visits=0|perch=1|birdPhase=1|landings=0
kalapati,arrival,4.854,6.544,0.376,-4.103,True,fly|wait=28.89|panic=0.00|target=1|speed=1.43|near=False|yaw=190.2|peeing=False|peeCooldown=172.4|aerial=False|glide=False|legs=0|activity=Watch|site=-1|visits=0|perch=1|birdPhase=1|landings=0
kalapati,arrival,4.955,6.521,0.331,-4.229,True,fly|wait=28.89|panic=0.00|target=1|speed=1.27|near=False|yaw=190.4|peeing=False|peeCooldown=172.4|aerial=False|glide=False|legs=0|activity=Watch|site=-1|visits=0|perch=1|birdPhase=1|landings=0
kalapati,arrival,5.057,6.500,0.291,-4.340,True,fly|wait=28.89|panic=0.00|target=1|speed=1.14|near=False|yaw=190.6|peeing=False|peeCooldown=172.4|aerial=False|glide=False|legs=0|activity=Watch|site=-1|visits=0|perch=1|birdPhase=1|landings=0
kalapati,arrival,5.159,6.481,0.254,-4.439,True,fly|wait=28.89|panic=0.00|target=1|speed=0.97|near=False|yaw=190.8|peeing=False|peeCooldown=172.4|aerial=False|glide=False|legs=0|activity=Watch|site=-1|visits=0|perch=1|birdPhase=1|landings=0
kalapati,arrival,5.262,6.469,0.230,-4.500,True,fly|wait=28.89|panic=0.00|target=1|speed=0.88|near=False|yaw=191.1|peeing=False|peeCooldown=172.4|aerial=False|glide=False|legs=0|activity=Watch|site=-1|visits=0|perch=1|birdPhase=1|landings=0
kalapati,arrival,5.364,6.449,0.193,-4.596,True,fly|wait=28.89|panic=0.00|target=1|speed=0.71|near=False|yaw=191.6|peeing=False|peeCooldown=172.4|aerial=False|glide=False|legs=0|activity=Watch|site=-1|visits=0|perch=1|birdPhase=1|landings=0
kalapati,arrival,5.475,6.439,0.173,-4.643,True,fly|wait=28.89|panic=0.00|target=1|speed=0.62|near=False|yaw=192.0|peeing=False|peeCooldown=172.4|aerial=False|glide=False|legs=0|activity=Watch|site=-1|visits=0|perch=1|birdPhase=1|landings=0
kalapati,arrival,5.577,6.427,0.151,-4.694,True,fly|wait=28.89|panic=0.00|target=1|speed=0.50|near=False|yaw=192.6|peeing=False|peeCooldown=172.4|aerial=False|glide=False|legs=0|activity=Watch|site=-1|visits=0|perch=1|birdPhase=1|landings=0
kalapati,arrival,5.681,6.417,0.133,-4.736,True,idle|wait=28.89|panic=0.00|target=1|speed=0.40|near=False|yaw=193.4|peeing=False|peeCooldown=172.4|aerial=False|glide=False|legs=0|activity=Watch|site=-1|visits=0|perch=1|birdPhase=1|landings=0
kalapati,arrival,5.787,6.409,0.118,-4.768,True,idle|wait=28.89|panic=0.00|target=1|speed=0.30|near=False|yaw=194.3|peeing=False|peeCooldown=172.4|aerial=False|glide=False|legs=0|activity=Watch|site=-1|visits=0|perch=1|birdPhase=1|landings=0
kalapati,arrival,5.892,6.403,0.107,-4.791,True,idle|wait=28.89|panic=0.00|target=1|speed=0.20|near=False|yaw=195.4|peeing=False|peeCooldown=172.4|aerial=False|glide=False|legs=0|activity=Watch|site=-1|visits=0|perch=1|birdPhase=1|landings=0
kalapati,arrival,5.996,6.400,0.102,-4.800,True,idle|wait=11.74|panic=0.00|target=1|speed=0.00|near=False|yaw=196.2|peeing=False|peeCooldown=172.4|aerial=False|glide=False|legs=0|activity=Watch|site=-1|visits=0|perch=1|birdPhase=2|landings=1
kalapati,arrival,6.101,6.400,0.102,-4.800,True,idle|wait=11.66|panic=0.00|target=1|speed=0.00|near=False|yaw=196.2|peeing=False|peeCooldown=172.4|aerial=False|glide=False|legs=0|activity=Watch|site=-1|visits=0|perch=1|birdPhase=2|landings=1
kalapati,arrival,6.203,6.400,0.102,-4.800,True,idle|wait=11.55|panic=0.00|target=1|speed=0.00|near=False|yaw=196.2|peeing=False|peeCooldown=172.4|aerial=False|glide=False|legs=0|activity=Watch|site=-1|visits=0|perch=1|birdPhase=2|landings=1
kalapati,arrival,6.312,6.400,0.102,-4.800,True,idle|wait=11.44|panic=0.00|target=1|speed=0.00|near=False|yaw=196.2|peeing=False|peeCooldown=172.4|aerial=False|glide=False|legs=0|activity=Watch|site=-1|visits=0|perch=1|birdPhase=2|landings=1
kalapati,arrival,6.428,6.400,0.102,-4.800,True,idle|wait=11.34|panic=0.00|target=1|speed=0.00|near=False|yaw=196.2|peeing=False|peeCooldown=172.4|aerial=False|glide=False|legs=0|activity=Watch|site=-1|visits=0|perch=1|birdPhase=2|landings=1
kalapati,arrival,6.539,6.400,0.102,-4.800,True,idle|wait=11.23|panic=0.00|target=1|speed=0.00|near=False|yaw=196.2|peeing=False|peeCooldown=172.4|aerial=False|glide=False|legs=0|activity=Watch|site=-1|visits=0|perch=1|birdPhase=2|landings=1
kalapati,arrival,6.640,6.400,0.102,-4.800,True,idle|wait=11.09|panic=0.00|target=1|speed=0.00|near=False|yaw=196.2|peeing=False|peeCooldown=172.4|aerial=False|glide=False|legs=0|activity=Watch|site=-1|visits=0|perch=1|birdPhase=2|landings=1
kalapati,arrival,6.741,6.400,0.102,-4.800,True,idle|wait=10.99|panic=0.00|target=1|speed=0.00|near=False|yaw=196.2|peeing=False|peeCooldown=172.4|aerial=False|glide=False|legs=0|activity=Watch|site=-1|visits=0|perch=1|birdPhase=2|landings=1
kalapati,arrival,6.841,6.400,0.102,-4.800,True,idle|wait=10.92|panic=0.00|target=1|speed=0.00|near=False|yaw=196.2|peeing=False|peeCooldown=172.4|aerial=False|glide=False|legs=0|activity=Watch|site=-1|visits=0|perch=1|birdPhase=2|landings=1
kalapati,arrival,6.945,6.400,0.102,-4.800,True,idle|wait=10.82|panic=0.00|target=1|speed=0.00|near=False|yaw=196.2|peeing=False|peeCooldown=172.4|aerial=False|glide=False|legs=0|activity=Watch|site=-1|visits=0|perch=1|birdPhase=2|landings=1
kalapati,arrival,7.046,6.400,0.102,-4.800,True,idle|wait=10.72|panic=0.00|target=1|speed=0.00|near=False|yaw=196.2|peeing=False|peeCooldown=172.4|aerial=False|glide=False|legs=0|activity=Watch|site=-1|visits=0|perch=1|birdPhase=2|landings=1
kalapati,arrival,7.151,6.400,0.102,-4.800,True,idle|wait=10.61|panic=0.00|target=1|speed=0.00|near=False|yaw=196.2|peeing=False|peeCooldown=172.4|aerial=False|glide=False|legs=0|activity=Watch|site=-1|visits=0|perch=1|birdPhase=2|landings=1
kalapati,arrival,7.252,6.400,0.102,-4.800,True,idle|wait=10.51|panic=0.00|target=1|speed=0.00|near=False|yaw=196.2|peeing=False|peeCooldown=172.4|aerial=False|glide=False|legs=0|activity=Watch|site=-1|visits=0|perch=1|birdPhase=2|landings=1
kalapati,arrival,7.358,6.400,0.102,-4.800,True,idle|wait=10.40|panic=0.00|target=1|speed=0.00|near=False|yaw=196.2|peeing=False|peeCooldown=172.4|aerial=False|glide=False|legs=0|activity=Watch|site=-1|visits=0|perch=1|birdPhase=2|landings=1
kalapati,arrival,7.463,6.400,0.102,-4.800,True,idle|wait=10.30|panic=0.00|target=1|speed=0.00|near=False|yaw=196.2|peeing=False|peeCooldown=172.4|aerial=False|glide=False|legs=0|activity=Watch|site=-1|visits=0|perch=1|birdPhase=2|landings=1
kalapati,arrival,7.565,6.400,0.102,-4.800,True,peck|wait=10.20|panic=0.00|target=1|speed=0.00|near=False|yaw=196.2|peeing=False|peeCooldown=172.4|aerial=False|glide=False|legs=0|activity=Watch|site=-1|visits=0|perch=1|birdPhase=2|landings=1
kalapati,arrival,7.670,6.400,0.102,-4.800,True,peck|wait=10.09|panic=0.00|target=1|speed=0.00|near=False|yaw=196.2|peeing=False|peeCooldown=172.4|aerial=False|glide=False|legs=0|activity=Watch|site=-1|visits=0|perch=1|birdPhase=2|landings=1
kalapati,arrival,7.772,6.400,0.102,-4.800,True,peck|wait=9.99|panic=0.00|target=1|speed=0.00|near=False|yaw=196.2|peeing=False|peeCooldown=172.4|aerial=False|glide=False|legs=0|activity=Watch|site=-1|visits=0|perch=1|birdPhase=2|landings=1
kalapati,arrival,7.874,6.400,0.102,-4.800,True,peck|wait=9.86|panic=0.00|target=1|speed=0.00|near=False|yaw=196.2|peeing=False|peeCooldown=172.4|aerial=False|glide=False|legs=0|activity=Watch|site=-1|visits=0|perch=1|birdPhase=2|landings=1
kalapati,arrival,7.976,6.400,0.102,-4.800,True,peck|wait=9.78|panic=0.00|target=1|speed=0.00|near=False|yaw=196.2|peeing=False|peeCooldown=172.4|aerial=False|glide=False|legs=0|activity=Watch|site=-1|visits=0|perch=1|birdPhase=2|landings=1
fantail,before,0.000,0.000,0.102,10.000,True,idle|wait=29.98|panic=0.00|target=1|speed=0.00|near=False|yaw=0.0|peeing=False|peeCooldown=135.0|aerial=False|glide=False|legs=0|activity=Watch|site=-1|visits=0|perch=-1|birdPhase=2|landings=0
fantail,before,0.100,0.000,0.102,10.000,True,idle|wait=29.82|panic=0.00|target=1|speed=0.00|near=False|yaw=0.0|peeing=False|peeCooldown=135.0|aerial=False|glide=False|legs=0|activity=Watch|site=-1|visits=0|perch=-1|birdPhase=2|landings=0
fantail,before,0.202,0.000,0.102,10.000,True,idle|wait=29.72|panic=0.00|target=1|speed=0.00|near=False|yaw=0.0|peeing=False|peeCooldown=135.0|aerial=False|glide=False|legs=0|activity=Watch|site=-1|visits=0|perch=-1|birdPhase=2|landings=0
fantail,before,0.308,0.000,0.102,10.000,True,idle|wait=29.62|panic=0.00|target=1|speed=0.00|near=False|yaw=0.0|peeing=False|peeCooldown=135.0|aerial=False|glide=False|legs=0|activity=Watch|site=-1|visits=0|perch=-1|birdPhase=2|landings=0
fantail,before,0.409,0.000,0.102,10.000,True,idle|wait=29.51|panic=0.00|target=1|speed=0.00|near=False|yaw=0.0|peeing=False|peeCooldown=135.0|aerial=False|glide=False|legs=0|activity=Watch|site=-1|visits=0|perch=-1|birdPhase=2|landings=0
fantail,before,0.510,0.000,0.102,10.000,True,idle|wait=29.41|panic=0.00|target=1|speed=0.00|near=False|yaw=0.0|peeing=False|peeCooldown=135.0|aerial=False|glide=False|legs=0|activity=Watch|site=-1|visits=0|perch=-1|birdPhase=2|landings=0
fantail,before,0.613,0.000,0.102,10.000,True,idle|wait=29.31|panic=0.00|target=1|speed=0.00|near=False|yaw=0.0|peeing=False|peeCooldown=135.0|aerial=False|glide=False|legs=0|activity=Watch|site=-1|visits=0|perch=-1|birdPhase=2|landings=0
fantail,before,0.715,0.000,0.102,10.000,True,idle|wait=29.21|panic=0.00|target=1|speed=0.00|near=False|yaw=0.0|peeing=False|peeCooldown=135.0|aerial=False|glide=False|legs=0|activity=Watch|site=-1|visits=0|perch=-1|birdPhase=2|landings=0
fantail,before,0.817,0.000,0.102,10.000,True,idle|wait=29.11|panic=0.00|target=1|speed=0.00|near=False|yaw=0.0|peeing=False|peeCooldown=135.0|aerial=False|glide=False|legs=0|activity=Watch|site=-1|visits=0|perch=-1|birdPhase=2|landings=0
fantail,before,0.917,0.000,0.102,10.000,True,idle|wait=29.01|panic=0.00|target=1|speed=0.00|near=False|yaw=0.0|peeing=False|peeCooldown=135.0|aerial=False|glide=False|legs=0|activity=Watch|site=-1|visits=0|perch=-1|birdPhase=2|landings=0
fantail,before,1.021,0.000,0.123,9.971,True,fly|wait=28.92|panic=0.00|target=1|speed=0.00|near=True|yaw=180.0|peeing=False|peeCooldown=135.0|aerial=False|glide=False|legs=0|activity=Watch|site=-1|visits=0|perch=-1|birdPhase=3|landings=0
fantail,before,1.122,0.000,0.394,9.610,True,fly|wait=28.92|panic=0.00|target=1|speed=0.00|near=True|yaw=180.0|peeing=False|peeCooldown=135.0|aerial=False|glide=False|legs=0|activity=Watch|site=-1|visits=0|perch=-1|birdPhase=3|landings=0
fantail,before,1.223,0.000,0.652,9.267,True,fly|wait=28.92|panic=0.00|target=1|speed=0.00|near=True|yaw=180.0|peeing=False|peeCooldown=135.0|aerial=False|glide=False|legs=0|activity=Watch|site=-1|visits=0|perch=-1|birdPhase=3|landings=0
fantail,before,1.326,0.000,0.911,8.921,True,fly|wait=28.92|panic=0.00|target=1|speed=0.00|near=True|yaw=180.0|peeing=False|peeCooldown=135.0|aerial=False|glide=False|legs=0|activity=Watch|site=-1|visits=0|perch=-1|birdPhase=3|landings=0
fantail,before,1.428,0.000,1.177,8.567,True,fly|wait=28.92|panic=0.00|target=1|speed=0.00|near=True|yaw=180.0|peeing=False|peeCooldown=135.0|aerial=False|glide=False|legs=0|activity=Watch|site=-1|visits=0|perch=-1|birdPhase=3|landings=0
fantail,before,1.530,0.000,1.432,8.226,True,fly|wait=28.92|panic=0.00|target=1|speed=0.00|near=True|yaw=180.0|peeing=False|peeCooldown=135.0|aerial=False|glide=False|legs=0|activity=Watch|site=-1|visits=0|perch=-1|birdPhase=3|landings=0
fantail,before,1.631,0.000,1.688,7.885,True,fly|wait=28.92|panic=0.00|target=1|speed=0.00|near=True|yaw=180.0|peeing=False|peeCooldown=135.0|aerial=False|glide=False|legs=0|activity=Watch|site=-1|visits=0|perch=-1|birdPhase=3|landings=0
fantail,before,1.735,0.000,1.942,7.546,True,fly|wait=28.92|panic=0.00|target=1|speed=0.00|near=False|yaw=180.0|peeing=False|peeCooldown=135.0|aerial=False|glide=False|legs=0|activity=Watch|site=-1|visits=0|perch=-1|birdPhase=3|landings=0
fantail,before,1.836,0.000,2.216,7.182,True,fly|wait=28.92|panic=0.00|target=1|speed=0.00|near=False|yaw=180.0|peeing=False|peeCooldown=135.0|aerial=False|glide=False|legs=0|activity=Watch|site=-1|visits=0|perch=-1|birdPhase=3|landings=0
fantail,before,1.937,0.000,2.470,6.843,True,fly|wait=28.92|panic=0.00|target=1|speed=0.00|near=False|yaw=180.0|peeing=False|peeCooldown=135.0|aerial=False|glide=False|legs=0|activity=Watch|site=-1|visits=0|perch=-1|birdPhase=3|landings=0
fantail,before,2.039,0.000,2.732,6.493,True,fly|wait=28.92|panic=0.00|target=1|speed=0.00|near=False|yaw=180.0|peeing=False|peeCooldown=135.0|aerial=False|glide=False|legs=0|activity=Watch|site=-1|visits=0|perch=-1|birdPhase=3|landings=0
fantail,before,2.140,0.000,2.987,6.153,True,fly|wait=28.92|panic=0.00|target=1|speed=0.00|near=False|yaw=180.0|peeing=False|peeCooldown=135.0|aerial=False|glide=False|legs=0|activity=Watch|site=-1|visits=0|perch=-1|birdPhase=3|landings=0
fantail,before,2.241,0.000,3.102,6.000,False,fly|wait=30.47|panic=0.00|target=1|speed=0.00|near=False|yaw=180.0|peeing=False|peeCooldown=135.0|aerial=False|glide=False|legs=0|activity=Watch|site=-1|visits=0|perch=-1|birdPhase=0|landings=0
fantail,before,2.343,0.000,3.102,6.000,False,fly|wait=30.37|panic=0.00|target=1|speed=0.00|near=False|yaw=180.0|peeing=False|peeCooldown=135.0|aerial=False|glide=False|legs=0|activity=Watch|site=-1|visits=0|perch=-1|birdPhase=0|landings=0
fantail,before,2.443,0.000,3.102,6.000,False,fly|wait=30.27|panic=0.00|target=1|speed=0.00|near=False|yaw=180.0|peeing=False|peeCooldown=135.0|aerial=False|glide=False|legs=0|activity=Watch|site=-1|visits=0|perch=-1|birdPhase=0|landings=0
fantail,before,2.543,0.000,3.102,6.000,False,fly|wait=30.17|panic=0.00|target=1|speed=0.00|near=False|yaw=180.0|peeing=False|peeCooldown=135.0|aerial=False|glide=False|legs=0|activity=Watch|site=-1|visits=0|perch=-1|birdPhase=0|landings=0
fantail,before,2.644,0.000,3.102,6.000,False,fly|wait=30.07|panic=0.00|target=1|speed=0.00|near=False|yaw=180.0|peeing=False|peeCooldown=135.0|aerial=False|glide=False|legs=0|activity=Watch|site=-1|visits=0|perch=-1|birdPhase=0|landings=0
fantail,before,2.745,0.000,3.102,6.000,False,fly|wait=29.99|panic=0.00|target=1|speed=0.00|near=False|yaw=180.0|peeing=False|peeCooldown=135.0|aerial=False|glide=False|legs=0|activity=Watch|site=-1|visits=0|perch=-1|birdPhase=0|landings=0
fantail,before,2.858,0.000,3.102,6.000,False,fly|wait=29.88|panic=0.00|target=1|speed=0.00|near=False|yaw=180.0|peeing=False|peeCooldown=135.0|aerial=False|glide=False|legs=0|activity=Watch|site=-1|visits=0|perch=-1|birdPhase=0|landings=0
fantail,before,2.962,0.000,3.102,6.000,False,fly|wait=29.78|panic=0.00|target=1|speed=0.00|near=False|yaw=180.0|peeing=False|peeCooldown=135.0|aerial=False|glide=False|legs=0|activity=Watch|site=-1|visits=0|perch=-1|birdPhase=0|landings=0
fantail,before,3.064,0.000,3.102,6.000,False,fly|wait=29.65|panic=0.00|target=1|speed=0.00|near=False|yaw=180.0|peeing=False|peeCooldown=135.0|aerial=False|glide=False|legs=0|activity=Watch|site=-1|visits=0|perch=-1|birdPhase=0|landings=0
fantail,before,3.164,0.000,3.102,6.000,False,fly|wait=29.55|panic=0.00|target=1|speed=0.00|near=False|yaw=180.0|peeing=False|peeCooldown=135.0|aerial=False|glide=False|legs=0|activity=Watch|site=-1|visits=0|perch=-1|birdPhase=0|landings=0
fantail,before,3.266,0.000,3.102,6.000,False,fly|wait=29.48|panic=0.00|target=1|speed=0.00|near=False|yaw=180.0|peeing=False|peeCooldown=135.0|aerial=False|glide=False|legs=0|activity=Watch|site=-1|visits=0|perch=-1|birdPhase=0|landings=0
fantail,before,3.367,0.000,3.102,6.000,False,fly|wait=29.38|panic=0.00|target=1|speed=0.00|near=False|yaw=180.0|peeing=False|peeCooldown=135.0|aerial=False|glide=False|legs=0|activity=Watch|site=-1|visits=0|perch=-1|birdPhase=0|landings=0
fantail,before,3.468,0.000,3.102,6.000,False,fly|wait=29.24|panic=0.00|target=1|speed=0.00|near=False|yaw=180.0|peeing=False|peeCooldown=135.0|aerial=False|glide=False|legs=0|activity=Watch|site=-1|visits=0|perch=-1|birdPhase=0|landings=0
fantail,before,3.568,0.000,3.102,6.000,False,fly|wait=29.14|panic=0.00|target=1|speed=0.00|near=False|yaw=180.0|peeing=False|peeCooldown=135.0|aerial=False|glide=False|legs=0|activity=Watch|site=-1|visits=0|perch=-1|birdPhase=0|landings=0
fantail,before,3.677,0.000,3.102,6.000,False,fly|wait=29.06|panic=0.00|target=1|speed=0.00|near=False|yaw=180.0|peeing=False|peeCooldown=135.0|aerial=False|glide=False|legs=0|activity=Watch|site=-1|visits=0|perch=-1|birdPhase=0|landings=0
fantail,before,3.778,0.000,3.102,6.000,False,fly|wait=28.93|panic=0.00|target=1|speed=0.00|near=False|yaw=180.0|peeing=False|peeCooldown=135.0|aerial=False|glide=False|legs=0|activity=Watch|site=-1|visits=0|perch=-1|birdPhase=0|landings=0
fantail,before,3.880,0.000,3.102,6.000,False,fly|wait=28.85|panic=0.00|target=1|speed=0.00|near=False|yaw=180.0|peeing=False|peeCooldown=135.0|aerial=False|glide=False|legs=0|activity=Watch|site=-1|visits=0|perch=-1|birdPhase=0|landings=0
fantail,before,3.990,0.000,3.102,6.000,False,fly|wait=28.75|panic=0.00|target=1|speed=0.00|near=False|yaw=180.0|peeing=False|peeCooldown=135.0|aerial=False|glide=False|legs=0|activity=Watch|site=-1|visits=0|perch=-1|birdPhase=0|landings=0
fantail,before,4.096,0.000,3.102,6.000,False,fly|wait=28.64|panic=0.00|target=1|speed=0.00|near=False|yaw=180.0|peeing=False|peeCooldown=135.0|aerial=False|glide=False|legs=0|activity=Watch|site=-1|visits=0|perch=-1|birdPhase=0|landings=0
fantail,before,4.197,0.000,3.102,6.000,False,fly|wait=28.51|panic=0.00|target=1|speed=0.00|near=False|yaw=180.0|peeing=False|peeCooldown=135.0|aerial=False|glide=False|legs=0|activity=Watch|site=-1|visits=0|perch=-1|birdPhase=0|landings=0
fantail,before,4.301,0.000,3.102,6.000,False,fly|wait=28.44|panic=0.00|target=1|speed=0.00|near=False|yaw=180.0|peeing=False|peeCooldown=135.0|aerial=False|glide=False|legs=0|activity=Watch|site=-1|visits=0|perch=-1|birdPhase=0|landings=0
fantail,before,4.403,0.000,3.102,6.000,False,fly|wait=28.31|panic=0.00|target=1|speed=0.00|near=False|yaw=180.0|peeing=False|peeCooldown=135.0|aerial=False|glide=False|legs=0|activity=Watch|site=-1|visits=0|perch=-1|birdPhase=0|landings=0
fantail,before,4.504,0.000,3.102,6.000,False,fly|wait=28.21|panic=0.00|target=1|speed=0.00|near=False|yaw=180.0|peeing=False|peeCooldown=135.0|aerial=False|glide=False|legs=0|activity=Watch|site=-1|visits=0|perch=-1|birdPhase=0|landings=0
fantail,before,4.617,0.000,3.102,6.000,False,fly|wait=28.12|panic=0.00|target=1|speed=0.00|near=False|yaw=180.0|peeing=False|peeCooldown=135.0|aerial=False|glide=False|legs=0|activity=Watch|site=-1|visits=0|perch=-1|birdPhase=0|landings=0
fantail,before,4.721,0.000,3.102,6.000,False,fly|wait=28.02|panic=0.00|target=1|speed=0.00|near=False|yaw=180.0|peeing=False|peeCooldown=135.0|aerial=False|glide=False|legs=0|activity=Watch|site=-1|visits=0|perch=-1|birdPhase=0|landings=0
fantail,before,4.823,0.000,3.102,6.000,False,fly|wait=27.89|panic=0.00|target=1|speed=0.00|near=False|yaw=180.0|peeing=False|peeCooldown=135.0|aerial=False|glide=False|legs=0|activity=Watch|site=-1|visits=0|perch=-1|birdPhase=0|landings=0
fantail,before,4.926,0.000,3.102,6.000,False,fly|wait=27.81|panic=0.00|target=1|speed=0.00|near=False|yaw=180.0|peeing=False|peeCooldown=135.0|aerial=False|glide=False|legs=0|activity=Watch|site=-1|visits=0|perch=-1|birdPhase=0|landings=0
fantail,before,5.029,0.000,3.102,6.000,False,fly|wait=27.68|panic=0.00|target=1|speed=0.00|near=False|yaw=180.0|peeing=False|peeCooldown=135.0|aerial=False|glide=False|legs=0|activity=Watch|site=-1|visits=0|perch=-1|birdPhase=0|landings=0
fantail,before,5.130,0.000,3.102,6.000,False,fly|wait=27.60|panic=0.00|target=1|speed=0.00|near=False|yaw=180.0|peeing=False|peeCooldown=135.0|aerial=False|glide=False|legs=0|activity=Watch|site=-1|visits=0|perch=-1|birdPhase=0|landings=0
fantail,before,5.240,0.000,3.102,6.000,False,fly|wait=27.50|panic=0.00|target=1|speed=0.00|near=False|yaw=180.0|peeing=False|peeCooldown=135.0|aerial=False|glide=False|legs=0|activity=Watch|site=-1|visits=0|perch=-1|birdPhase=0|landings=0
fantail,before,5.341,0.000,3.102,6.000,False,fly|wait=27.40|panic=0.00|target=1|speed=0.00|near=False|yaw=180.0|peeing=False|peeCooldown=135.0|aerial=False|glide=False|legs=0|activity=Watch|site=-1|visits=0|perch=-1|birdPhase=0|landings=0
fantail,before,5.442,0.000,3.102,6.000,False,fly|wait=27.27|panic=0.00|target=1|speed=0.00|near=False|yaw=180.0|peeing=False|peeCooldown=135.0|aerial=False|glide=False|legs=0|activity=Watch|site=-1|visits=0|perch=-1|birdPhase=0|landings=0
fantail,before,5.544,0.000,3.102,6.000,False,fly|wait=27.17|panic=0.00|target=1|speed=0.00|near=False|yaw=180.0|peeing=False|peeCooldown=135.0|aerial=False|glide=False|legs=0|activity=Watch|site=-1|visits=0|perch=-1|birdPhase=0|landings=0
fantail,before,5.646,0.000,3.102,6.000,False,fly|wait=27.09|panic=0.00|target=1|speed=0.00|near=False|yaw=180.0|peeing=False|peeCooldown=135.0|aerial=False|glide=False|legs=0|activity=Watch|site=-1|visits=0|perch=-1|birdPhase=0|landings=0
fantail,before,5.752,0.000,3.102,6.000,False,fly|wait=26.99|panic=0.00|target=1|speed=0.00|near=False|yaw=180.0|peeing=False|peeCooldown=135.0|aerial=False|glide=False|legs=0|activity=Watch|site=-1|visits=0|perch=-1|birdPhase=0|landings=0
fantail,before,5.860,0.000,3.102,6.000,False,fly|wait=26.89|panic=0.00|target=1|speed=0.00|near=False|yaw=180.0|peeing=False|peeCooldown=135.0|aerial=False|glide=False|legs=0|activity=Watch|site=-1|visits=0|perch=-1|birdPhase=0|landings=0
fantail,before,5.962,0.000,3.102,6.000,False,fly|wait=26.75|panic=0.00|target=1|speed=0.00|near=False|yaw=180.0|peeing=False|peeCooldown=135.0|aerial=False|glide=False|legs=0|activity=Watch|site=-1|visits=0|perch=-1|birdPhase=0|landings=0
fantail,after,0.000,0.000,0.102,10.000,True,idle|wait=29.98|panic=0.00|target=1|speed=0.00|near=False|yaw=0.0|peeing=False|peeCooldown=157.4|aerial=False|glide=False|legs=0|activity=Watch|site=-1|visits=0|perch=0|birdPhase=2|landings=1
fantail,after,0.100,0.000,0.102,10.000,True,idle|wait=29.82|panic=0.00|target=1|speed=0.00|near=False|yaw=0.0|peeing=False|peeCooldown=157.4|aerial=False|glide=False|legs=0|activity=Watch|site=-1|visits=0|perch=0|birdPhase=2|landings=1
fantail,after,0.201,0.000,0.102,10.000,True,idle|wait=29.72|panic=0.00|target=1|speed=0.00|near=False|yaw=0.0|peeing=False|peeCooldown=157.4|aerial=False|glide=False|legs=0|activity=Watch|site=-1|visits=0|perch=0|birdPhase=2|landings=1
fantail,after,0.302,0.000,0.102,10.000,True,idle|wait=29.62|panic=0.00|target=1|speed=0.00|near=False|yaw=0.0|peeing=False|peeCooldown=157.4|aerial=False|glide=False|legs=0|activity=Watch|site=-1|visits=0|perch=0|birdPhase=2|landings=1
fantail,after,0.405,0.000,0.102,10.000,True,idle|wait=29.52|panic=0.00|target=1|speed=0.00|near=False|yaw=0.0|peeing=False|peeCooldown=157.4|aerial=False|glide=False|legs=0|activity=Watch|site=-1|visits=0|perch=0|birdPhase=2|landings=1
fantail,after,0.508,0.000,0.102,10.000,True,idle|wait=29.41|panic=0.00|target=1|speed=0.00|near=False|yaw=0.0|peeing=False|peeCooldown=157.4|aerial=False|glide=False|legs=0|activity=Watch|site=-1|visits=0|perch=0|birdPhase=2|landings=1
fantail,after,0.609,0.000,0.102,10.000,True,idle|wait=29.31|panic=0.00|target=1|speed=0.00|near=False|yaw=0.0|peeing=False|peeCooldown=157.4|aerial=False|glide=False|legs=0|activity=Watch|site=-1|visits=0|perch=0|birdPhase=2|landings=1
fantail,after,0.710,0.000,0.102,10.000,True,idle|wait=29.21|panic=0.00|target=1|speed=0.00|near=False|yaw=0.0|peeing=False|peeCooldown=157.4|aerial=False|glide=False|legs=0|activity=Watch|site=-1|visits=0|perch=0|birdPhase=2|landings=1
fantail,after,0.810,0.000,0.102,10.000,True,idle|wait=29.11|panic=0.00|target=1|speed=0.00|near=False|yaw=0.0|peeing=False|peeCooldown=157.4|aerial=False|glide=False|legs=0|activity=Watch|site=-1|visits=0|perch=0|birdPhase=2|landings=1
fantail,after,0.912,0.000,0.102,10.000,True,idle|wait=29.01|panic=0.00|target=1|speed=0.00|near=False|yaw=0.0|peeing=False|peeCooldown=157.4|aerial=False|glide=False|legs=0|activity=Watch|site=-1|visits=0|perch=0|birdPhase=2|landings=1
fantail,after,1.015,-0.015,0.107,10.000,True,fly|wait=28.91|panic=0.00|target=1|speed=4.11|near=True|yaw=356.0|peeing=False|peeCooldown=157.4|aerial=False|glide=False|legs=0|activity=Watch|site=-1|visits=0|perch=0|birdPhase=3|landings=1
fantail,after,1.119,-0.424,0.242,10.000,True,fly|wait=28.91|panic=0.00|target=1|speed=4.23|near=True|yaw=295.7|peeing=False|peeCooldown=157.4|aerial=False|glide=False|legs=0|activity=Watch|site=-1|visits=0|perch=0|birdPhase=3|landings=1
fantail,after,1.220,-0.842,0.379,10.000,True,fly|wait=28.91|panic=0.00|target=1|speed=4.34|near=True|yaw=277.6|peeing=False|peeCooldown=157.4|aerial=False|glide=False|legs=0|activity=Watch|site=-1|visits=0|perch=0|birdPhase=3|landings=1
fantail,after,1.320,-1.263,0.515,10.000,True,fly|wait=28.91|panic=0.00|target=1|speed=4.45|near=True|yaw=272.3|peeing=False|peeCooldown=157.4|aerial=False|glide=False|legs=0|activity=Watch|site=-1|visits=0|perch=0|birdPhase=3|landings=1
fantail,after,1.423,-1.703,0.656,10.000,True,fly|wait=28.91|panic=0.00|target=1|speed=4.56|near=False|yaw=270.7|peeing=False|peeCooldown=157.4|aerial=False|glide=False|legs=0|activity=Watch|site=-1|visits=0|perch=0|birdPhase=3|landings=1
fantail,after,1.524,-2.143,0.795,10.000,True,fly|wait=28.91|panic=0.00|target=1|speed=4.65|near=False|yaw=270.2|peeing=False|peeCooldown=157.4|aerial=False|glide=False|legs=0|activity=Watch|site=-1|visits=0|perch=0|birdPhase=3|landings=1
fantail,after,1.625,-2.605,0.940,10.000,True,fly|wait=28.91|panic=0.00|target=1|speed=4.76|near=False|yaw=270.1|peeing=False|peeCooldown=157.4|aerial=False|glide=False|legs=0|activity=Watch|site=-1|visits=0|perch=0|birdPhase=3|landings=1
fantail,after,1.727,-3.066,1.083,10.000,True,fly|wait=28.91|panic=0.00|target=1|speed=4.85|near=False|yaw=270.0|peeing=False|peeCooldown=157.4|aerial=False|glide=False|legs=0|activity=Watch|site=-1|visits=0|perch=0|birdPhase=3|landings=1
fantail,after,1.834,-3.427,1.195,10.000,True,fly|wait=28.91|panic=0.00|target=1|speed=4.92|near=False|yaw=270.0|peeing=False|peeCooldown=157.4|aerial=False|glide=False|legs=0|activity=Watch|site=-1|visits=0|perch=0|birdPhase=3|landings=1
fantail,after,1.935,-4.052,1.386,10.000,True,fly|wait=28.91|panic=0.00|target=1|speed=5.03|near=False|yaw=270.0|peeing=False|peeCooldown=157.4|aerial=False|glide=False|legs=0|activity=Watch|site=-1|visits=0|perch=0|birdPhase=3|landings=1
fantail,after,2.036,-4.536,1.532,10.000,True,fly|wait=28.91|panic=0.00|target=1|speed=5.10|near=False|yaw=270.0|peeing=False|peeCooldown=157.4|aerial=False|glide=False|legs=0|activity=Watch|site=-1|visits=0|perch=0|birdPhase=3|landings=1
fantail,after,2.140,-4.882,1.636,10.000,True,fly|wait=28.91|panic=0.00|target=1|speed=5.17|near=False|yaw=270.0|peeing=False|peeCooldown=157.4|aerial=False|glide=False|legs=0|activity=Watch|site=-1|visits=0|perch=0|birdPhase=3|landings=1
fantail,after,2.241,-5.560,1.838,10.000,True,fly|wait=28.91|panic=0.00|target=1|speed=5.26|near=False|yaw=270.0|peeing=False|peeCooldown=157.4|aerial=False|glide=False|legs=0|activity=Watch|site=-1|visits=0|perch=0|birdPhase=3|landings=1
fantail,after,2.344,-6.066,1.987,10.000,True,fly|wait=28.91|panic=0.00|target=1|speed=5.34|near=False|yaw=270.0|peeing=False|peeCooldown=157.4|aerial=False|glide=False|legs=0|activity=Watch|site=-1|visits=0|perch=0|birdPhase=3|landings=1
fantail,after,2.446,-6.466,2.103,10.000,True,fly|wait=28.91|panic=0.00|target=1|speed=5.40|near=False|yaw=270.0|peeing=False|peeCooldown=157.4|aerial=False|glide=False|legs=0|activity=Watch|site=-1|visits=0|perch=0|birdPhase=3|landings=1
fantail,after,2.549,-7.002,2.259,10.000,True,fly|wait=28.91|panic=0.00|target=1|speed=5.47|near=False|yaw=270.0|peeing=False|peeCooldown=157.4|aerial=False|glide=False|legs=0|activity=Watch|site=-1|visits=0|perch=0|birdPhase=3|landings=1
fantail,after,2.653,-7.553,2.418,10.000,True,fly|wait=28.91|panic=0.00|target=1|speed=5.53|near=False|yaw=270.0|peeing=False|peeCooldown=157.4|aerial=False|glide=False|legs=0|activity=Watch|site=-1|visits=0|perch=0|birdPhase=3|landings=1
fantail,after,2.758,-8.111,2.577,10.000,True,fly|wait=28.91|panic=0.00|target=1|speed=5.59|near=False|yaw=270.0|peeing=False|peeCooldown=157.4|aerial=False|glide=False|legs=0|activity=Watch|site=-1|visits=0|perch=0|birdPhase=3|landings=1
fantail,after,2.861,-8.673,2.736,10.000,True,fly|wait=28.91|panic=0.00|target=1|speed=5.65|near=False|yaw=270.0|peeing=False|peeCooldown=157.4|aerial=False|glide=False|legs=0|activity=Watch|site=-1|visits=0|perch=0|birdPhase=3|landings=1
fantail,after,2.962,-9.222,2.889,10.000,True,fly|wait=28.91|panic=0.00|target=1|speed=5.70|near=False|yaw=270.0|peeing=False|peeCooldown=157.4|aerial=False|glide=False|legs=0|activity=Watch|site=-1|visits=0|perch=0|birdPhase=3|landings=1
fantail,after,3.064,-9.948,3.091,10.000,True,fly|wait=28.91|panic=0.00|target=1|speed=5.76|near=False|yaw=270.0|peeing=False|peeCooldown=157.4|aerial=False|glide=False|legs=0|activity=Watch|site=-1|visits=0|perch=0|birdPhase=3|landings=1
fantail,after,3.166,-10.504,3.244,10.000,True,fly|wait=28.91|panic=0.00|target=1|speed=5.80|near=False|yaw=270.0|peeing=False|peeCooldown=157.4|aerial=False|glide=False|legs=0|activity=Watch|site=-1|visits=0|perch=0|birdPhase=3|landings=1
fantail,after,3.268,-10.957,3.367,10.000,True,fly|wait=28.91|panic=0.00|target=1|speed=5.84|near=False|yaw=270.0|peeing=False|peeCooldown=157.4|aerial=False|glide=False|legs=0|activity=Watch|site=-1|visits=0|perch=0|birdPhase=3|landings=1
fantail,after,3.375,-11.545,3.526,10.000,True,fly|wait=28.91|panic=0.00|target=1|speed=5.88|near=False|yaw=270.0|peeing=False|peeCooldown=157.4|aerial=False|glide=False|legs=0|activity=Watch|site=-1|visits=0|perch=0|birdPhase=3|landings=1
fantail,after,3.480,-12.137,3.684,10.000,True,fly|wait=28.91|panic=0.00|target=1|speed=5.91|near=False|yaw=270.0|peeing=False|peeCooldown=157.4|aerial=False|glide=False|legs=0|activity=Watch|site=-1|visits=0|perch=0|birdPhase=3|landings=1
fantail,after,3.582,-12.879,3.881,10.000,True,fly|wait=28.91|panic=0.00|target=1|speed=5.95|near=False|yaw=270.0|peeing=False|peeCooldown=157.4|aerial=False|glide=False|legs=0|activity=Watch|site=-1|visits=0|perch=0|birdPhase=3|landings=1
fantail,after,3.687,-13.324,3.997,10.000,True,fly|wait=28.91|panic=0.00|target=1|speed=5.97|near=False|yaw=270.0|peeing=False|peeCooldown=157.4|aerial=False|glide=False|legs=0|activity=Watch|site=-1|visits=0|perch=0|birdPhase=3|landings=1
fantail,after,3.790,-14.056,4.188,10.000,True,fly|wait=28.91|panic=0.00|target=1|speed=6.00|near=False|yaw=270.0|peeing=False|peeCooldown=157.4|aerial=False|glide=False|legs=0|activity=Watch|site=-1|visits=0|perch=0|birdPhase=3|landings=1
fantail,after,3.894,-14.518,4.306,10.000,True,fly|wait=28.91|panic=0.00|target=1|speed=6.01|near=False|yaw=270.0|peeing=False|peeCooldown=157.4|aerial=False|glide=False|legs=0|activity=Watch|site=-1|visits=0|perch=0|birdPhase=3|landings=1
fantail,after,3.996,-15.107,4.457,10.000,True,fly|wait=28.91|panic=0.00|target=1|speed=6.03|near=False|yaw=270.0|peeing=False|peeCooldown=157.4|aerial=False|glide=False|legs=0|activity=Watch|site=-1|visits=0|perch=0|birdPhase=3|landings=1
fantail,after,4.099,-15.711,4.609,10.000,True,fly|wait=28.91|panic=0.00|target=1|speed=6.04|near=False|yaw=270.0|peeing=False|peeCooldown=157.4|aerial=False|glide=False|legs=0|activity=Watch|site=-1|visits=0|perch=0|birdPhase=3|landings=1
fantail,after,4.203,-16.312,4.759,10.000,True,fly|wait=28.91|panic=0.00|target=1|speed=6.05|near=False|yaw=270.0|peeing=False|peeCooldown=157.4|aerial=False|glide=False|legs=0|activity=Watch|site=-1|visits=0|perch=0|birdPhase=3|landings=1
fantail,after,4.305,-17.090,4.951,10.000,True,fly|wait=28.91|panic=0.00|target=1|speed=6.05|near=False|yaw=270.0|peeing=False|peeCooldown=157.4|aerial=False|glide=False|legs=0|activity=Watch|site=-1|visits=0|perch=0|birdPhase=3|landings=1
fantail,after,4.406,-17.680,5.094,10.000,True,fly|wait=28.91|panic=0.00|target=1|speed=6.06|near=False|yaw=270.0|peeing=False|peeCooldown=157.4|aerial=False|glide=False|legs=0|activity=Watch|site=-1|visits=0|perch=0|birdPhase=3|landings=1
fantail,after,4.507,-18.139,5.205,10.000,True,fly|wait=28.91|panic=0.00|target=1|speed=6.05|near=False|yaw=270.0|peeing=False|peeCooldown=157.4|aerial=False|glide=False|legs=0|activity=Watch|site=-1|visits=0|perch=0|birdPhase=3|landings=1
fantail,after,4.608,-18.743,5.348,10.000,True,fly|wait=28.91|panic=0.00|target=1|speed=6.05|near=False|yaw=270.0|peeing=False|peeCooldown=157.4|aerial=False|glide=False|legs=0|activity=Watch|site=-1|visits=0|perch=0|birdPhase=3|landings=1
fantail,after,4.717,-19.344,5.490,10.000,True,fly|wait=28.91|panic=0.00|target=1|speed=6.04|near=False|yaw=270.0|peeing=False|peeCooldown=157.4|aerial=False|glide=False|legs=0|activity=Watch|site=-1|visits=0|perch=0|birdPhase=3|landings=1
fantail,after,4.818,-20.115,5.668,10.000,True,fly|wait=28.91|panic=0.00|target=1|speed=6.02|near=False|yaw=270.0|peeing=False|peeCooldown=157.4|aerial=False|glide=False|legs=0|activity=Watch|site=-1|visits=0|perch=0|birdPhase=3|landings=1
fantail,after,4.918,-20.561,5.770,10.000,True,fly|wait=28.91|panic=0.00|target=1|speed=6.01|near=False|yaw=270.0|peeing=False|peeCooldown=157.4|aerial=False|glide=False|legs=0|activity=Watch|site=-1|visits=0|perch=0|birdPhase=3|landings=1
fantail,after,5.021,-21.169,5.907,10.000,True,fly|wait=28.91|panic=0.00|target=1|speed=5.99|near=False|yaw=270.0|peeing=False|peeCooldown=157.4|aerial=False|glide=False|legs=0|activity=Watch|site=-1|visits=0|perch=0|birdPhase=3|landings=1
fantail,after,5.132,-21.774,6.042,10.000,True,fly|wait=28.91|panic=0.00|target=1|speed=5.96|near=False|yaw=270.0|peeing=False|peeCooldown=157.4|aerial=False|glide=False|legs=0|activity=Watch|site=-1|visits=0|perch=0|birdPhase=3|landings=1
fantail,after,5.239,-22.405,6.180,10.000,True,fly|wait=28.91|panic=0.00|target=1|speed=5.93|near=False|yaw=270.0|peeing=False|peeCooldown=157.4|aerial=False|glide=False|legs=0|activity=Watch|site=-1|visits=0|perch=0|birdPhase=3|landings=1
fantail,after,5.347,-23.036,6.315,10.000,True,fly|wait=28.91|panic=0.00|target=1|speed=5.90|near=False|yaw=270.0|peeing=False|peeCooldown=157.4|aerial=False|glide=False|legs=0|activity=Watch|site=-1|visits=0|perch=0|birdPhase=3|landings=1
fantail,after,5.456,-23.647,6.444,10.000,True,fly|wait=28.91|panic=0.00|target=1|speed=5.86|near=False|yaw=270.0|peeing=False|peeCooldown=157.4|aerial=False|glide=False|legs=0|activity=Watch|site=-1|visits=0|perch=0|birdPhase=3|landings=1
fantail,after,5.563,-24.267,6.572,10.000,True,fly|wait=28.91|panic=0.00|target=1|speed=5.82|near=False|yaw=270.0|peeing=False|peeCooldown=157.4|aerial=False|glide=False|legs=0|activity=Watch|site=-1|visits=0|perch=0|birdPhase=3|landings=1
fantail,after,5.669,-24.873,6.695,10.000,True,fly|wait=28.91|panic=0.00|target=1|speed=5.78|near=False|yaw=270.0|peeing=False|peeCooldown=157.4|aerial=False|glide=False|legs=0|activity=Watch|site=-1|visits=0|perch=0|birdPhase=3|landings=1
fantail,after,5.770,-25.454,6.811,10.000,True,fly|wait=28.91|panic=0.00|target=1|speed=5.73|near=False|yaw=270.0|peeing=False|peeCooldown=157.4|aerial=False|glide=False|legs=0|activity=Watch|site=-1|visits=0|perch=0|birdPhase=3|landings=1
fantail,after,5.871,-26.030,6.923,10.000,True,fly|wait=28.91|panic=0.00|target=1|speed=5.68|near=False|yaw=270.0|peeing=False|peeCooldown=157.4|aerial=False|glide=False|legs=0|activity=Watch|site=-1|visits=0|perch=0|birdPhase=3|landings=1
fantail,after,5.981,-26.622,7.035,10.000,True,fly|wait=28.91|panic=0.00|target=1|speed=5.62|near=False|yaw=270.0|peeing=False|peeCooldown=157.4|aerial=False|glide=False|legs=0|activity=Watch|site=-1|visits=0|perch=0|birdPhase=3|landings=1
fantail,after,6.084,-27.174,7.138,10.000,True,fly|wait=28.91|panic=0.00|target=1|speed=5.57|near=False|yaw=270.0|peeing=False|peeCooldown=157.4|aerial=False|glide=False|legs=0|activity=Watch|site=-1|visits=0|perch=0|birdPhase=3|landings=1
fantail,after,6.192,-27.745,7.241,10.000,True,fly|wait=28.91|panic=0.00|target=1|speed=5.50|near=False|yaw=270.0|peeing=False|peeCooldown=157.4|aerial=False|glide=False|legs=0|activity=Watch|site=-1|visits=0|perch=0|birdPhase=3|landings=1
fantail,after,6.297,-28.462,7.366,10.000,True,fly|wait=28.91|panic=0.00|target=1|speed=5.43|near=False|yaw=270.0|peeing=False|peeCooldown=157.4|aerial=False|glide=False|legs=0|activity=Watch|site=-1|visits=0|perch=0|birdPhase=3|landings=1
fantail,after,6.397,-29.021,7.460,10.000,True,fly|wait=28.91|panic=0.00|target=1|speed=5.35|near=False|yaw=270.0|peeing=False|peeCooldown=157.4|aerial=False|glide=False|legs=0|activity=Watch|site=-1|visits=0|perch=0|birdPhase=3|landings=1
fantail,after,6.499,-29.550,7.546,10.000,True,fly|wait=28.91|panic=0.00|target=1|speed=5.29|near=False|yaw=270.0|peeing=False|peeCooldown=157.4|aerial=False|glide=False|legs=0|activity=Watch|site=-1|visits=0|perch=0|birdPhase=3|landings=1
fantail,after,6.603,-29.943,7.609,10.000,True,fly|wait=28.91|panic=0.00|target=1|speed=5.22|near=False|yaw=270.0|peeing=False|peeCooldown=157.4|aerial=False|glide=False|legs=0|activity=Watch|site=-1|visits=0|perch=0|birdPhase=3|landings=1
fantail,after,6.710,-30.491,7.692,10.000,True,fly|wait=28.91|panic=0.00|target=1|speed=5.14|near=False|yaw=270.0|peeing=False|peeCooldown=157.4|aerial=False|glide=False|legs=0|activity=Watch|site=-1|visits=0|perch=0|birdPhase=3|landings=1
fantail,after,6.813,-31.155,7.789,10.000,True,fly|wait=28.91|panic=0.00|target=1|speed=5.03|near=False|yaw=270.0|peeing=False|peeCooldown=157.4|aerial=False|glide=False|legs=0|activity=Watch|site=-1|visits=0|perch=0|birdPhase=3|landings=1
fantail,after,6.918,-31.531,7.841,10.000,True,fly|wait=28.91|panic=0.00|target=1|speed=4.97|near=False|yaw=270.0|peeing=False|peeCooldown=157.4|aerial=False|glide=False|legs=0|activity=Watch|site=-1|visits=0|perch=0|birdPhase=3|landings=1
fantail,after,7.022,-32.041,7.908,10.000,True,fly|wait=28.91|panic=0.00|target=1|speed=4.88|near=False|yaw=270.0|peeing=False|peeCooldown=157.4|aerial=False|glide=False|legs=0|activity=Watch|site=-1|visits=0|perch=0|birdPhase=3|landings=1
fantail,after,7.125,-32.525,7.968,10.000,True,fly|wait=28.91|panic=0.00|target=1|speed=4.78|near=False|yaw=270.0|peeing=False|peeCooldown=157.4|aerial=False|glide=False|legs=0|activity=Watch|site=-1|visits=0|perch=0|birdPhase=3|landings=1
fantail,after,7.226,-33.142,8.039,10.000,True,fly|wait=28.91|panic=0.00|target=1|speed=4.67|near=False|yaw=270.0|peeing=False|peeCooldown=157.4|aerial=False|glide=False|legs=0|activity=Watch|site=-1|visits=0|perch=0|birdPhase=3|landings=1
fantail,after,7.327,-33.504,8.078,10.000,True,fly|wait=28.91|panic=0.00|target=1|speed=4.59|near=False|yaw=270.0|peeing=False|peeCooldown=157.4|aerial=False|glide=False|legs=0|activity=Watch|site=-1|visits=0|perch=0|birdPhase=3|landings=1
fantail,after,7.429,-33.960,8.123,10.000,True,fly|wait=28.91|panic=0.00|target=1|speed=4.49|near=False|yaw=270.0|peeing=False|peeCooldown=157.4|aerial=False|glide=False|legs=0|activity=Watch|site=-1|visits=0|perch=0|birdPhase=3|landings=1
fantail,after,7.536,-34.437,8.166,10.000,True,fly|wait=28.91|panic=0.00|target=1|speed=4.37|near=False|yaw=270.0|peeing=False|peeCooldown=157.4|aerial=False|glide=False|legs=0|activity=Watch|site=-1|visits=0|perch=0|birdPhase=3|landings=1
fantail,after,7.649,-34.896,8.202,10.000,True,fly|wait=28.91|panic=0.00|target=1|speed=4.26|near=False|yaw=270.0|peeing=False|peeCooldown=157.4|aerial=False|glide=False|legs=0|activity=Watch|site=-1|visits=0|perch=0|birdPhase=3|landings=1
fantail,after,7.760,-35.347,8.232,10.000,True,fly|wait=28.91|panic=0.00|target=1|speed=4.14|near=False|yaw=270.0|peeing=False|peeCooldown=157.4|aerial=False|glide=False|legs=0|activity=Watch|site=-1|visits=0|perch=0|birdPhase=3|landings=1
fantail,after,7.866,-35.794,8.256,10.000,True,fly|wait=28.91|panic=0.00|target=1|speed=4.02|near=False|yaw=270.0|peeing=False|peeCooldown=157.4|aerial=False|glide=False|legs=0|activity=Watch|site=-1|visits=0|perch=0|birdPhase=3|landings=1
fantail,after,7.977,-36.226,8.274,10.000,True,fly|wait=28.91|panic=0.00|target=1|speed=3.90|near=False|yaw=270.0|peeing=False|peeCooldown=157.4|aerial=False|glide=False|legs=0|activity=Watch|site=-1|visits=0|perch=0|birdPhase=3|landings=1
fantail,arrival,0.000,-29.740,7.506,-3.008,True,fly|wait=28.91|panic=0.00|target=1|speed=10.22|near=False|yaw=74.7|peeing=False|peeCooldown=157.4|aerial=False|glide=False|legs=0|activity=Watch|site=-1|visits=0|perch=1|birdPhase=1|landings=1
fantail,arrival,0.101,-28.784,7.334,-2.733,True,fly|wait=28.91|panic=0.00|target=1|speed=10.11|near=False|yaw=74.1|peeing=False|peeCooldown=157.4|aerial=False|glide=False|legs=0|activity=Watch|site=-1|visits=0|perch=1|birdPhase=1|landings=1
fantail,arrival,0.203,-27.808,7.153,-2.443,True,fly|wait=28.91|panic=0.00|target=1|speed=9.99|near=False|yaw=73.6|peeing=False|peeCooldown=157.4|aerial=False|glide=False|legs=0|activity=Watch|site=-1|visits=0|perch=1|birdPhase=1|landings=1
fantail,arrival,0.305,-26.853,6.970,-2.150,True,fly|wait=28.91|panic=0.00|target=1|speed=9.86|near=False|yaw=73.0|peeing=False|peeCooldown=157.4|aerial=False|glide=False|legs=0|activity=Watch|site=-1|visits=0|perch=1|birdPhase=1|landings=1
fantail,arrival,0.405,-25.932,6.789,-1.858,True,fly|wait=28.91|panic=0.00|target=1|speed=9.73|near=False|yaw=72.5|peeing=False|peeCooldown=157.4|aerial=False|glide=False|legs=0|activity=Watch|site=-1|visits=0|perch=1|birdPhase=1|landings=1
fantail,arrival,0.506,-25.023,6.605,-1.561,True,fly|wait=28.91|panic=0.00|target=1|speed=9.60|near=False|yaw=72.0|peeing=False|peeCooldown=157.4|aerial=False|glide=False|legs=0|activity=Watch|site=-1|visits=0|perch=1|birdPhase=1|landings=1
fantail,arrival,0.607,-24.126,6.418,-1.260,True,fly|wait=28.91|panic=0.00|target=1|speed=9.46|near=False|yaw=71.6|peeing=False|peeCooldown=157.4|aerial=False|glide=False|legs=0|activity=Watch|site=-1|visits=0|perch=1|birdPhase=1|landings=1
fantail,arrival,0.709,-23.248,6.231,-0.958,True,fly|wait=28.91|panic=0.00|target=1|speed=9.32|near=False|yaw=71.1|peeing=False|peeCooldown=157.4|aerial=False|glide=False|legs=0|activity=Watch|site=-1|visits=0|perch=1|birdPhase=1|landings=1
fantail,arrival,0.809,-22.395,6.045,-0.657,True,fly|wait=28.91|panic=0.00|target=1|speed=9.19|near=False|yaw=70.7|peeing=False|peeCooldown=157.4|aerial=False|glide=False|legs=0|activity=Watch|site=-1|visits=0|perch=1|birdPhase=1|landings=1
fantail,arrival,0.914,-21.749,5.901,-0.425,True,fly|wait=28.91|panic=0.00|target=1|speed=9.06|near=False|yaw=70.4|peeing=False|peeCooldown=157.4|aerial=False|glide=False|legs=0|activity=Watch|site=-1|visits=0|perch=1|birdPhase=1|landings=1
fantail,arrival,1.015,-20.679,5.657,-0.031,True,fly|wait=28.91|panic=0.00|target=1|speed=8.86|near=False|yaw=69.8|peeing=False|peeCooldown=157.4|aerial=False|glide=False|legs=0|activity=Watch|site=-1|visits=0|perch=1|birdPhase=1|landings=1
fantail,arrival,1.122,-20.034,5.508,0.211,True,fly|wait=28.91|panic=0.00|target=1|speed=8.73|near=False|yaw=69.5|peeing=False|peeCooldown=157.4|aerial=False|glide=False|legs=0|activity=Watch|site=-1|visits=0|perch=1|birdPhase=1|landings=1
fantail,arrival,1.225,-19.239,5.320,0.516,True,fly|wait=28.91|panic=0.00|target=1|speed=8.56|near=False|yaw=69.1|peeing=False|peeCooldown=157.4|aerial=False|glide=False|legs=0|activity=Watch|site=-1|visits=0|perch=1|birdPhase=1|landings=1
fantail,arrival,1.327,-18.453,5.130,0.823,True,fly|wait=28.91|panic=0.00|target=1|speed=8.40|near=False|yaw=68.8|peeing=False|peeCooldown=157.4|aerial=False|glide=False|legs=0|activity=Watch|site=-1|visits=0|perch=1|birdPhase=1|landings=1
fantail,arrival,1.430,-17.695,4.944,1.124,True,fly|wait=28.91|panic=0.00|target=1|speed=8.23|near=False|yaw=68.4|peeing=False|peeCooldown=157.4|aerial=False|glide=False|legs=0|activity=Watch|site=-1|visits=0|perch=1|birdPhase=1|landings=1
fantail,arrival,1.530,-16.945,4.757,1.427,True,fly|wait=28.91|panic=0.00|target=1|speed=8.05|near=False|yaw=68.1|peeing=False|peeCooldown=157.4|aerial=False|glide=False|legs=0|activity=Watch|site=-1|visits=0|perch=1|birdPhase=1|landings=1
fantail,arrival,1.633,-16.206,4.569,1.731,True,fly|wait=28.91|panic=0.00|target=1|speed=7.87|near=False|yaw=67.7|peeing=False|peeCooldown=157.4|aerial=False|glide=False|legs=0|activity=Watch|site=-1|visits=0|perch=1|birdPhase=1|landings=1
fantail,arrival,1.739,-15.463,4.377,2.042,True,fly|wait=28.91|panic=0.00|target=1|speed=7.68|near=False|yaw=67.4|peeing=False|peeCooldown=157.4|aerial=False|glide=False|legs=0|activity=Watch|site=-1|visits=0|perch=1|birdPhase=1|landings=1
fantail,arrival,1.842,-14.578,4.143,2.419,True,fly|wait=28.91|panic=0.00|target=1|speed=7.46|near=False|yaw=67.0|peeing=False|peeCooldown=157.4|aerial=False|glide=False|legs=0|activity=Watch|site=-1|visits=0|perch=1|birdPhase=1|landings=1
fantail,arrival,1.945,-14.084,4.011,2.632,True,fly|wait=28.91|panic=0.00|target=1|speed=7.30|near=False|yaw=66.8|peeing=False|peeCooldown=157.4|aerial=False|glide=False|legs=0|activity=Watch|site=-1|visits=0|perch=1|birdPhase=1|landings=1
fantail,arrival,2.047,-13.432,3.835,2.917,True,fly|wait=28.91|panic=0.00|target=1|speed=7.11|near=False|yaw=66.5|peeing=False|peeCooldown=157.4|aerial=False|glide=False|legs=0|activity=Watch|site=-1|visits=0|perch=1|birdPhase=1|landings=1
fantail,arrival,2.149,-12.627,3.613,3.274,True,fly|wait=28.91|panic=0.00|target=1|speed=6.86|near=False|yaw=66.1|peeing=False|peeCooldown=157.4|aerial=False|glide=False|legs=0|activity=Watch|site=-1|visits=0|perch=1|birdPhase=1|landings=1
fantail,arrival,2.253,-12.168,3.485,3.480,True,fly|wait=28.91|panic=0.00|target=1|speed=6.71|near=False|yaw=65.9|peeing=False|peeCooldown=157.4|aerial=False|glide=False|legs=0|activity=Watch|site=-1|visits=0|perch=1|birdPhase=1|landings=1
fantail,arrival,2.353,-11.430,3.276,3.816,True,fly|wait=28.91|panic=0.00|target=1|speed=6.49|near=False|yaw=65.6|peeing=False|peeCooldown=157.4|aerial=False|glide=False|legs=0|activity=Watch|site=-1|visits=0|perch=1|birdPhase=1|landings=1
fantail,arrival,2.455,-10.860,3.113,4.078,True,fly|wait=28.91|panic=0.00|target=1|speed=6.29|near=False|yaw=65.3|peeing=False|peeCooldown=157.4|aerial=False|glide=False|legs=0|activity=Watch|site=-1|visits=0|perch=1|birdPhase=1|landings=1
fantail,arrival,2.557,-10.431,2.988,4.277,True,fly|wait=28.91|panic=0.00|target=1|speed=6.11|near=False|yaw=65.1|peeing=False|peeCooldown=157.4|aerial=False|glide=False|legs=0|activity=Watch|site=-1|visits=0|perch=1|birdPhase=1|landings=1
fantail,arrival,2.669,-9.870,2.823,4.541,True,fly|wait=28.91|panic=0.00|target=1|speed=5.90|near=False|yaw=64.9|peeing=False|peeCooldown=157.4|aerial=False|glide=False|legs=0|activity=Watch|site=-1|visits=0|perch=1|birdPhase=1|landings=1
fantail,arrival,2.770,-9.328,2.662,4.798,True,fly|wait=28.91|panic=0.00|target=1|speed=5.69|near=False|yaw=64.7|peeing=False|peeCooldown=157.4|aerial=False|glide=False|legs=0|activity=Watch|site=-1|visits=0|perch=1|birdPhase=1|landings=1
fantail,arrival,2.882,-8.816,2.508,5.043,True,fly|wait=28.91|panic=0.00|target=1|speed=5.48|near=False|yaw=64.4|peeing=False|peeCooldown=157.4|aerial=False|glide=False|legs=0|activity=Watch|site=-1|visits=0|perch=1|birdPhase=1|landings=1
fantail,arrival,2.984,-8.347,2.365,5.270,True,fly|wait=28.91|panic=0.00|target=1|speed=5.28|near=False|yaw=64.2|peeing=False|peeCooldown=157.4|aerial=False|glide=False|legs=0|activity=Watch|site=-1|visits=0|perch=1|birdPhase=1|landings=1
fantail,arrival,3.085,-7.765,2.186,5.555,True,fly|wait=28.91|panic=0.00|target=1|speed=5.04|near=False|yaw=64.0|peeing=False|peeCooldown=157.4|aerial=False|glide=False|legs=0|activity=Watch|site=-1|visits=0|perch=1|birdPhase=1|landings=1
fantail,arrival,3.185,-7.459,2.090,5.705,True,fly|wait=28.91|panic=0.00|target=1|speed=4.87|near=False|yaw=63.9|peeing=False|peeCooldown=157.4|aerial=False|glide=False|legs=0|activity=Watch|site=-1|visits=0|perch=1|birdPhase=1|landings=1
fantail,arrival,3.285,-7.047,1.960,5.910,True,fly|wait=28.91|panic=0.00|target=1|speed=4.67|near=False|yaw=63.7|peeing=False|peeCooldown=157.4|aerial=False|glide=False|legs=0|activity=Watch|site=-1|visits=0|perch=1|birdPhase=1|landings=1
fantail,arrival,3.397,-6.609,1.821,6.128,True,fly|wait=28.91|panic=0.00|target=1|speed=4.45|near=False|yaw=63.5|peeing=False|peeCooldown=157.4|aerial=False|glide=False|legs=0|activity=Watch|site=-1|visits=0|perch=1|birdPhase=1|landings=1
fantail,arrival,3.497,-6.128,1.666,6.370,True,fly|wait=28.91|panic=0.00|target=1|speed=4.22|near=False|yaw=63.3|peeing=False|peeCooldown=157.4|aerial=False|glide=False|legs=0|activity=Watch|site=-1|visits=0|perch=1|birdPhase=1|landings=1
fantail,arrival,3.600,-5.867,1.581,6.502,True,fly|wait=28.91|panic=0.00|target=1|speed=4.05|near=False|yaw=63.2|peeing=False|peeCooldown=157.4|aerial=False|glide=False|legs=0|activity=Watch|site=-1|visits=0|perch=1|birdPhase=1|landings=1
fantail,arrival,3.701,-5.431,1.437,6.725,True,fly|wait=28.91|panic=0.00|target=1|speed=3.79|near=False|yaw=63.0|peeing=False|peeCooldown=157.4|aerial=False|glide=False|legs=0|activity=Watch|site=-1|visits=0|perch=1|birdPhase=1|landings=1
fantail,arrival,3.806,-5.184,1.355,6.851,True,fly|wait=28.91|panic=0.00|target=1|speed=3.64|near=False|yaw=62.9|peeing=False|peeCooldown=157.4|aerial=False|glide=False|legs=0|activity=Watch|site=-1|visits=0|perch=1|birdPhase=1|landings=1
fantail,arrival,3.911,-4.875,1.251,7.010,True,fly|wait=28.91|panic=0.00|target=1|speed=3.45|near=False|yaw=62.8|peeing=False|peeCooldown=157.4|aerial=False|glide=False|legs=0|activity=Watch|site=-1|visits=0|perch=1|birdPhase=1|landings=1
fantail,arrival,4.012,-4.507,1.126,7.201,True,fly|wait=28.91|panic=0.00|target=1|speed=3.20|near=False|yaw=62.6|peeing=False|peeCooldown=157.4|aerial=False|glide=False|legs=0|activity=Watch|site=-1|visits=0|perch=1|birdPhase=1|landings=1
fantail,arrival,4.117,-4.303,1.055,7.307,True,fly|wait=28.91|panic=0.00|target=1|speed=3.06|near=False|yaw=62.6|peeing=False|peeCooldown=157.4|aerial=False|glide=False|legs=0|activity=Watch|site=-1|visits=0|perch=1|birdPhase=1|landings=1
fantail,arrival,4.218,-3.985,0.945,7.473,True,fly|wait=28.91|panic=0.00|target=1|speed=2.84|near=False|yaw=62.5|peeing=False|peeCooldown=157.4|aerial=False|glide=False|legs=0|activity=Watch|site=-1|visits=0|perch=1|birdPhase=1|landings=1
fantail,arrival,4.319,-3.751,0.862,7.595,True,fly|wait=28.91|panic=0.00|target=1|speed=2.65|near=False|yaw=62.4|peeing=False|peeCooldown=157.4|aerial=False|glide=False|legs=0|activity=Watch|site=-1|visits=0|perch=1|birdPhase=1|landings=1
fantail,arrival,4.422,-3.530,0.784,7.711,True,fly|wait=28.91|panic=0.00|target=1|speed=2.47|near=False|yaw=62.3|peeing=False|peeCooldown=157.4|aerial=False|glide=False|legs=0|activity=Watch|site=-1|visits=0|perch=1|birdPhase=1|landings=1
fantail,arrival,4.534,-3.362,0.723,7.799,True,fly|wait=28.91|panic=0.00|target=1|speed=2.31|near=False|yaw=62.3|peeing=False|peeCooldown=157.4|aerial=False|glide=False|legs=0|activity=Watch|site=-1|visits=0|perch=1|birdPhase=1|landings=1
fantail,arrival,4.634,-3.122,0.636,7.925,True,fly|wait=28.91|panic=0.00|target=1|speed=2.09|near=False|yaw=62.3|peeing=False|peeCooldown=157.4|aerial=False|glide=False|legs=0|activity=Watch|site=-1|visits=0|perch=1|birdPhase=1|landings=1
fantail,arrival,4.735,-2.953,0.573,8.014,True,fly|wait=28.91|panic=0.00|target=1|speed=1.95|near=False|yaw=62.3|peeing=False|peeCooldown=157.4|aerial=False|glide=False|legs=0|activity=Watch|site=-1|visits=0|perch=1|birdPhase=1|landings=1
fantail,arrival,4.836,-2.799,0.516,8.095,True,fly|wait=28.91|panic=0.00|target=1|speed=1.79|near=False|yaw=62.2|peeing=False|peeCooldown=157.4|aerial=False|glide=False|legs=0|activity=Watch|site=-1|visits=0|perch=1|birdPhase=1|landings=1
fantail,arrival,4.938,-2.654,0.460,8.172,True,fly|wait=28.91|panic=0.00|target=1|speed=1.63|near=False|yaw=62.3|peeing=False|peeCooldown=157.4|aerial=False|glide=False|legs=0|activity=Watch|site=-1|visits=0|perch=1|birdPhase=1|landings=1
fantail,arrival,5.039,-2.526,0.411,8.238,True,fly|wait=28.91|panic=0.00|target=1|speed=1.48|near=False|yaw=62.3|peeing=False|peeCooldown=157.4|aerial=False|glide=False|legs=0|activity=Watch|site=-1|visits=0|perch=1|birdPhase=1|landings=1
fantail,arrival,5.143,-2.409,0.365,8.299,True,fly|wait=28.91|panic=0.00|target=1|speed=1.33|near=False|yaw=62.4|peeing=False|peeCooldown=157.4|aerial=False|glide=False|legs=0|activity=Watch|site=-1|visits=0|perch=1|birdPhase=1|landings=1
fantail,arrival,5.243,-2.301,0.322,8.355,True,fly|wait=28.91|panic=0.00|target=1|speed=1.18|near=False|yaw=62.6|peeing=False|peeCooldown=157.4|aerial=False|glide=False|legs=0|activity=Watch|site=-1|visits=0|perch=1|birdPhase=1|landings=1
fantail,arrival,5.345,-2.208,0.284,8.403,True,fly|wait=28.91|panic=0.00|target=1|speed=1.03|near=False|yaw=62.8|peeing=False|peeCooldown=157.4|aerial=False|glide=False|legs=0|activity=Watch|site=-1|visits=0|perch=1|birdPhase=1|landings=1
fantail,arrival,5.447,-2.146,0.259,8.435,True,fly|wait=28.91|panic=0.00|target=1|speed=0.94|near=False|yaw=62.9|peeing=False|peeCooldown=157.4|aerial=False|glide=False|legs=0|activity=Watch|site=-1|visits=0|perch=1|birdPhase=1|landings=1
fantail,arrival,5.549,-2.073,0.228,8.472,True,fly|wait=28.91|panic=0.00|target=1|speed=0.82|near=False|yaw=63.2|peeing=False|peeCooldown=157.4|aerial=False|glide=False|legs=0|activity=Watch|site=-1|visits=0|perch=1|birdPhase=1|landings=1
fantail,arrival,5.654,-2.006,0.199,8.505,True,fly|wait=28.91|panic=0.00|target=1|speed=0.70|near=False|yaw=63.5|peeing=False|peeCooldown=157.4|aerial=False|glide=False|legs=0|activity=Watch|site=-1|visits=0|perch=1|birdPhase=1|landings=1
fantail,arrival,5.756,-1.951,0.175,8.531,True,fly|wait=28.91|panic=0.00|target=1|speed=0.59|near=False|yaw=63.9|peeing=False|peeCooldown=157.4|aerial=False|glide=False|legs=0|activity=Watch|site=-1|visits=0|perch=1|birdPhase=1|landings=1
fantail,arrival,5.859,-1.896,0.150,8.558,True,fly|wait=28.91|panic=0.00|target=1|speed=0.48|near=False|yaw=64.6|peeing=False|peeCooldown=157.4|aerial=False|glide=False|legs=0|activity=Watch|site=-1|visits=0|perch=1|birdPhase=1|landings=1
fantail,arrival,5.961,-1.859,0.132,8.575,True,idle|wait=28.91|panic=0.00|target=1|speed=0.37|near=False|yaw=65.3|peeing=False|peeCooldown=157.4|aerial=False|glide=False|legs=0|activity=Watch|site=-1|visits=0|perch=1|birdPhase=1|landings=1
fantail,arrival,6.063,-1.831,0.118,8.587,True,idle|wait=28.91|panic=0.00|target=1|speed=0.28|near=False|yaw=66.1|peeing=False|peeCooldown=157.4|aerial=False|glide=False|legs=0|activity=Watch|site=-1|visits=0|perch=1|birdPhase=1|landings=1
fantail,arrival,6.170,-1.815,0.110,8.594,True,idle|wait=28.91|panic=0.00|target=1|speed=0.22|near=False|yaw=66.7|peeing=False|peeCooldown=157.4|aerial=False|glide=False|legs=0|activity=Watch|site=-1|visits=0|perch=1|birdPhase=1|landings=1
fantail,arrival,6.273,-1.800,0.102,8.600,True,idle|wait=5.10|panic=0.00|target=1|speed=0.00|near=False|yaw=67.7|peeing=False|peeCooldown=157.4|aerial=False|glide=False|legs=0|activity=Watch|site=-1|visits=0|perch=1|birdPhase=2|landings=2
fantail,arrival,6.379,-1.800,0.102,8.600,True,idle|wait=5.01|panic=0.00|target=1|speed=0.00|near=False|yaw=67.7|peeing=False|peeCooldown=157.4|aerial=False|glide=False|legs=0|activity=Watch|site=-1|visits=0|perch=1|birdPhase=2|landings=2
fantail,arrival,6.489,-1.800,0.102,8.600,True,idle|wait=4.91|panic=0.00|target=1|speed=0.00|near=False|yaw=67.7|peeing=False|peeCooldown=157.4|aerial=False|glide=False|legs=0|activity=Watch|site=-1|visits=0|perch=1|birdPhase=2|landings=2
fantail,arrival,6.589,-1.800,0.102,8.600,True,idle|wait=4.78|panic=0.00|target=1|speed=0.00|near=False|yaw=67.7|peeing=False|peeCooldown=157.4|aerial=False|glide=False|legs=0|activity=Watch|site=-1|visits=0|perch=1|birdPhase=2|landings=2
fantail,arrival,6.692,-1.800,0.102,8.600,True,idle|wait=4.71|panic=0.00|target=1|speed=0.00|near=False|yaw=67.7|peeing=False|peeCooldown=157.4|aerial=False|glide=False|legs=0|activity=Watch|site=-1|visits=0|perch=1|birdPhase=2|landings=2
fantail,arrival,6.798,-1.800,0.102,8.600,True,idle|wait=4.60|panic=0.00|target=1|speed=0.00|near=False|yaw=67.7|peeing=False|peeCooldown=157.4|aerial=False|glide=False|legs=0|activity=Watch|site=-1|visits=0|perch=1|birdPhase=2|landings=2
fantail,arrival,6.910,-1.800,0.102,8.600,True,idle|wait=4.50|panic=0.00|target=1|speed=0.00|near=False|yaw=67.7|peeing=False|peeCooldown=157.4|aerial=False|glide=False|legs=0|activity=Watch|site=-1|visits=0|perch=1|birdPhase=2|landings=2
fantail,arrival,7.012,-1.800,0.102,8.600,True,idle|wait=4.36|panic=0.00|target=1|speed=0.00|near=False|yaw=67.7|peeing=False|peeCooldown=157.4|aerial=False|glide=False|legs=0|activity=Watch|site=-1|visits=0|perch=1|birdPhase=2|landings=2
fantail,arrival,7.112,-1.800,0.102,8.600,True,idle|wait=4.29|panic=0.00|target=1|speed=0.00|near=False|yaw=67.7|peeing=False|peeCooldown=157.4|aerial=False|glide=False|legs=0|activity=Watch|site=-1|visits=0|perch=1|birdPhase=2|landings=2
fantail,arrival,7.216,-1.800,0.102,8.600,True,idle|wait=4.19|panic=0.00|target=1|speed=0.00|near=False|yaw=67.7|peeing=False|peeCooldown=157.4|aerial=False|glide=False|legs=0|activity=Watch|site=-1|visits=0|perch=1|birdPhase=2|landings=2
fantail,arrival,7.318,-1.800,0.102,8.600,True,idle|wait=4.05|panic=0.00|target=1|speed=0.00|near=False|yaw=67.7|peeing=False|peeCooldown=157.4|aerial=False|glide=False|legs=0|activity=Watch|site=-1|visits=0|perch=1|birdPhase=2|landings=2
fantail,arrival,7.420,-1.800,0.102,8.600,True,idle|wait=3.97|panic=0.00|target=1|speed=0.00|near=False|yaw=67.7|peeing=False|peeCooldown=157.4|aerial=False|glide=False|legs=0|activity=Watch|site=-1|visits=0|perch=1|birdPhase=2|landings=2
fantail,arrival,7.531,-1.800,0.102,8.600,True,idle|wait=3.87|panic=0.00|target=1|speed=0.00|near=False|yaw=67.7|peeing=False|peeCooldown=157.4|aerial=False|glide=False|legs=0|activity=Watch|site=-1|visits=0|perch=1|birdPhase=2|landings=2
fantail,arrival,7.638,-1.800,0.102,8.600,True,idle|wait=3.76|panic=0.00|target=1|speed=0.00|near=False|yaw=67.7|peeing=False|peeCooldown=157.4|aerial=False|glide=False|legs=0|activity=Watch|site=-1|visits=0|perch=1|birdPhase=2|landings=2
fantail,arrival,7.755,-1.800,0.102,8.600,True,idle|wait=3.65|panic=0.00|target=1|speed=0.00|near=False|yaw=67.7|peeing=False|peeCooldown=157.4|aerial=False|glide=False|legs=0|activity=Watch|site=-1|visits=0|perch=1|birdPhase=2|landings=2
fantail,arrival,7.868,-1.800,0.102,8.600,True,idle|wait=3.54|panic=0.00|target=1|speed=0.00|near=False|yaw=67.7|peeing=False|peeCooldown=157.4|aerial=False|glide=False|legs=0|activity=Watch|site=-1|visits=0|perch=1|birdPhase=2|landings=2
fantail,arrival,7.975,-1.800,0.102,8.600,True,idle|wait=3.43|panic=0.00|target=1|speed=0.00|near=False|yaw=67.7|peeing=False|peeCooldown=157.4|aerial=False|glide=False|legs=0|activity=Watch|site=-1|visits=0|perch=1|birdPhase=2|landings=2
