bird,view,seconds,x,y,z,visible,state
maya,before,0.002,-3.000,0.001,4.000,True,idle|wait=29.97|panic=0.00|target=1|speed=0.00|near=False|yaw=0.0|peeing=False|peeCooldown=156.2|aerial=False|glide=False|legs=0|activity=Watch|site=-1|visits=0|perch=-1|birdPhase=2|landings=0
maya,before,0.120,-3.000,0.001,4.000,True,idle|wait=29.78|panic=0.00|target=1|speed=0.00|near=False|yaw=0.0|peeing=False|peeCooldown=156.2|aerial=False|glide=False|legs=0|activity=Watch|site=-1|visits=0|perch=-1|birdPhase=2|landings=0
maya,before,0.222,-3.000,0.001,4.000,True,idle|wait=29.64|panic=0.00|target=1|speed=0.00|near=False|yaw=0.0|peeing=False|peeCooldown=156.2|aerial=False|glide=False|legs=0|activity=Watch|site=-1|visits=0|perch=-1|birdPhase=2|landings=0
maya,before,0.322,-3.000,0.001,4.000,True,idle|wait=29.57|panic=0.00|target=1|speed=0.00|near=False|yaw=0.0|peeing=False|peeCooldown=156.2|aerial=False|glide=False|legs=0|activity=Watch|site=-1|visits=0|perch=-1|birdPhase=2|landings=0
maya,before,0.423,-3.000,0.001,4.000,True,idle|wait=29.47|panic=0.00|target=1|speed=0.00|near=False|yaw=0.0|peeing=False|peeCooldown=156.2|aerial=False|glide=False|legs=0|activity=Watch|site=-1|visits=0|perch=-1|birdPhase=2|landings=0
maya,before,0.533,-3.000,0.001,4.000,True,idle|wait=29.37|panic=0.00|target=1|speed=0.00|near=False|yaw=0.0|peeing=False|peeCooldown=156.2|aerial=False|glide=False|legs=0|activity=Watch|site=-1|visits=0|perch=-1|birdPhase=2|landings=0
maya,before,0.636,-3.000,0.001,4.000,True,idle|wait=29.26|panic=0.00|target=1|speed=0.00|near=False|yaw=0.0|peeing=False|peeCooldown=156.2|aerial=False|glide=False|legs=0|activity=Watch|site=-1|visits=0|perch=-1|birdPhase=2|landings=0
maya,before,0.744,-3.000,0.001,4.000,True,idle|wait=29.16|panic=0.00|target=1|speed=0.00|near=False|yaw=0.0|peeing=False|peeCooldown=156.2|aerial=False|glide=False|legs=0|activity=Watch|site=-1|visits=0|perch=-1|birdPhase=2|landings=0
maya,before,0.847,-3.000,0.001,4.000,True,idle|wait=29.01|panic=0.00|target=1|speed=0.00|near=False|yaw=0.0|peeing=False|peeCooldown=156.2|aerial=False|glide=False|legs=0|activity=Watch|site=-1|visits=0|perch=-1|birdPhase=2|landings=0
maya,before,0.952,-3.000,0.001,4.000,True,peck|wait=28.95|panic=0.00|target=1|speed=0.00|near=False|yaw=0.0|peeing=False|peeCooldown=156.2|aerial=False|glide=False|legs=0|activity=Watch|site=-1|visits=0|perch=-1|birdPhase=2|landings=0
maya,before,1.063,-3.000,0.031,4.040,True,fly|wait=28.85|panic=0.00|target=1|speed=0.00|near=True|yaw=0.0|peeing=False|peeCooldown=156.2|aerial=False|glide=False|legs=0|activity=Watch|site=-1|visits=0|perch=-1|birdPhase=3|landings=0
maya,before,1.165,-3.000,0.307,4.408,True,fly|wait=28.85|panic=0.00|target=1|speed=0.00|near=True|yaw=0.0|peeing=False|peeCooldown=156.2|aerial=False|glide=False|legs=0|activity=Watch|site=-1|visits=0|perch=-1|birdPhase=3|landings=0
maya,before,1.273,-3.000,0.590,4.786,True,fly|wait=28.85|panic=0.00|target=1|speed=0.00|near=True|yaw=0.0|peeing=False|peeCooldown=156.2|aerial=False|glide=False|legs=0|activity=Watch|site=-1|visits=0|perch=-1|birdPhase=3|landings=0
maya,before,1.378,-3.000,0.866,5.154,True,fly|wait=28.85|panic=0.00|target=1|speed=0.00|near=True|yaw=0.0|peeing=False|peeCooldown=156.2|aerial=False|glide=False|legs=0|activity=Watch|site=-1|visits=0|perch=-1|birdPhase=3|landings=0
maya,before,1.484,-3.000,1.139,5.518,True,fly|wait=28.85|panic=0.00|target=1|speed=0.00|near=True|yaw=0.0|peeing=False|peeCooldown=156.2|aerial=False|glide=False|legs=0|activity=Watch|site=-1|visits=0|perch=-1|birdPhase=3|landings=0
maya,before,1.585,-3.000,1.410,5.878,True,fly|wait=28.85|panic=0.00|target=1|speed=0.00|near=True|yaw=0.0|peeing=False|peeCooldown=156.2|aerial=False|glide=False|legs=0|activity=Watch|site=-1|visits=0|perch=-1|birdPhase=3|landings=0
maya,before,1.689,-3.000,1.668,6.223,True,fly|wait=28.85|panic=0.00|target=1|speed=0.00|near=True|yaw=0.0|peeing=False|peeCooldown=156.2|aerial=False|glide=False|legs=0|activity=Watch|site=-1|visits=0|perch=-1|birdPhase=3|landings=0
maya,before,1.791,-3.000,2.041,6.720,True,fly|wait=28.85|panic=0.00|target=1|speed=0.00|near=False|yaw=0.0|peeing=False|peeCooldown=156.2|aerial=False|glide=False|legs=0|activity=Watch|site=-1|visits=0|perch=-1|birdPhase=3|landings=0
maya,before,1.892,-3.000,2.307,7.075,True,fly|wait=28.85|panic=0.00|target=1|speed=0.00|near=False|yaw=0.0|peeing=False|peeCooldown=156.2|aerial=False|glide=False|legs=0|activity=Watch|site=-1|visits=0|perch=-1|birdPhase=3|landings=0
maya,before,1.994,-3.000,2.483,7.309,True,fly|wait=28.85|panic=0.00|target=1|speed=0.00|near=False|yaw=0.0|peeing=False|peeCooldown=156.2|aerial=False|glide=False|legs=0|activity=Watch|site=-1|visits=0|perch=-1|birdPhase=3|landings=0
maya,before,2.102,-3.000,2.762,7.682,True,fly|wait=28.85|panic=0.00|target=1|speed=0.00|near=False|yaw=0.0|peeing=False|peeCooldown=156.2|aerial=False|glide=False|legs=0|activity=Watch|site=-1|visits=0|perch=-1|birdPhase=3|landings=0
maya,before,2.208,-3.000,3.001,8.000,False,fly|wait=23.92|panic=0.00|target=1|speed=0.00|near=False|yaw=0.0|peeing=False|peeCooldown=156.2|aerial=False|glide=False|legs=0|activity=Watch|site=-1|visits=0|perch=-1|birdPhase=0|landings=0
maya,before,2.310,-3.000,3.001,8.000,False,fly|wait=23.78|panic=0.00|target=1|speed=0.00|near=False|yaw=0.0|peeing=False|peeCooldown=156.2|aerial=False|glide=False|legs=0|activity=Watch|site=-1|visits=0|perch=-1|birdPhase=0|landings=0
maya,before,2.411,-3.000,3.001,8.000,False,fly|wait=23.68|panic=0.00|target=1|speed=0.00|near=False|yaw=0.0|peeing=False|peeCooldown=156.2|aerial=False|glide=False|legs=0|activity=Watch|site=-1|visits=0|perch=-1|birdPhase=0|landings=0
maya,before,2.512,-3.000,3.001,8.000,False,fly|wait=23.62|panic=0.00|target=1|speed=0.00|near=False|yaw=0.0|peeing=False|peeCooldown=156.2|aerial=False|glide=False|legs=0|activity=Watch|site=-1|visits=0|perch=-1|birdPhase=0|landings=0
maya,before,2.617,-3.000,3.001,8.000,False,fly|wait=23.51|panic=0.00|target=1|speed=0.00|near=False|yaw=0.0|peeing=False|peeCooldown=156.2|aerial=False|glide=False|legs=0|activity=Watch|site=-1|visits=0|perch=-1|birdPhase=0|landings=0
maya,before,2.718,-3.000,3.001,8.000,False,fly|wait=23.41|panic=0.00|target=1|speed=0.00|near=False|yaw=0.0|peeing=False|peeCooldown=156.2|aerial=False|glide=False|legs=0|activity=Watch|site=-1|visits=0|perch=-1|birdPhase=0|landings=0
maya,before,2.820,-3.000,3.001,8.000,False,fly|wait=23.31|panic=0.00|target=1|speed=0.00|near=False|yaw=0.0|peeing=False|peeCooldown=156.2|aerial=False|glide=False|legs=0|activity=Watch|site=-1|visits=0|perch=-1|birdPhase=0|landings=0
maya,before,2.925,-3.000,3.001,8.000,False,fly|wait=23.21|panic=0.00|target=1|speed=0.00|near=False|yaw=0.0|peeing=False|peeCooldown=156.2|aerial=False|glide=False|legs=0|activity=Watch|site=-1|visits=0|perch=-1|birdPhase=0|landings=0
maya,before,3.026,-3.000,3.001,8.000,False,fly|wait=23.10|panic=0.00|target=1|speed=0.00|near=False|yaw=0.0|peeing=False|peeCooldown=156.2|aerial=False|glide=False|legs=0|activity=Watch|site=-1|visits=0|perch=-1|birdPhase=0|landings=0
maya,before,3.128,-3.000,3.001,8.000,False,fly|wait=23.00|panic=0.00|target=1|speed=0.00|near=False|yaw=0.0|peeing=False|peeCooldown=156.2|aerial=False|glide=False|legs=0|activity=Watch|site=-1|visits=0|perch=-1|birdPhase=0|landings=0
maya,before,3.231,-3.000,3.001,8.000,False,fly|wait=22.90|panic=0.00|target=1|speed=0.00|near=False|yaw=0.0|peeing=False|peeCooldown=156.2|aerial=False|glide=False|legs=0|activity=Watch|site=-1|visits=0|perch=-1|birdPhase=0|landings=0
maya,before,3.334,-3.000,3.001,8.000,False,fly|wait=22.79|panic=0.00|target=1|speed=0.00|near=False|yaw=0.0|peeing=False|peeCooldown=156.2|aerial=False|glide=False|legs=0|activity=Watch|site=-1|visits=0|perch=-1|birdPhase=0|landings=0
maya,before,3.441,-3.000,3.001,8.000,False,fly|wait=22.69|panic=0.00|target=1|speed=0.00|near=False|yaw=0.0|peeing=False|peeCooldown=156.2|aerial=False|glide=False|legs=0|activity=Watch|site=-1|visits=0|perch=-1|birdPhase=0|landings=0
maya,before,3.543,-3.000,3.001,8.000,False,fly|wait=22.59|panic=0.00|target=1|speed=0.00|near=False|yaw=0.0|peeing=False|peeCooldown=156.2|aerial=False|glide=False|legs=0|activity=Watch|site=-1|visits=0|perch=-1|birdPhase=0|landings=0
maya,before,3.647,-3.000,3.001,8.000,False,fly|wait=22.48|panic=0.00|target=1|speed=0.00|near=False|yaw=0.0|peeing=False|peeCooldown=156.2|aerial=False|glide=False|legs=0|activity=Watch|site=-1|visits=0|perch=-1|birdPhase=0|landings=0
maya,before,3.753,-3.000,3.001,8.000,False,fly|wait=22.37|panic=0.00|target=1|speed=0.00|near=False|yaw=0.0|peeing=False|peeCooldown=156.2|aerial=False|glide=False|legs=0|activity=Watch|site=-1|visits=0|perch=-1|birdPhase=0|landings=0
maya,before,3.860,-3.000,3.001,8.000,False,fly|wait=22.27|panic=0.00|target=1|speed=0.00|near=False|yaw=0.0|peeing=False|peeCooldown=156.2|aerial=False|glide=False|legs=0|activity=Watch|site=-1|visits=0|perch=-1|birdPhase=0|landings=0
maya,before,3.960,-3.000,3.001,8.000,False,fly|wait=22.17|panic=0.00|target=1|speed=0.00|near=False|yaw=0.0|peeing=False|peeCooldown=156.2|aerial=False|glide=False|legs=0|activity=Watch|site=-1|visits=0|perch=-1|birdPhase=0|landings=0
maya,before,4.062,-3.000,3.001,8.000,False,fly|wait=22.07|panic=0.00|target=1|speed=0.00|near=False|yaw=0.0|peeing=False|peeCooldown=156.2|aerial=False|glide=False|legs=0|activity=Watch|site=-1|visits=0|perch=-1|birdPhase=0|landings=0
maya,before,4.166,-3.000,3.001,8.000,False,fly|wait=21.96|panic=0.00|target=1|speed=0.00|near=False|yaw=0.0|peeing=False|peeCooldown=156.2|aerial=False|glide=False|legs=0|activity=Watch|site=-1|visits=0|perch=-1|birdPhase=0|landings=0
maya,before,4.271,-3.000,3.001,8.000,False,fly|wait=21.86|panic=0.00|target=1|speed=0.00|near=False|yaw=0.0|peeing=False|peeCooldown=156.2|aerial=False|glide=False|legs=0|activity=Watch|site=-1|visits=0|perch=-1|birdPhase=0|landings=0
maya,before,4.372,-3.000,3.001,8.000,False,fly|wait=21.76|panic=0.00|target=1|speed=0.00|near=False|yaw=0.0|peeing=False|peeCooldown=156.2|aerial=False|glide=False|legs=0|activity=Watch|site=-1|visits=0|perch=-1|birdPhase=0|landings=0
maya,before,4.475,-3.000,3.001,8.000,False,fly|wait=21.65|panic=0.00|target=1|speed=0.00|near=False|yaw=0.0|peeing=False|peeCooldown=156.2|aerial=False|glide=False|legs=0|activity=Watch|site=-1|visits=0|perch=-1|birdPhase=0|landings=0
maya,before,4.579,-3.000,3.001,8.000,False,fly|wait=21.55|panic=0.00|target=1|speed=0.00|near=False|yaw=0.0|peeing=False|peeCooldown=156.2|aerial=False|glide=False|legs=0|activity=Watch|site=-1|visits=0|perch=-1|birdPhase=0|landings=0
maya,before,4.680,-3.000,3.001,8.000,False,fly|wait=21.41|panic=0.00|target=1|speed=0.00|near=False|yaw=0.0|peeing=False|peeCooldown=156.2|aerial=False|glide=False|legs=0|activity=Watch|site=-1|visits=0|perch=-1|birdPhase=0|landings=0
maya,before,4.783,-3.000,3.001,8.000,False,fly|wait=21.34|panic=0.00|target=1|speed=0.00|near=False|yaw=0.0|peeing=False|peeCooldown=156.2|aerial=False|glide=False|legs=0|activity=Watch|site=-1|visits=0|perch=-1|birdPhase=0|landings=0
maya,before,4.885,-3.000,3.001,8.000,False,fly|wait=21.24|panic=0.00|target=1|speed=0.00|near=False|yaw=0.0|peeing=False|peeCooldown=156.2|aerial=False|glide=False|legs=0|activity=Watch|site=-1|visits=0|perch=-1|birdPhase=0|landings=0
maya,before,4.993,-3.000,3.001,8.000,False,fly|wait=21.14|panic=0.00|target=1|speed=0.00|near=False|yaw=0.0|peeing=False|peeCooldown=156.2|aerial=False|glide=False|legs=0|activity=Watch|site=-1|visits=0|perch=-1|birdPhase=0|landings=0
maya,before,5.102,-3.000,3.001,8.000,False,fly|wait=21.03|panic=0.00|target=1|speed=0.00|near=False|yaw=0.0|peeing=False|peeCooldown=156.2|aerial=False|glide=False|legs=0|activity=Watch|site=-1|visits=0|perch=-1|birdPhase=0|landings=0
maya,before,5.204,-3.000,3.001,8.000,False,fly|wait=20.93|panic=0.00|target=1|speed=0.00|near=False|yaw=0.0|peeing=False|peeCooldown=156.2|aerial=False|glide=False|legs=0|activity=Watch|site=-1|visits=0|perch=-1|birdPhase=0|landings=0
maya,before,5.327,-3.000,3.001,8.000,False,fly|wait=20.80|panic=0.00|target=1|speed=0.00|near=False|yaw=0.0|peeing=False|peeCooldown=156.2|aerial=False|glide=False|legs=0|activity=Watch|site=-1|visits=0|perch=-1|birdPhase=0|landings=0
maya,before,5.429,-3.000,3.001,8.000,False,fly|wait=20.70|panic=0.00|target=1|speed=0.00|near=False|yaw=0.0|peeing=False|peeCooldown=156.2|aerial=False|glide=False|legs=0|activity=Watch|site=-1|visits=0|perch=-1|birdPhase=0|landings=0
maya,before,5.533,-3.000,3.001,8.000,False,fly|wait=20.60|panic=0.00|target=1|speed=0.00|near=False|yaw=0.0|peeing=False|peeCooldown=156.2|aerial=False|glide=False|legs=0|activity=Watch|site=-1|visits=0|perch=-1|birdPhase=0|landings=0
maya,before,5.636,-3.000,3.001,8.000,False,fly|wait=20.49|panic=0.00|target=1|speed=0.00|near=False|yaw=0.0|peeing=False|peeCooldown=156.2|aerial=False|glide=False|legs=0|activity=Watch|site=-1|visits=0|perch=-1|birdPhase=0|landings=0
maya,before,5.740,-3.000,3.001,8.000,False,fly|wait=20.39|panic=0.00|target=1|speed=0.00|near=False|yaw=0.0|peeing=False|peeCooldown=156.2|aerial=False|glide=False|legs=0|activity=Watch|site=-1|visits=0|perch=-1|birdPhase=0|landings=0
maya,before,5.842,-3.000,3.001,8.000,False,fly|wait=20.29|panic=0.00|target=1|speed=0.00|near=False|yaw=0.0|peeing=False|peeCooldown=156.2|aerial=False|glide=False|legs=0|activity=Watch|site=-1|visits=0|perch=-1|birdPhase=0|landings=0
maya,before,5.956,-3.000,3.001,8.000,False,fly|wait=20.18|panic=0.00|target=1|speed=0.00|near=False|yaw=0.0|peeing=False|peeCooldown=156.2|aerial=False|glide=False|legs=0|activity=Watch|site=-1|visits=0|perch=-1|birdPhase=0|landings=0
maya,after,0.000,-3.000,0.001,4.000,True,idle|wait=29.97|panic=0.00|target=1|speed=0.00|near=False|yaw=0.0|peeing=False|peeCooldown=173.0|aerial=False|glide=False|legs=0|activity=Watch|site=-1|visits=0|perch=0|birdPhase=2|landings=0
maya,after,0.118,-3.000,0.001,4.000,True,idle|wait=29.82|panic=0.00|target=1|speed=0.00|near=False|yaw=0.0|peeing=False|peeCooldown=173.0|aerial=False|glide=False|legs=0|activity=Watch|site=-1|visits=0|perch=0|birdPhase=2|landings=0
maya,after,0.222,-3.000,0.001,4.000,True,idle|wait=29.71|panic=0.00|target=1|speed=0.00|near=False|yaw=0.0|peeing=False|peeCooldown=173.0|aerial=False|glide=False|legs=0|activity=Watch|site=-1|visits=0|perch=0|birdPhase=2|landings=0
maya,after,0.328,-3.000,0.001,4.000,True,idle|wait=29.61|panic=0.00|target=1|speed=0.00|near=False|yaw=0.0|peeing=False|peeCooldown=173.0|aerial=False|glide=False|legs=0|activity=Watch|site=-1|visits=0|perch=0|birdPhase=2|landings=0
maya,after,0.435,-3.000,0.001,4.000,True,idle|wait=29.46|panic=0.00|target=1|speed=0.00|near=False|yaw=0.0|peeing=False|peeCooldown=173.0|aerial=False|glide=False|legs=0|activity=Watch|site=-1|visits=0|perch=0|birdPhase=2|landings=0
maya,after,0.544,-3.000,0.001,4.000,True,idle|wait=29.36|panic=0.00|target=1|speed=0.00|near=False|yaw=0.0|peeing=False|peeCooldown=173.0|aerial=False|glide=False|legs=0|activity=Watch|site=-1|visits=0|perch=0|birdPhase=2|landings=0
maya,after,0.652,-3.000,0.001,4.000,True,idle|wait=29.25|panic=0.00|target=1|speed=0.00|near=False|yaw=0.0|peeing=False|peeCooldown=173.0|aerial=False|glide=False|legs=0|activity=Watch|site=-1|visits=0|perch=0|birdPhase=2|landings=0
maya,after,0.758,-3.000,0.001,4.000,True,idle|wait=29.14|panic=0.00|target=1|speed=0.00|near=False|yaw=0.0|peeing=False|peeCooldown=173.0|aerial=False|glide=False|legs=0|activity=Watch|site=-1|visits=0|perch=0|birdPhase=2|landings=0
maya,after,0.866,-3.000,0.001,4.000,True,idle|wait=29.07|panic=0.00|target=1|speed=0.00|near=False|yaw=0.0|peeing=False|peeCooldown=173.0|aerial=False|glide=False|legs=0|activity=Watch|site=-1|visits=0|perch=0|birdPhase=2|landings=0
maya,after,0.967,-3.000,0.001,4.000,True,idle|wait=28.96|panic=0.00|target=1|speed=0.00|near=False|yaw=0.0|peeing=False|peeCooldown=173.0|aerial=False|glide=False|legs=0|activity=Watch|site=-1|visits=0|perch=0|birdPhase=2|landings=0
maya,after,1.071,-2.996,0.025,3.936,True,fly|wait=28.87|panic=0.00|target=1|speed=4.79|near=True|yaw=27.3|peeing=False|peeCooldown=173.0|aerial=False|glide=False|legs=0|activity=Watch|site=-1|visits=0|perch=0|birdPhase=3|landings=0
maya,after,1.174,-2.967,0.193,3.472,True,fly|wait=28.87|panic=0.00|target=1|speed=4.93|near=True|yaw=130.8|peeing=False|peeCooldown=173.0|aerial=False|glide=False|legs=0|activity=Watch|site=-1|visits=0|perch=0|birdPhase=3|landings=0
maya,after,1.275,-2.938,0.360,2.988,True,fly|wait=28.87|panic=0.00|target=1|speed=5.06|near=True|yaw=163.3|peeing=False|peeCooldown=173.0|aerial=False|glide=False|legs=0|activity=Watch|site=-1|visits=0|perch=0|birdPhase=3|landings=0
maya,after,1.383,-2.910,0.529,2.477,True,fly|wait=28.87|panic=0.00|target=1|speed=5.19|near=True|yaw=173.1|peeing=False|peeCooldown=173.0|aerial=False|glide=False|legs=0|activity=Watch|site=-1|visits=0|perch=0|birdPhase=3|landings=0
maya,after,1.486,-2.883,0.692,1.959,True,fly|wait=28.87|panic=0.00|target=1|speed=5.32|near=True|yaw=175.9|peeing=False|peeCooldown=173.0|aerial=False|glide=False|legs=0|activity=Watch|site=-1|visits=0|perch=0|birdPhase=3|landings=0
maya,after,1.592,-2.856,0.857,1.413,True,fly|wait=28.87|panic=0.00|target=1|speed=5.44|near=False|yaw=176.9|peeing=False|peeCooldown=173.0|aerial=False|glide=False|legs=0|activity=Watch|site=-1|visits=0|perch=0|birdPhase=3|landings=0
maya,after,1.698,-2.831,1.021,0.848,True,fly|wait=28.87|panic=0.00|target=1|speed=5.56|near=False|yaw=177.3|peeing=False|peeCooldown=173.0|aerial=False|glide=False|legs=0|activity=Watch|site=-1|visits=0|perch=0|birdPhase=3|landings=0
maya,after,1.803,-2.806,1.180,0.279,True,fly|wait=28.87|panic=0.00|target=1|speed=5.68|near=False|yaw=177.5|peeing=False|peeCooldown=173.0|aerial=False|glide=False|legs=0|activity=Watch|site=-1|visits=0|perch=0|birdPhase=3|landings=0
maya,after,1.907,-2.783,1.335,-0.300,True,fly|wait=28.87|panic=0.00|target=1|speed=5.78|near=False|yaw=177.7|peeing=False|peeCooldown=173.0|aerial=False|glide=False|legs=0|activity=Watch|site=-1|visits=0|perch=0|birdPhase=3|landings=0
maya,after,2.017,-2.760,1.492,-0.909,True,fly|wait=28.87|panic=0.00|target=1|speed=5.88|near=False|yaw=177.8|peeing=False|peeCooldown=173.0|aerial=False|glide=False|legs=0|activity=Watch|site=-1|visits=0|perch=0|birdPhase=3|landings=0
maya,after,2.119,-2.732,1.692,-1.718,True,fly|wait=28.87|panic=0.00|target=1|speed=6.00|near=False|yaw=178.0|peeing=False|peeCooldown=173.0|aerial=False|glide=False|legs=0|activity=Watch|site=-1|visits=0|perch=0|birdPhase=3|landings=0
maya,after,2.220,-2.712,1.834,-2.314,True,fly|wait=28.87|panic=0.00|target=1|speed=6.08|near=False|yaw=178.1|peeing=False|peeCooldown=173.0|aerial=False|glide=False|legs=0|activity=Watch|site=-1|visits=0|perch=0|birdPhase=3|landings=0
maya,after,2.323,-2.693,1.975,-2.928,True,fly|wait=28.87|panic=0.00|target=1|speed=6.16|near=False|yaw=178.2|peeing=False|peeCooldown=173.0|aerial=False|glide=False|legs=0|activity=Watch|site=-1|visits=0|perch=0|birdPhase=3|landings=0
maya,after,2.427,-2.681,2.062,-3.315,True,fly|wait=28.87|panic=0.00|target=1|speed=6.22|near=False|yaw=178.3|peeing=False|peeCooldown=173.0|aerial=False|glide=False|legs=0|activity=Watch|site=-1|visits=0|perch=0|birdPhase=3|landings=0
maya,after,2.532,-2.663,2.200,-3.951,True,fly|wait=28.87|panic=0.00|target=1|speed=6.30|near=False|yaw=178.4|peeing=False|peeCooldown=173.0|aerial=False|glide=False|legs=0|activity=Watch|site=-1|visits=0|perch=0|birdPhase=3|landings=0
maya,after,2.636,-2.646,2.337,-4.598,True,fly|wait=28.87|panic=0.00|target=1|speed=6.36|near=False|yaw=178.4|peeing=False|peeCooldown=173.0|aerial=False|glide=False|legs=0|activity=Watch|site=-1|visits=0|perch=0|birdPhase=3|landings=0
maya,after,2.737,-2.624,2.516,-5.480,True,fly|wait=28.87|panic=0.00|target=1|speed=6.43|near=False|yaw=178.6|peeing=False|peeCooldown=173.0|aerial=False|glide=False|legs=0|activity=Watch|site=-1|visits=0|perch=0|birdPhase=3|landings=0
maya,after,2.838,-2.614,2.600,-5.904,True,fly|wait=28.87|panic=0.00|target=1|speed=6.48|near=False|yaw=178.6|peeing=False|peeCooldown=173.0|aerial=False|glide=False|legs=0|activity=Watch|site=-1|visits=0|perch=0|birdPhase=3|landings=0
maya,after,2.946,-2.598,2.730,-6.580,True,fly|wait=28.87|panic=0.00|target=1|speed=6.53|near=False|yaw=178.7|peeing=False|peeCooldown=173.0|aerial=False|glide=False|legs=0|activity=Watch|site=-1|visits=0|perch=0|birdPhase=3|landings=0
maya,after,3.051,-2.584,2.856,-7.253,True,fly|wait=28.87|panic=0.00|target=1|speed=6.57|near=False|yaw=178.8|peeing=False|peeCooldown=173.0|aerial=False|glide=False|legs=0|activity=Watch|site=-1|visits=0|perch=0|birdPhase=3|landings=0
maya,after,3.158,-2.570,2.981,-7.944,True,fly|wait=28.87|panic=0.00|target=1|speed=6.61|near=False|yaw=178.8|peeing=False|peeCooldown=173.0|aerial=False|glide=False|legs=0|activity=Watch|site=-1|visits=0|perch=0|birdPhase=3|landings=0
maya,after,3.258,-2.557,3.099,-8.612,True,fly|wait=28.87|panic=0.00|target=1|speed=6.64|near=False|yaw=178.9|peeing=False|peeCooldown=173.0|aerial=False|glide=False|legs=0|activity=Watch|site=-1|visits=0|perch=0|birdPhase=3|landings=0
maya,after,3.359,-2.546,3.212,-9.272,True,fly|wait=28.87|panic=0.00|target=1|speed=6.66|near=False|yaw=179.0|peeing=False|peeCooldown=173.0|aerial=False|glide=False|legs=0|activity=Watch|site=-1|visits=0|perch=0|birdPhase=3|landings=0
maya,after,3.465,-2.534,3.328,-9.974,True,fly|wait=28.87|panic=0.00|target=1|speed=6.68|near=False|yaw=179.0|peeing=False|peeCooldown=173.0|aerial=False|glide=False|legs=0|activity=Watch|site=-1|visits=0|perch=0|birdPhase=3|landings=0
maya,after,3.570,-2.523,3.438,-10.656,True,fly|wait=28.87|panic=0.00|target=1|speed=6.70|near=False|yaw=179.1|peeing=False|peeCooldown=173.0|aerial=False|glide=False|legs=0|activity=Watch|site=-1|visits=0|perch=0|birdPhase=3|landings=0
maya,after,3.675,-2.512,3.549,-11.359,True,fly|wait=28.87|panic=0.00|target=1|speed=6.70|near=False|yaw=179.1|peeing=False|peeCooldown=173.0|aerial=False|glide=False|legs=0|activity=Watch|site=-1|visits=0|perch=0|birdPhase=3|landings=0
maya,after,3.783,-2.502,3.658,-12.072,True,fly|wait=28.87|panic=0.00|target=1|speed=6.70|near=False|yaw=179.2|peeing=False|peeCooldown=173.0|aerial=False|glide=False|legs=0|activity=Watch|site=-1|visits=0|perch=0|birdPhase=3|landings=0
maya,after,3.888,-2.493,3.761,-12.769,True,fly|wait=28.87|panic=0.00|target=1|speed=6.70|near=False|yaw=179.2|peeing=False|peeCooldown=173.0|aerial=False|glide=False|legs=0|activity=Watch|site=-1|visits=0|perch=0|birdPhase=3|landings=0
maya,after,3.994,-2.484,3.862,-13.467,True,fly|wait=28.87|panic=0.00|target=1|speed=6.69|near=False|yaw=179.3|peeing=False|peeCooldown=173.0|aerial=False|glide=False|legs=0|activity=Watch|site=-1|visits=0|perch=0|birdPhase=3|landings=0
maya,after,4.100,-2.476,3.960,-14.168,True,fly|wait=28.87|panic=0.00|target=1|speed=6.67|near=False|yaw=179.3|peeing=False|peeCooldown=173.0|aerial=False|glide=False|legs=0|activity=Watch|site=-1|visits=0|perch=0|birdPhase=3|landings=0
maya,after,4.201,-2.466,4.083,-15.080,True,fly|wait=28.87|panic=0.00|target=1|speed=6.64|near=False|yaw=179.4|peeing=False|peeCooldown=173.0|aerial=False|glide=False|legs=0|activity=Watch|site=-1|visits=0|perch=0|birdPhase=3|landings=0
maya,after,4.302,-2.462,4.139,-15.502,True,fly|wait=28.87|panic=0.00|target=1|speed=6.62|near=False|yaw=179.4|peeing=False|peeCooldown=173.0|aerial=False|glide=False|legs=0|activity=Watch|site=-1|visits=0|perch=0|birdPhase=3|landings=0
maya,after,4.404,-2.456,4.225,-16.175,True,fly|wait=28.87|panic=0.00|target=1|speed=6.59|near=False|yaw=179.4|peeing=False|peeCooldown=173.0|aerial=False|glide=False|legs=0|activity=Watch|site=-1|visits=0|perch=0|birdPhase=3|landings=0
maya,after,4.508,-2.450,4.309,-16.849,True,fly|wait=28.87|panic=0.00|target=1|speed=6.54|near=False|yaw=179.5|peeing=False|peeCooldown=173.0|aerial=False|glide=False|legs=0|activity=Watch|site=-1|visits=0|perch=0|birdPhase=3|landings=0
maya,after,4.614,-2.444,4.389,-17.509,True,fly|wait=28.87|panic=0.00|target=1|speed=6.50|near=False|yaw=179.5|peeing=False|peeCooldown=173.0|aerial=False|glide=False|legs=0|activity=Watch|site=-1|visits=0|perch=0|birdPhase=3|landings=0
maya,after,4.715,-2.439,4.469,-18.188,True,fly|wait=28.87|panic=0.00|target=1|speed=6.44|near=False|yaw=179.6|peeing=False|peeCooldown=173.0|aerial=False|glide=False|legs=0|activity=Watch|site=-1|visits=0|perch=0|birdPhase=3|landings=0
maya,after,4.825,-2.434,4.547,-18.868,True,fly|wait=28.87|panic=0.00|target=1|speed=6.38|near=False|yaw=179.6|peeing=False|peeCooldown=173.0|aerial=False|glide=False|legs=0|activity=Watch|site=-1|visits=0|perch=0|birdPhase=3|landings=0
maya,after,4.931,-2.430,4.622,-19.555,True,fly|wait=28.87|panic=0.00|target=1|speed=6.32|near=False|yaw=179.6|peeing=False|peeCooldown=173.0|aerial=False|glide=False|legs=0|activity=Watch|site=-1|visits=0|perch=0|birdPhase=3|landings=0
maya,after,5.034,-2.426,4.691,-20.205,True,fly|wait=28.87|panic=0.00|target=1|speed=6.25|near=False|yaw=179.6|peeing=False|peeCooldown=173.0|aerial=False|glide=False|legs=0|activity=Watch|site=-1|visits=0|perch=0|birdPhase=3|landings=0
maya,after,5.143,-2.422,4.760,-20.870,True,fly|wait=28.87|panic=0.00|target=1|speed=6.17|near=False|yaw=179.7|peeing=False|peeCooldown=173.0|aerial=False|glide=False|legs=0|activity=Watch|site=-1|visits=0|perch=0|birdPhase=3|landings=0
maya,after,5.246,-2.419,4.820,-21.481,True,fly|wait=28.87|panic=0.00|target=1|speed=6.08|near=False|yaw=179.7|peeing=False|peeCooldown=173.0|aerial=False|glide=False|legs=0|activity=Watch|site=-1|visits=0|perch=0|birdPhase=3|landings=0
maya,after,5.350,-2.415,4.901,-22.328,True,fly|wait=28.87|panic=0.00|target=1|speed=5.98|near=False|yaw=179.7|peeing=False|peeCooldown=173.0|aerial=False|glide=False|legs=0|activity=Watch|site=-1|visits=0|perch=0|birdPhase=3|landings=0
maya,after,5.451,-2.413,4.955,-22.921,True,fly|wait=28.87|panic=0.00|target=1|speed=5.88|near=False|yaw=179.8|peeing=False|peeCooldown=173.0|aerial=False|glide=False|legs=0|activity=Watch|site=-1|visits=0|perch=0|birdPhase=3|landings=0
maya,after,5.551,-2.411,4.988,-23.307,True,fly|wait=28.87|panic=0.00|target=1|speed=5.80|near=False|yaw=179.8|peeing=False|peeCooldown=173.0|aerial=False|glide=False|legs=0|activity=Watch|site=-1|visits=0|perch=0|birdPhase=3|landings=0
maya,after,5.659,-2.409,5.040,-23.913,True,fly|wait=28.87|panic=0.00|target=1|speed=5.69|near=False|yaw=179.8|peeing=False|peeCooldown=173.0|aerial=False|glide=False|legs=0|activity=Watch|site=-1|visits=0|perch=0|birdPhase=3|landings=0
maya,after,5.760,-2.407,5.086,-24.492,True,fly|wait=28.87|panic=0.00|target=1|speed=5.58|near=False|yaw=179.8|peeing=False|peeCooldown=173.0|aerial=False|glide=False|legs=0|activity=Watch|site=-1|visits=0|perch=0|birdPhase=3|landings=0
maya,after,5.864,-2.406,5.130,-25.066,True,fly|wait=28.87|panic=0.00|target=1|speed=5.46|near=False|yaw=179.8|peeing=False|peeCooldown=173.0|aerial=False|glide=False|legs=0|activity=Watch|site=-1|visits=0|perch=0|birdPhase=3|landings=0
maya,after,5.970,-2.405,5.172,-25.635,True,fly|wait=28.87|panic=0.00|target=1|speed=5.33|near=False|yaw=179.9|peeing=False|peeCooldown=173.0|aerial=False|glide=False|legs=0|activity=Watch|site=-1|visits=0|perch=0|birdPhase=3|landings=0
maya,after,6.077,-2.403,5.210,-26.197,True,fly|wait=28.87|panic=0.00|target=1|speed=5.20|near=False|yaw=179.9|peeing=False|peeCooldown=173.0|aerial=False|glide=False|legs=0|activity=Watch|site=-1|visits=0|perch=0|birdPhase=3|landings=0
maya,after,6.185,-2.403,5.245,-26.746,True,fly|wait=28.87|panic=0.00|target=1|speed=5.05|near=False|yaw=179.9|peeing=False|peeCooldown=173.0|aerial=False|glide=False|legs=0|activity=Watch|site=-1|visits=0|perch=0|birdPhase=3|landings=0
maya,after,6.294,-2.402,5.277,-27.284,True,fly|wait=28.87|panic=0.00|target=1|speed=4.90|near=False|yaw=179.9|peeing=False|peeCooldown=173.0|aerial=False|glide=False|legs=0|activity=Watch|site=-1|visits=0|perch=0|birdPhase=3|landings=0
maya,after,6.399,-2.401,5.304,-27.789,True,fly|wait=28.87|panic=0.00|target=1|speed=4.75|near=False|yaw=179.9|peeing=False|peeCooldown=173.0|aerial=False|glide=False|legs=0|activity=Watch|site=-1|visits=0|perch=0|birdPhase=3|landings=0
maya,after,6.501,-2.401,5.335,-28.429,True,fly|wait=28.87|panic=0.00|target=1|speed=4.57|near=False|yaw=180.0|peeing=False|peeCooldown=173.0|aerial=False|glide=False|legs=0|activity=Watch|site=-1|visits=0|perch=0|birdPhase=3|landings=0
maya,after,6.604,-2.400,5.354,-28.888,True,fly|wait=28.87|panic=0.00|target=1|speed=4.41|near=False|yaw=180.0|peeing=False|peeCooldown=173.0|aerial=False|glide=False|legs=0|activity=Watch|site=-1|visits=0|perch=0|birdPhase=3|landings=0
maya,after,6.706,-2.400,5.370,-29.329,True,fly|wait=28.87|panic=0.00|target=1|speed=4.24|near=False|yaw=180.0|peeing=False|peeCooldown=173.0|aerial=False|glide=False|legs=0|activity=Watch|site=-1|visits=0|perch=0|birdPhase=3|landings=0
maya,after,6.807,-2.400,5.382,-29.744,True,fly|wait=28.87|panic=0.00|target=1|speed=4.07|near=False|yaw=180.0|peeing=False|peeCooldown=173.0|aerial=False|glide=False|legs=0|activity=Watch|site=-1|visits=0|perch=0|birdPhase=3|landings=0
maya,after,6.910,-2.400,5.391,-30.146,True,fly|wait=28.87|panic=0.00|target=1|speed=3.89|near=False|yaw=180.0|peeing=False|peeCooldown=173.0|aerial=False|glide=False|legs=0|activity=Watch|site=-1|visits=0|perch=0|birdPhase=3|landings=0
maya,after,7.013,-2.400,5.395,-30.389,True,fly|wait=28.87|panic=0.00|target=1|speed=3.75|near=False|yaw=180.0|peeing=False|peeCooldown=173.0|aerial=False|glide=False|legs=0|activity=Watch|site=-1|visits=0|perch=0|birdPhase=3|landings=0
maya,after,7.117,-2.400,5.400,-30.897,True,fly|wait=28.87|panic=0.00|target=1|speed=3.52|near=False|yaw=180.0|peeing=False|peeCooldown=173.0|aerial=False|glide=False|legs=0|activity=Watch|site=-1|visits=0|perch=0|birdPhase=3|landings=0
maya,after,7.220,-2.400,5.400,-30.992,False,fly|wait=24.15|panic=0.00|target=1|speed=1.10|near=False|yaw=180.0|peeing=False|peeCooldown=173.0|aerial=False|glide=False|legs=0|activity=Watch|site=-1|visits=0|perch=0|birdPhase=0|landings=0
maya,after,7.320,-2.400,5.400,-30.992,False,fly|wait=24.05|panic=0.00|target=1|speed=1.10|near=False|yaw=180.0|peeing=False|peeCooldown=173.0|aerial=False|glide=False|legs=0|activity=Watch|site=-1|visits=0|perch=0|birdPhase=0|landings=0
maya,after,7.423,-2.400,5.400,-30.992,False,fly|wait=23.98|panic=0.00|target=1|speed=1.10|near=False|yaw=180.0|peeing=False|peeCooldown=173.0|aerial=False|glide=False|legs=0|activity=Watch|site=-1|visits=0|perch=0|birdPhase=0|landings=0
maya,after,7.525,-2.400,5.400,-30.992,False,fly|wait=23.84|panic=0.00|target=1|speed=1.10|near=False|yaw=180.0|peeing=False|peeCooldown=173.0|aerial=False|glide=False|legs=0|activity=Watch|site=-1|visits=0|perch=0|birdPhase=0|landings=0
maya,after,7.627,-2.400,5.400,-30.992,False,fly|wait=23.74|panic=0.00|target=1|speed=1.10|near=False|yaw=180.0|peeing=False|peeCooldown=173.0|aerial=False|glide=False|legs=0|activity=Watch|site=-1|visits=0|perch=0|birdPhase=0|landings=0
maya,after,7.728,-2.400,5.400,-30.992,False,fly|wait=23.68|panic=0.00|target=1|speed=1.10|near=False|yaw=180.0|peeing=False|peeCooldown=173.0|aerial=False|glide=False|legs=0|activity=Watch|site=-1|visits=0|perch=0|birdPhase=0|landings=0
maya,after,7.834,-2.400,5.400,-30.992,False,fly|wait=23.57|panic=0.00|target=1|speed=1.10|near=False|yaw=180.0|peeing=False|peeCooldown=173.0|aerial=False|glide=False|legs=0|activity=Watch|site=-1|visits=0|perch=0|birdPhase=0|landings=0
maya,after,7.940,-2.400,5.400,-30.992,False,fly|wait=23.46|panic=0.00|target=1|speed=1.10|near=False|yaw=180.0|peeing=False|peeCooldown=173.0|aerial=False|glide=False|legs=0|activity=Watch|site=-1|visits=0|perch=0|birdPhase=0|landings=0
maya,arrival,0.000,-2.147,5.151,-25.816,True,fly|wait=23.37|panic=0.00|target=1|speed=9.54|near=False|yaw=359.2|peeing=False|peeCooldown=173.0|aerial=False|glide=False|legs=0|activity=Watch|site=-1|visits=0|perch=1|birdPhase=1|landings=0
maya,arrival,0.113,-2.156,5.084,-25.099,True,fly|wait=23.37|panic=0.00|target=1|speed=9.48|near=False|yaw=359.2|peeing=False|peeCooldown=173.0|aerial=False|glide=False|legs=0|activity=Watch|site=-1|visits=0|perch=1|birdPhase=1|landings=0
maya,arrival,0.214,-2.168,4.991,-24.142,True,fly|wait=23.37|panic=0.00|target=1|speed=9.38|near=False|yaw=359.3|peeing=False|peeCooldown=173.0|aerial=False|glide=False|legs=0|activity=Watch|site=-1|visits=0|perch=1|birdPhase=1|landings=0
maya,arrival,0.315,-2.178,4.898,-23.231,True,fly|wait=23.37|panic=0.00|target=1|speed=9.28|near=False|yaw=359.3|peeing=False|peeCooldown=173.0|aerial=False|glide=False|legs=0|activity=Watch|site=-1|visits=0|perch=1|birdPhase=1|landings=0
maya,arrival,0.420,-2.188,4.800,-22.301,True,fly|wait=23.37|panic=0.00|target=1|speed=9.17|near=False|yaw=359.4|peeing=False|peeCooldown=173.0|aerial=False|glide=False|legs=0|activity=Watch|site=-1|visits=0|perch=1|birdPhase=1|landings=0
maya,arrival,0.525,-2.200,4.658,-21.022,True,fly|wait=23.37|panic=0.00|target=1|speed=9.04|near=False|yaw=359.5|peeing=False|peeCooldown=173.0|aerial=False|glide=False|legs=0|activity=Watch|site=-1|visits=0|perch=1|birdPhase=1|landings=0
maya,arrival,0.630,-2.207,4.548,-20.079,True,fly|wait=23.37|panic=0.00|target=1|speed=8.90|near=False|yaw=359.5|peeing=False|peeCooldown=173.0|aerial=False|glide=False|legs=0|activity=Watch|site=-1|visits=0|perch=1|birdPhase=1|landings=0
maya,arrival,0.733,-2.213,4.434,-19.129,True,fly|wait=23.37|panic=0.00|target=1|speed=8.77|near=False|yaw=359.6|peeing=False|peeCooldown=173.0|aerial=False|glide=False|legs=0|activity=Watch|site=-1|visits=0|perch=1|birdPhase=1|landings=0
maya,arrival,0.835,-2.219,4.324,-18.243,True,fly|wait=23.37|panic=0.00|target=1|speed=8.64|near=False|yaw=359.7|peeing=False|peeCooldown=173.0|aerial=False|glide=False|legs=0|activity=Watch|site=-1|visits=0|perch=1|birdPhase=1|landings=0
maya,arrival,0.936,-2.223,4.214,-17.386,True,fly|wait=23.37|panic=0.00|target=1|speed=8.51|near=False|yaw=359.7|peeing=False|peeCooldown=173.0|aerial=False|glide=False|legs=0|activity=Watch|site=-1|visits=0|perch=1|birdPhase=1|landings=0
maya,arrival,1.038,-2.226,4.102,-16.534,True,fly|wait=23.37|panic=0.00|target=1|speed=8.38|near=False|yaw=359.8|peeing=False|peeCooldown=173.0|aerial=False|glide=False|legs=0|activity=Watch|site=-1|visits=0|perch=1|birdPhase=1|landings=0
maya,arrival,1.141,-2.229,3.989,-15.699,True,fly|wait=23.37|panic=0.00|target=1|speed=8.26|near=False|yaw=359.8|peeing=False|peeCooldown=173.0|aerial=False|glide=False|legs=0|activity=Watch|site=-1|visits=0|perch=1|birdPhase=1|landings=0
maya,arrival,1.242,-2.230,3.914,-15.161,True,fly|wait=23.37|panic=0.00|target=1|speed=8.15|near=False|yaw=359.8|peeing=False|peeCooldown=173.0|aerial=False|glide=False|legs=0|activity=Watch|site=-1|visits=0|perch=1|birdPhase=1|landings=0
maya,arrival,1.347,-2.232,3.797,-14.330,True,fly|wait=23.37|panic=0.00|target=1|speed=8.00|near=False|yaw=359.9|peeing=False|peeCooldown=173.0|aerial=False|glide=False|legs=0|activity=Watch|site=-1|visits=0|perch=1|birdPhase=1|landings=0
maya,arrival,1.448,-2.233,3.682,-13.535,True,fly|wait=23.37|panic=0.00|target=1|speed=7.85|near=False|yaw=359.9|peeing=False|peeCooldown=173.0|aerial=False|glide=False|legs=0|activity=Watch|site=-1|visits=0|perch=1|birdPhase=1|landings=0
maya,arrival,1.556,-2.233,3.562,-12.721,True,fly|wait=23.37|panic=0.00|target=1|speed=7.69|near=False|yaw=360.0|peeing=False|peeCooldown=173.0|aerial=False|glide=False|legs=0|activity=Watch|site=-1|visits=0|perch=1|birdPhase=1|landings=0
maya,arrival,1.660,-2.233,3.443,-11.934,True,fly|wait=23.37|panic=0.00|target=1|speed=7.54|near=False|yaw=0.0|peeing=False|peeCooldown=173.0|aerial=False|glide=False|legs=0|activity=Watch|site=-1|visits=0|perch=1|birdPhase=1|landings=0
maya,arrival,1.765,-2.232,3.322,-11.151,True,fly|wait=23.37|panic=0.00|target=1|speed=7.37|near=False|yaw=0.1|peeing=False|peeCooldown=173.0|aerial=False|glide=False|legs=0|activity=Watch|site=-1|visits=0|perch=1|birdPhase=1|landings=0
maya,arrival,1.867,-2.231,3.207,-10.419,True,fly|wait=23.37|panic=0.00|target=1|speed=7.21|near=False|yaw=0.1|peeing=False|peeCooldown=173.0|aerial=False|glide=False|legs=0|activity=Watch|site=-1|visits=0|perch=1|birdPhase=1|landings=0
maya,arrival,1.970,-2.229,3.089,-9.686,True,fly|wait=23.37|panic=0.00|target=1|speed=7.05|near=False|yaw=0.1|peeing=False|peeCooldown=173.0|aerial=False|glide=False|legs=0|activity=Watch|site=-1|visits=0|perch=1|birdPhase=1|landings=0
maya,arrival,2.075,-2.227,2.973,-8.975,True,fly|wait=23.37|panic=0.00|target=1|speed=6.88|near=False|yaw=0.2|peeing=False|peeCooldown=173.0|aerial=False|glide=False|legs=0|activity=Watch|site=-1|visits=0|perch=1|birdPhase=1|landings=0
maya,arrival,2.183,-2.225,2.859,-8.296,True,fly|wait=23.37|panic=0.00|target=1|speed=6.71|near=False|yaw=0.2|peeing=False|peeCooldown=173.0|aerial=False|glide=False|legs=0|activity=Watch|site=-1|visits=0|perch=1|birdPhase=1|landings=0
maya,arrival,2.291,-2.221,2.699,-7.351,True,fly|wait=23.37|panic=0.00|target=1|speed=6.50|near=False|yaw=0.3|peeing=False|peeCooldown=173.0|aerial=False|glide=False|legs=0|activity=Watch|site=-1|visits=0|perch=1|birdPhase=1|landings=0
maya,arrival,2.397,-2.217,2.581,-6.672,True,fly|wait=23.37|panic=0.00|target=1|speed=6.29|near=False|yaw=0.3|peeing=False|peeCooldown=173.0|aerial=False|glide=False|legs=0|activity=Watch|site=-1|visits=0|perch=1|birdPhase=1|landings=0
maya,arrival,2.500,-2.213,2.468,-6.034,True,fly|wait=23.37|panic=0.00|target=1|speed=6.11|near=False|yaw=0.3|peeing=False|peeCooldown=173.0|aerial=False|glide=False|legs=0|activity=Watch|site=-1|visits=0|perch=1|birdPhase=1|landings=0
maya,arrival,2.605,-2.210,2.358,-5.420,True,fly|wait=23.37|panic=0.00|target=1|speed=5.97|near=False|yaw=0.3|peeing=False|peeCooldown=173.0|aerial=False|glide=False|legs=0|activity=Watch|site=-1|visits=0|perch=1|birdPhase=1|landings=0
maya,arrival,2.708,-2.206,2.246,-4.807,True,fly|wait=23.37|panic=0.00|target=1|speed=5.75|near=False|yaw=0.4|peeing=False|peeCooldown=173.0|aerial=False|glide=False|legs=0|activity=Watch|site=-1|visits=0|perch=1|birdPhase=1|landings=0
maya,arrival,2.812,-2.202,2.141,-4.236,True,fly|wait=23.37|panic=0.00|target=1|speed=5.58|near=False|yaw=0.4|peeing=False|peeCooldown=173.0|aerial=False|glide=False|legs=0|activity=Watch|site=-1|visits=0|perch=1|birdPhase=1|landings=0
maya,arrival,2.915,-2.197,2.036,-3.678,True,fly|wait=23.37|panic=0.00|target=1|speed=5.40|near=False|yaw=0.4|peeing=False|peeCooldown=173.0|aerial=False|glide=False|legs=0|activity=Watch|site=-1|visits=0|perch=1|birdPhase=1|landings=0
maya,arrival,3.018,-2.193,1.933,-3.137,True,fly|wait=23.37|panic=0.00|target=1|speed=5.22|near=False|yaw=0.5|peeing=False|peeCooldown=173.0|aerial=False|glide=False|legs=0|activity=Watch|site=-1|visits=0|perch=1|birdPhase=1|landings=0
maya,arrival,3.121,-2.189,1.833,-2.625,True,fly|wait=23.37|panic=0.00|target=1|speed=5.04|near=False|yaw=0.5|peeing=False|peeCooldown=173.0|aerial=False|glide=False|legs=0|activity=Watch|site=-1|visits=0|perch=1|birdPhase=1|landings=0
maya,arrival,3.225,-2.184,1.734,-2.120,True,fly|wait=23.37|panic=0.00|target=1|speed=4.86|near=False|yaw=0.5|peeing=False|peeCooldown=173.0|aerial=False|glide=False|legs=0|activity=Watch|site=-1|visits=0|perch=1|birdPhase=1|landings=0
maya,arrival,3.326,-2.180,1.640,-1.645,True,fly|wait=23.37|panic=0.00|target=1|speed=4.71|near=False|yaw=0.5|peeing=False|peeCooldown=173.0|aerial=False|glide=False|legs=0|activity=Watch|site=-1|visits=0|perch=1|birdPhase=1|landings=0
maya,arrival,3.429,-2.177,1.578,-1.338,True,fly|wait=23.37|panic=0.00|target=1|speed=4.56|near=False|yaw=0.5|peeing=False|peeCooldown=173.0|aerial=False|glide=False|legs=0|activity=Watch|site=-1|visits=0|perch=1|birdPhase=1|landings=0
maya,arrival,3.536,-2.172,1.482,-0.868,True,fly|wait=23.37|panic=0.00|target=1|speed=4.38|near=False|yaw=0.6|peeing=False|peeCooldown=173.0|aerial=False|glide=False|legs=0|activity=Watch|site=-1|visits=0|perch=1|birdPhase=1|landings=0
maya,arrival,3.651,-2.167,1.389,-0.417,True,fly|wait=23.37|panic=0.00|target=1|speed=4.19|near=False|yaw=0.6|peeing=False|peeCooldown=173.0|aerial=False|glide=False|legs=0|activity=Watch|site=-1|visits=0|perch=1|birdPhase=1|landings=0
maya,arrival,3.758,-2.162,1.294,0.038,True,fly|wait=23.37|panic=0.00|target=1|speed=3.99|near=False|yaw=0.6|peeing=False|peeCooldown=173.0|aerial=False|glide=False|legs=0|activity=Watch|site=-1|visits=0|perch=1|birdPhase=1|landings=0
maya,arrival,3.864,-2.158,1.208,0.440,True,fly|wait=23.37|panic=0.00|target=1|speed=3.81|near=False|yaw=0.6|peeing=False|peeCooldown=173.0|aerial=False|glide=False|legs=0|activity=Watch|site=-1|visits=0|perch=1|birdPhase=1|landings=0
maya,arrival,3.967,-2.154,1.126,0.819,True,fly|wait=23.37|panic=0.00|target=1|speed=3.64|near=False|yaw=0.6|peeing=False|peeCooldown=173.0|aerial=False|glide=False|legs=0|activity=Watch|site=-1|visits=0|perch=1|birdPhase=1|landings=0
maya,arrival,4.074,-2.149,1.046,1.188,True,fly|wait=23.37|panic=0.00|target=1|speed=3.45|near=False|yaw=0.7|peeing=False|peeCooldown=173.0|aerial=False|glide=False|legs=0|activity=Watch|site=-1|visits=0|perch=1|birdPhase=1|landings=0
maya,arrival,4.178,-2.145,0.971,1.527,True,fly|wait=23.37|panic=0.00|target=1|speed=3.28|near=False|yaw=0.7|peeing=False|peeCooldown=173.0|aerial=False|glide=False|legs=0|activity=Watch|site=-1|visits=0|perch=1|birdPhase=1|landings=0
maya,arrival,4.281,-2.141,0.898,1.849,True,fly|wait=23.37|panic=0.00|target=1|speed=3.11|near=False|yaw=0.7|peeing=False|peeCooldown=173.0|aerial=False|glide=False|legs=0|activity=Watch|site=-1|visits=0|perch=1|birdPhase=1|landings=0
maya,arrival,4.381,-2.138,0.830,2.145,True,fly|wait=23.37|panic=0.00|target=1|speed=2.95|near=False|yaw=0.7|peeing=False|peeCooldown=173.0|aerial=False|glide=False|legs=0|activity=Watch|site=-1|visits=0|perch=1|birdPhase=1|landings=0
maya,arrival,4.484,-2.134,0.764,2.433,True,fly|wait=23.37|panic=0.00|target=1|speed=2.78|near=False|yaw=0.7|peeing=False|peeCooldown=173.0|aerial=False|glide=False|legs=0|activity=Watch|site=-1|visits=0|perch=1|birdPhase=1|landings=0
maya,arrival,4.588,-2.130,0.699,2.706,True,fly|wait=23.37|panic=0.00|target=1|speed=2.61|near=False|yaw=0.7|peeing=False|peeCooldown=173.0|aerial=False|glide=False|legs=0|activity=Watch|site=-1|visits=0|perch=1|birdPhase=1|landings=0
maya,arrival,4.696,-2.127,0.637,2.965,True,fly|wait=23.37|panic=0.00|target=1|speed=2.45|near=False|yaw=0.7|peeing=False|peeCooldown=173.0|aerial=False|glide=False|legs=0|activity=Watch|site=-1|visits=0|perch=1|birdPhase=1|landings=0
maya,arrival,4.802,-2.124,0.581,3.197,True,fly|wait=23.37|panic=0.00|target=1|speed=2.29|near=False|yaw=0.7|peeing=False|peeCooldown=173.0|aerial=False|glide=False|legs=0|activity=Watch|site=-1|visits=0|perch=1|birdPhase=1|landings=0
maya,arrival,4.904,-2.121,0.524,3.428,True,fly|wait=23.37|panic=0.00|target=1|speed=2.13|near=False|yaw=0.8|peeing=False|peeCooldown=173.0|aerial=False|glide=False|legs=0|activity=Watch|site=-1|visits=0|perch=1|birdPhase=1|landings=0
maya,arrival,5.007,-2.117,0.454,3.704,True,fly|wait=23.37|panic=0.00|target=1|speed=1.95|near=False|yaw=0.8|peeing=False|peeCooldown=173.0|aerial=False|glide=False|legs=0|activity=Watch|site=-1|visits=0|perch=1|birdPhase=1|landings=0
maya,arrival,5.114,-2.116,0.421,3.829,True,fly|wait=23.37|panic=0.00|target=1|speed=1.83|near=False|yaw=0.8|peeing=False|peeCooldown=173.0|aerial=False|glide=False|legs=0|activity=Watch|site=-1|visits=0|perch=1|birdPhase=1|landings=0
maya,arrival,5.217,-2.113,0.375,4.005,True,fly|wait=23.37|panic=0.00|target=1|speed=1.69|near=False|yaw=0.8|peeing=False|peeCooldown=173.0|aerial=False|glide=False|legs=0|activity=Watch|site=-1|visits=0|perch=1|birdPhase=1|landings=0
maya,arrival,5.321,-2.111,0.332,4.166,True,fly|wait=23.37|panic=0.00|target=1|speed=1.55|near=False|yaw=0.8|peeing=False|peeCooldown=173.0|aerial=False|glide=False|legs=0|activity=Watch|site=-1|visits=0|perch=1|birdPhase=1|landings=0
maya,arrival,5.421,-2.109,0.292,4.312,True,fly|wait=23.37|panic=0.00|target=1|speed=1.41|near=False|yaw=0.8|peeing=False|peeCooldown=173.0|aerial=False|glide=False|legs=0|activity=Watch|site=-1|visits=0|perch=1|birdPhase=1|landings=0
maya,arrival,5.527,-2.108,0.254,4.447,True,fly|wait=23.37|panic=0.00|target=1|speed=1.28|near=False|yaw=0.7|peeing=False|peeCooldown=173.0|aerial=False|glide=False|legs=0|activity=Watch|site=-1|visits=0|perch=1|birdPhase=1|landings=0
maya,arrival,5.630,-2.106,0.207,4.607,True,fly|wait=23.37|panic=0.00|target=1|speed=1.13|near=False|yaw=0.7|peeing=False|peeCooldown=173.0|aerial=False|glide=False|legs=0|activity=Watch|site=-1|visits=0|perch=1|birdPhase=1|landings=0
maya,arrival,5.731,-2.105,0.188,4.674,True,fly|wait=23.37|panic=0.00|target=1|speed=1.04|near=False|yaw=0.7|peeing=False|peeCooldown=173.0|aerial=False|glide=False|legs=0|activity=Watch|site=-1|visits=0|perch=1|birdPhase=1|landings=0
maya,arrival,5.835,-2.104,0.157,4.772,True,fly|wait=23.37|panic=0.00|target=1|speed=0.92|near=False|yaw=0.7|peeing=False|peeCooldown=173.0|aerial=False|glide=False|legs=0|activity=Watch|site=-1|visits=0|perch=1|birdPhase=1|landings=0
maya,arrival,5.945,-2.103,0.130,4.859,True,fly|wait=23.37|panic=0.00|target=1|speed=0.81|near=False|yaw=0.7|peeing=False|peeCooldown=173.0|aerial=False|glide=False|legs=0|activity=Watch|site=-1|visits=0|perch=1|birdPhase=1|landings=0
maya,arrival,6.047,-2.102,0.105,4.933,True,fly|wait=23.37|panic=0.00|target=1|speed=0.71|near=False|yaw=0.6|peeing=False|peeCooldown=173.0|aerial=False|glide=False|legs=0|activity=Watch|site=-1|visits=0|perch=1|birdPhase=1|landings=0
maya,arrival,6.147,-2.101,0.077,5.015,True,fly|wait=23.37|panic=0.00|target=1|speed=0.59|near=False|yaw=0.6|peeing=False|peeCooldown=173.0|aerial=False|glide=False|legs=0|activity=Watch|site=-1|visits=0|perch=1|birdPhase=1|landings=0
maya,arrival,6.249,-2.101,0.057,5.067,True,fly|wait=23.37|panic=0.00|target=1|speed=0.49|near=False|yaw=0.5|peeing=False|peeCooldown=173.0|aerial=False|glide=False|legs=0|activity=Watch|site=-1|visits=0|perch=1|birdPhase=1|landings=0
maya,arrival,6.350,-2.100,0.048,5.092,True,fly|wait=23.37|panic=0.00|target=1|speed=0.44|near=False|yaw=0.5|peeing=False|peeCooldown=173.0|aerial=False|glide=False|legs=0|activity=Watch|site=-1|visits=0|perch=1|birdPhase=1|landings=0
maya,arrival,6.450,-2.100,0.028,5.141,True,idle|wait=23.37|panic=0.00|target=1|speed=0.34|near=False|yaw=0.3|peeing=False|peeCooldown=173.0|aerial=False|glide=False|legs=0|activity=Watch|site=-1|visits=0|perch=1|birdPhase=1|landings=0
maya,arrival,6.553,-2.100,0.020,5.160,True,idle|wait=23.37|panic=0.00|target=1|speed=0.28|near=False|yaw=0.3|peeing=False|peeCooldown=173.0|aerial=False|glide=False|legs=0|activity=Watch|site=-1|visits=0|perch=1|birdPhase=1|landings=0
maya,arrival,6.659,-2.100,0.006,5.189,True,idle|wait=23.37|panic=0.00|target=1|speed=0.19|near=False|yaw=0.1|peeing=False|peeCooldown=173.0|aerial=False|glide=False|legs=0|activity=Watch|site=-1|visits=0|perch=1|birdPhase=1|landings=0
maya,arrival,6.759,-2.100,0.001,5.200,True,idle|wait=6.11|panic=0.00|target=1|speed=0.00|near=False|yaw=0.1|peeing=False|peeCooldown=173.0|aerial=False|glide=False|legs=0|activity=Watch|site=-1|visits=0|perch=1|birdPhase=2|landings=1
maya,arrival,6.868,-2.100,0.001,5.200,True,idle|wait=6.04|panic=0.00|target=1|speed=0.00|near=False|yaw=0.1|peeing=False|peeCooldown=173.0|aerial=False|glide=False|legs=0|activity=Watch|site=-1|visits=0|perch=1|birdPhase=2|landings=1
maya,arrival,6.976,-2.100,0.001,5.200,True,idle|wait=5.93|panic=0.00|target=1|speed=0.00|near=False|yaw=0.1|peeing=False|peeCooldown=173.0|aerial=False|glide=False|legs=0|activity=Watch|site=-1|visits=0|perch=1|birdPhase=2|landings=1
maya,arrival,7.084,-2.100,0.001,5.200,True,idle|wait=5.83|panic=0.00|target=1|speed=0.00|near=False|yaw=0.1|peeing=False|peeCooldown=173.0|aerial=False|glide=False|legs=0|activity=Watch|site=-1|visits=0|perch=1|birdPhase=2|landings=1
maya,arrival,7.187,-2.100,0.001,5.200,True,idle|wait=5.72|panic=0.00|target=1|speed=0.00|near=False|yaw=0.1|peeing=False|peeCooldown=173.0|aerial=False|glide=False|legs=0|activity=Watch|site=-1|visits=0|perch=1|birdPhase=2|landings=1
maya,arrival,7.291,-2.100,0.001,5.200,True,idle|wait=5.62|panic=0.00|target=1|speed=0.00|near=False|yaw=0.1|peeing=False|peeCooldown=173.0|aerial=False|glide=False|legs=0|activity=Watch|site=-1|visits=0|perch=1|birdPhase=2|landings=1
maya,arrival,7.393,-2.100,0.001,5.200,True,idle|wait=5.48|panic=0.00|target=1|speed=0.00|near=False|yaw=0.1|peeing=False|peeCooldown=173.0|aerial=False|glide=False|legs=0|activity=Watch|site=-1|visits=0|perch=1|birdPhase=2|landings=1
maya,arrival,7.496,-2.100,0.001,5.200,True,idle|wait=5.42|panic=0.00|target=1|speed=0.00|near=False|yaw=0.1|peeing=False|peeCooldown=173.0|aerial=False|glide=False|legs=0|activity=Watch|site=-1|visits=0|perch=1|birdPhase=2|landings=1
maya,arrival,7.610,-2.100,0.001,5.200,True,idle|wait=5.31|panic=0.00|target=1|speed=0.00|near=False|yaw=0.1|peeing=False|peeCooldown=173.0|aerial=False|glide=False|legs=0|activity=Watch|site=-1|visits=0|perch=1|birdPhase=2|landings=1
maya,arrival,7.750,-2.100,0.001,5.200,True,idle|wait=5.18|panic=0.00|target=1|speed=0.00|near=False|yaw=0.1|peeing=False|peeCooldown=173.0|aerial=False|glide=False|legs=0|activity=Watch|site=-1|visits=0|perch=1|birdPhase=2|landings=1
maya,arrival,7.867,-2.100,0.001,5.200,True,idle|wait=5.05|panic=0.00|target=1|speed=0.00|near=False|yaw=0.1|peeing=False|peeCooldown=173.0|aerial=False|glide=False|legs=0|activity=Watch|site=-1|visits=0|perch=1|birdPhase=2|landings=1
maya,arrival,7.978,-2.100,0.001,5.200,True,idle|wait=4.94|panic=0.00|target=1|speed=0.00|near=False|yaw=0.1|peeing=False|peeCooldown=173.0|aerial=False|glide=False|legs=0|activity=Watch|site=-1|visits=0|perch=1|birdPhase=2|landings=1
kalapati,before,0.000,4.000,0.001,-4.000,True,idle|wait=29.98|panic=0.00|target=1|speed=0.00|near=False|yaw=0.0|peeing=False|peeCooldown=114.2|aerial=False|glide=False|legs=0|activity=Watch|site=-1|visits=0|perch=-1|birdPhase=2|landings=0
kalapati,before,0.124,4.000,0.001,-4.000,True,idle|wait=29.82|panic=0.00|target=1|speed=0.00|near=False|yaw=0.0|peeing=False|peeCooldown=114.2|aerial=False|glide=False|legs=0|activity=Watch|site=-1|visits=0|perch=-1|birdPhase=2|landings=0
kalapati,before,0.236,4.000,0.001,-4.000,True,idle|wait=29.71|panic=0.00|target=1|speed=0.00|near=False|yaw=0.0|peeing=False|peeCooldown=114.2|aerial=False|glide=False|legs=0|activity=Watch|site=-1|visits=0|perch=-1|birdPhase=2|landings=0
kalapati,before,0.354,4.000,0.001,-4.000,True,idle|wait=29.60|panic=0.00|target=1|speed=0.00|near=False|yaw=0.0|peeing=False|peeCooldown=114.2|aerial=False|glide=False|legs=0|activity=Watch|site=-1|visits=0|perch=-1|birdPhase=2|landings=0
kalapati,before,0.467,4.000,0.001,-4.000,True,idle|wait=29.48|panic=0.00|target=1|speed=0.00|near=False|yaw=0.0|peeing=False|peeCooldown=114.2|aerial=False|glide=False|legs=0|activity=Watch|site=-1|visits=0|perch=-1|birdPhase=2|landings=0
kalapati,before,0.581,4.000,0.001,-4.000,True,idle|wait=29.36|panic=0.00|target=1|speed=0.00|near=False|yaw=0.0|peeing=False|peeCooldown=114.2|aerial=False|glide=False|legs=0|activity=Watch|site=-1|visits=0|perch=-1|birdPhase=2|landings=0
kalapati,before,0.690,4.000,0.001,-4.000,True,idle|wait=29.25|panic=0.00|target=1|speed=0.00|near=False|yaw=0.0|peeing=False|peeCooldown=114.2|aerial=False|glide=False|legs=0|activity=Watch|site=-1|visits=0|perch=-1|birdPhase=2|landings=0
kalapati,before,0.802,4.000,0.001,-4.000,True,idle|wait=29.15|panic=0.00|target=1|speed=0.00|near=False|yaw=0.0|peeing=False|peeCooldown=114.2|aerial=False|glide=False|legs=0|activity=Watch|site=-1|visits=0|perch=-1|birdPhase=2|landings=0
kalapati,before,0.913,4.000,0.001,-4.000,True,idle|wait=29.03|panic=0.00|target=1|speed=0.00|near=False|yaw=0.0|peeing=False|peeCooldown=114.2|aerial=False|glide=False|legs=0|activity=Watch|site=-1|visits=0|perch=-1|birdPhase=2|landings=0
kalapati,before,1.021,4.000,0.001,-4.000,True,peck|wait=28.92|panic=0.00|target=1|speed=0.00|near=True|yaw=0.0|peeing=False|peeCooldown=114.2|aerial=False|glide=False|legs=0|activity=Watch|site=-1|visits=0|perch=-1|birdPhase=2|landings=0
kalapati,before,1.130,4.000,0.158,-3.791,True,fly|wait=28.88|panic=0.00|target=1|speed=0.00|near=True|yaw=0.0|peeing=False|peeCooldown=114.2|aerial=False|glide=False|legs=0|activity=Watch|site=-1|visits=0|perch=-1|birdPhase=3|landings=0
kalapati,before,1.244,4.000,0.440,-3.415,True,fly|wait=28.88|panic=0.00|target=1|speed=0.00|near=True|yaw=0.0|peeing=False|peeCooldown=114.2|aerial=False|glide=False|legs=0|activity=Watch|site=-1|visits=0|perch=-1|birdPhase=3|landings=0
kalapati,before,1.356,4.000,0.719,-3.042,True,fly|wait=28.88|panic=0.00|target=1|speed=0.00|near=True|yaw=0.0|peeing=False|peeCooldown=114.2|aerial=False|glide=False|legs=0|activity=Watch|site=-1|visits=0|perch=-1|birdPhase=3|landings=0
kalapati,before,1.469,4.000,1.011,-2.653,True,fly|wait=28.88|panic=0.00|target=1|speed=0.00|near=True|yaw=0.0|peeing=False|peeCooldown=114.2|aerial=False|glide=False|legs=0|activity=Watch|site=-1|visits=0|perch=-1|birdPhase=3|landings=0
kalapati,before,1.578,4.000,1.287,-2.285,True,fly|wait=28.88|panic=0.00|target=1|speed=0.00|near=True|yaw=0.0|peeing=False|peeCooldown=114.2|aerial=False|glide=False|legs=0|activity=Watch|site=-1|visits=0|perch=-1|birdPhase=3|landings=0
kalapati,before,1.692,4.000,1.566,-1.914,True,fly|wait=28.88|panic=0.00|target=1|speed=0.00|near=True|yaw=0.0|peeing=False|peeCooldown=114.2|aerial=False|glide=False|legs=0|activity=Watch|site=-1|visits=0|perch=-1|birdPhase=3|landings=0
kalapati,before,1.807,4.000,1.857,-1.526,True,fly|wait=28.88|panic=0.00|target=1|speed=0.00|near=False|yaw=0.0|peeing=False|peeCooldown=114.2|aerial=False|glide=False|legs=0|activity=Watch|site=-1|visits=0|perch=-1|birdPhase=3|landings=0
kalapati,before,1.922,4.000,2.144,-1.142,True,fly|wait=28.88|panic=0.00|target=1|speed=0.00|near=False|yaw=0.0|peeing=False|peeCooldown=114.2|aerial=False|glide=False|legs=0|activity=Watch|site=-1|visits=0|perch=-1|birdPhase=3|landings=0
kalapati,before,2.036,4.000,2.442,-0.746,True,fly|wait=28.88|panic=0.00|target=1|speed=0.00|near=False|yaw=0.0|peeing=False|peeCooldown=114.2|aerial=False|glide=False|legs=0|activity=Watch|site=-1|visits=0|perch=-1|birdPhase=3|landings=0
kalapati,before,2.151,4.000,2.721,-0.373,True,fly|wait=28.88|panic=0.00|target=1|speed=0.00|near=False|yaw=0.0|peeing=False|peeCooldown=114.2|aerial=False|glide=False|legs=0|activity=Watch|site=-1|visits=0|perch=-1|birdPhase=3|landings=0
kalapati,before,2.262,4.000,3.001,0.000,False,fly|wait=19.52|panic=0.00|target=1|speed=0.00|near=False|yaw=0.0|peeing=False|peeCooldown=114.2|aerial=False|glide=False|legs=0|activity=Watch|site=-1|visits=0|perch=-1|birdPhase=0|landings=0
kalapati,before,2.368,4.000,3.001,0.000,False,fly|wait=19.42|panic=0.00|target=1|speed=0.00|near=False|yaw=0.0|peeing=False|peeCooldown=114.2|aerial=False|glide=False|legs=0|activity=Watch|site=-1|visits=0|perch=-1|birdPhase=0|landings=0
kalapati,before,2.479,4.000,3.001,0.000,False,fly|wait=19.31|panic=0.00|target=1|speed=0.00|near=False|yaw=0.0|peeing=False|peeCooldown=114.2|aerial=False|glide=False|legs=0|activity=Watch|site=-1|visits=0|perch=-1|birdPhase=0|landings=0
kalapati,before,2.591,4.000,3.001,0.000,False,fly|wait=19.19|panic=0.00|target=1|speed=0.00|near=False|yaw=0.0|peeing=False|peeCooldown=114.2|aerial=False|glide=False|legs=0|activity=Watch|site=-1|visits=0|perch=-1|birdPhase=0|landings=0
kalapati,before,2.697,4.000,3.001,0.000,False,fly|wait=19.09|panic=0.00|target=1|speed=0.00|near=False|yaw=0.0|peeing=False|peeCooldown=114.2|aerial=False|glide=False|legs=0|activity=Watch|site=-1|visits=0|perch=-1|birdPhase=0|landings=0
kalapati,before,2.813,4.000,3.001,0.000,False,fly|wait=18.98|panic=0.00|target=1|speed=0.00|near=False|yaw=0.0|peeing=False|peeCooldown=114.2|aerial=False|glide=False|legs=0|activity=Watch|site=-1|visits=0|perch=-1|birdPhase=0|landings=0
kalapati,before,2.926,4.000,3.001,0.000,False,fly|wait=18.86|panic=0.00|target=1|speed=0.00|near=False|yaw=0.0|peeing=False|peeCooldown=114.2|aerial=False|glide=False|legs=0|activity=Watch|site=-1|visits=0|perch=-1|birdPhase=0|landings=0
kalapati,before,3.043,4.000,3.001,0.000,False,fly|wait=18.74|panic=0.00|target=1|speed=0.00|near=False|yaw=0.0|peeing=False|peeCooldown=114.2|aerial=False|glide=False|legs=0|activity=Watch|site=-1|visits=0|perch=-1|birdPhase=0|landings=0
kalapati,before,3.152,4.000,3.001,0.000,False,fly|wait=18.64|panic=0.00|target=1|speed=0.00|near=False|yaw=0.0|peeing=False|peeCooldown=114.2|aerial=False|glide=False|legs=0|activity=Watch|site=-1|visits=0|perch=-1|birdPhase=0|landings=0
kalapati,before,3.257,4.000,3.001,0.000,False,fly|wait=18.53|panic=0.00|target=1|speed=0.00|near=False|yaw=0.0|peeing=False|peeCooldown=114.2|aerial=False|glide=False|legs=0|activity=Watch|site=-1|visits=0|perch=-1|birdPhase=0|landings=0
kalapati,before,3.361,4.000,3.001,0.000,False,fly|wait=18.42|panic=0.00|target=1|speed=0.00|near=False|yaw=0.0|peeing=False|peeCooldown=114.2|aerial=False|glide=False|legs=0|activity=Watch|site=-1|visits=0|perch=-1|birdPhase=0|landings=0
kalapati,before,3.476,4.000,3.001,0.000,False,fly|wait=18.31|panic=0.00|target=1|speed=0.00|near=False|yaw=0.0|peeing=False|peeCooldown=114.2|aerial=False|glide=False|legs=0|activity=Watch|site=-1|visits=0|perch=-1|birdPhase=0|landings=0
kalapati,before,3.582,4.000,3.001,0.000,False,fly|wait=18.20|panic=0.00|target=1|speed=0.00|near=False|yaw=0.0|peeing=False|peeCooldown=114.2|aerial=False|glide=False|legs=0|activity=Watch|site=-1|visits=0|perch=-1|birdPhase=0|landings=0
kalapati,before,3.686,4.000,3.001,0.000,False,fly|wait=18.10|panic=0.00|target=1|speed=0.00|near=False|yaw=0.0|peeing=False|peeCooldown=114.2|aerial=False|glide=False|legs=0|activity=Watch|site=-1|visits=0|perch=-1|birdPhase=0|landings=0
kalapati,before,3.798,4.000,3.001,0.000,False,fly|wait=17.99|panic=0.00|target=1|speed=0.00|near=False|yaw=0.0|peeing=False|peeCooldown=114.2|aerial=False|glide=False|legs=0|activity=Watch|site=-1|visits=0|perch=-1|birdPhase=0|landings=0
kalapati,before,3.907,4.000,3.001,0.000,False,fly|wait=17.88|panic=0.00|target=1|speed=0.00|near=False|yaw=0.0|peeing=False|peeCooldown=114.2|aerial=False|glide=False|legs=0|activity=Watch|site=-1|visits=0|perch=-1|birdPhase=0|landings=0
kalapati,before,4.014,4.000,3.001,0.000,False,fly|wait=17.77|panic=0.00|target=1|speed=0.00|near=False|yaw=0.0|peeing=False|peeCooldown=114.2|aerial=False|glide=False|legs=0|activity=Watch|site=-1|visits=0|perch=-1|birdPhase=0|landings=0
kalapati,before,4.121,4.000,3.001,0.000,False,fly|wait=17.66|panic=0.00|target=1|speed=0.00|near=False|yaw=0.0|peeing=False|peeCooldown=114.2|aerial=False|glide=False|legs=0|activity=Watch|site=-1|visits=0|perch=-1|birdPhase=0|landings=0
kalapati,before,4.238,4.000,3.001,0.000,False,fly|wait=17.55|panic=0.00|target=1|speed=0.00|near=False|yaw=0.0|peeing=False|peeCooldown=114.2|aerial=False|glide=False|legs=0|activity=Watch|site=-1|visits=0|perch=-1|birdPhase=0|landings=0
kalapati,before,4.344,4.000,3.001,0.000,False,fly|wait=17.44|panic=0.00|target=1|speed=0.00|near=False|yaw=0.0|peeing=False|peeCooldown=114.2|aerial=False|glide=False|legs=0|activity=Watch|site=-1|visits=0|perch=-1|birdPhase=0|landings=0
kalapati,before,4.453,4.000,3.001,0.000,False,fly|wait=17.33|panic=0.00|target=1|speed=0.00|near=False|yaw=0.0|peeing=False|peeCooldown=114.2|aerial=False|glide=False|legs=0|activity=Watch|site=-1|visits=0|perch=-1|birdPhase=0|landings=0
kalapati,before,4.559,4.000,3.001,0.000,False,fly|wait=17.22|panic=0.00|target=1|speed=0.00|near=False|yaw=0.0|peeing=False|peeCooldown=114.2|aerial=False|glide=False|legs=0|activity=Watch|site=-1|visits=0|perch=-1|birdPhase=0|landings=0
kalapati,before,4.665,4.000,3.001,0.000,False,fly|wait=17.12|panic=0.00|target=1|speed=0.00|near=False|yaw=0.0|peeing=False|peeCooldown=114.2|aerial=False|glide=False|legs=0|activity=Watch|site=-1|visits=0|perch=-1|birdPhase=0|landings=0
kalapati,before,4.776,4.000,3.001,0.000,False,fly|wait=17.01|panic=0.00|target=1|speed=0.00|near=False|yaw=0.0|peeing=False|peeCooldown=114.2|aerial=False|glide=False|legs=0|activity=Watch|site=-1|visits=0|perch=-1|birdPhase=0|landings=0
kalapati,before,4.883,4.000,3.001,0.000,False,fly|wait=16.90|panic=0.00|target=1|speed=0.00|near=False|yaw=0.0|peeing=False|peeCooldown=114.2|aerial=False|glide=False|legs=0|activity=Watch|site=-1|visits=0|perch=-1|birdPhase=0|landings=0
kalapati,before,4.991,4.000,3.001,0.000,False,fly|wait=16.79|panic=0.00|target=1|speed=0.00|near=False|yaw=0.0|peeing=False|peeCooldown=114.2|aerial=False|glide=False|legs=0|activity=Watch|site=-1|visits=0|perch=-1|birdPhase=0|landings=0
kalapati,before,5.101,4.000,3.001,0.000,False,fly|wait=16.68|panic=0.00|target=1|speed=0.00|near=False|yaw=0.0|peeing=False|peeCooldown=114.2|aerial=False|glide=False|legs=0|activity=Watch|site=-1|visits=0|perch=-1|birdPhase=0|landings=0
kalapati,before,5.206,4.000,3.001,0.000,False,fly|wait=16.58|panic=0.00|target=1|speed=0.00|near=False|yaw=0.0|peeing=False|peeCooldown=114.2|aerial=False|glide=False|legs=0|activity=Watch|site=-1|visits=0|perch=-1|birdPhase=0|landings=0
kalapati,before,5.314,4.000,3.001,0.000,False,fly|wait=16.47|panic=0.00|target=1|speed=0.00|near=False|yaw=0.0|peeing=False|peeCooldown=114.2|aerial=False|glide=False|legs=0|activity=Watch|site=-1|visits=0|perch=-1|birdPhase=0|landings=0
kalapati,before,5.421,4.000,3.001,0.000,False,fly|wait=16.37|panic=0.00|target=1|speed=0.00|near=False|yaw=0.0|peeing=False|peeCooldown=114.2|aerial=False|glide=False|legs=0|activity=Watch|site=-1|visits=0|perch=-1|birdPhase=0|landings=0
kalapati,before,5.531,4.000,3.001,0.000,False,fly|wait=16.25|panic=0.00|target=1|speed=0.00|near=False|yaw=0.0|peeing=False|peeCooldown=114.2|aerial=False|glide=False|legs=0|activity=Watch|site=-1|visits=0|perch=-1|birdPhase=0|landings=0
kalapati,before,5.641,4.000,3.001,0.000,False,fly|wait=16.15|panic=0.00|target=1|speed=0.00|near=False|yaw=0.0|peeing=False|peeCooldown=114.2|aerial=False|glide=False|legs=0|activity=Watch|site=-1|visits=0|perch=-1|birdPhase=0|landings=0
kalapati,before,5.747,4.000,3.001,0.000,False,fly|wait=16.03|panic=0.00|target=1|speed=0.00|near=False|yaw=0.0|peeing=False|peeCooldown=114.2|aerial=False|glide=False|legs=0|activity=Watch|site=-1|visits=0|perch=-1|birdPhase=0|landings=0
kalapati,before,5.856,4.000,3.001,0.000,False,fly|wait=15.93|panic=0.00|target=1|speed=0.00|near=False|yaw=0.0|peeing=False|peeCooldown=114.2|aerial=False|glide=False|legs=0|activity=Watch|site=-1|visits=0|perch=-1|birdPhase=0|landings=0
kalapati,before,5.964,4.000,3.001,0.000,False,fly|wait=15.82|panic=0.00|target=1|speed=0.00|near=False|yaw=0.0|peeing=False|peeCooldown=114.2|aerial=False|glide=False|legs=0|activity=Watch|site=-1|visits=0|perch=-1|birdPhase=0|landings=0
kalapati,after,0.000,4.000,0.001,-4.000,True,idle|wait=29.98|panic=0.00|target=1|speed=0.00|near=False|yaw=0.0|peeing=False|peeCooldown=168.2|aerial=False|glide=False|legs=0|activity=Watch|site=-1|visits=0|perch=0|birdPhase=2|landings=0
kalapati,after,0.111,4.000,0.001,-4.000,True,idle|wait=29.84|panic=0.00|target=1|speed=0.00|near=False|yaw=0.0|peeing=False|peeCooldown=168.2|aerial=False|glide=False|legs=0|activity=Watch|site=-1|visits=0|perch=0|birdPhase=2|landings=0
kalapati,after,0.219,4.000,0.001,-4.000,True,idle|wait=29.73|panic=0.00|target=1|speed=0.00|near=False|yaw=0.0|peeing=False|peeCooldown=168.2|aerial=False|glide=False|legs=0|activity=Watch|site=-1|visits=0|perch=0|birdPhase=2|landings=0
kalapati,after,0.327,4.000,0.001,-4.000,True,idle|wait=29.63|panic=0.00|target=1|speed=0.00|near=False|yaw=0.0|peeing=False|peeCooldown=168.2|aerial=False|glide=False|legs=0|activity=Watch|site=-1|visits=0|perch=0|birdPhase=2|landings=0
kalapati,after,0.430,4.000,0.001,-4.000,True,idle|wait=29.52|panic=0.00|target=1|speed=0.00|near=False|yaw=0.0|peeing=False|peeCooldown=168.2|aerial=False|glide=False|legs=0|activity=Watch|site=-1|visits=0|perch=0|birdPhase=2|landings=0
kalapati,after,0.537,4.000,0.001,-4.000,True,idle|wait=29.42|panic=0.00|target=1|speed=0.00|near=False|yaw=0.0|peeing=False|peeCooldown=168.2|aerial=False|glide=False|legs=0|activity=Watch|site=-1|visits=0|perch=0|birdPhase=2|landings=0
kalapati,after,0.642,4.000,0.001,-4.000,True,idle|wait=29.31|panic=0.00|target=1|speed=0.00|near=False|yaw=0.0|peeing=False|peeCooldown=168.2|aerial=False|glide=False|legs=0|activity=Watch|site=-1|visits=0|perch=0|birdPhase=2|landings=0
kalapati,after,0.749,4.000,0.001,-4.000,True,idle|wait=29.20|panic=0.00|target=1|speed=0.00|near=False|yaw=0.0|peeing=False|peeCooldown=168.2|aerial=False|glide=False|legs=0|activity=Watch|site=-1|visits=0|perch=0|birdPhase=2|landings=0
kalapati,after,0.857,4.000,0.001,-4.000,True,idle|wait=29.10|panic=0.00|target=1|speed=0.00|near=False|yaw=0.0|peeing=False|peeCooldown=168.2|aerial=False|glide=False|legs=0|activity=Watch|site=-1|visits=0|perch=0|birdPhase=2|landings=0
kalapati,after,0.961,4.000,0.001,-4.000,True,peck|wait=28.99|panic=0.00|target=1|speed=0.00|near=False|yaw=0.0|peeing=False|peeCooldown=168.2|aerial=False|glide=False|legs=0|activity=Watch|site=-1|visits=0|perch=0|birdPhase=2|landings=0
kalapati,after,1.069,3.996,0.009,-3.978,True,fly|wait=28.89|panic=0.00|target=1|speed=4.07|near=True|yaw=359.4|peeing=False|peeCooldown=168.2|aerial=False|glide=False|legs=0|activity=Watch|site=-1|visits=0|perch=0|birdPhase=3|landings=0
kalapati,after,1.181,3.925,0.161,-3.527,True,fly|wait=28.89|panic=0.00|target=1|speed=4.18|near=True|yaw=353.5|peeing=False|peeCooldown=168.2|aerial=False|glide=False|legs=0|activity=Watch|site=-1|visits=0|perch=0|birdPhase=3|landings=0
kalapati,after,1.285,3.863,0.297,-3.108,True,fly|wait=28.89|panic=0.00|target=1|speed=4.27|near=True|yaw=352.3|peeing=False|peeCooldown=168.2|aerial=False|glide=False|legs=0|activity=Watch|site=-1|visits=0|perch=0|birdPhase=3|landings=0
kalapati,after,1.392,3.805,0.427,-2.689,True,fly|wait=28.89|panic=0.00|target=1|speed=4.37|near=True|yaw=352.2|peeing=False|peeCooldown=168.2|aerial=False|glide=False|legs=0|activity=Watch|site=-1|visits=0|perch=0|birdPhase=3|landings=0
kalapati,after,1.500,3.744,0.562,-2.237,True,fly|wait=28.89|panic=0.00|target=1|speed=4.46|near=True|yaw=352.4|peeing=False|peeCooldown=168.2|aerial=False|glide=False|legs=0|activity=Watch|site=-1|visits=0|perch=0|birdPhase=3|landings=0
kalapati,after,1.610,3.685,0.699,-1.765,True,fly|wait=28.89|panic=0.00|target=1|speed=4.55|near=True|yaw=352.8|peeing=False|peeCooldown=168.2|aerial=False|glide=False|legs=0|activity=Watch|site=-1|visits=0|perch=0|birdPhase=3|landings=0
kalapati,after,1.717,3.627,0.834,-1.281,True,fly|wait=28.89|panic=0.00|target=1|speed=4.64|near=False|yaw=353.2|peeing=False|peeCooldown=168.2|aerial=False|glide=False|legs=0|activity=Watch|site=-1|visits=0|perch=0|birdPhase=3|landings=0
kalapati,after,1.826,3.573,0.963,-0.802,True,fly|wait=28.89|panic=0.00|target=1|speed=4.73|near=False|yaw=353.5|peeing=False|peeCooldown=168.2|aerial=False|glide=False|legs=0|activity=Watch|site=-1|visits=0|perch=0|birdPhase=3|landings=0
kalapati,after,1.933,3.520,1.091,-0.313,True,fly|wait=28.89|panic=0.00|target=1|speed=4.81|near=False|yaw=353.8|peeing=False|peeCooldown=168.2|aerial=False|glide=False|legs=0|activity=Watch|site=-1|visits=0|perch=0|birdPhase=3|landings=0
kalapati,after,2.041,3.466,1.223,0.212,True,fly|wait=28.89|panic=0.00|target=1|speed=4.89|near=False|yaw=354.1|peeing=False|peeCooldown=168.2|aerial=False|glide=False|legs=0|activity=Watch|site=-1|visits=0|perch=0|birdPhase=3|landings=0
kalapati,after,2.145,3.418,1.345,0.712,True,fly|wait=28.89|panic=0.00|target=1|speed=4.97|near=False|yaw=354.4|peeing=False|peeCooldown=168.2|aerial=False|glide=False|legs=0|activity=Watch|site=-1|visits=0|perch=0|birdPhase=3|landings=0
kalapati,after,2.251,3.371,1.464,1.211,True,fly|wait=28.89|panic=0.00|target=1|speed=5.03|near=False|yaw=354.7|peeing=False|peeCooldown=168.2|aerial=False|glide=False|legs=0|activity=Watch|site=-1|visits=0|perch=0|birdPhase=3|landings=0
kalapati,after,2.355,3.325,1.585,1.736,True,fly|wait=28.89|panic=0.00|target=1|speed=5.10|near=False|yaw=354.9|peeing=False|peeCooldown=168.2|aerial=False|glide=False|legs=0|activity=Watch|site=-1|visits=0|perch=0|birdPhase=3|landings=0
kalapati,after,2.460,3.280,1.702,2.262,True,fly|wait=28.89|panic=0.00|target=1|speed=5.17|near=False|yaw=355.1|peeing=False|peeCooldown=168.2|aerial=False|glide=False|legs=0|activity=Watch|site=-1|visits=0|perch=0|birdPhase=3|landings=0
kalapati,after,2.564,3.238,1.817,2.789,True,fly|wait=28.89|panic=0.00|target=1|speed=5.23|near=False|yaw=355.4|peeing=False|peeCooldown=168.2|aerial=False|glide=False|legs=0|activity=Watch|site=-1|visits=0|perch=0|birdPhase=3|landings=0
kalapati,after,2.669,3.197,1.930,3.324,True,fly|wait=28.89|panic=0.00|target=1|speed=5.29|near=False|yaw=355.6|peeing=False|peeCooldown=168.2|aerial=False|glide=False|legs=0|activity=Watch|site=-1|visits=0|perch=0|birdPhase=3|landings=0
kalapati,after,2.776,3.157,2.043,3.870,True,fly|wait=28.89|panic=0.00|target=1|speed=5.34|near=False|yaw=355.8|peeing=False|peeCooldown=168.2|aerial=False|glide=False|legs=0|activity=Watch|site=-1|visits=0|perch=0|birdPhase=3|landings=0
kalapati,after,2.887,3.116,2.158,4.443,True,fly|wait=28.89|panic=0.00|target=1|speed=5.39|near=False|yaw=356.0|peeing=False|peeCooldown=168.2|aerial=False|glide=False|legs=0|activity=Watch|site=-1|visits=0|perch=0|birdPhase=3|landings=0
kalapati,after,2.999,3.076,2.277,5.054,True,fly|wait=28.89|panic=0.00|target=1|speed=5.45|near=False|yaw=356.2|peeing=False|peeCooldown=168.2|aerial=False|glide=False|legs=0|activity=Watch|site=-1|visits=0|perch=0|birdPhase=3|landings=0
kalapati,after,3.103,3.040,2.385,5.618,True,fly|wait=28.89|panic=0.00|target=1|speed=5.49|near=False|yaw=356.3|peeing=False|peeCooldown=168.2|aerial=False|glide=False|legs=0|activity=Watch|site=-1|visits=0|perch=0|birdPhase=3|landings=0
kalapati,after,3.207,3.005,2.489,6.181,True,fly|wait=28.89|panic=0.00|target=1|speed=5.53|near=False|yaw=356.5|peeing=False|peeCooldown=168.2|aerial=False|glide=False|legs=0|activity=Watch|site=-1|visits=0|perch=0|birdPhase=3|landings=0
kalapati,after,3.313,2.972,2.592,6.751,True,fly|wait=28.89|panic=0.00|target=1|speed=5.57|near=False|yaw=356.6|peeing=False|peeCooldown=168.2|aerial=False|glide=False|legs=0|activity=Watch|site=-1|visits=0|perch=0|birdPhase=3|landings=0
kalapati,after,3.417,2.940,2.696,7.336,True,fly|wait=28.89|panic=0.00|target=1|speed=5.60|near=False|yaw=356.8|peeing=False|peeCooldown=168.2|aerial=False|glide=False|legs=0|activity=Watch|site=-1|visits=0|perch=0|birdPhase=3|landings=0
kalapati,after,3.521,2.909,2.794,7.907,True,fly|wait=28.89|panic=0.00|target=1|speed=5.63|near=False|yaw=356.9|peeing=False|peeCooldown=168.2|aerial=False|glide=False|legs=0|activity=Watch|site=-1|visits=0|perch=0|birdPhase=3|landings=0
kalapati,after,3.637,2.878,2.897,8.517,True,fly|wait=28.89|panic=0.00|target=1|speed=5.66|near=False|yaw=357.1|peeing=False|peeCooldown=168.2|aerial=False|glide=False|legs=0|activity=Watch|site=-1|visits=0|perch=0|birdPhase=3|landings=0
kalapati,after,3.747,2.847,3.003,9.162,True,fly|wait=28.89|panic=0.00|target=1|speed=5.69|near=False|yaw=357.2|peeing=False|peeCooldown=168.2|aerial=False|glide=False|legs=0|activity=Watch|site=-1|visits=0|perch=0|birdPhase=3|landings=0
kalapati,after,3.851,2.820,3.100,9.764,True,fly|wait=28.89|panic=0.00|target=1|speed=5.71|near=False|yaw=357.4|peeing=False|peeCooldown=168.2|aerial=False|glide=False|legs=0|activity=Watch|site=-1|visits=0|perch=0|birdPhase=3|landings=0
kalapati,after,3.964,2.793,3.196,10.373,True,fly|wait=28.89|panic=0.00|target=1|speed=5.73|near=False|yaw=357.5|peeing=False|peeCooldown=168.2|aerial=False|glide=False|legs=0|activity=Watch|site=-1|visits=0|perch=0|birdPhase=3|landings=0
kalapati,after,4.071,2.767,3.290,10.992,True,fly|wait=28.89|panic=0.00|target=1|speed=5.74|near=False|yaw=357.6|peeing=False|peeCooldown=168.2|aerial=False|glide=False|legs=0|activity=Watch|site=-1|visits=0|perch=0|birdPhase=3|landings=0
kalapati,after,4.176,2.743,3.380,11.592,True,fly|wait=28.89|panic=0.00|target=1|speed=5.75|near=False|yaw=357.7|peeing=False|peeCooldown=168.2|aerial=False|glide=False|legs=0|activity=Watch|site=-1|visits=0|perch=0|birdPhase=3|landings=0
kalapati,after,4.284,2.720,3.470,12.205,True,fly|wait=28.89|panic=0.00|target=1|speed=5.76|near=False|yaw=357.8|peeing=False|peeCooldown=168.2|aerial=False|glide=False|legs=0|activity=Watch|site=-1|visits=0|perch=0|birdPhase=3|landings=0
kalapati,after,4.390,2.698,3.555,12.799,True,fly|wait=28.89|panic=0.00|target=1|speed=5.76|near=False|yaw=357.9|peeing=False|peeCooldown=168.2|aerial=False|glide=False|legs=0|activity=Watch|site=-1|visits=0|perch=0|birdPhase=3|landings=0
kalapati,after,4.497,2.677,3.639,13.400,True,fly|wait=28.89|panic=0.00|target=1|speed=5.76|near=False|yaw=358.0|peeing=False|peeCooldown=168.2|aerial=False|glide=False|legs=0|activity=Watch|site=-1|visits=0|perch=0|birdPhase=3|landings=0
kalapati,after,4.616,2.656,3.730,14.065,True,fly|wait=28.89|panic=0.00|target=1|speed=5.76|near=False|yaw=358.1|peeing=False|peeCooldown=168.2|aerial=False|glide=False|legs=0|activity=Watch|site=-1|visits=0|perch=0|birdPhase=3|landings=0
kalapati,after,4.729,2.635,3.820,14.741,True,fly|wait=28.89|panic=0.00|target=1|speed=5.75|near=False|yaw=358.2|peeing=False|peeCooldown=168.2|aerial=False|glide=False|legs=0|activity=Watch|site=-1|visits=0|perch=0|birdPhase=3|landings=0
kalapati,after,4.841,2.616,3.901,15.364,True,fly|wait=28.89|panic=0.00|target=1|speed=5.73|near=False|yaw=358.3|peeing=False|peeCooldown=168.2|aerial=False|glide=False|legs=0|activity=Watch|site=-1|visits=0|perch=0|birdPhase=3|landings=0
kalapati,after,4.948,2.599,3.980,15.980,True,fly|wait=28.89|panic=0.00|target=1|speed=5.72|near=False|yaw=358.4|peeing=False|peeCooldown=168.2|aerial=False|glide=False|legs=0|activity=Watch|site=-1|visits=0|perch=0|birdPhase=3|landings=0
kalapati,after,5.053,2.583,4.055,16.584,True,fly|wait=28.89|panic=0.00|target=1|speed=5.70|near=False|yaw=358.5|peeing=False|peeCooldown=168.2|aerial=False|glide=False|legs=0|activity=Watch|site=-1|visits=0|perch=0|birdPhase=3|landings=0
kalapati,after,5.161,2.568,4.129,17.194,True,fly|wait=28.89|panic=0.00|target=1|speed=5.68|near=False|yaw=358.6|peeing=False|peeCooldown=168.2|aerial=False|glide=False|legs=0|activity=Watch|site=-1|visits=0|perch=0|birdPhase=3|landings=0
kalapati,after,5.270,2.553,4.201,17.801,True,fly|wait=28.89|panic=0.00|target=1|speed=5.65|near=False|yaw=358.6|peeing=False|peeCooldown=168.2|aerial=False|glide=False|legs=0|activity=Watch|site=-1|visits=0|perch=0|birdPhase=3|landings=0
kalapati,after,5.387,2.540,4.272,18.410,True,fly|wait=28.89|panic=0.00|target=1|speed=5.62|near=False|yaw=358.7|peeing=False|peeCooldown=168.2|aerial=False|glide=False|legs=0|activity=Watch|site=-1|visits=0|perch=0|birdPhase=3|landings=0
kalapati,after,5.496,2.526,4.346,19.069,True,fly|wait=28.89|panic=0.00|target=1|speed=5.58|near=False|yaw=358.8|peeing=False|peeCooldown=168.2|aerial=False|glide=False|legs=0|activity=Watch|site=-1|visits=0|perch=0|birdPhase=3|landings=0
kalapati,after,5.607,2.514,4.413,19.675,True,fly|wait=28.89|panic=0.00|target=1|speed=5.54|near=False|yaw=358.9|peeing=False|peeCooldown=168.2|aerial=False|glide=False|legs=0|activity=Watch|site=-1|visits=0|perch=0|birdPhase=3|landings=0
kalapati,after,5.714,2.503,4.476,20.261,True,fly|wait=28.89|panic=0.00|target=1|speed=5.50|near=False|yaw=358.9|peeing=False|peeCooldown=168.2|aerial=False|glide=False|legs=0|activity=Watch|site=-1|visits=0|perch=0|birdPhase=3|landings=0
kalapati,after,5.820,2.493,4.537,20.837,True,fly|wait=28.89|panic=0.00|target=1|speed=5.46|near=False|yaw=359.0|peeing=False|peeCooldown=168.2|aerial=False|glide=False|legs=0|activity=Watch|site=-1|visits=0|perch=0|birdPhase=3|landings=0
kalapati,after,5.928,2.483,4.597,21.423,True,fly|wait=28.89|panic=0.00|target=1|speed=5.41|near=False|yaw=359.0|peeing=False|peeCooldown=168.2|aerial=False|glide=False|legs=0|activity=Watch|site=-1|visits=0|perch=0|birdPhase=3|landings=0
kalapati,after,6.035,2.474,4.654,21.992,True,fly|wait=28.89|panic=0.00|target=1|speed=5.36|near=False|yaw=359.1|peeing=False|peeCooldown=168.2|aerial=False|glide=False|legs=0|activity=Watch|site=-1|visits=0|perch=0|birdPhase=3|landings=0
kalapati,after,6.141,2.466,4.708,22.555,True,fly|wait=28.89|panic=0.00|target=1|speed=5.30|near=False|yaw=359.2|peeing=False|peeCooldown=168.2|aerial=False|glide=False|legs=0|activity=Watch|site=-1|visits=0|perch=0|birdPhase=3|landings=0
kalapati,after,6.247,2.459,4.761,23.110,True,fly|wait=28.89|panic=0.00|target=1|speed=5.24|near=False|yaw=359.2|peeing=False|peeCooldown=168.2|aerial=False|glide=False|legs=0|activity=Watch|site=-1|visits=0|perch=0|birdPhase=3|landings=0
kalapati,after,6.353,2.452,4.812,23.668,True,fly|wait=28.89|panic=0.00|target=1|speed=5.18|near=False|yaw=359.3|peeing=False|peeCooldown=168.2|aerial=False|glide=False|legs=0|activity=Watch|site=-1|visits=0|perch=0|birdPhase=3|landings=0
kalapati,after,6.462,2.445,4.860,24.202,True,fly|wait=28.89|panic=0.00|target=1|speed=5.11|near=False|yaw=359.3|peeing=False|peeCooldown=168.2|aerial=False|glide=False|legs=0|activity=Watch|site=-1|visits=0|perch=0|birdPhase=3|landings=0
kalapati,after,6.569,2.439,4.907,24.744,True,fly|wait=28.89|panic=0.00|target=1|speed=5.04|near=False|yaw=359.4|peeing=False|peeCooldown=168.2|aerial=False|glide=False|legs=0|activity=Watch|site=-1|visits=0|perch=0|birdPhase=3|landings=0
kalapati,after,6.678,2.434,4.953,25.292,True,fly|wait=28.89|panic=0.00|target=1|speed=4.97|near=False|yaw=359.4|peeing=False|peeCooldown=168.2|aerial=False|glide=False|legs=0|activity=Watch|site=-1|visits=0|perch=0|birdPhase=3|landings=0
kalapati,after,6.785,2.429,4.996,25.817,True,fly|wait=28.89|panic=0.00|target=1|speed=4.89|near=False|yaw=359.5|peeing=False|peeCooldown=168.2|aerial=False|glide=False|legs=0|activity=Watch|site=-1|visits=0|perch=0|birdPhase=3|landings=0
kalapati,after,6.893,2.425,5.037,26.334,True,fly|wait=28.89|panic=0.00|target=1|speed=4.81|near=False|yaw=359.5|peeing=False|peeCooldown=168.2|aerial=False|glide=False|legs=0|activity=Watch|site=-1|visits=0|perch=0|birdPhase=3|landings=0
kalapati,after,7.003,2.421,5.076,26.849,True,fly|wait=28.89|panic=0.00|target=1|speed=4.72|near=False|yaw=359.6|peeing=False|peeCooldown=168.2|aerial=False|glide=False|legs=0|activity=Watch|site=-1|visits=0|perch=0|birdPhase=3|landings=0
kalapati,after,7.114,2.417,5.116,27.396,True,fly|wait=28.89|panic=0.00|target=1|speed=4.62|near=False|yaw=359.6|peeing=False|peeCooldown=168.2|aerial=False|glide=False|legs=0|activity=Watch|site=-1|visits=0|perch=0|birdPhase=3|landings=0
kalapati,after,7.218,2.414,5.149,27.869,True,fly|wait=28.89|panic=0.00|target=1|speed=4.53|near=False|yaw=359.6|peeing=False|peeCooldown=168.2|aerial=False|glide=False|legs=0|activity=Watch|site=-1|visits=0|perch=0|birdPhase=3|landings=0
kalapati,after,7.326,2.411,5.181,28.350,True,fly|wait=28.89|panic=0.00|target=1|speed=4.43|near=False|yaw=359.7|peeing=False|peeCooldown=168.2|aerial=False|glide=False|legs=0|activity=Watch|site=-1|visits=0|perch=0|birdPhase=3|landings=0
kalapati,after,7.434,2.409,5.211,28.820,True,fly|wait=28.89|panic=0.00|target=1|speed=4.34|near=False|yaw=359.7|peeing=False|peeCooldown=168.2|aerial=False|glide=False|legs=0|activity=Watch|site=-1|visits=0|perch=0|birdPhase=3|landings=0
kalapati,after,7.545,2.407,5.239,29.287,True,fly|wait=28.89|panic=0.00|target=1|speed=4.23|near=False|yaw=359.8|peeing=False|peeCooldown=168.2|aerial=False|glide=False|legs=0|activity=Watch|site=-1|visits=0|perch=0|birdPhase=3|landings=0
kalapati,after,7.658,2.405,5.266,29.743,True,fly|wait=28.89|panic=0.00|target=1|speed=4.12|near=False|yaw=359.8|peeing=False|peeCooldown=168.2|aerial=False|glide=False|legs=0|activity=Watch|site=-1|visits=0|perch=0|birdPhase=3|landings=0
kalapati,after,7.767,2.404,5.290,30.203,True,fly|wait=28.89|panic=0.00|target=1|speed=4.00|near=False|yaw=359.8|peeing=False|peeCooldown=168.2|aerial=False|glide=False|legs=0|activity=Watch|site=-1|visits=0|perch=0|birdPhase=3|landings=0
kalapati,after,7.875,2.403,5.311,30.618,True,fly|wait=28.89|panic=0.00|target=1|speed=3.89|near=False|yaw=359.8|peeing=False|peeCooldown=168.2|aerial=False|glide=False|legs=0|activity=Watch|site=-1|visits=0|perch=0|birdPhase=3|landings=0
kalapati,after,7.983,2.402,5.330,31.046,True,fly|wait=28.89|panic=0.00|target=1|speed=3.76|near=False|yaw=359.9|peeing=False|peeCooldown=168.2|aerial=False|glide=False|legs=0|activity=Watch|site=-1|visits=0|perch=0|birdPhase=3|landings=0
kalapati,arrival,0.000,2.400,4.985,17.657,True,fly|wait=28.89|panic=0.00|target=1|speed=10.36|near=False|yaw=180.0|peeing=False|peeCooldown=168.2|aerial=False|glide=False|legs=0|activity=Watch|site=-1|visits=0|perch=1|birdPhase=1|landings=0
kalapati,arrival,0.122,2.401,4.888,16.919,True,fly|wait=28.89|panic=0.00|target=1|speed=10.25|near=False|yaw=180.0|peeing=False|peeCooldown=168.2|aerial=False|glide=False|legs=0|activity=Watch|site=-1|visits=0|perch=1|birdPhase=1|landings=0
kalapati,arrival,0.239,2.401,4.720,15.711,True,fly|wait=28.89|panic=0.00|target=1|speed=10.05|near=False|yaw=180.0|peeing=False|peeCooldown=168.2|aerial=False|glide=False|legs=0|activity=Watch|site=-1|visits=0|perch=1|birdPhase=1|landings=0
kalapati,arrival,0.346,2.403,4.564,14.651,True,fly|wait=28.89|panic=0.00|target=1|speed=9.86|near=False|yaw=179.9|peeing=False|peeCooldown=168.2|aerial=False|glide=False|legs=0|activity=Watch|site=-1|visits=0|perch=1|birdPhase=1|landings=0
kalapati,arrival,0.453,2.404,4.402,13.606,True,fly|wait=28.89|panic=0.00|target=1|speed=9.65|near=False|yaw=179.9|peeing=False|peeCooldown=168.2|aerial=False|glide=False|legs=0|activity=Watch|site=-1|visits=0|perch=1|birdPhase=1|landings=0
kalapati,arrival,0.558,2.406,4.241,12.622,True,fly|wait=28.89|panic=0.00|target=1|speed=9.44|near=False|yaw=179.9|peeing=False|peeCooldown=168.2|aerial=False|glide=False|legs=0|activity=Watch|site=-1|visits=0|perch=1|birdPhase=1|landings=0
kalapati,arrival,0.665,2.408,4.075,11.643,True,fly|wait=28.89|panic=0.00|target=1|speed=9.22|near=False|yaw=179.9|peeing=False|peeCooldown=168.2|aerial=False|glide=False|legs=0|activity=Watch|site=-1|visits=0|perch=1|birdPhase=1|landings=0
kalapati,arrival,0.770,2.411,3.909,10.705,True,fly|wait=28.89|panic=0.00|target=1|speed=9.00|near=False|yaw=179.8|peeing=False|peeCooldown=168.2|aerial=False|glide=False|legs=0|activity=Watch|site=-1|visits=0|perch=1|birdPhase=1|landings=0
kalapati,arrival,0.875,2.414,3.741,9.786,True,fly|wait=28.89|panic=0.00|target=1|speed=8.77|near=False|yaw=179.8|peeing=False|peeCooldown=168.2|aerial=False|glide=False|legs=0|activity=Watch|site=-1|visits=0|perch=1|birdPhase=1|landings=0
kalapati,arrival,0.979,2.418,3.571,8.892,True,fly|wait=28.89|panic=0.00|target=1|speed=8.52|near=False|yaw=179.8|peeing=False|peeCooldown=168.2|aerial=False|glide=False|legs=0|activity=Watch|site=-1|visits=0|perch=1|birdPhase=1|landings=0
kalapati,arrival,1.087,2.423,3.400,8.018,True,fly|wait=28.89|panic=0.00|target=1|speed=8.27|near=False|yaw=179.7|peeing=False|peeCooldown=168.2|aerial=False|glide=False|legs=0|activity=Watch|site=-1|visits=0|perch=1|birdPhase=1|landings=0
kalapati,arrival,1.202,2.428,3.224,7.145,True,fly|wait=28.89|panic=0.00|target=1|speed=8.01|near=False|yaw=179.6|peeing=False|peeCooldown=168.2|aerial=False|glide=False|legs=0|activity=Watch|site=-1|visits=0|perch=1|birdPhase=1|landings=0
kalapati,arrival,1.310,2.435,3.041,6.266,True,fly|wait=28.89|panic=0.00|target=1|speed=7.73|near=False|yaw=179.6|peeing=False|peeCooldown=168.2|aerial=False|glide=False|legs=0|activity=Watch|site=-1|visits=0|perch=1|birdPhase=1|landings=0
kalapati,arrival,1.418,2.441,2.872,5.475,True,fly|wait=28.89|panic=0.00|target=1|speed=7.46|near=False|yaw=179.5|peeing=False|peeCooldown=168.2|aerial=False|glide=False|legs=0|activity=Watch|site=-1|visits=0|perch=1|birdPhase=1|landings=0
kalapati,arrival,1.530,2.449,2.699,4.685,True,fly|wait=28.89|panic=0.00|target=1|speed=7.18|near=False|yaw=179.4|peeing=False|peeCooldown=168.2|aerial=False|glide=False|legs=0|activity=Watch|site=-1|visits=0|perch=1|birdPhase=1|landings=0
kalapati,arrival,1.652,2.458,2.519,3.886,True,fly|wait=28.89|panic=0.00|target=1|speed=6.88|near=False|yaw=179.4|peeing=False|peeCooldown=168.2|aerial=False|glide=False|legs=0|activity=Watch|site=-1|visits=0|perch=1|birdPhase=1|landings=0
kalapati,arrival,1.787,2.469,2.323,3.038,True,fly|wait=28.89|panic=0.00|target=1|speed=6.54|near=False|yaw=179.2|peeing=False|peeCooldown=168.2|aerial=False|glide=False|legs=0|activity=Watch|site=-1|visits=0|perch=1|birdPhase=1|landings=0
kalapati,arrival,1.932,2.481,2.136,2.253,True,fly|wait=28.89|panic=0.00|target=1|speed=6.20|near=False|yaw=179.1|peeing=False|peeCooldown=168.2|aerial=False|glide=False|legs=0|activity=Watch|site=-1|visits=0|perch=1|birdPhase=1|landings=0
kalapati,arrival,2.110,2.499,1.894,1.261,True,fly|wait=28.89|panic=0.00|target=1|speed=5.75|near=False|yaw=178.9|peeing=False|peeCooldown=168.2|aerial=False|glide=False|legs=0|activity=Watch|site=-1|visits=0|perch=1|birdPhase=1|landings=0
kalapati,arrival,2.265,2.520,1.652,0.305,True,fly|wait=28.89|panic=0.00|target=1|speed=5.27|near=False|yaw=178.7|peeing=False|peeCooldown=168.2|aerial=False|glide=False|legs=0|activity=Watch|site=-1|visits=0|perch=1|birdPhase=1|landings=0
kalapati,arrival,2.396,2.537,1.479,-0.359,True,fly|wait=28.89|panic=0.00|target=1|speed=4.90|near=False|yaw=178.5|peeing=False|peeCooldown=168.2|aerial=False|glide=False|legs=0|activity=Watch|site=-1|visits=0|perch=1|birdPhase=1|landings=0
kalapati,arrival,2.513,2.554,1.330,-0.922,True,fly|wait=28.89|panic=0.00|target=1|speed=4.57|near=False|yaw=178.3|peeing=False|peeCooldown=168.2|aerial=False|glide=False|legs=0|activity=Watch|site=-1|visits=0|perch=1|birdPhase=1|landings=0
kalapati,arrival,2.624,2.570,1.201,-1.395,True,fly|wait=28.89|panic=0.00|target=1|speed=4.28|near=False|yaw=178.1|peeing=False|peeCooldown=168.2|aerial=False|glide=False|legs=0|activity=Watch|site=-1|visits=0|perch=1|birdPhase=1|landings=0
kalapati,arrival,2.736,2.586,1.076,-1.848,True,fly|wait=28.89|panic=0.00|target=1|speed=3.98|near=False|yaw=177.9|peeing=False|peeCooldown=168.2|aerial=False|glide=False|legs=0|activity=Watch|site=-1|visits=0|perch=1|birdPhase=1|landings=0
kalapati,arrival,2.874,2.603,0.963,-2.248,True,fly|wait=28.89|panic=0.00|target=1|speed=3.70|near=False|yaw=177.6|peeing=False|peeCooldown=168.2|aerial=False|glide=False|legs=0|activity=Watch|site=-1|visits=0|perch=1|birdPhase=1|landings=0
kalapati,arrival,2.996,2.627,0.820,-2.744,True,fly|wait=28.89|panic=0.00|target=1|speed=3.33|near=False|yaw=177.2|peeing=False|peeCooldown=168.2|aerial=False|glide=False|legs=0|activity=Watch|site=-1|visits=0|perch=1|birdPhase=1|landings=0
kalapati,arrival,3.123,2.647,0.711,-3.113,True,fly|wait=28.89|panic=0.00|target=1|speed=3.02|near=False|yaw=176.8|peeing=False|peeCooldown=168.2|aerial=False|glide=False|legs=0|activity=Watch|site=-1|visits=0|perch=1|birdPhase=1|landings=0
kalapati,arrival,3.233,2.668,0.612,-3.440,True,fly|wait=28.89|panic=0.00|target=1|speed=2.74|near=False|yaw=176.4|peeing=False|peeCooldown=168.2|aerial=False|glide=False|legs=0|activity=Watch|site=-1|visits=0|perch=1|birdPhase=1|landings=0
kalapati,arrival,3.342,2.687,0.530,-3.706,True,fly|wait=28.89|panic=0.00|target=1|speed=2.49|near=False|yaw=176.0|peeing=False|peeCooldown=168.2|aerial=False|glide=False|legs=0|activity=Watch|site=-1|visits=0|perch=1|birdPhase=1|landings=0
kalapati,arrival,3.452,2.707,0.451,-3.956,True,fly|wait=28.89|panic=0.00|target=1|speed=2.23|near=False|yaw=175.4|peeing=False|peeCooldown=168.2|aerial=False|glide=False|legs=0|activity=Watch|site=-1|visits=0|perch=1|birdPhase=1|landings=0
kalapati,arrival,3.560,2.726,0.381,-4.172,True,fly|wait=28.89|panic=0.00|target=1|speed=2.00|near=False|yaw=174.9|peeing=False|peeCooldown=168.2|aerial=False|glide=False|legs=0|activity=Watch|site=-1|visits=0|perch=1|birdPhase=1|landings=0
kalapati,arrival,3.683,2.747,0.313,-4.377,True,fly|wait=28.89|panic=0.00|target=1|speed=1.76|near=False|yaw=174.1|peeing=False|peeCooldown=168.2|aerial=False|glide=False|legs=0|activity=Watch|site=-1|visits=0|perch=1|birdPhase=1|landings=0
kalapati,arrival,3.807,2.770,0.249,-4.564,True,fly|wait=28.89|panic=0.00|target=1|speed=1.52|near=False|yaw=173.2|peeing=False|peeCooldown=168.2|aerial=False|glide=False|legs=0|activity=Watch|site=-1|visits=0|perch=1|birdPhase=1|landings=0
kalapati,arrival,3.924,2.792,0.192,-4.725,True,fly|wait=28.89|panic=0.00|target=1|speed=1.29|near=False|yaw=172.1|peeing=False|peeCooldown=168.2|aerial=False|glide=False|legs=0|activity=Watch|site=-1|visits=0|perch=1|birdPhase=1|landings=0
kalapati,arrival,4.033,2.811,0.148,-4.847,True,fly|wait=28.89|panic=0.00|target=1|speed=1.09|near=False|yaw=170.9|peeing=False|peeCooldown=168.2|aerial=False|glide=False|legs=0|activity=Watch|site=-1|visits=0|perch=1|birdPhase=1|landings=0
kalapati,arrival,4.146,2.830,0.109,-4.948,True,fly|wait=28.89|panic=0.00|target=1|speed=0.91|near=False|yaw=169.4|peeing=False|peeCooldown=168.2|aerial=False|glide=False|legs=0|activity=Watch|site=-1|visits=0|perch=1|birdPhase=1|landings=0
kalapati,arrival,4.259,2.849,0.075,-5.033,True,fly|wait=28.89|panic=0.00|target=1|speed=0.74|near=False|yaw=167.6|peeing=False|peeCooldown=168.2|aerial=False|glide=False|legs=0|activity=Watch|site=-1|visits=0|perch=1|birdPhase=1|landings=0
kalapati,arrival,4.364,2.865,0.048,-5.097,True,fly|wait=28.89|panic=0.00|target=1|speed=0.60|near=False|yaw=165.7|peeing=False|peeCooldown=168.2|aerial=False|glide=False|legs=0|activity=Watch|site=-1|visits=0|perch=1|birdPhase=1|landings=0
kalapati,arrival,4.472,2.880,0.027,-5.146,True,idle|wait=28.89|panic=0.00|target=1|speed=0.46|near=False|yaw=163.4|peeing=False|peeCooldown=168.2|aerial=False|glide=False|legs=0|activity=Watch|site=-1|visits=0|perch=1|birdPhase=1|landings=0
kalapati,arrival,4.583,2.893,0.010,-5.182,True,idle|wait=28.89|panic=0.00|target=1|speed=0.32|near=False|yaw=160.8|peeing=False|peeCooldown=168.2|aerial=False|glide=False|legs=0|activity=Watch|site=-1|visits=0|perch=1|birdPhase=1|landings=0
kalapati,arrival,4.692,2.900,0.001,-5.200,True,idle|wait=7.97|panic=0.00|target=1|speed=0.00|near=False|yaw=158.5|peeing=False|peeCooldown=168.2|aerial=False|glide=False|legs=0|activity=Watch|site=-1|visits=0|perch=1|birdPhase=2|landings=1
kalapati,arrival,4.799,2.900,0.001,-5.200,True,idle|wait=7.87|panic=0.00|target=1|speed=0.00|near=False|yaw=158.5|peeing=False|peeCooldown=168.2|aerial=False|glide=False|legs=0|activity=Watch|site=-1|visits=0|perch=1|birdPhase=2|landings=1
kalapati,arrival,4.906,2.900,0.001,-5.200,True,idle|wait=7.76|panic=0.00|target=1|speed=0.00|near=False|yaw=158.5|peeing=False|peeCooldown=168.2|aerial=False|glide=False|legs=0|activity=Watch|site=-1|visits=0|perch=1|birdPhase=2|landings=1
kalapati,arrival,5.012,2.900,0.001,-5.200,True,idle|wait=7.65|panic=0.00|target=1|speed=0.00|near=False|yaw=158.5|peeing=False|peeCooldown=168.2|aerial=False|glide=False|legs=0|activity=Watch|site=-1|visits=0|perch=1|birdPhase=2|landings=1
kalapati,arrival,5.118,2.900,0.001,-5.200,True,idle|wait=7.55|panic=0.00|target=1|speed=0.00|near=False|yaw=158.5|peeing=False|peeCooldown=168.2|aerial=False|glide=False|legs=0|activity=Watch|site=-1|visits=0|perch=1|birdPhase=2|landings=1
kalapati,arrival,5.229,2.900,0.001,-5.200,True,idle|wait=7.44|panic=0.00|target=1|speed=0.00|near=False|yaw=158.5|peeing=False|peeCooldown=168.2|aerial=False|glide=False|legs=0|activity=Watch|site=-1|visits=0|perch=1|birdPhase=2|landings=1
kalapati,arrival,5.335,2.900,0.001,-5.200,True,idle|wait=7.33|panic=0.00|target=1|speed=0.00|near=False|yaw=158.5|peeing=False|peeCooldown=168.2|aerial=False|glide=False|legs=0|activity=Watch|site=-1|visits=0|perch=1|birdPhase=2|landings=1
kalapati,arrival,5.444,2.900,0.001,-5.200,True,idle|wait=7.22|panic=0.00|target=1|speed=0.00|near=False|yaw=158.5|peeing=False|peeCooldown=168.2|aerial=False|glide=False|legs=0|activity=Watch|site=-1|visits=0|perch=1|birdPhase=2|landings=1
kalapati,arrival,5.559,2.900,0.001,-5.200,True,idle|wait=7.11|panic=0.00|target=1|speed=0.00|near=False|yaw=158.5|peeing=False|peeCooldown=168.2|aerial=False|glide=False|legs=0|activity=Watch|site=-1|visits=0|perch=1|birdPhase=2|landings=1
kalapati,arrival,5.670,2.900,0.001,-5.200,True,idle|wait=6.99|panic=0.00|target=1|speed=0.00|near=False|yaw=158.5|peeing=False|peeCooldown=168.2|aerial=False|glide=False|legs=0|activity=Watch|site=-1|visits=0|perch=1|birdPhase=2|landings=1
kalapati,arrival,5.779,2.900,0.001,-5.200,True,idle|wait=6.88|panic=0.00|target=1|speed=0.00|near=False|yaw=158.5|peeing=False|peeCooldown=168.2|aerial=False|glide=False|legs=0|activity=Watch|site=-1|visits=0|perch=1|birdPhase=2|landings=1
kalapati,arrival,5.889,2.900,0.001,-5.200,True,idle|wait=6.77|panic=0.00|target=1|speed=0.00|near=False|yaw=158.5|peeing=False|peeCooldown=168.2|aerial=False|glide=False|legs=0|activity=Watch|site=-1|visits=0|perch=1|birdPhase=2|landings=1
kalapati,arrival,5.998,2.900,0.001,-5.200,True,idle|wait=6.66|panic=0.00|target=1|speed=0.00|near=False|yaw=158.5|peeing=False|peeCooldown=168.2|aerial=False|glide=False|legs=0|activity=Watch|site=-1|visits=0|perch=1|birdPhase=2|landings=1
kalapati,arrival,6.109,2.900,0.001,-5.200,True,idle|wait=6.56|panic=0.00|target=1|speed=0.00|near=False|yaw=158.5|peeing=False|peeCooldown=168.2|aerial=False|glide=False|legs=0|activity=Watch|site=-1|visits=0|perch=1|birdPhase=2|landings=1
kalapati,arrival,6.221,2.900,0.001,-5.200,True,idle|wait=6.45|panic=0.00|target=1|speed=0.00|near=False|yaw=158.5|peeing=False|peeCooldown=168.2|aerial=False|glide=False|legs=0|activity=Watch|site=-1|visits=0|perch=1|birdPhase=2|landings=1
kalapati,arrival,6.334,2.900,0.001,-5.200,True,idle|wait=6.33|panic=0.00|target=1|speed=0.00|near=False|yaw=158.5|peeing=False|peeCooldown=168.2|aerial=False|glide=False|legs=0|activity=Watch|site=-1|visits=0|perch=1|birdPhase=2|landings=1
kalapati,arrival,6.440,2.900,0.001,-5.200,True,idle|wait=6.22|panic=0.00|target=1|speed=0.00|near=False|yaw=158.5|peeing=False|peeCooldown=168.2|aerial=False|glide=False|legs=0|activity=Watch|site=-1|visits=0|perch=1|birdPhase=2|landings=1
kalapati,arrival,6.545,2.900,0.001,-5.200,True,idle|wait=6.12|panic=0.00|target=1|speed=0.00|near=False|yaw=158.5|peeing=False|peeCooldown=168.2|aerial=False|glide=False|legs=0|activity=Watch|site=-1|visits=0|perch=1|birdPhase=2|landings=1
kalapati,arrival,6.651,2.900,0.001,-5.200,True,idle|wait=6.01|panic=0.00|target=1|speed=0.00|near=False|yaw=158.5|peeing=False|peeCooldown=168.2|aerial=False|glide=False|legs=0|activity=Watch|site=-1|visits=0|perch=1|birdPhase=2|landings=1
kalapati,arrival,6.760,2.900,0.001,-5.200,True,idle|wait=5.90|panic=0.00|target=1|speed=0.00|near=False|yaw=158.5|peeing=False|peeCooldown=168.2|aerial=False|glide=False|legs=0|activity=Watch|site=-1|visits=0|perch=1|birdPhase=2|landings=1
kalapati,arrival,6.869,2.900,0.001,-5.200,True,peck|wait=5.80|panic=0.00|target=1|speed=0.00|near=False|yaw=158.5|peeing=False|peeCooldown=168.2|aerial=False|glide=False|legs=0|activity=Watch|site=-1|visits=0|perch=1|birdPhase=2|landings=1
kalapati,arrival,6.978,2.900,0.001,-5.200,True,peck|wait=5.68|panic=0.00|target=1|speed=0.00|near=False|yaw=158.5|peeing=False|peeCooldown=168.2|aerial=False|glide=False|legs=0|activity=Watch|site=-1|visits=0|perch=1|birdPhase=2|landings=1
kalapati,arrival,7.088,2.900,0.001,-5.200,True,peck|wait=5.58|panic=0.00|target=1|speed=0.00|near=False|yaw=158.5|peeing=False|peeCooldown=168.2|aerial=False|glide=False|legs=0|activity=Watch|site=-1|visits=0|perch=1|birdPhase=2|landings=1
kalapati,arrival,7.200,2.900,0.001,-5.200,True,peck|wait=5.47|panic=0.00|target=1|speed=0.00|near=False|yaw=158.5|peeing=False|peeCooldown=168.2|aerial=False|glide=False|legs=0|activity=Watch|site=-1|visits=0|perch=1|birdPhase=2|landings=1
kalapati,arrival,7.308,2.900,0.001,-5.200,True,peck|wait=5.36|panic=0.00|target=1|speed=0.00|near=False|yaw=158.5|peeing=False|peeCooldown=168.2|aerial=False|glide=False|legs=0|activity=Watch|site=-1|visits=0|perch=1|birdPhase=2|landings=1
kalapati,arrival,7.418,2.900,0.001,-5.200,True,peck|wait=5.24|panic=0.00|target=1|speed=0.00|near=False|yaw=158.5|peeing=False|peeCooldown=168.2|aerial=False|glide=False|legs=0|activity=Watch|site=-1|visits=0|perch=1|birdPhase=2|landings=1
kalapati,arrival,7.529,2.900,0.001,-5.200,True,peck|wait=5.13|panic=0.00|target=1|speed=0.00|near=False|yaw=158.5|peeing=False|peeCooldown=168.2|aerial=False|glide=False|legs=0|activity=Watch|site=-1|visits=0|perch=1|birdPhase=2|landings=1
kalapati,arrival,7.639,2.900,0.001,-5.200,True,peck|wait=5.03|panic=0.00|target=1|speed=0.00|near=False|yaw=158.5|peeing=False|peeCooldown=168.2|aerial=False|glide=False|legs=0|activity=Watch|site=-1|visits=0|perch=1|birdPhase=2|landings=1
kalapati,arrival,7.750,2.900,0.001,-5.200,True,peck|wait=4.92|panic=0.00|target=1|speed=0.00|near=False|yaw=158.5|peeing=False|peeCooldown=168.2|aerial=False|glide=False|legs=0|activity=Watch|site=-1|visits=0|perch=1|birdPhase=2|landings=1
kalapati,arrival,7.858,2.900,0.001,-5.200,True,peck|wait=4.81|panic=0.00|target=1|speed=0.00|near=False|yaw=158.5|peeing=False|peeCooldown=168.2|aerial=False|glide=False|legs=0|activity=Watch|site=-1|visits=0|perch=1|birdPhase=2|landings=1
kalapati,arrival,7.971,2.900,0.001,-5.200,True,peck|wait=4.70|panic=0.00|target=1|speed=0.00|near=False|yaw=158.5|peeing=False|peeCooldown=168.2|aerial=False|glide=False|legs=0|activity=Watch|site=-1|visits=0|perch=1|birdPhase=2|landings=1
fantail,before,0.000,0.000,0.001,10.000,True,idle|wait=29.98|panic=0.00|target=1|speed=0.00|near=False|yaw=0.0|peeing=False|peeCooldown=124.2|aerial=False|glide=False|legs=0|activity=Watch|site=-1|visits=0|perch=-1|birdPhase=2|landings=0
fantail,before,0.100,0.000,0.001,10.000,True,idle|wait=29.81|panic=0.00|target=1|speed=0.00|near=False|yaw=0.0|peeing=False|peeCooldown=124.2|aerial=False|glide=False|legs=0|activity=Watch|site=-1|visits=0|perch=-1|birdPhase=2|landings=0
fantail,before,0.201,0.000,0.001,10.000,True,idle|wait=29.71|panic=0.00|target=1|speed=0.00|near=False|yaw=0.0|peeing=False|peeCooldown=124.2|aerial=False|glide=False|legs=0|activity=Watch|site=-1|visits=0|perch=-1|birdPhase=2|landings=0
fantail,before,0.303,0.000,0.001,10.000,True,idle|wait=29.61|panic=0.00|target=1|speed=0.00|near=False|yaw=0.0|peeing=False|peeCooldown=124.2|aerial=False|glide=False|legs=0|activity=Watch|site=-1|visits=0|perch=-1|birdPhase=2|landings=0
fantail,before,0.405,0.000,0.001,10.000,True,idle|wait=29.51|panic=0.00|target=1|speed=0.00|near=False|yaw=0.0|peeing=False|peeCooldown=124.2|aerial=False|glide=False|legs=0|activity=Watch|site=-1|visits=0|perch=-1|birdPhase=2|landings=0
fantail,before,0.508,0.000,0.001,10.000,True,idle|wait=29.41|panic=0.00|target=1|speed=0.00|near=False|yaw=0.0|peeing=False|peeCooldown=124.2|aerial=False|glide=False|legs=0|activity=Watch|site=-1|visits=0|perch=-1|birdPhase=2|landings=0
fantail,before,0.612,0.000,0.001,10.000,True,idle|wait=29.30|panic=0.00|target=1|speed=0.00|near=False|yaw=0.0|peeing=False|peeCooldown=124.2|aerial=False|glide=False|legs=0|activity=Watch|site=-1|visits=0|perch=-1|birdPhase=2|landings=0
fantail,before,0.714,0.000,0.001,10.000,True,idle|wait=29.20|panic=0.00|target=1|speed=0.00|near=False|yaw=0.0|peeing=False|peeCooldown=124.2|aerial=False|glide=False|legs=0|activity=Watch|site=-1|visits=0|perch=-1|birdPhase=2|landings=0
fantail,before,0.817,0.000,0.001,10.000,True,idle|wait=29.13|panic=0.00|target=1|speed=0.00|near=False|yaw=0.0|peeing=False|peeCooldown=124.2|aerial=False|glide=False|legs=0|activity=Watch|site=-1|visits=0|perch=-1|birdPhase=2|landings=0
fantail,before,0.921,0.000,0.001,10.000,True,idle|wait=29.03|panic=0.00|target=1|speed=0.00|near=False|yaw=0.0|peeing=False|peeCooldown=124.2|aerial=False|glide=False|legs=0|activity=Watch|site=-1|visits=0|perch=-1|birdPhase=2|landings=0
fantail,before,1.024,0.000,0.010,10.012,True,fly|wait=28.89|panic=0.00|target=1|speed=0.00|near=True|yaw=0.0|peeing=False|peeCooldown=124.2|aerial=False|glide=False|legs=0|activity=Watch|site=-1|visits=0|perch=-1|birdPhase=3|landings=0
fantail,before,1.126,0.000,0.257,10.341,True,fly|wait=28.89|panic=0.00|target=1|speed=0.00|near=True|yaw=0.0|peeing=False|peeCooldown=124.2|aerial=False|glide=False|legs=0|activity=Watch|site=-1|visits=0|perch=-1|birdPhase=3|landings=0
fantail,before,1.227,0.000,0.414,10.551,True,fly|wait=28.89|panic=0.00|target=1|speed=0.00|near=True|yaw=0.0|peeing=False|peeCooldown=124.2|aerial=False|glide=False|legs=0|activity=Watch|site=-1|visits=0|perch=-1|birdPhase=3|landings=0
fantail,before,1.328,0.000,0.664,10.884,True,fly|wait=28.89|panic=0.00|target=1|speed=0.00|near=True|yaw=0.0|peeing=False|peeCooldown=124.2|aerial=False|glide=False|legs=0|activity=Watch|site=-1|visits=0|perch=-1|birdPhase=3|landings=0
fantail,before,1.436,0.000,0.926,11.234,True,fly|wait=28.89|panic=0.00|target=1|speed=0.00|near=True|yaw=0.0|peeing=False|peeCooldown=124.2|aerial=False|glide=False|legs=0|activity=Watch|site=-1|visits=0|perch=-1|birdPhase=3|landings=0
fantail,before,1.538,0.000,1.177,11.568,True,fly|wait=28.89|panic=0.00|target=1|speed=0.00|near=True|yaw=0.0|peeing=False|peeCooldown=124.2|aerial=False|glide=False|legs=0|activity=Watch|site=-1|visits=0|perch=-1|birdPhase=3|landings=0
fantail,before,1.646,0.000,1.431,11.906,True,fly|wait=28.89|panic=0.00|target=1|speed=0.00|near=True|yaw=0.0|peeing=False|peeCooldown=124.2|aerial=False|glide=False|legs=0|activity=Watch|site=-1|visits=0|perch=-1|birdPhase=3|landings=0
fantail,before,1.748,0.000,1.686,12.247,True,fly|wait=28.89|panic=0.00|target=1|speed=0.00|near=True|yaw=0.0|peeing=False|peeCooldown=124.2|aerial=False|glide=False|legs=0|activity=Watch|site=-1|visits=0|perch=-1|birdPhase=3|landings=0
fantail,before,1.850,0.000,1.937,12.582,True,fly|wait=28.89|panic=0.00|target=1|speed=0.00|near=False|yaw=0.0|peeing=False|peeCooldown=124.2|aerial=False|glide=False|legs=0|activity=Watch|site=-1|visits=0|perch=-1|birdPhase=3|landings=0
fantail,before,1.954,0.000,2.187,12.914,True,fly|wait=28.89|panic=0.00|target=1|speed=0.00|near=False|yaw=0.0|peeing=False|peeCooldown=124.2|aerial=False|glide=False|legs=0|activity=Watch|site=-1|visits=0|perch=-1|birdPhase=3|landings=0
fantail,before,2.061,0.000,2.447,13.261,True,fly|wait=28.89|panic=0.00|target=1|speed=0.00|near=False|yaw=0.0|peeing=False|peeCooldown=124.2|aerial=False|glide=False|legs=0|activity=Watch|site=-1|visits=0|perch=-1|birdPhase=3|landings=0
fantail,before,2.164,0.000,2.696,13.593,True,fly|wait=28.89|panic=0.00|target=1|speed=0.00|near=False|yaw=0.0|peeing=False|peeCooldown=124.2|aerial=False|glide=False|legs=0|activity=Watch|site=-1|visits=0|perch=-1|birdPhase=3|landings=0
fantail,before,2.268,0.000,2.947,13.928,True,fly|wait=28.89|panic=0.00|target=1|speed=0.00|near=False|yaw=0.0|peeing=False|peeCooldown=124.2|aerial=False|glide=False|legs=0|activity=Watch|site=-1|visits=0|perch=-1|birdPhase=3|landings=0
fantail,before,2.370,0.000,3.001,14.000,False,fly|wait=18.74|panic=0.00|target=1|speed=0.00|near=False|yaw=0.0|peeing=False|peeCooldown=124.2|aerial=False|glide=False|legs=0|activity=Watch|site=-1|visits=0|perch=-1|birdPhase=0|landings=0
fantail,before,2.474,0.000,3.001,14.000,False,fly|wait=18.63|panic=0.00|target=1|speed=0.00|near=False|yaw=0.0|peeing=False|peeCooldown=124.2|aerial=False|glide=False|legs=0|activity=Watch|site=-1|visits=0|perch=-1|birdPhase=0|landings=0
fantail,before,2.580,0.000,3.001,14.000,False,fly|wait=18.52|panic=0.00|target=1|speed=0.00|near=False|yaw=0.0|peeing=False|peeCooldown=124.2|aerial=False|glide=False|legs=0|activity=Watch|site=-1|visits=0|perch=-1|birdPhase=0|landings=0
fantail,before,2.686,0.000,3.001,14.000,False,fly|wait=18.42|panic=0.00|target=1|speed=0.00|near=False|yaw=0.0|peeing=False|peeCooldown=124.2|aerial=False|glide=False|legs=0|activity=Watch|site=-1|visits=0|perch=-1|birdPhase=0|landings=0
fantail,before,2.794,0.000,3.001,14.000,False,fly|wait=18.31|panic=0.00|target=1|speed=0.00|near=False|yaw=0.0|peeing=False|peeCooldown=124.2|aerial=False|glide=False|legs=0|activity=Watch|site=-1|visits=0|perch=-1|birdPhase=0|landings=0
fantail,before,2.896,0.000,3.001,14.000,False,fly|wait=18.17|panic=0.00|target=1|speed=0.00|near=False|yaw=0.0|peeing=False|peeCooldown=124.2|aerial=False|glide=False|legs=0|activity=Watch|site=-1|visits=0|perch=-1|birdPhase=0|landings=0
fantail,before,2.997,0.000,3.001,14.000,False,fly|wait=18.11|panic=0.00|target=1|speed=0.00|near=False|yaw=0.0|peeing=False|peeCooldown=124.2|aerial=False|glide=False|legs=0|activity=Watch|site=-1|visits=0|perch=-1|birdPhase=0|landings=0
fantail,before,3.097,0.000,3.001,14.000,False,fly|wait=18.01|panic=0.00|target=1|speed=0.00|near=False|yaw=0.0|peeing=False|peeCooldown=124.2|aerial=False|glide=False|legs=0|activity=Watch|site=-1|visits=0|perch=-1|birdPhase=0|landings=0
fantail,before,3.201,0.000,3.001,14.000,False,fly|wait=17.90|panic=0.00|target=1|speed=0.00|near=False|yaw=0.0|peeing=False|peeCooldown=124.2|aerial=False|glide=False|legs=0|activity=Watch|site=-1|visits=0|perch=-1|birdPhase=0|landings=0
fantail,before,3.306,0.000,3.001,14.000,False,fly|wait=17.80|panic=0.00|target=1|speed=0.00|near=False|yaw=0.0|peeing=False|peeCooldown=124.2|aerial=False|glide=False|legs=0|activity=Watch|site=-1|visits=0|perch=-1|birdPhase=0|landings=0
fantail,before,3.410,0.000,3.001,14.000,False,fly|wait=17.70|panic=0.00|target=1|speed=0.00|near=False|yaw=0.0|peeing=False|peeCooldown=124.2|aerial=False|glide=False|legs=0|activity=Watch|site=-1|visits=0|perch=-1|birdPhase=0|landings=0
fantail,before,3.514,0.000,3.001,14.000,False,fly|wait=17.56|panic=0.00|target=1|speed=0.00|near=False|yaw=0.0|peeing=False|peeCooldown=124.2|aerial=False|glide=False|legs=0|activity=Watch|site=-1|visits=0|perch=-1|birdPhase=0|landings=0
fantail,before,3.614,0.000,3.001,14.000,False,fly|wait=17.50|panic=0.00|target=1|speed=0.00|near=False|yaw=0.0|peeing=False|peeCooldown=124.2|aerial=False|glide=False|legs=0|activity=Watch|site=-1|visits=0|perch=-1|birdPhase=0|landings=0
fantail,before,3.714,0.000,3.001,14.000,False,fly|wait=17.39|panic=0.00|target=1|speed=0.00|near=False|yaw=0.0|peeing=False|peeCooldown=124.2|aerial=False|glide=False|legs=0|activity=Watch|site=-1|visits=0|perch=-1|birdPhase=0|landings=0
fantail,before,3.814,0.000,3.001,14.000,False,fly|wait=17.29|panic=0.00|target=1|speed=0.00|near=False|yaw=0.0|peeing=False|peeCooldown=124.2|aerial=False|glide=False|legs=0|activity=Watch|site=-1|visits=0|perch=-1|birdPhase=0|landings=0
fantail,before,3.918,0.000,3.001,14.000,False,fly|wait=17.19|panic=0.00|target=1|speed=0.00|near=False|yaw=0.0|peeing=False|peeCooldown=124.2|aerial=False|glide=False|legs=0|activity=Watch|site=-1|visits=0|perch=-1|birdPhase=0|landings=0
fantail,before,4.020,0.000,3.001,14.000,False,fly|wait=17.05|panic=0.00|target=1|speed=0.00|near=False|yaw=0.0|peeing=False|peeCooldown=124.2|aerial=False|glide=False|legs=0|activity=Watch|site=-1|visits=0|perch=-1|birdPhase=0|landings=0
fantail,before,4.123,0.000,3.001,14.000,False,fly|wait=16.98|panic=0.00|target=1|speed=0.00|near=False|yaw=0.0|peeing=False|peeCooldown=124.2|aerial=False|glide=False|legs=0|activity=Watch|site=-1|visits=0|perch=-1|birdPhase=0|landings=0
fantail,before,4.226,0.000,3.001,14.000,False,fly|wait=16.84|panic=0.00|target=1|speed=0.00|near=False|yaw=0.0|peeing=False|peeCooldown=124.2|aerial=False|glide=False|legs=0|activity=Watch|site=-1|visits=0|perch=-1|birdPhase=0|landings=0
fantail,before,4.327,0.000,3.001,14.000,False,fly|wait=16.74|panic=0.00|target=1|speed=0.00|near=False|yaw=0.0|peeing=False|peeCooldown=124.2|aerial=False|glide=False|legs=0|activity=Watch|site=-1|visits=0|perch=-1|birdPhase=0|landings=0
fantail,before,4.435,0.000,3.001,14.000,False,fly|wait=16.67|panic=0.00|target=1|speed=0.00|near=False|yaw=0.0|peeing=False|peeCooldown=124.2|aerial=False|glide=False|legs=0|activity=Watch|site=-1|visits=0|perch=-1|birdPhase=0|landings=0
fantail,before,4.537,0.000,3.001,14.000,False,fly|wait=16.57|panic=0.00|target=1|speed=0.00|near=False|yaw=0.0|peeing=False|peeCooldown=124.2|aerial=False|glide=False|legs=0|activity=Watch|site=-1|visits=0|perch=-1|birdPhase=0|landings=0
fantail,before,4.640,0.000,3.001,14.000,False,fly|wait=16.47|panic=0.00|target=1|speed=0.00|near=False|yaw=0.0|peeing=False|peeCooldown=124.2|aerial=False|glide=False|legs=0|activity=Watch|site=-1|visits=0|perch=-1|birdPhase=0|landings=0
fantail,before,4.741,0.000,3.001,14.000,False,fly|wait=16.33|panic=0.00|target=1|speed=0.00|near=False|yaw=0.0|peeing=False|peeCooldown=124.2|aerial=False|glide=False|legs=0|activity=Watch|site=-1|visits=0|perch=-1|birdPhase=0|landings=0
fantail,before,4.841,0.000,3.001,14.000,False,fly|wait=16.26|panic=0.00|target=1|speed=0.00|near=False|yaw=0.0|peeing=False|peeCooldown=124.2|aerial=False|glide=False|legs=0|activity=Watch|site=-1|visits=0|perch=-1|birdPhase=0|landings=0
fantail,before,4.947,0.000,3.001,14.000,False,fly|wait=16.16|panic=0.00|target=1|speed=0.00|near=False|yaw=0.0|peeing=False|peeCooldown=124.2|aerial=False|glide=False|legs=0|activity=Watch|site=-1|visits=0|perch=-1|birdPhase=0|landings=0
fantail,before,5.053,0.000,3.001,14.000,False,fly|wait=16.06|panic=0.00|target=1|speed=0.00|near=False|yaw=0.0|peeing=False|peeCooldown=124.2|aerial=False|glide=False|legs=0|activity=Watch|site=-1|visits=0|perch=-1|birdPhase=0|landings=0
fantail,before,5.158,0.000,3.001,14.000,False,fly|wait=15.91|panic=0.00|target=1|speed=0.00|near=False|yaw=0.0|peeing=False|peeCooldown=124.2|aerial=False|glide=False|legs=0|activity=Watch|site=-1|visits=0|perch=-1|birdPhase=0|landings=0
fantail,before,5.265,0.000,3.001,14.000,False,fly|wait=15.81|panic=0.00|target=1|speed=0.00|near=False|yaw=0.0|peeing=False|peeCooldown=124.2|aerial=False|glide=False|legs=0|activity=Watch|site=-1|visits=0|perch=-1|birdPhase=0|landings=0
fantail,before,5.365,0.000,3.001,14.000,False,fly|wait=15.70|panic=0.00|target=1|speed=0.00|near=False|yaw=0.0|peeing=False|peeCooldown=124.2|aerial=False|glide=False|legs=0|activity=Watch|site=-1|visits=0|perch=-1|birdPhase=0|landings=0
fantail,before,5.466,0.000,3.001,14.000,False,fly|wait=15.60|panic=0.00|target=1|speed=0.00|near=False|yaw=0.0|peeing=False|peeCooldown=124.2|aerial=False|glide=False|legs=0|activity=Watch|site=-1|visits=0|perch=-1|birdPhase=0|landings=0
fantail,before,5.567,0.000,3.001,14.000,False,fly|wait=15.50|panic=0.00|target=1|speed=0.00|near=False|yaw=0.0|peeing=False|peeCooldown=124.2|aerial=False|glide=False|legs=0|activity=Watch|site=-1|visits=0|perch=-1|birdPhase=0|landings=0
fantail,before,5.670,0.000,3.001,14.000,False,fly|wait=15.40|panic=0.00|target=1|speed=0.00|near=False|yaw=0.0|peeing=False|peeCooldown=124.2|aerial=False|glide=False|legs=0|activity=Watch|site=-1|visits=0|perch=-1|birdPhase=0|landings=0
fantail,before,5.772,0.000,3.001,14.000,False,fly|wait=15.30|panic=0.00|target=1|speed=0.00|near=False|yaw=0.0|peeing=False|peeCooldown=124.2|aerial=False|glide=False|legs=0|activity=Watch|site=-1|visits=0|perch=-1|birdPhase=0|landings=0
fantail,before,5.874,0.000,3.001,14.000,False,fly|wait=15.19|panic=0.00|target=1|speed=0.00|near=False|yaw=0.0|peeing=False|peeCooldown=124.2|aerial=False|glide=False|legs=0|activity=Watch|site=-1|visits=0|perch=-1|birdPhase=0|landings=0
fantail,before,5.974,0.000,3.001,14.000,False,fly|wait=15.10|panic=0.00|target=1|speed=0.00|near=False|yaw=0.0|peeing=False|peeCooldown=124.2|aerial=False|glide=False|legs=0|activity=Watch|site=-1|visits=0|perch=-1|birdPhase=0|landings=0
fantail,after,0.000,0.000,0.001,10.000,True,idle|wait=29.98|panic=0.00|target=1|speed=5.55|near=False|yaw=0.0|peeing=False|peeCooldown=125.1|aerial=False|glide=False|legs=0|activity=Watch|site=-1|visits=0|perch=0|birdPhase=2|landings=1
fantail,after,0.101,0.000,0.001,10.000,True,idle|wait=29.81|panic=0.00|target=1|speed=5.55|near=False|yaw=0.0|peeing=False|peeCooldown=125.1|aerial=False|glide=False|legs=0|activity=Watch|site=-1|visits=0|perch=0|birdPhase=2|landings=1
fantail,after,0.202,0.000,0.001,10.000,True,idle|wait=29.71|panic=0.00|target=1|speed=5.55|near=False|yaw=0.0|peeing=False|peeCooldown=125.1|aerial=False|glide=False|legs=0|activity=Watch|site=-1|visits=0|perch=0|birdPhase=2|landings=1
fantail,after,0.304,0.000,0.001,10.000,True,idle|wait=29.61|panic=0.00|target=1|speed=5.55|near=False|yaw=0.0|peeing=False|peeCooldown=125.1|aerial=False|glide=False|legs=0|activity=Watch|site=-1|visits=0|perch=0|birdPhase=2|landings=1
fantail,after,0.407,0.000,0.001,10.000,True,idle|wait=29.50|panic=0.00|target=1|speed=5.55|near=False|yaw=0.0|peeing=False|peeCooldown=125.1|aerial=False|glide=False|legs=0|activity=Watch|site=-1|visits=0|perch=0|birdPhase=2|landings=1
fantail,after,0.508,0.000,0.001,10.000,True,idle|wait=29.44|panic=0.00|target=1|speed=5.55|near=False|yaw=0.0|peeing=False|peeCooldown=125.1|aerial=False|glide=False|legs=0|activity=Watch|site=-1|visits=0|perch=0|birdPhase=2|landings=1
fantail,after,0.611,0.000,0.001,10.000,True,idle|wait=29.33|panic=0.00|target=1|speed=5.55|near=False|yaw=0.0|peeing=False|peeCooldown=125.1|aerial=False|glide=False|legs=0|activity=Watch|site=-1|visits=0|perch=0|birdPhase=2|landings=1
fantail,after,0.714,0.000,0.001,10.000,True,idle|wait=29.20|panic=0.00|target=1|speed=5.55|near=False|yaw=0.0|peeing=False|peeCooldown=125.1|aerial=False|glide=False|legs=0|activity=Watch|site=-1|visits=0|perch=0|birdPhase=2|landings=1
fantail,after,0.816,0.000,0.001,10.000,True,idle|wait=29.09|panic=0.00|target=1|speed=5.55|near=False|yaw=0.0|peeing=False|peeCooldown=125.1|aerial=False|glide=False|legs=0|activity=Watch|site=-1|visits=0|perch=0|birdPhase=2|landings=1
fantail,after,0.916,0.000,0.001,10.000,True,idle|wait=29.03|panic=0.00|target=1|speed=5.55|near=False|yaw=0.0|peeing=False|peeCooldown=125.1|aerial=False|glide=False|legs=0|activity=Watch|site=-1|visits=0|perch=0|birdPhase=2|landings=1
fantail,after,1.024,0.000,0.001,10.000,True,idle|wait=28.92|panic=0.00|target=1|speed=5.55|near=True|yaw=0.0|peeing=False|peeCooldown=125.1|aerial=False|glide=False|legs=0|activity=Watch|site=-1|visits=0|perch=0|birdPhase=2|landings=1
fantail,after,1.124,0.000,0.090,9.738,True,fly|wait=28.88|panic=0.00|target=1|speed=4.44|near=True|yaw=93.5|peeing=False|peeCooldown=125.1|aerial=False|glide=False|legs=0|activity=Watch|site=-1|visits=0|perch=0|birdPhase=3|landings=1
fantail,after,1.229,0.000,0.235,9.293,True,fly|wait=28.88|panic=0.00|target=1|speed=4.56|near=True|yaw=154.7|peeing=False|peeCooldown=125.1|aerial=False|glide=False|legs=0|activity=Watch|site=-1|visits=0|perch=0|birdPhase=3|landings=1
fantail,after,1.333,0.000,0.377,8.842,True,fly|wait=28.88|panic=0.00|target=1|speed=4.67|near=True|yaw=172.7|peeing=False|peeCooldown=125.1|aerial=False|glide=False|legs=0|activity=Watch|site=-1|visits=0|perch=0|birdPhase=3|landings=1
fantail,after,1.438,0.000,0.517,8.377,True,fly|wait=28.88|panic=0.00|target=1|speed=4.78|near=True|yaw=177.9|peeing=False|peeCooldown=125.1|aerial=False|glide=False|legs=0|activity=Watch|site=-1|visits=0|perch=0|birdPhase=3|landings=1
fantail,after,1.540,0.000,0.659,7.886,True,fly|wait=28.88|panic=0.00|target=1|speed=4.89|near=True|yaw=179.4|peeing=False|peeCooldown=125.1|aerial=False|glide=False|legs=0|activity=Watch|site=-1|visits=0|perch=0|birdPhase=3|landings=1
fantail,after,1.646,0.000,0.798,7.390,True,fly|wait=28.88|panic=0.00|target=1|speed=5.00|near=False|yaw=179.8|peeing=False|peeCooldown=125.1|aerial=False|glide=False|legs=0|activity=Watch|site=-1|visits=0|perch=0|birdPhase=3|landings=1
fantail,after,1.747,0.000,0.935,6.880,True,fly|wait=28.88|panic=0.00|target=1|speed=5.10|near=False|yaw=180.0|peeing=False|peeCooldown=125.1|aerial=False|glide=False|legs=0|activity=Watch|site=-1|visits=0|perch=0|birdPhase=3|landings=1
fantail,after,1.853,0.000,1.068,6.370,True,fly|wait=28.88|panic=0.00|target=1|speed=5.20|near=False|yaw=180.0|peeing=False|peeCooldown=125.1|aerial=False|glide=False|legs=0|activity=Watch|site=-1|visits=0|perch=0|birdPhase=3|landings=1
fantail,after,1.956,0.000,1.200,5.844,True,fly|wait=28.88|panic=0.00|target=1|speed=5.29|near=False|yaw=180.0|peeing=False|peeCooldown=125.1|aerial=False|glide=False|legs=0|activity=Watch|site=-1|visits=0|perch=0|birdPhase=3|landings=1
fantail,after,2.057,0.000,1.331,5.306,True,fly|wait=28.88|panic=0.00|target=1|speed=5.38|near=False|yaw=180.0|peeing=False|peeCooldown=125.1|aerial=False|glide=False|legs=0|activity=Watch|site=-1|visits=0|perch=0|birdPhase=3|landings=1
fantail,after,2.166,0.000,1.466,4.731,True,fly|wait=28.88|panic=0.00|target=1|speed=5.46|near=False|yaw=180.0|peeing=False|peeCooldown=125.1|aerial=False|glide=False|legs=0|activity=Watch|site=-1|visits=0|perch=0|birdPhase=3|landings=1
fantail,after,2.279,0.000,1.599,4.146,True,fly|wait=28.88|panic=0.00|target=1|speed=5.55|near=False|yaw=180.0|peeing=False|peeCooldown=125.1|aerial=False|glide=False|legs=0|activity=Watch|site=-1|visits=0|perch=0|birdPhase=3|landings=1
fantail,after,2.387,0.000,1.732,3.542,True,fly|wait=28.88|panic=0.00|target=1|speed=5.63|near=False|yaw=180.0|peeing=False|peeCooldown=125.1|aerial=False|glide=False|legs=0|activity=Watch|site=-1|visits=0|perch=0|birdPhase=3|landings=1
fantail,after,2.493,0.000,1.859,2.947,True,fly|wait=28.88|panic=0.00|target=1|speed=5.70|near=False|yaw=180.0|peeing=False|peeCooldown=125.1|aerial=False|glide=False|legs=0|activity=Watch|site=-1|visits=0|perch=0|birdPhase=3|landings=1
fantail,after,2.601,0.000,1.982,2.356,True,fly|wait=28.88|panic=0.00|target=1|speed=5.77|near=False|yaw=180.0|peeing=False|peeCooldown=125.1|aerial=False|glide=False|legs=0|activity=Watch|site=-1|visits=0|perch=0|birdPhase=3|landings=1
fantail,after,2.707,0.000,2.106,1.740,True,fly|wait=28.88|panic=0.00|target=1|speed=5.84|near=False|yaw=180.0|peeing=False|peeCooldown=125.1|aerial=False|glide=False|legs=0|activity=Watch|site=-1|visits=0|perch=0|birdPhase=3|landings=1
fantail,after,2.814,0.000,2.226,1.126,True,fly|wait=28.88|panic=0.00|target=1|speed=5.90|near=False|yaw=180.0|peeing=False|peeCooldown=125.1|aerial=False|glide=False|legs=0|activity=Watch|site=-1|visits=0|perch=0|birdPhase=3|landings=1
fantail,after,2.916,0.000,2.378,0.326,True,fly|wait=28.88|panic=0.00|target=1|speed=5.96|near=False|yaw=180.0|peeing=False|peeCooldown=125.1|aerial=False|glide=False|legs=0|activity=Watch|site=-1|visits=0|perch=0|birdPhase=3|landings=1
fantail,after,3.017,0.000,2.488,-0.271,True,fly|wait=28.88|panic=0.00|target=1|speed=6.01|near=False|yaw=180.0|peeing=False|peeCooldown=125.1|aerial=False|glide=False|legs=0|activity=Watch|site=-1|visits=0|perch=0|birdPhase=3|landings=1
fantail,after,3.129,0.000,2.565,-0.697,True,fly|wait=28.88|panic=0.00|target=1|speed=6.05|near=False|yaw=180.0|peeing=False|peeCooldown=125.1|aerial=False|glide=False|legs=0|activity=Watch|site=-1|visits=0|perch=0|birdPhase=3|landings=1
fantail,after,3.230,0.000,2.714,-1.548,True,fly|wait=28.88|panic=0.00|target=1|speed=6.10|near=False|yaw=180.0|peeing=False|peeCooldown=125.1|aerial=False|glide=False|legs=0|activity=Watch|site=-1|visits=0|perch=0|birdPhase=3|landings=1
fantail,after,3.331,0.000,2.816,-2.147,True,fly|wait=28.88|panic=0.00|target=1|speed=6.13|near=False|yaw=180.0|peeing=False|peeCooldown=125.1|aerial=False|glide=False|legs=0|activity=Watch|site=-1|visits=0|perch=0|birdPhase=3|landings=1
fantail,after,3.435,0.000,2.888,-2.578,True,fly|wait=28.88|panic=0.00|target=1|speed=6.16|near=False|yaw=180.0|peeing=False|peeCooldown=125.1|aerial=False|glide=False|legs=0|activity=Watch|site=-1|visits=0|perch=0|birdPhase=3|landings=1
fantail,after,3.539,0.000,2.991,-3.209,True,fly|wait=28.88|panic=0.00|target=1|speed=6.19|near=False|yaw=180.0|peeing=False|peeCooldown=125.1|aerial=False|glide=False|legs=0|activity=Watch|site=-1|visits=0|perch=0|birdPhase=3|landings=1
fantail,after,3.642,0.000,3.091,-3.842,True,fly|wait=28.88|panic=0.00|target=1|speed=6.22|near=False|yaw=180.0|peeing=False|peeCooldown=125.1|aerial=False|glide=False|legs=0|activity=Watch|site=-1|visits=0|perch=0|birdPhase=3|landings=1
fantail,after,3.749,0.000,3.190,-4.473,True,fly|wait=28.88|panic=0.00|target=1|speed=6.23|near=False|yaw=180.0|peeing=False|peeCooldown=125.1|aerial=False|glide=False|legs=0|activity=Watch|site=-1|visits=0|perch=0|birdPhase=3|landings=1
fantail,after,3.852,0.000,3.290,-5.134,True,fly|wait=28.88|panic=0.00|target=1|speed=6.25|near=False|yaw=180.0|peeing=False|peeCooldown=125.1|aerial=False|glide=False|legs=0|activity=Watch|site=-1|visits=0|perch=0|birdPhase=3|landings=1
fantail,after,3.955,0.000,3.384,-5.766,True,fly|wait=28.88|panic=0.00|target=1|speed=6.26|near=False|yaw=180.0|peeing=False|peeCooldown=125.1|aerial=False|glide=False|legs=0|activity=Watch|site=-1|visits=0|perch=0|birdPhase=3|landings=1
fantail,after,4.061,0.000,3.480,-6.431,True,fly|wait=28.88|panic=0.00|target=1|speed=6.27|near=False|yaw=180.0|peeing=False|peeCooldown=125.1|aerial=False|glide=False|legs=0|activity=Watch|site=-1|visits=0|perch=0|birdPhase=3|landings=1
fantail,after,4.163,0.000,3.599,-7.277,True,fly|wait=28.88|panic=0.00|target=1|speed=6.27|near=False|yaw=180.0|peeing=False|peeCooldown=125.1|aerial=False|glide=False|legs=0|activity=Watch|site=-1|visits=0|perch=0|birdPhase=3|landings=1
fantail,after,4.265,0.000,3.685,-7.909,True,fly|wait=28.88|panic=0.00|target=1|speed=6.27|near=False|yaw=180.0|peeing=False|peeCooldown=125.1|aerial=False|glide=False|legs=0|activity=Watch|site=-1|visits=0|perch=0|birdPhase=3|landings=1
fantail,after,4.368,0.000,3.741,-8.322,True,fly|wait=28.88|panic=0.00|target=1|speed=6.27|near=False|yaw=180.0|peeing=False|peeCooldown=125.1|aerial=False|glide=False|legs=0|activity=Watch|site=-1|visits=0|perch=0|birdPhase=3|landings=1
fantail,after,4.470,0.000,3.854,-9.182,True,fly|wait=28.88|panic=0.00|target=1|speed=6.26|near=False|yaw=180.0|peeing=False|peeCooldown=125.1|aerial=False|glide=False|legs=0|activity=Watch|site=-1|visits=0|perch=0|birdPhase=3|landings=1
fantail,after,4.572,0.000,3.908,-9.604,True,fly|wait=28.88|panic=0.00|target=1|speed=6.24|near=False|yaw=180.0|peeing=False|peeCooldown=125.1|aerial=False|glide=False|legs=0|activity=Watch|site=-1|visits=0|perch=0|birdPhase=3|landings=1
fantail,after,4.676,0.000,3.989,-10.245,True,fly|wait=28.88|panic=0.00|target=1|speed=6.23|near=False|yaw=180.0|peeing=False|peeCooldown=125.1|aerial=False|glide=False|legs=0|activity=Watch|site=-1|visits=0|perch=0|birdPhase=3|landings=1
fantail,after,4.782,0.000,4.068,-10.891,True,fly|wait=28.88|panic=0.00|target=1|speed=6.20|near=False|yaw=180.0|peeing=False|peeCooldown=125.1|aerial=False|glide=False|legs=0|activity=Watch|site=-1|visits=0|perch=0|birdPhase=3|landings=1
fantail,after,4.890,0.000,4.149,-11.566,True,fly|wait=28.88|panic=0.00|target=1|speed=6.17|near=False|yaw=180.0|peeing=False|peeCooldown=125.1|aerial=False|glide=False|legs=0|activity=Watch|site=-1|visits=0|perch=0|birdPhase=3|landings=1
fantail,after,4.998,0.000,4.227,-12.232,True,fly|wait=28.88|panic=0.00|target=1|speed=6.14|near=False|yaw=180.0|peeing=False|peeCooldown=125.1|aerial=False|glide=False|legs=0|activity=Watch|site=-1|visits=0|perch=0|birdPhase=3|landings=1
fantail,after,5.106,0.000,4.301,-12.889,True,fly|wait=28.88|panic=0.00|target=1|speed=6.10|near=False|yaw=180.0|peeing=False|peeCooldown=125.1|aerial=False|glide=False|legs=0|activity=Watch|site=-1|visits=0|perch=0|birdPhase=3|landings=1
fantail,after,5.206,0.000,4.368,-13.488,True,fly|wait=28.88|panic=0.00|target=1|speed=6.06|near=False|yaw=180.0|peeing=False|peeCooldown=125.1|aerial=False|glide=False|legs=0|activity=Watch|site=-1|visits=0|perch=0|birdPhase=3|landings=1
fantail,after,5.310,0.000,4.436,-14.112,True,fly|wait=28.88|panic=0.00|target=1|speed=6.02|near=False|yaw=180.0|peeing=False|peeCooldown=125.1|aerial=False|glide=False|legs=0|activity=Watch|site=-1|visits=0|perch=0|birdPhase=3|landings=1
fantail,after,5.411,0.000,4.500,-14.718,True,fly|wait=28.88|panic=0.00|target=1|speed=5.97|near=False|yaw=180.0|peeing=False|peeCooldown=125.1|aerial=False|glide=False|legs=0|activity=Watch|site=-1|visits=0|perch=0|birdPhase=3|landings=1
fantail,after,5.535,0.000,4.563,-15.336,True,fly|wait=28.88|panic=0.00|target=1|speed=5.92|near=False|yaw=180.0|peeing=False|peeCooldown=125.1|aerial=False|glide=False|legs=0|activity=Watch|site=-1|visits=0|perch=0|birdPhase=3|landings=1
fantail,after,5.640,0.000,4.633,-16.026,True,fly|wait=28.88|panic=0.00|target=1|speed=5.85|near=False|yaw=180.0|peeing=False|peeCooldown=125.1|aerial=False|glide=False|legs=0|activity=Watch|site=-1|visits=0|perch=0|birdPhase=3|landings=1
fantail,after,5.744,0.000,4.712,-16.843,True,fly|wait=28.88|panic=0.00|target=1|speed=5.76|near=False|yaw=180.0|peeing=False|peeCooldown=125.1|aerial=False|glide=False|legs=0|activity=Watch|site=-1|visits=0|perch=0|birdPhase=3|landings=1
fantail,after,5.844,0.000,4.766,-17.427,True,fly|wait=28.88|panic=0.00|target=1|speed=5.71|near=False|yaw=180.0|peeing=False|peeCooldown=125.1|aerial=False|glide=False|legs=0|activity=Watch|site=-1|visits=0|perch=0|birdPhase=3|landings=1
fantail,after,5.950,0.000,4.804,-17.833,True,fly|wait=28.88|panic=0.00|target=1|speed=5.64|near=False|yaw=180.0|peeing=False|peeCooldown=125.1|aerial=False|glide=False|legs=0|activity=Watch|site=-1|visits=0|perch=0|birdPhase=3|landings=1
fantail,after,6.055,0.000,4.856,-18.423,True,fly|wait=28.88|panic=0.00|target=1|speed=5.57|near=False|yaw=180.0|peeing=False|peeCooldown=125.1|aerial=False|glide=False|legs=0|activity=Watch|site=-1|visits=0|perch=0|birdPhase=3|landings=1
fantail,after,6.162,0.000,4.906,-19.002,True,fly|wait=28.88|panic=0.00|target=1|speed=5.49|near=False|yaw=180.0|peeing=False|peeCooldown=125.1|aerial=False|glide=False|legs=0|activity=Watch|site=-1|visits=0|perch=0|birdPhase=3|landings=1
fantail,after,6.267,0.000,4.953,-19.561,True,fly|wait=28.88|panic=0.00|target=1|speed=5.40|near=False|yaw=180.0|peeing=False|peeCooldown=125.1|aerial=False|glide=False|legs=0|activity=Watch|site=-1|visits=0|perch=0|birdPhase=3|landings=1
fantail,after,6.374,0.000,4.998,-20.120,True,fly|wait=28.88|panic=0.00|target=1|speed=5.31|near=False|yaw=180.0|peeing=False|peeCooldown=125.1|aerial=False|glide=False|legs=0|activity=Watch|site=-1|visits=0|perch=0|birdPhase=3|landings=1
fantail,after,6.492,0.000,5.045,-20.727,True,fly|wait=28.88|panic=0.00|target=1|speed=5.21|near=False|yaw=180.0|peeing=False|peeCooldown=125.1|aerial=False|glide=False|legs=0|activity=Watch|site=-1|visits=0|perch=0|birdPhase=3|landings=1
fantail,after,6.597,0.000,5.086,-21.271,True,fly|wait=28.88|panic=0.00|target=1|speed=5.11|near=False|yaw=180.0|peeing=False|peeCooldown=125.1|aerial=False|glide=False|legs=0|activity=Watch|site=-1|visits=0|perch=0|birdPhase=3|landings=1
fantail,after,6.700,0.000,5.137,-21.990,True,fly|wait=28.88|panic=0.00|target=1|speed=4.98|near=False|yaw=180.0|peeing=False|peeCooldown=125.1|aerial=False|glide=False|legs=0|activity=Watch|site=-1|visits=0|perch=0|birdPhase=3|landings=1
fantail,after,6.801,0.000,5.171,-22.497,True,fly|wait=28.88|panic=0.00|target=1|speed=4.85|near=False|yaw=180.0|peeing=False|peeCooldown=125.1|aerial=False|glide=False|legs=0|activity=Watch|site=-1|visits=0|perch=0|birdPhase=3|landings=1
fantail,after,6.903,0.000,5.202,-22.982,True,fly|wait=28.88|panic=0.00|target=1|speed=4.74|near=False|yaw=180.0|peeing=False|peeCooldown=125.1|aerial=False|glide=False|legs=0|activity=Watch|site=-1|visits=0|perch=0|birdPhase=3|landings=1
fantail,after,7.003,0.000,5.231,-23.452,True,fly|wait=28.88|panic=0.00|target=1|speed=4.63|near=False|yaw=180.0|peeing=False|peeCooldown=125.1|aerial=False|glide=False|legs=0|activity=Watch|site=-1|visits=0|perch=0|birdPhase=3|landings=1
fantail,after,7.105,0.000,5.258,-23.914,True,fly|wait=28.88|panic=0.00|target=1|speed=4.51|near=False|yaw=180.0|peeing=False|peeCooldown=125.1|aerial=False|glide=False|legs=0|activity=Watch|site=-1|visits=0|perch=0|birdPhase=3|landings=1
fantail,after,7.207,0.000,5.282,-24.361,True,fly|wait=28.88|panic=0.00|target=1|speed=4.41|near=False|yaw=180.0|peeing=False|peeCooldown=125.1|aerial=False|glide=False|legs=0|activity=Watch|site=-1|visits=0|perch=0|birdPhase=3|landings=1
fantail,after,7.311,0.000,5.297,-24.651,True,fly|wait=28.88|panic=0.00|target=1|speed=4.30|near=False|yaw=180.0|peeing=False|peeCooldown=125.1|aerial=False|glide=False|legs=0|activity=Watch|site=-1|visits=0|perch=0|birdPhase=3|landings=1
fantail,after,7.412,0.000,5.318,-25.088,True,fly|wait=28.88|panic=0.00|target=1|speed=4.17|near=False|yaw=180.0|peeing=False|peeCooldown=125.1|aerial=False|glide=False|legs=0|activity=Watch|site=-1|visits=0|perch=0|birdPhase=3|landings=1
fantail,after,7.523,0.000,5.337,-25.520,True,fly|wait=28.88|panic=0.00|target=1|speed=4.03|near=False|yaw=180.0|peeing=False|peeCooldown=125.1|aerial=False|glide=False|legs=0|activity=Watch|site=-1|visits=0|perch=0|birdPhase=3|landings=1
fantail,after,7.623,0.000,5.359,-26.072,True,fly|wait=28.88|panic=0.00|target=1|speed=3.86|near=False|yaw=180.0|peeing=False|peeCooldown=125.1|aerial=False|glide=False|legs=0|activity=Watch|site=-1|visits=0|perch=0|birdPhase=3|landings=1
fantail,after,7.727,0.000,5.367,-26.324,True,fly|wait=28.88|panic=0.00|target=1|speed=3.74|near=False|yaw=180.0|peeing=False|peeCooldown=125.1|aerial=False|glide=False|legs=0|activity=Watch|site=-1|visits=0|perch=0|birdPhase=3|landings=1
fantail,after,7.829,0.000,5.379,-26.705,True,fly|wait=28.88|panic=0.00|target=1|speed=3.59|near=False|yaw=180.0|peeing=False|peeCooldown=125.1|aerial=False|glide=False|legs=0|activity=Watch|site=-1|visits=0|perch=0|birdPhase=3|landings=1
fantail,after,7.931,0.000,5.388,-27.065,True,fly|wait=28.88|panic=0.00|target=1|speed=3.44|near=False|yaw=180.0|peeing=False|peeCooldown=125.1|aerial=False|glide=False|legs=0|activity=Watch|site=-1|visits=0|perch=0|birdPhase=3|landings=1
fantail,arrival,0.000,-1.407,5.107,37.096,True,fly|wait=28.88|panic=0.00|target=1|speed=9.18|near=False|yaw=180.1|peeing=False|peeCooldown=125.1|aerial=False|glide=False|legs=0|activity=Watch|site=-1|visits=0|perch=1|birdPhase=1|landings=1
fantail,arrival,0.137,-1.408,5.017,36.227,True,fly|wait=28.88|panic=0.00|target=1|speed=9.09|near=False|yaw=180.1|peeing=False|peeCooldown=125.1|aerial=False|glide=False|legs=0|activity=Watch|site=-1|visits=0|perch=1|birdPhase=1|landings=1
fantail,arrival,0.242,-1.410,4.911,35.262,True,fly|wait=28.88|panic=0.00|target=1|speed=8.98|near=False|yaw=180.1|peeing=False|peeCooldown=125.1|aerial=False|glide=False|legs=0|activity=Watch|site=-1|visits=0|perch=1|birdPhase=1|landings=1
fantail,arrival,0.343,-1.412,4.768,34.013,True,fly|wait=28.88|panic=0.00|target=1|speed=8.83|near=False|yaw=180.1|peeing=False|peeCooldown=125.1|aerial=False|glide=False|legs=0|activity=Watch|site=-1|visits=0|perch=1|birdPhase=1|landings=1
fantail,arrival,0.444,-1.413,4.663,33.147,True,fly|wait=28.88|panic=0.00|target=1|speed=8.73|near=False|yaw=180.1|peeing=False|peeCooldown=125.1|aerial=False|glide=False|legs=0|activity=Watch|site=-1|visits=0|perch=1|birdPhase=1|landings=1
fantail,arrival,0.544,-1.413,4.592,32.574,True,fly|wait=28.88|panic=0.00|target=1|speed=8.64|near=False|yaw=180.1|peeing=False|peeCooldown=125.1|aerial=False|glide=False|legs=0|activity=Watch|site=-1|visits=0|perch=1|birdPhase=1|landings=1
fantail,arrival,0.648,-1.414,4.478,31.688,True,fly|wait=28.88|panic=0.00|target=1|speed=8.51|near=False|yaw=180.1|peeing=False|peeCooldown=125.1|aerial=False|glide=False|legs=0|activity=Watch|site=-1|visits=0|perch=1|birdPhase=1|landings=1
fantail,arrival,0.754,-1.415,4.363,30.818,True,fly|wait=28.88|panic=0.00|target=1|speed=8.38|near=False|yaw=180.1|peeing=False|peeCooldown=125.1|aerial=False|glide=False|legs=0|activity=Watch|site=-1|visits=0|perch=1|birdPhase=1|landings=1
fantail,arrival,0.869,-1.415,4.248,29.983,True,fly|wait=28.88|panic=0.00|target=1|speed=8.26|near=False|yaw=180.0|peeing=False|peeCooldown=125.1|aerial=False|glide=False|legs=0|activity=Watch|site=-1|visits=0|perch=1|birdPhase=1|landings=1
fantail,arrival,0.974,-1.416,4.120,29.077,True,fly|wait=28.88|panic=0.00|target=1|speed=8.11|near=False|yaw=180.0|peeing=False|peeCooldown=125.1|aerial=False|glide=False|legs=0|activity=Watch|site=-1|visits=0|perch=1|birdPhase=1|landings=1
fantail,arrival,1.081,-1.416,3.996,28.226,True,fly|wait=28.88|panic=0.00|target=1|speed=7.96|near=False|yaw=180.0|peeing=False|peeCooldown=125.1|aerial=False|glide=False|legs=0|activity=Watch|site=-1|visits=0|perch=1|birdPhase=1|landings=1
fantail,arrival,1.186,-1.417,3.873,27.411,True,fly|wait=28.88|panic=0.00|target=1|speed=7.82|near=False|yaw=180.0|peeing=False|peeCooldown=125.1|aerial=False|glide=False|legs=0|activity=Watch|site=-1|visits=0|perch=1|birdPhase=1|landings=1
fantail,arrival,1.289,-1.417,3.702,26.304,True,fly|wait=28.88|panic=0.00|target=1|speed=7.61|near=False|yaw=180.0|peeing=False|peeCooldown=125.1|aerial=False|glide=False|legs=0|activity=Watch|site=-1|visits=0|perch=1|birdPhase=1|landings=1
fantail,arrival,1.390,-1.417,3.622,25.799,True,fly|wait=28.88|panic=0.00|target=1|speed=7.51|near=False|yaw=180.0|peeing=False|peeCooldown=125.1|aerial=False|glide=False|legs=0|activity=Watch|site=-1|visits=0|perch=1|birdPhase=1|landings=1
fantail,arrival,1.498,-1.417,3.495,25.013,True,fly|wait=28.88|panic=0.00|target=1|speed=7.34|near=False|yaw=180.0|peeing=False|peeCooldown=125.1|aerial=False|glide=False|legs=0|activity=Watch|site=-1|visits=0|perch=1|birdPhase=1|landings=1
fantail,arrival,1.602,-1.417,3.371,24.265,True,fly|wait=28.88|panic=0.00|target=1|speed=7.18|near=False|yaw=180.0|peeing=False|peeCooldown=125.1|aerial=False|glide=False|legs=0|activity=Watch|site=-1|visits=0|perch=1|birdPhase=1|landings=1
fantail,arrival,1.708,-1.417,3.246,23.524,True,fly|wait=28.88|panic=0.00|target=1|speed=7.02|near=False|yaw=180.0|peeing=False|peeCooldown=125.1|aerial=False|glide=False|legs=0|activity=Watch|site=-1|visits=0|perch=1|birdPhase=1|landings=1
fantail,arrival,1.810,-1.416,3.126,22.829,True,fly|wait=28.88|panic=0.00|target=1|speed=6.86|near=False|yaw=180.0|peeing=False|peeCooldown=125.1|aerial=False|glide=False|legs=0|activity=Watch|site=-1|visits=0|perch=1|birdPhase=1|landings=1
fantail,arrival,1.914,-1.416,3.005,22.144,True,fly|wait=28.88|panic=0.00|target=1|speed=6.69|near=False|yaw=180.0|peeing=False|peeCooldown=125.1|aerial=False|glide=False|legs=0|activity=Watch|site=-1|visits=0|perch=1|birdPhase=1|landings=1
fantail,arrival,2.015,-1.416,2.885,21.476,True,fly|wait=28.88|panic=0.00|target=1|speed=6.52|near=False|yaw=180.0|peeing=False|peeCooldown=125.1|aerial=False|glide=False|legs=0|activity=Watch|site=-1|visits=0|perch=1|birdPhase=1|landings=1
fantail,arrival,2.117,-1.416,2.768,20.834,True,fly|wait=28.88|panic=0.00|target=1|speed=6.36|near=False|yaw=180.0|peeing=False|peeCooldown=125.1|aerial=False|glide=False|legs=0|activity=Watch|site=-1|visits=0|perch=1|birdPhase=1|landings=1
fantail,arrival,2.220,-1.415,2.651,20.202,True,fly|wait=28.88|panic=0.00|target=1|speed=6.18|near=False|yaw=180.0|peeing=False|peeCooldown=125.1|aerial=False|glide=False|legs=0|activity=Watch|site=-1|visits=0|perch=1|birdPhase=1|landings=1
fantail,arrival,2.323,-1.415,2.532,19.576,True,fly|wait=28.88|panic=0.00|target=1|speed=6.01|near=False|yaw=180.0|peeing=False|peeCooldown=125.1|aerial=False|glide=False|legs=0|activity=Watch|site=-1|visits=0|perch=1|birdPhase=1|landings=1
fantail,arrival,2.433,-1.414,2.414,18.964,True,fly|wait=28.88|panic=0.00|target=1|speed=5.83|near=False|yaw=180.0|peeing=False|peeCooldown=125.1|aerial=False|glide=False|legs=0|activity=Watch|site=-1|visits=0|perch=1|birdPhase=1|landings=1
fantail,arrival,2.534,-1.414,2.300,18.379,True,fly|wait=28.88|panic=0.00|target=1|speed=5.65|near=False|yaw=180.0|peeing=False|peeCooldown=125.1|aerial=False|glide=False|legs=0|activity=Watch|site=-1|visits=0|perch=1|birdPhase=1|landings=1
fantail,arrival,2.634,-1.413,2.192,17.833,True,fly|wait=28.88|panic=0.00|target=1|speed=5.47|near=False|yaw=179.9|peeing=False|peeCooldown=125.1|aerial=False|glide=False|legs=0|activity=Watch|site=-1|visits=0|perch=1|birdPhase=1|landings=1
fantail,arrival,2.739,-1.413,2.082,17.289,True,fly|wait=28.88|panic=0.00|target=1|speed=5.30|near=False|yaw=179.9|peeing=False|peeCooldown=125.1|aerial=False|glide=False|legs=0|activity=Watch|site=-1|visits=0|perch=1|birdPhase=1|landings=1
fantail,arrival,2.844,-1.412,1.972,16.753,True,fly|wait=28.88|panic=0.00|target=1|speed=5.11|near=False|yaw=179.9|peeing=False|peeCooldown=125.1|aerial=False|glide=False|legs=0|activity=Watch|site=-1|visits=0|perch=1|birdPhase=1|landings=1
fantail,arrival,2.947,-1.411,1.867,16.246,True,fly|wait=28.88|panic=0.00|target=1|speed=4.93|near=False|yaw=179.9|peeing=False|peeCooldown=125.1|aerial=False|glide=False|legs=0|activity=Watch|site=-1|visits=0|perch=1|birdPhase=1|landings=1
fantail,arrival,3.047,-1.411,1.764,15.761,True,fly|wait=28.88|panic=0.00|target=1|speed=4.75|near=False|yaw=179.9|peeing=False|peeCooldown=125.1|aerial=False|glide=False|legs=0|activity=Watch|site=-1|visits=0|perch=1|birdPhase=1|landings=1
fantail,arrival,3.151,-1.410,1.663,15.288,True,fly|wait=28.88|panic=0.00|target=1|speed=4.57|near=False|yaw=179.9|peeing=False|peeCooldown=125.1|aerial=False|glide=False|legs=0|activity=Watch|site=-1|visits=0|perch=1|birdPhase=1|landings=1
fantail,arrival,3.258,-1.410,1.565,14.839,True,fly|wait=28.88|panic=0.00|target=1|speed=4.39|near=False|yaw=179.9|peeing=False|peeCooldown=125.1|aerial=False|glide=False|legs=0|activity=Watch|site=-1|visits=0|perch=1|birdPhase=1|landings=1
fantail,arrival,3.365,-1.409,1.468,14.395,True,fly|wait=28.88|panic=0.00|target=1|speed=4.21|near=False|yaw=179.9|peeing=False|peeCooldown=125.1|aerial=False|glide=False|legs=0|activity=Watch|site=-1|visits=0|perch=1|birdPhase=1|landings=1
fantail,arrival,3.470,-1.408,1.342,13.832,True,fly|wait=28.88|panic=0.00|target=1|speed=4.00|near=False|yaw=179.9|peeing=False|peeCooldown=125.1|aerial=False|glide=False|legs=0|activity=Watch|site=-1|visits=0|perch=1|birdPhase=1|landings=1
fantail,arrival,3.572,-1.408,1.250,13.432,True,fly|wait=28.88|panic=0.00|target=1|speed=3.78|near=False|yaw=179.9|peeing=False|peeCooldown=125.1|aerial=False|glide=False|legs=0|activity=Watch|site=-1|visits=0|perch=1|birdPhase=1|landings=1
fantail,arrival,3.674,-1.407,1.195,13.192,True,fly|wait=28.88|panic=0.00|target=1|speed=3.67|near=False|yaw=179.9|peeing=False|peeCooldown=125.1|aerial=False|glide=False|legs=0|activity=Watch|site=-1|visits=0|perch=1|birdPhase=1|landings=1
fantail,arrival,3.777,-1.407,1.112,12.837,True,fly|wait=28.88|panic=0.00|target=1|speed=3.49|near=False|yaw=179.9|peeing=False|peeCooldown=125.1|aerial=False|glide=False|legs=0|activity=Watch|site=-1|visits=0|perch=1|birdPhase=1|landings=1
fantail,arrival,3.881,-1.406,1.031,12.493,True,fly|wait=28.88|panic=0.00|target=1|speed=3.32|near=False|yaw=179.9|peeing=False|peeCooldown=125.1|aerial=False|glide=False|legs=0|activity=Watch|site=-1|visits=0|perch=1|birdPhase=1|landings=1
fantail,arrival,3.985,-1.406,0.953,12.167,True,fly|wait=28.88|panic=0.00|target=1|speed=3.15|near=False|yaw=179.9|peeing=False|peeCooldown=125.1|aerial=False|glide=False|legs=0|activity=Watch|site=-1|visits=0|perch=1|birdPhase=1|landings=1
fantail,arrival,4.089,-1.405,0.877,11.856,True,fly|wait=28.88|panic=0.00|target=1|speed=2.97|near=False|yaw=179.9|peeing=False|peeCooldown=125.1|aerial=False|glide=False|legs=0|activity=Watch|site=-1|visits=0|perch=1|birdPhase=1|landings=1
fantail,arrival,4.192,-1.405,0.805,11.566,True,fly|wait=28.88|panic=0.00|target=1|speed=2.80|near=False|yaw=179.9|peeing=False|peeCooldown=125.1|aerial=False|glide=False|legs=0|activity=Watch|site=-1|visits=0|perch=1|birdPhase=1|landings=1
fantail,arrival,4.295,-1.404,0.737,11.295,True,fly|wait=28.88|panic=0.00|target=1|speed=2.64|near=False|yaw=179.9|peeing=False|peeCooldown=125.1|aerial=False|glide=False|legs=0|activity=Watch|site=-1|visits=0|perch=1|birdPhase=1|landings=1
fantail,arrival,4.401,-1.404,0.670,11.031,True,fly|wait=28.88|panic=0.00|target=1|speed=2.47|near=False|yaw=179.9|peeing=False|peeCooldown=125.1|aerial=False|glide=False|legs=0|activity=Watch|site=-1|visits=0|perch=1|birdPhase=1|landings=1
fantail,arrival,4.504,-1.403,0.608,10.790,True,fly|wait=28.88|panic=0.00|target=1|speed=2.31|near=False|yaw=179.9|peeing=False|peeCooldown=125.1|aerial=False|glide=False|legs=0|activity=Watch|site=-1|visits=0|perch=1|birdPhase=1|landings=1
fantail,arrival,4.609,-1.403,0.548,10.565,True,fly|wait=28.88|panic=0.00|target=1|speed=2.15|near=False|yaw=179.9|peeing=False|peeCooldown=125.1|aerial=False|glide=False|legs=0|activity=Watch|site=-1|visits=0|perch=1|birdPhase=1|landings=1
fantail,arrival,4.711,-1.402,0.493,10.360,True,fly|wait=28.88|panic=0.00|target=1|speed=2.00|near=False|yaw=179.9|peeing=False|peeCooldown=125.1|aerial=False|glide=False|legs=0|activity=Watch|site=-1|visits=0|perch=1|birdPhase=1|landings=1
fantail,arrival,4.816,-1.402,0.441,10.167,True,fly|wait=28.88|panic=0.00|target=1|speed=1.85|near=False|yaw=179.9|peeing=False|peeCooldown=125.1|aerial=False|glide=False|legs=0|activity=Watch|site=-1|visits=0|perch=1|birdPhase=1|landings=1
fantail,arrival,4.921,-1.402,0.391,9.990,True,fly|wait=28.88|panic=0.00|target=1|speed=1.70|near=False|yaw=179.9|peeing=False|peeCooldown=125.1|aerial=False|glide=False|legs=0|activity=Watch|site=-1|visits=0|perch=1|birdPhase=1|landings=1
fantail,arrival,5.023,-1.402,0.345,9.828,True,fly|wait=28.88|panic=0.00|target=1|speed=1.56|near=False|yaw=179.9|peeing=False|peeCooldown=125.1|aerial=False|glide=False|legs=0|activity=Watch|site=-1|visits=0|perch=1|birdPhase=1|landings=1
fantail,arrival,5.129,-1.401,0.301,9.676,True,fly|wait=28.88|panic=0.00|target=1|speed=1.42|near=False|yaw=179.9|peeing=False|peeCooldown=125.1|aerial=False|glide=False|legs=0|activity=Watch|site=-1|visits=0|perch=1|birdPhase=1|landings=1
fantail,arrival,5.237,-1.401,0.261,9.543,True,fly|wait=28.88|panic=0.00|target=1|speed=1.29|near=False|yaw=179.9|peeing=False|peeCooldown=125.1|aerial=False|glide=False|legs=0|activity=Watch|site=-1|visits=0|perch=1|birdPhase=1|landings=1
fantail,arrival,5.339,-1.401,0.212,9.381,True,fly|wait=28.88|panic=0.00|target=1|speed=1.13|near=False|yaw=179.9|peeing=False|peeCooldown=125.1|aerial=False|glide=False|legs=0|activity=Watch|site=-1|visits=0|perch=1|birdPhase=1|landings=1
fantail,arrival,5.443,-1.401,0.179,9.278,True,fly|wait=28.88|panic=0.00|target=1|speed=1.01|near=False|yaw=179.9|peeing=False|peeCooldown=125.1|aerial=False|glide=False|legs=0|activity=Watch|site=-1|visits=0|perch=1|birdPhase=1|landings=1
fantail,arrival,5.545,-1.400,0.160,9.219,True,fly|wait=28.88|panic=0.00|target=1|speed=0.92|near=False|yaw=179.9|peeing=False|peeCooldown=125.1|aerial=False|glide=False|legs=0|activity=Watch|site=-1|visits=0|perch=1|birdPhase=1|landings=1
fantail,arrival,5.648,-1.400,0.131,9.133,True,fly|wait=28.88|panic=0.00|target=1|speed=0.81|near=False|yaw=179.9|peeing=False|peeCooldown=125.1|aerial=False|glide=False|legs=0|activity=Watch|site=-1|visits=0|perch=1|birdPhase=1|landings=1
fantail,arrival,5.748,-1.400,0.105,9.059,True,fly|wait=28.88|panic=0.00|target=1|speed=0.70|near=False|yaw=179.9|peeing=False|peeCooldown=125.1|aerial=False|glide=False|legs=0|activity=Watch|site=-1|visits=0|perch=1|birdPhase=1|landings=1
fantail,arrival,5.855,-1.400,0.082,8.995,True,fly|wait=28.88|panic=0.00|target=1|speed=0.60|near=False|yaw=179.9|peeing=False|peeCooldown=125.1|aerial=False|glide=False|legs=0|activity=Watch|site=-1|visits=0|perch=1|birdPhase=1|landings=1
fantail,arrival,5.957,-1.400,0.062,8.942,True,fly|wait=28.88|panic=0.00|target=1|speed=0.51|near=False|yaw=179.9|peeing=False|peeCooldown=125.1|aerial=False|glide=False|legs=0|activity=Watch|site=-1|visits=0|perch=1|birdPhase=1|landings=1
fantail,arrival,6.060,-1.400,0.044,8.897,True,idle|wait=28.88|panic=0.00|target=1|speed=0.43|near=False|yaw=179.9|peeing=False|peeCooldown=125.1|aerial=False|glide=False|legs=0|activity=Watch|site=-1|visits=0|perch=1|birdPhase=1|landings=1
fantail,arrival,6.164,-1.400,0.029,8.860,True,idle|wait=28.88|panic=0.00|target=1|speed=0.34|near=False|yaw=180.0|peeing=False|peeCooldown=125.1|aerial=False|glide=False|legs=0|activity=Watch|site=-1|visits=0|perch=1|birdPhase=1|landings=1
fantail,arrival,6.268,-1.400,0.016,8.831,True,idle|wait=28.88|panic=0.00|target=1|speed=0.27|near=False|yaw=180.0|peeing=False|peeCooldown=125.1|aerial=False|glide=False|legs=0|activity=Watch|site=-1|visits=0|perch=1|birdPhase=1|landings=1
fantail,arrival,6.375,-1.400,0.006,8.809,True,idle|wait=28.88|panic=0.00|target=1|speed=0.18|near=False|yaw=180.0|peeing=False|peeCooldown=125.1|aerial=False|glide=False|legs=0|activity=Watch|site=-1|visits=0|perch=1|birdPhase=1|landings=1
fantail,arrival,6.478,-1.400,0.001,8.800,True,idle|wait=5.98|panic=0.00|target=1|speed=0.00|near=False|yaw=180.0|peeing=False|peeCooldown=125.1|aerial=False|glide=False|legs=0|activity=Watch|site=-1|visits=0|perch=1|birdPhase=2|landings=2
fantail,arrival,6.582,-1.400,0.001,8.800,True,idle|wait=5.88|panic=0.00|target=1|speed=0.00|near=False|yaw=180.0|peeing=False|peeCooldown=125.1|aerial=False|glide=False|legs=0|activity=Watch|site=-1|visits=0|perch=1|birdPhase=2|landings=2
fantail,arrival,6.688,-1.400,0.001,8.800,True,idle|wait=5.77|panic=0.00|target=1|speed=0.00|near=False|yaw=180.0|peeing=False|peeCooldown=125.1|aerial=False|glide=False|legs=0|activity=Watch|site=-1|visits=0|perch=1|birdPhase=2|landings=2
fantail,arrival,6.796,-1.400,0.001,8.800,True,idle|wait=5.67|panic=0.00|target=1|speed=0.00|near=False|yaw=180.0|peeing=False|peeCooldown=125.1|aerial=False|glide=False|legs=0|activity=Watch|site=-1|visits=0|perch=1|birdPhase=2|landings=2
fantail,arrival,6.898,-1.400,0.001,8.800,True,idle|wait=5.56|panic=0.00|target=1|speed=0.00|near=False|yaw=180.0|peeing=False|peeCooldown=125.1|aerial=False|glide=False|legs=0|activity=Watch|site=-1|visits=0|perch=1|birdPhase=2|landings=2
fantail,arrival,7.002,-1.400,0.001,8.800,True,idle|wait=5.46|panic=0.00|target=1|speed=0.00|near=False|yaw=180.0|peeing=False|peeCooldown=125.1|aerial=False|glide=False|legs=0|activity=Watch|site=-1|visits=0|perch=1|birdPhase=2|landings=2
fantail,arrival,7.107,-1.400,0.001,8.800,True,idle|wait=5.35|panic=0.00|target=1|speed=0.00|near=False|yaw=180.0|peeing=False|peeCooldown=125.1|aerial=False|glide=False|legs=0|activity=Watch|site=-1|visits=0|perch=1|birdPhase=2|landings=2
fantail,arrival,7.212,-1.400,0.001,8.800,True,idle|wait=5.25|panic=0.00|target=1|speed=0.00|near=False|yaw=180.0|peeing=False|peeCooldown=125.1|aerial=False|glide=False|legs=0|activity=Watch|site=-1|visits=0|perch=1|birdPhase=2|landings=2
fantail,arrival,7.313,-1.400,0.001,8.800,True,idle|wait=5.15|panic=0.00|target=1|speed=0.00|near=False|yaw=180.0|peeing=False|peeCooldown=125.1|aerial=False|glide=False|legs=0|activity=Watch|site=-1|visits=0|perch=1|birdPhase=2|landings=2
fantail,arrival,7.419,-1.400,0.001,8.800,True,idle|wait=5.04|panic=0.00|target=1|speed=0.00|near=False|yaw=180.0|peeing=False|peeCooldown=125.1|aerial=False|glide=False|legs=0|activity=Watch|site=-1|visits=0|perch=1|birdPhase=2|landings=2
fantail,arrival,7.524,-1.400,0.001,8.800,True,idle|wait=4.94|panic=0.00|target=1|speed=0.00|near=False|yaw=180.0|peeing=False|peeCooldown=125.1|aerial=False|glide=False|legs=0|activity=Watch|site=-1|visits=0|perch=1|birdPhase=2|landings=2
fantail,arrival,7.632,-1.400,0.001,8.800,True,idle|wait=4.83|panic=0.00|target=1|speed=0.00|near=False|yaw=180.0|peeing=False|peeCooldown=125.1|aerial=False|glide=False|legs=0|activity=Watch|site=-1|visits=0|perch=1|birdPhase=2|landings=2
fantail,arrival,7.738,-1.400,0.001,8.800,True,idle|wait=4.72|panic=0.00|target=1|speed=0.00|near=False|yaw=180.0|peeing=False|peeCooldown=125.1|aerial=False|glide=False|legs=0|activity=Watch|site=-1|visits=0|perch=1|birdPhase=2|landings=2
fantail,arrival,7.844,-1.400,0.001,8.800,True,idle|wait=4.62|panic=0.00|target=1|speed=0.00|near=False|yaw=180.0|peeing=False|peeCooldown=125.1|aerial=False|glide=False|legs=0|activity=Watch|site=-1|visits=0|perch=1|birdPhase=2|landings=2
fantail,arrival,7.945,-1.400,0.001,8.800,True,idle|wait=4.51|panic=0.00|target=1|speed=0.00|near=False|yaw=180.0|peeing=False|peeCooldown=125.1|aerial=False|glide=False|legs=0|activity=Watch|site=-1|visits=0|perch=1|birdPhase=2|landings=2
